retriever,k,qpp_method,window_size,alpha,r,p1(r),tau,p1(tau),num_of_queries
bm25,4,spatial,2,0.0,0.4037614930131384,4.517046326188847e-05,0.24912280701754383,0.00032351427155757553,97
bm25,4,a_ratio,2,0.0,0.28828616161251697,0.004394638571430725,0.08026315789473683,0.2466700962299916,97
bm25,4,nqc,2,0.0,0.019703543426312253,0.8488828114964245,-0.008333333333333331,0.9042622467947524,97
bm25,4,spatial,2,0.02,0.4010472123997811,5.13670803152591e-05,0.25131578947368416,0.0002863369173575716,97
bm25,4,a_ratio,2,0.02,0.2877974933340641,0.004464792295983622,0.08026315789473683,0.2466700962299916,97
bm25,4,nqc,2,0.02,0.01963194492414344,0.8494254663449463,-0.008771929824561401,0.8992496118543148,97
bm25,4,spatial,2,0.04,0.39806623952108555,5.908081806752635e-05,0.25175438596491223,0.0002793989335345861,97
bm25,4,a_ratio,2,0.04,0.2871767474457207,0.004555345946717517,0.07982456140350876,0.24926153279470387,97
bm25,4,nqc,2,0.04,0.019557332644721814,0.849991037721056,-0.008333333333333331,0.9042622467947524,97
bm25,4,spatial,2,0.06,0.3948005810656948,6.876229306269072e-05,0.24912280701754383,0.00032351427155757553,97
bm25,4,a_ratio,2,0.06,0.2864078194574436,0.004669783445555646,0.08114035087719297,0.24154399271289795,97
bm25,4,nqc,2,0.06,0.019479512671010946,0.8505810047880132,-0.007017543859649122,0.9193222670955983,97
bm25,4,spatial,2,0.08,0.39123183736298905,8.101921862728764e-05,0.24868421052631576,0.0003314723440454529,97
bm25,4,a_ratio,2,0.08,0.2854729833719983,0.004812357161746636,0.07719298245614034,0.26520964851167916,97
bm25,4,nqc,2,0.08,0.019398274126560866,0.8511969764616909,-0.007894736842105262,0.9092786999029837,97
bm25,4,spatial,2,0.1,0.38734136335025937,9.667759289455783e-05,0.24912280701754383,0.00032351427155757553,97
bm25,4,a_ratio,2,0.1,0.2843528056784741,0.004988292415980966,0.07412280701754385,0.2846873538225777,97
bm25,4,nqc,2,0.1,0.019313387284851616,0.8518407059170909,-0.008333333333333331,0.9042622467947524,97
bm25,4,spatial,2,0.12,0.38311046557001904,0.00011686862431061063,0.243859649122807,0.00043197102860202826,97
bm25,4,a_ratio,2,0.12,0.2830260803110134,0.005204053297209541,0.07280701754385964,0.29332406919202725,97
bm25,4,nqc,2,0.12,0.01922460142062339,0.8525141070799188,-0.007894736842105262,0.9092786999029837,97
bm25,4,spatial,2,0.14,0.37852063757285426,0.00014315271536969427,0.23991228070175435,0.0005346547694821339,97
bm25,4,a_ratio,2,0.14,0.28146979435342684,0.00546768959481084,0.07719298245614034,0.26520964851167916,97
bm25,4,nqc,2,0.14,0.019131642361278525,0.8532192734265198,-0.007456140350877191,0.9142987729055279,97
bm25,4,spatial,2,0.16,0.37355383512395823,0.00017769684295598198,0.2421052631578947,0.00047509739036277217,97
bm25,4,a_ratio,2,0.16,0.279659136442416,0.005789291226263698,0.07456140350877193,0.2818470721414411,97
bm25,4,nqc,2,0.16,0.019034209688489623,0.8539584994769793,-0.005701754385964911,0.9344112837195322,97
bm25,4,spatial,2,0.18,0.36819279126356275,0.0002235288145979351,0.23903508771929818,0.0005603701088308085,97
bm25,4,a_ratio,2,0.18,0.27756756206877503,0.006181585199513211,0.06929824561403508,0.3172070960462492,97
bm25,4,nqc,2,0.18,0.01893197353047743,0.8547343054409354,-0.005263157894736841,0.9394464677531641,97
bm25,4,spatial,2,0.2,0.362421369527639,0.0002849019132331605,0.23421052631578942,0.0007236220598486794,97
bm25,4,a_ratio,2,0.2,0.27516693210456794,0.006660721400713501,0.07149122807017542,0.3021348758613446,97
bm25,4,nqc,2,0.2,0.018824570873588575,0.8555494655672693,-0.005263157894736841,0.9394464677531641,97
bm25,4,spatial,2,0.22,0.3562249514978316,0.000367817293430694,0.23114035087719292,0.0008494552777555434,97
bm25,4,a_ratio,2,0.22,0.2724277426034991,0.007247307838500746,0.06973684210526314,0.31415387247865256,97
bm25,4,nqc,2,0.22,0.018711601307267345,0.8564070408613744,-0.003947368421052631,0.954565748248739,97
bm25,4,spatial,2,0.24,0.3495908523588222,0.0004807701561622076,0.22807017543859645,0.0009953330568858061,97
bm25,4,a_ratio,2,0.24,0.26931946482477015,0.007967773737284262,0.07105263157894735,0.30511054817177896,97
bm25,4,nqc,2,0.24,0.018592622098575803,0.8573104169725628,-0.004385964912280701,0.9495239009595372,97
bm25,4,spatial,2,0.26,0.34250875538612063,0.0006358100613943608,0.22368421052631576,0.0012442476040664947,97
bm25,4,a_ratio,2,0.26,0.2658110139910414,0.00885615993137762,0.0719298245614035,0.2991785778062356,97
bm25,4,nqc,2,0.26,0.01846714247016501,0.8582633482266637,-0.004824561403508771,0.9444840737693221,97
bm25,4,spatial,2,0.28,0.33497115341169803,0.0008500360163276202,0.22368421052631576,0.0012442476040664947,97
bm25,4,a_ratio,2,0.28,0.26187136288027507,0.009956459280240316,0.06666666666666665,0.33593362539214777,97
bm25,4,nqc,2,0.28,0.018334616927855624,0.8592700089938416,-0.004385964912280701,0.9495239009595372,97
bm25,4,spatial,2,0.3,0.32697378252152415,0.0011476821451099747,0.21447368421052626,0.001964163707567382,97
bm25,4,a_ratio,2,0.3,0.25747031129289727,0.011325652418319208,0.06491228070175437,0.3488053465027995,97
bm25,4,nqc,2,0.3,0.01819443744921835,0.8603350538513199,-0.004824561403508771,0.9444840737693221,97
bm25,4,spatial,2,0.32,0.3185160307823525,0.0015629862319229393,0.21315789473684207,0.0020937133501945666,97
bm25,4,a_ratio,2,0.32,0.25257941410814805,0.013037600160139353,0.06140350877192981,0.37547457643725846,97
bm25,4,nqc,2,0.32,0.018045924300711086,0.8614636883407113,-0.005701754385964911,0.9344112837195322,97
bm25,4,spatial,2,0.34,0.30960130296692573,0.0021440635424458897,0.21096491228070172,0.002327155955166847,97
bm25,4,a_ratio,2,0.34,0.24717305863864641,0.015187952742026015,0.06096491228070175,0.37889460648753104,97
bm25,4,nqc,2,0.34,0.017888315195359578,0.8626617525509745,-0.005701754385964911,0.9344112837195322,97
bm25,4,spatial,2,0.36,0.3002373213493406,0.0029580184411496166,0.2039473684210526,0.00324348853932908,97
bm25,4,a_ratio,2,0.36,0.2412296663260417,0.017900200824858173,0.05877192982456139,0.3962806539115913,97
bm25,4,nqc,2,0.36,0.017720752432065348,0.8639358203085502,-0.005263157894736841,0.9394464677531641,97
bm25,4,spatial,2,0.38,0.2904363429521683,0.004097495455543239,0.20175438596491224,0.0035910585335480823,97
bm25,4,a_ratio,2,0.38,0.2347329751680165,0.02133289926744732,0.057894736842105256,0.4033678245111202,97
bm25,4,nqc,2,0.38,0.017542267566577535,0.8652933174635424,-0.004824561403508771,0.9444840737693221,97
bm25,4,spatial,2,0.4,0.2802152753512532,0.005688771435870792,0.18991228070175434,0.006123535868103072,97
bm25,4,a_ratio,2,0.4,0.2276733391645977,0.025687910958968316,0.05307017543859648,0.4436843656341547,97
bm25,4,nqc,2,0.4,0.01735176304644158,0.8667426636756156,-0.003508771929824561,0.9596094143193218,97
bm25,4,spatial,2,0.42,0.26959567637748527,0.007901289479716462,0.18289473684210522,0.008295385577532875,97
bm25,4,a_ratio,2,0.42,0.22004896200530694,0.031219212221468732,0.04912280701754385,0.47831687516260546,97
bm25,4,nqc,2,0.42,0.01714799008892323,0.8682934432954144,-0.003508771929824561,0.9596094143193218,97
bm25,4,spatial,2,0.44,0.25860362774186196,0.010958206517674705,0.17543859649122803,0.01133536481749997,97
bm25,4,a_ratio,2,0.44,0.21186696749505984,0.03824135308450016,0.05657894736842104,0.41413980228765324,97
bm25,4,nqc,2,0.44,0.01692952187971805,0.8699566125021223,-0.0026315789473684206,0.9697013964662655,97
bm25,4,spatial,2,0.46,0.24726947852523637,0.0151470629692868,0.16535087719298242,0.01700563515421435,97
bm25,4,a_ratio,2,0.46,0.20314420254397214,0.047136088874693775,0.057894736842105256,0.4033678245111202,97
bm25,4,nqc,2,0.46,0.016694720904115862,0.8717447519286831,-0.0026315789473684206,0.9697013964662655,97
bm25,4,spatial,2,0.48,0.23562746122418726,0.020829117083228106,0.15614035087719297,0.024218442010991905,97
bm25,4,a_ratio,2,0.48,0.19390767330995315,0.058355071198947325,0.05614035087719298,0.4177679396921836,97
bm25,4,nqc,2,0.48,0.016441698867247292,0.8736723767700466,-0.004385964912280701,0.9495239009595372,97
bm25,4,spatial,2,0.5,0.2237151900989926,0.028445308315993467,0.1508771929824561,0.029429833054879267,97
bm25,4,a_ratio,2,0.5,0.18419453342035075,0.07241597258982216,0.057456140350877184,0.4069396981346084,97
bm25,4,nqc,2,0.5,0.016168267182124524,0.8757563200910723,-0.004824561403508771,0.9444840737693221,97
bm25,4,spatial,2,0.52,0.21157305831662082,0.03851637706268704,0.14166666666666664,0.04088043032540512,97
bm25,4,a_ratio,2,0.52,0.17405157509946512,0.08988927599029056,0.05701754385964911,0.41053037262333025,97
bm25,4,nqc,2,0.52,0.015871875354792606,0.8780162101090251,-0.005701754385964911,0.9344112837195322,97
bm25,4,spatial,2,0.54,0.19924355620329598,0.05163457220780384,0.12719298245614033,0.06638202051764104,97
bm25,4,a_ratio,2,0.54,0.1635342167745483,0.11137348537254076,0.053508771929824554,0.4399267495231346,97
bm25,4,nqc,2,0.54,0.015549533704607613,0.8804750691694201,-0.007456140350877191,0.9142987729055279,97
bm25,4,spatial,2,0.56,0.18677053727458232,0.06844482038118828,0.11798245614035086,0.0885876276886421,97
bm25,4,a_ratio,2,0.56,0.15270502897107577,0.13745793293546996,0.0513157894736842,0.45889683919029467,97
bm25,4,nqc,2,0.56,0.015197715621350666,0.8831600717669125,-0.007894736842105262,0.9092786999029837,97
bm25,4,spatial,2,0.58,0.1741984612033672,0.08961432976769738,0.11184210526315788,0.1064690994825288,97
bm25,4,a_ratio,2,0.58,0.1416318868890117,0.16867466906141057,0.04605263157894736,0.5062430437149774,97
bm25,4,nqc,2,0.58,0.014812232826712124,0.8861035124753172,-0.008333333333333331,0.9042622467947524,97
bm25,4,spatial,2,0.6,0.16157164332628055,0.11579131644988458,0.10789473684210524,0.11940051826823819,97
bm25,4,a_ratio,2,0.6,0.13038587550461503,0.20544376188563923,0.04035087719298245,0.5602953155432289,97
bm25,4,nqc,2,0.6,0.014388074646196874,0.889344053827316,-0.011403508771929822,0.8692650265497066,97
bm25,4,spatial,2,0.62,0.1489335387088202,0.14755562606638947,0.09736842105263156,0.1599131949044269,97
bm25,4,a_ratio,2,0.62,0.11903909529470155,0.2480189765991085,0.041228070175438586,0.5518007900486419,97
bm25,4,nqc,2,0.62,0.013919198759780767,0.892928351735715,-0.012719298245614033,0.8543401854899793,97
bm25,4,spatial,2,0.64,0.13632608543041863,0.18536604544768806,0.08991228070175437,0.194374756294158,97
bm25,4,a_ratio,2,0.64,0.10766252049197005,0.2964423438538373,0.0381578947368421,0.5818046615742262,97
bm25,4,nqc,2,0.64,0.013398255747880547,0.8969131961434716,-0.011403508771929822,0.8692650265497066,97
bm25,4,spatial,2,0.66,0.12378912702073085,0.2295105394509522,0.08157894736842104,0.23900925247653326,97
bm25,4,a_ratio,2,0.66,0.09632404743090689,0.3505158237779885,0.03640350877192982,0.5992851921378115,97
bm25,4,nqc,2,0.66,0.01281622214305661,0.9013683637265508,-0.010526315789473682,0.8792412027606161,97
bm25,4,spatial,2,0.68,0.11135992838723827,0.2800660600934475,0.07368421052631577,0.2875469369380935,97
bm25,4,a_ratio,2,0.68,0.0850868415776615,0.40979591586745784,0.03552631578947368,0.6081137650403032,97
bm25,4,nqc,2,0.68,0.012161905306469503,0.9063804679027657,-0.010526315789473682,0.8792412027606161,97
bm25,4,spatial,2,0.7,0.09907279366164116,0.33687373879394794,0.06578947368421052,0.3423307995504531,97
bm25,4,a_ratio,2,0.7,0.07400805399803805,0.4736131406631794,0.03421052631578947,0.6214641103401906,97
bm25,4,nqc,2,0.7,0.011421266136157529,0.9120582254804082,-0.013596491228070173,0.8444188289548002,97
bm25,4,spatial,2,0.72,0.08695878866082488,0.39953328802537424,0.05657894736842104,0.41413980228765324,97
bm25,4,a_ratio,2,0.72,0.06313793777316193,0.5411138704866844,0.03157894736842105,0.6485384145930861,97
bm25,4,nqc,2,0.72,0.010576478916743896,0.918539765357981,-0.015350877192982452,0.8246514972992991,97
bm25,4,spatial,2,0.74,0.07504556552049063,0.46741770980245206,0.046929824561403495,0.49817762339289917,97
bm25,4,a_ratio,2,0.74,0.05251935800024998,0.6113182219934951,0.025438596491228066,0.7134944098591739,97
bm25,4,nqc,2,0.74,0.009604605868946188,0.9260029253757326,-0.013596491228070173,0.8444188289548002,97
bm25,4,spatial,2,0.76,0.06335728280823603,0.5397065238583012,0.03859649122807017,0.5774720519086318,97
bm25,4,a_ratio,2,0.76,0.042187659623079854,0.683185563290104,0.024122807017543855,0.7277082672725284,97
bm25,4,nqc,2,0.76,0.00847569786616191,0.9346799873326185,-0.013596491228070173,0.8444188289548002,97
bm25,4,spatial,2,0.78,0.051914611219327514,0.6154332863707476,0.03552631578947368,0.6081137650403032,97
bm25,4,a_ratio,2,0.78,0.03217083747029202,0.7556789724700428,0.023245614035087715,0.7372368386099444,97
bm25,4,nqc,2,0.78,0.007150027324971463,0.9448790951831717,-0.015789473684210523,0.8197264747302192,97
bm25,4,spatial,2,0.8,0.04073481284202245,0.6935416142248526,0.025877192982456138,0.7087781874777906,97
bm25,4,a_ratio,2,0.8,0.022489942676665986,0.827821448845034,0.013157894736842103,0.8493765252593968,97
bm25,4,nqc,2,0.8,0.005573991139634686,0.9570158457111282,-0.014912280701754382,0.8295834326185275,97
bm25,4,spatial,2,0.82,0.0298318808889203,0.772943451064397,0.019736842105263153,0.7757429796762659,97
bm25,4,a_ratio,2,0.82,0.013159657850030045,0.89873916146875,0.007456140350877191,0.9142987729055279,97
bm25,4,nqc,2,0.82,0.0036739588796370626,0.9716604216464043,-0.016666666666666663,0.8098979165995264,97
bm25,4,spatial,2,0.84,0.019216726593505477,0.8525738392444532,0.012719298245614033,0.8543401854899793,97
bm25,4,a_ratio,2,0.84,0.004188977867332855,0.967689759027786,0.0017543859649122805,0.9797982329262411,97
bm25,4,nqc,2,0.84,0.0013469585234617415,0.9896081920314888,-0.016666666666666663,0.8098979165995264,97
bm25,4,spatial,2,0.86,0.008897400491939753,0.9314377298787201,0.011842105263157893,0.8642846291310888,97
bm25,4,a_ratio,2,0.86,-0.004418058232324544,0.9659238563797344,-0.0026315789473684206,0.9697013964662655,97
bm25,4,nqc,2,0.86,-0.0015533507355751305,0.9880159825906347,-0.009210526315789471,0.8942409928983389,97
bm25,4,spatial,2,0.88,-0.0011206636406065479,0.9913539868820628,0.004385964912280701,0.9495239009595372,97
bm25,4,a_ratio,2,0.88,-0.012661628210376162,0.9025522204746649,-0.008333333333333331,0.9042622467947524,97
bm25,4,nqc,2,0.88,-0.005236984561658664,0.9596124359635461,-0.004385964912280701,0.9495239009595372,97
bm25,4,spatial,2,0.9,-0.010834392535963067,0.9165603658735072,-0.0017543859649122805,0.9797982329262411,97
bm25,4,a_ratio,2,0.9,-0.020545413460005657,0.842507514116399,-0.012719298245614033,0.8543401854899793,97
bm25,4,nqc,2,0.9,-0.010003148478861704,0.922941644237517,-0.010087719298245612,0.8842365917819822,97
bm25,4,spatial,2,0.92,-0.02024281362254407,0.8447978898219419,-0.005263157894736841,0.9394464677531641,97
bm25,4,a_ratio,2,0.92,-0.02807593454623844,0.7859781404706385,-0.014912280701754382,0.8295834326185275,97
bm25,4,nqc,2,0.92,-0.016256039337046717,0.875087276748993,-0.014473684210526314,0.8345220924714823,97
bm25,4,spatial,2,0.94,-0.02934679879617386,0.7765381727358364,-0.012719298245614033,0.8543401854899793,97
bm25,4,a_ratio,2,0.94,-0.03526194954570391,0.7330468058017395,-0.017105263157894735,0.8049947532982032,97
bm25,4,nqc,2,0.94,-0.024443252842764773,0.8131284700367264,-0.014035087719298244,0.8394672878457912,97
bm25,4,spatial,2,0.96,-0.0381488173399231,0.7121138738546879,-0.016666666666666663,0.8098979165995264,97
bm25,4,a_ratio,2,0.96,-0.042113922226069724,0.6837097805406703,-0.023684210526315787,0.7324673979091793,97
bm25,4,nqc,2,0.96,-0.03470414636483339,0.7371146632977489,-0.022368421052631576,0.7468059721962819,97
bm25,4,spatial,2,0.98,-0.04665270211536617,0.6517305737937226,-0.022807017543859644,0.7420164201662911,97
bm25,4,a_ratio,2,0.98,-0.04864356176003495,0.6378956465530856,-0.026315789473684206,0.7040731029869403,97
bm25,4,nqc,2,0.98,-0.04590963566770074,0.6569250187628619,-0.036842105263157884,0.5948927929379126,97
bm25,4,spatial,2,1.0,-0.05486343187011334,0.5954824325101384,-0.03026315789473684,0.6622548109405392,97
bm25,4,a_ratio,2,1.0,-0.05486343187011334,0.5954824325101384,-0.03026315789473684,0.6622548109405392,97
bm25,4,nqc,2,1.0,-0.05486343187011334,0.5954824325101384,-0.03026315789473684,0.6622548109405392,97
bm25,4,spatial,3,0.0,0.4037614930131384,4.517046326188847e-05,0.24912280701754383,0.00032351427155757553,97
bm25,4,a_ratio,3,0.0,0.28828616161251697,0.004394638571430725,0.08026315789473683,0.2466700962299916,97
bm25,4,nqc,3,0.0,0.019703543426312253,0.8488828114964245,-0.008333333333333331,0.9042622467947524,97
bm25,4,spatial,3,0.02,0.40409541653193054,4.4458275478579984e-05,0.25131578947368416,0.0002863369173575716,97
bm25,4,a_ratio,3,0.02,0.2904571508759005,0.004094709773617906,0.08245614035087717,0.23399620258604115,97
bm25,4,nqc,3,0.02,0.01984419201222322,0.8478170219775353,-0.008771929824561401,0.8992496118543148,97
bm25,4,spatial,3,0.04,0.4042776737637174,4.407399345689348e-05,0.25087719298245614,0.00029343605987257174,97
bm25,4,a_ratio,3,0.04,0.2926154587760004,0.0038147866328139017,0.08377192982456139,0.22661709055371193,97
bm25,4,nqc,3,0.04,0.019990651406947405,0.8467074909962842,-0.007456140350877191,0.9142987729055279,97
bm25,4,spatial,3,0.06,0.40429327920314906,4.40412344866486e-05,0.25087719298245614,0.00029343605987257174,97
bm25,4,a_ratio,3,0.06,0.29475105962058235,0.0035547740269425247,0.08859649122807016,0.20098361403964282,97
bm25,4,nqc,3,0.06,0.020143288506387427,0.8455514777921762,-0.007456140350877191,0.9142987729055279,97
bm25,4,spatial,3,0.08,0.40412648021436526,4.439255870911769e-05,0.25438596491228066,0.00024097016048905146,97
bm25,4,a_ratio,3,0.08,0.2968524506578712,0.003314526783550818,0.08991228070175437,0.194374756294158,97
bm25,4,nqc,3,0.08,0.02030250168521966,0.8443460085147956,-0.008333333333333331,0.9042622467947524,97
bm25,4,spatial,3,0.1,0.4037608195474813,4.51719103161573e-05,0.25131578947368416,0.0002863369173575716,97
bm25,4,a_ratio,3,0.1,0.29890651035750054,0.003093858796779242,0.08903508771929823,0.1987626865625428,97
bm25,4,nqc,3,0.1,0.02046872423838239,0.8430878509958871,-0.007456140350877191,0.9142987729055279,97
bm25,4,spatial,3,0.12,0.40317922200942535,4.643784617988519e-05,0.24999999999999994,0.0003081316971646934,97
bm25,4,a_ratio,3,0.12,0.30089835842198454,0.0028925552594557626,0.09035087719298243,0.19220763608948543,97
bm25,4,nqc,3,0.12,0.02064242828293622,0.8417734861851799,-0.007017543859649122,0.9193222670955983,97
bm25,4,spatial,3,0.14,0.40236410815144563,4.826783668205912e-05,0.25175438596491223,0.0002793989335345861,97
bm25,4,a_ratio,3,0.14,0.30281122304703495,0.0027103884999777534,0.09473684210526315,0.1715059874753988,97
bm25,4,nqc,3,0.14,0.020824129193574598,0.8403990757258206,-0.007017543859649122,0.9193222670955983,97
bm25,4,spatial,3,0.16,0.4012975375313417,5.076403279318613e-05,0.24824561403508766,0.00033961331260065896,97
bm25,4,a_ratio,3,0.16,0.3046263225984102,0.002547138015756055,0.09561403508771928,0.16757380578909498,97
bm25,4,nqc,3,0.16,0.021014390658662008,0.8389604250493977,-0.006140350877192982,0.9293787221862809,97
bm25,4,spatial,3,0.18,0.399961383590123,5.406104626048354e-05,0.24824561403508766,0.00033961331260065896,97
bm25,4,a_ratio,3,0.18,0.3063227707263447,0.002402615444824891,0.0995614035087719,0.15071347598911033,97
bm25,4,nqc,3,0.18,0.021213830460170335,0.8374529412547672,-0.005701754385964911,0.9344112837195322,97
bm25,4,spatial,3,0.2,0.39833754141718947,5.833650350809982e-05,0.2464912280701754,0.0003740846525535562,97
bm25,4,a_ratio,3,0.2,0.3078775159268862,0.0022766954355924298,0.10131578947368419,0.14364867455093713,97
bm25,4,nqc,3,0.2,0.02142312710097631,0.8358715848940464,-0.004824561403508771,0.9444840737693221,97
bm25,4,spatial,3,0.22,0.3964081686408759,6.38254325413665e-05,0.24429824561403507,0.00042177571212416556,97
bm25,4,a_ratio,3,0.22,0.3092653285610136,0.002169353688881334,0.0995614035087719,0.15071347598911033,97
bm25,4,nqc,3,0.22,0.021643027427559608,0.8342108146176541,-0.004824561403508771,0.9444840737693221,97
bm25,4,spatial,3,0.24,0.39415595836280726,7.083995848717238e-05,0.2478070175438596,0.00034794104688647836,97
bm25,4,a_ratio,3,0.24,0.3104588501692377,0.002080713891383372,0.1026315789473684,0.13851888045539576,97
bm25,4,nqc,3,0.24,0.021874355426337658,0.8324645234202338,-0.003070175438596491,0.9646546976352598,97
bm25,4,spatial,3,0.26,0.39156444146662883,7.979636120866567e-05,0.24692982456140347,0.000365172660687329,97
bm25,4,a_ratio,3,0.26,0.3114287213064604,0.002011105879487478,0.10219298245614034,0.14021289342862758,97
bm25,4,nqc,3,0.26,0.02211802240915467,0.8306259649710533,-0.003508771929824561,0.9596094143193218,97
bm25,4,spatial,3,0.28,0.3886183138133229,9.125234505842503e-05,0.24868421052631576,0.0003314723440454529,97
bm25,4,a_ratio,3,0.28,0.31214380472334957,0.0019611382212929213,0.10087719298245612,0.1453906019949319,97
bm25,4,nqc,3,0.28,0.02237503884968657,0.8286876681933003,-0.003947368421052631,0.954565748248739,97
bm25,4,spatial,3,0.3,0.3853037818582254,0.00010595845900227256,0.24429824561403507,0.00042177571212416556,97
bm25,4,a_ratio,3,0.3,0.31257152011957046,0.0019317895469744117,0.09999999999999998,0.1489229247512205,97
bm25,4,nqc,3,0.3,0.022646528190186033,0.8266413378608347,-0.003508771929824561,0.9596094143193218,97
bm25,4,spatial,3,0.32,0.3816089181956635,0.0001249290731636959,0.24254385964912276,0.00046395436170867623,97
bm25,4,a_ratio,3,0.32,0.3126783044327118,0.0019245244666423098,0.10175438596491226,0.1419227981547235,97
bm25,4,nqc,3,0.32,0.022933743010273983,0.8244777384866944,-0.004824561403508771,0.9444840737693221,97
bm25,4,spatial,3,0.34,0.3775240165965727,0.0001495402649373734,0.237719298245614,0.0006011104754053054,97
bm25,4,a_ratio,3,0.34,0.31243020726158194,0.0019414418665640021,0.09999999999999998,0.1489229247512205,97
bm25,4,nqc,3,0.34,0.023238084040591522,0.8221865581584104,-0.005263157894736841,0.9394464677531641,97
bm25,4,spatial,3,0.36,0.37304193442093025,0.00018166449440515118,0.23684210526315785,0.0006297844386530204,97
bm25,4,a_ratio,3,0.36,0.3117936242121712,0.001985465835527608,0.09780701754385963,0.15804007107697238,97
bm25,4,nqc,3,0.36,0.02356112261965103,0.8197562481940148,-0.003947368421052631,0.954565748248739,97
bm25,4,spatial,3,0.38,0.3681584090447889,0.00022385513309266313,0.23114035087719292,0.0008494552777555434,97
bm25,4,a_ratio,3,0.38,0.31073616157272277,0.0020605924753316295,0.10921052631578945,0.11495986919059359,97
bm25,4,nqc,3,0.38,0.023904627339586496,0.817173833502794,-0.005263157894736841,0.9394464677531641,97
bm25,4,spatial,3,0.4,0.3628723343232966,0.0002795977687110165,0.22675438596491226,0.0010646851601117014,97
bm25,4,a_ratio,3,0.4,0.3092276139881004,0.002172209347598134,0.10657894736842104,0.12397445778654012,97
bm25,4,nqc,3,0.4,0.02427059581570773,0.8144246872721889,-0.004385964912280701,0.9495239009595372,97
bm25,4,spatial,3,0.42,0.35718598327526646,0.0003536496340719022,0.2171052631578947,0.0017268729312904809,97
bm25,4,a_ratio,3,0.42,0.30724102338963016,0.0023275081120505206,0.10175438596491226,0.1419227981547235,97
bm25,4,nqc,3,0.42,0.024661292759307382,0.8114922619828644,-0.004385964912280701,0.9495239009595372,97
bm25,4,spatial,3,0.44,0.3511051642323409,0.00045249318179271125,0.20921052631578946,0.002530815422866084,97
bm25,4,a_ratio,3,0.44,0.304753773547666,0.0025360145821415442,0.09999999999999998,0.1489229247512205,97
bm25,4,nqc,3,0.44,0.025079295851501454,0.8083577666629684,-0.003070175438596491,0.9646546976352598,97
bm25,4,spatial,3,0.46,0.3446392996868222,0.0005849341078942497,0.20789473684210524,0.002694118757519195,97
bm25,4,a_ratio,3,0.46,0.3017486619520097,0.002810263151380928,0.10219298245614034,0.14021289342862758,97
bm25,4,nqc,3,0.46,0.025527551333321685,0.8049997775758834,-0.003947368421052631,0.954565748248739,97
bm25,4,spatial,3,0.48,0.3378014199502888,0.0007628769431524996,0.20614035087719296,0.0029268376346768604,97
bm25,4,a_ratio,3,0.48,0.29821488133229723,0.003166643004035596,0.10350877192982455,0.13517820748791037,97
bm25,4,nqc,3,0.48,0.026009441778975934,0.8013937659814294,-0.003070175438596491,0.9646546976352598,97
bm25,4,spatial,3,0.5,0.33060806735897197,0.0010023110928611707,0.20087719298245613,0.0037393284863613424,97
bm25,4,a_ratio,3,0.5,0.2941488390878699,0.003626439779817388,0.10350877192982455,0.13517820748791037,97
bm25,4,nqc,3,0.5,0.026528869254277485,0.7975115219286282,-0.003070175438596491,0.9646546976352598,97
bm25,4,spatial,3,0.52,0.32307911090121927,0.0013245348226458048,0.1960526315789473,0.004658897081724128,97
bm25,4,a_ratio,3,0.52,0.2895547459096505,0.004217085888706613,0.09999999999999998,0.1489229247512205,97
bm25,4,nqc,3,0.52,0.02709035805011685,0.7933204468262479,-0.0026315789473684206,0.9697013964662655,97
bm25,4,spatial,3,0.54,0.3152374754971825,0.0017576317479637202,0.1951754385964912,0.004846583300035788,97
bm25,4,a_ratio,3,0.54,0.2844449158249899,0.004973612635540133,0.09473684210526315,0.1715059874753988,97
bm25,4,nqc,3,0.54,0.027699182520377147,0.7887826792363585,-0.0026315789473684206,0.9697013964662655,97
bm25,4,spatial,3,0.56,0.30710879439085204,0.0023381915796367044,0.19035087719298244,0.0060065708523342936,97
bm25,4,a_ratio,3,0.56,0.2788397384706699,0.0059402652421524805,0.09692982456140349,0.16180305747112322,97
bm25,4,nqc,3,0.56,0.028361527387172458,0.7838540071616583,-0.0026315789473684206,0.9697013964662655,97
bm25,4,spatial,3,0.58,0.29872099687877357,0.003113232705608088,0.18421052631578944,0.007842044522710973,97
bm25,4,a_ratio,3,0.58,0.27276730894746737,0.0071721967715116025,0.09736842105263156,0.1599131949044269,97
bm25,4,nqc,3,0.58,0.02908469041049637,0.7784825049464473,-0.003947368421052631,0.954565748248739,97
bm25,4,spatial,3,0.6,0.29010384659641564,0.004142238878825742,0.175,0.011541673254595812,97
bm25,4,a_ratio,3,0.6,0.2662627282852691,0.008737100878673902,0.09736842105263156,0.1599131949044269,97
bm25,4,nqc,3,0.6,0.029877340857780627,0.7726068122259643,-0.004385964912280701,0.9495239009595372,97
bm25,4,spatial,3,0.62,0.28128844758515875,0.005499168746172451,0.16973684210526313,0.01428996478556036,97
bm25,4,a_ratio,3,0.62,0.2593671147641601,0.010716582702748403,0.09912280701754383,0.15252039009651644,97
bm25,4,nqc,3,0.62,0.030749852201206976,0.7661539439380162,-0.0026315789473684206,0.9697013964662655,97
bm25,4,spatial,3,0.64,0.2723067362439286,0.007274241449174529,0.15921052631578944,0.02156410311246367,97
bm25,4,a_ratio,3,0.64,0.2521263894392565,0.013207013693771854,0.09649122807017542,0.1637097319480596,97
bm25,4,nqc,3,0.64,0.03171473458935917,0.7590364811554668,-0.005701754385964911,0.9344112837195322,97
bm25,4,spatial,3,0.66,0.26319097701418104,0.009575253610429074,0.15526315789473683,0.025027037161781087,97
bm25,4,a_ratio,3,0.66,0.24458991520077544,0.016319585609189956,0.09649122807017542,0.1637097319480596,97
bm25,4,nqc,3,0.66,0.0327872028984631,0.751148938092125,-0.004824561403508771,0.9444840737693221,97
bm25,4,spatial,3,0.68,0.2539732783467741,0.012528154474874683,0.1482456140350877,0.03237920648866719,97
bm25,4,a_ratio,3,0.68,0.23680907578487506,0.020179288325836736,0.09122807017543857,0.18792678491316706,97
bm25,4,nqc,3,0.68,0.03398593110299018,0.7423630252162451,-0.003508771929824561,0.9596094143193218,97
bm25,4,spatial,3,0.7,0.24468514333419575,0.016276608626682832,0.13947368421052628,0.04410533540463598,97
bm25,4,a_ratio,3,0.7,0.2288358790554223,0.024922598536008943,0.09122807017543857,0.18792678491316706,97
bm25,4,nqc,3,0.7,0.03533406564674006,0.7325214244270444,-0.0026315789473684206,0.9697013964662655,97
bm25,4,spatial,3,0.72,0.23535706660191866,0.020980318428339185,0.12982456140350873,0.06095550235659266,97
bm25,4,a_ratio,3,0.72,0.22072165875107957,0.03069378513751462,0.08815789473684209,0.20322259307674062,97
bm25,4,nqc,3,0.72,0.03686060295840077,0.7214295511400676,0.0008771929824561403,0.9898983068920344,97
bm25,4,spatial,3,0.74,0.22601818590653844,0.026811964005032773,0.12587719298245612,0.06924102024309887,97
bm25,4,a_ratio,3,0.74,0.21251593294244475,0.037639901580265527,0.08640350877192982,0.21236013506761187,97
bm25,4,nqc,3,0.74,0.038602284425311065,0.7088445934745976,-0.0013157894736842103,0.984847966341271,97
bm25,4,spatial,3,0.76,0.21669599365009798,0.03395274195198826,0.1232456140350877,0.07526253851373939,97
bm25,4,a_ratio,3,0.76,0.20426545839436597,0.04590472074583861,0.08245614035087717,0.23399620258604115,97
bm25,4,nqc,3,0.76,0.04060623324957821,0.6944608966240778,-0.00043859649122807013,0.9949490522405066,97
bm25,4,spatial,3,0.78,0.20741611042354813,0.04258663119355316,0.11622807017543857,0.09343036497045672,97
bm25,4,a_ratio,3,0.78,0.19601350056803185,0.055622039621989694,0.08026315789473683,0.2466700962299916,97
bm25,4,nqc,3,0.78,0.04293366033905349,0.6778905494214614,0.003508771929824561,0.9596094143193218,97
bm25,4,spatial,3,0.8,0.19820211992295525,0.052893665134703824,0.10482456140350875,0.13028435883805162,97
bm25,4,a_ratio,3,0.8,0.18779932134465654,0.06690890356186945,0.07456140350877193,0.2818470721414411,97
bm25,4,nqc,3,0.8,0.04566510617589499,0.6586380038368301,0.003070175438596491,0.9646546976352598,97
bm25,4,spatial,3,0.82,0.1890754622669577,0.06504262012791431,0.09868421052631578,0.1543437435330081,97
bm25,4,a_ratio,3,0.82,0.17965787220770685,0.07985934650283835,0.07543859649122805,0.2762243427517541,97
bm25,4,nqc,3,0.82,0.048907845617767384,0.6360682410627744,0.006140350877192982,0.9293787221862809,97
bm25,4,spatial,3,0.84,0.1800553809513718,0.07918361999907701,0.09605263157894735,0.16563329080372124,97
bm25,4,a_ratio,3,0.84,0.1716196703104001,0.09453920358280143,0.07105263157894735,0.30511054817177896,97
bm25,4,nqc,3,0.84,0.05280615642173657,0.6093708738249324,0.010526315789473682,0.8792412027606161,97
bm25,4,spatial,3,0.86,0.17115891742163117,0.09544119008703432,0.09210526315789472,0.18371670779212068,97
bm25,4,a_ratio,3,0.86,0.1637108286292262,0.11098243427615162,0.06578947368421052,0.3423307995504531,97
bm25,4,nqc,3,0.86,0.057554717191421884,0.5775317118409857,0.014035087719298244,0.8394672878457912,97
bm25,4,spatial,3,0.88,0.1624009464979694,0.11390826660020624,0.08508771929824559,0.2194054884189932,97
bm25,4,a_ratio,3,0.88,0.15595320881807986,0.12918922131179242,0.06271929824561404,0.36532940366389033,97
bm25,4,nqc,3,0.88,0.06341296613983936,0.5393495394542019,0.017543859649122803,0.8000992472254054,97
bm25,4,spatial,3,0.9,0.15379424559297644,0.134641582990605,0.07763157894736841,0.2625039156547271,97
bm25,4,a_ratio,3,0.9,0.14836466570011544,0.14912591567631547,0.0600877192982456,0.3857919467847981,97
bm25,4,nqc,3,0.9,0.07070883071574427,0.4936061877819268,0.022807017543859644,0.7420164201662911,97
bm25,4,spatial,3,0.92,0.14534959073914053,0.15765872813318071,0.07105263157894735,0.30511054817177896,97
bm25,4,a_ratio,3,0.92,0.14095935473316648,0.1707267135884855,0.06228070175438596,0.36869194739779565,97
bm25,4,nqc,3,0.92,0.07978812366127876,0.43966845127959986,0.033333333333333326,0.6304344442905402,97
bm25,4,spatial,3,0.94,0.13707587281024233,0.1829370205262139,0.06710526315789472,0.33276408177138295,97
bm25,4,a_ratio,3,0.94,0.1337480774636265,0.19389680325474976,0.061842105263157886,0.37207368058280677,97
bm25,4,nqc,3,0.94,0.09076967505611754,0.37911674817531044,0.04078947368421052,0.5560401381487439,97
bm25,4,spatial,3,0.96,0.12898022789142266,0.21041418919176214,0.06228070175438596,0.36869194739779565,97
bm25,4,a_ratio,3,0.96,0.12673864426852893,0.21851662244549555,0.05438596491228069,0.43246655672176115,97
bm25,4,nqc,3,0.96,0.10276375490680205,0.3190916687581555,0.05394736842105262,0.43618745997398134,97
bm25,4,spatial,3,0.98,0.12106817645199072,0.23999071400702196,0.0557017543859649,0.42141473565239995,97
bm25,4,a_ratio,3,0.98,0.11993623806021092,0.244446826012197,0.05438596491228069,0.43246655672176115,97
bm25,4,nqc,3,0.98,0.1123179037508056,0.27592368299245656,0.03859649122807017,0.5774720519086318,97
bm25,4,spatial,3,1.0,0.11334376673750736,0.2715335695809608,0.0513157894736842,0.45889683919029467,97
bm25,4,a_ratio,3,1.0,0.11334376673750736,0.2715335695809608,0.0513157894736842,0.45889683919029467,97
bm25,4,nqc,3,1.0,0.11334376673750736,0.2715335695809608,0.0513157894736842,0.45889683919029467,97
bm25,4,spatial,4,0.0,0.4037614930131384,4.517046326188847e-05,0.24912280701754383,0.00032351427155757553,97
bm25,4,a_ratio,4,0.0,0.28828616161251697,0.004394638571430725,0.08026315789473683,0.2466700962299916,97
bm25,4,nqc,4,0.0,0.019703543426312253,0.8488828114964245,-0.008333333333333331,0.9042622467947524,97
bm25,4,spatial,4,0.02,0.4051202339673414,4.2337436504267496e-05,0.25175438596491223,0.0002793989335345861,97
bm25,4,a_ratio,4,0.02,0.2919407726067473,0.003900394406195365,0.0820175438596491,0.2364933356716986,97
bm25,4,nqc,4,0.02,0.019955713535184313,0.8469721424129404,-0.008771929824561401,0.8992496118543148,97
bm25,4,spatial,4,0.04,0.40637322229263584,3.987272067242414e-05,0.2526315789473684,0.00026599295941046356,97
bm25,4,a_ratio,4,0.04,0.2956467783142433,0.003450525166144085,0.08552631578947366,0.21703863010225988,97
bm25,4,nqc,4,0.04,0.020218354340662575,0.8449830785966935,-0.007894736842105262,0.9092786999029837,97
bm25,4,spatial,4,0.06,0.4075088539564711,3.775522127823742e-05,0.25131578947368416,0.0002863369173575716,97
bm25,4,a_ratio,4,0.06,0.2993971430974453,0.0030431403161052415,0.0894736842105263,0.19655975339001297,97
bm25,4,nqc,4,0.06,0.02049213046931854,0.8429107181262048,-0.007456140350877191,0.9142987729055279,97
bm25,4,spatial,4,0.08,0.4085149337056402,3.596748394093506e-05,0.25482456140350873,0.00023506899651749467,97
bm25,4,a_ratio,4,0.08,0.30318338708652126,0.0026761691091756346,0.09166666666666666,0.1858129309168033,97
bm25,4,nqc,4,0.08,0.020777763890036924,0.8407497438842655,-0.007017543859649122,0.9193222670955983,97
bm25,4,spatial,4,0.1,0.40937871294923145,3.449601712544963e-05,0.2552631578947368,0.00022930364440164065,97
bm25,4,a_ratio,4,0.1,0.3069954114662879,0.002347387537320138,0.09210526315789472,0.18371670779212068,97
bm25,4,nqc,4,0.1,0.021076040220196657,0.8384943789037207,-0.007017543859649122,0.9193222670955983,97
bm25,4,spatial,4,0.12,0.41008694189972716,3.333170269947556e-05,0.256578947368421,0.00021279374076250973,97
bm25,4,a_ratio,4,0.12,0.3108213162655876,0.0020544490839885035,0.09517543859649122,0.16953134792266555,97
bm25,4,nqc,4,0.12,0.021387815880736044,0.836138335860456,-0.006578947368421051,0.9243489833566951,97
bm25,4,spatial,4,0.14,0.41062593745917486,3.247032687575522e-05,0.2552631578947368,0.00022930364440164065,97
bm25,4,a_ratio,4,0.14,0.31464721449955274,0.0017949185549743791,0.09912280701754383,0.15252039009651644,97
bm25,4,nqc,4,0.14,0.021714026236122827,0.8336747598050324,-0.007017543859649122,0.9193222670955983,97
bm25,4,spatial,4,0.16,0.4109816681695918,3.191327412873071e-05,0.25921052631578945,0.00018306667264307222,97
bm25,4,a_ratio,4,0.16,0.3184570480512515,0.001566308083891063,0.10789473684210524,0.11940051826823819,97
bm25,4,nqc,4,0.16,0.02205569488067309,0.8310961630608746,-0.006140350877192982,0.9293787221862809,97
bm25,4,spatial,4,0.18,0.41113985728452496,3.1668440046509894e-05,0.25964912280701746,0.0001785089263106937,97
bm25,4,a_ratio,4,0.18,0.3222324124957912,0.001366114267775173,0.10877192982456138,0.11642541877279129,97
bm25,4,nqc,4,0.18,0.022413944263540805,0.8283943510198386,-0.004824561403508771,0.9444840737693221,97
bm25,4,spatial,4,0.2,0.4110861046501191,3.175143700194023e-05,0.2539473684210526,0.0002470100935230778,97
bm25,4,a_ratio,4,0.2,0.32595240014353927,0.0011918553042880977,0.11403508771929823,0.09977996424599991,97
bm25,4,nqc,4,0.2,0.02279000788236478,0.825560337327507,-0.003947368421052631,0.954565748248739,97
bm25,4,spatial,4,0.22,0.41080602760171525,3.218719061743963e-05,0.2552631578947368,0.00022930364440164065,97
bm25,4,a_ratio,4,0.22,0.32959347284604873,0.0010411069904518336,0.11710526315789471,0.09098308908453943,97
bm25,4,nqc,4,0.22,0.023185244321699786,0.8225842466611406,-0.003947368421052631,0.954565748248739,97
bm25,4,spatial,4,0.24,0.4102854204834235,3.3012057423103126e-05,0.25307017543859645,0.0002595183880458877,97
bm25,4,a_ratio,4,0.24,0.3331293784501692,0.0009115365151933508,0.118859649122807,0.08624325957567905,97
bm25,4,nqc,4,0.24,0.02360115346914582,0.8194552029503221,-0.003947368421052631,0.954565748248739,97
bm25,4,spatial,4,0.26,0.40951043168879414,3.4276637743014887e-05,0.2495614035087719,0.00031573529791605395,97
bm25,4,a_ratio,4,0.26,0.3365311270148579,0.0008009331394178707,0.1219298245614035,0.07842990329741044,97
bm25,4,nqc,4,0.26,0.024039395312308046,0.8161612004586021,-0.003947368421052631,0.954565748248739,97
bm25,4,spatial,4,0.28,0.4084677563149949,3.604951647600764e-05,0.2478070175438596,0.00034794104688647836,97
bm25,4,a_ratio,4,0.28,0.3397670447522315,0.0007072351058551224,0.1219298245614035,0.07842990329741044,97
bm25,4,nqc,4,0.28,0.02450181180698409,0.8126889546139893,-0.003508771929824561,0.9596094143193218,97
bm25,4,spatial,4,0.3,0.4071448416463082,3.842224298054425e-05,0.24342105263157887,0.00044239606192260735,97
bm25,4,a_ratio,4,0.3,0.34280292476434227,0.0006285524472866094,0.1219298245614035,0.07842990329741044,97
bm25,4,nqc,4,0.3,0.02499045241598523,0.8090237288214841,-0.003070175438596491,0.9646546976352598,97
bm25,4,spatial,4,0.32,0.40553010177192916,4.1515966010608567e-05,0.24429824561403507,0.00042177571212416556,97
bm25,4,a_ratio,4,0.32,0.34560229358755945,0.0005631857509715537,0.1232456140350877,0.07526253851373939,97
bm25,4,nqc,4,0.32,0.025507604054924846,0.8051491326797617,-0.0017543859649122805,0.9797982329262411,97
bm25,4,spatial,4,0.34,0.4036131367459867,4.5490278432285074e-05,0.23728070175438593,0.0006152920473840185,97
bm25,4,a_ratio,4,0.34,0.3481268108461155,0.0005096413712957783,0.11929824561403506,0.08509000988854595,97
bm25,4,nqc,4,0.34,0.026055826354267966,0.8010468860144639,-0.0008771929824561403,0.9898983068920344,97
bm25,4,spatial,4,0.36,0.4013849508721121,5.0555008810630156e-05,0.23333333333333328,0.0007576829079550207,97
bm25,4,a_ratio,4,0.36,0.3503368154803513,0.00046664404520637445,0.11754385964912278,0.08977892662724705,97
bm25,4,nqc,4,0.36,0.026637993366750573,0.7966965418780007,-0.0008771929824561403,0.9898983068920344,97
bm25,4,spatial,4,0.38,0.39883816400492333,5.698593400546425e-05,0.23157894736842102,0.0008303144784156731,97
bm25,4,a_ratio,4,0.38,0.3521920256692554,0.00043314834488700313,0.118859649122807,0.08624325957567905,97
bm25,4,nqc,4,0.38,0.027257343130369302,0.7920751600800804,-0.0017543859649122805,0.9797982329262411,97
bm25,4,spatial,4,0.4,0.39596720927279117,6.514569086424448e-05,0.23157894736842102,0.0008303144784156731,97
bm25,4,a_ratio,4,0.4,0.35365239052901004,0.0004083508981771645,0.11929824561403506,0.08509000988854595,97
bm25,4,nqc,4,0.4,0.027917536858997352,0.7871569208117626,-0.004385964912280701,0.9495239009595372,97
bm25,4,spatial,4,0.42,0.3927685104026887,7.551154815575136e-05,0.23070175438596488,0.000869004617248621,97
bm25,4,a_ratio,4,0.42,0.3546790800850349,0.00039170583061082817,0.12280701754385961,0.07630651637729123,97
bm25,4,nqc,4,0.42,0.028622730001728894,0.7819126653883332,-0.003070175438596491,0.9646546976352598,97
bm25,4,spatial,4,0.44,0.389240631920858,8.871217220669282e-05,0.23070175438596488,0.000869004617248621,97
bm25,4,a_ratio,4,0.44,0.35523558647316733,0.0003829464571685653,0.12236842105263156,0.0773622745902155,97
bm25,4,nqc,4,0.44,0.029377658024502235,0.7763093479037577,-0.003070175438596491,0.9646546976352598,97
bm25,4,spatial,4,0.46,0.38538439594718765,0.00010557608605336872,0.22543859649122802,0.0011384845622564176,97
bm25,4,a_ratio,4,0.46,0.35528889492730986,0.00038211690910666706,0.12368421052631577,0.07423025092161463,97
bm25,4,nqc,4,0.46,0.030187740573395627,0.7703093774530554,-0.0017543859649122805,0.9797982329262411,97
bm25,4,spatial,4,0.48,0.3812029601079909,0.0001271951767148127,0.21535087719298243,0.0018819302596192753,97
bm25,4,a_ratio,4,0.48,0.35481066945290257,0.00038961815401308624,0.12499999999999997,0.07120263020819867,97
bm25,4,nqc,4,0.48,0.031059208747898026,0.7638698252623968,-0.0013157894736842103,0.984847966341271,97
bm25,4,spatial,4,0.5,0.3767018522452215,0.00015500732571035496,0.21359649122807012,0.0020496840923188192,97
bm25,4,a_ratio,4,0.5,0.35377838712286797,0.0004062737740224606,0.12061403508771927,0.08170491462400999,97
bm25,4,nqc,4,0.5,0.03199926164241422,0.7569414642063177,-0.0008771929824561403,0.9898983068920344,97
bm25,4,spatial,4,0.52,0.37188895905421837,0.00019090297592654247,0.20350877192982453,0.003310447205982754,97
bm25,4,a_ratio,4,0.52,0.35217634870840175,0.00043342189137187786,0.1232456140350877,0.07526253851373939,97
bm25,4,nqc,4,0.52,0.03301626024442976,0.7494675993081158,-0.0008771929824561403,0.9898983068920344,97
bm25,4,spatial,4,0.54,0.366774467463594,0.0002373611203754049,0.1960526315789473,0.004658897081724128,97
bm25,4,a_ratio,4,0.54,0.349996493625814,0.0004730406926002464,0.12280701754385961,0.07630651637729123,97
bm25,4,nqc,4,0.54,0.03411996940779248,0.7413826362871797,-0.00043859649122807013,0.9949490522405066,97
bm25,4,spatial,4,0.56,0.36137075938290836,0.00029762067922559576,0.19078947368421048,0.005891622551225342,97
bm25,4,a_ratio,4,0.56,0.34723895499391944,0.0005279159267795927,0.11842105263157893,0.08740910208359153,97
bm25,4,nqc,4,0.56,0.03532186223895056,0.7326103202277798,0.00043859649122807013,0.9949490522405066,97
bm25,4,spatial,4,0.58,0.3556922622744715,0.0003758933470966632,0.18289473684210522,0.008295385577532875,97
bm25,4,a_ratio,4,0.58,0.34391230595288674,0.0006018592344535283,0.11842105263157893,0.08740910208359153,97
bm25,4,nqc,4,0.58,0.03663550626703371,0.7230615569793135,0.0013157894736842103,0.984847966341271,97
bm25,4,spatial,4,0.6,0.3497552597377297,0.00047762352487679675,0.175,0.011541673254595812,97
bm25,4,a_ratio,4,0.6,0.34003347006837564,0.0006999857493123332,0.11842105263157893,0.08740910208359153,97
bm25,4,nqc,4,0.6,0.038077057844291815,0.7126317047291532,0.00043859649122807013,0.9949490522405066,97
bm25,4,spatial,4,0.62,0.3435776678167416,0.0006097996518031885,0.17149122807017542,0.013315695610410695,97
bm25,4,a_ratio,4,0.62,0.3356272942674152,0.0008290575157907525,0.11535087719298244,0.09593017536365477,97
bm25,4,nqc,4,0.62,0.03966590128433506,0.7011971909604885,0.0,1.0,97
bm25,4,spatial,4,0.64,0.3371787839583138,0.0007813188783515323,0.16359649122807016,0.01821275950357213,97
bm25,4,a_ratio,4,0.64,0.3307258091751607,0.000997895229877578,0.11403508771929823,0.09977996424599991,97
bm25,4,nqc,4,0.64,0.04142548372081513,0.688611269523644,-0.0008771929824561403,0.9898983068920344,97
bm25,4,spatial,4,0.66,0.33057901639060683,0.0010034033724592951,0.1535087719298245,0.026714571474982324,97
bm25,4,a_ratio,4,0.66,0.32536722557413067,0.0012178540686036802,0.10789473684210524,0.11940051826823819,97
bm25,4,nqc,4,0.66,0.04338441774782725,0.6746986835418534,0.0,1.0,97
bm25,4,spatial,4,0.68,0.3237996021206471,0.0012900615468401369,0.14429824561403506,0.037276435612080196,97
bm25,4,a_ratio,4,0.68,0.3195947340297924,0.0015033496693535,0.10350877192982455,0.13517820748791037,97
bm25,4,nqc,4,0.68,0.045577954971175366,0.6592489448463602,0.0008771929824561403,0.9898983068920344,97
bm25,4,spatial,4,0.7,0.31686232175858153,0.0016585812301547285,0.14122807017543856,0.041508925271761435,97
bm25,4,a_ratio,4,0.7,0.31345518550721596,0.0018724079822516346,0.09692982456140349,0.16180305747112322,97
bm25,4,nqc,4,0.7,0.04804997993062922,0.6420078891326714,0.004385964912280701,0.9495239009595372,97
bm25,4,spatial,4,0.72,0.3097892189929279,0.0021300346156164548,0.1333333333333333,0.05429672191249564,97
bm25,4,a_ratio,4,0.72,0.3069977332920219,0.0023471988986042587,0.0995614035087719,0.15071347598911033,97
bm25,4,nqc,4,0.72,0.05085574368430619,0.6226671442823946,0.003070175438596491,0.9646546976352598,97
bm25,4,spatial,4,0.74,0.3026023318174146,0.0027297673137681457,0.12719298245614033,0.06638202051764104,97
bm25,4,a_ratio,4,0.74,0.30027251125710414,0.0029545003126660563,0.09736842105263156,0.1599131949044269,97
bm25,4,nqc,4,0.74,0.054065662465146686,0.600851221918998,0.004824561403508771,0.9444840737693221,97
bm25,4,spatial,4,0.76,0.2953234416193785,0.00348783687271359,0.12499999999999997,0.07120263020819867,97
bm25,4,a_ratio,4,0.76,0.2933294120566002,0.0037260293825505334,0.10175438596491226,0.1419227981547235,97
bm25,4,nqc,4,0.76,0.0577706686143066,0.5761022609293069,0.009649122807017543,0.8892365872632643,97
bm25,4,spatial,4,0.78,0.2879738450662266,0.004439360749044381,0.11666666666666664,0.09220020518291383,97
bm25,4,a_ratio,4,0.78,0.2862170133763189,0.004698574222404371,0.09649122807017542,0.1637097319480596,97
bm25,4,nqc,4,0.78,0.06208984601447658,0.5478633642445867,0.014035087719298244,0.8394672878457912,97
bm25,4,spatial,4,0.8,0.28057415245745376,0.005624730999546225,0.10877192982456138,0.11642541877279129,97
bm25,4,a_ratio,4,0.8,0.2789816832799918,0.00591386456202401,0.08728070175438594,0.2077549299013257,97
bm25,4,nqc,4,0.8,0.06718144283486424,0.5154637640928439,0.017982456140350874,0.7952115822983997,97
bm25,4,spatial,4,0.82,0.27314411492748747,0.00708965386498442,0.09692982456140349,0.16180305747112322,97
bm25,4,a_ratio,4,0.82,0.2716668790740145,0.007418135208472683,0.08421052631578946,0.2241946713631342,97
bm25,4,nqc,4,0.82,0.07325884255470914,0.4781144850293901,0.021052631578947364,0.7612327300879478,97
bm25,4,spatial,4,0.84,0.2657024816608936,0.008884977552361907,0.09473684210526315,0.1715059874753988,97
bm25,4,a_ratio,4,0.84,0.264312639568393,0.009261360688491455,0.07894736842105261,0.25450134933128055,97
bm25,4,nqc,4,0.84,0.08061357409682121,0.43493557278929457,0.022368421052631576,0.7468059721962819,97
bm25,4,spatial,4,0.86,0.2582668871730086,0.011066281019271842,0.08859649122807016,0.20098361403964282,97
bm25,4,a_ratio,4,0.86,0.2569552591127404,0.011496170464277849,0.07368421052631577,0.2875469369380935,97
bm25,4,nqc,4,0.86,0.08964730606328608,0.38506309580688913,0.03026315789473684,0.6622548109405392,97
bm25,4,spatial,4,0.88,0.25085376775611185,0.013693209966524634,0.08157894736842104,0.23900925247653326,97
bm25,4,a_ratio,4,0.88,0.24962712370693904,0.014176487231481023,0.07149122807017542,0.3021348758613446,97
bm25,4,nqc,4,0.88,0.10091136851386517,0.32793902429818184,0.03421052631578947,0.6214641103401906,97
bm25,4,spatial,4,0.9,0.24347830541721138,0.01682856251583796,0.07587719298245613,0.27344185633141316,97
bm25,4,a_ratio,4,0.9,0.24235668471405636,0.017355960970780702,0.07456140350877193,0.2818470721414411,97
bm25,4,nqc,4,0.9,0.11513599592311202,0.2639773369640844,0.042543859649122794,0.5391788167574111,97
bm25,4,spatial,4,0.92,0.23615439704662688,0.020537144681038646,0.07499999999999998,0.27902607466789,97
bm25,4,a_ratio,4,0.92,0.2351685437962503,0.021086293991920243,0.0732456140350877,0.2904258372796258,97
bm25,4,nqc,4,0.92,0.13316894445304478,0.1958515799062284,0.04298245614035087,0.5350038726007533,97
bm25,4,spatial,4,0.94,0.22889464615215824,0.024884432957817275,0.0732456140350877,0.2904258372796258,97
bm25,4,a_ratio,4,0.94,0.2280836230376344,0.025415563935452284,0.07017543859649121,0.3111200418134661,97
bm25,4,nqc,4,0.94,0.1555369472337784,0.1302271218707339,0.0644736842105263,0.35207160001667814,97
bm25,4,spatial,4,0.96,0.22171037425740828,0.02993509636633333,0.06842105263157894,0.3233717236427517,97
bm25,4,a_ratio,4,0.96,0.22111939615306392,0.03038665132085764,0.06666666666666665,0.33593362539214777,97
bm25,4,nqc,4,0.96,0.18085492291338312,0.0778383346199671,0.06359649122807016,0.35866198325465426,97
bm25,4,spatial,4,0.98,0.2146116489736672,0.035751441530966384,0.06403508771929824,0.35535715174125126,97
bm25,4,a_ratio,4,0.98,0.21429015959850228,0.03603586655037073,0.06491228070175437,0.3488053465027995,97
bm25,4,nqc,4,0.98,0.2023815740382629,0.047989132234703365,0.046929824561403495,0.49817762339289917,97
bm25,4,spatial,4,1.0,0.20760732578791397,0.042391850772647253,0.055263157894736833,0.42508013923155186,97
bm25,4,a_ratio,4,1.0,0.20760732578791397,0.042391850772647253,0.055263157894736833,0.42508013923155186,97
bm25,4,nqc,4,1.0,0.20760732578791397,0.042391850772647253,0.055263157894736833,0.42508013923155186,97
bm25,4,spatial,5,0.0,0.4037614930131384,4.517046326188847e-05,0.24912280701754383,0.00032351427155757553,97
bm25,4,a_ratio,5,0.0,0.28828616161251697,0.004394638571430725,0.08026315789473683,0.2466700962299916,97
bm25,4,nqc,5,0.0,0.019703543426312253,0.8488828114964245,-0.008333333333333331,0.9042622467947524,97
bm25,4,spatial,5,0.02,0.40392222597019695,4.482633573072282e-05,0.24868421052631576,0.0003314723440454529,97
bm25,4,a_ratio,5,0.02,0.2911363232191259,0.004004708229269215,0.0820175438596491,0.2364933356716986,97
bm25,4,nqc,5,0.02,0.019903548391134243,0.8473673205563718,-0.008333333333333331,0.9042622467947524,97
bm25,4,spatial,5,0.04,0.4039250865212264,4.4820233535713846e-05,0.2521929824561403,0.00027261872163635134,97
bm25,4,a_ratio,5,0.04,0.29398951922083133,0.0036456142145574588,0.08552631578947366,0.21703863010225988,97
bm25,4,nqc,5,0.04,0.02011188770180887,0.8457892684600461,-0.007456140350877191,0.9142987729055279,97
bm25,4,spatial,5,0.06,0.40375781976703945,4.51783563745296e-05,0.25438596491228066,0.00024097016048905146,97
bm25,4,a_ratio,5,0.06,0.2968352315270127,0.0033164347721381716,0.08684210526315787,0.21004839720400814,97
bm25,4,nqc,5,0.06,0.020329092150930678,0.8441447158972016,-0.007017543859649122,0.9193222670955983,97
bm25,4,spatial,5,0.08,0.40340789382838427,4.593620959626918e-05,0.2557017543859649,0.00022367120423335903,97
bm25,4,a_ratio,5,0.08,0.2996613386098813,0.003016139650070319,0.0894736842105263,0.19655975339001297,97
bm25,4,nqc,5,0.08,0.020555738468246057,0.842429387222991,-0.007456140350877191,0.9142987729055279,97
bm25,4,spatial,5,0.1,0.40286258830291494,4.7140885471748034e-05,0.2557017543859649,0.00022367120423335903,97
bm25,4,a_ratio,5,0.1,0.3024539708119173,0.0027436062894088484,0.09385964912280699,0.1755068360944365,97
bm25,4,nqc,5,0.1,0.020792454386746886,0.8406386339548029,-0.007017543859649122,0.9193222670955983,97
bm25,4,spatial,5,0.12,0.4021090984620309,4.885402367361543e-05,0.2578947368421052,0.00019740507498430313,97
bm25,4,a_ratio,5,0.12,0.30519737137652164,0.002497639077322877,0.09385964912280699,0.1755068360944365,97
bm25,4,nqc,5,0.12,0.02103992439240983,0.8387673934347564,-0.007017543859649122,0.9193222670955983,97
bm25,4,spatial,5,0.14,0.40113465547406424,5.115566993587254e-05,0.25614035087719295,0.00021816883242795217,97
bm25,4,a_ratio,5,0.14,0.30787376986828663,0.0022769915437997374,0.09385964912280699,0.1755068360944365,97
bm25,4,nqc,5,0.14,0.02129889626735787,0.8368101418984167,-0.006140350877192982,0.9293787221862809,97
bm25,4,spatial,5,0.16,0.399926662486836,5.414932469308154e-05,0.25614035087719295,0.00021816883242795217,97
bm25,4,a_ratio,5,0.16,0.3104632763529435,0.002080391344712097,0.09517543859649122,0.16953134792266555,97
bm25,4,nqc,5,0.16,0.021570188556770745,0.834760841051772,-0.005263157894736841,0.9394464677531641,97
bm25,4,spatial,5,0.18,0.3984728458574751,5.7968570712538695e-05,0.25438596491228066,0.00024097016048905146,97
bm25,4,a_ratio,5,0.18,0.3129438065229622,0.0019065678726035886,0.09649122807017542,0.1637097319480596,97
bm25,4,nqc,5,0.18,0.021854699114837298,0.8326128770909352,-0.005701754385964911,0.9344112837195322,97
bm25,4,spatial,5,0.2,0.3967614201881982,6.278579810099553e-05,0.25307017543859645,0.0002595183880458877,97
bm25,4,a_ratio,5,0.2,0.31529104977123595,0.0017542823866604777,0.10131578947368419,0.14364867455093713,97
bm25,4,nqc,5,0.2,0.022153414915504585,0.8303589908959921,-0.003947368421052631,0.954565748248739,97
bm25,4,spatial,5,0.22,0.3947812651287934,6.882371646213676e-05,0.25614035087719295,0.00021816883242795217,97
bm25,4,a_ratio,5,0.22,0.3174784938636903,0.001622360671879937,0.10175438596491226,0.1419227981547235,97
bm25,4,nqc,5,0.22,0.022467423351098234,0.8279911978828068,-0.003070175438596491,0.9646546976352598,97
bm25,4,spatial,5,0.24,0.392522111164123,7.63705696628962e-05,0.250438596491228,0.0003006998134497259,97
bm25,4,a_ratio,5,0.24,0.31947752110881056,0.0015097284423294414,0.0995614035087719,0.15071347598911033,97
bm25,4,nqc,5,0.24,0.022797925287829812,0.8255006956941539,-0.0021929824561403503,0.9747493089119874,97
bm25,4,spatial,5,0.26,0.3899747308511618,8.580026342094291e-05,0.250438596491228,0.0003006998134497259,97
bm25,4,a_ratio,5,0.26,0.3212575914689146,0.00141545001333053,0.10219298245614034,0.14021289342862758,97
bm25,4,nqc,5,0.26,0.023146250204020224,0.8228777575396845,-0.003070175438596491,0.9646546976352598,97
bm25,4,spatial,5,0.28,0.38713113124639176,9.759899685988972e-05,0.2464912280701754,0.0003740846525535562,97
bm25,4,a_ratio,5,0.28,0.3227865275499263,0.0013387712018796875,0.10087719298245612,0.1453906019949319,97
bm25,4,nqc,5,0.28,0.02351387380748124,0.8201116085360194,-0.003070175438596491,0.9646546976352598,97
bm25,4,spatial,5,0.3,0.38398474261973436,0.00011240047491361688,0.24429824561403507,0.00042177571212416556,97
bm25,4,a_ratio,5,0.3,0.32403091445989896,0.0012791679941069535,0.10745614035087717,0.12091024044629245,97
bm25,4,nqc,5,0.3,0.023902438616713623,0.8171902818300268,-0.0021929824561403503,0.9747493089119874,97
bm25,4,spatial,5,0.32,0.38053059803796285,0.00013103238734316384,0.23991228070175435,0.0005346547694821339,97
bm25,4,a_ratio,5,0.32,0.3249566237771006,0.001236403264599713,0.10745614035087717,0.12091024044629245,97
bm25,4,nqc,5,0.32,0.024313778101388725,0.8141004505813199,-0.0021929824561403503,0.9747493089119874,97
bm25,4,spatial,5,0.34,0.3767654980721832,0.00015457758695393533,0.237719298245614,0.0006011104754053054,97
bm25,4,a_ratio,5,0.34,0.32552946504131847,0.0012105947669694948,0.11184210526315788,0.1064690994825288,97
bm25,4,nqc,5,0.34,0.024749945117553115,0.8108272309951876,-0.0008771929824561403,0.9898983068920344,97
bm25,4,spatial,5,0.36,0.3726881547890014,0.00018445429028640312,0.23377192982456135,0.0007404706075872587,97
bm25,4,a_ratio,5,0.36,0.32571596018261845,0.0012022987580152878,0.11315789473684208,0.10241424976669938,97
bm25,4,nqc,5,0.36,0.025213245550862975,0.8073539504851205,0.00043859649122807013,0.9949490522405066,97
bm25,4,spatial,5,0.38,0.36829930936257493,0.0002225206476943371,0.23157894736842102,0.0008303144784156731,97
bm25,4,a_ratio,5,0.38,0.325484226314998,0.0012126149808667213,0.11315789473684208,0.10241424976669938,97
bm25,4,nqc,5,0.38,0.02570627830858163,0.803661873638286,0.00043859649122807013,0.9949490522405066,97
bm25,4,spatial,5,0.4,0.3636018181186317,0.00027121014768563366,0.22982456140350874,0.0009093607305517675,97
bm25,4,a_ratio,5,0.4,0.32480494090015233,0.0012433203066674562,0.11798245614035086,0.0885876276886421,97
bm25,4,nqc,5,0.4,0.02623198309376623,0.7997298768716752,0.0021929824561403503,0.9747493089119874,97
bm25,4,spatial,5,0.42,0.3586007025963013,0.000333705452632131,0.2271929824561403,0.0010410859719474062,97
bm25,4,a_ratio,5,0.42,0.32365235139555504,0.0012970400692149105,0.1201754385964912,0.08282092773870503,97
bm25,4,nqc,5,0.42,0.02679369777434175,0.7955340603854071,0.003070175438596491,0.9646546976352598,97
bm25,4,spatial,5,0.44,0.3533031602708168,0.00041415927269682794,0.21885964912280698,0.001583643031304207,97
bm25,4,a_ratio,5,0.44,0.3220052804982942,0.00137746789845054,0.12105263157894736,0.08060113304798304,97
bm25,4,nqc,5,0.44,0.02739522765474997,0.7910472830895784,0.003070175438596491,0.9646546976352598,97
bm25,4,spatial,5,0.46,0.3477185338776628,0.0005179715643453316,0.21359649122807012,0.0020496840923188192,97
bm25,4,a_ratio,5,0.46,0.3198480696069842,0.0014896464258749814,0.12061403508771927,0.08170491462400999,97
bm25,4,nqc,5,0.46,0.028040929608752083,0.7862386023961773,0.003508771929824561,0.9596094143193218,97
bm25,4,spatial,5,0.48,0.3418582387524548,0.0006521324016774689,0.21140350877192976,0.002278642796588288,97
bm25,4,a_ratio,5,0.48,0.3171713988152957,0.001640322189930936,0.12236842105263156,0.0773622745902155,97
bm25,4,nqc,5,0.48,0.02873581489462669,0.7810725958509181,0.003947368421052631,0.954565748248739,97
bm25,4,spatial,5,0.5,0.33573564916818754,0.0008256389492348354,0.2021929824561403,0.003518947024518709,97
bm25,4,a_ratio,5,0.5,0.3139729230199466,0.0018383877926385203,0.13114035087719295,0.058383209330321456,97
bm25,4,nqc,5,0.5,0.029485675626843774,0.7755085351573294,0.004824561403508771,0.9444840737693221,97
bm25,4,spatial,5,0.52,0.3293659462184234,0.0010499926467950932,0.19736842105263155,0.0043896882161837195,97
bm25,4,a_ratio,5,0.52,0.3102576713659095,0.0020954220039089595,0.1263157894736842,0.0682769876388756,97
bm25,4,nqc,5,0.52,0.03029724143231563,0.7694993747103428,0.004824561403508771,0.9444840737693221,97
bm25,4,spatial,5,0.54,0.3227659312642691,0.0013397785796294655,0.18728070175438594,0.006869417363886626,97
bm25,4,a_ratio,5,0.54,0.30603817117021637,0.0024263330538175252,0.12807017543859647,0.06453059033718508,97
bm25,4,nqc,5,0.54,0.03117837493321586,0.7629905056217843,0.004385964912280701,0.9495239009595372,97
bm25,4,spatial,5,0.56,0.31595381024230057,0.0017133227094403933,0.181578947368421,0.008772032874754584,97
bm25,4,a_ratio,5,0.56,0.30133427655432937,0.002850100753476907,0.12236842105263156,0.0773622745902155,97
bm25,4,nqc,5,0.56,0.03213831760115528,0.7559182114556469,0.005701754385964911,0.9344112837195322,97
bm25,4,spatial,5,0.58,0.3089489551421012,0.0021934140266785334,0.181578947368421,0.008772032874754584,97
bm25,4,a_ratio,5,0.58,0.29617270422669806,0.003390598578997584,0.11754385964912278,0.08977892662724705,97
bm25,4,nqc,5,0.58,0.03318800155301431,0.7482077422442702,0.006140350877192982,0.9293787221862809,97
bm25,4,spatial,5,0.6,0.30177164964879666,0.0028080679107046038,0.17982456140350875,0.009445580206528057,97
bm25,4,a_ratio,5,0.6,0.2905863015082042,0.004077457390297445,0.12368421052631577,0.07423025092161463,97
bm25,4,nqc,5,0.6,0.03434044849818288,0.7397708971622803,0.006140350877192982,0.9293787221862809,97
bm25,4,spatial,5,0.62,0.29444282627648294,0.0035912946324834754,0.17543859649122803,0.01133536481749997,97
bm25,4,a_ratio,5,0.62,0.28461309193254786,0.004946909195012322,0.1219298245614035,0.07842990329741044,97
bm25,4,nqc,5,0.62,0.03561128502996233,0.7305029713308825,0.006140350877192982,0.9293787221862809,97
bm25,4,spatial,5,0.64,0.2869838022892,0.004583824081887518,0.17149122807017542,0.013315695610410695,97
bm25,4,a_ratio,5,0.64,0.27829515908886954,0.006042525066649813,0.1219298245614035,0.07842990329741044,97
bm25,4,nqc,5,0.64,0.037019414873278075,0.7202788759345816,0.008333333333333331,0.9042622467947524,97
bm25,4,spatial,5,0.66,0.27941602133965154,0.005833726005511923,0.16798245614035084,0.015326584176287853,97
bm25,4,a_ratio,5,0.66,0.27167743812205736,0.007415740408816546,0.11666666666666664,0.09220020518291383,97
bm25,4,nqc,5,0.66,0.038587905204672424,0.7089481801639658,0.008771929824561401,0.8992496118543148,97
bm25,4,spatial,5,0.68,0.2717608070974399,0.007396856212637477,0.16491228070175434,0.01730064203878925,97
bm25,4,a_ratio,5,0.68,0.2648064858569683,0.009126048824541407,0.11491228070175437,0.09720000558825469,97
bm25,4,nqc,5,0.68,0.04034516824347001,0.6963287459335049,0.010964912280701752,0.8742506159554067,97
bm25,4,spatial,5,0.7,0.2640391342501844,0.009337055365612829,0.1596491228070175,0.021206380497260476,97
bm25,4,a_ratio,5,0.7,0.25772929535050393,0.011240748556640411,0.11228070175438595,0.1051035749997424,97
bm25,4,nqc,5,0.7,0.04232655474485439,0.682198532087266,0.014912280701754382,0.8295834326185275,97
bm25,4,spatial,5,0.72,0.25627142121440183,0.011726029899576359,0.15526315789473683,0.025027037161781087,97
bm25,4,a_ratio,5,0.72,0.2504922101761112,0.013834146924826034,0.11096491228070172,0.10924231434701433,97
bm25,4,nqc,5,0.72,0.04457652843457409,0.666285042743305,0.019736842105263153,0.7757429796762659,97
bm25,4,spatial,5,0.74,0.24847734776305416,0.014642855479720548,0.1482456140350877,0.03237920648866719,97
bm25,4,a_ratio,5,0.74,0.24313997982433652,0.016986169336353423,0.11052631578947367,0.11065018092280728,97
bm25,4,nqc,5,0.74,0.04715166793780101,0.6482518165475004,0.024122807017543855,0.7277082672725284,97
bm25,4,spatial,5,0.76,0.24067569963444982,0.018173062409019083,0.14035087719298242,0.04279048337179435,97
bm25,4,a_ratio,5,0.76,0.23571498231704763,0.02078037698632615,0.10964912280701752,0.11350887100984884,97
bm25,4,nqc,5,0.76,0.05012485615731027,0.6276813903583747,0.027631578947368417,0.6900262883984831,97
bm25,4,spatial,5,0.78,0.23288424109488343,0.02240728858700531,0.1359649122807017,0.04971074224007309,97
bm25,4,a_ratio,5,0.78,0.22825662533057994,0.02530146376925905,0.10526315789473682,0.12868398973139064,97
bm25,4,nqc,5,0.78,0.053591177462094686,0.6040545560806465,0.028508771929824556,0.6807203663731288,97
bm25,4,spatial,5,0.8,0.22511961543519363,0.027439516859598646,0.1293859649122807,0.06183352376776574,97
bm25,4,a_ratio,5,0.8,0.2208009242091805,0.030632367754366882,0.10131578947368419,0.14364867455093713,97
bm25,4,nqc,5,0.8,0.05767625027070665,0.5767270437143561,0.03114035087719298,0.6530976048749184,97
bm25,4,spatial,5,0.82,0.21739727252516478,0.033364946807174556,0.12543859649122807,0.07021620460948058,97
bm25,4,a_ratio,5,0.82,0.21338024508349068,0.036851184766246395,0.10043859649122806,0.1471486593101641,97
bm25,4,nqc,5,0.82,0.06254792204575883,0.5449084178979492,0.03157894736842105,0.6485384145930861,97
bm25,4,spatial,5,0.84,0.20973142185109578,0.04027758257560605,0.12280701754385961,0.07630651637729123,97
bm25,4,a_ratio,5,0.84,0.20602319421847426,0.04402810206885237,0.09254385964912279,0.18163805178968873,97
bm25,4,nqc,5,0.84,0.06843218981198981,0.5076573236832083,0.03728070175438596,0.5905151548916238,97
bm25,4,spatial,5,0.86,0.20213500892918074,0.048267644653965866,0.11710526315789471,0.09098308908453943,97
bm25,4,a_ratio,5,0.86,0.1987546305984198,0.052222573857744765,0.09122807017543857,0.18792678491316706,97
bm25,4,nqc,5,0.86,0.0756329431423647,0.4639299189117534,0.04210526315789473,0.5433700215214692,97
bm25,4,spatial,5,0.88,0.19461971261771724,0.05741893149788723,0.11535087719298244,0.09593017536365477,97
bm25,4,a_ratio,5,0.88,0.19159577721539237,0.061480937259379545,0.09298245614035086,0.1795768982922561,97
bm25,4,nqc,5,0.88,0.08454947747231707,0.4127701634873124,0.04780701754385964,0.49018107551697765,97
bm25,4,spatial,5,0.9,0.18719596063276653,0.06780626456607165,0.10219298245614034,0.14021289342862758,97
bm25,4,a_ratio,5,0.9,0.1845644070069749,0.07183462255646535,0.08991228070175437,0.194374756294158,97
bm25,4,nqc,5,0.9,0.09566545981716461,0.3538348907381316,0.06271929824561404,0.36532940366389033,97
bm25,4,spatial,5,0.92,0.17987296048689116,0.07949314695103608,0.09692982456140349,0.16180305747112322,97
bm25,4,a_ratio,5,0.92,0.1776750812941018,0.08329905241676525,0.08552631578947366,0.21703863010225988,97
bm25,4,nqc,5,0.92,0.10941821645202134,0.28858916285049796,0.07017543859649121,0.3111200418134661,97
bm25,4,spatial,5,0.94,0.17265874309735574,0.0925297519588029,0.09254385964912279,0.18163805178968873,97
bm25,4,a_ratio,5,0.94,0.1709394213472749,0.09587326130403301,0.08596491228070174,0.21469019566351544,97
bm25,4,nqc,5,0.94,0.12568470862086786,0.22240145234198047,0.05877192982456139,0.3962806539115913,97
bm25,4,spatial,5,0.96,0.16556021642581786,0.10695133551345598,0.08114035087719297,0.24154399271289795,97
bm25,4,a_ratio,5,0.96,0.16436639689720126,0.10954020666477994,0.07763157894736841,0.2625039156547271,97
bm25,4,nqc,5,0.96,0.14238672304484273,0.16639325228566856,0.053508771929824554,0.4399267495231346,97
bm25,4,spatial,5,0.98,0.15858322669335484,0.12277713775701972,0.07763157894736841,0.2625039156547271,97
bm25,4,a_ratio,5,0.98,0.1579626186517445,0.12426769453113266,0.0719298245614035,0.2991785778062356,97
bm25,4,nqc,5,0.98,0.15358038479886732,0.1351910640914561,0.055263157894736833,0.42508013923155186,97
bm25,4,spatial,5,1.0,0.15173262494174194,0.14000980772391258,0.06973684210526314,0.31415387247865256,97
bm25,4,a_ratio,5,1.0,0.15173262494174194,0.14000980772391258,0.06973684210526314,0.31415387247865256,97
bm25,4,nqc,5,1.0,0.15173262494174194,0.14000980772391258,0.06973684210526314,0.31415387247865256,97
bm25,4,spatial,6,0.0,0.4037614930131384,4.517046326188847e-05,0.24912280701754383,0.00032351427155757553,97
bm25,4,a_ratio,6,0.0,0.28828616161251697,0.004394638571430725,0.08026315789473683,0.2466700962299916,97
bm25,4,nqc,6,0.0,0.019703543426312253,0.8488828114964245,-0.008333333333333331,0.9042622467947524,97
bm25,4,spatial,6,0.02,0.4043556851998288,4.391045866437014e-05,0.2495614035087719,0.00031573529791605395,97
bm25,4,a_ratio,6,0.02,0.29169294543007146,0.003932268598420573,0.08333333333333333,0.22905812271994552,97
bm25,4,nqc,6,0.02,0.01995039562813168,0.8470124265979523,-0.008333333333333331,0.9042622467947524,97
bm25,4,spatial,6,0.04,0.4048237515260731,4.294108525862909e-05,0.24999999999999994,0.0003081316971646934,97
bm25,4,a_ratio,6,0.04,0.29513260751788095,0.0035100274691817245,0.08464912280701753,0.2217908195589735,97
bm25,4,nqc,6,0.04,0.02020755963532131,0.8450648113251067,-0.007017543859649122,0.9193222670955983,97
bm25,4,spatial,6,0.06,0.40515558904060034,4.226598326319448e-05,0.25307017543859645,0.0002595183880458877,97
bm25,4,a_ratio,6,0.06,0.2985968656447371,0.0031262569227273767,0.0894736842105263,0.19655975339001297,97
bm25,4,nqc,6,0.06,0.02047569398060095,0.8430351048033375,-0.007456140350877191,0.9142987729055279,97
bm25,4,spatial,6,0.08,0.4053408145243652,4.1893475144836244e-05,0.256578947368421,0.00021279374076250973,97
bm25,4,a_ratio,6,0.08,0.30207598211272163,0.0027791501470524117,0.09122807017543857,0.18792678491316706,97
bm25,4,nqc,6,0.08,0.020755514362898117,0.8409180316386589,-0.007456140350877191,0.9142987729055279,97
bm25,4,spatial,6,0.1,0.4053688205783552,4.1837419425477754e-05,0.2557017543859649,0.00022367120423335903,97
bm25,4,a_ratio,6,0.1,0.30555861149157376,0.0024667753121992513,0.08991228070175437,0.194374756294158,97
bm25,4,nqc,6,0.1,0.021047799973184317,0.8387078570220855,-0.007017543859649122,0.9193222670955983,97
bm25,4,spatial,6,0.12,0.40522884236746093,4.211829501860428e-05,0.256578947368421,0.00021279374076250973,97
bm25,4,a_ratio,6,0.12,0.30903164709036823,0.002187102148553434,0.09122807017543857,0.18792678491316706,97
bm25,4,nqc,6,0.12,0.021353400677166484,0.836398335906662,-0.007017543859649122,0.9193222670955983,97
bm25,4,spatial,6,0.14,0.40491003539900355,4.276458468692237e-05,0.25614035087719295,0.00021816883242795217,97
bm25,4,a_ratio,6,0.14,0.312480070898885,0.0019380309873901671,0.09342105263157893,0.17753318182977484,97
bm25,4,nqc,6,0.14,0.021673245192999124,0.8339826553298859,-0.006578947368421051,0.9243489833566951,97
bm25,4,spatial,6,0.16,0.40440156448045306,4.3814546877554625e-05,0.26008771929824553,0.00017405803633866392,97
bm25,4,a_ratio,6,0.16,0.315886813186654,0.0017174235597716627,0.09429824561403508,0.17349779395571174,97
bm25,4,nqc,6,0.16,0.02200835042816543,0.831453368786241,-0.005701754385964911,0.9344112837195322,97
bm25,4,spatial,6,0.18,0.4036927037134285,4.531849226665703e-05,0.256578947368421,0.00021279374076250973,97
bm25,4,a_ratio,6,0.18,0.3192326295827563,0.001523134765099899,0.0995614035087719,0.15071347598911033,97
bm25,4,nqc,6,0.18,0.022359832171277044,0.8288023213514564,-0.005263157894736841,0.9394464677531641,97
bm25,4,spatial,6,0.2,0.40277294704153244,4.734171679000417e-05,0.25438596491228066,0.00024097016048905146,97
bm25,4,a_ratio,6,0.2,0.32249600521781285,0.0013530445852799062,0.10701754385964911,0.12243485852821563,97
bm25,4,nqc,6,0.2,0.02272891737312842,0.8260205640141632,-0.003947368421052631,0.954565748248739,97
bm25,4,spatial,6,0.22,0.40163212848276664,4.996828924805332e-05,0.2526315789473684,0.00026599295941046356,97
bm25,4,a_ratio,6,0.22,0.32565309729359443,0.0012050893460761583,0.10614035087719297,0.12552912312509534,97
bm25,4,nqc,6,0.22,0.023116958298672982,0.823098255371613,-0.0017543859649122805,0.9797982329262411,97
bm25,4,spatial,6,0.24,0.40026055075192446,5.330595190191451e-05,0.25482456140350873,0.00023506899651749467,97
bm25,4,a_ratio,6,0.24,0.32867772910658943,0.0010772916222858892,0.10526315789473682,0.12868398973139064,97
bm25,4,nqc,6,0.24,0.02352544888991108,0.8200245484809422,-0.0017543859649122805,0.9797982329262411,97
bm25,4,spatial,6,0.26,0.3986491205278542,5.7492470724078705e-05,0.2552631578947368,0.00022930364440164065,97
bm25,4,a_ratio,6,0.26,0.33154144988241147,0.0009677882521474204,0.10350877192982455,0.13517820748791037,97
bm25,4,nqc,6,0.26,0.023956043751893766,0.816787460209968,-0.0017543859649122805,0.9797982329262411,97
bm25,4,spatial,6,0.28,0.39678948816225723,6.270387287580819e-05,0.2521929824561403,0.00027261872163635134,97
bm25,4,a_ratio,6,0.28,0.3342136755103663,0.0008748561688281823,0.10175438596491226,0.1419227981547235,97
bm25,4,nqc,6,0.28,0.024410580263914197,0.8133737198805937,-0.0021929824561403503,0.9747493089119874,97
bm25,4,spatial,6,0.3,0.394674189183042,6.916513814907613e-05,0.2464912280701754,0.0003740846525535562,97
bm25,4,a_ratio,6,0.3,0.33666192508134235,0.0007969360687571846,0.10921052631578945,0.11495986919059359,97
bm25,4,nqc,6,0.3,0.02489110443037995,0.8097685933169471,-0.00043859649122807013,0.9949490522405066,97
bm25,4,spatial,6,0.32,0.39229678454144246,7.716407489961628e-05,0.2403508771929824,0.0005222134964126145,97
bm25,4,a_ratio,6,0.32,0.3388521666758419,0.0007326543112052249,0.1114035087719298,0.10784864986018966,97
bm25,4,nqc,6,0.32,0.02539990122728096,0.8059556775647357,-0.0013157894736842103,0.984847966341271,97
bm25,4,spatial,6,0.34,0.38965199621610036,8.706931625543306e-05,0.23508771929824557,0.0006909882372402237,97
bm25,4,a_ratio,6,0.34,0.34074928277938765,0.0006808438736656778,0.11403508771929823,0.09977996424599991,97
bm25,4,nqc,6,0.34,0.02593953037908725,0.8019166604937538,0.0,1.0,97
bm25,4,spatial,6,0.36,0.3867358345474151,9.935362586132825e-05,0.23114035087719292,0.0008494552777555434,97
bm25,4,a_ratio,6,0.36,0.3423176607448699,0.0006405656682671813,0.12280701754385961,0.07630651637729123,97
bm25,4,nqc,6,0.36,0.02651286872865996,0.7976310381736512,0.00043859649122807013,0.9949490522405066,97
bm25,4,spatial,6,0.38,0.38354571355853906,0.00011462400975428616,0.23070175438596488,0.000869004617248621,97
bm25,4,a_ratio,6,0.38,0.3435219067463563,0.000611132055416554,0.13026315789473683,0.06008783459643862,97
bm25,4,nqc,6,0.38,0.027123160654499018,0.7930757812492532,0.0008771929824561403,0.9898983068920344,97
bm25,4,spatial,6,0.4,0.38008055054816636,0.00013366049509287505,0.22894736842105257,0.0009514478072229865,97
bm25,4,a_ratio,6,0.4,0.3443276727796185,0.0005921349781358701,0.12807017543859647,0.06453059033718508,97
bm25,4,nqc,6,0.4,0.027774078365866275,0.7882249394363918,0.0026315789473684206,0.9697013964662655,97
bm25,4,spatial,6,0.42,0.37634084643106025,0.00015746585529161615,0.22236842105263155,0.0013294453024995708,97
bm25,4,a_ratio,6,0.42,0.34470257587691017,0.000583481795864854,0.1289473684210526,0.06272198677177326,97
bm25,4,nqc,6,0.42,0.028469794394891293,0.7830491705832299,0.0021929824561403503,0.9747493089119874,97
bm25,4,spatial,6,0.44,0.37232874366246216,0.00018732902436053295,0.21798245614035083,0.0016538318211645647,97
bm25,4,a_ratio,6,0.44,0.34461717759639504,0.0005854426336435643,0.1307017543859649,0.05923043275757143,97
bm25,4,nqc,6,0.44,0.029215069243920186,0.7775151773236381,0.003070175438596491,0.9646546976352598,97
bm25,4,spatial,6,0.46,0.3680480591091291,0.00022490542849084186,0.21359649122807012,0.0020496840923188192,97
bm25,4,a_ratio,6,0.46,0.34404598115638274,0.0005987138893906093,0.13289473684210523,0.05509435768226517,97
bm25,4,nqc,6,0.46,0.03001535798904309,0.7715850299620433,0.003070175438596491,0.9646546976352598,97
bm25,4,spatial,6,0.48,0.3635042899077704,0.0002723179310398267,0.20921052631578946,0.002530815422866084,97
bm25,4,a_ratio,6,0.48,0.34296839471937773,0.0006245034468980881,0.1307017543859649,0.05923043275757143,97
bm25,4,nqc,6,0.48,0.030876940760822175,0.765215348573191,0.003947368421052631,0.954565748248739,97
bm25,4,spatial,6,0.5,0.3587045911551876,0.00033228247766804904,0.2052631578947368,0.0030499490794706602,97
bm25,4,a_ratio,6,0.5,0.3413696037955384,0.0006646440749611171,0.1320175438596491,0.05671894881927785,97
bm25,4,nqc,6,0.5,0.031807083524915084,0.7583563099775488,0.004824561403508771,0.9444840737693221,97
bm25,4,spatial,6,0.52,0.35365772516625194,0.0004082627562272061,0.20131578947368417,0.0036645116996196075,97
bm25,4,a_ratio,6,0.52,0.33924129487840793,0.0007217423403306479,0.12675438596491226,0.06732401746109497,97
bm25,4,nqc,6,0.52,0.0328142376168087,0.750950435737839,0.006140350877192982,0.9293787221862809,97
bm25,4,spatial,6,0.54,0.348373982971646,0.0005046581397666459,0.19692982456140345,0.004477815959740704,97
bm25,4,a_ratio,6,0.54,0.3365821771520598,0.0007993709206227951,0.1333333333333333,0.05429672191249564,97
bm25,4,nqc,6,0.54,0.03390828925944084,0.7429311049235114,0.006578947368421051,0.9243489833566951,97
bm25,4,spatial,6,0.56,0.3428650796568186,0.0006270287263806365,0.19254385964912277,0.005451397044324322,97
bm25,4,a_ratio,6,0.56,0.33339825961770203,0.0009023121578363263,0.13684210526315788,0.04825617082139475,97
bm25,4,nqc,6,0.56,0.035100874119872644,0.7342207192100029,0.006578947368421051,0.9243489833566951,97
bm25,4,spatial,6,0.58,0.3371440260162784,0.0007823602784517839,0.18991228070175434,0.006123535868103072,97
bm25,4,a_ratio,6,0.58,0.3297028566168024,0.0010368596118060566,0.13464912280701752,0.05196142228840072,97
bm25,4,nqc,6,0.58,0.036405777296394465,0.7247284267795991,0.007017543859649122,0.9193222670955983,97
bm25,4,spatial,6,0.6,0.3312249797653087,0.000979370151407693,0.18596491228070172,0.007272147742628502,97
bm25,4,a_ratio,6,0.6,0.32551631395933384,0.0012111817358011019,0.1337719298245614,0.053508744548176196,97
bm25,4,nqc,6,0.6,0.03783944664622994,0.7143472840829809,0.007456140350877191,0.9142987729055279,97
bm25,4,spatial,6,0.62,0.32512308017345654,0.001228852772563277,0.17982456140350875,0.009445580206528057,97
bm25,4,a_ratio,6,0.62,0.32086546852201614,0.0014357470765409515,0.1289473684210526,0.06272198677177326,97
bm25,4,nqc,6,0.62,0.03942165808087329,0.7029506992556465,0.010526315789473682,0.8792412027606161,97
bm25,4,spatial,6,0.64,0.31885427043012526,0.0015440598297691917,0.17631578947368418,0.010932545975931482,97
bm25,4,a_ratio,6,0.64,0.31578287377939795,0.0017238032088395248,0.1276315789473684,0.06545090776900864,97
bm25,4,nqc,6,0.64,0.04117638691069406,0.6903879564600762,0.008333333333333331,0.9042622467947524,97
bm25,4,spatial,6,0.66,0.31243511230383564,0.0019411061010582847,0.1719298245614035,0.013081497219593435,97
bm25,4,a_ratio,6,0.66,0.3103058399193934,0.002091891900879112,0.12499999999999997,0.07120263020819867,97
bm25,4,nqc,6,0.66,0.04313296187238981,0.6764785662436547,0.009649122807017543,0.8892365872632643,97
bm25,4,spatial,6,0.68,0.30588259770820014,0.0024393869749053175,0.1614035087719298,0.019826684390718458,97
bm25,4,a_ratio,6,0.68,0.3044753481703255,0.0025603712795648427,0.1201754385964912,0.08282092773870503,97
bm25,4,nqc,6,0.68,0.04532761176843554,0.6610051258542717,0.007017543859649122,0.9193222670955983,97
bm25,4,spatial,6,0.7,0.2992139616474727,0.0030619885033204737,0.1535087719298245,0.026714571474982324,97
bm25,4,a_ratio,6,0.7,0.29833490376276495,0.0031539032630552564,0.12061403508771927,0.08170491462400999,97
bm25,4,nqc,6,0.7,0.04780556434959021,0.6437043160103466,0.010964912280701752,0.8742506159554067,97
bm25,4,spatial,6,0.72,0.2924465007023322,0.0038360657774123273,0.14473684210526314,0.03670286698982216,97
bm25,4,a_ratio,6,0.72,0.2919293905438722,0.003901853231609365,0.11710526315789471,0.09098308908453943,97
bm25,4,nqc,6,0.72,0.050623931965142255,0.6242556367294329,0.014035087719298244,0.8394672878457912,97
bm25,4,spatial,6,0.74,0.2855974007611972,0.004793161123750936,0.13991228070175438,0.04344370723734423,97
bm25,4,a_ratio,6,0.74,0.28530398348421293,0.00483854133458446,0.11052631578947367,0.11065018092280728,97
bm25,4,nqc,6,0.74,0.05385573204593806,0.6022675689633822,0.018859649122807014,0.7854605069177094,97
bm25,4,spatial,6,0.76,0.2786835771389607,0.005969430763043604,0.14035087719298242,0.04279048337179435,97
bm25,4,a_ratio,6,0.76,0.27850316460545316,0.00600328356458208,0.10877192982456138,0.11642541877279129,97
bm25,4,nqc,6,0.76,0.057595562504215936,0.5772612178085893,0.022368421052631576,0.7468059721962819,97
bm25,4,spatial,6,0.78,0.2717215295916812,0.007405747803029071,0.13815789473684206,0.04614146023750493,97
bm25,4,a_ratio,6,0.78,0.27156987493850715,0.007440167770621723,0.10789473684210524,0.11940051826823819,97
bm25,4,nqc,6,0.78,0.06196770899706157,0.5486525568755878,0.025438596491228066,0.7134944098591739,97
bm25,4,spatial,6,0.8,0.2647272140704265,0.009147651282951745,0.12807017543859647,0.06453059033718508,97
bm25,4,a_ratio,6,0.8,0.26454482169502086,0.009197525885652537,0.10570175438596488,0.1270989390651351,97
bm25,4,nqc,6,0.8,0.06713782731350881,0.5157370889683731,0.03201754385964912,0.643992360331084,97
bm25,4,spatial,6,0.82,0.25771593239541424,0.01124511574629291,0.12236842105263156,0.0773622745902155,97
bm25,4,a_ratio,6,0.82,0.25746594732680506,0.01132708786239979,0.10438596491228068,0.13190012967467796,97
bm25,4,nqc,6,0.82,0.07332980105903837,0.47768717450579745,0.029824561403508764,0.6668525318175984,97
bm25,4,spatial,6,0.84,0.2507022404031871,0.013752123478213694,0.11842105263157893,0.08740910208359153,97
bm25,4,a_ratio,6,0.84,0.2503680565676035,0.013882832439192456,0.10350877192982455,0.13517820748791037,97
bm25,4,nqc,6,0.84,0.0808496975579938,0.4335870561426161,0.03114035087719298,0.6530976048749184,97
bm25,4,spatial,6,0.86,0.24369987454897624,0.016726031735985244,0.11622807017543857,0.09343036497045672,97
bm25,4,a_ratio,6,0.86,0.24328258945332204,0.016919580843966883,0.09868421052631578,0.1543437435330081,97
bm25,4,nqc,6,0.86,0.09011791606903341,0.3825629906741887,0.04078947368421052,0.5560401381487439,97
bm25,4,spatial,6,0.88,0.2367216964510226,0.020226739311829608,0.10921052631578945,0.11495986919059359,97
bm25,4,a_ratio,6,0.88,0.23623752284269262,0.020491407297874124,0.09473684210526315,0.1715059874753988,97
bm25,4,nqc,6,0.88,0.10170477533532783,0.32413056479223545,0.04473684210526315,0.5184687477081236,97
bm25,4,spatial,6,0.9,0.2297796544539471,0.024315669608185805,0.10175438596491226,0.1419227981547235,97
bm25,4,a_ratio,6,0.9,0.22925737993539458,0.024649960531736095,0.09122807017543857,0.18792678491316706,97
bm25,4,nqc,6,0.9,0.11634024303844291,0.25898100642989075,0.05701754385964911,0.41053037262333025,97
bm25,4,spatial,6,0.92,0.22288476096855805,0.02905459992360866,0.09692982456140349,0.16180305747112322,97
bm25,4,a_ratio,6,0.92,0.22236332633008105,0.029442800591450453,0.08991228070175437,0.194374756294158,97
bm25,4,nqc,6,0.92,0.13478071212945703,0.1904463394860723,0.0631578947368421,0.36198607447715714,97
bm25,4,spatial,6,0.94,0.21604708411453677,0.03450437767409674,0.09385964912280699,0.1755068360944365,97
bm25,4,a_ratio,6,0.94,0.21557333180456212,0.034911853893503104,0.0907894736842105,0.19005833264780647,97
bm25,4,nqc,6,0.94,0.1571511801677765,0.12623748760869977,0.05657894736842104,0.41413980228765324,97
bm25,4,spatial,6,0.96,0.20927575204487198,0.04072357277257516,0.09122807017543857,0.18792678491316706,97
bm25,4,a_ratio,6,0.96,0.2089023787465664,0.041092077582489284,0.08771929824561402,0.20547967994195993,97
bm25,4,nqc,6,0.96,0.18091160737677375,0.0777436585332593,0.06842105263157894,0.3233717236427517,97
bm25,4,spatial,6,0.98,0.2025789682580862,0.047767120582866855,0.08377192982456139,0.22661709055371193,97
bm25,4,a_ratio,6,0.98,0.20236270057411254,0.048010404058006335,0.08245614035087717,0.23399620258604115,97
bm25,4,nqc,6,0.98,0.19762595986904596,0.05360101755606668,0.06885964912280701,0.3202797133432874,97
bm25,4,spatial,6,1.0,0.19596403619574118,0.05568501132801316,0.0807017543859649,0.2440975948759634,97
bm25,4,a_ratio,6,1.0,0.19596403619574118,0.05568501132801316,0.0807017543859649,0.2440975948759634,97
bm25,4,nqc,6,1.0,0.19596403619574118,0.05568501132801316,0.0807017543859649,0.2440975948759634,97
bm25,4,spatial,7,0.0,0.4037614930131384,4.517046326188847e-05,0.24912280701754383,0.00032351427155757553,97
bm25,4,a_ratio,7,0.0,0.28828616161251697,0.004394638571430725,0.08026315789473683,0.2466700962299916,97
bm25,4,nqc,7,0.0,0.019703543426312253,0.8488828114964245,-0.008333333333333331,0.9042622467947524,97
bm25,4,spatial,7,0.02,0.4050671545348675,4.24449227168251e-05,0.25131578947368416,0.0002863369173575716,97
bm25,4,a_ratio,7,0.02,0.29228063225158557,0.0038570589523013597,0.08245614035087717,0.23399620258604115,97
bm25,4,nqc,7,0.02,0.019980856120555043,0.8467816877453923,-0.007894736842105262,0.9092786999029837,97
bm25,4,spatial,7,0.04,0.4062514746691033,4.010619602496858e-05,0.2526315789473684,0.00026599295941046356,97
bm25,4,a_ratio,7,0.04,0.29632922576925763,0.0033729446625929966,0.0894736842105263,0.19655975339001297,97
bm25,4,nqc,7,0.04,0.020269755648204227,0.8445939131951421,-0.007456140350877191,0.9142987729055279,97
bm25,4,spatial,7,0.06,0.407302666805306,3.8131701785071304e-05,0.2539473684210526,0.0002470100935230778,97
bm25,4,a_ratio,7,0.06,0.30042350405874924,0.002939447333963559,0.09342105263157893,0.17753318182977484,97
bm25,4,nqc,7,0.06,0.02057098205219525,0.8423140454214517,-0.007017543859649122,0.9193222670955983,97
bm25,4,spatial,7,0.08,0.40820851987638485,3.650340692330965e-05,0.2583333333333333,0.00019251229597668152,97
bm25,4,a_ratio,7,0.08,0.3045533509029205,0.00255352645266966,0.09561403508771928,0.16757380578909498,97
bm25,4,nqc,7,0.08,0.020885339617132292,0.8399361793005429,-0.007017543859649122,0.9193222670955983,97
bm25,4,spatial,7,0.1,0.4089564621049109,3.5208157557102794e-05,0.26578947368421046,0.00012492077956959696,97
bm25,4,a_ratio,7,0.1,0.30870678151863445,0.0022119937544404834,0.09912280701754383,0.15252039009651644,97
bm25,4,nqc,7,0.1,0.021213703977118734,0.8374538971029298,-0.006578947368421051,0.9243489833566951,97
bm25,4,spatial,7,0.12,0.40953363915955987,3.4238120713102986e-05,0.2649122807017543,0.00013151626797994824,97
bm25,4,a_ratio,7,0.12,0.3128697486016808,0.001911561315683768,0.10175438596491226,0.1419227981547235,97
bm25,4,nqc,7,0.12,0.02155703018610093,0.8348602120340771,-0.007456140350877191,0.9142987729055279,97
bm25,4,spatial,7,0.14,0.4099270074167809,3.359137542397988e-05,0.2679824561403508,0.00010976989357989721,97
bm25,4,a_ratio,7,0.14,0.3170259506447824,0.001648891896088746,0.10570175438596488,0.1270989390651351,97
bm25,4,nqc,7,0.14,0.021916361905859633,0.8321475042040266,-0.007017543859649122,0.9193222670955983,97
bm25,4,spatial,7,0.16,0.41012344269767503,3.327270279648647e-05,0.2649122807017543,0.00013151626797994824,97
bm25,4,a_ratio,7,0.16,0.3211566502132455,0.001420649904926988,0.11228070175438595,0.1051035749997424,97
bm25,4,nqc,7,0.16,0.022292841895942647,0.8293074478250682,-0.005263157894736841,0.9394464677531641,97
bm25,4,spatial,7,0.18,0.41010986444048747,3.329463928713189e-05,0.2671052631578947,0.00011560948155965582,97
bm25,4,a_ratio,7,0.18,0.3252405120290412,0.0012235512735103836,0.11842105263157893,0.08740910208359153,97
bm25,4,nqc,7,0.18,0.02268772402528363,0.8263309282161394,-0.005701754385964911,0.9344112837195322,97
bm25,4,spatial,7,0.2,0.4098733747758987,3.367887683350652e-05,0.27061403508771925,9.387616904936242e-05,97
bm25,4,a_ratio,7,0.2,0.3292534730591681,0.0010544105390343718,0.1201754385964912,0.08282092773870503,97
bm25,4,nqc,7,0.2,0.023102387068544436,0.8232079469259833,-0.004824561403508771,0.9444840737693221,97
bm25,4,spatial,7,0.22,0.4094014114025194,3.445811922135172e-05,0.2666666666666666,0.00011863797904396325,97
bm25,4,a_ratio,7,0.22,0.3331686591937003,0.0009101835914211334,0.12807017543859647,0.06453059033718508,97
bm25,4,nqc,7,0.22,0.023538350603298994,0.8199275129638073,-0.003070175438596491,0.9646546976352598,97
bm25,4,spatial,7,0.24,0.4086819125273068,3.567853812427673e-05,0.2675438596491228,0.00011265400136159727,97
bm25,4,a_ratio,7,0.24,0.3369563653251784,0.000788004804453589,0.1293859649122807,0.06183352376776574,97
bm25,4,nqc,7,0.24,0.02399729338958516,0.8164775177323719,-0.003508771929824561,0.9596094143193218,97
bm25,4,spatial,7,0.26,0.40770349146143614,3.740301719015572e-05,0.26622807017543854,0.00012174117339765374,97
bm25,4,a_ratio,7,0.26,0.3405841174121593,0.0006852176525906487,0.1276315789473684,0.06545090776900864,97
bm25,4,nqc,7,0.26,0.02448107469431264,0.8128445907770533,-0.0013157894736842103,0.984847966341271,97
bm25,4,spatial,7,0.28,0.406455617775501,3.971543157386134e-05,0.2587719298245614,0.00018773365369726365,97
bm25,4,a_ratio,7,0.28,0.34401683604801647,0.0005993983807474582,0.12719298245614033,0.06638202051764104,97
bm25,4,nqc,7,0.28,0.024991759123748195,0.8090139328737076,-0.0008771929824561403,0.9898983068920344,97
bm25,4,spatial,7,0.3,0.4049288012551451,4.2726287374920414e-05,0.2587719298245614,0.00018773365369726365,97
bm25,4,a_ratio,7,0.3,0.34721712071079247,0.0005283728126687894,0.13245614035087716,0.05590173788646047,97
bm25,4,nqc,7,0.3,0.025531645653284557,0.8049691222503761,-0.00043859649122807013,0.9949490522405066,97
bm25,4,spatial,7,0.32,0.40311477430157194,4.658014525109971e-05,0.2578947368421052,0.00019740507498430313,97
bm25,4,a_ratio,7,0.32,0.3501456717522566,0.0004702269173315118,0.1364035087719298,0.04897892442735811,97
bm25,4,nqc,7,0.32,0.02610330170213203,0.8006918888375238,-0.00043859649122807013,0.9949490522405066,97
bm25,4,spatial,7,0.34,0.4010066679363935,5.14653804852112e-05,0.2526315789473684,0.00026599295941046356,97
bm25,4,a_ratio,7,0.34,0.35276186282983407,0.0004233122678302259,0.14254385964912278,0.039647609686786496,97
bm25,4,nqc,7,0.34,0.026709603300960005,0.7961618503231478,0.00043859649122807013,0.9949490522405066,97
bm25,4,spatial,7,0.36,0.39859917624295865,5.762699392336185e-05,0.24912280701754383,0.00032351427155757553,97
bm25,4,a_ratio,7,0.36,0.35502446954519784,0.0003862479984378198,0.1464912280701754,0.03448318151719248,97
bm25,4,nqc,7,0.36,0.02735378265549622,0.7913562023941602,0.0017543859649122805,0.9797982329262411,97
bm25,4,spatial,7,0.38,0.3958887039487555,6.538339043942063e-05,0.24912280701754383,0.00032351427155757553,97
bm25,4,a_ratio,7,0.38,0.3568925504118087,0.00035792128256768163,0.1469298245614035,0.03394652748404876,97
bm25,4,nqc,7,0.38,0.02803948473559288,0.7862493537983286,0.00043859649122807013,0.9949490522405066,97
bm25,4,spatial,7,0.4,0.39287349195964133,7.514828902910164e-05,0.24298245614035083,0.0004530555607905571,97
bm25,4,a_ratio,7,0.4,0.35832646417127423,0.00033748872419539104,0.15175438596491225,0.028499485428052914,97
bm25,4,nqc,7,0.4,0.028770834940132037,0.7808124946638039,0.0013157894736842103,0.984847966341271,97
bm25,4,spatial,7,0.42,0.38955371601802274,8.745922418061816e-05,0.2385964912280701,0.0005736554562799961,97
bm25,4,a_ratio,7,0.42,0.359288993619316,0.0003243814018032475,0.1596491228070175,0.021206380497260476,97
bm25,4,nqc,7,0.42,0.029552520434419485,0.7750130837389494,0.0026315789473684206,0.9697013964662655,97
bm25,4,spatial,7,0.44,0.3859315542790545,0.00010301444041006582,0.23333333333333328,0.0007576829079550207,97
bm25,4,a_ratio,7,0.44,0.3597465317046349,0.00031831666348358504,0.1640350877192982,0.017904148159161914,97
bm25,4,nqc,7,0.44,0.030389888470991583,0.7688142366988576,0.003508771929824561,0.9596094143193218,97
bm25,4,spatial,7,0.46,0.3820112204676755,0.00012272036232817806,0.23333333333333328,0.0007576829079550207,97
bm25,4,a_ratio,7,0.46,0.3596702724156001,0.0003193201850997863,0.17368421052631575,0.012180731335371816,97
bm25,4,nqc,7,0.46,0.031289065945881,0.7621739931926294,0.005701754385964911,0.9344112837195322,97
bm25,4,spatial,7,0.48,0.37779896036205396,0.00014775222230900114,0.23114035087719292,0.0008494552777555434,97
bm25,4,a_ratio,7,0.48,0.35903733885809397,0.00032776230308687574,0.17675438596491225,0.010735947690716544,97
bm25,4,nqc,7,0.48,0.0322571056924745,0.7550444346006356,0.006140350877192982,0.9293787221862809,97
bm25,4,spatial,7,0.5,0.37330301059395454,0.00017963081326689598,0.22543859649122802,0.0011384845622564176,97
bm25,4,a_ratio,7,0.5,0.3578317759441796,0.0003444132285326796,0.17850877192982453,0.009980624249260547,97
bm25,4,nqc,7,0.5,0.03330216668970795,0.7473706171773626,0.007456140350877191,0.9142987729055279,97
bm25,4,spatial,7,0.52,0.36853352009684415,0.0002203186534223432,0.2214912280701754,0.0013892001512035108,97
bm25,4,a_ratio,7,0.52,0.35604533686232215,0.00037052240536375556,0.18289473684210522,0.008295385577532875,97
bm25,4,nqc,7,0.52,0.03443373762477406,0.7390892759214072,0.010087719298245612,0.8842365917819822,97
bm25,4,spatial,7,0.54,0.3635024358913356,0.00027233903041456217,0.21798245614035083,0.0016538318211645647,97
bm25,4,a_ratio,7,0.54,0.353678001806977,0.00040792789338653146,0.17982456140350875,0.009445580206528057,97
bm25,4,nqc,7,0.54,0.03566291633854908,0.7301272425764116,0.009210526315789471,0.8942409928983389,97
bm25,4,spatial,7,0.56,0.3582233561939575,0.0003389213395285338,0.21798245614035083,0.0016538318211645647,97
bm25,4,a_ratio,7,0.56,0.35073818403573914,0.00045920205081506025,0.1820175438596491,0.008610498746466352,97
bm25,4,nqc,7,0.56,0.037002761936556244,0.7203995059510845,0.010087719298245612,0.8842365917819822,97
bm25,4,spatial,7,0.58,0.3527113549919236,0.0004241757334277147,0.212719298245614,0.0021386085398990835,97
bm25,4,a_ratio,7,0.58,0.34724260071760893,0.0005278396747227775,0.18421052631578944,0.007842044522710973,97
bm25,4,nqc,7,0.58,0.03846874227057287,0.7098068234992431,0.011842105263157893,0.8642846291310888,97
bm25,4,spatial,7,0.6,0.3469827831764898,0.0005332992388641508,0.21184210526315786,0.0022310577254778404,97
bm25,4,a_ratio,7,0.6,0.34321581170244897,0.0006184937502542881,0.1864035087719298,0.00713560971179531,97
bm25,4,nqc,7,0.6,0.04007930782805927,0.6982327691079326,0.012280701754385963,0.8593096176685738,97
bm25,4,spatial,7,0.62,0.3410550520191827,0.000672814057902853,0.21315789473684207,0.0020937133501945666,97
bm25,4,a_ratio,7,0.62,0.3386894550957088,0.0007372616223116473,0.1894736842105263,0.006242548211379331,97
bm25,4,nqc,7,0.62,0.04185663491886349,0.6855400729297779,0.014473684210526314,0.8345220924714823,97
bm25,4,spatial,7,0.64,0.33494640517776136,0.0008508366770750164,0.20263157894736838,0.0034481555035308746,97
bm25,4,a_ratio,7,0.64,0.33370123110696986,0.00089202032759712,0.18421052631578944,0.007842044522710973,97
bm25,4,nqc,7,0.64,0.04382759809928513,0.6715660755390565,0.013596491228070173,0.8444188289548002,97
bm25,4,spatial,7,0.66,0.32867568552258,0.0010773736365129742,0.20175438596491224,0.0035910585335480823,97
bm25,4,a_ratio,7,0.66,0.3282937023307286,0.0010928037667731476,0.18333333333333332,0.008141731588545092,97
bm25,4,nqc,7,0.66,0.04602505658101927,0.6561170839784577,0.014912280701754382,0.8295834326185275,97
bm25,4,spatial,7,0.68,0.3222621028912687,0.0013646364289948132,0.19561403508771927,0.004751901569999453,97
bm25,4,a_ratio,7,0.68,0.3225129876997359,0.0013522064491469522,0.18596491228070172,0.007272147742628502,97
bm25,4,nqc,7,0.68,0.048489575863539164,0.6389613906993755,0.019298245614035085,0.7805974596041616,97
bm25,4,spatial,7,0.7,0.3157250084410559,0.001727364182789658,0.19254385964912277,0.005451397044324322,97
bm25,4,a_ratio,7,0.7,0.3164074283630779,0.0016857892965463643,0.18377192982456136,0.007990630052244877,97
bm25,4,nqc,7,0.7,0.051271760046344095,0.6198207206067037,0.023245614035087715,0.7372368386099444,97
bm25,4,spatial,7,0.72,0.30908368061929176,0.0021831388293597808,0.19122807017543855,0.005778660719514659,97
bm25,4,a_ratio,7,0.72,0.3100262974312462,0.0021124536208563627,0.1776315789473684,0.010352157028285932,97
bm25,4,nqc,7,0.72,0.054435451478526714,0.5983599579841932,0.023684210526315787,0.7324673979091793,97
bm25,4,spatial,7,0.74,0.3023571269687347,0.0027526737748854503,0.18815789473684208,0.006612180905745843,97
bm25,4,a_ratio,7,0.74,0.30341861357665245,0.002654741577812222,0.17675438596491225,0.010735947690716544,97
bm25,4,nqc,7,0.74,0.05806217649012278,0.5741752880478348,0.029385964912280696,0.6714627989283869,97
bm25,4,spatial,7,0.76,0.29556390508422997,0.0034600541674719874,0.18333333333333332,0.008141731588545092,97
bm25,4,a_ratio,7,0.76,0.2966321030672783,0.0033390170920551197,0.17631578947368418,0.010932545975931482,97
bm25,4,nqc,7,0.76,0.06225739873881228,0.54678161549607,0.0337719298245614,0.6259423572693519,97
bm25,4,spatial,7,0.78,0.28872196509951137,0.004332905183671216,0.175,0.011541673254595812,97
bm25,4,a_ratio,7,0.78,0.28971233819714104,0.004195482218634924,0.16973684210526313,0.01428996478556036,97
bm25,4,nqc,7,0.78,0.0671594096794577,0.5156018297612112,0.03596491228070175,0.603692225651151,97
bm25,4,spatial,7,0.8,0.28184851515984355,0.00540246479804911,0.1671052631578947,0.01586929650651852,97
bm25,4,a_ratio,7,0.8,0.28270206421724975,0.005257991257545083,0.16622807017543856,0.01642883705367172,97
bm25,4,nqc,7,0.8,0.07295205550426193,0.4799643134868338,0.0381578947368421,0.5818046615742262,97
bm25,4,spatial,7,0.82,0.27495991047228086,0.006703539563634635,0.16622807017543856,0.01642883705367172,97
bm25,4,a_ratio,7,0.82,0.2756407131988934,0.006563638685699575,0.16535087719298242,0.01700563515421435,97
bm25,4,nqc,7,0.82,0.07988292668028088,0.43912340609490547,0.04078947368421052,0.5560401381487439,97
bm25,4,spatial,7,0.84,0.2680715657543791,0.008274326131620845,0.15877192982456137,0.021927067591039504,97
bm25,4,a_ratio,7,0.84,0.2685640926093736,0.008152115858916512,0.1614035087719298,0.019826684390718458,97
bm25,4,nqc,7,0.84,0.08828881622548214,0.39233497679473056,0.04429824561403508,0.522577630903311,97
bm25,4,spatial,7,0.86,0.2611978902470507,0.010156087440474386,0.15219298245614032,0.02804388848739258,97
bm25,4,a_ratio,7,0.86,0.26150422902101134,0.010064853079589545,0.162719298245614,0.018843982626781136,97
bm25,4,nqc,7,0.86,0.09862893925045034,0.33905355059055176,0.04561403508771929,0.510301360039156,97
bm25,4,spatial,7,0.88,0.2543522439301638,0.012392680316945251,0.14868421052631575,0.03187073297896108,97
bm25,4,a_ratio,7,0.88,0.2544893431402466,0.012343984959154949,0.1583333333333333,0.022295335985736058,97
bm25,4,nqc,7,0.88,0.11151909306426282,0.27937495224111997,0.05263157894736841,0.4474602468067769,97
bm25,4,spatial,7,0.9,0.24754691318313923,0.015029940041304212,0.1451754385964912,0.03613683367153821,97
bm25,4,a_ratio,7,0.9,0.24754393077927567,0.015031194919537671,0.15307017543859647,0.02715150040857788,97
bm25,4,nqc,7,0.9,0.1277313359512175,0.214901638357572,0.06666666666666665,0.33593362539214777,97
bm25,4,spatial,7,0.92,0.24079310386227315,0.018114936471324283,0.14254385964912278,0.039647609686786496,97
bm25,4,a_ratio,7,0.92,0.24068892489945382,0.01816650666038396,0.14736842105263154,0.03341702989433397,97
bm25,4,nqc,7,0.92,0.14802651793856492,0.15006525082986746,0.08596491228070174,0.21469019566351544,97
bm25,4,spatial,7,0.94,0.23410094961085764,0.021695124772826858,0.13684210526315788,0.04825617082139475,97
bm25,4,a_ratio,7,0.94,0.2339419158095881,0.021787095018058776,0.14122807017543856,0.041508925271761435,97
bm25,4,nqc,7,0.94,0.1724113474814346,0.09300509972411024,0.11096491228070172,0.10924231434701433,97
bm25,4,spatial,7,0.96,0.22747953316275882,0.025817420896539017,0.13552631578947366,0.05045170824112038,97
bm25,4,a_ratio,7,0.96,0.227317409434184,0.025926185662259207,0.13684210526315788,0.04825617082139475,97
bm25,4,nqc,7,0.96,0.1979882642650384,0.053155314986396314,0.12499999999999997,0.07120263020819867,97
bm25,4,spatial,7,0.98,0.22093691842800445,0.03052723704387542,0.13026315789473683,0.06008783459643862,97
bm25,4,a_ratio,7,0.98,0.2208271068072745,0.030612103478280417,0.1364035087719298,0.04897892442735811,97
bm25,4,nqc,7,0.98,0.2158371435876536,0.03468445241283886,0.13289473684210523,0.05509435768226517,97
bm25,4,spatial,7,1.0,0.21448019124270135,0.03586751506693525,0.1293859649122807,0.06183352376776574,97
bm25,4,a_ratio,7,1.0,0.21448019124270135,0.03586751506693525,0.1293859649122807,0.06183352376776574,97
bm25,4,nqc,7,1.0,0.21448019124270135,0.03586751506693525,0.1293859649122807,0.06183352376776574,97
bm25,4,spatial,8,0.0,0.4037614930131384,4.517046326188847e-05,0.24912280701754383,0.00032351427155757553,97
bm25,4,a_ratio,8,0.0,0.28828616161251697,0.004394638571430725,0.08026315789473683,0.2466700962299916,97
bm25,4,nqc,8,0.0,0.019703543426312253,0.8488828114964245,-0.008333333333333331,0.9042622467947524,97
bm25,4,spatial,8,0.02,0.4053366629800614,4.190179066202193e-05,0.25087719298245614,0.00029343605987257174,97
bm25,4,a_ratio,8,0.02,0.29246026113987933,0.0038343287815602242,0.08508771929824559,0.2194054884189932,97
bm25,4,nqc,8,0.02,0.020005868299993568,0.8465922296379744,-0.007456140350877191,0.9142987729055279,97
bm25,4,spatial,8,0.04,0.4068041319264545,3.905652005677459e-05,0.25175438596491223,0.0002793989335345861,97
bm25,4,a_ratio,8,0.04,0.29669377388171464,0.003332146465634881,0.0907894736842105,0.19005833264780647,97
bm25,4,nqc,8,0.04,0.020320807874296645,0.8442074276678261,-0.007456140350877191,0.9142987729055279,97
bm25,4,spatial,8,0.06,0.4081529562855938,3.6601383931551906e-05,0.2526315789473684,0.00026599295941046356,97
bm25,4,a_ratio,8,0.06,0.3009789122771424,0.0028846675201439544,0.09254385964912279,0.18163805178968873,97
bm25,4,nqc,8,0.06,0.02064916676643129,0.8417225068794223,-0.006578947368421051,0.9243489833566951,97
bm25,4,spatial,8,0.08,0.4093717740598821,3.4507610238300315e-05,0.25438596491228066,0.00024097016048905146,97
bm25,4,a_ratio,8,0.08,0.30530634095909887,0.002488292484759923,0.0995614035087719,0.15071347598911033,97
bm25,4,nqc,8,0.08,0.020991819349949592,0.8391310690655517,-0.006578947368421051,0.9243489833566951,97
bm25,4,spatial,8,0.1,0.4104488571162497,3.2750999513996875e-05,0.2587719298245614,0.00018773365369726365,97
bm25,4,a_ratio,8,0.1,0.30966500588621815,0.002139298471206096,0.09999999999999998,0.1489229247512205,97
bm25,4,nqc,8,0.1,0.02134971746298639,0.8364261629025479,-0.005701754385964911,0.9344112837195322,97
bm25,4,spatial,8,0.12,0.4113721758223025,3.131205458620729e-05,0.25964912280701746,0.0001785089263106937,97
bm25,4,a_ratio,8,0.12,0.314041960671156,0.0018338938492079523,0.10526315789473682,0.12868398973139064,97
bm25,4,nqc,8,0.12,0.02172389915904907,0.8336002233352549,-0.004824561403508771,0.9444840737693221,97
bm25,4,spatial,8,0.14,0.4121294766872383,3.017618436529977e-05,0.2622807017543859,0.0001533264537085578,97
bm25,4,a_ratio,8,0.14,0.3184221950410901,0.001568273977563499,0.1114035087719298,0.10784864986018966,97
bm25,4,nqc,8,0.14,0.02211549866819408,0.8306450028832069,-0.005263157894736841,0.9394464677531641,97
bm25,4,spatial,8,0.16,0.41270837342287636,2.9334008360917455e-05,0.25921052631578945,0.00018306667264307222,97
bm25,4,a_ratio,8,0.16,0.32278847192593435,0.0013386761367077966,0.11622807017543857,0.09343036497045672,97
bm25,4,nqc,8,0.16,0.022525757767941967,0.8275514935961393,-0.004824561403508771,0.9444840737693221,97
bm25,4,spatial,8,0.18,0.41309645152392716,2.8781795305015686e-05,0.2635964912280701,0.00014202757091789025,97
bm25,4,a_ratio,8,0.18,0.32712118142224395,0.0011414317954828912,0.12368421052631577,0.07423025092161463,97
bm25,4,nqc,8,0.18,0.02295603880158971,0.8243098381554749,-0.004385964912280701,0.9495239009595372,97
bm25,4,spatial,8,0.2,0.413281386082484,2.8522078161955663e-05,0.2640350877192982,0.00013843889663167622,97
bm25,4,a_ratio,8,0.2,0.3313982217649853,0.0009730144429366492,0.1289473684210526,0.06272198677177326,97
bm25,4,nqc,8,0.2,0.023407839628344196,0.8209092283392274,-0.003947368421052631,0.954565748248739,97
bm25,4,spatial,8,0.22,0.4132510721038426,2.856449956551365e-05,0.26447368421052625,0.0001349357629628827,97
bm25,4,a_ratio,8,0.22,0.3355949193505305,0.0008300814390044502,0.13684210526315788,0.04825617082139475,97
bm25,4,nqc,8,0.22,0.023882810847039054,0.8173377887297686,-0.003508771929824561,0.9596094143193218,97
bm25,4,spatial,8,0.24,0.41299376608792737,2.8926957254289508e-05,0.25921052631578945,0.00018306667264307222,97
bm25,4,a_ratio,8,0.24,0.3396840016338839,0.000709508676456766,0.13947368421052628,0.04410533540463598,97
bm25,4,nqc,8,0.24,0.024382775705827503,0.8135824431331629,-0.003508771929824561,0.9596094143193218,97
bm25,4,spatial,8,0.26,0.41249823709765165,2.9637139542550377e-05,0.25438596491228066,0.00024097016048905146,97
bm25,4,a_ratio,8,0.26,0.3436356381518245,0.0006084172783161782,0.1451754385964912,0.03613683367153821,97
bm25,4,nqc,8,0.26,0.024909753197660436,0.8096287606780314,-0.003070175438596491,0.9646546976352598,97
bm25,4,spatial,8,0.28,0.41175392497261426,3.073456772986976e-05,0.25307017543859645,0.0002595183880458877,97
bm25,4,a_ratio,8,0.28,0.3474175657201973,0.0005241920468969365,0.14429824561403506,0.037276435612080196,97
bm25,4,nqc,8,0.28,0.025465984950098552,0.8054607779490056,-0.0021929824561403503,0.9747493089119874,97
bm25,4,spatial,8,0.3,0.41075110279016036,3.227329744416235e-05,0.24999999999999994,0.0003081316971646934,97
bm25,4,a_ratio,8,0.3,0.35099531368434,0.00045449189249349654,0.14342105263157892,0.03844648726633986,97
bm25,4,nqc,8,0.3,0.026053966653977717,0.8010607927570318,-0.0013157894736842103,0.984847966341271,97
bm25,4,spatial,8,0.32,0.40948104015678766,3.4325476457850686e-05,0.24824561403508766,0.00033961331260065896,97
bm25,4,a_ratio,8,0.32,0.3543325436044955,0.0003972529598387993,0.1482456140350877,0.03237920648866719,97
bm25,4,nqc,8,0.32,0.026676484946407647,0.7964091242206595,0.00043859649122807013,0.9949490522405066,97
bm25,4,spatial,8,0.34,0.4079361634658738,3.6986015170875164e-05,0.25175438596491223,0.0002793989335345861,97
bm25,4,a_ratio,8,0.34,0.35739151458484913,0.00035068560186451563,0.1469298245614035,0.03394652748404876,97
bm25,4,nqc,8,0.34,0.027336660879767605,0.7914838326836352,0.00043859649122807013,0.9949490522405066,97
bm25,4,spatial,8,0.36,0.40611020891847993,4.037870077585732e-05,0.250438596491228,0.0003006998134497259,97
bm25,4,a_ratio,8,0.36,0.360133680333483,0.00031326669680556033,0.15131578947368418,0.028961443601471626,97
bm25,4,nqc,8,0.36,0.028038001383395725,0.7862603915674146,0.0008771929824561403,0.9898983068920344,97
bm25,4,spatial,8,0.38,0.4039983639070328,4.4664180469004444e-05,0.24912280701754383,0.00032351427155757553,97
bm25,4,a_ratio,8,0.38,0.36252041685399417,0.00028372905506685383,0.1535087719298245,0.026714571474982324,97
bm25,4,nqc,8,0.38,0.02878446047677119,0.7807113014782325,0.0008771929824561403,0.9898983068920344,97
bm25,4,spatial,8,0.4,0.40159739233687297,5.005035637570181e-05,0.24912280701754383,0.00032351427155757553,97
bm25,4,a_ratio,8,0.4,0.3645138705421349,0.00026104982207490724,0.15789473684210523,0.022668970827860974,97
bm25,4,nqc,8,0.4,0.029580512446770527,0.774805634663098,0.0017543859649122805,0.9797982329262411,97
bm25,4,spatial,8,0.42,0.3989057396301051,5.680587820977122e-05,0.25175438596491223,0.0002793989335345861,97
bm25,4,a_ratio,8,0.42,0.3660779058353324,0.0002444398738764677,0.16842105263157892,0.015061406503459098,97
bm25,4,nqc,8,0.42,0.030431239790476905,0.7685084951158171,0.003947368421052631,0.954565748248739,97
bm25,4,spatial,8,0.44,0.3959236135313192,6.527759115915058e-05,0.24078947368421047,0.0005100424668924873,97
bm25,4,a_ratio,8,0.44,0.367179120244916,0.00023333625680632304,0.17105263157894732,0.013553592603324118,97
bm25,4,nqc,8,0.44,0.03134243949488953,0.7617803761185833,0.004385964912280701,0.9495239009595372,97
bm25,4,spatial,8,0.46,0.3926530374136009,7.591299617567949e-05,0.2359649122807017,0.0006597266644986306,97
bm25,4,a_ratio,8,0.46,0.36778788374478844,0.00022739978054692276,0.17412280701754385,0.011964311224727613,97
bm25,4,nqc,8,0.46,0.03232075223910018,0.7545763925688155,0.005263157894736841,0.9394464677531641,97
bm25,4,spatial,8,0.48,0.3890978735496886,8.928900449050022e-05,0.23245614035087714,0.0007932274849806823,97
bm25,4,a_ratio,8,0.48,0.3678793505062879,0.00022651997371936296,0.17368421052631575,0.012180731335371816,97
bm25,4,nqc,8,0.48,0.0333738204514996,0.7468453598361926,0.005263157894736841,0.9394464677531641,97
bm25,4,spatial,8,0.5,0.3852638147362107,0.00010614850948052456,0.22850877192982452,0.0009731613713928938,97
bm25,4,a_ratio,8,0.5,0.36743438534330586,0.00023082978220234215,0.17850877192982453,0.009980624249260547,97
bm25,4,nqc,8,0.5,0.03451048295883083,0.7385286838104036,0.005701754385964911,0.9344112837195322,97
bm25,4,spatial,8,0.52,0.3811583436946145,0.00012744654165224565,0.22807017543859645,0.0009953330568858061,97
bm25,4,a_ratio,8,0.52,0.3664403462764716,0.00024073264474891226,0.18070175438596486,0.009103246710666093,97
bm25,4,nqc,8,0.52,0.035741016402391634,0.729559017858991,0.006140350877192982,0.9293787221862809,97
bm25,4,spatial,8,0.54,0.37679066076665074,0.00015440799211426684,0.22368421052631576,0.0012442476040664947,97
bm25,4,a_ratio,8,0.54,0.3648916691996213,0.00025694490398995467,0.1864035087719298,0.00713560971179531,97
bm25,4,nqc,8,0.54,0.03707743692352261,0.7198586311774386,0.007017543859649122,0.9193222670955983,97
bm25,4,spatial,8,0.56,0.3721715815145425,0.00018859905138393637,0.21666666666666662,0.0017644953964592808,97
bm25,4,a_ratio,8,0.56,0.36279021089838714,0.0002805568538501036,0.18991228070175434,0.006123535868103072,97
bm25,4,nqc,8,0.56,0.03853388020440429,0.7093374190102366,0.009649122807017543,0.8892365872632643,97
bm25,4,spatial,8,0.58,0.3673134068646852,0.00023201456715403647,0.21359649122807012,0.0020496840923188192,97
bm25,4,a_ratio,8,0.58,0.36014532195619436,0.00031311599266960156,0.19166666666666665,0.0056676554767862795,97
bm25,4,nqc,8,0.58,0.04012708433179747,0.6978904680396398,0.009649122807017543,0.8892365872632643,97
bm25,4,spatial,8,0.6,0.36222976934116524,0.0002871834196269906,0.20789473684210524,0.002694118757519195,97
bm25,4,a_ratio,8,0.6,0.3569736398980407,0.00035673610066998295,0.19429824561403505,0.0050410843610361605,97
bm25,4,nqc,8,0.6,0.04187700893215926,0.6853950697343584,0.011403508771929822,0.8692650265497066,97
bm25,4,spatial,8,0.62,0.3569354596722747,0.0003572936819409528,0.20614035087719296,0.0029268376346768604,97
bm25,4,a_ratio,8,0.62,0.3532986131586847,0.00041423539811670366,0.19298245614035084,0.005346085893178478,97
bm25,4,nqc,8,0.62,0.04380763680746004,0.6717070512147101,0.010964912280701752,0.8742506159554067,97
bm25,4,spatial,8,0.64,0.3514462385832882,0.000446338711116397,0.2052631578947368,0.0030499490794706602,97
bm25,4,a_ratio,8,0.64,0.3491497857338937,0.0004893060409091762,0.19035087719298244,0.0060065708523342936,97
bm25,4,nqc,8,0.64,0.04594802270030619,0.6566562695389435,0.011842105263157893,0.8642846291310888,97
bm25,4,spatial,8,0.66,0.3457786388905515,0.0005592843460470299,0.20263157894736838,0.0034481555035308746,97
bm25,4,a_ratio,8,0.66,0.3445618884319158,0.0005867153499738325,0.1894736842105263,0.006242548211379331,97
bm25,4,nqc,8,0.66,0.04833368061420451,0.6400410973523363,0.013596491228070173,0.8444188289548002,97
bm25,4,spatial,8,0.68,0.3399497630805251,0.0007022560394278233,0.20087719298245613,0.0037393284863613424,97
bm25,4,a_ratio,8,0.68,0.3395737937597873,0.0007125362866286078,0.18333333333333332,0.008141731588545092,97
bm25,4,nqc,8,0.68,0.051008440592469645,0.6216217297362409,0.013157894736842103,0.8493765252593968,97
bm25,4,spatial,8,0.7,0.3339770814033966,0.0008827430223817259,0.1960526315789473,0.004658897081724128,97
bm25,4,a_ratio,8,0.7,0.3342273967175238,0.0008744007509914641,0.18289473684210522,0.008295385577532875,97
bm25,4,nqc,8,0.7,0.054026964645361136,0.6011121949213285,0.018421052631578942,0.7903319415119258,97
bm25,4,spatial,8,0.72,0.32787823515862474,0.0011098145457371198,0.19429824561403505,0.0050410843610361605,97
bm25,4,a_ratio,8,0.72,0.32856648307862707,0.0010817644816352402,0.18333333333333332,0.008141731588545092,97
bm25,4,nqc,8,0.72,0.057458199850420846,0.578171121552314,0.022807017543859644,0.7420164201662911,97
bm25,4,spatial,8,0.74,0.32167084933417206,0.0013943409713665497,0.1921052631578947,0.00555857730471879,97
bm25,4,a_ratio,8,0.74,0.3226356408525013,0.0013461671275162678,0.18245614035087715,0.008451628874483844,97
bm25,4,nqc,8,0.74,0.06139018014070176,0.5523917417626844,0.026754385964912277,0.6993793181888966,97
bm25,4,spatial,8,0.76,0.31537235812410047,0.0017492101730681923,0.18684210526315786,0.007001377469104526,97
bm25,4,a_ratio,8,0.76,0.31647926087303174,0.0016814661713760025,0.17850877192982453,0.009980624249260547,97
bm25,4,nqc,8,0.76,0.06593678978669204,0.5232925832203839,0.03421052631578947,0.6214641103401906,97
bm25,4,spatial,8,0.78,0.30899984613540876,0.0021895275751270967,0.17982456140350875,0.009445580206528057,97
bm25,4,a_ratio,8,0.78,0.31014066043875615,0.0021040197212457974,0.16973684210526313,0.01428996478556036,97
bm25,4,nqc,8,0.78,0.07124740112856702,0.4903124267565276,0.03245614035087718,0.6394595858942697,97
bm25,4,spatial,8,0.8,0.3025699073484284,0.0027327864684664606,0.17412280701754385,0.011964311224727613,97
bm25,4,a_ratio,8,0.8,0.30366135123624577,0.002632791699135261,0.16578947368421051,0.01671505177868845,97
bm25,4,nqc,8,0.8,0.07752072403165702,0.4528176083887254,0.03728070175438596,0.5905151548916238,97
bm25,4,spatial,8,0.82,0.29609852315614915,0.0033989942647359938,0.17017543859649117,0.014040677766436126,97
bm25,4,a_ratio,8,0.82,0.29708046076536204,0.0032893544086312716,0.16359649122807016,0.01821275950357213,97
bm25,4,nqc,8,0.82,0.08502473087065056,0.41013904913283633,0.04342105263157894,0.5308452926223248,97
bm25,4,spatial,8,0.84,0.28960096011049263,0.004210740311835639,0.16666666666666666,0.01614693659786587,97
bm25,4,a_ratio,8,0.84,0.29043430613578824,0.004097768227309559,0.16008771929824558,0.02085383817174601,97
bm25,4,nqc,8,0.84,0.09412488754020079,0.3616748849131712,0.04342105263157894,0.5308452926223248,97
bm25,4,spatial,8,0.86,0.28309168737447044,0.005193191964788836,0.162719298245614,0.018843982626781136,97
bm25,4,a_ratio,8,0.86,0.2837561109861487,0.00508432607367151,0.15701754385964908,0.02343259236880532,97
bm25,4,nqc,8,0.86,0.10532196797557201,0.3071283616899308,0.04956140350877192,0.4743972995987332,97
bm25,4,spatial,8,0.88,0.27658431333686073,0.006374007845964152,0.15921052631578944,0.02156410311246367,97
bm25,4,a_ratio,8,0.88,0.27707585057598916,0.006277160594125422,0.15219298245614032,0.02804388848739258,97
bm25,4,nqc,8,0.88,0.11929411017286222,0.2469999484184491,0.06798245614035085,0.32648312465382767,97
bm25,4,spatial,8,0.9,0.2700915404011335,0.007783160577894767,0.15482456140350873,0.025440028065994644,97
bm25,4,a_ratio,8,0.9,0.27042020670238703,0.007705723484350527,0.1508771929824561,0.029429833054879267,97
bm25,4,nqc,8,0.9,0.13691032351373233,0.18347132993822524,0.08333333333333333,0.22905812271994552,97
bm25,4,spatial,8,0.92,0.26362513661642595,0.009452665542876085,0.14736842105263154,0.03341702989433397,97
bm25,4,a_ratio,8,0.92,0.2638126126824978,0.00940015753027393,0.15438596491228068,0.025858902807275798,97
bm25,4,nqc,8,0.92,0.15908568528869266,0.12158044668820743,0.09999999999999998,0.1489229247512205,97
bm25,4,spatial,8,0.94,0.25719592257291124,0.011416217116144173,0.1451754385964912,0.03613683367153821,97
bm25,4,a_ratio,8,0.94,0.25727336880315566,0.011390591381286178,0.1478070175438596,0.03289461425077135,97
bm25,4,nqc,8,0.94,0.18605895179865337,0.0695237666529764,0.12456140350877191,0.07220038663462734,97
bm25,4,spatial,8,0.96,0.2508137718299501,0.013708738952667976,0.14254385964912278,0.039647609686786496,97
bm25,4,a_ratio,8,0.96,0.25081980992689656,0.013706393595473414,0.14736842105263154,0.03341702989433397,97
bm25,4,nqc,8,0.96,0.21514908448213876,0.035280174361832846,0.13245614035087716,0.05590173788646047,97
bm25,4,spatial,8,0.98,0.24448762307260521,0.016365859862831903,0.14078947368421052,0.042145582897418356,97
bm25,4,a_ratio,8,0.98,0.244466508950204,0.016375425442376884,0.14298245614035085,0.03904312556346961,97
bm25,4,nqc,8,0.98,0.23702122608055012,0.020064478515762367,0.14078947368421052,0.042145582897418356,97
bm25,4,spatial,8,1.0,0.2382255021882944,0.01942333118211426,0.13947368421052628,0.04410533540463598,97
bm25,4,a_ratio,8,1.0,0.2382255021882944,0.01942333118211426,0.13947368421052628,0.04410533540463598,97
bm25,4,nqc,8,1.0,0.2382255021882944,0.01942333118211426,0.13947368421052628,0.04410533540463598,97
bm25,4,spatial,9,0.0,0.4037614930131384,4.517046326188847e-05,0.24912280701754383,0.00032351427155757553,97
bm25,4,a_ratio,9,0.0,0.28828616161251697,0.004394638571430725,0.08026315789473683,0.2466700962299916,97
bm25,4,nqc,9,0.0,0.019703543426312253,0.8488828114964245,-0.008333333333333331,0.9042622467947524,97
bm25,4,spatial,9,0.02,0.4045103820080497,4.3587842275267295e-05,0.24912280701754383,0.00032351427155757553,97
bm25,4,a_ratio,9,0.02,0.292252862559101,0.0038605836469063942,0.08596491228070174,0.21469019566351544,97
bm25,4,nqc,9,0.02,0.019981355324539485,0.8467779063726012,-0.007456140350877191,0.9142987729055279,97
bm25,4,spatial,9,0.04,0.4051224602369743,4.23329338490864e-05,0.25307017543859645,0.0002595183880458877,97
bm25,4,a_ratio,9,0.04,0.2962653718841631,0.003380136713048806,0.09210526315789472,0.18371670779212068,97
bm25,4,nqc,9,0.04,0.020270782694086206,0.8445861376887998,-0.007456140350877191,0.9142987729055279,97
bm25,4,spatial,9,0.06,0.405587358051184,4.1402402733103927e-05,0.2552631578947368,0.00022930364440164065,97
bm25,4,a_ratio,9,0.06,0.30031414423814523,0.002950342886226456,0.0982456140350877,0.1561836121302155,97
bm25,4,nqc,9,0.06,0.02057256782529382,0.8423020467331332,-0.006578947368421051,0.9243489833566951,97
bm25,4,spatial,9,0.08,0.4058945457315685,4.0798055547387915e-05,0.25482456140350873,0.00023506899651749467,97
bm25,4,a_ratio,9,0.08,0.3043878651074666,0.0025680676522936287,0.10043859649122806,0.1471486593101641,97
bm25,4,nqc,9,0.08,0.020887517474082865,0.839919710523206,-0.006578947368421051,0.9243489833566951,97
bm25,4,spatial,9,0.1,0.40603340764069185,4.052757650391739e-05,0.2557017543859649,0.00022367120423335903,97
bm25,4,a_ratio,9,0.1,0.30847326574334755,0.002230043512937706,0.10921052631578945,0.11495986919059359,97
bm25,4,nqc,9,0.1,0.021216509996827074,0.8374326917182513,-0.006140350877192982,0.9293787221862809,97
bm25,4,spatial,9,0.12,0.405993326734314,4.060547483206078e-05,0.2570175438596491,0.00020754319542769554,97
bm25,4,a_ratio,9,0.12,0.31255493927140937,0.0019329198460058393,0.11403508771929823,0.09977996424599991,97
bm25,4,nqc,9,0.12,0.021560503451571733,0.8348339819538162,-0.005701754385964911,0.9344112837195322,97
bm25,4,spatial,9,0.14,0.40576377923172346,4.105430594202992e-05,0.26052631578947366,0.00016971167166230354,97
bm25,4,a_ratio,9,0.14,0.3166151649164154,0.0016733144434561632,0.11710526315789471,0.09098308908453943,97
bm25,4,nqc,9,0.14,0.021920544821349697,0.8321159375775753,-0.004385964912280701,0.9495239009595372,97
bm25,4,spatial,9,0.16,0.40533443892866916,4.190624605672067e-05,0.2622807017543859,0.0001533264537085578,97
bm25,4,a_ratio,9,0.16,0.32063374926874777,0.0014478650462975157,0.12719298245614033,0.06638202051764104,97
bm25,4,nqc,9,0.16,0.022297780544619006,0.8292702065811681,-0.003070175438596491,0.9646546976352598,97
bm25,4,spatial,9,0.18,0.40469529028209983,4.3205122973275874e-05,0.2614035087719298,0.0001613234254369054,97
bm25,4,a_ratio,9,0.18,0.3245878956930405,0.001253279154906097,0.1359649122807017,0.04971074224007309,97
bm25,4,nqc,9,0.18,0.022693468573432227,0.8262876453019101,-0.0021929824561403503,0.9747493089119874,97
bm25,4,spatial,9,0.2,0.40383674901108124,4.500903526015719e-05,0.2574561403508771,0.0002024145160928557,97
bm25,4,a_ratio,9,0.2,0.3284521152210715,0.0010863804716707967,0.14078947368421052,0.042145582897418356,97
bm25,4,nqc,9,0.2,0.02310899222339574,0.8231582232008853,-0.003070175438596491,0.9646546976352598,97
bm25,4,spatial,9,0.22,0.40274978855584564,4.7393730381454764e-05,0.2557017543859649,0.00022367120423335903,97
bm25,4,a_ratio,9,0.22,0.3321981944016799,0.000944150537334268,0.14561403508771928,0.03557825904670918,97
bm25,4,nqc,9,0.22,0.023545876132752427,0.8198709136997181,-0.003070175438596491,0.9646546976352598,97
bm25,4,spatial,9,0.24,0.4014260703333651,5.045696118797933e-05,0.25438596491228066,0.00024097016048905146,97
bm25,4,a_ratio,9,0.24,0.33579523734541294,0.0008237644470233211,0.1482456140350877,0.03237920648866719,97
bm25,4,nqc,9,0.24,0.024005804713552126,0.816413568663605,-0.0021929824561403503,0.9747493089119874,97
bm25,4,spatial,9,0.26,0.39985807534291273,5.432410255937918e-05,0.2552631578947368,0.00022930364440164065,97
bm25,4,a_ratio,9,0.26,0.3392098002667045,0.0007226199589377067,0.1526315789473684,0.027594583190492877,97
bm25,4,nqc,9,0.26,0.024490643559110806,0.8127727736357317,-0.0021929824561403503,0.9747493089119874,97
bm25,4,spatial,9,0.28,0.398039234331157,5.915538875510795e-05,0.2526315789473684,0.00026599295941046356,97
bm25,4,a_ratio,9,0.28,0.3424061367868733,0.0006383598097117373,0.15438596491228068,0.025858902807275798,97
bm25,4,nqc,9,0.28,0.02500246437301419,0.8089336803363908,-0.00043859649122807013,0.9949490522405066,97
bm25,4,spatial,9,0.3,0.39596405344738606,6.515523057575517e-05,0.24824561403508766,0.00033961331260065896,97
bm25,4,a_ratio,9,0.3,0.34534657066897323,0.0005688875909008404,0.15745614035087718,0.023048035126692692,97
bm25,4,nqc,9,0.3,0.02554357411129006,0.8048798122111125,0.0013157894736842103,0.984847966341271,97
bm25,4,spatial,9,0.32,0.3936282321292949,7.258419320426771e-05,0.25131578947368416,0.0002863369173575716,97
bm25,4,a_ratio,9,0.32,0.34799200907036004,0.0005123780854497101,0.15745614035087718,0.023048035126692692,97
bm25,4,nqc,9,0.32,0.026116549188259536,0.8005928379107163,0.0008771929824561403,0.9898983068920344,97
bm25,4,spatial,9,0.34,0.3910287698803426,8.177436379739776e-05,0.2478070175438596,0.00034794104688647836,97
bm25,4,a_ratio,9,0.34,0.35030260346669917,0.0004672834816160836,0.1640350877192982,0.017904148159161914,97
bm25,4,nqc,9,0.34,0.02672427579749234,0.7960523064668866,0.0026315789473684206,0.9697013964662655,97
bm25,4,spatial,9,0.36,0.3881640586488767,9.314901491498624e-05,0.2478070175438596,0.00034794104688647836,97
bm25,4,a_ratio,9,0.36,0.3522385569558271,0.0004323373564126525,0.168859649122807,0.014800278325359423,97
bm25,4,nqc,9,0.36,0.027369997654881906,0.7912353365315244,0.0026315789473684206,0.9697013964662655,97
bm25,4,spatial,9,0.38,0.38503395770932747,0.00010724767639815625,0.24254385964912276,0.00046395436170867623,97
bm25,4,a_ratio,9,0.38,0.35376106582709704,0.0004065587484110266,0.17324561403508767,0.01240061333688213,97
bm25,4,nqc,9,0.38,0.02805737279804016,0.7861162503013989,0.003508771929824561,0.9596094143193218,97
bm25,4,spatial,9,0.4,0.3816398482807979,0.00012475796212973398,0.23903508771929818,0.0005603701088308085,97
bm25,4,a_ratio,9,0.4,0.35483337062278114,0.00038925903430156905,0.18114035087719296,0.008936269357215086,97
bm25,4,nqc,9,0.4,0.02879054149781604,0.7806661405543751,0.005263157894736841,0.9394464677531641,97
bm25,4,spatial,9,0.42,0.3779846655939647,0.00014655575255406172,0.23070175438596488,0.000869004617248621,97
bm25,4,a_ratio,9,0.42,0.35542187843133966,0.00038005471196242354,0.18289473684210522,0.008295385577532875,97
bm25,4,nqc,9,0.42,0.02957420788476864,0.7748523564539536,0.004824561403508771,0.9444840737693221,97
bm25,4,spatial,9,0.44,0.3740729067189529,0.00017375559586568757,0.22807017543859645,0.0009953330568858061,97
bm25,4,a_ratio,9,0.44,0.3554973052974961,0.00037888960844723073,0.181578947368421,0.008772032874754584,97
bm25,4,nqc,9,0.44,0.030413738608360066,0.7686378902717091,0.005263157894736841,0.9394464677531641,97
bm25,4,spatial,9,0.46,0.3699106131710973,0.00020777343894509226,0.2228070175438596,0.0013004656192157056,97
bm25,4,a_ratio,9,0.46,0.3550357771976942,0.0003860705030915143,0.19035087719298244,0.0060065708523342936,97
bm25,4,nqc,9,0.46,0.031315282788129034,0.761980642721912,0.007017543859649122,0.9193222670955983,97
bm25,4,spatial,9,0.48,0.365505328086495,0.00025040400160489804,0.21929824561403505,0.0015495867057188555,97
bm25,4,a_ratio,9,0.48,0.35401982188329145,0.0004023206930529384,0.19473684210526312,0.00494296865650076,97
bm25,4,nqc,9,0.48,0.03228591876592918,0.7548325389269711,0.007017543859649122,0.9193222670955983,97
bm25,4,spatial,9,0.5,0.360866028566755,0.00030391522096178677,0.21885964912280698,0.001583643031304207,97
bm25,4,a_ratio,9,0.5,0.35243918365752924,0.00042885660220462224,0.19780701754385963,0.004303135489039045,97
bm25,4,nqc,9,0.5,0.03333383484137688,0.7471384597886089,0.006578947368421051,0.9243489833566951,97
bm25,4,spatial,9,0.52,0.35600303459072224,0.0003711621613474855,0.21184210526315786,0.0022310577254778404,97
bm25,4,a_ratio,9,0.52,0.3502913998220641,0.00046749305702314476,0.19736842105263155,0.0043896882161837195,97
bm25,4,nqc,9,0.52,0.03446855343207457,0.7388349442888809,0.007456140350877191,0.9142987729055279,97
bm25,4,spatial,9,0.54,0.35092789663822577,0.0004557225436809687,0.2039473684210526,0.00324348853932908,97
bm25,4,a_ratio,9,0.54,0.3475820911619875,0.0005207831594463919,0.19692982456140345,0.004477815959740704,97
bm25,4,nqc,9,0.54,0.03570121117966747,0.7298486064460045,0.009210526315789471,0.8942409928983389,97
bm25,4,spatial,9,0.56,0.3456532648277896,0.0005620555258242316,0.20307017543859646,0.0033786625934052374,97
bm25,4,a_ratio,9,0.56,0.34432493839169814,0.0005921985203178643,0.20043859649122803,0.0038155311548393224,97
bm25,4,nqc,9,0.56,0.03704491176058232,0.7200941956639014,0.010087719298245612,0.8842365917819822,97
bm25,4,spatial,9,0.58,0.3401927429035733,0.0006956844939003045,0.20043859649122803,0.0038155311548393224,97
bm25,4,a_ratio,9,0.58,0.3405413398785513,0.0006863546350114605,0.19561403508771927,0.004751901569999453,97
bm25,4,nqc,9,0.58,0.038515174050749404,0.7094722103485873,0.012280701754385963,0.8593096176685738,97
bm25,4,spatial,9,0.6,0.33456073079181436,0.0008634033496352511,0.19824561403508767,0.004218133036173916,97
bm25,4,a_ratio,9,0.6,0.3362597703868524,0.0008092839892149194,0.19429824561403505,0.0050410843610361605,97
bm25,4,nqc,9,0.6,0.04013050656654471,0.6978659513069765,0.012719298245614033,0.8543401854899793,97
bm25,4,spatial,9,0.62,0.3287722596688608,0.0010735040744924195,0.1951754385964912,0.004846583300035788,97
bm25,4,a_ratio,9,0.62,0.3315148829908848,0.0009687557040165221,0.19429824561403505,0.0050410843610361605,97
bm25,4,nqc,9,0.62,0.041913150847433286,0.6851378733961694,0.012280701754385963,0.8593096176685738,97
bm25,4,spatial,9,0.64,0.3228428235377574,0.001336021235324586,0.19298245614035084,0.005346085893178478,97
bm25,4,a_ratio,9,0.64,0.3263464139606197,0.0011746349347720388,0.18728070175438594,0.006869417363886626,97
bm25,4,nqc,9,0.64,0.04389005329525229,0.6711250621307592,0.010526315789473682,0.8792412027606161,97
bm25,4,spatial,9,0.66,0.31678821120472467,0.0016629866437180261,0.19035087719298244,0.0060065708523342936,97
bm25,4,a_ratio,9,0.66,0.32079796140310085,0.0014392678929304181,0.18859649122807015,0.006486839186137605,97
bm25,4,nqc,9,0.66,0.04609414941896334,0.6556336302974993,0.012719298245614033,0.8543401854899793,97
bm25,4,spatial,9,0.68,0.310624342296736,0.0020686847342109853,0.18552631578947365,0.007411025603920558,97
bm25,4,a_ratio,9,0.68,0.3149157119265427,0.0017778697727892359,0.17850877192982453,0.009980624249260547,97
bm25,4,nqc,9,0.68,0.04856608022342,0.6384318083004275,0.011403508771929822,0.8692650265497066,97
bm25,4,spatial,9,0.7,0.30436711059003113,0.002569896594933731,0.17982456140350875,0.009445580206528057,97
bm25,4,a_ratio,9,0.7,0.30874718591496064,0.0022088840719411483,0.1776315789473684,0.010352157028285932,97
bm25,4,nqc,9,0.7,0.05135651336198026,0.6192415152189861,0.016666666666666663,0.8098979165995264,97
bm25,4,spatial,9,0.72,0.2980322374552412,0.0031861182352024564,0.17236842105263153,0.012850949167755494,97
bm25,4,a_ratio,9,0.72,0.3023400624522248,0.002754274313083764,0.17105263157894732,0.013553592603324118,97
bm25,4,nqc,9,0.72,0.0545293202790135,0.5977282998596885,0.022368421052631576,0.7468059721962819,97
bm25,4,spatial,9,0.74,0.291635137698659,0.003939736910216426,0.16491228070175434,0.01730064203878925,97
bm25,4,a_ratio,9,0.74,0.2957411314190468,0.0034397047908428886,0.16798245614035084,0.015326584176287853,97
bm25,4,nqc,9,0.74,0.05816597750724535,0.5734898514419176,0.022368421052631576,0.7468059721962819,97
bm25,4,spatial,9,0.76,0.28519079952217485,0.0048561484459309955,0.1644736842105263,0.017600127768823963,97
bm25,4,a_ratio,9,0.76,0.28899540490909914,0.0042945673575864995,0.16798245614035084,0.015326584176287853,97
bm25,4,nqc,9,0.76,0.0623717326050721,0.5460440545225296,0.026315789473684206,0.7040731029869403,97
bm25,4,spatial,9,0.78,0.2787136797654179,0.005963798779078133,0.16052631578947366,0.0205064150417212,97
bm25,4,a_ratio,9,0.78,0.28214540481153105,0.005351817542462778,0.16535087719298242,0.01700563515421435,97
bm25,4,nqc,9,0.78,0.06728432131760054,0.5148193499178231,0.0337719298245614,0.6259423572693519,97
bm25,4,spatial,9,0.8,0.27221761505795544,0.00729413452578989,0.15526315789473683,0.025027037161781087,97
bm25,4,a_ratio,9,0.8,0.2752306297072114,0.006647595621654425,0.16228070175438594,0.0191667093911976,97
bm25,4,nqc,9,0.8,0.0730863453376356,0.47915411624166493,0.03859649122807017,0.5774720519086318,97
bm25,4,spatial,9,0.82,0.2657157490175267,0.008881450373871582,0.15219298245614032,0.02804388848739258,97
bm25,4,a_ratio,9,0.82,0.2682871931051074,0.008220625612255015,0.15921052631578944,0.02156410311246367,97
bm25,4,nqc,9,0.82,0.08002274267332204,0.4383202678540313,0.041666666666666664,0.5475773816129212,97
bm25,4,spatial,9,0.84,0.2592204751972622,0.010762625370506072,0.15219298245614032,0.02804388848739258,97
bm25,4,a_ratio,9,0.84,0.26134761694391595,0.010111405452751174,0.15570175438596487,0.024619863763397806,97
bm25,4,nqc,9,0.84,0.08842472622442624,0.3916037951110961,0.046929824561403495,0.49817762339289917,97
bm25,4,spatial,9,0.86,0.2527433951203318,0.01297674551210812,0.1508771929824561,0.029429833054879267,97
bm25,4,a_ratio,9,0.86,0.2544407591911224,0.012361222058602865,0.1535087719298245,0.026714571474982324,97
bm25,4,nqc,9,0.86,0.09873970890269812,0.3385087181225798,0.04780701754385964,0.49018107551697765,97
bm25,4,spatial,9,0.88,0.24629529044904275,0.015564616067339975,0.14912280701754385,0.031369120531165556,97
bm25,4,a_ratio,9,0.88,0.2475918519552815,0.015011042561870651,0.15307017543859647,0.02715150040857788,97
bm25,4,nqc,9,0.88,0.11155819653547538,0.27920533605847386,0.06491228070175437,0.3488053465027995,97
bm25,4,spatial,9,0.9,0.2398861081171909,0.018568173313980158,0.15043859649122804,0.029904724291647766,97
bm25,4,a_ratio,9,0.9,0.2408226262731526,0.018100345381113523,0.1508771929824561,0.029429833054879267,97
bm25,4,nqc,9,0.9,0.12759760269367842,0.2153861536729277,0.08114035087719297,0.24154399271289795,97
bm25,4,spatial,9,0.92,0.23352495710601756,0.022029811337877247,0.1478070175438596,0.03289461425077135,97
bm25,4,a_ratio,9,0.92,0.23415150106354338,0.021665960275303327,0.14736842105263154,0.03341702989433397,97
bm25,4,nqc,9,0.92,0.1475033423116664,0.15152731069944606,0.09999999999999998,0.1489229247512205,97
bm25,4,spatial,9,0.94,0.22722011545919232,0.025991644734624536,0.1451754385964912,0.03613683367153821,97
bm25,4,a_ratio,9,0.94,0.22759381610046692,0.025740984825628314,0.14429824561403506,0.037276435612080196,97
bm25,4,nqc,9,0.94,0.17106643924465084,0.09562304310561895,0.1219298245614035,0.07842990329741044,97
bm25,4,spatial,9,0.96,0.2209790461029653,0.03049473204925591,0.1421052631578947,0.040260018266768394,97
bm25,4,a_ratio,9,0.96,0.22116209177350454,0.030353836589554577,0.14342105263157892,0.03844648726633986,97
bm25,4,nqc,9,0.96,0.19514493039949432,0.05673631537053991,0.12149122807017541,0.07950949270058337,97
bm25,4,spatial,9,0.98,0.21480842005495068,0.03557828727935547,0.13947368421052628,0.04410533540463598,97
bm25,4,a_ratio,9,0.98,0.21486630149957597,0.035527487060911356,0.13991228070175438,0.04344370723734423,97
bm25,4,nqc,9,0.98,0.211083636641956,0.038978020485417327,0.13464912280701752,0.05196142228840072,97
bm25,4,spatial,9,1.0,0.20871414565975208,0.04127890759006168,0.13728070175438595,0.04754239775881143,97
bm25,4,a_ratio,9,1.0,0.20871414565975208,0.04127890759006168,0.13728070175438595,0.04754239775881143,97
bm25,4,nqc,9,1.0,0.20871414565975208,0.04127890759006168,0.13728070175438595,0.04754239775881143,97
bm25,4,spatial,10,0.0,0.4037614930131384,4.517046326188847e-05,0.24912280701754383,0.00032351427155757553,97
bm25,4,a_ratio,10,0.0,0.28828616161251697,0.004394638571430725,0.08026315789473683,0.2466700962299916,97
bm25,4,nqc,10,0.0,0.019703543426312253,0.8488828114964245,-0.008333333333333331,0.9042622467947524,97
bm25,4,spatial,10,0.02,0.4039446190452981,4.477858700484873e-05,0.2464912280701754,0.0003740846525535562,97
bm25,4,a_ratio,10,0.02,0.29158981844667303,0.003945600666675099,0.08421052631578946,0.2241946713631342,97
bm25,4,nqc,10,0.02,0.019937354035616514,0.847111220874518,-0.007894736842105262,0.9092786999029837,97
bm25,4,spatial,10,0.04,0.4039772241955182,4.470914793358963e-05,0.25175438596491223,0.0002793989335345861,97
bm25,4,a_ratio,10,0.04,0.2949130161230398,0.003535718360029411,0.09298245614035086,0.1795768982922561,97
bm25,4,nqc,10,0.04,0.020180939822794328,0.8452663717678953,-0.007456140350877191,0.9142987729055279,97
bm25,4,spatial,10,0.06,0.4038487834069248,4.4983270835418673e-05,0.2570175438596491,0.00020754319542769554,97
bm25,4,a_ratio,10,0.06,0.2982455777232288,0.0031633803613751875,0.09561403508771928,0.16757380578909498,97
bm25,4,nqc,10,0.06,0.020434925446157895,0.8433436461142824,-0.006578947368421051,0.9243489833566951,97
bm25,4,spatial,10,0.08,0.4035486436709226,4.5629965450608375e-05,0.25131578947368416,0.0002863369173575716,97
bm25,4,a_ratio,10,0.08,0.30157566290725274,0.002826833453239067,0.10087719298245612,0.1453906019949319,97
bm25,4,nqc,10,0.08,0.02069998981199797,0.8413380313865506,-0.006140350877192982,0.9293787221862809,97
bm25,4,spatial,10,0.1,0.4030661041426793,4.6687877327975434e-05,0.2552631578947368,0.00022930364440164065,97
bm25,4,a_ratio,10,0.1,0.3048896100062508,0.002524207431866927,0.10394736842105262,0.13353138509204263,97
bm25,4,nqc,10,0.1,0.020976872078499534,0.8392440777937697,-0.006140350877192982,0.9293787221862809,97
bm25,4,spatial,10,0.12,0.40239050723666603,4.820752966884951e-05,0.2570175438596491,0.00020754319542769554,97
bm25,4,a_ratio,10,0.12,0.30817178256702643,0.002253543208788174,0.10570175438596488,0.1270989390651351,97
bm25,4,nqc,10,0.12,0.02126637847282202,0.8370558498209406,-0.006140350877192982,0.9293787221862809,97
bm25,4,spatial,10,0.14,0.40151134047357234,5.0254202966165986e-05,0.2587719298245614,0.00018773365369726365,97
bm25,4,a_ratio,10,0.14,0.3114044271307937,0.0020128234867762902,0.11096491228070172,0.10924231434701433,97
bm25,4,nqc,10,0.14,0.021569390052407267,0.8347668712200671,-0.005701754385964911,0.9344112837195322,97
bm25,4,spatial,10,0.16,0.4004183485036298,5.2911643976351386e-05,0.26008771929824553,0.00017405803633866392,97
bm25,4,a_ratio,10,0.16,0.3145675508118392,0.0018000053235299022,0.11842105263157893,0.08740910208359153,97
bm25,4,nqc,10,0.16,0.021886871566212635,0.832370062403873,-0.004824561403508771,0.9444840737693221,97
bm25,4,spatial,10,0.18,0.39910165434056344,5.628685387742289e-05,0.2614035087719298,0.0001613234254369054,97
bm25,4,a_ratio,10,0.18,0.31763882915102665,0.0016130538437118876,0.12105263157894736,0.08060113304798304,97
bm25,4,nqc,10,0.18,0.02221988160151038,0.8298576689987124,-0.003508771929824561,0.9596094143193218,97
bm25,4,spatial,10,0.2,0.3975518884145733,6.051628121309889e-05,0.2574561403508771,0.0002024145160928557,97
bm25,4,a_ratio,10,0.2,0.3205935566402081,0.001449976370427999,0.12719298245614033,0.06638202051764104,97
bm25,4,nqc,10,0.2,0.022569584238457452,0.8272211800770249,-0.003508771929824561,0.9596094143193218,97
bm25,4,spatial,10,0.22,0.39576032360604363,6.577384311421117e-05,0.25307017543859645,0.0002595183880458877,97
bm25,4,a_ratio,10,0.22,0.32340465407392255,0.0013088563340295089,0.12982456140350873,0.06095550235659266,97
bm25,4,nqc,10,0.22,0.022937262479471504,0.8244512343025092,-0.003947368421052631,0.954565748248739,97
bm25,4,spatial,10,0.24,0.3937190139724165,7.228132396669136e-05,0.25175438596491223,0.0002793989335345861,97
bm25,4,a_ratio,10,0.24,0.3260427482446668,0.0011878864893349191,0.13114035087719295,0.058383209330321456,97
bm25,4,nqc,10,0.24,0.023324333775677816,0.8215375118702465,-0.003508771929824561,0.9596094143193218,97
bm25,4,spatial,10,0.26,0.39142093445149095,8.032186068996432e-05,0.25131578947368416,0.0002863369173575716,97
bm25,4,a_ratio,10,0.26,0.32847634015003885,0.0010854012381761088,0.1359649122807017,0.04971074224007309,97
bm25,4,nqc,10,0.26,0.023732368041054983,0.8184686096937556,-0.003508771929824561,0.9596094143193218,97
bm25,4,spatial,10,0.28,0.38886011844081736,9.025742531913393e-05,0.24999999999999994,0.0003081316971646934,97
bm25,4,a_ratio,10,0.28,0.33067207745929367,0.0009999082150618649,0.14166666666666664,0.04088043032540512,97
bm25,4,nqc,10,0.28,0.024163108629946306,0.8152318967609281,-0.0017543859649122805,0.9797982329262411,97
bm25,4,spatial,10,0.3,0.38603178984268727,0.00010255146608373998,0.2464912280701754,0.0003740846525535562,97
bm25,4,a_ratio,10,0.3,0.33259514509865185,0.0009301197494745859,0.143859649122807,0.03785761656074964,97
bm25,4,nqc,10,0.3,0.024618496859947436,0.8118133459252839,-0.0013157894736842103,0.984847966341271,97
bm25,4,spatial,10,0.32,0.382932485955098,0.00011779817442920967,0.24254385964912276,0.00046395436170867623,97
bm25,4,a_ratio,10,0.32,0.3342097840836074,0.0008749853677698427,0.14473684210526314,0.03670286698982216,97
bm25,4,nqc,10,0.32,0.025100700795888234,0.8081973375843783,0.00043859649122807013,0.9949490522405066,97
bm25,4,spatial,10,0.34,0.3795601675067184,0.00013676021213855993,0.23947368421052628,0.0005473717769045106,97
bm25,4,a_ratio,10,0.34,0.33547994286860394,0.0008337271410677101,0.1469298245614035,0.03394652748404876,97
bm25,4,nqc,10,0.34,0.025612149179704544,0.8043664296806041,0.0013157894736842103,0.984847966341271,97
bm25,4,spatial,10,0.36,0.3759143121994261,0.0001604171603504392,0.23640350877192978,0.0006445938679827261,97
bm25,4,a_ratio,10,0.36,0.3363700573994129,0.000805880426287318,0.15043859649122804,0.029904724291647766,97
bm25,4,nqc,10,0.36,0.026155571606086447,0.8003010871844122,0.0013157894736842103,0.984847966341271,97
bm25,4,spatial,10,0.38,0.37199598834985026,0.00019002743404235816,0.23289473684210524,0.0007752661095537938,97
bm25,4,a_ratio,10,0.38,0.33684594592476247,0.0007913433922754879,0.1526315789473684,0.027594583190492877,97
bm25,4,nqc,10,0.38,0.026734046319130414,0.7959793626134426,0.0013157894736842103,0.984847966341271,97
bm25,4,spatial,10,0.4,0.3678079056163721,0.00022720692345524555,0.22982456140350874,0.0009093607305517675,97
bm25,4,a_ratio,10,0.4,0.33687579300632775,0.0007904396788299405,0.15307017543859647,0.02715150040857788,97
bm25,4,nqc,10,0.4,0.027351057360024078,0.7913765171063429,0.003508771929824561,0.9596094143193218,97
bm25,4,spatial,10,0.42,0.3633544403549672,0.00027402814402365514,0.2232456140350877,0.0012720699376961898,97
bm25,4,a_ratio,10,0.42,0.3364311850336052,0.0008039996027274227,0.15526315789473683,0.025027037161781087,97
bm25,4,nqc,10,0.42,0.02801056325614723,0.7864645689811474,0.003947368421052631,0.954565748248739,97
bm25,4,spatial,10,0.44,0.35864163384885267,0.000333144143629611,0.21885964912280698,0.001583643031304207,97
bm25,4,a_ratio,10,0.44,0.3354881482684164,0.0008334664788543996,0.16096491228070173,0.02016405049281034,97
bm25,4,nqc,10,0.44,0.028717080043627788,0.7812117533971004,0.004824561403508771,0.9444840737693221,97
bm25,4,spatial,10,0.46,0.35367716247484876,0.00040794174970384516,0.21052631578947364,0.002376613320374723,97
bm25,4,a_ratio,10,0.46,0.3340281316472685,0.0008810357988290265,0.16798245614035084,0.015326584176287853,97
bm25,4,nqc,10,0.46,0.02947578220771986,0.775581872484405,0.006140350877192982,0.9293787221862809,97
bm25,4,spatial,10,0.48,0.34847027976551814,0.0005027288296364105,0.2070175438596491,0.0028082775132586228,97
bm25,4,a_ratio,10,0.48,0.33203887193329,0.0009498360622777689,0.16666666666666666,0.01614693659786587,97
bm25,4,nqc,10,0.48,0.030292626177162246,0.7695335098132087,0.005701754385964911,0.9344112837195322,97
bm25,4,spatial,10,0.5,0.3430317312549219,0.0006229599492816729,0.206578947368421,0.002866998129943633,97
bm25,4,a_ratio,10,0.5,0.32951507973862915,0.001044160737034879,0.16798245614035084,0.015326584176287853,97
bm25,4,nqc,10,0.5,0.031174502416649416,0.7630190759500929,0.006140350877192982,0.9293787221862809,97
bm25,4,spatial,10,0.52,0.33737364390732305,0.0007755039883220843,0.20043859649122803,0.0038155311548393224,97
bm25,4,a_ratio,10,0.52,0.32645889223622293,0.0011697607460241606,0.16929824561403506,0.014543148107282302,97
bm25,4,nqc,10,0.52,0.03212942406294124,0.7559836425767562,0.007017543859649122,0.9193222670955983,97
bm25,4,spatial,10,0.54,0.33150939277274577,0.0009689557439684797,0.1964912280701754,0.004567543784697511,97
bm25,4,a_ratio,10,0.54,0.32288005197252856,0.0013342055050061738,0.16973684210526313,0.01428996478556036,97
bm25,4,nqc,10,0.54,0.033166762641618094,0.7483635105351,0.006140350877192982,0.9293787221862809,97
bm25,4,spatial,10,0.56,0.32545344824457867,0.0012139911798157185,0.19078947368421048,0.005891622551225342,97
bm25,4,a_ratio,10,0.56,0.31879578999963787,0.0015473172159855561,0.17061403508771927,0.013795236924875342,97
bm25,4,nqc,10,0.56,0.03429754496759671,0.7400844413171874,0.007894736842105262,0.9092786999029837,97
bm25,4,spatial,10,0.58,0.3192212078740273,0.0015237626593429044,0.18596491228070172,0.007272147742628502,97
bm25,4,a_ratio,10,0.58,0.314230413558161,0.001821677189046943,0.16754385964912277,0.015595863350661914,97
bm25,4,nqc,10,0.58,0.035534830289137245,0.7310594607865766,0.005701754385964911,0.9344112837195322,97
bm25,4,spatial,10,0.6,0.3128288170962149,0.001914326238314684,0.17982456140350875,0.009445580206528057,97
bm25,4,a_ratio,10,0.6,0.3092146211222557,0.0021731939217350463,0.16842105263157892,0.015061406503459098,97
bm25,4,nqc,10,0.6,0.03689419369600497,0.7211861168764035,0.007894736842105262,0.9092786999029837,97
bm25,4,spatial,10,0.62,0.30629298342749645,0.002405088001788179,0.17675438596491225,0.010735947690716544,97
bm25,4,a_ratio,10,0.62,0.30378458795404295,0.0026217104413269257,0.16929824561403506,0.014543148107282302,97
bm25,4,nqc,10,0.62,0.038394351692391276,0.710343038024003,0.008771929824561401,0.8992496118543148,97
bm25,4,spatial,10,0.64,0.2996307887011581,0.003019250805495918,0.17631578947368418,0.010932545975931482,97
bm25,4,a_ratio,10,0.64,0.2979808809369204,0.0031916136677732393,0.16973684210526313,0.01428996478556036,97
bm25,4,nqc,10,0.64,0.04005798000916397,0.6983855945868311,0.009210526315789471,0.8942409928983389,97
bm25,4,spatial,10,0.66,0.29285950372938474,0.003784237078467442,0.17324561403508767,0.01240061333688213,97
bm25,4,a_ratio,10,0.66,0.29184727067823973,0.0039123928946046965,0.16754385964912277,0.015595863350661914,97
bm25,4,nqc,10,0.66,0.041912794279860485,0.6851404106589811,0.011842105263157893,0.8642846291310888,97
bm25,4,spatial,10,0.68,0.28599640943501575,0.004732058183412305,0.17149122807017542,0.013315695610410695,97
bm25,4,a_ratio,10,0.68,0.2854295110441846,0.004819080512434633,0.15921052631578944,0.02156410311246367,97
bm25,4,nqc,10,0.68,0.04399299429616188,0.6703984104871479,0.009210526315789471,0.8942409928983389,97
bm25,4,spatial,10,0.7,0.27905862801717096,0.005899596942318747,0.17017543859649117,0.014040677766436126,97
bm25,4,a_ratio,10,0.7,0.27877415183275994,0.00595249912745072,0.1583333333333333,0.022295335985736058,97
bm25,4,nqc,10,0.7,0.046341216999611134,0.6539060211768603,0.015350877192982452,0.8246514972992991,97
bm25,4,spatial,10,0.72,0.2720629671361085,0.0073287680699942554,0.16315789473684209,0.018526018575172384,97
bm25,4,a_ratio,10,0.72,0.2719274404991866,0.0073592386480979925,0.15438596491228068,0.025858902807275798,97
bm25,4,nqc,10,0.72,0.04901120937888814,0.6353541182743404,0.017982456140350874,0.7952115822983997,97
bm25,4,spatial,10,0.74,0.26502577946259315,0.009066522084219113,0.15701754385964908,0.02343259236880532,97
bm25,4,a_ratio,10,0.74,0.26493435555563893,0.009091297307889722,0.1508771929824561,0.029429833054879267,97
bm25,4,nqc,10,0.74,0.05207153053152175,0.614364361160271,0.019298245614035085,0.7805974596041616,97
bm25,4,spatial,10,0.76,0.2579628392730246,0.011164662236505049,0.15438596491228068,0.025858902807275798,97
bm25,4,a_ratio,10,0.76,0.257837799464351,0.011205342816703498,0.15043859649122804,0.029904724291647766,97
bm25,4,nqc,10,0.76,0.055610736403633426,0.5904728846072688,0.023245614035087715,0.7372368386099444,97
bm25,4,spatial,10,0.78,0.25088923711769,0.013679451275169377,0.14605263157894735,0.035027066920463666,97
bm25,4,a_ratio,10,0.78,0.2506779643382469,0.013761582400306836,0.15043859649122804,0.029904724291647766,97
bm25,4,nqc,10,0.78,0.059744705956898514,0.5631122737031707,0.03026315789473684,0.6622548109405392,97
bm25,4,spatial,10,0.8,0.2438192929747478,0.016670995168262814,0.14298245614035085,0.03904312556346961,97
bm25,4,a_ratio,10,0.8,0.24349187095112332,0.016822269522213672,0.14342105263157892,0.03844648726633986,97
bm25,4,nqc,10,0.8,0.06462703439705825,0.5315952306719317,0.03245614035087718,0.6394595858942697,97
bm25,4,spatial,10,0.82,0.2367664877496009,0.02020240363018491,0.13771929824561402,0.046837521900493555,97
bm25,4,a_ratio,10,0.82,0.23631307131597784,0.020449914944401886,0.14429824561403506,0.037276435612080196,97
bm25,4,nqc,10,0.82,0.07046367795926263,0.495109331106248,0.03640350877192982,0.5992851921378115,97
bm25,4,spatial,10,0.84,0.22974341250401564,0.024338741410305557,0.13859649122807016,0.04545413009688231,97
bm25,4,a_ratio,10,0.84,0.22917149778122442,0.0247053042377319,0.14166666666666664,0.04088043032540512,97
bm25,4,nqc,10,0.84,0.07753295210184975,0.45274611410135895,0.04210526315789473,0.5433700215214692,97
bm25,4,spatial,10,0.86,0.22276173441076236,0.029145798567568704,0.13991228070175438,0.04344370723734423,97
bm25,4,a_ratio,10,0.86,0.22209343716442884,0.029645447437509274,0.13684210526315788,0.04825617082139475,97
bm25,4,nqc,10,0.86,0.08621031945167741,0.4036182594204345,0.03991228070175438,0.5645662101789384,97
bm25,4,spatial,10,0.88,0.21583217813077968,0.03468872103433258,0.13815789473684206,0.04614146023750493,97
bm25,4,a_ratio,10,0.88,0.21510160654171492,0.03532159573989299,0.13464912280701752,0.05196142228840072,97
bm25,4,nqc,10,0.88,0.09698990782720976,0.34717992342906123,0.05263157894736841,0.4474602468067769,97
bm25,4,spatial,10,0.9,0.20896452109869246,0.04103055341052908,0.1350877192982456,0.05120190672411439,97
bm25,4,a_ratio,10,0.9,0.2082153074253281,0.0417774540318627,0.13157894736842105,0.05754607703293159,97
bm25,4,nqc,10,0.9,0.11046762044021617,0.2839616984998327,0.06228070175438596,0.36869194739779565,97
bm25,4,spatial,10,0.92,0.20216760107284132,0.04823075311438392,0.13026315789473683,0.06008783459643862,97
bm25,4,a_ratio,10,0.92,0.201450636628864,0.04904769830903039,0.12850877192982454,0.06362097951440454,97
bm25,4,nqc,10,0.92,0.1271640107347712,0.21696238025995768,0.08377192982456139,0.22661709055371193,97
bm25,4,spatial,10,0.94,0.19544933424871389,0.056343738104764486,0.12675438596491226,0.06732401746109497,97
bm25,4,a_ratio,10,0.94,0.1948207346072793,0.05715687732960169,0.12543859649122807,0.07021620460948058,97
bm25,4,nqc,10,0.94,0.14683886336362517,0.15339961237321809,0.09385964912280699,0.1755068360944365,97
bm25,4,spatial,10,0.96,0.18881674223909944,0.06541752917334458,0.1201754385964912,0.08282092773870503,97
bm25,4,a_ratio,10,0.96,0.18833605501514858,0.06611874291574033,0.12280701754385961,0.07630651637729123,97
bm25,4,nqc,10,0.96,0.1666893726238093,0.10454682578924075,0.10219298245614034,0.14021289342862758,97
bm25,4,spatial,10,0.98,0.18227598627885028,0.07549254251042398,0.11359649122807015,0.10109027153133401,97
bm25,4,a_ratio,10,0.98,0.18200464230148264,0.07593601795862334,0.11622807017543857,0.09343036497045672,97
bm25,4,nqc,10,0.98,0.17919455751071559,0.08065274774018887,0.12280701754385961,0.07630651637729123,97
bm25,4,spatial,10,1.0,0.17583240710537346,0.08660057948674295,0.11271929824561401,0.1037519879759869,97
bm25,4,a_ratio,10,1.0,0.17583240710537346,0.08660057948674295,0.11271929824561401,0.1037519879759869,97
bm25,4,nqc,10,1.0,0.17583240710537346,0.08660057948674295,0.11271929824561401,0.1037519879759869,97
bm25,4,spatial,11,0.0,0.4037614930131384,4.517046326188847e-05,0.24912280701754383,0.00032351427155757553,97
bm25,4,a_ratio,11,0.0,0.28828616161251697,0.004394638571430725,0.08026315789473683,0.2466700962299916,97
bm25,4,nqc,11,0.0,0.019703543426312253,0.8488828114964245,-0.008333333333333331,0.9042622467947524,97
bm25,4,spatial,11,0.02,0.40492582432570956,4.2732360548133196e-05,0.24868421052631576,0.0003314723440454529,97
bm25,4,a_ratio,11,0.02,0.29264597336030557,0.0038109547940828395,0.08508771929824559,0.2194054884189932,97
bm25,4,nqc,11,0.02,0.020010291628832513,0.846558725448141,-0.007456140350877191,0.9142987729055279,97
bm25,4,spatial,11,0.04,0.4059677846699339,4.065518942318469e-05,0.2526315789473684,0.00026599295941046356,97
bm25,4,a_ratio,11,0.04,0.2970693977384057,0.003290571803503288,0.09298245614035086,0.1795768982922561,97
bm25,4,nqc,11,0.04,0.020329865424291937,0.8441388622864471,-0.007017543859649122,0.9193222670955983,97
bm25,4,spatial,11,0.06,0.4068773005258542,3.8919488085736126e-05,0.2539473684210526,0.0002470100935230778,97
bm25,4,a_ratio,11,0.06,0.30154780543204307,0.002829509904927062,0.09517543859649122,0.16953134792266555,97
bm25,4,nqc,11,0.06,0.020663084502038145,0.841617215745155,-0.006578947368421051,0.9243489833566951,97
bm25,4,spatial,11,0.08,0.40764408685891296,3.751018541491815e-05,0.25131578947368416,0.0002863369173575716,97
bm25,4,a_ratio,11,0.08,0.30607081532792507,0.0024236019319602187,0.09999999999999998,0.1489229247512205,97
bm25,4,nqc,11,0.08,0.02101083974919303,0.838987270205752,-0.006140350877192982,0.9293787221862809,97
bm25,4,spatial,11,0.1,0.40825771129360144,3.641687066869778e-05,0.2539473684210526,0.0002470100935230778,97
bm25,4,a_ratio,11,0.1,0.3106260990238503,0.0020685573800278997,0.10657894736842104,0.12397445778654012,97
bm25,4,nqc,11,0.1,0.021374101132342588,0.8362419459584975,-0.005701754385964911,0.9344112837195322,97
bm25,4,spatial,11,0.12,0.408707668094656,3.5634163330064735e-05,0.25964912280701746,0.0001785089263106937,97
bm25,4,a_ratio,11,0.12,0.3151991831997747,0.0017600292528173911,0.1100877192982456,0.11207233731986323,97
bm25,4,nqc,11,0.12,0.021753926647038763,0.8333735373112904,-0.005701754385964911,0.9344112837195322,97
bm25,4,spatial,11,0.14,0.40898346192168383,3.516221352942802e-05,0.2618421052631578,0.00015727711080768157,97
bm25,4,a_ratio,11,0.14,0.3197732561574124,0.0014936813516604733,0.11359649122807015,0.10109027153133401,97
bm25,4,nqc,11,0.14,0.022151472507287814,0.8303736424427489,-0.005263157894736841,0.9394464677531641,97
bm25,4,spatial,11,0.16,0.40907470105485044,3.5007371279211936e-05,0.2671052631578947,0.00011560948155965582,97
bm25,4,a_ratio,11,0.16,0.32432898680078803,0.001265253612919173,0.12149122807017541,0.07950949270058337,97
bm25,4,nqc,11,0.16,0.022568004779573853,0.8272330836991311,-0.003508771929824561,0.9596094143193218,97
bm25,4,spatial,11,0.18,0.40897119948282634,3.518307286591491e-05,0.26885964912280697,0.00010420938550881354,97
bm25,4,a_ratio,11,0.18,0.32884436651797344,0.0010706231277534495,0.12850877192982454,0.06362097951440454,97
bm25,4,nqc,11,0.18,0.023004912705326938,0.8239418167981944,-0.0026315789473684206,0.9697013964662655,97
bm25,4,spatial,11,0.2,0.4086630869057961,3.571100582315357e-05,0.2684210526315789,0.00010695554741565452,97
bm25,4,a_ratio,11,0.2,0.33329458674136053,0.0009058586757774624,0.13289473684210523,0.05509435768226517,97
bm25,4,nqc,11,0.2,0.023463724003809652,0.8204888271177523,-0.003070175438596491,0.9646546976352598,97
bm25,4,spatial,11,0.22,0.40814092534569113,3.6622630787852774e-05,0.2701754385964912,9.636472031877907e-05,97
bm25,4,a_ratio,11,0.22,0.33765196725565183,0.0007672669660839634,0.1364035087719298,0.04897892442735811,97
bm25,4,nqc,11,0.22,0.023946122506337805,0.8168620109012549,-0.003508771929824561,0.9596094143193218,97
bm25,4,spatial,11,0.24,0.40739583068562635,3.7961160246112296e-05,0.2635964912280701,0.00014202757091789025,97
bm25,4,a_ratio,11,0.24,0.3418859523610087,0.000651429284506397,0.13859649122807016,0.04545413009688231,97
bm25,4,nqc,11,0.24,0.02445396854537582,0.8130480387931542,-0.0017543859649122805,0.9797982329262411,97
bm25,4,spatial,11,0.26,0.40641959709711023,3.978412194851448e-05,0.2635964912280701,0.00014202757091789025,97
bm25,4,a_ratio,11,0.26,0.3459631934745705,0.0005552278558446181,0.14298245614035085,0.03904312556346961,97
bm25,4,nqc,11,0.26,0.024989322611949666,0.8090321986053632,-0.0013157894736842103,0.984847966341271,97
bm25,4,spatial,11,0.28,0.4052048219754076,4.2166670096365436e-05,0.26008771929824553,0.00017405803633866392,97
bm25,4,a_ratio,11,0.28,0.3498477372806876,0.0004758618917431715,0.14912280701754385,0.031369120531165556,97
bm25,4,nqc,11,0.28,0.025554472906679615,0.8047982135904472,-0.0013157894736842103,0.984847966341271,97
bm25,4,spatial,11,0.3,0.40374502871131024,4.520585198320286e-05,0.25614035087719295,0.00021816883242795217,97
bm25,4,a_ratio,11,0.3,0.3535013376751118,0.0004108539502287336,0.15219298245614032,0.02804388848739258,97
bm25,4,nqc,11,0.3,0.02615196754963478,0.800328031728918,0.0,1.0,97
bm25,4,spatial,11,0.32,0.4020347844026032,4.9026093533753626e-05,0.25438596491228066,0.00024097016048905146,97
bm25,4,a_ratio,11,0.32,0.35688390703199446,0.00035804782527492176,0.1508771929824561,0.029429833054879267,97
bm25,4,nqc,11,0.32,0.02678465239015107,0.7956015805913464,0.0008771929824561403,0.9898983068920344,97
bm25,4,spatial,11,0.34,0.4000698094713476,5.3786236144217756e-05,0.25087719298245614,0.00029343605987257174,97
bm25,4,a_ratio,11,0.34,0.3599541173488023,0.0003155996693660912,0.15307017543859647,0.02715150040857788,97
bm25,4,nqc,11,0.34,0.027455715580280926,0.7905964811651912,0.0017543859649122805,0.9797982329262411,97
bm25,4,spatial,11,0.36,0.3978470761216272,5.9688541377180006e-05,0.24429824561403507,0.00042177571212416556,97
bm25,4,a_ratio,11,0.36,0.3626701543340391,0.0002819644030123053,0.1583333333333333,0.022295335985736058,97
bm25,4,nqc,11,0.36,0.028168740358697472,0.7852877125829524,0.0021929824561403503,0.9747493089119874,97
bm25,4,spatial,11,0.38,0.39536489266072755,6.699018107128284e-05,0.24078947368421047,0.0005100424668924873,97
bm25,4,a_ratio,11,0.38,0.3649906174954186,0.0002558796797879013,0.16052631578947366,0.0205064150417212,97
bm25,4,nqc,11,0.38,0.028927767854444494,0.7796472178783693,0.0021929824561403503,0.9747493089119874,97
bm25,4,spatial,11,0.4,0.3926229709226006,7.601784923995208e-05,0.237719298245614,0.0006011104754053054,97
bm25,4,a_ratio,11,0.4,0.36687554713081166,0.0002363497741630235,0.1671052631578947,0.01586929650651852,97
bm25,4,nqc,11,0.4,0.029737372187267352,0.7736434386355897,0.003508771929824561,0.9596094143193218,97
bm25,4,spatial,11,0.42,0.3896224743769197,8.71862684063375e-05,0.23903508771929818,0.0005603701088308085,97
bm25,4,a_ratio,11,0.42,0.3682875456411291,0.0002226317817027018,0.16929824561403506,0.014543148107282302,97
bm25,4,nqc,11,0.42,0.030602750747841398,0.767240763561686,0.003947368421052631,0.954565748248739,97
bm25,4,spatial,11,0.44,0.3863660449728062,0.0001010215143411104,0.23684210526315785,0.0006297844386530204,97
bm25,4,a_ratio,11,0.44,0.36919294706275835,0.00021422651837711283,0.17149122807017542,0.013315695610410695,97
bm25,4,nqc,11,0.44,0.03152983333428502,0.7603988724511214,0.005263157894736841,0.9394464677531641,97
bm25,4,spatial,11,0.46,0.3828578073377837,0.00011819024411359576,0.23157894736842102,0.0008303144784156731,97
bm25,4,a_ratio,11,0.46,0.3695629768365304,0.00021087653138152573,0.17149122807017542,0.013315695610410695,97
bm25,4,nqc,11,0.46,0.03252541486619777,0.7530719525271145,0.007017543859649122,0.9193222670955983,97
bm25,4,spatial,11,0.48,0.3791033496064314,0.0001395360734226478,0.2271929824561403,0.0010410859719474062,97
bm25,4,a_ratio,11,0.48,0.3693748354645052,0.0002125737338395411,0.175,0.011541673254595812,97
bm25,4,nqc,11,0.48,0.0335973177851665,0.7452077584950055,0.006578947368421051,0.9243489833566951,97
bm25,4,spatial,11,0.5,0.3751096808597482,0.00016612449564292327,0.22675438596491226,0.0010646851601117014,97
bm25,4,a_ratio,11,0.5,0.36861263662200977,0.00021957937786649885,0.17938596491228065,0.00962101549816644,97
bm25,4,nqc,11,0.5,0.034754592109362464,0.7367464805270804,0.007017543859649122,0.9193222670955983,97
bm25,4,spatial,11,0.52,0.3708851658806741,0.0001992978460991965,0.2214912280701754,0.0013892001512035108,97
bm25,4,a_ratio,11,0.52,0.3672681337870371,0.0002324593842109592,0.17982456140350875,0.009445580206528057,97
bm25,4,nqc,11,0.52,0.03600776362155557,0.727619375459403,0.009210526315789471,0.8942409928983389,97
bm25,4,spatial,11,0.54,0.366439438637236,0.00024074186338403843,0.22061403508771926,0.001451423191322646,97
bm25,4,a_ratio,11,0.54,0.3653411800038057,0.0002521384128133341,0.18552631578947365,0.007411025603920558,97
bm25,4,nqc,11,0.54,0.03736914409575469,0.717747105317125,0.011403508771929822,0.8692650265497066,97
bm25,4,spatial,11,0.56,0.36178329655599767,0.00029256535145740333,0.21929824561403505,0.0015495867057188555,97
bm25,4,a_ratio,11,0.56,0.36283988244782356,0.00027997639880177424,0.18771929824561398,0.0067396961345085665,97
bm25,4,nqc,11,0.56,0.038853222186225375,0.7070377134925518,0.012719298245614033,0.8543401854899793,97
bm25,4,spatial,11,0.58,0.35692857821232243,0.0003573942635283131,0.2171052631578947,0.0017268729312904809,97
bm25,4,a_ratio,11,0.58,0.3597804353639329,0.00031787144718023154,0.18728070175438594,0.006869417363886626,97
bm25,4,nqc,11,0.58,0.0404771601679665,0.6953841521904226,0.014035087719298244,0.8394672878457912,97
bm25,4,spatial,11,0.6,0.3518880275133335,0.00043848117146711406,0.21447368421052626,0.001964163707567382,97
bm25,4,a_ratio,11,0.6,0.35618663919127425,0.0003683927726005883,0.18859649122807015,0.006486839186137605,97
bm25,4,nqc,11,0.6,0.04226143094958161,0.6826612552041874,0.015789473684210523,0.8197264747302192,97
bm25,4,spatial,11,0.62,0.3466751477649667,0.0005398305161574085,0.21315789473684207,0.0020937133501945666,97
bm25,4,a_ratio,11,0.62,0.3520891372972721,0.00043494653753806193,0.19385964912280698,0.005140957475072907,97
bm25,4,nqc,11,0.62,0.044230642902762435,0.6687220286873471,0.017543859649122803,0.8000992472254054,97
bm25,4,spatial,11,0.64,0.3413040491857362,0.0006663392279721959,0.21008771929824557,0.0024270312486862444,97
bm25,4,a_ratio,11,0.64,0.3475244218210384,0.0005219757196001061,0.19429824561403505,0.0050410843610361605,97
bm25,4,nqc,11,0.64,0.046414618915138164,0.6533931123772666,0.019298245614035085,0.7805974596041616,97
bm25,4,spatial,11,0.66,0.3357892934553699,0.0008239512530911144,0.2096491228070175,0.0024784263365173137,97
bm25,4,a_ratio,11,0.66,0.34253367437831234,0.0006351923111633437,0.19254385964912277,0.005451397044324322,97
bm25,4,nqc,11,0.66,0.04884982348556455,0.6364692521503387,0.020614035087719293,0.766060437360897,97
bm25,4,spatial,11,0.68,0.330145738773841,0.0010198232365902873,0.20877192982456136,0.0025842155919655403,97
bm25,4,a_ratio,11,0.68,0.33716151448760834,0.0007818361392653139,0.19035087719298244,0.0060065708523342936,97
bm25,4,nqc,11,0.68,0.05158127194291595,0.6177066384528926,0.018859649122807014,0.7854605069177094,97
bm25,4,spatial,11,0.7,0.324388388670495,0.0012624971449971684,0.20307017543859646,0.0033786625934052374,97
bm25,4,a_ratio,11,0.7,0.331454728356291,0.000970949534226335,0.18377192982456136,0.007990630052244877,97
bm25,4,nqc,11,0.7,0.05466511556880248,0.5968150396611465,0.020614035087719293,0.766060437360897,97
bm25,4,spatial,11,0.72,0.3185322474649991,0.0015620740428850671,0.2021929824561403,0.003518947024518709,97
bm25,4,a_ratio,11,0.72,0.32546104397571857,0.0012136514153241731,0.18289473684210522,0.008295385577532875,97
bm25,4,nqc,11,0.72,0.05817218556456996,0.5734488694366894,0.026315789473684206,0.7040731029869403,97
bm25,4,spatial,11,0.74,0.31259218486644835,0.0019303816886783666,0.20087719298245613,0.0037393284863613424,97
bm25,4,a_ratio,11,0.74,0.3192280069384962,0.0015233888609727942,0.17982456140350875,0.009445580206528057,97
bm25,4,nqc,11,0.74,0.062192912317438676,0.547197827540592,0.028508771929824556,0.6807203663731288,97
bm25,4,spatial,11,0.76,0.30658281173088375,0.0023811272313731674,0.19385964912280698,0.005140957475072907,97
bm25,4,a_ratio,11,0.76,0.3128019970102453,0.0019161398937003746,0.1789473684210526,0.00979934996376251,97
bm25,4,nqc,11,0.76,0.06684423510253115,0.5175788633902603,0.03596491228070175,0.603692225651151,97
bm25,4,spatial,11,0.78,0.30051836850699654,0.002930025235818602,0.19692982456140345,0.004477815959740704,97
bm25,4,a_ratio,11,0.78,0.30622741026342726,0.0024105391158683,0.1758771929824561,0.011132337112518993,97
bm25,4,nqc,11,0.78,0.07227940570905987,0.48403358234946153,0.04298245614035087,0.5350038726007533,97
bm25,4,spatial,11,0.8,0.29441262740947294,0.0035948907016229723,0.18771929824561398,0.0067396961345085665,97
bm25,4,a_ratio,11,0.8,0.29954601720988683,0.0030278988925176924,0.1758771929824561,0.011132337112518993,97
bm25,4,nqc,11,0.8,0.07870197980667565,0.44594015218426486,0.04561403508771929,0.510301360039156,97
bm25,4,spatial,11,0.82,0.2882788088904079,0.004395686809431776,0.18684210526315786,0.007001377469104526,97
bm25,4,a_ratio,11,0.82,0.2927964950701844,0.003792103484453277,0.1745614035087719,0.011751307036103295,97
bm25,4,nqc,11,0.82,0.08638571752550171,0.40265877646794446,0.0513157894736842,0.45889683919029467,97
bm25,4,spatial,11,0.84,0.2821295125486665,0.005354517924602018,0.18377192982456136,0.007990630052244877,97
bm25,4,a_ratio,11,0.84,0.28601412277782945,0.004729361771344993,0.17149122807017542,0.013315695610410695,97
bm25,4,nqc,11,0.84,0.09570220693505217,0.3536491840731808,0.05877192982456139,0.3962806539115913,97
bm25,4,spatial,11,0.86,0.2759766622374891,0.006495559947088468,0.17807017543859646,0.010164879433085774,97
bm25,4,a_ratio,11,0.86,0.27923062073781313,0.005867815192842021,0.17412280701754385,0.011964311224727613,97
bm25,4,nqc,11,0.86,0.10715631182293728,0.29873248457597507,0.061842105263157886,0.37207368058280677,97
bm25,4,spatial,11,0.88,0.2698314648101461,0.007844922379707225,0.17105263157894732,0.013553592603324118,97
bm25,4,a_ratio,11,0.88,0.27247411356958245,0.007237009942595239,0.17149122807017542,0.013315695610410695,97
bm25,4,nqc,11,0.88,0.12142084134535393,0.2386139585748467,0.07236842105263157,0.29624164556189136,97
bm25,4,spatial,11,0.9,0.2637043816857232,0.00943043938158871,0.16798245614035084,0.015326584176287853,97
bm25,4,a_ratio,11,0.9,0.2657691926506053,0.008867254635341154,0.16973684210526313,0.01428996478556036,97
bm25,4,nqc,11,0.9,0.13932891034536898,0.17577783387776458,0.09254385964912279,0.18163805178968873,97
bm25,4,spatial,11,0.92,0.257605112222415,0.011281390398435027,0.16929824561403506,0.014543148107282302,97
bm25,4,a_ratio,11,0.92,0.2591370557059495,0.01078889500298999,0.1671052631578947,0.01586929650651852,97
bm25,4,nqc,11,0.92,0.16167342780976585,0.11555891260302036,0.11666666666666664,0.09220020518291383,97
bm25,4,spatial,11,0.94,0.25154258775095184,0.013428154484045888,0.16666666666666666,0.01614693659786587,97
bm25,4,a_ratio,11,0.94,0.25259570241151375,0.013031544353656974,0.16491228070175434,0.01730064203878925,97
bm25,4,nqc,11,0.94,0.188365312915666,0.06607588882169642,0.12675438596491226,0.06732401746109497,97
bm25,4,spatial,11,0.96,0.24552497504101578,0.015901805889071738,0.16228070175438594,0.0191667093911976,97
bm25,4,a_ratio,11,0.96,0.24616016749284253,0.015623311777213671,0.16535087719298242,0.01700563515421435,97
bm25,4,nqc,11,0.96,0.21609386054233992,0.034464362815036384,0.13991228070175438,0.04344370723734423,97
bm25,4,spatial,11,0.98,0.23955968794191296,0.018733661633943747,0.1596491228070175,0.021206380497260476,97
bm25,4,a_ratio,11,0.98,0.2398427756939822,0.018590069256022045,0.16096491228070173,0.02016405049281034,97
bm25,4,nqc,11,0.98,0.23517314785980997,0.021083700423293165,0.14999999999999997,0.030386188269096972,97
bm25,4,spatial,11,1.0,0.23365340594794778,0.02195479437145484,0.1539473684210526,0.026283728186940334,97
bm25,4,a_ratio,11,1.0,0.23365340594794778,0.02195479437145484,0.1539473684210526,0.026283728186940334,97
bm25,4,nqc,11,1.0,0.23365340594794778,0.02195479437145484,0.1539473684210526,0.026283728186940334,97
bm25,4,spatial,12,0.0,0.4037614930131384,4.517046326188847e-05,0.24912280701754383,0.00032351427155757553,97
bm25,4,a_ratio,12,0.0,0.28828616161251697,0.004394638571430725,0.08026315789473683,0.2466700962299916,97
bm25,4,nqc,12,0.0,0.019703543426312253,0.8488828114964245,-0.008333333333333331,0.9042622467947524,97
bm25,4,spatial,12,0.02,0.40518937950184,4.2197797338894646e-05,0.24912280701754383,0.00032351427155757553,97
bm25,4,a_ratio,12,0.02,0.29300581417840266,0.003766026990135771,0.08333333333333333,0.22905812271994552,97
bm25,4,nqc,12,0.02,0.020028256661547908,0.8464226533909219,-0.007894736842105262,0.9092786999029837,97
bm25,4,spatial,12,0.04,0.40649778054377583,3.9635169081491615e-05,0.2521929824561403,0.00027261872163635134,97
bm25,4,a_ratio,12,0.04,0.29780464059742534,0.003210537049070215,0.09517543859649122,0.16953134792266555,97
bm25,4,nqc,12,0.04,0.020366545543742787,0.8438612067706316,-0.007017543859649122,0.9193222670955983,97
bm25,4,spatial,12,0.06,0.4076763595187295,3.7451928748637077e-05,0.25438596491228066,0.00024097016048905146,97
bm25,4,a_ratio,12,0.06,0.3026742029903374,0.002723085825437524,0.0982456140350877,0.1561836121302155,97
bm25,4,nqc,12,0.06,0.020719277592585406,0.8411921293877298,-0.006578947368421051,0.9243489833566951,97
bm25,4,spatial,12,0.08,0.40871455098826076,3.562231338500861e-05,0.25438596491228066,0.00024097016048905146,97
bm25,4,a_ratio,12,0.08,0.3076041856156415,0.0022983922550371743,0.10307017543859648,0.1368406787927515,97
bm25,4,nqc,12,0.08,0.021087395667476513,0.8384085423157881,-0.005701754385964911,0.9344112837195322,97
bm25,4,spatial,12,0.1,0.4096016265830318,3.4125515834711164e-05,0.2578947368421052,0.00019740507498430313,97
bm25,4,a_ratio,12,0.1,0.3125821715632358,0.001931063764254699,0.11052631578947367,0.11065018092280728,97
bm25,4,nqc,12,0.1,0.02147192630594008,0.8355029724430846,-0.005263157894736841,0.9394464677531641,97
bm25,4,spatial,12,0.12,0.4103267710548478,3.294582486420756e-05,0.2635964912280701,0.00014202757091789025,97
bm25,4,a_ratio,12,0.12,0.3175934145461062,0.0016156850615527045,0.11754385964912278,0.08977892662724705,97
bm25,4,nqc,12,0.12,0.021873989191420667,0.8324672874810051,-0.004824561403508771,0.9444840737693221,97
bm25,4,spatial,12,0.14,0.4108791684413212,3.207285945817222e-05,0.2640350877192982,0.00013843889663167622,97
bm25,4,a_ratio,12,0.14,0.32262061256613833,0.0013469057873004553,0.12280701754385961,0.07630651637729123,97
bm25,4,nqc,12,0.14,0.022294807932509333,0.8292926223382954,-0.004824561403508771,0.9444840737693221,97
bm25,4,spatial,12,0.16,0.41124809800835777,3.1501925521466096e-05,0.26929824561403504,0.00010152986331601867,97
bm25,4,a_ratio,12,0.16,0.3276436925127268,0.001119523635341313,0.1293859649122807,0.06183352376776574,97
bm25,4,nqc,12,0.16,0.022735722369858408,0.825969295508412,-0.003508771929824561,0.9596094143193218,97
bm25,4,spatial,12,0.18,0.4114230393139773,3.123452996932209e-05,0.27499999999999997,7.211357771830312e-05,97
bm25,4,a_ratio,12,0.18,0.3326396173298135,0.0009285597130920028,0.1364035087719298,0.04897892442735811,97
bm25,4,nqc,12,0.18,0.02319820266864195,0.8224867138728353,-0.003070175438596491,0.9646546976352598,97
bm25,4,spatial,12,0.2,0.4113937853832797,3.1279095987894536e-05,0.27236842105263154,8.451599142547832e-05,97
bm25,4,a_ratio,12,0.2,0.33758223015842026,0.0007693233086901367,0.1350877192982456,0.05120190672411439,97
bm25,4,nqc,12,0.2,0.023683865505209206,0.8188332640288597,-0.0026315789473684206,0.9697013964662655,97
bm25,4,spatial,12,0.22,0.4111505626092977,3.165193468446113e-05,0.2714912280701754,8.908000988366728e-05,97
bm25,4,a_ratio,12,0.22,0.3424421526539979,0.0006374638652637269,0.13684210526315788,0.04825617082139475,97
bm25,4,nqc,12,0.22,0.024194492718858915,0.8149961878946116,-0.0021929824561403503,0.9747493089119874,97
bm25,4,spatial,12,0.24,0.41068415561181537,3.2378543142031677e-05,0.26885964912280697,0.00010420938550881354,97
bm25,4,a_ratio,12,0.24,0.3471867572268574,0.0005290087760695094,0.14342105263157892,0.03844648726633986,97
bm25,4,nqc,12,0.24,0.024732052876391353,0.8109614399127951,-0.0021929824561403503,0.9747493089119874,97
bm25,4,spatial,12,0.26,0.40998603491337227,3.3495317922638035e-05,0.2635964912280701,0.00014202757091789025,97
bm25,4,a_ratio,12,0.26,0.35178023489440663,0.0004403865368347046,0.1526315789473684,0.027594583190492877,97
bm25,4,nqc,12,0.26,0.025298726292066365,0.8067135226500679,0.0,1.0,97
bm25,4,spatial,12,0.28,0.4090484849481085,3.5051797374148826e-05,0.26535087719298245,0.00012817854853724403,97
bm25,4,a_ratio,12,0.28,0.3561837813013724,0.0003684357333950666,0.15570175438596487,0.024619863763397806,97
bm25,4,nqc,12,0.28,0.02589693416375209,0.8022352969484406,0.0,1.0,97
bm25,4,spatial,12,0.3,0.4078647296266683,3.711357690856156e-05,0.2640350877192982,0.00013843889663167622,97
bm25,4,a_ratio,12,0.3,0.36035592271664896,0.00031040121038083626,0.16184210526315784,0.019494257081408093,97
bm25,4,nqc,12,0.3,0.02652937263380155,0.7975077620010068,0.0017543859649122805,0.9797982329262411,97
bm25,4,spatial,12,0.32,0.4064290524608348,3.9766080119034886e-05,0.2578947368421052,0.00019740507498430313,97
bm25,4,a_ratio,12,0.32,0.3642530008832784,0.00026391947826362043,0.162719298245614,0.018843982626781136,97
bm25,4,nqc,12,0.32,0.027199052768983226,0.7925097997604427,0.0021929824561403503,0.9747493089119874,97
bm25,4,spatial,12,0.34,0.4047369081257902,4.3119416687273795e-05,0.256578947368421,0.00021279374076250973,97
bm25,4,a_ratio,12,0.34,0.36782982996796715,0.00022699591431648178,0.1614035087719298,0.019826684390718458,97
bm25,4,nqc,12,0.34,0.027909347688742397,0.7872178769007595,0.003070175438596491,0.9646546976352598,97
bm25,4,spatial,12,0.36,0.40278502232380825,4.7314617022613546e-05,0.2526315789473684,0.00026599295941046356,97
bm25,4,a_ratio,12,0.36,0.37104053018867694,0.00019797657470135084,0.17412280701754385,0.011964311224727613,97
bm25,4,nqc,12,0.36,0.028664048369980696,0.7816056960834705,0.0026315789473684206,0.9697013964662655,97
bm25,4,spatial,12,0.38,0.4005714769241311,5.2531604848388316e-05,0.250438596491228,0.0003006998134497259,97
bm25,4,a_ratio,12,0.38,0.37383953096830413,0.00017551747346592983,0.175,0.011541673254595812,97
bm25,4,nqc,12,0.38,0.02946743003921555,0.7756437864569726,0.004385964912280701,0.9495239009595372,97
bm25,4,spatial,12,0.4,0.3980957775964303,5.899935349401976e-05,0.24824561403508766,0.00033961331260065896,97
bm25,4,a_ratio,12,0.4,0.37618272210093723,0.00015855404580839865,0.17850877192982453,0.009980624249260547,97
bm25,4,nqc,12,0.4,0.030324331556140796,0.769299021051573,0.004385964912280701,0.9495239009595372,97
bm25,4,spatial,12,0.42,0.3953589015290909,6.700876968171118e-05,0.24561403508771923,0.00039252186505296443,97
bm25,4,a_ratio,12,0.42,0.37802871541837274,0.00014627326649696017,0.18596491228070172,0.007272147742628502,97
bm25,4,nqc,12,0.42,0.031240250832553357,0.7625340459080008,0.005263157894736841,0.9394464677531641,97
bm25,4,spatial,12,0.44,0.3923633233193088,7.69289590696402e-05,0.24342105263157887,0.00044239606192260735,97
bm25,4,a_ratio,12,0.44,0.37934016338766335,0.00013809061871751857,0.1864035087719298,0.00713560971179531,97
bm25,4,nqc,12,0.44,0.032221460167097496,0.7553066022511731,0.005701754385964911,0.9344112837195322,97
bm25,4,spatial,12,0.46,0.3891130177219425,8.922764778540376e-05,0.24342105263157887,0.00044239606192260735,97
bm25,4,a_ratio,12,0.46,0.38008506701814393,0.0001336338796250139,0.18421052631578944,0.007842044522710973,97
bm25,4,nqc,12,0.46,0.03327514647802145,0.7475687186168913,0.007017543859649122,0.9193222670955983,97
bm25,4,spatial,12,0.48,0.3856134386229222,0.00010449665806583458,0.23552631578947364,0.0006751892693239896,97
bm25,4,a_ratio,12,0.48,0.380237995703817,0.00013273556800524823,0.18552631578947365,0.007411025603920558,97
bm25,4,nqc,12,0.48,0.034409582878958886,0.7392657443420614,0.006578947368421051,0.9243489833566951,97
bm25,4,spatial,12,0.5,0.3818714743289744,0.00012348345488611803,0.23377192982456135,0.0007404706075872587,97
bm25,4,a_ratio,12,0.5,0.3797811383154942,0.00013543592576321017,0.19166666666666665,0.0056676554767862795,97
bm25,4,nqc,12,0.5,0.0356343400013515,0.7303351889867512,0.007456140350877191,0.9142987729055279,97
bm25,4,spatial,12,0.52,0.37789538000232215,0.00014712988091989705,0.22894736842105257,0.0009514478072229865,97
bm25,4,a_ratio,12,0.52,0.3787051095142477,0.00014199848910069932,0.19473684210526312,0.00494296865650076,97
bm25,4,nqc,12,0.52,0.036960548112842856,0.7207053237887695,0.007894736842105262,0.9092786999029837,97
bm25,4,spatial,12,0.54,0.37369468877968703,0.0001766192614709308,0.2228070175438596,0.0013004656192157056,97
bm25,4,a_ratio,12,0.54,0.37700944837027245,0.0001529406243599236,0.19780701754385963,0.004303135489039045,97
bm25,4,nqc,12,0.54,0.038401224688044536,0.7102934908819935,0.009210526315789471,0.8942409928983389,97
bm25,4,spatial,12,0.56,0.3692801037626766,0.00021343306662790134,0.22061403508771926,0.001451423191322646,97
bm25,4,a_ratio,12,0.56,0.3747027671156505,0.00016908179543558116,0.1960526315789473,0.004658897081724128,97
bm25,4,nqc,12,0.56,0.039971687053672406,0.6990040535424176,0.011403508771929822,0.8692650265497066,97
bm25,4,spatial,12,0.58,0.3646633736193593,0.00025941823832358263,0.21929824561403505,0.0015495867057188555,97
bm25,4,a_ratio,12,0.58,0.3718025340946982,0.00019161268654481798,0.19824561403508767,0.004218133036173916,97
bm25,4,nqc,12,0.58,0.04169007663513245,0.6867259062107757,0.011842105263157893,0.8642846291310888,97
bm25,4,spatial,12,0.6,0.35985715496860116,0.00031686609647711965,0.21403508771929822,0.002006505794696667,97
bm25,4,a_ratio,12,0.6,0.3683345035389836,0.00022218846779481605,0.20263157894736838,0.0034481555035308746,97
bm25,4,nqc,12,0.6,0.043578031034704645,0.6733294471217257,0.014473684210526314,0.8345220924714823,97
bm25,4,spatial,12,0.62,0.35487486501160403,0.00038860340284243823,0.21052631578947364,0.002376613320374723,97
bm25,4,a_ratio,12,0.62,0.36433183205340736,0.0002630492553079531,0.20131578947368417,0.0036645116996196075,97
bm25,4,nqc,12,0.62,0.045661553953754555,0.6586629009861379,0.016666666666666663,0.8098979165995264,97
bm25,4,spatial,12,0.64,0.3497305280206767,0.00047809566016168746,0.206578947368421,0.002866998129943633,97
bm25,4,a_ratio,12,0.64,0.35983394423074716,0.0003171699457389204,0.206578947368421,0.002866998129943633,97
bm25,4,nqc,12,0.64,0.04797215276266198,0.6425478689695234,0.019298245614035085,0.7805974596041616,97
bm25,4,spatial,12,0.66,0.34443861929410313,0.0005895620440865248,0.20570175438596489,0.0029878149035424606,97
bm25,4,a_ratio,12,0.66,0.3548852250295309,0.0003884398679976737,0.20307017543859646,0.0033786625934052374,97
bm25,4,nqc,12,0.66,0.050548342251946654,0.6247739883419368,0.020175438596491225,0.7708972462356571,97
bm25,4,spatial,12,0.68,0.33901391004760045,0.0007281005077113137,0.2039473684210526,0.00324348853932908,97
bm25,4,a_ratio,12,0.68,0.349533623132547,0.00048186993534449793,0.1960526315789473,0.004658897081724128,97
bm25,4,nqc,12,0.68,0.053437655237277254,0.6050926259082695,0.021491228070175436,0.7564143003908508,97
bm25,4,spatial,12,0.7,0.3334713164539169,0.000899820585495195,0.20350877192982453,0.003310447205982754,97
bm25,4,a_ratio,12,0.7,0.3438292475192453,0.0006038211930992087,0.19254385964912277,0.005451397044324322,97
bm25,4,nqc,12,0.7,0.05669936306691831,0.5832096512092376,0.021052631578947364,0.7612327300879478,97
bm25,4,spatial,12,0.72,0.3278257556850248,0.0011119803009396743,0.19956140350877188,0.003972184685349765,97
bm25,4,a_ratio,12,0.72,0.3378230302196046,0.0007622440653954174,0.18771929824561398,0.0067396961345085665,97
bm25,4,nqc,12,0.72,0.060408202032238345,0.5587776256815448,0.024999999999999994,0.7182216070520635,97
bm25,4,spatial,12,0.74,0.3220920113816491,0.0013731224219211712,0.19868421052631577,0.004134656435481796,97
bm25,4,a_ratio,12,0.74,0.33156551377822274,0.000966912708498765,0.18728070175438594,0.006869417363886626,97
bm25,4,nqc,12,0.74,0.06465954046477292,0.5313883798591436,0.028947368421052628,0.6760854612536029,97
bm25,4,spatial,12,0.76,0.3162846104997028,0.0016932042030773705,0.1934210526315789,0.005242615402641688,97
bm25,4,a_ratio,12,0.76,0.3251058047914187,0.0012296344339148987,0.18245614035087715,0.008451628874483844,97
bm25,4,nqc,12,0.76,0.06957662696208564,0.5005682869951066,0.0337719298245614,0.6259423572693519,97
bm25,4,spatial,12,0.78,0.3104177129888016,0.0020837138164195987,0.19122807017543855,0.005778660719514659,97
bm25,4,a_ratio,12,0.78,0.3184907173169473,0.001564411079930474,0.17938596491228065,0.00962101549816644,97
bm25,4,nqc,12,0.78,0.07532085672418133,0.465781279541596,0.04210526315789473,0.5433700215214692,97
bm25,4,spatial,12,0.8,0.3045050152684704,0.0025577660156288805,0.18771929824561398,0.0067396961345085665,97
bm25,4,a_ratio,12,0.8,0.31176411387793634,0.0019875283654762037,0.1820175438596491,0.008610498746466352,97
bm25,4,nqc,12,0.8,0.08210638962478715,0.42645014582893376,0.04210526315789473,0.5433700215214692,97
bm25,4,spatial,12,0.82,0.29855966800341494,0.0031301693152176336,0.18596491228070172,0.007272147742628502,97
bm25,4,a_ratio,12,0.82,0.3049664384536583,0.0025175512893926043,0.17719298245614032,0.010542498984637544,97
bm25,4,nqc,12,0.82,0.09022087459718266,0.3820173339089292,0.04912280701754385,0.47831687516260546,97
bm25,4,spatial,12,0.84,0.29259420825655563,0.0038174571799852093,0.18070175438596486,0.009103246710666093,97
bm25,4,a_ratio,12,0.84,0.2981344258946192,0.0031752087358909624,0.17675438596491225,0.010735947690716544,97
bm25,4,nqc,12,0.84,0.10005407245783628,0.3320861352408536,0.057894736842105256,0.4033678245111202,97
bm25,4,spatial,12,0.86,0.28662050572896225,0.004637876464667312,0.17368421052631575,0.012180731335371816,97
bm25,4,a_ratio,12,0.86,0.29130096569431274,0.003983158263094332,0.1745614035087719,0.011751307036103295,97
bm25,4,nqc,12,0.86,0.11213425148323511,0.2767146098282789,0.06403508771929824,0.35535715174125126,97
bm25,4,spatial,12,0.88,0.28064972248653053,0.005611327624287246,0.17412280701754385,0.011964311224727613,97
bm25,4,a_ratio,12,0.88,0.2844950946717438,0.004965631714966478,0.16842105263157892,0.015061406503459098,97
bm25,4,nqc,12,0.88,0.12716288283028493,0.2169664911239668,0.07675438596491226,0.2679345327469521,97
bm25,4,spatial,12,0.9,0.27469228532708556,0.006759252987397652,0.16798245614035084,0.015326584176287853,97
bm25,4,a_ratio,12,0.9,0.27774209230784774,0.006147972568784179,0.16754385964912277,0.015595863350661914,97
bm25,4,nqc,12,0.9,0.146003430927122,0.15577810547510354,0.09298245614035086,0.1795768982922561,97
bm25,4,spatial,12,0.92,0.2687578697580411,0.008104471552148114,0.16359649122807016,0.01821275950357213,97
bm25,4,a_ratio,12,0.92,0.2710636535825044,0.007556085445261836,0.16578947368421051,0.01671505177868845,97
bm25,4,nqc,12,0.92,0.16946672789636574,0.09881218409135359,0.11798245614035086,0.0885876276886421,97
bm25,4,spatial,12,0.94,0.26285539443024125,0.009670961191600784,0.16228070175438594,0.0191667093911976,97
bm25,4,a_ratio,12,0.94,0.2644781165385687,0.009215825738227542,0.16929824561403506,0.014543148107282302,97
bm25,4,nqc,12,0.94,0.19743153731026664,0.05384145694739566,0.13245614035087716,0.05590173788646047,97
bm25,4,spatial,12,0.96,0.2569930248027431,0.011483591673334638,0.15921052631578944,0.02156410311246367,97
bm25,4,a_ratio,12,0.96,0.2580007248987566,0.011152361991402467,0.16578947368421051,0.01671505177868845,97
bm25,4,nqc,12,0.96,0.22644106767485744,0.026520873103591188,0.1421052631578947,0.040260018266768394,97
bm25,4,spatial,12,0.98,0.25117818478909176,0.013567814330175794,0.15921052631578944,0.02156410311246367,97
bm25,4,a_ratio,12,0.98,0.25164390943836756,0.013389545065116632,0.1614035087719298,0.019826684390718458,97
bm25,4,nqc,12,0.98,0.24652579319302245,0.015464929138666142,0.15482456140350873,0.025440028065994644,97
bm25,4,spatial,12,1.0,0.24541757515054097,0.015949316390703325,0.15745614035087718,0.023048035126692692,97
bm25,4,a_ratio,12,1.0,0.24541757515054097,0.015949316390703325,0.15745614035087718,0.023048035126692692,97
bm25,4,nqc,12,1.0,0.24541757515054097,0.015949316390703325,0.15745614035087718,0.023048035126692692,97
bm25,4,spatial,13,0.0,0.4037614930131384,4.517046326188847e-05,0.24912280701754383,0.00032351427155757553,97
bm25,4,a_ratio,13,0.0,0.28828616161251697,0.004394638571430725,0.08026315789473683,0.2466700962299916,97
bm25,4,nqc,13,0.0,0.019703543426312253,0.8488828114964245,-0.008333333333333331,0.9042622467947524,97
bm25,4,spatial,13,0.02,0.40522195806757066,4.2132154129548834e-05,0.24868421052631576,0.0003314723440454529,97
bm25,4,a_ratio,13,0.02,0.2929571392268094,0.0037720764544077346,0.08289473684210526,0.23151781230384616,97
bm25,4,nqc,13,0.02,0.02003380311354465,0.8463806439610284,-0.007456140350877191,0.9142987729055279,97
bm25,4,spatial,13,0.04,0.40656926495721624,3.949943485663481e-05,0.2521929824561403,0.00027261872163635134,97
bm25,4,a_ratio,13,0.04,0.29770430289005567,0.0032213554492670246,0.09210526315789472,0.18371670779212068,97
bm25,4,nqc,13,0.04,0.02037787666214222,0.8437754380746594,-0.007017543859649122,0.9193222670955983,97
bm25,4,spatial,13,0.06,0.40779359508860236,3.724101240812352e-05,0.25482456140350873,0.00023506899651749467,97
bm25,4,a_ratio,13,0.06,0.3025195378000847,0.002737482504849909,0.09385964912280699,0.1755068360944365,97
bm25,4,nqc,13,0.06,0.02073664728568289,0.8410607413125318,-0.006578947368421051,0.9243489833566951,97
bm25,4,spatial,13,0.08,0.40888489982374115,3.533020242029522e-05,0.2539473684210526,0.0002470100935230778,97
bm25,4,a_ratio,13,0.08,0.30739297526443776,0.002315285457386402,0.0982456140350877,0.1561836121302155,97
bm25,4,nqc,13,0.08,0.021111074947641625,0.838229555134912,-0.005701754385964911,0.9344112837195322,97
bm25,4,spatial,13,0.1,0.40983295907468065,3.37449555411663e-05,0.2557017543859649,0.00022367120423335903,97
bm25,4,a_ratio,13,0.1,0.3123127905147358,0.0019494950866255343,0.10614035087719297,0.12552912312509534,97
bm25,4,nqc,13,0.1,0.02150220486187085,0.835274276486681,-0.005263157894736841,0.9394464677531641,97
bm25,4,spatial,13,0.12,0.41062744913325694,3.2467940576518675e-05,0.2618421052631578,0.00015727711080768157,97
bm25,4,a_ratio,13,0.12,0.3172649967447293,0.0016348288091780972,0.11271929824561401,0.1037519879759869,97
bm25,4,nqc,13,0.12,0.021911177145343047,0.8321866316846658,-0.004824561403508771,0.9444840737693221,97
bm25,4,spatial,13,0.14,0.4112580197493316,3.148670320944931e-05,0.2622807017543859,0.0001533264537085578,97
bm25,4,a_ratio,13,0.14,0.32223324140577575,0.0013660729890992462,0.11929824561403506,0.08509000988854595,97
bm25,4,nqc,13,0.14,0.022339237809057652,0.8289576015244585,-0.004824561403508771,0.9444840737693221,97
bm25,4,spatial,13,0.16,0.41171438023129536,3.079392301264476e-05,0.26447368421052625,0.0001349357629628827,97
bm25,4,a_ratio,13,0.16,0.32719861274570744,0.0011381607903758189,0.12587719298245612,0.06924102024309887,97
bm25,4,nqc,13,0.16,0.02278775130798741,0.825577336231828,-0.003070175438596491,0.9646546976352598,97
bm25,4,spatial,13,0.18,0.4119863940680968,3.038779662096265e-05,0.2701754385964912,9.636472031877907e-05,97
bm25,4,a_ratio,13,0.18,0.3321394667671429,0.0009462426514900241,0.13157894736842105,0.05754607703293159,97
bm25,4,nqc,13,0.18,0.02325821491347599,0.8220350586355007,-0.003070175438596491,0.9646546976352598,97
bm25,4,spatial,13,0.2,0.4120641812677187,3.0272581636011135e-05,0.26929824561403504,0.00010152986331601867,97
bm25,4,a_ratio,13,0.2,0.337031287124504,0.0007857468348016735,0.13464912280701752,0.05196142228840072,97
bm25,4,nqc,13,0.2,0.02375227522343755,0.8183189536392129,-0.0021929824561403503,0.9747493089119874,97
bm25,4,spatial,13,0.22,0.4119382272810044,3.0459344538497434e-05,0.2719298245614034,8.676965237347555e-05,97
bm25,4,a_ratio,13,0.22,0.3418465928312458,0.0006524280754767979,0.13728070175438595,0.04754239775881143,97
bm25,4,nqc,13,0.22,0.024271747189418894,0.8144160417098817,-0.0026315789473684206,0.9697013964662655,97
bm25,4,spatial,13,0.24,0.41159949704308696,3.096696713516495e-05,0.2719298245614034,8.676965237347555e-05,97
bm25,4,a_ratio,13,0.24,0.3465549107940026,0.0005424030838079965,0.13947368421052628,0.04410533540463598,97
bm25,4,nqc,13,0.24,0.024818636118091986,0.8103120336609518,-0.0021929824561403503,0.9747493089119874,97
bm25,4,spatial,13,0.26,0.4110395523311535,3.1823480531012696e-05,0.2684210526315789,0.00010695554741565452,97
bm25,4,a_ratio,13,0.26,0.35112283183246207,0.00045217247741317966,0.14473684210526314,0.03670286698982216,97
bm25,4,nqc,13,0.26,0.02539516320194607,0.8059911634776967,-0.0017543859649122805,0.9797982329262411,97
bm25,4,spatial,13,0.28,0.41025067032307627,3.306781409342179e-05,0.26447368421052625,0.0001349357629628827,97
bm25,4,a_ratio,13,0.28,0.3555141696083195,0.0003786295585438715,0.14912280701754385,0.031369120531165556,97
bm25,4,nqc,13,0.28,0.026003795254910617,0.8014359952817649,-0.0008771929824561403,0.9898983068920344,97
bm25,4,spatial,13,0.3,0.4092259609645822,3.475207030376501e-05,0.2622807017543859,0.0001533264537085578,97
bm25,4,a_ratio,13,0.3,0.3596902413375153,0.0003190571261557646,0.15175438596491225,0.028499485428052914,97
bm25,4,nqc,13,0.3,0.02664727947995231,0.796627199737026,0.00043859649122807013,0.9949490522405066,97
bm25,4,spatial,13,0.32,0.4079594805318493,3.6944465853875174e-05,0.2587719298245614,0.00018773365369726365,97
bm25,4,a_ratio,13,0.32,0.36361028683725893,0.0002711141513016157,0.15526315789473683,0.025027037161781087,97
bm25,4,nqc,13,0.32,0.027328684286017674,0.7915432942222191,0.0021929824561403503,0.9747493089119874,97
bm25,4,spatial,13,0.34,0.40644633862996715,3.973311603536283e-05,0.2557017543859649,0.00022367120423335903,97
bm25,4,a_ratio,13,0.34,0.36723203794301784,0.00023281459708652,0.16184210526315784,0.019494257081408093,97
bm25,4,nqc,13,0.34,0.028051447412470495,0.7861603398923892,0.0026315789473684206,0.9697013964662655,97
bm25,4,spatial,13,0.36,0.40468279581211897,4.323088464682039e-05,0.2495614035087719,0.00031573529791605395,97
bm25,4,a_ratio,13,0.36,0.37051244332942745,0.00020250090844428712,0.16578947368421051,0.01671505177868845,97
bm25,4,nqc,13,0.36,0.02881943292562164,0.7804515872638246,0.0021929824561403503,0.9747493089119874,97
bm25,4,spatial,13,0.38,0.40266634905282944,4.758157652786816e-05,0.24999999999999994,0.0003081316971646934,97
bm25,4,a_ratio,13,0.38,0.3734085442286895,0.00017881474083585757,0.17850877192982453,0.009980624249260547,97
bm25,4,nqc,13,0.38,0.02963699904443981,0.7743870601136207,0.003070175438596491,0.9646546976352598,97
bm25,4,spatial,13,0.4,0.4003958024694081,5.296781544132585e-05,0.243859649122807,0.00043197102860202826,97
bm25,4,a_ratio,13,0.4,0.37587848475380076,0.00016066737705067218,0.1776315789473684,0.010352157028285932,97
bm25,4,nqc,13,0.4,0.03050907925858369,0.7679330651942591,0.004824561403508771,0.9444840737693221,97
bm25,4,spatial,13,0.42,0.39787132096135486,5.9621026945740605e-05,0.2403508771929824,0.0005222134964126145,97
bm25,4,a_ratio,13,0.42,0.3778826272300558,0.00014721205422228505,0.17543859649122803,0.01133536481749997,97
bm25,4,nqc,13,0.42,0.0314412798589066,0.761051612411484,0.005701754385964911,0.9344112837195322,97
bm25,4,spatial,13,0.44,0.39509446482350663,6.783403393060176e-05,0.23903508771929818,0.0005603701088308085,97
bm25,4,a_ratio,13,0.44,0.37938472930982176,0.00013782015528846544,0.18289473684210522,0.008295385577532875,97
bm25,4,nqc,13,0.44,0.03243999785986593,0.7536997265576199,0.006140350877192982,0.9293787221862809,97
bm25,4,spatial,13,0.46,0.3920682038733775,7.797687020329011e-05,0.23991228070175435,0.0005346547694821339,97
bm25,4,a_ratio,13,0.46,0.3803531272907088,0.00013206297562231526,0.181578947368421,0.008772032874754584,97
bm25,4,nqc,13,0.46,0.03351256442574957,0.7458286272574904,0.007017543859649122,0.9193222670955983,97
bm25,4,spatial,13,0.48,0.3887969101981632,9.051652172860843e-05,0.23201754385964907,0.0008115744326137436,97
bm25,4,a_ratio,13,0.48,0.38076186080798663,0.0001297006111620816,0.18333333333333332,0.008141731588545092,97
bm25,4,nqc,13,0.48,0.03466742041729286,0.7373827482589843,0.007017543859649122,0.9193222670955983,97
bm25,4,spatial,13,0.5,0.3852863292475669,0.00010604141025442708,0.23070175438596488,0.000869004617248621,97
bm25,4,a_ratio,13,0.5,0.38059166971575475,0.00013067946654430942,0.1894736842105263,0.006242548211379331,97
bm25,4,nqc,13,0.5,0.03591433269145558,0.7282985603396709,0.007456140350877191,0.9142987729055279,97
bm25,4,spatial,13,0.52,0.3815435296459204,0.00012529153152788443,0.22631578947368416,0.001088778390813313,97
bm25,4,a_ratio,13,0.52,0.3798307959026437,0.00013513996621654215,0.19473684210526312,0.00494296865650076,97
bm25,4,nqc,13,0.52,0.03726466251298091,0.7185031536378648,0.008771929824561401,0.8992496118543148,97
bm25,4,spatial,13,0.54,0.3775768327396608,0.00014919523799533508,0.21973684210526312,0.001516205986896074,97
bm25,4,a_ratio,13,0.54,0.37847553166325015,0.00014343625896346264,0.19824561403508767,0.004218133036173916,97
bm25,4,nqc,13,0.54,0.03873170115631358,0.707912524898461,0.009210526315789471,0.8942409928983389,97
bm25,4,spatial,13,0.56,0.37339572350195016,0.00017891369784748734,0.2171052631578947,0.0017268729312904809,97
bm25,4,a_ratio,13,0.56,0.3765304717330261,0.00015616999904843803,0.20263157894736838,0.0034481555035308746,97
bm25,4,nqc,13,0.56,0.04033109290309361,0.6964295027975601,0.010526315789473682,0.8792412027606161,97
bm25,4,spatial,13,0.58,0.36901074495552305,0.00021589404891210703,0.21315789473684207,0.0020937133501945666,97
bm25,4,a_ratio,13,0.58,0.3740084467967454,0.0001742405952086331,0.20307017543859646,0.0033786625934052374,97
bm25,4,nqc,13,0.58,0.042081372778452905,0.6839412303024099,0.012719298245614033,0.8543401854899793,97
bm25,4,spatial,13,0.6,0.3644333787221429,0.00026193217473037794,0.21140350877192976,0.002278642796588288,97
bm25,4,a_ratio,13,0.6,0.3709301398954098,0.0001989145358665767,0.2052631578947368,0.0030499490794706602,97
bm25,4,nqc,13,0.6,0.04400465641429019,0.6703161077156778,0.014473684210526314,0.8345220924714823,97
bm25,4,spatial,13,0.62,0.3596759146427098,0.0003192458374493135,0.20745614035087714,0.002750657172647581,97
bm25,4,a_ratio,13,0.62,0.367323410838194,0.00023191638218066177,0.20131578947368417,0.0036645116996196075,97
bm25,4,nqc,13,0.62,0.046127533719703295,0.6554000858317336,0.015350877192982452,0.8246514972992991,97
bm25,4,spatial,13,0.64,0.3547513126239936,0.0003905585854955401,0.20438596491228067,0.003177766074944934,97
bm25,4,a_ratio,13,0.64,0.3632223745898672,0.00027554359745188164,0.2039473684210526,0.00324348853932908,97
bm25,4,nqc,13,0.64,0.04848223860286166,0.6390121905870019,0.017982456140350874,0.7952115822983997,97
bm25,4,spatial,13,0.66,0.3496730599516079,0.0004791943957138319,0.20087719298245613,0.0037393284863613424,97
bm25,4,a_ratio,13,0.66,0.3586662952421593,0.0003328063703909313,0.19736842105263155,0.0043896882161837195,97
bm25,4,nqc,13,0.66,0.051108196911365325,0.6209391696830372,0.018421052631578942,0.7903319415119258,97
bm25,4,spatial,13,0.68,0.34445502726747834,0.0005891824010170459,0.19824561403508767,0.004218133036173916,97
bm25,4,a_ratio,13,0.68,0.35369836606311894,0.0004075918376649264,0.1991228070175438,0.0040526815820536586,97
bm25,4,nqc,13,0.68,0.0540540987743552,0.6009292006510931,0.021052631578947364,0.7612327300879478,97
bm25,4,spatial,13,0.7,0.33911132625393514,0.0007253703001320672,0.1934210526315789,0.005242615402641688,97
bm25,4,a_ratio,13,0.7,0.3483644478061743,0.0005048495462356824,0.1921052631578947,0.00555857730471879,97
bm25,4,nqc,13,0.7,0.05738070691907453,0.5786847350076678,0.021052631578947364,0.7612327300879478,97
bm25,4,spatial,13,0.72,0.3336561718115889,0.0008935441674120704,0.19429824561403505,0.0050410843610361605,97
bm25,4,a_ratio,13,0.72,0.34271183255140336,0.0006307916873911132,0.18552631578947365,0.007411025603920558,97
bm25,4,nqc,13,0.72,0.061164710428622066,0.5538548678110471,0.024122807017543855,0.7277082672725284,97
bm25,4,spatial,13,0.74,0.32810375118430596,0.0011005514193076792,0.19298245614035084,0.005346085893178478,97
bm25,4,a_ratio,13,0.74,0.33678809025891576,0.0007930978403434529,0.18114035087719296,0.008936269357215086,97
bm25,4,nqc,13,0.74,0.06550408047352932,0.5260283030086301,0.026315789473684206,0.7040731029869403,97
bm25,4,spatial,13,0.76,0.32246810209433485,0.0013544227114503584,0.19035087719298244,0.0060065708523342936,97
bm25,4,a_ratio,13,0.76,0.33064004181212214,0.0010011101459257879,0.18114035087719296,0.008936269357215086,97
bm25,4,nqc,13,0.76,0.07052560439537556,0.49472940490206097,0.03464912280701754,0.6169998397695846,97
bm25,4,spatial,13,0.78,0.31676300152687875,0.0016644876155843377,0.18991228070175434,0.006123535868103072,97
bm25,4,a_ratio,13,0.78,0.32431288757840404,0.0012660016177330367,0.18070175438596486,0.009103246710666093,97
bm25,4,nqc,13,0.78,0.07639559584890851,0.4594227182461757,0.03903508771929824,0.573154694589358,97
bm25,4,spatial,13,0.8,0.3110018663682227,0.002041478150068647,0.17938596491228065,0.00962101549816644,97
bm25,4,a_ratio,13,0.8,0.31784950615364066,0.0016008983837811392,0.1789473684210526,0.00979934996376251,97
bm25,4,nqc,13,0.8,0.08333521932213449,0.4195371089225506,0.041666666666666664,0.5475773816129212,97
bm25,4,spatial,13,0.82,0.30519766667472775,0.002497613706217702,0.1789473684210526,0.00979934996376251,97
bm25,4,a_ratio,13,0.82,0.3112899252971576,0.0020209366544521254,0.17631578947368418,0.010932545975931482,97
bm25,4,nqc,13,0.82,0.09164236653745021,0.37453184306161663,0.04561403508771929,0.510301360039156,97
bm25,4,spatial,13,0.84,0.2993628519483165,0.0030466607131504446,0.17149122807017542,0.013315695610410695,97
bm25,4,a_ratio,13,0.84,0.3046709569115834,0.0025432375175868864,0.16754385964912277,0.015595863350661914,97
bm25,4,nqc,13,0.84,0.10172219524290332,0.32404726615350815,0.053508771929824554,0.4399267495231346,97
bm25,4,spatial,13,0.86,0.2935092904304779,0.0037039605853724476,0.16929824561403506,0.014543148107282302,97
bm25,4,a_ratio,13,0.86,0.29802598060219565,0.0031867872990254905,0.16052631578947366,0.0205064150417212,97
bm25,4,nqc,13,0.86,0.11412673219757198,0.26821476198259037,0.0631578947368421,0.36198607447715714,97
bm25,4,spatial,13,0.88,0.28764822111050603,0.004486420140272345,0.16359649122807016,0.01821275950357213,97
bm25,4,a_ratio,13,0.88,0.2913848557959617,0.0039722178215834065,0.1583333333333333,0.022295335985736058,97
bm25,4,nqc,13,0.88,0.12959477994273666,0.20823067623052877,0.07719298245614034,0.26520964851167916,97
bm25,4,spatial,13,0.9,0.2817902178800345,0.005412459760343509,0.16184210526315784,0.019494257081408093,97
bm25,4,a_ratio,13,0.9,0.2847739402760322,0.00492148871124692,0.15438596491228068,0.025858902807275798,97
bm25,4,nqc,13,0.9,0.14904801981453458,0.14724112651359048,0.09473684210526315,0.1715059874753988,97
bm25,4,spatial,13,0.92,0.27594516505698574,0.006501916069622012,0.15745614035087718,0.023048035126692692,97
bm25,4,a_ratio,13,0.92,0.2782161928106153,0.00605748196830547,0.15131578947368418,0.028961443601471626,97
bm25,4,nqc,13,0.92,0.17338052320636296,0.09115388144756414,0.11228070175438595,0.1051035749997424,97
bm25,4,spatial,13,0.94,0.2701222433468682,0.007775897718081908,0.1539473684210526,0.026283728186940334,97
bm25,4,a_ratio,13,0.94,0.2717313387991259,0.0074035263242209805,0.15307017543859647,0.02715150040857788,97
bm25,4,nqc,13,0.94,0.20254962469933763,0.047800069787555896,0.12982456140350873,0.06095550235659266,97
bm25,4,spatial,13,0.96,0.26432992520484583,0.009256594910162704,0.1482456140350877,0.03237920648866719,97
bm25,4,a_ratio,13,0.96,0.26533608002545195,0.008982874557417751,0.1508771929824561,0.029429833054879267,97
bm25,4,nqc,13,0.96,0.23300764292415407,0.022334159353502664,0.14605263157894735,0.035027066920463666,97
bm25,4,spatial,13,0.98,0.2585759785032378,0.010967045439251939,0.1464912280701754,0.03448318151719248,97
bm25,4,a_ratio,13,0.98,0.2590443322733717,0.010818160337129209,0.15131578947368418,0.028961443601471626,97
bm25,4,nqc,13,0.98,0.25417057516953134,0.01245746386252419,0.15175438596491225,0.028499485428052914,97
bm25,4,spatial,13,1.0,0.2528674773902178,0.012930862053376681,0.1482456140350877,0.03237920648866719,97
bm25,4,a_ratio,13,1.0,0.2528674773902178,0.012930862053376681,0.1482456140350877,0.03237920648866719,97
bm25,4,nqc,13,1.0,0.2528674773902178,0.012930862053376681,0.1482456140350877,0.03237920648866719,97
bm25,4,spatial,14,0.0,0.4037614930131384,4.517046326188847e-05,0.24912280701754383,0.00032351427155757553,97
bm25,4,a_ratio,14,0.0,0.28828616161251697,0.004394638571430725,0.08026315789473683,0.2466700962299916,97
bm25,4,nqc,14,0.0,0.019703543426312253,0.8488828114964245,-0.008333333333333331,0.9042622467947524,97
bm25,4,spatial,14,0.02,0.40519732659593777,4.218177578170379e-05,0.24912280701754383,0.00032351427155757553,97
bm25,4,a_ratio,14,0.02,0.2928115446793884,0.0037902232666995766,0.0820175438596491,0.2364933356716986,97
bm25,4,nqc,14,0.02,0.02002757523460033,0.8464278146222707,-0.007456140350877191,0.9142987729055279,97
bm25,4,spatial,14,0.04,0.406524192413533,3.958496771646354e-05,0.2521929824561403,0.00027261872163635134,97
bm25,4,a_ratio,14,0.04,0.297409194988682,0.0032533636216618834,0.09122807017543857,0.18792678491316706,97
bm25,4,nqc,14,0.04,0.02036515814295929,0.843871708556112,-0.007017543859649122,0.9193222670955983,97
bm25,4,spatial,14,0.06,0.40773245190878316,3.735087516084878e-05,0.2539473684210526,0.0002470100935230778,97
bm25,4,a_ratio,14,0.06,0.3020713814298437,0.002779585305622534,0.09473684210526315,0.1715059874753988,97
bm25,4,nqc,14,0.06,0.02071715847695116,0.8412081591297595,-0.006578947368421051,0.9243489833566951,97
bm25,4,spatial,14,0.08,0.40881220860036593,3.545457716400853e-05,0.2539473684210526,0.0002470100935230778,97
bm25,4,a_ratio,14,0.08,0.30678872633480464,0.0023642346717069724,0.0982456140350877,0.1561836121302155,97
bm25,4,nqc,14,0.08,0.021084517842237985,0.838430295810936,-0.006140350877192982,0.9293787221862809,97
bm25,4,spatial,14,0.1,0.4097533611917123,3.387545058746289e-05,0.25614035087719295,0.00021816883242795217,97
bm25,4,a_ratio,14,0.1,0.3115500166633184,0.0020025500340532625,0.10438596491228068,0.13190012967467796,97
bm25,4,nqc,14,0.1,0.021468261462678676,0.8355306541780076,-0.005701754385964911,0.9344112837195322,97
bm25,4,spatial,14,0.12,0.4105456658063625,3.259727785806025e-05,0.2622807017543859,0.0001533264537085578,97
bm25,4,a_ratio,14,0.12,0.3163420111511648,0.0016897350765647998,0.1114035087719298,0.10784864986018966,97
bm25,4,nqc,14,0.12,0.021869507648828584,0.8325011108985495,-0.004824561403508771,0.9444840737693221,97
bm25,4,spatial,14,0.14,0.4111788074969002,3.1608425588075564e-05,0.262719298245614,0.0001494693473081943,97
bm25,4,a_ratio,14,0.14,0.3211492487549136,0.0014210318648861225,0.11754385964912278,0.08977892662724705,97
bm25,4,nqc,14,0.14,0.022289478579260433,0.8293328100591498,-0.004824561403508771,0.9444840737693221,97
bm25,4,spatial,14,0.16,0.41164248095885914,3.090211596014268e-05,0.26052631578947366,0.00016971167166230354,97
bm25,4,a_ratio,14,0.16,0.32595386547181937,0.0011917908392499036,0.12280701754385961,0.07630651637729123,97
bm25,4,nqc,14,0.16,0.022729512611452715,0.8260160794892025,-0.003947368421052631,0.954565748248739,97
bm25,4,spatial,14,0.18,0.4119264801279352,3.047681787020823e-05,0.2666666666666666,0.00011863797904396325,97
bm25,4,a_ratio,14,0.18,0.33073542858161525,0.0009975352417817373,0.12850877192982454,0.06362097951440454,97
bm25,4,nqc,14,0.18,0.023191078380751518,0.822540335475866,-0.003947368421052631,0.954565748248739,97
bm25,4,spatial,14,0.2,0.4120207960519371,3.0336791442783843e-05,0.26535087719298245,0.00012817854853724403,97
bm25,4,a_ratio,14,0.2,0.3354707994804119,0.00083401768814336,0.1337719298245614,0.053508744548176196,97
bm25,4,nqc,14,0.2,0.023675790996898316,0.8188939739712522,-0.003508771929824561,0.9596094143193218,97
bm25,4,spatial,14,0.22,0.4119157221144858,3.0492828124324718e-05,0.2635964912280701,0.00014202757091789025,97
bm25,4,a_ratio,14,0.22,0.3401340384371481,0.0006972670220377929,0.1333333333333333,0.05429672191249564,97
bm25,4,nqc,14,0.22,0.024185430710176467,0.8150642460349221,-0.003070175438596491,0.9646546976352598,97
bm25,4,spatial,14,0.24,0.41160196535460136,3.0963239675991044e-05,0.26578947368421046,0.00012492077956959696,97
bm25,4,a_ratio,14,0.24,0.34469636661952624,0.0005836241641484774,0.13815789473684206,0.04614146023750493,97
bm25,4,nqc,14,0.24,0.024721964496315474,0.8110371148206975,-0.0026315789473684206,0.9697013964662655,97
bm25,4,spatial,14,0.26,0.41107076228712247,3.17751637067799e-05,0.26096491228070173,0.00016546754768086806,97
bm25,4,a_ratio,14,0.26,0.3491262023583905,0.0004897663382239371,0.1451754385964912,0.03613683367153821,97
bm25,4,nqc,14,0.26,0.02528757110475577,0.8067970908881605,-0.0021929824561403503,0.9747493089119874,97
bm25,4,spatial,14,0.28,0.4103139972980615,3.296627173922748e-05,0.25921052631578945,0.00018306667264307222,97
bm25,4,a_ratio,14,0.28,0.35338928952529525,0.00041271976646208404,0.1478070175438596,0.03289461425077135,97
bm25,4,nqc,14,0.28,0.025884670233685528,0.8023270419737945,-0.0021929824561403503,0.9747493089119874,97
bm25,4,spatial,14,0.3,0.40932432138361197,3.458698917028778e-05,0.2574561403508771,0.0002024145160928557,97
bm25,4,a_ratio,14,0.3,0.35744893570603453,0.0003498616086498763,0.15131578947368418,0.028961443601471626,97
bm25,4,nqc,14,0.3,0.02651595664390695,0.7976079725655879,0.00043859649122807013,0.9949490522405066,97
bm25,4,spatial,14,0.32,0.4080952687401185,3.6703366033401855e-05,0.25482456140350873,0.00023506899651749467,97
bm25,4,a_ratio,14,0.32,0.3612663761505087,0.00029891251311128873,0.1535087719298245,0.026714571474982324,97
bm25,4,nqc,14,0.32,0.027184440210591104,0.7926187676520472,0.0013157894736842103,0.984847966341271,97
bm25,4,spatial,14,0.34,0.4066213685137323,3.940077449203733e-05,0.2495614035087719,0.00031573529791605395,97
bm25,4,a_ratio,14,0.34,0.36480127587310984,0.00025792160419505145,0.16052631578947366,0.0205064150417212,97
bm25,4,nqc,14,0.34,0.027893493148595627,0.7873358938161392,0.0017543859649122805,0.9797982329262411,97
bm25,4,spatial,14,0.36,0.40489824890085224,4.2788654920462125e-05,0.24561403508771923,0.00039252186505296443,97
bm25,4,a_ratio,14,0.36,0.36801237646674,0.00022524602340847654,0.16842105263157892,0.015061406503459098,97
bm25,4,nqc,14,0.36,0.028646905948233242,0.7817330493586216,0.0013157894736842103,0.984847966341271,97
bm25,4,spatial,14,0.38,0.40292273076954255,4.700658870302159e-05,0.2421052631578947,0.00047509739036277217,97
bm25,4,a_ratio,14,0.38,0.3708582860612073,0.00019952726668545973,0.17105263157894732,0.013553592603324118,97
bm25,4,nqc,14,0.38,0.029448953944253106,0.7757807532899729,0.0008771929824561403,0.9898983068920344,97
bm25,4,spatial,14,0.4,0.4006929080595572,5.2232043839757234e-05,0.23815789473684207,0.0005872336126765293,97
bm25,4,a_ratio,14,0.4,0.3732984005702953,0.00017966654015396855,0.1745614035087719,0.011751307036103295,97
bm25,4,nqc,14,0.4,0.030304476938447927,0.7694458607322734,0.0021929824561403503,0.9747493089119874,97
bm25,4,spatial,14,0.42,0.39820821242127397,5.869022006620536e-05,0.23201754385964907,0.0008115744326137436,97
bm25,4,a_ratio,14,0.42,0.3752939324682842,0.00016480123214890647,0.17149122807017542,0.013315695610410695,97
bm25,4,nqc,14,0.42,0.03121897494259397,0.762690989404345,0.003947368421052631,0.954565748248739,97
bm25,4,spatial,14,0.44,0.3954694598717196,6.666651378034284e-05,0.23070175438596488,0.000869004617248621,97
bm25,4,a_ratio,14,0.44,0.3768090107676555,0.00015428442302497288,0.1776315789473684,0.010352157028285932,97
bm25,4,nqc,14,0.44,0.03219872395397688,0.755473838276845,0.004824561403508771,0.9444840737693221,97
bm25,4,spatial,14,0.46,0.3924788776721123,7.652222878550849e-05,0.23289473684210524,0.0007752661095537938,97
bm25,4,a_ratio,14,0.46,0.37781180397535874,0.00014766918255838693,0.17807017543859646,0.010164879433085774,97
bm25,4,nqc,14,0.46,0.03325091679055327,0.7477463749950387,0.004824561403508771,0.9444840737693221,97
bm25,4,spatial,14,0.48,0.38924011015184495,8.87142741562004e-05,0.22894736842105257,0.0009514478072229865,97
bm25,4,a_ratio,14,0.48,0.378275608194555,0.0001446992880029713,0.1789473684210526,0.00979934996376251,97
bm25,4,nqc,14,0.48,0.034383835494605205,0.7394538630499847,0.005701754385964911,0.9344112837195322,97
bm25,4,spatial,14,0.5,0.3857582027976459,0.00010381971046536599,0.2245614035087719,0.0011902812109366697,97
bm25,4,a_ratio,14,0.5,0.37817983687225254,0.0001453079723813627,0.18684210526315786,0.007001377469104526,97
bm25,4,nqc,14,0.5,0.03560706380029449,0.730533692665941,0.007017543859649122,0.9193222670955983,97
bm25,4,spatial,14,0.52,0.3820395645670464,0.00012256612208892513,0.21885964912280698,0.001583643031304207,97
bm25,4,a_ratio,14,0.52,0.37751084838788107,0.0001496264026523522,0.18508771929824558,0.007552277732226657,97
bm25,4,nqc,14,0.52,0.03693175084782403,0.7209139706594162,0.008771929824561401,0.8992496118543148,97
bm25,4,spatial,14,0.54,0.378091909042047,0.000145868894396245,0.21666666666666662,0.0017644953964592808,97
bm25,4,a_ratio,14,0.54,0.3762625535916826,0.00015800378890690764,0.1934210526315789,0.005242615402641688,97
bm25,4,nqc,14,0.54,0.038370940996675595,0.7105118138020736,0.010087719298245612,0.8842365917819822,97
bm25,4,spatial,14,0.56,0.3739241756792512,0.00017487654407197044,0.21403508771929822,0.002006505794696667,97
bm25,4,a_ratio,14,0.56,0.3744367575715618,0.0001710413097569639,0.19385964912280698,0.005140957475072907,97
bm25,4,nqc,14,0.56,0.03993998965175087,0.6992312772373216,0.011842105263157893,0.8642846291310888,97
bm25,4,spatial,14,0.58,0.36954643300516876,0.00021102526786682556,0.20921052631578946,0.002530815422866084,97
bm25,4,a_ratio,14,0.58,0.3720432074386493,0.0001896423448930424,0.1991228070175438,0.0040526815820536586,97
bm25,4,nqc,14,0.58,0.04165709206974659,0.6869608342299102,0.011842105263157893,0.8642846291310888,97
bm25,4,spatial,14,0.6,0.3649697661207964,0.00025610381508945224,0.206578947368421,0.002866998129943633,97
bm25,4,a_ratio,14,0.6,0.36909933897047553,0.00021508173632571066,0.2039473684210526,0.00324348853932908,97
bm25,4,nqc,14,0.6,0.043543962049791135,0.6735703064941889,0.013157894736842103,0.8493765252593968,97
bm25,4,spatial,14,0.62,0.36020615129388234,0.0003123296249592847,0.2021929824561403,0.003518947024518709,97
bm25,4,a_ratio,14,0.62,0.36562973709966773,0.00024909681977423545,0.1991228070175438,0.0040526815820536586,97
bm25,4,nqc,14,0.62,0.045626711568595296,0.6589071273106032,0.015350877192982452,0.8246514972992991,97
bm25,4,spatial,14,0.64,0.35526832071326137,0.0003824368743270673,0.20043859649122803,0.0038155311548393224,97
bm25,4,a_ratio,14,0.64,0.3616653458279866,0.00029400260865489094,0.19780701754385963,0.004303135489039045,97
bm25,4,nqc,14,0.64,0.04793700282101662,0.6427918069803934,0.017543859649122803,0.8000992472254054,97
bm25,4,spatial,14,0.66,0.35016962064739554,0.0004697766305794196,0.19429824561403505,0.0050410843610361605,97
bm25,4,a_ratio,14,0.66,0.3572424797707111,0.00035283259127029496,0.18728070175438594,0.006869417363886626,97
bm25,4,nqc,14,0.66,0.050513573869180275,0.6250124716589527,0.019298245614035085,0.7805974596041616,97
bm25,4,spatial,14,0.68,0.34492386628717403,0.0005784286832429275,0.1934210526315789,0.005242615402641688,97
bm25,4,a_ratio,14,0.68,0.3524017004463743,0.00042950495179404504,0.19122807017543855,0.005778660719514659,97
bm25,4,nqc,14,0.68,0.053404282959979815,0.6053183829930142,0.020175438596491225,0.7708972462356571,97
bm25,4,spatial,14,0.7,0.3395451964668878,0.0007133238336114676,0.19298245614035084,0.005346085893178478,97
bm25,4,a_ratio,14,0.7,0.3471866247951307,0.0005290115513894566,0.1864035087719298,0.00713560971179531,97
bm25,4,nqc,14,0.7,0.05666888192586925,0.5834124601969735,0.022807017543859644,0.7420164201662911,97
bm25,4,spatial,14,0.72,0.33404793125987153,0.0008803744705757462,0.19035087719298244,0.0060065708523342936,97
bm25,4,a_ratio,14,0.72,0.3416427313886302,0.0006576237404984012,0.1820175438596491,0.008610498746466352,97
bm25,4,nqc,14,0.72,0.060382827328731306,0.5589431059666587,0.024561403508771926,0.7229596147173131,97
bm25,4,spatial,14,0.74,0.32844643515425664,0.0010866101907894901,0.18421052631578944,0.007842044522710973,97
bm25,4,a_ratio,14,0.74,0.3358162223793607,0.0008231052332303004,0.175,0.011541673254595812,97
bm25,4,nqc,14,0.74,0.06464258643400661,0.5314962610157982,0.027631578947368417,0.6900262883984831,97
bm25,4,spatial,14,0.76,0.32275498815124504,0.0013403140942690294,0.17368421052631575,0.012180731335371816,97
bm25,4,a_ratio,14,0.76,0.32975298798546604,0.0010349182846595428,0.17105263157894732,0.013553592603324118,97
bm25,4,nqc,14,0.76,0.0695731188083277,0.5005899385060457,0.03157894736842105,0.6485384145930861,97
bm25,4,spatial,14,0.78,0.3169876667163675,0.0016511542869446759,0.16973684210526313,0.01428996478556036,97
bm25,4,a_ratio,14,0.78,0.32349770700414626,0.001304405880963531,0.17061403508771927,0.013795236924875342,97
bm25,4,nqc,14,0.78,0.07533854557293727,0.4656762378248811,0.03903508771929824,0.573154694589358,97
bm25,4,spatial,14,0.8,0.3111582360766122,0.0020303041515531187,0.16096491228070173,0.02016405049281034,97
bm25,4,a_ratio,14,0.8,0.3170931031967372,0.0016449302898404541,0.16929824561403506,0.014543148107282302,97
bm25,4,nqc,14,0.8,0.08215748348066039,0.42616141082863424,0.03947368421052631,0.5688527083267978,97
bm25,4,spatial,14,0.82,0.3052800549148688,0.0024905442183902563,0.1596491228070175,0.021206380497260476,97
bm25,4,a_ratio,14,0.82,0.310579364783856,0.002071947796358983,0.16359649122807016,0.01821275950357213,97
bm25,4,nqc,14,0.82,0.09032508019771945,0.38146554645344816,0.045175438596491216,0.5143766257719221,97
bm25,4,spatial,14,0.84,0.2993659930869998,0.003046338085679703,0.15482456140350873,0.025440028065994644,97
bm25,4,a_ratio,14,0.84,0.3039937236879172,0.002603001241329225,0.1583333333333333,0.022295335985736058,97
bm25,4,nqc,14,0.84,0.10024410707647058,0.33116399180930706,0.04780701754385964,0.49018107551697765,97
bm25,4,spatial,14,0.86,0.29342836259164606,0.003713874897059396,0.15175438596491225,0.028499485428052914,97
bm25,4,a_ratio,14,0.86,0.29737018306626917,0.003257616221791785,0.15701754385964908,0.02343259236880532,97
bm25,4,nqc,14,0.86,0.11246611536291058,0.27528649417789736,0.057894736842105256,0.4033678245111202,97
bm25,4,spatial,14,0.88,0.2874788616705274,0.004511071442609328,0.1482456140350877,0.03237920648866719,97
bm25,4,a_ratio,14,0.88,0.2907393761952536,0.004057093229874887,0.1535087719298245,0.026714571474982324,97
bm25,4,nqc,14,0.88,0.12773534998679176,0.21488710747295595,0.06973684210526314,0.31415387247865256,97
bm25,4,spatial,14,0.9,0.2815285316153158,0.005457528030897884,0.14473684210526314,0.03670286698982216,97
bm25,4,a_ratio,14,0.9,0.2841285366977338,0.005024195925366611,0.14736842105263154,0.03341702989433397,97
bm25,4,nqc,14,0.9,0.1469945720361214,0.15295932698042453,0.08815789473684209,0.20322259307674062,97
bm25,4,spatial,14,0.92,0.2755877256104039,0.006574433856203193,0.14122807017543856,0.041508925271761435,97
bm25,4,a_ratio,14,0.92,0.2775615590702909,0.006182744202438352,0.1421052631578947,0.040260018266768394,97
bm25,4,nqc,14,0.92,0.17119555432146083,0.09536922113513503,0.10877192982456138,0.11642541877279129,97
bm25,4,spatial,14,0.94,0.2696660887498328,0.007884419582331905,0.13947368421052628,0.04410533540463598,97
bm25,4,a_ratio,14,0.94,0.2710591289920983,0.007557128656731752,0.14473684210526314,0.03670286698982216,97
bm25,4,nqc,14,0.94,0.20042058936543344,0.05024135712422199,0.12236842105263156,0.0773622745902155,97
bm25,4,spatial,14,0.96,0.2637725482295341,0.009411357163665111,0.13464912280701752,0.05196142228840072,97
bm25,4,a_ratio,14,0.96,0.26463890451062166,0.0091717695066921,0.14122807017543856,0.041508925271761435,97
bm25,4,nqc,14,0.96,0.23128633865389664,0.02337287399249692,0.13815789473684206,0.04614146023750493,97
bm25,4,spatial,14,0.98,0.25791531262881007,0.011180109373656561,0.1333333333333333,0.05429672191249564,97
bm25,4,a_ratio,14,0.98,0.2583157314726664,0.011050547246953275,0.1364035087719298,0.04897892442735811,97
bm25,4,nqc,14,0.98,0.2531144780603346,0.012839945691295342,0.1337719298245614,0.053508744548176196,97
bm25,4,spatial,14,1.0,0.25210187915224636,0.013216233941288874,0.1320175438596491,0.05671894881927785,97
bm25,4,a_ratio,14,1.0,0.25210187915224636,0.013216233941288874,0.1320175438596491,0.05671894881927785,97
bm25,4,nqc,14,1.0,0.25210187915224636,0.013216233941288874,0.1320175438596491,0.05671894881927785,97
bm25,4,spatial,15,0.0,0.4037614930131384,4.517046326188847e-05,0.24912280701754383,0.00032351427155757553,97
bm25,4,a_ratio,15,0.0,0.28828616161251697,0.004394638571430725,0.08026315789473683,0.2466700962299916,97
bm25,4,nqc,15,0.0,0.019703543426312253,0.8488828114964245,-0.008333333333333331,0.9042622467947524,97
bm25,4,spatial,15,0.02,0.404988635517737,4.260439139141593e-05,0.24912280701754383,0.00032351427155757553,97
bm25,4,a_ratio,15,0.02,0.29265406675658334,0.003809939051389214,0.08114035087719297,0.24154399271289795,97
bm25,4,nqc,15,0.02,0.02001571846520671,0.846517620634669,-0.007456140350877191,0.9142987729055279,97
bm25,4,spatial,15,0.04,0.4061028130252645,4.039301512601611e-05,0.25131578947368416,0.0002863369173575716,97
bm25,4,a_ratio,15,0.04,0.2970889213338597,0.0032884236652526598,0.09254385964912279,0.18163805178968873,97
bm25,4,nqc,15,0.04,0.020340965011429887,0.8440548403298126,-0.007017543859649122,0.9193222670955983,97
bm25,4,spatial,15,0.06,0.4070945309360849,3.851529390344688e-05,0.25438596491228066,0.00024097016048905146,97
bm25,4,a_ratio,15,0.06,0.3015828711685536,0.0028261412784560333,0.09561403508771928,0.16757380578909498,97
bm25,4,nqc,15,0.06,0.020680119808622624,0.8414883432038258,-0.006578947368421051,0.9243489833566951,97
bm25,4,spatial,15,0.08,0.40795406206125473,3.695411728455873e-05,0.25482456140350873,0.00023506899651749467,97
bm25,4,a_ratio,15,0.08,0.3061264261314551,0.0024189557161183282,0.09780701754385963,0.15804007107697238,97
bm25,4,nqc,15,0.08,0.021034092407270777,0.838811481622341,-0.006140350877192982,0.9293787221862809,97
bm25,4,spatial,15,0.1,0.40867150058674906,3.56964917180063e-05,0.25438596491228066,0.00024097016048905146,97
bm25,4,a_ratio,15,0.1,0.3107082736158845,0.0020626080225292767,0.10526315789473682,0.12868398973139064,97
bm25,4,nqc,15,0.1,0.02140387324005555,0.8360170317161297,-0.005701754385964911,0.9344112837195322,97
bm25,4,spatial,15,0.12,0.40923682491589464,3.473380092267476e-05,0.25921052631578945,0.00018306667264307222,97
bm25,4,a_ratio,15,0.12,0.3153150881793284,0.001752781428586064,0.10657894736842104,0.12397445778654012,97
bm25,4,nqc,15,0.12,0.02179054279356238,0.8330971300797207,-0.004824561403508771,0.9444840737693221,97
bm25,4,spatial,15,0.14,0.40963996949361936,3.4062162696985e-05,0.26052631578947366,0.00016971167166230354,97
bm25,4,a_ratio,15,0.14,0.31993134268617046,0.001485166866947238,0.11403508771929823,0.09977996424599991,97
bm25,4,nqc,15,0.14,0.022195282053539087,0.8300432020157875,-0.004824561403508771,0.9444840737693221,97
bm25,4,spatial,15,0.16,0.4098709055018859,3.368291056709754e-05,0.2614035087719298,0.0001613234254369054,97
bm25,4,a_ratio,15,0.16,0.32453912803336227,0.0012555267443251977,0.12105263157894736,0.08060113304798304,97
bm25,4,nqc,15,0.16,0.022619384434289097,0.8268458799922859,-0.004824561403508771,0.9444840737693221,97
bm25,4,spatial,15,0.18,0.40991973006578725,3.360323591913484e-05,0.2649122807017543,0.00013151626797994824,97
bm25,4,a_ratio,15,0.18,0.3291179905127876,0.001059754692504938,0.12499999999999997,0.07120263020819867,97
bm25,4,nqc,15,0.18,0.023064269443419702,0.8234949107362843,-0.004385964912280701,0.9495239009595372,97
bm25,4,spatial,15,0.2,0.40977676332813434,3.383703560005462e-05,0.2631578947368421,0.00014570372725545436,97
bm25,4,a_ratio,15,0.2,0.3336447979937464,0.0008939291884416136,0.12675438596491226,0.06732401746109497,97
bm25,4,nqc,15,0.2,0.023531498382803537,0.8199790490957046,-0.003947368421052631,0.954565748248739,97
bm25,4,spatial,15,0.22,0.4094326524431175,3.4406022014857225e-05,0.26008771929824553,0.00017405803633866392,97
bm25,4,a_ratio,15,0.22,0.33809364827785593,0.0007543592582577735,0.12850877192982454,0.06362097951440454,97
bm25,4,nqc,15,0.22,0.024022792447520827,0.8162859364453947,-0.003070175438596491,0.9646546976352598,97
bm25,4,spatial,15,0.24,0.4088784812160992,3.534116823467862e-05,0.2622807017543859,0.0001533264537085578,97
bm25,4,a_ratio,15,0.24,0.3424358350053924,0.0006376209422269162,0.1320175438596491,0.05671894881927785,97
bm25,4,nqc,15,0.24,0.024540053659641542,0.8124019609832666,-0.0021929824561403503,0.9747493089119874,97
bm25,4,spatial,15,0.26,0.4081058837886159,3.668458046876123e-05,0.2570175438596491,0.00020754319542769554,97
bm25,4,a_ratio,15,0.26,0.34663988812402274,0.0005405837634049495,0.13684210526315788,0.04825617082139475,97
bm25,4,nqc,15,0.26,0.025085389166722843,0.8083120967367267,-0.0017543859649122805,0.9797982329262411,97
bm25,4,spatial,15,0.28,0.4071071604496945,3.849191553874359e-05,0.2570175438596491,0.00020754319542769554,97
bm25,4,a_ratio,15,0.28,0.35067170684285254,0.0004604270636859813,0.13771929824561402,0.046837521900493555,97
bm25,4,nqc,15,0.28,0.025661139550708298,0.8039997174571615,-0.0013157894736842103,0.984847966341271,97
bm25,4,spatial,15,0.3,0.40587539336339695,4.0835493020955907e-05,0.25614035087719295,0.00021816883242795217,97
bm25,4,a_ratio,15,0.3,0.3544948028001695,0.0003946466926783682,0.1390350877192982,0.04477544914730465,97
bm25,4,nqc,15,0.3,0.026269911937861698,0.7994463807907686,0.00043859649122807013,0.9949490522405066,97
bm25,4,spatial,15,0.32,0.40440455975587675,4.380829198234604e-05,0.25131578947368416,0.0002863369173575716,97
bm25,4,a_ratio,15,0.32,0.35807066945293486,0.0003410531025251155,0.14166666666666664,0.04088043032540512,97
bm25,4,nqc,15,0.32,0.026914618882796906,0.7946315771414184,0.0008771929824561403,0.9898983068920344,97
bm25,4,spatial,15,0.34,0.40268963992158013,4.7529072381775695e-05,0.24736842105263154,0.0003564594902013864,97
bm25,4,a_ratio,15,0.34,0.3613592900490594,0.00029776237027655093,0.14561403508771928,0.03557825904670918,97
bm25,4,nqc,15,0.34,0.02759852423058741,0.7895324364379783,0.0017543859649122805,0.9797982329262411,97
bm25,4,spatial,15,0.36,0.4007267173046356,5.214892298114561e-05,0.24298245614035083,0.0004530555607905571,97
bm25,4,a_ratio,15,0.36,0.36431979066160913,0.00026318200961399286,0.15789473684210523,0.022668970827860974,97
bm25,4,nqc,15,0.36,0.02832529745504299,0.7841233845250305,0.0008771929824561403,0.9898983068920344,97
bm25,4,spatial,15,0.38,0.3985130679031822,5.7859612693840415e-05,0.2385964912280701,0.0005736554562799961,97
bm25,4,a_ratio,15,0.38,0.36691123652636193,0.00023599363743864507,0.16228070175438594,0.0191667093911976,97
bm25,4,nqc,15,0.38,0.029099078348190838,0.7783757390355664,0.0017543859649122805,0.9797982329262411,97
bm25,4,spatial,15,0.4,0.39604723634199,6.490421208928331e-05,0.2346491228070175,0.0007071302383650919,97
bm25,4,a_ratio,15,0.4,0.36909355949861955,0.00021513464170724194,0.16929824561403506,0.014543148107282302,97
bm25,4,nqc,15,0.4,0.029924554422384925,0.7722572322796404,0.0026315789473684206,0.9697013964662655,97
bm25,4,spatial,15,0.42,0.3933290961685697,7.359055703231492e-05,0.22938596491228067,0.0009301837506347448,97
bm25,4,a_ratio,15,0.42,0.3708285923779572,0.00019978098749959212,0.16535087719298242,0.01700563515421435,97
bm25,4,nqc,15,0.42,0.030807054018484145,0.7657314457695588,0.003508771929824561,0.9596094143193218,97
bm25,4,spatial,15,0.44,0.39035989224936757,8.430824680241095e-05,0.22675438596491226,0.0010646851601117014,97
bm25,4,a_ratio,15,0.44,0.3720811731117146,0.00018933324424424104,0.16973684210526313,0.01428996478556036,97
bm25,4,nqc,15,0.44,0.031752658940881,0.7587571373419292,0.004385964912280701,0.9495239009595372,97
bm25,4,spatial,15,0.46,0.3871422635684447,9.755000238020377e-05,0.22894736842105257,0.0009514478072229865,97
bm25,4,a_ratio,15,0.46,0.3728202698497618,0.0001834078690932042,0.175,0.011541673254595812,97
bm25,4,nqc,15,0.46,0.03276834153164007,0.7512874372303704,0.004824561403508771,0.9444840737693221,97
bm25,4,spatial,15,0.48,0.3836802452470182,0.00011393835221976824,0.22499999999999995,0.0011641166831212395,97
bm25,4,a_ratio,15,0.48,0.37302006813141,0.00018183578714303262,0.17368421052631575,0.012180731335371816,97
bm25,4,nqc,15,0.48,0.033862132547775814,0.7432688836402704,0.004824561403508771,0.9444840737693221,97
bm25,4,spatial,15,0.5,0.37997924918755854,0.00013425875460549083,0.21973684210526312,0.001516205986896074,97
bm25,4,a_ratio,15,0.5,0.37266095583937314,0.00018467040458673342,0.1789473684210526,0.00979934996376251,97
bm25,4,nqc,15,0.5,0.03504332815336174,0.734640261073986,0.004824561403508771,0.9444840737693221,97
bm25,4,spatial,15,0.52,0.3760460233745838,0.00015950039512265327,0.212719298245614,0.0021386085398990835,97
bm25,4,a_ratio,15,0.52,0.3717303414033039,0.00019220739274471873,0.1789473684210526,0.00979934996376251,97
bm25,4,nqc,15,0.52,0.036322746974870965,0.725331195489593,0.007456140350877191,0.9142987729055279,97
bm25,4,spatial,15,0.54,0.3718885905061431,0.00019090599722872327,0.2096491228070175,0.0024784263365173137,97
bm25,4,a_ratio,15,0.54,0.37022324694669717,0.00020501887914948957,0.18377192982456136,0.007990630052244877,97
bm25,4,nqc,15,0.54,0.03771305177176561,0.7152604489469402,0.008333333333333331,0.9042622467947524,97
bm25,4,spatial,15,0.56,0.3675161672535153,0.0002300320302601583,0.2083333333333333,0.002638644175947716,97
bm25,4,a_ratio,15,0.56,0.36814263066730135,0.0002240050314543336,0.17982456140350875,0.009445580206528057,97
bm25,4,nqc,15,0.56,0.03922915524887516,0.7043338423084147,0.010526315789473682,0.8792412027606161,97
bm25,4,spatial,15,0.58,0.36293906602103476,0.0002788206640561408,0.2039473684210526,0.00324348853932908,97
bm25,4,a_ratio,15,0.58,0.36549941076306236,0.00025046633310291734,0.18684210526315786,0.007001377469104526,97
bm25,4,nqc,15,0.58,0.04088873647620116,0.692441717560972,0.011403508771929822,0.8692650265497066,97
bm25,4,spatial,15,0.6,0.35816858157529474,0.00033968467031379295,0.20087719298245613,0.0037393284863613424,97
bm25,4,a_ratio,15,0.6,0.36231218478748306,0.0002861999899311742,0.19254385964912277,0.005451397044324322,97
bm25,4,nqc,15,0.6,0.042712904167388197,0.6794558315666808,0.011842105263157893,0.8642846291310888,97
bm25,4,spatial,15,0.62,0.3532168653099754,0.00041560617386093417,0.19868421052631577,0.004134656435481796,97
bm25,4,a_ratio,15,0.62,0.3586066609200993,0.00033362368930318,0.1894736842105263,0.006242548211379331,97
bm25,4,nqc,15,0.62,0.04472705702466122,0.6652255516974476,0.012719298245614033,0.8543401854899793,97
bm25,4,spatial,15,0.64,0.34809679019291095,0.0005102496806524881,0.19385964912280698,0.005140957475072907,97
bm25,4,a_ratio,15,0.64,0.35441483853389133,0.0003959291375055821,0.18596491228070172,0.007272147742628502,97
bm25,4,nqc,15,0.64,0.0469620114953449,0.6495732042782517,0.014912280701754382,0.8295834326185275,97
bm25,4,spatial,15,0.66,0.3428218095964606,0.0006280891294962378,0.19166666666666665,0.0056676554767862795,97
bm25,4,a_ratio,15,0.66,0.34977399216721616,0.00047726620245536357,0.18245614035087715,0.008451628874483844,97
bm25,4,nqc,15,0.66,0.049455496682141456,0.6322884172520404,0.016666666666666663,0.8098979165995264,97
bm25,4,spatial,15,0.68,0.33740581323961827,0.0007745478211914809,0.19298245614035084,0.005346085893178478,97
bm25,4,a_ratio,15,0.68,0.3447255237956429,0.0005829559129794762,0.18245614035087715,0.008451628874483844,97
bm25,4,nqc,15,0.68,0.05225415955919627,0.6131213171741865,0.019298245614035085,0.7805974596041616,97
bm25,4,spatial,15,0.7,0.33186298337666986,0.000956148982196306,0.18991228070175434,0.006123535868103072,97
bm25,4,a_ratio,15,0.7,0.3393137523429667,0.0007197269618091447,0.17631578947368418,0.010932545975931482,97
bm25,4,nqc,15,0.7,0.05541628843583182,0.5917745263567955,0.022368421052631576,0.7468059721962819,97
bm25,4,spatial,15,0.72,0.3262076541652796,0.0011806734564554857,0.1846491228070175,0.007695938960913375,97
bm25,4,a_ratio,15,0.72,0.33358470687817066,0.0008959658764315329,0.17412280701754385,0.011964311224727613,97
bm25,4,nqc,15,0.72,0.059015560168452635,0.5678941399696202,0.023684210526315787,0.7324673979091793,97
bm25,4,spatial,15,0.74,0.32045417685428235,0.001457319654554154,0.17719298245614032,0.010542498984637544,97
bm25,4,a_ratio,15,0.74,0.3275849819851423,0.0011219660669794576,0.1671052631578947,0.01586929650651852,97
bm25,4,nqc,15,0.74,0.06314626427490314,0.5410604136357562,0.027631578947368417,0.6900262883984831,97
bm25,4,spatial,15,0.76,0.3146167930693936,0.0017968595195251218,0.17105263157894732,0.013553592603324118,97
bm25,4,a_ratio,15,0.76,0.3213607020006084,0.0014101562037755384,0.15921052631578944,0.02156410311246367,97
bm25,4,nqc,15,0.76,0.0679306800547947,0.5107801066437097,0.03157894736842105,0.6485384145930861,97
bm25,4,spatial,15,0.78,0.3087095180662851,0.0022117830143299905,0.16578947368421051,0.01671505177868845,97
bm25,4,a_ratio,15,0.78,0.3149566270462536,0.0017752846838490694,0.1596491228070175,0.021206380497260476,97
bm25,4,nqc,15,0.78,0.07352961350868377,0.4764850134283764,0.03859649122807017,0.5774720519086318,97
bm25,4,spatial,15,0.8,0.30274603538774714,0.002716422634168123,0.162719298245614,0.018843982626781136,97
bm25,4,a_ratio,15,0.8,0.3084154197828486,0.002234535226998831,0.1596491228070175,0.021206380497260476,97
bm25,4,nqc,15,0.8,0.08015756572555446,0.43754659789717115,0.03728070175438596,0.5905151548916238,97
bm25,4,spatial,15,0.82,0.29673960392630516,0.003327048836520191,0.1539473684210526,0.026283728186940334,97
bm25,4,a_ratio,15,0.82,0.30177707900015693,0.0028075496525500213,0.162719298245614,0.018843982626781136,97
bm25,4,nqc,15,0.82,0.08810456234240271,0.39332754325611147,0.04385964912280701,0.5267031786780156,97
bm25,4,spatial,15,0.84,0.29070297797433886,0.0040619271878914315,0.14868421052631575,0.03187073297896108,97
bm25,4,a_ratio,15,0.84,0.2950785354818228,0.0035163380192537335,0.16052631578947366,0.0205064150417212,97
bm25,4,nqc,15,0.84,0.09776698242453831,0.34331207601829816,0.047368421052631574,0.4941706970744447,97
bm25,4,spatial,15,0.86,0.28464834045570697,0.004941328541174229,0.14342105263157892,0.03844648726633986,97
bm25,4,a_ratio,15,0.86,0.2883533975324831,0.004385063442817912,0.16096491228070173,0.02016405049281034,97
bm25,4,nqc,15,0.86,0.10968831090679582,0.28739339925317436,0.05657894736842104,0.41413980228765324,97
bm25,4,spatial,15,0.88,0.2785872491876422,0.0059874847262269895,0.13859649122807016,0.04545413009688231,97
bm25,4,a_ratio,15,0.88,0.28163182819897925,0.005439698369719827,0.15877192982456137,0.021927067591039504,97
bm25,4,nqc,15,0.88,0.12460212687013367,0.22644226687198651,0.06885964912280701,0.3202797133432874,97
bm25,4,spatial,15,0.9,0.2725305957268022,0.0072244840446819,0.1350877192982456,0.05120190672411439,97
bm25,4,a_ratio,15,0.9,0.27494053332996193,0.006707559758784049,0.1526315789473684,0.027594583190492877,97
bm25,4,nqc,15,0.9,0.14343484191135653,0.16326338605255358,0.08684210526315787,0.21004839720400814,97
bm25,4,spatial,15,0.92,0.2664885761128849,0.008678103231120515,0.1320175438596491,0.05671894881927785,97
bm25,4,a_ratio,15,0.92,0.2683028387844252,0.008216741129876763,0.14429824561403506,0.037276435612080196,97
bm25,4,nqc,15,0.92,0.1671047458538879,0.10367300226472247,0.10614035087719297,0.12552912312509534,97
bm25,4,spatial,15,0.94,0.2604706726377692,0.010375575340286502,0.12675438596491226,0.06732401746109497,97
bm25,4,a_ratio,15,0.94,0.26173883582626306,0.009995468419419711,0.1390350877192982,0.04477544914730465,97
bm25,4,nqc,15,0.94,0.1956060261029638,0.05614252808466574,0.11842105263157893,0.08740910208359153,97
bm25,4,spatial,15,0.96,0.2544856456359009,0.012345296059858067,0.1263157894736842,0.0682769876388756,97
bm25,4,a_ratio,15,0.96,0.2552655755369887,0.012071412933437812,0.13421052631578945,0.052730339832625366,97
bm25,4,nqc,15,0.96,0.22534220575335367,0.027282911662686614,0.1289473684210526,0.06272198677177326,97
bm25,4,spatial,15,0.98,0.24854153420852804,0.014616474016604951,0.12149122807017541,0.07950949270058337,97
bm25,4,a_ratio,15,0.98,0.24889729550525158,0.0144709977475569,0.1293859649122807,0.06183352376776574,97
bm25,4,nqc,15,0.98,0.24542655688566822,0.015945338439544748,0.12149122807017541,0.07950949270058337,97
bm25,4,spatial,15,1.0,0.24264566475500937,0.017218733518611827,0.12105263157894736,0.08060113304798304,97
bm25,4,a_ratio,15,1.0,0.24264566475500937,0.017218733518611827,0.12105263157894736,0.08060113304798304,97
bm25,4,nqc,15,1.0,0.24264566475500937,0.017218733518611827,0.12105263157894736,0.08060113304798304,97
bm25,4,spatial,16,0.0,0.4037614930131384,4.517046326188847e-05,0.24912280701754383,0.00032351427155757553,97
bm25,4,a_ratio,16,0.0,0.28828616161251697,0.004394638571430725,0.08026315789473683,0.2466700962299916,97
bm25,4,nqc,16,0.0,0.019703543426312253,0.8488828114964245,-0.008333333333333331,0.9042622467947524,97
bm25,4,spatial,16,0.02,0.4050245883299749,4.253130353369197e-05,0.24912280701754383,0.00032351427155757553,97
bm25,4,a_ratio,16,0.02,0.2926621595828412,0.003808923622251099,0.08157894736842104,0.23900925247653326,97
bm25,4,nqc,16,0.02,0.020018205149526985,0.8464987857291942,-0.007456140350877191,0.9142987729055279,97
bm25,4,spatial,16,0.04,0.40617586138708484,4.025184142698219e-05,0.25087719298245614,0.00029343605987257174,97
bm25,4,a_ratio,16,0.04,0.2971048099836968,0.0032866763997619008,0.09298245614035086,0.1795768982922561,97
bm25,4,nqc,16,0.04,0.020346043108333642,0.8440164005958027,-0.007017543859649122,0.9193222670955983,97
bm25,4,spatial,16,0.06,0.40720583779629826,3.830971061428016e-05,0.2539473684210526,0.0002470100935230778,97
bm25,4,a_ratio,16,0.06,0.3016062772807223,0.0028238947514940636,0.09517543859649122,0.16953134792266555,97
bm25,4,nqc,16,0.06,0.02068790079359034,0.8414294812383505,-0.006578947368421051,0.9243489833566951,97
bm25,4,spatial,16,0.08,0.4081048068796761,3.668648587659382e-05,0.2539473684210526,0.0002470100935230778,97
bm25,4,a_ratio,16,0.08,0.3061571053874457,0.0024163959356131573,0.09692982456140349,0.16180305747112322,97
bm25,4,nqc,16,0.08,0.02104469509428729,0.8387313286240595,-0.006140350877192982,0.9293787221862809,97
bm25,4,spatial,16,0.1,0.40886287496201024,3.536784386946413e-05,0.256578947368421,0.00021279374076250973,97
bm25,4,a_ratio,16,0.1,0.31074603458398353,0.002059879349057988,0.10307017543859648,0.1368406787927515,97
bm25,4,nqc,16,0.1,0.02141742443899665,0.8359146631622766,-0.005701754385964911,0.9344112837195322,97
bm25,4,spatial,16,0.12,0.4094700275028681,3.4343792476796594e-05,0.2583333333333333,0.00019251229597668152,97
bm25,4,a_ratio,16,0.12,0.31535981497078364,0.001749991779172475,0.10701754385964911,0.12243485852821563,97
bm25,4,nqc,16,0.12,0.021807178042735423,0.832971560948703,-0.004824561403508771,0.9444840737693221,97
bm25,4,spatial,16,0.14,0.40991620018134417,3.3608990270323296e-05,0.25964912280701746,0.0001785089263106937,97
bm25,4,a_ratio,16,0.14,0.3199830217291654,0.001482393009381097,0.11228070175438595,0.1051035749997424,97
bm25,4,nqc,16,0.14,0.022215146437905745,0.8298933814984998,-0.005263157894736841,0.9394464677531641,97
bm25,4,spatial,16,0.16,0.41019135883527547,3.316318278225112e-05,0.2631578947368421,0.00014570372725545436,97
bm25,4,a_ratio,16,0.16,0.3245978791598364,0.0012528194908103451,0.1201754385964912,0.08282092773870503,97
bm25,4,nqc,16,0.16,0.022642633501658488,0.8266706856268888,-0.004385964912280701,0.9495239009595372,97
bm25,4,spatial,16,0.18,0.41028558790983194,3.30117890000471e-05,0.26535087719298245,0.00012817854853724403,97
bm25,4,a_ratio,16,0.18,0.32918410238348883,0.0010571438157490742,0.1276315789473684,0.06545090776900864,97
bm25,4,nqc,16,0.18,0.023091070233001942,0.8232931418918337,-0.004385964912280701,0.9495239009595372,97
bm25,4,spatial,16,0.2,0.41018918679171046,3.316668014911262e-05,0.2631578947368421,0.00014570372725545436,97
bm25,4,a_ratio,16,0.2,0.33371876764670744,0.0008914279082758483,0.12850877192982454,0.06362097951440454,97
bm25,4,nqc,16,0.2,0.023562030583034424,0.8197494197188562,-0.003947368421052631,0.954565748248739,97
bm25,4,spatial,16,0.22,0.40989277310075845,3.364720399757897e-05,0.25921052631578945,0.00018306667264307222,97
bm25,4,a_ratio,16,0.22,0.3381762242654229,0.0007519681801019862,0.1293859649122807,0.06183352376776574,97
bm25,4,nqc,16,0.22,0.024057249703106146,0.8160270669716865,-0.0026315789473684206,0.9697013964662655,97
bm25,4,spatial,16,0.24,0.4093873916897772,3.448152228748947e-05,0.2618421052631578,0.00015727711080768157,97
bm25,4,a_ratio,16,0.24,0.34252806318049306,0.0006353313667139044,0.1337719298245614,0.053508744548176196,97
bm25,4,nqc,16,0.24,0.024578645051447495,0.8121123692994953,-0.0021929824561403503,0.9747493089119874,97
bm25,4,spatial,16,0.26,0.4086646277771585,3.5708347315180655e-05,0.2557017543859649,0.00022367120423335903,97
bm25,4,a_ratio,16,0.26,0.3467431586511699,0.0005383803250857259,0.13815789473684206,0.04614146023750493,97
bm25,4,nqc,16,0.26,0.02512834089260675,0.8079901880637651,-0.0013157894736842103,0.984847966341271,97
bm25,4,spatial,16,0.28,0.4077167223201076,3.737918717413409e-05,0.2557017543859649,0.00022367120423335903,97
bm25,4,a_ratio,16,0.28,0.3507878004590497,0.00045828969164038143,0.14166666666666664,0.04088043032540512,97
bm25,4,nqc,16,0.28,0.025708696840843856,0.80364377300237,-0.0013157894736842103,0.984847966341271,97
bm25,4,spatial,16,0.3,0.4065366874450704,3.956123894857489e-05,0.256578947368421,0.00021279374076250973,97
bm25,4,a_ratio,16,0.3,0.35462593376690565,0.00039255191310161086,0.14035087719298242,0.04279048337179435,97
bm25,4,nqc,16,0.3,0.026322341244816222,0.7990545449960099,0.00043859649122807013,0.9949490522405066,97
bm25,4,spatial,16,0.32,0.40511841950418304,4.2341106606868874e-05,0.25131578947368416,0.0002863369173575716,97
bm25,4,a_ratio,16,0.32,0.3582195220732399,0.00033897471981876386,0.14254385964912278,0.039647609686786496,97
bm25,4,nqc,16,0.32,0.026972210394887952,0.7942018433258334,0.0013157894736842103,0.984847966341271,97
bm25,4,spatial,16,0.34,0.40345680714037035,4.582956705221032e-05,0.24342105263157887,0.00044239606192260735,97
bm25,4,a_ratio,16,0.34,0.36152904514354367,0.000295671566771115,0.14605263157894735,0.035027066920463666,97
bm25,4,nqc,16,0.34,0.02766159476731342,0.7890626306038359,0.0021929824561403503,0.9747493089119874,97
bm25,4,spatial,16,0.36,0.4015478316362059,5.016766540155423e-05,0.24166666666666664,0.0004864896630231411,97
bm25,4,a_ratio,16,0.36,0.3645141380925095,0.0002610468937605902,0.15745614035087718,0.023048035126692692,97
bm25,4,nqc,16,0.36,0.02839419381619568,0.7836111470598028,0.0008771929824561403,0.9898983068920344,97
bm25,4,spatial,16,0.38,0.3993886568079277,5.55344907079644e-05,0.23684210526315785,0.0006297844386530204,97
bm25,4,a_ratio,16,0.38,0.3671343698271068,0.00023377824585548457,0.16535087719298242,0.01700563515421435,97
bm25,4,nqc,16,0.38,0.029174181204350766,0.7778185040037396,0.0026315789473684206,0.9697013964662655,97
bm25,4,spatial,16,0.4,0.3969777057969785,6.215706740510006e-05,0.23552631578947364,0.0006751892693239896,97
bm25,4,a_ratio,16,0.4,0.36935014900386587,0.00021279736184011012,0.16754385964912277,0.015595863350661914,97
bm25,4,nqc,16,0.4,0.030006282854847813,0.7716522039536831,0.003070175438596491,0.9646546976352598,97
bm25,4,spatial,16,0.42,0.3943147223135014,7.032289657003235e-05,0.23070175438596488,0.000869004617248621,97
bm25,4,a_ratio,16,0.42,0.3711237340299111,0.00019727231451245234,0.16578947368421051,0.01671505177868845,97
bm25,4,nqc,16,0.42,0.0308958708425595,0.7650755720019006,0.003947368421052631,0.954565748248739,97
bm25,4,spatial,16,0.44,0.39140081419919476,8.039579450967481e-05,0.22763157894736838,0.0010179716220744474,97
bm25,4,a_ratio,16,0.44,0.3724203113745348,0.00018659271688766703,0.16798245614035084,0.015326584176287853,97
bm25,4,nqc,16,0.44,0.03184907697970511,0.7580470793305422,0.004385964912280701,0.9495239009595372,97
bm25,4,spatial,16,0.46,0.38823847759394076,9.28358024273533e-05,0.22982456140350874,0.0009093607305517675,97
bm25,4,a_ratio,16,0.46,0.37320909486309395,0.00018035994228477053,0.16973684210526313,0.01428996478556036,97
bm25,4,nqc,16,0.46,0.032872931050534654,0.7505195351831853,0.004385964912280701,0.9495239009595372,97
bm25,4,spatial,16,0.48,0.3848316004980502,0.00010822407594998104,0.22105263157894733,0.0014199974923815438,97
bm25,4,a_ratio,16,0.48,0.37346438926688974,0.00017838429020515084,0.17280701754385963,0.012624003653747995,97
bm25,4,nqc,16,0.48,0.033975530115046615,0.7424391178054534,0.004824561403508771,0.9444840737693221,97
bm25,4,spatial,16,0.5,0.38118544509945174,0.00012729379986736966,0.22105263157894733,0.0014199974923815438,97
bm25,4,a_ratio,16,0.5,0.3731665560012734,0.00018069109917145858,0.17850877192982453,0.009980624249260547,97
bm25,4,nqc,16,0.5,0.035166247266815776,0.7337442075859489,0.005263157894736841,0.9394464677531641,97
bm25,4,spatial,16,0.52,0.377306608856956,0.00015096830030546276,0.21403508771929822,0.002006505794696667,97
bm25,4,a_ratio,16,0.52,0.37230281848415014,0.0001875379794933951,0.17938596491228065,0.00962101549816644,97
bm25,4,nqc,16,0.52,0.03645599089062296,0.7243639765060129,0.006140350877192982,0.9293787221862809,97
bm25,4,spatial,16,0.54,0.37320296496768135,0.00018040762770019897,0.21096491228070172,0.002327155955166847,97
bm25,4,a_ratio,16,0.54,0.3708678505293761,0.00019944560551569807,0.1820175438596491,0.008610498746466352,97
bm25,4,nqc,16,0.54,0.03785752910214926,0.7142166766561107,0.008333333333333331,0.9042622467947524,97
bm25,4,spatial,16,0.56,0.3688835834673037,0.0002170649381246616,0.21096491228070172,0.002327155955166847,97
bm25,4,a_ratio,16,0.56,0.36886410309480866,0.00021724482855156878,0.18070175438596486,0.009103246710666093,97
bm25,4,nqc,16,0.56,0.03938589907244963,0.7032075566305466,0.010964912280701752,0.8742506159554067,97
bm25,4,spatial,16,0.58,0.36435863478554054,0.00026275398144370605,0.20745614035087714,0.002750657172647581,97
bm25,4,a_ratio,16,0.58,0.3663018418846213,0.00024214316967884945,0.1864035087719298,0.00713560971179531,97
bm25,4,nqc,16,0.58,0.041058927943778745,0.6912263178560067,0.012280701754385963,0.8593096176685738,97
bm25,4,spatial,16,0.6,0.3596392780781933,0.0003197288820686115,0.2039473684210526,0.00324348853932908,97
bm25,4,a_ratio,16,0.6,0.3631988889587851,0.00027581390275426893,0.19035087719298244,0.0060065708523342936,97
bm25,4,nqc,16,0.6,0.04289790192140849,0.6781440035716519,0.012280701754385963,0.8593096176685738,97
bm25,4,spatial,16,0.62,0.354737537057902,0.0003907771395070758,0.2021929824561403,0.003518947024518709,97
bm25,4,a_ratio,16,0.62,0.3595800832459326,0.0003205107747345753,0.18728070175438594,0.006869417363886626,97
bm25,4,nqc,16,0.62,0.04492843421636858,0.6638091925506129,0.011842105263157893,0.8642846291310888,97
bm25,4,spatial,16,0.64,0.34966616633184,0.0004793263507857151,0.19868421052631577,0.004134656435481796,97
bm25,4,a_ratio,16,0.64,0.35547649508393553,0.0003792107310734693,0.18377192982456136,0.007990630052244877,97
bm25,4,nqc,16,0.64,0.04718160284748822,0.6480433513626439,0.014912280701754382,0.8295834326185275,97
bm25,4,spatial,16,0.66,0.3444385114163281,0.0005895645408732969,0.1921052631578947,0.00555857730471879,97
bm25,4,a_ratio,16,0.66,0.35092444625721525,0.000455785610198386,0.181578947368421,0.008772032874754584,97
bm25,4,nqc,16,0.66,0.049695459000000566,0.6306351916017694,0.017543859649122803,0.8000992472254054,97
bm25,4,spatial,16,0.68,0.33906836563407416,0.0007265731683293145,0.19254385964912277,0.005451397044324322,97
bm25,4,a_ratio,16,0.68,0.34596439773640264,0.0005552014750661328,0.18070175438596486,0.009103246710666093,97
bm25,4,nqc,16,0.68,0.05251705048860278,0.611333900888074,0.020175438596491225,0.7708972462356571,97
bm25,4,spatial,16,0.7,0.33356982701505095,0.0008964708577491318,0.19078947368421048,0.005891622551225342,97
bm25,4,a_ratio,16,0.7,0.340639771632121,0.0006837409993893841,0.17807017543859646,0.010164879433085774,97
bm25,4,nqc,16,0.7,0.055705170338841606,0.5898412085790081,0.022807017543859644,0.7420164201662911,97
bm25,4,spatial,16,0.72,0.3279571581290669,0.0011065647282592324,0.18859649122807015,0.006486839186137605,97
bm25,4,a_ratio,16,0.72,0.3349957718905169,0.0008492402355778963,0.17105263157894732,0.013553592603324118,97
bm25,4,nqc,16,0.72,0.05933413911242294,0.5658024923162978,0.025877192982456138,0.7087781874777906,97
bm25,4,spatial,16,0.74,0.3222446514940065,0.001365504896051157,0.18377192982456136,0.007990630052244877,97
bm25,4,a_ratio,16,0.74,0.32907826095346304,0.0010613265062481853,0.162719298245614,0.018843982626781136,97
bm25,4,nqc,16,0.74,0.06349907891999572,0.5387977018925717,0.028508771929824556,0.6807203663731288,97
bm25,4,spatial,16,0.76,0.31644650284933407,0.0016834364147464368,0.1719298245614035,0.013081497219593435,97
bm25,4,a_ratio,16,0.76,0.32293273850950643,0.001331639669842923,0.1583333333333333,0.022295335985736058,97
bm25,4,nqc,16,0.76,0.06832336267565962,0.5083341257817122,0.03289473684210526,0.6349402336051264,97
bm25,4,spatial,16,0.78,0.3105766941821956,0.0020721416911780315,0.16754385964912277,0.015595863350661914,97
bm25,4,a_ratio,16,0.78,0.31660345533093126,0.0016740153910705933,0.156578947368421,0.023822706517307408,97
bm25,4,nqc,16,0.78,0.0739692571203998,0.47384567216652906,0.03991228070175438,0.5645662101789384,97
bm25,4,spatial,16,0.8,0.3046488879658647,0.002545165403795001,0.1614035087719298,0.019826684390718458,97
bm25,4,a_ratio,16,0.8,0.3101326817093274,0.00210460713916358,0.15921052631578944,0.02156410311246367,97
bm25,4,nqc,16,0.8,0.08065324987055142,0.43470881546168316,0.03903508771929824,0.573154694589358,97
bm25,4,spatial,16,0.82,0.298676333638583,0.003117913288820712,0.16008771929824558,0.02085383817174601,97
bm25,4,a_ratio,16,0.82,0.3035601375441973,0.002641924165413993,0.156578947368421,0.023822706517307408,97
bm25,4,nqc,16,0.82,0.08866811925941656,0.3902964011035723,0.045175438596491216,0.5143766257719221,97
bm25,4,spatial,16,0.84,0.29267178693372337,0.003807715967216173,0.1535087719298245,0.026714571474982324,97
bm25,4,a_ratio,16,0.84,0.2969225806569633,0.0033067660934615107,0.15701754385964908,0.02343259236880532,97
bm25,4,nqc,16,0.84,0.09841412897110716,0.3401116948490042,0.046929824561403495,0.49817762339289917,97
bm25,4,spatial,16,0.86,0.28664744228496297,0.004633849357768971,0.14429824561403506,0.037276435612080196,97
bm25,4,a_ratio,16,0.86,0.29025354189775576,0.004122040957293192,0.15789473684210523,0.022668970827860974,97
bm25,4,nqc,16,0.86,0.11044032694673948,0.2840814225717224,0.05921052631578946,0.3927654396199507,97
bm25,4,spatial,16,0.88,0.28061487818450614,0.005617504209993953,0.14166666666666664,0.04088043032540512,97
bm25,4,a_ratio,16,0.88,0.2835831901907639,0.0051124620068611374,0.1583333333333333,0.022295335985736058,97
bm25,4,nqc,16,0.88,0.125488286022574,0.22313081584988062,0.06973684210526314,0.31415387247865256,97
bm25,4,spatial,16,0.9,0.2745850150760791,0.006781698892839384,0.13728070175438595,0.04754239775881143,97
bm25,4,a_ratio,16,0.9,0.27693830763413474,0.006304128398581431,0.15307017543859647,0.02715150040857788,97
bm25,4,nqc,16,0.9,0.1444955795805476,0.16014051991717002,0.08640350877192982,0.21236013506761187,97
bm25,4,spatial,16,0.92,0.26856808512169966,0.008151131730120479,0.13245614035087716,0.05590173788646047,97
bm25,4,a_ratio,16,0.92,0.270342353753723,0.007724004763213651,0.14473684210526314,0.03670286698982216,97
bm25,4,nqc,16,0.92,0.16839417929414172,0.10099675984003295,0.10570175438596488,0.1270989390651351,97
bm25,4,spatial,16,0.94,0.26257361299296933,0.009751971762782079,0.1276315789473684,0.06545090776900864,97
bm25,4,a_ratio,16,0.94,0.263815598542096,0.00939932333043064,0.14035087719298242,0.04279048337179435,97
bm25,4,nqc,16,0.94,0.19718683435890605,0.054145335743628925,0.11754385964912278,0.08977892662724705,97
bm25,4,spatial,16,0.96,0.2566104067022283,0.011611589675585088,0.1263157894736842,0.0682769876388756,97
bm25,4,a_ratio,16,0.96,0.2573753055244866,0.011356938721249378,0.13464912280701752,0.05196142228840072,97
bm25,4,nqc,16,0.96,0.22725062931099266,0.02597109999880809,0.1350877192982456,0.05120190672411439,97
bm25,4,spatial,16,0.98,0.25068655740246953,0.013758233553973872,0.12412280701754383,0.07320956359994496,97
bm25,4,a_ratio,16,0.98,0.2510359483581063,0.013622669005108954,0.1289473684210526,0.06272198677177326,97
bm25,4,nqc,16,0.98,0.24758276334045864,0.015014862809083334,0.12061403508771927,0.08170491462400999,97
bm25,4,spatial,16,1.0,0.24480944704221766,0.016220656926246763,0.1232456140350877,0.07526253851373939,97
bm25,4,a_ratio,16,1.0,0.24480944704221766,0.016220656926246763,0.1232456140350877,0.07526253851373939,97
bm25,4,nqc,16,1.0,0.24480944704221766,0.016220656926246763,0.1232456140350877,0.07526253851373939,97
