retriever,k,qpp_method,window_size,alpha,r,p1(r),tau,p1(tau),num_of_queries
mt5,7,spatial,2,0.0,0.29903096439436805,0.0030809222584172124,0.1776315789473684,0.010352157028285932,97
mt5,7,a_ratio,2,0.0,0.09394360593896267,0.3626044221678115,-0.003508771929824561,0.9596094143193218,97
mt5,7,nqc,2,0.0,0.03390937630110298,0.7429231504473657,-0.0026315789473684206,0.9697013964662655,97
mt5,7,spatial,2,0.02,0.30155325785072157,0.0028289858759295464,0.17631578947368418,0.010932545975931482,97
mt5,7,a_ratio,2,0.02,0.09415338754367626,0.3615288824563936,-0.004385964912280701,0.9495239009595372,97
mt5,7,nqc,2,0.02,0.03628997486913073,0.7255691546933889,0.04605263157894736,0.5062430437149774,97
mt5,7,spatial,2,0.04,0.3040707969893489,0.0025961366375332443,0.175,0.011541673254595812,97
mt5,7,a_ratio,2,0.04,0.09437187242171369,0.360410815902344,-0.004385964912280701,0.9495239009595372,97
mt5,7,nqc,2,0.04,0.03877169570958866,0.7076245682517363,0.07982456140350876,0.24926153279470387,97
mt5,7,spatial,2,0.06,0.3065773284686658,0.002381578542507522,0.17850877192982453,0.009980624249260547,97
mt5,7,a_ratio,2,0.06,0.09459961307819156,0.35924765985880647,-0.004824561403508771,0.9444840737693221,97
mt5,7,nqc,2,0.06,0.04136029117840169,0.6890760935581776,0.0982456140350877,0.1561836121302155,97
mt5,7,spatial,2,0.08,0.3090659279644968,0.0021844902950457438,0.1820175438596491,0.008610498746466352,97
mt5,7,a_ratio,2,0.08,0.09483720974183402,0.35803664252518697,-0.005263157894736841,0.9394464677531641,97
mt5,7,nqc,2,0.08,0.04406186881879728,0.6699124004749488,0.10921052631578945,0.11495986919059359,97
mt5,7,spatial,2,0.1,0.3115289634351527,0.0020040327103432367,0.18333333333333332,0.008141731588545092,97
mt5,7,a_ratio,2,0.1,0.09508531562522035,0.3567747612786963,-0.004385964912280701,0.9495239009595372,97
mt5,7,nqc,2,0.1,0.046882905702444945,0.6501246767690855,0.11578947368421051,0.09467365840926534,97
mt5,7,spatial,2,0.12,0.3139580619574197,0.0018393564612091099,0.18114035087719296,0.008936269357215086,97
mt5,7,a_ratio,2,0.12,0.09534464289557747,0.3554587582716402,-0.004824561403508771,0.9444840737693221,97
mt5,7,nqc,2,0.12,0.04983026044560174,0.6297072708193648,0.12587719298245612,0.06924102024309887,97
mt5,7,spatial,2,0.14,0.3163440816161594,0.0016896100640358546,0.18552631578947365,0.007411025603920558,97
mt5,7,a_ratio,2,0.14,0.09561596947051648,0.35408509288617207,-0.004824561403508771,0.9444840737693221,97
mt5,7,nqc,2,0.14,0.05291118180977603,0.6086584358065305,0.1289473684210526,0.06272198677177326,97
mt5,7,spatial,2,0.16,0.3186770901523229,0.0015539480023604906,0.18728070175438594,0.006869417363886626,97
mt5,7,a_ratio,2,0.16,0.09590014677462788,0.3526499105676169,-0.003947368421052631,0.954565748248739,97
mt5,7,nqc,2,0.16,0.05613331248447004,0.5869811835030998,0.13728070175438595,0.04754239775881143,97
mt5,7,spatial,2,0.18,0.3209463522914993,0.0014315388914238301,0.19035087719298244,0.0060065708523342936,97
mt5,7,a_ratio,2,0.18,0.09619810861901548,0.35114900747301264,-0.003070175438596491,0.9646546976352598,97
mt5,7,nqc,2,0.18,0.05950468626166641,0.5646842535659239,0.13464912280701752,0.05196142228840072,97
mt5,7,spatial,2,0.2,0.3231403278750353,0.0013215735988061608,0.19078947368421048,0.005891622551225342,97
mt5,7,a_ratio,2,0.2,0.09651088139781736,0.34957779027003577,-0.0026315789473684206,0.9697013964662655,97
mt5,7,nqc,2,0.2,0.06303371633264859,0.5417832005456926,0.1337719298245614,0.053508744548176196,97
mt5,7,spatial,2,0.22,0.32524668308177707,0.001223273254971842,0.19298245614035084,0.005346085893178478,97
mt5,7,a_ratio,2,0.22,0.09683959583498558,0.34793123029923934,-0.0021929824561403503,0.9747493089119874,97
mt5,7,nqc,2,0.22,0.06672917185072577,0.5183015951738944,0.1337719298245614,0.053508744548176196,97
mt5,7,spatial,2,0.24,0.3272523171407304,0.0011358971138029294,0.19254385964912277,0.005451397044324322,97
mt5,7,a_ratio,2,0.24,0.09718550056295704,0.34620381116477855,0.0,1.0,97
mt5,7,nqc,2,0.24,0.07060013919101137,0.494272328298838,0.13859649122807016,0.04545413009688231,97
mt5,7,spatial,2,0.26,0.3291434069703485,0.0010587502571808263,0.1951754385964912,0.004846583300035788,97
mt5,7,a_ratio,2,0.26,0.09754997787476125,0.34438946863946435,0.0008771929824561403,0.9898983068920344,97
mt5,7,nqc,2,0.26,0.07465596348394245,0.4697389944941993,0.1451754385964912,0.03613683367153821,97
mt5,7,spatial,2,0.28,0.33090547211302873,0.0009911911794973436,0.19166666666666665,0.0056676554767862795,97
mt5,7,a_ratio,2,0.28,0.0979345620657271,0.3424815215516897,-0.00043859649122807013,0.9949490522405066,97
mt5,7,nqc,2,0.28,0.07890616498965669,0.44475731723612694,0.14999999999999997,0.030386188269096972,97
mt5,7,spatial,2,0.3,0.33252346213713185,0.0009326393376703906,0.1890350877192982,0.006363638865325849,97
mt5,7,a_ratio,2,0.3,0.09834096087437677,0.3404725920548713,0.0008771929824561403,0.9898983068920344,97
mt5,7,nqc,2,0.3,0.08336032371054253,0.4193965581328514,0.15526315789473683,0.025027037161781087,97
mt5,7,spatial,2,0.32,0.33398186832741833,0.0008825828098446628,0.1864035087719298,0.00713560971179531,97
mt5,7,a_ratio,2,0.32,0.09877108064973972,0.3383545133527351,0.0017543859649122805,0.9797982329262411,97
mt5,7,nqc,2,0.32,0.08802792431898102,0.39374082877799244,0.15175438596491225,0.028499485428052914,97
mt5,7,spatial,2,0.34,0.335264860956084,0.0008405862715950105,0.19122807017543855,0.005778660719514659,97
mt5,7,a_ratio,2,0.34,0.0992270560213459,0.33611822255057294,0.0026315789473684206,0.9697013964662655,97
mt5,7,nqc,2,0.34,0.09291815204140313,0.36789019572563697,0.14999999999999997,0.030386188269096972,97
mt5,7,spatial,2,0.36,0.336356452705285,0.0008062995724215357,0.19298245614035084,0.005346085893178478,97
mt5,7,a_ratio,2,0.36,0.09971128503812549,0.3337536358042281,0.004385964912280701,0.9495239009595372,97
mt5,7,nqc,2,0.36,0.09803962866320748,0.341961438111907,0.15614035087719297,0.024218442010991905,97
mt5,7,spatial,2,0.38,0.337240687893699,0.0007794672781567364,0.19298245614035084,0.005346085893178478,97
mt5,7,a_ratio,2,0.38,0.10022647098619984,0.33124950232013933,0.004385964912280701,0.9495239009595372,97
mt5,7,nqc,2,0.38,0.10340007643732867,0.316088286212846,0.15701754385964908,0.02343259236880532,97
mt5,7,spatial,2,0.4,0.3379018560549659,0.0007599396373327278,0.19298245614035084,0.005346085893178478,97
mt5,7,a_ratio,2,0.4,0.10077567241051248,0.32859323298944343,0.004824561403508771,0.9444840737693221,97
mt5,7,nqc,2,0.4,0.10900589661544516,0.29042094224772175,0.15745614035087718,0.023048035126692692,97
mt5,7,spatial,2,0.42,0.3383247271535579,0.0007476855324421622,0.19078947368421048,0.005891622551225342,97
mt5,7,a_ratio,2,0.42,0.10136236327522051,0.325770698476164,0.007456140350877191,0.9142987729055279,97
mt5,7,nqc,2,0.42,0.11486164891913377,0.26512466882677294,0.1583333333333333,0.022295335985736058,97
mt5,7,spatial,2,0.44,0.3384948043541107,0.0007428080910861028,0.1890350877192982,0.006363638865325849,97
mt5,7,a_ratio,2,0.44,0.10199050573556459,0.32276599037158954,0.009649122807017543,0.8892365872632643,97
mt5,7,nqc,2,0.44,0.12096941903111141,0.2403772348452903,0.15307017543859647,0.02715150040857788,97
mt5,7,spatial,2,0.46,0.3383985888555111,0.0007455637574102456,0.19122807017543855,0.005778660719514659,97
mt5,7,a_ratio,2,0.46,0.10266463870523043,0.3195611375070863,0.008771929824561401,0.8992496118543148,97
mt5,7,nqc,2,0.46,0.12732806380928022,0.21636504450169838,0.15131578947368418,0.028961443601471626,97
mt5,7,spatial,2,0.48,0.33802384995337675,0.0007563857599582165,0.1921052631578947,0.00555857730471879,97
mt5,7,a_ratio,2,0.48,0.10338998635222049,0.31613576760023293,0.008771929824561401,0.8992496118543148,97
mt5,7,nqc,2,0.48,0.13393232931505814,0.1932778539715509,0.15131578947368418,0.028961443601471626,97
mt5,7,spatial,2,0.5,0.33735989231195196,0.000775913054989453,0.19473684210526312,0.00494296865650076,97
mt5,7,a_ratio,2,0.5,0.10417259193414358,0.31246670198609944,0.008771929824561401,0.8992496118543148,97
mt5,7,nqc,2,0.5,0.14077184599881315,0.17130211091656095,0.15614035087719297,0.024218442010991905,97
mt5,7,spatial,2,0.52,0.3363978115240029,0.0008050259680492598,0.18991228070175434,0.006123535868103072,97
mt5,7,a_ratio,2,0.52,0.10501948412158854,0.30852746812123527,0.010087719298245612,0.8842365917819822,97
mt5,7,nqc,2,0.52,0.14783001968791418,0.15061313594009587,0.15219298245614032,0.02804388848739258,97
mt5,7,spatial,2,0.54,0.33513072852680553,0.0008448898901403966,0.18684210526315786,0.007001377469104526,97
mt5,7,a_ratio,2,0.54,0.105938885346162,0.30428771067691257,0.007456140350877191,0.9142987729055279,97
mt5,7,nqc,2,0.54,0.15508285743515665,0.13136659080383478,0.15131578947368418,0.028961443601471626,97
mt5,7,spatial,2,0.56,0.33355399341888897,0.0008970084911426676,0.19254385964912277,0.005451397044324322,97
mt5,7,a_ratio,2,0.56,0.10694047502782204,0.29971247716635896,0.007894736842105262,0.9092786999029837,97
mt5,7,nqc,2,0.56,0.1624977943321818,0.11368991607273894,0.1508771929824561,0.029429833054879267,97
mt5,7,spatial,2,0.58,0.3316653497508138,0.0009632879676276427,0.19166666666666665,0.0056676554767862795,97
mt5,7,a_ratio,2,0.58,0.10803572520169263,0.29476134796745007,0.009210526315789471,0.8942409928983389,97
mt5,7,nqc,2,0.58,0.17003262044690645,0.09767462151809764,0.15219298245614032,0.02804388848739258,97
mt5,7,spatial,2,0.6,0.3294650514669717,0.0010461138120740102,0.19122807017543855,0.005778660719514659,97
mt5,7,a_ratio,2,0.6,0.10923833270846994,0.2893873731187317,0.012280701754385963,0.8593096176685738,97
mt5,7,nqc,2,0.6,0.1776346435151385,0.0833704125345648,0.15570175438596487,0.024619863763397806,97
mt5,7,spatial,2,0.62,0.3269559263267121,0.0011484414346762228,0.1864035087719298,0.00713560971179531,97
mt5,7,a_ratio,2,0.62,0.11056478170265935,0.283535769305825,0.012280701754385963,0.8593096176685738,97
mt5,7,nqc,2,0.62,0.1852402574954581,0.07078207253387285,0.156578947368421,0.023822706517307408,97
mt5,7,spatial,2,0.64,0.32414338175161983,0.0012739016399746122,0.18114035087719296,0.008936269357215086,97
mt5,7,a_ratio,2,0.64,0.11203508427719355,0.2771423202598058,0.011403508771929822,0.8692650265497066,97
mt5,7,nqc,2,0.64,0.19277511080392512,0.05986975731022403,0.15526315789473683,0.025027037161781087,97
mt5,7,spatial,2,0.66,0.3210353515016724,0.0014269214085362106,0.17631578947368418,0.010932545975931482,97
mt5,7,a_ratio,2,0.66,0.11367376788995824,0.2701314133671946,0.013596491228070173,0.8444188289548002,97
mt5,7,nqc,2,0.66,0.20015506914808462,0.05055290577279972,0.1539473684210526,0.026283728186940334,97
mt5,7,spatial,2,0.68,0.3176421842085058,0.0016128596134006856,0.16929824561403506,0.014543148107282302,97
mt5,7,a_ratio,2,0.68,0.11551120985567813,0.2624136373702745,0.015789473684210523,0.8197264747302192,97
mt5,7,nqc,2,0.68,0.2072881333542859,0.042717409818984496,0.1526315789473684,0.027594583190492877,97
mt5,7,spatial,2,0.7,0.3139764773991357,0.0018381561806892627,0.17017543859649117,0.014040677766436126,97
mt5,7,a_ratio,2,0.7,0.11758546774616024,0.2538828670868061,0.017982456140350874,0.7952115822983997,97
mt5,7,nqc,2,0.7,0.21407739208780185,0.036225146106609284,0.1508771929824561,0.029429833054879267,97
mt5,7,spatial,2,0.72,0.31005286303712465,0.0021104917786441395,0.16184210526315784,0.019494257081408093,97
mt5,7,a_ratio,2,0.72,0.1199448306572483,0.24441278561764604,0.021491228070175436,0.7564143003908508,97
mt5,7,nqc,2,0.72,0.22042496082663388,0.030924600434495703,0.14429824561403506,0.037276435612080196,97
mt5,7,spatial,2,0.74,0.30588775261799617,0.002438953423714322,0.1596491228070175,0.021206380497260476,97
mt5,7,a_ratio,2,0.74,0.1226514378405214,0.23385287432984828,0.021052631578947364,0.7612327300879478,97
mt5,7,nqc,2,0.74,0.22623669373495148,0.026661216881662255,0.14298245614035085,0.03904312556346961,97
mt5,7,spatial,2,0.76,0.3014990513472128,0.00283419951100538,0.15570175438596487,0.024619863763397806,97
mt5,7,a_ratio,2,0.76,0.12578650899778926,0.2220241050187956,0.024122807017543855,0.7277082672725284,97
mt5,7,nqc,2,0.76,0.23142728280521305,0.023286298218391798,0.1421052631578947,0.040260018266768394,97
mt5,7,spatial,2,0.78,0.29690585181796786,0.003308615851327902,0.15131578947368418,0.028961443601471626,97
mt5,7,a_ratio,2,0.78,0.12945805827065918,0.20871504685721595,0.02807017543859649,0.6853673604806414,97
mt5,7,nqc,2,0.78,0.23592522079380085,0.020663695681305237,0.1359649122807017,0.04971074224007309,97
mt5,7,spatial,2,0.8,0.29212811786537896,0.003876452524864519,0.1508771929824561,0.029429833054879267,97
mt5,7,a_ratio,2,0.8,0.133812514817842,0.19368017904120954,0.035087719298245605,0.6125496802803572,97
mt5,7,nqc,2,0.8,0.2396770454009728,0.018674018244176433,0.1320175438596491,0.05671894881927785,97
mt5,7,spatial,2,0.82,0.28718636893167016,0.004553929980220297,0.15043859649122804,0.029904724291647766,97
mt5,7,a_ratio,2,0.82,0.1390526034902464,0.17664458806064276,0.03859649122807017,0.5774720519086318,97
mt5,7,nqc,2,0.82,0.24265033227749644,0.017216524766951184,0.13289473684210523,0.05509435768226517,97
mt5,7,spatial,2,0.84,0.28210137441005667,0.005359302071244025,0.143859649122807,0.03785761656074964,97
mt5,7,a_ratio,2,0.84,0.14546538257229727,0.1573244518362824,0.04956140350877192,0.4743972995987332,97
mt5,7,nqc,2,0.84,0.24483506556879406,0.016209146183441277,0.13157894736842105,0.05754607703293159,97
mt5,7,spatial,2,0.86,0.2768938661547987,0.006312863866402933,0.143859649122807,0.03785761656074964,97
mt5,7,a_ratio,2,0.86,0.15346668198877,0.13548389855539164,0.05833333333333332,0.39981479570036405,97
mt5,7,nqc,2,0.86,0.24624325478461678,0.015587197061821094,0.13157894736842105,0.05754607703293159,97
mt5,7,spatial,2,0.88,0.2715842757828759,0.007436893259296282,0.14078947368421052,0.042145582897418356,97
mt5,7,a_ratio,2,0.88,0.16367058272985774,0.11107145212728535,0.06710526315789472,0.33276408177138295,97
mt5,7,nqc,2,0.88,0.24690692863381228,0.015301309864052717,0.13026315789473683,0.06008783459643862,97
mt5,7,spatial,2,0.9,0.2661925016852841,0.00875551772634575,0.13421052631578945,0.052730339832625366,97
mt5,7,a_ratio,2,0.9,0.1769883245538883,0.08451759038365086,0.06403508771929824,0.35535715174125126,97
mt5,7,nqc,2,0.9,0.2468748574936379,0.015315019805070997,0.12850877192982454,0.06362097951440454,97
mt5,7,spatial,2,0.92,0.26073770894048,0.010294500962294569,0.13157894736842105,0.05754607703293159,97
mt5,7,a_ratio,2,0.92,0.19471101426213608,0.057299788223243914,0.08157894736842104,0.23900925247653326,97
mt5,7,nqc,2,0.92,0.24620848992215744,0.015602299151185548,0.12412280701754383,0.07320956359994496,97
mt5,7,spatial,2,0.94,0.25523816368748564,0.012080948380294778,0.12850877192982454,0.06362097951440454,97
mt5,7,a_ratio,2,0.94,0.21822656048697578,0.032680935009863916,0.09736842105263156,0.1599131949044269,97
mt5,7,nqc,2,0.94,0.2449776181744187,0.016145224324233955,0.12061403508771927,0.08170491462400999,97
mt5,7,spatial,2,0.96,0.24971110205477873,0.014142935268731381,0.12105263157894736,0.08060113304798304,97
mt5,7,a_ratio,2,0.96,0.24650434892534553,0.015474179889207124,0.11447368421052628,0.09848323871599789,97
mt5,7,nqc,2,0.96,0.24325622616988143,0.016931873600060234,0.11842105263157893,0.08740910208359153,97
mt5,7,spatial,2,0.98,0.244172632508758,0.016509066336880145,0.11403508771929823,0.09977996424599991,97
mt5,7,a_ratio,2,0.98,0.2652921006519137,0.00899468865519833,0.13991228070175438,0.04344370723734423,97
mt5,7,nqc,2,0.98,0.2411188535646333,0.017954498385163307,0.11491228070175437,0.09720000558825469,97
mt5,7,spatial,2,1.0,0.23863766951098073,0.01920798000079721,0.11315789473684208,0.10241424976669938,97
mt5,7,a_ratio,2,1.0,0.23863766951098073,0.01920798000079721,0.11315789473684208,0.10241424976669938,97
mt5,7,nqc,2,1.0,0.23863766951098073,0.01920798000079721,0.11315789473684208,0.10241424976669938,97
mt5,7,spatial,3,0.0,0.29903096439436805,0.0030809222584172124,0.1776315789473684,0.010352157028285932,97
mt5,7,a_ratio,3,0.0,0.09394360593896267,0.3626044221678115,-0.003508771929824561,0.9596094143193218,97
mt5,7,nqc,3,0.0,0.03390937630110298,0.7429231504473657,-0.0026315789473684206,0.9697013964662655,97
mt5,7,spatial,3,0.02,0.3017346584502333,0.0028116011900273527,0.17850877192982453,0.009980624249260547,97
mt5,7,a_ratio,3,0.02,0.09415834627420733,0.3615034831260724,-0.003070175438596491,0.9646546976352598,97
mt5,7,nqc,3,0.02,0.0363512855287739,0.7251239974814732,0.03947368421052631,0.5688527083267978,97
mt5,7,spatial,3,0.04,0.3044509073017216,0.0025625193872205565,0.17675438596491225,0.010735947690716544,97
mt5,7,a_ratio,3,0.04,0.09438200565880739,0.36035901231377854,-0.004824561403508771,0.9444840737693221,97
mt5,7,nqc,3,0.04,0.03889791044303754,0.7067161051643757,0.0719298245614035,0.2991785778062356,97
mt5,7,spatial,3,0.06,0.3071747919788905,0.002332853781559693,0.1789473684210526,0.00979934996376251,97
mt5,7,a_ratio,3,0.06,0.09461515102868767,0.35916838645393967,-0.005263157894736841,0.9394464677531641,97
mt5,7,nqc,3,0.06,0.04155539036644366,0.6876853777879284,0.08157894736842104,0.23900925247653326,97
mt5,7,spatial,3,0.08,0.309900773416793,0.002121745711771056,0.18114035087719296,0.008936269357215086,97
mt5,7,a_ratio,3,0.08,0.09485839836210846,0.35792876815927355,-0.004824561403508771,0.9444840737693221,97
mt5,7,nqc,3,0.08,0.04433027474912409,0.6680197046548335,0.09429824561403508,0.17349779395571174,97
mt5,7,spatial,3,0.1,0.31262264622526065,0.0019283080920320303,0.18333333333333332,0.008141731588545092,97
mt5,7,a_ratio,3,0.1,0.0951124180943119,0.3566370837492842,-0.004824561403508771,0.9444840737693221,97
mt5,7,nqc,3,0.1,0.04722954634638108,0.6477095318416528,0.10307017543859648,0.1368406787927515,97
mt5,7,spatial,3,0.12,0.31533349304598246,0.0017516330141198653,0.18289473684210522,0.008295385577532875,97
mt5,7,a_ratio,3,0.12,0.095377941264952,0.35528999826806923,-0.004385964912280701,0.9495239009595372,97
mt5,7,nqc,3,0.12,0.05026064355874365,0.626748532991068,0.11096491228070172,0.10924231434701433,97
mt5,7,spatial,3,0.14,0.31802564056201243,0.0015907996689542077,0.18552631578947365,0.007411025603920558,97
mt5,7,a_ratio,3,0.14,0.09565576651654008,0.35388388728482734,-0.004385964912280701,0.9495239009595372,97
mt5,7,nqc,3,0.14,0.053431481083761764,0.6051343900784346,0.11447368421052628,0.09848323871599789,97
mt5,7,spatial,3,0.16,0.3206906184544124,0.0014448824631479844,0.18684210526315786,0.007001377469104526,97
mt5,7,a_ratio,3,0.16,0.09594676808442411,0.35241480498679845,-0.003508771929824561,0.9596094143193218,97
mt5,7,nqc,3,0.16,0.05675046774580521,0.5828696942636229,0.118859649122807,0.08624325957567905,97
mt5,7,spatial,3,0.18,0.3233191228487966,0.0013129592008967153,0.18771929824561398,0.0067396961345085665,97
mt5,7,a_ratio,3,0.18,0.09625190494594421,0.35087844798783185,-0.003508771929824561,0.9596094143193218,97
mt5,7,nqc,3,0.18,0.06022652000927456,0.5599629750292664,0.118859649122807,0.08624325957567905,97
mt5,7,spatial,3,0.2,0.32590098605492823,0.0011941192017546193,0.18859649122807015,0.006486839186137605,97
mt5,7,a_ratio,3,0.2,0.09657223132955371,0.3492701141719638,-0.003947368421052631,0.954565748248739,97
mt5,7,nqc,3,0.2,0.06386906922307174,0.5364298623818987,0.11842105263157893,0.08740910208359153,97
mt5,7,spatial,3,0.22,0.32842515466589395,0.0010874712313039638,0.1894736842105263,0.006242548211379331,97
mt5,7,a_ratio,3,0.22,0.09690890882539471,0.3475846557661719,-0.004385964912280701,0.9495239009595372,97
mt5,7,nqc,3,0.22,0.06768806006757103,0.5122943814014751,0.12499999999999997,0.07120263020819867,97
mt5,7,spatial,3,0.24,0.3308796783366886,0.000992151134936278,0.19166666666666665,0.0056676554767862795,97
mt5,7,a_ratio,3,0.24,0.09726322038902104,0.3458164256852533,-0.003947368421052631,0.954565748248739,97
mt5,7,nqc,3,0.24,0.07169393695375922,0.4875903702014442,0.1293859649122807,0.06183352376776574,97
mt5,7,spatial,3,0.26,0.33325171178820695,0.0009073290852049915,0.19122807017543855,0.005778660719514659,97
mt5,7,a_ratio,3,0.26,0.09763658659220187,0.34395921600818496,-0.0026315789473684206,0.9697013964662655,97
mt5,7,nqc,3,0.26,0.07589761422863159,0.46236300063971153,0.1307017543859649,0.05923043275757143,97
mt5,7,spatial,3,0.28,0.3355275327599998,0.0008322163805026668,0.1934210526315789,0.005242615402641688,97
mt5,7,a_ratio,3,0.28,0.09803058455230224,0.3420061872218149,-0.0021929824561403503,0.9747493089119874,97
mt5,7,nqc,3,0.28,0.0803104249403524,0.43667036508380225,0.1293859649122807,0.06183352376776574,97
mt5,7,spatial,3,0.3,0.33769257873797953,0.0007660717669387659,0.18552631578947365,0.007411025603920558,97
mt5,7,a_ratio,3,0.3,0.09844697006892283,0.33994978659460207,-0.0017543859649122805,0.9797982329262411,97
mt5,7,nqc,3,0.3,0.08494404158079347,0.41058507141217293,0.13421052631578945,0.052730339832625366,97
mt5,7,spatial,3,0.32,0.3397315052819053,0.0007082072958582829,0.1846491228070175,0.007695938960913375,97
mt5,7,a_ratio,3,0.32,0.09888770361895508,0.3377816537080264,0.0,1.0,97
mt5,7,nqc,3,0.32,0.0898103606268609,0.3841957616863796,0.14078947368421052,0.042145582897418356,97
mt5,7,spatial,3,0.34,0.34162826863986506,0.0006579937759619897,0.1890350877192982,0.006363638865325849,97
mt5,7,a_ratio,3,0.34,0.09935498101648238,0.33549251076061265,-0.0008771929824561403,0.9898983068920344,97
mt5,7,nqc,3,0.34,0.09492134083385095,0.35760843752530463,0.143859649122807,0.03785761656074964,97
mt5,7,spatial,3,0.36,0.3433662350306555,0.0006148659310126673,0.19035087719298244,0.0060065708523342936,97
mt5,7,a_ratio,3,0.36,0.09985126974206625,0.33307203474953945,-0.0013157894736842103,0.984847966341271,97
mt5,7,nqc,3,0.36,0.100288783108407,0.33094743805533033,0.14298245614035085,0.03904312556346961,97
mt5,7,spatial,3,0.38,0.3449283184697761,0.000578327431365326,0.18859649122807015,0.006486839186137605,97
mt5,7,a_ratio,3,0.38,0.10037935220041085,0.33050870800189314,0.0,1.0,97
mt5,7,nqc,3,0.38,0.1059240374657395,0.3043558768035368,0.13859649122807016,0.04545413009688231,97
mt5,7,spatial,3,0.4,0.3462971482870825,0.0005479560300754943,0.18771929824561398,0.0067396961345085665,97
mt5,7,a_ratio,3,0.4,0.10094237749453494,0.32778964273946953,-0.00043859649122807013,0.9949490522405066,97
mt5,7,nqc,3,0.4,0.11183762019064611,0.27799530663968697,0.13991228070175438,0.04344370723734423,97
mt5,7,spatial,3,0.42,0.3474552665209635,0.0005234091025994121,0.18552631578947365,0.007411025603920558,97
mt5,7,a_ratio,3,0.42,0.10154392373349827,0.32490037437599784,0.00043859649122807013,0.9949490522405066,97
mt5,7,nqc,3,0.42,0.11803872212505151,0.2520443543525236,0.13815789473684206,0.04614146023750493,97
mt5,7,spatial,3,0.44,0.3483853541784039,0.0005044299640961771,0.18377192982456136,0.007990630052244877,97
mt5,7,a_ratio,3,0.44,0.10218807345409667,0.32182461701016074,0.0,1.0,97
mt5,7,nqc,3,0.44,0.12453458741660431,0.2266960595556669,0.1364035087719298,0.04897892442735811,97
mt5,7,spatial,3,0.46,0.34907048394629697,0.0004908554215873691,0.18421052631578944,0.007842044522710973,97
mt5,7,a_ratio,3,0.46,0.10287950548310608,0.3185439730238628,0.0,1.0,97
mt5,7,nqc,3,0.46,0.1313297417406172,0.20215368051838567,0.1364035087719298,0.04897892442735811,97
mt5,7,spatial,3,0.48,0.3494943953753553,0.0004826251116543497,0.1789473684210526,0.00979934996376251,97
mt5,7,a_ratio,3,0.48,0.103623607563721,0.3150375867355394,0.0008771929824561403,0.9898983068920344,97
mt5,7,nqc,3,0.48,0.13842505091954155,0.1786248082983822,0.13859649122807016,0.04545413009688231,97
mt5,7,spatial,3,0.5,0.3496417869098845,0.000479793280015861,0.1789473684210526,0.00979934996376251,97
mt5,7,a_ratio,3,0.5,0.10442661541475869,0.3112817295830096,0.0008771929824561403,0.9898983068920344,97
mt5,7,nqc,3,0.5,0.14581659635375072,0.1563137749845183,0.13859649122807016,0.04545413009688231,97
mt5,7,spatial,3,0.52,0.3494986175061049,0.000482543778998573,0.1776315789473684,0.010352157028285932,97
mt5,7,a_ratio,3,0.52,0.1052957857236122,0.3072493011820819,0.0,1.0,97
mt5,7,nqc,3,0.52,0.15349436448471782,0.1354125596624693,0.1390350877192982,0.04477544914730465,97
mt5,7,spatial,3,0.54,0.3490524090929472,0.0004912091933314512,0.17675438596491225,0.010735947690716544,97
mt5,7,a_ratio,3,0.54,0.1062396130973326,0.3029092266589884,-0.0008771929824561403,0.9898983068920344,97
mt5,7,nqc,3,0.54,0.1614407656928947,0.11609067954923663,0.13859649122807016,0.04545413009688231,97
mt5,7,spatial,3,0.56,0.34829253991982523,0.0005062951526300046,0.17675438596491225,0.010735947690716544,97
mt5,7,a_ratio,3,0.56,0.1072681045110006,0.2982257256919062,-0.0021929824561403503,0.9747493089119874,97
mt5,7,nqc,3,0.56,0.16962902568889432,0.09848487243396746,0.13684210526315788,0.04825617082139475,97
mt5,7,spatial,3,0.58,0.3472105180447088,0.0005285110458908104,0.17543859649122803,0.01133536481749997,97
mt5,7,a_ratio,3,0.58,0.10839312974827309,0.2931574225116295,-0.0008771929824561403,0.9898983068920344,97
mt5,7,nqc,3,0.58,0.1780215311577667,0.08268966935837001,0.1350877192982456,0.05120190672411439,97
mt5,7,spatial,3,0.6,0.34580022396761173,0.0005588085099692584,0.175,0.011541673254595812,97
mt5,7,a_ratio,3,0.6,0.10962887340821145,0.2876562585233772,-0.0008771929824561403,0.9898983068920344,97
mt5,7,nqc,3,0.6,0.1865682612089783,0.06875013598182293,0.13289473684210523,0.05509435768226517,97
mt5,7,spatial,3,0.62,0.34405811180263396,0.0005984292044872051,0.1758771929824561,0.011132337112518993,97
mt5,7,a_ratio,3,0.62,0.1109924243077443,0.2816661601672911,0.0021929824561403503,0.9747493089119874,97
mt5,7,nqc,3,0.62,0.19520549415302613,0.05665803080580687,0.13245614035087716,0.05590173788646047,97
mt5,7,spatial,3,0.64,0.3419833594524955,0.0006489634857477322,0.17149122807017542,0.013315695610410695,97
mt5,7,a_ratio,3,0.64,0.11250455319024028,0.2751214044281713,0.004385964912280701,0.9495239009595372,97
mt5,7,nqc,3,0.64,0.2038550376782467,0.0463523166803501,0.13289473684210523,0.05509435768226517,97
mt5,7,spatial,3,0.66,0.33957795998985363,0.0007124216182810246,0.16754385964912277,0.015595863350661914,97
mt5,7,a_ratio,3,0.66,0.11419075218959945,0.2679446141558069,0.006140350877192982,0.9293787221862809,97
mt5,7,nqc,3,0.66,0.2124242759418417,0.037724364622247396,0.1359649122807017,0.04971074224007309,97
mt5,7,spatial,3,0.68,0.3368467487819058,0.0007913190709298354,0.1644736842105263,0.017600127768823963,97
mt5,7,a_ratio,3,0.68,0.11608264377310101,0.2600443080294867,0.007456140350877191,0.9142987729055279,97
mt5,7,nqc,3,0.68,0.220807339524563,0.03062740151064307,0.1359649122807017,0.04971074224007309,97
mt5,7,spatial,3,0.7,0.3337973636779062,0.0008887771826748638,0.1644736842105263,0.017600127768823963,97
mt5,7,a_ratio,3,0.7,0.11821991998282014,0.2513119325614068,0.009649122807017543,0.8892365872632643,97
mt5,7,nqc,3,0.7,0.22888766023370738,0.024888967268187713,0.1333333333333333,0.05429672191249564,97
mt5,7,spatial,3,0.72,0.33044013862135185,0.0010086399947791525,0.1583333333333333,0.022295335985736058,97
mt5,7,a_ratio,3,0.72,0.12065305670246664,0.24161833155159826,0.010964912280701752,0.8742506159554067,97
mt5,7,nqc,3,0.72,0.23654205219230046,0.020324595353938647,0.13464912280701752,0.05196142228840072,97
mt5,7,spatial,3,0.74,0.32678793412493656,0.001155607275793442,0.15745614035087718,0.023048035126692692,97
mt5,7,a_ratio,3,0.74,0.12344718309616574,0.23080969591762177,0.014912280701754382,0.8295834326185275,97
mt5,7,nqc,3,0.74,0.2436462571282473,0.01675079349610734,0.1320175438596491,0.05671894881927785,97
mt5,7,spatial,3,0.76,0.3228559109243222,0.001335382672983939,0.15526315789473683,0.025027037161781087,97
mt5,7,a_ratio,3,0.76,0.12668770979128938,0.21870325772200902,0.019736842105263153,0.7757429796762659,97
mt5,7,nqc,3,0.76,0.25008162415321433,0.01399572199241456,0.1293859649122807,0.06183352376776574,97
mt5,7,spatial,3,0.78,0.3186612555911325,0.0015548344928472217,0.1478070175438596,0.03289461425077135,97
mt5,7,a_ratio,3,0.78,0.13048869634302424,0.205083507112287,0.024999999999999994,0.7182216070520635,97
mt5,7,nqc,3,0.78,0.25574231302400086,0.011906622264518552,0.12587719298245612,0.06924102024309887,97
mt5,7,spatial,3,0.8,0.3142228687632078,0.001822164871037034,0.14122807017543856,0.041508925271761435,97
mt5,7,a_ratio,3,0.8,0.1350055882501165,0.18970087022165347,0.024561403508771926,0.7229596147173131,97
mt5,7,nqc,3,0.8,0.2605421907284707,0.010353807245469094,0.11929824561403506,0.08509000988854595,97
mt5,7,spatial,3,0.82,0.30956102782692546,0.002147081119655161,0.13684210526315788,0.04825617082139475,97
mt5,7,a_ratio,3,0.82,0.14045509301065787,0.17227735561309082,0.030701754385964904,0.6576697859013478,97
mt5,7,nqc,3,0.82,0.26442051341404293,0.009231654262117327,0.11447368421052628,0.09848323871599789,97
mt5,7,spatial,3,0.84,0.30469703631719247,0.002540960981938471,0.13289473684210523,0.05509435768226517,97
mt5,7,a_ratio,3,0.84,0.14714697287626413,0.15252931152344876,0.03947368421052631,0.5688527083267978,97
mt5,7,nqc,3,0.84,0.2673455993250401,0.008457400004865473,0.11447368421052628,0.09848323871599789,97
mt5,7,spatial,3,0.86,0.2996528720093743,0.003017001587237782,0.12675438596491226,0.06732401746109497,97
mt5,7,a_ratio,3,0.86,0.15553597604677832,0.130229550836671,0.04342105263157894,0.5308452926223248,97
mt5,7,nqc,3,0.86,0.2693159968639719,0.00796861160076873,0.11798245614035086,0.0885876276886421,97
mt5,7,spatial,3,0.88,0.29445084474802297,0.003590340337093304,0.12236842105263156,0.0773622745902155,97
mt5,7,a_ratio,3,0.88,0.16630727528040246,0.10535571831882341,0.04429824561403508,0.522577630903311,97
mt5,7,nqc,3,0.88,0.270359065545829,0.007720077312438237,0.11973684210526314,0.08394926271711613,97
mt5,7,spatial,3,0.9,0.2891132736195041,0.004278135040649657,0.1201754385964912,0.08282092773870503,97
mt5,7,a_ratio,3,0.9,0.18051174556747623,0.07841349400203633,0.04999999999999999,0.4704954334614633,97
mt5,7,nqc,3,0.9,0.27052730675426084,0.007680636803489579,0.11666666666666664,0.09220020518291383,97
mt5,7,spatial,3,0.92,0.2836621912857714,0.005099590609979758,0.11359649122807015,0.10109027153133401,97
mt5,7,a_ratio,3,0.92,0.19973609149975602,0.05104775204623137,0.06622807017543858,0.33912253473494924,97
mt5,7,nqc,3,0.92,0.26989309799884903,0.007830247031283308,0.10921052631578945,0.11495986919059359,97
mt5,7,spatial,3,0.94,0.27811908131860485,0.006075920713956303,0.11052631578947367,0.11065018092280728,97
mt5,7,a_ratio,3,0.94,0.22602342708124668,0.02680833969429386,0.08289473684210526,0.23151781230384616,97
mt5,7,nqc,3,0.94,0.2685426324802044,0.008157407436680272,0.10570175438596488,0.1270989390651351,97
mt5,7,spatial,3,0.96,0.27250465236220667,0.007230235056643953,0.10394736842105262,0.13353138509204263,97
mt5,7,a_ratio,3,0.96,0.259615788439702,0.010638896620875941,0.09517543859649122,0.16953134792266555,97
mt5,7,nqc,3,0.96,0.2665698382427347,0.00865696119495244,0.10087719298245612,0.1453906019949319,97
mt5,7,spatial,3,0.98,0.26683865103926485,0.008587346338231322,0.09780701754385963,0.15804007107697238,97
mt5,7,a_ratio,3,0.98,0.2863513216789655,0.004678291988327583,0.12236842105263156,0.0773622745902155,97
mt5,7,nqc,3,0.98,0.26407089143498563,0.009328238544937946,0.09780701754385963,0.15804007107697238,97
mt5,7,spatial,3,1.0,0.26113971380317436,0.010173495270184341,0.09429824561403508,0.17349779395571174,97
mt5,7,a_ratio,3,1.0,0.26113971380317436,0.010173495270184341,0.09429824561403508,0.17349779395571174,97
mt5,7,nqc,3,1.0,0.26113971380317436,0.010173495270184341,0.09429824561403508,0.17349779395571174,97
mt5,7,spatial,4,0.0,0.29903096439436805,0.0030809222584172124,0.1776315789473684,0.010352157028285932,97
mt5,7,a_ratio,4,0.0,0.09394360593896267,0.3626044221678115,-0.003508771929824561,0.9596094143193218,97
mt5,7,nqc,4,0.0,0.03390937630110298,0.7429231504473657,-0.0026315789473684206,0.9697013964662655,97
mt5,7,spatial,4,0.02,0.3024247407374885,0.002746340267479844,0.17850877192982453,0.009980624249260547,97
mt5,7,a_ratio,4,0.02,0.09420512883347645,0.3612639103177622,-0.003947368421052631,0.954565748248739,97
mt5,7,nqc,4,0.02,0.03690528720037859,0.7211057276311915,0.0513157894736842,0.45889683919029467,97
mt5,7,spatial,4,0.04,0.30585686836965925,0.0024415519661681816,0.17719298245614032,0.010542498984637544,97
mt5,7,a_ratio,4,0.04,0.09447752530885845,0.3598709184885323,-0.004385964912280701,0.9495239009595372,97
mt5,7,nqc,4,0.04,0.040030319702501455,0.6985838137215853,0.08859649122807016,0.20098361403964282,97
mt5,7,spatial,4,0.06,0.3093240563563633,0.002164913699299464,0.17938596491228065,0.00962101549816644,97
mt5,7,a_ratio,4,0.06,0.09476148735506382,0.3584223207496319,-0.004385964912280701,0.9495239009595372,97
mt5,7,nqc,4,0.06,0.043292179365187915,0.675351368145683,0.0995614035087719,0.15071347598911033,97
mt5,7,spatial,4,0.08,0.312822509790832,0.0019147526178526651,0.1846491228070175,0.007695938960913375,97
mt5,7,a_ratio,4,0.08,0.09505776690080087,0.35691473949714236,-0.004385964912280701,0.9495239009595372,97
mt5,7,nqc,4,0.08,0.046699110434074896,0.6514067017681127,0.11228070175438595,0.1051035749997424,97
mt5,7,spatial,4,0.1,0.3163478868681542,0.0016893803286953488,0.18596491228070172,0.007272147742628502,97
mt5,7,a_ratio,4,0.1,0.09536718244091497,0.3553445197972094,-0.004824561403508771,0.9444840737693221,97
mt5,7,nqc,4,0.1,0.05025993130091855,0.6267534246609844,0.12236842105263156,0.0773622745902155,97
mt5,7,spatial,4,0.12,0.31989525499881305,0.0014871066521947808,0.18508771929824558,0.007552277732226657,97
mt5,7,a_ratio,4,0.12,0.09569062656214161,0.35370770055382605,-0.003508771929824561,0.9596094143193218,97
mt5,7,nqc,4,0.12,0.0539840703335901,0.6014015273471952,0.1333333333333333,0.05429672191249564,97
mt5,7,spatial,4,0.14,0.32345904653597196,0.001306253228453969,0.18728070175438594,0.006869417363886626,97
mt5,7,a_ratio,4,0.14,0.09602907451243882,0.35199998203760147,-0.003070175438596491,0.9646546976352598,97
mt5,7,nqc,4,0.14,0.0578816013118096,0.5753686016117584,0.13815789473684206,0.04614146023750493,97
mt5,7,spatial,4,0.16,0.32703301484024055,0.0011451667080583504,0.1894736842105263,0.006242548211379331,97
mt5,7,a_ratio,4,0.16,0.0963835939865378,0.35021668923444493,-0.0026315789473684206,0.9697013964662655,97
mt5,7,nqc,4,0.16,0.06196327740695187,0.5486812021296391,0.14912280701754385,0.031369120531165556,97
mt5,7,spatial,4,0.18,0.3306101915728155,0.001002231267615829,0.1890350877192982,0.006363638865325849,97
mt5,7,a_ratio,4,0.18,0.09675535633374188,0.34835273038041087,-0.0017543859649122805,0.9797982329262411,97
mt5,7,nqc,4,0.18,0.0662405622603462,0.5213763428115953,0.15526315789473683,0.025027037161781087,97
mt5,7,spatial,4,0.2,0.3341828462911228,0.0008758802045495937,0.18815789473684208,0.006612180905745843,97
mt5,7,a_ratio,4,0.2,0.09714564943483375,0.34640254993850994,-0.00043859649122807013,0.9949490522405066,97
mt5,7,nqc,4,0.2,0.07072565621873556,0.49350311117859186,0.15921052631578944,0.02156410311246367,97
mt5,7,spatial,4,0.22,0.3377424496174885,0.000764606389562035,0.1890350877192982,0.006363638865325849,97
mt5,7,a_ratio,4,0.22,0.0975558925450986,0.3443600751410082,-0.00043859649122807013,0.9949490522405066,97
mt5,7,nqc,4,0.22,0.07543151514912713,0.46512436940342566,0.16184210526315784,0.019494257081408093,97
mt5,7,spatial,4,0.24,0.34127964145583106,0.0006669713883676667,0.19429824561403505,0.0050410843610361605,97
mt5,7,a_ratio,4,0.24,0.09798765346236535,0.34221865506217397,0.0013157894736842103,0.984847966341271,97
mt5,7,nqc,4,0.24,0.08037185844325262,0.436318491036175,0.16491228070175434,0.01730064203878925,97
mt5,7,spatial,4,0.26,0.3447842059371093,0.0005816131055180285,0.19429824561403505,0.0050410843610361605,97
mt5,7,a_ratio,4,0.26,0.09844266845573924,0.3399709909954538,0.0,1.0,97
mt5,7,nqc,4,0.26,0.08556116179291494,0.4071810570757562,0.1644736842105263,0.017600127768823963,97
mt5,7,spatial,4,0.28,0.34824505497149344,0.0005072518506859544,0.19429824561403505,0.0050410843610361605,97
mt5,7,a_ratio,4,0.28,0.09892286548642001,0.33760905667880203,0.0008771929824561403,0.9898983068920344,97
mt5,7,nqc,4,0.28,0.09101462902392302,0.3778264034757283,0.16973684210526313,0.01428996478556036,97
mt5,7,spatial,4,0.3,0.35165022246177785,0.0004426947794275236,0.19473684210526312,0.00494296865650076,97
mt5,7,a_ratio,4,0.3,0.09943039137201407,0.33512400663320197,0.0008771929824561403,0.9898983068920344,97
mt5,7,nqc,4,0.3,0.0967481356652922,0.34838887451035006,0.17236842105263153,0.012850949167755494,97
mt5,7,spatial,4,0.32,0.3549868713732641,0.0003868387136532005,0.18991228070175434,0.006123535868103072,97
mt5,7,a_ratio,4,0.32,0.09996764369708278,0.33250607054130865,0.003070175438596491,0.9646546976352598,97
mt5,7,nqc,4,0.32,0.10277813494706631,0.3190235939072212,0.1719298245614035,0.013081497219593435,97
mt5,7,spatial,4,0.34,0.35824131594210934,0.0003386713991238783,0.19166666666666665,0.0056676554767862795,97
mt5,7,a_ratio,4,0.34,0.10053730846466452,0.3297444311821953,0.0026315789473684206,0.9697013964662655,97
mt5,7,nqc,4,0.34,0.1091215145138951,0.28990652124848515,0.17543859649122803,0.01133536481749997,97
mt5,7,spatial,4,0.36,0.36139906131697186,0.00029727130560886964,0.1934210526315789,0.005242615402641688,97
mt5,7,a_ratio,4,0.36,0.10114240472865024,0.32682708293716206,0.003508771929824561,0.9596094143193218,97
mt5,7,nqc,4,0.36,0.11579538927720626,0.2612335203595471,0.18289473684210522,0.008295385577532875,97
mt5,7,spatial,4,0.38,0.36444486284557176,0.0002618061175618745,0.19868421052631577,0.004134656435481796,97
mt5,7,a_ratio,4,0.38,0.1017863377620089,0.32374066726996764,0.003070175438596491,0.9646546976352598,97
mt5,7,nqc,4,0.38,0.12281681250553904,0.2332181381134035,0.18421052631578944,0.007842044522710973,97
mt5,7,spatial,4,0.4,0.3673628070168753,0.000231530097426789,0.19868421052631577,0.004134656435481796,97
mt5,7,a_ratio,4,0.4,0.10247296272381762,0.3204702808371174,0.003070175438596491,0.9646546976352598,97
mt5,7,nqc,4,0.4,0.13020238353364696,0.20608778914756115,0.1864035087719298,0.00713560971179531,97
mt5,7,spatial,4,0.42,0.37013641573014505,0.00020578052877730493,0.19824561403508767,0.004218133036173916,97
mt5,7,a_ratio,4,0.42,0.10320666132018916,0.31699925096913795,0.003947368421052631,0.954565748248739,97
mt5,7,nqc,4,0.42,0.1379677265293458,0.18007808127635344,0.18508771929824558,0.007552277732226657,97
mt5,7,spatial,4,0.44,0.37274877506776793,0.00018397346196433447,0.20043859649122803,0.0038155311548393224,97
mt5,7,a_ratio,4,0.44,0.10399243465386547,0.31330887214506686,0.003508771929824561,0.9596094143193218,97
mt5,7,nqc,4,0.44,0.14612681094161123,0.15542511740111978,0.1864035087719298,0.00713560971179531,97
mt5,7,spatial,4,0.46,0.3751826890894406,0.00016559899112078303,0.20307017543859646,0.0033786625934052374,97
mt5,7,a_ratio,4,0.46,0.10483601638499912,0.30937809571697505,0.003947368421052631,0.954565748248739,97
mt5,7,nqc,4,0.46,0.15469108117973068,0.1323557911206067,0.18552631578947365,0.007411025603920558,97
mt5,7,spatial,4,0.48,0.37742085834046246,0.0001502162893131065,0.1991228070175438,0.0040526815820536586,97
mt5,7,a_ratio,4,0.48,0.10574401156691506,0.30518316348093,0.004824561403508771,0.9444840737693221,97
mt5,7,nqc,4,0.48,0.16366836174057892,0.11107636623434333,0.18508771929824558,0.007552277732226657,97
mt5,7,spatial,4,0.5,0.3794460817887573,0.0001374486200115531,0.19999999999999996,0.0038931422663722555,97
mt5,7,a_ratio,4,0.5,0.10672406819730923,0.3006971736862437,0.003947368421052631,0.954565748248739,97
mt5,7,nqc,4,0.5,0.1730615059271342,0.09175998884083277,0.18333333333333332,0.008141731588545092,97
mt5,7,spatial,4,0.52,0.38124147980071355,0.00012697853001451966,0.1921052631578947,0.00555857730471879,97
mt5,7,a_ratio,4,0.52,0.10778509081325881,0.2958895656834794,0.004824561403508771,0.9444840737693221,97
mt5,7,nqc,4,0.52,0.1828667636512496,0.07453418955503731,0.18377192982456136,0.007990630052244877,97
mt5,7,spatial,4,0.54,0.38279073457870205,0.00011854341391018599,0.1921052631578947,0.00555857730471879,97
mt5,7,a_ratio,4,0.54,0.10893750861453749,0.290725506616023,0.005263157894736841,0.9394464677531641,97
mt5,7,nqc,4,0.54,0.19307185946675753,0.05946981821947049,0.181578947368421,0.008772032874754584,97
mt5,7,spatial,4,0.56,0.3840783432733888,0.00011193162556660901,0.19473684210526312,0.00494296865650076,97
mt5,7,a_ratio,4,0.56,0.11019361500435462,0.28516516040260725,0.005701754385964911,0.9344112837195322,97
mt5,7,nqc,4,0.56,0.2036537994328762,0.04657310010221825,0.18245614035087715,0.008451628874483844,97
mt5,7,spatial,4,0.58,0.38508987782679294,0.00010697930037858662,0.19254385964912277,0.005451397044324322,97
mt5,7,a_ratio,4,0.58,0.111568001660647,0.2791628159123325,0.005263157894736841,0.9394464677531641,97
mt5,7,nqc,4,0.58,0.21457646835845817,0.03578247410508942,0.181578947368421,0.008772032874754584,97
mt5,7,spatial,4,0.6,0.3858122445834224,0.0001035680451751646,0.19298245614035084,0.005346085893178478,97
mt5,7,a_ratio,4,0.6,0.11307811916426633,0.2726658481367141,0.004824561403508771,0.9444840737693221,97
mt5,7,nqc,4,0.6,0.22578814035802047,0.02697145282746784,0.18421052631578944,0.007842044522710973,97
mt5,7,spatial,4,0.62,0.3862339359171657,0.00010162365253835565,0.19736842105263155,0.0043896882161837195,97
mt5,7,a_ratio,4,0.62,0.11474500915950157,0.2656134842741518,0.005263157894736841,0.9394464677531641,97
mt5,7,nqc,4,0.62,0.23721910590813283,0.019957897520798594,0.18684210526315786,0.007001377469104526,97
mt5,7,spatial,4,0.64,0.3863452656477454,0.00010111600406241509,0.1951754385964912,0.004846583300035788,97
mt5,7,a_ratio,4,0.64,0.11659427212833062,0.257935347934407,0.005701754385964911,0.9344112837195322,97
mt5,7,nqc,4,0.64,0.24877971311459934,0.014518939390104265,0.18859649122807015,0.006486839186137605,97
mt5,7,spatial,4,0.66,0.3861385799360795,0.00010206034350048756,0.20043859649122803,0.0038155311548393224,97
mt5,7,a_ratio,4,0.66,0.11865736352488984,0.24954976308046115,0.009649122807017543,0.8892365872632643,97
mt5,7,nqc,4,0.66,0.2603592168852429,0.010409579217463934,0.1864035087719298,0.00713560971179531,97
mt5,7,spatial,4,0.68,0.3856084357037299,0.00010452012586044828,0.19473684210526312,0.00494296865650076,97
mt5,7,a_ratio,4,0.68,0.12097335480672144,0.24036182259317768,0.014473684210526314,0.8345220924714823,97
mt5,7,nqc,4,0.68,0.27182590350945096,0.007382140518021223,0.18508771929824558,0.007552277732226657,97
mt5,7,spatial,4,0.7,0.3847517394374944,0.00010861168161270091,0.1960526315789473,0.004658897081724128,97
mt5,7,a_ratio,4,0.7,0.12359136411253294,0.23026127961929893,0.022368421052631576,0.7468059721962819,97
mt5,7,nqc,4,0.7,0.28302897514802794,0.0052035736277585365,0.18684210526315786,0.007001377469104526,97
mt5,7,spatial,4,0.72,0.38356784049883036,0.00011451097460924957,0.19561403508771927,0.004751901569999453,97
mt5,7,a_ratio,4,0.72,0.12657396985594904,0.21912043282960642,0.025438596491228066,0.7134944098591739,97
mt5,7,nqc,4,0.72,0.29380259847259493,0.003668226066663434,0.18421052631578944,0.007842044522710973,97
mt5,7,spatial,4,0.74,0.3820585747030676,0.00012246277528250767,0.1890350877192982,0.006363638865325849,97
mt5,7,a_ratio,4,0.74,0.130002097109306,0.20679240780935973,0.027631578947368417,0.6900262883984831,97
mt5,7,nqc,4,0.74,0.3039723106190185,0.002604911311822814,0.181578947368421,0.008772032874754584,97
mt5,7,spatial,4,0.76,0.38022825587268283,0.0001327926129932065,0.18728070175438594,0.006869417363886626,97
mt5,7,a_ratio,4,0.76,0.13398216112016814,0.19311070173526448,0.03157894736842105,0.6485384145930861,97
mt5,7,nqc,4,0.76,0.3133636268401645,0.0018784831078722882,0.17982456140350875,0.009445580206528057,97
mt5,7,spatial,4,0.78,0.37808361518037037,0.0001459219072022161,0.18508771929824558,0.007552277732226657,97
mt5,7,a_ratio,4,0.78,0.1386567560459129,0.17789178725898888,0.03596491228070175,0.603692225651151,97
mt5,7,nqc,4,0.78,0.3218122479158999,0.001387184232771656,0.17368421052631575,0.012180731335371816,97
mt5,7,spatial,4,0.8,0.3756336902413946,0.00016238669884778974,0.18421052631578944,0.007842044522710973,97
mt5,7,a_ratio,4,0.8,0.14422106170758886,0.16094441989961622,0.03903508771929824,0.573154694589358,97
mt5,7,nqc,4,0.8,0.3291748174195795,0.001057510141938297,0.16973684210526313,0.01428996478556036,97
mt5,7,spatial,4,0.82,0.37288966794622785,0.00018286040157845579,0.18508771929824558,0.007552277732226657,97
mt5,7,a_ratio,4,0.82,0.15094873479667406,0.14209294618588808,0.042543859649122794,0.5391788167574111,97
mt5,7,nqc,4,0.82,0.3353388646742469,0.0008382204457090102,0.17280701754385963,0.012624003653747995,97
mt5,7,spatial,4,0.84,0.3698646868093106,0.00020818095657836353,0.181578947368421,0.008772032874754584,97
mt5,7,a_ratio,4,0.84,0.1592339802109921,0.12122897780463955,0.04956140350877192,0.4743972995987332,97
mt5,7,nqc,4,0.84,0.340230518026263,0.0006946679066927964,0.17017543859649117,0.014040677766436126,97
mt5,7,spatial,4,0.86,0.36657360603652284,0.00023938269322126872,0.1789473684210526,0.00979934996376251,97
mt5,7,a_ratio,4,0.86,0.16966190695678152,0.09841866351932836,0.057894736842105256,0.4033678245111202,97
mt5,7,nqc,4,0.86,0.3438188487941649,0.0006040672378615647,0.16973684210526313,0.01428996478556036,97
mt5,7,spatial,4,0.88,0.363032749504398,0.00027773305986113466,0.17850877192982453,0.009980624249260547,97
mt5,7,a_ratio,4,0.88,0.18312883307330957,0.07411220643190858,0.06271929824561404,0.36532940366389033,97
mt5,7,nqc,4,0.88,0.34611626492785513,0.0005518838357514253,0.16798245614035084,0.015326584176287853,97
mt5,7,spatial,4,0.9,0.35925963335922373,0.00032477418614370733,0.17719298245614032,0.010542498984637544,97
mt5,7,a_ratio,4,0.9,0.20104748391690697,0.049512067850891045,0.07017543859649121,0.3111200418134661,97
mt5,7,nqc,4,0.9,0.3471750675528195,0.0005292538034217202,0.168859649122807,0.014800278325359423,97
mt5,7,spatial,4,0.92,0.35527268598493167,0.0003823689660910537,0.17017543859649117,0.014040677766436126,97
mt5,7,a_ratio,4,0.92,0.22566437149864887,0.027057593736912133,0.07938596491228068,0.2518719393317509,97
mt5,7,nqc,4,0.92,0.3470809178940607,0.0005312310722255013,0.16622807017543856,0.01642883705367172,97
mt5,7,spatial,4,0.94,0.351090968692741,0.000452751012211356,0.1671052631578947,0.01586929650651852,97
mt5,7,a_ratio,4,0.94,0.260284230515096,0.01043251156531851,0.10570175438596488,0.1270989390651351,97
mt5,7,nqc,4,0.94,0.34594437253323684,0.0005556403000944272,0.16578947368421051,0.01671505177868845,97
mt5,7,spatial,4,0.96,0.3467339047200507,0.0005385774358555918,0.1640350877192982,0.017904148159161914,97
mt5,7,a_ratio,4,0.96,0.30737312886925583,0.0023168785646063782,0.12719298245614033,0.06638202051764104,97
mt5,7,nqc,4,0.96,0.3438917583096708,0.000602344054921579,0.15789473684210523,0.022668970827860974,97
mt5,7,spatial,4,0.98,0.3422210230780778,0.0006429829785308355,0.16096491228070173,0.02016405049281034,97
mt5,7,a_ratio,4,0.98,0.35341690822126925,0.0004122591406317631,0.17105263157894732,0.013553592603324118,97
mt5,7,nqc,4,0.98,0.34105650390373243,0.0006727761374194033,0.15701754385964908,0.02343259236880532,97
mt5,7,spatial,4,1.0,0.3375717225539615,0.0007696335831614453,0.15438596491228068,0.025858902807275798,97
mt5,7,a_ratio,4,1.0,0.3375717225539615,0.0007696335831614453,0.15438596491228068,0.025858902807275798,97
mt5,7,nqc,4,1.0,0.3375717225539615,0.0007696335831614453,0.15438596491228068,0.025858902807275798,97
mt5,7,spatial,5,0.0,0.29903096439436805,0.0030809222584172124,0.1776315789473684,0.010352157028285932,97
mt5,7,a_ratio,5,0.0,0.09394360593896267,0.3626044221678115,-0.003508771929824561,0.9596094143193218,97
mt5,7,nqc,5,0.0,0.03390937630110298,0.7429231504473657,-0.0026315789473684206,0.9697013964662655,97
mt5,7,spatial,5,0.02,0.30361963563381145,0.0026365522343203087,0.1789473684210526,0.00979934996376251,97
mt5,7,a_ratio,5,0.02,0.09427585801315719,0.3609018932742821,-0.003508771929824561,0.9596094143193218,97
mt5,7,nqc,5,0.02,0.037735973352919824,0.7150948176237162,0.0631578947368421,0.36198607447715714,97
mt5,7,spatial,5,0.04,0.30825283970187833,0.002247203210814014,0.1789473684210526,0.00979934996376251,97
mt5,7,a_ratio,5,0.04,0.09462192483256784,0.3591338304238167,-0.0026315789473684206,0.9697013964662655,97
mt5,7,nqc,5,0.04,0.04173162494562395,0.6864300264688858,0.09385964912280699,0.1755068360944365,97
mt5,7,spatial,5,0.06,0.31292481237888875,0.0019078474502398483,0.18114035087719296,0.008936269357215086,97
mt5,7,a_ratio,5,0.06,0.09498268534647755,0.35729641023943676,-0.003070175438596491,0.9646546976352598,97
mt5,7,nqc,5,0.06,0.04590637651168021,0.656947838262358,0.11403508771929823,0.09977996424599991,97
mt5,7,spatial,5,0.08,0.31762903652891267,0.0016136208773594887,0.18377192982456136,0.007990630052244877,97
mt5,7,a_ratio,5,0.08,0.09535909459584714,0.3553855092653355,-0.0021929824561403503,0.9747493089119874,97
mt5,7,nqc,5,0.08,0.05027092986381266,0.6266778901360269,0.12719298245614033,0.06638202051764104,97
mt5,7,spatial,5,0.1,0.3223581973577967,0.0013598632700648815,0.18421052631578944,0.007842044522710973,97
mt5,7,a_ratio,5,0.1,0.09575219211947604,0.35339667432731753,-0.0017543859649122805,0.9797982329262411,97
mt5,7,nqc,5,0.1,0.054836673790560314,0.5956621582606286,0.1337719298245614,0.053508744548176196,97
mt5,7,spatial,5,0.12,0.3271041410063674,0.0011421527967477735,0.18333333333333332,0.008141731588545092,97
mt5,7,a_ratio,5,0.12,0.09616311149827311,0.3513250893673778,-0.0008771929824561403,0.9898983068920344,97
mt5,7,nqc,5,0.12,0.059615710993061066,0.5639568523911341,0.1478070175438596,0.03289461425077135,97
mt5,7,spatial,5,0.14,0.3318578379310952,0.0009563342346964894,0.18377192982456136,0.007990630052244877,97
mt5,7,a_ratio,5,0.14,0.09659309122130658,0.3491655382636933,0.0,1.0,97
mt5,7,nqc,5,0.14,0.06462087936040561,0.5316344024756777,0.15131578947368418,0.028961443601471626,97
mt5,7,spatial,5,0.16,0.3366093527185059,0.0007985404384233984,0.18684210526315786,0.007001377469104526,97
mt5,7,a_ratio,5,0.16,0.09704348709192412,0.34691236307052237,-0.00043859649122807013,0.9949490522405066,97
mt5,7,nqc,5,0.16,0.06986576497222918,0.4987854750848211,0.15921052631578944,0.02156410311246367,97
mt5,7,spatial,5,0.18,0.34134782216274734,0.000665206880229307,0.1890350877192982,0.006363638865325849,97
mt5,7,a_ratio,5,0.18,0.0975157864343669,0.3445594170224352,0.00043859649122807013,0.9949490522405066,97
mt5,7,nqc,5,0.18,0.07536470345280633,0.46552092818542823,0.16535087719298242,0.01700563515421435,97
mt5,7,spatial,5,0.2,0.3460614435961608,0.0005530793428257045,0.1921052631578947,0.00555857730471879,97
mt5,7,a_ratio,5,0.2,0.09801162441279102,0.34210001154171965,0.0013157894736842103,0.984847966341271,97
mt5,7,nqc,5,0.2,0.0811327653478675,0.4319735769066932,0.17412280701754385,0.011964311224727613,97
mt5,7,spatial,5,0.22,0.35073747558636176,0.0004592150900244723,0.1934210526315789,0.005242615402641688,97
mt5,7,a_ratio,5,0.22,0.0985328028378217,0.33952685636335944,0.00043859649122807013,0.9949490522405066,97
mt5,7,nqc,5,0.22,0.0871857200171241,0.39829960081383053,0.17368421052631575,0.012180731335371816,97
mt5,7,spatial,5,0.24,0.3553622531835664,0.0003809780616271484,0.1991228070175438,0.0040526815820536586,97
mt5,7,a_ratio,5,0.24,0.0990813119137377,0.3368319917459281,0.0008771929824561403,0.9898983068920344,97
mt5,7,nqc,5,0.24,0.09353997109364078,0.36467937646514786,0.17675438596491225,0.010735947690716544,97
mt5,7,spatial,5,0.26,0.35992121990089415,0.00031602881997942544,0.19999999999999996,0.0038931422663722555,97
mt5,7,a_ratio,5,0.26,0.09965935547603866,0.3340067115645542,0.0021929824561403503,0.9747493089119874,97
mt5,7,nqc,5,0.26,0.10021245481883378,0.33131747125792804,0.18245614035087715,0.008451628874483844,97
mt5,7,spatial,5,0.28,0.3643989785189089,0.0002623101087134906,0.2039473684210526,0.00324348853932908,97
mt5,7,a_ratio,5,0.28,0.10026938038958008,0.331041475879631,0.004385964912280701,0.9495239009595372,97
mt5,7,nqc,5,0.28,0.10722049048981402,0.2984414920604929,0.18596491228070172,0.007272147742628502,97
mt5,7,spatial,5,0.3,0.36877936260544014,0.00021802896355217348,0.20614035087719296,0.0029268376346768604,97
mt5,7,a_ratio,5,0.3,0.10091411092834662,0.327925811336803,0.005263157894736841,0.9394464677531641,97
mt5,7,nqc,5,0.3,0.11458156984273896,0.26629945467749266,0.18991228070175434,0.006123535868103072,97
mt5,7,spatial,5,0.32,0.3730455303160773,0.00018163633973545103,0.2052631578947368,0.0030499490794706602,97
mt5,7,a_ratio,5,0.32,0.10159658914804656,0.32464819747426504,0.007017543859649122,0.9193222670955983,97
mt5,7,nqc,5,0.32,0.1223130694645351,0.23515534162753784,0.19078947368421048,0.005891622551225342,97
mt5,7,spatial,5,0.34,0.37718008157717264,0.00015180519404741884,0.2070175438596491,0.0028082775132586228,97
mt5,7,a_ratio,5,0.34,0.10232022250369024,0.3211959366862908,0.008333333333333331,0.9042622467947524,97
mt5,7,nqc,5,0.34,0.1304318673569733,0.20528256370766704,0.1894736842105263,0.006242548211379331,97
mt5,7,spatial,5,0.36,0.38116519914567026,0.00012740788871979457,0.20438596491228067,0.003177766074944934,97
mt5,7,a_ratio,5,0.36,0.10308884027170619,0.3175550052109732,0.008333333333333331,0.9042622467947524,97
mt5,7,nqc,5,0.36,0.13895384174661493,0.1769551553826211,0.1846491228070175,0.007695938960913375,97
mt5,7,spatial,5,0.38,0.38498281329084694,0.00010749367959601012,0.20921052631578946,0.002530815422866084,97
mt5,7,a_ratio,5,0.38,0.10390676073086395,0.31370988206991174,0.008771929824561401,0.8992496118543148,97
mt5,7,nqc,5,0.38,0.14789322745946443,0.15043673379881034,0.1864035087719298,0.00713560971179531,97
mt5,7,spatial,5,0.4,0.3886147889656304,9.126692332902812e-05,0.21184210526315786,0.0022310577254778404,97
mt5,7,a_ratio,5,0.4,0.1047788715666786,0.3096433523841621,0.010526315789473682,0.8792412027606161,97
mt5,7,nqc,5,0.4,0.15726180318534905,0.12596754684056935,0.18991228070175434,0.006123535868103072,97
mt5,7,spatial,5,0.42,0.39204313335524543,7.806649980354554e-05,0.20745614035087714,0.002750657172647581,97
mt5,7,a_ratio,5,0.42,0.10571072662888228,0.3053362809253983,0.011842105263157893,0.8642846291310888,97
mt5,7,nqc,5,0.42,0.16706788255461263,0.10375032015651417,0.1934210526315789,0.005242615402641688,97
mt5,7,spatial,5,0.44,0.3952502206477797,6.734680727214158e-05,0.21140350877192976,0.002278642796588288,97
mt5,7,a_ratio,5,0.44,0.10670866304452412,0.30076735114270625,0.013596491228070173,0.8444188289548002,97
mt5,7,nqc,5,0.44,0.1773150843187024,0.08393605044964789,0.1960526315789473,0.004658897081724128,97
mt5,7,spatial,5,0.46,0.39821902981720836,5.8660557940008374e-05,0.21184210526315786,0.0022310577254778404,97
mt5,7,a_ratio,5,0.46,0.10777994384493908,0.29591276425872615,0.013596491228070173,0.8444188289548002,97
mt5,7,nqc,5,0.46,0.1880008636865802,0.06661130777196769,0.19561403508771927,0.004751901569999453,97
mt5,7,spatial,5,0.48,0.4009333902074023,5.164348764348412e-05,0.21622807017543857,0.0018028700906948475,97
mt5,7,a_ratio,5,0.48,0.1089329328082498,0.29074589240558424,0.013157894736842103,0.8493765252593968,97
mt5,7,nqc,5,0.48,0.19911480009791221,0.051788888194411554,0.19868421052631577,0.004134656435481796,97
mt5,7,spatial,5,0.5,0.40337822882676033,4.600099902112146e-05,0.21491228070175433,0.001922643300449403,97
mt5,7,a_ratio,5,0.5,0.11017731029960418,0.2852368792703335,0.014473684210526314,0.8345220924714823,97
mt5,7,nqc,5,0.5,0.2106366588449287,0.039403660336248286,0.1964912280701754,0.004567543784697511,97
mt5,7,spatial,5,0.52,0.40553981257994365,4.149668494253946e-05,0.21228070175438593,0.0021843848573714557,97
mt5,7,a_ratio,5,0.52,0.11152434172386452,0.279352181521128,0.01622807017543859,0.8148085523102466,97
mt5,7,nqc,5,0.52,0.2225342774581247,0.02931504905235328,0.2021929824561403,0.003518947024518709,97
mt5,7,spatial,5,0.54,0.4074059782446264,3.794262766865111e-05,0.21535087719298243,0.0018819302596192753,97
mt5,7,a_ratio,5,0.54,0.11298721410259482,0.2730540447070136,0.014473684210526314,0.8345220924714823,97
mt5,7,nqc,5,0.54,0.23476137449469153,0.021316745485080172,0.20438596491228067,0.003177766074944934,97
mt5,7,spatial,5,0.56,0.40896634290428013,3.51913374691251e-05,0.21622807017543857,0.0018028700906948475,97
mt5,7,a_ratio,5,0.56,0.11458146170973471,0.26629990891876243,0.01622807017543859,0.8148085523102466,97
mt5,7,nqc,5,0.56,0.247255438422844,0.01515301116003784,0.2052631578947368,0.0030499490794706602,97
mt5,7,spatial,5,0.58,0.41021248781141156,3.3129179444175374e-05,0.2184210526315789,0.001618387245157851,97
mt5,7,a_ratio,5,0.58,0.11632550933644428,0.25904174321993795,0.017543859649122803,0.8000992472254054,97
mt5,7,nqc,5,0.58,0.25993592445102187,0.010539611366373672,0.20307017543859646,0.0033786625934052374,97
mt5,7,spatial,5,0.6,0.41113810929343,3.1671135845548896e-05,0.21885964912280698,0.001583643031304207,97
mt5,7,a_ratio,5,0.6,0.11824137264766622,0.25122531534811743,0.019298245614035085,0.7805974596041616,97
mt5,7,nqc,5,0.6,0.27270305894492175,0.007186355721216051,0.20614035087719296,0.0029268376346768604,97
mt5,7,spatial,5,0.62,0.4117391313111236,3.075675996868439e-05,0.21929824561403505,0.0015495867057188555,97
mt5,7,a_ratio,5,0.62,0.12035557084384618,0.24278941727142192,0.022807017543859644,0.7420164201662911,97
mt5,7,nqc,5,0.62,0.28543760920560673,0.004817827432178169,0.20614035087719296,0.0029268376346768604,97
mt5,7,spatial,5,0.64,0.4120137755936597,3.034719363196786e-05,0.22236842105263155,0.0013294453024995708,97
mt5,7,a_ratio,5,0.64,0.12270032995517133,0.23366509274041253,0.023684210526315787,0.7324673979091793,97
mt5,7,nqc,5,0.64,0.2980019984970348,0.00318935294357018,0.20789473684210524,0.002694118757519195,97
mt5,7,spatial,5,0.66,0.41196258683299036,3.0423140707080735e-05,0.22061403508771926,0.001451423191322646,97
mt5,7,a_ratio,5,0.66,0.1253151895512229,0.223774958444562,0.026315789473684206,0.7040731029869403,97
mt5,7,nqc,5,0.66,0.310243105600796,0.002096490535372644,0.2070175438596491,0.0028082775132586228,97
mt5,7,spatial,5,0.68,0.4115884121314807,3.098371191106825e-05,0.22192982456140345,0.001359019813248218,97
mt5,7,a_ratio,5,0.68,0.12824917787966106,0.21303279045888923,0.028947368421052628,0.6760854612536029,97
mt5,7,nqc,5,0.68,0.32199696069709294,0.001377885400576961,0.20921052631578946,0.002530815422866084,97
mt5,7,spatial,5,0.7,0.41089633565271566,3.204607934270654e-05,0.2184210526315789,0.001618387245157851,97
mt5,7,a_ratio,5,0.7,0.1315638010495677,0.20134368800805186,0.03157894736842105,0.6485384145930861,97
mt5,7,nqc,5,0.7,0.3330953246079687,0.0009127108953770612,0.21359649122807012,0.0020496840923188192,97
mt5,7,spatial,5,0.72,0.4098935711161452,3.364590162512902e-05,0.21885964912280698,0.001583643031304207,97
mt5,7,a_ratio,5,0.72,0.1353372186309494,0.18860537204562097,0.03640350877192982,0.5992851921378115,97
mt5,7,nqc,5,0.72,0.3433738323598944,0.0006146832210433865,0.21578947368421048,0.001842010485605119,97
mt5,7,spatial,5,0.74,0.4085893162971923,3.5838500839415295e-05,0.21535087719298243,0.0018819302596192753,97
mt5,7,a_ratio,5,0.74,0.13967018135506018,0.17471160485903528,0.035087719298245605,0.6125496802803572,97
mt5,7,nqc,5,0.74,0.3526810451277115,0.0004246946775574909,0.21447368421052626,0.001964163707567382,97
mt5,7,spatial,5,0.76,0.4069945749574884,3.8700789688135174e-05,0.21228070175438593,0.0021843848573714557,97
mt5,7,a_ratio,5,0.76,0.14469463935635848,0.1595594627975114,0.03903508771929824,0.573154694589358,97
mt5,7,nqc,5,0.76,0.3608874680191173,0.0003036453727130052,0.21228070175438593,0.0021843848573714557,97
mt5,7,spatial,5,0.78,0.4051219525698627,4.233396057214512e-05,0.20921052631578946,0.002530815422866084,97
mt5,7,a_ratio,5,0.78,0.15058648483604092,0.14306347809967143,0.04429824561403508,0.522577630903311,97
mt5,7,nqc,5,0.78,0.3678934460047846,0.00022638467082672137,0.20877192982456136,0.0025842155919655403,97
mt5,7,spatial,5,0.8,0.4029854327826498,4.686695657755791e-05,0.206578947368421,0.002866998129943633,97
mt5,7,a_ratio,5,0.8,0.1575848362687457,0.1251818179541911,0.04999999999999999,0.4704954334614633,97
mt5,7,nqc,5,0.8,0.37363491435398444,0.00017707581695201326,0.20877192982456136,0.0025842155919655403,97
mt5,7,spatial,5,0.82,0.40060014177973013,5.24607468479722e-05,0.20482456140350874,0.0031132595749828423,97
mt5,7,a_ratio,5,0.82,0.16602188972043036,0.10596305527779201,0.05438596491228069,0.43246655672176115,97
mt5,7,nqc,5,0.82,0.37808626496814857,0.00014590496831655357,0.2083333333333333,0.002638644175947716,97
mt5,7,spatial,5,0.84,0.3979821075558799,5.931342461115706e-05,0.2021929824561403,0.003518947024518709,97
mt5,7,a_ratio,5,0.84,0.17637011965524657,0.08562659164681911,0.06403508771929824,0.35535715174125126,97
mt5,7,nqc,5,0.84,0.38126003801639696,0.00012687427503456329,0.20438596491228067,0.003177766074944934,97
mt5,7,spatial,5,0.86,0.39514802068362953,6.766613453343901e-05,0.2021929824561403,0.003518947024518709,97
mt5,7,a_ratio,5,0.86,0.18931805038443894,0.06469267364753907,0.07368421052631577,0.2875469369380935,97
mt5,7,nqc,5,0.86,0.3832036473935801,0.00011638467384286551,0.19868421052631577,0.004134656435481796,97
mt5,7,spatial,5,0.88,0.3921150024567066,7.780981664753985e-05,0.19824561403508767,0.004218133036173916,97
mt5,7,a_ratio,5,0.88,0.20589143715174443,0.044166525338077155,0.08289473684210526,0.23151781230384616,97
mt5,7,nqc,5,0.88,0.38399377336556145,0.00011235516024458788,0.19692982456140345,0.004477815959740704,97
mt5,7,spatial,5,0.9,0.38890038542457667,9.009272680641874e-05,0.1921052631578947,0.00555857730471879,97
mt5,7,a_ratio,5,0.9,0.22763508684672717,0.02571342900392587,0.09210526315789472,0.18371670779212068,97
mt5,7,nqc,5,0.9,0.3837293127159544,0.00011368922236208347,0.19385964912280698,0.005140957475072907,97
mt5,7,spatial,5,0.92,0.38552151035357274,0.00010492865897011461,0.1934210526315789,0.005242615402641688,97
mt5,7,a_ratio,5,0.92,0.25680805586498845,0.011545315037604706,0.10701754385964911,0.12243485852821563,97
mt5,7,nqc,5,0.92,0.38252383218257036,0.00011995850264671764,0.1921052631578947,0.00555857730471879,97
mt5,7,spatial,5,0.94,0.38199554263011626,0.00012280575380841128,0.19385964912280698,0.005140957475072907,97
mt5,7,a_ratio,5,0.94,0.29612873613261853,0.003395572567056073,0.13289473684210523,0.05509435768226517,97
mt5,7,nqc,5,0.94,0.3804983520381575,0.00013121908665677065,0.19035087719298244,0.0060065708523342936,97
mt5,7,spatial,5,0.96,0.37833931012003974,0.00014429573298948992,0.1894736842105263,0.006242548211379331,97
mt5,7,a_ratio,5,0.96,0.34548822214690633,0.0005657226951033054,0.162719298245614,0.018843982626781136,97
mt5,7,nqc,5,0.96,0.37777505903979053,0.0001479068702910443,0.18684210526315786,0.007001377469104526,97
mt5,7,spatial,5,0.98,0.37456916356313974,0.000170063351708199,0.1890350877192982,0.006363638865325849,97
mt5,7,a_ratio,5,0.98,0.3870909707872001,9.77759371431244e-05,0.18991228070175434,0.006123535868103072,97
mt5,7,nqc,5,0.98,0.37447228612392064,0.00017077838429967721,0.18508771929824558,0.007552277732226657,97
mt5,7,spatial,5,1.0,0.3707008597493915,0.00020087581665114644,0.1820175438596491,0.008610498746466352,97
mt5,7,a_ratio,5,1.0,0.3707008597493915,0.00020087581665114644,0.1820175438596491,0.008610498746466352,97
mt5,7,nqc,5,1.0,0.3707008597493915,0.00020087581665114644,0.1820175438596491,0.008610498746466352,97
mt5,7,spatial,6,0.0,0.29903096439436805,0.0030809222584172124,0.1776315789473684,0.010352157028285932,97
mt5,7,a_ratio,6,0.0,0.09394360593896267,0.3626044221678115,-0.003508771929824561,0.9596094143193218,97
mt5,7,nqc,6,0.0,0.03390937630110298,0.7429231504473657,-0.0026315789473684206,0.9697013964662655,97
mt5,7,spatial,6,0.02,0.3028921078556765,0.002702918102710286,0.17807017543859646,0.010164879433085774,97
mt5,7,a_ratio,6,0.02,0.09423961485839374,0.36108737062173263,-0.003070175438596491,0.9646546976352598,97
mt5,7,nqc,6,0.02,0.037315673203125274,0.7181339967931206,0.06491228070175437,0.3488053465027995,97
mt5,7,spatial,6,0.04,0.3067857801983874,0.002364475599876277,0.17850877192982453,0.009980624249260547,97
mt5,7,a_ratio,6,0.04,0.09454793725970231,0.35951138364465207,-0.0026315789473684206,0.9697013964662655,97
mt5,7,nqc,6,0.04,0.04087477707473932,0.6925414414031296,0.09649122807017542,0.1637097319480596,97
mt5,7,spatial,6,0.06,0.31070699398330853,0.0020627005481378105,0.17982456140350875,0.009445580206528057,97
mt5,7,a_ratio,6,0.06,0.094869357015216,0.3578729839494138,-0.003508771929824561,0.9596094143193218,97
mt5,7,nqc,6,0.06,0.04459606743594482,0.6661474809955671,0.11315789473684208,0.10241424976669938,97
mt5,7,spatial,6,0.08,0.31465013190265684,0.0017947325169078078,0.18289473684210522,0.008295385577532875,97
mt5,7,a_ratio,6,0.08,0.09520472590323777,0.3561684175400062,-0.0026315789473684206,0.9697013964662655,97
mt5,7,nqc,6,0.08,0.04848958119684964,0.6389613537745436,0.1276315789473684,0.06545090776900864,97
mt5,7,spatial,6,0.1,0.31860890743563003,0.0015577684419098067,0.18026315789473682,0.009273003873208558,97
mt5,7,a_ratio,6,0.1,0.09555497111575106,0.3543936259078205,-0.0013157894736842103,0.984847966341271,97
mt5,7,nqc,6,0.1,0.052566052006066115,0.6110009869889117,0.1390350877192982,0.04477544914730465,97
mt5,7,spatial,6,0.12,0.3225763275159371,0.0013490845947401377,0.17850877192982453,0.009980624249260547,97
mt5,7,a_ratio,6,0.12,0.09592110378351189,0.35254421484800047,-0.0013157894736842103,0.984847966341271,97
mt5,7,nqc,6,0.12,0.056836948292727674,0.5822946183701078,0.14561403508771928,0.03557825904670918,97
mt5,7,spatial,6,0.14,0.3265446583006956,0.0011660564817240415,0.1820175438596491,0.008610498746466352,97
mt5,7,a_ratio,6,0.14,0.09630422868288357,0.3506154194140272,-0.00043859649122807013,0.9949490522405066,97
mt5,7,nqc,6,0.14,0.061314508487782575,0.5528825847821461,0.1535087719298245,0.026714571474982324,97
mt5,7,spatial,6,0.16,0.33050539529664186,0.0010061762889023015,0.1864035087719298,0.00713560971179531,97
mt5,7,a_ratio,6,0.16,0.09670555531979111,0.3486020644500663,-0.00043859649122807013,0.9949490522405066,97
mt5,7,nqc,6,0.16,0.06601177138052264,0.5228192582000281,0.16008771929824558,0.02085383817174601,97
mt5,7,spatial,6,0.18,0.33444923926544706,0.0008670675684407316,0.18596491228070172,0.007272147742628502,97
mt5,7,a_ratio,6,0.18,0.0971264106239251,0.346498520047637,0.0,1.0,97
mt5,7,nqc,6,0.18,0.07094259888446874,0.4921750906825689,0.16491228070175434,0.01730064203878925,97
mt5,7,spatial,6,0.2,0.3383660794873451,0.0007464969532321153,0.1864035087719298,0.00713560971179531,97
mt5,7,a_ratio,6,0.2,0.09756825353248058,0.34429865116315717,-0.00043859649122807013,0.9949490522405066,97
mt5,7,nqc,6,0.2,0.07612168761460911,0.46103870518760004,0.17061403508771927,0.013795236924875342,97
mt5,7,spatial,6,0.22,0.3422449861015786,0.0006423827865043634,0.18815789473684208,0.006612180905745843,97
mt5,7,a_ratio,6,0.22,0.09803269179939142,0.3419957605020318,0.0,1.0,97
mt5,7,nqc,6,0.22,0.08156456457025134,0.42951893687716913,0.17280701754385963,0.012624003653747995,97
mt5,7,spatial,6,0.24,0.34607421335137917,0.0005528006566814954,0.19166666666666665,0.0056676554767862795,97
mt5,7,a_ratio,6,0.24,0.09852150143595112,0.33958252361946456,-0.00043859649122807013,0.9949490522405066,97
mt5,7,nqc,6,0.24,0.08728756082198627,0.3977466893666492,0.175,0.011541673254595812,97
mt5,7,spatial,6,0.26,0.3498412156268263,0.0004759859290336972,0.1951754385964912,0.004846583300035788,97
mt5,7,a_ratio,6,0.26,0.09903664927542415,0.33705091500265966,0.0,1.0,97
mt5,7,nqc,6,0.26,0.0933077553592699,0.36587642242276747,0.17850877192982453,0.009980624249260547,97
mt5,7,spatial,6,0.28,0.35353267820540146,0.00041033345936970734,0.19824561403508767,0.004218133036173916,97
mt5,7,a_ratio,6,0.28,0.09958031926233432,0.33439212367763455,0.0021929824561403503,0.9747493089119874,97
mt5,7,nqc,6,0.28,0.09964287910626077,0.33408703365302145,0.18070175438596486,0.009103246710666093,97
mt5,7,spatial,6,0.3,0.35713456452137554,0.0003543947562680508,0.1991228070175438,0.0040526815820536586,97
mt5,7,a_ratio,6,0.3,0.10015494320257706,0.3315964566190758,0.004824561403508771,0.9444840737693221,97
mt5,7,nqc,6,0.3,0.10631116650155384,0.3025818408770103,0.18421052631578944,0.007842044522710973,97
mt5,7,spatial,6,0.32,0.3606321816349538,0.0003068729231764804,0.20438596491228067,0.003177766074944934,97
mt5,7,a_ratio,6,0.32,0.10076323688124587,0.32865322792470025,0.005701754385964911,0.9344112837195322,97
mt5,7,nqc,6,0.32,0.11333113892277666,0.2715873217012665,0.1864035087719298,0.00713560971179531,97
mt5,7,spatial,6,0.34,0.3640102653055876,0.0002666157574680676,0.20614035087719296,0.0029268376346768604,97
mt5,7,a_ratio,6,0.34,0.10140824267158512,0.32555063133613754,0.005701754385964911,0.9344112837195322,97
mt5,7,nqc,6,0.34,0.12072130061756302,0.24135023444621828,0.18552631578947365,0.007411025603920558,97
mt5,7,spatial,6,0.36,0.36725308568910736,0.00023260740904411373,0.20350877192982453,0.003310447205982754,97
mt5,7,a_ratio,6,0.36,0.10209338003479868,0.322275593233866,0.007456140350877191,0.9142987729055279,97
mt5,7,nqc,6,0.36,0.12849972374662103,0.2121327474105184,0.18333333333333332,0.008141731588545092,97
mt5,7,spatial,6,0.38,0.3703445741682318,0.00020395900666110914,0.2052631578947368,0.0030499490794706602,97
mt5,7,a_ratio,6,0.38,0.10282250566543338,0.31881360269063136,0.008333333333333331,0.9042622467947524,97
mt5,7,nqc,6,0.38,0.13668349484184725,0.18420526399934667,0.18552631578947365,0.007411025603920558,97
mt5,7,spatial,6,0.4,0.3732684711905158,0.0001798986475840598,0.206578947368421,0.002866998129943633,97
mt5,7,a_ratio,6,0.4,0.10359998549634551,0.3151485145196586,0.007894736842105262,0.9092786999029837,97
mt5,7,nqc,6,0.4,0.1452879908162519,0.157836774891796,0.18771929824561398,0.0067396961345085665,97
mt5,7,spatial,6,0.42,0.3760084942354647,0.0001597611183559547,0.21096491228070172,0.002327155955166847,97
mt5,7,a_ratio,6,0.42,0.1044307813759288,0.31126232048489844,0.009649122807017543,0.8892365872632643,97
mt5,7,nqc,6,0.42,0.1543259493113917,0.1332828181445407,0.18991228070175434,0.006123535868103072,97
mt5,7,spatial,6,0.44,0.3785485241827763,0.00014297767516264573,0.212719298245614,0.0021386085398990835,97
mt5,7,a_ratio,6,0.44,0.10532055601680146,0.30713488293405466,0.012280701754385963,0.8593096176685738,97
mt5,7,nqc,6,0.44,0.16380629673472583,0.11077149489360452,0.18728070175438594,0.006869417363886626,97
mt5,7,spatial,6,0.46,0.3808728074372094,0.0001290661656248064,0.21535087719298243,0.0018819302596192753,97
mt5,7,a_ratio,6,0.46,0.106275800857121,0.302743624059585,0.012280701754385963,0.8593096176685738,97
mt5,7,nqc,6,0.46,0.173732699499317,0.09048845728862882,0.18728070175438594,0.006869417363886626,97
mt5,7,spatial,6,0.48,0.38296617022483737,0.0001176217240437546,0.21315789473684207,0.0020937133501945666,97
mt5,7,a_ratio,6,0.48,0.1073039928683486,0.29806316278657546,0.011842105263157893,0.8642846291310888,97
mt5,7,nqc,6,0.48,0.18410181211952892,0.07256230015499932,0.18728070175438594,0.006869417363886626,97
mt5,7,spatial,6,0.5,0.3848142405635472,0.00010830822301187114,0.21447368421052626,0.001964163707567382,97
mt5,7,a_ratio,6,0.5,0.10841378822223598,0.29306488994954555,0.013157894736842103,0.8493765252593968,97
mt5,7,nqc,6,0.5,0.1949012131068275,0.05705223953431592,0.18859649122807015,0.006486839186137605,97
mt5,7,spatial,6,0.52,0.3864036725883793,0.00010085061911919176,0.21403508771929822,0.002006505794696667,97
mt5,7,a_ratio,6,0.52,0.1096152632903478,0.2877164710159501,0.015350877192982452,0.8246514972992991,97
mt5,7,nqc,6,0.52,0.20610704987814973,0.043940191557721234,0.19166666666666665,0.0056676554767862795,97
mt5,7,spatial,6,0.54,0.3877223672444259,9.502829172406174e-05,0.21578947368421048,0.001842010485605119,97
mt5,7,a_ratio,6,0.54,0.11092021697621172,0.28198126428599574,0.018859649122807014,0.7854605069177094,97
mt5,7,nqc,6,0.54,0.21768146113689119,0.03312919797902066,0.1964912280701754,0.004567543784697511,97
mt5,7,spatial,6,0.56,0.38875968290991325,9.066944305314439e-05,0.21447368421052626,0.001964163707567382,97
mt5,7,a_ratio,6,0.56,0.11234255329340159,0.27581764153752725,0.017543859649122803,0.8000992472254054,97
mt5,7,nqc,6,0.56,0.22956991249038156,0.02444945114412811,0.19824561403508767,0.004218133036173916,97
mt5,7,spatial,6,0.58,0.3895066293352311,8.764660608824336e-05,0.212719298245614,0.0021386085398990835,97
mt5,7,a_ratio,6,0.58,0.11389877003129018,0.2691781980498297,0.017982456140350874,0.7952115822983997,97
mt5,7,nqc,6,0.58,0.24169866863647493,0.0176719569754079,0.1991228070175438,0.0040526815820536586,97
mt5,7,spatial,6,0.6,0.38995603842170523,8.587329388634158e-05,0.212719298245614,0.0021386085398990835,97
mt5,7,a_ratio,6,0.6,0.1156085892483997,0.2620088408734132,0.019736842105263153,0.7757429796762659,97
mt5,7,nqc,6,0.6,0.253972727759617,0.012528352235874628,0.20043859649122803,0.0038155311548393224,97
mt5,7,spatial,6,0.62,0.39010270583819145,8.530181965182265e-05,0.21359649122807012,0.0020496840923188192,97
mt5,7,a_ratio,6,0.62,0.11749577967275818,0.2542477500267302,0.021491228070175436,0.7564143003908508,97
mt5,7,nqc,6,0.62,0.26627464615334556,0.008733978813852742,0.19956140350877188,0.003972184685349765,97
mt5,7,spatial,6,0.64,0.38994349828146246,8.592232002117321e-05,0.2171052631578947,0.0017268729312904809,97
mt5,7,a_ratio,6,0.64,0.11958924217520994,0.24582422048436184,0.022807017543859644,0.7420164201662911,97
mt5,7,nqc,6,0.64,0.2784647569809275,0.006010512344977168,0.20043859649122803,0.0038155311548393224,97
mt5,7,spatial,6,0.66,0.38947742229850346,8.776302321489646e-05,0.21754385964912276,0.0016899894279553034,97
mt5,7,a_ratio,6,0.66,0.12192446099131629,0.2366574197287335,0.024122807017543855,0.7277082672725284,97
mt5,7,nqc,6,0.66,0.29038329831238846,0.004104604517240476,0.20131578947368417,0.0036645116996196075,97
mt5,7,spatial,6,0.68,0.3887056519502014,9.089181720555257e-05,0.21578947368421048,0.001842010485605119,97
mt5,7,a_ratio,6,0.68,0.12454547126929254,0.22665514786711438,0.025877192982456138,0.7087781874777906,97
mt5,7,nqc,6,0.68,0.3018548686043425,0.0028001336848242036,0.20043859649122803,0.0038155311548393224,97
mt5,7,spatial,6,0.7,0.3876315141292037,9.541918878628848e-05,0.21403508771929822,0.002006505794696667,97
mt5,7,a_ratio,6,0.7,0.12750756769540156,0.2157127861278677,0.03114035087719298,0.6530976048749184,97
mt5,7,nqc,6,0.7,0.3126953884022661,0.001923364450446711,0.20350877192982453,0.003310447205982754,97
mt5,7,spatial,6,0.72,0.3862604319568418,0.0001015026200410901,0.21140350877192976,0.002278642796588288,97
mt5,7,a_ratio,6,0.72,0.1308810960772297,0.20371280410499865,0.03771929824561403,0.586152403231768,97
mt5,7,nqc,6,0.72,0.3227213621387993,0.0013419608403386686,0.20350877192982453,0.003310447205982754,97
mt5,7,spatial,6,0.74,0.3845998282741588,0.00010935254155294429,0.21359649122807012,0.0020496840923188192,97
mt5,7,a_ratio,6,0.74,0.13475685859383246,0.19052553881225764,0.0381578947368421,0.5818046615742262,97
mt5,7,nqc,6,0.74,0.33176075280111583,0.0009598357461825674,0.20482456140350874,0.0031132595749828423,97
mt5,7,spatial,6,0.76,0.3826589927113981,0.00011923994878467107,0.20921052631578946,0.002530815422866084,97
mt5,7,a_ratio,6,0.76,0.13925397445469845,0.17601259319559304,0.03903508771929824,0.573154694589358,97
mt5,7,nqc,6,0.76,0.3396643136389649,0.0007100486770908709,0.20307017543859646,0.0033786625934052374,97
mt5,7,spatial,6,0.78,0.3804489170806369,0.00013150578624470673,0.20745614035087714,0.002750657172647581,97
mt5,7,a_ratio,6,0.78,0.14453156121070718,0.16003537286874442,0.04035087719298245,0.5602953155432289,97
mt5,7,nqc,6,0.78,0.3463159117235605,0.0005475500601049989,0.20087719298245613,0.0037393284863613424,97
mt5,7,spatial,6,0.8,0.37798210481817585,0.00014657219002459776,0.206578947368421,0.002866998129943633,97
mt5,7,a_ratio,6,0.8,0.15080650095455117,0.1424734209487353,0.04473684210526315,0.5184687477081236,97
mt5,7,nqc,6,0.8,0.3516403610771919,0.00044287031110209715,0.20087719298245613,0.0037393284863613424,97
mt5,7,spatial,6,0.82,0.3752723608614671,0.00016495564991709854,0.2021929824561403,0.003518947024518709,97
mt5,7,a_ratio,6,0.82,0.15838112294350948,0.12326102760435978,0.05394736842105262,0.43618745997398134,97
mt5,7,nqc,6,0.82,0.3556076140957469,0.00037719160411079847,0.20131578947368417,0.0036645116996196075,97
mt5,7,spatial,6,0.84,0.37233456866103865,0.00018728210490857934,0.19868421052631577,0.004134656435481796,97
mt5,7,a_ratio,6,0.84,0.16768737097972125,0.10245696572329947,0.06271929824561404,0.36532940366389033,97
mt5,7,nqc,6,0.84,0.3582327772922829,0.0003387902077773584,0.1991228070175438,0.0040526815820536586,97
mt5,7,spatial,6,0.86,0.36918446100871993,0.0002143039185886453,0.19956140350877188,0.003972184685349765,97
mt5,7,a_ratio,6,0.86,0.17935863573621635,0.080371055488032,0.06798245614035085,0.32648312465382767,97
mt5,7,nqc,6,0.86,0.3595721538217286,0.00032061564653762395,0.19473684210526312,0.00494296865650076,97
mt5,7,spatial,6,0.88,0.3658383910403011,0.00024691859349604457,0.1960526315789473,0.004658897081724128,97
mt5,7,a_ratio,6,0.88,0.19434703008791152,0.057775973294802566,0.07368421052631577,0.2875469369380935,97
mt5,7,nqc,6,0.88,0.3597161632450041,0.00031871594373029217,0.1890350877192982,0.006363638865325849,97
mt5,7,spatial,6,0.9,0.36231310919260723,0.000286188977009233,0.19298245614035084,0.005346085893178478,97
mt5,7,a_ratio,6,0.9,0.2141062871945228,0.03619939197914406,0.07938596491228068,0.2518719393317509,97
mt5,7,nqc,6,0.9,0.3587803846342642,0.0003312478512815236,0.18771929824561398,0.0067396961345085665,97
mt5,7,spatial,6,0.92,0.3586255511227277,0.0003333645896700437,0.19166666666666665,0.0056676554767862795,97
mt5,7,a_ratio,6,0.92,0.2408124796331868,0.018105359091163394,0.09999999999999998,0.1489229247512205,97
mt5,7,nqc,6,0.92,0.356896049708883,0.0003578700630924651,0.18552631578947365,0.007411025603920558,97
mt5,7,spatial,6,0.94,0.3547926406970333,0.0003899035757490145,0.18771929824561398,0.0067396961345085665,97
mt5,7,a_ratio,6,0.94,0.2772208812116611,0.00624883540291033,0.12719298245614033,0.06638202051764104,97
mt5,7,nqc,6,0.94,0.3542011219431781,0.00039937548958061687,0.18508771929824558,0.007552277732226657,97
mt5,7,spatial,6,0.96,0.3508311111950829,0.00045749464364985837,0.18289473684210522,0.008295385577532875,97
mt5,7,a_ratio,6,0.96,0.3236539329250303,0.0012969649354487808,0.156578947368421,0.023822706517307408,97
mt5,7,nqc,6,0.96,0.3508327460565953,0.00045746465758366215,0.18114035087719296,0.008936269357215086,97
mt5,7,spatial,6,0.98,0.3467573469081832,0.0005380782405020578,0.1758771929824561,0.011132337112518993,97
mt5,7,a_ratio,6,0.98,0.3627731746585153,0.0002807561924247127,0.18245614035087715,0.008451628874483844,97
mt5,7,nqc,6,0.98,0.34692146251376754,0.0005345953021960367,0.17631578947368418,0.010932545975931482,97
mt5,7,spatial,6,1.0,0.34258724639443394,0.0006338661022108042,0.17149122807017542,0.013315695610410695,97
mt5,7,a_ratio,6,1.0,0.34258724639443394,0.0006338661022108042,0.17149122807017542,0.013315695610410695,97
mt5,7,nqc,6,1.0,0.34258724639443394,0.0006338661022108042,0.17149122807017542,0.013315695610410695,97
mt5,7,spatial,7,0.0,0.29903096439436805,0.0030809222584172124,0.1776315789473684,0.010352157028285932,97
mt5,7,a_ratio,7,0.0,0.09394360593896267,0.3626044221678115,-0.003508771929824561,0.9596094143193218,97
mt5,7,nqc,7,0.0,0.03390937630110298,0.7429231504473657,-0.0026315789473684206,0.9697013964662655,97
mt5,7,spatial,7,0.02,0.3038363617737205,0.0026170675454980996,0.18070175438596486,0.009103246710666093,97
mt5,7,a_ratio,7,0.02,0.09426870142568892,0.3609385130432795,-0.003947368421052631,0.954565748248739,97
mt5,7,nqc,7,0.02,0.03767614935201556,0.7155271335082212,0.07807017543859648,0.2598173072410498,97
mt5,7,spatial,7,0.04,0.30870110884272395,0.0022124306619260327,0.18026315789473682,0.009273003873208558,97
mt5,7,a_ratio,7,0.04,0.09460728464621665,0.3592085187683734,-0.003508771929824561,0.9596094143193218,97
mt5,7,nqc,7,0.04,0.04160414140798409,0.6873380302242478,0.11184210526315788,0.1064690994825288,97
mt5,7,spatial,7,0.06,0.31361973512556546,0.001861534357395521,0.1820175438596491,0.008610498746466352,97
mt5,7,a_ratio,7,0.06,0.0949602118582055,0.3574107014751491,-0.003070175438596491,0.9646546976352598,97
mt5,7,nqc,7,0.06,0.04570257366188708,0.6583754208692835,0.1307017543859649,0.05923043275757143,97
mt5,7,spatial,7,0.08,0.3185859221645382,0.0015590582778280697,0.18421052631578944,0.007842044522710973,97
mt5,7,a_ratio,7,0.08,0.09532841328226477,0.35554102987105096,-0.003508771929824561,0.9596094143193218,97
mt5,7,nqc,7,0.08,0.049981239049206844,0.6286686750987218,0.1464912280701754,0.03448318151719248,97
mt5,7,spatial,7,0.1,0.32359243980729924,0.0012998892031351105,0.18552631578947365,0.007411025603920558,97
mt5,7,a_ratio,7,0.1,0.09571290125468743,0.35359515023304083,-0.003070175438596491,0.9646546976352598,97
mt5,7,nqc,7,0.1,0.05445052552096975,0.5982585022615258,0.15745614035087718,0.023048035126692692,97
mt5,7,spatial,7,0.12,0.3286310843107397,0.0010791650125145046,0.18728070175438594,0.006869417363886626,97
mt5,7,a_ratio,7,0.12,0.09611477948149807,0.35156835394544605,-0.0008771929824561403,0.9898983068920344,97
mt5,7,nqc,7,0.12,0.059121435629674715,0.5671986049772325,0.16535087719298242,0.01700563515421435,97
mt5,7,spatial,7,0.14,0.3336926199371813,0.00089231136152328,0.1921052631578947,0.00555857730471879,97
mt5,7,a_ratio,7,0.14,0.09653525357114165,0.34945554110099825,0.0008771929824561403,0.9898983068920344,97
mt5,7,nqc,7,0.14,0.06400560069556287,0.5355574004708316,0.1745614035087719,0.011751307036103295,97
mt5,7,spatial,7,0.16,0.3387667260219913,0.0007350703419648134,0.19473684210526312,0.00494296865650076,97
mt5,7,a_ratio,7,0.16,0.09697564305649228,0.3472511796086843,0.0021929824561403503,0.9747493089119874,97
mt5,7,nqc,7,0.16,0.06911528732863778,0.503419755265768,0.18377192982456136,0.007990630052244877,97
mt5,7,spatial,7,0.18,0.34384195180090854,0.0006035207209830662,0.1960526315789473,0.004658897081724128,97
mt5,7,a_ratio,7,0.18,0.09743739515742741,0.3449492591629667,0.003070175438596491,0.9646546976352598,97
mt5,7,nqc,7,0.18,0.07446339347203307,0.4708886551423619,0.19254385964912277,0.005451397044324322,97
mt5,7,spatial,7,0.2,0.3489056815866666,0.0004940896997531317,0.19736842105263155,0.0043896882161837195,97
mt5,7,a_ratio,7,0.2,0.09792210058477284,0.34254323932418257,0.0026315789473684206,0.9697013964662655,97
mt5,7,nqc,7,0.2,0.08006343038182967,0.43808670360618934,0.19868421052631577,0.004134656435481796,97
mt5,7,spatial,7,0.22,0.35394411315928875,0.0004035564725938304,0.20482456140350874,0.0031132595749828423,97
mt5,7,a_ratio,7,0.22,0.09843151174723382,0.3400259908366201,0.0021929824561403503,0.9747493089119874,97
mt5,7,nqc,7,0.22,0.08592948604261538,0.405157308893101,0.20307017543859646,0.0033786625934052374,97
mt5,7,spatial,7,0.24,0.35894225246006073,0.0003290481816908826,0.2070175438596491,0.0028082775132586228,97
mt5,7,a_ratio,7,0.24,0.09896756379790797,0.33738972916534493,0.0021929824561403503,0.9747493089119874,97
mt5,7,nqc,7,0.24,0.09207616441194982,0.37226538312810337,0.20438596491228067,0.003177766074944934,97
mt5,7,spatial,7,0.26,0.36388392782828705,0.0002680291303549405,0.21096491228070172,0.002327155955166847,97
mt5,7,a_ratio,7,0.26,0.09953239904987154,0.3346259390613693,0.0021929824561403503,0.9747493089119874,97
mt5,7,nqc,7,0.26,0.0985184935677842,0.33959734043023715,0.2096491228070175,0.0024784263365173137,97
mt5,7,spatial,7,0.28,0.3687518270617882,0.00021828432232701101,0.21359649122807012,0.0020496840923188192,97
mt5,7,a_ratio,7,0.28,0.10012839540602594,0.3317252887623649,0.0017543859649122805,0.9797982329262411,97
mt5,7,nqc,7,0.28,0.10527179428497374,0.30736014823742963,0.21359649122807012,0.0020496840923188192,97
mt5,7,spatial,7,0.3,0.37352756048358116,0.00017789852531546887,0.21491228070175433,0.001922643300449403,97
mt5,7,a_ratio,7,0.3,0.10075819959326421,0.3286775321974056,0.0026315789473684206,0.9697013964662655,97
mt5,7,nqc,7,0.3,0.11235149878861528,0.2757791651011846,0.21535087719298243,0.0018819302596192753,97
mt5,7,spatial,7,0.32,0.37819175292501306,0.00014523210970172047,0.21578947368421048,0.001842010485605119,97
mt5,7,a_ratio,7,0.32,0.10142476617345104,0.32547139728292557,0.004824561403508771,0.9444840737693221,97
mt5,7,nqc,7,0.32,0.11977290744648361,0.2450944986570342,0.21535087719298243,0.0018819302596192753,97
mt5,7,spatial,7,0.34,0.3827241670595512,0.00011889489113546866,0.21885964912280698,0.001583643031304207,97
mt5,7,a_ratio,7,0.34,0.10213140353482882,0.3220944580663707,0.007017543859649122,0.9193222670955983,97
mt5,7,nqc,7,0.34,0.12755086903518015,0.21555565206222166,0.22105263157894733,0.0014199974923815438,97
mt5,7,spatial,7,0.36,0.3871038598176446,9.771911778409008e-05,0.22061403508771926,0.001451423191322646,97
mt5,7,a_ratio,7,0.36,0.10288182836209459,0.31853298808657216,0.008333333333333331,0.9042622467947524,97
mt5,7,nqc,7,0.36,0.1356993680739365,0.1874143102054577,0.22105263157894733,0.0014199974923815438,97
mt5,7,spatial,7,0.38,0.39130937266880683,8.073260338064311e-05,0.22368421052631576,0.0012442476040664947,97
mt5,7,a_ratio,7,0.38,0.10368023046148553,0.31477179186866405,0.008771929824561401,0.8992496118543148,97
mt5,7,nqc,7,0.38,0.1442310007909678,0.16091526198208703,0.2271929824561403,0.0010410859719474062,97
mt5,7,spatial,7,0.4,0.3953189553754666,6.713283292023905e-05,0.22807017543859645,0.0009953330568858061,97
mt5,7,a_ratio,7,0.4,0.10453135030580601,0.3107940109504201,0.009649122807017543,0.8892365872632643,97
mt5,7,nqc,7,0.4,0.15315631992978604,0.13628567044809964,0.23289473684210524,0.0007752661095537938,97
mt5,7,spatial,7,0.42,0.39911082142676,5.626267666865569e-05,0.2302631578947368,0.0008889704166142316,97
mt5,7,a_ratio,7,0.42,0.10544057230037839,0.30658090024365775,0.010964912280701752,0.8742506159554067,97
mt5,7,nqc,7,0.42,0.16248302835975426,0.11372318606673636,0.23070175438596488,0.000869004617248621,97
mt5,7,spatial,7,0.44,0.4026634317960879,4.758815665333723e-05,0.23552631578947364,0.0006751892693239896,97
mt5,7,a_ratio,7,0.44,0.10641403760538382,0.3021115698726151,0.010964912280701752,0.8742506159554067,97
mt5,7,nqc,7,0.44,0.1722150031023154,0.09338372814307427,0.23333333333333328,0.0007576829079550207,97
mt5,7,spatial,7,0.46,0.40595580200491455,4.067853183206127e-05,0.23815789473684207,0.0005872336126765293,97
mt5,7,a_ratio,7,0.46,0.10745878145393759,0.29736268691780404,0.011842105263157893,0.8642846291310888,97
mt5,7,nqc,7,0.46,0.18235113597254649,0.07537008888490526,0.23421052631578942,0.0007236220598486794,97
mt5,7,spatial,7,0.48,0.4089678258123562,3.518881376219839e-05,0.23991228070175435,0.0005346547694821339,97
mt5,7,a_ratio,7,0.48,0.10858290137830293,0.29230813076803613,0.013596491228070173,0.8444188289548002,97
mt5,7,nqc,7,0.48,0.19288398590194655,0.05972276818612202,0.23333333333333328,0.0007576829079550207,97
mt5,7,spatial,7,0.5,0.4116806073007007,3.084469983294363e-05,0.2385964912280701,0.0005736554562799961,97
mt5,7,a_ratio,7,0.5,0.10979576474067188,0.286918595125345,0.015350877192982452,0.8246514972992991,97
mt5,7,nqc,7,0.5,0.2037982527208015,0.04641452886743215,0.23333333333333328,0.0007576829079550207,97
mt5,7,spatial,7,0.52,0.41407679181796364,2.742981814584535e-05,0.2346491228070175,0.0007071302383650919,97
mt5,7,a_ratio,7,0.52,0.11110826666366272,0.2811611292676719,0.017105263157894735,0.8049947532982032,97
mt5,7,nqc,7,0.52,0.21506910436180926,0.0353499752913039,0.23333333333333328,0.0007576829079550207,97
mt5,7,spatial,7,0.54,0.416140885298037,2.477511593088165e-05,0.23728070175438593,0.0006152920473840185,97
mt5,7,a_ratio,7,0.54,0.11253315316529851,0.2749986112240273,0.018421052631578942,0.7903319415119258,97
mt5,7,nqc,7,0.54,0.22666042042094023,0.026370942495553898,0.2346491228070175,0.0007071302383650919,97
mt5,7,spatial,7,0.56,0.41785955102246775,2.275018868222386e-05,0.2403508771929824,0.0005222134964126145,97
mt5,7,a_ratio,7,0.56,0.11408542945982456,0.26838914653692036,0.020175438596491225,0.7708972462356571,97
mt5,7,nqc,7,0.56,0.23852305517763045,0.01926765715782835,0.23903508771929818,0.0005603701088308085,97
mt5,7,spatial,7,0.58,0.419221873004229,2.125633536954892e-05,0.24517543859649119,0.0004020556656752658,97
mt5,7,a_ratio,7,0.58,0.115782880639909,0.2612853891157957,0.021491228070175436,0.7564143003908508,97
mt5,7,nqc,7,0.58,0.2505932711182165,0.013794626530464819,0.24078947368421047,0.0005100424668924873,97
mt5,7,spatial,7,0.6,0.42021957591185083,2.022113101506689e-05,0.2478070175438596,0.00034794104688647836,97
mt5,7,a_ratio,7,0.6,0.11764674229204429,0.25363378678016407,0.022807017543859644,0.7420164201662911,97
mt5,7,nqc,7,0.6,0.2627915453787175,0.009689265533430991,0.2403508771929824,0.0005222134964126145,97
mt5,7,spatial,7,0.62,0.42084719281066485,1.9594326671013732e-05,0.25175438596491223,0.0002793989335345861,97
mt5,7,a_ratio,7,0.62,0.11970257352756668,0.24537376597969773,0.023684210526315787,0.7324673979091793,97
mt5,7,nqc,7,0.62,0.2750219979793042,0.006690672555938199,0.24298245614035083,0.0004530555607905571,97
mt5,7,spatial,7,0.64,0.42110217392046534,1.9344914017395702e-05,0.2521929824561403,0.00027261872163635134,97
mt5,7,a_ratio,7,0.64,0.12198140679674903,0.23643689225203102,0.027631578947368417,0.6900262883984831,97
mt5,7,nqc,7,0.64,0.28717271940162414,0.004555938858923119,0.24692982456140347,0.000365172660687329,97
mt5,7,spatial,7,0.66,0.4209849319658938,1.945922384106696e-05,0.26052631578947366,0.00016971167166230354,97
mt5,7,a_ratio,7,0.66,0.12452128143879684,0.22674608289430223,0.03201754385964912,0.643992360331084,97
mt5,7,nqc,7,0.66,0.2991172694052995,0.003071979688430586,0.2464912280701754,0.0003740846525535562,97
mt5,7,spatial,7,0.68,0.4204988223728722,1.9939961777751167e-05,0.2614035087719298,0.0001613234254369054,97
mt5,7,a_ratio,7,0.68,0.1273693172579567,0.21621501949088412,0.035087719298245605,0.6125496802803572,97
mt5,7,nqc,7,0.68,0.3107175617335442,0.00206193654456333,0.2460526315789473,0.00038319963731609435,97
mt5,7,spatial,7,0.7,0.4196500593565103,2.0806118821130622e-05,0.2635964912280701,0.00014202757091789025,97
mt5,7,a_ratio,7,0.7,0.13058456046479217,0.2047480339407839,0.03640350877192982,0.5992851921378115,97
mt5,7,nqc,7,0.7,0.3218282281473469,0.0013863775100740588,0.2464912280701754,0.0003740846525535562,97
mt5,7,spatial,7,0.72,0.4184475716569176,2.2093726666438722e-05,0.25964912280701746,0.0001785089263106937,97
mt5,7,a_ratio,7,0.72,0.13424195378797638,0.1922409640470488,0.041228070175438586,0.5518007900486419,97
mt5,7,nqc,7,0.72,0.3323023700399991,0.0009404497518263765,0.2478070175438596,0.00034794104688647836,97
mt5,7,spatial,7,0.74,0.4169028041217139,2.3857457702925957e-05,0.25921052631578945,0.00018306667264307222,97
mt5,7,a_ratio,7,0.74,0.1384379740084834,0.178583866757598,0.04780701754385964,0.49018107551697765,97
mt5,7,nqc,7,0.74,0.3419983760110352,0.0006485841117682601,0.24912280701754383,0.00032351427155757553,97
mt5,7,spatial,7,0.76,0.4150294733487069,2.617309524339014e-05,0.25921052631578945,0.00018306667264307222,97
mt5,7,a_ratio,7,0.76,0.14329879332181467,0.1636671662323358,0.04824561403508771,0.48620884317531754,97
mt5,7,nqc,7,0.76,0.35078725029587776,0.0004582997990477372,0.24692982456140347,0.000365172660687329,97
mt5,7,spatial,7,0.78,0.412843287072704,2.914092016149123e-05,0.26052631578947366,0.00016971167166230354,97
mt5,7,a_ratio,7,0.78,0.14899234367991784,0.14739401551778541,0.05043859649122806,0.46661135239245866,97
mt5,7,nqc,7,0.78,0.3585597168113954,0.0003342683817096761,0.2478070175438596,0.00034794104688647836,97
mt5,7,spatial,7,0.8,0.4103616378430765,3.2890074118307824e-05,0.25964912280701746,0.0001785089263106937,97
mt5,7,a_ratio,7,0.8,0.15574655209928207,0.12970370315564128,0.057894736842105256,0.4033678245111202,97
mt5,7,nqc,7,0.8,0.3652322941814702,0.00025329502311851693,0.2478070175438596,0.00034794104688647836,97
mt5,7,spatial,7,0.82,0.4076032817839841,3.7583965438906434e-05,0.2583333333333333,0.00019251229597668152,97
mt5,7,a_ratio,7,0.82,0.1638775455974723,0.11061427166907516,0.06491228070175437,0.3488053465027995,97
mt5,7,nqc,7,0.82,0.37075161524999145,0.00020044011595141215,0.24692982456140347,0.000365172660687329,97
mt5,7,spatial,7,0.84,0.4045880128982293,4.342677978227912e-05,0.2583333333333333,0.00019251229597668152,97
mt5,7,a_ratio,7,0.84,0.17383425518545154,0.09029728754394935,0.06929824561403508,0.3172070960462492,97
mt5,7,nqc,7,0.84,0.37509648869686774,0.00016621961574083639,0.24517543859649119,0.0004020556656752658,97
mt5,7,spatial,7,0.86,0.4013363425505739,5.067114243305502e-05,0.2583333333333333,0.00019251229597668152,97
mt5,7,a_ratio,7,0.86,0.1862701833268448,0.0692020609437153,0.07894736842105261,0.25450134933128055,97
mt5,7,nqc,7,0.86,0.37827752563568356,0.000144687125666312,0.24824561403508766,0.00033961331260065896,97
mt5,7,spatial,7,0.88,0.39786919255713776,5.9626951047910375e-05,0.2578947368421052,0.00019740507498430313,97
mt5,7,a_ratio,7,0.88,0.20215905547109533,0.04824042375503896,0.08508771929824559,0.2194054884189932,97
mt5,7,nqc,7,0.88,0.38033450496754445,0.00013217155158674432,0.24912280701754383,0.00032351427155757553,97
mt5,7,spatial,7,0.9,0.39420760883854955,7.067135635982223e-05,0.25175438596491223,0.0002793989335345861,97
mt5,7,a_ratio,7,0.9,0.22297245640276714,0.02898973959304272,0.09868421052631578,0.1543437435330081,97
mt5,7,nqc,7,0.9,0.38133194697516837,0.00012647105933230354,0.24517543859649119,0.0004020556656752658,97
mt5,7,spatial,7,0.92,0.39037250099082277,8.425981398011232e-05,0.24429824561403507,0.00042177571212416556,97
mt5,7,a_ratio,7,0.92,0.25089166722067124,0.013678509069499545,0.1263157894736842,0.0682769876388756,97
mt5,7,nqc,7,0.92,0.381353545816175,0.00012635018022941674,0.24429824561403507,0.00042177571212416556,97
mt5,7,spatial,7,0.94,0.38638441150424346,0.00010093806457902293,0.24342105263157887,0.00044239606192260735,97
mt5,7,a_ratio,7,0.94,0.28869152726070374,0.004337191569042764,0.14561403508771928,0.03557825904670918,97
mt5,7,nqc,7,0.94,0.3804961565858478,0.0001312318069459856,0.2464912280701754,0.0003740846525535562,97
mt5,7,spatial,7,0.96,0.3822633168132969,0.00012135482531935442,0.24429824561403507,0.00042177571212416556,97
mt5,7,a_ratio,7,0.96,0.3371356840939157,0.0007826104035132516,0.18070175438596486,0.009103246710666093,97
mt5,7,nqc,7,0.96,0.3788639577764212,0.00014101150393933196,0.2478070175438596,0.00034794104688647836,97
mt5,7,spatial,7,0.98,0.37802846096336384,0.00014627489683592904,0.24298245614035083,0.0004530555607905571,97
mt5,7,a_ratio,7,0.98,0.3817728410324096,0.00012402469475679848,0.21754385964912276,0.0016899894279553034,97
mt5,7,nqc,7,0.98,0.3765632566188864,0.00015594695832184984,0.2421052631578947,0.00047509739036277217,97
mt5,7,spatial,7,1.0,0.3736982214819534,0.00017659231289708172,0.24122807017543854,0.0004981362879627977,97
mt5,7,a_ratio,7,1.0,0.3736982214819534,0.00017659231289708172,0.24122807017543854,0.0004981362879627977,97
mt5,7,nqc,7,1.0,0.3736982214819534,0.00017659231289708172,0.24122807017543854,0.0004981362879627977,97
mt5,7,spatial,8,0.0,0.29903096439436805,0.0030809222584172124,0.1776315789473684,0.010352157028285932,97
mt5,7,a_ratio,8,0.0,0.09394360593896267,0.3626044221678115,-0.003508771929824561,0.9596094143193218,97
mt5,7,nqc,8,0.0,0.03390937630110298,0.7429231504473657,-0.0026315789473684206,0.9697013964662655,97
mt5,7,spatial,8,0.02,0.3038237356048819,0.002618199133969651,0.18114035087719296,0.008936269357215086,97
mt5,7,a_ratio,8,0.02,0.09427745578718169,0.36089371788695224,-0.003508771929824561,0.9596094143193218,97
mt5,7,nqc,8,0.02,0.03779384247993295,0.714676714108512,0.08508771929824559,0.2194054884189932,97
mt5,7,spatial,8,0.04,0.308671371014789,0.002214722332286497,0.18026315789473682,0.009273003873208558,97
mt5,7,a_ratio,8,0.04,0.09462515377722606,0.35911735893908636,-0.0026315789473684206,0.9697013964662655,97
mt5,7,nqc,8,0.04,0.04184675983627867,0.6856103586443298,0.11359649122807015,0.10109027153133401,97
mt5,7,spatial,8,0.06,0.3135685134181502,0.0018649130119420317,0.18333333333333332,0.008141731588545092,97
mt5,7,a_ratio,8,0.06,0.09498757886434873,0.3572715267535546,-0.003508771929824561,0.9596094143193218,97
mt5,7,nqc,8,0.06,0.04607793292947447,0.6557470869377298,0.13464912280701752,0.05196142228840072,97
mt5,7,spatial,8,0.08,0.3185090344747422,0.0015633799234883376,0.18552631578947365,0.007411025603920558,97
mt5,7,a_ratio,8,0.08,0.09536568591114404,0.35535210403861267,-0.003947368421052631,0.954565748248739,97
mt5,7,nqc,8,0.08,0.05049779128835612,0.6251207402998056,0.1478070175438596,0.03289461425077135,97
mt5,7,spatial,8,0.1,0.32348598236727194,0.001304965878927021,0.18728070175438594,0.006869417363886626,97
mt5,7,a_ratio,8,0.1,0.09576051405277113,0.35335464537907296,-0.0026315789473684206,0.9697013964662655,97
mt5,7,nqc,8,0.1,0.055117417245936176,0.5937777047109031,0.1614035087719298,0.019826684390718458,97
mt5,7,spatial,8,0.12,0.3284915317591084,0.0010847875643806746,0.19078947368421048,0.005891622551225342,97
mt5,7,a_ratio,8,0.12,0.09617319619194134,0.3512743443496208,0.0,1.0,97
mt5,7,nqc,8,0.12,0.059948570224386544,0.5617787227562016,0.17324561403508767,0.01240061333688213,97
mt5,7,spatial,8,0.14,0.33351693749022193,0.0008982678831746404,0.1934210526315789,0.005242615402641688,97
mt5,7,a_ratio,8,0.14,0.09660496980553476,0.3491059966627517,0.0017543859649122805,0.9797982329262411,97
mt5,7,nqc,8,0.14,0.06500370563149552,0.5292007673918938,0.18245614035087715,0.008451628874483844,97
mt5,7,spatial,8,0.16,0.3385524936759786,0.0007411603023776783,0.19692982456140345,0.004477815959740704,97
mt5,7,a_ratio,8,0.16,0.09705718927890926,0.3468439587952338,0.0017543859649122805,0.9797982329262411,97
mt5,7,nqc,8,0.16,0.07029598598759204,0.4961389111876583,0.19078947368421048,0.005891622551225342,97
mt5,7,spatial,8,0.18,0.34358750009841704,0.0006095649867123233,0.19692982456140345,0.004477815959740704,97
mt5,7,a_ratio,8,0.18,0.09753134002555953,0.34448210144885,0.0021929824561403503,0.9747493089119874,97
mt5,7,nqc,8,0.18,0.07583928122507322,0.4627080966225359,0.19956140350877188,0.003972184685349765,97
mt5,7,spatial,8,0.2,0.3486102379913246,0.0004999368209694746,0.20087719298245613,0.0037393284863613424,97
mt5,7,a_ratio,8,0.2,0.0980290547005927,0.3420137570978512,0.0017543859649122805,0.9797982329262411,97
mt5,7,nqc,8,0.2,0.08164815426362917,0.4290446792835123,0.20482456140350874,0.0031132595749828423,97
mt5,7,spatial,8,0.22,0.35360795750447926,0.000409085725919741,0.20175438596491224,0.0035910585335480823,97
mt5,7,a_ratio,8,0.22,0.09855213187883374,0.3394316607541663,0.003070175438596491,0.9646546976352598,97
mt5,7,nqc,8,0.22,0.08773782693274165,0.3953075771182766,0.21315789473684207,0.0020937133501945666,97
mt5,7,spatial,8,0.24,0.35856687927180436,0.0003341699441905732,0.20877192982456136,0.0025842155919655403,97
mt5,7,a_ratio,8,0.24,0.0991025576452384,0.33672788293882117,0.003070175438596491,0.9646546976352598,97
mt5,7,nqc,8,0.24,0.09412412005742166,0.36167881714777433,0.21228070175438593,0.0021843848573714557,97
mt5,7,spatial,8,0.26,0.3634722125829127,0.00027268319520013776,0.2096491228070175,0.0024784263365173137,97
mt5,7,a_ratio,8,0.26,0.09968253064052057,0.3338937536802473,0.003947368421052631,0.954565748248739,97
mt5,7,nqc,8,0.26,0.10082336001336899,0.32836322998394296,0.21666666666666662,0.0017644953964592808,97
mt5,7,spatial,8,0.28,0.3683081926461075,0.0002224367596607339,0.21535087719298243,0.0018819302596192753,97
mt5,7,a_ratio,8,0.28,0.10029449122349665,0.3309197761631729,0.003508771929824561,0.9596094143193218,97
mt5,7,nqc,8,0.28,0.10785224227026144,0.2955870083201666,0.21929824561403505,0.0015495867057188555,97
mt5,7,spatial,8,0.3,0.3730581393105879,0.0001815376473639944,0.21885964912280698,0.001583643031304207,97
mt5,7,a_ratio,8,0.3,0.10094115556014041,0.32779552842025944,0.004385964912280701,0.9495239009595372,97
mt5,7,nqc,8,0.3,0.11522764036791021,0.2635948275197734,0.22236842105263155,0.0013294453024995708,97
mt5,7,spatial,8,0.32,0.3777045393646331,0.0001483640257842333,0.21359649122807012,0.0020496840923188192,97
mt5,7,a_ratio,8,0.32,0.10162555563632816,0.3245095511875027,0.006578947368421051,0.9243489833566951,97
mt5,7,nqc,8,0.32,0.12296634642829966,0.2326452371341289,0.2214912280701754,0.0013892001512035108,97
mt5,7,spatial,8,0.34,0.3822291541257677,0.000121539046087795,0.21228070175438593,0.0021843848573714557,97
mt5,7,a_ratio,8,0.34,0.10235108642811903,0.3210492197275293,0.007894736842105262,0.9092786999029837,97
mt5,7,nqc,8,0.34,0.13108472676249025,0.2030040872248678,0.2241228070175438,0.0012169881340798713,97
mt5,7,spatial,8,0.36,0.38661315347463104,9.990410696944217e-05,0.2184210526315789,0.001618387245157851,97
mt5,7,a_ratio,8,0.36,0.10312156176535572,0.31740059705677237,0.008771929824561401,0.8992496118543148,97
mt5,7,nqc,8,0.36,0.13959827352469775,0.17493586969246847,0.2271929824561403,0.0010410859719474062,97
mt5,7,spatial,8,0.38,0.3908372767507457,8.249245852342246e-05,0.2245614035087719,0.0011902812109366697,97
mt5,7,a_ratio,8,0.38,0.1039412808118169,0.3135482655877876,0.008771929824561401,0.8992496118543148,97
mt5,7,nqc,8,0.38,0.14852103094854885,0.14869304724496601,0.22807017543859645,0.0009953330568858061,97
mt5,7,spatial,8,0.4,0.3948820200310171,6.850388321670601e-05,0.22543859649122802,0.0011384845622564176,97
mt5,7,a_ratio,8,0.4,0.10481510758579216,0.30947513371409835,0.010087719298245612,0.8842365917819822,97
mt5,7,nqc,8,0.4,0.1578648728864946,0.12450371799546513,0.22850877192982452,0.0009731613713928938,97
mt5,7,spatial,8,0.42,0.39872784826934293,5.728101429463879e-05,0.22499999999999995,0.0011641166831212395,97
mt5,7,a_ratio,8,0.42,0.10574856659663587,0.3051622133231135,0.011403508771929822,0.8692650265497066,97
mt5,7,nqc,8,0.42,0.16763860779915973,0.10255831255587043,0.23157894736842102,0.0008303144784156731,97
mt5,7,spatial,8,0.44,0.4023554296226426,4.828767758650187e-05,0.2271929824561403,0.0010410859719474062,97
mt5,7,a_ratio,8,0.44,0.1067479585277785,0.30058836363306835,0.012719298245614033,0.8543401854899793,97
mt5,7,nqc,8,0.44,0.17784688893209266,0.08299640794483851,0.23640350877192978,0.0006445938679827261,97
mt5,7,spatial,8,0.46,0.40574588807524625,4.108948211504272e-05,0.2302631578947368,0.0008889704166142316,97
mt5,7,a_ratio,8,0.46,0.10782050102749532,0.29572999613773654,0.013157894736842103,0.8493765252593968,97
mt5,7,nqc,8,0.46,0.18848891244459812,0.06589510083102336,0.23815789473684207,0.0005872336126765293,97
mt5,7,spatial,8,0.48,0.4088810692655518,3.533674632159568e-05,0.22938596491228067,0.0009301837506347448,97
mt5,7,a_ratio,8,0.48,0.10897450117760492,0.29056073485996514,0.014473684210526314,0.8345220924714823,97
mt5,7,nqc,8,0.48,0.1995568963601273,0.05126061095403858,0.23684210526315785,0.0006297844386530204,97
mt5,7,spatial,8,0.5,0.41174381329428783,3.074973482136985e-05,0.2346491228070175,0.0007071302383650919,97
mt5,7,a_ratio,8,0.5,0.11021956824233628,0.2850510256603111,0.015789473684210523,0.8197264747302192,97
mt5,7,nqc,8,0.5,0.21103435034218876,0.039024764642393045,0.2346491228070175,0.0007071302383650919,97
mt5,7,spatial,8,0.52,0.41431822733759155,2.7106096930260572e-05,0.2385964912280701,0.0005736554562799961,97
mt5,7,a_ratio,8,0.52,0.11156687806338551,0.2791676881973437,0.017982456140350874,0.7952115822983997,97
mt5,7,nqc,8,0.52,0.2228941725180701,0.029047633175690042,0.23684210526315785,0.0006297844386530204,97
mt5,7,spatial,8,0.54,0.4165899501865408,2.42303416563614e-05,0.237719298245614,0.0006011104754053054,97
mt5,7,a_ratio,8,0.54,0.1130295042658216,0.2728734046031036,0.020175438596491225,0.7708972462356571,97
mt5,7,nqc,8,0.54,0.23509664658103618,0.021126830745191817,0.2421052631578947,0.00047509739036277217,97
mt5,7,spatial,8,0.56,0.41854640046535785,2.1985151448973348e-05,0.2385964912280701,0.0005736554562799961,97
mt5,7,a_ratio,8,0.56,0.11462283671923038,0.26612614055998207,0.023245614035087715,0.7372368386099444,97
mt5,7,nqc,8,0.56,0.2475874607758611,0.01501288821549248,0.24166666666666664,0.0004864896630231411,97
mt5,7,spatial,8,0.58,0.4201770003047125,2.0264324662765606e-05,0.24561403508771923,0.00039252186505296443,97
mt5,7,a_ratio,8,0.58,0.11636511512499453,0.2588784981708025,0.023684210526315787,0.7324673979091793,97
mt5,7,nqc,8,0.58,0.2602959283970062,0.01042893120770396,0.243859649122807,0.00043197102860202826,97
mt5,7,spatial,8,0.6,0.4214733667005465,1.898713993380716e-05,0.24692982456140347,0.000365172660687329,97
mt5,7,a_ratio,8,0.6,0.11827811618105458,0.2510770073906554,0.024122807017543855,0.7277082672725284,97
mt5,7,nqc,8,0.6,0.2731336516445722,0.007091934569518482,0.24736842105263154,0.0003564594902013864,97
mt5,7,spatial,8,0.62,0.4224294636775287,1.8093950119409223e-05,0.24999999999999994,0.0003081316971646934,97
mt5,7,a_ratio,8,0.62,0.12038804805671904,0.2426613765612821,0.024999999999999994,0.7182216070520635,97
mt5,7,nqc,8,0.62,0.28599392648571387,0.004732436259539036,0.250438596491228,0.0003006998134497259,97
mt5,7,spatial,8,0.64,0.42304170966944626,1.7542835263123595e-05,0.24912280701754383,0.00032351427155757553,97
mt5,7,a_ratio,8,0.64,0.12272672830587478,0.23356374744001626,0.029385964912280696,0.6714627989283869,97
mt5,7,nqc,8,0.64,0.29875221915987565,0.0031099644415920977,0.25307017543859645,0.0002595183880458877,97
mt5,7,spatial,8,0.66,0.4233090361615765,1.730717003232257e-05,0.24692982456140347,0.000365172660687329,97
mt5,7,a_ratio,8,0.66,0.12533315468782136,0.22370804413108253,0.03114035087719298,0.6530976048749184,97
mt5,7,nqc,8,0.66,0.31126803411876347,0.0020224911384173804,0.25438596491228066,0.00024097016048905146,97
mt5,7,spatial,8,0.68,0.42323289551687227,1.7373988790050317e-05,0.250438596491228,0.0003006998134497259,97
mt5,7,a_ratio,8,0.68,0.128255628838503,0.21300958252705457,0.03640350877192982,0.5992851921378115,97
mt5,7,nqc,8,0.68,0.32338841696360543,0.0013096343193548686,0.2539473684210526,0.0002470100935230778,97
mt5,7,spatial,8,0.7,0.42281721791058036,1.7743059125353223e-05,0.25307017543859645,0.0002595183880458877,97
mt5,7,a_ratio,8,0.7,0.13155467052303502,0.20137524165362608,0.041228070175438586,0.5518007900486419,97
mt5,7,nqc,8,0.7,0.3349531798328367,0.0008506174334506818,0.2535087719298245,0.0002531918111138595,97
mt5,7,spatial,8,0.72,0.42206831929721444,1.8426601041525817e-05,0.2557017543859649,0.00022367120423335903,97
mt5,7,a_ratio,8,0.72,0.1353070823806634,0.18870473320574854,0.04342105263157894,0.5308452926223248,97
mt5,7,nqc,8,0.72,0.34580170312609587,0.0005587759159819377,0.2539473684210526,0.0002470100935230778,97
mt5,7,spatial,8,0.74,0.4209947642008322,1.9449613245794738e-05,0.2578947368421052,0.00019740507498430313,97
mt5,7,a_ratio,8,0.74,0.1396117208425418,0.17489391438004612,0.04780701754385964,0.49018107551697765,97
mt5,7,nqc,8,0.74,0.3557808844492494,0.00037453854486160136,0.2539473684210526,0.0002470100935230778,97
mt5,7,spatial,8,0.76,0.41960718873881153,2.0850789490910583e-05,0.2570175438596491,0.00020754319542769554,97
mt5,7,a_ratio,8,0.76,0.14459784909485854,0.1598417980752873,0.05219298245614034,0.4512543297743339,97
mt5,7,nqc,8,0.76,0.3647535288439694,0.00025843889225262844,0.25175438596491223,0.0002793989335345861,97
mt5,7,spatial,8,0.78,0.4179180905686595,2.268402618570977e-05,0.25921052631578945,0.00018306667264307222,97
mt5,7,a_ratio,8,0.78,0.15043748243822663,0.14346413148993198,0.05394736842105262,0.43618745997398134,97
mt5,7,nqc,8,0.78,0.3726062772123422,0.00018510557252258403,0.2521929824561403,0.00027261872163635134,97
mt5,7,spatial,8,0.8,0.4159415933258972,2.5020537014076478e-05,0.256578947368421,0.00021279374076250973,97
mt5,7,a_ratio,8,0.8,0.15736404527702758,0.12571845070395896,0.0644736842105263,0.35207160001667814,97
mt5,7,nqc,8,0.8,0.3792561216725959,0.00013860199326204693,0.2526315789473684,0.00026599295941046356,97
mt5,7,spatial,8,0.82,0.41369319357222367,2.7951600512218782e-05,0.25438596491228066,0.00024097016048905146,97
mt5,7,a_ratio,8,0.82,0.16570122480269306,0.10664872689486445,0.06973684210526314,0.31415387247865256,97
mt5,7,nqc,8,0.82,0.38465469483854525,0.00010908442178192345,0.24868421052631576,0.0003314723440454529,97
mt5,7,spatial,8,0.84,0.41118949830467333,3.1591971803414083e-05,0.2557017543859649,0.00022367120423335903,97
mt5,7,a_ratio,8,0.84,0.17590860049388396,0.08646203342417068,0.0807017543859649,0.2440975948759634,97
mt5,7,nqc,8,0.84,0.3887898297507547,9.05455881433159e-05,0.24824561403508766,0.00033961331260065896,97
mt5,7,spatial,8,0.86,0.40844796072613726,3.6083989275210246e-05,0.24824561403508766,0.00033961331260065896,97
mt5,7,a_ratio,8,0.86,0.18865508055488112,0.06565268046813194,0.08596491228070174,0.21469019566351544,97
mt5,7,nqc,8,0.86,0.3916842998843965,7.935991139092579e-05,0.2478070175438596,0.00034794104688647836,97
mt5,7,spatial,8,0.88,0.4054866213066264,4.1602400225859296e-05,0.24736842105263154,0.0003564594902013864,97
mt5,7,a_ratio,8,0.88,0.20493735491538304,0.04517970046591498,0.09429824561403508,0.17349779395571174,97
mt5,7,nqc,8,0.88,0.39339206387557113,7.337764620406317e-05,0.24824561403508766,0.00033961331260065896,97
mt5,7,spatial,8,0.9,0.40232386024947997,4.835991585762116e-05,0.243859649122807,0.00043197102860202826,97
mt5,7,a_ratio,8,0.9,0.22626239193375164,0.02664353528794289,0.10350877192982455,0.13517820748791037,97
mt5,7,nqc,8,0.9,0.39399266035306774,7.137547644649317e-05,0.24736842105263154,0.0003564594902013864,97
mt5,7,spatial,8,0.92,0.3989781664004274,5.661348518016164e-05,0.24122807017543854,0.0004981362879627977,97
mt5,7,a_ratio,8,0.92,0.2548680437783867,0.012210342305871162,0.13026315789473683,0.06008783459643862,97
mt5,7,nqc,8,0.92,0.39358456332509584,7.273030270748422e-05,0.24692982456140347,0.000365172660687329,97
mt5,7,spatial,8,0.94,0.39546792648185114,6.667124955137594e-05,0.23991228070175435,0.0005346547694821339,97
mt5,7,a_ratio,8,0.94,0.29362364899256954,0.003689991102406672,0.1539473684210526,0.026283728186940334,97
mt5,7,nqc,8,0.94,0.39227830748976494,7.722948233218696e-05,0.24517543859649119,0.0004020556656752658,97
mt5,7,spatial,8,0.96,0.3918112373740543,7.890010541748749e-05,0.23903508771929818,0.0005603701088308085,97
mt5,7,a_ratio,8,0.96,0.3434573996423348,0.0006126767693282876,0.18859649122807015,0.006486839186137605,97
mt5,7,nqc,8,0.96,0.3901900596558191,8.496313661876759e-05,0.24517543859649119,0.0004020556656752658,97
mt5,7,spatial,8,0.98,0.38802574306184434,9.373376364734358e-05,0.23333333333333328,0.0007576829079550207,97
mt5,7,a_ratio,8,0.98,0.390132376022827,8.518664367883134e-05,0.2201754385964912,0.0014834887833584708,97
mt5,7,nqc,8,0.98,0.387436105254865,9.626500554259717e-05,0.23947368421052628,0.0005473717769045106,97
mt5,7,spatial,8,1.0,0.38412849686582135,0.00011168115167445109,0.23245614035087714,0.0007932274849806823,97
mt5,7,a_ratio,8,1.0,0.38412849686582135,0.00011168115167445109,0.23245614035087714,0.0007932274849806823,97
mt5,7,nqc,8,1.0,0.38412849686582135,0.00011168115167445109,0.23245614035087714,0.0007932274849806823,97
mt5,7,spatial,9,0.0,0.29903096439436805,0.0030809222584172124,0.1776315789473684,0.010352157028285932,97
mt5,7,a_ratio,9,0.0,0.09394360593896267,0.3626044221678115,-0.003508771929824561,0.9596094143193218,97
mt5,7,nqc,9,0.0,0.03390937630110298,0.7429231504473657,-0.0026315789473684206,0.9697013964662655,97
mt5,7,spatial,9,0.02,0.3035753244459518,0.0026405520439322654,0.1820175438596491,0.008610498746466352,97
mt5,7,a_ratio,9,0.02,0.09427409645917575,0.3609109068128476,-0.004385964912280701,0.9495239009595372,97
mt5,7,nqc,9,0.02,0.0377674464467988,0.7148674145827166,0.07938596491228068,0.2518719393317509,97
mt5,7,spatial,9,0.04,0.3081579149562873,0.002254629497301717,0.18070175438596486,0.009103246710666093,97
mt5,7,a_ratio,9,0.04,0.09461829572625066,0.3591523437698572,-0.003508771929824561,0.9596094143193218,97
mt5,7,nqc,9,0.04,0.04179731945755803,0.6859622898491816,0.10789473684210524,0.11940051826823819,97
mt5,7,spatial,9,0.06,0.31277259180994876,0.0019181301463329476,0.1820175438596491,0.008610498746466352,97
mt5,7,a_ratio,9,0.06,0.0949770737765625,0.35732494633392375,-0.003947368421052631,0.954565748248739,97
mt5,7,nqc,9,0.06,0.04600926236049116,0.6562276185883567,0.12149122807017541,0.07950949270058337,97
mt5,7,spatial,9,0.08,0.3174124653879016,0.0016262074777134458,0.18245614035087715,0.008451628874483844,97
mt5,7,a_ratio,9,0.08,0.09535137577099623,0.3554246312640858,-0.003070175438596491,0.9646546976352598,97
mt5,7,nqc,9,0.08,0.050414213010763896,0.6256942206354763,0.13552631578947366,0.05045170824112038,97
mt5,7,spatial,9,0.1,0.32206986210272187,0.0013742309826708149,0.18815789473684208,0.006612180905745843,97
mt5,7,a_ratio,9,0.1,0.0957422302717367,0.35344698956049286,-0.0017543859649122805,0.9797982329262411,97
mt5,7,nqc,9,0.1,0.05502381028802977,0.5944057307919941,0.14342105263157892,0.03844648726633986,97
mt5,7,spatial,9,0.12,0.32673629021877637,0.0011578183440827704,0.19385964912280698,0.005140957475072907,97
mt5,7,a_ratio,9,0.12,0.09615075863647084,0.3513872537733248,-0.0017543859649122805,0.9797982329262411,97
mt5,7,nqc,9,0.12,0.059850420085932714,0.5624205712883695,0.15526315789473683,0.025027037161781087,97
mt5,7,spatial,9,0.14,0.33140241142534255,0.0009728612038255145,0.1991228070175438,0.0040526815820536586,97
mt5,7,a_ratio,9,0.14,0.09657818570979416,0.3492402613638589,-0.00043859649122807013,0.9949490522405066,97
mt5,7,nqc,9,0.14,0.0649071548987912,0.5298140163171119,0.16622807017543856,0.01642883705367172,97
mt5,7,spatial,9,0.16,0.3360580197933201,0.000815544185912918,0.20263157894736838,0.0034481555035308746,97
mt5,7,a_ratio,9,0.16,0.09702585202539948,0.3470004135628819,0.00043859649122807013,0.9949490522405066,97
mt5,7,nqc,9,0.16,0.07020788414636912,0.4966802809230011,0.17368421052631575,0.012180731335371816,97
mt5,7,spatial,9,0.18,0.34069202988981495,0.0006823570998180066,0.206578947368421,0.002866998129943633,97
mt5,7,a_ratio,9,0.18,0.09749522777371586,0.34466162908354475,0.0008771929824561403,0.9898983068920344,97
mt5,7,nqc,9,0.18,0.0757672315456924,0.4631345350079643,0.17631578947368418,0.010932545975931482,97
mt5,7,spatial,9,0.2,0.34529247593727347,0.0005701004948236687,0.20877192982456136,0.0025842155919655403,97
mt5,7,a_ratio,9,0.2,0.09798792883985077,0.3422172919423338,0.0017543859649122805,0.9797982329262411,97
mt5,7,nqc,9,0.2,0.08160055480316332,0.4293147046223916,0.18421052631578944,0.007842044522710973,97
mt5,7,spatial,9,0.22,0.3498465239711649,0.0004758849657946426,0.212719298245614,0.0021386085398990835,97
mt5,7,a_ratio,9,0.22,0.09850573527826079,0.33966019252027885,0.0013157894736842103,0.984847966341271,97
mt5,7,nqc,9,0.22,0.0877239016223745,0.3953828776084239,0.1894736842105263,0.006242548211379331,97
mt5,7,spatial,9,0.24,0.35434049895694986,0.0003971248100984036,0.21228070175438593,0.0021843848573714557,97
mt5,7,a_ratio,9,0.24,0.09905061266646992,0.33698246085353784,0.0017543859649122805,0.9797982329262411,97
mt5,7,nqc,9,0.24,0.09415393446352102,0.3615260810003509,0.19166666666666665,0.0056676554767862795,97
mt5,7,spatial,9,0.26,0.35875992875704577,0.00033152679365760113,0.21403508771929822,0.002006505794696667,97
mt5,7,a_ratio,9,0.26,0.0996247368741704,0.33417549097429256,0.0026315789473684206,0.9697013964662655,97
mt5,7,nqc,9,0.26,0.10090781461275954,0.3279561475102059,0.19824561403508767,0.004218133036173916,97
mt5,7,spatial,9,0.28,0.3630896066756323,0.0002770748938216506,0.21140350877192976,0.002278642796588288,97
mt5,7,a_ratio,9,0.28,0.10023052290109288,0.3312298549250052,0.0021929824561403503,0.9747493089119874,97
mt5,7,nqc,9,0.28,0.10800303389847155,0.29490834510046726,0.20131578947368417,0.0036645116996196075,97
mt5,7,spatial,9,0.3,0.3673136740390324,0.0002320119444466425,0.21008771929824557,0.0024270312486862444,97
mt5,7,a_ratio,9,0.3,0.10087065858356736,0.3281352048363553,0.0017543859649122805,0.9797982329262411,97
mt5,7,nqc,9,0.3,0.1154571798231183,0.26263841809469873,0.2039473684210526,0.00324348853932908,97
mt5,7,spatial,9,0.32,0.37141572388064686,0.00019481911500152942,0.21447368421052626,0.001964163707567382,97
mt5,7,a_ratio,9,0.32,0.10154814415416873,0.3248801611862523,0.0008771929824561403,0.9898983068920344,97
mt5,7,nqc,9,0.32,0.1232876170029929,0.23141769587049676,0.20570175438596489,0.0029878149035424606,97
mt5,7,spatial,9,0.34,0.3753789262856816,0.00016419411529296243,0.21491228070175433,0.001922643300449403,97
mt5,7,a_ratio,9,0.34,0.1022663388724617,0.3214521850377525,0.0017543859649122805,0.9797982329262411,97
mt5,7,nqc,9,0.34,0.13151106473268964,0.20152598526452972,0.20877192982456136,0.0025842155919655403,97
mt5,7,spatial,9,0.36,0.3791861753129989,0.00013902893831507258,0.21885964912280698,0.001583643031304207,97
mt5,7,a_ratio,9,0.36,0.10302901624257838,0.3178374316817114,0.004824561403508771,0.9444840737693221,97
mt5,7,nqc,9,0.36,0.140143047436508,0.1732420967507275,0.21096491228070172,0.002327155955166847,97
mt5,7,spatial,9,0.38,0.38282025665872266,0.00011838784574767657,0.2245614035087719,0.0011902812109366697,97
mt5,7,a_ratio,9,0.38,0.1038404297152665,0.31402058267986593,0.005263157894736841,0.9394464677531641,97
mt5,7,nqc,9,0.38,0.1491971921219395,0.14683208112847043,0.21359649122807012,0.0020496840923188192,97
mt5,7,spatial,9,0.4,0.3862640343788232,0.00010148617471028721,0.22499999999999995,0.0011641166831212395,97
mt5,7,a_ratio,9,0.4,0.104705391265351,0.3099846528120891,0.007456140350877191,0.9142987729055279,97
mt5,7,nqc,9,0.4,0.15868434533560746,0.12253558163861299,0.21008771929824557,0.0024270312486862444,97
mt5,7,spatial,9,0.42,0.3895006540767786,8.767041134935232e-05,0.22894736842105257,0.0009514478072229865,97
mt5,7,a_ratio,9,0.42,0.10562936587743255,0.3057107678784823,0.008333333333333331,0.9042622467947524,97
mt5,7,nqc,9,0.42,0.16861148248659394,0.10055112388115948,0.21315789473684207,0.0020937133501945666,97
mt5,7,spatial,9,0.44,0.39251375903000957,7.639984637469088e-05,0.22894736842105257,0.0009514478072229865,97
mt5,7,a_ratio,9,0.44,0.10661858581433994,0.3011779087008341,0.009649122807017543,0.8892365872632643,97
mt5,7,nqc,9,0.44,0.17898038610055325,0.08102162715006322,0.21096491228070172,0.002327155955166847,97
mt5,7,spatial,9,0.46,0.39528771482715436,6.723000759786795e-05,0.2302631578947368,0.0008889704166142316,97
mt5,7,a_ratio,9,0.46,0.10768018965562035,0.2963626160322054,0.010964912280701752,0.8742506159554067,97
mt5,7,nqc,9,0.46,0.18978607842262457,0.06402183789555962,0.21228070175438593,0.0021843848573714557,97
mt5,7,spatial,9,0.48,0.3978078372767248,5.979796043857755e-05,0.23157894736842102,0.0008303144784156731,97
mt5,7,a_ratio,9,0.48,0.10882239257731835,0.2912386504664299,0.011403508771929822,0.8692650265497066,97
mt5,7,nqc,9,0.48,0.2010150100737973,0.04954963007700834,0.21447368421052626,0.001964163707567382,97
mt5,7,spatial,9,0.5,0.4000606176888136,5.380948250455819e-05,0.23991228070175435,0.0005346547694821339,97
mt5,7,a_ratio,9,0.5,0.11005469634156138,0.28577660093470936,0.013596491228070173,0.8444188289548002,97
mt5,7,nqc,9,0.5,0.2126430327455396,0.037523039588525306,0.21578947368421048,0.001842010485605119,97
mt5,7,spatial,9,0.52,0.4020339391857263,4.902805383078374e-05,0.2447368421052631,0.00041180545021419704,97
mt5,7,a_ratio,9,0.52,0.11138815017900415,0.27994343515391507,0.013157894736842103,0.8493765252593968,97
mt5,7,nqc,9,0.52,0.2246332226033887,0.027784379360830332,0.21929824561403505,0.0015495867057188555,97
mt5,7,spatial,9,0.54,0.40371727751727876,4.526555954407248e-05,0.24824561403508766,0.00033961331260065896,97
mt5,7,a_ratio,9,0.54,0.11283567747511308,0.27370198575089044,0.014473684210526314,0.8345220924714823,97
mt5,7,nqc,9,0.54,0.23693367359192358,0.020111791319597658,0.21885964912280698,0.001583643031304207,97
mt5,7,spatial,9,0.56,0.4051018799807146,4.2374574683912184e-05,0.25175438596491223,0.0002793989335345861,97
mt5,7,a_ratio,9,0.56,0.11441248834793427,0.26701036725068755,0.017543859649122803,0.8000992472254054,97
mt5,7,nqc,9,0.56,0.2494754453075438,0.014237262612443995,0.2245614035087719,0.0011902812109366697,97
mt5,7,spatial,9,0.58,0.4061809164931441,4.02420889603292e-05,0.2495614035087719,0.00031573529791605395,97
mt5,7,a_ratio,9,0.58,0.11613660547874347,0.2598213225844266,0.019298245614035085,0.7805974596041616,97
mt5,7,nqc,9,0.58,0.26217092353564264,0.009868775359448996,0.22850877192982452,0.0009731613713928938,97
mt5,7,spatial,9,0.6,0.40694959763233707,3.8784529322399185e-05,0.24736842105263154,0.0003564594902013864,97
mt5,7,a_ratio,9,0.6,0.1180295409069552,0.25208150479053437,0.018859649122807014,0.7854605069177094,97
mt5,7,nqc,9,0.6,0.27491292188321526,0.006713292017289372,0.22675438596491226,0.0010646851601117014,97
mt5,7,spatial,9,0.62,0.40740525552102047,3.794394730570668e-05,0.24999999999999994,0.0003081316971646934,97
mt5,7,a_ratio,9,0.62,0.12011717642733147,0.24373071280929232,0.017105263157894735,0.8049947532982032,97
mt5,7,nqc,9,0.62,0.2875749017737428,0.004497077439435077,0.22763157894736838,0.0010179716220744474,97
mt5,7,spatial,9,0.64,0.40754738472787255,3.768525341971657e-05,0.2495614035087719,0.00031573529791605395,97
mt5,7,a_ratio,9,0.64,0.12243092206618753,0.23470112428206663,0.019298245614035085,0.7805974596041616,97
mt5,7,nqc,9,0.64,0.30001269033612143,0.0029805648031451613,0.2302631578947368,0.0008889704166142316,97
mt5,7,spatial,9,0.66,0.4073776418219932,3.799439988747008e-05,0.2478070175438596,0.00034794104688647836,97
mt5,7,a_ratio,9,0.66,0.12500925955824654,0.22491661097768142,0.025438596491228066,0.7134944098591739,97
mt5,7,nqc,9,0.66,0.3120680039317528,0.0019663812773217755,0.23245614035087714,0.0007932274849806823,97
mt5,7,spatial,9,0.68,0.40689980375922646,3.887743382312743e-05,0.24692982456140347,0.000365172660687329,97
mt5,7,a_ratio,9,0.68,0.1278998267417169,0.21429229762026572,0.028947368421052628,0.6760854612536029,97
mt5,7,nqc,9,0.68,0.3235739182098665,0.0013007711588449934,0.237719298245614,0.0006011104754053054,97
mt5,7,spatial,9,0.7,0.4061196868038048,4.0360363765941224e-05,0.2478070175438596,0.00034794104688647836,97
mt5,7,a_ratio,9,0.7,0.13116227407155917,0.20273465643180294,0.03464912280701754,0.6169998397695846,97
mt5,7,nqc,9,0.7,0.3343621617074948,0.000869939271610994,0.23684210526315785,0.0006297844386530204,97
mt5,7,spatial,9,0.72,0.40504502910491613,4.248980202790395e-05,0.250438596491228,0.0003006998134497259,97
mt5,7,a_ratio,9,0.72,0.13487224225003908,0.1901426594098533,0.03640350877192982,0.5992851921378115,97
mt5,7,nqc,9,0.72,0.3442717783988981,0.0005934351029707047,0.23640350877192978,0.0006445938679827261,97
mt5,7,spatial,9,0.74,0.40368534127244565,4.533436242877289e-05,0.24868421052631576,0.0003314723440454529,97
mt5,7,a_ratio,9,0.74,0.13912699781967602,0.17641091085039073,0.041228070175438586,0.5518007900486419,97
mt5,7,nqc,9,0.74,0.3531583703119151,0.0004165895947657824,0.23245614035087714,0.0007932274849806823,97
mt5,7,spatial,9,0.76,0.4020517302640344,4.898680670818526e-05,0.2521929824561403,0.00027261872163635134,97
mt5,7,a_ratio,9,0.76,0.14405356888092796,0.1614363782636125,0.04473684210526315,0.5184687477081236,97
mt5,7,nqc,9,0.76,0.36090288479843124,0.00030345146545805154,0.237719298245614,0.0006011104754053054,97
mt5,7,spatial,9,0.78,0.4001567025634263,5.356694233720499e-05,0.25307017543859645,0.0002595183880458877,97
mt5,7,a_ratio,9,0.78,0.1498207284672618,0.1451315358464801,0.04561403508771929,0.510301360039156,97
mt5,7,nqc,9,0.78,0.36741884072517283,0.00023098170274058423,0.23640350877192978,0.0006445938679827261,97
mt5,7,spatial,9,0.8,0.3980139529790989,5.922527878968023e-05,0.250438596491228,0.0003006998134497259,97
mt5,7,a_ratio,9,0.8,0.15665702234979398,0.1274487401174789,0.055263157894736833,0.42508013923155186,97
mt5,7,nqc,9,0.8,0.3726570439773624,0.00018470150626715993,0.2346491228070175,0.0007071302383650919,97
mt5,7,spatial,9,0.82,0.39563814542751624,6.614744785301153e-05,0.24736842105263154,0.0003564594902013864,97
mt5,7,a_ratio,9,0.82,0.16487847526924976,0.10842382623088907,0.0631578947368421,0.36198607447715714,97
mt5,7,nqc,9,0.82,0.3766072092239868,0.00015564840461533173,0.23552631578947364,0.0006751892693239896,97
mt5,7,spatial,9,0.84,0.39304469181371215,7.455938567242717e-05,0.24429824561403507,0.00042177571212416556,97
mt5,7,a_ratio,9,0.84,0.17493201035334105,0.08825120625924714,0.07368421052631577,0.2875469369380935,97
mt5,7,nqc,9,0.84,0.3792963969571197,0.0001383567088107014,0.23377192982456135,0.0007404706075872587,97
mt5,7,spatial,9,0.86,0.39024953462669787,8.473325956864673e-05,0.24166666666666664,0.0004864896630231411,97
mt5,7,a_ratio,9,0.86,0.18746435791336705,0.06740588960688593,0.08684210526315787,0.21004839720400814,97
mt5,7,nqc,9,0.86,0.38078466659107923,0.0001295699612463749,0.23377192982456135,0.0007404706075872587,97
mt5,7,spatial,9,0.88,0.38726893818309865,9.699410120806341e-05,0.24166666666666664,0.0004864896630231411,97
mt5,7,a_ratio,9,0.88,0.2034305775662871,0.04681902036091576,0.09649122807017542,0.1637097319480596,97
mt5,7,nqc,9,0.88,0.38115871768281806,0.00012744443272275988,0.23640350877192978,0.0006445938679827261,97
mt5,7,spatial,9,0.9,0.3841192926395547,0.00011172707983129847,0.237719298245614,0.0006011104754053054,97
mt5,7,a_ratio,9,0.9,0.2242531652356351,0.02805640059868841,0.10789473684210524,0.11940051826823819,97
mt5,7,nqc,9,0.9,0.38052446932385,0.00013106785267715144,0.23508771929824557,0.0006909882372402237,97
mt5,7,spatial,9,0.92,0.3808169340126255,0.00012938531587741947,0.23377192982456135,0.0007404706075872587,97
mt5,7,a_ratio,9,0.92,0.2519841646430247,0.013260593695513176,0.12061403508771927,0.08170491462400999,97
mt5,7,nqc,9,0.92,0.3789995049927502,0.00014017432753844945,0.23421052631578942,0.0007236220598486794,97
mt5,7,spatial,9,0.94,0.3773779825494643,0.00015049809796797577,0.23640350877192978,0.0006445938679827261,97
mt5,7,a_ratio,9,0.94,0.28906022633507256,0.0042855235157027265,0.13289473684210523,0.05509435768226517,97
mt5,7,nqc,9,0.94,0.37670613417968724,0.00015497837927066534,0.23070175438596488,0.000869004617248621,97
mt5,7,spatial,9,0.96,0.3738182009305029,0.00017567932689537035,0.22982456140350874,0.0009093607305517675,97
mt5,7,a_ratio,9,0.96,0.3354764128011383,0.0008338393041570852,0.17850877192982453,0.009980624249260547,97
mt5,7,nqc,9,0.96,0.3737655674297066,0.00017607930356795926,0.22631578947368416,0.001088778390813313,97
mt5,7,spatial,9,0.98,0.3701528729938447,0.00020563597154346695,0.22105263157894733,0.0014199974923815438,97
mt5,7,a_ratio,9,0.98,0.376231000046793,0.0001582210673137858,0.20438596491228067,0.003177766074944934,97
mt5,7,nqc,9,0.98,0.3702934401437696,0.00020440507689396177,0.2201754385964912,0.0014834887833584708,97
mt5,7,spatial,9,1.0,0.3663967029762659,0.00024117628644383315,0.21535087719298243,0.0018819302596192753,97
mt5,7,a_ratio,9,1.0,0.3663967029762659,0.00024117628644383315,0.21535087719298243,0.0018819302596192753,97
mt5,7,nqc,9,1.0,0.3663967029762659,0.00024117628644383315,0.21535087719298243,0.0018819302596192753,97
mt5,7,spatial,10,0.0,0.29903096439436805,0.0030809222584172124,0.1776315789473684,0.010352157028285932,97
mt5,7,a_ratio,10,0.0,0.09394360593896267,0.3626044221678115,-0.003508771929824561,0.9596094143193218,97
mt5,7,nqc,10,0.0,0.03390937630110298,0.7429231504473657,-0.0026315789473684206,0.9697013964662655,97
mt5,7,spatial,10,0.02,0.30357643548161983,0.0026404516881261245,0.1820175438596491,0.008610498746466352,97
mt5,7,a_ratio,10,0.02,0.09427950750867625,0.3608832199380575,-0.004385964912280701,0.9495239009595372,97
mt5,7,nqc,10,0.02,0.03780431630783827,0.7146010498695775,0.08157894736842104,0.23900925247653326,97
mt5,7,spatial,10,0.04,0.3081570558476875,0.00225469680919142,0.1820175438596491,0.008610498746466352,97
mt5,7,a_ratio,10,0.04,0.09462935932732758,0.359095906297518,-0.003508771929824561,0.9596094143193218,97
mt5,7,nqc,10,0.04,0.0418727763158957,0.6854251926051456,0.11096491228070172,0.10924231434701433,97
mt5,7,spatial,10,0.06,0.3127664888448198,0.0019185434515377139,0.18289473684210522,0.008295385577532875,97
mt5,7,a_ratio,10,0.06,0.09499404784879936,0.3572386336849988,-0.003947368421052631,0.954565748248739,97
mt5,7,nqc,10,0.06,0.046125100214558734,0.6554171086314605,0.12675438596491226,0.06732401746109497,97
mt5,7,spatial,10,0.08,0.3173976599617966,0.0016270711716477883,0.18377192982456136,0.007990630052244877,97
mt5,7,a_ratio,10,0.08,0.09537453616390085,0.35530725343193387,-0.003070175438596491,0.9646546976352598,97
mt5,7,nqc,10,0.08,0.05057230128236947,0.6246096710383325,0.13815789473684206,0.04614146023750493,97
mt5,7,spatial,10,0.1,0.32204272222230695,0.0013755904277767122,0.18728070175438594,0.006869417363886626,97
mt5,7,a_ratio,10,0.1,0.09577187245430299,0.3532972861229127,-0.0021929824561403503,0.9747493089119874,97
mt5,7,nqc,10,0.1,0.05522609072749305,0.593048969594175,0.14605263157894735,0.035027066920463666,97
mt5,7,spatial,10,0.12,0.32669302636450354,0.0011596735913934715,0.19035087719298244,0.0060065708523342936,97
mt5,7,a_ratio,10,0.12,0.09618719958922994,0.35120388844501454,-0.0017543859649122805,0.9797982329262411,97
mt5,7,nqc,10,0.12,0.060098901547246016,0.5607963136626304,0.15745614035087718,0.023048035126692692,97
mt5,7,spatial,10,0.14,0.331339097256826,0.0009751793002504925,0.19780701754385963,0.004303135489039045,97
mt5,7,a_ratio,10,0.14,0.09662176604900723,0.34902181604177823,0.0008771929824561403,0.9898983068920344,97
mt5,7,nqc,10,0.14,0.06520390540050267,0.5279303173063097,0.16754385964912277,0.015595863350661914,97
mt5,7,spatial,10,0.16,0.3359706181467835,0.0008182699028975297,0.20043859649122803,0.0038155311548393224,97
mt5,7,a_ratio,10,0.16,0.09707693839420667,0.3467453818120913,0.0013157894736842103,0.984847966341271,97
mt5,7,nqc,10,0.16,0.07055501950170186,0.49454899338225655,0.17324561403508767,0.01240061333688213,97
mt5,7,spatial,10,0.18,0.34057642445763275,0.0006854219962234486,0.2070175438596491,0.0028082775132586228,97
mt5,7,a_ratio,10,0.18,0.09755421554126498,0.3443684090058576,0.0013157894736842103,0.984847966341271,97
mt5,7,nqc,10,0.18,0.07616689968873386,0.4607717505750215,0.18026315789473682,0.009273003873208558,97
mt5,7,spatial,10,0.2,0.34514450893081644,0.0005734303021267916,0.2083333333333333,0.002638644175947716,97
mt5,7,a_ratio,10,0.2,0.09805524515692954,0.34188417836462115,0.0017543859649122805,0.9797982329262411,97
mt5,7,nqc,10,0.2,0.08205491475463694,0.4267411474422263,0.18289473684210522,0.008295385577532875,97
mt5,7,spatial,10,0.22,0.349662039946411,0.0004794053524528628,0.20789473684210524,0.002694118757519195,97
mt5,7,a_ratio,10,0.22,0.09858184254705524,0.3392853684336002,0.0013157894736842103,0.984847966341271,97
mt5,7,nqc,10,0.22,0.08823509582762208,0.39262421143082266,0.18728070175438594,0.006869417363886626,97
mt5,7,spatial,10,0.24,0.3541153948249568,0.00040076564031366513,0.21140350877192976,0.002278642796588288,97
mt5,7,a_ratio,10,0.24,0.09913601249316226,0.3365639880287398,0.0021929824561403503,0.9747493089119874,97
mt5,7,nqc,10,0.24,0.09472405299822251,0.35861308077979565,0.19473684210526312,0.00494296865650076,97
mt5,7,spatial,10,0.26,0.3584902098075765,0.0003352250409893154,0.21403508771929822,0.002006505794696667,97
mt5,7,a_ratio,10,0.26,0.0997199745866702,0.33371129967456636,0.003070175438596491,0.9646546976352598,97
mt5,7,nqc,10,0.26,0.10153884949378131,0.3249246778939896,0.19868421052631577,0.004134656435481796,97
mt5,7,spatial,10,0.28,0.362771448212958,0.0002807764005986633,0.21008771929824557,0.0024270312486862444,97
mt5,7,a_ratio,10,0.28,0.10033619273091252,0.3307177326316539,0.003070175438596491,0.9646546976352598,97
mt5,7,nqc,10,0.28,0.10869682146935693,0.2917990819655467,0.20043859649122803,0.0038155311548393224,97
mt5,7,spatial,10,0.3,0.36694348796807646,0.00023567223348260446,0.21535087719298243,0.0018819302596192753,97
mt5,7,a_ratio,10,0.3,0.10098740963153532,0.32757278390159744,0.003070175438596491,0.9646546976352598,97
mt5,7,nqc,10,0.3,0.11621532892674442,0.25949624809853505,0.20438596491228067,0.003177766074944934,97
mt5,7,spatial,10,0.32,0.3709902292959678,0.00019840346173756414,0.21491228070175433,0.001922643300449403,97
mt5,7,a_ratio,10,0.32,0.10167668728540968,0.3242649053272343,0.003947368421052631,0.954565748248739,97
mt5,7,nqc,10,0.32,0.12411142044215624,0.22829073603613417,0.206578947368421,0.002866998129943633,97
mt5,7,spatial,10,0.34,0.3748952228159207,0.0001676770781923817,0.21622807017543857,0.0018028700906948475,97
mt5,7,a_ratio,10,0.34,0.10240745471827759,0.32078137459105543,0.003947368421052631,0.954565748248739,97
mt5,7,nqc,10,0.34,0.13240139140659493,0.19846418357416648,0.21008771929824557,0.0024270312486862444,97
mt5,7,spatial,10,0.36,0.37864181767314314,0.00014239352583146248,0.2171052631578947,0.0017268729312904809,97
mt5,7,a_ratio,10,0.36,0.10318356452741784,0.3171081475499234,0.004824561403508771,0.9444840737693221,97
mt5,7,nqc,10,0.36,0.14110021260745037,0.170295408983277,0.212719298245614,0.0021386085398990835,97
mt5,7,spatial,10,0.38,0.3822133285793512,0.00012162447252138709,0.2245614035087719,0.0011902812109366697,97
mt5,7,a_ratio,10,0.38,0.10400936017836113,0.3132296889251627,0.007456140350877191,0.9142987729055279,97
mt5,7,nqc,10,0.38,0.15022080362614193,0.14404827072784318,0.21315789473684207,0.0020937133501945666,97
mt5,7,spatial,10,0.4,0.3855932198353365,0.00010459153083996381,0.22675438596491226,0.0010646851601117014,97
mt5,7,a_ratio,10,0.4,0.10488975651217256,0.3091287778918987,0.007456140350877191,0.9142987729055279,97
mt5,7,nqc,10,0.4,0.15977312436079721,0.11995775708202358,0.21491228070175433,0.001922643300449403,97
mt5,7,spatial,10,0.42,0.3887653035540823,9.064633933444847e-05,0.22499999999999995,0.0011641166831212395,97
mt5,7,a_ratio,10,0.42,0.1058303365803987,0.3047862845834284,0.007894736842105262,0.9092786999029837,97
mt5,7,nqc,10,0.42,0.1697630589973627,0.09821520551653992,0.21447368421052626,0.001964163707567382,97
mt5,7,spatial,10,0.44,0.3917139484507717,7.925229280085675e-05,0.2271929824561403,0.0010410859719474062,97
mt5,7,a_ratio,10,0.44,0.10683746879132701,0.3001809129578995,0.009210526315789471,0.8942409928983389,97
mt5,7,nqc,10,0.44,0.18019107134280823,0.07895400966290983,0.21929824561403505,0.0015495867057188555,97
mt5,7,spatial,10,0.46,0.39442429476422347,6.99680923676782e-05,0.22850877192982452,0.0009731613713928938,97
mt5,7,a_ratio,10,0.46,0.10791844949730464,0.29528890489458587,0.010526315789473682,0.8792412027606161,97
mt5,7,nqc,10,0.46,0.19105062044338392,0.062237565356965424,0.22105263157894733,0.0014199974923815438,97
mt5,7,spatial,10,0.48,0.39688247017795275,6.2433186209193e-05,0.23333333333333328,0.0007576829079550207,97
mt5,7,a_ratio,10,0.48,0.109081677681926,0.29008369985375254,0.014473684210526314,0.8345220924714823,97
mt5,7,nqc,10,0.48,0.20232634308886666,0.048051403670202227,0.2228070175438596,0.0013004656192157056,97
mt5,7,spatial,10,0.5,0.3990758010746199,5.635509126530112e-05,0.23552631578947364,0.0006751892693239896,97
mt5,7,a_ratio,10,0.5,0.11033687046479078,0.2845355440543597,0.01622807017543859,0.8148085523102466,97
mt5,7,nqc,10,0.5,0.21399203759818658,0.03630131207925895,0.2241228070175438,0.0012169881340798713,97
mt5,7,spatial,10,0.52,0.4009930131371273,5.149852604783065e-05,0.2385964912280701,0.0005736554562799961,97
mt5,7,a_ratio,10,0.52,0.11169533094111424,0.27861104308912704,0.018859649122807014,0.7854605069177094,97
mt5,7,nqc,10,0.52,0.2260085233518076,0.026818646823646618,0.22499999999999995,0.0011641166831212395,97
mt5,7,spatial,10,0.54,0.40262441524620385,4.767624349221688e-05,0.2421052631578947,0.00047509739036277217,97
mt5,7,a_ratio,10,0.54,0.11317028372008506,0.27227265253921384,0.017543859649122803,0.8000992472254054,97
mt5,7,nqc,10,0.54,0.23832150386574202,0.019372987215032507,0.22543859649122802,0.0011384845622564176,97
mt5,7,spatial,10,0.56,0.40396206084671143,4.474142875571926e-05,0.24736842105263154,0.0003564594902013864,97
mt5,7,a_ratio,10,0.56,0.11477729887003904,0.26547810304398695,0.019298245614035085,0.7805974596041616,97
mt5,7,nqc,10,0.56,0.2508596262388743,0.013690936611477958,0.22631578947368416,0.001088778390813313,97
mt5,7,spatial,10,0.58,0.40499988147299776,4.258151709197991e-05,0.24736842105263154,0.0003564594902013864,97
mt5,7,a_ratio,10,0.58,0.11653483249160779,0.25817976040440455,0.021052631578947364,0.7612327300879478,97
mt5,7,nqc,10,0.58,0.2635330007014614,0.009478565030944687,0.22675438596491226,0.0010646851601117014,97
mt5,7,spatial,10,0.6,0.40573378792605924,4.111328841538071e-05,0.24692982456140347,0.000365172660687329,97
mt5,7,a_ratio,10,0.6,0.11846492283637433,0.2503239293233232,0.021929824561403504,0.7516053231626091,97
mt5,7,nqc,10,0.6,0.2762325088319234,0.006444133593309383,0.23114035087719292,0.0008494552777555434,97
mt5,7,spatial,10,0.62,0.40616173564841646,4.027910493685172e-05,0.2460526315789473,0.00038319963731609435,97
mt5,7,a_ratio,10,0.62,0.12059409632344993,0.24185012416897436,0.022807017543859644,0.7420164201662911,97
mt5,7,nqc,10,0.62,0.2888302688678067,0.004317684014646129,0.23421052631578942,0.0007236220598486794,97
mt5,7,spatial,10,0.64,0.40628375209221884,4.0044173603640745e-05,0.24561403508771923,0.00039252186505296443,97
mt5,7,a_ratio,10,0.64,0.12295456040146904,0.23269035658272386,0.026315789473684206,0.7040731029869403,97
mt5,7,nqc,10,0.64,0.30118161670523025,0.002864904337062944,0.23640350877192978,0.0006445938679827261,97
mt5,7,spatial,10,0.66,0.4061019252514255,4.039473368255151e-05,0.2478070175438596,0.00034794104688647836,97
mt5,7,a_ratio,10,0.66,0.12558579379139537,0.22276853625772447,0.02807017543859649,0.6853673604806414,97
mt5,7,nqc,10,0.66,0.313128876006378,0.0018941408306191224,0.23684210526315785,0.0006297844386530204,97
mt5,7,spatial,10,0.68,0.40562035394830387,4.1337089765181807e-05,0.25131578947368416,0.0002863369173575716,97
mt5,7,a_ratio,10,0.68,0.12853669539556278,0.2120001623326135,0.03201754385964912,0.643992360331084,97
mt5,7,nqc,10,0.68,0.3245070128991947,0.0012570088560019625,0.2359649122807017,0.0006597266644986306,97
mt5,7,spatial,10,0.7,0.4048450618427835,4.289743018992495e-05,0.2495614035087719,0.00031573529791605395,97
mt5,7,a_ratio,10,0.7,0.13186853117611444,0.20029262377018422,0.03596491228070175,0.603692225651151,97
mt5,7,nqc,10,0.7,0.33515100302659034,0.0008442380987111751,0.237719298245614,0.0006011104754053054,97
mt5,7,spatial,10,0.72,0.4037838783891672,4.512238911935134e-05,0.24692982456140347,0.000365172660687329,97
mt5,7,a_ratio,10,0.72,0.13565904043830013,0.18754667149106535,0.03859649122807017,0.5774720519086318,97
mt5,7,nqc,10,0.72,0.3449044151888825,0.0005788712320802641,0.23640350877192978,0.0006445938679827261,97
mt5,7,spatial,10,0.74,0.4024462910281752,4.808032626231268e-05,0.2460526315789473,0.00038319963731609435,97
mt5,7,a_ratio,10,0.74,0.14000825776554865,0.17366004813478456,0.041666666666666664,0.5475773816129212,97
mt5,7,nqc,10,0.74,0.35362840368943704,0.00040874743869826787,0.23508771929824557,0.0006909882372402237,97
mt5,7,spatial,10,0.76,0.400843273719803,5.186331062728894e-05,0.24561403508771923,0.00039252186505296443,97
mt5,7,a_ratio,10,0.76,0.14504692349806778,0.1585349903691963,0.047368421052631574,0.4941706970744447,97
mt5,7,nqc,10,0.76,0.36121008835893,0.00029961126608740686,0.2359649122807017,0.0006597266644986306,97
mt5,7,spatial,10,0.78,0.3989870974610549,5.658980298858125e-05,0.24429824561403507,0.00042177571212416556,97
mt5,7,a_ratio,10,0.78,0.15094887952627314,0.1420925594263999,0.047368421052631574,0.4941706970744447,97
mt5,7,nqc,10,0.78,0.3675692672272569,0.00022951542372190933,0.23815789473684207,0.0005872336126765293,97
mt5,7,spatial,10,0.8,0.3968911286810656,6.240803528354413e-05,0.2464912280701754,0.0003740846525535562,97
mt5,7,a_ratio,10,0.8,0.15794972632496584,0.1242988055288674,0.057456140350877184,0.4069396981346084,97
mt5,7,nqc,10,0.8,0.3726625906175143,0.00018465740854204212,0.23684210526315785,0.0006297844386530204,97
mt5,7,spatial,10,0.82,0.3945696213743595,6.950008338497882e-05,0.2478070175438596,0.00034794104688647836,97
mt5,7,a_ratio,10,0.82,0.1663755003599634,0.10521092993484912,0.06535087719298245,0.34555840797111037,97
mt5,7,nqc,10,0.82,0.37648470096107595,0.00015648187886864426,0.23728070175438593,0.0006152920473840185,97
mt5,7,spatial,10,0.84,0.39203750854886354,7.808662220376972e-05,0.243859649122807,0.00043197102860202826,97
mt5,7,a_ratio,10,0.84,0.1766875909630463,0.08505564130074052,0.07587719298245613,0.27344185633141316,97
mt5,7,nqc,10,0.84,0.37906632117928696,0.0001397633495179416,0.2359649122807017,0.0006597266644986306,97
mt5,7,spatial,10,0.86,0.38931019807065614,8.843233868279738e-05,0.24078947368421047,0.0005100424668924873,97
mt5,7,a_ratio,10,0.86,0.18955387911392363,0.06435394483906318,0.08640350877192982,0.21236013506761187,97
mt5,7,nqc,10,0.86,0.3804697348106083,0.00013138498245811737,0.23728070175438593,0.0006152920473840185,97
mt5,7,spatial,10,0.88,0.38640337733283214,0.00010085195905037647,0.24122807017543854,0.0004981362879627977,97
mt5,7,a_ratio,10,0.88,0.20596012931790203,0.04409431268783286,0.10087719298245612,0.1453906019949319,97
mt5,7,nqc,10,0.88,0.3807824337618909,0.00012958274730210452,0.23552631578947364,0.0006751892693239896,97
mt5,7,spatial,10,0.9,0.38333283041557076,0.00011571682219184281,0.23947368421052628,0.0005473717769045106,97
mt5,7,a_ratio,10,0.9,0.22737052869247917,0.025890506420806498,0.10877192982456138,0.11642541877279129,97
mt5,7,nqc,10,0.9,0.38010985385581963,0.00013348789872570115,0.23157894736842102,0.0008303144784156731,97
mt5,7,spatial,10,0.92,0.38011427059167924,0.00013346190209209113,0.23245614035087714,0.0007932274849806823,97
mt5,7,a_ratio,10,0.92,0.2558777193949331,0.01186017658241463,0.12368421052631577,0.07423025092161463,97
mt5,7,nqc,10,0.92,0.37856807509557466,0.00014285507518924483,0.2359649122807017,0.0006597266644986306,97
mt5,7,spatial,10,0.94,0.3767631902148976,0.00015459315038691696,0.22675438596491226,0.0010646851601117014,97
mt5,7,a_ratio,10,0.94,0.29387474065155383,0.0036594841834226175,0.14078947368421052,0.042145582897418356,97
mt5,7,nqc,10,0.94,0.3762771825957988,0.0001579031470221801,0.22938596491228067,0.0009301837506347448,97
mt5,7,spatial,10,0.96,0.373294729247852,0.00017969499697028697,0.2228070175438596,0.0013004656192157056,97
mt5,7,a_ratio,10,0.96,0.3408588664052954,0.0006779560723637076,0.18245614035087715,0.008451628874483844,97
mt5,7,nqc,10,0.96,0.3733557369854359,0.00017922265998645003,0.22763157894736838,0.0010179716220744474,97
mt5,7,spatial,10,0.98,0.36972356297434505,0.0002094378145405022,0.21754385964912276,0.0016899894279553034,97
mt5,7,a_ratio,10,0.98,0.38009359603794124,0.00013358363167856766,0.21666666666666662,0.0017644953964592808,97
mt5,7,nqc,10,0.98,0.36991655619651026,0.0002077207586937321,0.2258771929824561,0.0011133750209757257,97
mt5,7,spatial,10,1.0,0.36606380881868505,0.00024458512436785956,0.21491228070175433,0.001922643300449403,97
mt5,7,a_ratio,10,1.0,0.36606380881868505,0.00024458512436785956,0.21491228070175433,0.001922643300449403,97
mt5,7,nqc,10,1.0,0.36606380881868505,0.00024458512436785956,0.21491228070175433,0.001922643300449403,97
mt5,7,spatial,11,0.0,0.29903096439436805,0.0030809222584172124,0.1776315789473684,0.010352157028285932,97
mt5,7,a_ratio,11,0.0,0.09394360593896267,0.3626044221678115,-0.003508771929824561,0.9596094143193218,97
mt5,7,nqc,11,0.0,0.03390937630110298,0.7429231504473657,-0.0026315789473684206,0.9697013964662655,97
mt5,7,spatial,11,0.02,0.30374335332168184,0.0026254135179175596,0.1820175438596491,0.008610498746466352,97
mt5,7,a_ratio,11,0.02,0.09428981052777122,0.36083050580461545,-0.003508771929824561,0.9596094143193218,97
mt5,7,nqc,11,0.02,0.03796652132323408,0.7134296133927255,0.0820175438596491,0.2364933356716986,97
mt5,7,spatial,11,0.04,0.30848655584542384,0.0022290126928488437,0.1846491228070175,0.007695938960913375,97
mt5,7,a_ratio,11,0.04,0.09465037499315725,0.3589887166095548,-0.003070175438596491,0.9646546976352598,97
mt5,7,nqc,11,0.04,0.04220921158736139,0.6830323734571357,0.10526315789473682,0.12868398973139064,97
mt5,7,spatial,11,0.06,0.3132534034661839,0.0018858203067393495,0.1846491228070175,0.007695938960913375,97
mt5,7,a_ratio,11,0.06,0.0950262105527375,0.3570751227319907,-0.003508771929824561,0.9596094143193218,97
mt5,7,nqc,11,0.06,0.046648802866475186,0.6517577886197699,0.12587719298245612,0.06924102024309887,97
mt5,7,spatial,11,0.08,0.3180359487042578,0.0015902104398763546,0.18859649122807015,0.006486839186137605,97
mt5,7,a_ratio,11,0.08,0.09541830708279657,0.35508548633064413,-0.0026315789473684206,0.9697013964662655,97
mt5,7,nqc,11,0.08,0.05129740483159278,0.6196454392577044,0.1482456140350877,0.03237920648866719,97
mt5,7,spatial,11,0.1,0.3228254367023191,0.0013368700059343186,0.19078947368421048,0.005891622551225342,97
mt5,7,a_ratio,11,0.1,0.09582774178093917,0.3530152336592479,-0.0017543859649122805,0.9797982329262411,97
mt5,7,nqc,11,0.1,0.05616791374982281,0.5867503204611841,0.1644736842105263,0.017600127768823963,97
mt5,7,spatial,11,0.12,0.3276122834104274,0.001120829691156721,0.19254385964912277,0.005451397044324322,97
mt5,7,a_ratio,11,0.12,0.0962556889976077,0.3508594216389049,-0.0008771929824561403,0.9898983068920344,97
mt5,7,nqc,11,0.12,0.06127403949465128,0.5531451726289721,0.16929824561403506,0.014543148107282302,97
mt5,7,spatial,11,0.14,0.33238606195968284,0.000937486222436537,0.1960526315789473,0.004658897081724128,97
mt5,7,a_ratio,11,0.14,0.09670343142440516,0.3486127004380532,-0.00043859649122807013,0.9949490522405066,97
mt5,7,nqc,11,0.14,0.06663032401410776,0.5189228848507665,0.18026315789473682,0.009273003873208558,97
mt5,7,spatial,11,0.16,0.33713549893622613,0.0007826159561288917,0.19780701754385963,0.004303135489039045,97
mt5,7,a_ratio,11,0.16,0.09717237286244625,0.3462692715074846,-0.0008771929824561403,0.9898983068920344,97
mt5,7,nqc,11,0.16,0.07225214753307733,0.4841988709107776,0.18684210526315786,0.007001377469104526,97
mt5,7,spatial,11,0.18,0.3418484823340219,0.0006523800952857968,0.20438596491228067,0.003177766074944934,97
mt5,7,a_ratio,11,0.18,0.09766405283686797,0.34382284043184136,0.00043859649122807013,0.9949490522405066,97
mt5,7,nqc,11,0.18,0.07815571767378282,0.44911327429098635,0.19473684210526312,0.00494296865650076,97
mt5,7,spatial,11,0.2,0.34651208297971153,0.0005433221304503068,0.20745614035087714,0.002750657172647581,97
mt5,7,a_ratio,11,0.2,0.09818016337602281,0.34126656385880333,0.00043859649122807013,0.9949490522405066,97
mt5,7,nqc,11,0.2,0.08435803531786845,0.41383280642299286,0.19780701754385963,0.004303135489039045,97
mt5,7,spatial,11,0.22,0.3511125911717021,0.00045235834167158505,0.21666666666666662,0.0017644953964592808,97
mt5,7,a_ratio,11,0.22,0.09872256833814183,0.3385929896499216,-0.00043859649122807013,0.9949490522405066,97
mt5,7,nqc,11,0.22,0.09087682935586748,0.3785519632576728,0.20350877192982453,0.003310447205982754,97
mt5,7,spatial,11,0.24,0.355635570144508,0.0003767623842562475,0.21228070175438593,0.0021843848573714557,97
mt5,7,a_ratio,11,0.24,0.09929332574745303,0.3357939892600334,-0.00043859649122807013,0.9949490522405066,97
mt5,7,nqc,11,0.24,0.09773045042713942,0.3434933030303466,0.2070175438596491,0.0028082775132586228,97
mt5,7,spatial,11,0.26,0.360065927745471,0.0003141451000780991,0.21228070175438593,0.0021843848573714557,97
mt5,7,a_ratio,11,0.26,0.0998947136998166,0.33286068119218537,0.0008771929824561403,0.9898983068920344,97
mt5,7,nqc,11,0.26,0.10493771130565248,0.30890641044909695,0.20789473684210524,0.002694118757519195,97
mt5,7,spatial,11,0.28,0.36438800738389054,0.00026243074760731716,0.21491228070175433,0.001922643300449403,97
mt5,7,a_ratio,11,0.28,0.1005292605200181,0.3297833441883275,0.003508771929824561,0.9596094143193218,97
mt5,7,nqc,11,0.28,0.11251765871471142,0.27506513164987584,0.21228070175438593,0.0021843848573714557,97
mt5,7,spatial,11,0.3,0.3685856988762073,0.00021983083017803131,0.21929824561403505,0.0015495867057188555,97
mt5,7,a_ratio,11,0.3,0.10119978000563609,0.32655131859878644,0.003947368421052631,0.954565748248739,97
mt5,7,nqc,11,0.3,0.12048925807774746,0.24226265792023982,0.21798245614035083,0.0016538318211645647,97
mt5,7,spatial,11,0.32,0.3726425692645732,0.00018481663116174909,0.2171052631578947,0.0017268729312904809,97
mt5,7,a_ratio,11,0.32,0.10190941278466722,0.3231528941216216,0.004824561403508771,0.9444840737693221,97
mt5,7,nqc,11,0.32,0.12887096912454585,0.21080408771434578,0.21798245614035083,0.0016538318211645647,97
mt5,7,spatial,11,0.34,0.376542013036651,0.00015609144808085575,0.22105263157894733,0.0014199974923815438,97
mt5,7,a_ratio,11,0.34,0.1026616750574922,0.3195751818125051,0.006140350877192982,0.9293787221862809,97
mt5,7,nqc,11,0.34,0.13768018658101494,0.1809962328993918,0.2184210526315789,0.001618387245157851,97
mt5,7,spatial,11,0.36,0.38026742043739636,0.00013256336892234437,0.22368421052631576,0.0012442476040664947,97
mt5,7,a_ratio,11,0.36,0.10346051630382049,0.3158039679336328,0.007456140350877191,0.9142987729055279,97
mt5,7,nqc,11,0.36,0.14693251676367547,0.1531346823790156,0.22061403508771926,0.001451423191322646,97
mt5,7,spatial,11,0.38,0.3838023617634996,0.00011331926731836992,0.2232456140350877,0.0012720699376961898,97
mt5,7,a_ratio,11,0.38,0.10431038793279943,0.3118235468350027,0.009210526315789471,0.8942409928983389,97
mt5,7,nqc,11,0.38,0.15664085842907532,0.1274885099543133,0.2232456140350877,0.0012720699376961898,97
mt5,7,spatial,11,0.4,0.38713078470278456,9.760052240025795e-05,0.2228070175438596,0.0013004656192157056,97
mt5,7,a_ratio,11,0.4,0.10521632536772997,0.3076165296456724,0.011842105263157893,0.8642846291310888,97
mt5,7,nqc,11,0.4,0.16681425571163894,0.1042835055286035,0.22982456140350874,0.0009093607305517675,97
mt5,7,spatial,11,0.42,0.39023722096706454,8.478080564818403e-05,0.2258771929824561,0.0011133750209757257,97
mt5,7,a_ratio,11,0.42,0.10618404672430615,0.3031636251051085,0.013596491228070173,0.8444188289548002,97
mt5,7,nqc,11,0.42,0.17745649391759566,0.08368537153269462,0.23157894736842102,0.0008303144784156731,97
mt5,7,spatial,11,0.44,0.39310699771768626,7.434612991201456e-05,0.22894736842105257,0.0009514478072229865,97
mt5,7,a_ratio,11,0.44,0.10722007211600643,0.29844338840602397,0.014912280701754382,0.8295834326185275,97
mt5,7,nqc,11,0.44,0.18856441739499083,0.06578485787519767,0.23289473684210524,0.0007752661095537938,97
mt5,7,spatial,11,0.46,0.39572644865164974,6.58772309212062e-05,0.23201754385964907,0.0008115744326137436,97
mt5,7,a_ratio,11,0.46,0.10833186877589729,0.2934319334908278,0.01622807017543859,0.8148085523102466,97
mt5,7,nqc,11,0.46,0.20012596532810212,0.050587151436175364,0.2302631578947368,0.0008889704166142316,97
mt5,7,spatial,11,0.48,0.3980831191555213,5.90342520350592e-05,0.23245614035087714,0.0007932274849806823,97
mt5,7,a_ratio,11,0.48,0.1095280287240496,0.28810260391735526,0.017982456140350874,0.7952115822983997,97
mt5,7,nqc,11,0.48,0.21211794921011204,0.03800780042748336,0.2346491228070175,0.0007071302383650919,97
mt5,7,spatial,11,0.5,0.4001659596922457,5.354362912796228e-05,0.23640350877192978,0.0006445938679827261,97
mt5,7,a_ratio,11,0.5,0.11081848778058281,0.28242559731638633,0.018421052631578942,0.7903319415119258,97
mt5,7,nqc,11,0.5,0.224503638023911,0.027876875396385465,0.23377192982456135,0.0007404706075872587,97
mt5,7,spatial,11,0.52,0.40196550159935246,4.918702276237472e-05,0.23991228070175435,0.0005346547694821339,97
mt5,7,a_ratio,11,0.52,0.11221479753608388,0.27636753882605714,0.020175438596491225,0.7708972462356571,97
mt5,7,nqc,11,0.52,0.23723027596514298,0.019951895689352253,0.23333333333333328,0.0007576829079550207,97
mt5,7,spatial,11,0.54,0.4034740097684466,4.579211620331467e-05,0.24298245614035083,0.0004530555607905571,97
mt5,7,a_ratio,11,0.54,0.11373046574827228,0.26989100008550215,0.020175438596491225,0.7708972462356571,97
mt5,7,nqc,11,0.54,0.25022673254044886,0.0139384322207016,0.23991228070175435,0.0005346547694821339,97
mt5,7,spatial,11,0.56,0.40468560724881336,4.32250866475828e-05,0.2447368421052631,0.00041180545021419704,97
mt5,7,a_ratio,11,0.56,0.1153813859830273,0.2629539630386578,0.024999999999999994,0.7182216070520635,97
mt5,7,nqc,11,0.56,0.26340157104728656,0.009515617784403617,0.24166666666666664,0.0004864896630231411,97
mt5,7,spatial,11,0.58,0.40559636765536977,4.138455932603819e-05,0.24561403508771923,0.00039252186505296443,97
mt5,7,a_ratio,11,0.58,0.11718638482314628,0.25550923300942296,0.025438596491228066,0.7134944098591739,97
mt5,7,nqc,11,0.58,0.2766419065823045,0.006362592278185083,0.24254385964912276,0.00046395436170867623,97
mt5,7,spatial,11,0.6,0.4062043723253506,4.0196866102998686e-05,0.25131578947368416,0.0002863369173575716,97
mt5,7,a_ratio,11,0.6,0.1191679256294625,0.24750381505906272,0.029824561403508764,0.6668525318175984,97
mt5,7,nqc,11,0.6,0.2898134875566371,0.004181668173290505,0.2460526315789473,0.00038319963731609435,97
mt5,7,spatial,11,0.62,0.40650973040266253,3.9612448479526255e-05,0.2535087719298245,0.0002531918111138595,97
mt5,7,a_ratio,11,0.62,0.12135302318408028,0.23887828455243046,0.03157894736842105,0.6485384145930861,97
mt5,7,nqc,11,0.62,0.3027624452642588,0.00271490250798589,0.25087719298245614,0.00029343605987257174,97
mt5,7,spatial,11,0.64,0.4065145613632901,3.9603266690800215e-05,0.25614035087719295,0.00021816883242795217,97
mt5,7,a_ratio,11,0.64,0.1237744459439258,0.2295662122547056,0.03157894736842105,0.6485384145930861,97
mt5,7,nqc,11,0.64,0.31531908049350754,0.001752532261026747,0.250438596491228,0.0003006998134497259,97
mt5,7,spatial,11,0.66,0.4062229408505611,4.016109962769242e-05,0.25307017543859645,0.0002595183880458877,97
mt5,7,a_ratio,11,0.66,0.1264723158168502,0.21949375482789119,0.03596491228070175,0.603692225651151,97
mt5,7,nqc,11,0.66,0.3273038674186819,0.0011337280870913147,0.2495614035087719,0.00031573529791605395,97
mt5,7,spatial,11,0.68,0.40564081198528745,4.1296642890652496e-05,0.256578947368421,0.00021279374076250973,97
mt5,7,a_ratio,11,0.68,0.12949626531644381,0.20857960805697964,0.03552631578947368,0.6081137650403032,97
mt5,7,nqc,11,0.68,0.3385355485312868,0.000741643962281843,0.250438596491228,0.0003006998134497259,97
mt5,7,spatial,11,0.7,0.4047758654780831,4.303933312298889e-05,0.2578947368421052,0.00019740507498430313,97
mt5,7,a_ratio,11,0.7,0.13290838837596974,0.19673566767378084,0.0381578947368421,0.5818046615742262,97
mt5,7,nqc,11,0.7,0.34884080393856126,0.0004953682904654363,0.2478070175438596,0.00034794104688647836,97
mt5,7,spatial,11,0.72,0.4036373928368827,4.54378449352546e-05,0.256578947368421,0.00021279374076250973,97
mt5,7,a_ratio,11,0.72,0.13678734007748838,0.183868994058905,0.042543859649122794,0.5391788167574111,97
mt5,7,nqc,11,0.72,0.3580645824707024,0.00034113834225461413,0.24736842105263154,0.0003564594902013864,97
mt5,7,spatial,11,0.74,0.4022361176859223,4.856122153738969e-05,0.2583333333333333,0.00019251229597668152,97
mt5,7,a_ratio,11,0.74,0.14123412904456714,0.16988610442478727,0.046929824561403495,0.49817762339289917,97
mt5,7,nqc,11,0.74,0.3660798912998077,0.00024441942277528934,0.24868421052631576,0.0003314723440454529,97
mt5,7,spatial,11,0.76,0.4005840106671381,5.250061113132315e-05,0.2570175438596491,0.00020754319542769554,97
mt5,7,a_ratio,11,0.76,0.14638045002372893,0.15470133740021175,0.0513157894736842,0.45889683919029467,97
mt5,7,nqc,11,0.76,0.37279576334201536,0.00018360155787045885,0.2464912280701754,0.0003740846525535562,97
mt5,7,spatial,11,0.78,0.3986940935752775,5.7371587805234896e-05,0.25438596491228066,0.00024097016048905146,97
mt5,7,a_ratio,11,0.78,0.15240090125581562,0.13825223220979402,0.06140350877192981,0.37547457643725846,97
mt5,7,nqc,11,0.78,0.37816231734528316,0.00014541957583739042,0.2447368421052631,0.00041180545021419704,97
mt5,7,spatial,11,0.8,0.3965802382976249,6.331703784492467e-05,0.2557017543859649,0.00022367120423335903,97
mt5,7,a_ratio,11,0.8,0.15953125301591836,0.12052677702725564,0.06622807017543858,0.33912253473494924,97
mt5,7,nqc,11,0.8,0.38217227071832727,0.00012184636294642714,0.2464912280701754,0.0003740846525535562,97
mt5,7,spatial,11,0.82,0.3942569658175713,7.051058989355229e-05,0.250438596491228,0.0003006998134497259,97
mt5,7,a_ratio,11,0.82,0.16809629021120803,0.10161017193837633,0.07368421052631577,0.2875469369380935,97
mt5,7,nqc,11,0.82,0.3848588514549939,0.00010809210751963287,0.24868421052631576,0.0003314723440454529,97
mt5,7,spatial,11,0.84,0.3917392500398612,7.916056025617114e-05,0.2464912280701754,0.0003740846525535562,97
mt5,7,a_ratio,11,0.84,0.1785529228094937,0.0817618996235609,0.08640350877192982,0.21236013506761187,97
mt5,7,nqc,11,0.84,0.38629062742652387,0.00010136485194808311,0.24561403508771923,0.00039252186505296443,97
mt5,7,spatial,11,0.86,0.38904233055282955,8.951437306364489e-05,0.2464912280701754,0.0003740846525535562,97
mt5,7,a_ratio,11,0.86,0.19155734151346493,0.061534035831183935,0.0907894736842105,0.19005833264780647,97
mt5,7,nqc,11,0.86,0.3865641856858222,0.00010012461977119917,0.24736842105263154,0.0003564594902013864,97
mt5,7,spatial,11,0.88,0.3861815377103193,0.0001018633994261751,0.24298245614035083,0.0004530555607905571,97
mt5,7,a_ratio,11,0.88,0.20806742191446298,0.04192621316182103,0.0995614035087719,0.15071347598911033,97
mt5,7,nqc,11,0.88,0.3857957712203849,0.00010364469932002547,0.2421052631578947,0.00047509739036277217,97
mt5,7,spatial,11,0.9,0.3831721326425104,0.0001165481408405847,0.2385964912280701,0.0005736554562799961,97
mt5,7,a_ratio,11,0.9,0.22948270594875608,0.024505259279732062,0.11535087719298244,0.09593017536365477,97
mt5,7,nqc,11,0.9,0.384112935213933,0.00011175881297535957,0.2403508771929824,0.0005222134964126145,97
mt5,7,spatial,11,0.92,0.3800291640346779,0.00013396366097968165,0.23552631578947364,0.0006751892693239896,97
mt5,7,a_ratio,11,0.92,0.2577490959737203,0.011234280176989206,0.13289473684210523,0.05509435768226517,97
mt5,7,nqc,11,0.92,0.38164701298953563,0.0001247183566330445,0.23903508771929818,0.0005603701088308085,97
mt5,7,spatial,11,0.94,0.3767673427826267,0.0001545651478748043,0.23333333333333328,0.0007576829079550207,97
mt5,7,a_ratio,11,0.94,0.294954504187894,0.0035308516444908806,0.15877192982456137,0.021927067591039504,97
mt5,7,nqc,11,0.94,0.3785269442845688,0.00014311311169012825,0.23728070175438593,0.0006152920473840185,97
mt5,7,spatial,11,0.96,0.3734009349712617,0.0001788734669178925,0.22982456140350874,0.0009093607305517675,97
mt5,7,a_ratio,11,0.96,0.3402090543958437,0.0006952453595613364,0.1964912280701754,0.004567543784697511,97
mt5,7,nqc,11,0.96,0.3748746476156284,0.00016782673749187686,0.23333333333333328,0.0007576829079550207,97
mt5,7,spatial,11,0.98,0.36994367304750136,0.00020748054571220937,0.2258771929824561,0.0011133750209757257,97
mt5,7,a_ratio,11,0.98,0.3777334432892359,0.0001481764932410141,0.22938596491228067,0.0009301837506347448,97
mt5,7,nqc,11,0.98,0.3708019209864475,0.00020000913821701936,0.2271929824561403,0.0010410859719474062,97
mt5,7,spatial,11,1.0,0.3664086845812237,0.0002410544162704059,0.22192982456140345,0.001359019813248218,97
mt5,7,a_ratio,11,1.0,0.3664086845812237,0.0002410544162704059,0.22192982456140345,0.001359019813248218,97
mt5,7,nqc,11,1.0,0.3664086845812237,0.0002410544162704059,0.22192982456140345,0.001359019813248218,97
mt5,7,spatial,12,0.0,0.29903096439436805,0.0030809222584172124,0.1776315789473684,0.010352157028285932,97
mt5,7,a_ratio,12,0.0,0.09394360593896267,0.3626044221678115,-0.003508771929824561,0.9596094143193218,97
mt5,7,nqc,12,0.0,0.03390937630110298,0.7429231504473657,-0.0026315789473684206,0.9697013964662655,97
mt5,7,spatial,12,0.02,0.3038046881228943,0.0026199070491317584,0.18070175438596486,0.009103246710666093,97
mt5,7,a_ratio,12,0.02,0.09429508037163445,0.36080354513230395,-0.003508771929824561,0.9596094143193218,97
mt5,7,nqc,12,0.02,0.03801695350659753,0.7130655299949944,0.08640350877192982,0.21236013506761187,97
mt5,7,spatial,12,0.04,0.3086083432965882,0.0022195864804647972,0.18421052631578944,0.007842044522710973,97
mt5,7,a_ratio,12,0.04,0.09466113812450533,0.35893382728818374,-0.004385964912280701,0.9495239009595372,97
mt5,7,nqc,12,0.04,0.04231158695957774,0.6823048720680142,0.10921052631578945,0.11495986919059359,97
mt5,7,spatial,12,0.06,0.3134345598867521,0.0018737749874357286,0.18508771929824558,0.007552277732226657,97
mt5,7,a_ratio,12,0.06,0.0950427048903428,0.3569912856857881,-0.004824561403508771,0.9444840737693221,97
mt5,7,nqc,12,0.06,0.04680462439787406,0.6506705871529561,0.1263157894736842,0.0682769876388756,97
mt5,7,spatial,12,0.08,0.3182751820024091,0.0015765909111499768,0.18859649122807015,0.006486839186137605,97
mt5,7,a_ratio,12,0.08,0.095440786294537,0.3549716279261462,-0.003070175438596491,0.9646546976352598,97
mt5,7,nqc,12,0.08,0.051508151991538006,0.6182057949563946,0.1451754385964912,0.03613683367153821,97
mt5,7,spatial,12,0.1,0.32312124158343036,0.0013224962067947394,0.19078947368421048,0.005891622551225342,97
mt5,7,a_ratio,12,0.1,0.09585647670059991,0.3528702219764462,-0.0026315789473684206,0.9697013964662655,97
mt5,7,nqc,12,0.1,0.056435023394694625,0.5849695335909704,0.15614035087719297,0.024218442010991905,97
mt5,7,spatial,12,0.12,0.3279629391262882,0.0011063270243124928,0.19166666666666665,0.0056676554767862795,97
mt5,7,a_ratio,12,0.12,0.09629096920412716,0.35068206245132716,-0.0013157894736842103,0.984847966341271,97
mt5,7,nqc,12,0.12,0.061598882418158044,0.5510390891632861,0.16578947368421051,0.01671505177868845,97
mt5,7,spatial,12,0.14,0.33278963306581616,0.0009233149045508435,0.1960526315789473,0.004658897081724128,97
mt5,7,a_ratio,12,0.14,0.09674556700636025,0.3484017328801829,-0.0008771929824561403,0.9898983068920344,97
mt5,7,nqc,12,0.14,0.06701417636227097,0.5165123729898705,0.175,0.011541673254595812,97
mt5,7,spatial,12,0.16,0.33758983952795724,0.0007690986862680756,0.19736842105263155,0.0043896882161837195,97
mt5,7,a_ratio,12,0.16,0.09722169639437979,0.3460233634074144,-0.00043859649122807013,0.9949490522405066,97
mt5,7,nqc,12,0.16,0.07269615617380842,0.4815102377024746,0.1776315789473684,0.010352157028285932,97
mt5,7,spatial,12,0.18,0.34235124421761387,0.0006397275550158106,0.20043859649122803,0.0038155311548393224,97
mt5,7,a_ratio,12,0.18,0.09772092159861129,0.34354058328725023,0.00043859649122807013,0.9949490522405066,97
mt5,7,nqc,12,0.18,0.07866085849747496,0.4461785790460221,0.18421052631578944,0.007842044522710973,97
mt5,7,spatial,12,0.2,0.34706072819919176,0.0005316559636786502,0.2052631578947368,0.0030499490794706602,97
mt5,7,a_ratio,12,0.2,0.09824496185162174,0.34094646743519685,0.0017543859649122805,0.9797982329262411,97
mt5,7,nqc,12,0.2,0.08492506333959474,0.4106900176848865,0.19298245614035084,0.005346085893178478,97
mt5,7,spatial,12,0.22,0.3517044092515007,0.00044173139942200627,0.2083333333333333,0.002638644175947716,97
mt5,7,a_ratio,12,0.22,0.09879571103756817,0.33823347618213984,0.0008771929824561403,0.9898983068920344,97
mt5,7,nqc,12,0.22,0.09150621940548079,0.37524489693876917,0.20043859649122803,0.0038155311548393224,97
mt5,7,spatial,12,0.24,0.3562677003197563,0.00036717615065606904,0.212719298245614,0.0021386085398990835,97
mt5,7,a_ratio,12,0.24,0.09937526040223449,0.3353933872416726,0.0008771929824561403,0.9898983068920344,97
mt5,7,nqc,12,0.24,0.0984223271719445,0.3400712727551142,0.20482456140350874,0.0031132595749828423,97
mt5,7,spatial,12,0.26,0.36073538633402724,0.00030556433362306025,0.21666666666666662,0.0017644953964592808,97
mt5,7,a_ratio,12,0.26,0.09998592489337657,0.33241721874356883,0.0017543859649122805,0.9797982329262411,97
mt5,7,nqc,12,0.26,0.10569176738247875,0.3054235197031625,0.20482456140350874,0.0031132595749828423,97
mt5,7,spatial,12,0.28,0.3650917203064459,0.00025479547066420573,0.21798245614035083,0.0016538318211645647,97
mt5,7,a_ratio,12,0.28,0.10063027382531313,0.3292951420028108,0.003508771929824561,0.9596094143193218,97
mt5,7,nqc,12,0.28,0.1133330598986018,0.27157914432737595,0.20877192982456136,0.0025842155919655403,97
mt5,7,spatial,12,0.3,0.36932053915487073,0.00021306587617436895,0.2184210526315789,0.001618387245157851,97
mt5,7,a_ratio,12,0.3,0.10131116671714399,0.32601638248090475,0.004824561403508771,0.9444840737693221,97
mt5,7,nqc,12,0.3,0.12136453474473376,0.23883340313031398,0.20877192982456136,0.0025842155919655403,97
mt5,7,spatial,12,0.32,0.3734053991299784,0.00017883901164934734,0.21666666666666662,0.0017644953964592808,97
mt5,7,a_ratio,12,0.32,0.10203179534962285,0.32256910715057474,0.006578947368421051,0.9243489833566951,97
mt5,7,nqc,12,0.32,0.12980389385892388,0.2074913900180949,0.21184210526315786,0.0022310577254778404,97
mt5,7,spatial,12,0.34,0.3773297300555155,0.00015081583151426844,0.21885964912280698,0.001583643031304207,97
mt5,7,a_ratio,12,0.34,0.10279573333338665,0.31894029619326647,0.009210526315789471,0.8942409928983389,97
mt5,7,nqc,12,0.34,0.1386676387403568,0.17785741308257763,0.21228070175438593,0.0021843848573714557,97
mt5,7,spatial,12,0.36,0.381077006845772,0.00012790597190015366,0.22105263157894733,0.0014199974923815438,97
mt5,7,a_ratio,12,0.36,0.1036069947967608,0.31511559663899225,0.010526315789473682,0.8792412027606161,97
mt5,7,nqc,12,0.36,0.14797033627981118,0.15022174611364203,0.21447368421052626,0.001964163707567382,97
mt5,7,spatial,12,0.38,0.3846309359675174,0.0001092004507062507,0.2232456140350877,0.0012720699376961898,97
mt5,7,a_ratio,12,0.38,0.10447010420592198,0.31107915520006185,0.010526315789473682,0.8792412027606161,97
mt5,7,nqc,12,0.38,0.15772369324308574,0.12484522691209808,0.21885964912280698,0.001583643031304207,97
mt5,7,spatial,12,0.4,0.38797565370236187,9.39463633427264e-05,0.23070175438596488,0.000869004617248621,97
mt5,7,a_ratio,12,0.4,0.10539017985252754,0.30681342715845733,0.011842105263157893,0.8642846291310888,97
mt5,7,nqc,12,0.4,0.16793541017372365,0.1019426672223442,0.2241228070175438,0.0012169881340798713,97
mt5,7,spatial,12,0.42,0.39109593228394035,8.152388626067394e-05,0.23157894736842102,0.0008303144784156731,97
mt5,7,a_ratio,12,0.42,0.10637303422321015,0.30229895775284016,0.014912280701754382,0.8295834326185275,97
mt5,7,nqc,12,0.42,0.17860778936064528,0.0816665819014526,0.22368421052631576,0.0012442476040664947,97
mt5,7,spatial,12,0.44,0.393977389282563,7.142574840711723e-05,0.23728070175438593,0.0006152920473840185,97
mt5,7,a_ratio,12,0.44,0.10742529535555007,0.29751413209999317,0.015789473684210523,0.8197264747302192,97
mt5,7,nqc,12,0.44,0.18973608096293149,0.06409322971104539,0.22631578947368416,0.001088778390813313,97
mt5,7,spatial,12,0.46,0.3966066950402737,6.323920444175363e-05,0.2385964912280701,0.0005736554562799961,97
mt5,7,a_ratio,12,0.46,0.10855455446127152,0.2924348893234436,0.014473684210526314,0.8345220924714823,97
mt5,7,nqc,12,0.46,0.20130656888170692,0.0492132273614085,0.22675438596491226,0.0010646851601117014,97
mt5,7,spatial,12,0.48,0.3989717725716333,5.66304451520701e-05,0.2359649122807017,0.0006597266644986306,97
mt5,7,a_ratio,12,0.48,0.10976954666468525,0.2870343963312485,0.017543859649122803,0.8000992472254054,97
mt5,7,nqc,12,0.48,0.21329442631497236,0.036928873116679736,0.2258771929824561,0.0011133750209757257,97
mt5,7,spatial,12,0.5,0.40106198418382566,5.133130961085358e-05,0.23640350877192978,0.0006445938679827261,97
mt5,7,a_ratio,12,0.5,0.11108037381198009,0.28128267672850116,0.019736842105263153,0.7757429796762659,97
mt5,7,nqc,12,0.5,0.22566141275235507,0.027059655827538925,0.22543859649122802,0.0011384845622564176,97
mt5,7,spatial,12,0.52,0.40286829916546213,4.7128117882622114e-05,0.23991228070175435,0.0005346547694821339,97
mt5,7,a_ratio,12,0.52,0.11249878116859693,0.2751461909093254,0.018859649122807014,0.7854605069177094,97
mt5,7,nqc,12,0.52,0.23835354099251904,0.019356211700627766,0.22763157894736838,0.0010179716220744474,97
mt5,7,spatial,12,0.54,0.4043834372631476,4.385241889457445e-05,0.24254385964912276,0.00046395436170867623,97
mt5,7,a_ratio,12,0.54,0.11403850374741246,0.2685873648544705,0.019736842105263153,0.7757429796762659,97
mt5,7,nqc,12,0.54,0.251298913545867,0.013521405019719532,0.23070175438596488,0.000869004617248621,97
mt5,7,spatial,12,0.56,0.4056019833056633,4.1373441233472114e-05,0.2460526315789473,0.00038319963731609435,97
mt5,7,a_ratio,12,0.56,0.11571570345432053,0.2615640682424101,0.023245614035087715,0.7372368386099444,97
mt5,7,nqc,12,0.56,0.2644060068934532,0.009235644209542832,0.23245614035087714,0.0007932274849806823,97
mt5,7,spatial,12,0.58,0.40652046922458057,3.959204083108523e-05,0.24824561403508766,0.00033961331260065896,97
mt5,7,a_ratio,12,0.58,0.1175495258753498,0.2540290482962705,0.026754385964912277,0.6993793181888966,97
mt5,7,nqc,12,0.58,0.27756275717646783,0.006182512867902941,0.23333333333333328,0.0007576829079550207,97
mt5,7,spatial,12,0.6,0.40713742081475707,3.843595478376666e-05,0.2478070175438596,0.00034794104688647836,97
mt5,7,a_ratio,12,0.6,0.11956281637771095,0.24592933622656815,0.027192982456140345,0.6946969935927938,97
mt5,7,nqc,12,0.6,0.290636851587605,0.0040707224322158375,0.23947368421052628,0.0005473717769045106,97
mt5,7,spatial,12,0.62,0.4074533678191097,3.7856191479007805e-05,0.25482456140350873,0.00023506899651749467,97
mt5,7,a_ratio,12,0.62,0.12178305080952129,0.23720566135620688,0.027192982456140345,0.6946969935927938,97
mt5,7,nqc,12,0.62,0.3034776284725786,0.002649389989247359,0.23903508771929818,0.0005603701088308085,97
mt5,7,spatial,12,0.64,0.4074708172378565,3.782441096832704e-05,0.2557017543859649,0.00022367120423335903,97
mt5,7,a_ratio,12,0.64,0.12424355886756465,0.2277919393496792,0.029385964912280696,0.6714627989283869,97
mt5,7,nqc,12,0.64,0.31591990619121074,0.0017153968477651303,0.2403508771929824,0.0005222134964126145,97
mt5,7,spatial,12,0.66,0.4071941910754898,3.8331173956231374e-05,0.256578947368421,0.00021279374076250973,97
mt5,7,a_ratio,12,0.66,0.12698515195070964,0.21761495438739872,0.03245614035087718,0.6394595858942697,97
mt5,7,nqc,12,0.66,0.32778987430305273,0.0011134632881647023,0.24122807017543854,0.0004981362879627977,97
mt5,7,spatial,12,0.68,0.4066297309723127,3.938496125516031e-05,0.2552631578947368,0.00022930364440164065,97
mt5,7,a_ratio,12,0.68,0.13005831809346885,0.20659444581549824,0.03421052631578947,0.6214641103401906,97
mt5,7,nqc,12,0.68,0.3389128906960605,0.0007309416140884812,0.243859649122807,0.00043197102860202826,97
mt5,7,spatial,12,0.7,0.4057853732519267,4.1011886932518393e-05,0.2570175438596491,0.00020754319542769554,97
mt5,7,a_ratio,12,0.7,0.13352622423894248,0.1946439634817859,0.03596491228070175,0.603692225651151,97
mt5,7,nqc,12,0.7,0.3491226698213479,0.0004898353200313203,0.243859649122807,0.00043197102860202826,97
mt5,7,spatial,12,0.72,0.4046705987952549,4.325604684464157e-05,0.2535087719298245,0.0002531918111138595,97
mt5,7,a_ratio,12,0.72,0.13746888694405027,0.18167311603684125,0.03947368421052631,0.5688527083267978,97
mt5,7,nqc,12,0.72,0.3582709939017551,0.00033825875169235444,0.24122807017543854,0.0004981362879627977,97
mt5,7,spatial,12,0.74,0.40329626278635555,4.6180459262009046e-05,0.2552631578947368,0.00022930364440164065,97
mt5,7,a_ratio,12,0.74,0.14198906388354504,0.16759227522196363,0.042543859649122794,0.5391788167574111,97
mt5,7,nqc,12,0.74,0.36623683004081725,0.00024280787558166175,0.24298245614035083,0.0004530555607905571,97
mt5,7,spatial,12,0.76,0.40167440974581303,4.9868565462373056e-05,0.2539473684210526,0.0002470100935230778,97
mt5,7,a_ratio,12,0.76,0.14722072640411563,0.15232153329240333,0.04999999999999999,0.4704954334614633,97
mt5,7,nqc,12,0.76,0.3729336847942517,0.00018251394536270032,0.2460526315789473,0.00038319963731609435,97
mt5,7,spatial,12,0.78,0.3998180793736596,5.4426265250532026e-05,0.25307017543859645,0.0002595183880458877,97
mt5,7,a_ratio,12,0.78,0.15334147627371142,0.13580691547193896,0.057456140350877184,0.4069396981346084,97
mt5,7,nqc,12,0.78,0.37831422157027916,0.00014445454563218114,0.2421052631578947,0.00047509739036277217,97
mt5,7,spatial,12,0.8,0.3977411085833492,5.9984465204188316e-05,0.24824561403508766,0.00033961331260065896,97
mt5,7,a_ratio,12,0.8,0.1605910988527768,0.11804874158641337,0.06535087719298245,0.34555840797111037,97
mt5,7,nqc,12,0.8,0.38237157883422135,0.00012077273668451625,0.24254385964912276,0.00046395436170867623,97
mt5,7,spatial,12,0.82,0.3954579347533337,6.670211600038025e-05,0.2460526315789473,0.00038319963731609435,97
mt5,7,a_ratio,12,0.82,0.16929980711852324,0.09914970974824693,0.07499999999999998,0.27902607466789,97
mt5,7,nqc,12,0.82,0.38513735931867754,0.00010675191319579617,0.2403508771929824,0.0005222134964126145,97
mt5,7,spatial,12,0.84,0.39298340469573445,7.47697095304884e-05,0.24254385964912276,0.00046395436170867623,97
mt5,7,a_ratio,12,0.84,0.1799318917399773,0.07939304806682988,0.08552631578947366,0.21703863010225988,97
mt5,7,nqc,12,0.84,0.3866767744427806,9.961828130955384e-05,0.23991228070175435,0.0005346547694821339,97
mt5,7,spatial,12,0.86,0.39033259319043295,8.441319691145655e-05,0.2421052631578947,0.00047509739036277217,97
mt5,7,a_ratio,12,0.86,0.19315349509151064,0.05936017824302649,0.09122807017543857,0.18792678491316706,97
mt5,7,nqc,12,0.86,0.3870817989476561,9.78163885093973e-05,0.243859649122807,0.00043197102860202826,97
mt5,7,spatial,12,0.88,0.3875206342068265,9.58982753928825e-05,0.23815789473684207,0.0005872336126765293,97
mt5,7,a_ratio,12,0.88,0.20993529613675596,0.04007936280442839,0.09868421052631578,0.1543437435330081,97
mt5,7,nqc,12,0.88,0.386463349257175,0.00010058013306668998,0.237719298245614,0.0006011104754053054,97
mt5,7,spatial,12,0.9,0.3845625671810705,0.00010953497621641082,0.23508771929824557,0.0006909882372402237,97
mt5,7,a_ratio,12,0.9,0.23169062481993744,0.023125272734018907,0.11447368421052628,0.09848323871599789,97
mt5,7,nqc,12,0.9,0.3849434470619989,0.00010768338667713491,0.2385964912280701,0.0005736554562799961,97
mt5,7,spatial,12,0.92,0.38147319997476475,0.00012568246761381617,0.23377192982456135,0.0007404706075872587,97
mt5,7,a_ratio,12,0.92,0.26036912990956174,0.010406550919258628,0.13114035087719295,0.058383209330321456,97
mt5,7,nqc,12,0.92,0.3826481247189183,0.00011929757833663709,0.23201754385964907,0.0008115744326137436,97
mt5,7,spatial,12,0.94,0.37826698944515624,0.00014475396846238712,0.23201754385964907,0.0008115744326137436,97
mt5,7,a_ratio,12,0.94,0.2980076919998925,0.003188743675788981,0.156578947368421,0.023822706517307408,97
mt5,7,nqc,12,0.94,0.3797015528731865,0.00013591150873885967,0.23421052631578942,0.0007236220598486794,97
mt5,7,spatial,12,0.96,0.37495793993196264,0.00016722164995620938,0.22807017543859645,0.0009953330568858061,97
mt5,7,a_ratio,12,0.96,0.3434744039438532,0.0006122692306945997,0.18859649122807015,0.006486839186137605,97
mt5,7,nqc,12,0.96,0.37622159795052795,0.0001582858638327168,0.2302631578947368,0.0008889704166142316,97
mt5,7,spatial,12,0.98,0.371559519428238,0.00019362138640951443,0.22236842105263155,0.0013294453024995708,97
mt5,7,a_ratio,12,0.98,0.38045499283492945,0.00013147051844394575,0.21929824561403505,0.0015495867057188555,97
mt5,7,nqc,12,0.98,0.3723167972538148,0.00018742528482154416,0.2245614035087719,0.0011902812109366697,97
mt5,7,spatial,12,1.0,0.36808459276083494,0.00022455720340052023,0.21885964912280698,0.001583643031304207,97
mt5,7,a_ratio,12,1.0,0.36808459276083494,0.00022455720340052023,0.21885964912280698,0.001583643031304207,97
mt5,7,nqc,12,1.0,0.36808459276083494,0.00022455720340052023,0.21885964912280698,0.001583643031304207,97
mt5,7,spatial,13,0.0,0.29903096439436805,0.0030809222584172124,0.1776315789473684,0.010352157028285932,97
mt5,7,a_ratio,13,0.0,0.09394360593896267,0.3626044221678115,-0.003508771929824561,0.9596094143193218,97
mt5,7,nqc,13,0.0,0.03390937630110298,0.7429231504473657,-0.0026315789473684206,0.9697013964662655,97
mt5,7,spatial,13,0.02,0.304021734471662,0.0026005045489878994,0.18070175438596486,0.009103246710666093,97
mt5,7,a_ratio,13,0.02,0.09430543956770518,0.36075055081317087,-0.003508771929824561,0.9596094143193218,97
mt5,7,nqc,13,0.02,0.03815666219134589,0.7120572717523492,0.09298245614035086,0.1795768982922561,97
mt5,7,spatial,13,0.04,0.3090440497357233,0.002186156868324781,0.1820175438596491,0.008610498746466352,97
mt5,7,a_ratio,13,0.04,0.09468227310119857,0.35882605921333516,-0.004824561403508771,0.9444840737693221,97
mt5,7,nqc,13,0.04,0.04259772065822204,0.6802730863880316,0.11271929824561401,0.1037519879759869,97
mt5,7,spatial,13,0.06,0.3140901020770661,0.0018307660076371907,0.1846491228070175,0.007695938960913375,97
mt5,7,a_ratio,13,0.06,0.09507505777673034,0.35682687860239454,-0.003508771929824561,0.9596094143193218,97
mt5,7,nqc,13,0.06,0.04724427740228959,0.6476069768915532,0.1320175438596491,0.05671894881927785,97
mt5,7,spatial,13,0.08,0.3191512575154642,0.0015276132134012367,0.1864035087719298,0.00713560971179531,97
mt5,7,a_ratio,13,0.08,0.09548482688696597,0.3547486257182994,-0.0026315789473684206,0.9697013964662655,97
mt5,7,nqc,13,0.08,0.052108810862620605,0.6141105280545176,0.1464912280701754,0.03448318151719248,97
mt5,7,spatial,13,0.1,0.32421803119997117,0.0012704170121599517,0.18991228070175434,0.006123535868103072,97
mt5,7,a_ratio,13,0.1,0.09591270480951519,0.3525865723220145,-0.0021929824561403503,0.9747493089119874,97
mt5,7,nqc,13,0.1,0.057204578994270276,0.5798528727557903,0.15175438596491225,0.028499485428052914,97
mt5,7,spatial,13,0.12,0.32928007038194557,0.0010533642840161895,0.1894736842105263,0.006242548211379331,97
mt5,7,a_ratio,13,0.12,0.09635991725379,0.3503356111770655,-0.0017543859649122805,0.9797982329262411,97
mt5,7,nqc,13,0.12,0.06254563864578562,0.5449231282659333,0.1671052631578947,0.01586929650651852,97
mt5,7,spatial,13,0.14,0.33432614709710234,0.0008711295201759031,0.1921052631578947,0.00555857730471879,97
mt5,7,a_ratio,13,0.14,0.09682780292068528,0.3479902180141292,0.0,1.0,97
mt5,7,nqc,13,0.14,0.06814685429815744,0.509432830506339,0.175,0.011541673254595812,97
mt5,7,spatial,13,0.16,0.3393441623697967,0.0007188826512762902,0.1991228070175438,0.0040526815820536586,97
mt5,7,a_ratio,13,0.16,0.09731782680728326,0.34554440893398053,0.0008771929824561403,0.9898983068920344,97
mt5,7,nqc,13,0.16,0.07402389198889456,0.4735182324281363,0.17938596491228065,0.00962101549816644,97
mt5,7,spatial,13,0.18,0.34432116377918287,0.0005922862456799077,0.20350877192982453,0.003310447205982754,97
mt5,7,a_ratio,13,0.18,0.0978315954333629,0.34299169261911777,0.0013157894736842103,0.984847966341271,97
mt5,7,nqc,13,0.18,0.0801931930796855,0.43734228276623405,0.18991228070175434,0.006123535868103072,97
mt5,7,spatial,13,0.2,0.34924337818851964,0.00048748322569753855,0.2070175438596491,0.0028082775132586228,97
mt5,7,a_ratio,13,0.2,0.09837087432091984,0.34032501662809483,0.0021929824561403503,0.9747493089119874,97
mt5,7,nqc,13,0.2,0.08667192109206719,0.401096044177135,0.19385964912280698,0.005140957475072907,97
mt5,7,spatial,13,0.22,0.35409626132133704,0.0004010765156338335,0.2096491228070175,0.0024784263365173137,97
mt5,7,a_ratio,13,0.22,0.09893760812464217,0.33753670693465615,0.003508771929824561,0.9596094143193218,97
mt5,7,nqc,13,0.22,0.09347787309123767,0.3649992485789767,0.1991228070175438,0.0040526815820536586,97
mt5,7,spatial,13,0.24,0.35886456565810215,0.00033010220670477393,0.212719298245614,0.0021386085398990835,97
mt5,7,a_ratio,13,0.24,0.09953394389351361,0.3346183997440061,0.0026315789473684206,0.9697013964662655,97
mt5,7,nqc,13,0.24,0.10062934500760745,0.32929962892371634,0.20438596491228067,0.003177766074944934,97
mt5,7,spatial,13,0.26,0.36353242781362094,0.00027199789651522133,0.21754385964912276,0.0016899894279553034,97
mt5,7,a_ratio,13,0.26,0.10016225804551454,0.331560964468159,0.003508771929824561,0.9596094143193218,97
mt5,7,nqc,13,0.26,0.1081449378275309,0.2942706214368938,0.20789473684210524,0.002694118757519195,97
mt5,7,spatial,13,0.28,0.36808347613150105,0.00022456783931245377,0.21666666666666662,0.0017644953964592808,97
mt5,7,a_ratio,13,0.28,0.1008251877640651,0.3283544165687313,0.004824561403508771,0.9444840737693221,97
mt5,7,nqc,13,0.28,0.11604328876721184,0.260207016513123,0.21008771929824557,0.0024270312486862444,97
mt5,7,spatial,13,0.3,0.37250095869627636,0.00018594643922595553,0.21403508771929822,0.002006505794696667,97
mt5,7,a_ratio,13,0.3,0.10152566768332862,0.3249878187757848,0.006140350877192982,0.9293787221862809,97
mt5,7,nqc,13,0.3,0.1243427084280159,0.227418171291679,0.20877192982456136,0.0025842155919655403,97
mt5,7,spatial,13,0.32,0.3767678913218691,0.00015456144919503,0.21798245614035083,0.0016538318211645647,97
mt5,7,a_ratio,13,0.32,0.1022669729288641,0.3214491689631985,0.006140350877192982,0.9293787221862809,97
mt5,7,nqc,13,0.32,0.1330607016649977,0.19621850790578987,0.21447368421052626,0.001964163707567382,97
mt5,7,spatial,13,0.34,0.3808672243412299,0.00012909802353997185,0.21622807017543857,0.0018028700906948475,97
mt5,7,a_ratio,13,0.34,0.10305276983241235,0.31772527270260276,0.006578947368421051,0.9243489833566951,97
mt5,7,nqc,13,0.34,0.14221334676557917,0.16691523423822574,0.21754385964912276,0.0016899894279553034,97
mt5,7,spatial,13,0.36,0.38478202622012414,0.00010846453328728778,0.2201754385964912,0.0014834887833584708,97
mt5,7,a_ratio,13,0.36,0.10388717596086018,0.31380159822932896,0.007017543859649122,0.9193222670955983,97
mt5,7,nqc,13,0.36,0.1518145050129971,0.13979355726242632,0.22061403508771926,0.001451423191322646,97
mt5,7,spatial,13,0.38,0.38849568118135336,9.17608102523815e-05,0.2214912280701754,0.0013892001512035108,97
mt5,7,a_ratio,13,0.38,0.10477483151115825,0.3096621112379285,0.008333333333333331,0.9042622467947524,97
mt5,7,nqc,13,0.38,0.16187483155945415,0.11510011233234471,0.22192982456140345,0.001359019813248218,97
mt5,7,spatial,13,0.4,0.3919920971967544,7.824925532059914e-05,0.2258771929824561,0.0011133750209757257,97
mt5,7,a_ratio,13,0.4,0.10572098465429114,0.3052890865900998,0.010526315789473682,0.8792412027606161,97
mt5,7,nqc,13,0.4,0.1724005598865627,0.09302587088422391,0.2258771929824561,0.0011133750209757257,97
mt5,7,spatial,13,0.42,0.3952559199322676,6.732904102813754e-05,0.22894736842105257,0.0009514478072229865,97
mt5,7,a_ratio,13,0.42,0.10673159410199996,0.3006628936814275,0.011403508771929822,0.8692650265497066,97
mt5,7,nqc,13,0.42,0.18339203756913217,0.0736903315626263,0.2271929824561403,0.0010410859719474062,97
mt5,7,spatial,13,0.44,0.3982727475698482,5.85134665378524e-05,0.22675438596491226,0.0010646851601117014,97
mt5,7,a_ratio,13,0.44,0.1078134530744792,0.2957617519079138,0.011403508771929822,0.8692650265497066,97
mt5,7,nqc,13,0.44,0.19484200266244536,0.05712920943986228,0.22807017543859645,0.0009953330568858061,97
mt5,7,spatial,13,0.46,0.40102934093242026,5.141038814498903e-05,0.23157894736842102,0.0008303144784156731,97
mt5,7,a_ratio,13,0.46,0.10897434004154026,0.2905614524558841,0.014912280701754382,0.8295834326185275,97
mt5,7,nqc,13,0.46,0.20673361031827428,0.04328793823432189,0.23070175438596488,0.000869004617248621,97
mt5,7,spatial,13,0.48,0.403513823053229,4.5705550477554684e-05,0.23508771929824557,0.0006909882372402237,97
mt5,7,a_ratio,13,0.48,0.11022320320008354,0.28503504260759616,0.016666666666666663,0.8098979165995264,97
mt5,7,nqc,13,0.48,0.21903825089137013,0.032022918361938456,0.23070175438596488,0.000869004617248621,97
mt5,7,spatial,13,0.5,0.4057158622981289,4.1148579654003e-05,0.23421052631578942,0.0007236220598486794,97
mt5,7,a_ratio,13,0.5,0.1115703877877229,0.2791524690740673,0.016666666666666663,0.8098979165995264,97
mt5,7,nqc,13,0.5,0.23171324610346566,0.02311148499938352,0.23201754385964907,0.0008115744326137436,97
mt5,7,spatial,13,0.52,0.40762683339300676,3.754136504125635e-05,0.23815789473684207,0.0005872336126765293,97
mt5,7,a_ratio,13,0.52,0.11302791823159694,0.27288017780895496,0.016666666666666663,0.8098979165995264,97
mt5,7,nqc,13,0.52,0.24469956960203237,0.01627010651434096,0.2359649122807017,0.0006597266644986306,97
mt5,7,spatial,13,0.54,0.4092399512352942,3.4728545205577e-05,0.23947368421052628,0.0005473717769045106,97
mt5,7,a_ratio,13,0.54,0.11460985110481975,0.26618066977294547,0.019736842105263153,0.7757429796762659,97
mt5,7,nqc,13,0.54,0.25791981026226707,0.011178646750618816,0.2385964912280701,0.0005736554562799961,97
mt5,7,spatial,13,0.56,0.41055037316424203,3.2589820305914676e-05,0.2421052631578947,0.00047509739036277217,97
mt5,7,a_ratio,13,0.56,0.11633272036783929,0.25901201594752765,0.019298245614035085,0.7805974596041616,97
mt5,7,nqc,13,0.56,0.2712766735837461,0.0075071140793918885,0.24298245614035083,0.0004530555607905571,97
mt5,7,spatial,13,0.58,0.41155526639449136,3.1033832097186556e-05,0.2460526315789473,0.00038319963731609435,97
mt5,7,a_ratio,13,0.58,0.11821610408648157,0.25132734176003946,0.024561403508771926,0.7229596147173131,97
mt5,7,nqc,13,0.58,0.2846523843578486,0.004940688656587434,0.24342105263157887,0.00044239606192260735,97
mt5,7,spatial,13,0.6,0.41225383852777153,2.999337920225956e-05,0.24999999999999994,0.0003081316971646934,97
mt5,7,a_ratio,13,0.6,0.12028335276245092,0.2430743029907283,0.026315789473684206,0.7040731029869403,97
mt5,7,nqc,13,0.6,0.2979093905656873,0.0031992776844506784,0.2478070175438596,0.00034794104688647836,97
mt5,7,spatial,13,0.62,0.4126473303796926,2.9421765601924124e-05,0.250438596491228,0.0003006998134497259,97
mt5,7,a_ratio,13,0.62,0.12256253514029601,0.23419459551800392,0.027192982456140345,0.6946969935927938,97
mt5,7,nqc,13,0.62,0.31089274654567844,0.002049308580692657,0.24692982456140347,0.000365172660687329,97
mt5,7,spatial,13,0.64,0.4127389717148897,2.929011152619409e-05,0.2539473684210526,0.0002470100935230778,97
mt5,7,a_ratio,13,0.64,0.12508768027245534,0.22462357545389577,0.02807017543859649,0.6853673604806414,97
mt5,7,nqc,13,0.64,0.32343444551200173,0.00130742999745317,0.24429824561403507,0.00042177571212416556,97
mt5,7,spatial,13,0.66,0.4125339017940526,2.9585486079161685e-05,0.25131578947368416,0.0002863369173575716,97
mt5,7,a_ratio,13,0.66,0.12790042850827377,0.21429012355297844,0.03289473684210526,0.6349402336051264,97
mt5,7,nqc,13,0.66,0.33535976138117185,0.0008375534996423885,0.24736842105263154,0.0003564594902013864,97
mt5,7,spatial,13,0.68,0.4120390578252302,3.030974864713269e-05,0.25307017543859645,0.0002595183880458877,97
mt5,7,a_ratio,13,0.68,0.13105225494886547,0.20311698365622133,0.036842105263157884,0.5948927929379126,97
mt5,7,nqc,13,0.68,0.3464953561923265,0.0005436814597875822,0.24692982456140347,0.000365172660687329,97
mt5,7,spatial,13,0.7,0.4112630354147023,3.1479010601839313e-05,0.25438596491228066,0.00024097016048905146,97
mt5,7,a_ratio,13,0.7,0.1346075065382445,0.19102196507985117,0.0381578947368421,0.5818046615742262,97
mt5,7,nqc,13,0.7,0.35667855615616095,0.0003610663805947816,0.24429824561403507,0.00042177571212416556,97
mt5,7,spatial,13,0.72,0.410215925881341,3.3123649563820654e-05,0.2535087719298245,0.0002531918111138595,97
mt5,7,a_ratio,13,0.72,0.13864761439370757,0.17792066592418218,0.04210526315789473,0.5433700215214692,97
mt5,7,nqc,13,0.72,0.36576687551376547,0.00024766318645606713,0.2447368421052631,0.00041180545021419704,97
mt5,7,spatial,13,0.74,0.40890913580352417,3.528882532625236e-05,0.2521929824561403,0.00027261872163635134,97
mt5,7,a_ratio,13,0.74,0.14327703296194744,0.1637318176921424,0.047368421052631574,0.4941706970744447,97
mt5,7,nqc,13,0.74,0.37364666943376923,0.0001769859458113058,0.243859649122807,0.00043197102860202826,97
mt5,7,spatial,13,0.76,0.4073551944004802,3.8035459396128015e-05,0.2521929824561403,0.00027261872163635134,97
mt5,7,a_ratio,13,0.76,0.148631762100645,0.14838707983942004,0.04956140350877192,0.4743972995987332,97
mt5,7,nqc,13,0.76,0.3802398060318125,0.00013272496764159158,0.24561403508771923,0.00039252186505296443,97
mt5,7,spatial,13,0.78,0.4055675543206489,4.1441649014945816e-05,0.25307017543859645,0.0002595183880458877,97
mt5,7,a_ratio,13,0.78,0.1548918028939861,0.13184827976212185,0.05701754385964911,0.41053037262333025,97
mt5,7,nqc,13,0.78,0.3855074921425946,0.00010499468062632005,0.24254385964912276,0.00046395436170867623,97
mt5,7,spatial,13,0.8,0.4035603911451722,4.56044915578366e-05,0.2535087719298245,0.0002531918111138595,97
mt5,7,a_ratio,13,0.8,0.16229970775297292,0.11413686393251246,0.06271929824561404,0.36532940366389033,97
mt5,7,nqc,13,0.8,0.38945082383328083,8.786916779184014e-05,0.2464912280701754,0.0003740846525535562,97
mt5,7,spatial,13,0.82,0.40134840645407166,5.064229651224813e-05,0.24999999999999994,0.0003081316971646934,97
mt5,7,a_ratio,13,0.82,0.1711887021403272,0.09538267820036697,0.06359649122807016,0.35866198325465426,97
mt5,7,nqc,13,0.82,0.3921081534945872,7.783424408613363e-05,0.24868421052631576,0.0003314723440454529,97
mt5,7,spatial,13,0.84,0.39894663869315283,5.669716000206844e-05,0.2478070175438596,0.00034794104688647836,97
mt5,7,a_ratio,13,0.84,0.1820259091321124,0.07590118480922882,0.07675438596491226,0.2679345327469521,97
mt5,7,nqc,13,0.84,0.3935498379871395,7.284668395832055e-05,0.24912280701754383,0.00032351427155757553,97
mt5,7,spatial,13,0.86,0.3963702853713341,6.393787133507982e-05,0.24342105263157887,0.00044239606192260735,97
mt5,7,a_ratio,13,0.86,0.19547895959395786,0.05630565060354854,0.08903508771929823,0.1987626865625428,97
mt5,7,nqc,13,0.86,0.3938712473876164,7.177607621537881e-05,0.24824561403508766,0.00033961331260065896,97
mt5,7,spatial,13,0.88,0.39363453935997694,7.25631127103181e-05,0.23991228070175435,0.0005346547694821339,97
mt5,7,a_ratio,13,0.88,0.2125157677438712,0.037640053670232695,0.09780701754385963,0.15804007107697238,97
mt5,7,nqc,13,0.88,0.39318502069097605,7.407987928551107e-05,0.24561403508771923,0.00039252186505296443,97
mt5,7,spatial,13,0.9,0.3907544413024257,8.280490256319848e-05,0.2359649122807017,0.0006597266644986306,97
mt5,7,a_ratio,13,0.9,0.2345358546076681,0.02144531248742752,0.1100877192982456,0.11207233731986323,97
mt5,7,nqc,13,0.9,0.39161346862636126,7.96175656773243e-05,0.24517543859649119,0.0004020556656752658,97
mt5,7,spatial,13,0.92,0.3877447494109235,9.493222073334785e-05,0.23508771929824557,0.0006909882372402237,97
mt5,7,a_ratio,13,0.92,0.2634503973085195,0.00950183783553395,0.12456140350877191,0.07220038663462734,97
mt5,7,nqc,13,0.92,0.3892818067272987,8.854644513102251e-05,0.24122807017543854,0.0004981362879627977,97
mt5,7,spatial,13,0.94,0.38461982725853855,0.00010925474053688775,0.23157894736842102,0.0008303144784156731,97
mt5,7,a_ratio,13,0.94,0.30122134861952515,0.0028610448587616613,0.15526315789473683,0.025027037161781087,97
mt5,7,nqc,13,0.94,0.38631263214248746,0.000101264563912363,0.23728070175438593,0.0006152920473840185,97
mt5,7,spatial,13,0.96,0.3813935495862545,0.0001261265798495054,0.22894736842105257,0.0009514478072229865,97
mt5,7,a_ratio,13,0.96,0.34670785262477444,0.0005391327065317827,0.18596491228070172,0.007272147742628502,97
mt5,7,nqc,13,0.96,0.38282180242171937,0.00011837970548804176,0.23377192982456135,0.0007404706075872587,97
mt5,7,spatial,13,0.98,0.3780792256519475,0.0001459499714655637,0.22807017543859645,0.0009953330568858061,97
mt5,7,a_ratio,13,0.98,0.38431122896193415,0.0001107729560821554,0.22236842105263155,0.0013294453024995708,97
mt5,7,nqc,13,0.98,0.37891567521018155,0.00014069153791983045,0.22938596491228067,0.0009301837506347448,97
mt5,7,spatial,13,1.0,0.37468953925328546,0.00016917874330363137,0.22543859649122802,0.0011384845622564176,97
mt5,7,a_ratio,13,1.0,0.37468953925328546,0.00016917874330363137,0.22543859649122802,0.0011384845622564176,97
mt5,7,nqc,13,1.0,0.37468953925328546,0.00016917874330363137,0.22543859649122802,0.0011384845622564176,97
mt5,7,spatial,14,0.0,0.29903096439436805,0.0030809222584172124,0.1776315789473684,0.010352157028285932,97
mt5,7,a_ratio,14,0.0,0.09394360593896267,0.3626044221678115,-0.003508771929824561,0.9596094143193218,97
mt5,7,nqc,14,0.0,0.03390937630110298,0.7429231504473657,-0.0026315789473684206,0.9697013964662655,97
mt5,7,spatial,14,0.02,0.3036922028428578,0.002630013624069645,0.17938596491228065,0.00962101549816644,97
mt5,7,a_ratio,14,0.02,0.09429225734855913,0.3608179876446502,-0.003508771929824561,0.9596094143193218,97
mt5,7,nqc,14,0.02,0.037987476866970474,0.7132783219228657,0.08245614035087717,0.23399620258604115,97
mt5,7,spatial,14,0.04,0.3083801073490833,0.002237281230066734,0.1820175438596491,0.008610498746466352,97
mt5,7,a_ratio,14,0.04,0.09465537481768273,0.3589632180891533,-0.004824561403508771,0.9444840737693221,97
mt5,7,nqc,14,0.04,0.04225209793255963,0.6827275785693735,0.10657894736842104,0.12397445778654012,97
mt5,7,spatial,14,0.06,0.3130874626777511,0.001896915277698254,0.18289473684210522,0.008295385577532875,97
mt5,7,a_ratio,14,0.06,0.09503387659242615,0.35703615644131076,-0.003508771929824561,0.9596094143193218,97
mt5,7,nqc,14,0.06,0.04671463339612593,0.651298385345904,0.12719298245614033,0.06638202051764104,97
mt5,7,spatial,14,0.08,0.3178063076363369,0.0016033840322009585,0.18421052631578944,0.007842044522710973,97
mt5,7,a_ratio,14,0.08,0.09542876020863514,0.35503253787086225,-0.003070175438596491,0.9646546976352598,97
mt5,7,nqc,14,0.08,0.05138722845111725,0.6190316652381602,0.13859649122807016,0.04545413009688231,97
mt5,7,spatial,14,0.1,0.32252791191973684,0.0013514702834037187,0.1894736842105263,0.006242548211379331,97
mt5,7,a_ratio,14,0.1,0.09584111122665634,0.35294775971480097,-0.0017543859649122805,0.9797982329262411,97
mt5,7,nqc,14,0.1,0.0562828108910963,0.5859840125688034,0.15175438596491225,0.028499485428052914,97
mt5,7,spatial,14,0.12,0.32724275971107275,0.0011362996661750144,0.1894736842105263,0.006242548211379331,97
mt5,7,a_ratio,14,0.12,0.09627211314501496,0.3507768478885547,-0.0013157894736842103,0.984847966341271,97
mt5,7,nqc,14,0.12,0.0614151163525163,0.5522300395162116,0.16315789473684209,0.018526018575172384,97
mt5,7,spatial,14,0.14,0.3319405415306121,0.0009533605990151568,0.18859649122807015,0.006486839186137605,97
mt5,7,a_ratio,14,0.14,0.09672305868263203,0.3485144192908776,-0.00043859649122807013,0.9949490522405066,97
mt5,7,nqc,14,0.14,0.06679870455606784,0.5178647871010257,0.17280701754385963,0.012624003653747995,97
mt5,7,spatial,14,0.16,0.33661015590093224,0.0007985159052503528,0.19429824561403505,0.0050410843610361605,97
mt5,7,a_ratio,14,0.16,0.09719536265479581,0.3461546396489921,0.0017543859649122805,0.9797982329262411,97
mt5,7,nqc,14,0.16,0.07244896272191899,0.48300609635258435,0.17719298245614032,0.010542498984637544,97
mt5,7,spatial,14,0.18,0.34123972243308465,0.0006680064738089493,0.19692982456140345,0.004477815959740704,97
mt5,7,a_ratio,14,0.18,0.09769057671140643,0.3436911761647615,0.0008771929824561403,0.9898983068920344,97
mt5,7,nqc,14,0.18,0.07838209122441342,0.4477967910265221,0.18508771929824558,0.007552277732226657,97
mt5,7,spatial,14,0.2,0.3458166079239554,0.0005584475786087349,0.20438596491228067,0.003177766074944934,97
mt5,7,a_ratio,14,0.2,0.09821040625888573,0.34111714422260714,0.0017543859649122805,0.9797982329262411,97
mt5,7,nqc,14,0.2,0.0846150651729278,0.4124064703523495,0.19035087719298244,0.0060065708523342936,97
mt5,7,spatial,14,0.22,0.3503274669770683,0.00046681869272962705,0.20614035087719296,0.0029268376346768604,97
mt5,7,a_ratio,14,0.22,0.0987567299520064,0.33842504730300194,0.0026315789473684206,0.9697013964662655,97
mt5,7,nqc,14,0.22,0.09116556391035592,0.3770326506851808,0.1934210526315789,0.005242615402641688,97
mt5,7,spatial,14,0.24,0.35475829850623253,0.0003904477950611072,0.20877192982456136,0.0025842155919655403,97
mt5,7,a_ratio,14,0.24,0.09933162222183001,0.33560670910892954,0.003947368421052631,0.954565748248739,97
mt5,7,nqc,14,0.24,0.09805185836355995,0.3419009329723802,0.1960526315789473,0.004658897081724128,97
mt5,7,spatial,14,0.26,0.3590945192435511,0.00032699126687486135,0.21096491228070172,0.002327155955166847,97
mt5,7,a_ratio,14,0.26,0.09993737940493767,0.33265319675353666,0.005263157894736841,0.9394464677531641,97
mt5,7,nqc,14,0.26,0.10529264372514262,0.3072638165982526,0.20043859649122803,0.0038155311548393224,97
mt5,7,spatial,14,0.28,0.3633210550430469,0.0002744105126352223,0.21052631578947364,0.002376613320374723,97
mt5,7,a_ratio,14,0.28,0.10057655016236766,0.32955473367172833,0.005701754385964911,0.9344112837195322,97
mt5,7,nqc,14,0.28,0.1129068020796692,0.2733977421677633,0.1991228070175438,0.0040526815820536586,97
mt5,7,spatial,14,0.3,0.36742245034524734,0.0002309464170031377,0.21096491228070172,0.002327155955166847,97
mt5,7,a_ratio,14,0.3,0.1012519710308927,0.3263006007029904,0.006578947368421051,0.9243489833566951,97
mt5,7,nqc,14,0.3,0.1209130763400505,0.2405979444243845,0.20350877192982453,0.003310447205982754,97
mt5,7,spatial,14,0.32,0.3713829956484841,0.00019509267624594586,0.21140350877192976,0.002278642796588288,97
mt5,7,a_ratio,14,0.32,0.10196680814336599,0.32287902354342407,0.006140350877192982,0.9293787221862809,97
mt5,7,nqc,14,0.32,0.1293296333362771,0.20917075545723546,0.2070175438596491,0.0028082775132586228,97
mt5,7,spatial,14,0.34,0.3751868722282431,0.00016556892804125137,0.21140350877192976,0.002278642796588288,97
mt5,7,a_ratio,14,0.34,0.1027246064005929,0.31927704447806027,0.007894736842105262,0.9092786999029837,97
mt5,7,nqc,14,0.34,0.13817349032541848,0.17942314463710488,0.20877192982456136,0.0025842155919655403,97
mt5,7,spatial,14,0.36,0.3788183126730026,0.00014129446162378678,0.21403508771929822,0.002006505794696667,97
mt5,7,a_ratio,14,0.36,0.1035293476902151,0.31548037597769285,0.006578947368421051,0.9243489833566951,97
mt5,7,nqc,14,0.36,0.14745977598040377,0.15164954042004497,0.21184210526315786,0.0022310577254778404,97
mt5,7,spatial,14,0.38,0.38226177508788817,0.00012136313342135111,0.21666666666666662,0.0017644953964592808,97
mt5,7,a_ratio,14,0.38,0.10438552014948493,0.31147323337665717,0.008771929824561401,0.8992496118543148,97
mt5,7,nqc,14,0.38,0.15720079474648782,0.12611636402737836,0.21315789473684207,0.0020937133501945666,97
mt5,7,spatial,14,0.4,0.3855021280886838,0.00010501995394551563,0.21929824561403505,0.0015495867057188555,97
mt5,7,a_ratio,14,0.4,0.10529820098704243,0.3072381434428445,0.010526315789473682,0.8792412027606161,97
mt5,7,nqc,14,0.4,0.16740486337967686,0.10304520467290978,0.2171052631578947,0.0017268729312904809,97
mt5,7,spatial,14,0.42,0.3885248430069782,9.1639660094991e-05,0.2201754385964912,0.0014834887833584708,97
mt5,7,a_ratio,14,0.42,0.10627315605279322,0.3027557252187882,0.010087719298245612,0.8842365917819822,97
mt5,7,nqc,14,0.42,0.17807489202836518,0.08259612777784049,0.21973684210526312,0.001516205986896074,97
mt5,7,spatial,14,0.44,0.39131618909668764,8.070745107168026e-05,0.2228070175438596,0.0013004656192157056,97
mt5,7,a_ratio,14,0.44,0.10731696022826806,0.2980044390756418,0.011403508771929822,0.8692650265497066,97
mt5,7,nqc,14,0.44,0.18920669147373287,0.06485312462863554,0.21973684210526312,0.001516205986896074,97
mt5,7,spatial,14,0.46,0.39386342701852467,7.180195096470997e-05,0.2241228070175438,0.0012169881340798713,97
mt5,7,a_ratio,14,0.46,0.10843714387685316,0.2929602995234123,0.013157894736842103,0.8493765252593968,97
mt5,7,nqc,14,0.46,0.20078700575023392,0.049814023560576244,0.21973684210526312,0.001516205986896074,97
mt5,7,spatial,14,0.48,0.39615499552628847,6.45803692574325e-05,0.2228070175438596,0.0013004656192157056,97
mt5,7,a_ratio,14,0.48,0.109642372148443,0.28759654703925197,0.015350877192982452,0.8246514972992991,97
mt5,7,nqc,14,0.48,0.2127912983510864,0.03738710072115094,0.22236842105263155,0.0013294453024995708,97
mt5,7,spatial,14,0.5,0.3981806861257306,5.876576230519142e-05,0.22499999999999995,0.0011641166831212395,97
mt5,7,a_ratio,14,0.5,0.11094266602442926,0.281883274146956,0.015789473684210523,0.8197264747302192,97
mt5,7,nqc,14,0.5,0.2251813635028309,0.027395997228064184,0.2232456140350877,0.0012720699376961898,97
mt5,7,spatial,14,0.52,0.3999318005514668,5.413625269464145e-05,0.22631578947368416,0.001088778390813313,97
mt5,7,a_ratio,14,0.52,0.11234967682866112,0.2757870014378844,0.01622807017543859,0.8148085523102466,97
mt5,7,nqc,14,0.52,0.23790289340712822,0.019593334372483534,0.22499999999999995,0.0011641166831212395,97
mt5,7,spatial,14,0.54,0.40140128622516213,5.0516036599532035e-05,0.23114035087719292,0.0008494552777555434,97
mt5,7,a_ratio,14,0.54,0.11387702982562278,0.2692702005585613,0.020614035087719293,0.766060437360897,97
mt5,7,nqc,14,0.54,0.25088320707519374,0.013681789502109198,0.22763157894736838,0.0010179716220744474,97
mt5,7,spatial,14,0.56,0.40258384541764447,4.7767998406721825e-05,0.23684210526315785,0.0006297844386530204,97
mt5,7,a_ratio,14,0.56,0.11554075792976945,0.2622907640621663,0.019736842105263153,0.7757429796762659,97
mt5,7,nqc,14,0.56,0.2640294307652574,0.009339750825243558,0.23157894736842102,0.0008303144784156731,97
mt5,7,spatial,14,0.58,0.40347601461997074,4.5787753414914475e-05,0.2359649122807017,0.0006597266644986306,97
mt5,7,a_ratio,14,0.58,0.11735985413020514,0.25480142753257107,0.022368421052631576,0.7468059721962819,97
mt5,7,nqc,14,0.58,0.2772275012079573,0.006247545191304706,0.23157894736842102,0.0008303144784156731,97
mt5,7,spatial,14,0.6,0.40407621159785795,4.449894987181735e-05,0.23815789473684207,0.0005872336126765293,97
mt5,7,a_ratio,14,0.6,0.11935698200247778,0.24674915938805678,0.025438596491228066,0.7134944098591739,97
mt5,7,nqc,14,0.6,0.29034241907397307,0.004110090679001708,0.23245614035087714,0.0007932274849806823,97
mt5,7,spatial,14,0.62,0.4043847487094917,4.384967795022104e-05,0.24298245614035083,0.0004530555607905571,97
mt5,7,a_ratio,14,0.62,0.12155939917677284,0.23807455135992517,0.025438596491228066,0.7134944098591739,97
mt5,7,nqc,14,0.62,0.3032201817909209,0.0026728071354440307,0.23333333333333328,0.0007576829079550207,97
mt5,7,spatial,14,0.64,0.40440381224671873,4.380985289313462e-05,0.24736842105263154,0.0003564594902013864,97
mt5,7,a_ratio,14,0.64,0.12400017125093162,0.22871127304770125,0.025438596491228066,0.7134944098591739,97
mt5,7,nqc,14,0.64,0.31569173936324274,0.0017294145398904976,0.23333333333333328,0.0007576829079550207,97
mt5,7,spatial,14,0.66,0.40413740874615867,4.4369460417029116e-05,0.2478070175438596,0.00034794104688647836,97
mt5,7,a_ratio,14,0.66,0.1267197871436724,0.2185857060238018,0.03114035087719298,0.6530976048749184,97
mt5,7,nqc,14,0.66,0.32757911997073597,0.0011222102000769153,0.23640350877192978,0.0006445938679827261,97
mt5,7,spatial,14,0.68,0.4035912803419468,4.553757295984419e-05,0.2478070175438596,0.00034794104688647836,97
mt5,7,a_ratio,14,0.68,0.1297683373040483,0.20761696171264363,0.03421052631578947,0.6214641103401906,97
mt5,7,nqc,14,0.68,0.3387035630963932,0.0007368610969964129,0.23508771929824557,0.0006909882372402237,97
mt5,7,spatial,14,0.7,0.4027727922332134,4.734206431018262e-05,0.24736842105263154,0.0003564594902013864,97
mt5,7,a_ratio,14,0.7,0.1332084933259467,0.19571763822212634,0.03728070175438596,0.5905151548916238,97
mt5,7,nqc,14,0.7,0.34889511417214114,0.0004942977528109378,0.23640350877192978,0.0006445938679827261,97
mt5,7,spatial,14,0.72,0.4016907961653557,4.9829966690036586e-05,0.243859649122807,0.00043197102860202826,97
mt5,7,a_ratio,14,0.72,0.13711964754726852,0.18279592769898123,0.03859649122807017,0.5774720519086318,97
mt5,7,nqc,14,0.72,0.35800275625862477,0.0003420052441910831,0.23552631578947364,0.0006751892693239896,97
mt5,7,spatial,14,0.74,0.4003554744374226,5.306842786024131e-05,0.24298245614035083,0.0004530555607905571,97
mt5,7,a_ratio,14,0.74,0.1416037612661453,0.16876012002932803,0.04078947368421052,0.5560401381487439,97
mt5,7,nqc,14,0.74,0.3659038892678401,0.00024623846336360364,0.23421052631578942,0.0007236220598486794,97
mt5,7,spatial,14,0.76,0.39877816932803023,5.714623582778833e-05,0.2403508771929824,0.0005222134964126145,97
mt5,7,a_ratio,14,0.76,0.1467937762310707,0.15352727864710858,0.04605263157894736,0.5062430437149774,97
mt5,7,nqc,14,0.76,0.3725119170736921,0.00018585878279094324,0.23508771929824557,0.0006909882372402237,97
mt5,7,spatial,14,0.78,0.3969712029756881,6.217588494443984e-05,0.24254385964912276,0.00046395436170867623,97
mt5,7,a_ratio,14,0.78,0.15286594414855348,0.13703906912731761,0.05263157894736841,0.4474602468067769,97
mt5,7,nqc,14,0.78,0.37778091814282133,0.0001478689464526665,0.23333333333333328,0.0007576829079550207,97
mt5,7,spatial,14,0.8,0.3949476926687743,6.829615940042576e-05,0.23991228070175435,0.0005346547694821339,97
mt5,7,a_ratio,14,0.8,0.16005825394772571,0.11928962996348604,0.055263157894736833,0.42508013923155186,97
mt5,7,nqc,14,0.8,0.38170682492311836,0.00012438817940065052,0.23508771929824557,0.0006909882372402237,97
mt5,7,spatial,14,0.82,0.3927213662213911,7.567520825911003e-05,0.23947368421052628,0.0005473717769045106,97
mt5,7,a_ratio,14,0.82,0.16869849339909035,0.10037311859944051,0.06096491228070175,0.37889460648753104,97
mt5,7,nqc,14,0.82,0.38432511056177154,0.00011070424413004694,0.23421052631578942,0.0007236220598486794,97
mt5,7,spatial,14,0.84,0.390306381669542,8.45140803112474e-05,0.23815789473684207,0.0005872336126765293,97
mt5,7,a_ratio,14,0.84,0.17924763776298758,0.08056153247591309,0.06842105263157894,0.3233717236427517,97
mt5,7,nqc,14,0.84,0.3857055275510168,0.00010406555830615737,0.23815789473684207,0.0005872336126765293,97
mt5,7,spatial,14,0.86,0.3877171549589025,9.505067738340264e-05,0.2346491228070175,0.0007071302383650919,97
mt5,7,a_ratio,14,0.86,0.19236726647183056,0.06042300250691291,0.07938596491228068,0.2518719393317509,97
mt5,7,nqc,14,0.86,0.3859448275030848,0.0001029530219241489,0.23421052631578942,0.0007236220598486794,97
mt5,7,spatial,14,0.88,0.38496819865430654,0.00010756407174632748,0.23201754385964907,0.0008115744326137436,97
mt5,7,a_ratio,14,0.88,0.2090218326262278,0.04097388009344335,0.09429824561403508,0.17349779395571174,97
mt5,7,nqc,14,0.88,0.38515854374141645,0.00010665060656219642,0.2346491228070175,0.0007071302383650919,97
mt5,7,spatial,14,0.9,0.38207397402378485,0.00012237911759105922,0.22807017543859645,0.0009953330568858061,97
mt5,7,a_ratio,14,0.9,0.23061658938605634,0.02378803796730301,0.10570175438596488,0.1270989390651351,97
mt5,7,nqc,14,0.9,0.38347284596680703,0.0001149969850511574,0.22982456140350874,0.0009093607305517675,97
mt5,7,spatial,14,0.92,0.3790487581742353,0.00013987126905714328,0.22499999999999995,0.0011641166831212395,97
mt5,7,a_ratio,14,0.92,0.2590925157750324,0.010802944025320489,0.12412280701754383,0.07320956359994496,97
mt5,7,nqc,14,0.92,0.3810172453675381,0.0001282445120524596,0.22850877192982452,0.0009731613713928938,97
mt5,7,spatial,14,0.94,0.37590652727298723,0.00016047149910558903,0.2201754385964912,0.0014834887833584708,97
mt5,7,a_ratio,14,0.94,0.2964840553773035,0.0033555626384678965,0.156578947368421,0.023822706517307408,97
mt5,7,nqc,14,0.94,0.3779186289312705,0.0001469801842902079,0.2245614035087719,0.0011902812109366697,97
mt5,7,spatial,14,0.96,0.37266085630394663,0.00018467119589381023,0.2184210526315789,0.001618387245157851,97
mt5,7,a_ratio,14,0.96,0.3416835570402357,0.0006565802261323342,0.18289473684210522,0.008295385577532875,97
mt5,7,nqc,14,0.96,0.3742968129174283,0.00017208060375322633,0.22368421052631576,0.0012442476040664947,97
mt5,7,spatial,14,0.98,0.36932483529537496,0.00021302689759478136,0.21447368421052626,0.001964163707567382,97
mt5,7,a_ratio,14,0.98,0.37844068730294533,0.00014365565281286978,0.2096491228070175,0.0024784263365173137,97
mt5,7,nqc,14,0.98,0.370261578011585,0.00020468348354488498,0.21973684210526312,0.001516205986896074,97
mt5,7,spatial,14,1.0,0.36591100152837963,0.00024616471417739284,0.21447368421052626,0.001964163707567382,97
mt5,7,a_ratio,14,1.0,0.36591100152837963,0.00024616471417739284,0.21447368421052626,0.001964163707567382,97
mt5,7,nqc,14,1.0,0.36591100152837963,0.00024616471417739284,0.21447368421052626,0.001964163707567382,97
mt5,7,spatial,15,0.0,0.29903096439436805,0.0030809222584172124,0.1776315789473684,0.010352157028285932,97
mt5,7,a_ratio,15,0.0,0.09394360593896267,0.3626044221678115,-0.003508771929824561,0.9596094143193218,97
mt5,7,nqc,15,0.0,0.03390937630110298,0.7429231504473657,-0.0026315789473684206,0.9697013964662655,97
mt5,7,spatial,15,0.02,0.3036093965574721,0.0026374759940797497,0.181578947368421,0.008772032874754584,97
mt5,7,a_ratio,15,0.02,0.09429585782446748,0.36079956776658284,-0.003508771929824561,0.9596094143193218,97
mt5,7,nqc,15,0.02,0.03801694336146197,0.7130656032289739,0.08903508771929823,0.1987626865625428,97
mt5,7,spatial,15,0.04,0.308212455458693,0.0022503599086147142,0.18026315789473682,0.009273003873208558,97
mt5,7,a_ratio,15,0.04,0.09466273561480333,0.3589256809231907,-0.004824561403508771,0.9444840737693221,97
mt5,7,nqc,15,0.04,0.042312330643614504,0.6822995883511287,0.12105263157894736,0.08060113304798304,97
mt5,7,spatial,15,0.06,0.3128333948746786,0.0019140168300849744,0.1846491228070175,0.007695938960913375,97
mt5,7,a_ratio,15,0.06,0.09504516840533568,0.3569787652346821,-0.004385964912280701,0.9495239009595372,97
mt5,7,nqc,15,0.06,0.046807038376829695,0.6506537500288112,0.13245614035087716,0.05590173788646047,97
mt5,7,spatial,15,0.08,0.31746479996434734,0.001623157797831233,0.18377192982456136,0.007990630052244877,97
mt5,7,a_ratio,15,0.08,0.09544416558235734,0.3549545136141738,-0.003508771929824561,0.9596094143193218,97
mt5,7,nqc,15,0.08,0.051513331876591004,0.6181704285370024,0.14166666666666664,0.04088043032540512,97
mt5,7,spatial,15,0.1,0.32209856833894085,0.0013727944050654255,0.18815789473684208,0.006612180905745843,97
mt5,7,a_ratio,15,0.1,0.09586082567565149,0.3528482779669082,-0.0021929824561403503,0.9747493089119874,97
mt5,7,nqc,15,0.1,0.056444275166946084,0.5849078974871522,0.15219298245614032,0.02804388848739258,97
mt5,7,spatial,15,0.12,0.3267258970191745,0.0011582637804267353,0.1890350877192982,0.006363638865325849,97
mt5,7,a_ratio,15,0.12,0.09629634640696594,0.3506550353135865,-0.0008771929824561403,0.9898983068920344,97
mt5,7,nqc,15,0.12,0.061613758973588714,0.5509427316570757,0.16184210526315784,0.019494257081408093,97
mt5,7,spatial,15,0.14,0.3313372765021712,0.0009752460371909279,0.1890350877192982,0.006363638865325849,97
mt5,7,a_ratio,15,0.14,0.09675203612692282,0.3483693498782622,0.0008771929824561403,0.9898983068920344,97
mt5,7,nqc,15,0.14,0.06703652022794937,0.5163722343130235,0.168859649122807,0.014800278325359423,97
mt5,7,spatial,15,0.16,0.33592249321570267,0.0008197742795238813,0.19385964912280698,0.005140957475072907,97
mt5,7,a_ratio,15,0.16,0.0972293268690805,0.3459853305844729,0.0013157894736842103,0.984847966341271,97
mt5,7,nqc,15,0.16,0.07272814934863191,0.48131681667883874,0.17368421052631575,0.012180731335371816,97
mt5,7,spatial,15,0.18,0.34047064166042057,0.0006882375026283156,0.19692982456140345,0.004477815959740704,97
mt5,7,a_ratio,15,0.18,0.09772978929388464,0.34349658331731425,0.0013157894736842103,0.984847966341271,97
mt5,7,nqc,15,0.18,0.0787050804678536,0.44592217703073095,0.18245614035087715,0.008451628874483844,97
mt5,7,spatial,15,0.2,0.3449701475236972,0.0005773769443236737,0.1991228070175438,0.0040526815820536586,97
mt5,7,a_ratio,15,0.2,0.09825514984901078,0.3408961572090139,0.0008771929824561403,0.9898983068920344,97
mt5,7,nqc,15,0.2,0.08498455840094873,0.41036107311959946,0.18596491228070172,0.007272147742628502,97
mt5,7,spatial,15,0.22,0.34940880298233395,0.00048427662806528073,0.19999999999999996,0.0038931422663722555,97
mt5,7,a_ratio,15,0.22,0.09880731053856731,0.3381764840886468,0.003070175438596491,0.9646546976352598,97
mt5,7,nqc,15,0.22,0.09158457446683471,0.37483442118212035,0.19078947368421048,0.005891622551225342,97
mt5,7,spatial,15,0.24,0.35377381528735075,0.00040634897319227677,0.20175438596491224,0.0035910585335480823,97
mt5,7,a_ratio,15,0.24,0.09938837177494278,0.33532931010036165,0.003947368421052631,0.954565748248739,97
mt5,7,nqc,15,0.24,0.09852376120739181,0.3395713922144888,0.1964912280701754,0.004567543784697511,97
mt5,7,spatial,15,0.26,0.35805186953502444,0.0003413164325025015,0.2039473684210526,0.00324348853932908,97
mt5,7,a_ratio,15,0.26,0.10000065888781284,0.3323456183356349,0.005263157894736841,0.9394464677531641,97
mt5,7,nqc,15,0.26,0.10582123358236134,0.30482811967512563,0.19999999999999996,0.0038931422663722555,97
mt5,7,spatial,15,0.28,0.36222920626888144,0.0002871901492370278,0.21008771929824557,0.0024270312486862444,97
mt5,7,a_ratio,15,0.28,0.10064675299023915,0.3292155411403822,0.006578947368421051,0.9243489833566951,97
mt5,7,nqc,15,0.28,0.1134963613119456,0.2708845954421107,0.20307017543859646,0.0033786625934052374,97
mt5,7,spatial,15,0.3,0.36629171422523843,0.00024224660817407734,0.21096491228070172,0.002327155955166847,97
mt5,7,a_ratio,15,0.3,0.10132952705880037,0.32592826054352736,0.006578947368421051,0.9243489833566951,97
mt5,7,nqc,15,0.3,0.12156845371993757,0.238039331432348,0.206578947368421,0.002866998129943633,97
mt5,7,spatial,15,0.32,0.3702250381313985,0.00020500319503486168,0.21491228070175433,0.001922643300449403,97
mt5,7,a_ratio,15,0.32,0.10205218828235027,0.3224718950063134,0.007456140350877191,0.9142987729055279,97
mt5,7,nqc,15,0.32,0.13005633478453116,0.2066014270208134,0.212719298245614,0.0021386085398990835,97
mt5,7,spatial,15,0.34,0.37401470099705286,0.00017419348351565422,0.21315789473684207,0.0020937133501945666,97
mt5,7,a_ratio,15,0.34,0.10281832798431154,0.3188333704079997,0.007894736842105262,0.9092786999029837,97
mt5,7,nqc,15,0.34,0.13897778233627012,0.17687983479885247,0.21578947368421048,0.001842010485605119,97
mt5,7,spatial,15,0.36,0.3776462398174548,0.00014874295016848861,0.21447368421052626,0.001964163707567382,97
mt5,7,a_ratio,15,0.36,0.10363198074239394,0.3149982728615632,0.008771929824561401,0.8992496118543148,97
mt5,7,nqc,15,0.36,0.1483488018365518,0.14916988468742706,0.21798245614035083,0.0016538318211645647,97
mt5,7,spatial,15,0.38,0.381105353048684,0.00012774568465266067,0.2171052631578947,0.0017268729312904809,97
mt5,7,a_ratio,15,0.38,0.10449769473878218,0.3109506805926456,0.010087719298245612,0.8842365917819822,97
mt5,7,nqc,15,0.38,0.15818270257345685,0.12373752254109951,0.2201754385964912,0.0014834887833584708,97
mt5,7,spatial,15,0.4,0.3843780576440371,0.0001104425265909954,0.21622807017543857,0.0018028700906948475,97
mt5,7,a_ratio,15,0.4,0.1054206159023073,0.3066729717208372,0.009649122807017543,0.8892365872632643,97
mt5,7,nqc,15,0.4,0.16848894344067616,0.10080223165175828,0.21973684210526312,0.001516205986896074,97
mt5,7,spatial,15,0.42,0.38745085288407355,9.620092905518372e-05,0.21578947368421048,0.001842010485605119,97
mt5,7,a_ratio,15,0.42,0.10640658909168503,0.3021456043663955,0.009649122807017543,0.8892365872632643,97
mt5,7,nqc,15,0.42,0.17927171821868915,0.08052017883339523,0.21973684210526312,0.001516205986896074,97
mt5,7,spatial,15,0.44,0.3903108877229692,8.449672935269072e-05,0.21666666666666662,0.0017644953964592808,97
mt5,7,a_ratio,15,0.44,0.10746228047038539,0.29734686509279523,0.010964912280701752,0.8742506159554067,97
mt5,7,nqc,15,0.44,0.1905282585331359,0.0629696500966341,0.2245614035087719,0.0011902812109366697,97
mt5,7,spatial,15,0.46,0.3929461279442208,7.489790494365155e-05,0.2228070175438596,0.0013004656192157056,97
mt5,7,a_ratio,15,0.46,0.10859532641531608,0.2922525813332385,0.011403508771929822,0.8692650265497066,97
mt5,7,nqc,15,0.46,0.20224684910675397,0.048141148289268965,0.2271929824561403,0.0010410859719474062,97
mt5,7,spatial,15,0.48,0.3953455191022919,6.705030851660945e-05,0.2241228070175438,0.0012169881340798713,97
mt5,7,a_ratio,15,0.48,0.10981451589027402,0.286835793221363,0.011842105263157893,0.8642846291310888,97
mt5,7,nqc,15,0.48,0.21440457769862542,0.035934422861683496,0.22894736842105257,0.0009514478072229865,97
mt5,7,spatial,15,0.5,0.39749914105358886,6.066531214600208e-05,0.2258771929824561,0.0011133750209757257,97
mt5,7,a_ratio,15,0.5,0.11113001535288033,0.2810663802978023,0.012280701754385963,0.8593096176685738,97
mt5,7,nqc,15,0.5,0.22696488441406387,0.026164031843369417,0.23157894736842102,0.0008303144784156731,97
mt5,7,spatial,15,0.52,0.3993983498734718,5.5509245174285625e-05,0.22938596491228067,0.0009301837506347448,97
mt5,7,a_ratio,15,0.52,0.11255364816820984,0.27491063914088765,0.015350877192982452,0.8246514972992991,97
mt5,7,nqc,15,0.52,0.23987503415363365,0.0185737668921613,0.23245614035087714,0.0007932274849806823,97
mt5,7,spatial,15,0.54,0.40103590313079496,5.13944820516778e-05,0.22982456140350874,0.0009093607305517675,97
mt5,7,a_ratio,15,0.54,0.11409924448948316,0.26833080948479393,0.017105263157894735,0.8049947532982032,97
mt5,7,nqc,15,0.54,0.2530637116857714,0.012858586282533372,0.2346491228070175,0.0007071302383650919,97
mt5,7,spatial,15,0.56,0.40240606485146935,4.817202221739025e-05,0.2346491228070175,0.0007071302383650919,97
mt5,7,a_ratio,15,0.56,0.11578308309994162,0.26128454953211383,0.021052631578947364,0.7612327300879478,97
mt5,7,nqc,15,0.56,0.26643902634681044,0.008691016906150864,0.2346491228070175,0.0007071302383650919,97
mt5,7,spatial,15,0.58,0.40350468703913817,4.572540133611523e-05,0.2359649122807017,0.0006597266644986306,97
mt5,7,a_ratio,15,0.58,0.11762445448053875,0.25372436709289736,0.023684210526315787,0.7324673979091793,97
mt5,7,nqc,15,0.58,0.27988730064859274,0.005747862443213316,0.23333333333333328,0.0007576829079550207,97
mt5,7,spatial,15,0.6,0.40432926531337254,4.39657789592323e-05,0.2385964912280701,0.0005736554562799961,97
mt5,7,a_ratio,15,0.6,0.11964638541606763,0.24559702381395493,0.024561403508771926,0.7229596147173131,97
mt5,7,nqc,15,0.6,0.29327308285610293,0.0037329644002857126,0.23333333333333328,0.0007576829079550207,97
mt5,7,spatial,15,0.62,0.4048789670412642,4.2828059347804764e-05,0.237719298245614,0.0006011104754053054,97
mt5,7,a_ratio,15,0.62,0.1218765813697856,0.23684294832690347,0.023245614035087715,0.7372368386099444,97
mt5,7,nqc,15,0.62,0.3064408376701811,0.002392837555450679,0.23640350877192978,0.0006445938679827261,97
mt5,7,spatial,15,0.64,0.4051546312351712,4.226791752103486e-05,0.23421052631578942,0.0007236220598486794,97
mt5,7,a_ratio,15,0.64,0.12434866611569687,0.22739572606609249,0.025877192982456138,0.7087781874777906,97
mt5,7,nqc,15,0.64,0.3192186969517199,0.0015239007256241939,0.23903508771929818,0.0005603701088308085,97
mt5,7,spatial,15,0.66,0.4051587404195852,4.2259619735850084e-05,0.23947368421052628,0.0005473717769045106,97
mt5,7,a_ratio,15,0.66,0.12710383261835856,0.21718178794661888,0.028508771929824556,0.6807203663731288,97
mt5,7,nqc,15,0.66,0.3314244656793007,0.0009720549199104804,0.23991228070175435,0.0005346547694821339,97
mt5,7,spatial,15,0.68,0.4048953655834017,4.2794545118538224e-05,0.23640350877192978,0.0006445938679827261,97
mt5,7,a_ratio,15,0.68,0.13019307114556639,0.20612051255756453,0.03289473684210526,0.6349402336051264,97
mt5,7,nqc,15,0.68,0.34287377099090055,0.0006268159288496239,0.2403508771929824,0.0005222134964126145,97
mt5,7,spatial,15,0.7,0.40437008618144155,4.3880331974506295e-05,0.23508771929824557,0.0006909882372402237,97
mt5,7,a_ratio,15,0.7,0.13368022028319004,0.1941251133058038,0.03771929824561403,0.586152403231768,97
mt5,7,nqc,15,0.7,0.35338984666308026,0.00041271046982163727,0.23991228070175435,0.0005346547694821339,97
mt5,7,spatial,15,0.72,0.40358988788782973,4.554058761046272e-05,0.2346491228070175,0.0007071302383650919,97
mt5,7,a_ratio,15,0.72,0.1376462107843178,0.18110494743466296,0.04035087719298245,0.5602953155432289,97
mt5,7,nqc,15,0.72,0.3628140398932099,0.00028027825311228045,0.23947368421052628,0.0005473717769045106,97
mt5,7,spatial,15,0.74,0.4025630413992063,4.781511375928612e-05,0.2359649122807017,0.0006597266644986306,97
mt5,7,a_ratio,15,0.74,0.14219506944001217,0.16697033204515915,0.041228070175438586,0.5518007900486419,97
mt5,7,nqc,15,0.74,0.37101582376842834,0.00019818614370852128,0.23815789473684207,0.0005872336126765293,97
mt5,7,spatial,15,0.76,0.4012989660143029,5.0760610517949226e-05,0.23991228070175435,0.0005346547694821339,97
mt5,7,a_ratio,15,0.76,0.147462568781353,0.1516417027206272,0.045175438596491216,0.5143766257719221,97
mt5,7,nqc,15,0.76,0.3779010087421192,0.00014709362529304222,0.237719298245614,0.0006011104754053054,97
mt5,7,spatial,15,0.78,0.39980808196664913,5.445182983456268e-05,0.23991228070175435,0.0005346547694821339,97
mt5,7,a_ratio,15,0.78,0.15362893118995177,0.13506618258076705,0.05394736842105262,0.43618745997398134,97
mt5,7,nqc,15,0.78,0.38341703377491776,0.00011528342292181802,0.23815789473684207,0.0005872336126765293,97
mt5,7,spatial,15,0.8,0.3981016555598126,5.898315484694368e-05,0.23640350877192978,0.0006445938679827261,97
mt5,7,a_ratio,15,0.8,0.16093786305008112,0.11724656501801803,0.0600877192982456,0.3857919467847981,97
mt5,7,nqc,15,0.8,0.38755466243910797,9.575101011282311e-05,0.23728070175438593,0.0006152920473840185,97
mt5,7,spatial,15,0.82,0.396191641061089,6.44705836958314e-05,0.23289473684210524,0.0007752661095537938,97
mt5,7,a_ratio,15,0.82,0.16972563167480859,0.09829044856438249,0.06535087719298245,0.34555840797111037,97
mt5,7,nqc,15,0.82,0.39034600377302053,8.436162530996012e-05,0.23640350877192978,0.0006445938679827261,97
mt5,7,spatial,15,0.84,0.3940905230704828,7.105409580249686e-05,0.22938596491228067,0.0009301837506347448,97
mt5,7,a_ratio,15,0.84,0.1804662103773691,0.07849006529237927,0.07368421052631577,0.2875469369380935,97
mt5,7,nqc,15,0.84,0.3918593641965913,7.872642423362787e-05,0.23947368421052628,0.0005473717769045106,97
mt5,7,spatial,15,0.86,0.3918111627241397,7.89003750924109e-05,0.22982456140350874,0.0009093607305517675,97
mt5,7,a_ratio,15,0.86,0.19384183223999127,0.05844226091613506,0.08464912280701753,0.2217908195589735,97
mt5,7,nqc,15,0.86,0.3921918676390679,7.753615871853651e-05,0.2359649122807017,0.0006597266644986306,97
mt5,7,spatial,15,0.88,0.3893666506457359,8.820585844825599e-05,0.22850877192982452,0.0009731613713928938,97
mt5,7,a_ratio,15,0.88,0.21085098875770092,0.03919908014615244,0.09736842105263156,0.1599131949044269,97
mt5,7,nqc,15,0.88,0.39146097133902236,8.017492931633407e-05,0.23333333333333328,0.0007576829079550207,97
mt5,7,spatial,15,0.9,0.3867701690575232,9.920006909350929e-05,0.22894736842105257,0.0009514478072229865,97
mt5,7,a_ratio,15,0.9,0.23295669484618103,0.022364326941043393,0.11052631578947367,0.11065018092280728,97
mt5,7,nqc,15,0.9,0.3897959528237246,8.650111171663173e-05,0.22938596491228067,0.0009301837506347448,97
mt5,7,spatial,15,0.92,0.38403486493520544,0.0001121491840854263,0.2228070175438596,0.0013004656192157056,97
mt5,7,a_ratio,15,0.92,0.26219759046546764,0.00986100263766192,0.1307017543859649,0.05923043275757143,97
mt5,7,nqc,15,0.92,0.38733021440730736,9.672625280878569e-05,0.2271929824561403,0.0010410859719474062,97
mt5,7,spatial,15,0.94,0.38117373556498446,0.00012735977321733886,0.2232456140350877,0.0012720699376961898,97
mt5,7,a_ratio,15,0.94,0.30075181158001735,0.002906954641612382,0.15131578947368418,0.028961443601471626,97
mt5,7,nqc,15,0.94,0.38419493955926054,0.00011135012876224956,0.22675438596491226,0.0010646851601117014,97
mt5,7,spatial,15,0.96,0.378199527359924,0.0001451826341103605,0.22192982456140345,0.001359019813248218,97
mt5,7,a_ratio,15,0.96,0.3475657391006146,0.0005211210541980098,0.18421052631578944,0.007842044522710973,97
mt5,7,nqc,15,0.96,0.3805143274691888,0.00013112656059866874,0.2258771929824561,0.0011133750209757257,97
mt5,7,spatial,15,0.98,0.3751246483340679,0.0001660166359373977,0.22061403508771926,0.001451423191322646,97
mt5,7,a_ratio,15,0.98,0.3855993586578069,0.00010456271714461818,0.21798245614035083,0.0016538318211645647,97
mt5,7,nqc,15,0.98,0.3764023852147652,0.00015704422604237775,0.21535087719298243,0.0018819302596192753,97
mt5,7,spatial,15,1.0,0.37196109422909596,0.0001903124729578054,0.21754385964912276,0.0016899894279553034,97
mt5,7,a_ratio,15,1.0,0.37196109422909596,0.0001903124729578054,0.21754385964912276,0.0016899894279553034,97
mt5,7,nqc,15,1.0,0.37196109422909596,0.0001903124729578054,0.21754385964912276,0.0016899894279553034,97
mt5,7,spatial,16,0.0,0.29903096439436805,0.0030809222584172124,0.1776315789473684,0.010352157028285932,97
mt5,7,a_ratio,16,0.0,0.09394360593896267,0.3626044221678115,-0.003508771929824561,0.9596094143193218,97
mt5,7,nqc,16,0.0,0.03390937630110298,0.7429231504473657,-0.0026315789473684206,0.9697013964662655,97
mt5,7,spatial,16,0.02,0.30344339916801893,0.002652492788055757,0.18114035087719296,0.008936269357215086,97
mt5,7,a_ratio,16,0.02,0.09428742688288508,0.360842701008658,-0.003508771929824561,0.9596094143193218,97
mt5,7,nqc,16,0.02,0.03792043888201683,0.7137623510046629,0.0907894736842105,0.19005833264780647,97
mt5,7,spatial,16,0.04,0.3078781560824819,0.0022766448377939045,0.18026315789473682,0.009273003873208558,97
mt5,7,a_ratio,16,0.04,0.09464552194650443,0.35901346765133296,-0.004824561403508771,0.9444840737693221,97
mt5,7,nqc,16,0.04,0.042114775999993824,0.6837037099932571,0.118859649122807,0.08624325957567905,97
mt5,7,spatial,16,0.06,0.312328711755157,0.0019484013368043034,0.18421052631578944,0.007842044522710973,97
mt5,7,a_ratio,16,0.06,0.09501879778361674,0.3571128041608499,-0.004824561403508771,0.9444840737693221,97
mt5,7,nqc,16,0.06,0.046503626416997595,0.6527713729153449,0.13245614035087716,0.05590173788646047,97
mt5,7,spatial,16,0.08,0.3167879015961599,0.0016630050702266298,0.18377192982456136,0.007990630052244877,97
mt5,7,a_ratio,16,0.08,0.09540823939276111,0.35513648706922823,-0.003070175438596491,0.9646546976352598,97
mt5,7,nqc,16,0.08,0.051098981715572867,0.6210022091302029,0.14429824561403506,0.037276435612080196,97
mt5,7,spatial,16,0.1,0.32124790124311386,0.001415948445811972,0.18728070175438594,0.006869417363886626,97
mt5,7,a_ratio,16,0.1,0.09581491875461642,0.3530799574341072,-0.0013157894736842103,0.984847966341271,97
mt5,7,nqc,16,0.1,0.05591362073812797,0.5884479532616665,0.1539473684210526,0.026283728186940334,97
mt5,7,spatial,16,0.12,0.3257002134807272,0.0012029972283871837,0.18815789473684208,0.006612180905745843,97
mt5,7,a_ratio,16,0.12,0.0962400046361879,0.35093828737074206,-0.0008771929824561403,0.9898983068920344,97
mt5,7,nqc,16,0.12,0.060961138914328264,0.5551774930928487,0.15877192982456137,0.021927067591039504,97
mt5,7,spatial,16,0.14,0.33013566180006626,0.0010202080171156874,0.18991228070175434,0.006123535868103072,97
mt5,7,a_ratio,16,0.14,0.09668477374961282,0.3487061425747453,0.0013157894736842103,0.984847966341271,97
mt5,7,nqc,16,0.14,0.06625596976797477,0.5212792448110899,0.16798245614035084,0.015326584176287853,97
mt5,7,spatial,16,0.16,0.3345443918087746,0.0008639394526899321,0.19166666666666665,0.0056676554767862795,97
mt5,7,a_ratio,16,0.16,0.09715062348872952,0.34637774027850254,0.0013157894736842103,0.984847966341271,97
mt5,7,nqc,16,0.16,0.07181339505660717,0.4868635236880184,0.17324561403508767,0.01240061333688213,97
mt5,7,spatial,16,0.18,0.33891588173145937,0.0007308573477384778,0.19692982456140345,0.004477815959740704,97
mt5,7,a_ratio,16,0.18,0.09763908650949721,0.34394680199717415,0.0008771929824561403,0.9898983068920344,97
mt5,7,nqc,16,0.18,0.07764953894066715,0.4520647768465302,0.18289473684210522,0.008295385577532875,97
mt5,7,spatial,16,0.2,0.34323896323074193,0.0006179341228340873,0.19824561403508767,0.004218133036173916,97
mt5,7,a_ratio,16,0.2,0.09815184747281241,0.3414065003184285,0.0021929824561403503,0.9747493089119874,97
mt5,7,nqc,16,0.2,0.08378134025838664,0.41704349455565953,0.19035087719298244,0.0060065708523342936,97
mt5,7,spatial,16,0.22,0.34750185372585163,0.0005224430927445932,0.20043859649122803,0.0038155311548393224,97
mt5,7,a_ratio,16,0.22,0.09869076233262622,0.3387493988710488,0.0021929824561403503,0.9747493089119874,97
mt5,7,nqc,16,0.22,0.09022649534748439,0.38198755873812756,0.19385964912280698,0.005140957475072907,97
mt5,7,spatial,16,0.24,0.35169220127870476,0.0004419482752409828,0.20043859649122803,0.0038155311548393224,97
mt5,7,a_ratio,16,0.24,0.09925788063160308,0.3359673844681612,0.004385964912280701,0.9495239009595372,97
mt5,7,nqc,16,0.24,0.09700336185439676,0.3471127255104986,0.19561403508771927,0.004751901569999453,97
mt5,7,spatial,16,0.26,0.35579714295020404,0.00037429048277280225,0.2070175438596491,0.0028082775132586228,97
mt5,7,a_ratio,16,0.26,0.09985547136484069,0.33305159025790737,0.006578947368421051,0.9243489833566951,97
mt5,7,nqc,16,0.26,0.10413081156101171,0.3126618793140044,0.20087719298245613,0.0037393284863613424,97
mt5,7,spatial,16,0.28,0.3598033772962108,0.00031757050356273056,0.20789473684210524,0.002694118757519195,97
mt5,7,a_ratio,16,0.28,0.10048605309453962,0.3299923085239099,0.007017543859649122,0.9193222670955983,97
mt5,7,nqc,16,0.28,0.11162801740965293,0.27890265069256265,0.20307017543859646,0.0033786625934052374,97
mt5,7,spatial,16,0.3,0.36369725137059655,0.00027013018410732015,0.21052631578947364,0.002376613320374723,97
mt5,7,a_ratio,16,0.3,0.10115242915170075,0.32677889155571826,0.009210526315789471,0.8942409928983389,97
mt5,7,nqc,16,0.3,0.11951415662686359,0.2461229746239988,0.20570175438596489,0.0029878149035424606,97
mt5,7,spatial,16,0.32,0.3674648622321933,0.00023053219343684367,0.20877192982456136,0.0025842155919655403,97
mt5,7,a_ratio,16,0.32,0.10185772895378503,0.32339963875130334,0.009210526315789471,0.8942409928983389,97
mt5,7,nqc,16,0.32,0.12780800820722937,0.21462420378994704,0.20789473684210524,0.002694118757519195,97
mt5,7,spatial,16,0.34,0.37109217251817805,0.0001975391867571699,0.21096491228070172,0.002327155955166847,97
mt5,7,a_ratio,16,0.34,0.10260545671151133,0.3198416678149716,0.009649122807017543,0.8892365872632643,97
mt5,7,nqc,16,0.34,0.13652741919936537,0.18471150789446517,0.21096491228070172,0.002327155955166847,97
mt5,7,spatial,16,0.36,0.3745651391582773,0.0001700929997808209,0.21140350877192976,0.002278642796588288,97
mt5,7,a_ratio,16,0.36,0.10339954910921509,0.3160907675714346,0.009649122807017543,0.8892365872632643,97
mt5,7,nqc,16,0.36,0.1456886105852941,0.15668151292879148,0.21403508771929822,0.002006505794696667,97
mt5,7,spatial,16,0.38,0.3778698537770012,0.0001472944033977674,0.21052631578947364,0.002376613320374723,97
mt5,7,a_ratio,16,0.38,0.10424444394244536,0.3121312295277915,0.009649122807017543,0.8892365872632643,97
mt5,7,nqc,16,0.38,0.15530529066130477,0.13080748201672593,0.21798245614035083,0.0016538318211645647,97
mt5,7,spatial,16,0.4,0.38099269278583475,0.00012838383951674693,0.21447368421052626,0.001964163707567382,97
mt5,7,a_ratio,16,0.4,0.10514516221217379,0.3079456548814539,0.010526315789473682,0.8792412027606161,97
mt5,7,nqc,16,0.4,0.1653875426680801,0.10732281037612168,0.2232456140350877,0.0012720699376961898,97
mt5,7,spatial,16,0.42,0.38392047462895523,0.00011272345037101157,0.21666666666666662,0.0017644953964592808,97
mt5,7,a_ratio,16,0.42,0.1061074068459678,0.303514733200833,0.010526315789473682,0.8792412027606161,97
mt5,7,nqc,16,0.42,0.17594045540817915,0.08640416235301,0.2258771929824561,0.0011133750209757257,97
mt5,7,spatial,16,0.44,0.38664062114443726,9.978061150881946e-05,0.21798245614035083,0.0016538318211645647,97
mt5,7,a_ratio,16,0.44,0.10713768209625685,0.298816988515972,0.011403508771929822,0.8692650265497066,97
mt5,7,nqc,16,0.44,0.1869624727371625,0.06815612776481098,0.22543859649122802,0.0011384845622564176,97
mt5,7,spatial,16,0.46,0.38914131956947595,8.91130877073974e-05,0.21929824561403505,0.0015495867057188555,97
mt5,7,a_ratio,16,0.46,0.10824343882881117,0.29382848808577283,0.010964912280701752,0.8742506159554067,97
mt5,7,nqc,16,0.46,0.198443452754633,0.052599670039226845,0.2302631578947368,0.0008889704166142316,97
mt5,7,spatial,16,0.48,0.3914116813847745,8.035585412529534e-05,0.2241228070175438,0.0012169881340798713,97
mt5,7,a_ratio,16,0.48,0.10943325246526991,0.2885225087280517,0.011403508771929822,0.8692650265497066,97
mt5,7,nqc,16,0.48,0.2103624534131603,0.03966669200517071,0.23070175438596488,0.000869004617248621,97
mt5,7,spatial,16,0.5,0.3934418939895443,7.320956353653826e-05,0.2271929824561403,0.0010410859719474062,97
mt5,7,a_ratio,16,0.5,0.11071704243026718,0.28286915543373664,0.012719298245614033,0.8543401854899793,97
mt5,7,nqc,16,0.5,0.22268530140839904,0.02920257974704593,0.23245614035087714,0.0007932274849806823,97
mt5,7,spatial,16,0.52,0.3952233611486988,6.743059451483559e-05,0.22368421052631576,0.0012442476040664947,97
mt5,7,a_ratio,16,0.52,0.11210634478912437,0.2768349272546096,0.013157894736842103,0.8493765252593968,97
mt5,7,nqc,16,0.52,0.23536205821201434,0.02097751867865902,0.23245614035087714,0.0007932274849806823,97
mt5,7,spatial,16,0.54,0.39674882827449914,6.282258395110191e-05,0.22763157894736838,0.0010179716220744474,97
mt5,7,a_ratio,16,0.54,0.11361465365482593,0.2703822265266581,0.017105263157894735,0.8049947532982032,97
mt5,7,nqc,16,0.54,0.24832457137638736,0.014705814752794363,0.23201754385964907,0.0008115744326137436,97
mt5,7,spatial,16,0.56,0.39801248890292473,5.9229328568542516e-05,0.22850877192982452,0.0009731613713928938,97
mt5,7,a_ratio,16,0.56,0.11525785234644312,0.2634688099970631,0.019736842105263153,0.7757429796762659,97
mt5,7,nqc,16,0.56,0.26148438683019504,0.010070740691039012,0.2346491228070175,0.0007071302383650919,97
mt5,7,spatial,16,0.58,0.39901006919554105,5.6528932019493766e-05,0.2258771929824561,0.0011133750209757257,97
mt5,7,a_ratio,16,0.58,0.11705476286988846,0.2560471854232352,0.021052631578947364,0.7612327300879478,97
mt5,7,nqc,16,0.58,0.27473138786008106,0.006751087278958375,0.23201754385964907,0.0008115744326137436,97
mt5,7,spatial,16,0.6,0.3997388879241252,5.462907444211524e-05,0.22763157894736838,0.0010179716220744474,97
mt5,7,a_ratio,16,0.6,0.11902785308341943,0.24806396649767928,0.022368421052631576,0.7468059721962819,97
mt5,7,nqc,16,0.6,0.2879335986575293,0.004445153250709783,0.23377192982456135,0.0007404706075872587,97
mt5,7,spatial,16,0.62,0.4001978901497506,5.346328782497063e-05,0.2302631578947368,0.0008889704166142316,97
mt5,7,a_ratio,16,0.62,0.12120415646177642,0.23945921554919583,0.022368421052631576,0.7468059721962819,97
mt5,7,nqc,16,0.62,0.3009386150056887,0.002888610963925362,0.23377192982456135,0.0007404706075872587,97
mt5,7,spatial,16,0.64,0.40038765365292156,5.29881311753615e-05,0.22982456140350874,0.0009093607305517675,97
mt5,7,a_ratio,16,0.64,0.12361648210338758,0.23016583251257144,0.024999999999999994,0.7182216070520635,97
mt5,7,nqc,16,0.64,0.3135770665774213,0.0018643484485547017,0.23640350877192978,0.0006445938679827261,97
mt5,7,spatial,16,0.66,0.40031036806218334,5.3181172588743886e-05,0.23157894736842102,0.0008303144784156731,97
mt5,7,a_ratio,16,0.66,0.12630502635307572,0.22010909888799604,0.028508771929824556,0.6807203663731288,97
mt5,7,nqc,16,0.66,0.32566834347272167,0.0012044120026746949,0.23815789473684207,0.0005872336126765293,97
mt5,7,spatial,16,0.68,0.3999697875176226,5.403969944145941e-05,0.23640350877192978,0.0006445938679827261,97
mt5,7,a_ratio,16,0.68,0.12931954826479947,0.20920657177036453,0.03245614035087718,0.6394595858942697,97
mt5,7,nqc,16,0.68,0.33702852332598904,0.0007858300242236214,0.243859649122807,0.00043197102860202826,97
mt5,7,spatial,16,0.7,0.3993711585452545,5.558009192902261e-05,0.2359649122807017,0.0006597266644986306,97
mt5,7,a_ratio,16,0.7,0.13272234910128475,0.19736867111085382,0.036842105263157884,0.5948927929379126,97
mt5,7,nqc,16,0.7,0.34748004137586286,0.0005228951794343131,0.24122807017543854,0.0004981362879627977,97
mt5,7,spatial,16,0.72,0.39852112556521546,5.783780814444996e-05,0.23157894736842102,0.0008303144784156731,97
mt5,7,a_ratio,16,0.72,0.13659241774216713,0.18450055693766373,0.03991228070175438,0.5645662101789384,97
mt5,7,nqc,16,0.72,0.3568622281909803,0.0003583653937119989,0.2385964912280701,0.0005736554562799961,97
mt5,7,spatial,16,0.74,0.397427617074963,6.086794013603375e-05,0.23289473684210524,0.0007752661095537938,97
mt5,7,a_ratio,16,0.74,0.14103129718666393,0.17050632643851135,0.04385964912280701,0.5267031786780156,97
mt5,7,nqc,16,0.74,0.36504151016617115,0.0002553333846683508,0.23684210526315785,0.0006297844386530204,97
mt5,7,spatial,16,0.76,0.39609971601238037,6.474630936274498e-05,0.23333333333333328,0.0007576829079550207,97
mt5,7,a_ratio,16,0.76,0.1461715399562887,0.1552972961291515,0.047368421052631574,0.4941706970744447,97
mt5,7,nqc,16,0.76,0.3719199436277616,0.00019064912705585744,0.23684210526315785,0.0006297844386530204,97
mt5,7,spatial,16,0.78,0.394547518098056,6.957107626853691e-05,0.23157894736842102,0.0008303144784156731,97
mt5,7,a_ratio,16,0.78,0.15218913394662242,0.13880736296265025,0.05482456140350876,0.42876409773782276,97
mt5,7,nqc,16,0.78,0.3774409089523768,0.0001500846709419684,0.23640350877192978,0.0006445938679827261,97
mt5,7,spatial,16,0.8,0.39278198207803033,7.546484202368997e-05,0.23245614035087714,0.0007932274849806823,97
mt5,7,a_ratio,16,0.8,0.15932213436079307,0.12102041749178927,0.05964912280701753,0.3892691915708879,97
mt5,7,nqc,16,0.8,0.3815912175921917,0.00012502709411057157,0.23815789473684207,0.0005872336126765293,97
mt5,7,spatial,16,0.82,0.3908147757458595,8.257722063512746e-05,0.22763157894736838,0.0010179716220744474,97
mt5,7,a_ratio,16,0.82,0.1678991581516346,0.10201770780398554,0.06491228070175437,0.3488053465027995,97
mt5,7,nqc,16,0.82,0.3843994813413385,0.00011033679248958766,0.2346491228070175,0.0007071302383650919,97
mt5,7,spatial,16,0.84,0.3886581214330088,9.108785652378438e-05,0.22850877192982452,0.0009731613713928938,97
mt5,7,a_ratio,16,0.84,0.17838369870948179,0.08205644609022934,0.07763157894736841,0.2625039156547271,97
mt5,7,nqc,16,0.84,0.3859312003267553,0.00010301607870039564,0.23421052631578942,0.0007236220598486794,97
mt5,7,spatial,16,0.86,0.386324644343524,0.00010120985635014257,0.22807017543859645,0.0009953330568858061,97
mt5,7,a_ratio,16,0.86,0.19144356665637063,0.06169143374810697,0.08596491228070174,0.21469019566351544,97
mt5,7,nqc,16,0.86,0.38628148789371186,0.00010140653311270236,0.2359649122807017,0.0006597266644986306,97
mt5,7,spatial,16,0.88,0.3838272267012191,0.00011319359453538377,0.2258771929824561,0.0011133750209757257,97
mt5,7,a_ratio,16,0.88,0.2080576925814148,0.04193601541423389,0.09210526315789472,0.18371670779212068,97
mt5,7,nqc,16,0.88,0.3855665708905146,0.0001047166980580138,0.23114035087719292,0.0008494552777555434,97
mt5,7,spatial,16,0.9,0.3811788702057216,0.00012733083994559725,0.22543859649122802,0.0011384845622564176,97
mt5,7,a_ratio,16,0.9,0.22966434441718497,0.02438914133982529,0.11228070175438595,0.1051035749997424,97
mt5,7,nqc,16,0.9,0.3839151725011779,0.00011275013435905291,0.22894736842105257,0.0009514478072229865,97
mt5,7,spatial,16,0.92,0.3783925687875836,0.0001439591371373335,0.2241228070175438,0.0012169881340798713,97
mt5,7,a_ratio,16,0.92,0.258278531636281,0.011062528317148422,0.12456140350877191,0.07220038663462734,97
mt5,7,nqc,16,0.92,0.38146066346000307,0.0001257522720395718,0.2271929824561403,0.0010410859719474062,97
mt5,7,spatial,16,0.94,0.37548119313982736,0.00016346636015057784,0.21973684210526312,0.001516205986896074,97
mt5,7,a_ratio,16,0.94,0.2960868701849863,0.0034003148189595067,0.14868421052631575,0.03187073297896108,97
mt5,7,nqc,16,0.94,0.37833455232767377,0.00014432583778296241,0.22499999999999995,0.0011641166831212395,97
mt5,7,spatial,16,0.96,0.372457388007412,0.000186295340996168,0.22105263157894733,0.0014199974923815438,97
mt5,7,a_ratio,16,0.96,0.34217251115910885,0.0006441996079263366,0.18289473684210522,0.008295385577532875,97
mt5,7,nqc,16,0.96,0.37466156778851045,0.00016938391742212788,0.2228070175438596,0.0013004656192157056,97
mt5,7,spatial,16,0.98,0.3693334827560907,0.00021294845976898335,0.21798245614035083,0.0016538318211645647,97
mt5,7,a_ratio,16,0.98,0.3798283249097918,0.00013515467916650617,0.21535087719298243,0.0018819302596192753,97
mt5,7,nqc,16,0.98,0.3705563275009145,0.0002021213256692374,0.21754385964912276,0.0016899894279553034,97
mt5,7,spatial,16,1.0,0.3661214153318436,0.00024399206985179606,0.21622807017543857,0.0018028700906948475,97
mt5,7,a_ratio,16,1.0,0.3661214153318436,0.00024399206985179606,0.21622807017543857,0.0018028700906948475,97
mt5,7,nqc,16,1.0,0.3661214153318436,0.00024399206985179606,0.21622807017543857,0.0018028700906948475,97
