retriever,k,qpp_method,window_size,alpha,r,p1(r),tau,p1(tau),num_of_queries
mt5,5,spatial,2,0.0,0.25885485632993066,0.010462125003978813,0.1512027491408935,0.028226597294347726,97
mt5,5,a_ratio,2,0.0,0.13160075259686294,0.1988233722254004,0.02448453608247423,0.7223661580007107,97
mt5,5,nqc,2,0.0,0.11061668139870946,0.28074872825135627,0.011168384879725088,0.8712539798728897,97
mt5,5,bertQPP,2,0.0,0.2419719081486737,0.01694714987227943,0.19759450171821308,0.0041396512632380965,97
mt5,5,bertQPP(QV),2,0.0,0.18689940218155726,0.06679202150029932,0.15335051546391754,0.026061836085581373,97
mt5,5,spatial,2,0.02,0.2600198926966656,0.010108252996626347,0.1550687285223368,0.024434836082135623,97
mt5,5,a_ratio,2,0.02,0.13172356715758116,0.19840093165452885,0.025343642611683852,0.7130485680719618,97
mt5,5,nqc,2,0.02,0.11231548838555445,0.27338124427293925,0.06400343642611686,0.3530123788503621,97
mt5,5,bertQPP,2,0.02,0.24340198110360003,0.01628772820279216,0.1984536082474227,0.003979453005162126,97
mt5,5,bertQPP(QV),2,0.02,0.18841018907012985,0.06457940639492474,0.15592783505154642,0.023654871935139845,97
mt5,5,spatial,2,0.04,0.2611349058073888,0.009779442519550029,0.15807560137457047,0.021798803662876853,97
mt5,5,a_ratio,2,0.04,0.13185140108663568,0.1979619126039011,0.02405498281786942,0.7270405431127746,97
mt5,5,nqc,2,0.04,0.11406596947683277,0.26592691918262007,0.08419243986254298,0.22181074839562664,97
mt5,5,bertQPP,2,0.04,0.24485640500395472,0.01563995194153862,0.19759450171821308,0.0041396512632380965,97
mt5,5,bertQPP(QV),2,0.04,0.18995594160380655,0.06237757083787068,0.15592783505154642,0.023654871935139845,97
mt5,5,spatial,2,0.06,0.2621920279310389,0.00947640434986544,0.1585051546391753,0.021443192891173694,97
mt5,5,a_ratio,2,0.06,0.13198456797406144,0.19750532279926328,0.02405498281786942,0.7270405431127746,97
mt5,5,nqc,2,0.06,0.11586908983623365,0.25839369011673696,0.09407216494845362,0.1722237215768213,97
mt5,5,bertQPP,2,0.06,0.24633381608138163,0.015004893224629882,0.1984536082474227,0.003979453005162126,97
mt5,5,bertQPP(QV),2,0.06,0.19153631673413213,0.06018998988366474,0.15807560137457047,0.021798803662876853,97
mt5,5,spatial,2,0.08,0.2631827569539652,0.009199912054759268,0.15721649484536085,0.02252544814571104,97
mt5,5,a_ratio,2,0.08,0.13212340803817374,0.19703008945764425,0.02405498281786942,0.7270405431127746,97
mt5,5,nqc,2,0.08,0.11772563358442081,0.2507907602484081,0.10567010309278352,0.12517917667351905,97
mt5,5,bertQPP,2,0.08,0.247832476819682,0.0143836594468549,0.19931271477663232,0.003824903963020039,97
mt5,5,bertQPP(QV),2,0.08,0.19315069483427327,0.05802038147263898,0.16151202749140894,0.01909240321886764,97
mt5,5,spatial,2,0.1,0.2640979471944372,0.008950822569379268,0.15936426116838492,0.0207470988785446,97
mt5,5,a_ratio,2,0.1,0.1322682910073716,0.19653505098727206,0.02362542955326461,0.7317251099207628,97
mt5,5,nqc,2,0.1,0.11963615606559913,0.24312870279805743,0.11340206185567013,0.09984779835922447,97
mt5,5,bertQPP,2,0.1,0.24935021458195852,0.013777392014810994,0.19931271477663232,0.003824903963020039,97
mt5,5,bertQPP(QV),2,0.1,0.19479812701795562,0.05587271092830257,0.16108247422680416,0.01941379508307944,97
mt5,5,spatial,2,0.12,0.264927809337674,0.008730101108838467,0.15721649484536085,0.02252544814571104,97
mt5,5,a_ratio,2,0.12,0.13241961938361363,0.19601894764397323,0.023195876288659798,0.7364196981955502,97
mt5,5,nqc,2,0.12,0.12160092774312815,0.23541956348176973,0.11297250859106532,0.10113858933462912,97
mt5,5,bertQPP,2,0.12,0.2508843515100919,0.013187265156843866,0.20060137457044677,0.0036032888355043277,97
mt5,5,bertQPP(QV),2,0.12,0.19647727426593778,0.05375119388736413,0.15807560137457047,0.021798803662876853,97
mt5,5,spatial,2,0.14,0.26566192154624957,0.008538851146866321,0.1585051546391753,0.021443192891173694,97
mt5,5,a_ratio,2,0.14,0.13257783214772206,0.19548041098855104,0.021907216494845363,0.7505619727933218,97
mt5,5,nqc,2,0.14,0.12361986861723345,0.22767695860650192,0.11211340206185569,0.10376002930884054,97
mt5,5,bertQPP,2,0.14,0.2524316247154957,0.012614484961994049,0.19759450171821308,0.0041396512632380965,97
mt5,5,bertQPP(QV),2,0.14,0.19818633733607283,0.05166029751362279,0.16108247422680416,0.01941379508307944,97
mt5,5,spatial,2,0.16,0.2662892539464461,0.008378350318214323,0.15635738831615123,0.02327305567367708,97
mt5,5,a_ratio,2,0.16,0.13274340897772388,0.19491795196278786,0.021477663230240553,0.7552950224453057,97
mt5,5,nqc,2,0.16,0.12569247201709483,0.2199161654192444,0.11254295532646051,0.10244263799035044,97
mt5,5,bertQPP,2,0.16,0.25398809576329806,0.01206028888608116,0.19544673539518906,0.0045660596694361046,97
mt5,5,bertQPP(QV),2,0.16,0.1999229763886711,0.04960473991630135,0.1628006872852234,0.018155972846842318,97
mt5,5,spatial,2,0.18,0.2667982087768559,0.00825009324801706,0.15592783505154642,0.023654871935139845,97
mt5,5,a_ratio,2,0.18,0.13291687506482544,0.19432994736951614,0.022766323024054985,0.7411241465856763,97
mt5,5,nqc,2,0.18,0.12781771662389654,0.21215420069529073,0.11469072164948456,0.0960541193445157,97
mt5,5,bertQPP,2,0.18,0.255549048477219,0.011525946047035402,0.1971649484536083,0.004221925130091803,97
mt5,5,bertQPP(QV),2,0.18,0.2016842192493853,0.047589487800305336,0.1597938144329897,0.02040649882574069,97
mt5,5,spatial,2,0.2,0.2671766784859595,0.0081558424805711,0.15764604810996566,0.022159535570441733,97
mt5,5,a_ratio,2,0.2,0.1330988066278894,0.1937146245035635,0.02362542955326461,0.7317251099207628,97
mt5,5,nqc,2,0.2,0.12999396565360896,0.2044098829467421,0.11383161512027494,0.0985701799206937,97
mt5,5,bertQPP,2,0.2,0.2571088741789157,0.011012758738022484,0.19802405498281792,0.004058834798972484,97
mt5,5,bertQPP(QV),2,0.2,0.20346635727551718,0.045619752531085314,0.16623711340206188,0.015852745291372216,97
mt5,5,spatial,2,0.22,0.2674121239525429,0.008097688872677367,0.16194158075601378,0.018775672464210122,97
mt5,5,a_ratio,2,0.22,0.1332898372471568,0.19307004363374153,0.02491408934707904,0.7177021136751226,97
mt5,5,nqc,2,0.22,0.13221885229800923,0.1967038731010158,0.11426116838487975,0.09730564872611688,97
mt5,5,bertQPP,2,0.22,0.2586609436488211,0.010522065721384366,0.19501718213058422,0.004655971971265852,97
mt5,5,bertQPP(QV),2,0.22,0.20526482791287814,0.04370098501262915,0.1670962199312715,0.015318729327102553,97
mt5,5,spatial,2,0.24,0.26749167474731916,0.008078123030734933,0.16408934707903783,0.01726000960595295,97
mt5,5,a_ratio,2,0.24,0.13349066516232527,0.19239407797970268,0.027061855670103097,0.6945424903122657,97
mt5,5,nqc,2,0.24,0.13448915082729784,0.1890586881136285,0.11125429553264607,0.10643517898925002,97
mt5,5,bertQPP,2,0.24,0.2601974653879739,0.010055248036061329,0.19544673539518906,0.0045660596694361046,97
mt5,5,bertQPP(QV),2,0.24,0.20707408326066942,0.04183887006783193,0.16838487972508595,0.01454739544260673,97
mt5,5,spatial,2,0.26,0.2674022529279637,0.008100119600428998,0.16194158075601378,0.018775672464210122,97
mt5,5,a_ratio,2,0.26,0.13370206171011756,0.19168439075895996,0.029639175257731964,0.6671244311500414,97
mt5,5,nqc,2,0.26,0.13680063324358593,0.18149868183341622,0.11082474226804125,0.10779310640620364,97
mt5,5,bertQPP,2,0.26,0.2617093302126007,0.009613738265232133,0.19501718213058422,0.004655971971265852,97
mt5,5,bertQPP(QV),2,0.26,0.20888744434125192,0.04003932139163352,0.16537800687285226,0.016403064445582434,97
mt5,5,spatial,2,0.28,0.2671307212394278,0.00816723645192988,0.16537800687285226,0.016403064445582434,97
mt5,5,a_ratio,2,0.28,0.1339248811136401,0.19093840879591242,0.029639175257731964,0.6671244311500414,97
mt5,5,nqc,2,0.28,0.1391479120955148,0.17404998764340773,0.10781786941580758,0.11768634646990996,97
mt5,5,bertQPP,2,0.28,0.26318594287449315,0.009199034481607842,0.1971649484536083,0.004221925130091803,97
mt5,5,bertQPP(QV),2,0.28,0.2106969413492314,0.038308478635596395,0.16881443298969073,0.014298004272030715,97
mt5,5,spatial,2,0.3,0.26666405576194674,0.00828373102319541,0.16151202749140894,0.01909240321886764,97
mt5,5,a_ratio,2,0.3,0.13416007188206655,0.1901532920825575,0.03178694158075602,0.6446089162462232,97
mt5,5,nqc,2,0.3,0.1415242710803974,0.1667404180816304,0.10996563573883163,0.110550087489207,97
mt5,5,bertQPP,2,0.3,0.26461504232833444,0.008812720431361977,0.19888316151202753,0.0039014834427261624,97
mt5,5,bertQPP(QV),2,0.3,0.21249314098824584,0.03665270879514484,0.16881443298969073,0.014298004272030715,97
mt5,5,spatial,2,0.32,0.26598954200918534,0.008454696260086225,0.16323024054982818,0.017852894393926448,97
mt5,5,a_ratio,2,0.32,0.13440869013700707,0.18932589855495952,0.0313573883161512,0.6490868603039283,97
mt5,5,nqc,2,0.32,0.1439214864332259,0.15959931793019697,0.11039518900343644,0.10916471457232763,97
mt5,5,bertQPP,2,0.32,0.2659825135267524,0.00845649395589717,0.19587628865979384,0.004477722918252414,97
mt5,5,bertQPP(QV),2,0.32,0.2142649631601541,0.03507861482406653,0.1679553264604811,0.014800614099959652,97
mt5,5,spatial,2,0.34,0.2650949922453795,0.008686218682167735,0.1585051546391753,0.021443192891173694,97
mt5,5,a_ratio,2,0.34,0.13467191525462757,0.18845274319467653,0.03178694158075602,0.6446089162462232,97
mt5,5,nqc,2,0.34,0.1463296438868307,0.1526573692590462,0.10910652920962201,0.11336246240953972,97
mt5,5,bertQPP,2,0.34,0.26727219528267593,0.008132206213076486,0.19501718213058422,0.004655971971265852,97
mt5,5,bertQPP(QV),2,0.34,0.215999490819825,0.03359305531010301,0.16967353951890035,0.013810511589466142,97
mt5,5,spatial,2,0.36,0.26396898040284295,0.008985561048715437,0.1589347079037801,0.021092644173514117,97
mt5,5,a_ratio,2,0.36,0.13495106830453246,0.1875299503722953,0.030927835051546396,0.653577523351426,97
mt5,5,nqc,2,0.36,0.14873695821995786,0.14594634969172984,0.10695876288659796,0.12064011527036375,97
mt5,5,bertQPP,2,0.36,0.2684656908597569,0.007841914986118572,0.1984536082474227,0.003979453005162126,97
mt5,5,bertQPP(QV),2,0.36,0.2176817788156746,0.03220318012228038,0.1709621993127148,0.013106785247853048,97
mt5,5,spatial,2,0.38,0.26260108950523664,0.009361371823590646,0.15807560137457047,0.021798803662876853,97
mt5,5,a_ratio,2,0.38,0.13524763388339356,0.18655319811131735,0.0313573883161512,0.6490868603039283,97
mt5,5,nqc,2,0.38,0.15112960508678475,0.1394988487178862,0.10609965635738833,0.1236515932692785,97
mt5,5,bertQPP,2,0.38,0.26954219058152573,0.00758795631301665,0.20360824742268044,0.003130893451622874,97
mt5,5,bertQPP(QV),2,0.38,0.21929467005166237,0.03091648819173373,0.17568728522336774,0.01079019991112942,97
mt5,5,spatial,2,0.4,0.260982165029374,0.009823923044236554,0.15721649484536085,0.02252544814571104,97
mt5,5,a_ratio,2,0.4,0.135563286091043,0.18551765265192688,0.03178694158075602,0.6446089162462232,97
mt5,5,nqc,2,0.4,0.15349157787444903,0.1333479510895222,0.10781786941580758,0.11768634646990996,97
mt5,5,bertQPP,2,0.4,0.27047831889921603,0.007373039904098993,0.20103092783505158,0.0035320539175627825,97
mt5,5,bertQPP(QV),2,0.4,0.22081863034532917,0.02974091501233415,0.17396907216494847,0.011586707769612953,97
mt5,5,spatial,2,0.42,0.2591045662838818,0.010385377176326743,0.15292096219931275,0.026482928123240188,97
mt5,5,a_ratio,2,0.42,0.1358999195896861,0.18441789131921496,0.032646048109965645,0.6356917335694203,97
mt5,5,nqc,2,0.42,0.15580458560021354,0.1275269009324869,0.10824742268041239,0.11623089832126132,97
mt5,5,bertQPP,2,0.42,0.2712480219750069,0.0072003754348779645,0.202319587628866,0.003325969220576063,97
mt5,5,bertQPP(QV),2,0.42,0.22223161687052467,0.02868495903341271,0.17396907216494847,0.011586707769612953,97
mt5,5,spatial,2,0.44,0.2569624067783132,0.011060081959004223,0.14604810996563578,0.03406318246416719,97
mt5,5,a_ratio,2,0.44,0.13625968693719062,0.18324781122759778,0.03178694158075602,0.6446089162462232,97
mt5,5,nqc,2,0.44,0.15804801104222263,0.12206876472743423,0.11039518900343644,0.10916471457232763,97
mt5,5,bertQPP,2,0.44,0.2718225157726569,0.007073838926845454,0.20446735395189009,0.0030066996042901117,97
mt5,5,bertQPP(QV),2,0.44,0.22350899891603437,0.02775785783553952,0.17439862542955328,0.011382836808156348,97
mt5,5,spatial,2,0.46,0.25455177383706473,0.01186488999771972,0.14862542955326463,0.03102727109196935,97
mt5,5,a_ratio,2,0.46,0.13664504371246594,0.18200052075443962,0.0313573883161512,0.6490868603039283,97
mt5,5,nqc,2,0.46,0.1601989509432165,0.11700611512746277,0.10953608247422682,0.11194930892644765,97
mt5,5,bertQPP,2,0.46,0.2721703186129254,0.00699819120971336,0.1984536082474227,0.003979453005162126,97
mt5,5,bertQPP(QV),2,0.46,0.22462355357480862,0.02696982677686884,0.17225085910652924,0.012434959394241826,97
mt5,5,spatial,2,0.48,0.251870917504298,0.012819496849783944,0.14905498281786944,0.030544557732034724,97
mt5,5,a_ratio,2,0.48,0.13705880338149656,0.1806682099546656,0.030068728522336774,0.6625964496656107,97
mt5,5,nqc,2,0.48,0.16223236160912632,0.11237075989129458,0.10953608247422682,0.11194930892644765,97
mt5,5,bertQPP,2,0.48,0.27225739567605906,0.006979364067663257,0.1941580756013746,0.0048406217198878375,97
mt5,5,bertQPP(QV),2,0.48,0.2255455624313641,0.02633237457515252,0.1709621993127148,0.013106785247853048,97
mt5,5,spatial,2,0.5,0.2489203991867314,0.013946787536148517,0.14518900343642613,0.03513003275683934,97
mt5,5,a_ratio,2,0.5,0.13750420442382655,0.17924199511665168,0.029639175257731964,0.6671244311500414,97
mt5,5,nqc,2,0.5,0.1641213327682252,0.10819354015667067,0.10910652920962201,0.11336246240953972,97
mt5,5,bertQPP,2,0.5,0.27204744532940045,0.007024834289161312,0.19544673539518906,0.0045660596694361046,97
mt5,5,bertQPP(QV),2,0.5,0.22624303764880843,0.025858711884084028,0.16838487972508595,0.01454739544260673,97
mt5,5,spatial,2,0.52,0.24570319154303238,0.015273176861391465,0.1439003436426117,0.036783724578164194,97
mt5,5,a_ratio,2,0.52,0.1379849930033638,0.17771173141597588,0.029639175257731964,0.6671244311500414,97
mt5,5,nqc,2,0.52,0.16583750931046365,0.1045042190545298,0.11039518900343644,0.10916471457232763,97
mt5,5,bertQPP,2,0.52,0.2715023575081738,0.0071441116116582925,0.19158075601374575,0.0054350017041903615,97
mt5,5,bertQPP(QV),2,0.52,0.2266821061621109,0.025564270057461966,0.1666666666666667,0.01558372473088864,97
mt5,5,spatial,2,0.54,0.24222472284499896,0.016828923829626332,0.14604810996563578,0.03406318246416719,97
mt5,5,a_ratio,2,0.54,0.13850552549804257,0.17606578602755374,0.029639175257731964,0.6671244311500414,97
mt5,5,nqc,2,0.54,0.16735167370933984,0.10133147470388762,0.11082474226804125,0.10779310640620364,97
mt5,5,bertQPP,2,0.54,0.27058287157516864,0.007349373514696397,0.19158075601374575,0.0054350017041903615,97
mt5,5,bertQPP(QV),2,0.54,0.226827577878146,0.02546734752602143,0.1658075601374571,0.016125841537736958,97
mt5,5,spatial,2,0.56,0.23849286133316483,0.018648395178760914,0.15206185567010314,0.02734277211201925,97
mt5,5,a_ratio,2,0.56,0.13907089660535524,0.1742907620063061,0.028350515463917533,0.680780730027897,97
mt5,5,nqc,2,0.56,0.16863449104594966,0.09870300079822715,0.11039518900343644,0.10916471457232763,97
mt5,5,bertQPP,2,0.56,0.26924945394831107,0.007656287752714702,0.1898625429553265,0.005867063974983271,97
mt5,5,bertQPP(QV),2,0.56,0.2266437167390128,0.0255898998457183,0.1679553264604811,0.014800614099959652,97
mt5,5,spatial,2,0.58,0.23451783782789548,0.020770248185695294,0.15249140893470792,0.026909885175764755,97
mt5,5,a_ratio,2,0.58,0.139687100666318,0.1723711606149144,0.027061855670103097,0.6945424903122657,97
mt5,5,nqc,2,0.58,0.16965740366893398,0.09664570377710226,0.11168384879725088,0.1050908480999539,97
mt5,5,bertQPP,2,0.58,0.26746340327153506,0.008085071739624729,0.18470790378006877,0.007355176256510775,97
mt5,5,bertQPP(QV),2,0.58,0.22609522128289689,0.025958485480754426,0.16451890034364264,0.016970096384742294,97
mt5,5,spatial,2,0.6,0.23031210784087994,0.023237499170751907,0.14862542955326463,0.03102727109196935,97
mt5,5,a_ratio,2,0.6,0.14036123651822974,0.17028896641338082,0.028780068728522342,0.6762167162300601,97
mt5,5,nqc,2,0.6,0.170393644517005,0.09518596917431182,0.10910652920962201,0.11336246240953972,97
mt5,5,bertQPP,2,0.6,0.26518817243443416,0.00866184489303598,0.1868556701030928,0.006698222213035896,97
mt5,5,bertQPP(QV),2,0.6,0.22514840351458193,0.026605371320039373,0.16408934707903783,0.01726000960595295,97
mt5,5,spatial,2,0.62,0.22589015742928337,0.02609744242898219,0.14647766323024058,0.03354022455213661,97
mt5,5,a_ratio,2,0.62,0.14110176991621262,0.16802313516503595,0.030498281786941587,0.6580807665431417,97
mt5,5,nqc,2,0.62,0.17081931886935967,0.0943499530711296,0.10524054982817871,0.12672143082539938,97
mt5,5,bertQPP,2,0.62,0.26239087260740246,0.009420333046229693,0.18256013745704472,0.00806936233603351,97
mt5,5,bertQPP(QV),2,0.62,0.22377253196684857,0.027569787950045777,0.1628006872852234,0.018155972846842318,97
mt5,5,spatial,2,0.64,0.2212682598038376,0.029401385537350538,0.13831615120274915,0.044736513464296176,97
mt5,5,a_ratio,2,0.64,0.1419188728229827,0.1655489593157918,0.0313573883161512,0.6490868603039283,97
mt5,5,nqc,2,0.64,0.1709144865793968,0.094163840165546,0.10352233676975947,0.1330387570764664,97
mt5,5,bertQPP,2,0.64,0.2590438962104119,0.010403978514569059,0.18470790378006877,0.007355176256510775,97
mt5,5,bertQPP(QV),2,0.64,0.22194127856049667,0.02889930274861076,0.16065292096219932,0.019739903980340746,97
mt5,5,spatial,2,0.66,0.21646419201944972,0.033204171893479725,0.14218213058419246,0.039091423487606906,97
mt5,5,a_ratio,2,0.66,0.14282486634142322,0.16283727944114249,0.03479381443298969,0.6136308097551222,97
mt5,5,nqc,2,0.66,0.17066416408801363,0.09465400059691793,0.10352233676975947,0.1330387570764664,97
mt5,5,bertQPP,2,0.66,0.25512656647082055,0.011668488726874053,0.18341924398625434,0.007776554495134835,97
mt5,5,bertQPP(QV),2,0.66,0.21963418247652142,0.030651247082890264,0.1597938144329897,0.02040649882574069,97
mt5,5,spatial,2,0.68,0.2114969227644953,0.037563470378035806,0.14089347079037803,0.040901875311072,97
mt5,5,a_ratio,2,0.68,0.14383480475425733,0.15985350293602835,0.03737113402061856,0.5876136836654002,97
mt5,5,nqc,2,0.68,0.17005916103832908,0.09584697602048474,0.10524054982817871,0.12672143082539938,97
mt5,5,bertQPP,2,0.68,0.25062669552827377,0.01328481192532019,0.18470790378006877,0.007355176256510775,97
mt5,5,bertQPP(QV),2,0.68,0.21683802224569715,0.032894091543916745,0.15420962199312716,0.025236989773183314,97
mt5,5,spatial,2,0.7,0.20638628321007133,0.04253882514849329,0.14132302405498284,0.040290653027956765,97
mt5,5,a_ratio,2,0.7,0.14496725346720815,0.15655638449041084,0.03694158075601375,0.5919142896074897,97
mt5,5,nqc,2,0.7,0.1690966725300383,0.09776923356148827,0.10652920962199315,0.12213859984356254,97
mt5,5,bertQPP,2,0.7,0.24554191644573947,0.015342451047026542,0.17912371134020622,0.009341755733078497,97
mt5,5,bertQPP(QV),2,0.7,0.21354797477993626,0.03570861186804491,0.15077319587628868,0.0286776674564184,97
mt5,5,spatial,2,0.72,0.20115263304646597,0.048190475097969886,0.14003436426116841,0.04214791401843269,97
mt5,5,a_ratio,2,0.72,0.14624533557494893,0.152896519669105,0.03565292096219932,0.6049019912656891,97
mt5,5,nqc,2,0.72,0.1677805656059728,0.10044664508240386,0.10609965635738833,0.1236515932692785,97
mt5,5,bertQPP,2,0.72,0.23988065240988812,0.01795290964719133,0.17998281786941583,0.009007907605249525,97
mt5,5,bertQPP(QV),2,0.72,0.20976844177168374,0.03918863353477908,0.15034364261168387,0.02913493133073165,97
mt5,5,spatial,2,0.74,0.19581653325974882,0.054577971136332545,0.13831615120274915,0.044736513464296176,97
mt5,5,a_ratio,2,0.74,0.14769815264917163,0.14881451088191233,0.03694158075601375,0.5919142896074897,97
mt5,5,nqc,2,0.74,0.1661213258456731,0.10390367791034875,0.10609965635738833,0.1236515932692785,97
mt5,5,bertQPP,2,0.74,0.23366260271932277,0.021252907328749942,0.17568728522336774,0.01079019991112942,97
mt5,5,bertQPP(QV),2,0.74,0.20551344256197138,0.04344109569847922,0.15635738831615123,0.02327305567367708,97
mt5,5,spatial,2,0.76,0.19039843599099393,0.06175863831608284,0.1365979381443299,0.04745794602168577,97
mt5,5,a_ratio,2,0.76,0.1493627271050001,0.14423880236583217,0.04209621993127149,0.541289833276998,97
mt5,5,nqc,2,0.76,0.1641356631640106,0.10816231909718092,0.1048109965635739,0.1282784361242476,97
mt5,5,bertQPP,2,0.76,0.22691866071360717,0.02540682175217724,0.1701030927835052,0.013572314777054699,97
mt5,5,bertQPP(QV),2,0.76,0.20080650792366597,0.04858515101825409,0.1516323024054983,0.027781654237823455,97
mt5,5,spatial,2,0.78,0.18491840012571042,0.06978594676333434,0.13359106529209622,0.05255528194642074,97
mt5,5,a_ratio,2,0.78,0.15128666419072226,0.13908329001007524,0.04424398625429554,0.52085358029868,97
mt5,5,nqc,2,0.78,0.16184580984104963,0.11324079383845778,0.10352233676975947,0.1330387570764664,97
mt5,5,bertQPP,2,0.78,0.21969023046752373,0.03060764555160016,0.1666666666666667,0.01558372473088864,97
mt5,5,bertQPP(QV),2,0.78,0.19568005725782653,0.05475003602029153,0.1512027491408935,0.028226597294347726,97
mt5,5,spatial,2,0.8,0.1793958392587249,0.07870786822566586,0.1314432989690722,0.05647001729864357,97
mt5,5,a_ratio,2,0.8,0.1535317738343774,0.133245092781483,0.04810996563573884,0.4850959502795227,97
mt5,5,nqc,2,0.8,0.1592785729553586,0.11915217392263427,0.10652920962199315,0.12213859984356254,97
mt5,5,bertQPP,2,0.8,0.21202796982164004,0.03707564650040169,0.16451890034364264,0.016970096384742294,97
mt5,5,bertQPP(QV),2,0.8,0.19017429527088736,0.0620715237513491,0.1554982817869416,0.02404211148041231,97
mt5,5,spatial,2,0.82,0.17384930655045358,0.08856530202298095,0.12671821305841927,0.06594102788919391,97
mt5,5,a_ratio,2,0.82,0.15617885535372467,0.12660356324396477,0.050687285223367705,0.46201693847175085,97
mt5,5,nqc,2,0.82,0.15646422331680393,0.12590299776050332,0.10738831615120277,0.11915605807960761,97
mt5,5,bertQPP,2,0.82,0.2039900474338668,0.04505395749028491,0.15420962199312716,0.025236989773183314,97
mt5,5,bertQPP(QV),2,0.82,0.1843357143725189,0.07068691419172311,0.14991408934707906,0.029598455953974822,97
mt5,5,spatial,2,0.84,0.1682963188989339,0.09939065417576182,0.12972508591065296,0.0597739314027888,97
mt5,5,a_ratio,2,0.84,0.15933348208692066,0.11902329589885975,0.057560137457044684,0.40356988208906586,97
mt5,5,nqc,2,0.84,0.15343531128272536,0.13349203443915816,0.10567010309278352,0.12517917667351905,97
mt5,5,bertQPP,2,0.84,0.19564005085197064,0.05480055920077461,0.14948453608247425,0.030068308790855192,97
mt5,5,bertQPP(QV),2,0.84,0.1782153273087949,0.08072871904621684,0.14905498281786944,0.030544557732034724,97
mt5,5,spatial,2,0.86,0.1627532209331527,0.11120664626065302,0.1284364261168385,0.06235576017343852,97
mt5,5,a_ratio,2,0.86,0.16313107762171628,0.11036802050332704,0.05970790378006874,0.38625489539833124,97
mt5,5,nqc,2,0.86,0.15022549647507935,0.14190931751196398,0.10695876288659796,0.12064011527036375,97
mt5,5,bertQPP,2,0.86,0.18704471300007752,0.06657657248477769,0.14132302405498284,0.040290653027956765,97
mt5,5,bertQPP(QV),2,0.86,0.17186677494285582,0.09231742663171628,0.14175257731958765,0.039687194240219145,97
mt5,5,spatial,2,0.88,0.15723508768461705,0.12402541680401272,0.1254295532646048,0.06874005870255491,97
mt5,5,a_ratio,2,0.88,0.16773390171295235,0.1005426206432229,0.06529209621993129,0.34340339579060297,97
mt5,5,nqc,2,0.88,0.14686846547941712,0.15113555027543177,0.10781786941580758,0.11768634646990996,97
mt5,5,bertQPP,2,0.88,0.1782716318168008,0.08063140205755767,0.13745704467353953,0.04608031263937092,97
mt5,5,bertQPP(QV),2,0.88,0.16534445450838706,0.10555394314048659,0.13616838487972513,0.04815964796946807,97
mt5,5,spatial,2,0.9,0.151755663473575,0.1378479592713485,0.1168384879725086,0.08998850130140247,97
mt5,5,a_ratio,2,0.9,0.17329216442256232,0.08960731126305203,0.0738831615120275,0.2836625052763587,97
mt5,5,nqc,2,0.9,0.14339699250869928,0.16114194679709928,0.10352233676975947,0.1330387570764664,97
mt5,5,bertQPP,2,0.9,0.1693871427219696,0.09718594676175987,0.13316151202749144,0.05331954320676675,97
mt5,5,bertQPP(QV),2,0.9,0.15870179604503498,0.1205124463542713,0.13316151202749144,0.05331954320676675,97
mt5,5,spatial,2,0.92,0.14632733357507932,0.15266391899416643,0.11512027491408937,0.09481550621817705,97
mt5,5,a_ratio,2,0.92,0.17976697909497058,0.07808097188928456,0.08075601374570447,0.24125289471425693,97
mt5,5,nqc,2,0.92,0.13984217654005263,0.17189052813132216,0.1009450171821306,0.14296835148549844,97
mt5,5,bertQPP,2,0.92,0.1604544709452843,0.11641564454820959,0.12585910652920965,0.0677963948466897,97
mt5,5,bertQPP(QV),2,0.92,0.15198978416776393,0.1372344151130569,0.12156357388316154,0.07772782073014356,97
mt5,5,spatial,2,0.94,0.14096112459876745,0.16845174896718004,0.10910652920962201,0.11336246240953972,97
mt5,5,a_ratio,2,0.94,0.18624179341804797,0.06777411694820344,0.09793814432989692,0.1552606461818409,97
mt5,5,nqc,2,0.94,0.13623286791325329,0.18333484821070226,0.09879725085910654,0.15166941209887877,97
mt5,5,bertQPP,2,0.94,0.1515322478999046,0.13843538738549493,0.1168384879725086,0.08998850130140247,97
mt5,5,bertQPP(QV),2,0.94,0.14525578543512346,0.15572449595005058,0.11769759450171824,0.08765026442852013,97
mt5,5,spatial,2,0.96,0.13566672919272288,0.1851792035081074,0.10180412371134022,0.13959717520298046,97
mt5,5,a_ratio,2,0.96,0.18852312655382925,0.06441642468699973,0.11340206185567013,0.09984779835922447,97
mt5,5,nqc,2,0.96,0.13259528018155747,0.19542108545846396,0.0970790378006873,0.15891607395046403,97
mt5,5,bertQPP,2,0.96,0.1426734306417433,0.1632882238166923,0.10910652920962201,0.11336246240953972,97
mt5,5,bertQPP(QV),2,0.96,0.13854270480454683,0.1759486529725146,0.11039518900343644,0.10916471457232763,97
mt5,5,spatial,2,0.98,0.13045255061953853,0.2028041310730343,0.09621993127147768,0.16263626465805225,97
mt5,5,a_ratio,2,0.98,0.1736774788238138,0.08888563713504521,0.12285223367697597,0.07463114343880432,97
mt5,5,nqc,2,0.98,0.12895277036469524,0.20808940896433867,0.09192439862542956,0.1822278457949571,97
mt5,5,bertQPP,2,0.98,0.13392462272613379,0.19093927263750984,0.09965635738831616,0.14814179266855426,97
mt5,5,bertQPP(QV),2,0.98,0.13188846298965484,0.19783476207468567,0.10137457044673541,0.14127503537333896,97
mt5,5,spatial,2,1.0,0.125325762898071,0.22127551427126682,0.08977663230240551,0.19265661141875967,97
mt5,5,a_ratio,2,1.0,0.125325762898071,0.22127551427126682,0.08977663230240551,0.19265661141875967,97
mt5,5,nqc,2,1.0,0.125325762898071,0.22127551427126682,0.08977663230240551,0.19265661141875967,97
mt5,5,bertQPP,2,1.0,0.125325762898071,0.22127551427126682,0.08977663230240551,0.19265661141875967,97
mt5,5,bertQPP(QV),2,1.0,0.125325762898071,0.22127551427126682,0.08977663230240551,0.19265661141875967,97
mt5,5,spatial,3,0.0,0.25885485632993066,0.010462125003978813,0.1512027491408935,0.028226597294347726,97
mt5,5,a_ratio,3,0.0,0.13160075259686294,0.1988233722254004,0.02448453608247423,0.7223661580007107,97
mt5,5,nqc,3,0.0,0.11061668139870946,0.28074872825135627,0.011168384879725088,0.8712539798728897,97
mt5,5,bertQPP,3,0.0,0.2419719081486737,0.01694714987227943,0.19759450171821308,0.0041396512632380965,97
mt5,5,bertQPP(QV),3,0.0,0.18689940218155726,0.06679202150029932,0.15335051546391754,0.026061836085581373,97
mt5,5,spatial,3,0.02,0.2606788281869573,0.009912785797109426,0.15592783505154642,0.023654871935139845,97
mt5,5,a_ratio,3,0.02,0.13174571481472722,0.19832481999514573,0.025773195876288665,0.708405677956768,97
mt5,5,nqc,3,0.02,0.11271676676908082,0.2716601275477565,0.05970790378006874,0.38625489539833124,97
mt5,5,bertQPP,3,0.02,0.2437284547887248,0.01614033728448896,0.19888316151202753,0.0039014834427261624,97
mt5,5,bertQPP(QV),3,0.02,0.18880539509215152,0.06401053962334194,0.1550687285223368,0.024434836082135623,97
mt5,5,spatial,3,0.04,0.2624808563686601,0.00939505479291667,0.16022336769759454,0.02007078628569656,97
mt5,5,a_ratio,3,0.04,0.13189661171495382,0.197806813633377,0.02448453608247423,0.7223661580007107,97
mt5,5,nqc,3,0.04,0.11488575652150634,0.2624836968085967,0.07989690721649485,0.24629548858904848,97
mt5,5,bertQPP,3,0.04,0.2455245976921508,0.01534990631200469,0.19888316151202753,0.0039014834427261624,97
mt5,5,bertQPP(QV),3,0.04,0.19076499466141406,0.06124971626416863,0.15807560137457047,0.021798803662876853,97
mt5,5,spatial,3,0.06,0.26425407192448347,0.008908926803087537,0.16237113402061856,0.018463547347092265,97
mt5,5,a_ratio,3,0.06,0.13205381483105666,0.1972681957995293,0.02491408934707904,0.7177021136751226,97
mt5,5,nqc,3,0.06,0.11712563566714956,0.2532308797273324,0.09235395189003438,0.18019329783502935,97
mt5,5,bertQPP,3,0.06,0.24736000566008992,0.014577056317893262,0.19759450171821308,0.0041396512632380965,97
mt5,5,bertQPP(QV),3,0.06,0.19277905486023172,0.05851408519447179,0.15936426116838492,0.0207470988785446,97
mt5,5,spatial,3,0.08,0.26599091768182237,0.008454344439570485,0.16151202749140894,0.01909240321886764,97
mt5,5,a_ratio,3,0.08,0.13221772732162118,0.19670771585905536,0.02491408934707904,0.7177021136751226,97
mt5,5,nqc,3,0.08,0.11943827765217371,0.2439146818896785,0.10395189003436428,0.13143701983340042,97
mt5,5,bertQPP,3,0.08,0.2492340586351589,0.013822993264563401,0.19888316151202753,0.0039014834427261624,97
mt5,5,bertQPP(QV),3,0.08,0.1948482385091978,0.05580841857613093,0.16451890034364264,0.016970096384742294,97
mt5,5,spatial,3,0.1,0.26768311743807394,0.00803120754149767,0.1597938144329897,0.02040649882574069,97
mt5,5,a_ratio,3,0.1,0.13238878740269217,0.19612402033204174,0.02405498281786942,0.7270405431127746,97
mt5,5,nqc,3,0.1,0.1218254005006506,0.2345497652563172,0.10524054982817871,0.12672143082539938,97
mt5,5,bertQPP,3,0.1,0.2511457932250585,0.01308892274346776,0.20017182130584193,0.0036758280937195186,97
mt5,5,bertQPP(QV),3,0.1,0.19697296917964507,0.0531377156217131,0.16108247422680416,0.01941379508307944,97
mt5,5,spatial,3,0.12,0.2693216510299392,0.007639385069761163,0.16323024054982818,0.017852894393926448,97
mt5,5,a_ratio,3,0.12,0.1325674722362919,0.19551564214996656,0.023195876288659798,0.7364196981955502,97
mt5,5,nqc,3,0.12,0.12428851432302757,0.22515253196215182,0.11554982817869418,0.09358972367387966,97
mt5,5,bertQPP,3,0.12,0.25309383973014676,0.012376042350291388,0.202319587628866,0.003325969220576063,97
mt5,5,bertQPP(QV),3,0.12,0.19915337447169446,0.05050718649738485,0.16151202749140894,0.01909240321886764,97
mt5,5,spatial,3,0.14,0.27089673723363916,0.007278729709238341,0.16323024054982818,0.017852894393926448,97
mt5,5,a_ratio,3,0.14,0.13275430234724492,0.19488098854448266,0.022766323024054985,0.7411241465856763,97
mt5,5,nqc,3,0.14,0.12682885887497589,0.21574119263138802,0.11812714776632303,0.08649966115997804,97
mt5,5,bertQPP,3,0.14,0.2550763495607203,0.011685533494184903,0.20103092783505158,0.0035320539175627825,97
mt5,5,bertQPP(QV),3,0.14,0.20138921936956772,0.047922230939160905,0.16451890034364264,0.016970096384742294,97
mt5,5,spatial,3,0.16,0.27239782670360807,0.00694909543907505,0.16623711340206188,0.015852745291372216,97
mt5,5,a_ratio,3,0.16,0.13294984665381257,0.19421832736187894,0.02405498281786942,0.7270405431127746,97
mt5,5,nqc,3,0.16,0.12944732973955522,0.20633581361931025,0.11941580756013748,0.08312087785946547,97
mt5,5,bertQPP,3,0.16,0.2570909118513299,0.011018552776842005,0.20103092783505158,0.0035320539175627825,97
mt5,5,bertQPP(QV),3,0.16,0.2036798282442873,0.04538841111300017,0.1658075601374571,0.016125841537736958,97
mt5,5,spatial,3,0.18,0.2738136073874545,0.006650358361376268,0.1658075601374571,0.016125841537736958,97
mt5,5,a_ratio,3,0.18,0.1331547282137902,0.19352577156086376,0.022766323024054985,0.7411241465856763,97
mt5,5,nqc,3,0.18,0.13214439161956115,0.19695833683587044,0.12371134020618559,0.07262323979726368,97
mt5,5,bertQPP,3,0.18,0.259134458023765,0.010376223134719729,0.20317869415807563,0.0031947282487263706,97
mt5,5,bertQPP(QV),3,0.18,0.20602399395765117,0.042911418353472626,0.17053264604811,0.013337754848227265,97
mt5,5,spatial,3,0.2,0.27513202503953804,0.006382441121323021,0.16623711340206188,0.015852745291372216,97
mt5,5,a_ratio,3,0.2,0.13336963080737912,0.19280126160799266,0.022766323024054985,0.7411241465856763,97
mt5,5,nqc,3,0.2,0.13491997718565274,0.18763256515263677,0.12156357388316154,0.07772782073014356,97
mt5,5,bertQPP,3,0.2,0.26120315303211433,0.009759625006646585,0.20360824742268044,0.003130893451622874,97
mt5,5,bertQPP(QV),3,0.2,0.2084198724337585,0.040497033575627644,0.17182130584192443,0.01265543298933369,97
mt5,5,spatial,3,0.22,0.2763403215677139,0.006145341310555261,0.16537800687285226,0.016403064445582434,97
mt5,5,a_ratio,3,0.22,0.13359530650217513,0.19204254543306598,0.023195876288659798,0.7364196981955502,97
mt5,5,nqc,3,0.22,0.1377733699552332,0.17838410593629886,0.12199312714776635,0.07668417076895777,97
mt5,5,bertQPP,3,0.22,0.2632922720626198,0.009169787870647777,0.20274914089347082,0.003259747042536618,97
mt5,5,bertQPP(QV),3,0.22,0.21086486102632584,0.03815108138191999,0.17182130584192443,0.01265543298933369,97
mt5,5,spatial,3,0.24,0.2774250939564351,0.005939164323981768,0.1658075601374571,0.016125841537736958,97
mt5,5,a_ratio,3,0.24,0.13383258437511833,0.1912471555439119,0.025773195876288665,0.708405677956768,97
mt5,5,nqc,3,0.24,0.14070306981126815,0.16924026510651022,0.12199312714776635,0.07668417076895777,97
mt5,5,bertQPP,3,0.24,0.26539606158456136,0.008607682589255743,0.20274914089347082,0.003259747042536618,97
mt5,5,bertQPP(QV),3,0.24,0.2133554590503413,0.035879378192113925,0.17139175257731962,0.012879359856548544,97
mt5,5,spatial,3,0.26,0.27837237638005885,0.005764161240954613,0.16752577319587633,0.015057708996420909,97
mt5,5,a_ratio,3,0.26,0.1340823806026444,0.19041238282383147,0.025773195876288665,0.708405677956768,97
mt5,5,nqc,3,0.26,0.1437066400532435,0.1602298844253156,0.12371134020618559,0.07262323979726368,97
mt5,5,bertQPP,3,0.26,0.2675075838908981,0.00807421511325412,0.20317869415807563,0.0031947282487263706,97
mt5,5,bertQPP(QV),3,0.26,0.21588710900397254,0.03368767511921098,0.17396907216494847,0.011586707769612953,97
mt5,5,spatial,3,0.28,0.2791677478172093,0.005620772427037313,0.16838487972508595,0.01454739544260673,97
mt5,5,a_ratio,3,0.28,0.13434571017539615,0.18953524644227202,0.026632302405498288,0.6991524853070341,97
mt5,5,nqc,3,0.28,0.1467805353589827,0.15138311564908094,0.11812714776632303,0.08649966115997804,97
mt5,5,bertQPP,3,0.28,0.26961854467300966,0.007570222221455384,0.20360824742268044,0.003130893451622874,97
mt5,5,bertQPP(QV),3,0.28,0.21845401733170994,0.03158159680624992,0.17396907216494847,0.011586707769612953,97
mt5,5,spatial,3,0.3,0.27979646696710625,0.0055096777027871975,0.1670962199312715,0.015318729327102553,97
mt5,5,a_ratio,3,0.3,0.13462370055006898,0.18861245919619662,0.02792096219931272,0.6853564626190167,97
mt5,5,nqc,3,0.3,0.1499199107915578,0.142731126877571,0.11941580756013748,0.08312087785946547,97
mt5,5,bertQPP,3,0.3,0.2717191037973361,0.007096470121212072,0.20446735395189009,0.0030066996042901117,97
mt5,5,bertQPP(QV),3,0.3,0.22104895413697606,0.02956657803038539,0.17353951890034366,0.011793812186781842,97
mt5,5,spatial,3,0.32,0.2802436355242629,0.00543185409910944,0.16881443298969073,0.014298004272030715,97
mt5,5,a_ratio,3,0.32,0.13491760762138713,0.18764038746084966,0.027061855670103097,0.6945424903122657,97
mt5,5,nqc,3,0.32,0.15311841308462595,0.13430573907036217,0.11855670103092786,0.08536128644887009,97
mt5,5,bertQPP,3,0.32,0.2737976703586166,0.006653656904743431,0.20489690721649487,0.002946303078171719,97
mt5,5,bertQPP(QV),3,0.32,0.22366303212133246,0.027647800568848475,0.17268041237113405,0.01221789425088413,97
mt5,5,spatial,3,0.34,0.2804943898735768,0.005388642409091204,0.16537800687285226,0.016403064445582434,97
mt5,5,a_ratio,3,0.34,0.1352288344859176,0.1866150047580052,0.028350515463917533,0.680780730027897,97
mt5,5,nqc,3,0.34,0.1563679569614727,0.1261389943763154,0.11855670103092786,0.08536128644887009,97
mt5,5,bertQPP,3,0.34,0.27584068435016057,0.006242420056218857,0.20317869415807563,0.0031947282487263706,97
mt5,5,bertQPP(QV),3,0.34,0.22628546630203222,0.025830133594717187,0.17740549828178698,0.010042744211065484,97
mt5,5,spatial,3,0.36,0.2805341200251955,0.0053818239431968565,0.16623711340206188,0.015852745291372216,97
mt5,5,a_ratio,3,0.36,0.13555895358184292,0.18553183773880605,0.028350515463917533,0.680780730027897,97
mt5,5,nqc,3,0.36,0.15965849126307147,0.1182626626640507,0.11769759450171824,0.08765026442852013,97
mt5,5,bertQPP,3,0.36,0.2778323889980908,0.005863350443772604,0.20575601374570449,0.0028288190417010725,97
mt5,5,bertQPP(QV),3,0.36,0.22890331784547457,0.024118081708104987,0.17955326460481102,0.009173476196585428,97
mt5,5,spatial,3,0.38,0.28034871314291276,0.005413709080954408,0.16451890034364264,0.016970096384742294,97
mt5,5,a_ratio,3,0.38,0.13590973293213737,0.1843859031166665,0.02920962199312715,0.6716645680851198,97
mt5,5,nqc,3,0.38,0.16297776223540827,0.11070769834951075,0.11769759450171824,0.08765026442852013,97
mt5,5,bertQPP,3,0.38,0.27975460003496844,0.005517014524953714,0.20833333333333337,0.0025015666651811157,97
mt5,5,bertQPP(QV),3,0.38,0.23150122776023363,0.02251574557966161,0.18127147766323026,0.008527096049992753,97
mt5,5,spatial,3,0.4,0.2799248173847515,0.005487239362002112,0.16494845360824745,0.01668446543769203,97
mt5,5,a_ratio,3,0.4,0.13628316740251983,0.18317163375975712,0.030068728522336774,0.6625964496656107,97
mt5,5,nqc,3,0.4,0.16631108447280624,0.10350366601794513,0.11855670103092786,0.08536128644887009,97
mt5,5,bertQPP,3,0.4,0.28158648100686867,0.005203986867631994,0.20747422680412375,0.0026065887949513057,97
mt5,5,bertQPP(QV),3,0.4,0.2340611493179493,0.0210268010494535,0.17654639175257736,0.010410504577977625,97
mt5,5,spatial,3,0.42,0.27925012005460564,0.005606104936371134,0.16323024054982818,0.017852894393926448,97
mt5,5,a_ratio,3,0.42,0.13668151612319607,0.18188279174478958,0.029639175257731964,0.6671244311500414,97
mt5,5,nqc,3,0.42,0.16964113367847589,0.09667815995076631,0.1202749140893471,0.08092834885233069,97
mt5,5,bertQPP,3,0.42,0.2833043371522711,0.004924895577158689,0.20446735395189009,0.0030066996042901117,97
mt5,5,bertQPP(QV),3,0.42,0.23656209197656,0.01965450334231191,0.18041237113402064,0.008845012615594157,97
mt5,5,spatial,3,0.44,0.278313632374599,0.005774879150059449,0.16623711340206188,0.015852745291372216,97
mt5,5,a_ratio,3,0.44,0.13710734753265258,0.18051236566185128,0.030068728522336774,0.6625964496656107,97
mt5,5,nqc,3,0.44,0.17294777942464534,0.09025624879242704,0.1202749140893471,0.08092834885233069,97
mt5,5,bertQPP,3,0.44,0.28488144443512625,0.004680483876855425,0.20704467353951894,0.0026605976928076114,97
mt5,5,bertQPP(QV),3,0.44,0.23897989425992464,0.01840172379029475,0.17998281786941583,0.009007907605249525,97
mt5,5,spatial,3,0.46,0.27710597167013606,0.005999171816509462,0.1709621993127148,0.013106785247853048,97
mt5,5,a_ratio,3,0.46,0.13756359390723366,0.17905244881445243,0.028780068728522342,0.6762167162300601,97
mt5,5,nqc,3,0.46,0.17620798016127964,0.08425998133837181,0.11941580756013748,0.08312087785946547,97
mt5,5,bertQPP,3,0.46,0.28628793483218246,0.004471691986005216,0.20876288659793818,0.0024505203740822256,97
mt5,5,bertQPP(QV),3,0.46,0.24128704837136397,0.017271027065592734,0.18256013745704472,0.00806936233603351,97
mt5,5,spatial,3,0.48,0.27561963056977923,0.0062858022450502675,0.16752577319587633,0.015057708996420909,97
mt5,5,a_ratio,3,0.48,0.13805361777609704,0.17749409414228703,0.030498281786941587,0.6580807665431417,97
mt5,5,nqc,3,0.48,0.17939576633535592,0.07870799179614507,0.12113402061855671,0.07878300963914868,97
mt5,5,bertQPP,3,0.48,0.2874907636923817,0.004299764677008505,0.20876288659793818,0.0024505203740822256,97
mt5,5,bertQPP(QV),3,0.48,0.24345260497295765,0.016264797417053545,0.18084192439862545,0.008684754281086702,97
mt5,5,spatial,3,0.5,0.2738492221163683,0.006642992283191352,0.16752577319587633,0.015057708996420909,97
mt5,5,a_ratio,3,0.5,0.13858129333525593,0.17582714065766827,0.030068728522336774,0.6625964496656107,97
mt5,5,nqc,3,0.5,0.18248233993326024,0.0736152419099255,0.12156357388316154,0.07772782073014356,97
mt5,5,bertQPP,3,0.5,0.2884537894302143,0.004166391601224884,0.209192439862543,0.002400428947085522,97
mt5,5,bertQPP(QV),3,0.5,0.24544219198205774,0.015385422795250951,0.18771477663230243,0.006450561996249079,97
mt5,5,spatial,3,0.52,0.2717916896015884,0.007080578399815353,0.1666666666666667,0.01558372473088864,97
mt5,5,a_ratio,3,0.52,0.1391511069344671,0.1740400048678332,0.02792096219931272,0.6853564626190167,97
mt5,5,nqc,3,0.52,0.1854363191441629,0.06899293231721278,0.11898625429553265,0.08423505409007553,97
mt5,5,bertQPP,3,0.52,0.28913799926540684,0.0040738898131974285,0.20833333333333337,0.0025015666651811157,97
mt5,5,bertQPP(QV),3,0.52,0.24721818554282746,0.014635546101654441,0.19158075601374575,0.0054350017041903615,97
mt5,5,spatial,3,0.54,0.26944647057108495,0.0076102401217768255,0.1628006872852234,0.018155972846842318,97
mt5,5,a_ratio,3,0.54,0.13976828201337774,0.1721194289748733,0.027491408934707907,0.6899437658549277,97
mt5,5,nqc,3,0.54,0.18822415413986485,0.06484860613937639,0.1202749140893471,0.08092834885233069,97
mt5,5,bertQPP,3,0.54,0.2895019161888688,0.00402544108417613,0.2100515463917526,0.0023030471051788694,97
mt5,5,bertQPP(QV),3,0.54,0.24874007330446896,0.014018393183260537,0.18857388316151205,0.006211170636578692,97
mt5,5,spatial,3,0.56,0.26681560583989206,0.008245739898181316,0.16494845360824745,0.01668446543769203,97
mt5,5,a_ratio,3,0.56,0.14043893564809423,0.17005017550389037,0.028780068728522342,0.6762167162300601,97
mt5,5,nqc,3,0.56,0.19081073319032152,0.06118645442499146,0.1207044673539519,0.07984982362376257,97
mt5,5,bertQPP,3,0.56,0.28950222058751185,0.004025400775572284,0.20876288659793818,0.0024505203740822256,97
mt5,5,bertQPP(QV),3,0.56,0.2499650482613924,0.013538187675840602,0.18427835051546396,0.0074933028749945285,97
mt5,5,spatial,3,0.58,0.26390378647438173,0.009003166718619414,0.16537800687285226,0.016403064445582434,97
mt5,5,a_ratio,3,0.58,0.14117027633959506,0.16781465528837816,0.027491408934707907,0.6899437658549277,97
mt5,5,nqc,3,0.58,0.1931601867773713,0.058007816688968136,0.12156357388316154,0.07772782073014356,97
mt5,5,bertQPP,3,0.58,0.2890946136320346,0.0040797004054298446,0.21176975945017185,0.0021190549684448486,97
mt5,5,bertQPP(QV),3,0.58,0.2508488640230293,0.013200663357327341,0.18127147766323026,0.008527096049992753,97
mt5,5,spatial,3,0.6,0.2607183344252616,0.009901172646126222,0.16194158075601378,0.018775672464210122,97
mt5,5,a_ratio,3,0.6,0.14197085613099847,0.16539247230337065,0.027491408934707907,0.6899437658549277,97
mt5,5,nqc,3,0.6,0.19523688091761854,0.055311852067032416,0.12285223367697597,0.07463114343880432,97
mt5,5,bertQPP,3,0.6,0.28823493734194133,0.004196372635136131,0.2100515463917526,0.0023030471051788694,97
mt5,5,bertQPP(QV),3,0.6,0.2513469679851394,0.013013685109911459,0.186426116838488,0.006825229731210832,97
mt5,5,spatial,3,0.62,0.2572691156520853,0.01096118803658054,0.16537800687285226,0.016403064445582434,97
mt5,5,a_ratio,3,0.62,0.14285089502829348,0.16275986454597519,0.026202749140893475,0.7037735989090746,97
mt5,5,nqc,3,0.62,0.19700657035674984,0.053096339571091986,0.12156357388316154,0.07772782073014356,97
mt5,5,bertQPP,3,0.62,0.28688054734437224,0.004386235018195716,0.20833333333333337,0.0025015666651811157,97
mt5,5,bertQPP(QV),3,0.62,0.25141590660557767,0.012987989401657183,0.18943298969072167,0.005979808014005902,97
mt5,5,spatial,3,0.64,0.25356838792342895,0.012207597913721434,0.16365979381443302,0.01755425786967657,97
mt5,5,a_ratio,3,0.64,0.14382270269115857,0.1598890149295855,0.028350515463917533,0.680780730027897,97
mt5,5,nqc,3,0.64,0.19843765958698958,0.0513585516622903,0.12242268041237117,0.07565197367789964,97
mt5,5,bertQPP,3,0.64,0.284991908776356,0.00466377678347172,0.20661512027491413,0.0027156275780873427,97
mt5,5,bertQPP(QV),3,0.64,0.2510149671959263,0.013138053440432557,0.18556701030927839,0.00708575590459897,97
mt5,5,spatial,3,0.66,0.2496305887392838,0.013667859176338342,0.16022336769759454,0.02007078628569656,97
mt5,5,a_ratio,3,0.66,0.1449012324788433,0.1567472000477664,0.030927835051546396,0.653577523351426,97
mt5,5,nqc,3,0.66,0.19950249784003943,0.0500961355892473,0.12371134020618559,0.07262323979726368,97
mt5,5,bertQPP,3,0.66,0.2825343549427527,0.0050482996355686255,0.2053264604810997,0.002887015591872923,97
mt5,5,bertQPP(QV),3,0.66,0.2501079854557259,0.013483097335013025,0.18470790378006877,0.007355176256510775,97
mt5,5,spatial,3,0.68,0.24547207173647317,0.015372536540880374,0.15292096219931275,0.026482928123240188,97
mt5,5,a_ratio,3,0.68,0.1461048177459756,0.15329573814264327,0.032216494845360835,0.6401438286436847,97
mt5,5,nqc,3,0.68,0.20017861719498958,0.049307932769589766,0.12414089347079041,0.07163599473940602,97
mt5,5,bertQPP,3,0.68,0.2794799153422898,0.0055653662494326425,0.19931271477663232,0.003824903963020039,97
mt5,5,bertQPP(QV),3,0.68,0.24866521163197303,0.01404821369303876,0.17912371134020622,0.009341755733078497,97
mt5,5,spatial,3,0.7,0.24111080227199105,0.017355234907281508,0.15077319587628868,0.0286776674564184,97
mt5,5,a_ratio,3,0.7,0.1474561621924145,0.14948869209044535,0.030068728522336774,0.6625964496656107,97
mt5,5,nqc,3,0.7,0.20044981468769324,0.04899466828085789,0.12500000000000003,0.06969448971824621,97
mt5,5,bertQPP,3,0.7,0.27580908935024545,0.006248604338612484,0.19759450171821308,0.0041396512632380965,97
mt5,5,bertQPP(QV),3,0.7,0.2466650968424438,0.014865601752268486,0.18127147766323026,0.008527096049992753,97
mt5,5,spatial,3,0.72,0.23656602446280217,0.01965240766209278,0.14647766323024058,0.03354022455213661,97
mt5,5,a_ratio,3,0.72,0.1489836887759092,0.14527128223622313,0.0313573883161512,0.6490868603039283,97
mt5,5,nqc,3,0.72,0.20030698291710963,0.04915944998051359,0.12414089347079041,0.07163599473940602,97
mt5,5,bertQPP,3,0.72,0.27151242027022,0.007141893547805465,0.19630584192439868,0.0043909374810577745,97
mt5,5,bertQPP(QV),3,0.72,0.24409584195533135,0.015975856293938856,0.17568728522336774,0.01079019991112942,97
mt5,5,spatial,3,0.74,0.23185791270354372,0.022303024628917725,0.14819587628865982,0.031516517606653575,97
mt5,5,a_ratio,3,0.74,0.15072340078348453,0.14057797575674896,0.03436426116838488,0.6180159506334773,97
mt5,5,nqc,3,0.74,0.19974861036241875,0.04980802918563795,0.12929553264604812,0.060624507125192455,97
mt5,5,bertQPP,3,0.74,0.2665917178424739,0.008301919230839982,0.19158075601374575,0.0054350017041903615,97
mt5,5,bertQPP(QV),3,0.74,0.2409565511078663,0.01742922439598797,0.17225085910652924,0.012434959394241826,97
mt5,5,spatial,3,0.76,0.22700722058126577,0.025348090013953762,0.14862542955326463,0.03102727109196935,97
mt5,5,a_ratio,3,0.76,0.1527214822062633,0.1353302627211659,0.03522336769759451,0.6092594479622931,97
mt5,5,nqc,3,0.76,0.198780901185193,0.05094879132510284,0.13230240549828182,0.05487593045339063,97
mt5,5,bertQPP,3,0.76,0.261060790379149,0.009801003995009402,0.186426116838488,0.006825229731210832,97
mt5,5,bertQPP(QV),3,0.76,0.23725785455284565,0.019286697369415788,0.17225085910652924,0.012434959394241826,97
mt5,5,spatial,3,0.78,0.22203493923438844,0.028830009516292894,0.14261168384879727,0.03850326567762371,97
mt5,5,a_ratio,3,0.78,0.15503797290221627,0.1294342464906006,0.03823024054982819,0.5790561270652871,97
mt5,5,nqc,3,0.78,0.1974175008748652,0.052592464586309624,0.12972508591065296,0.0597739314027888,97
mt5,5,bertQPP,3,0.78,0.25494558212946783,0.011730020983521614,0.18041237113402064,0.008845012615594157,97
mt5,5,bertQPP(QV),3,0.78,0.2330219107880941,0.021620756915324838,0.17053264604811,0.013337754848227265,97
mt5,5,spatial,3,0.8,0.2169619757007792,0.03279181616507825,0.138745704467354,0.04407710548149226,97
mt5,5,a_ratio,3,0.8,0.15775200534274755,0.12277846302778538,0.040807560137457045,0.5537409286316863,97
mt5,5,nqc,3,0.8,0.195678853030942,0.05475155625283901,0.13058419243986258,0.05810246319620013,97
mt5,5,bertQPP,3,0.8,0.24828366461059204,0.014201057210310904,0.17740549828178698,0.010042744211065484,97
mt5,5,bertQPP(QV),3,0.8,0.2282817604441613,0.02451555454339577,0.16924398625429557,0.01405239227763608,97
mt5,5,spatial,3,0.82,0.21180885984786402,0.03727627547895288,0.13745704467353953,0.04608031263937092,97
mt5,5,a_ratio,3,0.82,0.16096926935709926,0.11523301721612204,0.040807560137457045,0.5537409286316863,97
mt5,5,nqc,3,0.82,0.1935912476132465,0.05743954880455622,0.13101374570446736,0.05728140399891128,97
mt5,5,bertQPP,3,0.82,0.24112309540638271,0.017349349951967644,0.1701030927835052,0.013572314777054699,97
mt5,5,bertQPP(QV),3,0.82,0.22308007430955978,0.028066286772680072,0.1589347079037801,0.021092644173514117,97
mt5,5,spatial,3,0.84,0.20659548627286461,0.0423249010779324,0.13702749140893475,0.046764860648197036,97
mt5,5,a_ratio,3,0.84,0.16483246055777542,0.10665268331351373,0.046391752577319596,0.5008221569685896,97
mt5,5,nqc,3,0.84,0.1911856467739962,0.060669909098120964,0.13101374570446736,0.05728140399891128,97
mt5,5,bertQPP,3,0.84,0.23352072406164542,0.021333900380340127,0.16537800687285226,0.016403064445582434,97
mt5,5,bertQPP(QV),3,0.84,0.21746740301357753,0.03237755195303693,0.154639175257732,0.024833107958687445,97
mt5,5,spatial,3,0.86,0.2013408952938471,0.04797692072294804,0.13487972508591067,0.050317249987351625,97
mt5,5,a_ratio,3,0.86,0.1695349382205265,0.09689021465627894,0.05197594501718214,0.450711341430895,97
mt5,5,nqc,3,0.86,0.18849638763286425,0.06445498178928073,0.12929553264604812,0.060624507125192455,97
mt5,5,bertQPP,3,0.86,0.22554008101963324,0.026336126082336854,0.15807560137457047,0.021798803662876853,97
mt5,5,bertQPP(QV),3,0.86,0.21150008490343705,0.03756054978373602,0.15077319587628868,0.0286776674564184,97
mt5,5,spatial,3,0.88,0.19606309498728874,0.05426823885371317,0.12929553264604812,0.060624507125192455,97
mt5,5,a_ratio,3,0.88,0.17533455868105685,0.08583439174070959,0.05154639175257733,0.4544623656228458,97
mt5,5,nqc,3,0.88,0.18555986141915756,0.06880485017589244,0.1284364261168385,0.06235576017343852,97
mt5,5,bertQPP,3,0.88,0.2172490227545422,0.03255599877287186,0.14948453608247425,0.030068308790855192,97
mt5,5,bertQPP(QV),3,0.88,0.20523799386407515,0.04372911308507806,0.1439003436426117,0.036783724578164194,97
mt5,5,spatial,3,0.9,0.1907789242932377,0.06123044427994065,0.12671821305841927,0.06594102788919391,97
mt5,5,a_ratio,3,0.9,0.18255031392111665,0.07350614520790096,0.06013745704467355,0.3828471200330016,97
mt5,5,nqc,3,0.9,0.18241325707824452,0.07372625178823833,0.12800687285223372,0.06323660544752113,97
mt5,5,bertQPP,3,0.9,0.20871731912959962,0.040205356826324194,0.14304123711340208,0.037922646089534044,97
mt5,5,bertQPP(QV),3,0.9,0.19874230795434875,0.050994728890703694,0.13917525773195877,0.0434259212403691,97
mt5,5,spatial,3,0.92,0.18550395559048433,0.06888991041161159,0.12156357388316154,0.07772782073014356,97
mt5,5,a_ratio,3,0.92,0.19146520910331133,0.060287055051152394,0.07259450171821306,0.29214479548279504,97
mt5,5,nqc,3,0.92,0.1790934381929476,0.07922163125033935,0.12800687285223372,0.06323660544752113,97
mt5,5,bertQPP,3,0.92,0.20001435747605972,0.049498474650668096,0.13831615120274915,0.044736513464296176,97
mt5,5,bertQPP(QV),3,0.92,0.19207345593063008,0.05946088272280772,0.13359106529209622,0.05255528194642074,97
mt5,5,spatial,3,0.94,0.18025243388537104,0.0772670304144985,0.1207044673539519,0.07984982362376257,97
mt5,5,a_ratio,3,0.94,0.20181761964931272,0.04743964854243595,0.09235395189003438,0.18019329783502935,97
mt5,5,nqc,3,0.94,0.17563599902593363,0.08528839948068626,0.12671821305841927,0.06594102788919391,97
mt5,5,bertQPP,3,0.94,0.19120710650289605,0.06064045042024016,0.13359106529209622,0.05255528194642074,97
mt5,5,bertQPP(QV),3,0.94,0.1852893591173736,0.06921720699236551,0.13101374570446736,0.05728140399891128,97
mt5,5,spatial,3,0.96,0.17503724886626948,0.08637562150562847,0.11941580756013748,0.08312087785946547,97
mt5,5,a_ratio,3,0.96,0.21067141998220956,0.03833244823722019,0.11082474226804125,0.10779310640620364,97
mt5,5,nqc,3,0.96,0.1720745224696057,0.09191844793858257,0.11941580756013748,0.08312087785946547,97
mt5,5,bertQPP,3,0.96,0.18235843948393096,0.07381443450138901,0.1327319587628866,0.054093065441640706,97
mt5,5,bertQPP(QV),3,0.96,0.178444039454399,0.08033399483159853,0.12757731958762888,0.06412770883743656,97
mt5,5,spatial,3,0.98,0.16986993552989138,0.09622252215255594,0.11941580756013748,0.08312087785946547,97
mt5,5,a_ratio,3,0.98,0.20593870038063244,0.042999531480265904,0.13187285223367698,0.055668220302014286,97
mt5,5,nqc,3,0.98,0.1684400425790826,0.09909794222417746,0.11941580756013748,0.08312087785946547,97
mt5,5,bertQPP,3,0.98,0.17352586866361527,0.08916904331669519,0.12328178694158079,0.07362159410235054,97
mt5,5,bertQPP(QV),3,0.98,0.17158661910913214,0.09285763135906826,0.12242268041237117,0.07565197367789964,97
mt5,5,spatial,3,1.0,0.16476069884394204,0.10680739429343662,0.1164089347079038,0.09117630712765404,97
mt5,5,a_ratio,3,1.0,0.16476069884394204,0.10680739429343662,0.1164089347079038,0.09117630712765404,97
mt5,5,nqc,3,1.0,0.16476069884394204,0.10680739429343662,0.1164089347079038,0.09117630712765404,97
mt5,5,bertQPP,3,1.0,0.16476069884394204,0.10680739429343662,0.1164089347079038,0.09117630712765404,97
mt5,5,bertQPP(QV),3,1.0,0.16476069884394204,0.10680739429343662,0.1164089347079038,0.09117630712765404,97
mt5,5,spatial,4,0.0,0.25885485632993066,0.010462125003978813,0.1512027491408935,0.028226597294347726,97
mt5,5,a_ratio,4,0.0,0.13160075259686294,0.1988233722254004,0.02448453608247423,0.7223661580007107,97
mt5,5,nqc,4,0.0,0.11061668139870946,0.28074872825135627,0.011168384879725088,0.8712539798728897,97
mt5,5,bertQPP,4,0.0,0.2419719081486737,0.01694714987227943,0.19759450171821308,0.0041396512632380965,97
mt5,5,bertQPP(QV),4,0.0,0.18689940218155726,0.06679202150029932,0.15335051546391754,0.026061836085581373,97
mt5,5,spatial,4,0.02,0.2611396241908318,0.009778071268711452,0.15635738831615123,0.02327305567367708,97
mt5,5,a_ratio,4,0.02,0.13177876850758444,0.1982112682214439,0.025773195876288665,0.708405677956768,97
mt5,5,nqc,4,0.02,0.11322166308632917,0.26950497980041227,0.07130584192439864,0.3007958300881056,97
mt5,5,bertQPP,4,0.02,0.24420751599674326,0.015926147578603354,0.19888316151202753,0.0039014834427261624,97
mt5,5,bertQPP(QV),4,0.02,0.18928333943799747,0.06332802498951899,0.15635738831615123,0.02327305567367708,97
mt5,5,spatial,4,0.04,0.2634204152621038,0.009134649707312878,0.1585051546391753,0.021443192891173694,97
mt5,5,a_ratio,4,0.04,0.13196410585956336,0.19757543196796534,0.02362542955326461,0.7317251099207628,97
mt5,5,nqc,4,0.04,0.11591989162253119,0.2581835764999796,0.09750859106529211,0.15708030004273185,97
mt5,5,bertQPP,4,0.04,0.24650528143515604,0.014932657695252708,0.19974226804123715,0.0037496927052216027,97
mt5,5,bertQPP(QV),4,0.04,0.1917438880724363,0.05990737466283277,0.15764604810996566,0.022159535570441733,97
mt5,5,spatial,4,0.06,0.26569144508537984,0.008531237425432768,0.16022336769759454,0.02007078628569656,97
mt5,5,a_ratio,4,0.06,0.13215722525193427,0.1969144619593316,0.02448453608247423,0.7223661580007107,97
mt5,5,nqc,4,0.06,0.1187148588665462,0.24680306239578942,0.11597938144329899,0.09237668593402237,97
mt5,5,bertQPP,4,0.06,0.24886624536933566,0.01396825803095994,0.19974226804123715,0.0037496927052216027,97
mt5,5,bertQPP(QV),4,0.06,0.19428334819308082,0.056536686691565106,0.1597938144329897,0.02040649882574069,97
mt5,5,spatial,4,0.08,0.2679463046554488,0.007967102072091609,0.16108247422680416,0.01941379508307944,97
mt5,5,a_ratio,4,0.08,0.13235862669585358,0.1962268446662096,0.025343642611683852,0.7130485680719618,97
mt5,5,nqc,4,0.08,0.12161003620745152,0.2353842258795782,0.12500000000000003,0.06969448971824621,97
mt5,5,bertQPP,4,0.08,0.2512912444647083,0.013034487440113594,0.19802405498281792,0.004058834798972484,97
mt5,5,bertQPP(QV),4,0.08,0.19690392303420362,0.05322282134570497,0.16151202749140894,0.01909240321886764,97
mt5,5,spatial,4,0.1,0.2701779272982995,0.007441410838741955,0.16108247422680416,0.01941379508307944,97
mt5,5,a_ratio,4,0.1,0.1325688539160933,0.19551094317866147,0.02491408934707904,0.7177021136751226,97
mt5,5,nqc,4,0.1,0.12460883165738934,0.22395019139408942,0.13616838487972513,0.04815964796946807,97
mt5,5,bertQPP,4,0.1,0.2537808587880993,0.01213282998385223,0.20103092783505158,0.0035320539175627825,97
mt5,5,bertQPP(QV),4,0.1,0.19960767395741352,0.04997284562421402,0.16065292096219932,0.019739903980340746,97
mt5,5,spatial,4,0.12,0.2723785593389013,0.00695324146439405,0.1597938144329897,0.02040649882574069,97
mt5,5,a_ratio,4,0.12,0.13278849922773364,0.19476498444826673,0.02491408934707904,0.7177021136751226,97
mt5,5,nqc,4,0.12,0.12771453668590424,0.21252648268576865,0.13788659793814437,0.04540422310195199,97
mt5,5,bertQPP,4,0.12,0.25633534991947193,0.011264697866271031,0.2014604810996564,0.0034621026042757834,97
mt5,5,bertQPP(QV),4,0.12,0.20239646580759782,0.04679398642300721,0.16022336769759454,0.02007078628569656,97
mt5,5,spatial,4,0.14,0.2745397360330497,0.006501595229774736,0.16494845360824745,0.01668446543769203,97
mt5,5,a_ratio,4,0.14,0.1330182090795513,0.19398704492501587,0.026202749140893475,0.7037735989090746,97
mt5,5,nqc,4,0.14,0.1309302609305467,0.2011410483926192,0.14647766323024058,0.03354022455213661,97
mt5,5,bertQPP,4,0.14,0.2589545880392323,0.010431413320980312,0.19759450171821308,0.0041396512632380965,97
mt5,5,bertQPP(QV),4,0.14,0.2052719009052684,0.04369357344250814,0.16065292096219932,0.019739903980340746,97
mt5,5,spatial,4,0.16,0.2766522644477239,0.006085411893309318,0.1670962199312715,0.015318729327102553,97
mt5,5,a_ratio,4,0.16,0.13325869037273053,0.19317503435027136,0.025343642611683852,0.7130485680719618,97
mt5,5,nqc,4,0.16,0.13425885267451274,0.18982423955777564,0.14604810996563578,0.03406318246416719,97
mt5,5,bertQPP,4,0.16,0.2616379663215581,0.009634189698491082,0.19802405498281792,0.004058834798972484,97
mt5,5,bertQPP(QV),4,0.16,0.20823523971405672,0.04067897121039741,0.16194158075601378,0.018775672464210122,97
mt5,5,spatial,4,0.18,0.2787062151754809,0.005703586496230605,0.1658075601374571,0.016125841537736958,97
mt5,5,a_ratio,4,0.18,0.1335107176841966,0.19232667742609916,0.02362542955326461,0.7317251099207628,97
mt5,5,nqc,4,0.18,0.13770280274056923,0.17860872765465882,0.1439003436426117,0.036783724578164194,97
mt5,5,bertQPP,4,0.18,0.26438430079294833,0.008874112090217575,0.19974226804123715,0.0037496927052216027,97
mt5,5,bertQPP(QV),4,0.18,0.21128730596889664,0.037757499857732475,0.1666666666666667,0.01558372473088864,97
mt5,5,spatial,4,0.2,0.2806909249461685,0.005354987946264886,0.16924398625429557,0.01405239227763608,97
mt5,5,a_ratio,4,0.2,0.13377514154906248,0.19143949303221197,0.026202749140893475,0.7037735989090746,97
mt5,5,nqc,4,0.2,0.14126412923045073,0.1675293510622837,0.14561855670103094,0.03459309466060896,97
mt5,5,bertQPP,4,0.2,0.2671917136601764,0.008152117918691536,0.20446735395189009,0.0030066996042901117,97
mt5,5,bertQPP(QV),4,0.2,0.21442837379875648,0.03493634465404537,0.16838487972508595,0.01454739544260673,97
mt5,5,spatial,4,0.22,0.28259501233672013,0.005038479281988845,0.16967353951890035,0.013810511589466142,97
mt5,5,a_ratio,4,0.22,0.13405289798752762,0.19051077060302385,0.026632302405498288,0.6991524853070341,97
mt5,5,nqc,4,0.22,0.1449442403679678,0.15662287784930837,0.14304123711340208,0.037922646089534044,97
mt5,5,bertQPP,4,0.22,0.270057497991727,0.007468978023274835,0.20704467353951894,0.0026605976928076114,97
mt5,5,bertQPP(QV),4,0.22,0.21765803414622745,0.03222245479322124,0.17182130584192443,0.01265543298933369,97
mt5,5,spatial,4,0.24,0.28440640885602775,0.004752939526040129,0.16924398625429557,0.01405239227763608,97
mt5,5,a_ratio,4,0.24,0.13434501949949165,0.18953754320658045,0.02792096219931272,0.6853564626190167,97
mt5,5,nqc,4,0.24,0.14874377262170552,0.1459276734655897,0.14175257731958765,0.039687194240219145,97
mt5,5,bertQPP,4,0.24,0.27297796157832344,0.006825278872241669,0.21262886597938147,0.002032205430312129,97
mt5,5,bertQPP(QV),4,0.24,0.2209750376029246,0.029622432536111815,0.17439862542955328,0.011382836808156348,97
mt5,5,spatial,4,0.26,0.2861124076735272,0.004497287057434356,0.17139175257731962,0.012879359856548544,97
mt5,5,a_ratio,4,0.26,0.13465264779702626,0.18851655678186066,0.028780068728522342,0.6762167162300601,97
mt5,5,nqc,4,0.26,0.15266240134393938,0.1354832637852712,0.14218213058419246,0.039091423487606906,97
mt5,5,bertQPP,4,0.26,0.2759482478382899,0.006221406630236364,0.21091065292096223,0.002209296231634933,97
mt5,5,bertQPP(QV),4,0.26,0.22437711068512767,0.027142414559162584,0.17654639175257736,0.010410504577977625,97
mt5,5,spatial,4,0.28,0.2876997321416551,0.004270504473413867,0.17396907216494847,0.011586707769612953,97
mt5,5,a_ratio,4,0.28,0.1349770486030484,0.1874442348876679,0.02920962199312715,0.6716645680851198,97
mt5,5,nqc,4,0.28,0.15669862143910648,0.1253297871894112,0.14475945017182132,0.035674068768179766,97
mt5,5,bertQPP,4,0.28,0.2789621318223204,0.005657533898068459,0.21048109965635742,0.002255725464528707,97
mt5,5,bertQPP(QV),4,0.28,0.22786074262555966,0.024787948219964176,0.17439862542955328,0.011382836808156348,97
mt5,5,spatial,4,0.3,0.2891546260082907,0.004071664970840575,0.17439862542955328,0.011382836808156348,97
mt5,5,a_ratio,4,0.3,0.13531962891721863,0.1863166381909144,0.029639175257731964,0.6671244311500414,97
mt5,5,nqc,4,0.3,0.16084949616198532,0.11550733428325927,0.14003436426116841,0.04214791401843269,97
mt5,5,bertQPP,4,0.3,0.2820117897757499,0.005133610011794275,0.21048109965635742,0.002255725464528707,97
mt5,5,bertQPP(QV),4,0.3,0.23142094003252586,0.02256386640327942,0.17697594501718217,0.010225152665271457,97
mt5,5,spatial,4,0.32,0.29046296680201966,0.0038999603565570916,0.17697594501718217,0.010225152665271457,97
mt5,5,a_ratio,4,0.32,0.1356819572413037,0.18512941776921127,0.030498281786941587,0.6580807665431417,97
mt5,5,nqc,4,0.32,0.16511037315971133,0.10605518058954627,0.13917525773195877,0.0434259212403691,97
mt5,5,bertQPP,4,0.32,0.28508754141935433,0.004649355831822521,0.21391752577319592,0.001908041073171658,97
mt5,5,bertQPP(QV),4,0.32,0.23505094736990267,0.020474165606844456,0.18084192439862545,0.008684754281086702,97
mt5,5,spatial,4,0.34,0.2916104032823319,0.0037547308945658823,0.1752577319587629,0.010984624932232429,97
mt5,5,a_ratio,4,0.34,0.13606578737142322,0.18387776111577808,0.030498281786941587,0.6580807665431417,97
mt5,5,nqc,4,0.34,0.16947456845177222,0.09701092615719768,0.14218213058419246,0.039091423487606906,97
mt5,5,bertQPP,4,0.34,0.2881775652173536,0.004204263962728751,0.2096219931271478,0.002351276432455258,97
mt5,5,bertQPP(QV),4,0.34,0.23874193227259868,0.01852189289346599,0.18814432989690724,0.00632984784895861,97
mt5,5,spatial,4,0.36,0.2925825170690683,0.0036354973131139437,0.1782646048109966,0.009686599012848096,97
mt5,5,a_ratio,4,0.36,0.13647308651089193,0.1825563295053532,0.030068728522336774,0.6625964496656107,97
mt5,5,nqc,4,0.36,0.17393302134289945,0.08840956623302441,0.1434707903780069,0.037349490378258986,97
mt5,5,bertQPP,4,0.36,0.29126758853962403,0.003797605315117,0.20747422680412375,0.0026065887949513057,97
mt5,5,bertQPP(QV),4,0.36,0.24248263639456163,0.016709048178909957,0.18943298969072167,0.005979808014005902,97
mt5,5,spatial,4,0.38,0.29336500760348716,0.0035419954230383696,0.1786941580756014,0.00951278395726825,97
mt5,5,a_ratio,4,0.38,0.13690606864438362,0.1811591850974838,0.030927835051546396,0.653577523351426,97
mt5,5,nqc,4,0.38,0.178473926442093,0.08028252837713304,0.1434707903780069,0.037349490378258986,97
mt5,5,bertQPP,4,0.38,0.2943405569372186,0.003428442851048181,0.20833333333333337,0.0025015666651811157,97
mt5,5,bertQPP(QV),4,0.38,0.24625899498043724,0.015036508927637502,0.18728522336769762,0.006573343269072617,97
mt5,5,spatial,4,0.4,0.29394389846691016,0.0034742139343103984,0.1786941580756014,0.00951278395726825,97
mt5,5,a_ratio,4,0.4,0.13736723435480572,0.1796797058050807,0.030068728522336774,0.6625964496656107,97
mt5,5,nqc,4,0.4,0.1830823531505834,0.07265672266483243,0.14475945017182132,0.035674068768179766,97
mt5,5,bertQPP,4,0.4,0.29737628988692555,0.0030956532500244697,0.21434707903780073,0.0018682268943729797,97
mt5,5,bertQPP(QV),4,0.4,0.25005373186533403,0.013503984563642645,0.18771477663230243,0.006450561996249079,97
mt5,5,spatial,4,0.42,0.2943057618308616,0.0034324361927741626,0.1752577319587629,0.010984624932232429,97
mt5,5,a_ratio,4,0.42,0.1378594185761735,0.17811048552457537,0.030498281786941587,0.6580807665431417,97
mt5,5,nqc,4,0.42,0.18773986825276395,0.06555366148980914,0.14948453608247425,0.030068308790855192,97
mt5,5,bertQPP,4,0.42,0.30035113446172174,0.002797957109020707,0.21434707903780073,0.0018682268943729797,97
mt5,5,bertQPP(QV),4,0.42,0.2538459413424598,0.012110007650940611,0.19286941580756015,0.005130036782382208,97
mt5,5,spatial,4,0.44,0.29443795649517013,0.0034172866831824735,0.17654639175257736,0.010410504577977625,97
mt5,5,a_ratio,4,0.44,0.13838584818300562,0.17644321678833116,0.0313573883161512,0.6490868603039283,97
mt5,5,nqc,4,0.44,0.1924241835459281,0.05898871220444996,0.15034364261168387,0.02913493133073165,97
mt5,5,bertQPP,4,0.44,0.3032376335472567,0.0025339581765072543,0.21262886597938147,0.002032205430312129,97
mt5,5,bertQPP(QV),4,0.44,0.2576106744527862,0.01085196806781958,0.19759450171821308,0.0041396512632380965,97
mt5,5,spatial,4,0.46,0.29432887366844784,0.0034297832443745038,0.17396907216494847,0.011586707769612953,97
mt5,5,a_ratio,4,0.46,0.13895021185265655,0.17466855223365282,0.033505154639175264,0.6268270582661877,97
mt5,5,nqc,4,0.46,0.19710885752856155,0.05297054750674437,0.15249140893470792,0.026909885175764755,97
mt5,5,bertQPP,4,0.46,0.30600423145716055,0.0023021920620821972,0.21520618556701035,0.0017908788065225548,97
mt5,5,bertQPP(QV),4,0.46,0.26131855479166266,0.009726194962279106,0.19759450171821308,0.0041396512632380965,97
mt5,5,spatial,4,0.48,0.29396818345657816,0.0034713960009905816,0.17611683848797252,0.010598840128977079,97
mt5,5,a_ratio,4,0.48,0.13955674534806653,0.1727759404528334,0.033505154639175264,0.6268270582661877,97
mt5,5,nqc,4,0.48,0.20176308749946384,0.04750085341870119,0.1516323024054983,0.027781654237823455,97
mt5,5,bertQPP,4,0.48,0.3086150469510093,0.0021011849244516596,0.2096219931271478,0.002351276432455258,97
mt5,5,bertQPP(QV),4,0.48,0.26493545773942195,0.00872808929731613,0.2014604810996564,0.0034621026042757834,97
mt5,5,spatial,4,0.5,0.2933470740580012,0.003544114012867563,0.18256013745704472,0.00806936233603351,97
mt5,5,a_ratio,4,0.5,0.1402103363202085,0.17075343075493465,0.033505154639175264,0.6268270582661877,97
mt5,5,nqc,4,0.5,0.20635163509909377,0.04257434186101653,0.14991408934707906,0.029598455953974822,97
mt5,5,bertQPP,4,0.5,0.311029751332362,0.0019295229064341852,0.21606529209621997,0.0017164841150655054,97
mt5,5,bertQPP(QV),4,0.5,0.26842229662905365,0.007852307456250339,0.20403780068728525,0.00306822352558543,97
mt5,5,spatial,4,0.52,0.2924584750291629,0.003650520553828034,0.18427835051546396,0.0074933028749945285,97
mt5,5,a_ratio,4,0.52,0.14091665401540135,0.16858744008394444,0.033075601374570454,0.6312527656924587,97
mt5,5,nqc,4,0.52,0.2108349330293911,0.03817909429361945,0.14905498281786944,0.030544557732034724,97
mt5,5,bertQPP,4,0.52,0.31320359676170983,0.001785933664381881,0.21563573883161516,0.0017533187111864498,97
mt5,5,bertQPP(QV),4,0.52,0.27173496882730236,0.007092993989887767,0.19759450171821308,0.0041396512632380965,97
mt5,5,spatial,4,0.54,0.2912972557779887,0.0037938777283335287,0.18513745704467358,0.007219338175415614,97
mt5,5,a_ratio,4,0.54,0.14168231102704584,0.16626247374420072,0.03522336769759451,0.6092594479622931,97
mt5,5,nqc,4,0.54,0.21516942170522668,0.03429723620377565,0.14819587628865982,0.031516517606653575,97
mt5,5,bertQPP,4,0.54,0.31508764598794414,0.0016693823627287837,0.21563573883161516,0.0017533187111864498,97
mt5,5,bertQPP(QV),4,0.54,0.2748245225049677,0.006444059569523401,0.20103092783505158,0.0035320539175627825,97
mt5,5,spatial,4,0.56,0.2898603907417095,0.003978220788040975,0.18213058419243988,0.008219435652041644,97
mt5,5,a_ratio,4,0.56,0.14251506664989286,0.16376078962353205,0.03436426116838488,0.6180159506334773,97
mt5,5,nqc,4,0.56,0.2193081599675199,0.030905912443519677,0.14948453608247425,0.030068308790855192,97
mt5,5,bertQPP,4,0.56,0.3166292577262147,0.0015791861292168063,0.21176975945017185,0.0021190549684448486,97
mt5,5,bertQPP(QV),4,0.56,0.27763760884001815,0.0058994990443336105,0.19974226804123715,0.0037496927052216027,97
mt5,5,spatial,4,0.58,0.2881470835452577,0.004208461992314296,0.18427835051546396,0.0074933028749945285,97
mt5,5,a_ratio,4,0.58,0.14342408476601398,0.1610619932252696,0.03178694158075602,0.6446089162462232,97
mt5,5,nqc,4,0.58,0.2232017418636598,0.02797850476887466,0.15077319587628868,0.0286776674564184,97
mt5,5,bertQPP,4,0.58,0.3177728797936775,0.0015151533757310754,0.2134879725085911,0.0019486331283160838,97
mt5,5,bertQPP(QV),4,0.58,0.280117281797192,0.005453744649116978,0.19974226804123715,0.0037496927052216027,97
mt5,5,spatial,4,0.6,0.28615884380891526,0.004490503144157739,0.18513745704467358,0.007219338175415614,97
mt5,5,a_ratio,4,0.6,0.1444202639453377,0.15814254800003538,0.030927835051546396,0.653577523351426,97
mt5,5,nqc,4,0.6,0.22679953062153346,0.025486010011768444,0.15249140893470792,0.026909885175764755,97
mt5,5,bertQPP,4,0.6,0.31846119252082605,0.0014777577911637182,0.2173539518900344,0.0016102081655090619,97
mt5,5,bertQPP(QV),4,0.6,0.28220419546568004,0.005102051201149161,0.20446735395189009,0.0030066996042901117,97
mt5,5,spatial,4,0.62,0.28389951211919406,0.004831355014144576,0.186426116838488,0.006825229731210832,97
mt5,5,a_ratio,4,0.62,0.14551666422997545,0.15497518226501952,0.0313573883161512,0.6490868603039283,97
mt5,5,nqc,4,0.62,0.2300511913135253,0.023398484023127383,0.15206185567010314,0.02734277211201925,97
mt5,5,bertQPP,4,0.62,0.31863662572288204,0.0014683614278275415,0.21950171821305847,0.0014464512863097319,97
mt5,5,bertQPP(QV),4,0.62,0.2838382245801045,0.004840913652988522,0.20317869415807563,0.0031947282487263706,97
mt5,5,spatial,4,0.64,0.28137523088603505,0.005239260746612426,0.18513745704467358,0.007219338175415614,97
mt5,5,a_ratio,4,0.64,0.14672906488603008,0.15152817065409455,0.033075601374570454,0.6312527656924587,97
mt5,5,nqc,4,0.64,0.2329084672217473,0.02168645501865272,0.15335051546391754,0.026061836085581373,97
mt5,5,bertQPP,4,0.64,0.3182432423109709,0.001489507333575492,0.22207903780068733,0.0012702502748310276,97
mt5,5,bertQPP(QV),4,0.64,0.28496049596955975,0.004668522374166833,0.2018900343642612,0.0033934144348203364,97
mt5,5,spatial,4,0.66,0.2785943612324441,0.005723819058086681,0.186426116838488,0.006825229731210832,97
mt5,5,a_ratio,4,0.66,0.14807670179418433,0.14776446519365707,0.03823024054982819,0.5790561270652871,97
mt5,5,nqc,4,0.66,0.2353271057328653,0.020322219987972973,0.15292096219931275,0.026482928123240188,97
mt5,5,bertQPP,4,0.66,0.31722894078058494,0.001545309729452991,0.2169243986254296,0.001644941169576058,97
mt5,5,bertQPP(QV),4,0.66,0.28551576838143733,0.004585267333600588,0.2018900343642612,0.0033934144348203364,97
mt5,5,spatial,4,0.68,0.2755673485234742,0.006296101654372588,0.18084192439862545,0.008684754281086702,97
mt5,5,a_ratio,4,0.68,0.14958325454104454,0.1436406502082342,0.03737113402061856,0.5876136836654002,97
mt5,5,nqc,4,0.68,0.23726880395440242,0.019280956745381845,0.15206185567010314,0.02734277211201925,97
mt5,5,bertQPP,4,0.68,0.315547880171382,0.0016419786345490475,0.2216494845360825,0.001298168853613724,97
mt5,5,bertQPP(QV),4,0.68,0.28545503996623445,0.004594307779343899,0.20403780068728525,0.00306822352558543,97
mt5,5,spatial,4,0.7,0.2723065414563023,0.006968757914402791,0.1782646048109966,0.009686599012848096,97
mt5,5,a_ratio,4,0.7,0.15127818553638295,0.13910569948666293,0.03823024054982819,0.5790561270652871,97
mt5,5,nqc,4,0.7,0.23870301956100087,0.018541607685597178,0.15378006872852237,0.025646544632394585,97
mt5,5,bertQPP,4,0.7,0.3131629805040803,0.0017885253796411584,0.22079037800687287,0.0013557124652369783,97
mt5,5,bertQPP(QV),4,0.7,0.2847382050923029,0.004702227387517833,0.20489690721649487,0.002946303078171719,97
mt5,5,spatial,4,0.72,0.2688259716309867,0.007756098656725063,0.17568728522336774,0.01079019991112942,97
mt5,5,a_ratio,4,0.72,0.15319858284281807,0.1340995301306339,0.03951890034364262,0.5663306621908052,97
mt5,5,nqc,4,0.72,0.23960848557033268,0.018087514585287758,0.15592783505154642,0.023654871935139845,97
mt5,5,bertQPP,4,0.72,0.310048307848874,0.001997703919907603,0.21993127147766325,0.0014156009702633058,97
mt5,5,bertQPP(QV),4,0.72,0.28333653660602187,0.004919794010076723,0.2018900343642612,0.0033934144348203364,97
mt5,5,spatial,4,0.74,0.2651411020627537,0.008674149888159087,0.17568728522336774,0.01079019991112942,97
mt5,5,a_ratio,4,0.74,0.15539173494223157,0.12855138909021072,0.039948453608247426,0.5621188569054614,97
mt5,5,nqc,4,0.74,0.23997428323541173,0.017906802923384757,0.15678694158075604,0.022896601370035064,97
mt5,5,bertQPP,4,0.74,0.3061911263425523,0.0022872469950387673,0.21649484536082478,0.0016803624081385136,97
mt5,5,bertQPP(QV),4,0.74,0.2812347486227622,0.005262835550286524,0.19802405498281792,0.004058834798972484,97
mt5,5,spatial,4,0.76,0.2612685540874057,0.009740667016024671,0.17353951890034366,0.011793812186781842,97
mt5,5,a_ratio,4,0.76,0.15791878564554138,0.12237820428688978,0.04123711340206186,0.5495750194028222,97
mt5,5,nqc,4,0.76,0.2398003652097421,0.017992527020138635,0.1589347079037801,0.021092644173514117,97
mt5,5,bertQPP,4,0.76,0.3015933992216458,0.0026814506804991693,0.20876288659793818,0.0024505203740822256,97
mt5,5,bertQPP(QV),4,0.76,0.2784324084404207,0.005753226563962598,0.19329896907216498,0.0050318722795436996,97
mt5,5,spatial,4,0.78,0.25722582251124676,0.01097510025698892,0.17139175257731962,0.012879359856548544,97
mt5,5,a_ratio,4,0.78,0.1608600064601061,0.11548324229641828,0.04467353951890035,0.5168145411906753,97
mt5,5,nqc,4,0.78,0.23909747681314314,0.018342593747130147,0.1585051546391753,0.021443192891173694,97
mt5,5,bertQPP,4,0.78,0.2962725532151068,0.003213138302830899,0.20790378006872856,0.0025535840012904936,97
mt5,5,bertQPP(QV),4,0.78,0.2749445180998469,0.006419952045222172,0.19243986254295536,0.005229928831102741,97
mt5,5,spatial,4,0.8,0.2530309886797676,0.012398503029046553,0.16881443298969073,0.014298004272030715,97
mt5,5,a_ratio,4,0.8,0.1643225197191918,0.10775586420082134,0.04768041237113403,0.4890022573020564,97
mt5,5,nqc,4,0.8,0.23788648757672126,0.018959484326426884,0.15635738831615123,0.02327305567367708,97
mt5,5,bertQPP,4,0.8,0.29026138510152594,0.003925986529980405,0.19974226804123715,0.0037496927052216027,97
mt5,5,bertQPP(QV),4,0.8,0.2708011716930903,0.007300175513333097,0.18427835051546396,0.0074933028749945285,97
mt5,5,spatial,4,0.82,0.24870244044724715,0.014033377031856397,0.16752577319587633,0.015057708996420909,97
mt5,5,a_ratio,4,0.82,0.16845175236887758,0.09907412357550663,0.053264604810996576,0.43956407502839534,97
mt5,5,nqc,4,0.82,0.23619720711594985,0.019849793469571348,0.1585051546391753,0.021443192891173694,97
mt5,5,bertQPP,4,0.82,0.28360707802788243,0.004877115832703773,0.19243986254295536,0.005229928831102741,97
mt5,5,bertQPP(QV),4,0.82,0.26604630020613185,0.00844019136722594,0.1859965635738832,0.006954397086601862,97
mt5,5,spatial,4,0.84,0.24425860692145518,0.01590345047550848,0.16237113402061856,0.018463547347092265,97
mt5,5,a_ratio,4,0.84,0.17344849576795815,0.08931395294437341,0.05283505154639176,0.4432621351071514,97
mt5,5,nqc,4,0.84,0.23406680830060592,0.021023605465101028,0.1554982817869416,0.02404211148041231,97
mt5,5,bertQPP,4,0.84,0.27636939393974436,0.006139734007688139,0.1911512027491409,0.005540236417616152,97
mt5,5,bertQPP(QV),4,0.84,0.2607356220941337,0.00989609456086861,0.186426116838488,0.006825229731210832,97
mt5,5,spatial,4,0.86,0.23971771445538725,0.01803338937440446,0.1628006872852234,0.018155972846842318,97
mt5,5,a_ratio,4,0.86,0.17959389335602557,0.07837283328212022,0.056271477663230256,0.41417839532189626,97
mt5,5,nqc,4,0.86,0.23153800945114883,0.022493729638052164,0.1550687285223368,0.024434836082135623,97
mt5,5,bertQPP,4,0.86,0.26861819955848515,0.007805486853541573,0.1859965635738832,0.006954397086601862,97
mt5,5,bertQPP(QV),4,0.86,0.254934004825069,0.011733966733043097,0.18213058419243988,0.008219435652041644,97
mt5,5,spatial,4,0.88,0.235097568790734,0.020448445744616534,0.15764604810996566,0.022159535570441733,97
mt5,5,a_ratio,4,0.88,0.18728327575003792,0.06622408267866396,0.06400343642611686,0.3530123788503621,97
mt5,5,nqc,4,0.88,0.22865717341229097,0.024274823381874474,0.15335051546391754,0.026061836085581373,97
mt5,5,bertQPP,4,0.88,0.2604305504325814,0.009986042586939107,0.17310996563573885,0.01200419316896961,97
mt5,5,bertQPP(QV),4,0.88,0.24871249501054546,0.01402937235908094,0.17310996563573885,0.01200419316896961,97
mt5,5,spatial,4,0.9,0.23041536664890178,0.023174050611268378,0.15592783505154642,0.023654871935139845,97
mt5,5,a_ratio,4,0.9,0.19705854530446765,0.05303239047776813,0.07474226804123713,0.2781012070168114,97
mt5,5,nqc,4,0.9,0.22547246706735258,0.02638243882025294,0.15335051546391754,0.026061836085581373,97
mt5,5,bertQPP,4,0.9,0.25188758993275506,0.012813359294542826,0.16967353951890035,0.013810511589466142,97
mt5,5,bertQPP(QV),4,0.9,0.24214528587300158,0.01686599466892812,0.1679553264604811,0.014800614099959652,97
mt5,5,spatial,4,0.92,0.22568753852186044,0.02623536358227152,0.1550687285223368,0.024434836082135623,97
mt5,5,a_ratio,4,0.92,0.2095715669018684,0.039377412905601046,0.09278350515463919,0.1781756748775648,97
mt5,5,nqc,4,0.92,0.22203219582516498,0.028832037177180123,0.14948453608247425,0.030068308790855192,97
mt5,5,bertQPP,4,0.92,0.24307151493525145,0.016438105421755216,0.1666666666666667,0.01558372473088864,97
mt5,5,bertQPP(QV),4,0.92,0.23530686364920556,0.020333324450929096,0.1658075601374571,0.016125841537736958,97
mt5,5,spatial,4,0.94,0.22092962302055716,0.02965679401098809,0.154639175257732,0.024833107958687445,97
mt5,5,a_ratio,4,0.94,0.22514396551101182,0.026608435428488283,0.10309278350515466,0.1346555631057889,97
mt5,5,nqc,4,0.94,0.21838339101081272,0.03163802080557106,0.147766323024055,0.03201236643126749,97
mt5,5,bertQPP,4,0.94,0.23406282256785402,0.02102585613462674,0.16065292096219932,0.019739903980340746,97
mt5,5,bertQPP(QV),4,0.94,0.22826951956415698,0.02452343807616965,0.1628006872852234,0.018155972846842318,97
mt5,5,spatial,4,0.96,0.21615617195050413,0.03346151113537806,0.15077319587628868,0.0286776674564184,97
mt5,5,a_ratio,4,0.96,0.24145779250949834,0.017189784521709217,0.12671821305841927,0.06594102788919391,97
mt5,5,nqc,4,0.96,0.2145706907569063,0.034812834554326,0.14518900343642613,0.03513003275683934,97
mt5,5,bertQPP,4,0.96,0.22493799360708963,0.026750973955070537,0.1512027491408935,0.028226597294347726,97
mt5,5,bertQPP(QV),4,0.96,0.22110134530282602,0.029527043018489605,0.15635738831615123,0.02327305567367708,97
mt5,5,spatial,4,0.98,0.21138068433402252,0.03767096181652023,0.14604810996563578,0.03406318246416719,97
mt5,5,a_ratio,4,0.98,0.2452340888998743,0.015475431291767325,0.15721649484536085,0.02252544814571104,97
mt5,5,nqc,4,0.98,0.2106355221313361,0.03836618463996275,0.1434707903780069,0.037349490378258986,97
mt5,5,bertQPP,4,0.98,0.21576770086066657,0.033788456411201206,0.1469072164948454,0.033024149712135395,97
mt5,5,bertQPP(QV),4,0.98,0.21386476109612101,0.03542909945340515,0.14604810996563578,0.03406318246416719,97
mt5,5,spatial,4,1.0,0.20661556689496446,0.042304414494194136,0.14089347079037803,0.040901875311072,97
mt5,5,a_ratio,4,1.0,0.20661556689496446,0.042304414494194136,0.14089347079037803,0.040901875311072,97
mt5,5,nqc,4,1.0,0.20661556689496446,0.042304414494194136,0.14089347079037803,0.040901875311072,97
mt5,5,bertQPP,4,1.0,0.20661556689496446,0.042304414494194136,0.14089347079037803,0.040901875311072,97
mt5,5,bertQPP(QV),4,1.0,0.20661556689496446,0.042304414494194136,0.14089347079037803,0.040901875311072,97
mt5,5,spatial,5,0.0,0.25885485632993066,0.010462125003978813,0.1512027491408935,0.028226597294347726,97
mt5,5,a_ratio,5,0.0,0.13160075259686294,0.1988233722254004,0.02448453608247423,0.7223661580007107,97
mt5,5,nqc,5,0.0,0.11061668139870946,0.28074872825135627,0.011168384879725088,0.8712539798728897,97
mt5,5,bertQPP,5,0.0,0.2419719081486737,0.01694714987227943,0.19759450171821308,0.0041396512632380965,97
mt5,5,bertQPP(QV),5,0.0,0.18689940218155726,0.06679202150029932,0.15335051546391754,0.026061836085581373,97
mt5,5,spatial,5,0.02,0.2621534776444042,0.009487308803468828,0.15592783505154642,0.023654871935139845,97
mt5,5,a_ratio,5,0.02,0.13187409584908408,0.19788404531863246,0.025773195876288665,0.708405677956768,97
mt5,5,nqc,5,0.02,0.11469485358227599,0.26328279688219897,0.09879725085910654,0.15166941209887877,97
mt5,5,bertQPP,5,0.02,0.24527580480360406,0.015457351921814773,0.19888316151202753,0.0039014834427261624,97
mt5,5,bertQPP(QV),5,0.02,0.1904182952517506,0.06173097818374995,0.15592783505154642,0.023654871935139845,97
mt5,5,spatial,5,0.04,0.26543812012811363,0.00859676119140025,0.15807560137457047,0.021798803662876853,97
mt5,5,a_ratio,5,0.04,0.1321587157910915,0.1969093666471903,0.025773195876288665,0.708405677956768,97
mt5,5,nqc,5,0.04,0.11893422388114772,0.24592472790267134,0.12671821305841927,0.06594102788919391,97
mt5,5,bertQPP,5,0.04,0.24867147421811464,0.014045716935184825,0.20017182130584193,0.0036758280937195186,97
mt5,5,bertQPP(QV),5,0.04,0.19405005520580748,0.05683971532255175,0.15807560137457047,0.021798803662876853,97
mt5,5,spatial,5,0.06,0.26870111726837587,0.0077857438561258945,0.16194158075601378,0.018775672464210122,97
mt5,5,a_ratio,5,0.06,0.1324553238364911,0.19589732072937366,0.027061855670103097,0.6945424903122657,97
mt5,5,nqc,5,0.06,0.12334124212890471,0.22873473121243285,0.13788659793814437,0.04540422310195199,97
mt5,5,bertQPP,5,0.06,0.2521600345654015,0.012713427259416222,0.20103092783505158,0.0035320539175627825,97
mt5,5,bertQPP(QV),5,0.06,0.1977975213910148,0.05212999812827386,0.16022336769759454,0.02007078628569656,97
mt5,5,spatial,5,0.08,0.2719342478049447,0.007049458622707227,0.16408934707903783,0.01726000960595295,97
mt5,5,a_ratio,5,0.08,0.13276469242401112,0.19484573761567234,0.026632302405498288,0.6991524853070341,97
mt5,5,nqc,5,0.08,0.12792227098660125,0.2117774328730256,0.1512027491408935,0.028226597294347726,97
mt5,5,bertQPP,5,0.08,0.2557422248012925,0.011461277832003994,0.2018900343642612,0.0033934144348203364,97
mt5,5,bertQPP(QV),5,0.08,0.2016632721695839,0.047613051706558475,0.16408934707903783,0.01726000960595295,97
mt5,5,spatial,5,0.1,0.27512874611722465,0.006383095401727864,0.16365979381443302,0.01755425786967657,97
mt5,5,a_ratio,5,0.1,0.1330876616923838,0.1937522780050047,0.026202749140893475,0.7037735989090746,97
mt5,5,nqc,5,0.1,0.1326834821878404,0.1951213862467366,0.15420962199312716,0.025236989773183314,97
mt5,5,bertQPP,5,0.1,0.2594183195803881,0.010289644951991249,0.20317869415807563,0.0031947282487263706,97
mt5,5,bertQPP(QV),5,0.1,0.2056495416006795,0.043299369641292315,0.1658075601374571,0.016125841537736958,97
mt5,5,spatial,5,0.12,0.278275321609991,0.005781878514638146,0.1597938144329897,0.02040649882574069,97
mt5,5,a_ratio,5,0.12,0.13342514704920977,0.1926144166361663,0.026632302405498288,0.6991524853070341,97
mt5,5,nqc,5,0.12,0.13763072754310124,0.17883836311139853,0.16237113402061856,0.018463547347092265,97
mt5,5,bertQPP,5,0.12,0.2631880306931211,0.00919845942441226,0.20489690721649487,0.002946303078171719,97
mt5,5,bertQPP(QV),5,0.12,0.20975812075172334,0.03919851133454309,0.1679553264604811,0.014800614099959652,97
mt5,5,spatial,5,0.14,0.28136418813617503,0.0052411104621914355,0.16451890034364264,0.016970096384742294,97
mt5,5,a_ratio,5,0.14,0.13377814777638203,0.19142942372210411,0.027061855670103097,0.6945424903122657,97
mt5,5,nqc,5,0.14,0.14276938024646485,0.1630023982063363,0.1679553264604811,0.014800614099959652,97
mt5,5,bertQPP,5,0.14,0.2670503934579157,0.00818718542413119,0.20060137457044677,0.0036032888355043277,97
mt5,5,bertQPP(QV),5,0.14,0.21399024150424817,0.035318892517492796,0.16623711340206188,0.015852745291372216,97
mt5,5,spatial,5,0.16,0.2843851043998552,0.004756212305446064,0.1670962199312715,0.015318729327102553,97
mt5,5,a_ratio,5,0.16,0.13414775684118455,0.190194344159182,0.026632302405498288,0.6991524853070341,97
mt5,5,nqc,5,0.16,0.1481041416017295,0.14768856791037407,0.17053264604811,0.013337754848227265,97
mt5,5,bertQPP,5,0.16,0.27100363648988635,0.00725480644873197,0.19888316151202753,0.0039014834427261624,97
mt5,5,bertQPP(QV),5,0.16,0.2183464406062306,0.03166757469685382,0.16881443298969073,0.014298004272030715,97
mt5,5,spatial,5,0.18,0.2873274261315387,0.0043227599650070845,0.1701030927835052,0.013572314777054699,97
mt5,5,a_ratio,5,0.18,0.13453517211438462,0.18890597420243227,0.026202749140893475,0.7037735989090746,97
mt5,5,nqc,5,0.18,0.15363880797211002,0.13297149552245488,0.1658075601374571,0.016125841537736958,97
mt5,5,bertQPP,5,0.18,0.2750450333287535,0.006399819686502452,0.2014604810996564,0.0034621026042757834,97
mt5,5,bertQPP(QV),5,0.18,0.22282640168040146,0.028250060674881738,0.16623711340206188,0.015852745291372216,97
mt5,5,spatial,5,0.2,0.2901801706157058,0.003936515906685036,0.17310996563573885,0.01200419316896961,97
mt5,5,a_ratio,5,0.2,0.13494170923589668,0.18756083524953832,0.028350515463917533,0.680780730027897,97
mt5,5,nqc,5,0.2,0.1593759926485213,0.1189235926047364,0.16194158075601378,0.018775672464210122,97
mt5,5,bertQPP,5,0.2,0.27917073457562136,0.0056202399996410045,0.20446735395189009,0.0030066996042901117,97
mt5,5,bertQPP(QV),5,0.2,0.22742877296514263,0.025070104574511705,0.16967353951890035,0.013810511589466142,97
mt5,5,spatial,5,0.22,0.2929320938745499,0.0035934558618168425,0.17482817869415812,0.011182156616858724,97
mt5,5,a_ratio,5,0.22,0.1353688164166531,0.18615514432010155,0.028350515463917533,0.680780730027897,97
mt5,5,nqc,5,0.22,0.1653167975503845,0.10561306834012474,0.16494845360824745,0.01668446543769203,97
mt5,5,bertQPP,5,0.22,0.28337557950114617,0.004913614502176472,0.2014604810996564,0.0034621026042757834,97
mt5,5,bertQPP(QV),5,0.22,0.23215095879186923,0.02212954587748099,0.17310996563573885,0.01200419316896961,97
mt5,5,spatial,5,0.24,0.2955717804719125,0.003289790418368213,0.18127147766323026,0.008527096049992753,97
mt5,5,a_ratio,5,0.24,0.13581809152442265,0.18468478075087497,0.02920962199312715,0.6716645680851198,97
mt5,5,nqc,5,0.24,0.1714604303854096,0.093101766426111,0.1679553264604811,0.014800614099959652,97
mt5,5,bertQPP,5,0.24,0.28765288659590066,0.0042770483893526485,0.20360824742268044,0.003130893451622874,97
mt5,5,bertQPP(QV),5,0.24,0.23698888325481499,0.0194281776773845,0.17568728522336774,0.01079019991112942,97
mt5,5,spatial,5,0.26,0.2980877455021682,0.003021981504522899,0.18170103092783507,0.008372001763204117,97
mt5,5,a_ratio,5,0.26,0.13629130187434807,0.1831452485508341,0.0313573883161512,0.6490868603039283,97
mt5,5,nqc,5,0.26,0.1778037643120438,0.08144292021129695,0.16494845360824745,0.01668446543769203,97
mt5,5,bertQPP,5,0.26,0.29199422329639735,0.0037072422507259703,0.20876288659793818,0.0024505203740822256,97
mt5,5,bertQPP(QV),5,0.26,0.24193672528548352,0.01696365947826658,0.1786941580756014,0.00951278395726825,97
mt5,5,spatial,5,0.28,0.3004685478793075,0.0027867539601767284,0.17955326460481102,0.009173476196585428,97
mt5,5,a_ratio,5,0.28,0.13679040723566963,0.18153163377013093,0.03178694158075602,0.6446089162462232,97
mt5,5,nqc,5,0.28,0.184340839526914,0.07067894878619013,0.1679553264604811,0.014800614099959652,97
mt5,5,bertQPP,5,0.28,0.2963891562048067,0.0032005405836420782,0.2100515463917526,0.0023030471051788694,97
mt5,5,bertQPP(QV),5,0.28,0.24698662549924455,0.014731484250055778,0.18084192439862545,0.008684754281086702,97
mt5,5,spatial,5,0.3,0.3027029135563105,0.002581102545245845,0.18470790378006877,0.007355176256510775,97
mt5,5,a_ratio,5,0.3,0.13731758667930966,0.17983855613229055,0.03479381443298969,0.6136308097551222,97
mt5,5,nqc,5,0.3,0.191062309832782,0.06083944529405595,0.17053264604811,0.013337754848227265,97
mt5,5,bertQPP,5,0.3,0.30082498460012785,0.002752990640269054,0.21563573883161516,0.0017533187111864498,97
mt5,5,bertQPP(QV),5,0.3,0.2521283668423267,0.01272500793030389,0.1859965635738832,0.006954397086601862,97
mt5,5,spatial,5,0.32,0.3047798668037369,0.002402294860457925,0.18256013745704472,0.00806936233603351,97
mt5,5,a_ratio,5,0.32,0.13787527003308978,0.17806011405722877,0.03608247422680413,0.6005585641963793,97
mt5,5,nqc,5,0.32,0.19795484243569006,0.051939528230425594,0.1709621993127148,0.013106785247853048,97
mt5,5,bertQPP,5,0.32,0.30528646198653725,0.0023604101266289958,0.2173539518900344,0.0016102081655090619,97
mt5,5,bertQPP(QV),5,0.32,0.2573490333460376,0.010935547045654179,0.18857388316151205,0.006211170636578692,97
mt5,5,spatial,5,0.34,0.30668886718392663,0.002247870752002135,0.18427835051546396,0.0074933028749945285,97
mt5,5,a_ratio,5,0.34,0.13846617489071184,0.17618982206161474,0.03737113402061856,0.5876136836654002,97
mt5,5,nqc,5,0.34,0.20500048624418316,0.0439787306198816,0.17268041237113405,0.01221789425088413,97
mt5,5,bertQPP,5,0.34,0.3097555129040395,0.0020184616755193423,0.21649484536082478,0.0016803624081385136,97
mt5,5,bertQPP(QV),5,0.34,0.2626326542966028,0.009352546626179683,0.1859965635738832,0.006954397086601862,97
mt5,5,spatial,5,0.36,0.30841994940191125,0.002115638834111519,0.18556701030927839,0.00708575590459897,97
mt5,5,a_ratio,5,0.36,0.13909335034839862,0.17422053936073842,0.03737113402061856,0.5876136836654002,97
mt5,5,nqc,5,0.36,0.21217603295844284,0.0369405847793238,0.17654639175257736,0.010410504577977625,97
mt5,5,bertQPP,5,0.36,0.31421095527532716,0.001722731495947656,0.21821305841924402,0.0015427588468996702,97
mt5,5,bertQPP(QV),5,0.36,0.2679598449310925,0.007963816248401962,0.1890034364261169,0.006094500520977148,97
mt5,5,spatial,5,0.38,0.30996386282637556,0.0020036707936568047,0.18513745704467358,0.007219338175415614,97
mt5,5,a_ratio,5,0.38,0.139760228934146,0.17214438831083934,0.03951890034364262,0.5663306621908052,97
mt5,5,nqc,5,0.38,0.2194524061777525,0.03079301804450857,0.17482817869415812,0.011182156616858724,97
mt5,5,bertQPP,5,0.38,0.3186282421720595,0.0014688092228849511,0.21993127147766325,0.0014156009702633058,97
mt5,5,bertQPP(QV),5,0.38,0.2733074593916732,0.006755827175243959,0.19458762886597944,0.004747484369155047,97
mt5,5,spatial,5,0.4,0.3113122071847657,0.0019102941403582705,0.18771477663230243,0.006450561996249079,97
mt5,5,a_ratio,5,0.4,0.14047068856892714,0.16995266112253715,0.038659793814433,0.5747994088567128,97
mt5,5,nqc,5,0.4,0.2267941261817184,0.025489607433113213,0.1752577319587629,0.010984624932232429,97
mt5,5,bertQPP,5,0.4,0.32297924096922376,0.0012523658119839118,0.21950171821305847,0.0014464512863097319,97
mt5,5,bertQPP(QV),5,0.4,0.27864827703084993,0.00571405862788314,0.19458762886597944,0.004747484369155047,97
mt5,5,spatial,5,0.42,0.31245756077370757,0.0018340840390102951,0.1859965635738832,0.006954397086601862,97
mt5,5,a_ratio,5,0.42,0.14122912688413228,0.1676357130465777,0.03951890034364262,0.5663306621908052,97
mt5,5,nqc,5,0.42,0.2341589109690192,0.020971654304495227,0.17697594501718217,0.010225152665271457,97
mt5,5,bertQPP,5,0.42,0.3272320722233501,0.0010692263902977023,0.21993127147766325,0.0014156009702633058,97
mt5,5,bertQPP(QV),5,0.42,0.28395074902586853,0.004823376811242249,0.20060137457044677,0.0036032888355043277,97
mt5,5,spatial,5,0.44,0.31339359751213397,0.001773854810793921,0.18771477663230243,0.006450561996249079,97
mt5,5,a_ratio,5,0.44,0.14204055085227532,0.1651828399887197,0.0425257731958763,0.5371707606067591,97
mt5,5,nqc,5,0.44,0.24149748587711223,0.01717094517069345,0.17998281786941583,0.009007907605249525,97
mt5,5,bertQPP,5,0.44,0.33135103491709134,0.0009154353093430285,0.21993127147766325,0.0014156009702633058,97
mt5,5,bertQPP(QV),5,0.44,0.289178838187231,0.00406842705387192,0.20446735395189009,0.0030066996042901117,97
mt5,5,spatial,5,0.46,0.3141151893146729,0.0017286516243468265,0.19286941580756015,0.005130036782382208,97
mt5,5,a_ratio,5,0.46,0.14291068551996672,0.16258213826471854,0.04209621993127149,0.541289833276998,97
mt5,5,nqc,5,0.46,0.24875368217875185,0.014012978114110898,0.18084192439862545,0.008684754281086702,97
mt5,5,bertQPP,5,0.46,0.33529664843617657,0.0007873112451086281,0.21864261168384883,0.0015100189795415188,97
mt5,5,bertQPP(QV),5,0.46,0.2942919901273026,0.003434017885041476,0.20747422680412375,0.0026065887949513057,97
mt5,5,spatial,5,0.48,0.31461849058166064,0.0016977428186541487,0.1898625429553265,0.005867063974983271,97
mt5,5,a_ratio,5,0.48,0.14384610673497558,0.15982034398491213,0.04123711340206186,0.5495750194028222,97
mt5,5,nqc,5,0.48,0.2558649062731045,0.011420373394399769,0.18341924398625434,0.007776554495134835,97
mt5,5,bertQPP,5,0.48,0.33902584406330827,0.0006814910132390949,0.21821305841924402,0.0015427588468996702,97
mt5,5,bertQPP(QV),5,0.48,0.29924527759041175,0.00290547644409609,0.20103092783505158,0.0035320539175627825,97
mt5,5,spatial,5,0.5,0.31490100208274036,0.001680613213405611,0.1902920962199313,0.005756239608165468,97
mt5,5,a_ratio,5,0.5,0.14485440423359308,0.15688264940752217,0.04166666666666668,0.5454246199804633,97
mt5,5,nqc,5,0.5,0.26276305192834615,0.009316166129720778,0.18513745704467358,0.007219338175415614,97
mt5,5,bertQPP,5,0.5,0.3424923389803598,0.0005949617513428658,0.22207903780068733,0.0012702502748310276,97
mt5,5,bertQPP(QV),5,0.5,0.30398976046227816,0.0024689573954515044,0.20317869415807563,0.0031947282487263706,97
mt5,5,spatial,5,0.52,0.3149616121347403,0.0016769586718711755,0.1902920962199313,0.005756239608165468,97
mt5,5,a_ratio,5,0.52,0.14594438344349014,0.1537524936022903,0.04424398625429554,0.52085358029868,97
mt5,5,nqc,5,0.52,0.26937590531515615,0.007626704799828955,0.18470790378006877,0.007355176256510775,97
mt5,5,bertQPP,5,0.52,0.3456472227374288,0.0005250821816399225,0.22079037800687287,0.0013557124652369783,97
mt5,5,bertQPP(QV),5,0.52,0.30847310032703373,0.002111692252637991,0.19974226804123715,0.0037496927052216027,97
mt5,5,spatial,5,0.54,0.31480061371178153,0.0016866820893638784,0.19201030927835053,0.00533157487845821,97
mt5,5,a_ratio,5,0.54,0.1471263170660102,0.15041132506138494,0.04424398625429554,0.52085358029868,97
mt5,5,nqc,5,0.54,0.2756290545339283,0.006283947340115578,0.1868556701030928,0.006698222213035896,97
mt5,5,bertQPP,5,0.54,0.34843977885962285,0.0004695947217643872,0.2177835051546392,0.0015761513468118154,97
mt5,5,bertQPP(QV),5,0.54,0.31264045901221205,0.0018221721082969371,0.19888316151202753,0.0039014834427261624,97
mt5,5,spatial,5,0.56,0.31441969693742505,0.0017098908890014156,0.19072164948453613,0.005647306460207743,97
mt5,5,a_ratio,5,0.56,0.14841226122788853,0.1468383347197962,0.04596219931271478,0.5047955105031363,97
mt5,5,nqc,5,0.56,0.2814482628638768,0.005227042131028395,0.19072164948453613,0.005647306460207743,97
mt5,5,bertQPP,5,0.56,0.3508185519288294,0.00042663119129577004,0.2173539518900344,0.0016102081655090619,97
mt5,5,bertQPP(QV),5,0.56,0.31643569430753715,0.0015902634010768854,0.1984536082474227,0.003979453005162126,97
mt5,5,spatial,5,0.58,0.3138219172503776,0.001746896017108556,0.19673539518900346,0.004305679427335466,97
mt5,5,a_ratio,5,0.58,0.14981645617195016,0.14301015960251257,0.04725085910652922,0.4929254477765376,97
mt5,5,nqc,5,0.58,0.28676220262194496,0.004403183439961452,0.1911512027491409,0.005540236417616152,97
mt5,5,bertQPP,5,0.58,0.3527326528117473,0.0003947157300146865,0.21864261168384883,0.0015100189795415188,97
mt5,5,bertQPP(QV),5,0.58,0.3198028427037879,0.0014072626308452084,0.19673539518900346,0.004305679427335466,97
mt5,5,spatial,5,0.6,0.31301164035954154,0.0017982123441963877,0.1890034364261169,0.006094500520977148,97
mt5,5,a_ratio,5,0.6,0.15135583873623232,0.13890056067300277,0.04768041237113403,0.4890022573020564,97
mt5,5,nqc,5,0.6,0.2915053829198382,0.0037678191272594395,0.19243986254295536,0.005229928831102741,97
mt5,5,bertQPP,5,0.6,0.35413327223371505,0.00037276930549123404,0.21993127147766325,0.0014156009702633058,97
mt5,5,bertQPP(QV),5,0.6,0.3226878495524578,0.0012659010794240624,0.19286941580756015,0.005130036782382208,97
mt5,5,spatial,5,0.62,0.3119944658651571,0.0018645602948668281,0.186426116838488,0.006825229731210832,97
mt5,5,a_ratio,5,0.62,0.15305070422139888,0.13448008454915392,0.04768041237113403,0.4890022573020564,97
mt5,5,nqc,5,0.62,0.29562105152031093,0.0032843479481934196,0.19158075601374575,0.0054350017041903615,97
mt5,5,bertQPP,5,0.62,0.35497534721958174,0.00036012088766997373,0.22079037800687287,0.0013557124652369783,97
mt5,5,bertQPP(QV),5,0.62,0.3250404740458232,0.001160314088291491,0.19802405498281792,0.004058834798972484,97
mt5,5,spatial,5,0.64,0.31077713208008395,0.0019468684521866662,0.18556701030927839,0.00708575590459897,97
mt5,5,a_ratio,5,0.64,0.15492557013910185,0.12971572949044446,0.04768041237113403,0.4890022573020564,97
mt5,5,nqc,5,0.64,0.29906382106287777,0.0029234690955439713,0.19329896907216498,0.0050318722795436996,97
mt5,5,bertQPP,5,0.64,0.3552192988137957,0.00035653108089724956,0.21993127147766325,0.0014156009702633058,97
mt5,5,bertQPP(QV),5,0.64,0.3268162640307771,0.0010859911078297654,0.20060137457044677,0.0036032888355043277,97
mt5,5,spatial,5,0.66,0.3093674051066788,0.00204627681039496,0.18943298969072167,0.005979808014005902,97
mt5,5,a_ratio,5,0.66,0.15701031602643167,0.1245706546830671,0.05197594501718214,0.450711341430895,97
mt5,5,nqc,5,0.66,0.30180177330070734,0.002662341250251194,0.19286941580756015,0.005130036782382208,97
mt5,5,bertQPP,5,0.66,0.3548327367414205,0.00036223480921101895,0.22079037800687287,0.0013557124652369783,97
mt5,5,bertQPP(QV),5,0.66,0.3279784692936374,0.0010397226992666245,0.19931271477663232,0.003824903963020039,97
mt5,5,spatial,5,0.68,0.30777395558894005,0.002164140286035189,0.18728522336769762,0.006573343269072617,97
mt5,5,a_ratio,5,0.68,0.15934170549936907,0.11900400386824056,0.054553264604811004,0.4285767645779882,97
mt5,5,nqc,5,0.68,0.30381783584842526,0.002483681754158562,0.19544673539518906,0.0045660596694361046,97
mt5,5,bertQPP,5,0.68,0.353792011581309,0.0003780105995013394,0.2212199312714777,0.001326652810302692,97
mt5,5,bertQPP(QV),5,0.68,0.32849974730501985,0.0010195592837476443,0.19888316151202753,0.0039014834427261624,97
mt5,5,spatial,5,0.7,0.306006226756826,0.0023020320440468515,0.18470790378006877,0.007355176256510775,97
mt5,5,a_ratio,5,0.7,0.1619654444535005,0.11297096917413887,0.056701030927835065,0.41062402699366984,97
mt5,5,nqc,5,0.7,0.30511030028654296,0.0023748997689816954,0.19329896907216498,0.0050318722795436996,97
mt5,5,bertQPP,5,0.7,0.35208349158445984,0.0004052850764082915,0.22079037800687287,0.0013557124652369783,97
mt5,5,bertQPP(QV),5,0.7,0.328363517233111,0.0010247940983729754,0.19974226804123715,0.0037496927052216027,97
mt5,5,spatial,5,0.72,0.30407429741180836,0.002461746154723283,0.18771477663230243,0.006450561996249079,97
mt5,5,a_ratio,5,0.72,0.16493900132794842,0.10642331466781102,0.054553264604811004,0.4285767645779882,97
mt5,5,nqc,5,0.72,0.30569244626143555,0.002327319982137958,0.19630584192439868,0.0043909374810577745,97
mt5,5,bertQPP,5,0.72,0.34970445217288265,0.00044628232359700357,0.21950171821305847,0.0014464512863097319,97
mt5,5,bertQPP(QV),5,0.72,0.3275648386886898,0.0010559798655895491,0.2018900343642612,0.0033934144348203364,97
mt5,5,spatial,5,0.74,0.30198874338216003,0.0026452990726742987,0.18943298969072167,0.005979808014005902,97
mt5,5,a_ratio,5,0.74,0.16833552486342865,0.09931073888261807,0.053264604810996576,0.43956407502839534,97
mt5,5,nqc,5,0.74,0.3055913361471652,0.002335521733187629,0.1937285223367698,0.004935409194231109,97
mt5,5,bertQPP,5,0.74,0.34666349187529555,0.0005042284504063408,0.21993127147766325,0.0014156009702633058,97
mt5,5,bertQPP(QV),5,0.74,0.32611073011629976,0.0011149852750313655,0.19974226804123715,0.0037496927052216027,97
mt5,5,spatial,5,0.76,0.2997605007239721,0.0028549294228759257,0.18814432989690724,0.00632984784895861,97
mt5,5,a_ratio,5,0.76,0.1722493618067733,0.09158372693067278,0.05498281786941581,0.42495013508695245,97
mt5,5,nqc,5,0.76,0.3048459308743108,0.002396795060111579,0.19286941580756015,0.005130036782382208,97
mt5,5,bertQPP,5,0.76,0.3429804267574946,0.000583621485714939,0.21864261168384883,0.0015100189795415188,97
mt5,5,bertQPP(QV),5,0.76,0.32401989329250774,0.0012050935035569932,0.2018900343642612,0.0033934144348203364,97
mt5,5,spatial,5,0.78,0.2974007335861347,0.0030930955939725002,0.19329896907216498,0.0050318722795436996,97
mt5,5,a_ratio,5,0.78,0.17680392955930074,0.08319899903355844,0.06013745704467355,0.3828471200330016,97
mt5,5,nqc,5,0.78,0.3035047356710835,0.0025107002226652337,0.1911512027491409,0.005540236417616152,97
mt5,5,bertQPP,5,0.78,0.33868566146952317,0.0006905748442527998,0.2212199312714777,0.001326652810302692,97
mt5,5,bertQPP(QV),5,0.78,0.3213218674226631,0.0013311405355072234,0.20876288659793818,0.0024505203740822256,97
mt5,5,spatial,5,0.8,0.2949207092243811,0.0033624706768452164,0.18771477663230243,0.006450561996249079,97
mt5,5,a_ratio,5,0.8,0.1821630677612094,0.07412941102339261,0.06486254295532648,0.34658765831762584,97
mt5,5,nqc,5,0.8,0.30162320791209724,0.0026787094662738525,0.19201030927835053,0.00533157487845821,97
mt5,5,bertQPP,5,0.8,0.33381908229942525,0.000833238188808345,0.21993127147766325,0.0014156009702633058,97
mt5,5,bertQPP(QV),5,0.8,0.3180556899433459,0.0014996858823684359,0.20446735395189009,0.0030066996042901117,97
mt5,5,spatial,5,0.82,0.2923316821715375,0.0036659343475583662,0.18556701030927839,0.00708575590459897,97
mt5,5,a_ratio,5,0.82,0.18854747901324487,0.06438132512823291,0.06701030927835053,0.3308539585593422,97
mt5,5,nqc,5,0.82,0.2992611491974258,0.00290390740618967,0.1902920962199313,0.005756239608165468,97
mt5,5,bertQPP,5,0.82,0.32842855914966157,0.0010222917337321246,0.21993127147766325,0.0014156009702633058,97
mt5,5,bertQPP(QV),5,0.82,0.3142681831846571,0.0017192025043322897,0.1971649484536083,0.004221925130091803,97
mt5,5,spatial,5,0.84,0.2896447890770405,0.004006561377246152,0.186426116838488,0.006825229731210832,97
mt5,5,a_ratio,5,0.84,0.19625830141061754,0.054024044364403646,0.07603092783505157,0.269899250718855,97
mt5,5,nqc,5,0.84,0.29648026769959035,0.0031907277969028063,0.19072164948453613,0.005647306460207743,97
mt5,5,bertQPP,5,0.84,0.32256817330226806,0.0012714984928655865,0.20704467353951894,0.0026605976928076114,97
mt5,5,bertQPP(QV),5,0.84,0.3100120109222094,0.0020002666865287814,0.19888316151202753,0.0039014834427261624,97
mt5,5,spatial,5,0.86,0.28687095524405354,0.004387606554882489,0.18427835051546396,0.0074933028749945285,97
mt5,5,a_ratio,5,0.86,0.20570934022646004,0.0432372203239899,0.08376288659793817,0.22417771625382632,97
mt5,5,nqc,5,0.86,0.293342045563157,0.0035447082606468133,0.18814432989690724,0.00632984784895861,97
mt5,5,bertQPP,5,0.86,0.3162963026816167,0.0015982840678778272,0.20060137457044677,0.0036032888355043277,97
mt5,5,bertQPP(QV),5,0.86,0.3053436545407451,0.0023557230841484275,0.20403780068728525,0.00306822352558543,97
mt5,5,spatial,5,0.88,0.28402081343791175,0.0048124859282580885,0.18427835051546396,0.0074933028749945285,97
mt5,5,a_ratio,5,0.88,0.21746429060203606,0.032380089418366315,0.09450171821305844,0.17027316035268703,97
mt5,5,nqc,5,0.88,0.28990599073427353,0.003972249720273098,0.18771477663230243,0.006450561996249079,97
mt5,5,bertQPP,5,0.88,0.30967369539395717,0.002024296857437571,0.1984536082474227,0.003979453005162126,97
mt5,5,bertQPP(QV),5,0.88,0.3003214466435608,0.002800796212784544,0.1911512027491409,0.005540236417616152,97
mt5,5,spatial,5,0.9,0.28110463513077344,0.005284754398650681,0.18084192439862545,0.008684754281086702,97
mt5,5,a_ratio,5,0.9,0.23225064702535442,0.022070795854725694,0.10266323024054985,0.13628751627610397,97
mt5,5,nqc,5,0.9,0.28622830186664405,0.00448037295868512,0.186426116838488,0.006825229731210832,97
mt5,5,bertQPP,5,0.9,0.30276164764501456,0.0025758858623277717,0.1911512027491409,0.005540236417616152,97
mt5,5,bertQPP(QV),5,0.9,0.29500377482955525,0.0033531185317933797,0.18943298969072167,0.005979808014005902,97
mt5,5,spatial,5,0.92,0.27813227399470863,0.005808079839378956,0.1778350515463918,0.009863239446727635,97
mt5,5,a_ratio,5,0.92,0.25082059546783125,0.013211344543876841,0.11039518900343644,0.10916471457232763,97
mt5,5,nqc,5,0.92,0.2823609344179857,0.005076470195212094,0.18127147766323026,0.008527096049992753,97
mt5,5,bertQPP,5,0.92,0.2956203776493545,0.003284422329374178,0.18814432989690724,0.00632984784895861,97
mt5,5,bertQPP(QV),5,0.92,0.28944753576356363,0.004032647953045235,0.18470790378006877,0.007355176256510775,97
mt5,5,spatial,5,0.94,0.27511312116454084,0.006386214040924059,0.17353951890034366,0.011793812186781842,97
mt5,5,a_ratio,5,0.94,0.27314299230500455,0.006790415100080159,0.12972508591065296,0.0597739314027888,97
mt5,5,nqc,5,0.94,0.278351027925277,0.005768054246831727,0.17912371134020622,0.009341755733078497,97
mt5,5,bertQPP,5,0.94,0.2883076576274416,0.004186389225919718,0.18341924398625434,0.007776554495134835,97
mt5,5,bertQPP(QV),5,0.94,0.2837068853154165,0.004861454550974409,0.18170103092783507,0.008372001763204117,97
mt5,5,spatial,5,0.96,0.27205607156385714,0.007022960908784049,0.16838487972508595,0.01454739544260673,97
mt5,5,a_ratio,5,0.96,0.2952299237807944,0.003327774998290256,0.16108247422680416,0.01941379508307944,97
mt5,5,nqc,5,0.96,0.27424063834136814,0.006562511307203311,0.17439862542955328,0.011382836808156348,97
mt5,5,bertQPP,5,0.96,0.2808777360183107,0.005323171888991119,0.1782646048109966,0.009686599012848096,97
mt5,5,bertQPP(QV),5,0.96,0.27783229909794854,0.0058633670826188,0.17439862542955328,0.011382836808156348,97
mt5,5,spatial,5,0.98,0.2689695004206142,0.00772214244836915,0.16365979381443302,0.01755425786967657,97
mt5,5,a_ratio,5,0.98,0.30133572971864364,0.0027052513816598826,0.18127147766323026,0.008527096049992753,97
mt5,5,nqc,5,0.98,0.27006671324028825,0.007466865402932608,0.1701030927835052,0.013572314777054699,97
mt5,5,bertQPP,5,0.98,0.2733805552390097,0.006740504977785709,0.16924398625429557,0.01405239227763608,97
mt5,5,bertQPP(QV),5,0.98,0.2718699322338688,0.007063483411249923,0.16881443298969073,0.014298004272030715,97
mt5,5,spatial,5,1.0,0.26586124898794655,0.008487563158688934,0.16323024054982818,0.017852894393926448,97
mt5,5,a_ratio,5,1.0,0.26586124898794655,0.008487563158688934,0.16323024054982818,0.017852894393926448,97
mt5,5,nqc,5,1.0,0.26586124898794655,0.008487563158688934,0.16323024054982818,0.017852894393926448,97
mt5,5,bertQPP,5,1.0,0.26586124898794655,0.008487563158688934,0.16323024054982818,0.017852894393926448,97
mt5,5,bertQPP(QV),5,1.0,0.26586124898794655,0.008487563158688934,0.16323024054982818,0.017852894393926448,97
mt5,5,spatial,6,0.0,0.25885485632993066,0.010462125003978813,0.1512027491408935,0.028226597294347726,97
mt5,5,a_ratio,6,0.0,0.13160075259686294,0.1988233722254004,0.02448453608247423,0.7223661580007107,97
mt5,5,nqc,6,0.0,0.11061668139870946,0.28074872825135627,0.011168384879725088,0.8712539798728897,97
mt5,5,bertQPP,6,0.0,0.2419719081486737,0.01694714987227943,0.19759450171821308,0.0041396512632380965,97
mt5,5,bertQPP(QV),6,0.0,0.18689940218155726,0.06679202150029932,0.15335051546391754,0.026061836085581373,97
mt5,5,spatial,6,0.02,0.26268690083273033,0.009337396903521337,0.15678694158075604,0.022896601370035064,97
mt5,5,a_ratio,6,0.02,0.13189179032688603,0.19782334965318596,0.025773195876288665,0.708405677956768,97
mt5,5,nqc,6,0.02,0.11500637654948279,0.2619796444382106,0.1048109965635739,0.1282784361242476,97
mt5,5,bertQPP,6,0.02,0.24554574333263932,0.015340804096716506,0.19802405498281792,0.004058834798972484,97
mt5,5,bertQPP(QV),6,0.02,0.19065479276329123,0.061402357587135734,0.1550687285223368,0.024434836082135623,97
mt5,5,spatial,6,0.04,0.26651176960163847,0.008322061825025664,0.15764604810996566,0.022159535570441733,97
mt5,5,a_ratio,6,0.04,0.1321948164814005,0.19678598777539932,0.026202749140893475,0.7037735989090746,97
mt5,5,nqc,6,0.04,0.11956975122726354,0.24339226929659394,0.1327319587628866,0.054093065441640706,97
mt5,5,bertQPP,6,0.04,0.24921940690768413,0.01382875463867601,0.19888316151202753,0.0039014834427261624,97
mt5,5,bertQPP(QV),6,0.04,0.1945288426470173,0.05621923952731238,0.15721649484536085,0.02252544814571104,97
mt5,5,spatial,6,0.06,0.2703205739450714,0.007408874145643935,0.16194158075601378,0.018775672464210122,97
mt5,5,a_ratio,6,0.06,0.13251058612927677,0.19570917752887962,0.026632302405498288,0.6991524853070341,97
mt5,5,nqc,6,0.06,0.12431356128652724,0.2250583526848133,0.14218213058419246,0.039091423487606906,97
mt5,5,bertQPP,6,0.06,0.2529940562897214,0.012411717887057902,0.20060137457044677,0.0036032888355043277,97
mt5,5,bertQPP(QV),6,0.06,0.19852427182096388,0.05125489913122591,0.15936426116838492,0.0207470988785446,97
mt5,5,spatial,6,0.08,0.27410372910477354,0.006590563209024378,0.16194158075601378,0.018775672464210122,97
mt5,5,a_ratio,6,0.08,0.13283991899359734,0.19459065000057266,0.027061855670103097,0.6945424903122657,97
mt5,5,nqc,6,0.08,0.12924441628515143,0.2070540167289205,0.1589347079037801,0.021092644173514117,97
mt5,5,bertQPP,6,0.08,0.25687042173664504,0.011089892877806687,0.20360824742268044,0.003130893451622874,97
mt5,5,bertQPP(QV),6,0.08,0.20264348366780974,0.04652067931616082,0.1628006872852234,0.018155972846842318,97
mt5,5,spatial,6,0.1,0.27785096600921594,0.005859913082514349,0.16108247422680416,0.01941379508307944,97
mt5,5,a_ratio,6,0.1,0.13318370650979489,0.19342796123339878,0.027061855670103097,0.6945424903122657,97
mt5,5,nqc,6,0.1,0.13436865794091166,0.18945894772876737,0.17053264604811,0.013337754848227265,97
mt5,5,bertQPP,6,0.1,0.2608487120494881,0.009862931770923629,0.20618556701030932,0.0027716955730928564,97
mt5,5,bertQPP(QV),6,0.1,0.2068884733691593,0.04202680828449514,0.16408934707903783,0.01726000960595295,97
mt5,5,spatial,6,0.12,0.2815513550152655,0.005209837418959222,0.1585051546391753,0.021443192891173694,97
mt5,5,a_ratio,6,0.12,0.1335429198271158,0.19221847530133615,0.026632302405498288,0.6991524853070341,97
mt5,5,nqc,6,0.12,0.13969221019434355,0.17235530871841964,0.17482817869415812,0.011182156616858724,97
mt5,5,bertQPP,6,0.12,0.2649285057029066,0.008729917922247404,0.20446735395189009,0.0030066996042901117,97
mt5,5,bertQPP(QV),6,0.12,0.21126072034916615,0.03778216839364799,0.16623711340206188,0.015852745291372216,97
mt5,5,spatial,6,0.14,0.28519334307074673,0.004633447746203832,0.1628006872852234,0.018155972846842318,97
mt5,5,a_ratio,6,0.14,0.13391861890351747,0.19095934542564014,0.026632302405498288,0.6991524853070341,97
mt5,5,nqc,6,0.14,0.14522039614369453,0.1558263515249099,0.17697594501718217,0.010225152665271457,97
mt5,5,bertQPP,6,0.14,0.2691086258363442,0.007689353189949294,0.20274914089347082,0.003259747042536618,97
mt5,5,bertQPP(QV),6,0.14,0.21576106276112056,0.0337940664489121,0.16881443298969073,0.014298004272030715,97
mt5,5,spatial,6,0.16,0.2887648055840823,0.004124113794064453,0.1666666666666667,0.01558372473088864,97
mt5,5,a_ratio,6,0.16,0.1343119628719684,0.1896474928705427,0.027491408934707907,0.6899437658549277,97
mt5,5,nqc,6,0.16,0.15095771677487058,0.13995472082496455,0.18041237113402064,0.008845012615594157,97
mt5,5,bertQPP,6,0.16,0.2733869975756424,0.006739156023754732,0.2053264604810997,0.002887015591872923,97
mt5,5,bertQPP(QV),6,0.16,0.2203895519884766,0.0300680135905821,0.1670962199312715,0.015318729327102553,97
mt5,5,spatial,6,0.18,0.2922531140566522,0.003675514814116146,0.17353951890034366,0.011793812186781842,97
mt5,5,a_ratio,6,0.18,0.1347242218899295,0.18827958331780154,0.025773195876288665,0.708405677956768,97
mt5,5,nqc,6,0.18,0.1569075862391002,0.12482046229454492,0.1786941580756014,0.00951278395726825,97
mt5,5,bertQPP,6,0.18,0.2777604862874454,0.005876671686744348,0.20704467353951894,0.0026605976928076114,97
mt5,5,bertQPP(QV),6,0.18,0.22514528519381657,0.02660752425520284,0.1670962199312715,0.015318729327102553,97
mt5,5,spatial,6,0.2,0.29564522021118755,0.003281681231072435,0.17912371134020622,0.009341755733078497,97
mt5,5,a_ratio,6,0.2,0.13515679072498304,0.18685200037429955,0.026632302405498288,0.6991524853070341,97
mt5,5,nqc,6,0.2,0.1630720185440645,0.11049877276027885,0.17482817869415812,0.011182156616858724,97
mt5,5,bertQPP,6,0.2,0.2822247156319506,0.005098695642023991,0.20661512027491413,0.0027156275780873427,97
mt5,5,bertQPP(QV),6,0.2,0.23002621414767843,0.023413944714869583,0.16967353951890035,0.013810511589466142,97
mt5,5,spatial,6,0.22,0.2989277569321308,0.0029370263620825546,0.17912371134020622,0.009341755733078497,97
mt5,5,a_ratio,6,0.22,0.1356112043799662,0.1853608158146253,0.028780068728522342,0.6762167162300601,97
mt5,5,nqc,6,0.22,0.1694512610682968,0.09705756175196346,0.1782646048109966,0.009686599012848096,97
mt5,5,bertQPP,6,0.22,0.2867738647183343,0.004401510693710588,0.20704467353951894,0.0026605976928076114,97
mt5,5,bertQPP(QV),6,0.22,0.23502892895712907,0.02048632225959027,0.17482817869415812,0.011182156616858724,97
mt5,5,spatial,6,0.24,0.3020871558237601,0.0026363683276664236,0.17654639175257736,0.010410504577977625,97
mt5,5,a_ratio,6,0.24,0.13608915612290873,0.18380175609997654,0.028780068728522342,0.6762167162300601,97
mt5,5,nqc,6,0.24,0.17604337147372578,0.0845549292827178,0.1786941580756014,0.00951278395726825,97
mt5,5,bertQPP,6,0.24,0.29140044433541795,0.0037809379081461037,0.2100515463917526,0.0023030471051788694,97
mt5,5,bertQPP(QV),6,0.24,0.2401484159564688,0.017821325994064347,0.17697594501718217,0.010225152665271457,97
mt5,5,spatial,6,0.26,0.305109780598228,0.002374942632640711,0.18084192439862545,0.008684754281086702,97
mt5,5,a_ratio,6,0.26,0.1365925183635667,0.182170164644802,0.032216494845360835,0.6401438286436847,97
mt5,5,nqc,6,0.26,0.18284373661071945,0.07303670078921211,0.18127147766323026,0.008527096049992753,97
mt5,5,bertQPP,6,0.26,0.2960950531899606,0.003232400675123341,0.21434707903780073,0.0018682268943729797,97
mt5,5,bertQPP(QV),6,0.26,0.24537778999618196,0.01541322928839068,0.18384879725085912,0.0076337511300162714,97
mt5,5,spatial,6,0.28,0.3079820748458084,0.002148406198263756,0.18170103092783507,0.008372001763204117,97
mt5,5,a_ratio,6,0.28,0.13712336691327057,0.18046095922187522,0.033505154639175264,0.6268270582661877,97
mt5,5,nqc,6,0.28,0.18984453515456218,0.06253419201702667,0.18084192439862545,0.008684754281086702,97
mt5,5,bertQPP,6,0.28,0.30084611640442005,0.0027510005340373013,0.21821305841924402,0.0015427588468996702,97
mt5,5,bertQPP(QV),6,0.28,0.25070800275734517,0.01325396200713832,0.18728522336769762,0.006573343269072617,97
mt5,5,spatial,6,0.3,0.3106907220392845,0.0019528338641067143,0.1868556701030928,0.006698222213035896,97
mt5,5,a_ratio,6,0.3,0.13768400928322264,0.17866858380393133,0.03479381443298969,0.6136308097551222,97
mt5,5,nqc,6,0.3,0.19703415027148247,0.05306239782145767,0.1829896907216495,0.007921746820669876,97
mt5,5,bertQPP,6,0.3,0.30563961027447584,0.002331602636319325,0.2177835051546392,0.0015761513468118154,97
mt5,5,bertQPP(QV),6,0.3,0.2561275306175246,0.011333237672868906,0.19243986254295536,0.005229928831102741,97
mt5,5,spatial,6,0.32,0.31322281491720094,0.0017847085420620585,0.18771477663230243,0.006450561996249079,97
mt5,5,a_ratio,6,0.32,0.13827701782489898,0.17678695403421113,0.03565292096219932,0.6049019912656891,97
mt5,5,nqc,6,0.32,0.20439654485717884,0.04461880217979763,0.1859965635738832,0.006954397086601862,97
mt5,5,bertQPP,6,0.32,0.3104587795263548,0.0019689280078023044,0.2203608247422681,0.0013853583021557498,97
mt5,5,bertQPP(QV),6,0.32,0.26162204808572725,0.009638756742580929,0.19458762886597944,0.004747484369155047,97
mt5,5,spatial,6,0.34,0.3155660307174839,0.001640906293846055,0.18470790378006877,0.007355176256510775,97
mt5,5,a_ratio,6,0.34,0.13890526870353626,0.17480939539854565,0.036512027491408944,0.5962292897960457,97
mt5,5,nqc,6,0.34,0.21191062001049785,0.0371829855336477,0.18513745704467358,0.007219338175415614,97
mt5,5,bertQPP,6,0.34,0.31528385608760257,0.0016576491868781724,0.22379725085910657,0.0011640289366746655,97
mt5,5,bertQPP(QV),6,0.34,0.2671740959721791,0.008156482380025818,0.19587628865979384,0.004477722918252414,97
mt5,5,spatial,6,0.36,0.3177088081388907,0.001518677621490424,0.1859965635738832,0.006954397086601862,97
mt5,5,a_ratio,6,0.36,0.13957198793335826,0.1727285730377674,0.03823024054982819,0.5790561270652871,97
mt5,5,nqc,6,0.36,0.21954958741141822,0.03071715569325089,0.1859965635738832,0.006954397086601862,97
mt5,5,bertQPP,6,0.36,0.32009179169657315,0.0013924854221669173,0.21950171821305847,0.0014464512863097319,97
mt5,5,bertQPP(QV),6,0.36,0.27276275728355887,0.006870979850027553,0.19759450171821308,0.0041396512632380965,97
mt5,5,spatial,6,0.38,0.3196405214396313,0.0014156262164123465,0.18384879725085912,0.0076337511300162714,97
mt5,5,a_ratio,6,0.38,0.14028080600665188,0.17053641199219097,0.039948453608247426,0.5621188569054614,97
mt5,5,nqc,6,0.38,0.22728039787129287,0.02516765029786297,0.1859965635738832,0.006954397086601862,97
mt5,5,bertQPP,6,0.38,0.32485602046676276,0.001168293483595035,0.22336769759450176,0.0011897860106094835,97
mt5,5,bertQPP(QV),6,0.38,0.27836335828043063,0.0057658054555561646,0.20103092783505158,0.0035320539175627825,97
mt5,5,spatial,6,0.4,0.321351646784533,0.001329686318656444,0.19072164948453613,0.005647306460207743,97
mt5,5,a_ratio,6,0.4,0.1410358230387506,0.16822400651294941,0.03908934707903781,0.5705575497769013,97
mt5,5,nqc,6,0.4,0.23506328075902372,0.0204673588875773,0.18728522336769762,0.006573343269072617,97
mt5,5,bertQPP,6,0.4,0.3295462716399248,0.0009801503191204683,0.22637457044673542,0.0010200025736501021,97
mt5,5,bertQPP(QV),6,0.4,0.28394721703130815,0.004823926408604679,0.20704467353951894,0.0026605976928076114,97
mt5,5,spatial,6,0.42,0.3228339158613618,0.0012590997073636898,0.19243986254295536,0.005229928831102741,97
mt5,5,a_ratio,6,0.42,0.1418416868555537,0.16578151691496834,0.040378006872852236,0.5579222431626273,97
mt5,5,nqc,6,0.42,0.24285146090914572,0.016538904433894927,0.186426116838488,0.006825229731210832,97
mt5,5,bertQPP,6,0.42,0.3341284569272267,0.0008234242898810961,0.22508591065292102,0.0010898172708815595,97
mt5,5,bertQPP(QV),6,0.42,0.2894814668194105,0.004028149824683651,0.2096219931271478,0.002351276432455258,97
mt5,5,spatial,6,0.44,0.3240804519293904,0.0012023931900630722,0.19501718213058422,0.004655971971265852,97
mt5,5,a_ratio,6,0.44,0.14270368710781325,0.16319805229599516,0.04123711340206186,0.5495750194028222,97
mt5,5,nqc,6,0.44,0.2505911288964783,0.013298326387355558,0.18728522336769762,0.006573343269072617,97
mt5,5,bertQPP,6,0.44,0.338564660612183,0.0006938325143338004,0.2255154639175258,0.0010660691222714972,97
mt5,5,bertQPP(QV),6,0.44,0.2949289863773113,0.0033615377259425716,0.21091065292096223,0.002209296231634933,97
mt5,5,spatial,6,0.46,0.32508588384969206,0.001158357294462996,0.19587628865979384,0.004477722918252414,97
mt5,5,a_ratio,6,0.46,0.1436278693599948,0.16046153732853824,0.04123711340206186,0.5495750194028222,97
mt5,5,nqc,6,0.46,0.25822174442698315,0.010658940083490595,0.18814432989690724,0.00632984784895861,97
mt5,5,bertQPP,6,0.46,0.3428132633547482,0.0005874828820009582,0.22594501718213064,0.0010428004886634003,97
mt5,5,bertQPP(QV),6,0.46,0.300248472389894,0.0028077858887398596,0.20876288659793818,0.0024505203740822256,97
mt5,5,spatial,6,0.48,0.32584643427033566,0.0011260267024140267,0.19888316151202753,0.0039014834427261624,97
mt5,5,a_ratio,6,0.48,0.14462117424467485,0.1575585612855159,0.04295532646048111,0.5330675016802799,97
mt5,5,nqc,6,0.48,0.26567674779300643,0.008535026911400949,0.19158075601374575,0.0054350017041903615,97
mt5,5,bertQPP,6,0.48,0.3468292315987692,0.00050090046161507,0.23152920962199317,0.0007801296905645403,97
mt5,5,bertQPP(QV),6,0.48,0.30539469104769784,0.0023515476240431,0.2100515463917526,0.0023030471051788694,97
mt5,5,spatial,6,0.5,0.32635997897544483,0.0011046628094574609,0.202319587628866,0.003325969220576063,97
mt5,5,a_ratio,6,0.5,0.14569160829947403,0.15447420755138372,0.043384879725085916,0.5289801545988201,97
mt5,5,nqc,6,0.5,0.2728847376958083,0.00684504287768541,0.19286941580756015,0.005130036782382208,97
mt5,5,bertQPP,6,0.5,0.35056460271935064,0.00043103921006706994,0.22938144329896912,0.0008728876884960134,97
mt5,5,bertQPP(QV),6,0.5,0.3103189435243746,0.0019786888148745014,0.21091065292096223,0.002209296231634933,97
mt5,5,spatial,6,0.52,0.326626075412515,0.0010937386500266433,0.20489690721649487,0.002946303078171719,97
mt5,5,a_ratio,6,0.52,0.14684845515878164,0.15119186220624506,0.04424398625429554,0.52085358029868,97
mt5,5,nqc,6,0.52,0.2797711430111607,0.0055141144734760185,0.19158075601374575,0.0054350017041903615,97
mt5,5,bertQPP,6,0.52,0.3539691905972267,0.0003752809725219203,0.2285223367697595,0.0009127757207962206,97
mt5,5,bertQPP(QV),6,0.52,0.3149697739475149,0.001676467097492884,0.2096219931271478,0.002351276432455258,97
mt5,5,spatial,6,0.54,0.3266459595305289,0.0010929263006564222,0.20747422680412375,0.0026065887949513057,97
mt5,5,a_ratio,6,0.54,0.14810253856643224,0.14769300102793947,0.04596219931271478,0.5047955105031363,97
mt5,5,nqc,6,0.54,0.2862603710612398,0.004475702671757317,0.1911512027491409,0.005540236417616152,97
mt5,5,bertQPP,6,0.54,0.3569915263593765,0.0003314246583650704,0.23109965635738836,0.0007979153488644113,97
mt5,5,bertQPP(QV),6,0.54,0.31929393679104984,0.001433635077026774,0.20575601374570449,0.0028288190417010725,97
mt5,5,spatial,6,0.56,0.32642251122595123,0.0011020867621909336,0.21219931271477666,0.0020752134680172376,97
mt5,5,a_ratio,6,0.56,0.149466552510873,0.14395695572592868,0.04467353951890035,0.5168145411906753,97
mt5,5,nqc,6,0.56,0.2922783585506906,0.003672434102391592,0.19501718213058422,0.004655971971265852,97
mt5,5,bertQPP,6,0.56,0.35958003414079576,0.0002976691312686618,0.2328178694158076,0.0007289565212236814,97
mt5,5,bertQPP(QV),6,0.56,0.3232376232081423,0.0012404739725521445,0.20661512027491413,0.0027156275780873427,97
mt5,5,spatial,6,0.58,0.3259601898341681,0.001121262226237778,0.21176975945017185,0.0021190549684448486,97
mt5,5,a_ratio,6,0.58,0.15095547910374257,0.13996066287417758,0.046821305841924406,0.49686544158769386,97
mt5,5,nqc,6,0.58,0.29775539011820884,0.0030561989901438406,0.19673539518900346,0.004305679427335466,97
mt5,5,bertQPP,6,0.58,0.36168442211402424,0.00027259376437280936,0.2298109965635739,0.0008535554716530555,97
mt5,5,bertQPP(QV),6,0.58,0.32674792306141787,0.0010887692843815381,0.20704467353951894,0.0026605976928076114,97
mt5,5,spatial,6,0.6,0.3252649421526739,0.0011506705494228567,0.21048109965635742,0.002255725464528707,97
mt5,5,a_ratio,6,0.6,0.15258712227996302,0.13567840362355485,0.04725085910652922,0.4929254477765376,97
mt5,5,nqc,6,0.6,0.3026289934025652,0.0025876815438866563,0.19673539518900346,0.004305679427335466,97
mt5,5,bertQPP,6,0.6,0.3632572458177017,0.0002551408330565124,0.23152920962199317,0.0007801296905645403,97
mt5,5,bertQPP(QV),6,0.6,0.3297744728442457,0.0009717434508881967,0.209192439862543,0.002400428947085522,97
mt5,5,spatial,6,0.62,0.32434408637998463,0.0011907016894965085,0.20704467353951894,0.0026605976928076114,97
mt5,5,a_ratio,6,0.62,0.15438279596886598,0.13108155012070538,0.04725085910652922,0.4929254477765376,97
mt5,5,nqc,6,0.62,0.30684668035349394,0.002235514392181315,0.19931271477663232,0.003824903963020039,97
mt5,5,bertQPP,6,0.62,0.3642555761623519,0.000244604036190168,0.2328178694158076,0.0007289565212236814,97
mt5,5,bertQPP(QV),6,0.62,0.3322712121340501,0.0008839618630310651,0.21606529209621997,0.0017164841150655054,97
mt5,5,spatial,6,0.64,0.32320617605468643,0.0012419157983571095,0.20575601374570449,0.0028288190417010725,97
mt5,5,a_ratio,6,0.64,0.15636822054539865,0.12613834773871496,0.04810996563573884,0.4850959502795227,97
mt5,5,nqc,6,0.64,0.3103682929940059,0.0019752391528761685,0.19974226804123715,0.0037496927052216027,97
mt5,5,bertQPP,6,0.64,0.36464268156440005,0.00024062755894115496,0.23195876288659797,0.0007627126312502382,97
mt5,5,bertQPP(QV),6,0.64,0.33419814658473423,0.0008212282266264039,0.21477663230240554,0.0018291772025326055,97
mt5,5,spatial,6,0.66,0.3218608485529946,0.0013050426174340442,0.20360824742268044,0.003130893451622874,97
mt5,5,a_ratio,6,0.66,0.15857470336494167,0.12081378420687347,0.04810996563573884,0.4850959502795227,97
mt5,5,nqc,6,0.66,0.31316773451689844,0.0017882218513511029,0.20017182130584193,0.0036758280937195186,97
mt5,5,bertQPP,6,0.66,0.3643896162751802,0.0002432203166242262,0.23324742268041243,0.0007126038672884247,97
mt5,5,bertQPP(QV),6,0.66,0.33552299823086973,0.0007804835416309665,0.21520618556701035,0.0017908788065225548,97
mt5,5,spatial,6,0.68,0.3203186629391511,0.0013809817801774715,0.20403780068728525,0.00306822352558543,97
mt5,5,a_ratio,6,0.68,0.16104071146840176,0.11506963327067077,0.04896907216494846,0.4773342987798882,97
mt5,5,nqc,6,0.68,0.31523392320401933,0.001660628021217892,0.202319587628866,0.003325969220576063,97
mt5,5,bertQPP,6,0.68,0.3634765989629072,0.00025279041634744027,0.2328178694158076,0.0007289565212236814,97
mt5,5,bertQPP(QV),6,0.68,0.33622261823200666,0.0007597204348940709,0.21262886597938147,0.002032205430312129,97
mt5,5,spatial,6,0.7,0.3185909319670713,0.0014708035949727945,0.20317869415807563,0.0031947282487263706,97
mt5,5,a_ratio,6,0.7,0.16381399245274875,0.1088648211741139,0.053264604810996576,0.43956407502839534,97
mt5,5,nqc,6,0.7,0.3165708892286737,0.001582519064692549,0.20360824742268044,0.003130893451622874,97
mt5,5,bertQPP,6,0.7,0.3618940699727474,0.00027020544522971424,0.2328178694158076,0.0007289565212236814,97
mt5,5,bertQPP(QV),6,0.7,0.33628404599330863,0.0007579217193865983,0.20876288659793818,0.0024505203740822256,97
mt5,5,spatial,6,0.72,0.316689552825212,0.0015757498606521585,0.20274914089347082,0.003259747042536618,97
mt5,5,a_ratio,6,0.72,0.16695447127755636,0.10215636482543121,0.056271477663230256,0.41417839532189626,97
mt5,5,nqc,6,0.72,0.3171970287747406,0.001547095729882889,0.20274914089347082,0.003259747042536618,97
mt5,5,bertQPP,6,0.72,0.35964333374028445,0.00029688485253313396,0.23711340206185572,0.000580033168540485,97
mt5,5,bertQPP(QV),6,0.72,0.3357051224580446,0.0007750291891435882,0.20274914089347082,0.003259747042536618,97
mt5,5,spatial,6,0.74,0.3146268408328686,0.0016972342574233243,0.20060137457044677,0.0036032888355043277,97
mt5,5,a_ratio,6,0.74,0.17053825899394492,0.09490129675452044,0.057989690721649494,0.40007019122296605,97
mt5,5,nqc,6,0.74,0.3171436192464364,0.001550089055091073,0.2018900343642612,0.0033934144348203364,97
mt5,5,bertQPP,6,0.74,0.3567367235678349,0.00033493122972057314,0.22938144329896912,0.0008728876884960134,97
mt5,5,bertQPP(QV),6,0.74,0.33449460210951554,0.0008119459331435686,0.20747422680412375,0.0026065887949513057,97
mt5,5,spatial,6,0.76,0.312415369776017,0.0018368418601752514,0.19587628865979384,0.004477722918252414,97
mt5,5,a_ratio,6,0.76,0.17466327252477812,0.08706026472540437,0.06142611683848798,0.37273483374323335,97
mt5,5,nqc,6,0.76,0.3164527685258215,0.0015892834524709625,0.20317869415807563,0.0031947282487263706,97
mt5,5,bertQPP,6,0.76,0.3531972659663629,0.0003873073589399132,0.23711340206185572,0.000580033168540485,97
mt5,5,bertQPP(QV),6,0.76,0.3326717530718658,0.0008705728280052914,0.2130584192439863,0.0019900166497547295,97
mt5,5,spatial,6,0.78,0.31006782195869903,0.0019963273403239084,0.19630584192439868,0.0043909374810577745,97
mt5,5,a_ratio,6,0.78,0.1794572072713707,0.07860393364588662,0.06658075601374572,0.3339631552636785,97
mt5,5,nqc,6,0.78,0.31517501052535135,0.0016641487928413172,0.19888316151202753,0.0039014834427261624,97
mt5,5,bertQPP,6,0.78,0.3490578656610457,0.00045806501205279205,0.23067010309278352,0.00081607670119364,97
mt5,5,bertQPP(QV),6,0.78,0.33026548115786014,0.0009538772062776152,0.21606529209621997,0.0017164841150655054,97
mt5,5,spatial,6,0.8,0.3075968503858745,0.0021776114577063536,0.19286941580756015,0.005130036782382208,97
mt5,5,a_ratio,6,0.8,0.18508894958674252,0.06952399994091488,0.06872852233676977,0.3186051074891699,97
mt5,5,nqc,6,0.8,0.313366766114621,0.001775556061017913,0.1971649484536083,0.004221925130091803,97
mt5,5,bertQPP,6,0.8,0.34436007389924206,0.000552629065968431,0.23024054982817874,0.0008346209629654949,97
mt5,5,bertQPP(QV),6,0.8,0.3273130549201885,0.0010659888377350275,0.2134879725085911,0.0019486331283160838,97
mt5,5,spatial,6,0.82,0.30501495482572794,0.0023827754958360213,0.1859965635738832,0.006954397086601862,97
mt5,5,a_ratio,6,0.82,0.19178494714183197,0.05985159988831087,0.06915807560137457,0.3155898965616176,97
mt5,5,nqc,6,0.82,0.3110878670114182,0.0019255523309365727,0.19630584192439868,0.0043909374810577745,97
mt5,5,bertQPP,6,0.82,0.3391525360351181,0.000678136008435077,0.22207903780068733,0.0012702502748310276,97
mt5,5,bertQPP(QV),6,0.82,0.3238585389927422,0.0012123152345786608,0.21391752577319592,0.001908041073171658,97
mt5,5,spatial,6,0.84,0.3023343728579086,0.0026140533613870707,0.18556701030927839,0.00708575590459897,97
mt5,5,a_ratio,6,0.84,0.1998523619563359,0.04968698496330315,0.07860824742268042,0.2539971105350425,97
mt5,5,nqc,6,0.84,0.3083992990679313,0.0021171739645791357,0.1941580756013746,0.0048406217198878375,97
mt5,5,bertQPP,6,0.84,0.3334892352571932,0.0008438190080617708,0.22293814432989695,0.0012160687743494618,97
mt5,5,bertQPP(QV),6,0.84,0.3199510588105454,0.001399664996112822,0.21262886597938147,0.002032205430312129,97
mt5,5,spatial,6,0.86,0.29956698642577667,0.0028738211502792555,0.18384879725085912,0.0076337511300162714,97
mt5,5,a_ratio,6,0.86,0.2097100400833743,0.03924455467997304,0.08333333333333336,0.22656268559471548,97
mt5,5,nqc,6,0.86,0.3053612708342015,0.002354281084411666,0.19243986254295536,0.005229928831102741,97
mt5,5,bertQPP,6,0.86,0.3274276559153718,0.001061422530475857,0.21864261168384883,0.0015100189795415188,97
mt5,5,bertQPP(QV),6,0.86,0.31564302051019383,0.0016363647559718784,0.20833333333333337,0.0025015666651811157,97
mt5,5,spatial,6,0.88,0.29672424389437907,0.0031645840752652695,0.18256013745704472,0.00806936233603351,97
mt5,5,a_ratio,6,0.88,0.22192259764350503,0.028913140366475246,0.09106529209621994,0.18634796497677564,97
mt5,5,nqc,6,0.88,0.30203166269199644,0.002641400885069176,0.18943298969072167,0.005979808014005902,97
mt5,5,bertQPP,6,0.88,0.32102698286042614,0.0013456187850830912,0.2053264604810997,0.002887015591872923,97
mt5,5,bertQPP(QV),6,0.88,0.31098839735142,0.0019323527937814746,0.20274914089347082,0.003259747042536618,97
mt5,5,spatial,6,0.9,0.29381709718273874,0.0034889607496150117,0.18384879725085912,0.0076337511300162714,97
mt5,5,a_ratio,6,0.9,0.23720765460590745,0.019313035348510515,0.09793814432989692,0.1552606461818409,97
mt5,5,nqc,6,0.9,0.2984648680269,0.0029835718244213293,0.19158075601374575,0.0054350017041903615,97
mt5,5,bertQPP,6,0.9,0.31434643527620065,0.001714387633163943,0.2014604810996564,0.0034621026042757834,97
mt5,5,bertQPP(QV),6,0.9,0.3060411720821255,0.0022992311412591993,0.19759450171821308,0.0041396512632380965,97
mt5,5,spatial,6,0.92,0.2908559531935694,0.0038496649237816727,0.18084192439862545,0.008684754281086702,97
mt5,5,a_ratio,6,0.92,0.25628712152364785,0.011280571465905448,0.11168384879725088,0.1050908480999539,97
mt5,5,nqc,6,0.92,0.29471100457121857,0.003386184858880887,0.18857388316151205,0.006211170636578692,97
mt5,5,bertQPP,6,0.92,0.3074438086438779,0.0021893131590638992,0.19888316151202753,0.0039014834427261624,97
mt5,5,bertQPP(QV),6,0.92,0.3008539977809401,0.0027502586296465396,0.19329896907216498,0.0050318722795436996,97
mt5,5,spatial,6,0.94,0.28785063850452003,0.004249484871891115,0.1786941580756014,0.00951278395726825,97
mt5,5,a_ratio,6,0.94,0.2790934005661323,0.005634040201581154,0.13101374570446736,0.05728140399891128,97
mt5,5,nqc,6,0.94,0.2908154521730283,0.003854821413757092,0.1859965635738832,0.006954397086601862,97
mt5,5,bertQPP,6,0.94,0.3003742709950093,0.002795746310877095,0.1937285223367698,0.004935409194231109,97
mt5,5,bertQPP(QV),6,0.94,0.2954771121327979,0.0033002701576471563,0.18857388316151205,0.006211170636578692,97
mt5,5,spatial,6,0.96,0.2848103761069066,0.0046912607176241485,0.17568728522336774,0.01079019991112942,97
mt5,5,a_ratio,6,0.96,0.301802351232469,0.0026622884204344664,0.16022336769759454,0.02007078628569656,97
mt5,5,nqc,6,0.96,0.28681866181632987,0.004395090515852169,0.17998281786941583,0.009007907605249525,97
mt5,5,bertQPP,6,0.96,0.2931894332328419,0.0035627858756877664,0.18213058419243988,0.008219435652041644,97
mt5,5,bertQPP(QV),6,0.96,0.2899575152001292,0.003965512512605611,0.17611683848797252,0.010598840128977079,97
mt5,5,spatial,6,0.98,0.2817437728721327,0.0051778600700590986,0.17353951890034366,0.011793812186781842,97
mt5,5,a_ratio,6,0.98,0.30977806018862764,0.0020168562868357947,0.18470790378006877,0.007355176256510775,97
mt5,5,nqc,6,0.98,0.2827561776261414,0.005012469349060445,0.17482817869415812,0.011182156616858724,97
mt5,5,bertQPP,6,0.98,0.285936690751442,0.004523040543656493,0.17439862542955328,0.011382836808156348,97
mt5,5,bertQPP(QV),6,0.98,0.28433840068822047,0.004763393928909185,0.17439862542955328,0.011382836808156348,97
mt5,5,spatial,6,1.0,0.2786588163822725,0.005712152405550525,0.17053264604811,0.013337754848227265,97
mt5,5,a_ratio,6,1.0,0.2786588163822725,0.005712152405550525,0.17053264604811,0.013337754848227265,97
mt5,5,nqc,6,1.0,0.2786588163822725,0.005712152405550525,0.17053264604811,0.013337754848227265,97
mt5,5,bertQPP,6,1.0,0.2786588163822725,0.005712152405550525,0.17053264604811,0.013337754848227265,97
mt5,5,bertQPP(QV),6,1.0,0.2786588163822725,0.005712152405550525,0.17053264604811,0.013337754848227265,97
mt5,5,spatial,7,0.0,0.25885485632993066,0.010462125003978813,0.1512027491408935,0.028226597294347726,97
mt5,5,a_ratio,7,0.0,0.13160075259686294,0.1988233722254004,0.02448453608247423,0.7223661580007107,97
mt5,5,nqc,7,0.0,0.11061668139870946,0.28074872825135627,0.011168384879725088,0.8712539798728897,97
mt5,5,bertQPP,7,0.0,0.2419719081486737,0.01694714987227943,0.19759450171821308,0.0041396512632380965,97
mt5,5,bertQPP(QV),7,0.0,0.18689940218155726,0.06679202150029932,0.15335051546391754,0.026061836085581373,97
mt5,5,spatial,7,0.02,0.2633234981725791,0.009161214432555548,0.15635738831615123,0.02327305567367708,97
mt5,5,a_ratio,7,0.02,0.13192055624437876,0.1977247053029426,0.025343642611683852,0.7130485680719618,97
mt5,5,nqc,7,0.02,0.11532785122985735,0.2606394678052361,0.10652920962199315,0.12213859984356254,97
mt5,5,bertQPP,7,0.02,0.24581449365502467,0.015225526292622362,0.20017182130584193,0.0036758280937195186,97
mt5,5,bertQPP(QV),7,0.02,0.190999737932267,0.060925602800012676,0.15721649484536085,0.02252544814571104,97
mt5,5,spatial,7,0.04,0.2677900513158715,0.008005106658143718,0.16022336769759454,0.02007078628569656,97
mt5,5,a_ratio,7,0.04,0.13225352935071674,0.19658544779667453,0.02491408934707904,0.7177021136751226,97
mt5,5,nqc,7,0.04,0.1202150441861895,0.24083940712838,0.12800687285223372,0.06323660544752113,97
mt5,5,bertQPP,7,0.04,0.2497601039637478,0.013617518002299525,0.20060137457044677,0.0036032888355043277,97
mt5,5,bertQPP(QV),7,0.04,0.19522758289174802,0.05532368965517672,0.1585051546391753,0.021443192891173694,97
mt5,5,spatial,7,0.06,0.2722439085029767,0.006982277228873856,0.16022336769759454,0.02007078628569656,97
mt5,5,a_ratio,7,0.06,0.13260050100522852,0.1954033365204711,0.025773195876288665,0.708405677956768,97
mt5,5,nqc,7,0.06,0.12528389944730817,0.22143107336386997,0.1512027491408935,0.028226597294347726,97
mt5,5,bertQPP,7,0.06,0.2538094012126567,0.01212281647105437,0.20103092783505158,0.0035320539175627825,97
mt5,5,bertQPP(QV),7,0.06,0.19958547034691038,0.0499988523609495,0.1597938144329897,0.02040649882574069,97
mt5,5,spatial,7,0.08,0.27667360713795974,0.006081330605314051,0.1628006872852234,0.018155972846842318,97
mt5,5,a_ratio,7,0.08,0.13296237124720456,0.19417593950492285,0.025773195876288665,0.708405677956768,97
mt5,5,nqc,7,0.08,0.13053971291289773,0.20249995467120172,0.1670962199312715,0.015318729327102553,97
mt5,5,bertQPP,7,0.08,0.2579625353875457,0.010740450366635438,0.20317869415807563,0.0031947282487263706,97
mt5,5,bertQPP(QV),7,0.08,0.20407552665835926,0.04496216080360792,0.16451890034364264,0.016970096384742294,97
mt5,5,spatial,7,0.1,0.2810668498377073,0.005291134873646122,0.1658075601374571,0.016125841537736958,97
mt5,5,a_ratio,7,0.1,0.1333401188053309,0.19290064028176948,0.026632302405498288,0.6991524853070341,97
mt5,5,nqc,7,0.1,0.13598729610812255,0.18413321541182803,0.17697594501718217,0.010225152665271457,97
mt5,5,bertQPP,7,0.1,0.26221904253845757,0.009468769470678436,0.20618556701030932,0.0027716955730928564,97
mt5,5,bertQPP(QV),7,0.1,0.20869936575730968,0.04022291207570702,0.1679553264604811,0.014800614099959652,97
mt5,5,spatial,7,0.12,0.28541054153794176,0.00460094219946018,0.16838487972508595,0.01454739544260673,97
mt5,5,a_ratio,7,0.12,0.13373480987053563,0.19157462042641563,0.027491408934707907,0.6899437658549277,97
mt5,5,nqc,7,0.12,0.14163080782464965,0.1664181182145531,0.18170103092783507,0.008372001763204117,97
mt5,5,bertQPP,7,0.12,0.2665777288597945,0.008305440589968717,0.20489690721649487,0.002946303078171719,97
mt5,5,bertQPP(QV),7,0.12,0.2134579665911649,0.03578836630249583,0.1658075601374571,0.016125841537736958,97
mt5,5,spatial,7,0.14,0.28969084495905645,0.0040004922799332845,0.17439862542955328,0.011382836808156348,97
mt5,5,a_ratio,7,0.14,0.13414760806646886,0.1901948401376097,0.027491408934707907,0.6899437658549277,97
mt5,5,nqc,7,0.14,0.14747355510263857,0.1494401593796328,0.1778350515463918,0.009863239446727635,97
mt5,5,bertQPP,7,0.14,0.2710365394879889,0.007247456990166157,0.20790378006872856,0.0025535840012904936,97
mt5,5,bertQPP(QV),7,0.14,0.21835153171994492,0.03166350130880688,0.1658075601374571,0.016125841537736958,97
mt5,5,spatial,7,0.16,0.29389325595817856,0.0034800968802543367,0.17396907216494847,0.011586707769612953,97
mt5,5,a_ratio,7,0.16,0.13457978581230617,0.18875801660262662,0.028350515463917533,0.680780730027897,97
mt5,5,nqc,7,0.16,0.15351776027100128,0.13328094552706463,0.17955326460481102,0.009173476196585428,97
mt5,5,bertQPP,7,0.16,0.27559241103574644,0.006291162549396605,0.20747422680412375,0.0026065887949513057,97
mt5,5,bertQPP(QV),7,0.16,0.22337932535956861,0.02785079805384099,0.17225085910652924,0.012434959394241826,97
mt5,5,spatial,7,0.18,0.2980026998874624,0.003030704437692759,0.17310996563573885,0.01200419316896961,97
mt5,5,a_ratio,7,0.18,0.135032737309496,0.18726059986113897,0.027491408934707907,0.6899437658549277,97
mt5,5,nqc,7,0.18,0.15976429113387122,0.11801586574671924,0.18427835051546396,0.0074933028749945285,97
mt5,5,bertQPP,7,0.18,0.2802411071634213,0.005432291366477374,0.20790378006872856,0.0025535840012904936,97
mt5,5,bertQPP(QV),7,0.18,0.22853948939267,0.02435006959001786,0.1778350515463918,0.009863239446727635,97
mt5,5,spatial,7,0.2,0.30200364953855635,0.0026439446205760823,0.17439862542955328,0.011382836808156348,97
mt5,5,a_ratio,7,0.2,0.13550799342903996,0.18569874584081297,0.02920962199312715,0.6716645680851198,97
mt5,5,nqc,7,0.2,0.16621235212276408,0.10371164358920879,0.17955326460481102,0.009173476196585428,97
mt5,5,bertQPP,7,0.2,0.2849770369210753,0.004666022966110575,0.21219931271477666,0.0020752134680172376,97
mt5,5,bertQPP(QV),7,0.2,0.23382883627018747,0.021158346445967372,0.17955326460481102,0.009173476196585428,97
mt5,5,spatial,7,0.22,0.30588026458160433,0.002312153577661079,0.1782646048109966,0.009686599012848096,97
mt5,5,a_ratio,7,0.22,0.13600723883091148,0.1840682861920029,0.030068728522336774,0.6625964496656107,97
mt5,5,nqc,7,0.22,0.1728591354491699,0.09042388475651762,0.18341924398625434,0.007776554495134835,97
mt5,5,bertQPP,7,0.22,0.2897930562200293,0.003987052537510433,0.2096219931271478,0.002351276432455258,97
mt5,5,bertQPP(QV),7,0.22,0.2392426183637929,0.01826983057866473,0.18470790378006877,0.007355176256510775,97
mt5,5,spatial,7,0.24,0.3096165516160546,0.002028381351487845,0.18127147766323026,0.008527096049992753,97
mt5,5,a_ratio,7,0.24,0.13653233171480114,0.18236469449706094,0.0313573883161512,0.6490868603039283,97
mt5,5,nqc,7,0.24,0.17969943313127873,0.0781947657618719,0.18170103092783507,0.008372001763204117,97
mt5,5,bertQPP,7,0.24,0.2946802536554649,0.0033896748556572153,0.21563573883161516,0.0017533187111864498,97
mt5,5,bertQPP(QV),7,0.24,0.24477427426531803,0.01567592820318892,0.1868556701030928,0.006698222213035896,97
mt5,5,spatial,7,0.26,0.31319654306373973,0.0017863835155478747,0.18170103092783507,0.008372001763204117,97
mt5,5,a_ratio,7,0.26,0.13708532668481455,0.18058304837133407,0.033505154639175264,0.6268270582661877,97
mt5,5,nqc,7,0.26,0.18672521337957676,0.06705103138738949,0.1829896907216495,0.007921746820669876,97
mt5,5,bertQPP,7,0.26,0.2996277230491932,0.002867879714144463,0.2212199312714777,0.001326652810302692,97
mt5,5,bertQPP(QV),7,0.26,0.2504151538357958,0.013365368778719548,0.1941580756013746,0.0048406217198878375,97
mt5,5,spatial,7,0.28,0.31660449218855036,0.0015805995039322052,0.18771477663230243,0.006450561996249079,97
mt5,5,a_ratio,7,0.28,0.13766850131424233,0.17871798690752871,0.03479381443298969,0.6136308097551222,97
mt5,5,nqc,7,0.28,0.1939251683491441,0.0570024789313566,0.18427835051546396,0.0074933028749945285,97
mt5,5,bertQPP,7,0.28,0.30462232655914945,0.002415455909054054,0.22079037800687287,0.0013557124652369783,97
mt5,5,bertQPP(QV),7,0.28,0.2561542255555627,0.011324413207902381,0.202319587628866,0.003325969220576063,97
mt5,5,spatial,7,0.3,0.3198250805698579,0.0014061203255530984,0.1898625429553265,0.005867063974983271,97
mt5,5,a_ratio,7,0.3,0.1382843871255693,0.1767636628426419,0.03522336769759451,0.6092594479622931,97
mt5,5,nqc,7,0.3,0.20128424480577772,0.04804109946018767,0.1859965635738832,0.006954397086601862,97
mt5,5,bertQPP,7,0.3,0.30964845404549485,0.002026100129167162,0.22465635738831619,0.0011140538745299275,97
mt5,5,bertQPP(QV),7,0.3,0.2619777719822216,0.009537149049291326,0.20661512027491413,0.0027156275780873427,97
mt5,5,spatial,7,0.32,0.32284363344702827,0.00125864840166637,0.19072164948453613,0.005647306460207743,97
mt5,5,a_ratio,7,0.32,0.13893580586265908,0.174713688747813,0.03565292096219932,0.6049019912656891,97
mt5,5,nqc,7,0.32,0.20878317483627346,0.04014101623669336,0.18470790378006877,0.007355176256510775,97
mt5,5,bertQPP,7,0.32,0.31468778660950597,0.0016935266077245646,0.23109965635738836,0.0007979153488644113,97
mt5,5,bertQPP(QV),7,0.32,0.26786908192769,0.007985864586170422,0.2053264604810997,0.002887015591872923,97
mt5,5,spatial,7,0.34,0.32564633755497424,0.0011344521576465974,0.18728522336769762,0.006573343269072617,97
mt5,5,a_ratio,7,0.34,0.1396259121359607,0.17256107645746796,0.03565292096219932,0.6049019912656891,97
mt5,5,nqc,7,0.34,0.21639803025717672,0.03325930656594366,0.18556701030927839,0.00708575590459897,97
mt5,5,bertQPP,7,0.34,0.3197190748152456,0.0014115731475387912,0.23067010309278352,0.00081607670119364,97
mt5,5,bertQPP(QV),7,0.34,0.2738081513207681,0.0066514874599421505,0.20747422680412375,0.0026065887949513057,97
mt5,5,spatial,7,0.36,0.3282204554522962,0.001030317769784953,0.18943298969072167,0.005979808014005902,97
mt5,5,a_ratio,7,0.36,0.14035824378017284,0.17029816886804297,0.03565292096219932,0.6049019912656891,97
mt5,5,nqc,7,0.36,0.22409983154102758,0.027337717995562553,0.18857388316151205,0.006211170636578692,97
mt5,5,bertQPP,7,0.36,0.324717945000367,0.0011742991996010316,0.23582474226804126,0.000621432826309228,97
mt5,5,bertQPP(QV),7,0.36,0.27977140856303107,0.005514067932188338,0.21048109965635742,0.002255725464528707,97
mt5,5,spatial,7,0.38,0.33055452996616996,0.0009435001521794636,0.19201030927835053,0.00533157487845821,97
mt5,5,a_ratio,7,0.38,0.14113678159369,0.1679165631537187,0.036512027491408944,0.5962292897960457,97
mt5,5,nqc,7,0.38,0.2318542493181865,0.022305200639722293,0.1902920962199313,0.005756239608165468,97
mt5,5,bertQPP,7,0.38,0.3296567501466834,0.000976072081475912,0.23969072164948454,0.0005048251929224872,97
mt5,5,bertQPP(QV),7,0.38,0.2857314843519333,0.0045532824295317865,0.21649484536082478,0.0016803624081385136,97
mt5,5,spatial,7,0.4,0.332638572292711,0.0008716749047647748,0.19286941580756015,0.005130036782382208,97
mt5,5,a_ratio,7,0.4,0.1419660205528013,0.16540702437593402,0.03908934707903781,0.5705575497769013,97
mt5,5,nqc,7,0.4,0.239621442935759,0.018081086627774714,0.19201030927835053,0.00533157487845821,97
mt5,5,bertQPP,7,0.4,0.3345044847885445,0.0008116381539150977,0.23840206185567014,0.0005412133012575864,97
mt5,5,bertQPP(QV),7,0.4,0.2916570501448086,0.003748930551343654,0.22336769759450176,0.0011897860106094835,97
mt5,5,spatial,7,0.42,0.3344642275309714,0.0008128925649339831,0.19286941580756015,0.005130036782382208,97
mt5,5,a_ratio,7,0.42,0.14285105514130744,0.1627593884201021,0.04166666666666668,0.5454246199804633,97
mt5,5,nqc,7,0.42,0.24735608492965988,0.014578670584825953,0.1911512027491409,0.005540236417616152,97
mt5,5,bertQPP,7,0.42,0.33922678605490764,0.0006761767788260398,0.24097938144329903,0.0004707284379041492,97
mt5,5,bertQPP(QV),7,0.42,0.2975127532215136,0.0030813987055424165,0.22766323024054988,0.0009543472910132449,97
mt5,5,spatial,7,0.44,0.33602491200349405,0.0007655361396578617,0.19458762886597944,0.004747484369155047,97
mt5,5,a_ratio,7,0.44,0.1437976821493848,0.15996245320102634,0.04209621993127149,0.541289833276998,97
mt5,5,nqc,7,0.44,0.25500762106577085,0.011708896745530904,0.19201030927835053,0.00533157487845821,97
mt5,5,bertQPP,7,0.44,0.34378604472031504,0.0005653360673383361,0.24484536082474234,0.00038088964117221485,97
mt5,5,bertQPP(QV),7,0.44,0.30325927904851985,0.002532066196500844,0.22336769759450176,0.0011897860106094835,97
mt5,5,spatial,7,0.46,0.3373159176103725,0.0007282825626704672,0.19587628865979384,0.004477722918252414,97
mt5,5,a_ratio,7,0.46,0.1448125252311117,0.157003857176858,0.04166666666666668,0.5454246199804633,97
mt5,5,nqc,7,0.46,0.2625208111701435,0.009383849785798766,0.19158075601374575,0.0054350017041903615,97
mt5,5,bertQPP,7,0.46,0.3481416505245235,0.00047525067439021206,0.24484536082474234,0.00038088964117221485,97
mt5,5,bertQPP(QV),7,0.46,0.3088535725675892,0.0020836347383646737,0.22422680412371138,0.0011387880187863695,97
mt5,5,spatial,7,0.48,0.3383344796345854,0.0007000684346489633,0.1971649484536083,0.004221925130091803,97
mt5,5,a_ratio,7,0.48,0.1459031867471436,0.15386994446108207,0.04166666666666668,0.5454246199804633,97
mt5,5,nqc,7,0.48,0.26983658478669614,0.007519781110961395,0.19329896907216498,0.0050318722795436996,97
mt5,5,bertQPP,7,0.48,0.3522503943825308,0.00040254307762044485,0.2444158075601375,0.0003900155261817713,97
mt5,5,bertQPP(QV),7,0.48,0.314249248233539,0.0017203694140172847,0.22723367697594504,0.000975784420613921,97
mt5,5,spatial,7,0.5,0.33907980579750174,0.0006800601689031256,0.19931271477663232,0.003824903963020039,97
mt5,5,a_ratio,7,0.5,0.14707843406830975,0.15054561631973634,0.04295532646048111,0.5330675016802799,97
mt5,5,nqc,7,0.5,0.2768932268294316,0.006039474223674454,0.19329896907216498,0.0050318722795436996,97
mt5,5,bertQPP,7,0.5,0.3560670458185631,0.00034431077638629636,0.24699312714776633,0.0003381788389163567,97
mt5,5,bertQPP(QV),7,0.5,0.31939721321582926,0.0014282471226439504,0.23238831615120278,0.0007456571945733053,97
mt5,5,spatial,7,0.52,0.339553065869513,0.0006676284808128426,0.20446735395189009,0.0030066996042901117,97
mt5,5,a_ratio,7,0.52,0.14834842973394075,0.1470141697386253,0.0425257731958763,0.5371707606067591,97
mt5,5,nqc,7,0.52,0.28362788194113375,0.004873847681948331,0.19329896907216498,0.0050318722795436996,97
mt5,5,bertQPP,7,0.52,0.3595451165037329,0.000298102575676571,0.2512886597938145,0.00026585493232954136,97
mt5,5,bertQPP(QV),7,0.52,0.3242465184414348,0.001195016472159798,0.23324742268041243,0.0007126038672884247,97
mt5,5,spatial,7,0.54,0.3397573426758461,0.0006623270219531074,0.209192439862543,0.002400428947085522,97
mt5,5,a_ratio,7,0.54,0.14972501786895054,0.14325712528209283,0.04209621993127149,0.541289833276998,97
mt5,5,nqc,7,0.54,0.28997833383049876,0.003962793219147544,0.19630584192439868,0.0043909374810577745,97
mt5,5,bertQPP,7,0.54,0.36263780990246225,0.00026188753922640374,0.2555841924398626,0.0002082313453780151,97
mt5,5,bertQPP(QV),7,0.54,0.32874543777914295,0.0010101798415794666,0.2366838487972509,0.0005935388745829456,97
mt5,5,spatial,7,0.56,0.3396975468036803,0.0006638748629057437,0.2100515463917526,0.0023030471051788694,97
mt5,5,a_ratio,7,0.56,0.15122208338820617,0.13925404901824348,0.043384879725085916,0.5289801545988201,97
mt5,5,nqc,7,0.56,0.29588498075547365,0.0032553315557202057,0.19630584192439868,0.0043909374810577745,97
mt5,5,bertQPP,7,0.56,0.36529914290944454,0.00023402031652069516,0.256872852233677,0.0001933769855221948,97
mt5,5,bertQPP(QV),7,0.56,0.3328427569881904,0.0008649131827272846,0.24012027491408938,0.0004932117335580638,97
mt5,5,spatial,7,0.58,0.3393802986233805,0.0006721424644708253,0.20661512027491413,0.0027156275780873427,97
mt5,5,a_ratio,7,0.58,0.1528560062246414,0.1349823774520095,0.04553264604810997,0.5087854171288679,97
mt5,5,nqc,7,0.58,0.3012928954342619,0.0027092263074421055,0.1984536082474227,0.003979453005162126,97
mt5,5,bertQPP,7,0.58,0.3674852087369491,0.00021320642549320736,0.2598797250859107,0.00016249811961052113,97
mt5,5,bertQPP(QV),7,0.58,0.33648923227954636,0.0007519416649398358,0.2414089347079038,0.0004598488311252096,97
mt5,5,spatial,7,0.6,0.3388137823090085,0.0006871407376787661,0.20790378006872856,0.0025535840012904936,97
mt5,5,a_ratio,7,0.6,0.1546462407991009,0.13041726113396485,0.04768041237113403,0.4890022573020564,97
mt5,5,nqc,7,0.6,0.3061538327737926,0.00229022217574623,0.20017182130584193,0.0036758280937195186,97
mt5,5,bertQPP,7,0.6,0.36915553260531164,0.00019847079467639296,0.26116838487972516,0.00015073942387955493,97
mt5,5,bertQPP(QV),7,0.6,0.33963915561980856,0.000665389536113127,0.23969072164948454,0.0005048251929224872,97
mt5,5,spatial,7,0.62,0.33800757732822284,0.0007090127717800181,0.20661512027491413,0.0027156275780873427,97
mt5,5,a_ratio,7,0.62,0.15661606223083058,0.12553145340590102,0.04725085910652922,0.4929254477765376,97
mt5,5,nqc,7,0.62,0.31042803744008096,0.001971070123666395,0.19931271477663232,0.003824903963020039,97
mt5,5,bertQPP,7,0.62,0.3702744550408374,0.00018913253718885308,0.2633161512027492,0.000132903765324325,97
mt5,5,bertQPP(QV),7,0.62,0.3422519432347397,0.0006006209859780164,0.24484536082474234,0.00038088964117221485,97
mt5,5,spatial,7,0.64,0.33697247334115094,0.0007380278006329974,0.2053264604810997,0.002887015591872923,97
mt5,5,a_ratio,7,0.64,0.15879353690691062,0.12029528800923076,0.04768041237113403,0.4890022573020564,97
mt5,5,nqc,7,0.64,0.3140857093564101,0.0017304777396826615,0.19931271477663232,0.003824903963020039,97
mt5,5,bertQPP,7,0.64,0.3708124642710845,0.00018478864064343215,0.26632302405498287,0.00011124963084926736,97
mt5,5,bertQPP(QV),7,0.64,0.3442936485941929,0.0005540859773775312,0.2452749140893471,0.0003719636432157586,97
mt5,5,spatial,7,0.66,0.3357202745994465,0.0007745769774666162,0.20360824742268044,0.003130893451622874,97
mt5,5,a_ratio,7,0.66,0.16121279831543678,0.11467681686340844,0.05111683848797252,0.4582309196968538,97
mt5,5,nqc,7,0.66,0.3171080097383592,0.001552087697084583,0.20060137457044677,0.0036032888355043277,97
mt5,5,bertQPP,7,0.66,0.3707473918675803,0.00018530908598813278,0.2719072164948454,7.957359852373424e-05,97
mt5,5,bertQPP(QV),7,0.66,0.34573829478294565,0.0005231816301711937,0.24828178694158082,0.0003147483455907583,97
mt5,5,spatial,7,0.68,0.3342635997913832,0.000819170533174001,0.20403780068728525,0.00306822352558543,97
mt5,5,a_ratio,7,0.68,0.16391574304604759,0.1086422233550812,0.05154639175257733,0.4544623656228458,97
mt5,5,nqc,7,0.68,0.31948753078539577,0.0014235502977761737,0.20317869415807563,0.0031947282487263706,97
mt5,5,bertQPP,7,0.68,0.37006538652677284,0.0001908458936909989,0.27491408934707906,6.626470924810731e-05,97
mt5,5,bertQPP(QV),7,0.68,0.34656892597909794,0.0005061363730809082,0.24742268041237117,0.00033019314561040996,97
mt5,5,spatial,7,0.7,0.33261568287636334,0.0008724359027211371,0.2018900343642612,0.0033934144348203364,97
mt5,5,a_ratio,7,0.7,0.1669543119806634,0.10215669669703338,0.054553264604811004,0.4285767645779882,97
mt5,5,nqc,7,0.7,0.32122820291973986,0.0013357238763708492,0.2053264604810997,0.002887015591872923,97
mt5,5,bertQPP,7,0.7,0.36876159084927873,0.00020185873282442196,0.27061855670103097,8.601885162206065e-05,97
mt5,5,bertQPP(QV),7,0.7,0.34677829456388976,0.0005019211061205091,0.24785223367697598,0.0003223841860548392,97
mt5,5,spatial,7,0.72,0.33079017984557807,0.0009351164176126995,0.20317869415807563,0.0031947282487263706,97
mt5,5,a_ratio,7,0.72,0.17039359613968313,0.09518606451717114,0.05584192439862544,0.41775090102760204,97
mt5,5,nqc,7,0.72,0.3223446666812132,0.0012820124298979546,0.20618556701030932,0.0027716955730928564,97
mt5,5,bertQPP,7,0.72,0.3668404649531912,0.00021915996222163106,0.26975945017182135,9.058641607986754e-05,97
mt5,5,bertQPP(QV),7,0.72,0.34636912793148344,0.0005101892121305399,0.24742268041237117,0.00033019314561040996,97
mt5,5,spatial,7,0.74,0.328800985594704,0.0010080701800802856,0.20274914089347082,0.003259747042536618,97
mt5,5,a_ratio,7,0.74,0.17431611759078794,0.08769965677706165,0.0584192439862543,0.3965888091618368,97
mt5,5,nqc,7,0.74,0.32286118391289104,0.0012578336924608227,0.20704467353951894,0.0026605976928076114,97
mt5,5,bertQPP,7,0.74,0.36431572699056314,0.00024398219234667652,0.26589347079037806,0.0001141250014345169,97
mt5,5,bertQPP(QV),7,0.74,0.34535395410342384,0.0005312454073683486,0.24656357388316158,0.0003463449485504128,97
mt5,5,spatial,7,0.76,0.32666206426037475,0.0010922687575910298,0.20747422680412375,0.0026065887949513057,97
mt5,5,a_ratio,7,0.76,0.17882780034427642,0.07967514666166492,0.0622852233676976,0.36608612957525455,97
mt5,5,nqc,7,0.76,0.32281019805439526,0.0012602018310051385,0.20747422680412375,0.0026065887949513057,97
mt5,5,bertQPP,7,0.76,0.36120991103620625,0.0002780714943690032,0.26159793814432997,0.00014700123564547276,97
mt5,5,bertQPP(QV),7,0.76,0.3437545030528537,0.0005660419895898799,0.24312714776632308,0.0004186340215940853,97
mt5,5,spatial,7,0.78,0.32438729551157053,0.0011887953653631044,0.20833333333333337,0.0025015666651811157,97
mt5,5,a_ratio,7,0.78,0.18406638469025083,0.07110652112262635,0.06658075601374572,0.3339631552636785,97
mt5,5,nqc,7,0.78,0.32223067234857117,0.0012874051713478002,0.20489690721649487,0.002946303078171719,97
mt5,5,bertQPP,7,0.78,0.357553573469696,0.00032380902120984653,0.25816151202749144,0.00017952274646223222,97
mt5,5,bertQPP(QV),7,0.78,0.34160073593454643,0.0006161998337011741,0.24097938144329903,0.0004707284379041492,97
mt5,5,spatial,7,0.8,0.32199033844920866,0.0012988422405565097,0.2096219931271478,0.002351276432455258,97
mt5,5,a_ratio,7,0.8,0.19021336273394399,0.06201689549863186,0.0738831615120275,0.2836625052763587,97
mt5,5,nqc,7,0.8,0.3211663369972815,0.001338759050382455,0.20317869415807563,0.0031947282487263706,97
mt5,5,bertQPP,7,0.8,0.35338420587325936,0.00038436279684995046,0.2564432989690722,0.00019821410424194529,97
mt5,5,bertQPP(QV),7,0.8,0.3389295824577875,0.0006840503165049385,0.24269759450171827,0.0004286013573495472,97
mt5,5,spatial,7,0.82,0.31948451399109734,0.0014237069550076984,0.21048109965635742,0.002255725464528707,97
mt5,5,a_ratio,7,0.82,0.19751087556740507,0.052478520536510045,0.07646048109965638,0.26720251399217865,97
mt5,5,nqc,7,0.82,0.3196639641082414,0.001414415555992927,0.20360824742268044,0.003130893451622874,97
mt5,5,bertQPP,7,0.82,0.34874493229880427,0.0004638695416430024,0.25601374570446744,0.000203164735220203,97
mt5,5,bertQPP(QV),7,0.82,0.3357834841487206,0.0007726931039498617,0.2379725085910653,0.0005538759115824682,97
mt5,5,spatial,7,0.84,0.3168827059330541,0.001564787463531197,0.2134879725085911,0.0019486331283160838,97
mt5,5,a_ratio,7,0.84,0.20628512218980083,0.042642591357111154,0.08075601374570447,0.24125289471425693,97
mt5,5,nqc,7,0.84,0.3177717669017651,0.0015152145267617074,0.20489690721649487,0.002946303078171719,97
mt5,5,bertQPP,7,0.84,0.34368307947143983,0.0005676434804825321,0.24699312714776633,0.0003381788389163567,97
mt5,5,bertQPP(QV),7,0.84,0.3322088469330259,0.0008860633872300864,0.23840206185567014,0.0005412133012575864,97
mt5,5,spatial,7,0.86,0.31419728029766936,0.0017235757410153992,0.21176975945017185,0.0021190549684448486,97
mt5,5,a_ratio,7,0.86,0.21697649718227735,0.032779851881875835,0.08762886597938145,0.2035174890452155,97
mt5,5,nqc,7,0.86,0.3155379920358161,0.0016425630960856914,0.20446735395189009,0.0030066996042901117,97
mt5,5,bertQPP,7,0.86,0.3382487096047717,0.0007024051396725385,0.24312714776632308,0.0004186340215940853,97
mt5,5,bertQPP(QV),7,0.86,0.32825450104695786,0.001029000803246143,0.23711340206185572,0.000580033168540485,97
mt5,5,spatial,7,0.88,0.3114400221173564,0.0019016499222548329,0.20704467353951894,0.0026605976928076114,97
mt5,5,a_ratio,7,0.88,0.23016949248465798,0.023325374831099456,0.09192439862542956,0.1822278457949571,97
mt5,5,nqc,7,0.88,0.3130097456289135,0.0017983339221005622,0.20575601374570449,0.0028288190417010725,97
mt5,5,bertQPP,7,0.88,0.33249319799178634,0.0008765184329521125,0.23582474226804126,0.000621432826309228,97
mt5,5,bertQPP(QV),7,0.88,0.3239702520641617,0.0012073111192159448,0.22508591065292102,0.0010898172708815595,97
mt5,5,spatial,7,0.9,0.30862208844739836,0.002100664921623204,0.2014604810996564,0.0034621026042757834,97
mt5,5,a_ratio,7,0.9,0.24658649391186133,0.014898549562807697,0.10137457044673541,0.14127503537333896,97
mt5,5,nqc,7,0.9,0.3102320681052778,0.0019847748671485486,0.202319587628866,0.003325969220576063,97
mt5,5,bertQPP,7,0.9,0.32646792349281945,0.001100219408876881,0.22293814432989695,0.0012160687743494618,97
mt5,5,bertQPP(QV),7,0.9,0.319405587018774,0.0014278110655377581,0.2173539518900344,0.0016102081655090619,97
mt5,5,spatial,7,0.92,0.30575397616086797,0.002322341572860368,0.202319587628866,0.003325969220576063,97
mt5,5,a_ratio,7,0.92,0.2669031180573417,0.008223871964503054,0.12113402061855671,0.07878300963914868,97
mt5,5,nqc,7,0.92,0.3072472524888493,0.0022044251970617097,0.2018900343642612,0.0033934144348203364,97
mt5,5,bertQPP,7,0.92,0.320223122123828,0.0013858156808565158,0.2177835051546392,0.0015761513468118154,97
mt5,5,bertQPP(QV),7,0.92,0.3146085775883,0.001698346735730315,0.2130584192439863,0.0019900166497547295,97
mt5,5,spatial,7,0.94,0.3028455029294026,0.0025684543898172475,0.19802405498281792,0.004058834798972484,97
mt5,5,a_ratio,7,0.94,0.2908817896043149,0.0038463787182245702,0.13058419243986258,0.05810246319620013,97
mt5,5,nqc,7,0.94,0.30409438607714473,0.0024600353260613157,0.19931271477663232,0.003824903963020039,97
mt5,5,bertQPP,7,0.94,0.31380693483178224,0.0017478327306183635,0.21176975945017185,0.0021190549684448486,97
mt5,5,bertQPP(QV),7,0.94,0.3096250010110551,0.002027776941474461,0.20618556701030932,0.0027716955730928564,97
mt5,5,spatial,7,0.96,0.29990579972821063,0.0028408181044129446,0.19759450171821308,0.0041396512632380965,97
mt5,5,a_ratio,7,0.96,0.31439066927621706,0.0017116713060189505,0.16323024054982818,0.017852894393926448,97
mt5,5,nqc,7,0.96,0.30080908637205084,0.0027544887228171245,0.1984536082474227,0.003979453005162126,97
mt5,5,bertQPP,7,0.96,0.30726466250083523,0.0022030828570292816,0.2018900343642612,0.0033934144348203364,97
mt5,5,bertQPP(QV),7,0.96,0.30449768098720564,0.002425914887103864,0.20317869415807563,0.0031947282487263706,97
mt5,5,spatial,7,0.98,0.29694331320554546,0.003141273186006858,0.1937285223367698,0.004935409194231109,97
mt5,5,a_ratio,7,0.98,0.32299451856453376,0.0012516598018160782,0.1984536082474227,0.003979453005162126,97
mt5,5,nqc,7,0.98,0.2974233979299157,0.0030907258142474146,0.19501718213058422,0.004655971971265852,97
mt5,5,bertQPP,7,0.98,0.300638225876485,0.002770635145023237,0.20060137457044677,0.0036032888355043277,97
mt5,5,bertQPP(QV),7,0.98,0.299266036464063,0.0029034244132643927,0.1984536082474227,0.003979453005162126,97
mt5,5,spatial,7,1.0,0.2939658163115564,0.0034716705849891353,0.19286941580756015,0.005130036782382208,97
mt5,5,a_ratio,7,1.0,0.2939658163115564,0.0034716705849891353,0.19286941580756015,0.005130036782382208,97
mt5,5,nqc,7,1.0,0.2939658163115564,0.0034716705849891353,0.19286941580756015,0.005130036782382208,97
mt5,5,bertQPP,7,1.0,0.2939658163115564,0.0034716705849891353,0.19286941580756015,0.005130036782382208,97
mt5,5,bertQPP(QV),7,1.0,0.2939658163115564,0.0034716705849891353,0.19286941580756015,0.005130036782382208,97
mt5,5,spatial,8,0.0,0.25885485632993066,0.010462125003978813,0.1512027491408935,0.028226597294347726,97
mt5,5,a_ratio,8,0.0,0.13160075259686294,0.1988233722254004,0.02448453608247423,0.7223661580007107,97
mt5,5,nqc,8,0.0,0.11061668139870946,0.28074872825135627,0.011168384879725088,0.8712539798728897,97
mt5,5,bertQPP,8,0.0,0.2419719081486737,0.01694714987227943,0.19759450171821308,0.0041396512632380965,97
mt5,5,bertQPP(QV),8,0.0,0.18689940218155726,0.06679202150029932,0.15335051546391754,0.026061836085581373,97
mt5,5,spatial,8,0.02,0.26310072245755745,0.009222534085042151,0.1554982817869416,0.02404211148041231,97
mt5,5,a_ratio,8,0.02,0.13191246957941524,0.19775243258960354,0.025343642611683852,0.7130485680719618,97
mt5,5,nqc,8,0.02,0.11528079638298999,0.2608353398168288,0.10652920962199315,0.12213859984356254,97
mt5,5,bertQPP,8,0.02,0.24581685868218972,0.015224515178360808,0.19888316151202753,0.0039014834427261624,97
mt5,5,bertQPP(QV),8,0.02,0.19099203847887314,0.06093621132452415,0.15807560137457047,0.021798803662876853,97
mt5,5,spatial,8,0.04,0.2673438551434537,0.008114513137211407,0.15807560137457047,0.021798803662876853,97
mt5,5,a_ratio,8,0.04,0.1322370098958621,0.1966418568338925,0.02448453608247423,0.7223661580007107,97
mt5,5,nqc,8,0.04,0.12012220708087135,0.24120553524945879,0.12414089347079041,0.07163599473940602,97
mt5,5,bertQPP,8,0.04,0.2497694159973574,0.013613904734125753,0.20017182130584193,0.0036758280937195186,97
mt5,5,bertQPP(QV),8,0.04,0.19521633498531993,0.05533801247021688,0.15721649484536085,0.02252544814571104,97
mt5,5,spatial,8,0.06,0.27157491033838366,0.007128132915729087,0.16194158075601378,0.018775672464210122,97
mt5,5,a_ratio,8,0.06,0.13257518007572064,0.19548942950751286,0.02491408934707904,0.7177021136751226,97
mt5,5,nqc,8,0.06,0.12514708423449739,0.22193999857932256,0.14561855670103094,0.03459309466060896,97
mt5,5,bertQPP,8,0.06,0.25383083615708235,0.012115301208568926,0.19974226804123715,0.0037496927052216027,97
mt5,5,bertQPP(QV),8,0.06,0.19957544416686532,0.05001059952555353,0.1589347079037801,0.021092644173514117,97
mt5,5,spatial,8,0.08,0.27578382129069734,0.006253554115700606,0.16237113402061856,0.018463547347092265,97
mt5,5,a_ratio,8,0.08,0.1329278556074611,0.1942927693657189,0.025773195876288665,0.708405677956768,97
mt5,5,nqc,8,0.08,0.130361345256315,0.20312276739431123,0.16151202749140894,0.01909240321886764,97
mt5,5,bertQPP,8,0.08,0.2580019217305023,0.010728029998446789,0.202319587628866,0.003325969220576063,97
mt5,5,bertQPP(QV),8,0.08,0.20407218065597416,0.044965751175886935,0.16022336769759454,0.02007078628569656,97
mt5,5,spatial,8,0.1,0.2799598146535364,0.005481135206266893,0.1666666666666667,0.01558372473088864,97
mt5,5,a_ratio,8,0.1,0.13329598845486004,0.1930493138576834,0.025343642611683852,0.7130485680719618,97
mt5,5,nqc,8,0.1,0.1357705239357314,0.18484005585376373,0.1658075601374571,0.016125841537736958,97
mt5,5,bertQPP,8,0.1,0.26228292293185146,0.009450737041435835,0.2053264604810997,0.002887015591872923,97
mt5,5,bertQPP(QV),8,0.1,0.20870892043169714,0.0402135684836838,0.16408934707903783,0.01726000960595295,97
mt5,5,spatial,8,0.12,0.2840914393978793,0.004801529923626058,0.1658075601374571,0.016125841537736958,97
mt5,5,a_ratio,8,0.12,0.13368061557626684,0.19175630188303308,0.027061855670103097,0.6945424903122657,97
mt5,5,nqc,8,0.12,0.14137961313696729,0.16717878275930134,0.16838487972508595,0.01454739544260673,97
mt5,5,bertQPP,8,0.12,0.26667342388192705,0.008281378127778653,0.20360824742268044,0.003130893451622874,97
mt5,5,bertQPP(QV),8,0.12,0.21348748233322196,0.035762196542633094,0.16451890034364264,0.016970096384742294,97
mt5,5,spatial,8,0.14,0.2881666099019895,0.004205772331936033,0.16881443298969073,0.014298004272030715,97
mt5,5,a_ratio,8,0.14,0.1340828686060902,0.19041075459512033,0.026632302405498288,0.6991524853070341,97
mt5,5,nqc,8,0.14,0.14719287667721065,0.15022480324811607,0.17053264604811,0.013337754848227265,97
mt5,5,bertQPP,8,0.14,0.27117221250376045,0.007217221460486525,0.20360824742268044,0.003130893451622874,97
mt5,5,bertQPP(QV),8,0.14,0.2184089897226137,0.03161755994404551,0.1658075601374571,0.016125841537736958,97
mt5,5,spatial,8,0.16,0.29217266439757117,0.0036853479196380674,0.17182130584192443,0.01265543298933369,97
mt5,5,a_ratio,8,0.16,0.13450398488733495,0.18900945399772823,0.026632302405498288,0.6991524853070341,97
mt5,5,nqc,8,0.16,0.15321362650599213,0.13406086238200354,0.1701030927835052,0.013572314777054699,97
mt5,5,bertQPP,8,0.16,0.27577713264339887,0.0062548649405663815,0.20747422680412375,0.0026065887949513057,97
mt5,5,bertQPP(QV),8,0.16,0.2234737100952615,0.027783124096281038,0.17139175257731962,0.012879359856548544,97
mt5,5,spatial,8,0.18,0.29609643967557764,0.0032322498128119844,0.17268041237113405,0.01221789425088413,97
mt5,5,a_ratio,8,0.18,0.13494532007981694,0.18754891904582838,0.027491408934707907,0.6899437658549277,97
mt5,5,nqc,8,0.18,0.15944396145267917,0.11876431400298401,0.16623711340206188,0.015852745291372216,97
mt5,5,bertQPP,8,0.18,0.28048491719005,0.005390269238367826,0.20747422680412375,0.0026065887949513057,97
mt5,5,bertQPP(QV),8,0.18,0.2286808705311022,0.024259695651040223,0.17482817869415812,0.011182156616858724,97
mt5,5,spatial,8,0.2,0.2999243625851451,0.0028390198170648415,0.17225085910652924,0.012434959394241826,97
mt5,5,a_ratio,8,0.2,0.13540836261228517,0.1860253789196586,0.028780068728522342,0.6762167162300601,97
mt5,5,nqc,8,0.2,0.16588446426918,0.1044046779527372,0.1658075601374571,0.016125841537736958,97
mt5,5,bertQPP,8,0.2,0.2852910012942586,0.004618807151102089,0.2096219931271478,0.002351276432455258,97
mt5,5,bertQPP(QV),8,0.2,0.2340284471342262,0.02104527588212828,0.1782646048109966,0.009686599012848096,97
mt5,5,spatial,8,0.22,0.3036425583975073,0.002498774605027895,0.17268041237113405,0.01221789425088413,97
mt5,5,a_ratio,8,0.22,0.1358947503000076,0.18443474309398478,0.029639175257731964,0.6671244311500414,97
mt5,5,nqc,8,0.22,0.17253385459480042,0.09104114127804036,0.17053264604811,0.013337754848227265,97
mt5,5,bertQPP,8,0.22,0.2901893152930424,0.003935329048924667,0.21262886597938147,0.002032205430312129,97
mt5,5,bertQPP(QV),8,0.22,0.23951292708343233,0.01813498058640351,0.18041237113402064,0.008845012615594157,97
mt5,5,spatial,8,0.24,0.307236975559266,0.0022052179111010962,0.17310996563573885,0.01200419316896961,97
mt5,5,a_ratio,8,0.24,0.13640628951489467,0.18277256777035586,0.0313573883161512,0.6490868603039283,97
mt5,5,nqc,8,0.24,0.17938859696045673,0.07872014124023366,0.16881443298969073,0.014298004272030715,97
mt5,5,bertQPP,8,0.24,0.29517205769934246,0.0033342434030007393,0.21477663230240554,0.0018291772025326055,97
mt5,5,bertQPP(QV),8,0.24,0.2451290426848745,0.015521038701231877,0.186426116838488,0.006825229731210832,97
mt5,5,spatial,8,0.26,0.3106935257394587,0.001952640048679244,0.17439862542955328,0.011382836808156348,97
mt5,5,a_ratio,8,0.26,0.13694497737611122,0.18103401817863568,0.032646048109965645,0.6356917335694203,97
mt5,5,nqc,8,0.26,0.18644246520136765,0.06747319532859122,0.1670962199312715,0.015318729327102553,97
mt5,5,bertQPP,8,0.26,0.3002294496583282,0.0028096105124124885,0.21477663230240554,0.0018291772025326055,97
mt5,5,bertQPP(QV),8,0.26,0.2508694779653003,0.013192879180660307,0.18943298969072167,0.005979808014005902,97
mt5,5,spatial,8,0.28,0.3139982374040461,0.001735906406969775,0.1782646048109966,0.009686599012848096,97
mt5,5,a_ratio,8,0.28,0.13751302752945183,0.17921382618457332,0.032216494845360835,0.6401438286436847,97
mt5,5,nqc,8,0.28,0.1936860678408899,0.05731516043837436,0.16881443298969073,0.014298004272030715,97
mt5,5,bertQPP,8,0.28,0.3053494736767485,0.002355246664817599,0.2169243986254296,0.001644941169576058,97
mt5,5,bertQPP(QV),8,0.28,0.2567245499644329,0.011137311669716045,0.19501718213058422,0.004655971971265852,97
mt5,5,spatial,8,0.3,0.31713742045895865,0.0015504368044511876,0.1786941580756014,0.00951278395726825,97
mt5,5,a_ratio,8,0.3,0.13811290020884331,0.17730624256217198,0.032646048109965645,0.6356917335694203,97
mt5,5,nqc,8,0.3,0.20110634330947716,0.0482431038353115,0.17353951890034366,0.011793812186781842,97
mt5,5,bertQPP,8,0.3,0.3105176012528702,0.0019648351563282002,0.21907216494845363,0.0014779202366871586,97
mt5,5,bertQPP(QV),8,0.3,0.2626818690735123,0.009338801242919163,0.19888316151202753,0.0039014834427261624,97
mt5,5,spatial,8,0.32,0.32009783882525433,0.0013921776743661162,0.18170103092783507,0.008372001763204117,97
mt5,5,a_ratio,8,0.32,0.13874733743014553,0.17530498320322996,0.032646048109965645,0.6356917335694203,97
mt5,5,nqc,8,0.32,0.20868603938765995,0.04023594706437476,0.17482817869415812,0.011182156616858724,97
mt5,5,bertQPP,8,0.32,0.3157165163211779,0.0016320399464592483,0.22207903780068733,0.0012702502748310276,97
mt5,5,bertQPP(QV),8,0.32,0.2687259856094314,0.007779831206056548,0.20274914089347082,0.003259747042536618,97
mt5,5,spatial,8,0.34,0.32286688718882217,0.0012575690441688281,0.18127147766323026,0.008527096049992753,97
mt5,5,a_ratio,8,0.34,0.1394194043650956,0.17320316844228664,0.032646048109965645,0.6356917335694203,97
mt5,5,nqc,8,0.34,0.21640319802223607,0.03325499733133744,0.17568728522336774,0.01079019991112942,97
mt5,5,bertQPP,8,0.34,0.32092584420042003,0.0013506173210042968,0.22465635738831619,0.0011140538745299275,97
mt5,5,bertQPP(QV),8,0.34,0.27483803336660917,0.006441341193357537,0.20446735395189009,0.0030066996042901117,97
mt5,5,spatial,8,0.36,0.32543276764705364,0.0011435081626738907,0.18170103092783507,0.008372001763204117,97
mt5,5,a_ratio,8,0.36,0.1401325381939102,0.17099325457534292,0.033075601374570454,0.6312527656924587,97
mt5,5,nqc,8,0.36,0.22423067449691497,0.027245409700163026,0.18084192439862545,0.008684754281086702,97
mt5,5,bertQPP,8,0.36,0.3261218989745914,0.0011145208529676571,0.22594501718213064,0.0010428004886634003,97
mt5,5,bertQPP(QV),8,0.36,0.28099538515179034,0.005303221219748692,0.20618556701030932,0.0027716955730928564,97
mt5,5,spatial,8,0.38,0.3277846615993738,0.0010473114476304572,0.18341924398625434,0.007776554495134835,97
mt5,5,a_ratio,8,0.38,0.14089060605489268,0.16866695654904457,0.03393470790378007,0.6224147431170471,97
mt5,5,nqc,8,0.38,0.2321357284184777,0.02213853348561707,0.17912371134020622,0.009341755733078497,97
mt5,5,bertQPP,8,0.38,0.3312774658556139,0.0009179952358205973,0.2255154639175258,0.0010660691222714972,97
mt5,5,bertQPP(QV),8,0.38,0.287171340188238,0.0043448367994517595,0.21219931271477666,0.0020752134680172376,97
mt5,5,spatial,8,0.4,0.32991289203628515,0.0009666761963630939,0.18857388316151205,0.006211170636578692,97
mt5,5,a_ratio,8,0.4,0.1416979741201459,0.16621516070069003,0.03436426116838488,0.6180159506334773,97
mt5,5,nqc,8,0.4,0.24007973233629,0.017854998772426148,0.1786941580756014,0.00951278395726825,97
mt5,5,bertQPP,8,0.4,0.3363616388905592,0.0007556552216073584,0.23625429553264607,0.0006073368350083252,97
mt5,5,bertQPP(QV),8,0.4,0.2933348685479119,0.0035455565666486204,0.2100515463917526,0.0023030471051788694,97
mt5,5,spatial,8,0.42,0.3318090714024542,0.0008996432461554759,0.18857388316151205,0.006211170636578692,97
mt5,5,a_ratio,8,0.42,0.14255959035759497,0.16362782635087406,0.03436426116838488,0.6180159506334773,97
mt5,5,nqc,8,0.42,0.2480180508642051,0.014308309686805578,0.17697594501718217,0.010225152665271457,97
mt5,5,bertQPP,8,0.42,0.34133973807881074,0.000622546889004624,0.23840206185567014,0.0005412133012575864,97
mt5,5,bertQPP(QV),8,0.42,0.2994504430247533,0.002885252743836685,0.21391752577319592,0.001908041073171658,97
mt5,5,spatial,8,0.44,0.33346623046029666,0.0008445615097657154,0.18470790378006877,0.007355176256510775,97
mt5,5,a_ratio,8,0.44,0.14348108423120587,0.16089387501018157,0.03694158075601375,0.5919142896074897,97
mt5,5,nqc,8,0.44,0.255900147317435,0.01140864693234531,0.18084192439862545,0.008684754281086702,97
mt5,5,bertQPP,8,0.44,0.3461733331026432,0.0005141897062892557,0.23625429553264607,0.0006073368350083252,97
mt5,5,bertQPP(QV),8,0.44,0.3054779934704526,0.0023447467092972416,0.21520618556701035,0.0017908788065225548,97
mt5,5,spatial,8,0.46,0.33487892406311304,0.0008000550614136397,0.1898625429553265,0.005867063974983271,97
mt5,5,a_ratio,8,0.46,0.14446888749888115,0.15800106599261135,0.03823024054982819,0.5790561270652871,97
mt5,5,nqc,8,0.46,0.2636699741854744,0.009066557452912141,0.17998281786941583,0.009007907605249525,97
mt5,5,bertQPP,8,0.46,0.350820402839392,0.0004265992160111393,0.2405498281786942,0.0004818477915141724,97
mt5,5,bertQPP(QV),8,0.46,0.3113730217094965,0.0019061767907715332,0.21907216494845363,0.0014779202366871586,97
mt5,5,spatial,8,0.48,0.33604331044534014,0.000764993221725114,0.1898625429553265,0.005867063974983271,97
mt5,5,a_ratio,8,0.48,0.14553038146791886,0.15493585738492074,0.036512027491408944,0.5962292897960457,97
mt5,5,nqc,8,0.48,0.2712666962237432,0.007196231065681148,0.18213058419243988,0.008219435652041644,97
mt5,5,bertQPP,8,0.48,0.35523565986688455,0.0003562915063320851,0.24183848797250862,0.0004492042155364218,97
mt5,5,bertQPP(QV),8,0.48,0.3170869156527157,0.0015532727382902337,0.22207903780068733,0.0012702502748310276,97
mt5,5,spatial,8,0.5,0.33695720151962083,0.0007384638937652016,0.19072164948453613,0.005647306460207743,97
mt5,5,a_ratio,8,0.5,0.1466740776688887,0.15168325168876576,0.03694158075601375,0.5919142896074897,97
mt5,5,nqc,8,0.5,0.27862577887684525,0.005718129693611933,0.1829896907216495,0.007921746820669876,97
mt5,5,bertQPP,8,0.5,0.35937106646619493,0.00030027180627745513,0.2405498281786942,0.0004818477915141724,97
mt5,5,bertQPP(QV),8,0.5,0.3225674979336707,0.001271530144428315,0.2203608247422681,0.0013853583021557498,97
mt5,5,spatial,8,0.52,0.33762008268868665,0.0007197502396121121,0.18771477663230243,0.006450561996249079,97
mt5,5,a_ratio,8,0.52,0.14790984106278512,0.14822662616766133,0.03908934707903781,0.5705575497769013,97
mt5,5,nqc,8,0.52,0.28568044934928793,0.004560831541716324,0.18341924398625434,0.007776554495134835,97
mt5,5,bertQPP,8,0.52,0.3631765623643033,0.0002560104347494714,0.23969072164948454,0.0005048251929224872,97
mt5,5,bertQPP(QV),8,0.52,0.32775983614572646,0.0010482871499885857,0.21950171821305847,0.0014464512863097319,97
mt5,5,spatial,8,0.54,0.338033101776122,0.0007083106577265967,0.19072164948453613,0.005647306460207743,97
mt5,5,a_ratio,8,0.54,0.14924916782127437,0.14454754921065932,0.040378006872852236,0.5579222431626273,97
mt5,5,nqc,8,0.54,0.29236350362297986,0.0036620604539664243,0.18513745704467358,0.007219338175415614,97
mt5,5,bertQPP,8,0.54,0.36660101403444845,0.00022140988083346058,0.23969072164948454,0.0005048251929224872,97
mt5,5,bertQPP(QV),8,0.54,0.33260732772008217,0.0008727138352140413,0.22250859106529214,0.001242886914966472,97
mt5,5,spatial,8,0.56,0.33819902778910127,0.0007037619230365971,0.19286941580756015,0.005130036782382208,97
mt5,5,a_ratio,8,0.56,0.15070553373034865,0.14062558621428028,0.04424398625429554,0.52085358029868,97
mt5,5,nqc,8,0.56,0.2986093927885427,0.002968968630319775,0.1868556701030928,0.006698222213035896,97
mt5,5,bertQPP,8,0.56,0.3695933805809333,0.00019476698948253906,0.24097938144329903,0.0004707284379041492,97
mt5,5,bertQPP(QV),8,0.56,0.3370530524655535,0.0007357307254559994,0.22250859106529214,0.001242886914966472,97
mt5,5,spatial,8,0.58,0.33812218128295124,0.0007058652800661017,0.19286941580756015,0.005130036782382208,97
mt5,5,a_ratio,8,0.58,0.15229483482272518,0.13643810213444368,0.043384879725085916,0.5289801545988201,97
mt5,5,nqc,8,0.58,0.3043564810447537,0.002437812196704124,0.18857388316151205,0.006211170636578692,97
mt5,5,bertQPP,8,0.58,0.37210407251049854,0.00017473412317657166,0.2452749140893471,0.0003719636432157586,97
mt5,5,bertQPP(QV),8,0.58,0.34104136059086354,0.0006298762498942686,0.22379725085910657,0.0011640289366746655,97
mt5,5,spatial,8,0.6,0.3378083390417048,0.0007145152297860503,0.19286941580756015,0.005130036782382208,97
mt5,5,a_ratio,8,0.6,0.15403594962073336,0.13196007385142824,0.0425257731958763,0.5371707606067591,97
mt5,5,nqc,8,0.6,0.30954933215665326,0.0020331955543443207,0.1898625429553265,0.005867063974983271,97
mt5,5,bertQPP,8,0.6,0.37408645829052,0.00016028286194406057,0.24828178694158082,0.0003147483455907583,97
mt5,5,bertQPP(QV),8,0.6,0.3445196356955181,0.0005491437207798876,0.22594501718213064,0.0010428004886634003,97
mt5,5,spatial,8,0.62,0.3372646165706355,0.0007297307183318151,0.1941580756013746,0.0048406217198878375,97
mt5,5,a_ratio,8,0.62,0.15595146337801322,0.12716393523688962,0.046391752577319596,0.5008221569685896,97
mt5,5,nqc,8,0.62,0.31414085817158366,0.0017270630054074534,0.1898625429553265,0.005867063974983271,97
mt5,5,bertQPP,8,0.62,0.3754984516679005,0.0001506734102373915,0.2530068728522337,0.00024121095691616908,97
mt5,5,bertQPP(QV),8,0.62,0.3474401440723236,0.0004888068584147549,0.22766323024054988,0.0009543472910132449,97
mt5,5,spatial,8,0.64,0.33649933248009356,0.0007516484159445154,0.19329896907216498,0.0050318722795436996,97
mt5,5,a_ratio,8,0.64,0.15806861046438747,0.12201949358889785,0.04596219931271478,0.5047955105031363,97
mt5,5,nqc,8,0.64,0.31809415986948997,0.001497592976753911,0.1898625429553265,0.005867063974983271,97
mt5,5,bertQPP,8,0.64,0.376304093200543,0.00014543251950061554,0.25816151202749144,0.00017952274646223222,97
mt5,5,bertQPP(QV),8,0.64,0.34976185802590043,0.0004452497921795679,0.2285223367697595,0.0009127757207962206,97
mt5,5,spatial,8,0.66,0.33552185920471506,0.0007805177638388578,0.19329896907216498,0.0050318722795436996,97
mt5,5,a_ratio,8,0.66,0.16042051385383557,0.11649398158345171,0.04768041237113403,0.4890022573020564,97
mt5,5,nqc,8,0.66,0.3213839060958108,0.0013281126260347752,0.19072164948453613,0.005647306460207743,97
mt5,5,bertQPP,8,0.66,0.3764750256796232,0.00014434251034632146,0.25343642611683853,0.00023539388087640415,97
mt5,5,bertQPP(QV),8,0.66,0.35145212640600354,0.0004158136364601173,0.22766323024054988,0.0009543472910132449,97
mt5,5,spatial,8,0.68,0.3343424646448596,0.0008166974624611188,0.1890034364261169,0.006094500520977148,97
mt5,5,a_ratio,8,0.68,0.16304783409107879,0.11055235001256113,0.05154639175257733,0.4544623656228458,97
mt5,5,nqc,8,0.68,0.3239971380601553,0.0012061095848311092,0.1890034364261169,0.006094500520977148,97
mt5,5,bertQPP,8,0.68,0.3759917582646817,0.00014744395360136883,0.2517182130584193,0.00025948171452482385,97
mt5,5,bertQPP(QV),8,0.68,0.3524880641545756,0.00039866789309389827,0.22336769759450176,0.0011897860106094835,97
mt5,5,spatial,8,0.7,0.3329721492496966,0.0008606530749805128,0.1868556701030928,0.006698222213035896,97
mt5,5,a_ratio,8,0.7,0.16600098958018653,0.10415797288733007,0.054123711340206195,0.432221333716273,97
mt5,5,nqc,8,0.7,0.3259334397830101,0.001122380958529496,0.19072164948453613,0.005647306460207743,97
mt5,5,bertQPP,8,0.7,0.3748446204879973,0.00015505476478741337,0.2517182130584193,0.00025948171452482385,97
mt5,5,bertQPP(QV),8,0.7,0.3528575466255252,0.00039271156793455324,0.22465635738831619,0.0011140538745299275,97
mt5,5,spatial,8,0.72,0.33142248280833175,0.0009129554238956473,0.1902920962199313,0.005756239608165468,97
mt5,5,a_ratio,8,0.72,0.1693431839451186,0.09727404317633782,0.053694158075601385,0.43588378893929247,97
mt5,5,nqc,8,0.72,0.32720447858457946,0.0010703315805751618,0.19072164948453613,0.005647306460207743,97
mt5,5,bertQPP,8,0.72,0.37303432550955673,0.0001678088472176045,0.25429553264604815,0.00022415245533308512,97
mt5,5,bertQPP(QV),8,0.72,0.35255972345536846,0.00039750624151748684,0.22895189003436428,0.0008926252002239728,97
mt5,5,spatial,8,0.74,0.329705444810504,0.0009742794660763472,0.19673539518900346,0.004305679427335466,97
mt5,5,a_ratio,8,0.74,0.17315458728925112,0.08986610812861934,0.054123711340206195,0.432221333716273,97
mt5,5,nqc,8,0.74,0.32783297976623715,0.0010454147933627322,0.19243986254295536,0.005229928831102741,97
mt5,5,bertQPP,8,0.74,0.37057209082502957,0.00018671788739566656,0.24699312714776633,0.0003381788389163567,97
mt5,5,bertQPP(QV),8,0.74,0.3516050076868996,0.00041324139634920233,0.22766323024054988,0.0009543472910132449,97
mt5,5,spatial,8,0.76,0.3278332717210478,0.0010454033426437498,0.19931271477663232,0.003824903963020039,97
mt5,5,a_ratio,8,0.76,0.17753818502914395,0.08190646256474754,0.05584192439862544,0.41775090102760204,97
mt5,5,nqc,8,0.76,0.32785124821289,0.0010446985091130583,0.19158075601374575,0.0054350017041903615,97
mt5,5,bertQPP,8,0.76,0.36747930076956103,0.0002132602942959601,0.24183848797250862,0.0004492042155364218,97
mt5,5,bertQPP(QV),8,0.76,0.3500145430930933,0.000440730899536938,0.2255154639175258,0.0010660691222714972,97
mt5,5,spatial,8,0.78,0.32581831392347593,0.0011272073153628334,0.20060137457044677,0.0036032888355043277,97
mt5,5,a_ratio,8,0.78,0.18262805509120789,0.07338153195345372,0.0622852233676976,0.36608612957525455,97
mt5,5,nqc,8,0.78,0.3272993801995331,0.0010665349031776746,0.19201030927835053,0.00533157487845821,97
mt5,5,bertQPP,8,0.78,0.3637867338665672,0.0002495013378526126,0.23625429553264607,0.0006073368350083252,97
mt5,5,bertQPP(QV),8,0.78,0.3478191992986297,0.00048143840732640865,0.22293814432989695,0.0012160687743494618,97
mt5,5,spatial,8,0.8,0.3236729044669696,0.0012206723213225967,0.19931271477663232,0.003824903963020039,97
mt5,5,a_ratio,8,0.8,0.18860118414740668,0.0643039740345015,0.06013745704467355,0.3828471200330016,97
mt5,5,nqc,8,0.8,0.32622331885563416,0.0011103116726889522,0.19243986254295536,0.005229928831102741,97
mt5,5,bertQPP,8,0.8,0.3595334140199934,0.0002982479726432797,0.2298109965635739,0.0008535554716530555,97
mt5,5,bertQPP(QV),8,0.8,0.34505818358648876,0.0005375283317071593,0.2255154639175258,0.0010660691222714972,97
mt5,5,spatial,8,0.82,0.3214092411330174,0.0013268779031385648,0.19458762886597944,0.004747484369155047,97
mt5,5,a_ratio,8,0.82,0.19569436777409346,0.05473197287985381,0.0584192439862543,0.3965888091618368,97
mt5,5,nqc,8,0.82,0.32467289809936595,0.0011762646196479647,0.19201030927835053,0.00533157487845821,97
mt5,5,bertQPP,8,0.82,0.354765172921584,0.0003632402913537176,0.22723367697594504,0.000975784420613921,97
mt5,5,bertQPP(QV),8,0.82,0.34177738502584587,0.0006119376881034169,0.22895189003436428,0.0008926252002239728,97
mt5,5,spatial,8,0.84,0.319039282751882,0.0014469993030110683,0.19286941580756015,0.005130036782382208,97
mt5,5,a_ratio,8,0.84,0.2042280462914583,0.044798754539694695,0.06915807560137457,0.3155898965616176,97
mt5,5,nqc,8,0.84,0.3226999969015788,0.0012653341853922648,0.19243986254295536,0.005229928831102741,97
mt5,5,bertQPP,8,0.84,0.3495330284708675,0.0004493787414480793,0.22293814432989695,0.0012160687743494618,97
mt5,5,bertQPP(QV),8,0.84,0.3380275781389623,0.0007084625453176655,0.22293814432989695,0.0012160687743494618,97
mt5,5,spatial,8,0.86,0.3165746601672817,0.0015823035456046727,0.19329896907216498,0.0050318722795436996,97
mt5,5,a_ratio,8,0.86,0.21463814354806782,0.03475442378843253,0.07989690721649485,0.24629548858904848,97
mt5,5,nqc,8,0.86,0.3203568944113628,0.001379051744028888,0.1902920962199313,0.005756239608165468,97
mt5,5,bertQPP,8,0.86,0.34389148912536727,0.0005629820080793153,0.21950171821305847,0.0014464512863097319,97
mt5,5,bertQPP(QV),8,0.86,0.33386260993679406,0.0008318509931294939,0.21907216494845363,0.0014779202366871586,97
mt5,5,spatial,8,0.88,0.3140266017851943,0.0017341443763417893,0.19201030927835053,0.00533157487845821,97
mt5,5,a_ratio,8,0.88,0.2275113461173739,0.02501595843402741,0.08462199312714778,0.2194617374170329,97
mt5,5,nqc,8,0.88,0.3176948826659328,0.001519444571001773,0.1911512027491409,0.005540236417616152,97
mt5,5,bertQPP,8,0.88,0.33789688762413184,0.0007120649396122582,0.21821305841924402,0.0015427588468996702,97
mt5,5,bertQPP(QV),8,0.88,0.32933767839288036,0.0009878927530235166,0.21262886597938147,0.002032205430312129,97
mt5,5,spatial,8,0.9,0.3114058732578935,0.0019039559673428381,0.18728522336769762,0.006573343269072617,97
mt5,5,a_ratio,8,0.9,0.24359476729950863,0.016200552225999268,0.09536082474226806,0.16642177733641728,97
mt5,5,nqc,8,0.9,0.3147631620963467,0.0016889512644433081,0.1868556701030928,0.006698222213035896,97
mt5,5,bertQPP,8,0.9,0.33160583184137415,0.0009066195664330519,0.21219931271477666,0.0020752134680172376,97
mt5,5,bertQPP(QV),8,0.9,0.32450778639125966,0.001183494130703318,0.20661512027491413,0.0027156275780873427,97
mt5,5,spatial,8,0.92,0.3087227305498196,0.002093245351509911,0.18256013745704472,0.00806936233603351,97
mt5,5,a_ratio,8,0.92,0.2636563291588269,0.009070268946365352,0.10352233676975947,0.1330387570764664,97
mt5,5,nqc,8,0.92,0.3116080189601822,0.0018903419424484342,0.1890034364261169,0.006094500520977148,97
mt5,5,bertQPP,8,0.92,0.32507383898693487,0.0011588760375867112,0.20403780068728525,0.00306822352558543,97
mt5,5,bertQPP(QV),8,0.92,0.31942642742627064,0.001426726347173261,0.19888316151202753,0.0039014834427261624,97
mt5,5,spatial,8,0.94,0.30598688540545416,0.0023035835944564503,0.17955326460481102,0.009173476196585428,97
mt5,5,a_ratio,8,0.94,0.2877343779343821,0.004265670506048671,0.11469072164948456,0.0960541193445157,97
mt5,5,nqc,8,0.94,0.30827226463787105,0.002126639741374024,0.18556701030927839,0.00708575590459897,97
mt5,5,bertQPP,8,0.94,0.3183541955447007,0.0014835153805318048,0.1971649484536083,0.004221925130091803,97
mt5,5,bertQPP(QV),8,0.94,0.31414453194238773,0.001726835747643871,0.1937285223367698,0.004935409194231109,97
mt5,5,spatial,8,0.96,0.30320748208532244,0.002536595762255306,0.1778350515463918,0.009863239446727635,97
mt5,5,a_ratio,8,0.96,0.31234950412916496,0.0018411546746088464,0.14089347079037803,0.040901875311072,97
mt5,5,nqc,8,0.96,0.3047949045016032,0.0024010419814333548,0.18470790378006877,0.007355176256510775,97
mt5,5,bertQPP,8,0.96,0.31149706236473623,0.0018978036689818773,0.19072164948453613,0.005647306460207743,97
mt5,5,bertQPP(QV),8,0.96,0.3087096792299886,0.002094206188606563,0.186426116838488,0.006825229731210832,97
mt5,5,spatial,8,0.98,0.3003930841464397,0.002793949788406767,0.17611683848797252,0.010598840128977079,97
mt5,5,a_ratio,8,0.98,0.3237558005894489,0.0012169339692596763,0.17310996563573885,0.01200419316896961,97
mt5,5,nqc,8,0.98,0.30121099796254885,0.0027168408312431462,0.18341924398625434,0.007776554495134835,97
mt5,5,bertQPP,8,0.98,0.30454882449846565,0.0024216185238141266,0.18427835051546396,0.0074933028749945285,97
mt5,5,bertQPP(QV),8,0.98,0.3031655610252966,0.0025402670334685917,0.18127147766323026,0.008527096049992753,97
mt5,5,spatial,8,1.0,0.2975516700085303,0.003077344384207299,0.17611683848797252,0.010598840128977079,97
mt5,5,a_ratio,8,1.0,0.2975516700085303,0.003077344384207299,0.17611683848797252,0.010598840128977079,97
mt5,5,nqc,8,1.0,0.2975516700085303,0.003077344384207299,0.17611683848797252,0.010598840128977079,97
mt5,5,bertQPP,8,1.0,0.2975516700085303,0.003077344384207299,0.17611683848797252,0.010598840128977079,97
mt5,5,bertQPP(QV),8,1.0,0.2975516700085303,0.003077344384207299,0.17611683848797252,0.010598840128977079,97
mt5,5,spatial,9,0.0,0.25885485632993066,0.010462125003978813,0.1512027491408935,0.028226597294347726,97
mt5,5,a_ratio,9,0.0,0.13160075259686294,0.1988233722254004,0.02448453608247423,0.7223661580007107,97
mt5,5,nqc,9,0.0,0.11061668139870946,0.28074872825135627,0.011168384879725088,0.8712539798728897,97
mt5,5,bertQPP,9,0.0,0.2419719081486737,0.01694714987227943,0.19759450171821308,0.0041396512632380965,97
mt5,5,bertQPP(QV),9,0.0,0.18689940218155726,0.06679202150029932,0.15335051546391754,0.026061836085581373,97
mt5,5,spatial,9,0.02,0.2630689067574193,0.00923132079770128,0.15721649484536085,0.02252544814571104,97
mt5,5,a_ratio,9,0.02,0.13191630742300248,0.19773927317069312,0.02448453608247423,0.7223661580007107,97
mt5,5,nqc,9,0.02,0.11544529453349817,0.26015103149728025,0.11469072164948456,0.0960541193445157,97
mt5,5,bertQPP,9,0.02,0.24582158183474384,0.015222496074655787,0.19931271477663232,0.003824903963020039,97
mt5,5,bertQPP(QV),9,0.02,0.19100326395164563,0.060920745053523795,0.15592783505154642,0.023654871935139845,97
mt5,5,spatial,9,0.04,0.2672852371020169,0.008128983614089614,0.15936426116838492,0.0207470988785446,97
mt5,5,a_ratio,9,0.04,0.13224485770613492,0.19661505743570515,0.025343642611683852,0.7130485680719618,97
mt5,5,nqc,9,0.04,0.12047109430700398,0.2398316014561347,0.14003436426116841,0.04214791401843269,97
mt5,5,bertQPP,9,0.04,0.2497806615796459,0.013609542318737098,0.19888316151202753,0.0039014834427261624,97
mt5,5,bertQPP(QV),9,0.04,0.1952401343502063,0.055307710517691185,0.1597938144329897,0.02040649882574069,97
mt5,5,spatial,9,0.06,0.27149558901729487,0.007145603884781491,0.16108247422680416,0.01941379508307944,97
mt5,5,a_ratio,9,0.06,0.1325872218082733,0.19544848333611675,0.02491408934707904,0.7177021136751226,97
mt5,5,nqc,9,0.06,0.12570243017037813,0.21987933410817484,0.16408934707903783,0.01726000960595295,97
mt5,5,bertQPP,9,0.06,0.253850794390068,0.01210830734615417,0.20017182130584193,0.0036758280937195186,97
mt5,5,bertQPP(QV),9,0.06,0.19961349599876954,0.04996602820676755,0.16065292096219932,0.019739903980340746,97
mt5,5,spatial,9,0.08,0.27569105967952756,0.006271755043982627,0.1628006872852234,0.018155972846842318,97
mt5,5,a_ratio,9,0.08,0.13294428815863454,0.19423714150671154,0.025343642611683852,0.7130485680719618,97
mt5,5,nqc,9,0.08,0.13114760404141765,0.20038764764924533,0.17955326460481102,0.009173476196585428,97
mt5,5,bertQPP,9,0.08,0.25803323788404336,0.010718163510839025,0.20403780068728525,0.00306822352558543,97
mt5,5,bertQPP(QV),9,0.08,0.20412655530994878,0.044907434829885226,0.16408934707903783,0.01726000960595295,97
mt5,5,spatial,9,0.1,0.2798621108694507,0.005498191613611164,0.16494845360824745,0.01668446543769203,97
mt5,5,a_ratio,9,0.1,0.13331702290258576,0.19297843922408578,0.026202749140893475,0.7037735989090746,97
mt5,5,nqc,9,0.1,0.13681474705557659,0.18145320914584237,0.18857388316151205,0.006211170636578692,97
mt5,5,bertQPP,9,0.1,0.2623287702392597,0.009437813654469504,0.20661512027491413,0.0027156275780873427,97
mt5,5,bertQPP(QV),9,0.1,0.20878215132508993,0.040142015542484415,0.16494845360824745,0.01668446543769203,97
mt5,5,spatial,9,0.12,0.2839985880619522,0.004815938289484503,0.16752577319587633,0.015057708996420909,97
mt5,5,a_ratio,9,0.12,0.1337064785729591,0.19166958298155834,0.026632302405498288,0.6991524853070341,97
mt5,5,nqc,9,0.12,0.14271166479830705,0.16317428302275672,0.19286941580756015,0.005130036782382208,97
mt5,5,bertQPP,9,0.12,0.26673758608485104,0.00826527896993768,0.20747422680412375,0.0026065887949513057,97
mt5,5,bertQPP(QV),9,0.12,0.21358264800889415,0.03567792845128746,0.1670962199312715,0.015318729327102553,97
mt5,5,spatial,9,0.14,0.2880897506645656,0.0042163681915281335,0.1709621993127148,0.013106785247853048,97
mt5,5,a_ratio,9,0.14,0.13411380394644706,0.19030755909272798,0.027061855670103097,0.6945424903122657,97
mt5,5,nqc,9,0.14,0.14884564525194374,0.14564868579700213,0.1902920962199313,0.005756239608165468,97
mt5,5,bertQPP,9,0.14,0.2712591767898298,0.007197899597456363,0.20747422680412375,0.0026065887949513057,97
mt5,5,bertQPP(QV),9,0.14,0.21852980781242642,0.031521141609337826,0.1701030927835052,0.013572314777054699,97
mt5,5,spatial,9,0.16,0.2921243144294456,0.0036912688989536014,0.17139175257731962,0.012879359856548544,97
mt5,5,a_ratio,9,0.16,0.13454025527800995,0.18888911206855014,0.026202749140893475,0.7037735989090746,97
mt5,5,nqc,9,0.16,0.15522322310576042,0.1289713552965392,0.19458762886597944,0.004747484369155047,97
mt5,5,bertQPP,9,0.16,0.27589219361770206,0.006232349457779549,0.209192439862543,0.002400428947085522,97
mt5,5,bertQPP(QV),9,0.16,0.2236246442359496,0.027675194142154292,0.17353951890034366,0.011793812186781842,97
mt5,5,spatial,9,0.18,0.2960905068854688,0.0032328953989108704,0.17439862542955328,0.011382836808156348,97
mt5,5,a_ratio,9,0.18,0.13498720914288276,0.1874107204766297,0.027491408934707907,0.6899437658549277,97
mt5,5,nqc,9,0.18,0.1618498936349394,0.11323157499407821,0.1984536082474227,0.003979453005162126,97
mt5,5,bertQPP,9,0.18,0.2806342923149776,0.005364666451091855,0.21048109965635742,0.002255725464528707,97
mt5,5,bertQPP(QV),9,0.18,0.2288672511280131,0.024140994404358455,0.17955326460481102,0.009173476196585428,97
mt5,5,spatial,9,0.2,0.2999761363922875,0.002834009603244958,0.17439862542955328,0.011382836808156348,97
mt5,5,a_ratio,9,0.2,0.13545617716044114,0.1858685699499597,0.027061855670103097,0.6945424903122657,97
mt5,5,nqc,9,0.2,0.16872976917263255,0.09850993475250985,0.20103092783505158,0.0035320539175627825,97
mt5,5,bertQPP,9,0.2,0.28548195791340747,0.004590298632063274,0.21606529209621997,0.0017164841150655054,97
mt5,5,bertQPP(QV),9,0.2,0.23425660658834496,0.020916668756712626,0.18470790378006877,0.007355176256510775,97
mt5,5,spatial,9,0.22,0.3037686751045643,0.0024879066008701134,0.1752577319587629,0.010984624932232429,97
mt5,5,a_ratio,9,0.22,0.13594882292884145,0.18425852296490214,0.0313573883161512,0.6490868603039283,97
mt5,5,nqc,9,0.22,0.17586517144524777,0.08487515638951773,0.19630584192439868,0.0043909374810577745,97
mt5,5,bertQPP,9,0.22,0.2904303088916212,0.0039041663167011706,0.21864261168384883,0.0015100189795415188,97
mt5,5,bertQPP(QV),9,0.22,0.23979034965213736,0.017997474436609248,0.19072164948453613,0.005647306460207743,97
mt5,5,spatial,9,0.24,0.307455355754045,0.0021884282830640523,0.18427835051546396,0.0074933028749945285,97
mt5,5,a_ratio,9,0.24,0.1364669815665439,0.18257608495413907,0.032216494845360835,0.6401438286436847,97
mt5,5,nqc,9,0.24,0.18325615393647648,0.07238096212183986,0.19888316151202753,0.0039014834427261624,97
mt5,5,bertQPP,9,0.24,0.29547288040926517,0.0033007393052855638,0.2177835051546392,0.0015761513468118154,97
mt5,5,bertQPP(QV),9,0.24,0.2454645284878666,0.015375788838402103,0.19329896907216498,0.0050318722795436996,97
mt5,5,spatial,9,0.26,0.31102328171594884,0.0019299653804368355,0.1902920962199313,0.005756239608165468,97
mt5,5,a_ratio,9,0.26,0.13701268233980973,0.18081636625895248,0.033505154639175264,0.6268270582661877,97
mt5,5,nqc,9,0.26,0.19089995027440498,0.06106320980895969,0.19974226804123715,0.0037496927052216027,97
mt5,5,bertQPP,9,0.26,0.30060138715128965,0.0027741275557124196,0.2173539518900344,0.0016102081655090619,97
mt5,5,bertQPP(QV),9,0.26,0.2512733197186402,0.013041185135341632,0.19630584192439868,0.0043909374810577745,97
mt5,5,spatial,9,0.28,0.31445954933614123,0.0017074492647895772,0.19286941580756015,0.005130036782382208,97
mt5,5,a_ratio,9,0.28,0.1375881749582687,0.17897403935593376,0.033075601374570454,0.6312527656924587,97
mt5,5,nqc,9,0.28,0.19879034774393112,0.050937552272876836,0.19673539518900346,0.004305679427335466,97
mt5,5,bertQPP,9,0.28,0.3058054674632525,0.0023181827690877876,0.21864261168384883,0.0015100189795415188,97
mt5,5,bertQPP(QV),9,0.28,0.2572087197688219,0.010980600464385246,0.20103092783505158,0.0035320539175627825,97
mt5,5,spatial,9,0.3,0.317751380973869,0.001516335085801372,0.19072164948453613,0.005647306460207743,97
mt5,5,a_ratio,9,0.3,0.1381959602491574,0.17704329071583333,0.03436426116838488,0.6180159506334773,97
mt5,5,nqc,9,0.3,0.20691698980737802,0.04199788850548263,0.19802405498281792,0.004058834798972484,97
mt5,5,bertQPP,9,0.3,0.3110724119843309,0.0019266075269907953,0.22379725085910657,0.0011640289366746655,97
mt5,5,bertQPP(QV),9,0.3,0.2632602109416292,0.00917859790100278,0.20618556701030932,0.0027716955730928564,97
mt5,5,spatial,9,0.32,0.32088626668400266,0.0013525779289589536,0.19329896907216498,0.0050318722795436996,97
mt5,5,a_ratio,9,0.32,0.13883882608204381,0.17501776656671944,0.032646048109965645,0.6356917335694203,97
mt5,5,nqc,9,0.32,0.21526461837650704,0.03421585205688121,0.19759450171821308,0.0041396512632380965,97
mt5,5,bertQPP,9,0.32,0.31638688195293846,0.0015930679313712023,0.22379725085910657,0.0011640289366746655,97
mt5,5,bertQPP(QV),9,0.32,0.26941440734722805,0.007617717400755779,0.20747422680412375,0.0026065887949513057,97
mt5,5,spatial,9,0.34,0.3238521119499413,0.0012126037025313437,0.19673539518900346,0.004305679427335466,97
mt5,5,a_ratio,9,0.34,0.13951988961921094,0.1728905117410824,0.033505154639175264,0.6268270582661877,97
mt5,5,nqc,9,0.34,0.2238122758721303,0.02754151885580301,0.19931271477663232,0.003824903963020039,97
mt5,5,bertQPP,9,0.34,0.32173062481584724,0.0013113052301848235,0.2285223367697595,0.0009127757207962206,97
mt5,5,bertQPP(QV),9,0.34,0.275654688907524,0.006278904217164501,0.20876288659793818,0.0024505203740822256,97
mt5,5,spatial,9,0.36,0.3266373884140725,0.0010932763992518417,0.19630584192439868,0.0043909374810577745,97
mt5,5,a_ratio,9,0.36,0.1402426472249814,0.1706539006888752,0.033075601374570454,0.6312527656924587,97
mt5,5,nqc,9,0.36,0.23253249902256307,0.021905411730044216,0.19974226804123715,0.0037496927052216027,97
mt5,5,bertQPP,9,0.36,0.3270821977315003,0.0010752417421967812,0.23453608247422683,0.0006655682797928671,97
mt5,5,bertQPP(QV),9,0.36,0.28196083551010553,0.005141996666696767,0.21134020618556704,0.0021637443470699886,97
mt5,5,spatial,9,0.38,0.32923128416859293,0.0009918632487992726,0.19329896907216498,0.0050318722795436996,97
mt5,5,a_ratio,9,0.38,0.14101103369685752,0.16829955964041626,0.033075601374570454,0.6312527656924587,97
mt5,5,nqc,9,0.38,0.2413905507548374,0.01722173966373653,0.20103092783505158,0.0035320539175627825,97
mt5,5,bertQPP,9,0.38,0.3324167129881139,0.0008790765778970925,0.2379725085910653,0.0005538759115824682,97
mt5,5,bertQPP(QV),9,0.38,0.28830867794974946,0.0041862493018646986,0.2134879725085911,0.0019486331283160838,97
mt5,5,spatial,9,0.4,0.331623849896536,0.0009059990987248297,0.19286941580756015,0.005130036782382208,97
mt5,5,a_ratio,9,0.4,0.1418294929050518,0.16581827881203542,0.03522336769759451,0.6092594479622931,97
mt5,5,nqc,9,0.4,0.2503437527571406,0.013392654645733878,0.20360824742268044,0.003130893451622874,97
mt5,5,bertQPP,9,0.4,0.3377056231484139,0.000717367209671934,0.23969072164948454,0.0005048251929224872,97
mt5,5,bertQPP(QV),9,0.4,0.2946697874559431,0.0033908634251601914,0.21950171821305847,0.0014464512863097319,97
mt5,5,spatial,9,0.42,0.333806137017893,0.0008336511531565002,0.19286941580756015,0.005130036782382208,97
mt5,5,a_ratio,9,0.42,0.1427030624753921,0.16319991347672996,0.03737113402061856,0.5876136836654002,97
mt5,5,nqc,9,0.42,0.25934099790802717,0.010313165245080566,0.20446735395189009,0.0030066996042901117,97
mt5,5,bertQPP,9,0.42,0.3429165676724887,0.0005850938477528222,0.24656357388316158,0.0003463449485504128,97
mt5,5,bertQPP(QV),9,0.42,0.30101123108183825,0.0027354951889438594,0.2216494845360825,0.001298168853613724,97
mt5,5,spatial,9,0.44,0.3357703240192681,0.0007730849781242122,0.19201030927835053,0.00533157487845821,97
mt5,5,a_ratio,9,0.44,0.14363747586562087,0.16043327269349497,0.040378006872852236,0.5579222431626273,97
mt5,5,nqc,9,0.44,0.2683225363825046,0.00787624505560345,0.20403780068728525,0.00306822352558543,97
mt5,5,bertQPP,9,0.44,0.34801330651227935,0.0004777047556538051,0.2491408934707904,0.00029998189638302743,97
mt5,5,bertQPP(QV),9,0.44,0.3072954255484682,0.00220071277840794,0.21950171821305847,0.0014464512863097319,97
mt5,5,spatial,9,0.46,0.33750982733935725,0.0007228324647608305,0.19329896907216498,0.0050318722795436996,97
mt5,5,a_ratio,9,0.46,0.14463928612452223,0.1575059945377246,0.04123711340206186,0.5495750194028222,97
mt5,5,nqc,9,0.46,0.2772201384186737,0.005977642520893306,0.20618556701030932,0.0027716955730928564,97
mt5,5,bertQPP,9,0.46,0.35295576921459254,0.00039114197441459156,0.25042955326460486,0.0002790440350017295,97
mt5,5,bertQPP(QV),9,0.46,0.31348012658783875,0.0017683784576172522,0.22637457044673542,0.0010200025736501021,97
mt5,5,spatial,9,0.48,0.339019393547228,0.0006816622386597889,0.19458762886597944,0.004747484369155047,97
mt5,5,a_ratio,9,0.48,0.1457160168675338,0.15440440685751852,0.04209621993127149,0.541289833276998,97
mt5,5,nqc,9,0.48,0.28595773615764375,0.00451994916493389,0.20575601374570449,0.0028288190417010725,97
mt5,5,bertQPP,9,0.48,0.3577002497529429,0.00032184827663633934,0.25042955326460486,0.0002790440350017295,97
mt5,5,bertQPP(QV),9,0.48,0.31951859345547895,0.0014219381729387625,0.23152920962199317,0.0007801296905645403,97
mt5,5,spatial,9,0.5,0.3402951700752382,0.0006485528233351669,0.19501718213058422,0.004655971971265852,97
mt5,5,a_ratio,9,0.5,0.14687634766446372,0.15111337298690794,0.04424398625429554,0.52085358029868,97
mt5,5,nqc,9,0.5,0.29445263205947614,0.0034156085627342655,0.20747422680412375,0.0026065887949513057,97
mt5,5,bertQPP,9,0.5,0.3621997768356138,0.000266757391971054,0.25429553264604815,0.00022415245533308512,97
mt5,5,bertQPP(QV),9,0.5,0.3253599679291442,0.001146610084034949,0.23410652920962205,0.0006809162092632265,97
mt5,5,spatial,9,0.52,0.3413347524306737,0.0006226687125740808,0.19974226804123715,0.0037496927052216027,97
mt5,5,a_ratio,9,0.52,0.1481303432748884,0.14761612261965748,0.04424398625429554,0.52085358029868,97
mt5,5,nqc,9,0.52,0.30261732832175375,0.002588721129902869,0.20790378006872856,0.0025535840012904936,97
mt5,5,bertQPP,9,0.52,0.3664046859460963,0.0002232705088719627,0.2577319587628867,0.0001840336555755922,97
mt5,5,bertQPP(QV),9,0.52,0.33094990252682815,0.0009294726276299241,0.2366838487972509,0.0005935388745829456,97
mt5,5,spatial,9,0.54,0.34213720657707297,0.0006033393819727353,0.20103092783505158,0.0035320539175627825,97
mt5,5,a_ratio,9,0.54,0.14948973921438155,0.14389406941316457,0.043814432989690726,0.5249088158491623,97
mt5,5,nqc,9,0.54,0.3103619789102693,0.001975680221210516,0.20790378006872856,0.0025535840012904936,97
mt5,5,bertQPP,9,0.54,0.37026341206047897,0.00018922267947601632,0.25859106529209624,0.00017511595223064058,97
mt5,5,bertQPP(QV),9,0.54,0.3362314627287439,0.0007594612119669331,0.2379725085910653,0.0005538759115824682,97
mt5,5,spatial,9,0.56,0.3427030660067495,0.0005900411731960929,0.19587628865979384,0.004477722918252414,97
mt5,5,a_ratio,9,0.56,0.15096830032257894,0.13992661921122854,0.04510309278350516,0.5127917901399865,97
mt5,5,nqc,9,0.56,0.31759739554890387,0.0015248235417593915,0.20876288659793818,0.0024505203740822256,97
mt5,5,bertQPP,9,0.56,0.3737235102961538,0.0001628430090783619,0.26159793814432997,0.00014700123564547276,97
mt5,5,bertQPP(QV),9,0.56,0.34114631194770395,0.0006272892611024332,0.2405498281786942,0.0004818477915141724,97
mt5,5,spatial,9,0.58,0.34303430387464606,0.0005823819128880673,0.20103092783505158,0.0035320539175627825,97
mt5,5,a_ratio,9,0.58,0.15258227481938058,0.13569097662100243,0.046391752577319596,0.5008221569685896,97
mt5,5,nqc,9,0.58,0.32423845866176,0.0011953735375668305,0.2130584192439863,0.0019900166497547295,97
mt5,5,bertQPP,9,0.58,0.37673289559056616,0.00014271243194750668,0.2654639175257732,0.00011707036468109733,97
mt5,5,bertQPP(QV),9,0.58,0.3456361658965697,0.0005253133535678872,0.24699312714776633,0.0003381788389163567,97
mt5,5,spatial,9,0.6,0.34313428138358615,0.0005800880780713365,0.20618556701030932,0.0027716955730928564,97
mt5,5,a_ratio,9,0.6,0.15435097449998708,0.13116196397024513,0.043814432989690726,0.5249088158491623,97
mt5,5,nqc,9,0.6,0.33020770626127005,0.0009559637980072242,0.21477663230240554,0.0018291772025326055,97
mt5,5,bertQPP,9,0.6,0.37924127250533934,0.0001277225443022476,0.26503436426116844,0.00012008730713750342,97
mt5,5,bertQPP(QV),9,0.6,0.3496444759903,0.000447363434880558,0.24957044673539522,0.00029284438819506046,97
mt5,5,spatial,9,0.62,0.3430076743584153,0.0005829942872686783,0.20618556701030932,0.0027716955730928564,97
mt5,5,a_ratio,9,0.62,0.15629752331426938,0.12631187687730427,0.046821305841924406,0.49686544158769386,97
mt5,5,nqc,9,0.62,0.3354388139541902,0.000783016566670393,0.21563573883161516,0.0017533187111864498,97
mt5,5,bertQPP,9,0.62,0.38120170389756713,0.00011703849747126094,0.26718213058419243,0.00010570268251880998,97
mt5,5,bertQPP(QV),9,0.62,0.35311827195216616,0.0003885578471789391,0.25042955326460486,0.0002790440350017295,97
mt5,5,spatial,9,0.64,0.34266038058362247,0.0005910348774530482,0.20790378006872856,0.0025535840012904936,97
mt5,5,a_ratio,9,0.64,0.15844983324018666,0.12111041715550044,0.046391752577319596,0.5008221569685896,97
mt5,5,nqc,9,0.64,0.33987965325372227,0.0006591712416807416,0.2203608247422681,0.0013853583021557498,97
mt5,5,bertQPP,9,0.64,0.3825722449107878,0.00011006847279557013,0.27233676975945026,7.752860694391557e-05,97
mt5,5,bertQPP(QV),9,0.64,0.3560100656030368,0.0003451199033718324,0.2525773195876289,0.00024716269151633816,97
mt5,5,spatial,9,0.66,0.34209941097713303,0.0006042373176559003,0.209192439862543,0.002400428947085522,97
mt5,5,a_ratio,9,0.66,0.1608418906065475,0.11552477036625962,0.05154639175257733,0.4544623656228458,97
mt5,5,nqc,9,0.66,0.3434946341325759,0.000571888834330002,0.21907216494845363,0.0014779202366871586,97
mt5,5,bertQPP,9,0.66,0.3833175496675538,0.0001064418760994859,0.27534364261168387,6.454501938742568e-05,97
mt5,5,bertQPP(QV),9,0.66,0.3582796955042834,0.0003142087892589625,0.24957044673539522,0.00029284438819506046,97
mt5,5,spatial,9,0.68,0.3413327680140241,0.0006227172075713222,0.2100515463917526,0.0023030471051788694,97
mt5,5,a_ratio,9,0.68,0.1635154717361893,0.1095199381970649,0.05111683848797252,0.4582309196968538,97
mt5,5,nqc,9,0.68,0.34626610321113727,0.0005122906477623444,0.2216494845360825,0.001298168853613724,97
mt5,5,bertQPP,9,0.68,0.3834103456580212,0.0001059981877981174,0.27018900343642616,8.827472841766767e-05,97
mt5,5,bertQPP(QV),9,0.68,0.3598959803892381,0.00029377350557870357,0.2491408934707904,0.00029998189638302743,97
mt5,5,spatial,9,0.7,0.3403693149912508,0.0006466746113999539,0.2130584192439863,0.0019900166497547295,97
mt5,5,a_ratio,9,0.7,0.16652246003475957,0.10305950488578752,0.05283505154639176,0.4432621351071514,97
mt5,5,nqc,9,0.7,0.3481946723104858,0.0004742402204928584,0.22336769759450176,0.0011897860106094835,97
mt5,5,bertQPP,9,0.7,0.38283266823771533,0.00010878843289835382,0.2719072164948454,7.957359852373424e-05,97
mt5,5,bertQPP(QV),9,0.7,0.3608380518782802,0.0002824349595737799,0.24828178694158082,0.0003147483455907583,97
mt5,5,spatial,9,0.72,0.33921863974238065,0.0006763914817798486,0.21048109965635742,0.002255725464528707,97
mt5,5,a_ratio,9,0.72,0.16992801694660511,0.09610712790760022,0.057989690721649494,0.40007019122296605,97
mt5,5,nqc,9,0.72,0.3492984751177312,0.0004536474375097723,0.22293814432989695,0.0012160687743494618,97
mt5,5,bertQPP,9,0.72,0.381576756902177,0.00011509150000273184,0.26718213058419243,0.00010570268251880998,97
mt5,5,bertQPP(QV),9,0.72,0.3610962555190262,0.0002793985078998893,0.2452749140893471,0.0003719636432157586,97
mt5,5,spatial,9,0.74,0.3378909162835673,0.0007122299348964042,0.20833333333333337,0.0025015666651811157,97
mt5,5,a_ratio,9,0.74,0.17381498135529128,0.0886292205250072,0.0627147766323024,0.3627897011875757,97
mt5,5,nqc,9,0.74,0.34961146949771826,0.0004479594247930576,0.22465635738831619,0.0011140538745299275,97
mt5,5,bertQPP,9,0.74,0.3796455363748676,0.00012544800113295404,0.2624570446735396,0.00013978519828252247,97
mt5,5,bertQPP(QV),9,0.74,0.36067254264108606,0.00028439730466915745,0.2452749140893471,0.0003719636432157586,97
mt5,5,spatial,9,0.76,0.3363967676198814,0.0007546311452469763,0.20747422680412375,0.0026065887949513057,97
mt5,5,a_ratio,9,0.76,0.1782900586293645,0.080599573435027,0.06357388316151204,0.356252805453549,97
mt5,5,nqc,9,0.76,0.3491809981289115,0.00045579939687747045,0.22379725085910657,0.0011640289366746655,97
mt5,5,bertQPP,9,0.76,0.3770526372099526,0.00014071493385962318,0.25816151202749144,0.00017952274646223222,97
mt5,5,bertQPP(QV),9,0.76,0.35958031988598294,0.00029766558661451284,0.24656357388316158,0.0003463449485504128,97
mt5,5,spatial,9,0.78,0.3347471325908539,0.0008041146370034195,0.20790378006872856,0.0025535840012904936,97
mt5,5,a_ratio,9,0.78,0.18349264403291143,0.07200709081831877,0.06786941580756015,0.3246919364895129,97
mt5,5,nqc,9,0.78,0.34806487624199867,0.0004767172902139272,0.2212199312714777,0.001326652810302692,97
mt5,5,bertQPP,9,0.78,0.3738219487889098,0.00016214493174037927,0.2598797250859107,0.00016249811961052113,97
mt5,5,bertQPP(QV),9,0.78,0.3578437723313117,0.000319940280587632,0.2392611683848798,0.0005166931871154039,97
mt5,5,spatial,9,0.8,0.3329531392144707,0.0008612777587225836,0.20747422680412375,0.0026065887949513057,97
mt5,5,a_ratio,9,0.8,0.18960754433068322,0.0628684311282368,0.0734536082474227,0.28647120739097054,97
mt5,5,nqc,9,0.8,0.3463282878070887,0.0005110212963888891,0.22079037800687287,0.0013557124652369783,97
mt5,5,bertQPP,9,0.8,0.36998673716009733,0.00019149414746332782,0.2530068728522337,0.00024121095691616908,97
mt5,5,bertQPP(QV),9,0.8,0.3554967226537214,0.00035248875536557334,0.23453608247422683,0.0006655682797928671,97
mt5,5,spatial,9,0.82,0.33102598652865445,0.0009267951397463625,0.20489690721649487,0.002946303078171719,97
mt5,5,a_ratio,9,0.82,0.19688343156782898,0.053248100513545414,0.0777491408934708,0.2592237212301055,97
mt5,5,nqc,9,0.82,0.34404074558079234,0.000559665194616078,0.2173539518900344,0.0016102081655090619,97
mt5,5,bertQPP,9,0.82,0.3655883956797301,0.00023116251853110104,0.24484536082474234,0.00038088964117221485,97
mt5,5,bertQPP(QV),9,0.82,0.3525811261201658,0.00039715989209898335,0.22895189003436428,0.0008926252002239728,97
mt5,5,spatial,9,0.84,0.32897683645539316,0.0010014179405121691,0.19974226804123715,0.0037496927052216027,97
mt5,5,a_ratio,9,0.84,0.20565944470071254,0.043289072120102086,0.07817869415807562,0.25660117603543875,97
mt5,5,nqc,9,0.84,0.3412733175514251,0.0006241716572026897,0.2169243986254296,0.001644941169576058,97
mt5,5,bertQPP,9,0.84,0.3606749231756945,0.00028436899120313846,0.23969072164948454,0.0005048251929224872,97
mt5,5,bertQPP(QV),9,0.84,0.3491453246691795,0.0004564547210996779,0.23195876288659797,0.0007627126312502382,97
mt5,5,spatial,9,0.86,0.32681671674855667,0.0010859727256133792,0.19888316151202753,0.0039014834427261624,97
mt5,5,a_ratio,9,0.86,0.21640213569648198,0.03325588313253835,0.0850515463917526,0.21713063766326968,97
mt5,5,nqc,9,0.86,0.33809625651366626,0.0007065761596414869,0.21606529209621997,0.0017164841150655054,97
mt5,5,bertQPP,9,0.86,0.3552992393556005,0.0003553619189031742,0.23238831615120278,0.0007456571945733053,97
mt5,5,bertQPP(QV),9,0.86,0.3452421910259492,0.0005336115837315023,0.22336769759450176,0.0011897860106094835,97
mt5,5,spatial,9,0.88,0.3245564356512203,0.001181359808115279,0.20017182130584193,0.0036758280937195186,97
mt5,5,a_ratio,9,0.88,0.22975047134717197,0.023585208298260302,0.08805841924398626,0.2013104039967497,97
mt5,5,nqc,9,0.88,0.3345771035371412,0.0008093798316769174,0.21434707903780073,0.0018682268943729797,97
mt5,5,bertQPP,9,0.88,0.3495174495326654,0.0004496611187736831,0.22422680412371138,0.0011387880187863695,97
mt5,5,bertQPP(QV),9,0.88,0.3409272866165457,0.000632699179887723,0.21907216494845363,0.0014779202366871586,97
mt5,5,spatial,9,0.9,0.3222065084961682,0.0012885509364382304,0.19888316151202753,0.0039014834427261624,97
mt5,5,a_ratio,9,0.9,0.24654413789550259,0.014916330074612306,0.10438144329896909,0.12985027258664464,97
mt5,5,nqc,9,0.9,0.33077927920302463,0.000935502727553337,0.21219931271477666,0.0020752134680172376,97
mt5,5,bertQPP,9,0.9,0.3433871616346759,0.0005743230150000038,0.2216494845360825,0.001298168853613724,97
mt5,5,bertQPP(QV),9,0.9,0.3362571381891204,0.0007587091488998026,0.21477663230240554,0.0018291772025326055,97
mt5,5,spatial,9,0.92,0.3197770961436902,0.0014085862209059102,0.19974226804123715,0.0037496927052216027,97
mt5,5,a_ratio,9,0.92,0.26771711651854563,0.00802290078051648,0.11554982817869418,0.09358972367387966,97
mt5,5,nqc,9,0.92,0.32676113362999626,0.0010882317485393514,0.20876288659793818,0.0024505203740822256,97
mt5,5,bertQPP,9,0.92,0.336965940647586,0.0007382143155637254,0.21219931271477666,0.0020752134680172376,97
mt5,5,bertQPP(QV),9,0.92,0.3312877119477481,0.0009176383195678456,0.20833333333333337,0.0025015666651811157,97
mt5,5,spatial,9,0.94,0.3172779548687703,0.0015425702253986074,0.19759450171821308,0.0041396512632380965,97
mt5,5,a_ratio,9,0.94,0.29358367076066205,0.0035162545662691456,0.1207044673539519,0.07984982362376257,97
mt5,5,nqc,9,0.94,0.3225753986620893,0.0012711599167406,0.20403780068728525,0.00306822352558543,97
mt5,5,bertQPP,9,0.94,0.3303099626963365,0.000952273545233488,0.20833333333333337,0.0025015666651811157,97
mt5,5,bertQPP(QV),9,0.94,0.3260731352802578,0.0011165498329101808,0.20360824742268044,0.003130893451622874,97
mt5,5,spatial,9,0.96,0.31471839708646887,0.0016916671797769884,0.1937285223367698,0.004935409194231109,97
mt5,5,a_ratio,9,0.96,0.3209360031060325,0.001350114481048642,0.15635738831615123,0.02327305567367708,97
mt5,5,nqc,9,0.96,0.3182689716419712,0.0014881158879106661,0.20017182130584193,0.0036758280937195186,97
mt5,5,bertQPP,9,0.96,0.32347290649239796,0.0012297346012400158,0.2014604810996564,0.0034621026042757834,97
mt5,5,bertQPP(QV),9,0.96,0.32066468876927545,0.0013636023503405313,0.19759450171821308,0.0041396512632380965,97
mt5,5,spatial,9,0.98,0.3121072621377708,0.0018570952999733524,0.1937285223367698,0.004935409194231109,97
mt5,5,a_ratio,9,0.98,0.33536377424277586,0.0007852807676868196,0.17912371134020622,0.009341755733078497,97
mt5,5,nqc,9,0.98,0.3138829570123338,0.0017430844523999957,0.19673539518900346,0.004305679427335466,97
mt5,5,bertQPP,9,0.98,0.31650509692294804,0.0015862835506667977,0.19458762886597944,0.004747484369155047,97
mt5,5,bertQPP(QV),9,0.98,0.31511006790353124,0.001668037759120131,0.19286941580756015,0.005130036782382208,97
mt5,5,spatial,9,1.0,0.3094528962441745,0.002040120233869553,0.19201030927835053,0.00533157487845821,97
mt5,5,a_ratio,9,1.0,0.3094528962441745,0.002040120233869553,0.19201030927835053,0.00533157487845821,97
mt5,5,nqc,9,1.0,0.3094528962441745,0.002040120233869553,0.19201030927835053,0.00533157487845821,97
mt5,5,bertQPP,9,1.0,0.3094528962441745,0.002040120233869553,0.19201030927835053,0.00533157487845821,97
mt5,5,bertQPP(QV),9,1.0,0.3094528962441745,0.002040120233869553,0.19201030927835053,0.00533157487845821,97
mt5,5,spatial,10,0.0,0.25885485632993066,0.010462125003978813,0.1512027491408935,0.028226597294347726,97
mt5,5,a_ratio,10,0.0,0.13160075259686294,0.1988233722254004,0.02448453608247423,0.7223661580007107,97
mt5,5,nqc,10,0.0,0.11061668139870946,0.28074872825135627,0.011168384879725088,0.8712539798728897,97
mt5,5,bertQPP,10,0.0,0.2419719081486737,0.01694714987227943,0.19759450171821308,0.0041396512632380965,97
mt5,5,bertQPP(QV),10,0.0,0.18689940218155726,0.06679202150029932,0.15335051546391754,0.026061836085581373,97
mt5,5,spatial,10,0.02,0.2632715118098114,0.009175491703278709,0.15678694158075604,0.022896601370035064,97
mt5,5,a_ratio,10,0.02,0.13192229599650426,0.19771874046490398,0.02491408934707904,0.7177021136751226,97
mt5,5,nqc,10,0.02,0.11552632200769916,0.25981440906357833,0.12800687285223372,0.06323660544752113,97
mt5,5,bertQPP,10,0.02,0.245944871332549,0.015169872976603428,0.19802405498281792,0.004058834798972484,97
mt5,5,bertQPP(QV),10,0.02,0.19112392992444005,0.06075469547699927,0.15592783505154642,0.023654871935139845,97
mt5,5,spatial,10,0.04,0.2677006853646291,0.008026914345408762,0.15936426116838492,0.0207470988785446,97
mt5,5,a_ratio,10,0.04,0.13225708976407757,0.19657329156930048,0.025343642611683852,0.7130485680719618,97
mt5,5,nqc,10,0.04,0.12063743163073609,0.23917847248131588,0.15378006872852237,0.025646544632394585,97
mt5,5,bertQPP,10,0.04,0.25003526362123946,0.013511101116105028,0.20103092783505158,0.0035320539175627825,97
mt5,5,bertQPP(QV),10,0.04,0.19548972611758425,0.05499074297986639,0.1597938144329897,0.02040649882574069,97
mt5,5,spatial,10,0.06,0.2721343668652022,0.007005977505830925,0.16323024054982818,0.017852894393926448,97
mt5,5,a_ratio,10,0.06,0.13260596890315202,0.19538474886516455,0.02448453608247423,0.7223661580007107,97
mt5,5,nqc,10,0.06,0.1259587804199966,0.2189326939204651,0.17439862542955328,0.011382836808156348,97
mt5,5,bertQPP,10,0.06,0.25424535824514105,0.011970763417639035,0.2014604810996564,0.0034621026042757834,97
mt5,5,bertQPP(QV),10,0.06,0.20000096259128336,0.049514039533938826,0.16108247422680416,0.01941379508307944,97
mt5,5,spatial,10,0.08,0.27656385283598917,0.006102344407068028,0.16451890034364264,0.016970096384742294,97
mt5,5,a_ratio,10,0.08,0.1329698399661478,0.19415066577787699,0.02491408934707904,0.7177021136751226,97
mt5,5,nqc,10,0.08,0.13149914747528177,0.19917334827063357,0.19243986254295536,0.005229928831102741,97
mt5,5,bertQPP,10,0.08,0.25857708526802936,0.010548080316958567,0.20360824742268044,0.003130893451622874,97
mt5,5,bertQPP(QV),10,0.08,0.20466159096333106,0.04433695404282074,0.16365979381443302,0.01755425786967657,97
mt5,5,spatial,10,0.1,0.2809797460883273,0.005305869420494324,0.16623711340206188,0.015852745291372216,97
mt5,5,a_ratio,10,0.1,0.13334968887200585,0.19286840999556112,0.025773195876288665,0.708405677956768,97
mt5,5,nqc,10,0.1,0.13726720556675254,0.1799998581006157,0.19974226804123715,0.0037496927052216027,97
mt5,5,bertQPP,10,0.1,0.26303194273560526,0.009241538581887181,0.20575601374570449,0.0028288190417010725,97
mt5,5,bertQPP(QV),10,0.1,0.20947525371829187,0.03947004208897096,0.1628006872852234,0.018155972846842318,97
mt5,5,spatial,10,0.12,0.2853719649324856,0.004606700622851831,0.1670962199312715,0.015318729327102553,97
mt5,5,a_ratio,10,0.12,0.13374658976982431,0.1915351458749702,0.026202749140893475,0.7037735989090746,97
mt5,5,nqc,10,0.12,0.14327137518447902,0.16151304911659875,0.202319587628866,0.003325969220576063,97
mt5,5,bertQPP,10,0.12,0.2676108930244774,0.008048878785674998,0.20876288659793818,0.0024505203740822256,97
mt5,5,bertQPP(QV),10,0.12,0.2144451779827644,0.0349217419612342,0.16537800687285226,0.016403064445582434,97
mt5,5,spatial,10,0.14,0.2897297632983546,0.003995370149481172,0.16924398625429557,0.01405239227763608,97
mt5,5,a_ratio,10,0.14,0.13416171511512162,0.1901478148658346,0.026632302405498288,0.6991524853070341,97
mt5,5,nqc,10,0.14,0.14951964208565588,0.14381299831103728,0.19974226804123715,0.0037496927052216027,97
mt5,5,bertQPP,10,0.14,0.2723142425687077,0.006967097228617644,0.2100515463917526,0.0023030471051788694,97
mt5,5,bertQPP(QV),10,0.14,0.21957404947552112,0.03069808483060052,0.17225085910652924,0.012434959394241826,97
mt5,5,spatial,10,0.16,0.29404176302704493,0.0034628706133543424,0.1701030927835052,0.013572314777054699,97
mt5,5,a_ratio,10,0.16,0.13459634715636815,0.1887031136989457,0.027061855670103097,0.6945424903122657,97
mt5,5,nqc,10,0.16,0.15601933183884312,0.12699648554051798,0.20661512027491413,0.0027156275780873427,97
mt5,5,bertQPP,10,0.16,0.27714150309168994,0.005992464028089654,0.21048109965635742,0.002255725464528707,97
mt5,5,bertQPP(QV),10,0.16,0.22486386394388508,0.02680243237652786,0.17439862542955328,0.011382836808156348,97
mt5,5,spatial,10,0.18,0.2982959994663504,0.0030007164550222517,0.17225085910652924,0.012434959394241826,97
mt5,5,a_ratio,10,0.18,0.13505189106703971,0.18719747004750972,0.026632302405498288,0.6991524853070341,97
mt5,5,nqc,10,0.18,0.16277683429661255,0.1111540935238324,0.21091065292096223,0.002209296231634933,97
mt5,5,bertQPP,10,0.18,0.28209123249376833,0.005120558658407443,0.2130584192439863,0.0019900166497547295,97
mt5,5,bertQPP(QV),10,0.18,0.2303157533000713,0.023235256651667455,0.18041237113402064,0.008845012615594157,97
mt5,5,spatial,10,0.2,0.30247998130406595,0.0026009897162436657,0.17268041237113405,0.01221789425088413,97
mt5,5,a_ratio,10,0.2,0.13552989000427315,0.185627015330439,0.02792096219931272,0.6853564626190167,97
mt5,5,nqc,10,0.2,0.16979727057216762,0.09636704410422739,0.21091065292096223,0.002209296231634933,97
mt5,5,bertQPP,10,0.2,0.2871608536735366,0.004346323614163526,0.21520618556701035,0.0017908788065225548,97
mt5,5,bertQPP(QV),10,0.2,0.2359297836850937,0.019993977797335045,0.18256013745704472,0.00806936233603351,97
mt5,5,spatial,10,0.22,0.30658076529903644,0.002256370349982941,0.17396907216494847,0.011586707769612953,97
mt5,5,a_ratio,10,0.22,0.13603204243130734,0.1839875542797531,0.030498281786941587,0.6580807665431417,97
mt5,5,nqc,10,0.22,0.17708409510606513,0.08270390808864125,0.21262886597938147,0.002032205430312129,97
mt5,5,bertQPP,10,0.22,0.29234644983518915,0.0036641360996054347,0.2203608247422681,0.0013853583021557498,97
mt5,5,bertQPP(QV),10,0.22,0.24170472286831146,0.01707287509550202,0.18771477663230243,0.006450561996249079,97
mt5,5,spatial,10,0.24,0.3105850462183402,0.0019601517538935524,0.18256013745704472,0.00806936233603351,97
mt5,5,a_ratio,10,0.24,0.13656022210987628,0.1822745308412943,0.033075601374570454,0.6312527656924587,97
mt5,5,nqc,10,0.24,0.18463862599643088,0.07021737788086102,0.21048109965635742,0.002255725464528707,97
mt5,5,bertQPP,10,0.24,0.2976425353076844,0.003067896736425373,0.21950171821305847,0.0014464512863097319,97
mt5,5,bertQPP(QV),10,0.24,0.24763777480855909,0.014463085481330563,0.19286941580756015,0.005130036782382208,97
mt5,5,spatial,10,0.26,0.31447926186249336,0.0017062427105215365,0.1898625429553265,0.005867063974983271,97
mt5,5,a_ratio,10,0.26,0.1371165012539426,0.1804829899182773,0.03436426116838488,0.6180159506334773,97
mt5,5,nqc,10,0.26,0.19245949820541952,0.0589413397089512,0.21477663230240554,0.0018291772025326055,97
mt5,5,bertQPP,10,0.26,0.3030418016364737,0.0025511332786529004,0.22207903780068733,0.0012702502748310276,97
mt5,5,bertQPP(QV),10,0.26,0.25372427994620517,0.01215270081058081,0.19759450171821308,0.0041396512632380965,97
mt5,5,spatial,10,0.28,0.31824971256647805,0.0014891573103151961,0.18943298969072167,0.005979808014005902,97
mt5,5,a_ratio,10,0.28,0.1377031774419865,0.17860753440012123,0.03436426116838488,0.6180159506334773,97
mt5,5,nqc,10,0.28,0.20054203689032601,0.04888851624629354,0.21520618556701035,0.0017908788065225548,97
mt5,5,bertQPP,10,0.28,0.3085348397776422,0.0021071162945654454,0.22637457044673542,0.0010200025736501021,97
mt5,5,bertQPP(QV),10,0.28,0.25995738097017795,0.010126970754674183,0.20274914089347082,0.003259747042536618,97
mt5,5,spatial,10,0.3,0.32188269401656044,0.001303994707814583,0.19243986254295536,0.005229928831102741,97
mt5,5,a_ratio,10,0.3,0.13832280501713473,0.17664227684464542,0.033505154639175264,0.6268270582661877,97
mt5,5,nqc,10,0.3,0.20887755234577426,0.04004895988717173,0.21821305841924402,0.0015427588468996702,97
mt5,5,bertQPP,10,0.3,0.31410984070730413,0.0017289828105344985,0.2285223367697595,0.0009127757207962206,97
mt5,5,bertQPP(QV),10,0.3,0.2663276555308812,0.008368612231406206,0.20704467353951894,0.0026605976928076114,97
mt5,5,spatial,10,0.32,0.32536464164105555,0.0011464107123010524,0.19286941580756015,0.005130036782382208,97
mt5,5,a_ratio,10,0.32,0.13897823187016564,0.17458078510032438,0.032646048109965645,0.6356917335694203,97
mt5,5,nqc,10,0.32,0.2174525643257561,0.03238965104151452,0.2177835051546392,0.0015761513468118154,97
mt5,5,bertQPP,10,0.32,0.3197522787375843,0.0014098631135850525,0.23024054982817874,0.0008346209629654949,97
mt5,5,bertQPP(QV),10,0.32,0.272822719778677,0.0068582190501992445,0.21563573883161516,0.0017533187111864498,97
mt5,5,spatial,10,0.34,0.3286822842434798,0.0010125832468400493,0.19501718213058422,0.004655971971265852,97
mt5,5,a_ratio,10,0.34,0.139672642709613,0.17241602106832135,0.033505154639175264,0.6268270582661877,97
mt5,5,nqc,10,0.34,0.22624797226332793,0.025855386737758036,0.2177835051546392,0.0015761513468118154,97
mt5,5,bertQPP,10,0.34,0.3254445843783381,0.0011430053844998134,0.23238831615120278,0.0007456571945733053,97
mt5,5,bertQPP(QV),10,0.34,0.2794268098236897,0.005574757502402531,0.21520618556701035,0.0017908788065225548,97
mt5,5,spatial,10,0.36,0.3318228039802452,0.0008991736376340201,0.19201030927835053,0.00533157487845821,97
mt5,5,a_ratio,10,0.36,0.14040961018879963,0.17014027171416402,0.032646048109965645,0.6356917335694203,97
mt5,5,nqc,10,0.36,0.23523819942685026,0.020371031287567776,0.21606529209621997,0.0017164841150655054,97
mt5,5,bertQPP,10,0.36,0.33116581675198,0.0009218926761249681,0.23582474226804126,0.000621432826309228,97
mt5,5,bertQPP(QV),10,0.36,0.28612035233607536,0.004496125764212809,0.2134879725085911,0.0019486331283160838,97
mt5,5,spatial,10,0.38,0.3347739992766033,0.0008032855387094792,0.19286941580756015,0.005130036782382208,97
mt5,5,a_ratio,10,0.38,0.14119315559900492,0.16774507135129577,0.03479381443298969,0.6136308097551222,97
mt5,5,nqc,10,0.38,0.24439035338325188,0.015845051321628306,0.21434707903780073,0.0018682268943729797,97
mt5,5,bertQPP,10,0.38,0.336891349363995,0.0007403470276150912,0.24097938144329903,0.0004707284379041492,97
mt5,5,bertQPP(QV),10,0.38,0.2928795405784915,0.003599748201456515,0.21821305841924402,0.0015427588468996702,97
mt5,5,spatial,10,0.4,0.33752444686028826,0.000722423078448079,0.19201030927835053,0.00533157487845821,97
mt5,5,a_ratio,10,0.4,0.14202782127446315,0.16522111414229326,0.036512027491408944,0.5962292897960457,97
mt5,5,nqc,10,0.4,0.25366346184697197,0.012174092133506464,0.2173539518900344,0.0016102081655090619,97
mt5,5,bertQPP,10,0.4,0.34259258738711895,0.0005926162344345918,0.24656357388316158,0.0003463449485504128,97
mt5,5,bertQPP(QV),10,0.4,0.29967593812340076,0.0028631710323827803,0.2216494845360825,0.001298168853613724,97
mt5,5,spatial,10,0.42,0.3400636588063529,0.0006544495584705274,0.19201030927835053,0.00533157487845821,97
mt5,5,a_ratio,10,0.42,0.14291875742022292,0.16255815571285043,0.03694158075601375,0.5919142896074897,97
mt5,5,nqc,10,0.42,0.26300786092414896,0.009248200741366421,0.21821305841924402,0.0015427588468996702,97
mt5,5,bertQPP,10,0.42,0.3482367393570735,0.0004734399380774247,0.24785223367697598,0.0003223841860548392,97
mt5,5,bertQPP(QV),10,0.42,0.3064761391364045,0.0022646242481869886,0.22465635738831619,0.0011140538745299275,97
mt5,5,spatial,10,0.44,0.34238223035902493,0.000597547764488574,0.19158075601374575,0.0054350017041903615,97
mt5,5,a_ratio,10,0.44,0.1438718268114863,0.15974490277275238,0.040378006872852236,0.5579222431626273,97
mt5,5,nqc,10,0.44,0.272364829795564,0.006956197174052757,0.2173539518900344,0.0016102081655090619,97
mt5,5,bertQPP,10,0.44,0.3537866709782529,0.0003780931598382022,0.2508591065292096,0.00027237466938260737,97
mt5,5,bertQPP(QV),10,0.44,0.3132415209586764,0.0017835167961807446,0.22680412371134026,0.0009976667225656776,97
mt5,5,spatial,10,0.46,0.34447197434877197,0.0005501826823003178,0.19544673539518906,0.0045660596694361046,97
mt5,5,a_ratio,10,0.46,0.14489373178282017,0.15676888972533204,0.04209621993127149,0.541289833276998,97
mt5,5,nqc,10,0.46,0.281666578773211,0.005190667703103796,0.2173539518900344,0.0016102081655090619,97
mt5,5,bertQPP,10,0.46,0.3592008730904422,0.0003024070282909892,0.2508591065292096,0.00027237466938260737,97
mt5,5,bertQPP(QV),10,0.46,0.3199281310676373,0.001400837845472925,0.22723367697594504,0.000975784420613921,97
mt5,5,spatial,10,0.48,0.3463260382666308,0.0005110671650936219,0.19587628865979384,0.004477722918252414,97
mt5,5,a_ratio,10,0.48,0.14599216921112163,0.15361634148318445,0.0425257731958763,0.5371707606067591,97
mt5,5,nqc,10,0.48,0.2908367020981536,0.003852115156287082,0.21864261168384883,0.0015100189795415188,97
mt5,5,bertQPP,10,0.48,0.36443357903654394,0.00024276805727938656,0.25515463917525777,0.00021341645031147517,97
mt5,5,bertQPP(QV),10,0.48,0.32648675528259063,0.0010994458901926146,0.23195876288659797,0.0007627126312502382,97
mt5,5,spatial,10,0.5,0.3479390004919706,0.00047913088087244413,0.19673539518900346,0.004305679427335466,97
mt5,5,a_ratio,10,0.5,0.14717602091488957,0.1502720221897872,0.04467353951890035,0.5168145411906753,97
mt5,5,nqc,10,0.5,0.2997911978626682,0.002851942906293426,0.2169243986254296,0.001644941169576058,97
mt5,5,bertQPP,10,0.5,0.3694350677795001,0.00019609873508189506,0.2594501718213059,0.00016660580916833792,97
mt5,5,bertQPP(QV),10,0.5,0.3328632159450203,0.0008642383144748232,0.23754295532646055,0.0005668140402706258,97
mt5,5,spatial,10,0.52,0.34930694277953644,0.00045349268678503444,0.19802405498281792,0.004058834798972484,97
mt5,5,a_ratio,10,0.52,0.14845558921111351,0.14671907042620314,0.046821305841924406,0.49686544158769386,97
mt5,5,nqc,10,0.52,0.3084401303677904,0.0021141395666716355,0.21864261168384883,0.0015100189795415188,97
mt5,5,bertQPP,10,0.52,0.37415218708105236,0.00015982323199185904,0.2620274914089347,0.00014335046231608574,97
mt5,5,bertQPP(QV),10,0.52,0.3389989461552058,0.0006822052635993838,0.24012027491408938,0.0004932117335580638,97
mt5,5,spatial,10,0.54,0.35042749686925423,0.00043343643209615236,0.19974226804123715,0.0037496927052216027,97
mt5,5,a_ratio,10,0.54,0.14984289052955022,0.1429388229997822,0.04596219931271478,0.5047955105031363,97
mt5,5,nqc,10,0.54,0.3166899621415248,0.0015757265565382946,0.2203608247422681,0.0013853583021557498,97
mt5,5,bertQPP,10,0.54,0.3785291247890913,0.00013182262836131667,0.2633161512027492,0.000132903765324325,97
mt5,5,bertQPP(QV),10,0.54,0.3448318773884188,0.0005423815809063659,0.24355670103092786,0.0004088834881762593,97
mt5,5,spatial,10,0.56,0.35129986394856544,0.0004183900820885638,0.202319587628866,0.003325969220576063,97
mt5,5,a_ratio,10,0.56,0.1513520243300839,0.13891063194793374,0.04725085910652922,0.4929254477765376,97
mt5,5,nqc,10,0.56,0.3244465143285894,0.00118618722447269,0.21993127147766325,0.0014156009702633058,97
mt5,5,bertQPP,10,0.56,0.38250844487534125,0.00011038418954627492,0.2667525773195877,0.00010844269870482771,97
mt5,5,bertQPP(QV),10,0.56,0.3502976616713223,0.00043571781521390215,0.2444158075601375,0.0003900155261817713,97
mt5,5,spatial,10,0.58,0.3519248066247186,0.00040790797769829287,0.2018900343642612,0.0033934144348203364,97
mt5,5,a_ratio,10,0.58,0.1529996406127347,0.13461168354812994,0.04896907216494846,0.4773342987798882,97
mt5,5,nqc,10,0.58,0.33161843089718024,0.000906185666041489,0.22207903780068733,0.0012702502748310276,97
mt5,5,bertQPP,10,0.58,0.38603238786466143,9.414892520851116e-05,0.26932989690721654,9.295520334274114e-05,97
mt5,5,bertQPP(QV),10,0.58,0.3553312254735498,0.0003548950983898832,0.24785223367697598,0.0003223841860548392,97
mt5,5,spatial,10,0.6,0.35230461400118196,0.0004016559953118255,0.2053264604810997,0.002887015591872923,97
mt5,5,a_ratio,10,0.6,0.15480553780986686,0.13001683486587534,0.04982817869415808,0.4696411010880063,97
mt5,5,nqc,10,0.6,0.33812093549835615,0.0007058994255928078,0.22379725085910657,0.0011640289366746655,97
mt5,5,bertQPP,10,0.6,0.3890444130099493,8.206108472128195e-05,0.2719072164948454,7.957359852373424e-05,97
mt5,5,bertQPP(QV),10,0.6,0.3598686213257841,0.00029410897585494287,0.25386597938144334,0.00022970863763271067,97
mt5,5,spatial,10,0.62,0.3524430413460353,0.0003993993424861997,0.20747422680412375,0.0026065887949513057,97
mt5,5,a_ratio,10,0.62,0.15679343494589304,0.12509849423048688,0.04982817869415808,0.4696411010880063,97
mt5,5,nqc,10,0.62,0.34387959592500617,0.0005632470750405774,0.2212199312714777,0.001326652810302692,97
mt5,5,bertQPP,10,0.62,0.3914909333469311,7.33225072803234e-05,0.27534364261168387,6.454501938742568e-05,97
mt5,5,bertQPP(QV),10,0.62,0.363849107334877,0.00024884463664239914,0.2577319587628867,0.0001840336555755922,97
mt5,5,spatial,10,0.64,0.3523452266424608,0.00040099271308054543,0.21176975945017185,0.0021190549684448486,97
mt5,5,a_ratio,10,0.64,0.15899197937522883,0.11982658946534365,0.05283505154639176,0.4432621351071514,97
mt5,5,nqc,10,0.64,0.3488337675389277,0.00046221493062415723,0.22465635738831619,0.0011140538745299275,97
mt5,5,bertQPP,10,0.64,0.3933231671581693,6.735401684190818e-05,0.27878006872852235,5.2230841404023976e-05,97
mt5,5,bertQPP(QV),10,0.64,0.3672173484212954,0.00021566145341125447,0.25902061855670105,0.00017081103710396531,97
mt5,5,spatial,10,0.66,0.35201758698209407,0.00040637252457781847,0.21391752577319592,0.001908041073171658,97
mt5,5,a_ratio,10,0.66,0.16143607683434455,0.11416869566920408,0.056271477663230256,0.41417839532189626,97
mt5,5,nqc,10,0.66,0.35293938813356635,0.00039140334208373484,0.22336769759450176,0.0011897860106094835,97
mt5,5,bertQPP,10,0.66,0.3944990040274059,6.376545824027473e-05,0.28092783505154645,4.570292642778511e-05,97
mt5,5,bertQPP(QV),10,0.66,0.36992560188491175,0.00019199945030037535,0.26116838487972516,0.00015073942387955493,97
mt5,5,spatial,10,0.68,0.35146769827139374,0.0004155509671292815,0.2130584192439863,0.0019900166497547295,97
mt5,5,a_ratio,10,0.68,0.16416866812610897,0.10809043920079554,0.05584192439862544,0.41775090102760204,97
mt5,5,nqc,10,0.68,0.3561708486707105,0.0003428412479064586,0.22637457044673542,0.0010200025736501021,97
mt5,5,bertQPP,10,0.68,0.39498476488609596,6.23356047196281e-05,0.2792096219931272,5.085839224791733e-05,97
mt5,5,bertQPP(QV),10,0.68,0.37193573000936475,0.00017601526171749115,0.2628865979381444,0.00013630357600274067,97
mt5,5,spatial,10,0.7,0.35070416205235017,0.0004286116048160454,0.2173539518900344,0.0016102081655090619,97
mt5,5,a_ratio,10,0.7,0.1672431330312915,0.10155636641698723,0.06142611683848798,0.37273483374323335,97
mt5,5,nqc,10,0.7,0.3585217619865183,0.00031106710689028243,0.22895189003436428,0.0008926252002239728,97
mt5,5,bertQPP,10,0.7,0.3947567274734707,6.300307984297572e-05,0.28479381443298973,3.585581186521998e-05,97
mt5,5,bertQPP(QV),10,0.7,0.3732208792831082,0.0001664509995219543,0.2594501718213059,0.00016660580916833792,97
mt5,5,spatial,10,0.72,0.3497364633876213,0.0004457062823917137,0.21993127147766325,0.0014156009702633058,97
mt5,5,a_ratio,10,0.72,0.17072658735699253,0.09453158068664799,0.06185567010309279,0.3694011818632015,97
mt5,5,nqc,10,0.72,0.3600045785076439,0.00029244537695410656,0.23067010309278352,0.00081607670119364,97
mt5,5,bertQPP,10,0.72,0.39380229463180727,6.586964006910577e-05,0.2843642611683849,3.6841170569694906e-05,97
mt5,5,bertQPP(QV),10,0.72,0.37376668264317847,0.00016253651018248303,0.25601374570446744,0.000203164735220203,97
mt5,5,spatial,10,0.74,0.34857482373444815,0.0004670531037472996,0.2216494845360825,0.001298168853613724,97
mt5,5,a_ratio,10,0.74,0.17470446975095136,0.0869846338349832,0.06400343642611686,0.3530123788503621,97
mt5,5,nqc,10,0.74,0.3606491305664594,0.0002846759003660241,0.22938144329896912,0.0008728876884960134,97
mt5,5,bertQPP,10,0.74,0.39212070403137306,7.121763415694307e-05,0.27878006872852235,5.2230841404023976e-05,97
mt5,5,bertQPP(QV),10,0.74,0.37357187768966593,0.0001639237589236573,0.25859106529209624,0.00017511595223064058,97
mt5,5,spatial,10,0.76,0.34723005254968164,0.0004929352606241054,0.21864261168384883,0.0015100189795415188,97
mt5,5,a_ratio,10,0.76,0.1792870165841721,0.0788924438990123,0.06529209621993129,0.34340339579060297,97
mt5,5,nqc,10,0.76,0.36050030052468585,0.0002864528188605978,0.22680412371134026,0.0009976667225656776,97
mt5,5,bertQPP,10,0.76,0.3897232128431213,7.954413143384578e-05,0.27534364261168387,6.454501938742568e-05,97
mt5,5,bertQPP(QV),10,0.76,0.37264828593814264,0.00017065129055703057,0.2598797250859107,0.00016249811961052113,97
mt5,5,spatial,10,0.78,0.3457134010557068,0.0005237005013723936,0.21907216494845363,0.0014779202366871586,97
mt5,5,a_ratio,10,0.78,0.1846185340339904,0.07024844378416718,0.06743986254295534,0.3277635503646662,97
mt5,5,nqc,10,0.78,0.35961508381072593,0.0002972346320829847,0.22422680412371138,0.0011387880187863695,97
mt5,5,bertQPP,10,0.78,0.3866327354733754,9.161498778278349e-05,0.2689003436426117,9.538240628081039e-05,97
mt5,5,bertQPP(QV),10,0.78,0.3710201584226017,0.00018313654555648367,0.26116838487972516,0.00015073942387955493,97
mt5,5,spatial,10,0.8,0.34403642118468547,0.0005597610399399413,0.2177835051546392,0.0015761513468118154,97
mt5,5,a_ratio,10,0.8,0.19089084687929736,0.061075775975229896,0.07431271477663232,0.2808725107935828,97
mt5,5,nqc,10,0.8,0.35805934741982504,0.00031709398431025674,0.22207903780068733,0.0012702502748310276,97
mt5,5,bertQPP,10,0.8,0.38288296064916205,0.00010854283197817722,0.2676116838487973,0.00010302809096628477,97
mt5,5,bertQPP(QV),10,0.8,0.36872295210199896,0.000202193892787352,0.25859106529209624,0.00017511595223064058,97
mt5,5,spatial,10,0.82,0.3422108322389442,0.0006015937152191853,0.21434707903780073,0.0018682268943729797,97
mt5,5,a_ratio,10,0.82,0.19836297333773953,0.05144807045251415,0.08032646048109966,0.24376503221542667,97
mt5,5,nqc,10,0.82,0.3559045695677413,0.00034662258344860783,0.2216494845360825,0.001298168853613724,97
mt5,5,bertQPP,10,0.82,0.3785170189917938,0.00013189336887528357,0.26116838487972516,0.00015073942387955493,97
mt5,5,bertQPP(QV),10,0.82,0.36580165061886827,0.00022907625060242554,0.256872852233677,0.0001933769855221948,97
mt5,5,spatial,10,0.84,0.34024839729034156,0.000649740221017067,0.21262886597938147,0.002032205430312129,97
mt5,5,a_ratio,10,0.84,0.20738985729722553,0.04152074362924756,0.08419243986254298,0.22181074839562664,97
mt5,5,nqc,10,0.84,0.3532247976095043,0.00038687239889804536,0.2212199312714777,0.001326652810302692,97
mt5,5,bertQPP,10,0.84,0.37358580747641024,0.0001638241991367488,0.25601374570446744,0.000203164735220203,97
mt5,5,bertQPP(QV),10,0.84,0.3623087753304005,0.0002655378507501799,0.2508591065292096,0.00027237466938260737,97
mt5,5,spatial,10,0.86,0.33816081082020366,0.0007048072379418235,0.21219931271477666,0.0020752134680172376,97
mt5,5,a_ratio,10,0.86,0.21846318317811844,0.0315742803597228,0.08848797250859108,0.19912082868170233,97
mt5,5,nqc,10,0.86,0.35009399378877937,0.0004393187722876203,0.22079037800687287,0.0013557124652369783,97
mt5,5,bertQPP,10,0.86,0.3681460985011449,0.000207259190675756,0.24871134020618557,0.00030728207639036943,97
mt5,5,bertQPP(QV),10,0.86,0.3583022450467905,0.0003139148980607014,0.24183848797250862,0.0004492042155364218,97
mt5,5,spatial,10,0.88,0.3359595985987016,0.0007674663110961446,0.21048109965635742,0.002255725464528707,97
mt5,5,a_ratio,10,0.88,0.23226366390387948,0.022063134382632396,0.09450171821305844,0.17027316035268703,97
mt5,5,nqc,10,0.88,0.3465838664818288,0.000505834499803217,0.2212199312714777,0.001326652810302692,97
mt5,5,bertQPP,10,0.88,0.36225856700403286,0.0002660989716184063,0.23969072164948454,0.0005048251929224872,97
mt5,5,bertQPP(QV),10,0.88,0.35384323625126796,0.00037721955958445986,0.23152920962199317,0.0007801296905645403,97
mt5,5,spatial,10,0.9,0.3336560303378917,0.0008384533321755434,0.2100515463917526,0.0023030471051788694,97
mt5,5,a_ratio,10,0.9,0.24970333313575754,0.013639564336393987,0.1048109965635739,0.1282784361242476,97
mt5,5,nqc,10,0.9,0.3427622197412864,0.0005886666212644345,0.22079037800687287,0.0013557124652369783,97
mt5,5,bertQPP,10,0.9,0.35598586021655776,0.00034546415260127653,0.22895189003436428,0.0008926252002239728,97
mt5,5,bertQPP(QV),10,0.9,0.3489941735506168,0.0004592409887192534,0.2255154639175258,0.0010660691222714972,97
mt5,5,spatial,10,0.92,0.3312610452401876,0.0009185675017541688,0.20833333333333337,0.0025015666651811157,97
mt5,5,a_ratio,10,0.92,0.2718447987600009,0.007068970765455461,0.1202749140893471,0.08092834885233069,97
mt5,5,nqc,10,0.92,0.33869180297151724,0.0006904098720517577,0.21391752577319592,0.001908041073171658,97
mt5,5,bertQPP,10,0.92,0.3493908144323425,0.00045196250652445653,0.2255154639175258,0.0010660691222714972,97
mt5,5,bertQPP(QV),10,0.92,0.34381694834610305,0.0005646452073898453,0.22079037800687287,0.0013557124652369783,97
mt5,5,spatial,10,0.94,0.3287851902124672,0.0010086696673229391,0.2053264604810997,0.002887015591872923,97
mt5,5,a_ratio,10,0.94,0.299220677008302,0.002907909917234105,0.13402061855670105,0.051800200122302374,97
mt5,5,nqc,10,0.94,0.3344296079279978,0.0008139727227246867,0.2130584192439863,0.0019900166497547295,97
mt5,5,bertQPP,10,0.94,0.3425348960018939,0.0005939650059216534,0.2203608247422681,0.0013853583021557498,97
mt5,5,bertQPP(QV),10,0.94,0.33837142822754285,0.0006990640055516567,0.2169243986254296,0.001644941169576058,97
mt5,5,spatial,10,0.96,0.32623857022928393,0.0011096799548994942,0.20103092783505158,0.0035320539175627825,97
mt5,5,a_ratio,10,0.96,0.32887445919285485,0.0010052858765600898,0.16838487972508595,0.01454739544260673,97
mt5,5,nqc,10,0.96,0.3300265410560954,0.0009625337441106858,0.2053264604810997,0.002887015591872923,97
mt5,5,bertQPP,10,0.96,0.33547691422035913,0.0007818692370874269,0.2053264604810997,0.002887015591872923,97
mt5,5,bertQPP(QV),10,0.96,0.33271428556672733,0.000869161999664139,0.20317869415807563,0.0031947282487263706,97
mt5,5,spatial,10,0.98,0.32363081010665096,0.0012225746363783453,0.19759450171821308,0.0041396512632380965,97
mt5,5,a_ratio,10,0.98,0.34602642349807333,0.0005172102446968797,0.19501718213058422,0.004655971971265852,97
mt5,5,nqc,10,0.98,0.32552739264307773,0.0011394876970659466,0.2018900343642612,0.0033934144348203364,97
mt5,5,bertQPP,10,0.98,0.32827202577998604,0.0010283235016903625,0.2014604810996564,0.0034621026042757834,97
mt5,5,bertQPP(QV),10,0.98,0.3268981448890498,0.0010826710083241113,0.20060137457044677,0.0036032888355043277,97
mt5,5,spatial,10,1.0,0.32097102678730915,0.0013483822006344931,0.19458762886597944,0.004747484369155047,97
mt5,5,a_ratio,10,1.0,0.32097102678730915,0.0013483822006344931,0.19458762886597944,0.004747484369155047,97
mt5,5,nqc,10,1.0,0.32097102678730915,0.0013483822006344931,0.19458762886597944,0.004747484369155047,97
mt5,5,bertQPP,10,1.0,0.32097102678730915,0.0013483822006344931,0.19458762886597944,0.004747484369155047,97
mt5,5,bertQPP(QV),10,1.0,0.32097102678730915,0.0013483822006344931,0.19458762886597944,0.004747484369155047,97
mt5,5,spatial,11,0.0,0.25885485632993066,0.010462125003978813,0.1512027491408935,0.028226597294347726,97
mt5,5,a_ratio,11,0.0,0.13160075259686294,0.1988233722254004,0.02448453608247423,0.7223661580007107,97
mt5,5,nqc,11,0.0,0.11061668139870946,0.28074872825135627,0.011168384879725088,0.8712539798728897,97
mt5,5,bertQPP,11,0.0,0.2419719081486737,0.01694714987227943,0.19759450171821308,0.0041396512632380965,97
mt5,5,bertQPP(QV),11,0.0,0.18689940218155726,0.06679202150029932,0.15335051546391754,0.026061836085581373,97
mt5,5,spatial,11,0.02,0.2632126395665885,0.009191683671559548,0.1550687285223368,0.024434836082135623,97
mt5,5,a_ratio,11,0.02,0.13192506111164898,0.19770926037869024,0.025343642611683852,0.7130485680719618,97
mt5,5,nqc,11,0.02,0.11551344390996957,0.2598678902899554,0.1202749140893471,0.08092834885233069,97
mt5,5,bertQPP,11,0.02,0.24593980243422456,0.015172033400083483,0.19888316151202753,0.0039014834427261624,97
mt5,5,bertQPP(QV),11,0.02,0.19112209895136079,0.06075721233594614,0.15592783505154642,0.023654871935139845,97
mt5,5,spatial,11,0.04,0.26757374014064217,0.008057982367990612,0.15807560137457047,0.021798803662876853,97
mt5,5,a_ratio,11,0.04,0.13226276119532762,0.19655392886700787,0.02448453608247423,0.7223661580007107,97
mt5,5,nqc,11,0.04,0.12061357337831324,0.23927207677240936,0.14132302405498284,0.040290653027956765,97
mt5,5,bertQPP,11,0.04,0.25002335887368404,0.013515690219381751,0.19931271477663232,0.003824903963020039,97
mt5,5,bertQPP(QV),11,0.04,0.1954858615886849,0.05499563933055704,0.1597938144329897,0.02040649882574069,97
mt5,5,spatial,11,0.06,0.27192912286404847,0.007050575275156026,0.1628006872852234,0.018155972846842318,97
mt5,5,a_ratio,11,0.06,0.1326146984169907,0.1953550762674198,0.025343642611683852,0.7130485680719618,97
mt5,5,nqc,11,0.06,0.1259258510109303,0.2190541328537362,0.16108247422680416,0.01941379508307944,97
mt5,5,bertQPP,11,0.06,0.2542244235358634,0.011978026811618983,0.202319587628866,0.003325969220576063,97
mt5,5,bertQPP(QV),11,0.06,0.1999945910355755,0.04952144471246253,0.15936426116838492,0.0207470988785446,97
mt5,5,spatial,11,0.08,0.2762690194417837,0.006159112850673688,0.1628006872852234,0.018155972846842318,97
mt5,5,a_ratio,11,0.08,0.13298179093774073,0.19411022930172891,0.027061855670103097,0.6945424903122657,97
mt5,5,nqc,11,0.08,0.13145901301668309,0.19931171229667183,0.17225085910652924,0.012434959394241826,97
mt5,5,bertQPP,11,0.08,0.2585444245230553,0.010558227575291766,0.20360824742268044,0.003130893451622874,97
mt5,5,bertQPP(QV),11,0.08,0.20465190062227942,0.04434723257957329,0.1628006872852234,0.018155972846842318,97
mt5,5,spatial,11,0.1,0.2805829385134523,0.0053734562398612086,0.1658075601374571,0.016125841537736958,97
mt5,5,a_ratio,11,0.1,0.13336503745675055,0.19281672681707193,0.026202749140893475,0.7037735989090746,97
mt5,5,nqc,11,0.1,0.13722161782897457,0.1801459045818888,0.17396907216494847,0.011586707769612953,97
mt5,5,bertQPP,11,0.1,0.26298427206445807,0.009254730615829446,0.20575601374570449,0.0028288190417010725,97
mt5,5,bertQPP(QV),11,0.1,0.20946101452077898,0.03948375206653463,0.16323024054982818,0.017852894393926448,97
mt5,5,spatial,11,0.12,0.28485968775655357,0.00468378072680062,0.16752577319587633,0.015057708996420909,97
mt5,5,a_ratio,11,0.12,0.1337655262222944,0.19147170198951052,0.027061855670103097,0.6945424903122657,97
mt5,5,nqc,11,0.12,0.14322187864955607,0.1616594474917649,0.17654639175257736,0.010410504577977625,97
mt5,5,bertQPP,11,0.12,0.2675442426011324,0.008065216617889013,0.20704467353951894,0.0026605976928076114,97
mt5,5,bertQPP(QV),11,0.12,0.21442464702072533,0.034939583887415665,0.16408934707903783,0.01726000960595295,97
mt5,5,spatial,11,0.14,0.2890874094792416,0.004080665966277595,0.16924398625429557,0.01405239227763608,97
mt5,5,a_ratio,11,0.14,0.13418444527770823,0.19007206252519418,0.027491408934707907,0.6899437658549277,97
mt5,5,nqc,11,0.14,0.1494674548379966,0.143954508072426,0.18170103092783507,0.008372001763204117,97
mt5,5,bertQPP,11,0.14,0.2722238450528789,0.006986612821091584,0.20833333333333337,0.0025015666651811157,97
mt5,5,bertQPP(QV),11,0.14,0.2195448599726944,0.03072084240445791,0.1670962199312715,0.015318729327102553,97
mt5,5,spatial,11,0.16,0.29325363098099033,0.0035551713319400013,0.17139175257731962,0.012879359856548544,97
mt5,5,a_ratio,11,0.16,0.13462309414388102,0.1886144686023701,0.027061855670103097,0.6945424903122657,97
mt5,5,nqc,11,0.16,0.1559651949995208,0.12713004200749248,0.18513745704467358,0.007219338175415614,97
mt5,5,bertQPP,11,0.16,0.27702166747464013,0.006015113800888189,0.20833333333333337,0.0025015666651811157,97
mt5,5,bertQPP(QV),11,0.16,0.2248228956273678,0.026830907331704776,0.17139175257731962,0.012879359856548544,97
mt5,5,spatial,11,0.18,0.2973453307279074,0.003098895372097833,0.1786941580756014,0.00951278395726825,97
mt5,5,a_ratio,11,0.18,0.13508289717829822,0.187095308261653,0.028350515463917533,0.680780730027897,97
mt5,5,nqc,11,0.18,0.1627208241156443,0.11127877842021587,0.1911512027491409,0.005540236417616152,97
mt5,5,bertQPP,11,0.18,0.28193520242646203,0.00514622026717864,0.20790378006872856,0.0025535840012904936,97
mt5,5,bertQPP(QV),11,0.18,0.23025898208516032,0.02327020068549127,0.17396907216494847,0.011586707769612953,97
mt5,5,spatial,11,0.2,0.3013490210686586,0.0027040190405604463,0.1829896907216495,0.007921746820669876,97
mt5,5,a_ratio,11,0.2,0.13556541889748489,0.18551066991116155,0.02920962199312715,0.6716645680851198,97
mt5,5,nqc,11,0.2,0.16973856685914657,0.09648392356658134,0.19201030927835053,0.00533157487845821,97
mt5,5,bertQPP,11,0.2,0.2869606496366646,0.004374796429083742,0.2100515463917526,0.0023030471051788694,97
mt5,5,bertQPP(QV),11,0.2,0.2358521087115648,0.020036025352095116,0.17740549828178698,0.010042744211065484,97
mt5,5,spatial,11,0.22,0.30525084780478084,0.002363333022381872,0.18341924398625434,0.007776554495134835,97
mt5,5,a_ratio,11,0.22,0.13607238160702992,0.18385631156662194,0.030498281786941587,0.6580807665431417,97
mt5,5,nqc,11,0.22,0.17702069953523245,0.08281573054673272,0.1898625429553265,0.005867063974983271,97
mt5,5,bertQPP,11,0.22,0.29209269498232987,0.0036951456454009327,0.21434707903780073,0.0018682268943729797,97
mt5,5,bertQPP(QV),11,0.22,0.24159976923725493,0.01712248134441938,0.18213058419243988,0.008219435652041644,97
mt5,5,spatial,11,0.24,0.3090367064284548,0.0020702500633631507,0.18341924398625434,0.007776554495134835,97
mt5,5,a_ratio,11,0.24,0.13660568575389123,0.18212762639389699,0.03178694158075602,0.6446089162462232,97
mt5,5,nqc,11,0.24,0.18456702415946086,0.07032813830994804,0.19072164948453613,0.005647306460207743,97
mt5,5,bertQPP,11,0.24,0.2973242655044146,0.0031011031174048857,0.21520618556701035,0.0017908788065225548,97
mt5,5,bertQPP(QV),11,0.24,0.24749767093432268,0.014520474166760278,0.1911512027491409,0.005540236417616152,97
mt5,5,spatial,11,0.26,0.31269237426130014,0.0018188037046012139,0.1898625429553265,0.005867063974983271,97
mt5,5,a_ratio,11,0.26,0.13716743350282093,0.18031960406211128,0.033075601374570454,0.6312527656924587,97
mt5,5,nqc,11,0.26,0.19237426036036737,0.05905573422149473,0.19286941580756015,0.005130036782382208,97
mt5,5,bertQPP,11,0.26,0.3026462611862719,0.00258614333743468,0.2169243986254296,0.001644941169576058,97
mt5,5,bertQPP(QV),11,0.26,0.25353940934454705,0.012217826468272477,0.19201030927835053,0.00533157487845821,97
mt5,5,spatial,11,0.28,0.3162036570866181,0.001603635196080854,0.19158075601374575,0.0054350017041903615,97
mt5,5,a_ratio,11,0.28,0.13775995614697367,0.17842678734931042,0.032646048109965645,0.6356917335694203,97
mt5,5,nqc,11,0.28,0.2004353544946746,0.04901132988681535,0.1937285223367698,0.004935409194231109,97
mt5,5,bertQPP,11,0.28,0.30804726563097584,0.002143498960027702,0.21907216494845363,0.0014779202366871586,97
mt5,5,bertQPP(QV),11,0.28,0.2597161096522277,0.010199499241064173,0.19630584192439868,0.0043909374810577745,97
mt5,5,spatial,11,0.3,0.3195565481898659,0.0014199706043935933,0.1890034364261169,0.006094500520977148,97
mt5,5,a_ratio,11,0.3,0.13838584609786742,0.17644322336947466,0.033505154639175264,0.6268270582661877,97
mt5,5,nqc,11,0.3,0.20873871105538544,0.04018444762440992,0.19201030927835053,0.00533157487845821,97
mt5,5,bertQPP,11,0.3,0.3135132396537898,0.0017662868088326037,0.22207903780068733,0.0012702502748310276,97
mt5,5,bertQPP(QV),11,0.3,0.2660160380734854,0.008447922306380988,0.20274914089347082,0.003259747042536618,97
mt5,5,spatial,11,0.32,0.3227373970402344,0.0012635902388349982,0.18857388316151205,0.006211170636578692,97
mt5,5,a_ratio,11,0.32,0.13904799436945048,0.1743624087103979,0.03522336769759451,0.6092594479622931,97
mt5,5,nqc,11,0.32,0.2172673596178757,0.03254098321106029,0.19458762886597944,0.004747484369155047,97
mt5,5,bertQPP,11,0.32,0.31902720423393593,0.0014476359804825518,0.2255154639175258,0.0010660691222714972,97
mt5,5,bertQPP(QV),11,0.32,0.2724241897057449,0.006943426087784097,0.2018900343642612,0.0033934144348203364,97
mt5,5,spatial,11,0.34,0.32573308419883085,0.0011307925074325205,0.1868556701030928,0.006698222213035896,97
mt5,5,a_ratio,11,0.34,0.13974963468511498,0.17217722768796156,0.036512027491408944,0.5962292897960457,97
mt5,5,nqc,11,0.34,0.22599808160968843,0.026024231344786795,0.1937285223367698,0.004935409194231109,97
mt5,5,bertQPP,11,0.34,0.324568922296479,0.0011808125632587416,0.22637457044673542,0.0010200025736501021,97
mt5,5,bertQPP(QV),11,0.34,0.278921863254216,0.005664758335503544,0.20360824742268044,0.003130893451622874,97
mt5,5,spatial,11,0.36,0.3285311984685646,0.0010183541981948407,0.1898625429553265,0.005867063974983271,97
mt5,5,a_ratio,11,0.36,0.14049439560837046,0.16987988283714042,0.03565292096219932,0.6049019912656891,97
mt5,5,nqc,11,0.36,0.23490053529122565,0.02055733352897986,0.1941580756013746,0.0048406217198878375,97
mt5,5,bertQPP,11,0.36,0.33011459243145036,0.0009593354433918312,0.23109965635738836,0.0007979153488644113,97
mt5,5,bertQPP(QV),11,0.36,0.2854862379836984,0.004589661447643355,0.20360824742268044,0.003130893451622874,97
mt5,5,spatial,11,0.38,0.33112021185096985,0.0009234889847120426,0.19201030927835053,0.00533157487845821,97
mt5,5,a_ratio,11,0.38,0.14128636244534037,0.16746181667929294,0.036512027491408944,0.5962292897960457,97
mt5,5,nqc,11,0.38,0.24393643425933115,0.016047044912924167,0.19201030927835053,0.00533157487845821,97
mt5,5,bertQPP,11,0.38,0.33563657184572104,0.0007770780793554291,0.2392611683848798,0.0005166931871154039,97
mt5,5,bertQPP(QV),11,0.38,0.292089974095887,0.00369547941362955,0.20489690721649487,0.002946303078171719,97
mt5,5,spatial,11,0.4,0.33348964758680527,0.000843805705167845,0.19802405498281792,0.004058834798972484,97
mt5,5,a_ratio,11,0.4,0.14213015111420885,0.1649136237389017,0.03823024054982819,0.5790561270652871,97
mt5,5,nqc,11,0.4,0.2530588536120536,0.012388540735787115,0.19158075601374575,0.0054350017041903615,97
mt5,5,bertQPP,11,0.4,0.3411031504234147,0.000628351987281288,0.23969072164948454,0.0005048251929224872,97
mt5,5,bertQPP(QV),11,0.4,0.29870086431517906,0.002959759280522213,0.20747422680412375,0.0026065887949513057,97
mt5,5,spatial,11,0.42,0.33563023646427026,0.0007772676853572384,0.19974226804123715,0.0037496927052216027,97
mt5,5,a_ratio,11,0.42,0.1430309967557192,0.16222495174712978,0.03780068728522337,0.5833275904873889,97
mt5,5,nqc,11,0.42,0.2622117567508343,0.0094708280510477,0.19802405498281792,0.004058834798972484,97
mt5,5,bertQPP,11,0.42,0.34647840244242295,0.0005079689405544018,0.2392611683848798,0.0005166931871154039,97
mt5,5,bertQPP(QV),11,0.42,0.30528157137412204,0.002360811311647398,0.21477663230240554,0.0018291772025326055,97
mt5,5,spatial,11,0.44,0.33753405670478187,0.0007221540921551568,0.2014604810996564,0.0034621026042757834,97
mt5,5,a_ratio,11,0.44,0.14399486061431074,0.15938439099050958,0.040807560137457045,0.5537409286316863,97
mt5,5,nqc,11,0.44,0.27132985155887923,0.007182230632314506,0.19802405498281792,0.004058834798972484,97
mt5,5,bertQPP,11,0.44,0.3517221467809923,0.0004112804254524104,0.2405498281786942,0.0004818477915141724,97
mt5,5,bertQPP(QV),11,0.44,0.3117894926368755,0.0018781951411058894,0.2177835051546392,0.0015761513468118154,97
mt5,5,spatial,11,0.46,0.33919465309094116,0.0006770240324648051,0.20060137457044677,0.0036032888355043277,97
mt5,5,a_ratio,11,0.46,0.14502855971286863,0.1563793508822949,0.040378006872852236,0.5579222431626273,97
mt5,5,nqc,11,0.46,0.280338893052287,0.005415402550174979,0.19974226804123715,0.0037496927052216027,97
mt5,5,bertQPP,11,0.46,0.3567900496723871,0.00033419454700540615,0.2439862542955327,0.0003993454119661632,97
mt5,5,bertQPP(QV),11,0.46,0.31817679827271356,0.0014931060941634129,0.21821305841924402,0.0015427588468996702,97
mt5,5,spatial,11,0.48,0.3406071315782066,0.0006406838673224204,0.19888316151202753,0.0039014834427261624,97
mt5,5,a_ratio,11,0.48,0.14613992516089613,0.1531959231174679,0.04166666666666668,0.5454246199804633,97
mt5,5,nqc,11,0.48,0.289156545293753,0.004071408219064434,0.1984536082474227,0.003979453005162126,97
mt5,5,bertQPP,11,0.48,0.3616339053528449,0.00027317215732110267,0.2452749140893471,0.0003719636432157586,97
mt5,5,bertQPP(QV),11,0.48,0.324390691851822,0.001188645641450897,0.21649484536082478,0.0016803624081385136,97
mt5,5,spatial,11,0.5,0.34176822640775006,0.0006121579997525852,0.19759450171821308,0.0041396512632380965,97
mt5,5,a_ratio,11,0.5,0.14733799669644268,0.14981873132352963,0.04166666666666668,0.5454246199804633,97
mt5,5,nqc,11,0.5,0.2976938930354885,0.0030625683781313135,0.20317869415807563,0.0031947282487263706,97
mt5,5,bertQPP,11,0.5,0.36620212827486287,0.00022520530444666612,0.24613402061855674,0.00035469522611087794,97
mt5,5,bertQPP(QV),11,0.5,0.3303739403938136,0.0009499713119328471,0.21864261168384883,0.0015100189795415188,97
mt5,5,spatial,11,0.52,0.34267633767398675,0.0005906632217458552,0.19931271477663232,0.003824903963020039,97
mt5,5,a_ratio,11,0.52,0.1486332634370956,0.1462307681013139,0.04123711340206186,0.5495750194028222,97
mt5,5,nqc,11,0.52,0.30585764921875946,0.002313975048048107,0.20661512027491413,0.0027156275780873427,97
mt5,5,bertQPP,11,0.52,0.3704404848635837,0.00018778203767425835,0.2452749140893471,0.0003719636432157586,97
mt5,5,bertQPP(QV),11,0.52,0.33606571310961236,0.0007643326185164385,0.22293814432989695,0.0012160687743494618,97
mt5,5,spatial,11,0.54,0.3433315383447243,0.0005755865701822572,0.1984536082474227,0.003979453005162126,97
mt5,5,a_ratio,11,0.54,0.15003796404966407,0.142413222019786,0.040378006872852236,0.5579222431626273,97
mt5,5,nqc,11,0.54,0.313553037364917,0.00176377587349045,0.20704467353951894,0.0026605976928076114,97
mt5,5,bertQPP,11,0.54,0.374293082169355,0.00015884208635898303,0.24570446735395193,0.0003632334933323789,97
mt5,5,bertQPP(QV),11,0.54,0.34140275296218137,0.0006210090094459788,0.22293814432989695,0.0012160687743494618,97
mt5,5,spatial,11,0.56,0.3437355508239902,0.0005664665407257624,0.2018900343642612,0.0033934144348203364,97
mt5,5,a_ratio,11,0.56,0.15156646399692414,0.13834529989144784,0.04424398625429554,0.52085358029868,97
mt5,5,nqc,11,0.56,0.3206872424820688,0.0013624764929195212,0.20876288659793818,0.0024505203740822256,97
mt5,5,bertQPP,11,0.56,0.3777036147171762,0.0001367279628498226,0.24613402061855674,0.00035469522611087794,97
mt5,5,bertQPP(QV),11,0.56,0.34632088206926664,0.0005111723155241916,0.22766323024054988,0.0009543472910132449,97
mt5,5,spatial,11,0.58,0.3438916942233901,0.0005629774380072718,0.20489690721649487,0.002946303078171719,97
mt5,5,a_ratio,11,0.58,0.15323573370336224,0.13400405415153224,0.046391752577319596,0.5008221569685896,97
mt5,5,nqc,11,0.58,0.32717323110651414,0.0010715843711678588,0.2096219931271478,0.002351276432455258,97
mt5,5,bertQPP,11,0.58,0.3806168495914312,0.0001201357067181772,0.24957044673539522,0.00029284438819506046,97
mt5,5,bertQPP(QV),11,0.58,0.35075681143946635,0.0004276990477194215,0.23195876288659797,0.0007627126312502382,97
mt5,5,spatial,11,0.6,0.3438048045051715,0.00056491659431609,0.20876288659793818,0.0024505203740822256,97
mt5,5,a_ratio,11,0.6,0.15506596017163837,0.12936423241292766,0.04596219931271478,0.5047955105031363,97
mt5,5,nqc,11,0.6,0.3329336569228906,0.0008619183903978399,0.209192439862543,0.002400428947085522,97
mt5,5,bertQPP,11,0.6,0.38298030453425275,0.00010806891889600608,0.25472508591065296,0.00021872261513442568,97
mt5,5,bertQPP(QV),11,0.6,0.3546501897776725,0.00036495737170621345,0.2336769759450172,0.0006965926026270434,97
mt5,5,spatial,11,0.62,0.3434811305242971,0.0005721941619547646,0.2134879725085911,0.0019486331283160838,97
mt5,5,a_ratio,11,0.62,0.15708133693398,0.12439817789181601,0.04896907216494846,0.4773342987798882,97
mt5,5,nqc,11,0.62,0.33790451229836727,0.0007118543115411572,0.21134020618556704,0.0021637443470699886,97
mt5,5,bertQPP,11,0.62,0.3847460469456041,9.97990848848671e-05,0.25859106529209624,0.00017511595223064058,97
mt5,5,bertQPP(QV),11,0.62,0.3579457891450937,0.0003185904046800364,0.23754295532646055,0.0005668140402706258,97
mt5,5,spatial,11,0.64,0.34292820968461535,0.0005848251712362061,0.21176975945017185,0.0021190549684448486,97
mt5,5,a_ratio,11,0.64,0.15931109499133483,0.11907582798921296,0.05240549828178695,0.4469779106399572,97
mt5,5,nqc,11,0.64,0.3420381751229496,0.0006056947374027958,0.21262886597938147,0.002032205430312129,97
mt5,5,bertQPP,11,0.64,0.38587251660769073,9.483460383560006e-05,0.2620274914089347,0.00014335046231608574,97
mt5,5,bertQPP(QV),11,0.64,0.3605956926931627,0.0002853127356360056,0.24012027491408938,0.0004932117335580638,97
mt5,5,spatial,11,0.66,0.342154727407355,0.0006029235424322584,0.20790378006872856,0.0025535840012904936,97
mt5,5,a_ratio,11,0.66,0.1617908632649853,0.11336488802059431,0.053694158075601385,0.43588378893929247,97
mt5,5,nqc,11,0.66,0.34530554385892154,0.0005322691344986041,0.21606529209621997,0.0017164841150655054,97
mt5,5,bertQPP,11,0.66,0.3863262558782635,9.29005441987109e-05,0.26116838487972516,0.00015073942387955493,97
mt5,5,bertQPP(QV),11,0.66,0.3625613278230342,0.0002627318780147449,0.24312714776632308,0.0004186340215940853,97
mt5,5,spatial,11,0.68,0.34117036487610597,0.0006266977423833121,0.20403780068728525,0.00306822352558543,97
mt5,5,a_ratio,11,0.68,0.16456448521755465,0.10723130454260717,0.056701030927835065,0.41062402699366984,97
mt5,5,nqc,11,0.68,0.3476970489053516,0.0004838016798891907,0.2173539518900344,0.0016102081655090619,97
mt5,5,bertQPP,11,0.68,0.3860834221732521,9.393101385313934e-05,0.2624570446735396,0.00013978519828252247,97
mt5,5,bertQPP(QV),11,0.68,0.3638151826861986,0.00024920161534012044,0.2491408934707904,0.00029998189638302743,97
mt5,5,spatial,11,0.7,0.3399856395746229,0.0006564477824810052,0.20575601374570449,0.0028288190417010725,97
mt5,5,a_ratio,11,0.7,0.1676864751688143,0.10064023846500299,0.057560137457044684,0.40356988208906586,97
mt5,5,nqc,11,0.7,0.3492224597075213,0.00045503883005610225,0.21907216494845363,0.0014779202366871586,97
mt5,5,bertQPP,11,0.7,0.38513096203171804,9.807619246582034e-05,0.2594501718213059,0.00016660580916833792,97
mt5,5,bertQPP(QV),11,0.7,0.36434205855766105,0.00024371043409685558,0.25429553264604815,0.00022415245533308512,97
mt5,5,spatial,11,0.72,0.33861174298922614,0.0006925632628056123,0.20317869415807563,0.0031947282487263706,97
mt5,5,a_ratio,11,0.72,0.17122538354465058,0.09355785861521813,0.05541237113402062,0.42134149715143543,97
mt5,5,nqc,11,0.72,0.34990954966160615,0.0004426034092593878,0.21950171821305847,0.0014464512863097319,97
mt5,5,bertQPP,11,0.72,0.38346734531149707,0.00010572650562767643,0.2689003436426117,9.538240628081039e-05,97
mt5,5,bertQPP(QV),11,0.72,0.364139745490626,0.00024580562544160723,0.2521477663230241,0.0002532519652694692,97
mt5,5,spatial,11,0.74,0.33706037953450085,0.0007355221765952368,0.202319587628866,0.003325969220576063,97
mt5,5,a_ratio,11,0.74,0.1752684705124048,0.08595446647969186,0.057130584192439875,0.4070878413580533,97
mt5,5,nqc,11,0.74,0.3498018075348684,0.000444532534810844,0.2169243986254296,0.001644941169576058,97
mt5,5,bertQPP,11,0.74,0.38110279098061906,0.00011755704923470843,0.2603092783505155,0.00015848586196658186,97
mt5,5,bertQPP(QV),11,0.74,0.3632190600230759,0.0002555520570952873,0.2517182130584193,0.00025948171452482385,97
mt5,5,spatial,11,0.76,0.3353436103150502,0.0007858901998495277,0.20274914089347082,0.003259747042536618,97
mt5,5,a_ratio,11,0.76,0.17992828575399855,0.07780975722336576,0.06314432989690723,0.3595119194286538,97
mt5,5,nqc,11,0.76,0.34895547272975025,0.00045995689296203057,0.21563573883161516,0.0017533187111864498,97
mt5,5,bertQPP,11,0.76,0.37805895881133744,0.00013459606087252171,0.2525773195876289,0.00024716269151633816,97
mt5,5,bertQPP(QV),11,0.76,0.36160324425402024,0.00027352376408794343,0.24785223367697598,0.0003223841860548392,97
mt5,5,spatial,11,0.78,0.3334737047964206,0.0008443202030878448,0.20103092783505158,0.0035320539175627825,97
mt5,5,a_ratio,11,0.78,0.18535205136597943,0.06912146082032099,0.06529209621993129,0.34340339579060297,97
mt5,5,nqc,11,0.78,0.3474362107405625,0.0004888838579885828,0.21520618556701035,0.0017908788065225548,97
mt5,5,bertQPP,11,0.78,0.37436812825711296,0.00015832177028984274,0.24957044673539522,0.00029284438819506046,97
mt5,5,bertQPP(QV),11,0.78,0.35932678600870843,0.00030082600142743816,0.24312714776632308,0.0004186340215940853,97
mt5,5,spatial,11,0.8,0.33146300286468616,0.0009115517367187164,0.19802405498281792,0.004058834798972484,97
mt5,5,a_ratio,11,0.8,0.19173518086591718,0.059919208010641385,0.07130584192439864,0.3007958300881056,97
mt5,5,nqc,11,0.8,0.34531573522793496,0.000532053468329103,0.21864261168384883,0.0015100189795415188,97
mt5,5,bertQPP,11,0.8,0.3700719301796282,0.0001907920503183373,0.24183848797250862,0.0004492042155364218,97
mt5,5,bertQPP(QV),11,0.8,0.35643377080559835,0.0003391448747400016,0.2405498281786942,0.0004818477915141724,97
mt5,5,spatial,11,0.82,0.3293237891433074,0.0009884102588530199,0.19544673539518906,0.0045660596694361046,97
mt5,5,a_ratio,11,0.82,0.19934083930826413,0.05028612474895759,0.08290378006872855,0.22896569995644822,97
mt5,5,nqc,11,0.82,0.3426686348225969,0.0005908426016951304,0.2173539518900344,0.0016102081655090619,97
mt5,5,bertQPP,11,0.82,0.36521973265658525,0.00023481057230758949,0.2379725085910653,0.0005538759115824682,97
mt5,5,bertQPP(QV),11,0.82,0.35297591080478663,0.00039082082606808964,0.23496563573883167,0.0006505425158083947,97
mt5,5,spatial,11,0.84,0.32706818083970424,0.0010758058953518885,0.1937285223367698,0.004935409194231109,97
mt5,5,a_ratio,11,0.84,0.20852795360762832,0.0403908454481577,0.08247422680412372,0.23138680179907667,97
mt5,5,nqc,11,0.84,0.3395695919236018,0.0006671981522556047,0.2173539518900344,0.0016102081655090619,97
mt5,5,bertQPP,11,0.84,0.3598668043690077,0.00029413126744167367,0.23152920962199317,0.0007801296905645403,97
mt5,5,bertQPP(QV),11,0.84,0.34901041029541124,0.00045894093928237727,0.22465635738831619,0.0011140538745299275,97
mt5,5,spatial,11,0.86,0.32470802983825003,0.0011747315468760033,0.19243986254295536,0.005229928831102741,97
mt5,5,a_ratio,11,0.86,0.21978946957113882,0.03053057283836934,0.09063573883161513,0.18843365829791547,97
mt5,5,nqc,11,0.86,0.3360911036109503,0.0007635845409539937,0.2100515463917526,0.0023030471051788694,97
mt5,5,bertQPP,11,0.86,0.35407238612579395,0.00037369950497220014,0.2212199312714777,0.001326652810302692,97
mt5,5,bertQPP(QV),11,0.86,0.3445978219439886,0.0005474432464514616,0.21907216494845363,0.0014779202366871586,97
mt5,5,spatial,11,0.88,0.3222548392598831,0.0012862601868276619,0.1911512027491409,0.005540236417616152,97
mt5,5,a_ratio,11,0.88,0.2337966038903282,0.02117665338774006,0.09621993127147768,0.16263626465805225,97
mt5,5,nqc,11,0.88,0.3323017443056697,0.0008829346772165134,0.209192439862543,0.002400428947085522,97
mt5,5,bertQPP,11,0.88,0.3478977937054154,0.0004799234292779595,0.21520618556701035,0.0017908788065225548,97
mt5,5,bertQPP(QV),11,0.88,0.33980002665630055,0.0006612241499487594,0.21048109965635742,0.002255725464528707,97
mt5,5,spatial,11,0.9,0.319719694283348,0.0014115412271170182,0.19243986254295536,0.005229928831102741,97
mt5,5,a_ratio,11,0.9,0.25141656300337434,0.012987744952857382,0.10524054982817871,0.12672143082539938,97
mt5,5,nqc,11,0.9,0.32826495395099226,0.0010285967671521785,0.20704467353951894,0.0026605976928076114,97
mt5,5,bertQPP,11,0.9,0.3414046563348337,0.0006209626117594064,0.20618556701030932,0.0027716955730928564,97
mt5,5,bertQPP(QV),11,0.9,0.3346784381746184,0.0008062380816373419,0.202319587628866,0.003325969220576063,97
mt5,5,spatial,11,0.92,0.31711320667508297,0.00155179586503636,0.19158075601374575,0.0054350017041903615,97
mt5,5,a_ratio,11,0.92,0.2735571055586217,0.0067036235767481255,0.11297250859106532,0.10113858933462912,97
mt5,5,nqc,11,0.92,0.32403829728583267,0.0012042722858205816,0.20446735395189009,0.0030066996042901117,97
mt5,5,bertQPP,11,0.92,0.3346533690154877,0.0008070142802797345,0.20661512027491413,0.0027156275780873427,97
mt5,5,bertQPP(QV),11,0.92,0.3292924976032119,0.0009895770696633048,0.19759450171821308,0.0041396512632380965,97
mt5,5,spatial,11,0.94,0.3144454722046286,0.0017083113632404023,0.18857388316151205,0.006211170636578692,97
mt5,5,a_ratio,11,0.94,0.3002703724876042,0.002805686592338864,0.13402061855670105,0.051800200122302374,97
mt5,5,nqc,11,0.94,0.31967311847425983,0.001413943047974645,0.20103092783505158,0.0035320539175627825,97
mt5,5,bertQPP,11,0.94,0.327701808046994,0.0010505710282329842,0.19673539518900346,0.004305679427335466,97
mt5,5,bertQPP(QV),11,0.94,0.32369848832460024,0.0012195174584957904,0.19243986254295536,0.005229928831102741,97
mt5,5,spatial,11,0.96,0.3117260399266164,0.0018824342546821745,0.18384879725085912,0.0076337511300162714,97
mt5,5,a_ratio,11,0.96,0.3273347394786584,0.001065123441406573,0.15936426116838492,0.0207470988785446,97
mt5,5,nqc,11,0.96,0.31521450791775657,0.001661787582395681,0.19286941580756015,0.005130036782382208,97
mt5,5,bertQPP,11,0.96,0.3206043314207157,0.001366619480048145,0.1902920962199313,0.005756239608165468,97
mt5,5,bertQPP(QV),11,0.96,0.3179486721004174,0.001505522002600679,0.18814432989690724,0.00632984784895861,97
mt5,5,spatial,11,0.98,0.30896389218240694,0.0020755625039332827,0.18341924398625434,0.007776554495134835,97
mt5,5,a_ratio,11,0.98,0.3382280938384725,0.0007029678544367352,0.1859965635738832,0.006954397086601862,97
mt5,5,nqc,11,0.98,0.31070150061001783,0.0019520888533058015,0.18728522336769762,0.006573343269072617,97
mt5,5,bertQPP,11,0.98,0.31341106209571523,0.0017727482577032617,0.18728522336769762,0.006573343269072617,97
mt5,5,bertQPP(QV),11,0.98,0.3120907246421221,0.0018581880786206848,0.1868556701030928,0.006698222213035896,97
mt5,5,spatial,11,1.0,0.30616743410585373,0.002289136694139767,0.17998281786941583,0.009007907605249525,97
mt5,5,a_ratio,11,1.0,0.30616743410585373,0.002289136694139767,0.17998281786941583,0.009007907605249525,97
mt5,5,nqc,11,1.0,0.30616743410585373,0.002289136694139767,0.17998281786941583,0.009007907605249525,97
mt5,5,bertQPP,11,1.0,0.30616743410585373,0.002289136694139767,0.17998281786941583,0.009007907605249525,97
mt5,5,bertQPP(QV),11,1.0,0.30616743410585373,0.002289136694139767,0.17998281786941583,0.009007907605249525,97
mt5,5,spatial,12,0.0,0.25885485632993066,0.010462125003978813,0.1512027491408935,0.028226597294347726,97
mt5,5,a_ratio,12,0.0,0.13160075259686294,0.1988233722254004,0.02448453608247423,0.7223661580007107,97
mt5,5,nqc,12,0.0,0.11061668139870946,0.28074872825135627,0.011168384879725088,0.8712539798728897,97
mt5,5,bertQPP,12,0.0,0.2419719081486737,0.01694714987227943,0.19759450171821308,0.0041396512632380965,97
mt5,5,bertQPP(QV),12,0.0,0.18689940218155726,0.06679202150029932,0.15335051546391754,0.026061836085581373,97
mt5,5,spatial,12,0.02,0.2632671475401579,0.009176691172857023,0.1550687285223368,0.024434836082135623,97
mt5,5,a_ratio,12,0.02,0.1319330761331915,0.19768178304861722,0.025343642611683852,0.7130485680719618,97
mt5,5,nqc,12,0.02,0.11563230149735539,0.25937457347863513,0.12714776632302408,0.06502915478137135,97
mt5,5,bertQPP,12,0.02,0.24610616164968024,0.015101268223537906,0.19931271477663232,0.003824903963020039,97
mt5,5,bertQPP(QV),12,0.02,0.19126777411272258,0.060557232521998586,0.15764604810996566,0.022159535570441733,97
mt5,5,spatial,12,0.04,0.26768253114684526,0.008031350852431373,0.1585051546391753,0.021443192891173694,97
mt5,5,a_ratio,12,0.04,0.1322791266304652,0.19649806372027426,0.02491408934707904,0.7177021136751226,97
mt5,5,nqc,12,0.04,0.12085731546912014,0.23831698765522724,0.14475945017182132,0.035674068768179766,97
mt5,5,bertQPP,12,0.04,0.25036511966235014,0.013384484224240911,0.19888316151202753,0.0039014834427261624,97
mt5,5,bertQPP(QV),12,0.04,0.1957854532332577,0.05461711682626873,0.16065292096219932,0.019739903980340746,97
mt5,5,spatial,12,0.06,0.27209221296442704,0.007015116791528851,0.16237113402061856,0.018463547347092265,97
mt5,5,a_ratio,12,0.06,0.13263977112880337,0.195269869385849,0.02491408934707904,0.7177021136751226,97
mt5,5,nqc,12,0.06,0.1263008753099656,0.21767391128008823,0.16408934707903783,0.01726000960595295,97
mt5,5,bertQPP,12,0.06,0.2547511442541306,0.011796442680826904,0.202319587628866,0.003325969220576063,97
mt5,5,bertQPP(QV),12,0.06,0.2004568597554857,0.04898655237038138,0.16065292096219932,0.019739903980340746,97
mt5,5,spatial,12,0.08,0.27648671344866826,0.006117152171818856,0.1628006872852234,0.018155972846842318,97
mt5,5,a_ratio,12,0.08,0.1330159511301863,0.19399468079694573,0.026632302405498288,0.6991524853070341,97
mt5,5,nqc,12,0.08,0.13197210593587083,0.19754801924117174,0.1786941580756014,0.00951278395726825,97
mt5,5,bertQPP,12,0.08,0.25926619316912286,0.010335964716814493,0.20403780068728525,0.00306822352558543,97
mt5,5,bertQPP(QV),12,0.08,0.2052861478773496,0.043678647652182066,0.16237113402061856,0.018463547347092265,97
mt5,5,spatial,12,0.1,0.28085587995844397,0.0053268855273500984,0.16494845360824745,0.01668446543769203,97
mt5,5,a_ratio,12,0.1,0.133408690752267,0.19266978814138294,0.026632302405498288,0.6991524853070341,97
mt5,5,nqc,12,0.1,0.1378799709064319,0.17804517801149525,0.18771477663230243,0.006450561996249079,97
mt5,5,bertQPP,12,0.1,0.2639117152816226,0.009001023920367909,0.20575601374570449,0.0028288190417010725,97
mt5,5,bertQPP(QV),12,0.1,0.21027710108060765,0.03870438885342936,0.16494845360824745,0.01668446543769203,97
mt5,5,spatial,12,0.12,0.2851889102102928,0.004634113285876911,0.16408934707903783,0.01726000960595295,97
mt5,5,a_ratio,12,0.12,0.13381910597543434,0.19129227309263233,0.028780068728522342,0.6762167162300601,97
mt5,5,nqc,12,0.12,0.1440331025822447,0.15927245844226082,0.1911512027491409,0.005540236417616152,97
mt5,5,bertQPP,12,0.12,0.2686885284940586,0.007788738449639778,0.20833333333333337,0.0025015666651811157,97
mt5,5,bertQPP(QV),12,0.12,0.21543300684823471,0.03407229356851448,0.16408934707903783,0.01726000960595295,97
mt5,5,spatial,12,0.14,0.2894743881373919,0.004029087852096148,0.16838487972508595,0.01454739544260673,97
mt5,5,a_ratio,12,0.14,0.13424841515767533,0.18985898885514849,0.028350515463917533,0.680780730027897,97
mt5,5,nqc,12,0.14,0.1504395899939903,0.1413356915641132,0.19158075601374575,0.0054350017041903615,97
mt5,5,bertQPP,12,0.14,0.27359667794564474,0.0066953814275322555,0.2096219931271478,0.002351276432455258,97
mt5,5,bertQPP(QV),12,0.14,0.22075650780464665,0.02978808555519091,0.16967353951890035,0.013810511589466142,97
mt5,5,spatial,12,0.16,0.2937003332143451,0.0035025897867157455,0.17310996563573885,0.01200419316896961,97
mt5,5,a_ratio,12,0.16,0.13469795102429363,0.1883665379515848,0.02792096219931272,0.6853564626190167,97
mt5,5,nqc,12,0.16,0.15710671697988018,0.1243365860313044,0.19243986254295536,0.005229928831102741,97
mt5,5,bertQPP,12,0.16,0.2786352723724512,0.005716411521311597,0.20833333333333337,0.0025015666651811157,97
mt5,5,bertQPP(QV),12,0.16,0.2262494261095522,0.02585440714573825,0.17310996563573885,0.01200419316896961,97
mt5,5,spatial,12,0.18,0.29785426408804505,0.0030459833150287404,0.17654639175257736,0.010410504577977625,97
mt5,5,a_ratio,12,0.18,0.13516917437902135,0.18681124746318212,0.028780068728522342,0.6762167162300601,97
mt5,5,nqc,12,0.18,0.164040642587082,0.10836946767489264,0.19587628865979384,0.004477722918252414,97
mt5,5,bertQPP,12,0.18,0.283802296536473,0.004846524953053149,0.2100515463917526,0.0023030471051788694,97
mt5,5,bertQPP(QV),12,0.18,0.23191255786501863,0.022270587557914882,0.17568728522336774,0.01079019991112942,97
mt5,5,spatial,12,0.2,0.301923277058432,0.0026512550811677795,0.17740549828178698,0.010042744211065484,97
mt5,5,a_ratio,12,0.2,0.13566368983118043,0.18518914139512302,0.030068728522336774,0.6625964496656107,97
mt5,5,nqc,12,0.2,0.17124601547684337,0.09351775328830399,0.19501718213058422,0.004655971971265852,97
mt5,5,bertQPP,12,0.2,0.2890943978656072,0.004079729321287776,0.21219931271477666,0.0020752134680172376,97
mt5,5,bertQPP(QV),12,0.2,0.23774543438306528,0.019032485989385332,0.18084192439862545,0.008684754281086702,97
mt5,5,spatial,12,0.22,0.30589413958052536,0.0023110367071178103,0.1778350515463918,0.009863239446727635,97
mt5,5,a_ratio,12,0.22,0.13618326389247723,0.18349590979408195,0.032646048109965645,0.6356917335694203,97
mt5,5,nqc,12,0.22,0.17872551432563882,0.07985032931470308,0.19931271477663232,0.003824903963020039,97
mt5,5,bertQPP,12,0.22,0.29450664587513486,0.0034094385513011006,0.21520618556701035,0.0017908788065225548,97
mt5,5,bertQPP(QV),12,0.22,0.24374604748322998,0.016132427690512395,0.18256013745704472,0.00806936233603351,97
mt5,5,spatial,12,0.24,0.30975339851464423,0.0020186122812716977,0.18084192439862545,0.008684754281086702,97
mt5,5,a_ratio,12,0.24,0.1367298458694922,0.18172687419498992,0.033505154639175264,0.6268270582661877,97
mt5,5,nqc,12,0.24,0.1864793072497825,0.06741806578039362,0.19888316151202753,0.0039014834427261624,97
mt5,5,bertQPP,12,0.24,0.3000322636441352,0.002828587077176829,0.2173539518900344,0.0016102081655090619,97
mt5,5,bertQPP(QV),12,0.24,0.2499105366422567,0.0135592488402623,0.19329896907216498,0.0050318722795436996,97
mt5,5,spatial,12,0.26,0.3134875023447108,0.001767912360259841,0.1868556701030928,0.006698222213035896,97
mt5,5,a_ratio,12,0.26,0.13730559206750578,0.17987694891801723,0.03393470790378007,0.6224147431170471,97
mt5,5,nqc,12,0.26,0.1945044254517943,0.05625074768154308,0.19931271477663232,0.003824903963020039,97
mt5,5,bertQPP,12,0.26,0.3056623316798518,0.0023297600689244106,0.21821305841924402,0.0015427588468996702,97
mt5,5,bertQPP(QV),12,0.26,0.25623283691965537,0.011298461746478246,0.19587628865979384,0.004477722918252414,97
mt5,5,spatial,12,0.28,0.3170829360306334,0.0015534964007418396,0.18771477663230243,0.006450561996249079,97
mt5,5,a_ratio,12,0.28,0.13791289393256329,0.17794059767488177,0.03393470790378007,0.6224147431170471,97
mt5,5,nqc,12,0.28,0.2027940500255529,0.04635473827085974,0.1984536082474227,0.003979453005162126,97
mt5,5,bertQPP,12,0.28,0.31138546601284933,0.0019053352583235416,0.2177835051546392,0.0015761513468118154,97
mt5,5,bertQPP(QV),12,0.28,0.2627042882728654,0.00933254558118234,0.20017182130584193,0.0036758280937195186,97
mt5,5,spatial,12,0.3,0.3205263665818069,0.0013705257369881658,0.1898625429553265,0.005867063974983271,97
mt5,5,a_ratio,12,0.3,0.13855441089759607,0.1759117848762094,0.03436426116838488,0.6180159506334773,97
mt5,5,nqc,12,0.3,0.211336716657758,0.03771168798188942,0.20060137457044677,0.0036032888355043277,97
mt5,5,bertQPP,12,0.3,0.3171874744249804,0.0015476308162893407,0.22723367697594504,0.000975784420613921,97
mt5,5,bertQPP(QV),12,0.3,0.26931320930938357,0.007641359733148674,0.20575601374570449,0.0028288190417010725,97
mt5,5,spatial,12,0.32,0.3238047968622204,0.0012147292886994503,0.1911512027491409,0.005540236417616152,97
mt5,5,a_ratio,12,0.32,0.13923310887281215,0.17378392096001985,0.03479381443298969,0.6136308097551222,97
mt5,5,nqc,12,0.32,0.22011545133499638,0.030278556906937103,0.202319587628866,0.003325969220576063,97
mt5,5,bertQPP,12,0.32,0.3230509974159335,0.0012490529324154787,0.23067010309278352,0.00081607670119364,97
mt5,5,bertQPP(QV),12,0.32,0.27604444185953003,0.006202667432800014,0.20575601374570449,0.0028288190417010725,97
mt5,5,spatial,12,0.34,0.3269057245956819,0.0010823641345408923,0.19243986254295536,0.005229928831102741,97
mt5,5,a_ratio,12,0.34,0.13995230554074628,0.17154980098765935,0.03479381443298969,0.6136308097551222,97
mt5,5,nqc,12,0.34,0.2291068615453575,0.023989120700179084,0.20317869415807563,0.0031947282487263706,97
mt5,5,bertQPP,12,0.34,0.32895514393779035,0.0010022363761311842,0.23067010309278352,0.00081607670119364,97
mt5,5,bertQPP(QV),12,0.34,0.2828788771335009,0.004992747451506852,0.20833333333333337,0.0025015666651811157,97
mt5,5,spatial,12,0.36,0.3298173030672416,0.0009701729405218519,0.19243986254295536,0.005229928831102741,97
mt5,5,a_ratio,12,0.36,0.14071572389602513,0.16920153568198742,0.03522336769759451,0.6092594479622931,97
mt5,5,nqc,12,0.36,0.23828022206848093,0.018756981865264317,0.20274914089347082,0.003259747042536618,97
mt5,5,bertQPP,12,0.36,0.33487513610210484,0.0008001714803432163,0.23410652920962205,0.0006809162092632265,97
mt5,5,bertQPP(QV),12,0.36,0.28979297973819196,0.003987062578994866,0.20833333333333337,0.0025015666651811157,97
mt5,5,spatial,12,0.38,0.33252849964898035,0.0008753400132481861,0.19286941580756015,0.005130036782382208,97
mt5,5,a_ratio,12,0.38,0.1415275558273582,0.16673047402019162,0.03608247422680413,0.6005585641963793,97
mt5,5,nqc,12,0.38,0.24759661206328454,0.014479925915589038,0.20103092783505158,0.0035320539175627825,97
mt5,5,bertQPP,12,0.38,0.340781981945377,0.0006363117300695829,0.23754295532646055,0.0005668140402706258,97
mt5,5,bertQPP(QV),12,0.38,0.29675833245799205,0.0031609465911603884,0.2130584192439863,0.0019900166497547295,97
mt5,5,spatial,12,0.4,0.3350292480477611,0.0007954474822782932,0.1937285223367698,0.004935409194231109,97
mt5,5,a_ratio,12,0.4,0.14239253799918034,0.16412711645210437,0.03823024054982819,0.5790561270652871,97
mt5,5,nqc,12,0.4,0.257008179866568,0.01104527373622559,0.20060137457044677,0.0036032888355043277,97
mt5,5,bertQPP,12,0.4,0.3466422007624067,0.0005046574347263252,0.2405498281786942,0.0004818477915141724,97
mt5,5,bertQPP(QV),12,0.4,0.3037412322646721,0.002490267836047238,0.2177835051546392,0.0015761513468118154,97
mt5,5,spatial,12,0.42,0.3373105901059723,0.0007284328282402745,0.1984536082474227,0.003979453005162126,97
mt5,5,a_ratio,12,0.42,0.14331604288624433,0.16138101781261077,0.040378006872852236,0.5579222431626273,97
mt5,5,nqc,12,0.42,0.2664576317775478,0.008335726022125031,0.2018900343642612,0.0033934144348203364,97
mt5,5,bertQPP,12,0.42,0.3524176311518512,0.0003998127059337543,0.24312714776632308,0.0004186340215940853,97
mt5,5,bertQPP(QV),12,0.42,0.31070237608097406,0.0019520283523552576,0.2203608247422681,0.0013853583021557498,97
mt5,5,spatial,12,0.44,0.3393648031019458,0.0006725486857053464,0.19802405498281792,0.004058834798972484,97
mt5,5,a_ratio,12,0.44,0.1443041885921449,0.15848067906343566,0.0425257731958763,0.5371707606067591,97
mt5,5,nqc,12,0.44,0.2758780579344089,0.0062351116971630085,0.20446735395189009,0.0030066996042901117,97
mt5,5,bertQPP,12,0.44,0.3580653572183521,0.00031701497053793123,0.24484536082474234,0.00038088964117221485,97
mt5,5,bertQPP(QV),12,0.44,0.31759668261674057,0.001524862942152632,0.22508591065292102,0.0010898172708815595,97
mt5,5,spatial,12,0.46,0.34118550880159676,0.000626325579241862,0.19974226804123715,0.0037496927052216027,97
mt5,5,a_ratio,12,0.46,0.1453639721055652,0.15541342718126225,0.04209621993127149,0.541289833276998,97
mt5,5,nqc,12,0.46,0.2851932176809068,0.004633466570781102,0.20446735395189009,0.0030066996042901117,97
mt5,5,bertQPP,12,0.46,0.3635377925446257,0.00025213828762502737,0.24656357388316158,0.0003463449485504128,97
mt5,5,bertQPP(QV),12,0.46,0.3243733029687159,0.001189412392026292,0.2255154639175258,0.0010660691222714972,97
mt5,5,spatial,12,0.48,0.34276776100106154,0.0005885380097024184,0.19888316151202753,0.0039014834427261624,97
mt5,5,a_ratio,12,0.48,0.14650343200420365,0.15216528287822734,0.04209621993127149,0.541289833276998,97
mt5,5,nqc,12,0.48,0.29431840305500034,0.0034309849115135393,0.2014604810996564,0.0034621026042757834,97
mt5,5,bertQPP,12,0.48,0.3687829635347429,0.0002016735626961783,0.24613402061855674,0.00035469522611087794,97
mt5,5,bertQPP(QV),12,0.48,0.3309758760644871,0.0009285577957008269,0.22594501718213064,0.0010428004886634003,97
mt5,5,spatial,12,0.5,0.3441081089526622,0.000558174102746014,0.19974226804123715,0.0037496927052216027,97
mt5,5,a_ratio,12,0.5,0.14773184842993622,0.148720816510195,0.040807560137457045,0.5537409286316863,97
mt5,5,nqc,12,0.5,0.30316197654033183,0.0025405811695045836,0.20575601374570449,0.0028288190417010725,97
mt5,5,bertQPP,12,0.5,0.37374503228374995,0.00016269014848810514,0.24828178694158082,0.0003147483455907583,97
mt5,5,bertQPP(QV),12,0.5,0.3373430835537431,0.0007275167708873146,0.22809278350515466,0.000933347093157991,97
mt5,5,spatial,12,0.52,0.3452046348520456,0.0005344088655917673,0.202319587628866,0.003325969220576063,97
mt5,5,a_ratio,12,0.52,0.14905999060606118,0.14506299367385023,0.040807560137457045,0.5537409286316863,97
mt5,5,nqc,12,0.52,0.3116276336961692,0.0018890256313818736,0.209192439862543,0.002400428947085522,97
mt5,5,bertQPP,12,0.52,0.3783650929259831,0.000132784150236743,0.2517182130584193,0.00025948171452482385,97
mt5,5,bertQPP(QV),12,0.52,0.34340955041941035,0.0005738151424672061,0.23195876288659797,0.0007627126312502382,97
mt5,5,spatial,12,0.54,0.34605696444113015,0.0005165809702485862,0.2018900343642612,0.0033934144348203364,97
mt5,5,a_ratio,12,0.54,0.15050042550139034,0.14117301389087547,0.040807560137457045,0.5537409286316863,97
mt5,5,nqc,12,0.54,0.31961737178396366,0.0014168226671219858,0.2096219931271478,0.002351276432455258,97
mt5,5,bertQPP,12,0.54,0.3825822632929453,0.00011001897269106252,0.2521477663230241,0.0002532519652694692,97
mt5,5,bertQPP(QV),12,0.54,0.34910712069401856,0.00045715749036894464,0.22938144329896912,0.0008728876884960134,97
mt5,5,spatial,12,0.56,0.34666625070091495,0.0005041728886540152,0.20489690721649487,0.002946303078171719,97
mt5,5,a_ratio,12,0.56,0.1520679058333742,0.13703014885750503,0.04424398625429554,0.52085358029868,97
mt5,5,nqc,12,0.56,0.3270350565065367,0.0010771401573696979,0.21048109965635742,0.002255725464528707,97
mt5,5,bertQPP,12,0.56,0.3863350749982506,9.286331853373114e-05,0.25386597938144334,0.00022970863763271067,97
mt5,5,bertQPP(QV),12,0.56,0.35436651134615926,0.0003692256216658041,0.23195876288659797,0.0007627126312502382,97
mt5,5,spatial,12,0.58,0.34703513151862053,0.0004967941424283799,0.20790378006872856,0.0025535840012904936,97
mt5,5,a_ratio,12,0.58,0.15377986198145552,0.13261159167844205,0.04725085910652922,0.4929254477765376,97
mt5,5,nqc,12,0.58,0.3337903815645354,0.0008341540161797064,0.21520618556701035,0.0017908788065225548,97
mt5,5,bertQPP,12,0.58,0.38956313996468905,8.013111757440408e-05,0.25386597938144334,0.00022970863763271067,97
mt5,5,bertQPP(QV),12,0.58,0.3591193122198295,0.0003034352306930677,0.24183848797250862,0.0004492042155364218,97
mt5,5,spatial,12,0.6,0.34716766306470537,0.0004941673917508881,0.2130584192439863,0.0019900166497547295,97
mt5,5,a_ratio,12,0.6,0.15565703135054493,0.1278923363748616,0.04810996563573884,0.4850959502795227,97
mt5,5,nqc,12,0.6,0.33980292707489335,0.0006611492697107412,0.21649484536082478,0.0016803624081385136,97
mt5,5,bertQPP,12,0.6,0.3922090413593361,7.092692468774805e-05,0.26116838487972516,0.00015073942387955493,97
mt5,5,bertQPP(QV),12,0.6,0.36330025842577585,0.00025467836021400624,0.24828178694158082,0.0003147483455907583,97
mt5,5,spatial,12,0.62,0.3470692313620627,0.0004961170686041178,0.2134879725085911,0.0019486331283160838,97
mt5,5,a_ratio,12,0.62,0.1577242714804839,0.12284511944940824,0.050687285223367705,0.46201693847175085,97
mt5,5,nqc,12,0.62,0.34500596321833665,0.0005386446764489293,0.21649484536082478,0.0016803624081385136,97
mt5,5,bertQPP,12,0.62,0.39422036480262557,6.459936950218452e-05,0.27362542955326463,7.168767375692266e-05,97
mt5,5,bertQPP(QV),12,0.62,0.3668496585752865,0.00021907400003014774,0.24355670103092786,0.0004088834881762593,97
mt5,5,spatial,12,0.64,0.34674644513613784,0.0005025602541609359,0.21649484536082478,0.0016803624081385136,97
mt5,5,a_ratio,12,0.64,0.1600116215580964,0.11744047509205885,0.053264604810996576,0.43956407502839534,97
mt5,5,nqc,12,0.64,0.34934963288762766,0.00045271324184467746,0.22207903780068733,0.0012702502748310276,97
mt5,5,bertQPP,12,0.64,0.3955517558344712,6.07044410613364e-05,0.27577319587628873,6.286763010435062e-05,97
mt5,5,bertQPP(QV),12,0.64,0.3697158243863179,0.00019374271862077498,0.24742268041237117,0.00033019314561040996,97
mt5,5,spatial,12,0.66,0.34620701347596206,0.0005134995039857496,0.2134879725085911,0.0019486331283160838,97
mt5,5,a_ratio,12,0.66,0.16255570374268088,0.11164698698261544,0.05541237113402062,0.42134149715143543,97
mt5,5,nqc,12,0.66,0.3528031915615669,0.00039358264703710067,0.22336769759450176,0.0011897860106094835,97
mt5,5,bertQPP,12,0.66,0.3961668671073023,5.8979865037042e-05,0.27620274914089354,6.123156446679978e-05,97
mt5,5,bertQPP(QV),12,0.66,0.3718573220399137,0.00017661493270043735,0.25386597938144334,0.00022970863763271067,97
mt5,5,spatial,12,0.68,0.34545961209997506,0.0005290173344415574,0.21091065292096223,0.002209296231634933,97
mt5,5,a_ratio,12,0.68,0.1654015951844833,0.10543186933787403,0.057989690721649494,0.40007019122296605,97
mt5,5,nqc,12,0.68,0.35535608143797714,0.00035453272843667005,0.22680412371134026,0.0009976667225656776,97
mt5,5,bertQPP,12,0.68,0.39604004875991994,5.93316427949804e-05,0.2740549828178695,6.983500538924286e-05,97
mt5,5,bertQPP(QV),12,0.68,0.3732448600453775,0.00016627719313487628,0.25902061855670105,0.00017081103710396531,97
mt5,5,spatial,12,0.7,0.3445137421071327,0.0005492720965869807,0.21091065292096223,0.002209296231634933,97
mt5,5,a_ratio,12,0.7,0.1686053605433492,0.09876208845513569,0.06185567010309279,0.3694011818632015,97
mt5,5,nqc,12,0.7,0.35701775380950584,0.0003310656442119207,0.22680412371134026,0.0009976667225656776,97
mt5,5,bertQPP,12,0.7,0.395157641817548,6.18339828838156e-05,0.27061855670103097,8.601885162206065e-05,97
mt5,5,bertQPP(QV),12,0.7,0.3738626464849626,0.0001618571340799602,0.25902061855670105,0.00017081103710396531,97
mt5,5,spatial,12,0.72,0.34337958501470245,0.0005744949781053561,0.2096219931271478,0.002351276432455258,97
mt5,5,a_ratio,12,0.72,0.17223752375775894,0.09160635980365159,0.06314432989690723,0.3595119194286538,97
mt5,5,nqc,12,0.72,0.3578163027380973,0.00032030465453765583,0.22680412371134026,0.0009976667225656776,97
mt5,5,bertQPP,12,0.72,0.39351875877307596,6.674433507133619e-05,0.26589347079037806,0.0001141250014345169,97
mt5,5,bertQPP(QV),12,0.72,0.3737090903556037,0.0001629455015391023,0.2620274914089347,0.00014335046231608574,97
mt5,5,spatial,12,0.74,0.3420678576599525,0.0006049878883607879,0.20704467353951894,0.0026605976928076114,97
mt5,5,a_ratio,12,0.74,0.17638789318971487,0.08393854870227174,0.0627147766323024,0.3627897011875757,97
mt5,5,nqc,12,0.74,0.3577961056441342,0.0003205728052693534,0.22422680412371138,0.0011387880187863695,97
mt5,5,bertQPP,12,0.74,0.39113547605555476,7.453596297346677e-05,0.2667525773195877,0.00010844269870482771,97
mt5,5,bertQPP(QV),12,0.74,0.3727967824704419,0.00016955266474447152,0.2641752577319588,0.00012634244111771396,97
mt5,5,spatial,12,0.76,0.34058967020089986,0.0006411219960537305,0.20661512027491413,0.0027156275780873427,97
mt5,5,a_ratio,12,0.76,0.18117236096440545,0.07574329692872042,0.06658075601374572,0.3339631552636785,97
mt5,5,nqc,12,0.76,0.3570147592132003,0.0003311066175925454,0.22250859106529214,0.001242886914966472,97
mt5,5,bertQPP,12,0.76,0.38803241496157415,8.59513444494897e-05,0.26503436426116844,0.00012008730713750342,97
mt5,5,bertQPP(QV),12,0.76,0.37115176202435096,0.0001820967929582886,0.2620274914089347,0.00014335046231608574,97
mt5,5,spatial,12,0.78,0.3389563900223325,0.0006833367031390342,0.20575601374570449,0.0028288190417010725,97
mt5,5,a_ratio,12,0.78,0.1867426104478105,0.06702512631416876,0.07087628865979383,0.3037170573623521,97
mt5,5,nqc,12,0.78,0.3555396399090508,0.0003518671914606519,0.2216494845360825,0.001298168853613724,97
mt5,5,bertQPP,12,0.78,0.38424574345015283,0.00010208048764939988,0.2577319587628867,0.0001840336555755922,97
mt5,5,bertQPP(QV),12,0.78,0.36881214421633934,0.0002014209986570087,0.24828178694158082,0.0003147483455907583,97
mt5,5,spatial,12,0.8,0.33717951386930806,0.0007321388529676663,0.20403780068728525,0.00306822352558543,97
mt5,5,a_ratio,12,0.8,0.19330012505040706,0.05782283408639662,0.07817869415807562,0.25660117603543875,97
mt5,5,nqc,12,0.8,0.3534444080443033,0.000383418920841407,0.22336769759450176,0.0011897860106094835,97
mt5,5,bertQPP,12,0.8,0.37982168269394756,0.00012446873469564067,0.2521477663230241,0.0002532519652694692,97
mt5,5,bertQPP(QV),12,0.8,0.36582624138169545,0.00022883680121308123,0.2414089347079038,0.0004598488311252096,97
mt5,5,spatial,12,0.82,0.3352705500217693,0.0007881019854895731,0.20403780068728525,0.00306822352558543,97
mt5,5,a_ratio,12,0.82,0.20111650258982233,0.0482315492568932,0.08204467353951891,0.23382603249144784,97
mt5,5,nqc,12,0.82,0.3508057238942421,0.0004268528616936952,0.22250859106529214,0.001242886914966472,97
mt5,5,bertQPP,12,0.82,0.37481464202790304,0.00015525845322325092,0.24355670103092786,0.0004088834881762593,97
mt5,5,bertQPP(QV),12,0.82,0.3622503469029794,0.0002661909423841418,0.2328178694158076,0.0007289565212236814,97
mt5,5,spatial,12,0.84,0.333240911817832,0.0008518654683293405,0.20103092783505158,0.0035320539175627825,97
mt5,5,a_ratio,12,0.84,0.2105626474990317,0.03843474780675831,0.08247422680412372,0.23138680179907667,97
mt5,5,nqc,12,0.84,0.3477003703891603,0.00048373727779669036,0.22079037800687287,0.0013557124652369783,97
mt5,5,bertQPP,12,0.84,0.36928512896241017,0.00019736779609811185,0.2336769759450172,0.0006965926026270434,97
mt5,5,bertQPP(QV),12,0.84,0.35814636417072376,0.0003159517006187526,0.22465635738831619,0.0011140538745299275,97
mt5,5,spatial,12,0.86,0.3311018233523323,0.0009241333500834179,0.1971649484536083,0.004221925130091803,97
mt5,5,a_ratio,12,0.86,0.22214889577885988,0.028745890613099425,0.08591065292096221,0.2125219840325313,97
mt5,5,nqc,12,0.86,0.34420289649443825,0.0005560821409528641,0.21821305841924402,0.0015427588468996702,97
mt5,5,bertQPP,12,0.86,0.36329758554974645,0.0002547070765005005,0.22723367697594504,0.000975784420613921,97
mt5,5,bertQPP(QV),12,0.86,0.3535794531994625,0.000381309372577431,0.22465635738831619,0.0011140538745299275,97
mt5,5,spatial,12,0.88,0.32886423773864104,0.0010056728016173322,0.1898625429553265,0.005867063974983271,97
mt5,5,a_ratio,12,0.88,0.23657217193639846,0.01964913196704751,0.09621993127147768,0.16263626465805225,97
mt5,5,nqc,12,0.88,0.34038382202129414,0.0006463077073981761,0.2177835051546392,0.0015761513468118154,97
mt5,5,bertQPP,12,0.88,0.35691829020973553,0.0003324290495163929,0.22336769759450176,0.0011897860106094835,97
mt5,5,bertQPP(QV),12,0.88,0.3486158400904845,0.00046628365760182386,0.21821305841924402,0.0015427588468996702,97
mt5,5,spatial,12,0.9,0.3265387679374748,0.0010973120326045489,0.19158075601374575,0.0054350017041903615,97
mt5,5,a_ratio,12,0.9,0.2547378268614954,0.01180100400751791,0.10524054982817871,0.12672143082539938,97
mt5,5,nqc,12,0.9,0.3363083865914611,0.0007572100598688187,0.2130584192439863,0.0019900166497547295,97
mt5,5,bertQPP,12,0.9,0.35021343923260817,0.0004372036123779312,0.2173539518900344,0.0016102081655090619,97
mt5,5,bertQPP(QV),12,0.9,0.34332089636540464,0.000575828606620561,0.2100515463917526,0.0023030471051788694,97
mt5,5,spatial,12,0.92,0.3241356298333973,0.0011999375939595364,0.1890034364261169,0.006094500520977148,97
mt5,5,a_ratio,12,0.92,0.2776078864600138,0.005905032469242149,0.1164089347079038,0.09117630712765404,97
mt5,5,nqc,12,0.92,0.33203578591458593,0.0008919189281724108,0.20876288659793818,0.0024505203740822256,97
mt5,5,bertQPP,12,0.92,0.3432474899664512,0.0005775006707470888,0.2096219931271478,0.002351276432455258,97
mt5,5,bertQPP(QV),12,0.92,0.33775755352904,0.000715924027526572,0.202319587628866,0.003325969220576063,97
mt5,5,spatial,12,0.94,0.32166459698028355,0.0013144910018687732,0.19201030927835053,0.00533157487845821,97
mt5,5,a_ratio,12,0.94,0.3052967727519305,0.0023595645187609905,0.13745704467353953,0.04608031263937092,97
mt5,5,nqc,12,0.94,0.3276188165797204,0.0010538452916209748,0.20446735395189009,0.0030066996042901117,97
mt5,5,bertQPP,12,0.94,0.3360818135767958,0.0007638581745781687,0.20274914089347082,0.003259747042536618,97
mt5,5,bertQPP(QV),12,0.94,0.33198507913547093,0.0008936412718479057,0.19759450171821308,0.0041396512632380965,97
mt5,5,spatial,12,0.96,0.3191349662400052,0.0014419646452988326,0.18943298969072167,0.005979808014005902,97
mt5,5,a_ratio,12,0.96,0.33358348120045267,0.0008407833464301591,0.16237113402061856,0.018463547347092265,97
mt5,5,nqc,12,0.96,0.3231038430178784,0.0012466182297395847,0.20017182130584193,0.0036758280937195186,97
mt5,5,bertQPP,12,0.96,0.32877367371177135,0.0010091069614699885,0.19458762886597944,0.004747484369155047,97
mt5,5,bertQPP(QV),12,0.96,0.3260582082404189,0.001117171594827545,0.19544673539518906,0.0045660596694361046,97
mt5,5,spatial,12,0.98,0.31655553339995635,0.0015833969654779894,0.18943298969072167,0.005979808014005902,97
mt5,5,a_ratio,12,0.98,0.34564334278679754,0.0005251632914418181,0.1859965635738832,0.006954397086601862,97
mt5,5,nqc,12,0.98,0.31853100307304877,0.0014740121621301951,0.19673539518900346,0.004305679427335466,97
mt5,5,bertQPP,12,0.98,0.3213755214267752,0.0013285214891477746,0.19158075601374575,0.0054350017041903615,97
mt5,5,bertQPP(QV),12,0.98,0.3200266004244823,0.0013958070296662874,0.1941580756013746,0.0048406217198878375,97
mt5,5,spatial,12,1.0,0.3139345777688355,0.0017398669221110705,0.19072164948453613,0.005647306460207743,97
mt5,5,a_ratio,12,1.0,0.3139345777688355,0.0017398669221110705,0.19072164948453613,0.005647306460207743,97
mt5,5,nqc,12,1.0,0.3139345777688355,0.0017398669221110705,0.19072164948453613,0.005647306460207743,97
mt5,5,bertQPP,12,1.0,0.3139345777688355,0.0017398669221110705,0.19072164948453613,0.005647306460207743,97
mt5,5,bertQPP(QV),12,1.0,0.3139345777688355,0.0017398669221110705,0.19072164948453613,0.005647306460207743,97
mt5,5,spatial,13,0.0,0.25885485632993066,0.010462125003978813,0.1512027491408935,0.028226597294347726,97
mt5,5,a_ratio,13,0.0,0.13160075259686294,0.1988233722254004,0.02448453608247423,0.7223661580007107,97
mt5,5,nqc,13,0.0,0.11061668139870946,0.28074872825135627,0.011168384879725088,0.8712539798728897,97
mt5,5,bertQPP,13,0.0,0.2419719081486737,0.01694714987227943,0.19759450171821308,0.0041396512632380965,97
mt5,5,bertQPP(QV),13,0.0,0.18689940218155726,0.06679202150029932,0.15335051546391754,0.026061836085581373,97
mt5,5,spatial,13,0.02,0.2628860172955699,0.009281973101930368,0.1550687285223368,0.024434836082135623,97
mt5,5,a_ratio,13,0.02,0.13190924068763912,0.1977635044879262,0.025343642611683852,0.7130485680719618,97
mt5,5,nqc,13,0.02,0.11530156551939438,0.26074887319628826,0.11726804123711342,0.08881318243030219,97
mt5,5,bertQPP,13,0.02,0.24584825025228724,0.01521109992769719,0.19931271477663232,0.003824903963020039,97
mt5,5,bertQPP(QV),13,0.02,0.19100607424617327,0.060916873577061215,0.15592783505154642,0.023654871935139845,97
mt5,5,spatial,13,0.04,0.2669134903667896,0.00822128347491499,0.1589347079037801,0.021092644173514117,97
mt5,5,a_ratio,13,0.04,0.13223045464905547,0.1966642442897158,0.02491408934707904,0.7177021136751226,97
mt5,5,nqc,13,0.04,0.12017999645385932,0.2409775820101194,0.1443298969072165,0.03622527510674091,97
mt5,5,bertQPP,13,0.04,0.24984006143552567,0.013586519928822495,0.20017182130584193,0.0036758280937195186,97
mt5,5,bertQPP(QV),13,0.04,0.1952527185805914,0.05529169345895807,0.15936426116838492,0.0207470988785446,97
mt5,5,spatial,13,0.06,0.27092860505889915,0.007271590649071937,0.1597938144329897,0.02040649882574069,97
mt5,5,a_ratio,13,0.06,0.13256519721697094,0.1955233794678186,0.025343642611683852,0.7130485680719618,97
mt5,5,nqc,13,0.06,0.12526027162536146,0.22151890529102475,0.15764604810996566,0.022159535570441733,97
mt5,5,bertQPP,13,0.06,0.2539493594907305,0.012073819287876977,0.2014604810996564,0.0034621026042757834,97
mt5,5,bertQPP(QV),13,0.06,0.1996434265497479,0.049930992635104726,0.15936426116838492,0.0207470988785446,97
mt5,5,spatial,13,0.08,0.2749220254673518,0.006424464801444598,0.1628006872852234,0.018155972846842318,97
mt5,5,a_ratio,13,0.08,0.13291433997195023,0.19433853143597682,0.025343642611683852,0.7130485680719618,97
mt5,5,nqc,13,0.08,0.13055063901451827,0.20246184817019358,0.16365979381443302,0.01755425786967657,97
mt5,5,bertQPP,13,0.08,0.25817775625824574,0.010672734248082908,0.20360824742268044,0.003130893451622874,97
mt5,5,bertQPP(QV),13,0.08,0.20418202597667903,0.044848007709940595,0.16065292096219932,0.019739903980340746,97
mt5,5,spatial,13,0.1,0.2788837627715427,0.0056716013426886085,0.16323024054982818,0.017852894393926448,97
mt5,5,a_ratio,13,0.1,0.13327883086729436,0.19310713951861913,0.02491408934707904,0.7177021136751226,97
mt5,5,nqc,13,0.1,0.13605917053912775,0.18389928599988933,0.17396907216494847,0.011586707769612953,97
mt5,5,bertQPP,13,0.1,0.2625263556057985,0.009382295820090246,0.209192439862543,0.002400428947085522,97
mt5,5,bertQPP(QV),13,0.1,0.20887197954560555,0.04005439072734209,0.1628006872852234,0.018155972846842318,97
mt5,5,spatial,13,0.12,0.28280319889060124,0.005004903288877591,0.16151202749140894,0.01909240321886764,97
mt5,5,a_ratio,13,0.12,0.1336597027649378,0.19182644352356457,0.026632302405498288,0.6991524853070341,97
mt5,5,nqc,13,0.12,0.1417936025070925,0.16592651495484673,0.18256013745704472,0.00806936233603351,97
mt5,5,bertQPP,13,0.12,0.2669956343291532,0.00820080914494359,0.21176975945017185,0.0021190549684448486,97
mt5,5,bertQPP(QV),13,0.12,0.2137162631188626,0.03555989517977223,0.16365979381443302,0.01755425786967657,97
mt5,5,spatial,13,0.14,0.2866691225340067,0.004416554665023224,0.16623711340206188,0.015852745291372216,97
mt5,5,a_ratio,13,0.14,0.1340580831398831,0.19049346432561634,0.026202749140893475,0.7037735989090746,97
mt5,5,nqc,13,0.14,0.1477611369952563,0.14863941284131424,0.1778350515463918,0.009863239446727635,97
mt5,5,bertQPP,13,0.14,0.2715853038874212,0.007125846476377034,0.21091065292096223,0.002209296231634933,97
mt5,5,bertQPP(QV),13,0.14,0.21871722099459784,0.03137206849669807,0.16924398625429557,0.01405239227763608,97
mt5,5,spatial,13,0.16,0.2904697787453742,0.003899083567896008,0.17053264604811,0.013337754848227265,97
mt5,5,a_ratio,13,0.16,0.13447520514372013,0.18910498220058747,0.025343642611683852,0.7130485680719618,97
mt5,5,nqc,13,0.16,0.15396819736198236,0.13213220583526206,0.17740549828178698,0.010042744211065484,97
mt5,5,bertQPP,13,0.16,0.27629415085723197,0.006154255764180965,0.21134020618556704,0.0021637443470699886,97
mt5,5,bertQPP(QV),13,0.16,0.2238763949449982,0.02749596402966774,0.17439862542955328,0.011382836808156348,97
mt5,5,spatial,13,0.18,0.29419293282039843,0.0034454139536336235,0.17053264604811,0.013337754848227265,97
mt5,5,a_ratio,13,0.18,0.13491242025405137,0.18765751261172894,0.026632302405498288,0.6991524853070341,97
mt5,5,nqc,13,0.18,0.16042013060686477,0.11649486594442822,0.18084192439862545,0.008684754281086702,97
mt5,5,bertQPP,13,0.18,0.2811198540602357,0.005282186442517198,0.2130584192439863,0.0019900166497547295,97
mt5,5,bertQPP(QV),13,0.18,0.22919432378348542,0.023933887488017114,0.17482817869415812,0.011182156616858724,97
mt5,5,spatial,13,0.2,0.2978259491843809,0.0030489056795165786,0.17268041237113405,0.01221789425088413,97
mt5,5,a_ratio,13,0.2,0.13537121278083802,0.1861472791072375,0.02920962199312715,0.6716645680851198,97
mt5,5,nqc,13,0.2,0.16712084907961,0.10181020194272881,0.18041237113402064,0.008845012615594157,97
mt5,5,bertQPP,13,0.2,0.28605877653249445,0.004505133467376775,0.21391752577319592,0.001908041073171658,97
mt5,5,bertQPP(QV),13,0.2,0.23467031027040752,0.02068519414910981,0.17568728522336774,0.01079019991112942,97
mt5,5,spatial,13,0.22,0.30135588543949127,0.0027033827907559866,0.17268041237113405,0.01221789425088413,97
mt5,5,a_ratio,13,0.22,0.13585321655479368,0.1845701829378792,0.0313573883161512,0.6490868603039283,97
mt5,5,nqc,13,0.22,0.17407240429740692,0.08815075222431396,0.18170103092783507,0.008372001763204117,97
mt5,5,bertQPP,13,0.22,0.2911057309185649,0.0038179999046877725,0.21649484536082478,0.0016803624081385136,97
mt5,5,bertQPP(QV),13,0.22,0.24030215245535008,0.01774615364717787,0.17998281786941583,0.009007907605249525,97
mt5,5,spatial,13,0.24,0.3047696013399912,0.0024031504747761365,0.17740549828178698,0.010042744211065484,97
mt5,5,a_ratio,13,0.24,0.13636023418947282,0.18292176894682857,0.033505154639175264,0.6268270582661877,97
mt5,5,nqc,13,0.24,0.18127448660547538,0.07557563836565835,0.18041237113402064,0.008845012615594157,97
mt5,5,bertQPP,13,0.24,0.29625371755698837,0.003215177462610604,0.21606529209621997,0.0017164841150655054,97
mt5,5,bertQPP(QV),13,0.24,0.24608583716684193,0.015109898397889513,0.18943298969072167,0.005979808014005902,97
mt5,5,spatial,13,0.26,0.30805388193417027,0.0021430014833200652,0.18256013745704472,0.00806936233603351,97
mt5,5,a_ratio,13,0.26,0.13689425939089855,0.1811971872187642,0.032216494845360835,0.6401438286436847,97
mt5,5,nqc,13,0.26,0.18872384643002954,0.06412758760725729,0.18213058419243988,0.008219435652041644,97
mt5,5,bertQPP,13,0.26,0.3014936355602216,0.0026906433293548467,0.21821305841924402,0.0015427588468996702,97
mt5,5,bertQPP(QV),13,0.26,0.25201519441692183,0.012766469437061688,0.19286941580756015,0.005130036782382208,97
mt5,5,spatial,13,0.28,0.31119557354018346,0.0019182131282360043,0.1829896907216495,0.007921746820669876,97
mt5,5,a_ratio,13,0.28,0.13745750289062153,0.17939114990137817,0.033075601374570454,0.6312527656924587,97
mt5,5,nqc,13,0.28,0.19641363631904102,0.05383037280408532,0.18556701030927839,0.00708575590459897,97
mt5,5,bertQPP,13,0.28,0.30681396867502253,0.0022380705880529136,0.21649484536082478,0.0016803624081385136,97
mt5,5,bertQPP(QV),13,0.28,0.2580815131316943,0.010702969432905704,0.19673539518900346,0.004305679427335466,97
mt5,5,spatial,13,0.3,0.31418173062148336,0.0017245361782788843,0.18341924398625434,0.007776554495134835,97
mt5,5,a_ratio,13,0.3,0.13805242270546672,0.17749788252902063,0.033505154639175264,0.6268270582661877,97
mt5,5,nqc,13,0.3,0.2043326782921187,0.04468693936479732,0.18556701030927839,0.00708575590459897,97
mt5,5,bertQPP,13,0.3,0.31220044973984395,0.0018509484240213196,0.22293814432989695,0.0012160687743494618,97
mt5,5,bertQPP(QV),13,0.3,0.26427312101091394,0.008903826834663448,0.20661512027491413,0.0027156275780873427,97
mt5,5,spatial,13,0.32,0.316999771024725,0.0015581771172618107,0.18084192439862545,0.008684754281086702,97
mt5,5,a_ratio,13,0.32,0.13868175958704687,0.17551106908504,0.032646048109965645,0.6356917335694203,97
mt5,5,nqc,13,0.32,0.21246466868914843,0.036678479337353555,0.1859965635738832,0.006954397086601862,97
mt5,5,bertQPP,13,0.32,0.3176357102320708,0.0015227074270485203,0.22809278350515466,0.000933347093157991,97
mt5,5,bertQPP(QV),13,0.32,0.27057493462800075,0.007351167755138312,0.2100515463917526,0.0023030471051788694,97
mt5,5,spatial,13,0.34,0.3196376364724878,0.0014157752710340465,0.18084192439862545,0.008684754281086702,97
mt5,5,a_ratio,13,0.34,0.13934857872581746,0.1734237899368077,0.033505154639175264,0.6268270582661877,97
mt5,5,nqc,13,0.34,0.22078734311537118,0.029764663951938646,0.1890034364261169,0.006094500520977148,97
mt5,5,bertQPP,13,0.34,0.32309892479973523,0.0012468446397697357,0.22594501718213064,0.0010428004886634003,97
mt5,5,bertQPP(QV),13,0.34,0.27696799026043917,0.006025283760211663,0.20747422680412375,0.0026065887949513057,97
mt5,5,spatial,13,0.36,0.3220839547022157,0.0012943762806767955,0.17998281786941583,0.009007907605249525,97
mt5,5,a_ratio,13,0.36,0.1400563190305092,0.17122845166702166,0.033505154639175264,0.6268270582661877,97
mt5,5,nqc,13,0.36,0.22927163742880619,0.02388515361670627,0.18814432989690724,0.00632984784895861,97
mt5,5,bertQPP,13,0.36,0.3285654648370657,0.001017042721782143,0.22938144329896912,0.0008728876884960134,97
mt5,5,bertQPP(QV),13,0.36,0.2834289714935458,0.004905175077305402,0.2096219931271478,0.002351276432455258,97
mt5,5,spatial,13,0.38,0.3243281992490935,0.0011914033051239482,0.17998281786941583,0.009007907605249525,97
mt5,5,a_ratio,13,0.38,0.14080885163089912,0.16891670771005443,0.033505154639175264,0.6268270582661877,97
mt5,5,nqc,13,0.38,0.2378808968160238,0.01896237321566323,0.18556701030927839,0.00708575590459897,97
mt5,5,bertQPP,13,0.38,0.33400658005261213,0.0008272777690422385,0.23195876288659797,0.0007627126312502382,97
mt5,5,bertQPP(QV),13,0.38,0.2899297563713186,0.003969140916506818,0.21477663230240554,0.0018291772025326055,97
mt5,5,spatial,13,0.4,0.3263608426197846,0.0011046271939163586,0.18170103092783507,0.008372001763204117,97
mt5,5,a_ratio,13,0.4,0.14161054967254738,0.16647936858943468,0.03393470790378007,0.6224147431170471,97
mt5,5,nqc,13,0.4,0.2465702030288262,0.014905386090401204,0.18556701030927839,0.00708575590459897,97
mt5,5,bertQPP,13,0.4,0.33938913243564567,0.0006719109830503592,0.23539518900343648,0.0006358327263393619,97
mt5,5,bertQPP(QV),13,0.4,0.2964370146089509,0.0031953828230593126,0.21821305841924402,0.0015427588468996702,97
mt5,5,spatial,13,0.42,0.3281734985257781,0.001032136696601681,0.17912371134020622,0.009341755733078497,97
mt5,5,a_ratio,13,0.42,0.14246637201682502,0.1639063004535535,0.036512027491408944,0.5962292897960457,97
mt5,5,nqc,13,0.42,0.2552859080704541,0.011614548162642025,0.18384879725085912,0.0076337511300162714,97
mt5,5,bertQPP,13,0.42,0.3446754127250492,0.0005457604960936503,0.24012027491408938,0.0004932117335580638,97
mt5,5,bertQPP(QV),13,0.42,0.30291189370971505,0.00256258435714132,0.22508591065292102,0.0010898172708815595,97
mt5,5,spatial,13,0.44,0.32975904896000385,0.0009723095852337323,0.18084192439862545,0.008684754281086702,97
mt5,5,a_ratio,13,0.44,0.1433819641700234,0.16118631054104723,0.038659793814433,0.5747994088567128,97
mt5,5,nqc,13,0.44,0.2639654781467481,0.008986506066080965,0.186426116838488,0.006825229731210832,97
mt5,5,bertQPP,13,0.44,0.3498230748791965,0.0004441511318307577,0.24226804123711343,0.00043878992015195634,97
mt5,5,bertQPP(QV),13,0.44,0.3093098409767073,0.002050431689924444,0.22723367697594504,0.000975784420613921,97
mt5,5,spatial,13,0.46,0.33111175221710604,0.0009237853742816706,0.1868556701030928,0.006698222213035896,97
mt5,5,a_ratio,13,0.46,0.14436378069911038,0.15830701820739557,0.03823024054982819,0.5790561270652871,97
mt5,5,nqc,13,0.46,0.2725377604492625,0.006919049468663751,0.1868556701030928,0.006698222213035896,97
mt5,5,bertQPP,13,0.46,0.3547852283308599,0.0003629415598645148,0.24097938144329903,0.0004707284379041492,97
mt5,5,bertQPP(QV),13,0.46,0.31558061519252123,0.0016400450974357536,0.22637457044673542,0.0010200025736501021,97
mt5,5,spatial,13,0.48,0.33222732847117714,0.0008854401389774387,0.18256013745704472,0.00806936233603351,97
mt5,5,a_ratio,13,0.48,0.14541923462892506,0.15525471026285637,0.038659793814433,0.5747994088567128,97
mt5,5,nqc,13,0.48,0.2809237822840817,0.005315355538660569,0.1868556701030928,0.006698222213035896,97
mt5,5,bertQPP,13,0.48,0.3595107299169784,0.0002985299963725847,0.24484536082474234,0.00038088964117221485,97
mt5,5,bertQPP(QV),13,0.48,0.3216685455331894,0.0013143002910622151,0.2255154639175258,0.0010660691222714972,97
mt5,5,spatial,13,0.5,0.33310302021489574,0.0008563637664813314,0.18771477663230243,0.006450561996249079,97
mt5,5,a_ratio,13,0.5,0.146556880968851,0.15201417969401604,0.03823024054982819,0.5790561270652871,97
mt5,5,nqc,13,0.5,0.28903817199003695,0.004087270652713824,0.18943298969072167,0.005979808014005902,97
mt5,5,bertQPP,13,0.5,0.36394471601021794,0.00024784111356403096,0.24957044673539522,0.00029284438819506046,97
mt5,5,bertQPP(QV),13,0.5,0.32751309409901996,0.0010580298174528717,0.22594501718213064,0.0010428004886634003,97
mt5,5,spatial,13,0.52,0.33373762569772525,0.0008358398288723002,0.19286941580756015,0.005130036782382208,97
mt5,5,a_ratio,13,0.52,0.14778664374603154,0.14856854750352225,0.03694158075601375,0.5919142896074897,97
mt5,5,nqc,13,0.52,0.29679124995686856,0.0031574376273536707,0.19158075601374575,0.0054350017041903615,97
mt5,5,bertQPP,13,0.52,0.3680294091734629,0.00020829798438942566,0.2517182130584193,0.00025948171452482385,97
mt5,5,bertQPP(QV),13,0.52,0.3330497701557392,0.0008581066829648899,0.22766323024054988,0.0009543472910132449,97
mt5,5,spatial,13,0.54,0.33413150443310746,0.0008233281447726212,0.19587628865979384,0.004477722918252414,97
mt5,5,a_ratio,13,0.54,0.149120098955942,0.14489906862363172,0.036512027491408944,0.5962292897960457,97
mt5,5,nqc,13,0.54,0.30409177480162825,0.0024602576518595438,0.19243986254295536,0.005229928831102741,97
mt5,5,bertQPP,13,0.54,0.371705221387143,0.00017778360569951814,0.25000000000000006,0.00028586619810323126,97
mt5,5,bertQPP(QV),13,0.54,0.3382114269218437,0.0007034230852392087,0.23152920962199317,0.0007801296905645403,97
mt5,5,spatial,13,0.56,0.3342865548226528,0.0008184499970910788,0.1937285223367698,0.004935409194231109,97
mt5,5,a_ratio,13,0.56,0.15057083001128524,0.1409849249896349,0.039948453608247426,0.5621188569054614,97
mt5,5,nqc,13,0.56,0.31085024820477836,0.001941833664715683,0.19329896907216498,0.0050318722795436996,97
mt5,5,bertQPP,13,0.56,0.37491215683351253,0.00015459679605288413,0.25343642611683853,0.00023539388087640415,97
mt5,5,bertQPP(QV),13,0.56,0.34292994449935055,0.0005847851445370406,0.22938144329896912,0.0008728876884960134,97
mt5,5,spatial,13,0.58,0.33420616491300453,0.0008209758960422568,0.19544673539518906,0.0045660596694361046,97
mt5,5,a_ratio,13,0.58,0.15215487806239353,0.1368030124616351,0.04166666666666668,0.5454246199804633,97
mt5,5,nqc,13,0.58,0.3169825919207781,0.0015591455875317197,0.19501718213058422,0.004655971971265852,97
mt5,5,bertQPP,13,0.58,0.3775914915350922,0.0001374071199633492,0.2521477663230241,0.0002532519652694692,97
mt5,5,bertQPP(QV),13,0.58,0.3471382658446225,0.0004947489369139298,0.23324742268041243,0.0007126038672884247,97
mt5,5,spatial,13,0.6,0.3338951382032752,0.0008308157164644573,0.19286941580756015,0.005130036782382208,97
mt5,5,a_ratio,13,0.6,0.1538913176957896,0.13232773426379016,0.04424398625429554,0.52085358029868,97
mt5,5,nqc,13,0.6,0.3224139276046913,0.001278745925305452,0.1971649484536083,0.004221925130091803,97
mt5,5,bertQPP,13,0.6,0.37968767630308387,0.00012521308063285203,0.2555841924398626,0.0002082313453780151,97
mt5,5,bertQPP(QV),13,0.6,0.35077270917238745,0.00042742384785289327,0.23410652920962205,0.0006809162092632265,97
mt5,5,spatial,13,0.62,0.33335959720875685,0.0008480109933237002,0.19888316151202753,0.0039014834427261624,97
mt5,5,a_ratio,13,0.62,0.15580300006924339,0.12753082343326153,0.04596219931271478,0.5047955105031363,97
mt5,5,nqc,13,0.62,0.32708213294622124,0.001075244349061139,0.19630584192439868,0.0043909374810577745,97
mt5,5,bertQPP,13,0.62,0.38115037645261746,0.0001173073164933786,0.25343642611683853,0.00023539388087640415,97
mt5,5,bertQPP(QV),13,0.62,0.35377543495417274,0.00037826691159219066,0.23109965635738836,0.0007979153488644113,97
mt5,5,spatial,13,0.64,0.33260686812072016,0.0008727291260325681,0.19802405498281792,0.004058834798972484,97
mt5,5,a_ratio,13,0.64,0.15791752214232618,0.12238123281181629,0.046391752577319596,0.5008221569685896,97
mt5,5,nqc,13,0.64,0.3309408331774339,0.0009297922589646424,0.19888316151202753,0.0039014834427261624,97
mt5,5,bertQPP,13,0.64,0.38193653103938363,0.00011325210479323609,0.2525773195876289,0.00024716269151633816,97
mt5,5,bertQPP(QV),13,0.64,0.3560969058783141,0.000343887457027118,0.23582474226804126,0.000621432826309228,97
mt5,5,spatial,13,0.66,0.3316453503558563,0.0009052592181039017,0.1984536082474227,0.003979453005162126,97
mt5,5,a_ratio,13,0.66,0.16026850480644422,0.11684515723379478,0.04853951890034365,0.4812066051703042,97
mt5,5,nqc,13,0.66,0.33396152517729405,0.0008287064679267988,0.20017182130584193,0.0036758280937195186,97
mt5,5,bertQPP,13,0.66,0.38201229136992976,0.0001128682637950875,0.25386597938144334,0.00022970863763271067,97
mt5,5,bertQPP(QV),13,0.66,0.3576981519479633,0.0003218762425020226,0.24097938144329903,0.0004707284379041492,97
mt5,5,spatial,13,0.68,0.3304843750495291,0.0009460092615697279,0.1937285223367698,0.004935409194231109,97
mt5,5,a_ratio,13,0.68,0.16289729826114274,0.11088629505367109,0.05240549828178695,0.4469779106399572,97
mt5,5,nqc,13,0.68,0.3361346205035599,0.0007623039630718907,0.20274914089347082,0.003259747042536618,97
mt5,5,bertQPP,13,0.68,0.38135468862420807,0.00011624065235732045,0.2577319587628867,0.0001840336555755922,97
mt5,5,bertQPP(QV),13,0.68,0.3585526476826314,0.00031066834253236966,0.2444158075601375,0.0003900155261817713,97
mt5,5,spatial,13,0.7,0.3291340566155474,0.000995504364084504,0.1890034364261169,0.006094500520977148,97
mt5,5,a_ratio,13,0.7,0.16585528591384288,0.10446652522593133,0.04982817869415808,0.4696411010880063,97
mt5,5,nqc,13,0.7,0.33746931952962494,0.0007239679016621811,0.20403780068728525,0.00306822352558543,97
mt5,5,bertQPP,13,0.7,0.3799528877027504,0.00012374392751021427,0.25601374570446744,0.000203164735220203,97
mt5,5,bertQPP(QV),13,0.7,0.35864762865253247,0.0003094449950373073,0.24269759450171827,0.0004286013573495472,97
mt5,5,spatial,13,0.72,0.32760514138519126,0.0010543857099452661,0.18814432989690724,0.00632984784895861,97
mt5,5,a_ratio,13,0.72,0.16920703772121182,0.097547288227457,0.050687285223367705,0.46201693847175085,97
mt5,5,nqc,13,0.72,0.3379923677768588,0.00070943145120608,0.20403780068728525,0.00306822352558543,97
mt5,5,bertQPP,13,0.72,0.3778089104131642,0.00013609299594419879,0.25601374570446744,0.000203164735220203,97
mt5,5,bertQPP(QV),13,0.72,0.3579847201828926,0.00031807665762534506,0.2444158075601375,0.0003900155261817713,97
mt5,5,spatial,13,0.74,0.32590885707335154,0.001123409944246034,0.1868556701030928,0.006698222213035896,97
mt5,5,a_ratio,13,0.74,0.17303468462779736,0.09009214004946774,0.05498281786941581,0.42495013508695245,97
mt5,5,nqc,13,0.74,0.337745870852377,0.0007162484658048182,0.19974226804123715,0.0037496927052216027,97
mt5,5,bertQPP,13,0.74,0.37493775398120277,0.00015442354762073144,0.24957044673539522,0.00029284438819506046,97
mt5,5,bertQPP(QV),13,0.74,0.35657981656869,0.00033710752939949837,0.24656357388316158,0.0003463449485504128,97
mt5,5,spatial,13,0.76,0.32405676643056736,0.001203448672356885,0.186426116838488,0.006825229731210832,97
mt5,5,a_ratio,13,0.76,0.17744406913058733,0.08207123704460931,0.057130584192439875,0.4070878413580533,97
mt5,5,nqc,13,0.76,0.33678443391908686,0.000743413772345314,0.19888316151202753,0.0039014834427261624,97
mt5,5,bertQPP,13,0.76,0.3713668852973775,0.00018040893394620535,0.24484536082474234,0.00038088964117221485,97
mt5,5,bertQPP(QV),13,0.76,0.3544622245615768,0.00036778040613326765,0.24699312714776633,0.0003381788389163567,97
mt5,5,spatial,13,0.78,0.3220606279610262,0.001295487775478262,0.1902920962199313,0.005756239608165468,97
mt5,5,a_ratio,13,0.78,0.1825735026933855,0.07346895753741338,0.057989690721649494,0.40007019122296605,97
mt5,5,nqc,13,0.78,0.3351719331684598,0.0007910964722456532,0.19630584192439868,0.0043909374810577745,97
mt5,5,bertQPP,13,0.78,0.3671351494126729,0.0002164200555807981,0.24699312714776633,0.0003381788389163567,97
mt5,5,bertQPP(QV),13,0.78,0.3516731579100725,0.00041209948248002905,0.23539518900343648,0.0006358327263393619,97
mt5,5,spatial,13,0.8,0.3199322660534718,0.0014006262578719754,0.18771477663230243,0.006450561996249079,97
mt5,5,a_ratio,13,0.8,0.18860636011973028,0.06429652311161747,0.06701030927835053,0.3308539585593422,97
mt5,5,nqc,13,0.8,0.3329782200904077,0.0008604536698010253,0.19673539518900346,0.004305679427335466,97
mt5,5,bertQPP,13,0.8,0.36229118378445435,0.00026573432694419486,0.2444158075601375,0.0003900155261817713,97
mt5,5,bertQPP(QV),13,0.8,0.3482637286303317,0.0004729271478200771,0.23453608247422683,0.0006655682797928671,97
mt5,5,spatial,13,0.82,0.31768345231787104,0.001520074363109704,0.1859965635738832,0.006954397086601862,97
mt5,5,a_ratio,13,0.82,0.19578925905087122,0.054612322112565226,0.07216494845360825,0.295009708543132,97
mt5,5,nqc,13,0.82,0.3302760141703226,0.0009534972448598126,0.19587628865979384,0.004477722918252414,97
mt5,5,bertQPP,13,0.82,0.3568914698883239,0.00033279757519574614,0.23840206185567014,0.0005412133012575864,97
mt5,5,bertQPP(QV),13,0.82,0.3442926170758721,0.0005541086294824477,0.22594501718213064,0.0010428004886634003,97
mt5,5,spatial,13,0.84,0.3153257993749206,0.0016551507256520857,0.18084192439862545,0.008684754281086702,97
mt5,5,a_ratio,13,0.84,0.20445801002330807,0.04455330843885707,0.07216494845360825,0.295009708543132,97
mt5,5,nqc,13,0.84,0.3271381712987227,0.0010729915965686646,0.1941580756013746,0.0048406217198878375,97
mt5,5,bertQPP,13,0.84,0.3509981759856007,0.0004235383491765511,0.2298109965635739,0.0008535554716530555,97
mt5,5,bertQPP(QV),13,0.84,0.3398236133874928,0.0006606154352091669,0.2203608247422681,0.0013853583021557498,97
mt5,5,spatial,13,0.86,0.3128706678321521,0.0018072783602124081,0.17740549828178698,0.010042744211065484,97
mt5,5,a_ratio,13,0.86,0.21507288183266837,0.03437993484394178,0.07474226804123713,0.2781012070168114,97
mt5,5,nqc,13,0.86,0.3236354396669423,0.0012223652869606352,0.1911512027491409,0.005540236417616152,97
mt5,5,bertQPP,13,0.86,0.3446769475743552,0.0005457272569207327,0.21950171821305847,0.0014464512863097319,97
mt5,5,bertQPP(QV),13,0.86,0.3349232093470843,0.0007986951475912576,0.21821305841924402,0.0015427588468996702,97
mt5,5,spatial,13,0.88,0.3103290867175824,0.001977979334134953,0.17740549828178698,0.010042744211065484,97
mt5,5,a_ratio,13,0.88,0.2282589443739531,0.0245302505897983,0.08634020618556702,0.2102443337075397,97
mt5,5,nqc,13,0.88,0.31983474524411104,0.0014056241369717838,0.1890034364261169,0.006094500520977148,97
mt5,5,bertQPP,13,0.88,0.33799478735218236,0.0007093648314682752,0.21563573883161516,0.0017533187111864498,97
mt5,5,bertQPP(QV),13,0.88,0.3296583878393955,0.0009760117436569797,0.21219931271477666,0.0020752134680172376,97
mt5,5,spatial,13,0.9,0.3077116872415795,0.0021688680163825663,0.17740549828178698,0.010042744211065484,97
mt5,5,a_ratio,13,0.9,0.24482061135752325,0.01565562206771304,0.09364261168384881,0.17419095096502246,97
mt5,5,nqc,13,0.9,0.3157979932503904,0.0016272575938380048,0.1859965635738832,0.006954397086601862,97
mt5,5,bertQPP,13,0.9,0.3310181389691039,0.0009270709792242877,0.20833333333333337,0.0025015666651811157,97
mt5,5,bertQPP(QV),13,0.9,0.32409471489623504,0.001201758004267295,0.20360824742268044,0.003130893451622874,97
mt5,5,spatial,13,0.92,0.30502864942633146,0.0023816428491718234,0.17482817869415812,0.011182156616858724,97
mt5,5,a_ratio,13,0.92,0.2655926295227903,0.008556744108272714,0.10180412371134022,0.13959717520298046,97
mt5,5,nqc,13,0.92,0.31158133362511387,0.0018921340803331231,0.18041237113402064,0.008845012615594157,97
mt5,5,bertQPP,13,0.92,0.32381125428225455,0.0012144389957111552,0.19630584192439868,0.0043909374810577745,97
mt5,5,bertQPP(QV),13,0.92,0.31829479453354426,0.0014867205675251347,0.19286941580756015,0.005130036782382208,97
mt5,5,spatial,13,0.94,0.3022896608815715,0.002618076642914971,0.17268041237113405,0.01221789425088413,97
mt5,5,a_ratio,13,0.94,0.2905956555851214,0.0038829132048239425,0.11898625429553265,0.08423505409007553,97
mt5,5,nqc,13,0.94,0.3072348167802119,0.002205384461840189,0.17654639175257736,0.010410504577977625,97
mt5,5,bertQPP,13,0.94,0.3164348879703753,0.0015903096930955571,0.1890034364261169,0.006094500520977148,97
mt5,5,bertQPP(QV),13,0.94,0.31231710566752313,0.0018432794499066078,0.18341924398625434,0.007776554495134835,97
mt5,5,spatial,13,0.96,0.29950388681267315,0.002880005449780668,0.16752577319587633,0.015057708996420909,97
mt5,5,a_ratio,13,0.96,0.31581698191934826,0.0016261448640533167,0.147766323024055,0.03201236643126749,97
mt5,5,nqc,13,0.96,0.3028023580495398,0.002572275587792362,0.17310996563573885,0.01200419316896961,97
mt5,5,bertQPP,13,0.96,0.3089453308420921,0.002076918683867803,0.1829896907216495,0.007921746820669876,97
mt5,5,bertQPP(QV),13,0.96,0.30621520741216113,0.0022853277235860073,0.17740549828178698,0.010042744211065484,97
mt5,5,spatial,13,0.98,0.2966799502176405,0.003169316123610644,0.16838487972508595,0.01454739544260673,97
mt5,5,a_ratio,13,0.98,0.3255387997984246,0.0011390038946141772,0.17053264604811,0.013337754848227265,97
mt5,5,nqc,13,0.98,0.29832193137515495,0.0029980779450216708,0.1701030927835052,0.013572314777054699,97
mt5,5,bertQPP,13,0.98,0.30139376696410813,0.0026998740209978837,0.17482817869415812,0.011182156616858724,97
mt5,5,bertQPP(QV),13,0.98,0.3000372757856098,0.002828103301452201,0.1778350515463918,0.009863239446727635,97
mt5,5,spatial,13,1.0,0.293825921155644,0.0034879327219503667,0.16623711340206188,0.015852745291372216,97
mt5,5,a_ratio,13,1.0,0.293825921155644,0.0034879327219503667,0.16623711340206188,0.015852745291372216,97
mt5,5,nqc,13,1.0,0.293825921155644,0.0034879327219503667,0.16623711340206188,0.015852745291372216,97
mt5,5,bertQPP,13,1.0,0.293825921155644,0.0034879327219503667,0.16623711340206188,0.015852745291372216,97
mt5,5,bertQPP(QV),13,1.0,0.293825921155644,0.0034879327219503667,0.16623711340206188,0.015852745291372216,97
mt5,5,spatial,14,0.0,0.25885485632993066,0.010462125003978813,0.1512027491408935,0.028226597294347726,97
mt5,5,a_ratio,14,0.0,0.13160075259686294,0.1988233722254004,0.02448453608247423,0.7223661580007107,97
mt5,5,nqc,14,0.0,0.11061668139870946,0.28074872825135627,0.011168384879725088,0.8712539798728897,97
mt5,5,bertQPP,14,0.0,0.2419719081486737,0.01694714987227943,0.19759450171821308,0.0041396512632380965,97
mt5,5,bertQPP(QV),14,0.0,0.18689940218155726,0.06679202150029932,0.15335051546391754,0.026061836085581373,97
mt5,5,spatial,14,0.02,0.2625489302006075,0.009375971061737315,0.154639175257732,0.024833107958687445,97
mt5,5,a_ratio,14,0.02,0.13189961506443118,0.197796513483245,0.025343642611683852,0.7130485680719618,97
mt5,5,nqc,14,0.02,0.11515171570837238,0.26137316948102335,0.11469072164948456,0.0960541193445157,97
mt5,5,bertQPP,14,0.02,0.24566607296553383,0.015289096739699005,0.19888316151202753,0.0039014834427261624,97
mt5,5,bertQPP(QV),14,0.02,0.1908227571777904,0.061169832659562995,0.1550687285223368,0.024434836082135623,97
mt5,5,spatial,14,0.04,0.2662258470283934,0.008394451228414673,0.15764604810996566,0.022159535570441733,97
mt5,5,a_ratio,14,0.04,0.13221080239581576,0.19673137160425036,0.02405498281786942,0.7270405431127746,97
mt5,5,nqc,14,0.04,0.11987291539446733,0.24219059174068963,0.13788659793814437,0.04540422310195199,97
mt5,5,bertQPP,14,0.04,0.24946519773440756,0.013732380002465626,0.20060137457044677,0.0036032888355043277,97
mt5,5,bertQPP(QV),14,0.04,0.19487504393135155,0.05577405249296738,0.1585051546391753,0.021443192891173694,97
mt5,5,spatial,14,0.06,0.2698769027755059,0.007510486559082883,0.15936426116838492,0.0207470988785446,97
mt5,5,a_ratio,14,0.06,0.13253509172231145,0.19562578875646947,0.02491408934707904,0.7177021136751226,97
mt5,5,nqc,14,0.06,0.12478800317750127,0.22327962837048557,0.14991408934707906,0.029598455953974822,97
mt5,5,bertQPP,14,0.06,0.2533705407713022,0.012277580705437502,0.2014604810996564,0.0034621026042757834,97
mt5,5,bertQPP(QV),14,0.06,0.19905950677199924,0.05061817760503272,0.16022336769759454,0.02007078628569656,97
mt5,5,spatial,14,0.08,0.27349281994919655,0.006717032137554626,0.16108247422680416,0.01941379508307944,97
mt5,5,a_ratio,14,0.08,0.13287332679154154,0.19447744403305992,0.025773195876288665,0.708405677956768,97
mt5,5,nqc,14,0.08,0.12990459230611384,0.204723883740961,0.16365979381443302,0.01755425786967657,97
mt5,5,bertQPP,14,0.08,0.25738290223718174,0.010924696301606933,0.20317869415807563,0.0031947282487263706,97
mt5,5,bertQPP(QV),14,0.08,0.20337906256667748,0.04571463625345095,0.16151202749140894,0.01909240321886764,97
mt5,5,spatial,14,0.1,0.27706377152277767,0.0060071472062270285,0.16237113402061856,0.018463547347092265,97
mt5,5,a_ratio,14,0.1,0.13322642524753975,0.19328383801319202,0.025343642611683852,0.7130485680719618,97
mt5,5,nqc,14,0.1,0.13523005319723885,0.18661099755814203,0.17568728522336774,0.01079019991112942,97
mt5,5,bertQPP,14,0.1,0.2615025213794531,0.009673110438300686,0.20618556701030932,0.0027716955730928564,97
mt5,5,bertQPP(QV),14,0.1,0.2078361973150395,0.04107451870606211,0.1628006872852234,0.018155972846842318,97
mt5,5,spatial,14,0.12,0.28057941580234325,0.005374059660793121,0.16323024054982818,0.017852894393926448,97
mt5,5,a_ratio,14,0.12,0.13359538688482075,0.19204227557405337,0.025343642611683852,0.7130485680719618,97
mt5,5,nqc,14,0.12,0.14077134671257027,0.16903137260625253,0.18041237113402064,0.008845012615594157,97
mt5,5,bertQPP,14,0.12,0.26572895772013017,0.008521572041037725,0.20790378006872856,0.0025535840012904936,97
mt5,5,bertQPP(QV),14,0.12,0.21243284376278537,0.036707302349982034,0.16408934707903783,0.01726000960595295,97
mt5,5,spatial,14,0.14,0.28402894313723703,0.004811223658405483,0.1658075601374571,0.016125841537736958,97
mt5,5,a_ratio,14,0.14,0.13398130303157882,0.1907498467253935,0.026202749140893475,0.7037735989090746,97
mt5,5,nqc,14,0.14,0.14653481808313273,0.15207653906301777,0.18513745704467358,0.007219338175415614,97
mt5,5,bertQPP,14,0.14,0.2700609544622953,0.007468185556352422,0.209192439862543,0.002400428947085522,97
mt5,5,bertQPP(QV),14,0.14,0.21717023750186149,0.03262058035511088,0.16752577319587633,0.015057708996420909,97
mt5,5,spatial,14,0.16,0.2874011351785498,0.004312369372614375,0.1701030927835052,0.013572314777054699,97
mt5,5,a_ratio,14,0.16,0.13438536724597527,0.18940340520476384,0.02491408934707904,0.7177021136751226,97
mt5,5,nqc,14,0.16,0.15252594495551397,0.13583714594360582,0.18384879725085912,0.0076337511300162714,97
mt5,5,bertQPP,14,0.16,0.27449628244104896,0.006510414064322468,0.20790378006872856,0.0025535840012904936,97
mt5,5,bertQPP(QV),14,0.16,0.22204874895358823,0.0288198045516217,0.17353951890034366,0.011793812186781842,97
mt5,5,spatial,14,0.18,0.2906844371312251,0.0038715442464213714,0.16752577319587633,0.015057708996420909,97
mt5,5,a_ratio,14,0.18,0.1348088875444599,0.18799954453315673,0.025773195876288665,0.708405677956768,97
mt5,5,nqc,14,0.18,0.15874903268673793,0.12040059556353287,0.18857388316151205,0.006211170636578692,97
mt5,5,bertQPP,14,0.18,0.2790315631110824,0.005645096688815442,0.21219931271477666,0.0020752134680172376,97
mt5,5,bertQPP(QV),14,0.18,0.22706768867264937,0.025308054829178143,0.17482817869415812,0.011182156616858724,97
mt5,5,spatial,14,0.2,0.2938670431210626,0.0034831454274807973,0.17053264604811,0.013337754848227265,97
mt5,5,a_ratio,14,0.2,0.1352533004236847,0.18653457118634514,0.028780068728522342,0.6762167162300601,97
mt5,5,nqc,14,0.2,0.16520685000298563,0.10584837056188981,0.18771477663230243,0.006450561996249079,97
mt5,5,bertQPP,14,0.2,0.2836620693832197,0.004868481305599477,0.21434707903780073,0.0018682268943729797,97
mt5,5,bertQPP(QV),14,0.2,0.2322250836220194,0.022085848586137588,0.1786941580756014,0.00951278395726825,97
mt5,5,spatial,14,0.22,0.29693699441101945,0.003141943397683858,0.17053264604811,0.013337754848227265,97
mt5,5,a_ratio,14,0.22,0.13572018698973007,0.18500447448598747,0.03178694158075602,0.6446089162462232,97
mt5,5,nqc,14,0.22,0.17190019865680284,0.09225314422797198,0.18814432989690724,0.00632984784895861,97
mt5,5,bertQPP,14,0.22,0.28838150364954185,0.004176272972690172,0.21606529209621997,0.0017164841150655054,97
mt5,5,bertQPP(QV),14,0.22,0.2375174225223679,0.01915100429667635,0.17998281786941583,0.009007907605249525,97
mt5,5,spatial,14,0.24,0.29988228975970166,0.0028430971148740098,0.17611683848797252,0.010598840128977079,97
mt5,5,a_ratio,14,0.24,0.13621129157247686,0.18340489275547434,0.03479381443298969,0.6136308097551222,97
mt5,5,nqc,14,0.24,0.17882741202670593,0.07967581114140042,0.19243986254295536,0.005229928831102741,97
mt5,5,bertQPP,14,0.24,0.29318175313400147,0.003563697795126938,0.21477663230240554,0.0018291772025326055,97
mt5,5,bertQPP(QV),14,0.24,0.2429393691624875,0.016498572856070197,0.18771477663230243,0.006450561996249079,97
mt5,5,spatial,14,0.26,0.3026910067317117,0.0025821612516006343,0.18127147766323026,0.008527096049992753,97
mt5,5,a_ratio,14,0.26,0.1367285432821505,0.1817310752176378,0.03393470790378007,0.6224147431170471,97
mt5,5,nqc,14,0.26,0.18598378002747395,0.06816262178508921,0.18943298969072167,0.005979808014005902,97
mt5,5,bertQPP,14,0.26,0.2980526238448169,0.0030255811168843445,0.21606529209621997,0.0017164841150655054,97
mt5,5,bertQPP(QV),14,0.26,0.2484834437751741,0.014120848763718469,0.19329896907216498,0.0050318722795436996,97
mt5,5,spatial,14,0.28,0.3053514322631412,0.0023550863326340186,0.18384879725085912,0.0076337511300162714,97
mt5,5,a_ratio,14,0.28,0.13727408106336103,0.17997783903365416,0.03393470790378007,0.6224147431170471,97
mt5,5,nqc,14,0.28,0.19336090162522196,0.05774264473781743,0.19158075601374575,0.0054350017041903615,97
mt5,5,bertQPP,14,0.28,0.30298155596435083,0.002556438054644154,0.21520618556701035,0.0017908788065225548,97
mt5,5,bertQPP(QV),14,0.28,0.2541396743554977,0.012007470232448894,0.19501718213058422,0.004655971971265852,97
mt5,5,spatial,14,0.3,0.30785220027936294,0.0021582127319263443,0.18341924398625434,0.007776554495134835,97
mt5,5,a_ratio,14,0.3,0.13785028292459822,0.1781395207938781,0.03393470790378007,0.6224147431170471,97
mt5,5,nqc,14,0.3,0.2009459721025506,0.048425804152495776,0.1890034364261169,0.006094500520977148,97
mt5,5,bertQPP,14,0.3,0.30795332556934757,0.002150573519647675,0.22079037800687287,0.0013557124652369783,97
mt5,5,bertQPP(QV),14,0.3,0.25989522225248246,0.010145612917901422,0.19802405498281792,0.004058834798972484,97
mt5,5,spatial,14,0.32,0.3101824336840274,0.0019882595880241346,0.1859965635738832,0.006954397086601862,97
mt5,5,a_ratio,14,0.32,0.13845980017498433,0.17620992167116814,0.033075601374570454,0.6312527656924587,97
mt5,5,nqc,14,0.32,0.20872102040560297,0.04020173842272329,0.1859965635738832,0.006954397086601862,97
mt5,5,bertQPP,14,0.32,0.312949740195944,0.001802188098296661,0.22293814432989695,0.0012160687743494618,97
mt5,5,bertQPP(QV),14,0.32,0.26573398962130096,0.008520276270785353,0.20661512027491413,0.0027156275780873427,97
mt5,5,spatial,14,0.34,0.3123318876180455,0.0018423097363326586,0.18170103092783507,0.008372001763204117,97
mt5,5,a_ratio,14,0.34,0.1391055976941552,0.17418224533523394,0.033075601374570454,0.6312527656924587,97
mt5,5,nqc,14,0.34,0.216662122730466,0.03303968938690004,0.19201030927835053,0.00533157487845821,97
mt5,5,bertQPP,14,0.34,0.31794933898918426,0.0015054855707710949,0.22723367697594504,0.000975784420613921,97
mt5,5,bertQPP(QV),14,0.34,0.27163622047227054,0.007114654879510571,0.20618556701030932,0.0027716955730928564,97
mt5,5,spatial,14,0.36,0.31429109055642046,0.0017177917426156521,0.18170103092783507,0.008372001763204117,97
mt5,5,a_ratio,14,0.36,0.13979100150742146,0.17204902760332075,0.03393470790378007,0.6224147431170471,97
mt5,5,nqc,14,0.36,0.22473863202500977,0.026889555412997316,0.1911512027491409,0.005540236417616152,97
mt5,5,bertQPP,14,0.36,0.32292711199461255,0.0012547775272110698,0.22938144329896912,0.0008728876884960134,97
mt5,5,bertQPP(QV),14,0.36,0.2775781121228589,0.005910580181697748,0.20618556701030932,0.0027716955730928564,97
mt5,5,spatial,14,0.38,0.3160514795978436,0.0016124600630967486,0.17955326460481102,0.009173476196585428,97
mt5,5,a_ratio,14,0.38,0.14051975525284113,0.16980205667033735,0.03393470790378007,0.6224147431170471,97
mt5,5,nqc,14,0.38,0.2329124788989843,0.021684128839482925,0.19072164948453613,0.005647306460207743,97
mt5,5,bertQPP,14,0.38,0.3278542574677722,0.0010445805626538508,0.22938144329896912,0.0008728876884960134,97
mt5,5,bertQPP(QV),14,0.38,0.2835314597668065,0.004889011376903534,0.2130584192439863,0.0019900166497547295,97
mt5,5,spatial,14,0.4,0.3176055262318408,0.0015243742625823781,0.18256013745704472,0.00806936233603351,97
mt5,5,a_ratio,14,0.4,0.14129608753104095,0.16743228262508067,0.03608247422680413,0.6005585641963793,97
mt5,5,nqc,14,0.4,0.24113761646366644,0.017342400666542492,0.18814432989690724,0.00632984784895861,97
mt5,5,bertQPP,14,0.4,0.3326980006863456,0.0008697019322745782,0.23024054982817874,0.0008346209629654949,97
mt5,5,bertQPP(QV),14,0.4,0.2894633633685919,0.0040305491815124635,0.21606529209621997,0.0017164841150655054,97
mt5,5,spatial,14,0.42,0.3189468489578985,0.001451878103864995,0.1829896907216495,0.007921746820669876,97
mt5,5,a_ratio,14,0.42,0.1421247926517093,0.16492971482783825,0.036512027491408944,0.5962292897960457,97
mt5,5,nqc,14,0.42,0.2493596978402654,0.013773674795110154,0.1911512027491409,0.005540236417616152,97
mt5,5,bertQPP,14,0.42,0.33742150228305057,0.0007253103207624855,0.23625429553264607,0.0006073368350083252,97
mt5,5,bertQPP(QV),14,0.42,0.295336032685968,0.0033159431109594972,0.2177835051546392,0.0015761513468118154,97
mt5,5,spatial,14,0.44,0.32007030938850384,0.0013935791895330995,0.18084192439862545,0.008684754281086702,97
mt5,5,a_ratio,14,0.44,0.14301132797253405,0.1622833056143867,0.03823024054982819,0.5790561270652871,97
mt5,5,nqc,14,0.44,0.25751608736127685,0.0108821183846538,0.19201030927835053,0.00533157487845821,97
mt5,5,bertQPP,14,0.44,0.3419838880185463,0.0006069894674163976,0.23496563573883167,0.0006505425158083947,97
mt5,5,bertQPP(QV),14,0.44,0.3011067321386766,0.0027265629218896728,0.22079037800687287,0.0013557124652369783,97
mt5,5,spatial,14,0.46,0.3209720888898568,0.0013483297002999878,0.18256013745704472,0.00806936233603351,97
mt5,5,a_ratio,14,0.46,0.1439619319219013,0.1594808187300732,0.038659793814433,0.5747994088567128,97
mt5,5,nqc,14,0.46,0.26553631066303934,0.00857131136184184,0.1941580756013746,0.0048406217198878375,97
mt5,5,bertQPP,14,0.46,0.3463404344187193,0.0005107736891103766,0.23969072164948454,0.0005048251929224872,97
mt5,5,bertQPP(QV),14,0.46,0.30672791137113414,0.0022448079745091593,0.22207903780068733,0.0012702502748310276,97
mt5,5,spatial,14,0.48,0.3216497433854598,0.001315208639410345,0.18556701030927839,0.00708575590459897,97
mt5,5,a_ratio,14,0.48,0.14498376798230783,0.15650868093103007,0.040378006872852236,0.5579222431626273,97
mt5,5,nqc,14,0.48,0.27334304010829824,0.00674836497679515,0.19501718213058422,0.004655971971265852,97
mt5,5,bertQPP,14,0.48,0.3504429448564998,0.00043316572143214455,0.2366838487972509,0.0005935388745829456,97
mt5,5,bertQPP(QV),14,0.48,0.3121475682892521,0.0018544343491051015,0.2212199312714777,0.001326652810302692,97
mt5,5,spatial,14,0.5,0.32210223464240606,0.0012935058660440211,0.1859965635738832,0.006954397086601862,97
mt5,5,a_ratio,14,0.5,0.14608510149434947,0.1533518153931374,0.04123711340206186,0.5495750194028222,97
mt5,5,nqc,14,0.5,0.28085368573046854,0.005327258483327603,0.19802405498281792,0.004058834798972484,97
mt5,5,bertQPP,14,0.5,0.35424034739387517,0.0003711386083963308,0.23711340206185572,0.000580033168540485,97
mt5,5,bertQPP(QV),14,0.5,0.317309887482848,0.0015407878106334582,0.21907216494845363,0.0014779202366871586,97
mt5,5,spatial,14,0.52,0.3223299371424755,0.0012827080854224534,0.18470790378006877,0.007355176256510775,97
mt5,5,a_ratio,14,0.52,0.14727551827319188,0.14999345606550843,0.040807560137457045,0.5537409286316863,97
mt5,5,nqc,14,0.52,0.28798261530896585,0.004231177688947431,0.1971649484536083,0.004221925130091803,97
mt5,5,bertQPP,14,0.52,0.35767953797084817,0.00032212448372475515,0.24269759450171827,0.0004286013573495472,97
mt5,5,bertQPP(QV),14,0.52,0.32215618671441404,0.0012909399920330064,0.22079037800687287,0.0013557124652369783,97
mt5,5,spatial,14,0.54,0.32233462046734895,0.0012824868613663866,0.19201030927835053,0.00533157487845821,97
mt5,5,a_ratio,14,0.54,0.14856619692785347,0.14641494309280617,0.040807560137457045,0.5537409286316863,97
mt5,5,nqc,14,0.54,0.29464396088565203,0.0033937979569565835,0.19931271477663232,0.003824903963020039,97
mt5,5,bertQPP,14,0.54,0.36070647954236335,0.0002839939133713153,0.24355670103092786,0.0004088834881762593,97
mt5,5,bertQPP(QV),14,0.54,0.32662618641395263,0.0010937341136289939,0.22637457044673542,0.0010200025736501021,97
mt5,5,spatial,14,0.56,0.3221194079534144,0.0012926886288255899,0.1941580756013746,0.0048406217198878375,97
mt5,5,a_ratio,14,0.56,0.14997025075247536,0.14259550123073078,0.040807560137457045,0.5537409286316863,97
mt5,5,nqc,14,0.56,0.30075488867301825,0.002759601255194611,0.2014604810996564,0.0034621026042757834,97
mt5,5,bertQPP,14,0.56,0.36326754927376026,0.0002550299794626699,0.24871134020618557,0.00030728207639036943,97
mt5,5,bertQPP(QV),14,0.56,0.3306595916078111,0.0009397539379419088,0.22336769759450176,0.0011897860106094835,97
mt5,5,spatial,14,0.58,0.3216887131509589,0.001313326608911958,0.19329896907216498,0.0050318722795436996,97
mt5,5,a_ratio,14,0.58,0.15150316057673885,0.1385120063124337,0.043384879725085916,0.5289801545988201,97
mt5,5,nqc,14,0.58,0.30623912620294563,0.002283422823021485,0.20403780068728525,0.00306822352558543,97
mt5,5,bertQPP,14,0.58,0.365311102521794,0.00023390151274121286,0.24742268041237117,0.00033019314561040996,97
mt5,5,bertQPP(QV),14,0.58,0.3341979435481481,0.0008212346169496214,0.22508591065292102,0.0010898172708815595,97
mt5,5,spatial,14,0.6,0.3210481563135449,0.0013445744661701516,0.19501718213058422,0.004655971971265852,97
mt5,5,a_ratio,14,0.6,0.15318332769695622,0.13413875013533919,0.043814432989690726,0.5249088158491623,97
mt5,5,nqc,14,0.6,0.3110304705956938,0.00192947371979414,0.2053264604810997,0.002887015591872923,97
mt5,5,bertQPP,14,0.6,0.36678919577846814,0.00021963991087344472,0.2517182130584193,0.00025948171452482385,97
mt5,5,bertQPP(QV),14,0.6,0.33718666236032085,0.0007319362944094981,0.22766323024054988,0.0009543472910132449,97
mt5,5,spatial,14,0.62,0.32020446371164,0.001386761495979901,0.1984536082474227,0.003979453005162126,97
mt5,5,a_ratio,14,0.62,0.1550327869705977,0.12944722300500913,0.043384879725085916,0.5289801545988201,97
mt5,5,nqc,14,0.62,0.31507596223650314,0.0016700834059640702,0.20446735395189009,0.0030066996042901117,97
mt5,5,bertQPP,14,0.62,0.367659383965916,0.0002116239351452886,0.25429553264604815,0.00022415245533308512,97
mt5,5,bertQPP(QV),14,0.62,0.3395771669208296,0.0006670009886921319,0.2328178694158076,0.0007289565212236814,97
mt5,5,spatial,14,0.64,0.3191653529858064,0.0014403690879430094,0.20103092783505158,0.0035320539175627825,97
mt5,5,a_ratio,14,0.64,0.15707813586839572,0.1244059478459121,0.04553264604810997,0.5087854171288679,97
mt5,5,nqc,14,0.64,0.31833841275957186,0.0014843663835354772,0.2096219931271478,0.002351276432455258,97
mt5,5,bertQPP,14,0.64,0.3678864843738572,0.00020957688764523677,0.25515463917525777,0.00021341645031147517,97
mt5,5,bertQPP(QV),14,0.64,0.3413289298550296,0.00062281101397073,0.2366838487972509,0.0005935388745829456,97
mt5,5,spatial,14,0.66,0.3179394080154353,0.0015060281780155053,0.19802405498281792,0.004058834798972484,97
mt5,5,a_ratio,14,0.66,0.15935175805740154,0.1189804239596687,0.04810996563573884,0.4850959502795227,97
mt5,5,nqc,14,0.66,0.32079803053809475,0.0013569583126323433,0.21134020618556704,0.0021637443470699886,97
mt5,5,bertQPP,14,0.66,0.36744418452051664,0.00021358074361537026,0.2555841924398626,0.0002082313453780151,97
mt5,5,bertQPP(QV),14,0.66,0.34241131021642895,0.0005968637958725688,0.2405498281786942,0.0004818477915141724,97
mt5,5,spatial,14,0.68,0.316535946877314,0.0015845173775335237,0.20103092783505158,0.0035320539175627825,97
mt5,5,a_ratio,14,0.68,0.16189345348840697,0.11313327824366706,0.05154639175257733,0.4544623656228458,97
mt5,5,nqc,14,0.68,0.3224529849261537,0.001276907227608777,0.21134020618556704,0.0021637443470699886,97
mt5,5,bertQPP,14,0.68,0.3663163682929427,0.0002241122080896142,0.2573024054982818,0.0001886509599840551,97
mt5,5,bertQPP(QV),14,0.68,0.3428050091244168,0.000587674155811125,0.2452749140893471,0.0003719636432157586,97
mt5,5,spatial,14,0.7,0.31496488641269493,0.0016767614510944371,0.1971649484536083,0.004221925130091803,97
mt5,5,a_ratio,14,0.7,0.16475263644995572,0.10682478692813367,0.05111683848797252,0.4582309196968538,97
mt5,5,nqc,14,0.7,0.32331887534019355,0.0012367556694870524,0.2134879725085911,0.0019486331283160838,97
mt5,5,bertQPP,14,0.7,0.3644980464787707,0.00024210626325297548,0.25472508591065296,0.00021872261513442568,97
mt5,5,bertQPP(QV),14,0.7,0.3425030167604035,0.0005947115188134933,0.24570446735395193,0.0003632334933323789,97
mt5,5,spatial,14,0.72,0.3132366067294198,0.0017838298077864452,0.19286941580756015,0.005130036782382208,97
mt5,5,a_ratio,14,0.72,0.1679913370204244,0.10001403786504136,0.050687285223367705,0.46201693847175085,97
mt5,5,nqc,14,0.72,0.32342719912519746,0.0012318142513970706,0.21391752577319592,0.001908041073171658,97
mt5,5,bertQPP,14,0.72,0.36199580453945346,0.00026905344848865637,0.25472508591065296,0.00021872261513442568,97
mt5,5,bertQPP(QV),14,0.72,0.3415109612584325,0.0006183762959298222,0.2414089347079038,0.0004598488311252096,97
mt5,5,spatial,14,0.74,0.31136181866098966,0.0019069346720062509,0.19286941580756015,0.005130036782382208,97
mt5,5,a_ratio,14,0.74,0.17168835247107936,0.09266117807744102,0.05498281786941581,0.42495013508695245,97
mt5,5,nqc,14,0.74,0.3228230190180311,0.001259605955198165,0.21091065292096223,0.002209296231634933,97
mt5,5,bertQPP,14,0.74,0.358827719741059,0.0003071376132069139,0.24785223367697598,0.0003223841860548392,97
mt5,5,bertQPP(QV),14,0.74,0.33984682582997167,0.0006600168805650678,0.2405498281786942,0.0004818477915141724,97
mt5,5,spatial,14,0.76,0.30935143681510385,0.0020474286116270927,0.19201030927835053,0.00533157487845821,97
mt5,5,a_ratio,14,0.76,0.17594506172673338,0.08473147364164017,0.05970790378006874,0.38625489539833124,97
mt5,5,nqc,14,0.76,0.32156209919097617,0.001319450334323682,0.20618556701030932,0.0027716955730928564,97
mt5,5,bertQPP,14,0.76,0.35502274654447297,0.000359420802612949,0.24742268041237117,0.00033019314561040996,97
mt5,5,bertQPP(QV),14,0.76,0.3375400615477244,0.0007219860588690802,0.24570446735395193,0.0003632334933323789,97
mt5,5,spatial,14,0.78,0.30721646039944805,0.0022068011229871448,0.19286941580756015,0.005130036782382208,97
mt5,5,a_ratio,14,0.78,0.18089366124485637,0.07620235535547638,0.06357388316151204,0.356252805453549,97
mt5,5,nqc,14,0.78,0.31970780098190504,0.0014121541885918324,0.2053264604810997,0.002887015591872923,97
mt5,5,bertQPP,14,0.78,0.35061961679350867,0.00043008074751695795,0.24570446735395193,0.0003632334933323789,97
mt5,5,bertQPP(QV),14,0.78,0.334630179980665,0.0008077328733994381,0.2405498281786942,0.0004818477915141724,97
mt5,5,spatial,14,0.8,0.30496786354080696,0.002386674004169541,0.19072164948453613,0.005647306460207743,97
mt5,5,a_ratio,14,0.8,0.1867089228823281,0.0670752960757772,0.07130584192439864,0.3007958300881056,97
mt5,5,nqc,14,0.8,0.31732800891644575,0.0015397771387394526,0.20489690721649487,0.002946303078171719,97
mt5,5,bertQPP,14,0.8,0.34566534278248806,0.0005247035368219896,0.24183848797250862,0.0004492042155364218,97
mt5,5,bertQPP(QV),14,0.8,0.33116495371746735,0.0009219228615564084,0.2328178694158076,0.0007289565212236814,97
mt5,5,spatial,14,0.82,0.30261649634065857,0.002588795289985661,0.1890034364261169,0.006094500520977148,97
mt5,5,a_ratio,14,0.82,0.1936249806662646,0.05739527135994806,0.07560137457044674,0.27261459721837655,97
mt5,5,nqc,14,0.82,0.31449230590546623,0.0017054447416875443,0.20575601374570449,0.0028288190417010725,97
mt5,5,bertQPP,14,0.82,0.3402134409976555,0.0006506289378880407,0.23453608247422683,0.0006655682797928671,97
mt5,5,bertQPP(QV),14,0.82,0.32719837802326457,0.0010705760627545615,0.22680412371134026,0.0009976667225656776,97
mt5,5,spatial,14,0.84,0.3001729974579533,0.0028150315730448594,0.186426116838488,0.006825229731210832,97
mt5,5,a_ratio,14,0.84,0.2019588635184663,0.04728142496254923,0.07689003436426119,0.26452436355398434,97
mt5,5,nqc,14,0.84,0.3112695485146564,0.0019131870712024628,0.20317869415807563,0.0031947282487263706,97
mt5,5,bertQPP,14,0.84,0.33432200883102015,0.0008173382672000333,0.23024054982817874,0.0008346209629654949,97
mt5,5,bertQPP(QV),14,0.84,0.3227885516379201,0.0012612084657841838,0.2255154639175258,0.0010660691222714972,97
mt5,5,spatial,14,0.86,0.29764771859478956,0.0030673585938072465,0.18427835051546396,0.0074933028749945285,97
mt5,5,a_ratio,14,0.86,0.21214137191046942,0.03697216522161638,0.0777491408934708,0.2592237212301055,97
mt5,5,nqc,14,0.86,0.30772592319210446,0.0021677863296739115,0.1971649484536083,0.004221925130091803,97
mt5,5,bertQPP,14,0.86,0.328051785345493,0.0010368650080916381,0.22594501718213064,0.0010428004886634003,97
mt5,5,bertQPP(QV),14,0.86,0.31799562106144635,0.0015029591537293317,0.2212199312714777,0.001326652810302692,97
mt5,5,spatial,14,0.88,0.29505066089516585,0.003347850046528878,0.186426116838488,0.006825229731210832,97
mt5,5,a_ratio,14,0.88,0.22474908944286848,0.026882271059182325,0.08333333333333336,0.22656268559471548,97
mt5,5,nqc,14,0.88,0.3039235029596944,0.002474622637105666,0.19544673539518906,0.0045660596694361046,97
mt5,5,bertQPP,14,0.88,0.3214643123510792,0.0013241975584922807,0.2173539518900344,0.0016102081655090619,97
mt5,5,bertQPP(QV),14,0.88,0.3128799054209324,0.0018066830229167177,0.21649484536082478,0.0016803624081385136,97
mt5,5,spatial,14,0.9,0.2923914229581277,0.003658664615022128,0.18470790378006877,0.007355176256510775,97
mt5,5,a_ratio,14,0.9,0.24050258877858727,0.01764855731075625,0.08977663230240551,0.19265661141875967,97
mt5,5,nqc,14,0.9,0.29991927730798595,0.0028395123544443855,0.19286941580756015,0.005130036782382208,97
mt5,5,bertQPP,14,0.9,0.314620287601343,0.0016976333618527713,0.21649484536082478,0.0016803624081385136,97
mt5,5,bertQPP(QV),14,0.9,0.3075002843370779,0.0021849883928457573,0.20704467353951894,0.0026605976928076114,97
mt5,5,spatial,14,0.92,0.2896791599173678,0.004002031319383601,0.18084192439862545,0.008684754281086702,97
mt5,5,a_ratio,14,0.92,0.2600859944226105,0.010088493275423304,0.1048109965635739,0.1282784361242476,97
mt5,5,nqc,14,0.92,0.2957645975697887,0.003268537859969537,0.18857388316151205,0.006211170636578692,97
mt5,5,bertQPP,14,0.92,0.3075781725817015,0.0021790365495348704,0.20360824742268044,0.003130893451622874,97
mt5,5,bertQPP(QV),14,0.92,0.301912895125216,0.0026522007180486713,0.20060137457044677,0.0036032888355043277,97
mt5,5,spatial,14,0.94,0.2869225528490943,0.0043802333193710295,0.17654639175257736,0.010410504577977625,97
mt5,5,a_ratio,14,0.94,0.2832555004047903,0.004932642084286682,0.11769759450171824,0.08765026442852013,97
mt5,5,nqc,14,0.94,0.2915049644753488,0.0037678713576910832,0.18470790378006877,0.007355176256510775,97
mt5,5,bertQPP,14,0.94,0.30039308764265943,0.0027939494546390235,0.19072164948453613,0.005647306460207743,97
mt5,5,bertQPP(QV),14,0.94,0.29617015297006466,0.003224238216965345,0.19201030927835053,0.00533157487845821,97
mt5,5,spatial,14,0.96,0.28412978763531616,0.004795590379133336,0.17568728522336774,0.01079019991112942,97
mt5,5,a_ratio,14,0.96,0.3056580632495638,0.002330106112456062,0.15420962199312716,0.025236989773183314,97
mt5,5,nqc,14,0.96,0.28718008080192925,0.004343597871420802,0.18170103092783507,0.008372001763204117,97
mt5,5,bertQPP,14,0.96,0.2931160006721159,0.0035715136659439746,0.18470790378006877,0.007355176256510775,97
mt5,5,bertQPP(QV),14,0.96,0.2903200814523165,0.003918392283835568,0.18556701030927839,0.00708575590459897,97
mt5,5,spatial,14,0.98,0.2813085423252817,0.005250440248980029,0.17182130584192443,0.01265543298933369,97
mt5,5,a_ratio,14,0.98,0.3118706308268894,0.0018727870778088996,0.17482817869415812,0.011182156616858724,97
mt5,5,nqc,14,0.98,0.28282409639437,0.005001543992845154,0.1782646048109966,0.009686599012848096,97
mt5,5,bertQPP,14,0.98,0.28579319432925904,0.004544169149220513,0.17611683848797252,0.010598840128977079,97
mt5,5,bertQPP(QV),14,0.98,0.28440592226488415,0.004753014253529038,0.17439862542955328,0.011382836808156348,97
mt5,5,spatial,14,1.0,0.27846598199705375,0.005747119260745029,0.17353951890034366,0.011793812186781842,97
mt5,5,a_ratio,14,1.0,0.27846598199705375,0.005747119260745029,0.17353951890034366,0.011793812186781842,97
mt5,5,nqc,14,1.0,0.27846598199705375,0.005747119260745029,0.17353951890034366,0.011793812186781842,97
mt5,5,bertQPP,14,1.0,0.27846598199705375,0.005747119260745029,0.17353951890034366,0.011793812186781842,97
mt5,5,bertQPP(QV),14,1.0,0.27846598199705375,0.005747119260745029,0.17353951890034366,0.011793812186781842,97
mt5,5,spatial,15,0.0,0.25885485632993066,0.010462125003978813,0.1512027491408935,0.028226597294347726,97
mt5,5,a_ratio,15,0.0,0.13160075259686294,0.1988233722254004,0.02448453608247423,0.7223661580007107,97
mt5,5,nqc,15,0.0,0.11061668139870946,0.28074872825135627,0.011168384879725088,0.8712539798728897,97
mt5,5,bertQPP,15,0.0,0.2419719081486737,0.01694714987227943,0.19759450171821308,0.0041396512632380965,97
mt5,5,bertQPP(QV),15,0.0,0.18689940218155726,0.06679202150029932,0.15335051546391754,0.026061836085581373,97
mt5,5,spatial,15,0.02,0.26246559518158463,0.00939933777059938,0.1550687285223368,0.024434836082135623,97
mt5,5,a_ratio,15,0.02,0.1319064761687578,0.19777298440217306,0.025343642611683852,0.7130485680719618,97
mt5,5,nqc,15,0.02,0.11524688934245336,0.26097654444533563,0.1168384879725086,0.08998850130140247,97
mt5,5,bertQPP,15,0.02,0.24575686022443205,0.015250184163744069,0.19931271477663232,0.003824903963020039,97
mt5,5,bertQPP(QV),15,0.02,0.19089773573153365,0.06106626653093736,0.15635738831615123,0.02327305567367708,97
mt5,5,spatial,15,0.04,0.26605191613760976,0.008438757374082317,0.1589347079037801,0.021092644173514117,97
mt5,5,a_ratio,15,0.04,0.132224814228873,0.19668350890313444,0.02405498281786942,0.7270405431127746,97
mt5,5,nqc,15,0.04,0.12006852031883501,0.24141743935977025,0.14304123711340208,0.037922646089534044,97
mt5,5,bertQPP,15,0.04,0.24964976449365403,0.013660395580092596,0.19931271477663232,0.003824903963020039,97
mt5,5,bertQPP(QV),15,0.04,0.19502724889866074,0.055579245792014294,0.1589347079037801,0.021092644173514117,97
mt5,5,spatial,15,0.06,0.2696052856932054,0.0075732991416947275,0.16194158075601378,0.018775672464210122,97
mt5,5,a_ratio,15,0.06,0.1325565625638919,0.19555274784645824,0.025343642611683852,0.7130485680719618,97
mt5,5,nqc,15,0.06,0.12508951578318783,0.2221543879644007,0.16408934707903783,0.01726000960595295,97
mt5,5,bertQPP,15,0.06,0.25365185698328674,0.012178177597094353,0.20017182130584193,0.0036758280937195186,97
mt5,5,bertQPP(QV),15,0.06,0.19929112996133774,0.05034466497137569,0.16151202749140894,0.01909240321886764,97
mt5,5,spatial,15,0.08,0.27311668926014687,0.006795961210723456,0.16065292096219932,0.019739903980340746,97
mt5,5,a_ratio,15,0.08,0.1329025852070441,0.19437833777064462,0.026202749140893475,0.7037735989090746,97
mt5,5,nqc,15,0.08,0.1303176870648511,0.20327541916693792,0.17353951890034366,0.011793812186781842,97
mt5,5,bertQPP,15,0.08,0.25776388474707174,0.010803286198760012,0.20360824742268044,0.003130893451622874,97
mt5,5,bertQPP(QV),15,0.08,0.20369220857367984,0.04537502428733929,0.16194158075601378,0.018775672464210122,97
mt5,5,spatial,15,0.1,0.27657666294654015,0.0060998884420330945,0.16323024054982818,0.017852894393926448,97
mt5,5,a_ratio,15,0.1,0.13326382189940897,0.19315773402379224,0.025773195876288665,0.708405677956768,97
mt5,5,nqc,15,0.1,0.1357605720699851,0.1848725537971485,0.1829896907216495,0.007921746820669876,97
mt5,5,bertQPP,15,0.1,0.2619859968734233,0.009534810880736207,0.20704467353951894,0.0026605976928076114,97
mt5,5,bertQPP(QV),15,0.1,0.20823284646031132,0.04068133399848822,0.16151202749140894,0.01909240321886764,97
mt5,5,spatial,15,0.12,0.2799753352874257,0.005478430058466736,0.16451890034364264,0.016970096384742294,97
mt5,5,a_ratio,15,0.12,0.13364129654981297,0.1918881933946167,0.025773195876288665,0.708405677956768,97
mt5,5,nqc,15,0.12,0.14142525623666338,0.16704037611647443,0.18814432989690724,0.00632984784895861,97
mt5,5,bertQPP,15,0.12,0.2663176185814014,0.0083711564945485,0.20661512027491413,0.0027156275780873427,97
mt5,5,bertQPP(QV),15,0.12,0.21291480837323157,0.036272827387496306,0.16323024054982818,0.017852894393926448,97
mt5,5,spatial,15,0.14,0.2833024794516751,0.0049251900482490535,0.1666666666666667,0.01558372473088864,97
mt5,5,a_ratio,15,0.14,0.13403612685242774,0.19056675475733822,0.026202749140893475,0.7037735989090746,97
mt5,5,nqc,15,0.14,0.14731815137062942,0.14987421342800095,0.1898625429553265,0.005867063974983271,97
mt5,5,bertQPP,15,0.14,0.2707573066387902,0.007310037910829382,0.20790378006872856,0.0025535840012904936,97
mt5,5,bertQPP(QV),15,0.14,0.21773911077037295,0.03215668113959417,0.1658075601374571,0.016125841537736958,97
mt5,5,spatial,15,0.16,0.28654757623873883,0.00443406965711669,0.16838487972508595,0.01454739544260673,97
mt5,5,a_ratio,15,0.16,0.13444953525074116,0.18919021746975523,0.025773195876288665,0.708405677956768,97
mt5,5,nqc,15,0.16,0.15344472545309573,0.13346791906929015,0.19458762886597944,0.004747484369155047,97
mt5,5,bertQPP,15,0.16,0.2753025844212019,0.0063484892612679445,0.2096219931271478,0.002351276432455258,97
mt5,5,bertQPP(QV),15,0.16,0.22270584564070114,0.02833775492876322,0.17740549828178698,0.010042744211065484,97
mt5,5,spatial,15,0.18,0.2896998879176619,0.003999301592811326,0.16924398625429557,0.01405239227763608,97
mt5,5,a_ratio,15,0.18,0.13488286147246148,0.18775511722609514,0.027061855670103097,0.6945424903122657,97
mt5,5,nqc,15,0.18,0.15980917620225235,0.11791128358610715,0.19673539518900346,0.004305679427335466,97
mt5,5,bertQPP,15,0.18,0.2799497551423952,0.00548288914872259,0.21134020618556704,0.0021637443470699886,97
mt5,5,bertQPP(QV),15,0.18,0.22781397699775466,0.024818363619840647,0.1778350515463918,0.009863239446727635,97
mt5,5,spatial,15,0.2,0.29274854265334815,0.003615475865184562,0.16924398625429557,0.01405239227763608,97
mt5,5,a_ratio,15,0.2,0.13533757690363135,0.18625769902276712,0.02920962199312715,0.6716645680851198,97
mt5,5,nqc,15,0.2,0.16641404124963138,0.10328713740138422,0.19931271477663232,0.003824903963020039,97
mt5,5,bertQPP,15,0.2,0.2846936921707062,0.004709002682269811,0.2134879725085911,0.0019486331283160838,97
mt5,5,bertQPP(QV),15,0.2,0.2330611078522274,0.021598096548128963,0.17955326460481102,0.009173476196585428,97
mt5,5,spatial,15,0.22,0.29568262891766406,0.003277557468412159,0.1752577319587629,0.010984624932232429,97
mt5,5,a_ratio,15,0.22,0.13581530112374018,0.184693886845201,0.032216494845360835,0.6401438286436847,97
mt5,5,nqc,15,0.22,0.1732597384817953,0.08966825456848779,0.20017182130584193,0.0036758280937195186,97
mt5,5,bertQPP,15,0.22,0.28952760596203264,0.0040220405015774004,0.21563573883161516,0.0017533187111864498,97
mt5,5,bertQPP(QV),15,0.22,0.23844321603031504,0.018673698575647796,0.18384879725085912,0.0076337511300162714,97
mt5,5,spatial,15,0.24,0.29849129890569875,0.0029808963645166974,0.18170103092783507,0.008372001763204117,97
mt5,5,a_ratio,15,0.24,0.13631782098939757,0.183059249626662,0.03393470790378007,0.6224147431170471,97
mt5,5,nqc,15,0.24,0.1803440316853239,0.0771142179457184,0.20017182130584193,0.0036758280937195186,97
mt5,5,bertQPP,15,0.24,0.2944427880538816,0.0034167341228950273,0.21477663230240554,0.0018291772025326055,97
mt5,5,bertQPP(QV),15,0.24,0.24395435812074473,0.016039026768453896,0.18857388316151205,0.006211170636578692,97
mt5,5,spatial,15,0.26,0.3011638795841608,0.0027212304382920154,0.18556701030927839,0.00708575590459897,97
mt5,5,a_ratio,15,0.26,0.1368471127353796,0.18134896296439174,0.033075601374570454,0.6312527656924587,97
mt5,5,nqc,15,0.26,0.1876614194777404,0.06566845554245128,0.19888316151202753,0.0039014834427261624,97
mt5,5,bertQPP,15,0.26,0.2994283338538274,0.002887426007938337,0.21907216494845363,0.0014779202366871586,97
mt5,5,bertQPP(QV),15,0.26,0.24958634221839449,0.013685094354817106,0.1937285223367698,0.004935409194231109,97
mt5,5,spatial,15,0.28,0.30368998960690474,0.0024946822551684734,0.1859965635738832,0.006954397086601862,97
mt5,5,a_ratio,15,0.28,0.13740536766270267,0.17955776600389758,0.033505154639175264,0.6268270582661877,97
mt5,5,nqc,15,0.28,0.19520245002915795,0.055355697435410765,0.19888316151202753,0.0039014834427261624,97
mt5,5,bertQPP,15,0.28,0.3044708476999819,0.0024281717897122863,0.2177835051546392,0.0015761513468118154,97
mt5,5,bertQPP(QV),15,0.28,0.25532837210680703,0.011600209964406716,0.1971649484536083,0.004221925130091803,97
mt5,5,spatial,15,0.3,0.3060596599621498,0.002297750561906674,0.18470790378006877,0.007355176256510775,97
mt5,5,a_ratio,15,0.3,0.13799502210920242,0.17767991281791187,0.033075601374570454,0.6312527656924587,97
mt5,5,nqc,15,0.3,0.2029529707299875,0.04618012207031539,0.19888316151202753,0.0039014834427261624,97
mt5,5,bertQPP,15,0.3,0.3095541359481339,0.002032851168730033,0.22422680412371138,0.0011387880187863695,97
mt5,5,bertQPP(QV),15,0.3,0.26116666820914025,0.009770215021569177,0.202319587628866,0.003325969220576063,97
mt5,5,spatial,15,0.32,0.3082634558891834,0.0021272975254898892,0.18470790378006877,0.007355176256510775,97
mt5,5,a_ratio,15,0.32,0.13861879255592843,0.17570911751223514,0.033505154639175264,0.6268270582661877,97
mt5,5,nqc,15,0.32,0.2108933311567097,0.03812444901251201,0.19802405498281792,0.004058834798972484,97
mt5,5,bertQPP,15,0.32,0.3146588967113537,0.0016952832161218337,0.22336769759450176,0.0011897860106094835,97
mt5,5,bertQPP(QV),15,0.32,0.2670840741470132,0.008178815787899474,0.20403780068728525,0.00306822352558543,97
mt5,5,spatial,15,0.34,0.3102925973416437,0.001980532711866449,0.18127147766323026,0.008527096049992753,97
mt5,5,a_ratio,15,0.34,0.13927971692176733,0.17363849218661082,0.033505154639175264,0.6268270582661877,97
mt5,5,nqc,15,0.34,0.21899756970467318,0.031150183520065742,0.1971649484536083,0.004221925130091803,97
mt5,5,bertQPP,15,0.34,0.31976241836944586,0.0014093412875247839,0.22766323024054988,0.0009543472910132449,97
mt5,5,bertQPP(QV),15,0.34,0.27305966214952576,0.006807999382603358,0.20274914089347082,0.003259747042536618,97
mt5,5,spatial,15,0.36,0.31213907510120276,0.0018549947696636783,0.18084192439862545,0.008684754281086702,97
mt5,5,a_ratio,15,0.36,0.13998120335137498,0.17146047676634735,0.03522336769759451,0.6092594479622931,97
mt5,5,nqc,15,0.36,0.22723262905751732,0.025199123502977767,0.19587628865979384,0.004477722918252414,97
mt5,5,bertQPP,15,0.36,0.3248383030426673,0.00116906255362969,0.22723367697594504,0.000975784420613921,97
mt5,5,bertQPP(QV),15,0.36,0.2790683558434712,0.005638515859451986,0.20489690721649487,0.002946303078171719,97
mt5,5,spatial,15,0.38,0.31379575957758443,0.001748531712858302,0.1859965635738832,0.006954397086601862,97
mt5,5,a_ratio,15,0.38,0.1407270881241219,0.16916675960287547,0.03522336769759451,0.6092594479622931,97
mt5,5,nqc,15,0.38,0.23555766267407935,0.020196107272513582,0.1984536082474227,0.003979453005162126,97
mt5,5,bertQPP,15,0.38,0.3298562357569151,0.0009687473532181999,0.22594501718213064,0.0010428004886634003,97
mt5,5,bertQPP(QV),15,0.38,0.2850805949962369,0.0046504019799413696,0.21391752577319592,0.001908041073171658,97
mt5,5,spatial,15,0.4,0.3152564993816007,0.0016592805997353833,0.18556701030927839,0.00708575590459897,97
mt5,5,a_ratio,15,0.4,0.14152170472641168,0.166748187625151,0.03522336769759451,0.6092594479622931,97
mt5,5,nqc,15,0.4,0.24392351232172269,0.016052827624165714,0.19802405498281792,0.004058834798972484,97
mt5,5,bertQPP,15,0.4,0.33478182475274954,0.0008030441935772298,0.22809278350515466,0.000933347093157991,97
mt5,5,bertQPP(QV),15,0.4,0.2910620732538862,0.0038235176568550563,0.2177835051546392,0.0015761513468118154,97
mt5,5,spatial,15,0.42,0.3165162069338905,0.0015856472923897937,0.18513745704467358,0.007219338175415614,97
mt5,5,a_ratio,15,0.42,0.14236996666631258,0.16419466471998861,0.036512027491408944,0.5962292897960457,97
mt5,5,nqc,15,0.42,0.2522724529466388,0.012672390723312802,0.19974226804123715,0.0037496927052216027,97
mt5,5,bertQPP,15,0.42,0.3395765428719606,0.0006670172295475402,0.2328178694158076,0.0007289565212236814,97
mt5,5,bertQPP(QV),15,0.42,0.2969735862474298,0.0031380640126586015,0.22207903780068733,0.0012702502748310276,97
mt5,5,spatial,15,0.44,0.31757092867227243,0.0015262868599096825,0.18384879725085912,0.0076337511300162714,97
mt5,5,a_ratio,15,0.44,0.14327746730883034,0.16149503694721723,0.03737113402061856,0.5876136836654002,97
mt5,5,nqc,15,0.44,0.2605383122425521,0.009954188325370898,0.202319587628866,0.003325969220576063,97
mt5,5,bertQPP,15,0.44,0.3441978035535739,0.0005561943592636609,0.2405498281786942,0.0004818477915141724,97
mt5,5,bertQPP(QV),15,0.44,0.30277103275858186,0.0025750531688062497,0.22422680412371138,0.0011387880187863695,97
mt5,5,spatial,15,0.46,0.31841789783578467,0.0014800850663852958,0.1829896907216495,0.007921746820669876,97
mt5,5,a_ratio,15,0.46,0.14425060092863304,0.1586369631868877,0.03908934707903781,0.5705575497769013,97
mt5,5,nqc,15,0.46,0.2686470735085661,0.007798606861583314,0.202319587628866,0.003325969220576063,97
mt5,5,bertQPP,15,0.46,0.34859920683660306,0.00046659554867099935,0.2405498281786942,0.0004818477915141724,97
mt5,5,bertQPP(QV),15,0.46,0.30840561475337075,0.002116704354554394,0.22207903780068733,0.0012702502748310276,97
mt5,5,spatial,15,0.48,0.31905556831642534,0.0014461412676280202,0.18427835051546396,0.0074933028749945285,97
mt5,5,a_ratio,15,0.48,0.1452967103928901,0.15560676992234915,0.04123711340206186,0.5495750194028222,97
mt5,5,nqc,15,0.48,0.27651805664777906,0.006111131658985008,0.20403780068728525,0.00306822352558543,97
mt5,5,bertQPP,15,0.48,0.35273098987446494,0.0003947424783741331,0.24269759450171827,0.0004286013573495472,97
mt5,5,bertQPP(QV),15,0.48,0.3138242815508155,0.0017467482405417725,0.22809278350515466,0.000933347093157991,97
mt5,5,spatial,15,0.5,0.3194836286559306,0.0014237529319941255,0.18470790378006877,0.007355176256510775,97
mt5,5,a_ratio,15,0.5,0.1464242685098756,0.1523892891689621,0.0425257731958763,0.5371707606067591,97
mt5,5,nqc,15,0.5,0.2840657389782112,0.0048055141835090095,0.20317869415807563,0.0031947282487263706,97
mt5,5,bertQPP,15,0.5,0.35654071171275803,0.00033765193651900824,0.24484536082474234,0.00038088964117221485,97
mt5,5,bertQPP(QV),15,0.5,0.3189704576178031,0.001450630585143309,0.22809278350515466,0.000933347093157991,97
mt5,5,spatial,15,0.52,0.3197029958949571,0.0014124019034679725,0.18470790378006877,0.007355176256510775,97
mt5,5,a_ratio,15,0.52,0.1476431022645511,0.14896767919817747,0.0425257731958763,0.5371707606067591,97
mt5,5,nqc,15,0.52,0.29120222274714885,0.0038058298624861595,0.2053264604810997,0.002887015591872923,97
mt5,5,bertQPP,15,0.52,0.3599741924631962,0.0002928164321689061,0.24484536082474234,0.00038088964117221485,97
mt5,5,bertQPP(QV),15,0.52,0.323785081047406,0.0012156160024450928,0.22680412371134026,0.0009976667225656776,97
mt5,5,spatial,15,0.54,0.31971578962299485,0.0014117424403605342,0.18943298969072167,0.005979808014005902,97
mt5,5,a_ratio,15,0.54,0.14896467213275277,0.14532322889714883,0.04295532646048111,0.5330675016802799,97
mt5,5,nqc,15,0.54,0.2978402818946413,0.0030474260946126448,0.20747422680412375,0.0026065887949513057,97
mt5,5,bertQPP,15,0.54,0.36297671187200975,0.00025817620214825727,0.2439862542955327,0.0003993454119661632,97
mt5,5,bertQPP(QV),15,0.54,0.3282079598154656,0.0010308015163947959,0.23109965635738836,0.0007979153488644113,97
mt5,5,spatial,15,0.56,0.31952528719563217,0.0014215909907810203,0.19587628865979384,0.004477722918252414,97
mt5,5,a_ratio,15,0.56,0.1504024227419268,0.14143514869197318,0.046391752577319596,0.5008221569685896,97
mt5,5,nqc,15,0.56,0.30389683440004756,0.0024769061911645417,0.2096219931271478,0.002351276432455258,97
mt5,5,bertQPP,15,0.56,0.3654944516500536,0.00023208712611499281,0.2508591065292096,0.00027237466938260737,97
mt5,5,bertQPP(QV),15,0.56,0.33217942557845936,0.0008870563817871294,0.23195876288659797,0.0007627126312502382,97
mt5,5,spatial,15,0.58,0.3191358616500053,0.0014419176058983636,0.19759450171821308,0.0041396512632380965,97
mt5,5,a_ratio,15,0.58,0.1519722267971636,0.1372803545058308,0.04725085910652922,0.4929254477765376,97
mt5,5,nqc,15,0.58,0.30929660202463305,0.002051388331224834,0.21262886597938147,0.002032205430312129,97
mt5,5,bertQPP,15,0.58,0.3674761408030764,0.000213289112008879,0.2521477663230241,0.0002532519652694692,97
mt5,5,bertQPP(QV),15,0.58,0.33564223171324004,0.0007769087259434856,0.2366838487972509,0.0005935388745829456,97
mt5,5,spatial,15,0.6,0.3185529043321459,0.0014728388429741796,0.19329896907216498,0.0050318722795436996,97
mt5,5,a_ratio,15,0.6,0.15369295210762116,0.1328332571206588,0.04596219931271478,0.5047955105031363,97
mt5,5,nqc,15,0.6,0.31397565402285155,0.001737310472909242,0.2134879725085911,0.0019486331283160838,97
mt5,5,bertQPP,15,0.6,0.36887483576512026,0.000200879380593941,0.2573024054982818,0.0001886509599840551,97
mt5,5,bertQPP(QV),15,0.6,0.338543606882854,0.0006944007709485367,0.2366838487972509,0.0005935388745829456,97
mt5,5,spatial,15,0.62,0.31778273463059276,0.0015146119711226486,0.19630584192439868,0.0043909374810577745,97
mt5,5,a_ratio,15,0.62,0.15558719275999477,0.12806557901593996,0.04596219931271478,0.5047955105031363,97
mt5,5,nqc,15,0.62,0.31788450305633736,0.0015090312687982776,0.21520618556701035,0.0017908788065225548,97
mt5,5,bertQPP,15,0.62,0.3696497407749326,0.00019429490303487823,0.26374570446735396,0.00012958397281742168,97
mt5,5,bertQPP(QV),15,0.62,0.3408373426373166,0.0006349331376083214,0.23969072164948454,0.0005048251929224872,97
mt5,5,spatial,15,0.64,0.3168324994755214,0.001567630262691795,0.2014604810996564,0.0034621026042757834,97
mt5,5,a_ratio,15,0.64,0.15768222154189895,0.1229462366293645,0.04810996563573884,0.4850959502795227,97
mt5,5,nqc,15,0.64,0.32099044243189695,0.0013474227672913442,0.2169243986254296,0.001644941169576058,97
mt5,5,bertQPP,15,0.64,0.3697679528891335,0.00019330816512800228,0.26460481099656363,0.00012317744827931967,97
mt5,5,bertQPP(QV),15,0.64,0.3424857694034662,0.000595115756526542,0.2439862542955327,0.0003993454119661632,97
mt5,5,spatial,15,0.66,0.31571006540631785,0.0016324191312092793,0.20060137457044677,0.0036032888355043277,97
mt5,5,a_ratio,15,0.66,0.1600112439708509,0.11744135185825194,0.050687285223367705,0.46201693847175085,97
mt5,5,nqc,15,0.66,0.3232788860819802,0.001238584411495415,0.21821305841924402,0.0015427588468996702,97
mt5,5,bertQPP,15,0.66,0.3692060047292427,0.00019804054909800385,0.2667525773195877,0.00010844269870482771,97
mt5,5,bertQPP(QV),15,0.66,0.3434614654990453,0.0005726390714025264,0.24269759450171827,0.0004286013573495472,97
mt5,5,spatial,15,0.68,0.3144239060351822,0.0017096328623878649,0.20274914089347082,0.003259747042536618,97
mt5,5,a_ratio,15,0.68,0.16261506832785588,0.11151449874494719,0.05584192439862544,0.41775090102760204,97
mt5,5,nqc,15,0.68,0.3247535862299423,0.0011727462704377992,0.21993127147766325,0.0014156009702633058,97
mt5,5,bertQPP,15,0.68,0.36795108017961076,0.00020899798284977885,0.2680412371134021,0.00010041746330816103,97
mt5,5,bertQPP(QV),15,0.68,0.3437485527136631,0.0005661752524343403,0.24785223367697598,0.0003223841860548392,97
mt5,5,spatial,15,0.7,0.3129829876491941,0.001800051677389491,0.2014604810996564,0.0034621026042757834,97
mt5,5,a_ratio,15,0.7,0.1655443564343318,0.10512735980579871,0.053694158075601385,0.43588378893929247,97
mt5,5,nqc,15,0.7,0.3254357376497904,0.0011433817761025216,0.22079037800687287,0.0013557124652369783,97
mt5,5,bertQPP,15,0.7,0.3660017956720717,0.0002271340678743089,0.2654639175257732,0.00011707036468109733,97
mt5,5,bertQPP(QV),15,0.7,0.3433434607265985,0.0005753155235498076,0.2521477663230241,0.0002532519652694692,97
mt5,5,spatial,15,0.72,0.31139665551290224,0.0019045788672676148,0.202319587628866,0.003325969220576063,97
mt5,5,a_ratio,15,0.72,0.1688626949403286,0.09824107767851549,0.057130584192439875,0.4070878413580533,97
mt5,5,nqc,15,0.72,0.3253621059642203,0.0011465188755785376,0.22379725085910657,0.0011640289366746655,97
mt5,5,bertQPP,15,0.72,0.3633684717276873,0.000253946514623866,0.26374570446735396,0.00012958397281742168,97
mt5,5,bertQPP(QV),15,0.72,0.3422550885745548,0.0006005466232943434,0.24742268041237117,0.00033019314561040996,97
mt5,5,spatial,15,0.74,0.3096745231764931,0.002024237744226323,0.202319587628866,0.003325969220576063,97
mt5,5,a_ratio,15,0.74,0.17265083914737805,0.09081876730655356,0.057989690721649494,0.40007019122296605,97
mt5,5,nqc,15,0.74,0.32458241683336964,0.0011802214052845329,0.2216494845360825,0.001298168853613724,97
mt5,5,bertQPP,15,0.74,0.3600728625867442,0.00029161311560526893,0.2620274914089347,0.00014335046231608574,97
mt5,5,bertQPP(QV),15,0.74,0.34050434829389353,0.0006432667802896746,0.2508591065292096,0.00027237466938260737,97
mt5,5,spatial,15,0.76,0.3078263667815814,0.002160168169068239,0.2018900343642612,0.0033934144348203364,97
mt5,5,a_ratio,15,0.76,0.17701264859824645,0.08282994009361579,0.05884879725085912,0.3931257746774063,97
mt5,5,nqc,15,0.76,0.3231562979368989,0.001244205791908673,0.21993127147766325,0.0014156009702633058,97
mt5,5,bertQPP,15,0.76,0.35614736021912274,0.0003431732656787178,0.25816151202749144,0.00017952274646223222,97
mt5,5,bertQPP(QV),15,0.76,0.33812313504354674,0.0007058391396029671,0.25601374570446744,0.000203164735220203,97
mt5,5,spatial,15,0.78,0.3058620260086562,0.002313622434876999,0.20317869415807563,0.0031947282487263706,97
mt5,5,a_ratio,15,0.78,0.18208347734482946,0.07425803547667066,0.06486254295532648,0.34658765831762584,97
mt5,5,nqc,15,0.78,0.32115007261749084,0.0013395580279630655,0.2177835051546392,0.0015761513468118154,97
mt5,5,bertQPP,15,0.78,0.35163373573266254,0.0004127596798772267,0.25816151202749144,0.00017952274646223222,97
mt5,5,bertQPP(QV),15,0.78,0.3351528202568216,0.0007916780338360698,0.24957044673539522,0.00029284438819506046,97
mt5,5,spatial,15,0.8,0.3037913129473091,0.002485960314335547,0.20017182130584193,0.0036758280937195186,97
mt5,5,a_ratio,15,0.8,0.18804211507100482,0.06511290496887281,0.07173539518900345,0.2978933833803449,97
mt5,5,nqc,15,0.8,0.31863366986659203,0.0014685192964198099,0.2177835051546392,0.0015761513468118154,97
mt5,5,bertQPP,15,0.8,0.34658151943582205,0.0005058819109960241,0.25386597938144334,0.00022970863763271067,97
mt5,5,bertQPP(QV),15,0.8,0.3316424020478332,0.0009053606436034029,0.23840206185567014,0.0005412133012575864,97
mt5,5,spatial,15,0.82,0.3016239298103968,0.002678643111601093,0.1984536082474227,0.003979453005162126,97
mt5,5,a_ratio,15,0.82,0.19512775052821904,0.05545092012163496,0.07689003436426119,0.26452436355398434,97
mt5,5,nqc,15,0.82,0.31567785380983615,0.0016343137227824267,0.21176975945017185,0.0021190549684448486,97
mt5,5,bertQPP,15,0.82,0.34104614552385115,0.0006297580919663164,0.2444158075601375,0.0003900155261817713,97
mt5,5,bertQPP(QV),15,0.82,0.3276464657757209,0.0010527534169686604,0.23067010309278352,0.00081607670119364,97
mt5,5,spatial,15,0.84,0.2993693960711361,0.002893226598517525,0.19544673539518906,0.0045660596694361046,97
mt5,5,a_ratio,15,0.84,0.20366354309298193,0.04540602520324979,0.07646048109965638,0.26720251399217865,97
mt5,5,nqc,15,0.84,0.3123519028671241,0.001840997447222932,0.20876288659793818,0.0024505203740822256,97
mt5,5,bertQPP,15,0.84,0.3350869961687916,0.0007936838974071492,0.23324742268041243,0.0007126038672884247,97
mt5,5,bertQPP(QV),15,0.84,0.3232231067594994,0.0012411393505173606,0.2212199312714777,0.001326652810302692,97
mt5,5,spatial,15,0.86,0.29703698528937944,0.0031313527580016506,0.19501718213058422,0.004655971971265852,97
mt5,5,a_ratio,15,0.86,0.21408698381968455,0.035234122344713674,0.08204467353951891,0.23382603249144784,97
mt5,5,nqc,15,0.86,0.3087217981628808,0.0020933139805608503,0.20489690721649487,0.002946303078171719,97
mt5,5,bertQPP,15,0.86,0.3287654732240892,0.0010094184482234143,0.22766323024054988,0.0009543472910132449,97
mt5,5,bertQPP(QV),15,0.86,0.3184319495200986,0.0014793293640097639,0.21821305841924402,0.0015427588468996702,97
mt5,5,spatial,15,0.88,0.29463567161804893,0.0033947403032677003,0.19329896907216498,0.0050318722795436996,97
mt5,5,a_ratio,15,0.88,0.22697957495657675,0.025366411802711743,0.08977663230240551,0.19265661141875967,97
mt5,5,nqc,15,0.88,0.3048489219921232,0.0023965463196713556,0.20403780068728525,0.00306822352558543,97
mt5,5,bertQPP,15,0.88,0.3221432067529331,0.001291556875522467,0.22207903780068733,0.0012702502748310276,97
mt5,5,bertQPP(QV),15,0.88,0.31333236879958026,0.0017777391886167695,0.2130584192439863,0.0019900166497547295,97
mt5,5,spatial,15,0.9,0.2921740857476863,0.0036851739885043694,0.1941580756013746,0.0048406217198878375,97
mt5,5,a_ratio,15,0.9,0.24305714294285527,0.01644467247865155,0.09621993127147768,0.16263626465805225,97
mt5,5,nqc,15,0.9,0.30078922473465086,0.0027563613051258236,0.20060137457044677,0.0036032888355043277,97
mt5,5,bertQPP,15,0.9,0.3152804825832466,0.0016578502867474305,0.21134020618556704,0.0021637443470699886,97
mt5,5,bertQPP(QV),15,0.9,0.30798198300919605,0.002148413118410861,0.20446735395189009,0.0030066996042901117,97
mt5,5,spatial,15,0.92,0.2896604798582314,0.004004492772913835,0.18857388316151205,0.006211170636578692,97
mt5,5,a_ratio,15,0.92,0.2629653914673624,0.009259960064654953,0.11254295532646051,0.10244263799035044,97
mt5,5,nqc,15,0.92,0.2965927929594588,0.0031786459728491813,0.1937285223367698,0.004935409194231109,97
mt5,5,bertQPP,15,0.92,0.3082349408930817,0.0021294281123011623,0.2053264604810997,0.002887015591872923,97
mt5,5,bertQPP(QV),15,0.92,0.30243545623994395,0.002604978151512272,0.19931271477663232,0.003824903963020039,97
mt5,5,spatial,15,0.94,0.2871027010018562,0.00435457694386108,0.1890034364261169,0.006094500520977148,97
mt5,5,a_ratio,15,0.94,0.28632465787394346,0.004466353552998834,0.12500000000000003,0.06969448971824621,97
mt5,5,nqc,15,0.94,0.2923037402708909,0.00366933897369682,0.19286941580756015,0.005130036782382208,97
mt5,5,bertQPP,15,0.94,0.30106056869423414,0.0027308773351965897,0.19931271477663232,0.003824903963020039,97
mt5,5,bertQPP(QV),15,0.94,0.2967436147107656,0.0031625166156836796,0.19759450171821308,0.0041396512632380965,97
mt5,5,spatial,15,0.96,0.2845081722365272,0.004737334344559161,0.18470790378006877,0.007355176256510775,97
mt5,5,a_ratio,15,0.96,0.30844649380327427,0.0021136670185094813,0.15420962199312716,0.025236989773183314,97
mt5,5,nqc,15,0.96,0.28796034213170363,0.0042342623700216,0.19158075601374575,0.0054350017041903615,97
mt5,5,bertQPP,15,0.96,0.293806984114112,0.003490139295704082,0.18857388316151205,0.006211170636578692,97
mt5,5,bertQPP(QV),15,0.96,0.2909528599843064,0.0038373520113602366,0.18513745704467358,0.007219338175415614,97
mt5,5,spatial,15,0.98,0.281883880763106,0.005154685885725404,0.18470790378006877,0.007355176256510775,97
mt5,5,a_ratio,15,0.98,0.31359266190076335,0.0017612790727934658,0.18427835051546396,0.0074933028749945285,97
mt5,5,nqc,15,0.98,0.2835953426917078,0.004878960233264707,0.18814432989690724,0.00632984784895861,97
mt5,5,bertQPP,15,0.98,0.28651899132058567,0.0044381977700146055,0.18427835051546396,0.0074933028749945285,97
mt5,5,bertQPP(QV),15,0.98,0.2851048452748279,0.00464675074105457,0.18341924398625434,0.007776554495134835,97
mt5,5,spatial,15,1.0,0.27923637228455644,0.005608550547767208,0.18127147766323026,0.008527096049992753,97
mt5,5,a_ratio,15,1.0,0.27923637228455644,0.005608550547767208,0.18127147766323026,0.008527096049992753,97
mt5,5,nqc,15,1.0,0.27923637228455644,0.005608550547767208,0.18127147766323026,0.008527096049992753,97
mt5,5,bertQPP,15,1.0,0.27923637228455644,0.005608550547767208,0.18127147766323026,0.008527096049992753,97
mt5,5,bertQPP(QV),15,1.0,0.27923637228455644,0.005608550547767208,0.18127147766323026,0.008527096049992753,97
mt5,5,spatial,16,0.0,0.25885485632993066,0.010462125003978813,0.1512027491408935,0.028226597294347726,97
mt5,5,a_ratio,16,0.0,0.13160075259686294,0.1988233722254004,0.02448453608247423,0.7223661580007107,97
mt5,5,nqc,16,0.0,0.11061668139870946,0.28074872825135627,0.011168384879725088,0.8712539798728897,97
mt5,5,bertQPP,16,0.0,0.2419719081486737,0.01694714987227943,0.19759450171821308,0.0041396512632380965,97
mt5,5,bertQPP(QV),16,0.0,0.18689940218155726,0.06679202150029932,0.15335051546391754,0.026061836085581373,97
mt5,5,spatial,16,0.02,0.26254016412877346,0.009378426620673895,0.1550687285223368,0.024434836082135623,97
mt5,5,a_ratio,16,0.02,0.13191067102589504,0.1977585997903892,0.025343642611683852,0.7130485680719618,97
mt5,5,nqc,16,0.02,0.11530697958410008,0.26072633642475357,0.12156357388316154,0.07772782073014356,97
mt5,5,bertQPP,16,0.02,0.24580539925991338,0.015229414939129327,0.1984536082474227,0.003979453005162126,97
mt5,5,bertQPP(QV),16,0.02,0.19094505208924373,0.06100098314038734,0.15678694158075604,0.022896601370035064,97
mt5,5,spatial,16,0.04,0.26620459426722776,0.008399854029891981,0.1585051546391753,0.021443192891173694,97
mt5,5,a_ratio,16,0.04,0.13223338103037455,0.1966542498955607,0.02362542955326461,0.7317251099207628,97
mt5,5,nqc,16,0.04,0.12019178068669617,0.2409311168127673,0.14261168384879727,0.03850326567762371,97
mt5,5,bertQPP,16,0.04,0.24974940509592414,0.01362167042091921,0.1984536082474227,0.003979453005162126,97
mt5,5,bertQPP(QV),16,0.04,0.19512411093767207,0.055455563094874684,0.1589347079037801,0.021092644173514117,97
mt5,5,spatial,16,0.06,0.2698398215767426,0.007519034555543782,0.16151202749140894,0.01909240321886764,97
mt5,5,a_ratio,16,0.06,0.1325696898553561,0.19550810026241744,0.02491408934707904,0.7177021136751226,97
mt5,5,nqc,16,0.06,0.12527928374669137,0.2214482294211544,0.1628006872852234,0.018155972846842318,97
mt5,5,bertQPP,16,0.06,0.2538053753553965,0.012124228422136946,0.20017182130584193,0.0036758280937195186,97
mt5,5,bertQPP(QV),16,0.06,0.19943995037228002,0.05016957413748805,0.16108247422680416,0.01941379508307944,97
mt5,5,spatial,16,0.08,0.27343703812029485,0.006728686215045405,0.15936426116838492,0.0207470988785446,97
mt5,5,a_ratio,16,0.08,0.13292047400298324,0.19431776149169355,0.026202749140893475,0.7037735989090746,97
mt5,5,nqc,16,0.08,0.13057758662897548,0.2023678860998221,0.17740549828178698,0.010042744211065484,97
mt5,5,bertQPP,16,0.08,0.2579742923424453,0.010736741528716743,0.202319587628866,0.003325969220576063,97
mt5,5,bertQPP(QV),16,0.08,0.2038956040271142,0.04515556164148601,0.16194158075601378,0.018775672464210122,97
mt5,5,spatial,16,0.1,0.2769869816985286,0.006021683804050778,0.16194158075601378,0.018775672464210122,97
mt5,5,a_ratio,16,0.1,0.13328668680772227,0.19308066134337398,0.025773195876288665,0.708405677956768,97
mt5,5,nqc,16,0.1,0.1360945461573706,0.1837842286894441,0.18771477663230243,0.006450561996249079,97
mt5,5,bertQPP,16,0.1,0.2622565639828802,0.009458174101818725,0.20661512027491413,0.0027156275780873427,97
mt5,5,bertQPP(QV),16,0.1,0.20849366065612876,0.040424512564310816,0.16237113402061856,0.018463547347092265,97
mt5,5,spatial,16,0.12,0.28047997385579687,0.00539111837496157,0.16323024054982818,0.017852894393926448,97
mt5,5,a_ratio,16,0.12,0.13366936702596155,0.19179402725160008,0.025773195876288665,0.708405677956768,97
mt5,5,nqc,16,0.12,0.14183760273292384,0.16579382891347078,0.1911512027491409,0.005540236417616152,97
mt5,5,bertQPP,16,0.12,0.26665189996973676,0.008286784947240259,0.20704467353951894,0.0026605976928076114,97
mt5,5,bertQPP(QV),16,0.12,0.21323613771666033,0.03598556285216955,0.16237113402061856,0.018463547347092265,97
mt5,5,spatial,16,0.14,0.2839059679362472,0.004830349119207463,0.16451890034364264,0.016970096384742294,97
mt5,5,a_ratio,16,0.14,0.13406964860168735,0.19045486684666,0.026632302405498288,0.6991524853070341,97
mt5,5,nqc,16,0.14,0.14781356298103782,0.14849378540603972,0.1911512027491409,0.005540236417616152,97
mt5,5,bertQPP,16,0.14,0.2711591692096398,0.007220123387250465,0.20790378006872856,0.0025535840012904936,97
mt5,5,bertQPP(QV),16,0.14,0.2181243328310431,0.03184571358756612,0.16752577319587633,0.015057708996420909,97
mt5,5,spatial,16,0.16,0.2872546075493022,0.004333046958466969,0.16752577319587633,0.015057708996420909,97
mt5,5,a_ratio,16,0.16,0.1344887718000236,0.18905994622374295,0.025773195876288665,0.708405677956768,97
mt5,5,nqc,16,0.16,0.1540283333785628,0.1319794152085262,0.19630584192439868,0.0043909374810577745,97
mt5,5,bertQPP,16,0.16,0.27577623679974694,0.006255040524313383,0.209192439862543,0.002400428947085522,97
mt5,5,bertQPP(QV),16,0.16,0.2231586504923026,0.028009568117182457,0.17654639175257736,0.010410504577977625,97
mt5,5,spatial,16,0.18,0.2905152955663068,0.0038932294617926677,0.16924398625429557,0.01405239227763608,97
mt5,5,a_ratio,16,0.18,0.13492809593691957,0.18760576566068576,0.027061855670103097,0.6945424903122657,97
mt5,5,nqc,16,0.18,0.160486597424009,0.11634156812866647,0.19974226804123715,0.0037496927052216027,97
mt5,5,bertQPP,16,0.18,0.2804997789421984,0.005387717090493046,0.21176975945017185,0.0021190549684448486,97
mt5,5,bertQPP(QV),16,0.18,0.22833840144253587,0.024479103989590047,0.1782646048109966,0.009686599012848096,97
mt5,5,spatial,16,0.2,0.29367727348760275,0.0035052870168155027,0.16924398625429557,0.01405239227763608,97
mt5,5,a_ratio,16,0.2,0.13538911397775175,0.18608853244396703,0.02920962199312715,0.6716645680851198,97
mt5,5,nqc,16,0.2,0.16719142888834504,0.10166363266219589,0.20060137457044677,0.0036032888355043277,97
mt5,5,bertQPP,16,0.2,0.2853250745450565,0.004613708712098225,0.21477663230240554,0.0018291772025326055,97
mt5,5,bertQPP(QV),16,0.2,0.23366157239565405,0.02125349454940754,0.18256013745704472,0.00806936233603351,97
mt5,5,spatial,16,0.22,0.2967297106971596,0.0031640004771675712,0.17268041237113405,0.01221789425088413,97
mt5,5,a_ratio,16,0.22,0.13587346933204766,0.18450413041286362,0.032216494845360835,0.6401438286436847,97
mt5,5,nqc,16,0.22,0.17414383423590574,0.08801835033353626,0.20017182130584193,0.0036758280937195186,97
mt5,5,bertQPP,16,0.22,0.2902457728221517,0.003928008689963641,0.21520618556701035,0.0017908788065225548,97
mt5,5,bertQPP(QV),16,0.22,0.23912456427317125,0.018328995194954904,0.18556701030927839,0.00708575590459897,97
mt5,5,spatial,16,0.24,0.29966180276859183,0.0028645507703061747,0.18213058419243988,0.008219435652041644,97
mt5,5,a_ratio,16,0.24,0.13638297523847984,0.18284808577525063,0.03436426116838488,0.6180159506334773,97
mt5,5,nqc,16,0.24,0.18134221871916537,0.075464607776488,0.19888316151202753,0.0039014834427261624,97
mt5,5,bertQPP,16,0.24,0.29525363705627994,0.0033251275236273296,0.21219931271477666,0.0020752134680172376,97
mt5,5,bertQPP(QV),16,0.24,0.24472189796340366,0.015698908328269496,0.18943298969072167,0.005979808014005902,97
mt5,5,spatial,16,0.26,0.30246287761400875,0.0026025211683723105,0.18728522336769762,0.006573343269072617,97
mt5,5,a_ratio,16,0.26,0.13691963721696898,0.18111552868414862,0.033505154639175264,0.6268270582661877,97
mt5,5,nqc,16,0.26,0.18878177328580475,0.06404442647170833,0.2018900343642612,0.0033934144348203364,97
mt5,5,bertQPP,16,0.26,0.30033826590757395,0.002799187436147968,0.21864261168384883,0.0015100189795415188,97
mt5,5,bertQPP(QV),16,0.26,0.25044588790826905,0.013353638670335597,0.19501718213058422,0.004655971971265852,97
mt5,5,spatial,16,0.28,0.3051225078912309,0.002373893091676971,0.1868556701030928,0.006698222213035896,97
mt5,5,a_ratio,16,0.28,0.1374856791674024,0.17930114999114763,0.033505154639175264,0.6268270582661877,97
mt5,5,nqc,16,0.28,0.19645378371740208,0.05378040989467877,0.2018900343642612,0.0033934144348203364,97
mt5,5,bertQPP,16,0.28,0.305486795314302,0.0023440291519365554,0.21907216494845363,0.0014779202366871586,97
mt5,5,bertQPP(QV),16,0.28,0.2562862856887778,0.011280846739702768,0.19630584192439868,0.0043909374810577745,97
mt5,5,spatial,16,0.3,0.3076306277237123,0.002175036426104902,0.18556701030927839,0.00708575590459897,97
mt5,5,a_ratio,16,0.3,0.13808357382258463,0.17739915251074426,0.03393470790378007,0.6224147431170471,97
mt5,5,nqc,16,0.3,0.20434486981305472,0.04467392595687319,0.202319587628866,0.003325969220576063,97
mt5,5,bertQPP,16,0.3,0.31068358622854153,0.0019533272300018933,0.22250859106529214,0.001242886914966472,97
mt5,5,bertQPP(QV),16,0.3,0.26222989834660326,0.009465702918786354,0.20103092783505158,0.0035320539175627825,97
mt5,5,spatial,16,0.32,0.3099776514614404,0.002002695392428542,0.18427835051546396,0.0074933028749945285,97
mt5,5,a_ratio,16,0.32,0.13871607842378028,0.1754031960381749,0.033505154639175264,0.6268270582661877,97
mt5,5,nqc,16,0.32,0.21243617138777288,0.03670428771750859,0.20274914089347082,0.003259747042536618,97
mt5,5,bertQPP,16,0.32,0.3159099062231068,0.0016207094610530116,0.2216494845360825,0.001298168853613724,97
mt5,5,bertQPP(QV),16,0.32,0.26826018956163405,0.0078912378961498,0.20446735395189009,0.0030066996042901117,97
mt5,5,spatial,16,0.34,0.31215459194117273,0.001853971011098722,0.17998281786941583,0.009007907605249525,97
mt5,5,a_ratio,16,0.34,0.13938627669003334,0.17330633526331626,0.033505154639175264,0.6268270582661877,97
mt5,5,nqc,16,0.34,0.22070250970257363,0.029829138504154768,0.20317869415807563,0.0031947282487263706,97
mt5,5,bertQPP,16,0.34,0.3211436164370994,0.0013398753038307847,0.22422680412371138,0.0011387880187863695,97
mt5,5,bertQPP(QV),16,0.34,0.2743568760872307,0.0065387778656976975,0.20403780068728525,0.00306822352558543,97
mt5,5,spatial,16,0.36,0.31415317551122257,0.001726301167199258,0.18170103092783507,0.008372001763204117,97
mt5,5,a_ratio,16,0.36,0.14009762840989834,0.1711009496161502,0.03436426116838488,0.6180159506334773,97
mt5,5,nqc,16,0.36,0.22911156772528643,0.023986145937430974,0.19974226804123715,0.0037496927052216027,97
mt5,5,bertQPP,16,0.36,0.3263588793778889,0.0011047081569067261,0.22766323024054988,0.0009543472910132449,97
mt5,5,bertQPP(QV),16,0.36,0.28049553703971963,0.0053884454255328515,0.20403780068728525,0.00306822352558543,97
mt5,5,spatial,16,0.38,0.31596595098741587,0.0016174392055508177,0.18513745704467358,0.007219338175415614,97
mt5,5,a_ratio,16,0.38,0.14085402831304392,0.16877866396928784,0.03436426116838488,0.6180159506334773,97
mt5,5,nqc,16,0.38,0.23762314987500716,0.019095969559456288,0.202319587628866,0.003325969220576063,97
mt5,5,bertQPP,16,0.38,0.33152590766075923,0.0009093765010087349,0.22809278350515466,0.000933347093157991,97
mt5,5,bertQPP(QV),16,0.38,0.28664725964246623,0.004419700579904926,0.21134020618556704,0.0021637443470699886,97
mt5,5,spatial,16,0.4,0.31758638971695724,0.0015254318849470666,0.17998281786941583,0.009007907605249525,97
mt5,5,a_ratio,16,0.4,0.1416598763019442,0.1663302590169002,0.036512027491408944,0.5962292897960457,97
mt5,5,nqc,16,0.4,0.24618860038715323,0.015066306909378036,0.20274914089347082,0.003259747042536618,97
mt5,5,bertQPP,16,0.4,0.3366107786094712,0.000748419622600202,0.2298109965635739,0.0008535554716530555,97
mt5,5,bertQPP(QV),16,0.4,0.2927783515567931,0.0036118916012675586,0.2203608247422681,0.0013853583021557498,97
mt5,5,spatial,16,0.42,0.3190089740539542,0.0014485974027727147,0.18470790378006877,0.007355176256510775,97
mt5,5,a_ratio,16,0.42,0.1425201616711186,0.1637455700596315,0.036512027491408944,0.5962292897960457,97
mt5,5,nqc,16,0.42,0.25475047686051644,0.011796671232510363,0.202319587628866,0.003325969220576063,97
mt5,5,bertQPP,16,0.42,0.3415753443581234,0.0006168147047248328,0.23582474226804126,0.000621432826309228,97
mt5,5,bertQPP(QV),16,0.42,0.29885015647017754,0.0029447836354609437,0.22508591065292102,0.0010898172708815595,97
mt5,5,spatial,16,0.44,0.32022927179572336,0.0013855040756156013,0.18556701030927839,0.00708575590459897,97
mt5,5,a_ratio,16,0.44,0.14344056465492944,0.16101337287235326,0.03823024054982819,0.5790561270652871,97
mt5,5,nqc,16,0.44,0.2632425884033534,0.009183443539066707,0.20489690721649487,0.002946303078171719,97
mt5,5,bertQPP,16,0.44,0.3463772710798825,0.0005100234507950103,0.24012027491408938,0.0004932117335580638,97
mt5,5,bertQPP(QV),16,0.44,0.3048190153376753,0.0023990343942714197,0.22809278350515466,0.000933347093157991,97
mt5,5,spatial,16,0.46,0.3212439944866823,0.0013349501354741628,0.186426116838488,0.006825229731210832,97
mt5,5,a_ratio,16,0.46,0.14442757958241004,0.1581212553497792,0.038659793814433,0.5747994088567128,97
mt5,5,nqc,16,0.46,0.27159051142712043,0.007124701132162045,0.2053264604810997,0.002887015591872923,97
mt5,5,bertQPP,16,0.46,0.35097024339631056,0.00042401794749320065,0.2405498281786942,0.0004818477915141724,97
mt5,5,bertQPP(QV),16,0.46,0.31063641944311354,0.001956591147733651,0.22293814432989695,0.0012160687743494618,97
mt5,5,spatial,16,0.48,0.3220510379529392,0.0012959449807157489,0.18728522336769762,0.006573343269072617,97
mt5,5,a_ratio,16,0.48,0.14548866515914077,0.15505547376924986,0.039948453608247426,0.5621188569054614,97
mt5,5,nqc,16,0.48,0.2797126852387607,0.005524368425160619,0.20575601374570449,0.0028288190417010725,97
mt5,5,bertQPP,16,0.48,0.3553043698731191,0.00035528700367801083,0.24355670103092786,0.0004088834881762593,97
mt5,5,bertQPP(QV),16,0.48,0.3162494018299022,0.001600990995034545,0.22766323024054988,0.0009543472910132449,97
mt5,5,spatial,16,0.5,0.3226495039650652,0.0012676921102746893,0.1898625429553265,0.005867063974983271,97
mt5,5,a_ratio,16,0.5,0.1466324290543134,0.15180079286850603,0.040378006872852236,0.5579222431626273,97
mt5,5,nqc,16,0.5,0.28752215926542124,0.0042953572148961665,0.20575601374570449,0.0028288190417010725,97
mt5,5,bertQPP,16,0.5,0.35932682165531055,0.00030082555491106643,0.2452749140893471,0.0003719636432157586,97
mt5,5,bertQPP(QV),16,0.5,0.32160120905202966,0.0013175560114502141,0.22723367697594504,0.000975784420613921,97
mt5,5,spatial,16,0.52,0.32303970251269953,0.0012495738712986944,0.1911512027491409,0.005540236417616152,97
mt5,5,a_ratio,16,0.52,0.1478688562052863,0.14834030965046763,0.0425257731958763,0.5371707606067591,97
mt5,5,nqc,16,0.52,0.29492901117537595,0.0033615349312023984,0.20747422680412375,0.0026065887949513057,97
mt5,5,bertQPP,16,0.52,0.362982727660394,0.00025811076341173295,0.24613402061855674,0.00035469522611087794,97
mt5,5,bertQPP(QV),16,0.52,0.3266322841061755,0.0010934849399471243,0.2285223367697595,0.0009127757207962206,97
mt5,5,spatial,16,0.54,0.3232231347828764,0.0012411380657215737,0.1937285223367698,0.004935409194231109,97
mt5,5,a_ratio,16,0.54,0.14920959329036423,0.1446552621225182,0.0425257731958763,0.5371707606067591,97
mt5,5,nqc,16,0.54,0.30184338151627854,0.0026585401745837533,0.20876288659793818,0.0024505203740822256,97
mt5,5,bertQPP,16,0.54,0.366216335555703,0.00022506909561503653,0.2491408934707904,0.00029998189638302743,97
mt5,5,bertQPP(QV),16,0.54,0.33128157278579573,0.0009178521582619815,0.2336769759450172,0.0006965926026270434,97
mt5,5,spatial,16,0.56,0.32320245753269217,0.0012420863901367286,0.1937285223367698,0.004935409194231109,97
mt5,5,a_ratio,16,0.56,0.1506683059932946,0.14072482641529188,0.04467353951890035,0.5168145411906753,97
mt5,5,nqc,16,0.56,0.30817898264202204,0.0021336148050983875,0.20747422680412375,0.0026065887949513057,97
mt5,5,bertQPP,16,0.56,0.36897242783142226,0.00020003892127179337,0.2530068728522337,0.00024121095691616908,97
mt5,5,bertQPP(QV),16,0.56,0.3354881394502957,0.0007815314999183414,0.2336769759450172,0.0006965926026270434,97
mt5,5,spatial,16,0.58,0.32298143010593083,0.0012522646251176314,0.1971649484536083,0.004221925130091803,97
mt5,5,a_ratio,16,0.58,0.1522611314724171,0.13652590948313167,0.04725085910652922,0.4929254477765376,97
mt5,5,nqc,16,0.58,0.313856850700996,0.001744713712091554,0.21134020618556704,0.0021637443470699886,97
mt5,5,bertQPP,16,0.58,0.37119795742314105,0.00018173311656377074,0.25472508591065296,0.00021872261513442568,97
mt5,5,bertQPP(QV),16,0.58,0.33919304564676467,0.0006770664416285837,0.23840206185567014,0.0005412133012575864,97
mt5,5,spatial,16,0.6,0.32256484583524625,0.0012716544435683525,0.1971649484536083,0.004221925130091803,97
mt5,5,a_ratio,16,0.6,0.1540072565660429,0.13203295079320518,0.046391752577319596,0.5008221569685896,97
mt5,5,nqc,16,0.6,0.3188090370702367,0.0014591797380654758,0.21262886597938147,0.002032205430312129,97
mt5,5,bertQPP,16,0.6,0.3728438395073394,0.00016920588970754718,0.2594501718213059,0.00016660580916833792,97
mt5,5,bertQPP(QV),16,0.6,0.34234140921234674,0.0005985091035982715,0.24183848797250862,0.0004492042155364218,97
mt5,5,spatial,16,0.62,0.32195844997446155,0.0013003666713632088,0.2014604810996564,0.0034621026042757834,97
mt5,5,a_ratio,16,0.62,0.15592966377717538,0.1272177565585799,0.04467353951890035,0.5168145411906753,97
mt5,5,nqc,16,0.62,0.3229818985008041,0.001252242975808423,0.21563573883161516,0.0017533187111864498,97
mt5,5,bertQPP,16,0.62,0.373866808507625,0.0001618277286103639,0.2620274914089347,0.00014335046231608574,97
mt5,5,bertQPP(QV),16,0.62,0.3448845271824278,0.0005412489076809757,0.24183848797250862,0.0004492042155364218,97
mt5,5,spatial,16,0.64,0.32116884660401956,0.0013386358060419273,0.20274914089347082,0.003259747042536618,97
mt5,5,a_ratio,16,0.64,0.1580561035895582,0.1220494065819009,0.04810996563573884,0.4850959502795227,97
mt5,5,nqc,16,0.64,0.3263386575288819,0.0011055424088762227,0.2169243986254296,0.001644941169576058,97
mt5,5,bertQPP,16,0.64,0.37423122621782673,0.00015927214139249403,0.26932989690721654,9.295520334274114e-05,97
mt5,5,bertQPP(QV),16,0.64,0.34678191896971844,0.0005018484195381411,0.2439862542955327,0.0003993454119661632,97
mt5,5,spatial,16,0.66,0.3202033971383689,0.0013868155794296369,0.20274914089347082,0.003259747042536618,97
mt5,5,a_ratio,16,0.66,0.1604203756159576,0.11649430057346187,0.05111683848797252,0.4582309196968538,97
mt5,5,nqc,16,0.66,0.3288609707346936,0.0010057965000709026,0.2216494845360825,0.001298168853613724,97
mt5,5,bertQPP,16,0.66,0.37391071285026956,0.0001615178373565133,0.26460481099656363,0.00012317744827931967,97
mt5,5,bertQPP(QV),16,0.66,0.3480031329075849,0.0004778997830404705,0.25000000000000006,0.00028586619810323126,97
mt5,5,spatial,16,0.68,0.3190701131362482,0.0014453753367754093,0.20360824742268044,0.003130893451622874,97
mt5,5,a_ratio,16,0.68,0.16306403621562443,0.11051645425389904,0.054553264604811004,0.4285767645779882,97
mt5,5,nqc,16,0.68,0.33054935380051753,0.0009436850716401513,0.22422680412371138,0.0011387880187863695,97
mt5,5,bertQPP,16,0.68,0.37288947177114296,0.00016887024123150642,0.2680412371134021,0.00010041746330816103,97
mt5,5,bertQPP(QV),16,0.68,0.3485291640799749,0.00046791102675195373,0.25000000000000006,0.00028586619810323126,97
mt5,5,spatial,16,0.7,0.3177775460793773,0.0015148969976646735,0.20317869415807563,0.0031947282487263706,97
mt5,5,a_ratio,16,0.7,0.1660387023117684,0.10407822593233103,0.05498281786941581,0.42495013508695245,97
mt5,5,nqc,16,0.7,0.33142244901180606,0.0009129565954899429,0.22465635738831619,0.0011140538745299275,97
mt5,5,bertQPP,16,0.7,0.3711631930878282,0.00018200673850604014,0.2680412371134021,0.00010041746330816103,97
mt5,5,bertQPP(QV),16,0.7,0.34835335632089043,0.0004712278969347634,0.24742268041237117,0.00033019314561040996,97
mt5,5,spatial,16,0.72,0.31633467665350945,0.0015960723621579764,0.20403780068728525,0.00306822352558543,97
mt5,5,a_ratio,16,0.72,0.1694091990543625,0.09714176800952873,0.056701030927835065,0.41062402699366984,97
mt5,5,nqc,16,0.72,0.3315152564034758,0.0009097444862103748,0.2255154639175258,0.0010660691222714972,97
mt5,5,bertQPP,16,0.72,0.36873945100313416,0.00020205071524838423,0.2689003436426117,9.538240628081039e-05,97
mt5,5,bertQPP(QV),16,0.72,0.34748170454090543,0.00048799394334324286,0.24871134020618557,0.00030728207639036943,97
mt5,5,spatial,16,0.74,0.3147508058540983,0.0016897005291487044,0.20747422680412375,0.0026065887949513057,97
mt5,5,a_ratio,16,0.74,0.1732579161017694,0.08967168063595414,0.057560137457044684,0.40356988208906586,97
mt5,5,nqc,16,0.74,0.3308765587385939,0.0009320603580344476,0.22465635738831619,0.0011140538745299275,97
mt5,5,bertQPP,16,0.74,0.36563755196252523,0.00023068007365980108,0.26460481099656363,0.00012317744827931967,97
mt5,5,bertQPP(QV),16,0.74,0.34593252949950887,0.0005191492697315845,0.2491408934707904,0.00029998189638302743,97
mt5,5,spatial,16,0.76,0.31303544996543087,0.0017966852027664958,0.20661512027491413,0.0027156275780873427,97
mt5,5,a_ratio,16,0.76,0.17769091297118045,0.08163963443909163,0.06185567010309279,0.3694011818632015,97
mt5,5,nqc,16,0.76,0.3295658353858721,0.0009794270076283376,0.22336769759450176,0.0011897860106094835,97
mt5,5,bertQPP,16,0.76,0.3618878395500447,0.0002702761433724217,0.25902061855670105,0.00017081103710396531,97
mt5,5,bertQPP(QV),16,0.76,0.34373555735672773,0.0005664663943348714,0.2564432989690722,0.00019821410424194529,97
mt5,5,spatial,16,0.78,0.31119824114664874,0.0019180316767703645,0.20704467353951894,0.0026605976928076114,97
mt5,5,a_ratio,16,0.78,0.1828465727566587,0.0730321750715621,0.06658075601374572,0.3339631552636785,97
mt5,5,nqc,16,0.78,0.32764997511436744,0.001052614905866324,0.2203608247422681,0.0013853583021557498,97
mt5,5,bertQPP,16,0.78,0.3575305107725191,0.00032411831853875275,0.2564432989690722,0.00019821410424194529,97
mt5,5,bertQPP(QV),16,0.78,0.3409304914145448,0.0006326197145497092,0.25000000000000006,0.00028586619810323126,97
mt5,5,spatial,16,0.8,0.3092488350198151,0.0020548433062137204,0.20618556701030932,0.0027716955730928564,97
mt5,5,a_ratio,16,0.8,0.1889079648361003,0.06386356634094287,0.0738831615120275,0.2836625052763587,97
mt5,5,nqc,16,0.8,0.32520006847514815,0.001153450118275448,0.2216494845360825,0.001298168853613724,97
mt5,5,bertQPP,16,0.8,0.35261403971281857,0.00039662780802086515,0.25472508591065296,0.00021872261513442568,97
mt5,5,bertQPP(QV),16,0.8,0.337565205192938,0.0007212828533186117,0.23969072164948454,0.0005048251929224872,97
mt5,5,spatial,16,0.82,0.30719682631183354,0.0022083173000177645,0.20618556701030932,0.0027716955730928564,97
mt5,5,a_ratio,16,0.82,0.19612050603197362,0.054196326311151566,0.07560137457044674,0.27261459721837655,97
mt5,5,nqc,16,0.82,0.322288500305433,0.0012846669287502898,0.2177835051546392,0.0015761513468118154,97
mt5,5,bertQPP,16,0.82,0.34719333291756393,0.0004936600955850626,0.24570446735395193,0.0003632334933323789,97
mt5,5,bertQPP(QV),16,0.82,0.3336937091297339,0.0008372455531664188,0.2392611683848798,0.0005166931871154039,97
mt5,5,spatial,16,0.84,0.30505167326879384,0.002379739697066671,0.19974226804123715,0.0037496927052216027,97
mt5,5,a_ratio,16,0.84,0.20481672917155816,0.04417266826874132,0.07860824742268042,0.2539971105350425,97
mt5,5,nqc,16,0.84,0.318986488396031,0.001449784047880116,0.21262886597938147,0.002032205430312129,97
mt5,5,bertQPP,16,0.84,0.34132775328252324,0.0006228397725432871,0.23883161512027495,0.0005288208236189078,97
mt5,5,bertQPP(QV),16,0.84,0.32937404634163736,0.0009865388724231428,0.2328178694158076,0.0007289565212236814,97
mt5,5,spatial,16,0.86,0.3028226312505599,0.0025704794213932693,0.19931271477663232,0.003824903963020039,97
mt5,5,a_ratio,16,0.86,0.21544877283918373,0.03405887835433351,0.08290378006872855,0.22896569995644822,97
mt5,5,nqc,16,0.86,0.3153621403768863,0.0016529887365780438,0.20833333333333337,0.0025015666651811157,97
mt5,5,bertQPP,16,0.86,0.33507914555915363,0.0007939234393038054,0.23109965635738836,0.0007979153488644113,97
mt5,5,bertQPP(QV),16,0.86,0.32466625829252344,0.0011765545707148526,0.22379725085910657,0.0011640289366746655,97
mt5,5,spatial,16,0.88,0.3005186956342712,0.002781981348079351,0.1984536082474227,0.003979453005162126,97
mt5,5,a_ratio,16,0.88,0.22862195911453886,0.024297318294783852,0.09063573883161513,0.18843365829791547,97
mt5,5,nqc,16,0.88,0.31147903795359566,0.0018990183038095332,0.20790378006872856,0.0025535840012904936,97
mt5,5,bertQPP,16,0.88,0.3285099795068619,0.0010191670833366673,0.2255154639175258,0.0010660691222714972,97
mt5,5,bertQPP(QV),16,0.88,0.3196305337643822,0.0014161423000079614,0.21563573883161516,0.0017533187111864498,97
mt5,5,spatial,16,0.9,0.29814855391383444,0.0030157583495455617,0.19501718213058422,0.004655971971265852,97
mt5,5,a_ratio,16,0.9,0.24509226797468386,0.015537032483124711,0.09879725085910654,0.15166941209887877,97
mt5,5,nqc,16,0.9,0.30739531120063124,0.0021930331312023255,0.20575601374570449,0.0028288190417010725,97
mt5,5,bertQPP,16,0.9,0.32168170046666555,0.0013136651033728557,0.21606529209621997,0.0017164841150655054,97
mt5,5,bertQPP(QV),16,0.9,0.3143256202585847,0.0017156671937239684,0.21091065292096223,0.002209296231634933,97
mt5,5,spatial,16,0.92,0.2957205466816068,0.0032733823306827035,0.19286941580756015,0.005130036782382208,97
mt5,5,a_ratio,16,0.92,0.2655738874110608,0.00856158946209005,0.11340206185567013,0.09984779835922447,97
mt5,5,nqc,16,0.92,0.3031631366605833,0.002540479495401742,0.1971649484536083,0.004221925130091803,97
mt5,5,bertQPP,16,0.92,0.31465334665384215,0.0016956208681128627,0.20747422680412375,0.0026065887949513057,97
mt5,5,bertQPP(QV),16,0.92,0.30880754167174385,0.0020870112510569514,0.20489690721649487,0.002946303078171719,97
mt5,5,spatial,16,0.94,0.2932426370189022,0.0035564742993990255,0.1890034364261169,0.006094500520977148,97
mt5,5,a_ratio,16,0.94,0.28979436632373806,0.003986880534351225,0.12929553264604812,0.060624507125192455,97
mt5,5,nqc,16,0.94,0.2988285794486619,0.0029469438331416525,0.1937285223367698,0.004935409194231109,97
mt5,5,bertQPP,16,0.94,0.30748046227974235,0.002186505437567912,0.20274914089347082,0.003259747042536618,97
mt5,5,bertQPP(QV),16,0.94,0.30312863434956117,0.0025435048781580543,0.19544673539518906,0.0045660596694361046,97
mt5,5,spatial,16,0.96,0.2907223877022779,0.003866693555244163,0.18857388316151205,0.006211170636578692,97
mt5,5,a_ratio,16,0.96,0.3131557447733479,0.0017889874470048011,0.15635738831615123,0.02327305567367708,97
mt5,5,nqc,16,0.96,0.29443169782229767,0.003418002574117569,0.19243986254295536,0.005229928831102741,97
mt5,5,bertQPP,16,0.96,0.30021430914816566,0.0028110635223576826,0.19501718213058422,0.004655971971265852,97
mt5,5,bertQPP(QV),16,0.96,0.29733688827293847,0.003099780016024581,0.19243986254295536,0.005229928831102741,97
mt5,5,spatial,16,0.98,0.2881669455499092,0.004205726111490286,0.18728522336769762,0.006573343269072617,97
mt5,5,a_ratio,16,0.98,0.31962972537503076,0.0014161840786040085,0.18857388316151205,0.006211170636578692,97
mt5,5,nqc,16,0.98,0.29000683482633827,0.003959073170421214,0.19158075601374575,0.0054350017041903615,97
mt5,5,bertQPP,16,0.98,0.29290135868464595,0.0035971346679408885,0.1902920962199313,0.005756239608165468,97
mt5,5,bertQPP(QV),16,0.98,0.2914755623304526,0.003771542968450223,0.186426116838488,0.006825229731210832,97
mt5,5,spatial,16,1.0,0.2855830321827296,0.0045752724942461544,0.18341924398625434,0.007776554495134835,97
mt5,5,a_ratio,16,1.0,0.2855830321827296,0.0045752724942461544,0.18341924398625434,0.007776554495134835,97
mt5,5,nqc,16,1.0,0.2855830321827296,0.0045752724942461544,0.18341924398625434,0.007776554495134835,97
mt5,5,bertQPP,16,1.0,0.2855830321827296,0.0045752724942461544,0.18341924398625434,0.007776554495134835,97
mt5,5,bertQPP(QV),16,1.0,0.2855830321827296,0.0045752724942461544,0.18341924398625434,0.007776554495134835,97
