retriever,k,qpp_method,window_size,alpha,r,p1(r),tau,p1(tau),num_of_queries,with_0shot_posterior
tct,6,spatial,2,0.0,0.05662436928408979,0.5817035806866219,0.05884879725085912,0.3931257746774063,97,False
tct,6,spatial,2,0.0,0.30140663173848015,0.002698683355267398,0.22508591065292102,0.0010898172708815595,97,True
tct,6,a_ratio,2,0.0,0.13036017459168378,0.20312685957526477,0.077319587628866,0.2618647746424714,97,False
tct,6,a_ratio,2,0.0,0.3179270782315673,0.001506702097821934,0.22637457044673542,0.0010200025736501021,97,True
tct,6,nqc,2,0.0,0.1615099398749807,0.11400098795754592,0.0622852233676976,0.36608612957525455,97,False
tct,6,nqc,2,0.0,0.24949243904587196,0.013721734696835998,0.12328178694158079,0.07362159410235054,97,True
tct,6,bertQPP,2,0.0,0.2831364735704062,0.004951567617975609,0.1829896907216495,0.007921746820669876,97,False
tct,6,bertQPP,2,0.0,0.3450716181932688,0.0005372414756776113,0.2414089347079038,0.0004598488311252096,97,True
tct,6,bertQPP(QV),2,0.0,0.21197459236446753,0.03712443824555347,0.13702749140893475,0.046764860648197036,97,False
tct,6,bertQPP(QV),2,0.0,0.292713435162527,0.003619701320670527,0.202319587628866,0.003325969220576063,97,True
tct,6,spatial,2,0.05,0.06662574719009133,0.5167250086821349,0.05884879725085912,0.3931257746774063,97,False
tct,6,spatial,2,0.05,0.3018834287725201,0.0026548863091152013,0.2255154639175258,0.0010660691222714972,97,True
tct,6,a_ratio,2,0.05,0.15449408014115856,0.1308006273542366,0.09621993127147768,0.16263626465805225,97,False
tct,6,a_ratio,2,0.05,0.32186128740794806,0.0013050215583837227,0.22895189003436428,0.0008926252002239728,97,True
tct,6,nqc,2,0.05,0.16264900762314355,0.11143880883574435,0.0622852233676976,0.36608612957525455,97,False
tct,6,nqc,2,0.05,0.2507626541778078,0.013233260985640575,0.12371134020618559,0.07262323979726368,97,True
tct,6,bertQPP,2,0.05,0.29186909404281824,0.0037226646678529644,0.18341924398625434,0.007776554495134835,97,False
tct,6,bertQPP,2,0.05,0.353552372878405,0.0003817315382611668,0.2452749140893471,0.0003719636432157586,97,True
tct,6,bertQPP(QV),2,0.05,0.22046321164056776,0.030011645383894163,0.14218213058419246,0.039091423487606906,97,False
tct,6,bertQPP(QV),2,0.05,0.30122297923585817,0.0027157256565608517,0.21048109965635742,0.002255725464528707,97,True
tct,6,spatial,2,0.1,0.07721102847764826,0.4522281764744051,0.06013745704467355,0.3828471200330016,97,False
tct,6,spatial,2,0.1,0.30240767882532626,0.0026074691637278506,0.22594501718213064,0.0010428004886634003,97,True
tct,6,a_ratio,2,0.1,0.17720742810828388,0.08248670799521748,0.10352233676975947,0.1330387570764664,97,False
tct,6,a_ratio,2,0.1,0.3257987548802883,0.0011280291519089462,0.2298109965635739,0.0008535554716530555,97,True
tct,6,nqc,2,0.1,0.16391234542953642,0.10864965053223502,0.0622852233676976,0.36608612957525455,97,False
tct,6,nqc,2,0.1,0.25216775221405896,0.012710606359349388,0.12328178694158079,0.07362159410235054,97,True
tct,6,bertQPP,2,0.1,0.30123181639083907,0.002714903389073062,0.1902920962199313,0.005756239608165468,97,False
tct,6,bertQPP,2,0.1,0.3624767889547893,0.00026366808289702865,0.2491408934707904,0.00029998189638302743,97,True
tct,6,bertQPP(QV),2,0.1,0.2296492202443421,0.02364836321230903,0.1469072164948454,0.033024149712135395,97,False
tct,6,bertQPP(QV),2,0.1,0.3102078668038496,0.0019864732962784517,0.21434707903780073,0.0018682268943729797,97,True
tct,6,spatial,2,0.15,0.08835009793174009,0.3894849658977316,0.07173539518900345,0.2978933833803449,97,False
tct,6,spatial,2,0.15,0.3029867641415871,0.002555979070470141,0.22508591065292102,0.0010898172708815595,97,True
tct,6,a_ratio,2,0.15,0.19739298654049287,0.0526224128493097,0.11168384879725088,0.1050908480999539,97,False
tct,6,a_ratio,2,0.15,0.3296921512211181,0.000974768550155314,0.23067010309278352,0.00081607670119364,97,True
tct,6,nqc,2,0.15,0.16532132965072244,0.10560337781971897,0.06400343642611686,0.3530123788503621,97,False
tct,6,nqc,2,0.15,0.2537302323071856,0.012150608970953707,0.12371134020618559,0.07262323979726368,97,True
tct,6,bertQPP,2,0.15,0.3112196487684866,0.001916576084898165,0.1971649484536083,0.004221925130091803,97,False
tct,6,bertQPP,2,0.15,0.3717980994436153,0.00017706912483898656,0.2525773195876289,0.00024716269151633816,97,True
tct,6,bertQPP(QV),2,0.15,0.23955972383337648,0.0181117222168343,0.14819587628865982,0.031516517606653575,97,False
tct,6,bertQPP(QV),2,0.15,0.3196329420523249,0.0014160178432329905,0.22079037800687287,0.0013557124652369783,97,True
tct,6,spatial,2,0.2,0.0999868771563879,0.3298405589159369,0.07431271477663232,0.2808725107935828,97,False
tct,6,spatial,2,0.2,0.3036296610534426,0.0024998884284046325,0.22465635738831619,0.0011140538745299275,97,True
tct,6,a_ratio,2,0.2,0.21425533280638537,0.0350870144614911,0.11554982817869418,0.09358972367387966,97,False
tct,6,a_ratio,2,0.2,0.33348025476696685,0.0008441087910068785,0.23410652920962205,0.0006809162092632265,97,True
tct,6,nqc,2,0.2,0.16690249865482973,0.10226468693638358,0.06486254295532648,0.34658765831762584,97,False
tct,6,nqc,2,0.2,0.2554778367357348,0.0115498653344276,0.1245704467353952,0.07065977324075139,97,True
tct,6,bertQPP,2,0.2,0.3217893429134101,0.001308478037134149,0.20446735395189009,0.0030066996042901117,97,False
tct,6,bertQPP,2,0.2,0.38142853583096353,0.00011585733364797338,0.26632302405498287,0.00011124963084926736,97,True
tct,6,bertQPP(QV),2,0.2,0.2501953902043166,0.013449506241717726,0.15292096219931275,0.026482928123240188,97,False
tct,6,bertQPP(QV),2,0.2,0.3294268494622664,0.0009845761636770127,0.21907216494845363,0.0014779202366871586,97,True
tct,6,spatial,2,0.25,0.11203430409293481,0.2745916298620877,0.07903780068728523,0.25141149497554627,97,False
tct,6,spatial,2,0.25,0.3043473866560933,0.0024385802752872796,0.22465635738831619,0.0011140538745299275,97,True
tct,6,a_ratio,2,0.25,0.22745774984356865,0.02505109204854433,0.12199312714776635,0.07668417076895777,97,False
tct,6,a_ratio,2,0.25,0.337085197842188,0.0007348161795843241,0.23152920962199317,0.0007801296905645403,97,True
tct,6,nqc,2,0.25,0.16868919574023333,0.0985921140823203,0.06658075601374572,0.3339631552636785,97,False
tct,6,nqc,2,0.25,0.25744515081164365,0.010904777971732744,0.12628865979381446,0.0668634129345248,97,True
tct,6,bertQPP,2,0.25,0.3328374137235731,0.0008650895172031106,0.21477663230240554,0.0018291772025326055,97,False
tct,6,bertQPP,2,0.25,0.3912221022193047,7.423852946733441e-05,0.2680412371134021,0.00010041746330816103,97,True
tct,6,bertQPP(QV),2,0.25,0.26151214956069874,0.00967033918844708,0.15721649484536085,0.02252544814571104,97,False
tct,6,bertQPP(QV),2,0.25,0.3394669824754636,0.0006698741500086534,0.21907216494845363,0.0014779202366871586,97,True
tct,6,spatial,2,0.3,0.12437064853808186,0.22484380197238274,0.08634020618556702,0.2102443337075397,97,False
tct,6,spatial,2,0.3,0.30515360042589457,0.0023713308401794734,0.2255154639175258,0.0010660691222714972,97,True
tct,6,a_ratio,2,0.3,0.23711089960508863,0.019363886238685908,0.12371134020618559,0.07262323979726368,97,False
tct,6,a_ratio,2,0.3,0.34040962945442527,0.0006456554705649554,0.23453608247422683,0.0006655682797928671,97,True
tct,6,nqc,2,0.3,0.17072387427537117,0.09453689878506655,0.06615120274914091,0.33709113316806516,97,False
tct,6,nqc,2,0.3,0.25967581540909146,0.010211656321700393,0.12800687285223372,0.06323660544752113,97,True
tct,6,bertQPP,2,0.3,0.3441696864927884,0.0005568142667620956,0.2169243986254296,0.001644941169576058,97,False
tct,6,bertQPP,2,0.3,0.4009528914157459,4.704022597559479e-05,0.2744845360824743,6.802769792638233e-05,97,True
tct,6,bertQPP(QV),2,0.3,0.27339486594958984,0.006737508797193211,0.16237113402061856,0.018463547347092265,97,False
tct,6,bertQPP(QV),2,0.3,0.3495608509086346,0.00044887484864217193,0.22680412371134026,0.0009976667225656776,97,True
tct,6,spatial,2,0.35,0.13683843023825243,0.18137692400788527,0.09493127147766325,0.1683392012081001,97,False
tct,6,spatial,2,0.35,0.30606542457994534,0.0022972890852923193,0.22809278350515466,0.000933347093157991,97,True
tct,6,a_ratio,2,0.35,0.24364043418371242,0.016179961333999612,0.12328178694158079,0.07362159410235054,97,False
tct,6,a_ratio,2,0.35,0.3433340921092532,0.0005755285023687497,0.23539518900343648,0.0006358327263393619,97,True
tct,6,nqc,2,0.35,0.17306139369108522,0.09004175109493132,0.06743986254295534,0.3277635503646662,97,False
tct,6,nqc,2,0.35,0.2622256369506995,0.009466906575221326,0.1314432989690722,0.05647001729864357,97,True
tct,6,bertQPP,2,0.35,0.3554620466818774,0.00035299169992471295,0.21821305841924402,0.0015427588468996702,97,False
tct,6,bertQPP,2,0.35,0.4102899935306003,2.995378530646324e-05,0.28135738831615126,4.4493757835023985e-05,97,True
tct,6,bertQPP(QV),2,0.35,0.2856218855040073,0.004569508066637718,0.16623711340206188,0.015852745291372216,97,False
tct,6,bertQPP(QV),2,0.35,0.3594250190813647,0.0002995978301765128,0.23539518900343648,0.0006358327263393619,97,True
tct,6,spatial,2,0.4,0.14924727747425917,0.14455269293117196,0.09965635738831616,0.14814179266855426,97,False
tct,6,spatial,2,0.4,0.30710457653858014,0.002215453565456948,0.2285223367697595,0.0009127757207962206,97,True
tct,6,a_ratio,2,0.4,0.24761948628278696,0.014470565553412331,0.1327319587628866,0.054093065441640706,97,False
tct,6,a_ratio,2,0.4,0.3457150937731207,0.0005236652043508391,0.24097938144329903,0.0004707284379041492,97,True
tct,6,nqc,2,0.4,0.1757738312172048,0.0850396694199442,0.07173539518900345,0.2978933833803449,97,False
tct,6,nqc,2,0.4,0.2651670354699821,0.008667368554304172,0.13359106529209622,0.05255528194642074,97,True
tct,6,bertQPP,2,0.4,0.36621576771370995,0.0002250745382011455,0.2216494845360825,0.001298168853613724,97,False
tct,6,bertQPP,2,0.4,0.418772611372436,1.9645078106323393e-05,0.28178694158075607,4.331497350290762e-05,97,True
tct,6,bertQPP(QV),2,0.4,0.2978221114882996,0.0030493019594400035,0.1666666666666667,0.01558372473088864,97,False
tct,6,bertQPP(QV),2,0.4,0.36866497509129487,0.00020269776171276117,0.23754295532646055,0.0005668140402706258,97,True
tct,6,spatial,2,0.45,0.1613817444357937,0.11429218056987152,0.10180412371134022,0.13959717520298046,97,False
tct,6,spatial,2,0.45,0.3082989501995697,0.0021246481449222723,0.22895189003436428,0.0008926252002239728,97,True
tct,6,a_ratio,2,0.45,0.24963382650350852,0.013666598723545323,0.13445017182130586,0.05105421646643944,97,False
tct,6,a_ratio,2,0.45,0.3473845779679341,0.0004898956625281107,0.2414089347079038,0.0004598488311252096,97,True
tct,6,nqc,2,0.45,0.17895766843607494,0.07945316802552269,0.07087628865979383,0.3037170573623521,97,False
tct,6,nqc,2,0.45,0.2685955232015197,0.007810893853954356,0.13402061855670105,0.051800200122302374,97,True
tct,6,bertQPP,2,0.45,0.37571846632454864,0.00014922506232334888,0.22465635738831619,0.0011140538745299275,97,False
tct,6,bertQPP,2,0.45,0.42579326192636135,1.3735829409664902e-05,0.277491408934708,5.656185112022831e-05,97,True
tct,6,bertQPP(QV),2,0.45,0.30943252341290917,0.002041585847414215,0.1752577319587629,0.010984624932232429,97,False
tct,6,bertQPP(QV),2,0.45,0.3767627337125774,0.00014252492080376068,0.2405498281786942,0.0004818477915141724,97,True
tct,6,spatial,2,0.5,0.17301428008792358,0.09013065002223165,0.11297250859106532,0.10113858933462912,97,False
tct,6,spatial,2,0.5,0.3096848436066392,0.0020235008774439445,0.22938144329896912,0.0008728876884960134,97,True
tct,6,a_ratio,2,0.5,0.25020318364009797,0.013446514632041997,0.13487972508591067,0.050317249987351625,97,False
tct,6,a_ratio,2,0.5,0.3481517186138191,0.00047505865158461557,0.24097938144329903,0.0004707284379041492,97,True
tct,6,nqc,2,0.5,0.18274479452827697,0.07319472685279606,0.07044673539518902,0.3066570724911982,97,False
tct,6,nqc,2,0.5,0.27263931514865447,0.006897316052182499,0.13530927835051548,0.04958921997609662,97,True
tct,6,bertQPP,2,0.5,0.3830338879558851,0.00010780887157253669,0.22895189003436428,0.0008926252002239728,97,False
tct,6,bertQPP,2,0.5,0.4306025143388063,1.0700193104167452e-05,0.2822164948453609,4.216585457755637e-05,97,True
tct,6,bertQPP(QV),2,0.5,0.31967481955516386,0.0014138552614568855,0.17654639175257736,0.010410504577977625,97,False
tct,6,bertQPP(QV),2,0.5,0.38308310139543933,0.00010757054428236027,0.24312714776632308,0.0004186340215940853,97,True
tct,6,spatial,2,0.55,0.18392228536029243,0.07133184704799234,0.11554982817869418,0.09358972367387966,97,False
tct,6,spatial,2,0.55,0.3113101057126671,0.001910436560695715,0.2336769759450172,0.0006965926026270434,97,True
tct,6,a_ratio,2,0.55,0.24975065370418792,0.013621185757383285,0.1365979381443299,0.04745794602168577,97,False
tct,6,a_ratio,2,0.55,0.3478081124817974,0.00048165246860207907,0.2439862542955327,0.0003993454119661632,97,True
tct,6,nqc,2,0.55,0.18731980597482267,0.0661702410602265,0.07517182130584193,0.27534857568608007,97,False
tct,6,nqc,2,0.55,0.2774738283564261,0.005930047351505067,0.13831615120274915,0.044736513464296176,97,True
tct,6,bertQPP,2,0.55,0.38705619458272816,8.986593907260788e-05,0.21864261168384883,0.0015100189795415188,97,False
tct,6,bertQPP,2,0.55,0.43235313784939694,9.761082204542866e-06,0.288659793814433,2.804587392927909e-05,97,True
tct,6,bertQPP(QV),2,0.55,0.32758247370409155,0.0010552820504035785,0.1752577319587629,0.010984624932232429,97,False
tct,6,bertQPP(QV),2,0.55,0.386912178566072,9.045726732396794e-05,0.2444158075601375,0.0003900155261817713,97,True
tct,6,spatial,2,0.6,0.19390685402745328,0.05702637982611714,0.12242268041237117,0.07565197367789964,97,False
tct,6,spatial,2,0.6,0.31323852756168685,0.0017837074545490412,0.23152920962199317,0.0007801296905645403,97,True
tct,6,a_ratio,2,0.6,0.24860188325801436,0.014073483013319437,0.1357388316151203,0.04887004601219989,97,False
tct,6,a_ratio,2,0.6,0.346137382256953,0.0005149273755385964,0.2414089347079038,0.0004598488311252096,97,True
tct,6,nqc,2,0.6,0.19294795187012442,0.058289290609992134,0.07560137457044674,0.27261459721837655,97,False
tct,6,nqc,2,0.6,0.28334381259051655,0.004918641880658052,0.1443298969072165,0.03622527510674091,97,True
tct,6,bertQPP,2,0.6,0.3866637719986726,9.148572836904856e-05,0.22637457044673542,0.0010200025736501021,97,False
tct,6,bertQPP,2,0.6,0.4301992265489968,1.0928248334920747e-05,0.29596219931271484,1.7489373396802984e-05,97,True
tct,6,bertQPP(QV),2,0.6,0.33211314476202136,0.0008892971334029028,0.1786941580756014,0.00951278395726825,97,False
tct,6,bertQPP(QV),2,0.6,0.38753861789227545,8.791118845782765e-05,0.24957044673539522,0.00029284438819506046,97,True
tct,6,spatial,2,0.65,0.20280990517446634,0.04633729269024252,0.12972508591065296,0.0597739314027888,97,False
tct,6,spatial,2,0.65,0.3155556620860211,0.0016415187985858385,0.23195876288659797,0.0007627126312502382,97,True
tct,6,a_ratio,2,0.65,0.24699816894067653,0.014726688775805519,0.13402061855670105,0.051800200122302374,97,False
tct,6,a_ratio,2,0.65,0.34292977660432833,0.0005847890182032799,0.2508591065292096,0.00027237466938260737,97,True
tct,6,nqc,2,0.65,0.20002138552405377,0.049490309660352484,0.07817869415807562,0.25660117603543875,97,False
tct,6,nqc,2,0.65,0.29059701632758517,0.0038827387294238813,0.1512027491408935,0.028226597294347726,97,True
tct,6,bertQPP,2,0.65,0.38097361389205636,0.00011823747141027572,0.22594501718213064,0.0010428004886634003,97,False
tct,6,bertQPP,2,0.65,0.4234497513709121,1.5492176878359876e-05,0.28006872852233683,4.8215372827859356e-05,97,True
tct,6,bertQPP(QV),2,0.65,0.3323575022574336,0.0008810616365513022,0.1782646048109966,0.009686599012848096,97,False
tct,6,bertQPP(QV),2,0.65,0.3843748708086068,0.00010148706943792534,0.23969072164948454,0.0005048251929224872,97,True
tct,6,spatial,2,0.7,0.21052645973886924,0.03846883266339277,0.1314432989690722,0.05647001729864357,97,False
tct,6,spatial,2,0.7,0.3183752196562842,0.0014823824539089755,0.23754295532646055,0.0005668140402706258,97,True
tct,6,a_ratio,2,0.7,0.24511356601617706,0.015527767959881332,0.13788659793814437,0.04540422310195199,97,False
tct,6,a_ratio,2,0.7,0.33800143202070154,0.0007091819089195673,0.2444158075601375,0.0003900155261817713,97,True
tct,6,nqc,2,0.7,0.20913663394291393,0.03979715578311873,0.077319587628866,0.2618647746424714,97,False
tct,6,nqc,2,0.7,0.29973301068571734,0.002857606305895465,0.154639175257732,0.024833107958687445,97,True
tct,6,bertQPP,2,0.7,0.36962577774960553,0.0001944954936144636,0.2177835051546392,0.0015761513468118154,97,False
tct,6,bertQPP,2,0.7,0.4117448112098108,2.7885729251550495e-05,0.26589347079037806,0.0001141250014345169,97,True
tct,6,bertQPP(QV),2,0.7,0.3277955329729658,0.0010468844358702725,0.18256013745704472,0.00806936233603351,97,False
tct,6,bertQPP(QV),2,0.7,0.37709270885284796,0.00014046643264694866,0.23109965635738836,0.0007979153488644113,97,True
tct,6,spatial,2,0.75,0.2170098999044449,0.03275234526030579,0.13101374570446736,0.05728140399891128,97,False
tct,6,spatial,2,0.75,0.3218403605127129,0.0013060261074219776,0.23883161512027495,0.0005288208236189078,97,True
tct,6,a_ratio,2,0.75,0.24307109636696364,0.016438296647924917,0.13702749140893475,0.046764860648197036,97,False
tct,6,a_ratio,2,0.75,0.3312165653744086,0.0009201192797035118,0.23625429553264607,0.0006073368350083252,97,True
tct,6,nqc,2,0.75,0.22122025565826994,0.029437477816741543,0.08247422680412372,0.23138680179907667,97,False
tct,6,nqc,2,0.75,0.3114599041412109,0.0019003084680568958,0.16194158075601378,0.018775672464210122,97,True
tct,6,bertQPP,2,0.75,0.3529626758519029,0.00039103182394806924,0.209192439862543,0.002400428947085522,97,False
tct,6,bertQPP,2,0.75,0.3951912453954215,6.173691588529768e-05,0.2603092783505155,0.00015848586196658186,97,True
tct,6,bertQPP(QV),2,0.75,0.31848757351666646,0.0014763413267771955,0.18857388316151205,0.006211170636578692,97,False
tct,6,bertQPP(QV),2,0.75,0.3657262217072805,0.0002298121741117397,0.23152920962199317,0.0007801296905645403,97,True
tct,6,spatial,2,0.8,0.22226979585711265,0.028656873686241285,0.13487972508591067,0.050317249987351625,97,False
tct,6,spatial,2,0.8,0.3260928343062671,0.001115729783456224,0.24355670103092786,0.0004088834881762593,97,True
tct,6,a_ratio,2,0.8,0.2409562224598512,0.017429382328336143,0.1396048109965636,0.042782883164389815,97,False
tct,6,a_ratio,2,0.8,0.32250929235911047,0.001274260674821611,0.23109965635738836,0.0007979153488644113,97,True
tct,6,nqc,2,0.8,0.23769084250970648,0.019060804695015473,0.0889175257731959,0.1969487085850582,97,False
tct,6,nqc,2,0.8,0.32668203600765977,0.0010914538274111028,0.16022336769759454,0.02007078628569656,97,True
tct,6,bertQPP,2,0.8,0.33198785952361354,0.0008935467525906726,0.19286941580756015,0.005130036782382208,97,False
tct,6,bertQPP,2,0.8,0.3743908343457669,0.00015816465374401907,0.2521477663230241,0.0002532519652694692,97,True
tct,6,bertQPP(QV),2,0.8,0.30508850839136836,0.0023766977529700657,0.1859965635738832,0.006954397086601862,97,False
tct,6,bertQPP(QV),2,0.8,0.35069537720243266,0.0004287640441880819,0.23024054982817874,0.0008346209629654949,97,True
tct,6,spatial,2,0.85,0.2263636052851999,0.02577757254356018,0.13487972508591067,0.050317249987351625,97,False
tct,6,spatial,2,0.85,0.33108196150307134,0.000924829804754179,0.24012027491408938,0.0004932117335580638,97,True
tct,6,a_ratio,2,0.85,0.23882730671885358,0.01847870190221334,0.13702749140893475,0.046764860648197036,97,False
tct,6,a_ratio,2,0.85,0.31190061769230004,0.0018707919433061633,0.22594501718213064,0.0010428004886634003,97,True
tct,6,nqc,2,0.85,0.2603516747599384,0.010009414740099075,0.10352233676975947,0.1330387570764664,97,False
tct,6,nqc,2,0.85,0.3459546759763962,0.0005186913182453579,0.1752577319587629,0.010984624932232429,97,True
tct,6,bertQPP,2,0.85,0.30811059217449865,0.0021387417382752643,0.18771477663230243,0.006450561996249079,97,False
tct,6,bertQPP,2,0.85,0.350335972084226,0.0004350435039711268,0.23539518900343648,0.0006358327263393619,97,True
tct,6,bertQPP(QV),2,0.85,0.28866793763616466,0.00413724022312838,0.17740549828178698,0.010042744211065484,97,False
tct,6,bertQPP(QV),2,0.85,0.33273327748131687,0.0008685327004295345,0.21649484536082478,0.0016803624081385136,97,True
tct,6,spatial,2,0.9,0.22938464005492304,0.02381407593743179,0.13530927835051548,0.04958921997609662,97,False
tct,6,spatial,2,0.9,0.33554253641113013,0.0007798967274937203,0.2439862542955327,0.0003993454119661632,97,True
tct,6,a_ratio,2,0.9,0.23672341545024203,0.01956868918551046,0.13702749140893475,0.046764860648197036,97,False
tct,6,a_ratio,2,0.9,0.29950613625693623,0.002879784779760051,0.21134020618556704,0.0021637443470699886,97,True
tct,6,nqc,2,0.9,0.28857004335683983,0.00415054361548588,0.12500000000000003,0.06969448971824621,97,False
tct,6,nqc,2,0.9,0.3658685834625415,0.00022842504224480058,0.18170103092783507,0.008372001763204117,97,True
tct,6,bertQPP,2,0.9,0.28280754245737716,0.005004204890655915,0.1701030927835052,0.013572314777054699,97,False
tct,6,bertQPP,2,0.9,0.32421230182498684,0.0011965330094049636,0.21262886597938147,0.002032205430312129,97,True
tct,6,bertQPP(QV),2,0.9,0.2704331839081413,0.007383277366890557,0.1589347079037801,0.021092644173514117,97,False
tct,6,bertQPP(QV),2,0.9,0.3127443233100688,0.0018154387451193702,0.19888316151202753,0.0039014834427261624,97,True
tct,6,spatial,2,0.95,0.23144891448739158,0.0225470898079684,0.13230240549828182,0.05487593045339063,97,False
tct,6,spatial,2,0.95,0.3310968369118189,0.0009243081543789569,0.2517182130584193,0.00025948171452482385,97,True
tct,6,a_ratio,2,0.95,0.23467000427834192,0.02068536454163542,0.1357388316151203,0.04887004601219989,97,False
tct,6,a_ratio,2,0.95,0.2855315441858427,0.004582921435626536,0.19072164948453613,0.005647306460207743,97,True
tct,6,nqc,2,0.95,0.3008229520288815,0.002753182127659625,0.13487972508591067,0.050317249987351625,97,False
tct,6,nqc,2,0.95,0.36195925106404164,0.000269466841257061,0.18814432989690724,0.00632984784895861,97,True
tct,6,bertQPP,2,0.95,0.257352125320648,0.010934556063689165,0.15420962199312716,0.025236989773183314,97,False
tct,6,bertQPP,2,0.95,0.2971876202336528,0.003115458554814032,0.1859965635738832,0.006954397086601862,97,True
tct,6,bertQPP(QV),2,0.95,0.25148543394512124,0.012962119001245992,0.1469072164948454,0.033024149712135395,97,False
tct,6,bertQPP(QV),2,0.95,0.29164780466881757,0.003750079550586755,0.18084192439862545,0.008684754281086702,97,True
tct,6,spatial,2,1.0,0.23268300040630696,0.021817536443243257,0.13530927835051548,0.04958921997609662,97,False
tct,6,spatial,2,1.0,0.2702559096806325,0.00742360801576242,0.16494845360824745,0.01668446543769203,97,True
tct,6,a_ratio,2,1.0,0.23268300040630696,0.021817536443243257,0.13530927835051548,0.04958921997609662,97,False
tct,6,a_ratio,2,1.0,0.2702559096806325,0.00742360801576242,0.16494845360824745,0.01668446543769203,97,True
tct,6,nqc,2,1.0,0.23268300040630696,0.021817536443243257,0.13530927835051548,0.04958921997609662,97,False
tct,6,nqc,2,1.0,0.2702559096806325,0.00742360801576242,0.16494845360824745,0.01668446543769203,97,True
tct,6,bertQPP,2,1.0,0.23268300040630696,0.021817536443243257,0.13530927835051548,0.04958921997609662,97,False
tct,6,bertQPP,2,1.0,0.2702559096806325,0.00742360801576242,0.16494845360824745,0.01668446543769203,97,True
tct,6,bertQPP(QV),2,1.0,0.23268300040630696,0.021817536443243257,0.13530927835051548,0.04958921997609662,97,False
tct,6,bertQPP(QV),2,1.0,0.2702559096806325,0.00742360801576242,0.16494845360824745,0.01668446543769203,97,True
tct,6,spatial,3,0.0,0.05662436928408979,0.5817035806866219,0.05884879725085912,0.3931257746774063,97,False
tct,6,spatial,3,0.0,0.30140663173848015,0.002698683355267398,0.22508591065292102,0.0010898172708815595,97,True
tct,6,a_ratio,3,0.0,0.13036017459168378,0.20312685957526477,0.077319587628866,0.2618647746424714,97,False
tct,6,a_ratio,3,0.0,0.3179270782315673,0.001506702097821934,0.22637457044673542,0.0010200025736501021,97,True
tct,6,nqc,3,0.0,0.1615099398749807,0.11400098795754592,0.0622852233676976,0.36608612957525455,97,False
tct,6,nqc,3,0.0,0.24949243904587196,0.013721734696835998,0.12328178694158079,0.07362159410235054,97,True
tct,6,bertQPP,3,0.0,0.2831364735704062,0.004951567617975609,0.1829896907216495,0.007921746820669876,97,False
tct,6,bertQPP,3,0.0,0.3450716181932688,0.0005372414756776113,0.2414089347079038,0.0004598488311252096,97,True
tct,6,bertQPP(QV),3,0.0,0.21197459236446753,0.03712443824555347,0.13702749140893475,0.046764860648197036,97,False
tct,6,bertQPP(QV),3,0.0,0.292713435162527,0.003619701320670527,0.202319587628866,0.003325969220576063,97,True
tct,6,spatial,3,0.05,0.06851862601416209,0.5048575383572702,0.060996563573883174,0.3760870593214216,97,False
tct,6,spatial,3,0.05,0.3020031938865844,0.0026439860142764993,0.2255154639175258,0.0010660691222714972,97,True
tct,6,a_ratio,3,0.05,0.15915428928348116,0.11944427941435423,0.09793814432989692,0.1552606461818409,97,False
tct,6,a_ratio,3,0.05,0.3229062541572688,0.0012557436837242943,0.22895189003436428,0.0008926252002239728,97,True
tct,6,nqc,3,0.05,0.16279861103108811,0.11110564539889278,0.06185567010309279,0.3694011818632015,97,False
tct,6,nqc,3,0.05,0.25090626176263037,0.013178998912007543,0.12328178694158079,0.07362159410235054,97,True
tct,6,bertQPP,3,0.05,0.2930285398166167,0.00358193375122778,0.18513745704467358,0.007219338175415614,97,False
tct,6,bertQPP,3,0.05,0.354735465378845,0.0003636832101030042,0.24828178694158082,0.0003147483455907583,97,True
tct,6,bertQPP(QV),3,0.05,0.2216784620511523,0.029094496877164422,0.1443298969072165,0.03622527510674091,97,False
tct,6,bertQPP(QV),3,0.05,0.3024737659720552,0.0026015461388021193,0.2134879725085911,0.0019486331283160838,97,True
tct,6,spatial,3,0.1,0.08111460578152563,0.42962562558099754,0.06314432989690723,0.3595119194286538,97,False
tct,6,spatial,3,0.1,0.302659852177474,0.0025849332366633423,0.22594501718213064,0.0010428004886634003,97,True
tct,6,a_ratio,3,0.1,0.18653520158277415,0.06733449650776509,0.10910652920962201,0.11336246240953972,97,False
tct,6,a_ratio,3,0.1,0.32795447149402396,0.00104065963506431,0.2328178694158076,0.0007289565212236814,97,True
tct,6,nqc,3,0.1,0.16422762445353117,0.1079621336952511,0.06314432989690723,0.3595119194286538,97,False
tct,6,nqc,3,0.1,0.2524699027759877,0.012600594057638697,0.12328178694158079,0.07362159410235054,97,True
tct,6,bertQPP,3,0.1,0.3036626345186819,0.0024970417065282137,0.19243986254295536,0.005229928831102741,97,False
tct,6,bertQPP,3,0.1,0.3649344338507484,0.00023767011321026242,0.2521477663230241,0.0002532519652694692,97,True
tct,6,bertQPP(QV),3,0.1,0.23219898685787482,0.022101224444944535,0.147766323024055,0.03201236643126749,97,False
tct,6,bertQPP(QV),3,0.1,0.3128059910834097,0.0018114515715226083,0.22079037800687287,0.0013557124652369783,97,True
tct,6,spatial,3,0.15,0.09437957569632793,0.35781549189772555,0.07302405498281789,0.28929863271816614,97,False
tct,6,spatial,3,0.15,0.30338609993924504,0.002521006619999058,0.2255154639175258,0.0010660691222714972,97,True
tct,6,a_ratio,3,0.15,0.21122190529526774,0.037818208730082875,0.12328178694158079,0.07362159410235054,97,False
tct,6,a_ratio,3,0.15,0.3330296446465919,0.0008587662491951474,0.23582474226804126,0.000621432826309228,97,True
tct,6,nqc,3,0.15,0.16582107841412672,0.10453906887349496,0.06615120274914091,0.33709113316806516,97,False
tct,6,nqc,3,0.15,0.2542082999799835,0.011983623574358874,0.12328178694158079,0.07362159410235054,97,True
tct,6,bertQPP,3,0.15,0.31504624248902185,0.0016718678383484075,0.19974226804123715,0.0037496927052216027,97,False
tct,6,bertQPP,3,0.15,0.3756270306607889,0.00014982540632282082,0.2594501718213059,0.00016660580916833792,97,True
tct,6,bertQPP(QV),3,0.15,0.24357631149190323,0.01620888025383342,0.15206185567010314,0.02734277211201925,97,False
tct,6,bertQPP(QV),3,0.15,0.32368017042761565,0.0012203442327126089,0.22938144329896912,0.0008728876884960134,97,True
tct,6,spatial,3,0.2,0.10825113389708765,0.29122687871442937,0.0777491408934708,0.2592237212301055,97,False
tct,6,spatial,3,0.2,0.3041935216661719,0.0024516082224345305,0.22508591065292102,0.0010898172708815595,97,True
tct,6,a_ratio,3,0.2,0.23227056330719847,0.02205907445622828,0.12500000000000003,0.06969448971824621,97,False
tct,6,a_ratio,3,0.2,0.33807634159165056,0.0007071226885249338,0.23711340206185572,0.000580033168540485,97,True
tct,6,nqc,3,0.2,0.1676088805566675,0.10080011134822227,0.06743986254295534,0.3277635503646662,97,False
tct,6,nqc,3,0.2,0.2561521909664207,0.01132508556448489,0.12585910652920965,0.0677963948466897,97,True
tct,6,bertQPP,3,0.2,0.3271495470870974,0.001072534812608397,0.20790378006872856,0.0025535840012904936,97,False
tct,6,bertQPP,3,0.2,0.3867299309968901,9.121075811946677e-05,0.2731958762886598,7.358676773635807e-05,97,True
tct,6,bertQPP(QV),3,0.2,0.255824743922067,0.011433750257227537,0.15721649484536085,0.02252544814571104,97,False
tct,6,bertQPP(QV),3,0.2,0.3350290796352551,0.0007954526307010288,0.23109965635738836,0.0007979153488644113,97,True
tct,6,spatial,3,0.25,0.12263150909332371,0.2314446909955067,0.08161512027491409,0.23628343229817084,97,False
tct,6,spatial,3,0.25,0.3050963949457829,0.0023760469154445528,0.22637457044673542,0.0010200025736501021,97,True
tct,6,a_ratio,3,0.25,0.249242341553515,0.013819737165984771,0.1357388316151203,0.04887004601219989,97,False
tct,6,a_ratio,3,0.25,0.34302310581779616,0.0005826393524206339,0.2366838487972509,0.0005935388745829456,97,True
tct,6,nqc,3,0.25,0.1696285940048903,0.09670318055966048,0.06829896907216496,0.32163912125241456,97,False
tct,6,nqc,3,0.25,0.25833987963186134,0.010621971477039664,0.12714776632302408,0.06502915478137135,97,True
tct,6,bertQPP,3,0.25,0.33988331456673426,0.0006590769872385285,0.21993127147766325,0.0014156009702633058,97,False
tct,6,bertQPP,3,0.25,0.39810046399145893,5.385139540891249e-05,0.27534364261168387,6.454501938742568e-05,97,True
tct,6,bertQPP(QV),3,0.25,0.26891399481813694,0.007735258451069175,0.16365979381443302,0.01755425786967657,97,False
tct,6,bertQPP(QV),3,0.25,0.34673274150478106,0.0005028354856116686,0.23453608247422683,0.0006655682797928671,97,True
tct,6,spatial,3,0.3,0.13738335925741524,0.17962813542465114,0.08762886597938145,0.2035174890452155,97,False
tct,6,spatial,3,0.3,0.30611250930754774,0.002293522924634576,0.22809278350515466,0.000933347093157991,97,True
tct,6,a_ratio,3,0.3,0.26219789451759734,0.009474745873713473,0.13917525773195877,0.0434259212403691,97,False
tct,6,a_ratio,3,0.3,0.34777968404467036,0.00048220175643323357,0.23969072164948454,0.0005048251929224872,97,True
tct,6,nqc,3,0.3,0.17192802670362978,0.09219965072719526,0.07044673539518902,0.3066570724911982,97,False
tct,6,nqc,3,0.3,0.2608196784200838,0.009871436357224855,0.12757731958762888,0.06412770883743656,97,True
tct,6,bertQPP,3,0.3,0.3530682388373299,0.00038935179889596443,0.22293814432989695,0.0012160687743494618,97,False
tct,6,bertQPP,3,0.3,0.4095147973843324,3.1113474435377654e-05,0.279639175257732,4.952017035250988e-05,97,True
tct,6,bertQPP(QV),3,0.3,0.2827421586734422,0.005014727068043688,0.1701030927835052,0.013572314777054699,97,False
tct,6,bertQPP(QV),3,0.3,0.3585994721396818,0.0003100646914125385,0.23711340206185572,0.000580033168540485,97,True
tct,6,spatial,3,0.35,0.1523284626692036,0.1363505342518815,0.0889175257731959,0.1969487085850582,97,False
tct,6,spatial,3,0.35,0.3072642966725434,0.002203111055397105,0.22723367697594504,0.000975784420613921,97,True
tct,6,a_ratio,3,0.35,0.2715582976513616,0.007131788826660649,0.1396048109965636,0.042782883164389815,97,False
tct,6,a_ratio,3,0.35,0.35223442700812196,0.00040280466147499364,0.24226804123711343,0.00043878992015195634,97,True
tct,6,nqc,3,0.35,0.17456893263200385,0.087233652997764,0.06958762886597938,0.3125934883665836,97,False
tct,6,nqc,3,0.35,0.2636533403293625,0.00907108209629483,0.12886597938144334,0.06148508875649665,97,True
tct,6,bertQPP,3,0.35,0.3663953725707988,0.00022335913078701852,0.22379725085910657,0.0011640289366746655,97,False
tct,6,bertQPP,3,0.35,0.420643051460068,1.7872688584630075e-05,0.2912371134020619,2.3769260447909586e-05,97,True
tct,6,bertQPP(QV),3,0.35,0.2970992841754939,0.0031247705086361716,0.17568728522336774,0.01079019991112942,97,False
tct,6,bertQPP(QV),3,0.35,0.37034474419471464,0.0001885597070223711,0.2444158075601375,0.0003900155261817713,97,True
tct,6,spatial,3,0.4,0.16725076276946485,0.10154054515162844,0.09579037800687287,0.16452082122278677,97,False
tct,6,spatial,3,0.4,0.30858041654871354,0.0021037440132024507,0.23067010309278352,0.00081607670119364,97,True
tct,6,a_ratio,3,0.4,0.2779245385818736,0.005846317275581868,0.14518900343642613,0.03513003275683934,97,False
tct,6,a_ratio,3,0.4,0.3562522901599504,0.0003416923316958837,0.24828178694158082,0.0003147483455907583,97,True
tct,6,nqc,3,0.4,0.17763241384458844,0.08174175504291499,0.07216494845360825,0.295009708543132,97,False
tct,6,nqc,3,0.4,0.26692096706075996,0.008219418053442394,0.13230240549828182,0.05487593045339063,97,True
tct,6,bertQPP,3,0.4,0.3793808110710548,0.00012693315976643226,0.22895189003436428,0.0008926252002239728,97,False
tct,6,bertQPP,3,0.4,0.43102512977582086,1.0466010787293318e-05,0.29295532646048117,2.127112554068262e-05,97,True
tct,6,bertQPP(QV),3,0.4,0.3116230598536466,0.0018893324999687008,0.1782646048109966,0.009686599012848096,97,False
tct,6,bertQPP(QV),3,0.4,0.38157137206735875,0.00011511924011328628,0.25429553264604815,0.00022415245533308512,97,True
tct,6,spatial,3,0.45,0.18190487594151766,0.07454732289252795,0.0970790378006873,0.15891607395046403,97,False
tct,6,spatial,3,0.45,0.3100980154405818,0.00199419909631458,0.22938144329896912,0.0008728876884960134,97,True
tct,6,a_ratio,3,0.45,0.28192891870951176,0.005147256115101662,0.14518900343642613,0.03513003275683934,97,False
tct,6,a_ratio,3,0.45,0.3596740510914101,0.00029650495286548146,0.2517182130584193,0.00025948171452482385,97,True
tct,6,nqc,3,0.45,0.18122698795087688,0.0756535792799515,0.0738831615120275,0.2836625052763587,97,False
tct,6,nqc,3,0.45,0.27072815906971637,0.007316597807082939,0.13616838487972513,0.04815964796946807,97,True
tct,6,bertQPP,3,0.45,0.3913250533278908,7.388648018686689e-05,0.23539518900343648,0.0006358327263393619,97,False
tct,6,bertQPP,3,0.45,0.44005512608472724,6.476420649836762e-06,0.2916666666666667,2.31197748307288e-05,97,True
tct,6,bertQPP(QV),3,0.45,0.32575419457072263,0.0011299035335666642,0.18427835051546396,0.0074933028749945285,97,False
tct,6,bertQPP(QV),3,0.45,0.3917578111974481,7.242355427659009e-05,0.25472508591065296,0.00021872261513442568,97,True
tct,6,spatial,3,0.5,0.19603028230243782,0.0543093748936015,0.10438144329896909,0.12985027258664464,97,False
tct,6,spatial,3,0.5,0.3118660005389722,0.0018730953189550947,0.22809278350515466,0.000933347093157991,97,True
tct,6,a_ratio,3,0.5,0.28414514234386024,0.004793214008931646,0.14218213058419246,0.039091423487606906,97,False
tct,6,a_ratio,3,0.5,0.3623175490320706,0.0002654399092542191,0.2512886597938145,0.00026585493232954136,97,True
tct,6,nqc,3,0.5,0.18550094243001575,0.0688944973229655,0.07560137457044674,0.27261459721837655,97,False
tct,6,nqc,3,0.5,0.27521662990463913,0.00636557947903745,0.13702749140893475,0.046764860648197036,97,True
tct,6,bertQPP,3,0.5,0.40129886186363023,4.627110863607054e-05,0.23840206185567014,0.0005412133012575864,97,False
tct,6,bertQPP,3,0.5,0.44698719953903304,4.438435563259447e-06,0.29596219931271484,1.7489373396802984e-05,97,True
tct,6,bertQPP(QV),3,0.5,0.3387093849842654,0.0006899377856654136,0.1937285223367698,0.004935409194231109,97,False
tct,6,bertQPP(QV),3,0.5,0.40026508089858653,4.860483270273834e-05,0.25902061855670105,0.00017081103710396531,97,True
tct,6,spatial,3,0.55,0.20937007803681967,0.03957140262647277,0.11211340206185569,0.10376002930884054,97,False
tct,6,spatial,3,0.55,0.31394985578352763,0.0017389156720818734,0.22895189003436428,0.0008926252002239728,97,True
tct,6,a_ratio,3,0.55,0.2850501069114958,0.00465499604004774,0.14261168384879727,0.03850326567762371,97,False
tct,6,a_ratio,3,0.55,0.363981874071147,0.0002474521058765567,0.24484536082474234,0.00038088964117221485,97,True
tct,6,nqc,3,0.55,0.19066177233688686,0.061392680951830515,0.07689003436426119,0.26452436355398434,97,False
tct,6,nqc,3,0.55,0.28058024812652593,0.005373917082831215,0.14175257731958765,0.039687194240219145,97,True
tct,6,bertQPP,3,0.55,0.4081891949154878,3.319435889398946e-05,0.23840206185567014,0.0005412133012575864,97,False
tct,6,bertQPP,3,0.55,0.45097933710430915,3.5569571583977796e-06,0.29037800687285226,2.5120678036492542e-05,97,True
tct,6,bertQPP(QV),3,0.55,0.34950188275183813,0.0004499434384901727,0.20747422680412375,0.0026065887949513057,97,False
tct,6,bertQPP(QV),3,0.55,0.4063748362104228,3.6253894262783744e-05,0.25601374570446744,0.000203164735220203,97,True
tct,6,spatial,3,0.6,0.22169173469210526,0.02908461256893725,0.12242268041237117,0.07565197367789964,97,False
tct,6,spatial,3,0.6,0.31643880539118807,0.0015900848044247612,0.23024054982817874,0.0008346209629654949,97,True
tct,6,a_ratio,3,0.6,0.28501877124631286,0.0046597220301922565,0.14905498281786944,0.030544557732034724,97,False
tct,6,a_ratio,3,0.6,0.36445538776546915,0.00024254399191588763,0.24828178694158082,0.0003147483455907583,97,True
tct,6,nqc,3,0.6,0.1970076341514918,0.05309503006084714,0.07903780068728523,0.25141149497554627,97,False
tct,6,nqc,3,0.6,0.28708961831351776,0.004356435632387564,0.14561855670103094,0.03459309466060896,97,True
tct,6,bertQPP,3,0.6,0.4108389289603806,2.9157165203472364e-05,0.24183848797250862,0.0004492042155364218,97,False
tct,6,bertQPP,3,0.6,0.45118838052629395,3.515687733758083e-06,0.29725085910652926,1.607297344135024e-05,97,True
tct,6,bertQPP(QV),3,0.6,0.3570437879818462,0.0003307096299201183,0.2053264604810997,0.002887015591872923,97,False
tct,6,bertQPP(QV),3,0.6,0.4093676329527054,3.1338318967974365e-05,0.2577319587628867,0.0001840336555755922,97,True
tct,6,spatial,3,0.65,0.2328063455362571,0.021745742500041895,0.12757731958762888,0.06412770883743656,97,False
tct,6,spatial,3,0.65,0.31945646163139424,0.001425164417534025,0.23238831615120278,0.0007456571945733053,97,True
tct,6,a_ratio,3,0.65,0.2843353640910984,0.004763861200238863,0.15034364261168387,0.02913493133073165,97,False
tct,6,a_ratio,3,0.65,0.3635281183853745,0.00025224127993364994,0.25386597938144334,0.00022970863763271067,97,True
tct,6,nqc,3,0.65,0.204979609382063,0.04400072842798089,0.07860824742268042,0.2539971105350425,97,False
tct,6,nqc,3,0.65,0.2951298054130326,0.0033389735764803702,0.15592783505154642,0.023654871935139845,97,True
tct,6,bertQPP,3,0.65,0.4082846793202942,3.30402284368867e-05,0.23410652920962205,0.0006809162092632265,97,False
tct,6,bertQPP,3,0.65,0.4469143039419624,4.456299488986151e-06,0.29037800687285226,2.5120678036492542e-05,97,True
tct,6,bertQPP(QV),3,0.65,0.360343468869733,0.00028833633064717044,0.2053264604810997,0.002887015591872923,97,False
tct,6,bertQPP(QV),3,0.65,0.4086378252165266,3.247597499024178e-05,0.2530068728522337,0.00024121095691616908,97,True
tct,6,spatial,3,0.7,0.24258283951140724,0.016662674161786593,0.12199312714776635,0.07668417076895777,97,False
tct,6,spatial,3,0.7,0.3231761251452775,0.0012432950302646946,0.23539518900343648,0.0006358327263393619,97,True
tct,6,a_ratio,3,0.7,0.28321011722472983,0.004939850504438549,0.15034364261168387,0.02913493133073165,97,False
tct,6,a_ratio,3,0.7,0.36100834543531474,0.0002804289265007655,0.25816151202749144,0.00017952274646223222,97,True
tct,6,nqc,3,0.7,0.21525004423940822,0.03422830102597002,0.08118556701030928,0.23875904036666062,97,False
tct,6,nqc,3,0.7,0.3052562887204968,0.0023628862694034755,0.1585051546391753,0.021443192891173694,97,True
tct,6,bertQPP,3,0.7,0.4000332079158093,4.91431377820795e-05,0.2298109965635739,0.0008535554716530555,97,False
tct,6,bertQPP,3,0.7,0.43776396557793046,7.324677776447369e-06,0.2766323024054983,5.9635866438532616e-05,97,True
tct,6,bertQPP(QV),3,0.7,0.358757280781436,0.0003080382044318944,0.19802405498281792,0.004058834798972484,97,False
tct,6,bertQPP(QV),3,0.7,0.4038210369707493,4.100876250272527e-05,0.25386597938144334,0.00022970863763271067,97,True
tct,6,spatial,3,0.75,0.2509547363032727,0.013160726579441572,0.13616838487972513,0.04815964796946807,97,False
tct,6,spatial,3,0.75,0.3278397093347276,0.0010451508829132446,0.23883161512027495,0.0005288208236189078,97,True
tct,6,a_ratio,3,0.75,0.2817959111605203,0.005169225470357689,0.14991408934707906,0.029598455953974822,97,False
tct,6,a_ratio,3,0.75,0.35674208202474006,0.00033485713687489275,0.2530068728522337,0.00024121095691616908,97,True
tct,6,nqc,3,0.75,0.22886933882225335,0.024139667614325747,0.08118556701030928,0.23875904036666062,97,False
tct,6,nqc,3,0.75,0.3182654647868017,0.001488305469714429,0.16065292096219932,0.019739903980340746,97,True
tct,6,bertQPP,3,0.75,0.38625518762974853,9.320103109108411e-05,0.22207903780068733,0.0012702502748310276,97,False
tct,6,bertQPP,3,0.75,0.42377785106685617,1.5234196316754692e-05,0.26632302405498287,0.00011124963084926736,97,True
tct,6,bertQPP(QV),3,0.75,0.35219359127998123,0.00040347435953189294,0.1971649484536083,0.004221925130091803,97,False
tct,6,bertQPP(QV),3,0.75,0.39489219282738375,6.260576879164428e-05,0.2452749140893471,0.0003719636432157586,97,True
tct,6,spatial,3,0.8,0.25791882776633135,0.010754248162615082,0.14003436426116841,0.04214791401843269,97,False
tct,6,spatial,3,0.8,0.33376507466779104,0.0008349623098809837,0.24012027491408938,0.0004932117335580638,97,True
tct,6,a_ratio,3,0.8,0.2802025399603959,0.005438965249087092,0.14647766323024058,0.03354022455213661,97,False
tct,6,a_ratio,3,0.8,0.3506328931704692,0.00042984973816874564,0.2392611683848798,0.0005166931871154039,97,True
tct,6,nqc,3,0.8,0.24747389726458083,0.014530231807722001,0.09621993127147768,0.16263626465805225,97,False
tct,6,nqc,3,0.8,0.3352140692238862,0.0007898157477533506,0.16623711340206188,0.015852745291372216,97,True
tct,6,bertQPP,3,0.8,0.3677834323566701,0.00021050350389074728,0.2130584192439863,0.0019900166497547295,97,False
tct,6,bertQPP,3,0.8,0.4054614705794872,3.78919401559682e-05,0.26116838487972516,0.00015073942387955493,97,True
tct,6,bertQPP(QV),3,0.8,0.34115977276419396,0.0006269581646585015,0.18513745704467358,0.007219338175415614,97,False
tct,6,bertQPP(QV),3,0.8,0.3821925943259571,0.00011195960689068937,0.23496563573883167,0.0006505425158083947,97,True
tct,6,spatial,3,0.85,0.2635270075697642,0.009105511186195615,0.14561855670103094,0.03459309466060896,97,False
tct,6,spatial,3,0.85,0.3412479745690772,0.0006247926156679974,0.24613402061855674,0.00035469522611087794,97,True
tct,6,a_ratio,3,0.85,0.2785080493147811,0.005739474994046709,0.14948453608247425,0.030068308790855192,97,False
tct,6,a_ratio,3,0.85,0.3426584900926598,0.000591078922962569,0.23711340206185572,0.000580033168540485,97,True
tct,6,nqc,3,0.85,0.27330030269106353,0.006757329002120282,0.11297250859106532,0.10113858933462912,97,False
tct,6,nqc,3,0.85,0.35697176196931624,0.0003316954398154336,0.18728522336769762,0.006573343269072617,97,True
tct,6,bertQPP,3,0.85,0.3459037996505617,0.000519743906705612,0.20017182130584193,0.0036758280937195186,97,False
tct,6,bertQPP,3,0.85,0.38369887808550607,0.00010462956567194039,0.25386597938144334,0.00022970863763271067,97,True
tct,6,bertQPP(QV),3,0.85,0.32662079916662556,0.0010939542989623866,0.17654639175257736,0.010410504577977625,97,False
tct,6,bertQPP(QV),3,0.85,0.3663704290699417,0.00022359664205749672,0.23711340206185572,0.000580033168540485,97,True
tct,6,spatial,3,0.9,0.2678736947885594,0.007984742724347882,0.14518900343642613,0.03513003275683934,97,False
tct,6,spatial,3,0.9,0.34980297383811987,0.0004445116108406392,0.24742268041237117,0.00033019314561040996,97,True
tct,6,a_ratio,3,0.9,0.2767673724013985,0.00606342893127229,0.1512027491408935,0.028226597294347726,97,False
tct,6,a_ratio,3,0.9,0.33288035258331017,0.0008636734075082015,0.22680412371134026,0.0009976667225656776,97,True
tct,6,nqc,3,0.9,0.30679025140227056,0.0022399255799263303,0.12285223367697597,0.07463114343880432,97,False
tct,6,nqc,3,0.9,0.38102168698242267,0.00011798382738247563,0.19802405498281792,0.004058834798972484,97,True
tct,6,bertQPP,3,0.9,0.32204434663915005,0.001296264077011006,0.18513745704467358,0.007219338175415614,97,False
tct,6,bertQPP,3,0.9,0.3595804660683086,0.00029766377324542856,0.23152920962199317,0.0007801296905645403,97,True
tct,6,bertQPP(QV),3,0.9,0.30974520611128703,0.002019195913453096,0.1701030927835052,0.013572314777054699,97,False
tct,6,bertQPP(QV),3,0.9,0.3482567759737484,0.00047305919799271344,0.21477663230240554,0.0018291772025326055,97,True
tct,6,spatial,3,0.95,0.27108162996876806,0.007237395924113398,0.1469072164948454,0.033024149712135395,97,False
tct,6,spatial,3,0.95,0.3531274123588509,0.00038841296333920645,0.2530068728522337,0.00024121095691616908,97,True
tct,6,a_ratio,3,0.95,0.27501874380630187,0.0064050798520933665,0.15077319587628868,0.0286776674564184,97,False
tct,6,a_ratio,3,0.95,0.3214436148060567,0.0013252043415498196,0.20403780068728525,0.00306822352558543,97,True
tct,6,nqc,3,0.95,0.3292867561468699,0.0009897912954668086,0.13745704467353953,0.04608031263937092,97,False
tct,6,nqc,3,0.95,0.3859008098903839,9.47129186415081e-05,0.2018900343642612,0.0033934144348203364,97,True
tct,6,bertQPP,3,0.95,0.29750215351973874,0.0030825038046265753,0.16408934707903783,0.01726000960595295,97,False
tct,6,bertQPP,3,0.95,0.33421209675417884,0.0008207892711440734,0.20661512027491413,0.0027156275780873427,97,True
tct,6,bertQPP(QV),3,0.95,0.2916589639970307,0.0037486927430322773,0.1554982817869416,0.02404211148041231,97,False
tct,6,bertQPP(QV),3,0.95,0.3287234718877796,0.0010110151974977101,0.19802405498281792,0.004058834798972484,97,True
tct,6,spatial,3,1.0,0.2732883923046269,0.006759829040096849,0.14604810996563578,0.03406318246416719,97,False
tct,6,spatial,3,1.0,0.30856649738146236,0.0021047733925286223,0.17912371134020622,0.009341755733078497,97,True
tct,6,a_ratio,3,1.0,0.2732883923046269,0.006759829040096849,0.14604810996563578,0.03406318246416719,97,False
tct,6,a_ratio,3,1.0,0.30856649738146236,0.0021047733925286223,0.17912371134020622,0.009341755733078497,97,True
tct,6,nqc,3,1.0,0.2732883923046269,0.006759829040096849,0.14604810996563578,0.03406318246416719,97,False
tct,6,nqc,3,1.0,0.30856649738146236,0.0021047733925286223,0.17912371134020622,0.009341755733078497,97,True
tct,6,bertQPP,3,1.0,0.2732883923046269,0.006759829040096849,0.14604810996563578,0.03406318246416719,97,False
tct,6,bertQPP,3,1.0,0.30856649738146236,0.0021047733925286223,0.17912371134020622,0.009341755733078497,97,True
tct,6,bertQPP(QV),3,1.0,0.2732883923046269,0.006759829040096849,0.14604810996563578,0.03406318246416719,97,False
tct,6,bertQPP(QV),3,1.0,0.30856649738146236,0.0021047733925286223,0.17912371134020622,0.009341755733078497,97,True
tct,6,spatial,4,0.0,0.05662436928408979,0.5817035806866219,0.05884879725085912,0.3931257746774063,97,False
tct,6,spatial,4,0.0,0.30140663173848015,0.002698683355267398,0.22508591065292102,0.0010898172708815595,97,True
tct,6,a_ratio,4,0.0,0.13036017459168378,0.20312685957526477,0.077319587628866,0.2618647746424714,97,False
tct,6,a_ratio,4,0.0,0.3179270782315673,0.001506702097821934,0.22637457044673542,0.0010200025736501021,97,True
tct,6,nqc,4,0.0,0.1615099398749807,0.11400098795754592,0.0622852233676976,0.36608612957525455,97,False
tct,6,nqc,4,0.0,0.24949243904587196,0.013721734696835998,0.12328178694158079,0.07362159410235054,97,True
tct,6,bertQPP,4,0.0,0.2831364735704062,0.004951567617975609,0.1829896907216495,0.007921746820669876,97,False
tct,6,bertQPP,4,0.0,0.3450716181932688,0.0005372414756776113,0.2414089347079038,0.0004598488311252096,97,True
tct,6,bertQPP(QV),4,0.0,0.21197459236446753,0.03712443824555347,0.13702749140893475,0.046764860648197036,97,False
tct,6,bertQPP(QV),4,0.0,0.292713435162527,0.003619701320670527,0.202319587628866,0.003325969220576063,97,True
tct,6,spatial,4,0.05,0.06882914425754708,0.5029243218317826,0.0627147766323024,0.3627897011875757,97,False
tct,6,spatial,4,0.05,0.3020232817303118,0.002642161687752866,0.2255154639175258,0.0010660691222714972,97,True
tct,6,a_ratio,4,0.05,0.1609790085318642,0.11521073372728209,0.09793814432989692,0.1552606461818409,97,False
tct,6,a_ratio,4,0.05,0.32319233301880734,0.0012425509726069737,0.23067010309278352,0.00081607670119364,97,True
tct,6,nqc,4,0.05,0.16287489555491283,0.1109360596038521,0.06185567010309279,0.3694011818632015,97,False
tct,6,nqc,4,0.05,0.25097510450857796,0.013153055425370593,0.12414089347079041,0.07163599473940602,97,True
tct,6,bertQPP,4,0.05,0.2934111339204389,0.0035365514713667366,0.1859965635738832,0.006954397086601862,97,False
tct,6,bertQPP,4,0.05,0.3549166246907591,0.0003609899558482911,0.24871134020618557,0.00030728207639036943,97,True
tct,6,bertQPP(QV),4,0.05,0.22206036796325485,0.028811220825957242,0.14261168384879727,0.03850326567762371,97,False
tct,6,bertQPP(QV),4,0.05,0.30266358289170037,0.002584601154278223,0.21391752577319592,0.001908041073171658,97,True
tct,6,spatial,4,0.1,0.0817026866828453,0.4262774152907459,0.06443298969072167,0.34979065764691386,97,False
tct,6,spatial,4,0.1,0.302702329766485,0.002581154444352797,0.22637457044673542,0.0010200025736501021,97,True
tct,6,a_ratio,4,0.1,0.19048499090388887,0.06163815780659099,0.1086769759450172,0.11478963120763813,97,False
tct,6,a_ratio,4,0.1,0.32855890810395116,0.0010172935484935414,0.23410652920962205,0.0006809162092632265,97,True
tct,6,nqc,4,0.1,0.16438947756354275,0.10761050586940223,0.06314432989690723,0.3595119194286538,97,False
tct,6,nqc,4,0.1,0.25261616301585726,0.012547639662911414,0.12414089347079041,0.07163599473940602,97,True
tct,6,bertQPP,4,0.1,0.3044904087155573,0.002426526358926013,0.1937285223367698,0.004935409194231109,97,False
tct,6,bertQPP,4,0.1,0.36533523510109245,0.00023366195531785566,0.2517182130584193,0.00025948171452482385,97,True
tct,6,bertQPP(QV),4,0.1,0.23302169749473137,0.021620880278871907,0.147766323024055,0.03201236643126749,97,False
tct,6,bertQPP(QV),4,0.1,0.3132241837573592,0.001784621310008565,0.22207903780068733,0.0012702502748310276,97,True
tct,6,spatial,4,0.15,0.09521446716266618,0.35355961203447245,0.07560137457044674,0.27261459721837655,97,False
tct,6,spatial,4,0.15,0.303453685700493,0.0025151304956790464,0.22594501718213064,0.0010428004886634003,97,True
tct,6,a_ratio,4,0.15,0.21747809043250124,0.032368840064302254,0.1245704467353952,0.07065977324075139,97,False
tct,6,a_ratio,4,0.15,0.3339875979413558,0.0008278794211724968,0.2379725085910653,0.0005538759115824682,97,True
tct,6,nqc,4,0.15,0.1660795696103405,0.10399186226168222,0.06443298969072167,0.34979065764691386,97,False
tct,6,nqc,4,0.15,0.25444222260755256,0.011902648168185365,0.1245704467353952,0.07065977324075139,97,True
tct,6,bertQPP,4,0.15,0.3163964101161347,0.0015925201358695064,0.20017182130584193,0.0036758280937195186,97,False
tct,6,bertQPP,4,0.15,0.37629494315532275,0.00014549108238871042,0.2641752577319588,0.00012634244111771396,97,True
tct,6,bertQPP(QV),4,0.15,0.2449120323845625,0.01561562574147507,0.1516323024054983,0.027781654237823455,97,False
tct,6,bertQPP(QV),4,0.15,0.32437383997358293,0.00118938870644694,0.22594501718213064,0.0010428004886634003,97,True
tct,6,spatial,4,0.2,0.1093092677519622,0.2865083326760854,0.08161512027491409,0.23628343229817084,97,False
tct,6,spatial,4,0.2,0.3042894566516739,0.002443477947698682,0.22594501718213064,0.0010428004886634003,97,True
tct,6,a_ratio,4,0.2,0.240841828083672,0.017484429807869864,0.13745704467353953,0.04608031263937092,97,False
tct,6,a_ratio,4,0.2,0.3394255751746817,0.0006709568074984624,0.2336769759450172,0.0006965926026270434,97,True
tct,6,nqc,4,0.2,0.1679773484488852,0.10004270396142347,0.0657216494845361,0.340237883454913,97,False
tct,6,nqc,4,0.2,0.25648614491118515,0.011215191976392761,0.1254295532646048,0.06874005870255491,97,True
tct,6,bertQPP,4,0.2,0.3291175582708885,0.0009961234245652673,0.209192439862543,0.002400428947085522,97,False
tct,6,bertQPP,4,0.2,0.38772309368115687,8.717420722842195e-05,0.27362542955326463,7.168767375692266e-05,97,True
tct,6,bertQPP(QV),4,0.2,0.25776226223432785,0.010803800742243871,0.16022336769759454,0.02007078628569656,97,False
tct,6,bertQPP(QV),4,0.2,0.3360552723148821,0.0007646404287414543,0.23238831615120278,0.0007456571945733053,97,True
tct,6,spatial,4,0.25,0.12390287131665143,0.2266060888954314,0.08634020618556702,0.2102443337075397,97,False
tct,6,spatial,4,0.25,0.30522458471326563,0.0023654905523178347,0.22723367697594504,0.000975784420613921,97,True
tct,6,a_ratio,4,0.25,0.25996233383973844,0.010125486620105437,0.1357388316151203,0.04887004601219989,97,False
tct,6,a_ratio,4,0.25,0.344803413388319,0.0005429948413487298,0.24012027491408938,0.0004932117335580638,97,True
tct,6,nqc,4,0.25,0.17012330354295158,0.09571993804805928,0.06786941580756015,0.3246919364895129,97,False
tct,6,nqc,4,0.25,0.25878897364411396,0.010482456510161033,0.12757731958762888,0.06412770883743656,97,True
tct,6,bertQPP,4,0.25,0.34258686882449463,0.0005927498037970171,0.22250859106529214,0.001242886914966472,97,False
tct,6,bertQPP,4,0.25,0.399489191736755,5.0428005007077e-05,0.28092783505154645,4.570292642778511e-05,97,True
tct,6,bertQPP(QV),4,0.25,0.27156236606928097,0.007130893347361345,0.16924398625429557,0.01405239227763608,97,False
tct,6,bertQPP(QV),4,0.25,0.34815956385977026,0.00047490907314509526,0.23711340206185572,0.000580033168540485,97,True
tct,6,spatial,4,0.3,0.13887884078201546,0.17489225435035088,0.09621993127147768,0.16263626465805225,97,False
tct,6,spatial,4,0.3,0.30627771697158,0.002280352458520839,0.22723367697594504,0.000975784420613921,97,True
tct,6,a_ratio,4,0.3,0.2747718496773811,0.00645466700705358,0.14304123711340208,0.037922646089534044,97,False
tct,6,a_ratio,4,0.3,0.3500319043139868,0.0004404219721221498,0.24183848797250862,0.0004492042155364218,97,True
tct,6,nqc,4,0.3,0.17256907941189825,0.09097413772639285,0.06872852233676977,0.3186051074891699,97,False
tct,6,nqc,4,0.3,0.2614026117180384,0.009701908276001316,0.12628865979381446,0.0668634129345248,97,True
tct,6,bertQPP,4,0.3,0.3566511129160189,0.0003361170404517992,0.22938144329896912,0.0008728876884960134,97,False
tct,6,bertQPP,4,0.3,0.41138240527227576,2.838802315938396e-05,0.28092783505154645,4.570292642778511e-05,97,True
tct,6,bertQPP(QV),4,0.3,0.28623432287331696,0.004479495778900495,0.17439862542955328,0.011382836808156348,97,False
tct,6,bertQPP(QV),4,0.3,0.36050641290709584,0.00028637964073831924,0.24269759450171827,0.0004286013573495472,97,True
tct,6,spatial,4,0.35,0.15408730793734418,0.1318297064349489,0.10008591065292097,0.14640165493450158,97,False
tct,6,spatial,4,0.35,0.3074724107537411,0.0021871219175873258,0.22766323024054988,0.0009543472910132449,97,True
tct,6,a_ratio,4,0.35,0.28563134694979697,0.004568105310749751,0.14561855670103094,0.03459309466060896,97,False
tct,6,a_ratio,4,0.35,0.35499892412904377,0.0003597725015084317,0.24785223367697598,0.0003223841860548392,97,True
tct,6,nqc,4,0.35,0.1753815545426342,0.08574908674928544,0.07259450171821306,0.29214479548279504,97,False
tct,6,nqc,4,0.35,0.26439360156583364,0.008871630251472922,0.12886597938144334,0.06148508875649665,97,True
tct,6,bertQPP,4,0.35,0.3710297305782489,0.0001830607346024436,0.23840206185567014,0.0005412133012575864,97,False
tct,6,bertQPP,4,0.35,0.423085132851338,1.5783676917181916e-05,0.2912371134020619,2.3769260447909586e-05,97,True
tct,6,bertQPP(QV),4,0.35,0.3015944805677428,0.0026813511955773657,0.17955326460481102,0.009173476196585428,97,False
tct,6,bertQPP(QV),4,0.35,0.3728213929392834,0.00016937122209774444,0.24828178694158082,0.0003147483455907583,97,True
tct,6,spatial,4,0.4,0.16934673895917335,0.0972669163493757,0.10395189003436428,0.13143701983340042,97,False
tct,6,spatial,4,0.4,0.30883883088514164,0.002084715550611919,0.22895189003436428,0.0008926252002239728,97,True
tct,6,a_ratio,4,0.4,0.2931425101677715,0.003568360688082122,0.1434707903780069,0.037349490378258986,97,False
tct,6,a_ratio,4,0.4,0.3595667803335193,0.0002978335868117989,0.25000000000000006,0.00028586619810323126,97,True
tct,6,nqc,4,0.4,0.17864882258241965,0.07998187928209367,0.07474226804123713,0.2781012070168114,97,False
tct,6,nqc,4,0.4,0.2678485626862197,0.007990856611491227,0.13487972508591067,0.050317249987351625,97,True
tct,6,bertQPP,4,0.4,0.3852654707918358,9.74806707831665e-05,0.2366838487972509,0.0005935388745829456,97,False
tct,6,bertQPP,4,0.4,0.43414599116690666,8.87998607336809e-06,0.29596219931271484,1.7489373396802984e-05,97,True
tct,6,bertQPP(QV),4,0.4,0.3173058450070765,0.0015410133503268157,0.18213058419243988,0.008219435652041644,97,False
tct,6,bertQPP(QV),4,0.4,0.38471340023627765,9.994649850058583e-05,0.25343642611683853,0.00023539388087640415,97,True
tct,6,spatial,4,0.45,0.1844494560866616,0.0705103095451823,0.10395189003436428,0.13143701983340042,97,False
tct,6,spatial,4,0.45,0.3104161817421237,0.0019718967938297935,0.23109965635738836,0.0007979153488644113,97,True
tct,6,a_ratio,4,0.45,0.29797696964945,0.0030333479783988962,0.147766323024055,0.03201236643126749,97,False
tct,6,a_ratio,4,0.45,0.3635706928695363,0.0002517883169911065,0.2525773195876289,0.00024716269151633816,97,True
tct,6,nqc,4,0.45,0.18248917517194974,0.07360426561837749,0.07517182130584193,0.27534857568608007,97,False
tct,6,nqc,4,0.45,0.27188216849377694,0.007060813249205089,0.13445017182130586,0.05105421646643944,97,True
tct,6,bertQPP,4,0.45,0.39867567793581465,5.2407944337205535e-05,0.24097938144329903,0.0004707284379041492,97,False
tct,6,bertQPP,4,0.45,0.44395975294477763,5.2401295874198004e-06,0.30025773195876293,1.3180989774176607e-05,97,True
tct,6,bertQPP(QV),4,0.45,0.3328264715475138,0.0008654507251932944,0.1890034364261169,0.006094500520977148,97,False
tct,6,bertQPP(QV),4,0.45,0.39565892036606115,6.040064566699413e-05,0.25343642611683853,0.00023539388087640415,97,True
tct,6,spatial,4,0.5,0.1991712031209139,0.050486128227865634,0.11297250859106532,0.10113858933462912,97,False
tct,6,spatial,4,0.5,0.31225625552194247,0.0018472761537449264,0.23152920962199317,0.0007801296905645403,97,True
tct,6,a_ratio,4,0.5,0.3007642227655964,0.0027587201517736437,0.14819587628865982,0.031516517606653575,97,False
tct,6,a_ratio,4,0.5,0.36681930191278395,0.00021935795928873058,0.24957044673539522,0.00029284438819506046,97,True
tct,6,nqc,4,0.5,0.18706495360268743,0.0665466069504512,0.07431271477663232,0.2808725107935828,97,False
tct,6,nqc,4,0.5,0.2766490914678166,0.006086018858407116,0.138745704467354,0.04407710548149226,97,True
tct,6,bertQPP,4,0.5,0.4103250473426656,2.9902312610887046e-05,0.24871134020618557,0.00030728207639036943,97,False
tct,6,bertQPP,4,0.5,0.45176731435502876,3.4037395976060958e-06,0.29553264604811,1.7987380341900968e-05,97,True
tct,6,bertQPP(QV),4,0.5,0.347370789892091,0.0004901661808828213,0.1971649484536083,0.004221925130091803,97,False
tct,6,bertQPP(QV),4,0.5,0.40500398310748975,3.873814921348333e-05,0.25816151202749144,0.00017952274646223222,97,True
tct,6,spatial,4,0.55,0.21328427038338144,0.03594269766117636,0.11855670103092786,0.08536128644887009,97,False
tct,6,spatial,4,0.55,0.31442870129575584,0.0017093389456936097,0.23238831615120278,0.0007456571945733053,97,True
tct,6,a_ratio,4,0.55,0.3020381774099974,0.002640809631430387,0.14819587628865982,0.031516517606653575,97,False
tct,6,a_ratio,4,0.55,0.36909828275696965,0.00019895986235208147,0.2577319587628867,0.0001840336555755922,97,True
tct,6,nqc,4,0.55,0.1926045337416438,0.058747109079689865,0.07603092783505157,0.269899250718855,97,False
tct,6,nqc,4,0.55,0.28236225938863874,0.005076254436971824,0.14261168384879727,0.03850326567762371,97,True
tct,6,bertQPP,4,0.55,0.4190549074591209,1.936742126095073e-05,0.24957044673539522,0.00029284438819506046,97,False
tct,6,bertQPP,4,0.55,0.4566934461766696,2.5782540645554505e-06,0.29295532646048117,2.127112554068262e-05,97,True
tct,6,bertQPP(QV),4,0.55,0.3599148749984422,0.00029354203034348157,0.20103092783505158,0.0035320539175627825,97,False
tct,6,bertQPP(QV),4,0.55,0.41199767402457477,2.7540199563968876e-05,0.2594501718213059,0.00016660580916833792,97,True
tct,6,spatial,4,0.6,0.22657280220925868,0.0256373017771435,0.11855670103092786,0.08536128644887009,97,False
tct,6,spatial,4,0.6,0.317028968233832,0.001556532377934037,0.2366838487972509,0.0005935388745829456,97,True
tct,6,a_ratio,4,0.6,0.3022241461553415,0.0026239818628037708,0.14862542955326463,0.03102727109196935,97,False
tct,6,a_ratio,4,0.6,0.37017816948569826,0.00018991984084030408,0.2594501718213059,0.00016660580916833792,97,True
tct,6,nqc,4,0.6,0.19943831067196405,0.05017150054456819,0.07946735395189004,0.2488442983857856,97,False
tct,6,nqc,4,0.6,0.28932125477857074,0.004049428057311437,0.14862542955326463,0.03102727109196935,97,True
tct,6,bertQPP,4,0.6,0.4236093822246857,1.536615354966956e-05,0.25042955326460486,0.0002790440350017295,97,False
tct,6,bertQPP,4,0.6,0.45783866323075734,2.4155260082899837e-06,0.29725085910652926,1.607297344135024e-05,97,True
tct,6,bertQPP(QV),4,0.6,0.36928535226617687,0.00019736590045367152,0.2173539518900344,0.0016102081655090619,97,False
tct,6,bertQPP(QV),4,0.6,0.4158687709721489,2.2726054744507432e-05,0.2620274914089347,0.00014335046231608574,97,True
tct,6,spatial,4,0.65,0.23884817578649886,0.01846815742890421,0.13058419243986258,0.05810246319620013,97,False
tct,6,spatial,4,0.65,0.32019036346373697,0.001387476641380616,0.23539518900343648,0.0006358327263393619,97,True
tct,6,a_ratio,4,0.65,0.3016473506142012,0.0026764911450458903,0.14304123711340208,0.037922646089534044,97,False
tct,6,a_ratio,4,0.65,0.36982718935972925,0.00019281545230055214,0.256872852233677,0.0001933769855221948,97,True
tct,6,nqc,4,0.65,0.20805943658236664,0.04085284131301676,0.08118556701030928,0.23875904036666062,97,False
tct,6,nqc,4,0.65,0.2979568685538696,0.003035414617259749,0.15678694158075604,0.022896601370035064,97,True
tct,6,bertQPP,4,0.65,0.42287482866193565,1.595413921745446e-05,0.24183848797250862,0.0004492042155364218,97,False
tct,6,bertQPP,4,0.65,0.45442718563531026,2.9312639649843958e-06,0.2968213058419244,1.6532495235382776e-05,97,True
tct,6,bertQPP(QV),4,0.65,0.3743561507880696,0.00015840470753386796,0.2130584192439863,0.0019900166497547295,97,False
tct,6,bertQPP(QV),4,0.65,0.4159449171872601,2.2639788941836205e-05,0.2624570446735396,0.00013978519828252247,97,True
tct,6,spatial,4,0.7,0.24996206198274962,0.013539340720645072,0.13831615120274915,0.044736513464296176,97,False
tct,6,spatial,4,0.7,0.324102054691482,0.001201431253313432,0.24012027491408938,0.0004932117335580638,97,True
tct,6,a_ratio,4,0.7,0.3005497735615207,0.002779027318853097,0.14561855670103094,0.03459309466060896,97,False
tct,6,a_ratio,4,0.7,0.36782914689476176,0.00021009198472169967,0.256872852233677,0.0001933769855221948,97,True
tct,6,nqc,4,0.7,0.21922890223795502,0.03096809226715267,0.08376288659793817,0.22417771625382632,97,False
tct,6,nqc,4,0.7,0.3088996590372433,0.0020802590895415826,0.1670962199312715,0.015318729327102553,97,True
tct,6,bertQPP,4,0.7,0.41618363435088856,2.237133035050051e-05,0.23625429553264607,0.0006073368350083252,97,False
tct,6,bertQPP,4,0.7,0.4459837459671796,4.690380869470865e-06,0.28737113402061865,3.0449327798130317e-05,97,True
tct,6,bertQPP(QV),4,0.7,0.37432267540609376,0.00015863671915135409,0.20704467353951894,0.0026605976928076114,97,False
tct,6,bertQPP(QV),4,0.7,0.41179164946914826,2.782142165197828e-05,0.2573024054982818,0.0001886509599840551,97,True
tct,6,spatial,4,0.75,0.25981512473078644,0.010169679480543144,0.1396048109965636,0.042782883164389815,97,False
tct,6,spatial,4,0.75,0.3290335359814874,0.0009992816022639573,0.24656357388316158,0.0003463449485504128,97,True
tct,6,a_ratio,4,0.75,0.2991081198285098,0.00291906736273242,0.14604810996563578,0.03406318246416719,97,False
tct,6,a_ratio,4,0.75,0.36400514146675067,0.0002472088065461107,0.25816151202749144,0.00017952274646223222,97,True
tct,6,nqc,4,0.75,0.23415720594774067,0.02097261503274984,0.08977663230240551,0.19265661141875967,97,False
tct,6,nqc,4,0.75,0.3230739101993787,0.001247996764566683,0.17182130584192443,0.01265543298933369,97,True
tct,6,bertQPP,4,0.75,0.4035570588699523,4.153213532770453e-05,0.23152920962199317,0.0007801296905645403,97,False
tct,6,bertQPP,4,0.75,0.4324803845214294,9.6959332329339e-06,0.2792096219931272,5.085839224791733e-05,97,True
tct,6,bertQPP(QV),4,0.75,0.3689494258648699,0.0002002367200504744,0.20489690721649487,0.002946303078171719,97,False
tct,6,bertQPP(QV),4,0.75,0.4033267303060428,4.1993880966447696e-05,0.256872852233677,0.0001933769855221948,97,True
tct,6,spatial,4,0.8,0.268360214892719,0.007867196499920069,0.13487972508591067,0.050317249987351625,97,False
tct,6,spatial,4,0.8,0.3353542336552077,0.0007855690674540149,0.2444158075601375,0.0003900155261817713,97,True
tct,6,a_ratio,4,0.8,0.29744969145665046,0.0030879786091915556,0.14304123711340208,0.037922646089534044,97,False
tct,6,a_ratio,4,0.8,0.3582363625355297,0.000314774265280552,0.25343642611683853,0.00023539388087640415,97,True
tct,6,nqc,4,0.8,0.2547869369383875,0.011784190989123368,0.10352233676975947,0.1330387570764664,97,False
tct,6,nqc,4,0.8,0.3417570228260011,0.0006124276020099518,0.17740549828178698,0.010042744211065484,97,True
tct,6,bertQPP,4,0.8,0.38575030971499136,9.536186813247178e-05,0.21864261168384883,0.0015100189795415188,97,False
tct,6,bertQPP,4,0.8,0.41438673487529826,2.4467591847209562e-05,0.26975945017182135,9.058641607986754e-05,97,True
tct,6,bertQPP(QV),4,0.8,0.35866132692903724,0.0003092689289611051,0.1941580756013746,0.0048406217198878375,97,False
tct,6,bertQPP(QV),4,0.8,0.3908617740288828,7.548302974172981e-05,0.2452749140893471,0.0003719636432157586,97,True
tct,6,spatial,4,0.85,0.27560007151071425,0.006289653573649092,0.1434707903780069,0.037349490378258986,97,False
tct,6,spatial,4,0.85,0.34346480706144755,0.0005725634482019497,0.24957044673539522,0.00029284438819506046,97,True
tct,6,a_ratio,4,0.85,0.29566521912680255,0.003279476064955009,0.14304123711340208,0.037922646089534044,97,False
tct,6,a_ratio,4,0.85,0.35048388555058896,0.0004324490274693525,0.2414089347079038,0.0004598488311252096,97,True
tct,6,nqc,4,0.85,0.2839481331909723,0.004823783843874594,0.12156357388316154,0.07772782073014356,97,False
tct,6,nqc,4,0.85,0.36616209125830207,0.00022558955926147686,0.1971649484536083,0.004221925130091803,97,True
tct,6,bertQPP,4,0.85,0.36406067101057127,0.00024662904476172265,0.2018900343642612,0.0033934144348203364,97,False
tct,6,bertQPP,4,0.85,0.3925918637853931,6.967981344176168e-05,0.2555841924398626,0.0002082313453780151,97,True
tct,6,bertQPP(QV),4,0.85,0.34442181944790157,0.0005512779457814382,0.186426116838488,0.006825229731210832,97,False
tct,6,bertQPP(QV),4,0.85,0.37504876084838634,0.00015367430186636206,0.23195876288659797,0.0007627126312502382,97,True
tct,6,spatial,4,0.9,0.28158057637908585,0.005204969928117498,0.14819587628865982,0.031516517606653575,97,False
tct,6,spatial,4,0.9,0.3531099817714012,0.0003886892971318072,0.25902061855670105,0.00017081103710396531,97,True
tct,6,a_ratio,4,0.9,0.2938187321191239,0.003488770252597143,0.14089347079037803,0.040901875311072,97,False
tct,6,a_ratio,4,0.9,0.34080096786924613,0.0006358386340329835,0.22207903780068733,0.0012702502748310276,97,True
tct,6,nqc,4,0.9,0.3229371118890529,0.0012543145613612148,0.13058419243986258,0.05810246319620013,97,False
tct,6,nqc,4,0.9,0.39391843616732203,6.551444023609237e-05,0.21091065292096223,0.002209296231634933,97,True
tct,6,bertQPP,4,0.9,0.33999758487858545,0.0006561414785447392,0.1782646048109966,0.009686599012848096,97,False
tct,6,bertQPP,4,0.9,0.36822617214781406,0.00020654913001556,0.23324742268041243,0.0007126038672884247,97,True
tct,6,bertQPP(QV),4,0.9,0.32746503754571465,0.001059936905436001,0.16881443298969073,0.014298004272030715,97,False
tct,6,bertQPP(QV),4,0.9,0.35675121200653104,0.000334730928886371,0.22079037800687287,0.0013557124652369783,97,True
tct,6,spatial,4,0.95,0.28638122722360193,0.004458141178679919,0.1443298969072165,0.03622527510674091,97,False
tct,6,spatial,4,0.95,0.35844688582701434,0.00031203578896245554,0.2508591065292096,0.00027237466938260737,97,True
tct,6,a_ratio,4,0.95,0.29195493251345467,0.0037120787466646973,0.14819587628865982,0.031516517606653575,97,False
tct,6,a_ratio,4,0.95,0.3293343338751857,0.0009880173453503506,0.19888316151202753,0.0039014834427261624,97,True
tct,6,nqc,4,0.95,0.35117540725249496,0.0004205069113787252,0.15077319587628868,0.0286776674564184,97,False
tct,6,nqc,4,0.95,0.40085579352414613,4.7258215431644434e-05,0.21091065292096223,0.002209296231634933,97,True
tct,6,bertQPP,4,0.95,0.31497149104019295,0.0016763636960524348,0.15764604810996566,0.022159535570441733,97,False
tct,6,bertQPP,4,0.95,0.3424549985173759,0.0005958375792236348,0.20274914089347082,0.003259747042536618,97,True
tct,6,bertQPP(QV),4,0.95,0.3090165894139293,0.002071716548305756,0.15678694158075604,0.022896601370035064,97,False
tct,6,bertQPP(QV),4,0.95,0.3368899477209989,0.0007403871572014761,0.1971649484536083,0.004221925130091803,97,True
tct,6,spatial,4,1.0,0.29010460991555875,0.003946334930719984,0.14561855670103094,0.03459309466060896,97,False
tct,6,spatial,4,1.0,0.31631329746062137,0.0015973042218468412,0.1782646048109966,0.009686599012848096,97,True
tct,6,a_ratio,4,1.0,0.29010460991555875,0.003946334930719984,0.14561855670103094,0.03459309466060896,97,False
tct,6,a_ratio,4,1.0,0.31631329746062137,0.0015973042218468412,0.1782646048109966,0.009686599012848096,97,True
tct,6,nqc,4,1.0,0.29010460991555875,0.003946334930719984,0.14561855670103094,0.03459309466060896,97,False
tct,6,nqc,4,1.0,0.31631329746062137,0.0015973042218468412,0.1782646048109966,0.009686599012848096,97,True
tct,6,bertQPP,4,1.0,0.29010460991555875,0.003946334930719984,0.14561855670103094,0.03459309466060896,97,False
tct,6,bertQPP,4,1.0,0.31631329746062137,0.0015973042218468412,0.1782646048109966,0.009686599012848096,97,True
tct,6,bertQPP(QV),4,1.0,0.29010460991555875,0.003946334930719984,0.14561855670103094,0.03459309466060896,97,False
tct,6,bertQPP(QV),4,1.0,0.31631329746062137,0.0015973042218468412,0.1782646048109966,0.009686599012848096,97,True
tct,6,spatial,5,0.0,0.05662436928408979,0.5817035806866219,0.05884879725085912,0.3931257746774063,97,False
tct,6,spatial,5,0.0,0.30140663173848015,0.002698683355267398,0.22508591065292102,0.0010898172708815595,97,True
tct,6,a_ratio,5,0.0,0.13036017459168378,0.20312685957526477,0.077319587628866,0.2618647746424714,97,False
tct,6,a_ratio,5,0.0,0.3179270782315673,0.001506702097821934,0.22637457044673542,0.0010200025736501021,97,True
tct,6,nqc,5,0.0,0.1615099398749807,0.11400098795754592,0.0622852233676976,0.36608612957525455,97,False
tct,6,nqc,5,0.0,0.24949243904587196,0.013721734696835998,0.12328178694158079,0.07362159410235054,97,True
tct,6,bertQPP,5,0.0,0.2831364735704062,0.004951567617975609,0.1829896907216495,0.007921746820669876,97,False
tct,6,bertQPP,5,0.0,0.3450716181932688,0.0005372414756776113,0.2414089347079038,0.0004598488311252096,97,True
tct,6,bertQPP(QV),5,0.0,0.21197459236446753,0.03712443824555347,0.13702749140893475,0.046764860648197036,97,False
tct,6,bertQPP(QV),5,0.0,0.292713435162527,0.003619701320670527,0.202319587628866,0.003325969220576063,97,True
tct,6,spatial,5,0.05,0.06770941847942681,0.509913532701619,0.0657216494845361,0.340237883454913,97,False
tct,6,spatial,5,0.05,0.3019214794182538,0.0026514187972509905,0.2255154639175258,0.0010660691222714972,97,True
tct,6,a_ratio,5,0.05,0.15670481942493075,0.12531465749031642,0.09149484536082475,0.1842793810224047,97,False
tct,6,a_ratio,5,0.05,0.32205309809087346,0.0012958467509381615,0.22938144329896912,0.0008728876884960134,97,True
tct,6,nqc,5,0.05,0.1627792367953959,0.11114874772248165,0.0622852233676976,0.36608612957525455,97,False
tct,6,nqc,5,0.05,0.2508814430809916,0.013188362780736566,0.12414089347079041,0.07163599473940602,97,True
tct,6,bertQPP,5,0.05,0.29266490393226713,0.003625549703458274,0.186426116838488,0.006825229731210832,97,False
tct,6,bertQPP,5,0.05,0.3543788448939084,0.0003690390992748641,0.24613402061855674,0.00035469522611087794,97,True
tct,6,bertQPP(QV),5,0.05,0.221337815149005,0.029349156294819413,0.1443298969072165,0.03622527510674091,97,False
tct,6,bertQPP(QV),5,0.05,0.3020443162697093,0.002640252598353303,0.2130584192439863,0.0019900166497547295,97,True
tct,6,spatial,5,0.1,0.07935388781117468,0.4397396117841554,0.0657216494845361,0.340237883454913,97,False
tct,6,spatial,5,0.1,0.3024873428098336,0.002600330821919047,0.22680412371134026,0.0009976667225656776,97,True
tct,6,a_ratio,5,0.1,0.18127721843899572,0.07557115764065254,0.1048109965635739,0.1282784361242476,97,False
tct,6,a_ratio,5,0.1,0.3261643596623989,0.0011127568639724798,0.23067010309278352,0.00081607670119364,97,True
tct,6,nqc,5,0.1,0.16418720407909915,0.10805008697294337,0.06357388316151204,0.356252805453549,97,False
tct,6,nqc,5,0.1,0.25241719558836756,0.012619724676550202,0.12414089347079041,0.07163599473940602,97,True
tct,6,bertQPP,5,0.1,0.3028809053923839,0.0025653227280234996,0.1890034364261169,0.006094500520977148,97,False
tct,6,bertQPP,5,0.1,0.36414338083338005,0.0002457678309277866,0.24871134020618557,0.00030728207639036943,97,True
tct,6,bertQPP(QV),5,0.1,0.23147263597499823,0.022532872125474376,0.1473367697594502,0.03251488713772691,97,False
tct,6,bertQPP(QV),5,0.1,0.31186240995431913,0.001873334377976799,0.2177835051546392,0.0015761513468118154,97,True
tct,6,spatial,5,0.15,0.09151681635041797,0.3726479651710414,0.07302405498281789,0.28929863271816614,97,False
tct,6,spatial,5,0.15,0.3031121237553737,0.0025449537791662415,0.2255154639175258,0.0010660691222714972,97,True
tct,6,a_ratio,5,0.15,0.2030306738512794,0.04609494336272223,0.11297250859106532,0.10113858933462912,97,False
tct,6,a_ratio,5,0.15,0.3302136830934118,0.0009557477466453106,0.22938144329896912,0.0008728876884960134,97,True
tct,6,nqc,5,0.15,0.16575772777279235,0.1046735201701581,0.06529209621993129,0.34340339579060297,97,False
tct,6,nqc,5,0.15,0.2541240223917686,0.012012914913373422,0.1254295532646048,0.06874005870255491,97,True
tct,6,bertQPP,5,0.15,0.31377950569750557,0.001749548800990297,0.19759450171821308,0.0041396512632380965,97,False
tct,6,bertQPP,5,0.15,0.3743038314975635,0.00015876746114660688,0.25429553264604815,0.00022415245533308512,97,True
tct,6,bertQPP(QV),5,0.15,0.24240926970495003,0.0167430729682235,0.154639175257732,0.024833107958687445,97,False
tct,6,bertQPP(QV),5,0.15,0.32211851019008164,0.0012927313396378585,0.22422680412371138,0.0011387880187863695,97,True
tct,6,spatial,5,0.2,0.10413383082670398,0.310074074983304,0.07946735395189004,0.2488442983857856,97,False
tct,6,spatial,5,0.2,0.30380542321085713,0.0024847478792612843,0.2255154639175258,0.0010660691222714972,97,True
tct,6,a_ratio,5,0.2,0.22129144905236342,0.029383963949323,0.11211340206185569,0.10376002930884054,97,False
tct,6,a_ratio,5,0.2,0.3341419471872539,0.0008229987662871136,0.23238831615120278,0.0007456571945733053,97,True
tct,6,nqc,5,0.2,0.16752046976354373,0.1009825121153941,0.06615120274914091,0.33709113316806516,97,False
tct,6,nqc,5,0.2,0.2560318743017743,0.011364907845311713,0.12628865979381446,0.0668634129345248,97,True
tct,6,bertQPP,5,0.2,0.3253152111006423,0.0011485209235414162,0.20704467353951894,0.0026605976928076114,97,False
tct,6,bertQPP,5,0.2,0.3847525823298855,9.976959914977316e-05,0.2641752577319588,0.00012634244111771396,97,True
tct,6,bertQPP(QV),5,0.2,0.2541492969948125,0.01200412397666148,0.1589347079037801,0.021092644173514117,97,False
tct,6,bertQPP(QV),5,0.2,0.3327227231758307,0.0008688823671963341,0.22637457044673542,0.0010200025736501021,97,True
tct,6,spatial,5,0.25,0.1171141730300863,0.25327765475267555,0.08419243986254298,0.22181074839562664,97,False
tct,6,spatial,5,0.25,0.30457901556485845,0.002419085510193054,0.22637457044673542,0.0010200025736501021,97,True
tct,6,a_ratio,5,0.25,0.23584376746913494,0.02004054520381907,0.11769759450171824,0.08765026442852013,97,False
tct,6,a_ratio,5,0.25,0.33787625068726157,0.0007126353112264259,0.2366838487972509,0.0005935388745829456,97,True
tct,6,nqc,5,0.25,0.16951270852793837,0.09693464996052001,0.06915807560137457,0.3155898965616176,97,False
tct,6,nqc,5,0.25,0.2581780268133007,0.010672649357526367,0.12929553264604812,0.060624507125192455,97,True
tct,6,bertQPP,5,0.25,0.3373793994009083,0.0007264941984305931,0.21606529209621997,0.0017164841150655054,97,False
tct,6,bertQPP,5,0.25,0.3953183035292584,6.137117847239675e-05,0.27061855670103097,8.601885162206065e-05,97,True
tct,6,bertQPP(QV),5,0.25,0.26664625012588905,0.00828820470623862,0.16065292096219932,0.019739903980340746,97,False
tct,6,bertQPP(QV),5,0.25,0.34352951977856117,0.0005711007322309663,0.2298109965635739,0.0008535554716530555,97,True
tct,6,spatial,5,0.3,0.1303391539067698,0.2032003496388814,0.09020618556701032,0.1905365207922204,97,False
tct,6,spatial,5,0.3,0.30544748704423025,0.0023472352328599054,0.22723367697594504,0.000975784420613921,97,True
tct,6,a_ratio,5,0.3,0.24687196224361643,0.014779192221998432,0.11597938144329899,0.09237668593402237,97,False
tct,6,a_ratio,5,0.3,0.34132820808110365,0.0006228286559078969,0.23840206185567014,0.0005412133012575864,97,True
tct,6,nqc,5,0.3,0.17178192284866187,0.09248077806860157,0.07087628865979383,0.3037170573623521,97,False
tct,6,nqc,5,0.3,0.2606094224197062,0.009933217055481693,0.12972508591065296,0.0597739314027888,97,True
tct,6,bertQPP,5,0.3,0.3497695939117387,0.00044511081840524117,0.2212199312714777,0.001326652810302692,97,False
tct,6,bertQPP,5,0.3,0.40574516772949365,3.737589562551655e-05,0.2740549828178695,6.983500538924286e-05,97,True
tct,6,bertQPP(QV),5,0.3,0.2797781052882603,0.005512894362635895,0.1658075601374571,0.016125841537736958,97,False
tct,6,bertQPP(QV),5,0.3,0.3543204031067019,0.0003699236930175217,0.2336769759450172,0.0006965926026270434,97,True
tct,6,spatial,5,0.35,0.14366281769866984,0.16035872873464582,0.09579037800687287,0.16452082122278677,97,False
tct,6,spatial,5,0.35,0.3064291057519839,0.0022683435456919425,0.22809278350515466,0.000933347093157991,97,True
tct,6,a_ratio,5,0.35,0.2548183416509058,0.011773450430875696,0.12285223367697597,0.07463114343880432,97,False
tct,6,a_ratio,5,0.35,0.3443926372946753,0.0005519161337923614,0.2379725085910653,0.0005538759115824682,97,True
tct,6,nqc,5,0.35,0.17438948772138146,0.08756421350201012,0.07087628865979383,0.3037170573623521,97,False
tct,6,nqc,5,0.35,0.26338594923248015,0.009144088994396013,0.13058419243986258,0.05810246319620013,97,True
tct,6,bertQPP,5,0.35,0.3621508724061201,0.00026730624163300606,0.22465635738831619,0.0011140538745299275,97,False
tct,6,bertQPP,5,0.35,0.41567083711982844,2.2951735493435155e-05,0.2822164948453609,4.216585457755637e-05,97,True
tct,6,bertQPP(QV),5,0.35,0.2933109894980698,0.0035483803216102413,0.17396907216494847,0.011586707769612953,97,False
tct,6,bertQPP(QV),5,0.35,0.3647861744869727,0.00023916877474587997,0.2366838487972509,0.0005935388745829456,97,True
tct,6,spatial,5,0.4,0.15691551011901234,0.12480118015636199,0.09750859106529211,0.15708030004273185,97,False
tct,6,spatial,5,0.4,0.30754702236555653,0.0021814151414930923,0.22809278350515466,0.000933347093157991,97,True
tct,6,a_ratio,5,0.4,0.26023315536970054,0.01004462412182113,0.12328178694158079,0.07362159410235054,97,False
tct,6,a_ratio,5,0.4,0.3469470025858194,0.0004985479266118912,0.2392611683848798,0.0005166931871154039,97,True
tct,6,nqc,5,0.4,0.17741607252068098,0.08212030344823282,0.0734536082474227,0.28647120739097054,97,False
tct,6,nqc,5,0.4,0.26658510625869863,0.008303583359631805,0.13316151202749144,0.05331954320676675,97,True
tct,6,bertQPP,5,0.4,0.3740136289461987,0.00016079357406180824,0.22293814432989695,0.0012160687743494618,97,False
tct,6,bertQPP,5,0.4,0.42460805851913835,1.4599300443816802e-05,0.2822164948453609,4.216585457755637e-05,97,True
tct,6,bertQPP(QV),5,0.4,0.30685650572429884,0.002234747120348875,0.17353951890034366,0.011793812186781842,97,False
tct,6,bertQPP(QV),5,0.4,0.37451302728834557,0.0001573216065978218,0.23840206185567014,0.0005412133012575864,97,True
tct,6,spatial,5,0.45,0.16991072693578022,0.09614146773262908,0.10309278350515466,0.1346555631057889,97,False
tct,6,spatial,5,0.45,0.308830947080043,0.0020852937732290053,0.22895189003436428,0.0008926252002239728,97,True
tct,6,a_ratio,5,0.45,0.2636637837631498,0.0090682411033557,0.12585910652920965,0.0677963948466897,97,False
tct,6,a_ratio,5,0.45,0.3488520830395381,0.00046187446763945215,0.23969072164948454,0.0005048251929224872,97,True
tct,6,nqc,5,0.45,0.1809697078358658,0.07607687472920784,0.07603092783505157,0.269899250718855,97,False
tct,6,nqc,5,0.45,0.2703087550449345,0.007411565174230508,0.13402061855670105,0.051800200122302374,97,True
tct,6,bertQPP,5,0.45,0.38463951365075794,0.00010028087468019726,0.22293814432989695,0.0012160687743494618,97,False
tct,6,bertQPP,5,0.45,0.431938636001679,9.976167250888219e-06,0.27835051546391754,5.363833855233496e-05,97,True
tct,6,bertQPP(QV),5,0.45,0.3198316195140436,0.0014057845959295156,0.18127147766323026,0.008527096049992753,97,False
tct,6,bertQPP(QV),5,0.45,0.3829796229235233,0.00010807223058952427,0.23840206185567014,0.0005412133012575864,97,True
tct,6,spatial,5,0.5,0.18245506627085925,0.07365905213006349,0.10996563573883163,0.110550087489207,97,False
tct,6,spatial,5,0.5,0.3103195149646556,0.0019786488385246112,0.2285223367697595,0.0009127757207962206,97,True
tct,6,a_ratio,5,0.5,0.26559344172605115,0.008556534185835515,0.1245704467353952,0.07065977324075139,97,False
tct,6,a_ratio,5,0.5,0.349954415390863,0.00044180235726306135,0.23883161512027495,0.0005288208236189078,97,True
tct,6,nqc,5,0.5,0.18519814438720816,0.06935670529275419,0.07474226804123713,0.2781012070168114,97,False
tct,6,nqc,5,0.5,0.27469305340619693,0.006470564133317664,0.14132302405498284,0.040290653027956765,97,True
tct,6,bertQPP,5,0.5,0.39309846069130694,6.806085219441594e-05,0.22594501718213064,0.0010428004886634003,97,False
tct,6,bertQPP,5,0.5,0.4369325443442222,7.657557682700707e-06,0.2779209621993128,5.5081722625004346e-05,97,True
tct,6,bertQPP(QV),5,0.5,0.33144048581547214,0.0009123315244039878,0.18084192439862545,0.008684754281086702,97,False
tct,6,bertQPP(QV),5,0.5,0.38957488283635006,8.008791998179895e-05,0.2414089347079038,0.0004598488311252096,97,True
tct,6,spatial,5,0.55,0.19436040964113954,0.0564368813550238,0.11125429553264607,0.10643517898925002,97,False
tct,6,spatial,5,0.55,0.3120636381004942,0.0018599791819193198,0.23238831615120278,0.0007456571945733053,97,True
tct,6,a_ratio,5,0.55,0.2664186331170667,0.008345581381778943,0.12285223367697597,0.07463114343880432,97,False
tct,6,a_ratio,5,0.55,0.35009106185269556,0.00043937080949390243,0.23754295532646055,0.0005668140402706258,97,True
tct,6,nqc,5,0.55,0.19030829912900904,0.0618843085568666,0.0777491408934708,0.2592237212301055,97,False
tct,6,nqc,5,0.55,0.2799232789673975,0.005487507828261201,0.13831615120274915,0.044736513464296176,97,True
tct,6,bertQPP,5,0.55,0.3983094446291993,5.3322742477308567e-05,0.22422680412371138,0.0011387880187863695,97,False
tct,6,bertQPP,5,0.55,0.4388060109536676,6.926682613032848e-06,0.26932989690721654,9.295520334274114e-05,97,True
tct,6,bertQPP(QV),5,0.55,0.3407084928770463,0.0006381459880429111,0.1829896907216495,0.007921746820669876,97,False
tct,6,bertQPP(QV),5,0.55,0.3936461474548829,6.635001735664279e-05,0.2444158075601375,0.0003900155261817713,97,True
tct,6,spatial,5,0.6,0.20545680518044995,0.043500188285833914,0.11082474226804125,0.10779310640620364,97,False
tct,6,spatial,5,0.6,0.31413121964474316,0.0017276593688754574,0.2336769759450172,0.0006965926026270434,97,True
tct,6,a_ratio,5,0.6,0.2664497258220281,0.00833772310942489,0.12757731958762888,0.06412770883743656,97,False
tct,6,a_ratio,5,0.6,0.3490971180435529,0.0004573416550363182,0.23152920962199317,0.0007801296905645403,97,True
tct,6,nqc,5,0.6,0.19659769884152506,0.053601622383030526,0.07689003436426119,0.26452436355398434,97,False
tct,6,nqc,5,0.6,0.2862561076863993,0.00447632330342235,0.1443298969072165,0.03622527510674091,97,True
tct,6,bertQPP,5,0.6,0.3991933031053904,5.1139926908398884e-05,0.22207903780068733,0.0012702502748310276,97,False
tct,6,bertQPP,5,0.6,0.43682575031389004,7.701332322623324e-06,0.26718213058419243,0.00010570268251880998,97,True
tct,6,bertQPP(QV),5,0.6,0.3465992437876837,0.0005055239733924354,0.18127147766323026,0.008527096049992753,97,False
tct,6,bertQPP(QV),5,0.6,0.3945814296719865,6.35207032351664e-05,0.2444158075601375,0.0003900155261817713,97,True
tct,6,spatial,5,0.65,0.2156041590854545,0.033926898391910106,0.10824742268041239,0.11623089832126132,97,False
tct,6,spatial,5,0.65,0.3166135246459295,0.0015800838868796838,0.23582474226804126,0.000621432826309228,97,True
tct,6,a_ratio,5,0.65,0.26592221055884896,0.008471931654123258,0.13015463917525774,0.058933277914773506,97,False
tct,6,a_ratio,5,0.65,0.3468160451210709,0.0005011645012032619,0.22293814432989695,0.0012160687743494618,97,True
tct,6,nqc,5,0.65,0.20450659496905288,0.044501595616195835,0.08376288659793817,0.22417771625382632,97,False
tct,6,nqc,5,0.65,0.2940527046639869,0.003461604449963469,0.15378006872852237,0.025646544632394585,97,True
tct,6,bertQPP,5,0.65,0.39491157784795994,6.254910505352952e-05,0.2173539518900344,0.0016102081655090619,97,False
tct,6,bertQPP,5,0.65,0.430448636057722,1.078667702624262e-05,0.26718213058419243,0.00010570268251880998,97,True
tct,6,bertQPP(QV),5,0.65,0.3482191013703596,0.00047377533164894156,0.1829896907216495,0.007921746820669876,97,False
tct,6,bertQPP(QV),5,0.65,0.3919160681151618,7.189533662946672e-05,0.24183848797250862,0.0004492042155364218,97,True
tct,6,spatial,5,0.7,0.22470093501597044,0.026915828048519184,0.10266323024054985,0.13628751627610397,97,False
tct,6,spatial,5,0.7,0.31963264572432853,0.0014160331564921293,0.2366838487972509,0.0005935388745829456,97,True
tct,6,a_ratio,5,0.7,0.265011059430334,0.008708225187987337,0.12972508591065296,0.0597739314027888,97,False
tct,6,a_ratio,5,0.7,0.3431123620989019,0.0005805902737636297,0.22422680412371138,0.0011387880187863695,97,True
tct,6,nqc,5,0.7,0.21470546260761655,0.03469621096983096,0.08118556701030928,0.23875904036666062,97,False
tct,6,nqc,5,0.7,0.3038246521184663,0.002483096477904057,0.15721649484536085,0.02252544814571104,97,True
tct,6,bertQPP,5,0.7,0.3851221747431046,9.81152145187509e-05,0.2169243986254296,0.001644941169576058,97,False
tct,6,bertQPP,5,0.7,0.41946093368133697,1.8974510248049675e-05,0.2577319587628867,0.0001840336555755922,97,True
tct,6,bertQPP(QV),5,0.7,0.3450576874733857,0.0005375389274134874,0.18814432989690724,0.00632984784895861,97,False
tct,6,bertQPP(QV),5,0.7,0.3854369613915165,9.672628789653698e-05,0.23754295532646055,0.0005668140402706258,97,True
tct,6,spatial,5,0.75,0.23268863123207345,0.021814254563503867,0.10738831615120277,0.11915605807960761,97,False
tct,6,spatial,5,0.75,0.3233453116686655,0.0012355480617773176,0.23539518900343648,0.0006358327263393619,97,True
tct,6,a_ratio,5,0.75,0.2638444080207436,0.009019228284574287,0.12972508591065296,0.0597739314027888,97,False
tct,6,a_ratio,5,0.75,0.3378855261458186,0.0007123789008676522,0.2203608247422681,0.0013853583021557498,97,True
tct,6,nqc,5,0.75,0.2282376999533004,0.02454394107461302,0.09235395189003438,0.18019329783502935,97,False
tct,6,nqc,5,0.75,0.31628091674236747,0.0015991716246733774,0.16365979381443302,0.01755425786967657,97,True
tct,6,bertQPP,5,0.75,0.37013279217225925,0.00019029192994743743,0.21048109965635742,0.002255725464528707,97,False
tct,6,bertQPP,5,0.75,0.4040643405982659,4.053183910111695e-05,0.24484536082474234,0.00038088964117221485,97,True
tct,6,bertQPP(QV),5,0.75,0.33715966760476024,0.0007327014823312769,0.18213058419243988,0.008219435652041644,97,False
tct,6,bertQPP(QV),5,0.75,0.3752474579047581,0.0001523415885026053,0.23496563573883167,0.0006505425158083947,97,True
tct,6,spatial,5,0.8,0.23955167870841093,0.01811571887934637,0.11340206185567013,0.09984779835922447,97,False
tct,6,spatial,5,0.8,0.3279195972133609,0.0010420225870981104,0.23883161512027495,0.0005288208236189078,97,True
tct,6,a_ratio,5,0.8,0.2625151020974208,0.009385450131233089,0.1284364261168385,0.06235576017343852,97,False
tct,6,a_ratio,5,0.8,0.33108312683190366,0.00092478892935028,0.21950171821305847,0.0014464512863097319,97,True
tct,6,nqc,5,0.8,0.24670765544346795,0.014847788939321677,0.1009450171821306,0.14296835148549844,97,False
tct,6,nqc,5,0.8,0.3322872393498192,0.0008834225277849564,0.17310996563573885,0.01200419316896961,97,True
tct,6,bertQPP,5,0.8,0.35085821515997173,0.0004259464735005828,0.19243986254295536,0.005229928831102741,97,False
tct,6,bertQPP,5,0.8,0.38486627008020347,9.925796639880849e-05,0.2414089347079038,0.0004598488311252096,97,True
tct,6,bertQPP(QV),5,0.8,0.3251318830919931,0.0011563781608815865,0.18470790378006877,0.007355176256510775,97,False
tct,6,bertQPP(QV),5,0.8,0.3617641704432485,0.000271682982288959,0.22680412371134026,0.0009976667225656776,97,True
tct,6,spatial,5,0.85,0.24531329419095696,0.015441119902932312,0.11812714776632303,0.08649966115997804,97,False
tct,6,spatial,5,0.85,0.33337380482919016,0.0008475506491594192,0.2414089347079038,0.0004598488311252096,97,True
tct,6,a_ratio,5,0.85,0.26108983778122397,0.009792548634878781,0.13316151202749144,0.05331954320676675,97,False
tct,6,a_ratio,5,0.85,0.3227110843276346,0.0012648169573178472,0.20747422680412375,0.0026065887949513057,97,True
tct,6,nqc,5,0.85,0.27219164137241136,0.006993576819432752,0.11168384879725088,0.1050908480999539,97,False
tct,6,nqc,5,0.85,0.3522577613710052,0.0004024224413482566,0.1898625429553265,0.005867063974983271,97,True
tct,6,bertQPP,5,0.85,0.3285927612809653,0.001015999106214952,0.1868556701030928,0.006698222213035896,97,False
tct,6,bertQPP,5,0.85,0.3627711409758412,0.00026042158828454883,0.23109965635738836,0.0007979153488644113,97,True
tct,6,bertQPP(QV),5,0.85,0.30997652870189807,0.0020027747998434945,0.17310996563573885,0.01200419316896961,97,False
tct,6,bertQPP(QV),5,0.85,0.34564343232267636,0.000525161419577833,0.21821305841924402,0.0015427588468996702,97,True
tct,6,spatial,5,0.9,0.2500284642504613,0.013513722006547116,0.1245704467353952,0.07065977324075139,97,False
tct,6,spatial,5,0.9,0.33870948440680376,0.0006899351169570744,0.23754295532646055,0.0005668140402706258,97,True
tct,6,a_ratio,5,0.9,0.25961613404849204,0.010229685967974238,0.1284364261168385,0.06235576017343852,97,False
tct,6,a_ratio,5,0.9,0.31283863625060065,0.0018093440823460105,0.1971649484536083,0.004221925130091803,97,True
tct,6,nqc,5,0.9,0.3042974339386766,0.002442802985200258,0.11855670103092786,0.08536128644887009,97,False
tct,6,nqc,5,0.9,0.3725910450675066,0.00017107653369847212,0.19673539518900346,0.004305679427335466,97,True
tct,6,bertQPP,5,0.9,0.3047108138029263,0.002408055635991454,0.16323024054982818,0.017852894393926448,97,False
tct,6,bertQPP,5,0.9,0.3388138926517807,0.000687137786833107,0.21134020618556704,0.0021637443470699886,97,True
tct,6,bertQPP(QV),5,0.9,0.2928382268891916,0.003604701716045957,0.15678694158075604,0.022896601370035064,97,False
tct,6,bertQPP(QV),5,0.9,0.3276643254847582,0.001052048679572021,0.20360824742268044,0.003130893451622874,97,True
tct,6,spatial,5,0.95,0.2537754935504982,0.012134713070450545,0.12585910652920965,0.0677963948466897,97,False
tct,6,spatial,5,0.95,0.3370330211268291,0.0007363011492196735,0.22637457044673542,0.0010200025736501021,97,True
tct,6,a_ratio,5,0.95,0.2581275355130353,0.01068850196968862,0.12886597938144334,0.06148508875649665,97,False
tct,6,a_ratio,5,0.95,0.30159665182754275,0.0026811514475289016,0.18384879725085912,0.0076337511300162714,97,True
tct,6,nqc,5,0.95,0.32113584596595746,0.001340257258313593,0.12800687285223372,0.06323660544752113,97,False
tct,6,nqc,5,0.95,0.37052145489916477,0.00018712666159721952,0.1937285223367698,0.004935409194231109,97,True
tct,6,bertQPP,5,0.95,0.2804225430758799,0.005400992208031688,0.14089347079037803,0.040901875311072,97,False
tct,6,bertQPP,5,0.95,0.313995952005213,0.0017360484492859255,0.18556701030927839,0.00708575590459897,97,True
tct,6,bertQPP(QV),5,0.95,0.27477909970544223,0.006453206054356517,0.13702749140893475,0.046764860648197036,97,False
tct,6,bertQPP(QV),5,0.95,0.308608514644158,0.0021016674283481944,0.18256013745704472,0.00806936233603351,97,True
tct,6,spatial,5,1.0,0.2566474439813451,0.011162448171537397,0.1314432989690722,0.05647001729864357,97,False
tct,6,spatial,5,1.0,0.2891690993320066,0.004069729163360355,0.16365979381443302,0.01755425786967657,97,True
tct,6,a_ratio,5,1.0,0.2566474439813451,0.011162448171537397,0.1314432989690722,0.05647001729864357,97,False
tct,6,a_ratio,5,1.0,0.2891690993320066,0.004069729163360355,0.16365979381443302,0.01755425786967657,97,True
tct,6,nqc,5,1.0,0.2566474439813451,0.011162448171537397,0.1314432989690722,0.05647001729864357,97,False
tct,6,nqc,5,1.0,0.2891690993320066,0.004069729163360355,0.16365979381443302,0.01755425786967657,97,True
tct,6,bertQPP,5,1.0,0.2566474439813451,0.011162448171537397,0.1314432989690722,0.05647001729864357,97,False
tct,6,bertQPP,5,1.0,0.2891690993320066,0.004069729163360355,0.16365979381443302,0.01755425786967657,97,True
tct,6,bertQPP(QV),5,1.0,0.2566474439813451,0.011162448171537397,0.1314432989690722,0.05647001729864357,97,False
tct,6,bertQPP(QV),5,1.0,0.2891690993320066,0.004069729163360355,0.16365979381443302,0.01755425786967657,97,True
tct,6,spatial,6,0.0,0.05662436928408979,0.5817035806866219,0.05884879725085912,0.3931257746774063,97,False
tct,6,spatial,6,0.0,0.30140663173848015,0.002698683355267398,0.22508591065292102,0.0010898172708815595,97,True
tct,6,a_ratio,6,0.0,0.13036017459168378,0.20312685957526477,0.077319587628866,0.2618647746424714,97,False
tct,6,a_ratio,6,0.0,0.3179270782315673,0.001506702097821934,0.22637457044673542,0.0010200025736501021,97,True
tct,6,nqc,6,0.0,0.1615099398749807,0.11400098795754592,0.0622852233676976,0.36608612957525455,97,False
tct,6,nqc,6,0.0,0.24949243904587196,0.013721734696835998,0.12328178694158079,0.07362159410235054,97,True
tct,6,bertQPP,6,0.0,0.2831364735704062,0.004951567617975609,0.1829896907216495,0.007921746820669876,97,False
tct,6,bertQPP,6,0.0,0.3450716181932688,0.0005372414756776113,0.2414089347079038,0.0004598488311252096,97,True
tct,6,bertQPP(QV),6,0.0,0.21197459236446753,0.03712443824555347,0.13702749140893475,0.046764860648197036,97,False
tct,6,bertQPP(QV),6,0.0,0.292713435162527,0.003619701320670527,0.202319587628866,0.003325969220576063,97,True
tct,6,spatial,6,0.05,0.06728194277470838,0.5125949213428319,0.060996563573883174,0.3760870593214216,97,False
tct,6,spatial,6,0.05,0.3018889076903773,0.00265438677036302,0.2255154639175258,0.0010660691222714972,97,True
tct,6,a_ratio,6,0.05,0.15644721027392228,0.12594468052996433,0.09235395189003438,0.18019329783502935,97,False
tct,6,a_ratio,6,0.05,0.3218730287563691,0.0013044582484172662,0.22723367697594504,0.000975784420613921,97,True
tct,6,nqc,6,0.05,0.16277935485838704,0.11114848502560402,0.0627147766323024,0.3627897011875757,97,False
tct,6,nqc,6,0.05,0.25089259874304704,0.013184153132283119,0.12414089347079041,0.07163599473940602,97,True
tct,6,bertQPP,6,0.05,0.29249601350699994,0.0036459682633356613,0.18556701030927839,0.00708575590459897,97,False
tct,6,bertQPP,6,0.05,0.3541099530775066,0.0003731253165368046,0.24613402061855674,0.00035469522611087794,97,True
tct,6,bertQPP(QV),6,0.05,0.2211027112913518,0.029526012825728868,0.1443298969072165,0.03622527510674091,97,False
tct,6,bertQPP(QV),6,0.05,0.30175170474518587,0.0026669216906622544,0.21176975945017185,0.0021190549684448486,97,True
tct,6,spatial,6,0.1,0.07843944324962211,0.44504500192531316,0.0657216494845361,0.340237883454913,97,False
tct,6,spatial,6,0.1,0.3024187417320069,0.002606476812000619,0.22723367697594504,0.000975784420613921,97,True
tct,6,a_ratio,6,0.1,0.18090081718411372,0.0761905406265613,0.10652920962199315,0.12213859984356254,97,False
tct,6,a_ratio,6,0.1,0.3257906431997687,0.0011283701503191682,0.23067010309278352,0.00081607670119364,97,True
tct,6,nqc,6,0.1,0.16418808633256138,0.10804816662554544,0.06185567010309279,0.3694011818632015,97,False
tct,6,nqc,6,0.1,0.25244152151761956,0.012610892187098204,0.1245704467353952,0.07065977324075139,97,True
tct,6,bertQPP,6,0.1,0.30253375350500866,0.0025961802719708478,0.19158075601374575,0.0054350017041903615,97,False
tct,6,bertQPP,6,0.1,0.36358294982405137,0.0002516580507383437,0.24785223367697598,0.0003223841860548392,97,True
tct,6,bertQPP(QV),6,0.1,0.23097857024775015,0.022830583254485594,0.14862542955326463,0.03102727109196935,97,False
tct,6,bertQPP(QV),6,0.1,0.31125254829295845,0.0019143410572513236,0.2177835051546392,0.0015761513468118154,97,True
tct,6,spatial,6,0.15,0.09005800428898209,0.38034841136643033,0.07302405498281789,0.28929863271816614,97,False
tct,6,spatial,6,0.15,0.3030034554801554,0.0025545086024523324,0.22680412371134026,0.0009976667225656776,97,True
tct,6,a_ratio,6,0.15,0.20262107131264678,0.046545422272285614,0.11297250859106532,0.10113858933462912,97,False
tct,6,a_ratio,6,0.15,0.32963056849423866,0.0009770371586311918,0.23238831615120278,0.0007456571945733053,97,True
tct,6,nqc,6,0.15,0.16576025315703133,0.10466815787375361,0.06486254295532648,0.34658765831762584,97,False
tct,6,nqc,6,0.15,0.2541640181339411,0.011999006300814597,0.1254295532646048,0.06874005870255491,97,True
tct,6,bertQPP,6,0.15,0.31324596309009933,0.0017832338975765601,0.1984536082474227,0.003979453005162126,97,False
tct,6,bertQPP,6,0.15,0.37342711937144,0.00016496170491598752,0.25515463917525777,0.00021341645031147517,97,True
tct,6,bertQPP(QV),6,0.15,0.2416309043449083,0.017107752395441427,0.15378006872852237,0.025646544632394585,97,False
tct,6,bertQPP(QV),6,0.15,0.3211647061022651,0.0013388391475691941,0.22465635738831619,0.0011140538745299275,97,True
tct,6,spatial,6,0.2,0.1020791982282237,0.3197692320704158,0.07817869415807562,0.25660117603543875,97,False
tct,6,spatial,6,0.2,0.3036519324671231,0.0024979653343987873,0.22594501718213064,0.0010428004886634003,97,True
tct,6,a_ratio,6,0.2,0.22086400974691248,0.02970649773871536,0.1164089347079038,0.09117630712765404,97,False
tct,6,a_ratio,6,0.2,0.3333310442657613,0.0008489368335365794,0.23711340206185572,0.000580033168540485,97,True
tct,6,nqc,6,0.2,0.16752583936971707,0.1009714266770517,0.06529209621993129,0.34340339579060297,97,False
tct,6,nqc,6,0.2,0.2560906748529019,0.011345430844377155,0.12585910652920965,0.0677963948466897,97,True
tct,6,bertQPP,6,0.2,0.32458929147547144,0.0011799203498859092,0.20575601374570449,0.0028288190417010725,97,False
tct,6,bertQPP,6,0.2,0.3835326092543116,0.00010541622674885572,0.2641752577319588,0.00012634244111771396,97,True
tct,6,bertQPP(QV),6,0.2,0.25306063530165496,0.012387903982055283,0.15807560137457047,0.021798803662876853,97,False
tct,6,bertQPP(QV),6,0.2,0.33139623427150466,0.0009138657718127818,0.22680412371134026,0.0009976667225656776,97,True
tct,6,spatial,6,0.25,0.11442288961060955,0.2644240609476276,0.08333333333333336,0.22656268559471548,97,False
tct,6,spatial,6,0.25,0.30437504947295674,0.0024362446521054987,0.22766323024054988,0.0009543472910132449,97,True
tct,6,a_ratio,6,0.25,0.2353542194028164,0.020307354046978573,0.12328178694158079,0.07362159410235054,97,False
tct,6,a_ratio,6,0.25,0.33681599570924015,0.0007425072537065365,0.2392611683848798,0.0005166931871154039,97,True
tct,6,nqc,6,0.25,0.16952257539158977,0.09691492494279524,0.06615120274914091,0.33709113316806516,97,False
tct,6,nqc,6,0.25,0.25825961150595256,0.0106470779180066,0.12800687285223372,0.06323660544752113,97,True
tct,6,bertQPP,6,0.25,0.3364583668033978,0.0007528384604908412,0.21864261168384883,0.0015100189795415188,97,False
tct,6,bertQPP,6,0.25,0.3937257002500947,6.610487187026937e-05,0.2710481099656358,8.381752378824866e-05,97,True
tct,6,bertQPP(QV),6,0.25,0.2652220771640713,0.008652991135139435,0.16881443298969073,0.014298004272030715,97,False
tct,6,bertQPP(QV),6,0.25,0.34179963093419885,0.0006114028624436325,0.23152920962199317,0.0007801296905645403,97,True
tct,6,spatial,6,0.3,0.1269862216708576,0.21516751571018994,0.08462199312714778,0.2194617374170329,97,False
tct,6,spatial,6,0.3,0.30518625475411054,0.0023686425681883516,0.22766323024054988,0.0009543472910132449,97,True
tct,6,a_ratio,6,0.3,0.24624412183817157,0.015042800458399922,0.11984536082474227,0.08201867152410211,97,False
tct,6,a_ratio,6,0.3,0.3399932798211849,0.0006562518546337175,0.2392611683848798,0.0005166931871154039,97,True
tct,6,nqc,6,0.3,0.17179858411951354,0.09244868492291347,0.06743986254295534,0.3277635503646662,97,False
tct,6,nqc,6,0.3,0.2607189097738429,0.009901003606311593,0.12972508591065296,0.0597739314027888,97,True
tct,6,bertQPP,6,0.3,0.34865514284794497,0.00046554744968757507,0.22680412371134026,0.0009976667225656776,97,False
tct,6,bertQPP,6,0.3,0.40374801404087124,4.1152920994610805e-05,0.279639175257732,4.952017035250988e-05,97,True
tct,6,bertQPP(QV),6,0.3,0.2779962727418564,0.005833088146768233,0.1709621993127148,0.013106785247853048,97,False
tct,6,bertQPP(QV),6,0.3,0.3521546048549917,0.0004041146842533898,0.24012027491408938,0.0004932117335580638,97,True
tct,6,spatial,6,0.35,0.139644281397932,0.1725040461081336,0.0970790378006873,0.15891607395046403,97,False
tct,6,spatial,6,0.35,0.3061023521510614,0.002294334892835666,0.22637457044673542,0.0010200025736501021,97,True
tct,6,a_ratio,6,0.35,0.2539725224138848,0.012065726994837583,0.11383161512027494,0.0985701799206937,97,False
tct,6,a_ratio,6,0.35,0.34275336504347054,0.0005888721905194768,0.23969072164948454,0.0005048251929224872,97,True
tct,6,nqc,6,0.35,0.17441617530728867,0.08751498869459856,0.06915807560137457,0.3155898965616176,97,False
tct,6,nqc,6,0.35,0.26353002089872923,0.009104688638095458,0.13187285223367698,0.055668220302014286,97,True
tct,6,bertQPP,6,0.35,0.3608500396330858,0.000282293313840508,0.23453608247422683,0.0006655682797928671,97,False
tct,6,bertQPP,6,0.35,0.41323450910999737,2.5907058710261277e-05,0.2869415807560138,3.1293082627690314e-05,97,True
tct,6,bertQPP(QV),6,0.35,0.29115571310023114,0.003811691559582669,0.17482817869415812,0.011182156616858724,97,False
tct,6,bertQPP(QV),6,0.35,0.3621504870254405,0.00026731057085642066,0.24656357388316158,0.0003463449485504128,97,True
tct,6,spatial,6,0.4,0.1522529149376267,0.13654732252908472,0.10266323024054985,0.13628751627610397,97,False
tct,6,spatial,6,0.4,0.30714457631435466,0.0022123567097134342,0.22895189003436428,0.0008926252002239728,97,True
tct,6,a_ratio,6,0.4,0.25910481629204357,0.010385300584551685,0.12156357388316154,0.07772782073014356,97,False
tct,6,a_ratio,6,0.4,0.34496883999207384,0.000539439573126979,0.2414089347079038,0.0004598488311252096,97,True
tct,6,nqc,6,0.4,0.17745740335568133,0.08204787592551671,0.07259450171821306,0.29214479548279504,97,False
tct,6,nqc,6,0.4,0.26677262891737885,0.008256497893404,0.1327319587628866,0.054093065441640706,97,True
tct,6,bertQPP,6,0.4,0.37253878473027446,0.0001714656326232066,0.2328178694158076,0.0007289565212236814,97,False
tct,6,bertQPP,6,0.4,0.42169516465170653,1.6942768722607974e-05,0.2826460481099657,4.1045698019656674e-05,97,True
tct,6,bertQPP(QV),6,0.4,0.3043226111429864,0.0024406738295863887,0.17740549828178698,0.010042744211065484,97,False
tct,6,bertQPP(QV),6,0.4,0.37137255312673884,0.00018036466043968433,0.24183848797250862,0.0004492042155364218,97,True
tct,6,spatial,6,0.45,0.16465394508739248,0.1070378683418438,0.10953608247422682,0.11194930892644765,97,False
tct,6,spatial,6,0.45,0.30834008175421074,0.0021215817114131163,0.22766323024054988,0.0009543472910132449,97,True
tct,6,a_ratio,6,0.45,0.2622108315283987,0.009471089498349572,0.1245704467353952,0.07065977324075139,97,False
tct,6,a_ratio,6,0.45,0.3464952630581091,0.0005076271520019903,0.23969072164948454,0.0005048251929224872,97,True
tct,6,nqc,6,0.45,0.1810324006660415,0.075973553254112,0.07087628865979383,0.3037170573623521,97,False
tct,6,nqc,6,0.45,0.27055171260574773,0.007356419588028852,0.13487972508591067,0.050317249987351625,97,True
tct,6,bertQPP,6,0.45,0.38300645992822546,0.00010794191069591022,0.23410652920962205,0.0006809162092632265,97,False
tct,6,bertQPP,6,0.45,0.42850925413125013,1.193449560322265e-05,0.2766323024054983,5.9635866438532616e-05,97,True
tct,6,bertQPP(QV),6,0.45,0.31692914690644425,0.0015621620338442973,0.18341924398625434,0.007776554495134835,97,False
tct,6,bertQPP(QV),6,0.45,0.3792994823114064,0.0001273926933908928,0.24226804123711343,0.00043878992015195634,97,True
tct,6,spatial,6,0.5,0.17668267488560108,0.08341400395585408,0.11512027491408937,0.09481550621817705,97,False
tct,6,spatial,6,0.5,0.3097240186088533,0.0020207060316944085,0.22895189003436428,0.0008926252002239728,97,True
tct,6,a_ratio,6,0.5,0.26379561197319346,0.009032446205545644,0.12113402061855671,0.07878300963914868,97,False
tct,6,a_ratio,6,0.5,0.34717394715523264,0.0004940431592686922,0.23711340206185572,0.000580033168540485,97,True
tct,6,nqc,6,0.5,0.18529219654489076,0.06921287124182735,0.0738831615120275,0.2836625052763587,97,False
tct,6,nqc,6,0.5,0.2750079765594299,0.006407235332289047,0.138745704467354,0.04407710548149226,97,True
tct,6,bertQPP,6,0.5,0.3913216495043327,7.389809494815713e-05,0.22895189003436428,0.0008926252002239728,97,False
tct,6,bertQPP,6,0.5,0.43294518653091424,9.461415830717612e-06,0.28049828178694164,4.694321427271648e-05,97,True
tct,6,bertQPP(QV),6,0.5,0.3281982241692021,0.0010311785581635772,0.19544673539518906,0.0045660596694361046,97,False
tct,6,bertQPP(QV),6,0.5,0.38532178528937333,9.723234405883366e-05,0.24355670103092786,0.0004088834881762593,97,True
tct,6,spatial,6,0.55,0.1881771006483339,0.06491683853092034,0.11297250859106532,0.10113858933462912,97,False
tct,6,spatial,6,0.55,0.3113424234288089,0.0019082473946452692,0.2328178694158076,0.0007289565212236814,97,True
tct,6,a_ratio,6,0.55,0.26427311660712577,0.008903828013383061,0.1202749140893471,0.08092834885233069,97,False
tct,6,a_ratio,6,0.55,0.3468372685315638,0.0005007395966015484,0.23453608247422683,0.0006655682797928671,97,True
tct,6,nqc,6,0.55,0.19044898708596814,0.06168825020849569,0.07903780068728523,0.25141149497554627,97,False
tct,6,nqc,6,0.55,0.2803334885010372,0.005416334762830785,0.14218213058419246,0.039091423487606906,97,True
tct,6,bertQPP,6,0.55,0.39639419126964204,5.835415668066579e-05,0.22895189003436428,0.0008926252002239728,97,False
tct,6,bertQPP,6,0.55,0.43421997222909703,8.845286324958329e-06,0.27620274914089354,6.123156446679978e-05,97,True
tct,6,bertQPP(QV),6,0.55,0.33717418982125075,0.0007322897476762624,0.2018900343642612,0.0033934144348203364,97,False
tct,6,bertQPP(QV),6,0.55,0.3887909255614585,8.301984948520286e-05,0.2508591065292096,0.00027237466938260737,97,True
tct,6,spatial,6,0.6,0.19898781764907872,0.05070307967315929,0.11297250859106532,0.10113858933462912,97,False
tct,6,spatial,6,0.6,0.313256169422758,0.001782584057674268,0.23496563573883167,0.0006505425158083947,97,True
tct,6,a_ratio,6,0.6,0.26396595059689076,0.008986378579276769,0.12628865979381446,0.0668634129345248,97,False
tct,6,a_ratio,6,0.6,0.34531692624279575,0.000532028269720858,0.2285223367697595,0.0009127757207962206,97,True
tct,6,nqc,6,0.6,0.19680911512297344,0.05333986334669408,0.07603092783505157,0.269899250718855,97,False
tct,6,nqc,6,0.6,0.2867953084914401,0.004398436397304681,0.14819587628865982,0.031516517606653575,97,True
tct,6,bertQPP,6,0.6,0.39712702722874554,5.637889034715576e-05,0.22594501718213064,0.0010428004886634003,97,False
tct,6,bertQPP,6,0.6,0.4316055191794727,1.015224135675119e-05,0.2684707903780069,9.786936882852283e-05,97,True
tct,6,bertQPP(QV),6,0.6,0.3428343169092071,0.0005869952699385147,0.1984536082474227,0.003979453005162126,97,False
tct,6,bertQPP(QV),6,0.6,0.38910277616982236,8.184180120461913e-05,0.24957044673539522,0.00029284438819506046,97,True
tct,6,spatial,6,0.65,0.20898732459551106,0.03994210918838716,0.11297250859106532,0.10113858933462912,97,False
tct,6,spatial,6,0.65,0.31554601433215956,0.0016420889049533084,0.23754295532646055,0.0005668140402706258,97,True
tct,6,a_ratio,6,0.65,0.26311723812757304,0.009217975760533017,0.12585910652920965,0.0677963948466897,97,False
tct,6,a_ratio,6,0.65,0.3424551958521599,0.00059583294759539,0.22379725085910657,0.0011640289366746655,97,True
tct,6,nqc,6,0.65,0.20482817559665797,0.04416056697312472,0.08333333333333336,0.22656268559471548,97,False
tct,6,nqc,6,0.65,0.29477081189976406,0.0033794063968837274,0.1554982817869416,0.02404211148041231,97,True
tct,6,bertQPP,6,0.65,0.3926587857387848,6.946391088654025e-05,0.22207903780068733,0.0012702502748310276,97,False
tct,6,bertQPP,6,0.65,0.4245705181504882,1.4627464926297872e-05,0.26159793814432997,0.00014700123564547276,97,True
tct,6,bertQPP(QV),6,0.65,0.3442877113603603,0.0005542163704348818,0.19544673539518906,0.0045660596694361046,97,False
tct,6,bertQPP(QV),6,0.65,0.38580531188291284,9.512422390529051e-05,0.2452749140893471,0.0003719636432157586,97,True
tct,6,spatial,6,0.7,0.21807743432152626,0.031883435886850206,0.11812714776632303,0.08649966115997804,97,False
tct,6,spatial,6,0.7,0.3183176488916661,0.0014854866392087188,0.2405498281786942,0.0004818477915141724,97,True
tct,6,a_ratio,6,0.7,0.26190607031659446,0.009557553689223152,0.12972508591065296,0.0597739314027888,97,False
tct,6,a_ratio,6,0.7,0.3381185977910035,0.0007059635035459181,0.2212199312714777,0.001326652810302692,97,True
tct,6,nqc,6,0.7,0.21520457174300495,0.034267167311245884,0.08290378006872855,0.22896569995644822,97,False
tct,6,nqc,6,0.7,0.30479708217106155,0.0024008605957836714,0.16194158075601378,0.018775672464210122,97,True
tct,6,bertQPP,6,0.7,0.3826284277874593,0.00010979114414284301,0.22508591065292102,0.0010898172708815595,97,False
tct,6,bertQPP,6,0.7,0.41292081821009285,2.6312459494404184e-05,0.25859106529209624,0.00017511595223064058,97,True
tct,6,bertQPP(QV),6,0.7,0.34101372627348403,0.0006305590418941212,0.19931271477663232,0.003824903963020039,97,False
tct,6,bertQPP(QV),6,0.7,0.37870298472689434,0.00013081054657962065,0.24312714776632308,0.0004186340215940853,97,True
tct,6,spatial,6,0.75,0.22619380739521613,0.025891905183969253,0.12671821305841927,0.06594102788919391,97,False
tct,6,spatial,6,0.75,0.3217007970278853,0.0013127435194479928,0.2444158075601375,0.0003900155261817713,97,True
tct,6,a_ratio,6,0.75,0.2604622552304021,0.009976661423058022,0.13058419243986258,0.05810246319620013,97,False
tct,6,a_ratio,6,0.75,0.3322126119388662,0.0008859363884393812,0.22336769759450176,0.0011897860106094835,97,True
tct,6,nqc,6,0.75,0.2290347173686355,0.02403476224755386,0.09664948453608249,0.16076803875264556,97,False
tct,6,nqc,6,0.75,0.3176217677111013,0.0015234771623084489,0.16451890034364264,0.016970096384742294,97,True
tct,6,bertQPP,6,0.75,0.3673387649730234,0.0002145454122759407,0.2177835051546392,0.0015761513468118154,97,False
tct,6,bertQPP,6,0.75,0.39688413872855066,5.702655392549528e-05,0.2555841924398626,0.0002082313453780151,97,True
tct,6,bertQPP(QV),6,0.75,0.3330377455531646,0.0008585007054271491,0.1971649484536083,0.004221925130091803,97,False
tct,6,bertQPP(QV),6,0.75,0.367920155313477,0.0002092749455101121,0.23840206185567014,0.0005412133012575864,97,True
tct,6,spatial,6,0.8,0.23330716281370356,0.021456312966337203,0.12199312714776635,0.07668417076895777,97,False
tct,6,spatial,6,0.8,0.3258160230582059,0.0011273035453156423,0.24226804123711343,0.00043878992015195634,97,True
tct,6,a_ratio,6,0.8,0.25887872708240117,0.01045476697539276,0.13015463917525774,0.058933277914773506,97,False
tct,6,a_ratio,6,0.8,0.3246953158134101,0.0011752861493982394,0.22594501718213064,0.0010428004886634003,97,True
tct,6,nqc,6,0.8,0.24802498332967218,0.014305501507314819,0.10008591065292097,0.14640165493450158,97,False
tct,6,nqc,6,0.8,0.3341573630743131,0.000822512748376294,0.17740549828178698,0.010042744211065484,97,True
tct,6,bertQPP,6,0.8,0.34771804404777373,0.000483394725716177,0.20489690721649487,0.002946303078171719,97,False
tct,6,bertQPP,6,0.8,0.37709613436293565,0.00014044520849090336,0.24226804123711343,0.00043878992015195634,97,True
tct,6,bertQPP(QV),6,0.8,0.320946578527989,0.001349591205135045,0.18427835051546396,0.0074933028749945285,97,False
tct,6,bertQPP(QV),6,0.8,0.3538948046237126,0.00037642475019055864,0.2379725085910653,0.0005538759115824682,97,True
tct,6,spatial,6,0.85,0.2394213254373777,0.01818058186530362,0.12628865979381446,0.0668634129345248,97,False
tct,6,spatial,6,0.85,0.3305908259362106,0.0009422043996377829,0.24226804123711343,0.00043878992015195634,97,True
tct,6,a_ratio,6,0.85,0.2572213161327378,0.010976549265403764,0.13015463917525774,0.058933277914773506,97,False
tct,6,a_ratio,6,0.85,0.3155874048723363,0.0016396443143203052,0.21176975945017185,0.0021190549684448486,97,True
tct,6,nqc,6,0.85,0.2744220899905281,0.006525495772935718,0.11254295532646051,0.10244263799035044,97,False
tct,6,nqc,6,0.85,0.3547963041041019,0.0003627766797199824,0.1911512027491409,0.005540236417616152,97,True
tct,6,bertQPP,6,0.85,0.32508753340041646,0.0011582862687434154,0.18857388316151205,0.006211170636578692,97,False
tct,6,bertQPP,6,0.85,0.35448592789980937,0.0003674233040017209,0.2285223367697595,0.0009127757207962206,97,True
tct,6,bertQPP(QV),6,0.85,0.3057288733505795,0.002324371491304523,0.17697594501718217,0.010225152665271457,97,False
tct,6,bertQPP(QV),6,0.85,0.3373011868330267,0.0007286981225505277,0.21950171821305847,0.0014464512863097319,97,True
tct,6,spatial,6,0.9,0.24456877122006013,0.01576626009109064,0.12500000000000003,0.06969448971824621,97,False
tct,6,spatial,6,0.9,0.33483520278782264,0.0008013997295643979,0.23582474226804126,0.000621432826309228,97,True
tct,6,a_ratio,6,0.9,0.2555361522459667,0.01153027454729322,0.13445017182130586,0.05105421646643944,97,False
tct,6,a_ratio,6,0.9,0.30497625962446523,0.0023859785037195626,0.20317869415807563,0.0031947282487263706,97,True
tct,6,nqc,6,0.9,0.30780104086777604,0.002162086736607742,0.12585910652920965,0.0677963948466897,97,False
tct,6,nqc,6,0.9,0.3753495545252069,0.00015166097096362772,0.19501718213058422,0.004655971971265852,97,True
tct,6,bertQPP,6,0.9,0.3008516895491307,0.002750475893789368,0.16881443298969073,0.014298004272030715,97,False
tct,6,bertQPP,6,0.9,0.3301047982151706,0.000959690720509151,0.21434707903780073,0.0018682268943729797,97,True
tct,6,bertQPP(QV),6,0.9,0.2885244761855719,0.0041567490054715585,0.16323024054982818,0.017852894393926448,97,False
tct,6,bertQPP(QV),6,0.9,0.3189298316352279,0.0014527779293184728,0.20618556701030932,0.0027716955730928564,97,True
tct,6,spatial,6,0.95,0.24880461328503456,0.013992728380275864,0.13058419243986258,0.05810246319620013,97,False
tct,6,spatial,6,0.95,0.3312194623068142,0.000920018141121643,0.2298109965635739,0.0008535554716530555,97,True
tct,6,a_ratio,6,0.95,0.25385514869795023,0.01210678195611138,0.1327319587628866,0.054093065441640706,97,False
tct,6,a_ratio,6,0.95,0.29301266776654067,0.003583827661700862,0.186426116838488,0.006825229731210832,97,True
tct,6,nqc,6,0.95,0.323696313053992,0.001219615612207024,0.1207044673539519,0.07984982362376257,97,False
tct,6,nqc,6,0.95,0.3700284900075065,0.00019114975372644443,0.19673539518900346,0.004305679427335466,97,True
tct,6,bertQPP,6,0.95,0.27624471474273576,0.006163813390518802,0.15335051546391754,0.026061836085581373,97,False
tct,6,bertQPP,6,0.95,0.30496013496226915,0.0023873143723932362,0.18556701030927839,0.00708575590459897,97,True
tct,6,bertQPP(QV),6,0.95,0.27039725802119385,0.0073914349987172995,0.15206185567010314,0.02734277211201925,97,False
tct,6,bertQPP(QV),6,0.95,0.2995662017354512,0.0028738979833044845,0.18771477663230243,0.006450561996249079,97,True
tct,6,spatial,6,1.0,0.25220000899077766,0.012698821991860548,0.13101374570446736,0.05728140399891128,97,False
tct,6,spatial,6,1.0,0.27990029985288944,0.005491519258216613,0.16537800687285226,0.016403064445582434,97,True
tct,6,a_ratio,6,1.0,0.25220000899077766,0.012698821991860548,0.13101374570446736,0.05728140399891128,97,False
tct,6,a_ratio,6,1.0,0.27990029985288944,0.005491519258216613,0.16537800687285226,0.016403064445582434,97,True
tct,6,nqc,6,1.0,0.25220000899077766,0.012698821991860548,0.13101374570446736,0.05728140399891128,97,False
tct,6,nqc,6,1.0,0.27990029985288944,0.005491519258216613,0.16537800687285226,0.016403064445582434,97,True
tct,6,bertQPP,6,1.0,0.25220000899077766,0.012698821991860548,0.13101374570446736,0.05728140399891128,97,False
tct,6,bertQPP,6,1.0,0.27990029985288944,0.005491519258216613,0.16537800687285226,0.016403064445582434,97,True
tct,6,bertQPP(QV),6,1.0,0.25220000899077766,0.012698821991860548,0.13101374570446736,0.05728140399891128,97,False
tct,6,bertQPP(QV),6,1.0,0.27990029985288944,0.005491519258216613,0.16537800687285226,0.016403064445582434,97,True
tct,6,spatial,7,0.0,0.05662436928408979,0.5817035806866219,0.05884879725085912,0.3931257746774063,97,False
tct,6,spatial,7,0.0,0.30140663173848015,0.002698683355267398,0.22508591065292102,0.0010898172708815595,97,True
tct,6,a_ratio,7,0.0,0.13036017459168378,0.20312685957526477,0.077319587628866,0.2618647746424714,97,False
tct,6,a_ratio,7,0.0,0.3179270782315673,0.001506702097821934,0.22637457044673542,0.0010200025736501021,97,True
tct,6,nqc,7,0.0,0.1615099398749807,0.11400098795754592,0.0622852233676976,0.36608612957525455,97,False
tct,6,nqc,7,0.0,0.24949243904587196,0.013721734696835998,0.12328178694158079,0.07362159410235054,97,True
tct,6,bertQPP,7,0.0,0.2831364735704062,0.004951567617975609,0.1829896907216495,0.007921746820669876,97,False
tct,6,bertQPP,7,0.0,0.3450716181932688,0.0005372414756776113,0.2414089347079038,0.0004598488311252096,97,True
tct,6,bertQPP(QV),7,0.0,0.21197459236446753,0.03712443824555347,0.13702749140893475,0.046764860648197036,97,False
tct,6,bertQPP(QV),7,0.0,0.292713435162527,0.003619701320670527,0.202319587628866,0.003325969220576063,97,True
tct,6,spatial,7,0.05,0.06623470963349408,0.5191942379697843,0.06185567010309279,0.3694011818632015,97,False
tct,6,spatial,7,0.05,0.30180834679962587,0.0026617404101182004,0.22680412371134026,0.0009976667225656776,97,True
tct,6,a_ratio,7,0.05,0.154286946160366,0.13132387965547315,0.093213058419244,0.17617491386576734,97,False
tct,6,a_ratio,7,0.05,0.321276509709325,0.0013333582653991477,0.22809278350515466,0.000933347093157991,97,True
tct,6,nqc,7,0.05,0.16265420747969495,0.11142721587198151,0.06185567010309279,0.3694011818632015,97,False
tct,6,nqc,7,0.05,0.2507716658638409,0.013229850216399367,0.12371134020618559,0.07262323979726368,97,True
tct,6,bertQPP,7,0.05,0.2912863227735835,0.003795251041975438,0.18427835051546396,0.0074933028749945285,97,False
tct,6,bertQPP,7,0.05,0.3529416682799321,0.0003913669516833845,0.24742268041237117,0.00033019314561040996,97,True
tct,6,bertQPP(QV),7,0.05,0.22001500030571564,0.030356027246584406,0.14218213058419246,0.039091423487606906,97,False
tct,6,bertQPP(QV),7,0.05,0.3007107414332503,0.0027637720179314817,0.21219931271477666,0.0020752134680172376,97,True
tct,6,spatial,7,0.1,0.07632148943548994,0.45746976405225276,0.06701030927835053,0.3308539585593422,97,False
tct,6,spatial,7,0.1,0.30224913457309655,0.00262172810066545,0.22723367697594504,0.000975784420613921,97,True
tct,6,a_ratio,7,0.1,0.17675026240002012,0.08329410536738265,0.10524054982817871,0.12672143082539938,97,False
tct,6,a_ratio,7,0.1,0.32456098918506454,0.00118116021635884,0.23324742268041243,0.0007126038672884247,97,True
tct,6,nqc,7,0.1,0.1639235278857804,0.10862520721461907,0.0627147766323024,0.3627897011875757,97,False
tct,6,nqc,7,0.1,0.25218637454036935,0.012703801903710543,0.1245704467353952,0.07065977324075139,97,True
tct,6,bertQPP,7,0.1,0.2999583505953508,0.0028357298597650026,0.1898625429553265,0.005867063974983271,97,False
tct,6,bertQPP,7,0.1,0.36112654712198566,0.00027904426109602863,0.25042955326460486,0.0002790440350017295,97,True
tct,6,bertQPP(QV),7,0.1,0.22866347773084347,0.024270798055151796,0.14819587628865982,0.031516517606653575,97,False
tct,6,bertQPP(QV),7,0.1,0.30907089103793517,0.0020677602314174083,0.21950171821305847,0.0014464512863097319,97,True
tct,6,spatial,7,0.15,0.08684936821749649,0.3976206563907127,0.07431271477663232,0.2808725107935828,97,False
tct,6,spatial,7,0.15,0.30273490467071845,0.0025782599598281187,0.2255154639175258,0.0010660691222714972,97,True
tct,6,a_ratio,7,0.15,0.19662957434675335,0.05356208919378812,0.11211340206185569,0.10376002930884054,97,False
tct,6,a_ratio,7,0.15,0.3277280642594056,0.0010495370718722448,0.23539518900343648,0.0006358327263393619,97,True
tct,6,nqc,7,0.15,0.16533944989193394,0.10556464012205356,0.06529209621993129,0.34340339579060297,97,False
tct,6,nqc,7,0.15,0.2537590786466001,0.012140475942579103,0.12414089347079041,0.07163599473940602,97,True
tct,6,bertQPP,7,0.15,0.30912888234800734,0.0020635426228997893,0.19974226804123715,0.0037496927052216027,97,False
tct,6,bertQPP,7,0.15,0.3695546804572669,0.00019509176489421995,0.256872852233677,0.0001933769855221948,97,True
tct,6,bertQPP(QV),7,0.15,0.23793010190570413,0.018936960684040584,0.15077319587628868,0.0286776674564184,97,False
tct,6,bertQPP(QV),7,0.15,0.3177366951791655,0.0015171427894341417,0.2212199312714777,0.001326652810302692,97,True
tct,6,spatial,7,0.2,0.09776304223714644,0.3407640328886252,0.08591065292096221,0.2125219840325313,97,False
tct,6,spatial,7,0.2,0.30327279775945437,0.002530885204354292,0.22508591065292102,0.0010898172708815595,97,True
tct,6,a_ratio,7,0.2,0.21313083868335939,0.036079487897034364,0.11898625429553265,0.08423505409007553,97,False
tct,6,a_ratio,7,0.2,0.33071248520356034,0.0009378730315482966,0.23625429553264607,0.0006073368350083252,97,True
tct,6,nqc,7,0.2,0.1669287351892491,0.1022099931253649,0.06615120274914091,0.33709113316806516,97,False
tct,6,nqc,7,0.2,0.2555175100774676,0.011536534127207607,0.12628865979381446,0.0668634129345248,97,True
tct,6,bertQPP,7,0.2,0.3187355760069569,0.0014630854893072562,0.20833333333333337,0.0025015666651811157,97,False
tct,6,bertQPP,7,0.2,0.37811144018650367,0.00013428382128252174,0.26374570446735396,0.00012958397281742168,97,True
tct,6,bertQPP(QV),7,0.2,0.24779732722138648,0.014397970180716368,0.15592783505154642,0.023654871935139845,97,False
tct,6,bertQPP(QV),7,0.2,0.32661293189522256,0.0010942759192775972,0.2285223367697595,0.0009127757207962206,97,True
tct,6,spatial,7,0.25,0.10898463201941674,0.28795054867066694,0.09235395189003438,0.18019329783502935,97,False
tct,6,spatial,7,0.25,0.30387151424133796,0.002479076041024218,0.22422680412371138,0.0011387880187863695,97,True
tct,6,a_ratio,7,0.25,0.2259347235128623,0.0260671895223813,0.12585910652920965,0.0677963948466897,97,False
tct,6,a_ratio,7,0.25,0.3334342448629541,0.0008455948662609932,0.2328178694158076,0.0007289565212236814,97,True
tct,6,nqc,7,0.25,0.16872502041094656,0.09851955033454932,0.06743986254295534,0.3277635503646662,97,False
tct,6,nqc,7,0.25,0.2574961992044866,0.010888467191564754,0.12800687285223372,0.06323660544752113,97,True
tct,6,bertQPP,7,0.25,0.32865817205846465,0.0010135022463043904,0.21606529209621997,0.0017164841150655054,97,False
tct,6,bertQPP,7,0.25,0.386624118007568,9.165090748029476e-05,0.27491408934707906,6.626470924810731e-05,97,True
tct,6,bertQPP(QV),7,0.25,0.2582036431199062,0.010664614547093857,0.16237113402061856,0.018463547347092265,97,False
tct,6,bertQPP(QV),7,0.25,0.33555322147394245,0.0007795759803847675,0.23625429553264607,0.0006073368350083252,97,True
tct,6,spatial,7,0.3,0.12041223152387003,0.2400630242327342,0.09621993127147768,0.16263626465805225,97,False
tct,6,spatial,7,0.3,0.30454174921159693,0.002422212481828983,0.22508591065292102,0.0010898172708815595,97,True
tct,6,a_ratio,7,0.3,0.23517849805012897,0.02040386496054166,0.13745704467353953,0.04608031263937092,97,False
tct,6,a_ratio,7,0.3,0.335796787313422,0.0007722971549986711,0.24183848797250862,0.0004492042155364218,97,True
tct,6,nqc,7,0.3,0.1707711502684322,0.09444426361297224,0.06743986254295534,0.3277635503646662,97,False
tct,6,nqc,7,0.3,0.25973865334579427,0.010192703169457727,0.12972508591065296,0.0597739314027888,97,True
tct,6,bertQPP,7,0.3,0.3386930582276996,0.000690376157965591,0.22379725085910657,0.0011640289366746655,97,False
tct,6,bertQPP,7,0.3,0.39484446044698807,6.274549768566985e-05,0.2835051546391753,3.888953702314073e-05,97,True
tct,6,bertQPP(QV),7,0.3,0.2690210920387647,0.007709968912739865,0.16451890034364264,0.016970096384742294,97,False
tct,6,bertQPP(QV),7,0.3,0.3443450368808354,0.0005529585662670582,0.23754295532646055,0.0005668140402706258,97,True
tct,6,spatial,7,0.35,0.1319202895346404,0.19772561974374095,0.09364261168384881,0.17419095096502246,97,False
tct,6,spatial,7,0.35,0.3052967726755406,0.0023595645250248727,0.22637457044673542,0.0010200025736501021,97,True
tct,6,a_ratio,7,0.35,0.24131404187041497,0.017258161153243384,0.13917525773195877,0.0434259212403691,97,False
tct,6,a_ratio,7,0.35,0.3376856889773071,0.0007179219005046308,0.24097938144329903,0.0004707284379041492,97,True
tct,6,nqc,7,0.35,0.17312251533572814,0.08992652382399356,0.06915807560137457,0.3155898965616176,97,False
tct,6,nqc,7,0.35,0.2623004070419084,0.009445806809298626,0.13359106529209622,0.05255528194642074,97,True
tct,6,bertQPP,7,0.35,0.3485222845271721,0.0004680404155848823,0.2285223367697595,0.0009127757207962206,97,False
tct,6,bertQPP,7,0.35,0.40243068687401057,4.3836177604244305e-05,0.2856529209621994,3.395967010111564e-05,97,True
tct,6,bertQPP(QV),7,0.35,0.28002647808331377,0.005469524584255667,0.16967353951890035,0.013810511589466142,97,False
tct,6,bertQPP(QV),7,0.35,0.35269467875060345,0.00039532695874457623,0.24613402061855674,0.00035469522611087794,97,True
tct,6,spatial,7,0.4,0.14336243852791167,0.16124396391045132,0.09364261168384881,0.17419095096502246,97,False
tct,6,spatial,7,0.4,0.3061532082041675,0.002290272031918637,0.22594501718213064,0.0010428004886634003,97,True
tct,6,a_ratio,7,0.4,0.24493366134798653,0.015606176109874036,0.14304123711340208,0.037922646089534044,97,False
tct,6,a_ratio,7,0.4,0.3389682451930876,0.0006830213374675462,0.24097938144329903,0.0004707284379041492,97,True
tct,6,nqc,7,0.4,0.17585192751065817,0.08489899434704853,0.07087628865979383,0.3037170573623521,97,False
tct,6,nqc,7,0.4,0.2652533630942012,0.008644828303468303,0.138745704467354,0.04407710548149226,97,True
tct,6,bertQPP,7,0.4,0.35768093200835943,0.0003221058863427666,0.22637457044673542,0.0010200025736501021,97,False
tct,6,bertQPP,7,0.4,0.408933239773147,3.201089680799286e-05,0.288659793814433,2.804587392927909e-05,97,True
tct,6,bertQPP(QV),7,0.4,0.2908686208185627,0.0038480533795184333,0.1679553264604811,0.014800614099959652,97,False
tct,6,bertQPP(QV),7,0.4,0.3602159957036477,0.00028987565758818875,0.25429553264604815,0.00022415245533308512,97,True
tct,6,spatial,7,0.45,0.15457714069343878,0.13059125121134982,0.10223367697594504,0.13793469449367568,97,False
tct,6,spatial,7,0.45,0.3071320798171393,0.0022133237917990128,0.22723367697594504,0.000975784420613921,97,True
tct,6,a_ratio,7,0.45,0.24663334178042248,0.014878904834937343,0.14518900343642613,0.03513003275683934,97,False
tct,6,a_ratio,7,0.45,0.339494526865584,0.0006691548450554154,0.23883161512027495,0.0005288208236189078,97,True
tct,6,nqc,7,0.45,0.1790569059188442,0.07928387888785093,0.07044673539518902,0.3066570724911982,97,False
tct,6,nqc,7,0.45,0.2686920739331376,0.0077878949646735165,0.14003436426116841,0.04214791401843269,97,True
tct,6,bertQPP,7,0.45,0.36553269900698054,0.00023171027999416958,0.22637457044673542,0.0010200025736501021,97,False
tct,6,bertQPP,7,0.45,0.41379173366764654,2.5201303372169825e-05,0.28651202749140897,3.215902329862323e-05,97,True
tct,6,bertQPP(QV),7,0.45,0.3010390250484288,0.002732892893680399,0.17482817869415812,0.011182156616858724,97,False
tct,6,bertQPP(QV),7,0.45,0.36642915098612283,0.00022303786518778018,0.24785223367697598,0.0003223841860548392,97,True
tct,6,spatial,7,0.5,0.1653960691370318,0.10544367021974527,0.10910652920962201,0.11336246240953972,97,False
tct,6,spatial,7,0.5,0.3082602096974312,0.002127539977761253,0.22766323024054988,0.0009543472910132449,97,True
tct,6,a_ratio,7,0.5,0.24693548742875004,0.014752744754215199,0.14991408934707906,0.029598455953974822,97,False
tct,6,a_ratio,7,0.5,0.33910056700758207,0.000679510398983513,0.2336769759450172,0.0006965926026270434,97,True
tct,6,nqc,7,0.5,0.18287083854031283,0.07299346271000842,0.06958762886597938,0.3125934883665836,97,False
tct,6,nqc,7,0.5,0.2727429762457014,0.00687519411483126,0.1396048109965636,0.042782883164389815,97,True
tct,6,bertQPP,7,0.5,0.37127192200253634,0.0001811522243518459,0.22766323024054988,0.0009543472910132449,97,False
tct,6,bertQPP,7,0.5,0.41635377086217273,2.2181819439620183e-05,0.28737113402061865,3.0449327798130317e-05,97,True
tct,6,bertQPP(QV),7,0.5,0.30986101461229143,0.002010959770625619,0.18728522336769762,0.006573343269072617,97,False
tct,6,bertQPP(QV),7,0.5,0.3707779509217656,0.0001850645078063195,0.24012027491408938,0.0004932117335580638,97,True
tct,6,spatial,7,0.55,0.17565454834266298,0.08525489197291529,0.11726804123711342,0.08881318243030219,97,False
tct,6,spatial,7,0.55,0.3095720350325985,0.002031568440331366,0.23195876288659797,0.0007627126312502382,97,True
tct,6,a_ratio,7,0.55,0.2462609191186786,0.0150356951590248,0.14304123711340208,0.037922646089534044,97,False
tct,6,a_ratio,7,0.55,0.33761433246548983,0.0007199106915749953,0.23969072164948454,0.0005048251929224872,97,True
tct,6,nqc,7,0.55,0.1874805394961352,0.065933758660702,0.07087628865979383,0.3037170573623521,97,False
tct,6,nqc,7,0.55,0.2775781438869559,0.005910574260780516,0.14561855670103094,0.03459309466060896,97,True
tct,6,bertQPP,7,0.55,0.37397726082064503,0.0001610491673948365,0.22895189003436428,0.0008926252002239728,97,False
tct,6,bertQPP,7,0.55,0.41592706744354463,2.2659983299793563e-05,0.277491408934708,5.656185112022831e-05,97,True
tct,6,bertQPP(QV),7,0.55,0.31652010771289707,0.0015854239538495626,0.19759450171821308,0.0041396512632380965,97,False
tct,6,bertQPP(QV),7,0.55,0.37267418032616784,0.0001704592423915445,0.24957044673539522,0.00029284438819506046,97,True
tct,6,spatial,7,0.6,0.18520279548696206,0.06934958668841511,0.11984536082474227,0.08201867152410211,97,False
tct,6,spatial,7,0.6,0.31111179229740304,0.0019239198556272954,0.23195876288659797,0.0007627126312502382,97,True
tct,6,a_ratio,7,0.6,0.24493042995910913,0.015607587579663665,0.14261168384879727,0.03850326567762371,97,False
tct,6,a_ratio,7,0.6,0.33486494955011903,0.0008004846298637193,0.24012027491408938,0.0004932117335580638,97,True
tct,6,nqc,7,0.6,0.19315461831057923,0.05801518757380606,0.0734536082474227,0.28647120739097054,97,False
tct,6,nqc,7,0.6,0.28343586309447555,0.00490408669458348,0.14862542955326463,0.03102727109196935,97,True
tct,6,bertQPP,7,0.6,0.3727386341251536,0.0001699820830125932,0.23453608247422683,0.0006655682797928671,97,False
tct,6,bertQPP,7,0.6,0.4118708421769949,2.771300780241067e-05,0.27835051546391754,5.363833855233496e-05,97,True
tct,6,bertQPP(QV),7,0.6,0.3201584444413765,0.001389096767228283,0.19974226804123715,0.0037496927052216027,97,False
tct,6,bertQPP(QV),7,0.6,0.3715722768293874,0.00017881094783242334,0.2491408934707904,0.00029998189638302743,97,True
tct,6,spatial,7,0.65,0.1939163375341681,0.05701400246080367,0.1202749140893471,0.08092834885233069,97,False
tct,6,spatial,7,0.65,0.31293553075563074,0.0018031018703794904,0.23496563573883167,0.0006505425158083947,97,True
tct,6,a_ratio,7,0.65,0.2431795507572663,0.016388812676318486,0.14089347079037803,0.040901875311072,97,False
tct,6,a_ratio,7,0.65,0.3306952062837001,0.0009384870954732477,0.2336769759450172,0.0006965926026270434,97,True
tct,6,nqc,7,0.65,0.20029042075207498,0.04917858694291929,0.07431271477663232,0.2808725107935828,97,False
tct,6,nqc,7,0.65,0.29065086478886315,0.0038758398635248457,0.1554982817869416,0.02404211148041231,97,True
tct,6,bertQPP,7,0.65,0.36685294196282364,0.00021904330725444875,0.2336769759450172,0.0006965926026270434,97,False
tct,6,bertQPP,7,0.65,0.4037176977184962,4.1212908951028625e-05,0.27878006872852235,5.2230841404023976e-05,97,True
tct,6,bertQPP(QV),7,0.65,0.3200371019295801,0.001395271474588854,0.20317869415807563,0.0031947282487263706,97,False
tct,6,bertQPP(QV),7,0.65,0.36706595209989756,0.00021706057756671392,0.2517182130584193,0.00025948171452482385,97,True
tct,6,spatial,7,0.7,0.20170399636125527,0.04756724887641259,0.12113402061855671,0.07878300963914868,97,False
tct,6,spatial,7,0.7,0.31511066819280087,0.0016680017742880069,0.23582474226804126,0.000621432826309228,97,True
tct,6,a_ratio,7,0.7,0.24117663721006927,0.017323738560324216,0.14046391752577322,0.04152093691345949,97,False
tct,6,a_ratio,7,0.7,0.3249766242594482,0.0011630705808764995,0.23496563573883167,0.0006505425158083947,97,True
tct,6,nqc,7,0.7,0.2094925190123177,0.039453423818651426,0.07431271477663232,0.2808725107935828,97,False
tct,6,nqc,7,0.7,0.299695040016011,0.0028613074641697946,0.1585051546391753,0.021443192891173694,97,True
tct,6,bertQPP,7,0.7,0.35603591165299614,0.00034475266921938453,0.22508591065292102,0.0010898172708815595,97,False
tct,6,bertQPP,7,0.7,0.39129613448893796,7.398521316081635e-05,0.2770618556701031,5.80796004740303e-05,97,True
tct,6,bertQPP(QV),7,0.7,0.3157289803519411,0.001631307536710356,0.19544673539518906,0.0045660596694361046,97,False
tct,6,bertQPP(QV),7,0.7,0.35898306888559445,0.0003051599788118638,0.24828178694158082,0.0003147483455907583,97,True
tct,6,spatial,7,0.75,0.20851227503827957,0.0404062349843705,0.13101374570446736,0.05728140399891128,97,False
tct,6,spatial,7,0.75,0.3177045068788847,0.0015189144771862648,0.24183848797250862,0.0004492042155364218,97,True
tct,6,a_ratio,7,0.75,0.23903955961227058,0.01837169872611717,0.1365979381443299,0.04745794602168577,97,False
tct,6,a_ratio,7,0.75,0.31762547105522887,0.0015232726746089989,0.22895189003436428,0.0008926252002239728,97,True
tct,6,nqc,7,0.75,0.22169923405684627,0.0290790289521137,0.08204467353951891,0.23382603249144784,97,False
tct,6,nqc,7,0.75,0.3112134851993026,0.001916995068846424,0.15807560137457047,0.021798803662876853,97,True
tct,6,bertQPP,7,0.75,0.34055662291323097,0.0006419519463040324,0.21649484536082478,0.0016803624081385136,97,False
tct,6,bertQPP,7,0.75,0.37480866862436446,0.00015529906906880516,0.26159793814432997,0.00014700123564547276,97,True
tct,6,bertQPP(QV),7,0.75,0.3072636709928577,0.0022031592840943484,0.19072164948453613,0.005647306460207743,97,False
tct,6,bertQPP(QV),7,0.75,0.34744544019275836,0.0004887031982375954,0.24355670103092786,0.0004088834881762593,97,True
tct,6,spatial,7,0.8,0.21432571665366834,0.03502566428948721,0.13616838487972513,0.04815964796946807,97,False
tct,6,spatial,7,0.8,0.3207290409317492,0.0013603921891789748,0.24312714776632308,0.0004186340215940853,97,True
tct,6,a_ratio,7,0.8,0.23684935325653195,0.019501922058711745,0.13487972508591067,0.050317249987351625,97,False
tct,6,a_ratio,7,0.8,0.30861721818252796,0.0021010245702189354,0.22637457044673542,0.0010200025736501021,97,True
tct,6,nqc,7,0.8,0.23834097099520077,0.0187259043321725,0.09192439862542956,0.1822278457949571,97,False
tct,6,nqc,7,0.8,0.32595524251223235,0.001121469055098246,0.16365979381443302,0.01755425786967657,97,True
tct,6,bertQPP,7,0.8,0.32121488166060064,0.0013363768959320033,0.20747422680412375,0.0026065887949513057,97,False
tct,6,bertQPP,7,0.8,0.35482720960270403,0.0003623169675950018,0.24613402061855674,0.00035469522611087794,97,True
tct,6,bertQPP(QV),7,0.8,0.2951465924555198,0.003337093535619049,0.18256013745704472,0.00806936233603351,97,False
tct,6,bertQPP(QV),7,0.8,0.33286660721421135,0.0008641264949938774,0.23324742268041243,0.0007126038672884247,97,True
tct,6,spatial,7,0.85,0.21916360194829537,0.031019401470692813,0.13616838487972513,0.04815964796946807,97,False
tct,6,spatial,7,0.85,0.3239069389053125,0.0012101448815278408,0.2452749140893471,0.0003719636432157586,97,True
tct,6,a_ratio,7,0.85,0.23466068903910264,0.02069055233465912,0.13745704467353953,0.04608031263937092,97,False
tct,6,a_ratio,7,0.85,0.2979965108415978,0.003031340115182957,0.2216494845360825,0.001298168853613724,97,True
tct,6,nqc,7,0.85,0.2611953253865512,0.009761896195474434,0.09965635738831616,0.14814179266855426,97,False
tct,6,nqc,7,0.85,0.3440642350142023,0.0005591448407071841,0.18341924398625434,0.007776554495134835,97,True
tct,6,bertQPP,7,0.85,0.2991601685257619,0.0029139031661945727,0.1937285223367698,0.004935409194231109,97,False
tct,6,bertQPP,7,0.85,0.332199531123184,0.0008863776936061229,0.23067010309278352,0.00081607670119364,97,True
tct,6,bertQPP(QV),7,0.85,0.2802353316073273,0.005433290337336539,0.17439862542955328,0.011382836808156348,97,False
tct,6,bertQPP(QV),7,0.85,0.3158840582679552,0.001622219726116663,0.21821305841924402,0.0015427588468996702,97,True
tct,6,spatial,7,0.9,0.2230739602601926,0.028070704159696334,0.13402061855670105,0.051800200122302374,97,False
tct,6,spatial,7,0.9,0.32562041502586253,0.0011355478611080275,0.23840206185567014,0.0005412133012575864,97,True
tct,6,a_ratio,7,0.9,0.23250961109925306,0.021918802124900338,0.13788659793814437,0.04540422310195199,97,False
tct,6,a_ratio,7,0.9,0.28588005273402595,0.004531369517114164,0.20704467353951894,0.0026605976928076114,97,True
tct,6,nqc,7,0.9,0.2893182322130341,0.00404983045624008,0.11984536082474227,0.08201867152410211,97,False
tct,6,nqc,7,0.9,0.361075273128662,0.0002796441306582972,0.19201030927835053,0.00533157487845821,97,True
tct,6,bertQPP,7,0.9,0.2756367342488547,0.006282436111739372,0.17697594501718217,0.010225152665271457,97,False
tct,6,bertQPP,7,0.9,0.30790003639221963,0.0021545960477092055,0.21262886597938147,0.002032205430312129,97,True
tct,6,bertQPP(QV),7,0.9,0.26353389543144123,0.009103631103223346,0.1554982817869416,0.02404211148041231,97,False
tct,6,bertQPP(QV),7,0.9,0.29724959674002105,0.0031089401647352555,0.2018900343642612,0.0033934144348203364,97,True
tct,6,spatial,7,0.95,0.2261261479641349,0.025937583431557262,0.13359106529209622,0.05255528194642074,97,False
tct,6,spatial,7,0.95,0.31754797454511186,0.0015275569933399127,0.2379725085910653,0.0005538759115824682,97,True
tct,6,a_ratio,7,0.95,0.23041912786520918,0.023171742285753274,0.13702749140893475,0.046764860648197036,97,False
tct,6,a_ratio,7,0.95,0.2724510321642354,0.006937657830575247,0.18857388316151205,0.006211170636578692,97,True
tct,6,nqc,7,0.95,0.2997066585703341,0.002860174498603621,0.13402061855670105,0.051800200122302374,97,False
tct,6,nqc,7,0.95,0.35137820702470224,0.00041706260587025197,0.20403780068728525,0.00306822352558543,97,True
tct,6,bertQPP,7,0.95,0.2517623772143448,0.01285951597531693,0.14905498281786944,0.030544557732034724,97,False
tct,6,bertQPP,7,0.95,0.28287787604758374,0.004992908079578821,0.19501718213058422,0.004655971971265852,97,True
tct,6,bertQPP(QV),7,0.95,0.24599659592725973,0.015147842587386181,0.147766323024055,0.03201236643126749,97,False
tct,6,bertQPP(QV),7,0.95,0.27771521333698834,0.005885073064023236,0.19587628865979384,0.004477722918252414,97,True
tct,6,spatial,7,1.0,0.2284031971248064,0.024437462282409856,0.1357388316151203,0.04887004601219989,97,False
tct,6,spatial,7,1.0,0.2579455453063242,0.010745812021946832,0.1658075601374571,0.016125841537736958,97,True
tct,6,a_ratio,7,1.0,0.2284031971248064,0.024437462282409856,0.1357388316151203,0.04887004601219989,97,False
tct,6,a_ratio,7,1.0,0.2579455453063242,0.010745812021946832,0.1658075601374571,0.016125841537736958,97,True
tct,6,nqc,7,1.0,0.2284031971248064,0.024437462282409856,0.1357388316151203,0.04887004601219989,97,False
tct,6,nqc,7,1.0,0.2579455453063242,0.010745812021946832,0.1658075601374571,0.016125841537736958,97,True
tct,6,bertQPP,7,1.0,0.2284031971248064,0.024437462282409856,0.1357388316151203,0.04887004601219989,97,False
tct,6,bertQPP,7,1.0,0.2579455453063242,0.010745812021946832,0.1658075601374571,0.016125841537736958,97,True
tct,6,bertQPP(QV),7,1.0,0.2284031971248064,0.024437462282409856,0.1357388316151203,0.04887004601219989,97,False
tct,6,bertQPP(QV),7,1.0,0.2579455453063242,0.010745812021946832,0.1658075601374571,0.016125841537736958,97,True
tct,6,spatial,8,0.0,0.05662436928408979,0.5817035806866219,0.05884879725085912,0.3931257746774063,97,False
tct,6,spatial,8,0.0,0.30140663173848015,0.002698683355267398,0.22508591065292102,0.0010898172708815595,97,True
tct,6,a_ratio,8,0.0,0.13036017459168378,0.20312685957526477,0.077319587628866,0.2618647746424714,97,False
tct,6,a_ratio,8,0.0,0.3179270782315673,0.001506702097821934,0.22637457044673542,0.0010200025736501021,97,True
tct,6,nqc,8,0.0,0.1615099398749807,0.11400098795754592,0.0622852233676976,0.36608612957525455,97,False
tct,6,nqc,8,0.0,0.24949243904587196,0.013721734696835998,0.12328178694158079,0.07362159410235054,97,True
tct,6,bertQPP,8,0.0,0.2831364735704062,0.004951567617975609,0.1829896907216495,0.007921746820669876,97,False
tct,6,bertQPP,8,0.0,0.3450716181932688,0.0005372414756776113,0.2414089347079038,0.0004598488311252096,97,True
tct,6,bertQPP(QV),8,0.0,0.21197459236446753,0.03712443824555347,0.13702749140893475,0.046764860648197036,97,False
tct,6,bertQPP(QV),8,0.0,0.292713435162527,0.003619701320670527,0.202319587628866,0.003325969220576063,97,True
tct,6,spatial,8,0.05,0.06530119205472189,0.5251131318764392,0.060996563573883174,0.3760870593214216,97,False
tct,6,spatial,8,0.05,0.30176092254697917,0.002666077883138381,0.22680412371134026,0.0009976667225656776,97,True
tct,6,a_ratio,8,0.05,0.1521322539122522,0.1368620700921142,0.09235395189003438,0.18019329783502935,97,False
tct,6,a_ratio,8,0.05,0.32088574960880734,0.0013526035611396198,0.2298109965635739,0.0008535554716530555,97,True
tct,6,nqc,8,0.05,0.16257002415180513,0.11161501591021981,0.06142611683848798,0.37273483374323335,97,False
tct,6,nqc,8,0.05,0.25069591742762776,0.013258543524801282,0.12371134020618559,0.07262323979726368,97,True
tct,6,bertQPP,8,0.05,0.2907609338373617,0.003861772303627077,0.18384879725085912,0.0076337511300162714,97,False
tct,6,bertQPP,8,0.05,0.35250596303480375,0.000398377446633138,0.24570446735395193,0.0003632334933323789,97,True
tct,6,bertQPP(QV),8,0.05,0.21952655948485825,0.030735117635493695,0.14175257731958765,0.039687194240219145,97,False
tct,6,bertQPP(QV),8,0.05,0.30036983208802426,0.0027961703463394664,0.21091065292096223,0.002209296231634933,97,True
tct,6,spatial,8,0.1,0.07442058876900934,0.4687824703758101,0.06357388316151204,0.356252805453549,97,False
tct,6,spatial,8,0.1,0.3021496539805009,0.002630710826900831,0.22680412371134026,0.0009976667225656776,97,True
tct,6,a_ratio,8,0.1,0.1726973952621398,0.0907303892459833,0.09621993127147768,0.16263626465805225,97,False
tct,6,a_ratio,8,0.1,0.3237845549818261,0.0012156396701666168,0.2328178694158076,0.0007289565212236814,97,True
tct,6,nqc,8,0.1,0.1637461900718838,0.10901334813444906,0.06142611683848798,0.37273483374323335,97,False
tct,6,nqc,8,0.1,0.25202726136876535,0.012762043028909986,0.12414089347079041,0.07163599473940602,97,True
tct,6,bertQPP,8,0.1,0.298896571243188,0.002940141608488254,0.18728522336769762,0.006573343269072617,97,False
tct,6,bertQPP,8,0.1,0.3602653424609773,0.0002892788648208812,0.2512886597938145,0.00026585493232954136,97,True
tct,6,bertQPP(QV),8,0.1,0.22767700431087814,0.02490763090787835,0.14819587628865982,0.031516517606653575,97,False
tct,6,bertQPP(QV),8,0.1,0.3084117939268919,0.0021162449860036557,0.2212199312714777,0.001326652810302692,97,True
tct,6,spatial,8,0.15,0.08395856318084022,0.4135734408663618,0.07087628865979383,0.3037170573623521,97,False
tct,6,spatial,8,0.15,0.30257803079725387,0.002592226071010637,0.22594501718213064,0.0010428004886634003,97,True
tct,6,a_ratio,8,0.15,0.19106436428523765,0.06083661812962471,0.10266323024054985,0.13628751627610397,97,False
tct,6,a_ratio,8,0.15,0.32657578698886025,0.0010957955951584582,0.23410652920962205,0.0006809162092632265,97,True
tct,6,nqc,8,0.15,0.16505849400187536,0.10616652027203789,0.06400343642611686,0.3530123788503621,97,False
tct,6,nqc,8,0.15,0.2535078086019431,0.012228989083493439,0.12328178694158079,0.07362159410235054,97,True
tct,6,bertQPP,8,0.15,0.3075309248554783,0.0021826452450754976,0.19587628865979384,0.004477722918252414,97,False
tct,6,bertQPP,8,0.15,0.36829181235249603,0.00020596873696009105,0.2555841924398626,0.0002082313453780151,97,True
tct,6,bertQPP(QV),8,0.15,0.23644649012652783,0.019716195152517872,0.1473367697594502,0.03251488713772691,97,False
tct,6,bertQPP(QV),8,0.15,0.3167961412536944,0.0015696918650131158,0.22336769759450176,0.0011897860106094835,97,True
tct,6,spatial,8,0.2,0.09387461217957849,0.36040488763762685,0.07817869415807562,0.25660117603543875,97,False
tct,6,spatial,8,0.2,0.30305234056452846,0.002550206319471088,0.22465635738831619,0.0011140538745299275,97,True
tct,6,a_ratio,8,0.2,0.20648021035740405,0.04244266733129476,0.10824742268041239,0.11623089832126132,97,False
tct,6,a_ratio,8,0.2,0.32919957645756914,0.0009930493487341778,0.23625429553264607,0.0006073368350083252,97,True
tct,6,nqc,8,0.2,0.16653186142964707,0.1030397845378258,0.06400343642611686,0.3530123788503621,97,False
tct,6,nqc,8,0.2,0.25516387043282546,0.011655840963636217,0.12585910652920965,0.0677963948466897,97,True
tct,6,bertQPP,8,0.2,0.31661804620819767,0.0015798258311253345,0.20575601374570449,0.0028288190417010725,97,False
tct,6,bertQPP,8,0.2,0.37648852510309316,0.00014425675001546705,0.2654639175257732,0.00011707036468109733,97,True
tct,6,bertQPP(QV),8,0.2,0.2458327155866633,0.015217737417550404,0.15764604810996566,0.022159535570441733,97,False
tct,6,bertQPP(QV),8,0.2,0.325444849210053,0.0011429941187464467,0.22895189003436428,0.0008926252002239728,97,True
tct,6,spatial,8,0.25,0.1041089859200524,0.310190156982033,0.08333333333333336,0.22656268559471548,97,False
tct,6,spatial,8,0.25,0.3035802421049201,0.0025041604208149953,0.22422680412371138,0.0011387880187863695,97,True
tct,6,a_ratio,8,0.25,0.21857715658228738,0.031483422885295737,0.11769759450171824,0.08765026442852013,97,False
tct,6,a_ratio,8,0.25,0.33158174541899077,0.0009074496090071834,0.2336769759450172,0.0006965926026270434,97,True
tct,6,nqc,8,0.25,0.1681976467328885,0.09959200557860122,0.0657216494845361,0.340237883454913,97,False
tct,6,nqc,8,0.25,0.2570282491854429,0.011038786503960599,0.12757731958762888,0.06412770883743656,97,True
tct,6,bertQPP,8,0.25,0.3260603531779516,0.001117082231516728,0.21520618556701035,0.0017908788065225548,97,False
tct,6,bertQPP,8,0.25,0.384704865018175,9.998507193582328e-05,0.2710481099656358,8.381752378824866e-05,97,True
tct,6,bertQPP(QV),8,0.25,0.2557951395401824,0.011443619340609444,0.16065292096219932,0.019739903980340746,97,False
tct,6,bertQPP(QV),8,0.25,0.3342314521131603,0.0008201805909470377,0.23152920962199317,0.0007801296905645403,97,True
tct,6,spatial,8,0.3,0.1145806379747362,0.2637616808180029,0.09149484536082475,0.1842793810224047,97,False
tct,6,spatial,8,0.3,0.304171146809984,0.002453507941070318,0.22465635738831619,0.0011140538745299275,97,True
tct,6,a_ratio,8,0.3,0.2273909632377045,0.02509493105984913,0.1168384879725086,0.08998850130140247,97,False
tct,6,a_ratio,8,0.3,0.33363166219246776,0.0008392352901749597,0.23625429553264607,0.0006073368350083252,97,True
tct,6,nqc,8,0.3,0.17009582669935308,0.09577434128833309,0.06486254295532648,0.34658765831762584,97,False
tct,6,nqc,8,0.3,0.2591423362431373,0.010373811686890303,0.12800687285223372,0.06323660544752113,97,True
tct,6,bertQPP,8,0.3,0.33568365275586154,0.0007756703597307875,0.21821305841924402,0.0015427588468996702,97,False
tct,6,bertQPP,8,0.3,0.3927182484591738,6.927259587031568e-05,0.28092783505154645,4.570292642778511e-05,97,True
tct,6,bertQPP(QV),8,0.3,0.2662328239712019,0.008392678241791315,0.16108247422680416,0.01941379508307944,97,False
tct,6,bertQPP(QV),8,0.3,0.34296449896613757,0.0005839884055363697,0.2366838487972509,0.0005935388745829456,97,True
tct,6,spatial,8,0.35,0.12518643396019816,0.2217935410814152,0.09192439862542956,0.1822278457949571,97,False
tct,6,spatial,8,0.35,0.30483672656148797,0.0023975606338385346,0.22594501718213064,0.0010428004886634003,97,True
tct,6,a_ratio,8,0.35,0.23326467110320742,0.02148074072523575,0.1314432989690722,0.05647001729864357,97,False
tct,6,a_ratio,8,0.35,0.33524034710136275,0.0007890179912612981,0.23840206185567014,0.0005412133012575864,97,True
tct,6,nqc,8,0.35,0.17227814549178957,0.09152871456516891,0.06658075601374572,0.3339631552636785,97,False
tct,6,nqc,8,0.35,0.26155906010321095,0.009656847031604097,0.12972508591065296,0.0597739314027888,97,True
tct,6,bertQPP,8,0.35,0.3452049165728265,0.0005344028808638465,0.21520618556701035,0.0017908788065225548,97,False
tct,6,bertQPP,8,0.35,0.40021375822255956,4.872350477234419e-05,0.279639175257732,4.952017035250988e-05,97,True
tct,6,bertQPP(QV),8,0.35,0.27695432695217553,0.00602787491315604,0.16881443298969073,0.014298004272030715,97,False
tct,6,bertQPP(QV),8,0.35,0.3513692418158477,0.00041721431957008237,0.24097938144329903,0.0004707284379041492,97,True
tct,6,spatial,8,0.4,0.13580222495758051,0.1847365634971391,0.09106529209621994,0.18634796497677564,97,False
tct,6,spatial,8,0.4,0.30559159394956104,0.0023355007879475647,0.22594501718213064,0.0010428004886634003,97,True
tct,6,a_ratio,8,0.4,0.23670441084780425,0.01957878169956649,0.13058419243986258,0.05810246319620013,97,False
tct,6,a_ratio,8,0.4,0.336279214520536,0.0007580630524970898,0.2366838487972509,0.0005935388745829456,97,True
tct,6,nqc,8,0.4,0.17481272099377204,0.08678615224219664,0.06915807560137457,0.3155898965616176,97,False
tct,6,nqc,8,0.4,0.2643471005770056,0.008884044781145071,0.13359106529209622,0.05255528194642074,97,True
tct,6,bertQPP,8,0.4,0.3541950330561403,0.0003718279187984389,0.21477663230240554,0.0018291772025326055,97,False
tct,6,bertQPP,8,0.4,0.40676492942459325,3.557466035145012e-05,0.28049828178694164,4.694321427271648e-05,97,True
tct,6,bertQPP(QV),8,0.4,0.28764041755418746,0.0042787917133869655,0.16451890034364264,0.016970096384742294,97,False
tct,6,bertQPP(QV),8,0.4,0.3590707048267317,0.00030404953394271104,0.24656357388316158,0.0003463449485504128,97,True
tct,6,spatial,8,0.45,0.14628629446064562,0.15278029997854975,0.09621993127147768,0.16263626465805225,97,False
tct,6,spatial,8,0.45,0.3064542139270389,0.002266357361319114,0.22723367697594504,0.000975784420613921,97,True
tct,6,a_ratio,8,0.45,0.2382513937348258,0.01877174519958388,0.12628865979381446,0.0668634129345248,97,False
tct,6,a_ratio,8,0.45,0.33659999902839444,0.0007487313717172155,0.23539518900343648,0.0006358327263393619,97,True
tct,6,nqc,8,0.45,0.17779095228119784,0.0814652341437409,0.06958762886597938,0.3125934883665836,97,False
tct,6,nqc,8,0.45,0.2675970215496394,0.008052276656783996,0.13616838487972513,0.04815964796946807,97,True
tct,6,bertQPP,8,0.45,0.36204436499463377,0.00026850517036399525,0.21907216494845363,0.0014779202366871586,97,False
tct,6,bertQPP,8,0.45,0.4118224073946421,2.777926738896495e-05,0.28006872852233683,4.8215372827859356e-05,97,True
tct,6,bertQPP(QV),8,0.45,0.29780509315405823,0.0030510598271504723,0.16838487972508595,0.01454739544260673,97,False
tct,6,bertQPP(QV),8,0.45,0.3655842686102634,0.00023120306606767255,0.24656357388316158,0.0003463449485504128,97,True
tct,6,spatial,8,0.5,0.15648540894507096,0.125851106742623,0.10309278350515466,0.1346555631057889,97,False
tct,6,spatial,8,0.5,0.30744811470169153,0.0021889831403154214,0.22594501718213064,0.0010428004886634003,97,True
tct,6,a_ratio,8,0.5,0.23839988476597326,0.018695807963645856,0.1254295532646048,0.06874005870255491,97,False
tct,6,a_ratio,8,0.5,0.3360365732249074,0.0007651919889091997,0.23410652920962205,0.0006809162092632265,97,True
tct,6,nqc,8,0.5,0.18133814879065396,0.0754712757480256,0.06786941580756015,0.3246919364895129,97,False
tct,6,nqc,8,0.5,0.27143035603289967,0.007160000152666729,0.138745704467354,0.04407710548149226,97,True
tct,6,bertQPP,8,0.5,0.3679482325443477,0.00020902347206340556,0.21176975945017185,0.0021190549684448486,97,False
tct,6,bertQPP,8,0.5,0.4147214366666707,2.4063699356351598e-05,0.2792096219931272,5.085839224791733e-05,97,True
tct,6,bertQPP(QV),8,0.5,0.30676900793258244,0.002241588265816296,0.1786941580756014,0.00951278395726825,97,False
tct,6,bertQPP(QV),8,0.5,0.3703233914469396,0.00018873355397385242,0.2392611683848798,0.0005166931871154039,97,True
tct,6,spatial,8,0.55,0.16624324541171392,0.10364653243752668,0.10524054982817871,0.12672143082539938,97,False
tct,6,spatial,8,0.55,0.3086034468526645,0.002102041825805403,0.22938144329896912,0.0008728876884960134,97,True
tct,6,a_ratio,8,0.55,0.23756017390766682,0.019128734315846028,0.13015463917525774,0.058933277914773506,97,False
tct,6,a_ratio,8,0.55,0.3344094664362691,0.0008146017553264073,0.23238831615120278,0.0007456571945733053,97,True
tct,6,nqc,8,0.55,0.1856303500048051,0.0686977234689427,0.07216494845360825,0.295009708543132,97,False
tct,6,nqc,8,0.55,0.2760132809556411,0.006208732288446478,0.14218213058419246,0.039091423487606906,97,True
tct,6,bertQPP,8,0.55,0.370940238823672,0.00018377063889311946,0.22293814432989695,0.0012160687743494618,97,False
tct,6,bertQPP,8,0.55,0.41472223733022495,2.4062740704015912e-05,0.2719072164948454,7.957359852373424e-05,97,True
tct,6,bertQPP(QV),8,0.55,0.31367084337663087,0.0017563621184641975,0.1937285223367698,0.004935409194231109,97,False
tct,6,bertQPP(QV),8,0.55,0.37263619392892045,0.00017074104065629582,0.24785223367697598,0.0003223841860548392,97,True
tct,6,spatial,8,0.6,0.17541041459268444,0.08569673457541677,0.10738831615120277,0.11915605807960761,97,False
tct,6,spatial,8,0.6,0.3099588182078154,0.0020040277546587463,0.23109965635738836,0.0007979153488644113,97,True
tct,6,a_ratio,8,0.6,0.23605213521777296,0.019927899346366407,0.13187285223367698,0.055668220302014286,97,False
tct,6,a_ratio,8,0.6,0.33153384763410076,0.0009091022749743499,0.22723367697594504,0.000975784420613921,97,True
tct,6,nqc,8,0.6,0.1909217297407761,0.06103315436952888,0.07302405498281789,0.28929863271816614,97,False
tct,6,nqc,8,0.6,0.28157740329753167,0.005205498282134206,0.14991408934707906,0.029598455953974822,97,True
tct,6,bertQPP,8,0.6,0.37000484181485127,0.0001913447428233052,0.21864261168384883,0.0015100189795415188,97,False
tct,6,bertQPP,8,0.6,0.4110950673719107,2.8792274724177657e-05,0.2667525773195877,0.00010844269870482771,97,True
tct,6,bertQPP(QV),8,0.6,0.31754904129995964,0.0015274979447837385,0.19501718213058422,0.004655971971265852,97,False
tct,6,bertQPP(QV),8,0.6,0.3718797754650187,0.00017644301407094832,0.25000000000000006,0.00028586619810323126,97,True
tct,6,spatial,8,0.65,0.18385480251122377,0.07143756677310575,0.10996563573883163,0.110550087489207,97,False
tct,6,spatial,8,0.65,0.31156285994491495,0.0018933756379659371,0.23410652920962205,0.0006809162092632265,97,True
tct,6,a_ratio,8,0.65,0.2341146070001443,0.02099663051366415,0.13445017182130586,0.05105421646643944,97,False
tct,6,a_ratio,8,0.65,0.32723143026944784,0.0010692520902578675,0.22680412371134026,0.0009976667225656776,97,True
tct,6,nqc,8,0.65,0.19759050158298153,0.05238151435750266,0.07259450171821306,0.29214479548279504,97,False
tct,6,nqc,8,0.65,0.2884511230780262,0.004166755716980539,0.15335051546391754,0.026061836085581373,97,True
tct,6,bertQPP,8,0.65,0.36428085180904035,0.00024434255663334574,0.21907216494845363,0.0014779202366871586,97,False
tct,6,bertQPP,8,0.65,0.40324899417494997,4.2150799204787874e-05,0.2684707903780069,9.786936882852283e-05,97,True
tct,6,bertQPP(QV),8,0.65,0.3175132235397799,0.001529481713049915,0.1898625429553265,0.005867063974983271,97,False
tct,6,bertQPP(QV),8,0.65,0.36752952214814605,0.00021280277679548416,0.2508591065292096,0.00027237466938260737,97,True
tct,6,spatial,8,0.7,0.19147070099605418,0.06027955381883477,0.11597938144329899,0.09237668593402237,97,False
tct,6,spatial,8,0.7,0.3134733062447935,0.0017688095555411902,0.2336769759450172,0.0006965926026270434,97,True
tct,6,a_ratio,8,0.7,0.23192043848291888,0.02226591299826345,0.14175257731958765,0.039687194240219145,97,False
tct,6,a_ratio,8,0.7,0.3213460966516174,0.0013299572391229383,0.22293814432989695,0.0012160687743494618,97,True
tct,6,nqc,8,0.7,0.20621722598851921,0.042712354140152134,0.07431271477663232,0.2808725107935828,97,False
tct,6,nqc,8,0.7,0.29710423980685385,0.0031242474499353534,0.15592783505154642,0.023654871935139845,97,True
tct,6,bertQPP,8,0.7,0.3533145928605754,0.00038545688387643824,0.21434707903780073,0.0018682268943729797,97,False
tct,6,bertQPP,8,0.7,0.3908792449348768,7.542224374378934e-05,0.2654639175257732,0.00011707036468109733,97,True
tct,6,bertQPP(QV),8,0.7,0.31297834833932037,0.0018003496534328904,0.18728522336769762,0.006573343269072617,97,False
tct,6,bertQPP(QV),8,0.7,0.35930078829138556,0.0003011518166703054,0.2444158075601375,0.0003900155261817713,97,True
tct,6,spatial,8,0.75,0.19818531938745426,0.05166152265869189,0.11941580756013748,0.08312087785946547,97,False
tct,6,spatial,8,0.75,0.3157453673096321,0.0016303450613627788,0.23883161512027495,0.0005288208236189078,97,True
tct,6,a_ratio,8,0.75,0.22959172086874755,0.023684292427587513,0.1396048109965636,0.042782883164389815,97,False
tct,6,a_ratio,8,0.75,0.3137620229636538,0.0017506433822465993,0.2212199312714777,0.001326652810302692,97,True
tct,6,nqc,8,0.75,0.21771597678332294,0.032175437101018216,0.07646048109965638,0.26720251399217865,97,False
tct,6,nqc,8,0.75,0.30819613610127083,0.0021323306262853326,0.1597938144329897,0.02040649882574069,97,True
tct,6,bertQPP,8,0.75,0.33725836840064466,0.0007299072750120677,0.19974226804123715,0.0037496927052216027,97,False
tct,6,bertQPP,8,0.75,0.374083094239651,0.00016030641905612965,0.24656357388316158,0.0003463449485504128,97,True
tct,6,bertQPP(QV),8,0.75,0.3038712610113241,0.002479097750599789,0.18127147766323026,0.008527096049992753,97,False
tct,6,bertQPP(QV),8,0.75,0.34724185420497516,0.000492702506796819,0.2285223367697595,0.0009127757207962206,97,True
tct,6,spatial,8,0.8,0.20396176344297107,0.04508436606904291,0.1202749140893471,0.08092834885233069,97,False
tct,6,spatial,8,0.8,0.31837812341317007,0.0014822260407883554,0.2379725085910653,0.0005538759115824682,97,True
tct,6,a_ratio,8,0.8,0.22721288579456958,0.025212141438503456,0.1365979381443299,0.04745794602168577,97,False
tct,6,a_ratio,8,0.8,0.30442189207187553,0.002432294237816046,0.21434707903780073,0.0018682268943729797,97,True
tct,6,nqc,8,0.8,0.23351818998946203,0.021335349385572317,0.08247422680412372,0.23138680179907667,97,False
tct,6,nqc,8,0.8,0.3225432525478813,0.001272666893450701,0.15936426116838492,0.0207470988785446,97,True
tct,6,bertQPP,8,0.8,0.3168984146245204,0.0015638989630093684,0.19201030927835053,0.00533157487845821,97,False
tct,6,bertQPP,8,0.8,0.35338981480731213,0.000384274767342401,0.24183848797250862,0.0004492042155364218,97,True
tct,6,bertQPP(QV),8,0.8,0.2906962947807844,0.0038700280648187877,0.1786941580756014,0.00951278395726825,97,False
tct,6,bertQPP(QV),8,0.8,0.33175630184131083,0.0009014498717671934,0.22079037800687287,0.0013557124652369783,97,True
tct,6,spatial,8,0.85,0.20879828509224183,0.04012626574464938,0.12199312714776635,0.07668417076895777,97,False
tct,6,spatial,8,0.85,0.3210885133654753,0.0013425860095399027,0.23883161512027495,0.0005288208236189078,97,True
tct,6,a_ratio,8,0.85,0.22484107965122865,0.02681826538732428,0.13616838487972513,0.04815964796946807,97,False
tct,6,a_ratio,8,0.85,0.2933418086805222,0.0035447362567066014,0.21048109965635742,0.002255725464528707,97,True
tct,6,nqc,8,0.85,0.25553455660095536,0.011530810209397526,0.09664948453608249,0.16076803875264556,97,False
tct,6,nqc,8,0.85,0.3405128142555256,0.00064305367361377,0.17740549828178698,0.010042744211065484,97,True
tct,6,bertQPP,8,0.85,0.2934772691673889,0.003528759082288998,0.18213058419243988,0.008219435652041644,97,False
tct,6,bertQPP,8,0.85,0.3296804544005573,0.0009751990725733172,0.22723367697594504,0.000975784420613921,97,True
tct,6,bertQPP(QV),8,0.85,0.27441101775107357,0.006527749167692355,0.17353951890034366,0.011793812186781842,97,False
tct,6,bertQPP(QV),8,0.85,0.3135384721314502,0.0017646944549494364,0.21219931271477666,0.0020752134680172376,97,True
tct,6,spatial,8,0.9,0.21272431694933763,0.036444030734389,0.12500000000000003,0.06969448971824621,97,False
tct,6,spatial,8,0.9,0.32228411110148325,0.0012848745786269824,0.23754295532646055,0.0005668140402706258,97,True
tct,6,a_ratio,8,0.9,0.22251400099856478,0.028477781415692422,0.1357388316151203,0.04887004601219989,97,False
tct,6,a_ratio,8,0.9,0.2806193038036009,0.005367230584488818,0.19673539518900346,0.004305679427335466,97,True
tct,6,nqc,8,0.9,0.283396852720209,0.004910250395372444,0.10695876288659796,0.12064011527036375,97,False
tct,6,nqc,8,0.9,0.3581711614034737,0.00031562687781609775,0.1971649484536083,0.004221925130091803,97,True
tct,6,bertQPP,8,0.9,0.2683955647157735,0.007858715514902099,0.16537800687285226,0.016403064445582434,97,False
tct,6,bertQPP,8,0.9,0.3040242526245879,0.0024660128226527646,0.2096219931271478,0.002351276432455258,97,True
tct,6,bertQPP(QV),8,0.9,0.2561755618108158,0.01131736446366473,0.1589347079037801,0.021092644173514117,97,False
tct,6,bertQPP(QV),8,0.9,0.29344462544388056,0.0035326034074561466,0.20017182130584193,0.0036758280937195186,97,True
tct,6,spatial,8,0.95,0.21579430035479585,0.03376598431956596,0.12972508591065296,0.0597739314027888,97,False
tct,6,spatial,8,0.95,0.3136390947486416,0.0017583573394144016,0.23109965635738836,0.0007979153488644113,97,True
tct,6,a_ratio,8,0.95,0.2202556536496293,0.03017070891939557,0.13187285223367698,0.055668220302014286,97,False
tct,6,a_ratio,8,0.95,0.2664317252031647,0.008342271734842808,0.18170103092783507,0.008372001763204117,97,True
tct,6,nqc,8,0.95,0.29426082424997957,0.0034375997242163674,0.1202749140893471,0.08092834885233069,97,False
tct,6,nqc,8,0.95,0.3494920344907275,0.00045012213097711914,0.19158075601374575,0.0054350017041903615,97,True
tct,6,bertQPP,8,0.95,0.2429327102063175,0.01650162495131125,0.147766323024055,0.03201236643126749,97,False
tct,6,bertQPP,8,0.95,0.27749454074599234,0.005926176347594686,0.19286941580756015,0.005130036782382208,97,True
tct,6,bertQPP(QV),8,0.95,0.23709981849703957,0.019369717405041408,0.14991408934707906,0.029598455953974822,97,False
tct,6,bertQPP(QV),8,0.95,0.2723481701130854,0.006959785178251464,0.19201030927835053,0.00533157487845821,97,True
tct,6,spatial,8,1.0,0.21808049446726813,0.031880973343241935,0.1314432989690722,0.05647001729864357,97,False
tct,6,spatial,8,1.0,0.2510243114697527,0.013134538957070814,0.16494845360824745,0.01668446543769203,97,True
tct,6,a_ratio,8,1.0,0.21808049446726813,0.031880973343241935,0.1314432989690722,0.05647001729864357,97,False
tct,6,a_ratio,8,1.0,0.2510243114697527,0.013134538957070814,0.16494845360824745,0.01668446543769203,97,True
tct,6,nqc,8,1.0,0.21808049446726813,0.031880973343241935,0.1314432989690722,0.05647001729864357,97,False
tct,6,nqc,8,1.0,0.2510243114697527,0.013134538957070814,0.16494845360824745,0.01668446543769203,97,True
tct,6,bertQPP,8,1.0,0.21808049446726813,0.031880973343241935,0.1314432989690722,0.05647001729864357,97,False
tct,6,bertQPP,8,1.0,0.2510243114697527,0.013134538957070814,0.16494845360824745,0.01668446543769203,97,True
tct,6,bertQPP(QV),8,1.0,0.21808049446726813,0.031880973343241935,0.1314432989690722,0.05647001729864357,97,False
tct,6,bertQPP(QV),8,1.0,0.2510243114697527,0.013134538957070814,0.16494845360824745,0.01668446543769203,97,True
tct,6,spatial,9,0.0,0.05662436928408979,0.5817035806866219,0.05884879725085912,0.3931257746774063,97,False
tct,6,spatial,9,0.0,0.30140663173848015,0.002698683355267398,0.22508591065292102,0.0010898172708815595,97,True
tct,6,a_ratio,9,0.0,0.13036017459168378,0.20312685957526477,0.077319587628866,0.2618647746424714,97,False
tct,6,a_ratio,9,0.0,0.3179270782315673,0.001506702097821934,0.22637457044673542,0.0010200025736501021,97,True
tct,6,nqc,9,0.0,0.1615099398749807,0.11400098795754592,0.0622852233676976,0.36608612957525455,97,False
tct,6,nqc,9,0.0,0.24949243904587196,0.013721734696835998,0.12328178694158079,0.07362159410235054,97,True
tct,6,bertQPP,9,0.0,0.2831364735704062,0.004951567617975609,0.1829896907216495,0.007921746820669876,97,False
tct,6,bertQPP,9,0.0,0.3450716181932688,0.0005372414756776113,0.2414089347079038,0.0004598488311252096,97,True
tct,6,bertQPP(QV),9,0.0,0.21197459236446753,0.03712443824555347,0.13702749140893475,0.046764860648197036,97,False
tct,6,bertQPP(QV),9,0.0,0.292713435162527,0.003619701320670527,0.202319587628866,0.003325969220576063,97,True
tct,6,spatial,9,0.05,0.06676159556270221,0.5158685899972657,0.05970790378006874,0.38625489539833124,97,False
tct,6,spatial,9,0.05,0.30188491192550815,0.0026547510747244514,0.22594501718213064,0.0010428004886634003,97,True
tct,6,a_ratio,9,0.05,0.15635174459169465,0.12617877227738536,0.0970790378006873,0.15891607395046403,97,False
tct,6,a_ratio,9,0.05,0.32201474228458493,0.0012976767099803247,0.22938144329896912,0.0008728876884960134,97,True
tct,6,nqc,9,0.05,0.16273843521610143,0.11123956244760999,0.0622852233676976,0.36608612957525455,97,False
tct,6,nqc,9,0.05,0.2508621783872198,0.013195635169164634,0.12285223367697597,0.07463114343880432,97,True
tct,6,bertQPP,9,0.05,0.2922593919590451,0.003674748474390025,0.18341924398625434,0.007776554495134835,97,False
tct,6,bertQPP,9,0.05,0.3540351200381825,0.00037426989781479147,0.24785223367697598,0.0003223841860548392,97,True
tct,6,bertQPP(QV),9,0.05,0.22105449578859132,0.029562394114836264,0.1439003436426117,0.036783724578164194,97,False
tct,6,bertQPP(QV),9,0.05,0.302034818298654,0.0026411144780786214,0.2134879725085911,0.0019486331283160838,97,True
tct,6,spatial,9,0.1,0.07734213442831996,0.4514584723204869,0.06786941580756015,0.3246919364895129,97,False
tct,6,spatial,9,0.1,0.30241033931418404,0.002607230484676383,0.22680412371134026,0.0009976667225656776,97,True
tct,6,a_ratio,9,0.1,0.18093026644968294,0.07614193424061258,0.10524054982817871,0.12672143082539938,97,False
tct,6,a_ratio,9,0.1,0.32608126860503606,0.001116211184827007,0.23496563573883167,0.0006505425158083947,97,True
tct,6,nqc,9,0.1,0.16410164389438936,0.10823644696409909,0.0622852233676976,0.36608612957525455,97,False
tct,6,nqc,9,0.1,0.2523773955870814,0.012634187260834002,0.12328178694158079,0.07362159410235054,97,True
tct,6,bertQPP,9,0.1,0.302041330196366,0.002640523538015245,0.18857388316151205,0.006211170636578692,97,False
tct,6,bertQPP,9,0.1,0.3634372641127765,0.00025321042201896786,0.2521477663230241,0.0002532519652694692,97,True
tct,6,bertQPP(QV),9,0.1,0.23090375337026814,0.0228759578436823,0.14991408934707906,0.029598455953974822,97,False
tct,6,bertQPP(QV),9,0.1,0.31188155377424964,0.0018720601120669584,0.2216494845360825,0.001298168853613724,97,True
tct,6,spatial,9,0.15,0.0883290879128061,0.3895981721094908,0.07001718213058421,0.30961588134500106,97,False
tct,6,spatial,9,0.15,0.30299016615738983,0.0025556792990164123,0.22680412371134026,0.0009976667225656776,97,True
tct,6,a_ratio,9,0.15,0.20286289431129262,0.046279027672028,0.11426116838487975,0.09730564872611688,97,False
tct,6,a_ratio,9,0.15,0.33007405464521183,0.0009608066972469758,0.23625429553264607,0.0006073368350083252,97,True
tct,6,nqc,9,0.15,0.16562286690478872,0.10496019009591095,0.06357388316151204,0.356252805453549,97,False
tct,6,nqc,9,0.15,0.25406234312174913,0.01203439159093096,0.12285223367697597,0.07463114343880432,97,True
tct,6,bertQPP,9,0.15,0.3124774886153653,0.001832782754745486,0.19501718213058422,0.004655971971265852,97,False
tct,6,bertQPP,9,0.15,0.37321565738846985,0.00016648886875992593,0.25859106529209624,0.00017511595223064058,97,True
tct,6,bertQPP(QV),9,0.15,0.2415578029120566,0.0171423514924706,0.14991408934707906,0.029598455953974822,97,False
tct,6,bertQPP(QV),9,0.15,0.32220912425468584,0.0012884268616603614,0.23024054982817874,0.0008346209629654949,97,True
tct,6,spatial,9,0.2,0.09966907634901664,0.3313877776995379,0.08204467353951891,0.23382603249144784,97,False
tct,6,spatial,9,0.2,0.30363318936416495,0.0024995836766967127,0.22637457044673542,0.0010200025736501021,97,True
tct,6,a_ratio,9,0.2,0.2212507702795119,0.029414530827929865,0.1164089347079038,0.09117630712765404,97,False
tct,6,a_ratio,9,0.2,0.3339265424977903,0.0008298173284374371,0.23754295532646055,0.0005668140402706258,97,True
tct,6,nqc,9,0.2,0.16733106595855501,0.10137414304950948,0.06400343642611686,0.3530123788503621,97,False
tct,6,nqc,9,0.2,0.25594691604877634,0.011393100873216431,0.12285223367697597,0.07463114343880432,97,True
tct,6,bertQPP,9,0.2,0.32352369597604935,0.0012274274617373303,0.2018900343642612,0.0033934144348203364,97,False
tct,6,bertQPP,9,0.2,0.3832610393096152,0.00010671291495775755,0.2680412371134021,0.00010041746330816103,97,True
tct,6,bertQPP(QV),9,0.2,0.2530248336871792,0.012400704508268492,0.1597938144329897,0.02040649882574069,97,False
tct,6,bertQPP(QV),9,0.2,0.33292955397542834,0.0008620533620811425,0.23539518900343648,0.0006358327263393619,97,True
tct,6,spatial,9,0.25,0.11129069213167588,0.2778099167907602,0.08247422680412372,0.23138680179907667,97,False
tct,6,spatial,9,0.25,0.3043501758627812,0.0024383446859929567,0.2285223367697595,0.0009127757207962206,97,True
tct,6,a_ratio,9,0.25,0.23570173188528967,0.02011764425584929,0.11855670103092786,0.08536128644887009,97,False
tct,6,a_ratio,9,0.25,0.33755592424520775,0.0007215423455295127,0.23754295532646055,0.0005668140402706258,97,True
tct,6,nqc,9,0.25,0.16926267711373782,0.09743554728467609,0.0657216494845361,0.340237883454913,97,False
tct,6,nqc,9,0.25,0.2580683684614603,0.010707104698086884,0.12671821305841927,0.06594102788919391,97,True
tct,6,bertQPP,9,0.25,0.33507407922463456,0.0007940780609967271,0.20833333333333337,0.0025015666651811157,97,False
tct,6,bertQPP,9,0.25,0.3933991617832243,6.711651940418664e-05,0.2731958762886598,7.358676773635807e-05,97,True
tct,6,bertQPP(QV),9,0.25,0.26526592857601405,0.008641551742642778,0.16924398625429557,0.01405239227763608,97,False
tct,6,bertQPP(QV),9,0.25,0.3438938119173921,0.0005629302527329054,0.23453608247422683,0.0006655682797928671,97,True
tct,6,spatial,9,0.3,0.12310387485628099,0.22963858038106819,0.08419243986254298,0.22181074839562664,97,False
tct,6,spatial,9,0.3,0.30515443210313864,0.0023712623381393974,0.23024054982817874,0.0008346209629654949,97,True
tct,6,a_ratio,9,0.3,0.24632244946738627,0.015009692479246169,0.11812714776632303,0.08649966115997804,97,False
tct,6,a_ratio,9,0.3,0.340860998202235,0.0006343449006393541,0.2336769759450172,0.0006965926026270434,97,True
tct,6,nqc,9,0.3,0.1714641608904191,0.0930945418204036,0.06486254295532648,0.34658765831762584,97,False
tct,6,nqc,9,0.3,0.26047368367545454,0.00997328174380947,0.12628865979381446,0.0668634129345248,97,True
tct,6,bertQPP,9,0.3,0.3469304022647075,0.0004988789115386544,0.2216494845360825,0.001298168853613724,97,False
tct,6,bertQPP,9,0.3,0.40336904748750024,4.1908688867920706e-05,0.2740549828178695,6.983500538924286e-05,97,True
tct,6,bertQPP(QV),9,0.3,0.2781662318860363,0.005801850423291651,0.1701030927835052,0.013572314777054699,97,False
tct,6,bertQPP(QV),9,0.3,0.3548706564798514,0.0003616716117272646,0.23840206185567014,0.0005412133012575864,97,True
tct,6,spatial,9,0.35,0.13500059737063067,0.1873665662264331,0.08805841924398626,0.2013104039967497,97,False
tct,6,spatial,9,0.35,0.3060625750321819,0.002297517190520969,0.23024054982817874,0.0008346209629654949,97,True
tct,6,a_ratio,9,0.35,0.25357096171786375,0.012206689803920277,0.1207044673539519,0.07984982362376257,97,False
tct,6,a_ratio,9,0.35,0.3437205195120918,0.0005668034664015165,0.2285223367697595,0.0009127757207962206,97,True
tct,6,nqc,9,0.35,0.17399565748236342,0.08829318549232505,0.06829896907216496,0.32163912125241456,97,False
tct,6,nqc,9,0.35,0.26322289936096754,0.009188860057490093,0.13058419243986258,0.05810246319620013,97,True
tct,6,bertQPP,9,0.35,0.3587630261772866,0.0003079646561394579,0.22207903780068733,0.0012702502748310276,97,False
tct,6,bertQPP,9,0.35,0.4127996746399531,2.6470603257657348e-05,0.2779209621993128,5.5081722625004346e-05,97,True
tct,6,bertQPP(QV),9,0.35,0.29149583081782615,0.0037690115863163475,0.17740549828178698,0.010042744211065484,97,False
tct,6,bertQPP(QV),9,0.35,0.3655239872053371,0.00023179606648917928,0.23883161512027495,0.0005288208236189078,97,True
tct,6,spatial,9,0.4,0.14685718937334896,0.15116728093122073,0.0889175257731959,0.1969487085850582,97,False
tct,6,spatial,9,0.4,0.3070955868874974,0.002216150098471944,0.22938144329896912,0.0008728876884960134,97,True
tct,6,a_ratio,9,0.4,0.2580687990696592,0.010706969208177548,0.11554982817869418,0.09358972367387966,97,False
tct,6,a_ratio,9,0.4,0.3459925411002861,0.0005179091900345013,0.2285223367697595,0.0009127757207962206,97,True
tct,6,nqc,9,0.4,0.17693633804536196,0.08296472141586318,0.0734536082474227,0.28647120739097054,97,False
tct,6,nqc,9,0.4,0.26639385100027557,0.008351849404420153,0.13230240549828182,0.05487593045339063,97,True
tct,6,bertQPP,9,0.4,0.3700672902630935,0.00019083022766016794,0.2212199312714777,0.001326652810302692,97,False
tct,6,bertQPP,9,0.4,0.4211901201102413,1.7383345194910684e-05,0.2779209621993128,5.5081722625004346e-05,97,True
tct,6,bertQPP(QV),9,0.4,0.3048621210817451,0.0023954489651066076,0.1902920962199313,0.005756239608165468,97,False
tct,6,bertQPP(QV),9,0.4,0.37539370535366795,0.00015136751691820563,0.24355670103092786,0.0004088834881762593,97,True
tct,6,spatial,9,0.45,0.15853846444944297,0.12089981321766008,0.09278350515463919,0.1781756748775648,97,False
tct,6,spatial,9,0.45,0.3082802712081164,0.002126042018323502,0.23109965635738836,0.0007979153488644113,97,True
tct,6,a_ratio,9,0.45,0.26045065489642777,0.009980092960795753,0.11039518900343644,0.10916471457232763,97,False
tct,6,a_ratio,9,0.45,0.347515396962941,0.00048733583654787647,0.22938144329896912,0.0008728876884960134,97,True
tct,6,nqc,9,0.45,0.18039242365765162,0.07703358359312248,0.07173539518900345,0.2978933833803449,97,False
tct,6,nqc,9,0.45,0.27008905621611046,0.007461745405254408,0.13359106529209622,0.05255528194642074,97,True
tct,6,bertQPP,9,0.45,0.38012679444128256,0.00012278925895108366,0.21864261168384883,0.0015100189795415188,97,False
tct,6,bertQPP,9,0.45,0.4279025234114603,1.2316517166405431e-05,0.27233676975945026,7.752860694391557e-05,97,True
tct,6,bertQPP(QV),9,0.45,0.3176625526246537,0.001521226511374026,0.18084192439862545,0.008684754281086702,97,False
tct,6,bertQPP(QV),9,0.45,0.38388921809769483,0.00010373571125147183,0.24656357388316158,0.0003463449485504128,97,True
tct,6,spatial,9,0.5,0.16990355956672892,0.0961557057328642,0.09750859106529211,0.15708030004273185,97,False
tct,6,spatial,9,0.5,0.3096512727370795,0.002025898686594515,0.23195876288659797,0.0007627126312502382,97,True
tct,6,a_ratio,9,0.5,0.26127782308782144,0.00973798279921212,0.11855670103092786,0.08536128644887009,97,False
tct,6,a_ratio,9,0.5,0.3481110921197187,0.0004758339334142703,0.23067010309278352,0.00081607670119364,97,True
tct,6,nqc,9,0.5,0.18450951162181178,0.07041720621044886,0.07130584192439864,0.3007958300881056,97,False
tct,6,nqc,9,0.5,0.2744458759767767,0.006520657235970025,0.1357388316151203,0.04887004601219989,97,True
tct,6,bertQPP,9,0.5,0.3880067514578451,8.605219191471102e-05,0.2203608247422681,0.0013853583021557498,97,False
tct,6,bertQPP,9,0.5,0.43218179173829935,9.84945981887715e-06,0.26932989690721654,9.295520334274114e-05,97,True
tct,6,bertQPP(QV),9,0.5,0.3290589109894074,0.000998326862152988,0.18857388316151205,0.006211170636578692,97,False
tct,6,bertQPP(QV),9,0.5,0.390308786682683,7.743074265273489e-05,0.24484536082474234,0.00038088964117221485,97,True
tct,6,spatial,9,0.55,0.1808130794834127,0.0763355004641428,0.09750859106529211,0.15708030004273185,97,False
tct,6,spatial,9,0.55,0.3112538686790415,0.0019142514060653485,0.23539518900343648,0.0006358327263393619,97,True
tct,6,a_ratio,9,0.55,0.2610054560912436,0.00981712887710469,0.1207044673539519,0.07984982362376257,97,False
tct,6,a_ratio,9,0.55,0.3475918555889836,0.0004858454068859659,0.22938144329896912,0.0008728876884960134,97,True
tct,6,nqc,9,0.55,0.18949204845199885,0.06303184627685428,0.07302405498281789,0.28929863271816614,97,False
tct,6,nqc,9,0.55,0.27965173081698036,0.005535078339596814,0.13702749140893475,0.046764860648197036,97,True
tct,6,bertQPP,9,0.55,0.39261173329722227,6.961564562031906e-05,0.2169243986254296,0.001644941169576058,97,False
tct,6,bertQPP,9,0.55,0.4332174389807947,9.32653707908084e-06,0.27061855670103097,8.601885162206065e-05,97,True
tct,6,bertQPP(QV),9,0.55,0.33800846010162766,0.0007089884782603634,0.18857388316151205,0.006211170636578692,97,False
tct,6,bertQPP(QV),9,0.55,0.39389856979824256,6.557507153065639e-05,0.2414089347079038,0.0004598488311252096,97,True
tct,6,spatial,9,0.6,0.19113683393906628,0.060736960005622224,0.09664948453608249,0.16076803875264556,97,False
tct,6,spatial,9,0.6,0.3131477304229521,0.0017894993623561541,0.23539518900343648,0.0006358327263393619,97,True
tct,6,a_ratio,9,0.6,0.25998256110757645,0.010119427468154682,0.1168384879725086,0.08998850130140247,97,False
tct,6,a_ratio,9,0.6,0.345770385700825,0.0005225134402854062,0.21477663230240554,0.0018291772025326055,97,True
tct,6,nqc,9,0.6,0.19563497458952145,0.05480697263167999,0.07216494845360825,0.295009708543132,97,False
tct,6,nqc,9,0.6,0.2859670540343092,0.004518581055308133,0.1443298969072165,0.03622527510674091,97,True
tct,6,bertQPP,9,0.6,0.3928395921352619,6.888370632895534e-05,0.21219931271477666,0.0020752134680172376,97,False
tct,6,bertQPP,9,0.6,0.43025582989601185,1.089596652013619e-05,0.2607388316151203,0.0001545669713814958,97,True
tct,6,bertQPP(QV),9,0.6,0.3433905589873646,0.0005742459221438997,0.18728522336769762,0.006573343269072617,97,False
tct,6,bertQPP(QV),9,0.6,0.39395738885780185,6.539570982373021e-05,0.2414089347079038,0.0004598488311252096,97,True
tct,6,spatial,9,0.65,0.20076125282720397,0.04863695091715838,0.09407216494845362,0.1722237215768213,97,False
tct,6,spatial,9,0.65,0.3154115874548099,0.001650051150846306,0.23582474226804126,0.000621432826309228,97,True
tct,6,a_ratio,9,0.65,0.2584669154043229,0.010582342831199394,0.12371134020618559,0.07262323979726368,97,False
tct,6,a_ratio,9,0.65,0.3424737816064394,0.0005953968706897493,0.21563573883161516,0.0017533187111864498,97,True
tct,6,nqc,9,0.65,0.20337650750301078,0.04571741590575964,0.07817869415807562,0.25660117603543875,97,False
tct,6,nqc,9,0.65,0.2937594968461203,0.0034956780853155015,0.14862542955326463,0.03102727109196935,97,True
tct,6,bertQPP,9,0.65,0.3878288867034315,8.675415947183293e-05,0.20833333333333337,0.0025015666651811157,97,False
tct,6,bertQPP,9,0.65,0.42275107465519157,1.605525358404776e-05,0.2598797250859107,0.00016249811961052113,97,True
tct,6,bertQPP(QV),9,0.65,0.34423853583171915,0.000555297441146948,0.18427835051546396,0.0074933028749945285,97,False
tct,6,bertQPP(QV),9,0.65,0.3899738755689702,7.863298298672461e-05,0.2414089347079038,0.0004598488311252096,97,True
tct,6,spatial,9,0.7,0.20959553933176117,0.039354385675917015,0.09235395189003438,0.18019329783502935,97,False
tct,6,spatial,9,0.7,0.3181474231613124,0.0014946996286107008,0.23582474226804126,0.000621432826309228,97,True
tct,6,a_ratio,9,0.7,0.25664400707410373,0.011163569754571832,0.11726804123711342,0.08881318243030219,97,False
tct,6,a_ratio,9,0.7,0.3375602917627844,0.0007214202205619489,0.2169243986254296,0.001644941169576058,97,True
tct,6,nqc,9,0.7,0.21338751151017069,0.03585089938960657,0.08075601374570447,0.24125289471425693,97,False
tct,6,nqc,9,0.7,0.3035514199628971,0.0025066549671782443,0.1512027491408935,0.028226597294347726,97,True
tct,6,bertQPP,9,0.7,0.37722946241230393,0.00013962142517993023,0.1984536082474227,0.003979453005162126,97,False
tct,6,bertQPP,9,0.7,0.4105142920273124,2.9625853208157762e-05,0.25000000000000006,0.00028586619810323126,97,True
tct,6,bertQPP(QV),9,0.7,0.3400177859350125,0.0006556237764930207,0.17482817869415812,0.011182156616858724,97,False
tct,6,bertQPP(QV),9,0.7,0.3817574904730785,0.00011416403676546429,0.22895189003436428,0.0008926252002239728,97,True
tct,6,spatial,9,0.75,0.21757579996858292,0.03228928336826957,0.09493127147766325,0.1683392012081001,97,False
tct,6,spatial,9,0.75,0.3214774737236276,0.001323557715965528,0.23582474226804126,0.000621432826309228,97,True
tct,6,a_ratio,9,0.75,0.25464473693660183,0.011832931151151867,0.11426116838487975,0.09730564872611688,97,False
tct,6,a_ratio,9,0.75,0.33093694533376283,0.0009299293090324642,0.21091065292096223,0.002209296231634933,97,True
tct,6,nqc,9,0.75,0.22671898074711594,0.025539672195003908,0.08676975945017183,0.2079844017382293,97,False
tct,6,nqc,9,0.75,0.31606744738488385,0.0016115320200970568,0.1589347079037801,0.021092644173514117,97,True
tct,6,bertQPP,9,0.75,0.36136860304865603,0.0002762283669366884,0.18771477663230243,0.006450561996249079,97,False
tct,6,bertQPP,9,0.75,0.39380207900561814,6.587030119106824e-05,0.23969072164948454,0.0005048251929224872,97,True
tct,6,bertQPP(QV),9,0.75,0.330822715433199,0.0009339642474164078,0.16494845360824745,0.01668446543769203,97,False
tct,6,bertQPP(QV),9,0.75,0.36951123360637694,0.0001954569719305475,0.22250859106529214,0.001242886914966472,97,True
tct,6,spatial,9,0.8,0.22466673416806401,0.026939682927882312,0.09793814432989692,0.1552606461818409,97,False
tct,6,spatial,9,0.8,0.32550515794903767,0.0011404312564614316,0.23711340206185572,0.000580033168540485,97,True
tct,6,a_ratio,9,0.8,0.2525599978607131,0.012567951615803853,0.11383161512027494,0.0985701799206937,97,False
tct,6,a_ratio,9,0.8,0.3225751783813775,0.0012711702377550718,0.20489690721649487,0.002946303078171719,97,True
tct,6,nqc,9,0.8,0.24500022527915166,0.015577125579243036,0.09278350515463919,0.1781756748775648,97,False
tct,6,nqc,9,0.8,0.33218299376646243,0.0008869358984848755,0.1597938144329897,0.02040649882574069,97,True
tct,6,bertQPP,9,0.8,0.3412082590969002,0.0006257668692440676,0.17396907216494847,0.011586707769612953,97,False
tct,6,bertQPP,9,0.8,0.3732977495830879,0.00016589445709222465,0.23238831615120278,0.0007456571945733053,97,True
tct,6,bertQPP(QV),9,0.8,0.3173750401822889,0.0015371569048928974,0.16881443298969073,0.014298004272030715,97,False
tct,6,bertQPP(QV),9,0.8,0.353809239087037,0.00037774439263663935,0.21821305841924402,0.0015427588468996702,97,True
tct,6,spatial,9,0.85,0.23086088086205903,0.022901993690690924,0.09750859106529211,0.15708030004273185,97,False
tct,6,spatial,9,0.85,0.3301119926079336,0.0009594297381574494,0.2328178694158076,0.0007289565212236814,97,True
tct,6,a_ratio,9,0.85,0.2504519117944244,0.013351340615880338,0.10996563573883163,0.110550087489207,97,False
tct,6,a_ratio,9,0.85,0.3125211639020614,0.0018299336861671393,0.19759450171821308,0.0041396512632380965,97,True
tct,6,nqc,9,0.85,0.27035166893096474,0.00740179829138221,0.0970790378006873,0.15891607395046403,97,False
tct,6,nqc,9,0.85,0.35222964074699414,0.0004028831023352414,0.17568728522336774,0.01079019991112942,97,True
tct,6,bertQPP,9,0.85,0.3181027267077611,0.0014971272698528844,0.15721649484536085,0.02252544814571104,97,False
tct,6,bertQPP,9,0.85,0.34998487403389,0.0004412592946761768,0.2134879725085911,0.0019486331283160838,97,True
tct,6,bertQPP(QV),9,0.85,0.3008167110564149,0.002753770160976763,0.15721649484536085,0.02252544814571104,97,False
tct,6,bertQPP(QV),9,0.85,0.33548403320902553,0.0007816550302838228,0.20403780068728525,0.00306822352558543,97,True
tct,6,spatial,9,0.9,0.23617579445587217,0.019861305350968087,0.09664948453608249,0.16076803875264556,97,False
tct,6,spatial,9,0.9,0.33395822510387957,0.0008288112023740713,0.22637457044673542,0.0010200025736501021,97,True
tct,6,a_ratio,9,0.9,0.2483621665512448,0.014169492759100559,0.1048109965635739,0.1282784361242476,97,False
tct,6,a_ratio,9,0.9,0.3008980801673212,0.0027461122998378353,0.18556701030927839,0.00708575590459897,97,True
tct,6,nqc,9,0.9,0.3022097704070986,0.002625279233781711,0.10609965635738833,0.1236515932692785,97,False
tct,6,nqc,9,0.9,0.3719175729253842,0.0001761539608079191,0.18943298969072167,0.005979808014005902,97,True
tct,6,bertQPP,9,0.9,0.293479326356678,0.003528516940567072,0.15249140893470792,0.026909885175764755,97,False
tct,6,bertQPP,9,0.9,0.3249625746417665,0.0011636779230619996,0.19329896907216498,0.0050318722795436996,97,True
tct,6,bertQPP(QV),9,0.9,0.28241149482720257,0.005068242718616175,0.14261168384879727,0.03850326567762371,97,False
tct,6,bertQPP(QV),9,0.9,0.31546859405208755,0.0016466703307337625,0.1868556701030928,0.006698222213035896,97,True
tct,6,spatial,9,0.95,0.24064977124477818,0.017577186417736666,0.10309278350515466,0.1346555631057889,97,False
tct,6,spatial,9,0.95,0.3291212156668243,0.000995986159380951,0.21950171821305847,0.0014464512863097319,97,True
tct,6,a_ratio,9,0.95,0.2463180618399602,0.015011545395759506,0.1048109965635739,0.1282784361242476,97,False
tct,6,a_ratio,9,0.95,0.2878990646806838,0.00424275923291055,0.16838487972508595,0.01454739544260673,97,True
tct,6,nqc,9,0.95,0.3163881405694287,0.001592995560899146,0.1168384879725086,0.08998850130140247,97,False
tct,6,nqc,9,0.95,0.3653056768653219,0.00023395540294402146,0.1782646048109966,0.009686599012848096,97,True
tct,6,bertQPP,9,0.95,0.26858087653923224,0.007814387991308019,0.12972508591065296,0.0597739314027888,97,False
tct,6,bertQPP,9,0.95,0.29927054954212134,0.002902978464278734,0.1666666666666667,0.01558372473088864,97,True
tct,6,bertQPP(QV),9,0.95,0.26329399662176806,0.009169314192043176,0.12156357388316154,0.07772782073014356,97,False
tct,6,bertQPP(QV),9,0.95,0.2946499235736564,0.0033931202474225654,0.1628006872852234,0.018155972846842318,97,True
tct,6,spatial,9,1.0,0.24433683458610744,0.015868752137366895,0.10567010309278352,0.12517917667351905,97,False
tct,6,spatial,9,1.0,0.27377169975194454,0.00665903523459164,0.14604810996563578,0.03406318246416719,97,True
tct,6,a_ratio,9,1.0,0.24433683458610744,0.015868752137366895,0.10567010309278352,0.12517917667351905,97,False
tct,6,a_ratio,9,1.0,0.27377169975194454,0.00665903523459164,0.14604810996563578,0.03406318246416719,97,True
tct,6,nqc,9,1.0,0.24433683458610744,0.015868752137366895,0.10567010309278352,0.12517917667351905,97,False
tct,6,nqc,9,1.0,0.27377169975194454,0.00665903523459164,0.14604810996563578,0.03406318246416719,97,True
tct,6,bertQPP,9,1.0,0.24433683458610744,0.015868752137366895,0.10567010309278352,0.12517917667351905,97,False
tct,6,bertQPP,9,1.0,0.27377169975194454,0.00665903523459164,0.14604810996563578,0.03406318246416719,97,True
tct,6,bertQPP(QV),9,1.0,0.24433683458610744,0.015868752137366895,0.10567010309278352,0.12517917667351905,97,False
tct,6,bertQPP(QV),9,1.0,0.27377169975194454,0.00665903523459164,0.14604810996563578,0.03406318246416719,97,True
tct,6,spatial,10,0.0,0.05662436928408979,0.5817035806866219,0.05884879725085912,0.3931257746774063,97,False
tct,6,spatial,10,0.0,0.30140663173848015,0.002698683355267398,0.22508591065292102,0.0010898172708815595,97,True
tct,6,a_ratio,10,0.0,0.13036017459168378,0.20312685957526477,0.077319587628866,0.2618647746424714,97,False
tct,6,a_ratio,10,0.0,0.3179270782315673,0.001506702097821934,0.22637457044673542,0.0010200025736501021,97,True
tct,6,nqc,10,0.0,0.1615099398749807,0.11400098795754592,0.0622852233676976,0.36608612957525455,97,False
tct,6,nqc,10,0.0,0.24949243904587196,0.013721734696835998,0.12328178694158079,0.07362159410235054,97,True
tct,6,bertQPP,10,0.0,0.2831364735704062,0.004951567617975609,0.1829896907216495,0.007921746820669876,97,False
tct,6,bertQPP,10,0.0,0.3450716181932688,0.0005372414756776113,0.2414089347079038,0.0004598488311252096,97,True
tct,6,bertQPP(QV),10,0.0,0.21197459236446753,0.03712443824555347,0.13702749140893475,0.046764860648197036,97,False
tct,6,bertQPP(QV),10,0.0,0.292713435162527,0.003619701320670527,0.202319587628866,0.003325969220576063,97,True
tct,6,spatial,10,0.05,0.0655727326078834,0.5233879520924929,0.057560137457044684,0.40356988208906586,97,False
tct,6,spatial,10,0.05,0.301767215011618,0.0026655020020416305,0.2255154639175258,0.0010660691222714972,97,True
tct,6,a_ratio,10,0.05,0.15337749765777234,0.13364020277276353,0.09536082474226806,0.16642177733641728,97,False
tct,6,a_ratio,10,0.05,0.32099124584046607,0.0013473830798292632,0.23067010309278352,0.00081607670119364,97,True
tct,6,nqc,10,0.05,0.16262720569159309,0.1114874259511503,0.06185567010309279,0.3694011818632015,97,False
tct,6,nqc,10,0.05,0.25073701998715914,0.01324296727243126,0.12328178694158079,0.07362159410235054,97,True
tct,6,bertQPP,10,0.05,0.29120105244488936,0.003805977258936421,0.18341924398625434,0.007776554495134835,97,False
tct,6,bertQPP,10,0.05,0.35279474453356946,0.00039371817613071856,0.24656357388316158,0.0003463449485504128,97,True
tct,6,bertQPP(QV),10,0.05,0.22007658510844572,0.03030851166030851,0.1439003436426117,0.036783724578164194,97,False
tct,6,bertQPP(QV),10,0.05,0.3008712105795063,0.0027486389477907884,0.21176975945017185,0.0021190549684448486,97,True
tct,6,spatial,10,0.1,0.07491934052756115,0.46579962623241017,0.06529209621993129,0.34340339579060297,97,False
tct,6,spatial,10,0.1,0.30216240804690336,0.002629557637219733,0.22680412371134026,0.0009976667225656776,97,True
tct,6,a_ratio,10,0.1,0.17501810110003618,0.08641057130767295,0.10438144329896909,0.12985027258664464,97,False
tct,6,a_ratio,10,0.1,0.3239626290980072,0.0012076519872749954,0.23410652920962205,0.0006809162092632265,97,True
tct,6,nqc,10,0.1,0.1638669051396824,0.10874902084026586,0.06185567010309279,0.3694011818632015,97,False
tct,6,nqc,10,0.1,0.2521132213817101,0.01273054976926718,0.12371134020618559,0.07262323979726368,97,True
tct,6,bertQPP,10,0.1,0.29980151195309257,0.002850940081290593,0.1890034364261169,0.006094500520977148,97,False
tct,6,bertQPP,10,0.1,0.36081552346067153,0.00028270132969652784,0.2530068728522337,0.00024121095691616908,97,True
tct,6,bertQPP(QV),10,0.1,0.2288341364026263,0.02416204809135966,0.14819587628865982,0.031516517606653575,97,False
tct,6,bertQPP(QV),10,0.1,0.3094233666262755,0.002042244892672629,0.21993127147766325,0.0014156009702633058,97,True
tct,6,spatial,10,0.15,0.08463128972192392,0.4098281207471627,0.06743986254295534,0.3277635503646662,97,False
tct,6,spatial,10,0.15,0.3025973551873262,0.002590501997964835,0.22680412371134026,0.0009976667225656776,97,True
tct,6,a_ratio,10,0.15,0.19416585904509115,0.056689129732418714,0.10996563573883163,0.110550087489207,97,False
tct,6,a_ratio,10,0.15,0.32678551579975607,0.0010872402763158174,0.23539518900343648,0.0006358327263393619,97,True
tct,6,nqc,10,0.15,0.16525019955177508,0.10575554800714355,0.06314432989690723,0.3595119194286538,97,False
tct,6,nqc,10,0.15,0.2536428723926423,0.012181341421088124,0.12328178694158079,0.07362159410235054,97,True
tct,6,bertQPP,10,0.15,0.3089187401785558,0.002078862918121164,0.19072164948453613,0.005647306460207743,97,False
tct,6,bertQPP,10,0.15,0.3690573068697343,0.00019931059047383637,0.2525773195876289,0.00024716269151633816,97,True
tct,6,bertQPP(QV),10,0.15,0.23826871592802218,0.018762873098443218,0.15077319587628868,0.0286776674564184,97,False
tct,6,bertQPP(QV),10,0.15,0.31831192358658095,0.0014857956666206706,0.22422680412371138,0.0011387880187863695,97,True
tct,6,spatial,10,0.2,0.09466028034418683,0.356381066105584,0.07946735395189004,0.2488442983857856,97,False
tct,6,spatial,10,0.2,0.3030782470133966,0.002547928986899221,0.22594501718213064,0.0010428004886634003,97,True
tct,6,a_ratio,10,0.2,0.21000941536462103,0.03895859875176536,0.11769759450171824,0.08765026442852013,97,False
tct,6,a_ratio,10,0.2,0.32939117681399777,0.0009859017370293405,0.23195876288659797,0.0007627126312502382,97,True
tct,6,nqc,10,0.2,0.16680338681311357,0.10247150660474746,0.06400343642611686,0.3530123788503621,97,False
tct,6,nqc,10,0.2,0.25535284840135275,0.011591952442398462,0.12285223367697597,0.07463114343880432,97,True
tct,6,bertQPP,10,0.2,0.31849504774931353,0.0014759402396253962,0.19888316151202753,0.0039014834427261624,97,False
tct,6,bertQPP,10,0.2,0.37739844512340925,0.00013858378007470474,0.26116838487972516,0.00015073942387955493,97,True
tct,6,bertQPP(QV),10,0.2,0.24837473913356925,0.014164443176292504,0.1589347079037801,0.021092644173514117,97,False
tct,6,bertQPP(QV),10,0.2,0.3274369569156957,0.0010610527120117588,0.23410652920962205,0.0006809162092632265,97,True
tct,6,spatial,10,0.25,0.10494099897756909,0.30631812956835336,0.07989690721649485,0.24629548858904848,97,False
tct,6,spatial,10,0.25,0.30361258991809803,0.002501363390530459,0.22637457044673542,0.0010200025736501021,97,True
tct,6,a_ratio,10,0.25,0.22220457754591166,0.02870486389393661,0.12585910652920965,0.0677963948466897,97,False
tct,6,a_ratio,10,0.25,0.3316960088356338,0.0009035181206290303,0.23840206185567014,0.0005412133012575864,97,True
tct,6,nqc,10,0.25,0.16855954537778495,0.09885507512605585,0.06486254295532648,0.34658765831762584,97,False
tct,6,nqc,10,0.25,0.2572765933640049,0.01095878664157123,0.1254295532646048,0.06874005870255491,97,True
tct,6,bertQPP,10,0.25,0.32841393103936256,0.0010228540370494877,0.20833333333333337,0.0025015666651811157,97,False
tct,6,bertQPP,10,0.25,0.38565665336946076,9.57677926726528e-05,0.27018900343642616,8.827472841766767e-05,97,True
tct,6,bertQPP(QV),10,0.25,0.2591013808540532,0.010386353098667901,0.16494845360824745,0.01668446543769203,97,False
tct,6,bertQPP(QV),10,0.25,0.3366411773225368,0.0007475411203712128,0.23067010309278352,0.00081607670119364,97,True
tct,6,spatial,10,0.3,0.11539035271016054,0.2603794520183664,0.08161512027491409,0.23628343229817084,97,False
tct,6,spatial,10,0.3,0.30420955785670506,0.002450247497909563,0.22723367697594504,0.000975784420613921,97,True
tct,6,a_ratio,10,0.3,0.23087030003520193,0.022896271394391127,0.1314432989690722,0.05647001729864357,97,False
tct,6,a_ratio,10,0.3,0.33359991702392255,0.0008402549704393093,0.2328178694158076,0.0007289565212236814,97,True
tct,6,nqc,10,0.3,0.17056084502447177,0.09485689700682479,0.06486254295532648,0.34658765831762584,97,False
tct,6,nqc,10,0.3,0.25945621549264897,0.01027813465110998,0.12628865979381446,0.0668634129345248,97,True
tct,6,bertQPP,10,0.3,0.3384727757299444,0.0006963156852920088,0.21821305841924402,0.0015427588468996702,97,False
tct,6,bertQPP,10,0.3,0.3935709497546699,6.658252047582708e-05,0.27233676975945026,7.752860694391557e-05,97,True
tct,6,bertQPP(QV),10,0.3,0.27032652631770615,0.0074075191849499854,0.1679553264604811,0.014800614099959652,97,False
tct,6,bertQPP(QV),10,0.3,0.3456920004650508,0.000524146940733254,0.23453608247422683,0.0006655682797928671,97,True
tct,6,spatial,10,0.35,0.12590795630068458,0.21912014593590867,0.0850515463917526,0.21713063766326968,97,False
tct,6,spatial,10,0.35,0.30488045302484146,0.0023939256228681337,0.22766323024054988,0.0009543472910132449,97,True
tct,6,a_ratio,10,0.35,0.23645211317714976,0.019713190522921968,0.13831615120274915,0.044736513464296176,97,False
tct,6,a_ratio,10,0.35,0.3349852646479452,0.000796793102816361,0.2298109965635739,0.0008535554716530555,97,True
tct,6,nqc,10,0.35,0.1728618574663764,0.0904187334423857,0.06743986254295534,0.3277635503646662,97,False
tct,6,nqc,10,0.35,0.261945416154678,0.009546352033679763,0.12800687285223372,0.06323660544752113,97,True
tct,6,bertQPP,10,0.35,0.3483487616244527,0.0004713148712842584,0.2177835051546392,0.0015761513468118154,97,False
tct,6,bertQPP,10,0.35,0.4007833242488047,4.742152625674347e-05,0.27577319587628873,6.286763010435062e-05,97,True
tct,6,bertQPP(QV),10,0.35,0.28182188694388244,0.0051649284124621764,0.17353951890034366,0.011793812186781842,97,False
tct,6,bertQPP(QV),10,0.35,0.35426326353717424,0.00037079046147802026,0.24312714776632308,0.0004186340215940853,97,True
tct,6,spatial,10,0.4,0.13637822573122949,0.18286347284358,0.0893470790378007,0.19479398827541883,97,False
tct,6,spatial,10,0.4,0.3056393088321405,0.002331627090278296,0.22766323024054988,0.0009543472910132449,97,True
tct,6,a_ratio,10,0.4,0.23954515858676145,0.018118958507262507,0.13402061855670105,0.051800200122302374,97,False
tct,6,a_ratio,10,0.4,0.33571684497939236,0.0007746793124665569,0.22809278350515466,0.000933347093157991,97,True
tct,6,nqc,10,0.4,0.17553440036518286,0.08547211332707957,0.07087628865979383,0.3037170573623521,97,False
tct,6,nqc,10,0.4,0.2648136481937416,0.00876017820182818,0.13187285223367698,0.055668220302014286,97,True
tct,6,bertQPP,10,0.4,0.35756168832556134,0.0003237002563128803,0.21907216494845363,0.0014779202366871586,97,False
tct,6,bertQPP,10,0.4,0.406824836128283,3.547140961807191e-05,0.2766323024054983,5.9635866438532616e-05,97,True
tct,6,bertQPP(QV),10,0.4,0.29321112305478936,0.003560211597926929,0.17912371134020622,0.009341755733078497,97,False
tct,6,bertQPP(QV),10,0.4,0.36192129221741126,0.0002698967477320849,0.2452749140893471,0.0003719636432157586,97,True
tct,6,spatial,10,0.45,0.14667428017878484,0.15168268032979107,0.09063573883161513,0.18843365829791547,97,False
tct,6,spatial,10,0.45,0.30650367187586025,0.0022624495712214874,0.2285223367697595,0.0009127757207962206,97,True
tct,6,a_ratio,10,0.45,0.240751844679368,0.017527835873220984,0.13359106529209622,0.05255528194642074,97,False
tct,6,a_ratio,10,0.45,0.3356434535794657,0.0007768721699343644,0.2285223367697595,0.0009127757207962206,97,True
tct,6,nqc,10,0.45,0.1786747907836973,0.07993731642307614,0.07044673539518902,0.3066570724911982,97,False
tct,6,nqc,10,0.45,0.2681521137619445,0.0079172870096937,0.1327319587628866,0.054093065441640706,97,True
tct,6,bertQPP,10,0.45,0.3654441345867895,0.00023258375549962937,0.20876288659793818,0.0024505203740822256,97,False
tct,6,bertQPP,10,0.45,0.4111142939321425,2.87650579478685e-05,0.272766323024055,7.553337506197832e-05,97,True
tct,6,bertQPP(QV),10,0.45,0.30392916291223804,0.0024741382351290237,0.18041237113402064,0.008845012615594157,97,False
tct,6,bertQPP(QV),10,0.45,0.3681234032176375,0.00020746085319237615,0.24355670103092786,0.0004088834881762593,97,True
tct,6,spatial,10,0.5,0.1566635966067479,0.12541531148504098,0.09793814432989692,0.1552606461818409,97,False
tct,6,spatial,10,0.5,0.3074955883701477,0.0021853477042007067,0.2298109965635739,0.0008535554716530555,97,True
tct,6,a_ratio,10,0.5,0.24060029856627493,0.017601148601380227,0.138745704467354,0.04407710548149226,97,False
tct,6,a_ratio,10,0.5,0.334601713520697,0.0008086158047555722,0.22723367697594504,0.000975784420613921,97,True
tct,6,nqc,10,0.5,0.1824149837757083,0.07372347550178009,0.06872852233676977,0.3186051074891699,97,False
tct,6,nqc,10,0.5,0.2720825432235196,0.007017214749787543,0.1357388316151203,0.04887004601219989,97,True
tct,6,bertQPP,10,0.5,0.37113932052760734,0.0001821948544965445,0.21477663230240554,0.0018291772025326055,97,False
tct,6,bertQPP,10,0.5,0.41298096408743756,2.623427245183962e-05,0.26632302405498287,0.00011124963084926736,97,True
tct,6,bertQPP(QV),10,0.5,0.31320168674736176,0.0017860554658568064,0.1868556701030928,0.006698222213035896,97,False
tct,6,bertQPP(QV),10,0.5,0.37223993947439044,0.00017370643200778307,0.24183848797250862,0.0004492042155364218,97,True
tct,6,spatial,10,0.55,0.16621503029125567,0.10370599777571364,0.10051546391752579,0.14467719951816677,97,False
tct,6,spatial,10,0.55,0.308642760757394,0.00209913897674272,0.23195876288659797,0.0007627126312502382,97,True
tct,6,a_ratio,10,0.55,0.23951446918116767,0.0181342137412403,0.13616838487972513,0.04815964796946807,97,False
tct,6,a_ratio,10,0.55,0.33242276497343226,0.0008788739131514124,0.22680412371134026,0.0009976667225656776,97,True
tct,6,nqc,10,0.55,0.1869401445588797,0.06673155679660049,0.07087628865979383,0.3037170573623521,97,False
tct,6,nqc,10,0.55,0.27677018486148675,0.00606289269842625,0.13530927835051548,0.04958921997609662,97,True
tct,6,bertQPP,10,0.55,0.3736563076201587,0.00016332117446483523,0.21821305841924402,0.0015427588468996702,97,False
tct,6,bertQPP,10,0.55,0.41172312407912426,2.7915552140663512e-05,0.2710481099656358,8.381752378824866e-05,97,True
tct,6,bertQPP(QV),10,0.55,0.3200761067671333,0.001393283940396302,0.18771477663230243,0.006450561996249079,97,False
tct,6,bertQPP(QV),10,0.55,0.37361072587279437,0.00016364624054499946,0.2439862542955327,0.0003993454119661632,97,True
tct,6,spatial,10,0.6,0.17520648530749103,0.08606720794050855,0.10567010309278352,0.12517917667351905,97,False
tct,6,spatial,10,0.6,0.30997963055861255,0.0020025554272700323,0.2328178694158076,0.0007289565212236814,97,True
tct,6,a_ratio,10,0.6,0.23781552924716493,0.018996178426902544,0.12972508591065296,0.0597739314027888,97,False
tct,6,a_ratio,10,0.6,0.3289421919318264,0.0010027253320087338,0.21821305841924402,0.0015427588468996702,97,True
tct,6,nqc,10,0.6,0.19251714463131586,0.058864077269292714,0.06701030927835053,0.3308539585593422,97,False
tct,6,nqc,10,0.6,0.2824430384480684,0.005063115772302113,0.13917525773195877,0.0434259212403691,97,True
tct,6,bertQPP,10,0.6,0.37200961796990406,0.00017545188495521146,0.21520618556701035,0.0017908788065225548,97,False
tct,6,bertQPP,10,0.6,0.406707511720413,3.56738847270315e-05,0.26159793814432997,0.00014700123564547276,97,True
tct,6,bertQPP(QV),10,0.6,0.3235381749581808,0.0012267704671627415,0.1984536082474227,0.003979453005162126,97,False
tct,6,bertQPP(QV),10,0.6,0.37163941581620696,0.00017829144016830715,0.24484536082474234,0.00038088964117221485,97,True
tct,6,spatial,10,0.65,0.18353229055811376,0.07194456555865737,0.10524054982817871,0.12672143082539938,97,False
tct,6,spatial,10,0.65,0.31154747065494204,0.0018944104655907081,0.2366838487972509,0.0005935388745829456,97,True
tct,6,a_ratio,10,0.65,0.23573728194973712,0.020098323286376573,0.13487972508591067,0.050317249987351625,97,False
tct,6,a_ratio,10,0.65,0.3240130542668379,0.0012053988023148483,0.21563573883161516,0.0017533187111864498,97,True
tct,6,nqc,10,0.65,0.19954193002832654,0.05004988286300514,0.07216494845360825,0.295009708543132,97,False
tct,6,nqc,10,0.65,0.2894195891410762,0.004036356113890392,0.14218213058419246,0.039091423487606906,97,True
tct,6,bertQPP,10,0.65,0.3654406328549181,0.00023261835408761578,0.2100515463917526,0.0023030471051788694,97,False
tct,6,bertQPP,10,0.65,0.39749798744875553,5.540294165661586e-05,0.2517182130584193,0.00025948171452482385,97,True
tct,6,bertQPP(QV),10,0.65,0.3227229533991947,0.00126426347837694,0.19673539518900346,0.004305679427335466,97,False
tct,6,bertQPP(QV),10,0.65,0.3659125971265398,0.00022799775321872604,0.24269759450171827,0.0004286013573495472,97,True
tct,6,spatial,10,0.7,0.1911092970207134,0.06077481226864441,0.10567010309278352,0.12517917667351905,97,False
tct,6,spatial,10,0.7,0.31339041192378225,0.0017740567165029056,0.23324742268041243,0.0007126038672884247,97,True
tct,6,a_ratio,10,0.7,0.23344504936551377,0.02137720821632911,0.13359106529209622,0.05255528194642074,97,False
tct,6,a_ratio,10,0.7,0.3175211198583336,0.0015290441745538898,0.21950171821305847,0.0014464512863097319,97,True
tct,6,nqc,10,0.7,0.2086192090693304,0.040301369321083066,0.07044673539518902,0.3066570724911982,97,False
tct,6,nqc,10,0.7,0.29814454009326596,0.0030161687705292247,0.14647766323024058,0.03354022455213661,97,True
tct,6,bertQPP,10,0.7,0.35365970102908306,0.00038006087807211186,0.19974226804123715,0.0037496927052216027,97,False
tct,6,bertQPP,10,0.7,0.38397916304369617,0.00010331579335674645,0.2444158075601375,0.0003900155261817713,97,True
tct,6,bertQPP(QV),10,0.7,0.3171677540990634,0.0015487357732678817,0.18943298969072167,0.005979808014005902,97,False
tct,6,bertQPP(QV),10,0.7,0.3563100455211991,0.00034087971097967974,0.22938144329896912,0.0008728876884960134,97,True
tct,6,spatial,10,0.75,0.1978808956202909,0.05202898477678624,0.10352233676975947,0.1330387570764664,97,False
tct,6,spatial,10,0.75,0.3155370786819543,0.0016426170915191504,0.23410652920962205,0.0006809162092632265,97,True
tct,6,a_ratio,10,0.75,0.2310530355412973,0.022785498318589628,0.12714776632302408,0.06502915478137135,97,False
tct,6,a_ratio,10,0.75,0.30940047234524504,0.002043893512968534,0.21993127147766325,0.0014156009702633058,97,True
tct,6,nqc,10,0.75,0.22069200515385362,0.029837130320072302,0.0777491408934708,0.2592237212301055,97,False
tct,6,nqc,10,0.75,0.3092140897837775,0.002057359719390766,0.14819587628865982,0.031516517606653575,97,True
tct,6,bertQPP,10,0.75,0.33699698060510097,0.0007373284775461471,0.1898625429553265,0.005867063974983271,97,False
tct,6,bertQPP,10,0.75,0.36642671767981133,0.00022306099402445774,0.23625429553264607,0.0006073368350083252,97,True
tct,6,bertQPP(QV),10,0.75,0.3069924192813385,0.0022241578449088157,0.17225085910652924,0.012434959394241826,97,False
tct,6,bertQPP(QV),10,0.75,0.3430623747101954,0.0005817370318531366,0.2173539518900344,0.0016102081655090619,97,True
tct,6,spatial,10,0.8,0.20381852223383728,0.04523862864197308,0.10824742268041239,0.11623089832126132,97,False
tct,6,spatial,10,0.8,0.31793106605136334,0.0015064841021548627,0.2336769759450172,0.0006965926026270434,97,True
tct,6,a_ratio,10,0.8,0.22863844824311486,0.024286782817659384,0.1284364261168385,0.06235576017343852,97,False
tct,6,a_ratio,10,0.8,0.2996468829815438,0.0028660077237961726,0.20790378006872856,0.0025535840012904936,97,True
tct,6,nqc,10,0.8,0.23720612430391547,0.019313838724613702,0.08462199312714778,0.2194617374170329,97,False
tct,6,nqc,10,0.8,0.3232813002962386,0.0012384739378145727,0.1516323024054983,0.027781654237823455,97,True
tct,6,bertQPP,10,0.8,0.31636708646108364,0.001594206564391942,0.18127147766323026,0.008527096049992753,97,False
tct,6,bertQPP,10,0.8,0.34548724929686225,0.0005284359479634793,0.22723367697594504,0.000975784420613921,97,True
tct,6,bertQPP(QV),10,0.8,0.29289855909000534,0.003597469929006494,0.17053264604811,0.013337754848227265,97,False
tct,6,bertQPP(QV),10,0.8,0.3267262320186721,0.00108965241344832,0.21950171821305847,0.0014464512863097319,97,True
tct,6,spatial,10,0.85,0.2089206629517655,0.04000696823591108,0.11297250859106532,0.10113858933462912,97,False
tct,6,spatial,10,0.85,0.3201651657801837,0.0013887554670862024,0.22938144329896912,0.0008728876884960134,97,True
tct,6,a_ratio,10,0.85,0.2262522593655989,0.02585249820720244,0.1245704467353952,0.07065977324075139,97,False
tct,6,a_ratio,10,0.85,0.2883260563670561,0.004183866716939168,0.20575601374570449,0.0028288190417010725,97,True
tct,6,nqc,10,0.85,0.2599628953566282,0.010125318372781052,0.0893470790378007,0.19479398827541883,97,False
tct,6,nqc,10,0.85,0.3402835915036714,0.0006488465777405928,0.16924398625429557,0.01405239227763608,97,True
tct,6,bertQPP,10,0.85,0.2930508525016693,0.0035792728358092336,0.16151202749140894,0.01909240321886764,97,False
tct,6,bertQPP,10,0.85,0.32206769593905904,0.0012951509022225938,0.21477663230240554,0.0018291772025326055,97,True
tct,6,bertQPP(QV),10,0.85,0.2759781337957299,0.00621557929496337,0.1585051546391753,0.021443192891173694,97,False
tct,6,bertQPP(QV),10,0.85,0.3080822243052014,0.0021408716125329214,0.2014604810996564,0.0034621026042757834,97,True
tct,6,spatial,10,0.9,0.21320977370924865,0.03600905984834649,0.1164089347079038,0.09117630712765404,97,False
tct,6,spatial,10,0.9,0.3203596309563377,0.0013789136891876562,0.22594501718213064,0.0010428004886634003,97,True
tct,6,a_ratio,10,0.9,0.22392709842039937,0.027459985917718567,0.12113402061855671,0.07878300963914868,97,False
tct,6,a_ratio,10,0.9,0.27557439870621736,0.006294711917753566,0.19458762886597944,0.004747484369155047,97,True
tct,6,nqc,10,0.9,0.2878677928259571,0.004247101317252081,0.10395189003436428,0.13143701983340042,97,False
tct,6,nqc,10,0.9,0.35530475636064723,0.0003552813608203923,0.18170103092783507,0.008372001763204117,97,True
tct,6,bertQPP,10,0.9,0.2684009974158702,0.007857412838429383,0.1512027491408935,0.028226597294347726,97,False
tct,6,bertQPP,10,0.9,0.2971749372438607,0.003116794000885254,0.19243986254295536,0.005229928831102741,97,True
tct,6,bertQPP(QV),10,0.9,0.2574342171140615,0.010908274240651855,0.1469072164948454,0.033024149712135395,97,False
tct,6,bertQPP(QV),10,0.9,0.2879944630800721,0.004229537671890954,0.186426116838488,0.006825229731210832,97,True
tct,6,spatial,10,0.95,0.2167277870845684,0.03298527345780889,0.11512027491408937,0.09481550621817705,97,False
tct,6,spatial,10,0.95,0.309706779048489,0.002021935516679563,0.22379725085910657,0.0011640289366746655,97,True
tct,6,a_ratio,10,0.95,0.22168291108970808,0.029091183303382968,0.11769759450171824,0.08765026442852013,97,False
tct,6,a_ratio,10,0.95,0.26159134399782885,0.00964757130779369,0.17225085910652924,0.012434959394241826,97,True
tct,6,nqc,10,0.95,0.29618946944003566,0.0032221417355428623,0.1164089347079038,0.09117630712765404,97,False
tct,6,nqc,10,0.95,0.3422475710051551,0.000600724369016835,0.18256013745704472,0.00806936233603351,97,True
tct,6,bertQPP,10,0.95,0.2435992447384503,0.016198532377236938,0.13487972508591067,0.050317249987351625,97,False
tct,6,bertQPP,10,0.95,0.2717622644483366,0.0070870168622629015,0.17353951890034366,0.011793812186781842,97,True
tct,6,bertQPP(QV),10,0.95,0.23834374057514862,0.018724488545939798,0.1314432989690722,0.05647001729864357,97,False
tct,6,bertQPP(QV),10,0.95,0.26728045989619054,0.008130163918408994,0.16967353951890035,0.013810511589466142,97,True
tct,6,spatial,10,1.0,0.21953095830189231,0.030731685842152738,0.11769759450171824,0.08765026442852013,97,False
tct,6,spatial,10,1.0,0.24662414497751642,0.014882759559758646,0.15206185567010314,0.02734277211201925,97,True
tct,6,a_ratio,10,1.0,0.21953095830189231,0.030731685842152738,0.11769759450171824,0.08765026442852013,97,False
tct,6,a_ratio,10,1.0,0.24662414497751642,0.014882759559758646,0.15206185567010314,0.02734277211201925,97,True
tct,6,nqc,10,1.0,0.21953095830189231,0.030731685842152738,0.11769759450171824,0.08765026442852013,97,False
tct,6,nqc,10,1.0,0.24662414497751642,0.014882759559758646,0.15206185567010314,0.02734277211201925,97,True
tct,6,bertQPP,10,1.0,0.21953095830189231,0.030731685842152738,0.11769759450171824,0.08765026442852013,97,False
tct,6,bertQPP,10,1.0,0.24662414497751642,0.014882759559758646,0.15206185567010314,0.02734277211201925,97,True
tct,6,bertQPP(QV),10,1.0,0.21953095830189231,0.030731685842152738,0.11769759450171824,0.08765026442852013,97,False
tct,6,bertQPP(QV),10,1.0,0.24662414497751642,0.014882759559758646,0.15206185567010314,0.02734277211201925,97,True
tct,6,spatial,11,0.0,0.05662436928408979,0.5817035806866219,0.05884879725085912,0.3931257746774063,97,False
tct,6,spatial,11,0.0,0.30140663173848015,0.002698683355267398,0.22508591065292102,0.0010898172708815595,97,True
tct,6,a_ratio,11,0.0,0.13036017459168378,0.20312685957526477,0.077319587628866,0.2618647746424714,97,False
tct,6,a_ratio,11,0.0,0.3179270782315673,0.001506702097821934,0.22637457044673542,0.0010200025736501021,97,True
tct,6,nqc,11,0.0,0.1615099398749807,0.11400098795754592,0.0622852233676976,0.36608612957525455,97,False
tct,6,nqc,11,0.0,0.24949243904587196,0.013721734696835998,0.12328178694158079,0.07362159410235054,97,True
tct,6,bertQPP,11,0.0,0.2831364735704062,0.004951567617975609,0.1829896907216495,0.007921746820669876,97,False
tct,6,bertQPP,11,0.0,0.3450716181932688,0.0005372414756776113,0.2414089347079038,0.0004598488311252096,97,True
tct,6,bertQPP(QV),11,0.0,0.21197459236446753,0.03712443824555347,0.13702749140893475,0.046764860648197036,97,False
tct,6,bertQPP(QV),11,0.0,0.292713435162527,0.003619701320670527,0.202319587628866,0.003325969220576063,97,True
tct,6,spatial,11,0.05,0.06410340469552163,0.5327570664857119,0.056701030927835065,0.41062402699366984,97,False
tct,6,spatial,11,0.05,0.30171280043067245,0.0026704856802722663,0.22637457044673542,0.0010200025736501021,97,True
tct,6,a_ratio,11,0.05,0.14979779019383627,0.1430605484006388,0.09364261168384881,0.17419095096502246,97,False
tct,6,a_ratio,11,0.05,0.3205042010033727,0.0013716381431322716,0.22938144329896912,0.0008728876884960134,97,True
tct,6,nqc,11,0.05,0.1624950781060858,0.1117824157069725,0.06185567010309279,0.3694011818632015,97,False
tct,6,nqc,11,0.05,0.2506267954653091,0.013284773968496477,0.12371134020618559,0.07262323979726368,97,True
tct,6,bertQPP,11,0.05,0.29057530642470336,0.0038855232253264082,0.1829896907216495,0.007921746820669876,97,False
tct,6,bertQPP,11,0.05,0.3523783423785164,0.00040045261509655174,0.24570446735395193,0.0003632334933323789,97,True
tct,6,bertQPP(QV),11,0.05,0.2192613958374196,0.030942587393965763,0.1434707903780069,0.037349490378258986,97,False
tct,6,bertQPP(QV),11,0.05,0.3002198342434724,0.0028105332097888695,0.21262886597938147,0.002032205430312129,97,True
tct,6,spatial,11,0.1,0.07190483134979792,0.48398564066790606,0.06142611683848798,0.37273483374323335,97,False
tct,6,spatial,11,0.1,0.3020480957992693,0.002639909700750112,0.22723367697594504,0.000975784420613921,97,True
tct,6,a_ratio,11,0.1,0.1678909002934994,0.10022000100721706,0.09793814432989692,0.1552606461818409,97,False
tct,6,a_ratio,11,0.1,0.3229781765571562,0.0012524150142091944,0.23024054982817874,0.0008346209629654949,97,True
tct,6,nqc,11,0.1,0.16358803354878398,0.10936041662541071,0.0622852233676976,0.36608612957525455,97,False
tct,6,nqc,11,0.1,0.25188122218812137,0.0128157031251457,0.12328178694158079,0.07362159410235054,97,True
tct,6,bertQPP,11,0.1,0.298520365197502,0.0029779566225037117,0.18513745704467358,0.007219338175415614,97,False
tct,6,bertQPP,11,0.1,0.35999900104909277,0.0002925134528692256,0.2512886597938145,0.00026585493232954136,97,True
tct,6,bertQPP(QV),11,0.1,0.2271407883876257,0.0252597283136722,0.14905498281786944,0.030544557732034724,97,False
tct,6,bertQPP(QV),11,0.1,0.30810351902886046,0.002139272614704156,0.22079037800687287,0.0013557124652369783,97,True
tct,6,spatial,11,0.15,0.08000123965955037,0.43600552753126737,0.06486254295532648,0.34658765831762584,97,False
tct,6,spatial,11,0.15,0.3024167921421085,0.0026066516671336324,0.22637457044673542,0.0010200025736501021,97,True
tct,6,a_ratio,11,0.15,0.18368519735265648,0.07170383093009,0.10781786941580758,0.11768634646990996,97,False
tct,6,a_ratio,11,0.15,0.3252943443835357,0.001149412792742099,0.23152920962199317,0.0007801296905645403,97,True
tct,6,nqc,11,0.15,0.1648074160169427,0.10670665693620612,0.06357388316151204,0.356252805453549,97,False
tct,6,nqc,11,0.15,0.25327566102099364,0.01231126562008815,0.12371134020618559,0.07262323979726368,97,True
tct,6,bertQPP,11,0.15,0.30695481511621514,0.002227083117665346,0.19243986254295536,0.005229928831102741,97,False
tct,6,bertQPP,11,0.15,0.3678687789082702,0.0002097358218087218,0.25343642611683853,0.00023539388087640415,97,True
tct,6,bertQPP(QV),11,0.15,0.2356317488948506,0.020155725655551855,0.1512027491408935,0.028226597294347726,97,False
tct,6,bertQPP(QV),11,0.15,0.3163154928621965,0.0015971776841072257,0.22336769759450176,0.0011897860106094835,97,True
tct,6,spatial,11,0.2,0.0883527161640209,0.3894708597151679,0.07259450171821306,0.29214479548279504,97,False
tct,6,spatial,11,0.2,0.3028240162483835,0.0025703567544599995,0.2255154639175258,0.0010660691222714972,97,True
tct,6,a_ratio,11,0.2,0.19649422619911325,0.05373011828348109,0.1086769759450172,0.11478963120763813,97,False
tct,6,a_ratio,11,0.2,0.3273848271167501,0.0010631269674003488,0.23109965635738836,0.0007979153488644113,97,True
tct,6,nqc,11,0.2,0.16617634584049862,0.1037875713246379,0.06486254295532648,0.34658765831762584,97,False
tct,6,nqc,11,0.2,0.25483467339893806,0.011767868274583823,0.12414089347079041,0.07163599473940602,97,True
tct,6,bertQPP,11,0.2,0.3158239043339805,0.0016257393842472841,0.1971649484536083,0.004221925130091803,97,False
tct,6,bertQPP,11,0.2,0.3758799251032319,0.00014817040268530574,0.2607388316151203,0.0001545669713814958,97,True
tct,6,bertQPP(QV),11,0.2,0.2447274065257942,0.015696490072668264,0.15635738831615123,0.02327305567367708,97,False
tct,6,bertQPP(QV),11,0.2,0.32476804048386054,0.001172117014446198,0.2285223367697595,0.0009127757207962206,97,True
tct,6,spatial,11,0.25,0.09690548340249491,0.3450365815260395,0.07560137457044674,0.27261459721837655,97,False
tct,6,spatial,11,0.25,0.30327596003780577,0.0025306090198485643,0.22465635738831619,0.0011140538745299275,97,True
tct,6,a_ratio,11,0.25,0.20604093734296514,0.04289393276497962,0.1168384879725086,0.08998850130140247,97,False
tct,6,a_ratio,11,0.25,0.3291663764676609,0.0009942926555176724,0.23152920962199317,0.0007801296905645403,97,True
tct,6,nqc,11,0.25,0.16772389507161783,0.10056321107952744,0.06443298969072167,0.34979065764691386,97,False
tct,6,nqc,11,0.25,0.2565888382874871,0.011181586744042385,0.1254295532646048,0.06874005870255491,97,True
tct,6,bertQPP,11,0.25,0.32501380817614056,0.0011614645712283464,0.2053264604810997,0.002887015591872923,97,False
tct,6,bertQPP,11,0.25,0.3838650786622536,0.00010384867832518282,0.2641752577319588,0.00012634244111771396,97,True
tct,6,bertQPP(QV),11,0.25,0.254377086581856,0.011925147761146095,0.16151202749140894,0.01909240321886764,97,False
tct,6,bertQPP(QV),11,0.25,0.33331928806630096,0.0008493183008739463,0.22809278350515466,0.000933347093157991,97,True
tct,6,spatial,11,0.3,0.10559119038688572,0.30331430350683464,0.07903780068728523,0.25141149497554627,97,False
tct,6,spatial,11,0.3,0.30378015409965153,0.002486919523901099,0.2255154639175258,0.0010660691222714972,97,True
tct,6,a_ratio,11,0.3,0.21245611270250964,0.03668622640776591,0.1168384879725086,0.08998850130140247,97,False
tct,6,a_ratio,11,0.3,0.3305383340420859,0.0009440788645587747,0.22766323024054988,0.0009543472910132449,97,True
tct,6,nqc,11,0.3,0.1694871119958694,0.09698583515938963,0.06615120274914091,0.33709113316806516,97,False
tct,6,nqc,11,0.3,0.25857667885507923,0.0105482065315796,0.12800687285223372,0.06323660544752113,97,True
tct,6,bertQPP,11,0.3,0.3343222181403509,0.000817331707991593,0.2100515463917526,0.0023030471051788694,97,False
tct,6,bertQPP,11,0.3,0.3915768428958275,7.30320019094982e-05,0.2714776632302406,8.166950933778078e-05,97,True
tct,6,bertQPP(QV),11,0.3,0.26446005698468866,0.00885391488871278,0.16022336769759454,0.02007078628569656,97,False
tct,6,bertQPP(QV),11,0.3,0.34175437119843793,0.0006124914265112275,0.2298109965635739,0.0008535554716530555,97,True
tct,6,spatial,11,0.35,0.11432717859798475,0.2648264979142753,0.077319587628866,0.2618647746424714,97,False
tct,6,spatial,11,0.35,0.30434581901136315,0.002438712694808063,0.22508591065292102,0.0010898172708815595,97,True
tct,6,a_ratio,11,0.35,0.21615902429943154,0.033459120424604666,0.11254295532646051,0.10244263799035044,97,False
tct,6,a_ratio,11,0.35,0.33138102381372414,0.0009143936774212725,0.2298109965635739,0.0008535554716530555,97,True
tct,6,nqc,11,0.35,0.17151391962307103,0.09299821992919068,0.06829896907216496,0.32163912125241456,97,False
tct,6,nqc,11,0.35,0.2608473591801005,0.009863327913268865,0.13015463917525774,0.058933277914773506,97,True
tct,6,bertQPP,11,0.35,0.3434202167104847,0.0005735733305260701,0.21391752577319592,0.001908041073171658,97,False
tct,6,bertQPP,11,0.35,0.3986651016068792,5.243415600064279e-05,0.27362542955326463,7.168767375692266e-05,97,True
tct,6,bertQPP(QV),11,0.35,0.27474947871614247,0.006459176823879114,0.16838487972508595,0.01454739544260673,97,False
tct,6,bertQPP(QV),11,0.35,0.3497647207738215,0.00044519835879240264,0.23969072164948454,0.0005048251929224872,97,True
tct,6,spatial,11,0.4,0.12301802163179341,0.22996610795225658,0.07560137457044674,0.27261459721837655,97,False
tct,6,spatial,11,0.4,0.3049843123200928,0.002385311619797827,0.22594501718213064,0.0010428004886634003,97,True
tct,6,a_ratio,11,0.4,0.21769966996303763,0.03218866345573658,0.11769759450171824,0.08765026442852013,97,False
tct,6,a_ratio,11,0.4,0.33155504845557593,0.0009083704231906714,0.22379725085910657,0.0011640289366746655,97,True
tct,6,nqc,11,0.4,0.17386735310480853,0.08853171138361315,0.07173539518900345,0.2978933833803449,97,False
tct,6,nqc,11,0.4,0.2634645201143819,0.009122583100159183,0.13316151202749144,0.05331954320676675,97,True
tct,6,bertQPP,11,0.4,0.3518085595920968,0.00040983931455482815,0.21048109965635742,0.002255725464528707,97,False
tct,6,bertQPP,11,0.4,0.4046562538361155,3.939311026469464e-05,0.2714776632302406,8.166950933778078e-05,97,True
tct,6,bertQPP(QV),11,0.4,0.2848677213615619,0.004682563131472292,0.1709621993127148,0.013106785247853048,97,False
tct,6,bertQPP(QV),11,0.4,0.35692948684377035,0.000332275312932488,0.24012027491408938,0.0004932117335580638,97,True
tct,6,spatial,11,0.45,0.13155853048279498,0.19896875137726439,0.0850515463917526,0.21713063766326968,97,False
tct,6,spatial,11,0.45,0.3057096829216805,0.0023259243880951403,0.22723367697594504,0.000975784420613921,97,True
tct,6,a_ratio,11,0.45,0.21763031601110633,0.03224496721973445,0.11812714776632303,0.08649966115997804,97,False
tct,6,a_ratio,11,0.45,0.3309021334494602,0.0009311572810019054,0.22594501718213064,0.0010428004886634003,97,True
tct,6,nqc,11,0.45,0.17663189812801147,0.08350417113912548,0.07302405498281789,0.28929863271816614,97,False
tct,6,nqc,11,0.45,0.26651182545328345,0.00832204773845422,0.13402061855670105,0.051800200122302374,97,True
tct,6,bertQPP,11,0.45,0.3587791901162496,0.00030775782417409613,0.20790378006872856,0.0025535840012904936,97,False
tct,6,bertQPP,11,0.45,0.40894277469286633,3.199598999665517e-05,0.2710481099656358,8.381752378824866e-05,97,True
tct,6,bertQPP(QV),11,0.45,0.2942408330302264,0.0034398990411313338,0.17611683848797252,0.010598840128977079,97,False
tct,6,bertQPP(QV),11,0.45,0.3627069246288456,0.00026112668769458165,0.23883161512027495,0.0005288208236189078,97,True
tct,6,spatial,11,0.5,0.13983822295457393,0.17190276935456358,0.08977663230240551,0.19265661141875967,97,False
tct,6,spatial,11,0.5,0.306539316704644,0.002259636956359329,0.22809278350515466,0.000933347093157991,97,True
tct,6,a_ratio,11,0.5,0.21643157732949347,0.03323134111094069,0.11297250859106532,0.10113858933462912,97,False
tct,6,a_ratio,11,0.5,0.3292483099026162,0.0009912268947374224,0.2216494845360825,0.001298168853613724,97,True
tct,6,nqc,11,0.5,0.17992321086228344,0.07781827842868971,0.07044673539518902,0.3066570724911982,97,False
tct,6,nqc,11,0.5,0.27010110601945353,0.0074589854225922255,0.1327319587628866,0.054093065441640706,97,True
tct,6,bertQPP,11,0.5,0.3634054899420769,0.00025355016712003104,0.209192439862543,0.002400428947085522,97,False
tct,6,bertQPP,11,0.5,0.4107966225746844,2.9217848751709213e-05,0.2628865979381444,0.00013630357600274067,97,True
tct,6,bertQPP(QV),11,0.5,0.30207217132983466,0.002637726389726443,0.17912371134020622,0.009341755733078497,97,False
tct,6,bertQPP(QV),11,0.5,0.36644786568521986,0.00022286005399442928,0.23625429553264607,0.0006073368350083252,97,True
tct,6,spatial,11,0.55,0.1477469946239855,0.14867871549840894,0.08376288659793817,0.22417771625382632,97,False
tct,6,spatial,11,0.55,0.3074945672314919,0.0021854258435586023,0.23024054982817874,0.0008346209629654949,97,True
tct,6,a_ratio,11,0.55,0.21448573030553347,0.034886523458270056,0.1202749140893471,0.08092834885233069,97,False
tct,6,a_ratio,11,0.55,0.32641027419613267,0.001102590442133923,0.22207903780068733,0.0012702502748310276,97,True
tct,6,nqc,11,0.55,0.18390342309979052,0.07136138425654376,0.0738831615120275,0.2836625052763587,97,False
tct,6,nqc,11,0.55,0.2743844642342149,0.006533156080302031,0.13831615120274915,0.044736513464296176,97,True
tct,6,bertQPP,11,0.55,0.36459855583204803,0.00024107780055989856,0.21219931271477666,0.0020752134680172376,97,False
tct,6,bertQPP,11,0.55,0.409423193342189,3.1253253358735576e-05,0.25472508591065296,0.00021872261513442568,97,True
tct,6,bertQPP(QV),11,0.55,0.30737074288448696,0.00219491980633637,0.18943298969072167,0.005979808014005902,97,False
tct,6,bertQPP(QV),11,0.55,0.3674454543438239,0.00021356914823865818,0.2336769759450172,0.0006965926026270434,97,True
tct,6,spatial,11,0.6,0.15518145347720375,0.129075615861641,0.08376288659793817,0.22417771625382632,97,False
tct,6,spatial,11,0.6,0.308600997137758,0.00210222282701567,0.23109965635738836,0.0007979153488644113,97,True
tct,6,a_ratio,11,0.6,0.21207888557175225,0.037029155056979554,0.11812714776632303,0.08649966115997804,97,False
tct,6,a_ratio,11,0.6,0.32220560102119306,0.001288593983756048,0.21864261168384883,0.0015100189795415188,97,True
tct,6,nqc,11,0.6,0.18880589337143977,0.06400982496980989,0.07001718213058421,0.30961588134500106,97,False
tct,6,nqc,11,0.6,0.2795723163281344,0.00554905941350057,0.14175257731958765,0.039687194240219145,97,True
tct,6,bertQPP,11,0.6,0.36126750769218374,0.00027740123130187266,0.21091065292096223,0.002209296231634933,97,False
tct,6,bertQPP,11,0.6,0.4040680706508165,4.052456792962742e-05,0.2508591065292096,0.00027237466938260737,97,True
tct,6,bertQPP(QV),11,0.6,0.30907614995282573,0.0020673774389772196,0.18943298969072167,0.005979808014005902,97,False
tct,6,bertQPP(QV),11,0.6,0.36503018038506335,0.00023670688381958156,0.23109965635738836,0.0007979153488644113,97,True
tct,6,spatial,11,0.65,0.16205116858379004,0.11277793326049997,0.08762886597938145,0.2035174890452155,97,False
tct,6,spatial,11,0.65,0.30988706304696667,0.0020091114258587463,0.23238831615120278,0.0007456571945733053,97,True
tct,6,a_ratio,11,0.65,0.20941603070470755,0.039527090133177845,0.11941580756013748,0.08312087785946547,97,False
tct,6,a_ratio,11,0.65,0.3164669972805969,0.0015884672328051925,0.20833333333333337,0.0025015666651811157,97,True
tct,6,nqc,11,0.65,0.19497616709227217,0.0556445629549059,0.07130584192439864,0.3007958300881056,97,False
tct,6,nqc,11,0.65,0.2859596936477803,0.004519661723207274,0.14862542955326463,0.03102727109196935,97,True
tct,6,bertQPP,11,0.65,0.35258641519632294,0.0003970743441908273,0.20446735395189009,0.0030066996042901117,97,False
tct,6,bertQPP,11,0.65,0.39417050814873156,6.474964749645355e-05,0.24699312714776633,0.0003381788389163567,97,True
tct,6,bertQPP(QV),11,0.65,0.3062950614971842,0.0022789737033987066,0.18470790378006877,0.007355176256510775,97,False
tct,6,bertQPP(QV),11,0.65,0.3587023279540271,0.0003087424878261282,0.22895189003436428,0.0008926252002239728,97,True
tct,6,spatial,11,0.7,0.16828401144424787,0.09941575142856816,0.093213058419244,0.17617491386576734,97,False
tct,6,spatial,11,0.7,0.31137764949238506,0.0019058638027769422,0.2298109965635739,0.0008535554716530555,97,True
tct,6,a_ratio,11,0.7,0.20663912218001834,0.042280393523553256,0.1168384879725086,0.08998850130140247,97,False
tct,6,a_ratio,11,0.7,0.30905990037532205,0.0020685604400310803,0.20790378006872856,0.0025535840012904936,97,True
tct,6,nqc,11,0.7,0.20294031695186882,0.04619400557285222,0.07044673539518902,0.3066570724911982,97,False
tct,6,nqc,11,0.7,0.29396090069708514,0.0034722408483873163,0.14647766323024058,0.03354022455213661,97,True
tct,6,bertQPP,11,0.7,0.33829163552253205,0.0007012347827780815,0.1941580756013746,0.0048406217198878375,97,False
tct,6,bertQPP,11,0.7,0.3795264803374021,0.00012611392224548803,0.23883161512027495,0.0005288208236189078,97,True
tct,6,bertQPP(QV),11,0.7,0.2985900040262037,0.0029709239917072154,0.1666666666666667,0.01558372473088864,97,False
tct,6,bertQPP(QV),11,0.7,0.3482679529134884,0.000472846933527569,0.21907216494845363,0.0014779202366871586,97,True
tct,6,spatial,11,0.75,0.17382987841904562,0.08860147553505661,0.0893470790378007,0.19479398827541883,97,False
tct,6,spatial,11,0.75,0.3130709258528341,0.001794411965172766,0.23109965635738836,0.0007979153488644113,97,True
tct,6,a_ratio,11,0.75,0.20384355794507258,0.045211635081952556,0.11597938144329899,0.09237668593402237,97,False
tct,6,a_ratio,11,0.75,0.2999015235931242,0.0028412325024414218,0.19802405498281792,0.004058834798972484,97,True
tct,6,nqc,11,0.75,0.21351390214242255,0.035738785377067844,0.07560137457044674,0.27261459721837655,97,False
tct,6,nqc,11,0.75,0.30413667654385823,0.002456437204649504,0.14991408934707906,0.029598455953974822,97,True
tct,6,bertQPP,11,0.75,0.3188600778180273,0.0014564715918670035,0.17611683848797252,0.010598840128977079,97,False
tct,6,bertQPP,11,0.75,0.360397365679911,0.00028768775871212813,0.22594501718213064,0.0010428004886634003,97,True
tct,6,bertQPP(QV),11,0.75,0.28618090695878173,0.004487283109346264,0.1554982817869416,0.02404211148041231,97,False
tct,6,bertQPP(QV),11,0.75,0.3339250425869268,0.0008298649878615815,0.20876288659793818,0.0024505203740822256,97,True
tct,6,spatial,11,0.8,0.1786623566015209,0.07995865168404824,0.09278350515463919,0.1781756748775648,97,False
tct,6,spatial,11,0.8,0.3148585086301077,0.0016831796946225038,0.22809278350515466,0.000933347093157991,97,True
tct,6,a_ratio,11,0.8,0.2010914632287658,0.04826003170956904,0.11254295532646051,0.10244263799035044,97,False
tct,6,a_ratio,11,0.8,0.28897823984734466,0.004095322794883022,0.186426116838488,0.006825229731210832,97,True
tct,6,nqc,11,0.8,0.22792952913985587,0.02474326862517101,0.08032646048109966,0.24376503221542667,97,False
tct,6,nqc,11,0.8,0.31711381090321733,0.0015517619380571344,0.1512027491408935,0.028226597294347726,97,True
tct,6,bertQPP,11,0.8,0.29544244815633836,0.0033041149208776536,0.1585051546391753,0.021443192891173694,97,False
tct,6,bertQPP,11,0.8,0.3375054313442971,0.0007229556060342566,0.21134020618556704,0.0021637443470699886,97,True
tct,6,bertQPP(QV),11,0.8,0.2699264681008879,0.007499074100663416,0.14862542955326463,0.03102727109196935,97,False
tct,6,bertQPP(QV),11,0.8,0.31625485106936735,0.0016006762739326007,0.20833333333333337,0.0025015666651811157,97,True
tct,6,spatial,11,0.85,0.1827782592917506,0.07314124758628848,0.0970790378006873,0.15891607395046403,97,False
tct,6,spatial,11,0.85,0.3162327187524592,0.0016019548755372565,0.2255154639175258,0.0010660691222714972,97,True
tct,6,a_ratio,11,0.85,0.19842172502237376,0.05137764002458704,0.10567010309278352,0.12517917667351905,97,False
tct,6,a_ratio,11,0.85,0.2763574916727136,0.006142029096405239,0.17998281786941583,0.009007907605249525,97,True
tct,6,nqc,11,0.85,0.24763283165431388,0.014465106918028606,0.093213058419244,0.17617491386576734,97,False
tct,6,nqc,11,0.85,0.3328656843173235,0.0008641569241374107,0.17268041237113405,0.01221789425088413,97,True
tct,6,bertQPP,11,0.85,0.2695668664019503,0.007582221073651106,0.15077319587628868,0.0286776674564184,97,False
tct,6,bertQPP,11,0.85,0.31190477370245173,0.0018705155805805954,0.1941580756013746,0.0048406217198878375,97,True
tct,6,bertQPP(QV),11,0.85,0.25108081439406743,0.01311330501548439,0.14132302405498284,0.040290653027956765,97,False
tct,6,bertQPP(QV),11,0.85,0.29611389299701146,0.003230351271734975,0.18943298969072167,0.005979808014005902,97,True
tct,6,spatial,11,0.9,0.18619530857372324,0.06784397902722923,0.09750859106529211,0.15708030004273185,97,False
tct,6,spatial,11,0.9,0.3150690664786499,0.001670497287206133,0.2212199312714777,0.001326652810302692,97,True
tct,6,a_ratio,11,0.9,0.195857281129994,0.05452668356669714,0.10266323024054985,0.13628751627610397,97,False
tct,6,a_ratio,11,0.9,0.2621907595413269,0.009476762955431872,0.1628006872852234,0.018155972846842318,97,True
tct,6,nqc,11,0.9,0.2710028162327383,0.007254989751525139,0.10438144329896909,0.12985027258664464,97,False
tct,6,nqc,11,0.9,0.3466513005614319,0.0005044740463312612,0.17439862542955328,0.011382836808156348,97,True
tct,6,bertQPP,11,0.9,0.24276874059621137,0.016576933616365676,0.13702749140893475,0.046764860648197036,97,False
tct,6,bertQPP,11,0.9,0.2847777545907998,0.004696214860402102,0.18513745704467358,0.007219338175415614,97,True
tct,6,bertQPP(QV),11,0.9,0.2309623859243806,0.022840392119536836,0.14089347079037803,0.040901875311072,97,False
tct,6,bertQPP(QV),11,0.9,0.27446928639323753,0.006515898198181011,0.17740549828178698,0.010042744211065484,97,True
tct,6,spatial,11,0.95,0.1889484922741825,0.06380556978862273,0.09750859106529211,0.15708030004273185,97,False
tct,6,spatial,11,0.95,0.30166705454470666,0.002674681899179607,0.21091065292096223,0.002209296231634933,97,True
tct,6,a_ratio,11,0.95,0.19341028778958957,0.05767755104876368,0.09965635738831616,0.14814179266855426,97,False
tct,6,a_ratio,11,0.95,0.24670573690962677,0.014848591539079749,0.1550687285223368,0.024434836082135623,97,True
tct,6,nqc,11,0.95,0.27289351508539794,0.006843179864530146,0.10567010309278352,0.12517917667351905,97,False
tct,6,nqc,11,0.95,0.3318037918554611,0.0008998238486382457,0.17310996563573885,0.01200419316896961,97,True
tct,6,bertQPP,11,0.95,0.21631428114804588,0.03332920786404815,0.12585910652920965,0.0677963948466897,97,False
tct,6,bertQPP,11,0.95,0.25723634050964994,0.010971718886437653,0.1679553264604811,0.014800614099959652,97,True
tct,6,bertQPP(QV),11,0.95,0.21069414568595274,0.03831110370358439,0.12585910652920965,0.0677963948466897,97,False
tct,6,bertQPP(QV),11,0.95,0.2522398476122443,0.012684280884447398,0.1658075601374571,0.016125841537736958,97,True
tct,6,spatial,11,1.0,0.19108572600182216,0.060807228281147346,0.09750859106529211,0.15708030004273185,97,False
tct,6,spatial,11,1.0,0.23018838507506723,0.02331371744843988,0.14175257731958765,0.039687194240219145,97,True
tct,6,a_ratio,11,1.0,0.19108572600182216,0.060807228281147346,0.09750859106529211,0.15708030004273185,97,False
tct,6,a_ratio,11,1.0,0.23018838507506723,0.02331371744843988,0.14175257731958765,0.039687194240219145,97,True
tct,6,nqc,11,1.0,0.19108572600182216,0.060807228281147346,0.09750859106529211,0.15708030004273185,97,False
tct,6,nqc,11,1.0,0.23018838507506723,0.02331371744843988,0.14175257731958765,0.039687194240219145,97,True
tct,6,bertQPP,11,1.0,0.19108572600182216,0.060807228281147346,0.09750859106529211,0.15708030004273185,97,False
tct,6,bertQPP,11,1.0,0.23018838507506723,0.02331371744843988,0.14175257731958765,0.039687194240219145,97,True
tct,6,bertQPP(QV),11,1.0,0.19108572600182216,0.060807228281147346,0.09750859106529211,0.15708030004273185,97,False
tct,6,bertQPP(QV),11,1.0,0.23018838507506723,0.02331371744843988,0.14175257731958765,0.039687194240219145,97,True
tct,6,spatial,12,0.0,0.05662436928408979,0.5817035806866219,0.05884879725085912,0.3931257746774063,97,False
tct,6,spatial,12,0.0,0.30140663173848015,0.002698683355267398,0.22508591065292102,0.0010898172708815595,97,True
tct,6,a_ratio,12,0.0,0.13036017459168378,0.20312685957526477,0.077319587628866,0.2618647746424714,97,False
tct,6,a_ratio,12,0.0,0.3179270782315673,0.001506702097821934,0.22637457044673542,0.0010200025736501021,97,True
tct,6,nqc,12,0.0,0.1615099398749807,0.11400098795754592,0.0622852233676976,0.36608612957525455,97,False
tct,6,nqc,12,0.0,0.24949243904587196,0.013721734696835998,0.12328178694158079,0.07362159410235054,97,True
tct,6,bertQPP,12,0.0,0.2831364735704062,0.004951567617975609,0.1829896907216495,0.007921746820669876,97,False
tct,6,bertQPP,12,0.0,0.3450716181932688,0.0005372414756776113,0.2414089347079038,0.0004598488311252096,97,True
tct,6,bertQPP(QV),12,0.0,0.21197459236446753,0.03712443824555347,0.13702749140893475,0.046764860648197036,97,False
tct,6,bertQPP(QV),12,0.0,0.292713435162527,0.003619701320670527,0.202319587628866,0.003325969220576063,97,True
tct,6,spatial,12,0.05,0.06568120953597752,0.5226995661065348,0.057130584192439875,0.4070878413580533,97,False
tct,6,spatial,12,0.05,0.30183328536208043,0.0026594620495979976,0.22637457044673542,0.0010200025736501021,97,True
tct,6,a_ratio,12,0.05,0.15360422684090397,0.1330598438685446,0.09922680412371135,0.1498976871116754,97,False
tct,6,a_ratio,12,0.05,0.3215634689865771,0.0013193839452172586,0.23024054982817874,0.0008346209629654949,97,True
tct,6,nqc,12,0.05,0.16264310640062357,0.11145196661392096,0.0622852233676976,0.36608612957525455,97,False
tct,6,nqc,12,0.05,0.25076932179948813,0.01323073733111387,0.12328178694158079,0.07362159410235054,97,True
tct,6,bertQPP,12,0.05,0.29160532234655645,0.0037553631722888332,0.18427835051546396,0.0074933028749945285,97,False
tct,6,bertQPP,12,0.05,0.3533335811759972,0.000385158166463522,0.24699312714776633,0.0003381788389163567,97,True
tct,6,bertQPP(QV),12,0.05,0.22043570753327404,0.030032682495675245,0.14475945017182132,0.035674068768179766,97,False
tct,6,bertQPP(QV),12,0.05,0.3013465561943339,0.002704247539479778,0.21391752577319592,0.001908041073171658,97,True
tct,6,spatial,12,0.1,0.07512864558656135,0.4645509502687304,0.06786941580756015,0.3246919364895129,97,False
tct,6,spatial,12,0.1,0.30230176385913365,0.002616987041006226,0.22680412371134026,0.0009976667225656776,97,True
tct,6,a_ratio,12,0.1,0.17532967184301956,0.08584326600406149,0.10609965635738833,0.1236515932692785,97,False
tct,6,a_ratio,12,0.1,0.3251594772457742,0.0011551923889486242,0.2328178694158076,0.0007289565212236814,97,True
tct,6,nqc,12,0.1,0.1639003770751073,0.10867581645974934,0.0627147766323024,0.3627897011875757,97,False
tct,6,nqc,12,0.1,0.2521819463218826,0.012705419653293899,0.12328178694158079,0.07362159410235054,97,True
tct,6,bertQPP,12,0.1,0.30065835995430046,0.0027687280506624584,0.18556701030927839,0.00708575590459897,97,False
tct,6,bertQPP,12,0.1,0.36198992915668493,0.00026911985524293643,0.2525773195876289,0.00024716269151633816,97,True
tct,6,bertQPP(QV),12,0.1,0.22960436030779563,0.02367639051960804,0.14905498281786944,0.030544557732034724,97,False
tct,6,bertQPP(QV),12,0.1,0.31046381827923747,0.001968577106960004,0.22079037800687287,0.0013557124652369783,97,True
tct,6,spatial,12,0.15,0.08492878998443555,0.40817817505888543,0.06786941580756015,0.3246919364895129,97,False
tct,6,spatial,12,0.15,0.3028184518923879,0.002570849612066494,0.22680412371134026,0.0009976667225656776,97,True
tct,6,a_ratio,12,0.15,0.19438757733768203,0.05640172982314741,0.11469072164948456,0.0960541193445157,97,False
tct,6,a_ratio,12,0.15,0.32866105531748924,0.0010133923152720998,0.23109965635738836,0.0007979153488644113,97,True
tct,6,nqc,12,0.15,0.16530318203885325,0.10564218515293598,0.06400343642611686,0.3530123788503621,97,False
tct,6,nqc,12,0.15,0.2537529682071449,0.012142621778253093,0.12285223367697597,0.07463114343880432,97,True
tct,6,bertQPP,12,0.15,0.31027775337822205,0.0019815722835326913,0.19501718213058422,0.004655971971265852,97,False
tct,6,bertQPP,12,0.15,0.3709799952320651,0.00018345495253611774,0.2555841924398626,0.0002082313453780151,97,True
tct,6,bertQPP(QV),12,0.15,0.23950648631058813,0.018138183717606306,0.15335051546391754,0.026061836085581373,97,False
tct,6,bertQPP(QV),12,0.15,0.3200229695608256,0.0013959922396059843,0.22637457044673542,0.0010200025736501021,97,True
tct,6,spatial,12,0.2,0.09502766935601356,0.35450907312008234,0.07474226804123713,0.2781012070168114,97,False
tct,6,spatial,12,0.2,0.3033910793326645,0.002520573274162454,0.22594501718213064,0.0010428004886634003,97,True
tct,6,a_ratio,12,0.2,0.20997885046912734,0.038987713527452776,0.11726804123711342,0.08881318243030219,97,False
tct,6,a_ratio,12,0.2,0.3319996267120732,0.000893146828128675,0.23195876288659797,0.0007627126312502382,97,True
tct,6,nqc,12,0.2,0.16687814601638046,0.10231547400395245,0.0657216494845361,0.340237883454913,97,False
tct,6,nqc,12,0.2,0.25551032160648157,0.011538948630940748,0.12285223367697597,0.07463114343880432,97,True
tct,6,bertQPP,12,0.2,0.3204033190838428,0.001376711382464341,0.20060137457044677,0.0036032888355043277,97,False
tct,6,bertQPP,12,0.2,0.38019843010035825,0.00012239800235178182,0.2654639175257732,0.00011707036468109733,97,True
tct,6,bertQPP(QV),12,0.2,0.2501383634213905,0.013471414317389581,0.15764604810996566,0.022159535570441733,97,False
tct,6,bertQPP(QV),12,0.2,0.32994040641859407,0.0009656718225076529,0.23067010309278352,0.00081607670119364,97,True
tct,6,spatial,12,0.25,0.1053538667914518,0.3044084766627972,0.08075601374570447,0.24125289471425693,97,False
tct,6,spatial,12,0.25,0.30402908576131676,0.0024656004736849815,0.22680412371134026,0.0009976667225656776,97,True
tct,6,a_ratio,12,0.25,0.22181069583635507,0.028996147572060524,0.1314432989690722,0.05647001729864357,97,False
tct,6,a_ratio,12,0.25,0.3350895380341313,0.0007936063528324543,0.2336769759450172,0.0006965926026270434,97,True
tct,6,nqc,12,0.25,0.16865874756823782,0.0986538206091056,0.06443298969072167,0.34979065764691386,97,False
tct,6,nqc,12,0.25,0.2574888277380485,0.010890821174405962,0.12585910652920965,0.0677963948466897,97,True
tct,6,bertQPP,12,0.25,0.33090957098161683,0.0009308948016256705,0.2096219931271478,0.002351276432455258,97,False
tct,6,bertQPP,12,0.25,0.3894775681598921,8.044655893543741e-05,0.26932989690721654,9.295520334274114e-05,97,True
tct,6,bertQPP(QV),12,0.25,0.26144583876262617,0.009689439349232385,0.16237113402061856,0.018463547347092265,97,False
tct,6,bertQPP(QV),12,0.25,0.34007389239061536,0.0006541878698339834,0.23238831615120278,0.0007456571945733053,97,True
tct,6,spatial,12,0.3,0.11581817064521602,0.25860440633842974,0.08977663230240551,0.19265661141875967,97,False
tct,6,spatial,12,0.3,0.30474410533600177,0.0024052767243169476,0.22637457044673542,0.0010200025736501021,97,True
tct,6,a_ratio,12,0.3,0.2300688735810562,0.023387544095280134,0.11984536082474227,0.08201867152410211,97,False
tct,6,a_ratio,12,0.3,0.33782560349383495,0.0007140368888552291,0.2298109965635739,0.0008535554716530555,97,True
tct,6,nqc,12,0.3,0.17068764932459254,0.09460792842108771,0.06658075601374572,0.3339631552636785,97,False
tct,6,nqc,12,0.3,0.25973241731275076,0.010194582700712582,0.12714776632302408,0.06502915478137135,97,True
tct,6,bertQPP,12,0.3,0.3415746018149229,0.000616832694269209,0.21821305841924402,0.0015427588468996702,97,False
tct,6,bertQPP,12,0.3,0.3985658960353661,5.268061619949985e-05,0.2740549828178695,6.983500538924286e-05,97,True
tct,6,bertQPP(QV),12,0.3,0.27329430908176167,0.006758586982565944,0.16494845360824745,0.01668446543769203,97,False
tct,6,bertQPP(QV),12,0.3,0.3502013344123662,0.00043741753980125226,0.23410652920962205,0.0006809162092632265,97,True
tct,6,spatial,12,0.35,0.12631462602914387,0.21762342100229515,0.09493127147766325,0.1683392012081001,97,False
tct,6,spatial,12,0.35,0.3055506177271358,0.0023388320400259603,0.22809278350515466,0.000933347093157991,97,True
tct,6,a_ratio,12,0.35,0.23525693310516968,0.020360737771721586,0.1207044673539519,0.07984982362376257,97,False
tct,6,a_ratio,12,0.35,0.3400811054310755,0.0006540034787255335,0.23067010309278352,0.00081607670119364,97,True
tct,6,nqc,12,0.35,0.17302003303925179,0.0901197910211034,0.06958762886597938,0.3125934883665836,97,False
tct,6,nqc,12,0.35,0.26229725047432473,0.009446696742534004,0.13015463917525774,0.058933277914773506,97,True
tct,6,bertQPP,12,0.35,0.35204122551497036,0.00040598217272395823,0.21649484536082478,0.0016803624081385136,97,False
tct,6,bertQPP,12,0.35,0.4071043068554246,3.4993424071897175e-05,0.27878006872852235,5.2230841404023976e-05,97,True
tct,6,bertQPP(QV),12,0.35,0.28542833899792674,0.004598287692560577,0.1778350515463918,0.009863239446727635,97,False
tct,6,bertQPP(QV),12,0.35,0.35999730664612095,0.0002925341368716162,0.24269759450171827,0.0004286013573495472,97,True
tct,6,spatial,12,0.4,0.1367232986368451,0.18174799063485975,0.09536082474226806,0.16642177733641728,97,False
tct,6,spatial,12,0.4,0.30646682882519366,0.0022653600505678174,0.23067010309278352,0.00081607670119364,97,True
tct,6,a_ratio,12,0.4,0.2380069923556363,0.018897308412068506,0.12800687285223372,0.06323660544752113,97,False
tct,6,a_ratio,12,0.4,0.3417067969052493,0.0006136375720321073,0.23152920962199317,0.0007801296905645403,97,True
tct,6,nqc,12,0.4,0.1757284729324795,0.08512145854388567,0.07302405498281789,0.28929863271816614,97,False
tct,6,nqc,12,0.4,0.26525617102149546,0.008644096016727349,0.13230240549828182,0.05487593045339063,97,True
tct,6,bertQPP,12,0.4,0.3617751422085743,0.0002715578968625495,0.2169243986254296,0.001644941169576058,97,False
tct,6,bertQPP,12,0.4,0.4146046876030733,2.4203868964285953e-05,0.2731958762886598,7.358676773635807e-05,97,True
tct,6,bertQPP(QV),12,0.4,0.2974233959300966,0.003090726023276263,0.18170103092783507,0.008372001763204117,97,False
tct,6,bertQPP(QV),12,0.4,0.369011893747516,0.00019969996628820948,0.2444158075601375,0.0003900155261817713,97,True
tct,6,spatial,12,0.45,0.14691486534267534,0.1510050348772462,0.09106529209621994,0.18634796497677564,97,False
tct,6,spatial,12,0.45,0.30751586776189177,0.0021837964107274837,0.23238831615120278,0.0007456571945733053,97,True
tct,6,a_ratio,12,0.45,0.23893737174415863,0.018423147946452317,0.13445017182130586,0.05105421646643944,97,False
tct,6,a_ratio,12,0.45,0.3425316518990111,0.000594040933496223,0.22895189003436428,0.0008926252002239728,97,True
tct,6,nqc,12,0.45,0.178910220531984,0.07953421150184325,0.07173539518900345,0.2978933833803449,97,False
tct,6,nqc,12,0.45,0.2687051768386062,0.007784778389822989,0.13316151202749144,0.05331954320676675,97,True
tct,6,bertQPP,12,0.45,0.37003321904954134,0.0001911107828794572,0.21649484536082478,0.0016803624081385136,97,False
tct,6,bertQPP,12,0.45,0.4204397845993485,1.805777523856103e-05,0.27362542955326463,7.168767375692266e-05,97,True
tct,6,bertQPP(QV),12,0.45,0.3086402907288801,0.0020993212514464786,0.19072164948453613,0.005647306460207743,97,False
tct,6,bertQPP(QV),12,0.45,0.37666075984343955,0.0001431666980773173,0.2517182130584193,0.00025948171452482385,97,True
tct,6,spatial,12,0.5,0.15675685178065968,0.12518769826110823,0.1009450171821306,0.14296835148549844,97,False
tct,6,spatial,12,0.5,0.30872740996351333,0.002092900950369475,0.2298109965635739,0.0008535554716530555,97,True
tct,6,a_ratio,12,0.5,0.2385771558919046,0.018605499236129787,0.12800687285223372,0.06323660544752113,97,False
tct,6,a_ratio,12,0.5,0.3423662733221612,0.0005979233846475831,0.2255154639175258,0.0010660691222714972,97,True
tct,6,nqc,12,0.5,0.1826983657510579,0.07326897574154936,0.07130584192439864,0.3007958300881056,97,False
tct,6,nqc,12,0.5,0.2727729802500739,0.006868802786378729,0.13445017182130586,0.05105421646643944,97,True
tct,6,bertQPP,12,0.5,0.3758670391290916,0.00014825432048190345,0.21477663230240554,0.0018291772025326055,97,False
tct,6,bertQPP,12,0.5,0.42385837544349025,1.5171499863605163e-05,0.27061855670103097,8.601885162206065e-05,97,True
tct,6,bertQPP(QV),12,0.5,0.3182064678495369,0.0014914981492697012,0.18556701030927839,0.00708575590459897,97,False
tct,6,bertQPP(QV),12,0.5,0.38224012427583165,0.00011172120783121788,0.24699312714776633,0.0003381788389163567,97,True
tct,6,spatial,12,0.55,0.16612099461530577,0.10390437720051945,0.10223367697594504,0.13793469449367568,97,False
tct,6,spatial,12,0.55,0.31013983884831153,0.0019912544803033626,0.23195876288659797,0.0007627126312502382,97,True
tct,6,a_ratio,12,0.55,0.2373430927121056,0.019242046941784153,0.12671821305841927,0.06594102788919391,97,False
tct,6,a_ratio,12,0.55,0.3410099064711651,0.0006306534753056882,0.2255154639175258,0.0010660691222714972,97,True
tct,6,nqc,12,0.55,0.1872793883695148,0.06622981434946959,0.07130584192439864,0.3007958300881056,97,False
tct,6,nqc,12,0.55,0.277635341614635,0.0058999209723228935,0.13917525773195877,0.0434259212403691,97,True
tct,6,bertQPP,12,0.55,0.37819691318697113,0.00013377673404684872,0.22079037800687287,0.0013557124652369783,97,False
tct,6,bertQPP,12,0.55,0.4240424519571786,1.5029085469190905e-05,0.2676116838487973,0.00010302809096628477,97,True
tct,6,bertQPP(QV),12,0.55,0.3250628246289033,0.0011593505842798677,0.1898625429553265,0.005867063974983271,97,False
tct,6,bertQPP(QV),12,0.55,0.3849822711318419,9.873843596084071e-05,0.24699312714776633,0.0003381788389163567,97,True
tct,6,spatial,12,0.6,0.17489090375924,0.08664302593271316,0.09793814432989692,0.1552606461818409,97,False
tct,6,spatial,12,0.6,0.3118029664953922,0.0018772960984518425,0.23324742268041243,0.0007126038672884247,97,True
tct,6,a_ratio,12,0.6,0.2355460148220671,0.020202462394567335,0.12714776632302408,0.06502915478137135,97,False
tct,6,a_ratio,12,0.6,0.33826178675069435,0.0007020484078031068,0.22207903780068733,0.0012702502748310276,97,True
tct,6,nqc,12,0.6,0.1929214883583714,0.05832446567729586,0.07302405498281789,0.28929863271816614,97,False
tct,6,nqc,12,0.6,0.28353671869638364,0.004888183257364822,0.1439003436426117,0.036783724578164194,97,True
tct,6,bertQPP,12,0.6,0.3759847390002534,0.00014748945230758938,0.2212199312714777,0.001326652810302692,97,False
tct,6,bertQPP,12,0.6,0.42021757069405224,1.8262169322774977e-05,0.2564432989690722,0.00019821410424194529,97,True
tct,6,bertQPP(QV),12,0.6,0.32811462785511514,0.0010344212460905795,0.19544673539518906,0.0045660596694361046,97,False
tct,6,bertQPP(QV),12,0.6,0.38416068140964765,0.00010247315803676043,0.24183848797250862,0.0004492042155364218,97,True
tct,6,spatial,12,0.65,0.18296903763951247,0.0728369697093118,0.10223367697594504,0.13793469449367568,97,False
tct,6,spatial,12,0.65,0.31378088638974944,0.0017494623832397366,0.23195876288659797,0.0007627126312502382,97,True
tct,6,a_ratio,12,0.65,0.2334091789801301,0.021397762767850367,0.12757731958762888,0.06412770883743656,97,False
tct,6,a_ratio,12,0.65,0.33393694407311014,0.0008294868888062668,0.2169243986254296,0.001644941169576058,97,True
tct,6,nqc,12,0.65,0.20002133733223781,0.04949036564447545,0.07216494845360825,0.295009708543132,97,False
tct,6,nqc,12,0.65,0.2908225624982228,0.003853915698086049,0.14604810996563578,0.03406318246416719,97,True
tct,6,bertQPP,12,0.65,0.3684925141217854,0.0002042034620342108,0.21262886597938147,0.002032205430312129,97,False
tct,6,bertQPP,12,0.65,0.4118080815816034,2.7798893721309477e-05,0.25386597938144334,0.00022970863763271067,97,True
tct,6,bertQPP(QV),12,0.65,0.3264869263783226,0.0010994388646779806,0.1911512027491409,0.005540236417616152,97,False
tct,6,bertQPP(QV),12,0.65,0.37923423088346564,0.00012776249992053643,0.23969072164948454,0.0005048251929224872,97,True
tct,6,spatial,12,0.7,0.190282054031451,0.061920939011073726,0.10137457044673541,0.14127503537333896,97,False
tct,6,spatial,12,0.7,0.31615281037452886,0.0016065789498306258,0.23238831615120278,0.0007456571945733053,97,True
tct,6,a_ratio,12,0.7,0.23108853656159384,0.02276403107252743,0.12714776632302408,0.06502915478137135,97,False
tct,6,a_ratio,12,0.7,0.3278855379537541,0.0010433552552277497,0.21821305841924402,0.0015427588468996702,97,True
tct,6,nqc,12,0.7,0.2091817397701451,0.03975345236327639,0.07560137457044674,0.27261459721837655,97,False
tct,6,nqc,12,0.7,0.2999841280543304,0.0028332369486505997,0.14948453608247425,0.030068308790855192,97,True
tct,6,bertQPP,12,0.7,0.35554169775357664,0.0003518374133781771,0.19630584192439868,0.0043909374810577745,97,False
tct,6,bertQPP,12,0.7,0.39859808191730123,5.260053745716159e-05,0.25386597938144334,0.00022970863763271067,97,True
tct,6,bertQPP(QV),12,0.7,0.31980593175018135,0.001407103903679094,0.1868556701030928,0.006698222213035896,97,False
tct,6,bertQPP(QV),12,0.7,0.369991399402689,0.00019145566303247662,0.23067010309278352,0.00081607670119364,97,True
tct,6,spatial,12,0.75,0.19678386555908428,0.05337107001788295,0.1009450171821306,0.14296835148549844,97,False
tct,6,spatial,12,0.75,0.3190032977762285,0.0014488968762221236,0.23195876288659797,0.0007627126312502382,97,True
tct,6,a_ratio,12,0.75,0.22869055252827936,0.024253517186788552,0.12585910652920965,0.0677963948466897,97,False
tct,6,a_ratio,12,0.75,0.32001343891077316,0.0013964785030690257,0.21262886597938147,0.002032205430312129,97,True
tct,6,nqc,12,0.75,0.22133454236427838,0.029351612072898815,0.07603092783505157,0.269899250718855,97,False
tct,6,nqc,12,0.75,0.3117027086586138,0.0018839951303483114,0.147766323024055,0.03201236643126749,97,True
tct,6,bertQPP,12,0.75,0.3376403119638933,0.0007191860296634885,0.18513745704467358,0.007219338175415614,97,False
tct,6,bertQPP,12,0.75,0.3808347633433967,0.00011897292088425482,0.23625429553264607,0.0006073368350083252,97,True
tct,6,bertQPP(QV),12,0.75,0.3083634786930254,0.0021198392088195854,0.17225085910652924,0.012434959394241826,97,False
tct,6,bertQPP(QV),12,0.75,0.35663654324927063,0.000336319232362732,0.22250859106529214,0.001242886914966472,97,True
tct,6,spatial,12,0.8,0.20245614288969876,0.04672783661041285,0.09836769759450173,0.15345704089516993,97,False
tct,6,spatial,12,0.8,0.3223679108104602,0.0012809153392375173,0.22680412371134026,0.0009976667225656776,97,True
tct,6,a_ratio,12,0.8,0.2262863142510561,0.025829562723313965,0.12199312714776635,0.07668417076895777,97,False
tct,6,a_ratio,12,0.8,0.31030049929894804,0.0019799795126977885,0.19974226804123715,0.0037496927052216027,97,True
tct,6,nqc,12,0.8,0.23788230815792707,0.01896164390341831,0.08204467353951891,0.23382603249144784,97,False
tct,6,nqc,12,0.8,0.32679522640833547,0.0010868456348137121,0.15635738831615123,0.02327305567367708,97,True
tct,6,bertQPP,12,0.8,0.315888627142075,0.0016219526795737693,0.16967353951890035,0.013810511589466142,97,False
tct,6,bertQPP,12,0.8,0.35921927809892007,0.00030217544879307466,0.2203608247422681,0.0013853583021557498,97,True
tct,6,bertQPP(QV),12,0.8,0.29305660605403483,0.003578586978772063,0.17310996563573885,0.01200419316896961,97,False
tct,6,bertQPP(QV),12,0.8,0.33977318104819176,0.0006619175926136956,0.2134879725085911,0.0019486331283160838,97,True
tct,6,spatial,12,0.85,0.2073064509209166,0.04160457483122641,0.1048109965635739,0.1282784361242476,97,False
tct,6,spatial,12,0.85,0.3259897491555006,0.001120027185489995,0.23024054982817874,0.0008346209629654949,97,True
tct,6,a_ratio,12,0.85,0.22392208390253182,0.027463542331645555,0.11383161512027494,0.0985701799206937,97,False
tct,6,a_ratio,12,0.85,0.2988123714246722,0.002948567445888052,0.1911512027491409,0.005540236417616152,97,True
tct,6,nqc,12,0.85,0.26046962044059035,0.00997448322978035,0.09836769759450173,0.15345704089516993,97,False
tct,6,nqc,12,0.85,0.34551514513441733,0.0005278497148177466,0.17697594501718217,0.010225152665271457,97,True
tct,6,bertQPP,12,0.85,0.291701293126157,0.0037434365275979785,0.16408934707903783,0.01726000960595295,97,False
tct,6,bertQPP,12,0.85,0.33477813324638983,0.0008031580348952878,0.20017182130584193,0.0036758280937195186,97,True
tct,6,bertQPP(QV),12,0.85,0.27512929411047077,0.006382986050312567,0.16022336769759454,0.02007078628569656,97,False
tct,6,bertQPP(QV),12,0.85,0.3202848707619376,0.0013826897483081657,0.20017182130584193,0.0036758280937195186,97,True
tct,6,spatial,12,0.9,0.21136455471315846,0.03768589800461138,0.10695876288659796,0.12064011527036375,97,False
tct,6,spatial,12,0.9,0.3281868279558887,0.0010316200698617945,0.22508591065292102,0.0010898172708815595,97,True
tct,6,a_ratio,12,0.9,0.22162693172447,0.029132899150040147,0.11512027491408937,0.09481550621817705,97,False
tct,6,a_ratio,12,0.9,0.2857023774727464,0.004557586561610894,0.17182130584192443,0.01265543298933369,97,True
tct,6,nqc,12,0.9,0.2874846354946672,0.004300625453542127,0.10137457044673541,0.14127503537333896,97,False
tct,6,nqc,12,0.9,0.3633911012166954,0.0002537041568014474,0.1782646048109966,0.009686599012848096,97,True
tct,6,bertQPP,12,0.9,0.2664858545260118,0.008328600236969496,0.14991408934707906,0.029598455953974822,97,False
tct,6,bertQPP,12,0.9,0.3086656836161916,0.0020974480753525072,0.19201030927835053,0.00533157487845821,97,True
tct,6,bertQPP(QV),12,0.9,0.25585857667639544,0.011422480683476514,0.14561855670103094,0.03459309466060896,97,False
tct,6,bertQPP(QV),12,0.9,0.2991624312677482,0.00291367884643013,0.18556701030927839,0.00708575590459897,97,True
tct,6,spatial,12,0.95,0.2146776181504215,0.03472027896486585,0.11254295532646051,0.10244263799035044,97,False
tct,6,spatial,12,0.95,0.31992367477901196,0.0014010659066365804,0.22379725085910657,0.0011640289366746655,97,True
tct,6,a_ratio,12,0.95,0.21941814731315434,0.0308197991708218,0.11168384879725088,0.1050908480999539,97,False
tct,6,a_ratio,12,0.95,0.27120192426689965,0.007210614908335402,0.15420962199312716,0.025236989773183314,97,True
tct,6,nqc,12,0.95,0.29360576224572404,0.0035136633126684634,0.10567010309278352,0.12517917667351905,97,False
tct,6,nqc,12,0.95,0.3534286889030789,0.00038366516658039915,0.17396907216494847,0.011586707769612953,97,True
tct,6,bertQPP,12,0.95,0.24140998241023714,0.017212499939896105,0.13530927835051548,0.04958921997609662,97,False
tct,6,bertQPP,12,0.95,0.2819733008808186,0.005139943843727859,0.1670962199312715,0.015318729327102553,97,True
tct,6,bertQPP(QV),12,0.95,0.23632323239475309,0.019782155812215298,0.13445017182130586,0.05105421646643944,97,False
tct,6,bertQPP(QV),12,0.95,0.27734241230826373,0.0059546604029848925,0.1628006872852234,0.018155972846842318,97,True
tct,6,spatial,12,1.0,0.2173050284189824,0.03251015556041471,0.10567010309278352,0.12517917667351905,97,False
tct,6,spatial,12,1.0,0.2556007309729284,0.01150861353291631,0.1357388316151203,0.04887004601219989,97,True
tct,6,a_ratio,12,1.0,0.2173050284189824,0.03251015556041471,0.10567010309278352,0.12517917667351905,97,False
tct,6,a_ratio,12,1.0,0.2556007309729284,0.01150861353291631,0.1357388316151203,0.04887004601219989,97,True
tct,6,nqc,12,1.0,0.2173050284189824,0.03251015556041471,0.10567010309278352,0.12517917667351905,97,False
tct,6,nqc,12,1.0,0.2556007309729284,0.01150861353291631,0.1357388316151203,0.04887004601219989,97,True
tct,6,bertQPP,12,1.0,0.2173050284189824,0.03251015556041471,0.10567010309278352,0.12517917667351905,97,False
tct,6,bertQPP,12,1.0,0.2556007309729284,0.01150861353291631,0.1357388316151203,0.04887004601219989,97,True
tct,6,bertQPP(QV),12,1.0,0.2173050284189824,0.03251015556041471,0.10567010309278352,0.12517917667351905,97,False
tct,6,bertQPP(QV),12,1.0,0.2556007309729284,0.01150861353291631,0.1357388316151203,0.04887004601219989,97,True
tct,6,spatial,13,0.0,0.05662436928408979,0.5817035806866219,0.05884879725085912,0.3931257746774063,97,False
tct,6,spatial,13,0.0,0.30140663173848015,0.002698683355267398,0.22508591065292102,0.0010898172708815595,97,True
tct,6,a_ratio,13,0.0,0.13036017459168378,0.20312685957526477,0.077319587628866,0.2618647746424714,97,False
tct,6,a_ratio,13,0.0,0.3179270782315673,0.001506702097821934,0.22637457044673542,0.0010200025736501021,97,True
tct,6,nqc,13,0.0,0.1615099398749807,0.11400098795754592,0.0622852233676976,0.36608612957525455,97,False
tct,6,nqc,13,0.0,0.24949243904587196,0.013721734696835998,0.12328178694158079,0.07362159410235054,97,True
tct,6,bertQPP,13,0.0,0.2831364735704062,0.004951567617975609,0.1829896907216495,0.007921746820669876,97,False
tct,6,bertQPP,13,0.0,0.3450716181932688,0.0005372414756776113,0.2414089347079038,0.0004598488311252096,97,True
tct,6,bertQPP(QV),13,0.0,0.21197459236446753,0.03712443824555347,0.13702749140893475,0.046764860648197036,97,False
tct,6,bertQPP(QV),13,0.0,0.292713435162527,0.003619701320670527,0.202319587628866,0.003325969220576063,97,True
tct,6,spatial,13,0.05,0.06533212171897143,0.5249164818649571,0.06142611683848798,0.37273483374323335,97,False
tct,6,spatial,13,0.05,0.3018290425003796,0.0026598495490635526,0.22637457044673542,0.0010200025736501021,97,True
tct,6,a_ratio,13,0.05,0.15285468070550629,0.1349858019843039,0.0970790378006873,0.15891607395046403,97,False
tct,6,a_ratio,13,0.05,0.32154348050881076,0.001320353016297716,0.23152920962199317,0.0007801296905645403,97,True
tct,6,nqc,13,0.05,0.16263326565471214,0.11147391091218313,0.06185567010309279,0.3694011818632015,97,False
tct,6,nqc,13,0.05,0.25077872670460666,0.0132271783431912,0.12285223367697597,0.07463114343880432,97,True
tct,6,bertQPP,13,0.05,0.29151541869759673,0.0037665666508913446,0.18384879725085912,0.0076337511300162714,97,False
tct,6,bertQPP,13,0.05,0.353407573391963,0.0003839961772099594,0.24742268041237117,0.00033019314561040996,97,True
tct,6,bertQPP(QV),13,0.05,0.22031795322704484,0.030122890490655942,0.1443298969072165,0.03622527510674091,97,False
tct,6,bertQPP(QV),13,0.05,0.30137874919825286,0.0027012645487936543,0.21477663230240554,0.0018291772025326055,97,True
tct,6,spatial,13,0.1,0.07439448007031786,0.46893890253270937,0.06743986254295534,0.3277635503646662,97,False
tct,6,spatial,13,0.1,0.30229284753285224,0.00261778971680404,0.22723367697594504,0.000975784420613921,97,True
tct,6,a_ratio,13,0.1,0.17380135935992605,0.08865459679861236,0.10524054982817871,0.12672143082539938,97,False
tct,6,a_ratio,13,0.1,0.325119194814012,0.0011569237711319359,0.23496563573883167,0.0006505425158083947,97,True
tct,6,nqc,13,0.1,0.16387988251873686,0.10872063426952384,0.0622852233676976,0.36608612957525455,97,False
tct,6,nqc,13,0.1,0.2522022022670033,0.012698021067945802,0.12285223367697597,0.07463114343880432,97,True
tct,6,bertQPP,13,0.1,0.3004750865622777,0.0027861312502655607,0.18771477663230243,0.006450561996249079,97,False
tct,6,bertQPP,13,0.1,0.3621585460277746,0.00026722005248104065,0.2508591065292096,0.00027237466938260737,97,True
tct,6,bertQPP(QV),13,0.1,0.22936212473847978,0.023828223456662776,0.14475945017182132,0.035674068768179766,97,False
tct,6,bertQPP(QV),13,0.1,0.3105444418751977,0.00196297012436785,0.21907216494845363,0.0014779202366871586,97,True
tct,6,spatial,13,0.15,0.08377453676648502,0.41460144746860456,0.07130584192439864,0.3007958300881056,97,False
tct,6,spatial,13,0.15,0.3028043617526989,0.0025720980132860564,0.22723367697594504,0.000975784420613921,97,True
tct,6,a_ratio,13,0.15,0.1920917106241611,0.05943623126395698,0.11125429553264607,0.10643517898925002,97,False
tct,6,a_ratio,13,0.15,0.32859949441236647,0.0010157418307269262,0.23410652920962205,0.0006809162092632265,97,True
tct,6,nqc,13,0.15,0.1652711297765784,0.10571075375424784,0.06443298969072167,0.34979065764691386,97,False
tct,6,nqc,13,0.15,0.2537858461082614,0.012131079766955533,0.12285223367697597,0.07463114343880432,97,True
tct,6,bertQPP,13,0.15,0.30999744214534597,0.002001296158662535,0.1937285223367698,0.004935409194231109,97,False
tct,6,bertQPP,13,0.15,0.37126681220312635,0.00018119229964596984,0.25386597938144334,0.00022970863763271067,97,True
tct,6,bertQPP(QV),13,0.15,0.23913282609782072,0.018324849290359383,0.1512027491408935,0.028226597294347726,97,False
tct,6,bertQPP(QV),13,0.15,0.3201710454699189,0.0013884569671025776,0.22809278350515466,0.000933347093157991,97,True
tct,6,spatial,13,0.2,0.09342109554626982,0.3627403083516809,0.0777491408934708,0.2592237212301055,97,False
tct,6,spatial,13,0.2,0.303371229144921,0.0025223011922773826,0.22594501718213064,0.0010428004886634003,97,True
tct,6,a_ratio,13,0.2,0.20696739992656016,0.041946805921570005,0.12500000000000003,0.06969448971824621,97,False
tct,6,a_ratio,13,0.2,0.3319147643522822,0.0008960346555593795,0.23625429553264607,0.0006073368350083252,97,True
tct,6,nqc,13,0.2,0.16683353240240645,0.10240856626863748,0.06701030927835053,0.3308539585593422,97,False
tct,6,nqc,13,0.2,0.25555801491978025,0.01152293738022321,0.1245704467353952,0.07065977324075139,97,True
tct,6,bertQPP,13,0.2,0.32002160354505294,0.0013960619256870083,0.20317869415807563,0.0031947282487263706,97,False
tct,6,bertQPP,13,0.2,0.38062934565593454,0.00012006874388771128,0.2633161512027492,0.000132903765324325,97,True
tct,6,bertQPP(QV),13,0.2,0.2496259078181967,0.013669681624808009,0.15764604810996566,0.022159535570441733,97,False
tct,6,bertQPP(QV),13,0.2,0.3301773207419063,0.0009570628665539161,0.2298109965635739,0.0008535554716530555,97,True
tct,6,spatial,13,0.25,0.10326766422142566,0.314137700458241,0.08848797250859108,0.19912082868170233,97,False
tct,6,spatial,13,0.25,0.304002782221511,0.0024678453648108722,0.2255154639175258,0.0010660691222714972,97,True
tct,6,a_ratio,13,0.25,0.21816667387465938,0.031811689386153065,0.12757731958762888,0.06412770883743656,97,False
tct,6,a_ratio,13,0.25,0.3349778377503676,0.0007970205250748794,0.2366838487972509,0.0005935388745829456,97,True
tct,6,nqc,13,0.25,0.16860046202737433,0.09877202722371796,0.06400343642611686,0.3530123788503621,97,False
tct,6,nqc,13,0.25,0.2575540878147182,0.010869996673321568,0.12500000000000003,0.06969448971824621,97,True
tct,6,bertQPP,13,0.25,0.3304203788948801,0.000948303404426103,0.2100515463917526,0.0023030471051788694,97,False
tct,6,bertQPP,13,0.25,0.3900792879669024,7.825272116008256e-05,0.2676116838487973,0.00010302809096628477,97,True
tct,6,bertQPP(QV),13,0.25,0.26078623960237335,0.009881239286062196,0.1670962199312715,0.015318729327102553,97,False
tct,6,bertQPP(QV),13,0.25,0.3404222037289387,0.0006453378965174477,0.2328178694158076,0.0007289565212236814,97,True
tct,6,spatial,13,0.3,0.11323233322616472,0.2694595592828498,0.09493127147766325,0.1683392012081001,97,False
tct,6,spatial,13,0.3,0.30471051978175967,0.00240808019141099,0.2255154639175258,0.0010660691222714972,97,True
tct,6,a_ratio,13,0.3,0.2258910296170436,0.02609685007315977,0.12800687285223372,0.06323660544752113,97,False
tct,6,a_ratio,13,0.3,0.33768141118063844,0.0007180409861195362,0.2414089347079038,0.0004598488311252096,97,True
tct,6,nqc,13,0.3,0.17061447166965465,0.09475154305269354,0.06615120274914091,0.33709113316806516,97,False
tct,6,nqc,13,0.3,0.25981874425661156,0.010168590858907785,0.12671821305841927,0.06594102788919391,97,True
tct,6,bertQPP,13,0.3,0.34096831433985564,0.000631682557056143,0.2169243986254296,0.001644941169576058,97,False
tct,6,bertQPP,13,0.3,0.39936300832837157,5.0730470261411237e-05,0.2792096219931272,5.085839224791733e-05,97,True
tct,6,bertQPP(QV),13,0.3,0.27247706927364024,0.006932066684746649,0.16924398625429557,0.01405239227763608,97,False
tct,6,bertQPP(QV),13,0.3,0.35068234406581794,0.00042899029385142824,0.2366838487972509,0.0005935388745829456,97,True
tct,6,spatial,13,0.35,0.12321884925274704,0.2292004681113727,0.1009450171821306,0.14296835148549844,97,False
tct,6,spatial,13,0.35,0.3055087475995432,0.0023422403862810065,0.22680412371134026,0.0009976667225656776,97,True
tct,6,a_ratio,13,0.35,0.2306450765903063,0.02303343346528839,0.1284364261168385,0.06235576017343852,97,False
tct,6,a_ratio,13,0.35,0.33989591680949477,0.0006587526576272302,0.2405498281786942,0.0004818477915141724,97,True
tct,6,nqc,13,0.35,0.17293064055322016,0.09028864116577746,0.06915807560137457,0.3155898965616176,97,False
tct,6,nqc,13,0.35,0.2624091677346398,0.00941518874631744,0.13101374570446736,0.05728140399891128,97,True
tct,6,bertQPP,13,0.35,0.351301617105106,0.0004183603334847235,0.21950171821305847,0.0014464512863097319,97,False
tct,6,bertQPP,13,0.35,0.4081143473497444,3.331564705731052e-05,0.28479381443298973,3.585581186521998e-05,97,True
tct,6,bertQPP(QV),13,0.35,0.2844386286816539,0.004747993743701816,0.17396907216494847,0.011586707769612953,97,False
tct,6,bertQPP(QV),13,0.35,0.36062684270489015,0.0002849413520664255,0.24312714776632308,0.0004186340215940853,97,True
tct,6,spatial,13,0.4,0.13311911386102435,0.19364602949775583,0.10781786941580758,0.11768634646990996,97,False
tct,6,spatial,13,0.4,0.3064154439356984,0.0022694249239421094,0.22938144329896912,0.0008728876884960134,97,True
tct,6,a_ratio,13,0.4,0.2330519263069259,0.021603402701482418,0.13187285223367698,0.055668220302014286,97,False
tct,6,a_ratio,13,0.4,0.3414684242886915,0.0006194100012285806,0.23883161512027495,0.0005288208236189078,97,True
tct,6,nqc,13,0.4,0.17562146727227518,0.08531465697669162,0.07130584192439864,0.3007958300881056,97,False
tct,6,nqc,13,0.4,0.2653996293474888,0.008606755669996606,0.1327319587628866,0.054093065441640706,97,True
tct,6,bertQPP,13,0.4,0.36087482642381596,0.00028200064408216854,0.22079037800687287,0.0013557124652369783,97,False
tct,6,bertQPP,13,0.4,0.41583070321585947,2.276929689606937e-05,0.28522336769759454,3.489551201397058e-05,97,True
tct,6,bertQPP(QV),13,0.4,0.29623846764409756,0.0032168292774554653,0.17568728522336774,0.01079019991112942,97,False
tct,6,bertQPP(QV),13,0.4,0.36979386692104044,0.00019309247618995676,0.24828178694158082,0.0003147483455907583,97,True
tct,6,spatial,13,0.45,0.1428171753516257,0.16286015932375286,0.10395189003436428,0.13143701983340042,97,False
tct,6,spatial,13,0.45,0.30745343329326347,0.002188575582334764,0.23109965635738836,0.0007979153488644113,97,True
tct,6,a_ratio,13,0.45,0.23371609873491722,0.021222437014389365,0.1284364261168385,0.06235576017343852,97,False
tct,6,a_ratio,13,0.45,0.34222336125269315,0.0006012971128845123,0.23195876288659797,0.0007627126312502382,97,True
tct,6,nqc,13,0.45,0.1787841938039525,0.07974979283690185,0.07259450171821306,0.29214479548279504,97,False
tct,6,nqc,13,0.45,0.2688881633147688,0.007741369144440134,0.13402061855670105,0.051800200122302374,97,True
tct,6,bertQPP,13,0.45,0.3689278763448479,0.00020042219296182896,0.21950171821305847,0.0014464512863097319,97,False
tct,6,bertQPP,13,0.45,0.4218604709032726,1.6800852916156886e-05,0.27835051546391754,5.363833855233496e-05,97,True
tct,6,bertQPP(QV),13,0.45,0.3072244744916883,0.0022061825312536167,0.18771477663230243,0.006450561996249079,97,False
tct,6,bertQPP(QV),13,0.45,0.37757857837128495,0.0001374855385913536,0.25429553264604815,0.00022415245533308512,97,True
tct,6,spatial,13,0.5,0.15219454882859523,0.1366995033985944,0.10395189003436428,0.13143701983340042,97,False
tct,6,spatial,13,0.5,0.308651972450941,0.002098459329688951,0.23195876288659797,0.0007627126312502382,97,True
tct,6,a_ratio,13,0.5,0.2331520141586994,0.021545620646265685,0.12285223367697597,0.07463114343880432,97,False
tct,6,a_ratio,13,0.5,0.34196602262019093,0.0006074161053886992,0.23152920962199317,0.0007801296905645403,97,True
tct,6,nqc,13,0.5,0.1825520435207315,0.07350337093846686,0.07130584192439864,0.3007958300881056,97,False
tct,6,nqc,13,0.5,0.2730064616149002,0.006819246778277047,0.13530927835051548,0.04958921997609662,97,True
tct,6,bertQPP,13,0.5,0.37449000756549594,0.0001574801080041969,0.2212199312714777,0.001326652810302692,97,False
tct,6,bertQPP,13,0.5,0.4254171699458773,1.4004495359214583e-05,0.2839347079037801,3.7852202750352324e-05,97,True
tct,6,bertQPP(QV),13,0.5,0.3165058468582484,0.0015862405954075356,0.19329896907216498,0.0050318722795436996,97,False
tct,6,bertQPP(QV),13,0.5,0.38324725558194783,0.00010677912256066426,0.2521477663230241,0.0002532519652694692,97,True
tct,6,spatial,13,0.55,0.1611364343914436,0.11485100167957388,0.1086769759450172,0.11478963120763813,97,False
tct,6,spatial,13,0.55,0.3100488504582289,0.001997665631150127,0.2328178694158076,0.0007289565212236814,97,True
tct,6,a_ratio,13,0.55,0.23176307520039605,0.02235941561966527,0.12285223367697597,0.07463114343880432,97,False
tct,6,a_ratio,13,0.55,0.340489885867808,0.0006436309805526453,0.22895189003436428,0.0008926252002239728,97,True
tct,6,nqc,13,0.55,0.18711192461171766,0.0664771100619432,0.07044673539518902,0.3066570724911982,97,False
tct,6,nqc,13,0.55,0.2779347685305349,0.005844429054908631,0.1396048109965636,0.042782883164389815,97,True
tct,6,bertQPP,13,0.55,0.3764577245822088,0.00014445249136076457,0.22809278350515466,0.000933347093157991,97,False
tct,6,bertQPP,13,0.55,0.4256390268775124,1.3845418645912393e-05,0.2830756013745705,3.995381628708257e-05,97,True
tct,6,bertQPP(QV),13,0.55,0.32300270541195286,0.0012512816190203716,0.19587628865979384,0.004477722918252414,97,False
tct,6,bertQPP(QV),13,0.55,0.3859950683523727,9.430857301947579e-05,0.2517182130584193,0.00025948171452482385,97,True
tct,6,spatial,13,0.6,0.16953817269232674,0.09688375055265715,0.10438144329896909,0.12985027258664464,97,False
tct,6,spatial,13,0.6,0.3116930004544287,0.0018846449595465733,0.23238831615120278,0.0007456571945733053,97,True
tct,6,a_ratio,13,0.6,0.2298489426001188,0.02352392550534053,0.12156357388316154,0.07772782073014356,97,False
tct,6,a_ratio,13,0.6,0.33758852039047293,0.000720631344469326,0.22250859106529214,0.001242886914966472,97,True
tct,6,nqc,13,0.6,0.1927330638136759,0.05857541987155552,0.06958762886597938,0.3125934883665836,97,False
tct,6,nqc,13,0.6,0.28392449837626693,0.004827462886616304,0.14089347079037803,0.040901875311072,97,True
tct,6,bertQPP,13,0.6,0.3737766281438933,0.00016246597856756195,0.22465635738831619,0.0011140538745299275,97,False
tct,6,bertQPP,13,0.6,0.42170716040326583,1.6932432636205435e-05,0.27491408934707906,6.626470924810731e-05,97,True
tct,6,bertQPP(QV),13,0.6,0.3256047997440824,0.0011362083583735683,0.20360824742268044,0.003130893451622874,97,False
tct,6,bertQPP(QV),13,0.6,0.3850582245608519,9.839963529858501e-05,0.2525773195876289,0.00024716269151633816,97,True
tct,6,spatial,13,0.65,0.1773111536796862,0.08230439079490258,0.10395189003436428,0.13143701983340042,97,False
tct,6,spatial,13,0.65,0.3136471463880746,0.0017578511456259325,0.2336769759450172,0.0006965926026270434,97,True
tct,6,a_ratio,13,0.65,0.2276239622749812,0.02494227266870715,0.11426116838487975,0.09730564872611688,97,False
tct,6,a_ratio,13,0.65,0.3330722283123043,0.000857371215444616,0.2255154639175258,0.0010660691222714972,97,True
tct,6,nqc,13,0.65,0.1998143686145878,0.049731282578904176,0.0734536082474227,0.28647120739097054,97,False
tct,6,nqc,13,0.65,0.2913322403596692,0.0037894862399229234,0.1469072164948454,0.033024149712135395,97,True
tct,6,bertQPP,13,0.65,0.36571209341441263,0.00022995025958904062,0.22293814432989695,0.0012160687743494618,97,False
tct,6,bertQPP,13,0.65,0.41301401263487497,2.6191403371583447e-05,0.26932989690721654,9.295520334274114e-05,97,True
tct,6,bertQPP(QV),13,0.65,0.3234386039854917,0.0012312950399644982,0.20360824742268044,0.003130893451622874,97,False
tct,6,bertQPP(QV),13,0.65,0.379869570054947,0.0001242037385886143,0.2530068728522337,0.00024121095691616908,97,True
tct,6,spatial,13,0.7,0.18438742978221356,0.07060657242723072,0.10438144329896909,0.12985027258664464,97,False
tct,6,spatial,13,0.7,0.31598821405430655,0.0016161417977162825,0.23582474226804126,0.000621432826309228,97,True
tct,6,a_ratio,13,0.7,0.22523717585776076,0.026544143649578026,0.1164089347079038,0.09117630712765404,97,False
tct,6,a_ratio,13,0.7,0.32678841956386384,0.0010871222529679429,0.2255154639175258,0.0010660691222714972,97,True
tct,6,nqc,13,0.7,0.20896329863308172,0.03996547533964103,0.07560137457044674,0.27261459721837655,97,False
tct,6,nqc,13,0.7,0.300667585283632,0.002767854624214884,0.15206185567010314,0.02734277211201925,97,True
tct,6,bertQPP,13,0.7,0.3521170686701998,0.0004047320723160134,0.21134020618556704,0.0021637443470699886,97,False
tct,6,bertQPP,13,0.7,0.39933865767119786,5.07890338910144e-05,0.25386597938144334,0.00022970863763271067,97,True
tct,6,bertQPP(QV),13,0.7,0.3161576980139379,0.0016062957690652978,0.19802405498281792,0.004058834798972484,97,False
tct,6,bertQPP(QV),13,0.7,0.3702146155681183,0.00018962147424110852,0.24012027491408938,0.0004932117335580638,97,True
tct,6,spatial,13,0.75,0.19072248394546748,0.061308561438726684,0.10266323024054985,0.13628751627610397,97,False
tct,6,spatial,13,0.75,0.31879657593995125,0.0014598416002753317,0.23496563573883167,0.0006505425158083947,97,True
tct,6,a_ratio,13,0.75,0.22278977422075363,0.02827667966347047,0.11554982817869418,0.09358972367387966,97,False
tct,6,a_ratio,13,0.75,0.3186432505586714,0.001468007659520708,0.22293814432989695,0.0012160687743494618,97,True
tct,6,nqc,13,0.75,0.22112090637143283,0.029512293474251213,0.07517182130584193,0.27534857568608007,97,False
tct,6,nqc,13,0.75,0.312642271018558,0.0018220544454135778,0.14991408934707906,0.029598455953974822,97,True
tct,6,bertQPP,13,0.75,0.3335555684694802,0.0008416813749112615,0.2014604810996564,0.0034621026042757834,97,False
tct,6,bertQPP,13,0.75,0.380957922287555,0.00011832037317707525,0.23625429553264607,0.0006073368350083252,97,True
tct,6,bertQPP(QV),13,0.75,0.3041047162921995,0.002459155981758817,0.18427835051546396,0.0074933028749945285,97,False
tct,6,bertQPP(QV),13,0.75,0.3563234808851241,0.0003406909300072042,0.2328178694158076,0.0007289565212236814,97,True
tct,6,spatial,13,0.8,0.19629591695044035,0.05397709287592844,0.10223367697594504,0.13793469449367568,97,False
tct,6,spatial,13,0.8,0.3220990871074333,0.0012936557006557,0.2298109965635739,0.0008535554716530555,97,True
tct,6,a_ratio,13,0.8,0.22034885075634345,0.03009919868617596,0.12199312714776635,0.07668417076895777,97,False
tct,6,a_ratio,13,0.8,0.3086206827631326,0.00210076871979518,0.20876288659793818,0.0024505203740822256,97,True
tct,6,nqc,13,0.8,0.2377049210993683,0.019053498173638026,0.07946735395189004,0.2488442983857856,97,False
tct,6,nqc,13,0.8,0.3281203323544479,0.0010341996746040763,0.15678694158075604,0.022896601370035064,97,True
tct,6,bertQPP,13,0.8,0.31119161112493043,0.0019184826816521087,0.19329896907216498,0.0050318722795436996,97,False
tct,6,bertQPP,13,0.8,0.3586322515678957,0.00030964274910941713,0.22766323024054988,0.0009543472910132449,97,True
tct,6,bertQPP(QV),13,0.8,0.2882351137554655,0.004196348390500432,0.17740549828178698,0.010042744211065484,97,False
tct,6,bertQPP(QV),13,0.8,0.3388491173845697,0.0006861963803083283,0.21950171821305847,0.0014464512863097319,97,True
tct,6,spatial,13,0.85,0.20111016190121345,0.04823876052134287,0.10180412371134022,0.13959717520298046,97,False
tct,6,spatial,13,0.85,0.3256172950347138,0.0011356798029813111,0.23496563573883167,0.0006505425158083947,97,True
tct,6,a_ratio,13,0.85,0.21795765154014568,0.031979952979974816,0.12156357388316154,0.07772782073014356,97,False
tct,6,a_ratio,13,0.85,0.29679451143242047,0.003157090148491956,0.19458762886597944,0.004747484369155047,97,True
tct,6,nqc,13,0.85,0.2603596929682741,0.010007036626495507,0.09450171821305844,0.17027316035268703,97,False
tct,6,nqc,13,0.85,0.34739599155799195,0.0004896718345963821,0.17611683848797252,0.010598840128977079,97,True
tct,6,bertQPP,13,0.85,0.28649098484122937,0.0044422456708347454,0.1701030927835052,0.013572314777054699,97,False
tct,6,bertQPP,13,0.85,0.3334605192242273,0.0008447459377128056,0.21907216494845363,0.0014779202366871586,97,True
tct,6,bertQPP(QV),13,0.85,0.2698392620124466,0.007519163612608303,0.16065292096219932,0.019739903980340746,97,False
tct,6,bertQPP(QV),13,0.85,0.3187341796176929,0.001463159823758634,0.20661512027491413,0.0027156275780873427,97,True
tct,6,spatial,13,0.9,0.20518761809057795,0.04378195877583092,0.1048109965635739,0.1282784361242476,97,False
tct,6,spatial,13,0.9,0.3276020890953919,0.0010545063652134497,0.23324742268041243,0.0007126038672884247,97,True
tct,6,a_ratio,13,0.9,0.2156429681216428,0.033894002511233645,0.1164089347079038,0.09117630712765404,97,False
tct,6,a_ratio,13,0.9,0.28332967122173824,0.00492088134248108,0.1782646048109966,0.009686599012848096,97,True
tct,6,nqc,13,0.9,0.2872287105283244,0.004336710660752942,0.11469072164948456,0.0960541193445157,97,False
tct,6,nqc,13,0.9,0.36578602770791213,0.0002292284968663966,0.1859965635738832,0.006954397086601862,97,True
tct,6,bertQPP,13,0.9,0.2608876503478841,0.009851535975781917,0.15034364261168387,0.02913493133073165,97,False
tct,6,bertQPP,13,0.9,0.30666289226521837,0.002249910411885852,0.19802405498281792,0.004058834798972484,97,True
tct,6,bertQPP(QV),13,0.9,0.2502171549161849,0.013441153028135944,0.14905498281786944,0.030544557732034724,97,False
tct,6,bertQPP(QV),13,0.9,0.2970225747892592,0.003132877083621358,0.1898625429553265,0.005867063974983271,97,True
tct,6,spatial,13,0.95,0.20856676202611082,0.040352773494720454,0.10953608247422682,0.11194930892644765,97,False
tct,6,spatial,13,0.95,0.3187499382207041,0.001462321139566315,0.22809278350515466,0.000933347093157991,97,True
tct,6,a_ratio,13,0.95,0.21342036416216953,0.03582172930061444,0.11426116838487975,0.09730564872611688,97,False
tct,6,a_ratio,13,0.95,0.26847134223624797,0.007840562432579063,0.16408934707903783,0.01726000960595295,97,True
tct,6,nqc,13,0.95,0.29139153446890875,0.0037820536443713875,0.12328178694158079,0.07362159410235054,97,False
tct,6,nqc,13,0.95,0.35465841399223214,0.0003648343093338337,0.1890034364261169,0.006094500520977148,97,True
tct,6,bertQPP,13,0.95,0.23555110065054818,0.020199687331812467,0.13316151202749144,0.05331954320676675,97,False
tct,6,bertQPP,13,0.95,0.2793765485120431,0.005583658740009333,0.1709621993127148,0.013106785247853048,97,True
tct,6,bertQPP(QV),13,0.95,0.23044770211286836,0.0231542121755654,0.13058419243986258,0.05810246319620013,97,False
tct,6,bertQPP(QV),13,0.95,0.27468766471589545,0.006471652565228407,0.16881443298969073,0.014298004272030715,97,True
tct,6,spatial,13,1.0,0.21129782518547063,0.03774774290361235,0.11383161512027494,0.0985701799206937,97,False
tct,6,spatial,13,1.0,0.25252341064098505,0.01258119867337244,0.1434707903780069,0.037349490378258986,97,True
tct,6,a_ratio,13,1.0,0.21129782518547063,0.03774774290361235,0.11383161512027494,0.0985701799206937,97,False
tct,6,a_ratio,13,1.0,0.25252341064098505,0.01258119867337244,0.1434707903780069,0.037349490378258986,97,True
tct,6,nqc,13,1.0,0.21129782518547063,0.03774774290361235,0.11383161512027494,0.0985701799206937,97,False
tct,6,nqc,13,1.0,0.25252341064098505,0.01258119867337244,0.1434707903780069,0.037349490378258986,97,True
tct,6,bertQPP,13,1.0,0.21129782518547063,0.03774774290361235,0.11383161512027494,0.0985701799206937,97,False
tct,6,bertQPP,13,1.0,0.25252341064098505,0.01258119867337244,0.1434707903780069,0.037349490378258986,97,True
tct,6,bertQPP(QV),13,1.0,0.21129782518547063,0.03774774290361235,0.11383161512027494,0.0985701799206937,97,False
tct,6,bertQPP(QV),13,1.0,0.25252341064098505,0.01258119867337244,0.1434707903780069,0.037349490378258986,97,True
tct,6,spatial,14,0.0,0.05662436928408979,0.5817035806866219,0.05884879725085912,0.3931257746774063,97,False
tct,6,spatial,14,0.0,0.30140663173848015,0.002698683355267398,0.22508591065292102,0.0010898172708815595,97,True
tct,6,a_ratio,14,0.0,0.13036017459168378,0.20312685957526477,0.077319587628866,0.2618647746424714,97,False
tct,6,a_ratio,14,0.0,0.3179270782315673,0.001506702097821934,0.22637457044673542,0.0010200025736501021,97,True
tct,6,nqc,14,0.0,0.1615099398749807,0.11400098795754592,0.0622852233676976,0.36608612957525455,97,False
tct,6,nqc,14,0.0,0.24949243904587196,0.013721734696835998,0.12328178694158079,0.07362159410235054,97,True
tct,6,bertQPP,14,0.0,0.2831364735704062,0.004951567617975609,0.1829896907216495,0.007921746820669876,97,False
tct,6,bertQPP,14,0.0,0.3450716181932688,0.0005372414756776113,0.2414089347079038,0.0004598488311252096,97,True
tct,6,bertQPP(QV),14,0.0,0.21197459236446753,0.03712443824555347,0.13702749140893475,0.046764860648197036,97,False
tct,6,bertQPP(QV),14,0.0,0.292713435162527,0.003619701320670527,0.202319587628866,0.003325969220576063,97,True
tct,6,spatial,14,0.05,0.06561300669355774,0.5231323225163782,0.06142611683848798,0.37273483374323335,97,False
tct,6,spatial,14,0.05,0.30184440363142895,0.002658446861760846,0.22637457044673542,0.0010200025736501021,97,True
tct,6,a_ratio,14,0.05,0.15349647634616842,0.1333354130500132,0.09879725085910654,0.15166941209887877,97,False
tct,6,a_ratio,14,0.05,0.3216715281998134,0.0013141562481695642,0.23195876288659797,0.0007627126312502382,97,True
tct,6,nqc,14,0.05,0.16265715944098263,0.11142063495717099,0.06185567010309279,0.3694011818632015,97,False
tct,6,nqc,14,0.05,0.2508029897053321,0.013218000626275643,0.12285223367697597,0.07463114343880432,97,True
tct,6,bertQPP,14,0.05,0.2918379394609375,0.003726513441420105,0.18384879725085912,0.0076337511300162714,97,False
tct,6,bertQPP,14,0.05,0.353703819202421,0.00037937609094578764,0.24785223367697598,0.0003223841860548392,97,True
tct,6,bertQPP(QV),14,0.05,0.2205459609191232,0.02994842795406984,0.14561855670103094,0.03459309466060896,97,False
tct,6,bertQPP(QV),14,0.05,0.30159385966540964,0.002681408318806899,0.21391752577319592,0.001908041073171658,97,True
tct,6,spatial,14,0.1,0.07497156695965582,0.4654878811397826,0.06958762886597938,0.3125934883665836,97,False
tct,6,spatial,14,0.1,0.3023251996896319,0.0026148783293586503,0.22680412371134026,0.0009976667225656776,97,True
tct,6,a_ratio,14,0.1,0.1750931025661252,0.08627373772600204,0.10738831615120277,0.11915605807960761,97,False
tct,6,a_ratio,14,0.1,0.32538400542089696,0.0011455850258733256,0.2328178694158076,0.0007289565212236814,97,True
tct,6,nqc,14,0.1,0.16393032537733251,0.10861035092161599,0.0622852233676976,0.36608612957525455,97,False
tct,6,nqc,14,0.1,0.2522533984152351,0.012679338144434605,0.12328178694158079,0.07362159410235054,97,True
tct,6,bertQPP,14,0.1,0.30116799076996326,0.0027208471813306673,0.18814432989690724,0.00632984784895861,97,False
tct,6,bertQPP,14,0.1,0.3627862473828627,0.00026025597442450434,0.2491408934707904,0.00029998189638302743,97,True
tct,6,bertQPP(QV),14,0.1,0.22984875641933888,0.023524041245016326,0.14647766323024058,0.03354022455213661,97,False
tct,6,bertQPP(QV),14,0.1,0.3109975044470634,0.001931729265853394,0.22079037800687287,0.0013557124652369783,97,True
tct,6,spatial,14,0.15,0.08466288452429264,0.40965271000791226,0.0734536082474227,0.28647120739097054,97,False
tct,6,spatial,14,0.15,0.3028556084335146,0.002567560117709598,0.22637457044673542,0.0010200025736501021,97,True
tct,6,a_ratio,14,0.15,0.19402574304276687,0.05687137122076972,0.11254295532646051,0.10244263799035044,97,False
tct,6,a_ratio,14,0.15,0.32901060265030885,0.001000145189253148,0.23453608247422683,0.0006655682797928671,97,True
tct,6,nqc,14,0.15,0.16535124399025347,0.10553943249966163,0.06486254295532648,0.34658765831762584,97,False
tct,6,nqc,14,0.15,0.25386710891698,0.01210259294503104,0.12285223367697597,0.07463114343880432,97,True
tct,6,bertQPP,14,0.15,0.31111630656538347,0.0019236119773932416,0.19243986254295536,0.005229928831102741,97,False
tct,6,bertQPP,14,0.15,0.3722645684993947,0.00017352073920141436,0.2521477663230241,0.0002532519652694692,97,True
tct,6,bertQPP(QV),14,0.15,0.23991374367192467,0.01793660280364506,0.1516323024054983,0.027781654237823455,97,False
tct,6,bertQPP(QV),14,0.15,0.32088695826709224,0.0013525436468536252,0.22938144329896912,0.0008728876884960134,97,True
tct,6,spatial,14,0.2,0.09463513625248807,0.35650940902301653,0.07860824742268042,0.2539971105350425,97,False
tct,6,spatial,14,0.2,0.3034436122327332,0.0025160055329224544,0.22680412371134026,0.0009976667225656776,97,True
tct,6,a_ratio,14,0.2,0.20951998514148049,0.03942699903931266,0.12242268041237117,0.07565197367789964,97,False
tct,6,a_ratio,14,0.2,0.3324826268973533,0.0008768715926543119,0.2366838487972509,0.0005935388745829456,97,True
tct,6,nqc,14,0.2,0.16694702312478218,0.10217188285738947,0.06615120274914091,0.33709113316806516,97,False
tct,6,nqc,14,0.2,0.25567305419899666,0.011484397050854836,0.12500000000000003,0.06969448971824621,97,True
tct,6,bertQPP,14,0.2,0.3216300659694638,0.001316159883189123,0.20317869415807563,0.0031947282487263706,97,False
tct,6,bertQPP,14,0.2,0.38203841230228675,0.00011273620181799936,0.26159793814432997,0.00014700123564547276,97,True
tct,6,bertQPP(QV),14,0.2,0.2507423763764244,0.013240938584691933,0.16065292096219932,0.019739903980340746,97,False
tct,6,bertQPP(QV),14,0.2,0.33118266820175907,0.0009213034616137137,0.2336769759450172,0.0006965926026270434,97,True
tct,6,spatial,14,0.25,0.10482076410537466,0.30687572219818354,0.08676975945017183,0.2079844017382293,97,False
tct,6,spatial,14,0.25,0.3040989671142609,0.002459645337108656,0.22594501718213064,0.0010428004886634003,97,True
tct,6,a_ratio,14,0.25,0.2212986091250502,0.029378586505485776,0.12371134020618559,0.07262323979726368,97,False
tct,6,a_ratio,14,0.25,0.33571394670716886,0.0007747658024290854,0.2366838487972509,0.0005935388745829456,97,True
tct,6,nqc,14,0.25,0.16875177130580743,0.09846539311627592,0.06400343642611686,0.3530123788503621,97,False
tct,6,nqc,14,0.25,0.25770733891061215,0.010821231091214805,0.12628865979381446,0.0668634129345248,97,True
tct,6,bertQPP,14,0.25,0.33258957572893155,0.0008733046195783539,0.209192439862543,0.002400428947085522,97,False
tct,6,bertQPP,14,0.25,0.3919420234765879,7.180904787921019e-05,0.2714776632302406,8.166950933778078e-05,97,True
tct,6,bertQPP(QV),14,0.25,0.2622853901329703,0.009450041194362201,0.1701030927835052,0.013572314777054699,97,False
tct,6,bertQPP(QV),14,0.25,0.34174448912442473,0.0006127293410327421,0.23195876288659797,0.0007627126312502382,97,True
tct,6,spatial,14,0.3,0.1151362918718189,0.2614374851178714,0.09278350515463919,0.1781756748775648,97,False
tct,6,spatial,14,0.3,0.3048337090437534,0.002397811665457828,0.22508591065292102,0.0010898172708815595,97,True
tct,6,a_ratio,14,0.3,0.2295501953892216,0.023710269125173898,0.13058419243986258,0.05810246319620013,97,False
tct,6,a_ratio,14,0.3,0.338598413148741,0.0006929223943417235,0.24355670103092786,0.0004088834881762593,97,True
tct,6,nqc,14,0.3,0.17080898667125483,0.09437017648606967,0.06658075601374572,0.3339631552636785,97,False
tct,6,nqc,14,0.3,0.26001556840837403,0.010109546832715081,0.12714776632302408,0.06502915478137135,97,True
tct,6,bertQPP,14,0.3,0.3437745995774103,0.0005655921234857764,0.2177835051546392,0.0015761513468118154,97,False
tct,6,bertQPP,14,0.3,0.4017201085912414,4.535048847929658e-05,0.2792096219931272,5.085839224791733e-05,97,True
tct,6,bertQPP(QV),14,0.3,0.2744115003517944,0.00652765093563544,0.17139175257731962,0.012879359856548544,97,False
tct,6,bertQPP(QV),14,0.3,0.3523486532715758,0.00040093679575075404,0.2336769759450172,0.0006965926026270434,97,True
tct,6,spatial,14,0.35,0.12548335537102928,0.22069061257316422,0.09750859106529211,0.15708030004273185,97,False
tct,6,spatial,14,0.35,0.30566283540146455,0.002329719235045719,0.22680412371134026,0.0009976667225656776,97,True
tct,6,a_ratio,14,0.35,0.23477107183851098,0.02062915023919473,0.1284364261168385,0.06235576017343852,97,False
tct,6,a_ratio,14,0.35,0.34100772530627643,0.0006307074040184054,0.24183848797250862,0.0004492042155364218,97,True
tct,6,nqc,14,0.35,0.17317498047804258,0.0898277090879074,0.06743986254295534,0.3277635503646662,97,False
tct,6,nqc,14,0.35,0.2626561258186794,0.009345988961118767,0.1284364261168385,0.06235576017343852,97,True
tct,6,bertQPP,14,0.35,0.3548213861562032,0.0003624035490068122,0.21821305841924402,0.0015427588468996702,97,False
tct,6,bertQPP,14,0.35,0.41100044369858824,2.8926573644803626e-05,0.28178694158075607,4.331497350290762e-05,97,True
tct,6,bertQPP(QV),14,0.35,0.28686475131517264,0.0043884938339662964,0.17611683848797252,0.010598840128977079,97,False
tct,6,bertQPP(QV),14,0.35,0.36266176741889844,0.00026162357089584123,0.24355670103092786,0.0004088834881762593,97,True
tct,6,spatial,14,0.4,0.13575118782301263,0.18490320198537652,0.10609965635738833,0.1236515932692785,97,False
tct,6,spatial,14,0.4,0.3066052301686614,0.0022544442471628054,0.22895189003436428,0.0008926252002239728,97,True
tct,6,a_ratio,14,0.4,0.23758157777143746,0.0191175930218046,0.12929553264604812,0.060624507125192455,97,False
tct,6,a_ratio,14,0.4,0.3427903024287563,0.0005880150928264004,0.2392611683848798,0.0005166931871154039,97,True
tct,6,nqc,14,0.4,0.17592388730060016,0.08476953699481729,0.07087628865979383,0.3037170573623521,97,False
tct,6,nqc,14,0.4,0.26570486328782605,0.008527779027235845,0.13445017182130586,0.05105421646643944,97,True
tct,6,bertQPP,14,0.4,0.3651750328871974,0.0002352564878152632,0.21993127147766325,0.0014156009702633058,97,False
tct,6,bertQPP,14,0.4,0.4192680423193008,1.9160230083068008e-05,0.2826460481099657,4.1045698019656674e-05,97,True
tct,6,bertQPP(QV),14,0.4,0.29921274523190966,0.0029086949134163867,0.17912371134020622,0.009341755733078497,97,False
tct,6,bertQPP(QV),14,0.4,0.37221659293243203,0.00017388262518096043,0.24957044673539522,0.00029284438819506046,97,True
tct,6,spatial,14,0.45,0.14582064041609116,0.154105484150343,0.10695876288659796,0.12064011527036375,97,False
tct,6,spatial,14,0.45,0.30768492727050595,0.002170902630562014,0.2328178694158076,0.0007289565212236814,97,True
tct,6,a_ratio,14,0.45,0.23858829120230213,0.01859983904029341,0.12671821305841927,0.06594102788919391,97,False
tct,6,a_ratio,14,0.45,0.34377193610499956,0.0005656517271916595,0.23539518900343648,0.0006358327263393619,97,True
tct,6,nqc,14,0.45,0.1791551679735085,0.07911653826497318,0.07431271477663232,0.2808725107935828,97,False
tct,6,nqc,14,0.45,0.2692619392968679,0.007653362342967755,0.13445017182130586,0.05105421646643944,97,True
tct,6,bertQPP,14,0.45,0.37405119254491315,0.00016052997335753793,0.21907216494845363,0.0014779202366871586,97,False
tct,6,bertQPP,14,0.45,0.4258508810875269,1.369509831899764e-05,0.28006872852233683,4.8215372827859356e-05,97,True
tct,6,bertQPP(QV),14,0.45,0.3107966100915148,0.001945526042208466,0.1890034364261169,0.006094500520977148,97,False
tct,6,bertQPP(QV),14,0.45,0.38039926161895593,0.0001213072667064302,0.2521477663230241,0.0002532519652694692,97,True
tct,6,spatial,14,0.5,0.15556958192450246,0.12810929305043564,0.10652920962199315,0.12213859984356254,97,False
tct,6,spatial,14,0.5,0.3089328351464845,0.0020778321293438043,0.23152920962199317,0.0007801296905645403,97,True
tct,6,a_ratio,14,0.5,0.23831094776840245,0.01874125787104277,0.12156357388316154,0.07772782073014356,97,False
tct,6,a_ratio,14,0.5,0.34375917346372564,0.0005659374119502825,0.23324742268041243,0.0007126038672884247,97,True
tct,6,nqc,14,0.5,0.18300512993175444,0.07277951991206635,0.07431271477663232,0.2808725107935828,97,False
tct,6,nqc,14,0.5,0.27346196304772163,0.006723476629161709,0.13445017182130586,0.05105421646643944,97,True
tct,6,bertQPP,14,0.5,0.38043532032459726,0.00012111238580250881,0.21907216494845363,0.0014779202366871586,97,False
tct,6,bertQPP,14,0.5,0.4299335115136183,1.1080994472875021e-05,0.2835051546391753,3.888953702314073e-05,97,True
tct,6,bertQPP(QV),14,0.5,0.3207084151198184,0.0013614203451765932,0.19458762886597944,0.004747484369155047,97,False
tct,6,bertQPP(QV),14,0.5,0.3864632057203231,9.232403778702655e-05,0.2512886597938145,0.00026585493232954136,97,True
tct,6,spatial,14,0.55,0.16487925017607352,0.10655190381396074,0.10309278350515466,0.1346555631057889,97,False
tct,6,spatial,14,0.55,0.3103890584447817,0.001973789216025179,0.23195876288659797,0.0007627126312502382,97,True
tct,6,a_ratio,14,0.55,0.23715987620335754,0.019338131558992618,0.11726804123711342,0.08881318243030219,97,False
tct,6,a_ratio,14,0.55,0.3425464296216186,0.0005936951358486289,0.22680412371134026,0.0009976667225656776,97,True
tct,6,nqc,14,0.55,0.18766509264543668,0.06566307696144702,0.07474226804123713,0.2781012070168114,97,False
tct,6,nqc,14,0.55,0.27848928606729295,0.005742883443948774,0.14175257731958765,0.039687194240219145,97,True
tct,6,bertQPP,14,0.55,0.3831603947205323,0.00010719722097382054,0.22379725085910657,0.0011640289366746655,97,False
tct,6,bertQPP,14,0.55,0.4306187417180775,1.0691110931179984e-05,0.2792096219931272,5.085839224791733e-05,97,True
tct,6,bertQPP(QV),14,0.55,0.32783825249812754,0.0010452080098713832,0.19286941580756015,0.005130036782382208,97,False
tct,6,bertQPP(QV),14,0.55,0.38958776602406264,8.004055251509822e-05,0.24785223367697598,0.0003223841860548392,97,True
tct,6,spatial,14,0.6,0.1736408886241294,0.08895397003924155,0.10008591065292097,0.14640165493450158,97,False
tct,6,spatial,14,0.6,0.3121058791496363,0.0018571866639686613,0.23152920962199317,0.0007801296905645403,97,True
tct,6,a_ratio,14,0.6,0.23544201837446277,0.02025927948402555,0.11769759450171824,0.08765026442852013,97,False
tct,6,a_ratio,14,0.6,0.3399276074323684,0.0006579377173095954,0.22079037800687287,0.0013557124652369783,97,True
tct,6,nqc,14,0.6,0.19341081025768175,0.05767686272803033,0.07259450171821306,0.29214479548279504,97,False
tct,6,nqc,14,0.6,0.2846012719136967,0.004723097712574818,0.1434707903780069,0.037349490378258986,97,True
tct,6,bertQPP,14,0.6,0.38109769480537337,0.00011758382363523544,0.23067010309278352,0.00081607670119364,97,False
tct,6,bertQPP,14,0.6,0.4270516974231154,1.287160530219805e-05,0.27233676975945026,7.752860694391557e-05,97,True
tct,6,bertQPP(QV),14,0.6,0.3310341396231161,0.0009265086400611459,0.2018900343642612,0.0033934144348203364,97,False
tct,6,bertQPP(QV),14,0.6,0.3889925330455196,8.225646802983023e-05,0.2525773195876289,0.00024716269151633816,97,True
tct,6,spatial,14,0.65,0.1817618680008338,0.07477961086135523,0.09879725085910654,0.15166941209887877,97,False
tct,6,spatial,14,0.65,0.3141510485025623,0.001726432702814613,0.23410652920962205,0.0006809162092632265,97,True
tct,6,a_ratio,14,0.65,0.23337858827503893,0.021415305319852362,0.11125429553264607,0.10643517898925002,97,False
tct,6,a_ratio,14,0.65,0.3357123741409964,0.0007748127344898274,0.22508591065292102,0.0010898172708815595,97,True
tct,6,nqc,14,0.65,0.20065125013271695,0.04876305252743338,0.07946735395189004,0.2488442983857856,97,False
tct,6,nqc,14,0.65,0.2921634088459729,0.0036864807045154874,0.1516323024054983,0.027781654237823455,97,True
tct,6,bertQPP,14,0.65,0.3734472470804103,0.00016481702196784653,0.22336769759450176,0.0011897860106094835,97,False
tct,6,bertQPP,14,0.65,0.4185974446154874,1.9819236862206015e-05,0.2684707903780069,9.786936882852283e-05,97,True
tct,6,bertQPP(QV),14,0.65,0.3293764827289443,0.000986448232745796,0.19458762886597944,0.004747484369155047,97,False
tct,6,bertQPP(QV),14,0.65,0.3840962167766554,0.00010277167888581915,0.2530068728522337,0.00024121095691616908,97,True
tct,6,spatial,14,0.7,0.189170520310747,0.06348859710673184,0.10395189003436428,0.13143701983340042,97,False
tct,6,spatial,14,0.7,0.31660939183006487,0.001580319789403944,0.23711340206185572,0.000580033168540485,97,True
tct,6,a_ratio,14,0.7,0.23112470951725334,0.022742175301087658,0.10996563573883163,0.110550087489207,97,False
tct,6,a_ratio,14,0.7,0.3297461469283946,0.0009727833857116229,0.22336769759450176,0.0011897860106094835,97,True
tct,6,nqc,14,0.7,0.21001016333170047,0.038957886499089496,0.07517182130584193,0.27534857568608007,97,False
tct,6,nqc,14,0.7,0.3016990826187753,0.002671743377866972,0.1554982817869416,0.02404211148041231,97,True
tct,6,bertQPP,14,0.7,0.360029409447715,0.000292142479017231,0.20317869415807563,0.0031947282487263706,97,False
tct,6,bertQPP,14,0.7,0.4050255859284397,3.869779692484764e-05,0.25042955326460486,0.0002790440350017295,97,True
tct,6,bertQPP(QV),14,0.7,0.32248106395956966,0.0012755868379657042,0.1911512027491409,0.005540236417616152,97,False
tct,6,bertQPP(QV),14,0.7,0.374675873276062,0.00015620454910867073,0.23496563573883167,0.0006505425158083947,97,True
tct,6,spatial,14,0.75,0.19581910791120333,0.054574729363155494,0.10223367697594504,0.13793469449367568,97,False
tct,6,spatial,14,0.75,0.31957442328128793,0.0014190448177532596,0.23582474226804126,0.000621432826309228,97,True
tct,6,a_ratio,14,0.75,0.22878675377457988,0.024192200270442075,0.11039518900343644,0.10916471457232763,97,False
tct,6,a_ratio,14,0.75,0.32193140967285416,0.0013016606078306789,0.2216494845360825,0.001298168853613724,97,True
tct,6,nqc,14,0.75,0.22245664866280512,0.02851975632114128,0.07989690721649485,0.24629548858904848,97,False
tct,6,nqc,14,0.75,0.3139422240044733,0.0017393907882044994,0.15592783505154642,0.023654871935139845,97,True
tct,6,bertQPP,14,0.75,0.3414218872249817,0.0006205427262452731,0.19673539518900346,0.004305679427335466,97,False
tct,6,bertQPP,14,0.75,0.3866257261677765,9.164420328344931e-05,0.24097938144329903,0.0004707284379041492,97,True
tct,6,bertQPP(QV),14,0.75,0.3106728361876614,0.001954070694313286,0.18341924398625434,0.007776554495134835,97,False
tct,6,bertQPP(QV),14,0.75,0.36096044771599867,0.0002809918225666238,0.22895189003436428,0.0008926252002239728,97,True
tct,6,spatial,14,0.8,0.20168466683300107,0.04758898440733639,0.10137457044673541,0.14127503537333896,97,False
tct,6,spatial,14,0.8,0.3230965184136759,0.0012469554312948123,0.22809278350515466,0.000933347093157991,97,True
tct,6,a_ratio,14,0.8,0.22643612226423154,0.025728874659208784,0.11297250859106532,0.10113858933462912,97,False
tct,6,a_ratio,14,0.8,0.31224664105916755,0.001847908358391668,0.20618556701030932,0.0027716955730928564,97,True
tct,6,nqc,14,0.8,0.23946051565592089,0.018161060048331547,0.08118556701030928,0.23875904036666062,97,False
tct,6,nqc,14,0.8,0.3297936880630209,0.0009710385756627833,0.16237113402061856,0.018463547347092265,97,True
tct,6,bertQPP,14,0.8,0.3188417319203535,0.0014574444727313278,0.19243986254295536,0.005229928831102741,97,False
tct,6,bertQPP,14,0.8,0.36418945755112697,0.00024528926308322327,0.2285223367697595,0.0009127757207962206,97,True
tct,6,bertQPP(QV),14,0.8,0.2949135176221642,0.00336328145935834,0.17439862542955328,0.011382836808156348,97,False
tct,6,bertQPP(QV),14,0.8,0.34360818107473445,0.000569327344277817,0.22336769759450176,0.0011897860106094835,97,True
tct,6,spatial,14,0.85,0.20676781496856622,0.0421493568915872,0.10180412371134022,0.13959717520298046,97,False
tct,6,spatial,14,0.85,0.32694356107384165,0.0010808334615839145,0.2336769759450172,0.0006965926026270434,97,True
tct,6,a_ratio,14,0.85,0.22411959047425029,0.027323761281845032,0.11554982817869418,0.09358972367387966,97,False
tct,6,a_ratio,14,0.85,0.30075851918160273,0.0027592585187104102,0.1902920962199313,0.005756239608165468,97,True
tct,6,nqc,14,0.85,0.26277174662876507,0.009313744762563156,0.09621993127147768,0.16263626465805225,97,False
tct,6,nqc,14,0.85,0.349608635607649,0.0004480106296073142,0.18127147766323026,0.008527096049992753,97,True
tct,6,bertQPP,14,0.85,0.29382447977728476,0.0034881006296790767,0.17139175257731962,0.012879359856548544,97,False
tct,6,bertQPP,14,0.85,0.3388547722490953,0.0006860453598920594,0.21907216494845363,0.0014779202366871586,97,True
tct,6,bertQPP(QV),14,0.85,0.2765177156774271,0.006111197125514878,0.16108247422680416,0.01941379508307944,97,False
tct,6,bertQPP(QV),14,0.85,0.323570860575437,0.001225288507916434,0.20618556701030932,0.0027716955730928564,97,True
tct,6,spatial,14,0.9,0.2110899113714957,0.03794098238972983,0.1048109965635739,0.1282784361242476,97,False
tct,6,spatial,14,0.9,0.32947000304727936,0.0009829747738744215,0.23238831615120278,0.0007456571945733053,97,True
tct,6,a_ratio,14,0.9,0.2218668169525043,0.028954492510556894,0.11211340206185569,0.10376002930884054,97,False
tct,6,a_ratio,14,0.9,0.28762375831916465,0.004281121867031157,0.18041237113402064,0.008845012615594157,97,True
tct,6,nqc,14,0.9,0.2907581020112545,0.003862133657095556,0.11726804123711342,0.08881318243030219,97,False
tct,6,nqc,14,0.9,0.36879115513672556,0.0002016026333704418,0.1868556701030928,0.006698222213035896,97,True
tct,6,bertQPP,14,0.9,0.2678673897421738,0.00798627616566598,0.15420962199312716,0.025236989773183314,97,False
tct,6,bertQPP,14,0.9,0.3118776835644196,0.0018723176607943638,0.19243986254295536,0.005229928831102741,97,True
tct,6,bertQPP(QV),14,0.9,0.2568169036472317,0.01110726955924281,0.15034364261168387,0.02913493133073165,97,False
tct,6,bertQPP(QV),14,0.9,0.3019024494204191,0.0026531524697065508,0.19158075601374575,0.0054350017041903615,97,True
tct,6,spatial,14,0.95,0.21468912980634977,0.03471032690025529,0.10781786941580758,0.11768634646990996,97,False
tct,6,spatial,14,0.95,0.3216372763279958,0.0013158112482259316,0.22809278350515466,0.000933347093157991,97,True
tct,6,a_ratio,14,0.95,0.21969568411205714,0.030603405786225276,0.11039518900343644,0.10916471457232763,97,False
tct,6,a_ratio,14,0.95,0.27307903989875826,0.0068039067116656225,0.16881443298969073,0.014298004272030715,97,True
tct,6,nqc,14,0.95,0.2967341786085166,0.003163523585506089,0.1164089347079038,0.09117630712765404,97,False
tct,6,nqc,14,0.95,0.3587354474702526,0.00030831784589955847,0.18341924398625434,0.007776554495134835,97,True
tct,6,bertQPP,14,0.95,0.24218431235428473,0.01684777338228311,0.1365979381443299,0.04745794602168577,97,False
tct,6,bertQPP,14,0.95,0.2844209540450031,0.004750706254021305,0.17053264604811,0.013337754848227265,97,True
tct,6,bertQPP(QV),14,0.95,0.2369196319631623,0.019464748340513018,0.13101374570446736,0.05728140399891128,97,False
tct,6,bertQPP(QV),14,0.95,0.2795852839253505,0.005546774302914418,0.16623711340206188,0.015852745291372216,97,True
tct,6,spatial,14,1.0,0.2176160499898277,0.03225655912601307,0.11211340206185569,0.10376002930884054,97,False
tct,6,spatial,14,1.0,0.25742042106044605,0.010912687204157764,0.14089347079037803,0.040901875311072,97,True
tct,6,a_ratio,14,1.0,0.2176160499898277,0.03225655912601307,0.11211340206185569,0.10376002930884054,97,False
tct,6,a_ratio,14,1.0,0.25742042106044605,0.010912687204157764,0.14089347079037803,0.040901875311072,97,True
tct,6,nqc,14,1.0,0.2176160499898277,0.03225655912601307,0.11211340206185569,0.10376002930884054,97,False
tct,6,nqc,14,1.0,0.25742042106044605,0.010912687204157764,0.14089347079037803,0.040901875311072,97,True
tct,6,bertQPP,14,1.0,0.2176160499898277,0.03225655912601307,0.11211340206185569,0.10376002930884054,97,False
tct,6,bertQPP,14,1.0,0.25742042106044605,0.010912687204157764,0.14089347079037803,0.040901875311072,97,True
tct,6,bertQPP(QV),14,1.0,0.2176160499898277,0.03225655912601307,0.11211340206185569,0.10376002930884054,97,False
tct,6,bertQPP(QV),14,1.0,0.25742042106044605,0.010912687204157764,0.14089347079037803,0.040901875311072,97,True
tct,6,spatial,15,0.0,0.05662436928408979,0.5817035806866219,0.05884879725085912,0.3931257746774063,97,False
tct,6,spatial,15,0.0,0.30140663173848015,0.002698683355267398,0.22508591065292102,0.0010898172708815595,97,True
tct,6,a_ratio,15,0.0,0.13036017459168378,0.20312685957526477,0.077319587628866,0.2618647746424714,97,False
tct,6,a_ratio,15,0.0,0.3179270782315673,0.001506702097821934,0.22637457044673542,0.0010200025736501021,97,True
tct,6,nqc,15,0.0,0.1615099398749807,0.11400098795754592,0.0622852233676976,0.36608612957525455,97,False
tct,6,nqc,15,0.0,0.24949243904587196,0.013721734696835998,0.12328178694158079,0.07362159410235054,97,True
tct,6,bertQPP,15,0.0,0.2831364735704062,0.004951567617975609,0.1829896907216495,0.007921746820669876,97,False
tct,6,bertQPP,15,0.0,0.3450716181932688,0.0005372414756776113,0.2414089347079038,0.0004598488311252096,97,True
tct,6,bertQPP(QV),15,0.0,0.21197459236446753,0.03712443824555347,0.13702749140893475,0.046764860648197036,97,False
tct,6,bertQPP(QV),15,0.0,0.292713435162527,0.003619701320670527,0.202319587628866,0.003325969220576063,97,True
tct,6,spatial,15,0.05,0.06507842135540493,0.5265305975041078,0.06056701030927836,0.3794578311122522,97,False
tct,6,spatial,15,0.05,0.30181422240904854,0.0026612034626785136,0.22680412371134026,0.0009976667225656776,97,True
tct,6,a_ratio,15,0.05,0.1525899652819071,0.13567103005987755,0.09364261168384881,0.17419095096502246,97,False
tct,6,a_ratio,15,0.05,0.321441511434994,0.0013253066939471845,0.23109965635738836,0.0007979153488644113,97,True
tct,6,nqc,15,0.05,0.16260464861486568,0.111537744333872,0.0622852233676976,0.36608612957525455,97,False
tct,6,nqc,15,0.05,0.250768378794034,0.013231094227557747,0.12285223367697597,0.07463114343880432,97,True
tct,6,bertQPP,15,0.05,0.2915171076292893,0.0037663559069224307,0.18256013745704472,0.00806936233603351,97,False
tct,6,bertQPP,15,0.05,0.35348656551659835,0.00038275922702063773,0.2491408934707904,0.00029998189638302743,97,True
tct,6,bertQPP(QV),15,0.05,0.22022837685582877,0.03019166558914326,0.14647766323024058,0.03354022455213661,97,False
tct,6,bertQPP(QV),15,0.05,0.30137459987189086,0.0027016488575229286,0.21176975945017185,0.0021190549684448486,97,True
tct,6,spatial,15,0.1,0.0738873290059511,0.47198316595894524,0.06872852233676977,0.3186051074891699,97,False
tct,6,spatial,15,0.1,0.30226175462845195,0.0026205905311591587,0.22809278350515466,0.000933347093157991,97,True
tct,6,a_ratio,15,0.1,0.1734913038842804,0.08923375571868378,0.10008591065292097,0.14640165493450158,97,False
tct,6,a_ratio,15,0.1,0.3249182906530138,0.0011655941357317811,0.2298109965635739,0.0008535554716530555,97,True
tct,6,nqc,15,0.1,0.16381958302233726,0.10885258158248429,0.0627147766323024,0.3627897011875757,97,False
tct,6,nqc,15,0.1,0.2521805976020407,0.01270591241326506,0.12328178694158079,0.07362159410235054,97,True
tct,6,bertQPP,15,0.1,0.3005153519851008,0.0027822993377969517,0.1859965635738832,0.006954397086601862,97,False
tct,6,bertQPP,15,0.1,0.36234750194282184,0.0002651057936649344,0.24957044673539522,0.00029284438819506046,97,True
tct,6,bertQPP(QV),15,0.1,0.22919967033876765,0.02393051461194939,0.14647766323024058,0.03354022455213661,97,False
tct,6,bertQPP(QV),15,0.1,0.31055439436143123,0.001962278978195398,0.2203608247422681,0.0013853583021557498,97,True
tct,6,spatial,15,0.15,0.08301988453973964,0.41883260103308523,0.06958762886597938,0.3125934883665836,97,False
tct,6,spatial,15,0.15,0.302755322652406,0.002576447183499488,0.22637457044673542,0.0010200025736501021,97,True
tct,6,a_ratio,15,0.15,0.1919495106983929,0.05962848140048236,0.10910652920962201,0.11336246240953972,97,False
tct,6,a_ratio,15,0.15,0.3283049528199593,0.0010270520247026296,0.23152920962199317,0.0007801296905645403,97,True
tct,6,nqc,15,0.15,0.16517557297922353,0.1059153822133957,0.06443298969072167,0.34979065764691386,97,False
tct,6,nqc,15,0.15,0.2537519649442659,0.012142974131048923,0.12285223367697597,0.07463114343880432,97,True
tct,6,bertQPP,15,0.15,0.3101271006616356,0.001992150908059154,0.1941580756013746,0.0048406217198878375,97,False
tct,6,bertQPP,15,0.15,0.37160418588854943,0.00017856386770724787,0.2525773195876289,0.00024716269151633816,97,True
tct,6,bertQPP(QV),15,0.15,0.2389244609948285,0.018429657030745675,0.1516323024054983,0.027781654237823455,97,False
tct,6,bertQPP(QV),15,0.15,0.3202194592755253,0.001386001308412461,0.22723367697594504,0.000975784420613921,97,True
tct,6,spatial,15,0.2,0.09243159950321848,0.3678680726795054,0.07259450171821306,0.29214479548279504,97,False
tct,6,spatial,15,0.2,0.3033023038870652,0.002528309276153096,0.22680412371134026,0.0009976667225656776,97,True
tct,6,a_ratio,15,0.2,0.2071424578493974,0.041769814448131104,0.11597938144329899,0.09237668593402237,97,False
tct,6,a_ratio,15,0.2,0.3315346371636769,0.0009090750107982304,0.23582474226804126,0.000621432826309228,97,True
tct,6,nqc,15,0.2,0.16669851794098592,0.10269069606534233,0.06615120274914091,0.33709113316806516,97,False
tct,6,nqc,15,0.2,0.25551071307842144,0.011538817129801036,0.12500000000000003,0.06969448971824621,97,True
tct,6,bertQPP,15,0.2,0.32030918356949956,0.0013814607054792195,0.20017182130584193,0.0036758280937195186,97,False
tct,6,bertQPP,15,0.2,0.38116198952258007,0.00011724644485520527,0.2598797250859107,0.00016249811961052113,97,True
tct,6,bertQPP(QV),15,0.2,0.24941271983982763,0.013752907442833003,0.1585051546391753,0.021443192891173694,97,False
tct,6,bertQPP(QV),15,0.2,0.33029590544043946,0.0009527800756270014,0.23109965635738836,0.0007979153488644113,97,True
tct,6,spatial,15,0.25,0.10206347390629977,0.31984417447978164,0.077319587628866,0.2618647746424714,97,False
tct,6,spatial,15,0.25,0.30391170621070884,0.002475632525783471,0.22508591065292102,0.0010898172708815595,97,True
tct,6,a_ratio,15,0.25,0.21871397519103536,0.03137464521580887,0.11812714776632303,0.08649966115997804,97,False
tct,6,a_ratio,15,0.25,0.33452342638586374,0.0008110485478087338,0.23496563573883167,0.0006505425158083947,97,True
tct,6,nqc,15,0.25,0.16842101432317572,0.09913665680969382,0.06400343642611686,0.3530123788503621,97,False
tct,6,nqc,15,0.25,0.2574920839881184,0.010889781278021364,0.12714776632302408,0.06502915478137135,97,True
tct,6,bertQPP,15,0.25,0.3309559310076492,0.0009292602211403675,0.20790378006872856,0.0025535840012904936,97,False
tct,6,bertQPP,15,0.25,0.39086275060541564,7.547963076592277e-05,0.26632302405498287,0.00011124963084926736,97,True
tct,6,bertQPP(QV),15,0.25,0.26062803519110245,0.009927734318903734,0.1670962199312715,0.015318729327102553,97,False
tct,6,bertQPP(QV),15,0.25,0.340651020174519,0.0006395838549359534,0.23024054982817874,0.0008346209629654949,97,True
tct,6,spatial,15,0.3,0.1118414825406106,0.2754237279803734,0.08118556701030928,0.23875904036666062,97,False
tct,6,spatial,15,0.3,0.30459462977829393,0.0024177764228450337,0.22594501718213064,0.0010428004886634003,97,True
tct,6,a_ratio,15,0.3,0.22677865607595996,0.025499907373132288,0.11812714776632303,0.08649966115997804,97,False
tct,6,a_ratio,15,0.3,0.3371677069277723,0.0007324735248789664,0.24012027491408938,0.0004932117335580638,97,True
tct,6,nqc,15,0.3,0.17038464507807866,0.09520370671919079,0.06486254295532648,0.34658765831762584,97,False
tct,6,nqc,15,0.3,0.2597406110561439,0.01019211318103117,0.12757731958762888,0.06412770883743656,97,True
tct,6,bertQPP,15,0.3,0.3418660928095097,0.0006098075658728951,0.21176975945017185,0.0021190549684448486,97,False
tct,6,bertQPP,15,0.3,0.4004605132378288,4.81554033552784e-05,0.2766323024054983,5.9635866438532616e-05,97,True
tct,6,bertQPP(QV),15,0.3,0.2724571211247282,0.006936349944966443,0.16967353951890035,0.013810511589466142,97,False
tct,6,bertQPP(QV),15,0.3,0.3510700587681342,0.0004223064236175864,0.23067010309278352,0.00081607670119364,97,True
tct,6,spatial,15,0.35,0.12167708454807966,0.23512421585639298,0.09106529209621994,0.18634796497677564,97,False
tct,6,spatial,15,0.35,0.305364886627592,0.0023539852083337516,0.22680412371134026,0.0009976667225656776,97,True
tct,6,a_ratio,15,0.35,0.2317865069619261,0.02234547160866666,0.11984536082474227,0.08201867152410211,97,False
tct,6,a_ratio,15,0.35,0.3393418920986155,0.0006731497182827598,0.23625429553264607,0.0006073368350083252,97,True
tct,6,nqc,15,0.35,0.17264326355381748,0.0908331545947826,0.06915807560137457,0.3155898965616176,97,False
tct,6,nqc,15,0.35,0.26231333245424077,0.009442163506566657,0.13058419243986258,0.05810246319620013,97,True
tct,6,bertQPP,15,0.35,0.3526993257743334,0.00039525211376422223,0.21048109965635742,0.002255725464528707,97,False
tct,6,bertQPP,15,0.35,0.40959339047301463,3.0994015068739545e-05,0.279639175257732,4.952017035250988e-05,97,True
tct,6,bertQPP(QV),15,0.35,0.28466699989224276,0.004713069673344797,0.17568728522336774,0.01079019991112942,97,False
tct,6,bertQPP(QV),15,0.35,0.36122939927873043,0.00027784453906326854,0.2439862542955327,0.0003993454119661632,97,True
tct,6,spatial,15,0.4,0.13146901906781056,0.1992772098497582,0.0970790378006873,0.15891607395046403,97,False
tct,6,spatial,15,0.4,0.3062398383023559,0.002283366133130747,0.2298109965635739,0.0008535554716530555,97,True
tct,6,a_ratio,15,0.4,0.2343416231797249,0.020868919941570863,0.12285223367697597,0.07463114343880432,97,False
tct,6,a_ratio,15,0.4,0.3408970419595842,0.0006334495686729958,0.23152920962199317,0.0007801296905645403,97,True
tct,6,nqc,15,0.4,0.17526780442311507,0.08595567736820352,0.07130584192439864,0.3007958300881056,97,False
tct,6,nqc,15,0.4,0.26528439657500696,0.008636738030646848,0.13359106529209622,0.05255528194642074,97,True
tct,6,bertQPP,15,0.4,0.36292554026724644,0.00025873345749223635,0.2177835051546392,0.0015761513468118154,97,False
tct,6,bertQPP,15,0.4,0.4177558970803398,2.0676299034191777e-05,0.28049828178694164,4.694321427271648e-05,97,True
tct,6,bertQPP(QV),15,0.4,0.29685071934833784,0.0031511071223664653,0.17439862542955328,0.011382836808156348,97,False
tct,6,bertQPP(QV),15,0.4,0.3706703964852215,0.0001859266417491144,0.24828178694158082,0.0003147483455907583,97,True
tct,6,spatial,15,0.45,0.14110653191568473,0.16800863718363207,0.09836769759450173,0.15345704089516993,97,False
tct,6,spatial,15,0.45,0.30724153293761336,0.002204866344638488,0.23152920962199317,0.0007801296905645403,97,True
tct,6,a_ratio,15,0.45,0.23505482078674722,0.020472027683408594,0.11168384879725088,0.1050908480999539,97,False
tct,6,a_ratio,15,0.45,0.34166113263342934,0.0006147395487455979,0.23195876288659797,0.0007627126312502382,97,True
tct,6,nqc,15,0.45,0.17835349813973606,0.08049007119531285,0.07431271477663232,0.2808725107935828,97,False
tct,6,nqc,15,0.45,0.26875178421536494,0.007773701562253324,0.1365979381443299,0.04745794602168577,97,True
tct,6,bertQPP,15,0.45,0.3717793806564803,0.00017721290828887155,0.21391752577319592,0.001908041073171658,97,False
tct,6,bertQPP,15,0.45,0.4242813314750701,1.4846141066610688e-05,0.279639175257732,4.952017035250988e-05,97,True
tct,6,bertQPP(QV),15,0.45,0.3083705666042897,0.0021193115868456017,0.186426116838488,0.006825229731210832,97,False
tct,6,bertQPP(QV),15,0.45,0.37878326186549544,0.00013034566911232195,0.25000000000000006,0.00028586619810323126,97,True
tct,6,spatial,15,0.5,0.1504739846019501,0.14124370097934835,0.09965635738831616,0.14814179266855426,97,False
tct,6,spatial,15,0.5,0.3083982441226881,0.0021172524154041395,0.23109965635738836,0.0007979153488644113,97,True
tct,6,a_ratio,15,0.5,0.2344592654835833,0.020803001392532144,0.10910652920962201,0.11336246240953972,97,False
tct,6,a_ratio,15,0.5,0.3414419281032805,0.000620054693417947,0.22594501718213064,0.0010428004886634003,97,True
tct,6,nqc,15,0.5,0.18203096866812923,0.07434299190509532,0.07173539518900345,0.2978933833803449,97,False
tct,6,nqc,15,0.5,0.2728473016349793,0.00685299376982798,0.13402061855670105,0.051800200122302374,97,True
tct,6,bertQPP,15,0.5,0.3782470517587031,0.00013348010274570146,0.21091065292096223,0.002209296231634933,97,False
tct,6,bertQPP,15,0.5,0.4283505713961524,1.2033319417299507e-05,0.27620274914089354,6.123156446679978e-05,97,True
tct,6,bertQPP(QV),15,0.5,0.318323136801087,0.0014851904800989796,0.18814432989690724,0.00632984784895861,97,False
tct,6,bertQPP(QV),15,0.5,0.38481645324739233,9.948185800801954e-05,0.2452749140893471,0.0003719636432157586,97,True
tct,6,spatial,15,0.55,0.15945655193720498,0.11873482744349335,0.09922680412371135,0.1498976871116754,97,False
tct,6,spatial,15,0.55,0.30974651372646955,0.002019102747872687,0.23109965635738836,0.0007979153488644113,97,True
tct,6,a_ratio,15,0.55,0.23298007983849134,0.021644962430077803,0.10609965635738833,0.1236515932692785,97,False
tct,6,a_ratio,15,0.55,0.3400334982272717,0.0006552213685793443,0.22079037800687287,0.0013557124652369783,97,True
tct,6,nqc,15,0.55,0.18648377681927386,0.06741138010663615,0.07173539518900345,0.2978933833803449,97,False
tct,6,nqc,15,0.55,0.27775168455661703,0.005878304205128933,0.14089347079037803,0.040901875311072,97,True
tct,6,bertQPP,15,0.55,0.3811288374743722,0.00011742029390019685,0.2169243986254296,0.001644941169576058,97,False
tct,6,bertQPP,15,0.55,0.42904865933437825,1.1604235852154892e-05,0.2779209621993128,5.5081722625004346e-05,97,True
tct,6,bertQPP(QV),15,0.55,0.3255705002288118,0.0011376603908473636,0.1911512027491409,0.005540236417616152,97,False
tct,6,bertQPP(QV),15,0.55,0.3879309111182907,8.635085787734132e-05,0.23969072164948454,0.0005048251929224872,97,True
tct,6,spatial,15,0.6,0.1679464699953025,0.10010600449172585,0.09621993127147768,0.16263626465805225,97,False
tct,6,spatial,15,0.6,0.3113337055963711,0.0019088377074989202,0.23195876288659797,0.0007627126312502382,97,True
tct,6,a_ratio,15,0.6,0.2309365434850706,0.022856061967601683,0.10695876288659796,0.12064011527036375,97,False
tct,6,a_ratio,15,0.6,0.33722726996921326,0.0007307866149945638,0.21391752577319592,0.001908041073171658,97,True
tct,6,nqc,15,0.6,0.19197693883379652,0.05959135990077307,0.07087628865979383,0.3037170573623521,97,False
tct,6,nqc,15,0.6,0.28371767282477095,0.00485976451064651,0.1473367697594502,0.03251488713772691,97,True
tct,6,bertQPP,15,0.6,0.37922070140252406,0.00012783930152642542,0.21606529209621997,0.0017164841150655054,97,False
tct,6,bertQPP,15,0.6,0.4254863745148412,1.3954690893936414e-05,0.26975945017182135,9.058641607986754e-05,97,True
tct,6,bertQPP(QV),15,0.6,0.328889578093019,0.0010047138111884905,0.19673539518900346,0.004305679427335466,97,False
tct,6,bertQPP(QV),15,0.6,0.38731304840624536,8.88202096587819e-05,0.2508591065292096,0.00027237466938260737,97,True
tct,6,spatial,15,0.65,0.17584912104081712,0.08490404643860909,0.09536082474226806,0.16642177733641728,97,False
tct,6,spatial,15,0.65,0.3132206307369878,0.0017848477412641618,0.23109965635738836,0.0007979153488644113,97,True
tct,6,a_ratio,15,0.65,0.22855864793553143,0.02433780623314858,0.10223367697594504,0.13793469449367568,97,False
tct,6,a_ratio,15,0.65,0.33282793948641265,0.0008654022596327559,0.2177835051546392,0.0015761513468118154,97,True
tct,6,nqc,15,0.65,0.19890447052573798,0.05080193596473125,0.07860824742268042,0.2539971105350425,97,False
tct,6,nqc,15,0.65,0.2911050499800462,0.0038180859116350332,0.14991408934707906,0.029598455953974822,97,True
tct,6,bertQPP,15,0.65,0.3716150761823827,0.00017847961366400497,0.2130584192439863,0.0019900166497547295,97,False
tct,6,bertQPP,15,0.65,0.4169818195240226,2.1495191148973098e-05,0.2633161512027492,0.000132903765324325,97,True
tct,6,bertQPP(QV),15,0.65,0.32725607576051163,0.0010682658370149518,0.18728522336769762,0.006573343269072617,97,False
tct,6,bertQPP(QV),15,0.65,0.38233857259948595,0.00011122891216557982,0.24226804123711343,0.00043878992015195634,97,True
tct,6,spatial,15,0.7,0.18308819836750057,0.07264743463514794,0.09149484536082475,0.1842793810224047,97,False
tct,6,spatial,15,0.7,0.3154821037371326,0.0016458700483755187,0.2328178694158076,0.0007289565212236814,97,True
tct,6,a_ratio,15,0.7,0.22600698531920665,0.026018199263945975,0.09793814432989692,0.1552606461818409,97,False
tct,6,a_ratio,15,0.7,0.3266735163991354,0.0010918013951001918,0.2203608247422681,0.0013853583021557498,97,True
tct,6,nqc,15,0.7,0.2078696472646363,0.041041239049014945,0.07903780068728523,0.25141149497554627,97,False
tct,6,nqc,15,0.7,0.30043092677191285,0.0027903392282312184,0.15378006872852237,0.025646544632394585,97,True
tct,6,bertQPP,15,0.7,0.3580286119891217,0.0003174983618048721,0.2014604810996564,0.0034621026042757834,97,False
tct,6,bertQPP,15,0.7,0.40325730773162466,4.2133991348075466e-05,0.2530068728522337,0.00024121095691616908,97,True
tct,6,bertQPP(QV),15,0.7,0.3201843257481374,0.0013877829684259986,0.17998281786941583,0.009007907605249525,97,False
tct,6,bertQPP(QV),15,0.7,0.3727438034455265,0.00016994386750106294,0.23539518900343648,0.0006358327263393619,97,True
tct,6,spatial,15,0.75,0.18960931041351536,0.06286593497544049,0.0889175257731959,0.1969487085850582,97,False
tct,6,spatial,15,0.75,0.3181969420083348,0.0014920142317415572,0.23195876288659797,0.0007627126312502382,97,True
tct,6,a_ratio,15,0.75,0.2233908128536631,0.0278425540402294,0.09493127147766325,0.1683392012081001,97,False
tct,6,a_ratio,15,0.75,0.31865730867459174,0.0014672572077379562,0.2100515463917526,0.0023030471051788694,97,True
tct,6,nqc,15,0.75,0.21981596194995828,0.03051002565153871,0.08333333333333336,0.22656268559471548,97,False
tct,6,nqc,15,0.75,0.31242503158242096,0.0018362099839011779,0.15764604810996566,0.022159535570441733,97,True
tct,6,bertQPP,15,0.75,0.33898569124376987,0.0006825574879382589,0.18943298969072167,0.005979808014005902,97,False
tct,6,bertQPP,15,0.75,0.3845717767867069,0.0001005883327544658,0.23840206185567014,0.0005412133012575864,97,True
tct,6,bertQPP(QV),15,0.75,0.30794887766016377,0.002150909010270061,0.17139175257731962,0.012879359856548544,97,False
tct,6,bertQPP(QV),15,0.75,0.35873412177478303,0.00030833483296224503,0.2255154639175258,0.0010660691222714972,97,True
tct,6,spatial,15,0.8,0.19538163846177334,0.05512782479568467,0.093213058419244,0.17617491386576734,97,False
tct,6,spatial,15,0.8,0.32139391893003394,0.0013276245180922194,0.22723367697594504,0.000975784420613921,97,True
tct,6,a_ratio,15,0.8,0.22078259690925583,0.02976826801681006,0.09020618556701032,0.1905365207922204,97,False
tct,6,a_ratio,15,0.8,0.3087481717255318,0.002091373517881168,0.19587628865979384,0.004477722918252414,97,True
tct,6,nqc,15,0.8,0.23619332171985363,0.01985188191166924,0.08419243986254298,0.22181074839562664,97,False
tct,6,nqc,15,0.8,0.3279958241443526,0.001039045599945424,0.16365979381443302,0.01755425786967657,97,True
tct,6,bertQPP,15,0.8,0.3157255475216542,0.0016315092265296175,0.17268041237113405,0.01221789425088413,97,False
tct,6,bertQPP,15,0.8,0.36171546704209045,0.0002722388752193683,0.2203608247422681,0.0013853583021557498,97,True
tct,6,bertQPP(QV),15,0.8,0.2915367051032524,0.0037639113158879998,0.16623711340206188,0.015852745291372216,97,False
tct,6,bertQPP(QV),15,0.8,0.3409710031457405,0.0006316159835781354,0.21950171821305847,0.0014464512863097319,97,True
tct,6,spatial,15,0.85,0.2003975887894392,0.0490548670985482,0.09493127147766325,0.1683392012081001,97,False
tct,6,spatial,15,0.85,0.3248108693399101,0.0011702542918726104,0.22723367697594504,0.000975784420613921,97,True
tct,6,a_ratio,15,0.85,0.21822899012690503,0.03176166940011345,0.09750859106529211,0.15708030004273185,97,False
tct,6,a_ratio,15,0.85,0.297004494457898,0.0031347905411563542,0.18341924398625434,0.007776554495134835,97,True
tct,6,nqc,15,0.85,0.2587967566077455,0.010480052874295551,0.09407216494845362,0.1722237215768213,97,False
tct,6,nqc,15,0.85,0.34754754842437086,0.0004867085885273377,0.18170103092783507,0.008372001763204117,97,True
tct,6,bertQPP,15,0.85,0.2898671363744339,0.003977336979473137,0.1550687285223368,0.024434836082135623,97,False
tct,6,bertQPP,15,0.85,0.33585498175300205,0.0007705672617901583,0.2100515463917526,0.0023030471051788694,97,True
tct,6,bertQPP(QV),15,0.85,0.2723466019903081,0.006960122989859594,0.147766323024055,0.03201236643126749,97,False
tct,6,bertQPP(QV),15,0.85,0.32043484383719023,0.001375124211445497,0.20017182130584193,0.0036758280937195186,97,True
tct,6,spatial,15,0.9,0.20467069139440464,0.04432730302457946,0.09579037800687287,0.16452082122278677,97,False
tct,6,spatial,15,0.9,0.3267707306056823,0.0010878414006661508,0.2216494845360825,0.001298168853613724,97,True
tct,6,a_ratio,15,0.9,0.2157588089515245,0.03379597138267444,0.09750859106529211,0.15708030004273185,97,False
tct,6,a_ratio,15,0.9,0.2835778471824859,0.004881711092384615,0.16838487972508595,0.01454739544260673,97,True
tct,6,nqc,15,0.9,0.28631475606835,0.004467792419829259,0.11769759450171824,0.08765026442852013,97,False
tct,6,nqc,15,0.9,0.36661221030825875,0.0002213042051612273,0.18728522336769762,0.006573343269072617,97,True
tct,6,bertQPP,15,0.9,0.2630127519288604,0.009246847318668318,0.1396048109965636,0.042782883164389815,97,False
tct,6,bertQPP,15,0.9,0.30829361324026927,0.002125046318101758,0.18213058419243988,0.008219435652041644,97,True
tct,6,bertQPP(QV),15,0.9,0.2518118707015565,0.012841254108635892,0.13616838487972513,0.04815964796946807,97,False
tct,6,bertQPP(QV),15,0.9,0.29822259189566824,0.0030081968067262165,0.17955326460481102,0.009173476196585428,97,True
tct,6,spatial,15,0.95,0.20823221951571969,0.04068195298111916,0.10180412371134022,0.13959717520298046,97,False
tct,6,spatial,15,0.95,0.3182294431678496,0.0014902540789535946,0.2173539518900344,0.0016102081655090619,97,True
tct,6,a_ratio,15,0.95,0.21338869894023296,0.035849844715399766,0.10008591065292097,0.14640165493450158,97,False
tct,6,a_ratio,15,0.95,0.2687042167898975,0.007785006703643273,0.15335051546391754,0.026061836085581373,97,True
tct,6,nqc,15,0.95,0.29236052047193783,0.003662423462435439,0.11597938144329899,0.09237668593402237,97,False
tct,6,nqc,15,0.95,0.35630929892144736,0.00034089020431398776,0.1786941580756014,0.00951278395726825,97,True
tct,6,bertQPP,15,0.95,0.23646641988598247,0.01970554762807566,0.12156357388316154,0.07772782073014356,97,False
tct,6,bertQPP,15,0.95,0.28024430470232836,0.005431738373341447,0.16365979381443302,0.01755425786967657,97,True
tct,6,bertQPP(QV),15,0.95,0.23112494229445496,0.022742034714764436,0.1168384879725086,0.08998850130140247,97,False
tct,6,bertQPP(QV),15,0.95,0.2753603242994556,0.0063370317489912405,0.15721649484536085,0.02252544814571104,97,True
tct,6,spatial,15,1.0,0.21112710021502076,0.03790635761722705,0.09750859106529211,0.15708030004273185,97,False
tct,6,spatial,15,1.0,0.2526837947197132,0.012523218831177118,0.1314432989690722,0.05647001729864357,97,True
tct,6,a_ratio,15,1.0,0.21112710021502076,0.03790635761722705,0.09750859106529211,0.15708030004273185,97,False
tct,6,a_ratio,15,1.0,0.2526837947197132,0.012523218831177118,0.1314432989690722,0.05647001729864357,97,True
tct,6,nqc,15,1.0,0.21112710021502076,0.03790635761722705,0.09750859106529211,0.15708030004273185,97,False
tct,6,nqc,15,1.0,0.2526837947197132,0.012523218831177118,0.1314432989690722,0.05647001729864357,97,True
tct,6,bertQPP,15,1.0,0.21112710021502076,0.03790635761722705,0.09750859106529211,0.15708030004273185,97,False
tct,6,bertQPP,15,1.0,0.2526837947197132,0.012523218831177118,0.1314432989690722,0.05647001729864357,97,True
tct,6,bertQPP(QV),15,1.0,0.21112710021502076,0.03790635761722705,0.09750859106529211,0.15708030004273185,97,False
tct,6,bertQPP(QV),15,1.0,0.2526837947197132,0.012523218831177118,0.1314432989690722,0.05647001729864357,97,True
tct,6,spatial,16,0.0,0.05662436928408979,0.5817035806866219,0.05884879725085912,0.3931257746774063,97,False
tct,6,spatial,16,0.0,0.30140663173848015,0.002698683355267398,0.22508591065292102,0.0010898172708815595,97,True
tct,6,a_ratio,16,0.0,0.13036017459168378,0.20312685957526477,0.077319587628866,0.2618647746424714,97,False
tct,6,a_ratio,16,0.0,0.3179270782315673,0.001506702097821934,0.22637457044673542,0.0010200025736501021,97,True
tct,6,nqc,16,0.0,0.1615099398749807,0.11400098795754592,0.0622852233676976,0.36608612957525455,97,False
tct,6,nqc,16,0.0,0.24949243904587196,0.013721734696835998,0.12328178694158079,0.07362159410235054,97,True
tct,6,bertQPP,16,0.0,0.2831364735704062,0.004951567617975609,0.1829896907216495,0.007921746820669876,97,False
tct,6,bertQPP,16,0.0,0.3450716181932688,0.0005372414756776113,0.2414089347079038,0.0004598488311252096,97,True
tct,6,bertQPP(QV),16,0.0,0.21197459236446753,0.03712443824555347,0.13702749140893475,0.046764860648197036,97,False
tct,6,bertQPP(QV),16,0.0,0.292713435162527,0.003619701320670527,0.202319587628866,0.003325969220576063,97,True
tct,6,spatial,16,0.05,0.0641434311974633,0.5325007369458971,0.05927835051546393,0.3896811249151011,97,False
tct,6,spatial,16,0.05,0.30176104088765265,0.0026660670516666482,0.22680412371134026,0.0009976667225656776,97,True
tct,6,a_ratio,16,0.05,0.14978200003324588,0.14310318439747335,0.09579037800687287,0.16452082122278677,97,False
tct,6,a_ratio,16,0.05,0.3209324924276432,0.0013502882314685594,0.2298109965635739,0.0008535554716530555,97,True
tct,6,nqc,16,0.05,0.16252514996927014,0.11171522367059637,0.0622852233676976,0.36608612957525455,97,False
tct,6,nqc,16,0.05,0.2507096899207497,0.013253322517368207,0.12285223367697597,0.07463114343880432,97,True
tct,6,bertQPP,16,0.05,0.2907998469815523,0.0038568098755611137,0.1829896907216495,0.007921746820669876,97,False
tct,6,bertQPP,16,0.05,0.35290082310101883,0.00039201929906418034,0.2491408934707904,0.00029998189638302743,97,True
tct,6,bertQPP(QV),16,0.05,0.2194989190590556,0.030756689078052186,0.14561855670103094,0.03459309466060896,97,False
tct,6,bertQPP(QV),16,0.05,0.3008122739618214,0.0027541882990138548,0.21176975945017185,0.0021190549684448486,97,True
tct,6,spatial,16,0.1,0.07195667989066908,0.48366967763719526,0.0657216494845361,0.340237883454913,97,False
tct,6,spatial,16,0.1,0.3021496912500876,0.002630707456418582,0.22766323024054988,0.0009543472910132449,97,True
tct,6,a_ratio,16,0.1,0.1676664158183218,0.10068154888869496,0.09750859106529211,0.15708030004273185,97,False
tct,6,a_ratio,16,0.1,0.32386228096820435,0.0012121473104843921,0.22895189003436428,0.0008926252002239728,97,True
tct,6,nqc,16,0.1,0.1636516326466831,0.10922074761221455,0.0627147766323024,0.3627897011875757,97,False
tct,6,nqc,16,0.1,0.25205668234575895,0.01275125640614359,0.12328178694158079,0.07362159410235054,97,True
tct,6,bertQPP,16,0.1,0.29898273894553734,0.0029315412374396944,0.18771477663230243,0.006450561996249079,97,False
tct,6,bertQPP,16,0.1,0.3611054728911359,0.00027929067097074274,0.25000000000000006,0.00028586619810323126,97,True
tct,6,bertQPP(QV),16,0.1,0.22763935112774786,0.02493221798166651,0.1443298969072165,0.03622527510674091,97,False
tct,6,bertQPP(QV),16,0.1,0.30936246869407213,0.0020466328139363134,0.22207903780068733,0.0012702502748310276,97,True
tct,6,spatial,16,0.15,0.0800328880334917,0.43582343442251864,0.06658075601374572,0.3339631552636785,97,False
tct,6,spatial,16,0.15,0.3025777118552312,0.0025922545348666583,0.22637457044673542,0.0010200025736501021,97,True
tct,6,a_ratio,16,0.15,0.18308029228847483,0.07265999759573537,0.10524054982817871,0.12672143082539938,97,False
tct,6,a_ratio,16,0.15,0.3266619811105088,0.0010922721516078632,0.22895189003436428,0.0008926252002239728,97,True
tct,6,nqc,16,0.15,0.164908619435081,0.1064886837375188,0.06400343642611686,0.3530123788503621,97,False
tct,6,nqc,16,0.15,0.2535551342619383,0.012212275125100733,0.12285223367697597,0.07463114343880432,97,True
tct,6,bertQPP,16,0.15,0.3076638808752594,0.0021725040395399273,0.19329896907216498,0.0050318722795436996,97,False
tct,6,bertQPP,16,0.15,0.3696267351065984,0.00019448747606423537,0.2530068728522337,0.00024121095691616908,97,True
tct,6,bertQPP(QV),16,0.15,0.23641377424626892,0.019733684413850483,0.14991408934707906,0.029598455953974822,97,False
tct,6,bertQPP(QV),16,0.15,0.31832245823653404,0.001485227096438595,0.22637457044673542,0.0010200025736501021,97,True
tct,6,spatial,16,0.2,0.08832913146876757,0.3895979374008293,0.06872852233676977,0.3186051074891699,97,False
tct,6,spatial,16,0.2,0.3030512847842307,0.002550299167741184,0.22680412371134026,0.0009976667225656776,97,True
tct,6,a_ratio,16,0.2,0.19540467929464087,0.055098579849830284,0.11941580756013748,0.08312087785946547,97,False
tct,6,a_ratio,16,0.2,0.3292631870695589,0.0009906711500805524,0.23453608247422683,0.0006655682797928671,97,True
tct,6,nqc,16,0.2,0.1663200081273103,0.10348488461878151,0.06701030927835053,0.3308539585593422,97,False
tct,6,nqc,16,0.2,0.25523184056233866,0.01163282672439217,0.1245704467353952,0.07065977324075139,97,True
tct,6,bertQPP,16,0.2,0.31678048323340835,0.0015705804705241778,0.19974226804123715,0.0037496927052216027,97,False
tct,6,bertQPP,16,0.2,0.37836166408759686,0.0001328043186057045,0.2603092783505155,0.00015848586196658186,97,True
tct,6,bertQPP(QV),16,0.2,0.24581136391523978,0.015226864432040896,0.15378006872852237,0.025646544632394585,97,False
tct,6,bertQPP(QV),16,0.2,0.3276103847167674,0.001054178473389786,0.22895189003436428,0.0008926252002239728,97,True
tct,6,spatial,16,0.25,0.09678994257399492,0.34561479054537797,0.0777491408934708,0.2592237212301055,97,False
tct,6,spatial,16,0.25,0.3035779198906505,0.002504361324846809,0.22508591065292102,0.0010898172708815595,97,True
tct,6,a_ratio,16,0.25,0.2044509232741617,0.044560855597477834,0.12242268041237117,0.07565197367789964,97,False
tct,6,a_ratio,16,0.25,0.33158114677188916,0.0009074702478176308,0.2328178694158076,0.0007289565212236814,97,True
tct,6,nqc,16,0.25,0.167915854864979,0.10016879623425534,0.06400343642611686,0.3530123788503621,97,False
tct,6,nqc,16,0.25,0.2571202260467384,0.011009098383649772,0.12757731958762888,0.06412770883743656,97,True
tct,6,bertQPP,16,0.25,0.3262054079655199,0.00111105396644565,0.20618556701030932,0.0027716955730928564,97,False
tct,6,bertQPP,16,0.25,0.3871451659444216,8.950242121841916e-05,0.2641752577319588,0.00012634244111771396,97,True
tct,6,bertQPP(QV),16,0.25,0.2557728319088325,0.011451060853093813,0.16408934707903783,0.01726000960595295,97,False
tct,6,bertQPP(QV),16,0.25,0.3370868361160389,0.0007347695980270666,0.23024054982817874,0.0008346209629654949,97,True
tct,6,spatial,16,0.3,0.10534714741317301,0.30443949364708567,0.077319587628866,0.2618647746424714,97,False
tct,6,spatial,16,0.3,0.3041668148095745,0.002453875899105714,0.22508591065292102,0.0010898172708815595,97,True
tct,6,a_ratio,16,0.3,0.21042656688043165,0.038563051901586216,0.11554982817869418,0.09358972367387966,97,False
tct,6,a_ratio,16,0.3,0.33351244274370156,0.0008430705680665088,0.23453608247422683,0.0006655682797928671,97,True
tct,6,nqc,16,0.3,0.16973447025897576,0.09649208408737152,0.06443298969072167,0.34979065764691386,97,False
tct,6,nqc,16,0.3,0.2592624936899263,0.010337093412575013,0.12714776632302408,0.06502915478137135,97,True
tct,6,bertQPP,16,0.3,0.33571576920059676,0.0007747114147251286,0.2100515463917526,0.0023030471051788694,97,False
tct,6,bertQPP,16,0.3,0.3957275472114196,6.0206843474974415e-05,0.2719072164948454,7.957359852373424e-05,97,True
tct,6,bertQPP(QV),16,0.3,0.2661617102888081,0.008410765162012258,0.16623711340206188,0.015852745291372216,97,False
tct,6,bertQPP(QV),16,0.3,0.34653331534485315,0.0005068565534494065,0.22938144329896912,0.0008728876884960134,97,True
tct,6,spatial,16,0.35,0.11392063356662122,0.26654052947593854,0.0854810996563574,0.2148174024411691,97,False
tct,6,spatial,16,0.35,0.3048293289799342,0.002398176091361677,0.22594501718213064,0.0010428004886634003,97,True
tct,6,a_ratio,16,0.35,0.21379618197376396,0.03548945306014801,0.11383161512027494,0.0985701799206937,97,False
tct,6,a_ratio,16,0.35,0.33493309684877326,0.0007983918103029911,0.23496563573883167,0.0006505425158083947,97,True
tct,6,nqc,16,0.35,0.17182542037775597,0.09239701109629589,0.06829896907216496,0.32163912125241456,97,False
tct,6,nqc,16,0.35,0.26171264465021915,0.009612789341406794,0.1284364261168385,0.06235576017343852,97,True
tct,6,bertQPP,16,0.35,0.3449529744272185,0.0005397796205631503,0.21219931271477666,0.0020752134680172376,97,False
tct,6,bertQPP,16,0.35,0.40374907125075743,4.1150830528575144e-05,0.2731958762886598,7.358676773635807e-05,97,True
tct,6,bertQPP(QV),16,0.35,0.2767253742789951,0.006071441433483928,0.17225085910652924,0.012434959394241826,97,False
tct,6,bertQPP(QV),16,0.35,0.3556278804379489,0.00035059238556417325,0.24012027491408938,0.0004932117335580638,97,True
tct,6,spatial,16,0.4,0.12242024217317396,0.23225568403180238,0.093213058419244,0.17617491386576734,97,False
tct,6,spatial,16,0.4,0.30557960838701614,0.0023364747379165307,0.2285223367697595,0.0009127757207962206,97,True
tct,6,a_ratio,16,0.4,0.21512233335635889,0.034337552422791164,0.11855670103092786,0.08536128644887009,97,False
tct,6,a_ratio,16,0.4,0.3356976133090308,0.0007752533870861007,0.23109965635738836,0.0007979153488644113,97,True
tct,6,nqc,16,0.4,0.17425391344605182,0.08781461755510762,0.06958762886597938,0.3125934883665836,97,False
tct,6,nqc,16,0.4,0.26454079668268193,0.008832433540192882,0.13230240549828182,0.05487593045339063,97,True
tct,6,bertQPP,16,0.4,0.3533785180039377,0.00038445208414627336,0.21176975945017185,0.0021190549684448486,97,False
tct,6,bertQPP,16,0.4,0.41071589691960714,2.9333968107499824e-05,0.2740549828178695,6.983500538924286e-05,97,True
tct,6,bertQPP(QV),16,0.4,0.2870478439062209,0.004362375360173174,0.17053264604811,0.013337754848227265,97,False
tct,6,bertQPP(QV),16,0.4,0.3639222961610749,0.00024807609986798136,0.2405498281786942,0.0004818477915141724,97,True
tct,6,spatial,16,0.45,0.13074886185282164,0.20177140745876376,0.09536082474226806,0.16642177733641728,97,False
tct,6,spatial,16,0.45,0.3064354034733736,0.00226784521651292,0.23109965635738836,0.0007979153488644113,97,True
tct,6,a_ratio,16,0.45,0.21494717666017799,0.03448786850208504,0.11039518900343644,0.10916471457232763,97,False
tct,6,a_ratio,16,0.45,0.33563966992636296,0.0007769853750357414,0.22465635738831619,0.0011140538745299275,97,True
tct,6,nqc,16,0.45,0.17710735942224934,0.08266290274321426,0.07173539518900345,0.2978933833803449,97,False
tct,6,nqc,16,0.45,0.26783946883499266,0.00799306988905438,0.13487972508591067,0.050317249987351625,97,True
tct,6,bertQPP,16,0.45,0.36023860631104343,0.00028960206733694887,0.20704467353951894,0.0026605976928076114,97,False
tct,6,bertQPP,16,0.45,0.4159865593697826,2.2592742441993118e-05,0.2731958762886598,7.358676773635807e-05,97,True
tct,6,bertQPP(QV),16,0.45,0.29650429250382626,0.00318814480411782,0.17955326460481102,0.009173476196585428,97,False
tct,6,bertQPP(QV),16,0.45,0.3708296112978226,0.00018465172496578093,0.2452749140893471,0.0003719636432157586,97,True
tct,6,spatial,16,0.5,0.13880662817391334,0.17511880824303894,0.09579037800687287,0.16452082122278677,97,False
tct,6,spatial,16,0.5,0.3074191156745968,0.0021912065091345217,0.23024054982817874,0.0008346209629654949,97,True
tct,6,a_ratio,16,0.5,0.213730453076363,0.035547379296165145,0.1086769759450172,0.11478963120763813,97,False
tct,6,a_ratio,16,0.5,0.3345753376624041,0.0008094346793113816,0.21993127147766325,0.0014156009702633058,97,True
tct,6,nqc,16,0.5,0.18050542267791858,0.07684555940628696,0.07087628865979383,0.3037170573623521,97,False
tct,6,nqc,16,0.5,0.27173288725060973,0.007093449991129435,0.13359106529209622,0.05255528194642074,97,True
tct,6,bertQPP,16,0.5,0.364564209679435,0.00024142879332061124,0.202319587628866,0.003325969220576063,97,False
tct,6,bertQPP,16,0.5,0.4187841127807681,1.9633693201744965e-05,0.2710481099656358,8.381752378824866e-05,97,True
tct,6,bertQPP(QV),16,0.5,0.30424096495328756,0.0024475844706425055,0.18814432989690724,0.00632984784895861,97,False
tct,6,bertQPP(QV),16,0.5,0.3756364903009296,0.0001497631930566572,0.23840206185567014,0.0005412133012575864,97,True
tct,6,spatial,16,0.55,0.14649592625463953,0.1521865110549819,0.10051546391752579,0.14467719951816677,97,False
tct,6,spatial,16,0.55,0.30855905578900333,0.0021053239151689303,0.2298109965635739,0.0008535554716530555,97,True
tct,6,a_ratio,16,0.55,0.2118314668530744,0.03725553329152774,0.10609965635738833,0.1236515932692785,97,False
tct,6,a_ratio,16,0.55,0.3323097680122075,0.0008826649184991153,0.21262886597938147,0.002032205430312129,97,True
tct,6,nqc,16,0.55,0.18461583224140382,0.07025262210338035,0.06915807560137457,0.3155898965616176,97,False
tct,6,nqc,16,0.55,0.27639097187623396,0.006135575118120863,0.13917525773195877,0.0434259212403691,97,True
tct,6,bertQPP,16,0.55,0.365245799359659,0.0002345508967321438,0.2096219931271478,0.002351276432455258,97,False
tct,6,bertQPP,16,0.55,0.41825302456831276,2.016590187037941e-05,0.2680412371134021,0.00010041746330816103,97,True
tct,6,bertQPP(QV),16,0.55,0.3092199981732998,0.0020569316098550785,0.18384879725085912,0.0076337511300162714,97,False
tct,6,bertQPP(QV),16,0.55,0.3775575993013893,0.00013761302803187527,0.23453608247422683,0.0006655682797928671,97,True
tct,6,spatial,16,0.6,0.15372670281672224,0.13274714172891472,0.09493127147766325,0.1683392012081001,97,False
tct,6,spatial,16,0.6,0.30989070026718957,0.0020088534580987817,0.2298109965635739,0.0008535554716530555,97,True
tct,6,a_ratio,16,0.6,0.2095158592289955,0.03943096757812521,0.10395189003436428,0.13143701983340042,97,False
tct,6,a_ratio,16,0.6,0.32864811067106803,0.0010138859454551527,0.202319587628866,0.003325969220576063,97,True
tct,6,nqc,16,0.6,0.18967989401798996,0.06276623924556525,0.06829896907216496,0.32163912125241456,97,False
tct,6,nqc,16,0.6,0.2820505223266009,0.005127243091583344,0.14475945017182132,0.035674068768179766,97,True
tct,6,bertQPP,16,0.6,0.361217159665375,0.0002779870586472269,0.20274914089347082,0.003259747042536618,97,False
tct,6,bertQPP,16,0.6,0.41357523940310403,2.5473340111257532e-05,0.26632302405498287,0.00011124963084926736,97,True
tct,6,bertQPP(QV),16,0.6,0.3103706308013533,0.001975075868642442,0.19329896907216498,0.0050318722795436996,97,False
tct,6,bertQPP(QV),16,0.6,0.3758436034472134,0.0001484070543942136,0.24269759450171827,0.0004286013573495472,97,True
tct,6,spatial,16,0.65,0.1604214737363895,0.11649176663067357,0.09149484536082475,0.1842793810224047,97,False
tct,6,spatial,16,0.65,0.3114570761541563,0.0019004992221567927,0.22809278350515466,0.000933347093157991,97,True
tct,6,a_ratio,16,0.65,0.20697230155040108,0.04194184167226099,0.11039518900343644,0.10916471457232763,97,False
tct,6,a_ratio,16,0.65,0.32341087448108974,0.001232557784442778,0.20274914089347082,0.003259747042536618,97,True
tct,6,nqc,16,0.65,0.196054536043352,0.054278966415524536,0.07560137457044674,0.27261459721837655,97,False
tct,6,nqc,16,0.65,0.28904691981474934,0.004086096527957103,0.1473367697594502,0.03251488713772691,97,True
tct,6,bertQPP,16,0.65,0.3517375543662311,0.00041102313167622537,0.20489690721649487,0.002946303078171719,97,False
tct,6,bertQPP,16,0.65,0.40413906619955514,4.038640487119918e-05,0.25902061855670105,0.00017081103710396531,97,True
tct,6,bertQPP(QV),16,0.65,0.30685049424681343,0.0022352165337013175,0.17740549828178698,0.010042744211065484,97,False
tct,6,bertQPP(QV),16,0.65,0.3699338779693304,0.00019193097369839284,0.23238831615120278,0.0007456571945733053,97,True
tct,6,spatial,16,0.7,0.1665194092246131,0.10306590489399249,0.09149484536082475,0.1842793810224047,97,False
tct,6,spatial,16,0.7,0.3133052516753896,0.0017794619686052448,0.23024054982817874,0.0008346209629654949,97,True
tct,6,a_ratio,16,0.7,0.20433062263316687,0.0446891339152525,0.10180412371134022,0.13959717520298046,97,False
tct,6,a_ratio,16,0.7,0.316452947587106,0.0015892731784219747,0.20360824742268044,0.003130893451622874,97,True
tct,6,nqc,16,0.7,0.20428186074456933,0.044741216658728086,0.07817869415807562,0.25660117603543875,97,False
tct,6,nqc,16,0.7,0.2978582153819707,0.00304557570426341,0.14819587628865982,0.031516517606653575,97,True
tct,6,bertQPP,16,0.7,0.3366777901101986,0.0007464842866157762,0.19931271477663232,0.003824903963020039,97,False
tct,6,bertQPP,16,0.7,0.3897188194225246,7.956018855304078e-05,0.24656357388316158,0.0003463449485504128,97,True
tct,6,bertQPP(QV),16,0.7,0.29833660296057596,0.0029965860688112573,0.1701030927835052,0.013572314777054699,97,False
tct,6,bertQPP(QV),16,0.7,0.3596130850758263,0.0002972593940152807,0.22680412371134026,0.0009976667225656776,97,True
tct,6,spatial,16,0.75,0.17197900524502424,0.09210171892602205,0.08848797250859108,0.19912082868170233,97,False
tct,6,spatial,16,0.75,0.3154685226410611,0.0016466745618930797,0.2298109965635739,0.0008535554716530555,97,True
tct,6,a_ratio,16,0.75,0.2016776424106214,0.04759688521529919,0.09879725085910654,0.15166941209887877,97,False
tct,6,a_ratio,16,0.75,0.3076841448820281,0.002170962143021649,0.19974226804123715,0.0037496927052216027,97,True
tct,6,nqc,16,0.75,0.2151976741641468,0.03427306605544432,0.08247422680412372,0.23138680179907667,97,False
tct,6,nqc,16,0.75,0.3091483191833809,0.0020621307537859873,0.15249140893470792,0.026909885175764755,97,True
tct,6,bertQPP,16,0.75,0.31665554762324344,0.0015776870119494119,0.18771477663230243,0.006450561996249079,97,False
tct,6,bertQPP,16,0.75,0.37059271642027547,0.00018655161774221854,0.2298109965635739,0.0008535554716530555,97,True
tct,6,bertQPP(QV),16,0.75,0.2851930527432386,0.004633491332714681,0.16881443298969073,0.014298004272030715,97,False
tct,6,bertQPP(QV),16,0.75,0.345107385218685,0.0005364784614257451,0.21864261168384883,0.0015100189795415188,97,True
tct,6,spatial,16,0.8,0.1767790796667445,0.08324302603836004,0.0893470790378007,0.19479398827541883,97,False
tct,6,spatial,16,0.8,0.3178963792924576,0.0015083812244912813,0.22637457044673542,0.0010200025736501021,97,True
tct,6,a_ratio,16,0.8,0.19906965922396752,0.050606163445981345,0.0970790378006873,0.15891607395046403,97,False
tct,6,a_ratio,16,0.8,0.2970878139012686,0.0031259814784954324,0.18943298969072167,0.005979808014005902,97,True
tct,6,nqc,16,0.8,0.23004685594674656,0.023401166959365158,0.08204467353951891,0.23382603249144784,97,False
tct,6,nqc,16,0.8,0.32370852577000264,0.0012190646365654561,0.15764604810996566,0.022159535570441733,97,True
tct,6,bertQPP,16,0.8,0.29291612467997574,0.0035953668520064034,0.16967353951890035,0.013810511589466142,97,False
tct,6,bertQPP,16,0.8,0.3475336715297599,0.0004869792241593514,0.21606529209621997,0.0017164841150655054,97,True
tct,6,bertQPP(QV),16,0.8,0.2683978643571989,0.007858164073637253,0.16365979381443302,0.01755425786967657,97,False
tct,6,bertQPP(QV),16,0.8,0.32706800648963164,0.0010758129143058342,0.2130584192439863,0.0019900166497547295,97,True
tct,6,spatial,16,0.85,0.18091810491375682,0.07616200399172562,0.08805841924398626,0.2013104039967497,97,False
tct,6,spatial,16,0.85,0.3201789420576734,0.0013880561648804896,0.22508591065292102,0.0010898172708815595,97,True
tct,6,a_ratio,16,0.85,0.1965417543690508,0.053671064769693105,0.1009450171821306,0.14296835148549844,97,False
tct,6,a_ratio,16,0.85,0.28473330260196905,0.0047029731679141635,0.1778350515463918,0.009863239446727635,97,True
tct,6,nqc,16,0.85,0.2502009144795066,0.013447385618541498,0.09149484536082475,0.1842793810224047,97,False
tct,6,nqc,16,0.85,0.34172615614436647,0.0006131709383138236,0.17439862542955328,0.011382836808156348,97,True
tct,6,bertQPP,16,0.85,0.26700806440750824,0.008197714870635413,0.1585051546391753,0.021443192891173694,97,False
tct,6,bertQPP,16,0.85,0.32166327463046307,0.0013145548755421148,0.20360824742268044,0.003130893451622874,97,True
tct,6,bertQPP(QV),16,0.85,0.2492604741446526,0.013812611388312527,0.1469072164948454,0.033024149712135395,97,False
tct,6,bertQPP(QV),16,0.85,0.3064408879873707,0.0022674113156099813,0.1971649484536083,0.004221925130091803,97,True
tct,6,spatial,16,0.9,0.18441213504960785,0.070568217922465,0.0889175257731959,0.1969487085850582,97,False
tct,6,spatial,16,0.9,0.3203477680578476,0.0013795122463921919,0.21606529209621997,0.0017164841150655054,97,True
tct,6,a_ratio,16,0.9,0.19411449321662316,0.056755882949232596,0.09922680412371135,0.1498976871116754,97,False
tct,6,a_ratio,16,0.9,0.27077857148058876,0.00730525536290497,0.16323024054982818,0.017852894393926448,97,True
tct,6,nqc,16,0.9,0.2734785393946973,0.00672001396467998,0.10352233676975947,0.1330387570764664,97,False
tct,6,nqc,16,0.9,0.3583626948396538,0.00031312829670779324,0.17697594501718217,0.010225152665271457,97,True
tct,6,bertQPP,16,0.9,0.24042302313409852,0.0176872438164887,0.1396048109965636,0.042782883164389815,97,False
tct,6,bertQPP,16,0.9,0.2942282430066513,0.0034413478064263658,0.18341924398625434,0.007776554495134835,97,True
tct,6,bertQPP(QV),16,0.9,0.22908839506082615,0.02400079635339639,0.13402061855670105,0.051800200122302374,97,False
tct,6,bertQPP(QV),16,0.9,0.2842769715083596,0.004772854590112602,0.17396907216494847,0.011586707769612953,97,True
tct,6,spatial,16,0.95,0.18729174929385484,0.06621159042442991,0.09364261168384881,0.17419095096502246,97,False
tct,6,spatial,16,0.95,0.3088235867899792,0.0020858337302877786,0.20618556701030932,0.0027716955730928564,97,True
tct,6,a_ratio,16,0.95,0.19179864987854128,0.059832995480837474,0.09664948453608249,0.16076803875264556,97,False
tct,6,a_ratio,16,0.95,0.2554611236393676,0.011555485367051763,0.1516323024054983,0.027781654237823455,97,True
tct,6,nqc,16,0.95,0.27299721928987597,0.006821202419532432,0.10824742268041239,0.11623089832126132,97,False
tct,6,nqc,16,0.95,0.3446109798883598,0.0005471575490160487,0.1752577319587629,0.010984624932232429,97,True
tct,6,bertQPP,16,0.95,0.21435145614411147,0.03500325094582171,0.12500000000000003,0.06969448971824621,97,False
tct,6,bertQPP,16,0.95,0.2663882132171162,0.008353275920510071,0.15807560137457047,0.021798803662876853,97,True
tct,6,bertQPP(QV),16,0.95,0.2089524945891716,0.039975986397402026,0.1202749140893471,0.08092834885233069,97,False
tct,6,bertQPP(QV),16,0.95,0.2615567738553556,0.009657504206867227,0.15635738831615123,0.02327305567367708,97,True
tct,6,spatial,16,1.0,0.18959849280405278,0.06288122567473031,0.09536082474226806,0.16642177733641728,97,False
tct,6,spatial,16,1.0,0.23907825235908797,0.018352250154501863,0.13015463917525774,0.058933277914773506,97,True
tct,6,a_ratio,16,1.0,0.18959849280405278,0.06288122567473031,0.09536082474226806,0.16642177733641728,97,False
tct,6,a_ratio,16,1.0,0.23907825235908797,0.018352250154501863,0.13015463917525774,0.058933277914773506,97,True
tct,6,nqc,16,1.0,0.18959849280405278,0.06288122567473031,0.09536082474226806,0.16642177733641728,97,False
tct,6,nqc,16,1.0,0.23907825235908797,0.018352250154501863,0.13015463917525774,0.058933277914773506,97,True
tct,6,bertQPP,16,1.0,0.18959849280405278,0.06288122567473031,0.09536082474226806,0.16642177733641728,97,False
tct,6,bertQPP,16,1.0,0.23907825235908797,0.018352250154501863,0.13015463917525774,0.058933277914773506,97,True
tct,6,bertQPP(QV),16,1.0,0.18959849280405278,0.06288122567473031,0.09536082474226806,0.16642177733641728,97,False
tct,6,bertQPP(QV),16,1.0,0.23907825235908797,0.018352250154501863,0.13015463917525774,0.058933277914773506,97,True
tct,6,0shot_pos,16,1.0,-0.2985078777610615,0.0029792192729920708,-0.22508591065292102,0.0010898172708815595,97,True
