retriever,k,qpp_method,window_size,alpha,r,p1(r),tau,p1(tau),num_of_queries
tct,15,spatial,2,0.0,0.001031152290801668,0.992002124147356,0.0047250859106529215,0.9453348196600103,97
tct,15,a_ratio,2,0.0,0.07429253125432347,0.46955000831987603,0.0584192439862543,0.3965888091618368,97
tct,15,nqc,2,0.0,0.13114536992369358,0.20039538169504273,0.08118556701030928,0.23875904036666062,97
tct,15,bertQPP,2,0.0,0.19877034806861155,0.050961349322358296,0.13917525773195877,0.0434259212403691,97
tct,15,bertQPP(QV),2,0.0,0.14399174086233593,0.1593935249494607,0.09664948453608249,0.16076803875264556,97
tct,15,spatial,2,0.02,0.006288135387692989,0.9512567165893853,0.005154639175257733,0.940374133088132,97
tct,15,a_ratio,2,0.02,0.08822087566842962,0.39018155336577776,0.06829896907216496,0.32163912125241456,97
tct,15,nqc,2,0.02,0.1316878662853127,0.19852366394057844,0.08247422680412372,0.23138680179907667,97
tct,15,bertQPP,2,0.02,0.20295280019416104,0.046180309156232946,0.14132302405498284,0.040290653027956765,97
tct,15,bertQPP(QV),2,0.02,0.14806857627075795,0.14778694565691072,0.09879725085910654,0.15166941209887877,97
tct,15,spatial,2,0.04,0.01173719223261449,0.9091559213871113,0.008161512027491411,0.9057247746831294,97
tct,15,a_ratio,2,0.04,0.1023590171937198,0.3184375001968707,0.07860824742268042,0.2539971105350425,97
tct,15,nqc,2,0.04,0.13225256797109514,0.19658873030318888,0.08290378006872855,0.22896569995644822,97
tct,15,bertQPP,2,0.04,0.20729115131635767,0.04161996765992372,0.14218213058419246,0.039091423487606906,97
tct,15,bertQPP(QV),2,0.04,0.15230046061230967,0.13642344944155038,0.10051546391752579,0.14467719951816677,97
tct,15,spatial,2,0.06,0.017385423137791373,0.8657812279876271,0.011168384879725088,0.8712539798728897,97
tct,15,a_ratio,2,0.06,0.11664280540803354,0.25520627171778093,0.08719931271477664,0.2057421374120063,97
tct,15,nqc,2,0.06,0.13284086224339708,0.1945874530431479,0.08247422680412372,0.23138680179907667,97
tct,15,bertQPP,2,0.06,0.21179230197897897,0.03729147365084708,0.1434707903780069,0.037349490378258986,97
tct,15,bertQPP(QV),2,0.06,0.15669458402125286,0.1253396435507459,0.10266323024054985,0.13628751627610397,97
tct,15,spatial,2,0.08,0.02323991202416993,0.8212403969195129,0.017611683848797254,0.7982864258103413,97
tct,15,a_ratio,2,0.08,0.13100147266731138,0.2008939755286003,0.0893470790378007,0.19479398827541883,97
tct,15,nqc,2,0.08,0.13345425396221683,0.19251650701609518,0.08376288659793817,0.22417771625382632,97
tct,15,bertQPP,2,0.08,0.21646333397123593,0.033204886439032154,0.1443298969072165,0.03622527510674091,97
tct,15,bertQPP(QV),2,0.08,0.16125838349741814,0.11457293537933863,0.1048109965635739,0.1282784361242476,97
tct,15,spatial,2,0.1,0.029307659174376055,0.7756699877004023,0.018041237113402064,0.7934766269227447,97
tct,15,a_ratio,2,0.1,0.14535894228186647,0.15542787911957506,0.09579037800687287,0.16452082122278677,97
tct,15,nqc,2,0.1,0.1340943782670293,0.1903723554135822,0.0854810996563574,0.2148174024411691,97
tct,15,bertQPP,2,0.1,0.22131147336191492,0.02936892714482349,0.14475945017182132,0.035674068768179766,97
tct,15,bertQPP(QV),2,0.1,0.16599951848285596,0.10416108462237016,0.10652920962199315,0.12213859984356254,97
tct,15,spatial,2,0.12,0.035595500576600686,0.7292374915951121,0.021907216494845363,0.7505619727933218,97
tct,15,a_ratio,2,0.12,0.15963549960435178,0.11831634742816055,0.09922680412371135,0.1498976871116754,97
tct,15,nqc,2,0.12,0.13476301492891252,0.18815123450559082,0.08591065292096221,0.2125219840325313,97
tct,15,bertQPP,2,0.12,0.22634404096067112,0.02579072415328055,0.14905498281786944,0.030544557732034724,97
tct,15,bertQPP(QV),2,0.12,0.17092583624126445,0.09414166376276595,0.10309278350515466,0.1346555631057889,97
tct,15,spatial,2,0.14,0.042110012149505716,0.6821428475897169,0.02362542955326461,0.7317251099207628,97
tct,15,a_ratio,2,0.14,0.17374976034937895,0.08875077231684801,0.09879725085910654,0.15166941209887877,97
tct,15,nqc,2,0.14,0.13546210463417113,0.18584913735791153,0.08676975945017183,0.2079844017382293,97
tct,15,bertQPP,2,0.14,0.23156838735126606,0.022475560617872897,0.15206185567010314,0.02734277211201925,97
tct,15,bertQPP(QV),2,0.14,0.17604532462809572,0.08455142478316395,0.10781786941580758,0.11768634646990996,97
tct,15,spatial,2,0.16,0.04885739709400985,0.6346190862631849,0.025343642611683852,0.7130485680719618,97
tct,15,a_ratio,2,0.16,0.18762083687693215,0.06572790401112327,0.10395189003436428,0.13143701983340042,97
tct,15,nqc,2,0.16,0.1361937675081626,0.18346179651389125,0.08676975945017183,0.2079844017382293,97
tct,15,bertQPP,2,0.16,0.2369918090964309,0.019426633881880033,0.15420962199312716,0.025236989773183314,97
tct,15,bertQPP(QV),2,0.16,0.1813660493686753,0.07542557430438838,0.11211340206185569,0.10376002930884054,97
tct,15,spatial,2,0.18,0.055843354635218806,0.5869318223540617,0.02920962199312715,0.6716645680851198,97
tct,15,a_ratio,2,0.18,0.20117057702128915,0.04817008661298473,0.11254295532646051,0.10244263799035044,97
tct,15,nqc,2,0.18,0.13696032424542928,0.18098466565420757,0.0854810996563574,0.2148174024411691,97
tct,15,bertQPP,2,0.18,0.24262144209263753,0.01664483857909215,0.154639175257732,0.024833107958687445,97
tct,15,bertQPP(QV),2,0.18,0.1868960724224174,0.06679696507101131,0.11426116838487975,0.09730564872611688,97
tct,15,spatial,2,0.2,0.06307292852140492,0.5393773099699568,0.03780068728522337,0.5833275904873889,97
tct,15,a_ratio,2,0.2,0.21432573597291926,0.03502564746221707,0.11769759450171824,0.08765026442852013,97
tct,15,nqc,2,0.2,0.13776432028183982,0.17841290028259363,0.0854810996563574,0.2148174024411691,97
tct,15,bertQPP,2,0.2,0.24846412735723863,0.014128586808340166,0.1585051546391753,0.021443192891173694,97
tct,15,bertQPP(QV),2,0.2,0.19264334740312608,0.05869521888700977,0.11426116838487975,0.09730564872611688,97
tct,15,spatial,2,0.22,0.0705503338663424,0.49227879301717825,0.04209621993127149,0.541289833276998,97
tct,15,a_ratio,2,0.22,0.2270199427056936,0.025339662373720644,0.1202749140893471,0.08092834885233069,97
tct,15,nqc,2,0.22,0.13860855352920604,0.1757413375331594,0.08591065292096221,0.2125219840325313,97
tct,15,bertQPP,2,0.22,0.2545262437698388,0.011873679894230552,0.1628006872852234,0.018155972846842318,97
tct,15,bertQPP(QV),2,0.22,0.19861558735410365,0.05114580466412286,0.1164089347079038,0.09117630712765404,97
tct,15,spatial,2,0.24,0.07827876129126687,0.44598093636304154,0.046391752577319596,0.5008221569685896,97
tct,15,a_ratio,2,0.24,0.23919533901686166,0.01829350556590282,0.12414089347079041,0.07163599473940602,97
tct,15,nqc,2,0.24,0.13949610629647025,0.17296447526094774,0.08676975945017183,0.2079844017382293,97
tct,15,bertQPP,2,0.24,0.26081350148604515,0.009873246545807336,0.16494845360824745,0.01668446543769203,97
tct,15,bertQPP(QV),2,0.24,0.20482009945706303,0.04416910487708022,0.11941580756013748,0.08312087785946547,97
tct,15,spatial,2,0.26,0.08626015788174018,0.4008422182676153,0.04725085910652922,0.4929254477765376,97
tct,15,a_ratio,2,0.26,0.2508037992476883,0.013217694504511312,0.13058419243986258,0.05810246319620013,97
tct,15,nqc,2,0.26,0.1404303821488247,0.1700764506675308,0.0889175257731959,0.1969487085850582,97
tct,15,bertQPP,2,0.26,0.26733068893449474,0.008117761376302119,0.1679553264604811,0.014800614099959652,97
tct,15,bertQPP(QV),2,0.26,0.21126358051399557,0.03777951382721793,0.12500000000000003,0.06969448971824621,97
tct,15,spatial,2,0.28,0.09449498526410584,0.35722530639901434,0.05154639175257733,0.4544623656228458,97
tct,15,a_ratio,2,0.28,0.2618076777293206,0.009585616294900824,0.13917525773195877,0.0434259212403691,97
tct,15,nqc,2,0.28,0.14141514861310114,0.1670710188362033,0.09020618556701032,0.1905365207922204,97
tct,15,bertQPP,2,0.28,0.2740813655626309,0.006595155435770844,0.17182130584192443,0.01265543298933369,97
tct,15,bertQPP(QV),2,0.28,0.21795186632921112,0.03198462074834506,0.12242268041237117,0.07565197367789964,97
tct,15,spatial,2,0.3,0.10298195616632612,0.31548562723520834,0.057130584192439875,0.4070878413580533,97
tct,15,a_ratio,2,0.3,0.27218007318076315,0.006996079921041769,0.14261168384879727,0.03850326567762371,97
tct,15,nqc,2,0.3,0.14245458683230794,0.16394153171755418,0.08977663230240551,0.19265661141875967,97
tct,15,bertQPP,2,0.3,0.28106749191449026,0.005291026394543291,0.17654639175257736,0.010410504577977625,97
tct,15,bertQPP(QV),2,0.3,0.22488962751032898,0.02678453861107805,0.12800687285223372,0.06323660544752113,97
tct,15,spatial,2,0.32,0.11171775219389227,0.27595856237157373,0.06142611683848798,0.37273483374323335,97
tct,15,a_ratio,2,0.32,0.2819046388109105,0.005151260310812115,0.14561855670103094,0.03459309466060896,97
tct,15,nqc,2,0.32,0.14355334951442886,0.1606809183307323,0.09020618556701032,0.1905365207922204,97
tct,15,bertQPP,2,0.32,0.2882889883547358,0.004188950213272,0.17998281786941583,0.009007907605249525,97
tct,15,bertQPP(QV),2,0.32,0.23208000381498925,0.022171443808644574,0.12972508591065296,0.0597739314027888,97
tct,15,spatial,2,0.34,0.12069672724597297,0.23894594508919237,0.06743986254295534,0.3277635503646662,97
tct,15,a_ratio,2,0.34,0.2909749989335409,0.003834543996812137,0.14132302405498284,0.040290653027956765,97
tct,15,nqc,2,0.34,0.14471662882376932,0.1572816672483374,0.08977663230240551,0.19265661141875967,97
tct,15,bertQPP,2,0.34,0.295743214010691,0.003270888701083087,0.18213058419243988,0.008219435652041644,97
tct,15,bertQPP(QV),2,0.34,0.23952416915633318,0.018129390836105576,0.13230240549828182,0.05487593045339063,97
tct,15,spatial,2,0.36,0.12991060302168955,0.2047027551089071,0.07087628865979383,0.3037170573623521,97
tct,15,a_ratio,2,0.36,0.299393854501688,0.0028908181578372752,0.14647766323024058,0.03354022455213661,97
tct,15,nqc,2,0.36,0.14595023624450826,0.1537358128403348,0.09063573883161513,0.18843365829791547,97
tct,15,bertQPP,2,0.36,0.30342435858048833,0.002517678774331918,0.18814432989690724,0.00632984784895861,97
tct,15,bertQPP(QV),2,0.36,0.247220819967963,0.014634457752863164,0.14003436426116841,0.04214791401843269,97
tct,15,spatial,2,0.38,0.13934816539073674,0.1734250780797224,0.07431271477663232,0.2808725107935828,97
tct,15,a_ratio,2,0.38,0.3071718701846127,0.0022102458097425634,0.15077319587628868,0.0286776674564184,97
tct,15,nqc,2,0.38,0.14726069692849547,0.15003492730053244,0.09192439862542956,0.1822278457949571,97
tct,15,bertQPP,2,0.38,0.31132274193567866,0.0019095803269735287,0.1898625429553265,0.005867063974983271,97
tct,15,bertQPP(QV),2,0.38,0.2551655811141345,0.01165526125091488,0.1434707903780069,0.037349490378258986,97
tct,15,spatial,2,0.4,0.1489949729515366,0.14524046452491285,0.08075601374570447,0.24125289471425693,97
tct,15,a_ratio,2,0.4,0.31432643536283605,0.0017156170706049134,0.1550687285223368,0.024434836082135623,97
tct,15,nqc,2,0.4,0.14865536165284665,0.1461701212166589,0.09192439862542956,0.1822278457949571,97
tct,15,bertQPP,2,0.4,0.31942402041561585,0.0014268515910132364,0.19544673539518906,0.0045660596694361046,97
tct,15,bertQPP(QV),2,0.4,0.26335032628925825,0.00915385413115735,0.14218213058419246,0.039091423487606906,97
tct,15,spatial,2,0.42,0.15883309174141758,0.12020175145393046,0.08719931271477664,0.2057421374120063,97
tct,15,a_ratio,2,0.42,0.32088038290160514,0.0013528696227757305,0.15678694158075604,0.022896601370035064,97
tct,15,nqc,2,0.42,0.15014254029773844,0.14213205643708995,0.09235395189003438,0.18019329783502935,97
tct,15,bertQPP,2,0.42,0.32770830494520864,0.0010503150973569346,0.19458762886597944,0.004747484369155047,97
tct,15,bertQPP(QV),2,0.42,0.2717624143352997,0.007086984052675498,0.14132302405498284,0.040290653027956765,97
tct,15,spatial,2,0.44,0.16884087259810604,0.0982851761665966,0.09149484536082475,0.1842793810224047,97
tct,15,a_ratio,2,0.44,0.3268607355877042,0.0010841867302706341,0.1589347079037801,0.021092644173514117,97
tct,15,nqc,2,0.44,0.15173166176480746,0.13791097632221042,0.09192439862542956,0.1822278457949571,97
tct,15,bertQPP,2,0.44,0.3361492052398127,0.0007618752151400061,0.19802405498281792,0.004058834798972484,97
tct,15,bertQPP(QV),2,0.44,0.2803838496243591,0.005407653666782711,0.1469072164948454,0.033024149712135395,97
tct,15,spatial,2,0.46,0.17899278982915762,0.07939322143515434,0.09407216494845362,0.1722237215768213,97
tct,15,a_ratio,2,0.46,0.3322975334886543,0.0008830762758670741,0.15592783505154642,0.023654871935139845,97
tct,15,nqc,2,0.46,0.15343346656431459,0.13349676026468485,0.09235395189003438,0.18019329783502935,97
tct,15,bertQPP,2,0.46,0.3447128269993448,0.0005449507695057501,0.202319587628866,0.003325969220576063,97
tct,15,bertQPP(QV),2,0.46,0.28919038411668824,0.0040668838160795445,0.14991408934707906,0.029598455953974822,97
tct,15,spatial,2,0.48,0.18925936128919157,0.06336212471253808,0.09836769759450173,0.15345704089516993,97
tct,15,a_ratio,2,0.48,0.33722277859960154,0.0007309136930597073,0.15378006872852237,0.025646544632394585,97
tct,15,nqc,2,0.48,0.15526024000316846,0.12887901177991234,0.09235395189003438,0.18019329783502935,97
tct,15,bertQPP,2,0.48,0.3533567655757316,0.00038479372640203485,0.20575601374570449,0.0028288190417010725,97
tct,15,bertQPP(QV),2,0.48,0.29815059132506644,0.00301555003945417,0.154639175257732,0.024833107958687445,97
tct,15,spatial,2,0.5,0.19960717030939978,0.04997343541540855,0.1048109965635739,0.1282784361242476,97
tct,15,a_ratio,2,0.5,0.3416695177139194,0.0006145370630729081,0.15335051546391754,0.026061836085581373,97
tct,15,nqc,2,0.5,0.1572260961402579,0.12404719271757186,0.093213058419244,0.17617491386576734,97
tct,15,bertQPP,2,0.5,0.3620291601592437,0.00026867673161025174,0.2053264604810997,0.002887015591872923,97
tct,15,bertQPP(QV),2,0.5,0.3072249583517114,0.0022061451880736487,0.16065292096219932,0.019739903980340746,97
tct,15,spatial,2,0.52,0.209999008775487,0.03896850956984244,0.11340206185567013,0.09984779835922447,97
tct,15,a_ratio,2,0.52,0.3456710715309334,0.0005245838783583515,0.15635738831615123,0.02327305567367708,97
tct,15,nqc,2,0.52,0.1593473256243337,0.11899082050753178,0.09364261168384881,0.17419095096502246,97
tct,15,bertQPP,2,0.52,0.37066789637705405,0.00018594672620353604,0.21091065292096223,0.002209296231634933,97
tct,15,bertQPP(QV),2,0.52,0.3163650610841233,0.0015943231052620702,0.16623711340206188,0.015852745291372216,97
tct,15,spatial,2,0.54,0.2203941576587847,0.03006448646903101,0.11469072164948456,0.0960541193445157,97
tct,15,a_ratio,2,0.54,0.349260408034956,0.00045434373154564937,0.15678694158075604,0.022896601370035064,97
tct,15,nqc,2,0.54,0.1616428244463288,0.11369975119168026,0.09536082474226806,0.16642177733641728,97
tct,15,bertQPP,2,0.54,0.3792000705047136,0.00012795649754224724,0.21606529209621997,0.0017164841150655054,97
tct,15,bertQPP(QV),2,0.54,0.325512908432005,0.001140102273548162,0.18041237113402064,0.008845012615594157,97
tct,15,spatial,2,0.56,0.23074881623723764,0.02297016857088477,0.11726804123711342,0.08881318243030219,97
tct,15,a_ratio,2,0.56,0.35246965112406436,0.00039896688584173303,0.15936426116838492,0.0207470988785446,97
tct,15,nqc,2,0.56,0.16413462587260175,0.10816457876682194,0.09579037800687287,0.16452082122278677,97
tct,15,bertQPP,2,0.56,0.3875418518807723,8.789821893806535e-05,0.22422680412371138,0.0011387880187863695,97
tct,15,bertQPP(QV),2,0.56,0.33460056195093224,0.0008086515410145816,0.1859965635738832,0.006954397086601862,97
tct,15,spatial,2,0.58,0.2410166840594798,0.01740034818106499,0.1207044673539519,0.07984982362376257,97
tct,15,a_ratio,2,0.58,0.3553297110201167,0.00035491718830509504,0.16151202749140894,0.01909240321886764,97
tct,15,nqc,2,0.58,0.16684856486258975,0.10237719162697974,0.09922680412371135,0.1498976871116754,97
tct,15,bertQPP,2,0.58,0.3955988963709596,6.057062974992772e-05,0.23024054982817874,0.0008346209629654949,97
tct,15,bertQPP(QV),2,0.58,0.3435501537669169,0.0005706350580251678,0.19201030927835053,0.00533157487845821,97
tct,15,spatial,2,0.6,0.2511496906346952,0.01308746155755783,0.12628865979381446,0.0668634129345248,97
tct,15,a_ratio,2,0.6,0.35787002068707763,0.00031959246263804116,0.16365979381443302,0.01755425786967657,97
tct,15,nqc,2,0.6,0.16981511378301797,0.09633154026016397,0.10180412371134022,0.13959717520298046,97
tct,15,bertQPP,2,0.6,0.4032674658678375,4.211346272273187e-05,0.23496563573883167,0.0006505425158083947,97
tct,15,bertQPP(QV),2,0.6,0.35227443342310866,0.00040214955503911084,0.19759450171821308,0.0041396512632380965,97
tct,15,spatial,2,0.62,0.2610988574155057,0.009789924426350282,0.1327319587628866,0.054093065441640706,97
tct,15,a_ratio,2,0.62,0.36011836181373535,0.0002910597736380226,0.16623711340206188,0.015852745291372216,97
tct,15,nqc,2,0.62,0.17307044112980713,0.09002468738271871,0.10395189003436428,0.13143701983340042,97
tct,15,bertQPP,2,0.62,0.4104363888037468,2.9739367928590316e-05,0.23625429553264607,0.0006073368350083252,97
tct,15,bertQPP(QV),2,0.62,0.3606779671038686,0.00028433279129074987,0.20575601374570449,0.0028288190417010725,97
tct,15,spatial,2,0.64,0.27081526573710035,0.007297009174415815,0.14261168384879727,0.03850326567762371,97
tct,15,a_ratio,2,0.64,0.362100764399164,0.00026786967916535135,0.1679553264604811,0.014800614099959652,97
tct,15,nqc,2,0.64,0.1766577625002831,0.08345823259690106,0.10223367697594504,0.13793469449367568,97
tct,15,bertQPP,2,0.64,0.4169899470548372,2.1486437456946393e-05,0.24226804123711343,0.00043878992015195634,97
tct,15,bertQPP(QV),2,0.64,0.3686590845596399,0.0002027490202820775,0.20704467353951894,0.0026605976928076114,97
tct,15,spatial,2,0.66,0.2802510940930151,0.005430564359098462,0.1439003436426117,0.036783724578164194,97
tct,15,a_ratio,2,0.66,0.3638414652034814,0.00024892501124468134,0.1658075601374571,0.016125841537736958,97
tct,15,nqc,2,0.66,0.18062907685022722,0.07664022766198443,0.10137457044673541,0.14127503537333896,97
tct,15,bertQPP,2,0.66,0.4228116911734933,1.6005651427245114e-05,0.2439862542955327,0.0003993454119661632,97
tct,15,bertQPP(QV),2,0.66,0.3761126154560404,0.0001466625968129109,0.20876288659793818,0.0024505203740822256,97
tct,15,spatial,2,0.68,0.2893606797028324,0.004044182624832226,0.14819587628865982,0.031516517606653575,97
tct,15,a_ratio,2,0.68,0.36536291196533266,0.000233387493673647,0.16924398625429557,0.01405239227763608,97
tct,15,nqc,2,0.68,0.18504741312164985,0.06958772247397735,0.10266323024054985,0.13628751627610397,97
tct,15,bertQPP,2,0.68,0.4277890707644844,1.238921370849038e-05,0.2521477663230241,0.0002532519652694692,97
tct,15,bertQPP(QV),2,0.68,0.3829333771195791,0.00010829714196755022,0.209192439862543,0.002400428947085522,97
tct,15,spatial,2,0.7,0.2981015539420775,0.003020567333073074,0.1512027491408935,0.028226597294347726,97
tct,15,a_ratio,2,0.7,0.3666858020976889,0.0002206107701647378,0.17225085910652924,0.012434959394241826,97
tct,15,nqc,2,0.7,0.18998975473579688,0.06233009773242948,0.10652920962199315,0.12213859984356254,97
tct,15,bertQPP,2,0.7,0.4318186314194279,1.003926419700186e-05,0.24742268041237117,0.00033019314561040996,97
tct,15,bertQPP(QV),2,0.7,0.3890202751431551,8.215193573907163e-05,0.21262886597938147,0.002032205430312129,97
tct,15,spatial,2,0.72,0.3064353997829482,0.0022678455085018163,0.16022336769759454,0.02007078628569656,97
tct,15,a_ratio,2,0.72,0.3678291463857334,0.00021009198929979755,0.1752577319587629,0.010984624932232429,97
tct,15,nqc,2,0.72,0.19555086341174283,0.054913329720799556,0.10910652920962201,0.11336246240953972,97
tct,15,bertQPP,2,0.72,0.43481139554401027,8.572435788924875e-06,0.24871134020618557,0.00030728207639036943,97
tct,15,bertQPP(QV),2,0.72,0.39428076986760885,6.44177316693629e-05,0.22079037800687287,0.0013557124652369783,97
tct,15,spatial,2,0.74,0.31432888241372164,0.0017154666023260904,0.16408934707903783,0.01726000960595295,97
tct,15,a_ratio,2,0.74,0.36881034991629813,0.0002014365202054951,0.17439862542955328,0.011382836808156348,97
tct,15,nqc,2,0.74,0.20184828667979554,0.04740525767376405,0.11211340206185569,0.10376002930884054,97
tct,15,bertQPP,2,0.74,0.43669794098167924,7.754030541459172e-06,0.24957044673539522,0.00029284438819506046,97
tct,15,bertQPP(QV),2,0.74,0.3986353649678678,5.2507918805041575e-05,0.2216494845360825,0.001298168853613724,97
tct,15,spatial,2,0.76,0.3217543115741572,0.001310164079558143,0.16924398625429557,0.01405239227763608,97
tct,15,a_ratio,2,0.76,0.369645304005522,0.00019433202807247034,0.17955326460481102,0.009173476196585428,97
tct,15,nqc,2,0.76,0.2090288910058614,0.03990171122796967,0.10996563573883163,0.110550087489207,97
tct,15,bertQPP,2,0.76,0.4374326490669536,7.455662537543685e-06,0.24613402061855674,0.00035469522611087794,97
tct,15,bertQPP(QV),2,0.76,0.4020217122046903,4.470187544877523e-05,0.22379725085910657,0.0011640289366746655,97
tct,15,spatial,2,0.78,0.3286901051824018,0.0010122853266430205,0.17225085910652924,0.012434959394241826,97
tct,15,a_ratio,2,0.78,0.37034848423187294,0.00018852927213366098,0.17568728522336774,0.01079019991112942,97
tct,15,nqc,2,0.78,0.21727726801015507,0.0325328719260837,0.11941580756013748,0.08312087785946547,97
tct,15,bertQPP,2,0.78,0.43699663483008355,7.631399636339297e-06,0.24355670103092786,0.0004088834881762593,97
tct,15,bertQPP(QV),2,0.78,0.40439791922947443,3.988637255264771e-05,0.21563573883161516,0.0017533187111864498,97
tct,15,spatial,2,0.8,0.335121037353013,0.000792645978465951,0.17482817869415812,0.011182156616858724,97
tct,15,a_ratio,2,0.8,0.3709330508200384,0.0001838277689556108,0.17353951890034366,0.011793812186781842,97
tct,15,nqc,2,0.8,0.2268261824333932,0.025468275771923822,0.12714776632302408,0.06502915478137135,97
tct,15,bertQPP,2,0.8,0.43539900113637453,8.309199581040775e-06,0.2366838487972509,0.0005935388745829456,97
tct,15,bertQPP(QV),2,0.8,0.4057447060224979,3.737673011030811e-05,0.21821305841924402,0.0015427588468996702,97
tct,15,spatial,2,0.82,0.341038268418393,0.0006299526180156956,0.18041237113402064,0.008845012615594157,97
tct,15,a_ratio,2,0.82,0.3714109485666176,0.00018006500408229616,0.17225085910652924,0.012434959394241826,97
tct,15,nqc,2,0.82,0.23796851027527324,0.018917144613647085,0.12929553264604812,0.060624507125192455,97
tct,15,bertQPP,2,0.82,0.43267625773930396,9.596446410433993e-06,0.22766323024054988,0.0009543472910132449,97
tct,15,bertQPP(QV),2,0.82,0.40606617622752805,3.679990164070663e-05,0.2203608247422681,0.0013853583021557498,97
tct,15,spatial,2,0.84,0.34643916849823,0.0005087650854456487,0.1829896907216495,0.007921746820669876,97
tct,15,a_ratio,2,0.84,0.3717930042685595,0.0001771082513928687,0.17482817869415812,0.011182156616858724,97
tct,15,nqc,2,0.84,0.2510679116941203,0.013118151248945465,0.13058419243986258,0.05810246319620013,97
tct,15,bertQPP,2,0.84,0.4288899779151315,1.1700489070207394e-05,0.22637457044673542,0.0010200025736501021,97
tct,15,bertQPP(QV),2,0.84,0.4053891326990895,3.8024583325596675e-05,0.21391752577319592,0.001908041073171658,97
tct,15,spatial,2,0.86,0.3513269581190061,0.0004179305491227749,0.18513745704467358,0.007219338175415614,97
tct,15,a_ratio,2,0.86,0.37208902023119705,0.00017484832341967303,0.1709621993127148,0.013106785247853048,97
tct,15,nqc,2,0.86,0.26655933938418364,0.008310071658151882,0.13745704467353953,0.04608031263937092,97
tct,15,bertQPP,2,0.86,0.42412298224635225,1.4967176832440313e-05,0.2169243986254296,0.001644941169576058,97
tct,15,bertQPP(QV),2,0.86,0.4037610410275449,4.112716909509558e-05,0.21134020618556704,0.0021637443470699886,97
tct,15,spatial,2,0.88,0.3557101983440288,0.000349406977170217,0.18170103092783507,0.008372001763204117,97
tct,15,a_ratio,2,0.88,0.3723078629169975,0.00017319476216648696,0.1752577319587629,0.010984624932232429,97
tct,15,nqc,2,0.88,0.284914132538401,0.004675534444208738,0.15249140893470792,0.026909885175764755,97
tct,15,bertQPP,2,0.88,0.41847449834214,1.994233855374101e-05,0.21477663230240554,0.0018291772025326055,97
tct,15,bertQPP(QV),2,0.88,0.4012468968661722,4.6385876847746935e-05,0.20704467353951894,0.0026605976928076114,97
tct,15,spatial,2,0.9,0.35960216829107233,0.00029739467346033495,0.18256013745704472,0.00806936233603351,97
tct,15,a_ratio,2,0.9,0.37245754617026416,0.00017207211239166176,0.17482817869415812,0.011182156616858724,97
tct,15,nqc,2,0.9,0.30650288639205037,0.0022625115866624,0.16022336769759454,0.02007078628569656,97
tct,15,bertQPP,2,0.9,0.41205482058984866,2.7462667342396945e-05,0.20747422680412375,0.0026065887949513057,97
tct,15,bertQPP(QV),2,0.9,0.3979253554751043,5.429812115975701e-05,0.2018900343642612,0.0033934144348203364,97
tct,15,spatial,2,0.92,0.3630201697418431,0.00025770381865245596,0.1829896907216495,0.007921746820669876,97
tct,15,a_ratio,2,0.92,0.3725453087367493,0.00017141701410776188,0.17353951890034366,0.011793812186781842,97
tct,15,nqc,2,0.92,0.3311932671167684,0.0009209330442281072,0.1701030927835052,0.013572314777054699,97
tct,15,bertQPP,2,0.92,0.40497998161220217,3.8783028111853155e-05,0.20274914089347082,0.003259747042536618,97
tct,15,bertQPP(QV),2,0.92,0.39388452150320125,6.561797785204502e-05,0.19759450171821308,0.0041396512632380965,97
tct,15,spatial,2,0.94,0.3659847971614538,0.00022729842643009145,0.18556701030927839,0.00708575590459897,97
tct,15,a_ratio,2,0.94,0.37257768600779867,0.00017117591936913825,0.17654639175257736,0.010410504577977625,97
tct,15,nqc,2,0.94,0.3573536477202054,0.0003264993150685305,0.1709621993127148,0.013106785247853048,97
tct,15,bertQPP,2,0.94,0.3973668633786783,5.574609850019723e-05,0.19759450171821308,0.0041396512632380965,97
tct,15,bertQPP(QV),2,0.94,0.3892177756016066,8.14113164173388e-05,0.19458762886597944,0.004747484369155047,97
tct,15,spatial,2,0.96,0.3685192075198832,0.00020396973646089647,0.1859965635738832,0.006954397086601862,97
tct,15,a_ratio,2,0.96,0.37256057607115084,0.00017130328800280106,0.17439862542955328,0.011382836808156348,97
tct,15,nqc,2,0.96,0.3799385346551377,0.0001238230259594644,0.17955326460481102,0.009173476196585428,97
tct,15,bertQPP,2,0.96,0.38932904946196106,8.099678335248644e-05,0.19673539518900346,0.004305679427335466,97
tct,15,bertQPP(QV),2,0.96,0.384019946378016,0.00010312591249682394,0.18857388316151205,0.006211170636578692,97
tct,15,spatial,2,0.98,0.3706484186622631,0.00018610326787569297,0.18127147766323026,0.008527096049992753,97
tct,15,a_ratio,2,0.98,0.37249930025735534,0.0001717601531711445,0.17611683848797252,0.010598840128977079,97
tct,15,nqc,2,0.98,0.38878662419988214,8.303620802745279e-05,0.1782646048109966,0.009686599012848096,97
tct,15,bertQPP,2,0.98,0.38097358157778805,0.00011823764207738,0.18470790378006877,0.007355176256510775,97
tct,15,bertQPP(QV),2,0.98,0.37838404222288735,0.0001326727419976195,0.18213058419243988,0.008219435652041644,97
tct,15,spatial,2,1.0,0.3723986584422433,0.00017251297431151254,0.1786941580756014,0.00951278395726825,97
tct,15,a_ratio,2,1.0,0.3723986584422433,0.00017251297431151254,0.1786941580756014,0.00951278395726825,97
tct,15,nqc,2,1.0,0.3723986584422433,0.00017251297431151254,0.1786941580756014,0.00951278395726825,97
tct,15,bertQPP,2,1.0,0.3723986584422433,0.00017251297431151254,0.1786941580756014,0.00951278395726825,97
tct,15,bertQPP(QV),2,1.0,0.3723986584422433,0.00017251297431151254,0.1786941580756014,0.00951278395726825,97
tct,15,spatial,3,0.0,0.001031152290801668,0.992002124147356,0.0047250859106529215,0.9453348196600103,97
tct,15,a_ratio,3,0.0,0.07429253125432347,0.46955000831987603,0.0584192439862543,0.3965888091618368,97
tct,15,nqc,3,0.0,0.13114536992369358,0.20039538169504273,0.08118556701030928,0.23875904036666062,97
tct,15,bertQPP,3,0.0,0.19877034806861155,0.050961349322358296,0.13917525773195877,0.0434259212403691,97
tct,15,bertQPP(QV),3,0.0,0.14399174086233593,0.1593935249494607,0.09664948453608249,0.16076803875264556,97
tct,15,spatial,3,0.02,0.006034170548542828,0.9532230895305833,0.005154639175257733,0.940374133088132,97
tct,15,a_ratio,3,0.02,0.08761451274909647,0.3934601633344465,0.06829896907216496,0.32163912125241456,97
tct,15,nqc,3,0.02,0.1316660969211541,0.1985985293626642,0.08247422680412372,0.23138680179907667,97
tct,15,bertQPP,3,0.02,0.2027502494375923,0.04640296078313333,0.14089347079037803,0.040901875311072,97
tct,15,bertQPP(QV),3,0.02,0.14787380772008785,0.14832657169718366,0.09836769759450173,0.15345704089516993,97
tct,15,spatial,3,0.04,0.011215774944872539,0.9131755318447583,0.007731958762886599,0.9106652645488371,97
tct,15,a_ratio,3,0.04,0.1011695024432879,0.3241234465452186,0.07817869415807562,0.25660117603543875,97
tct,15,nqc,3,0.04,0.13220818808946738,0.19674030268279966,0.08290378006872855,0.22896569995644822,97
tct,15,bertQPP,3,0.04,0.20687883229719334,0.04203658947162737,0.14132302405498284,0.040290653027956765,97
tct,15,bertQPP(QV),3,0.04,0.151903934062945,0.13745915551502474,0.1009450171821306,0.14296835148549844,97
tct,15,spatial,3,0.06,0.01658257305744823,0.8719254412150843,0.010738831615120277,0.8761649965497997,97
tct,15,a_ratio,3,0.06,0.11490166293568747,0.2624171886709868,0.0889175257731959,0.1969487085850582,97
tct,15,nqc,3,0.06,0.13277298167767249,0.19481761755472884,0.08204467353951891,0.23382603249144784,97
tct,15,bertQPP,3,0.06,0.2111628414725562,0.03787310555159478,0.1443298969072165,0.03622527510674091,97
tct,15,bertQPP(QV),3,0.06,0.1560891466647376,0.12682440990102128,0.10137457044673541,0.14127503537333896,97
tct,15,spatial,3,0.08,0.02214119352037286,0.8295607808203678,0.014604810996563576,0.8321598541826989,97
tct,15,a_ratio,3,0.08,0.12874830103299068,0.20881750920716105,0.093213058419244,0.17617491386576734,97
tct,15,nqc,3,0.08,0.13336192971693295,0.19282719067818263,0.08333333333333336,0.22656268559471548,97
tct,15,bertQPP,3,0.08,0.21560923439197063,0.03392259486051852,0.14475945017182132,0.035674068768179766,97
tct,15,bertQPP(QV),3,0.08,0.16043674602027735,0.11645652983687076,0.10524054982817871,0.12672143082539938,97
tct,15,spatial,3,0.1,0.027898233242261816,0.7861937141183091,0.018900343642611686,0.783880730258208,97
tct,15,a_ratio,3,0.1,0.14264079688744552,0.1633855216565867,0.09621993127147768,0.16263626465805225,97
tct,15,nqc,3,0.1,0.1339766103322717,0.19076552458282528,0.08462199312714778,0.2194617374170329,97
tct,15,bertQPP,3,0.1,0.22022515347623983,0.030194142914010683,0.14604810996563578,0.03406318246416719,97
tct,15,bertQPP(QV),3,0.1,0.16495429016890598,0.10639043134751368,0.10652920962199315,0.12213859984356254,97
tct,15,spatial,3,0.12,0.033860193834722524,0.7419625789473253,0.021907216494845363,0.7505619727933218,97
tct,15,a_ratio,3,0.12,0.1565058901412073,0.1258009567147215,0.09664948453608249,0.16076803875264556,97
tct,15,nqc,3,0.12,0.13461874168201607,0.18862889150969533,0.0854810996563574,0.2148174024411691,97
tct,15,bertQPP,3,0.12,0.2250178878430602,0.026695607982643633,0.14905498281786944,0.030544557732034724,97
tct,15,bertQPP(QV),3,0.12,0.16964956997666936,0.09666132973920864,0.10738831615120277,0.11915605807960761,97
tct,15,spatial,3,0.14,0.04003340581746724,0.6970334453156345,0.02448453608247423,0.7223661580007107,97
tct,15,a_ratio,3,0.14,0.17026729052097345,0.0954352465777128,0.10309278350515466,0.1346555631057889,97
tct,15,nqc,3,0.14,0.1352901977805895,0.18641331608738335,0.08591065292096221,0.2125219840325313,97
tct,15,bertQPP,3,0.14,0.22999482178171013,0.023433388745475615,0.14991408934707906,0.029598455953974822,97
tct,15,bertQPP(QV),3,0.14,0.17453057373391034,0.08730423159092073,0.10996563573883163,0.110550087489207,97
tct,15,spatial,3,0.16,0.04642393909868514,0.6516010652114202,0.025773195876288665,0.708405677956768,97
tct,15,a_ratio,3,0.16,0.18384754820073596,0.07144893901168181,0.10738831615120277,0.11915605807960761,97
tct,15,nqc,3,0.16,0.13599302650700396,0.18411455675606,0.08676975945017183,0.2079844017382293,97
tct,15,bertQPP,3,0.16,0.23516336693869053,0.020412193755304436,0.14991408934707906,0.029598455953974822,97
tct,15,bertQPP(QV),3,0.16,0.17960543848035185,0.07835333845231528,0.11469072164948456,0.0960541193445157,97
tct,15,spatial,3,0.18,0.05303749819945788,0.6058889992561536,0.028350515463917533,0.680780730027897,97
tct,15,a_ratio,3,0.18,0.19717008971668354,0.05289536190999615,0.10996563573883163,0.110550087489207,97
tct,15,nqc,3,0.18,0.1367294701579032,0.18172808590906467,0.08676975945017183,0.2079844017382293,97
tct,15,bertQPP,3,0.18,0.24053087455743996,0.017634821760261286,0.154639175257732,0.024833107958687445,97
tct,15,bertQPP(QV),3,0.18,0.18488238495079126,0.06984136427989639,0.11383161512027494,0.0985701799206937,97
tct,15,spatial,3,0.2,0.059879300716371237,0.5601486912126401,0.03393470790378007,0.6224147431170471,97
tct,15,a_ratio,3,0.2,0.2101613028519628,0.03881418683523829,0.11512027491408937,0.09481550621817705,97
tct,15,nqc,3,0.2,0.1375019889725942,0.1792490687466978,0.08634020618556702,0.2102443337075397,97
tct,15,bertQPP,3,0.2,0.24610452343084524,0.015101963685082157,0.1585051546391753,0.021443192891173694,97
tct,15,bertQPP(QV),3,0.2,0.19036963243631744,0.061798774068689596,0.11297250859106532,0.10113858933462912,97
tct,15,spatial,3,0.22,0.06695393761756081,0.5146572630610827,0.040807560137457045,0.5537409286316863,97
tct,15,a_ratio,3,0.22,0.22275254268059716,0.02830375946102604,0.12500000000000003,0.06969448971824621,97
tct,15,nqc,3,0.22,0.1383132881411135,0.17667234087336572,0.08591065292096221,0.2125219840325313,97
tct,15,bertQPP,3,0.22,0.2518911784550067,0.01281203860071289,0.1585051546391753,0.021443192891173694,97
tct,15,bertQPP(QV),3,0.22,0.19607528917712175,0.05425295797460685,0.11726804123711342,0.08881318243030219,97
tct,15,spatial,3,0.24,0.07426521416972098,0.4697138270787659,0.03951890034364262,0.5663306621908052,97
tct,15,a_ratio,3,0.24,0.23488193331481827,0.020567639306711252,0.13101374570446736,0.05728140399891128,97
tct,15,nqc,3,0.24,0.13916634890871726,0.17399238472134398,0.08591065292096221,0.2125219840325313,97
tct,15,bertQPP,3,0.24,0.25789721382616965,0.010761077065978652,0.16065292096219932,0.019739903980340746,97
tct,15,bertQPP(QV),3,0.24,0.20200721314843997,0.04722736339545929,0.12199312714776635,0.07668417076895777,97
tct,15,spatial,3,0.26,0.0818159706258568,0.4256341635886506,0.04768041237113403,0.4890022573020564,97
tct,15,a_ratio,3,0.26,0.24649585610497432,0.014936620586334716,0.1365979381443299,0.04745794602168577,97
tct,15,nqc,3,0.26,0.14006446451602939,0.17120330495780497,0.08719931271477664,0.2057421374120063,97
tct,15,bertQPP,3,0.26,0.2641282940228481,0.008942665526162167,0.16451890034364264,0.016970096384742294,97
tct,15,bertQPP(QV),3,0.26,0.20817283728588012,0.04074061669996817,0.12371134020618559,0.07262323979726368,97
tct,15,spatial,3,0.28,0.08960788229840672,0.3827436990635498,0.046391752577319596,0.5008221569685896,97
tct,15,a_ratio,3,0.28,0.25755004301272705,0.010871286357169453,0.14218213058419246,0.039091423487606906,97
tct,15,nqc,3,0.28,0.14101128186950146,0.16829880313391976,0.08676975945017183,0.2079844017382293,97
tct,15,bertQPP,3,0.28,0.2705891048051047,0.007347964690662085,0.1670962199312715,0.015318729327102553,97
tct,15,bertQPP(QV),3,0.28,0.21457895235066188,0.03480567599421894,0.1254295532646048,0.06874005870255491,97
tct,15,spatial,3,0.3,0.09764123933374413,0.34136884157034725,0.04939862542955327,0.47347910625616985,97
tct,15,a_ratio,3,0.3,0.2680102295743227,0.007951599875836695,0.14218213058419246,0.039091423487606906,97
tct,15,nqc,3,0.3,0.14201085002973451,0.16527215197600376,0.08762886597938145,0.2035174890452155,97
tct,15,bertQPP,3,0.3,0.27728302561526713,0.005965812687156798,0.17182130584192443,0.01265543298933369,97
tct,15,bertQPP(QV),3,0.3,0.22123143981184357,0.029429065576952823,0.12886597938144334,0.06148508875649665,97
tct,15,spatial,3,0.32,0.10591470742564563,0.3018268868688642,0.05584192439862544,0.41775090102760204,97
tct,15,a_ratio,3,0.32,0.27785236014299475,0.005859655193792743,0.1473367697594502,0.03251488713772691,97
tct,15,nqc,3,0.32,0.1430676768457722,0.1621161699126256,0.08977663230240551,0.19265661141875967,97
tct,15,bertQPP,3,0.32,0.28421173409307565,0.00478292007341927,0.17740549828178698,0.010042744211065484,97
tct,15,bertQPP(QV),3,0.32,0.22813494640603962,0.02461025026266664,0.13015463917525774,0.058933277914773506,97
tct,15,spatial,3,0.34,0.1144250718857729,0.26441488995584683,0.05970790378006874,0.38625489539833124,97
tct,15,a_ratio,3,0.34,0.287062373763493,0.004360308601841051,0.15335051546391754,0.026061836085581373,97
tct,15,nqc,3,0.34,0.1441867953650438,0.15882319669711736,0.0893470790378007,0.19479398827541883,97
tct,15,bertQPP,3,0.34,0.29137473309385653,0.0037841583942958387,0.18256013745704472,0.00806936233603351,97
tct,15,bertQPP(QV),3,0.34,0.23529249155369203,0.020341211899939662,0.13187285223367698,0.055668220302014286,97
tct,15,spatial,3,0.36,0.12316696894751664,0.2293980865332494,0.06314432989690723,0.3595119194286538,97
tct,15,a_ratio,3,0.36,0.29563562785410047,0.003282739397048314,0.15335051546391754,0.026061836085581373,97
tct,15,nqc,3,0.36,0.145373842028698,0.1553850713474195,0.09063573883161513,0.18843365829791547,97
tct,15,bertQPP,3,0.36,0.2987687908655669,0.0029529370425859735,0.18341924398625434,0.007776554495134835,97
tct,15,bertQPP(QV),3,0.36,0.24270499875069054,0.01660628931824928,0.13530927835051548,0.04958921997609662,97
tct,15,spatial,3,0.38,0.13213260991709758,0.19699862163663537,0.06958762886597938,0.3125934883665836,97
tct,15,a_ratio,3,0.38,0.3035760362296192,0.002504524298544258,0.15635738831615123,0.02327305567367708,97
tct,15,nqc,3,0.38,0.1466351491437221,0.15179311411936414,0.09020618556701032,0.1905365207922204,97
tct,15,bertQPP,3,0.38,0.3063872862374801,0.002271655165668432,0.18771477663230243,0.006450561996249079,97
tct,15,bertQPP(QV),3,0.38,0.25037074267434106,0.013382334779630297,0.13917525773195877,0.0434259212403691,97
tct,15,spatial,3,0.4,0.1413115057781323,0.1673854669354712,0.07560137457044674,0.27261459721837655,97
tct,15,a_ratio,3,0.4,0.310895007094491,0.0019387573685890037,0.15807560137457047,0.021798803662876853,97
tct,15,nqc,3,0.4,0.14797785473718217,0.14803811490253124,0.09020618556701032,0.1905365207922204,97
tct,15,bertQPP,3,0.4,0.31421945324838724,0.001722207049501292,0.1911512027491409,0.005540236417616152,97
tct,15,bertQPP(QV),3,0.4,0.25828470539063775,0.010639223423689417,0.14046391752577322,0.04152093691345949,97
tct,15,spatial,3,0.42,0.1506902020423103,0.1406664503941416,0.08290378006872855,0.22896569995644822,97
tct,15,a_ratio,3,0.42,0.3176102662910444,0.0015241123953147705,0.1585051546391753,0.021443192891173694,97
tct,15,nqc,3,0.42,0.14941003368515887,0.14411033134420756,0.08977663230240551,0.19265661141875967,97
tct,15,bertQPP,3,0.42,0.3222495241636376,0.0012865119270969014,0.19158075601374575,0.0054350017041903615,97
tct,15,bertQPP(QV),3,0.42,0.2664378381705056,0.00834072678757528,0.1443298969072165,0.03622527510674091,97
tct,15,spatial,3,0.44,0.16025203591291387,0.11688325321080434,0.08419243986254298,0.22181074839562664,97
tct,15,a_ratio,3,0.44,0.3237446432633903,0.0012174365224944424,0.1597938144329897,0.02040649882574069,97
tct,15,nqc,3,0.44,0.15094085502471336,0.13999950125469166,0.09149484536082475,0.1842793810224047,97
tct,15,bertQPP,3,0.44,0.3304557769769816,0.0009470338232008285,0.1898625429553265,0.005867063974983271,97
tct,15,bertQPP(QV),3,0.44,0.2748162305564471,0.006445728406812696,0.14604810996563578,0.03406318246416719,97
tct,15,spatial,3,0.46,0.1699769300285171,0.09601003357194692,0.08591065292096221,0.2125219840325313,97
tct,15,a_ratio,3,0.46,0.3293248844017096,0.0009883694411563484,0.16623711340206188,0.015852745291372216,97
tct,15,nqc,3,0.46,0.15258077167623812,0.13569487554631443,0.09192439862542956,0.1822278457949571,97
tct,15,bertQPP,3,0.46,0.3388095040115825,0.0006872551591428336,0.1937285223367698,0.004935409194231109,97
tct,15,bertQPP(QV),3,0.46,0.2834001960778152,0.004909721869556742,0.15034364261168387,0.02913493133073165,97
tct,15,spatial,3,0.48,0.17984123896217225,0.07795602033974597,0.08977663230240551,0.19265661141875967,97
tct,15,a_ratio,3,0.48,0.33438054318871124,0.0008155058244801218,0.16967353951890035,0.013810511589466142,97
tct,15,nqc,3,0.48,0.15434175052774132,0.1311852802729446,0.09235395189003438,0.18019329783502935,97
tct,15,bertQPP,3,0.48,0.34727393284043667,0.0004920703571388644,0.19587628865979384,0.004477722918252414,97
tct,15,bertQPP(QV),3,0.48,0.29216329500787136,0.0036864946390742005,0.15292096219931275,0.026482928123240188,97
tct,15,spatial,3,0.5,0.18981766599166994,0.0625720139968508,0.09192439862542956,0.1822278457949571,97
tct,15,a_ratio,3,0.5,0.33894298103468645,0.0006836935632276173,0.16967353951890035,0.013810511589466142,97
tct,15,nqc,3,0.5,0.1562375531017614,0.126459219488512,0.09106529209621994,0.18634796497677564,97
tct,15,bertQPP,3,0.5,0.35580314994391604,0.000348072874791795,0.1971649484536083,0.004221925130091803,97
tct,15,bertQPP(QV),3,0.5,0.3010713292864313,0.002729871107206328,0.15807560137457047,0.021798803662876853,97
tct,15,spatial,3,0.52,0.19987526811308604,0.04966029370353773,0.0970790378006873,0.15891607395046403,97
tct,15,a_ratio,3,0.52,0.3430444984419197,0.0005821476338647831,0.16494845360824745,0.01668446543769203,97
tct,15,nqc,3,0.52,0.15828408003264757,0.12150503493271292,0.09278350515463919,0.1781756748775648,97
tct,15,bertQPP,3,0.52,0.36434110131585473,0.00024372030853515576,0.19931271477663232,0.003824903963020039,97
tct,15,bertQPP(QV),3,0.52,0.3100813633776655,0.001995372594535259,0.1666666666666667,0.01558372473088864,97
tct,15,spatial,3,0.54,0.20997956651216698,0.03898703124834655,0.1009450171821306,0.14296835148549844,97
tct,15,a_ratio,3,0.54,0.34671760414968744,0.0005031396735137552,0.16967353951890035,0.013810511589466142,97
tct,15,nqc,3,0.54,0.16049979659467567,0.1163111443803192,0.09407216494845362,0.1722237215768213,97
tct,15,bertQPP,3,0.54,0.37282077171747197,0.00016937579989333103,0.20360824742268044,0.003130893451622874,97
tct,15,bertQPP(QV),3,0.54,0.3191408469639666,0.0014416557332418759,0.17310996563573885,0.01200419316896961,97
tct,15,spatial,3,0.56,0.22009277743402839,0.03029602896131964,0.10996563573883163,0.110550087489207,97
tct,15,a_ratio,3,0.56,0.3499944205981007,0.00044108921038684437,0.17139175257731962,0.012879359856548544,97
tct,15,nqc,3,0.56,0.16290626191347712,0.110866388384163,0.09536082474226806,0.16642177733641728,97
tct,15,bertQPP,3,0.56,0.3811636731491273,0.00011723762230859882,0.20704467353951894,0.0026605976928076114,97
tct,15,bertQPP(QV),3,0.56,0.32818693958355705,0.0010316157443518448,0.17353951890034366,0.011793812186781842,97
tct,15,spatial,3,0.58,0.2301741743824312,0.023322485474006494,0.12156357388316154,0.07772782073014356,97
tct,15,a_ratio,3,0.58,0.3529062174158667,0.00039193308800615403,0.17482817869415812,0.011182156616858724,97
tct,15,nqc,3,0.58,0.16552879178747248,0.1051605257727004,0.0970790378006873,0.15891607395046403,97
tct,15,bertQPP,3,0.58,0.38927979913472555,8.118001485657019e-05,0.21520618556701035,0.0017908788065225548,97
tct,15,bertQPP(QV),3,0.58,0.3371461608104084,0.0007330846175937583,0.1829896907216495,0.007921746820669876,97
tct,15,spatial,3,0.6,0.24018058676376125,0.017805572798126244,0.12757731958762888,0.06412770883743656,97
tct,15,a_ratio,3,0.6,0.35548306041299255,0.000352686835401285,0.17955326460481102,0.009173476196585428,97
tct,15,nqc,3,0.6,0.16839729497558847,0.09918493244608016,0.09965635738831616,0.14814179266855426,97
tct,15,bertQPP,3,0.6,0.39706821812218884,5.653507309964871e-05,0.2212199312714777,0.001326652810302692,97
tct,15,bertQPP(QV),3,0.6,0.34593450786572394,0.0005191083454039937,0.1902920962199313,0.005756239608165468,97
tct,15,spatial,3,0.62,0.2500670326035289,0.01349886127684245,0.13058419243986258,0.05810246319620013,97
tct,15,a_ratio,3,0.62,0.35775356132889974,0.0003211383299472587,0.17740549828178698,0.010042744211065484,97
tct,15,nqc,3,0.62,0.1715473363981937,0.09293357664600325,0.10309278350515466,0.1346555631057889,97
tct,15,bertQPP,3,0.62,0.4044184781455895,3.984690725833774e-05,0.22723367697594504,0.000975784420613921,97
tct,15,bertQPP(QV),3,0.62,0.354458189438707,0.0003678412289845469,0.19673539518900346,0.004305679427335466,97
tct,15,spatial,3,0.64,0.2597874741917934,0.010177999126277863,0.13487972508591067,0.050317249987351625,97
tct,15,a_ratio,3,0.64,0.35974471288791665,0.0002956327367421054,0.17654639175257736,0.010410504577977625,97
tct,15,nqc,3,0.64,0.17502149937351225,0.08640436772813662,0.10438144329896909,0.12985027258664464,97
tct,15,bertQPP,3,0.64,0.41121296626602166,2.8625757400696842e-05,0.24012027491408938,0.0004932117335580638,97
tct,15,bertQPP(QV),3,0.64,0.3626151125874364,0.0002621378490653464,0.19673539518900346,0.004305679427335466,97
tct,15,spatial,3,0.66,0.2692956761081614,0.007645462488661253,0.14132302405498284,0.040290653027956765,97
tct,15,a_ratio,3,0.66,0.36148179410760606,0.0002749206008811104,0.17396907216494847,0.011586707769612953,97
tct,15,nqc,3,0.66,0.17887114471098817,0.07960100467746475,0.10652920962199315,0.12213859984356254,97
tct,15,bertQPP,3,0.66,0.4173303017584577,2.112284451042487e-05,0.24269759450171827,0.0004286013573495472,97
tct,15,bertQPP(QV),3,0.66,0.37029722163869844,0.0001889468219956007,0.21091065292096223,0.002209296231634933,97
tct,15,spatial,3,0.68,0.2785461359142948,0.00573256186790952,0.15077319587628868,0.0286776674564184,97
tct,15,a_ratio,3,0.68,0.3629883319099123,0.0002580498150953614,0.17654639175257736,0.010410504577977625,97
tct,15,nqc,3,0.68,0.1831586997452576,0.07253548350506057,0.10652920962199315,0.12213859984356254,97
tct,15,bertQPP,3,0.68,0.42264973764776026,1.6138499200169385e-05,0.2491408934707904,0.00029998189638302743,97
tct,15,bertQPP(QV),3,0.68,0.37739371914553776,0.00013861270271222655,0.21219931271477666,0.0020752134680172376,97
tct,15,spatial,3,0.7,0.28749504989933794,0.00429916272083133,0.15420962199312716,0.025236989773183314,97
tct,15,a_ratio,3,0.7,0.3642861065949471,0.0002442882276576399,0.17697594501718217,0.010225152665271457,97
tct,15,nqc,3,0.7,0.18796065826544475,0.06523145327181887,0.1048109965635739,0.1282784361242476,97
tct,15,bertQPP,3,0.7,0.42705640568484404,1.2868469965991668e-05,0.24656357388316158,0.0003463449485504128,97
tct,15,bertQPP(QV),3,0.7,0.38379509960731184,0.00010417681036147775,0.2169243986254296,0.001644941169576058,97
tct,15,spatial,3,0.72,0.2961012706437366,0.0032317242086285034,0.16237113402061856,0.018463547347092265,97
tct,15,a_ratio,3,0.72,0.3653951904226436,0.00023306777571699796,0.17998281786941583,0.009007907605249525,97
tct,15,nqc,3,0.72,0.19337153565412704,0.05772862342669557,0.10609965635738833,0.1236515932692785,97
tct,15,bertQPP,3,0.72,0.43044708161564127,1.0787554007415642e-05,0.24742268041237117,0.00033019314561040996,97
tct,15,bertQPP(QV),3,0.72,0.38939780524341994,8.07416267969562e-05,0.22250859106529214,0.001242886914966472,97
tct,15,spatial,3,0.74,0.30432721069345725,0.0024402850409109902,0.1628006872852234,0.018155972846842318,97
tct,15,a_ratio,3,0.74,0.3663340102470498,0.00022394383998500134,0.18170103092783507,0.008372001763204117,97
tct,15,nqc,3,0.74,0.19950910277731604,0.05008838574640042,0.10953608247422682,0.11194930892644765,97
tct,15,bertQPP,3,0.74,0.4327359991856221,9.566294337536857e-06,0.24699312714776633,0.0003381788389163567,97
tct,15,bertQPP(QV),3,0.74,0.3941091873840914,6.493492711045407e-05,0.22293814432989695,0.0012160687743494618,97
tct,15,spatial,3,0.76,0.3121396478551791,0.0018549569718441419,0.17139175257731962,0.012879359856548544,97
tct,15,a_ratio,3,0.76,0.367119426756744,0.00021656543817212721,0.18556701030927839,0.00708575590459897,97
tct,15,nqc,3,0.76,0.2065213082779368,0.04240065031461177,0.11125429553264607,0.10643517898925002,97
tct,15,bertQPP,3,0.76,0.43386013915021915,9.015267153757388e-06,0.2491408934707904,0.00029998189638302743,97
tct,15,bertQPP(QV),3,0.76,0.3978523524736841,5.448538018261395e-05,0.22465635738831619,0.0011140538745299275,97
tct,15,spatial,3,0.78,0.3195103926388467,0.001422363627012146,0.17439862542955328,0.011382836808156348,97
tct,15,a_ratio,3,0.78,0.36776682433160285,0.00021065319258011046,0.18556701030927839,0.00708575590459897,97
tct,15,nqc,3,0.78,0.21459535459397133,0.03479146733643779,0.11554982817869418,0.09358972367387966,97
tct,15,bertQPP,3,0.78,0.4337833985707069,9.051913610911586e-06,0.24785223367697598,0.0003223841860548392,97
tct,15,bertQPP(QV),3,0.78,0.40057041624498546,4.7904369093344125e-05,0.22723367697594504,0.000975784420613921,97
tct,15,spatial,3,0.8,0.32641678680142894,0.0011023223552113026,0.18127147766323026,0.008527096049992753,97
tct,15,a_ratio,3,0.8,0.3682902068017259,0.0002059829152955908,0.18470790378006877,0.007355176256510775,97
tct,15,nqc,3,0.8,0.22396930118115652,0.027430070216468018,0.12328178694158079,0.07362159410235054,97
tct,15,bertQPP,3,0.8,0.43249912714480154,9.686371808292228e-06,0.24484536082474234,0.00038088964117221485,97
tct,15,bertQPP(QV),3,0.8,0.4022297056231104,4.425963068969166e-05,0.23067010309278352,0.00081607670119364,97
tct,15,spatial,3,0.82,0.332842012945916,0.0008649377350958039,0.18084192439862545,0.008684754281086702,97
tct,15,a_ratio,3,0.82,0.36870229548167505,0.0002023732832483157,0.18814432989690724,0.00632984784895861,97
tct,15,nqc,3,0.82,0.23494599363727914,0.020532167558500347,0.12886597938144334,0.06148508875649665,97
tct,15,bertQPP,3,0.82,0.4300306984237714,1.1024895491712143e-05,0.23582474226804126,0.000621432826309228,97
tct,15,bertQPP(QV),3,0.82,0.40282154344472576,4.302347686713956e-05,0.22766323024054988,0.0009543472910132449,97
tct,15,spatial,3,0.84,0.3387752075327717,0.0006881730356139248,0.1868556701030928,0.006698222213035896,97
tct,15,a_ratio,3,0.84,0.3690146267593907,0.00019967651334864729,0.1902920962199313,0.005756239608165468,97
tct,15,nqc,3,0.84,0.24790713127065736,0.014353305740003874,0.13487972508591067,0.050317249987351625,97
tct,15,bertQPP,3,0.84,0.42643003418340286,1.3291942113874619e-05,0.23453608247422683,0.0006655682797928671,97
tct,15,bertQPP(QV),3,0.84,0.4023624147136131,4.397959623397664e-05,0.22465635738831619,0.0011140538745299275,97
tct,15,spatial,3,0.86,0.34421138214988545,0.0005558952133585843,0.19072164948453613,0.005647306460207743,97
tct,15,a_ratio,3,0.86,0.36923764725955754,0.0001977712548139036,0.1902920962199313,0.005756239608165468,97
tct,15,nqc,3,0.86,0.2633193574778301,0.009162350896282511,0.13917525773195877,0.0434259212403691,97
tct,15,bertQPP,3,0.86,0.4217742687861489,1.687471797071864e-05,0.23109965635738836,0.0007979153488644113,97
tct,15,bertQPP(QV),3,0.86,0.4008925149140323,4.7175663559088266e-05,0.21606529209621997,0.0017164841150655054,97
tct,15,spatial,3,0.88,0.34915116920068767,0.00045634729737811786,0.18943298969072167,0.005979808014005902,97
tct,15,a_ratio,3,0.88,0.3693808051952791,0.0001965571322360929,0.19630584192439868,0.0043909374810577745,97
tct,15,nqc,3,0.88,0.28170761039601744,0.005183856452404685,0.15206185567010314,0.02734277211201925,97
tct,15,bertQPP,3,0.88,0.41616097017371534,2.2396689562692733e-05,0.22895189003436428,0.0008926252002239728,97
tct,15,bertQPP(QV),3,0.88,0.3984728801936142,5.2912679780165634e-05,0.2134879725085911,0.0019486331283160838,97
tct,15,spatial,3,0.9,0.35360041728646346,0.000380982850166964,0.1937285223367698,0.004935409194231109,97
tct,15,a_ratio,3,0.9,0.36945263699036324,0.00019595052660857084,0.19544673539518906,0.0045660596694361046,97
tct,15,nqc,3,0.9,0.30352634576632814,0.002508826949446475,0.16537800687285226,0.016403064445582434,97
tct,15,bertQPP,3,0.9,0.40970248000736254,3.0828912548309904e-05,0.22293814432989695,0.0012160687743494618,97
tct,15,bertQPP(QV),3,0.9,0.39518145652454517,6.176517726888696e-05,0.21219931271477666,0.0020752134680172376,97
tct,15,spatial,3,0.92,0.3575696678199242,0.0003235933385006578,0.18814432989690724,0.00632984784895861,97
tct,15,a_ratio,3,0.92,0.36946084861746686,0.00019588129136281993,0.19587628865979384,0.004477722918252414,97
tct,15,nqc,3,0.92,0.32874932012937536,0.0010100322624206045,0.16881443298969073,0.014298004272030715,97
tct,15,bertQPP,3,0.92,0.4025199767195523,4.364926606076394e-05,0.21993127147766325,0.0014156009702633058,97
tct,15,bertQPP(QV),3,0.92,0.3911085532878329,7.462862872790594e-05,0.21134020618556704,0.0021637443470699886,97
tct,15,spatial,3,0.94,0.3610735475682216,0.00027966433916470186,0.19201030927835053,0.00533157487845821,97
tct,15,a_ratio,3,0.94,0.36941239137337195,0.00019629017950656907,0.19630584192439868,0.0043909374810577745,97
tct,15,nqc,3,0.94,0.35578736972161806,0.00034829903198043885,0.17955326460481102,0.009173476196585428,97
tct,15,bertQPP,3,0.94,0.3947378086968828,6.305875391448403e-05,0.21821305841924402,0.0015427588468996702,97
tct,15,bertQPP(QV),3,0.94,0.38635213799032603,9.279133468717533e-05,0.20833333333333337,0.0025015666651811157,97
tct,15,spatial,3,0.96,0.36413011202838796,0.0002459058048102738,0.1898625429553265,0.005867063974983271,97
tct,15,a_ratio,3,0.96,0.36931353201820816,0.0001971268152232157,0.19544673539518906,0.0045660596694361046,97
tct,15,nqc,3,0.96,0.37927539646835917,0.00012752908197571154,0.1890034364261169,0.006094500520977148,97
tct,15,bertQPP,3,0.96,0.38647851845474446,9.225978411115857e-05,0.20704467353951894,0.0026605976928076114,97
tct,15,bertQPP(QV),3,0.96,0.38101337327575907,0.00011802765616021399,0.2014604810996564,0.0034621026042757834,97
tct,15,spatial,3,0.98,0.3667601722351428,0.00021991204063712645,0.19286941580756015,0.005130036782382208,97
tct,15,a_ratio,3,0.98,0.36916991735469856,0.0001983480850681318,0.1941580756013746,0.0048406217198878375,97
tct,15,nqc,3,0.98,0.38793148923438125,8.634857756436497e-05,0.18556701030927839,0.00708575590459897,97
tct,15,bertQPP,3,0.98,0.37785881979389396,0.00013579298221137864,0.2018900343642612,0.0033934144348203364,97
tct,15,bertQPP(QV),3,0.98,0.3751926976001981,0.00015270780756839345,0.19587628865979384,0.004477722918252414,97
tct,15,spatial,3,1.0,0.36898663342844623,0.00019991685457677744,0.19329896907216498,0.0050318722795436996,97
tct,15,a_ratio,3,1.0,0.36898663342844623,0.00019991685457677744,0.19329896907216498,0.0050318722795436996,97
tct,15,nqc,3,1.0,0.36898663342844623,0.00019991685457677744,0.19329896907216498,0.0050318722795436996,97
tct,15,bertQPP,3,1.0,0.36898663342844623,0.00019991685457677744,0.19329896907216498,0.0050318722795436996,97
tct,15,bertQPP(QV),3,1.0,0.36898663342844623,0.00019991685457677744,0.19329896907216498,0.0050318722795436996,97
tct,15,spatial,4,0.0,0.001031152290801668,0.992002124147356,0.0047250859106529215,0.9453348196600103,97
tct,15,a_ratio,4,0.0,0.07429253125432347,0.46955000831987603,0.0584192439862543,0.3965888091618368,97
tct,15,nqc,4,0.0,0.13114536992369358,0.20039538169504273,0.08118556701030928,0.23875904036666062,97
tct,15,bertQPP,4,0.0,0.19877034806861155,0.050961349322358296,0.13917525773195877,0.0434259212403691,97
tct,15,bertQPP(QV),4,0.0,0.14399174086233593,0.1593935249494607,0.09664948453608249,0.16076803875264556,97
tct,15,spatial,4,0.02,0.005847382390833988,0.9546695132825305,0.005584192439862544,0.9354157588836661,97
tct,15,a_ratio,4,0.02,0.08714984209180843,0.39598371915282277,0.06615120274914091,0.33709113316806516,97
tct,15,nqc,4,0.02,0.13164882803418715,0.19865793197071904,0.08204467353951891,0.23382603249144784,97
tct,15,bertQPP,4,0.02,0.20263945127326277,0.046525130224702116,0.14132302405498284,0.040290653027956765,97
tct,15,bertQPP(QV),4,0.02,0.1477491002500262,0.1486728633189265,0.09879725085910654,0.15166941209887877,97
tct,15,spatial,4,0.04,0.010831459335753885,0.916139629938299,0.006443298969072166,0.9255067132095164,97
tct,15,a_ratio,4,0.04,0.10024961506144621,0.32856489704910774,0.07860824742268042,0.2539971105350425,97
tct,15,nqc,4,0.04,0.13217296671173906,0.19686065558876942,0.08290378006872855,0.22896569995644822,97
tct,15,bertQPP,4,0.04,0.20665516839864548,0.04226403657587085,0.14218213058419246,0.039091423487606906,97
tct,15,bertQPP(QV),4,0.04,0.15165115525130557,0.13812250764701056,0.1009450171821306,0.14296835148549844,97
tct,15,spatial,4,0.06,0.015989542023898046,0.8764688183132794,0.009450171821305843,0.8909259356400668,97
tct,15,a_ratio,4,0.06,0.11354203751809322,0.268143466200745,0.08634020618556702,0.2102443337075397,97
tct,15,nqc,4,0.06,0.13271908322202075,0.19500051246688171,0.08247422680412372,0.23138680179907667,97
tct,15,bertQPP,4,0.06,0.21082440285539938,0.03818895473652808,0.14518900343642613,0.03513003275683934,97
tct,15,bertQPP(QV),4,0.06,0.15570496537387152,0.12777353435715302,0.10137457044673541,0.14127503537333896,97
tct,15,spatial,4,0.08,0.021327829512463203,0.8357324250792273,0.01202749140893471,0.8614470077832815,97
tct,15,a_ratio,4,0.08,0.12697056865076684,0.21522453137651681,0.093213058419244,0.17617491386576734,97
tct,15,nqc,4,0.08,0.13328858531072635,0.19307426289855584,0.08376288659793817,0.22417771625382632,97
tct,15,bertQPP,4,0.08,0.2151543154788498,0.03431016555115135,0.14561855670103094,0.03459309466060896,97
tct,15,bertQPP(QV),4,0.08,0.15991789570277615,0.11765826383892065,0.10524054982817871,0.12672143082539938,97
tct,15,spatial,4,0.1,0.026852518147940735,0.7940267634723865,0.014604810996563576,0.8321598541826989,97
tct,15,a_ratio,4,0.1,0.14047262563289317,0.16994671366347572,0.09664948453608249,0.16076803875264556,97
tct,15,nqc,4,0.1,0.13388300318092222,0.1910784521322625,0.08419243986254298,0.22181074839562664,97
tct,15,bertQPP,4,0.1,0.21965230477343345,0.030637143427916548,0.1473367697594502,0.03251488713772691,97
tct,15,bertQPP(QV),4,0.1,0.16429760731986393,0.10780998539363904,0.10695876288659796,0.12064011527036375,97
tct,15,spatial,4,0.12,0.03256974983662922,0.7514709006071678,0.018470790378006877,0.7886746705788532,97
tct,15,a_ratio,4,0.12,0.15398060076067688,0.13210068085730428,0.0970790378006873,0.15891607395046403,97
tct,15,nqc,4,0.12,0.1345040030573998,0.18900939369714614,0.0850515463917526,0.21713063766326968,97
tct,15,bertQPP,4,0.12,0.22432597762989936,0.027178341092541497,0.14948453608247425,0.030068308790855192,97
tct,15,bertQPP(QV),4,0.12,0.1688520402771773,0.09826260662913477,0.10781786941580758,0.11768634646990996,97
tct,15,spatial,4,0.14,0.03848555025744932,0.7082081418715543,0.025343642611683852,0.7130485680719618,97
tct,15,a_ratio,4,0.14,0.16742319595637029,0.10118349709246718,0.09879725085910654,0.15166941209887877,97
tct,15,nqc,4,0.14,0.1351534025879166,0.18686315139566445,0.08634020618556702,0.2102443337075397,97
tct,15,bertQPP,4,0.14,0.22918310808761114,0.023940964231528552,0.14905498281786944,0.030544557732034724,97
tct,15,bertQPP(QV),4,0.14,0.17358938712218216,0.08905022065106084,0.11039518900343644,0.10916471457232763,97
tct,15,spatial,4,0.16,0.0446057557483156,0.6644070627183661,0.02920962199312715,0.6716645680851198,97
tct,15,a_ratio,4,0.16,0.18072703273692778,0.07647788142333646,0.10137457044673541,0.14127503537333896,97
tct,15,nqc,4,0.16,0.13583318837700226,0.1846355198890925,0.08676975945017183,0.2079844017382293,97
tct,15,bertQPP,4,0.16,0.23423158118896623,0.020930741887475717,0.14991408934707906,0.029598455953974822,97
tct,15,bertQPP(QV),4,0.16,0.17851805453100764,0.08020658643854404,0.11211340206185569,0.10376002930884054,97
tct,15,spatial,4,0.18,0.05093592755071487,0.6202619173443761,0.032216494845360835,0.6401438286436847,97
tct,15,a_ratio,4,0.18,0.19381846746591164,0.05714184305666459,0.10524054982817871,0.12672143082539938,97
tct,15,nqc,4,0.18,0.13654553600342795,0.18232200381244917,0.08634020618556702,0.2102443337075397,97
tct,15,bertQPP,4,0.18,0.23947931835204858,0.01815170027841126,0.15249140893470792,0.026909885175764755,97
tct,15,bertQPP(QV),4,0.18,0.18364661008239908,0.07176452091172975,0.11254295532646051,0.10244263799035044,97
tct,15,spatial,4,0.2,0.0574812520871312,0.575992238920179,0.03522336769759451,0.6092594479622931,97
tct,15,a_ratio,4,0.2,0.2066255173371776,0.04229426594716919,0.11254295532646051,0.10244263799035044,97
tct,15,nqc,4,0.2,0.13729283293976163,0.17991779537302155,0.08591065292096221,0.2125219840325313,97
tct,15,bertQPP,4,0.2,0.24493417996138575,0.015605949589973463,0.1550687285223368,0.024434836082135623,97
tct,15,bertQPP(QV),4,0.2,0.1889837105905968,0.06375520559444676,0.11469072164948456,0.0960541193445157,97
tct,15,spatial,4,0.22,0.06424642598749485,0.5318414413226916,0.038659793814433,0.5747994088567128,97
tct,15,a_ratio,4,0.22,0.21907978597843425,0.03108536444372919,0.11941580756013748,0.08312087785946547,97
tct,15,nqc,4,0.22,0.13807770487454765,0.177417750414195,0.08591065292096221,0.2125219840325313,97
tct,15,bertQPP,4,0.22,0.250603840038491,0.013293495087379712,0.15936426116838492,0.0207470988785446,97
tct,15,bertQPP(QV),4,0.22,0.19453800770288832,0.05620741659536859,0.11769759450171824,0.08765026442852013,97
tct,15,spatial,4,0.24,0.07123552469213047,0.4880742425339795,0.04553264604810997,0.5087854171288679,97
tct,15,a_ratio,4,0.24,0.23111827187322295,0.0227460636253882,0.12242268041237117,0.07565197367789964,97
tct,15,nqc,4,0.24,0.1389030460382515,0.1748163629672609,0.0850515463917526,0.21713063766326968,97
tct,15,bertQPP,4,0.24,0.2564956269032998,0.011212085408686595,0.1628006872852234,0.018155972846842318,97
tct,15,bertQPP(QV),4,0.24,0.20031802565450227,0.04914669392774882,0.1207044673539519,0.07984982362376257,97
tct,15,spatial,4,0.26,0.0784518536614101,0.4449727600904524,0.04596219931271478,0.5047955105031363,97
tct,15,a_ratio,4,0.26,0.24268494948044123,0.016615532102005854,0.13101374570446736,0.05728140399891128,97
tct,15,nqc,4,0.26,0.1397720542578938,0.17210773837361112,0.08419243986254298,0.22181074839562664,97
tct,15,bertQPP,4,0.26,0.2626163226848008,0.009357111867840884,0.16365979381443302,0.01755425786967657,97
tct,15,bertQPP(QV),4,0.26,0.206332005164862,0.0425944748516138,0.12242268041237117,0.07565197367789964,97
tct,15,spatial,4,0.28,0.08589778154111388,0.40283118386657496,0.04810996563573884,0.4850959502795227,97
tct,15,a_ratio,4,0.28,0.25373203148782925,0.012149976746277158,0.13745704467353953,0.04608031263937092,97
tct,15,nqc,4,0.28,0.1406882716183174,0.16928556514491586,0.0854810996563574,0.2148174024411691,97
tct,15,bertQPP,4,0.28,0.26897191341134297,0.0077215727025055705,0.16752577319587633,0.015057708996420909,97
tct,15,bertQPP(QV),4,0.28,0.21258770647258082,0.036567225605446306,0.1245704467353952,0.07065977324075139,97
tct,15,spatial,4,0.3,0.09357455509435392,0.3619490142986445,0.050257731958762895,0.4658203551040343,97
tct,15,a_ratio,4,0.3,0.2642208486017584,0.008917827751786563,0.138745704467354,0.04407710548149226,97
tct,15,nqc,4,0.3,0.14165563179810403,0.1663430858491247,0.08676975945017183,0.2079844017382293,97
tct,15,bertQPP,4,0.3,0.2755672802617428,0.0062961151114978575,0.1709621993127148,0.013106785247853048,97
tct,15,bertQPP(QV),4,0.3,0.21909216347894767,0.031075615930340854,0.12671821305841927,0.06594102788919391,97
tct,15,spatial,4,0.32,0.1014820963440282,0.32262296539817725,0.054553264604811004,0.4285767645779882,97
tct,15,a_ratio,4,0.32,0.27412231668900033,0.006586748507325644,0.14647766323024058,0.03354022455213661,97
tct,15,nqc,4,0.32,0.14267851538544202,0.16327306747821266,0.0893470790378007,0.19479398827541883,97
tct,15,bertQPP,4,0.32,0.2824058214797317,0.0050691653266994605,0.17740549828178698,0.010042744211065484,97
tct,15,bertQPP(QV),4,0.32,0.22585137996683768,0.026123790125949335,0.13187285223367698,0.055668220302014286,97
tct,15,spatial,4,0.34,0.10961878320084623,0.28513776788488343,0.06013745704467355,0.3828471200330016,97
tct,15,a_ratio,4,0.34,0.2834169953099618,0.004907066973880662,0.15077319587628868,0.0286776674564184,97
tct,15,nqc,4,0.34,0.14376181477701644,0.1600677719870891,0.08977663230240551,0.19265661141875967,97
tct,15,bertQPP,4,0.34,0.28948899359430164,0.004027152632510799,0.17955326460481102,0.009173476196585428,97
tct,15,bertQPP(QV),4,0.34,0.23286995799117743,0.021708795549628703,0.1314432989690722,0.05647001729864357,97
tct,15,spatial,4,0.36,0.11798121590353845,0.2497562592872062,0.0627147766323024,0.3627897011875757,97
tct,15,a_ratio,4,0.36,0.29209477232764913,0.003694890837829037,0.15378006872852237,0.025646544632394585,97
tct,15,nqc,4,0.36,0.1449110106387086,0.15671892801618065,0.08762886597938145,0.2035174890452155,97
tct,15,bertQPP,4,0.36,0.29681576017162303,0.0031548271392080646,0.17955326460481102,0.009173476196585428,97
tct,15,bertQPP(QV),4,0.36,0.24015064796272115,0.017820232651637274,0.13230240549828182,0.05487593045339063,97
tct,15,spatial,4,0.38,0.12656397288294946,0.21670929944890735,0.06658075601374572,0.3339631552636785,97
tct,15,a_ratio,4,0.38,0.3001542329836821,0.0028168355910850465,0.15635738831615123,0.02327305567367708,97
tct,15,nqc,4,0.38,0.1461322623836469,0.15321770525573433,0.0893470790378007,0.19479398827541883,97
tct,15,bertQPP,4,0.38,0.30438193667669705,0.002435663465969925,0.1859965635738832,0.006954397086601862,97
tct,15,bertQPP(QV),4,0.38,0.24769380990976664,0.014440187811975199,0.13745704467353953,0.04608031263937092,97
tct,15,spatial,4,0.4,0.13535936117872674,0.186186180133062,0.07001718213058421,0.30961588134500106,97
tct,15,a_ratio,4,0.4,0.30760178673728844,0.0021772349610860867,0.15721649484536085,0.02252544814571104,97
tct,15,nqc,4,0.4,0.1474325157316786,0.1495546935235152,0.08977663230240551,0.19265661141875967,97
tct,15,bertQPP,4,0.4,0.312179421600144,0.0018523338808687537,0.1902920962199313,0.005756239608165468,97
tct,15,bertQPP(QV),4,0.4,0.2554967762407807,0.011543499523162214,0.14132302405498284,0.040290653027956765,97
tct,15,spatial,4,0.42,0.1443571682620509,0.15832628090104042,0.07474226804123713,0.2781012070168114,97
tct,15,a_ratio,4,0.42,0.3144506309740146,0.0017079953890165474,0.16151202749140894,0.01909240321886764,97
tct,15,nqc,4,0.42,0.14881963119585734,0.14571988947150916,0.08977663230240551,0.19265661141875967,97
tct,15,bertQPP,4,0.42,0.32019530741652025,0.0013872258527272813,0.1937285223367698,0.004935409194231109,97
tct,15,bertQPP(QV),4,0.42,0.26355310850022695,0.009098388583632903,0.14132302405498284,0.040290653027956765,97
tct,15,spatial,4,0.44,0.15354442399640367,0.1332127345141891,0.08161512027491409,0.23628343229817084,97
tct,15,a_ratio,4,0.44,0.3207196284380955,0.0013608612959438303,0.1585051546391753,0.021443192891173694,97
tct,15,nqc,4,0.44,0.15030253835161642,0.14170269499788,0.08977663230240551,0.19265661141875967,97
tct,15,bertQPP,4,0.44,0.32841087096068844,0.0010229717018339394,0.19544673539518906,0.0045660596694361046,97
tct,15,bertQPP(QV),4,0.44,0.2718517446956556,0.0070674538930821686,0.1473367697594502,0.03251488713772691,97
tct,15,spatial,4,0.46,0.16290518340857835,0.11086878340379125,0.08204467353951891,0.23382603249144784,97
tct,15,a_ratio,4,0.46,0.3264321668242976,0.0011016894825564391,0.15764604810996566,0.022159535570441733,97
tct,15,nqc,4,0.46,0.15189142205845396,0.13749193303628998,0.09020618556701032,0.1905365207922204,97
tct,15,bertQPP,4,0.46,0.33680045236482514,0.0007429535637628831,0.19759450171821308,0.0041396512632380965,97
tct,15,bertQPP(QV),4,0.46,0.2803760404863703,0.005408998971721604,0.15378006872852237,0.025646544632394585,97
tct,15,spatial,4,0.48,0.1724203428079295,0.09125732557644244,0.08591065292096221,0.2125219840325313,97
tct,15,a_ratio,4,0.48,0.3316150566413073,0.0009063018538718708,0.1597938144329897,0.02040649882574069,97
tct,15,nqc,4,0.48,0.15359794852541647,0.1330758885897701,0.09063573883161513,0.18843365829791547,97
tct,15,bertQPP,4,0.48,0.3453302458018628,0.0005317465389169384,0.1971649484536083,0.004221925130091803,97
tct,15,bertQPP(QV),4,0.48,0.28910271765793305,0.004078614479933154,0.15378006872852237,0.025646544632394585,97
tct,15,spatial,4,0.5,0.182067503399561,0.07428387225863582,0.08848797250859108,0.19912082868170233,97
tct,15,a_ratio,4,0.5,0.3362975094135941,0.0007575280064357487,0.16108247422680416,0.01941379508307944,97
tct,15,nqc,4,0.5,0.15543554138265886,0.12844238589574683,0.09106529209621994,0.18634796497677564,97
tct,15,bertQPP,4,0.5,0.3539570448740786,0.0003754675096185749,0.19544673539518906,0.0045660596694361046,97
tct,15,bertQPP(QV),4,0.5,0.29800074764566875,0.003030904939714064,0.15721649484536085,0.02252544814571104,97
tct,15,spatial,4,0.52,0.19182089765941046,0.05980279939426343,0.093213058419244,0.17617491386576734,97
tct,15,a_ratio,4,0.52,0.3405102243318884,0.0006431188607663112,0.16408934707903783,0.01726000960595295,97
tct,15,nqc,4,0.52,0.1574197209389967,0.12357891676182314,0.09063573883161513,0.18843365829791547,97
tct,15,bertQPP,4,0.52,0.3626270111626564,0.0002620066020489033,0.1984536082474227,0.003979453005162126,97
tct,15,bertQPP(QV),4,0.52,0.30703021700307,0.0022212210072774814,0.16108247422680416,0.01941379508307944,97
tct,15,spatial,4,0.54,0.20165139411516098,0.04762641792204241,0.0970790378006873,0.15891607395046403,97
tct,15,a_ratio,4,0.54,0.3442845988845332,0.0005542847376175651,0.1666666666666667,0.01558372473088864,97
tct,15,nqc,4,0.54,0.15956852384477682,0.11847284081901804,0.09063573883161513,0.18843365829791547,97
tct,15,bertQPP,4,0.54,0.3712745660187666,0.00018113149099835302,0.2018900343642612,0.0033934144348203364,97
tct,15,bertQPP(QV),4,0.54,0.3161412457361953,0.001607249163615783,0.1658075601374571,0.016125841537736958,97
tct,15,spatial,4,0.56,0.21152659553527395,0.03753607168451893,0.10180412371134022,0.13959717520298046,97
tct,15,a_ratio,4,0.56,0.347652068559682,0.00048467460393128854,0.16623711340206188,0.015852745291372216,97
tct,15,nqc,4,0.56,0.161903025826715,0.11311168626661722,0.093213058419244,0.17617491386576734,97
tct,15,bertQPP,4,0.56,0.37982154152354747,0.00012446951667032126,0.20446735395189009,0.0030066996042901117,97
tct,15,bertQPP(QV),4,0.56,0.3252730575284557,0.0011503232681666239,0.1701030927835052,0.013572314777054699,97
tct,15,spatial,4,0.58,0.22141104362002637,0.029294253799397527,0.10695876288659796,0.12064011527036375,97
tct,15,a_ratio,4,0.58,0.3506435726977129,0.00042966399681837263,0.16752577319587633,0.015057708996420909,97
tct,15,nqc,4,0.58,0.16444799756132347,0.10748359037700243,0.09579037800687287,0.16452082122278677,97
tct,15,bertQPP,4,0.58,0.3881767629190235,8.53861580155751e-05,0.21134020618556704,0.0021637443470699886,97
tct,15,bertQPP(QV),4,0.58,0.3343533308082422,0.0008163572524580682,0.17268041237113405,0.01221789425088413,97
tct,15,spatial,4,0.6,0.23126653993046564,0.022656654093730064,0.1168384879725086,0.08998850130140247,97
tct,15,a_ratio,4,0.6,0.35328913794590167,0.0003858576657665186,0.17225085910652924,0.012434959394241826,97
tct,15,nqc,4,0.6,0.16723273387716941,0.10157793354112242,0.0970790378006873,0.15891607395046403,97
tct,15,bertQPP,4,0.6,0.39623626511802695,5.8788187609728195e-05,0.21606529209621997,0.0017164841150655054,97
tct,15,bertQPP(QV),4,0.6,0.3432979871371026,0.0005763499603809285,0.18384879725085912,0.0076337511300162714,97
tct,15,spatial,4,0.62,0.24105258791720224,0.017383126617077665,0.12242268041237117,0.07565197367789964,97
tct,15,a_ratio,4,0.62,0.3556175672542737,0.00035074115986022516,0.17396907216494847,0.011586707769612953,97
tct,15,nqc,4,0.62,0.1702921104153883,0.09538624010469675,0.1009450171821306,0.14296835148549844,97
tct,15,bertQPP,4,0.62,0.40388436038769976,4.088413418753733e-05,0.22723367697594504,0.000975784420613921,97
tct,15,bertQPP(QV),4,0.62,0.35201159197131093,0.00040647157723866577,0.1941580756013746,0.0048406217198878375,97
tct,15,spatial,4,0.64,0.2507269546190237,0.013246780178135388,0.13359106529209622,0.05255528194642074,97
tct,15,a_ratio,4,0.64,0.35765622057120494,0.0003224356998984649,0.17912371134020622,0.009341755733078497,97
tct,15,nqc,4,0.64,0.1736679411731542,0.08890344486984694,0.10223367697594504,0.13793469449367568,97
tct,15,bertQPP,4,0.64,0.4109957606379026,2.893323548247297e-05,0.23453608247422683,0.0006655682797928671,97
tct,15,bertQPP(QV),4,0.64,0.3603885437700628,0.000287793825795223,0.19974226804123715,0.0037496927052216027,97
tct,15,spatial,4,0.66,0.26024634319063567,0.010040700964355588,0.13788659793814437,0.04540422310195199,97
tct,15,a_ratio,4,0.66,0.35943087293837894,0.00029952478768902974,0.18341924398625434,0.007776554495134835,97
tct,15,nqc,4,0.66,0.1774107371542107,0.08212965678007875,0.10352233676975947,0.1330387570764664,97
tct,15,bertQPP,4,0.66,0.41743890306233883,2.100804657538352e-05,0.23840206185567014,0.0005412133012575864,97
tct,15,bertQPP(QV),4,0.66,0.3683152008901869,0.00020576229916152502,0.2100515463917526,0.0023030471051788694,97
tct,15,spatial,4,0.68,0.2695671594013338,0.007582152996703759,0.14132302405498284,0.040290653027956765,97
tct,15,a_ratio,4,0.68,0.3609656361602415,0.00028093079747168947,0.18470790378006877,0.007355176256510775,97
tct,15,nqc,4,0.68,0.1815820035704891,0.07507259051579657,0.10352233676975947,0.1330387570764664,97
tct,15,bertQPP,4,0.68,0.4230805226399677,1.578739534453046e-05,0.24871134020618557,0.00030728207639036943,97
tct,15,bertQPP(QV),4,0.68,0.3756730331133158,0.00014952308646601456,0.21134020618556704,0.0021637443470699886,97
tct,15,spatial,4,0.7,0.2786463473236695,0.005714407709639485,0.14647766323024058,0.03354022455213661,97
tct,15,a_ratio,4,0.7,0.3622829313011998,0.0002658265433581114,0.18041237113402064,0.008845012615594157,97
tct,15,nqc,4,0.7,0.18625726441618992,0.06775087850303436,0.10567010309278352,0.12517917667351905,97
tct,15,bertQPP,4,0.7,0.4277913584284506,1.238774388077596e-05,0.2530068728522337,0.00024121095691616908,97
tct,15,bertQPP(QV),4,0.7,0.3823427820807779,0.0001112079074058681,0.2130584192439863,0.0019900166497547295,97
tct,15,spatial,4,0.72,0.28744226243059523,0.004306581450709465,0.15077319587628868,0.0286776674564184,97
tct,15,a_ratio,4,0.72,0.36340350067945143,0.00025357145128283306,0.186426116838488,0.006825229731210832,97
tct,15,nqc,4,0.72,0.1915300729321897,0.0601985078491348,0.1048109965635739,0.1282784361242476,97
tct,15,bertQPP,4,0.72,0.4314526862111807,1.0233997129575669e-05,0.2491408934707904,0.00029998189638302743,97
tct,15,bertQPP(QV),4,0.72,0.3882094771909904,8.525854832690583e-05,0.21649484536082478,0.0016803624081385136,97
tct,15,spatial,4,0.74,0.2959155450918597,0.0032519862036151466,0.16022336769759454,0.02007078628569656,97
tct,15,a_ratio,4,0.74,0.3643464495811878,0.00024366514317789175,0.18127147766323026,0.008527096049992753,97
tct,15,nqc,4,0.74,0.19751735728127878,0.05247061852118463,0.10738831615120277,0.11915605807960761,97
tct,15,bertQPP,4,0.74,0.43396316881759806,8.966285995779702e-06,0.24871134020618557,0.00030728207639036943,97
tct,15,bertQPP(QV),4,0.74,0.3931679973360893,6.784138362764041e-05,0.2285223367697595,0.0009127757207962206,97
tct,15,spatial,4,0.76,0.30402995475296657,0.002465526340466058,0.16494845360824745,0.01668446543769203,97
tct,15,a_ratio,4,0.76,0.36512930947411365,0.0002357134238182796,0.18384879725085912,0.0076337511300162714,97
tct,15,nqc,4,0.76,0.20436655824615962,0.04465078318216476,0.11039518900343644,0.10916471457232763,97
tct,15,bertQPP,4,0.76,0.4352453530370561,8.377287190717433e-06,0.24957044673539522,0.00029284438819506046,97
tct,15,bertQPP(QV),4,0.76,0.3971287229093063,5.637439300060497e-05,0.22766323024054988,0.0009543472910132449,97
tct,15,spatial,4,0.78,0.3117531254063477,0.0018806236861967872,0.17053264604811,0.013337754848227265,97
tct,15,a_ratio,4,0.78,0.36576811596485165,0.00022940316292543612,0.18470790378006877,0.007355176256510775,97
tct,15,nqc,4,0.78,0.21226511129543607,0.03685952723863666,0.11469072164948456,0.0960541193445157,97
tct,15,bertQPP,4,0.78,0.4352510688129815,8.374744933572963e-06,0.24828178694158082,0.0003147483455907583,97
tct,15,bertQPP(QV),4,0.78,0.40002272286259133,4.9167610294869734e-05,0.23109965635738836,0.0007979153488644113,97
tct,15,spatial,4,0.8,0.319057206499085,0.001446054982464647,0.17439862542955328,0.011382836808156348,97
tct,15,a_ratio,4,0.8,0.36627749606883625,0.00022448360254247052,0.18470790378006877,0.007355176256510775,97
tct,15,nqc,4,0.8,0.2214528081724845,0.029262980099058023,0.12242268041237117,0.07565197367789964,97
tct,15,bertQPP,4,0.8,0.43396504085082227,8.965398334406622e-06,0.24226804123711343,0.00043878992015195634,97
tct,15,bertQPP(QV),4,0.8,0.4018059020999116,4.5165097253355406e-05,0.2298109965635739,0.0008535554716530555,97
tct,15,spatial,4,0.82,0.32591935994530524,0.0011229702089356355,0.17482817869415812,0.011182156616858724,97
tct,15,a_ratio,4,0.82,0.36667076051939335,0.00022075233936690174,0.186426116838488,0.006825229731210832,97
tct,15,nqc,4,0.82,0.23223713704447013,0.022078749965178335,0.12929553264604812,0.060624507125192455,97
tct,15,bertQPP,4,0.82,0.4314062145567552,1.0258978864168523e-05,0.24012027491408938,0.0004932117335580638,97
tct,15,bertQPP(QV),4,0.82,0.4024616147542003,4.377135148929811e-05,0.22766323024054988,0.0009543472910132449,97
tct,15,spatial,4,0.84,0.3323220928228989,0.0008822507021833989,0.17740549828178698,0.010042744211065484,97
tct,15,a_ratio,4,0.84,0.3669599978295887,0.00021804473353916062,0.186426116838488,0.006825229731210832,97
tct,15,nqc,4,0.84,0.2450099621032737,0.015572880060133111,0.13702749140893475,0.046764860648197036,97
tct,15,bertQPP,4,0.84,0.4276265986321601,1.249402211008756e-05,0.23625429553264607,0.0006073368350083252,97
tct,15,bertQPP(QV),4,0.84,0.40200142445151,4.47452321889394e-05,0.22293814432989695,0.0012160687743494618,97
tct,15,spatial,4,0.86,0.3382534157312118,0.0007022767420159146,0.18041237113402064,0.008845012615594157,97
tct,15,a_ratio,4,0.86,0.3671561676430659,0.00021622584727197465,0.1859965635738832,0.006954397086601862,97
tct,15,nqc,4,0.86,0.26025836848811384,0.01003712480889249,0.1396048109965636,0.042782883164389815,97
tct,15,bertQPP,4,0.86,0.42270777305711293,1.6090775279515353e-05,0.2255154639175258,0.0010660691222714972,97
tct,15,bertQPP(QV),4,0.86,0.40046393257067653,4.814757464651055e-05,0.2203608247422681,0.0013853583021557498,97
tct,15,spatial,4,0.88,0.3437068275998155,0.0005671105293511157,0.186426116838488,0.006825229731210832,97
tct,15,a_ratio,4,0.88,0.3672691915826365,0.00021518426495261567,0.18814432989690724,0.00632984784895861,97
tct,15,nqc,4,0.88,0.27854623046589627,0.005732544714979298,0.14948453608247425,0.030068308790855192,97
tct,15,bertQPP,4,0.88,0.4167555256710379,2.1740264636506633e-05,0.22293814432989695,0.0012160687743494618,97
tct,15,bertQPP(QV),4,0.88,0.39791184976009275,5.4332719194069005e-05,0.21649484536082478,0.0016803624081385136,97
tct,15,spatial,4,0.9,0.3486811378942477,0.0004650611044590361,0.1898625429553265,0.005867063974983271,97
tct,15,a_ratio,4,0.9,0.36730804034542547,0.00021482732258864073,0.18728522336769762,0.006573343269072617,97
tct,15,nqc,4,0.9,0.3003975433427356,0.0027935241189304028,0.16022336769759454,0.02007078628569656,97
tct,15,bertQPP,4,0.9,0.4098932952890284,3.054209710242994e-05,0.2212199312714777,0.001326652810302692,97
tct,15,bertQPP(QV),4,0.9,0.3944277006111533,6.397789515667041e-05,0.21606529209621997,0.0017164841150655054,97
tct,15,spatial,4,0.92,0.35318014573699746,0.00038757806045361105,0.1859965635738832,0.006954397086601862,97
tct,15,a_ratio,4,0.92,0.36728081621962616,0.0002150774003982235,0.18857388316151205,0.006211170636578692,97
tct,15,nqc,4,0.92,0.3258945713308028,0.0011240083126154387,0.1658075601374571,0.016125841537736958,97
tct,15,bertQPP,4,0.92,0.40225517764384994,4.4205752501415666e-05,0.2216494845360825,0.001298168853613724,97
tct,15,bertQPP(QV),4,0.92,0.39010868510176955,7.81469801985163e-05,0.21176975945017185,0.0021190549684448486,97
tct,15,spatial,4,0.94,0.3572122017918824,0.0003284150937121576,0.19329896907216498,0.0050318722795436996,97
tct,15,a_ratio,4,0.94,0.36719483052849894,0.00021586902292375522,0.18857388316151205,0.006211170636578692,97
tct,15,nqc,4,0.94,0.35355751376958244,0.00038165136186308924,0.17310996563573885,0.01200419316896961,97
tct,15,bertQPP,4,0.94,0.39397919487297645,6.532933114411706e-05,0.21262886597938147,0.002032205430312129,97
tct,15,bertQPP(QV),4,0.94,0.3850612557879568,9.838613653151684e-05,0.20833333333333337,0.0025015666651811157,97
tct,15,spatial,4,0.96,0.3607896825159552,0.0002830071514756588,0.19458762886597944,0.004747484369155047,97
tct,15,a_ratio,4,0.96,0.36705667575892126,0.00021714657663034697,0.1911512027491409,0.005540236417616152,97
tct,15,nqc,4,0.96,0.37791784451732346,0.00013543896593089865,0.186426116838488,0.006825229731210832,97
tct,15,bertQPP,4,0.96,0.3852013744206821,9.77640296680203e-05,0.20446735395189009,0.0030066996042901117,97
tct,15,bertQPP(QV),4,0.96,0.3793959150429076,0.00012684798692212562,0.20360824742268044,0.003130893451622874,97
tct,15,spatial,4,0.98,0.3639284075634657,0.00024801202482760783,0.1937285223367698,0.004935409194231109,97
tct,15,a_ratio,4,0.98,0.3668722923193696,0.00021886250275228255,0.19243986254295536,0.005229928831102741,97
tct,15,nqc,4,0.98,0.3869271919085457,9.039545426844541e-05,0.19243986254295536,0.005229928831102741,97
tct,15,bertQPP,4,0.98,0.376050979557563,0.00014706059993804596,0.1984536082474227,0.003979453005162126,97
tct,15,bertQPP(QV),4,0.98,0.3732226191011033,0.0001664383841134938,0.19759450171821308,0.0041396512632380965,97
tct,15,spatial,4,1.0,0.3666470300085426,0.00022097585822219382,0.19243986254295536,0.005229928831102741,97
tct,15,a_ratio,4,1.0,0.3666470300085426,0.00022097585822219382,0.19243986254295536,0.005229928831102741,97
tct,15,nqc,4,1.0,0.3666470300085426,0.00022097585822219382,0.19243986254295536,0.005229928831102741,97
tct,15,bertQPP,4,1.0,0.3666470300085426,0.00022097585822219382,0.19243986254295536,0.005229928831102741,97
tct,15,bertQPP(QV),4,1.0,0.3666470300085426,0.00022097585822219382,0.19243986254295536,0.005229928831102741,97
tct,15,spatial,5,0.0,0.001031152290801668,0.992002124147356,0.0047250859106529215,0.9453348196600103,97
tct,15,a_ratio,5,0.0,0.07429253125432347,0.46955000831987603,0.0584192439862543,0.3965888091618368,97
tct,15,nqc,5,0.0,0.13114536992369358,0.20039538169504273,0.08118556701030928,0.23875904036666062,97
tct,15,bertQPP,5,0.0,0.19877034806861155,0.050961349322358296,0.13917525773195877,0.0434259212403691,97
tct,15,bertQPP(QV),5,0.0,0.14399174086233593,0.1593935249494607,0.09664948453608249,0.16076803875264556,97
tct,15,spatial,5,0.02,0.005589512911855193,0.9566666070022692,0.0047250859106529215,0.9453348196600103,97
tct,15,a_ratio,5,0.02,0.08627315467660444,0.40077099110435505,0.06486254295532648,0.34658765831762584,97
tct,15,nqc,5,0.02,0.13161866089776408,0.19876173346102674,0.08204467353951891,0.23382603249144784,97
tct,15,bertQPP,5,0.02,0.2025125414289598,0.046665392133716024,0.14132302405498284,0.040290653027956765,97
tct,15,bertQPP(QV),5,0.02,0.1476037457082143,0.1490772546914038,0.09965635738831616,0.14814179266855426,97
tct,15,spatial,5,0.04,0.010301504099469394,0.9202288722941216,0.007302405498281788,0.9156092108578661,97
tct,15,a_ratio,5,0.04,0.09841951535126255,0.3375159754357654,0.07860824742268042,0.2539971105350425,97
tct,15,nqc,5,0.04,0.13211133766584818,0.19707137220481727,0.08204467353951891,0.23382603249144784,97
tct,15,bertQPP,5,0.04,0.20639747640441702,0.04252735662046378,0.14218213058419246,0.039091423487606906,97
tct,15,bertQPP(QV),5,0.04,0.15135601224475392,0.13890010256713736,0.10137457044673541,0.14127503537333896,97
tct,15,spatial,5,0.06,0.015172328264599494,0.8827362614881274,0.010309278350515465,0.8810807858527536,97
tct,15,a_ratio,5,0.06,0.11068142674571578,0.28046552801627694,0.0889175257731959,0.1969487085850582,97
tct,15,nqc,5,0.06,0.1326246124816831,0.19532138119172773,0.08247422680412372,0.23138680179907667,97
tct,15,bertQPP,5,0.06,0.2104318413391551,0.03855807219497213,0.1434707903780069,0.037349490378258986,97
tct,15,bertQPP(QV),5,0.06,0.15525537942601852,0.12889113424452095,0.1048109965635739,0.1282784361242476,97
tct,15,spatial,5,0.08,0.02020717096955882,0.8442520142052858,0.015034364261168387,0.8273000875464372,97
tct,15,a_ratio,5,0.08,0.12300377295869666,0.2300204978465518,0.09192439862542956,0.1822278457949571,97
tct,15,nqc,5,0.08,0.13315980048718137,0.19350864855640595,0.08290378006872855,0.22896569995644822,97
tct,15,bertQPP,5,0.08,0.21462255576662134,0.034767914709896264,0.14561855670103094,0.03459309466060896,97
tct,15,bertQPP(QV),5,0.08,0.1593089694403826,0.1190808165970797,0.10609965635738833,0.1236515932692785,97
tct,15,spatial,5,0.1,0.02541115821130041,0.8048568780058123,0.017611683848797254,0.7982864258103413,97
tct,15,a_ratio,5,0.1,0.1353274184492264,0.18629105657845574,0.09149484536082475,0.1842793810224047,97
tct,15,nqc,5,0.1,0.13371833082505508,0.19162985174196567,0.08419243986254298,0.22181074839562664,97
tct,15,bertQPP,5,0.1,0.21897674546274604,0.031166619398042907,0.1439003436426117,0.036783724578164194,97
tct,15,bertQPP(QV),5,0.1,0.16352417403704686,0.10950079730950803,0.10695876288659796,0.12064011527036375,97
tct,15,spatial,5,0.12,0.030789305936795075,0.7646505855206888,0.0193298969072165,0.77909497852838,97
tct,15,a_ratio,5,0.12,0.14759036603277986,0.14911451982001536,0.09063573883161513,0.18843365829791547,97
tct,15,nqc,5,0.12,0.13430175921782117,0.18968144058889383,0.0850515463917526,0.21713063766326968,97
tct,15,bertQPP,5,0.12,0.2235017068082898,0.027763077275305685,0.14862542955326463,0.03102727109196935,97
tct,15,bertQPP(QV),5,0.12,0.16790863249480542,0.10018361384558881,0.10953608247422682,0.11194930892644765,97
tct,15,spatial,5,0.14,0.03634646088415672,0.7237531046962049,0.021907216494845363,0.7505619727933218,97
tct,15,a_ratio,5,0.14,0.15972912393601119,0.1180978553020588,0.0889175257731959,0.1969487085850582,97
tct,15,nqc,5,0.14,0.13491178224302167,0.1876596189676406,0.0850515463917526,0.21713063766326968,97
tct,15,bertQPP,5,0.14,0.22820485777508762,0.02456511829154467,0.15378006872852237,0.025646544632394585,97
tct,15,bertQPP(QV),5,0.14,0.17247019902751956,0.09116232395987549,0.11211340206185569,0.10376002930884054,97
tct,15,spatial,5,0.16,0.042087231821653526,0.682305550861959,0.023195876288659798,0.7364196981955502,97
tct,15,a_ratio,5,0.16,0.17168022159434093,0.09267686720878988,0.09063573883161513,0.18843365829791547,97
tct,15,nqc,5,0.16,0.13555025357641137,0.18556032484767263,0.08462199312714778,0.2194617374170329,97
tct,15,bertQPP,5,0.16,0.23309367227445993,0.021579286078954447,0.15420962199312716,0.025236989773183314,97
tct,15,bertQPP(QV),5,0.16,0.17721689693832396,0.08247005139357932,0.11383161512027494,0.0985701799206937,97
tct,15,spatial,5,0.18,0.048015910262499045,0.640470634165154,0.028780068728522342,0.6762167162300601,97
tct,15,a_ratio,5,0.18,0.1833817965329533,0.07218213728752591,0.09493127147766325,0.1683392012081001,97
tct,15,nqc,5,0.18,0.1362192025255355,0.1833792086979367,0.0854810996563574,0.2148174024411691,97
tct,15,bertQPP,5,0.18,0.23817559392715928,0.018810610920916366,0.15635738831615123,0.02327305567367708,97
tct,15,bertQPP(QV),5,0.18,0.1821568562647692,0.07413944284525235,0.11383161512027494,0.0985701799206937,97
tct,15,spatial,5,0.2,0.054136379776581006,0.5984325048202798,0.03694158075601375,0.5919142896074897,97
tct,15,a_ratio,5,0.2,0.19477516382049645,0.055902192671362316,0.09621993127147768,0.16263626465805225,97
tct,15,nqc,5,0.2,0.1369208552375975,0.18111161012083654,0.0854810996563574,0.2148174024411691,97
tct,15,bertQPP,5,0.2,0.24345792452416448,0.016262389473979177,0.1585051546391753,0.021443192891173694,97
tct,15,bertQPP(QV),5,0.2,0.18729823099143586,0.06620203597035582,0.11812714776632303,0.08649966115997804,97
tct,15,spatial,5,0.22,0.06045201311287349,0.5563958543360209,0.043384879725085916,0.5289801545988201,97
tct,15,a_ratio,5,0.22,0.20580627720891922,0.04313663033386308,0.1009450171821306,0.14296835148549844,97
tct,15,nqc,5,0.22,0.13765765904044402,0.1787525326358758,0.08591065292096221,0.2125219840325313,97
tct,15,bertQPP,5,0.22,0.24894768154227637,0.013935981698816775,0.16194158075601378,0.018775672464210122,97
tct,15,bertQPP(QV),5,0.22,0.19264909113986847,0.0586875432368593,0.11726804123711342,0.08881318243030219,97
tct,15,spatial,5,0.24,0.06696555650222641,0.5145841365641967,0.04939862542955327,0.47347910625616985,97
tct,15,a_ratio,5,0.24,0.21642699794454795,0.033235157402820896,0.10781786941580758,0.11768634646990996,97
tct,15,nqc,5,0.24,0.1384323104671551,0.1762966165532918,0.08676975945017183,0.2079844017382293,97
tct,15,bertQPP,5,0.24,0.2546514180621159,0.011830637210626013,0.1628006872852234,0.018155972846842318,97
tct,15,bertQPP(QV),5,0.24,0.19821728417882215,0.05162306307222181,0.11812714776632303,0.08649966115997804,97
tct,15,spatial,5,0.26,0.07367900074502802,0.4732367914197516,0.05498281786941581,0.42495013508695245,97
tct,15,a_ratio,5,0.26,0.2265961026868117,0.025621718626171543,0.10910652920962201,0.11336246240953972,97
tct,15,nqc,5,0.26,0.13924778762738677,0.1737381099162038,0.08634020618556702,0.2102443337075397,97
tct,15,bertQPP,5,0.26,0.26057499732711725,0.009943364599204777,0.16494845360824745,0.01668446543769203,97
tct,15,bertQPP(QV),5,0.26,0.20401025924192154,0.04503223787413363,0.12113402061855671,0.07878300963914868,97
tct,15,spatial,5,0.28,0.08059343901889662,0.4326053895629537,0.05584192439862544,0.41775090102760204,97
tct,15,a_ratio,5,0.28,0.23627998397959907,0.019805344845474297,0.11211340206185569,0.10376002930884054,97
tct,15,nqc,5,0.28,0.14010738772767778,0.17107083754774474,0.08591065292096221,0.2125219840325313,97
tct,15,bertQPP,5,0.28,0.26672331302094876,0.008268857888056112,0.1679553264604811,0.014800614099959652,97
tct,15,bertQPP(QV),5,0.28,0.21003484662237615,0.03893438790763268,0.12242268041237117,0.07565197367789964,97
tct,15,spatial,5,0.3,0.08770891178494991,0.39294867049425947,0.056701030927835065,0.41062402699366984,97
tct,15,a_ratio,5,0.3,0.24545302229792046,0.015380750919642581,0.11383161512027494,0.0985701799206937,97
tct,15,nqc,5,0.3,0.14101477071543622,0.16828816832506577,0.08719931271477664,0.2057421374120063,97
tct,15,bertQPP,5,0.3,0.2730999452015529,0.006799493854132323,0.17225085910652924,0.012434959394241826,97
tct,15,bertQPP(QV),5,0.3,0.2162969839876388,0.033343660362604714,0.12328178694158079,0.07362159410235054,97
tct,15,spatial,5,0.32,0.09502423974370267,0.3545265200493686,0.057560137457044684,0.40356988208906586,97
tct,15,a_ratio,5,0.32,0.25409763447451855,0.012022099071604975,0.11726804123711342,0.08881318243030219,97
tct,15,nqc,5,0.32,0.14197401023631878,0.16538298092571932,0.08762886597938145,0.2035174890452155,97
tct,15,bertQPP,5,0.32,0.27970674083564406,0.005525412068019696,0.17396907216494847,0.011586707769612953,97
tct,15,bertQPP(QV),5,0.32,0.22280137980942566,0.028268243006680054,0.12414089347079041,0.07163599473940602,97
tct,15,spatial,5,0.34,0.1025368465059575,0.31759302437964554,0.06357388316151204,0.356252805453549,97
tct,15,a_ratio,5,0.34,0.2622040261885895,0.009473012730818575,0.12585910652920965,0.0677963948466897,97
tct,15,nqc,5,0.34,0.1429896533640835,0.16234762846844533,0.08848797250859108,0.19912082868170233,97
tct,15,bertQPP,5,0.34,0.2865433072199638,0.004434685953154613,0.18041237113402064,0.008845012615594157,97
tct,15,bertQPP(QV),5,0.34,0.2295511037761667,0.02370970061410371,0.1245704467353952,0.07065977324075139,97
tct,15,spatial,5,0.36,0.11024257350778141,0.28238884105132184,0.06357388316151204,0.356252805453549,97
tct,15,a_ratio,5,0.36,0.26976969383603633,0.007535223947192845,0.12328178694158079,0.07362159410235054,97
tct,15,nqc,5,0.36,0.1440667909012363,0.15917390272031606,0.08848797250859108,0.19912082868170233,97
tct,15,bertQPP,5,0.36,0.29360640654050313,0.0035135877648215853,0.1829896907216495,0.007921746820669876,97
tct,15,bertQPP(QV),5,0.36,0.23654709365539434,0.019662497933322743,0.12929553264604812,0.060624507125192455,97
tct,15,spatial,5,0.38,0.11813549070956691,0.24913323497870227,0.07044673539518902,0.3066570724911982,97
tct,15,a_ratio,5,0.38,0.2767987322272436,0.006057452142629822,0.12414089347079041,0.07163599473940602,97
tct,15,nqc,5,0.38,0.14521114047842,0.155852998893652,0.08762886597938145,0.2035174890452155,97
tct,15,bertQPP,5,0.38,0.3008892408158036,0.0027469432666156076,0.18556701030927839,0.00708575590459897,97
tct,15,bertQPP(QV),5,0.38,0.24378756850368438,0.01611377332459596,0.13445017182130586,0.05105421646643944,97
tct,15,spatial,5,0.4,0.12620770776253878,0.21801622483729982,0.07216494845360825,0.295009708543132,97
tct,15,a_ratio,5,0.4,0.2833010090040966,0.004925423145522217,0.13187285223367698,0.055668220302014286,97
tct,15,nqc,5,0.4,0.14642914522768352,0.15237548254852112,0.0893470790378007,0.19479398827541883,97
tct,15,bertQPP,5,0.4,0.308380619053332,0.00211856348879039,0.18857388316151205,0.006211170636578692,97
tct,15,bertQPP(QV),5,0.4,0.2512673396957435,0.01304342027514522,0.13616838487972513,0.04815964796946807,97
tct,15,spatial,5,0.42,0.13444919156888596,0.1891913588328268,0.077319587628866,0.2618647746424714,97
tct,15,a_ratio,5,0.42,0.28929126518076587,0.004053422201075662,0.138745704467354,0.04407710548149226,97
tct,15,nqc,5,0.42,0.14772809150584593,0.1487312608042617,0.0893470790378007,0.19479398827541883,97
tct,15,bertQPP,5,0.42,0.3160640033482351,0.0016117321455460976,0.18857388316151205,0.006211170636578692,97
tct,15,bertQPP(QV),5,0.42,0.25897701450729543,0.010424518127522346,0.13831615120274915,0.044736513464296176,97
tct,15,spatial,5,0.44,0.14284759744956788,0.16276967074051996,0.07946735395189004,0.2488442983857856,97
tct,15,a_ratio,5,0.44,0.2947881951457755,0.0033774384907122963,0.138745704467354,0.04407710548149226,97
tct,15,nqc,5,0.44,0.1491162500479249,0.14490956102245411,0.0893470790378007,0.19479398827541883,97
tct,15,bertQPP,5,0.44,0.3239164387730482,0.0012097193025023328,0.19243986254295536,0.005229928831102741,97
tct,15,bertQPP(QV),5,0.44,0.2669020926193505,0.008224127909418746,0.13831615120274915,0.044736513464296176,97
tct,15,spatial,5,0.46,0.15138812238636426,0.13881534348038155,0.08161512027491409,0.23628343229817084,97
tct,15,a_ratio,5,0.46,0.29981355042839725,0.0028497699973760227,0.14304123711340208,0.037922646089534044,97
tct,15,nqc,5,0.46,0.15060304610302744,0.14089892145974756,0.08977663230240551,0.19265661141875967,97
tct,15,bertQPP,5,0.46,0.3319073842765442,0.0008962861982523794,0.19587628865979384,0.004477722918252414,97
tct,15,bertQPP(QV),5,0.46,0.2750219647071003,0.00640443518920631,0.138745704467354,0.04407710548149226,97
tct,15,spatial,5,0.48,0.16005338991429324,0.11734351922596975,0.0854810996563574,0.2148174024411691,97
tct,15,a_ratio,5,0.48,0.3043913011017958,0.0024348734364160103,0.14561855670103094,0.03459309466060896,97
tct,15,nqc,5,0.48,0.15219926563600605,0.1366872002497782,0.09020618556701032,0.1905365207922204,97
tct,15,bertQPP,5,0.48,0.33999747947432196,0.0006561441807704945,0.19673539518900346,0.004305679427335466,97
tct,15,bertQPP(QV),5,0.48,0.28330883506691695,0.004924182660736801,0.14862542955326463,0.03102727109196935,97
tct,15,spatial,5,0.5,0.16882337707316009,0.09832054227808103,0.08591065292096221,0.2125219840325313,97
tct,15,a_ratio,5,0.5,0.30854687819024595,0.00210622508382846,0.1473367697594502,0.03251488713772691,97
tct,15,nqc,5,0.5,0.15391730669054227,0.1322616116650806,0.09106529209621994,0.18634796497677564,97
tct,15,bertQPP,5,0.5,0.34813730599695075,0.00047533355703738517,0.20103092783505158,0.0035320539175627825,97
tct,15,bertQPP(QV),5,0.5,0.2917266077393494,0.0037402962389115266,0.1554982817869416,0.02404211148041231,97
tct,15,spatial,5,0.52,0.1776753942280568,0.08166671522622514,0.09106529209621994,0.18634796497677564,97
tct,15,a_ratio,5,0.52,0.3123065108338492,0.0018439747675145024,0.14991408934707906,0.029598455953974822,97
tct,15,nqc,5,0.52,0.15577148767250848,0.12760880221946008,0.09149484536082475,0.1842793810224047,97
tct,15,bertQPP,5,0.52,0.3562662321729734,0.0003414960037828527,0.2100515463917526,0.0023030471051788694,97
tct,15,bertQPP(QV),5,0.52,0.3002297981512718,0.0028095770760634135,0.15721649484536085,0.02252544814571104,97
tct,15,spatial,5,0.54,0.18658412837321142,0.06726141348957085,0.09192439862542956,0.1822278457949571,97
tct,15,a_ratio,5,0.54,0.31569666383370354,0.0016332071306391605,0.15292096219931275,0.026482928123240188,97
tct,15,nqc,5,0.54,0.15777842786102986,0.12271498419737742,0.09364261168384881,0.17419095096502246,97
tct,15,bertQPP,5,0.54,0.3643114652747607,0.00024402620221122893,0.21391752577319592,0.001908041073171658,97
tct,15,bertQPP(QV),5,0.54,0.30876255950677595,0.0020903156062640387,0.16365979381443302,0.01755425786967657,97
tct,15,spatial,5,0.56,0.19552175958428392,0.05495017040736569,0.09965635738831616,0.14814179266855426,97
tct,15,a_ratio,5,0.56,0.3187435748157109,0.0014626597520675248,0.1512027491408935,0.028226597294347726,97
tct,15,nqc,5,0.56,0.15995752021486623,0.11756615118850466,0.093213058419244,0.17617491386576734,97
tct,15,bertQPP,5,0.56,0.37218747340480896,0.00017410261807297302,0.21091065292096223,0.002209296231634933,97
tct,15,bertQPP(QV),5,0.56,0.31725794329684964,0.001543688183619844,0.16623711340206188,0.015852745291372216,97
tct,15,spatial,5,0.58,0.20445815845317988,0.04455315037719175,0.1009450171821306,0.14296835148549844,97
tct,15,a_ratio,5,0.58,0.3214728856205089,0.0013237807355559077,0.15378006872852237,0.025646544632394585,97
tct,15,nqc,5,0.58,0.16233152296868858,0.11214840991087988,0.093213058419244,0.17617491386576734,97
tct,15,bertQPP,5,0.58,0.3797959736590772,0.0001246112180106128,0.2203608247422681,0.0013853583021557498,97
tct,15,bertQPP(QV),5,0.58,0.3256375427958942,0.001134823790075234,0.1752577319587629,0.010984624932232429,97
tct,15,spatial,5,0.6,0.21336116955602744,0.035874302984198435,0.09793814432989692,0.1552606461818409,97
tct,15,a_ratio,5,0.6,0.3239093594889835,0.001210036430295789,0.1554982817869416,0.02404211148041231,97
tct,15,nqc,5,0.6,0.1649273052429055,0.10644847602221952,0.093213058419244,0.17617491386576734,97
tct,15,bertQPP,5,0.6,0.387026705476753,8.998672770590433e-05,0.22895189003436428,0.0008926252002239728,97
tct,15,bertQPP(QV),5,0.6,0.33381169134739674,0.0008334739429345224,0.1778350515463918,0.009863239446727635,97
tct,15,spatial,5,0.62,0.22219698228317203,0.02871045721295615,0.10008591065292097,0.14640165493450158,97
tct,15,a_ratio,5,0.62,0.32607667391230943,0.0011164024830362333,0.1585051546391753,0.021443192891173694,97
tct,15,nqc,5,0.62,0.16777679380589366,0.1004544000291876,0.09493127147766325,0.1683392012081001,97
tct,15,bertQPP,5,0.62,0.3937592059390747,6.600187523855777e-05,0.23410652920962205,0.0006809162092632265,97
tct,15,bertQPP(QV),5,0.62,0.34168039527313016,0.0006142744792038608,0.1868556701030928,0.006698222213035896,97
tct,15,spatial,5,0.64,0.2309305858224191,0.022859675765395927,0.10695876288659796,0.12064011527036375,97
tct,15,a_ratio,5,0.64,0.32799727836370673,0.0010389888818280635,0.15807560137457047,0.021798803662876853,97
tct,15,nqc,5,0.64,0.17091818444658818,0.0941566143529646,0.09579037800687287,0.16452082122278677,97
tct,15,bertQPP,5,0.64,0.3998657634643918,4.9535320944409184e-05,0.23625429553264607,0.0006073368350083252,97
tct,15,bertQPP(QV),5,0.64,0.34913516435258546,0.00045664152513169874,0.19072164948453613,0.005647306460207743,97
tct,15,spatial,5,0.66,0.23952629997807945,0.01812833152260466,0.10738831615120277,0.11915605807960761,97
tct,15,a_ratio,5,0.66,0.3296923062450537,0.0009747628453849624,0.16194158075601378,0.018775672464210122,97
tct,15,nqc,5,0.66,0.17439750377923813,0.08754942570778339,0.09836769759450173,0.15345704089516993,97
tct,15,bertQPP,5,0.66,0.4052156359190676,3.83444872267922e-05,0.23883161512027495,0.0005288208236189078,97
tct,15,bertQPP(QV),5,0.66,0.3560618512685261,0.0003443844673169785,0.19974226804123715,0.0037496927052216027,97
tct,15,spatial,5,0.68,0.24794836819276841,0.014336563095006005,0.1164089347079038,0.09117630712765404,97
tct,15,a_ratio,5,0.68,0.3311815310167829,0.0009213432127206697,0.16494845360824745,0.01668446543769203,97
tct,15,nqc,5,0.68,0.178270637821422,0.08063311927070199,0.10051546391752579,0.14467719951816677,97
tct,15,bertQPP,5,0.68,0.409680473834272,3.08621516276825e-05,0.24012027491408938,0.0004932117335580638,97
tct,15,bertQPP(QV),5,0.68,0.3623445190545321,0.00026513904947262463,0.20575601374570449,0.0028288190417010725,97
tct,15,spatial,5,0.7,0.2561615940772383,0.011321978475438045,0.12285223367697597,0.07463114343880432,97
tct,15,a_ratio,5,0.7,0.3324833574298539,0.0008768471828096675,0.16537800687285226,0.016403064445582434,97
tct,15,nqc,5,0.7,0.18260598480632464,0.07341689166468901,0.10051546391752579,0.14467719951816677,97
tct,15,bertQPP,5,0.7,0.4131406977751871,2.60276796588049e-05,0.23754295532646055,0.0005668140402706258,97
tct,15,bertQPP(QV),5,0.7,0.3678702241179167,0.00020972284462485256,0.2100515463917526,0.0023030471051788694,97
tct,15,spatial,5,0.72,0.26413199845811625,0.008941670244024064,0.12671821305841927,0.06594102788919391,97
tct,15,a_ratio,5,0.72,0.3336148398863402,0.0008397754953767265,0.1670962199312715,0.015318729327102553,97
tct,15,nqc,5,0.72,0.1874879434923937,0.06592288191893944,0.10180412371134022,0.13959717520298046,97
tct,15,bertQPP,5,0.72,0.4154923675601684,2.315702086624669e-05,0.23582474226804126,0.000621432826309228,97
tct,15,bertQPP(QV),5,0.72,0.3725344452796866,0.00017149797835321528,0.209192439862543,0.002400428947085522,97
tct,15,spatial,5,0.74,0.2718274709254982,0.007072756119198525,0.12972508591065296,0.0597739314027888,97
tct,15,a_ratio,5,0.74,0.3345917211055671,0.0008089259438923748,0.1658075601374571,0.016125841537736958,97
tct,15,nqc,5,0.74,0.19302151416701752,0.05819160335349242,0.10266323024054985,0.13628751627610397,97
tct,15,bertQPP,5,0.74,0.41665389421647997,2.1851179709972914e-05,0.2414089347079038,0.0004598488311252096,97
tct,15,bertQPP(QV),5,0.74,0.3762467330171003,0.00014580000198458512,0.21048109965635742,0.002255725464528707,97
tct,15,spatial,5,0.76,0.2792183885194586,0.005611751136568632,0.13487972508591067,0.050317249987351625,97
tct,15,a_ratio,5,0.76,0.3354284853878469,0.0007833278600341129,0.1666666666666667,0.01558372473088864,97
tct,15,nqc,5,0.76,0.19933835794259508,0.05028904559786741,0.10609965635738833,0.1236515932692785,97
tct,15,bertQPP,5,0.76,0.41657183688282995,2.194111911360313e-05,0.2366838487972509,0.0005935388745829456,97
tct,15,bertQPP(QV),5,0.76,0.3789360340961155,0.00012946520823719764,0.21262886597938147,0.002032205430312129,97
tct,15,spatial,5,0.78,0.28627817480107176,0.004473111759547402,0.14046391752577322,0.04152093691345949,97
tct,15,a_ratio,5,0.78,0.3361384217990354,0.0007621921950388698,0.16408934707903783,0.01726000960595295,97
tct,15,nqc,5,0.78,0.20660469440117,0.042315505767676044,0.10910652920962201,0.11336246240953972,97
tct,15,bertQPP,5,0.78,0.41522504316624653,2.3467730394483387e-05,0.23840206185567014,0.0005412133012575864,97
tct,15,bertQPP(QV),5,0.78,0.38055510244682345,0.00012046710087137906,0.20833333333333337,0.0025015666651811157,97
tct,15,spatial,5,0.8,0.2929837751683374,0.0035872775321532276,0.14218213058419246,0.039091423487606906,97
tct,15,a_ratio,5,0.8,0.3367336935199426,0.0007448732598485514,0.16408934707903783,0.01726000960595295,97
tct,15,nqc,5,0.8,0.2150313077563797,0.034415599925587535,0.11254295532646051,0.10244263799035044,97
tct,15,bertQPP,5,0.8,0.4126265536101472,2.6698143868789987e-05,0.23582474226804126,0.000621432826309228,97
tct,15,bertQPP(QV),5,0.8,0.38108346329876963,0.00011765862341295017,0.21134020618556704,0.0021637443470699886,97
tct,15,spatial,5,0.82,0.2993160287307303,0.002898487979793296,0.14175257731958765,0.039687194240219145,97
tct,15,a_ratio,5,0.82,0.3372254104045579,0.0007308392267578375,0.1628006872852234,0.018155972846842318,97
tct,15,nqc,5,0.82,0.22488536666847891,0.026787497225118907,0.11855670103092786,0.08536128644887009,97
tct,15,bertQPP,5,0.82,0.40882298012716106,3.218374808048351e-05,0.23582474226804126,0.000621432826309228,97
tct,15,bertQPP(QV),5,0.82,0.3805285567626879,0.00012060983087582792,0.20403780068728525,0.00306822352558543,97
tct,15,spatial,5,0.84,0.3052599229627212,0.002362587904569369,0.14518900343642613,0.03513003275683934,97
tct,15,a_ratio,5,0.84,0.33762370247034873,0.0007196492514188713,0.16365979381443302,0.01755425786967657,97
tct,15,nqc,5,0.84,0.23650189190062698,0.019686608838794598,0.1245704467353952,0.07065977324075139,97
tct,15,bertQPP,5,0.84,0.4038914260804362,4.087024998283482e-05,0.22809278350515466,0.000933347093157991,97
tct,15,bertQPP(QV),5,0.84,0.37892492328505667,0.00012952905591563166,0.2096219931271478,0.002351276432455258,97
tct,15,spatial,5,0.86,0.310804724164795,0.0019449670731339016,0.14948453608247425,0.030068308790855192,97
tct,15,a_ratio,5,0.86,0.33793779260954687,0.0007109356252411133,0.16237113402061856,0.018463547347092265,97
tct,15,nqc,5,0.86,0.2502872279162545,0.013414289915528227,0.13316151202749144,0.05331954320676675,97
tct,15,bertQPP,5,0.86,0.3979343606061302,5.427506383333696e-05,0.21907216494845363,0.0014779202366871586,97
tct,15,bertQPP(QV),5,0.86,0.37633155762162696,0.0001452568705492247,0.2100515463917526,0.0023030471051788694,97
tct,15,spatial,5,0.88,0.31594398382784405,0.001618720293530273,0.15420962199312716,0.025236989773183314,97
tct,15,a_ratio,5,0.88,0.33817606727321203,0.0007043897715602104,0.1597938144329897,0.02040649882574069,97
tct,15,nqc,5,0.88,0.26669166052710935,0.00827679950267368,0.1439003436426117,0.036783724578164194,97
tct,15,bertQPP,5,0.88,0.39107311395990185,7.475077115825055e-05,0.21134020618556704,0.0021637443470699886,97
tct,15,bertQPP(QV),5,0.88,0.3728277926243816,0.00016932406936015035,0.20489690721649487,0.002946303078171719,97
tct,15,spatial,5,0.9,0.32067542767933344,0.0013630661700717132,0.16065292096219932,0.019739903980340746,97
tct,15,a_ratio,5,0.9,0.3383461442524585,0.000699751195361139,0.16194158075601378,0.018775672464210122,97
tct,15,nqc,5,0.9,0.2860878175467128,0.004500883159031035,0.15249140893470792,0.026909885175764755,97
tct,15,bertQPP,5,0.9,0.3834407754761671,0.00010585306708240569,0.20704467353951894,0.0026605976928076114,97
tct,15,bertQPP(QV),5,0.9,0.36850823140195843,0.00020406581265085537,0.20060137457044677,0.0036032888355043277,97
tct,15,spatial,5,0.92,0.3250007399262577,0.001162028771711193,0.15764604810996566,0.022159535570441733,97
tct,15,a_ratio,5,0.92,0.3384549369764349,0.0006967987151685937,0.16365979381443302,0.01755425786967657,97
tct,15,nqc,5,0.92,0.30839208113865096,0.0021177107771007822,0.1670962199312715,0.015318729327102553,97
tct,15,bertQPP,5,0.92,0.3751752443269918,0.00015282470062820083,0.20446735395189009,0.0030066996042901117,97
tct,15,bertQPP(QV),5,0.92,0.36347730215203256,0.00025278291375863094,0.19329896907216498,0.0050318722795436996,97
tct,15,spatial,5,0.94,0.32892525958843033,0.0010033648787776128,0.1597938144329897,0.02040649882574069,97
tct,15,a_ratio,5,0.94,0.33850871497676277,0.0006953434680469912,0.16323024054982818,0.017852894393926448,97
tct,15,nqc,5,0.94,0.33207507894896837,0.0008905863549332494,0.1512027491408935,0.028226597294347726,97
tct,15,bertQPP,5,0.94,0.3664130366418391,0.00022319107500332275,0.19243986254295536,0.005229928831102741,97
tct,15,bertQPP(QV),5,0.94,0.35784396795758233,0.00031993768704750565,0.18341924398625434,0.007776554495134835,97
tct,15,spatial,5,0.96,0.33245760860944407,0.0008777079222036755,0.15936426116838492,0.0207470988785446,97
tct,15,a_ratio,5,0.96,0.3385131603444236,0.0006952232996641713,0.16408934707903783,0.01726000960595295,97
tct,15,nqc,5,0.96,0.35214267457036585,0.00040431081740402984,0.16022336769759454,0.02007078628569656,97
tct,15,bertQPP,5,0.96,0.35728424310070805,0.0003274380586913905,0.18041237113402064,0.008845012615594157,97
tct,15,bertQPP(QV),5,0.96,0.351717010013811,0.0004113662380614495,0.1752577319587629,0.010984624932232429,97
tct,15,spatial,5,0.98,0.3356092726054789,0.0007778953953826811,0.1628006872852234,0.018155972846842318,97
tct,15,a_ratio,5,0.98,0.3384734201374856,0.0006962982420416729,0.16494845360824745,0.01668446543769203,97
tct,15,nqc,5,0.98,0.3581729983639277,0.0003156028274281115,0.17310996563573885,0.01200419316896961,97
tct,15,bertQPP,5,0.98,0.3479088129737576,0.00047971137302807676,0.1679553264604811,0.014800614099959652,97
tct,15,bertQPP(QV),5,0.98,0.3452011534447287,0.0005344828278476332,0.1666666666666667,0.01558372473088864,97
tct,15,spatial,5,1.0,0.33839415479519175,0.0006984468498933111,0.16752577319587633,0.015057708996420909,97
tct,15,a_ratio,5,1.0,0.33839415479519175,0.0006984468498933111,0.16752577319587633,0.015057708996420909,97
tct,15,nqc,5,1.0,0.33839415479519175,0.0006984468498933111,0.16752577319587633,0.015057708996420909,97
tct,15,bertQPP,5,1.0,0.33839415479519175,0.0006984468498933111,0.16752577319587633,0.015057708996420909,97
tct,15,bertQPP(QV),5,1.0,0.33839415479519175,0.0006984468498933111,0.16752577319587633,0.015057708996420909,97
tct,15,spatial,6,0.0,0.001031152290801668,0.992002124147356,0.0047250859106529215,0.9453348196600103,97
tct,15,a_ratio,6,0.0,0.07429253125432347,0.46955000831987603,0.0584192439862543,0.3965888091618368,97
tct,15,nqc,6,0.0,0.13114536992369358,0.20039538169504273,0.08118556701030928,0.23875904036666062,97
tct,15,bertQPP,6,0.0,0.19877034806861155,0.050961349322358296,0.13917525773195877,0.0434259212403691,97
tct,15,bertQPP(QV),6,0.0,0.14399174086233593,0.1593935249494607,0.09664948453608249,0.16076803875264556,97
tct,15,spatial,6,0.02,0.0054636715615148795,0.9576412947972158,0.005154639175257733,0.940374133088132,97
tct,15,a_ratio,6,0.02,0.08600077835152849,0.40226527671031553,0.06400343642611686,0.3530123788503621,97
tct,15,nqc,6,0.02,0.1316089375638834,0.1987951985976129,0.08204467353951891,0.23382603249144784,97
tct,15,bertQPP,6,0.02,0.20242559747965075,0.04676168537345066,0.14132302405498284,0.040290653027956765,97
tct,15,bertQPP(QV),6,0.02,0.1475159649538926,0.14932186966746785,0.09922680412371135,0.1498976871116754,97
tct,15,spatial,6,0.04,0.010043306891995063,0.9222219334431457,0.006872852233676977,0.9205564238059567,97
tct,15,a_ratio,6,0.04,0.09789421816246943,0.3401134386317519,0.07903780068728523,0.25141149497554627,97
tct,15,nqc,6,0.04,0.1320915266643775,0.1971391427409121,0.08204467353951891,0.23382603249144784,97
tct,15,bertQPP,6,0.04,0.20622131876491057,0.04270814615837324,0.14175257731958765,0.039687194240219145,97
tct,15,bertQPP(QV),6,0.04,0.15117792298299262,0.13937090557849321,0.1009450171821306,0.14296835148549844,97
tct,15,spatial,6,0.06,0.01477506580629985,0.8857856157244198,0.010309278350515465,0.8810807858527536,97
tct,15,a_ratio,6,0.06,0.10992677196366823,0.2837783013815165,0.09020618556701032,0.1905365207922204,97
tct,15,nqc,6,0.06,0.13259432906638052,0.19542431903601448,0.08290378006872855,0.22896569995644822,97
tct,15,bertQPP,6,0.06,0.2101642554704248,0.03881138397890396,0.14304123711340208,0.037922646089534044,97
tct,15,bertQPP(QV),6,0.06,0.15498447109287758,0.1295681693543298,0.10567010309278352,0.12517917667351905,97
tct,15,spatial,6,0.08,0.0196639613063347,0.8483881853991494,0.01589347079037801,0.817600546341627,97
tct,15,a_ratio,6,0.08,0.12204713157413401,0.23369279225272838,0.08805841924398626,0.2013104039967497,97
tct,15,nqc,6,0.08,0.13311863799138812,0.19364763671825977,0.08333333333333336,0.22656268559471548,97
tct,15,bertQPP,6,0.08,0.21426141257134096,0.03508171146682376,0.1439003436426117,0.036783724578164194,97
tct,15,bertQPP(QV),6,0.08,0.1589427731832908,0.11994267744723085,0.10652920962199315,0.12213859984356254,97
tct,15,spatial,6,0.1,0.024714975819505075,0.8101012300771564,0.01589347079037801,0.817600546341627,97
tct,15,a_ratio,6,0.1,0.13419948015843242,0.19002196811243055,0.09192439862542956,0.1822278457949571,97
tct,15,nqc,6,0.1,0.13366585901804323,0.19180579350130145,0.08419243986254298,0.22181074839562664,97
tct,15,bertQPP,6,0.1,0.2185200378748272,0.03152892923012969,0.14475945017182132,0.035674068768179766,97
tct,15,bertQPP(QV),6,0.1,0.163060292686457,0.11052474722677896,0.10738831615120277,0.11915605807960761,97
tct,15,spatial,6,0.12,0.02993301843379806,0.7710134609744325,0.020189003436426118,0.7695487264404447,97
tct,15,a_ratio,6,0.12,0.14632446757330486,0.15267204440325555,0.093213058419244,0.17617491386576734,97
tct,15,nqc,6,0.12,0.1342375225114526,0.18989525831825255,0.08591065292096221,0.2125219840325313,97
tct,15,bertQPP,6,0.12,0.22294759385259394,0.02816213574031225,0.14819587628865982,0.031516517606653575,97
tct,15,bertQPP(QV),6,0.12,0.16734477696694802,0.10134575284083036,0.10910652920962201,0.11336246240953972,97
tct,15,spatial,6,0.14,0.03532287460693459,0.7312319191351496,0.02061855670103093,0.7647885664914993,97
tct,15,a_ratio,6,0.14,0.1583604167637436,0.12132317312842139,0.09364261168384881,0.17419095096502246,97
tct,15,nqc,6,0.14,0.13483529773332362,0.18791225253093877,0.0854810996563574,0.2148174024411691,97
tct,15,bertQPP,6,0.14,0.22755171738079333,0.0249895218540368,0.1516323024054983,0.027781654237823455,97
tct,15,bertQPP(QV),6,0.14,0.1718042322860482,0.09243780735252556,0.10910652920962201,0.11336246240953972,97
tct,15,spatial,6,0.16,0.04088914750360609,0.6908829156476047,0.02448453608247423,0.7223661580007107,97
tct,15,a_ratio,6,0.16,0.17024471646743775,0.09547983590274269,0.09192439862542956,0.1822278457949571,97
tct,15,nqc,6,0.16,0.13546100890306925,0.18585272948439277,0.0850515463917526,0.21713063766326968,97
tct,15,bertQPP,6,0.16,0.23234016429850882,0.02201815378376892,0.15378006872852237,0.025646544632394585,97
tct,15,bertQPP(QV),6,0.16,0.17644688679933704,0.08383336364365011,0.11297250859106532,0.10113858933462912,97
tct,15,spatial,6,0.18,0.04663619010145263,0.6501125994912884,0.026202749140893475,0.7037735989090746,97
tct,15,a_ratio,6,0.18,0.18191533588684589,0.07453035558397916,0.09450171821305844,0.17027316035268703,97
tct,15,nqc,6,0.18,0.13611665353057834,0.1837123522825819,0.08462199312714778,0.2194617374170329,97
tct,15,bertQPP,6,0.18,0.23732073502057965,0.01925374999352632,0.15764604810996566,0.022159535570441733,97
tct,15,bertQPP(QV),6,0.18,0.18128113849211608,0.07556472838293965,0.11426116838487975,0.09730564872611688,97
tct,15,spatial,6,0.2,0.05256802722021561,0.6090870354401381,0.033075601374570454,0.6312527656924587,97
tct,15,a_ratio,6,0.2,0.19331238183840324,0.0578066550035624,0.09836769759450173,0.15345704089516993,97
tct,15,nqc,6,0.2,0.13680442340273624,0.18148646966438065,0.0854810996563574,0.2148174024411691,97
tct,15,bertQPP,6,0.2,0.2425011766430358,0.016700459351251435,0.1585051546391753,0.021443192891173694,97
tct,15,bertQPP(QV),6,0.2,0.18631548428918396,0.06766348626957572,0.11512027491408937,0.09481550621817705,97
tct,15,spatial,6,0.22,0.05868826667880479,0.5679916680197835,0.04123711340206186,0.5495750194028222,97
tct,15,a_ratio,6,0.22,0.20437961066150023,0.04463686032055148,0.10352233676975947,0.1330387570764664,97
tct,15,nqc,6,0.22,0.13752672868063534,0.17917008986783284,0.0854810996563574,0.2148174024411691,97
tct,15,bertQPP,6,0.22,0.24788905604956188,0.01436064982722302,0.16065292096219932,0.019739903980340746,97
tct,15,bertQPP(QV),6,0.22,0.19155842579325577,0.06015983600581222,0.1168384879725086,0.08998850130140247,97
tct,15,spatial,6,0.24,0.06499999888306207,0.5270300483908589,0.04553264604810997,0.5087854171288679,97
tct,15,a_ratio,6,0.24,0.21506580748256227,0.034386001509465934,0.10738831615120277,0.11915605807960761,97
tct,15,nqc,6,0.24,0.13828622565608029,0.17675785238876912,0.08634020618556702,0.2102443337075397,97
tct,15,bertQPP,6,0.24,0.2534915974608097,0.012234718941176073,0.16494845360824745,0.01668446543769203,97
tct,15,bertQPP(QV),6,0.24,0.19701834620411696,0.0530818452162199,0.11812714776632303,0.08649966115997804,97
tct,15,spatial,6,0.26,0.07150568430562701,0.48642171198600487,0.05154639175257733,0.4544623656228458,97
tct,15,a_ratio,6,0.26,0.225325954648007,0.02648303136686305,0.10738831615120277,0.11915605807960761,97
tct,15,nqc,6,0.26,0.13908584882874375,0.1742439975703903,0.08591065292096221,0.2125219840325313,97
tct,15,bertQPP,6,0.26,0.2593154766714975,0.010320938817371068,0.16623711340206188,0.015852745291372216,97
tct,15,bertQPP(QV),6,0.26,0.20270335195027905,0.04645463890812343,0.11898625429553265,0.08423505409007553,97
tct,15,spatial,6,0.28,0.07820702855284134,0.4463991185344496,0.05240549828178695,0.4469779106399572,97
tct,15,a_ratio,6,0.28,0.23512212823719691,0.02043490807266474,0.10953608247422682,0.11194930892644765,97
tct,15,nqc,6,0.28,0.13992884810464218,0.17162233400908997,0.08676975945017183,0.2079844017382293,97
tct,15,bertQPP,6,0.28,0.26536656291778943,0.00861534982753428,0.1701030927835052,0.013572314777054699,97
tct,15,bertQPP(QV),6,0.28,0.2086210714416077,0.0402995449858118,0.12500000000000003,0.06969448971824621,97
tct,15,spatial,6,0.3,0.08510484503720034,0.40720360510347287,0.04982817869415808,0.4696411010880063,97
tct,15,a_ratio,6,0.3,0.2444240842874724,0.015830129324046618,0.11211340206185569,0.10376002930884054,97
tct,15,nqc,6,0.3,0.14081883208958745,0.16888620383564576,0.08634020618556702,0.2102443337075397,97
tct,15,bertQPP,6,0.3,0.27164959796300825,0.007111717049592631,0.17225085910652924,0.012434959394241826,97
tct,15,bertQPP(QV),6,0.3,0.2147784021614378,0.03463323046292462,0.1254295532646048,0.06874005870255491,97
tct,15,spatial,6,0.32,0.09219890570294989,0.36908035830696817,0.05154639175257733,0.4544623656228458,97
tct,15,a_ratio,6,0.32,0.25320952166018085,0.012334794536887074,0.1254295532646048,0.06874005870255491,97
tct,15,nqc,6,0.32,0.14175981866710094,0.1660284460403932,0.08805841924398626,0.2013104039967497,97
tct,15,bertQPP,6,0.32,0.2781678006806621,0.0058015627785729185,0.17568728522336774,0.01079019991112942,97
tct,15,bertQPP(QV),6,0.32,0.22118119612866988,0.029466872686741634,0.1284364261168385,0.06235576017343852,97
tct,15,spatial,6,0.34,0.09948778080085194,0.33227248353241523,0.054553264604811004,0.4285767645779882,97
tct,15,a_ratio,6,0.34,0.2614640331016269,0.009684195360866715,0.12800687285223372,0.06323660544752113,97
tct,15,nqc,6,0.34,0.1427562943210057,0.16304135817008467,0.08848797250859108,0.19912082868170233,97
tct,15,bertQPP,6,0.34,0.28492238431144173,0.004674285748565896,0.17955326460481102,0.009173476196585428,97
tct,15,bertQPP(QV),6,0.34,0.22783387269018757,0.02480541998644693,0.12628865979381446,0.0668634129345248,97
tct,15,spatial,6,0.36,0.1069686693871633,0.2970143341776204,0.05884879725085912,0.3931257746774063,97
tct,15,a_ratio,6,0.36,0.26918077715144756,0.0076723968754864496,0.13359106529209622,0.05255528194642074,97
tct,15,nqc,6,0.36,0.14381328400430082,0.15991665695264717,0.08805841924398626,0.2013104039967497,97
tct,15,bertQPP,6,0.36,0.291911972926992,0.003717373312696497,0.1829896907216495,0.007921746820669876,97
tct,15,bertQPP(QV),6,0.36,0.23473894683454508,0.0206470041058152,0.1327319587628866,0.054093065441640706,97
tct,15,spatial,6,0.38,0.11463722303658236,0.2635243567498923,0.06658075601374572,0.3339631552636785,97
tct,15,a_ratio,6,0.38,0.27635991911140634,0.006141560956881572,0.13230240549828182,0.05487593045339063,97
tct,15,nqc,6,0.38,0.14493643378886772,0.15664543873141745,0.0893470790378007,0.19479398827541883,97
tct,15,bertQPP,6,0.38,0.29913190382215854,0.002916706530278862,0.18857388316151205,0.006211170636578692,97
tct,15,bertQPP(QV),6,0.38,0.24189646102324128,0.016982570579374193,0.13616838487972513,0.04815964796946807,97
tct,15,spatial,6,0.4,0.12248736620636869,0.2319977992999602,0.06829896907216496,0.32163912125241456,97
tct,15,a_ratio,6,0.4,0.28300789836046836,0.004972083946652537,0.13702749140893475,0.046764860648197036,97
tct,15,nqc,6,0.4,0.14613210908280355,0.15321814105091483,0.08848797250859108,0.19912082868170233,97
tct,15,bertQPP,6,0.4,0.3065734041121689,0.002256950181590796,0.19072164948453613,0.005647306460207743,97
tct,15,bertQPP(QV),6,0.4,0.24930330930872974,0.013795790628416231,0.13831615120274915,0.044736513464296176,97
tct,15,spatial,6,0.42,0.13051111775319985,0.2025997091384265,0.06915807560137457,0.3155898965616176,97
tct,15,a_ratio,6,0.42,0.2891365819752674,0.004074079512528244,0.1439003436426117,0.036783724578164194,97
tct,15,nqc,6,0.42,0.14740751191089818,0.14962450738544553,0.08848797250859108,0.19912082868170233,97
tct,15,bertQPP,6,0.42,0.3142226334587795,0.001722010822202305,0.19243986254295536,0.005229928831102741,97
tct,15,bertQPP(QV),6,0.42,0.25695244478740054,0.011063307098702563,0.14175257731958765,0.039687194240219145,97
tct,15,spatial,6,0.44,0.1386984192541733,0.17545869732892014,0.0734536082474227,0.28647120739097054,97
tct,15,a_ratio,6,0.44,0.2947623617985045,0.0033803633790335575,0.14604810996563578,0.03406318246416719,97
tct,15,nqc,6,0.44,0.14877082166904787,0.1458535579149225,0.0893470790378007,0.19479398827541883,97
tct,15,bertQPP,6,0.44,0.3220595915329604,0.001295537180297821,0.19286941580756015,0.005130036782382208,97
tct,15,bertQPP(QV),6,0.44,0.2648319659258951,0.008755346051863651,0.14261168384879727,0.03850326567762371,97
tct,15,spatial,6,0.46,0.1470369769667628,0.15066195833297344,0.07946735395189004,0.2488442983857856,97
tct,15,a_ratio,6,0.46,0.29990524520428896,0.0028408718399733023,0.14819587628865982,0.031516517606653575,97
tct,15,nqc,6,0.46,0.15023136495315037,0.14189357053456994,0.08977663230240551,0.19265661141875967,97
tct,15,bertQPP,6,0.46,0.33005689969056085,0.0009614299277908259,0.19673539518900346,0.004305679427335466,97
tct,15,bertQPP(QV),6,0.46,0.2729240848701169,0.0068366948845303204,0.14218213058419246,0.039091423487606906,97
tct,15,spatial,6,0.48,0.15551212540485612,0.12825199237686793,0.08419243986254298,0.22181074839562664,97
tct,15,a_ratio,6,0.48,0.3045879804250391,0.0024183338230629923,0.147766323024055,0.03201236643126749,97
tct,15,nqc,6,0.48,0.15179982162002886,0.1377320780849169,0.09063573883161513,0.18843365829791547,97
tct,15,bertQPP,6,0.48,0.33817848267228257,0.0007043236990887685,0.19931271477663232,0.003824903963020039,97
tct,15,bertQPP(QV),6,0.48,0.28120399248968914,0.0052680094055395504,0.14948453608247425,0.030068308790855192,97
tct,15,spatial,6,0.5,0.16410672151002778,0.10822538034631984,0.08977663230240551,0.19265661141875967,97
tct,15,a_ratio,6,0.5,0.308835246916522,0.002084978391997835,0.14905498281786944,0.030544557732034724,97
tct,15,nqc,6,0.5,0.15348847628971682,0.13335589031388667,0.08977663230240551,0.19265661141875967,97
tct,15,bertQPP,6,0.5,0.34637819916639406,0.0005100045618699351,0.20017182130584193,0.0036758280937195186,97
tct,15,bertQPP(QV),6,0.5,0.2896386516226773,0.004007370772233165,0.154639175257732,0.024833107958687445,97
tct,15,spatial,6,0.52,0.17280107913659992,0.09053380946197112,0.08977663230240551,0.19265661141875967,97
tct,15,a_ratio,6,0.52,0.3126729310559149,0.0018200645730002793,0.1516323024054983,0.027781654237823455,97
tct,15,nqc,6,0.52,0.15531152722143954,0.12875115262679002,0.09020618556701032,0.1905365207922204,97
tct,15,bertQPP,6,0.52,0.35459850060950865,0.00036573169312805647,0.20704467353951894,0.0026605976928076114,97
tct,15,bertQPP(QV),6,0.52,0.2981855725374064,0.0030119754856243086,0.1585051546391753,0.021443192891173694,97
tct,15,spatial,6,0.54,0.18157295390541456,0.07508735577619942,0.09149484536082475,0.1842793810224047,97
tct,15,a_ratio,6,0.54,0.31612749834448517,0.0016080462055204422,0.1554982817869416,0.02404211148041231,97
tct,15,nqc,6,0.54,0.15728546813552627,0.12390345865305992,0.09149484536082475,0.1842793810224047,97
tct,15,bertQPP,6,0.54,0.3627692354782636,0.00026044248545148787,0.2096219931271478,0.002351276432455258,97
tct,15,bertQPP(QV),6,0.54,0.3067916531833675,0.00223981590431126,0.16451890034364264,0.016970096384742294,97
tct,15,spatial,6,0.56,0.19039758826617484,0.06175981925840852,0.09106529209621994,0.18634796497677564,97
tct,15,a_ratio,6,0.56,0.3192254657153187,0.0014372173853012828,0.16237113402061856,0.018463547347092265,97
tct,15,nqc,6,0.56,0.15942956345410583,0.11879804063327061,0.09364261168384881,0.17419095096502246,97
tct,15,bertQPP,6,0.56,0.37080675956272374,0.00018483421244549616,0.21864261168384883,0.0015100189795415188,97
tct,15,bertQPP(QV),6,0.56,0.31539220035827126,0.0016512023488983306,0.17139175257731962,0.012879359856548544,97
tct,15,spatial,6,0.58,0.19924782570047922,0.05039570803921562,0.09450171821305844,0.17027316035268703,97
tct,15,a_ratio,6,0.58,0.3219929717151796,0.0012987164296641954,0.16237113402061856,0.018463547347092265,97
tct,15,nqc,6,0.58,0.16176644407816748,0.11342007139760396,0.093213058419244,0.17617491386576734,97
tct,15,bertQPP,6,0.58,0.3786135565155444,0.00013133022700476024,0.22336769759450176,0.0011897860106094835,97
tct,15,bertQPP(QV),6,0.58,0.32391028359870283,0.0012099950290427226,0.17482817869415812,0.011182156616858724,97
tct,15,spatial,6,0.6,0.2080943012835778,0.0408183107838363,0.09922680412371135,0.1498976871116754,97
tct,15,a_ratio,6,0.6,0.3244554381973799,0.0011857946469298719,0.16451890034364264,0.016970096384742294,97
tct,15,nqc,6,0.6,0.16432285988861722,0.1077551253428609,0.09364261168384881,0.17419095096502246,97
tct,15,bertQPP,6,0.6,0.38607860877949196,9.395154652454423e-05,0.22293814432989695,0.0012160687743494618,97
tct,15,bertQPP(QV),6,0.6,0.3322566059409485,0.0008844536407187942,0.18470790378006877,0.007355176256510775,97
tct,15,spatial,6,0.62,0.21690571324037078,0.0328382056914682,0.0970790378006873,0.15891607395046403,97
tct,15,a_ratio,6,0.62,0.32663731454169576,0.0010932794171103729,0.16108247422680416,0.01941379508307944,97
tct,15,nqc,6,0.62,0.1671306376137445,0.10178986474016527,0.09364261168384881,0.17419095096502246,97
tct,15,bertQPP,6,0.62,0.393078774069368,6.812310622134544e-05,0.23024054982817874,0.0008346209629654949,97
tct,15,bertQPP(QV),6,0.62,0.34033009618475824,0.0006476674668200553,0.1859965635738832,0.006954397086601862,97
tct,15,spatial,6,0.64,0.22564917669409285,0.026261545859846944,0.10395189003436428,0.13143701983340042,97
tct,15,a_ratio,6,0.64,0.32856189404406333,0.0010171793148760233,0.15936426116838492,0.0207470988785446,97
tct,15,nqc,6,0.64,0.170227909888496,0.0955130437024817,0.09536082474226806,0.16642177733641728,97
tct,15,bertQPP,6,0.64,0.39948140085499184,5.0446631150746966e-05,0.23582474226804126,0.000621432826309228,97
tct,15,bertQPP(QV),6,0.64,0.34801942464314456,0.0004775875066323354,0.19243986254295536,0.005229928831102741,97
tct,15,spatial,6,0.66,0.23429065662542703,0.020897533618707567,0.10395189003436428,0.13143701983340042,97
tct,15,a_ratio,6,0.66,0.3302511917075775,0.0009543928957308734,0.15764604810996566,0.022159535570441733,97
tct,15,nqc,6,0.66,0.17366070509527068,0.0889169572283321,0.09836769759450173,0.15345704089516993,97
tct,15,bertQPP,6,0.66,0.40514834132249067,3.8469244309826784e-05,0.2392611683848798,0.0005166931871154039,97
tct,15,bertQPP(QV),6,0.66,0.3552056060865242,0.00035673169715985756,0.20317869415807563,0.0031947282487263706,97
tct,15,spatial,6,0.68,0.2427954723554494,0.016564635912535795,0.10996563573883163,0.110550087489207,97
tct,15,a_ratio,6,0.68,0.3317258729465833,0.0009024931428694253,0.154639175257732,0.024833107958687445,97
tct,15,nqc,6,0.68,0.17748502039570319,0.08199950866827836,0.09836769759450173,0.15345704089516993,97
tct,15,bertQPP,6,0.68,0.40994138083391873,3.047021411328187e-05,0.2366838487972509,0.0005935388745829456,97
tct,15,bertQPP(QV),6,0.68,0.3617657692885943,0.0002716647510809789,0.20833333333333337,0.0025015666651811157,97
tct,15,spatial,6,0.7,0.25112886096466747,0.013095272500630336,0.11469072164948456,0.0960541193445157,97
tct,15,a_ratio,6,0.7,0.33300522345265227,0.0008595672176255028,0.15936426116838492,0.0207470988785446,97
tct,15,nqc,6,0.7,0.18176954531329237,0.07476712583283777,0.10180412371134022,0.13959717520298046,97
tct,15,bertQPP,6,0.7,0.4137289005162698,2.5279975245240897e-05,0.24312714776632308,0.0004186340215940853,97
tct,15,bertQPP(QV),6,0.7,0.3675780388690197,0.00021236165022451385,0.21219931271477666,0.0020752134680172376,97
tct,15,spatial,6,0.72,0.2592565823765237,0.01033889715381566,0.11469072164948456,0.0960541193445157,97
tct,15,a_ratio,6,0.72,0.3341071514748819,0.000824096737378965,0.16065292096219932,0.019739903980340746,97
tct,15,nqc,6,0.72,0.18659926349322004,0.0672388188443093,0.10395189003436428,0.13143701983340042,97
tct,15,bertQPP,6,0.72,0.4163933460335813,2.2137953677332687e-05,0.24785223367697598,0.0003223841860548392,97
tct,15,bertQPP(QV),6,0.72,0.37252730108706844,0.0001715512425866914,0.20833333333333337,0.0025015666651811157,97
tct,15,spatial,6,0.74,0.267145544828993,0.008163559775963595,0.12585910652920965,0.0677963948466897,97
tct,15,a_ratio,6,0.74,0.3350482148925316,0.0007948678545936,0.16237113402061856,0.018463547347092265,97
tct,15,nqc,6,0.74,0.1920802372447025,0.05945172414272908,0.10309278350515466,0.1346555631057889,97
tct,15,bertQPP,6,0.74,0.41783883584735104,2.0590313731733387e-05,0.24484536082474234,0.00038088964117221485,97
tct,15,bertQPP(QV),6,0.74,0.3765114360792329,0.00014411130719893333,0.20747422680412375,0.0026065887949513057,97
tct,15,spatial,6,0.76,0.27476442658738587,0.006456163136815513,0.13058419243986258,0.05810246319620013,97
tct,15,a_ratio,6,0.76,0.33584366660190584,0.0007709033395205682,0.16065292096219932,0.019739903980340746,97
tct,15,nqc,6,0.76,0.1983459669293894,0.05146847225397979,0.10352233676975947,0.1330387570764664,97
tct,15,bertQPP,6,0.76,0.41799806893789215,2.0426169815511015e-05,0.2392611683848798,0.0005166931871154039,97
tct,15,bertQPP(QV),6,0.76,0.37944743494064415,0.00012655785952874287,0.20747422680412375,0.0026065887949513057,97
tct,15,spatial,6,0.78,0.2820842683991229,0.005121701582774693,0.13316151202749144,0.05331954320676675,97
tct,15,a_ratio,6,0.78,0.3365075128324966,0.0007514109843765789,0.16022336769759454,0.02007078628569656,97
tct,15,nqc,6,0.78,0.2055657847167941,0.04338654388456972,0.10524054982817871,0.12672143082539938,97
tct,15,bertQPP,6,0.78,0.4168376486543633,2.165102548016723e-05,0.2379725085910653,0.0005538759115824682,97
tct,15,bertQPP(QV),6,0.78,0.38127672804258483,0.00011664659914936931,0.209192439862543,0.002400428947085522,97
tct,15,spatial,6,0.8,0.2890790116081109,0.004081791776867673,0.13402061855670105,0.051800200122302374,97
tct,15,a_ratio,6,0.8,0.33705258000779187,0.0007357441747790066,0.15936426116838492,0.0207470988785446,97
tct,15,nqc,6,0.8,0.21395568897028835,0.03534921055646976,0.11297250859106532,0.10113858933462912,97
tct,15,bertQPP,6,0.8,0.41436106680199186,2.449882665641622e-05,0.23625429553264607,0.0006073368350083252,97
tct,15,bertQPP(QV),6,0.8,0.3819690703712221,0.00011308709552582504,0.21134020618556704,0.0021637443470699886,97
tct,15,spatial,6,0.82,0.2957259591023925,0.0032727867562232214,0.13058419243986258,0.05810246319620013,97
tct,15,a_ratio,6,0.82,0.33749058665226733,0.0007233715795099973,0.16237113402061856,0.018463547347092265,97
tct,15,nqc,6,0.82,0.22379155404580447,0.027556254830692965,0.11855670103092786,0.08536128644887009,97
tct,15,bertQPP,6,0.82,0.4106088864367678,2.94885620958604e-05,0.2405498281786942,0.0004818477915141724,97
tct,15,bertQPP(QV),6,0.82,0.3815244757882448,0.00011536108992130984,0.2096219931271478,0.002351276432455258,97
tct,15,spatial,6,0.84,0.30200614022974304,0.0026437183640526905,0.1443298969072165,0.03622527510674091,97
tct,15,a_ratio,6,0.84,0.3378322176107073,0.0007138537111090343,0.15936426116838492,0.0207470988785446,97
tct,15,nqc,6,0.84,0.23542291686127906,0.020269730243966534,0.12285223367697597,0.07463114343880432,97
tct,15,bertQPP,6,0.84,0.4056560673445164,3.7537257594787206e-05,0.23324742268041243,0.0007126038672884247,97
tct,15,bertQPP(QV),6,0.84,0.3799729457109056,0.00012363346801219744,0.20661512027491413,0.0027156275780873427,97
tct,15,spatial,6,0.86,0.3079045661521337,0.0021542538554641345,0.14862542955326463,0.03102727109196935,97
tct,15,a_ratio,6,0.86,0.3380871984915203,0.0007068246927131775,0.16323024054982818,0.017852894393926448,97
tct,15,nqc,6,0.86,0.24928019080949115,0.01380486672203659,0.13316151202749144,0.05331954320676675,97
tct,15,bertQPP,6,0.86,0.39960680094942513,5.0147607450160085e-05,0.2298109965635739,0.0008535554716530555,97
tct,15,bertQPP(QV),6,0.86,0.3773720466756194,0.00013874540830750983,0.20790378006872856,0.0025535840012904936,97
tct,15,spatial,6,0.88,0.31341036833596747,0.001772792202292272,0.15335051546391754,0.026061836085581373,97
tct,15,a_ratio,6,0.88,0.3382643687803812,0.0007019779921229331,0.16323024054982818,0.017852894393926448,97
tct,15,nqc,6,0.88,0.26585270526384985,0.008489755930234082,0.1434707903780069,0.037349490378258986,97
tct,15,bertQPP,6,0.88,0.39258756070307066,6.969371733137517e-05,0.2177835051546392,0.0015761513468118154,97
tct,15,bertQPP(QV),6,0.88,0.3738026857955979,0.0001622813169801874,0.21048109965635742,0.002255725464528707,97
tct,15,spatial,6,0.9,0.3185168194151219,0.0014747724773004965,0.15420962199312716,0.025236989773183314,97
tct,15,a_ratio,6,0.9,0.33837175250579177,0.0006990551960457097,0.16537800687285226,0.016403064445582434,97
tct,15,nqc,6,0.9,0.2855722773858086,0.004576869262002571,0.15249140893470792,0.026909885175764755,97
tct,15,bertQPP,6,0.9,0.3847392570282579,9.982972757167857e-05,0.2134879725085911,0.0019486331283160838,97
tct,15,bertQPP(QV),6,0.9,0.36936364864096016,0.0001967022726606736,0.20403780068728525,0.00306822352558543,97
tct,15,spatial,6,0.92,0.32322124192998036,0.0012412248506063661,0.15721649484536085,0.02252544814571104,97
tct,15,a_ratio,6,0.92,0.3384166256867232,0.0006978371272034829,0.16623711340206188,0.015852745291372216,97
tct,15,nqc,6,0.92,0.30842766799752347,0.002115065297392918,0.15764604810996566,0.022159535570441733,97
tct,15,bertQPP,6,0.92,0.3762093897863576,0.00014603970649111023,0.20403780068728525,0.00306822352558543,97
tct,15,bertQPP(QV),6,0.92,0.3641655615552445,0.0002455373472282541,0.1937285223367698,0.004935409194231109,97
tct,15,spatial,6,0.94,0.3275248159143532,0.001057565120228163,0.16108247422680416,0.01941379508307944,97
tct,15,a_ratio,6,0.94,0.3384055800671667,0.000698136776972498,0.16108247422680416,0.01941379508307944,97
tct,15,nqc,6,0.94,0.3329109845062845,0.0008626644696172575,0.16108247422680416,0.01941379508307944,97
tct,15,bertQPP,6,0.94,0.3671449437786943,0.0002163295356608128,0.19630584192439868,0.0043909374810577745,97
tct,15,bertQPP(QV),6,0.94,0.3583249157962494,0.00031361968244724445,0.18127147766323026,0.008527096049992753,97
tct,15,spatial,6,0.96,0.3314323005757699,0.0009126151380699986,0.16237113402061856,0.018463547347092265,97
tct,15,a_ratio,6,0.96,0.33834458285525526,0.0006997936526137543,0.15936426116838492,0.0207470988785446,97
tct,15,nqc,6,0.96,0.3537747604495867,0.0003782773443399721,0.16408934707903783,0.01726000960595295,97
tct,15,bertQPP,6,0.96,0.3576865345277584,0.0003220311550028911,0.18127147766323026,0.008527096049992753,97
tct,15,bertQPP(QV),6,0.96,0.35195867068627507,0.0004073469331344594,0.1778350515463918,0.009863239446727635,97
tct,15,spatial,6,0.98,0.3349516881586,0.0007978217349633955,0.16108247422680416,0.01941379508307944,97
tct,15,a_ratio,6,0.98,0.3382390323465205,0.0007026692326068161,0.16151202749140894,0.01909240321886764,97
tct,15,nqc,6,0.98,0.35973661215639136,0.0002957326082315423,0.1752577319587629,0.010984624932232429,97
tct,15,bertQPP,6,0.98,0.3479640505767384,0.00047864966875653403,0.17225085910652924,0.012434959394241826,97
tct,15,bertQPP(QV),6,0.98,0.34517978050986375,0.0005349371000737402,0.1701030927835052,0.013572314777054699,97
tct,15,spatial,6,1.0,0.33809380943144646,0.0007066432945507606,0.16065292096219932,0.019739903980340746,97
tct,15,a_ratio,6,1.0,0.33809380943144646,0.0007066432945507606,0.16065292096219932,0.019739903980340746,97
tct,15,nqc,6,1.0,0.33809380943144646,0.0007066432945507606,0.16065292096219932,0.019739903980340746,97
tct,15,bertQPP,6,1.0,0.33809380943144646,0.0007066432945507606,0.16065292096219932,0.019739903980340746,97
tct,15,bertQPP(QV),6,1.0,0.33809380943144646,0.0007066432945507606,0.16065292096219932,0.019739903980340746,97
tct,15,spatial,7,0.0,0.001031152290801668,0.992002124147356,0.0047250859106529215,0.9453348196600103,97
tct,15,a_ratio,7,0.0,0.07429253125432347,0.46955000831987603,0.0584192439862543,0.3965888091618368,97
tct,15,nqc,7,0.0,0.13114536992369358,0.20039538169504273,0.08118556701030928,0.23875904036666062,97
tct,15,bertQPP,7,0.0,0.19877034806861155,0.050961349322358296,0.13917525773195877,0.0434259212403691,97
tct,15,bertQPP(QV),7,0.0,0.14399174086233593,0.1593935249494607,0.09664948453608249,0.16076803875264556,97
tct,15,spatial,7,0.02,0.005942252403677961,0.9539348536211804,0.006013745704467355,0.930459888527551,97
tct,15,a_ratio,7,0.02,0.08751875365693337,0.3939794307576715,0.06743986254295534,0.3277635503646662,97
tct,15,nqc,7,0.02,0.13167033178224505,0.19858396397156242,0.08204467353951891,0.23382603249144784,97
tct,15,bertQPP,7,0.02,0.20273785842267333,0.04641661028215105,0.14089347079037803,0.040901875311072,97
tct,15,bertQPP(QV),7,0.02,0.1478667842553391,0.1483460585491601,0.09836769759450173,0.15345704089516993,97
tct,15,spatial,7,0.04,0.011012521723184898,0.9147430106785355,0.0047250859106529215,0.9453348196600103,97
tct,15,a_ratio,7,0.04,0.1010367542418196,0.32476200167075275,0.07817869415807562,0.25660117603543875,97
tct,15,nqc,7,0.04,0.1322169864725436,0.19671024652282673,0.08290378006872855,0.22896569995644822,97
tct,15,bertQPP,7,0.04,0.2068592865325953,0.04205642511527965,0.14261168384879727,0.03850326567762371,97
tct,15,bertQPP(QV),7,0.04,0.15189537539818426,0.13748157588723162,0.10180412371134022,0.13959717520298046,97
tct,15,spatial,7,0.06,0.016247465689725488,0.8744922915429985,0.010309278350515465,0.8810807858527536,97
tct,15,a_ratio,7,0.06,0.11480272637915032,0.26283104965435095,0.0889175257731959,0.1969487085850582,97
tct,15,nqc,7,0.06,0.1327867035237965,0.1947710746703078,0.08247422680412372,0.23138680179907667,97
tct,15,bertQPP,7,0.06,0.21114231851488865,0.037892196206378397,0.14304123711340208,0.037922646089534044,97
tct,15,bertQPP(QV),7,0.06,0.1560854775772766,0.12683344881187888,0.10352233676975947,0.1330387570764664,97
tct,15,spatial,7,0.08,0.021652638975165728,0.8332666194766819,0.010309278350515465,0.8810807858527536,97
tct,15,a_ratio,7,0.08,0.12876567279730552,0.20875557910899484,0.09278350515463919,0.1781756748775648,97
tct,15,nqc,7,0.08,0.1333809699100687,0.19276308817691462,0.08247422680412372,0.23138680179907667,97
tct,15,bertQPP,7,0.08,0.21559499758617112,0.033934667913200225,0.1439003436426117,0.036783724578164194,97
tct,15,bertQPP(QV),7,0.08,0.16044546708111931,0.1164364119703662,0.1048109965635739,0.1282784361242476,97
tct,15,spatial,7,0.1,0.027233615314470105,0.7911696982181813,0.015463917525773198,0.8224469251562028,97
tct,15,a_ratio,7,0.1,0.1428677511567052,0.16270974538278185,0.10051546391752579,0.14467719951816677,97
tct,15,nqc,7,0.1,0.13400140287837822,0.19068270563008066,0.08376288659793817,0.22417771625382632,97
tct,15,bertQPP,7,0.1,0.22022571803150615,0.03019370901326061,0.1473367697594502,0.03251488713772691,97
tct,15,bertQPP(QV),7,0.1,0.1649841371788616,0.10632625908282499,0.10738831615120277,0.11915605807960761,97
tct,15,spatial,7,0.12,0.03299595133858012,0.7483263507272786,0.018470790378006877,0.7886746705788532,97
tct,15,a_ratio,7,0.12,0.15704493382768642,0.12448656121133672,0.10609965635738833,0.1236515932692785,97
tct,15,nqc,7,0.12,0.13464976449037158,0.18852610760776228,0.08462199312714778,0.2194617374170329,97
tct,15,bertQPP,7,0.12,0.2250432115003903,0.026678079259606156,0.15034364261168387,0.02913493133073165,97
tct,15,bertQPP(QV),7,0.12,0.1697106962551134,0.0965394531718829,0.10781786941580758,0.11768634646990996,97
tct,15,spatial,7,0.14,0.03894514362510251,0.7048835345326091,0.02362542955326461,0.7317251099207628,97
tct,15,a_ratio,7,0.14,0.171227995521625,0.09355278058014281,0.10567010309278352,0.12517917667351905,97
tct,15,nqc,7,0.14,0.13532797814977615,0.1862892185635044,0.08591065292096221,0.2125219840325313,97
tct,15,bertQPP,7,0.14,0.23005652339547603,0.02339518463126634,0.15378006872852237,0.025646544632394585,97
tct,15,bertQPP(QV),7,0.14,0.1746347582084997,0.08711264259513972,0.10910652920962201,0.11336246240953972,97
tct,15,spatial,7,0.16,0.04508657813080921,0.66101090908252,0.02448453608247423,0.7223661580007107,97
tct,15,a_ratio,7,0.16,0.1853438188176535,0.06913402779574794,0.10781786941580758,0.11768634646990996,97
tct,15,nqc,7,0.16,0.13603814743820652,0.18396768737707306,0.08591065292096221,0.2125219840325313,97
tct,15,bertQPP,7,0.16,0.23527497658414673,0.02035082771834469,0.154639175257732,0.024833107958687445,97
tct,15,bertQPP(QV),7,0.16,0.17976632274919113,0.07808207698842153,0.11168384879725088,0.1050908480999539,97
tct,15,spatial,7,0.18,0.051425471127706526,0.6169008177848568,0.026202749140893475,0.7037735989090746,97
tct,15,a_ratio,7,0.18,0.19931698051378166,0.05031421505284381,0.11254295532646051,0.10244263799035044,97
tct,15,nqc,7,0.18,0.13678257764296292,0.18155686653378417,0.08634020618556702,0.2102443337075397,97
tct,15,bertQPP,7,0.18,0.24070811901526667,0.017548961737254655,0.1589347079037801,0.021092644173514117,97
tct,15,bertQPP(QV),7,0.18,0.18511574265534503,0.06948292078678789,0.11512027491408937,0.09481550621817705,97
tct,15,spatial,7,0.2,0.05796680073833782,0.5727675403286153,0.029639175257731964,0.6671244311500414,97
tct,15,a_ratio,7,0.2,0.21307155405556874,0.036132459268829666,0.11812714776632303,0.08649966115997804,97
tct,15,nqc,7,0.2,0.13756380043479038,0.17905178992123721,0.08591065292096221,0.2125219840325313,97
tct,15,bertQPP,7,0.2,0.24636565104461083,0.014991458825745667,0.16065292096219932,0.019739903980340746,97
tct,15,bertQPP(QV),7,0.2,0.19069367435220858,0.06134846711083192,0.11855670103092786,0.08536128644887009,97
tct,15,spatial,7,0.22,0.0647152281628604,0.5288456723345807,0.032216494845360835,0.6401438286436847,97
tct,15,a_ratio,7,0.22,0.22653303870553945,0.025663913884699602,0.11898625429553265,0.08423505409007553,97
tct,15,nqc,7,0.22,0.13838460224441665,0.17644714926982116,0.08634020618556702,0.2102443337075397,97
tct,15,bertQPP,7,0.22,0.2522573273444497,0.012677905356737146,0.16451890034364264,0.016970096384742294,97
tct,15,bertQPP(QV),7,0.22,0.19651100734212212,0.053709261703233445,0.11726804123711342,0.08881318243030219,97
tct,15,spatial,7,0.24,0.0716750077189875,0.4853875026316536,0.03565292096219932,0.6049019912656891,97
tct,15,a_ratio,7,0.24,0.23963030836953106,0.018076689751500556,0.12628865979381446,0.0668634129345248,97
tct,15,nqc,7,0.24,0.1392480569982309,0.1737372693175314,0.08634020618556702,0.2102443337075397,97
tct,15,bertQPP,7,0.24,0.2583928271793601,0.010605438800664198,0.16451890034364264,0.016970096384742294,97
tct,15,bertQPP(QV),7,0.24,0.20257876702115155,0.04659215538015892,0.12199312714776635,0.07668417076895777,97
tct,15,spatial,7,0.26,0.07884988488629899,0.4426592867742201,0.04295532646048111,0.5330675016802799,97
tct,15,a_ratio,7,0.26,0.25229746521710644,0.012663276100334235,0.13788659793814437,0.04540422310195199,97
tct,15,nqc,7,0.26,0.14015756401103302,0.1709160818564854,0.08762886597938145,0.2035174890452155,97
tct,15,bertQPP,7,0.26,0.26478158556079684,0.008768641850555935,0.16752577319587633,0.015057708996420909,97
tct,15,bertQPP(QV),7,0.26,0.2089079842543795,0.040019314035056194,0.12328178694158079,0.07362159410235054,97
tct,15,spatial,7,0.28,0.08624298167090003,0.4009363616290628,0.04853951890034365,0.4812066051703042,97
tct,15,a_ratio,7,0.28,0.26447548720504366,0.008849806026778852,0.14647766323024058,0.03354022455213661,97
tct,15,nqc,7,0.28,0.1411168920042672,0.1679770989260004,0.08719931271477664,0.2057421374120063,97
tct,15,bertQPP,7,0.28,0.27143257634722995,0.007159509730621404,0.17139175257731962,0.012879359856548544,97
tct,15,bertQPP(QV),7,0.28,0.21550952374039753,0.03400722721105919,0.12714776632302408,0.06502915478137135,97
tct,15,spatial,7,0.3,0.09385666879840347,0.3604971116972549,0.04896907216494846,0.4773342987798882,97
tct,15,a_ratio,7,0.3,0.27611357430101746,0.006189230902963823,0.1516323024054983,0.027781654237823455,97
tct,15,nqc,7,0.3,0.14213023043048734,0.16491338556638813,0.08762886597938145,0.2035174890452155,97
tct,15,bertQPP,7,0.3,0.2783540367535199,0.0057675054295769366,0.17568728522336774,0.01079019991112942,97
tct,15,bertQPP(QV),7,0.3,0.22239386168386116,0.02856576884153257,0.13101374570446736,0.05728140399891128,97
tct,15,spatial,7,0.32,0.1016924245179053,0.32161588312801104,0.05197594501718214,0.450711341430895,97
tct,15,a_ratio,7,0.32,0.28717012367054395,0.004345009258314202,0.154639175257732,0.024833107958687445,97
tct,15,nqc,7,0.32,0.14320224955062485,0.1617175327537371,0.0893470790378007,0.19479398827541883,97
tct,15,bertQPP,7,0.32,0.2855531210222367,0.0045797146430107075,0.18084192439862545,0.008684754281086702,97
tct,15,bertQPP(QV),7,0.32,0.22957080164454638,0.02369737562808519,0.1314432989690722,0.05647001729864357,97
tct,15,spatial,7,0.34,0.1097506801725534,0.2845550432022727,0.054553264604811004,0.4285767645779882,97
tct,15,a_ratio,7,0.34,0.2976132958422312,0.0030709340426308216,0.16151202749140894,0.01909240321886764,97
tct,15,nqc,7,0.34,0.14433817104524463,0.15838163141931758,0.08848797250859108,0.19912082868170233,97
tct,15,bertQPP,7,0.34,0.29303546928838997,0.0035811071825495302,0.186426116838488,0.006825229731210832,97
tct,15,bertQPP(QV),7,0.34,0.2370491157116365,0.01939641778963559,0.13745704467353953,0.04608031263937092,97
tct,15,spatial,7,0.36,0.11803065317904773,0.24955649496556512,0.05970790378006874,0.38625489539833124,97
tct,15,a_ratio,7,0.36,0.3074211675591317,0.002191049123261178,0.16967353951890035,0.013810511589466142,97
tct,15,nqc,7,0.36,0.1455438513645656,0.1548972488458685,0.0889175257731959,0.1969487085850582,97
tct,15,bertQPP,7,0.36,0.30080467610673556,0.002754904429857063,0.19201030927835053,0.00533157487845821,97
tct,15,bertQPP(QV),7,0.36,0.24483609649012883,0.015648841152964957,0.138745704467354,0.04407710548149226,97
tct,15,spatial,7,0.38,0.12653016867258704,0.21683306826791723,0.06013745704467355,0.3828471200330016,97
tct,15,a_ratio,7,0.38,0.31658149831743126,0.0015819127951144203,0.17482817869415812,0.011182156616858724,97
tct,15,nqc,7,0.38,0.14682588056143986,0.15125540926506573,0.09063573883161513,0.18843365829791547,97
tct,15,bertQPP,7,0.38,0.3088616419797663,0.002083043329509517,0.19759450171821308,0.0041396512632380965,97
tct,15,bertQPP(QV),7,0.38,0.25293700399358504,0.012432156020878327,0.14003436426116841,0.04214791401843269,97
tct,15,spatial,7,0.4,0.13524547182544105,0.18656030553648043,0.06486254295532648,0.34658765831762584,97
tct,15,a_ratio,7,0.4,0.325091162941476,0.0011581300033072408,0.18041237113402064,0.008845012615594157,97
tct,15,nqc,7,0.4,0.14819170004265755,0.14744658120833734,0.09106529209621994,0.18634796497677564,97
tct,15,bertQPP,7,0.4,0.3172037909398024,0.0015467171196580508,0.2018900343642612,0.0033934144348203364,97
tct,15,bertQPP(QV),7,0.4,0.2613543907434268,0.009715834317058965,0.14862542955326463,0.03102727109196935,97
tct,15,spatial,7,0.42,0.14417103374006393,0.15886922626393887,0.06915807560137457,0.3155898965616176,97
tct,15,a_ratio,7,0.42,0.3329553197235596,0.0008612060845897976,0.1782646048109966,0.009686599012848096,97
tct,15,nqc,7,0.42,0.1496497435653184,0.14346067515847497,0.09063573883161513,0.18843365829791547,97
tct,15,bertQPP,7,0.42,0.3258241384043393,0.0011269626862116394,0.19974226804123715,0.0037496927052216027,97
tct,15,bertQPP(QV),7,0.42,0.2700872886677679,0.007462150334355909,0.14948453608247425,0.030068308790855192,97
tct,15,spatial,7,0.44,0.15329935484568263,0.13384067096803337,0.07302405498281789,0.28929863271816614,97
tct,15,a_ratio,7,0.44,0.3401863919498487,0.0006513173869352412,0.17912371134020622,0.009341755733078497,97
tct,15,nqc,7,0.44,0.15120960696233288,0.1392870564110685,0.09063573883161513,0.18843365829791547,97
tct,15,bertQPP,7,0.44,0.33471019698075666,0.0008052557350241203,0.19974226804123715,0.0037496927052216027,97
tct,15,bertQPP(QV),7,0.44,0.27913024346307097,0.005627461864053947,0.14991408934707906,0.029598455953974822,97
tct,15,spatial,7,0.46,0.16262077087123109,0.11150177839639884,0.07860824742268042,0.2539971105350425,97
tct,15,a_ratio,7,0.46,0.3468029406759301,0.0005014270247078535,0.1859965635738832,0.006954397086601862,97
tct,15,nqc,7,0.46,0.1528822535943872,0.1349145799174877,0.08977663230240551,0.19265661141875967,97
tct,15,bertQPP,7,0.46,0.3438427147587912,0.0005640697829417039,0.2018900343642612,0.0033934144348203364,97
tct,15,bertQPP(QV),7,0.46,0.28847218686095344,0.004163880031150138,0.15335051546391754,0.026061836085581373,97
tct,15,spatial,7,0.48,0.1721232676911074,0.09182503060173088,0.08290378006872855,0.22896569995644822,97
tct,15,a_ratio,7,0.48,0.35282850001584315,0.00039317684003143543,0.18857388316151205,0.006211170636578692,97
tct,15,nqc,7,0.48,0.15468026451892047,0.13033165643091904,0.09020618556701032,0.1905365207922204,97
tct,15,bertQPP,7,0.48,0.35319425228797696,0.0003873549979847812,0.20060137457044677,0.0036032888355043277,97
tct,15,bertQPP(QV),7,0.48,0.29809514591762615,0.003021223527766163,0.16022336769759454,0.02007078628569656,97
tct,15,spatial,7,0.5,0.18179231258602235,0.07473011100297207,0.0850515463917526,0.21713063766326968,97
tct,15,a_ratio,7,0.5,0.35829043507605873,0.0003140687873891441,0.19243986254295536,0.005229928831102741,97
tct,15,nqc,7,0.5,0.15661814501220925,0.12552636276724294,0.09063573883161513,0.18843365829791547,97
tct,15,bertQPP,7,0.5,0.3627276224928536,0.00026089923176126056,0.20403780068728525,0.00306822352558543,97
tct,15,bertQPP(QV),7,0.5,0.30797280242197433,0.0021491050029873236,0.1670962199312715,0.015318729327102553,97
tct,15,spatial,7,0.52,0.19161071064821472,0.06008857530944293,0.09020618556701032,0.1905365207922204,97
tct,15,a_ratio,7,0.52,0.3632188691667927,0.00025555411396780716,0.19501718213058422,0.004655971971265852,97
tct,15,nqc,7,0.52,0.15871270261987402,0.1204866137685569,0.09192439862542956,0.1822278457949571,97
tct,15,bertQPP,7,0.52,0.37239424384561387,0.00017254606619338195,0.21134020618556704,0.0021637443470699886,97
tct,15,bertQPP(QV),7,0.52,0.3180689362951323,0.0014989649329315924,0.16967353951890035,0.013810511589466142,97
tct,15,spatial,7,0.54,0.2015584960824558,0.04773106194385147,0.09149484536082475,0.1842793810224047,97
tct,15,a_ratio,7,0.54,0.3676457129498337,0.00021174775119894891,0.19974226804123715,0.0037496927052216027,97
tct,15,nqc,7,0.54,0.16098351668481128,0.11520042008364237,0.09235395189003438,0.18019329783502935,97
tct,15,bertQPP,7,0.54,0.3821324924272088,0.0001122617399413596,0.21606529209621997,0.0017164841150655054,97
tct,15,bertQPP(QV),7,0.54,0.3283358157245069,0.0010258615543418388,0.17697594501718217,0.010225152665271457,97
tct,15,spatial,7,0.56,0.211612868882667,0.03745650524696772,0.09407216494845362,0.1722237215768213,97
tct,15,a_ratio,7,0.56,0.3716038151663452,0.00017856673649089712,0.20017182130584193,0.0036758280937195186,97
tct,15,nqc,7,0.56,0.16345352579453462,0.10965626477281472,0.09192439862542956,0.1822278457949571,97
tct,15,bertQPP,7,0.56,0.39186618324370087,7.206145022244442e-05,0.21950171821305847,0.0014464512863097319,97
tct,15,bertQPP(QV),7,0.56,0.33871263432380494,0.0006898505715012718,0.18341924398625434,0.007776554495134835,97
tct,15,spatial,7,0.58,0.22174818765225301,0.029042603083797115,0.0970790378006873,0.15891607395046403,97
tct,15,a_ratio,7,0.58,0.3751262434454689,0.00015315332649624668,0.20317869415807563,0.0031947282487263706,97
tct,15,nqc,7,0.58,0.16614976849704774,0.10384364379928192,0.09235395189003438,0.18019329783502935,97
tct,15,bertQPP,7,0.58,0.40150336345928017,4.5822021124416536e-05,0.22336769759450176,0.0011897860106094835,97
tct,15,bertQPP(QV),7,0.58,0.349124140933551,0.00045684427725702233,0.18771477663230243,0.006450561996249079,97
tct,15,spatial,7,0.6,0.23193602903140942,0.022256667599394982,0.10609965635738833,0.1236515932692785,97
tct,15,a_ratio,7,0.6,0.3782456948674415,0.00013348812239134111,0.20833333333333337,0.0025015666651811157,97
tct,15,nqc,7,0.6,0.16910432495812144,0.09775383166283769,0.09621993127147768,0.16263626465805225,97
tct,15,bertQPP,7,0.6,0.4109356548924881,2.9018865766258373e-05,0.2298109965635739,0.0008535554716530555,97
tct,15,bertQPP(QV),7,0.6,0.3594796573482326,0.00029891670995055276,0.19458762886597944,0.004747484369155047,97
tct,15,spatial,7,0.62,0.24214532315287335,0.016865977255006593,0.10996563573883163,0.110550087489207,97
tct,15,a_ratio,7,0.62,0.3809940295109749,0.00011812969244110757,0.2134879725085911,0.0019486331283160838,97
tct,15,nqc,7,0.62,0.1723555244267097,0.09138095486097307,0.10051546391752579,0.14467719951816677,97
tct,15,bertQPP,7,0.62,0.4200384304606243,1.8428520580929886e-05,0.23711340206185572,0.000580033168540485,97
tct,15,bertQPP(QV),7,0.62,0.36967272620772984,0.0001941026754829102,0.20103092783505158,0.0035320539175627825,97
tct,15,spatial,7,0.64,0.25234257265505844,0.012646853111200071,0.11211340206185569,0.10376002930884054,97
tct,15,a_ratio,7,0.64,0.38340191596420337,0.0001060384219243666,0.21048109965635742,0.002255725464528707,97
tct,15,nqc,7,0.64,0.17594950755221478,0.08472348351125172,0.10137457044673541,0.14127503537333896,97
tct,15,bertQPP,7,0.64,0.4286721342301213,1.1833850780213095e-05,0.24269759450171827,0.0004286013573495472,97
tct,15,bertQPP(QV),7,0.64,0.37958166399227045,0.0001258048546164096,0.20618556701030932,0.0027716955730928564,97
tct,15,spatial,7,0.66,0.2624921599788675,0.009391883594353913,0.12328178694158079,0.07362159410235054,97
tct,15,a_ratio,7,0.66,0.3854985753847712,9.645657650225141e-05,0.21091065292096223,0.002209296231634933,97
tct,15,nqc,7,0.66,0.1799422668237156,0.07778628560188873,0.10266323024054985,0.13628751627610397,97
tct,15,bertQPP,7,0.66,0.43668503778570456,7.759369585286142e-06,0.24828178694158082,0.0003147483455907583,97
tct,15,bertQPP(QV),7,0.66,0.3890712966879517,8.196000890707292e-05,0.21391752577319592,0.001908041073171658,97
tct,15,spatial,7,0.68,0.2725567439812432,0.006914982265512758,0.13230240549828182,0.05487593045339063,97
tct,15,a_ratio,7,0.68,0.3873116097626359,8.882603517911093e-05,0.21176975945017185,0.0021190549684448486,97
tct,15,nqc,7,0.68,0.18440233708472842,0.07058342708246051,0.10524054982817871,0.12672143082539938,97
tct,15,bertQPP,7,0.68,0.4439176459800156,5.25218645224721e-06,0.25042955326460486,0.0002790440350017295,97
tct,15,bertQPP(QV),7,0.68,0.39799611015982217,5.411720196096601e-05,0.22250859106529214,0.001242886914966472,97
tct,15,spatial,7,0.7,0.28249774243399434,0.0050542353908752495,0.14132302405498284,0.040290653027956765,97
tct,15,a_ratio,7,0.7,0.388866900178328,8.273140332146297e-05,0.209192439862543,0.002400428947085522,97
tct,15,nqc,7,0.7,0.18941437740090833,0.06314193725956936,0.10781786941580758,0.11768634646990996,97
tct,15,bertQPP,7,0.7,0.45020880733890645,3.713056425355233e-06,0.25515463917525777,0.00021341645031147517,97
tct,15,bertQPP(QV),7,0.7,0.40620493788889145,3.6553494078064385e-05,0.22336769759450176,0.0011897860106094835,97
tct,15,spatial,7,0.72,0.2922758919716493,0.0036727350094803222,0.14647766323024058,0.03354022455213661,97
tct,15,a_ratio,7,0.72,0.3901885617118473,7.786033636826087e-05,0.21391752577319592,0.001908041073171658,97
tct,15,nqc,7,0.72,0.19508398372340952,0.0555067739407379,0.11211340206185569,0.10376002930884054,97
tct,15,bertQPP,7,0.72,0.4554033478161638,2.7739537462369174e-06,0.2564432989690722,0.00019821410424194529,97
tct,15,bertQPP(QV),7,0.72,0.4135471294383533,2.550886270539375e-05,0.22809278350515466,0.000933347093157991,97
tct,15,spatial,7,0.74,0.30185187184686924,0.002657765149039919,0.15378006872852237,0.025646544632394585,97
tct,15,a_ratio,7,0.74,0.39129894295619017,7.397561927951024e-05,0.2134879725085911,0.0019486331283160838,97
tct,15,nqc,7,0.74,0.2015442082453956,0.04774717319123646,0.11426116838487975,0.09730564872611688,97
tct,15,bertQPP,7,0.74,0.45936075489016864,2.2142213766624064e-06,0.2603092783505155,0.00015848586196658186,97
tct,15,bertQPP(QV),7,0.74,0.4198799056289923,1.857691170321427e-05,0.23582474226804126,0.000621432826309228,97
tct,15,spatial,7,0.76,0.3111869728755332,0.001918798253894529,0.16022336769759454,0.02007078628569656,97
tct,15,a_ratio,7,0.76,0.3922186596032117,7.089533876116291e-05,0.21434707903780073,0.0018682268943729797,97
tct,15,nqc,7,0.76,0.20896444247602136,0.039964362650738994,0.1164089347079038,0.09117630712765404,97
tct,15,bertQPP,7,0.76,0.46196414487624504,1.9061666294327235e-06,0.2598797250859107,0.00016249811961052113,97
tct,15,bertQPP(QV),7,0.76,0.4250763463261731,1.4252219080148833e-05,0.24269759450171827,0.0004286013573495472,97
tct,15,spatial,7,0.78,0.3202437886844475,0.0013847687538230378,0.1670962199312715,0.015318729327102553,97
tct,15,a_ratio,7,0.78,0.3929666531376942,6.847867263937476e-05,0.21606529209621997,0.0017164841150655054,97
tct,15,nqc,7,0.78,0.21756253482365617,0.03230007438354237,0.11597938144329899,0.09237668593402237,97
tct,15,bertQPP,7,0.78,0.4631285255193452,1.7819216697918536e-06,0.26503436426116844,0.00012008730713750342,97
tct,15,bertQPP(QV),7,0.78,0.4290332314355891,1.1613561390766067e-05,0.24312714776632308,0.0004186340215940853,97
tct,15,spatial,7,0.8,0.3289869032857112,0.0010010383365778018,0.1752577319587629,0.010984624932232429,97
tct,15,a_ratio,7,0.8,0.3935602671897653,6.661561128042463e-05,0.21993127147766325,0.0014156009702633058,97
tct,15,nqc,7,0.8,0.22762118102269946,0.024944090237199505,0.12113402061855671,0.07878300963914868,97
tct,15,bertQPP,7,0.8,0.4628072974735304,1.815411036492489e-06,0.26718213058419243,0.00010570268251880998,97
tct,15,bertQPP(QV),7,0.8,0.43167783248364344,1.0113772671050131e-05,0.24269759450171827,0.0004286013573495472,97
tct,15,spatial,7,0.82,0.3373835474957336,0.0007263774810677066,0.17396907216494847,0.011586707769612953,97
tct,15,a_ratio,7,0.82,0.39401533548942425,6.52194553256705e-05,0.21950171821305847,0.0014464512863097319,97
tct,15,nqc,7,0.82,0.23950945470935564,0.018136707410177536,0.13101374570446736,0.05728140399891128,97
tct,15,bertQPP,7,0.82,0.46099607496313183,2.0156541565171413e-06,0.2641752577319588,0.00012634244111771396,97
tct,15,bertQPP(QV),7,0.82,0.4329727863112738,9.44765934582321e-06,0.2508591065292096,0.00027237466938260737,97
tct,15,spatial,7,0.84,0.3454041970627435,0.0005301848334632323,0.18084192439862545,0.008684754281086702,97
tct,15,a_ratio,7,0.84,0.3943462766044896,6.422129080527104e-05,0.22079037800687287,0.0013557124652369783,97
tct,15,nqc,7,0.84,0.2537088904547848,0.012158110598884227,0.13831615120274915,0.044736513464296176,97
tct,15,bertQPP,7,0.84,0.45773324676298344,2.4300895971137257e-06,0.26374570446735396,0.00012958397281742168,97
tct,15,bertQPP(QV),7,0.84,0.4329183930894821,9.474788423599554e-06,0.2517182130584193,0.00025948171452482385,97
tct,15,spatial,7,0.86,0.3530230876501274,0.00039006956185429713,0.18943298969072167,0.005979808014005902,97
tct,15,a_ratio,7,0.86,0.3945661917115585,6.356588485627746e-05,0.22465635738831619,0.0011140538745299275,97
tct,15,nqc,7,0.86,0.270837877523365,0.007291931790354463,0.14647766323024058,0.03354022455213661,97
tct,15,bertQPP,7,0.86,0.45309717853773845,3.159188606244811e-06,0.26116838487972516,0.00015073942387955493,97
tct,15,bertQPP(QV),7,0.86,0.43155203641167594,1.018078112277302e-05,0.24957044673539522,0.00029284438819506046,97
tct,15,spatial,7,0.88,0.36021862592083104,0.0002898438194979544,0.19501718213058422,0.004655971971265852,97
tct,15,a_ratio,7,0.88,0.394686962550372,6.320861084081709e-05,0.22379725085910657,0.0011640289366746655,97
tct,15,nqc,7,0.88,0.29164947966319804,0.0037498713640912356,0.1585051546391753,0.021443192891173694,97
tct,15,bertQPP,7,0.88,0.4472004635322817,4.386559555528395e-06,0.2577319587628867,0.0001840336555755922,97
tct,15,bertQPP(QV),7,0.88,0.4289448456357058,1.166712283180022e-05,0.2508591065292096,0.00027237466938260737,97
tct,15,spatial,7,0.9,0.36697368155401966,0.00021791740088846612,0.19974226804123715,0.0037496927052216027,97
tct,15,a_ratio,7,0.9,0.3947193474562291,6.311312572527385e-05,0.22293814432989695,0.0012160687743494618,97
tct,15,nqc,7,0.9,0.3169205341358068,0.0015626486346155375,0.17225085910652924,0.012434959394241826,97
tct,15,bertQPP,7,0.9,0.4401820379609005,6.4322486264211685e-06,0.2512886597938145,0.00026585493232954136,97
tct,15,bertQPP(QV),7,0.9,0.42519611003524604,1.4164705348161372e-05,0.24226804123711343,0.00043878992015195634,97
tct,15,spatial,7,0.92,0.37327575160743826,0.00016605354665093076,0.20446735395189009,0.0030066996042901117,97
tct,15,a_ratio,7,0.92,0.3946730739687758,6.324960177322128e-05,0.2177835051546392,0.0015761513468118154,97
tct,15,nqc,7,0.92,0.3469868654035899,0.0004977539458208863,0.17912371134020622,0.009341755733078497,97
tct,15,bertQPP,7,0.92,0.4321982009340188,9.840963765649876e-06,0.24699312714776633,0.0003381788389163567,97
tct,15,bertQPP(QV),7,0.92,0.4204262230979656,1.8070187514637398e-05,0.25042955326460486,0.0002790440350017295,97
tct,15,spatial,7,0.94,0.3791169956242487,0.00012842942236450782,0.2053264604810997,0.002887015591872923,97
tct,15,a_ratio,7,0.94,0.39455692699674705,6.359337001572726e-05,0.21520618556701035,0.0017908788065225548,97
tct,15,nqc,7,0.94,0.38029772089044733,0.0001218576122989204,0.19630584192439868,0.0043909374810577745,97
tct,15,bertQPP,7,0.94,0.42341358792955786,1.552086111380086e-05,0.2452749140893471,0.0003719636432157586,97
tct,15,bertQPP(QV),7,0.94,0.4147690364362765,2.4006769167902693e-05,0.2444158075601375,0.0003900155261817713,97
tct,15,spatial,7,0.96,0.3844941466554805,0.00010094177306535356,0.20833333333333337,0.0025015666651811157,97
tct,15,a_ratio,7,0.96,0.3943788318952858,6.412387203772062e-05,0.21950171821305847,0.0014464512863097319,97
tct,15,nqc,7,0.96,0.4100186930233374,3.0354971835118145e-05,0.21391752577319592,0.001908041073171658,97
tct,15,bertQPP,7,0.96,0.413992974866607,2.495087361089749e-05,0.23754295532646055,0.0005668140402706258,97
tct,15,bertQPP(QV),7,0.96,0.40836443983331044,3.2911992451350306e-05,0.23496563573883167,0.0006505425158083947,97
tct,15,spatial,7,0.98,0.3894083093687293,8.070271129667498e-05,0.20790378006872856,0.0025535840012904936,97
tct,15,a_ratio,7,0.98,0.39414593210268223,6.482384438894106e-05,0.21907216494845363,0.0014779202366871586,97
tct,15,nqc,7,0.98,0.4202985464113894,1.818743738341599e-05,0.22594501718213064,0.0010428004886634003,97
tct,15,bertQPP,7,0.98,0.40409450964566085,4.04730640223941e-05,0.22293814432989695,0.0012160687743494618,97
tct,15,bertQPP(QV),7,0.98,0.401351801243072,4.615446092898227e-05,0.2212199312714777,0.001326652810302692,97
tct,15,spatial,7,1.0,0.39386466120232955,6.567867981593681e-05,0.21563573883161516,0.0017533187111864498,97
tct,15,a_ratio,7,1.0,0.39386466120232955,6.567867981593681e-05,0.21563573883161516,0.0017533187111864498,97
tct,15,nqc,7,1.0,0.39386466120232955,6.567867981593681e-05,0.21563573883161516,0.0017533187111864498,97
tct,15,bertQPP,7,1.0,0.39386466120232955,6.567867981593681e-05,0.21563573883161516,0.0017533187111864498,97
tct,15,bertQPP(QV),7,1.0,0.39386466120232955,6.567867981593681e-05,0.21563573883161516,0.0017533187111864498,97
tct,15,spatial,8,0.0,0.001031152290801668,0.992002124147356,0.0047250859106529215,0.9453348196600103,97
tct,15,a_ratio,8,0.0,0.07429253125432347,0.46955000831987603,0.0584192439862543,0.3965888091618368,97
tct,15,nqc,8,0.0,0.13114536992369358,0.20039538169504273,0.08118556701030928,0.23875904036666062,97
tct,15,bertQPP,8,0.0,0.19877034806861155,0.050961349322358296,0.13917525773195877,0.0434259212403691,97
tct,15,bertQPP(QV),8,0.0,0.14399174086233593,0.1593935249494607,0.09664948453608249,0.16076803875264556,97
tct,15,spatial,8,0.02,0.0058534595824562274,0.9546224512465855,0.005584192439862544,0.9354157588836661,97
tct,15,a_ratio,8,0.02,0.08728901197908026,0.395226901399524,0.06743986254295534,0.3277635503646662,97
tct,15,nqc,8,0.02,0.13166108446575947,0.198615770206731,0.08204467353951891,0.23382603249144784,97
tct,15,bertQPP,8,0.02,0.20267301599182408,0.04648809264215555,0.14046391752577322,0.04152093691345949,97
tct,15,bertQPP(QV),8,0.02,0.14779643737148504,0.14854134464710822,0.09836769759450173,0.15345704089516993,97
tct,15,spatial,8,0.04,0.010832260136101945,0.9161334524249535,0.0047250859106529215,0.9453348196600103,97
tct,15,a_ratio,8,0.04,0.10057739916243752,0.32697783880137926,0.07860824742268042,0.2539971105350425,97
tct,15,nqc,8,0.04,0.13219811047025296,0.1967747329080986,0.08247422680412372,0.23138680179907667,97
tct,15,bertQPP,8,0.04,0.2067272470536608,0.04219062711239684,0.14304123711340208,0.037922646089534044,97
tct,15,bertQPP(QV),8,0.04,0.15175175191161125,0.13785822767916098,0.10180412371134022,0.13959717520298046,97
tct,15,spatial,8,0.06,0.01597302034912096,0.8765954535780907,0.009879725085910654,0.886001161240211,97
tct,15,a_ratio,8,0.06,0.11411568697672667,0.26571723105554645,0.08762886597938145,0.2035174890452155,97
tct,15,nqc,8,0.06,0.1327577934914514,0.19486914345286208,0.08247422680412372,0.23138680179907667,97
tct,15,bertQPP,8,0.06,0.2109406428838025,0.038080225688800845,0.1434707903780069,0.037349490378258986,97
tct,15,bertQPP(QV),8,0.06,0.15586550612517314,0.1273762574420229,0.10438144329896909,0.12985027258664464,97
tct,15,spatial,8,0.08,0.021281264459347235,0.8360860566098577,0.011168384879725088,0.8712539798728897,97
tct,15,a_ratio,8,0.08,0.12785477687860533,0.2120205973908209,0.09278350515463919,0.1781756748775648,97
tct,15,nqc,8,0.08,0.13334159448635974,0.1928956701959949,0.08204467353951891,0.23382603249144784,97
tct,15,bertQPP,8,0.08,0.21532116404828325,0.03416758779024983,0.1439003436426117,0.036783724578164194,97
tct,15,bertQPP(QV),8,0.08,0.16014593061123025,0.11712892703166718,0.1048109965635739,0.1282784361242476,97
tct,15,spatial,8,0.1,0.026762546078902272,0.7947016778688244,0.014604810996563576,0.8321598541826989,97
tct,15,a_ratio,8,0.1,0.14173876601705637,0.16609198858713264,0.09879725085910654,0.15166941209887877,97
tct,15,nqc,8,0.1,0.13395110242188374,0.1908507603881124,0.0850515463917526,0.21713063766326968,97
tct,15,bertQPP,8,0.1,0.21987712543874083,0.030462632586781644,0.14647766323024058,0.03354022455213661,97
tct,15,bertQPP(QV),8,0.1,0.16460166975871512,0.10715086853597657,0.10652920962199315,0.12213859984356254,97
tct,15,spatial,8,0.12,0.0324224139318966,0.7525589053696929,0.018900343642611686,0.783880730258208,97
tct,15,a_ratio,8,0.12,0.15570553935568154,0.12777211228460827,0.10395189003436428,0.13143701983340042,97
tct,15,nqc,8,0.12,0.13458804856644543,0.1887306231019507,0.08462199312714778,0.2194617374170329,97
tct,15,bertQPP,8,0.12,0.22461718432767136,0.02697427549521763,0.14905498281786944,0.030544557732034724,97
tct,15,bertQPP(QV),8,0.12,0.1692417810452433,0.09747750117889953,0.10781786941580758,0.11768634646990996,97
tct,15,spatial,8,0.14,0.03826637102233035,0.7097955748760331,0.021477663230240553,0.7552950224453057,97
tct,15,a_ratio,8,0.14,0.16968768265642686,0.09658532460478134,0.10438144329896909,0.12985027258664464,97
tct,15,nqc,8,0.14,0.13525432273369314,0.1865312108156664,0.0854810996563574,0.2148174024411691,97
tct,15,bertQPP,8,0.14,0.22955031891940822,0.023710191813517346,0.15335051546391754,0.026061836085581373,97
tct,15,bertQPP(QV),8,0.14,0.1740757269830331,0.08814458982158752,0.10910652920962201,0.11336246240953972,97
tct,15,spatial,8,0.16,0.044299826402392384,0.6665714491225408,0.02448453608247423,0.7223661580007107,97
tct,15,a_ratio,8,0.16,0.1836137112522279,0.07181629682624774,0.10910652920962201,0.11336246240953972,97
tct,15,nqc,8,0.16,0.13595199179550027,0.18424819958533864,0.08591065292096221,0.2125219840325313,97
tct,15,bertQPP,8,0.16,0.23468579470105777,0.02067657317337818,0.154639175257732,0.024833107958687445,97
tct,15,bertQPP(QV),8,0.16,0.179113357436165,0.07918770717131639,0.11211340206185569,0.10376002930884054,97
tct,15,spatial,8,0.18,0.05052803866414156,0.623068371101886,0.028350515463917533,0.680780730027897,97
tct,15,a_ratio,8,0.18,0.19740958343694295,0.05260213549646446,0.11597938144329899,0.09237668593402237,97
tct,15,nqc,8,0.18,0.13668332084152465,0.1818769677525231,0.08591065292096221,0.2125219840325313,97
tct,15,bertQPP,8,0.18,0.24003311525952697,0.017877884462540405,0.1585051546391753,0.021443192891173694,97
tct,15,bertQPP(QV),8,0.18,0.1843648794751574,0.0706415960798649,0.11554982817869418,0.09358972367387966,97
tct,15,spatial,8,0.2,0.056956050244595435,0.579489753617874,0.029639175257731964,0.6671244311500414,97
tct,15,a_ratio,8,0.2,0.21100044001813992,0.038024393400123195,0.1164089347079038,0.09117630712765404,97
tct,15,nqc,8,0.2,0.13745079743571645,0.1794125731542498,0.08676975945017183,0.2079844017382293,97
tct,15,bertQPP,8,0.2,0.2456019534611875,0.015316630980069525,0.16065292096219932,0.019739903980340746,97
tct,15,bertQPP(QV),8,0.2,0.18984081125783184,0.06253943279425034,0.11726804123711342,0.08881318243030219,97
tct,15,spatial,8,0.22,0.06358861162216112,0.536059265886216,0.032216494845360835,0.6401438286436847,97
tct,15,a_ratio,8,0.22,0.2243124865827441,0.02718782675139114,0.11941580756013748,0.08312087785946547,97
tct,15,nqc,8,0.22,0.1382571595095532,0.17684972883554223,0.08634020618556702,0.2102443337075397,97
tct,15,bertQPP,8,0.22,0.25140205797034965,0.01299314769916312,0.16194158075601378,0.018775672464210122,97
tct,15,bertQPP(QV),8,0.22,0.195551915610862,0.05491199818845947,0.1168384879725086,0.08998850130140247,97
tct,15,spatial,8,0.24,0.07043009449939133,0.49301858689237504,0.03780068728522337,0.5833275904873889,97
tct,15,a_ratio,8,0.24,0.23727491602821338,0.019277752906382513,0.1254295532646048,0.06874005870255491,97
tct,15,nqc,8,0.24,0.13910542754153282,0.1741827773125263,0.08676975945017183,0.2079844017382293,97
tct,15,bertQPP,8,0.24,0.25744312899373084,0.010905424414662149,0.16365979381443302,0.01755425786967657,97
tct,15,bertQPP(QV),8,0.24,0.20150910801588198,0.04778677200346414,0.12371134020618559,0.07262323979726368,97
tct,15,spatial,8,0.26,0.07748439312311564,0.45062411767114446,0.04295532646048111,0.5330675016802799,97
tct,15,a_ratio,8,0.26,0.2498217591563406,0.013593609974281247,0.13230240549828182,0.05487593045339063,97
tct,15,nqc,8,0.26,0.13999894180783223,0.17140566350329545,0.08762886597938145,0.2035174890452155,97
tct,15,bertQPP,8,0.26,0.26373465586722245,0.009048981964601318,0.1658075601374571,0.016125841537736958,97
tct,15,bertQPP(QV),8,0.26,0.20772333256195075,0.04118697494171431,0.1245704467353952,0.07065977324075139,97
tct,15,spatial,8,0.28,0.08475481299995732,0.4091425835672899,0.04467353951890035,0.5168145411906753,97
tct,15,a_ratio,8,0.28,0.26189355267285935,0.009561119846629282,0.13745704467353953,0.04608031263937092,97
tct,15,nqc,8,0.28,0.14094140565682894,0.1685119065415455,0.08676975945017183,0.2079844017382293,97
tct,15,bertQPP,8,0.28,0.27028570764481885,0.007416815285679549,0.1679553264604811,0.014800614099959652,97
tct,15,bertQPP(QV),8,0.28,0.21420539810366024,0.035130594829725095,0.12585910652920965,0.0677963948466897,97
tct,15,spatial,8,0.3,0.0922439464364283,0.3688455149501052,0.050257731958762895,0.4658203551040343,97
tct,15,a_ratio,8,0.3,0.2734387271331075,0.006728333079920423,0.14003436426116841,0.04214791401843269,97
tct,15,nqc,8,0.3,0.1419369359691829,0.16549457082518906,0.08762886597938145,0.2035174890452155,97
tct,15,bertQPP,8,0.3,0.2771046662212632,0.005999418392008265,0.17225085910652924,0.012434959394241826,97
tct,15,bertQPP(QV),8,0.3,0.2209657653651311,0.029629445336307594,0.13058419243986258,0.05810246319620013,97
tct,15,spatial,8,0.32,0.09995353458334137,0.33000267130223365,0.050257731958762895,0.4658203551040343,97
tct,15,a_ratio,8,0.32,0.2844146406899915,0.004751675493338831,0.15077319587628868,0.0286776674564184,97
tct,15,nqc,8,0.32,0.14299012222686405,0.16234623684313607,0.08848797250859108,0.19912082868170233,97
tct,15,bertQPP,8,0.32,0.2841988897624116,0.004784904051526481,0.17912371134020622,0.009341755733078497,97
tct,15,bertQPP(QV),8,0.32,0.2280142740804904,0.024688317792272416,0.13487972508591067,0.050317249987351625,97
tct,15,spatial,8,0.34,0.10788431600998305,0.2928745672187976,0.05584192439862544,0.41775090102760204,97
tct,15,a_ratio,8,0.34,0.29478821477854383,0.003377436268724928,0.15678694158075604,0.022896601370035064,97
tct,15,nqc,8,0.34,0.14410609594397467,0.15905897258784482,0.0893470790378007,0.19479398827541883,97
tct,15,bertQPP,8,0.34,0.29157429241887456,0.003759226640659111,0.18341924398625434,0.007776554495134835,97
tct,15,bertQPP(QV),8,0.34,0.23535979752256148,0.020304296821722075,0.1396048109965636,0.042782883164389815,97
tct,15,spatial,8,0.36,0.11603586229064457,0.2577043645985232,0.05541237113402062,0.42134149715143543,97
tct,15,a_ratio,8,0.36,0.30453616095607705,0.00242268169888862,0.16323024054982818,0.017852894393926448,97
tct,15,nqc,8,0.36,0.14529061262934242,0.1556243067260896,0.0889175257731959,0.1969487085850582,97
tct,15,bertQPP,8,0.36,0.299234824616604,0.002906510221715487,0.18771477663230243,0.006450561996249079,97
tct,15,bertQPP(QV),8,0.36,0.2430098100592038,0.01646631653527133,0.14304123711340208,0.037922646089534044,97
tct,15,spatial,8,0.38,0.12440640166936343,0.22470950442695548,0.05927835051546393,0.3896811249151011,97
tct,15,a_ratio,8,0.38,0.313644819680783,0.001757997408473883,0.1666666666666667,0.01558372473088864,97
tct,15,nqc,8,0.38,0.14655014898216262,0.15203320520265864,0.08977663230240551,0.19265661141875967,97
tct,15,bertQPP,8,0.38,0.3071818369108387,0.0022094754389004705,0.19458762886597944,0.004747484369155047,97
tct,15,bertQPP(QV),8,0.38,0.2509698518870183,0.013155033316082091,0.14561855670103094,0.03459309466060896,97
tct,15,spatial,8,0.4,0.13299263259002814,0.19407355150407812,0.06443298969072167,0.34979065764691386,97
tct,15,a_ratio,8,0.4,0.32210965815903325,0.001293152540898601,0.17225085910652924,0.012434959394241826,97
tct,15,nqc,8,0.4,0.14789201870286486,0.14827605364229582,0.09020618556701032,0.1905365207922204,97
tct,15,bertQPP,8,0.4,0.31541330985619254,0.0016499489104979614,0.1984536082474227,0.003979453005162126,97
tct,15,bertQPP(QV),8,0.4,0.25924287413451785,0.010343081061903991,0.147766323024055,0.03201236643126749,97
tct,15,spatial,8,0.42,0.14178952974440776,0.16593880065536543,0.06529209621993129,0.34340339579060297,97
tct,15,a_ratio,8,0.42,0.3299344930428829,0.0009658876017110739,0.17225085910652924,0.012434959394241826,97
tct,15,nqc,8,0.42,0.149324511179712,0.14434264886417744,0.09063573883161513,0.18843365829791547,97
tct,15,bertQPP,8,0.42,0.32392293317372367,0.0012094284419351792,0.2018900343642612,0.0033934144348203364,97
tct,15,bertQPP(QV),8,0.42,0.2678284475652029,0.007995752989182552,0.14948453608247425,0.030068308790855192,97
tct,15,spatial,8,0.44,0.15079014629763995,0.14040022643064015,0.07087628865979383,0.3037170573623521,97
tct,15,a_ratio,8,0.44,0.3371305137020901,0.0007335286941837142,0.17912371134020622,0.009341755733078497,97
tct,15,nqc,8,0.44,0.15085705845231773,0.14022220412716616,0.09063573883161513,0.18843365829791547,97
tct,15,bertQPP,8,0.44,0.33269902051404254,0.0008696681104438284,0.20446735395189009,0.0030066996042901117,97
tct,15,bertQPP(QV),8,0.44,0.2767218198083927,0.006072119994460532,0.14991408934707906,0.029598455953974822,97
tct,15,spatial,8,0.46,0.1599854170841765,0.11750133447893571,0.0734536082474227,0.28647120739097054,97
tct,15,a_ratio,8,0.46,0.34371518339982876,0.000566923119099087,0.18084192439862545,0.008684754281086702,97
tct,15,nqc,8,0.46,0.1525004373452,0.13590337451633244,0.09020618556701032,0.1905365207922204,97
tct,15,bertQPP,8,0.46,0.3417232524364802,0.0006132409083626438,0.20618556701030932,0.0027716955730928564,97
tct,15,bertQPP(QV),8,0.46,0.2859128103062027,0.004526550646491489,0.15592783505154642,0.023654871935139845,97
tct,15,spatial,8,0.48,0.1693639687957061,0.09723238107841804,0.07646048109965638,0.26720251399217865,97
tct,15,a_ratio,8,0.48,0.34971109038562015,0.0004461628129210969,0.1786941580756014,0.00951278395726825,97
tct,15,nqc,8,0.48,0.15426701563024242,0.13137431134539154,0.09020618556701032,0.1905365207922204,97
tct,15,bertQPP,8,0.48,0.3509692512589011,0.0004240349915149447,0.20747422680412375,0.0026065887949513057,97
tct,15,bertQPP(QV),8,0.48,0.29538454015633986,0.003310546756549514,0.1597938144329897,0.02040649882574069,97
tct,15,spatial,8,0.5,0.17891194445396075,0.07953126579648657,0.07860824742268042,0.2539971105350425,97
tct,15,a_ratio,8,0.5,0.35514481069118176,0.0003576236838904195,0.186426116838488,0.006825229731210832,97
tct,15,nqc,8,0.5,0.15617105368698678,0.12662275783875013,0.09063573883161513,0.18843365829791547,97
tct,15,bertQPP,8,0.5,0.3604010088381202,0.00028764396701504396,0.20876288659793818,0.0024505203740822256,97
tct,15,bertQPP(QV),8,0.5,0.3051120071596542,0.0023747589917571224,0.1658075601374571,0.016125841537736958,97
tct,15,spatial,8,0.52,0.18861285069999478,0.06428718077368048,0.08290378006872855,0.22896569995644822,97
tct,15,a_ratio,8,0.52,0.36004583142474134,0.00029194231593363305,0.1902920962199313,0.005756239608165468,97
tct,15,nqc,8,0.52,0.15822907662288427,0.12163620301706221,0.09149484536082475,0.1842793810224047,97
tct,15,bertQPP,8,0.52,0.36997121384556986,0.00019162233606321132,0.2134879725085911,0.0019486331283160838,97
tct,15,bertQPP(QV),8,0.52,0.31506053618235524,0.0016710094014160085,0.1701030927835052,0.013572314777054699,97
tct,15,spatial,8,0.54,0.1984474375359027,0.0513468413367635,0.09149484536082475,0.1842793810224047,97
tct,15,a_ratio,8,0.54,0.364445569545876,0.00024264484178505882,0.1971649484536083,0.004221925130091803,97
tct,15,nqc,8,0.54,0.16046033652956304,0.1164021171124243,0.09192439862542956,0.1822278457949571,97
tct,15,bertQPP,8,0.54,0.3796195601327772,0.00012559301635988913,0.21821305841924402,0.0015427588468996702,97
tct,15,bertQPP(QV),8,0.54,0.3251841628137323,0.0011541325415789308,0.17611683848797252,0.010598840128977079,97
tct,15,spatial,8,0.56,0.20839362099909484,0.040522860341979265,0.09750859106529211,0.15708030004273185,97
tct,15,a_ratio,8,0.56,0.3683765079795761,0.00020522208238437677,0.19587628865979384,0.004477722918252414,97
tct,15,nqc,8,0.56,0.16288739096645516,0.11090830061519012,0.09106529209621994,0.18634796497677564,97
tct,15,bertQPP,8,0.56,0.3892711628026033,8.121218527103068e-05,0.22207903780068733,0.0012702502748310276,97
tct,15,bertQPP(QV),8,0.56,0.3354240450242913,0.0007834617231942254,0.18084192439862545,0.008684754281086702,97
tct,15,spatial,8,0.58,0.21842645968687502,0.03160360274272536,0.09922680412371135,0.1498976871116754,97
tct,15,a_ratio,8,0.58,0.37187145950327066,0.0001765066686432567,0.20060137457044677,0.0036032888355043277,97
tct,15,nqc,8,0.58,0.16553683256953786,0.10514339103176672,0.093213058419244,0.17617491386576734,97
tct,15,bertQPP,8,0.58,0.3988352621223841,5.2013921660626675e-05,0.22465635738831619,0.0011140538745299275,97
tct,15,bertQPP(QV),8,0.58,0.3457070425200519,0.0005238331108456995,0.186426116838488,0.006825229731210832,97
tct,15,spatial,8,0.6,0.22851819592331699,0.024363705694021364,0.10266323024054985,0.13628751627610397,97
tct,15,a_ratio,8,0.6,0.37496295964163684,0.00015425312461043902,0.2053264604810997,0.002887015591872923,97
tct,15,nqc,8,0.6,0.16844021687687466,0.09909758765556344,0.09536082474226806,0.16642177733641728,97
tct,15,bertQPP,8,0.6,0.4082044526736727,3.316968486537538e-05,0.2298109965635739,0.0008535554716530555,97
tct,15,bertQPP(QV),8,0.6,0.3559446537622435,0.0003460509182861969,0.19329896907216498,0.0050318722795436996,97
tct,15,spatial,8,0.62,0.23863837151860146,0.018574401012089625,0.10953608247422682,0.11194930892644765,97
tct,15,a_ratio,8,0.62,0.37768278296668867,0.00013685390994586002,0.20790378006872856,0.0025535840012904936,97
tct,15,nqc,8,0.62,0.17163525249146772,0.09276367634412414,0.09836769759450173,0.15345704089516993,97
tct,15,bertQPP,8,0.62,0.41725472671268615,2.1203078215643597e-05,0.2392611683848798,0.0005166931871154039,97
tct,15,bertQPP(QV),8,0.62,0.36603254962870324,0.00022683698685282242,0.19802405498281792,0.004058834798972484,97
tct,15,spatial,8,0.64,0.24875402638493527,0.014012841175551325,0.11726804123711342,0.08881318243030219,97
tct,15,a_ratio,8,0.64,0.3800615725820913,0.00012314649362978844,0.2100515463917526,0.0023030471051788694,97
tct,15,nqc,8,0.64,0.17516734167447903,0.08613846467288054,0.09836769759450173,0.15345704089516993,97
tct,15,bertQPP,8,0.64,0.42584665161665247,1.3698084280384873e-05,0.24226804123711343,0.00043878992015195634,97
tct,15,bertQPP(QV),8,0.64,0.3758509793764693,0.00014835896862579976,0.2096219931271478,0.002351276432455258,97
tct,15,spatial,8,0.66,0.2588299856636626,0.010469796072743752,0.12199312714776635,0.07668417076895777,97
tct,15,a_ratio,8,0.66,0.38212856986148525,0.0001122814850152181,0.21134020618556704,0.0021637443470699886,97
tct,15,nqc,8,0.66,0.17909159344779912,0.07922477358859337,0.1009450171821306,0.14296835148549844,97
tct,15,bertQPP,8,0.66,0.43382799140103345,9.030601880006304e-06,0.24183848797250862,0.0004492042155364218,97
tct,15,bertQPP(QV),8,0.66,0.3852663332971578,9.747686300538355e-05,0.21176975945017185,0.0021190549684448486,97
tct,15,spatial,8,0.68,0.26882923748075155,0.00775532455674691,0.12714776632302408,0.06502915478137135,97
tct,15,a_ratio,8,0.68,0.3839114303273195,0.00010363186388907704,0.21091065292096223,0.002209296231634933,97
tct,15,nqc,8,0.68,0.18347547971558642,0.07203417369320134,0.10180412371134022,0.13959717520298046,97
tct,15,bertQPP,8,0.68,0.44103800942077276,6.14165102770739e-06,0.24742268041237117,0.00033019314561040996,97
tct,15,bertQPP(QV),8,0.68,0.39413410876351584,6.485956812367734e-05,0.21950171821305847,0.0014464512863097319,97
tct,15,spatial,8,0.7,0.27871339907599546,0.005702289217196849,0.13359106529209622,0.05255528194642074,97
tct,15,a_ratio,8,0.7,0.38543611150911333,9.673001309772832e-05,0.21606529209621997,0.0017164841150655054,97
tct,15,nqc,8,0.7,0.18840237404720567,0.06459069674459225,0.10567010309278352,0.12517917667351905,97
tct,15,bertQPP,8,0.7,0.44731353578211586,4.359287369345292e-06,0.25042955326460486,0.0002790440350017295,97
tct,15,bertQPP(QV),8,0.7,0.4023034252781616,4.410386728149283e-05,0.22207903780068733,0.0012702502748310276,97
tct,15,spatial,8,0.72,0.28844326405188414,0.004167829107039696,0.13702749140893475,0.046764860648197036,97
tct,15,a_ratio,8,0.72,0.3867268193538441,9.12236735080528e-05,0.2177835051546392,0.0015761513468118154,97
tct,15,nqc,8,0.72,0.19397631099294407,0.05693577923561532,0.11039518900343644,0.10916471457232763,97
tct,15,bertQPP,8,0.72,0.4524966451959491,3.2674936295423875e-06,0.25429553264604815,0.00022415245533308512,97
tct,15,bertQPP(QV),8,0.72,0.40962306133272974,3.094902778217325e-05,0.2255154639175258,0.0010660691222714972,97
tct,15,spatial,8,0.74,0.2979794181830592,0.003033096325455987,0.1473367697594502,0.03251488713772691,97
tct,15,a_ratio,8,0.74,0.38780600097956025,8.684486667368285e-05,0.2203608247422681,0.0013853583021557498,97
tct,15,nqc,8,0.74,0.20032844104517625,0.04913466506159262,0.11340206185567013,0.09984779835922447,97
tct,15,bertQPP,8,0.74,0.4564434902686286,2.615121870095806e-06,0.25816151202749144,0.00017952274646223222,97
tct,15,bertQPP(QV),8,0.74,0.41594875027476286,2.2635454566125547e-05,0.23152920962199317,0.0007801296905645403,97
tct,15,spatial,8,0.76,0.3072829060380622,0.0022016770418748846,0.14991408934707906,0.029598455953974822,97
tct,15,a_ratio,8,0.76,0.3886943730341259,8.338777151628732e-05,0.22465635738831619,0.0011140538745299275,97
tct,15,nqc,8,0.76,0.20762584009763269,0.041284321023897064,0.11383161512027494,0.0985701799206937,97
tct,15,bertQPP,8,0.76,0.45903352369233036,2.256113386572666e-06,0.26460481099656363,0.00012317744827931967,97
tct,15,bertQPP(QV),8,0.76,0.42115120672418804,1.741773326508189e-05,0.23324742268041243,0.0007126038672884247,97
tct,15,spatial,8,0.78,0.316315926076555,0.0015971527157318478,0.154639175257732,0.024833107958687445,97
tct,15,a_ratio,8,0.78,0.3894109764736955,8.069283303020088e-05,0.22293814432989695,0.0012160687743494618,97
tct,15,nqc,8,0.78,0.21608355303719157,0.033522425501515976,0.11297250859106532,0.10113858933462912,97
tct,15,bertQPP,8,0.78,0.46017809876029053,2.1127727221711674e-06,0.26116838487972516,0.00015073942387955493,97
tct,15,bertQPP(QV),8,0.78,0.4251241158272679,1.4217252301593203e-05,0.23840206185567014,0.0005412133012575864,97
tct,15,spatial,8,0.8,0.3250425283921473,0.0011602254977638973,0.16323024054982818,0.017852894393926448,97
tct,15,a_ratio,8,0.8,0.38997325009301315,7.863524443302186e-05,0.22250859106529214,0.001242886914966472,97
tct,15,nqc,8,0.8,0.2259809360526228,0.026035850459987332,0.12113402061855671,0.07878300963914868,97
tct,15,bertQPP,8,0.8,0.45982734607617093,2.1557579892593307e-06,0.2620274914089347,0.00014335046231608574,97
tct,15,bertQPP(QV),8,0.8,0.4277911739118935,1.2387862426884907e-05,0.24183848797250862,0.0004492042155364218,97
tct,15,spatial,8,0.82,0.3334292873125263,0.0008457551327461933,0.17182130584192443,0.01265543298933369,97
tct,15,a_ratio,8,0.82,0.39039711654827836,7.711652443453848e-05,0.22379725085910657,0.0011640289366746655,97
tct,15,nqc,8,0.82,0.23768323293324575,0.019064754924553992,0.12585910652920965,0.0677963948466897,97
tct,15,bertQPP,8,0.82,0.4579743458328962,2.396902391622582e-06,0.2598797250859107,0.00016249811961052113,97
tct,15,bertQPP(QV),8,0.82,0.42911128111267316,1.1566455689906711e-05,0.24742268041237117,0.00033019314561040996,97
tct,15,spatial,8,0.84,0.34144592096083415,0.0006199575018683214,0.17654639175257736,0.010410504577977625,97
tct,15,a_ratio,8,0.84,0.39069707587239433,7.60583036459494e-05,0.2212199312714777,0.001326652810302692,97
tct,15,nqc,8,0.84,0.25166796356412896,0.012894414984624755,0.1357388316151203,0.04887004601219989,97
tct,15,bertQPP,8,0.84,0.45465595512897505,2.8936592648199346e-06,0.2624570446735396,0.00013978519828252247,97
tct,15,bertQPP(QV),8,0.84,0.42908118013264107,1.1584601382153788e-05,0.25042955326460486,0.0002790440350017295,97
tct,15,spatial,8,0.86,0.3490658317622095,0.00045791812496813304,0.18513745704467358,0.007219338175415614,97
tct,15,a_ratio,8,0.86,0.3908863025749821,7.539770122746848e-05,0.2212199312714777,0.001326652810302692,97
tct,15,nqc,8,0.86,0.26855027259507064,0.007821693378274895,0.1439003436426117,0.036783724578164194,97
tct,15,bertQPP,8,0.86,0.4499501453257973,3.7668908926420818e-06,0.26159793814432997,0.00014700123564547276,97
tct,15,bertQPP(QV),8,0.86,0.42773518476656175,1.2423882939658665e-05,0.2530068728522337,0.00024121095691616908,97
tct,15,spatial,8,0.88,0.35626654567123645,0.00034149159037333564,0.19158075601374575,0.0054350017041903615,97
tct,15,a_ratio,8,0.88,0.3909767433448525,7.508385596605232e-05,0.2216494845360825,0.001298168853613724,97
tct,15,nqc,8,0.88,0.28908322223155697,0.004081227270037046,0.15206185567010314,0.02734277211201925,97
tct,15,bertQPP,8,0.88,0.44397023828941506,5.237131282270921e-06,0.2594501718213059,0.00016660580916833792,97
tct,15,bertQPP(QV),8,0.88,0.42514207157074874,1.4204129713235214e-05,0.25343642611683853,0.00023539388087640415,97
tct,15,spatial,8,0.9,0.3630300333093556,0.0002575967135813511,0.19587628865979384,0.004477722918252414,97
tct,15,a_ratio,8,0.9,0.39097921314001904,7.507530242164877e-05,0.21907216494845363,0.0014779202366871586,97
tct,15,nqc,8,0.9,0.31405258243903456,0.0017325318460799696,0.16623711340206188,0.015852745291372216,97
tct,15,bertQPP,8,0.9,0.4368568711027935,7.688551734764685e-06,0.25601374570446744,0.000203164735220203,97
tct,15,bertQPP(QV),8,0.9,0.4213996159068196,1.719930327818266e-05,0.24570446735395193,0.0003632334933323789,97
tct,15,spatial,8,0.92,0.36934290276245074,0.00019687791027877568,0.20017182130584193,0.0036758280937195186,97
tct,15,a_ratio,8,0.92,0.3909034880749134,7.533797076580074e-05,0.21864261168384883,0.0015100189795415188,97
tct,15,nqc,8,0.92,0.3438229629611552,0.0005645108388163677,0.17611683848797252,0.010598840128977079,97
tct,15,bertQPP,8,0.92,0.42876876760385174,1.1774517594427014e-05,0.25042955326460486,0.0002790440350017295,97
tct,15,bertQPP(QV),8,0.92,0.4166275458419312,2.1880021289799653e-05,0.2439862542955327,0.0003993454119661632,97
tct,15,spatial,8,0.94,0.37519646090269787,0.00015268261375720173,0.20446735395189009,0.0030066996042901117,97
tct,15,a_ratio,8,0.94,0.3907583940139532,7.584365062777138e-05,0.2169243986254296,0.001644941169576058,97
tct,15,nqc,8,0.94,0.376903481567105,0.00014164349631389238,0.1890034364261169,0.006094500520977148,97
tct,15,bertQPP,8,0.94,0.41987341697074454,1.858300936699949e-05,0.24957044673539522,0.00029284438819506046,97
tct,15,bertQPP(QV),8,0.94,0.41095980984542607,2.898442470914365e-05,0.2414089347079038,0.0004598488311252096,97
tct,15,spatial,8,0.96,0.380586647127631,0.0001202976961689245,0.20790378006872856,0.0025535840012904936,97
tct,15,a_ratio,8,0.96,0.3905518901731855,7.656880285063096e-05,0.21563573883161516,0.0017533187111864498,97
tct,15,nqc,8,0.96,0.4065203823790393,3.599906327725623e-05,0.20876288659793818,0.0024505203740822256,97
tct,15,bertQPP,8,0.96,0.41033858648094723,2.988245401790488e-05,0.23969072164948454,0.0005048251929224872,97
tct,15,bertQPP(QV),8,0.96,0.4045370050971624,3.962009080805e-05,0.23195876288659797,0.0007627126312502382,97
tct,15,spatial,8,0.98,0.38551384975679626,9.638982206080115e-05,0.21048109965635742,0.002255725464528707,97
tct,15,a_ratio,8,0.98,0.3902911473348547,7.749363409134925e-05,0.21563573883161516,0.0017533187111864498,97
tct,15,nqc,8,0.98,0.41672994812504544,2.176812882507744e-05,0.23238831615120278,0.0007456571945733053,97
tct,15,bertQPP,8,0.98,0.4003253037545117,4.846592480683349e-05,0.22766323024054988,0.0009543472910132449,97
tct,15,bertQPP(QV),8,0.98,0.397499634889938,5.5398642790255926e-05,0.22594501718213064,0.0010428004886634003,97
tct,15,spatial,8,1.0,0.38998262050927557,7.860137145949857e-05,0.21477663230240554,0.0018291772025326055,97
tct,15,a_ratio,8,1.0,0.38998262050927557,7.860137145949857e-05,0.21477663230240554,0.0018291772025326055,97
tct,15,nqc,8,1.0,0.38998262050927557,7.860137145949857e-05,0.21477663230240554,0.0018291772025326055,97
tct,15,bertQPP,8,1.0,0.38998262050927557,7.860137145949857e-05,0.21477663230240554,0.0018291772025326055,97
tct,15,bertQPP(QV),8,1.0,0.38998262050927557,7.860137145949857e-05,0.21477663230240554,0.0018291772025326055,97
tct,15,spatial,9,0.0,0.001031152290801668,0.992002124147356,0.0047250859106529215,0.9453348196600103,97
tct,15,a_ratio,9,0.0,0.07429253125432347,0.46955000831987603,0.0584192439862543,0.3965888091618368,97
tct,15,nqc,9,0.0,0.13114536992369358,0.20039538169504273,0.08118556701030928,0.23875904036666062,97
tct,15,bertQPP,9,0.0,0.19877034806861155,0.050961349322358296,0.13917525773195877,0.0434259212403691,97
tct,15,bertQPP(QV),9,0.0,0.14399174086233593,0.1593935249494607,0.09664948453608249,0.16076803875264556,97
tct,15,spatial,9,0.02,0.005481976175208084,0.9574995148873989,0.0047250859106529215,0.9453348196600103,97
tct,15,a_ratio,9,0.02,0.08627391501593332,0.40076682439994915,0.06658075601374572,0.3339631552636785,97
tct,15,nqc,9,0.02,0.13162122068092022,0.19875292404020878,0.08204467353951891,0.23382603249144784,97
tct,15,bertQPP,9,0.02,0.20240930918244,0.046779743477930555,0.138745704467354,0.04407710548149226,97
tct,15,bertQPP(QV),9,0.02,0.14754693004352254,0.14923554615149529,0.09922680412371135,0.1498976871116754,97
tct,15,spatial,9,0.04,0.010077576752622136,0.9219573715542769,0.0047250859106529215,0.9453348196600103,97
tct,15,a_ratio,9,0.04,0.0985137924969272,0.3370511298507534,0.07860824742268042,0.2539971105350425,97
tct,15,nqc,9,0.04,0.13211669786365676,0.19705303863820045,0.08247422680412372,0.23138680179907667,97
tct,15,bertQPP,9,0.04,0.20618802490929877,0.04274238719749308,0.14046391752577322,0.04152093691345949,97
tct,15,bertQPP(QV),9,0.04,0.15124296611276383,0.13919881534438464,0.10137457044673541,0.14127503537333896,97
tct,15,spatial,9,0.06,0.014822888096207118,0.8854184466872762,0.008161512027491411,0.9057247746831294,97
tct,15,a_ratio,9,0.06,0.11096961203411554,0.2792073044601205,0.08634020618556702,0.2102443337075397,97
tct,15,nqc,9,0.06,0.13263303797857934,0.19529274862955973,0.08247422680412372,0.23138680179907667,97
tct,15,bertQPP,9,0.06,0.21011329139023815,0.038859786823266754,0.14132302405498284,0.040290653027956765,97
tct,15,bertQPP(QV),9,0.06,0.15508708701966706,0.12931139981554668,0.10223367697594504,0.13793469449367568,97
tct,15,spatial,9,0.08,0.019722870838356388,0.8479394287131886,0.009879725085910654,0.886001161240211,97
tct,15,a_ratio,9,0.08,0.12359195063161682,0.22778279103154264,0.08977663230240551,0.19265661141875967,97
tct,15,nqc,9,0.08,0.133171583327885,0.19346887621320494,0.08462199312714778,0.2194617374170329,97
tct,15,bertQPP,9,0.08,0.21419219000127404,0.03514212976422531,0.1439003436426117,0.036783724578164194,97
tct,15,bertQPP(QV),9,0.08,0.15908689008910237,0.11960291933316304,0.10352233676975947,0.1330387570764664,97
tct,15,spatial,9,0.1,0.024782481807611334,0.8095923349814825,0.010738831615120277,0.8761649965497997,97
tct,15,a_ratio,9,0.1,0.13632490197349922,0.18303629166301297,0.09063573883161513,0.18843365829791547,97
tct,15,nqc,9,0.1,0.13373379353583303,0.19157802644936767,0.0850515463917526,0.21713063766326968,97
tct,15,bertQPP,9,0.1,0.21843207452353317,0.0315991180104421,0.14304123711340208,0.037922646089534044,97
tct,15,bertQPP(QV),9,0.1,0.16325033109341158,0.11010436912606378,0.10695876288659796,0.12064011527036375,97
tct,15,spatial,9,0.12,0.030006637867272173,0.7704658090311384,0.015034364261168387,0.8273000875464372,97
tct,15,a_ratio,9,0.12,0.14910678338014918,0.14493537027359235,0.08848797250859108,0.19912082868170233,97
tct,15,nqc,9,0.12,0.13432125861069807,0.18961656963647092,0.08591065292096221,0.2125219840325313,97
tct,15,bertQPP,9,0.12,0.22284054997750416,0.02823978409747461,0.14647766323024058,0.03354022455213661,97
tct,15,bertQPP(QV),9,0.12,0.1675857169412586,0.1008478753280475,0.1048109965635739,0.1282784361242476,97
tct,15,spatial,9,0.14,0.0354001732288626,0.7306662496561046,0.016752577319587632,0.8079288528511878,97
tct,15,a_ratio,9,0.14,0.1618711722739452,0.11318354955025667,0.09106529209621994,0.18634796497677564,97
tct,15,nqc,9,0.14,0.13493571378527436,0.1875806221467064,0.08591065292096221,0.2125219840325313,97
tct,15,bertQPP,9,0.14,0.22742544084325053,0.025072291659124273,0.15206185567010314,0.02734277211201925,97
tct,15,bertQPP(QV),9,0.14,0.17210169002465034,0.09186637365979043,0.10781786941580758,0.11768634646990996,97
tct,15,spatial,9,0.16,0.04096778947350216,0.6903186857633491,0.020189003436426118,0.7695487264404447,97
tct,15,a_ratio,9,0.16,0.1745482572349431,0.08727168913757483,0.0970790378006873,0.15891607395046403,97
tct,15,nqc,9,0.16,0.1355790564239066,0.1854660256030467,0.0854810996563574,0.2148174024411691,97
tct,15,bertQPP,9,0.16,0.23219474586264188,0.02210372404699207,0.15335051546391754,0.026061836085581373,97
tct,15,bertQPP(QV),9,0.16,0.17680720178709297,0.08319320295176101,0.10910652920962201,0.11336246240953972,97
tct,15,spatial,9,0.18,0.04671399748675453,0.6495672983770123,0.02405498281786942,0.7270405431127746,97
tct,15,a_ratio,9,0.18,0.18706645992379958,0.06654437732959195,0.1048109965635739,0.1282784361242476,97
tct,15,nqc,9,0.18,0.13625336533834792,0.1832683242817463,0.08591065292096221,0.2125219840325313,97
tct,15,bertQPP,9,0.18,0.2371565759879697,0.019339866073822855,0.154639175257732,0.024833107958687445,97
tct,15,bertQPP(QV),9,0.18,0.1817114724952518,0.07486160684321462,0.11082474226804125,0.10779310640620364,97
tct,15,spatial,9,0.2,0.05264305050367375,0.6085754808836561,0.027491408934707907,0.6899437658549277,97
tct,15,a_ratio,9,0.2,0.19935425540918048,0.050270334899342656,0.10781786941580758,0.11768634646990996,97
tct,15,nqc,9,0.2,0.13696092292080628,0.1809827406307424,0.08634020618556702,0.2102443337075397,97
tct,15,bertQPP,9,0.2,0.24231907128861294,0.016784985716838185,0.15678694158075604,0.022896601370035064,97
tct,15,bertQPP(QV),9,0.2,0.18682393349730633,0.066904139885705,0.11254295532646051,0.10244263799035044,97
tct,15,spatial,9,0.22,0.05875886747758255,0.5675253225927565,0.030498281786941587,0.6580807665431417,97
tct,15,a_ratio,9,0.22,0.21134209383226255,0.03770670526126449,0.11597938144329899,0.09237668593402237,97
tct,15,nqc,9,0.22,0.13770424058323652,0.17860414880787265,0.08676975945017183,0.2079844017382293,97
tct,15,bertQPP,9,0.22,0.24769029173981105,0.014441624518488457,0.15936426116838492,0.0207470988785446,97
tct,15,bertQPP(QV),9,0.22,0.19215414741695683,0.05935197859888525,0.11426116838487975,0.09730564872611688,97
tct,15,spatial,9,0.24,0.06506494603733598,0.5266164011222413,0.030498281786941587,0.6580807665431417,97
tct,15,a_ratio,9,0.24,0.22296430991430038,0.028150026467904942,0.11340206185567013,0.09984779835922447,97
tct,15,nqc,9,0.24,0.13848608809091864,0.17612704616682384,0.08634020618556702,0.2102443337075397,97
tct,15,bertQPP,9,0.24,0.25327807578482414,0.012310407314557343,0.16065292096219932,0.019739903980340746,97
tct,15,bertQPP(QV),9,0.24,0.1977117007481685,0.05223414400292239,0.11597938144329899,0.09237668593402237,97
tct,15,spatial,9,0.26,0.0715642643935932,0.4860637784773921,0.03479381443298969,0.6136308097551222,97
tct,15,a_ratio,9,0.26,0.23416090172056825,0.02097053262357652,0.11898625429553265,0.08423505409007553,97
tct,15,nqc,9,0.26,0.13930952750033845,0.17354552265731027,0.08676975945017183,0.2079844017382293,97
tct,15,bertQPP,9,0.26,0.2590898593810817,0.010389883610853825,0.16494845360824745,0.01668446543769203,97
tct,15,bertQPP(QV),9,0.26,0.2035060621726672,0.04557664992770062,0.11941580756013748,0.08312087785946547,97
tct,15,spatial,9,0.28,0.07825917170663757,0.44609511646367084,0.03823024054982819,0.5790561270652871,97
tct,15,a_ratio,9,0.28,0.24487906783298438,0.015630037387620404,0.11898625429553265,0.08423505409007553,97
tct,15,nqc,9,0.28,0.14017795256239918,0.17085322816541282,0.08805841924398626,0.2013104039967497,97
tct,15,bertQPP,9,0.28,0.26513244692308185,0.008676414161382389,0.1679553264604811,0.014800614099959652,97
tct,15,bertQPP(QV),9,0.28,0.20954639862026236,0.03940160094843934,0.12500000000000003,0.06969448971824621,97
tct,15,spatial,9,0.3,0.08515126664933012,0.4069468614269571,0.03908934707903781,0.5705575497769013,97
tct,15,a_ratio,9,0.3,0.25507441204437836,0.011686191566785933,0.1254295532646048,0.06874005870255491,97
tct,15,nqc,9,0.3,0.14109513463988166,0.16804333790834403,0.0893470790378007,0.19479398827541883,97
tct,15,bertQPP,9,0.3,0.27141172401288904,0.007164116754450731,0.17053264604811,0.013337754848227265,97
tct,15,bertQPP(QV),9,0.3,0.21584133964892366,0.03372627482748283,0.12714776632302408,0.06502915478137135,97
tct,15,spatial,9,0.32,0.09224126420277125,0.36885949761211845,0.046391752577319596,0.5008221569685896,97
tct,15,a_ratio,9,0.32,0.26471175418434195,0.008787100290420655,0.12972508591065296,0.0597739314027888,97
tct,15,nqc,9,0.32,0.14206527642302996,0.1651085161268253,0.09020618556701032,0.1905365207922204,97
tct,15,bertQPP,9,0.32,0.27793230059125884,0.005844884532011175,0.17439862542955328,0.011382836808156348,97
tct,15,bertQPP(QV),9,0.32,0.2223986791831079,0.028562236180350593,0.13058419243986258,0.05810246319620013,97
tct,15,spatial,9,0.34,0.09952885112254917,0.33207193265392926,0.046821305841924406,0.49686544158769386,97
tct,15,a_ratio,9,0.34,0.2737655204892238,0.0066603154827083975,0.1327319587628866,0.054093065441640706,97
tct,15,nqc,9,0.34,0.1430930750225488,0.16204087850360055,0.09106529209621994,0.18634796497677564,97
tct,15,bertQPP,9,0.34,0.28469707156977736,0.0047084880003545595,0.18213058419243988,0.008219435652041644,97
tct,15,bertQPP(QV),9,0.34,0.22922500210483535,0.02391453957319423,0.13187285223367698,0.055668220302014286,97
tct,15,spatial,9,0.36,0.107012531023017,0.2968151558274315,0.046391752577319596,0.5008221569685896,97
tct,15,a_ratio,9,0.36,0.2822197221455358,0.005099512020861631,0.13230240549828182,0.05487593045339063,97
tct,15,nqc,9,0.36,0.1441837963927689,0.1588319540005536,0.09149484536082475,0.1842793810224047,97
tct,15,bertQPP,9,0.36,0.29170668101488423,0.0037427679602008972,0.18857388316151205,0.006211170636578692,97
tct,15,bertQPP(QV),9,0.36,0.23632522179732662,0.019781089691330498,0.13702749140893475,0.046764860648197036,97
tct,15,spatial,9,0.38,0.1146894606553227,0.2633053950900108,0.04896907216494846,0.4773342987798882,97
tct,15,a_ratio,9,0.38,0.29006756170168196,0.003951157294263248,0.13402061855670105,0.051800200122302374,97
tct,15,nqc,9,0.38,0.14534336351264918,0.15547264718022744,0.09149484536082475,0.1842793810224047,97
tct,15,bertQPP,9,0.38,0.2989588754338167,0.002933920782111621,0.19458762886597944,0.004747484369155047,97
tct,15,bertQPP(QV),9,0.38,0.24370201374374711,0.016152231364836952,0.13745704467353953,0.04608031263937092,97
tct,15,spatial,9,0.4,0.12255527970711794,0.23173708515872377,0.054123711340206195,0.432221333716273,97
tct,15,a_ratio,9,0.4,0.29731073054226786,0.003102522396616471,0.13616838487972513,0.04815964796946807,97
tct,15,nqc,9,0.4,0.14657846135986477,0.15195320260314427,0.09149484536082475,0.1842793810224047,97
tct,15,bertQPP,9,0.4,0.3064477322506648,0.0022668699447077915,0.19673539518900346,0.004305679427335466,97
tct,15,bertQPP(QV),9,0.4,0.25135513005994087,0.013010640526631836,0.14046391752577322,0.04152093691345949,97
tct,15,spatial,9,0.42,0.13060393732489697,0.2022760356351791,0.05927835051546393,0.3896811249151011,97
tct,15,a_ratio,9,0.42,0.30395847475488874,0.0024716309729437926,0.1365979381443299,0.04745794602168577,97
tct,15,nqc,9,0.42,0.14789666249544964,0.14826317363033173,0.09192439862542956,0.1822278457949571,97
tct,15,bertQPP,9,0.42,0.3141627517732568,0.0017257090771717065,0.19802405498281792,0.004058834798972484,97
tct,15,bertQPP(QV),9,0.42,0.25928058093423517,0.010331576095394245,0.1473367697594502,0.03251488713772691,97
tct,15,spatial,9,0.44,0.13882751954070255,0.1750532432440372,0.06786941580756015,0.3246919364895129,97
tct,15,a_ratio,9,0.44,0.310026511363182,0.00199924251812739,0.14003436426116841,0.04214791401843269,97
tct,15,nqc,9,0.44,0.1493065780901543,0.14439139899455627,0.09149484536082475,0.1842793810224047,97
tct,15,bertQPP,9,0.44,0.32208780569533896,0.0012941928682036778,0.19673539518900346,0.004305679427335466,97
tct,15,bertQPP(QV),9,0.44,0.2674696721111508,0.008083530497771446,0.14518900343642613,0.03513003275683934,97
tct,15,spatial,9,0.46,0.1472160828453709,0.1501598127953872,0.07044673539518902,0.3066570724911982,97
tct,15,a_ratio,9,0.46,0.3155358732938523,0.0016426883538226702,0.14604810996563578,0.03406318246416719,97
tct,15,nqc,9,0.46,0.15081804054636916,0.14032599195189926,0.09106529209621994,0.18634796497677564,97
tct,15,bertQPP,9,0.46,0.330199943548979,0.0009562444720653952,0.19587628865979384,0.004477722918252414,97
tct,15,bertQPP(QV),9,0.46,0.27590789377584735,0.006229282776751749,0.15077319587628868,0.0286776674564184,97
tct,15,spatial,9,0.48,0.15575750024579538,0.12764342640391516,0.07474226804123713,0.2781012070168114,97
tct,15,a_ratio,9,0.48,0.32051175169621915,0.0013712591105596384,0.15378006872852237,0.025646544632394585,97
tct,15,nqc,9,0.48,0.15244232560759396,0.13605434885246379,0.09106529209621994,0.18634796497677564,97
tct,15,bertQPP,9,0.48,0.33846807182586036,0.0006964430257903119,0.19673539518900346,0.004305679427335466,97
tct,15,bertQPP(QV),9,0.48,0.28457366668813305,0.00472731507312517,0.1554982817869416,0.02404211148041231,97
tct,15,spatial,9,0.5,0.16443732720808563,0.1075067230500631,0.07689003436426119,0.26452436355398434,97
tct,15,a_ratio,9,0.5,0.3249823907667283,0.0011628213875665256,0.15764604810996566,0.022159535570441733,97
tct,15,nqc,9,0.5,0.1541924241483744,0.131563186807092,0.09063573883161513,0.18843365829791547,97
tct,15,bertQPP,9,0.5,0.34685154012761543,0.0005004540571062212,0.19974226804123715,0.0037496927052216027,97
tct,15,bertQPP(QV),9,0.5,0.2934369675504255,0.003533505790794464,0.1597938144329897,0.02040649882574069,97
tct,15,spatial,9,0.52,0.1732386958351424,0.08970782097942556,0.07989690721649485,0.24629548858904848,97
tct,15,a_ratio,9,0.52,0.3289780753346997,0.0010013712172969107,0.16494845360824745,0.01668446543769203,97
tct,15,nqc,9,0.52,0.15608337690673307,0.1268386241011054,0.09020618556701032,0.1905365207922204,97
tct,15,bertQPP,9,0.52,0.35529869593237895,0.00035536985475772827,0.20446735395189009,0.0030066996042901117,97
tct,15,bertQPP(QV),9,0.52,0.3024578787100553,0.0026029689198198177,0.17053264604811,0.013337754848227265,97
tct,15,spatial,9,0.54,0.18214224634799858,0.07416304276547131,0.08462199312714778,0.2194617374170329,97
tct,15,a_ratio,9,0.54,0.3325302369859781,0.0008752820557935029,0.17053264604811,0.013337754848227265,97
tct,15,nqc,9,0.54,0.1581326895467852,0.12186632257075444,0.09192439862542956,0.1822278457949571,97
tct,15,bertQPP,9,0.54,0.36374550500677627,0.00024993629494887573,0.20704467353951894,0.0026605976928076114,97
tct,15,bertQPP(QV),9,0.54,0.31158513832636753,0.0018918784697878582,0.17225085910652924,0.012434959394241826,97
tct,15,spatial,9,0.56,0.19112610531064952,0.06075170529763884,0.0889175257731959,0.1969487085850582,97
tct,15,a_ratio,9,0.56,0.33567069171096037,0.0007760576625256199,0.17396907216494847,0.011586707769612953,97
tct,15,nqc,9,0.56,0.1603608510290543,0.11663171894439683,0.09192439862542956,0.1822278457949571,97
tct,15,bertQPP,9,0.56,0.37211437743658893,0.00017465598046665905,0.2173539518900344,0.0016102081655090619,97
tct,15,bertQPP(QV),9,0.56,0.3207548060015519,0.0013591088414163907,0.1752577319587629,0.010984624932232429,97
tct,15,spatial,9,0.58,0.2001659199245458,0.04932264002008887,0.09450171821305844,0.17027316035268703,97
tct,15,a_ratio,9,0.58,0.3384310116655787,0.0006974470352425024,0.17955326460481102,0.009173476196585428,97
tct,15,nqc,9,0.58,0.1627919858996742,0.11112038302541506,0.09063573883161513,0.18843365829791547,97
tct,15,bertQPP,9,0.58,0.3803133866524377,0.00012177255382881332,0.2203608247422681,0.0013853583021557498,97
tct,15,bertQPP(QV),9,0.58,0.32988920363107216,0.0009675416708225294,0.1786941580756014,0.00951278395726825,97
tct,15,spatial,9,0.6,0.20923495699203346,0.039701941288556045,0.09664948453608249,0.16076803875264556,97
tct,15,a_ratio,9,0.6,0.34084202585333734,0.0006348166416313499,0.18127147766323026,0.008527096049992753,97
tct,15,nqc,9,0.6,0.1654546816154822,0.10531855572467956,0.09063573883161513,0.18843365829791547,97
tct,15,bertQPP,9,0.6,0.3882361141902052,8.515477546081847e-05,0.22336769759450176,0.0011897860106094835,97
tct,15,bertQPP(QV),9,0.6,0.33889633700121236,0.000684936252414164,0.186426116838488,0.006825229731210832,97
tct,15,spatial,9,0.62,0.21830427369950867,0.031701329341829614,0.09579037800687287,0.16452082122278677,97
tct,15,a_ratio,9,0.62,0.34293343925275455,0.0005847045190840047,0.18213058419243988,0.008219435652041644,97
tct,15,nqc,9,0.62,0.16838304658663997,0.09921394085556888,0.09364261168384881,0.17419095096502246,97
tct,15,bertQPP,9,0.62,0.3957623853755217,6.010868236751877e-05,0.2298109965635739,0.0008535554716530555,97
tct,15,bertQPP(QV),9,0.62,0.34767004167179116,0.00048432563030827603,0.19501718213058422,0.004655971971265852,97
tct,15,spatial,9,0.64,0.22734296513421132,0.02512647756809989,0.10223367697594504,0.13793469449367568,97
tct,15,a_ratio,9,0.64,0.3447335567951386,0.0005445026057415653,0.18427835051546396,0.0074933028749945285,97
tct,15,nqc,9,0.64,0.17161807494018644,0.09279685313772473,0.09407216494845362,0.1722237215768213,97
tct,15,bertQPP,9,0.64,0.402760165331797,4.315016141058279e-05,0.23410652920962205,0.0006809162092632265,97
tct,15,bertQPP(QV),9,0.64,0.35609111385957426,0.000343969531705173,0.19587628865979384,0.004477722918252414,97
tct,15,spatial,9,0.66,0.23631849042021796,0.019784697235582353,0.10266323024054985,0.13628751627610397,97
tct,15,a_ratio,9,0.66,0.3462690972122807,0.0005122294661047771,0.1868556701030928,0.006698222213035896,97
tct,15,nqc,9,0.66,0.1752094224995423,0.08606186299216743,0.093213058419244,0.17617491386576734,97
tct,15,bertQPP,9,0.66,0.40908884256311456,3.176843840796163e-05,0.24012027491408938,0.0004932117335580638,97
tct,15,bertQPP(QV),9,0.66,0.36402966697635103,0.0002469525905759378,0.20060137457044677,0.0036032888355043277,97
tct,15,spatial,9,0.68,0.24519707561883602,0.015491487909516436,0.10996563573883163,0.110550087489207,97
tct,15,a_ratio,9,0.68,0.3475650816776348,0.00048636684173226745,0.18470790378006877,0.007355176256510775,97
tct,15,nqc,9,0.68,0.17921773849936962,0.07901012784155964,0.09621993127147768,0.16263626465805225,97
tct,15,bertQPP,9,0.68,0.4146040222069801,2.4204670028774343e-05,0.24183848797250862,0.0004492042155364218,97
tct,15,bertQPP(QV),9,0.68,0.3713488805956763,0.00018054964202271189,0.21176975945017185,0.0021190549684448486,97
tct,15,spatial,9,0.7,0.2539441872611835,0.012075626925434912,0.11812714776632303,0.08649966115997804,97
tct,15,a_ratio,9,0.7,0.34864478295181417,0.00046574140463123025,0.186426116838488,0.006825229731210832,97
tct,15,nqc,9,0.7,0.1837177536037013,0.07165265871470176,0.09793814432989692,0.1552606461818409,97
tct,15,bertQPP,9,0.7,0.41916377480622363,1.9261328980160175e-05,0.24742268041237117,0.00033019314561040996,97
tct,15,bertQPP(QV),9,0.7,0.37791016996539023,0.00013548494763217865,0.21950171821305847,0.0014464512863097319,97
tct,15,spatial,9,0.72,0.26252506583852436,0.009382657289216927,0.1207044673539519,0.07984982362376257,97
tct,15,a_ratio,9,0.72,0.34952972207384747,0.0004494386582022374,0.1911512027491409,0.005540236417616152,97
tct,15,nqc,9,0.72,0.18880240229838438,0.06401483215298402,0.1009450171821306,0.14296835148549844,97
tct,15,bertQPP,9,0.72,0.42263604828819257,1.614977562505185e-05,0.2491408934707904,0.00029998189638302743,97
tct,15,bertQPP(QV),9,0.72,0.3835796031322477,0.00010519333154728603,0.22293814432989695,0.0012160687743494618,97
tct,15,spatial,9,0.74,0.2709053041246551,0.007276809938270838,0.12585910652920965,0.0677963948466897,97
tct,15,a_ratio,9,0.74,0.350239701248662,0.0004367398164773,0.1941580756013746,0.0048406217198878375,97
tct,15,nqc,9,0.74,0.19458836156700232,0.0561424963955038,0.10266323024054985,0.13628751627610397,97
tct,15,bertQPP,9,0.74,0.4249066841178816,1.437706345141507e-05,0.24570446735395193,0.0003632334933323789,97
tct,15,bertQPP(QV),9,0.74,0.38823515216870824,8.515852127516709e-05,0.22207903780068733,0.0012702502748310276,97
tct,15,spatial,9,0.76,0.27905145125434205,0.005641538605429718,0.1314432989690722,0.05647001729864357,97
tct,15,a_ratio,9,0.76,0.3507928632755044,0.00042707520137079787,0.19587628865979384,0.004477722918252414,97
tct,15,nqc,9,0.76,0.2012235168021007,0.048109976391924644,0.10309278350515466,0.1346555631057889,97
tct,15,bertQPP,9,0.76,0.4258872410304936,1.3669453774460968e-05,0.24742268041237117,0.00033019314561040996,97
tct,15,bertQPP(QV),9,0.76,0.3917741306214008,7.236891801448273e-05,0.22680412371134026,0.0009976667225656776,97
tct,15,spatial,9,0.78,0.28693162045141435,0.004378938712336204,0.14046391752577322,0.04152093691345949,97
tct,15,a_ratio,9,0.78,0.3512057695104181,0.00041998958742378367,0.19802405498281792,0.004058834798972484,97
tct,15,nqc,9,0.78,0.20889699602424913,0.04003001632519563,0.10609965635738833,0.1236515932692785,97
tct,15,bertQPP,9,0.78,0.4255216924911985,1.3929337706691177e-05,0.2517182130584193,0.00025948171452482385,97
tct,15,bertQPP(QV),9,0.78,0.39412000303913575,6.490221197678322e-05,0.22637457044673542,0.0010200025736501021,97
tct,15,spatial,9,0.8,0.29451607656303724,0.0034083623059415207,0.1443298969072165,0.03622527510674091,97
tct,15,a_ratio,9,0.8,0.35149348987732437,0.00041511624459719324,0.20017182130584193,0.0036758280937195186,97
tct,15,nqc,9,0.8,0.21785244763514378,0.03206492606555705,0.11383161512027494,0.0985701799206937,97
tct,15,bertQPP,9,0.8,0.42379108937432786,1.52238722746995e-05,0.24570446735395193,0.0003632334933323789,97
tct,15,bertQPP(QV),9,0.8,0.39522771515717053,6.16317302904323e-05,0.23496563573883167,0.0006505425158083947,97
tct,15,spatial,9,0.82,0.3017777793845594,0.002664535411045935,0.14948453608247425,0.030068308790855192,97
tct,15,a_ratio,9,0.82,0.3516696997931835,0.0004121573561981398,0.2018900343642612,0.0033934144348203364,97
tct,15,nqc,9,0.82,0.22840486093156356,0.024436393813428207,0.11855670103092786,0.08536128644887009,97
tct,15,bertQPP,9,0.82,0.4207154939249976,1.780715633016116e-05,0.2439862542955327,0.0003993454119661632,97
tct,15,bertQPP(QV),9,0.82,0.39508682137756945,6.203901991458334e-05,0.2392611683848798,0.0005166931871154039,97
tct,15,spatial,9,0.84,0.30869286027425336,0.0020954449857498356,0.15936426116838492,0.0207470988785446,97
tct,15,a_ratio,9,0.84,0.3517467800364811,0.00041086914152435675,0.20274914089347082,0.003259747042536618,97
tct,15,nqc,9,0.84,0.24095949480339746,0.017427809853283488,0.12714776632302408,0.06502915478137135,97
tct,15,bertQPP,9,0.84,0.4163528669872456,2.218282225941493e-05,0.24957044673539522,0.00029284438819506046,97
tct,15,bertQPP(QV),9,0.84,0.3937219716624845,6.611634281444998e-05,0.24097938144329903,0.0004707284379041492,97
tct,15,spatial,9,0.86,0.31524101270357996,0.0016602047896074259,0.16365979381443302,0.01755425786967657,97
tct,15,a_ratio,9,0.86,0.3517359165660517,0.00041105047453965035,0.2018900343642612,0.0033934144348203364,97
tct,15,nqc,9,0.86,0.25602560362653765,0.01136698665646042,0.12929553264604812,0.060624507125192455,97
tct,15,bertQPP,9,0.86,0.4107950466291837,2.9220111541123873e-05,0.24613402061855674,0.00035469522611087794,97
tct,15,bertQPP(QV),9,0.86,0.39119070580074977,7.434620215868463e-05,0.24097938144329903,0.0004707284379041492,97
tct,15,spatial,9,0.88,0.3214057819295578,0.0013270464286702878,0.16323024054982818,0.017852894393926448,97
tct,15,a_ratio,9,0.88,0.35164719810118483,0.0004125341183600331,0.2014604810996564,0.0034621026042757834,97
tct,15,nqc,9,0.88,0.274199576831231,0.006570913456524005,0.13788659793814437,0.04540422310195199,97
tct,15,bertQPP,9,0.88,0.4041613828505271,4.0343065810593144e-05,0.2452749140893471,0.0003719636432157586,97
tct,15,bertQPP(QV),9,0.88,0.38757889863457723,8.774977425383665e-05,0.23840206185567014,0.0005412133012575864,97
tct,15,spatial,9,0.9,0.3271747445194578,0.001071523663863019,0.16924398625429557,0.01405239227763608,97
tct,15,a_ratio,9,0.9,0.3514897099222012,0.0004151799303269539,0.19673539518900346,0.004305679427335466,97
tct,15,nqc,9,0.9,0.29603940476063073,0.003238460947442533,0.1516323024054983,0.027781654237823455,97
tct,15,bertQPP,9,0.9,0.3965908897398871,5.7817742888829085e-05,0.2405498281786942,0.0004818477915141724,97
tct,15,bertQPP(QV),9,0.9,0.3829945118495772,0.00010799991226948536,0.23582474226804126,0.000621432826309228,97
tct,15,spatial,9,0.92,0.3325395745066583,0.0008749706166501682,0.1701030927835052,0.013572314777054699,97
tct,15,a_ratio,9,0.92,0.35127162286379904,0.0004188695615705263,0.19673539518900346,0.004305679427335466,97
tct,15,nqc,9,0.92,0.3216101004483969,0.0013171256929956823,0.1658075601374571,0.016125841537736958,97
tct,15,bertQPP,9,0.92,0.3882338865008689,8.516344962788524e-05,0.23109965635738836,0.0007979153488644113,97
tct,15,bertQPP(QV),9,0.92,0.3775604719905219,0.0001375955642774926,0.22336769759450176,0.0011897860106094835,97
tct,15,spatial,9,0.94,0.3374959989729299,0.0007232198917585421,0.1786941580756014,0.00951278395726825,97
tct,15,a_ratio,9,0.94,0.35100027687224555,0.00042350229743378,0.19286941580756015,0.005130036782382208,97
tct,15,nqc,9,0.94,0.3491722575045298,0.0004559598828720064,0.16881443298969073,0.014298004272030715,97
tct,15,bertQPP,9,0.94,0.37924402324241235,0.00012770693919921411,0.22079037800687287,0.0013557124652369783,97
tct,15,bertQPP(QV),9,0.94,0.37140749353273866,0.00018009194994688654,0.2216494845360825,0.001298168853613724,97
tct,15,spatial,9,0.96,0.3420436513292335,0.0006055642721687605,0.1786941580756014,0.00951278395726825,97
tct,15,a_ratio,9,0.96,0.3506822588014714,0.0004289917743649949,0.1890034364261169,0.006094500520977148,97
tct,15,nqc,9,0.96,0.3723111215193988,0.00017317025009008343,0.1829896907216495,0.007921746820669876,97
tct,15,bertQPP,9,0.96,0.3697713757377214,0.0001932796631428762,0.21520618556701035,0.0017908788065225548,97
tct,15,bertQPP(QV),9,0.96,0.36466752882885717,0.0002403743689852446,0.2173539518900344,0.0016102081655090619,97
tct,15,spatial,9,0.98,0.34618583508822653,0.0005139334074138523,0.18470790378006877,0.007355176256510775,97
tct,15,a_ratio,9,0.98,0.3503234743499329,0.000435263374318348,0.1911512027491409,0.005540236417616152,97
tct,15,nqc,9,0.98,0.37723479248713854,0.000139588585957596,0.20317869415807563,0.0031947282487263706,97
tct,15,bertQPP,9,0.98,0.359957018248396,0.0002930263447480553,0.2018900343642612,0.0033934144348203364,97
tct,15,bertQPP(QV),9,0.98,0.3574683101480611,0.0003249538575252265,0.20103092783505158,0.0035320539175627825,97
tct,15,spatial,9,1.0,0.349929214205079,0.0004422521459855612,0.18857388316151205,0.006211170636578692,97
tct,15,a_ratio,9,1.0,0.349929214205079,0.0004422521459855612,0.18857388316151205,0.006211170636578692,97
tct,15,nqc,9,1.0,0.349929214205079,0.0004422521459855612,0.18857388316151205,0.006211170636578692,97
tct,15,bertQPP,9,1.0,0.349929214205079,0.0004422521459855612,0.18857388316151205,0.006211170636578692,97
tct,15,bertQPP(QV),9,1.0,0.349929214205079,0.0004422521459855612,0.18857388316151205,0.006211170636578692,97
tct,15,spatial,10,0.0,0.001031152290801668,0.992002124147356,0.0047250859106529215,0.9453348196600103,97
tct,15,a_ratio,10,0.0,0.07429253125432347,0.46955000831987603,0.0584192439862543,0.3965888091618368,97
tct,15,nqc,10,0.0,0.13114536992369358,0.20039538169504273,0.08118556701030928,0.23875904036666062,97
tct,15,bertQPP,10,0.0,0.19877034806861155,0.050961349322358296,0.13917525773195877,0.0434259212403691,97
tct,15,bertQPP(QV),10,0.0,0.14399174086233593,0.1593935249494607,0.09664948453608249,0.16076803875264556,97
tct,15,spatial,10,0.02,0.005622052351290471,0.9564145873279147,0.0047250859106529215,0.9453348196600103,97
tct,15,a_ratio,10,0.02,0.08666637958481013,0.39861951526821127,0.06615120274914091,0.33709113316806516,97
tct,15,nqc,10,0.02,0.13163880055906063,0.1986924309789767,0.08204467353951891,0.23382603249144784,97
tct,15,bertQPP,10,0.02,0.2025175237542069,0.04665987902586698,0.1396048109965636,0.042782883164389815,97
tct,15,bertQPP(QV),10,0.02,0.14765768711636462,0.14892708780543293,0.09922680412371135,0.1498976871116754,97
tct,15,spatial,10,0.04,0.010357835407361099,0.9197941079657892,0.005154639175257733,0.940374133088132,97
tct,15,a_ratio,10,0.04,0.09930954687538965,0.33314371126140746,0.07817869415807562,0.25660117603543875,97
tct,15,nqc,10,0.04,0.13215261224857044,0.196930231816323,0.08204467353951891,0.23382603249144784,97
tct,15,bertQPP,10,0.04,0.20640912471279516,0.04251542451583476,0.14046391752577322,0.04152093691345949,97
tct,15,bertQPP(QV),10,0.04,0.15146938445961308,0.138601016329253,0.1009450171821306,0.14296835148549844,97
tct,15,spatial,10,0.06,0.015243225230560653,0.8821922406326951,0.009450171821305843,0.8909259356400668,97
tct,15,a_ratio,10,0.06,0.11217825267257647,0.273971539753117,0.08805841924398626,0.2013104039967497,97
tct,15,nqc,10,0.06,0.13268809096990825,0.19510573531494238,0.08333333333333336,0.22656268559471548,97
tct,15,bertQPP,10,0.06,0.21045221789901086,0.03853883938832146,0.14218213058419246,0.039091423487606906,97
tct,15,bertQPP(QV),10,0.06,0.15543436339862138,0.12844531613815693,0.10266323024054985,0.13628751627610397,97
tct,15,spatial,10,0.08,0.020282958116690536,0.8436752798694759,0.008161512027491411,0.9057247746831294,97
tct,15,a_ratio,10,0.08,0.1252216103625689,0.221662674151705,0.09063573883161513,0.18843365829791547,97
tct,15,nqc,10,0.08,0.13324663290021893,0.19321568908032666,0.08419243986254298,0.22181074839562664,97
tct,15,bertQPP,10,0.08,0.21465417285233013,0.0347405553260058,0.14561855670103094,0.03459309466060896,97
tct,15,bertQPP(QV),10,0.08,0.1595605332224363,0.11849152210883732,0.10352233676975947,0.1330387570764664,97
tct,15,spatial,10,0.1,0.025481753531937032,0.8043255604500257,0.01202749140893471,0.8614470077832815,97
tct,15,a_ratio,10,0.1,0.13838202458783178,0.1764552851773,0.09278350515463919,0.1781756748775648,97
tct,15,nqc,10,0.1,0.13382975644187323,0.1912566211190978,0.0850515463917526,0.21713063766326968,97
tct,15,bertQPP,10,0.1,0.21902264969896174,0.031130398436066176,0.1439003436426117,0.036783724578164194,97
tct,15,bertQPP(QV),10,0.1,0.16385618206879507,0.10877248071626419,0.10781786941580758,0.11768634646990996,97
tct,15,spatial,10,0.12,0.03084427948063921,0.7642426183348138,0.015463917525773198,0.8224469251562028,97
tct,15,a_ratio,10,0.12,0.15159591797088584,0.13826778619082217,0.09278350515463919,0.1781756748775648,97
tct,15,nqc,10,0.12,0.13443911585284335,0.18922482237758637,0.08591065292096221,0.2125219840325313,97
tct,15,bertQPP,10,0.12,0.22356557874389166,0.027717388229243488,0.1473367697594502,0.03251488713772691,97
tct,15,bertQPP(QV),10,0.12,0.1683299705310143,0.09932205746123879,0.10567010309278352,0.12517917667351905,97
tct,15,spatial,10,0.14,0.036375111972800564,0.7235441351856752,0.018900343642611686,0.783880730258208,97
tct,15,a_ratio,10,0.14,0.16479479810350464,0.10673385793738578,0.09235395189003438,0.18019329783502935,97
tct,15,nqc,10,0.14,0.13507651673623403,0.18711632781687274,0.0854810996563574,0.2148174024411691,97
tct,15,bertQPP,10,0.14,0.22829112933187432,0.024509522128955477,0.1512027491408935,0.028226597294347726,97
tct,15,bertQPP(QV),10,0.14,0.17299091679747808,0.09017476012359252,0.10781786941580758,0.11768634646990996,97
tct,15,spatial,10,0.16,0.042078687941095316,0.6823665773193153,0.020189003436426118,0.7695487264404447,97
tct,15,a_ratio,10,0.16,0.1779066494465383,0.08126390837378493,0.09450171821305844,0.17027316035268703,97
tct,15,nqc,10,0.16,0.13574393369054055,0.18492689592783274,0.08676975945017183,0.2079844017382293,97
tct,15,bertQPP,10,0.16,0.23320766511767396,0.021513549918143964,0.1516323024054983,0.027781654237823455,97
tct,15,bertQPP(QV),10,0.16,0.17784837082171673,0.08136526985127412,0.11082474226804125,0.10779310640620364,97
tct,15,spatial,10,0.18,0.04795925094039469,0.6408654297141554,0.02405498281786942,0.7270405431127746,97
tct,15,a_ratio,10,0.18,0.19085760505709667,0.06112168030423385,0.10137457044673541,0.14127503537333896,97
tct,15,nqc,10,0.18,0.13644353047920044,0.18265198659632914,0.08676975945017183,0.2079844017382293,97
tct,15,bertQPP,10,0.18,0.2383236822383702,0.018734744284137798,0.154639175257732,0.024833107958687445,97
tct,15,bertQPP(QV),10,0.18,0.1829119744212047,0.07292787442768454,0.11340206185567013,0.09984779835922447,97
tct,15,spatial,10,0.2,0.05402078896274386,0.599214918683157,0.028350515463917533,0.680780730027897,97
tct,15,a_ratio,10,0.2,0.20357382341028585,0.04550316808896866,0.1086769759450172,0.11478963120763813,97
tct,15,nqc,10,0.2,0.13717768314734666,0.18028673724165423,0.08719931271477664,0.2057421374120063,97
tct,15,bertQPP,10,0.2,0.24364772610833801,0.016176675550598287,0.15678694158075604,0.022896601370035064,97
tct,15,bertQPP(QV),10,0.2,0.18819160347980002,0.06489580172593098,0.11554982817869418,0.09358972367387966,97
tct,15,spatial,10,0.22,0.06026696372288892,0.5576071149469051,0.030927835051546396,0.653577523351426,97
tct,15,a_ratio,10,0.22,0.21598347021419917,0.03360653016341817,0.11512027491408937,0.09481550621817705,97
tct,15,nqc,10,0.22,0.13794900659839204,0.17782593717334375,0.08762886597938145,0.2035174890452155,97
tct,15,bertQPP,10,0.22,0.2491882816459919,0.013841000685264202,0.15807560137457047,0.021798803662876853,97
tct,15,bertQPP(QV),10,0.22,0.19369728756481414,0.057300456623807686,0.11855670103092786,0.08536128644887009,97
tct,15,spatial,10,0.24,0.06670103082095527,0.516250314202778,0.03522336769759451,0.6092594479622931,97
tct,15,a_ratio,10,0.24,0.2280186881956492,0.024685458417465115,0.11812714776632303,0.08649966115997804,97
tct,15,nqc,10,0.24,0.13876038524705195,0.1752640001459874,0.08676975945017183,0.2079844017382293,97
tct,15,bertQPP,10,0.24,0.25495363067962135,0.011727278578181795,0.16151202749140894,0.01909240321886764,97
tct,15,bertQPP(QV),10,0.24,0.19943910124943912,0.05017057172451454,0.12242268041237117,0.07565197367789964,97
tct,15,spatial,10,0.26,0.0733257502776302,0.4753666071036844,0.03908934707903781,0.5705575497769013,97
tct,15,a_ratio,10,0.26,0.23961743260649088,0.018083075882458235,0.11769759450171824,0.08765026442852013,97
tct,15,nqc,10,0.26,0.13961500849358185,0.17259493514393434,0.08805841924398626,0.2013104039967497,97
tct,15,bertQPP,10,0.26,0.2609516690641955,0.009832825165858563,0.16623711340206188,0.015852745291372216,97
tct,15,bertQPP(QV),10,0.26,0.20542702024416554,0.043531291186778565,0.12371134020618559,0.07262323979726368,97
tct,15,spatial,10,0.28,0.08014328707238193,0.4351885768948498,0.04123711340206186,0.5495750194028222,97
tct,15,a_ratio,10,0.28,0.25072505819887736,0.013247498676180778,0.12242268041237117,0.07565197367789964,97
tct,15,nqc,10,0.28,0.14051641192276593,0.16981231550432713,0.08848797250859108,0.19912082868170233,97
tct,15,bertQPP,10,0.28,0.2671896746821316,0.008152622933090409,0.17053264604811,0.013337754848227265,97
tct,15,bertQPP(QV),10,0.28,0.21167073408637743,0.03740321767831466,0.13101374570446736,0.05728140399891128,97
tct,15,spatial,10,0.3,0.08715510150665742,0.39595510235369774,0.043814432989690726,0.5249088158491623,97
tct,15,a_ratio,10,0.3,0.26129556400191434,0.00973284700366056,0.12929553264604812,0.060624507125192455,97
tct,15,nqc,10,0.3,0.14146852532881152,0.16690924659730205,0.0893470790378007,0.19479398827541883,97
tct,15,bertQPP,10,0.3,0.2736740160315353,0.006679299301992906,0.17182130584192443,0.01265543298933369,97
tct,15,bertQPP(QV),10,0.3,0.21817940563273877,0.03180146446440009,0.13487972508591067,0.050317249987351625,97
tct,15,spatial,10,0.32,0.09436182947207793,0.35790629670225543,0.04810996563573884,0.4850959502795227,97
tct,15,a_ratio,10,0.32,0.271292432625594,0.007190522848138253,0.13702749140893475,0.046764860648197036,97
tct,15,nqc,10,0.32,0.14247572891454585,0.1638783324392297,0.09020618556701032,0.1905365207922204,97
tct,15,bertQPP,10,0.32,0.28040978959387164,0.005403187039613855,0.1786941580756014,0.00951278395726825,97
tct,15,bertQPP(QV),10,0.32,0.22496136599048838,0.026734767019062022,0.13359106529209622,0.05255528194642074,97
tct,15,spatial,10,0.34,0.10176315303856379,0.32127767887963116,0.050257731958762895,0.4658203551040343,97
tct,15,a_ratio,10,0.34,0.2806890366580803,0.005355310404081499,0.1365979381443299,0.04745794602168577,97
tct,15,nqc,10,0.34,0.14354291932433766,0.16071164183630687,0.09020618556701032,0.1905365207922204,97
tct,15,bertQPP,10,0.34,0.2874003727417906,0.00431247673738539,0.18384879725085912,0.0076337511300162714,97
tct,15,bertQPP(QV),10,0.34,0.232023731902596,0.022204719847134135,0.13917525773195877,0.0434259212403691,97
tct,15,spatial,10,0.36,0.10935766219838419,0.28629374902735866,0.04939862542955327,0.47347910625616985,97
tct,15,a_ratio,10,0.36,0.2894686209729251,0.0040298522287709445,0.14003436426116841,0.04214791401843269,97
tct,15,nqc,10,0.36,0.14467558756358595,0.15740067496612414,0.09063573883161513,0.18843365829791547,97
tct,15,bertQPP,10,0.36,0.29464687779764176,0.0033934664102782965,0.1890034364261169,0.006094500520977148,97
tct,15,bertQPP(QV),10,0.36,0.23937193112641264,0.01820521239996836,0.14046391752577322,0.04152093691345949,97
tct,15,spatial,10,0.38,0.11714270911621422,0.253161219912367,0.04896907216494846,0.4773342987798882,97
tct,15,a_ratio,10,0.38,0.2976239017292338,0.003069832023804553,0.1357388316151203,0.04887004601219989,97
tct,15,nqc,10,0.38,0.14587991135820552,0.15393633173789506,0.09020618556701032,0.1905365207922204,97
tct,15,bertQPP,10,0.38,0.3021474922947128,0.0026309063260163083,0.1937285223367698,0.004935409194231109,97
tct,15,bertQPP(QV),10,0.38,0.24700912027080313,0.014722140533063548,0.14304123711340208,0.037922646089534044,97
tct,15,spatial,10,0.4,0.1251142568457777,0.22206223244792825,0.050687285223367705,0.46201693847175085,97
tct,15,a_ratio,10,0.4,0.3051563470229876,0.0023711046203707736,0.13917525773195877,0.0434259212403691,97
tct,15,nqc,10,0.4,0.14716286514836918,0.15030888387467892,0.09063573883161513,0.18843365829791547,97
tct,15,bertQPP,10,0.4,0.30989669098491585,0.0020084286350822425,0.19587628865979384,0.004477722918252414,97
tct,15,bertQPP(QV),10,0.4,0.25493547927034976,0.011733464151717266,0.14647766323024058,0.03354022455213661,97
tct,15,spatial,10,0.42,0.13326672517789503,0.1931479464648751,0.06056701030927836,0.3794578311122522,97
tct,15,a_ratio,10,0.42,0.3120752186900488,0.0018592132220775117,0.1439003436426117,0.036783724578164194,97
tct,15,nqc,10,0.42,0.1485323517363496,0.146507953498251,0.08977663230240551,0.19265661141875967,97
tct,15,bertQPP,10,0.42,0.3178843073265786,0.0015090419841690586,0.20360824742268044,0.003130893451622874,97
tct,15,bertQPP(QV),10,0.42,0.26314736773902286,0.009209665085745536,0.14862542955326463,0.03102727109196935,97
tct,15,spatial,10,0.44,0.1415928370724802,0.16653293617240342,0.06529209621993129,0.34340339579060297,97
tct,15,a_ratio,10,0.44,0.3183964595450714,0.0014812386963391066,0.14561855670103094,0.03459309466060896,97
tct,15,nqc,10,0.44,0.1499973606789823,0.14252250215976514,0.08977663230240551,0.19265661141875967,97
tct,15,bertQPP,10,0.44,0.32609445694921424,0.0011156622589939722,0.2053264604810997,0.002887015591872923,97
tct,15,bertQPP(QV),10,0.44,0.27163633163756784,0.007114630462089462,0.1512027491408935,0.028226597294347726,97
tct,15,spatial,10,0.46,0.15008346997734393,0.1422908223607101,0.07001718213058421,0.30961588134500106,97
tct,15,a_ratio,10,0.46,0.32414150664580327,0.0011996763255157166,0.15335051546391754,0.026061836085581373,97
tct,15,nqc,10,0.46,0.15156815991340705,0.13834083587282614,0.09063573883161513,0.18843365829791547,97
tct,15,bertQPP,10,0.46,0.3345043140491756,0.0008116434703979221,0.20403780068728525,0.00306822352558543,97
tct,15,bertQPP(QV),10,0.46,0.28038795503174646,0.005406946534476024,0.15635738831615123,0.02327305567367708,97
tct,15,spatial,10,0.48,0.15872751721616254,0.12045153173614895,0.0738831615120275,0.2836625052763587,97
tct,15,a_ratio,10,0.48,0.3293361011658458,0.0009879515072113096,0.15678694158075604,0.022896601370035064,97
tct,15,nqc,10,0.48,0.15325652894358915,0.13395063394548629,0.09063573883161513,0.18843365829791547,97
tct,15,bertQPP,10,0.48,0.3430827551597281,0.000581269234703804,0.20575601374570449,0.0028288190417010725,97
tct,15,bertQPP(QV),10,0.48,0.2893805624758178,0.004041539551930409,0.16151202749140894,0.01909240321886764,97
tct,15,spatial,10,0.5,0.16751176548843497,0.10100048393424736,0.07689003436426119,0.26452436355398434,97
tct,15,a_ratio,10,0.5,0.3340091516334694,0.0008271962915815825,0.16323024054982818,0.017852894393926448,97
tct,15,nqc,10,0.5,0.15507604435163697,0.12933901251780197,0.09106529209621994,0.18634796497677564,97
tct,15,bertQPP,10,0.5,0.3517889047044436,0.0004101666917611054,0.21048109965635742,0.002255725464528707,97
tct,15,bertQPP(QV),10,0.5,0.29858379415616754,0.0029715505030283107,0.16623711340206188,0.015852745291372216,97
tct,15,spatial,10,0.52,0.17642079530198929,0.08387987158172926,0.08204467353951891,0.23382603249144784,97
tct,15,a_ratio,10,0.52,0.33819169199782395,0.0007039624624309087,0.1701030927835052,0.013572314777054699,97
tct,15,nqc,10,0.52,0.1570424316511549,0.12449263803064367,0.09106529209621994,0.18634796497677564,97
tct,15,bertQPP,10,0.52,0.36057064447336856,0.0002856116947106294,0.21434707903780073,0.0018682268943729797,97
tct,15,bertQPP(QV),10,0.52,0.30795709977269003,0.002150288881386302,0.17139175257731962,0.012879359856548544,97
tct,15,spatial,10,0.54,0.18543691177427282,0.0689920290993316,0.08419243986254298,0.22181074839562664,97
tct,15,a_ratio,10,0.54,0.34191596111241646,0.0006086130718327791,0.17268041237113405,0.01221789425088413,97
tct,15,nqc,10,0.54,0.1591740018778776,0.11939791184689756,0.09278350515463919,0.1781756748775648,97
tct,15,bertQPP,10,0.54,0.36936318532379275,0.0001967061935889725,0.21864261168384883,0.0015100189795415188,97
tct,15,bertQPP(QV),10,0.54,0.317448229208114,0.001533087390859901,0.1782646048109966,0.009686599012848096,97
tct,15,spatial,10,0.56,0.19454011360047188,0.05620470027307425,0.08762886597938145,0.2035174890452155,97
tct,15,a_ratio,10,0.56,0.3452146170855912,0.0005341968457619376,0.17740549828178698,0.010042744211065484,97
tct,15,nqc,10,0.56,0.16149219725180416,0.11404125555775144,0.09149484536082475,0.1842793810224047,97
tct,15,bertQPP,10,0.56,0.37808784330838274,0.0001344241284692264,0.21950171821305847,0.0014464512863097319,97
tct,15,bertQPP(QV),10,0.56,0.3269918382868723,0.0010788832699523976,0.17955326460481102,0.009173476196585428,97
tct,15,spatial,10,0.58,0.20370810799475525,0.04535783707847496,0.08848797250859108,0.19912082868170233,97
tct,15,a_ratio,10,0.58,0.34812008926059684,0.000475662139501267,0.17568728522336774,0.01079019991112942,97
tct,15,nqc,10,0.58,0.16402227836656275,0.10840953799569145,0.09149484536082475,0.1842793810224047,97
tct,15,bertQPP,10,0.58,0.38665121101277655,9.153802132242294e-05,0.22422680412371138,0.0011387880187863695,97
tct,15,bertQPP(QV),10,0.58,0.33650837436704994,0.0007513859826584287,0.18470790378006877,0.007355176256510775,97
tct,15,spatial,10,0.6,0.21291637896680177,0.03627141863206693,0.08719931271477664,0.2057421374120063,97
tct,15,a_ratio,10,0.6,0.35066406258538746,0.0004293078373482275,0.17611683848797252,0.010598840128977079,97
tct,15,nqc,10,0.6,0.16679419655600433,0.10249070077047426,0.09278350515463919,0.1781756748775648,97
tct,15,bertQPP,10,0.6,0.3949449615645726,6.245163413422621e-05,0.23195876288659797,0.0007627126312502382,97
tct,15,bertQPP(QV),10,0.6,0.34590345412390244,0.0005197510620546703,0.1898625429553265,0.005867063974983271,97
tct,15,spatial,10,0.62,0.2221383153123126,0.028753691990626877,0.09106529209621994,0.18634796497677564,97
tct,15,a_ratio,10,0.62,0.3528770836915054,0.0003923989056764314,0.1782646048109966,0.009686599012848096,97
tct,15,nqc,10,0.62,0.16984371063395703,0.09627466065259296,0.09493127147766325,0.1683392012081001,97
tct,15,bertQPP,10,0.62,0.40284655651490786,4.297194948048262e-05,0.23582474226804126,0.000621432826309228,97
tct,15,bertQPP(QV),10,0.62,0.35506798560338815,0.00035875379276511496,0.19931271477663232,0.003824903963020039,97
tct,15,spatial,10,0.64,0.23134540311265356,0.022609220091163066,0.09793814432989692,0.1552606461818409,97
tct,15,a_ratio,10,0.64,0.35478827478211433,0.00036289620181740467,0.1829896907216495,0.007921746820669876,97
tct,15,nqc,10,0.64,0.1732138289372889,0.08975459594631577,0.09536082474226806,0.16642177733641728,97
tct,15,bertQPP,10,0.64,0.41022113399493754,3.0055139357016794e-05,0.2379725085910653,0.0005538759115824682,97
tct,15,bertQPP(QV),10,0.64,0.3638793049128573,0.0002485272738576874,0.20575601374570449,0.0028288190417010725,97
tct,15,spatial,10,0.66,0.24050748533540006,0.017646178886655307,0.09750859106529211,0.15708030004273185,97
tct,15,a_ratio,10,0.66,0.3564251399907155,0.0003392656290258399,0.18556701030927839,0.00708575590459897,97
tct,15,nqc,10,0.66,0.1769566881456041,0.08292876154728471,0.0970790378006873,0.15891607395046403,97
tct,15,bertQPP,10,0.66,0.416924811724061,2.1556684894045972e-05,0.24312714776632308,0.0004186340215940853,97
tct,15,bertQPP(QV),10,0.66,0.3722035777574365,0.00017398092071816952,0.21262886597938147,0.002032205430312129,97
tct,15,spatial,10,0.68,0.24959308834057337,0.013682465343687618,0.10652920962199315,0.12213859984356254,97
tct,15,a_ratio,10,0.68,0.35781344875859833,0.00032034253342562246,0.19072164948453613,0.005647306460207743,97
tct,15,nqc,10,0.68,0.1811360233780539,0.0758030239463118,0.09793814432989692,0.1552606461818409,97
tct,15,bertQPP,10,0.68,0.42280953352694167,1.6007414547582755e-05,0.24656357388316158,0.0003463449485504128,97
tct,15,bertQPP(QV),10,0.68,0.37989964020032585,0.00012403760585950928,0.21563573883161516,0.0017533187111864498,97
tct,15,spatial,10,0.7,0.25856981182936395,0.01055033933832655,0.11512027491408937,0.09481550621817705,97
tct,15,a_ratio,10,0.7,0.3589771815743079,0.0003052347113822618,0.19329896907216498,0.0050318722795436996,97
tct,15,nqc,10,0.7,0.1858304445329983,0.0683943598030144,0.10266323024054985,0.13628751627610397,97
tct,15,bertQPP,10,0.7,0.4277294095591044,1.2427603998475654e-05,0.25000000000000006,0.00028586619810323126,97
tct,15,bertQPP(QV),10,0.7,0.3868243100987375,9.081982861652537e-05,0.22379725085910657,0.0011640289366746655,97
tct,15,spatial,10,0.72,0.26740477519726863,0.008099498433564743,0.1202749140893471,0.08092834885233069,97
tct,15,a_ratio,10,0.72,0.3599385247737324,0.0002932525371242891,0.19673539518900346,0.004305679427335466,97
tct,15,nqc,10,0.72,0.191137817834658,0.06073560789798816,0.10695876288659796,0.12064011527036375,97
tct,15,bertQPP,10,0.72,0.4315482584669418,1.0182799978488909e-05,0.2512886597938145,0.00026585493232954136,97
tct,15,bertQPP(QV),10,0.72,0.3928389930310853,6.888562137148914e-05,0.22465635738831619,0.0011140538745299275,97
tct,15,spatial,10,0.74,0.27606510961213493,0.006198647758039784,0.12285223367697597,0.07463114343880432,97
tct,15,a_ratio,10,0.74,0.360717902742853,0.00028385825010091546,0.19974226804123715,0.0037496927052216027,97
tct,15,nqc,10,0.74,0.19718116484546272,0.05288177239046491,0.10738831615120277,0.11915605807960761,97
tct,15,bertQPP,10,0.74,0.43414778779353214,8.879141877387086e-06,0.2525773195876289,0.00024716269151633816,97
tct,15,bertQPP(QV),10,0.74,0.39781715779545407,5.457587250411428e-05,0.22680412371134026,0.0009976667225656776,97
tct,15,spatial,10,0.76,0.284518481720954,0.004735755957374099,0.12800687285223372,0.06323660544752113,97
tct,15,a_ratio,10,0.76,0.3613340375983557,0.0002766288648030492,0.1984536082474227,0.003979453005162126,97
tct,15,nqc,10,0.76,0.20411663360055754,0.044918071093363356,0.10738831615120277,0.11915605807960761,97
tct,15,bertQPP,10,0.76,0.43543560551039634,8.293055660975857e-06,0.256872852233677,0.0001933769855221948,97
tct,15,bertQPP(QV),10,0.76,0.4016520140218147,4.549813928905553e-05,0.22723367697594504,0.000975784420613921,97
tct,15,spatial,10,0.78,0.29273363201273095,0.003617269935415354,0.13487972508591067,0.050317249987351625,97
tct,15,a_ratio,10,0.78,0.36180402810937506,0.00027122883232518494,0.2014604810996564,0.0034621026042757834,97
tct,15,nqc,10,0.78,0.2121442440702896,0.03696954747427868,0.11168384879725088,0.1050908480999539,97
tct,15,bertQPP,10,0.78,0.43535211290172604,8.329922254270802e-06,0.25343642611683853,0.00023539388087640415,97
tct,15,bertQPP(QV),10,0.78,0.4042635521403107,4.0145206411891725e-05,0.23324742268041243,0.0007126038672884247,97
tct,15,spatial,10,0.8,0.3006809088324699,0.002766593627785403,0.14218213058419246,0.039091423487606906,97
tct,15,a_ratio,10,0.8,0.3621434411830238,0.00026738973263434326,0.20360824742268044,0.003130893451622874,97
tct,15,nqc,10,0.8,0.2215221622501402,0.029211109546789148,0.11984536082474227,0.08201867152410211,97
tct,15,bertQPP,10,0.8,0.43387535082076384,9.008019604530805e-06,0.2573024054982818,0.0001886509599840551,97
tct,15,bertQPP(QV),10,0.8,0.4056040668324987,3.7631731677208505e-05,0.2405498281786942,0.0004818477915141724,97
tct,15,spatial,10,0.82,0.3083327781062506,0.0021221259201039244,0.147766323024055,0.03201236643126749,97
tct,15,a_ratio,10,0.82,0.3623664106220702,0.000264895072912173,0.2014604810996564,0.0034621026042757834,97
tct,15,nqc,10,0.82,0.23258488248748577,0.021874791563718556,0.1245704467353952,0.07065977324075139,97
tct,15,bertQPP,10,0.82,0.43102308538965045,1.0467131953176025e-05,0.2573024054982818,0.0001886509599840551,97
tct,15,bertQPP(QV),10,0.82,0.40566141671608913,3.7527551480425916e-05,0.24269759450171827,0.0004286013573495472,97
tct,15,spatial,10,0.84,0.3156642891636318,0.0016351121511113387,0.15292096219931275,0.026482928123240188,97
tct,15,a_ratio,10,0.84,0.3624857390577399,0.0002635688217254917,0.20446735395189009,0.0030066996042901117,97
tct,15,nqc,10,0.84,0.2457638863483413,0.015247176258086588,0.13015463917525774,0.058933277914773506,97
tct,15,bertQPP,10,0.84,0.4268517982061372,1.3005386168661347e-05,0.25816151202749144,0.00017952274646223222,97
tct,15,bertQPP(QV),10,0.84,0.40445956711134434,3.9768141322085784e-05,0.2508591065292096,0.00027237466938260737,97
tct,15,spatial,10,0.86,0.3226534786774664,0.0012675063540641025,0.15936426116838492,0.0207470988785446,97
tct,15,a_ratio,10,0.86,0.3625129999650274,0.00026326669683269876,0.20274914089347082,0.003259747042536618,97
tct,15,nqc,10,0.86,0.26160310756058863,0.009644193375245325,0.14132302405498284,0.040290653027956765,97
tct,15,bertQPP,10,0.86,0.42145270855768924,1.7152952449998954e-05,0.2598797250859107,0.00016249811961052113,97
tct,15,bertQPP(QV),10,0.86,0.4020563603273861,4.4627919960568294e-05,0.2508591065292096,0.00027237466938260737,97
tct,15,spatial,10,0.88,0.32928169759682013,0.0009899800756127501,0.16623711340206188,0.015852745291372216,97
tct,15,a_ratio,10,0.88,0.3624586374944095,0.00026386949767740977,0.20274914089347082,0.003259747042536618,97
tct,15,nqc,10,0.88,0.28074216166071186,0.005346244974968322,0.1443298969072165,0.03622527510674091,97
tct,15,bertQPP,10,0.88,0.4149453899274924,2.3796944275909127e-05,0.2577319587628867,0.0001840336555755922,97
tct,15,bertQPP(QV),10,0.88,0.39853886548885886,5.274795622721438e-05,0.24871134020618557,0.00030728207639036943,97
tct,15,spatial,10,0.9,0.3355338498128116,0.0007801575729824437,0.17740549828178698,0.010042744211065484,97
tct,15,a_ratio,10,0.9,0.3623320625208063,0.00026527796723320007,0.20017182130584193,0.0036758280937195186,97
tct,15,nqc,10,0.9,0.3037834305860371,0.002486637844044083,0.15678694158075604,0.022896601370035064,97
tct,15,bertQPP,10,0.9,0.4074698481025292,3.437731166533579e-05,0.2525773195876289,0.00024716269151633816,97
tct,15,bertQPP(QV),10,0.9,0.39401698125535534,6.521445591651352e-05,0.2444158075601375,0.0003900155261817713,97
tct,15,spatial,10,0.92,0.341398535852027,0.0006211118194112335,0.17998281786941583,0.009007907605249525,97
tct,15,a_ratio,10,0.92,0.36214174383909187,0.0002674088059439701,0.20403780068728525,0.00306822352558543,97
tct,15,nqc,10,0.92,0.3308050082281942,0.0009345911452186801,0.16924398625429557,0.01405239227763608,97
tct,15,bertQPP,10,0.92,0.39917804491912606,5.117689173657855e-05,0.24656357388316158,0.0003463449485504128,97
tct,15,bertQPP(QV),10,0.92,0.38861613371094295,8.368702098376285e-05,0.23754295532646055,0.0005668140402706258,97
tct,15,spatial,10,0.94,0.3468680997543612,0.0005001229269806012,0.1782646048109966,0.009686599012848096,97
tct,15,a_ratio,10,0.94,0.36189529384653607,0.00027019155963654867,0.2018900343642612,0.0033934144348203364,97
tct,15,nqc,10,0.94,0.35995011552968803,0.0002931107525944199,0.1786941580756014,0.00951278395726825,97
tct,15,bertQPP,10,0.94,0.3902257799621522,7.772710992483377e-05,0.22680412371134026,0.0009976667225656776,97
tct,15,bertQPP(QV),10,0.94,0.3824699109681282,0.0001105752829397116,0.22465635738831619,0.0011140538745299275,97
tct,15,spatial,10,0.96,0.35193858205992323,0.00040767966683338683,0.1890034364261169,0.006094500520977148,97
tct,15,a_ratio,10,0.96,0.3615995483663451,0.00027356617492937935,0.20017182130584193,0.0036758280937195186,97
tct,15,nqc,10,0.96,0.38435836508887566,0.00010156274418298855,0.18341924398625434,0.007776554495134835,97
tct,15,bertQPP,10,0.96,0.38076563145132913,0.00011934067224995269,0.21993127147766325,0.0014156009702633058,97
tct,15,bertQPP(QV),10,0.96,0.375713335342252,0.0001492586919800026,0.21993127147766325,0.0014156009702633058,97
tct,15,spatial,10,0.98,0.3566095861314589,0.00033669362757805186,0.1937285223367698,0.004935409194231109,97
tct,15,a_ratio,10,0.98,0.36126064050091894,0.00027748106779412155,0.19931271477663232,0.003824903963020039,97
tct,15,nqc,10,0.98,0.38943567493232295,8.060140974503874e-05,0.21048109965635742,0.002255725464528707,97
tct,15,bertQPP,10,0.98,0.37094138034394597,0.0001837615676316061,0.21434707903780073,0.0018682268943729797,97
tct,15,bertQPP(QV),10,0.98,0.36847725157369354,0.00020433721107697626,0.21048109965635742,0.002255725464528707,97
tct,15,spatial,10,1.0,0.3608840685743025,0.0002818915891156596,0.19802405498281792,0.004058834798972484,97
tct,15,a_ratio,10,1.0,0.3608840685743025,0.0002818915891156596,0.19802405498281792,0.004058834798972484,97
tct,15,nqc,10,1.0,0.3608840685743025,0.0002818915891156596,0.19802405498281792,0.004058834798972484,97
tct,15,bertQPP,10,1.0,0.3608840685743025,0.0002818915891156596,0.19802405498281792,0.004058834798972484,97
tct,15,bertQPP(QV),10,1.0,0.3608840685743025,0.0002818915891156596,0.19802405498281792,0.004058834798972484,97
tct,15,spatial,11,0.0,0.001031152290801668,0.992002124147356,0.0047250859106529215,0.9453348196600103,97
tct,15,a_ratio,11,0.0,0.07429253125432347,0.46955000831987603,0.0584192439862543,0.3965888091618368,97
tct,15,nqc,11,0.0,0.13114536992369358,0.20039538169504273,0.08118556701030928,0.23875904036666062,97
tct,15,bertQPP,11,0.0,0.19877034806861155,0.050961349322358296,0.13917525773195877,0.0434259212403691,97
tct,15,bertQPP(QV),11,0.0,0.14399174086233593,0.1593935249494607,0.09664948453608249,0.16076803875264556,97
tct,15,spatial,11,0.02,0.0055677791161914125,0.9568349387719135,0.00429553264604811,0.9502976268493368,97
tct,15,a_ratio,11,0.02,0.08648564636488631,0.3996075208911394,0.06658075601374572,0.3339631552636785,97
tct,15,nqc,11,0.02,0.13163478802122663,0.19870623711475507,0.08204467353951891,0.23382603249144784,97
tct,15,bertQPP,11,0.02,0.20254262131080036,0.04663211595037986,0.14089347079037803,0.040901875311072,97
tct,15,bertQPP(QV),11,0.02,0.14767196362532717,0.14888736261623556,0.10008591065292097,0.14640165493450158,97
tct,15,spatial,11,0.04,0.010242715558031829,0.9206826265422889,0.005584192439862544,0.9354157588836661,97
tct,15,a_ratio,11,0.04,0.09892779893986575,0.33501461587992587,0.07517182130584193,0.27534857568608007,97
tct,15,nqc,11,0.04,0.13214442234893548,0.19695823177165886,0.08290378006872855,0.22896569995644822,97
tct,15,bertQPP,11,0.04,0.2064624441195651,0.04246084161151881,0.14175257731958765,0.039687194240219145,97
tct,15,bertQPP(QV),11,0.04,0.15150102678553054,0.13851762819799027,0.10180412371134022,0.13959717520298046,97
tct,15,spatial,11,0.06,0.015060171960864455,0.8835969928693187,0.009450171821305843,0.8909259356400668,97
tct,15,a_ratio,11,0.06,0.11157343680382904,0.27658325747000634,0.08719931271477664,0.2057421374120063,97
tct,15,nqc,11,0.06,0.132675548424038,0.19514833058382655,0.08333333333333336,0.22656268559471548,97
tct,15,bertQPP,11,0.06,0.21053714647242797,0.038458764315895864,0.1434707903780069,0.037349490378258986,97
tct,15,bertQPP(QV),11,0.06,0.15548676399990677,0.12831501877115384,0.1048109965635739,0.1282784361242476,97
tct,15,spatial,11,0.08,0.020024342906174802,0.8456436593254032,0.011168384879725088,0.8712539798728897,97
tct,15,a_ratio,11,0.08,0.12437016789205813,0.22484560778127283,0.08634020618556702,0.2102443337075397,97
tct,15,nqc,11,0.08,0.13322955105019552,0.19327329532075524,0.08376288659793817,0.22417771625382632,97
tct,15,bertQPP,11,0.08,0.21477437698003132,0.034636703545769,0.1439003436426117,0.036783724578164194,97
tct,15,bertQPP(QV),11,0.08,0.1596374116202243,0.11831188221729348,0.10524054982817871,0.12672143082539938,97
tct,15,spatial,11,0.1,0.025139378557980888,0.8069031838469244,0.01589347079037801,0.817600546341627,97
tct,15,a_ratio,11,0.1,0.137259278966106,0.1800252458170435,0.08634020618556702,0.2102443337075397,97
tct,15,nqc,11,0.1,0.13380793624041032,0.19132966846488353,0.08419243986254298,0.22181074839562664,97
tct,15,bertQPP,11,0.1,0.219182089985794,0.031004867354792225,0.14604810996563578,0.03406318246416719,97
tct,15,bertQPP(QV),11,0.1,0.16396160914176675,0.10854199892050811,0.10695876288659796,0.12064011527036375,97
tct,15,spatial,11,0.12,0.030409351340837942,0.767472039387155,0.0193298969072165,0.77909497852838,97
tct,15,a_ratio,11,0.12,0.15017658431984304,0.14204061564105722,0.09149484536082475,0.1842793810224047,97
tct,15,nqc,11,0.12,0.13441234473015742,0.189313755693316,0.08462199312714778,0.2194617374170329,97
tct,15,bertQPP,11,0.12,0.22376852349750828,0.027572640465851728,0.14862542955326463,0.03102727109196935,97
tct,15,bertQPP(QV),11,0.12,0.16846839262601185,0.09904028369712983,0.10609965635738833,0.1236515932692785,97
tct,15,spatial,11,0.14,0.035838217460106625,0.7274633829651933,0.022336769759450176,0.7458382926337936,97
tct,15,a_ratio,11,0.14,0.1630536049024553,0.11053956375832301,0.08805841924398626,0.2013104039967497,97
tct,15,nqc,11,0.14,0.13504456733287296,0.18722160687748562,0.08591065292096221,0.2125219840325313,97
tct,15,bertQPP,11,0.14,0.2285421653780484,0.024348356378871557,0.1512027491408935,0.028226597294347726,97
tct,15,bertQPP(QV),11,0.14,0.17316717885972616,0.08984239748951302,0.10824742268041239,0.11623089832126132,97
tct,15,spatial,11,0.16,0.04142977276322843,0.6870075377651582,0.02362542955326461,0.7317251099207628,97
tct,15,a_ratio,11,0.16,0.17581905069595893,0.08495819285495386,0.09364261168384881,0.17419095096502246,97
tct,15,nqc,11,0.16,0.1357065624364663,0.1850489954998797,0.08634020618556702,0.2102443337075397,97
tct,15,bertQPP,11,0.16,0.23351170461530166,0.021339058164922927,0.15378006872852237,0.025646544632394585,97
tct,15,bertQPP(QV),11,0.16,0.17806773745006238,0.08098425961629743,0.11125429553264607,0.10643517898925002,97
tct,15,spatial,11,0.18,0.04718760244134751,0.6462521034310394,0.02405498281786942,0.7270405431127746,97
tct,15,a_ratio,11,0.18,0.18840054959928723,0.06459333275203255,0.09493127147766325,0.1683392012081001,97
tct,15,nqc,11,0.18,0.13640047599591965,0.18279139639249947,0.08719931271477664,0.2057421374120063,97
tct,15,bertQPP,11,0.18,0.23868596375941967,0.018550254555791054,0.15592783505154642,0.023654871935139845,97
tct,15,bertQPP(QV),11,0.18,0.18318014736877683,0.0725014538024299,0.11168384879725088,0.1050908480999539,97
tct,15,spatial,11,0.2,0.053115024086887314,0.6053616052353764,0.028350515463917533,0.680780730027897,97
tct,15,a_ratio,11,0.2,0.20072653829328396,0.04867671679692193,0.10266323024054985,0.13628751627610397,97
tct,15,nqc,11,0.2,0.1371286644456457,0.1804439617133409,0.08634020618556702,0.2102443337075397,97
tct,15,bertQPP,11,0.2,0.2440738077402358,0.015985680076189744,0.15721649484536085,0.02252544814571104,97
tct,15,bertQPP(QV),11,0.2,0.18851473362778637,0.06442852513603863,0.11297250859106532,0.10113858933462912,97
tct,15,spatial,11,0.22,0.059215023659181854,0.5645165928603215,0.03522336769759451,0.6092594479622931,97
tct,15,a_ratio,11,0.22,0.21272820880099363,0.03644052618079718,0.10567010309278352,0.12517917667351905,97
tct,15,nqc,11,0.22,0.13789372103908254,0.17800149509759244,0.08634020618556702,0.2102443337075397,97
tct,15,bertQPP,11,0.22,0.24968402324231118,0.013647070191697745,0.1597938144329897,0.02040649882574069,97
tct,15,bertQPP(QV),11,0.22,0.19408197877199587,0.056798170831510994,0.11898625429553265,0.08423505409007553,97
tct,15,spatial,11,0.24,0.0654901839722878,0.523912105754845,0.03823024054982819,0.5790561270652871,97
tct,15,a_ratio,11,0.24,0.22434139251621732,0.027167506208220643,0.10352233676975947,0.1330387570764664,97
tct,15,nqc,11,0.24,0.13869850622582516,0.1754584239527153,0.0854810996563574,0.2148174024411691,97
tct,15,bertQPP,11,0.24,0.25552516160712596,0.01153396457350698,0.16022336769759454,0.02007078628569656,97
tct,15,bertQPP(QV),11,0.24,0.19989240269489741,0.04964033547430009,0.11812714776632303,0.08649966115997804,97
tct,15,spatial,11,0.26,0.07194260541273628,0.4837554360756744,0.043384879725085916,0.5289801545988201,97
tct,15,a_ratio,11,0.26,0.23550826388199306,0.02022307128483651,0.10652920962199315,0.12213859984356254,97
tct,15,nqc,11,0.26,0.13954618280332654,0.17280876991625685,0.08676975945017183,0.2079844017382293,97
tct,15,bertQPP,11,0.26,0.26160533684818926,0.00964355334743635,0.16237113402061856,0.018463547347092265,97
tct,15,bertQPP(QV),11,0.26,0.20595640290522876,0.04298123139782281,0.12242268041237117,0.07565197367789964,97
tct,15,spatial,11,0.28,0.0785738187265741,0.4442631435487763,0.04467353951890035,0.5168145411906753,97
tct,15,a_ratio,11,0.28,0.24617875926009208,0.015070476726586226,0.10953608247422682,0.11194930892644765,97
tct,15,nqc,11,0.28,0.1404402567371207,0.17004611756854462,0.08762886597938145,0.2035174890452155,97
tct,15,bertQPP,11,0.28,0.26793196881885173,0.00797058225684996,0.1670962199312715,0.015318729327102553,97
tct,15,bertQPP(QV),11,0.28,0.21228404579876534,0.036842316861669056,0.12500000000000003,0.06969448971824621,97
tct,15,spatial,11,0.3,0.08538468989162203,0.40565731020302265,0.043384879725085916,0.5289801545988201,97
tct,15,a_ratio,11,0.3,0.25631163126417245,0.01127250203880811,0.1168384879725086,0.08998850130140247,97
tct,15,nqc,11,0.3,0.14138462473879618,0.16716358159878164,0.08848797250859108,0.19912082868170233,97
tct,15,bertQPP,11,0.3,0.2745114599057856,0.006507332620504037,0.17139175257731962,0.012879359856548544,97
tct,15,bertQPP(QV),11,0.3,0.21888479773997288,0.031239278245285003,0.1254295532646048,0.06874005870255491,97
tct,15,spatial,11,0.32,0.09237531731907188,0.36816106702379003,0.046391752577319596,0.5008221569685896,97
tct,15,a_ratio,11,0.32,0.26587509144122545,0.0084840115107775,0.12156357388316154,0.07772782073014356,97
tct,15,nqc,11,0.32,0.14238362993518738,0.16415377277488194,0.08805841924398626,0.2013104039967497,97
tct,15,bertQPP,11,0.32,0.2813487919189527,0.005243690374197172,0.1752577319587629,0.010984624932232429,97
tct,15,bertQPP(QV),11,0.32,0.22576718289202632,0.026181076497805544,0.12757731958762888,0.06412770883743656,97
tct,15,spatial,11,0.34,0.0995449219147719,0.3319934781722079,0.04725085910652922,0.4929254477765376,97
tct,15,a_ratio,11,0.34,0.27484702999589034,0.006439531640798249,0.12500000000000003,0.06969448971824621,97
tct,15,nqc,11,0.34,0.14344212726936928,0.1610087632823523,0.08762886597938145,0.2035174890452155,97
tct,15,bertQPP,11,0.34,0.28844702826361707,0.004167314958157178,0.17912371134020622,0.009341755733078497,97
tct,15,bertQPP(QV),11,0.34,0.23293835286583245,0.02166913090115367,0.1314432989690722,0.05647001729864357,97
tct,15,spatial,11,0.36,0.1068917308797924,0.2973639290183162,0.05197594501718214,0.450711341430895,97
tct,15,a_ratio,11,0.36,0.28321483536046393,0.00493910066471405,0.12585910652920965,0.0677963948466897,97
tct,15,nqc,11,0.36,0.14456556066237242,0.1577200522995418,0.08762886597938145,0.2035174890452155,97
tct,15,bertQPP,11,0.36,0.2958067052609969,0.003263913100536139,0.18513745704467358,0.007219338175415614,97
tct,15,bertQPP(QV),11,0.36,0.24040355158969662,0.0176967224265772,0.13445017182130586,0.05105421646643944,97
tct,15,spatial,11,0.38,0.1144128565450785,0.2644662275922264,0.04982817869415808,0.4696411010880063,97
tct,15,a_ratio,11,0.38,0.2909748646549498,0.0038345610226250514,0.1245704467353952,0.07065977324075139,97
tct,15,nqc,11,0.38,0.14576005445841578,0.15427853309907613,0.08719931271477664,0.2057421374120063,97
tct,15,bertQPP,11,0.38,0.3034250960171417,0.002517614668851189,0.1898625429553265,0.005867063974983271,97
tct,15,bertQPP(QV),11,0.38,0.24816545765437772,0.014248701625644546,0.13402061855670105,0.051800200122302374,97
tct,15,spatial,11,0.4,0.12210417201585608,0.23347268913420735,0.05154639175257733,0.4544623656228458,97
tct,15,a_ratio,11,0.4,0.29813163571081847,0.00301748860853859,0.12500000000000003,0.06969448971824621,97
tct,15,nqc,11,0.4,0.14703252230836983,0.15067446355458985,0.08848797250859108,0.19912082868170233,97
tct,15,bertQPP,11,0.4,0.31129533109330093,0.0019114381326794637,0.18771477663230243,0.006450561996249079,97
tct,15,bertQPP(QV),11,0.4,0.2562233862558638,0.011301578882518584,0.13788659793814437,0.04540422310195199,97
tct,15,spatial,11,0.42,0.12996018594307227,0.20452852269673732,0.057989690721649494,0.40007019122296605,97
tct,15,a_ratio,11,0.42,0.3046968213051904,0.002409224481011268,0.12671821305841927,0.06594102788919391,97
tct,15,nqc,11,0.42,0.1483907974597905,0.14689744275206143,0.0889175257731959,0.1969487085850582,97
tct,15,bertQPP,11,0.42,0.3194053632071226,0.0014278227187264772,0.18857388316151205,0.006211170636578692,97
tct,15,bertQPP(QV),11,0.42,0.2645723344545234,0.008824055152622788,0.14003436426116841,0.04214791401843269,97
tct,15,spatial,11,0.44,0.13797391933071435,0.17774686888313848,0.06185567010309279,0.3694011818632015,97
tct,15,a_ratio,11,0.44,0.3106881271042214,0.0019530132634135954,0.12628865979381446,0.0668634129345248,97
tct,15,nqc,11,0.44,0.14984378947633323,0.14293639754581816,0.0893470790378007,0.19479398827541883,97
tct,15,bertQPP,11,0.44,0.32773676936979246,0.0010491944735925005,0.19329896907216498,0.0050318722795436996,97
tct,15,bertQPP(QV),11,0.44,0.27320185778122125,0.006778017560274635,0.14218213058419246,0.039091423487606906,97
tct,15,spatial,11,0.46,0.146136787911003,0.15320484075416435,0.06529209621993129,0.34340339579060297,97
tct,15,a_ratio,11,0.46,0.31612812824586733,0.001608009677473806,0.1254295532646048,0.06874005870255491,97
tct,15,nqc,11,0.46,0.1514016737852884,0.13877958448506253,0.0893470790378007,0.19479398827541883,97
tct,15,bertQPP,11,0.46,0.3362633946066385,0.0007585259945415447,0.19587628865979384,0.004477722918252414,97
tct,15,bertQPP(QV),11,0.46,0.28209477453955173,0.005119977436504229,0.1473367697594502,0.03251488713772691,97
tct,15,spatial,11,0.48,0.15443849424711756,0.130940889389713,0.07130584192439864,0.3007958300881056,97
tct,15,a_ratio,11,0.48,0.32104312782285516,0.0013448224151884425,0.13058419243986258,0.05810246319620013,97
tct,15,nqc,11,0.48,0.15307612226005238,0.13441461474157096,0.0893470790378007,0.19479398827541883,97
tct,15,bertQPP,11,0.48,0.3449498583235327,0.0005398464312524753,0.2014604810996564,0.0034621026042757834,97
tct,15,bertQPP(QV),11,0.48,0.2912257080545506,0.003802873029420031,0.15034364261168387,0.02913493133073165,97
tct,15,spatial,11,0.5,0.16286693431853447,0.11095374858072043,0.07173539518900345,0.2978933833803449,97
tct,15,a_ratio,11,0.5,0.3254620861750594,0.0011422610876530247,0.13487972508591067,0.050317249987351625,97
tct,15,nqc,11,0.5,0.1548805854376833,0.12982851273501098,0.09106529209621994,0.18634796497677564,97
tct,15,bertQPP,11,0.5,0.35374996914222184,0.00037866098197596583,0.20360824742268044,0.003130893451622874,97
tct,15,bertQPP(QV),11,0.5,0.30055949834305695,0.0027781035350478403,0.1589347079037801,0.021092644173514117,97
tct,15,spatial,11,0.52,0.17140812386046955,0.09320311141841986,0.07431271477663232,0.2808725107935828,97
tct,15,a_ratio,11,0.52,0.3294156549895173,0.0009849919683578934,0.14003436426116841,0.04214791401843269,97
tct,15,nqc,11,0.52,0.15683064016353854,0.12500782341601285,0.09106529209621994,0.18634796497677564,97
tct,15,bertQPP,11,0.52,0.3626051280091579,0.0002622480305738093,0.20661512027491413,0.0027156275780873427,97
tct,15,bertQPP(QV),11,0.52,0.31004954484293795,0.0019976166334634976,0.16194158075601378,0.018775672464210122,97
tct,15,spatial,11,0.54,0.1800461501104012,0.07761206251087072,0.07817869415807562,0.25660117603543875,97
tct,15,a_ratio,11,0.54,0.33293533633868333,0.0008618631494379336,0.14218213058419246,0.039091423487606906,97
tct,15,nqc,11,0.54,0.15894442074451437,0.11993878909423461,0.09235395189003438,0.18019329783502935,97
tct,15,bertQPP,11,0.54,0.3714428430149286,0.00017981643485721695,0.2130584192439863,0.0019900166497547295,97
tct,15,bertQPP(QV),11,0.54,0.31963618187468085,0.001415850429637738,0.16623711340206188,0.015852745291372216,97
tct,15,spatial,11,0.56,0.1887631547983875,0.0640711460413004,0.07817869415807562,0.25660117603543875,97
tct,15,a_ratio,11,0.56,0.3360527749789564,0.0007647140707172679,0.14261168384879727,0.03850326567762371,97
tct,15,nqc,11,0.56,0.16124315750189605,0.11460762492801589,0.09235395189003438,0.18019329783502935,97
tct,15,bertQPP,11,0.56,0.3801755311481253,0.0001225229449408513,0.2169243986254296,0.001644941169576058,97
tct,15,bertQPP(QV),11,0.56,0.3292452378001652,0.0009913416901698642,0.1658075601374571,0.016125841537736958,97
tct,15,spatial,11,0.58,0.1975393541377163,0.05244380891560103,0.08075601374570447,0.24125289471425693,97
tct,15,a_ratio,11,0.58,0.33879918296050654,0.000687531263525375,0.15077319587628868,0.0286776674564184,97
tct,15,nqc,11,0.58,0.16375185454378727,0.10900093358599058,0.09450171821305844,0.17027316035268703,97
tct,15,bertQPP,11,0.58,0.3886998374357214,8.33669085140557e-05,0.2169243986254296,0.001644941169576058,97
tct,15,bertQPP(QV),11,0.58,0.33878698400005985,0.0006878577357637041,0.17654639175257736,0.010410504577977625,97
tct,15,spatial,11,0.6,0.2063531011649115,0.04257283854220123,0.07989690721649485,0.24629548858904848,97
tct,15,a_ratio,11,0.6,0.341204888922847,0.0006258496064007579,0.15206185567010314,0.02734277211201925,97
tct,15,nqc,11,0.6,0.1665001494800417,0.10310631528350112,0.09579037800687287,0.16452082122278677,97
tct,15,bertQPP,11,0.6,0.3968967512965017,5.699275247249639e-05,0.21477663230240554,0.0018291772025326055,97
tct,15,bertQPP(QV),11,0.6,0.34815573326417204,0.0004749821023578289,0.18470790378006877,0.007355176256510775,97
tct,15,spatial,11,0.62,0.21518099498965088,0.03428733345676965,0.07817869415807562,0.25660117603543875,97
tct,15,a_ratio,11,0.62,0.34329900014033676,0.000576326897956661,0.15378006872852237,0.025646544632394585,97
tct,15,nqc,11,0.62,0.16952341289962894,0.09691325081144174,0.0970790378006873,0.15891607395046403,97
tct,15,bertQPP,11,0.62,0.4046328286760565,3.9437602135019676e-05,0.21477663230240554,0.0018291772025326055,97
tct,15,bertQPP(QV),11,0.62,0.35723038615100056,0.00032816822173506894,0.186426116838488,0.006825229731210832,97
tct,15,spatial,11,0.64,0.22399804031087944,0.027409714137715358,0.077319587628866,0.2618647746424714,97
tct,15,a_ratio,11,0.64,0.34510916305168515,0.0005364405610311429,0.154639175257732,0.024833107958687445,97
tct,15,nqc,11,0.64,0.1728641664589366,0.09041436394384963,0.09922680412371135,0.1498976871116754,97
tct,15,bertQPP,11,0.64,0.4117628168692235,2.786099155719518e-05,0.2216494845360825,0.001298168853613724,97
tct,15,bertQPP(QV),11,0.64,0.3658762301890225,0.00022835075402248317,0.19158075601374575,0.0054350017041903615,97
tct,15,spatial,11,0.66,0.23277785892838543,0.02176230534689619,0.08075601374570447,0.24125289471425693,97
tct,15,a_ratio,11,0.66,0.3466614072141702,0.0005042704384549382,0.15378006872852237,0.025646544632394585,97
tct,15,nqc,11,0.66,0.17657392783974016,0.0836072072343398,0.09879725085910654,0.15166941209887877,97
tct,15,bertQPP,11,0.66,0.4181339051588903,2.0287114130769116e-05,0.22250859106529214,0.001242886914966472,97
tct,15,bertQPP(QV),11,0.66,0.37394824920391345,0.00016125332924096512,0.1971649484536083,0.004221925130091803,97
tct,15,spatial,11,0.68,0.2414929529589097,0.017173095692119777,0.08161512027491409,0.23628343229817084,97
tct,15,a_ratio,11,0.68,0.3479800579354225,0.00047834239974182366,0.15721649484536085,0.02252544814571104,97
tct,15,nqc,11,0.68,0.1807156320019277,0.07649676211897209,0.09879725085910654,0.15166941209887877,97
tct,15,bertQPP,11,0.68,0.42359167140142007,1.53800880861154e-05,0.22637457044673542,0.0010200025736501021,97
tct,15,bertQPP(QV),11,0.68,0.3812960796065523,0.00011654571149304152,0.20575601374570449,0.0028288190417010725,97
tct,15,spatial,11,0.7,0.2501150171245047,0.01348039225238761,0.08290378006872855,0.22896569995644822,97
tct,15,a_ratio,11,0.7,0.34908770387527727,0.00045751504703826887,0.16065292096219932,0.019739903980340746,97
tct,15,nqc,11,0.7,0.18536683548995425,0.06909889750809518,0.1009450171821306,0.14296835148549844,97
tct,15,bertQPP,11,0.7,0.4279875597117425,1.226229165724108e-05,0.23024054982817874,0.0008346209629654949,97
tct,15,bertQPP(QV),11,0.7,0.3877705492910658,8.698555297363473e-05,0.20317869415807563,0.0031947282487263706,97
tct,15,spatial,11,0.72,0.25861529493544844,0.010536219918076654,0.08848797250859108,0.19912082868170233,97
tct,15,a_ratio,11,0.72,0.3500052073707813,0.0004408971026526566,0.16365979381443302,0.01755425786967657,97
tct,15,nqc,11,0.72,0.19062398914298478,0.06144507925542205,0.10395189003436428,0.13143701983340042,97
tct,15,bertQPP,11,0.72,0.4311874294371316,1.0377362884582627e-05,0.2328178694158076,0.0007289565212236814,97
tct,15,bertQPP(QV),11,0.72,0.39323146632505807,6.764164088409486e-05,0.21262886597938147,0.002032205430312129,97
tct,15,spatial,11,0.74,0.2669649709988978,0.008208446701858102,0.09235395189003438,0.18019329783502935,97
tct,15,a_ratio,11,0.74,0.35075174688679434,0.0004277867525324008,0.16537800687285226,0.016403064445582434,97
tct,15,nqc,11,0.74,0.19660816825714209,0.0535886351802957,0.10567010309278352,0.12517917667351905,97
tct,15,bertQPP,11,0.74,0.4330804132251262,9.394194551405246e-06,0.23496563573883167,0.0006505425158083947,97
tct,15,bertQPP(QV),11,0.74,0.39755603089549396,5.525166927775862e-05,0.21091065292096223,0.002209296231634933,97
tct,15,spatial,11,0.76,0.27513558923806836,0.006381729983893258,0.09450171821305844,0.17027316035268703,97
tct,15,a_ratio,11,0.76,0.3513448826682155,0.00041762679326022226,0.16408934707903783,0.01726000960595295,97
tct,15,nqc,11,0.76,0.20347277412550976,0.04561278427664551,0.11125429553264607,0.10643517898925002,97
tct,15,bertQPP,11,0.76,0.43358709016998953,9.146296489504364e-06,0.23840206185567014,0.0005412133012575864,97
tct,15,bertQPP(QV),11,0.76,0.4006469937471871,4.773017732020002e-05,0.21219931271477666,0.0020752134680172376,97
tct,15,spatial,11,0.78,0.2830994847112642,0.004957462076693138,0.10137457044673541,0.14127503537333896,97
tct,15,a_ratio,11,0.78,0.3518006382599403,0.0004099712255369484,0.16408934707903783,0.01726000960595295,97
tct,15,nqc,11,0.78,0.21141383550532516,0.03764027906628243,0.11039518900343644,0.10916471457232763,97
tct,15,bertQPP,11,0.78,0.43266590221681467,9.601682015883678e-06,0.23582474226804126,0.000621432826309228,97
tct,15,bertQPP(QV),11,0.78,0.4024395575817433,4.3817575075331455e-05,0.21219931271477666,0.0020752134680172376,97
tct,15,spatial,11,0.8,0.2908302151763421,0.0038529411098829837,0.10524054982817871,0.12672143082539938,97
tct,15,a_ratio,11,0.8,0.3521335920036316,0.00040446019290704926,0.1666666666666667,0.01558372473088864,97
tct,15,nqc,11,0.8,0.22068352703436023,0.02984358175823861,0.11898625429553265,0.08423505409007553,97
tct,15,bertQPP,11,0.8,0.4303168758658314,1.0861251423802623e-05,0.23238831615120278,0.0007456571945733053,97
tct,15,bertQPP(QV),11,0.8,0.40290607813354906,4.28495653876937e-05,0.21563573883161516,0.0017533187111864498,97
tct,15,spatial,11,0.82,0.2983029777257924,0.003000006228813845,0.11469072164948456,0.0960541193445157,97
tct,15,a_ratio,11,0.82,0.35235697388535825,0.0004008010459340754,0.16881443298969073,0.014298004272030715,97
tct,15,nqc,11,0.82,0.23160702105469058,0.022452471938982577,0.1207044673539519,0.07984982362376257,97
tct,15,bertQPP,11,0.82,0.42658205843921587,1.318797710156016e-05,0.23711340206185572,0.000580033168540485,97
tct,15,bertQPP(QV),11,0.82,0.40205788628762007,4.4624665466075506e-05,0.21563573883161516,0.0017533187111864498,97
tct,15,spatial,11,0.84,0.30549499583967843,0.002343360794240107,0.11383161512027494,0.0985701799206937,97
tct,15,a_ratio,11,0.84,0.3524827641867719,0.0003987539334147327,0.1666666666666667,0.01558372473088864,97
tct,15,nqc,11,0.84,0.24460072581475067,0.01575218446505327,0.12800687285223372,0.06323660544752113,97
tct,15,bertQPP,11,0.84,0.42154257214672747,1.7074766720474666e-05,0.2336769759450172,0.0006965926026270434,97
tct,15,bertQPP(QV),11,0.84,0.39994397632545653,4.935177131134897e-05,0.2173539518900344,0.0016102081655090619,97
tct,15,spatial,11,0.86,0.3123858631162708,0.0018387727950264952,0.12285223367697597,0.07463114343880432,97
tct,15,a_ratio,11,0.86,0.35252179129104405,0.0003981207624339461,0.16752577319587633,0.015057708996420909,97
tct,15,nqc,11,0.86,0.2601832268639068,0.010059489195574124,0.1314432989690722,0.05647001729864357,97
tct,15,bertQPP,11,0.86,0.4153127113501967,2.3365406623951897e-05,0.22723367697594504,0.000975784420613921,97
tct,15,bertQPP(QV),11,0.86,0.39664678884256044,5.766614180648716e-05,0.21391752577319592,0.001908041073171658,97
tct,15,spatial,11,0.88,0.31895783170955816,0.0014512976370071654,0.13015463917525774,0.058933277914773506,97
tct,15,a_ratio,11,0.88,0.35248382672820366,0.00039873668262008254,0.16065292096219932,0.019739903980340746,97
tct,15,nqc,11,0.88,0.2789499864495531,0.005659711993400992,0.14218213058419246,0.039091423487606906,97
tct,15,bertQPP,11,0.88,0.40803192910585356,3.3449682389889784e-05,0.21864261168384883,0.0015100189795415188,97
tct,15,bertQPP(QV),11,0.88,0.392275740074729,7.070815804222765e-05,0.21219931271477666,0.0020752134680172376,97
tct,15,spatial,11,0.9,0.3251960360133852,0.001153623094006247,0.13445017182130586,0.05105421646643944,97
tct,15,a_ratio,11,0.9,0.3523776761319532,0.0004004634745871652,0.16451890034364264,0.016970096384742294,97
tct,15,nqc,11,0.9,0.30142497569532,0.0026969863946706267,0.14862542955326463,0.03102727109196935,97
tct,15,bertQPP,11,0.9,0.39985578404187083,4.9558786363849744e-05,0.21219931271477666,0.0020752134680172376,97
tct,15,bertQPP(QV),11,0.9,0.3869594147180804,9.026291878796765e-05,0.20575601374570449,0.0028288190417010725,97
tct,15,spatial,11,0.92,0.33108864519688924,0.0009245953879862496,0.14003436426116841,0.04214791401843269,97
tct,15,a_ratio,11,0.92,0.3522112652421716,0.000403184384436568,0.16323024054982818,0.017852894393926448,97
tct,15,nqc,11,0.92,0.32755078221409445,0.0010565363792423789,0.1585051546391753,0.021443192891173694,97
tct,15,bertQPP,11,0.92,0.3909469189282139,7.518721731065288e-05,0.202319587628866,0.003325969220576063,97
tct,15,bertQPP(QV),11,0.92,0.3808374036649901,0.0001189588963982518,0.19931271477663232,0.003824903963020039,97
tct,15,spatial,11,0.94,0.336626941577888,0.0007479524063684394,0.14561855670103094,0.03459309466060896,97
tct,15,a_ratio,11,0.94,0.35199172044421334,0.0004068000635779643,0.1589347079037801,0.021092644173514117,97
tct,15,nqc,11,0.94,0.3552730458731643,0.0003557446197233695,0.15077319587628868,0.0286776674564184,97
tct,15,bertQPP,11,0.94,0.38146695485919657,0.00011565837618418861,0.19158075601374575,0.0054350017041903615,97
tct,15,bertQPP(QV),11,0.94,0.37405264970194557,0.000160519755896341,0.1890034364261169,0.006094500520977148,97
tct,15,spatial,11,0.96,0.34180532525907614,0.00061126603098497,0.1512027491408935,0.028226597294347726,97
tct,15,a_ratio,11,0.96,0.3517254436064172,0.0004112253587823661,0.15721649484536085,0.02252544814571104,97
tct,15,nqc,11,0.96,0.3776184497707597,0.0001372435425006483,0.16194158075601378,0.018775672464210122,97
tct,15,bertQPP,11,0.96,0.3715698884025681,0.00017882945475973682,0.18041237113402064,0.008845012615594157,97
tct,15,bertQPP(QV),11,0.96,0.3667449255869597,0.00022005512060478195,0.1778350515463918,0.009863239446727635,97
tct,15,spatial,11,0.98,0.34662124869149846,0.0005050799146864109,0.15292096219931275,0.026482928123240188,97
tct,15,a_ratio,11,0.98,0.3514181811774247,0.00041638676027100943,0.15592783505154642,0.023654871935139845,97
tct,15,nqc,11,0.98,0.380509439250023,0.00012071271848082173,0.17353951890034366,0.011793812186781842,97
tct,15,bertQPP,11,0.98,0.3613972599795642,0.00027589673451810403,0.16623711340206188,0.015852745291372216,97
tct,15,bertQPP(QV),11,0.98,0.3590457874092943,0.0003043648859132249,0.16365979381443302,0.01755425786967657,97
tct,15,spatial,11,1.0,0.3510750876492131,0.000422220362113039,0.15592783505154642,0.023654871935139845,97
tct,15,a_ratio,11,1.0,0.3510750876492131,0.000422220362113039,0.15592783505154642,0.023654871935139845,97
tct,15,nqc,11,1.0,0.3510750876492131,0.000422220362113039,0.15592783505154642,0.023654871935139845,97
tct,15,bertQPP,11,1.0,0.3510750876492131,0.000422220362113039,0.15592783505154642,0.023654871935139845,97
tct,15,bertQPP(QV),11,1.0,0.3510750876492131,0.000422220362113039,0.15592783505154642,0.023654871935139845,97
tct,15,spatial,12,0.0,0.001031152290801668,0.992002124147356,0.0047250859106529215,0.9453348196600103,97
tct,15,a_ratio,12,0.0,0.07429253125432347,0.46955000831987603,0.0584192439862543,0.3965888091618368,97
tct,15,nqc,12,0.0,0.13114536992369358,0.20039538169504273,0.08118556701030928,0.23875904036666062,97
tct,15,bertQPP,12,0.0,0.19877034806861155,0.050961349322358296,0.13917525773195877,0.0434259212403691,97
tct,15,bertQPP(QV),12,0.0,0.14399174086233593,0.1593935249494607,0.09664948453608249,0.16076803875264556,97
tct,15,spatial,12,0.02,0.005628789593260047,0.9563624075685598,0.0047250859106529215,0.9453348196600103,97
tct,15,a_ratio,12,0.02,0.08667043737596675,0.3985973493646989,0.06615120274914091,0.33709113316806516,97
tct,15,nqc,12,0.02,0.13164193139161798,0.19868165904912996,0.08204467353951891,0.23382603249144784,97
tct,15,bertQPP,12,0.02,0.20258738209404303,0.04658263524933683,0.14003436426116841,0.04214791401843269,97
tct,15,bertQPP(QV),12,0.02,0.147715799599982,0.1487654363015917,0.09965635738831616,0.14814179266855426,97
tct,15,spatial,12,0.04,0.010366378822447675,0.9197281720525615,0.006013745704467355,0.930459888527551,97
tct,15,a_ratio,12,0.04,0.09930652910009136,0.3331584749716306,0.07560137457044674,0.27261459721837655,97
tct,15,nqc,12,0.04,0.13215901264003505,0.19690835189953457,0.08290378006872855,0.22896569995644822,97
tct,15,bertQPP,12,0.04,0.20655378242516542,0.0423674744226366,0.14175257731958765,0.039687194240219145,97
tct,15,bertQPP(QV),12,0.04,0.15159041787597774,0.13828225822905219,0.10223367697594504,0.13793469449367568,97
tct,15,spatial,12,0.06,0.015248160429239085,0.8821543729068275,0.010738831615120277,0.8761649965497997,97
tct,15,a_ratio,12,0.06,0.11215454041030473,0.27407362069176283,0.08676975945017183,0.2079844017382293,97
tct,15,nqc,12,0.06,0.13269790888114974,0.19507239775748988,0.08419243986254298,0.22181074839562664,97
tct,15,bertQPP,12,0.06,0.21067697104931848,0.038327233621984015,0.14261168384879727,0.03850326567762371,97
tct,15,bertQPP(QV),12,0.06,0.155623511659727,0.12797546342031568,0.10524054982817871,0.12672143082539938,97
tct,15,spatial,12,0.08,0.020278356503945744,0.8437102954381488,0.012886597938144333,0.851661350500996,97
tct,15,a_ratio,12,0.08,0.12516110261598223,0.22188781512547784,0.0893470790378007,0.19479398827541883,97
tct,15,nqc,12,0.08,0.13326002634833284,0.19317053016097896,0.08376288659793817,0.22417771625382632,97
tct,15,bertQPP,12,0.08,0.2149646926369934,0.03447281177833191,0.1434707903780069,0.037349490378258986,97
tct,15,bertQPP(QV),12,0.08,0.15982340269651102,0.11787815080839327,0.10695876288659796,0.12064011527036375,97
tct,15,spatial,12,0.1,0.025461141607383997,0.8044806816256306,0.016752577319587632,0.8079288528511878,97
tct,15,a_ratio,12,0.1,0.13826625803578046,0.17682096514391865,0.08848797250859108,0.19912082868170233,97
tct,15,nqc,12,0.1,0.1338468944135187,0.19119926260470796,0.08462199312714778,0.2194617374170329,97
tct,15,bertQPP,12,0.1,0.21942500150132915,0.03081443948331174,0.14647766323024058,0.03354022455213661,97
tct,15,bertQPP(QV),12,0.1,0.1641988187332425,0.10802480819120076,0.1086769759450172,0.11478963120763813,97
tct,15,spatial,12,0.12,0.030800608883555014,0.7645666993482823,0.0193298969072165,0.77909497852838,97
tct,15,a_ratio,12,0.12,0.1514043177133567,0.1387726085868481,0.09493127147766325,0.1683392012081001,97
tct,15,nqc,12,0.12,0.13446017932149193,0.18915487111902451,0.0850515463917526,0.21713063766326968,97
tct,15,bertQPP,12,0.12,0.224066239287363,0.02736145976225814,0.14948453608247425,0.030068308790855192,97
tct,15,bertQPP(QV),12,0.12,0.1687588866154704,0.09845099210313041,0.10695876288659796,0.12064011527036375,97
tct,15,spatial,12,0.14,0.03630073096298342,0.7240866823193653,0.021907216494845363,0.7505619727933218,97
tct,15,a_ratio,12,0.14,0.1645050655473836,0.10735993632548217,0.09493127147766325,0.1683392012081001,97
tct,15,nqc,12,0.14,0.13510169979752795,0.18703337540287132,0.0854810996563574,0.2148174024411691,97
tct,15,bertQPP,12,0.14,0.228897000792039,0.02412209350560376,0.15206185567010314,0.02734277211201925,97
tct,15,bertQPP(QV),12,0.14,0.17351311599479505,0.08919291461314585,0.10953608247422682,0.11194930892644765,97
tct,15,spatial,12,0.16,0.04196531515572664,0.6831765595830739,0.022766323024054985,0.7411241465856763,97
tct,15,a_ratio,12,0.16,0.1774952823208053,0.08198154218864476,0.09621993127147768,0.16263626465805225,97
tct,15,nqc,12,0.16,0.1357734448322174,0.18483051841905715,0.08591065292096221,0.2125219840325313,97
tct,15,bertQPP,12,0.16,0.2339260847038137,0.021103194699302105,0.1550687285223368,0.024434836082135623,97
tct,15,bertQPP(QV),12,0.16,0.1784713708191326,0.08028692821972581,0.11125429553264607,0.10643517898925002,97
tct,15,spatial,12,0.18,0.04779795243501392,0.6419898862006774,0.02491408934707904,0.7177021136751226,97
tct,15,a_ratio,12,0.18,0.19030053185528378,0.06189514755248382,0.09922680412371135,0.1498976871116754,97
tct,15,nqc,12,0.18,0.13647759400470785,0.18254174436787593,0.08634020618556702,0.2102443337075397,97
tct,15,bertQPP,12,0.18,0.23916242531295312,0.018310002601781013,0.15635738831615123,0.02327305567367708,97
tct,15,bertQPP(QV),12,0.18,0.18364382508771054,0.07176890274769314,0.11297250859106532,0.10113858933462912,97
tct,15,spatial,12,0.2,0.05380195973042867,0.6006973829401218,0.028350515463917533,0.680780730027897,97
tct,15,a_ratio,12,0.2,0.20284712190947676,0.04629636410975684,0.10180412371134022,0.13959717520298046,97
tct,15,nqc,12,0.2,0.13721654077542483,0.18016217496963452,0.08634020618556702,0.2102443337075397,97
tct,15,bertQPP,12,0.2,0.24461500036209138,0.015745900209135487,0.15635738831615123,0.02327305567367708,97
tct,15,bertQPP(QV),12,0.2,0.1890408985176571,0.06367349245005231,0.1164089347079038,0.09117630712765404,97
tct,15,spatial,12,0.22,0.05998031508805056,0.55948589395566,0.032646048109965645,0.6356917335694203,97
tct,15,a_ratio,12,0.22,0.2150641289808551,0.03438744105414467,0.10652920962199315,0.12213859984356254,97
tct,15,nqc,12,0.22,0.13799291926464774,0.1776865840105152,0.08676975945017183,0.2079844017382293,97
tct,15,bertQPP,12,0.22,0.2502927091646473,0.013412190600178907,0.1589347079037801,0.021092644173514117,97
tct,15,bertQPP(QV),12,0.22,0.19467316676894744,0.056033297687146086,0.1202749140893471,0.08092834885233069,97
tct,15,spatial,12,0.24,0.06633558531950157,0.5185566793056874,0.040807560137457045,0.5537409286316863,97
tct,15,a_ratio,12,0.24,0.2268853629701505,0.02542893433258735,0.11039518900343644,0.10916471457232763,97
tct,15,nqc,12,0.24,0.1388096351379941,0.17510937014325406,0.0854810996563574,0.2148174024411691,97
tct,15,bertQPP,12,0.24,0.2562042139041889,0.011307904855645139,0.16108247422680416,0.01941379508307944,97
tct,15,bertQPP(QV),12,0.24,0.20055123969104136,0.048877933828961745,0.12156357388316154,0.07772782073014356,97
tct,15,spatial,12,0.26,0.07286984585819853,0.4781229753944924,0.04424398625429554,0.52085358029868,97
tct,15,a_ratio,12,0.26,0.23825114751564164,0.018771871334438,0.11383161512027494,0.0985701799206937,97
tct,15,nqc,12,0.26,0.1396699013489,0.172424527989377,0.08676975945017183,0.2079844017382293,97
tct,15,bertQPP,12,0.26,0.2623577356381986,0.00942965691855185,0.16237113402061856,0.018463547347092265,97
tct,15,bertQPP(QV),12,0.26,0.20668559967591948,0.042233030477471345,0.12585910652920965,0.0677963948466897,97
tct,15,spatial,12,0.28,0.07958459267601342,0.43840678247700976,0.04939862542955327,0.47347910625616985,97
tct,15,a_ratio,12,0.28,0.24910980544089054,0.01387191851244844,0.11554982817869418,0.09358972367387966,97
tct,15,nqc,12,0.28,0.14057727964796213,0.16962561767029974,0.08805841924398626,0.2013104039967497,97
tct,15,bertQPP,12,0.28,0.26876079497943367,0.007771561644979735,0.16623711340206188,0.015852745291372216,97
tct,15,bertQPP(QV),12,0.28,0.21308639062929788,0.03611919653379352,0.1284364261168385,0.06235576017343852,97
tct,15,spatial,12,0.3,0.08648064629359234,0.3996348751309636,0.046821305841924406,0.49686544158769386,97
tct,15,a_ratio,12,0.3,0.2594187645822603,0.010289509724030213,0.11984536082474227,0.08201867152410211,97
tct,15,nqc,12,0.3,0.14153572896788014,0.16670573301002076,0.08805841924398626,0.2013104039967497,97
tct,15,bertQPP,12,0.3,0.27541988576000953,0.006325231966565401,0.16967353951890035,0.013810511589466142,97
tct,15,bertQPP(QV),12,0.3,0.21976314632794597,0.030551000428496438,0.12714776632302408,0.06502915478137135,97
tct,15,spatial,12,0.32,0.09355804814962208,0.3620340790674051,0.04896907216494846,0.4773342987798882,97
tct,15,a_ratio,12,0.32,0.26914523359456727,0.007680745857617712,0.1245704467353952,0.07065977324075139,97
tct,15,nqc,12,0.32,0.14254966204147998,0.1636574688156407,0.08848797250859108,0.19912082868170233,97
tct,15,bertQPP,12,0.32,0.2823400682850039,0.005079869112578819,0.1782646048109966,0.009686599012848096,97
tct,15,bertQPP(QV),12,0.32,0.2267244450765586,0.02553602882945616,0.13101374570446736,0.05728140399891128,97
tct,15,spatial,12,0.34,0.10081594988448955,0.3258259145210116,0.05154639175257733,0.4544623656228458,97
tct,15,a_ratio,12,0.34,0.2782664351898514,0.005783503135875887,0.1314432989690722,0.05647001729864357,97
tct,15,nqc,12,0.34,0.1436240119231398,0.16047288787162473,0.08848797250859108,0.19912082868170233,97
tct,15,bertQPP,12,0.34,0.28952446720869474,0.004022455844030447,0.18041237113402064,0.008845012615594157,97
tct,15,bertQPP(QV),12,0.34,0.2339774757303481,0.021074099515398452,0.13402061855670105,0.051800200122302374,97
tct,15,spatial,12,0.36,0.10825249644693016,0.2912207698108748,0.05197594501718214,0.450711341430895,97
tct,15,a_ratio,12,0.36,0.28676942040125797,0.004402148094985001,0.13530927835051548,0.04958921997609662,97
tct,15,nqc,12,0.36,0.14476431047953903,0.15714348860471014,0.08762886597938145,0.2035174890452155,97
tct,15,bertQPP,12,0.36,0.29697365787049457,0.0031380564235561044,0.18470790378006877,0.007355176256510775,97
tct,15,bertQPP(QV),12,0.36,0.241527498513066,0.017156712345277166,0.13616838487972513,0.04815964796946807,97
tct,15,spatial,12,0.38,0.11586470435100696,0.25841183372966814,0.05283505154639176,0.4432621351071514,97
tct,15,a_ratio,12,0.38,0.29465051740969084,0.0033930527596127747,0.1327319587628866,0.054093065441640706,97
tct,15,nqc,12,0.38,0.1459767814188559,0.15366017482301805,0.08719931271477664,0.2057421374120063,97
tct,15,bertQPP,12,0.38,0.3046849244992412,0.002410218667072079,0.1937285223367698,0.004935409194231109,97
tct,15,bertQPP(QV),12,0.38,0.2493771829612174,0.013766823313736258,0.14089347079037803,0.040901875311072,97
tct,15,spatial,12,0.4,0.1236483368946862,0.22756907563320813,0.056271477663230256,0.41417839532189626,97
tct,15,a_ratio,12,0.4,0.3019144892722859,0.002652055495682555,0.13402061855670105,0.051800200122302374,97
tct,15,nqc,12,0.4,0.14726845107146658,0.1500132295531267,0.08762886597938145,0.2035174890452155,97
tct,15,bertQPP,12,0.4,0.3126513746073905,0.0018214634065710246,0.19286941580756015,0.005130036782382208,97
tct,15,bertQPP(QV),12,0.4,0.257525805259487,0.010879017361363293,0.1439003436426117,0.036783724578164194,97
tct,15,spatial,12,0.42,0.1315977786947657,0.198833609460691,0.0584192439862543,0.3965888091618368,97
tct,15,a_ratio,12,0.42,0.3085734854239731,0.0021042565414093554,0.1365979381443299,0.04745794602168577,97
tct,15,nqc,12,0.42,0.14864728096441926,0.1461922958587187,0.08805841924398626,0.2013104039967497,97
tct,15,bertQPP,12,0.42,0.32086089695744024,0.00135383606377559,0.19587628865979384,0.004477722918252414,97
tct,15,bertQPP(QV),12,0.42,0.26596828891636354,0.00846013325603814,0.14604810996563578,0.03406318246416719,97
tct,15,spatial,12,0.44,0.13970591248511394,0.1723128037697672,0.06357388316151204,0.356252805453549,97
tct,15,a_ratio,12,0.44,0.314645872660216,0.001696075663873807,0.138745704467354,0.04407710548149226,97
tct,15,nqc,12,0.44,0.1501223273068062,0.1421863687157528,0.09020618556701032,0.1905365207922204,97
tct,15,bertQPP,12,0.44,0.32929495677253284,0.0009894853258095191,0.1971649484536083,0.004221925130091803,97
tct,15,bertQPP(QV),12,0.44,0.2746940771490842,0.006470357371441747,0.14647766323024058,0.03354022455213661,97
tct,15,spatial,12,0.46,0.147964001746954,0.14807649615462648,0.06915807560137457,0.3155898965616176,97
tct,15,a_ratio,12,0.46,0.3201550242745855,0.0013892704677109994,0.13487972508591067,0.050317249987351625,97
tct,15,nqc,12,0.46,0.1517039339059153,0.13798380366949659,0.08977663230240551,0.19265661141875967,97
tct,15,bertQPP,12,0.46,0.3379272327487318,0.0007112270074255146,0.2018900343642612,0.0033934144348203364,97
tct,15,bertQPP(QV),12,0.46,0.28368583378887646,0.004864754124910137,0.15249140893470792,0.026909885175764755,97
tct,15,spatial,12,0.48,0.15636158336394396,0.12615463118603695,0.07474226804123713,0.2781012070168114,97
tct,15,a_ratio,12,0.48,0.32512813360444065,0.0011565393687075595,0.1396048109965636,0.042782883164389815,97
tct,15,nqc,12,0.48,0.15340396687769908,0.1335723502854436,0.08848797250859108,0.19912082868170233,97
tct,15,bertQPP,12,0.48,0.3467221175073955,0.0005030489591115679,0.20575601374570449,0.0028288190417010725,97
tct,15,bertQPP(QV),12,0.48,0.29291798354316734,0.003595144360123113,0.1589347079037801,0.021092644173514117,97
tct,15,spatial,12,0.5,0.16488637508381396,0.10653656409471113,0.07560137457044674,0.27261459721837655,97
tct,15,a_ratio,12,0.5,0.3295951030155393,0.0009783458318410043,0.1473367697594502,0.03251488713772691,97
tct,15,nqc,12,0.5,0.1552361019559989,0.128939221575118,0.09020618556701032,0.1905365207922204,97
tct,15,bertQPP,12,0.5,0.35563312805856434,0.0003505167075643264,0.21091065292096223,0.002209296231634933,97
tct,15,bertQPP(QV),12,0.5,0.3023551237756328,0.002612188038772145,0.16323024054982818,0.017852894393926448,97
tct,15,spatial,12,0.52,0.1735242030753543,0.08917216078838072,0.08204467353951891,0.23382603249144784,97
tct,15,a_ratio,12,0.52,0.33358754359159765,0.0008406527211806717,0.15034364261168387,0.02913493133073165,97
tct,15,nqc,12,0.52,0.15721617846091468,0.12407121496945342,0.09106529209621994,0.18634796497677564,97
tct,15,bertQPP,12,0.52,0.36460130697191256,0.00024104970629383924,0.21262886597938147,0.002032205430312129,97
tct,15,bertQPP(QV),12,0.52,0.31195037015907584,0.0018674859698744747,0.16924398625429557,0.01405239227763608,97
tct,15,spatial,12,0.54,0.182258955238547,0.07397468728105698,0.08462199312714778,0.2194617374170329,97
tct,15,a_ratio,12,0.54,0.33713790618411377,0.000733318859405052,0.15292096219931275,0.026482928123240188,97
tct,15,nqc,12,0.54,0.15936263836333397,0.11895490649532739,0.09063573883161513,0.18843365829791547,97
tct,15,bertQPP,12,0.54,0.37355373864833347,0.0001640534873038788,0.21821305841924402,0.0015427588468996702,97
tct,15,bertQPP(QV),12,0.54,0.3216437384979077,0.0013154988609071472,0.17396907216494847,0.011586707769612953,97
tct,15,spatial,12,0.56,0.19107256609404724,0.06082533255852156,0.08805841924398626,0.2013104039967497,97
tct,15,a_ratio,12,0.56,0.3402787520865072,0.0006489693923584224,0.15335051546391754,0.026061836085581373,97
tct,15,nqc,12,0.56,0.16169707481149007,0.11357694822261045,0.08977663230240551,0.19265661141875967,97
tct,15,bertQPP,12,0.56,0.3824023567837736,0.00011091103196366279,0.22250859106529214,0.001242886914966472,97
tct,15,bertQPP(QV),12,0.56,0.33136071401599065,0.0009150989981075994,0.1829896907216495,0.007921746820669876,97
tct,15,spatial,12,0.58,0.19994503898038649,0.04957906653553089,0.0889175257731959,0.1969487085850582,97
tct,15,a_ratio,12,0.58,0.3430421619160615,0.0005822013214042313,0.1589347079037801,0.021092644173514117,97
tct,15,nqc,12,0.58,0.16424492257934756,0.1079245106434215,0.09192439862542956,0.1822278457949571,97
tct,15,bertQPP,12,0.58,0.39104327402299405,7.485375939078815e-05,0.22766323024054988,0.0009543472910132449,97
tct,15,bertQPP(QV),12,0.58,0.3410112140050968,0.0006306211489061052,0.19329896907216498,0.0050318722795436996,97
tct,15,spatial,12,0.6,0.2088545108607251,0.04007141840369989,0.08762886597938145,0.2035174890452155,97
tct,15,a_ratio,12,0.6,0.34545927436105334,0.0005290244428708741,0.16451890034364264,0.016970096384742294,97
tct,15,nqc,12,0.6,0.16703633402949264,0.10198592753015812,0.093213058419244,0.17617491386576734,97
tct,15,bertQPP,12,0.6,0.3993569135512855,5.074512236360582e-05,0.2255154639175258,0.0010660691222714972,97
tct,15,bertQPP(QV),12,0.6,0.35048920234919895,0.00043235603335274895,0.19544673539518906,0.0045660596694361046,97
tct,15,spatial,12,0.62,0.21777736423343463,0.032125687239060084,0.08762886597938145,0.2035174890452155,97
tct,15,a_ratio,12,0.62,0.3475599420230401,0.0004864669977229433,0.16451890034364264,0.016970096384742294,97
tct,15,nqc,12,0.62,0.17010729960322216,0.09575162235727035,0.09536082474226806,0.16642177733641728,97
tct,15,bertQPP,12,0.62,0.40720925017546333,3.481549649820668e-05,0.22465635738831619,0.0011140538745299275,97
tct,15,bertQPP(QV),12,0.62,0.35967325230601477,0.0002965148262408353,0.1984536082474227,0.003979453005162126,97
tct,15,spatial,12,0.64,0.2266883894190308,0.025560077271716768,0.08462199312714778,0.2194617374170329,97
tct,15,a_ratio,12,0.64,0.34937248923633946,0.00045229643167378264,0.16838487972508595,0.01454739544260673,97
tct,15,nqc,12,0.64,0.17350109333612476,0.08921542406663882,0.09750859106529211,0.15708030004273185,97
tct,15,bertQPP,12,0.64,0.4144544556270431,2.4385363051714164e-05,0.2255154639175258,0.0010660691222714972,97
tct,15,bertQPP(QV),12,0.64,0.36842835909595273,0.00020476621189570175,0.202319587628866,0.003325969220576063,97
tct,15,spatial,12,0.66,0.2355609988549709,0.020194287353026707,0.08676975945017183,0.2079844017382293,97
tct,15,a_ratio,12,0.66,0.3509235560028575,0.00042482067711846656,0.17053264604811,0.013337754848227265,97
tct,15,nqc,12,0.66,0.17727015395792334,0.08237641705092352,0.09536082474226806,0.16642177733641728,97
tct,15,bertQPP,12,0.66,0.4209391679255302,1.760623698794488e-05,0.22594501718213064,0.0010428004886634003,97
tct,15,bertQPP(QV),12,0.66,0.3766092554230195,0.00014349186041681886,0.20790378006872856,0.0025535840012904936,97
tct,15,spatial,12,0.68,0.24436749300094301,0.015855171298283167,0.09106529209621994,0.18634796497677564,97
tct,15,a_ratio,12,0.68,0.3522380125819301,0.0004027459075831639,0.17482817869415812,0.011182156616858724,97
tct,15,nqc,12,0.68,0.18147855422928252,0.07524151565247082,0.09750859106529211,0.15708030004273185,97
tct,15,bertQPP,12,0.68,0.42650845097737766,1.3238219436221063e-05,0.2366838487972509,0.0005935388745829456,97
tct,15,bertQPP(QV),12,0.68,0.38406536257815715,0.00010291484316470976,0.2096219931271478,0.002351276432455258,97
tct,15,spatial,12,0.7,0.2530793751142659,0.012381208333528973,0.09407216494845362,0.1722237215768213,97
tct,15,a_ratio,12,0.7,0.3533389304225325,0.00038507405246513446,0.17353951890034366,0.011793812186781842,97
tct,15,nqc,12,0.7,0.1862052698220295,0.0678290033607,0.09965635738831616,0.14814179266855426,97
tct,15,bertQPP,12,0.7,0.43101327589049765,1.0472513170103026e-05,0.2414089347079038,0.0004598488311252096,97
tct,15,bertQPP(QV),12,0.7,0.390647309879843,7.623293209537523e-05,0.2177835051546392,0.0015761513468118154,97
tct,15,spatial,12,0.72,0.26166770961596914,0.009625661243704469,0.10051546391752579,0.14467719951816677,97
tct,15,a_ratio,12,0.72,0.3542475966973505,0.00037102844293468624,0.17611683848797252,0.010598840128977079,97
tct,15,nqc,12,0.72,0.1915485394954101,0.06017331810496016,0.10438144329896909,0.12985027258664464,97
tct,15,bertQPP,12,0.72,0.4343190621132087,8.79900935226684e-06,0.24355670103092786,0.0004088834881762593,97
tct,15,bertQPP(QV),12,0.72,0.3962146895897542,5.884771698792233e-05,0.22293814432989695,0.0012160687743494618,97
tct,15,spatial,12,0.74,0.27010351619182926,0.007458433485707465,0.10438144329896909,0.12985027258664464,97
tct,15,a_ratio,12,0.74,0.35498356145292126,0.0003599994741487002,0.17568728522336774,0.01079019991112942,97
tct,15,nqc,12,0.74,0.19763171454571427,0.05233136371708671,0.10695876288659796,0.12064011527036375,97
tct,15,bertQPP,12,0.74,0.43631451699800633,7.914166167690809e-06,0.2405498281786942,0.0004818477915141724,97
tct,15,bertQPP(QV),12,0.74,0.40064442482322515,4.773601129103026e-05,0.2216494845360825,0.001298168853613724,97
tct,15,spatial,12,0.76,0.2783581893488415,0.005766748062655512,0.10824742268041239,0.11623089832126132,97
tct,15,a_ratio,12,0.76,0.3555647081573087,0.0003515045987709258,0.1782646048109966,0.009686599012848096,97
tct,15,nqc,12,0.76,0.20461112356953093,0.04439050645159052,0.11168384879725088,0.1050908480999539,97
tct,15,bertQPP,12,0.76,0.43691978409657933,7.66277573978664e-06,0.2405498281786942,0.0004818477915141724,97
tct,15,bertQPP(QV),12,0.76,0.403838882068214,4.0973605296635774e-05,0.2173539518900344,0.0016102081655090619,97
tct,15,spatial,12,0.78,0.28640393108086304,0.004454848966987415,0.11512027491408937,0.09481550621817705,97
tct,15,a_ratio,12,0.78,0.35600734009639506,0.000345158649770916,0.17912371134020622,0.009341755733078497,97
tct,15,nqc,12,0.78,0.2126865964378042,0.03647801213197496,0.11297250859106532,0.10113858933462912,97
tct,15,bertQPP,12,0.78,0.4360928356804584,8.008164448220127e-06,0.23883161512027495,0.0005288208236189078,97
tct,15,bertQPP(QV),12,0.78,0.40573273611688576,3.739837047813796e-05,0.22379725085910657,0.0011640289366746655,97
tct,15,spatial,12,0.8,0.2942141827857132,0.0034429663969580025,0.11812714776632303,0.08649966115997804,97
tct,15,a_ratio,12,0.8,0.3563262765779526,0.00034065165968614585,0.17697594501718217,0.010225152665271457,97
tct,15,nqc,12,0.8,0.2221152805516113,0.028770682594226632,0.11984536082474227,0.08201867152410211,97
tct,15,bertQPP,12,0.8,0.43383317996683146,9.028125235344255e-06,0.24183848797250862,0.0004492042155364218,97
tct,15,bertQPP(QV),12,0.8,0.4062976555151417,3.638970970122743e-05,0.23024054982817874,0.0008346209629654949,97
tct,15,spatial,12,0.82,0.30176404178830063,0.0026657923987989884,0.1245704467353952,0.07065977324075139,97
tct,15,a_ratio,12,0.82,0.3565349542191971,0.0003377321590952404,0.17697594501718217,0.010225152665271457,97
tct,15,nqc,12,0.82,0.2332288714863046,0.02150133980500794,0.12156357388316154,0.07772782073014356,97
tct,15,bertQPP,12,0.82,0.43018229916082806,1.0937919740189685e-05,0.2405498281786942,0.0004818477915141724,97
tct,15,bertQPP(QV),12,0.82,0.4055441377213852,3.774088583247993e-05,0.22680412371134026,0.0009976667225656776,97
tct,15,spatial,12,0.84,0.30903064787599455,0.002070691619521801,0.13015463917525774,0.058933277914773506,97
tct,15,a_ratio,12,0.84,0.3566455297117923,0.00033619450866021014,0.17439862542955328,0.011382836808156348,97
tct,15,nqc,12,0.84,0.246452268867404,0.014954958751359548,0.13058419243986258,0.05810246319620013,97
tct,15,bertQPP,12,0.84,0.42522072431281144,1.4146781786434316e-05,0.24012027491408938,0.0004932117335580638,97
tct,15,bertQPP(QV),12,0.84,0.40352024041041556,4.160562654863403e-05,0.2255154639175258,0.0010660691222714972,97
tct,15,spatial,12,0.86,0.31599352618843224,0.0016158323658275818,0.12800687285223372,0.06323660544752113,97
tct,15,a_ratio,12,0.86,0.3566689813863849,0.0003358692218782868,0.17439862542955328,0.011382836808156348,97
tct,15,nqc,12,0.86,0.2623147694383165,0.009441758538197285,0.13616838487972513,0.04815964796946807,97
tct,15,bertQPP,12,0.86,0.4190621698870976,1.9360326942898692e-05,0.23410652920962205,0.0006809162092632265,97
tct,15,bertQPP(QV),12,0.86,0.40030743143555814,4.8507109770659964e-05,0.22766323024054988,0.0009543472910132449,97
tct,15,spatial,12,0.88,0.32263487458808526,0.0012683760199896882,0.13445017182130586,0.05105421646643944,97
tct,15,a_ratio,12,0.88,0.3566152076534981,0.00033661552114997497,0.17310996563573885,0.01200419316896961,97
tct,15,nqc,12,0.88,0.28142414905338253,0.005231073687947596,0.1443298969072165,0.03622527510674091,97
tct,15,bertQPP,12,0.88,0.41184556704960956,2.7747566127799855e-05,0.23238831615120278,0.0007456571945733053,97
tct,15,bertQPP(QV),12,0.88,0.3960141973661172,5.940359068623211e-05,0.22465635738831619,0.0011140538745299275,97
tct,15,spatial,12,0.9,0.32893978615330155,0.0010028161773530898,0.1434707903780069,0.037349490378258986,97
tct,15,a_ratio,12,0.9,0.35649312099987823,0.0003383155733262398,0.1709621993127148,0.013106785247853048,97
tct,15,nqc,12,0.9,0.3043146979840833,0.0024413428399615387,0.154639175257732,0.024833107958687445,97
tct,15,bertQPP,12,0.9,0.4037260573506073,4.119635931050114e-05,0.2328178694158076,0.0007289565212236814,97
tct,15,bertQPP(QV),12,0.9,0.39076831351901875,7.580897898030428e-05,0.22207903780068733,0.0012702502748310276,97
tct,15,spatial,12,0.92,0.3348964004954058,0.0007995181422387048,0.1516323024054983,0.027781654237823455,97
tct,15,a_ratio,12,0.92,0.3563107366912832,0.0003408699969651095,0.1679553264604811,0.014800614099959652,97
tct,15,nqc,12,0.92,0.33092522717943285,0.0009303424961770286,0.16451890034364264,0.016970096384742294,97
tct,15,bertQPP,12,0.92,0.39486600929002186,6.268238097079386e-05,0.2177835051546392,0.0015761513468118154,97
tct,15,bertQPP(QV),12,0.92,0.38470874427615864,9.996753858949868e-05,0.20489690721649487,0.002946303078171719,97
tct,15,spatial,12,0.94,0.3404959809697198,0.000643477467555367,0.14905498281786944,0.030544557732034724,97
tct,15,a_ratio,12,0.94,0.3560752556956002,0.00034419433901842236,0.1666666666666667,0.01558372473088864,97
tct,15,nqc,12,0.94,0.3591525683329144,0.0003030155970036849,0.16408934707903783,0.01726000960595295,97
tct,15,bertQPP,12,0.94,0.38542693559873864,9.67702414009871e-05,0.20274914089347082,0.003259747042536618,97
tct,15,bertQPP(QV),12,0.94,0.37797802852729456,0.0001350788776265909,0.1937285223367698,0.004935409194231109,97
tct,15,spatial,12,0.96,0.3457329182685115,0.0005232936553579129,0.15335051546391754,0.026061836085581373,97
tct,15,a_ratio,12,0.96,0.35579314161368214,0.0003482162953538388,0.16408934707903783,0.01726000960595295,97
tct,15,nqc,12,0.96,0.38188207060090273,0.00011352877762919243,0.17611683848797252,0.010598840128977079,97
tct,15,bertQPP,12,0.96,0.37556289631681905,0.00015024783081375,0.186426116838488,0.006825229731210832,97
tct,15,bertQPP(QV),12,0.96,0.3707157719842894,0.00018556246917671181,0.18513745704467358,0.007219338175415614,97
tct,15,spatial,12,0.98,0.3506046640999876,0.000430341061387098,0.15420962199312716,0.025236989773183314,97
tct,15,a_ratio,12,0.98,0.35547019160669735,0.00035287350562529296,0.16065292096219932,0.019739903980340746,97
tct,15,nqc,12,0.98,0.38483242943793283,9.941000522632684e-05,0.19501718213058422,0.004655971971265852,97
tct,15,bertQPP,12,0.98,0.36541565721519353,0.00023286526180938031,0.17482817869415812,0.011182156616858724,97
tct,15,bertQPP(QV),12,0.98,0.3630535915211397,0.00025734106927554674,0.16838487972508595,0.01454739544260673,97
tct,15,spatial,12,1.0,0.35511160145294307,0.00035811179432708695,0.16108247422680416,0.01941379508307944,97
tct,15,a_ratio,12,1.0,0.35511160145294307,0.00035811179432708695,0.16108247422680416,0.01941379508307944,97
tct,15,nqc,12,1.0,0.35511160145294307,0.00035811179432708695,0.16108247422680416,0.01941379508307944,97
tct,15,bertQPP,12,1.0,0.35511160145294307,0.00035811179432708695,0.16108247422680416,0.01941379508307944,97
tct,15,bertQPP(QV),12,1.0,0.35511160145294307,0.00035811179432708695,0.16108247422680416,0.01941379508307944,97
tct,15,spatial,13,0.0,0.001031152290801668,0.992002124147356,0.0047250859106529215,0.9453348196600103,97
tct,15,a_ratio,13,0.0,0.07429253125432347,0.46955000831987603,0.0584192439862543,0.3965888091618368,97
tct,15,nqc,13,0.0,0.13114536992369358,0.20039538169504273,0.08118556701030928,0.23875904036666062,97
tct,15,bertQPP,13,0.0,0.19877034806861155,0.050961349322358296,0.13917525773195877,0.0434259212403691,97
tct,15,bertQPP(QV),13,0.0,0.14399174086233593,0.1593935249494607,0.09664948453608249,0.16076803875264556,97
tct,15,spatial,13,0.02,0.005962719899026733,0.9537763613270357,0.005584192439862544,0.9354157588836661,97
tct,15,a_ratio,13,0.02,0.08762399701351267,0.39340875576041007,0.06701030927835053,0.3308539585593422,97
tct,15,nqc,13,0.02,0.13167968240839484,0.19855180612840143,0.08204467353951891,0.23382603249144784,97
tct,15,bertQPP,13,0.02,0.20285864891840424,0.046283693520918365,0.14046391752577322,0.04152093691345949,97
tct,15,bertQPP(QV),13,0.02,0.14795482323428513,0.14810193036641223,0.09965635738831616,0.14814179266855426,97
tct,15,spatial,13,0.04,0.011044001897280026,0.9145002156168504,0.006872852233676977,0.9205564238059567,97
tct,15,a_ratio,13,0.04,0.10123971193364935,0.32378604529373173,0.07946735395189004,0.2488442983857856,97
tct,15,nqc,13,0.04,0.1322360971006344,0.19664497409886036,0.08247422680412372,0.23138680179907667,97
tct,15,bertQPP,13,0.04,0.207107438253155,0.041805170979349736,0.14175257731958765,0.039687194240219145,97
tct,15,bertQPP(QV),13,0.04,0.15207688439820485,0.1370066872230716,0.10395189003436428,0.13143701983340042,97
tct,15,spatial,13,0.06,0.016279300467292923,0.8742483876860432,0.010309278350515465,0.8810807858527536,97
tct,15,a_ratio,13,0.06,0.11508557218872492,0.26164905631291485,0.0889175257731959,0.1969487085850582,97
tct,15,nqc,13,0.06,0.13281601028730397,0.19467169646474375,0.08333333333333336,0.22656268559471548,97
tct,15,bertQPP,13,0.06,0.21152461784540633,0.037537897286483185,0.14304123711340208,0.037922646089534044,97
tct,15,bertQPP(QV),13,0.06,0.15636608198705595,0.12614359423299476,0.10438144329896909,0.12985027258664464,97
tct,15,spatial,13,0.08,0.02167285688797349,0.8331131873722777,0.016752577319587632,0.8079288528511878,97
tct,15,a_ratio,13,0.08,0.12909911134587496,0.20756941292543843,0.09278350515463919,0.1781756748775648,97
tct,15,nqc,13,0.08,0.13342093802105892,0.19262857791413393,0.08376288659793817,0.22417771625382632,97
tct,15,bertQPP,13,0.08,0.2161184122595217,0.033493173167705136,0.1443298969072165,0.03622527510674091,97
tct,15,bertQPP(QV),13,0.08,0.16083095894352598,0.11554983526980453,0.10695876288659796,0.12064011527036375,97
tct,15,spatial,13,0.1,0.027228815408689544,0.7912056657807569,0.02061855670103093,0.7647885664914993,97
tct,15,a_ratio,13,0.1,0.14321020399721757,0.16169399256019862,0.09664948453608249,0.16076803875264556,97
tct,15,nqc,13,0.1,0.1340525291983473,0.1905120015394425,0.08462199312714778,0.2194617374170329,97
tct,15,bertQPP,13,0.1,0.2208973492859326,0.0296812333860143,0.14561855670103094,0.03459309466060896,97
tct,15,bertQPP(QV),13,0.1,0.16548043605689547,0.10526361683801565,0.10652920962199315,0.12213859984356254,97
tct,15,spatial,13,0.12,0.03295118173572145,0.7486564719883473,0.023195876288659798,0.7364196981955502,97
tct,15,a_ratio,13,0.12,0.15734220803968224,0.12376621619236378,0.10180412371134022,0.13959717520298046,97
tct,15,nqc,13,0.12,0.13471258038294026,0.18831811225368866,0.0850515463917526,0.21713063766326968,97
tct,15,bertQPP,13,0.12,0.2258702292786549,0.026110979966088563,0.14948453608247425,0.030068308790855192,97
tct,15,bertQPP(QV),13,0.12,0.1703237957257093,0.09532370680336041,0.10695876288659796,0.12064011527036375,97
tct,15,spatial,13,0.14,0.03884377564145694,0.705616336385732,0.02405498281786942,0.7270405431127746,97
tct,15,a_ratio,13,0.14,0.1714135405336232,0.09319261245826581,0.10352233676975947,0.1330387570764664,97
tct,15,nqc,13,0.14,0.13540305265182398,0.18604279899888276,0.08719931271477664,0.2057421374120063,97
tct,15,bertQPP,13,0.14,0.23104608040051444,0.022789706076039418,0.15292096219931275,0.026482928123240188,97
tct,15,bertQPP(QV),13,0.14,0.17537065439895852,0.0857688662422637,0.11082474226804125,0.10779310640620364,97
tct,15,spatial,13,0.16,0.04491017721540473,0.6622560744580952,0.026202749140893475,0.7037735989090746,97
tct,15,a_ratio,13,0.16,0.18533964186583418,0.06914040461406522,0.10309278350515466,0.1346555631057889,97
tct,15,nqc,13,0.16,0.13612609079143118,0.183681675710468,0.08719931271477664,0.2057421374120063,97
tct,15,bertQPP,13,0.16,0.2364340960984431,0.01972281918645947,0.15292096219931275,0.026482928123240188,97
tct,15,bertQPP(QV),13,0.16,0.18063092054884664,0.07663716947484378,0.11383161512027494,0.0985701799206937,97
tct,15,spatial,13,0.18,0.05115366630317815,0.6187660010571937,0.0313573883161512,0.6490868603039283,97
tct,15,a_ratio,13,0.18,0.19903524085677762,0.05064690281274735,0.11125429553264607,0.10643517898925002,97
tct,15,nqc,13,0.18,0.13688404523412853,0.1812300610227688,0.08676975945017183,0.2079844017382293,97
tct,15,bertQPP,13,0.18,0.2420435503174828,0.016913574580723862,0.15249140893470792,0.026909885175764755,97
tct,15,bertQPP(QV),13,0.18,0.18611473430876588,0.06796521217746347,0.11512027491408937,0.09481550621817705,97
tct,15,spatial,13,0.2,0.05757715472900471,0.5753546479244795,0.03479381443298969,0.6136308097551222,97
tct,15,a_ratio,13,0.2,0.212416795561304,0.036721843990871486,0.11168384879725088,0.1050908480999539,97
tct,15,nqc,13,0.2,0.1376794972002162,0.1786829567311388,0.08676975945017183,0.2079844017382293,97
tct,15,bertQPP,13,0.2,0.24788368500146366,0.014362832749666911,0.1554982817869416,0.02404211148041231,97
tct,15,bertQPP(QV),13,0.2,0.19183238405524808,0.059787214205295265,0.11426116838487975,0.09730564872611688,97
tct,15,spatial,13,0.22,0.06418311097448148,0.5322466884844524,0.040378006872852236,0.5579222431626273,97
tct,15,a_ratio,13,0.22,0.22540495723444137,0.02642874931132918,0.11984536082474227,0.08201867152410211,97
tct,15,nqc,13,0.22,0.13851528760272683,0.17603502507077362,0.08719931271477664,0.2057421374120063,97
tct,15,bertQPP,13,0.22,0.2539635633093353,0.012068856422844916,0.16022336769759454,0.02007078628569656,97
tct,15,bertQPP(QV),13,0.22,0.19779419420925262,0.05213403257428707,0.11726804123711342,0.08881318243030219,97
tct,15,spatial,13,0.24,0.07097347709705953,0.48967999575364335,0.04725085910652922,0.4929254477765376,97
tct,15,a_ratio,13,0.24,0.23792689362740654,0.018938616742485096,0.12414089347079041,0.07163599473940602,97
tct,15,nqc,13,0.24,0.13939455038521065,0.1732805649346173,0.08762886597938145,0.2035174890452155,97
tct,15,bertQPP,13,0.24,0.2602918806955894,0.0100271646360593,0.16924398625429557,0.01405239227763608,97
tct,15,bertQPP(QV),13,0.24,0.20401037737288835,0.04503211095609703,0.12242268041237117,0.07565197367789964,97
tct,15,spatial,13,0.26,0.07794957782250936,0.447901793225574,0.04725085910652922,0.4929254477765376,97
tct,15,a_ratio,13,0.26,0.24991831538504786,0.013556241695981307,0.13230240549828182,0.05487593045339063,97
tct,15,nqc,13,0.26,0.14032075110182685,0.17041348723998317,0.08805841924398626,0.2013104039967497,97
tct,15,bertQPP,13,0.26,0.26687672457246664,0.008230461898498246,0.17310996563573885,0.01200419316896961,97
tct,15,bertQPP(QV),13,0.26,0.21049084260612688,0.03850240473655159,0.12671821305841927,0.06594102788919391,97
tct,15,spatial,13,0.28,0.08511202194281514,0.40716390563201255,0.04853951890034365,0.4812066051703042,97
tct,15,a_ratio,13,0.28,0.2613250754745885,0.009724309026154537,0.1396048109965636,0.042782883164389815,97
tct,15,nqc,13,0.28,0.141297731721316,0.16742728977410387,0.08848797250859108,0.19912082868170233,97
tct,15,bertQPP,13,0.28,0.27372527172628836,0.0066686597365848725,0.17568728522336774,0.01079019991112942,97
tct,15,bertQPP(QV),13,0.28,0.21724495020646778,0.032559334464875786,0.1314432989690722,0.05647001729864357,97
tct,15,spatial,13,0.3,0.09246059640062246,0.36771717613897187,0.050257731958762895,0.4658203551040343,97
tct,15,a_ratio,13,0.3,0.2721042525407253,0.007012505445747413,0.1434707903780069,0.037349490378258986,97
tct,15,nqc,13,0.3,0.14232976285075227,0.16431503201453376,0.0893470790378007,0.19479398827541883,97
tct,15,bertQPP,13,0.3,0.28084341107391214,0.0053290051897430845,0.17955326460481102,0.009173476196585428,97
tct,15,bertQPP(QV),13,0.3,0.22428120183487701,0.027209834117997288,0.13402061855670105,0.051800200122302374,97
tct,15,spatial,13,0.32,0.09999415374895794,0.3298051866969511,0.054123711340206195,0.432221333716273,97
tct,15,a_ratio,13,0.32,0.2822246785068967,0.005098701711123563,0.14862542955326463,0.03102727109196935,97
tct,15,nqc,13,0.32,0.1434216048429711,0.1610693106472491,0.08977663230240551,0.19265661141875967,97
tct,15,bertQPP,13,0.32,0.28823527784896674,0.004196325839126532,0.18127147766323026,0.008527096049992753,97
tct,15,bertQPP(QV),13,0.32,0.2316068533311024,0.02245257213184222,0.1365979381443299,0.04745794602168577,97
tct,15,spatial,13,0.34,0.10771049404392594,0.2936574947307607,0.05541237113402062,0.42134149715143543,97
tct,15,a_ratio,13,0.34,0.2916669211103454,0.003747704165748971,0.14905498281786944,0.030544557732034724,97
tct,15,nqc,13,0.34,0.1445785795884828,0.1576822368148179,0.09020618556701032,0.1905365207922204,97
tct,15,bertQPP,13,0.34,0.29590268411535164,0.0032533934976803703,0.18771477663230243,0.006450561996249079,97
tct,15,bertQPP(QV),13,0.34,0.23922743624483833,0.018277430098970964,0.13831615120274915,0.044736513464296176,97
tct,15,spatial,13,0.36,0.11560624265982578,0.25948267566362115,0.06013745704467355,0.3828471200330016,97
tct,15,a_ratio,13,0.36,0.30042277632271347,0.00279111650706778,0.15206185567010314,0.02734277211201925,97
tct,15,nqc,13,0.36,0.1458066552185519,0.1541454165486818,0.09063573883161513,0.18843365829791547,97
tct,15,bertQPP,13,0.36,0.3038444299479771,0.0024813989653975576,0.19286941580756015,0.005130036782382208,97
tct,15,bertQPP(QV),13,0.36,0.24714617323440752,0.014665323442879961,0.14003436426116841,0.04214791401843269,97
tct,15,spatial,13,0.38,0.12367672600784055,0.22746152836986802,0.06357388316151204,0.356252805453549,97
tct,15,a_ratio,13,0.38,0.30849435855921314,0.0021101156396881615,0.16022336769759454,0.02007078628569656,97
tct,15,nqc,13,0.38,0.14711254648754846,0.150449936413239,0.09020618556701032,0.1905365207922204,97
tct,15,bertQPP,13,0.38,0.31205548018431856,0.0018605189315859165,0.1984536082474227,0.003979453005162126,97
tct,15,bertQPP(QV),13,0.38,0.25536327243743073,0.011588437263387772,0.14604810996563578,0.03406318246416719,97
tct,15,spatial,13,0.4,0.13191584768393133,0.1977408495172297,0.06615120274914091,0.33709113316806516,97
tct,15,a_ratio,13,0.4,0.3158928956035742,0.0016217032278490295,0.16194158075601378,0.018775672464210122,97
tct,15,nqc,13,0.4,0.14850383429511085,0.14658635716951718,0.08977663230240551,0.19265661141875967,97
tct,15,bertQPP,13,0.4,0.32052599402021875,0.00137054442767083,0.20317869415807563,0.0031947282487263706,97
tct,15,bertQPP(QV),13,0.4,0.26387508724869235,0.009010926570415835,0.14604810996563578,0.03406318246416719,97
tct,15,spatial,13,0.42,0.14031596815478586,0.17042820256362182,0.07044673539518902,0.3066570724911982,97
tct,15,a_ratio,13,0.42,0.3226373402963177,0.0012682607269511221,0.16537800687285226,0.016403064445582434,97
tct,15,nqc,13,0.42,0.1499891086997402,0.14254471932697424,0.09106529209621994,0.18634796497677564,97
tct,15,bertQPP,13,0.42,0.32924019982096403,0.000991529970852452,0.20704467353951894,0.0026605976928076114,97
tct,15,bertQPP(QV),13,0.42,0.27267313139879334,0.0068900925436165585,0.15335051546391754,0.026061836085581373,97
tct,15,spatial,13,0.44,0.14886779169164513,0.14558808892483827,0.07817869415807562,0.25660117603543875,97
tct,15,a_ratio,13,0.44,0.3287529043711494,0.0010098960326455403,0.1658075601374571,0.016125841537736958,97
tct,15,nqc,13,0.44,0.15157814092955987,0.13831456589462443,0.09063573883161513,0.18843365829791547,97
tct,15,bertQPP,13,0.44,0.3381751165175124,0.0007044157807337164,0.21219931271477666,0.0020752134680172376,97
tct,15,bertQPP(QV),13,0.44,0.28174294578272224,0.005177997147259366,0.16022336769759454,0.02007078628569656,97
tct,15,spatial,13,0.46,0.15756026485041807,0.12323986684605283,0.07946735395189004,0.2488442983857856,97
tct,15,a_ratio,13,0.46,0.33426960473957684,0.0008189819877851183,0.17053264604811,0.013337754848227265,97
tct,15,nqc,13,0.46,0.1532820914007751,0.13388498960525516,0.09106529209621994,0.18634796497677564,97
tct,15,bertQPP,13,0.46,0.34729913724950734,0.0004915741948970961,0.21520618556701035,0.0017908788065225548,97
tct,15,bertQPP(QV),13,0.46,0.2910628243142423,0.003823422672504206,0.1666666666666667,0.01558372473088864,97
tct,15,spatial,13,0.48,0.16638049133393631,0.10335765733978391,0.08247422680412372,0.23138680179907667,97
tct,15,a_ratio,13,0.48,0.33922089273172695,0.0006763320961030262,0.17396907216494847,0.011586707769612953,97
tct,15,nqc,13,0.48,0.1551137627299762,0.1292447145567092,0.09235395189003438,0.18019329783502935,97
tct,15,bertQPP,13,0.48,0.3565705119831675,0.0003372369919808999,0.2177835051546392,0.0015761513468118154,97
tct,15,bertQPP(QV),13,0.48,0.30060242247469066,0.0027740293502438907,0.17697594501718217,0.010225152665271457,97
tct,15,spatial,13,0.5,0.17531366851040225,0.08587233239501331,0.0889175257731959,0.1969487085850582,97
tct,15,a_ratio,13,0.5,0.3436424156639848,0.0005685571160331036,0.1778350515463918,0.009863239446727635,97
tct,15,nqc,13,0.5,0.15708790933863728,0.1243822258460237,0.09063573883161513,0.18843365829791547,97
tct,15,bertQPP,13,0.5,0.3659357949643533,0.0002277728434801827,0.2173539518900344,0.0016102081655090619,97
tct,15,bertQPP(QV),13,0.5,0.3103212953994816,0.001978524289004482,0.18170103092783507,0.008372001763204117,97
tct,15,spatial,13,0.52,0.18434305114571828,0.0706755117592292,0.08977663230240551,0.19265661141875967,97
tct,15,a_ratio,13,0.52,0.347570940206135,0.0004862527001885458,0.18427835051546396,0.0074933028749945285,97
tct,15,nqc,13,0.52,0.15922161872725327,0.11928596570710655,0.08977663230240551,0.19265661141875967,97
tct,15,bertQPP,13,0.52,0.3753283606628254,0.00015180202576365866,0.22422680412371138,0.0011387880187863695,97
tct,15,bertQPP(QV),13,0.52,0.3201674430702974,0.0013886398467534825,0.1898625429553265,0.005867063974983271,97
tct,15,spatial,13,0.54,0.19344994797604315,0.05762532020743944,0.09407216494845362,0.1722237215768213,97
tct,15,a_ratio,13,0.54,0.35104345002129356,0.0004227620594126203,0.1898625429553265,0.005867063974983271,97
tct,15,nqc,13,0.54,0.1615347841644706,0.11394462135282839,0.0889175257731959,0.1969487085850582,97
tct,15,bertQPP,13,0.54,0.38466713744960973,0.00010015574083534482,0.22766323024054988,0.0009543472910132449,97
tct,15,bertQPP(QV),13,0.54,0.33007597818749235,0.0009607368389222475,0.19501718213058422,0.004655971971265852,97
tct,15,spatial,13,0.56,0.20261375653969063,0.04655350004793902,0.09750859106529211,0.15708030004273185,97
tct,15,a_ratio,13,0.56,0.35409641684666615,0.0003733321161547749,0.19329896907216498,0.0050318722795436996,97
tct,15,nqc,13,0.56,0.1640506948458611,0.10834753875499199,0.09149484536082475,0.1842793810224047,97
tct,15,bertQPP,13,0.56,0.393855758235791,6.570590823600791e-05,0.23324742268041243,0.0007126038672884247,97
tct,15,bertQPP(QV),13,0.56,0.33996807546577834,0.0006568984026061903,0.202319587628866,0.003325969220576063,97
tct,15,spatial,13,0.58,0.2118120411488193,0.03727335601397131,0.09836769759450173,0.15345704089516993,97
tct,15,a_ratio,13,0.58,0.35676523468704024,0.00033453717213388124,0.19501718213058422,0.004655971971265852,97
tct,15,nqc,13,0.58,0.16679677816669797,0.10248530870412427,0.093213058419244,0.17617491386576734,97
tct,15,bertQPP,13,0.58,0.4027823746164838,4.310428125753941e-05,0.24226804123711343,0.00043878992015195634,97
tct,15,bertQPP(QV),13,0.58,0.3497504044997234,0.00044545562586394296,0.20489690721649487,0.002946303078171719,97
tct,15,spatial,13,0.6,0.22102065796840645,0.029587949290846183,0.0970790378006873,0.15891607395046403,97
tct,15,a_ratio,13,0.6,0.35908380076383967,0.0003038839139934504,0.20060137457044677,0.0036032888355043277,97
tct,15,nqc,13,0.6,0.1698055405277769,0.09635058753313694,0.09536082474226806,0.16642177733641728,97
tct,15,bertQPP,13,0.6,0.41132041405071507,2.8474785922954163e-05,0.24699312714776633,0.0003381788389163567,97
tct,15,bertQPP(QV),13,0.6,0.3593152834092131,0.0003009701171596102,0.20876288659793818,0.0024505203740822256,97
tct,15,spatial,13,0.62,0.23021392986081213,0.02329796334547834,0.10137457044673541,0.14127503537333896,97
tct,15,a_ratio,13,0.62,0.36108422370982113,0.000279539329578516,0.20575601374570449,0.0028288190417010725,97
tct,15,nqc,13,0.62,0.17311576933261558,0.08993923573404076,0.09750859106529211,0.15708030004273185,97
tct,15,bertQPP,13,0.62,0.419330562063578,1.9099848982780125e-05,0.24828178694158082,0.0003147483455907583,97
tct,15,bertQPP(QV),13,0.62,0.36854180473553916,0.0002037720700742359,0.21821305841924402,0.0015427588468996702,97
tct,15,spatial,13,0.64,0.23936487195602055,0.018208734811169223,0.10609965635738833,0.1236515932692785,97
tct,15,a_ratio,13,0.64,0.36279663854745636,0.000260142110905198,0.209192439862543,0.002400428947085522,97
tct,15,nqc,13,0.64,0.17677408133726408,0.08325188391246036,0.09965635738831616,0.14814179266855426,97
tct,15,bertQPP,13,0.64,0.4266642045449634,1.3132117897745825e-05,0.2512886597938145,0.00026585493232954136,97
tct,15,bertQPP(QV),13,0.64,0.3772981632188147,0.0001391986995012763,0.22422680412371138,0.0011387880187863695,97
tct,15,spatial,13,0.66,0.2484454668636209,0.014136065590046315,0.10524054982817871,0.12672143082539938,97
tct,15,a_ratio,13,0.66,0.36424910858807547,0.0002446709855,0.21262886597938147,0.002032205430312129,97
tct,15,nqc,13,0.66,0.18083693377000754,0.07629606662653321,0.10051546391752579,0.14467719951816677,97
tct,15,bertQPP,13,0.66,0.4331684521078834,9.350671927368836e-06,0.25515463917525777,0.00021341645031147517,97
tct,15,bertQPP(QV),13,0.66,0.38544534208297976,9.668956081961598e-05,0.2298109965635739,0.0008535554716530555,97
tct,15,spatial,13,0.68,0.25742698613627835,0.01091058702924204,0.11168384879725088,0.1050908480999539,97
tct,15,a_ratio,13,0.68,0.3654675959781091,0.00023235206960223838,0.21864261168384883,0.0015100189795415188,97
tct,15,nqc,13,0.68,0.1853732579747608,0.06908909746167069,0.10180412371134022,0.13959717520298046,97
tct,15,bertQPP,13,0.68,0.4386926818249439,6.968959603861524e-06,0.2577319587628867,0.0001840336555755922,97
tct,15,bertQPP(QV),13,0.68,0.3928421808375143,6.887543208590256e-05,0.23024054982817874,0.0008346209629654949,97
tct,15,spatial,13,0.7,0.2662803521496278,0.008380609108774245,0.11726804123711342,0.08881318243030219,97
tct,15,a_ratio,13,0.7,0.3664759847521841,0.00022259313663611344,0.2216494845360825,0.001298168853613724,97
tct,15,nqc,13,0.7,0.19046793486649333,0.061661883876639664,0.10609965635738833,0.1236515932692785,97
tct,15,bertQPP,13,0.7,0.443096282532455,5.492667112511143e-06,0.26503436426116844,0.00012008730713750342,97
tct,15,bertQPP(QV),13,0.7,0.3993516564914502,5.075776372816359e-05,0.23969072164948454,0.0005048251929224872,97
tct,15,spatial,13,0.72,0.2749765321391704,0.006413533824179058,0.12671821305841927,0.06594102788919391,97
tct,15,a_ratio,13,0.72,0.36729614260034005,0.00021493658089060403,0.22594501718213064,0.0010428004886634003,97
tct,15,nqc,13,0.72,0.1962264113812832,0.05406387557422807,0.11039518900343644,0.10916471457232763,97
tct,15,bertQPP,13,0.72,0.44625701439139276,4.620465277158439e-06,0.27018900343642616,8.827472841766767e-05,97
tct,15,bertQPP(QV),13,0.72,0.40484798334771055,3.903071252372949e-05,0.23883161512027495,0.0005288208236189078,97
tct,15,spatial,13,0.74,0.2834869539137863,0.004896024681025885,0.13316151202749144,0.05331954320676675,97
tct,15,a_ratio,13,0.74,0.3679480098914002,0.00020902546515340454,0.22895189003436428,0.0008926252002239728,97
tct,15,nqc,13,0.74,0.20278085871923995,0.04636925694525561,0.11426116838487975,0.09730564872611688,97
tct,15,bertQPP,13,0.74,0.4480791520745791,4.178789124678755e-06,0.2689003436426117,9.538240628081039e-05,97
tct,15,bertQPP(QV),13,0.74,0.40922391660977847,3.155936078870803e-05,0.24012027491408938,0.0004932117335580638,97
tct,15,spatial,13,0.76,0.29178393093864224,0.0037331939786101735,0.13359106529209622,0.05255528194642074,97
tct,15,a_ratio,13,0.76,0.36844970667374954,0.000204578798006084,0.22680412371134026,0.0009976667225656776,97
tct,15,nqc,13,0.76,0.21029838631651923,0.03868423482539252,0.11597938144329899,0.09237668593402237,97
tct,15,bertQPP,13,0.76,0.44850044667293276,4.082496137762856e-06,0.2710481099656358,8.381752378824866e-05,97
tct,15,bertQPP(QV),13,0.76,0.4123974884831566,2.700202780113131e-05,0.24570446735395193,0.0003632334933323789,97
tct,15,spatial,13,0.78,0.29984108322560027,0.0028470955589073223,0.14304123711340208,0.037922646089534044,97
tct,15,a_ratio,13,0.78,0.3688176503197038,0.00020137337514657743,0.22895189003436428,0.0008926252002239728,97
tct,15,nqc,13,0.78,0.21899190330308305,0.031154655096351316,0.12285223367697597,0.07463114343880432,97
tct,15,bertQPP,13,0.78,0.4474969760862243,4.315382677301556e-06,0.27233676975945026,7.752860694391557e-05,97
tct,15,bertQPP(QV),13,0.78,0.414317367595054,2.4552088961120864e-05,0.25343642611683853,0.00023539388087640415,97
tct,15,spatial,13,0.8,0.3076337399307205,0.002174799303760835,0.1516323024054983,0.027781654237823455,97
tct,15,a_ratio,13,0.8,0.3690666781570843,0.00019923032770464207,0.23109965635738836,0.0007979153488644113,97
tct,15,nqc,13,0.8,0.2291341082626653,0.023971902493082405,0.12671821305841927,0.06594102788919391,97
tct,15,bertQPP,13,0.8,0.4450851812523303,4.927373435774085e-06,0.2676116838487973,0.00010302809096628477,97
tct,15,bertQPP(QV),13,0.8,0.4149661466189165,2.377236127169471e-05,0.2564432989690722,0.00019821410424194529,97
tct,15,spatial,13,0.82,0.31513930982599403,0.0016662856446544858,0.16151202749140894,0.01909240321886764,97
tct,15,a_ratio,13,0.82,0.3692101708389182,0.0001980050739832739,0.23152920962199317,0.0007801296905645403,97
tct,15,nqc,13,0.82,0.24107433428995784,0.017372702954408858,0.13187285223367698,0.055668220302014286,97
tct,15,bertQPP,13,0.82,0.44132077427251787,6.0484020275053325e-06,0.26975945017182135,9.058641607986754e-05,97
tct,15,bertQPP(QV),13,0.82,0.4143611226979978,2.4498758597490487e-05,0.2577319587628867,0.0001840336555755922,97
tct,15,spatial,13,0.84,0.3223376069074183,0.0012823458103711485,0.16924398625429557,0.01405239227763608,97
tct,15,a_ratio,13,0.84,0.36926017335538364,0.00019757975243588427,0.23024054982817874,0.0008346209629654949,97
tct,15,nqc,13,0.84,0.25525528584354706,0.011624897514034508,0.13788659793814437,0.04540422310195199,97
tct,15,bertQPP,13,0.84,0.4362946697100287,7.922539412692793e-06,0.27362542955326463,7.168767375692266e-05,97
tct,15,bertQPP(QV),13,0.84,0.4125524903946636,2.6796046282360315e-05,0.26460481099656363,0.00012317744827931967,97
tct,15,spatial,13,0.86,0.3292111202700162,0.0009926173763466731,0.17482817869415812,0.011182156616858724,97
tct,15,a_ratio,13,0.86,0.36922751151750893,0.0001978574783400517,0.22938144329896912,0.0008728876884960134,97
tct,15,nqc,13,0.86,0.27221845384580046,0.006987778234364905,0.147766323024055,0.03201236643126749,97
tct,15,bertQPP,13,0.86,0.4301265207039548,1.0969845501849072e-05,0.26932989690721654,9.295520334274114e-05,97
tct,15,bertQPP(QV),13,0.86,0.40961923655816324,3.095482351793539e-05,0.2676116838487973,0.00010302809096628477,97
tct,15,spatial,13,0.88,0.33574521989603223,0.0007738330166686214,0.18556701030927839,0.00708575590459897,97
tct,15,a_ratio,13,0.88,0.36912190247025667,0.00019875795162149992,0.22637457044673542,0.0010200025736501021,97
tct,15,nqc,13,0.88,0.2925632576836443,0.0036378262620149577,0.16623711340206188,0.015852745291372216,97
tct,15,bertQPP,13,0.88,0.42295673749444757,1.588754365570327e-05,0.2710481099656358,8.381752378824866e-05,97
tct,15,bertQPP(QV),13,0.88,0.40566332578903586,3.7524088149540186e-05,0.2667525773195877,0.00010844269870482771,97
tct,15,spatial,13,0.9,0.3419282929791922,0.0006083180176003929,0.19201030927835053,0.00533157487845821,97
tct,15,a_ratio,13,0.9,0.3689520583545496,0.00020021407355577772,0.2255154639175258,0.0010660691222714972,97
tct,15,nqc,13,0.9,0.3167601808408878,0.0015717333265718723,0.18170103092783507,0.008372001763204117,97
tct,15,bertQPP,13,0.9,0.41493797289922424,2.3805734337977104e-05,0.28006872852233683,4.8215372827859356e-05,97
tct,15,bertQPP(QV),13,0.9,0.40080293335245676,4.7377284905407863e-05,0.2620274914089347,0.00014335046231608574,97
tct,15,spatial,13,0.92,0.3477518086197309,0.00048274091726907184,0.19759450171821308,0.0041396512632380965,97
tct,15,a_ratio,13,0.92,0.3687257826627664,0.000202169322505207,0.22809278350515466,0.000933347093157991,97
tct,15,nqc,13,0.92,0.3445592124334954,0.000548282361299401,0.1829896907216495,0.007921746820669876,97
tct,15,bertQPP,13,0.92,0.4062269804860055,3.651449385889424e-05,0.27061855670103097,8.601885162206065e-05,97
tct,15,bertQPP(QV),13,0.92,0.3951655000582624,6.181127091147593e-05,0.26159793814432997,0.00014700123564547276,97
tct,15,spatial,13,0.94,0.35321031193197305,0.0003871011955727197,0.202319587628866,0.003325969220576063,97
tct,15,a_ratio,13,0.94,0.3684500591464813,0.000204575704921059,0.23024054982817874,0.0008346209629654949,97
tct,15,nqc,13,0.94,0.37345793264182614,0.00016474025925750237,0.1937285223367698,0.004935409194231109,97
tct,15,bertQPP,13,0.94,0.3969775373167802,5.6776689856243094e-05,0.26374570446735396,0.00012958397281742168,97
tct,15,bertQPP(QV),13,0.94,0.3888812726156686,8.267694169002246e-05,0.2555841924398626,0.0002082313453780151,97
tct,15,spatial,13,0.96,0.358301351580381,0.00031392653790809314,0.21219931271477666,0.0020752134680172376,97
tct,15,a_ratio,13,0.96,0.36813113336146586,0.00020739214542615127,0.23195876288659797,0.0007627126312502382,97
tct,15,nqc,13,0.96,0.39584513698930834,5.987611625030016e-05,0.20017182130584193,0.0036758280937195186,97
tct,15,bertQPP,13,0.96,0.38733484704481325,8.873198356511052e-05,0.2517182130584193,0.00025948171452482385,97
tct,15,bertQPP(QV),13,0.96,0.3820778018715433,0.00011253732756026638,0.256872852233677,0.0001933769855221948,97
tct,15,spatial,13,0.98,0.3630253473081478,0.0002576475921268301,0.21864261168384883,0.0015100189795415188,97
tct,15,a_ratio,13,0.98,0.36777458709237,0.00021058321431671926,0.22766323024054988,0.0009543472910132449,97
tct,15,nqc,13,0.98,0.3976335479443592,5.505024534066277e-05,0.23883161512027495,0.0005288208236189078,97
tct,15,bertQPP,13,0.98,0.3774315694254555,0.00013838121872440556,0.24012027491408938,0.0004932117335580638,97
tct,15,bertQPP(QV),13,0.98,0.3748756554504724,0.00015484415870498878,0.23883161512027495,0.0005288208236189078,97
tct,15,spatial,13,1.0,0.36738540600387204,0.00021411811605350251,0.22379725085910657,0.0011640289366746655,97
tct,15,a_ratio,13,1.0,0.36738540600387204,0.00021411811605350251,0.22379725085910657,0.0011640289366746655,97
tct,15,nqc,13,1.0,0.36738540600387204,0.00021411811605350251,0.22379725085910657,0.0011640289366746655,97
tct,15,bertQPP,13,1.0,0.36738540600387204,0.00021411811605350251,0.22379725085910657,0.0011640289366746655,97
tct,15,bertQPP(QV),13,1.0,0.36738540600387204,0.00021411811605350251,0.22379725085910657,0.0011640289366746655,97
tct,15,spatial,14,0.0,0.001031152290801668,0.992002124147356,0.0047250859106529215,0.9453348196600103,97
tct,15,a_ratio,14,0.0,0.07429253125432347,0.46955000831987603,0.0584192439862543,0.3965888091618368,97
tct,15,nqc,14,0.0,0.13114536992369358,0.20039538169504273,0.08118556701030928,0.23875904036666062,97
tct,15,bertQPP,14,0.0,0.19877034806861155,0.050961349322358296,0.13917525773195877,0.0434259212403691,97
tct,15,bertQPP(QV),14,0.0,0.14399174086233593,0.1593935249494607,0.09664948453608249,0.16076803875264556,97
tct,15,spatial,14,0.02,0.005885933474894536,0.9543709746555373,0.006013745704467355,0.930459888527551,97
tct,15,a_ratio,14,0.02,0.08742119697175076,0.3945088654512777,0.06743986254295534,0.3277635503646662,97
tct,15,nqc,14,0.02,0.13167248593466913,0.19857655526962648,0.08204467353951891,0.23382603249144784,97
tct,15,bertQPP,14,0.02,0.20280149375098772,0.04634654718697156,0.14003436426116841,0.04214791401843269,97
tct,15,bertQPP(QV),14,0.02,0.1478994738812576,0.14825537638612468,0.09965635738831616,0.14814179266855426,97
tct,15,spatial,14,0.04,0.010887926221205074,0.9157040467856165,0.006443298969072166,0.9255067132095164,97
tct,15,a_ratio,14,0.04,0.1008346252325147,0.32573584390651517,0.07860824742268042,0.2539971105350425,97
tct,15,nqc,14,0.04,0.13222141753540823,0.19669511082021074,0.08247422680412372,0.23138680179907667,97
tct,15,bertQPP,14,0.04,0.20699124059413235,0.041922665251795756,0.14132302405498284,0.040290653027956765,97
tct,15,bertQPP(QV),14,0.04,0.15196436839829722,0.13730092002555153,0.10352233676975947,0.1330387570764664,97
tct,15,spatial,14,0.06,0.01604143002374199,0.8760711276341792,0.011168384879725088,0.8712539798728897,97
tct,15,a_ratio,14,0.06,0.11448129916357497,0.26417866973316645,0.0893470790378007,0.19479398827541883,97
tct,15,nqc,14,0.06,0.13279354372875835,0.19474787649976413,0.08333333333333336,0.22656268559471548,97
tct,15,bertQPP,14,0.06,0.21134746687932576,0.03770172691587062,0.14304123711340208,0.037922646089534044,97
tct,15,bertQPP(QV),14,0.06,0.15619455872524998,0.12656493468824476,0.10438144329896909,0.12985027258664464,97
tct,15,spatial,14,0.08,0.02135069846694501,0.835558762086992,0.018041237113402064,0.7934766269227447,97
tct,15,a_ratio,14,0.08,0.1283015299662475,0.2104147453535561,0.09235395189003438,0.18019329783502935,97
tct,15,nqc,14,0.08,0.13339036188308875,0.19273147395537216,0.08333333333333336,0.22656268559471548,97
tct,15,bertQPP,14,0.08,0.21587838552823385,0.03369502921664393,0.14604810996563578,0.03406318246416719,97
tct,15,bertQPP(QV),14,0.08,0.16059857544731684,0.11608365691114837,0.10695876288659796,0.12064011527036375,97
tct,15,spatial,14,0.1,0.02681990554566112,0.794271385385194,0.021048109965635744,0.7600372759154744,97
tct,15,a_ratio,14,0.1,0.14222806437255525,0.16461980182980082,0.09579037800687287,0.16452082122278677,97
tct,15,nqc,14,0.1,0.1340135006678309,0.19064230268958976,0.08462199312714778,0.2194617374170329,97
tct,15,bertQPP,14,0.1,0.22059252769591914,0.029912902192866204,0.14604810996563578,0.03406318246416719,97
tct,15,bertQPP(QV),14,0.1,0.1651853408590136,0.10589445078001539,0.10695876288659796,0.12064011527036375,97
tct,15,spatial,14,0.12,0.03245310683857436,0.7523322130474369,0.023195876288659798,0.7364196981955502,97
tct,15,a_ratio,14,0.12,0.1561871090343328,0.12658325897732067,0.10223367697594504,0.13793469449367568,97
tct,15,nqc,14,0.12,0.13466473471710877,0.18847652321514666,0.0850515463917526,0.21713063766326968,97
tct,15,bertQPP,14,0.12,0.22549871590083465,0.02636445124700368,0.14905498281786944,0.030544557732034724,97
tct,15,bertQPP(QV),14,0.12,0.1699641561986635,0.09603538265510292,0.10652920962199315,0.12213859984356254,97
tct,15,spatial,14,0.14,0.03825419504463132,0.709883797344169,0.022766323024054985,0.7411241465856763,97
tct,15,a_ratio,14,0.14,0.17009977354624417,0.09576652516432484,0.10008591065292097,0.14640165493450158,97
tct,15,nqc,14,0.14,0.13534600129584898,0.1862300389431377,0.08676975945017183,0.2079844017382293,97
tct,15,bertQPP,14,0.14,0.2306060238037685,0.023057288085445996,0.1512027491408935,0.028226597294347726,97
tct,15,bertQPP(QV),14,0.14,0.1749446782291382,0.08654469190461511,0.11039518900343644,0.10916471457232763,97
tct,15,spatial,14,0.16,0.04422684939419656,0.6670881508677293,0.026202749140893475,0.7037735989090746,97
tct,15,a_ratio,14,0.16,0.18388389670443933,0.07139197185288722,0.10180412371134022,0.13959717520298046,97
tct,15,nqc,14,0.16,0.1360594192934877,0.18389847675638257,0.08719931271477664,0.2057421374120063,97
tct,15,bertQPP,14,0.16,0.23592371907739484,0.019997258002682795,0.15378006872852237,0.025646544632394585,97
tct,15,bertQPP(QV),14,0.16,0.1801368821226736,0.07746015149870664,0.11297250859106532,0.10113858933462912,97
tct,15,spatial,14,0.18,0.05037447846436105,0.6241263328494606,0.03178694158075602,0.6446089162462232,97
tct,15,a_ratio,14,0.18,0.19745618074158686,0.05254523932801839,0.10738831615120277,0.11915605807960761,97
tct,15,nqc,14,0.18,0.13680731093186818,0.18147716623780394,0.08676975945017183,0.2079844017382293,97
tct,15,bertQPP,14,0.18,0.2414611850042474,0.017188173671565436,0.15378006872852237,0.025646544632394585,97
tct,15,bertQPP(QV),14,0.18,0.18555100689605847,0.06881831659321327,0.11597938144329899,0.09237668593402237,97
tct,15,spatial,14,0.2,0.05670015596539779,0.5811973945392983,0.032646048109965645,0.6356917335694203,97
tct,15,a_ratio,14,0.2,0.2107345211286438,0.038273206630905186,0.11383161512027494,0.0985701799206937,97
tct,15,nqc,14,0.2,0.13759222664872095,0.17896111755120142,0.08676975945017183,0.2079844017382293,97
tct,15,bertQPP,14,0.2,0.2472278154861625,0.014631568065085516,0.15592783505154642,0.023654871935139845,97
tct,15,bertQPP(QV),14,0.2,0.19119747879182156,0.06065366534357793,0.11597938144329899,0.09237668593402237,97
tct,15,spatial,14,0.22,0.06320654912791762,0.5385165881448764,0.03737113402061856,0.5876136836654002,97
tct,15,a_ratio,14,0.22,0.22364039112381218,0.027663954386737796,0.11469072164948456,0.0960541193445157,97
tct,15,nqc,14,0.22,0.1384169737095148,0.17634499801196427,0.08719931271477664,0.2057421374120063,97
tct,15,bertQPP,14,0.22,0.253232877028062,0.01232648144839334,0.16022336769759454,0.02007078628569656,97
tct,15,bertQPP(QV),14,0.22,0.19708680699532194,0.05299764436148543,0.11769759450171824,0.08765026442852013,97
tct,15,spatial,14,0.24,0.06989583941356176,0.49631276147777653,0.046821305841924406,0.49686544158769386,97
tct,15,a_ratio,14,0.24,0.23610112591476112,0.01990149356342699,0.11984536082474227,0.08201867152410211,97
tct,15,nqc,14,0.24,0.13928464921262096,0.173623107442789,0.08719931271477664,0.2057421374120063,97
tct,15,bertQPP,14,0.24,0.2594853299655577,0.010269299239473806,0.16494845360824745,0.01668446543769203,97
tct,15,bertQPP(QV),14,0.24,0.2032294449056052,0.045877641533253445,0.12328178694158079,0.07362159410235054,97
tct,15,spatial,14,0.26,0.07676963540216272,0.45482488925730297,0.04510309278350516,0.5127917901399865,97
tct,15,a_ratio,14,0.26,0.24805195428536547,0.014294580755445584,0.1254295532646048,0.06874005870255491,97
tct,15,nqc,14,0.26,0.14019867829099525,0.1707893524904281,0.08762886597938145,0.2035174890452155,97
tct,15,bertQPP,14,0.26,0.2659935997441854,0.00845365855429821,0.1709621993127148,0.013106785247853048,97
tct,15,bertQPP(QV),14,0.26,0.20963560883752913,0.039315921175660136,0.12628865979381446,0.0668634129345248,97
tct,15,spatial,14,0.28,0.08382887788184332,0.41429773304441875,0.046391752577319596,0.5008221569685896,97
tct,15,a_ratio,14,0.28,0.2594376466487653,0.010283773242124237,0.13359106529209622,0.05255528194642074,97
tct,15,nqc,14,0.28,0.14116285848481736,0.1678372201925663,0.08977663230240551,0.19265661141875967,97
tct,15,bertQPP,14,0.28,0.272765287454775,0.006870440972740438,0.17353951890034366,0.011793812186781842,97
tct,15,bertQPP(QV),14,0.28,0.2163150445385618,0.033328570141000394,0.1314432989690722,0.05647001729864357,97
tct,15,spatial,14,0.3,0.09107373739163446,0.37497667505900373,0.05197594501718214,0.450711341430895,97
tct,15,a_ratio,14,0.3,0.27021368422765957,0.0074332431139014195,0.14003436426116841,0.04214791401843269,97
tct,15,nqc,14,0.3,0.1421814114726634,0.16475975124024522,0.09020618556701032,0.1905365207922204,97
tct,15,bertQPP,14,0.3,0.2798068071461716,0.0055078670096412015,0.17912371134020622,0.009341755733078497,97
tct,15,bertQPP(QV),14,0.3,0.22327673029767398,0.027924517409161957,0.13530927835051548,0.04958921997609662,97
tct,15,spatial,14,0.32,0.09850350474503945,0.3371018352356152,0.05240549828178695,0.4469779106399572,97
tct,15,a_ratio,14,0.32,0.2803468996739835,0.0054140217772481545,0.14819587628865982,0.031516517606653575,97
tct,15,nqc,14,0.32,0.14325904361541184,0.16154951359660744,0.08977663230240551,0.19265661141875967,97
tct,15,bertQPP,14,0.32,0.2871229357886243,0.004351703532993503,0.18341924398625434,0.007776554495134835,97
tct,15,bertQPP(QV),14,0.32,0.23052850379023043,0.02310470220573383,0.13616838487972513,0.04815964796946807,97
tct,15,spatial,14,0.34,0.1061164754018397,0.30090165249607065,0.05541237113402062,0.42134149715143543,97
tct,15,a_ratio,14,0.34,0.28981558759757975,0.003984095322394931,0.15378006872852237,0.025646544632394585,97
tct,15,nqc,14,0.34,0.14440101710242279,0.15819857742812266,0.08977663230240551,0.19265661141875967,97
tct,15,bertQPP,14,0.34,0.29471626034331655,0.003385588690676453,0.18728522336769762,0.006573343269072617,97
tct,15,bertQPP(QV),14,0.34,0.2380765982896899,0.018861474392733533,0.13831615120274915,0.044736513464296176,97
tct,15,spatial,14,0.36,0.11390982895727683,0.26658618494535447,0.05884879725085912,0.3931257746774063,97
tct,15,a_ratio,14,0.36,0.2986091274716558,0.002968995379792591,0.15807560137457047,0.021798803662876853,97
tct,15,nqc,14,0.36,0.14561323391361986,0.15469849270860758,0.09020618556701032,0.1905365207922204,97
tct,15,bertQPP,14,0.36,0.30258650551321276,0.00259146985129915,0.19243986254295536,0.005229928831102741,97
tct,15,bertQPP(QV),14,0.36,0.24592507272361977,0.015178312887401587,0.14089347079037803,0.040901875311072,97
tct,15,spatial,14,0.38,0.12187950548172158,0.2343404520374807,0.06142611683848798,0.37273483374323335,97
tct,15,a_ratio,14,0.38,0.30672719578360885,0.0022448640741051257,0.15721649484536085,0.02252544814571104,97
tct,15,nqc,14,0.38,0.14690233535055133,0.15104027140873144,0.08848797250859108,0.19912082868170233,97
tct,15,bertQPP,14,0.38,0.31072972586922126,0.0019501391503124281,0.1971649484536083,0.004221925130091803,97
tct,15,bertQPP(QV),14,0.38,0.2540751196236627,0.012029940073864844,0.1439003436426117,0.036783724578164194,97
tct,15,spatial,14,0.4,0.13002008096554268,0.2043181955630363,0.06443298969072167,0.34979065764691386,97
tct,15,a_ratio,14,0.4,0.3141786659789184,0.001724725525317964,0.16365979381443302,0.01755425786967657,97
tct,15,nqc,14,0.4,0.14827582057982827,0.14721437693783224,0.0889175257731959,0.1969487085850582,97
tct,15,bertQPP,14,0.4,0.3191373478259302,0.001441839534318141,0.2014604810996564,0.0034621026042757834,97
tct,15,bertQPP(QV),14,0.4,0.262524235848951,0.009382889907884351,0.14647766323024058,0.03354022455213661,97
tct,15,spatial,14,0.42,0.1383246446924513,0.17663646570107056,0.06829896907216496,0.32163912125241456,97
tct,15,a_ratio,14,0.42,0.32098030308562553,0.0013479237305864524,0.1658075601374571,0.016125841537736958,97
tct,15,nqc,14,0.42,0.14974218852127183,0.14321072453439534,0.09020618556701032,0.1905365207922204,97
tct,15,bertQPP,14,0.42,0.32779505129092723,0.0010469033522842548,0.2053264604810997,0.002887015591872923,97
tct,15,bertQPP(QV),14,0.42,0.27126524378992634,0.007196553328210043,0.1516323024054983,0.027781654237823455,97
tct,15,spatial,14,0.44,0.14678468196292072,0.15137143414848614,0.07560137457044674,0.27261459721837655,97
tct,15,a_ratio,14,0.44,0.3271553564227189,0.0010723016125455114,0.1709621993127148,0.013106785247853048,97
tct,15,nqc,14,0.44,0.15131110856527444,0.13901869770720252,0.09063573883161513,0.18843365829791547,97
tct,15,bertQPP,14,0.44,0.3366814889132212,0.0007463775960683123,0.21477663230240554,0.0018291772025326055,97
tct,15,bertQPP(QV),14,0.44,0.2802851565627193,0.0054246777148024925,0.16065292096219932,0.019739903980340746,97
tct,15,spatial,14,0.46,0.15538996619170642,0.12855579174269302,0.08118556701030928,0.23875904036666062,97
tct,15,a_ratio,14,0.46,0.3327321413965599,0.0008685703330330802,0.17268041237113405,0.01221789425088413,97
tct,15,nqc,14,0.46,0.15299362710736075,0.13462718774869212,0.09106529209621994,0.18634796497677564,97
tct,15,bertQPP,14,0.46,0.3457668541514376,0.0005225869350707124,0.21563573883161516,0.0017533187111864498,97
tct,15,bertQPP(QV),14,0.46,0.2895638906999561,0.0040172418243482454,0.16537800687285226,0.016403064445582434,97
tct,15,spatial,14,0.48,0.16412846497546935,0.10817800062506078,0.0854810996563574,0.2148174024411691,97
tct,15,a_ratio,14,0.48,0.3377426835405043,0.0007163370036142108,0.17439862542955328,0.011382836808156348,97
tct,15,nqc,14,0.48,0.15480241886359142,0.13002466596409845,0.09192439862542956,0.1822278457949571,97
tct,15,bertQPP,14,0.48,0.35501132947197095,0.0003595893174693299,0.21434707903780073,0.0018682268943729797,97
tct,15,bertQPP(QV),14,0.48,0.29907284542487006,0.0029225719094982455,0.17053264604811,0.013337754848227265,97
tct,15,spatial,14,0.5,0.1729862652242868,0.09018354437580893,0.0854810996563574,0.2148174024411691,97
tct,15,a_ratio,14,0.5,0.3422214779587671,0.0006013416879971893,0.18127147766323026,0.008527096049992753,97
tct,15,nqc,14,0.5,0.15675209454539882,0.12519930184106776,0.09278350515463919,0.1781756748775648,97
tct,15,bertQPP,14,0.5,0.3643634743825878,0.0002434896154490649,0.2177835051546392,0.0015761513468118154,97
tct,15,bertQPP(QV),14,0.5,0.30877339015714256,0.0020895195637204646,0.18170103092783507,0.008372001763204117,97
tct,15,spatial,14,0.52,0.18194752282213056,0.07447816392125507,0.09407216494845362,0.1722237215768213,97
tct,15,a_ratio,14,0.52,0.3462043978658763,0.0005135530744890438,0.1898625429553265,0.005867063974983271,97
tct,15,nqc,14,0.52,0.15885957995919137,0.12013914527186685,0.09149484536082475,0.1842793810224047,97
tct,15,bertQPP,14,0.52,0.3737586506593181,0.00016259349218826705,0.22207903780068733,0.0012702502748310276,97
tct,15,bertQPP(QV),14,0.52,0.3186153324935545,0.0014694990165754296,0.18943298969072167,0.005979808014005902,97
tct,15,spatial,14,0.54,0.1909944424673613,0.060932898879558245,0.09364261168384881,0.17419095096502246,97
tct,15,a_ratio,14,0.54,0.34972776879194956,0.00044586267389012013,0.18857388316151205,0.006211170636578692,97
tct,15,nqc,14,0.54,0.16114458628047637,0.11483239759863934,0.09192439862542956,0.1822278457949571,97
tct,15,bertQPP,14,0.54,0.3831176286615157,0.00010740363020767377,0.22422680412371138,0.0011387880187863695,97
tct,15,bertQPP(QV),14,0.54,0.32853547766706337,0.0010181903363477717,0.1971649484536083,0.004221925130091803,97
tct,15,spatial,14,0.56,0.20010729328321694,0.04939059424718802,0.09750859106529211,0.15708030004273185,97
tct,15,a_ratio,14,0.56,0.35282761123631756,0.000393191084597162,0.1911512027491409,0.005540236417616152,97
tct,15,nqc,14,0.56,0.16363019759353092,0.10926780529109618,0.09149484536082475,0.1842793810224047,97
tct,15,bertQPP,14,0.56,0.3923455712800418,7.047979022032262e-05,0.23324742268041243,0.0007126038672884247,97
tct,15,bertQPP(QV),14,0.56,0.33845643578818596,0.0006967581192188344,0.20489690721649487,0.002946303078171719,97
tct,15,spatial,14,0.58,0.20926446542039903,0.03967340293356573,0.09922680412371135,0.1498976871116754,97
tct,15,a_ratio,14,0.58,0.35553904438623685,0.00035187580941879173,0.20017182130584193,0.0036758280937195186,97
tct,15,nqc,14,0.58,0.1663436104364006,0.10343522226126595,0.09407216494845362,0.1722237215768213,97
tct,15,bertQPP,14,0.58,0.4013316443758685,4.619884259573063e-05,0.24012027491408938,0.0004932117335580638,97
tct,15,bertQPP(QV),14,0.58,0.3482858805849457,0.0004725066465562633,0.20575601374570449,0.0028288190417010725,97
tct,15,spatial,14,0.6,0.21844257214844903,0.031590734694927326,0.09750859106529211,0.15708030004273185,97
tct,15,a_ratio,14,0.6,0.35789583676811054,0.00031925071253005295,0.20317869415807563,0.0031947282487263706,97
tct,15,nqc,14,0.6,0.16931707197183096,0.09732640310364078,0.09493127147766325,0.1683392012081001,97
tct,15,bertQPP,14,0.6,0.40994954326999644,3.0458027820686868e-05,0.24269759450171827,0.0004286013573495472,97
tct,15,bertQPP(QV),14,0.6,0.35791650463254726,0.0003189773565228818,0.21391752577319592,0.001908041073171658,97
tct,15,spatial,14,0.62,0.22761660081570184,0.024947083681590203,0.09664948453608249,0.16076803875264556,97
tct,15,a_ratio,14,0.62,0.3599300858681123,0.0002933558062444257,0.20489690721649487,0.002946303078171719,97
tct,15,nqc,14,0.62,0.17258907983242222,0.0909361109211779,0.09836769759450173,0.15345704089516993,97
tct,15,bertQPP,14,0.62,0.41805923751807517,2.0363441319622866e-05,0.24312714776632308,0.0004186340215940853,97
tct,15,bertQPP(QV),14,0.62,0.3672269386061408,0.0002155731072737234,0.21606529209621997,0.0017164841150655054,97
tct,15,spatial,14,0.64,0.23676011454054197,0.019549212557404144,0.10223367697594504,0.13793469449367568,97
tct,15,a_ratio,14,0.64,0.3616720072251125,0.00027273580418932426,0.21091065292096223,0.002209296231634933,97
tct,15,nqc,14,0.64,0.17620592952417458,0.08426365064917496,0.10008591065292097,0.14640165493450158,97
tct,15,bertQPP,14,0.64,0.42551020073764345,1.393758237155866e-05,0.24828178694158082,0.0003147483455907583,97
tct,15,bertQPP(QV),14,0.64,0.3760838896693983,0.00014684796425971884,0.22379725085910657,0.0011640289366746655,97
tct,15,spatial,14,0.66,0.2458455046039129,0.015212272877152067,0.1048109965635739,0.1282784361242476,97
tct,15,a_ratio,14,0.66,0.3631498136336363,0.0002562993341399362,0.21563573883161516,0.0017533187111864498,97
tct,15,nqc,14,0.66,0.1802237271179085,0.07731497181182113,0.10137457044673541,0.14127503537333896,97
tct,15,bertQPP,14,0.66,0.432146289163911,9.867865290256078e-06,0.2512886597938145,0.00026585493232954136,97
tct,15,bertQPP(QV),14,0.66,0.3843456896567658,0.00010162089355612325,0.22938144329896912,0.0008728876884960134,97
tct,15,spatial,14,0.68,0.2548442913080101,0.011764581974881297,0.10910652920962201,0.11336246240953972,97
tct,15,a_ratio,14,0.68,0.36438966633785885,0.0002432198011710134,0.2203608247422681,0.0013853583021557498,97
tct,15,nqc,14,0.68,0.18471102934321826,0.0701055208725154,0.10223367697594504,0.13793469449367568,97
tct,15,bertQPP,14,0.68,0.43781225059967865,7.305770234376939e-06,0.256872852233677,0.0001933769855221948,97
tct,15,bertQPP(QV),14,0.68,0.39186731471114505,7.205767854860113e-05,0.2285223367697595,0.0009127757207962206,97
tct,15,spatial,14,0.7,0.26372746865362756,0.009050933415021117,0.11297250859106532,0.10113858933462912,97
tct,15,a_ratio,14,0.7,0.3654156819909341,0.00023286501675798184,0.22723367697594504,0.000975784420613921,97
tct,15,nqc,14,0.7,0.18975233461652996,0.06266405441023641,0.10609965635738833,0.1236515932692785,97
tct,15,bertQPP,14,0.7,0.44236159113632195,5.716523928695773e-06,0.26460481099656363,0.00012317744827931967,97
tct,15,bertQPP(QV),14,0.7,0.3985067440879546,5.282808323432791e-05,0.23324742268041243,0.0007126038672884247,97
tct,15,spatial,14,0.72,0.27246588571244945,0.006934467727423709,0.11941580756013748,0.08312087785946547,97
tct,15,a_ratio,14,0.72,0.36624998134886444,0.00022474682821813487,0.22637457044673542,0.0010200025736501021,97
tct,15,nqc,14,0.72,0.19545273184492667,0.05503762933107034,0.11039518900343644,0.10916471457232763,97
tct,15,bertQPP,14,0.72,0.4456652334468091,4.773130347553465e-06,0.27018900343642616,8.827472841766767e-05,97
tct,15,bertQPP(QV),14,0.72,0.40413228607287144,4.039958052270308e-05,0.24226804123711343,0.00043878992015195634,97
tct,15,spatial,14,0.74,0.28103065520511245,0.005297253167338563,0.13359106529209622,0.05255528194642074,97
tct,15,a_ratio,14,0.74,0.36691276791803323,0.00021848475543160086,0.22766323024054988,0.0009543472910132449,97
tct,15,nqc,14,0.74,0.20194412173747045,0.0472979184954834,0.11168384879725088,0.1050908480999539,97
tct,15,bertQPP,14,0.74,0.4476201285181184,4.286141555887747e-06,0.2680412371134021,0.00010041746330816103,97
tct,15,bertQPP(QV),14,0.74,0.4086302555329234,3.248797470806832e-05,0.24355670103092786,0.0004088834881762593,97
tct,15,spatial,14,0.76,0.28939357773237784,0.004039810233004279,0.138745704467354,0.04407710548149226,97
tct,15,a_ratio,14,0.76,0.3674224269193782,0.00021377951329268121,0.22637457044673542,0.0010200025736501021,97
tct,15,nqc,14,0.76,0.20939355016001754,0.03954876310506449,0.11726804123711342,0.08881318243030219,97
tct,15,bertQPP,14,0.76,0.44815681074885644,4.160879639288774e-06,0.2714776632302406,8.166950933778078e-05,97
tct,15,bertQPP(QV),14,0.76,0.41191220073570745,2.7656545666585336e-05,0.24570446735395193,0.0003632334933323789,97
tct,15,spatial,14,0.78,0.297527568534383,0.003079854692820633,0.1434707903780069,0.037349490378258986,97
tct,15,a_ratio,14,0.78,0.3677956368755973,0.00021039356681417425,0.23067010309278352,0.00081607670119364,97
tct,15,nqc,14,0.78,0.2180142927999027,0.03193428261064658,0.1202749140893471,0.08092834885233069,97
tct,15,bertQPP,14,0.78,0.4472448865152609,4.3758259358136415e-06,0.27233676975945026,7.752860694391557e-05,97
tct,15,bertQPP(QV),14,0.78,0.41392080955680544,2.504040889347038e-05,0.25472508591065296,0.00021872261513442568,97
tct,15,spatial,14,0.8,0.30540707273727774,0.002350535644034831,0.14647766323024058,0.03354022455213661,97
tct,15,a_ratio,14,0.8,0.36804748782525,0.00020813672994549873,0.22637457044673542,0.0010200025736501021,97
tct,15,nqc,14,0.8,0.22808026077173837,0.024645602369033036,0.12585910652920965,0.0677963948466897,97
tct,15,bertQPP,14,0.8,0.444895654427604,4.978780719819155e-06,0.2676116838487973,0.00010302809096628477,97
tct,15,bertQPP(QV),14,0.8,0.4146337197230633,2.4168941605953635e-05,0.256872852233677,0.0001933769855221948,97
tct,15,spatial,14,0.82,0.3130084549081203,0.001798416747169554,0.15807560137457047,0.021798803662876853,97
tct,15,a_ratio,14,0.82,0.3681916016071899,0.00020685541130980515,0.22895189003436428,0.0008926252002239728,97
tct,15,nqc,14,0.82,0.2399436199878696,0.01792189120366112,0.13015463917525774,0.058933277914773506,97
tct,15,bertQPP,14,0.82,0.4411614482667373,6.100778629947113e-06,0.2710481099656358,8.381752378824866e-05,97
tct,15,bertQPP(QV),14,0.82,0.4140647157314524,2.4862162021983476e-05,0.26116838487972516,0.00015073942387955493,97
tct,15,spatial,14,0.84,0.3203103494352425,0.0013814017944259785,0.16623711340206188,0.015852745291372216,97
tct,15,a_ratio,14,0.84,0.3682402508498825,0.00020642451843910653,0.23109965635738836,0.0007979153488644113,97
tct,15,nqc,14,0.84,0.2540529635524087,0.012037660482362097,0.13702749140893475,0.046764860648197036,97
tct,15,bertQPP,14,0.84,0.4361317871691479,7.991572382201e-06,0.27534364261168387,6.454501938742568e-05,97
tct,15,bertQPP(QV),14,0.84,0.4122621686009555,2.7183064242719516e-05,0.2689003436426117,9.538240628081039e-05,97
tct,15,spatial,14,0.86,0.32729395976605186,0.001066751424965046,0.1752577319587629,0.010984624932232429,97
tct,15,a_ratio,14,0.86,0.3682044742646335,0.00020674131564785283,0.2328178694158076,0.0007289565212236814,97
tct,15,nqc,14,0.86,0.27096133468847045,0.0072642649635036305,0.14561855670103094,0.03459309466060896,97
tct,15,bertQPP,14,0.86,0.4299268925559264,1.1084824855521786e-05,0.2744845360824743,6.802769792638233e-05,97
tct,15,bertQPP(QV),14,0.86,0.4093049780394556,3.143450631146625e-05,0.2667525773195877,0.00010844269870482771,97
tct,15,spatial,14,0.88,0.3339432967747697,0.0008292851338082828,0.18341924398625434,0.007776554495134835,97
tct,15,a_ratio,14,0.88,0.36809418660734705,0.00020772072898111066,0.23152920962199317,0.0007801296905645403,97
tct,15,nqc,14,0.88,0.29128980220963874,0.003794813935762008,0.16237113402061856,0.018463547347092265,97
tct,15,bertQPP,14,0.88,0.4226894742715802,1.610580850713813e-05,0.2719072164948454,7.957359852373424e-05,97
tct,15,bertQPP(QV),14,0.88,0.4052966149484907,3.8194861624874964e-05,0.27233676975945026,7.752860694391557e-05,97
tct,15,spatial,14,0.9,0.3402453493383547,0.0006498176668773439,0.18728522336769762,0.006573343269072617,97
tct,15,a_ratio,14,0.9,0.3679182822695775,0.00020929173135377549,0.2328178694158076,0.0007289565212236814,97
tct,15,nqc,14,0.9,0.3155466523577353,0.0016420511971245856,0.1782646048109966,0.009686599012848096,97
tct,15,bertQPP,14,0.9,0.4145758312527791,2.4238631679586074e-05,0.27835051546391754,5.363833855233496e-05,97
tct,15,bertQPP(QV),14,0.9,0.40035806345025265,4.839051805920097e-05,0.27061855670103097,8.601885162206065e-05,97
tct,15,spatial,14,0.92,0.34619018335792207,0.0005138442925115764,0.19544673539518906,0.0045660596694361046,97
tct,15,a_ratio,14,0.92,0.36768473191483114,0.00021139454011404082,0.2336769759450172,0.0006965926026270434,97
tct,15,nqc,14,0.92,0.3435372842953015,0.000570925459378479,0.18170103092783507,0.008372001763204117,97
tct,15,bertQPP,14,0.92,0.4057472499508572,3.7372132454833994e-05,0.2710481099656358,8.381752378824866e-05,97
tct,15,bertQPP(QV),14,0.92,0.3946204983721492,6.340499842325467e-05,0.2654639175257732,0.00011707036468109733,97
tct,15,spatial,14,0.94,0.35177096873604946,0.00041046564789896727,0.20446735395189009,0.0030066996042901117,97
tct,15,a_ratio,14,0.94,0.367400671916331,0.00021397843011903452,0.23324742268041243,0.0007126038672884247,97
tct,15,nqc,14,0.94,0.3727991917050545,0.00016953489452922459,0.19630584192439868,0.0043909374810577745,97
tct,15,bertQPP,14,0.94,0.39636246679207565,5.8441105153005164e-05,0.2641752577319588,0.00012634244111771396,97
tct,15,bertQPP(QV),14,0.94,0.38821842584779453,8.522367289198392e-05,0.2577319587628867,0.0001840336555755922,97
tct,15,spatial,14,0.96,0.35698393696721076,0.0003315286125288945,0.2169243986254296,0.001644941169576058,97
tct,15,a_ratio,14,0.96,0.3670724866006151,0.000217000016436016,0.23238831615120278,0.0007456571945733053,97
tct,15,nqc,14,0.96,0.3956044775768678,6.0554805360567335e-05,0.20747422680412375,0.0026065887949513057,97
tct,15,bertQPP,14,0.96,0.3865716675169093,9.186981632871206e-05,0.2564432989690722,0.00019821410424194529,97
tct,15,bertQPP(QV),14,0.96,0.3812838129598255,0.00011660965316394305,0.2517182130584193,0.00025948171452482385,97
tct,15,spatial,14,0.98,0.36182827480357227,0.0002709529009975711,0.22207903780068733,0.0012702502748310276,97
tct,15,a_ratio,14,0.98,0.36670588347689864,0.00022042189779767428,0.2255154639175258,0.0010660691222714972,97
tct,15,nqc,14,0.98,0.397395581975989,5.567077180067818e-05,0.24012027491408938,0.0004932117335580638,97
tct,15,bertQPP,14,0.98,0.3765122029378938,0.0001441064413992383,0.2405498281786942,0.0004818477915141724,97
tct,15,bertQPP(QV),14,0.98,0.3739414984252498,0.0001613008704783635,0.23840206185567014,0.0005412133012575864,97
tct,15,spatial,14,1.0,0.3663059617513407,0.00022421157898592096,0.22379725085910657,0.0011640289366746655,97
tct,15,a_ratio,14,1.0,0.3663059617513407,0.00022421157898592096,0.22379725085910657,0.0011640289366746655,97
tct,15,nqc,14,1.0,0.3663059617513407,0.00022421157898592096,0.22379725085910657,0.0011640289366746655,97
tct,15,bertQPP,14,1.0,0.3663059617513407,0.00022421157898592096,0.22379725085910657,0.0011640289366746655,97
tct,15,bertQPP(QV),14,1.0,0.3663059617513407,0.00022421157898592096,0.22379725085910657,0.0011640289366746655,97
tct,15,spatial,15,0.0,0.001031152290801668,0.992002124147356,0.0047250859106529215,0.9453348196600103,97
tct,15,a_ratio,15,0.0,0.07429253125432347,0.46955000831987603,0.0584192439862543,0.3965888091618368,97
tct,15,nqc,15,0.0,0.13114536992369358,0.20039538169504273,0.08118556701030928,0.23875904036666062,97
tct,15,bertQPP,15,0.0,0.19877034806861155,0.050961349322358296,0.13917525773195877,0.0434259212403691,97
tct,15,bertQPP(QV),15,0.0,0.14399174086233593,0.1593935249494607,0.09664948453608249,0.16076803875264556,97
tct,15,spatial,15,0.02,0.005794946011914354,0.9550755893227797,0.005584192439862544,0.9354157588836661,97
tct,15,a_ratio,15,0.02,0.08718736637412719,0.39577957413088144,0.06829896907216496,0.32163912125241456,97
tct,15,nqc,15,0.02,0.13166211042392773,0.19861224123285712,0.08204467353951891,0.23382603249144784,97
tct,15,bertQPP,15,0.02,0.202720242970913,0.046436020559298824,0.13917525773195877,0.0434259212403691,97
tct,15,bertQPP(QV),15,0.02,0.14782614252351337,0.14845885826227873,0.09965635738831616,0.14814179266855426,97
tct,15,spatial,15,0.04,0.010702476084262863,0.9171346939972532,0.0047250859106529215,0.9453348196600103,97
tct,15,a_ratio,15,0.04,0.10036699225587088,0.3279960185746686,0.08075601374570447,0.24125289471425693,97
tct,15,nqc,15,0.04,0.13220022857257163,0.19676749604288915,0.08290378006872855,0.22896569995644822,97
tct,15,bertQPP,15,0.04,0.20682491189988922,0.042091328457828474,0.14175257731958765,0.039687194240219145,97
tct,15,bertQPP(QV),15,0.04,0.15181447034786355,0.137693652765527,0.10266323024054985,0.13628751627610397,97
tct,15,spatial,15,0.06,0.01575795087321294,0.8782441996968563,0.008161512027491411,0.9057247746831294,97
tct,15,a_ratio,15,0.06,0.11378178605903284,0.26712764043254067,0.08805841924398626,0.2013104039967497,97
tct,15,nqc,15,0.06,0.13276107518266575,0.19485800948748244,0.08333333333333336,0.22656268559471548,97
tct,15,bertQPP,15,0.06,0.2110920148715822,0.037939023214279666,0.14175257731958765,0.039687194240219145,97
tct,15,bertQPP(QV),15,0.06,0.15596468936420074,0.12713128992487577,0.1048109965635739,0.1282784361242476,97
tct,15,spatial,15,0.08,0.020965540220961226,0.8384846350354034,0.010738831615120277,0.8761649965497997,97
tct,15,a_ratio,15,0.08,0.1273740390959508,0.21375832077183957,0.08977663230240551,0.19265661141875967,97
tct,15,nqc,15,0.08,0.13334611697273707,0.19288043906291255,0.08247422680412372,0.23138680179907667,97
tct,15,bertQPP,15,0.08,0.21552953636579386,0.03399022667309544,0.1439003436426117,0.036783724578164194,97
tct,15,bertQPP(QV),15,0.08,0.16028515462844453,0.11680665248699243,0.10609965635738833,0.1236515932692785,97
tct,15,spatial,15,0.1,0.026329343786849882,0.7979534005232949,0.014604810996563576,0.8321598541826989,97
tct,15,a_ratio,15,0.1,0.14107849494813782,0.16809400946818456,0.0893470790378007,0.19479398827541883,97
tct,15,nqc,15,0.1,0.13395694922946272,0.1908312205866418,0.08376288659793817,0.22417771625382632,97
tct,15,bertQPP,15,0.1,0.22014576954550508,0.03025520761372701,0.1473367697594502,0.03251488713772691,97
tct,15,bertQPP(QV),15,0.1,0.16478460744818785,0.10675583033673162,0.10738831615120277,0.11915605807960761,97
tct,15,spatial,15,0.12,0.031853354518113386,0.7567656619635849,0.02061855670103093,0.7647885664914993,97
tct,15,a_ratio,15,0.12,0.1548232940859981,0.1299722589984715,0.09407216494845362,0.1722237215768213,97
tct,15,nqc,15,0.12,0.13459531016148862,0.1887065511250569,0.0854810996563574,0.2148174024411691,97
tct,15,bertQPP,15,0.12,0.2249492904136547,0.026743139453267124,0.14862542955326463,0.03102727109196935,97
tct,15,bertQPP(QV),15,0.12,0.16947216375185326,0.09701573688997463,0.10824742268041239,0.11623089832126132,97
tct,15,spatial,15,0.14,0.03754141677993375,0.7150549500049874,0.022336769759450176,0.7458382926337936,97
tct,15,a_ratio,15,0.14,0.16853133196078918,0.0989123714149477,0.0970790378006873,0.15891607395046403,97
tct,15,nqc,15,0.14,0.1352630972128613,0.18650237058941863,0.08591065292096221,0.2125219840325313,97
tct,15,bertQPP,15,0.14,0.2299489191345387,0.023461845085539314,0.15077319587628868,0.0286776674564184,97
tct,15,bertQPP(QV),15,0.14,0.1743572922390245,0.08762362678434417,0.11254295532646051,0.10244263799035044,97
tct,15,spatial,15,0.16,0.043397178672785544,0.6729733748624374,0.021048109965635744,0.7600372759154744,97
tct,15,a_ratio,15,0.16,0.18212200197708864,0.07419575420694234,0.09750859106529211,0.15708030004273185,97
tct,15,nqc,15,0.16,0.13596238565415497,0.18421434193630734,0.08591065292096221,0.2125219840325313,97
tct,15,bertQPP,15,0.16,0.23515366510395036,0.02041753558501957,0.15292096219931275,0.026482928123240188,97
tct,15,bertQPP(QV),15,0.16,0.17944977937749446,0.07861650788499656,0.11469072164948456,0.0960541193445157,97
tct,15,spatial,15,0.18,0.04942403807810006,0.6306913597538825,0.022766323024054985,0.7411241465856763,97
tct,15,a_ratio,15,0.18,0.1955132557069293,0.0549609387531667,0.10309278350515466,0.1346555631057889,97
tct,15,nqc,15,0.18,0.1366954498295075,0.18183782992340683,0.08676975945017183,0.2079844017382293,97
tct,15,bertQPP,15,0.18,0.24057265158058452,0.017614551739386797,0.154639175257732,0.024833107958687445,97
tct,15,bertQPP(QV),15,0.18,0.184759677622716,0.07003044427984825,0.11597938144329899,0.09237668593402237,97
tct,15,spatial,15,0.2,0.0556250820042124,0.5883967958225791,0.028350515463917533,0.680780730027897,97
tct,15,a_ratio,15,0.2,0.20862387535028712,0.0402967984740215,0.10824742268041239,0.11623089832126132,97
tct,15,nqc,15,0.2,0.13746478751094368,0.17936787839449345,0.08462199312714778,0.2194617374170329,97
tct,15,bertQPP,15,0.2,0.24621501477415142,0.015055119723996122,0.1585051546391753,0.021443192891173694,97
tct,15,bertQPP(QV),15,0.2,0.19029723240914367,0.06189975229766363,0.11855670103092786,0.08536128644887009,97
tct,15,spatial,15,0.22,0.06200301885809001,0.5462935269774236,0.02920962199312715,0.6716645680851198,97
tct,15,a_ratio,15,0.22,0.22137582368704856,0.029320648815480983,0.11769759450171824,0.08765026442852013,97
tct,15,nqc,15,0.22,0.1382731479007605,0.17679918610202025,0.08591065292096221,0.2125219840325313,97
tct,15,bertQPP,15,0.22,0.2520897712085949,0.01273913451252851,0.1589347079037801,0.021092644173514117,97
tct,15,bertQPP(QV),15,0.22,0.19607278248410007,0.05425609889296065,0.1202749140893471,0.08092834885233069,97
tct,15,spatial,15,0.24,0.06856010334984075,0.504599086988245,0.033505154639175264,0.6268270582661877,97
tct,15,a_ratio,15,0.24,0.23369652005308156,0.02123358431234532,0.12500000000000003,0.06969448971824621,97
tct,15,nqc,15,0.24,0.1391235639324483,0.17412608112609965,0.08634020618556702,0.2102443337075397,97
tct,15,bertQPP,15,0.24,0.25820564593335593,0.010663986567811794,0.16408934707903783,0.01726000960595295,97
tct,15,bertQPP(QV),15,0.24,0.20209662701099337,0.047127521132383575,0.12285223367697597,0.07463114343880432,97
tct,15,spatial,15,0.26,0.07529805385214185,0.4635416349443858,0.039948453608247426,0.5621188569054614,97
tct,15,a_ratio,15,0.26,0.24552089090995166,0.015351502391275864,0.13015463917525774,0.058933277914773506,97
tct,15,nqc,15,0.26,0.14001938965585048,0.17134249402088947,0.08719931271477664,0.2057421374120063,97
tct,15,bertQPP,15,0.26,0.2645708527450247,0.008824448630051438,0.16537800687285226,0.016403064445582434,97
tct,15,bertQPP(QV),15,0.26,0.20837885155609262,0.040537396899780906,0.12371134020618559,0.07262323979726368,97
tct,15,spatial,15,0.28,0.08221796219170513,0.42335606998291186,0.038659793814433,0.5747994088567128,97
tct,15,a_ratio,15,0.28,0.2567930613020812,0.011115018542975327,0.13745704467353953,0.04608031263937092,97
tct,15,nqc,15,0.28,0.14096434365974853,0.16844192992121232,0.08848797250859108,0.19912082868170233,97
tct,15,bertQPP,15,0.28,0.2711928160293159,0.007212639600439048,0.17310996563573885,0.01200419316896961,97
tct,15,bertQPP(QV),15,0.28,0.2149291036030656,0.03450340988674469,0.12328178694158079,0.07362159410235054,97
tct,15,spatial,15,0.3,0.0893201960508609,0.3842793523528026,0.04725085910652922,0.4929254477765376,97
tct,15,a_ratio,15,0.3,0.26746758668649295,0.008084043186537725,0.14175257731958765,0.039687194240219145,97
tct,15,nqc,15,0.3,0.14196255969351426,0.1654174399846819,0.0889175257731959,0.1969487085850582,97
tct,15,bertQPP,15,0.3,0.27807782219494237,0.005818081153993009,0.17611683848797252,0.010598840128977079,97
tct,15,bertQPP(QV),15,0.3,0.22175630664891258,0.029036565559604946,0.12800687285223372,0.06323660544752113,97
tct,15,spatial,15,0.32,0.09660429440992445,0.3465451145198057,0.04810996563573884,0.4850959502795227,97
tct,15,a_ratio,15,0.32,0.2775101682965223,0.005923257148744817,0.14862542955326463,0.03102727109196935,97
tct,15,nqc,15,0.32,0.14301864591024613,0.16226159274225196,0.0889175257731959,0.1969487085850582,97
tct,15,bertQPP,15,0.32,0.2852305870526068,0.004627859381777367,0.1829896907216495,0.007921746820669876,97
tct,15,bertQPP(QV),15,0.32,0.22886830030057143,0.024140327617095277,0.13230240549828182,0.05487593045339063,97
tct,15,spatial,15,0.34,0.1040688567702373,0.3103777106504331,0.04982817869415808,0.4696411010880063,97
tct,15,a_ratio,15,0.34,0.28689784271211044,0.0043837629879663964,0.15420962199312716,0.025236989773183314,97
tct,15,nqc,15,0.34,0.144137754481784,0.1589664462032472,0.08762886597938145,0.2035174890452155,97
tct,15,bertQPP,15,0.34,0.2926537240741712,0.0036268981593115955,0.18213058419243988,0.008219435652041644,97
tct,15,bertQPP(QV),15,0.34,0.23627139225026778,0.019809954358180958,0.13702749140893475,0.046764860648197036,97
tct,15,spatial,15,0.36,0.1117114272665526,0.27598592109565473,0.05283505154639176,0.4432621351071514,97
tct,15,a_ratio,15,0.36,0.29561868080168896,0.0032846096323567594,0.1597938144329897,0.02040649882574069,97
tct,15,nqc,15,0.36,0.14532566375077782,0.15552352193707977,0.08676975945017183,0.2079844017382293,97
tct,15,bertQPP,15,0.36,0.30034709753534694,0.0027983430161424077,0.186426116838488,0.006825229731210832,97
tct,15,bertQPP(QV),15,0.36,0.2439698067836857,0.01603211867218851,0.14003436426116841,0.04214791401843269,97
tct,15,spatial,15,0.38,0.11952837520633809,0.24355659414844041,0.05584192439862544,0.41775090102760204,97
tct,15,a_ratio,15,0.38,0.30367106701517776,0.0024963141664874297,0.1658075601374571,0.016125841537736958,97
tct,15,nqc,15,0.38,0.14658887561260175,0.15192378287068847,0.08634020618556702,0.2102443337075397,97
tct,15,bertQPP,15,0.38,0.3083070445316701,0.0021240443816022267,0.1941580756013746,0.0048406217198878375,97
tct,15,bertQPP(QV),15,0.38,0.25196501391343146,0.0127848910301439,0.14261168384879727,0.03850326567762371,97
tct,15,spatial,15,0.4,0.12751477405938272,0.21324856243652682,0.060996563573883174,0.3760870593214216,97
tct,15,a_ratio,15,0.4,0.3110626536379025,0.001927274049741609,0.16838487972508595,0.01454739544260673,97
tct,15,nqc,15,0.4,0.14793473149509692,0.1481576172502827,0.08676975945017183,0.2079844017382293,97
tct,15,bertQPP,15,0.4,0.316525451384509,0.0015851180489604528,0.19759450171821308,0.0041396512632380965,97
tct,15,bertQPP(QV),15,0.4,0.2602549238374972,0.010038149085760626,0.1439003436426117,0.036783724578164194,97
tct,15,spatial,15,0.42,0.13566428145538334,0.18518720691418286,0.06658075601374572,0.3339631552636785,97
tct,15,a_ratio,15,0.42,0.31780909503213395,0.0015131646462847317,0.17439862542955328,0.011382836808156348,97
tct,15,nqc,15,0.42,0.14937155117361356,0.14421483218927333,0.08762886597938145,0.2035174890452155,97
tct,15,bertQPP,15,0.42,0.32498867387919705,0.0011625499250011357,0.20274914089347082,0.003259747042536618,97
tct,15,bertQPP(QV),15,0.42,0.2688329339079376,0.00775444847977198,0.14991408934707906,0.029598455953974822,97
tct,15,spatial,15,0.44,0.1439690233157572,0.15946004876256004,0.07001718213058421,0.30961588134500106,97
tct,15,a_ratio,15,0.44,0.3239326652671766,0.001208992695894557,0.17182130584192443,0.01265543298933369,97
tct,15,nqc,15,0.44,0.15090879978583702,0.14008466155950686,0.0889175257731959,0.1969487085850582,97
tct,15,bertQPP,15,0.44,0.33367629822523054,0.0008378034554403913,0.20446735395189009,0.0030066996042901117,97
tct,15,bertQPP(QV),15,0.44,0.27768682060478644,0.005890347384809153,0.15378006872852237,0.025646544632394585,97
tct,15,spatial,15,0.46,0.15241948582659712,0.13611372149141593,0.0734536082474227,0.28647120739097054,97
tct,15,a_ratio,15,0.46,0.32946085155794286,0.0009833141788086505,0.17310996563573885,0.01200419316896961,97
tct,15,nqc,15,0.46,0.1525572898816361,0.13575579481495012,0.0893470790378007,0.19479398827541883,97
tct,15,bertQPP,15,0.46,0.3425597519821279,0.000593383551611518,0.20661512027491413,0.0027156275780873427,97
tct,15,bertQPP(QV),15,0.46,0.286797478333981,0.0043981254235557965,0.1597938144329897,0.02040649882574069,97
tct,15,spatial,15,0.48,0.16100441952236155,0.1151526084135239,0.07817869415807562,0.25660117603543875,97
tct,15,a_ratio,15,0.48,0.3344249989742322,0.0008141166243691347,0.1701030927835052,0.013572314777054699,97
tct,15,nqc,15,0.48,0.1543294272759938,0.1312164358512369,0.09020618556701032,0.1905365207922204,97
tct,15,bertQPP,15,0.48,0.351600793011341,0.0004133121121490314,0.209192439862543,0.002400428947085522,97
tct,15,bertQPP(QV),15,0.48,0.2961375215880626,0.003227782589035905,0.16365979381443302,0.01755425786967657,97
tct,15,spatial,15,0.5,0.16971076025535675,0.09653932562849213,0.07946735395189004,0.2488442983857856,97
tct,15,a_ratio,15,0.5,0.33885906227850354,0.000685930809429846,0.1778350515463918,0.009863239446727635,97
tct,15,nqc,15,0.5,0.15623951203162217,0.12645440445529424,0.08977663230240551,0.19265661141875967,97
tct,15,bertQPP,15,0.5,0.3607499313052212,0.00028347819368455856,0.2134879725085911,0.0019486331283160838,97
tct,15,bertQPP(QV),15,0.5,0.3056697885451354,0.00232915564867783,0.16967353951890035,0.013810511589466142,97
tct,15,spatial,15,0.52,0.17852357222702284,0.08019709483775833,0.08376288659793817,0.22417771625382632,97
tct,15,a_ratio,15,0.52,0.342798501265817,0.0005878250014774585,0.18127147766323026,0.008527096049992753,97
tct,15,nqc,15,0.52,0.158304109309925,0.12145729763350706,0.08977663230240551,0.19265661141875967,97
tct,15,bertQPP,15,0.52,0.3699448743434921,0.00019184002426611606,0.21649484536082478,0.0016803624081385136,97
tct,15,bertQPP(QV),15,0.52,0.31534581367492964,0.001653959723792374,0.17182130584192443,0.01265543298933369,97
tct,15,spatial,15,0.54,0.18742601849889212,0.066013896828567,0.08805841924398626,0.2013104039967497,97
tct,15,a_ratio,15,0.54,0.34627933856780385,0.0005120202372587296,0.18170103092783507,0.008372001763204117,97
tct,15,nqc,15,0.54,0.16054250941392179,0.11621273459319535,0.09020618556701032,0.1905365207922204,97
tct,15,bertQPP,15,0.54,0.3791091312874644,0.0001284742759807078,0.2203608247422681,0.0013853583021557498,97
tct,15,bertQPP(QV),15,0.54,0.3251043746847004,0.001157561349815568,0.17697594501718217,0.010225152665271457,97
tct,15,spatial,15,0.56,0.19639936442549738,0.053848143172349684,0.09579037800687287,0.16452082122278677,97
tct,15,a_ratio,15,0.56,0.34933738465310615,0.0004529367467367613,0.18470790378006877,0.007355176256510775,97
tct,15,nqc,15,0.56,0.16297730255498258,0.11070871801445448,0.0893470790378007,0.19479398827541883,97
tct,15,bertQPP,15,0.56,0.3881509624935783,8.54869238560253e-05,0.22508591065292102,0.0010898172708815595,97
tct,15,bertQPP(QV),15,0.56,0.33487026384958074,0.0008003212465585579,0.18384879725085912,0.0076337511300162714,97
tct,15,spatial,15,0.58,0.2054230192001587,0.04353547068253103,0.09536082474226806,0.16642177733641728,97
tct,15,a_ratio,15,0.58,0.35200762410101627,0.00040653714864309425,0.18728522336769762,0.006573343269072617,97
tct,15,nqc,15,0.58,0.1656351023452577,0.10493415629644283,0.09063573883161513,0.18843365829791547,97
tct,15,bertQPP,15,0.58,0.3969629127205073,5.681574673400497e-05,0.2285223367697595,0.0009127757207962206,97
tct,15,bertQPP(QV),15,0.58,0.3445534814386543,0.0005484070155821508,0.18814432989690724,0.00632984784895861,97
tct,15,spatial,15,0.6,0.21447462012540522,0.03489616935435227,0.09579037800687287,0.16452082122278677,97
tct,15,a_ratio,15,0.6,0.3543237500096952,0.0003698729806053294,0.18728522336769762,0.006573343269072617,97
tct,15,nqc,15,0.6,0.16854746365802226,0.09887960769607543,0.09278350515463919,0.1781756748775648,97
tct,15,bertQPP,15,0.6,0.40542220861846534,3.7963879568919146e-05,0.2285223367697595,0.0009127757207962206,97
tct,15,bertQPP(QV),15,0.6,0.3540490918463147,0.0003740559522573805,0.19501718213058422,0.004655971971265852,97
tct,15,spatial,15,0.62,0.22353016327422362,0.027742713831435707,0.093213058419244,0.17617491386576734,97
tct,15,a_ratio,15,0.62,0.3563178291700907,0.00034077033080798035,0.18943298969072167,0.005979808014005902,97
tct,15,nqc,15,0.62,0.17175205660240553,0.09253832883598848,0.09407216494845362,0.1722237215768213,97
tct,15,bertQPP,15,0.62,0.4133923181349164,2.57053301050381e-05,0.23109965635738836,0.0007979153488644113,97
tct,15,bertQPP(QV),15,0.62,0.3632380090729531,0.00025534791779133746,0.20618556701030932,0.0027716955730928564,97
tct,15,spatial,15,0.64,0.23256418287897315,0.021886886904885414,0.09879725085910654,0.15166941209887877,97
tct,15,a_ratio,15,0.64,0.3580200787872144,0.00031761071497997444,0.19201030927835053,0.00533157487845821,97
tct,15,nqc,15,0.64,0.1752941807622178,0.08590773799634746,0.09579037800687287,0.16452082122278677,97
tct,15,bertQPP,15,0.64,0.4207259419044188,1.7797723580054e-05,0.24097938144329903,0.0004707284379041492,97
tct,15,bertQPP(QV),15,0.64,0.37198897139226655,0.00017560914159870766,0.21134020618556704,0.0021637443470699886,97
tct,15,spatial,15,0.66,0.24154998008350603,0.017146057633152145,0.0970790378006873,0.15891607395046403,97
tct,15,a_ratio,15,0.66,0.35945873543508916,0.000299177353585417,0.20017182130584193,0.0036758280937195186,97
tct,15,nqc,15,0.66,0.17922873512302534,0.0789914383002453,0.10051546391752579,0.14467719951816677,97
tct,15,bertQPP,15,0.66,0.42726961491589466,1.2727238217930747e-05,0.24570446735395193,0.0003632334933323789,97
tct,15,bertQPP(QV),15,0.66,0.38016190802499394,0.00012259733233385068,0.2212199312714777,0.001326652810302692,97
tct,15,spatial,15,0.68,0.2504598996680763,0.013348293849635392,0.10266323024054985,0.13628751627610397,97
tct,15,a_ratio,15,0.68,0.36065999802079923,0.0002845465500939254,0.20360824742268044,0.003130893451622874,97
tct,15,nqc,15,0.68,0.18362280276500353,0.07180198566627313,0.10309278350515466,0.1346555631057889,97
tct,15,bertQPP,15,0.68,0.43286992804503804,9.499022446055389e-06,0.2530068728522337,0.00024121095691616908,97
tct,15,bertQPP(QV),15,0.68,0.3876127797605481,8.761421816489826e-05,0.2216494845360825,0.001298168853613724,97
tct,15,spatial,15,0.7,0.2592656510921674,0.010336130095496611,0.10738831615120277,0.11915605807960761,97
tct,15,a_ratio,15,0.7,0.3616480283342428,0.00027301034200946574,0.19888316151202753,0.0039014834427261624,97
tct,15,nqc,15,0.7,0.1885590699340423,0.06436462442099826,0.10438144329896909,0.12985027258664464,97
tct,15,bertQPP,15,0.7,0.43738113697544545,7.476224537063759e-06,0.2525773195876289,0.00024716269151633816,97
tct,15,bertQPP(QV),15,0.7,0.3941997882258793,6.466135203843574e-05,0.22637457044673542,0.0010200025736501021,97
tct,15,spatial,15,0.72,0.2679386678222798,0.00796895583209832,0.1168384879725086,0.08998850130140247,97
tct,15,a_ratio,15,0.72,0.36244499490996396,0.0002640209738545707,0.19673539518900346,0.004305679427335466,97
tct,15,nqc,15,0.72,0.19414038149727997,0.056722231412840524,0.10738831615120277,0.11915605807960761,97
tct,15,bertQPP,15,0.72,0.44067363922631486,6.263808233352812e-06,0.25816151202749144,0.00017952274646223222,97
tct,15,bertQPP(QV),15,0.72,0.3997906113157653,4.971228737543689e-05,0.23582474226804126,0.000621432826309228,97
tct,15,spatial,15,0.74,0.27645049657719156,0.006124115382709336,0.12156357388316154,0.07772782073014356,97
tct,15,a_ratio,15,0.74,0.3630711481653976,0.00025715070383942055,0.1971649484536083,0.004221925130091803,97
tct,15,nqc,15,0.74,0.20049584213225463,0.048941664783619575,0.11082474226804125,0.10779310640620364,97
tct,15,bertQPP,15,0.74,0.4426425249662582,5.629928881916866e-06,0.26503436426116844,0.00012008730713750342,97
tct,15,bertQPP(QV),15,0.74,0.40427007482462357,4.013260550805749e-05,0.24097938144329903,0.0004707284379041492,97
tct,15,spatial,15,0.76,0.28477320601104383,0.004696906011203789,0.12671821305841927,0.06594102788919391,97
tct,15,a_ratio,15,0.76,0.3635449169333805,0.00025206246530628623,0.19329896907216498,0.0050318722795436996,97
tct,15,nqc,15,0.76,0.20778899837730602,0.04112151562413078,0.11254295532646051,0.10244263799035044,97
tct,15,bertQPP,15,0.76,0.4432152199357813,5.457213464022504e-06,0.2603092783505155,0.00015848586196658186,97
tct,15,bertQPP(QV),15,0.76,0.40754747173805295,3.4247790263982365e-05,0.23840206185567014,0.0005412133012575864,97
tct,15,spatial,15,0.78,0.2928798026484336,0.003599716798705847,0.1327319587628866,0.054093065441640706,97
tct,15,a_ratio,15,0.78,0.3638830184725718,0.00024848827184147977,0.19544673539518906,0.0045660596694361046,97
tct,15,nqc,15,0.78,0.2162287419530703,0.03340073091386226,0.11769759450171824,0.08765026442852013,97
tct,15,bertQPP,15,0.78,0.4423572127742772,5.717883389911116e-06,0.25816151202749144,0.00017952274646223222,97
tct,15,bertQPP(QV),15,0.78,0.4095626553133976,3.10406805256482e-05,0.24183848797250862,0.0004492042155364218,97
tct,15,spatial,15,0.8,0.30074464075446544,0.0027605689116783076,0.13788659793814437,0.04540422310195199,97
tct,15,a_ratio,15,0.8,0.3641005757654621,0.0002462131904064187,0.19544673539518906,0.0045660596694361046,97
tct,15,nqc,15,0.8,0.22608352313600036,0.02596639550334522,0.12156357388316154,0.07772782073014356,97
tct,15,bertQPP,15,0.8,0.4400750362992774,6.4694720117372895e-06,0.25902061855670105,0.00017081103710396531,97
tct,15,bertQPP(QV),15,0.8,0.4102901069592981,2.9953618615261853e-05,0.24012027491408938,0.0004932117335580638,97
tct,15,spatial,15,0.82,0.30834381239979053,0.0021213037825150915,0.14518900343642613,0.03513003275683934,97
tct,15,a_ratio,15,0.82,0.3642112373835671,0.00024506335014381353,0.19587628865979384,0.004477722918252414,97
tct,15,nqc,15,0.82,0.23769883667802227,0.01905665557735587,0.12285223367697597,0.07463114343880432,97
tct,15,bertQPP,15,0.82,0.43641603864620715,7.871465884703914e-06,0.2564432989690722,0.00019821410424194529,97
tct,15,bertQPP(QV),15,0.82,0.40974042228852453,3.077168147752542e-05,0.2444158075601375,0.0003900155261817713,97
tct,15,spatial,15,0.84,0.31565550434535505,0.0016356294225359342,0.1512027491408935,0.028226597294347726,97
tct,15,a_ratio,15,0.84,0.36422729641983737,0.0002448968996172142,0.19501718213058422,0.004655971971265852,97
tct,15,nqc,15,0.84,0.25151552283583084,0.012950937152107144,0.12800687285223372,0.06323660544752113,97
tct,15,bertQPP,15,0.84,0.431464960371572,1.0227408467192401e-05,0.25343642611683853,0.00023539388087640415,97
tct,15,bertQPP(QV),15,0.84,0.4079590257674738,3.356866372172628e-05,0.24226804123711343,0.00043878992015195634,97
tct,15,spatial,15,0.86,0.32266030953574165,0.0012671871750574639,0.15678694158075604,0.022896601370035064,97
tct,15,a_ratio,15,0.86,0.36415980597946473,0.0002455971352310349,0.19072164948453613,0.005647306460207743,97
tct,15,nqc,15,0.86,0.26807872551441,0.007935018685642715,0.13917525773195877,0.0434259212403691,97
tct,15,bertQPP,15,0.86,0.42533781240199114,1.4061811920885946e-05,0.2525773195876289,0.00024716269151633816,97
tct,15,bertQPP(QV),15,0.86,0.40502233264401744,3.870387128008974e-05,0.24613402061855674,0.00035469522611087794,97
tct,15,spatial,15,0.88,0.3293414828927782,0.000987751042519185,0.16537800687285226,0.016403064445582434,97
tct,15,a_ratio,15,0.88,0.36401868950915584,0.0002470672409518475,0.18814432989690724,0.00632984784895861,97
tct,15,nqc,15,0.88,0.28800458528890305,0.004228136963696337,0.15292096219931275,0.026482928123240188,97
tct,15,bertQPP,15,0.88,0.4181739117612551,2.0246328713754606e-05,0.25429553264604815,0.00022415245533308512,97
tct,15,bertQPP(QV),15,0.88,0.40103192946170246,4.686347475948973e-05,0.24312714776632308,0.0004186340215940853,97
tct,15,spatial,15,0.9,0.3356851336126728,0.0007756261199113432,0.16752577319587633,0.015057708996420909,97
tct,15,a_ratio,15,0.9,0.36381284486077525,0.0002492262329604164,0.18728522336769762,0.006573343269072617,97
tct,15,nqc,15,0.9,0.3118079106564503,0.001876966297079116,0.15420962199312716,0.025236989773183314,97
tct,15,bertQPP,15,0.9,0.4101271020755318,3.0194062596617965e-05,0.24785223367697598,0.0003223841860548392,97
tct,15,bertQPP(QV),15,0.9,0.39610756451542134,5.9144120169500715e-05,0.2414089347079038,0.0004598488311252096,97
tct,15,spatial,15,0.92,0.34168034910458245,0.0006142755934937324,0.17396907216494847,0.011586707769612953,97
tct,15,a_ratio,15,0.92,0.36355024145668613,0.00025200581205102774,0.1859965635738832,0.006954397086601862,97
tct,15,nqc,15,0.92,0.33933167355872756,0.0006734179433250256,0.17139175257731962,0.012879359856548544,97
tct,15,bertQPP,15,0.92,0.4013571503188065,4.614268994182557e-05,0.2444158075601375,0.0003900155261817713,97
tct,15,bertQPP(QV),15,0.92,0.3903797938326696,7.717805332999679e-05,0.23067010309278352,0.00081607670119364,97
tct,15,spatial,15,0.94,0.3473192488449454,0.0004911786167512441,0.17182130584192443,0.01265543298933369,97
tct,15,a_ratio,15,0.94,0.36323801027744196,0.00025534790482008605,0.18556701030927839,0.00708575590459897,97
tct,15,nqc,15,0.94,0.3682145426975292,0.00020665211552350167,0.18256013745704472,0.00806936233603351,97
tct,15,bertQPP,15,0.94,0.3920221133518758,7.154339585012621e-05,0.22637457044673542,0.0010200025736501021,97
tct,15,bertQPP(QV),15,0.94,0.3839830318085268,0.00010329776706033154,0.21649484536082478,0.0016803624081385136,97
tct,15,spatial,15,0.96,0.3525969695277018,0.00039690368429555,0.17912371134020622,0.009341755733078497,97
tct,15,a_ratio,15,0.96,0.3628825266509844,0.00025920273113576715,0.18341924398625434,0.007776554495134835,97
tct,15,nqc,15,0.96,0.3908962938614469,7.53629698394864e-05,0.19329896907216498,0.0050318722795436996,97
tct,15,bertQPP,15,0.96,0.3822721829515455,0.0001115606752273968,0.21821305841924402,0.0015427588468996702,97
tct,15,bertQPP(QV),15,0.96,0.37704955840741394,0.00014073404366171744,0.20360824742268044,0.003130893451622874,97
tct,15,spatial,15,0.98,0.35751158574743214,0.00032437232813640153,0.17998281786941583,0.009007907605249525,97
tct,15,a_ratio,15,0.98,0.36248948600609165,0.0002635272764096352,0.1859965635738832,0.006954397086601862,97
tct,15,nqc,15,0.98,0.392887870293156,6.87295475347204e-05,0.20661512027491413,0.0027156275780873427,97
tct,15,bertQPP,15,0.98,0.37224522380579383,0.00017366657481516113,0.19931271477663232,0.003824903963020039,97
tct,15,bertQPP(QV),15,0.98,0.36970479905103515,0.00019383474364356997,0.19587628865979384,0.004477722918252414,97
tct,15,spatial,15,1.0,0.3620639728781282,0.0002682840772249416,0.18556701030927839,0.00708575590459897,97
tct,15,a_ratio,15,1.0,0.3620639728781282,0.0002682840772249416,0.18556701030927839,0.00708575590459897,97
tct,15,nqc,15,1.0,0.3620639728781282,0.0002682840772249416,0.18556701030927839,0.00708575590459897,97
tct,15,bertQPP,15,1.0,0.3620639728781282,0.0002682840772249416,0.18556701030927839,0.00708575590459897,97
tct,15,bertQPP(QV),15,1.0,0.3620639728781282,0.0002682840772249416,0.18556701030927839,0.00708575590459897,97
tct,15,spatial,16,0.0,0.001031152290801668,0.992002124147356,0.0047250859106529215,0.9453348196600103,97
tct,15,a_ratio,16,0.0,0.07429253125432347,0.46955000831987603,0.0584192439862543,0.3965888091618368,97
tct,15,nqc,16,0.0,0.13114536992369358,0.20039538169504273,0.08118556701030928,0.23875904036666062,97
tct,15,bertQPP,16,0.0,0.19877034806861155,0.050961349322358296,0.13917525773195877,0.0434259212403691,97
tct,15,bertQPP(QV),16,0.0,0.14399174086233593,0.1593935249494607,0.09664948453608249,0.16076803875264556,97
tct,15,spatial,16,0.02,0.00572097905773486,0.9556484212066418,0.005154639175257733,0.940374133088132,97
tct,15,a_ratio,16,0.02,0.08701023636099327,0.39674377179208864,0.06915807560137457,0.3155898965616176,97
tct,15,nqc,16,0.02,0.13165595476509928,0.19863341544260468,0.08204467353951891,0.23382603249144784,97
tct,15,bertQPP,16,0.02,0.20267000839204777,0.046491410434813675,0.14003436426116841,0.04214791401843269,97
tct,15,bertQPP(QV),16,0.02,0.14777851974756617,0.14859111563069283,0.09965635738831616,0.14814179266855426,97
tct,15,spatial,16,0.04,0.010551360744395444,0.9183006623842852,0.006013745704467355,0.930459888527551,97
tct,15,a_ratio,16,0.04,0.10001215477963303,0.3297176923373094,0.08204467353951891,0.23382603249144784,97
tct,15,nqc,16,0.04,0.1321876673269556,0.19681041652894857,0.08333333333333336,0.22656268559471548,97
tct,15,bertQPP,16,0.04,0.20672201294932022,0.04219595427843288,0.14261168384879727,0.03850326567762371,97
tct,15,bertQPP(QV),16,0.04,0.1517172773997725,0.13794875328194947,0.10137457044673541,0.14127503537333896,97
tct,15,spatial,16,0.06,0.015526313887634174,0.8800205354360513,0.009879725085910654,0.886001161240211,97
tct,15,a_ratio,16,0.06,0.113248040200318,0.2693927074380425,0.08805841924398626,0.2013104039967497,97
tct,15,nqc,16,0.06,0.13274184285489327,0.1949232665521248,0.08419243986254298,0.22181074839562664,97
tct,15,bertQPP,16,0.06,0.2109338279144975,0.038086593144575215,0.1434707903780069,0.037349490378258986,97
tct,15,bertQPP(QV),16,0.06,0.15581584195258624,0.12749905610210036,0.10567010309278352,0.12517917667351905,97
tct,15,spatial,16,0.08,0.020649804867087063,0.8408847756462317,0.01202749140893471,0.8614470077832815,97
tct,15,a_ratio,16,0.08,0.12665933430861032,0.2163604181910614,0.09149484536082475,0.1842793810224047,97
tct,15,nqc,16,0.08,0.13331993117632046,0.192968641406072,0.08333333333333336,0.22656268559471548,97
tct,15,bertQPP,16,0.08,0.21531322235247569,0.03417436292549585,0.14561855670103094,0.03459309466060896,97
tct,15,bertQPP(QV),16,0.08,0.1600824165945109,0.11727617672584563,0.10781786941580758,0.11768634646990996,97
tct,15,spatial,16,0.1,0.025925717979975588,0.8009862237810521,0.014604810996563576,0.8321598541826989,97
tct,15,a_ratio,16,0.1,0.14017972311947968,0.17084777070788476,0.093213058419244,0.17617491386576734,97
tct,15,nqc,16,0.1,0.13392350921886897,0.1909429953494764,0.0854810996563574,0.2148174024411691,97
tct,15,bertQPP,16,0.1,0.21986824951415682,0.030469506312138003,0.14819587628865982,0.031516517606653575,97
tct,15,bertQPP(QV),16,0.1,0.1645255735920244,0.10731552689739361,0.1086769759450172,0.11478963120763813,97
tct,15,spatial,16,0.12,0.031357818765413964,0.7604346880288764,0.020189003436426118,0.7695487264404447,97
tct,15,a_ratio,16,0.12,0.15373612243776844,0.13272311503309978,0.09536082474226806,0.16642177733641728,97
tct,15,nqc,16,0.12,0.13455429520064383,0.18884254378376797,0.08591065292096221,0.2125219840325313,97
tct,15,bertQPP,16,0.12,0.2246072176413029,0.02698123816247636,0.14905498281786944,0.030544557732034724,97
tct,15,bertQPP(QV),16,0.12,0.16915424008295807,0.09765341523252935,0.10996563573883163,0.110550087489207,97
tct,15,spatial,16,0.14,0.03694971214187007,0.7193575333052119,0.022336769759450176,0.7458382926337936,97
tct,15,a_ratio,16,0.14,0.16725010010404295,0.10154191919892029,0.09621993127147768,0.16263626465805225,97
tct,15,nqc,16,0.14,0.13521416475762432,0.18666324466097614,0.08719931271477664,0.2057421374120063,97
tct,15,bertQPP,16,0.14,0.22953864745149238,0.02371749737960412,0.15077319587628868,0.0286776674564184,97
tct,15,bertQPP(QV),16,0.14,0.1739776732124547,0.08832658862197633,0.11254295532646051,0.10244263799035044,97
tct,15,spatial,16,0.16,0.04270479492668092,0.6778999133287057,0.02405498281786942,0.7270405431127746,97
tct,15,a_ratio,16,0.16,0.18063970410464203,0.07662260132438535,0.09922680412371135,0.1498976871116754,97
tct,15,nqc,16,0.16,0.1359051693225946,0.18440077844919414,0.08676975945017183,0.2079844017382293,97
tct,15,bertQPP,16,0.16,0.23467121282752476,0.020684691564704958,0.1550687285223368,0.024434836082135623,97
tct,15,bertQPP(QV),16,0.16,0.17900542160387087,0.07937166987080951,0.11512027491408937,0.09481550621817705,97
tct,15,spatial,16,0.18,0.04862620232601504,0.6362245557189458,0.027061855670103097,0.6945424903122657,97
tct,15,a_ratio,16,0.18,0.19382162322540342,0.05713771725833963,0.1048109965635739,0.1282784361242476,97
tct,15,nqc,16,0.18,0.13662955712939828,0.18205052659602616,0.08676975945017183,0.2079844017382293,97
tct,15,bertQPP,16,0.18,0.24001366046362388,0.017887442869329195,0.154639175257732,0.024833107958687445,97
tct,15,bertQPP(QV),16,0.18,0.18424726945838427,0.07082448755852119,0.11769759450171824,0.08765026442852013,97
tct,15,spatial,16,0.2,0.05471674802152135,0.5945110094620579,0.030927835051546396,0.653577523351426,97
tct,15,a_ratio,16,0.2,0.20671356649090558,0.04220455209483353,0.10695876288659796,0.12064011527036375,97
tct,15,nqc,16,0.2,0.1373897972885972,0.1796075484510127,0.08462199312714778,0.2194617374170329,97
tct,15,bertQPP,16,0.2,0.24557470330754338,0.015328345760701086,0.15807560137457047,0.021798803662876853,97
tct,15,bertQPP(QV),16,0.2,0.18971315874318428,0.0627192991434323,0.11941580756013748,0.08312087785946547,97
tct,15,spatial,16,0.22,0.06097885754049548,0.5529542690316219,0.030498281786941587,0.6580807665431417,97
tct,15,a_ratio,16,0.22,0.2192367157435412,0.030961957669925724,0.11039518900343644,0.10916471457232763,97
tct,15,nqc,16,0.22,0.13818860746892775,0.17706655663958598,0.08591065292096221,0.2125219840325313,97
tct,15,bertQPP,16,0.22,0.2513628815711741,0.013007749664085558,0.15936426116838492,0.0207470988785446,97
tct,15,bertQPP(QV),16,0.22,0.19541308394412765,0.05508791528250847,0.12242268041237117,0.07565197367789964,97
tct,15,spatial,16,0.24,0.06741449468469933,0.5117627018707855,0.033505154639175264,0.6268270582661877,97
tct,15,a_ratio,16,0.24,0.23131808841335338,0.022625639497147524,0.1164089347079038,0.09117630712765404,97
tct,15,nqc,16,0.24,0.1390289858273055,0.17442189092788887,0.08634020618556702,0.2102443337075397,97
tct,15,bertQPP,16,0.24,0.25738638385760326,0.01092358141154229,0.16494845360824745,0.01668446543769203,97
tct,15,bertQPP(QV),16,0.24,0.20135695271466358,0.047958742342817225,0.12500000000000003,0.06969448971824621,97
tct,15,spatial,16,0.26,0.0740250809143973,0.47115522731430126,0.038659793814433,0.5747994088567128,97
tct,15,a_ratio,16,0.26,0.24289264881482575,0.016519997167290544,0.1245704467353952,0.07065977324075139,97
tct,15,nqc,16,0.26,0.1399142479636959,0.1716674906853257,0.08676975945017183,0.2079844017382293,97
tct,15,bertQPP,16,0.26,0.2636528195779768,0.009071223780034006,0.1670962199312715,0.015318729327102553,97
tct,15,bertQPP(QV),16,0.26,0.20755440444827955,0.041355771091233964,0.12671821305841927,0.06594102788919391,97
tct,15,spatial,16,0.28,0.08081140774422169,0.4313577264225115,0.039948453608247426,0.5621188569054614,97
tct,15,a_ratio,16,0.28,0.25390502701703155,0.012089320662495384,0.13058419243986258,0.05810246319620013,97
tct,15,nqc,16,0.28,0.1408480698425582,0.16879686614795572,0.0889175257731959,0.1969487085850582,97
tct,15,bertQPP,16,0.28,0.27016893233711475,0.0074434667462401575,0.17353951890034366,0.011793812186781842,97
tct,15,bertQPP(QV),16,0.28,0.21401457735322985,0.035297552193469965,0.12800687285223372,0.06323660544752113,97
tct,15,spatial,16,0.3,0.08777354241151657,0.3925987039512308,0.04939862542955327,0.47347910625616985,97
tct,15,a_ratio,16,0.3,0.26431074173604463,0.008893762261735586,0.13788659793814437,0.04540422310195199,97
tct,15,nqc,16,0.3,0.14183453782840694,0.16580306882105125,0.08848797250859108,0.19912082868170233,97
tct,15,bertQPP,16,0.3,0.27694024241759396,0.006030546982772645,0.17740549828178698,0.010042744211065484,97
tct,15,bertQPP(QV),16,0.3,0.22074581305996835,0.02979621261286582,0.13230240549828182,0.05487593045339063,97
tct,15,spatial,16,0.32,0.09491072733077867,0.3551042750475241,0.05197594501718214,0.450711341430895,97
tct,15,a_ratio,16,0.32,0.2740768720099602,0.006596078502915739,0.14475945017182132,0.035674068768179766,97
tct,15,nqc,16,0.32,0.1428782072404702,0.16267866154797356,0.0889175257731959,0.1969487085850582,97
tct,15,bertQPP,16,0.32,0.2839706050057935,0.004820288151510728,0.18341924398625434,0.007776554495134835,97
tct,15,bertQPP(QV),16,0.32,0.2277552862304317,0.024856579887934563,0.13616838487972513,0.04815964796946807,97
tct,15,spatial,16,0.34,0.10222127415327778,0.3190926080863192,0.05111683848797252,0.4582309196968538,97
tct,15,a_ratio,16,0.34,0.2831821741102447,0.004944293500403874,0.14905498281786944,0.030544557732034724,97
tct,15,nqc,16,0.34,0.14398417115516116,0.15941568903453018,0.08762886597938145,0.2035174890452155,97
tct,15,bertQPP,16,0.34,0.2912616695753695,0.0037983494044485826,0.18384879725085912,0.0076337511300162714,97
tct,15,bertQPP(QV),16,0.34,0.2350485452147019,0.020475491567095785,0.1396048109965636,0.042782883164389815,97
tct,15,spatial,16,0.36,0.10970245361092261,0.2847680175312843,0.053694158075601385,0.43588378893929247,97
tct,15,a_ratio,16,0.36,0.2916166876402684,0.0037539489932609848,0.1550687285223368,0.024434836082135623,97
tct,15,nqc,16,0.36,0.14515814159438625,0.15600564998019611,0.08634020618556702,0.2102443337075397,97
tct,15,bertQPP,16,0.36,0.2988122251779613,0.002948582099573048,0.18943298969072167,0.005979808014005902,97
tct,15,bertQPP(QV),16,0.36,0.2426289487564227,0.0166413721855431,0.1434707903780069,0.037349490378258986,97
tct,15,spatial,16,0.38,0.11735038273686497,0.2523149612848148,0.056701030927835065,0.41062402699366984,97
tct,15,a_ratio,16,0.38,0.2993809120093676,0.0028920923906894996,0.15635738831615123,0.02327305567367708,97
tct,15,nqc,16,0.38,0.1464065457582569,0.15243947246709794,0.08591065292096221,0.2125219840325313,97
tct,15,bertQPP,16,0.38,0.3066174167392165,0.0022534853598357154,0.1937285223367698,0.004935409194231109,97
tct,15,bertQPP(QV),16,0.38,0.2504969834508563,0.013334157126495045,0.14218213058419246,0.039091423487606906,97
tct,15,spatial,16,0.4,0.12515991151770575,0.22189224865500096,0.06357388316151204,0.356252805453549,97
tct,15,a_ratio,16,0.4,0.30648465791483576,0.0022639511901318145,0.16451890034364264,0.016970096384742294,97
tct,15,nqc,16,0.4,0.14773664062671166,0.14870749494547245,0.08591065292096221,0.2125219840325313,97
tct,15,bertQPP,16,0.4,0.3146678194621817,0.0016947405052465654,0.2014604810996564,0.0034621026042757834,97
tct,15,bertQPP(QV),16,0.4,0.25864944764049574,0.010525628694589988,0.14304123711340208,0.037922646089534044,97
tct,15,spatial,16,0.42,0.133124511533651,0.19362779986432804,0.07001718213058421,0.30961588134500106,97
tct,15,a_ratio,16,0.42,0.3129456873804186,0.0018024486816026267,0.16881443298969073,0.014298004272030715,97
tct,15,nqc,16,0.42,0.149156650111846,0.1447994561007068,0.08676975945017183,0.2079844017382293,97
tct,15,bertQPP,16,0.42,0.32294836297096374,0.0012537938547386707,0.20317869415807563,0.0031947282487263706,97
tct,15,bertQPP(QV),16,0.42,0.26707849042828913,0.00818020281822108,0.14905498281786944,0.030544557732034724,97
tct,15,spatial,16,0.44,0.14123616966836447,0.16761430805668656,0.07517182130584193,0.27534857568608007,97
tct,15,a_ratio,16,0.44,0.3187882519465869,0.0014602838736809682,0.17139175257731962,0.012879359856548544,97
tct,15,nqc,16,0.44,0.15067593005354324,0.14070449818887878,0.08805841924398626,0.2013104039967497,97
tct,15,bertQPP,16,0.44,0.3314371050078722,0.0009124486576235337,0.20704467353951894,0.0026605976928076114,97
tct,15,bertQPP(QV),16,0.44,0.27577050046489093,0.006256164939140194,0.1585051546391753,0.021443192891173694,97
tct,15,spatial,16,0.46,0.14948529049659312,0.1439061334907021,0.07860824742268042,0.2539971105350425,97
tct,15,a_ratio,16,0.46,0.3240416250039035,0.0012041238516528013,0.1752577319587629,0.010984624932232429,97
tct,15,nqc,16,0.46,0.15230516779993367,0.13641119021879447,0.0889175257731959,0.1969487085850582,97
tct,15,bertQPP,16,0.46,0.34010386767871253,0.0006534219060836305,0.20876288659793818,0.0024505203740822256,97
tct,15,bertQPP(QV),16,0.46,0.28470484931878504,0.004707303640854541,0.1628006872852234,0.018155972846842318,97
tct,15,spatial,16,0.48,0.15786061145513483,0.12251770334505457,0.07946735395189004,0.2488442983857856,97
tct,15,a_ratio,16,0.48,0.3287387048378484,0.0010104358263692567,0.17353951890034366,0.011793812186781842,97
tct,15,nqc,16,0.48,0.15405662501738965,0.1319075798230465,0.0893470790378007,0.19479398827541883,97
tct,15,bertQPP,16,0.48,0.3489087688975854,0.0004608222046827129,0.21176975945017185,0.0021190549684448486,97
tct,15,bertQPP(QV),16,0.48,0.29385250992081563,0.0034848366658307133,0.16752577319587633,0.015057708996420909,97
tct,15,spatial,16,0.5,0.16634913533315987,0.10342359984631809,0.07989690721649485,0.24629548858904848,97
tct,15,a_ratio,16,0.5,0.33291474334712556,0.0008625407370376527,0.17396907216494847,0.011586707769612953,97
tct,15,nqc,16,0.5,0.15594443489252802,0.12718128605236226,0.0893470790378007,0.19479398827541883,97
tct,15,bertQPP,16,0.5,0.3578007091617874,0.00032051166756585074,0.21434707903780073,0.0018682268943729797,97
tct,15,bertQPP(QV),16,0.5,0.30317459312069817,0.0025394756363730886,0.17225085910652924,0.012434959394241826,97
tct,15,spatial,16,0.52,0.17493608493644408,0.08656039996782046,0.0850515463917526,0.21713063766326968,97
tct,15,a_ratio,16,0.52,0.3366062345179124,0.0007485510247943366,0.17912371134020622,0.009341755733078497,97
tct,15,nqc,16,0.52,0.15798496824396369,0.12221964999356544,0.09106529209621994,0.18634796497677564,97
tct,15,bertQPP,16,0.52,0.3667159098498086,0.0002203276521877152,0.2173539518900344,0.0016102081655090619,97
tct,15,bertQPP(QV),16,0.52,0.31262087576238684,0.0018234441878058607,0.17568728522336774,0.01079019991112942,97
tct,15,spatial,16,0.54,0.18360488493630295,0.07183019273357828,0.09063573883161513,0.18843365829791547,97
tct,15,a_ratio,16,0.54,0.33984997854129306,0.0006599356232273497,0.1786941580756014,0.00951278395726825,97
tct,15,nqc,16,0.54,0.16019728756631482,0.11700996652344194,0.09106529209621994,0.18634796497677564,97
tct,15,bertQPP,16,0.54,0.3755766433235447,0.0001501571925847283,0.2216494845360825,0.001298168853613724,97
tct,15,bertQPP(QV),16,0.54,0.32212843188332885,0.0012922593893379653,0.18170103092783507,0.008372001763204117,97
tct,15,spatial,16,0.56,0.19233717585524113,0.059105560528937534,0.09879725085910654,0.15166941209887877,97
tct,15,a_ratio,16,0.56,0.3426823229732687,0.0005905238736880528,0.18084192439862545,0.008684754281086702,97
tct,15,nqc,16,0.56,0.16260371412224547,0.11153982929983887,0.09020618556701032,0.1905365207922204,97
tct,15,bertQPP,16,0.56,0.38429034434314413,0.00010187515625147909,0.2298109965635739,0.0008535554716530555,97
tct,15,bertQPP(QV),16,0.56,0.33162052288657506,0.000906113638104193,0.19158075601374575,0.0054350017041903615,97
tct,15,spatial,16,0.58,0.2011128648167116,0.04823568638686213,0.10008591065292097,0.14640165493450158,97
tct,15,a_ratio,16,0.58,0.3451385718146362,0.000535813971982858,0.18084192439862545,0.008684754281086702,97
tct,15,nqc,16,0.58,0.1652305415009611,0.10579763308268247,0.09063573883161513,0.18843365829791547,97
tct,15,bertQPP,16,0.58,0.3927493402790175,6.917275663708673e-05,0.2298109965635739,0.0008535554716530555,97
tct,15,bertQPP(QV),16,0.58,0.34100594823214364,0.0006307513448170981,0.19501718213058422,0.004655971971265852,97
tct,15,spatial,16,0.6,0.20991021705283386,0.03905315697926783,0.10309278350515466,0.1346555631057889,97
tct,15,a_ratio,16,0.6,0.34725254655764054,0.0004924917178593983,0.18256013745704472,0.00806936233603351,97
tct,15,nqc,16,0.6,0.16810894045377675,0.099773293706383,0.09278350515463919,0.1781756748775648,97
tct,15,bertQPP,16,0.6,0.40083147343652026,4.7312962602081964e-05,0.2328178694158076,0.0007289565212236814,97
tct,15,bertQPP(QV),16,0.6,0.3501790969737918,0.0004378107906859166,0.20060137457044677,0.0036032888355043277,97
tct,15,spatial,16,0.62,0.21870599119240614,0.03138098416677056,0.10137457044673541,0.14127503537333896,97
tct,15,a_ratio,16,0.62,0.3490562795283916,0.00045809426394580405,0.186426116838488,0.006825229731210832,97
tct,15,nqc,16,0.62,0.17127611554684183,0.09345926769250501,0.09192439862542956,0.1822278457949571,97
tct,15,bertQPP,16,0.62,0.40840189691260576,3.28519310280059e-05,0.23410652920962205,0.0006809162092632265,97
tct,15,bertQPP(QV),16,0.62,0.3590209597437104,0.0003046794017225388,0.20489690721649487,0.002946303078171719,97
tct,15,spatial,16,0.64,0.22747562003445773,0.02503937305047365,0.10438144329896909,0.12985027258664464,97
tct,15,a_ratio,16,0.64,0.35057981854909104,0.00043077392172304415,0.1859965635738832,0.006954397086601862,97
tct,15,nqc,16,0.64,0.17477679599649026,0.08685198176877237,0.093213058419244,0.17617491386576734,97
tct,15,bertQPP,16,0.64,0.4153162870566778,2.3361242042229404e-05,0.2392611683848798,0.0005166931871154039,97
tct,15,bertQPP(QV),16,0.64,0.36740134459359153,0.00021397227693447163,0.21176975945017185,0.0021190549684448486,97
tct,15,spatial,16,0.66,0.23619343686983374,0.019851820014604834,0.10438144329896909,0.12985027258664464,97
tct,15,a_ratio,16,0.66,0.35185112236121313,0.00040913120036767034,0.1890034364261169,0.006094500520977148,97
tct,15,nqc,16,0.66,0.17866517341608884,0.079953818038105,0.09750859106529211,0.15708030004273185,97
tct,15,bertQPP,16,0.66,0.4214256131464204,1.7176592572302926e-05,0.24613402061855674,0.00035469522611087794,97
tct,15,bertQPP(QV),16,0.66,0.375182472009311,0.00015277628327362583,0.2177835051546392,0.0015761513468118154,97
tct,15,spatial,16,0.68,0.2448329454978533,0.01565022076133277,0.10695876288659796,0.12064011527036375,97
tct,15,a_ratio,16,0.68,0.35289602778349777,0.00039209595168389306,0.19286941580756015,0.005130036782382208,97
tct,15,nqc,16,0.68,0.18300744138519903,0.07277584190685601,0.1009450171821306,0.14296835148549844,97
tct,15,bertQPP,16,0.68,0.42658242888526854,1.3187724699026852e-05,0.2555841924398626,0.0002082313453780151,97
tct,15,bertQPP(QV),16,0.68,0.38222399301250964,0.00011180206558547208,0.2212199312714777,0.001326652810302692,97
tct,15,spatial,16,0.7,0.2533671299842498,0.012278790234658025,0.11297250859106532,0.10113858933462912,97
tct,15,a_ratio,16,0.7,0.3537382717389972,0.00037884211981671097,0.1898625429553265,0.005867063974983271,97
tct,15,nqc,16,0.7,0.18788514984744537,0.06534150097166899,0.10438144329896909,0.12985027258664464,97
tct,15,bertQPP,16,0.7,0.4306484085709996,1.0674525646886293e-05,0.2512886597938145,0.00026585493232954136,97
tct,15,bertQPP(QV),16,0.7,0.3883892805703033,8.456034294870289e-05,0.23067010309278352,0.00081607670119364,97
tct,15,spatial,16,0.72,0.2617687980411235,0.009596725104846432,0.11941580756013748,0.08312087785946547,97
tct,15,a_ratio,16,0.72,0.35439955370905285,0.0003687261112092451,0.19329896907216498,0.0050318722795436996,97
tct,15,nqc,16,0.72,0.1933996655781388,0.05769154663976074,0.10910652920962201,0.11336246240953972,97
tct,15,bertQPP,16,0.72,0.43350257574773177,9.18721429833102e-06,0.2573024054982818,0.0001886509599840551,97
tct,15,bertQPP(QV),16,0.72,0.3935526091183983,6.663934269789241e-05,0.23625429553264607,0.0006073368350083252,97
tct,15,spatial,16,0.74,0.27001094982638973,0.007479657378308847,0.12671821305841927,0.06594102788919391,97
tct,15,a_ratio,16,0.74,0.3548996266064277,0.00036124188009421706,0.19201030927835053,0.00533157487845821,97
tct,15,nqc,16,0.74,0.19967812999940462,0.04989039546710934,0.11297250859106532,0.10113858933462912,97
tct,15,bertQPP,16,0.74,0.43504942183940565,8.46487340926302e-06,0.2607388316151203,0.0001545669713814958,97
tct,15,bertQPP(QV),16,0.74,0.3976066027869656,5.512018315954866e-05,0.24097938144329903,0.0004707284379041492,97
tct,15,spatial,16,0.76,0.27806716212151017,0.005820040906926619,0.13316151202749144,0.05331954320676675,97
tct,15,a_ratio,16,0.76,0.35525640634437927,0.000355987929113655,0.18857388316151205,0.006211170636578692,97
tct,15,nqc,16,0.76,0.20688141815365638,0.04203396584849729,0.11554982817869418,0.09358972367387966,97
tct,15,bertQPP,16,0.76,0.43522595974700407,8.385918328828818e-06,0.2594501718213059,0.00016660580916833792,97
tct,15,bertQPP(QV),16,0.76,0.4004691595142692,4.813560963026969e-05,0.24183848797250862,0.0004492042155364218,97
tct,15,spatial,16,0.78,0.2859119764142808,0.004526673261204393,0.14046391752577322,0.04152093691345949,97
tct,15,a_ratio,16,0.78,0.3554860924233744,0.0003526428673917734,0.1859965635738832,0.006954397086601862,97
tct,15,nqc,16,0.78,0.21521468312859574,0.034258521693088316,0.1202749140893471,0.08092834885233069,97
tct,15,bertQPP,16,0.78,0.43400676847614666,8.94563379293663e-06,0.2598797250859107,0.00016249811961052113,97
tct,15,bertQPP(QV),16,0.78,0.4020890060658337,4.455834299985144e-05,0.24269759450171827,0.0004286013573495472,97
tct,15,spatial,16,0.8,0.2935212785323494,0.0035235821984782776,0.1443298969072165,0.03622527510674091,97
tct,15,a_ratio,16,0.8,0.35560329362316345,0.00035094716201203226,0.1859965635738832,0.006954397086601862,97
tct,15,nqc,16,0.8,0.22494097067339283,0.026748909126473524,0.12285223367697597,0.07463114343880432,97
tct,15,bertQPP,16,0.8,0.4314062903572105,1.0258938069553667e-05,0.25816151202749144,0.00017952274646223222,97
tct,15,bertQPP(QV),16,0.8,0.4024491467894532,4.3797474086427756e-05,0.24226804123711343,0.00043878992015195634,97
tct,15,spatial,16,0.82,0.30087265725141404,0.0027485028586046612,0.14604810996563578,0.03406318246416719,97
tct,15,a_ratio,16,0.82,0.3556211543697725,0.00035068940682716034,0.18341924398625434,0.007776554495134835,97
tct,15,nqc,16,0.82,0.23639766724022632,0.01974229979651331,0.12500000000000003,0.06969448971824621,97
tct,15,bertQPP,16,0.82,0.4274780178000931,1.259059766024003e-05,0.25515463917525777,0.00021341645031147517,97
tct,15,bertQPP(QV),16,0.82,0.40156773386216926,4.568150682773374e-05,0.25000000000000006,0.00028586619810323126,97
tct,15,spatial,16,0.84,0.3079457297968581,0.002151146471397545,0.15378006872852237,0.025646544632394585,97
tct,15,a_ratio,16,0.84,0.35555147856040437,0.0003516959117133486,0.18427835051546396,0.0074933028749945285,97
tct,15,nqc,16,0.84,0.25001293232899235,0.013519710610662197,0.13487972508591067,0.050317249987351625,97
tct,15,bertQPP,16,0.84,0.42231067166978403,1.6419985385283403e-05,0.25472508591065296,0.00021872261513442568,97
tct,15,bertQPP(QV),16,0.84,0.39949625794769206,5.0411116925788e-05,0.24699312714776633,0.0003381788389163567,97
tct,15,spatial,16,0.86,0.3147224233648621,0.0016914227417842958,0.1585051546391753,0.021443192891173694,97
tct,15,a_ratio,16,0.86,0.3554048486015283,0.0003538227512680841,0.18341924398625434,0.007776554495134835,97
tct,15,nqc,16,0.86,0.2663111806861979,0.008372788792968116,0.14003436426116841,0.04214791401843269,97
tct,15,bertQPP,16,0.86,0.4160219164527791,2.2552868603690303e-05,0.2525773195876289,0.00024716269151633816,97
tct,15,bertQPP(QV),16,0.86,0.39631534980656635,5.8570463276383405e-05,0.24699312714776633,0.0003381788389163567,97
tct,15,spatial,16,0.88,0.3211872036403426,0.0013377346230645881,0.16237113402061856,0.018463547347092265,97
tct,15,a_ratio,16,0.88,0.35519073817884783,0.0003569496489738778,0.18084192439862545,0.008684754281086702,97
tct,15,nqc,16,0.88,0.285873211719335,0.004532376455822121,0.15034364261168387,0.02913493133073165,97
tct,15,bertQPP,16,0.88,0.40875047374190976,3.229788963731748e-05,0.24871134020618557,0.00030728207639036943,97
tct,15,bertQPP(QV),16,0.88,0.3921288034351501,7.119093370421941e-05,0.2414089347079038,0.0004598488311252096,97
tct,15,spatial,16,0.9,0.3273272436571495,0.0010654225153980661,0.16237113402061856,0.018463547347092265,97
tct,15,a_ratio,16,0.9,0.35491761786536136,0.0003609752412621163,0.17955326460481102,0.009173476196585428,97
tct,15,nqc,16,0.9,0.30915190889681854,0.0020618700965958883,0.1589347079037801,0.021092644173514117,97
tct,15,bertQPP,16,0.9,0.400647623351999,4.772874760276105e-05,0.24226804123711343,0.00043878992015195634,97
tct,15,bertQPP(QV),16,0.9,0.3870566127188536,8.986422745332446e-05,0.23152920962199317,0.0007801296905645403,97
tct,15,spatial,16,0.92,0.33313252905726365,0.0008553993104402424,0.16537800687285226,0.016403064445582434,97
tct,15,a_ratio,16,0.92,0.35459305311648814,0.0003658133864158261,0.17568728522336774,0.01079019991112942,97
tct,15,nqc,16,0.92,0.33588382640713343,0.0007697111357463152,0.17396907216494847,0.011586707769612953,97
tct,15,bertQPP,16,0.92,0.3918690177105596,7.20520020561355e-05,0.23195876288659797,0.0007627126312502382,97
tct,15,bertQPP(QV),16,0.92,0.38122783399453003,0.00011690186508196231,0.23109965635738836,0.0007979153488644113,97
tct,15,spatial,16,0.94,0.3385958986596332,0.0006929901586046378,0.16924398625429557,0.01405239227763608,97
tct,15,a_ratio,16,0.94,0.3542237945272142,0.0003713902700850936,0.17482817869415812,0.011182156616858724,97
tct,15,nqc,16,0.94,0.36355233945514337,0.00025198349244589873,0.17568728522336774,0.01079019991112942,97
tct,15,bertQPP,16,0.94,0.3825675278223186,0.00011009178674801682,0.2216494845360825,0.001298168853613724,97
tct,15,bertQPP(QV),16,0.94,0.37477396917343875,0.00015553520085117832,0.21520618556701035,0.0017908788065225548,97
tct,15,spatial,16,0.96,0.34371302203951226,0.0005669715902936492,0.16924398625429557,0.01405239227763608,97
tct,15,a_ratio,16,0.96,0.353815860459576,0.00037764212220673564,0.17182130584192443,0.01265543298933369,97
tct,15,nqc,16,0.96,0.38450570784425103,0.00010088906341518569,0.18943298969072167,0.005979808014005902,97
tct,15,bertQPP,16,0.96,0.37288756155541336,0.00016888427947027128,0.20876288659793818,0.0024505203740822256,97
tct,15,bertQPP(QV),16,0.96,0.3678233605870019,0.0002101440315445363,0.20403780068728525,0.00306822352558543,97
tct,15,spatial,16,0.98,0.34848231835578547,0.0004687927387905538,0.17268041237113405,0.01221789425088413,97
tct,15,a_ratio,16,0.98,0.3533746123099519,0.00038451340617409334,0.17053264604811,0.013337754848227265,97
tct,15,nqc,16,0.98,0.3846400018599545,0.00010027866186724064,0.20575601374570449,0.0028288190417010725,97
tct,15,bertQPP,16,0.98,0.36296101871493014,0.0002583469817350431,0.1898625429553265,0.005867063974983271,97
tct,15,bertQPP(QV),16,0.98,0.3604968593561405,0.00028649402449729903,0.18556701030927839,0.00708575590459897,97
tct,15,spatial,16,1.0,0.3529048227913459,0.00039195537499624265,0.17439862542955328,0.011382836808156348,97
tct,15,a_ratio,16,1.0,0.3529048227913459,0.00039195537499624265,0.17439862542955328,0.011382836808156348,97
tct,15,nqc,16,1.0,0.3529048227913459,0.00039195537499624265,0.17439862542955328,0.011382836808156348,97
tct,15,bertQPP,16,1.0,0.3529048227913459,0.00039195537499624265,0.17439862542955328,0.011382836808156348,97
tct,15,bertQPP(QV),16,1.0,0.3529048227913459,0.00039195537499624265,0.17439862542955328,0.011382836808156348,97
