retriever,k,qpp_method,window_size,alpha,r,p1(r),tau,p1(tau),num_of_queries
tct,9,spatial,2,0.0,0.01338209682788323,0.8964907995035795,0.03393470790378007,0.6224147431170471,97
tct,9,a_ratio,2,0.0,0.08699727737016583,0.39681436807593695,0.0584192439862543,0.3965888091618368,97
tct,9,nqc,2,0.0,0.14926312794961863,0.14450956733786507,0.08719931271477664,0.2057421374120063,97
tct,9,bertQPP,2,0.0,0.17672691352325548,0.08333551015854819,0.10137457044673541,0.14127503537333896,97
tct,9,bertQPP(QV),2,0.0,0.1310712474602009,0.20065209966598066,0.05541237113402062,0.42134149715143543,97
tct,9,spatial,2,0.02,0.017979183764355977,0.8612422854392142,0.03737113402061856,0.5876136836654002,97
tct,9,a_ratio,2,0.02,0.0992154440928375,0.33360428113192553,0.06314432989690723,0.3595119194286538,97
tct,9,nqc,2,0.02,0.14975079138338904,0.14318748103996037,0.08762886597938145,0.2035174890452155,97
tct,9,bertQPP,2,0.02,0.1805412478500067,0.07678602519886857,0.10137457044673541,0.14127503537333896,97
tct,9,bertQPP(QV),2,0.02,0.1347856722481008,0.18807630096598646,0.06013745704467355,0.3828471200330016,97
tct,9,spatial,2,0.04,0.022733406520507468,0.8250736662905641,0.040807560137457045,0.5537409286316863,97
tct,9,a_ratio,2,0.04,0.11153775863923367,0.276737842959422,0.077319587628866,0.2618647746424714,97
tct,9,nqc,2,0.04,0.1502585395555807,0.14182066972502877,0.0893470790378007,0.19479398827541883,97
tct,9,bertQPP,2,0.04,0.18449979060045463,0.0704322698507466,0.10223367697594504,0.13793469449367568,97
tct,9,bertQPP(QV),2,0.04,0.13864330157343613,0.17563201050207453,0.060996563573883174,0.3760870593214216,97
tct,9,spatial,2,0.06,0.027649897260544384,0.7880520079537889,0.043384879725085916,0.5289801545988201,97
tct,9,a_ratio,2,0.06,0.12390406461640285,0.22660158100058572,0.08419243986254298,0.22181074839562664,97
tct,9,nqc,2,0.06,0.15078763536160222,0.14040691019899412,0.09020618556701032,0.1905365207922204,97
tct,9,bertQPP,2,0.06,0.18860900488632135,0.0642927161842884,0.10781786941580758,0.11768634646990996,97
tct,9,bertQPP(QV),2,0.06,0.1426508459338548,0.16335555574986832,0.06357388316151204,0.356252805453549,97
tct,9,spatial,2,0.08,0.03273370879447539,0.7502607139788722,0.04725085910652922,0.4929254477765376,97
tct,9,a_ratio,2,0.08,0.136250147652785,0.18327876604255283,0.09536082474226806,0.16642177733641728,97
tct,9,nqc,2,0.08,0.1513394494730726,0.13894383758686382,0.09149484536082475,0.1842793810224047,97
tct,9,bertQPP,2,0.08,0.19287552317438839,0.05838560344151636,0.10738831615120277,0.11915605807960761,97
tct,9,bertQPP(QV),2,0.08,0.14681524360758794,0.15128535902626733,0.06357388316151204,0.356252805453549,97
tct,9,spatial,2,0.1,0.037989759000520575,0.7118007419360863,0.050687285223367705,0.46201693847175085,97
tct,9,a_ratio,2,0.1,0.14850913099762392,0.14657179243283466,0.10008591065292097,0.14640165493450158,97
tct,9,nqc,2,0.1,0.15191547204195732,0.1374289348900613,0.09020618556701032,0.1905365207922204,97
tct,9,bertQPP,2,0.1,0.19730611093786127,0.052728658556524075,0.11168384879725088,0.1050908480999539,97
tct,9,bertQPP(QV),2,0.1,0.15114363561276328,0.1394616874915345,0.0657216494845361,0.340237883454913,97
tct,9,spatial,2,0.12,0.04342276567855404,0.6727915776704866,0.050687285223367705,0.46201693847175085,97
tct,9,a_ratio,2,0.12,0.16061309432680634,0.11605024899004339,0.10567010309278352,0.12517917667351905,97
tct,9,nqc,2,0.12,0.15251732595745637,0.13585952177327737,0.09063573883161513,0.18843365829791547,97
tct,9,bertQPP,2,0.12,0.20190761787580302,0.0473387805709397,0.11168384879725088,0.1050908480999539,97
tct,9,bertQPP(QV),2,0.12,0.15564333038927708,0.12792630903358326,0.06958762886597938,0.3125934883665836,97
tct,9,spatial,2,0.14,0.049037170816871395,0.6333718637631124,0.05197594501718214,0.450711341430895,97
tct,9,a_ratio,2,0.14,0.1724948350045926,0.09111540870961715,0.11211340206185569,0.10376002930884054,97
tct,9,nqc,2,0.14,0.15314678190030068,0.13423274254916712,0.09149484536082475,0.1842793810224047,97
tct,9,bertQPP,2,0.14,0.2066869138488601,0.042231691907605666,0.11383161512027494,0.0985701799206937,97
tct,9,bertQPP(QV),2,0.14,0.16032175575397228,0.11672204238846007,0.0738831615120275,0.2836625052763587,97
tct,9,spatial,2,0.16,0.05483705327112716,0.5936995662709665,0.054123711340206195,0.432221333716273,97
tct,9,a_ratio,2,0.16,0.18408967212820773,0.07107016086725114,0.12285223367697597,0.07463114343880432,97
tct,9,nqc,2,0.16,0.15380577548396276,0.13254555333837625,0.09149484536082475,0.1842793810224047,97
tct,9,bertQPP,2,0.16,0.21165080613113915,0.03742156198843383,0.11469072164948456,0.0960541193445157,97
tct,9,bertQPP(QV),2,0.16,0.1651863951986852,0.10589219164546507,0.07431271477663232,0.2808725107935828,97
tct,9,spatial,2,0.18,0.06082602891722938,0.5539515559691014,0.0584192439862543,0.3965888091618368,97
tct,9,a_ratio,2,0.18,0.19533718418951204,0.05518428507660753,0.13058419243986258,0.05810246319620013,97
tct,9,nqc,2,0.18,0.15449642682653614,0.13079470839631904,0.09149484536082475,0.1842793810224047,97
tct,9,bertQPP,2,0.18,0.21680593395361977,0.03292061169986871,0.11984536082474227,0.08201867152410211,97
tct,9,bertQPP(QV),2,0.18,0.17024470504983033,0.09547985845948699,0.07689003436426119,0.26452436355398434,97
tct,9,spatial,2,0.2,0.06700713746391332,0.5143224794307011,0.06314432989690723,0.3595119194286538,97
tct,9,a_ratio,2,0.2,0.20618277315962794,0.04274779044034973,0.14132302405498284,0.040290653027956765,97
tct,9,nqc,2,0.2,0.15522106296293967,0.1289767456184774,0.09278350515463919,0.1781756748775648,97
tct,9,bertQPP,2,0.2,0.2221586356169193,0.028738710648238745,0.12328178694158079,0.07362159410235054,97
tct,9,bertQPP(QV),2,0.2,0.17550400838837427,0.085527130166921,0.0777491408934708,0.2592237212301055,97
tct,9,spatial,2,0.22,0.07338271531274236,0.47502280424678406,0.06443298969072167,0.34979065764691386,97
tct,9,a_ratio,2,0.22,0.21657896145388306,0.03310871348949817,0.1443298969072165,0.03622527510674091,97
tct,9,nqc,2,0.22,0.1559822435874615,0.1270879712650712,0.09235395189003438,0.18019329783502935,97
tct,9,bertQPP,2,0.22,0.2277147826921024,0.024882982849871973,0.1254295532646048,0.06874005870255491,97
tct,9,bertQPP(QV),2,0.22,0.18097136094773336,0.07607414885629589,0.08032646048109966,0.24376503221542667,97
tct,9,spatial,2,0.24,0.07995425415219827,0.43627594446374696,0.07001718213058421,0.30961588134500106,97
tct,9,a_ratio,2,0.24,0.22648635182416588,0.025695189536828575,0.15378006872852237,0.025646544632394585,97
tct,9,nqc,2,0.24,0.15678279071507634,0.12512444398680547,0.09278350515463919,0.1781756748775648,97
tct,9,bertQPP,2,0.24,0.2334795750323842,0.021357440202402638,0.12800687285223372,0.06323660544752113,97
tct,9,bertQPP(QV),2,0.24,0.1866533834820244,0.06715807545747793,0.08333333333333336,0.22656268559471548,97
tct,9,spatial,2,0.26,0.08672224538848636,0.3983144094990804,0.07474226804123713,0.2781012070168114,97
tct,9,a_ratio,2,0.26,0.23587421037995765,0.02002405340017006,0.16022336769759454,0.02007078628569656,97
tct,9,nqc,2,0.26,0.1576258229710259,0.12308195829013925,0.09278350515463919,0.1781756748775648,97
tct,9,bertQPP,2,0.26,0.23945728953051257,0.018162666395079,0.12714776632302408,0.06502915478137135,97
tct,9,bertQPP(QV),2,0.26,0.19255605436135192,0.0588119740678246,0.09106529209621994,0.18634796497677564,97
tct,9,spatial,2,0.28,0.09368601106869393,0.3613749740213492,0.07860824742268042,0.2539971105350425,97
tct,9,a_ratio,2,0.28,0.24472066535595557,0.01569944948635909,0.16494845360824745,0.01668446543769203,97
tct,9,nqc,2,0.28,0.15851479536773988,0.12095602765870617,0.09235395189003438,0.18019329783502935,97
tct,9,bertQPP,2,0.28,0.24565097484914,0.015295576320037198,0.13359106529209622,0.05255528194642074,97
tct,9,bertQPP(QV),2,0.28,0.19868445545981533,0.05106365470961691,0.09407216494845362,0.1722237215768213,97
tct,9,spatial,2,0.3,0.1008435226599952,0.32569293749870093,0.08591065292096221,0.2125219840325313,97
tct,9,a_ratio,2,0.3,0.2530125445776705,0.012405101019252332,0.16967353951890035,0.013810511589466142,97
tct,9,nqc,2,0.3,0.15945354561388086,0.1187418676545186,0.09235395189003438,0.18019329783502935,97
tct,9,bertQPP,2,0.3,0.25206208383673245,0.01274927691859963,0.14003436426116841,0.04214791401843269,97
tct,9,bertQPP(QV),2,0.3,0.2050424638420597,0.0439345267653881,0.09793814432989692,0.1552606461818409,97
tct,9,spatial,2,0.32,0.10819120992501369,0.2914956278106579,0.09106529209621994,0.18634796497677564,97
tct,9,a_ratio,2,0.32,0.2607448992562319,0.00989337042592283,0.17611683848797252,0.010598840128977079,97
tct,9,nqc,2,0.32,0.1604463482319956,0.11643437946852028,0.09235395189003438,0.18019329783502935,97
tct,9,bertQPP,2,0.32,0.2586900351845269,0.010513054058787752,0.14905498281786944,0.030544557732034724,97
tct,9,bertQPP(QV),2,0.32,0.21163238145378085,0.03743852918736005,0.1009450171821306,0.14296835148549844,97
tct,9,spatial,2,0.34,0.1157237631829561,0.25899539782034214,0.09364261168384881,0.17419095096502246,97
tct,9,a_ratio,2,0.34,0.2679202785270983,0.007973421197553177,0.18084192439862545,0.008684754281086702,97
tct,9,nqc,2,0.34,0.16149797805179286,0.11402813458846474,0.09278350515463919,0.1781756748775648,97
tct,9,bertQPP,2,0.34,0.26553169631412493,0.008572505860812065,0.1512027491408935,0.028226597294347726,97
tct,9,bertQPP(QV),2,0.34,0.21845449516328036,0.03158121535177281,0.1086769759450172,0.11478963120763813,97
tct,9,spatial,2,0.36,0.1234339334607091,0.22838245798200024,0.09407216494845362,0.1722237215768213,97
tct,9,a_ratio,2,0.36,0.27454782730681027,0.006499954287418397,0.18728522336769762,0.006573343269072617,97
tct,9,nqc,2,0.36,0.16261378501233664,0.11151736152132487,0.09364261168384881,0.17419095096502246,97
tct,9,bertQPP,2,0.36,0.27258078082813664,0.006909835426901975,0.15206185567010314,0.02734277211201925,97
tct,9,bertQPP(QV),2,0.36,0.2255065603351185,0.026359077705322597,0.10824742268041239,0.11623089832126132,97
tct,9,spatial,2,0.38,0.13131233639132844,0.1998179695611201,0.09922680412371135,0.1498976871116754,97
tct,9,a_ratio,2,0.38,0.28064228020745013,0.005363300381022828,0.19243986254295536,0.005229928831102741,97
tct,9,nqc,2,0.38,0.16379978267071071,0.10889593587249234,0.09278350515463919,0.1781756748775648,97
tct,9,bertQPP,2,0.38,0.2798271565226106,0.005504305125732432,0.15292096219931275,0.026482928123240188,97
tct,9,bertQPP(QV),2,0.38,0.23278320297200084,0.021759197359388246,0.11039518900343644,0.10916471457232763,97
tct,9,spatial,2,0.4,0.1393472671591871,0.17342787740813162,0.10695876288659796,0.12064011527036375,97
tct,9,a_ratio,2,0.4,0.28622291801589766,0.0044811574431068485,0.1937285223367698,0.004935409194231109,97
tct,9,nqc,2,0.4,0.1650627534065622,0.10615737557862549,0.09407216494845362,0.1722237215768213,97
tct,9,bertQPP,2,0.4,0.28725606446543267,0.004332840927755562,0.1554982817869416,0.02404211148041231,97
tct,9,bertQPP(QV),2,0.4,0.2402752387498604,0.017759293829849167,0.11512027491408937,0.09481550621817705,97
tct,9,spatial,2,0.42,0.1475245352425243,0.14929797393044078,0.11039518900343644,0.10916471457232763,97
tct,9,a_ratio,2,0.42,0.2913125426922131,0.0037919582575940557,0.19243986254295536,0.005229928831102741,97
tct,9,nqc,2,0.42,0.16641037407085568,0.1032948437613265,0.09579037800687287,0.16452082122278677,97
tct,9,bertQPP,2,0.42,0.2948472565907224,0.0033707599864879075,0.15592783505154642,0.023654871935139845,97
tct,9,bertQPP(QV),2,0.42,0.24796891248150293,0.014328228215705946,0.12113402061855671,0.07878300963914868,97
tct,9,spatial,2,0.44,0.1558273290537303,0.12747064526726756,0.11082474226804125,0.10779310640620364,97
tct,9,a_ratio,2,0.44,0.29593651408339616,0.0032496928718280488,0.19501718213058422,0.004655971971265852,97
tct,9,nqc,2,0.44,0.16785136680628038,0.10030116257723012,0.09579037800687287,0.16452082122278677,97
tct,9,bertQPP,2,0.44,0.30257406928356084,0.0025925796346965677,0.16151202749140894,0.01909240321886764,97
tct,9,bertQPP(QV),2,0.44,0.2558450692067107,0.011426978810919598,0.1254295532646048,0.06874005870255491,97
tct,9,spatial,2,0.46,0.1642361216807054,0.10794365113218857,0.1164089347079038,0.09117630712765404,97
tct,9,a_ratio,2,0.46,0.30012187841159543,0.0028199486022643296,0.2014604810996564,0.0034621026042757834,97
tct,9,nqc,2,0.46,0.16939568103778185,0.0971688426718697,0.09621993127147768,0.16263626465805225,97
tct,9,bertQPP,2,0.46,0.310402464105046,0.001972853683472035,0.16323024054982818,0.017852894393926448,97
tct,9,bertQPP(QV),2,0.46,0.2638782787235203,0.009010063351859164,0.13058419243986258,0.05810246319620013,97
tct,9,spatial,2,0.48,0.17272862961519592,0.09067113484462604,0.12156357388316154,0.07772782073014356,97
tct,9,a_ratio,2,0.48,0.3038966064394757,0.002476925718965057,0.20446735395189009,0.0030066996042901117,97
tct,9,nqc,2,0.48,0.17105471429226957,0.093890134514971,0.09536082474226806,0.16642177733641728,97
tct,9,bertQPP,2,0.48,0.31829008446544815,0.001486974984003855,0.16967353951890035,0.013810511589466142,97
tct,9,bertQPP(QV),2,0.48,0.2720359492941884,0.00702733159757537,0.138745704467354,0.04407710548149226,97
tct,9,spatial,2,0.5,0.18127983642312884,0.07556686385044561,0.12585910652920965,0.0677963948466897,97
tct,9,a_ratio,2,0.5,0.3072889488892967,0.0022012115687076983,0.20360824742268044,0.003130893451622874,97
tct,9,nqc,2,0.5,0.1728415816901205,0.09045711015970234,0.09621993127147768,0.16263626465805225,97
tct,9,bertQPP,2,0.5,0.326185398510898,0.0011118837664691509,0.17225085910652924,0.012434959394241826,97
tct,9,bertQPP(QV),2,0.5,0.28027748347715475,0.0054260032754094596,0.14175257731958765,0.039687194240219145,97
tct,9,spatial,2,0.52,0.1898620925735518,0.06250948762882745,0.13058419243986258,0.05810246319620013,97
tct,9,a_ratio,2,0.52,0.3103269085864472,0.001978131667381347,0.20618556701030932,0.0027716955730928564,97
tct,9,nqc,2,0.52,0.17477144684112286,0.08686178703687772,0.09750859106529211,0.15708030004273185,97
tct,9,bertQPP,2,0.52,0.3340270226842822,0.000826630271043629,0.17611683848797252,0.010598840128977079,97
tct,9,bertQPP(QV),2,0.52,0.2885535489281453,0.004152788890084109,0.14604810996563578,0.03406318246416719,97
tct,9,spatial,2,0.54,0.19844530092691928,0.05134940000734222,0.1396048109965636,0.042782883164389815,97
tct,9,a_ratio,2,0.54,0.3130378229464798,0.0017965330647259693,0.20747422680412375,0.0026065887949513057,97
tct,9,nqc,2,0.54,0.17686193072722245,0.0830963095445039,0.0970790378006873,0.15891607395046403,97
tct,9,bertQPP,2,0.54,0.3417433449812314,0.000612756892160938,0.18084192439862545,0.008684754281086702,97
tct,9,bertQPP(QV),2,0.54,0.29680555800474817,0.0031559134972366817,0.15721649484536085,0.02252544814571104,97
tct,9,spatial,2,0.56,0.20699719457673085,0.04191663815253467,0.14905498281786944,0.030544557732034724,97
tct,9,a_ratio,2,0.56,0.31544804662250675,0.0016478881882262333,0.2130584192439863,0.0019900166497547295,97
tct,9,nqc,2,0.56,0.17913362031443072,0.07915320978395836,0.0970790378006873,0.15891607395046403,97
tct,9,bertQPP,2,0.56,0.3492525877673911,0.00045448689536907965,0.186426116838488,0.006825229731210832,97
tct,9,bertQPP(QV),2,0.56,0.30496546925141177,0.002386872371691896,0.16623711340206188,0.015852745291372216,97
tct,9,spatial,2,0.58,0.21548370981876486,0.03402916645937701,0.154639175257732,0.024833107958687445,97
tct,9,a_ratio,2,0.58,0.31758272204173854,0.0015256346631677415,0.2130584192439863,0.0019900166497547295,97
tct,9,nqc,2,0.58,0.18161070559227716,0.07502577628010144,0.09879725085910654,0.15166941209887877,97
tct,9,bertQPP,2,0.58,0.3564634611847973,0.00033872977684921816,0.19072164948453613,0.005647306460207743,97
tct,9,bertQPP(QV),2,0.58,0.31295603701620334,0.0018017833001271496,0.17654639175257736,0.010410504577977625,97
tct,9,spatial,2,0.6,0.22386945209085327,0.027500893645292995,0.1585051546391753,0.021443192891173694,97
tct,9,a_ratio,2,0.6,0.3194656248043888,0.0014246881953896041,0.21434707903780073,0.0018682268943729797,97
tct,9,nqc,2,0.6,0.18432178316233055,0.07070856944249847,0.09965635738831616,0.14814179266855426,97
tct,9,bertQPP,2,0.6,0.3632765521006201,0.0002549331555591356,0.20403780068728525,0.00306822352558543,97
tct,9,bertQPP(QV),2,0.6,0.32069163687831725,0.0013622572275560723,0.1911512027491409,0.005540236417616152,97
tct,9,spatial,2,0.62,0.2321182470309101,0.02214885329233674,0.1666666666666667,0.01558372473088864,97
tct,9,a_ratio,2,0.62,0.3211190711253254,0.0013410821561242179,0.21563573883161516,0.0017533187111864498,97
tct,9,nqc,2,0.62,0.18730087730667885,0.06619813544675342,0.09965635738831616,0.14814179266855426,97
tct,9,bertQPP,2,0.62,0.36958656220459274,0.00019482417369222303,0.21134020618556704,0.0021637443470699886,97
tct,9,bertQPP(QV),2,0.62,0.3280797778587936,0.0010357758122764625,0.19974226804123715,0.0037496927052216027,97
tct,9,spatial,2,0.64,0.24019376273875723,0.017799124337356805,0.17310996563573885,0.01200419316896961,97
tct,9,a_ratio,2,0.64,0.3225638753446428,0.0012716999314968515,0.21391752577319592,0.001908041073171658,97
tct,9,nqc,2,0.64,0.19058874689751648,0.06149398657374828,0.09922680412371135,0.1498976871116754,97
tct,9,bertQPP,2,0.64,0.3752854458302751,0.00015208801573640546,0.22336769759450176,0.0011897860106094835,97
tct,9,bertQPP(QV),2,0.64,0.33502337182091657,0.000795627138356378,0.21048109965635742,0.002255725464528707,97
tct,9,spatial,2,0.66,0.24806018342428315,0.014291250153694009,0.18084192439862545,0.008684754281086702,97
tct,9,a_ratio,2,0.66,0.3238193467545317,0.0012140752880582955,0.21262886597938147,0.002032205430312129,97
tct,9,nqc,2,0.66,0.1942345701536483,0.05659993574641884,0.09836769759450173,0.15345704089516993,97
tct,9,bertQPP,2,0.66,0.38026640158573805,0.00012202782816030261,0.23109965635738836,0.0007979153488644113,97
tct,9,bertQPP(QV),2,0.66,0.3414237630723815,0.0006204970309426769,0.2173539518900344,0.0016102081655090619,97
tct,9,spatial,2,0.68,0.25568290948600847,0.011481100585330374,0.1890034364261169,0.006094500520977148,97
tct,9,a_ratio,2,0.68,0.32490331638627734,0.0011662427361823307,0.21091065292096223,0.002209296231634933,97
tct,9,nqc,2,0.68,0.19829813099438703,0.05152589454874123,0.09965635738831616,0.14814179266855426,97
tct,9,bertQPP,2,0.68,0.3844285480574722,0.00010124133412023585,0.24012027491408938,0.0004932117335580638,97
tct,9,bertQPP(QV),2,0.68,0.34718442921307285,0.0004938359994013613,0.2177835051546392,0.0015761513468118154,97
tct,9,spatial,2,0.7,0.26302925530160903,0.009242281843299905,0.19544673539518906,0.0045660596694361046,97
tct,9,a_ratio,2,0.7,0.32583218583022,0.0011266247724689338,0.21262886597938147,0.002032205430312129,97
tct,9,nqc,2,0.7,0.2028526723545718,0.04629026265334586,0.10352233676975947,0.1330387570764664,97
tct,9,bertQPP,2,0.7,0.3876819789345428,8.733796158046648e-05,0.2414089347079038,0.0004598488311252096,97
tct,9,bertQPP(QV),2,0.7,0.35221515724311425,0.00040312055447363327,0.22465635738831619,0.0011140538745299275,97
tct,9,spatial,2,0.72,0.27006911415239776,0.007466315074023421,0.19759450171821308,0.0041396512632380965,97
tct,9,a_ratio,2,0.72,0.3266209915286399,0.0010939464361276793,0.20876288659793818,0.0024505203740822256,97
tct,9,nqc,2,0.72,0.2079886336033008,0.04092304063040198,0.10567010309278352,0.12517917667351905,97
tct,9,bertQPP,2,0.72,0.3899527727195149,7.870931504290112e-05,0.24613402061855674,0.00035469522611087794,97
tct,9,bertQPP(QV),2,0.72,0.3564363940754236,0.0003391081802448154,0.23410652920962205,0.0006809162092632265,97
tct,9,spatial,2,0.74,0.27677556010114934,0.006061867954583794,0.19931271477663232,0.003824903963020039,97
tct,9,a_ratio,2,0.74,0.3272834792301276,0.0010671701884297665,0.20833333333333337,0.0025015666651811157,97
tct,9,nqc,2,0.74,0.21381854612633494,0.035469761830170296,0.11125429553264607,0.10643517898925002,97
tct,9,bertQPP,2,0.74,0.3911874576346435,7.435734989810979e-05,0.24269759450171827,0.0004286013573495472,97
tct,9,bertQPP(QV),2,0.74,0.3597833905931398,0.0002951563193039462,0.23883161512027495,0.0005288208236189078,97
tct,9,spatial,2,0.76,0.28312535940613515,0.0049533380895398675,0.20317869415807563,0.0031947282487263706,97
tct,9,a_ratio,2,0.76,0.32783218439540096,0.0010454459890708865,0.2096219931271478,0.002351276432455258,97
tct,9,nqc,2,0.76,0.22048340248638598,0.029996209913174837,0.11211340206185569,0.10376002930884054,97
tct,9,bertQPP,2,0.76,0.39135643090561645,7.37794914364621e-05,0.24097938144329903,0.0004707284379041492,97
tct,9,bertQPP(QV),2,0.76,0.36220972624011616,0.0002666458581032675,0.24226804123711343,0.00043878992015195634,97
tct,9,spatial,2,0.78,0.28909936901322064,0.0040790631612498095,0.209192439862543,0.002400428947085522,97
tct,9,a_ratio,2,0.78,0.3282785152897486,0.0010280727960395287,0.209192439862543,0.002400428947085522,97
tct,9,nqc,2,0.78,0.22816077673202734,0.024593567014371945,0.11855670103092786,0.08536128644887009,97
tct,9,bertQPP,2,0.78,0.3904559173896764,7.690800877154896e-05,0.24613402061855674,0.00035469522611087794,97
tct,9,bertQPP(QV),2,0.78,0.3636898329349386,0.0002505247358523226,0.2379725085910653,0.0005538759115824682,97
tct,9,spatial,2,0.8,0.2946828063818653,0.0033893850178739844,0.21262886597938147,0.002032205430312129,97
tct,9,a_ratio,2,0.8,0.3286328362900021,0.001014468699240318,0.2100515463917526,0.0023030471051788694,97
tct,9,nqc,2,0.8,0.2370746782063008,0.01938295247688179,0.11984536082474227,0.08201867152410211,97
tct,9,bertQPP,2,0.8,0.3885082185247355,8.410141340826689e-05,0.24484536082474234,0.00038088964117221485,97
tct,9,bertQPP(QV),2,0.8,0.36422023542374027,0.00024497007337432377,0.24269759450171827,0.0004286013573495472,97
tct,9,spatial,2,0.82,0.29986538271693786,0.0028447370658807205,0.2216494845360825,0.001298168853613724,97
tct,9,a_ratio,2,0.82,0.3289045495857154,0.0010041476156170649,0.21262886597938147,0.002032205430312129,97
tct,9,nqc,2,0.82,0.2475060867588801,0.014517021347109131,0.12242268041237117,0.07565197367789964,97
tct,9,bertQPP,2,0.82,0.38556021961410153,9.61874321287879e-05,0.2508591065292096,0.00027237466938260737,97
tct,9,bertQPP(QV),2,0.82,0.363819375933956,0.00024915746549236575,0.24312714776632308,0.0004186340215940853,97
tct,9,spatial,2,0.84,0.3046412998244283,0.0024138674337580183,0.2173539518900344,0.0016102081655090619,97
tct,9,a_ratio,2,0.84,0.32910217398046643,0.000996700998818497,0.21520618556701035,0.0017908788065225548,97
tct,9,nqc,2,0.84,0.2598000561672543,0.010174212653491995,0.13445017182130586,0.05105421646643944,97
tct,9,bertQPP,2,0.84,0.38168034717056054,0.00011455905821266086,0.24570446735395193,0.0003632334933323789,97
tct,9,bertQPP(QV),2,0.84,0.3625260658083297,0.0002631220050903837,0.24355670103092786,0.0004088834881762593,97
tct,9,spatial,2,0.86,0.30900911850632806,0.002072261399338598,0.21821305841924402,0.0015427588468996702,97
tct,9,a_ratio,2,0.86,0.32923341991691,0.0009917834026308976,0.21520618556701035,0.0017908788065225548,97
tct,9,nqc,2,0.86,0.27435677046549894,0.006538799397031828,0.14175257731958765,0.039687194240219145,97
tct,9,bertQPP,2,0.86,0.3769543520390417,0.00014132616804025475,0.24656357388316158,0.0003463449485504128,97
tct,9,bertQPP(QV),2,0.86,0.3603967707637182,0.00028769491034124126,0.2405498281786942,0.0004818477915141724,97
tct,9,spatial,2,0.88,0.3129715129797434,0.0018007887598007625,0.22508591065292102,0.0010898172708815595,97
tct,9,a_ratio,2,0.88,0.32930526017516015,0.0009891010225873862,0.21434707903780073,0.0018682268943729797,97
tct,9,nqc,2,0.88,0.2915711374756729,0.0037596196547556183,0.1554982817869416,0.02404211148041231,97
tct,9,bertQPP,2,0.88,0.3714804038544926,0.00017952411172754141,0.24183848797250862,0.0004492042155364218,97
tct,9,bertQPP(QV),2,0.88,0.3575020581940341,0.0003245002752746243,0.23496563573883167,0.0006505425158083947,97
tct,9,spatial,2,0.9,0.3165349307535048,0.001584575522673721,0.22422680412371138,0.0011387880187863695,97
tct,9,a_ratio,2,0.9,0.32932399594394635,0.000988402551763473,0.21563573883161516,0.0017533187111864498,97
tct,9,nqc,2,0.9,0.3116271347794568,0.0018890591025504117,0.17225085910652924,0.012434959394241826,97
tct,9,bertQPP,2,0.9,0.36536400468172525,0.00023337666370380978,0.2439862542955327,0.0003993454119661632,97
tct,9,bertQPP(QV),2,0.9,0.35392259539189297,0.0003759970576039737,0.23410652920962205,0.0006809162092632265,97
tct,9,spatial,2,0.92,0.31970918045849067,0.001412083080226532,0.22293814432989695,0.0012160687743494618,97
tct,9,a_ratio,2,0.92,0.32929531815181035,0.0009894718445411514,0.21520618556701035,0.0017908788065225548,97
tct,9,nqc,2,0.92,0.33392053859163634,0.0008300081165977208,0.20274914089347082,0.003259747042536618,97
tct,9,bertQPP,2,0.92,0.3587131731988026,0.0003086033762061606,0.23410652920962205,0.0006809162092632265,97
tct,9,bertQPP(QV),2,0.92,0.3497450836930262,0.00044555127690621836,0.23152920962199317,0.0007801296905645403,97
tct,9,spatial,2,0.94,0.3225069712773775,0.0012743696713841872,0.22637457044673542,0.0010200025736501021,97
tct,9,a_ratio,2,0.94,0.3292243640835744,0.0009921220003537763,0.21434707903780073,0.0018682268943729797,97
tct,9,nqc,2,0.94,0.35568739317040843,0.00034973501016651704,0.2134879725085911,0.0019486331283160838,97
tct,9,bertQPP,2,0.94,0.35163424027560464,0.00041275122423376046,0.22637457044673542,0.0010200025736501021,97
tct,9,bertQPP(QV),2,0.94,0.34505845680033886,0.0005375224966402439,0.2285223367697595,0.0009127757207962206,97
tct,9,spatial,2,0.96,0.32494342703146106,0.0011645061075715678,0.21821305841924402,0.0015427588468996702,97
tct,9,a_ratio,2,0.96,0.3291157694057533,0.0009961905684732109,0.21391752577319592,0.001908041073171658,97
tct,9,nqc,2,0.96,0.36969071752696336,0.0001939523364942583,0.21434707903780073,0.0018682268943729797,97
tct,9,bertQPP,2,0.96,0.3442284631680873,0.0005555191160939172,0.22938144329896912,0.0008728876884960134,97
tct,9,bertQPP(QV),2,0.96,0.3399505821225191,0.00065734748851131,0.22723367697594504,0.000975784420613921,97
tct,9,spatial,2,0.98,0.3270355959807654,0.001077118415061681,0.21563573883161516,0.0017533187111864498,97
tct,9,a_ratio,2,0.98,0.3289737157921516,0.0010015356423125168,0.21477663230240554,0.0018291772025326055,97
tct,9,nqc,2,0.98,0.36367121801944724,0.00025072177624661687,0.22895189003436428,0.0008926252002239728,97
tct,9,bertQPP,2,0.98,0.3365895366546984,0.0007490340605646783,0.2216494845360825,0.001298168853613724,97
tct,9,bertQPP(QV),2,0.98,0.33450560389328077,0.000811603308016729,0.21864261168384883,0.0015100189795415188,97
tct,9,spatial,2,1.0,0.32880197438463543,0.0010080326630130525,0.21563573883161516,0.0017533187111864498,97
tct,9,a_ratio,2,1.0,0.32880197438463543,0.0010080326630130525,0.21563573883161516,0.0017533187111864498,97
tct,9,nqc,2,1.0,0.32880197438463543,0.0010080326630130525,0.21563573883161516,0.0017533187111864498,97
tct,9,bertQPP,2,1.0,0.32880197438463543,0.0010080326630130525,0.21563573883161516,0.0017533187111864498,97
tct,9,bertQPP(QV),2,1.0,0.32880197438463543,0.0010080326630130525,0.21563573883161516,0.0017533187111864498,97
tct,9,spatial,3,0.0,0.01338209682788323,0.8964907995035795,0.03393470790378007,0.6224147431170471,97
tct,9,a_ratio,3,0.0,0.08699727737016583,0.39681436807593695,0.0584192439862543,0.3965888091618368,97
tct,9,nqc,3,0.0,0.14926312794961863,0.14450956733786507,0.08719931271477664,0.2057421374120063,97
tct,9,bertQPP,3,0.0,0.17672691352325548,0.08333551015854819,0.10137457044673541,0.14127503537333896,97
tct,9,bertQPP(QV),3,0.0,0.1310712474602009,0.20065209966598066,0.05541237113402062,0.42134149715143543,97
tct,9,spatial,3,0.02,0.017803873379379602,0.8625819655345642,0.03737113402061856,0.5876136836654002,97
tct,9,a_ratio,3,0.02,0.09886047616292552,0.3353452470217289,0.06529209621993129,0.34340339579060297,97
tct,9,nqc,3,0.02,0.14973133553421175,0.14324005155385053,0.08719931271477664,0.2057421374120063,97
tct,9,bertQPP,3,0.02,0.180384526491021,0.07704673782833109,0.10051546391752579,0.14467719951816677,97
tct,9,bertQPP(QV),3,0.02,0.1346585629478225,0.18849696420552078,0.05927835051546393,0.3896811249151011,97
tct,9,spatial,3,0.04,0.022375693049921964,0.8277833480270813,0.03951890034364262,0.5663306621908052,97
tct,9,a_ratio,3,0.04,0.11086307591320768,0.27967200277067544,0.07903780068728523,0.25141149497554627,97
tct,9,nqc,3,0.04,0.15021882581672957,0.1419272185961484,0.0889175257731959,0.1969487085850582,97
tct,9,bertQPP,3,0.04,0.18418028237127365,0.07092882766050514,0.10309278350515466,0.1346555631057889,97
tct,9,bertQPP(QV),3,0.04,0.13838536349322889,0.17644474657806009,0.06357388316151204,0.356252805453549,97
tct,9,spatial,3,0.06,0.027102625683700414,0.7921514112414301,0.039948453608247426,0.5621188569054614,97
tct,9,a_ratio,3,0.06,0.12295085398104294,0.23022257845215813,0.08634020618556702,0.2102443337075397,97
tct,9,nqc,3,0.06,0.1507268114963089,0.1405688885939172,0.08977663230240551,0.19265661141875967,97
tct,9,bertQPP,3,0.06,0.1881204940025054,0.06499900120155476,0.10781786941580758,0.11768634646990996,97
tct,9,bertQPP(QV),3,0.06,0.14225839762436562,0.16452885538738304,0.06185567010309279,0.3694011818632015,97
tct,9,spatial,3,0.08,0.03198971009190299,0.7557570054292401,0.046821305841924406,0.49686544158769386,97
tct,9,a_ratio,3,0.08,0.13506474410310154,0.18715511576456223,0.09149484536082475,0.1842793810224047,97
tct,9,nqc,3,0.08,0.15125660881153818,0.13916274011159147,0.08977663230240551,0.19265661141875967,97
tct,9,bertQPP,3,0.08,0.19221167019595897,0.05927444328102434,0.1086769759450172,0.11478963120763813,97
tct,9,bertQPP(QV),3,0.08,0.14628468121783977,0.15278487625811904,0.0657216494845361,0.340237883454913,97
tct,9,spatial,3,0.1,0.03704190840586023,0.7186865478471511,0.04853951890034365,0.4812066051703042,97
tct,9,a_ratio,3,0.1,0.14714193071889525,0.1503675549042284,0.09750859106529211,0.15708030004273185,97
tct,9,nqc,3,0.1,0.15180964879293496,0.13770629936766648,0.0893470790378007,0.19479398827541883,97
tct,9,bertQPP,3,0.1,0.1964604880458246,0.053772070159553764,0.11125429553264607,0.10643517898925002,97
tct,9,bertQPP(QV),3,0.1,0.1504714810707071,0.14125039530570224,0.0657216494845361,0.340237883454913,97
tct,9,spatial,3,0.12,0.04226405211328783,0.681043034359576,0.05154639175257733,0.4544623656228458,97
tct,9,a_ratio,3,0.12,0.15911720543635355,0.1195315449175867,0.10352233676975947,0.1330387570764664,97
tct,9,nqc,3,0.12,0.1523874900098846,0.13619692859753643,0.08977663230240551,0.19265661141875967,97
tct,9,bertQPP,3,0.12,0.20087375466519983,0.048508263247205266,0.11125429553264607,0.10643517898925002,97
tct,9,bertQPP(QV),3,0.12,0.15482628969392187,0.12996473988899823,0.06915807560137457,0.3155898965616176,97
tct,9,spatial,3,0.14,0.04766077880036758,0.6429467976869222,0.053694158075601385,0.43588378893929247,97
tct,9,a_ratio,3,0.14,0.17092453193938736,0.0941442120629136,0.11340206185567013,0.09984779835922447,97
tct,9,nqc,3,0.14,0.1529918330478628,0.13463181350997883,0.09063573883161513,0.18843365829791547,97
tct,9,bertQPP,3,0.14,0.2054583558251289,0.04349856953215054,0.11855670103092786,0.08536128644887009,97
tct,9,bertQPP(QV),3,0.14,0.15935678908160203,0.11896862422803758,0.07302405498281789,0.28929863271816614,97
tct,9,spatial,3,0.16,0.053236458601608715,0.6045359161862532,0.05584192439862544,0.41775090102760204,97
tct,9,a_ratio,3,0.16,0.18249874225540766,0.0735889046363317,0.12671821305841927,0.06594102788919391,97
tct,9,nqc,3,0.16,0.1536245369950748,0.13300794979189395,0.09149484536082475,0.1842793810224047,97
tct,9,bertQPP,3,0.16,0.21022118846446874,0.038757371809869344,0.1207044673539519,0.07984982362376257,97
tct,9,bertQPP(QV),3,0.16,0.16407080073520514,0.10830368829108115,0.0738831615120275,0.2836625052763587,97
tct,9,spatial,3,0.18,0.05899510937041668,0.565966167429812,0.05970790378006874,0.38625489539833124,97
tct,9,a_ratio,3,0.18,0.19377726965069986,0.05719572691205727,0.13530927835051548,0.04958921997609662,97
tct,9,nqc,3,0.18,0.15428763827006858,0.13132212862466516,0.09235395189003438,0.18019329783502935,97
tct,9,bertQPP,3,0.18,0.21516907344825367,0.0342975342291176,0.1245704467353952,0.07065977324075139,97
tct,9,bertQPP(QV),3,0.18,0.16897621866611356,0.09801192029942446,0.07603092783505157,0.269899250718855,97
tct,9,spatial,3,0.2,0.06494029963765274,0.5274104157067216,0.06486254295532648,0.34658765831762584,97
tct,9,a_ratio,3,0.2,0.20470181458259173,0.044294310030704956,0.14218213058419246,0.039091423487606906,97
tct,9,nqc,3,0.2,0.15498337218557284,0.1295709211895605,0.093213058419244,0.17617491386576734,97
tct,9,bertQPP,3,0.2,0.2203086442789435,0.030130031556060848,0.12414089347079041,0.07163599473940602,97
tct,9,bertQPP(QV),3,0.2,0.1740809214586967,0.08813495659749317,0.07946735395189004,0.2488442983857856,97
tct,9,spatial,3,0.22,0.07107503853739247,0.4890573242167622,0.06743986254295534,0.3277635503646662,97
tct,9,a_ratio,3,0.22,0.21521984201418878,0.03425411135701787,0.14991408934707906,0.029598455953974822,97
tct,9,nqc,3,0.22,0.15571419772153663,0.12775066216081232,0.09235395189003438,0.18019329783502935,97
tct,9,bertQPP,3,0.22,0.22564620671149546,0.026263573824985193,0.12757731958762888,0.06412770883743656,97
tct,9,bertQPP(QV),3,0.22,0.17939265874769672,0.07871325782578768,0.0854810996563574,0.2148174024411691,97
tct,9,spatial,3,0.24,0.0774016520647474,0.4511092936908313,0.07087628865979383,0.3037170573623521,97
tct,9,a_ratio,3,0.24,0.22528582122361626,0.026510643013055935,0.15335051546391754,0.026061836085581373,97
tct,9,nqc,3,0.24,0.1564828260755876,0.12585743221612777,0.09192439862542956,0.1822278457949571,97
tct,9,bertQPP,3,0.24,0.23118756340214194,0.02270424153315332,0.13359106529209622,0.05255528194642074,97
tct,9,bertQPP(QV),3,0.24,0.18491890665524474,0.0697851676061276,0.08762886597938145,0.2035174890452155,97
tct,9,spatial,3,0.26,0.08392164530830684,0.4137795519739145,0.07517182130584193,0.27534857568608007,97
tct,9,a_ratio,3,0.26,0.23486214143814194,0.020578609174889205,0.15936426116838492,0.0207470988785446,97
tct,9,nqc,3,0.26,0.15729225367634458,0.12388703963909417,0.09106529209621994,0.18634796497677564,97
tct,9,bertQPP,3,0.26,0.23693779685935928,0.019455149985065263,0.1327319587628866,0.054093065441640706,97
tct,9,bertQPP(QV),3,0.26,0.19066668586235,0.06138586947672756,0.09278350515463919,0.1781756748775648,97
tct,9,spatial,3,0.28,0.09063555068915052,0.3772883558384865,0.07860824742268042,0.2539971105350425,97
tct,9,a_ratio,3,0.28,0.24391966508857427,0.01605454965214055,0.16365979381443302,0.01755425786967657,97
tct,9,nqc,3,0.28,0.15814580048996735,0.12183500115106548,0.09063573883161513,0.18843365829791547,97
tct,9,bertQPP,3,0.28,0.24290100311307983,0.016516164414900506,0.13445017182130586,0.05105421646643944,97
tct,9,bertQPP(QV),3,0.28,0.196642335093936,0.053546269557066664,0.09836769759450173,0.15345704089516993,97
tct,9,spatial,3,0.3,0.09754276275910849,0.3418583181011291,0.08333333333333336,0.22656268559471548,97
tct,9,a_ratio,3,0.3,0.25243791121233283,0.012612202710612126,0.1709621993127148,0.013106785247853048,97
tct,9,nqc,3,0.3,0.15904715463041236,0.11969652219846595,0.09192439862542956,0.1822278457949571,97
tct,9,bertQPP,3,0.3,0.24907996775578856,0.013883689611870073,0.14046391752577322,0.04152093691345949,97
tct,9,bertQPP(QV),3,0.3,0.20285123193879123,0.04629184600001674,0.10223367697594504,0.13793469449367568,97
tct,9,spatial,3,0.32,0.10464136078153251,0.30770893953728184,0.08419243986254298,0.22181074839562664,97
tct,9,a_ratio,3,0.32,0.2604048904541485,0.009993640803563969,0.17482817869415812,0.011182156616858724,97
tct,9,nqc,3,0.32,0.16000042450872945,0.11746647704411485,0.09278350515463919,0.1781756748775648,97
tct,9,bertQPP,3,0.32,0.2554757754622049,0.011550558339914415,0.14089347079037803,0.040901875311072,97
tct,9,bertQPP(QV),3,0.32,0.20929745220751905,0.039641520851735515,0.10824742268041239,0.11623089832126132,97
tct,9,spatial,3,0.34,0.11192792115206585,0.2750505034198891,0.0854810996563574,0.2148174024411691,97
tct,9,a_ratio,3,0.34,0.2678166368247578,0.007998629164842211,0.17998281786941583,0.009007907605249525,97
tct,9,nqc,3,0.34,0.16101020003897973,0.11513938918056105,0.09278350515463919,0.1781756748775648,97
tct,9,bertQPP,3,0.34,0.26208734394805455,0.00950604123755448,0.1512027491408935,0.028226597294347726,97
tct,9,bertQPP(QV),3,0.34,0.21598335860610535,0.033606624052396755,0.10996563573883163,0.110550087489207,97
tct,9,spatial,3,0.36,0.11939732272178974,0.24407757523795184,0.09450171821305844,0.17027316035268703,97
tct,9,a_ratio,3,0.36,0.2746764976974336,0.006473908645820275,0.18256013745704472,0.00806936233603351,97
tct,9,nqc,3,0.36,0.16208162477452775,0.11270941281657594,0.09149484536082475,0.1842793810224047,97
tct,9,bertQPP,3,0.36,0.26891087384586965,0.007735996521436337,0.1550687285223368,0.024434836082135623,97
tct,9,bertQPP(QV),3,0.36,0.22290910959210497,0.028190030894173757,0.11554982817869418,0.09358972367387966,97
tct,9,spatial,3,0.38,0.12704254925516145,0.21496243275882265,0.09922680412371135,0.1498976871116754,97
tct,9,a_ratio,3,0.38,0.28099425167872805,0.005303413114012601,0.18771477663230243,0.006450561996249079,97
tct,9,nqc,3,0.38,0.16322048130047317,0.11017031650804601,0.09192439862542956,0.1822278457949571,97
tct,9,bertQPP,3,0.38,0.27593920751547263,0.00622317031746579,0.15807560137457047,0.021798803662876853,97
tct,9,bertQPP(QV),3,0.38,0.23007208019310257,0.02338556064900042,0.11898625429553265,0.08423505409007553,97
tct,9,spatial,3,0.4,0.1348544945685593,0.18784882086738855,0.09922680412371135,0.1498976871116754,97
tct,9,a_ratio,3,0.4,0.2867851245002219,0.004399896191019105,0.19759450171821308,0.0041396512632380965,97
tct,9,nqc,3,0.4,0.1644332927849539,0.10751547044342392,0.09278350515463919,0.1781756748775648,97
tct,9,bertQPP,3,0.4,0.2831610928377092,0.004947647806811017,0.1658075601374571,0.016125841537736958,97
tct,9,bertQPP(QV),3,0.4,0.23746618871379838,0.01917772230342616,0.11941580756013748,0.08312087785946547,97
tct,9,spatial,3,0.42,0.14282177730754286,0.16284646870408423,0.1009450171821306,0.14296835148549844,97
tct,9,a_ratio,3,0.42,0.29206876739558535,0.003698081741332001,0.19759450171821308,0.0041396512632380965,97
tct,9,nqc,3,0.42,0.1657274443330078,0.10473783949537023,0.09149484536082475,0.1842793810224047,97
tct,9,bertQPP,3,0.42,0.29056035314503303,0.0038874421597767032,0.1666666666666667,0.01558372473088864,97
tct,9,bertQPP(QV),3,0.42,0.2450811271601602,0.015541880578655208,0.12113402061855671,0.07878300963914868,97
tct,9,spatial,3,0.44,0.15093057376037008,0.1400268109465187,0.10738831615120277,0.11915605807960761,97
tct,9,a_ratio,3,0.44,0.2968682524943035,0.003149242896799393,0.20360824742268044,0.003130893451622874,97
tct,9,nqc,3,0.44,0.16711132874419343,0.10182998497425771,0.09278350515463919,0.1781756748775648,97
tct,9,bertQPP,3,0.44,0.2981149722995637,0.0030191936804639004,0.16838487972508595,0.01454739544260673,97
tct,9,bertQPP(QV),3,0.44,0.2529014994894656,0.01244488978053925,0.12800687285223372,0.06323660544752113,97
tct,9,spatial,3,0.46,0.15916447846843834,0.11942031088556371,0.11383161512027494,0.0985701799206937,97
tct,9,a_ratio,3,0.46,0.30120912758992185,0.002717014956082098,0.2053264604810997,0.002887015591872923,97
tct,9,nqc,3,0.46,0.16859452252058277,0.09878407914855057,0.09192439862542956,0.1822278457949571,97
tct,9,bertQPP,3,0.46,0.30579611525183836,0.0023189376210048817,0.17353951890034366,0.011793812186781842,97
tct,9,bertQPP(QV),3,0.46,0.2609058811369839,0.009846204469424042,0.13101374570446736,0.05728140399891128,97
tct,9,spatial,3,0.48,0.16750440354493468,0.10101568618257303,0.11769759450171824,0.08765026442852013,97
tct,9,a_ratio,3,0.48,0.3051185599875086,0.002374218606112058,0.20317869415807563,0.0031947282487263706,97
tct,9,nqc,3,0.48,0.17018799960242187,0.09559193814526447,0.093213058419244,0.17617491386576734,97
tct,9,bertQPP,3,0.48,0.3135671198283408,0.0017628881500711183,0.1752577319587629,0.010984624932232429,97
tct,9,bertQPP(QV),3,0.48,0.2690658263237857,0.007699427133164586,0.14218213058419246,0.039091423487606906,97
tct,9,spatial,3,0.5,0.17592852838458234,0.08476119297285924,0.1202749140893471,0.08092834885233069,97
tct,9,a_ratio,3,0.5,0.308624587334528,0.002100480410877336,0.2053264604810997,0.002887015591872923,97
tct,9,nqc,3,0.5,0.17190439245853137,0.09224508096665253,0.09364261168384881,0.17419095096502246,97
tct,9,bertQPP,3,0.5,0.3213825153308305,0.0013281804362513556,0.17310996563573885,0.01200419316896961,97
tct,9,bertQPP(QV),3,0.5,0.27734486686368387,0.0059541998577611445,0.14948453608247425,0.030068308790855192,97
tct,9,spatial,3,0.52,0.18441231165211408,0.07056794381064835,0.12800687285223372,0.06323660544752113,97
tct,9,a_ratio,3,0.52,0.31175548324193403,0.001880466147730734,0.20446735395189009,0.0030066996042901117,97
tct,9,nqc,3,0.52,0.17375831301233338,0.08873482527004573,0.093213058419244,0.17617491386576734,97
tct,9,bertQPP,3,0.52,0.32918714749184663,0.0009935146352419322,0.18513745704467358,0.007219338175415614,97
tct,9,bertQPP(QV),3,0.52,0.28569756753940667,0.004558298171673585,0.1516323024054983,0.027781654237823455,97
tct,9,spatial,3,0.54,0.19292857688114615,0.05831504197398878,0.13187285223367698,0.055668220302014286,97
tct,9,a_ratio,3,0.54,0.314539237516995,0.0017025764951566524,0.20661512027491413,0.0027156275780873427,97
tct,9,nqc,3,0.54,0.17576674969932218,0.08505243454551985,0.09235395189003438,0.18019329783502935,97
tct,9,bertQPP,3,0.54,0.3369155160700629,0.0007396554379141011,0.18728522336769762,0.006573343269072617,97
tct,9,bertQPP(QV),3,0.54,0.29406872774677195,0.0034597510111689404,0.1589347079037801,0.021092644173514117,97
tct,9,spatial,3,0.56,0.20144768152299952,0.0478561365184905,0.12929553264604812,0.060624507125192455,97
tct,9,a_ratio,3,0.56,0.31700314501658244,0.0015579869728619387,0.20876288659793818,0.0024505203740822256,97
tct,9,nqc,3,0.56,0.17794956208677726,0.08118933677811542,0.09149484536082475,0.1842793810224047,97
tct,9,bertQPP,3,0.56,0.3444914579845355,0.0005497577443310187,0.1859965635738832,0.006954397086601862,97
tct,9,bertQPP(QV),3,0.56,0.302392844859362,0.002608800315982012,0.16967353951890035,0.013810511589466142,97
tct,9,spatial,3,0.58,0.20993777672924555,0.0390268672062814,0.1314432989690722,0.05647001729864357,97
tct,9,a_ratio,3,0.58,0.31917349331199757,0.0014399419250321144,0.21134020618556704,0.0021637443470699886,97
tct,9,nqc,3,0.58,0.18033010144423509,0.07713744210624345,0.09192439862542956,0.1822278457949571,97
tct,9,bertQPP,3,0.58,0.35182833048328915,0.00040951024746840186,0.19201030927835053,0.00533157487845821,97
tct,9,bertQPP(QV),3,0.58,0.3105939777690367,0.0019595323005864008,0.17611683848797252,0.010598840128977079,97
tct,9,spatial,3,0.6,0.21836516148771684,0.031652598340236586,0.14175257731958765,0.039687194240219145,97
tct,9,a_ratio,3,0.6,0.32107533722186565,0.001343234925543796,0.21176975945017185,0.0021190549684448486,97
tct,9,nqc,3,0.6,0.18293599513807765,0.07288959702930999,0.09278350515463919,0.1781756748775648,97
tct,9,bertQPP,3,0.6,0.35882985838019454,0.00030711030780622135,0.20317869415807563,0.0031947282487263706,97
tct,9,bertQPP(QV),3,0.6,0.31858616346819485,0.0014710586662363633,0.18771477663230243,0.006450561996249079,97
tct,9,spatial,3,0.62,0.2266947300309906,0.02555584680671983,0.14819587628865982,0.031516517606653575,97
tct,9,a_ratio,3,0.62,0.3227323474544108,0.001263825570484977,0.21520618556701035,0.0017908788065225548,97
tct,9,nqc,3,0.62,0.18580014571902348,0.06844022613883285,0.093213058419244,0.17617491386576734,97
tct,9,bertQPP,3,0.62,0.3653917981617675,0.00023310135701567087,0.21563573883161516,0.0017533187111864498,97
tct,9,bertQPP(QV),3,0.62,0.326274537779783,0.0011081914598913955,0.20103092783505158,0.0035320539175627825,97
tct,9,spatial,3,0.64,0.23489050591101104,0.020562889407440076,0.15678694158075604,0.022896601370035064,97
tct,9,a_ratio,3,0.64,0.3241667207467206,0.0011985559561865193,0.21993127147766325,0.0014156009702633058,97
tct,9,nqc,3,0.64,0.18896201343574398,0.0637862299360736,0.09450171821305844,0.17027316035268703,97
tct,9,bertQPP,3,0.64,0.37140453082773506,0.000180115059101708,0.22079037800687287,0.0013557124652369783,97
tct,9,bertQPP(QV),3,0.64,0.3335572851182086,0.0008416261203982327,0.21134020618556704,0.0021637443470699886,97
tct,9,spatial,3,0.66,0.24291625014567364,0.016509171422027652,0.1658075601374571,0.016125841537736958,97
tct,9,a_ratio,3,0.66,0.32539913967949363,0.0011449400660997503,0.2177835051546392,0.0015761513468118154,97
tct,9,nqc,3,0.66,0.19246927547318116,0.05892822958637575,0.09536082474226806,0.16642177733641728,97
tct,9,bertQPP,3,0.66,0.3767566181744366,0.00014256333395212977,0.22293814432989695,0.0012160687743494618,97
tct,9,bertQPP(QV),3,0.66,0.34032848452794273,0.0006477082970258676,0.2177835051546392,0.0015761513468118154,97
tct,9,spatial,3,0.68,0.25073612488949315,0.013243306309571722,0.16838487972508595,0.01454739544260673,97
tct,9,a_ratio,3,0.68,0.3264487715213091,0.0011010065869654822,0.2173539518900344,0.0016102081655090619,97
tct,9,nqc,3,0.68,0.1963799888282538,0.053872276029171315,0.09407216494845362,0.1722237215768213,97
tct,9,bertQPP,3,0.68,0.3813392433902628,0.00011632097260292715,0.22895189003436428,0.0008926252002239728,97
tct,9,bertQPP(QV),3,0.68,0.3464818276087079,0.0005078994905027569,0.2255154639175258,0.0010660691222714972,97
tct,9,spatial,3,0.7,0.2583153887504386,0.010629626290609403,0.17268041237113405,0.01221789425088413,97
tct,9,a_ratio,3,0.7,0.3273332968173799,0.0010651809958646709,0.21606529209621997,0.0017164841150655054,97
tct,9,nqc,3,0.7,0.20076542907293599,0.04863216879127023,0.09579037800687287,0.16452082122278677,97
tct,9,bertQPP,3,0.7,0.3850513155568479,9.843040914806237e-05,0.2328178694158076,0.0007289565212236814,97
tct,9,bertQPP(QV),3,0.7,0.3519150634274988,0.00040806953013687705,0.22895189003436428,0.0008926252002239728,97
tct,9,spatial,3,0.72,0.26562109578244625,0.00854938940831277,0.17998281786941583,0.009007907605249525,97
tct,9,a_ratio,3,0.72,0.3280689598406906,0.0010361966205331514,0.21219931271477666,0.0020752134680172376,97
tct,9,nqc,3,0.72,0.20571383641054558,0.043232550394250883,0.09621993127147768,0.16263626465805225,97
tct,9,bertQPP,3,0.72,0.38780486995856533,8.684935174297101e-05,0.2392611683848798,0.0005166931871154039,97
tct,9,bertQPP(QV),3,0.72,0.3565348913817632,0.0003377330347433076,0.2298109965635739,0.0008535554716530555,97
tct,9,spatial,3,0.74,0.2726227678795235,0.006900853162725864,0.18814432989690724,0.00632984784895861,97
tct,9,a_ratio,3,0.74,0.3286706343724788,0.0010130271692432706,0.21219931271477666,0.0020752134680172376,97
tct,9,nqc,3,0.74,0.21133537200225536,0.03771293408353461,0.10395189003436428,0.13143701983340042,97
tct,9,bertQPP,3,0.74,0.3895302732327343,8.025213711802612e-05,0.2379725085910653,0.0005538759115824682,97
tct,9,bertQPP(QV),3,0.74,0.3602619002951788,0.0002893204571161115,0.23496563573883167,0.0006505425158083947,97
tct,9,spatial,3,0.76,0.2792930101817016,0.005598481230770501,0.19201030927835053,0.00533157487845821,97
tct,9,a_ratio,3,0.76,0.32915189951589763,0.0009948352469210844,0.21048109965635742,0.002255725464528707,97
tct,9,nqc,3,0.76,0.21776865824053238,0.032132738834161234,0.10438144329896909,0.12985027258664464,97
tct,9,bertQPP,3,0.76,0.3901806793681062,7.788857925118913e-05,0.23582474226804126,0.000621432826309228,97
tct,9,bertQPP(QV),3,0.76,0.3630350714120227,0.0002575420224140727,0.23840206185567014,0.0005412133012575864,97
tct,9,spatial,3,0.78,0.28560804134480333,0.004571561296391271,0.19286941580756015,0.005130036782382208,97
tct,9,a_ratio,3,0.78,0.32952512134110334,0.0009809328362005811,0.20790378006872856,0.0025535840012904936,97
tct,9,nqc,3,0.78,0.22518929821915576,0.026577150707474132,0.1048109965635739,0.1282784361242476,97
tct,9,bertQPP,3,0.78,0.38973520759602387,7.950030823462559e-05,0.23711340206185572,0.000580033168540485,97
tct,9,bertQPP(QV),3,0.78,0.3648153522840113,0.0002388731468231006,0.2414089347079038,0.0004598488311252096,97
tct,9,spatial,3,0.8,0.29154811502022876,0.003762488695305416,0.19243986254295536,0.005229928831102741,97
tct,9,a_ratio,3,0.8,0.3298015371015377,0.000970750782069172,0.20704467353951894,0.0026605976928076114,97
tct,9,nqc,3,0.8,0.23382059607572123,0.021163025316637003,0.10953608247422682,0.11194930892644765,97
tct,9,bertQPP,3,0.8,0.3882004362866374,8.529379675180517e-05,0.23969072164948454,0.0005048251929224872,97
tct,9,bertQPP(QV),3,0.8,0.36558788292670485,0.00023116755585788306,0.24097938144329903,0.0004707284379041492,97
tct,9,spatial,3,0.82,0.297097815257497,0.0031249255655971067,0.19501718213058422,0.004655971971265852,97
tct,9,a_ratio,3,0.82,0.3299913395524108,0.0009638150893188929,0.20446735395189009,0.0030066996042901117,97
tct,9,nqc,3,0.82,0.24394591618414568,0.016042802792191502,0.11254295532646051,0.10244263799035044,97
tct,9,bertQPP,3,0.82,0.3856100125717715,9.597054110240048e-05,0.23539518900343648,0.0006358327263393619,97
tct,9,bertQPP(QV),3,0.82,0.36536260965321116,0.0002333904899869909,0.2405498281786942,0.0004818477915141724,97
tct,9,spatial,3,0.84,0.3022462161716732,0.0026219912280741253,0.202319587628866,0.003325969220576063,97
tct,9,a_ratio,3,0.84,0.33010375955398763,0.0009597284041186116,0.20618556701030932,0.0027716955730928564,97
tct,9,nqc,3,0.84,0.2559195716795115,0.011402187970821213,0.12500000000000003,0.06969448971824621,97
tct,9,bertQPP,3,0.84,0.38202242598212377,0.0001128170082750211,0.23625429553264607,0.0006073368350083252,97
tct,9,bertQPP(QV),3,0.84,0.3641732283371506,0.00024545772678768497,0.23195876288659797,0.0007627126312502382,97
tct,9,spatial,3,0.86,0.30698690435756376,0.0022245866404653537,0.2014604810996564,0.0034621026042757834,97
tct,9,a_ratio,3,0.86,0.3301471456690812,0.0009581554626845947,0.20704467353951894,0.0026605976928076114,97
tct,9,nqc,3,0.86,0.27016564069309007,0.007444219216695223,0.1314432989690722,0.05647001729864357,97
tct,9,bertQPP,3,0.86,0.37751723300458107,0.00013785864163510286,0.2366838487972509,0.0005935388745829456,97
tct,9,bertQPP(QV),3,0.86,0.3620746149465357,0.00026816415048173497,0.2298109965635739,0.0008535554716530555,97
tct,9,spatial,3,0.88,0.31131787039611836,0.001909910382662099,0.19974226804123715,0.0037496927052216027,97
tct,9,a_ratio,3,0.88,0.33012903988271947,0.0009588115928324512,0.20489690721649487,0.002946303078171719,97
tct,9,nqc,3,0.88,0.28713302951461006,0.004350270820820553,0.14218213058419246,0.039091423487606906,97
tct,9,bertQPP,3,0.88,0.3721901982539917,0.00017408202140037886,0.22680412371134026,0.0009976667225656776,97
tct,9,bertQPP(QV),3,0.88,0.3591390819593864,0.00030318570683083646,0.22465635738831619,0.0011140538745299275,97
tct,9,spatial,3,0.9,0.3152412826757809,0.0016601886746359096,0.20403780068728525,0.00306822352558543,97
tct,9,a_ratio,3,0.9,0.33005624889878216,0.0009614535779681646,0.20446735395189009,0.0030066996042901117,97
tct,9,nqc,3,0.9,0.30711819654935724,0.0022143986406661623,0.16537800687285226,0.016403064445582434,97
tct,9,bertQPP,3,0.9,0.3661479051445451,0.00022572585555934055,0.2216494845360825,0.001298168853613724,97
tct,9,bertQPP(QV),3,0.9,0.3554519107906845,0.0003531388368235056,0.22250859106529214,0.001242886914966472,97
tct,9,spatial,3,0.92,0.3187631620997573,0.0014616176916465928,0.20017182130584193,0.0036758280937195186,97
tct,9,a_ratio,3,0.92,0.3299349107190561,0.0009658723592566976,0.20704467353951894,0.0026605976928076114,97
tct,9,nqc,3,0.92,0.32972719361232516,0.0009734797886711516,0.19243986254295536,0.005229928831102741,97
tct,9,bertQPP,3,0.92,0.35950237856807454,0.00029863388773227986,0.21176975945017185,0.0021190549684448486,97
tct,9,bertQPP(QV),3,0.92,0.35110663879419296,0.00042168078079905775,0.21993127147766325,0.0014156009702633058,97
tct,9,spatial,3,0.94,0.3218929797497977,0.0013035015739695567,0.19974226804123715,0.0037496927052216027,97
tct,9,a_ratio,3,0.94,0.3297705563985568,0.0009718871757382412,0.209192439862543,0.002400428947085522,97
tct,9,nqc,3,0.94,0.3524988211172294,0.0003984933157280574,0.21907216494845363,0.0014779202366871586,97
tct,9,bertQPP,3,0.94,0.35236617197481296,0.00040065102937924586,0.20876288659793818,0.0024505203740822256,97
tct,9,bertQPP(QV),3,0.94,0.3462005322222751,0.0005136322564073318,0.2134879725085911,0.0019486331283160838,97
tct,9,spatial,3,0.96,0.32464320114633644,0.0011775619487459053,0.19759450171821308,0.0041396512632380965,97
tct,9,a_ratio,3,0.96,0.3295681670092877,0.0009793408352114078,0.2096219931271478,0.002351276432455258,97
tct,9,nqc,3,0.96,0.3683102631301783,0.00020580586613006249,0.22508591065292102,0.0010898172708815595,97
tct,9,bertQPP,3,0.96,0.3448482336935527,0.0005420294695964701,0.20790378006872856,0.0025535840012904936,97
tct,9,bertQPP(QV),3,0.96,0.3408305766740055,0.0006351014769172843,0.20833333333333337,0.0025015666651811157,97
tct,9,spatial,3,0.98,0.3270288005166233,0.001077392320296442,0.2014604810996564,0.0034621026042757834,97
tct,9,a_ratio,3,0.98,0.3293322259432172,0.0009880958788703437,0.20790378006872856,0.0025535840012904936,97
tct,9,nqc,3,0.98,0.3640356929818438,0.0002468896749153191,0.2212199312714777,0.001326652810302692,97
tct,9,bertQPP,3,0.98,0.3370507173149895,0.0007357972017236262,0.20704467353951894,0.0026605976928076114,97
tct,9,bertQPP(QV),3,0.98,0.3350901930979031,0.0007935863699519766,0.20575601374570449,0.0028288190417010725,97
tct,9,spatial,3,1.0,0.329066766752787,0.000998031455870069,0.20575601374570449,0.0028288190417010725,97
tct,9,a_ratio,3,1.0,0.329066766752787,0.000998031455870069,0.20575601374570449,0.0028288190417010725,97
tct,9,nqc,3,1.0,0.329066766752787,0.000998031455870069,0.20575601374570449,0.0028288190417010725,97
tct,9,bertQPP,3,1.0,0.329066766752787,0.000998031455870069,0.20575601374570449,0.0028288190417010725,97
tct,9,bertQPP(QV),3,1.0,0.329066766752787,0.000998031455870069,0.20575601374570449,0.0028288190417010725,97
tct,9,spatial,4,0.0,0.01338209682788323,0.8964907995035795,0.03393470790378007,0.6224147431170471,97
tct,9,a_ratio,4,0.0,0.08699727737016583,0.39681436807593695,0.0584192439862543,0.3965888091618368,97
tct,9,nqc,4,0.0,0.14926312794961863,0.14450956733786507,0.08719931271477664,0.2057421374120063,97
tct,9,bertQPP,4,0.0,0.17672691352325548,0.08333551015854819,0.10137457044673541,0.14127503537333896,97
tct,9,bertQPP(QV),4,0.0,0.1310712474602009,0.20065209966598066,0.05541237113402062,0.42134149715143543,97
tct,9,spatial,4,0.02,0.017972977606784693,0.8612897047290551,0.03823024054982819,0.5790561270652871,97
tct,9,a_ratio,4,0.02,0.09953920703023714,0.332021375776277,0.06701030927835053,0.3308539585593422,97
tct,9,nqc,4,0.02,0.1497587186597025,0.14316606538713056,0.08805841924398626,0.2013104039967497,97
tct,9,bertQPP,4,0.02,0.18057103368627822,0.07673655532380036,0.1009450171821306,0.14296835148549844,97
tct,9,bertQPP(QV),4,0.02,0.13484815928795868,0.187869752670707,0.06013745704467355,0.3828471200330016,97
tct,9,spatial,4,0.04,0.022712225455239002,0.8252340562055892,0.03908934707903781,0.5705575497769013,97
tct,9,a_ratio,4,0.04,0.112278708797206,0.2735393612499745,0.08462199312714778,0.2194617374170329,97
tct,9,nqc,4,0.04,0.150274807300134,0.14177704209411288,0.0889175257731959,0.1969487085850582,97
tct,9,bertQPP,4,0.04,0.18456395751020632,0.07033288523861703,0.10352233676975947,0.1330387570764664,97
tct,9,bertQPP(QV),4,0.04,0.13877599006649186,0.1752149948091097,0.06357388316151204,0.356252805453549,97
tct,9,spatial,4,0.06,0.02760453185962678,0.7883916050810181,0.04166666666666668,0.5454246199804633,97
tct,9,a_ratio,4,0.06,0.12516020095857588,0.22189117128673597,0.09235395189003438,0.18019329783502935,97
tct,9,nqc,4,0.06,0.15081268882351426,0.14034023209505797,0.09020618556701032,0.1905365207922204,97
tct,9,bertQPP,4,0.06,0.18871281383541827,0.06414343619783984,0.10652920962199315,0.12213859984356254,97
tct,9,bertQPP(QV),4,0.06,0.14286239496770417,0.1627256699634005,0.06529209621993129,0.34340339579060297,97
tct,9,spatial,4,0.08,0.03265454501747747,0.7508449491923326,0.04810996563573884,0.4850959502795227,97
tct,9,a_ratio,4,0.08,0.13812164208150124,0.1772785540317781,0.09793814432989692,0.1552606461818409,97
tct,9,nqc,4,0.08,0.15137376927305246,0.138853225628981,0.09020618556701032,0.1905365207922204,97
tct,9,bertQPP,4,0.08,0.19302499805127593,0.058186980241568084,0.11168384879725088,0.1050908480999539,97
tct,9,bertQPP(QV),4,0.08,0.14711537682962839,0.15044199980445355,0.06786941580756015,0.3246919364895129,97
tct,9,spatial,4,0.1,0.037866828950035014,0.7126924956772107,0.05240549828178695,0.4469779106399572,97
tct,9,a_ratio,4,0.1,0.151095516032297,0.13958916817783293,0.1048109965635739,0.1282784361242476,97
tct,9,nqc,4,0.1,0.15195957791689368,0.13731345791727578,0.09020618556701032,0.1905365207922204,97
tct,9,bertQPP,4,0.1,0.1975081498883448,0.052481843770687986,0.11297250859106532,0.10113858933462912,97
tct,9,bertQPP(QV),4,0.1,0.15154327608439522,0.13840634644411512,0.06829896907216496,0.32163912125241456,97
tct,9,spatial,4,0.12,0.04324581571967101,0.6740492020671959,0.050687285223367705,0.46201693847175085,97
tct,9,a_ratio,4,0.12,0.1640101690275863,0.1084359666157795,0.1202749140893471,0.08092834885233069,97
tct,9,nqc,4,0.12,0.15257178100272156,0.13571819776742952,0.09063573883161513,0.18843365829791547,97
tct,9,bertQPP,4,0.12,0.20217012065622805,0.047045586753120226,0.11512027491408937,0.09481550621817705,97
tct,9,bertQPP(QV),4,0.12,0.1561547519401057,0.12666287254503628,0.07173539518900345,0.2978933833803449,97
tct,9,spatial,4,0.14,0.04879575001047693,0.6350470127940948,0.05283505154639176,0.4432621351071514,97
tct,9,a_ratio,4,0.14,0.17679146094463782,0.08322108758298437,0.12929553264604812,0.060624507125192455,97
tct,9,nqc,4,0.14,0.15321219738979258,0.13406453537153915,0.09192439862542956,0.1822278457949571,97
tct,9,bertQPP,4,0.14,0.2070189272278127,0.04189464474243968,0.11941580756013748,0.08312087785946547,97
tct,9,bertQPP(QV),4,0.14,0.1609587523666735,0.11525708411348226,0.07259450171821306,0.29214479548279504,97
tct,9,spatial,4,0.16,0.05452062532353022,0.5958348996038687,0.053694158075601385,0.43588378893929247,97
tct,9,a_ratio,4,0.16,0.18936466040488087,0.06321248820935964,0.13530927835051548,0.04958921997609662,97
tct,9,nqc,4,0.16,0.1538828163630728,0.1323493692805716,0.09192439862542956,0.1822278457949571,97
tct,9,bertQPP,4,0.16,0.212062689488681,0.03704393848585973,0.12328178694158079,0.07362159410235054,97
tct,9,bertQPP(QV),4,0.16,0.16596446987633756,0.10423524259523809,0.0738831615120275,0.2836625052763587,97
tct,9,spatial,4,0.18,0.06042411105568167,0.5565784093725387,0.057989690721649494,0.40007019122296605,97
tct,9,a_ratio,4,0.18,0.20165648372337946,0.047620690274082736,0.1443298969072165,0.03622527510674091,97
tct,9,nqc,4,0.18,0.15458581799173376,0.13056939255069627,0.09149484536082475,0.1842793810224047,97
tct,9,bertQPP,4,0.18,0.2173095472856059,0.03250645903377116,0.12671821305841927,0.06594102788919391,97
tct,9,bertQPP(QV),4,0.18,0.1711812794237194,0.09364363582866533,0.07860824742268042,0.2539971105350425,97
tct,9,spatial,4,0.2,0.06650946978023634,0.5174586230313334,0.06056701030927836,0.3794578311122522,97
tct,9,a_ratio,4,0.2,0.21359715645537325,0.035665096045876324,0.14948453608247425,0.030068308790855192,97
tct,9,nqc,4,0.2,0.15532359646432276,0.12872107808029684,0.09278350515463919,0.1781756748775648,97
tct,9,bertQPP,4,0.2,0.22276755211213797,0.02829283993373389,0.1254295532646048,0.06874005870255491,97
tct,9,bertQPP(QV),4,0.2,0.17661865396626003,0.08352770232085494,0.08376288659793817,0.22417771625382632,97
tct,9,spatial,4,0.22,0.07277946413915687,0.4786704367077089,0.06357388316151204,0.356252805453549,97
tct,9,a_ratio,4,0.22,0.2251223669741879,0.026623351879924016,0.16151202749140894,0.01909240321886764,97
tct,9,nqc,4,0.22,0.1560987869185152,0.12680066318795755,0.09364261168384881,0.17419095096502246,97
tct,9,bertQPP,4,0.22,0.2284445278589695,0.024410932168075446,0.12929553264604812,0.060624507125192455,97
tct,9,bertQPP(QV),4,0.22,0.18228605231527983,0.0739310106324229,0.08848797250859108,0.19912082868170233,97
tct,9,spatial,4,0.24,0.07923625290003303,0.44042009278193983,0.06615120274914091,0.33709113316806516,97
tct,9,a_ratio,4,0.24,0.23617498655786767,0.01986173980562824,0.1670962199312715,0.015318729327102553,97
tct,9,nqc,4,0.24,0.15691429638838658,0.12480413352607062,0.09364261168384881,0.17419095096502246,97
tct,9,bertQPP,4,0.24,0.23434789393751373,0.020865401731167427,0.1327319587628866,0.054093065441640706,97
tct,9,bertQPP(QV),4,0.24,0.18819277286916175,0.06489410573169835,0.09020618556701032,0.1905365207922204,97
tct,9,spatial,4,0.26,0.0858812759390741,0.402921916116044,0.07173539518900345,0.2978933833803449,97
tct,9,a_ratio,4,0.26,0.24670644974102973,0.01484829332868303,0.16838487972508595,0.01454739544260673,97
tct,9,nqc,4,0.26,0.15777333962159867,0.12272720648608171,0.09278350515463919,0.1781756748775648,97
tct,9,bertQPP,4,0.26,0.24048444297712698,0.01765737375446952,0.138745704467354,0.04407710548149226,97
tct,9,bertQPP(QV),4,0.26,0.19434776566349146,0.0564532471669477,0.09364261168384881,0.17419095096502246,97
tct,9,spatial,4,0.28,0.09271512819632792,0.36639425040422186,0.07560137457044674,0.27261459721837655,97
tct,9,a_ratio,4,0.28,0.2566777196188251,0.01115257242648363,0.17439862542955328,0.011382836808156348,97
tct,9,nqc,4,0.28,0.15867948067922077,0.1205653143358295,0.09278350515463919,0.1781756748775648,97
tct,9,bertQPP,4,0.28,0.24686006414257372,0.014784150332788836,0.14261168384879727,0.03850326567762371,97
tct,9,bertQPP(QV),4,0.28,0.20075939392793127,0.04863907962624166,0.09879725085910654,0.15166941209887877,97
tct,9,spatial,4,0.3,0.09973742302384903,0.33105464154068204,0.07646048109965638,0.26720251399217865,97
tct,9,a_ratio,4,0.3,0.26605980081262365,0.008436744433246992,0.18170103092783507,0.008372001763204117,97
tct,9,nqc,4,0.3,0.15963668143042656,0.11831358744480491,0.093213058419244,0.17617491386576734,97
tct,9,bertQPP,4,0.3,0.2534794019960444,0.012239030993364819,0.147766323024055,0.03201236643126749,97
tct,9,bertQPP(QV),4,0.3,0.20743513506550287,0.041475294216089614,0.10609965635738833,0.1236515932692785,97
tct,9,spatial,4,0.32,0.10694664582329269,0.29711437767920423,0.08032646048109966,0.24376503221542667,97
tct,9,a_ratio,4,0.32,0.2748338023694496,0.006442192357904341,0.18857388316151205,0.006211170636578692,97
tct,9,nqc,4,0.32,0.16064935830388966,0.11596683811031269,0.093213058419244,0.17617491386576734,97
tct,9,bertQPP,4,0.32,0.26034543986423947,0.010011264284839616,0.15335051546391754,0.026061836085581373,97
tct,9,bertQPP(QV),4,0.32,0.21438120977043523,0.034977357203343884,0.10996563573883163,0.110550087489207,97
tct,9,spatial,4,0.34,0.11433999945524971,0.2647725658583023,0.08204467353951891,0.23382603249144784,97
tct,9,a_ratio,4,0.34,0.2829905885900599,0.004974851780247931,0.19587628865979384,0.004477722918252414,97
tct,9,nqc,4,0.34,0.16172244897154056,0.11351954571106157,0.09278350515463919,0.1781756748775648,97
tct,9,bertQPP,4,0.34,0.267458996062154,0.008086155440506863,0.1589347079037801,0.021092644173514117,97
tct,9,bertQPP(QV),4,0.34,0.221602127042715,0.029151399800224936,0.11554982817869418,0.09358972367387966,97
tct,9,spatial,4,0.36,0.12191324360330433,0.23420999700292885,0.08805841924398626,0.2013104039967497,97
tct,9,a_ratio,4,0.36,0.2905300834821588,0.003891329218480653,0.1937285223367698,0.004935409194231109,97
tct,9,nqc,4,0.36,0.16286149103721465,0.11096584420435239,0.093213058419244,0.17617491386576734,97
tct,9,bertQPP,4,0.36,0.27481812136104294,0.006445347829868713,0.16494845360824745,0.01668446543769203,97
tct,9,bertQPP(QV),4,0.36,0.22910013239500582,0.023993374723617258,0.1202749140893471,0.08092834885233069,97
tct,9,spatial,4,0.38,0.1296605310885533,0.20558311686668118,0.09922680412371135,0.1498976871116754,97
tct,9,a_ratio,4,0.38,0.2974603118589742,0.003086869587760712,0.19888316151202753,0.0039014834427261624,97
tct,9,nqc,4,0.38,0.16407271530745038,0.10829951337563638,0.09364261168384881,0.17419095096502246,97
tct,9,bertQPP,4,0.38,0.282417387178613,0.0050672846539287246,0.1709621993127148,0.013106785247853048,97
tct,9,bertQPP(QV),4,0.38,0.2368745469495091,0.019488588915965277,0.12199312714776635,0.07668417076895777,97
tct,9,spatial,4,0.4,0.1375742450431443,0.17901847037889446,0.10309278350515466,0.1346555631057889,97
tct,9,a_ratio,4,0.4,0.3037962666490054,0.002485534603110458,0.202319587628866,0.003325969220576063,97
tct,9,nqc,4,0.4,0.16536315686747904,0.1055139757812539,0.09364261168384881,0.17419095096502246,97
tct,9,bertQPP,4,0.4,0.2902470566707104,0.003927842366046516,0.17353951890034366,0.011793812186781842,97
tct,9,bertQPP(QV),4,0.4,0.24492098690112396,0.015611712938308266,0.12628865979381446,0.0668634129345248,97
tct,9,spatial,4,0.42,0.1456448418387355,0.1546080105628744,0.10180412371134022,0.13959717520298046,97
tct,9,a_ratio,4,0.42,0.30955868900004235,0.002032524807347769,0.20489690721649487,0.002946303078171719,97
tct,9,nqc,4,0.42,0.16674078801687997,0.1026023020462413,0.09493127147766325,0.1683392012081001,97
tct,9,bertQPP,4,0.42,0.29829213593434756,0.0030011097385765806,0.17439862542955328,0.011382836808156348,97
tct,9,bertQPP(QV),4,0.42,0.253230456658242,0.012327342725734559,0.13230240549828182,0.05487593045339063,97
tct,9,spatial,4,0.44,0.15386070568647406,0.13240565130257465,0.10910652920962201,0.11336246240953972,97
tct,9,a_ratio,4,0.44,0.31477283757522323,0.0016883647673244272,0.20790378006872856,0.0025535840012904936,97
tct,9,nqc,4,0.44,0.16821467819677396,0.09955722815675727,0.09536082474226806,0.16642177733641728,97
tct,9,bertQPP,4,0.44,0.3065313107674948,0.0022602684035819645,0.1752577319587629,0.010984624932232429,97
tct,9,bertQPP(QV),4,0.44,0.26178831571573824,0.009591147050824384,0.14003436426116841,0.04214791401843269,97
tct,9,spatial,4,0.46,0.16220802181918725,0.11242538936688669,0.1168384879725086,0.08998850130140247,97
tct,9,a_ratio,4,0.46,0.3194673088081258,0.0014246006912062592,0.21176975945017185,0.0021190549684448486,97
tct,9,nqc,4,0.46,0.1697951874459947,0.09637118971288068,0.09579037800687287,0.16452082122278677,97
tct,9,bertQPP,4,0.46,0.314935786853855,0.0016785149515743658,0.17955326460481102,0.009173476196585428,97
tct,9,bertQPP(QV),4,0.46,0.27057312995940636,0.007351575775697808,0.14862542955326463,0.03102727109196935,97
tct,9,spatial,4,0.48,0.17067067605410188,0.09464122397131862,0.12328178694158079,0.07362159410235054,97
tct,9,a_ratio,4,0.48,0.3236729534444347,0.001220670109516182,0.2169243986254296,0.001644941169576058,97
tct,9,nqc,4,0.48,0.17149420177014257,0.09303637990699287,0.09621993127147768,0.16263626465805225,97
tct,9,bertQPP,4,0.48,0.32346806881340645,0.001229954560840712,0.18513745704467358,0.007219338175415614,97
tct,9,bertQPP(QV),4,0.48,0.27955543368351815,0.00555203567447025,0.1469072164948454,0.033024149712135395,97
tct,9,spatial,4,0.5,0.17923018921653347,0.07898896723020193,0.12757731958762888,0.06412770883743656,97
tct,9,a_ratio,4,0.5,0.32742191859694125,0.0010616507113627345,0.21821305841924402,0.0015427588468996702,97
tct,9,nqc,4,0.5,0.17332542125054679,0.08954484043451395,0.0970790378006873,0.15891607395046403,97
tct,9,bertQPP,4,0.5,0.33208073698411067,0.0008903946195215609,0.19329896907216498,0.0050318722795436996,97
tct,9,bertQPP(QV),4,0.5,0.2886964499996357,0.004133372687144155,0.15721649484536085,0.02252544814571104,97
tct,9,spatial,4,0.52,0.18786569526681868,0.06536987891919468,0.13359106529209622,0.05255528194642074,97
tct,9,a_ratio,4,0.52,0.3307468302678148,0.0009366535528441729,0.21821305841924402,0.0015427588468996702,97
tct,9,nqc,4,0.52,0.1753047149765048,0.08588859785391245,0.09664948453608249,0.16076803875264556,97
tct,9,bertQPP,4,0.52,0.34071531012531064,0.0006379756288040477,0.19802405498281792,0.004058834798972484,97
tct,9,bertQPP(QV),4,0.52,0.29794684489245704,0.003036445644581765,0.16924398625429557,0.01405239227763608,97
tct,9,spatial,4,0.54,0.19655397189088497,0.053655893179166136,0.14518900343642613,0.03513003275683934,97
tct,9,a_ratio,4,0.54,0.33368011967570604,0.0008376809746231295,0.21950171821305847,0.0014464512863097319,97
tct,9,nqc,4,0.54,0.17745056125689226,0.08205986239211918,0.09793814432989692,0.1552606461818409,97
tct,9,bertQPP,4,0.54,0.34930131628844086,0.00045359550829928905,0.20360824742268044,0.003130893451622874,97
tct,9,bertQPP(QV),4,0.54,0.3072456232720777,0.0022045508500408884,0.17225085910652924,0.012434959394241826,97
tct,9,spatial,4,0.56,0.20526953166900774,0.043696055975592875,0.147766323024055,0.03201236643126749,97
tct,9,a_ratio,4,0.56,0.3362534880378522,0.0007588160244205878,0.22594501718213064,0.0010428004886634003,97
tct,9,nqc,4,0.56,0.1797845974830594,0.078051312230158,0.09922680412371135,0.1498976871116754,97
tct,9,bertQPP,4,0.56,0.3577557297935918,0.0003211094831988163,0.20661512027491413,0.0027156275780873427,97
tct,9,bertQPP(QV),4,0.56,0.3165193116016084,0.0015854695327720272,0.18427835051546396,0.0074933028749945285,97
tct,9,spatial,4,0.58,0.21398478062531703,0.03532368269934153,0.1473367697594502,0.03251488713772691,97
tct,9,a_ratio,4,0.58,0.33849749856911265,0.0006956467574515762,0.2298109965635739,0.0008535554716530555,97
tct,9,nqc,4,0.58,0.18233231207729647,0.07385649439221643,0.10008591065292097,0.14640165493450158,97
tct,9,bertQPP,4,0.58,0.3659829638639658,0.0002273161591394216,0.21219931271477666,0.0020752134680172376,97
tct,9,bertQPP(QV),4,0.58,0.32568160621369135,0.0011329629527237722,0.19243986254295536,0.005229928831102741,97
tct,9,spatial,4,0.6,0.22267024891766812,0.028363692608115335,0.1512027491408935,0.028226597294347726,97
tct,9,a_ratio,4,0.6,0.34044128099559,0.0006448563568125361,0.23152920962199317,0.0007801296905645403,97
tct,9,nqc,4,0.6,0.18512392202574504,0.06947038407810184,0.09493127147766325,0.1683392012081001,97
tct,9,bertQPP,4,0.6,0.3738756272465354,0.00016176543891117365,0.22079037800687287,0.0013557124652369783,97
tct,9,bertQPP(QV),4,0.6,0.3346336914447831,0.0008076240209128624,0.20446735395189009,0.0030066996042901117,97
tct,9,spatial,4,0.62,0.23129489564579206,0.02263958913302667,0.15807560137457047,0.021798803662876853,97
tct,9,a_ratio,4,0.62,0.3421123323523812,0.0006039301981987533,0.23067010309278352,0.00081607670119364,97
tct,9,nqc,4,0.62,0.1881954947741406,0.06489015822513614,0.09922680412371135,0.1498976871116754,97
tct,9,bertQPP,4,0.62,0.3813162476207856,0.00011644065351753387,0.22809278350515466,0.000933347093157991,97
tct,9,bertQPP(QV),4,0.62,0.3432654364665227,0.0005770914718238944,0.2177835051546392,0.0015761513468118154,97
tct,9,spatial,4,0.64,0.2398264863024066,0.0179796294172059,0.1658075601374571,0.016125841537736958,97
tct,9,a_ratio,4,0.64,0.3435363977396342,0.0005709454696108383,0.23195876288659797,0.0007627126312502382,97
tct,9,nqc,4,0.64,0.19159039446782,0.060116256693425775,0.09965635738831616,0.14814179266855426,97
tct,9,bertQPP,4,0.64,0.38818012223370424,8.537304604407365e-05,0.23410652920962205,0.0006809162092632265,97
tct,9,bertQPP(QV),4,0.64,0.35145765174646554,0.0004157204164553332,0.2255154639175258,0.0010660691222714972,97
tct,9,spatial,4,0.66,0.24823203742230024,0.014221848989096175,0.16924398625429557,0.01405239227763608,97
tct,9,a_ratio,4,0.66,0.34473741559060683,0.0005444192185779758,0.2328178694158076,0.0007289565212236814,97
tct,9,nqc,4,0.66,0.19536116201386955,0.05515382554048007,0.10180412371134022,0.13959717520298046,97
tct,9,bertQPP,4,0.66,0.3943393667633751,6.424198560619736e-05,0.24355670103092786,0.0004088834881762593,97
tct,9,bertQPP(QV),4,0.66,0.3590855141851119,0.0003038622510767493,0.23410652920962205,0.0006809162092632265,97
tct,9,spatial,4,0.68,0.25647831874307797,0.011217756616141696,0.18041237113402064,0.008845012615594157,97
tct,9,a_ratio,4,0.68,0.3457375134785137,0.0005231979080836286,0.22938144329896912,0.0008728876884960134,97
tct,9,nqc,4,0.68,0.19957197940861776,0.05001465953572256,0.09965635738831616,0.14814179266855426,97
tct,9,bertQPP,4,0.68,0.3996680939500259,5.0002053016803546e-05,0.2444158075601375,0.0003900155261817713,97
tct,9,bertQPP(QV),4,0.68,0.3660231486739335,0.00022692776129741425,0.24097938144329903,0.0004707284379041492,97
tct,9,spatial,4,0.7,0.26453239900256115,0.008834665663410896,0.19072164948453613,0.005647306460207743,97
tct,9,a_ratio,4,0.7,0.34655704226040285,0.000506376601944533,0.2298109965635739,0.0008535554716530555,97
tct,9,nqc,4,0.7,0.20430192514721887,0.04471977970280534,0.10309278350515466,0.1346555631057889,97
tct,9,bertQPP,4,0.7,0.4040484738293654,4.0562782573767137e-05,0.24699312714776633,0.0003381788389163567,97
tct,9,bertQPP(QV),4,0.7,0.37214918879068803,0.00017439224350655234,0.25042955326460486,0.0002790440350017295,97
tct,9,spatial,4,0.72,0.2723622177389223,0.006956759625908518,0.19931271477663232,0.003824903963020039,97
tct,9,a_ratio,4,0.72,0.34721463821256626,0.0004932394161901348,0.2285223367697595,0.0009127757207962206,97
tct,9,nqc,4,0.72,0.20964930330012632,0.0393027824565158,0.10524054982817871,0.12672143082539938,97
tct,9,bertQPP,4,0.72,0.40737723360321243,3.453244543195932e-05,0.2555841924398626,0.0002082313453780151,97
tct,9,bertQPP(QV),4,0.72,0.37735295166175375,0.00013886242911183261,0.256872852233677,0.0001933769855221948,97
tct,9,spatial,4,0.74,0.2799371625209817,0.005485085458352538,0.20317869415807563,0.0031947282487263706,97
tct,9,a_ratio,4,0.74,0.3477273046097279,0.00048321532575721824,0.2285223367697595,0.0009127757207962206,97
tct,9,nqc,4,0.74,0.215737425271917,0.03381404949647217,0.1086769759450172,0.11478963120763813,97
tct,9,bertQPP,4,0.74,0.40957198854235755,3.1026502862966834e-05,0.2603092783505155,0.00015848586196658186,97
tct,9,bertQPP(QV),4,0.74,0.38154068825521437,0.00011527742698328114,0.2521477663230241,0.0002532519652694692,97
tct,9,spatial,4,0.76,0.28722862927145026,0.004336722160670044,0.20274914089347082,0.003259747042536618,97
tct,9,a_ratio,4,0.76,0.3481105058519558,0.00047584512975033826,0.22895189003436428,0.0008926252002239728,97
tct,9,nqc,4,0.76,0.2227223303053082,0.028325750133610935,0.11168384879725088,0.1050908480999539,97
tct,9,bertQPP,4,0.76,0.4105767038891366,2.9535203829683334e-05,0.2684707903780069,9.786936882852283e-05,97
tct,9,bertQPP(QV),4,0.76,0.384641256223095,0.00010027297666200811,0.2577319587628867,0.0001840336555755922,97
tct,9,spatial,4,0.78,0.29421054302021626,0.0034433855121318918,0.21477663230240554,0.0018291772025326055,97
tct,9,a_ratio,4,0.78,0.34837826870322885,0.00047075657962814156,0.2328178694158076,0.0007289565212236814,97
tct,9,nqc,4,0.78,0.23080300225106873,0.022937182703476517,0.11297250859106532,0.10113858933462912,97
tct,9,bertQPP,4,0.78,0.41036561159265594,2.9842851685698295e-05,0.2731958762886598,7.358676773635807e-05,97
tct,9,bertQPP(QV),4,0.78,0.38661054968911585,9.170749006690178e-05,0.26503436426116844,0.00012008730713750342,97
tct,9,spatial,4,0.8,0.30085981766915504,0.0027497108965551073,0.21434707903780073,0.0018682268943729797,97
tct,9,a_ratio,4,0.8,0.34854328645757543,0.00046764551964587346,0.23410652920962205,0.0006809162092632265,97
tct,9,nqc,4,0.8,0.24023452353878214,0.017779188322133217,0.11726804123711342,0.08881318243030219,97
tct,9,bertQPP,4,0.8,0.40894506038503187,3.199241752964047e-05,0.27061855670103097,8.601885162206065e-05,97
tct,9,bertQPP(QV),4,0.8,0.38743413098961577,8.833117904395934e-05,0.2710481099656358,8.381752378824866e-05,97
tct,9,spatial,4,0.82,0.30715673613263217,0.00221141604844944,0.21477663230240554,0.0018291772025326055,97
tct,9,a_ratio,4,0.82,0.34861702289573937,0.0004662614860453175,0.23195876288659797,0.0007627126312502382,97
tct,9,nqc,4,0.82,0.25134384688357014,0.013014849494164373,0.1202749140893471,0.08092834885233069,97
tct,9,bertQPP,4,0.82,0.40635304327748956,3.629219538827341e-05,0.26589347079037806,0.0001141250014345169,97
tct,9,bertQPP(QV),4,0.82,0.3871277332015799,8.957353981016828e-05,0.26718213058419243,0.00010570268251880998,97
tct,9,spatial,4,0.84,0.313085236338573,0.0017934957089127729,0.21434707903780073,0.0018682268943729797,97
tct,9,a_ratio,4,0.84,0.348609813752204,0.0004663966356896691,0.2336769759450172,0.0006965926026270434,97
tct,9,nqc,4,0.84,0.2645451452571648,0.008831277873673615,0.12757731958762888,0.06412770883743656,97
tct,9,bertQPP,4,0.84,0.40265646923271325,4.336498170793818e-05,0.26632302405498287,0.00011124963084926736,97
tct,9,bertQPP(QV),4,0.84,0.38573559575883576,9.542553520734284e-05,0.26589347079037806,0.0001141250014345169,97
tct,9,spatial,4,0.86,0.31863309368502385,0.0014685500713500924,0.21993127147766325,0.0014156009702633058,97
tct,9,a_ratio,4,0.86,0.34853096409998596,0.0004678771778657915,0.23625429553264607,0.0006073368350083252,97
tct,9,nqc,4,0.86,0.2803432721604828,0.005414647317245643,0.14089347079037803,0.040901875311072,97
tct,9,bertQPP,4,0.86,0.39794655328883544,5.42438594369529e-05,0.26116838487972516,0.00015073942387955493,97
tct,9,bertQPP(QV),4,0.86,0.3833268933816075,0.0001063971227652999,0.2628865979381444,0.00013630357600274067,97
tct,9,spatial,4,0.88,0.32379199619302595,0.001215304928569865,0.22207903780068733,0.0012702502748310276,97
tct,9,a_ratio,4,0.88,0.3483888406021516,0.00047055670070942,0.23754295532646055,0.0005668140402706258,97
tct,9,nqc,4,0.88,0.29928921269903874,0.002901134962348628,0.15206185567010314,0.02734277211201925,97
tct,9,bertQPP,4,0.88,0.39233292449235113,7.052109782067148e-05,0.2607388316151203,0.0001545669713814958,97
tct,9,bertQPP(QV),4,0.88,0.3799907551185737,0.00012353546822559873,0.2573024054982818,0.0001886509599840551,97
tct,9,spatial,4,0.9,0.3285575142792768,0.0010173468762806506,0.22293814432989695,0.0012160687743494618,97
tct,9,a_ratio,4,0.9,0.34819095799763733,0.00047431094110981316,0.2366838487972509,0.0005935388745829456,97
tct,9,nqc,4,0.9,0.3217825676957719,0.0013088039715078042,0.17740549828178698,0.010042744211065484,97
tct,9,bertQPP,4,0.9,0.3859371526004839,9.45568269221511e-05,0.2555841924398626,0.0002082313453780151,97
tct,9,bertQPP(QV),4,0.9,0.37583050010234087,0.00014849251441598755,0.2491408934707904,0.00029998189638302743,97
tct,9,spatial,4,0.92,0.33292897231144547,0.0008620724982195546,0.22594501718213064,0.0010428004886634003,97
tct,9,a_ratio,4,0.92,0.34794405950622787,0.00047903366144407054,0.2392611683848798,0.0005166931871154039,97
tct,9,nqc,4,0.92,0.34744175947867095,0.0004887752381683482,0.2018900343642612,0.0033934144348203364,97
tct,9,bertQPP,4,0.92,0.37888636784603047,0.00012975083919847908,0.24742268041237117,0.00033019314561040996,97
tct,9,bertQPP(QV),4,0.92,0.37095772661638726,0.00018363171495899282,0.2452749140893471,0.0003719636432157586,97
tct,9,spatial,4,0.94,0.33690923350242485,0.0007398351722122446,0.2328178694158076,0.0007289565212236814,97
tct,9,a_ratio,4,0.94,0.34765419107276296,0.00048463338029750117,0.24012027491408938,0.0004932117335580638,97
tct,9,nqc,4,0.94,0.3734441449453236,0.0001648393132214814,0.22079037800687287,0.0013557124652369783,97
tct,9,bertQPP,4,0.94,0.37130752048175497,0.00018087325896755022,0.25042955326460486,0.0002790440350017295,97
tct,9,bertQPP(QV),4,0.94,0.36548679964448316,0.00023216258821613067,0.24269759450171827,0.0004286013573495472,97
tct,9,spatial,4,0.96,0.3405044129643865,0.0006432651521476849,0.23969072164948454,0.0005048251929224872,97
tct,9,a_ratio,4,0.96,0.3473267695404211,0.0004910307660580992,0.24312714776632308,0.0004186340215940853,97
tct,9,nqc,4,0.96,0.39139126276090175,7.366089342714163e-05,0.23024054982817874,0.0008346209629654949,97
tct,9,bertQPP,4,0.96,0.36332264368287054,0.0002544379794247937,0.24742268041237117,0.00033019314561040996,97
tct,9,bertQPP(QV),4,0.96,0.3595301276202261,0.0002982888161172735,0.23969072164948454,0.0005048251929224872,97
tct,9,spatial,4,0.98,0.343723535737665,0.0005667358432183033,0.24312714776632308,0.0004186340215940853,97
tct,9,a_ratio,4,0.98,0.3469666449613681,0.0004981565480297992,0.2444158075601375,0.0003900155261817713,97
tct,9,nqc,4,0.98,0.3860554858970546,9.40502408114833e-05,0.24570446735395193,0.0003632334933323789,97
tct,9,bertQPP,4,0.98,0.35504529138007246,0.0003590882564771231,0.24613402061855674,0.00035469522611087794,97
tct,9,bertQPP(QV),4,0.98,0.35319444482641826,0.00038735195425156803,0.24183848797250862,0.0004492042155364218,97
tct,9,spatial,4,1.0,0.3465781573317765,0.0005059498338369555,0.24355670103092786,0.0004088834881762593,97
tct,9,a_ratio,4,1.0,0.3465781573317765,0.0005059498338369555,0.24355670103092786,0.0004088834881762593,97
tct,9,nqc,4,1.0,0.3465781573317765,0.0005059498338369555,0.24355670103092786,0.0004088834881762593,97
tct,9,bertQPP,4,1.0,0.3465781573317765,0.0005059498338369555,0.24355670103092786,0.0004088834881762593,97
tct,9,bertQPP(QV),4,1.0,0.3465781573317765,0.0005059498338369555,0.24355670103092786,0.0004088834881762593,97
tct,9,spatial,5,0.0,0.01338209682788323,0.8964907995035795,0.03393470790378007,0.6224147431170471,97
tct,9,a_ratio,5,0.0,0.08699727737016583,0.39681436807593695,0.0584192439862543,0.3965888091618368,97
tct,9,nqc,5,0.0,0.14926312794961863,0.14450956733786507,0.08719931271477664,0.2057421374120063,97
tct,9,bertQPP,5,0.0,0.17672691352325548,0.08333551015854819,0.10137457044673541,0.14127503537333896,97
tct,9,bertQPP(QV),5,0.0,0.1310712474602009,0.20065209966598066,0.05541237113402062,0.42134149715143543,97
tct,9,spatial,5,0.02,0.017581141439944804,0.8642845904828489,0.038659793814433,0.5747994088567128,97
tct,9,a_ratio,5,0.02,0.0981126016986312,0.3390320592810463,0.06529209621993129,0.34340339579060297,97
tct,9,nqc,5,0.02,0.14971782225309735,0.1432765735764752,0.08719931271477664,0.2057421374120063,97
tct,9,bertQPP,5,0.02,0.18027586782173247,0.07722791252009743,0.1009450171821306,0.14296835148549844,97
tct,9,bertQPP(QV),5,0.02,0.1345591150037695,0.1888265591520349,0.06013745704467355,0.3828471200330016,97
tct,9,spatial,5,0.04,0.02190996247753719,0.8313142805653893,0.039948453608247426,0.5621188569054614,97
tct,9,a_ratio,5,0.04,0.10929020469187652,0.2865928886774392,0.0777491408934708,0.2592237212301055,97
tct,9,nqc,5,0.04,0.15019124026208394,0.1420012640969018,0.0889175257731959,0.1969487085850582,97
tct,9,bertQPP,5,0.04,0.18395749270175912,0.0712767407695695,0.10395189003436428,0.13143701983340042,97
tct,9,bertQPP(QV),5,0.04,0.1381832350446963,0.17708355766896164,0.0627147766323024,0.3627897011875757,97
tct,9,spatial,5,0.06,0.026371966880930353,0.7976333070810462,0.04166666666666668,0.5454246199804633,97
tct,9,a_ratio,5,0.06,0.1204726116511247,0.23982563796814116,0.08719931271477664,0.2057421374120063,97
tct,9,nqc,5,0.06,0.15068455887604323,0.14068149361988636,0.09020618556701032,0.1905365207922204,97
tct,9,bertQPP,5,0.06,0.18777751502533807,0.06549863082743654,0.1086769759450172,0.11478963120763813,97
tct,9,bertQPP(QV),5,0.06,0.14195003906236625,0.16545512543388663,0.06400343642611686,0.3530123788503621,97
tct,9,spatial,5,0.08,0.030970427548362336,0.7633066975559193,0.043814432989690726,0.5249088158491623,97
tct,9,a_ratio,5,0.08,0.1315993086227158,0.19882834285381415,0.09063573883161513,0.18843365829791547,97
tct,9,nqc,5,0.08,0.15119905537453004,0.1393149761152831,0.08977663230240551,0.19265661141875967,97
tct,9,bertQPP,5,0.08,0.19174177014176647,0.05991025281687985,0.11211340206185569,0.10376002930884054,97
tct,9,bertQPP(QV),5,0.08,0.14586616821639778,0.15397554070163647,0.0657216494845361,0.340237883454913,97
tct,9,spatial,5,0.1,0.035708439486941024,0.728411800643799,0.04896907216494846,0.4773342987798882,97
tct,9,a_ratio,5,0.1,0.14260816468379067,0.1634828578752991,0.10266323024054985,0.13628751627610397,97
tct,9,nqc,5,0.1,0.15173611830914946,0.13789927390848505,0.08977663230240551,0.19265661141875967,97
tct,9,bertQPP,5,0.1,0.1958561596866254,0.05452809454900567,0.11383161512027494,0.0985701799206937,97
tct,9,bertQPP(QV),5,0.1,0.14993844520425592,0.1426811802357838,0.06486254295532648,0.34658765831762584,97
tct,9,spatial,5,0.12,0.04058887003625556,0.6930388588406192,0.04982817869415808,0.4696411010880063,97
tct,9,a_ratio,5,0.12,0.1534370232137837,0.13348764890410678,0.10996563573883163,0.110550087489207,97
tct,9,nqc,5,0.12,0.15229725983888703,0.1364317858936542,0.09063573883161513,0.18843365829791547,97
tct,9,bertQPP,5,0.12,0.2001265964120386,0.04936821143176985,0.11426116838487975,0.09730564872611688,97
tct,9,bertQPP(QV),5,0.12,0.15417383500502607,0.13161028919408982,0.06915807560137457,0.3155898965616176,97
tct,9,spatial,5,0.14,0.045614302754131135,0.6572913664108622,0.05197594501718214,0.450711341430895,97
tct,9,a_ratio,5,0.14,0.16402537519513175,0.10840277997595969,0.11125429553264607,0.10643517898925002,97
tct,9,nqc,5,0.14,0.1528841297358967,0.13490973479456828,0.09192439862542956,0.1822278457949571,97
tct,9,bertQPP,5,0.14,0.20455893318739915,0.04444594365730361,0.11941580756013748,0.08312087785946547,97
tct,9,bertQPP(QV),5,0.14,0.15857939183950515,0.12080265749454877,0.07259450171821306,0.29214479548279504,97
tct,9,spatial,5,0.16,0.05078697461038348,0.6212861508410592,0.054123711340206195,0.432221333716273,97
tct,9,a_ratio,5,0.16,0.17431601432773397,0.08769984752062118,0.11597938144329899,0.09237668593402237,97
tct,9,nqc,5,0.16,0.1534985313303698,0.133330153417009,0.09278350515463919,0.1781756748775648,97
tct,9,bertQPP,5,0.16,0.20915887278330908,0.039775603369980955,0.11984536082474227,0.08201867152410211,97
tct,9,bertQPP(QV),5,0.16,0.1631621891459267,0.11029919036346489,0.07817869415807562,0.25660117603543875,97
tct,9,spatial,5,0.18,0.05610870622032818,0.585153113320035,0.05884879725085912,0.3931257746774063,97
tct,9,a_ratio,5,0.18,0.18425657075626697,0.07081000951442754,0.12328178694158079,0.07362159410235054,97
tct,9,nqc,5,0.18,0.15414243971335084,0.13168986984286726,0.093213058419244,0.17617491386576734,97
tct,9,bertQPP,5,0.18,0.2139318544605212,0.0353701368256535,0.12585910652920965,0.0677963948466897,97
tct,9,bertQPP(QV),5,0.18,0.16792922876280447,0.10014136252148863,0.08676975945017183,0.2079844017382293,97
tct,9,spatial,5,0.2,0.06158082497140284,0.5490345642806221,0.06142611683848798,0.37273483374323335,97
tct,9,a_ratio,5,0.2,0.19380082851351488,0.057164908481356046,0.12800687285223372,0.06323660544752113,97
tct,9,nqc,5,0.2,0.15481802257735244,0.12998549152712535,0.09364261168384881,0.17419095096502246,97
tct,9,bertQPP,5,0.2,0.2188829127377609,0.03124076930496731,0.12671821305841927,0.06594102788919391,97
tct,9,bertQPP(QV),5,0.2,0.1728873248274425,0.09037054868516226,0.08376288659793817,0.22417771625382632,97
tct,9,spatial,5,0.22,0.06720408106014193,0.5130840950584503,0.06357388316151204,0.356252805453549,97
tct,9,a_ratio,5,0.22,0.20290975050540258,0.0462275568085152,0.13445017182130586,0.05105421646643944,97
tct,9,nqc,5,0.22,0.15552766414895955,0.12821338827629816,0.09364261168384881,0.17419095096502246,97
tct,9,bertQPP,5,0.22,0.22401650302504572,0.027396643666196444,0.12757731958762888,0.06412770883743656,97
tct,9,bertQPP(QV),5,0.22,0.17804295715066767,0.08102722810521594,0.0854810996563574,0.2148174024411691,97
tct,9,spatial,5,0.24,0.07297855666932512,0.4774649373449794,0.06400343642611686,0.3530123788503621,97
tct,9,a_ratio,5,0.24,0.2115521613671329,0.03751247860317232,0.14089347079037803,0.040901875311072,97
tct,9,nqc,5,0.24,0.15627399275860254,0.1263696741132728,0.09278350515463919,0.1781756748775648,97
tct,9,bertQPP,5,0.24,0.2293362881152131,0.02384446676124828,0.13101374570446736,0.05728140399891128,97
tct,9,bertQPP(QV),5,0.24,0.18340208803821917,0.07215006804005045,0.08805841924398626,0.2013104039967497,97
tct,9,spatial,5,0.26,0.07890356878240526,0.4423477792760482,0.07173539518900345,0.2978933833803449,97
tct,9,a_ratio,5,0.26,0.2197050689459253,0.03059611100262431,0.14089347079037803,0.040901875311072,97
tct,9,nqc,5,0.26,0.15705991270452838,0.12445018807226586,0.093213058419244,0.17617491386576734,97
tct,9,bertQPP,5,0.26,0.23484487888038455,0.020588181238706215,0.13487972508591067,0.050317249987351625,97
tct,9,bertQPP(QV),5,0.26,0.18896993573905688,0.06377490056599329,0.09149484536082475,0.1842793810224047,97
tct,9,spatial,5,0.28,0.08497756645900267,0.40790803127473874,0.07517182130584193,0.27534857568608007,97
tct,9,a_ratio,5,0.28,0.22735363524825727,0.025119461771416128,0.14132302405498284,0.040290653027956765,97
tct,9,nqc,5,0.28,0.15788864120610868,0.1224504740233126,0.09235395189003438,0.18019329783502935,97
tct,9,bertQPP,5,0.28,0.24054352200731977,0.01762868315293934,0.14003436426116841,0.04214791401843269,97
tct,9,bertQPP(QV),5,0.28,0.1947506969804874,0.055933618924026166,0.09192439862542956,0.1822278457949571,97
tct,9,spatial,5,0.3,0.09119802378394314,0.37432256612613835,0.07646048109965638,0.26720251399217865,97
tct,9,a_ratio,5,0.3,0.23449083360716427,0.020785343239224437,0.1516323024054983,0.027781654237823455,97
tct,9,nqc,5,0.3,0.15876375141296012,0.12036575970473697,0.09063573883161513,0.18843365829791547,97
tct,9,bertQPP,5,0.3,0.24643172735301289,0.014963607809079738,0.1434707903780069,0.037349490378258986,97
tct,9,bertQPP(QV),5,0.3,0.200747210507946,0.04865303331377201,0.09450171821305844,0.17027316035268703,97
tct,9,spatial,5,0.32,0.09756133015233008,0.34176599532697965,0.08161512027491409,0.23628343229817084,97
tct,9,a_ratio,5,0.32,0.24111684786475412,0.017352340552750596,0.15721649484536085,0.02252544814571104,97
tct,9,nqc,5,0.32,0.15968922264992927,0.11819093525299673,0.09149484536082475,0.1842793810224047,97
tct,9,bertQPP,5,0.32,0.25250682769120353,0.012587206832324145,0.15077319587628868,0.0286776674564184,97
tct,9,bertQPP(QV),5,0.32,0.206960553344244,0.04195374079819547,0.10438144329896909,0.12985027258664464,97
tct,9,spatial,5,0.34,0.10406268005925845,0.31040658560279694,0.08676975945017183,0.2079844017382293,97
tct,9,a_ratio,5,0.34,0.24723828025179345,0.014627246235005248,0.16408934707903783,0.01726000960595295,97
tct,9,nqc,5,0.34,0.16066949934555913,0.11592053167392816,0.09020618556701032,0.1905365207922204,97
tct,9,bertQPP,5,0.34,0.25876346450210747,0.010490337958026274,0.15678694158075604,0.022896601370035064,97
tct,9,bertQPP(QV),5,0.34,0.21338956184718483,0.035849078298634776,0.10180412371134022,0.13959717520298046,97
tct,9,spatial,5,0.36,0.11069596511388857,0.2804019625380828,0.09407216494845362,0.1722237215768213,97
tct,9,a_ratio,5,0.36,0.25286723751532975,0.012457188679762119,0.16451890034364264,0.016970096384742294,97
tct,9,nqc,5,0.36,0.1617095604286049,0.1135486999139273,0.09149484536082475,0.1842793810224047,97
tct,9,bertQPP,5,0.36,0.2651929953635518,0.00866058496495201,0.15592783505154642,0.023654871935139845,97
tct,9,bertQPP(QV),5,0.36,0.22003027088675386,0.030344239403506036,0.11039518900343644,0.10916471457232763,97
tct,9,spatial,5,0.38,0.11745367157496328,0.25189478832819484,0.0970790378006873,0.15891607395046403,97
tct,9,a_ratio,5,0.38,0.25802036093338016,0.010722219569721497,0.16838487972508595,0.01454739544260673,97
tct,9,nqc,5,0.38,0.16281500140375216,0.11106919148617428,0.09235395189003438,0.18019329783502935,97
tct,9,bertQPP,5,0.38,0.271782821852562,0.0070825181910317715,0.1589347079037801,0.021092644173514117,97
tct,9,bertQPP(QV),5,0.38,0.22687526698969182,0.025435642173246727,0.11340206185567013,0.09984779835922447,97
tct,9,spatial,5,0.4,0.1243267872814513,0.22500863269476004,0.10309278350515466,0.1346555631057889,97
tct,9,a_ratio,5,0.4,0.2627178570468357,0.009328761253912852,0.1701030927835052,0.013572314777054699,97
tct,9,nqc,5,0.4,0.16399213186077272,0.10847534201609593,0.09364261168384881,0.17419095096502246,97
tct,9,bertQPP,5,0.4,0.278515642166531,0.005738096219920824,0.16022336769759454,0.02007078628569656,97
tct,9,bertQPP(QV),5,0.4,0.233912955613687,0.021110633293741025,0.11554982817869418,0.09358972367387966,97
tct,9,spatial,5,0.42,0.13130472239087007,0.19984427464420834,0.10781786941580758,0.11768634646990996,97
tct,9,a_ratio,5,0.42,0.26698257430345174,0.008204061342853793,0.1666666666666667,0.01558372473088864,97
tct,9,nqc,5,0.42,0.16524809186666842,0.10576005963399238,0.09278350515463919,0.1781756748775648,97
tct,9,bertQPP,5,0.42,0.2853686404812563,0.004607197172210205,0.16151202749140894,0.01909240321886764,97
tct,9,bertQPP(QV),5,0.42,0.24112674939907253,0.017347601048787943,0.12285223367697597,0.07463114343880432,97
tct,9,spatial,5,0.44,0.1383752487929309,0.17647667306254183,0.11297250859106532,0.10113858933462912,97
tct,9,a_ratio,5,0.44,0.2708391582368147,0.00729164430476026,0.17353951890034366,0.011793812186781842,97
tct,9,nqc,5,0.44,0.1665909915857987,0.10291582091904967,0.09149484536082475,0.1842793810224047,97
tct,9,bertQPP,5,0.44,0.2923126359248795,0.0036682547614836016,0.16494845360824745,0.01668446543769203,97
tct,9,bertQPP(QV),5,0.44,0.24849419391369576,0.014116543915019946,0.12714776632302408,0.06502915478137135,97
tct,9,spatial,5,0.46,0.14552446338252195,0.15495282256781936,0.10953608247422682,0.11194930892644765,97
tct,9,a_ratio,5,0.46,0.2743133057770578,0.006547665143151578,0.17310996563573885,0.01200419316896961,97
tct,9,nqc,5,0.46,0.1680300796330649,0.09993467816786107,0.093213058419244,0.17617491386576734,97
tct,9,bertQPP,5,0.46,0.2993112283686096,0.0028989616590778507,0.17182130584192443,0.01265543298933369,97
tct,9,bertQPP(QV),5,0.46,0.2559860605884004,0.011380103346525951,0.1314432989690722,0.05647001729864357,97
tct,9,spatial,5,0.48,0.15273678049285494,0.1352906663347565,0.11168384879725088,0.1050908480999539,97
tct,9,a_ratio,5,0.48,0.27743112879872533,0.005938034683872465,0.18084192439862545,0.008684754281086702,97
tct,9,nqc,5,0.48,0.16957594717723082,0.0968082832326648,0.09278350515463919,0.1781756748775648,97
tct,9,bertQPP,5,0.48,0.30631999608230037,0.0022769929141570867,0.17310996563573885,0.01200419316896961,97
tct,9,bertQPP(QV),5,0.48,0.2635654535074276,0.009095021497939016,0.14089347079037803,0.040901875311072,97
tct,9,spatial,5,0.5,0.15999495864414082,0.11747917156995219,0.10996563573883163,0.110550087489207,97
tct,9,a_ratio,5,0.5,0.28021862857195967,0.005436180301581081,0.18170103092783507,0.008372001763204117,97
tct,9,nqc,5,0.5,0.17124077679416688,0.09352793520197586,0.09407216494845362,0.1722237215768213,97
tct,9,bertQPP,5,0.5,0.31328582111013237,0.0017806973418398777,0.17611683848797252,0.010598840128977079,97
tct,9,bertQPP(QV),5,0.5,0.27118699720715844,0.0072139333432882135,0.14819587628865982,0.031516517606653575,97
tct,9,spatial,5,0.52,0.16728016629682613,0.1014795911350677,0.11554982817869418,0.09358972367387966,97
tct,9,a_ratio,5,0.52,0.2827012765301547,0.005021316207459857,0.18384879725085912,0.0076337511300162714,97
tct,9,nqc,5,0.52,0.1730386476853641,0.09008466198836157,0.09493127147766325,0.1683392012081001,97
tct,9,bertQPP,5,0.52,0.3201464404288453,0.0013897065034823644,0.18256013745704472,0.00806936233603351,97
tct,9,bertQPP(QV),5,0.52,0.27879619548957824,0.005687356613424191,0.1516323024054983,0.027781654237823455,97
tct,9,spatial,5,0.54,0.1745720904643484,0.0872278447520011,0.11597938144329899,0.09237668593402237,97
tct,9,a_ratio,5,0.54,0.28490369256461945,0.00467711469413738,0.18556701030927839,0.00708575590459897,97
tct,9,nqc,5,0.54,0.17498591234746672,0.08646934973037428,0.0970790378006873,0.15891607395046403,97
tct,9,bertQPP,5,0.54,0.3268303416214333,0.0010854196318488564,0.1859965635738832,0.006954397086601862,97
tct,9,bertQPP(QV),5,0.54,0.286329074011256,0.00446571196151503,0.16537800687285226,0.016403064445582434,97
tct,9,spatial,5,0.56,0.1818490908126052,0.07463786563781925,0.11855670103092786,0.08536128644887009,97
tct,9,a_ratio,5,0.56,0.28684940960997307,0.0043906886750315266,0.18384879725085912,0.0076337511300162714,97
tct,9,nqc,5,0.56,0.1771016644079676,0.08267293919327273,0.09664948453608249,0.16076803875264556,97
tct,9,bertQPP,5,0.56,0.3332571363435859,0.0008513376123136867,0.19072164948453613,0.005647306460207743,97
tct,9,bertQPP(QV),5,0.56,0.29371223795026724,0.003501198051405848,0.17225085910652924,0.012434959394241826,97
tct,9,spatial,5,0.58,0.18908840025515727,0.06360568419204234,0.12242268041237117,0.07565197367789964,97
tct,9,a_ratio,5,0.58,0.28856071223007407,0.0041518136652457915,0.186426116838488,0.006825229731210832,97
tct,9,nqc,5,0.58,0.17940832354619188,0.07868671557680455,0.0970790378006873,0.15891607395046403,97
tct,9,bertQPP,5,0.58,0.33933854707306393,0.0006732375106344512,0.19888316151202753,0.0039014834427261624,97
tct,9,bertQPP(QV),5,0.58,0.30086348452028994,0.0027493658448008453,0.17998281786941583,0.009007907605249525,97
tct,9,spatial,5,0.6,0.19626637108556844,0.05401396901997198,0.12800687285223372,0.06323660544752113,97
tct,9,a_ratio,5,0.6,0.29005853688726957,0.003952332802360602,0.19286941580756015,0.005130036782382208,97
tct,9,nqc,5,0.6,0.18193237176080498,0.07450272796285742,0.09621993127147768,0.16263626465805225,97
tct,9,bertQPP,5,0.6,0.34498012531073163,0.0005391978138805083,0.2130584192439863,0.0019900166497547295,97
tct,9,bertQPP(QV),5,0.6,0.3076931013077182,0.0021702809595834914,0.18513745704467358,0.007219338175415614,97
tct,9,spatial,5,0.62,0.20335876345430368,0.04573672351223149,0.13230240549828182,0.05487593045339063,97
tct,9,a_ratio,5,0.62,0.2913624222484714,0.0037857012693157887,0.19286941580756015,0.005130036782382208,97
tct,9,nqc,5,0.62,0.18470528647663137,0.07011438785509826,0.09836769759450173,0.15345704089516993,97
tct,9,bertQPP,5,0.62,0.3500837757973457,0.00043950014991568317,0.21262886597938147,0.002032205430312129,97
tct,9,bertQPP(QV),5,0.62,0.31410594806994097,0.0017292238790434867,0.1902920962199313,0.005756239608165468,97
tct,9,spatial,5,0.64,0.21034107062311752,0.03864384542766041,0.13917525773195877,0.0434259212403691,97
tct,9,a_ratio,5,0.64,0.2924904989774555,0.0036466366917580423,0.19458762886597944,0.004747484369155047,97
tct,9,nqc,5,0.64,0.18776473107260597,0.06551731373303674,0.09750859106529211,0.15708030004273185,97
tct,9,bertQPP,5,0.64,0.3545510874857508,0.0003664432867296243,0.2130584192439863,0.0019900166497547295,97
tct,9,bertQPP(QV),5,0.64,0.3200043565365591,0.0013969420380553963,0.2014604810996564,0.0034621026042757834,97
tct,9,spatial,5,0.66,0.21718887307797796,0.0326052947222258,0.1443298969072165,0.03622527510674091,97
tct,9,a_ratio,5,0.66,0.29345950977316926,0.003530850072682714,0.1937285223367698,0.004935409194231109,97
tct,9,nqc,5,0.66,0.191156083520855,0.0607105109378143,0.10008591065292097,0.14640165493450158,97
tct,9,bertQPP,5,0.66,0.35828736978029574,0.00031410874095522085,0.21864261168384883,0.0015100189795415188,97
tct,9,bertQPP(QV),5,0.66,0.3252917896574834,0.0011495220281509389,0.20790378006872856,0.0025535840012904936,97
tct,9,spatial,5,0.68,0.22387821144075837,0.027494674391990614,0.14819587628865982,0.031516517606653575,97
tct,9,a_ratio,5,0.68,0.29428485178618513,0.003434837986674787,0.19201030927835053,0.00533157487845821,97
tct,9,nqc,5,0.68,0.19493441012546545,0.05569800339280555,0.10137457044673541,0.14127503537333896,97
tct,9,bertQPP,5,0.68,0.36120617212797423,0.0002781150563196157,0.21606529209621997,0.0017164841150655054,97
tct,9,bertQPP(QV),5,0.68,0.3298770862418259,0.0009679846620793042,0.21219931271477666,0.0020752134680172376,97
tct,9,spatial,5,0.7,0.23038596638613962,0.023192100848420005,0.15807560137457047,0.021798803662876853,97
tct,9,a_ratio,5,0.7,0.2949806348768942,0.0033557214551471273,0.1902920962199313,0.005756239608165468,97
tct,9,nqc,5,0.7,0.19916702439977846,0.050491063265385376,0.10137457044673541,0.14127503537333896,97
tct,9,bertQPP,5,0.7,0.3632339459385894,0.00025539167751555965,0.2177835051546392,0.0015761513468118154,97
tct,9,bertQPP(QV),5,0.7,0.33367899598113815,0.0008377169883166492,0.21434707903780073,0.0018682268943729797,97
tct,9,spatial,5,0.72,0.23669023262464609,0.019586314048247913,0.16151202749140894,0.01909240321886764,97
tct,9,a_ratio,5,0.72,0.29555975040636606,0.003291120484277435,0.1898625429553265,0.005867063974983271,97
tct,9,nqc,5,0.72,0.20393680913298418,0.045111208991909554,0.10266323024054985,0.13628751627610397,97
tct,9,bertQPP,5,0.72,0.36431441663249264,0.0002439957233654861,0.2212199312714777,0.001326652810302692,97
tct,9,bertQPP(QV),5,0.72,0.33663060838928,0.0007478464484703827,0.21477663230240554,0.0018291772025326055,97
tct,9,spatial,5,0.74,0.242770673598559,0.016576044091563095,0.1670962199312715,0.015318729327102553,97
tct,9,a_ratio,5,0.74,0.29603394634039143,0.003239055933225664,0.1898625429553265,0.005867063974983271,97
tct,9,nqc,5,0.74,0.20934651395364368,0.039594141733576824,0.10953608247422682,0.11194930892644765,97
tct,9,bertQPP,5,0.74,0.36441219803538927,0.00024298791359767633,0.22207903780068733,0.0012702502748310276,97
tct,9,bertQPP(QV),5,0.74,0.3386832250052979,0.0006906403022152158,0.21649484536082478,0.0016803624081385136,97
tct,9,spatial,5,0.76,0.24860884393842217,0.014070703629416639,0.16623711340206188,0.015852745291372216,97
tct,9,a_ratio,5,0.76,0.29641390538651247,0.003197872401713546,0.1890034364261169,0.006094500520977148,97
tct,9,nqc,5,0.76,0.21552424383626656,0.03399472193186067,0.11340206185567013,0.09984779835922447,97
tct,9,bertQPP,5,0.76,0.3635152213137423,0.0002523786441490494,0.22465635738831619,0.0011140538745299275,97
tct,9,bertQPP(QV),5,0.76,0.33980923965764065,0.0006609863242953686,0.2203608247422681,0.0013853583021557498,97
tct,9,spatial,5,0.78,0.2541884679534087,0.011990510739576238,0.16838487972508595,0.01454739544260673,97
tct,9,a_ratio,5,0.78,0.29670932367418573,0.003166177346273642,0.18943298969072167,0.005979808014005902,97
tct,9,nqc,5,0.78,0.2226302501549445,0.0283928618622281,0.11984536082474227,0.08201867152410211,97
tct,9,bertQPP,5,0.78,0.3616356698449869,0.00027315193566191233,0.22637457044673542,0.0010200025736501021,97
tct,9,bertQPP(QV),5,0.78,0.34000368482222076,0.0006559851129874783,0.2203608247422681,0.0013853583021557498,97
tct,9,spatial,5,0.8,0.2594956644085955,0.010266164631142416,0.17740549828178698,0.010042744211065484,97
tct,9,a_ratio,5,0.8,0.2969289881395263,0.0031427927781668467,0.18728522336769762,0.006573343269072617,97
tct,9,nqc,5,0.8,0.2308647243193147,0.022899658582133907,0.12199312714776635,0.07668417076895777,97
tct,9,bertQPP,5,0.8,0.3588092928377421,0.0003073729741834629,0.22895189003436428,0.0008926252002239728,97
tct,9,bertQPP(QV),5,0.8,0.33928426157097913,0.0006746637337434447,0.21134020618556704,0.0021637443470699886,97
tct,9,spatial,5,0.82,0.26451911043081955,0.008838198810444816,0.1778350515463918,0.009863239446727635,97
tct,9,a_ratio,5,0.82,0.2970808513028271,0.003126716757518769,0.18771477663230243,0.006450561996249079,97
tct,9,nqc,5,0.82,0.2404750521164199,0.0176619379540166,0.12972508591065296,0.0597739314027888,97
tct,9,bertQPP,5,0.82,0.35509317914035504,0.0003583828303488293,0.22250859106529214,0.001242886914966472,97
tct,9,bertQPP(QV),5,0.82,0.33768986610323204,0.0007178056347929638,0.2096219931271478,0.002351276432455258,97
tct,9,spatial,5,0.84,0.26925014037786954,0.007656126891561152,0.17955326460481102,0.009173476196585428,97
tct,9,a_ratio,5,0.84,0.29717210254565757,0.0031170925485561325,0.18728522336769762,0.006573343269072617,97
tct,9,nqc,5,0.84,0.25175756038756103,0.012861294471549488,0.1365979381443299,0.04745794602168577,97
tct,9,bertQPP,5,0.84,0.3505622651271867,0.0004310799793385021,0.2203608247422681,0.0013853583021557498,97
tct,9,bertQPP(QV),5,0.84,0.33527781666427997,0.0007878817449647823,0.2100515463917526,0.0023030471051788694,97
tct,9,spatial,5,0.86,0.27368277866353796,0.006677479307026238,0.18470790378006877,0.007355176256510775,97
tct,9,a_ratio,5,0.86,0.29720923532126087,0.0031131837930005184,0.19201030927835053,0.00533157487845821,97
tct,9,nqc,5,0.86,0.2650396911144301,0.008700712687981834,0.1516323024054983,0.027781654237823455,97
tct,9,bertQPP,5,0.86,0.3453049882082254,0.0005322808952873086,0.21477663230240554,0.0018291772025326055,97
tct,9,bertQPP(QV),5,0.86,0.3321201318766107,0.0008890606772275117,0.21134020618556704,0.0021637443470699886,97
tct,9,spatial,5,0.88,0.2778137086067536,0.0058668087371591205,0.18470790378006877,0.007355176256510775,97
tct,9,a_ratio,5,0.88,0.29719810998276264,0.003114354432299885,0.1911512027491409,0.005540236417616152,97
tct,9,nqc,5,0.88,0.28060505888350307,0.005369668518567304,0.1554982817869416,0.02404211148041231,97
tct,9,bertQPP,5,0.88,0.33941855769623364,0.0006711404488085493,0.2096219931271478,0.002351276432455258,97
tct,9,bertQPP(QV),5,0.88,0.3282992895070255,0.0010272706114185454,0.2130584192439863,0.0019900166497547295,97
tct,9,spatial,5,0.9,0.28164218214073666,0.00519472131612739,0.18384879725085912,0.0076337511300162714,97
tct,9,a_ratio,5,0.9,0.2971440121023197,0.003120052393952803,0.1898625429553265,0.005867063974983271,97
tct,9,nqc,5,0.9,0.2984663166742869,0.0029834251295842943,0.17353951890034366,0.011793812186781842,97
tct,9,bertQPP,5,0.9,0.3330042956850333,0.0008595976600642969,0.21048109965635742,0.002255725464528707,97
tct,9,bertQPP(QV),5,0.9,0.32390389717599916,0.0012102811749424545,0.21091065292096223,0.002209296231634933,97
tct,9,spatial,5,0.92,0.28516987749652956,0.004636971782725407,0.18384879725085912,0.0076337511300162714,97
tct,9,a_ratio,5,0.92,0.2970517062929669,0.0031297962747327385,0.19201030927835053,0.00533157487845821,97
tct,9,nqc,5,0.92,0.3177692211233931,0.0015153544202511592,0.18814432989690724,0.00632984784895861,97
tct,9,bertQPP,5,0.92,0.3261634187566489,0.0011127959254717719,0.20618556701030932,0.0027716955730928564,97
tct,9,bertQPP(QV),5,0.92,0.31902464544146114,0.00144777089102424,0.2096219931271478,0.002351276432455258,97
tct,9,spatial,5,0.94,0.2884007136432082,0.00417364495261743,0.1868556701030928,0.006698222213035896,97
tct,9,a_ratio,5,0.94,0.29692548564396165,0.0031431644205549094,0.1911512027491409,0.005540236417616152,97
tct,9,nqc,5,0.94,0.33547048355592357,0.0007820627786509865,0.20403780068728525,0.00306822352558543,97
tct,9,bertQPP,5,0.94,0.31899351371693474,0.0014494132029976763,0.20317869415807563,0.0031947282487263706,97
tct,9,bertQPP(QV),5,0.94,0.3137508126063736,0.0017513455805483905,0.20833333333333337,0.0025015666651811157,97
tct,9,spatial,5,0.96,0.29134063127014415,0.003788433635300652,0.1898625429553265,0.005867063974983271,97
tct,9,a_ratio,5,0.96,0.2967692169484899,0.00315978593134022,0.19072164948453613,0.005647306460207743,97
tct,9,nqc,5,0.96,0.3443703249390232,0.0005524045421191531,0.209192439862543,0.002400428947085522,97
tct,9,bertQPP,5,0.96,0.31158583534762596,0.0018918316453193145,0.2014604810996564,0.0034621026042757834,97
tct,9,bertQPP(QV),5,0.96,0.3081674759767673,0.0021344766326019727,0.2014604810996564,0.0034621026042757834,97
tct,9,spatial,5,0.98,0.29399735044457087,0.003468014285747682,0.1902920962199313,0.005756239608165468,97
tct,9,a_ratio,5,0.98,0.2965863819468185,0.003179333218709821,0.1902920962199313,0.005756239608165468,97
tct,9,nqc,5,0.98,0.3334369702457746,0.0008455067725549289,0.19974226804123715,0.0037496927052216027,97
tct,9,bertQPP,5,0.98,0.3040234436140038,0.002466081851115649,0.19630584192439868,0.0043909374810577745,97
tct,9,bertQPP(QV),5,0.98,0.30235347830743803,0.002612335907978112,0.19802405498281792,0.004058834798972484,97
tct,9,spatial,5,1.0,0.29638011483408655,0.0032015158216040012,0.1898625429553265,0.005867063974983271,97
tct,9,a_ratio,5,1.0,0.29638011483408655,0.0032015158216040012,0.1898625429553265,0.005867063974983271,97
tct,9,nqc,5,1.0,0.29638011483408655,0.0032015158216040012,0.1898625429553265,0.005867063974983271,97
tct,9,bertQPP,5,1.0,0.29638011483408655,0.0032015158216040012,0.1898625429553265,0.005867063974983271,97
tct,9,bertQPP(QV),5,1.0,0.29638011483408655,0.0032015158216040012,0.1898625429553265,0.005867063974983271,97
tct,9,spatial,6,0.0,0.01338209682788323,0.8964907995035795,0.03393470790378007,0.6224147431170471,97
tct,9,a_ratio,6,0.0,0.08699727737016583,0.39681436807593695,0.0584192439862543,0.3965888091618368,97
tct,9,nqc,6,0.0,0.14926312794961863,0.14450956733786507,0.08719931271477664,0.2057421374120063,97
tct,9,bertQPP,6,0.0,0.17672691352325548,0.08333551015854819,0.10137457044673541,0.14127503537333896,97
tct,9,bertQPP(QV),6,0.0,0.1310712474602009,0.20065209966598066,0.05541237113402062,0.42134149715143543,97
tct,9,spatial,6,0.02,0.016993213777926557,0.8687818331009552,0.038659793814433,0.5747994088567128,97
tct,9,a_ratio,6,0.02,0.09662820333200808,0.3464252136748769,0.06443298969072167,0.34979065764691386,97
tct,9,nqc,6,0.02,0.14966744264306897,0.14341279531320103,0.08719931271477664,0.2057421374120063,97
tct,9,bertQPP,6,0.02,0.1798581840445177,0.0779275305752573,0.10137457044673541,0.14127503537333896,97
tct,9,bertQPP(QV),6,0.02,0.13413731521591088,0.19022915625383352,0.06013745704467355,0.3828471200330016,97
tct,9,spatial,6,0.04,0.020713228094523847,0.8404025306709156,0.03823024054982819,0.5790561270652871,97
tct,9,a_ratio,6,0.04,0.10633473373146443,0.299902895236549,0.07560137457044674,0.27261459721837655,97
tct,9,nqc,6,0.04,0.15008845048541952,0.14227743085697792,0.08848797250859108,0.19912082868170233,97
tct,9,bertQPP,6,0.04,0.18310709008097079,0.07261742230765812,0.10395189003436428,0.13143701983340042,97
tct,9,bertQPP(QV),6,0.04,0.13732410713182913,0.17981768774756346,0.0622852233676976,0.36608612957525455,97
tct,9,spatial,6,0.06,0.024545063805188123,0.8113824641045134,0.040378006872852236,0.5579222431626273,97
tct,9,a_ratio,6,0.06,0.11606939462169913,0.2575659161389042,0.08204467353951891,0.23382603249144784,97
tct,9,nqc,6,0.06,0.15052720383917575,0.1411014519704835,0.08977663230240551,0.19265661141875967,97
tct,9,bertQPP,6,0.06,0.18647884513039975,0.0674187570586753,0.10824742268041239,0.11623089832126132,97
tct,9,bertQPP(QV),6,0.06,0.1406374913757761,0.1694410810194804,0.06314432989690723,0.3595119194286538,97
tct,9,spatial,6,0.08,0.028491563010921074,0.7817587062828424,0.043384879725085916,0.5289801545988201,97
tct,9,a_ratio,6,0.08,0.12578128864790822,0.21958782129438442,0.0854810996563574,0.2148174024411691,97
tct,9,nqc,6,0.08,0.15098484511987248,0.13988269774786735,0.08977663230240551,0.19265661141875967,97
tct,9,bertQPP,6,0.08,0.18997878660458012,0.06234549359222063,0.11297250859106532,0.10113858933462912,97
tct,9,bertQPP(QV),6,0.08,0.1440835565396476,0.15912487150023222,0.06486254295532648,0.34658765831762584,97
tct,9,spatial,6,0.1,0.03255545470137241,0.7515764420468429,0.046821305841924406,0.49686544158769386,97
tct,9,a_ratio,6,0.1,0.13541715282276284,0.18599654399407226,0.09750859106529211,0.15708030004273185,97
tct,9,nqc,6,0.1,0.15146261660319366,0.1386188568379161,0.09020618556701032,0.1905365207922204,97
tct,9,bertQPP,6,0.1,0.19361234259185836,0.057411856613305674,0.11383161512027494,0.0985701799206937,97
tct,9,bertQPP(QV),6,0.1,0.1476685921803968,0.14889674313328116,0.06658075601374572,0.3339631552636785,97
tct,9,spatial,6,0.12,0.03673931922258578,0.720889526259337,0.04768041237113403,0.4890022573020564,97
tct,9,a_ratio,6,0.12,0.14492261257322492,0.1566853877593168,0.10223367697594504,0.13793469449367568,97
tct,9,nqc,6,0.12,0.15196187153699173,0.13730745482961285,0.09020618556701032,0.1905365207922204,97
tct,9,bertQPP,6,0.12,0.19738498752398045,0.05263218798937778,0.11297250859106532,0.10113858933462912,97
tct,9,bertQPP(QV),6,0.12,0.15139906016432514,0.1387864806804351,0.06915807560137457,0.3155898965616176,97
tct,9,spatial,6,0.14,0.04104554805188443,0.6897609603919704,0.05111683848797252,0.4582309196968538,97
tct,9,a_ratio,6,0.14,0.1542435742297035,0.1314336457569577,0.10352233676975947,0.1330387570764664,97
tct,9,nqc,6,0.14,0.15248408676443298,0.13594584046073588,0.09149484536082475,0.1842793810224047,97
tct,9,bertQPP,6,0.14,0.20130218416263446,0.04802076847689246,0.1168384879725086,0.08998850130140247,97
tct,9,bertQPP(QV),6,0.14,0.15528155444841374,0.12882586303429924,0.0738831615120275,0.2836625052763587,97
tct,9,spatial,6,0.16,0.04547629855820795,0.6582632548259896,0.054553264604811004,0.4285767645779882,97
tct,9,a_ratio,6,0.16,0.1633276804871867,0.10993362331958258,0.11340206185567013,0.09984779835922447,97
tct,9,nqc,6,0.16,0.15303087710241808,0.13453117054232383,0.09278350515463919,0.1781756748775648,97
tct,9,bertQPP,6,0.16,0.20536930880566226,0.04359160893151002,0.1207044673539519,0.07984982362376257,97
tct,9,bertQPP(QV),6,0.16,0.1593227464215553,0.11904848527600179,0.07689003436426119,0.26452436355398434,97
tct,9,spatial,6,0.18,0.050033443467455405,0.6264786402958442,0.057130584192439875,0.4070878413580533,97
tct,9,a_ratio,6,0.18,0.17212574229078706,0.09182029018068454,0.11383161512027494,0.0985701799206937,97
tct,9,nqc,6,0.18,0.1536040117653235,0.13306039348646137,0.09278350515463919,0.1781756748775648,97
tct,9,bertQPP,6,0.18,0.20959155601893364,0.039358211152560094,0.12328178694158079,0.07362159410235054,97
tct,9,bertQPP(QV),6,0.18,0.16352931232906062,0.1094894967538518,0.08161512027491409,0.23628343229817084,97
tct,9,spatial,6,0.2,0.054718514815186574,0.5944990890616519,0.0584192439862543,0.3965888091618368,97
tct,9,a_ratio,6,0.2,0.18059305827711816,0.07669999217692995,0.12328178694158079,0.07362159410235054,97
tct,9,nqc,6,0.2,0.15420543317989235,0.13153023132132874,0.09235395189003438,0.18019329783502935,97
tct,9,bertQPP,6,0.2,0.21397381852704697,0.03533330009578457,0.12628865979381446,0.0668634129345248,97
tct,9,bertQPP(QV),6,0.2,0.16790783860998015,0.1001852427062194,0.08204467353951891,0.23382603249144784,97
tct,9,spatial,6,0.22,0.059532642258001374,0.5624261049928042,0.06013745704467355,0.3828471200330016,97
tct,9,a_ratio,6,0.22,0.18869054022142184,0.06417544248456289,0.12929553264604812,0.060624507125192455,97
tct,9,nqc,6,0.22,0.15483727860516863,0.1299371600768515,0.09278350515463919,0.1781756748775648,97
tct,9,bertQPP,6,0.22,0.21852053715106123,0.03152853121749181,0.12800687285223372,0.06323660544752113,97
tct,9,bertQPP(QV),6,0.22,0.17246470018814716,0.09117279822247626,0.08204467353951891,0.23382603249144784,97
tct,9,spatial,6,0.24,0.06447648573474496,0.5303702423755415,0.06142611683848798,0.37273483374323335,97
tct,9,a_ratio,6,0.24,0.1963855791895402,0.05386531216363263,0.12800687285223372,0.06323660544752113,97
tct,9,nqc,6,0.24,0.1555019050547805,0.12827738842829461,0.09192439862542956,0.1822278457949571,97
tct,9,bertQPP,6,0.24,0.22323551488272902,0.027954179188850996,0.13015463917525774,0.058933277914773506,97
tct,9,bertQPP(QV),6,0.24,0.17720590588312826,0.0824893859891028,0.08290378006872855,0.22896569995644822,97
tct,9,spatial,6,0.26,0.06955016262426034,0.49845031655442046,0.06357388316151204,0.356252805453549,97
tct,9,a_ratio,6,0.26,0.20365261005669522,0.04541785360316559,0.12800687285223372,0.06323660544752113,97
tct,9,nqc,6,0.26,0.1562019181215414,0.12654683449594029,0.09235395189003438,0.18019329783502935,97
tct,9,bertQPP,6,0.26,0.2281216883682618,0.02461881708873668,0.13445017182130586,0.05105421646643944,97
tct,9,bertQPP(QV),6,0.26,0.1821369041699652,0.07417167368482751,0.08591065292096221,0.2125219840325313,97
tct,9,spatial,6,0.28,0.07475316974221242,0.46679227609434637,0.06615120274914091,0.33709113316806516,97
tct,9,a_ratio,6,0.28,0.21047335845008422,0.03851889395484085,0.13058419243986258,0.05810246319620013,97
tct,9,nqc,6,0.28,0.1569402054312803,0.12474110071980415,0.09192439862542956,0.1822278457949571,97
tct,9,bertQPP,6,0.28,0.23318084930296393,0.021528998319668282,0.13745704467353953,0.04608031263937092,97
tct,9,bertQPP(QV),6,0.28,0.1872623415630817,0.06625495342286787,0.0889175257731959,0.1969487085850582,97
tct,9,spatial,6,0.3,0.08008430075925128,0.43552771652015776,0.06829896907216496,0.32163912125241456,97
tct,9,a_ratio,6,0.3,0.2168367803362261,0.03289511761552378,0.138745704467354,0.04407710548149226,97
tct,9,nqc,6,0.3,0.15771997561051823,0.12285544676369428,0.09192439862542956,0.1822278457949571,97
tct,9,bertQPP,6,0.3,0.23841330761120222,0.01868895666959483,0.14175257731958765,0.039687194240219145,97
tct,9,bertQPP(QV),6,0.3,0.19258576501016592,0.05877221454022514,0.09192439862542956,0.1822278457949571,97
tct,9,spatial,6,0.32,0.08554155990895784,0.404792030165358,0.07044673539518902,0.3066570724911982,97
tct,9,a_ratio,6,0.32,0.22273872708949016,0.028313813614302248,0.14604810996563578,0.03406318246416719,97
tct,9,nqc,6,0.32,0.15854480384950786,0.12088476045908461,0.09192439862542956,0.1822278457949571,97
tct,9,bertQPP,6,0.32,0.24381748795641808,0.016100342824778135,0.14561855670103094,0.03459309466060896,97
tct,9,bertQPP(QV),6,0.32,0.198109258984721,0.051753132340872206,0.0970790378006873,0.15891607395046403,97
tct,9,spatial,6,0.34,0.09112207318673807,0.3747222052314219,0.07517182130584193,0.27534857568608007,97
tct,9,a_ratio,6,0.34,0.22818138555465312,0.024580263138567596,0.14819587628865982,0.031516517606653575,97
tct,9,nqc,6,0.34,0.15941868538923798,0.11882352688523048,0.09149484536082475,0.1842793810224047,97
tct,9,bertQPP,6,0.34,0.24938945131518908,0.013762017771924612,0.1516323024054983,0.027781654237823455,97
tct,9,bertQPP(QV),6,0.34,0.20383300765634427,0.04522300879746691,0.0970790378006873,0.15891607395046403,97
tct,9,spatial,6,0.36,0.09682199861748264,0.3454543093701432,0.07946735395189004,0.2488442983857856,97
tct,9,a_ratio,6,0.36,0.23317255219362276,0.02153378015063066,0.15721649484536085,0.02252544814571104,97
tct,9,nqc,6,0.36,0.1603460985727323,0.11666579581018334,0.09149484536082475,0.1842793810224047,97
tct,9,bertQPP,6,0.36,0.2551223343687354,0.01166992436108405,0.1550687285223368,0.024434836082135623,97
tct,9,bertQPP(QV),6,0.36,0.20975477287860025,0.039201715885319004,0.10051546391752579,0.14467719951816677,97
tct,9,spatial,6,0.38,0.10263643758358808,0.317120717951517,0.08719931271477664,0.2057421374120063,97
tct,9,a_ratio,6,0.38,0.23772480295129614,0.01904318397341917,0.15721649484536085,0.02252544814571104,97
tct,9,nqc,6,0.38,0.1613320794964122,0.11440514790562942,0.09106529209621994,0.18634796497677564,97
tct,9,bertQPP,6,0.38,0.26100570173330184,0.009817057243544966,0.15721649484536085,0.02252544814571104,97
tct,9,bertQPP(QV),6,0.38,0.21586928015903634,0.03370270670042755,0.10824742268041239,0.11623089832126132,97
tct,9,spatial,6,0.4,0.10855934964403094,0.2898471730563091,0.09235395189003438,0.18019329783502935,97
tct,9,a_ratio,6,0.4,0.2418546170299207,0.017002242928557714,0.1589347079037801,0.021092644173514117,97
tct,9,nqc,6,0.4,0.16238231080180512,0.11203466042164069,0.09192439862542956,0.1822278457949571,97
tct,9,bertQPP,6,0.4,0.26702481010543144,0.008193547915721855,0.16065292096219932,0.019739903980340746,97
tct,9,bertQPP(QV),6,0.4,0.22216750778724242,0.02873217162897652,0.11125429553264607,0.10643517898925002,97
tct,9,spatial,6,0.42,0.1145834737219052,0.26374978392547477,0.09922680412371135,0.1498976871116754,97
tct,9,a_ratio,6,0.42,0.24558150495593825,0.015325421020465402,0.16537800687285226,0.016403064445582434,97
tct,9,nqc,6,0.42,0.16350322779534154,0.10954687340102902,0.09106529209621994,0.18634796497677564,97
tct,9,bertQPP,6,0.42,0.2731597898917011,0.006786875350974662,0.15807560137457047,0.021798803662876853,97
tct,9,bertQPP(QV),6,0.42,0.22863587955354622,0.02428842378639121,0.11597938144329899,0.09237668593402237,97
tct,9,spatial,6,0.44,0.12070025896762653,0.23893210041867796,0.10223367697594504,0.13793469449367568,97
tct,9,a_ratio,6,0.44,0.24892718097510141,0.013944100765141573,0.16623711340206188,0.015852745291372216,97
tct,9,nqc,6,0.44,0.16470214591996252,0.10693375807693672,0.09235395189003438,0.18019329783502935,97
tct,9,bertQPP,6,0.44,0.2793847595545345,0.005582203709195637,0.1589347079037801,0.021092644173514117,97
tct,9,bertQPP(QV),6,0.44,0.23525536976674827,0.020361596601956133,0.11941580756013748,0.08312087785946547,97
tct,9,spatial,6,0.46,0.12689980898645659,0.2154824050508077,0.10524054982817871,0.12672143082539938,97
tct,9,a_ratio,6,0.46,0.2519148085967263,0.012803344893788681,0.16881443298969073,0.014298004272030715,97
tct,9,nqc,6,0.46,0.16598741468838862,0.10418668990297941,0.09278350515463919,0.1781756748775648,97
tct,9,bertQPP,6,0.46,0.28566690145028295,0.004562837423696121,0.16065292096219932,0.019739903980340746,97
tct,9,bertQPP(QV),6,0.46,0.242000541392688,0.016933723927763086,0.12714776632302408,0.06502915478137135,97
tct,9,spatial,6,0.48,0.1331708434138541,0.19347137357924016,0.10609965635738833,0.1236515932692785,97
tct,9,a_ratio,6,0.48,0.2545683373540544,0.011859190284810563,0.17353951890034366,0.011793812186781842,97
tct,9,nqc,6,0.48,0.16736860460801312,0.10129642981398702,0.09192439862542956,0.1822278457949571,97
tct,9,bertQPP,6,0.48,0.29196554588502116,0.0037107717383869265,0.16237113402061856,0.018463547347092265,97
tct,9,bertQPP(QV),6,0.48,0.24883855479981457,0.013979247667980248,0.13230240549828182,0.05487593045339063,97
tct,9,spatial,6,0.5,0.13950068098709104,0.17295024666789444,0.10953608247422682,0.11194930892644765,97
tct,9,a_ratio,6,0.5,0.2569119394498626,0.011076428947904046,0.17396907216494847,0.011586707769612953,97
tct,9,nqc,6,0.5,0.16885673549618024,0.09825311895172859,0.09192439862542956,0.1822278457949571,97
tct,9,bertQPP,6,0.5,0.29823133250877654,0.003007305246888312,0.1679553264604811,0.014800614099959652,97
tct,9,bertQPP(QV),6,0.5,0.25572820615892256,0.011465960062250865,0.138745704467354,0.04407710548149226,97
tct,9,spatial,6,0.52,0.1458752482499977,0.15394963467382108,0.11082474226804125,0.10779310640620364,97
tct,9,a_ratio,6,0.52,0.2589695473904688,0.010426813507857556,0.17654639175257736,0.010410504577977625,97
tct,9,nqc,6,0.52,0.17046455705969327,0.09504629442023949,0.09235395189003438,0.18019329783502935,97
tct,9,bertQPP,6,0.52,0.304405544152798,0.002433672264105885,0.17568728522336774,0.01079019991112942,97
tct,9,bertQPP(QV),6,0.52,0.2626190805782215,0.009356340805448664,0.1516323024054983,0.027781654237823455,97
tct,9,spatial,6,0.54,0.15227911779398745,0.13647904437527608,0.10953608247422682,0.11194930892644765,97
tct,9,a_ratio,6,0.54,0.2607644881077161,0.00988762053825007,0.17611683848797252,0.010598840128977079,97
tct,9,nqc,6,0.54,0.17220689591122507,0.09166493695353715,0.09192439862542956,0.1822278457949571,97
tct,9,bertQPP,6,0.54,0.3104197355046645,0.0019716489653955334,0.18041237113402064,0.008845012615594157,97
tct,9,bertQPP(QV),6,0.54,0.26945093383300733,0.007609199783801031,0.15721649484536085,0.02252544814571104,97
tct,9,spatial,6,0.56,0.15869557944261697,0.12052717249292065,0.11383161512027494,0.0985701799206937,97
tct,9,a_ratio,6,0.56,0.26231920531260267,0.009440508523935123,0.17482817869415812,0.011182156616858724,97
tct,9,nqc,6,0.56,0.17410108761853513,0.08809756610291714,0.093213058419244,0.17617491386576734,97
tct,9,bertQPP,6,0.56,0.3161958033631086,0.0016040895655565278,0.186426116838488,0.006825229731210832,97
tct,9,bertQPP(QV),6,0.56,0.2761534444365122,0.0061814935046172964,0.1658075601374571,0.016125841537736958,97
tct,9,spatial,6,0.58,0.16510674700049996,0.10606295985399815,0.11125429553264607,0.10643517898925002,97
tct,9,a_ratio,6,0.58,0.26365505965447983,0.009070614323710386,0.17611683848797252,0.010598840128977079,97
tct,9,nqc,6,0.58,0.17616751834559757,0.08433240527322398,0.09536082474226806,0.16642177733641728,97
tct,9,bertQPP,6,0.58,0.3216466600482733,0.0013153576525453592,0.19673539518900346,0.004305679427335466,97
tct,9,bertQPP(QV),6,0.58,0.28264649876877834,0.005030157034518787,0.1709621993127148,0.013106785247853048,97
tct,9,spatial,6,0.6,0.17149370210001044,0.09303734707967673,0.11554982817869418,0.09358972367387966,97
tct,9,a_ratio,6,0.6,0.2647921953502637,0.008765840363822124,0.17396907216494847,0.011586707769612953,97
tct,9,nqc,6,0.6,0.17843030871963692,0.0803576484854338,0.09493127147766325,0.1683392012081001,97
tct,9,bertQPP,6,0.6,0.3266776681425515,0.0010916320071473198,0.202319587628866,0.003325969220576063,97
tct,9,bertQPP(QV),6,0.6,0.28884117756773836,0.004113790973265675,0.1752577319587629,0.010984624932232429,97
tct,9,spatial,6,0.62,0.17783667530509867,0.08138562351438323,0.11941580756013748,0.08312087785946547,97
tct,9,a_ratio,6,0.62,0.2657494619679476,0.008516293056270904,0.17268041237113405,0.01221789425088413,97
tct,9,nqc,6,0.62,0.18091818352207722,0.07616187425357125,0.0970790378006873,0.15891607395046403,97
tct,9,bertQPP,6,0.62,0.33118896334934783,0.0009210834385547281,0.20274914089347082,0.003259747042536618,97
tct,9,bertQPP(QV),6,0.62,0.2946415922159391,0.003394067209802835,0.18427835051546396,0.0074933028749945285,97
tct,9,spatial,6,0.64,0.18411526301361844,0.07103022138412766,0.12242268041237117,0.07565197367789964,97
tct,9,a_ratio,6,0.64,0.266544380698998,0.008313840418297554,0.1701030927835052,0.013572314777054699,97
tct,9,nqc,6,0.64,0.1836655856854147,0.0717346709478785,0.09621993127147768,0.16263626465805225,97
tct,9,bertQPP,6,0.64,0.3350787245263195,0.0007939362879425177,0.20489690721649487,0.002946303078171719,97
tct,9,bertQPP(QV),6,0.64,0.29994766438281606,0.002836763889939439,0.1902920962199313,0.005756239608165468,97
tct,9,spatial,6,0.66,0.19030867691279937,0.061883781410435705,0.12714776632302408,0.06502915478137135,97
tct,9,a_ratio,6,0.66,0.26719314548685147,0.008151763300106375,0.17310996563573885,0.01200419316896961,97
tct,9,nqc,6,0.66,0.18671411317998893,0.06706756435772711,0.09536082474226806,0.16642177733641728,97
tct,9,bertQPP,6,0.66,0.33824734265751244,0.000702442438236228,0.2100515463917526,0.0023030471051788694,97
tct,9,bertQPP(QV),6,0.66,0.30465884727595277,0.0024123991676584028,0.20060137457044677,0.0036032888355043277,97
tct,9,spatial,6,0.68,0.19639602089176605,0.053852307004453995,0.13316151202749144,0.05331954320676675,97
tct,9,a_ratio,6,0.68,0.26771065060158983,0.008024479970244502,0.17396907216494847,0.011586707769612953,97
tct,9,nqc,6,0.68,0.19011438414646667,0.062155373923665845,0.09664948453608249,0.16076803875264556,97
tct,9,bertQPP,6,0.68,0.34060229992003876,0.0006408050724967199,0.2130584192439863,0.0019900166497547295,97
tct,9,bertQPP(QV),6,0.68,0.30867865417953855,0.002096491848273623,0.20446735395189009,0.0030066996042901117,97
tct,9,spatial,6,0.7,0.20235658853019484,0.04683823209867088,0.14132302405498284,0.040290653027956765,97
tct,9,a_ratio,6,0.7,0.26811053752487884,0.007927328144896955,0.17912371134020622,0.009341755733078497,97
tct,9,nqc,6,0.7,0.19392847019331588,0.056998170770282464,0.09664948453608249,0.16076803875264556,97
tct,9,bertQPP,6,0.7,0.34206341502366433,0.0006050936355767815,0.209192439862543,0.002400428947085522,97
tct,9,bertQPP(QV),6,0.7,0.31191970571797717,0.001869522948943427,0.20575601374570449,0.0028288190417010725,97
tct,9,spatial,6,0.72,0.208170172707751,0.04074325069049507,0.14819587628865982,0.031516517606653575,97
tct,9,a_ratio,6,0.72,0.26840525524074665,0.007856392011706301,0.1778350515463918,0.009863239446727635,97
tct,9,nqc,6,0.72,0.19823307943945845,0.051604067143375086,0.10137457044673541,0.14127503537333896,97
tct,9,bertQPP,6,0.72,0.3425679731197362,0.0005931913498499855,0.2130584192439863,0.0019900166497547295,97
tct,9,bertQPP(QV),6,0.72,0.31430886027483457,0.0017166981074414483,0.20747422680412375,0.0026065887949513057,97
tct,9,spatial,6,0.74,0.21381737765974235,0.03547079041659987,0.14819587628865982,0.031516517606653575,97
tct,9,a_ratio,6,0.74,0.26860612915939813,0.0078083645351264865,0.1782646048109966,0.009686599012848096,97
tct,9,nqc,6,0.74,0.20312371302189486,0.04599312449941725,0.10524054982817871,0.12672143082539938,97
tct,9,bertQPP,6,0.74,0.3420751761650661,0.0006048137242959807,0.21907216494845363,0.0014779202366871586,97
tct,9,bertQPP(QV),6,0.74,0.31579189001617514,0.001627615387770888,0.20790378006872856,0.0025535840012904936,97
tct,9,spatial,6,0.76,0.21927992306963912,0.030928052945218918,0.1550687285223368,0.024434836082135623,97
tct,9,a_ratio,6,0.76,0.26872343490285744,0.007780437474996761,0.1752577319587629,0.010984624932232429,97
tct,9,nqc,6,0.76,0.20872003793835106,0.040202698865813576,0.10953608247422682,0.11194930892644765,97
tct,9,bertQPP,6,0.76,0.34056935688998397,0.0006416320285728142,0.21520618556701035,0.0017908788065225548,97
tct,9,bertQPP(QV),6,0.76,0.31633714447565975,0.001595930222747301,0.21048109965635742,0.002255725464528707,97
tct,9,spatial,6,0.78,0.2245409296349053,0.027027585422944474,0.1550687285223368,0.024434836082135623,97
tct,9,a_ratio,6,0.78,0.2687664740419664,0.007770213222204505,0.17310996563573885,0.01200419316896961,97
tct,9,nqc,6,0.78,0.21517264620358306,0.03429447690164479,0.11039518900343644,0.10916471457232763,97
tct,9,bertQPP,6,0.78,0.3380615129874389,0.0007075298836748168,0.21907216494845363,0.0014779202366871586,97
tct,9,bertQPP(QV),6,0.78,0.3159377262431821,0.0016190853935323735,0.21134020618556704,0.0021637443470699886,97
tct,9,spatial,6,0.8,0.2295851760183902,0.023688385013332848,0.1597938144329897,0.02040649882574069,97
tct,9,a_ratio,6,0.8,0.2687436495960329,0.007775633854889134,0.17182130584192443,0.01265543298933369,97
tct,9,nqc,6,0.8,0.2226710148944035,0.028363134264605582,0.11211340206185569,0.10376002930884054,97
tct,9,bertQPP,6,0.8,0.3345889265236667,0.0008090127000361764,0.21907216494845363,0.0014779202366871586,97
tct,9,bertQPP(QV),6,0.8,0.31461188433261134,0.0016981452614135484,0.2100515463917526,0.0023030471051788694,97
tct,9,spatial,6,0.82,0.23439931819620316,0.020836569323287913,0.16408934707903783,0.01726000960595295,97
tct,9,a_ratio,6,0.82,0.26866253969891263,0.007794923826892546,0.17268041237113405,0.01221789425088413,97
tct,9,nqc,6,0.82,0.23145132979575594,0.02254564182085175,0.12156357388316154,0.07772782073014356,97
tct,9,bertQPP,6,0.82,0.3302128968465837,0.0009557761654629609,0.21606529209621997,0.0017164841150655054,97
tct,9,bertQPP(QV),6,0.82,0.3124015764985564,0.0018377442728317156,0.21219931271477666,0.0020752134680172376,97
tct,9,spatial,6,0.84,0.2389720638687939,0.018405667370306578,0.16967353951890035,0.013810511589466142,97
tct,9,a_ratio,6,0.84,0.2685299683123827,0.007826543481954475,0.17182130584192443,0.01265543298933369,97
tct,9,nqc,6,0.84,0.24179950686889484,0.01702818219827167,0.13058419243986258,0.05810246319620013,97
tct,9,bertQPP,6,0.84,0.3250148752647939,0.0011614185124104832,0.21434707903780073,0.0018682268943729797,97
tct,9,bertQPP(QV),6,0.84,0.3093694077125124,0.0020461324026780255,0.20274914089347082,0.003259747042536618,97
tct,9,spatial,6,0.86,0.2432942966957104,0.016336598345069387,0.16623711340206188,0.015852745291372216,97
tct,9,a_ratio,6,0.86,0.2683520722448022,0.007869151193561939,0.17396907216494847,0.011586707769612953,97
tct,9,nqc,6,0.86,0.25403554511504634,0.012043733069621537,0.14175257731958765,0.039687194240219145,97
tct,9,bertQPP,6,0.86,0.31909148875017246,0.0014442503636977531,0.21048109965635742,0.002255725464528707,97
tct,9,bertQPP(QV),6,0.86,0.30559436057171474,0.0023352760234797557,0.2053264604810997,0.002887015591872923,97
tct,9,spatial,6,0.88,0.24735914748637353,0.014577409637127682,0.1679553264604811,0.014800614099959652,97
tct,9,a_ratio,6,0.88,0.2681343640257651,0.007921572401229388,0.17053264604811,0.013337754848227265,97
tct,9,nqc,6,0.88,0.2684405791523808,0.00784792750161081,0.14647766323024058,0.03354022455213661,97
tct,9,bertQPP,6,0.88,0.31254903915880794,0.0018281173946694841,0.20790378006872856,0.0025535840012904936,97
tct,9,bertQPP(QV),6,0.88,0.30116685256199205,0.00272095328360289,0.2053264604810997,0.002887015591872923,97
tct,9,spatial,6,0.9,0.25116201194662197,0.013082843082779778,0.1709621993127148,0.013106785247853048,97
tct,9,a_ratio,6,0.9,0.26788179041028,0.007982774180205739,0.17268041237113405,0.01221789425088413,97
tct,9,nqc,6,0.9,0.2850242929456228,0.004658888947025218,0.16408934707903783,0.01726000960595295,97
tct,9,bertQPP,6,0.9,0.30549805477839365,0.0023431115291621205,0.2014604810996564,0.0034621026042757834,97
tct,9,bertQPP(QV),6,0.9,0.29618367028287507,0.0032227710091290588,0.20017182130584193,0.0036758280937195186,97
tct,9,spatial,6,0.92,0.25470051695917256,0.0118137911825072,0.1752577319587629,0.010984624932232429,97
tct,9,a_ratio,6,0.92,0.26759878645199253,0.008051844267009988,0.1752577319587629,0.010984624932232429,97
tct,9,nqc,6,0.92,0.30288710396369695,0.002564774763034316,0.186426116838488,0.006825229731210832,97
tct,9,bertQPP,6,0.92,0.29804837152290903,0.0030260171976772775,0.20103092783505158,0.0035320539175627825,97
tct,9,bertQPP(QV),6,0.92,0.2907432555536027,0.003864028625095004,0.20403780068728525,0.00306822352558543,97
tct,9,spatial,6,0.94,0.25797443949898774,0.010736695113953558,0.18127147766323026,0.008527096049992753,97
tct,9,a_ratio,6,0.94,0.26728932520545207,0.00812797368615653,0.1752577319587629,0.010984624932232429,97
tct,9,nqc,6,0.94,0.31874483790515407,0.0014625925343020177,0.19544673539518906,0.0045660596694361046,97
tct,9,bertQPP,6,0.94,0.29030506857163985,0.003920333428450791,0.20060137457044677,0.0036032888355043277,97
tct,9,bertQPP(QV),6,0.94,0.2849416853104835,0.0046713661941834685,0.1971649484536083,0.004221925130091803,97
tct,9,spatial,6,0.96,0.2609855840196763,0.009822925442506266,0.18084192439862545,0.008684754281086702,97
tct,9,a_ratio,6,0.96,0.266956963202017,0.008210442298064008,0.17654639175257736,0.010410504577977625,97
tct,9,nqc,6,0.96,0.3246873745297333,0.0011756326794431608,0.19286941580756015,0.005130036782382208,97
tct,9,bertQPP,6,0.96,0.2823654179824868,0.005075740124404838,0.19329896907216498,0.0050318722795436996,97
tct,9,bertQPP(QV),6,0.96,0.27886953453638896,0.005674158674695643,0.19201030927835053,0.00533157487845821,97
tct,9,spatial,6,0.98,0.2637376254077821,0.009048175791892366,0.17955326460481102,0.009173476196585428,97
tct,9,a_ratio,6,0.98,0.2666048819007115,0.008298606725307394,0.17568728522336774,0.01079019991112942,97
tct,9,nqc,6,0.98,0.3088723313820625,0.002082260134337466,0.1971649484536083,0.004221925130091803,97
tct,9,bertQPP,6,0.98,0.2743168621231607,0.006546939335072416,0.17912371134020622,0.009341755733078497,97
tct,9,bertQPP(QV),6,0.98,0.2726096713090487,0.006903653795682246,0.17740549828178698,0.010042744211065484,97
tct,9,spatial,6,1.0,0.2662359253507077,0.008391890222428635,0.17654639175257736,0.010410504577977625,97
tct,9,a_ratio,6,1.0,0.2662359253507077,0.008391890222428635,0.17654639175257736,0.010410504577977625,97
tct,9,nqc,6,1.0,0.2662359253507077,0.008391890222428635,0.17654639175257736,0.010410504577977625,97
tct,9,bertQPP,6,1.0,0.2662359253507077,0.008391890222428635,0.17654639175257736,0.010410504577977625,97
tct,9,bertQPP(QV),6,1.0,0.2662359253507077,0.008391890222428635,0.17654639175257736,0.010410504577977625,97
tct,9,spatial,7,0.0,0.01338209682788323,0.8964907995035795,0.03393470790378007,0.6224147431170471,97
tct,9,a_ratio,7,0.0,0.08699727737016583,0.39681436807593695,0.0584192439862543,0.3965888091618368,97
tct,9,nqc,7,0.0,0.14926312794961863,0.14450956733786507,0.08719931271477664,0.2057421374120063,97
tct,9,bertQPP,7,0.0,0.17672691352325548,0.08333551015854819,0.10137457044673541,0.14127503537333896,97
tct,9,bertQPP(QV),7,0.0,0.1310712474602009,0.20065209966598066,0.05541237113402062,0.42134149715143543,97
tct,9,spatial,7,0.02,0.017683371528843722,0.8635030377404368,0.03780068728522337,0.5833275904873889,97
tct,9,a_ratio,7,0.02,0.09878457513186692,0.3357182550391656,0.0657216494845361,0.340237883454913,97
tct,9,nqc,7,0.02,0.1497424383752257,0.1432100494306393,0.08676975945017183,0.2079844017382293,97
tct,9,bertQPP,7,0.02,0.1803887813847661,0.0770396502685508,0.1009450171821306,0.14296835148549844,97
tct,9,bertQPP(QV),7,0.02,0.13466561830383422,0.18847359689463095,0.06013745704467355,0.3828471200330016,97
tct,9,spatial,7,0.04,0.022112181731619364,0.8297807409479788,0.038659793814433,0.5747994088567128,97
tct,9,a_ratio,7,0.04,0.11073923755222823,0.2802128213218087,0.07946735395189004,0.2488442983857856,97
tct,9,nqc,7,0.04,0.1502416244340881,0.14186604428478553,0.0889175257731959,0.1969487085850582,97
tct,9,bertQPP,7,0.04,0.18419131462641672,0.0709116351262429,0.1048109965635739,0.1282784361242476,97
tct,9,bertQPP(QV),7,0.04,0.13840342515138337,0.17638774650429886,0.0627147766323024,0.3627897011875757,97
tct,9,spatial,7,0.06,0.026671871436914928,0.7953820155656937,0.043814432989690726,0.5249088158491623,97
tct,9,a_ratio,7,0.06,0.1228043428898147,0.2307827052908854,0.0893470790378007,0.19479398827541883,97
tct,9,nqc,7,0.06,0.1507619448791561,0.14047530858786408,0.08977663230240551,0.19265661141875967,97
tct,9,bertQPP,7,0.06,0.18814104934001064,0.06496915605426623,0.10695876288659796,0.12064011527036375,97
tct,9,bertQPP(QV),7,0.06,0.1422918239508616,0.1644286782911668,0.06615120274914091,0.33709113316806516,97
tct,9,spatial,7,0.08,0.03136568874316947,0.7603763757450978,0.04596219931271478,0.5047955105031363,97
tct,9,a_ratio,7,0.08,0.13491684518603042,0.18764290443150106,0.10008591065292097,0.14640165493450158,97
tct,9,nqc,7,0.08,0.15130476670373968,0.13903545338439108,0.0889175257731959,0.1969487085850582,97
tct,9,bertQPP,7,0.08,0.19224472657145483,0.05922992382356494,0.11168384879725088,0.1050908480999539,97
tct,9,bertQPP(QV),7,0.08,0.14633826842740855,0.15263292054061411,0.06701030927835053,0.3308539585593422,97
tct,9,spatial,7,0.1,0.03619675095425463,0.7248453579668926,0.04768041237113403,0.4890022573020564,97
tct,9,a_ratio,7,0.1,0.14700872470080892,0.15074128194748881,0.10524054982817871,0.12672143082539938,97
tct,9,nqc,7,0.1,0.15187157699077264,0.13754393304254012,0.0893470790378007,0.19479398827541883,97
tct,9,bertQPP,7,0.1,0.19650926209299285,0.05371143049035741,0.11297250859106532,0.10113858933462912,97
tct,9,bertQPP(QV),7,0.1,0.1505504933079833,0.141039235950195,0.06743986254295534,0.3277635503646662,97
tct,9,spatial,7,0.12,0.04116800495812907,0.6888829713911447,0.050257731958762895,0.4658203551040343,97
tct,9,a_ratio,7,0.12,0.1590084958140287,0.1197876430555089,0.11082474226804125,0.10779310640620364,97
tct,9,nqc,7,0.12,0.15246399634753066,0.13599803336198824,0.09020618556701032,0.1905365207922204,97
tct,9,bertQPP,7,0.12,0.20094170448151571,0.04843067377161723,0.11340206185567013,0.09984779835922447,97
tct,9,bertQPP(QV),7,0.12,0.15493648775035873,0.1296883687293907,0.07173539518900345,0.2978933833803449,97
tct,9,spatial,7,0.14,0.04628218251633327,0.6525959323504765,0.05240549828178695,0.4469779106399572,97
tct,9,a_ratio,7,0.14,0.17084301795911366,0.09430357928994407,0.11554982817869418,0.09358972367387966,97
tct,9,nqc,7,0.14,0.15308379417788992,0.1343948587775053,0.09020618556701032,0.1905365207922204,97
tct,9,bertQPP,7,0.14,0.20554917866071548,0.043403844804704064,0.11812714776632303,0.08649966115997804,97
tct,9,bertQPP(QV),7,0.14,0.1595044563649848,0.11862268825168165,0.0738831615120275,0.2836625052763587,97
tct,9,spatial,7,0.16,0.051541750131432626,0.6161036276141248,0.05498281786941581,0.42495013508695245,97
tct,9,a_ratio,7,0.16,0.18243952011012754,0.07368403362004684,0.1245704467353952,0.07065977324075139,97
tct,9,nqc,7,0.16,0.15373290609087145,0.1327313186198872,0.09106529209621994,0.18634796497677564,97
tct,9,bertQPP,7,0.16,0.2103388114795196,0.038645982224917386,0.11984536082474227,0.08201867152410211,97
tct,9,bertQPP(QV),7,0.16,0.1642627646430007,0.10788571524051496,0.0777491408934708,0.2592237212301055,97
tct,9,spatial,7,0.18,0.0569488532049572,0.5795377494248155,0.056701030927835065,0.41062402699366984,97
tct,9,a_ratio,7,0.18,0.19372772020919013,0.05726058919241773,0.12757731958762888,0.06412770883743656,97
tct,9,nqc,7,0.18,0.1544134538007657,0.1310041124073222,0.09235395189003438,0.18019329783502935,97
tct,9,bertQPP,7,0.18,0.2153176352197802,0.034170598127495476,0.1245704467353952,0.07065977324075139,97
tct,9,bertQPP(QV),7,0.18,0.16921986492578592,0.09752151833624953,0.07817869415807562,0.25660117603543875,97
tct,9,spatial,7,0.2,0.06250525426621886,0.5430415467115621,0.057130584192439875,0.4070878413580533,97
tct,9,a_ratio,7,0.2,0.20464190294063528,0.04435783918612999,0.1327319587628866,0.054093065441640706,97
tct,9,nqc,7,0.2,0.15512776794294578,0.12920971415780091,0.09149484536082475,0.1842793810224047,97
tct,9,bertQPP,7,0.2,0.22049246414951476,0.029989284648539363,0.13058419243986258,0.05810246319620013,97
tct,9,bertQPP(QV),7,0.2,0.17438419826301096,0.08757397242941753,0.08419243986254298,0.22181074839562664,97
tct,9,spatial,7,0.22,0.06821226514713646,0.5067686422315557,0.06314432989690723,0.3595119194286538,97
tct,9,a_ratio,7,0.22,0.2151228162734504,0.034337138755480376,0.13831615120274915,0.044736513464296176,97
tct,9,nqc,7,0.22,0.1558784143135713,0.12734435573912067,0.09149484536082475,0.1842793810224047,97
tct,9,bertQPP,7,0.22,0.2258697383682008,0.026111313525416013,0.13187285223367698,0.055668220302014286,97
tct,9,bertQPP(QV),7,0.22,0.1797640666045447,0.07808587578824525,0.08247422680412372,0.23138680179907667,97
tct,9,spatial,7,0.24,0.07407067310456407,0.47088137558209375,0.06615120274914091,0.33709113316806516,97
tct,9,a_ratio,7,0.24,0.2251192606098539,0.02662549779183029,0.1443298969072165,0.03622527510674091,97
tct,9,nqc,7,0.24,0.1566682241445888,0.12540400931040965,0.09106529209621994,0.18634796497677564,97
tct,9,bertQPP,7,0.24,0.23145532824362347,0.022543244910035676,0.13316151202749144,0.05331954320676675,97
tct,9,bertQPP(QV),7,0.24,0.18536746876359272,0.06909793114819553,0.07946735395189004,0.2488442983857856,97
tct,9,spatial,7,0.26,0.08008066105437876,0.43554864778205976,0.07044673539518902,0.3066570724911982,97
tct,9,a_ratio,7,0.26,0.23458927266478014,0.020730362254943128,0.15034364261168387,0.02913493133073165,97
tct,9,nqc,7,0.26,0.15750032915266696,0.12338436896198504,0.09063573883161513,0.18843365829791547,97
tct,9,bertQPP,7,0.26,0.2372542917499611,0.019288565616001632,0.13702749140893475,0.046764860648197036,97
tct,9,bertQPP(QV),7,0.26,0.19120189249639738,0.06064760683458992,0.08848797250859108,0.19912082868170233,97
tct,9,spatial,7,0.28,0.08624172228505564,0.4009432648773955,0.07603092783505157,0.269899250718855,97
tct,9,a_ratio,7,0.28,0.24350084512574155,0.016242972349822263,0.1589347079037801,0.021092644173514117,97
tct,9,nqc,7,0.28,0.15837820225829832,0.1212808317345645,0.09020618556701032,0.1905365207922204,97
tct,9,bertQPP,7,0.28,0.24327057604630842,0.01634738045048839,0.14089347079037803,0.040901875311072,97
tct,9,bertQPP(QV),7,0.28,0.1972740539141369,0.05276790767016734,0.093213058419244,0.17617491386576734,97
tct,9,spatial,7,0.3,0.09255257026632188,0.3672388057120033,0.08204467353951891,0.23382603249144784,97
tct,9,a_ratio,7,0.3,0.25183216669766517,0.012833771921728809,0.16537800687285226,0.016403064445582434,97
tct,9,nqc,7,0.3,0.1593057050674493,0.11908847830174742,0.0893470790378007,0.19479398827541883,97
tct,9,bertQPP,7,0.3,0.24950665378600895,0.013716182737095722,0.14862542955326463,0.03102727109196935,97
tct,9,bertQPP(QV),7,0.3,0.20358957435778594,0.04548610148146559,0.09750859106529211,0.15708030004273185,97
tct,9,spatial,7,0.32,0.09901104446301648,0.3346060718875395,0.08376288659793817,0.22417771625382632,97
tct,9,a_ratio,7,0.32,0.2595714088846296,0.010243215643322189,0.17225085910652924,0.012434959394241826,97
tct,9,nqc,7,0.32,0.16028714345352252,0.11680205374184122,0.0893470790378007,0.19479398827541883,97
tct,9,bertQPP,7,0.32,0.25596308407853935,0.011387730880344674,0.15206185567010314,0.02734277211201925,97
tct,9,bertQPP(QV),7,0.32,0.2101525839608831,0.03882246447617008,0.10137457044673541,0.14127503537333896,97
tct,9,spatial,7,0.34,0.1056140134055309,0.303209214442806,0.08462199312714778,0.2194617374170329,97
tct,9,a_ratio,7,0.34,0.26671612028437425,0.008270661957228406,0.17740549828178698,0.010042744211065484,97
tct,9,nqc,7,0.34,0.1613273328859863,0.1144159490205255,0.08977663230240551,0.19265661141875967,97
tct,9,bertQPP,7,0.34,0.2626379879717594,0.009351056105989608,0.15206185567010314,0.02734277211201925,97
tct,9,bertQPP(QV),7,0.34,0.21696524060442854,0.032789125882589795,0.10524054982817871,0.12672143082539938,97
tct,9,spatial,7,0.36,0.11235727665362621,0.27320166941725166,0.08977663230240551,0.19265661141875967,97
tct,9,a_ratio,7,0.36,0.2732723126645086,0.0067632055188651405,0.18556701030927839,0.00708575590459897,97
tct,9,nqc,7,0.36,0.16243167554225935,0.11192418407378049,0.08977663230240551,0.19265661141875967,97
tct,9,bertQPP,7,0.36,0.2695264291158004,0.007591621649969572,0.15420962199312716,0.025236989773183314,97
tct,9,bertQPP(QV),7,0.36,0.22402715313407232,0.02738910644780688,0.10824742268041239,0.11623089832126132,97
tct,9,spatial,7,0.38,0.11923546771328097,0.24472206982024625,0.09621993127147768,0.16263626465805225,97
tct,9,a_ratio,7,0.38,0.2792533343545964,0.005605533276311096,0.18943298969072167,0.005979808014005902,97
tct,9,nqc,7,0.38,0.16360625173570986,0.10932039374724861,0.0893470790378007,0.19479398827541883,97
tct,9,bertQPP,7,0.38,0.2766196923639094,0.006091645218855454,0.16065292096219932,0.019739903980340746,97
tct,9,bertQPP(QV),7,0.38,0.23133469898487152,0.022615653339396875,0.11254295532646051,0.10244263799035044,97
tct,9,spatial,7,0.4,0.12624196041505853,0.21789033047934206,0.10309278350515466,0.1346555631057889,97
tct,9,a_ratio,7,0.4,0.28467862635477736,0.004711297813310704,0.19329896907216498,0.0050318722795436996,97
tct,9,nqc,7,0.4,0.16485792882753483,0.10659781834982195,0.08977663230240551,0.19265661141875967,97
tct,9,bertQPP,7,0.4,0.2839044570500831,0.004830584516961389,0.16323024054982818,0.017852894393926448,97
tct,9,bertQPP(QV),7,0.4,0.23888022930916877,0.018451971899934996,0.12113402061855671,0.07878300963914868,97
tct,9,spatial,7,0.42,0.1333687817203356,0.19280412030511462,0.10609965635738833,0.1236515932692785,97
tct,9,a_ratio,7,0.42,0.28957244738247934,0.00401611094377615,0.19931271477663232,0.003824903963020039,97
tct,9,nqc,7,0.42,0.1661944916075475,0.10374930126499014,0.09020618556701032,0.1905365207922204,97
tct,9,bertQPP,7,0.42,0.29136186828502997,0.0037857707088330304,0.16752577319587633,0.015057708996420909,97
tct,9,bertQPP(QV),7,0.42,0.24665116004825413,0.014871438994289896,0.13058419243986258,0.05810246319620013,97
tct,9,spatial,7,0.44,0.14060653436476872,0.1695359394233698,0.10910652920962201,0.11336246240953972,97
tct,9,a_ratio,7,0.44,0.2939626389581738,0.003472039182083574,0.2014604810996564,0.0034621026042757834,97
tct,9,nqc,7,0.44,0.1676247991876313,0.10076729700121038,0.09106529209621994,0.18634796497677564,97
tct,9,bertQPP,7,0.44,0.29896651966135707,0.0029331583509417955,0.1709621993127148,0.013106785247853048,97
tct,9,bertQPP(QV),7,0.44,0.2546289559846213,0.011838351025802956,0.13015463917525774,0.058933277914773506,97
tct,9,spatial,7,0.46,0.14794433314644095,0.14813100305387478,0.11211340206185569,0.10376002930884054,97
tct,9,a_ratio,7,0.46,0.2978794837076495,0.0030433825299782265,0.20017182130584193,0.0036758280937195186,97
tct,9,nqc,7,0.46,0.1691589748322151,0.09764389434523674,0.09192439862542956,0.1822278457949571,97
tct,9,bertQPP,7,0.46,0.30668537509968324,0.0022481448681115055,0.17268041237113405,0.01221789425088413,97
tct,9,bertQPP(QV),7,0.46,0.2627880275832305,0.009309212202985119,0.1314432989690722,0.05647001729864357,97
tct,9,spatial,7,0.48,0.15536975898239108,0.1286060983270662,0.11812714776632303,0.08649966115997804,97
tct,9,a_ratio,7,0.48,0.30135469198928,0.0027034934004702927,0.20575601374570449,0.0028288190417010725,97
tct,9,nqc,7,0.48,0.1708086369626889,0.09437086103735848,0.09278350515463919,0.1781756748775648,97
tct,9,bertQPP,7,0.48,0.3144766768775292,0.00170640088699146,0.18213058419243988,0.008219435652041644,97
tct,9,bertQPP(QV),7,0.48,0.2710945782188394,0.007234509053794615,0.14175257731958765,0.039687194240219145,97
tct,9,spatial,7,0.5,0.1628688350495757,0.11094952516979421,0.12156357388316154,0.07772782073014356,97
tct,9,a_ratio,7,0.5,0.3044205356497314,0.0024324085488928796,0.21091065292096223,0.002209296231634933,97
tct,9,nqc,7,0.5,0.17258718196892625,0.09093971878930512,0.09364261168384881,0.17419095096502246,97
tct,9,bertQPP,7,0.5,0.32228891137309623,0.0012846474830151508,0.1898625429553265,0.005867063974983271,97
tct,9,bertQPP(QV),7,0.5,0.2795054626806429,0.005560853429522789,0.15592783505154642,0.023654871935139845,97
tct,9,spatial,7,0.52,0.17042602934945156,0.09512216147851309,0.12328178694158079,0.07362159410235054,97
tct,9,a_ratio,7,0.52,0.3071091342853757,0.0022151004991329414,0.21176975945017185,0.0021190549684448486,97
tct,9,nqc,7,0.52,0.17451013265136944,0.08734186075110677,0.09493127147766325,0.1683392012081001,97
tct,9,bertQPP,7,0.52,0.33005993302458675,0.0009613197015434719,0.1911512027491409,0.005540236417616152,97
tct,9,bertQPP(QV),7,0.52,0.28796714636073284,0.00423331981848509,0.16451890034364264,0.016970096384742294,97
tct,9,spatial,7,0.54,0.17802428784403854,0.0810596122967534,0.12929553264604812,0.060624507125192455,97
tct,9,a_ratio,7,0.54,0.3094518892639193,0.0020401926533147037,0.2130584192439863,0.0019900166497547295,97
tct,9,nqc,7,0.54,0.17659557039472815,0.08356872802178375,0.09579037800687287,0.16452082122278677,97
tct,9,bertQPP,7,0.54,0.33771637826260176,0.0007170680992192414,0.19201030927835053,0.00533157487845821,97
tct,9,bertQPP(QV),7,0.54,0.29641488664163534,0.003197766654807804,0.17310996563573885,0.01200419316896961,97
tct,9,spatial,7,0.56,0.1856451018648971,0.0686753210557931,0.13359106529209622,0.05255528194642074,97
tct,9,a_ratio,7,0.56,0.31147905385486757,0.0018990172319399308,0.21864261168384883,0.0015100189795415188,97
tct,9,nqc,7,0.56,0.17886467494990357,0.07961206791371929,0.09664948453608249,0.16076803875264556,97
tct,9,bertQPP,7,0.56,0.3451735304217877,0.0005350700097973981,0.19974226804123715,0.0037496927052216027,97
tct,9,bertQPP(QV),7,0.56,0.30477229007309475,0.0024029263455089558,0.17912371134020622,0.009341755733078497,97
tct,9,spatial,7,0.58,0.19326861276426927,0.057864447622843526,0.13831615120274915,0.044736513464296176,97
tct,9,a_ratio,7,0.58,0.31321942372300376,0.0017849246692502633,0.22207903780068733,0.0012702502748310276,97
tct,9,nqc,7,0.58,0.18134240355099213,0.07546430496830939,0.09621993127147768,0.16263626465805225,97
tct,9,bertQPP,7,0.58,0.3523358170189801,0.00040114630057430667,0.209192439862543,0.002400428947085522,97
tct,9,bertQPP(QV),7,0.58,0.31295142477693094,0.001802079795056118,0.18771477663230243,0.006450561996249079,97
tct,9,spatial,7,0.6,0.20087375574499938,0.04850826201340492,0.13788659793814437,0.04540422310195199,97
tct,9,a_ratio,7,0.6,0.3147001301984874,0.0016927765761480477,0.22637457044673542,0.0010200025736501021,97
tct,9,nqc,7,0.6,0.1840583518290965,0.07111906685389548,0.09493127147766325,0.1683392012081001,97
tct,9,bertQPP,7,0.6,0.35909812293157317,0.00030370288148621956,0.21477663230240554,0.0018291772025326055,97
tct,9,bertQPP(QV),7,0.6,0.3208536782348273,0.001354194248565225,0.19544673539518906,0.0045660596694361046,97
tct,9,spatial,7,0.62,0.20843844348029456,0.04047877124735613,0.14218213058419246,0.039091423487606906,97
tct,9,a_ratio,7,0.62,0.31594651856397704,0.0016185724250744307,0.22680412371134026,0.0009976667225656776,97
tct,9,nqc,7,0.62,0.18704785373663574,0.06657192201280336,0.09621993127147768,0.16263626465805225,97
tct,9,bertQPP,7,0.62,0.36534807607498354,0.00023353457889576453,0.22809278350515466,0.000933347093157991,97
tct,9,bertQPP(QV),7,0.62,0.32837153530675706,0.0010244853170013365,0.20661512027491413,0.0027156275780873427,97
tct,9,spatial,7,0.64,0.21593978855008716,0.03364329371317311,0.14647766323024058,0.03354022455213661,97
tct,9,a_ratio,7,0.64,0.3169820945563555,0.0015591736345237843,0.22938144329896912,0.0008728876884960134,97
tct,9,nqc,7,0.64,0.1903533980287161,0.0618214049479266,0.09879725085910654,0.15166941209887877,97
tct,9,bertQPP,7,0.64,0.37096939625925496,0.00018353906476030078,0.2336769759450172,0.0006965926026270434,97
tct,9,bertQPP(QV),7,0.64,0.33539139920457217,0.0007844465348860245,0.21176975945017185,0.0021190549684448486,97
tct,9,spatial,7,0.66,0.22335436194210956,0.027868720220336495,0.1512027491408935,0.028226597294347726,97
tct,9,a_ratio,7,0.66,0.31782852392085703,0.00151209870064914,0.2298109965635739,0.0008535554716530555,97
tct,9,nqc,7,0.66,0.19402646686307753,0.05687042855475673,0.09793814432989692,0.1552606461818409,97
tct,9,bertQPP,7,0.66,0.37584628794995967,0.00014838955169074627,0.23453608247422683,0.0006655682797928671,97
tct,9,bertQPP(QV),7,0.66,0.34179748215340067,0.0006114545037390804,0.2216494845360825,0.001298168853613724,97
tct,9,spatial,7,0.68,0.23065848298677177,0.023025249298692624,0.15420962199312716,0.025236989773183314,97
tct,9,a_ratio,7,0.68,0.31850567183360823,0.0014753702931150732,0.22809278350515466,0.000933347093157991,97
tct,9,nqc,7,0.68,0.19812994043912951,0.05172820967781293,0.09793814432989692,0.1552606461818409,97
tct,9,bertQPP,7,0.68,0.37986870820522844,0.00012420850321117653,0.23324742268041243,0.0007126038672884247,97
tct,9,bertQPP(QV),7,0.68,0.3474766540427775,0.0004880926638886122,0.22809278350515466,0.000933347093157991,97
tct,9,spatial,7,0.7,0.23782853423544933,0.018989448693956048,0.16408934707903783,0.01726000960595295,97
tct,9,a_ratio,7,0.7,0.3190316710771015,0.001447400496629613,0.22938144329896912,0.0008728876884960134,97
tct,9,nqc,7,0.7,0.20274126322764877,0.046412859339351506,0.09793814432989692,0.1552606461818409,97
tct,9,bertQPP,7,0.7,0.3829381701475985,0.00010827381143436379,0.24699312714776633,0.0003381788389163567,97
tct,9,bertQPP(QV),7,0.7,0.3523239707863283,0.000401339736236589,0.23539518900343648,0.0006358327263393619,97
tct,9,spatial,7,0.72,0.2448412930894975,0.015646566140335355,0.16967353951890035,0.013810511589466142,97
tct,9,a_ratio,7,0.72,0.3194230098475535,0.0014269041768127668,0.22594501718213064,0.0010428004886634003,97
tct,9,nqc,7,0.72,0.2079566341770992,0.040954800219223104,0.10223367697594504,0.13793469449367568,97
tct,9,bertQPP,7,0.72,0.38497358210371935,9.877726355758573e-05,0.2439862542955327,0.0003993454119661632,97
tct,9,bertQPP(QV),7,0.72,0.35624843812447715,0.0003417465934048652,0.23410652920962205,0.0006809162092632265,97
tct,9,spatial,7,0.74,0.25167427058531466,0.012892081093241362,0.1782646048109966,0.009686599012848096,97
tct,9,a_ratio,7,0.74,0.31969463189491154,0.0014128331837153472,0.22680412371134026,0.0009976667225656776,97
tct,9,nqc,7,0.74,0.21389656227579876,0.03540114183192908,0.10266323024054985,0.13628751627610397,97
tct,9,bertQPP,7,0.74,0.38591651426454426,9.46454390964609e-05,0.2405498281786942,0.0004818477915141724,97
tct,9,bertQPP(QV),7,0.74,0.3591784407927629,0.0003026895019552561,0.23840206185567014,0.0005412133012575864,97
tct,9,spatial,7,0.76,0.25830604677323976,0.010632547469238971,0.18771477663230243,0.006450561996249079,97
tct,9,a_ratio,7,0.76,0.319860043295741,0.0014043260760679213,0.22207903780068733,0.0012702502748310276,97
tct,9,nqc,7,0.76,0.22071320060204155,0.029821006772994013,0.1086769759450172,0.11478963120763813,97
tct,9,bertQPP,7,0.76,0.3857352676487811,9.542695538485383e-05,0.2444158075601375,0.0003900155261817713,97
tct,9,bertQPP(QV),7,0.76,0.36106622185397125,0.00027975014758568504,0.2439862542955327,0.0003993454119661632,97
tct,9,spatial,7,0.78,0.2647165917038024,0.008785820494517968,0.19329896907216498,0.0050318722795436996,97
tct,9,a_ratio,7,0.78,0.31993142152046156,0.0014006694703462478,0.22379725085910657,0.0011640289366746655,97
tct,9,nqc,7,0.78,0.2285998693310023,0.024311438334053928,0.11426116838487975,0.09730564872611688,97
tct,9,bertQPP,7,0.78,0.38442721708649674,0.00010124742063942083,0.2491408934707904,0.00029998189638302743,97
tct,9,bertQPP(QV),7,0.78,0.36189085995792114,0.00027024186792909606,0.24742268041237117,0.00033019314561040996,97
tct,9,spatial,7,0.8,0.2708875612230805,0.007280786475005011,0.20060137457044677,0.0036032888355043277,97
tct,9,a_ratio,7,0.8,0.31991972358538623,0.001401268146539976,0.22422680412371138,0.0011387880187863695,97
tct,9,nqc,7,0.8,0.23780290010242777,0.01900271563479992,0.11941580756013748,0.08312087785946547,97
tct,9,bertQPP,7,0.8,0.38201910516986337,0.00011283380081077136,0.2452749140893471,0.0003719636432157586,97
tct,9,bertQPP(QV),7,0.8,0.36165936475960125,0.0002728805178734752,0.24785223367697598,0.0003223841860548392,97
tct,9,spatial,7,0.82,0.27680255759816186,0.00605672343250734,0.20274914089347082,0.003259747042536618,97
tct,9,a_ratio,7,0.82,0.31983479099563494,0.0014056217884464788,0.2255154639175258,0.0010660691222714972,97
tct,9,nqc,7,0.82,0.2486348094777671,0.014060339853964468,0.11941580756013748,0.08312087785946547,97
tct,9,bertQPP,7,0.82,0.37856524033982875,0.00013161179525368057,0.24355670103092786,0.0004088834881762593,97
tct,9,bertQPP(QV),7,0.82,0.36040576297037885,0.0002875868303663491,0.24871134020618557,0.00030728207639036943,97
tct,9,spatial,7,0.84,0.2824473464064345,0.005062415935949811,0.20661512027491413,0.0027156275780873427,97
tct,9,a_ratio,7,0.84,0.31968544991248715,0.001413306779876647,0.22422680412371138,0.0011387880187863695,97
tct,9,nqc,7,0.84,0.26148424313712904,0.00967837332533594,0.12628865979381446,0.0668634129345248,97
tct,9,bertQPP,7,0.84,0.37414383971361814,0.00015988153594307785,0.24312714776632308,0.0004186340215940853,97
tct,9,bertQPP(QV),7,0.84,0.3581883253013608,0.00031540222543311423,0.24742268041237117,0.00033019314561040996,97
tct,9,spatial,7,0.86,0.2878100230368926,0.004255133060536014,0.2100515463917526,0.0023030471051788694,97
tct,9,a_ratio,7,0.86,0.319479605545516,0.0014239618760435652,0.22079037800687287,0.0013557124652369783,97
tct,9,nqc,7,0.86,0.27680771037213703,0.006055741982931865,0.14003436426116841,0.04214791401843269,97
tct,9,bertQPP,7,0.86,0.36885199234083016,0.00020107657822395698,0.24613402061855674,0.00035469522611087794,97
tct,9,bertQPP(QV),7,0.86,0.3550853259606659,0.00035849842666788457,0.24957044673539522,0.00029284438819506046,97
tct,9,spatial,7,0.88,0.2928811244303474,0.003599558418816165,0.2100515463917526,0.0023030471051788694,97
tct,9,a_ratio,7,0.88,0.31922433020268404,0.001437276862070984,0.22207903780068733,0.0012702502748310276,97
tct,9,nqc,7,0.88,0.29505888976767175,0.0033469261516043407,0.15034364261168387,0.02913493133073165,97
tct,9,bertQPP,7,0.88,0.3627998543379346,0.0002601068824727108,0.24484536082474234,0.00038088964117221485,97
tct,9,bertQPP(QV),7,0.88,0.3511898817985909,0.0004202602154453369,0.2444158075601375,0.0003900155261817713,97
tct,9,spatial,7,0.9,0.29765368415993976,0.0030667393378600765,0.2134879725085911,0.0019486331283160838,97
tct,9,a_ratio,7,0.9,0.3189259447550881,0.0014529835269317833,0.2255154639175258,0.0010660691222714972,97
tct,9,nqc,7,0.9,0.3164332627878809,0.0015904029989397936,0.1658075601374571,0.016125841537736958,97
tct,9,bertQPP,7,0.9,0.356104706690159,0.00034377694562528317,0.2414089347079038,0.0004598488311252096,97
tct,9,bertQPP(QV),7,0.9,0.34660446487241336,0.0005054185795674496,0.24269759450171827,0.0004286013573495472,97
tct,9,spatial,7,0.92,0.302123231442454,0.002633101332004295,0.2134879725085911,0.0019486331283160838,97
tct,9,a_ratio,7,0.92,0.31859009350893214,0.0014708484419413389,0.22508591065292102,0.0010898172708815595,97
tct,9,nqc,7,0.92,0.34012314455017717,0.0006529297545188731,0.17654639175257736,0.010410504577977625,97
tct,9,bertQPP,7,0.92,0.3488854234251424,0.0004612553012106321,0.24012027491408938,0.0004932117335580638,97
tct,9,bertQPP(QV),7,0.92,0.34143562749991574,0.0006202080869946589,0.24012027491408938,0.0004932117335580638,97
tct,9,spatial,7,0.94,0.30628773700029993,0.0022795558523420615,0.21606529209621997,0.0017164841150655054,97
tct,9,a_ratio,7,0.94,0.31822181264412625,0.0014906671530930432,0.22379725085910657,0.0011640289366746655,97
tct,9,nqc,7,0.94,0.3625188922497887,0.0002632014363190274,0.19243986254295536,0.005229928831102741,97
tct,9,bertQPP,7,0.94,0.3412577479159421,0.0006245530803403277,0.23711340206185572,0.000580033168540485,97
tct,9,bertQPP(QV),7,0.94,0.3357893528257023,0.0007725184086368037,0.23539518900343648,0.0006358327263393619,97
tct,9,spatial,7,0.96,0.3101475107134403,0.0019907147619233198,0.2203608247422681,0.0013853583021557498,97
tct,9,a_ratio,7,0.96,0.3178255924921444,0.0015122594868012737,0.22422680412371138,0.0011387880187863695,97
tct,9,nqc,7,0.96,0.3743575728987169,0.0001583948581121584,0.21907216494845363,0.0014779202366871586,97
tct,9,bertQPP,7,0.96,0.3333306008693786,0.0008489512181066147,0.2336769759450172,0.0006965926026270434,97
tct,9,bertQPP(QV),7,0.96,0.32976728594121074,0.000972007209093845,0.2336769759450172,0.0006965926026270434,97
tct,9,spatial,7,0.98,0.3137050575976798,0.001754214242220419,0.22079037800687287,0.0013557124652369783,97
tct,9,a_ratio,7,0.98,0.31740543399808496,0.0015354657368058385,0.22465635738831619,0.0011140538745299275,97
tct,9,nqc,7,0.98,0.361334304809874,0.00027662576666331705,0.24871134020618557,0.00030728207639036943,97
tct,9,bertQPP,7,0.98,0.32520348178714764,0.0011533037199119452,0.22336769759450176,0.0011897860106094835,97
tct,9,bertQPP(QV),7,0.98,0.323463946660622,0.0012301420151066918,0.22723367697594504,0.000975784420613921,97
tct,9,spatial,7,1.0,0.3169648997534668,0.0015601435517772334,0.22465635738831619,0.0011140538745299275,97
tct,9,a_ratio,7,1.0,0.3169648997534668,0.0015601435517772334,0.22465635738831619,0.0011140538745299275,97
tct,9,nqc,7,1.0,0.3169648997534668,0.0015601435517772334,0.22465635738831619,0.0011140538745299275,97
tct,9,bertQPP,7,1.0,0.3169648997534668,0.0015601435517772334,0.22465635738831619,0.0011140538745299275,97
tct,9,bertQPP(QV),7,1.0,0.3169648997534668,0.0015601435517772334,0.22465635738831619,0.0011140538745299275,97
tct,9,spatial,8,0.0,0.01338209682788323,0.8964907995035795,0.03393470790378007,0.6224147431170471,97
tct,9,a_ratio,8,0.0,0.08699727737016583,0.39681436807593695,0.0584192439862543,0.3965888091618368,97
tct,9,nqc,8,0.0,0.14926312794961863,0.14450956733786507,0.08719931271477664,0.2057421374120063,97
tct,9,bertQPP,8,0.0,0.17672691352325548,0.08333551015854819,0.10137457044673541,0.14127503537333896,97
tct,9,bertQPP(QV),8,0.0,0.1310712474602009,0.20065209966598066,0.05541237113402062,0.42134149715143543,97
tct,9,spatial,8,0.02,0.017558203193246115,0.8644599721898227,0.038659793814433,0.5747994088567128,97
tct,9,a_ratio,8,0.02,0.09850168582521103,0.3371108006729374,0.06701030927835053,0.3308539585593422,97
tct,9,nqc,8,0.02,0.14973186329087468,0.1432386253411333,0.08762886597938145,0.2035174890452155,97
tct,9,bertQPP,8,0.02,0.18027191967613004,0.07723450198367966,0.1009450171821306,0.14296835148549844,97
tct,9,bertQPP(QV),8,0.02,0.13455516921707603,0.18883964507987674,0.05927835051546393,0.3896811249151011,97
tct,9,spatial,8,0.04,0.021858082729775824,0.8317078153178991,0.039948453608247426,0.5621188569054614,97
tct,9,a_ratio,8,0.04,0.11018979773228949,0.28262072689283074,0.08075601374570447,0.24125289471425693,97
tct,9,nqc,8,0.04,0.15022005962997378,0.1419239074607592,0.0889175257731959,0.1969487085850582,97
tct,9,bertQPP,8,0.04,0.18395263815653834,0.07128433702734319,0.10309278350515466,0.1346555631057889,97
tct,9,bertQPP(QV),8,0.04,0.13817768499421626,0.17710112205303172,0.0627147766323024,0.3627897011875757,97
tct,9,spatial,8,0.06,0.026285110527567504,0.7982856214298856,0.0425257731958763,0.5371707606067591,97
tct,9,a_ratio,8,0.06,0.12200906138394972,0.23383977499127387,0.08762886597938145,0.2035174890452155,97
tct,9,nqc,8,0.06,0.15072895120427898,0.14056318799648487,0.0893470790378007,0.19479398827541883,97
tct,9,bertQPP,8,0.06,0.18777541569227246,0.06550169856787816,0.10609965635738833,0.1236515932692785,97
tct,9,bertQPP(QV),8,0.06,0.14194574806037963,0.1654680422469623,0.06486254295532648,0.34658765831762584,97
tct,9,spatial,8,0.08,0.030842592806162195,0.7642551344504779,0.04553264604810997,0.5087854171288679,97
tct,9,a_ratio,8,0.08,0.13390055670683768,0.19101974260929216,0.09450171821305844,0.17027316035268703,97
tct,9,nqc,8,0.08,0.15125987855554662,0.13915409501728318,0.0889175257731959,0.1969487085850582,97
tct,9,bertQPP,8,0.08,0.19174681208365693,0.05990340127404727,0.10953608247422682,0.11194930892644765,97
tct,9,bertQPP(QV),8,0.08,0.14586661404915657,0.15397426863068478,0.06701030927835053,0.3308539585593422,97
tct,9,spatial,8,0.1,0.035533735995317076,0.7296891803050349,0.046391752577319596,0.5008221569685896,97
tct,9,a_ratio,8,0.1,0.1457999233428911,0.154164641055305,0.10180412371134022,0.13959717520298046,97
tct,9,nqc,8,0.1,0.1518143001888332,0.13769409906579058,0.0893470790378007,0.19479398827541883,97
tct,9,bertQPP,8,0.1,0.19587357480295026,0.054506186506029314,0.11340206185567013,0.09984779835922447,97
tct,9,bertQPP(QV),8,0.1,0.14994782838126783,0.14265589943089077,0.06872852233676977,0.3186051074891699,97
tct,9,spatial,8,0.12,0.040361611420686616,0.6946721676350842,0.04939862542955327,0.47347910625616985,97
tct,9,a_ratio,8,0.12,0.15763864787555315,0.12305108538813725,0.10652920962199315,0.12213859984356254,97
tct,9,nqc,8,0.12,0.15239380579468847,0.13618050094713838,0.08977663230240551,0.19265661141875967,97
tct,9,bertQPP,8,0.12,0.20016260310594367,0.04932648248823324,0.11554982817869418,0.09358972367387966,97
tct,9,bertQPP(QV),8,0.12,0.15419720500272593,0.13155107484478243,0.07302405498281789,0.28929863271816614,97
tct,9,spatial,8,0.14,0.04532911521968119,0.6593004134919082,0.050687285223367705,0.46201693847175085,97
tct,9,a_ratio,8,0.14,0.16934567667833791,0.09726904588770928,0.11211340206185569,0.10376002930884054,97
tct,9,nqc,8,0.14,0.15300013128379966,0.13461041854516148,0.08977663230240551,0.19265661141875967,97
tct,9,bertQPP,8,0.14,0.20462089905865916,0.04438012920543089,0.11812714776632303,0.08649966115997804,97
tct,9,bertQPP(QV),8,0.14,0.15862279406319962,0.12069969257386899,0.07431271477663232,0.2808725107935828,97
tct,9,spatial,8,0.16,0.05043892312603573,0.6236822446259781,0.053694158075601385,0.43588378893929247,97
tct,9,a_ratio,8,0.16,0.18084928636179257,0.07627565281948495,0.11812714776632303,0.08649966115997804,97
tct,9,nqc,8,0.16,0.15363517592949327,0.13298077261354666,0.09020618556701032,0.1905365207922204,97
tct,9,bertQPP,8,0.16,0.20925550233522225,0.0396820695500509,0.1202749140893471,0.08092834885233069,97
tct,9,bertQPP(QV),8,0.16,0.16323283562331764,0.11014301828163096,0.077319587628866,0.2618647746424714,97
tct,9,spatial,8,0.18,0.05569343978969789,0.5879378222723743,0.05498281786941581,0.42495013508695245,97
tct,9,a_ratio,8,0.18,0.1920791119649488,0.05945324382225715,0.12886597938144334,0.06148508875649665,97
tct,9,nqc,8,0.18,0.15430102196958415,0.13128827149788486,0.09020618556701032,0.1905365207922204,97
tct,9,bertQPP,8,0.18,0.21407340500322566,0.03524601042380453,0.12242268041237117,0.07565197367789964,97
tct,9,bertQPP(QV),8,0.18,0.16803569584388456,0.09992317812109497,0.0777491408934708,0.2592237212301055,97
tct,9,spatial,8,0.2,0.06109474234530821,0.5521986378984698,0.057130584192439875,0.4070878413580533,97
tct,9,a_ratio,8,0.2,0.20296820911647678,0.04616340737039013,0.13487972508591067,0.050317249987351625,97
tct,9,nqc,8,0.2,0.15499995708734218,0.12952939475854525,0.09106529209621994,0.18634796497677564,97
tct,9,bertQPP,8,0.2,0.21908144177433553,0.03108406019005286,0.12628865979381446,0.0668634129345248,97
tct,9,bertQPP(QV),8,0.2,0.17303978136386672,0.09008252289283228,0.08247422680412372,0.23138680179907667,97
tct,9,spatial,8,0.22,0.06664451801205497,0.5166066300482768,0.06056701030927836,0.3794578311122522,97
tct,9,a_ratio,8,0.22,0.213455014957686,0.035790984214822415,0.14518900343642613,0.03513003275683934,97
tct,9,nqc,8,0.22,0.155734500274846,0.12770037568561274,0.09149484536082475,0.1842793810224047,97
tct,9,bertQPP,8,0.22,0.22428615036004743,0.027206352053556437,0.13058419243986258,0.05810246319620013,97
tct,9,bertQPP(QV),8,0.22,0.17825342671105818,0.08066285758995961,0.0854810996563574,0.2148174024411691,97
tct,9,spatial,8,0.24,0.07234399560460529,0.4813128790276407,0.0627147766323024,0.3627897011875757,97
tct,9,a_ratio,8,0.24,0.22348507646790267,0.027774983816094882,0.15034364261168387,0.02913493133073165,97
tct,9,nqc,8,0.24,0.15650743168453393,0.1257971827290521,0.09063573883161513,0.18843365829791547,97
tct,9,bertQPP,8,0.24,0.22969359564417008,0.02362066650687187,0.1327319587628866,0.054093065441640706,97
tct,9,bertQPP(QV),8,0.24,0.18368474861021084,0.0717045364734172,0.08419243986254298,0.22181074839562664,97
tct,9,spatial,8,0.26,0.07819387096391951,0.44647584750013974,0.06615120274914091,0.33709113316806516,97
tct,9,a_ratio,8,0.26,0.2330124341636486,0.021626238539688168,0.154639175257732,0.024833107958687445,97
tct,9,nqc,8,0.26,0.15732182720127563,0.12381549991332505,0.09063573883161513,0.18843365829791547,97
tct,9,bertQPP,8,0.26,0.23530915038861985,0.020332069723636173,0.13445017182130586,0.05105421646643944,97
tct,9,bertQPP(QV),8,0.26,0.18934145997099405,0.0632454327391754,0.08591065292096221,0.2125219840325313,97
tct,9,spatial,8,0.28,0.08419422648297757,0.41225915169100674,0.07216494845360825,0.295009708543132,97
tct,9,a_ratio,8,0.28,0.24200058136190566,0.01693370519287541,0.1589347079037801,0.021092644173514117,97
tct,9,nqc,8,0.28,0.15818109862410745,0.12175070637153339,0.09149484536082475,0.1842793810224047,97
tct,9,bertQPP,8,0.28,0.24113722417428293,0.017342588371358197,0.1434707903780069,0.037349490378258986,97
tct,9,bertQPP(QV),8,0.28,0.19523063518504624,0.055319803462413226,0.09149484536082475,0.1842793810224047,97
tct,9,spatial,8,0.3,0.09034444511007605,0.37882887007834115,0.07903780068728523,0.25141149497554627,97
tct,9,a_ratio,8,0.3,0.2504229594205703,0.01336238881439935,0.16494845360824745,0.01668446543769203,97
tct,9,nqc,8,0.3,0.15908904054213752,0.1195978552268067,0.09020618556701032,0.1905365207922204,97
tct,9,bertQPP,8,0.3,0.24718093132503638,0.014650944296044835,0.14647766323024058,0.03354022455213661,97
tct,9,bertQPP(QV),8,0.3,0.2013584172003765,0.047957084702618495,0.09793814432989692,0.1552606461818409,97
tct,9,spatial,8,0.32,0.09664311946521671,0.3463504239345169,0.08376288659793817,0.22417771625382632,97
tct,9,a_ratio,8,0.32,0.2582629915039574,0.010646019668401794,0.1709621993127148,0.013106785247853048,97
tct,9,nqc,8,0.32,0.16004988523373725,0.11735165217821478,0.08977663230240551,0.19265661141875967,97
tct,9,bertQPP,8,0.32,0.25344168780026616,0.012252374302109355,0.14905498281786944,0.030544557732034724,97
tct,9,bertQPP(QV),8,0.32,0.207729655779705,0.04118066783129831,0.10266323024054985,0.13628751627610397,97
tct,9,spatial,8,0.34,0.10308795700535098,0.3149850959480781,0.0850515463917526,0.21713063766326968,97
tct,9,a_ratio,8,0.34,0.26551369549869774,0.008577167063607165,0.1859965635738832,0.006954397086601862,97
tct,9,nqc,8,0.34,0.16106836722609025,0.11500643432842524,0.09063573883161513,0.18843365829791547,97
tct,9,bertQPP,8,0.34,0.2599187266664733,0.010138560123105782,0.14991408934707906,0.029598455953974822,97
tct,9,bertQPP(QV),8,0.34,0.2143474655573431,0.03500672506556646,0.10910652920962201,0.11336246240953972,97
tct,9,spatial,8,0.36,0.10967568252202359,0.2848862876894957,0.08719931271477664,0.2057421374120063,97
tct,9,a_ratio,8,0.36,0.27217694606792225,0.006996756695240817,0.19458762886597944,0.004747484369155047,97
tct,9,nqc,8,0.36,0.162149799541995,0.11255615003935189,0.09063573883161513,0.18843365829791547,97
tct,9,bertQPP,8,0.36,0.2666085220584257,0.008297690948542762,0.1585051546391753,0.021443192891173694,97
tct,9,bertQPP(QV),8,0.36,0.22121269224343176,0.029443167846095894,0.11168384879725088,0.1050908480999539,97
tct,9,spatial,8,0.38,0.1164019396474398,0.2561956513080499,0.09149484536082475,0.1842793810224047,97
tct,9,a_ratio,8,0.38,0.27826247387041864,0.005784227477438327,0.19931271477663232,0.003824903963020039,97
tct,9,nqc,8,0.38,0.1633001641571988,0.10999434094580016,0.09020618556701032,0.1905365207922204,97
tct,9,bertQPP,8,0.38,0.27350411291477883,0.006714674957649567,0.16323024054982818,0.017852894393926448,97
tct,9,bertQPP(QV),8,0.38,0.22832327595392268,0.02448883326893941,0.11383161512027494,0.0985701799206937,97
tct,9,spatial,8,0.4,0.12326119347518429,0.2290392621897355,0.0970790378006873,0.15891607395046403,97
tct,9,a_ratio,8,0.4,0.2837866962847788,0.004848963228227235,0.19802405498281792,0.004058834798972484,97
tct,9,nqc,8,0.4,0.16452621982741078,0.1073141277308195,0.08977663230240551,0.19265661141875967,97
tct,9,bertQPP,8,0.4,0.2805943207572261,0.005371506935956107,0.16494845360824745,0.01668446543769203,97
tct,9,bertQPP(QV),8,0.4,0.23567350267798218,0.020132997800152642,0.1202749140893471,0.08092834885233069,97
tct,9,spatial,8,0.42,0.13024663685809784,0.20352402341156123,0.10395189003436428,0.13143701983340042,97
tct,9,a_ratio,8,0.42,0.2887714700177973,0.004123212075500487,0.2014604810996564,0.0034621026042757834,97
tct,9,nqc,8,0.42,0.16583563126384715,0.10450820191895262,0.0893470790378007,0.19479398827541883,97
tct,9,bertQPP,8,0.42,0.28786286105735026,0.00424778645324511,0.16881443298969073,0.014298004272030715,97
tct,9,bertQPP(QV),8,0.42,0.24325313899895668,0.016355310298489,0.12500000000000003,0.06969448971824621,97
tct,9,spatial,8,0.44,0.1373501034102884,0.1797345055544561,0.10781786941580758,0.11768634646990996,97
tct,9,a_ratio,8,0.44,0.2932428443796221,0.0035564497197480564,0.20704467353951894,0.0026605976928076114,97
tct,9,nqc,8,0.44,0.16723712469978372,0.10156882684193844,0.09020618556701032,0.1905365207922204,97
tct,9,bertQPP,8,0.44,0.2952873561159178,0.0033213662010768436,0.17139175257731962,0.012879359856548544,97
tct,9,bertQPP(QV),8,0.44,0.25104645218768823,0.013126214856993737,0.1314432989690722,0.05647001729864357,97
tct,9,spatial,8,0.46,0.14456199068878764,0.15773042302117032,0.10781786941580758,0.11768634646990996,97
tct,9,a_ratio,8,0.46,0.29722987785847804,0.003111012773133807,0.21219931271477666,0.0020752134680172376,97
tct,9,nqc,8,0.46,0.16874067628007813,0.09848785216889303,0.09149484536082475,0.1842793810224047,97
tct,9,bertQPP,8,0.46,0.30283826975428196,0.0025690946513800524,0.17396907216494847,0.011586707769612953,97
tct,9,bertQPP(QV),8,0.46,0.25903112863541977,0.010407896744179058,0.13359106529209622,0.05255528194642074,97
tct,9,spatial,8,0.48,0.1518711974315492,0.13754492774652005,0.11426116838487975,0.09730564872611688,97
tct,9,a_ratio,8,0.48,0.3007635628274027,0.00275878243916192,0.2096219931271478,0.002351276432455258,97
tct,9,nqc,8,0.48,0.1703577415335679,0.09525674809790087,0.09235395189003438,0.18019329783502935,97
tct,9,bertQPP,8,0.48,0.3104778013158861,0.0019676036183698914,0.1786941580756014,0.00951278395726825,97
tct,9,bertQPP(QV),8,0.48,0.2671771192478556,0.00815573327229069,0.14304123711340208,0.037922646089534044,97
tct,9,spatial,8,0.5,0.15926507904474407,0.1191838621453602,0.11941580756013748,0.08312087785946547,97
tct,9,a_ratio,8,0.5,0.3038758860789173,0.0024787012674994404,0.2100515463917526,0.0023030471051788694,97
tct,9,nqc,8,0.5,0.17210153661038463,0.09186666765597937,0.09364261168384881,0.17419095096502246,97
tct,9,bertQPP,8,0.5,0.3181587990217175,0.0014940823306435816,0.18427835051546396,0.0074933028749945285,97
tct,9,bertQPP(QV),8,0.5,0.2754454616399492,0.006320171077416211,0.14905498281786944,0.030544557732034724,97
tct,9,spatial,8,0.52,0.1667294257202278,0.10262605671233788,0.12414089347079041,0.07163599473940602,97
tct,9,a_ratio,8,0.52,0.3065990379659883,0.0022549316149699187,0.21434707903780073,0.0018682268943729797,97
tct,9,nqc,8,0.52,0.17398738519942175,0.08830854879324465,0.093213058419244,0.17617491386576734,97
tct,9,bertQPP,8,0.52,0.32582378044761917,0.0011269777190595787,0.18943298969072167,0.005979808014005902,97
tct,9,bertQPP(QV),8,0.52,0.2837871559484341,0.004848891368486389,0.1585051546391753,0.021443192891173694,97
tct,9,spatial,8,0.54,0.17424846757732756,0.0878246878703032,0.12714776632302408,0.06502915478137135,97
tct,9,a_ratio,8,0.54,0.308964771041356,0.0020754983101368245,0.21520618556701035,0.0017908788065225548,97
tct,9,nqc,8,0.54,0.17603314938935424,0.08457327241801746,0.09450171821305844,0.17027316035268703,97
tct,9,bertQPP,8,0.54,0.3334041793891086,0.0008465672414088039,0.1971649484536083,0.004221925130091803,97
tct,9,bertQPP(QV),8,0.54,0.29214220292248105,0.0036890772673081524,0.1679553264604811,0.014800614099959652,97
tct,9,spatial,8,0.56,0.18180491101548102,0.07470963491987648,0.12886597938144334,0.06148508875649665,97
tct,9,a_ratio,8,0.56,0.3110039004368351,0.0019312914656285005,0.22465635738831619,0.0011140538745299275,97
tct,9,nqc,8,0.56,0.1782597686279837,0.08065189865145184,0.09536082474226806,0.16642177733641728,97
tct,9,bertQPP,8,0.56,0.34081997036235073,0.0006353654475269136,0.20103092783505158,0.0035320539175627825,97
tct,9,bertQPP(QV),8,0.56,0.3004389470109783,0.00278957455696911,0.17353951890034366,0.011793812186781842,97
tct,9,spatial,8,0.58,0.18938000999448656,0.06319069952181292,0.13616838487972513,0.04815964796946807,97
tct,9,a_ratio,8,0.58,0.3127459325889087,0.00181533459528594,0.22766323024054988,0.0009543472910132449,97
tct,9,nqc,8,0.58,0.18069193897526278,0.07653601197617853,0.09664948453608249,0.16076803875264556,97
tct,9,bertQPP,8,0.58,0.34797984867802845,0.0004783464153708599,0.20403780068728525,0.00306822352558543,97
tct,9,bertQPP(QV),8,0.58,0.3085938983400903,0.0021027474127826547,0.18728522336769762,0.006573343269072617,97
tct,9,spatial,8,0.6,0.19695367519628962,0.05316148595893068,0.14132302405498284,0.040290653027956765,97
tct,9,a_ratio,8,0.6,0.31421880583079576,0.00172224699933892,0.22895189003436428,0.0008926252002239728,97
tct,9,nqc,8,0.6,0.1833589758945678,0.07221821736885964,0.0970790378006873,0.15891607395046403,97
tct,9,bertQPP,8,0.6,0.3547821568720188,0.0003629872955254591,0.209192439862543,0.002400428947085522,97
tct,9,bertQPP(QV),8,0.6,0.3165122277798321,0.0015858751476485382,0.19501718213058422,0.004655971971265852,97
tct,9,spatial,8,0.62,0.20450462295240895,0.044503693619593304,0.14604810996563578,0.03406318246416719,97
tct,9,a_ratio,8,0.62,0.3154487252694309,0.0016478479514284152,0.22809278350515466,0.000933347093157991,97
tct,9,nqc,8,0.62,0.1862959191016365,0.06769284484195812,0.09836769759450173,0.15345704089516993,97
tct,9,bertQPP,8,0.62,0.3611167364739493,0.0002791589468837128,0.21993127147766325,0.0014156009702633058,97
tct,9,bertQPP(QV),8,0.62,0.32408912809176293,0.0012020067702112286,0.19931271477663232,0.003824903963020039,97
tct,9,spatial,8,0.64,0.21201056445292948,0.03709155064888904,0.1512027491408935,0.028226597294347726,97
tct,9,a_ratio,8,0.64,0.31646007468811,0.0015888642936247263,0.22379725085910657,0.0011640289366746655,97
tct,9,nqc,8,0.64,0.18954495920149642,0.06295694000691106,0.09836769759450173,0.15345704089516993,97
tct,9,bertQPP,8,0.64,0.3668678363539565,0.00021890412586550304,0.2298109965635739,0.0008535554716530555,97
tct,9,bertQPP(QV),8,0.64,0.33121219958274084,0.0009202717186963543,0.20661512027491413,0.0027156275780873427,97
tct,9,spatial,8,0.66,0.2194484341233119,0.030796122104087414,0.154639175257732,0.024833107958687445,97
tct,9,a_ratio,8,0.66,0.31727538946761424,0.0015427135020280745,0.22637457044673542,0.0010200025736501021,97
tct,9,nqc,8,0.66,0.19315729534988557,0.05801164392678751,0.09879725085910654,0.15166941209887877,97
tct,9,bertQPP,8,0.66,0.3719181168325215,0.00017614980451845303,0.2285223367697595,0.0009127757207962206,97
tct,9,bertQPP(QV),8,0.66,0.33776494078554803,0.0007157189462155192,0.22079037800687287,0.0013557124652369783,97
tct,9,spatial,8,0.68,0.22679465423154999,0.025489255921987104,0.15807560137457047,0.021798803662876853,97
tct,9,a_ratio,8,0.68,0.3179153763002527,0.0015073419533768158,0.22895189003436428,0.0008926252002239728,97
tct,9,nqc,8,0.68,0.19719557410025484,0.05286409609493967,0.10051546391752579,0.14467719951816677,97
tct,9,bertQPP,8,0.68,0.37615365164824205,0.00014639816638546232,0.2298109965635739,0.0008535554716530555,97
tct,9,bertQPP(QV),8,0.68,0.34363129997393194,0.0005688070980743007,0.23024054982817874,0.0008346209629654949,97
tct,9,spatial,8,0.7,0.23402543086858593,0.021046980597731427,0.16151202749140894,0.01909240321886764,97
tct,9,a_ratio,8,0.7,0.31839896748157237,0.0014811036980228573,0.22637457044673542,0.0010200025736501021,97
tct,9,nqc,8,0.7,0.20173711570577169,0.047530026163127556,0.10524054982817871,0.12672143082539938,97
tct,9,bertQPP,8,0.7,0.3794696595599836,0.0001264328946727499,0.24570446735395193,0.0003632334933323789,97
tct,9,bertQPP(QV),8,0.7,0.34870107998520705,0.0004646883211007823,0.23152920962199317,0.0007801296905645403,97
tct,9,spatial,8,0.72,0.24111707455382414,0.017352232032449108,0.16451890034364264,0.016970096384742294,97
tct,9,a_ratio,8,0.72,0.3187433995931975,0.0014626690770962233,0.22594501718213064,0.0010428004886634003,97
tct,9,nqc,8,0.72,0.206878208912108,0.042037221981708076,0.1048109965635739,0.1282784361242476,97
tct,9,bertQPP,8,0.72,0.38177652083109365,0.00011406678413641123,0.2439862542955327,0.0003993454119661632,97
tct,9,bertQPP(QV),8,0.72,0.3528758102248951,0.0003924192786776295,0.23625429553264607,0.0006073368350083252,97
tct,9,spatial,8,0.74,0.24804633699698786,0.014296854642772623,0.1778350515463918,0.009863239446727635,97
tct,9,a_ratio,8,0.74,0.3189643083022685,0.0014509554309803901,0.22680412371134026,0.0009976667225656776,97
tct,9,nqc,8,0.74,0.21273984853676253,0.03643004646118537,0.1048109965635739,0.1282784361242476,97
tct,9,bertQPP,8,0.74,0.38300549108441956,0.00010794661284015254,0.24312714776632308,0.0004186340215940853,97
tct,9,bertQPP(QV),8,0.74,0.356074543421131,0.00034420443948326426,0.23453608247422683,0.0006655682797928671,97
tct,9,spatial,8,0.76,0.2547907541445603,0.011782885030407178,0.18127147766323026,0.008527096049992753,97
tct,9,a_ratio,8,0.76,0.31907583272130824,0.001445074243979026,0.22422680412371138,0.0011387880187863695,97
tct,9,nqc,8,0.76,0.2194753879018856,0.030775063600262345,0.11039518900343644,0.10916471457232763,97
tct,9,bertQPP,8,0.76,0.3831134600871927,0.0001074237694441651,0.2452749140893471,0.0003719636432157586,97
tct,9,bertQPP(QV),8,0.76,0.3582389448996133,0.0003147405403234919,0.2336769759450172,0.0006965926026270434,97
tct,9,spatial,8,0.78,0.26132898469016963,0.009723178542101064,0.1911512027491409,0.005540236417616152,97
tct,9,a_ratio,8,0.78,0.31909072426215457,0.0014442905840932646,0.2255154639175258,0.0010660691222714972,97
tct,9,nqc,8,0.78,0.22728062344944544,0.02516750175176041,0.11941580756013748,0.08312087785946547,97
tct,9,bertQPP,8,0.78,0.382086149723876,0.00011249522187254012,0.24742268041237117,0.00033019314561040996,97
tct,9,bertQPP(QV),8,0.78,0.3593370561744309,0.00030069738056206195,0.2379725085910653,0.0005538759115824682,97
tct,9,spatial,8,0.8,0.26764113284315966,0.00804147580411743,0.1941580756013746,0.0048406217198878375,97
tct,9,a_ratio,8,0.8,0.3190204561725105,0.0014479917919141422,0.22508591065292102,0.0010898172708815595,97
tct,9,nqc,8,0.8,0.23640663914629642,0.019737500467238822,0.12156357388316154,0.07772782073014356,97
tct,9,bertQPP,8,0.8,0.37993931237318646,0.00012381873881863524,0.2521477663230241,0.0002532519652694692,97
tct,9,bertQPP(QV),8,0.8,0.35936524759587457,0.0003003445790200106,0.24355670103092786,0.0004088834881762593,97
tct,9,spatial,8,0.82,0.2737090443960597,0.006672026553600766,0.202319587628866,0.003325969220576063,97
tct,9,a_ratio,8,0.82,0.31887533097519327,0.0014556631671224268,0.22637457044673542,0.0010200025736501021,97
tct,9,nqc,8,0.82,0.2471747731271542,0.014653491001922482,0.12328178694158079,0.07362159410235054,97
tct,9,bertQPP,8,0.82,0.3767177532313356,0.0001428076782102407,0.25386597938144334,0.00022970863763271067,97
tct,9,bertQPP(QV),8,0.82,0.35834810948978857,0.00031331792181391206,0.24570446735395193,0.0003632334933323789,97
tct,9,spatial,8,0.84,0.27951656602464603,0.005558893088050234,0.20489690721649487,0.002946303078171719,97
tct,9,a_ratio,8,0.84,0.3186645838599157,0.0014668689796675349,0.22637457044673542,0.0010200025736501021,97
tct,9,nqc,8,0.84,0.2599897698534507,0.010117268830021942,0.12628865979381446,0.0668634129345248,97
tct,9,bertQPP,8,0.84,0.37249230322994487,0.0001718123938476782,0.2555841924398626,0.0002082313453780151,97
tct,9,bertQPP(QV),8,0.84,0.3563363195638912,0.0003405106230199061,0.25000000000000006,0.00028586619810323126,97
tct,9,spatial,8,0.86,0.28504975925069914,0.004655048450203397,0.20747422680412375,0.0026065887949513057,97
tct,9,a_ratio,8,0.86,0.31839648073148974,0.0014812375558604996,0.2255154639175258,0.0010660691222714972,97
tct,9,nqc,8,0.86,0.27533709857243044,0.006341638302247204,0.1396048109965636,0.042782883164389815,97
tct,9,bertQPP,8,0.86,0.36735514498779215,0.00021439525904929418,0.25429553264604815,0.00022415245533308512,97
tct,9,bertQPP(QV),8,0.86,0.3534028013065559,0.00038407102167197134,0.2517182130584193,0.00025948171452482385,97
tct,9,spatial,8,0.88,0.29029706249882065,0.003921368953872075,0.209192439862543,0.002400428947085522,97
tct,9,a_ratio,8,0.88,0.3180784101237745,0.0014984495005705468,0.22465635738831619,0.0011140538745299275,97
tct,9,nqc,8,0.88,0.2937210701641228,0.0035001658324192706,0.14991408934707906,0.029598455953974822,97
tct,9,bertQPP,8,0.88,0.3614140832965045,0.00027570221771417347,0.2491408934707904,0.00029998189638302743,97
tct,9,bertQPP(QV),8,0.88,0.34963769296293906,0.00044748585481246047,0.24871134020618557,0.00030728207639036943,97
tct,9,spatial,8,0.9,0.2952493970397664,0.0033256007627174788,0.21262886597938147,0.002032205430312129,97
tct,9,a_ratio,8,0.9,0.31771696857126,0.0015182283463628476,0.2255154639175258,0.0010660691222714972,97
tct,9,nqc,8,0.9,0.3154189466690866,0.0016496143539609226,0.17139175257731962,0.012879359856548544,97
tct,9,bertQPP,8,0.9,0.354786421670555,0.0003629237918299533,0.25000000000000006,0.00028586619810323126,97
tct,9,bertQPP(QV),8,0.9,0.345142742247352,0.0005357251702472302,0.24484536082474234,0.00038088964117221485,97
tct,9,spatial,8,0.92,0.29990021515826043,0.002841359313035339,0.21134020618556704,0.0021637443470699886,97
tct,9,a_ratio,8,0.92,0.3173180393132007,0.001540333090897369,0.22809278350515466,0.000933347093157991,97
tct,9,nqc,8,0.92,0.33972521831307295,0.0006631581634694292,0.18427835051546396,0.0074933028749945285,97
tct,9,bertQPP,8,0.92,0.3475930593090365,0.00048582197591224885,0.24570446735395193,0.0003632334933323789,97
tct,9,bertQPP(QV),8,0.92,0.3400257234882553,0.0006554204593597134,0.23840206185567014,0.0005412133012575864,97
tct,9,spatial,8,0.94,0.304245491426095,0.002447200883154743,0.209192439862543,0.002400428947085522,97
tct,9,a_ratio,8,0.94,0.3168868644089588,0.0015645522111495604,0.22594501718213064,0.0010428004886634003,97
tct,9,nqc,8,0.94,0.3630383030012866,0.0002575069475090257,0.19329896907216498,0.0050318722795436996,97
tct,9,bertQPP,8,0.94,0.33995328843029826,0.0006572779943098112,0.23539518900343648,0.0006358327263393619,97
tct,9,bertQPP(QV),8,0.94,0.3343953653460884,0.0008150424061406639,0.23453608247422683,0.0006655682797928671,97
tct,9,spatial,8,0.96,0.30828366032324184,0.002125789052755748,0.21477663230240554,0.0018291772025326055,97
tct,9,a_ratio,8,0.96,0.31642811048487307,0.0015906988384921093,0.22594501718213064,0.0010428004886634003,97
tct,9,nqc,8,0.96,0.3756409292659211,0.00014973400754231356,0.2203608247422681,0.0013853583021557498,97
tct,9,bertQPP,8,0.96,0.33198059432221944,0.0008937937522322308,0.23152920962199317,0.0007801296905645403,97
tct,9,bertQPP(QV),8,0.96,0.3283571185405463,0.001025040577103928,0.23152920962199317,0.0007801296905645403,97
tct,9,spatial,8,0.98,0.3120155054789692,0.00186316581297003,0.2169243986254296,0.001644941169576058,97
tct,9,a_ratio,8,0.98,0.3159459284267887,0.0016186068507111305,0.22465635738831619,0.0011140538745299275,97
tct,9,nqc,8,0.98,0.3620733396046003,0.00026817851985442556,0.24957044673539522,0.00029284438819506046,97
tct,9,bertQPP,8,0.98,0.3237795822541859,0.0012158634141692488,0.22637457044673542,0.0010200025736501021,97
tct,9,bertQPP(QV),8,0.98,0.3220099253454456,0.0012979066923943282,0.22637457044673542,0.0010200025736501021,97
tct,9,spatial,8,1.0,0.3154440073898766,0.0016481276916728352,0.22465635738831619,0.0011140538745299275,97
tct,9,a_ratio,8,1.0,0.3154440073898766,0.0016481276916728352,0.22465635738831619,0.0011140538745299275,97
tct,9,nqc,8,1.0,0.3154440073898766,0.0016481276916728352,0.22465635738831619,0.0011140538745299275,97
tct,9,bertQPP,8,1.0,0.3154440073898766,0.0016481276916728352,0.22465635738831619,0.0011140538745299275,97
tct,9,bertQPP(QV),8,1.0,0.3154440073898766,0.0016481276916728352,0.22465635738831619,0.0011140538745299275,97
tct,9,spatial,9,0.0,0.01338209682788323,0.8964907995035795,0.03393470790378007,0.6224147431170471,97
tct,9,a_ratio,9,0.0,0.08699727737016583,0.39681436807593695,0.0584192439862543,0.3965888091618368,97
tct,9,nqc,9,0.0,0.14926312794961863,0.14450956733786507,0.08719931271477664,0.2057421374120063,97
tct,9,bertQPP,9,0.0,0.17672691352325548,0.08333551015854819,0.10137457044673541,0.14127503537333896,97
tct,9,bertQPP(QV),9,0.0,0.1310712474602009,0.20065209966598066,0.05541237113402062,0.42134149715143543,97
tct,9,spatial,9,0.02,0.01681892015418164,0.8701158695057768,0.038659793814433,0.5747994088567128,97
tct,9,a_ratio,9,0.02,0.09637567267296002,0.3476929424474207,0.06486254295532648,0.34658765831762584,97
tct,9,nqc,9,0.02,0.14965528150331586,0.14344569253774944,0.08719931271477664,0.2057421374120063,97
tct,9,bertQPP,9,0.02,0.179666480145411,0.07825032945864649,0.10008591065292097,0.14640165493450158,97
tct,9,bertQPP(QV),9,0.02,0.13399908878947273,0.19069043469056918,0.0584192439862543,0.3965888091618368,97
tct,9,spatial,9,0.04,0.020355521525389317,0.8431231552194292,0.03780068728522337,0.5833275904873889,97
tct,9,a_ratio,9,0.04,0.10586389651247838,0.30206018061215795,0.0738831615120275,0.2836625052763587,97
tct,9,nqc,9,0.04,0.15006364831535846,0.14234412794003545,0.08805841924398626,0.2013104039967497,97
tct,9,bertQPP,9,0.04,0.1827130583827825,0.07324547273379564,0.10352233676975947,0.1330387570764664,97
tct,9,bertQPP(QV),9,0.04,0.13704120153333982,0.18072474254139428,0.06142611683848798,0.37273483374323335,97
tct,9,spatial,9,0.06,0.023994433756038033,0.8155379310572715,0.040807560137457045,0.5537409286316863,97
tct,9,a_ratio,9,0.06,0.11541503344861409,0.2602768250075669,0.08676975945017183,0.2079844017382293,97
tct,9,nqc,9,0.06,0.15048925197041652,0.14120288193821742,0.0893470790378007,0.19479398827541883,97
tct,9,bertQPP,9,0.06,0.18587113198028243,0.0683328062771624,0.10695876288659796,0.12064011527036375,97
tct,9,bertQPP(QV),9,0.06,0.14020306823230835,0.1707758251669077,0.06314432989690723,0.3595119194286538,97
tct,9,spatial,9,0.08,0.02773811201288321,0.7873917619367826,0.04209621993127149,0.541289833276998,97
tct,9,a_ratio,9,0.08,0.12497748676150028,0.22257201102506508,0.09106529209621994,0.18634796497677564,97
tct,9,nqc,9,0.08,0.15093320377667305,0.14001982456047646,0.0889175257731959,0.1969487085850582,97
tct,9,bertQPP,9,0.08,0.18914525949866595,0.06352459539081018,0.11082474226804125,0.10779310640620364,97
tct,9,bertQPP(QV),9,0.08,0.14349036926267938,0.1608665014502114,0.0657216494845361,0.340237883454913,97
tct,9,spatial,9,0.1,0.031588907409149505,0.7587230051650424,0.04553264604810997,0.5087854171288679,97
tct,9,a_ratio,9,0.1,0.13449594871688902,0.18903612482251728,0.09493127147766325,0.1683392012081001,97
tct,9,nqc,9,0.1,0.1513967123345397,0.1387926757913349,0.08805841924398626,0.2013104039967497,97
tct,9,bertQPP,9,0.1,0.19254004003536984,0.058833413950198386,0.11211340206185569,0.10376002930884054,97
tct,9,bertQPP(QV),9,0.1,0.14690896314915808,0.15102163211064806,0.06615120274914091,0.33709113316806516,97
tct,9,spatial,9,0.12,0.035549037123148226,0.7295772734773253,0.04853951890034365,0.4812066051703042,97
tct,9,a_ratio,9,0.12,0.1439126528210936,0.15962520780323297,0.09750859106529211,0.15708030004273185,97
tct,9,nqc,9,0.12,0.1518810943806993,0.13751899277557256,0.08805841924398626,0.2013104039967497,97
tct,9,bertQPP,9,0.12,0.19606006868544468,0.05427203174421087,0.10996563573883163,0.110550087489207,97
tct,9,bertQPP(QV),9,0.12,0.15046485807261628,0.14126810605234438,0.07087628865979383,0.3037170573623521,97
tct,9,spatial,9,0.14,0.039620550786887046,0.7000078381343355,0.04982817869415808,0.4696411010880063,97
tct,9,a_ratio,9,0.14,0.153168861624329,0.13417594954687434,0.1009450171821306,0.14296835148549844,97
tct,9,nqc,9,0.14,0.1523877871093886,0.13619615579414843,0.0889175257731959,0.1969487085850582,97
tct,9,bertQPP,9,0.14,0.199709879482911,0.04985327780098793,0.11512027491408937,0.09481550621817705,97
tct,9,bertQPP(QV),9,0.14,0.15416417234135948,0.13163477816342153,0.06958762886597938,0.3125934883665836,97
tct,9,spatial,9,0.16,0.04380529291101504,0.6700759478801657,0.05154639175257733,0.4544623656228458,97
tct,9,a_ratio,9,0.16,0.16220651565100766,0.11242877056507934,0.10738831615120277,0.11915605807960761,97
tct,9,nqc,9,0.16,0.15291836221003152,0.13482135289320377,0.0893470790378007,0.19479398827541883,97
tct,9,bertQPP,9,0.16,0.20349387313772904,0.04558987843315676,0.11898625429553265,0.08423505409007553,97
tct,9,bertQPP(QV),9,0.16,0.15801308111771611,0.12215234753971267,0.07259450171821306,0.29214479548279504,97
tct,9,spatial,9,0.18,0.04810486114608242,0.6398510367600672,0.053694158075601385,0.43588378893929247,97
tct,9,a_ratio,9,0.18,0.1709699460391039,0.09405551559507708,0.11769759450171824,0.08765026442852013,97
tct,9,nqc,9,0.18,0.15347454190537202,0.13339156303918653,0.0893470790378007,0.19479398827541883,97
tct,9,bertQPP,9,0.18,0.20741622640032512,0.04149426951869049,0.12199312714776635,0.07668417076895777,97
tct,9,bertQPP(QV),9,0.18,0.16201774613364375,0.11285316438497049,0.07646048109965638,0.26720251399217865,97
tct,9,spatial,9,0.2,0.05252056022942647,0.6094107915751406,0.05283505154639176,0.4432621351071514,97
tct,9,a_ratio,9,0.2,0.17940753966852097,0.07868804359948453,0.12199312714776635,0.07668417076895777,97
tct,9,nqc,9,0.2,0.15405821732901262,0.1319035376662464,0.08848797250859108,0.19912082868170233,97
tct,9,bertQPP,9,0.2,0.21148077934669976,0.037578383620835834,0.12414089347079041,0.07163599473940602,97
tct,9,bertQPP(QV),9,0.2,0.16618422448436687,0.10377095363237167,0.07860824742268042,0.2539971105350425,97
tct,9,spatial,9,0.22,0.05705335153525234,0.5788410484484185,0.054123711340206195,0.432221333716273,97
tct,9,a_ratio,9,0.22,0.1874732440075091,0.06594447742430837,0.12328178694158079,0.07362159410235054,97
tct,9,nqc,9,0.22,0.15467146964810702,0.13035378047729673,0.0889175257731959,0.1969487085850582,97
tct,9,bertQPP,9,0.22,0.21569089629147592,0.03385341397798553,0.12371134020618559,0.07262323979726368,97
tct,9,bertQPP(QV),9,0.22,0.17051835185783915,0.09494044390058305,0.0850515463917526,0.21713063766326968,97
tct,9,spatial,9,0.24,0.06170379823571179,0.548235487983583,0.054123711340206195,0.432221333716273,97
tct,9,a_ratio,9,0.24,0.19512781067486468,0.05545084339610361,0.12886597938144334,0.06148508875649665,97
tct,9,nqc,9,0.24,0.15531659441889561,0.12873852535893793,0.08848797250859108,0.19912082868170233,97
tct,9,bertQPP,9,0.24,0.22004929542299045,0.030329559178195135,0.12500000000000003,0.06969448971824621,97
tct,9,bertQPP(QV),9,0.24,0.1750255947486332,0.08639689205346737,0.08591065292096221,0.2125219840325313,97
tct,9,spatial,9,0.26,0.06647200619628647,0.5176951002327913,0.054123711340206195,0.432221333716273,97
tct,9,a_ratio,9,0.26,0.20233970048161648,0.04685698060527224,0.1314432989690722,0.05647001729864357,97
tct,9,nqc,9,0.26,0.15599612976367616,0.1270537122747395,0.0889175257731959,0.1969487085850582,97
tct,9,bertQPP,9,0.26,0.2245578416479737,0.02701575445717849,0.1284364261168385,0.06235576017343852,97
tct,9,bertQPP(QV),9,0.26,0.17971086534005865,0.07817549672259906,0.0889175257731959,0.1969487085850582,97
tct,9,spatial,9,0.28,0.07135756087254631,0.48732739457093194,0.056701030927835065,0.41062402699366984,97
tct,9,a_ratio,9,0.28,0.20908560496221237,0.03984664655814929,0.14003436426116841,0.04214791401843269,97
tct,9,nqc,9,0.28,0.15671288908261752,0.1252949610140869,0.0889175257731959,0.1969487085850582,97
tct,9,bertQPP,9,0.28,0.2292172965896317,0.023919397959157263,0.13058419243986258,0.05810246319620013,97
tct,9,bertQPP(QV),9,0.28,0.18457829186141483,0.07031069902646996,0.093213058419244,0.17617491386576734,97
tct,9,spatial,9,0.3,0.07635946064966674,0.45724533597269573,0.0627147766323024,0.3627897011875757,97
tct,9,a_ratio,9,0.3,0.21535057518307021,0.03414250671316211,0.15206185567010314,0.02734277211201925,97
tct,9,nqc,9,0.3,0.15746999916896542,0.1234575426989475,0.0893470790378007,0.19479398827541883,97
tct,9,bertQPP,9,0.3,0.23402701928874087,0.021046082848840054,0.13831615120274915,0.044736513464296176,97
tct,9,bertQPP(QV),9,0.3,0.18963093641306564,0.06283537567730899,0.09793814432989692,0.1552606461818409,97
tct,9,spatial,9,0.32,0.08147604727272499,0.4275659983683139,0.06786941580756015,0.3246919364895129,97
tct,9,a_ratio,9,0.32,0.22112778264811983,0.029507110068053656,0.154639175257732,0.024833107958687445,97
tct,9,nqc,9,0.32,0.15827094478998255,0.12153634899431642,0.0893470790378007,0.19479398827541883,97
tct,9,bertQPP,9,0.32,0.23898461104072546,0.018399348653252396,0.14304123711340208,0.037922646089534044,97
tct,9,bertQPP(QV),9,0.32,0.19487045161979472,0.05577993886709007,0.10266323024054985,0.13628751627610397,97
tct,9,spatial,9,0.34,0.08670493425463977,0.39840893780298686,0.07646048109965638,0.26720251399217865,97
tct,9,a_ratio,9,0.34,0.22641796491093039,0.025741060652058605,0.16022336769759454,0.02007078628569656,97
tct,9,nqc,9,0.34,0.15911962103928345,0.11952585903795802,0.08977663230240551,0.19265661141875967,97
tct,9,bertQPP,9,0.34,0.24408549814465147,0.015980467350259597,0.14604810996563578,0.03406318246416719,97
tct,9,bertQPP(QV),9,0.34,0.20029666720317202,0.0491713686797957,0.10438144329896909,0.12985027258664464,97
tct,9,spatial,9,0.36,0.09204293441811327,0.3698943028765191,0.08075601374570447,0.24125289471425693,97
tct,9,a_ratio,9,0.36,0.2312286271445107,0.022679487850518577,0.1670962199312715,0.015318729327102553,97
tct,9,nqc,9,0.36,0.1600203950733715,0.11742010421308298,0.08848797250859108,0.19912082868170233,97
tct,9,bertQPP,9,0.36,0.24932244739213583,0.013788281130044018,0.15034364261168387,0.02913493133073165,97
tct,9,bertQPP(QV),9,0.36,0.20590709791779221,0.04303221681247389,0.10223367697594504,0.13793469449367568,97
tct,9,spatial,9,0.38,0.09748598802361422,0.3421407169049939,0.08333333333333336,0.22656268559471548,97
tct,9,a_ratio,9,0.38,0.23557307941999248,0.02018769846412427,0.1679553264604811,0.014800614099959652,97
tct,9,nqc,9,0.38,0.160978179235051,0.11521263105035998,0.08805841924398626,0.2013104039967497,97
tct,9,bertQPP,9,0.38,0.2546850112140703,0.011819109002607742,0.1512027491408935,0.028226597294347726,97
tct,9,bertQPP(QV),9,0.38,0.21169636563693714,0.03737963410334889,0.10352233676975947,0.1330387570764664,97
tct,9,spatial,9,0.4,0.10302909324979806,0.315262984559716,0.09020618556701032,0.1905365207922204,97
tct,9,a_ratio,9,0.4,0.23946938856456884,0.018156642696459908,0.17611683848797252,0.010598840128977079,97
tct,9,nqc,9,0.4,0.16199851806410395,0.11289646278678474,0.08977663230240551,0.19265661141875967,97
tct,9,bertQPP,9,0.4,0.26015890294461985,0.01006673806906059,0.15592783505154642,0.023654871935139845,97
tct,9,bertQPP(QV),9,0.4,0.21765553118203607,0.032224487134277474,0.10996563573883163,0.110550087489207,97
tct,9,spatial,9,0.42,0.10866624111464221,0.28936969414203106,0.09579037800687287,0.16452082122278677,97
tct,9,a_ratio,9,0.42,0.24293931521530152,0.016498597580500065,0.1829896907216495,0.007921746820669876,97
tct,9,nqc,9,0.42,0.1630876923347994,0.11046406046218826,0.09106529209621994,0.18634796497677564,97
tct,9,bertQPP,9,0.42,0.2657253081462573,0.00852251195518955,0.15807560137457047,0.021798803662876853,97
tct,9,bertQPP(QV),9,0.42,0.22377133637378324,0.027570638734408907,0.11855670103092786,0.08536128644887009,97
tct,9,spatial,9,0.44,0.1143903572391874,0.2645608035345214,0.10137457044673541,0.14127503537333896,97
tct,9,a_ratio,9,0.44,0.24600729366877996,0.015143289698102622,0.18427835051546396,0.0074933028749945285,97
tct,9,nqc,9,0.44,0.16425284408568902,0.10790728494757636,0.0889175257731959,0.1969487085850582,97
tct,9,bertQPP,9,0.44,0.27136014590212115,0.0071755234483541035,0.15764604810996566,0.022159535570441733,97
tct,9,bertQPP(QV),9,0.44,0.23002536445408828,0.023414470822718875,0.12371134020618559,0.07262323979726368,97
tct,9,spatial,9,0.46,0.1201932531413107,0.24092531136475182,0.09965635738831616,0.14814179266855426,97
tct,9,a_ratio,9,0.46,0.24869949696331917,0.014034549591864289,0.1868556701030928,0.006698222213035896,97
tct,9,nqc,9,0.46,0.16550212768099531,0.10521736204211425,0.08848797250859108,0.19912082868170233,97
tct,9,bertQPP,9,0.46,0.2770333049288062,0.006012910917793407,0.16151202749140894,0.01909240321886764,97
tct,9,bertQPP(QV),9,0.46,0.23639313824376668,0.01974472286716939,0.12757731958762888,0.06412770883743656,97
tct,9,spatial,9,0.48,0.12606558997982836,0.21853912309182222,0.10180412371134022,0.13959717520298046,97
tct,9,a_ratio,9,0.48,0.25104301451699035,0.013127506994300651,0.18728522336769762,0.006573343269072617,97
tct,9,nqc,9,0.48,0.16684489334813968,0.10238485384628548,0.0889175257731959,0.1969487085850582,97
tct,9,bertQPP,9,0.48,0.2827078936363653,0.005020249179623248,0.16151202749140894,0.01909240321886764,97
tct,9,bertQPP(QV),9,0.48,0.24284319082598296,0.016542703061068115,0.13101374570446736,0.05728140399891128,97
tct,9,spatial,9,0.5,0.13199685782134263,0.19746322281338738,0.10609965635738833,0.1236515932692785,97
tct,9,a_ratio,9,0.5,0.2530651561413025,0.012386288418141078,0.1902920962199313,0.005756239608165468,97
tct,9,nqc,9,0.5,0.16829191148685038,0.09939964115970604,0.09235395189003438,0.18019329783502935,97
tct,9,bertQPP,9,0.5,0.28833956082892015,0.004182016088101401,0.16494845360824745,0.01668446543769203,97
tct,9,bertQPP(QV),9,0.5,0.24933616351567334,0.013782901313241069,0.13831615120274915,0.044736513464296176,97
tct,9,spatial,9,0.52,0.13797537354310133,0.1777422542844853,0.11426116838487975,0.09730564872611688,97
tct,9,a_ratio,9,0.52,0.25479288524800703,0.011782155983233258,0.19201030927835053,0.00533157487845821,97
tct,9,nqc,9,0.52,0.16985564849903267,0.09625092386813804,0.09192439862542956,0.1822278457949571,97
tct,9,bertQPP,9,0.52,0.2938759638878056,0.0034821076759130685,0.16924398625429557,0.01405239227763608,97
tct,9,bertQPP(QV),9,0.52,0.2558240100325585,0.0114339948208721,0.1469072164948454,0.033024149712135395,97
tct,9,spatial,9,0.54,0.1439883003835467,0.15940359837898052,0.11426116838487975,0.09730564872611688,97
tct,9,a_ratio,9,0.54,0.25625237588029304,0.01129201954425764,0.19587628865979384,0.004477722918252414,97
tct,9,nqc,9,0.54,0.1715506081624059,0.09292724947001359,0.09149484536082475,0.1842793810224047,97
tct,9,bertQPP,9,0.54,0.29925648225005586,0.0029043686930239313,0.16537800687285226,0.016403064445582434,97
tct,9,bertQPP(QV),9,0.54,0.26224941259853357,0.009460192718791265,0.154639175257732,0.024833107958687445,97
tct,9,spatial,9,0.56,0.15002169187978637,0.14245700942482087,0.1168384879725086,0.08998850130140247,97
tct,9,a_ratio,9,0.56,0.2574686827224583,0.010897256495966953,0.19329896907216498,0.0050318722795436996,97
tct,9,nqc,9,0.56,0.17339375696556827,0.08941658447237669,0.09106529209621994,0.18634796497677564,97
tct,9,bertQPP,9,0.56,0.30441229260387276,0.002433103327125169,0.17268041237113405,0.01221789425088413,97
tct,9,bertQPP(QV),9,0.56,0.2685455418497714,0.007822823179162174,0.16451890034364264,0.016970096384742294,97
tct,9,spatial,9,0.58,0.15606056246497615,0.12689484101747617,0.12628865979381446,0.0668634129345248,97
tct,9,a_ratio,9,0.58,0.25846551010791396,0.010582780502816427,0.19501718213058422,0.004655971971265852,97
tct,9,nqc,9,0.58,0.17540505775409793,0.08570644996683469,0.09063573883161513,0.18843365829791547,97
tct,9,bertQPP,9,0.58,0.3092669336186291,0.002053533621643544,0.17998281786941583,0.009007907605249525,97
tct,9,bertQPP(QV),9,0.58,0.2746363125108261,0.006482033049024195,0.17310996563573885,0.01200419316896961,97
tct,9,spatial,9,0.6,0.16208898632559793,0.11269285562049679,0.12414089347079041,0.07163599473940602,97
tct,9,a_ratio,9,0.6,0.25926506476902267,0.010336308975565409,0.19329896907216498,0.0050318722795436996,97
tct,9,nqc,9,0.6,0.17760814408055794,0.08178415214149241,0.08977663230240551,0.19265661141875967,97
tct,9,bertQPP,9,0.6,0.313737485810862,0.00175218068058081,0.18771477663230243,0.006450561996249079,97
tct,9,bertQPP(QV),9,0.6,0.28043729296364545,0.005398454789561307,0.1778350515463918,0.009863239446727635,97
tct,9,spatial,9,0.62,0.16809022523957556,0.09981157486867749,0.12714776632302408,0.06502915478137135,97
tct,9,a_ratio,9,0.62,0.25988797715244794,0.010147787767777456,0.1911512027491409,0.005540236417616152,97
tct,9,nqc,9,0.62,0.18003117858805615,0.0776371520050228,0.09106529209621994,0.18634796497677564,97
tct,9,bertQPP,9,0.62,0.3177364691353871,0.0015171552246568422,0.19501718213058422,0.004655971971265852,97
tct,9,bertQPP(QV),9,0.62,0.28585740982303004,0.004534703121995251,0.18427835051546396,0.0074933028749945285,97
tct,9,spatial,9,0.64,0.17404688504905103,0.08819809276989493,0.1327319587628866,0.054093065441640706,97
tct,9,a_ratio,9,0.64,0.26035327710678546,0.010008939461809469,0.18814432989690724,0.00632984784895861,97
tct,9,nqc,9,0.64,0.1827079536272611,0.07325363784679126,0.09192439862542956,0.1822278457949571,97
tct,9,bertQPP,9,0.64,0.32117451076743836,0.0013383576823555116,0.1937285223367698,0.004935409194231109,97
tct,9,bertQPP(QV),9,0.64,0.2908015393796817,0.0038565941806304837,0.1902920962199313,0.005756239608165468,97
tct,9,spatial,9,0.66,0.17994109920406462,0.07778824560141658,0.13745704467353953,0.04608031263937092,97
tct,9,a_ratio,9,0.66,0.26067841126156266,0.009912908419061988,0.18857388316151205,0.006211170636578692,97
tct,9,nqc,9,0.66,0.18567931242392188,0.06862339108571996,0.09235395189003438,0.18019329783502935,97
tct,9,bertQPP,9,0.66,0.3239637554335717,0.0012076016166198222,0.20103092783505158,0.0035320539175627825,97
tct,9,bertQPP(QV),9,0.66,0.29517399081982143,0.003334027132522918,0.19501718213058422,0.004655971971265852,97
tct,9,spatial,9,0.68,0.18575473650324886,0.06850901318248681,0.1396048109965636,0.042782883164389815,97
tct,9,a_ratio,9,0.68,0.26087929117317354,0.00985398142240179,0.18943298969072167,0.005979808014005902,97
tct,9,nqc,9,0.68,0.18899499595383365,0.06373907372163833,0.09192439862542956,0.1822278457949571,97
tct,9,bertQPP,9,0.68,0.3260218841757374,0.0011186859316943685,0.2014604810996564,0.0034621026042757834,97
tct,9,bertQPP(QV),9,0.68,0.2988827636892277,0.002941521840297216,0.20360824742268044,0.003130893451622874,97
tct,9,spatial,9,0.7,0.1914696288313127,0.06028101820072794,0.1443298969072165,0.03622527510674091,97
tct,9,a_ratio,9,0.7,0.26097036311214605,0.00982736732046409,0.18857388316151205,0.006211170636578692,97
tct,9,nqc,9,0.7,0.19271605539670675,0.058598115977638955,0.09621993127147768,0.16263626465805225,97
tct,9,bertQPP,9,0.7,0.3272764871894695,0.0010674496477347528,0.209192439862543,0.002400428947085522,97
tct,9,bertQPP(QV),9,0.7,0.3018443177363969,0.0026584547033352895,0.2053264604810997,0.002887015591872923,97
tct,9,spatial,9,0.72,0.197067813441015,0.05302099377581117,0.15034364261168387,0.02913493133073165,97
tct,9,a_ratio,9,0.72,0.26096469207585005,0.009829022734573298,0.19158075601374575,0.0054350017041903615,97
tct,9,nqc,9,0.72,0.19691801195150882,0.05320544636609185,0.09750859106529211,0.15708030004273185,97
tct,9,bertQPP,9,0.72,0.3276694242954944,0.0010518475612504418,0.21907216494845363,0.0014779202366871586,97
tct,9,bertQPP(QV),9,0.72,0.30398845314842626,0.0024690690622015295,0.21219931271477666,0.0020752134680172376,97
tct,9,spatial,9,0.74,0.20253178324684662,0.04664410340623807,0.14991408934707906,0.029598455953974822,97
tct,9,a_ratio,9,0.74,0.2608740541549014,0.009855513764506479,0.1898625429553265,0.005867063974983271,97
tct,9,nqc,9,0.74,0.20169498820456602,0.04757737728247068,0.10180412371134022,0.13959717520298046,97
tct,9,bertQPP,9,0.74,0.3271607307395845,0.0010720859162334612,0.22465635738831619,0.0011140538745299275,97
tct,9,bertQPP(QV),9,0.74,0.30526279828515385,0.0023623518697548605,0.21821305841924402,0.0015427588468996702,97
tct,9,spatial,9,0.76,0.2078447377839538,0.04106601957824041,0.15420962199312716,0.025236989773183314,97
tct,9,a_ratio,9,0.76,0.26070903272390816,0.009903905875944296,0.19201030927835053,0.00533157487845821,97
tct,9,nqc,9,0.76,0.20716505421902434,0.04174701389603629,0.10438144329896909,0.12985027258664464,97
tct,9,bertQPP,9,0.76,0.32573161338300904,0.0011308544683114275,0.2298109965635739,0.0008535554716530555,97
tct,9,bertQPP(QV),9,0.76,0.3056363751295681,0.002331865093612515,0.21950171821305847,0.0014464512863097319,97
tct,9,spatial,9,0.78,0.2129908270213032,0.0362046945272282,0.15635738831615123,0.02327305567367708,97
tct,9,a_ratio,9,0.78,0.26047911505919275,0.009971675898575741,0.1941580756013746,0.0048406217198878375,97
tct,9,nqc,9,0.78,0.21347695624441523,0.03577152752311389,0.10738831615120277,0.11915605807960761,97
tct,9,bertQPP,9,0.78,0.3233861494031074,0.0012336847058997172,0.23711340206185572,0.000580033168540485,97
tct,9,bertQPP(QV),9,0.78,0.3051017818807873,0.0023756024511890164,0.21993127147766325,0.0014156009702633058,97
tct,9,spatial,9,0.8,0.2179553801624238,0.03198178556115541,0.1597938144329897,0.02040649882574069,97
tct,9,a_ratio,9,0.8,0.26019278691652203,0.010056641416579084,0.19286941580756015,0.005130036782382208,97
tct,9,nqc,9,0.8,0.22081802996616362,0.02974137058626283,0.1086769759450172,0.11478963120763813,97
tct,9,bertQPP,9,0.8,0.32015144399684947,0.0013894523208857527,0.24269759450171827,0.0004286013573495472,97
tct,9,bertQPP(QV),9,0.8,0.30367569569851344,0.0024959148934666935,0.2212199312714777,0.001326652810302692,97
tct,9,spatial,9,0.82,0.22272511194849526,0.028323724854518364,0.16151202749140894,0.01909240321886764,97
tct,9,a_ratio,9,0.82,0.25985762334939055,0.010156903879507313,0.19243986254295536,0.005229928831102741,97
tct,9,nqc,9,0.82,0.2294219101147465,0.023790673020004618,0.11297250859106532,0.10113858933462912,97
tct,9,bertQPP,9,0.82,0.31607620125366725,0.0016110234531986965,0.2379725085910653,0.0005538759115824682,97
tct,9,bertQPP(QV),9,0.82,0.3013976272954767,0.0026995166884740446,0.22594501718213064,0.0010428004886634003,97
tct,9,spatial,9,0.84,0.22728829978889825,0.025162447229036742,0.16065292096219932,0.019739903980340746,97
tct,9,a_ratio,9,0.84,0.2594803746364236,0.01027080257049534,0.1902920962199313,0.005756239608165468,97
tct,9,nqc,9,0.84,0.23957119172731767,0.01810602650246142,0.11769759450171824,0.08765026442852013,97
tct,9,bertQPP,9,0.84,0.311227872818028,0.001916017163541946,0.2366838487972509,0.0005935388745829456,97
tct,9,bertQPP(QV),9,0.84,0.2983271029484564,0.0029975519989090173,0.22938144329896912,0.0008728876884960134,97
tct,9,spatial,9,0.86,0.231634926237752,0.022435807574397074,0.16108247422680416,0.01941379508307944,97
tct,9,a_ratio,9,0.86,0.25906704663947294,0.010396877194347754,0.1911512027491409,0.005540236417616152,97
tct,9,nqc,9,0.86,0.25158058416629997,0.012926787300311087,0.12414089347079041,0.07163599473940602,97
tct,9,bertQPP,9,0.86,0.30568872711428685,0.0023276212078557805,0.23453608247422683,0.0006655682797928671,97
tct,9,bertQPP(QV),9,0.86,0.2945396537075836,0.003405672975527439,0.22422680412371138,0.0011387880187863695,97
tct,9,spatial,9,0.88,0.23575678283155677,0.020087731596122146,0.16752577319587633,0.015057708996420909,97
tct,9,a_ratio,9,0.88,0.25862297525547884,0.010533837332527453,0.1890034364261169,0.006094500520977148,97
tct,9,nqc,9,0.88,0.26572003996324345,0.00852386888809464,0.13187285223367698,0.055668220302014286,97
tct,9,bertQPP,9,0.88,0.29955129214107623,0.0028753582082738575,0.22465635738831619,0.0011140538745299275,97
tct,9,bertQPP(QV),9,0.88,0.2901221142324667,0.003944058319548163,0.22465635738831619,0.0011140538745299275,97
tct,9,spatial,9,0.9,0.23964753299689281,0.01806814970682765,0.17396907216494847,0.011586707769612953,97
tct,9,a_ratio,9,0.9,0.25815289487645227,0.010680537387830855,0.18857388316151205,0.006211170636578692,97
tct,9,nqc,9,0.9,0.28196985951185005,0.005140510502625657,0.14304123711340208,0.037922646089534044,97
tct,9,bertQPP,9,0.9,0.2929136512280663,0.0035956629246269582,0.21907216494845363,0.0014779202366871586,97
tct,9,bertQPP(QV),9,0.9,0.28516775801905414,0.004637290201305515,0.22079037800687287,0.0013557124652369783,97
tct,9,spatial,9,0.92,0.24330273350715764,0.016332764916256296,0.17697594501718217,0.010225152665271457,97
tct,9,a_ratio,9,0.92,0.2576610009515564,0.010835955933602941,0.18857388316151205,0.006211170636578692,97
tct,9,nqc,9,0.92,0.29934771337686095,0.0028953632172387437,0.1550687285223368,0.024434836082135623,97
tct,9,bertQPP,9,0.92,0.2858750199251206,0.004532110284042722,0.21477663230240554,0.0018291772025326055,97
tct,9,bertQPP(QV),9,0.92,0.2797717320136607,0.005514011243890017,0.21134020618556704,0.0021637443470699886,97
tct,9,spatial,9,0.94,0.24671981569027823,0.014842702694492563,0.1782646048109966,0.009686599012848096,97
tct,9,a_ratio,9,0.94,0.25715100686893455,0.010999178609895986,0.186426116838488,0.006825229731210832,97
tct,9,nqc,9,0.94,0.3143562118395702,0.0017137869371005472,0.16838487972508595,0.01454739544260673,97
tct,9,bertQPP,9,0.94,0.27853192651874975,0.005735140160900049,0.20489690721649487,0.002946303078171719,97
tct,9,bertQPP(QV),9,0.94,0.2740271311378376,0.0066063039293315865,0.2100515463917526,0.0023030471051788694,97
tct,9,spatial,9,0.96,0.2498980291520358,0.013564085262715455,0.1786941580756014,0.00951278395726825,97
tct,9,a_ratio,9,0.96,0.25662619545564913,0.011169383886709794,0.1890034364261169,0.006094500520977148,97
tct,9,nqc,9,0.96,0.3186994690687722,0.001465008682903054,0.19630584192439868,0.0043909374810577745,97
tct,9,bertQPP,9,0.96,0.27097518896378453,0.007261166004086545,0.19931271477663232,0.003824903963020039,97
tct,9,bertQPP(QV),9,0.96,0.2680219082141533,0.007948770605610939,0.19802405498281792,0.004058834798972484,97
tct,9,spatial,9,0.98,0.2528383520897308,0.012467565806583418,0.1868556701030928,0.006698222213035896,97
tct,9,a_ratio,9,0.98,0.256089465442403,0.011345831153662478,0.18857388316151205,0.006211170636578692,97
tct,9,nqc,9,0.98,0.3004214614754707,0.002791241917515981,0.2018900343642612,0.0033934144348203364,97
tct,9,bertQPP,9,0.98,0.26328775538314825,0.009171028552996235,0.19243986254295536,0.005229928831102741,97
tct,9,bertQPP(QV),9,0.98,0.2618366787380971,0.00957733739633429,0.1941580756013746,0.0048406217198878375,97
tct,9,spatial,9,1.0,0.255543373264011,0.01152785070478232,0.18857388316151205,0.006211170636578692,97
tct,9,a_ratio,9,1.0,0.255543373264011,0.01152785070478232,0.18857388316151205,0.006211170636578692,97
tct,9,nqc,9,1.0,0.255543373264011,0.01152785070478232,0.18857388316151205,0.006211170636578692,97
tct,9,bertQPP,9,1.0,0.255543373264011,0.01152785070478232,0.18857388316151205,0.006211170636578692,97
tct,9,bertQPP(QV),9,1.0,0.255543373264011,0.01152785070478232,0.18857388316151205,0.006211170636578692,97
tct,9,spatial,10,0.0,0.01338209682788323,0.8964907995035795,0.03393470790378007,0.6224147431170471,97
tct,9,a_ratio,10,0.0,0.08699727737016583,0.39681436807593695,0.0584192439862543,0.3965888091618368,97
tct,9,nqc,10,0.0,0.14926312794961863,0.14450956733786507,0.08719931271477664,0.2057421374120063,97
tct,9,bertQPP,10,0.0,0.17672691352325548,0.08333551015854819,0.10137457044673541,0.14127503537333896,97
tct,9,bertQPP(QV),10,0.0,0.1310712474602009,0.20065209966598066,0.05541237113402062,0.42134149715143543,97
tct,9,spatial,10,0.02,0.017057134815770973,0.8682926759541197,0.03951890034364262,0.5663306621908052,97
tct,9,a_ratio,10,0.02,0.09710772404120252,0.3440259568988045,0.06486254295532648,0.34658765831762584,97
tct,9,nqc,10,0.02,0.14968265885842624,0.1433716417937417,0.08719931271477664,0.2057421374120063,97
tct,9,bertQPP,10,0.02,0.17987810477442095,0.07789404852510261,0.10008591065292097,0.14640165493450158,97
tct,9,bertQPP(QV),10,0.02,0.13419751147120218,0.19002852699669706,0.05884879725085912,0.3931257746774063,97
tct,9,spatial,10,0.04,0.02083722802069056,0.8394598550156493,0.03823024054982819,0.5790561270652871,97
tct,9,a_ratio,10,0.04,0.10736212298056011,0.295230780812072,0.07689003436426119,0.26452436355398434,97
tct,9,nqc,10,0.04,0.15011958322005373,0.1421937432820527,0.08848797250859108,0.19912082868170233,97
tct,9,bertQPP,10,0.04,0.18314717670741953,0.07255377175511235,0.10309278350515466,0.1346555631057889,97
tct,9,bertQPP(QV),10,0.04,0.13744789517475559,0.1794218461660086,0.06314432989690723,0.3595119194286538,97
tct,9,spatial,10,0.06,0.02472506282854893,0.810025183953263,0.040807560137457045,0.5537409286316863,97
tct,9,a_ratio,10,0.06,0.11771267386445014,0.2508432946070475,0.08762886597938145,0.2035174890452155,97
tct,9,nqc,10,0.06,0.1505750024599982,0.14097378405348515,0.0893470790378007,0.19479398827541883,97
tct,9,bertQPP,10,0.06,0.18653939260821129,0.0673282337639942,0.10609965635738833,0.1236515932692785,97
tct,9,bertQPP(QV),10,0.06,0.1408285801242024,0.16885641425930933,0.06357388316151204,0.356252805453549,97
tct,9,spatial,10,0.08,0.028723257670360297,0.780028725950191,0.04209621993127149,0.541289833276998,97
tct,9,a_ratio,10,0.08,0.12810613981342622,0.21111600551287799,0.09106529209621994,0.18634796497677564,97
tct,9,nqc,10,0.08,0.1510501127116562,0.1397095337305446,0.08848797250859108,0.19912082868170233,97
tct,9,bertQPP,10,0.08,0.1900601564171639,0.062231349246684275,0.10910652920962201,0.11336246240953972,97
tct,9,bertQPP(QV),10,0.08,0.14434600620012003,0.15835880107153077,0.06658075601374572,0.3339631552636785,97
tct,9,spatial,10,0.1,0.03283433787755459,0.7495182665051916,0.04725085910652922,0.4929254477765376,97
tct,9,a_ratio,10,0.1,0.13848473329129787,0.17613131662037682,0.10180412371134022,0.13959717520298046,97
tct,9,nqc,10,0.1,0.15154621518453518,0.13839860757856715,0.08805841924398626,0.2013104039967497,97
tct,9,bertQPP,10,0.1,0.19371498380428176,0.05727727139883698,0.11082474226804125,0.10779310640620364,97
tct,9,bertQPP(QV),10,0.1,0.14800685735242458,0.14795778415027327,0.06743986254295534,0.3277635503646662,97
tct,9,spatial,10,0.12,0.037060707197865174,0.7185497602762358,0.04853951890034365,0.4812066051703042,97
tct,9,a_ratio,10,0.12,0.14878731649437027,0.14580837530594765,0.10438144329896909,0.12985027258664464,97
tct,9,nqc,10,0.12,0.1520647279199076,0.1370384537042808,0.08848797250859108,0.19912082868170233,97
tct,9,bertQPP,10,0.12,0.19750946313625634,0.0524802425956565,0.11211340206185569,0.10376002930884054,97
tct,9,bertQPP(QV),10,0.12,0.1518180388564964,0.1376842933838242,0.07044673539518902,0.3066570724911982,97
tct,9,spatial,10,0.14,0.04140461571495346,0.6871876931666537,0.05154639175257733,0.4544623656228458,97
tct,9,a_ratio,10,0.14,0.15895088134754393,0.11992354258297412,0.10609965635738833,0.1236515932692785,97
tct,9,nqc,10,0.14,0.15260719915455384,0.13562633908638014,0.0889175257731959,0.1969487085850582,97
tct,9,bertQPP,10,0.14,0.20144920395629826,0.04785441633839104,0.11597938144329899,0.09237668593402237,97
tct,9,bertQPP(QV),10,0.14,0.15578664378933155,0.12757129319973226,0.07087628865979383,0.3037170573623521,97
tct,9,spatial,10,0.16,0.04586812392935789,0.6555053313361289,0.05498281786941581,0.42495013508695245,97
tct,9,a_ratio,10,0.16,0.16891224361840473,0.09814100768383985,0.11512027491408937,0.09481550621817705,97
tct,9,nqc,10,0.16,0.15317532255408975,0.13415933433800298,0.09063573883161513,0.18843365829791547,97
tct,9,bertQPP,10,0.16,0.20553977011740487,0.04341364958440323,0.12199312714776635,0.07668417076895777,97
tct,9,bertQPP(QV),10,0.16,0.1599199059146888,0.11765358948210126,0.07259450171821306,0.29214479548279504,97
tct,9,spatial,10,0.18,0.05045306278361851,0.6235848262296567,0.05541237113402062,0.42134149715143543,97
tct,9,a_ratio,10,0.18,0.17860985811977043,0.08004878170578732,0.12628865979381446,0.0668634129345248,97
tct,9,nqc,10,0.18,0.15377095462688675,0.13263429709795355,0.0889175257731959,0.1969487085850582,97
tct,9,bertQPP,10,0.18,0.20978659415324877,0.039171265725517594,0.12328178694158079,0.07362159410235054,97
tct,9,bertQPP(QV),10,0.18,0.16422513555233303,0.10796754784258655,0.0777491408934708,0.2592237212301055,97
tct,9,spatial,10,0.2,0.055160989453276,0.5915171429924078,0.056701030927835065,0.41062402699366984,97
tct,9,a_ratio,10,0.2,0.18798564215513208,0.06519507431507068,0.12972508591065296,0.0597739314027888,97
tct,9,nqc,10,0.2,0.15439613468984814,0.1310478539471122,0.08848797250859108,0.19912082868170233,97
tct,9,bertQPP,10,0.2,0.21419486883575017,0.035139790020343675,0.1254295532646048,0.06874005870255491,97
tct,9,bertQPP(QV),10,0.2,0.16870963428605215,0.09855071016400944,0.08290378006872855,0.22896569995644822,97
tct,9,spatial,10,0.22,0.059993138780435454,0.5594017791779203,0.057560137457044684,0.40356988208906586,97
tct,9,a_ratio,10,0.22,0.1969866862001171,0.0531208214611054,0.1314432989690722,0.05647001729864357,97
tct,9,nqc,10,0.22,0.15505310783094675,0.129396380749906,0.0893470790378007,0.19479398827541883,97
tct,9,bertQPP,10,0.22,0.21876941115777,0.031330661250976825,0.12585910652920965,0.0677963948466897,97
tct,9,bertQPP(QV),10,0.22,0.17338058353221167,0.08944129771107363,0.08419243986254298,0.22181074839562664,97
tct,9,spatial,10,0.24,0.0649503703008401,0.5273462418997366,0.06185567010309279,0.3694011818632015,97
tct,9,a_ratio,10,0.24,0.20556673651501023,0.04338555243304938,0.1365979381443299,0.04745794602168577,97
tct,9,nqc,10,0.24,0.15574435140380727,0.12767598133001795,0.0889175257731959,0.1969487085850582,97
tct,9,bertQPP,10,0.24,0.22351449320566588,0.027753925762160167,0.12714776632302408,0.06502915478137135,97
tct,9,bertQPP(QV),10,0.24,0.17824490104652913,0.08067759195609148,0.08805841924398626,0.2013104039967497,97
tct,9,spatial,10,0.26,0.07003311091184948,0.4954652549772136,0.05927835051546393,0.3896811249151011,97
tct,9,a_ratio,10,0.26,0.21368735376837517,0.03558540536852383,0.14132302405498284,0.040290653027956765,97
tct,9,nqc,10,0.26,0.15647260570105576,0.1258824644072505,0.0889175257731959,0.1969487085850582,97
tct,9,bertQPP,10,0.26,0.22843363357671664,0.02441792280066137,0.13101374570446736,0.05728140399891128,97
tct,9,bertQPP(QV),10,0.26,0.18330905840527462,0.07229718900927473,0.09278350515463919,0.1781756748775648,97
tct,9,spatial,10,0.28,0.07524129335034736,0.46387967360912347,0.06400343642611686,0.3530123788503621,97
tct,9,a_ratio,10,0.28,0.22131868215058167,0.029363515462248524,0.15206185567010314,0.02734277211201925,97
tct,9,nqc,10,0.28,0.1572409095911931,0.12401131875243297,0.0889175257731959,0.1969487085850582,97
tct,9,bertQPP,10,0.28,0.23352934219943505,0.021328973082899248,0.1314432989690722,0.05647001729864357,97
tct,9,bertQPP(QV),10,0.28,0.1885788513920595,0.06433613055639967,0.09621993127147768,0.16263626465805225,97
tct,9,spatial,10,0.3,0.0805742907990403,0.43271509301299504,0.06743986254295534,0.3277635503646662,97
tct,9,a_ratio,10,0.3,0.2284398002465768,0.024413965568204143,0.15721649484536085,0.02252544814571104,97
tct,9,nqc,10,0.3,0.1580526420755795,0.12205768656464279,0.0893470790378007,0.19479398827541883,97
tct,9,bertQPP,10,0.3,0.23880281071108606,0.01849108556704049,0.1396048109965636,0.042782883164389815,97
tct,9,bertQPP(QV),10,0.3,0.19405911411734356,0.056827923765146636,0.10137457044673541,0.14127503537333896,97
tct,9,spatial,10,0.32,0.08603084811894365,0.4021001494757066,0.07302405498281789,0.28929863271816614,97
tct,9,a_ratio,10,0.32,0.2350386625706702,0.020480947440912292,0.1670962199312715,0.015318729327102553,97
tct,9,nqc,10,0.32,0.1589115709370958,0.12001633514711613,0.08977663230240551,0.19265661141875967,97
tct,9,bertQPP,10,0.32,0.24425354006121344,0.015905700173174456,0.14475945017182132,0.035674068768179766,97
tct,9,bertQPP(QV),10,0.32,0.19975336670475224,0.04980247477058169,0.10352233676975947,0.1330387570764664,97
tct,9,spatial,10,0.34,0.09160901041604516,0.37216452731759175,0.08333333333333336,0.22656268559471548,97
tct,9,a_ratio,10,0.34,0.24111167387274599,0.017354817598827236,0.16752577319587633,0.015057708996420909,97
tct,9,nqc,10,0.34,0.15982190992243467,0.11788162706528196,0.09063573883161513,0.18843365829791547,97
tct,9,bertQPP,10,0.34,0.24987889692789506,0.013571486252871487,0.14905498281786944,0.030544557732034724,97
tct,9,bertQPP(QV),10,0.34,0.20566338567072134,0.043284974755403965,0.10652920962199315,0.12213859984356254,97
tct,9,spatial,10,0.36,0.09730604989094205,0.34303670300560646,0.08762886597938145,0.2035174890452155,97
tct,9,a_ratio,10,0.36,0.24666296314788305,0.014866495293215251,0.17654639175257736,0.010410504577977625,97
tct,9,nqc,10,0.36,0.16078838624193986,0.11564748912664445,0.09020618556701032,0.1905365207922204,97
tct,9,bertQPP,10,0.36,0.25567359111853116,0.0114842174369542,0.1554982817869416,0.02404211148041231,97
tct,9,bertQPP(QV),10,0.36,0.21178868596454703,0.03729479341633306,0.10652920962199315,0.12213859984356254,97
tct,9,spatial,10,0.38,0.10311839218922897,0.314841477303644,0.09063573883161513,0.18843365829791547,97
tct,9,a_ratio,10,0.38,0.2517034386725335,0.012881292326363479,0.17955326460481102,0.009173476196585428,97
tct,9,nqc,10,0.38,0.16181632060586149,0.11330738074789655,0.08848797250859108,0.19912082868170233,97
tct,9,bertQPP,10,0.38,0.261629067740435,0.009636742524510765,0.15592783505154642,0.023654871935139845,97
tct,9,bertQPP(QV),10,0.38,0.21812590440260837,0.03184445016362292,0.10996563573883163,0.110550087489207,97
tct,9,spatial,10,0.4,0.10904154376276562,0.28769736673641955,0.09536082474226806,0.16642177733641728,97
tct,9,a_ratio,10,0.4,0.2562497092828349,0.011292898560509846,0.18814432989690724,0.00632984784895861,97
tct,9,nqc,10,0.4,0.16291172257242897,0.11085426259789911,0.0893470790378007,0.19479398827541883,97
tct,9,bertQPP,10,0.4,0.267732811042214,0.008019068800209566,0.1597938144329897,0.02040649882574069,97
tct,9,bertQPP(QV),10,0.4,0.22466807644363568,0.026938746360467343,0.11855670103092786,0.08536128644887009,97
tct,9,spatial,10,0.42,0.11507002205978095,0.2617139451662855,0.09879725085910654,0.15166941209887877,97
tct,9,a_ratio,10,0.42,0.26032295204074113,0.010017937652719676,0.18728522336769762,0.006573343269072617,97
tct,9,nqc,10,0.42,0.16408140469964216,0.1082805668659034,0.08977663230240551,0.19265661141875967,97
tct,9,bertQPP,10,0.42,0.27396756203570605,0.006618568239142295,0.16365979381443302,0.01755425786967657,97
tct,9,bertQPP(QV),10,0.42,0.23140380259358986,0.022574149191116846,0.12285223367697597,0.07463114343880432,97
tct,9,spatial,10,0.44,0.12119729067334419,0.23698924299666843,0.10609965635738833,0.1236515932692785,97
tct,9,a_ratio,10,0.44,0.26394779491144627,0.008991278885559437,0.19329896907216498,0.0050318722795436996,97
tct,9,nqc,10,0.44,0.16533311992102762,0.10557817115873964,0.0893470790378007,0.19479398827541883,97
tct,9,bertQPP,10,0.44,0.28031045999804083,0.005420308469089804,0.16108247422680416,0.01941379508307944,97
tct,9,bertQPP(QV),10,0.44,0.23831630804144419,0.01873851589360743,0.12972508591065296,0.0597739314027888,97
tct,9,spatial,10,0.46,0.12741570187763984,0.21360732328513996,0.10910652920962201,0.11336246240953972,97
tct,9,a_ratio,10,0.46,0.26715126791500177,0.008162140676356545,0.19759450171821308,0.0041396512632380965,97
tct,9,nqc,10,0.46,0.16667572777641726,0.10273837895852991,0.0889175257731959,0.1969487085850582,97
tct,9,bertQPP,10,0.46,0.28673212944724036,0.004407499585383146,0.16623711340206188,0.015852745291372216,97
tct,9,bertQPP(QV),10,0.46,0.2453824103691724,0.015411232926808075,0.1357388316151203,0.04887004601219989,97
tct,9,spatial,10,0.48,0.13371644924979262,0.19163615877949122,0.11512027491408937,0.09481550621817705,97
tct,9,a_ratio,10,0.48,0.26996185998932853,0.0074909344554687255,0.19759450171821308,0.0041396512632380965,97
tct,9,nqc,10,0.48,0.16811939671875548,0.09975191088640392,0.08977663230240551,0.19265661141875967,97
tct,9,bertQPP,10,0.48,0.2931957498104961,0.003562036014565389,0.16838487972508595,0.01454739544260673,97
tct,9,bertQPP(QV),10,0.48,0.2525714263051856,0.012563816234590615,0.14218213058419246,0.039091423487606906,97
tct,9,spatial,10,0.5,0.14008953328812676,0.1711259298235913,0.1164089347079038,0.09117630712765404,97
tct,9,a_ratio,10,0.5,0.27240870350679264,0.006946755892003976,0.1971649484536083,0.004221925130091803,97
tct,9,nqc,10,0.5,0.16967585182033837,0.09660891287824697,0.09063573883161513,0.18843365829791547,97
tct,9,bertQPP,10,0.5,0.2996561650680617,0.0028651012272467693,0.17182130584192443,0.01265543298933369,97
tct,9,bertQPP(QV),10,0.5,0.25984407021693,0.010160976587804231,0.1516323024054983,0.027781654237823455,97
tct,9,spatial,10,0.52,0.1465237430686055,0.15210784912424405,0.1202749140893471,0.08092834885233069,97
tct,9,a_ratio,10,0.52,0.27452089531477175,0.006505417623121544,0.19974226804123715,0.0037496927052216027,97
tct,9,nqc,10,0.52,0.17135868000153667,0.09329899001300967,0.093213058419244,0.17617491386576734,97
tct,9,bertQPP,10,0.52,0.30605911479557013,0.0022977942086086986,0.17353951890034366,0.011793812186781842,97
tct,9,bertQPP(QV),10,0.52,0.26715142445382195,0.00816210186395599,0.15034364261168387,0.02913493133073165,97
tct,9,spatial,10,0.54,0.15300665700089555,0.13459359540204446,0.12585910652920965,0.0677963948466897,97
tct,9,a_ratio,10,0.54,0.2763269529501037,0.006147921291346891,0.20274914089347082,0.003259747042536618,97
tct,9,nqc,10,0.54,0.17318370865970117,0.0898112784653136,0.09364261168384881,0.17419095096502246,97
tct,9,bertQPP,10,0.54,0.31234069474652776,0.0018417321974994539,0.17439862542955328,0.011382836808156348,97
tct,9,bertQPP(QV),10,0.54,0.27443409365001936,0.00652305359569981,0.15378006872852237,0.025646544632394585,97
tct,9,spatial,10,0.56,0.15952466562505768,0.11857540503086976,0.12714776632302408,0.06502915478137135,97
tct,9,a_ratio,10,0.56,0.2778543974066546,0.005859278356154846,0.20274914089347082,0.003259747042536618,97
tct,9,nqc,10,0.56,0.1751694786465162,0.08613457333745356,0.09235395189003438,0.18019329783502935,97
tct,9,bertQPP,10,0.56,0.31842718124728797,0.0014795857634434767,0.18213058419243988,0.008219435652041644,97
tct,9,bertQPP(QV),10,0.56,0.2816216886691181,0.005198128575966714,0.16623711340206188,0.015852745291372216,97
tct,9,spatial,10,0.58,0.16606301910288263,0.10402683121311355,0.1284364261168385,0.06235576017343852,97
tct,9,a_ratio,10,0.58,0.27912944925449423,0.005627603598878891,0.20103092783505158,0.0035320539175627825,97
tct,9,nqc,10,0.58,0.17733783943541903,0.08225753760028767,0.09235395189003438,0.18019329783502935,97
tct,9,bertQPP,10,0.58,0.32423537391786206,0.0011955102239546598,0.18556701030927839,0.00708575590459897,97
tct,9,bertQPP(QV),10,0.58,0.2886328154031945,0.004142008790801393,0.17654639175257736,0.010410504577977625,97
tct,9,spatial,10,0.6,0.17260590158396932,0.09090413746029097,0.13316151202749144,0.05331954320676675,97
tct,9,a_ratio,10,0.6,0.2801768225611479,0.00544341957731783,0.1971649484536083,0.004221925130091803,97
tct,9,nqc,10,0.6,0.17971470374856063,0.07816902792090445,0.09106529209621994,0.18634796497677564,97
tct,9,bertQPP,10,0.6,0.3296736180199922,0.0009754507780179974,0.1890034364261169,0.006094500520977148,97
tct,9,bertQPP(QV),10,0.6,0.29537576050498243,0.003311522890576623,0.18384879725085912,0.0076337511300162714,97
tct,9,spatial,10,0.62,0.17913653395469337,0.07914825032410674,0.13530927835051548,0.04958921997609662,97
tct,9,a_ratio,10,0.62,0.2810196004239818,0.005299123106339279,0.19974226804123715,0.0037496927052216027,97
tct,9,nqc,10,0.62,0.18233101186965422,0.07385858796959809,0.09235395189003438,0.18019329783502935,97
tct,9,bertQPP,10,0.62,0.3346436518263083,0.0008073153301927214,0.19931271477663232,0.003824903963020039,97
tct,9,bertQPP(QV),10,0.62,0.30175005910373476,0.0026670723597213763,0.1859965635738832,0.006954397086601862,97
tct,9,spatial,10,0.64,0.1856373056103398,0.0686871598377245,0.13917525773195877,0.0434259212403691,97
tct,9,a_ratio,10,0.64,0.28167917648045177,0.005188575637263494,0.20017182130584193,0.0036758280937195186,97
tct,9,nqc,10,0.64,0.18522397372652144,0.06931718042030197,0.093213058419244,0.17617491386576734,97
tct,9,bertQPP,10,0.64,0.3390433765778341,0.0006810258209938503,0.1971649484536083,0.004221925130091803,97
tct,9,bertQPP(QV),10,0.64,0.307649086559747,0.0021736303688313393,0.19458762886597944,0.004747484369155047,97
tct,9,spatial,10,0.66,0.1920899348450697,0.05943862894076838,0.14304123711340208,0.037922646089534044,97
tct,9,a_ratio,10,0.66,0.28217524808098265,0.005106788160595072,0.20103092783505158,0.0035320539175627825,97
tct,9,nqc,10,0.66,0.18843868142309084,0.06453825711680147,0.09192439862542956,0.1822278457949571,97
tct,9,bertQPP,10,0.66,0.3427705606745689,0.0005884730396126876,0.1971649484536083,0.004221925130091803,97
tct,9,bertQPP(QV),10,0.66,0.31296372797695027,0.0018012889896264364,0.2014604810996564,0.0034621026042757834,97
tct,9,spatial,10,0.68,0.19847565626764718,0.05131305818401346,0.147766323024055,0.03201236643126749,97
tct,9,a_ratio,10,0.68,0.28252584853868185,0.00504967817192767,0.19888316151202753,0.0039014834427261624,97
tct,9,nqc,10,0.68,0.19203021854936134,0.0595193045473092,0.09364261168384881,0.17419095096502246,97
tct,9,bertQPP,10,0.68,0.3457273666400589,0.0005234093523082706,0.20446735395189009,0.0030066996042901117,97
tct,9,bertQPP(QV),10,0.68,0.3175870439450661,0.0015253957165877578,0.2053264604810997,0.002887015591872923,97
tct,9,spatial,10,0.7,0.20477543237821633,0.044216350623194595,0.14819587628865982,0.031516517606653575,97
tct,9,a_ratio,10,0.7,0.2827474077531305,0.005013881610302159,0.19673539518900346,0.004305679427335466,97
tct,9,nqc,10,0.7,0.196066437803053,0.054264049526552297,0.09621993127147768,0.16263626465805225,97
tct,9,bertQPP,10,0.7,0.3478254410405235,0.00048131793187227443,0.2130584192439863,0.0019900166497547295,97
tct,9,bertQPP(QV),10,0.7,0.32141968038642516,0.0013263694412149684,0.209192439862543,0.002400428947085522,97
tct,9,spatial,10,0.72,0.2109701851551198,0.038052633647872224,0.15335051546391754,0.026061836085581373,97
tct,9,a_ratio,10,0.72,0.2828548323656352,0.004996606798054631,0.19544673539518906,0.0045660596694361046,97
tct,9,nqc,10,0.72,0.20063163672587836,0.048785564710094556,0.1009450171821306,0.14296835148549844,97
tct,9,bertQPP,10,0.72,0.34899115865056085,0.00045929672285453197,0.22293814432989695,0.0012160687743494618,97
tct,9,bertQPP(QV),10,0.72,0.32437559215452494,0.001189311426292098,0.21477663230240554,0.0018291772025326055,97
tct,9,spatial,10,0.74,0.21704104228600368,0.03272671751686154,0.15807560137457047,0.021798803662876853,97
tct,9,a_ratio,10,0.74,0.2828615983302375,0.004995520547053565,0.19974226804123715,0.0037496927052216027,97
tct,9,nqc,10,0.74,0.20583142949810282,0.04311056202125908,0.10309278350515466,0.1346555631057889,97
tct,9,bertQPP,10,0.74,0.34917049769732367,0.00045599220084361594,0.22895189003436428,0.0008926252002239728,97
tct,9,bertQPP(QV),10,0.74,0.3263875056646856,0.0011035281594320558,0.21649484536082478,0.0016803624081385136,97
tct,9,spatial,10,0.76,0.22296959162583965,0.028146201264524957,0.15807560137457047,0.021798803662876853,97
tct,9,a_ratio,10,0.76,0.2827798503185647,0.005008658971217477,0.2014604810996564,0.0034621026042757834,97
tct,9,nqc,10,0.76,0.21179917227486436,0.03728516689912148,0.10652920962199315,0.12213859984356254,97
tct,9,bertQPP,10,0.76,0.3483329800280186,0.0004716137179686655,0.23582474226804126,0.000621432826309228,97
tct,9,bertQPP(QV),10,0.76,0.3274114809655357,0.0010620659445533603,0.22207903780068733,0.0012702502748310276,97
tct,9,spatial,10,0.78,0.22873813666548765,0.02422317137786366,0.1628006872852234,0.018155972846842318,97
tct,9,a_ratio,10,0.78,0.28262050369313296,0.005034357338919037,0.19974226804123715,0.0037496927052216027,97
tct,9,nqc,10,0.78,0.21870428745086568,0.03138233700413026,0.11254295532646051,0.10244263799035044,97
tct,9,bertQPP,10,0.78,0.3464741652770177,0.0005080548670813091,0.24269759450171827,0.0004286013573495472,97
tct,9,bertQPP(QV),10,0.78,0.3274299825896443,0.0010613300082287995,0.22723367697594504,0.000975784420613921,97
tct,9,spatial,10,0.8,0.2343299453262511,0.02087547316055706,0.16752577319587633,0.015057708996420909,97
tct,9,a_ratio,10,0.8,0.2823933458826824,0.005071194652080843,0.20103092783505158,0.0035320539175627825,97
tct,9,nqc,10,0.8,0.2267625603349789,0.025510627620042556,0.11597938144329899,0.09237668593402237,97
tct,9,bertQPP,10,0.8,0.3436163457344395,0.0005691435645896574,0.24312714776632308,0.0004186340215940853,97
tct,9,bertQPP(QV),10,0.8,0.32645303850664814,0.0011008311623670075,0.23024054982817874,0.0008346209629654949,97
tct,9,spatial,10,0.82,0.23972948431571106,0.01802756550115573,0.1709621993127148,0.013106785247853048,97
tct,9,a_ratio,10,0.82,0.2821071348887617,0.005117949659853309,0.2014604810996564,0.0034621026042757834,97
tct,9,nqc,10,0.82,0.23624741363952995,0.01982282389875905,0.12199312714776635,0.07668417076895777,97
tct,9,bertQPP,10,0.82,0.3398073240785894,0.0006610357668642662,0.24269759450171827,0.0004286013573495472,97
tct,9,bertQPP(QV),10,0.82,0.32451732964062874,0.0011830751765432399,0.23152920962199317,0.0007801296905645403,97
tct,9,spatial,10,0.84,0.24492263161679406,0.015610994348725687,0.16924398625429557,0.01405239227763608,97
tct,9,a_ratio,10,0.84,0.2817696933670665,0.005173565786182655,0.19974226804123715,0.0037496927052216027,97
tct,9,nqc,10,0.84,0.2474977935024751,0.014520423874747555,0.12500000000000003,0.06969448971824621,97
tct,9,bertQPP,10,0.84,0.33511742048418186,0.0007927561982538265,0.23969072164948454,0.0005048251929224872,97
tct,9,bertQPP(QV),10,0.84,0.3216833509581708,0.0013135854288582386,0.23539518900343648,0.0006358327263393619,97
tct,9,spatial,10,0.86,0.24989686043053705,0.013564537262996708,0.17310996563573885,0.01200419316896961,97
tct,9,a_ratio,10,0.86,0.28138799728507446,0.005237123034527223,0.19759450171821308,0.0041396512632380965,97
tct,9,nqc,10,0.86,0.2609084095026572,0.009845465260874998,0.1245704467353952,0.07065977324075139,97
tct,9,bertQPP,10,0.86,0.3296350900505496,0.0009768704282737866,0.23711340206185572,0.000580033168540485,97
tct,9,bertQPP(QV),10,0.86,0.3180310496604912,0.0015010277971921999,0.23582474226804126,0.000621432826309228,97
tct,9,spatial,10,0.88,0.2546413890135938,0.011834080794512154,0.17225085910652924,0.012434959394241826,97
tct,9,a_ratio,10,0.88,0.28096825858457253,0.0053078153761769754,0.19587628865979384,0.004477722918252414,97
tct,9,nqc,10,0.88,0.27686006646809364,0.006045777700812416,0.13530927835051548,0.04958921997609662,97
tct,9,bertQPP,10,0.88,0.32346168632427696,0.0012302448145767788,0.23453608247422683,0.0006655682797928671,97
tct,9,bertQPP(QV),10,0.88,0.3136545188211708,0.0017573877680878893,0.23539518900343648,0.0006358327263393619,97
tct,9,spatial,10,0.9,0.2591472922723087,0.010372294945096143,0.18256013745704472,0.00806936233603351,97
tct,9,a_ratio,10,0.9,0.28051600159732293,0.005384932466005825,0.19802405498281792,0.004058834798972484,97
tct,9,nqc,10,0.9,0.29547201287651026,0.003300835491197399,0.15206185567010314,0.02734277211201925,97
tct,9,bertQPP,10,0.9,0.3167059565159618,0.0015748161734146524,0.22594501718213064,0.0010428004886634003,97
tct,9,bertQPP(QV),10,0.9,0.3086563779130791,0.0020981343609278147,0.22508591065292102,0.0010898172708815595,97
tct,9,spatial,10,0.92,0.26340757259903735,0.00913816595464321,0.1902920962199313,0.005756239608165468,97
tct,9,a_ratio,10,0.92,0.28003613319543996,0.005467844787178162,0.20017182130584193,0.0036758280937195186,97
tct,9,nqc,10,0.92,0.31587704555598645,0.0016226296902277278,0.17139175257731962,0.012879359856548544,97
tct,9,bertQPP,10,0.92,0.3094788028490782,0.0020382578948483798,0.22379725085910657,0.0011640289366746655,97
tct,9,bertQPP(QV),10,0.92,0.303142411914213,0.002542296384721522,0.2169243986254296,0.001644941169576058,97
tct,9,spatial,10,0.94,0.267417189150829,0.008096441823257621,0.1911512027491409,0.005540236417616152,97
tct,9,a_ratio,10,0.94,0.2795330068231487,0.005555991523857059,0.19974226804123715,0.0037496927052216027,97
tct,9,nqc,10,0.94,0.33445502195943255,0.0008131796579215637,0.18170103092783507,0.008372001763204117,97
tct,9,bertQPP,10,0.94,0.30188871998954914,0.002654403882533194,0.21821305841924402,0.0015427588468996702,97
tct,9,bertQPP(QV),10,0.94,0.2972169016392655,0.0031123773512959745,0.21821305841924402,0.0015427588468996702,97
tct,9,spatial,10,0.96,0.27117304645909573,0.007217035953647922,0.19458762886597944,0.004747484369155047,97
tct,9,a_ratio,10,0.96,0.27901048066871803,0.005648870612939967,0.2014604810996564,0.0034621026042757834,97
tct,9,nqc,10,0.96,0.34203844753867974,0.0006056882467573566,0.21048109965635742,0.002255725464528707,97
tct,9,bertQPP,10,0.96,0.2940381594665054,0.0034632877072357437,0.2096219931271478,0.002351276432455258,97
tct,9,bertQPP(QV),10,0.96,0.29097890436724383,0.0038340488381066636,0.21477663230240554,0.0018291772025326055,97
tct,9,spatial,10,0.98,0.2746739448126324,0.006474424504695959,0.20017182130584193,0.0036758280937195186,97
tct,9,a_ratio,10,0.98,0.2784719703069786,0.005746030543216631,0.202319587628866,0.003325969220576063,97
tct,9,nqc,10,0.98,0.32483687892017443,0.0011691243912877545,0.21864261168384883,0.0015100189795415188,97
tct,9,bertQPP,10,0.98,0.28602091524150164,0.0045106800439258824,0.20747422680412375,0.0026065887949513057,97
tct,9,bertQPP(QV),10,0.98,0.2845195764927406,0.004735588374784395,0.20790378006872856,0.0025535840012904936,97
tct,9,spatial,10,1.0,0.2779204961840505,0.005847063561342551,0.20317869415807563,0.0031947282487263706,97
tct,9,a_ratio,10,1.0,0.2779204961840505,0.005847063561342551,0.20317869415807563,0.0031947282487263706,97
tct,9,nqc,10,1.0,0.2779204961840505,0.005847063561342551,0.20317869415807563,0.0031947282487263706,97
tct,9,bertQPP,10,1.0,0.2779204961840505,0.005847063561342551,0.20317869415807563,0.0031947282487263706,97
tct,9,bertQPP(QV),10,1.0,0.2779204961840505,0.005847063561342551,0.20317869415807563,0.0031947282487263706,97
tct,9,spatial,11,0.0,0.01338209682788323,0.8964907995035795,0.03393470790378007,0.6224147431170471,97
tct,9,a_ratio,11,0.0,0.08699727737016583,0.39681436807593695,0.0584192439862543,0.3965888091618368,97
tct,9,nqc,11,0.0,0.14926312794961863,0.14450956733786507,0.08719931271477664,0.2057421374120063,97
tct,9,bertQPP,11,0.0,0.17672691352325548,0.08333551015854819,0.10137457044673541,0.14127503537333896,97
tct,9,bertQPP(QV),11,0.0,0.1310712474602009,0.20065209966598066,0.05541237113402062,0.42134149715143543,97
tct,9,spatial,11,0.02,0.01753880472361547,0.8646082945270082,0.03823024054982819,0.5790561270652871,97
tct,9,a_ratio,11,0.02,0.09831641945441634,0.3380247668603878,0.06786941580756015,0.3246919364895129,97
tct,9,nqc,11,0.02,0.14972921093732527,0.14324579318546454,0.08719931271477664,0.2057421374120063,97
tct,9,bertQPP,11,0.02,0.1802697199619275,0.07723817350702301,0.10137457044673541,0.14127503537333896,97
tct,9,bertQPP(QV),11,0.02,0.1345766920794373,0.18876827399456822,0.05970790378006874,0.38625489539833124,97
tct,9,spatial,11,0.04,0.021808755698448146,0.8320820249059366,0.039948453608247426,0.5621188569054614,97
tct,9,a_ratio,11,0.04,0.1097456018402411,0.2845774647345306,0.08204467353951891,0.23382603249144784,97
tct,9,nqc,11,0.04,0.15021457220492887,0.14193863429213285,0.08805841924398626,0.2013104039967497,97
tct,9,bertQPP,11,0.04,0.18394430613802323,0.071297376261102,0.10395189003436428,0.13143701983340042,97
tct,9,bertQPP(QV),11,0.04,0.1382201342776442,0.17696681420883692,0.06357388316151204,0.356252805453549,97
tct,9,spatial,11,0.06,0.026194206260681765,0.79896848513171,0.04123711340206186,0.5495750194028222,97
tct,9,a_ratio,11,0.06,0.12122247013009993,0.23689111178575356,0.09149484536082475,0.1842793810224047,97
tct,9,nqc,11,0.06,0.15072042900907187,0.1405858938183075,0.0893470790378007,0.19479398827541883,97
tct,9,bertQPP,11,0.06,0.18775625020114248,0.06552971035404727,0.10824742268041239,0.11623089832126132,97
tct,9,bertQPP(QV),11,0.06,0.14200811680676162,0.16528037272281573,0.06357388316151204,0.356252805453549,97
tct,9,spatial,11,0.08,0.03069726219858386,0.7653338002333867,0.04295532646048111,0.5330675016802799,97
tct,9,a_ratio,11,0.08,0.13267968980540126,0.19513426545208346,0.093213058419244,0.17617491386576734,97
tct,9,nqc,11,0.08,0.1512481029080777,0.13918523134350091,0.08848797250859108,0.19912082868170233,97
tct,9,bertQPP,11,0.08,0.19171121449759945,0.05995178885645329,0.11125429553264607,0.10643517898925002,97
tct,9,bertQPP(QV),11,0.08,0.14594739174734828,0.15374391962374784,0.0657216494845361,0.340237883454913,97
tct,9,spatial,11,0.1,0.0353198463100928,0.7312540830692232,0.046821305841924406,0.49686544158769386,97
tct,9,a_ratio,11,0.1,0.1440465236605368,0.15923318941742415,0.10438144329896909,0.12985027258664464,97
tct,9,nqc,11,0.1,0.15179903113262694,0.13773415185677054,0.0889175257731959,0.1969487085850582,97
tct,9,bertQPP,11,0.1,0.19581489949660738,0.05458002830821448,0.11383161512027494,0.0985701799206937,97
tct,9,bertQPP(QV),11,0.1,0.1500448898842012,0.14239458811193795,0.07001718213058421,0.30961588134500106,97
tct,9,spatial,11,0.12,0.04006366279105868,0.6968156399776081,0.050257731958762895,0.4658203551040343,97
tct,9,a_ratio,11,0.12,0.1552507223030322,0.12890275010452648,0.11125429553264607,0.10643517898925002,97
tct,9,nqc,11,0.12,0.15237477947045494,0.13622999386604187,0.0893470790378007,0.19479398827541883,97
tct,9,bertQPP,11,0.12,0.2000729841834918,0.04943039781626863,0.1168384879725086,0.08998850130140247,97
tct,9,bertQPP(QV),11,0.12,0.15430767817140778,0.13127143559407037,0.07130584192439864,0.3007958300881056,97
tct,9,spatial,11,0.14,0.044930158173071624,0.6621149881560475,0.05154639175257733,0.4544623656228458,97
tct,9,a_ratio,11,0.14,0.1662206277533138,0.10369419861214157,0.11082474226804125,0.10779310640620364,97
tct,9,nqc,11,0.14,0.15297705690442825,0.13466991657357175,0.09106529209621994,0.18634796497677564,97
tct,9,bertQPP,11,0.14,0.20449105000334047,0.044518135935217286,0.11812714776632303,0.08649966115997804,97
tct,9,bertQPP(QV),11,0.14,0.15874290242160882,0.12041510679000968,0.07173539518900345,0.2978933833803449,97
tct,9,spatial,11,0.16,0.04992047875067159,0.627258647279429,0.054553264604811004,0.4285767645779882,97
tct,9,a_ratio,11,0.16,0.17688735931694421,0.08305132079423018,0.11812714776632303,0.08649966115997804,97
tct,9,nqc,11,0.16,0.15360773228736554,0.13305088606989154,0.09149484536082475,0.1842793810224047,97
tct,9,bertQPP,11,0.16,0.20907448491902794,0.039857438218089576,0.11898625429553265,0.08423505409007553,97
tct,9,bertQPP(QV),11,0.16,0.16335771178458136,0.10986738590766654,0.07474226804123713,0.2781012070168114,97
tct,9,spatial,11,0.18,0.05503542450087531,0.5923626688113204,0.05970790378006874,0.38625489539833124,97
tct,9,a_ratio,11,0.18,0.1871869332762837,0.06636625149613377,0.12156357388316154,0.07772782073014356,97
tct,9,nqc,11,0.18,0.1542688533902301,0.1313696605074838,0.09063573883161513,0.18843365829791547,97
tct,9,bertQPP,11,0.18,0.21382836357096935,0.03546112064640231,0.12414089347079041,0.07163599473940602,97
tct,9,bertQPP(QV),11,0.18,0.168159160929308,0.0996706268435368,0.08075601374570447,0.24125289471425693,97
tct,9,spatial,11,0.2,0.06027539957743446,0.5575518696937918,0.057130584192439875,0.4070878413580533,97
tct,9,a_ratio,11,0.2,0.19706216760505202,0.053027936022226295,0.1327319587628866,0.054093065441640706,97
tct,9,nqc,11,0.2,0.15496266872504016,0.12962277422980056,0.08977663230240551,0.19265661141875967,97
tct,9,bertQPP,11,0.2,0.21875729890311021,0.03134026690007032,0.12500000000000003,0.06969448971824621,97
tct,9,bertQPP(QV),11,0.2,0.17315408511471675,0.08986705385444081,0.07989690721649485,0.24629548858904848,97
tct,9,spatial,11,0.22,0.06564035955995344,0.5229587430837984,0.06013745704467355,0.3828471200330016,97
tct,9,a_ratio,11,0.22,0.20646424089636312,0.04245900327325168,0.13359106529209622,0.05255528194642074,97
tct,9,nqc,11,0.22,0.15569165262280316,0.12780652085304597,0.08977663230240551,0.19265661141875967,97
tct,9,bertQPP,11,0.22,0.22386525997254172,0.02750387052677013,0.12628865979381446,0.0668634129345248,97
tct,9,bertQPP(QV),11,0.22,0.17834894254004846,0.08049793060063762,0.08591065292096221,0.2125219840325313,97
tct,9,spatial,11,0.24,0.07112975575519333,0.48872202791606334,0.06185567010309279,0.3694011818632015,97
tct,9,a_ratio,11,0.24,0.21535380861019185,0.034139750272773293,0.1396048109965636,0.042782883164389815,97
tct,9,nqc,11,0.24,0.1564585341435229,0.1259169353302525,0.09020618556701032,0.1905365207922204,97
tct,9,bertQPP,11,0.24,0.22915535002718673,0.0239584863547421,0.13101374570446736,0.05728140399891128,97
tct,9,bertQPP(QV),11,0.24,0.18374961753396593,0.07160260321308866,0.0889175257731959,0.1969487085850582,97
tct,9,spatial,11,0.26,0.07674247698570509,0.45498493153068015,0.06701030927835053,0.3308539585593422,97
tct,9,a_ratio,11,0.26,0.22370162419615477,0.02762028448577317,0.14819587628865982,0.031516517606653575,97
tct,9,nqc,11,0.26,0.15726633051436945,0.12394977507336044,0.09063573883161513,0.18843365829791547,97
tct,9,bertQPP,11,0.26,0.23462953837895745,0.020707908701576554,0.1365979381443299,0.04745794602168577,97
tct,9,bertQPP(QV),11,0.26,0.18936117732176777,0.0632174332838542,0.09192439862542956,0.1822278457949571,97
tct,9,spatial,11,0.28,0.08247678945956814,0.4218930153879576,0.07130584192439864,0.3007958300881056,97
tct,9,a_ratio,11,0.28,0.2314886604993007,0.022523272026189527,0.14948453608247425,0.030068308790855192,97
tct,9,nqc,11,0.28,0.1581183859392553,0.12190050027448177,0.09020618556701032,0.1905365207922204,97
tct,9,bertQPP,11,0.28,0.24028833921270226,0.01775289669246241,0.1439003436426117,0.036783724578164194,97
tct,9,bertQPP(QV),11,0.28,0.19518757438393436,0.05537464936244263,0.09965635738831616,0.14814179266855426,97
tct,9,spatial,11,0.3,0.08833027549352053,0.3895917726603822,0.07474226804123713,0.2781012070168114,97
tct,9,a_ratio,11,0.3,0.23870577088966183,0.018540213155069173,0.15721649484536085,0.02252544814571104,97
tct,9,nqc,11,0.3,0.15901841680581066,0.11976425365925865,0.09149484536082475,0.1842793810224047,97
tct,9,bertQPP,11,0.3,0.24613043039117083,0.01509096883592744,0.14604810996563578,0.03406318246416719,97
tct,9,bertQPP(QV),11,0.3,0.2012312859123533,0.04810116021366714,0.09965635738831616,0.14814179266855426,97
tct,9,spatial,11,0.32,0.09429977205820064,0.3582239475050324,0.08161512027491409,0.23628343229817084,97
tct,9,a_ratio,11,0.32,0.24535296399578851,0.015423959892980777,0.16151202749140894,0.01909240321886764,97
tct,9,nqc,11,0.32,0.15997056454383224,0.11753584003284277,0.09192439862542956,0.1822278457949571,97
tct,9,bertQPP,11,0.32,0.2521522057356357,0.01271628935471321,0.15292096219931275,0.026482928123240188,97
tct,9,bertQPP(QV),11,0.32,0.20749288176771474,0.041417388762150925,0.10652920962199315,0.12213859984356254,97
tct,9,spatial,11,0.34,0.1003813103246248,0.3279266679072043,0.08634020618556702,0.2102443337075397,97
tct,9,a_ratio,11,0.34,0.25143838743028624,0.012979619608021548,0.1666666666666667,0.01558372473088864,97
tct,9,nqc,11,0.34,0.16097945767535127,0.11520970615558686,0.09063573883161513,0.18843365829791547,97
tct,9,bertQPP,11,0.34,0.25834725544104353,0.010619667056526293,0.154639175257732,0.024833107958687445,97
tct,9,bertQPP(QV),11,0.34,0.21397051290336036,0.03533620065576348,0.11039518900343644,0.10916471457232763,97
tct,9,spatial,11,0.36,0.10657005760960118,0.29882848554093105,0.08719931271477664,0.2057421374120063,97
tct,9,a_ratio,11,0.36,0.2569771238244242,0.011055318900450667,0.17182130584192443,0.01265543298933369,97
tct,9,nqc,11,0.36,0.1620502849571845,0.1127799217289221,0.08977663230240551,0.19265661141875967,97
tct,9,bertQPP,11,0.36,0.26470577156201175,0.008788683257119505,0.15807560137457047,0.021798803662876853,97
tct,9,bertQPP(QV),11,0.36,0.22065931380000792,0.02986201335513401,0.11082474226804125,0.10779310640620364,97
tct,9,spatial,11,0.38,0.11286026333653462,0.2710464351399051,0.0889175257731959,0.1969487085850582,97
tct,9,a_ratio,11,0.38,0.26198989847267046,0.009533701911684754,0.17482817869415812,0.011182156616858724,97
tct,9,nqc,11,0.38,0.16318888197411455,0.11024016260654566,0.08977663230240551,0.19265661141875967,97
tct,9,bertQPP,11,0.38,0.271213879300795,0.007207958156849324,0.15936426116838492,0.0207470988785446,97
tct,9,bertQPP(QV),11,0.38,0.22755071550843864,0.024990177628539372,0.11512027491408937,0.09481550621817705,97
tct,9,spatial,11,0.4,0.11924521083643723,0.24468324021279583,0.09364261168384881,0.17419095096502246,97
tct,9,a_ratio,11,0.4,0.26650178502061717,0.00832458041427976,0.18041237113402064,0.008845012615594157,97
tct,9,nqc,11,0.4,0.1644018341237996,0.10758369780560302,0.09063573883161513,0.18843365829791547,97
tct,9,bertQPP,11,0.4,0.2778529006284776,0.00585955521677706,0.1589347079037801,0.021092644173514117,97
tct,9,bertQPP(QV),11,0.4,0.23463167098170254,0.020706720070622586,0.1164089347079038,0.09117630712765404,97
tct,9,spatial,11,0.42,0.1257171769989102,0.2198247993639494,0.1009450171821306,0.14296835148549844,97
tct,9,a_ratio,11,0.42,0.27054097754553547,0.0073588485209945586,0.18427835051546396,0.0074933028749945285,97
tct,9,nqc,11,0.42,0.1656965996819572,0.10480338252307152,0.0893470790378007,0.19479398827541883,97
tct,9,bertQPP,11,0.42,0.28459856509429987,0.004723511095935653,0.1628006872852234,0.018155972846842318,97
tct,9,bertQPP(QV),11,0.42,0.2418838021286368,0.016988519901029252,0.12371134020618559,0.07262323979726368,97
tct,9,spatial,11,0.44,0.1322674019292196,0.19653808606743664,0.1048109965635739,0.1282784361242476,97
tct,9,a_ratio,11,0.44,0.27413767748060835,0.006583597510040966,0.18427835051546396,0.0074933028749945285,97
tct,9,nqc,11,0.44,0.16708165760038135,0.1018916602275303,0.08977663230240551,0.19265661141875967,97
tct,9,bertQPP,11,0.44,0.2914201939938533,0.0037784658104845787,0.16408934707903783,0.01726000960595295,97
tct,9,bertQPP(QV),11,0.44,0.2492824890773537,0.01380396421264854,0.13101374570446736,0.05728140399891128,97
tct,9,spatial,11,0.46,0.13888607085814547,0.17486958316639373,0.11125429553264607,0.10643517898925002,97
tct,9,a_ratio,11,0.46,0.27732312480168964,0.005958280393650897,0.18728522336769762,0.006573343269072617,97
tct,9,nqc,11,0.46,0.16856668594118684,0.09884057808320201,0.09106529209621994,0.18634796497677564,97
tct,9,bertQPP,11,0.46,0.2982798986551588,0.003002355722975388,0.1709621993127148,0.013106785247853048,97
tct,9,bertQPP(QV),11,0.46,0.2567959370150568,0.011114083658991617,0.13788659793814437,0.04540422310195199,97
tct,9,spatial,11,0.48,0.145562310567808,0.15484435122027523,0.11726804123711342,0.08881318243030219,97
tct,9,a_ratio,11,0.48,0.28012878649018047,0.005451748244512255,0.19243986254295536,0.005229928831102741,97
tct,9,nqc,11,0.48,0.17016277848360306,0.09564182159153224,0.09106529209621994,0.18634796497677564,97
tct,9,bertQPP,11,0.48,0.3051318513416971,0.0023731228612328646,0.17182130584192443,0.01265543298933369,97
tct,9,bertQPP(QV),11,0.48,0.26438427483631927,0.008874119017395623,0.138745704467354,0.04407710548149226,97
tct,9,spatial,11,0.5,0.1522842025212291,0.13646579784012694,0.11726804123711342,0.08881318243030219,97
tct,9,a_ratio,11,0.5,0.2825857023858637,0.005039985446029673,0.19201030927835053,0.00533157487845821,97
tct,9,nqc,11,0.5,0.17188270918443294,0.09228677657011626,0.09020618556701032,0.1905365207922204,97
tct,9,bertQPP,11,0.5,0.3119217073515026,0.0018693899230817596,0.17654639175257736,0.010410504577977625,97
tct,9,bertQPP(QV),11,0.5,0.27199876218461194,0.007035415207503544,0.14518900343642613,0.03513003275683934,97
tct,9,spatial,11,0.52,0.1590388146992298,0.11971617533202077,0.12414089347079041,0.07163599473940602,97
tct,9,a_ratio,11,0.52,0.2847239793213253,0.004704391741899839,0.19458762886597944,0.004747484369155047,97
tct,9,nqc,11,0.52,0.17374125700744947,0.0887666296541293,0.09235395189003438,0.18019329783502935,97
tct,9,bertQPP,11,0.52,0.31858627746406887,0.0014710525680272889,0.17912371134020622,0.009341755733078497,97
tct,9,bertQPP(QV),11,0.52,0.27958120573163137,0.005547492859730719,0.15378006872852237,0.025646544632394585,97
tct,9,spatial,11,0.54,0.16581225384235082,0.1045577894783051,0.12585910652920965,0.0677963948466897,97
tct,9,a_ratio,11,0.54,0.28657241857755555,0.004430484813077922,0.19888316151202753,0.0039014834427261624,97
tct,9,nqc,11,0.54,0.1757556074038658,0.08507252270529733,0.09278350515463919,0.1781756748775648,97
tct,9,bertQPP,11,0.54,0.32505356774036487,0.00115974954816999,0.18384879725085912,0.0076337511300162714,97
tct,9,bertQPP(QV),11,0.54,0.287063708611067,0.004360118774049674,0.16494845360824745,0.01668446543769203,97
tct,9,spatial,11,0.56,0.17258973936010913,0.09093485717527418,0.12757731958762888,0.06412770883743656,97
tct,9,a_ratio,11,0.56,0.2881582586477157,0.004206922488623167,0.19673539518900346,0.004305679427335466,97
tct,9,nqc,11,0.56,0.17794585175937538,0.0811957822534714,0.09364261168384881,0.17419095096502246,97
tct,9,bertQPP,11,0.56,0.33124331406350777,0.0009191858065965974,0.1859965635738832,0.006954397086601862,97
tct,9,bertQPP(QV),11,0.56,0.2943688938773297,0.0034251937711042065,0.1709621993127148,0.013106785247853048,97
tct,9,spatial,11,0.58,0.17935569960459566,0.0787759093702626,0.12929553264604812,0.060624507125192455,97
tct,9,a_ratio,11,0.58,0.28950701437968906,0.004024766027028086,0.1971649484536083,0.004221925130091803,97
tct,9,nqc,11,0.58,0.18033561287962058,0.07712825290417193,0.09493127147766325,0.1683392012081001,97
tct,9,bertQPP,11,0.58,0.3370681356103121,0.0007353014758693877,0.18771477663230243,0.006450561996249079,97
tct,9,bertQPP(QV),11,0.58,0.3014107469598973,0.00269830258133899,0.17353951890034366,0.011793812186781842,97
tct,9,spatial,11,0.6,0.18609389051918887,0.06799660255857873,0.13530927835051548,0.04958921997609662,97
tct,9,a_ratio,11,0.6,0.29064239414801435,0.003876924363950606,0.19931271477663232,0.003824903963020039,97
tct,9,nqc,11,0.6,0.18295283368432602,0.07286277418257225,0.09450171821305844,0.17027316035268703,97
tct,9,bertQPP,11,0.6,0.3424354079945419,0.000596297550921798,0.19587628865979384,0.004477722918252414,97
tct,9,bertQPP(QV),11,0.6,0.3080962054799993,0.002139821659669216,0.17611683848797252,0.010598840128977079,97
tct,9,spatial,11,0.62,0.19278753588538441,0.058502780446275486,0.14089347079037803,0.040901875311072,97
tct,9,a_ratio,11,0.62,0.29158627823105354,0.0037577338922555386,0.202319587628866,0.003325969220576063,97
tct,9,nqc,11,0.62,0.1858307785448424,0.06839385431458861,0.09407216494845362,0.1722237215768213,97
tct,9,bertQPP,11,0.62,0.3472499074757097,0.0004925437370023951,0.2018900343642612,0.0033934144348203364,97
tct,9,bertQPP(QV),11,0.62,0.3143275801533141,0.0017155466763634014,0.18470790378006877,0.007355176256510775,97
tct,9,spatial,11,0.64,0.1994194875318132,0.05019361934096557,0.14046391752577322,0.04152093691345949,97
tct,9,a_ratio,11,0.64,0.29235874360389674,0.003662639698147619,0.20017182130584193,0.0036758280937195186,97
tct,9,nqc,11,0.64,0.18900931318777853,0.06371861271334588,0.09579037800687287,0.16452082122278677,97
tct,9,bertQPP,11,0.64,0.3514172001260625,0.00041640333491576204,0.20747422680412375,0.0026065887949513057,97
tct,9,bertQPP(QV),11,0.64,0.32000581363437086,0.001396867663097684,0.19544673539518906,0.0045660596694361046,97
tct,9,spatial,11,0.66,0.20597240298042507,0.042964696806034305,0.14132302405498284,0.040290653027956765,97
tct,9,a_ratio,11,0.66,0.2929781225820775,0.003587952816943824,0.1984536082474227,0.003979453005162126,97
tct,9,nqc,11,0.66,0.1925365510527896,0.05883808582600339,0.09621993127147768,0.16263626465805225,97
tct,9,bertQPP,11,0.66,0.3548476480183097,0.00036201324540873273,0.21262886597938147,0.002032205430312129,97
tct,9,bertQPP(QV),11,0.66,0.32503447726250856,0.0011605727255433985,0.20575601374570449,0.0028288190417010725,97
tct,9,spatial,11,0.68,0.21242893713502203,0.036710841789782615,0.14819587628865982,0.031516517606653575,97
tct,9,a_ratio,11,0.68,0.29346108494870904,0.0035306645667523566,0.20017182130584193,0.0036758280937195186,97
tct,9,nqc,11,0.68,0.19647098265513802,0.05375901770238856,0.09621993127147768,0.16263626465805225,97
tct,9,bertQPP,11,0.68,0.35746079031072897,0.00032505500554962997,0.21864261168384883,0.0015100189795415188,97
tct,9,bertQPP(QV),11,0.68,0.3293242801105848,0.0009883919614709887,0.21391752577319592,0.001908041073171658,97
tct,9,spatial,11,0.7,0.21877194382199747,0.03132865303051931,0.15292096219931275,0.026482928123240188,97
tct,9,a_ratio,11,0.7,0.2938227352342919,0.00348830386306713,0.20060137457044677,0.0036032888355043277,97
tct,9,nqc,11,0.7,0.2008842402914755,0.04849628338514901,0.09922680412371135,0.1498976871116754,97
tct,9,bertQPP,11,0.7,0.3591897507943468,0.0003025470529277223,0.22336769759450176,0.0011897860106094835,97
tct,9,bertQPP(QV),11,0.7,0.3327977418001454,0.0008663997669721075,0.2212199312714777,0.001326652810302692,97
tct,9,spatial,11,0.72,0.22498468232875168,0.026718607261228638,0.1585051546391753,0.021443192891173694,97
tct,9,a_ratio,11,0.72,0.294076718622513,0.003458827014429517,0.19974226804123715,0.0037496927052216027,97
tct,9,nqc,11,0.72,0.20586469086614453,0.04307610942458358,0.10266323024054985,0.13628751627610397,97
tct,9,bertQPP,11,0.72,0.35998525049453534,0.0002926813482667369,0.23024054982817874,0.0008346209629654949,97
tct,9,bertQPP(QV),11,0.72,0.335393588610486,0.0007843804527120703,0.22594501718213064,0.0010428004886634003,97
tct,9,spatial,11,0.74,0.2310510236046082,0.022786715442282834,0.16108247422680416,0.01941379508307944,97
tct,9,a_ratio,11,0.74,0.2942353304991534,0.003440532163834231,0.19630584192439868,0.0043909374810577745,97
tct,9,nqc,11,0.74,0.21152208378861254,0.03754023657842842,0.10395189003436428,0.13143701983340042,97
tct,9,bertQPP,11,0.74,0.3598187886299892,0.00029472091984764765,0.23238831615120278,0.0007456571945733053,97
tct,9,bertQPP(QV),11,0.74,0.33707040005002475,0.0007352370521898709,0.2285223367697595,0.0009127757207962206,97
tct,9,spatial,11,0.76,0.2369556505361116,0.01944572004396481,0.16323024054982818,0.017852894393926448,97
tct,9,a_ratio,11,0.76,0.2943096259457222,0.00343199251303707,0.1941580756013746,0.0048406217198878375,97
tct,9,nqc,11,0.76,0.21799347522582707,0.03195106161336965,0.10996563573883163,0.110550087489207,97
tct,9,bertQPP,11,0.76,0.3586846125968767,0.00030896984643626405,0.2336769759450172,0.0006965926026270434,97
tct,9,bertQPP(QV),11,0.76,0.3378090795274964,0.0007144947073592562,0.22723367697594504,0.000975784420613921,97
tct,9,spatial,11,0.78,0.24268424671347816,0.0166158561606632,0.1670962199312715,0.015318729327102553,97
tct,9,a_ratio,11,0.78,0.29430952652282594,0.0034320039281833486,0.19458762886597944,0.004747484369155047,97
tct,9,nqc,11,0.78,0.225450511920659,0.02639749206615741,0.11383161512027494,0.0985701799206937,97
tct,9,bertQPP,11,0.78,0.35660022616282766,0.00033682371366931525,0.23496563573883167,0.0006505425158083947,97
tct,9,bertQPP(QV),11,0.78,0.3376138493248241,0.000719924174430852,0.22379725085910657,0.0011640289366746655,97
tct,9,spatial,11,0.8,0.24822366838011828,0.014225221935426363,0.1709621993127148,0.013106785247853048,97
tct,9,a_ratio,11,0.8,0.29424392251778136,0.0034395436096107926,0.18857388316151205,0.006211170636578692,97
tct,9,nqc,11,0.8,0.23410764241631649,0.021000559092777794,0.11254295532646051,0.10244263799035044,97
tct,9,bertQPP,11,0.8,0.35360536427820183,0.00038090583668640084,0.23840206185567014,0.0005412133012575864,97
tct,9,bertQPP(QV),11,0.8,0.3365116564321695,0.0007512907441480943,0.22680412371134026,0.0009976667225656776,97
tct,9,spatial,11,0.82,0.25356209479528263,0.01220981856112351,0.17611683848797252,0.010598840128977079,97
tct,9,a_ratio,11,0.82,0.294120769477085,0.003453737315540706,0.18771477663230243,0.006450561996249079,97
tct,9,nqc,11,0.82,0.2442292920870297,0.015916470142537748,0.12199312714776635,0.07668417076895777,97
tct,9,bertQPP,11,0.82,0.3497595576466338,0.00044529112575885684,0.23840206185567014,0.0005412133012575864,97
tct,9,bertQPP(QV),11,0.82,0.3345500842220862,0.0008102194163279063,0.2328178694158076,0.0007289565212236814,97
tct,9,spatial,11,0.84,0.25868915301351336,0.010513327228858909,0.17310996563573885,0.01200419316896961,97
tct,9,a_ratio,11,0.84,0.29394717833745393,0.0034738332316002836,0.18814432989690724,0.00632984784895861,97
tct,9,nqc,11,0.84,0.2561298323770623,0.01133247655057164,0.13101374570446736,0.05728140399891128,97
tct,9,bertQPP,11,0.84,0.34513858045993207,0.0005358137878831377,0.23109965635738836,0.0007979153488644113,97
tct,9,bertQPP(QV),11,0.84,0.33179405126475536,0.0009001571410672732,0.23152920962199317,0.0007801296905645403,97
tct,9,spatial,11,0.86,0.2635960140482953,0.009086690856487325,0.17396907216494847,0.011586707769612953,97
tct,9,a_ratio,11,0.86,0.2937294988374074,0.0034991810292554835,0.18814432989690724,0.00632984784895861,97
tct,9,nqc,11,0.86,0.27014902852327205,0.007448017786374534,0.1327319587628866,0.054093065441640706,97
tct,9,bertQPP,11,0.86,0.3398301876624553,0.0006604458609570104,0.23195876288659797,0.0007627126312502382,97
tct,9,bertQPP(QV),11,0.86,0.32832170584634335,0.001026405656615615,0.23453608247422683,0.0006655682797928671,97
tct,9,spatial,11,0.88,0.2682754584815455,0.007887563781306573,0.17697594501718217,0.010225152665271457,97
tct,9,a_ratio,11,0.88,0.29347339615966095,0.0035292149955184864,0.18771477663230243,0.006450561996249079,97
tct,9,nqc,11,0.88,0.2865569995820796,0.004432709528418062,0.13831615120274915,0.044736513464296176,97
tct,9,bertQPP,11,0.88,0.3339295871799445,0.0008297205918397302,0.2298109965635739,0.0008535554716530555,97
tct,9,bertQPP(QV),11,0.88,0.3242199736456427,0.0011961928294953468,0.2298109965635739,0.0008535554716530555,97
tct,9,spatial,11,0.9,0.27272191073711183,0.006879684543049453,0.17955326460481102,0.009173476196585428,97
tct,9,a_ratio,11,0.9,0.2931839209443059,0.0035634403725425877,0.18771477663230243,0.006450561996249079,97
tct,9,nqc,11,0.9,0.30527357759396223,0.002361467186920893,0.154639175257732,0.024833107958687445,97
tct,9,bertQPP,11,0.9,0.3275350602639243,0.00105715914751473,0.2255154639175258,0.0010660691222714972,97
tct,9,bertQPP(QV),11,0.9,0.31958018835910357,0.0014187463496759343,0.22508591065292102,0.0010898172708815595,97
tct,9,spatial,11,0.92,0.2769314423846708,0.0060322170278095995,0.17912371134020622,0.009341755733078497,97
tct,9,a_ratio,11,0.92,0.29286557294158594,0.003601422240089128,0.18814432989690724,0.00632984784895861,97
tct,9,nqc,11,0.92,0.32514851934052624,0.0011556631380094974,0.17353951890034366,0.011793812186781842,97
tct,9,bertQPP,11,0.92,0.3207440574691788,0.001359644087837161,0.21821305841924402,0.0015427588468996702,97
tct,9,bertQPP(QV),11,0.92,0.3144941497604161,0.0017053319711818238,0.21907216494845363,0.0014779202366871586,97
tct,9,spatial,11,0.94,0.28090174591363226,0.005319094937358179,0.18470790378006877,0.007355176256510775,97
tct,9,a_ratio,11,0.94,0.2925223586556185,0.0036427764219571254,0.1868556701030928,0.006698222213035896,97
tct,9,nqc,11,0.94,0.3424372536287981,0.0005962542028549343,0.1859965635738832,0.006954397086601862,97
tct,9,bertQPP,11,0.94,0.31364998454368087,0.0017576727467171341,0.20704467353951894,0.0026605976928076114,97
tct,9,bertQPP(QV),11,0.94,0.3090508381910547,0.002069220450172164,0.21048109965635742,0.002255725464528707,97
tct,9,spatial,11,0.96,0.2846320813575024,0.004718394788521854,0.18771477663230243,0.006450561996249079,97
tct,9,a_ratio,11,0.96,0.2921578433782782,0.0036871620108224873,0.18857388316151205,0.006211170636578692,97
tct,9,nqc,11,0.96,0.3488592113756974,0.00046174202275509226,0.2053264604810997,0.002887015591872923,97
tct,9,bertQPP,11,0.96,0.3063397769391822,0.002275422638251887,0.20360824742268044,0.003130893451622874,97
tct,9,bertQPP(QV),11,0.96,0.30333389573577846,0.002525553877547618,0.20317869415807563,0.0031947282487263706,97
tct,9,spatial,11,0.98,0.28812319891400623,0.004211754071337372,0.19243986254295536,0.005229928831102741,97
tct,9,a_ratio,11,0.98,0.291775198034877,0.00373427519308935,0.186426116838488,0.006825229731210832,97
tct,9,nqc,11,0.98,0.33314714979776133,0.000854921818897541,0.21993127147766325,0.0014156009702633058,97
tct,9,bertQPP,11,0.98,0.29889226268687213,0.0029405722383012175,0.19630584192439868,0.0043909374810577745,97
tct,9,bertQPP(QV),11,0.98,0.29741988240601613,0.0030910932900140064,0.1941580756013746,0.0048406217198878375,97
tct,9,spatial,11,1.0,0.291377241267451,0.003783844122669676,0.1911512027491409,0.005540236417616152,97
tct,9,a_ratio,11,1.0,0.291377241267451,0.003783844122669676,0.1911512027491409,0.005540236417616152,97
tct,9,nqc,11,1.0,0.291377241267451,0.003783844122669676,0.1911512027491409,0.005540236417616152,97
tct,9,bertQPP,11,1.0,0.291377241267451,0.003783844122669676,0.1911512027491409,0.005540236417616152,97
tct,9,bertQPP(QV),11,1.0,0.291377241267451,0.003783844122669676,0.1911512027491409,0.005540236417616152,97
tct,9,spatial,12,0.0,0.01338209682788323,0.8964907995035795,0.03393470790378007,0.6224147431170471,97
tct,9,a_ratio,12,0.0,0.08699727737016583,0.39681436807593695,0.0584192439862543,0.3965888091618368,97
tct,9,nqc,12,0.0,0.14926312794961863,0.14450956733786507,0.08719931271477664,0.2057421374120063,97
tct,9,bertQPP,12,0.0,0.17672691352325548,0.08333551015854819,0.10137457044673541,0.14127503537333896,97
tct,9,bertQPP(QV),12,0.0,0.1310712474602009,0.20065209966598066,0.05541237113402062,0.42134149715143543,97
tct,9,spatial,12,0.02,0.01728769759539392,0.8665287027327319,0.03737113402061856,0.5876136836654002,97
tct,9,a_ratio,12,0.02,0.09767583248630357,0.341197001591604,0.06529209621993129,0.34340339579060297,97
tct,9,nqc,12,0.02,0.14970907076120687,0.14330022977553808,0.08719931271477664,0.2057421374120063,97
tct,9,bertQPP,12,0.02,0.18009488547118557,0.07753043609520908,0.1009450171821306,0.14296835148549844,97
tct,9,bertQPP(QV),12,0.02,0.1343870525853766,0.18939780371225112,0.05970790378006874,0.38625489539833124,97
tct,9,spatial,12,0.04,0.021299496115450726,0.8359475950585773,0.039948453608247426,0.5621188569054614,97
tct,9,a_ratio,12,0.04,0.10847204203436325,0.2902375589239522,0.07989690721649485,0.24629548858904848,97
tct,9,nqc,12,0.04,0.15017349823944787,0.14204890288874858,0.0889175257731959,0.1969487085850582,97
tct,9,bertQPP,12,0.04,0.1835890340303599,0.07185515340256354,0.10352233676975947,0.1330387570764664,97
tct,9,bertQPP(QV),12,0.04,0.13783366161975133,0.1781923561376147,0.06314432989690723,0.3595119194286538,97
tct,9,spatial,12,0.06,0.02541973470867727,0.8047923244618932,0.04166666666666668,0.5454246199804633,97
tct,9,a_ratio,12,0.06,0.11932946209146626,0.2443476482595447,0.09235395189003438,0.18019329783502935,97
tct,9,nqc,12,0.06,0.1506575802999021,0.1407534283675221,0.08977663230240551,0.19265661141875967,97
tct,9,bertQPP,12,0.06,0.1872148417572562,0.06632504261181765,0.10738831615120277,0.11915605807960761,97
tct,9,bertQPP(QV),12,0.06,0.14141736878850092,0.16706428769778572,0.0627147766323024,0.3627897011875757,97
tct,9,spatial,12,0.08,0.0296505366823661,0.7731158714874222,0.04295532646048111,0.5330675016802799,97
tct,9,a_ratio,12,0.08,0.13018654958160605,0.20373443836554186,0.09450171821305844,0.17027316035268703,97
tct,9,nqc,12,0.08,0.15116258736714872,0.13941150381458792,0.0893470790378007,0.19479398827541883,97
tct,9,bertQPP,12,0.08,0.1909778996463218,0.0609556961293674,0.10996563573883163,0.110550087489207,97
tct,9,bertQPP(QV),12,0.08,0.14514468845666345,0.15604441640628516,0.06615120274914091,0.33709113316806516,97
tct,9,spatial,12,0.1,0.03399387844862361,0.7409797407207275,0.04596219931271478,0.5047955105031363,97
tct,9,a_ratio,12,0.1,0.14097797940840667,0.16840034172137608,0.10051546391752579,0.14467719951816677,97
tct,9,nqc,12,0.1,0.15168990136400612,0.1380206713196205,0.0889175257731959,0.1969487085850582,97
tct,9,bertQPP,12,0.1,0.19488386726339418,0.055762744272699644,0.11297250859106532,0.10113858933462912,97
tct,9,bertQPP(QV),12,0.1,0.14902233009033128,0.14516577111104376,0.07173539518900345,0.2978933833803449,97
tct,9,spatial,12,0.12,0.038451558598162655,0.7084542491895618,0.050257731958762895,0.4658203551040343,97
tct,9,a_ratio,12,0.12,0.15163627830730447,0.13816162382492994,0.1086769759450172,0.11478963120763813,97
tct,9,nqc,12,0.12,0.15224102816873739,0.13657830505685983,0.08805841924398626,0.2013104039967497,97
tct,9,bertQPP,12,0.12,0.19893842040057735,0.05076164956337381,0.11469072164948456,0.0960541193445157,97
tct,9,bertQPP(QV),12,0.12,0.15305716254416968,0.13446344740485153,0.07087628865979383,0.3037170573623521,97
tct,9,spatial,12,0.14,0.04302516379284316,0.675618682804694,0.050257731958762895,0.4658203551040343,97
tct,9,a_ratio,12,0.14,0.1620936997738372,0.11268225538257752,0.11254295532646051,0.10244263799035044,97
tct,9,nqc,12,0.14,0.15281761177315845,0.13508159783336232,0.09020618556701032,0.1905365207922204,97
tct,9,bertQPP,12,0.14,0.20314718345228971,0.04596746873374335,0.1164089347079038,0.09117630712765404,97
tct,9,bertQPP(QV),12,0.14,0.15725616501715037,0.12397438277684825,0.07216494845360825,0.295009708543132,97
tct,9,spatial,12,0.16,0.04771603137461634,0.6425612902436943,0.05197594501718214,0.450711341430895,97
tct,9,a_ratio,12,0.16,0.17228423258663356,0.09151708404960188,0.11726804123711342,0.08881318243030219,97
tct,9,nqc,12,0.16,0.15342145041757108,0.13352754651587323,0.09063573883161513,0.18843365829791547,97
tct,9,bertQPP,12,0.16,0.20751564318279145,0.04139458329276515,0.11898625429553265,0.08423505409007553,97
tct,9,bertQPP(QV),12,0.16,0.16162636146664794,0.11373703769657002,0.07474226804123713,0.2781012070168114,97
tct,9,spatial,12,0.18,0.05252520863483136,0.609379083063376,0.05884879725085912,0.3931257746774063,97
tct,9,a_ratio,12,0.18,0.18214561307074756,0.07415760384232876,0.11769759450171824,0.08765026442852013,97
tct,9,nqc,12,0.18,0.15405451503051887,0.13191293626795314,0.09063573883161513,0.18843365829791547,97
tct,9,bertQPP,12,0.18,0.2120490399562041,0.03705640131928986,0.12371134020618559,0.07262323979726368,97
tct,9,bertQPP(QV),12,0.18,0.16617473463182383,0.103790969953844,0.07903780068728523,0.25141149497554627,97
tct,9,spatial,12,0.2,0.0574534087479548,0.5761774116791457,0.06013745704467355,0.3828471200330016,97
tct,9,a_ratio,12,0.2,0.19162120293701435,0.06007428333542575,0.12714776632302408,0.06502915478137135,97
tct,9,nqc,12,0.2,0.15471897036470392,0.13023432353684977,0.09020618556701032,0.1905365207922204,97
tct,9,bertQPP,12,0.2,0.21675223183606102,0.03296503543064693,0.1254295532646048,0.06874005870255491,97
tct,9,bertQPP(QV),12,0.2,0.17090811508898218,0.0941762913944806,0.07903780068728523,0.25141149497554627,97
tct,9,spatial,12,0.22,0.06250096344930649,0.5430692895640783,0.0627147766323024,0.3627897011875757,97
tct,9,a_ratio,12,0.22,0.20066160268086955,0.048751173379030434,0.13230240549828182,0.05487593045339063,97
tct,9,nqc,12,0.22,0.155417199297749,0.12848801774343607,0.09020618556701032,0.1905365207922204,97
tct,9,bertQPP,12,0.22,0.22162952624740634,0.02913096459147744,0.12500000000000003,0.06969448971824621,97
tct,9,bertQPP(QV),12,0.22,0.17583303995030103,0.08493299957014173,0.08376288659793817,0.22417771625382632,97
tct,9,spatial,12,0.24,0.0676677726292213,0.510174442965308,0.0627147766323024,0.3627897011875757,97
tct,9,a_ratio,12,0.24,0.20922589456174387,0.03971070923676848,0.14003436426116841,0.04214791401843269,97
tct,9,nqc,12,0.24,0.1561518308613412,0.12667006165081585,0.09063573883161513,0.18843365829791547,97
tct,9,bertQPP,12,0.24,0.22668447315944618,0.025562690503308734,0.1314432989690722,0.05647001729864357,97
tct,9,bertQPP(QV),12,0.24,0.18095557494126352,0.07610018214508527,0.08805841924398626,0.2013104039967497,97
tct,9,spatial,12,0.26,0.07295325112737845,0.4776180709126705,0.06529209621993129,0.34340339579060297,97
tct,9,a_ratio,12,0.26,0.21728244556075338,0.03252863411741789,0.14304123711340208,0.037922646089534044,97
tct,9,nqc,12,0.26,0.15692577267913646,0.12477621042126309,0.09149484536082475,0.1842793810224047,97
tct,9,bertQPP,12,0.26,0.2319196130410094,0.022266402587688673,0.13402061855670105,0.051800200122302374,97
tct,9,bertQPP(QV),12,0.26,0.18628109268836118,0.0677150995068754,0.09235395189003438,0.18019329783502935,97
tct,9,spatial,12,0.28,0.07835627314199894,0.44552931048222905,0.07001718213058421,0.30961588134500106,97
tct,9,a_ratio,12,0.28,0.22480924366346483,0.026840401813179458,0.14991408934707906,0.029598455953974822,97
tct,9,nqc,12,0.28,0.1577422486383906,0.12280190942164387,0.09192439862542956,0.1822278457949571,97
tct,9,bertQPP,12,0.28,0.23733617224520354,0.019245668780875032,0.138745704467354,0.04407710548149226,97
tct,9,bertQPP(QV),12,0.28,0.19181399918242636,0.05981216111006412,0.09493127147766325,0.1683392012081001,97
tct,9,spatial,12,0.3,0.08387511481923599,0.41403941516832393,0.07216494845360825,0.295009708543132,97
tct,9,a_ratio,12,0.3,0.23179378368422499,0.022341142817094334,0.15635738831615123,0.02327305567367708,97
tct,9,nqc,12,0.3,0.15860484280006903,0.12074227091074106,0.09149484536082475,0.1842793810224047,97
tct,9,bertQPP,12,0.3,0.24293369811601734,0.016501172117609278,0.14647766323024058,0.03354022455213661,97
tct,9,bertQPP(QV),12,0.3,0.19755739965961638,0.05242182358370884,0.09750859106529211,0.15708030004273185,97
tct,9,spatial,12,0.32,0.08950739575782705,0.383279669551873,0.07560137457044674,0.27261459721837655,97
tct,9,a_ratio,12,0.32,0.23823255557706136,0.018781397848011847,0.16537800687285226,0.016403064445582434,97
tct,9,nqc,12,0.32,0.15951755077684546,0.11859204984667694,0.09278350515463919,0.1781756748775648,97
tct,9,bertQPP,12,0.32,0.2487096261564434,0.014030514905395254,0.15077319587628868,0.0286776674564184,97
tct,9,bertQPP(QV),12,0.32,0.2035126947224759,0.045569453097018056,0.10223367697594504,0.13793469449367568,97
tct,9,spatial,12,0.34,0.09525002035075461,0.35337908066459056,0.08118556701030928,0.23875904036666062,97
tct,9,a_ratio,12,0.34,0.24413021447795055,0.015960542003458186,0.17139175257731962,0.012879359856548544,97
tct,9,nqc,12,0.34,0.1604848400905819,0.1163456192010349,0.09278350515463919,0.1781756748775648,97
tct,9,bertQPP,12,0.34,0.254658772304567,0.011828112606526211,0.15635738831615123,0.02327305567367708,97
tct,9,bertQPP(QV),12,0.34,0.20967909764219322,0.0392742098903821,0.10695876288659796,0.12064011527036375,97
tct,9,spatial,12,0.36,0.10109912008594646,0.32446190462714175,0.08634020618556702,0.2102443337075397,97
tct,9,a_ratio,12,0.36,0.2494985256785856,0.013719357155096,0.1752577319587629,0.010984624932232429,97
tct,9,nqc,12,0.36,0.16151172137722308,0.11399694537490256,0.09106529209621994,0.18634796497677564,97
tct,9,bertQPP,12,0.36,0.2607727450673568,0.009885197762537695,0.1550687285223368,0.024434836082135623,97
tct,9,bertQPP(QV),12,0.36,0.21605306476815433,0.03354802755030402,0.10996563573883163,0.110550087489207,97
tct,9,spatial,12,0.38,0.10704999813619323,0.2966450850307141,0.09192439862542956,0.1822278457949571,97
tct,9,a_ratio,12,0.38,0.25435517974602245,0.011932723258075817,0.17611683848797252,0.010598840128977079,97
tct,9,nqc,12,0.38,0.1626038327595153,0.11153956460407523,0.09020618556701032,0.1905365207922204,97
tct,9,bertQPP,12,0.38,0.2670392753956381,0.0081899499131221,0.15764604810996566,0.022159535570441733,97
tct,9,bertQPP(QV),12,0.38,0.22262763326143703,0.028394771128076892,0.11211340206185569,0.10376002930884054,97
tct,9,spatial,12,0.4,0.11309707777720288,0.2700356955793255,0.09063573883161513,0.18843365829791547,97
tct,9,a_ratio,12,0.4,0.2587225652398131,0.010502985250592782,0.18427835051546396,0.0074933028749945285,97
tct,9,nqc,12,0.4,0.16376754028582502,0.10896656164796004,0.09063573883161513,0.18843365829791547,97
tct,9,bertQPP,12,0.4,0.2734414672791964,0.006727760211006663,0.16065292096219932,0.019739903980340746,97
tct,9,bertQPP(QV),12,0.4,0.2293916645249451,0.0238096635731332,0.11340206185567013,0.09984779835922447,97
tct,9,spatial,12,0.42,0.11923385637185673,0.24472849196537091,0.09664948453608249,0.16076803875264556,97
tct,9,a_ratio,12,0.42,0.26262657205877715,0.009354246590211364,0.19072164948453613,0.005647306460207743,97
tct,9,nqc,12,0.42,0.16501005807570945,0.10627055262383209,0.09106529209621994,0.18634796497677564,97
tct,9,bertQPP,12,0.42,0.27995697970324207,0.0054816294482047485,0.1589347079037801,0.021092644173514117,97
tct,9,bertQPP(QV),12,0.42,0.23632899839490779,0.019779065948420844,0.1202749140893471,0.08092834885233069,97
tct,9,spatial,12,0.44,0.12545286683623785,0.22080368502948808,0.10223367697594504,0.13793469449367568,97
tct,9,a_ratio,12,0.44,0.2660954806603288,0.008427640725518533,0.19544673539518906,0.0045660596694361046,97
tct,9,nqc,12,0.44,0.1663395927724466,0.10344367463684519,0.09149484536082475,0.1842793810224047,97
tct,9,bertQPP,12,0.44,0.28655716145290366,0.00443268616786419,0.16022336769759454,0.02007078628569656,97
tct,9,bertQPP(QV),12,0.44,0.24341753312071493,0.016280680727381293,0.12585910652920965,0.0677963948466897,97
tct,9,spatial,12,0.46,0.131745648644293,0.19832504736223291,0.10395189003436428,0.13143701983340042,97
tct,9,a_ratio,12,0.46,0.2691589740943184,0.007677517341712739,0.19501718213058422,0.004655971971265852,97
tct,9,nqc,12,0.46,0.16776551815079818,0.10047758595275416,0.09149484536082475,0.1842793810224047,97
tct,9,bertQPP,12,0.46,0.2932061747855613,0.0035607987414567437,0.16237113402061856,0.018463547347092265,97
tct,9,bertQPP(QV),12,0.46,0.2506282600835995,0.013284217706481824,0.13530927835051548,0.04958921997609662,97
tct,9,spatial,12,0.48,0.1381027305168055,0.1773384574782367,0.11125429553264607,0.10643517898925002,97
tct,9,a_ratio,12,0.48,0.27184729308091116,0.0070684260157529285,0.19759450171821308,0.0041396512632380965,97
tct,9,nqc,12,0.48,0.16929858736195613,0.09736348198488838,0.09106529209621994,0.18634796497677564,97
tct,9,bertQPP,12,0.48,0.2998601623982401,0.002845243598564816,0.16323024054982818,0.017852894393926448,97
tct,9,bertQPP(QV),12,0.48,0.2579243005426985,0.010752519645894491,0.1396048109965636,0.042782883164389815,97
tct,9,spatial,12,0.5,0.14451362695944212,0.15787096905625317,0.11941580756013748,0.08312087785946547,97
tct,9,a_ratio,12,0.5,0.274190540498446,0.006572763779958971,0.19931271477663232,0.003824903963020039,97
tct,9,nqc,12,0.5,0.17095119244991885,0.09409213448681818,0.09106529209621994,0.18634796497677564,97
tct,9,bertQPP,12,0.5,0.3064665339618896,0.002265383357404111,0.16924398625429557,0.01405239227763608,97
tct,9,bertQPP(QV),12,0.5,0.2652600143570844,0.008643093791584254,0.14862542955326463,0.03102727109196935,97
tct,9,spatial,12,0.52,0.15096685074666533,0.13993046789701444,0.1202749140893471,0.08092834885233069,97
tct,9,a_ratio,12,0.52,0.2762181311467051,0.006168958309771007,0.19931271477663232,0.003824903963020039,97
tct,9,nqc,12,0.52,0.17273768362736075,0.09065396429014423,0.09149484536082475,0.1842793810224047,97
tct,9,bertQPP,12,0.52,0.31296347231588895,0.001801305419405837,0.17225085910652924,0.012434959394241826,97
tct,9,bertQPP(QV),12,0.52,0.2725802765487316,0.006909943369867515,0.16108247422680416,0.01941379508307944,97
tct,9,spatial,12,0.54,0.15744994327724143,0.12350594760038894,0.12671821305841927,0.06594102788919391,97
tct,9,a_ratio,12,0.54,0.2779583754668782,0.005840073804737199,0.19931271477663232,0.003824903963020039,97
tct,9,nqc,12,0.54,0.17467476460696324,0.08703916202469109,0.09278350515463919,0.1781756748775648,97
tct,9,bertQPP,12,0.54,0.31927978228904996,0.0014343749554404797,0.17998281786941583,0.009007907605249525,97
tct,9,bertQPP(QV),12,0.54,0.27982004419424616,0.005505549810268518,0.1701030927835052,0.013572314777054699,97
tct,9,spatial,12,0.56,0.16394952444032268,0.10856839885366847,0.13101374570446736,0.05728140399891128,97
tct,9,a_ratio,12,0.56,0.2794381816306123,0.005572745313301312,0.20060137457044677,0.0036032888355043277,97
tct,9,nqc,12,0.56,0.17678198539556167,0.08323787694726383,0.09407216494845362,0.1722237215768213,97
tct,9,bertQPP,12,0.56,0.3253352222887422,0.0011476662119887068,0.18556701030927839,0.00708575590459897,97
tct,9,bertQPP(QV),12,0.56,0.2869043589494032,0.004382831943266947,0.17439862542955328,0.011382836808156348,97
tct,9,spatial,12,0.58,0.17045136322066956,0.09507226977027332,0.13101374570446736,0.05728140399891128,97
tct,9,a_ratio,12,0.58,0.28068285848289787,0.005356365554824537,0.20103092783505158,0.0035320539175627825,97
tct,9,nqc,12,0.58,0.17908236085627896,0.07924050188075217,0.09450171821305844,0.17027316035268703,97
tct,9,bertQPP,12,0.58,0.3310414636532334,0.0009262513425435699,0.186426116838488,0.006825229731210832,97
tct,9,bertQPP(QV),12,0.58,0.2937489428210387,0.003496910147513906,0.18127147766323026,0.008527096049992753,97
tct,9,spatial,12,0.6,0.17694046973675465,0.08295741945932941,0.1314432989690722,0.05647001729864357,97
tct,9,a_ratio,12,0.6,0.2817160016261041,0.005182464487170553,0.20103092783505158,0.0035320539175627825,97
tct,9,nqc,12,0.6,0.1816031526922686,0.07503809311082434,0.09493127147766325,0.1683392012081001,97
tct,9,bertQPP,12,0.6,0.3363038073571316,0.0007573438988272441,0.19243986254295536,0.005229928831102741,97
tct,9,bertQPP(QV),12,0.6,0.3002615380917847,0.002806533268786614,0.18084192439862545,0.008684754281086702,97
tct,9,spatial,12,0.62,0.18340120875417415,0.07215145744645694,0.13745704467353953,0.04608031263937092,97
tct,9,a_ratio,12,0.62,0.28255944590360554,0.005044235378341649,0.2018900343642612,0.0033934144348203364,97
tct,9,nqc,12,0.62,0.184376865206339,0.0706229788856769,0.09664948453608249,0.16076803875264556,97
tct,9,bertQPP,12,0.62,0.3410237442372303,0.0006303114386035424,0.19974226804123715,0.0037496927052216027,97
tct,9,bertQPP(QV),12,0.62,0.3063441075926594,0.002275078985611592,0.1859965635738832,0.006954397086601862,97
tct,9,spatial,12,0.64,0.18981743396671397,0.06257234068440734,0.1434707903780069,0.037349490378258986,97
tct,9,a_ratio,12,0.64,0.2832332692134921,0.004936171996507834,0.2053264604810997,0.002887015591872923,97
tct,9,nqc,12,0.64,0.18744252243478432,0.06598963004121455,0.09750859106529211,0.15708030004273185,97
tct,9,bertQPP,12,0.64,0.3451023684457196,0.0005365854237847055,0.202319587628866,0.003325969220576063,97
tct,9,bertQPP(QV),12,0.64,0.3118959419244244,0.001871102912547634,0.19759450171821308,0.0041396512632380965,97
tct,9,spatial,12,0.66,0.19617264151713434,0.054131089700462716,0.14561855670103094,0.03459309466060896,97
tct,9,a_ratio,12,0.66,0.2837558345963709,0.00485379004033345,0.20360824742268044,0.003130893451622874,97
tct,9,nqc,12,0.66,0.19084731752835865,0.061135892265078214,0.09836769759450173,0.15345704089516993,97
tct,9,bertQPP,12,0.66,0.3484445453975539,0.0004695047971969619,0.21219931271477666,0.0020752134680172376,97
tct,9,bertQPP(QV),12,0.66,0.31681761457666646,0.0015684739769952155,0.20274914089347082,0.003259747042536618,97
tct,9,spatial,12,0.68,0.20245014037759645,0.046734486665678386,0.15335051546391754,0.026061836085581373,97
tct,9,a_ratio,12,0.68,0.2841438596397633,0.004793412486376747,0.20017182130584193,0.0036758280937195186,97
tct,9,nqc,12,0.68,0.19464875618678623,0.056064711913398076,0.09879725085910654,0.15166941209887877,97
tct,9,bertQPP,12,0.68,0.35096360536381666,0.000424131994861271,0.21434707903780073,0.0018682268943729797,97
tct,9,bertQPP(QV),12,0.68,0.3210155924620125,0.0013461808878627126,0.20833333333333337,0.0025015666651811157,97
tct,9,spatial,12,0.7,0.20863323637267994,0.04028763020596061,0.15678694158075604,0.022896601370035064,97
tct,9,a_ratio,12,0.7,0.28441250425638415,0.00475200352292559,0.19759450171821308,0.0041396512632380965,97
tct,9,nqc,12,0.7,0.19891745569292957,0.05078652408807993,0.09922680412371135,0.1498976871116754,97
tct,9,bertQPP,12,0.7,0.35258620302180355,0.0003970777756712021,0.21907216494845363,0.0014779202366871586,97
tct,9,bertQPP(QV),12,0.7,0.32440716808688197,0.0011879195480971356,0.21048109965635742,0.002255725464528707,97
tct,9,spatial,12,0.72,0.2147054258586536,0.034696242725396134,0.16108247422680416,0.01941379508307944,97
tct,9,a_ratio,12,0.72,0.2845754697250917,0.004727039513615266,0.19931271477663232,0.003824903963020039,97
tct,9,nqc,12,0.72,0.20374080843051995,0.045322505015472504,0.1009450171821306,0.14296835148549844,97
tct,9,bertQPP,12,0.72,0.3532568811575745,0.00038636609210727967,0.2255154639175258,0.0010660691222714972,97
tct,9,bertQPP(QV),12,0.72,0.32692526055631443,0.0010815735619829857,0.22079037800687287,0.0013557124652369783,97
tct,9,spatial,12,0.74,0.22065059442520346,0.029868653075174365,0.16108247422680416,0.01941379508307944,97
tct,9,a_ratio,12,0.74,0.2846451034826145,0.004716408273705876,0.1984536082474227,0.003979453005162126,97
tct,9,nqc,12,0.74,0.2092277649939072,0.03970889945154419,0.10695876288659796,0.12064011527036375,97
tct,9,bertQPP,12,0.74,0.3529418346830694,0.00039136429606480717,0.2336769759450172,0.0006965926026270434,97
tct,9,bertQPP(QV),12,0.74,0.32852256988863227,0.0010186846824243047,0.22723367697594504,0.000975784420613921,97
tct,9,spatial,12,0.76,0.226453215511397,0.0257174073099088,0.16022336769759454,0.02007078628569656,97
tct,9,a_ratio,12,0.76,0.2846325055073298,0.004718330073062781,0.1971649484536083,0.004221925130091803,97
tct,9,nqc,12,0.76,0.2155150072568317,0.03400256830385572,0.10824742268041239,0.11623089832126132,97
tct,9,bertQPP,12,0.76,0.35163141239959256,0.00041279861870883327,0.2392611683848798,0.0005166931871154039,97
tct,9,bertQPP(QV),12,0.76,0.329174590105477,0.0009939849309532883,0.22809278350515466,0.000933347093157991,97
tct,9,spatial,12,0.78,0.23209854356912313,0.02216048979385436,0.16022336769759454,0.02007078628569656,97
tct,9,a_ratio,12,0.78,0.28454763325156235,0.004731295378102496,0.20017182130584193,0.0036758280937195186,97
tct,9,nqc,12,0.78,0.22277467926980915,0.02828765609868343,0.11597938144329899,0.09237668593402237,97
tct,9,bertQPP,12,0.78,0.34934102351836627,0.00045287033441056496,0.24097938144329903,0.0004707284379041492,97
tct,9,bertQPP(QV),12,0.78,0.32888110076465393,0.001005034537804374,0.23238831615120278,0.0007456571945733053,97
tct,9,spatial,12,0.8,0.23757279639481907,0.01912216329200584,0.16451890034364264,0.016970096384742294,97
tct,9,a_ratio,12,0.8,0.2843994029770952,0.00475401554408687,0.19673539518900346,0.004305679427335466,97
tct,9,nqc,12,0.8,0.23122338561649786,0.022682646216672108,0.11597938144329899,0.09237668593402237,97
tct,9,bertQPP,12,0.8,0.34611031519494223,0.0005154834003144919,0.2452749140893471,0.0003719636432157586,97
tct,9,bertQPP(QV),12,0.8,0.32766594868619664,0.0010519846499515606,0.2366838487972509,0.0005935388745829456,97
tct,9,spatial,12,0.82,0.24286332149730644,0.016533457926402418,0.17139175257731962,0.012879359856548544,97
tct,9,a_ratio,12,0.82,0.284195786056917,0.004785383570145941,0.19630584192439868,0.0043909374810577745,97
tct,9,nqc,12,0.82,0.2411307134675672,0.017345703906707588,0.12800687285223372,0.06323660544752113,97
tct,9,bertQPP,12,0.82,0.3420007167815585,0.0006065878360199093,0.23754295532646055,0.0005668140402706258,97
tct,9,bertQPP(QV),12,0.82,0.3255751631469259,0.0011374628922209446,0.2405498281786942,0.0004818477915141724,97
tct,9,spatial,12,0.84,0.24795874187057906,0.014332353937065065,0.17955326460481102,0.009173476196585428,97
tct,9,a_ratio,12,0.84,0.28394389935350095,0.004824442707913401,0.19201030927835053,0.00533157487845821,97
tct,9,nqc,12,0.84,0.25282137796790216,0.012473667295358076,0.13101374570446736,0.05728140399891128,97
tct,9,bertQPP,12,0.84,0.3370916569969117,0.0007346325400563291,0.23883161512027495,0.0005288208236189078,97
tct,9,bertQPP(QV),12,0.84,0.3226736681866877,0.0012665631891169442,0.23711340206185572,0.000580033168540485,97
tct,9,spatial,12,0.86,0.2528490772705442,0.012463711892465602,0.18127147766323026,0.008527096049992753,97
tct,9,a_ratio,12,0.86,0.28365008919791507,0.004870361227046838,0.19201030927835053,0.00533157487845821,97
tct,9,nqc,12,0.86,0.2666537000366831,0.008286332650295677,0.1365979381443299,0.04745794602168577,97
tct,9,bertQPP,12,0.86,0.33147590820627404,0.000911105086018624,0.2366838487972509,0.0005935388745829456,97
tct,9,bertQPP(QV),12,0.86,0.3190410181748301,0.0014469078470367666,0.2379725085910653,0.0005538759115824682,97
tct,9,spatial,12,0.88,0.257525838011678,0.0108790069113046,0.1778350515463918,0.009863239446727635,97
tct,9,a_ratio,12,0.88,0.2833200088001371,0.00492241202909813,0.19072164948453613,0.005647306460207743,97
tct,9,nqc,12,0.88,0.2829268496877322,0.004985055459089342,0.14518900343642613,0.03513003275683934,97
tct,9,bertQPP,12,0.88,0.3252545725628425,0.0011511144340193638,0.2328178694158076,0.0007289565212236814,97
tct,9,bertQPP(QV),12,0.88,0.31476665889024125,0.001688739278510514,0.23754295532646055,0.0005668140402706258,97
tct,9,spatial,12,0.9,0.2619820893469418,0.009535921647964869,0.17697594501718217,0.010225152665271457,97
tct,9,a_ratio,12,0.9,0.2829586891411513,0.004979956096353977,0.18943298969072167,0.005979808014005902,97
tct,9,nqc,12,0.9,0.30159334203105326,0.002681455942183216,0.1585051546391753,0.021443192891173694,97
tct,9,bertQPP,12,0.9,0.31853219707257524,0.0014739481739924508,0.22594501718213064,0.0010428004886634003,97
tct,9,bertQPP(QV),12,0.9,0.30994520233946277,0.002004991510457834,0.23754295532646055,0.0005668140402706258,97
tct,9,spatial,12,0.92,0.2662124856069472,0.00839784756440044,0.1829896907216495,0.007921746820669876,97
tct,9,a_ratio,12,0.92,0.28257060355051317,0.005042428987530398,0.18943298969072167,0.005979808014005902,97
tct,9,nqc,12,0.92,0.3214929719787952,0.001322804625378674,0.17912371134020622,0.009341755733078497,97
tct,9,bertQPP,12,0.92,0.3114124086766302,0.0019035144403072848,0.22637457044673542,0.0010200025736501021,97
tct,9,bertQPP(QV),12,0.92,0.30467211768140623,0.00241128931352102,0.22809278350515466,0.000933347093157991,97
tct,9,spatial,12,0.94,0.27021327438430714,0.007433336686931528,0.18470790378006877,0.007355176256510775,97
tct,9,a_ratio,12,0.94,0.28215972627455066,0.005109329764803555,0.18814432989690724,0.00632984784895861,97
tct,9,nqc,12,0.94,0.3386722701741419,0.0006909346844458065,0.19286941580756015,0.005130036782382208,97
tct,9,bertQPP,12,0.94,0.30399432749327593,0.0024685673293238864,0.21176975945017185,0.0021190549684448486,97
tct,9,bertQPP(QV),12,0.94,0.29904011382095164,0.002925827205966188,0.21176975945017185,0.0021190549684448486,97
tct,9,spatial,12,0.96,0.2739822720914971,0.006615537806099974,0.18814432989690724,0.00632984784895861,97
tct,9,a_ratio,12,0.96,0.2817295854028343,0.005180211869444012,0.19158075601374575,0.0054350017041903615,97
tct,9,nqc,12,0.96,0.34418712809532825,0.0005564296506112391,0.21091065292096223,0.002209296231634933,97
tct,9,bertQPP,12,0.96,0.2963698782526129,0.0032026203013721284,0.20575601374570449,0.0028288190417010725,97
tct,9,bertQPP(QV),12,0.96,0.29313635374563723,0.0035690926964172245,0.20360824742268044,0.003130893451622874,97
tct,9,spatial,12,0.98,0.2775188131393004,0.005921642855283172,0.1902920962199313,0.005756239608165468,97
tct,9,a_ratio,12,0.98,0.28128331055402744,0.005254675565886217,0.1937285223367698,0.004935409194231109,97
tct,9,nqc,12,0.98,0.3259791491977186,0.0011204699280777282,0.2177835051546392,0.0015761513468118154,97
tct,9,bertQPP,12,0.98,0.2886220010068353,0.004143478056020121,0.19587628865979384,0.004477722918252414,97
tct,9,bertQPP(QV),12,0.98,0.28704052166805943,0.004363417222288437,0.19329896907216498,0.0050318722795436996,97
tct,9,spatial,12,1.0,0.2808236757346276,0.005332361653617235,0.19501718213058422,0.004655971971265852,97
tct,9,a_ratio,12,1.0,0.2808236757346276,0.005332361653617235,0.19501718213058422,0.004655971971265852,97
tct,9,nqc,12,1.0,0.2808236757346276,0.005332361653617235,0.19501718213058422,0.004655971971265852,97
tct,9,bertQPP,12,1.0,0.2808236757346276,0.005332361653617235,0.19501718213058422,0.004655971971265852,97
tct,9,bertQPP(QV),12,1.0,0.2808236757346276,0.005332361653617235,0.19501718213058422,0.004655971971265852,97
tct,9,spatial,13,0.0,0.01338209682788323,0.8964907995035795,0.03393470790378007,0.6224147431170471,97
tct,9,a_ratio,13,0.0,0.08699727737016583,0.39681436807593695,0.0584192439862543,0.3965888091618368,97
tct,9,nqc,13,0.0,0.14926312794961863,0.14450956733786507,0.08719931271477664,0.2057421374120063,97
tct,9,bertQPP,13,0.0,0.17672691352325548,0.08333551015854819,0.10137457044673541,0.14127503537333896,97
tct,9,bertQPP(QV),13,0.0,0.1310712474602009,0.20065209966598066,0.05541237113402062,0.42134149715143543,97
tct,9,spatial,13,0.02,0.017133581282722722,0.8677077328479323,0.038659793814433,0.5747994088567128,97
tct,9,a_ratio,13,0.02,0.09728390637831391,0.3431470665525588,0.0627147766323024,0.3627897011875757,97
tct,9,nqc,13,0.02,0.14969750806688548,0.14333148947081878,0.08762886597938145,0.2035174890452155,97
tct,9,bertQPP,13,0.02,0.18000712827941412,0.07767746947012935,0.10137457044673541,0.14127503537333896,97
tct,9,bertQPP(QV),13,0.02,0.13430284640649345,0.18967782328530378,0.05927835051546393,0.3896811249151011,97
tct,9,spatial,13,0.04,0.020982707716536764,0.838354174226141,0.039948453608247426,0.5621188569054614,97
tct,9,a_ratio,13,0.04,0.10767294404325173,0.2938268084546501,0.07903780068728523,0.25141149497554627,97
tct,9,nqc,13,0.04,0.15014989032311368,0.1421123108167795,0.08848797250859108,0.19912082868170233,97
tct,9,bertQPP,13,0.04,0.183409496042082,0.07213836309061855,0.10352233676975947,0.1330387570764664,97
tct,9,bertQPP(QV),13,0.04,0.13766217629152883,0.17873813914497802,0.06013745704467355,0.3828471200330016,97
tct,9,spatial,13,0.06,0.024931250055885604,0.8084711228371748,0.04166666666666668,0.5454246199804633,97
tct,9,a_ratio,13,0.06,0.11810633533115511,0.24925089422213967,0.08762886597938145,0.2035174890452155,97
tct,9,nqc,13,0.06,0.15062141367747153,0.14084990546511483,0.0893470790378007,0.19479398827541883,97
tct,9,bertQPP,13,0.06,0.1869391634470864,0.06673301231774499,0.10609965635738833,0.1236515932692785,97
tct,9,bertQPP(QV),13,0.06,0.14115531465198183,0.1678601706181041,0.06443298969072167,0.34979065764691386,97
tct,9,spatial,13,0.08,0.02898085006262449,0.778106634520765,0.043814432989690726,0.5249088158491623,97
tct,9,a_ratio,13,0.08,0.12852103141724414,0.20962892935761412,0.09364261168384881,0.17419095096502246,97
tct,9,nqc,13,0.08,0.15111331488187943,0.139542004335333,0.0889175257731959,0.1969487085850582,97
tct,9,bertQPP,13,0.08,0.19060134397701084,0.06147650137416488,0.10996563573883163,0.110550087489207,97
tct,9,bertQPP(QV),13,0.08,0.14478853106331607,0.15707333346295885,0.06743986254295534,0.3277635503646662,97
tct,9,spatial,13,0.1,0.033132991753914764,0.7473161270818167,0.04896907216494846,0.4773342987798882,97
tct,9,a_ratio,13,0.1,0.13885045414971378,0.17498128654022113,0.10438144329896909,0.12985027258664464,97
tct,9,nqc,13,0.1,0.15162693916436526,0.13818618366918592,0.0889175257731959,0.1969487085850582,97
tct,9,bertQPP,13,0.1,0.19440127184534395,0.05638401767832778,0.11211340206185569,0.10376002930884054,97
tct,9,bertQPP(QV),13,0.1,0.14856825706893445,0.14640928302841516,0.06915807560137457,0.3155898965616176,97
tct,9,spatial,13,0.12,0.03738897337984311,0.716162597548254,0.04939862542955327,0.47347910625616985,97
tct,9,a_ratio,13,0.12,0.14902628799865864,0.14515496720030888,0.11039518900343644,0.10916471457232763,97
tct,9,nqc,13,0.12,0.15216375233793863,0.13677985251389552,0.0893470790378007,0.19479398827541883,97
tct,9,bertQPP,13,0.12,0.19834414242752157,0.05147066142022676,0.11512027491408937,0.09481550621817705,97
tct,9,bertQPP(QV),13,0.12,0.1525010444506874,0.1359017979280483,0.07259450171821306,0.29214479548279504,97
tct,9,spatial,13,0.14,0.041749876901231456,0.6847167288309407,0.050257731958762895,0.4658203551040343,97
tct,9,a_ratio,13,0.14,0.15898050771155253,0.11985364584087697,0.11426116838487975,0.09730564872611688,97
tct,9,nqc,13,0.14,0.15272535456083056,0.13532023911582133,0.0889175257731959,0.1969487085850582,97
tct,9,bertQPP,13,0.14,0.20243503631083187,0.04675122360675598,0.11769759450171824,0.08765026442852013,97
tct,9,bertQPP(QV),13,0.14,0.15659350900015603,0.1255865871166851,0.07431271477663232,0.2808725107935828,97
tct,9,spatial,13,0.16,0.04621653494716186,0.6530568622390099,0.05283505154639176,0.4432621351071514,97
tct,9,a_ratio,13,0.16,0.16864751581483778,0.09867659063679665,0.11469072164948456,0.0960541193445157,97
tct,9,nqc,13,0.16,0.15331349601556002,0.13380437614268414,0.0893470790378007,0.19479398827541883,97
tct,9,bertQPP,13,0.16,0.206678823503856,0.04223993300621871,0.12285223367697597,0.07463114343880432,97
tct,9,bertQPP(QV),13,0.16,0.16085225637370235,0.11550100687552288,0.07817869415807562,0.25660117603543875,97
tct,9,spatial,13,0.18,0.050789495278417016,0.6212688121518162,0.057130584192439875,0.4070878413580533,97
tct,9,a_ratio,13,0.18,0.17796624234256747,0.08116036536015891,0.11512027491408937,0.09481550621817705,97
tct,9,nqc,13,0.18,0.15393009482466968,0.13222908465379274,0.08977663230240551,0.19265661141875967,97
tct,9,bertQPP,13,0.18,0.21108004375364914,0.0379501741042914,0.12328178694158079,0.07362159410235054,97
tct,9,bertQPP(QV),13,0.18,0.16528378595218243,0.1056836745653642,0.07860824742268042,0.2539971105350425,97
tct,9,spatial,13,0.2,0.05546898284055054,0.589445500120522,0.06185567010309279,0.3694011818632015,97
tct,9,a_ratio,13,0.2,0.18688205465870802,0.06681777997971483,0.12156357388316154,0.07772782073014356,97
tct,9,nqc,13,0.2,0.1545772575822174,0.13059095674259602,0.09063573883161513,0.18843365829791547,97
tct,9,bertQPP,13,0.2,0.21564275827549373,0.03389418031189527,0.1245704467353952,0.07065977324075139,97
tct,9,bertQPP(QV),13,0.2,0.16989436788047285,0.09617396747556324,0.07989690721649485,0.24629548858904848,97
tct,9,spatial,13,0.22,0.06025485955966066,0.5576863880293994,0.06357388316151204,0.356252805453549,97
tct,9,a_ratio,13,0.22,0.19534833993453982,0.05517011198228471,0.13187285223367698,0.055668220302014286,97
tct,9,nqc,13,0.22,0.15525730295485662,0.12888633678607356,0.08977663230240551,0.19265661141875967,97
tct,9,bertQPP,13,0.22,0.22037036752753786,0.03008270922938716,0.12714776632302408,0.06502915478137135,97
tct,9,bertQPP(QV),13,0.22,0.17468988764412569,0.0870113980591957,0.08376288659793817,0.22417771625382632,97
tct,9,spatial,13,0.24,0.06514658211593419,0.5260966939265468,0.06443298969072167,0.34979065764691386,97
tct,9,a_ratio,13,0.24,0.20332765502984668,0.04577058944280119,0.13445017182130586,0.05105421646643944,97
tct,9,nqc,13,0.24,0.15597278889796135,0.12711130125310424,0.0893470790378007,0.19479398827541883,97
tct,9,bertQPP,13,0.24,0.22526538899981835,0.026524709705721863,0.12972508591065296,0.0597739314027888,97
tct,9,bertQPP(QV),13,0.24,0.17967565167717603,0.07823486169946918,0.08634020618556702,0.2102443337075397,97
tct,9,spatial,13,0.26,0.07014315802503676,0.49478637991863245,0.06701030927835053,0.3308539585593422,97
tct,9,a_ratio,13,0.26,0.21079238306422132,0.038218951124031474,0.14003436426116841,0.04214791401843269,97
tct,9,nqc,13,0.26,0.15672654414503612,0.12526163705225335,0.09063573883161513,0.18843365829791547,97
tct,9,bertQPP,13,0.26,0.23032918839744504,0.02322699359310294,0.13487972508591067,0.050317249987351625,97
tct,9,bertQPP(QV),13,0.26,0.18485614663577538,0.06988176025841986,0.08676975945017183,0.2079844017382293,97
tct,9,spatial,13,0.28,0.07524310046545445,0.46386890920577467,0.06958762886597938,0.3125934883665836,97
tct,9,a_ratio,13,0.28,0.21772488548714491,0.03216821324602411,0.14862542955326463,0.03102727109196935,97
tct,9,nqc,13,0.28,0.15752170476812782,0.12333281844255749,0.09149484536082475,0.1842793810224047,97
tct,9,bertQPP,13,0.28,0.23556165717881053,0.020193928247533723,0.13530927835051548,0.04958921997609662,97
tct,9,bertQPP(QV),13,0.28,0.19023474419946768,0.06198701425618947,0.08805841924398626,0.2013104039967497,97
tct,9,spatial,13,0.3,0.08044438241019547,0.4334597788712038,0.07474226804123713,0.2781012070168114,97
tct,9,a_ratio,13,0.3,0.2241171851377817,0.027325459966703766,0.15378006872852237,0.025646544632394585,97
tct,9,nqc,13,0.3,0.1583617567802619,0.1213199825949595,0.09149484536082475,0.1842793810224047,97
tct,9,bertQPP,13,0.3,0.24096082930546686,0.017427168613698016,0.14261168384879727,0.03850326567762371,97
tct,9,bertQPP(QV),13,0.3,0.19581334270470965,0.05458198862007765,0.0970790378006873,0.15891607395046403,97
tct,9,spatial,13,0.32,0.08574439075232697,0.4036748462261357,0.07903780068728523,0.25141149497554627,97
tct,9,a_ratio,13,0.32,0.22997025309932703,0.023448615892839725,0.1585051546391753,0.021443192891173694,97
tct,9,nqc,13,0.32,0.15925058596729616,0.11921790398513774,0.09149484536082475,0.1842793810224047,97
tct,9,bertQPP,13,0.32,0.24652243047478198,0.014925449699550225,0.14819587628865982,0.031516517606653575,97
tct,9,bertQPP(QV),13,0.32,0.20159193676592102,0.047693371146922146,0.10223367697594504,0.13793469449367568,97
tct,9,spatial,13,0.34,0.09113988125311333,0.37462847893210566,0.08634020618556702,0.2102443337075397,97
tct,9,a_ratio,13,0.34,0.23529299609215015,0.02034093496324714,0.16537800687285226,0.016403064445582434,97
tct,9,nqc,13,0.34,0.16019253640811837,0.11702096793206265,0.09063573883161513,0.18843365829791547,97
tct,9,bertQPP,13,0.34,0.25223935431804145,0.012684460848244204,0.15249140893470792,0.026909885175764755,97
tct,9,bertQPP(QV),13,0.34,0.20756810657215508,0.041342058219289525,0.10438144329896909,0.12985027258664464,97
tct,9,spatial,13,0.36,0.09662693528531158,0.3464315721488736,0.08977663230240551,0.19265661141875967,97
tct,9,a_ratio,13,0.36,0.2401010506491894,0.01784454140696812,0.17053264604811,0.013337754848227265,97
tct,9,nqc,13,0.36,0.16119247948464427,0.114723143786474,0.09063573883161513,0.18843365829791547,97
tct,9,bertQPP,13,0.36,0.25810106242023834,0.01069682188289086,0.14819587628865982,0.031516517606653575,97
tct,9,bertQPP(QV),13,0.36,0.2137364201373937,0.03554211730961009,0.10609965635738833,0.1236515932692785,97
tct,9,spatial,13,0.38,0.10220091948746224,0.3191894887378127,0.09192439862542956,0.1822278457949571,97
tct,9,a_ratio,13,0.38,0.2444154868920759,0.015833931515105433,0.17396907216494847,0.011586707769612953,97
tct,9,nqc,13,0.38,0.16225589561751266,0.11231795854155081,0.09063573883161513,0.18843365829791547,97
tct,9,bertQPP,13,0.38,0.26409290900933,0.008952177435682454,0.154639175257732,0.024833107958687445,97
tct,9,bertQPP(QV),13,0.38,0.2200877449194073,0.030299908072152004,0.11426116838487975,0.09730564872611688,97
tct,9,spatial,13,0.4,0.1078564495812454,0.29299999005720595,0.09493127147766325,0.1683392012081001,97
tct,9,a_ratio,13,0.4,0.2482615116067463,0.01420997563802854,0.17482817869415812,0.011182156616858724,97
tct,9,nqc,13,0.4,0.16338897151746873,0.10979847201495656,0.09063573883161513,0.18843365829791547,97
tct,9,bertQPP,13,0.4,0.27019539730742376,0.007437419288113042,0.15592783505154642,0.023654871935139845,97
tct,9,bertQPP(QV),13,0.4,0.22660847051162722,0.02561345041182397,0.1202749140893471,0.08092834885233069,97
tct,9,spatial,13,0.42,0.11358735972539094,0.26795123396823584,0.09836769759450173,0.15345704089516993,97
tct,9,a_ratio,13,0.42,0.251667241419387,0.012894682235259062,0.1782646048109966,0.009686599012848096,97
tct,9,nqc,13,0.42,0.1645987164532105,0.10715725527980413,0.0893470790378007,0.19479398827541883,97
tct,9,bertQPP,13,0.42,0.2763833834074614,0.006137037420156755,0.15678694158075604,0.022896601370035064,97
tct,9,bertQPP(QV),13,0.42,0.23327965224933406,0.021472125601881935,0.1254295532646048,0.06874005870255491,97
tct,9,spatial,13,0.44,0.1193866788769059,0.24411992216651832,0.10567010309278352,0.12517917667351905,97
tct,9,a_ratio,13,0.44,0.2546625959171876,0.011826800201894022,0.17955326460481102,0.009173476196585428,97
tct,9,nqc,13,0.44,0.16589310195361678,0.10438637476156509,0.08977663230240551,0.19265661141875967,97
tct,9,bertQPP,13,0.44,0.2826252556596943,0.005033589279498657,0.15635738831615123,0.02327305567367708,97
tct,9,bertQPP(QV),13,0.44,0.24007609726586937,0.017856782426636648,0.12972508591065296,0.0597739314027888,97
tct,9,spatial,13,0.46,0.1252466156933674,0.22156967981792855,0.10524054982817871,0.12672143082539938,97
tct,9,a_ratio,13,0.46,0.2572783404907782,0.010958225634976577,0.186426116838488,0.006825229731210832,97
tct,9,nqc,13,0.46,0.16728123055282398,0.10147738545196652,0.09020618556701032,0.1905365207922204,97
tct,9,bertQPP,13,0.46,0.28888213323969103,0.004108264708721061,0.16323024054982818,0.017852894393926448,97
tct,9,bertQPP(QV),13,0.46,0.24696543036510987,0.014740292838764275,0.12972508591065296,0.0597739314027888,97
tct,9,spatial,13,0.48,0.13115855352765027,0.20034974593097032,0.1086769759450172,0.11478963120763813,97
tct,9,a_ratio,13,0.48,0.2595452914329167,0.010251123602405154,0.18814432989690724,0.00632984784895861,97
tct,9,nqc,13,0.48,0.16877354074146225,0.09842133813639246,0.09106529209621994,0.18634796497677564,97
tct,9,bertQPP,13,0.48,0.29510714669254867,0.003341512712772008,0.1628006872852234,0.018155972846842318,97
tct,9,bertQPP(QV),13,0.48,0.25390719724267663,0.012088561413514944,0.14218213058419246,0.039091423487606906,97
tct,9,spatial,13,0.5,0.137113057027931,0.1804940425758055,0.10996563573883163,0.110550087489207,97
tct,9,a_ratio,13,0.5,0.2614936823689774,0.00967565515686364,0.1890034364261169,0.006094500520977148,97
tct,9,nqc,13,0.5,0.17038205733028616,0.09520880755192289,0.09106529209621994,0.18634796497677564,97
tct,9,bertQPP,13,0.5,0.30124488489273155,0.0027136878192888696,0.16494845360824745,0.01668446543769203,97
tct,9,bertQPP(QV),13,0.5,0.26085208654502795,0.009861943724077154,0.15335051546391754,0.026061836085581373,97
tct,9,spatial,13,0.52,0.1430998917508439,0.16202067513295612,0.11469072164948456,0.0960541193445157,97
tct,9,a_ratio,13,0.52,0.26315268159342176,0.009208200043873193,0.1898625429553265,0.005867063974983271,97
tct,9,nqc,13,0.52,0.17212069913265937,0.09182995121782701,0.09106529209621994,0.18634796497677564,97
tct,9,bertQPP,13,0.52,0.3072311149299277,0.00220567008759927,0.17439862542955328,0.011382836808156348,97
tct,9,bertQPP(QV),13,0.52,0.2677413782407768,0.008016977710550799,0.16323024054982818,0.017852894393926448,97
tct,9,spatial,13,0.54,0.14910805801582552,0.14493189499547188,0.11898625429553265,0.08423505409007553,97
tct,9,a_ratio,13,0.54,0.26455004398936266,0.008829976157813798,0.19072164948453613,0.005647306460207743,97
tct,9,nqc,13,0.54,0.1740056594616178,0.08827461262786059,0.093213058419244,0.17617491386576734,97
tct,9,bertQPP,13,0.54,0.3129929002691355,0.0017994151538653096,0.17912371134020622,0.009341755733078497,97
tct,9,bertQPP(QV),13,0.54,0.2745067503080487,0.006508288660529205,0.16967353951890035,0.013810511589466142,97
tct,9,spatial,13,0.56,0.15512583996850515,0.12921453192467908,0.12242268041237117,0.07565197367789964,97
tct,9,a_ratio,13,0.56,0.265711878277389,0.008525971479750675,0.19329896907216498,0.0050318722795436996,97
tct,9,nqc,13,0.56,0.1760558797328677,0.08453248800479649,0.09450171821305844,0.17027316035268703,97
tct,9,bertQPP,13,0.56,0.31844925271538554,0.0014783992753925317,0.18213058419243988,0.008219435652041644,97
tct,9,bertQPP(QV),13,0.56,0.28107059323807626,0.00529050245264424,0.17568728522336774,0.01079019991112942,97
tct,9,spatial,13,0.58,0.16114087047870462,0.11484087743902116,0.13058419243986258,0.05810246319620013,97
tct,9,a_ratio,13,0.58,0.2666625096432999,0.008284119402671809,0.19243986254295536,0.005229928831102741,97
tct,9,nqc,13,0.58,0.17829364289981264,0.0805933834935269,0.09450171821305844,0.17027316035268703,97
tct,9,bertQPP,13,0.58,0.3235124482903868,0.001227938054499967,0.18256013745704472,0.00806936233603351,97
tct,9,bertQPP(QV),13,0.58,0.2873469846961374,0.004320000664891926,0.1829896907216495,0.007921746820669876,97
tct,9,spatial,13,0.6,0.16714021207772345,0.10176997538086753,0.13359106529209622,0.05255528194642074,97
tct,9,a_ratio,13,0.6,0.2674244186346447,0.008094662220814945,0.19587628865979384,0.004477722918252414,97
tct,9,nqc,13,0.6,0.1807453221045611,0.07644760031199874,0.09536082474226806,0.16642177733641728,97
tct,9,bertQPP,13,0.6,0.3280901085938924,0.0010353741040252434,0.18513745704467358,0.007219338175415614,97
tct,9,bertQPP(QV),13,0.6,0.2932434560381714,0.003556377217250905,0.18513745704467358,0.007219338175415614,97
tct,9,spatial,13,0.62,0.17311045364931466,0.0899492534068522,0.14046391752577322,0.04152093691345949,97
tct,9,a_ratio,13,0.62,0.26801823899964033,0.007949659414847236,0.19673539518900346,0.004305679427335466,97
tct,9,nqc,13,0.62,0.18344233158111312,0.07208650001796475,0.09664948453608249,0.16076803875264556,97
tct,9,bertQPP,13,0.62,0.33208809144581103,0.0008901454531091011,0.18943298969072167,0.005979808014005902,97
tct,9,bertQPP(QV),13,0.62,0.2986636301864536,0.002963504911274569,0.19286941580756015,0.005130036782382208,97
tct,9,spatial,13,0.64,0.17903782204464053,0.0793164116158557,0.14046391752577322,0.04152093691345949,97
tct,9,a_ratio,13,0.64,0.2684627994068177,0.007842607082001529,0.1971649484536083,0.004221925130091803,97
tct,9,nqc,13,0.64,0.1864223424684135,0.06750332190870795,0.09836769759450173,0.15345704089516993,97
tct,9,bertQPP,13,0.64,0.3354141456644048,0.0007837602333464762,0.19759450171821308,0.0041396512632380965,97
tct,9,bertQPP(QV),13,0.64,0.30351072246092714,0.002510181131154217,0.19243986254295536,0.005229928831102741,97
tct,9,spatial,13,0.66,0.18490830721536744,0.06980147341171693,0.1439003436426117,0.036783724578164194,97
tct,9,a_ratio,13,0.66,0.26877519639669917,0.0077681426092728765,0.19501718213058422,0.004655971971265852,97
tct,9,nqc,13,0.66,0.1897308469021745,0.06269435088547907,0.09836769759450173,0.15345704089516993,97
tct,9,bertQPP,13,0.66,0.3379821701730352,0.0007097122913177966,0.202319587628866,0.003325969220576063,97
tct,9,bertQPP(QV),13,0.66,0.3076917758893074,0.0021703817524915347,0.19544673539518906,0.0045660596694361046,97
tct,9,spatial,13,0.68,0.19070779887830916,0.06132889984813755,0.14991408934707906,0.029598455953974822,97
tct,9,a_ratio,13,0.68,0.2689708882572831,0.007721814753313809,0.19458762886597944,0.004747484369155047,97
tct,9,nqc,13,0.68,0.19342318054767513,0.05766056756743381,0.09965635738831616,0.14814179266855426,97
tct,9,bertQPP,13,0.68,0.3397167922942014,0.0006633763245963662,0.21048109965635742,0.002255725464528707,97
tct,9,bertQPP(QV),13,0.68,0.31112236463247456,0.0019231988802556068,0.20103092783505158,0.0035320539175627825,97
tct,9,spatial,13,0.7,0.19642223217119625,0.05381967217222852,0.15592783505154642,0.023654871935139845,97
tct,9,a_ratio,13,0.7,0.2690638016516467,0.0076999039789450606,0.1941580756013746,0.0048406217198878375,97
tct,9,nqc,13,0.7,0.19756714663008393,0.05240995174889729,0.10395189003436428,0.13143701983340042,97
tct,9,bertQPP,13,0.7,0.3405578684403302,0.0006419206482876027,0.21520618556701035,0.0017908788065225548,97
tct,9,bertQPP(QV),13,0.7,0.3137313690702398,0.0017525640959086825,0.20489690721649487,0.002946303078171719,97
tct,9,spatial,13,0.72,0.20203773926616428,0.0471932573323903,0.15807560137457047,0.021798803662876853,97
tct,9,a_ratio,13,0.72,0.2690664446928524,0.007699281501601429,0.19329896907216498,0.0050318722795436996,97
tct,9,nqc,13,0.72,0.20224642025506648,0.0469606489544251,0.10824742268041239,0.11623089832126132,97
tct,9,bertQPP,13,0.72,0.3404644419016583,0.0006442721817157908,0.21993127147766325,0.0014156009702633058,97
tct,9,bertQPP(QV),13,0.72,0.3154653366527829,0.0016468633442140628,0.21391752577319592,0.001908041073171658,97
tct,9,spatial,13,0.74,0.20754080350874543,0.041369386448241355,0.16108247422680416,0.01941379508307944,97
tct,9,a_ratio,13,0.74,0.2689900217380518,0.0077172982185675755,0.19544673539518906,0.0045660596694361046,97
tct,9,nqc,13,0.74,0.2075649378646185,0.04134522907548295,0.11297250859106532,0.10113858933462912,97
tct,9,bertQPP,13,0.74,0.33941769352160067,0.0006711630666870395,0.22508591065292102,0.0010898172708815595,97
tct,9,bertQPP(QV),13,0.74,0.31629192513896837,0.0015985365463718083,0.2212199312714777,0.001326652810302692,97
tct,9,spatial,13,0.76,0.21291841237598408,0.03626959481894681,0.16151202749140894,0.01909240321886764,97
tct,9,a_ratio,13,0.76,0.26884454646851574,0.007751696796037071,0.19587628865979384,0.004477722918252414,97
tct,9,nqc,13,0.76,0.21365245594208623,0.03561622037328954,0.11554982817869418,0.09358972367387966,97
tct,9,bertQPP,13,0.76,0.33742250534592244,0.0007252821374740049,0.23496563573883167,0.0006505425158083947,97
tct,9,bertQPP(QV),13,0.76,0.31620199766428814,0.001603731190618374,0.23238831615120278,0.0007456571945733053,97
tct,9,spatial,13,0.78,0.21815820542189465,0.03181849196770186,0.1679553264604811,0.014800614099959652,97
tct,9,a_ratio,13,0.78,0.26863895086002154,0.007800541759468693,0.19673539518900346,0.004305679427335466,97
tct,9,nqc,13,0.78,0.22067129479391256,0.02985289198028403,0.11812714776632303,0.08649966115997804,97
tct,9,bertQPP,13,0.78,0.33450741796213757,0.0008115468257146918,0.2336769759450172,0.0006965926026270434,97
tct,9,bertQPP(QV),13,0.78,0.3152100981801813,0.0016620510522939388,0.23238831615120278,0.0007456571945733053,97
tct,9,spatial,13,0.8,0.22324861341756277,0.02794474958060534,0.1658075601374571,0.016125841537736958,97
tct,9,a_ratio,13,0.8,0.26838118846128545,0.007862163634285366,0.19759450171821308,0.0041396512632380965,97
tct,9,nqc,13,0.8,0.22882370234243174,0.0241686851050092,0.12757731958762888,0.06412770883743656,97
tct,9,bertQPP,13,0.8,0.3307229705972315,0.0009375005767844379,0.23453608247422683,0.0006655682797928671,97
tct,9,bertQPP(QV),13,0.8,0.31335325235572953,0.0017764134624071654,0.2379725085910653,0.0005538759115824682,97
tct,9,spatial,13,0.82,0.2281789851017571,0.024581812417711398,0.16752577319587633,0.015057708996420909,97
tct,9,a_ratio,13,0.82,0.26807833102175815,0.007935114095343436,0.20103092783505158,0.0035320539175627825,97
tct,9,nqc,13,0.82,0.23835758893162423,0.01871741076349754,0.13445017182130586,0.05105421646643944,97
tct,9,bertQPP,13,0.82,0.32613862569722324,0.0011138256536501515,0.2366838487972509,0.0005935388745829456,97
tct,9,bertQPP(QV),13,0.82,0.3106882664817834,0.0019530036272495776,0.24097938144329903,0.0004707284379041492,97
tct,9,spatial,13,0.84,0.23293969832956848,0.021668351241335992,0.17225085910652924,0.012434959394241826,97
tct,9,a_ratio,13,0.84,0.26773665797773516,0.008018129777229719,0.2014604810996564,0.0034621026042757834,97
tct,9,nqc,13,0.84,0.2495638028919711,0.013693881272758302,0.13616838487972513,0.04815964796946807,97
tct,9,bertQPP,13,0.84,0.32083865152722335,0.0013549401325893557,0.23152920962199317,0.0007801296905645403,97
tct,9,bertQPP(QV),13,0.84,0.3072878854665241,0.0022012934763794892,0.2379725085910653,0.0005538759115824682,97
tct,9,spatial,13,0.86,0.23752225292339257,0.019148486935083982,0.1752577319587629,0.010984624932232429,97
tct,9,a_ratio,13,0.86,0.267361738647806,0.008110102926580706,0.19974226804123715,0.0037496927052216027,97
tct,9,nqc,13,0.86,0.26274601812350845,0.009320911437047778,0.13745704467353953,0.04608031263937092,97
tct,9,bertQPP,13,0.86,0.31491743435359587,0.0016796217021177377,0.2298109965635739,0.0008535554716530555,97
tct,9,bertQPP(QV),13,0.86,0.3032362834210076,0.0025340762298672755,0.23625429553264607,0.0006073368350083252,97
tct,9,spatial,13,0.88,0.24191934316441943,0.01697182118693783,0.17697594501718217,0.010225152665271457,97
tct,9,a_ratio,13,0.88,0.2669585072316344,0.008210057482376687,0.20360824742268044,0.003130893451622874,97
tct,9,nqc,13,0.88,0.27811327768639194,0.005811567210781313,0.15206185567010314,0.02734277211201925,97
tct,9,bertQPP,13,0.88,0.3084747041954553,0.0021115732649601704,0.2336769759450172,0.0006965926026270434,97
tct,9,bertQPP(QV),13,0.88,0.2986243822953209,0.0029674577269772086,0.23453608247422683,0.0006655682797928671,97
tct,9,spatial,13,0.9,0.2461249085776862,0.01509331169781506,0.18341924398625434,0.007776554495134835,97
tct,9,a_ratio,13,0.9,0.26653133087220127,0.008317129480733267,0.20575601374570449,0.0028288190417010725,97
tct,9,nqc,13,0.9,0.29547092628033295,0.0033009559688602246,0.16408934707903783,0.01726000960595295,97
tct,9,bertQPP,13,0.9,0.30161109509959405,0.0026798230592722707,0.22895189003436428,0.0008926252002239728,97
tct,9,bertQPP(QV),13,0.9,0.2935454353265998,0.00352074349223554,0.22938144329896912,0.0008728876884960134,97
tct,9,spatial,13,0.92,0.2501341624187019,0.013473029450215125,0.18384879725085912,0.0076337511300162714,97
tct,9,a_ratio,13,0.92,0.2660840711492516,0.008430550919801723,0.20446735395189009,0.0030066996042901117,97
tct,9,nqc,13,0.92,0.31344197359600734,0.0017707912408042761,0.17310996563573885,0.01200419316896961,97
tct,9,bertQPP,13,0.92,0.2944243479447113,0.0034188434527427074,0.22207903780068733,0.0012702502748310276,97
tct,9,bertQPP(QV),13,0.92,0.2880911994531518,0.004216168240548229,0.22379725085910657,0.0011640289366746655,97
tct,9,spatial,13,0.94,0.25394359802234434,0.01207583287292999,0.186426116838488,0.006825229731210832,97
tct,9,a_ratio,13,0.94,0.2656201394354972,0.008549636405073727,0.20575601374570449,0.0028288190417010725,97
tct,9,nqc,13,0.94,0.32787301638371696,0.0010438455882873004,0.18814432989690724,0.00632984784895861,97
tct,9,bertQPP,13,0.94,0.2870063318150484,0.004368284945509802,0.21821305841924402,0.0015427588468996702,97
tct,9,bertQPP(QV),13,0.94,0.28234888701416017,0.005078432368951432,0.21821305841924402,0.0015427588468996702,97
tct,9,spatial,13,0.96,0.257550973884728,0.010870989537068127,0.1911512027491409,0.005540236417616152,97
tct,9,a_ratio,13,0.96,0.26514254657882785,0.008673772038563692,0.20274914089347082,0.003259747042536618,97
tct,9,nqc,13,0.96,0.33006562498088904,0.0009611128965244372,0.2130584192439863,0.0019900166497547295,97
tct,9,bertQPP,13,0.96,0.27944093608128634,0.0055722580229130994,0.21477663230240554,0.0018291772025326055,97
tct,9,bertQPP(QV),13,0.96,0.27639896060377145,0.006134036019655034,0.21048109965635742,0.002255725464528707,97
tct,9,spatial,13,0.98,0.26095527898086035,0.009831771020863234,0.19802405498281792,0.004058834798972484,97
tct,9,a_ratio,13,0.98,0.26465394738243575,0.008802406126733242,0.20360824742268044,0.003130893451622874,97
tct,9,nqc,13,0.98,0.3093373680042376,0.0020484438873068387,0.21563573883161516,0.0017533187111864498,97
tct,9,bertQPP,13,0.98,0.27180278730648894,0.007078151474334447,0.21134020618556704,0.0021637443470699886,97
tct,9,bertQPP(QV),13,0.98,0.2703137346014548,0.007410431280924731,0.2100515463917526,0.0023030471051788694,97
tct,9,spatial,13,1.0,0.26415668034738143,0.008935041368994128,0.20103092783505158,0.0035320539175627825,97
tct,9,a_ratio,13,1.0,0.26415668034738143,0.008935041368994128,0.20103092783505158,0.0035320539175627825,97
tct,9,nqc,13,1.0,0.26415668034738143,0.008935041368994128,0.20103092783505158,0.0035320539175627825,97
tct,9,bertQPP,13,1.0,0.26415668034738143,0.008935041368994128,0.20103092783505158,0.0035320539175627825,97
tct,9,bertQPP(QV),13,1.0,0.26415668034738143,0.008935041368994128,0.20103092783505158,0.0035320539175627825,97
tct,9,spatial,14,0.0,0.01338209682788323,0.8964907995035795,0.03393470790378007,0.6224147431170471,97
tct,9,a_ratio,14,0.0,0.08699727737016583,0.39681436807593695,0.0584192439862543,0.3965888091618368,97
tct,9,nqc,14,0.0,0.14926312794961863,0.14450956733786507,0.08719931271477664,0.2057421374120063,97
tct,9,bertQPP,14,0.0,0.17672691352325548,0.08333551015854819,0.10137457044673541,0.14127503537333896,97
tct,9,bertQPP(QV),14,0.0,0.1310712474602009,0.20065209966598066,0.05541237113402062,0.42134149715143543,97
tct,9,spatial,14,0.02,0.017218759660133344,0.8670560600071247,0.03823024054982819,0.5790561270652871,97
tct,9,a_ratio,14,0.02,0.09763429978619526,0.3414033200346779,0.06443298969072167,0.34979065764691386,97
tct,9,nqc,14,0.02,0.1497123135768515,0.14329146376138427,0.08719931271477664,0.2057421374120063,97
tct,9,bertQPP,14,0.02,0.18011681635747723,0.07749372671076686,0.10137457044673541,0.14127503537333896,97
tct,9,bertQPP(QV),14,0.02,0.13440274862362292,0.18934564121270653,0.05927835051546393,0.3896811249151011,97
tct,9,spatial,14,0.04,0.021151276765358232,0.8370734016080669,0.03951890034364262,0.5663306621908052,97
tct,9,a_ratio,14,0.04,0.10839340352967328,0.2905894798455693,0.07860824742268042,0.2539971105350425,97
tct,9,nqc,14,0.04,0.15018015078620323,0.14203103883760074,0.0889175257731959,0.1969487085850582,97
tct,9,bertQPP,14,0.04,0.18363446349803417,0.0717836336030558,0.10395189003436428,0.13143701983340042,97
tct,9,bertQPP(QV),14,0.04,0.13786732565532955,0.1780853577486459,0.0622852233676976,0.36608612957525455,97
tct,9,spatial,14,0.06,0.02518116468464466,0.8065884792863471,0.04166666666666668,0.5454246199804633,97
tct,9,a_ratio,14,0.06,0.11921214128387503,0.24481505074242835,0.08719931271477664,0.2057421374120063,97
tct,9,nqc,14,0.06,0.1506678218789391,0.14072611729678472,0.0889175257731959,0.1969487085850582,97
tct,9,bertQPP,14,0.06,0.18728530066278562,0.06622109724569003,0.10738831615120277,0.11915605807960761,97
tct,9,bertQPP(QV),14,0.06,0.14147136858256307,0.16690063261680044,0.0657216494845361,0.340237883454913,97
tct,9,spatial,14,0.08,0.029309796922726138,0.7756540560467222,0.043814432989690726,0.5249088158491623,97
tct,9,a_ratio,14,0.08,0.1300220970527281,0.20431111857372594,0.093213058419244,0.17617491386576734,97
tct,9,nqc,14,0.08,0.15117661086219675,0.13937437882772494,0.0889175257731959,0.1969487085850582,97
tct,9,bertQPP,14,0.08,0.1910748454582572,0.06082219648923513,0.11254295532646051,0.10244263799035044,97
tct,9,bertQPP(QV),14,0.08,0.1452214694702304,0.15582326160221466,0.06786941580756015,0.3246919364895129,97
tct,9,spatial,14,0.1,0.03353837967068264,0.7443302263730415,0.04768041237113403,0.4890022573020564,97
tct,9,a_ratio,14,0.1,0.14075050209748466,0.1690951263031734,0.09965635738831616,0.14814179266855426,97
tct,9,nqc,14,0.1,0.15170791458051835,0.1379733466166564,0.0889175257731959,0.1969487085850582,97
tct,9,bertQPP,14,0.1,0.19500863762676823,0.05560303632544682,0.11125429553264607,0.10643517898925002,97
tct,9,bertQPP(QV),14,0.1,0.1491243896551775,0.14488737254548475,0.07001718213058421,0.30961588134500106,97
tct,9,spatial,14,0.12,0.03786792546793529,0.7126845396546589,0.04853951890034365,0.4812066051703042,97
tct,9,a_ratio,14,0.12,0.1513222608206408,0.13898923631774088,0.10695876288659796,0.12064011527036375,97
tct,9,nqc,14,0.12,0.15226325533541674,0.13652037491548752,0.08977663230240551,0.19265661141875967,97
tct,9,bertQPP,14,0.12,0.19909217463441797,0.050579527657784694,0.11426116838487975,0.09730564872611688,97
tct,9,bertQPP(QV),14,0.12,0.15318701425305475,0.13412927143547512,0.0738831615120275,0.2836625052763587,97
tct,9,spatial,14,0.14,0.04229922479279944,0.6807920022077547,0.04982817869415808,0.4696411010880063,97
tct,9,a_ratio,14,0.14,0.16166228254845622,0.1136556933408825,0.11297250859106532,0.10113858933462912,97
tct,9,nqc,14,0.14,0.15284429522915022,0.13501263556940477,0.08762886597938145,0.2035174890452155,97
tct,9,bertQPP,14,0.14,0.20333082938478336,0.04576713275520585,0.11898625429553265,0.08423505409007553,97
tct,9,bertQPP(QV),14,0.14,0.1574162908192157,0.12358720057476558,0.07517182130584193,0.27534857568608007,97
tct,9,spatial,14,0.16,0.046832815607568766,0.6487349362826367,0.05154639175257733,0.4544623656228458,97
tct,9,a_ratio,14,0.16,0.1716979698430191,0.09264262335218425,0.11340206185567013,0.09984779835922447,97
tct,9,nqc,14,0.16,0.15345285251246907,0.133447103435467,0.08805841924398626,0.2013104039967497,97
tct,9,bertQPP,14,0.16,0.2077297462581189,0.04118057758920652,0.12285223367697597,0.07463114343880432,97
tct,9,bertQPP(QV),14,0.16,0.16181914841068568,0.11330099422828346,0.08032646048109966,0.24376503221542667,97
tct,9,spatial,14,0.18,0.051468950928913605,0.6166026751666279,0.054123711340206195,0.432221333716273,97
tct,9,a_ratio,14,0.18,0.18136168340341927,0.0754327243343976,0.11554982817869418,0.09358972367387966,97
tct,9,nqc,14,0.18,0.15409092026888938,0.13182054062862036,0.0889175257731959,0.1969487085850582,97
tct,9,bertQPP,14,0.18,0.21229371102492417,0.03683353432255475,0.12500000000000003,0.06969448971824621,97
tct,9,bertQPP(QV),14,0.18,0.1664023925687796,0.10331161797225429,0.08333333333333336,0.22656268559471548,97
tct,9,spatial,14,0.2,0.056207564547827736,0.5844910753832181,0.05884879725085912,0.3931257746774063,97
tct,9,a_ratio,14,0.2,0.19059299487807155,0.06148808977114195,0.11984536082474227,0.08201867152410211,97
tct,9,nqc,14,0.2,0.15476068783224017,0.13012947954085488,0.0893470790378007,0.19479398827541883,97
tct,9,bertQPP,14,0.2,0.21702698947877247,0.032738279784738575,0.12585910652920965,0.0677963948466897,97
tct,9,bertQPP(QV),14,0.2,0.17117257092499324,0.09366058014859376,0.08247422680412372,0.23138680179907667,97
tct,9,spatial,14,0.22,0.061048235086128,0.5525018302543445,0.05884879725085912,0.3931257746774063,97
tct,9,a_ratio,14,0.22,0.19934055524459082,0.05028645911703666,0.13015463917525774,0.058933277914773506,97
tct,9,nqc,14,0.22,0.15546456541260106,0.12837020459494133,0.08977663230240551,0.19265661141875967,97
tct,9,bertQPP,14,0.22,0.22193312890262967,0.02890533879921548,0.1314432989690722,0.05647001729864357,97
tct,9,bertQPP(QV),14,0.22,0.17613580324128714,0.08438920783195412,0.08462199312714778,0.2194617374170329,97
tct,9,spatial,14,0.24,0.0659901486487274,0.5207415738970493,0.0622852233676976,0.36608612957525455,97
tct,9,a_ratio,14,0.24,0.20756344602026677,0.04134672200161143,0.13359106529209622,0.05255528194642074,97
tct,9,nqc,14,0.24,0.1562052125018354,0.12653873271896632,0.0893470790378007,0.19479398827541883,97
tct,9,bertQPP,14,0.24,0.22701471577197135,0.025343124613264857,0.1327319587628866,0.054093065441640706,97
tct,9,bertQPP(QV),14,0.24,0.1812975687625594,0.07553778596544712,0.08848797250859108,0.19912082868170233,97
tct,9,spatial,14,0.26,0.07103206041263965,0.4893207711589547,0.06443298969072167,0.34979065764691386,97
tct,9,a_ratio,14,0.26,0.21523193682060637,0.034243773367742335,0.14046391752577322,0.04152093691345949,97
tct,9,nqc,14,0.26,0.15698557074824965,0.12463079256510709,0.09020618556701032,0.1905365207922204,97
tct,9,bertQPP,14,0.26,0.23227308248208667,0.022057592217188133,0.1357388316151203,0.04887004601219989,97
tct,9,bertQPP(QV),14,0.26,0.1866624428435929,0.06714456717553179,0.09192439862542956,0.1822278457949571,97
tct,9,spatial,14,0.28,0.076172255584334,0.4583523970495088,0.06529209621993129,0.34340339579060297,97
tct,9,a_ratio,14,0.28,0.2223276358553267,0.028614369639997,0.14819587628865982,0.031516517606653575,97
tct,9,nqc,14,0.28,0.15780890213628362,0.1226418025508244,0.09063573883161513,0.18843365829791547,97
tct,9,bertQPP,14,0.28,0.23770795548131496,0.01905192370256735,0.13917525773195877,0.0434259212403691,97
tct,9,bertQPP(QV),14,0.28,0.19223377401355207,0.05924467141446392,0.09579037800687287,0.16452082122278677,97
tct,9,spatial,14,0.3,0.08140851025563536,0.4279504187516567,0.07044673539518902,0.3066570724911982,97
tct,9,a_ratio,14,0.3,0.22884307929243106,0.02415636083560698,0.15335051546391754,0.026061836085581373,97
tct,9,nqc,14,0.3,0.15867883348906697,0.12056684787935153,0.09149484536082475,0.1842793810224047,97
tct,9,bertQPP,14,0.3,0.24331703716565484,0.016326267548802894,0.14604810996563578,0.03406318246416719,97
tct,9,bertQPP(QV),14,0.3,0.198013292111125,0.0518689088506994,0.10051546391752579,0.14467719951816677,97
tct,9,spatial,14,0.32,0.08673805279316293,0.3982281039972491,0.07603092783505157,0.269899250718855,97
tct,9,a_ratio,14,0.32,0.23478085227038747,0.02062371727480702,0.1597938144329897,0.02040649882574069,97
tct,9,nqc,14,0.32,0.1595994085388992,0.11840065680838037,0.09106529209621994,0.18634796497677564,97
tct,9,bertQPP,14,0.32,0.24909551448160874,0.01387755527701848,0.14647766323024058,0.03354022455213661,97
tct,9,bertQPP(QV),14,0.32,0.20400063808878954,0.04504257568494747,0.10309278350515466,0.1346555631057889,97
tct,9,spatial,14,0.34,0.09215752650472528,0.3692961909781816,0.08075601374570447,0.24125289471425693,97
tct,9,a_ratio,14,0.34,0.2401523634572155,0.017819392360453892,0.16924398625429557,0.01405239227763608,97
tct,9,nqc,14,0.34,0.16057514909595327,0.1161375765936518,0.09020618556701032,0.1905365207922204,97
tct,9,bertQPP,14,0.34,0.25503548871674886,0.011699418633072447,0.15378006872852237,0.025646544632394585,97
tct,9,bertQPP(QV),14,0.34,0.21019280686581931,0.038784289490384226,0.10652920962199315,0.12213859984356254,97
tct,9,spatial,14,0.36,0.09766295443483033,0.3412609663824247,0.07860824742268042,0.2539971105350425,97
tct,9,a_ratio,14,0.36,0.24497640527829492,0.015587515969991998,0.1709621993127148,0.013106785247853048,97
tct,9,nqc,14,0.36,0.16161112720544493,0.1137715497552651,0.09020618556701032,0.1905365207922204,97
tct,9,bertQPP,14,0.36,0.2611253238519491,0.009782227734735461,0.15635738831615123,0.02327305567367708,97
tct,9,bertQPP(QV),14,0.36,0.2165834966411894,0.03310494614215934,0.11125429553264607,0.10643517898925002,97
tct,9,spatial,14,0.38,0.10324970724613515,0.31422230876916724,0.08161512027491409,0.23628343229817084,97
tct,9,a_ratio,14,0.38,0.24927762559811653,0.0138058741183254,0.17439862542955328,0.011382836808156348,97
tct,9,nqc,14,0.38,0.16271305064019087,0.11129609162290216,0.09020618556701032,0.1905365207922204,97
tct,9,bertQPP,14,0.38,0.2673489156251972,0.008113264968971466,0.15721649484536085,0.02252544814571104,97
tct,9,bertQPP(QV),14,0.38,0.22316236192156824,0.02800689150217314,0.11941580756013748,0.08312087785946547,97
tct,9,spatial,14,0.4,0.10891247523899637,0.2882717633944585,0.08719931271477664,0.2057421374120063,97
tct,9,a_ratio,14,0.4,0.25308501830202623,0.012379192666659055,0.1782646048109966,0.009686599012848096,97
tct,9,nqc,14,0.4,0.16388736465813425,0.10870427054512735,0.0889175257731959,0.1969487085850582,97
tct,9,bertQPP,14,0.4,0.27368489071381036,0.006677040700697089,0.16151202749140894,0.01909240321886764,97
tct,9,bertQPP(QV),14,0.4,0.22991417386071492,0.02348340427677382,0.12371134020618559,0.07262323979726368,97
tct,9,spatial,14,0.42,0.11464524564101208,0.2634907207903812,0.09106529209621994,0.18634796497677564,97
tct,9,a_ratio,14,0.42,0.2564305152018872,0.011233432993047066,0.17697594501718217,0.010225152665271457,97
tct,9,nqc,14,0.42,0.16514137370206067,0.10598869274366422,0.08805841924398626,0.2013104039967497,97
tct,9,bertQPP,14,0.42,0.28010575580270203,0.005455745401357127,0.1597938144329897,0.02040649882574069,97
tct,9,bertQPP(QV),14,0.42,0.23681790111238363,0.019518578338199585,0.12886597938144334,0.06148508875649665,97
tct,9,spatial,14,0.44,0.12044128635568709,0.23994877396256623,0.09579037800687287,0.16452082122278677,97
tct,9,a_ratio,14,0.44,0.259347734861597,0.010311114076513861,0.17998281786941583,0.009007907605249525,97
tct,9,nqc,14,0.44,0.1664833876837497,0.10314149462006855,0.08719931271477664,0.2057421374120063,97
tct,9,bertQPP,14,0.44,0.2865770303034981,0.004429819607988197,0.1585051546391753,0.021443192891173694,97
tct,9,bertQPP(QV),14,0.44,0.2438457380209273,0.016087670582878175,0.13831615120274915,0.044736513464296176,97
tct,9,spatial,14,0.46,0.1262931373864888,0.21770232724945685,0.09879725085910654,0.15166941209887877,97
tct,9,a_ratio,14,0.46,0.2618709190062783,0.009567570926777774,0.18513745704467358,0.007219338175415614,97
tct,9,nqc,14,0.46,0.16792289874783142,0.10015434646875629,0.0893470790378007,0.19479398827541883,97
tct,9,bertQPP,14,0.46,0.29305641436926505,0.00357860982682139,0.16365979381443302,0.01755425786967657,97
tct,9,bertQPP(QV),14,0.46,0.25096212516050587,0.013157943308948563,0.13745704467353953,0.04608031263937092,97
tct,9,spatial,14,0.48,0.13219261114196657,0.19679352321579902,0.1009450171821306,0.14296835148549844,97
tct,9,a_ratio,14,0.48,0.2640340664207592,0.008968014706500209,0.18857388316151205,0.006211170636578692,97
tct,9,nqc,14,0.48,0.16947079604746434,0.0970184731406271,0.0889175257731959,0.1969487085850582,97
tct,9,bertQPP,14,0.48,0.29949306527839825,0.0028810672523895088,0.17053264604811,0.013337754848227265,97
tct,9,bertQPP(QV),14,0.48,0.25812283002484127,0.010689980387644531,0.1516323024054983,0.027781654237823455,97
tct,9,spatial,14,0.5,0.13813080277191445,0.1772495423617822,0.10180412371134022,0.13959717520298046,97
tct,9,a_ratio,14,0.5,0.26587025862931557,0.00848525134801794,0.1868556701030928,0.006698222213035896,97
tct,9,nqc,14,0.5,0.17113962821502104,0.09372469940767579,0.08977663230240551,0.19265661141875967,97
tct,9,bertQPP,14,0.5,0.30582707893140393,0.002316439273819416,0.17396907216494847,0.011586707769612953,97
tct,9,bertQPP(QV),14,0.5,0.26527418215971565,0.008639400141930258,0.15034364261168387,0.02913493133073165,97
tct,9,spatial,14,0.52,0.14409811157724148,0.15908231431750186,0.10609965635738833,0.1236515932692785,97
tct,9,a_ratio,14,0.52,0.2674111611582998,0.008097925931300794,0.19158075601374575,0.0054350017041903615,97
tct,9,nqc,14,0.52,0.1729439260544529,0.09026353083897923,0.09063573883161513,0.18843365829791547,97
tct,9,bertQPP,14,0.52,0.3119892963883857,0.0018649030663173453,0.17654639175257736,0.010410504577977625,97
tct,9,bertQPP(QV),14,0.52,0.2723525848313096,0.006958834218899973,0.16323024054982818,0.017852894393926448,97
tct,9,spatial,14,0.54,0.15008427437235505,0.14228865945286645,0.11383161512027494,0.0985701799206937,97
tct,9,a_ratio,14,0.54,0.26868667817258013,0.007789178686158085,0.19072164948453613,0.005647306460207743,97
tct,9,nqc,14,0.54,0.17490060176172345,0.0866252852400106,0.09106529209621994,0.18634796497677564,97
tct,9,bertQPP,14,0.54,0.3179015735413643,0.0015080969977197178,0.18427835051546396,0.0074933028749945285,97
tct,9,bertQPP(QV),14,0.54,0.2792844500290779,0.005600002059369067,0.16752577319587633,0.015057708996420909,97
tct,9,spatial,14,0.56,0.15607841145588291,0.12685085781153216,0.12242268041237117,0.07565197367789964,97
tct,9,a_ratio,14,0.56,0.26972473580755646,0.007545618938097452,0.1937285223367698,0.004935409194231109,97
tct,9,nqc,14,0.56,0.17702944602903037,0.08280029557626195,0.09407216494845362,0.1722237215768213,97
tct,9,bertQPP,14,0.56,0.32347765872019785,0.0012295185617418735,0.18943298969072167,0.005979808014005902,97
tct,9,bertQPP(QV),14,0.56,0.2859867184831486,0.0045156950080288945,0.17310996563573885,0.01200419316896961,97
tct,9,spatial,14,0.58,0.1620690855638472,0.11273761966456441,0.12929553264604812,0.060624507125192455,97
tct,9,a_ratio,14,0.58,0.270551169599978,0.007356542432440191,0.1941580756013746,0.0048406217198878375,97
tct,9,nqc,14,0.58,0.17935375116113533,0.07877921339513148,0.093213058419244,0.17617491386576734,97
tct,9,bertQPP,14,0.58,0.3286248103907912,0.0010147750285410967,0.18771477663230243,0.006450561996249079,97
tct,9,bertQPP(QV),14,0.58,0.292368122654197,0.003661498444886953,0.17740549828178698,0.010042744211065484,97
tct,9,spatial,14,0.6,0.16804437384284826,0.09990541063915669,0.13316151202749144,0.05331954320676675,97
tct,9,a_ratio,14,0.6,0.2711896931583837,0.007213333906532354,0.19587628865979384,0.004477722918252414,97
tct,9,nqc,14,0.6,0.18190109743805194,0.07455345285002218,0.09536082474226806,0.16642177733641728,97
tct,9,bertQPP,14,0.6,0.33324624717762685,0.0008516918523844843,0.1902920962199313,0.005756239608165468,97
tct,9,bertQPP(QV),14,0.6,0.29833131876977337,0.0029971233135219913,0.186426116838488,0.006825229731210832,97
tct,9,spatial,14,0.62,0.17399195249772909,0.0883000661352178,0.13530927835051548,0.04958921997609662,97
tct,9,a_ratio,14,0.62,0.27166192788165766,0.00710901022609747,0.19630584192439868,0.0043909374810577745,97
tct,9,nqc,14,0.62,0.18470435219853443,0.07011583046557442,0.09579037800687287,0.16452082122278677,97
tct,9,bertQPP,14,0.62,0.3372444496953325,0.0007303007210179705,0.19802405498281792,0.004058834798972484,97
tct,9,bertQPP(QV),14,0.62,0.3037759461717957,0.0024872813220096963,0.19802405498281792,0.004058834798972484,97
tct,9,spatial,14,0.64,0.17989919335061505,0.07785861616316431,0.13702749140893475,0.046764860648197036,97
tct,9,a_ratio,14,0.64,0.2719874765916339,0.007037870056775338,0.1941580756013746,0.0048406217198878375,97
tct,9,nqc,14,0.64,0.1878029474947238,0.06546147580094494,0.0970790378006873,0.15891607395046403,97
tct,9,bertQPP,14,0.64,0.34052522830513304,0.0006427413018121913,0.19802405498281792,0.004058834798972484,97
tct,9,bertQPP(QV),14,0.64,0.3086025663050217,0.0021021068848953513,0.20489690721649487,0.002946303078171719,97
tct,9,spatial,14,0.66,0.18575327111281742,0.06851123392456132,0.1434707903780069,0.037349490378258986,97
tct,9,a_ratio,14,0.66,0.27218402702348665,0.006995224307606591,0.19329896907216498,0.0050318722795436996,97
tct,9,nqc,14,0.66,0.19124452380441487,0.06058911400849546,0.09664948453608249,0.16076803875264556,97
tct,9,bertQPP,14,0.66,0.3430023421554841,0.0005831169778755073,0.2053264604810997,0.002887015591872923,97
tct,9,bertQPP(QV),14,0.66,0.31271729706763085,0.0018171886458676965,0.19931271477663232,0.003824903963020039,97
tct,9,spatial,14,0.68,0.1915412797375316,0.06018321992011437,0.14261168384879727,0.03850326567762371,97
tct,9,a_ratio,14,0.68,0.27226747398670414,0.006977187904832178,0.19201030927835053,0.00533157487845821,97
tct,9,nqc,14,0.68,0.19508705510640426,0.05550285283387216,0.09879725085910654,0.15166941209887877,97
tct,9,bertQPP,14,0.68,0.34460232269789676,0.0005473455065436992,0.20833333333333337,0.0025015666651811157,97
tct,9,bertQPP(QV),14,0.68,0.3160368107183468,0.001613313040543039,0.202319587628866,0.003325969220576063,97
tct,9,spatial,14,0.7,0.19725035581214476,0.05279693795762885,0.1443298969072165,0.03622527510674091,97
tct,9,a_ratio,14,0.7,0.27225205154684506,0.006980518244040083,0.19286941580756015,0.005130036782382208,97
tct,9,nqc,14,0.7,0.1994016043748817,0.05021464102717723,0.10180412371134022,0.13959717520298046,97
tct,9,bertQPP,14,0.7,0.34526904829896776,0.0005330420983512782,0.21864261168384883,0.0015100189795415188,97
tct,9,bertQPP(QV),14,0.7,0.3184932361321211,0.0014760374467369221,0.20274914089347082,0.003259747042536618,97
tct,9,spatial,14,0.72,0.20286780658770606,0.046273629379050316,0.15249140893470792,0.026909885175764755,97
tct,9,a_ratio,14,0.72,0.2721504687354258,0.0070024892764269904,0.19544673539518906,0.0045660596694361046,97
tct,9,nqc,14,0.72,0.20427589419056388,0.04474759301421712,0.1048109965635739,0.1282784361242476,97
tct,9,bertQPP,14,0.72,0.3449675674224857,0.0005394668409274585,0.21864261168384883,0.0015100189795415188,97
tct,9,bertQPP(QV),14,0.72,0.32003843497267487,0.001395203505481461,0.20747422680412375,0.0026065887949513057,97
tct,9,spatial,14,0.74,0.20838123995275865,0.04053504586862218,0.15807560137457047,0.021798803662876853,97
tct,9,a_ratio,14,0.74,0.27197404407193854,0.007040792893464103,0.19587628865979384,0.004477722918252414,97
tct,9,nqc,14,0.74,0.20981890012656035,0.03914037197415428,0.10824742268041239,0.11623089832126132,97
tct,9,bertQPP,14,0.74,0.34368670083354197,0.0005675621808941907,0.22594501718213064,0.0010428004886634003,97
tct,9,bertQPP(QV),14,0.74,0.320647136362766,0.0013644791320833447,0.2130584192439863,0.0019900166497547295,97
tct,9,spatial,14,0.76,0.21377869345991454,0.03550485777311906,0.15764604810996566,0.022159535570441733,97
tct,9,a_ratio,14,0.76,0.27173283560622863,0.007093461304950999,0.19673539518900346,0.004305679427335466,97
tct,9,nqc,14,0.76,0.21616664258662482,0.03345273582333169,0.11254295532646051,0.10244263799035044,97
tct,9,bertQPP,14,0.76,0.3414400755316444,0.0006200997922531413,0.22895189003436428,0.0008926252002239728,97
tct,9,bertQPP(QV),14,0.76,0.3203185276712882,0.001380988613243118,0.2203608247422681,0.0013853583021557498,97
tct,9,spatial,14,0.78,0.2190487594225502,0.031109812296458882,0.16323024054982818,0.017852894393926448,97
tct,9,a_ratio,14,0.78,0.2714357643037569,0.007158805628083813,0.19888316151202753,0.0039014834427261624,97
tct,9,nqc,14,0.78,0.2234891522448178,0.027772065350950267,0.11769759450171824,0.08765026442852013,97
tct,9,bertQPP,14,0.78,0.33826543808651877,0.0007019488324907503,0.2298109965635739,0.0008535554716530555,97
tct,9,bertQPP(QV),14,0.78,0.3190760956351618,0.0014450604049253302,0.22594501718213064,0.0010428004886634003,97
tct,9,spatial,14,0.8,0.2241807031264764,0.0272806326752492,0.1589347079037801,0.021092644173514117,97
tct,9,a_ratio,14,0.8,0.2710907294480276,0.007235367048244017,0.19888316151202753,0.0039014834427261624,97
tct,9,nqc,14,0.8,0.23199791824977883,0.022219998881669593,0.1254295532646048,0.06874005870255491,97
tct,9,bertQPP,14,0.8,0.3342223244510127,0.0008204675829395101,0.23453608247422683,0.0006655682797928671,97
tct,9,bertQPP(QV),14,0.8,0.3169657526362824,0.0015600954298367064,0.23238831615120278,0.0007456571945733053,97
tct,9,spatial,14,0.82,0.22916457135077417,0.023952664231267823,0.16494845360824745,0.01668446543769203,97
tct,9,a_ratio,14,0.82,0.27070471537028734,0.007321877772107932,0.19802405498281792,0.004058834798972484,97
tct,9,nqc,14,0.82,0.24195122745691566,0.016956852632879684,0.13101374570446736,0.05728140399891128,97
tct,9,bertQPP,14,0.82,0.3293883778200414,0.000986005814664508,0.23195876288659797,0.0007627126312502382,97
tct,9,bertQPP(QV),14,0.82,0.31405251419215174,0.0017325360801524149,0.23109965635738836,0.0007979153488644113,97
tct,9,spatial,14,0.84,0.23399128865907107,0.0210662851513216,0.1701030927835052,0.013572314777054699,97
tct,9,a_ratio,14,0.84,0.2702838892791166,0.007417229642252385,0.20017182130584193,0.0036758280937195186,97
tct,9,nqc,14,0.84,0.2536496789874157,0.012178944488390601,0.13788659793814437,0.04540422310195199,97
tct,9,bertQPP,14,0.84,0.3238547606902155,0.0012124848103321076,0.23109965635738836,0.0007979153488644113,97
tct,9,bertQPP(QV),14,0.84,0.3104161655884451,0.0019718979204017065,0.23453608247422683,0.0006655682797928671,97
tct,9,spatial,14,0.86,0.23865273929553288,0.01856710850923806,0.17353951890034366,0.011793812186781842,97
tct,9,a_ratio,14,0.86,0.2698336902888163,0.0075204487731658125,0.2018900343642612,0.0033934144348203364,97
tct,9,nqc,14,0.86,0.26740073740551107,0.008100492852893786,0.13745704467353953,0.04608031263937092,97
tct,9,bertQPP,14,0.86,0.3177211749428742,0.00151799681033044,0.22594501718213064,0.0010428004886634003,97
tct,9,bertQPP(QV),14,0.86,0.3061464370410982,0.002290812601747155,0.23024054982817874,0.0008346209629654949,97
tct,9,spatial,14,0.88,0.24314183298010872,0.01640600736274668,0.17353951890034366,0.011793812186781842,97
tct,9,a_ratio,14,0.88,0.26935890996679623,0.0076306749411395244,0.20060137457044677,0.0036032888355043277,97
tct,9,nqc,14,0.88,0.2833971501220844,0.004910203379334194,0.147766323024055,0.03201236643126749,97
tct,9,bertQPP,14,0.88,0.3110909818395036,0.0019253397284663724,0.23195876288659797,0.0007627126312502382,97
tct,9,bertQPP(QV),14,0.88,0.3013381932359841,0.002705022932306985,0.22809278350515466,0.000933347093157991,97
tct,9,spatial,14,0.9,0.24745255342088798,0.014538996999693575,0.17182130584192443,0.01265543298933369,97
tct,9,a_ratio,14,0.9,0.26886376486201136,0.007747144744428466,0.19802405498281792,0.004058834798972484,97
tct,9,nqc,14,0.9,0.3013742342823278,0.0027016827206192686,0.15635738831615123,0.02327305567367708,97
tct,9,bertQPP,14,0.9,0.3040668211783304,0.002462383133260189,0.21907216494845363,0.0014779202366871586,97
tct,9,bertQPP(QV),14,0.9,0.29608705368188903,0.0032332712180424537,0.22465635738831619,0.0011140538745299275,97
tct,9,spatial,14,0.92,0.2515799889200837,0.012927008069520969,0.1752577319587629,0.010984624932232429,97
tct,9,a_ratio,14,0.92,0.2683519615594059,0.007869177767233733,0.1984536082474227,0.003979453005162126,97
tct,9,nqc,14,0.92,0.31976516883223294,0.0014091997679121474,0.1701030927835052,0.013572314777054699,97
tct,9,bertQPP,14,0.92,0.29674699669591525,0.0031621557785024876,0.21262886597938147,0.002032205430312129,97
tct,9,bertQPP(QV),14,0.92,0.290485727745056,0.0038970314064222245,0.2177835051546392,0.0015761513468118154,97
tct,9,spatial,14,0.94,0.2555203450148816,0.011535582033932045,0.17654639175257736,0.010410504577977625,97
tct,9,a_ratio,14,0.94,0.2678267548453681,0.00799616514782353,0.19587628865979384,0.004477722918252414,97
tct,9,nqc,14,0.94,0.33404033157005103,0.0008262089753158109,0.1890034364261169,0.006094500520977148,97
tct,9,bertQPP,14,0.94,0.28922275554020643,0.004062559814292236,0.21048109965635742,0.002255725464528707,97
tct,9,bertQPP(QV),14,0.94,0.2846212067601305,0.0047200542707276005,0.2053264604810997,0.002887015591872923,97
tct,9,spatial,14,0.96,0.25927093963681913,0.010334516747275058,0.17998281786941583,0.009007907605249525,97
tct,9,a_ratio,14,0.96,0.26729099957889074,0.008127560079674292,0.1941580756013746,0.0048406217198878375,97
tct,9,nqc,14,0.96,0.3351081739922879,0.0007930380377626951,0.21134020618556704,0.0021637443470699886,97
tct,9,bertQPP,14,0.96,0.2815764685118828,0.005205653943625124,0.20575601374570449,0.0028288190417010725,97
tct,9,bertQPP(QV),14,0.96,0.2785728318406606,0.005727720676996057,0.20274914089347082,0.003259747042536618,97
tct,9,spatial,14,0.98,0.26283018176790574,0.009297485626382298,0.18427835051546396,0.0074933028749945285,97
tct,9,a_ratio,14,0.98,0.26674719685190695,0.008262869874011645,0.19201030927835053,0.00533157487845821,97
tct,9,nqc,14,0.98,0.31260033649235797,0.0018247792307624674,0.21649484536082478,0.0016803624081385136,97
tct,9,bertQPP,14,0.98,0.27388062893272047,0.006636502504372265,0.20575601374570449,0.0028288190417010725,97
tct,9,bertQPP(QV),14,0.98,0.27241116483261607,0.006946226569488371,0.20103092783505158,0.0035320539175627825,97
tct,9,spatial,14,1.0,0.26619753499732657,0.008401649289439171,0.1898625429553265,0.005867063974983271,97
tct,9,a_ratio,14,1.0,0.26619753499732657,0.008401649289439171,0.1898625429553265,0.005867063974983271,97
tct,9,nqc,14,1.0,0.26619753499732657,0.008401649289439171,0.1898625429553265,0.005867063974983271,97
tct,9,bertQPP,14,1.0,0.26619753499732657,0.008401649289439171,0.1898625429553265,0.005867063974983271,97
tct,9,bertQPP(QV),14,1.0,0.26619753499732657,0.008401649289439171,0.1898625429553265,0.005867063974983271,97
tct,9,spatial,15,0.0,0.01338209682788323,0.8964907995035795,0.03393470790378007,0.6224147431170471,97
tct,9,a_ratio,15,0.0,0.08699727737016583,0.39681436807593695,0.0584192439862543,0.3965888091618368,97
tct,9,nqc,15,0.0,0.14926312794961863,0.14450956733786507,0.08719931271477664,0.2057421374120063,97
tct,9,bertQPP,15,0.0,0.17672691352325548,0.08333551015854819,0.10137457044673541,0.14127503537333896,97
tct,9,bertQPP(QV),15,0.0,0.1310712474602009,0.20065209966598066,0.05541237113402062,0.42134149715143543,97
tct,9,spatial,15,0.02,0.017406586022928883,0.8656193746660927,0.03737113402061856,0.5876136836654002,97
tct,9,a_ratio,15,0.02,0.098033901190791,0.3394215135651216,0.06615120274914091,0.33709113316806516,97
tct,9,nqc,15,0.02,0.14971629842953948,0.14328069241912375,0.08848797250859108,0.19912082868170233,97
tct,9,bertQPP,15,0.02,0.1801999545307921,0.07735469099043897,0.10223367697594504,0.13793469449367568,97
tct,9,bertQPP(QV),15,0.02,0.1344984928019953,0.1890276810964675,0.0584192439862543,0.3965888091618368,97
tct,9,spatial,15,0.04,0.021542034124906413,0.8341061012034591,0.040378006872852236,0.5579222431626273,97
tct,9,a_ratio,15,0.04,0.10920331282906368,0.28697851579832606,0.08075601374570447,0.24125289471425693,97
tct,9,nqc,15,0.04,0.15018822581167163,0.14200935729283345,0.0893470790378007,0.19479398827541883,97
tct,9,bertQPP,15,0.04,0.1838044154458984,0.07151658633775623,0.10438144329896909,0.12985027258664464,97
tct,9,bertQPP(QV),15,0.04,0.13806267914764447,0.17746537142513338,0.06142611683848798,0.37273483374323335,97
tct,9,spatial,15,0.06,0.02579083973569469,0.8020003527070629,0.04295532646048111,0.5330675016802799,97
tct,9,a_ratio,15,0.06,0.12044726641357706,0.23992526368302416,0.08719931271477664,0.2057421374120063,97
tct,9,nqc,15,0.06,0.15068009544311517,0.1406933928430294,0.0893470790378007,0.19479398827541883,97
tct,9,bertQPP,15,0.06,0.18754611574681168,0.06583747536833137,0.10567010309278352,0.12517917667351905,97
tct,9,bertQPP(QV),15,0.06,0.14177053636148854,0.16599610407568757,0.06357388316151204,0.356252805453549,97
tct,9,spatial,15,0.08,0.030155277477117284,0.7693604285189153,0.04510309278350516,0.5127917901399865,97
tct,9,a_ratio,15,0.08,0.1317019286210828,0.1984753139910076,0.093213058419244,0.17617491386576734,97
tct,9,nqc,15,0.08,0.1511931943451164,0.13933048634335637,0.0889175257731959,0.1969487085850582,97
tct,9,bertQPP,15,0.08,0.19143100522429138,0.06033379037506443,0.11039518900343644,0.10916471457232763,97
tct,9,bertQPP(QV),15,0.08,0.1456290467593812,0.15465322125968964,0.0657216494845361,0.340237883454913,97
tct,9,spatial,15,0.1,0.03463746802856242,0.7362539683309924,0.04810996563573884,0.4850959502795227,97
tct,9,a_ratio,15,0.1,0.14289922164654106,0.16261620327655713,0.1009450171821306,0.14296835148549844,97
tct,9,nqc,15,0.1,0.15172892231140733,0.1379181702107152,0.0889175257731959,0.1969487085850582,97
tct,9,bertQPP,15,0.1,0.19546512465211827,0.055021919099050576,0.11254295532646051,0.10244263799035044,97
tct,9,bertQPP(QV),15,0.1,0.14964542149489835,0.14347236912957542,0.07130584192439864,0.3007958300881056,97
tct,9,spatial,15,0.12,0.03923934482070686,0.7027582449915117,0.05154639175257733,0.4544623656228458,97
tct,9,a_ratio,15,0.12,0.15396851478833526,0.13213139898014203,0.11211340206185569,0.10376002930884054,97
tct,9,nqc,15,0.12,0.15228880448656365,0.1364538098195153,0.08977663230240551,0.19265661141875967,97
tct,9,bertQPP,15,0.12,0.19965455365993623,0.0499179728300838,0.11512027491408937,0.09481550621817705,97
tct,9,bertQPP(QV),15,0.12,0.15382706593753398,0.13249131519995108,0.07259450171821306,0.29214479548279504,97
tct,9,spatial,15,0.14,0.043962617227510555,0.6689603020236555,0.05283505154639176,0.4432621351071514,97
tct,9,a_ratio,15,0.14,0.16483858875322,0.10663947965023601,0.11469072164948456,0.0960541193445157,97
tct,9,nqc,15,0.14,0.1528745056587899,0.13493459031120317,0.0893470790378007,0.19479398827541883,97
tct,9,bertQPP,15,0.14,0.20400534288367328,0.04503752019465421,0.1207044673539519,0.07984982362376257,97
tct,9,bertQPP(QV),15,0.14,0.15818153121851405,0.12174967357977066,0.0738831615120275,0.2836625052763587,97
tct,9,spatial,15,0.16,0.04880873013630527,0.6349569005770002,0.054553264604811004,0.4285767645779882,97
tct,9,a_ratio,15,0.16,0.17543976120686666,0.0856435258436072,0.11898625429553265,0.08423505409007553,97
tct,9,nqc,15,0.16,0.15348784654473382,0.133357502335968,0.08977663230240551,0.19265661141875967,97
tct,9,bertQPP,15,0.16,0.20852342690525366,0.04039528819886362,0.12500000000000003,0.06969448971824621,97
tct,9,bertQPP(QV),15,0.16,0.16271644851690478,0.11128852356287383,0.07474226804123713,0.2781012070168114,97
tct,9,spatial,15,0.18,0.053778819826735165,0.6008542401217207,0.057989690721649494,0.40007019122296605,97
tct,9,a_ratio,15,0.18,0.18570603602330582,0.06858284805514583,0.11984536082474227,0.08201867152410211,97
tct,9,nqc,15,0.18,0.15413082239622786,0.1317193266690143,0.09020618556701032,0.1905365207922204,97
tct,9,bertQPP,15,0.18,0.213214513852407,0.03600483423340747,0.12628865979381446,0.0668634129345248,97
tct,9,bertQPP(QV),15,0.18,0.1674394419555303,0.10114990817599644,0.07903780068728523,0.25141149497554627,97
tct,9,spatial,15,0.2,0.05887366615586615,0.5667674186192487,0.06314432989690723,0.3595119194286538,97
tct,9,a_ratio,15,0.2,0.19557712741562217,0.054880101185676204,0.12800687285223372,0.06323660544752113,97
tct,9,nqc,15,0.2,0.1548056243224351,0.13001661765392541,0.09020618556701032,0.1905365207922204,97
tct,9,bertQPP,15,0.2,0.2180839468153067,0.031878195381392006,0.12800687285223372,0.06323660544752113,97
tct,9,bertQPP(QV),15,0.2,0.1723580151690824,0.09137620177600392,0.08376288659793817,0.22417771625382632,97
tct,9,spatial,15,0.22,0.06409364113097324,0.5328196016295788,0.06443298969072167,0.34979065764691386,97
tct,9,a_ratio,15,0.22,0.20500021667782672,0.04397901460188562,0.13101374570446736,0.05728140399891128,97
tct,9,nqc,15,0.22,0.15551466379848788,0.1282456854421787,0.08977663230240551,0.19265661141875967,97
tct,9,bertQPP,15,0.22,0.22313653146345874,0.0280255244573164,0.13445017182130586,0.05105421646643944,97
tct,9,bertQPP(QV),15,0.22,0.17747940569967663,0.08200934015404397,0.08634020618556702,0.2102443337075397,97
tct,9,spatial,15,0.24,0.06943865405537492,0.4991408762757755,0.07001718213058421,0.30961588134500106,97
tct,9,a_ratio,15,0.24,0.2139313234377769,0.03537060317247541,0.1365979381443299,0.04745794602168577,97
tct,9,nqc,15,0.24,0.15626060092684532,0.12640257702353289,0.09106529209621994,0.18634796497677564,97
tct,9,bertQPP,15,0.24,0.22837632344260114,0.024454725632901787,0.13831615120274915,0.044736513464296176,97
tct,9,bertQPP(QV),15,0.24,0.18281040038474122,0.07308991326872082,0.09063573883161513,0.18843365829791547,97
tct,9,spatial,15,0.26,0.07490809355787087,0.4658667755160692,0.07087628865979383,0.3037170573623521,97
tct,9,a_ratio,15,0.26,0.2223362115691601,0.02860807227913679,0.14132302405498284,0.040290653027956765,97
tct,9,nqc,15,0.26,0.15704637713474373,0.12448305608010765,0.09020618556701032,0.1905365207922204,97
tct,9,bertQPP,15,0.26,0.23380636834847052,0.021171106060459303,0.14132302405498284,0.040290653027956765,97
tct,9,bertQPP(QV),15,0.26,0.18835710386545162,0.06465613003787188,0.09364261168384881,0.17419095096502246,97
tct,9,spatial,15,0.28,0.08050076696397679,0.4331364709398155,0.07431271477663232,0.2808725107935828,97
tct,9,a_ratio,15,0.28,0.23019079610380147,0.02331223011837585,0.1516323024054983,0.027781654237823455,97
tct,9,nqc,15,0.28,0.15787525313601264,0.12248258175249123,0.09020618556701032,0.1905365207922204,97
tct,9,bertQPP,15,0.28,0.2394283863952779,0.01817706325667803,0.1443298969072165,0.03622527510674091,97
tct,9,bertQPP(QV),15,0.28,0.19412465132825588,0.05674267672251092,0.09879725085910654,0.15166941209887877,97
tct,9,spatial,15,0.3,0.08621483763752942,0.4010906482246679,0.07603092783505157,0.269899250718855,97
tct,9,a_ratio,15,0.3,0.23748106433425148,0.019169961489414005,0.1585051546391753,0.021443192891173694,97
tct,9,nqc,15,0.3,0.1587508531656216,0.1203962864854874,0.0889175257731959,0.1969487085850582,97
tct,9,bertQPP,15,0.3,0.24524239344914892,0.01547183070109261,0.147766323024055,0.03201236643126749,97
tct,9,bertQPP(QV),15,0.3,0.20011685570873194,0.049379505152931186,0.10395189003436428,0.13143701983340042,97
tct,9,spatial,15,0.32,0.0920477611136634,0.3698690980585026,0.08118556701030928,0.23875904036666062,97
tct,9,a_ratio,15,0.32,0.24420256500500206,0.015928348541757665,0.1628006872852234,0.018155972846842318,97
tct,9,nqc,15,0.32,0.15967721672025337,0.11821895323332615,0.0889175257731959,0.1969487085850582,97
tct,9,bertQPP,15,0.32,0.25124625006795176,0.013051305559826523,0.15292096219931275,0.026482928123240188,97
tct,9,bertQPP(QV),15,0.32,0.206335779009112,0.04259060367998765,0.10652920962199315,0.12213859984356254,97
tct,9,spatial,15,0.34,0.09799622105615112,0.339608075941297,0.08805841924398626,0.2013104039967497,97
tct,9,a_ratio,15,0.34,0.25035954912601627,0.013386613905649694,0.16537800687285226,0.016403064445582434,97
tct,9,nqc,15,0.34,0.16065885932057922,0.11594499246150224,0.0889175257731959,0.1969487085850582,97
tct,9,bertQPP,15,0.34,0.25743513084318864,0.010907982019916097,0.15420962199312716,0.025236989773183314,97
tct,9,bertQPP(QV),15,0.34,0.21278121736422412,0.036392820902751956,0.10953608247422682,0.11194930892644765,97
tct,9,spatial,15,0.36,0.10405606629974747,0.3104375056087495,0.09063573883161513,0.18843365829791547,97
tct,9,a_ratio,15,0.36,0.2559638621675535,0.011387472504354325,0.17225085910652924,0.012434959394241826,97
tct,9,nqc,15,0.36,0.16170084416730604,0.11356841960191341,0.08848797250859108,0.19912082868170233,97
tct,9,bertQPP,15,0.36,0.26380090803565853,0.009031010780028494,0.15678694158075604,0.022896601370035064,97
tct,9,bertQPP(QV),15,0.36,0.2194500903978172,0.030794827735528045,0.10996563573883163,0.110550087489207,97
tct,9,spatial,15,0.38,0.11022225047492942,0.28247812121975335,0.09493127147766325,0.1683392012081001,97
tct,9,a_ratio,15,0.38,0.2610336904687413,0.009808898235063703,0.17654639175257736,0.010410504577977625,97
tct,9,nqc,15,0.38,0.1628088670153541,0.11108283392301534,0.08634020618556702,0.2102443337075397,97
tct,9,bertQPP,15,0.38,0.27033144670050396,0.00740639930507192,0.16237113402061856,0.018463547347092265,97
tct,9,bertQPP(QV),15,0.38,0.22633572773350452,0.02579631423310898,0.11812714776632303,0.08649966115997804,97
tct,9,spatial,15,0.4,0.11648877594948825,0.25583866094442365,0.10051546391752579,0.14467719951816677,97
tct,9,a_ratio,15,0.4,0.26559225688043625,0.00855684042310722,0.18084192439862545,0.008684754281086702,97
tct,9,nqc,15,0.4,0.1639893571677911,0.10848140019962382,0.08634020618556702,0.2102443337075397,97
tct,9,bertQPP,15,0.4,0.27700981378372475,0.006017358351522365,0.16237113402061856,0.018463547347092265,97
tct,9,bertQPP(QV),15,0.4,0.23342704989568647,0.021387520208357554,0.12328178694158079,0.07362159410235054,97
tct,9,spatial,15,0.42,0.12284864404712889,0.2306132370182873,0.10567010309278352,0.12517917667351905,97
tct,9,a_ratio,15,0.42,0.2696665453541529,0.007559092255359487,0.1829896907216495,0.007921746820669876,97
tct,9,nqc,15,0.42,0.1652495982322813,0.10575683515240027,0.08634020618556702,0.2102443337075397,97
tct,9,bertQPP,15,0.42,0.2838134117015894,0.0048447883502306865,0.16408934707903783,0.01726000960595295,97
tct,9,bertQPP(QV),15,0.42,0.24070764802468114,0.01754918941382624,0.12671821305841927,0.06594102788919391,97
tct,9,spatial,15,0.44,0.12929381370319368,0.20687901257916558,0.10824742268041239,0.11623089832126132,97
tct,9,a_ratio,15,0.44,0.27328611500577554,0.006760307147425947,0.1898625429553265,0.005867063974983271,97
tct,9,nqc,15,0.44,0.1665978732400946,0.10290140143697984,0.08762886597938145,0.2035174890452155,97
tct,9,bertQPP,15,0.44,0.2907130583673201,0.0038678854898716837,0.1658075601374571,0.016125841537736958,97
tct,9,bertQPP(QV),15,0.44,0.2481547776923747,0.014253013111441176,0.1357388316151203,0.04887004601219989,97
tct,9,spatial,15,0.46,0.1358151708746953,0.1846943119032883,0.11340206185567013,0.09984779835922447,97
tct,9,a_ratio,15,0.46,0.27648204430313955,0.006118049487569098,0.19286941580756015,0.005130036782382208,97
tct,9,nqc,15,0.46,0.1680436399719203,0.09990691308293645,0.0889175257731959,0.1969487085850582,97
tct,9,bertQPP,15,0.46,0.29767205107636424,0.00306483346307706,0.16838487972508595,0.01454739544260673,97
tct,9,bertQPP(QV),15,0.46,0.2557382974647694,0.011462589395015165,0.1439003436426117,0.036783724578164194,97
tct,9,spatial,15,0.48,0.14240251111714539,0.16409727688980394,0.11941580756013748,0.08312087785946547,97
tct,9,a_ratio,15,0.48,0.2792860278008117,0.0055997217189964745,0.19329896907216498,0.0050318722795436996,97
tct,9,nqc,15,0.48,0.1695977439620785,0.09676475783251406,0.0893470790378007,0.19479398827541883,97
tct,9,bertQPP,15,0.48,0.30464527134043806,0.002413535050530524,0.17740549828178698,0.010042744211065484,97
tct,9,bertQPP(QV),15,0.48,0.2634196032900415,0.009134871985394945,0.15034364261168387,0.02913493133073165,97
tct,9,spatial,15,0.5,0.1490445377536827,0.14510515864544135,0.12242268041237117,0.07565197367789964,97
tct,9,a_ratio,15,0.5,0.28172963269429246,0.005180204028552918,0.1941580756013746,0.0048406217198878375,97
tct,9,nqc,15,0.5,0.1712726787948936,0.09346594397324318,0.0889175257731959,0.1969487085850582,97
tct,9,bertQPP,15,0.5,0.3115784112443686,0.0018923304352961613,0.17955326460481102,0.009173476196585428,97
tct,9,bertQPP(QV),15,0.5,0.27115063526458627,0.00722202261276416,0.1554982817869416,0.02404211148041231,97
tct,9,spatial,15,0.52,0.1557288779728202,0.1277142997938818,0.12757731958762888,0.06412770883743656,97
tct,9,a_ratio,15,0.52,0.2838437109787652,0.004840057287635688,0.19802405498281792,0.004058834798972484,97
tct,9,nqc,15,0.52,0.1730829061448512,0.0900011822252805,0.08848797250859108,0.19912082868170233,97
tct,9,bertQPP,15,0.52,0.31840742765816527,0.0014806483821781199,0.18513745704467358,0.007219338175415614,97
tct,9,bertQPP(QV),15,0.52,0.27887306270978623,0.005673524438036735,0.16623711340206188,0.015852745291372216,97
tct,9,spatial,15,0.54,0.16244211898127034,0.1119008229091569,0.13058419243986258,0.05810246319620013,97
tct,9,a_ratio,15,0.54,0.28565795513665415,0.004564162432743232,0.19974226804123715,0.0037496927052216027,97
tct,9,nqc,15,0.54,0.17504525179518238,0.08636101734647555,0.09063573883161513,0.18843365829791547,97
tct,9,bertQPP,15,0.54,0.32505835554584217,0.0011595431823086567,0.18728522336769762,0.006573343269072617,97
tct,9,bertQPP(QV),15,0.54,0.2865177839322519,0.004438372211342164,0.17654639175257736,0.010410504577977625,97
tct,9,spatial,15,0.56,0.16916986599353506,0.0976219965859337,0.13788659793814437,0.04540422310195199,97
tct,9,a_ratio,15,0.56,0.28720058060866976,0.004340693386681367,0.20060137457044677,0.0036032888355043277,97
tct,9,nqc,15,0.56,0.17717939894233037,0.08253602978117147,0.09192439862542956,0.1822278457949571,97
tct,9,bertQPP,15,0.56,0.33144763055110277,0.0009120840292821344,0.1902920962199313,0.005756239608165468,97
tct,9,bertQPP(QV),15,0.56,0.2940049034017046,0.003467139052460899,0.186426116838488,0.006825229731210832,97
tct,9,spatial,15,0.58,0.17589682335209278,0.08481820722551502,0.1443298969072165,0.03622527510674091,97
tct,9,a_ratio,15,0.58,0.28849811619563914,0.004160342519904678,0.20317869415807563,0.0031947282487263706,97
tct,9,nqc,15,0.58,0.17950850693210144,0.07851713547044797,0.09278350515463919,0.1781756748775648,97
tct,9,bertQPP,15,0.58,0.337483076817629,0.0007235821011578882,0.19974226804123715,0.0037496927052216027,97
tct,9,bertQPP(QV),15,0.58,0.3012443636462065,0.002713736293785955,0.1941580756013746,0.0048406217198878375,97
tct,9,spatial,15,0.6,0.18260689944144654,0.07341542601779485,0.15077319587628868,0.0286776674564184,97
tct,9,a_ratio,15,0.6,0.28957528332185095,0.004015736199035661,0.20017182130584193,0.0036758280937195186,97
tct,9,nqc,15,0.6,0.18205999283044252,0.07429602259732494,0.09450171821305844,0.17027316035268703,97
tct,9,bertQPP,15,0.6,0.34306569996144776,0.0005816606830572076,0.20833333333333337,0.0025015666651811157,97
tct,9,bertQPP(QV),15,0.6,0.30813740205088425,0.002136730596349452,0.19931271477663232,0.003824903963020039,97
tct,9,spatial,15,0.62,0.18928333529716285,0.06332803087697988,0.1469072164948454,0.033024149712135395,97
tct,9,a_ratio,15,0.62,0.29045494614790246,0.0039009929484411453,0.19802405498281792,0.004058834798972484,97
tct,9,nqc,15,0.62,0.18486652579302776,0.06986577846243536,0.09664948453608249,0.16076803875264556,97
tct,9,bertQPP,15,0.62,0.3480923787603457,0.00047619143393570133,0.20833333333333337,0.0025015666651811157,97
tct,9,bertQPP(QV),15,0.62,0.3145789634835729,0.0017001520375910537,0.2096219931271478,0.002351276432455258,97
tct,9,spatial,15,0.64,0.19590885594009108,0.05446182533358509,0.1512027491408935,0.028226597294347726,97
tct,9,a_ratio,15,0.64,0.2911581163391458,0.003811388477250904,0.1984536082474227,0.003979453005162126,97
tct,9,nqc,15,0.64,0.18796730123078884,0.0652217788650717,0.09965635738831616,0.14814179266855426,97
tct,9,bertQPP,15,0.64,0.35245946694543717,0.00039913234614563577,0.21219931271477666,0.0020752134680172376,97
tct,9,bertQPP(QV),15,0.64,0.3204611202506569,0.0013738025467933254,0.22079037800687287,0.0013557124652369783,97
tct,9,spatial,15,0.66,0.2024658425219345,0.04671709225080245,0.16065292096219932,0.019739903980340746,97
tct,9,a_ratio,15,0.66,0.29170399848145334,0.003743100814599086,0.20103092783505158,0.0035320539175627825,97
tct,9,nqc,15,0.66,0.1914096847282442,0.0603629371171265,0.09579037800687287,0.16452082122278677,97
tct,9,bertQPP,15,0.66,0.3560671996207613,0.00034430859473866135,0.2169243986254296,0.001644941169576058,97
tct,9,bertQPP(QV),15,0.66,0.3256774300618089,0.0011331391961916606,0.2216494845360825,0.001298168853613724,97
tct,9,spatial,15,0.68,0.20893652239814275,0.03999152967934153,0.16494845360824745,0.01668446543769203,97
tct,9,a_ratio,15,0.68,0.29211006440944837,0.0036930155918948443,0.202319587628866,0.003325969220576063,97
tct,9,nqc,15,0.68,0.19525134614805595,0.05529344008990937,0.10008591065292097,0.14640165493450158,97
tct,9,bertQPP,15,0.68,0.35882465859789725,0.0003071767007104399,0.22637457044673542,0.0010200025736501021,97
tct,9,bertQPP(QV),15,0.68,0.3301280104074556,0.0009588489119778139,0.22293814432989695,0.0012160687743494618,97
tct,9,spatial,15,0.7,0.21530317330443074,0.03418293748213611,0.16365979381443302,0.01755425786967657,97
tct,9,a_ratio,15,0.7,0.29239214689050874,0.0036585766003517945,0.20747422680412375,0.0026065887949513057,97
tct,9,nqc,15,0.7,0.19956304346822457,0.05002513194239727,0.10266323024054985,0.13628751627610397,97
tct,9,bertQPP,15,0.7,0.36065491027030927,0.0002846071004826044,0.2328178694158076,0.0007289565212236814,97
tct,9,bertQPP(QV),15,0.7,0.333724947682998,0.0008362454177697009,0.2255154639175258,0.0010660691222714972,97
tct,9,spatial,15,0.72,0.22154833696625437,0.029191553483210442,0.1666666666666667,0.01558372473088864,97
tct,9,a_ratio,15,0.72,0.29256454508346785,0.0036376705410451843,0.209192439862543,0.002400428947085522,97
tct,9,nqc,15,0.72,0.2044322624803127,0.0445807338167658,0.10567010309278352,0.12517917667351905,97
tct,9,bertQPP,15,0.72,0.36149982074163983,0.0002747128559212318,0.23410652920962205,0.0006809162092632265,97
tct,9,bertQPP(QV),15,0.72,0.3363975269745392,0.0007546090224704407,0.22293814432989695,0.0012160687743494618,97
tct,9,spatial,15,0.74,0.2276550367792763,0.024921972928525216,0.16924398625429557,0.01405239227763608,97
tct,9,a_ratio,15,0.74,0.2926401359120885,0.003628537696425554,0.20833333333333337,0.0025015666651811157,97
tct,9,nqc,15,0.74,0.20996796410928842,0.03899808778674844,0.10910652920962201,0.11336246240953972,97
tct,9,bertQPP,15,0.74,0.36132400978317714,0.00027674515378087915,0.2328178694158076,0.0007289565212236814,97
tct,9,bertQPP(QV),15,0.74,0.3380967030538563,0.0007065639095850142,0.2285223367697595,0.0009127757207962206,97
tct,9,spatial,15,0.76,0.23360699372106575,0.021284620899342372,0.1782646048109966,0.009686599012848096,97
tct,9,a_ratio,15,0.76,0.292630486946046,0.003629702335881113,0.2100515463917526,0.0023030471051788694,97
tct,9,nqc,15,0.76,0.2163067070307904,0.03333553570546524,0.11512027491408937,0.09481550621817705,97
tct,9,bertQPP,15,0.76,0.36011745259325123,0.0002910708217016731,0.23195876288659797,0.0007627126312502382,97
tct,9,bertQPP(QV),15,0.76,0.3387982654817563,0.0006875558124374224,0.2285223367697595,0.0009127757207962206,97
tct,9,spatial,15,0.78,0.2393888344366227,0.01819678030916984,0.17568728522336774,0.01079019991112942,97
tct,9,a_ratio,15,0.78,0.2925459675763058,0.0036399182124009543,0.20618556701030932,0.0027716955730928564,97
tct,9,nqc,15,0.78,0.22362031612502623,0.02767828412408686,0.1168384879725086,0.08998850130140247,97
tct,9,bertQPP,15,0.78,0.3578963807920978,0.0003192435144300837,0.2414089347079038,0.0004598488311252096,97
tct,9,bertQPP(QV),15,0.78,0.33850428951323946,0.0006954631172433847,0.23496563573883167,0.0006505425158083947,97
tct,9,spatial,15,0.8,0.24498628551293017,0.01558320543940941,0.17740549828178698,0.010042744211065484,97
tct,9,a_ratio,15,0.8,0.2923958562309599,0.0036581256537326673,0.20704467353951894,0.0026605976928076114,97
tct,9,nqc,15,0.8,0.23212482954216562,0.022144966948059563,0.12199312714776635,0.07668417076895777,97
tct,9,bertQPP,15,0.8,0.35470235025448565,0.000364177519151545,0.24613402061855674,0.00035469522611087794,97
tct,9,bertQPP(QV),15,0.8,0.33724268907371047,0.0007303505030727,0.23754295532646055,0.0005668140402706258,97
tct,9,spatial,15,0.82,0.25038634832989076,0.013376370956539624,0.17482817869415812,0.011182156616858724,97
tct,9,a_ratio,15,0.82,0.29218844213181416,0.003683417604201676,0.20876288659793818,0.0024505203740822256,97
tct,9,nqc,15,0.82,0.24208907011353956,0.01689227146912168,0.1245704467353952,0.07065977324075139,97
tct,9,bertQPP,15,0.82,0.3505995895896515,0.0004304294372543542,0.2452749140893471,0.0003719636432157586,97
tct,9,bertQPP(QV),15,0.82,0.33506495159705346,0.0007943567004881406,0.23582474226804126,0.000621432826309228,97
tct,9,spatial,15,0.84,0.25557744953327827,0.011516418499771473,0.1778350515463918,0.009863239446727635,97
tct,9,a_ratio,15,0.84,0.2919311206729026,0.0037150126095966524,0.20876288659793818,0.0024505203740822256,97
tct,9,nqc,15,0.84,0.2538372326949434,0.012113059318695916,0.13316151202749144,0.05331954320676675,97
tct,9,bertQPP,15,0.84,0.34567096594218727,0.0005245860836027132,0.24699312714776633,0.0003381788389163567,97
tct,9,bertQPP(QV),15,0.84,0.3320423779485643,0.0008916952408455424,0.24312714776632308,0.0004186340215940853,97
tct,9,spatial,15,0.86,0.26054956308380317,0.00995086773096994,0.18341924398625434,0.007776554495134835,97
tct,9,a_ratio,15,0.86,0.2916304819400192,0.0037522332138610667,0.20790378006872856,0.0025535840012904936,97
tct,9,nqc,15,0.86,0.2677290879637163,0.008019977682405598,0.1434707903780069,0.037349490378258986,97
tct,9,bertQPP,15,0.86,0.34001305802065995,0.0006557449074820871,0.2444158075601375,0.0003900155261817713,97
tct,9,bertQPP(QV),15,0.86,0.32826132195458013,0.001028737138326168,0.24871134020618557,0.00030728207639036943,97
tct,9,spatial,15,0.88,0.26529430093947715,0.008634157414763711,0.18384879725085912,0.0076337511300162714,97
tct,9,a_ratio,15,0.88,0.29129239221278147,0.003794488594312163,0.20489690721649487,0.002946303078171719,97
tct,9,nqc,15,0.88,0.2840728402599458,0.004804412998617102,0.15678694158075604,0.022896601370035064,97
tct,9,bertQPP,15,0.88,0.3337308845262229,0.0008360554668016654,0.24226804123711343,0.00043878992015195634,97
tct,9,bertQPP(QV),15,0.88,0.32381799415310053,0.0012141360724147155,0.24656357388316158,0.0003463449485504128,97
tct,9,spatial,15,0.9,0.2698049706560346,0.00752707625037492,0.186426116838488,0.006825229731210832,97
tct,9,a_ratio,15,0.9,0.29092206852162444,0.0038412605322527067,0.2014604810996564,0.0034621026042757834,97
tct,9,nqc,15,0.9,0.3028541957611731,0.0025676851132759855,0.1658075601374571,0.016125841537736958,97
tct,9,bertQPP,15,0.9,0.3269328004069329,0.0010812685832536295,0.2328178694158076,0.0007289565212236814,97
tct,9,bertQPP(QV),15,0.9,0.3188133633727075,0.0014589500138820436,0.2405498281786942,0.0004818477915141724,97
tct,9,spatial,15,0.92,0.2740765994640207,0.006596134493074068,0.18857388316151205,0.006211170636578692,97
tct,9,a_ratio,15,0.92,0.2905241464916446,0.0038920920205781765,0.2014604810996564,0.0034621026042757834,97
tct,9,nqc,15,0.92,0.3230133638217823,0.0012507894205698933,0.17439862542955328,0.011382836808156348,97
tct,9,bertQPP,15,0.92,0.31972596654596036,0.0014112180620994255,0.22766323024054988,0.0009543472910132449,97
tct,9,bertQPP(QV),15,0.92,0.31334858209173877,0.0017767098616187783,0.22809278350515466,0.000933347093157991,97
tct,9,spatial,15,0.94,0.27810592562248815,0.005812917412488021,0.1898625429553265,0.005867063974983271,97
tct,9,a_ratio,15,0.94,0.29010274181005913,0.003946577965828921,0.20060137457044677,0.0036032888355043277,97
tct,9,nqc,15,0.94,0.34084509532361845,0.0006347402985311343,0.19673539518900346,0.004305679427335466,97
tct,9,bertQPP,15,0.94,0.31221265488495475,0.001850144707423494,0.22207903780068733,0.0012702502748310276,97
tct,9,bertQPP(QV),15,0.94,0.30752121406684063,0.0021833876049710157,0.22336769759450176,0.0011897860106094835,97
tct,9,spatial,15,0.96,0.28189135898554385,0.005153451566595688,0.1911512027491409,0.005540236417616152,97
tct,9,a_ratio,15,0.96,0.28966150571768856,0.004004357561302974,0.1971649484536083,0.004221925130091803,97
tct,9,nqc,15,0.96,0.34780497373255587,0.00048171308659115345,0.20575601374570449,0.0028288190417010725,97
tct,9,bertQPP,15,0.96,0.3044875045271096,0.0024267705895501296,0.2169243986254296,0.001644941169576058,97
tct,9,bertQPP(QV),15,0.96,0.30142239173748764,0.0026972253730635173,0.21477663230240554,0.0018291772025326055,97
tct,9,spatial,15,0.98,0.2854329136892108,0.004597605593849009,0.19458762886597944,0.004747484369155047,97
tct,9,a_ratio,15,0.98,0.28920367495805044,0.004065107999371154,0.19802405498281792,0.004058834798972484,97
tct,9,nqc,15,0.98,0.3318715779837539,0.0008975075353972774,0.22508591065292102,0.0010898172708815595,97
tct,9,bertQPP,15,0.98,0.2966357202837409,0.0031740476939117837,0.20833333333333337,0.0025015666651811157,97
tct,9,bertQPP(QV),15,0.98,0.29513490308396007,0.0033384025697722353,0.20876288659793818,0.0024505203740822256,97
tct,9,spatial,15,1.0,0.2887321166287669,0.004128539261743324,0.1971649484536083,0.004221925130091803,97
tct,9,a_ratio,15,1.0,0.2887321166287669,0.004128539261743324,0.1971649484536083,0.004221925130091803,97
tct,9,nqc,15,1.0,0.2887321166287669,0.004128539261743324,0.1971649484536083,0.004221925130091803,97
tct,9,bertQPP,15,1.0,0.2887321166287669,0.004128539261743324,0.1971649484536083,0.004221925130091803,97
tct,9,bertQPP(QV),15,1.0,0.2887321166287669,0.004128539261743324,0.1971649484536083,0.004221925130091803,97
tct,9,spatial,16,0.0,0.01338209682788323,0.8964907995035795,0.03393470790378007,0.6224147431170471,97
tct,9,a_ratio,16,0.0,0.08699727737016583,0.39681436807593695,0.0584192439862543,0.3965888091618368,97
tct,9,nqc,16,0.0,0.14926312794961863,0.14450956733786507,0.08719931271477664,0.2057421374120063,97
tct,9,bertQPP,16,0.0,0.17672691352325548,0.08333551015854819,0.10137457044673541,0.14127503537333896,97
tct,9,bertQPP(QV),16,0.0,0.1310712474602009,0.20065209966598066,0.05541237113402062,0.42134149715143543,97
tct,9,spatial,16,0.02,0.016832870981417426,0.8700090769892244,0.03780068728522337,0.5833275904873889,97
tct,9,a_ratio,16,0.02,0.09641879720579563,0.3474762477128687,0.06400343642611686,0.3530123788503621,97
tct,9,nqc,16,0.02,0.14966010518634096,0.14343264326148641,0.08762886597938145,0.2035174890452155,97
tct,9,bertQPP,16,0.02,0.17973489532977266,0.07813500646834014,0.10137457044673541,0.14127503537333896,97
tct,9,bertQPP(QV),16,0.02,0.13403608733694977,0.19056688667903848,0.05884879725085912,0.3931257746774063,97
tct,9,spatial,16,0.04,0.020379216530145114,0.8429428797200748,0.039948453608247426,0.5621188569054614,97
tct,9,a_ratio,16,0.04,0.105928883787517,0.30176181844077893,0.07817869415807562,0.25660117603543875,97
tct,9,nqc,16,0.04,0.15007347935471374,0.14231768784502735,0.0889175257731959,0.1969487085850582,97
tct,9,bertQPP,16,0.04,0.18285233725099292,0.07302297720210957,0.10352233676975947,0.1330387570764664,97
tct,9,bertQPP(QV),16,0.04,0.13711594187881573,0.18048478494153952,0.06185567010309279,0.3694011818632015,97
tct,9,spatial,16,0.06,0.024023130790999894,0.8153212344976705,0.04166666666666668,0.5454246199804633,97
tct,9,a_ratio,16,0.06,0.11547439736478965,0.2600300918451193,0.08247422680412372,0.23138680179907667,97
tct,9,nqc,16,0.06,0.1505042842433237,0.1411627001697991,0.0889175257731959,0.1969487085850582,97
tct,9,bertQPP,16,0.06,0.18608364969320626,0.06801202936057651,0.10567010309278352,0.12517917667351905,97
tct,9,bertQPP(QV),16,0.06,0.14031612190655968,0.1704277295128443,0.06314432989690723,0.3595119194286538,97
tct,9,spatial,16,0.08,0.027766489167565078,0.787179404192362,0.04209621993127149,0.541289833276998,97
tct,9,a_ratio,16,0.08,0.12499760600288726,0.22249696957200413,0.0889175257731959,0.1969487085850582,97
tct,9,nqc,16,0.08,0.15095364208078899,0.13996554116042614,0.08762886597938145,0.2035174890452155,97
tct,9,bertQPP,16,0.08,0.18943327179454364,0.06311514195299178,0.10910652920962201,0.11336246240953972,97
tct,9,bertQPP(QV),16,0.08,0.1436420865518661,0.160419708268079,0.06529209621993129,0.34340339579060297,97
tct,9,spatial,16,0.1,0.03161101735927588,0.758559296703501,0.04467353951890035,0.5168145411906753,97
tct,9,a_ratio,16,0.1,0.13443750217064743,0.1892301821500352,0.09536082474226806,0.16642177733641728,97
tct,9,nqc,16,0.1,0.15142277316055158,0.13872392203185102,0.08805841924398626,0.2013104039967497,97
tct,9,bertQPP,16,0.1,0.19290562624782998,0.05834555777183672,0.11125429553264607,0.10643517898925002,97
tct,9,bertQPP(QV),16,0.1,0.1470994132964214,0.15048676752125134,0.06829896907216496,0.32163912125241456,97
tct,9,spatial,16,0.12,0.03555826054861094,0.7295098194698798,0.04725085910652922,0.4929254477765376,97
tct,9,a_ratio,16,0.12,0.14373142299529948,0.16015705295104865,0.1048109965635739,0.1282784361242476,97
tct,9,nqc,16,0.12,0.1519130067447764,0.1374353916476953,0.08848797250859108,0.19912082868170233,97
tct,9,bertQPP,16,0.12,0.1965050617109399,0.053716650518362795,0.11297250859106532,0.10113858933462912,97
tct,9,bertQPP(QV),16,0.12,0.15069375730243365,0.14065697361267873,0.06958762886597938,0.3125934883665836,97
tct,9,spatial,16,0.14,0.03960954944478087,0.700087158954116,0.04853951890034365,0.4812066051703042,97
tct,9,a_ratio,16,0.14,0.1528168940232856,0.1350834531974421,0.10652920962199315,0.12213859984356254,97
tct,9,nqc,16,0.14,0.1524257934491453,0.13609732268597688,0.08848797250859108,0.19912082868170233,97
tct,9,bertQPP,16,0.14,0.2002357801843861,0.04924176570817495,0.11812714776632303,0.08649966115997804,97
tct,9,bertQPP(QV),16,0.14,0.1544307975038255,0.13096031992408314,0.06958762886597938,0.3125934883665836,97
tct,9,spatial,16,0.16,0.043765963102815594,0.6703549623864009,0.04939862542955327,0.47347910625616985,97
tct,9,a_ratio,16,0.16,0.16163358444295348,0.11372067742934856,0.10953608247422682,0.11194930892644765,97
tct,9,nqc,16,0.16,0.15296271934734265,0.13470689650098716,0.08848797250859108,0.19912082868170233,97
tct,9,bertQPP,16,0.16,0.20410174627470098,0.04493403451518148,0.1202749140893471,0.08092834885233069,97
tct,9,bertQPP(QV),16,0.16,0.15831616642719162,0.12142856795026438,0.07130584192439864,0.3007958300881056,97
tct,9,spatial,16,0.18,0.04802828849056264,0.6403843974361437,0.050687285223367705,0.46201693847175085,97
tct,9,a_ratio,16,0.18,0.17012524037593,0.0957161041016898,0.11039518900343644,0.10916471457232763,97
tct,9,nqc,16,0.18,0.15352552207880005,0.1332610865638234,0.0889175257731959,0.1969487085850582,97
tct,9,bertQPP,16,0.18,0.20810657475147487,0.04080616074915102,0.12199312714776635,0.07668417076895777,97
tct,9,bertQPP(QV),16,0.18,0.16235536014026283,0.11209501065053036,0.07517182130584193,0.27534857568608007,97
tct,9,spatial,16,0.2,0.05239697684485037,0.6102540646486639,0.05498281786941581,0.42495013508695245,97
tct,9,a_ratio,16,0.2,0.17824145675603348,0.08068354511522406,0.1164089347079038,0.09117630712765404,97
tct,9,nqc,16,0.2,0.1541161092976402,0.13175664035932783,0.0889175257731959,0.1969487085850582,97
tct,9,bertQPP,16,0.2,0.21225339225594353,0.036870182548488215,0.12628865979381446,0.0668634129345248,97
tct,9,bertQPP(QV),16,0.2,0.16655362408597876,0.10299414656076472,0.07989690721649485,0.24629548858904848,97
tct,9,spatial,16,0.22,0.05687209694384007,0.5800497377334971,0.06056701030927836,0.3794578311122522,97
tct,9,a_ratio,16,0.22,0.1859391596810782,0.06822999148485467,0.11984536082474227,0.08201867152410211,97
tct,9,nqc,16,0.22,0.15473657986705924,0.13019005961515093,0.08977663230240551,0.19265661141875967,97
tct,9,bertQPP,16,0.22,0.21654466845031498,0.0331372121299344,0.12929553264604812,0.060624507125192455,97
tct,9,bertQPP(QV),16,0.22,0.17091580986374297,0.09416125435322086,0.08419243986254298,0.22181074839562664,97
tct,9,spatial,16,0.24,0.06145328552704836,0.5498639084301763,0.06314432989690723,0.3595119194286538,97
tct,9,a_ratio,16,0.24,0.19318369883639225,0.05797670261926458,0.12714776632302408,0.06502915478137135,97
tct,9,nqc,16,0.24,0.1553892482845698,0.12855757874079562,0.09020618556701032,0.1905365207922204,97
tct,9,bertQPP,16,0.24,0.2209820113451523,0.02961715906495435,0.13101374570446736,0.05728140399891128,97
tct,9,bertQPP(QV),16,0.24,0.17544619729065888,0.08563186000954624,0.08676975945017183,0.2079844017382293,97
tct,9,spatial,16,0.26,0.06613969521881219,0.5197951160068759,0.06743986254295534,0.3277635503646662,97
tct,9,a_ratio,16,0.26,0.19994948933899526,0.04957388915568007,0.13230240549828182,0.05487593045339063,97
tct,9,nqc,16,0.26,0.15607667292335226,0.12685514136299314,0.09020618556701032,0.1905365207922204,97
tct,9,bertQPP,16,0.26,0.22556592106418086,0.02631844499705799,0.13487972508591067,0.050317249987351625,97
tct,9,bertQPP(QV),16,0.26,0.1801482753589171,0.07744109286068047,0.08762886597938145,0.2035174890452155,97
tct,9,spatial,16,0.28,0.0709299404558519,0.4899470467203437,0.07044673539518902,0.3066570724911982,97
tct,9,a_ratio,16,0.28,0.2062201876058539,0.04270930912332999,0.138745704467354,0.04407710548149226,97
tct,9,nqc,16,0.28,0.15680168879827872,0.12507837486170617,0.0889175257731959,0.1969487085850582,97
tct,9,bertQPP,16,0.28,0.23029549598870422,0.023247720360741256,0.1396048109965636,0.042782883164389815,97
tct,9,bertQPP(QV),16,0.28,0.18502447507398795,0.0696229327502786,0.09235395189003438,0.18019329783502935,97
tct,9,spatial,16,0.3,0.0758220420845335,0.4604273959519049,0.0738831615120275,0.2836625052763587,97
tct,9,a_ratio,16,0.3,0.21198842941390622,0.03711178478865005,0.1439003436426117,0.036783724578164194,97
tct,9,nqc,16,0.3,0.1575674457181992,0.12322256284276827,0.0889175257731959,0.1969487085850582,97
tct,9,bertQPP,16,0.3,0.23516808519405094,0.02040959631773306,0.14261168384879727,0.03850326567762371,97
tct,9,bertQPP(QV),16,0.3,0.19007584672465533,0.06220935869867098,0.09750859106529211,0.15708030004273185,97
tct,9,spatial,16,0.32,0.0808133714770666,0.4313464952638894,0.07946735395189004,0.2488442983857856,97
tct,9,a_ratio,16,0.32,0.21725519397021215,0.03255094467927842,0.1439003436426117,0.036783724578164194,97
tct,9,nqc,16,0.32,0.15837745287689756,0.1212826155348349,0.08848797250859108,0.19912082868170233,97
tct,9,bertQPP,16,0.32,0.24017888152627867,0.01780640750649555,0.14647766323024058,0.03354022455213661,97
tct,9,bertQPP(QV),16,0.32,0.1953016740666217,0.055229419683150344,0.09879725085910654,0.15166941209887877,97
tct,9,spatial,16,0.34,0.08590059521493855,0.40281571814104494,0.08247422680412372,0.23138680179907667,97
tct,9,a_ratio,16,0.34,0.2220288815091541,0.02883448695791374,0.14948453608247425,0.030068308790855192,97
tct,9,nqc,16,0.34,0.15923563117424383,0.1192530381784871,0.08762886597938145,0.2035174890452155,97
tct,9,bertQPP,16,0.34,0.2453204508102081,0.015438022934597844,0.14561855670103094,0.03459309466060896,97
tct,9,bertQPP(QV),16,0.34,0.2006990184320191,0.048708260186658484,0.10051546391752579,0.14467719951816677,97
tct,9,spatial,16,0.36,0.09107962159738316,0.3749456913060142,0.08634020618556702,0.2102443337075397,97
tct,9,a_ratio,16,0.36,0.22632420232518158,0.02580406599200556,0.15206185567010314,0.02734277211201925,97
tct,9,nqc,16,0.36,0.16014637486026462,0.11712789759641698,0.08719931271477664,0.2057421374120063,97
tct,9,bertQPP,16,0.36,0.25058219484442706,0.013301722990351893,0.14604810996563578,0.03406318246416719,97
tct,9,bertQPP(QV),16,0.36,0.2062621872279684,0.04266614622740665,0.10438144329896909,0.12985027258664464,97
tct,9,spatial,16,0.38,0.09634555044533523,0.3478443525805732,0.0850515463917526,0.21713063766326968,97
tct,9,a_ratio,16,0.38,0.23016097333175556,0.023330633072246486,0.15678694158075604,0.022896601370035064,97
tct,9,nqc,16,0.38,0.1611146244762397,0.11490078731271372,0.08634020618556702,0.2102443337075397,97
tct,9,bertQPP,16,0.38,0.2559497494163444,0.011392159648588718,0.14905498281786944,0.030544557732034724,97
tct,9,bertQPP(QV),16,0.38,0.21198212407462108,0.03711755033406538,0.1086769759450172,0.11478963120763813,97
tct,9,spatial,16,0.4,0.10169262787729771,0.32161491039177803,0.08977663230240551,0.19265661141875967,97
tct,9,a_ratio,16,0.4,0.23356290701590982,0.02130979217267155,0.1628006872852234,0.018155972846842318,97
tct,9,nqc,16,0.4,0.16214595355252528,0.11256479185093755,0.08634020618556702,0.2102443337075397,97
tct,9,bertQPP,16,0.4,0.26140432401777086,0.009701414092162037,0.15077319587628868,0.0286776674564184,97
tct,9,bertQPP(QV),16,0.4,0.21784572246940578,0.032070364444657606,0.11297250859106532,0.10113858933462912,97
tct,9,spatial,16,0.42,0.10711420792071111,0.29635377304402954,0.09407216494845362,0.1722237215768213,97
tct,9,a_ratio,16,0.42,0.23655646060835428,0.01965750471637091,0.16838487972508595,0.01454739544260673,97
tct,9,nqc,16,0.42,0.16324667214449778,0.11011245121965008,0.08634020618556702,0.2102443337075397,97
tct,9,bertQPP,16,0.42,0.2669219977465708,0.008219160928452339,0.15249140893470792,0.026909885175764755,97
tct,9,bertQPP(QV),16,0.42,0.22383507193576296,0.027525315549619473,0.11726804123711342,0.08881318243030219,97
tct,9,spatial,16,0.44,0.11260272297580048,0.27214852648226895,0.09793814432989692,0.1552606461818409,97
tct,9,a_ratio,16,0.44,0.23916979391057405,0.018306308193715905,0.17225085910652924,0.012434959394241826,97
tct,9,nqc,16,0.44,0.16442395108855332,0.107535727139509,0.08762886597938145,0.2035174890452155,97
tct,9,bertQPP,16,0.44,0.2724729964863527,0.006932941002351845,0.15206185567010314,0.02734277211201925,97
tct,9,bertQPP(QV),16,0.44,0.22992665572005536,0.023475657426752203,0.12585910652920965,0.0677963948466897,97
tct,9,spatial,16,0.46,0.11814966525186384,0.24907604610012166,0.09965635738831616,0.14814179266855426,97
tct,9,a_ratio,16,0.46,0.24143186535824235,0.017202099753142068,0.17396907216494847,0.011586707769612953,97
tct,9,nqc,16,0.46,0.1656859718968804,0.10482597334831004,0.08848797250859108,0.19912082868170233,97
tct,9,bertQPP,16,0.46,0.2780209901321866,0.005828535950454175,0.15721649484536085,0.02252544814571104,97
tct,9,bertQPP(QV),16,0.46,0.23609053272869512,0.01990720069835596,0.1357388316151203,0.04887004601219989,97
tct,9,spatial,16,0.48,0.12374558133014654,0.22720082995913504,0.10438144329896909,0.12985027258664464,97
tct,9,a_ratio,16,0.48,0.24337167948129312,0.016301467113797777,0.17697594501718217,0.010225152665271457,97
tct,9,nqc,16,0.48,0.16704210856030954,0.10197391343941586,0.0893470790378007,0.19479398827541883,97
tct,9,bertQPP,16,0.48,0.28352246526519753,0.0048904280235166735,0.1628006872852234,0.018155972846842318,97
tct,9,bertQPP(QV),16,0.48,0.2422895537240779,0.016798721395342265,0.14089347079037803,0.040901875311072,97
tct,9,spatial,16,0.5,0.1293800819545827,0.20657363663765982,0.11168384879725088,0.1050908480999539,97
tct,9,a_ratio,16,0.5,0.24501768595072007,0.015569512966054643,0.18084192439862545,0.008684754281086702,97
tct,9,nqc,16,0.5,0.16850314929806556,0.09896963128795358,0.0889175257731959,0.1969487085850582,97
tct,9,bertQPP,16,0.5,0.28892624750183216,0.004102319663525112,0.16838487972508595,0.01454739544260673,97
tct,9,bertQPP(QV),16,0.5,0.24847868238161236,0.01412275580841329,0.14561855670103094,0.03459309466060896,97
tct,9,spatial,16,0.52,0.13504186899437726,0.1872305003614889,0.11254295532646051,0.10244263799035044,97
tct,9,a_ratio,16,0.52,0.24639732112857543,0.01497810435351525,0.18556701030927839,0.00708575590459897,97
tct,9,nqc,16,0.52,0.17008156862461934,0.09580258140235186,0.08762886597938145,0.2035174890452155,97
tct,9,bertQPP,16,0.52,0.294173266986102,0.003447680439553298,0.16967353951890035,0.013810511589466142,97
tct,9,bertQPP(QV),16,0.52,0.25460451420174196,0.01184674968770338,0.15721649484536085,0.02252544814571104,97
tct,9,spatial,16,0.54,0.1407187812465157,0.16919217925604021,0.1168384879725086,0.08998850130140247,97
tct,9,a_ratio,16,0.54,0.24753667718443514,0.014504476798047408,0.18513745704467358,0.007219338175415614,97
tct,9,nqc,16,0.54,0.17179186319152623,0.09246162979817038,0.08848797250859108,0.19912082868170233,97
tct,9,bertQPP,16,0.54,0.29919667706073205,0.0029102857399042497,0.16838487972508595,0.01454739544260673,97
tct,9,bertQPP(QV),16,0.54,0.2606051075874503,0.009934488448175006,0.16237113402061856,0.018463547347092265,97
tct,9,spatial,16,0.56,0.1463978603428086,0.15246407039005158,0.12328178694158079,0.07362159410235054,97
tct,9,a_ratio,16,0.56,0.24846028083812166,0.014130128141072446,0.18427835051546396,0.0074933028749945285,97
tct,9,nqc,16,0.56,0.17365096897026588,0.08893514064288302,0.0889175257731959,0.1969487085850582,97
tct,9,bertQPP,16,0.56,0.30392244544103464,0.002474713153361517,0.17439862542955328,0.011382836808156348,97
tct,9,bertQPP(QV),16,0.56,0.26641025699706744,0.008347699450433939,0.16323024054982818,0.017852894393926448,97
tct,9,spatial,16,0.58,0.15206543749323653,0.13703659934193735,0.12628865979381446,0.0668634129345248,97
tct,9,a_ratio,16,0.58,0.2491909629555121,0.013839945369422157,0.18341924398625434,0.007776554495134835,97
tct,9,nqc,16,0.58,0.17567878282710642,0.08521113055386603,0.08848797250859108,0.19912082868170233,97
tct,9,bertQPP,16,0.58,0.30827053327519954,0.0021267690145814655,0.18127147766323026,0.008527096049992753,97
tct,9,bertQPP(QV),16,0.58,0.2719423415651717,0.0070476954246151075,0.17225085910652924,0.012434959394241826,97
tct,9,spatial,16,0.6,0.15770724114258905,0.12288606447316217,0.12800687285223372,0.06323660544752113,97
tct,9,a_ratio,16,0.6,0.2497498009012551,0.013621516782309676,0.18556701030927839,0.00708575590459897,97
tct,9,nqc,16,0.6,0.17789881887722298,0.0812775218742316,0.09106529209621994,0.18634796497677564,97
tct,9,bertQPP,16,0.6,0.31215675378620633,0.0018538284190369632,0.18513745704467358,0.007219338175415614,97
tct,9,bertQPP(QV),16,0.6,0.2771178664312105,0.005996925526823754,0.18256013745704472,0.00806936233603351,97
tct,9,spatial,16,0.62,0.16330852485907807,0.10997588943561756,0.12714776632302408,0.06502915478137135,97
tct,9,a_ratio,16,0.62,0.2501561171697798,0.013464590505601684,0.18513745704467358,0.007219338175415614,97
tct,9,nqc,16,0.62,0.18033903980631738,0.07712253964072721,0.09235395189003438,0.18019329783502935,97
tct,9,bertQPP,16,0.62,0.3154953532402993,0.0016450855206722658,0.1898625429553265,0.005867063974983271,97
tct,9,bertQPP(QV),16,0.62,0.28184977114548765,0.005160319188765325,0.1937285223367698,0.004935409194231109,97
tct,9,spatial,16,0.64,0.16885421394119374,0.09825821419435062,0.12757731958762888,0.06412770883743656,97
tct,9,a_ratio,16,0.64,0.2504275199255901,0.013360648002546412,0.1902920962199313,0.005756239608165468,97
tct,9,nqc,16,0.64,0.1830329163636672,0.07273531581142346,0.09192439862542956,0.1822278457949571,97
tct,9,bertQPP,16,0.64,0.31820228064061884,0.0014917249801767974,0.19243986254295536,0.005229928831102741,97
tct,9,bertQPP(QV),16,0.64,0.28605050586270364,0.004506344578770178,0.1984536082474227,0.003979453005162126,97
tct,9,spatial,16,0.66,0.1743290683633324,0.08767573721633391,0.13187285223367698,0.055668220302014286,97
tct,9,a_ratio,16,0.66,0.25057997335941035,0.013302567685368714,0.1890034364261169,0.006094500520977148,97
tct,9,nqc,16,0.66,0.1860207852657531,0.06810679053915211,0.09192439862542956,0.1822278457949571,97
tct,9,bertQPP,16,0.66,0.320199012774821,0.0013870379204133922,0.19544673539518906,0.0045660596694361046,97
tct,9,bertQPP(QV),16,0.66,0.28963577372006855,0.004007750354476514,0.20360824742268044,0.003130893451622874,97
tct,9,spatial,16,0.68,0.17971785883130115,0.07816371103709646,0.138745704467354,0.04407710548149226,97
tct,9,a_ratio,16,0.68,0.25062788798990976,0.013284359025742244,0.19072164948453613,0.005647306460207743,97
tct,9,nqc,16,0.68,0.18935159737113236,0.06323103595140052,0.09536082474226806,0.16642177733641728,97
tct,9,bertQPP,16,0.68,0.3214166902335973,0.0013265150637067746,0.19630584192439868,0.0043909374810577745,97
tct,9,bertQPP(QV),16,0.68,0.29252871797140967,0.003642006335018408,0.20360824742268044,0.003130893451622874,97
tct,9,spatial,16,0.7,0.18500555194153526,0.06965199090093799,0.138745704467354,0.04407710548149226,97
tct,9,a_ratio,16,0.7,0.2505842230796678,0.013300951817163597,0.19201030927835053,0.00533157487845821,97
tct,9,nqc,16,0.7,0.19308517368914482,0.05810717459255268,0.09793814432989692,0.1552606461818409,97
tct,9,bertQPP,16,0.7,0.3218002182442343,0.0013079550133462605,0.20833333333333337,0.0025015666651811157,97
tct,9,bertQPP(QV),16,0.7,0.2946642160457572,0.0033914962816193775,0.20747422680412375,0.0026065887949513057,97
tct,9,spatial,16,0.72,0.1901774997901603,0.06206704137941734,0.14304123711340208,0.037922646089534044,97
tct,9,a_ratio,16,0.72,0.25046059512126534,0.013348028615759351,0.1937285223367698,0.004935409194231109,97
tct,9,nqc,16,0.72,0.19729511280494624,0.052742121446945824,0.09922680412371135,0.1498976871116754,97
tct,9,bertQPP,16,0.72,0.3213119192566195,0.0013316266563868806,0.20747422680412375,0.0026065887949513057,97
tct,9,bertQPP(QV),16,0.72,0.2959928576369082,0.0032435378839039,0.20661512027491413,0.0027156275780873427,97
tct,9,spatial,16,0.74,0.1952196289137,0.05533381774573631,0.14604810996563578,0.03406318246416719,97
tct,9,a_ratio,16,0.74,0.2502673878620672,0.013421891035583926,0.18814432989690724,0.00632984784895861,97
tct,9,nqc,16,0.74,0.20207250709284952,0.04715443694923583,0.10008591065292097,0.14640165493450158,97
tct,9,bertQPP,16,0.74,0.3199343163327792,0.0014005213556475724,0.21262886597938147,0.002032205430312129,97
tct,9,bertQPP(QV),16,0.74,0.29648415815426876,0.0031903093928715783,0.20790378006872856,0.0025535840012904936,97
tct,9,spatial,16,0.76,0.20011862320678817,0.04937745569382576,0.147766323024055,0.03201236643126749,97
tct,9,a_ratio,16,0.76,0.25001386058023267,0.01351935264233274,0.18943298969072167,0.005979808014005902,97
tct,9,nqc,16,0.76,0.20753059144214706,0.041379611795364916,0.10609965635738833,0.1236515932692785,97
tct,9,bertQPP,16,0.76,0.31767169166792997,0.0015207226012286306,0.21048109965635742,0.002255725464528707,97
tct,9,bertQPP(QV),16,0.76,0.2961286107235475,0.003228751080935444,0.2053264604810997,0.002887015591872923,97
tct,9,spatial,16,0.78,0.20486209548393947,0.0441247226382174,0.15335051546391754,0.026061836085581373,97
tct,9,a_ratio,16,0.78,0.24970825232222982,0.013637652796830648,0.18814432989690724,0.00632984784895861,97
tct,9,nqc,16,0.78,0.21381027434980018,0.03547704390982388,0.10781786941580758,0.11768634646990996,97
tct,9,bertQPP,16,0.78,0.3145501999301087,0.0017019071516854894,0.2203608247422681,0.0013853583021557498,97
tct,9,bertQPP(QV),16,0.78,0.2949383094878496,0.0033604871587622456,0.21048109965635742,0.002255725464528707,97
tct,9,spatial,16,0.8,0.20943874264396153,0.039505204154765425,0.15378006872852237,0.025646544632394585,97
tct,9,a_ratio,16,0.8,0.24935788059424946,0.013774387046346256,0.186426116838488,0.006825229731210832,97
tct,9,nqc,16,0.8,0.22108594803447415,0.029538657339296854,0.11597938144329899,0.09237668593402237,97
tct,9,bertQPP,16,0.8,0.310616499042652,0.0019579711086032212,0.2216494845360825,0.001298168853613724,97
tct,9,bertQPP(QV),16,0.8,0.2929460626341803,0.0035917850037410835,0.21477663230240554,0.0018291772025326055,97
tct,9,spatial,16,0.82,0.21383847994797567,0.03545221819557038,0.15420962199312716,0.025236989773183314,97
tct,9,a_ratio,16,0.82,0.24896923359954384,0.013927450627733273,0.18384879725085912,0.0076337511300162714,97
tct,9,nqc,16,0.82,0.22956942842036113,0.023698234679120616,0.1164089347079038,0.09117630712765404,97
tct,9,bertQPP,16,0.82,0.30593505450035496,0.002307746083612558,0.22379725085910657,0.0011640289366746655,97
tct,9,bertQPP(QV),16,0.82,0.29020311671179777,0.003933538413443158,0.21950171821305847,0.0014464512863097319,97
tct,9,spatial,16,0.84,0.21805255070558474,0.03190346605148412,0.1589347079037801,0.021092644173514117,97
tct,9,a_ratio,16,0.84,0.2485480555629993,0.014094992394851884,0.1829896907216495,0.007921746820669876,97
tct,9,nqc,16,0.84,0.23950576353753816,0.018138543198202448,0.12328178694158079,0.07362159410235054,97
tct,9,bertQPP,16,0.84,0.300584436512926,0.002775735850792447,0.22422680412371138,0.0011387880187863695,97
tct,9,bertQPP(QV),16,0.84,0.286775790305574,0.004401234552709396,0.22422680412371138,0.0011387880187863695,97
tct,9,spatial,16,0.86,0.2220736086302085,0.02880144171635182,0.16408934707903783,0.01726000960595295,97
tct,9,a_ratio,16,0.86,0.24809942501247406,0.014275377063087215,0.18084192439862545,0.008684754281086702,97
tct,9,nqc,16,0.86,0.2511439589072145,0.01308961050049901,0.13101374570446736,0.05728140399891128,97
tct,9,bertQPP,16,0.86,0.29465303017298394,0.0033927672043801054,0.2173539518900344,0.0016102081655090619,97
tct,9,bertQPP(QV),16,0.86,0.28274142931113033,0.005014844554866581,0.23324742268041243,0.0007126038672884247,97
tct,9,spatial,16,0.88,0.2258957712117855,0.0260936299675132,0.16237113402061856,0.018463547347092265,97
tct,9,a_ratio,16,0.88,0.24762782611906325,0.01446715411443243,0.18170103092783507,0.008372001763204117,97
tct,9,nqc,16,0.88,0.2646385640624831,0.00880648320280618,0.14304123711340208,0.037922646089534044,97
tct,9,bertQPP,16,0.88,0.2882346031913391,0.004196418558032962,0.21563573883161516,0.0017533187111864498,97
tct,9,bertQPP(QV),16,0.88,0.27818413100482076,0.005798569300111689,0.22809278350515466,0.000933347093157991,97
tct,9,spatial,16,0.9,0.22951464359244478,0.02373252824657206,0.1666666666666667,0.01558372473088864,97
tct,9,a_ratio,16,0.9,0.24713721335701597,0.014669032057141122,0.17955326460481102,0.009173476196585428,97
tct,9,nqc,16,0.9,0.27977355079735966,0.005513692491579624,0.154639175257732,0.024833107958687445,97
tct,9,bertQPP,16,0.9,0.28142412919542137,0.005231077009113438,0.21262886597938147,0.002032205430312129,97
tct,9,bertQPP(QV),16,0.9,0.2731906443707371,0.006780377649593708,0.21606529209621997,0.0017164841150655054,97
tct,9,spatial,16,0.92,0.23292731354648405,0.021675528795360808,0.17053264604811,0.013337754848227265,97
tct,9,a_ratio,16,0.92,0.24663106984619312,0.01487985700721092,0.18170103092783507,0.008372001763204117,97
tct,9,nqc,16,0.92,0.2952743855790993,0.0033228125981002612,0.16022336769759454,0.02007078628569656,97
tct,9,bertQPP,16,0.92,0.2743141680359167,0.006547489159800979,0.20274914089347082,0.003259747042536618,97
tct,9,bertQPP(QV),16,0.92,0.2678467608956329,0.007991295091560465,0.2053264604810997,0.002887015591872923,97
tct,9,spatial,16,0.94,0.23613231919342026,0.01988469618266569,0.17053264604811,0.013337754848227265,97
tct,9,a_ratio,16,0.94,0.24611245979997615,0.01509859477247441,0.18170103092783507,0.008372001763204117,97
tct,9,nqc,16,0.94,0.30739503579927685,0.0021930542719945825,0.18041237113402064,0.008845012615594157,97
tct,9,bertQPP,16,0.94,0.2669919855054233,0.008201717658011426,0.19888316151202753,0.0039014834427261624,97
tct,9,bertQPP(QV),16,0.94,0.2622343917905842,0.009464433864490165,0.202319587628866,0.003325969220576063,97
tct,9,spatial,16,0.96,0.23912959195602723,0.018326472133839096,0.17654639175257736,0.010410504577977625,97
tct,9,a_ratio,16,0.96,0.2455840755307015,0.015324315787328922,0.18084192439862545,0.008684754281086702,97
tct,9,nqc,16,0.96,0.30827437897397203,0.002126481882847568,0.1911512027491409,0.005540236417616152,97
tct,9,bertQPP,16,0.96,0.2595374789103804,0.010253490151841209,0.19759450171821308,0.0041396512632380965,97
tct,9,bertQPP(QV),16,0.96,0.2564294110098256,0.01123379532057967,0.19587628865979384,0.004477722918252414,97
tct,9,spatial,16,0.98,0.2419203779733099,0.01697133520145302,0.18127147766323026,0.008527096049992753,97
tct,9,a_ratio,16,0.98,0.24504827947177524,0.015556182377519389,0.17998281786941583,0.009007907605249525,97
tct,9,nqc,16,0.98,0.2879654622579497,0.004233553090321037,0.20747422680412375,0.0026065887949513057,97
tct,9,bertQPP,16,0.98,0.25202188002628123,0.012764016851770678,0.18814432989690724,0.00632984784895861,97
tct,9,bertQPP(QV),16,0.98,0.2505002472855609,0.013332913542556753,0.1868556701030928,0.006698222213035896,97
tct,9,spatial,16,1.0,0.2445071416673865,0.01579343793786832,0.18084192439862545,0.008684754281086702,97
tct,9,a_ratio,16,1.0,0.2445071416673865,0.01579343793786832,0.18084192439862545,0.008684754281086702,97
tct,9,nqc,16,1.0,0.2445071416673865,0.01579343793786832,0.18084192439862545,0.008684754281086702,97
tct,9,bertQPP,16,1.0,0.2445071416673865,0.01579343793786832,0.18084192439862545,0.008684754281086702,97
tct,9,bertQPP(QV),16,1.0,0.2445071416673865,0.01579343793786832,0.18084192439862545,0.008684754281086702,97
