retriever,k,qpp_method,window_size,alpha,r,p1(r),tau,p1(tau),num_of_queries
tct,10,spatial,2,0.0,0.033377062904937055,0.7455179611795428,0.01718213058419244,0.8031038928688624,97
tct,10,a_ratio,2,0.0,0.12032506943967171,0.2404059919205959,0.1168384879725086,0.08998850130140247,97
tct,10,nqc,2,0.0,0.1374755409635702,0.1793335293649571,0.10524054982817871,0.12672143082539938,97
tct,10,bertQPP,2,0.0,0.24060884244426767,0.017597008346410068,0.16065292096219932,0.019739903980340746,97
tct,10,bertQPP(QV),2,0.0,0.22743786537523114,0.025064137471383592,0.14218213058419246,0.039091423487606906,97
tct,10,spatial,2,0.02,0.03832028932433265,0.7094049495498133,0.021477663230240553,0.7552950224453057,97
tct,10,a_ratio,2,0.02,0.13375635943443365,0.19150241210574392,0.12714776632302408,0.06502915478137135,97
tct,10,nqc,2,0.02,0.13801581007649233,0.17761397367430154,0.10567010309278352,0.12517917667351905,97
tct,10,bertQPP,2,0.02,0.24484663158911937,0.015644229303555413,0.16151202749140894,0.01909240321886764,97
tct,10,bertQPP(QV),2,0.02,0.23156261507571446,0.0224790120490993,0.14604810996563578,0.03406318246416719,97
tct,10,spatial,2,0.04,0.04342889728048356,0.6727480150704189,0.026632302405498288,0.6991524853070341,97
tct,10,a_ratio,2,0.04,0.14729448199576212,0.14994040669398925,0.14261168384879727,0.03850326567762371,97
tct,10,nqc,2,0.04,0.13857839110634246,0.1758362774108791,0.10652920962199315,0.12213859984356254,97
tct,10,bertQPP,2,0.04,0.24923880497156087,0.013821127350408226,0.16323024054982818,0.017852894393926448,97
tct,10,bertQPP(QV),2,0.04,0.23583499057422355,0.020045302067157714,0.14862542955326463,0.03102727109196935,97
tct,10,spatial,2,0.06,0.048708268813164896,0.6356544741782657,0.030927835051546396,0.653577523351426,97
tct,10,a_ratio,2,0.06,0.16087322382875083,0.11545295060959876,0.14905498281786944,0.030544557732034724,97
tct,10,nqc,2,0.06,0.13916469113484262,0.17399756360153695,0.10695876288659796,0.12064011527036375,97
tct,10,bertQPP,2,0.06,0.25379184801997134,0.012128973787997432,0.1666666666666667,0.01558372473088864,97
tct,10,bertQPP(QV),2,0.06,0.24026103469334437,0.01776623211327747,0.14819587628865982,0.031516517606653575,97
tct,10,spatial,2,0.08,0.054163719328569726,0.5982475149413388,0.033075601374570454,0.6312527656924587,97
tct,10,a_ratio,2,0.08,0.1744215745568365,0.0875050325413545,0.154639175257732,0.024833107958687445,97
tct,10,nqc,2,0.08,0.13977623771204442,0.17209477407212165,0.10781786941580758,0.11768634646990996,97
tct,10,bertQPP,2,0.08,0.2585123600373592,0.01056819789447812,0.1679553264604811,0.014800614099959652,97
tct,10,bertQPP(QV),2,0.08,0.24484688433536272,0.015644118675707894,0.1516323024054983,0.027781654237823455,97
tct,10,spatial,2,0.1,0.05980044315945954,0.5606663685704978,0.03780068728522337,0.5833275904873889,97
tct,10,a_ratio,2,0.1,0.18786520289138092,0.06537059726561752,0.16108247422680416,0.01941379508307944,97
tct,10,nqc,2,0.1,0.14041469198510287,0.17012465645907446,0.1086769759450172,0.11478963120763813,97
tct,10,bertQPP,2,0.1,0.2634070065204762,0.009138320971054412,0.16838487972508595,0.01454739544260673,97
tct,10,bertQPP(QV),2,0.1,0.24959872552392498,0.013680268830482257,0.1516323024054983,0.027781654237823455,97
tct,10,spatial,2,0.12,0.0656234495420151,0.5230660494747665,0.04166666666666668,0.5454246199804633,97
tct,10,a_ratio,2,0.12,0.20112820773454937,0.04821823933821315,0.1670962199312715,0.015318729327102553,97
tct,10,nqc,2,0.12,0.14108186357562233,0.16808375033747064,0.10910652920962201,0.11336246240953972,97
tct,10,bertQPP,2,0.12,0.26848245717310054,0.007837902875827928,0.1701030927835052,0.013572314777054699,97
tct,10,bertQPP(QV),2,0.12,0.25452273552245774,0.011874888213244731,0.15721649484536085,0.02252544814571104,97
tct,10,spatial,2,0.14,0.07163748792152233,0.4856165684731131,0.04424398625429554,0.52085358029868,97
tct,10,a_ratio,2,0.14,0.2141350634205405,0.03519205634240026,0.18256013745704472,0.00806936233603351,97
tct,10,nqc,2,0.14,0.14177972748228626,0.16596837244961712,0.10996563573883163,0.110550087489207,97
tct,10,bertQPP,2,0.14,0.27374530648665785,0.00666450503431246,0.17396907216494847,0.011586707769612953,97
tct,10,bertQPP(QV),2,0.14,0.2596250093043547,0.010227003003141694,0.16237113402061856,0.018463547347092265,97
tct,10,spatial,2,0.16,0.07784696148717296,0.4485015262223383,0.046391752577319596,0.5008221569685896,97
tct,10,a_ratio,2,0.16,0.22681265357289965,0.025477276625238972,0.18470790378006877,0.007355176256510775,97
tct,10,nqc,2,0.16,0.14251044333645316,0.16377460103608707,0.11039518900343644,0.10916471457232763,97
tct,10,bertQPP,2,0.16,0.27920197318179263,0.005614674006224648,0.1782646048109966,0.009686599012848096,97
tct,10,bertQPP(QV),2,0.16,0.2649114671673046,0.008734401068439182,0.16623711340206188,0.015852745291372216,97
tct,10,spatial,2,0.18,0.08425582786380685,0.41191600431945996,0.050687285223367705,0.46201693847175085,97
tct,10,a_ratio,2,0.18,0.23909227251503895,0.018345207424195393,0.20446735395189009,0.0030066996042901117,97
tct,10,nqc,2,0.18,0.1432763774001241,0.1614982592964569,0.11168384879725088,0.1050908480999539,97
tct,10,bertQPP,2,0.18,0.2848585741487049,0.004683949530534422,0.18341924398625434,0.007776554495134835,97
tct,10,bertQPP(QV),2,0.18,0.27038773974384145,0.007393597630982303,0.17053264604811,0.013337754848227265,97
tct,10,spatial,2,0.2,0.0908674859691421,0.37606369199668965,0.05498281786941581,0.42495013508695245,97
tct,10,a_ratio,2,0.2,0.25091146989243335,0.013177034665273488,0.21219931271477666,0.0020752134680172376,97
tct,10,nqc,2,0.2,0.14408012777073329,0.15913489804259176,0.11168384879725088,0.1050908480999539,97
tct,10,bertQPP,2,0.2,0.29072076779656597,0.0038669004941010213,0.18556701030927839,0.00708575590459897,97
tct,10,bertQPP(QV),2,0.2,0.27605902606804655,0.0061998307078056205,0.17310996563573885,0.01200419316896961,97
tct,10,spatial,2,0.22,0.09768464819551963,0.34115321865565906,0.05884879725085912,0.3931257746774063,97
tct,10,a_ratio,2,0.22,0.26221562438842605,0.009469735211184209,0.22079037800687287,0.0013557124652369783,97
tct,10,nqc,2,0.22,0.14492455334882637,0.1566797776565936,0.11340206185567013,0.09984779835922447,97
tct,10,bertQPP,2,0.22,0.29679356093691855,0.0031571914111072396,0.18857388316151205,0.006211170636578692,97
tct,10,bertQPP(QV),2,0.22,0.2819299197282784,0.005147091088377588,0.17439862542955328,0.011382836808156348,97
tct,10,spatial,2,0.24,0.10470919731460289,0.30739370777144914,0.05970790378006874,0.38625489539833124,97
tct,10,a_ratio,2,0.24,0.2729591551486696,0.006829261876920312,0.22766323024054988,0.0009543472910132449,97
tct,10,nqc,2,0.24,0.1458128072370341,0.15412784953305375,0.11426116838487975,0.09730564872611688,97
tct,10,bertQPP,2,0.24,0.30308107251065386,0.0025476807194324946,0.19458762886597944,0.004747484369155047,97
tct,10,bertQPP(QV),2,0.24,0.2880041974935966,0.004228190619065416,0.17998281786941583,0.009007907605249525,97
tct,10,spatial,2,0.26,0.11194202785274848,0.27498962578518055,0.06658075601374572,0.3339631552636785,97
tct,10,a_ratio,2,0.26,0.2831063116645755,0.004956373679578842,0.23324742268041243,0.0007126038672884247,97
tct,10,nqc,2,0.26,0.14674837537709162,0.15147373727722846,0.11512027491408937,0.09481550621817705,97
tct,10,bertQPP,2,0.26,0.3095862466717259,0.002030550491290359,0.19931271477663232,0.003824903963020039,97
tct,10,bertQPP(QV),2,0.26,0.29428456419020166,0.003434871031351847,0.18170103092783507,0.008372001763204117,97
tct,10,spatial,2,0.28,0.11938287216656727,0.24413506853629466,0.06872852233676977,0.3186051074891699,97
tct,10,a_ratio,2,0.28,0.2926315198048648,0.0036295776528452303,0.23711340206185572,0.000580033168540485,97
tct,10,nqc,2,0.28,0.14773512140284858,0.14871171805540923,0.11469072164948456,0.0960541193445157,97
tct,10,bertQPP,2,0.28,0.3163105070418413,0.0015974650680732545,0.2014604810996564,0.0034621026042757834,97
tct,10,bertQPP(QV),2,0.28,0.3007723470906974,0.0027579534517246955,0.186426116838488,0.006825229731210832,97
tct,10,spatial,2,0.3,0.1270301120845797,0.21500770328945887,0.07302405498281789,0.28929863271816614,97
tct,10,a_ratio,2,0.3,0.3015192982935734,0.0026882759524575217,0.2414089347079038,0.0004598488311252096,97
tct,10,nqc,2,0.3,0.1487773389000481,0.14583570466213136,0.1164089347079038,0.09117630712765404,97
tct,10,bertQPP,2,0.3,0.3232533434687188,0.0012397537820833292,0.21520618556701035,0.0017908788065225548,97
tct,10,bertQPP(QV),2,0.3,0.3074671327629109,0.002187526121809253,0.19544673539518906,0.0045660596694361046,97
tct,10,spatial,2,0.32,0.13488057779165535,0.18776265959152508,0.077319587628866,0.2618647746424714,97
tct,10,a_ratio,2,0.32,0.30976379156709427,0.0020178720926141143,0.24312714776632308,0.0004186340215940853,97
tct,10,nqc,2,0.32,0.14987981252962365,0.14283922909572683,0.11726804123711342,0.08881318243030219,97
tct,10,bertQPP,2,0.32,0.33041182253119006,0.0009486105181495023,0.21821305841924402,0.0015427588468996702,97
tct,10,bertQPP(QV),2,0.32,0.314366339348879,0.001713164878922652,0.19630584192439868,0.0043909374810577745,97
tct,10,spatial,2,0.34,0.14292933663243831,0.162526727623353,0.08333333333333336,0.22656268559471548,97
tct,10,a_ratio,2,0.34,0.31736798825714246,0.0015375495282348474,0.24785223367697598,0.0003223841860548392,97
tct,10,nqc,2,0.34,0.1510478898053484,0.13971542873903073,0.1164089347079038,0.09117630712765404,97
tct,10,bertQPP,2,0.34,0.33778001358371623,0.0007153006693336834,0.21993127147766325,0.0014156009702633058,97
tct,10,bertQPP(QV),2,0.34,0.32146471780529073,0.0013241778430698602,0.20317869415807563,0.0031947282487263706,97
tct,10,spatial,2,0.36,0.15116947570252232,0.13939326709930014,0.09106529209621994,0.18634796497677564,97
tct,10,a_ratio,2,0.36,0.32434270792129166,0.0011907625508111037,0.24570446735395193,0.0003632334933323789,97
tct,10,nqc,2,0.36,0.15228756573863741,0.13645703665251532,0.1168384879725086,0.08998850130140247,97
tct,10,bertQPP,2,0.36,0.34534832365512963,0.0005313643811083653,0.22938144329896912,0.0008728876884960134,97
tct,10,bertQPP(QV),2,0.36,0.3287537769967559,0.0010098628684459576,0.20489690721649487,0.002946303078171719,97
tct,10,spatial,2,0.38,0.15959188347141293,0.1184182413417554,0.09450171821305844,0.17027316035268703,97
tct,10,a_ratio,2,0.38,0.3307054421770663,0.0009381232847002319,0.24828178694158082,0.0003147483455907583,97
tct,10,nqc,2,0.38,0.1536055830992707,0.13305637803886722,0.11769759450171824,0.08765026442852013,97
tct,10,bertQPP,2,0.38,0.3531027374476141,0.0003888041973471572,0.2285223367697595,0.0009127757207962206,97
tct,10,bertQPP(QV),2,0.38,0.33622113002965665,0.0007597640604896781,0.20704467353951894,0.0026605976928076114,97
tct,10,spatial,2,0.4,0.1681850372078557,0.09961775975978156,0.09836769759450173,0.15345704089516993,97
tct,10,a_ratio,2,0.4,0.3364791315532229,0.0007522350337491988,0.25000000000000006,0.00028586619810323126,97
tct,10,nqc,2,0.4,0.15500955172560815,0.12950537567978274,0.1207044673539519,0.07984982362376257,97
tct,10,bertQPP,2,0.4,0.36102396356495126,0.0002802456064726787,0.23152920962199317,0.0007801296905645403,97
tct,10,bertQPP(QV),2,0.4,0.3438497632596847,0.0005639124670159431,0.20833333333333337,0.0025015666651811157,97
tct,10,spatial,2,0.42,0.17693480459727198,0.08296743161587988,0.10352233676975947,0.1330387570764664,97
tct,10,a_ratio,2,0.42,0.34169094843864384,0.0006140198243747638,0.25000000000000006,0.00028586619810323126,97
tct,10,nqc,2,0.42,0.1565080911982038,0.12579556814305526,0.1202749140893471,0.08092834885233069,97
tct,10,bertQPP,2,0.42,0.36908649556983636,0.00019906069484194975,0.23539518900343648,0.0006358327263393619,97
tct,10,bertQPP(QV),2,0.42,0.351617235475945,0.0004130362957030089,0.21048109965635742,0.002255725464528707,97
tct,10,spatial,2,0.44,0.18582426956108197,0.06840370545567848,0.1086769759450172,0.11478963120763813,97
tct,10,a_ratio,2,0.44,0.3463711420293777,0.0005101482087014156,0.2512886597938145,0.00026585493232954136,97
tct,10,nqc,2,0.44,0.15811100232962066,0.12191814589967244,0.1202749140893471,0.08092834885233069,97
tct,10,bertQPP,2,0.44,0.3772576072103546,0.00013944810262988817,0.23625429553264607,0.0006073368350083252,97
tct,10,bertQPP(QV),2,0.44,0.3594948233592775,0.0002987279037595291,0.2177835051546392,0.0015761513468118154,97
tct,10,spatial,2,0.46,0.19483359377961695,0.055827201287363994,0.11769759450171824,0.08765026442852013,97
tct,10,a_ratio,2,0.46,0.3505519854923829,0.0004312593055338345,0.2530068728522337,0.00024121095691616908,97
tct,10,nqc,2,0.46,0.15982947440634948,0.11786401229551444,0.11984536082474227,0.08201867152410211,97
tct,10,bertQPP,2,0.46,0.38549631579235755,9.646645537142436e-05,0.24269759450171827,0.0004286013573495472,97
tct,10,bertQPP(QV),2,0.46,0.3674466408819893,0.00021355831390495336,0.2212199312714777,0.001326652810302692,97
tct,10,spatial,2,0.48,0.20393992661740365,0.0451078548427946,0.12328178694158079,0.07362159410235054,97
tct,10,a_ratio,2,0.48,0.3542668505358849,0.0003707359942319932,0.25472508591065296,0.00021872261513442568,97
tct,10,nqc,2,0.48,0.16167633706317933,0.11362387875026055,0.1207044673539519,0.07984982362376257,97
tct,10,bertQPP,2,0.48,0.3937523666016829,6.602288724457174e-05,0.2452749140893471,0.0003719636432157586,97
tct,10,bertQPP(QV),2,0.48,0.3754287751297208,0.0001511347961516312,0.22766323024054988,0.0009543472910132449,97
tct,10,spatial,2,0.5,0.213117376851678,0.03609151044909965,0.12929553264604812,0.060624507125192455,97
tct,10,a_ratio,2,0.5,0.35754942145000135,0.0003238646845041527,0.2555841924398626,0.0002082313453780151,97
tct,10,nqc,2,0.5,0.16366636823744918,0.10918840681957219,0.12113402061855671,0.07878300963914868,97
tct,10,bertQPP,2,0.5,0.40196531438310673,4.4822499733350545e-05,0.24570446735395193,0.0003632334933323789,97
tct,10,bertQPP(QV),2,0.5,0.3833884989754109,0.00010610248918202863,0.23152920962199317,0.0007801296905645403,97
tct,10,spatial,2,0.52,0.22233705959111172,0.028607449619260022,0.1365979381443299,0.04745794602168577,97
tct,10,a_ratio,2,0.52,0.36043305011974425,0.00028725908718486067,0.2512886597938145,0.00026585493232954136,97
tct,10,nqc,2,0.52,0.165816673063791,0.10454841413524775,0.1202749140893471,0.08092834885233069,97
tct,10,bertQPP,2,0.52,0.4100638041556343,3.028791717898694e-05,0.2555841924398626,0.0002082313453780151,97
tct,10,bertQPP(QV),2,0.52,0.3912636413665844,7.40962957099148e-05,0.23625429553264607,0.0006073368350083252,97
tct,10,spatial,2,0.54,0.23156723082021294,0.022476252109074946,0.14132302405498284,0.040290653027956765,97
tct,10,a_ratio,2,0.54,0.3629502456955595,0.0002584642786267682,0.25429553264604815,0.00022415245533308512,97
tct,10,nqc,2,0.54,0.16814715314072223,0.09969516709262502,0.12199312714776635,0.07668417076895777,97
tct,10,bertQPP,2,0.54,0.4179651807267829,2.0459971528398964e-05,0.25515463917525777,0.00021341645031147517,97
tct,10,bertQPP(QV),2,0.54,0.39898221698140945,5.1653526279009286e-05,0.24226804123711343,0.00043878992015195634,97
tct,10,spatial,2,0.56,0.24077351992357543,0.01751737170953011,0.14862542955326463,0.03102727109196935,97
tct,10,a_ratio,2,0.56,0.3651322873715756,0.00023568363933181035,0.25429553264604815,0.00022415245533308512,97
tct,10,nqc,2,0.56,0.17068109176503832,0.09462079093708342,0.1207044673539519,0.07984982362376257,97
tct,10,bertQPP,2,0.56,0.4255755799949906,1.389073757284283e-05,0.2628865979381444,0.00013630357600274067,97
tct,10,bertQPP(QV),2,0.56,0.4064624356685832,3.610031869153737e-05,0.24957044673539522,0.00029284438819506046,97
tct,10,spatial,2,0.58,0.2499192672078344,0.013555873775510182,0.154639175257732,0.024833107958687445,97
tct,10,a_ratio,2,0.58,0.3670089457017851,0.00021758957015208567,0.2525773195876289,0.00024716269151633816,97
tct,10,nqc,2,0.58,0.17344588910185324,0.08931883814772044,0.1207044673539519,0.07984982362376257,97
tct,10,bertQPP,2,0.58,0.43279066925625886,9.538779886643398e-06,0.2684707903780069,9.786936882852283e-05,97
tct,10,bertQPP(QV),2,0.58,0.4136132239445401,2.542541254760633e-05,0.25816151202749144,0.00017952274646223222,97
tct,10,spatial,2,0.6,0.258965968829947,0.010427913708758786,0.1658075601374571,0.016125841537736958,97
tct,10,a_ratio,2,0.6,0.36860829662311767,0.0002031914669607753,0.25386597938144334,0.00022970863763271067,97
tct,10,nqc,2,0.6,0.17647399270119773,0.08378506929703808,0.12199312714776635,0.07668417076895777,97
tct,10,bertQPP,2,0.6,0.4394972001350653,6.674017153246025e-06,0.2779209621993128,5.5081722625004346e-05,97
tct,10,bertQPP(QV),2,0.6,0.4203353900554526,1.8153529608551943e-05,0.2689003436426117,9.538240628081039e-05,97
tct,10,spatial,2,0.62,0.26787382578559915,0.007984710867496516,0.17654639175257736,0.010410504577977625,97
tct,10,a_ratio,2,0.62,0.3699566123890147,0.00019174298455487085,0.25429553264604815,0.00022415245533308512,97
tct,10,nqc,2,0.62,0.17980408450030463,0.0780185173434961,0.12328178694158079,0.07362159410235054,97
tct,10,bertQPP,2,0.62,0.4455755074366404,4.796688355077022e-06,0.2882302405498282,2.882624188772262e-05,97
tct,10,bertQPP(QV),2,0.62,0.4265235441770217,1.3227902631973868e-05,0.2740549828178695,6.983500538924286e-05,97
tct,10,spatial,2,0.64,0.27660238700894735,0.006094959249254351,0.1786941580756014,0.00951278395726825,97
tct,10,a_ratio,2,0.64,0.3710783145301253,0.00018267639974652806,0.2508591065292096,0.00027237466938260737,97
tct,10,nqc,2,0.64,0.1834826071559964,0.07202292659962913,0.12285223367697597,0.07463114343880432,97
tct,10,bertQPP,2,0.64,0.4509030223718812,3.5721367907834567e-06,0.29725085910652926,1.607297344135024e-05,97
tct,10,bertQPP(QV),2,0.64,0.43206884030917403,9.90812905163896e-06,0.28006872852233683,4.8215372827859356e-05,97
tct,10,spatial,2,0.66,0.28511126965659606,0.004645783883233389,0.18084192439862545,0.008684754281086702,97
tct,10,a_ratio,2,0.66,0.3719959754037546,0.0001755557802600997,0.24828178694158082,0.0003147483455907583,97
tct,10,nqc,2,0.66,0.1875657425463294,0.0658086802162133,0.12628865979381446,0.0668634129345248,97
tct,10,bertQPP,2,0.66,0.4553587658267525,2.7809610102383525e-06,0.2976804123711341,1.56256421584244e-05,97
tct,10,bertQPP(QV),2,0.66,0.4368625331392072,7.686228613833104e-06,0.2882302405498282,2.882624188772262e-05,97
tct,10,spatial,2,0.68,0.29336093291508863,0.003542476689156283,0.19458762886597944,0.004747484369155047,97
tct,10,a_ratio,2,0.68,0.37273035660273546,0.0001700432932615211,0.24785223367697598,0.0003223841860548392,97
tct,10,nqc,2,0.68,0.1921219965957877,0.05939535096390053,0.13015463917525774,0.058933277914773506,97
tct,10,bertQPP,2,0.68,0.4588286513244081,2.282721049886319e-06,0.30713058419243994,8.318768128883354e-06,97
tct,10,bertQPP(QV),2,0.68,0.4408002436741374,6.221106348024926e-06,0.2890893470790379,2.728561756069487e-05,97
tct,10,spatial,2,0.7,0.3013134758920866,0.0027073158320372816,0.2018900343642612,0.0033934144348203364,97
tct,10,a_ratio,2,0.7,0.3733004742735767,0.00016587476192942872,0.24226804123711343,0.00043878992015195634,97
tct,10,nqc,2,0.7,0.1972356008304116,0.052815019514591804,0.13101374570446736,0.05728140399891128,97
tct,10,bertQPP,2,0.7,0.4612112738217131,1.990813551145865e-06,0.31271477663230246,5.683215243068202e-06,97
tct,10,bertQPP(QV),2,0.7,0.44378671134831965,5.289845344039251e-06,0.2968213058419244,1.6532495235382776e-05,97
tct,10,spatial,2,0.72,0.30893342603768154,0.0020777889265513726,0.20790378006872856,0.0025535840012904936,97
tct,10,a_ratio,2,0.72,0.373723683112678,0.00016284178111418385,0.2452749140893471,0.0003719636432157586,97
tct,10,nqc,2,0.72,0.20301101556741613,0.04611648059851973,0.13359106529209622,0.05255528194642074,97
tct,10,bertQPP,2,0.72,0.4624237167109347,1.8561804940982104e-06,0.3140034364261169,5.20020589852169e-06,97
tct,10,bertQPP(QV),2,0.72,0.4457406954099393,4.753401894134685e-06,0.29596219931271484,1.7489373396802984e-05,97
tct,10,spatial,2,0.74,0.3161884826992184,0.0016045132003943328,0.21262886597938147,0.002032205430312129,97
tct,10,a_ratio,2,0.74,0.3740157723882828,0.00016077852178687202,0.2452749140893471,0.0003719636432157586,97
tct,10,nqc,2,0.74,0.2095789122989227,0.03937035593165089,0.1396048109965636,0.042782883164389815,97
tct,10,bertQPP,2,0.74,0.4624068101308112,1.8579972018871871e-06,0.3170103092783506,4.221311146521986e-06,97
tct,10,bertQPP(QV),2,0.74,0.446599598849425,4.53420246840982e-06,0.304553264604811,9.896994629604745e-06,97
tct,10,spatial,2,0.76,0.3230501812351062,0.0012490905693565736,0.2212199312714777,0.001326652810302692,97
tct,10,a_ratio,2,0.76,0.37419106873285934,0.0001595519142173663,0.24269759450171827,0.0004286013573495472,97
tct,10,nqc,2,0.76,0.21710411100681454,0.03267486865570627,0.14304123711340208,0.037922646089534044,97
tct,10,bertQPP,2,0.76,0.46112925261971704,2.000247014587047e-06,0.31271477663230246,5.683215243068202e-06,97
tct,10,bertQPP(QV),2,0.76,0.44632334938932455,4.6036422858141454e-06,0.30412371134020627,1.0186398880976669e-05,97
tct,10,spatial,2,0.78,0.3294944467010688,0.0009820687455842367,0.22809278350515466,0.000933347093157991,97
tct,10,a_ratio,2,0.78,0.3742625416507992,0.00015905428550181728,0.24269759450171827,0.0004286013573495472,97
tct,10,nqc,2,0.78,0.22579600108960776,0.02616145703227386,0.14819587628865982,0.031516517606653575,97
tct,10,bertQPP,2,0.78,0.45859008640609356,2.314078088644148e-06,0.3152920962199313,4.75664659035603e-06,97
tct,10,bertQPP(QV),2,0.78,0.44489710329710125,4.978385818343273e-06,0.30154639175257736,1.209997925730956e-05,97
tct,10,spatial,2,0.8,0.33550201224400844,0.0007811142887406048,0.23324742268041243,0.0007126038672884247,97
tct,10,a_ratio,2,0.8,0.37424190869248974,0.00015919779428623303,0.24570446735395193,0.0003632334933323789,97
tct,10,nqc,2,0.8,0.23592182327599254,0.01999828349242735,0.154639175257732,0.024833107958687445,97
tct,10,bertQPP,2,0.8,0.4548191927007728,2.8671055058790525e-06,0.3140034364261169,5.20020589852169e-06,97
tct,10,bertQPP(QV),2,0.8,0.4423324443552659,5.7255796047113976e-06,0.2976804123711341,1.56256421584244e-05,97
tct,10,spatial,2,0.82,0.34105868544477436,0.0006294485305827557,0.24312714776632308,0.0004186340215940853,97
tct,10,a_ratio,2,0.82,0.3741397380715923,0.00015991019194394355,0.24785223367697598,0.0003223841860548392,97
tct,10,nqc,2,0.82,0.24782237523761438,0.014387770919127798,0.1550687285223368,0.024434836082135623,97
tct,10,bertQPP,2,0.82,0.4498757192635491,3.782516808299525e-06,0.3135738831615121,5.356666700888974e-06,97
tct,10,bertQPP(QV),2,0.82,0.43866691928317175,6.978604037471786e-06,0.29295532646048117,2.127112554068262e-05,97
tct,10,spatial,2,0.84,0.3461554551473107,0.0005145564197530692,0.23754295532646055,0.0005668140402706258,97
tct,10,a_ratio,2,0.84,0.3739655471671337,0.00016113157041515317,0.24742268041237117,0.00033019314561040996,97
tct,10,nqc,2,0.84,0.26192694064470706,0.009551610526772936,0.16623711340206188,0.015852745291372216,97
tct,10,bertQPP,2,0.84,0.4438446194715635,5.273158777330701e-06,0.31228522336769765,5.853552285638025e-06,97
tct,10,bertQPP(QV),2,0.84,0.4339619523395637,8.966862857057975e-06,0.288659793814433,2.804587392927909e-05,97
tct,10,spatial,2,0.86,0.3507884408729601,0.00042715168227121697,0.24312714776632308,0.0004186340215940853,97
tct,10,a_ratio,2,0.86,0.37372789587743194,0.00016281184956690024,0.24699312714776633,0.0003381788389163567,97
tct,10,nqc,2,0.86,0.2787559862299646,0.005694604144402711,0.17697594501718217,0.010225152665271457,97
tct,10,bertQPP,2,0.86,0.43683171441867175,7.698881455762508e-06,0.3088487972508592,7.4035267389540595e-06,97
tct,10,bertQPP(QV),2,0.86,0.42829937634928955,1.2065366070679409e-05,0.28608247422680416,3.304769864022772e-05,97
tct,10,spatial,2,0.88,0.3549586958249884,0.00036036712539313056,0.24312714776632308,0.0004186340215940853,97
tct,10,a_ratio,2,0.88,0.37343447420060455,0.00016490882295879653,0.24484536082474234,0.00038088964117221485,97
tct,10,nqc,2,0.88,0.29887685517264795,0.0029421126456436555,0.1941580756013746,0.0048406217198878375,97
tct,10,bertQPP,2,0.88,0.42895784150884936,1.1659232862905405e-05,0.2933848797250859,2.0686822197476286e-05,97
tct,10,bertQPP(QV),2,0.88,0.42177696731181796,1.6872401042486933e-05,0.2830756013745705,3.995381628708257e-05,97
tct,10,spatial,2,0.9,0.3586718819523441,0.00030913332656891,0.2439862542955327,0.0003993454119661632,97
tct,10,a_ratio,2,0.9,0.3730921837267337,0.00016738662829589765,0.24183848797250862,0.0004492042155364218,97
tct,10,nqc,2,0.9,0.32271507739831157,0.0012646307277463427,0.22508591065292102,0.0010898172708815595,97
tct,10,bertQPP,2,0.9,0.4203527017896208,1.813761782340555e-05,0.29037800687285226,2.5120678036492542e-05,97
tct,10,bertQPP(QV),2,0.9,0.4145034497021221,2.4326034167396343e-05,0.2779209621993128,5.5081722625004346e-05,97
tct,10,spatial,2,0.92,0.36193784100609616,0.0002697092451557674,0.24828178694158082,0.0003147483455907583,97
tct,10,a_ratio,2,0.92,0.37270721295788095,0.0001702145431185263,0.24183848797250862,0.0004492042155364218,97
tct,10,nqc,2,0.92,0.349972775638771,0.0004414749296518052,0.24699312714776633,0.0003381788389163567,97
tct,10,bertQPP,2,0.92,0.41114896813314966,2.871603458985385e-05,0.28049828178694164,4.694321427271648e-05,97
tct,10,bertQPP(QV),2,0.92,0.40659344249305746,3.58717770446448e-05,0.27233676975945026,7.752860694391557e-05,97
tct,10,spatial,2,0.94,0.36477008871091976,0.00023933189939393646,0.24785223367697598,0.0003223841860548392,97
tct,10,a_ratio,2,0.94,0.3722851065398751,0.00017336603123392297,0.24183848797250862,0.0004492042155364218,97
tct,10,nqc,2,0.94,0.3781474054796783,0.00013407023256436514,0.2714776632302406,8.166950933778078e-05,97
tct,10,bertQPP,2,0.94,0.401477093263956,4.5879482190995126e-05,0.27018900343642616,8.827472841766767e-05,97
tct,10,bertQPP(QV),2,0.94,0.3981627525763728,5.3693316641283305e-05,0.2628865979381444,0.00013630357600274067,97
tct,10,spatial,2,0.96,0.36718526009319064,0.00021595729890076372,0.24183848797250862,0.0004492042155364218,97
tct,10,a_ratio,2,0.96,0.3718308286075483,0.0001768179836961823,0.2414089347079038,0.0004598488311252096,97
tct,10,nqc,2,0.96,0.3997948106810871,4.970238327954381e-05,0.28178694158075607,4.331497350290762e-05,97
tct,10,bertQPP,2,0.96,0.39146109712095356,7.342365059842e-05,0.2628865979381444,0.00013630357600274067,97
tct,10,bertQPP(QV),2,0.96,0.38932431544795554,8.101437911031781e-05,0.25515463917525777,0.00021341645031147517,97
tct,10,spatial,2,0.98,0.36920253290200966,0.0001980701167713528,0.2414089347079038,0.0004598488311252096,97
tct,10,a_ratio,2,0.98,0.37134882052400797,0.0001805501116571362,0.24355670103092786,0.0004088834881762593,97
tct,10,nqc,2,0.98,0.40117514537460675,4.654478147724297e-05,0.272766323024055,7.553337506197832e-05,97
tct,10,bertQPP,2,0.98,0.3812154525877402,0.00011696658810231961,0.2521477663230241,0.0002532519652694692,97
tct,10,bertQPP(QV),2,0.98,0.3801849594891457,0.00012247148715943248,0.24570446735395193,0.0003632334933323789,97
tct,10,spatial,2,1.0,0.37084305334372664,0.0001845444584613037,0.24312714776632308,0.0004186340215940853,97
tct,10,a_ratio,2,1.0,0.37084305334372664,0.0001845444584613037,0.24312714776632308,0.0004186340215940853,97
tct,10,nqc,2,1.0,0.37084305334372664,0.0001845444584613037,0.24312714776632308,0.0004186340215940853,97
tct,10,bertQPP,2,1.0,0.37084305334372664,0.0001845444584613037,0.24312714776632308,0.0004186340215940853,97
tct,10,bertQPP(QV),2,1.0,0.37084305334372664,0.0001845444584613037,0.24312714776632308,0.0004186340215940853,97
tct,10,spatial,3,0.0,0.033377062904937055,0.7455179611795428,0.01718213058419244,0.8031038928688624,97
tct,10,a_ratio,3,0.0,0.12032506943967171,0.2404059919205959,0.1168384879725086,0.08998850130140247,97
tct,10,nqc,3,0.0,0.1374755409635702,0.1793335293649571,0.10524054982817871,0.12672143082539938,97
tct,10,bertQPP,3,0.0,0.24060884244426767,0.017597008346410068,0.16065292096219932,0.019739903980340746,97
tct,10,bertQPP(QV),3,0.0,0.22743786537523114,0.025064137471383592,0.14218213058419246,0.039091423487606906,97
tct,10,spatial,3,0.02,0.03790895736087371,0.7123868460132335,0.02061855670103093,0.7647885664914993,97
tct,10,a_ratio,3,0.02,0.13281839076345148,0.1946636259615887,0.12757731958762888,0.06412770883743656,97
tct,10,nqc,3,0.02,0.13797657702767913,0.17773843537754397,0.10567010309278352,0.12517917667351905,97
tct,10,bertQPP,3,0.02,0.24456620524150963,0.01576739084674841,0.16108247422680416,0.01941379508307944,97
tct,10,bertQPP(QV),3,0.02,0.23129913887984735,0.02263703642703346,0.1469072164948454,0.033024149712135395,97
tct,10,spatial,3,0.04,0.04258946561256424,0.6787218447722327,0.02405498281786942,0.7270405431127746,97
tct,10,a_ratio,3,0.04,0.1454516269904617,0.15516173398567149,0.14304123711340208,0.037922646089534044,97
tct,10,nqc,3,0.04,0.13849832748418794,0.17608846991188126,0.10609965635738833,0.1236515932692785,97
tct,10,bertQPP,3,0.04,0.24866962310584756,0.014046454893544488,0.1628006872852234,0.018155972846842318,97
tct,10,bertQPP(QV),3,0.04,0.23530111799537728,0.020336477367876856,0.14948453608247425,0.030068308790855192,97
tct,10,spatial,3,0.06,0.04742350326843199,0.6446033877896339,0.02792096219931272,0.6853564626190167,97
tct,10,a_ratio,3,0.06,0.15816761245253513,0.12178290713354391,0.147766323024055,0.03201236643126749,97
tct,10,nqc,3,0.06,0.13904210045579404,0.17438085056352118,0.10695876288659796,0.12064011527036375,97
tct,10,bertQPP,3,0.06,0.25292551732384916,0.012436274494227215,0.16494845360824745,0.01668446543769203,97
tct,10,bertQPP(QV),3,0.06,0.2394498847320457,0.018166353842458,0.14991408934707906,0.029598455953974822,97
tct,10,spatial,3,0.08,0.05241596494768214,0.6101244659027366,0.028780068728522342,0.6762167162300601,97
tct,10,a_ratio,3,0.08,0.1709036932256707,0.0941849334066062,0.15635738831615123,0.02327305567367708,97
tct,10,nqc,3,0.08,0.13960931624772122,0.17261261301162947,0.10781786941580758,0.11768634646990996,97
tct,10,bertQPP,3,0.08,0.2573404733472194,0.010938290946338147,0.1666666666666667,0.01558372473088864,97
tct,10,bertQPP(QV),3,0.08,0.24375167006405532,0.016129900511284642,0.15034364261168387,0.02913493133073165,97
tct,10,spatial,3,0.1,0.05757168342035027,0.5753910140788598,0.0313573883161512,0.6490868603039283,97
tct,10,a_ratio,3,0.1,0.18359279766715078,0.07184922611203806,0.16151202749140894,0.01909240321886764,97
tct,10,nqc,3,0.1,0.14020151959792945,0.17078059709457982,0.1086769759450172,0.11478963120763813,97
tct,10,bertQPP,3,0.1,0.2619212046620066,0.00955324361709607,0.1679553264604811,0.014800614099959652,97
tct,10,bertQPP(QV),3,0.1,0.24821281976688697,0.014229595248415378,0.15077319587628868,0.0286776674564184,97
tct,10,spatial,3,0.12,0.0628953812762798,0.5405220349488657,0.03780068728522337,0.5833275904873889,97
tct,10,a_ratio,3,0.12,0.1961648107857501,0.05414088409862414,0.1670962199312715,0.015318729327102553,97
tct,10,nqc,3,0.12,0.1408203935627516,0.1688814317795391,0.10910652920962201,0.11336246240953972,97
tct,10,bertQPP,3,0.12,0.26667450430391504,0.00828110680702428,0.1709621993127148,0.013106785247853048,97
tct,10,bertQPP(QV),3,0.12,0.2528397489314568,0.012467063816090331,0.1554982817869416,0.02404211148041231,97
tct,10,spatial,3,0.14,0.06839161421484985,0.5056493943477778,0.04510309278350516,0.5127917901399865,97
tct,10,a_ratio,3,0.14,0.20854820724399223,0.04037097242613724,0.1782646048109966,0.009686599012848096,97
tct,10,nqc,3,0.14,0.14146777529748933,0.16691151896255177,0.10910652920962201,0.11336246240953972,97
tct,10,bertQPP,3,0.14,0.2716071811307815,0.0071210358976055285,0.17482817869415812,0.011182156616858724,97
tct,10,bertQPP(QV),3,0.14,0.2576388825745306,0.010842990681501323,0.15936426116838492,0.0207470988785446,97
tct,10,spatial,3,0.16,0.07406470501120267,0.47091721831033095,0.050687285223367705,0.46201693847175085,97
tct,10,a_ratio,3,0.16,0.22067187005723019,0.02985245407990819,0.19158075601374575,0.0054350017041903615,97
tct,10,nqc,3,0.16,0.1421456740394603,0.16486701604298099,0.10996563573883163,0.110550087489207,97
tct,10,bertQPP,3,0.16,0.2767259773790889,0.006071326306218668,0.17611683848797252,0.010598840128977079,97
tct,10,bertQPP(QV),3,0.16,0.2626165792588895,0.009357040131522342,0.16494845360824745,0.01668446543769203,97
tct,10,spatial,3,0.18,0.07991866720131621,0.436480822276581,0.05584192439862544,0.41775090102760204,97
tct,10,a_ratio,3,0.18,0.2324669984990385,0.02194375095374185,0.202319587628866,0.003325969220576063,97
tct,10,nqc,3,0.18,0.14285629165910962,0.1627438172287655,0.11125429553264607,0.10643517898925002,97
tct,10,bertQPP,3,0.18,0.28203746335267116,0.005129388961942387,0.18470790378006877,0.007355176256510775,97
tct,10,bertQPP(QV),3,0.18,0.26777903405305986,0.008007792341231066,0.1670962199312715,0.015318729327102553,97
tct,10,spatial,3,0.2,0.0859571175467517,0.40250510995120686,0.057130584192439875,0.4070878413580533,97
tct,10,a_ratio,3,0.2,0.24386899322252406,0.016077245381514175,0.20790378006872856,0.0025535840012904936,97
tct,10,nqc,3,0.2,0.1436020462155123,0.16053753354878691,0.11254295532646051,0.10244263799035044,97
tct,10,bertQPP,3,0.2,0.28754790431400007,0.004291746009386233,0.1902920962199313,0.005756239608165468,97
tct,10,bertQPP(QV),3,0.2,0.2731321564966519,0.006792699392084849,0.17182130584192443,0.01265543298933369,97
tct,10,spatial,3,0.22,0.09218317640174808,0.36916239277829077,0.06013745704467355,0.3828471200330016,97
tct,10,a_ratio,3,0.22,0.2548192021784235,0.011773156246755765,0.2134879725085911,0.0019486331283160838,97
tct,10,nqc,3,0.22,0.14438559903899087,0.1582434715784574,0.11254295532646051,0.10244263799035044,97
tct,10,bertQPP,3,0.22,0.2932630937732609,0.0035540501758152885,0.19286941580756015,0.005130036782382208,97
tct,10,bertQPP(QV),3,0.22,0.27868141849674893,0.005708066328633753,0.17439862542955328,0.011382836808156348,97
tct,10,spatial,3,0.24,0.0985993552240395,0.33662960263294184,0.06486254295532648,0.34658765831762584,97
tct,10,a_ratio,3,0.24,0.2652664189721855,0.008641423889642265,0.22250859106529214,0.001242886914966472,97
tct,10,nqc,3,0.24,0.14520988596959755,0.1558566109282082,0.11340206185567013,0.09984779835922447,97
tct,10,bertQPP,3,0.24,0.29918814640972624,0.0029111306330393614,0.19587628865979384,0.004477722918252414,97
tct,10,bertQPP(QV),3,0.24,0.28443166627572064,0.004749062093062169,0.18041237113402064,0.008845012615594157,97
tct,10,spatial,3,0.26,0.10520743066189692,0.30508490097043645,0.06701030927835053,0.3308539585593422,97
tct,10,a_ratio,3,0.26,0.2751680452435715,0.0063752575116688215,0.2285223367697595,0.0009127757207962206,97
tct,10,nqc,3,0.26,0.14607815351090414,0.15337158060684844,0.11383161512027494,0.0985701799206937,97
tct,10,bertQPP,3,0.26,0.30532724284188617,0.002357067196543771,0.19974226804123715,0.0037496927052216027,97
tct,10,bertQPP(QV),3,0.26,0.2903868896476699,0.003909764489901303,0.1902920962199313,0.005756239608165468,97
tct,10,spatial,3,0.28,0.11200830493120045,0.27470372744786764,0.07173539518900345,0.2978933833803449,97
tct,10,a_ratio,3,0.28,0.28449085786037465,0.004739986238443886,0.23152920962199317,0.0007801296905645403,97
tct,10,nqc,3,0.28,0.14699400082041134,0.15078263445967713,0.11340206185567013,0.09984779835922447,97
tct,10,bertQPP,3,0.28,0.31168331744029487,0.0018852933044158195,0.20618556701030932,0.0027716955730928564,97
tct,10,bertQPP(QV),3,0.28,0.2965499410668491,0.0031832421296852553,0.1937285223367698,0.004935409194231109,97
tct,10,spatial,3,0.3,0.1190018525862524,0.2456543789768734,0.07646048109965638,0.26720251399217865,97
tct,10,a_ratio,3,0.3,0.2932113560780295,0.0035601839503783127,0.23410652920962205,0.0006809162092632265,97
tct,10,nqc,3,0.3,0.14796142865936146,0.14808362600413405,0.1164089347079038,0.09117630712765404,97
tct,10,bertQPP,3,0.3,0.31825767943922856,0.0014887264265691729,0.20790378006872856,0.0025535840012904936,97
tct,10,bertQPP(QV),3,0.3,0.302922196144324,0.0025616745359852643,0.19888316151202753,0.0039014834427261624,97
tct,10,spatial,3,0.32,0.12618675430574,0.2180932638530365,0.08032646048109966,0.24376503221542667,97
tct,10,a_ratio,3,0.32,0.3013156985598491,0.0027071095751993483,0.2366838487972509,0.0005935388745829456,97
tct,10,nqc,3,0.32,0.14898489667678005,0.14526798315623882,0.1164089347079038,0.09117630712765404,97
tct,10,bertQPP,3,0.32,0.3250495568905192,0.0011599224510956407,0.21649484536082478,0.0016803624081385136,97
tct,10,bertQPP(QV),3,0.32,0.30950314678866386,0.0020365092895937836,0.202319587628866,0.003325969220576063,97
tct,10,spatial,3,0.34,0.13356031897810258,0.19216003090471906,0.0854810996563574,0.2148174024411691,97
tct,10,a_ratio,3,0.34,0.30879927080812924,0.002087618468359548,0.2366838487972509,0.0005935388745829456,97
tct,10,nqc,3,0.34,0.15006939071957112,0.14232868357661127,0.11554982817869418,0.09358972367387966,97
tct,10,bertQPP,3,0.34,0.3320555527262957,0.0008912483347580119,0.21606529209621997,0.0017164841150655054,97
tct,10,bertQPP(QV),3,0.34,0.3162899179693507,0.0015986523236657644,0.20618556701030932,0.0027716955730928564,97
tct,10,spatial,3,0.36,0.14111829619204425,0.16797282462394741,0.093213058419244,0.17617491386576734,97
tct,10,a_ratio,3,0.36,0.31566594675796333,0.0016350145645482657,0.24226804123711343,0.00043878992015195634,97
tct,10,nqc,3,0.36,0.15122050226141603,0.13925823168897425,0.1168384879725086,0.08998850130140247,97
tct,10,bertQPP,3,0.36,0.3392690026611175,0.0006750651228380156,0.22079037800687287,0.0013557124652369783,97
tct,10,bertQPP(QV),3,0.36,0.3232766995791595,0.001238684472900484,0.2096219931271478,0.002351276432455258,97
tct,10,spatial,3,0.38,0.1488546822246718,0.1456239566258113,0.09750859106529211,0.15708030004273185,97
tct,10,a_ratio,3,0.38,0.3219271222383147,0.0013018658781397702,0.24699312714776633,0.0003381788389163567,97
tct,10,nqc,3,0.38,0.1524445225532352,0.13604863886939592,0.11769759450171824,0.08765026442852013,97
tct,10,bertQPP,3,0.38,0.34667922629029774,0.0005039116402897756,0.22594501718213064,0.0010428004886634003,97
tct,10,bertQPP(QV),3,0.38,0.330454086328001,0.0009470944244631412,0.21048109965635742,0.002255725464528707,97
tct,10,spatial,3,0.4,0.15676152376704094,0.12517630341834987,0.09664948453608249,0.16076803875264556,97
tct,10,a_ratio,3,0.4,0.32760060255037793,0.0010545651320383357,0.2444158075601375,0.0003900155261817713,97
tct,10,nqc,3,0.4,0.15374855475068916,0.13269140891548223,0.11812714776632303,0.08649966115997804,97
tct,10,bertQPP,3,0.4,0.3542706660926146,0.00037067806449580853,0.22680412371134026,0.0009976667225656776,97
tct,10,bertQPP(QV),3,0.4,0.33780832148828877,0.0007145157162822633,0.2130584192439863,0.0019900166497547295,97
tct,10,spatial,3,0.42,0.16482872491422207,0.10666073266726461,0.10223367697594504,0.13793469449367568,97
tct,10,a_ratio,3,0.42,0.33270942275021,0.00086932319652015,0.2491408934707904,0.00029998189638302743,97
tct,10,nqc,3,0.42,0.15514064811481565,0.1291775317426497,0.11812714776632303,0.08649966115997804,97
tct,10,bertQPP,3,0.42,0.3620219148371109,0.00026875851856869305,0.23067010309278352,0.00081607670119364,97
tct,10,bertQPP(QV),3,0.42,0.3453204451993399,0.0005319538246434102,0.21477663230240554,0.0018291772025326055,97
tct,10,spatial,3,0.44,0.17304386433273372,0.09007481922506538,0.10695876288659796,0.12064011527036375,97
tct,10,a_ratio,3,0.44,0.33728066941939605,0.0007292772864546487,0.2521477663230241,0.0002532519652694692,97
tct,10,nqc,3,0.44,0.15662995947163666,0.1254974894036673,0.11984536082474227,0.08201867152410211,97
tct,10,bertQPP,3,0.44,0.36990464098070475,0.00019217298261236087,0.23453608247422683,0.0006655682797928671,97
tct,10,bertQPP(QV),3,0.44,0.352965355598045,0.00039098909371237283,0.21606529209621997,0.0017164841150655054,97
tct,10,spatial,3,0.46,0.181392030934504,0.07538303621527398,0.1086769759450172,0.11478963120763813,97
tct,10,a_ratio,3,0.46,0.3413443591668438,0.0006224339928934384,0.25386597938144334,0.00022970863763271067,97
tct,10,nqc,3,0.46,0.1582269485388818,0.12164128010381711,0.11898625429553265,0.08423505409007553,97
tct,10,bertQPP,3,0.46,0.3778824349640467,0.00013565124120887336,0.24269759450171827,0.0004286013573495472,97
tct,10,bertQPP(QV),3,0.46,0.3607108020041805,0.0002839425722786314,0.22250859106529214,0.001242886914966472,97
tct,10,spatial,3,0.48,0.1898556877353624,0.06251849871685308,0.11254295532646051,0.10244263799035044,97
tct,10,a_ratio,3,0.48,0.3449324141076627,0.0005402205832602046,0.2577319587628867,0.0001840336555755922,97
tct,10,nqc,3,0.48,0.1599436155974975,0.11759846804674458,0.11984536082474227,0.08201867152410211,97
tct,10,bertQPP,3,0.48,0.3859096177546396,9.467506695183218e-05,0.2491408934707904,0.00029998189638302743,97
tct,10,bertQPP(QV),3,0.48,0.3685163444327999,0.00020399479361228267,0.2285223367697595,0.0009127757207962206,97
tct,10,spatial,3,0.5,0.19841457472738486,0.05138620741821201,0.11941580756013748,0.08312087785946547,97
tct,10,a_ratio,3,0.5,0.3480777599658567,0.00047647088328228455,0.25859106529209624,0.00017511595223064058,97
tct,10,nqc,3,0.5,0.1617937924609267,0.11335826991420443,0.11984536082474227,0.08201867152410211,97
tct,10,bertQPP,3,0.5,0.3939300771383233,6.547893676101164e-05,0.25042955326460486,0.0002790440350017295,97
tct,10,bertQPP(QV),3,0.5,0.37633233327923243,0.00014525191267939627,0.22809278350515466,0.000933347093157991,97
tct,10,spatial,3,0.52,0.20704566238827737,0.041867601985895564,0.12628865979381446,0.0668634129345248,97
tct,10,a_ratio,3,0.52,0.35081355953431315,0.0004267174480615312,0.256872852233677,0.0001933769855221948,97
tct,10,nqc,3,0.52,0.16379350099717255,0.1089096928552757,0.11941580756013748,0.08312087785946547,97
tct,10,bertQPP,3,0.52,0.4018762270197184,4.5013659822067797e-05,0.25601374570446744,0.000203164735220203,97
tct,10,bertQPP(QV),3,0.52,0.3840989870391813,0.00010275883384892263,0.22938144329896912,0.0008728876884960134,97
tct,10,spatial,3,0.54,0.21572316770481256,0.03382610759869604,0.13015463917525774,0.058933277914773506,97
tct,10,a_ratio,3,0.54,0.3531725837172724,0.0003876976849269534,0.25515463917525777,0.00021341645031147517,97
tct,10,nqc,3,0.54,0.16596139789732473,0.10424174444193858,0.11898625429553265,0.08423505409007553,97
tct,10,bertQPP,3,0.54,0.4096682190035028,3.0880676379361024e-05,0.2607388316151203,0.0001545669713814958,97
tct,10,bertQPP(QV),3,0.54,0.3917456733561514,7.246421579214545e-05,0.23711340206185572,0.000580033168540485,97
tct,10,spatial,3,0.56,0.22441864411025136,0.02711326250487822,0.13702749140893475,0.046764860648197036,97
tct,10,a_ratio,3,0.56,0.3551867145149348,0.00035700865378163974,0.25386597938144334,0.00022970863763271067,97
tct,10,nqc,3,0.56,0.1683193303970278,0.09934374267847612,0.11984536082474227,0.08201867152410211,97
tct,10,bertQPP,3,0.56,0.41721357049548013,2.1246891391158328e-05,0.2689003436426117,9.538240628081039e-05,97
tct,10,bertQPP(QV),3,0.56,0.3991905270476739,5.114665039532404e-05,0.24699312714776633,0.0003381788389163567,97
tct,10,spatial,3,0.58,0.23310115535021278,0.021574965548744683,0.1434707903780069,0.037349490378258986,97
tct,10,a_ratio,3,0.58,0.35688656897335047,0.00033286495704561815,0.24871134020618557,0.00030728207639036943,97
tct,10,nqc,3,0.58,0.17089303586529186,0.09420576453610291,0.11984536082474227,0.08201867152410211,97
tct,10,bertQPP,3,0.58,0.424407403568908,1.4750433897382614e-05,0.272766323024055,7.553337506197832e-05,97
tct,10,bertQPP(QV),3,0.58,0.40634056361185555,3.6314145446023164e-05,0.25343642611683853,0.00023539388087640415,97
tct,10,spatial,3,0.6,0.24173754086210228,0.017057389186018318,0.15335051546391754,0.026061836085581373,97
tct,10,a_ratio,3,0.6,0.35830122998419167,0.00031392812206227597,0.24828178694158082,0.0003147483455907583,97
tct,10,nqc,3,0.6,0.17371302946295164,0.08881928550159716,0.12199312714776635,0.07668417076895777,97
tct,10,bertQPP,3,0.6,0.43113350496280695,1.0406737811946047e-05,0.28522336769759454,3.489551201397058e-05,97
tct,10,bertQPP(QV),3,0.6,0.4130924613596271,2.608990557986119e-05,0.2641752577319588,0.00012634244111771396,97
tct,10,spatial,3,0.62,0.2502927767197716,0.013412164728383245,0.15678694158075604,0.022896601370035064,97
tct,10,a_ratio,3,0.62,0.3594580684448529,0.00029918566634402335,0.24484536082474234,0.00038088964117221485,97
tct,10,nqc,3,0.62,0.17681573970346665,0.08317808129612177,0.12500000000000003,0.06969448971824621,97
tct,10,bertQPP,3,0.62,0.4372664082376633,7.522212529188206e-06,0.2878006872852234,2.962722234003396e-05,97
tct,10,bertQPP(QV),3,0.62,0.41933418100940223,1.9096359297794636e-05,0.2740549828178695,6.983500538924286e-05,97
tct,10,spatial,3,0.64,0.2587304316058449,0.010500551695358993,0.1666666666666667,0.01558372473088864,97
tct,10,a_ratio,3,0.64,0.3603826412286694,0.0002878648130220571,0.24484536082474234,0.00038088964117221485,97
tct,10,nqc,3,0.64,0.1802449735174511,0.077279487220674,0.12371134020618559,0.07262323979726368,97
tct,10,bertQPP,3,0.64,0.44267465173041504,5.620105231517936e-06,0.29639175257731964,1.7004521411510344e-05,97
tct,10,bertQPP(QV),3,0.64,0.4249475586308773,1.4346892832921424e-05,0.27878006872852235,5.2230841404023976e-05,97
tct,10,spatial,3,0.66,0.26701321181307447,0.008196433805310691,0.17396907216494847,0.011586707769612953,97
tct,10,a_ratio,3,0.66,0.3610986502545676,0.00027937048744624925,0.24012027491408938,0.0004932117335580638,97
tct,10,nqc,3,0.66,0.18405382285629046,0.07112614099572935,0.12757731958762888,0.06412770883743656,97
tct,10,bertQPP,3,0.66,0.4472252703170112,4.38056260651816e-06,0.2942439862542956,1.9563741907068626e-05,97
tct,10,bertQPP(QV),3,0.66,0.42981193792560607,1.1151547663042167e-05,0.2822164948453609,4.216585457755637e-05,97
tct,10,spatial,3,0.68,0.27510358327518486,0.006388118404863851,0.1786941580756014,0.00951278395726825,97
tct,10,a_ratio,3,0.68,0.3616279493379648,0.0002732404254027815,0.24012027491408938,0.0004932117335580638,97
tct,10,nqc,3,0.68,0.18830716743630477,0.06472837032993053,0.1314432989690722,0.05647001729864357,97
tct,10,bertQPP,3,0.68,0.4507894322794001,3.5948440193509376e-06,0.30068728522336774,1.2810804708658091e-05,97
tct,10,bertQPP(QV),3,0.68,0.43380879759275914,9.039769163764738e-06,0.28608247422680416,3.304769864022772e-05,97
tct,10,spatial,3,0.7,0.2829644525585362,0.0049790335317365115,0.18556701030927839,0.00708575590459897,97
tct,10,a_ratio,3,0.7,0.36199058717906807,0.00026911241716633284,0.23883161512027495,0.0005288208236189078,97
tct,10,nqc,3,0.7,0.19308498742036787,0.058107421486261863,0.13187285223367698,0.055668220302014286,97
tct,10,bertQPP,3,0.7,0.4532489449014978,3.1323591253077924e-06,0.30713058419243994,8.318768128883354e-06,97
tct,10,bertQPP(QV),3,0.7,0.4368271845779219,7.700742864517043e-06,0.29295532646048117,2.127112554068262e-05,97
tct,10,spatial,3,0.72,0.29055988318457915,0.0038875024829030614,0.19072164948453613,0.005647306460207743,97
tct,10,a_ratio,3,0.72,0.36220487660282186,0.0002667002176712058,0.24183848797250862,0.0004492042155364218,97
tct,10,nqc,3,0.72,0.1984867807491174,0.05129974511133249,0.13402061855670105,0.051800200122302374,97
tct,10,bertQPP,3,0.72,0.4545031506692351,2.9187261114188752e-06,0.30713058419243994,8.318768128883354e-06,97
tct,10,bertQPP(QV),3,0.72,0.4387696021789999,6.940238377333074e-06,0.29037800687285226,2.5120678036492542e-05,97
tct,10,spatial,3,0.74,0.29785581921756754,0.0030458228838807985,0.19501718213058422,0.004655971971265852,97
tct,10,a_ratio,3,0.74,0.3622874818721602,0.0002657756898821159,0.24269759450171827,0.0004286013573495472,97
tct,10,nqc,3,0.74,0.2046374860008004,0.04436252581770717,0.13788659793814437,0.04540422310195199,97
tct,10,bertQPP,3,0.74,0.45447556278871226,2.92327356173232e-06,0.30970790378006874,6.982825365107268e-06,97
tct,10,bertQPP(QV),3,0.74,0.4395578535066006,6.652264247573832e-06,0.2933848797250859,2.0686822197476286e-05,97
tct,10,spatial,3,0.76,0.3048207853204902,0.0023988870763610665,0.20575601374570449,0.0028288190417010725,97
tct,10,a_ratio,3,0.76,0.3622535174697058,0.0002661554649614701,0.2414089347079038,0.0004598488311252096,97
tct,10,nqc,3,0.76,0.21169543784800066,0.037380487544111454,0.14089347079037803,0.040901875311072,97
tct,10,bertQPP,3,0.76,0.45311949442035676,3.1552300170298844e-06,0.3088487972508592,7.4035267389540595e-06,97
tct,10,bertQPP(QV),3,0.76,0.4391382435419664,6.804131253754213e-06,0.30154639175257736,1.209997925730956e-05,97
tct,10,spatial,3,0.78,0.311426531901318,0.0019025606039323963,0.20833333333333337,0.0025015666651811157,97
tct,10,a_ratio,3,0.78,0.362116653138165,0.0002676909003620521,0.23840206185567014,0.0005412133012575864,97
tct,10,nqc,3,0.78,0.2198629928340025,0.030473577827369595,0.14561855670103094,0.03459309466060896,97
tct,10,bertQPP,3,0.78,0.450421963325698,3.6692392558136003e-06,0.3054123711340207,9.341573722767839e-06,97
tct,10,bertQPP(QV),3,0.78,0.43748553258477074,7.434608467055074e-06,0.2976804123711341,1.56256421584244e-05,97
tct,10,spatial,3,0.8,0.31764859577506527,0.0015219963586176378,0.21520618556701035,0.0017908788065225548,97
tct,10,a_ratio,3,0.8,0.36188922116957434,0.0002702604643229131,0.23840206185567014,0.0005412133012575864,97
tct,10,nqc,3,0.8,0.22940043034013563,0.023804158375716356,0.15034364261168387,0.02913493133073165,97
tct,10,bertQPP,3,0.8,0.44640532030307467,4.582933668505076e-06,0.30369415807560146,1.0483874745108765e-05,97
tct,10,bertQPP(QV),3,0.8,0.43460513072855717,8.666683530861824e-06,0.2989690721649485,1.4353762581703726e-05,97
tct,10,spatial,3,0.82,0.32346675091956856,0.0012300144890377443,0.22637457044673542,0.0010200025736501021,97
tct,10,a_ratio,3,0.82,0.361582322939815,0.00027376391918268407,0.2366838487972509,0.0005935388745829456,97
tct,10,nqc,3,0.82,0.24064315993536495,0.017580386987818584,0.15335051546391754,0.026061836085581373,97
tct,10,bertQPP,3,0.82,0.441126336389835,6.112378543347558e-06,0.29725085910652926,1.607297344135024e-05,97
tct,10,bertQPP(QV),3,0.82,0.4305332218725036,1.0739056477481986e-05,0.2976804123711341,1.56256421584244e-05,97
tct,10,spatial,3,0.84,0.32886533008652385,0.0010056314451799525,0.2328178694158076,0.0007289565212236814,97
tct,10,a_ratio,3,0.84,0.36120593251042327,0.000278117848313818,0.23883161512027495,0.0005288208236189078,97
tct,10,nqc,3,0.84,0.2540199800838781,0.012049161764733932,0.1589347079037801,0.021092644173514117,97
tct,10,bertQPP,3,0.84,0.43467283409200425,8.635641215488154e-06,0.2976804123711341,1.56256421584244e-05,97
tct,10,bertQPP(QV),3,0.84,0.42533477264948877,1.4064011775730665e-05,0.29209621993127155,2.2487199782247227e-05,97
tct,10,spatial,3,0.86,0.33383340567667447,0.0008327814797673789,0.23625429553264607,0.0006073368350083252,97
tct,10,a_ratio,3,0.86,0.36076899578366406,0.000283252194107034,0.24269759450171827,0.0004286013573495472,97
tct,10,nqc,3,0.86,0.2700627467475102,0.00746777466734273,0.17182130584192443,0.01265543298933369,97
tct,10,bertQPP,3,0.86,0.4271582842105124,1.2800802141316105e-05,0.29037800687285226,2.5120678036492542e-05,97
tct,10,bertQPP(QV),3,0.86,0.41909966142692645,1.932374197261585e-05,0.2839347079037801,3.7852202750352324e-05,97
tct,10,spatial,3,0.88,0.3383648266589253,0.0006992433691555371,0.2392611683848798,0.0005166931871154039,97
tct,10,a_ratio,3,0.88,0.3602795242207531,0.0002891075622488942,0.24226804123711343,0.00043878992015195634,97
tct,10,nqc,3,0.88,0.2893756927875579,0.004042186750563626,0.1890034364261169,0.006094500520977148,97
tct,10,bertQPP,3,0.88,0.4187150379998509,1.9702161335209866e-05,0.2878006872852234,2.962722234003396e-05,97
tct,10,bertQPP(QV),3,0.88,0.41193739544429075,2.7622202963958097e-05,0.27878006872852235,5.2230841404023976e-05,97
tct,10,spatial,3,0.9,0.3424581165998247,0.0005957643988266532,0.24312714776632308,0.0004186340215940853,97
tct,10,a_ratio,3,0.9,0.35974468253864716,0.0002956331108511269,0.2405498281786942,0.0004818477915141724,97
tct,10,nqc,3,0.9,0.312469679494803,0.0018332925893274543,0.21606529209621997,0.0017164841150655054,97
tct,10,bertQPP,3,0.9,0.4094869774394638,3.115586306075113e-05,0.28135738831615126,4.4493757835023985e-05,97
tct,10,bertQPP(QV),3,0.9,0.4039710242908652,4.071414201700577e-05,0.27362542955326463,7.168767375692266e-05,97
tct,10,spatial,3,0.92,0.3461162453115027,0.0005153615338839905,0.23754295532646055,0.0005668140402706258,97
tct,10,a_ratio,3,0.92,0.3591708701084456,0.0003027848889563537,0.24312714776632308,0.0004186340215940853,97
tct,10,nqc,3,0.92,0.3392028836532082,0.0006768069237961776,0.23969072164948454,0.0005048251929224872,97
tct,10,bertQPP,3,0.92,0.39962233679204,5.011067665061329e-05,0.2719072164948454,7.957359852373424e-05,97
tct,10,bertQPP(QV),3,0.92,0.3953308862022906,6.133506924730171e-05,0.2740549828178695,6.983500538924286e-05,97
tct,10,spatial,3,0.94,0.3493462926089414,0.0004527741849610506,0.23582474226804126,0.000621432826309228,97
tct,10,a_ratio,3,0.94,0.35856379600649807,0.00031052452254750034,0.2439862542955327,0.0003993454119661632,97
tct,10,nqc,3,0.94,0.36724769102940974,0.00021538204747566922,0.2620274914089347,0.00014335046231608574,97
tct,10,bertQPP,3,0.94,0.38926730511427976,8.122655902527714e-05,0.26159793814432997,0.00014700123564547276,97
tct,10,bertQPP(QV),3,0.94,0.38614875023430606,9.365275355462197e-05,0.2641752577319588,0.00012634244111771396,97
tct,10,spatial,3,0.96,0.3521590267937946,0.00040404201006820177,0.24312714776632308,0.0004186340215940853,97
tct,10,a_ratio,3,0.96,0.3579285478337484,0.0003188181709221587,0.2444158075601375,0.0003900155261817713,97
tct,10,nqc,3,0.96,0.3890052266027325,8.220862333427815e-05,0.26460481099656363,0.00012317744827931967,97
tct,10,bertQPP,3,0.96,0.37856081203522185,0.00013163762970576603,0.256872852233677,0.0001933769855221948,97
tct,10,bertQPP(QV),3,0.96,0.376552774087592,0.0001438492301172692,0.25859106529209624,0.00017511595223064058,97
tct,10,spatial,3,0.98,0.35456842259865795,0.0003661829673901431,0.24570446735395193,0.0003632334933323789,97
tct,10,a_ratio,3,0.98,0.35726965453325166,0.0003276356946242759,0.24012027491408938,0.0004932117335580638,97
tct,10,nqc,3,0.98,0.38963699598362983,7.985978922895103e-05,0.2628865979381444,0.00013630357600274067,97
tct,10,bertQPP,3,0.98,0.36763068071903715,0.00021188397281005832,0.2530068728522337,0.00024121095691616908,97
tct,10,bertQPP(QV),3,0.98,0.3666635247129555,0.00022082047164281662,0.25042955326460486,0.0002790440350017295,97
tct,10,spatial,3,1.0,0.3565911435113983,0.0003369499898044868,0.23840206185567014,0.0005412133012575864,97
tct,10,a_ratio,3,1.0,0.3565911435113983,0.0003369499898044868,0.23840206185567014,0.0005412133012575864,97
tct,10,nqc,3,1.0,0.3565911435113983,0.0003369499898044868,0.23840206185567014,0.0005412133012575864,97
tct,10,bertQPP,3,1.0,0.3565911435113983,0.0003369499898044868,0.23840206185567014,0.0005412133012575864,97
tct,10,bertQPP(QV),3,1.0,0.3565911435113983,0.0003369499898044868,0.23840206185567014,0.0005412133012575864,97
tct,10,spatial,4,0.0,0.033377062904937055,0.7455179611795428,0.01718213058419244,0.8031038928688624,97
tct,10,a_ratio,4,0.0,0.12032506943967171,0.2404059919205959,0.1168384879725086,0.08998850130140247,97
tct,10,nqc,4,0.0,0.1374755409635702,0.1793335293649571,0.10524054982817871,0.12672143082539938,97
tct,10,bertQPP,4,0.0,0.24060884244426767,0.017597008346410068,0.16065292096219932,0.019739903980340746,97
tct,10,bertQPP(QV),4,0.0,0.22743786537523114,0.025064137471383592,0.14218213058419246,0.039091423487606906,97
tct,10,spatial,4,0.02,0.03773194519876652,0.7136714083056358,0.020189003436426118,0.7695487264404447,97
tct,10,a_ratio,4,0.02,0.13258283122272504,0.1954634121709721,0.12757731958762888,0.06412770883743656,97
tct,10,nqc,4,0.02,0.1379674394159834,0.17776743242513485,0.10567010309278352,0.12517917667351905,97
tct,10,bertQPP,4,0.02,0.24453800266773074,0.015779823565958848,0.16065292096219932,0.019739903980340746,97
tct,10,bertQPP(QV),4,0.02,0.23126390387725887,0.022658241074912388,0.14475945017182132,0.035674068768179766,97
tct,10,spatial,4,0.04,0.04222409479916869,0.6813282572773937,0.02405498281786942,0.7270405431127746,97
tct,10,a_ratio,4,0.04,0.14501631690135433,0.15641469241593745,0.14647766323024058,0.03354022455213661,97
tct,10,nqc,4,0.04,0.13847973226429516,0.1761470809772688,0.10652920962199315,0.12213859984356254,97
tct,10,bertQPP,4,0.04,0.24861629110093042,0.014067730522182053,0.1628006872852234,0.018155972846842318,97
tct,10,bertQPP(QV),4,0.04,0.23523314056907146,0.020373811722891644,0.14862542955326463,0.03102727109196935,97
tct,10,spatial,4,0.06,0.04685785536631154,0.6485595791297561,0.027491408934707907,0.6899437658549277,97
tct,10,a_ratio,4,0.06,0.1575710311185633,0.1232139236694636,0.1512027491408935,0.028226597294347726,97
tct,10,nqc,4,0.06,0.13901371131328716,0.17446969929320894,0.10824742268041239,0.11623089832126132,97
tct,10,bertQPP,4,0.06,0.25285063206426284,0.012463153289547469,0.1658075601374571,0.016125841537736958,97
tct,10,bertQPP(QV),4,0.06,0.23935209649183917,0.01821511105304865,0.14862542955326463,0.03102727109196935,97
tct,10,spatial,4,0.08,0.0516375492072883,0.6154471791345663,0.028780068728522342,0.6762167162300601,97
tct,10,a_ratio,4,0.08,0.17018598320932626,0.09559592550274845,0.154639175257732,0.024833107958687445,97
tct,10,nqc,4,0.08,0.13957077950707222,0.17273232795936166,0.10824742268041239,0.11623089832126132,97
tct,10,bertQPP,4,0.08,0.25724817676896394,0.010967914805206444,0.16924398625429557,0.01405239227763608,97
tct,10,bertQPP(QV),4,0.08,0.24362749636899733,0.016185792608753,0.15077319587628868,0.0286776674564184,97
tct,10,spatial,4,0.1,0.05656744338656931,0.5820839272660859,0.032216494845360835,0.6401438286436847,97
tct,10,a_ratio,4,0.1,0.18279455825091073,0.07311521199043813,0.15936426116838492,0.0207470988785446,97
tct,10,nqc,4,0.1,0.14015246310700397,0.17093180955454884,0.1086769759450172,0.11478963120763813,97
tct,10,bertQPP,4,0.1,0.2618162738109571,0.009583161722722675,0.16838487972508595,0.01454739544260673,97
tct,10,bertQPP(QV),4,0.1,0.2480662400771642,0.014288799258505189,0.15249140893470792,0.026909885175764755,97
tct,10,spatial,4,0.12,0.06165170992393089,0.5485738871147187,0.03694158075601375,0.5919142896074897,97
tct,10,a_ratio,4,0.12,0.19532574409819392,0.05519882252749068,0.1670962199312715,0.015318729327102553,97
tct,10,nqc,4,0.12,0.14076042550132017,0.16906477314882268,0.1086769759450172,0.11478963120763813,97
tct,10,bertQPP,4,0.12,0.26656242762628,0.008309293779531737,0.16967353951890035,0.013810511589466142,97
tct,10,bertQPP(QV),4,0.12,0.25267536302275106,0.012526261133742174,0.15592783505154642,0.023654871935139845,97
tct,10,spatial,4,0.14,0.0668943793935404,0.515032191789918,0.038659793814433,0.5747994088567128,97
tct,10,a_ratio,4,0.14,0.20770569076414697,0.04120457605753479,0.1778350515463918,0.009863239446727635,97
tct,10,nqc,4,0.14,0.14139648290648368,0.16712761754622538,0.10953608247422682,0.11194930892644765,97
tct,10,bertQPP,4,0.14,0.27149424187342414,0.007145900927208916,0.17482817869415812,0.011182156616858724,97
tct,10,bertQPP(QV),4,0.14,0.25746198270870885,0.010899397550987957,0.1597938144329897,0.02040649882574069,97
tct,10,spatial,4,0.16,0.07229928721231377,0.48158461311949324,0.04553264604810997,0.5087854171288679,97
tct,10,a_ratio,4,0.16,0.21985954575835306,0.030476247979056858,0.18470790378006877,0.007355176256510775,97
tct,10,nqc,4,0.16,0.14206262226842561,0.16511649319924818,0.11082474226804125,0.10779310640620364,97
tct,10,bertQPP,4,0.16,0.2766193440447191,0.00609171190733268,0.17998281786941583,0.009007907605249525,97
tct,10,bertQPP(QV),4,0.16,0.26243322820149745,0.009408427078296196,0.16451890034364264,0.016970096384742294,97
tct,10,spatial,4,0.18,0.07787001189604453,0.44836677088262333,0.04768041237113403,0.4890022573020564,97
tct,10,a_ratio,4,0.18,0.23171347710630621,0.02238895551680057,0.19501718213058422,0.004655971971265852,97
tct,10,nqc,4,0.18,0.14276102173040936,0.16302728273216896,0.11082474226804125,0.10779310640620364,97
tct,10,bertQPP,4,0.18,0.28194528682325704,0.005144558278462701,0.18728522336769762,0.006573343269072617,97
tct,10,bertQPP(QV),4,0.18,0.26759614853303626,0.008052490547823095,0.17053264604811,0.013337754848227265,97
tct,10,spatial,4,0.2,0.08360980457423116,0.41552293286447606,0.04768041237113403,0.4890022573020564,97
tct,10,a_ratio,4,0.2,0.2431967695488666,0.01638096819758799,0.20661512027491413,0.0027156275780873427,97
tct,10,nqc,4,0.2,0.14349407410547665,0.16085558002656267,0.11168384879725088,0.1050908480999539,97
tct,10,bertQPP,4,0.2,0.28747942078138156,0.004301358041661655,0.1890034364261169,0.006094500520977148,97
tct,10,bertQPP(QV),4,0.2,0.27295759528752556,0.006829592331446327,0.17139175257731962,0.012879359856548544,97
tct,10,spatial,4,0.22,0.08952150909666198,0.38320436517957285,0.05283505154639176,0.4432621351071514,97
tct,10,a_ratio,4,0.22,0.25424386349514017,0.011971281900635067,0.21262886597938147,0.002032205430312129,97
tct,10,nqc,4,0.22,0.14426441387856834,0.15859666784756882,0.11297250859106532,0.10113858933462912,97
tct,10,bertQPP,4,0.22,0.29322873195362953,0.003558122893304535,0.18943298969072167,0.005979808014005902,97
tct,10,bertQPP(QV),4,0.22,0.2785240737245196,0.005736565490863222,0.17697594501718217,0.010225152665271457,97
tct,10,spatial,4,0.24,0.09560747214561433,0.351567206494746,0.054553264604811004,0.4285767645779882,97
tct,10,a_ratio,4,0.24,0.26479620408490095,0.008764782072958204,0.2169243986254296,0.001644941169576058,97
tct,10,nqc,4,0.24,0.1450749483704296,0.1562454940276076,0.11297250859106532,0.10113858933462912,97
tct,10,bertQPP,4,0.24,0.29919963661225185,0.002909992671325252,0.1937285223367698,0.004935409194231109,97
tct,10,bertQPP(QV),4,0.24,0.2843015557815233,0.004769066378379052,0.18256013745704472,0.00806936233603351,97
tct,10,spatial,4,0.26,0.10186944289715832,0.3207698601820547,0.0584192439862543,0.3965888091618368,97
tct,10,a_ratio,4,0.26,0.2748037805065162,0.006448234821982817,0.22079037800687287,0.0013557124652369783,97
tct,10,nqc,4,0.26,0.14592889382746424,0.1537966462801105,0.11254295532646051,0.10244263799035044,97
tct,10,bertQPP,4,0.26,0.30539772424340805,0.0023512996786524405,0.19974226804123715,0.0037496927052216027,97
tct,10,bertQPP(QV),4,0.26,0.2902952471993238,0.0039216037832306904,0.18427835051546396,0.0074933028749945285,97
tct,10,spatial,4,0.28,0.1083084619653013,0.290969925316685,0.06056701030927836,0.3794578311122522,97
tct,10,a_ratio,4,0.28,0.28422626223726566,0.004780676890816977,0.22637457044673542,0.0010200025736501021,97
tct,10,nqc,4,0.28,0.14682981736542808,0.15124432579592528,0.11554982817869418,0.09358972367387966,97
tct,10,bertQPP,4,0.28,0.31182743830810017,0.001875664212543543,0.20618556701030932,0.0027716955730928564,97
tct,10,bertQPP(QV),4,0.28,0.2965092998603161,0.0031876066814987276,0.19243986254295536,0.005229928831102741,97
tct,10,spatial,4,0.3,0.11492473962576721,0.26232072043226956,0.06615120274914091,0.33709113316806516,97
tct,10,a_ratio,4,0.3,0.2930336754288711,0.0035813211432431987,0.23109965635738836,0.0007979153488644113,97
tct,10,nqc,4,0.3,0.1477816858988634,0.1485823198887675,0.11597938144329899,0.09237668593402237,97
tct,10,bertQPP,4,0.3,0.3184916829535831,0.0014761207912609322,0.21134020618556704,0.0021637443470699886,97
tct,10,bertQPP(QV),4,0.3,0.3029464592957887,0.0025595329744287428,0.1984536082474227,0.003979453005162126,97
tct,10,spatial,4,0.32,0.12171752366499551,0.23496749180792476,0.07001718213058421,0.30961588134500106,97
tct,10,a_ratio,4,0.32,0.30120660389092346,0.0027172499191155486,0.2379725085910653,0.0005538759115824682,97
tct,10,nqc,4,0.32,0.1487889234437012,0.14580397411565876,0.11812714776632303,0.08649966115997804,97
tct,10,bertQPP,4,0.32,0.32539134255541025,0.0011452723061601713,0.2177835051546392,0.0015761513468118154,97
tct,10,bertQPP(QV),4,0.32,0.30960763632145216,0.002029019265031344,0.20274914089347082,0.003259747042536618,97
tct,10,spatial,4,0.34,0.12868495764633586,0.20904343847872467,0.077319587628866,0.2618647746424714,97
tct,10,a_ratio,4,0.34,0.30873593914870023,0.002092273340655858,0.23969072164948454,0.0005048251929224872,97
tct,10,nqc,4,0.34,0.14985647850225753,0.14290216452096877,0.11812714776632303,0.08649966115997804,97
tct,10,bertQPP,4,0.34,0.332524700036843,0.0008754667802758335,0.22207903780068733,0.0012702502748310276,97
tct,10,bertQPP(QV),4,0.34,0.31649139108736674,0.0015870687876593664,0.20575601374570449,0.0028288190417010725,97
tct,10,spatial,4,0.36,0.13582393093974013,0.18466572566874026,0.0850515463917526,0.21713063766326968,97
tct,10,a_ratio,4,0.36,0.31562223767406467,0.0016375895882458527,0.23840206185567014,0.0005412133012575864,97
tct,10,nqc,4,0.36,0.15098990364739626,0.13986927096202803,0.1168384879725086,0.08998850130140247,97
tct,10,bertQPP,4,0.36,0.3398867396647157,0.0006589888249255347,0.22809278350515466,0.000933347093157991,97
tct,10,bertQPP(QV),4,0.36,0.32359331775616795,0.0012242712470570101,0.20403780068728525,0.00306822352558543,97
tct,10,spatial,4,0.38,0.14312992252948958,0.1619316924027753,0.09149484536082475,0.1842793810224047,97
tct,10,a_ratio,4,0.38,0.3218747670291338,0.0013043748707697164,0.23625429553264607,0.0006073368350083252,97
tct,10,nqc,4,0.38,0.15219544994183376,0.13669715290263576,0.11769759450171824,0.08765026442852013,97
tct,10,bertQPP,4,0.38,0.3474683209447861,0.00048825558847702963,0.23024054982817874,0.0008346209629654949,97
tct,10,bertQPP(QV),4,0.38,0.3309053189490184,0.0009310448526652749,0.20747422680412375,0.0026065887949513057,97
tct,10,spatial,4,0.4,0.15059684139703922,0.14091548235031143,0.09664948453608249,0.16076803875264556,97
tct,10,a_ratio,4,0.4,0.3275103348058848,0.0010581392333256765,0.23711340206185572,0.000580033168540485,97
tct,10,nqc,4,0.4,0.1534801794941,0.13337712965306198,0.11984536082474227,0.08201867152410211,97
tct,10,bertQPP,4,0.4,0.3552552130134017,0.0003560053843275316,0.23152920962199317,0.0007801296905645403,97
tct,10,bertQPP(QV),4,0.4,0.33841476156772854,0.0006978876894815164,0.21563573883161516,0.0017533187111864498,97
tct,10,spatial,4,0.42,0.15821686716390027,0.12166533400936756,0.09621993127147768,0.16263626465805225,97
tct,10,a_ratio,4,0.42,0.332551995363803,0.0008745564940799277,0.24183848797250862,0.0004492042155364218,97
tct,10,nqc,4,0.42,0.15485210031127297,0.12989996785311692,0.11898625429553265,0.08423505409007553,97
tct,10,bertQPP,4,0.42,0.36322698445146206,0.00025546666841778747,0.23238831615120278,0.0007456571945733053,97
tct,10,bertQPP(QV),4,0.42,0.34610351033186526,0.0005156232757264419,0.21434707903780073,0.0018682268943729797,97
tct,10,spatial,4,0.44,0.16598029565187258,0.10420175234825052,0.10223367697594504,0.13793469449367568,97
tct,10,a_ratio,4,0.44,0.33702772144722853,0.0007364521335053037,0.24012027491408938,0.0004932117335580638,97
tct,10,nqc,4,0.44,0.15632032872371887,0.12625588012435826,0.11941580756013748,0.08312087785946547,97
tct,10,bertQPP,4,0.44,0.3713557528765833,0.0001804959226623403,0.2366838487972509,0.0005935388745829456,97
tct,10,bertQPP(QV),4,0.44,0.35394684325663806,0.00037562425454337647,0.2169243986254296,0.001644941169576058,97
tct,10,spatial,4,0.46,0.1738753950385971,0.08851674592559768,0.10180412371134022,0.13959717520298046,97
tct,10,a_ratio,4,0.46,0.34096911362541293,0.0006316627664778617,0.2392611683848798,0.0005166931871154039,97
tct,10,nqc,4,0.46,0.15789528611545559,0.12243454037724298,0.11941580756013748,0.08312087785946547,97
tct,10,bertQPP,4,0.46,0.37960481334862256,0.0001256754110754516,0.24355670103092786,0.0004088834881762593,97
tct,10,bertQPP(QV),4,0.46,0.361912265380034,0.00026999907508737397,0.22293814432989695,0.0012160687743494618,97
tct,10,spatial,4,0.48,0.1818882793010031,0.0745742510429084,0.10652920962199315,0.12213859984356254,97
tct,10,a_ratio,4,0.48,0.3444102031286107,0.0005515319033818437,0.2444158075601375,0.0003900155261817713,97
tct,10,nqc,4,0.48,0.1595889386149107,0.11842512341375877,0.1207044673539519,0.07984982362376257,97
tct,10,bertQPP,4,0.48,0.38792718597471665,8.636555262398109e-05,0.24656357388316158,0.0003463449485504128,97
tct,10,bertQPP(QV),4,0.48,0.3699582544056025,0.00019172941344309133,0.22723367697594504,0.000975784420613921,97
tct,10,spatial,4,0.5,0.19000280657301713,0.06231178102755697,0.11125429553264607,0.10643517898925002,97
tct,10,a_ratio,4,0.5,0.34738638568879976,0.0004898602056889552,0.24570446735395193,0.0003632334933323789,97
tct,10,nqc,4,0.5,0.16141509095069279,0.11421637944347358,0.12113402061855671,0.07878300963914868,97
tct,10,bertQPP,4,0.5,0.39626415233924983,5.871132667735517e-05,0.2517182130584193,0.00025948171452482385,97
tct,10,bertQPP(QV),4,0.5,0.37803299546614194,0.00013475077933913535,0.23238831615120278,0.0007456571945733053,97
tct,10,spatial,4,0.52,0.19820051080212067,0.051643241621517885,0.11726804123711342,0.08881318243030219,97
tct,10,a_ratio,4,0.52,0.34993350741818313,0.0004421754913557687,0.2444158075601375,0.0003900155261817713,97
tct,10,nqc,4,0.52,0.1633897490875094,0.10979675824536632,0.12199312714776635,0.07668417076895777,97
tct,10,bertQPP,4,0.52,0.40454388802429786,3.96069565591579e-05,0.2573024054982818,0.0001886509599840551,97
tct,10,bertQPP(QV),4,0.52,0.38607319229331527,9.397465681673887e-05,0.23496563573883167,0.0006505425158083947,97
tct,10,spatial,4,0.54,0.20646057555873987,0.04246275346452929,0.12285223367697597,0.07463114343880432,97
tct,10,a_ratio,4,0.54,0.3520871098126111,0.00040522545195185013,0.24613402061855674,0.00035469522611087794,97
tct,10,nqc,4,0.54,0.16553157085542713,0.10515460338953046,0.12113402061855671,0.07878300963914868,97
tct,10,bertQPP,4,0.54,0.4126803435660863,2.662725011779698e-05,0.26374570446735396,0.00012958397281742168,97
tct,10,bertQPP(QV),4,0.54,0.39400307794843,6.525670177957487e-05,0.24012027491408938,0.0004932117335580638,97
tct,10,spatial,4,0.56,0.2147598589080076,0.03464923273442663,0.12585910652920965,0.0677963948466897,97
tct,10,a_ratio,4,0.56,0.35388183020915653,0.00037662457618561,0.2414089347079038,0.0004598488311252096,97
tct,10,nqc,4,0.56,0.16786243003497464,0.10027844476465583,0.11984536082474227,0.08201867152410211,97
tct,10,bertQPP,4,0.56,0.42057257524138514,1.793665905336419e-05,0.2654639175257732,0.00011707036468109733,97
tct,10,bertQPP(QV),4,0.56,0.4017337873181111,4.5320882606582546e-05,0.24785223367697598,0.0003223841860548392,97
tct,10,spatial,4,0.58,0.2230729777682065,0.028071414062954367,0.13316151202749144,0.05331954320676675,97
tct,10,a_ratio,4,0.58,0.35535094648495813,0.00035460756193495934,0.24012027491408938,0.0004932117335580638,97
tct,10,nqc,4,0.58,0.17040812792308171,0.09515742841267705,0.11941580756013748,0.08312087785946547,97
tct,10,bertQPP,4,0.58,0.4281047729504487,1.2187915096952362e-05,0.26932989690721654,9.295520334274114e-05,97
tct,10,bertQPP(QV),4,0.58,0.4091632904931056,3.165304275436167e-05,0.25859106529209624,0.00017511595223064058,97
tct,10,spatial,4,0.6,0.23137245903987674,0.022592966285653028,0.14046391752577322,0.04152093691345949,97
tct,10,a_ratio,4,0.6,0.3565260501330341,0.00033785625956822654,0.23754295532646055,0.0005668140402706258,97
tct,10,nqc,4,0.6,0.17319929823017685,0.08978193734350001,0.1207044673539519,0.07984982362376257,97
tct,10,bertQPP,4,0.6,0.43514726342871146,8.421028648508524e-06,0.277491408934708,5.656185112022831e-05,97
tct,10,bertQPP(QV),4,0.6,0.41617711224756226,2.2378625250978167e-05,0.26503436426116844,0.00012008730713750342,97
tct,10,spatial,4,0.62,0.2396289629112357,0.01807735698199617,0.1443298969072165,0.03622527510674091,97
tct,10,a_ratio,4,0.62,0.35743682957677486,0.00032537749063086814,0.23711340206185572,0.000580033168540485,97
tct,10,nqc,4,0.62,0.17627256761301932,0.08414447678612569,0.12113402061855671,0.07878300963914868,97
tct,10,bertQPP,4,0.62,0.44155876677093786,5.970952728247717e-06,0.2869415807560138,3.1293082627690314e-05,97
tct,10,bertQPP(QV),4,0.62,0.42265006602905847,1.6138228791230546e-05,0.26975945017182135,9.058641607986754e-05,97
tct,10,spatial,4,0.64,0.24781158109846185,0.014392165398209244,0.15249140893470792,0.026909885175764755,97
tct,10,a_ratio,4,0.64,0.3581109451156016,0.000316416194374873,0.23453608247422683,0.0006655682797928671,97
tct,10,nqc,4,0.64,0.1796720571943236,0.07824092349149596,0.1245704467353952,0.07065977324075139,97
tct,10,bertQPP,4,0.64,0.44719013378186867,4.3890590163470485e-06,0.29553264604811,1.7987380341900968e-05,97
tct,10,bertQPP(QV),4,0.64,0.4284491968832219,1.1971807837992485e-05,0.2779209621993128,5.5081722625004346e-05,97
tct,10,spatial,4,0.66,0.25588820940527784,0.011412618095611714,0.15936426116838492,0.0207470988785446,97
tct,10,a_ratio,4,0.66,0.3585739776848869,0.0003103932264564011,0.2366838487972509,0.0005935388745829456,97
tct,10,nqc,4,0.66,0.18345134285922116,0.07207227214215982,0.12585910652920965,0.0677963948466897,97
tct,10,bertQPP,4,0.66,0.4518896739049544,3.380513565689533e-06,0.29639175257731964,1.7004521411510344e-05,97
tct,10,bertQPP(QV),4,0.66,0.43343804323770196,9.218573628639181e-06,0.28178694158075607,4.331497350290762e-05,97
tct,10,spatial,4,0.68,0.2638259900152849,0.00902421537359782,0.16537800687285226,0.016403064445582434,97
tct,10,a_ratio,4,0.68,0.35884943519564555,0.00030686046176002404,0.23496563573883167,0.0006505425158083947,97
tct,10,nqc,4,0.68,0.1876760378664399,0.06564705210791277,0.12800687285223372,0.06323660544752113,97
tct,10,bertQPP,4,0.68,0.45550999088539246,2.7572594793906884e-06,0.3028350515463918,1.1103899560226742e-05,97
tct,10,bertQPP(QV),4,0.68,0.43748218529257843,7.435939436332843e-06,0.28994845360824745,2.5823492573259426e-05,97
tct,10,spatial,4,0.7,0.2715918145883959,0.007124414540830582,0.17225085910652924,0.012434959394241826,97
tct,10,a_ratio,4,0.7,0.3589588022226967,0.00030546812438985067,0.22938144329896912,0.0008728876884960134,97
tct,10,nqc,4,0.7,0.19242722560726663,0.05898463023791347,0.13101374570446736,0.05728140399891128,97
tct,10,bertQPP,4,0.7,0.45791598705447,2.40489595670555e-06,0.30627147766323026,8.816007367360753e-06,97
tct,10,bertQPP(QV),4,0.7,0.44045585345197286,6.337910602628608e-06,0.2946735395189004,1.9024215360256178e-05,97
tct,10,spatial,4,0.72,0.27915287483491036,0.0056234243906400985,0.1778350515463918,0.009863239446727635,97
tct,10,a_ratio,4,0.72,0.3589216209602115,0.0003059408197644901,0.23152920962199317,0.0007801296905645403,97
tct,10,nqc,4,0.72,0.19780605949496713,0.052119646241947815,0.13402061855670105,0.051800200122302374,97
tct,10,bertQPP,4,0.72,0.4589934141668418,2.261299406220286e-06,0.309278350515464,7.190233980955585e-06,97
tct,10,bertQPP(QV),4,0.72,0.44224914764563605,5.751533771923401e-06,0.29596219931271484,1.7489373396802984e-05,97
tct,10,spatial,4,0.74,0.2864772431704139,0.004444233019270604,0.18170103092783507,0.008372001763204117,97
tct,10,a_ratio,4,0.74,0.3587555934735089,0.0003080598071694103,0.23195876288659797,0.0007627126312502382,97
tct,10,nqc,4,0.74,0.2039399664570757,0.045107811980021686,0.13487972508591067,0.050317249987351625,97
tct,10,bertQPP,4,0.74,0.45865710168249296,2.3052287253082597e-06,0.304553264604811,9.896994629604745e-06,97
tct,10,bertQPP(QV),4,0.74,0.4427752108629369,5.589460735283895e-06,0.2942439862542956,1.9563741907068626e-05,97
tct,10,spatial,4,0.76,0.29353446272540934,0.00352203264747291,0.18513745704467358,0.007219338175415614,97
tct,10,a_ratio,4,0.76,0.3584766972287268,0.00031164978272380146,0.23238831615120278,0.0007456571945733053,97
tct,10,nqc,4,0.76,0.2109910380608337,0.038033167419513354,0.1396048109965636,0.042782883164389815,97
tct,10,bertQPP,4,0.76,0.4568578583212213,2.5542719409458416e-06,0.30756013745704475,8.080314115500694e-06,97
tct,10,bertQPP(QV),4,0.76,0.44197656384015405,5.837244037006002e-06,0.29596219931271484,1.7489373396802984e-05,97
tct,10,spatial,4,0.78,0.30029612378842807,0.0028032199323095286,0.18728522336769762,0.006573343269072617,97
tct,10,a_ratio,4,0.78,0.3580993076143223,0.00031656894852051136,0.2328178694158076,0.0007289565212236814,97
tct,10,nqc,4,0.78,0.2191673371534099,0.031016464626877117,0.14089347079037803,0.040901875311072,97
tct,10,bertQPP,4,0.78,0.453587085005407,3.0733535174107076e-06,0.30412371134020627,1.0186398880976669e-05,97
tct,10,bertQPP(QV),4,0.78,0.43982979592549115,6.555551820101739e-06,0.29510309278350516,1.849887929183802e-05,97
tct,10,spatial,4,0.8,0.3067364030173822,0.002244142355200516,0.19501718213058422,0.004655971971265852,97
tct,10,a_ratio,4,0.8,0.3576363226552387,0.00032270149535353776,0.23238831615120278,0.0007456571945733053,97
tct,10,nqc,4,0.8,0.22873786216526049,0.0242233463418328,0.14819587628865982,0.031516517606653575,97
tct,10,bertQPP,4,0.8,0.4488783829261579,3.997897300676709e-06,0.3032646048109966,1.078963546261726e-05,97
tct,10,bertQPP(QV),4,0.8,0.43634794974131597,7.900080260696276e-06,0.2942439862542956,1.9563741907068626e-05,97
tct,10,spatial,4,0.82,0.31283254264870747,0.0018097373014245314,0.20575601374570449,0.0028288190417010725,97
tct,10,a_ratio,4,0.82,0.3570992863625341,0.0003299518724379064,0.23625429553264607,0.0006073368350083252,97
tct,10,nqc,4,0.82,0.24005138695885364,0.01786891133761094,0.15249140893470792,0.026909885175764755,97
tct,10,bertQPP,4,0.82,0.44280585629772956,5.580153147337373e-06,0.30111683848797255,1.245055216313867e-05,97
tct,10,bertQPP(QV),4,0.82,0.43158022413318947,1.0165730054027167e-05,0.2908075601374571,2.4436082793239188e-05,97
tct,10,spatial,4,0.84,0.3185652494881068,0.0014721778475321333,0.20790378006872856,0.0025535840012904936,97
tct,10,a_ratio,4,0.84,0.3564985081744864,0.00033824039072620764,0.23539518900343648,0.0006358327263393619,97
tct,10,nqc,4,0.84,0.2535570864584487,0.012211586097689105,0.16108247422680416,0.01941379508307944,97
tct,10,bertQPP,4,0.84,0.4354793053779224,8.27382098902773e-06,0.2890893470790379,2.728561756069487e-05,97
tct,10,bertQPP(QV),4,0.84,0.42560899658184936,1.3866851403600309e-05,0.2882302405498282,2.882624188772262e-05,97
tct,10,spatial,4,0.86,0.3239189975182447,0.0012096046980289339,0.21434707903780073,0.0018682268943729797,97
tct,10,a_ratio,4,0.86,0.3558431767542245,0.0003474998292073515,0.23582474226804126,0.000621432826309228,97
tct,10,nqc,4,0.86,0.26981706752738377,0.007524284091662022,0.1701030927835052,0.013572314777054699,97
tct,10,bertQPP,4,0.86,0.4270369618991303,1.2881422650513653e-05,0.2826460481099657,4.1045698019656674e-05,97
tct,10,bertQPP(QV),4,0.86,0.41854454797607044,1.9872112840346027e-05,0.2856529209621994,3.395967010111564e-05,97
tct,10,spatial,4,0.88,0.3288822231754779,0.0010049920677697812,0.21606529209621997,0.0017164841150655054,97
tct,10,a_ratio,4,0.88,0.3551414670418248,0.0003576728012234235,0.2328178694158076,0.0007289565212236814,97
tct,10,nqc,4,0.88,0.2894768409802045,0.004028762792973305,0.1859965635738832,0.006954397086601862,97
tct,10,bertQPP,4,0.88,0.4176367286421431,2.080043386349957e-05,0.28049828178694164,4.694321427271648e-05,97
tct,10,bertQPP(QV),4,0.88,0.4105181718011718,2.9620210499956425e-05,0.28006872852233683,4.8215372827859356e-05,97
tct,10,spatial,4,0.9,0.3334474082673218,0.0008451694574169387,0.21477663230240554,0.0018291772025326055,97
tct,10,a_ratio,4,0.9,0.35440063994367976,0.00036870970086203285,0.23324742268041243,0.0007126038672884247,97
tct,10,nqc,4,0.9,0.3130892141105394,0.0017932410996121537,0.20575601374570449,0.0028288190417010725,97
tct,10,bertQPP,4,0.9,0.407446988591888,3.441554179788302e-05,0.27620274914089354,6.123156446679978e-05,97
tct,10,bertQPP(QV),4,0.9,0.40167450510464153,4.544932188617215e-05,0.2689003436426117,9.538240628081039e-05,97
tct,10,spatial,4,0.92,0.33761105159277127,0.0007200022544054735,0.21907216494845363,0.0014779202366871586,97
tct,10,a_ratio,4,0.92,0.35362713440521854,0.000380567095123923,0.23195876288659797,0.0007627126312502382,97
tct,10,nqc,4,0.92,0.34049838694771095,0.0006434168791240542,0.2328178694158076,0.0007289565212236814,97
tct,10,bertQPP,4,0.92,0.396637951379194,5.7690084756961606e-05,0.2689003436426117,9.538240628081039e-05,97
tct,10,bertQPP(QV),4,0.92,0.3921639127791876,7.107530012278676e-05,0.25902061855670105,0.00017081103710396531,97
tct,10,spatial,4,0.94,0.3413735360573946,0.0006217216156282426,0.2298109965635739,0.0008535554716530555,97
tct,10,a_ratio,4,0.94,0.3528266518783215,0.00039320646086419344,0.23410652920962205,0.0006809162092632265,97
tct,10,nqc,4,0.94,0.36911236122408553,0.00019883949118300307,0.2512886597938145,0.00026585493232954136,97
tct,10,bertQPP,4,0.94,0.38537426209451264,9.70014692953205e-05,0.25472508591065296,0.00021872261513442568,97
tct,10,bertQPP(QV),4,0.94,0.3821356160800632,0.00011224601867150939,0.26116838487972516,0.00015073942387955493,97
tct,10,spatial,4,0.96,0.3447389029807274,0.0005443870797455802,0.22938144329896912,0.0008728876884960134,97
tct,10,a_ratio,4,0.96,0.3520042333824084,0.0004065931899786138,0.23496563573883167,0.0006505425158083947,97
tct,10,nqc,4,0.96,0.39042054196640613,7.703339181274122e-05,0.25429553264604815,0.00022415245533308512,97
tct,10,bertQPP,4,0.96,0.37380929085569725,0.00016223454008009152,0.2517182130584193,0.00025948171452482385,97
tct,10,bertQPP(QV),4,0.96,0.3717320351175195,0.00017757706293696358,0.25343642611683853,0.00023539388087640415,97
tct,10,spatial,4,0.98,0.3477145490321413,0.00048346244868821726,0.22766323024054988,0.0009543472910132449,97
tct,10,a_ratio,4,0.98,0.35116432948538395,0.000420695804425615,0.23238831615120278,0.0007456571945733053,97
tct,10,nqc,4,0.98,0.3881743724856638,8.539548942014755e-05,0.2508591065292096,0.00027237466938260737,97
tct,10,bertQPP,4,0.98,0.3620812263062422,0.00026808967118143,0.2444158075601375,0.0003900155261817713,97
tct,10,bertQPP(QV),4,0.98,0.3610845738470334,0.0002795352306079353,0.24484536082474234,0.00038088964117221485,97
tct,10,spatial,4,1.0,0.3503108636115019,0.0004354853361895533,0.2285223367697595,0.0009127757207962206,97
tct,10,a_ratio,4,1.0,0.3503108636115019,0.0004354853361895533,0.2285223367697595,0.0009127757207962206,97
tct,10,nqc,4,1.0,0.3503108636115019,0.0004354853361895533,0.2285223367697595,0.0009127757207962206,97
tct,10,bertQPP,4,1.0,0.3503108636115019,0.0004354853361895533,0.2285223367697595,0.0009127757207962206,97
tct,10,bertQPP(QV),4,1.0,0.3503108636115019,0.0004354853361895533,0.2285223367697595,0.0009127757207962206,97
tct,10,spatial,5,0.0,0.033377062904937055,0.7455179611795428,0.01718213058419244,0.8031038928688624,97
tct,10,a_ratio,5,0.0,0.12032506943967171,0.2404059919205959,0.1168384879725086,0.08998850130140247,97
tct,10,nqc,5,0.0,0.1374755409635702,0.1793335293649571,0.10524054982817871,0.12672143082539938,97
tct,10,bertQPP,5,0.0,0.24060884244426767,0.017597008346410068,0.16065292096219932,0.019739903980340746,97
tct,10,bertQPP(QV),5,0.0,0.22743786537523114,0.025064137471383592,0.14218213058419246,0.039091423487606906,97
tct,10,spatial,5,0.02,0.03756652904563129,0.7148725418687727,0.020189003436426118,0.7695487264404447,97
tct,10,a_ratio,5,0.02,0.13184265812877752,0.1979919161764641,0.1284364261168385,0.06235576017343852,97
tct,10,nqc,5,0.02,0.1379537336820159,0.17781093232541337,0.10609965635738833,0.1236515932692785,97
tct,10,bertQPP,5,0.02,0.24445376202603541,0.01581701043952042,0.16194158075601378,0.018775672464210122,97
tct,10,bertQPP(QV),5,0.02,0.23123225148809762,0.022677304164521725,0.1469072164948454,0.033024149712135395,97
tct,10,spatial,5,0.04,0.041882157439826304,0.683770901187066,0.02362542955326461,0.7317251099207628,97
tct,10,a_ratio,5,0.04,0.14343034490081158,0.16104352276427533,0.1365979381443299,0.04745794602168577,97
tct,10,nqc,5,0.04,0.13845171375584664,0.17623542073711995,0.10738831615120277,0.11915605807960761,97
tct,10,bertQPP,5,0.04,0.24844071809720075,0.014137969356693692,0.16323024054982818,0.017852894393926448,97
tct,10,bertQPP(QV),5,0.04,0.23516736172675762,0.020409994573887473,0.14948453608247425,0.030068308790855192,97
tct,10,spatial,5,0.06,0.04632725934649155,0.6522795109175679,0.025343642611683852,0.7130485680719618,97
tct,10,a_ratio,5,0.06,0.15502695679713105,0.1294618127628315,0.14518900343642613,0.03513003275683934,97
tct,10,nqc,5,0.06,0.13897073142897406,0.1746042755645431,0.10781786941580758,0.11768634646990996,97
tct,10,bertQPP,5,0.06,0.25257569476665176,0.012562271996453916,0.16451890034364264,0.016970096384742294,97
tct,10,bertQPP(QV),5,0.06,0.23924920157539514,0.018266536150347984,0.15077319587628868,0.0286776674564184,97
tct,10,spatial,5,0.08,0.05090503168585592,0.620474304687926,0.02491408934707904,0.7177021136751226,97
tct,10,a_ratio,5,0.08,0.16656709160484864,0.10296591205449092,0.147766323024055,0.03201236643126749,97
tct,10,nqc,5,0.08,0.1395121441785992,0.17291459665436282,0.10824742268041239,0.11623089832126132,97
tct,10,bertQPP,5,0.08,0.25686475998445873,0.011091730056062336,0.1666666666666667,0.01558372473088864,97
tct,10,bertQPP(QV),5,0.08,0.2434838769661457,0.016250646285960447,0.15335051546391754,0.026061836085581373,97
tct,10,spatial,5,0.1,0.05561851740369343,0.5884408809834176,0.027491408934707907,0.6899437658549277,97
tct,10,a_ratio,5,0.1,0.17798256811773258,0.08113201762583903,0.1512027491408935,0.028226597294347726,97
tct,10,nqc,5,0.1,0.14007742842116702,0.1711632884556765,0.10824742268041239,0.11623089832126132,97
tct,10,bertQPP,5,0.1,0.26131401318530706,0.009727508692052696,0.16838487972508595,0.01454739544260673,97
tct,10,bertQPP(QV),5,0.1,0.24787754593993308,0.01436532816386607,0.154639175257732,0.024833107958687445,97
tct,10,spatial,5,0.12,0.06047056030718467,0.5562745213444672,0.03178694158075602,0.6446089162462232,97
tct,10,a_ratio,5,0.12,0.189204139279053,0.06344071363953788,0.1554982817869416,0.02404211148041231,97
tct,10,nqc,5,0.12,0.14066819277974624,0.1693470445369226,0.1086769759450172,0.11478963120763813,97
tct,10,bertQPP,5,0.12,0.2659295173268804,0.008470059785252605,0.17053264604811,0.013337754848227265,97
tct,10,bertQPP(QV),5,0.12,0.25243635556257893,0.012612767440590958,0.1597938144329897,0.02040649882574069,97
tct,10,spatial,5,0.14,0.06546375393231338,0.5240799828066879,0.03522336769759451,0.6092594479622931,97
tct,10,a_ratio,5,0.14,0.2001633843024775,0.049325577465391963,0.16237113402061856,0.018463547347092265,97
tct,10,nqc,5,0.14,0.14128619316025237,0.16746233081425926,0.10953608247422682,0.11194930892644765,97
tct,10,bertQPP,5,0.14,0.2707172118296715,0.0073190629143101765,0.17568728522336774,0.01079019991112942,97
tct,10,bertQPP(QV),5,0.14,0.2571663607776057,0.010994233408819842,0.1628006872852234,0.018155972846842318,97
tct,10,spatial,5,0.16,0.0706003840357226,0.49197102333088183,0.0425257731958763,0.5371707606067591,97
tct,10,a_ratio,5,0.16,0.2107946708432135,0.03821680726127853,0.17139175257731962,0.012879359856548544,97
tct,10,nqc,5,0.16,0.14193334992955298,0.16550536740862387,0.11125429553264607,0.10643517898925002,97
tct,10,bertQPP,5,0.16,0.27568280225431707,0.006273377520964483,0.17740549828178698,0.010042744211065484,97
tct,10,bertQPP(QV),5,0.16,0.2620734212385881,0.009509988992005735,0.16752577319587633,0.015057708996420909,97
tct,10,spatial,5,0.18,0.0758823643608427,0.4600696210550828,0.04510309278350516,0.5127917901399865,97
tct,10,a_ratio,5,0.18,0.2210370633032497,0.02957555723386195,0.18427835051546396,0.0074933028749945285,97
tct,10,nqc,5,0.18,0.14261176754374852,0.16347210905526255,0.11168384879725088,0.1050908480999539,97
tct,10,bertQPP,5,0.18,0.2808316217893223,0.0053310100121376075,0.1829896907216495,0.007921746820669876,97
tct,10,bertQPP(QV),5,0.18,0.2671630714361247,0.008159214554788682,0.17053264604811,0.013337754848227265,97
tct,10,spatial,5,0.2,0.08131116541447236,0.42850485334779215,0.04725085910652922,0.4929254477765376,97
tct,10,a_ratio,5,0.2,0.2308360516450397,0.022917083690959666,0.18728522336769762,0.006573343269072617,97
tct,10,nqc,5,0.2,0.1433237570421021,0.16135822400190544,0.11297250859106532,0.10113858933462912,97
tct,10,bertQPP,5,0.2,0.28616845877054553,0.004489099623020739,0.18728522336769762,0.006573343269072617,97
tct,10,bertQPP(QV),5,0.2,0.272440358621364,0.0069399509930558,0.17396907216494847,0.011586707769612953,97
tct,10,spatial,5,0.22,0.08688773611220049,0.39741141047659634,0.05111683848797252,0.4582309196968538,97
tct,10,a_ratio,5,0.22,0.2401449878027204,0.017823005378855252,0.19458762886597944,0.004747484369155047,97
tct,10,nqc,5,0.22,0.14407186190412793,0.15915907135236626,0.11426116838487975,0.09730564872611688,97
tct,10,bertQPP,5,0.22,0.2916973435302365,0.0037439266892859147,0.1890034364261169,0.006094500520977148,97
tct,10,bertQPP(QV),5,0.22,0.27790964214396985,0.0058490677939811025,0.17568728522336774,0.01079019991112942,97
tct,10,spatial,5,0.24,0.09261241831588794,0.3669277317261366,0.05283505154639176,0.4432621351071514,97
tct,10,a_ratio,5,0.24,0.2489261425471694,0.013944512134559531,0.19673539518900346,0.004305679427335466,97
tct,10,nqc,5,0.24,0.14485888786793116,0.1568696768444119,0.11512027491408937,0.09481550621817705,97
tct,10,bertQPP,5,0.24,0.29742128691187486,0.003090946473092067,0.19243986254295536,0.005229928831102741,97
tct,10,bertQPP(QV),5,0.24,0.28357434689854294,0.004882261615791011,0.17998281786941583,0.009007907605249525,97
tct,10,spatial,5,0.26,0.09848485450034823,0.33719376925825467,0.056701030927835065,0.41062402699366984,97
tct,10,a_ratio,5,0.26,0.25715133078497227,0.010999074262640443,0.1984536082474227,0.003979453005162126,97
tct,10,nqc,5,0.26,0.1456879374317846,0.15448470709877474,0.11554982817869418,0.09358972367387966,97
tct,10,bertQPP,5,0.26,0.3033419618485939,0.002524850795311695,0.1971649484536083,0.004221925130091803,97
tct,10,bertQPP(QV),5,0.26,0.28943666266575846,0.004034090312812324,0.18213058419243988,0.008219435652041644,97
tct,10,spatial,5,0.28,0.10450388905588595,0.3083484067781938,0.06056701030927836,0.3794578311122522,97
tct,10,a_ratio,5,0.28,0.26480209250874737,0.008763227754925287,0.20661512027491413,0.0027156275780873427,97
tct,10,nqc,5,0.28,0.1465624499142275,0.15199844244633276,0.1164089347079038,0.09117630712765404,97
tct,10,bertQPP,5,0.28,0.3094593185876909,0.002039658409948014,0.20317869415807563,0.0031947282487263706,97
tct,10,bertQPP(QV),5,0.28,0.295497180334911,0.0032980461214701835,0.18728522336769762,0.006573343269072617,97
tct,10,spatial,5,0.3,0.11066746406339406,0.2805265855148227,0.06829896907216496,0.32163912125241456,97
tct,10,a_ratio,5,0.3,0.27186945431559945,0.0070635877193255675,0.20446735395189009,0.0030066996042901117,97
tct,10,nqc,5,0.3,0.14748624813857014,0.14940474854111108,0.11597938144329899,0.09237668593402237,97
tct,10,bertQPP,5,0.3,0.3157711236065117,0.001628833324406289,0.20747422680412375,0.0026065887949513057,97
tct,10,bertQPP(QV),5,0.3,0.3017544554459074,0.002666669863410613,0.19201030927835053,0.00533157487845821,97
tct,10,spatial,5,0.32,0.11697251077250072,0.2538562178667985,0.06915807560137457,0.3155898965616176,97
tct,10,a_ratio,5,0.32,0.27835332767489623,0.0057676347629904085,0.20747422680412375,0.0026065887949513057,97
tct,10,nqc,5,0.32,0.14846359304586018,0.14669704710951872,0.11726804123711342,0.08881318243030219,97
tct,10,bertQPP,5,0.32,0.32227241223513137,0.0012854281919606615,0.21563573883161516,0.0017533187111864498,97
tct,10,bertQPP(QV),5,0.32,0.30820448940256734,0.0021317055161856023,0.19974226804123715,0.0037496927052216027,97
tct,10,spatial,5,0.34,0.12341483847068158,0.22845499733885263,0.07474226804123713,0.2781012070168114,97
tct,10,a_ratio,5,0.34,0.2842616216842398,0.004775221216412177,0.21176975945017185,0.0021190549684448486,97
tct,10,nqc,5,0.34,0.1494992478395144,0.14386828638694144,0.11726804123711342,0.08881318243030219,97
tct,10,bertQPP,5,0.34,0.328954845805095,0.0010022476286041472,0.2177835051546392,0.0015761513468118154,97
tct,10,bertQPP(QV),5,0.34,0.31484011938688405,0.0016842914510138368,0.19974226804123715,0.0037496927052216027,97
tct,10,spatial,5,0.36,0.1299890229478305,0.20442723944301594,0.08118556701030928,0.23875904036666062,97
tct,10,a_ratio,5,0.36,0.28960915863950726,0.004011262284788279,0.21262886597938147,0.002032205430312129,97
tct,10,nqc,5,0.36,0.15059855364260474,0.14091091207344722,0.11726804123711342,0.08881318243030219,97
tct,10,bertQPP,5,0.36,0.335805966228084,0.0007720240663012192,0.22079037800687287,0.0013557124652369783,97
tct,10,bertQPP(QV),5,0.36,0.3216503098590382,0.0013151812642453358,0.202319587628866,0.003325969220576063,97
tct,10,spatial,5,0.38,0.13668829732600696,0.18186090888407672,0.08290378006872855,0.22896569995644822,97
tct,10,a_ratio,5,0.38,0.2944164809839569,0.0034197436947094174,0.21821305841924402,0.0015427588468996702,97
tct,10,nqc,5,0.38,0.15176751912854688,0.13781684003111766,0.11769759450171824,0.08765026442852013,97
tct,10,bertQPP,5,0.38,0.3428083448608392,0.0005875968505171715,0.21950171821305847,0.0014464512863097319,97
tct,10,bertQPP(QV),5,0.38,0.32861934210420524,0.0010149837881627136,0.20403780068728525,0.00306822352558543,97
tct,10,spatial,5,0.4,0.14350444862007308,0.16082500015918028,0.08676975945017183,0.2079844017382293,97
tct,10,a_ratio,5,0.4,0.2987086301063215,0.002958978603453476,0.21649484536082478,0.0016803624081385136,97
tct,10,nqc,5,0.4,0.15301292719875467,0.1345774324882529,0.11855670103092786,0.08536128644887009,97
tct,10,bertQPP,5,0.4,0.34993862906609935,0.0004420840611184039,0.22207903780068733,0.0012702502748310276,97
tct,10,bertQPP(QV),5,0.4,0.3357259042649931,0.0007744090230004687,0.20661512027491413,0.0027156275780873427,97
tct,10,spatial,5,0.42,0.1504277239947939,0.1413674384500889,0.09235395189003438,0.18019329783502935,97
tct,10,a_ratio,5,0.42,0.30251396376871365,0.0025979493562959307,0.21606529209621997,0.0017164841150655054,97
tct,10,nqc,5,0.42,0.1543424625683068,0.13118348026835602,0.11898625429553265,0.08423505409007553,97
tct,10,bertQPP,5,0.42,0.3571664998893382,0.0003290363007590278,0.22723367697594504,0.000975784420613921,97
tct,10,bertQPP(QV),5,0.42,0.3429420934750821,0.000584504906310077,0.21048109965635742,0.002255725464528707,97
tct,10,spatial,5,0.44,0.15744675125115162,0.12351365290117941,0.09364261168384881,0.17419095096502246,97
tct,10,a_ratio,5,0.44,0.30586306249215484,0.0023135389383646156,0.21606529209621997,0.0017164841150655054,97
tct,10,nqc,5,0.44,0.1557648651389368,0.12762519460475508,0.11898625429553265,0.08423505409007553,97
tct,10,bertQPP,5,0.44,0.36445356863977985,0.0002425626745200116,0.23024054982817874,0.0008346209629654949,97
tct,10,bertQPP(QV),5,0.44,0.35023235493228544,0.00043686950930653883,0.21434707903780073,0.0018682268943729797,97
tct,10,spatial,5,0.46,0.16454847856210392,0.10726594394306532,0.09621993127147768,0.16263626465805225,97
tct,10,a_ratio,5,0.46,0.3087877584560831,0.002088463929625793,0.2203608247422681,0.0013853583021557498,97
tct,10,nqc,5,0.46,0.15729011536376641,0.12389221354658676,0.11855670103092786,0.08536128644887009,97
tct,10,bertQPP,5,0.46,0.3717522596788202,0.00017742142261837444,0.23067010309278352,0.00081607670119364,97
tct,10,bertQPP(QV),5,0.46,0.35755240077062633,0.00032382474189300174,0.21821305841924402,0.0015427588468996702,97
tct,10,spatial,5,0.48,0.17171813882970022,0.09260372100761445,0.09922680412371135,0.1498976871116754,97
tct,10,a_ratio,5,0.48,0.31132030517756193,0.0019097454153358456,0.21993127147766325,0.0014156009702633058,97
tct,10,nqc,5,0.48,0.15892965954400712,0.11997362996374579,0.11898625429553265,0.08423505409007553,97
tct,10,bertQPP,5,0.48,0.37900475176926374,0.0001290709737870226,0.2379725085910653,0.0005538759115824682,97
tct,10,bertQPP(QV),5,0.48,0.3648481748156751,0.00023854099386082516,0.22207903780068733,0.0012702502748310276,97
tct,10,spatial,5,0.5,0.17893924418768664,0.07948462974472499,0.1048109965635739,0.1282784361242476,97
tct,10,a_ratio,5,0.5,0.31349269351454084,0.0017675843804907736,0.22079037800687287,0.0013557124652369783,97
tct,10,nqc,5,0.5,0.16069668528689376,0.11585805093214448,0.11855670103092786,0.08536128644887009,97
tct,10,bertQPP,5,0.5,0.38614208048042653,9.368112775353639e-05,0.2405498281786942,0.0004818477915141724,97
tct,10,bertQPP(QV),5,0.5,0.3720549573979687,0.000175107010009594,0.2255154639175258,0.0010660691222714972,97
tct,10,spatial,5,0.52,0.18619361606004242,0.06784652380566869,0.10824742268041239,0.11623089832126132,97
tct,10,a_ratio,5,0.52,0.3153361098393258,0.0016545370782865422,0.22207903780068733,0.0012702502748310276,97
tct,10,nqc,5,0.52,0.16260646039317378,0.11153370212373469,0.11769759450171824,0.08765026442852013,97
tct,10,bertQPP,5,0.52,0.3930835375058773,6.810803818250328e-05,0.23883161512027495,0.0005288208236189078,97
tct,10,bertQPP(QV),5,0.52,0.37909673573790953,0.00012854500250092496,0.2285223367697595,0.0009127757207962206,97
tct,10,spatial,5,0.54,0.19346145574231394,0.05761017219557239,0.11082474226804125,0.10779310640620364,97
tct,10,a_ratio,5,0.54,0.3168805255248202,0.0015649108259128547,0.21907216494845363,0.0014779202366871586,97
tct,10,nqc,5,0.54,0.16467675250453168,0.10698859614660075,0.11898625429553265,0.08423505409007553,97
tct,10,bertQPP,5,0.54,0.39973653534566034,4.983998874947274e-05,0.2444158075601375,0.0003900155261817713,97
tct,10,bertQPP(QV),5,0.54,0.38588599647154587,9.477661084267927e-05,0.23969072164948454,0.0005048251929224872,97
tct,10,spatial,5,0.56,0.2007214596461337,0.04868253669495396,0.11340206185567013,0.09984779835922447,97
tct,10,a_ratio,5,0.56,0.3181544028368246,0.0014943208571487278,0.2173539518900344,0.0016102081655090619,97
tct,10,nqc,5,0.56,0.1669283523063864,0.10221079113474187,0.11812714776632303,0.08649966115997804,97
tct,10,bertQPP,5,0.56,0.40599713092272044,3.6923086940357154e-05,0.2530068728522337,0.00024121095691616908,97
tct,10,bertQPP(QV),5,0.56,0.3923241216430846,7.054986344912832e-05,0.24613402061855674,0.00035469522611087794,97
tct,10,spatial,5,0.58,0.20795098210462964,0.04096041206427779,0.11426116838487975,0.09730564872611688,97
tct,10,a_ratio,5,0.58,0.3191845004324672,0.001439364510068992,0.21649484536082478,0.0016803624081385136,97
tct,10,nqc,5,0.58,0.1693857304794404,0.0971887760167183,0.11812714776632303,0.08649966115997804,97
tct,10,bertQPP,5,0.58,0.41175140971529167,2.787666128359153e-05,0.2564432989690722,0.00019821410424194529,97
tct,10,bertQPP(QV),5,0.58,0.39830257922209633,5.3340032577705976e-05,0.24828178694158082,0.0003147483455907583,97
tct,10,spatial,5,0.6,0.21512624697432625,0.034334200133971225,0.1164089347079038,0.09117630712765404,97
tct,10,a_ratio,5,0.6,0.3199957613880219,0.0013973808351926934,0.21563573883161516,0.0017533187111864498,97
tct,10,nqc,5,0.6,0.17207786866193475,0.09191203275758371,0.11941580756013748,0.08312087785946547,97
tct,10,bertQPP,5,0.6,0.4168779110564589,2.1607399680932168e-05,0.26116838487972516,0.00015073942387955493,97
tct,10,bertQPP(QV),5,0.6,0.40370508304584374,4.123789408532084e-05,0.25859106529209624,0.00017511595223064058,97
tct,10,spatial,5,0.62,0.2222226072226339,0.028691590139836298,0.11812714776632303,0.08649966115997804,97
tct,10,a_ratio,5,0.62,0.3206112675150202,0.0013662724522385612,0.21219931271477666,0.0020752134680172376,97
tct,10,nqc,5,0.62,0.1750393184437322,0.08637184464533373,0.1202749140893471,0.08092834885233069,97
tct,10,bertQPP,5,0.62,0.42125121348622074,1.7329484880380414e-05,0.2680412371134021,0.00010041746330816103,97
tct,10,bertQPP(QV),5,0.62,0.40841084388239973,3.283759996804562e-05,0.2624570446735396,0.00013978519828252247,97
tct,10,spatial,5,0.64,0.22921484933956385,0.023920941145189965,0.12371134020618559,0.07262323979726368,97
tct,10,a_ratio,5,0.64,0.32105224524514886,0.0013443728763101294,0.20833333333333337,0.0025015666651811157,97
tct,10,nqc,5,0.64,0.17831156125045639,0.0805624446668474,0.1245704467353952,0.07065977324075139,97
tct,10,bertQPP,5,0.64,0.4247466883927115,1.4495734320624341e-05,0.27620274914089354,6.123156446679978e-05,97
tct,10,bertQPP(QV),5,0.64,0.41229893504392623,2.71337645669101e-05,0.26589347079037806,0.0001141250014345169,97
tct,10,spatial,5,0.66,0.23607753688469532,0.019914204198394125,0.12800687285223372,0.06323660544752113,97
tct,10,a_ratio,5,0.66,0.32133811023803305,0.0013303471705050603,0.20704467353951894,0.0026605976928076114,97
tct,10,nqc,5,0.66,0.18194476771377066,0.07448263022593653,0.12757731958762888,0.06412770883743656,97
tct,10,bertQPP,5,0.66,0.42724627173229623,1.2742629715635184e-05,0.2779209621993128,5.5081722625004346e-05,97
tct,10,bertQPP(QV),5,0.66,0.41525365254118196,2.343429233221405e-05,0.2766323024054983,5.9635866438532616e-05,97
tct,10,spatial,5,0.68,0.242785384945201,0.016569275607707528,0.1357388316151203,0.04887004601219989,97
tct,10,a_ratio,5,0.68,0.32148653984846565,0.001323117127952987,0.20618556701030932,0.0027716955730928564,97
tct,10,nqc,5,0.68,0.18600008998572234,0.06813800975258685,0.12929553264604812,0.060624507125192455,97
tct,10,bertQPP,5,0.68,0.42864491279080974,1.1850615446934855e-05,0.2770618556701031,5.80796004740303e-05,97
tct,10,bertQPP(QV),5,0.68,0.41717057380568356,2.1292754423614314e-05,0.27534364261168387,6.454501938742568e-05,97
tct,10,spatial,5,0.7,0.24931365493840407,0.013791730716488091,0.14218213058419246,0.039091423487606906,97
tct,10,a_ratio,5,0.7,0.3215135645168352,0.0013218045955293827,0.21048109965635742,0.002255725464528707,97
tct,10,nqc,5,0.7,0.19055266668463827,0.06154408963118957,0.1314432989690722,0.05647001729864357,97
tct,10,bertQPP,5,0.7,0.4288571679730987,1.1720484295995899e-05,0.28006872852233683,4.8215372827859356e-05,97
tct,10,bertQPP(QV),5,0.7,0.4179628385614908,2.046238074740406e-05,0.2766323024054983,5.9635866438532616e-05,97
tct,10,spatial,5,0.72,0.25563855725635753,0.011495942342007045,0.14862542955326463,0.03102727109196935,97
tct,10,a_ratio,5,0.72,0.3214336709180021,0.0013256882855539982,0.21219931271477666,0.0020752134680172376,97
tct,10,nqc,5,0.72,0.19569557865394308,0.05473044469733921,0.13487972508591067,0.050317249987351625,97
tct,10,bertQPP,5,0.72,0.4278232622650149,1.2367262671566071e-05,0.27577319587628873,6.286763010435062e-05,97
tct,10,bertQPP(QV),5,0.72,0.41756703163379055,2.0873358740775375e-05,0.27620274914089354,6.123156446679978e-05,97
tct,10,spatial,5,0.74,0.26173764792303494,0.009605633549647531,0.1550687285223368,0.024434836082135623,97
tct,10,a_ratio,5,0.74,0.3212599112669614,0.001334170671277666,0.21434707903780073,0.0018682268943729797,97
tct,10,nqc,5,0.74,0.20154505998408268,0.047746212627795555,0.13702749140893475,0.046764860648197036,97
tct,10,bertQPP,5,0.74,0.42551388991489003,1.3934935102446179e-05,0.27233676975945026,7.752860694391557e-05,97
tct,10,bertQPP(QV),5,0.74,0.41594798553112156,2.2636319260290962e-05,0.279639175257732,4.952017035250988e-05,97
tct,10,spatial,5,0.76,0.2675902048831244,0.008053946888523808,0.16151202749140894,0.01909240321886764,97
tct,10,a_ratio,5,0.76,0.3210040145153681,0.0013467524643673372,0.2100515463917526,0.0023030471051788694,97
tct,10,nqc,5,0.76,0.20824732179738376,0.040667044677209836,0.14304123711340208,0.037922646089534044,97
tct,10,bertQPP,5,0.76,0.4219331039815114,1.6738850394728056e-05,0.2714776632302406,8.166950933778078e-05,97
tct,10,bertQPP(QV),5,0.76,0.4131018751843869,2.607775063869828e-05,0.2766323024054983,5.9635866438532616e-05,97
tct,10,spatial,5,0.78,0.27317756987015096,0.0067831303606780925,0.16365979381443302,0.01755425786967657,97
tct,10,a_ratio,5,0.78,0.3206764962845867,0.0013630128264254938,0.20876288659793818,0.0024505203740822256,97
tct,10,nqc,5,0.78,0.21598731878983288,0.03360329273010544,0.14475945017182132,0.035674068768179766,97
tct,10,bertQPP,5,0.78,0.41711885653164005,2.1348042241327633e-05,0.27362542955326463,7.168767375692266e-05,97
tct,10,bertQPP(QV),5,0.78,0.4090571570399374,3.1817670765303216e-05,0.27534364261168387,6.454501938742568e-05,97
tct,10,spatial,5,0.8,0.278483443036632,0.005743945230187673,0.1658075601374571,0.016125841537736958,97
tct,10,a_ratio,5,0.8,0.32028676528485944,0.0013825939421687873,0.20790378006872856,0.0025535840012904936,97
tct,10,nqc,5,0.8,0.22499948711827228,0.02670835087657436,0.1469072164948454,0.033024149712135395,97
tct,10,bertQPP,5,0.8,0.4111410639039629,2.8727202929125124e-05,0.27491408934707906,6.626470924810731e-05,97
tct,10,bertQPP(QV),5,0.8,0.4038731838506505,4.090610526300727e-05,0.27534364261168387,6.454501938742568e-05,97
tct,10,spatial,5,0.82,0.28349411960744814,0.004894894894947207,0.16881443298969073,0.014298004272030715,97
tct,10,a_ratio,5,0.82,0.3198432246899557,0.0014051889293733978,0.20661512027491413,0.0027156275780873427,97
tct,10,nqc,5,0.82,0.23557937404202803,0.02018426603133362,0.15206185567010314,0.02734277211201925,97
tct,10,bertQPP,5,0.82,0.40409741865476234,4.046740092457928e-05,0.28049828178694164,4.694321427271648e-05,97
tct,10,bertQPP(QV),5,0.82,0.39763664794236603,5.504220441253576e-05,0.2710481099656358,8.381752378824866e-05,97
tct,10,spatial,5,0.84,0.28819866059210747,0.004201360831923539,0.17439862542955328,0.011382836808156348,97
tct,10,a_ratio,5,0.84,0.31935336749827126,0.0014305323158287238,0.2014604810996564,0.0034621026042757834,97
tct,10,nqc,5,0.84,0.24809171807663025,0.014278493284431912,0.1512027491408935,0.028226597294347726,97
tct,10,bertQPP,5,0.84,0.39610747303847627,5.9144373869444336e-05,0.277491408934708,5.656185112022831e-05,97
tct,10,bertQPP(QV),5,0.84,0.3904562978099976,7.69066614595456e-05,0.27018900343642616,8.827472841766767e-05,97
tct,10,spatial,5,0.86,0.2925889928443689,0.0036347145271869463,0.17611683848797252,0.010598840128977079,97
tct,10,a_ratio,5,0.86,0.3188238653406306,0.0014583925018375515,0.1984536082474227,0.003979453005162126,97
tct,10,nqc,5,0.86,0.2629610338658106,0.009261167378782048,0.16623711340206188,0.015852745291372216,97
tct,10,bertQPP,5,0.86,0.38730571278733394,8.884991759810811e-05,0.26503436426116844,0.00012008730713750342,97
tct,10,bertQPP(QV),5,0.86,0.38245657252575127,0.00011064150108642212,0.26503436426116844,0.00012008730713750342,97
tct,10,spatial,5,0.88,0.29665993722662964,0.003171456262206074,0.18256013745704472,0.00806936233603351,97
tct,10,a_ratio,5,0.88,0.3182606505159679,0.0014885657665266506,0.19931271477663232,0.003824903963020039,97
tct,10,nqc,5,0.88,0.2806049205161595,0.005369692204146762,0.18384879725085912,0.0076337511300162714,97
tct,10,bertQPP,5,0.88,0.3778343926302333,0.00013593974133936017,0.2607388316151203,0.0001545669713814958,97
tct,10,bertQPP(QV),5,0.88,0.3737708707688484,0.00016250680533053227,0.2598797250859107,0.00016249811961052113,97
tct,10,spatial,5,0.9,0.30040916704574655,0.0027924148082835816,0.18084192439862545,0.008684754281086702,97
tct,10,a_ratio,5,0.9,0.31766899126990966,0.0015208714804903726,0.19802405498281792,0.004058834798972484,97
tct,10,nqc,5,0.9,0.30120370582065537,0.0027175197596365024,0.19931271477663232,0.003824903963020039,97
tct,10,bertQPP,5,0.9,0.3678368243763127,0.00021002294551124268,0.2521477663230241,0.0002532519652694692,97
tct,10,bertQPP(QV),5,0.9,0.364535117664852,0.00024172646155516382,0.24785223367697598,0.0003223841860548392,97
tct,10,spatial,5,0.92,0.3038371020193205,0.00248202779274414,0.18728522336769762,0.006573343269072617,97
tct,10,a_ratio,5,0.92,0.31705356049633393,0.0015551482655199907,0.19673539518900346,0.004305679427335466,97
tct,10,nqc,5,0.92,0.3240503596385349,0.001203734318967482,0.21950171821305847,0.0014464512863097319,97
tct,10,bertQPP,5,0.92,0.35745163374078737,0.00032517820812771355,0.24484536082474234,0.00038088964117221485,97
tct,10,bertQPP(QV),5,0.92,0.3548821448478421,0.0003615011414797834,0.24269759450171827,0.0004286013573495472,97
tct,10,spatial,5,0.94,0.30694674559606594,0.002227711307189502,0.19158075601374575,0.0054350017041903615,97
tct,10,a_ratio,5,0.94,0.3164184981535989,0.0015912509012076556,0.19802405498281792,0.004058834798972484,97
tct,10,nqc,5,0.94,0.34602475658495935,0.000517244610482989,0.2336769759450172,0.0006965926026270434,97
tct,10,bertQPP,5,0.94,0.34680828649827666,0.0005013199157377984,0.22766323024054988,0.0009543472910132449,97
tct,10,bertQPP(QV),5,0.94,0.3449372045366381,0.0005401178121432955,0.22895189003436428,0.0008926252002239728,97
tct,10,spatial,5,0.96,0.3097434753456623,0.0020193192338242463,0.1911512027491409,0.005540236417616152,97
tct,10,a_ratio,5,0.96,0.3157674677578749,0.0016290478230083839,0.19888316151202753,0.0039014834427261624,97
tct,10,nqc,5,0.96,0.35919439723207697,0.0003024885491306623,0.23711340206185572,0.000580033168540485,97
tct,10,bertQPP,5,0.96,0.33602397715504156,0.0007655637354105807,0.2177835051546392,0.0015761513468118154,97
tct,10,bertQPP(QV),5,0.96,0.3348147433054302,0.0008020296790181112,0.21091065292096223,0.002209296231634933,97
tct,10,spatial,5,0.98,0.31223479728257236,0.0018486874217811277,0.19201030927835053,0.00533157487845821,97
tct,10,a_ratio,5,0.98,0.3151037073560843,0.0016684190905276706,0.19587628865979384,0.004477722918252414,97
tct,10,nqc,5,0.98,0.35102313602488566,0.0004231102108397594,0.23195876288659797,0.0007627126312502382,97
tct,10,bertQPP,5,0.98,0.3252018077543707,0.001153375517758422,0.2053264604810997,0.002887015591872923,97
tct,10,bertQPP(QV),5,0.98,0.32461639937296516,0.0011787339169872537,0.20489690721649487,0.002946303078171719,97
tct,10,spatial,5,1.0,0.3144300753984094,0.0017092547310240524,0.1941580756013746,0.0048406217198878375,97
tct,10,a_ratio,5,1.0,0.3144300753984094,0.0017092547310240524,0.1941580756013746,0.0048406217198878375,97
tct,10,nqc,5,1.0,0.3144300753984094,0.0017092547310240524,0.1941580756013746,0.0048406217198878375,97
tct,10,bertQPP,5,1.0,0.3144300753984094,0.0017092547310240524,0.1941580756013746,0.0048406217198878375,97
tct,10,bertQPP(QV),5,1.0,0.3144300753984094,0.0017092547310240524,0.1941580756013746,0.0048406217198878375,97
tct,10,spatial,6,0.0,0.033377062904937055,0.7455179611795428,0.01718213058419244,0.8031038928688624,97
tct,10,a_ratio,6,0.0,0.12032506943967171,0.2404059919205959,0.1168384879725086,0.08998850130140247,97
tct,10,nqc,6,0.0,0.1374755409635702,0.1793335293649571,0.10524054982817871,0.12672143082539938,97
tct,10,bertQPP,6,0.0,0.24060884244426767,0.017597008346410068,0.16065292096219932,0.019739903980340746,97
tct,10,bertQPP(QV),6,0.0,0.22743786537523114,0.025064137471383592,0.14218213058419246,0.039091423487606906,97
tct,10,spatial,6,0.02,0.03712389430090382,0.7180900505733373,0.021477663230240553,0.7552950224453057,97
tct,10,a_ratio,6,0.02,0.13064585002402387,0.202130002394187,0.1284364261168385,0.06235576017343852,97
tct,10,nqc,6,0.02,0.13790967272437657,0.17795082788986963,0.10609965635738833,0.1236515932692785,97
tct,10,bertQPP,6,0.02,0.2441139384909768,0.015967792002224528,0.16151202749140894,0.01909240321886764,97
tct,10,bertQPP(QV),6,0.02,0.23089698829500319,0.022880064492791615,0.14561855670103094,0.03459309466060896,97
tct,10,spatial,6,0.04,0.04098142059366308,0.6902209042358078,0.02491408934707904,0.7177021136751226,97
tct,10,a_ratio,6,0.04,0.1410305545785927,0.1682400616650486,0.1357388316151203,0.04887004601219989,97
tct,10,nqc,6,0.04,0.13836177001120578,0.17651922466683262,0.10695876288659796,0.12064011527036375,97
tct,10,bertQPP,6,0.04,0.24774807428866033,0.014418043705362215,0.1628006872852234,0.018155972846842318,97
tct,10,bertQPP(QV),6,0.04,0.23448412745408262,0.020789093361191682,0.14948453608247425,0.030068308790855192,97
tct,10,spatial,6,0.06,0.04495260910521104,0.6619564753519075,0.025773195876288665,0.708405677956768,97
tct,10,a_ratio,6,0.06,0.1514271548260407,0.1387123648427524,0.14647766323024058,0.03354022455213661,97
tct,10,nqc,6,0.06,0.13883296825329344,0.17503614609060586,0.10781786941580758,0.11768634646990996,97
tct,10,bertQPP,6,0.06,0.2515167397801067,0.012950485079292353,0.16537800687285226,0.016403064445582434,97
tct,10,bertQPP(QV),6,0.06,0.2382048118529092,0.01879562147677853,0.15077319587628868,0.0286776674564184,97
tct,10,spatial,6,0.08,0.049040352220153155,0.6333498012469438,0.027491408934707907,0.6899437658549277,97
tct,10,a_ratio,6,0.08,0.16177978537477722,0.11338991966454025,0.1473367697594502,0.03251488713772691,97
tct,10,nqc,6,0.08,0.13932450031046828,0.17349884112922206,0.10824742268041239,0.11623089832126132,97
tct,10,bertQPP,6,0.08,0.2554255175603366,0.011567466415686584,0.1679553264604811,0.014800614099959652,97
tct,10,bertQPP(QV),6,0.08,0.24206468008110107,0.01690368303854629,0.1516323024054983,0.027781654237823455,97
tct,10,spatial,6,0.1,0.053247437132575015,0.6044612926292922,0.027061855670103097,0.6945424903122657,97
tct,10,a_ratio,6,0.1,0.17202987016407956,0.09200408737123837,0.15034364261168387,0.02913493133073165,97
tct,10,nqc,6,0.1,0.13983770711628882,0.17190436655761332,0.10824742268041239,0.11623089832126132,97
tct,10,bertQPP,6,0.1,0.25948003866776714,0.010270904502509216,0.16924398625429557,0.01405239227763608,97
tct,10,bertQPP(QV),6,0.1,0.24606943987087238,0.015116864126640366,0.15592783505154642,0.023654871935139845,97
tct,10,spatial,6,0.12,0.05757651125124026,0.5753589248735116,0.029639175257731964,0.6671244311500414,97
tct,10,a_ratio,6,0.12,0.1821174800037385,0.07420306252784854,0.154639175257732,0.024833107958687445,97
tct,10,nqc,6,0.12,0.1403740497421638,0.17024957081579753,0.10824742268041239,0.11623089832126132,97
tct,10,bertQPP,6,0.12,0.26368592472079994,0.009062220544893775,0.16881443298969073,0.014298004272030715,97
tct,10,bertQPP(QV),6,0.12,0.25022481476614955,0.013438214280376903,0.15721649484536085,0.02252544814571104,97
tct,10,spatial,6,0.14,0.0620300428819823,0.5461183046386655,0.03565292096219932,0.6049019912656891,97
tct,10,a_ratio,6,0.14,0.19198286322468996,0.05958334425193963,0.16151202749140894,0.01909240321886764,97
tct,10,nqc,6,0.14,0.14093512310789688,0.16853107636426926,0.1086769759450172,0.11478963120763813,97
tct,10,bertQPP,6,0.14,0.2680487132603653,0.007942280163087102,0.17182130584192443,0.01265543298933369,97
tct,10,bertQPP(QV),6,0.14,0.25453647492033277,0.01187015666938816,0.16065292096219932,0.019739903980340746,97
tct,10,spatial,6,0.16,0.06661027681812995,0.5168225833465084,0.03951890034364262,0.5663306621908052,97
tct,10,a_ratio,6,0.16,0.2015680697540394,0.04772026899885866,0.1679553264604811,0.014800614099959652,97
tct,10,nqc,6,0.16,0.14152267160572463,0.16674526040169294,0.10910652920962201,0.11336246240953972,97
tct,10,bertQPP,6,0.16,0.27257376252915777,0.006911337855060641,0.1782646048109966,0.009686599012848096,97
tct,10,bertQPP(QV),6,0.16,0.25900994843328495,0.010414399567003014,0.16537800687285226,0.016403064445582434,97
tct,10,spatial,6,0.18,0.07131918449715796,0.4875621882790104,0.04467353951890035,0.5168145411906753,97
tct,10,a_ratio,6,0.18,0.21081857350931751,0.038194414245781634,0.16924398625429557,0.01405239227763608,97
tct,10,nqc,6,0.18,0.14213860695535835,0.16488823380403522,0.11125429553264607,0.10643517898925002,97
tct,10,bertQPP,6,0.18,0.2772661311898038,0.005968988689531044,0.18256013745704472,0.00806936233603351,97
tct,10,bertQPP(QV),6,0.18,0.2636505089403735,0.009071852471570043,0.17139175257731962,0.012879359856548544,97
tct,10,spatial,6,0.2,0.07615840842844958,0.458434342689741,0.04510309278350516,0.5127917901399865,97
tct,10,a_ratio,6,0.2,0.21968479180945855,0.030611874160569083,0.17740549828178698,0.010042744211065484,97
tct,10,nqc,6,0.2,0.14278502866889248,0.1629558181410588,0.11254295532646051,0.10244263799035044,97
tct,10,bertQPP,6,0.2,0.2821304276549812,0.0051141303071435915,0.18384879725085912,0.0076337511300162714,97
tct,10,bertQPP(QV),6,0.2,0.26846303437069485,0.007842550839224163,0.17225085910652924,0.012434959394241826,97
tct,10,spatial,6,0.22,0.0811292006677654,0.429542348783396,0.04725085910652922,0.4929254477765376,97
tct,10,a_ratio,6,0.22,0.22812340518664992,0.024617707604488212,0.1782646048109966,0.009686599012848096,97
tct,10,nqc,6,0.22,0.14346424757938364,0.16094352062708014,0.11297250859106532,0.10113858933462912,97
tct,10,bertQPP,6,0.22,0.2871706227788648,0.004344938501799599,0.186426116838488,0.006825229731210832,97
tct,10,bertQPP(QV),6,0.22,0.2734518309030256,0.0067255939290979325,0.17439862542955328,0.011382836808156348,97
tct,10,spatial,6,0.24,0.08623235521391057,0.40099461212318466,0.04725085910652922,0.4929254477765376,97
tct,10,a_ratio,6,0.24,0.23609839646288788,0.019902963935592898,0.18256013745704472,0.00806936233603351,97
tct,10,nqc,6,0.24,0.14417881297883595,0.1588465068704083,0.11254295532646051,0.10244263799035044,97
tct,10,bertQPP,6,0.24,0.29238981866121583,0.0036588596699130417,0.1898625429553265,0.005867063974983271,97
tct,10,bertQPP(QV),6,0.24,0.2786204151843168,0.00571910063959033,0.17439862542955328,0.011382836808156348,97
tct,10,spatial,6,0.26,0.09146813433734821,0.37290339335061845,0.054553264604811004,0.4285767645779882,97
tct,10,a_ratio,6,0.26,0.24358175229154544,0.016206424754026345,0.1902920962199313,0.005756239608165468,97
tct,10,nqc,6,0.26,0.14493154402461478,0.15665957130293598,0.11383161512027494,0.0985701799206937,97
tct,10,bertQPP,6,0.26,0.29778996528442664,0.0030526231873708324,0.19501718213058422,0.004655971971265852,97
tct,10,bertQPP(QV),6,0.26,0.2839712468741862,0.004820188336267537,0.18084192439862545,0.008684754281086702,97
tct,10,spatial,6,0.28,0.09683618902487193,0.3453832833034645,0.05970790378006874,0.38625489539833124,97
tct,10,a_ratio,6,0.28,0.25055380012734635,0.013312523280268688,0.19072164948453613,0.005647306460207743,97
tct,10,nqc,6,0.28,0.14572556621355653,0.1543771052025043,0.11597938144329899,0.09237668593402237,97
tct,10,bertQPP,6,0.28,0.30337151571351256,0.0025222762394863318,0.19759450171821308,0.0041396512632380965,97
tct,10,bertQPP(QV),6,0.28,0.28950540260728697,0.004024979432681653,0.18341924398625434,0.007776554495134835,97
tct,10,spatial,6,0.3,0.10233547394380396,0.3185494107678566,0.0627147766323024,0.3627897011875757,97
tct,10,a_ratio,6,0.3,0.25700318456200943,0.011046888942807184,0.20360824742268044,0.003130893451622874,97
tct,10,nqc,6,0.3,0.14656435389751202,0.15199306227198334,0.1168384879725086,0.08998850130140247,97
tct,10,bertQPP,6,0.3,0.3091330097599143,0.0020632427395441705,0.20489690721649487,0.002946303078171719,97
tct,10,bertQPP(QV),6,0.3,0.2952221816344819,0.003328639781169471,0.18771477663230243,0.006450561996249079,97
tct,10,spatial,6,0.32,0.10796415759801756,0.29251540799668163,0.06743986254295534,0.3277635503646662,97
tct,10,a_ratio,6,0.32,0.2629265150111876,0.00927073603460697,0.20747422680412375,0.0026065887949513057,97
tct,10,nqc,6,0.32,0.14745178003221185,0.14950092181933225,0.1164089347079038,0.09117630712765404,97
tct,10,bertQPP,6,0.32,0.31507057552837703,0.001670406706574849,0.21262886597938147,0.002032205430312129,97
tct,10,bertQPP(QV),6,0.32,0.3011186328855651,0.0027254516777969282,0.19329896907216498,0.0050318722795436996,97
tct,10,spatial,6,0.34,0.11371952866919209,0.26739117721472916,0.07216494845360825,0.295009708543132,97
tct,10,a_ratio,6,0.34,0.2683277385868164,0.007874995192145767,0.2130584192439863,0.0019900166497547295,97
tct,10,nqc,6,0.34,0.1483921746255268,0.14689364970445218,0.11512027491408937,0.09481550621817705,97
tct,10,bertQPP,6,0.34,0.32117733840796575,0.0013382188582171598,0.21520618556701035,0.0017908788065225548,97
tct,10,bertQPP(QV),6,0.34,0.30718899324635035,0.002208922444528367,0.19673539518900346,0.004305679427335466,97
tct,10,spatial,6,0.36,0.11959789991045222,0.24328052064292502,0.07646048109965638,0.26720251399217865,97
tct,10,a_ratio,6,0.36,0.2732173057294574,0.0067747674165712065,0.21434707903780073,0.0018682268943729797,97
tct,10,nqc,6,0.36,0.14939039369772364,0.14416365739869885,0.11554982817869418,0.09358972367387966,97
tct,10,bertQPP,6,0.36,0.32744272822602205,0.001060823297057688,0.21520618556701035,0.0017908788065225548,97
tct,10,bertQPP(QV),6,0.36,0.3134240278257559,0.0017719271551281104,0.20017182130584193,0.0036758280937195186,97
tct,10,spatial,6,0.38,0.12559451138310668,0.22027871569988913,0.07989690721649485,0.24629548858904848,97
tct,10,a_ratio,6,0.38,0.27761120140291584,0.005904415097292615,0.21606529209621997,0.0017164841150655054,97
tct,10,nqc,6,0.38,0.15045190100674075,0.14130275976586937,0.11512027491408937,0.09481550621817705,97
tct,10,bertQPP,6,0.38,0.3338516779945567,0.0008321991881857873,0.21821305841924402,0.0015427588468996702,97
tct,10,bertQPP(QV),6,0.38,0.3198102654038677,0.0014068812511491518,0.2018900343642612,0.0033934144348203364,97
tct,10,spatial,6,0.4,0.131703435292978,0.198470134165732,0.07989690721649485,0.24629548858904848,97
tct,10,a_ratio,6,0.4,0.28152991226666024,0.005213411776420578,0.2130584192439863,0.0019900166497547295,97
tct,10,nqc,6,0.4,0.1515828653546088,0.13830213255362916,0.11597938144329899,0.09237668593402237,97
tct,10,bertQPP,6,0.4,0.3403837126449982,0.0006463104729716958,0.21606529209621997,0.0017164841150655054,97
tct,10,bertQPP(QV),6,0.4,0.32632912675586895,0.0011059357994503529,0.20790378006872856,0.0025535840012904936,97
tct,10,spatial,6,0.42,0.1379174851776027,0.17792601711308198,0.08333333333333336,0.22656268559471548,97
tct,10,a_ratio,6,0.42,0.2849973920202292,0.004662948860428881,0.21391752577319592,0.001908041073171658,97
tct,10,nqc,6,0.42,0.15279027701549527,0.13515227113041886,0.11597938144329899,0.09237668593402237,97
tct,10,bertQPP,6,0.42,0.3470119342405461,0.0004972552233943551,0.21950171821305847,0.0014464512863097319,97
tct,10,bertQPP(QV),6,0.42,0.3329559509555732,0.0008611853367780515,0.209192439862543,0.002400428947085522,97
tct,10,spatial,6,0.44,0.14422813269919538,0.15870252412586153,0.08762886597938145,0.2035174890452155,97
tct,10,a_ratio,6,0.44,0.2880400752245295,0.004223229147233229,0.21262886597938147,0.002032205430312129,97
tct,10,nqc,6,0.44,0.15408208776357973,0.1318429527837092,0.11512027491408937,0.09481550621817705,97
tct,10,bertQPP,6,0.44,0.3537019223776674,0.0003794055094463057,0.22207903780068733,0.0012702502748310276,97
tct,10,bertQPP(QV),6,0.44,0.33965893602106967,0.0006648760767474721,0.21176975945017185,0.0021190549684448486,97
tct,10,spatial,6,0.46,0.15062543578266882,0.14083917373474553,0.08719931271477664,0.2057421374120063,97
tct,10,a_ratio,6,0.46,0.29068597646163863,0.003871347389530121,0.21563573883161516,0.0017533187111864498,97
tct,10,nqc,6,0.46,0.15546738020090028,0.12836320600908022,0.11597938144329899,0.09237668593402237,97
tct,10,bertQPP,6,0.46,0.3604105858640763,0.0002875288780120515,0.22508591065292102,0.0010898172708815595,97
tct,10,bertQPP(QV),6,0.46,0.3463980263510013,0.000509601181405068,0.21262886597938147,0.002032205430312129,97
tct,10,spatial,6,0.48,0.1570979822670865,0.12435778064004097,0.09149484536082475,0.1842793810224047,97
tct,10,a_ratio,6,0.48,0.2929638984516877,0.003589652602524248,0.21606529209621997,0.0017164841150655054,97
tct,10,nqc,6,0.48,0.1569565736883656,0.12470129180525978,0.11554982817869418,0.09358972367387966,97
tct,10,bertQPP,6,0.48,0.36708502511522484,0.0002168838543898796,0.23024054982817874,0.0008346209629654949,97
tct,10,bertQPP(QV),6,0.48,0.3531238011238924,0.00038847019879229905,0.21950171821305847,0.0014464512863097319,97
tct,10,spatial,6,0.5,0.16363285356842272,0.10926197361135936,0.09793814432989692,0.1552606461818409,97
tct,10,a_ratio,6,0.5,0.2949027609449024,0.0033644944960335237,0.21520618556701035,0.0017908788065225548,97
tct,10,nqc,6,0.5,0.1585616763007772,0.12084470424654001,0.11812714776632303,0.08649966115997804,97
tct,10,bertQPP,6,0.5,0.37366149429053347,0.00016328422364870847,0.23067010309278352,0.00081607670119364,97
tct,10,bertQPP(QV),6,0.5,0.35977644549348653,0.00029524181427417886,0.22680412371134026,0.0009976667225656776,97
tct,10,spatial,6,0.52,0.17021561303104762,0.09553734659437488,0.10266323024054985,0.13628751627610397,97
tct,10,a_ratio,6,0.52,0.29653105256124956,0.0031852699422893534,0.21262886597938147,0.002032205430312129,97
tct,10,nqc,6,0.52,0.1602965950438186,0.11678020081387065,0.11855670103092786,0.08536128644887009,97
tct,10,bertQPP,6,0.52,0.3800645870850983,0.00012312996129701173,0.2366838487972509,0.0005935388745829456,97
tct,10,bertQPP(QV),6,0.52,0.3662849192724169,0.00022441263560946716,0.23195876288659797,0.0007627126312502382,97
tct,10,spatial,6,0.54,0.17683032362060927,0.08315225652932366,0.10652920962199315,0.12213859984356254,97
tct,10,a_ratio,6,0.54,0.2978764005146301,0.0030437003787280132,0.21606529209621997,0.0017164841150655054,97
tct,10,nqc,6,0.54,0.16217752034512373,0.1124938775323576,0.1168384879725086,0.08998850130140247,97
tct,10,bertQPP,6,0.54,0.38620680747974667,9.340610584067983e-05,0.2379725085910653,0.0005538759115824682,97
tct,10,bertQPP(QV),6,0.54,0.3725664733809097,0.00017125937774558605,0.23496563573883167,0.0006505425158083947,97
tct,10,spatial,6,0.56,0.18345959932823058,0.0720592380187994,0.1086769759450172,0.11478963120763813,97
tct,10,a_ratio,6,0.56,0.2989652482499408,0.002933285148500079,0.21477663230240554,0.0018291772025326055,97
tct,10,nqc,6,0.56,0.1642234059231541,0.1079713104576946,0.11726804123711342,0.08881318243030219,97
tct,10,bertQPP,6,0.56,0.39198872106102056,7.165404416095228e-05,0.24312714776632308,0.0004186340215940853,97
tct,10,bertQPP(QV),6,0.56,0.37852669765524743,0.0001318368085554263,0.24226804123711343,0.00043878992015195634,97
tct,10,spatial,6,0.58,0.1900846940681512,0.062196961608276355,0.10781786941580758,0.11768634646990996,97
tct,10,a_ratio,6,0.58,0.2998226281438632,0.0028488879709237173,0.21091065292096223,0.002209296231634933,97
tct,10,nqc,6,0.58,0.16645657205250494,0.10319779428338532,0.11855670103092786,0.08536128644887009,97
tct,10,bertQPP,6,0.58,0.39729990479507327,5.592209490912584e-05,0.25042955326460486,0.0002790440350017295,97
tct,10,bertQPP(QV),6,0.58,0.38406030652869183,0.00010293832101942835,0.24226804123711343,0.00043878992015195634,97
tct,10,spatial,6,0.6,0.19668563092428093,0.05349262385775287,0.10738831615120277,0.11915605807960761,97
tct,10,a_ratio,6,0.6,0.3004720151756161,0.0027864237374642343,0.20876288659793818,0.0024505203740822256,97
tct,10,nqc,6,0.6,0.16890346969256953,0.09815872192678873,0.11984536082474227,0.08201867152410211,97
tct,10,bertQPP,6,0.6,0.4020209110731763,4.470358679456125e-05,0.2564432989690722,0.00019821410424194529,97
tct,10,bertQPP(QV),6,0.6,0.3890528703049077,8.202927494495725e-05,0.24699312714776633,0.0003381788389163567,97
tct,10,spatial,6,0.62,0.2032413733233667,0.045864628123410064,0.10953608247422682,0.11194930892644765,97
tct,10,a_ratio,6,0.62,0.30093524744363065,0.0027426207631446515,0.2053264604810997,0.002887015591872923,97
tct,10,nqc,6,0.62,0.1715956559209288,0.09284016742414847,0.1207044673539519,0.07984982362376257,97
tct,10,bertQPP,6,0.62,0.4060264211819047,3.687078255174462e-05,0.2603092783505155,0.00015848586196658186,97
tct,10,bertQPP(QV),6,0.62,0.3933836659137513,6.716488351777825e-05,0.25472508591065296,0.00021872261513442568,97
tct,10,spatial,6,0.64,0.2097300381002029,0.0392253985530068,0.11597938144329899,0.09237668593402237,97
tct,10,a_ratio,6,0.64,0.30123250020281334,0.0027148397720050273,0.2018900343642612,0.0033934144348203364,97
tct,10,nqc,6,0.64,0.17457104898502362,0.08722976032573244,0.1207044673539519,0.07984982362376257,97
tct,10,bertQPP,6,0.64,0.40918967124084243,3.161224623318662e-05,0.26460481099656363,0.00012317744827931967,97
tct,10,bertQPP(QV),6,0.64,0.39692973978581103,5.690443218868117e-05,0.26159793814432997,0.00014700123564547276,97
tct,10,spatial,6,0.66,0.216129148525045,0.03348416809298544,0.12371134020618559,0.07262323979726368,97
tct,10,a_ratio,6,0.66,0.30138230140096756,0.0027009355844408375,0.19888316151202753,0.0039014834427261624,97
tct,10,nqc,6,0.66,0.17787555590170093,0.08131797546644416,0.12156357388316154,0.07772782073014356,97
tct,10,bertQPP,6,0.66,0.41138808417718264,2.8380087354763054e-05,0.27061855670103097,8.601885162206065e-05,97
tct,10,bertQPP(QV),6,0.66,0.39957114032328345,5.023247360991931e-05,0.2603092783505155,0.00015848586196658186,97
tct,10,spatial,6,0.68,0.2224159232746039,0.02854959416221489,0.12972508591065296,0.0597739314027888,97
tct,10,a_ratio,6,0.68,0.3014015782494557,0.002699151011481075,0.19974226804123715,0.0037496927052216027,97
tct,10,nqc,6,0.68,0.18156519924362458,0.07510000999048971,0.12414089347079041,0.07163599473940602,97
tct,10,bertQPP,6,0.68,0.4125098422195964,2.685257420094102e-05,0.2689003436426117,9.538240628081039e-05,97
tct,10,bertQPP(QV),6,0.68,0.40119709402398845,4.6496119003964354e-05,0.26632302405498287,0.00011124963084926736,97
tct,10,spatial,6,0.7,0.22856759517177322,0.02433208092431242,0.13487972508591067,0.050317249987351625,97
tct,10,a_ratio,6,0.7,0.30130572598866534,0.0027080351101375468,0.1984536082474227,0.003979453005162126,97
tct,10,nqc,6,0.7,0.18570891517253105,0.06857848118328527,0.1284364261168385,0.06235576017343852,97
tct,10,bertQPP,6,0.7,0.41246091258159534,2.6917565300863852e-05,0.27491408934707906,6.626470924810731e-05,97
tct,10,bertQPP(QV),6,0.7,0.4017126907265317,4.5366551054647794e-05,0.2714776632302406,8.166950933778078e-05,97
tct,10,spatial,6,0.72,0.2345617514516709,0.020745721047863663,0.13788659793814437,0.04540422310195199,97
tct,10,a_ratio,6,0.72,0.30110869157944653,0.0027263799291481136,0.1937285223367698,0.004935409194231109,97
tct,10,nqc,6,0.72,0.1903922537571872,0.06176725103945357,0.12929553264604812,0.060624507125192455,97
tct,10,bertQPP,6,0.72,0.41117184093279635,2.8683739173774167e-05,0.2766323024054983,5.9635866438532616e-05,97
tct,10,bertQPP(QV),6,0.72,0.4010454512698688,4.683329835047003e-05,0.27362542955326463,7.168767375692266e-05,97
tct,10,spatial,6,0.74,0.24037668550606966,0.017709807838080134,0.14175257731958765,0.039687194240219145,97
tct,10,a_ratio,6,0.74,0.3008230664917051,0.002753171343863456,0.1971649484536083,0.004221925130091803,97
tct,10,nqc,6,0.74,0.1957222829111717,0.054696751675628166,0.13316151202749144,0.05331954320676675,97
tct,10,bertQPP,6,0.74,0.40860351088538016,3.253040442465471e-05,0.27534364261168387,6.454501938742568e-05,97
tct,10,bertQPP(QV),6,0.74,0.3991510286014788,5.124240320389717e-05,0.27835051546391754,5.363833855233496e-05,97
tct,10,spatial,6,0.76,0.2459917486887912,0.015149905931075262,0.14862542955326463,0.03102727109196935,97
tct,10,a_ratio,6,0.76,0.30046018403126573,0.0027875506715772124,0.19501718213058422,0.004655971971265852,97
tct,10,nqc,6,0.76,0.20183406309428936,0.04742120583561691,0.13445017182130586,0.05105421646643944,97
tct,10,bertQPP,6,0.76,0.4047510853512764,3.9213473431575294e-05,0.27362542955326463,7.168767375692266e-05,97
tct,10,bertQPP(QV),6,0.76,0.3960172913839538,5.939497533962496e-05,0.279639175257732,4.952017035250988e-05,97
tct,10,spatial,6,0.78,0.25138768998471017,0.012998501327477326,0.15592783505154642,0.023654871935139845,97
tct,10,a_ratio,6,0.78,0.300030217732079,0.0028287845715415983,0.1941580756013746,0.0048406217198878375,97
tct,10,nqc,6,0.78,0.2088990656625744,0.04002800036119302,0.138745704467354,0.04407710548149226,97
tct,10,bertQPP,6,0.78,0.39964552231759404,5.0055608693000166e-05,0.279639175257732,4.952017035250988e-05,97
tct,10,bertQPP(QV),6,0.78,0.39166618483289706,7.273102631735924e-05,0.27061855670103097,8.601885162206065e-05,97
tct,10,spatial,6,0.8,0.25654697126763715,0.011195276606574635,0.1589347079037801,0.021092644173514117,97
tct,10,a_ratio,6,0.8,0.2995422782459328,0.002876241339884962,0.19072164948453613,0.005647306460207743,97
tct,10,nqc,6,0.8,0.2171356864087753,0.03264893650081221,0.14475945017182132,0.035674068768179766,97
tct,10,bertQPP,6,0.8,0.39335237467128936,6.726264546579264e-05,0.28135738831615126,4.4493757835023985e-05,97
tct,10,bertQPP(QV),6,0.8,0.38615304504025083,9.363448699079974e-05,0.26975945017182135,9.058641607986754e-05,97
tct,10,spatial,6,0.82,0.2614540465518843,0.009687073384705848,0.1628006872852234,0.018155972846842318,97
tct,10,a_ratio,6,0.82,0.2990045068993137,0.0029293721625286936,0.1911512027491409,0.005540236417616152,97
tct,10,nqc,6,0.82,0.22682108226773484,0.025471668632745064,0.14862542955326463,0.03102727109196935,97
tct,10,bertQPP,6,0.82,0.3859679773226332,9.442462231123461e-05,0.27835051546391754,5.363833855233496e-05,97
tct,10,bertQPP(QV),6,0.82,0.3795634060097673,0.00012590703442570388,0.2676116838487973,0.00010302809096628477,97
tct,10,spatial,6,0.84,0.2660955950636775,0.00842761154943192,0.16194158075601378,0.018775672464210122,97
tct,10,a_ratio,6,0.84,0.2984241646756792,0.0029876962287630486,0.19201030927835053,0.00533157487845821,97
tct,10,nqc,6,0.84,0.2383006069488679,0.018746548557644252,0.15635738831615123,0.02327305567367708,97
tct,10,bertQPP,6,0.84,0.37761350359596935,0.0001372735414240294,0.2731958762886598,7.358676773635807e-05,97
tct,10,bertQPP(QV),6,0.84,0.37200770024263285,0.00017546648601778468,0.2654639175257732,0.00011707036468109733,97
tct,10,spatial,6,0.86,0.2704607000342296,0.007377034701250688,0.16537800687285226,0.016403064445582434,97
tct,10,a_ratio,6,0.86,0.29780771584185745,0.0030507888636864522,0.19158075601374575,0.0054350017041903615,97
tct,10,nqc,6,0.86,0.2519824675618577,0.012778481057122697,0.16323024054982818,0.017852894393926448,97
tct,10,bertQPP,6,0.86,0.3684276482840949,0.00020477245495877444,0.26159793814432997,0.00014700123564547276,97
tct,10,bertQPP(QV),6,0.86,0.36361452992704135,0.0002513227056104744,0.25859106529209624,0.00017511595223064058,97
tct,10,spatial,6,0.88,0.27454096769410385,0.006501345420378248,0.17396907216494847,0.011586707769612953,97
tct,10,a_ratio,6,0.88,0.2971609057901786,0.003118272030827406,0.18513745704467358,0.007219338175415614,97
tct,10,nqc,6,0.88,0.2682808880313134,0.00788625764833856,0.17396907216494847,0.011586707769612953,97
tct,10,bertQPP,6,0.88,0.35855881142221724,0.00031058881905552863,0.2508591065292096,0.00027237466938260737,97
tct,10,bertQPP(QV),6,0.88,0.3545233196456152,0.0003668606279086742,0.25386597938144334,0.00022970863763271067,97
tct,10,spatial,6,0.9,0.27833058382773845,0.005771784524951743,0.1752577319587629,0.010984624932232429,97
tct,10,a_ratio,6,0.9,0.2964888329324684,0.003189806702827448,0.1859965635738832,0.006954397086601862,97
tct,10,nqc,6,0.9,0.2874057398092938,0.004311721008708778,0.19329896907216498,0.0050318722795436996,97
tct,10,bertQPP,6,0.9,0.3481576076808745,0.0004749463658501038,0.2444158075601375,0.0003900155261817713,97
tct,10,bertQPP(QV),6,0.9,0.3448771396701802,0.0005414077068881713,0.24269759450171827,0.0004286013573495472,97
tct,10,spatial,6,0.92,0.2818263082017271,0.005164197339930981,0.17654639175257736,0.010410504577977625,97
tct,10,a_ratio,6,0.92,0.29579601467526745,0.0032650867098065525,0.1859965635738832,0.006954397086601862,97
tct,10,nqc,6,0.92,0.30874071874752995,0.002091921713961608,0.20876288659793818,0.0024505203740822256,97
tct,10,bertQPP,6,0.92,0.3373703483306399,0.0007267489331892538,0.23625429553264607,0.0006073368350083252,97
tct,10,bertQPP(QV),6,0.92,0.3348163401599954,0.0008019804954466311,0.23582474226804126,0.000621432826309228,97
tct,10,spatial,6,0.94,0.2850274099854483,0.004658418724059419,0.18814432989690724,0.00632984784895861,97
tct,10,a_ratio,6,0.94,0.29508644764236946,0.0033438337606139434,0.18771477663230243,0.006450561996249079,97
tct,10,nqc,6,0.94,0.3293103417329278,0.0009889115373139707,0.22079037800687287,0.0013557124652369783,97
tct,10,bertQPP,6,0.94,0.32633389772976995,0.001105738857620176,0.22422680412371138,0.0011387880187863695,97
tct,10,bertQPP(QV),6,0.94,0.32447341561968024,0.00118500414543448,0.22379725085910657,0.0011640289366746655,97
tct,10,spatial,6,0.96,0.2879355497383757,0.004237698305470607,0.1868556701030928,0.006698222213035896,97
tct,10,a_ratio,6,0.96,0.29436366240339956,0.003425793398019111,0.18470790378006877,0.007355176256510775,97
tct,10,nqc,6,0.96,0.3411969350256722,0.0006260449128319378,0.22465635738831619,0.0011140538745299275,97
tct,10,bertQPP,6,0.96,0.3151720572027169,0.0016643254686721128,0.2096219931271478,0.002351276432455258,97
tct,10,bertQPP(QV),6,0.96,0.3139692848891341,0.001737706643793647,0.20360824742268044,0.003130893451622874,97
tct,10,spatial,6,0.98,0.2905546154911792,0.0038881786900998973,0.186426116838488,0.006825229731210832,97
tct,10,a_ratio,6,0.98,0.29363077302595236,0.0035107316998018306,0.1829896907216495,0.007921746820669876,97
tct,10,nqc,6,0.98,0.3314619136175511,0.0009115894444304499,0.21864261168384883,0.0015100189795415188,97
tct,10,bertQPP,6,0.98,0.30399342267613394,0.0024686446045576473,0.1937285223367698,0.004935409194231109,97
tct,10,bertQPP(QV),6,0.98,0.3034109709125158,0.0025188428218390763,0.1937285223367698,0.004935409194231109,97
tct,10,spatial,6,1.0,0.29289052180208053,0.003598432577221611,0.18256013745704472,0.00806936233603351,97
tct,10,a_ratio,6,1.0,0.29289052180208053,0.003598432577221611,0.18256013745704472,0.00806936233603351,97
tct,10,nqc,6,1.0,0.29289052180208053,0.003598432577221611,0.18256013745704472,0.00806936233603351,97
tct,10,bertQPP,6,1.0,0.29289052180208053,0.003598432577221611,0.18256013745704472,0.00806936233603351,97
tct,10,bertQPP(QV),6,1.0,0.29289052180208053,0.003598432577221611,0.18256013745704472,0.00806936233603351,97
tct,10,spatial,7,0.0,0.033377062904937055,0.7455179611795428,0.01718213058419244,0.8031038928688624,97
tct,10,a_ratio,7,0.0,0.12032506943967171,0.2404059919205959,0.1168384879725086,0.08998850130140247,97
tct,10,nqc,7,0.0,0.1374755409635702,0.1793335293649571,0.10524054982817871,0.12672143082539938,97
tct,10,bertQPP,7,0.0,0.24060884244426767,0.017597008346410068,0.16065292096219932,0.019739903980340746,97
tct,10,bertQPP(QV),7,0.0,0.22743786537523114,0.025064137471383592,0.14218213058419246,0.039091423487606906,97
tct,10,spatial,7,0.02,0.03763993557268208,0.714339430298475,0.021907216494845363,0.7505619727933218,97
tct,10,a_ratio,7,0.02,0.13240142202791907,0.19608095772672066,0.12929553264604812,0.060624507125192455,97
tct,10,nqc,7,0.02,0.13797006594542766,0.17775909711333845,0.10609965635738833,0.1236515932692785,97
tct,10,bertQPP,7,0.02,0.2444742273967108,0.015807969315093835,0.16022336769759454,0.02007078628569656,97
tct,10,bertQPP(QV),7,0.02,0.2312573993001355,0.022662157427411248,0.1473367697594502,0.03251488713772691,97
tct,10,spatial,7,0.04,0.0420297053976664,0.6827164848415409,0.02405498281786942,0.7270405431127746,97
tct,10,a_ratio,7,0.04,0.14464026016672288,0.15750316791129906,0.14175257731958765,0.039687194240219145,97
tct,10,nqc,7,0.04,0.1384851587121092,0.17612997564649954,0.10652920962199315,0.12213859984356254,97
tct,10,bertQPP,7,0.04,0.2484844118237804,0.014120461065940003,0.1628006872852234,0.018155972846842318,97
tct,10,bertQPP(QV),7,0.04,0.2352205416666649,0.02038073771249505,0.14948453608247425,0.030068308790855192,97
tct,10,spatial,7,0.06,0.04654997057954233,0.6507170712055611,0.027061855670103097,0.6945424903122657,97
tct,10,a_ratio,7,0.06,0.15698539464145625,0.1246312206332453,0.14862542955326463,0.03102727109196935,97
tct,10,nqc,7,0.06,0.1390221261849244,0.17444336002977148,0.10695876288659796,0.12064011527036375,97
tct,10,bertQPP,7,0.06,0.25264590671324305,0.012536894536586872,0.16365979381443302,0.01755425786967657,97
tct,10,bertQPP(QV),7,0.06,0.2393338177774622,0.018224237315805934,0.1516323024054983,0.027781654237823455,97
tct,10,spatial,7,0.08,0.05120427581128126,0.6184185240896544,0.028780068728522342,0.6762167162300601,97
tct,10,a_ratio,7,0.08,0.16937422253467932,0.09721183319032063,0.15721649484536085,0.02252544814571104,97
tct,10,nqc,7,0.08,0.13958238808467485,0.17269625931483568,0.10781786941580758,0.11768634646990996,97
tct,10,bertQPP,7,0.08,0.25696540283520136,0.011059112162871578,0.16924398625429557,0.01405239227763608,97
tct,10,bertQPP(QV),7,0.08,0.24360394630519644,0.016196411655037636,0.15206185567010314,0.02734277211201925,97
tct,10,spatial,7,0.1,0.055996081362661904,0.5859077610023993,0.032216494845360835,0.6401438286436847,97
tct,10,a_ratio,7,0.1,0.18173870400572018,0.07481729085846721,0.16323024054982818,0.017852894393926448,97
tct,10,nqc,7,0.1,0.14016748933127432,0.17088548201650353,0.10781786941580758,0.11768634646990996,97
tct,10,bertQPP,7,0.1,0.2614497355119187,0.009688316015169144,0.1701030927835052,0.013572314777054699,97
tct,10,bertQPP(QV),7,0.1,0.24803780737546857,0.014300308047611001,0.1550687285223368,0.024434836082135623,97
tct,10,spatial,7,0.12,0.060928727447198586,0.553281298683705,0.032646048109965645,0.6356917335694203,97
tct,10,a_ratio,7,0.12,0.19400670475587334,0.05689617029182833,0.16623711340206188,0.015852745291372216,97
tct,10,nqc,7,0.12,0.1407791141101901,0.16900762039490003,0.10781786941580758,0.11768634646990996,97
tct,10,bertQPP,7,0.12,0.2661058367234792,0.008424999996948847,0.17182130584192443,0.01265543298933369,97
tct,10,bertQPP(QV),7,0.12,0.2526423987014889,0.012538161414092043,0.1585051546391753,0.021443192891173694,97
tct,10,spatial,7,0.14,0.06600539341068812,0.5206450521036281,0.03780068728522337,0.5833275904873889,97
tct,10,a_ratio,7,0.14,0.20610367147241473,0.04282924268188372,0.17439862542955328,0.011382836808156348,97
tct,10,nqc,7,0.14,0.14141910187211934,0.16705903346594567,0.10824742268041239,0.11623089832126132,97
tct,10,bertQPP,7,0.14,0.2709406714919777,0.007268889129620947,0.17310996563573885,0.01200419316896961,97
tct,10,bertQPP(QV),7,0.14,0.25742477686244275,0.010911293738885814,0.1628006872852234,0.018155972846842318,97
tct,10,spatial,7,0.16,0.07122905127818396,0.48811387607516216,0.04123711340206186,0.5495750194028222,97
tct,10,a_ratio,7,0.16,0.21795457271546034,0.03198243704266456,0.18556701030927839,0.00708575590459897,97
tct,10,nqc,7,0.16,0.14208946558191798,0.1650358286683031,0.10824742268041239,0.11623089832126132,97
tct,10,bertQPP,7,0.16,0.2759611548458828,0.006218889354377395,0.17740549828178698,0.010042744211065484,97
tct,10,bertQPP(QV),7,0.16,0.2623919802053981,0.009420021537074705,0.16408934707903783,0.01726000960595295,97
tct,10,spatial,7,0.18,0.07660241320880883,0.45581081102710086,0.04424398625429554,0.52085358029868,97
tct,10,a_ratio,7,0.18,0.22948600502509692,0.023750471938988618,0.19158075601374575,0.0054350017041903615,97
tct,10,nqc,7,0.18,0.14279241259299177,0.1629338421251855,0.10953608247422682,0.11194930892644765,97
tct,10,bertQPP,7,0.18,0.28117404491508613,0.005273051587616807,0.18084192439862545,0.008684754281086702,97
tct,10,bertQPP(QV),7,0.18,0.2675509291327911,0.008063576249595783,0.1670962199312715,0.015318729327102553,97
tct,10,spatial,7,0.2,0.08212787243857159,0.4238659987528183,0.04596219931271478,0.5047955105031363,97
tct,10,a_ratio,7,0.2,0.24062833872358588,0.017587563842125495,0.19888316151202753,0.0039014834427261624,97
tct,10,nqc,7,0.2,0.1435303685966926,0.16074861745655536,0.11039518900343644,0.10916471457232763,97
tct,10,bertQPP,7,0.2,0.2865858068382715,0.004428553908117349,0.18384879725085912,0.0076337511300162714,97
tct,10,bertQPP(QV),7,0.2,0.27290829870623945,0.006840043033898635,0.17310996563573885,0.01200419316896961,97
tct,10,spatial,7,0.22,0.08780743734524085,0.39241524159404384,0.05283505154639176,0.4432621351071514,97
tct,10,a_ratio,7,0.22,0.2513177647283499,0.013024583466881219,0.20060137457044677,0.0036032888355043277,97
tct,10,nqc,7,0.22,0.14430600518600906,0.15847538312409878,0.11168384879725088,0.1050908480999539,97
tct,10,bertQPP,7,0.22,0.29220244117607647,0.003681705658719558,0.18728522336769762,0.006573343269072617,97
tct,10,bertQPP(QV),7,0.22,0.27847035755048766,0.005746323735860027,0.17439862542955328,0.011382836808156348,97
tct,10,spatial,7,0.24,0.09364265835202604,0.36159819006112026,0.057130584192439875,0.4070878413580533,97
tct,10,a_ratio,7,0.24,0.26149810581815547,0.009674381588741364,0.2096219931271478,0.002351276432455258,97
tct,10,nqc,7,0.24,0.14512227168313052,0.15610902833163717,0.11168384879725088,0.1050908480999539,97
tct,10,bertQPP,7,0.24,0.2980292694251792,0.0030279768370875294,0.1937285223367698,0.004935409194231109,97
tct,10,bertQPP(QV),7,0.24,0.28424276598633197,0.004778129806475586,0.17697594501718217,0.010225152665271457,97
tct,10,spatial,7,0.26,0.09963454750436276,0.33155615967222146,0.05970790378006874,0.38625489539833124,97
tct,10,a_ratio,7,0.26,0.2711222738485739,0.007228337602833016,0.21821305841924402,0.0015427588468996702,97
tct,10,nqc,7,0.26,0.1459824320166556,0.15364407756243836,0.11211340206185569,0.10376002930884054,97
tct,10,bertQPP,7,0.26,0.30407066804648586,0.0024620553597881445,0.19458762886597944,0.004747484369155047,97
tct,10,bertQPP(QV),7,0.26,0.29023032518213454,0.00393001044136422,0.18513745704467358,0.007219338175415614,97
tct,10,spatial,7,0.28,0.10578349071332313,0.302429597844706,0.06056701030927836,0.3794578311122522,97
tct,10,a_ratio,7,0.28,0.280153286204782,0.005447498982294082,0.22207903780068733,0.0012702502748310276,97
tct,10,nqc,7,0.28,0.14689010760318122,0.1510746639192624,0.11340206185567013,0.09984779835922447,97
tct,10,bertQPP,7,0.28,0.310329741208768,0.0019779335626678553,0.2018900343642612,0.0033934144348203364,97
tct,10,bertQPP(QV),7,0.28,0.29643666793888634,0.0031954201573118615,0.1941580756013746,0.0048406217198878375,97
tct,10,spatial,7,0.3,0.11208915286656973,0.2743552455883304,0.06529209621993129,0.34340339579060297,97
tct,10,a_ratio,7,0.3,0.2885647956657972,0.004151257830452479,0.22293814432989695,0.0012160687743494618,97
tct,10,nqc,7,0.3,0.14784932739869844,0.1483945015523465,0.11383161512027494,0.0985701799206937,97
tct,10,bertQPP,7,0.3,0.31680792130173685,0.0015690236379023305,0.20747422680412375,0.0026065887949513057,97
tct,10,bertQPP(QV),7,0.3,0.3028638806001674,0.0025668282927332918,0.19888316151202753,0.0039014834427261624,97
tct,10,spatial,7,0.32,0.11855037626994527,0.24746306556484243,0.07087628865979383,0.3037170573623521,97
tct,10,a_ratio,7,0.32,0.2963411317283543,0.0032057237456306624,0.23024054982817874,0.0008346209629654949,97
tct,10,nqc,7,0.32,0.14886458654930435,0.14559685762819002,0.11340206185567013,0.09984779835922447,97
tct,10,bertQPP,7,0.32,0.3235044853428517,0.0012282996520808142,0.209192439862543,0.002400428947085522,97
tct,10,bertQPP(QV),7,0.32,0.30951204464681625,0.002035870501802034,0.202319587628866,0.003325969220576063,97
tct,10,spatial,7,0.34,0.12516507320496806,0.2218730361718025,0.07646048109965638,0.26720251399217865,97
tct,10,a_ratio,7,0.34,0.30347689205719,0.002513115705266642,0.23969072164948454,0.0005048251929224872,97
tct,10,nqc,7,0.34,0.1499409154035716,0.14267452452566348,0.11469072164948456,0.0960541193445157,97
tct,10,bertQPP,7,0.34,0.33041597492543595,0.0009484614648637261,0.21434707903780073,0.0018682268943729797,97
tct,10,bertQPP(QV),7,0.34,0.3163786860138958,0.0015935392708705761,0.20446735395189009,0.0030066996042901117,97
tct,10,spatial,7,0.36,0.13193011377357972,0.1976919383756714,0.07989690721649485,0.24629548858904848,97
tct,10,a_ratio,7,0.36,0.30997615497444825,0.0020028012324301604,0.24012027491408938,0.0004932117335580638,97
tct,10,nqc,7,0.36,0.15108396107076177,0.13961979327060647,0.11426116838487975,0.09730564872611688,97
tct,10,bertQPP,7,0.36,0.33753550767804136,0.0007221134863516968,0.2203608247422681,0.0013853583021557498,97
tct,10,bertQPP(QV),7,0.36,0.3234581203748713,0.0012304070088404902,0.2018900343642612,0.0033934144348203364,97
tct,10,spatial,7,0.38,0.13884121065200453,0.17501028514579117,0.08376288659793817,0.22417771625382632,97
tct,10,a_ratio,7,0.38,0.31585140464986244,0.0016241294600090371,0.24183848797250862,0.0004492042155364218,97
tct,10,nqc,7,0.38,0.15230008424693525,0.13642442966953128,0.11469072164948456,0.0960541193445157,97
tct,10,bertQPP,7,0.38,0.3448519698152017,0.0005419490694269919,0.22637457044673542,0.0010200025736501021,97
tct,10,bertQPP(QV),7,0.38,0.3307406840279087,0.0009368716790761986,0.20403780068728525,0.00306822352558543,97
tct,10,spatial,7,0.4,0.14589280288750825,0.15389955919993223,0.08591065292096221,0.2125219840325313,97
tct,10,a_ratio,7,0.4,0.3211222690645447,0.001340924862862596,0.24570446735395193,0.0003632334933323789,97
tct,10,nqc,7,0.4,0.15359647472103713,0.13307965522453147,0.11554982817869418,0.09358972367387966,97
tct,10,bertQPP,7,0.4,0.35234908292008804,0.0004009297850519902,0.22637457044673542,0.0010200025736501021,97
tct,10,bertQPP(QV),7,0.4,0.3382118432072273,0.0007034117117723926,0.20876288659793818,0.0024505203740822256,97
tct,10,spatial,7,0.42,0.15307794143620093,0.13440992997922085,0.08805841924398626,0.2013104039967497,97
tct,10,a_ratio,7,0.42,0.32581416807775665,0.001127381470991837,0.24785223367697598,0.0003223841860548392,97
tct,10,nqc,7,0.42,0.15498128986402104,0.12957613576989024,0.11726804123711342,0.08881318243030219,97
tct,10,bertQPP,7,0.42,0.3600043444660488,0.0002924482332655091,0.22938144329896912,0.0008728876884960134,97
tct,10,bertQPP(QV),7,0.42,0.34585118042594326,0.0005208346147831666,0.21606529209621997,0.0017164841150655054,97
tct,10,spatial,7,0.44,0.16038817974108505,0.1165686123716284,0.09235395189003438,0.18019329783502935,97
tct,10,a_ratio,7,0.44,0.3299569576015755,0.0009650681030296048,0.24656357388316158,0.0003463449485504128,97
tct,10,nqc,7,0.44,0.1564638215622529,0.12590398195644792,0.11597938144329899,0.09237668593402237,97
tct,10,bertQPP,7,0.44,0.3677878517985489,0.00021046368787404972,0.2366838487972509,0.0005935388745829456,97
tct,10,bertQPP(QV),7,0.44,0.3536312658105938,0.0003805028420490045,0.21606529209621997,0.0017164841150655054,97
tct,10,spatial,7,0.46,0.16781347326291274,0.10037900576207982,0.093213058419244,0.17617491386576734,97
tct,10,a_ratio,7,0.46,0.3335836391801661,0.0008407782662827553,0.24742268041237117,0.00033019314561040996,97
tct,10,nqc,7,0.46,0.15805469857253313,0.12205276734729253,0.11769759450171824,0.08765026442852013,97
tct,10,bertQPP,7,0.46,0.3756610345266105,0.00014960188449942796,0.23539518900343648,0.0006358327263393619,97
tct,10,bertQPP(QV),7,0.46,0.36151643540916883,0.00027452151115092704,0.22508591065292102,0.0010898172708815595,97
tct,10,spatial,7,0.48,0.17534209246831658,0.08582071217389006,0.09493127147766325,0.1683392012081001,97
tct,10,a_ratio,7,0.48,0.3367291853110168,0.0007450030597178894,0.24871134020618557,0.00030728207639036943,97
tct,10,nqc,7,0.48,0.15976613327509434,0.11801157215092392,0.11898625429553265,0.08423505409007553,97
tct,10,bertQPP,7,0.48,0.3835753416439325,0.00010521352602232854,0.2405498281786942,0.0004818477915141724,97
tct,10,bertQPP(QV),7,0.48,0.3694615182243598,0.00019587564665855082,0.23152920962199317,0.0007801296905645403,97
tct,10,spatial,7,0.5,0.18296055430589664,0.07285047832964715,0.09965635738831616,0.14814179266855426,97
tct,10,a_ratio,7,0.5,0.3394295122233407,0.0006708537984891174,0.24828178694158082,0.0003147483455907583,97
tct,10,nqc,7,0.5,0.16161222445659154,0.11376906374516398,0.1202749140893471,0.08092834885233069,97
tct,10,bertQPP,7,0.5,0.3914709580075823,7.339020832840395e-05,0.24312714776632308,0.0004186340215940853,97
tct,10,bertQPP(QV),7,0.5,0.37741058003329153,0.00013850954093647423,0.23711340206185572,0.000580033168540485,97
tct,10,spatial,7,0.52,0.19065357760779655,0.061404042432624366,0.10309278350515466,0.1346555631057889,97
tct,10,a_ratio,7,0.52,0.34172061535406073,0.000613304459927487,0.2525773195876289,0.00024716269151633816,97
tct,10,nqc,7,0.52,0.1636093313104401,0.10931362946674714,0.1202749140893471,0.08092834885233069,97
tct,10,bertQPP,7,0.52,0.39927566000423453,5.094083673837429e-05,0.24656357388316158,0.0003463449485504128,97
tct,10,bertQPP(QV),7,0.52,0.38529578495619377,9.734692307483625e-05,0.2405498281786942,0.0004818477915141724,97
tct,10,spatial,7,0.54,0.19840406807985037,0.051398798486352246,0.10609965635738833,0.1236515932692785,97
tct,10,a_ratio,7,0.54,0.3436378694441435,0.0005686593443281672,0.25601374570446744,0.000203164735220203,97
tct,10,nqc,7,0.54,0.16577653863950503,0.10463358310919812,0.1207044673539519,0.07984982362376257,97
tct,10,bertQPP,7,0.54,0.40690396073250656,3.5335465456871464e-05,0.25515463917525777,0.00021341645031147517,97
tct,10,bertQPP(QV),7,0.54,0.39303651388549854,6.8256922598182e-05,0.2439862542955327,0.0003993454119661632,97
tct,10,spatial,7,0.56,0.20619313852098325,0.04273712662342244,0.11125429553264607,0.10643517898925002,97
tct,10,a_ratio,7,0.56,0.34521548534626356,0.0005341784077961254,0.256872852233677,0.0001933769855221948,97
tct,10,nqc,7,0.56,0.16813623977229308,0.09971747479534258,0.12113402061855671,0.07878300963914868,97
tct,10,bertQPP,7,0.56,0.4142567367714725,2.4626167728211217e-05,0.25902061855670105,0.00017081103710396531,97
tct,10,bertQPP(QV),7,0.56,0.4005389187151974,4.797618889033542e-05,0.25000000000000006,0.00028586619810323126,97
tct,10,spatial,7,0.58,0.21400016957631016,0.035310185194011474,0.11383161512027494,0.0985701799206937,97
tct,10,a_ratio,7,0.58,0.3464861091232007,0.0005078126890387747,0.256872852233677,0.0001933769855221948,97
tct,10,nqc,7,0.58,0.17071487265250646,0.09455454517720072,0.12113402061855671,0.07878300963914868,97
tct,10,bertQPP,7,0.58,0.4212215641794895,1.7355604329658628e-05,0.26460481099656363,0.00012317744827931967,97
tct,10,bertQPP(QV),7,0.58,0.40769612617621104,3.400102013698206e-05,0.2603092783505155,0.00015848586196658186,97
tct,10,spatial,7,0.6,0.2218029156199766,0.02900192632603076,0.12328178694158079,0.07362159410235054,97
tct,10,a_ratio,7,0.6,0.34748054535920203,0.00048801659989394693,0.25429553264604815,0.00022415245533308512,97
tct,10,nqc,7,0.6,0.17354385692827534,0.08913538029297505,0.12199312714776635,0.07668417076895777,97
tct,10,bertQPP,7,0.6,0.4276740094900608,1.2463352356019175e-05,0.26975945017182135,9.058641607986754e-05,97
tct,10,bertQPP(QV),7,0.6,0.4143893247434036,2.4464442375462787e-05,0.2684707903780069,9.786936882852283e-05,97
tct,10,spatial,7,0.62,0.2295776592415516,0.023693086103119862,0.1284364261168385,0.06235576017343852,97
tct,10,a_ratio,7,0.62,0.3482275852033272,0.0004736139808629156,0.25343642611683853,0.00023539388087640415,97
tct,10,nqc,7,0.62,0.17666079708136492,0.0834528441005277,0.12371134020618559,0.07262323979726368,97
tct,10,bertQPP,7,0.62,0.4334801074758967,9.19812127303575e-06,0.28006872852233683,4.8215372827859356e-05,97
tct,10,bertQPP(QV),7,0.62,0.42048995903614966,1.8011922121162303e-05,0.2684707903780069,9.786936882852283e-05,97
tct,10,spatial,7,0.64,0.23729941625832734,0.01926491492261931,0.13101374570446736,0.05728140399891128,97
tct,10,a_ratio,7,0.64,0.34875391990008964,0.0004637018951284692,0.25429553264604815,0.00022415245533308512,97
tct,10,nqc,7,0.64,0.18011104074766826,0.07750339296095408,0.12328178694158079,0.07362159410235054,97
tct,10,bertQPP,7,0.64,0.4385001955512081,7.041322854738511e-06,0.2839347079037801,3.7852202750352324e-05,97
tct,10,bertQPP(QV),7,0.64,0.42586320355797985,1.368640226835605e-05,0.27491408934707906,6.626470924810731e-05,97
tct,10,spatial,7,0.66,0.24494219121531421,0.015602450797031193,0.14046391752577322,0.04152093691345949,97
tct,10,a_ratio,7,0.66,0.3490841218852443,0.000457581036685934,0.25601374570446744,0.000203164735220203,97
tct,10,nqc,7,0.66,0.18394971529762397,0.0712889109508721,0.12585910652920965,0.0677963948466897,97
tct,10,bertQPP,7,0.66,0.44259415257738666,5.644750595780208e-06,0.2856529209621994,3.395967010111564e-05,97
tct,10,bertQPP(QV),7,0.66,0.43037277940935326,1.0829551849425385e-05,0.28608247422680416,3.304769864022772e-05,97
tct,10,spatial,7,0.68,0.25247928102838035,0.012597192772916096,0.1516323024054983,0.027781654237823455,97
tct,10,a_ratio,7,0.68,0.3492406774784541,0.00045470501385169113,0.25472508591065296,0.00021872261513442568,97
tct,10,nqc,7,0.68,0.18824441350119392,0.0648192459245612,0.12757731958762888,0.06412770883743656,97
tct,10,bertQPP,7,0.68,0.4456279054847574,4.782917712339011e-06,0.2946735395189004,1.9024215360256178e-05,97
tct,10,bertQPP(QV),7,0.68,0.4338870104890534,9.002468103711154e-06,0.2916666666666667,2.31197748307288e-05,97
tct,10,spatial,7,0.7,0.25988362188386926,0.010149095338333925,0.16408934707903783,0.01726000960595295,97
tct,10,a_ratio,7,0.7,0.34924405744325926,0.00045464310526828385,0.256872852233677,0.0001933769855221948,97
tct,10,nqc,7,0.7,0.19307876599373228,0.05811566829453805,0.1327319587628866,0.054093065441640706,97
tct,10,bertQPP,7,0.7,0.44748083601374244,4.319228860470541e-06,0.2989690721649485,1.4353762581703726e-05,97
tct,10,bertQPP(QV),7,0.7,0.4362858020234693,7.926283236802349e-06,0.2981099656357389,1.5190194907487389e-05,97
tct,10,spatial,7,0.72,0.26712817188546334,0.00816786891188783,0.1666666666666667,0.01558372473088864,97
tct,10,a_ratio,7,0.72,0.3491128139631031,0.0004570526986623388,0.2508591065292096,0.00027237466938260737,97
tct,10,nqc,7,0.72,0.19855723039169926,0.0512155015097832,0.13487972508591067,0.050317249987351625,97
tct,10,bertQPP,7,0.72,0.4480534794729516,4.184725655625297e-06,0.29510309278350516,1.849887929183802e-05,97
tct,10,bertQPP(QV),7,0.72,0.43746799654496304,7.441583736142638e-06,0.30025773195876293,1.3180989774176607e-05,97
tct,10,spatial,7,0.74,0.2741863194279378,0.00657362826486636,0.16838487972508595,0.01454739544260673,97
tct,10,a_ratio,7,0.74,0.34886369474055173,0.0004616587394488464,0.25042955326460486,0.0002790440350017295,97
tct,10,nqc,7,0.74,0.20481154871992432,0.044178146008637176,0.1357388316151203,0.04887004601219989,97
tct,10,bertQPP,7,0.74,0.447274714459924,4.368632713940979e-06,0.29037800687285226,2.5120678036492542e-05,97
tct,10,bertQPP(QV),7,0.74,0.43735837177621406,7.485328674770955e-06,0.3028350515463918,1.1103899560226742e-05,97
tct,10,spatial,7,0.76,0.2810323050911028,0.005296974136027839,0.18384879725085912,0.0076337511300162714,97
tct,10,a_ratio,7,0.76,0.3485117668727837,0.0004682382923766708,0.24828178694158082,0.0003147483455907583,97
tct,10,nqc,7,0.76,0.21200947050961483,0.037092550430040484,0.13831615120274915,0.044736513464296176,97
tct,10,bertQPP,7,0.76,0.44510756032013477,4.921336459295362e-06,0.2946735395189004,1.9024215360256178e-05,97
tct,10,bertQPP(QV),7,0.76,0.43591345030855216,8.084995865395543e-06,0.2985395189003437,1.4766332440304394e-05,97
tct,10,spatial,7,0.78,0.2876416431986778,0.004278620325250002,0.1890034364261169,0.006094500520977148,97
tct,10,a_ratio,7,0.78,0.348070544846509,0.0004766088612331228,0.2444158075601375,0.0003900155261817713,97
tct,10,nqc,7,0.78,0.2203664661985877,0.030085698460004154,0.14046391752577322,0.04152093691345949,97
tct,10,bertQPP,7,0.78,0.44155277630377165,5.972890680649954e-06,0.2985395189003437,1.4766332440304394e-05,97
tct,10,bertQPP(QV),7,0.78,0.43312534054484864,9.371960686147865e-06,0.3028350515463918,1.1103899560226742e-05,97
tct,10,spatial,7,0.8,0.2939915282637169,0.003468689092503645,0.1937285223367698,0.004935409194231109,97
tct,10,a_ratio,7,0.8,0.3475521184199085,0.00048661949191325664,0.2414089347079038,0.0004598488311252096,97
tct,10,nqc,7,0.8,0.23016110819108246,0.02333054982570031,0.14175257731958765,0.039687194240219145,97
tct,10,bertQPP,7,0.8,0.4366497041343072,7.774007538953933e-06,0.2989690721649485,1.4353762581703726e-05,97
tct,10,bertQPP(QV),7,0.8,0.4290230380535889,1.1619726737501781e-05,0.30154639175257736,1.209997925730956e-05,97
tct,10,spatial,7,0.82,0.30006121148080755,0.002825794034981814,0.20017182130584193,0.0036758280937195186,97
tct,10,a_ratio,7,0.82,0.3469672773295928,0.0004981439526411276,0.2444158075601375,0.0003900155261817713,97
tct,10,nqc,7,0.82,0.24175408022259204,0.01704958931374041,0.15077319587628868,0.0286776674564184,97
tct,10,bertQPP,7,0.82,0.43047417521585674,1.0772277996069167e-05,0.2938144329896908,2.011782071963051e-05,97
tct,10,bertQPP(QV),7,0.82,0.4236709567483167,1.5317800000690458e-05,0.3019759450171822,1.1758839163448277e-05,97
tct,10,spatial,7,0.84,0.3058323332895734,0.0023160155595151268,0.20833333333333337,0.0025015666651811157,97
tct,10,a_ratio,7,0.84,0.3463256307006729,0.0005110754758717212,0.24613402061855674,0.00035469522611087794,97
tct,10,nqc,7,0.84,0.25560790007948403,0.011506211062220302,0.1597938144329897,0.02040649882574069,97
tct,10,bertQPP,7,0.84,0.42313373241027713,1.5744528238323316e-05,0.29725085910652926,1.607297344135024e-05,97
tct,10,bertQPP(QV),7,0.84,0.41716485846864787,2.1298857747083367e-05,0.30412371134020627,1.0186398880976669e-05,97
tct,10,spatial,7,0.86,0.311289199801323,0.001911853912484026,0.21091065292096223,0.002209296231634933,97
tct,10,a_ratio,7,0.86,0.3456357197772586,0.0005253226828073643,0.24828178694158082,0.0003147483455907583,97
tct,10,nqc,7,0.86,0.2722950117919649,0.006971244852027097,0.16881443298969073,0.014298004272030715,97
tct,10,bertQPP,7,0.86,0.4147607933828366,2.4016618973805277e-05,0.29037800687285226,2.5120678036492542e-05,97
tct,10,bertQPP(QV),7,0.86,0.40962571500870504,3.094500722510973e-05,0.29553264604811,1.7987380341900968e-05,97
tct,10,spatial,7,0.88,0.31641899343980007,0.0015912224513135208,0.2203608247422681,0.0013853583021557498,97
tct,10,a_ratio,7,0.88,0.34490512315985755,0.0005408064096772217,0.24312714776632308,0.0004186340215940853,97
tct,10,nqc,7,0.88,0.2924531981679547,0.0036511608862537545,0.18814432989690724,0.00632984784895861,97
tct,10,bertQPP,7,0.88,0.40550462319889646,3.781301881037896e-05,0.2938144329896908,2.011782071963051e-05,97
tct,10,bertQPP(QV),7,0.88,0.4011922860291704,4.650677477404549e-05,0.2933848797250859,2.0686822197476286e-05,97
tct,10,spatial,7,0.9,0.32121191130731097,0.0013365225447144644,0.22809278350515466,0.000933347093157991,97
tct,10,a_ratio,7,0.9,0.3441405541647585,0.0005574572261393665,0.2439862542955327,0.0003993454119661632,97
tct,10,nqc,7,0.9,0.31656447921708775,0.001582885474787068,0.20403780068728525,0.00306822352558543,97
tct,10,bertQPP,7,0.9,0.39552304690335116,6.0786068010943276e-05,0.2946735395189004,1.9024215360256178e-05,97
tct,10,bertQPP(QV),7,0.9,0.39201328421893333,7.157263648742303e-05,0.28479381443298973,3.585581186521998e-05,97
tct,10,spatial,7,0.92,0.32566122830029587,0.0011338231848638486,0.22465635738831619,0.0011140538745299275,97
tct,10,a_ratio,7,0.92,0.3433479502353326,0.000575213488165645,0.24355670103092786,0.0004088834881762593,97
tct,10,nqc,7,0.92,0.34421934258525133,0.0005557199080138007,0.2298109965635739,0.0008535554716530555,97
tct,10,bertQPP,7,0.92,0.3849747290897366,9.877213734908383e-05,0.2822164948453609,4.216585457755637e-05,97
tct,10,bertQPP(QV),7,0.92,0.38223992796764183,0.00011172219149720619,0.2744845360824743,6.802769792638233e-05,97
tct,10,spatial,7,0.94,0.32976328558554613,0.0009721540497754352,0.23152920962199317,0.0007801296905645403,97
tct,10,a_ratio,7,0.94,0.3425325545596307,0.0005940198060135991,0.2405498281786942,0.0004818477915141724,97
tct,10,nqc,7,0.94,0.3721439753893921,0.00017443171767692652,0.2444158075601375,0.0003900155261817713,97
tct,10,bertQPP,7,0.94,0.3740126282880035,0.00016080060160875205,0.26975945017182135,9.058641607986754e-05,97
tct,10,bertQPP(QV),7,0.94,0.3720194938710102,0.00017537671028700376,0.26460481099656363,0.00012317744827931967,97
tct,10,spatial,7,0.96,0.33351740843467453,0.0008429105035511416,0.22895189003436428,0.0008926252002239728,97
tct,10,a_ratio,7,0.96,0.34169899020249883,0.000613825836221049,0.24012027491408938,0.0004932117335580638,97
tct,10,nqc,7,0.96,0.39060058768749306,7.639721932699974e-05,0.2628865979381444,0.00013630357600274067,97
tct,10,bertQPP,7,0.96,0.3627789676479608,0.00026033577114211695,0.2564432989690722,0.00019821410424194529,97
tct,10,bertQPP(QV),7,0.96,0.3614902382302709,0.0002748232699562098,0.2525773195876289,0.00024716269151633816,97
tct,10,spatial,7,0.98,0.3369257603586926,0.0007393624506459074,0.23238831615120278,0.0007456571945733053,97
tct,10,a_ratio,7,0.98,0.3408513271600544,0.0006345853276983236,0.23883161512027495,0.0005288208236189078,97
tct,10,nqc,7,0.98,0.38291594788829414,0.00010838201980672059,0.2710481099656358,8.381752378824866e-05,97
tct,10,bertQPP,7,0.98,0.35140181170821627,0.0004166633981717309,0.24613402061855674,0.00035469522611087794,97
tct,10,bertQPP(QV),7,0.98,0.350777817388371,0.0004273354559278711,0.25042955326460486,0.0002790440350017295,97
tct,10,spatial,7,1.0,0.33999314280309534,0.0006562553678788112,0.23539518900343648,0.0006358327263393619,97
tct,10,a_ratio,7,1.0,0.33999314280309534,0.0006562553678788112,0.23539518900343648,0.0006358327263393619,97
tct,10,nqc,7,1.0,0.33999314280309534,0.0006562553678788112,0.23539518900343648,0.0006358327263393619,97
tct,10,bertQPP,7,1.0,0.33999314280309534,0.0006562553678788112,0.23539518900343648,0.0006358327263393619,97
tct,10,bertQPP(QV),7,1.0,0.33999314280309534,0.0006562553678788112,0.23539518900343648,0.0006358327263393619,97
tct,10,spatial,8,0.0,0.033377062904937055,0.7455179611795428,0.01718213058419244,0.8031038928688624,97
tct,10,a_ratio,8,0.0,0.12032506943967171,0.2404059919205959,0.1168384879725086,0.08998850130140247,97
tct,10,nqc,8,0.0,0.1374755409635702,0.1793335293649571,0.10524054982817871,0.12672143082539938,97
tct,10,bertQPP,8,0.0,0.24060884244426767,0.017597008346410068,0.16065292096219932,0.019739903980340746,97
tct,10,bertQPP(QV),8,0.0,0.22743786537523114,0.025064137471383592,0.14218213058419246,0.039091423487606906,97
tct,10,spatial,8,0.02,0.037367713298693206,0.7163171192095756,0.021477663230240553,0.7552950224453057,97
tct,10,a_ratio,8,0.02,0.13174932477445517,0.19831241615908857,0.12929553264604812,0.060624507125192455,97
tct,10,nqc,8,0.02,0.13794498845249492,0.17783869241967776,0.10609965635738833,0.1236515932692785,97
tct,10,bertQPP,8,0.02,0.24430171348332147,0.015884322195566028,0.16022336769759454,0.02007078628569656,97
tct,10,bertQPP(QV),8,0.02,0.23108356572338767,0.022767035865885004,0.14518900343642613,0.03513003275683934,97
tct,10,spatial,8,0.04,0.04147486669885282,0.6866846535168644,0.02405498281786942,0.7270405431127746,97
tct,10,a_ratio,8,0.04,0.14333919089766245,0.16131262718196418,0.14132302405498284,0.040290653027956765,97
tct,10,nqc,8,0.04,0.1384339722448965,0.17629137488067698,0.10652920962199315,0.12213859984356254,97
tct,10,bertQPP,8,0.04,0.2481336344932697,0.014261551932192649,0.16151202749140894,0.01909240321886764,97
tct,10,bertQPP(QV),8,0.04,0.23486703990609722,0.020575893677020736,0.14948453608247425,0.030068308790855192,97
tct,10,spatial,8,0.06,0.045701780675600906,0.6566756021148948,0.025773195876288665,0.708405677956768,97
tct,10,a_ratio,8,0.06,0.15504227020154948,0.12942349431246972,0.14647766323024058,0.03354022455213661,97
tct,10,nqc,8,0.06,0.1389437345464734,0.1746888457192725,0.10738831615120277,0.11915605807960761,97
tct,10,bertQPP,8,0.06,0.25211093457509764,0.012731386711787277,0.16365979381443302,0.01755425786967657,97
tct,10,bertQPP(QV),8,0.06,0.23879462342050975,0.01849522614751564,0.1516323024054983,0.027781654237823455,97
tct,10,spatial,8,0.08,0.05005166876785891,0.6263528353950273,0.02920962199312715,0.6716645680851198,97
tct,10,a_ratio,8,0.08,0.1667996511329365,0.10247930836080832,0.15206185567010314,0.02734277211201925,97
tct,10,nqc,8,0.08,0.13947562485705856,0.17302818894083002,0.10781786941580758,0.11768634646990996,97
tct,10,bertQPP,8,0.08,0.2562401279883887,0.01129605742842674,0.1679553264604811,0.014800614099959652,97
tct,10,bertQPP(QV),8,0.08,0.24287284961673467,0.01652908363617741,0.15206185567010314,0.02734277211201925,97
tct,10,spatial,8,0.1,0.0545276740855713,0.5957872953264124,0.029639175257731964,0.6671244311500414,97
tct,10,a_ratio,8,0.1,0.17854673304678312,0.0801572631395478,0.1597938144329897,0.02040649882574069,97
tct,10,nqc,8,0.1,0.1400311117749255,0.17130628864545855,0.10781786941580758,0.11768634646990996,97
tct,10,bertQPP,8,0.1,0.2605278817109882,0.00995726767966772,0.1701030927835052,0.013572314777054699,97
tct,10,bertQPP(QV),8,0.1,0.24710842046779363,0.014680955331052981,0.15420962199312716,0.025236989773183314,97
tct,10,spatial,8,0.12,0.05913283892652911,0.5650581112871925,0.033505154639175264,0.6268270582661877,97
tct,10,a_ratio,8,0.12,0.19021441900121694,0.062015419057917805,0.16365979381443302,0.01755425786967657,97
tct,10,nqc,8,0.12,0.14061179638937094,0.1695198127755498,0.10824742268041239,0.11623089832126132,97
tct,10,bertQPP,8,0.12,0.2649809708502367,0.00871612610105877,0.17139175257731962,0.012879359856548544,97
tct,10,bertQPP(QV),8,0.12,0.25150816589936564,0.012953670413677794,0.15678694158075604,0.022896601370035064,97
tct,10,spatial,8,0.14,0.0638700700179754,0.5342525627115848,0.03694158075601375,0.5919142896074897,97
tct,10,a_ratio,8,0.14,0.20173065765716355,0.047537282448894845,0.17139175257731962,0.012879359856548544,97
tct,10,nqc,8,0.14,0.14121942751569772,0.16766519544574568,0.10910652920962201,0.11336246240953972,97
tct,10,bertQPP,8,0.14,0.26960621890452874,0.0075730825416722965,0.17310996563573885,0.01200419316896961,97
tct,10,bertQPP(QV),8,0.14,0.25607898882898356,0.011349299380755865,0.16022336769759454,0.02007078628569656,97
tct,10,spatial,8,0.16,0.06874209898988927,0.5034658573936546,0.04209621993127149,0.541289833276998,97
tct,10,a_ratio,8,0.16,0.21302228068875764,0.03617653511836177,0.17611683848797252,0.010598840128977079,97
tct,10,nqc,8,0.16,0.14185591907409364,0.165738617749882,0.1086769759450172,0.11478963120763813,97
tct,10,bertQPP,8,0.16,0.2744104192265344,0.006527870997543253,0.17697594501718217,0.010225152665271457,97
tct,10,bertQPP(QV),8,0.16,0.26082779244723353,0.009869058933748322,0.16408934707903783,0.01726000960595295,97
tct,10,spatial,8,0.18,0.07375143769416466,0.4728006942240462,0.04295532646048111,0.5330675016802799,97
tct,10,a_ratio,8,0.18,0.22401704735257125,0.02739625839594636,0.18041237113402064,0.008845012615594157,97
tct,10,nqc,8,0.18,0.14252336997139334,0.16373598694185634,0.10910652920962201,0.11336246240953972,97
tct,10,bertQPP,8,0.18,0.27940023327480135,0.005579462616716082,0.17697594501718217,0.010225152665271457,97
tct,10,bertQPP(QV),8,0.18,0.2657613855441232,0.008513224558302173,0.1679553264604811,0.014800614099959652,97
tct,10,spatial,8,0.2,0.0789003280051341,0.44236658078897007,0.04596219931271478,0.5047955105031363,97
tct,10,a_ratio,8,0.2,0.2346457783785017,0.02069885862307758,0.18943298969072167,0.005979808014005902,97
tct,10,nqc,8,0.2,0.14322408691477784,0.16165291389482261,0.10910652920962201,0.11336246240953972,97
tct,10,bertQPP,8,0.2,0.28458206034782096,0.0047260323854573984,0.18470790378006877,0.007355176256510775,97
tct,10,bertQPP(QV),8,0.2,0.27088636083144924,0.007281055575903838,0.17396907216494847,0.011586707769612953,97
tct,10,spatial,8,0.22,0.0841906857759224,0.41227888008796265,0.04982817869415808,0.4696411010880063,97
tct,10,a_ratio,8,0.22,0.24484444241780925,0.015645187539252883,0.1937285223367698,0.004935409194231109,97
tct,10,nqc,8,0.22,0.1439606106722314,0.15948468875781194,0.10996563573883163,0.110550087489207,97
tct,10,bertQPP,8,0.22,0.2899618724682788,0.00396494323585519,0.18513745704467358,0.007219338175415614,97
tct,10,bertQPP(QV),8,0.22,0.2762089402306106,0.006170737980553307,0.1782646048109966,0.009686599012848096,97
tct,10,spatial,8,0.24,0.08962403868633308,0.3826575670651643,0.054553264604811004,0.4285767645779882,97
tct,10,a_ratio,8,0.24,0.25455605401400794,0.011863416906419847,0.19974226804123715,0.0037496927052216027,97
tct,10,nqc,8,0.24,0.14473574640000586,0.15722625475405105,0.11082474226804125,0.10779310640620364,97
tct,10,bertQPP,8,0.24,0.2955450069288398,0.0032927512072960887,0.1911512027491409,0.005540236417616152,97
tct,10,bertQPP(QV),8,0.24,0.2817347799875092,0.005179350673963175,0.18041237113402064,0.008845012615594157,97
tct,10,spatial,8,0.26,0.09520145780614098,0.35362568505798697,0.057130584192439875,0.4070878413580533,97
tct,10,a_ratio,8,0.26,0.2637322542745452,0.00904963399662588,0.20489690721649487,0.002946303078171719,97
tct,10,nqc,8,0.26,0.14555259878756974,0.15487218010512335,0.11125429553264607,0.10643517898925002,97
tct,10,bertQPP,8,0.26,0.3013359077443226,0.0027052348722231548,0.19544673539518906,0.0045660596694361046,97
tct,10,bertQPP(QV),8,0.26,0.28746872725934663,0.004302860667602507,0.1829896907216495,0.007921746820669876,97
tct,10,spatial,8,0.28,0.10092348281823196,0.32530750485601145,0.06013745704467355,0.3828471200330016,97
tct,10,a_ratio,8,0.28,0.2723344730360338,0.006962736349826934,0.21434707903780073,0.0018682268943729797,97
tct,10,nqc,8,0.28,0.14641461293213556,0.1524166281257146,0.11383161512027494,0.0985701799206937,97
tct,10,bertQPP,8,0.28,0.3073378059241482,0.002197451431751288,0.20017182130584193,0.0036758280937195186,97
tct,10,bertQPP(QV),8,0.28,0.29341451853355704,0.0035361523054097885,0.19072164948453613,0.005647306460207743,97
tct,10,spatial,8,0.3,0.10679004100418149,0.2978264048089585,0.06400343642611686,0.3530123788503621,97
tct,10,a_ratio,8,0.3,0.28033461042936597,0.0054161412335057245,0.22336769759450176,0.0011897860106094835,97
tct,10,nqc,8,0.3,0.14732562205645036,0.14985332562331027,0.11340206185567013,0.09984779835922447,97
tct,10,bertQPP,8,0.3,0.31355232716883424,0.0017638206531923252,0.20618556701030932,0.0027716955730928564,97
tct,10,bertQPP(QV),8,0.3,0.29957440896466714,0.002873094462977463,0.19544673539518906,0.0045660596694361046,97
tct,10,spatial,8,0.32,0.11280036029612692,0.27130250897474206,0.06829896907216496,0.32163912125241456,97
tct,10,a_ratio,8,0.32,0.28771522044230036,0.004268342858518311,0.22766323024054988,0.0009543472910132449,97
tct,10,nqc,8,0.32,0.1482899034363088,0.14717552986728352,0.11426116838487975,0.09730564872611688,97
tct,10,bertQPP,8,0.32,0.3199790144488726,0.001398236154532345,0.21091065292096223,0.002209296231634933,97
tct,10,bertQPP(QV),8,0.32,0.30594872058261663,0.0023066479164044655,0.19888316151202753,0.0039014834427261624,97
tct,10,spatial,8,0.34,0.11895287694778381,0.24585014089958523,0.07689003436426119,0.26452436355398434,97
tct,10,a_ratio,8,0.34,0.2944692227160992,0.0034137123444761388,0.2336769759450172,0.0006965926026270434,97
tct,10,nqc,8,0.34,0.14931224422294503,0.14437599457834616,0.11554982817869418,0.09358972367387966,97
tct,10,bertQPP,8,0.34,0.32661475217109404,0.0010942014973010295,0.21262886597938147,0.002032205430312129,97
tct,10,bertQPP(QV),8,0.34,0.312535296545574,0.001829012629832241,0.20360824742268044,0.003130893451622874,97
tct,10,spatial,8,0.36,0.12524513867787435,0.22157517204491706,0.07646048109965638,0.26720251399217865,97
tct,10,a_ratio,8,0.36,0.3005992054758817,0.002774334508483974,0.23496563573883167,0.0006505425158083947,97
tct,10,nqc,8,0.36,0.15039801924955928,0.14144693565441097,0.11340206185567013,0.09984779835922447,97
tct,10,bertQPP,8,0.36,0.3334530786192763,0.0008449862657911824,0.21950171821305847,0.0014464512863097319,97
tct,10,bertQPP(QV),8,0.36,0.3193288484979877,0.0014318116660727762,0.2014604810996564,0.0034621026042757834,97
tct,10,spatial,8,0.38,0.13167370449277224,0.1985723644129546,0.0777491408934708,0.2592237212301055,97
tct,10,a_ratio,8,0.38,0.30611640808143437,0.002293211323485849,0.23840206185567014,0.0005412133012575864,97
tct,10,nqc,8,0.38,0.15155328342670804,0.13837999772344825,0.11383161512027494,0.0985701799206937,97
tct,10,bertQPP,8,0.38,0.34048337456723654,0.0006437950130788065,0.22293814432989695,0.0012160687743494618,97
tct,10,bertQPP(QV),8,0.38,0.32632018510841343,0.0011063049891792988,0.20360824742268044,0.003130893451622874,97
tct,10,spatial,8,0.4,0.13823404280072346,0.17692282444195845,0.08118556701030928,0.23875904036666062,97
tct,10,a_ratio,8,0.4,0.31103948446865387,0.001928857404440746,0.2444158075601375,0.0003900155261817713,97
tct,10,nqc,8,0.4,0.15278488199290957,0.13516622314101764,0.11383161512027494,0.0985701799206937,97
tct,10,bertQPP,8,0.4,0.3476899190896191,0.0004839399504174241,0.22293814432989695,0.0012160687743494618,97
tct,10,bertQPP(QV),8,0.4,0.333495312637211,0.0008436229543493974,0.20790378006872856,0.0025535840012904936,97
tct,10,spatial,8,0.42,0.14492042988275156,0.15669169733231633,0.08376288659793817,0.22417771625382632,97
tct,10,a_ratio,8,0.42,0.31539314930084067,0.0016511459841453368,0.2444158075601375,0.0003900155261817713,97
tct,10,nqc,8,0.42,0.15410058274157076,0.13179602579003308,0.11597938144329899,0.09237668593402237,97
tct,10,bertQPP,8,0.42,0.35505080954550766,0.0003590069042762789,0.22766323024054988,0.0009543472910132449,97
tct,10,bertQPP(QV),8,0.42,0.34083440376481033,0.0006350062526686015,0.2100515463917526,0.0023030471051788694,97
tct,10,spatial,8,0.44,0.1517258512750913,0.1379262351845202,0.0854810996563574,0.2148174024411691,97
tct,10,a_ratio,8,0.44,0.3192067992689332,0.0014381953943942588,0.24355670103092786,0.0004088834881762593,97
tct,10,nqc,8,0.44,0.1555092354570849,0.12825917307762263,0.11769759450171824,0.08765026442852013,97
tct,10,bertQPP,8,0.44,0.3625367526185964,0.00026300371341280755,0.23195876288659797,0.0007627126312502382,97
tct,10,bertQPP(QV),8,0.44,0.34831063995607925,0.0004720370559912068,0.2134879725085911,0.0019486331283160838,97
tct,10,spatial,8,0.46,0.15864190912872478,0.12065436654499341,0.0893470790378007,0.19479398827541883,97
tct,10,a_ratio,8,0.46,0.3225131859128362,0.0012740778549643402,0.25000000000000006,0.00028586619810323126,97
tct,10,nqc,8,0.46,0.1570209652491718,0.12454478097722847,0.11597938144329899,0.09237668593402237,97
tct,10,bertQPP,8,0.46,0.37010974848187383,0.00019048114374162502,0.23582474226804126,0.000621432826309228,97
tct,10,bertQPP(QV),8,0.46,0.3558889465806448,0.00034684562772314384,0.21821305841924402,0.0015427588468996702,97
tct,10,spatial,8,0.48,0.1656587391198241,0.10488387774192996,0.08762886597938145,0.2035174890452155,97
tct,10,a_ratio,8,0.48,0.32534719697566195,0.001147155029650481,0.24699312714776633,0.0003381788389163567,97
tct,10,nqc,8,0.48,0.158647408395961,0.12064132900023586,0.11726804123711342,0.08881318243030219,97
tct,10,bertQPP,8,0.48,0.3777217119683458,0.0001366186355403368,0.23883161512027495,0.0005288208236189078,97
tct,10,bertQPP(QV),8,0.48,0.3635246601367375,0.0002522781062995819,0.22637457044673542,0.0010200025736501021,97
tct,10,spatial,8,0.5,0.17276494095915973,0.09060228744149508,0.093213058419244,0.17617491386576734,97
tct,10,a_ratio,8,0.5,0.3277447835964733,0.0010488791557520566,0.24656357388316158,0.0003463449485504128,97
tct,10,nqc,8,0.5,0.16040200186087047,0.11653670483487955,0.11855670103092786,0.08536128644887009,97
tct,10,bertQPP,8,0.5,0.38531310416198195,9.727058636063069e-05,0.24012027491408938,0.0004932117335580638,97
tct,10,bertQPP(QV),8,0.5,0.37116219430084507,0.00018201460535360154,0.23067010309278352,0.00081607670119364,97
tct,10,spatial,8,0.52,0.1799475269496043,0.07777745629586065,0.09450171821305844,0.17027316035268703,97
tct,10,a_ratio,8,0.52,0.32974205276229057,0.0009729337794784186,0.24785223367697598,0.0003223841860548392,97
tct,10,nqc,8,0.52,0.16230034107125874,0.11221829239001621,0.11984536082474227,0.08201867152410211,97
tct,10,bertQPP,8,0.52,0.3928116853781596,6.897296319614947e-05,0.24312714776632308,0.0004186340215940853,97
tct,10,bertQPP(QV),8,0.52,0.3787338065196728,0.00013063187892049956,0.23238831615120278,0.0007456571945733053,97
tct,10,spatial,8,0.54,0.18719189332184155,0.06635892611503319,0.0970790378006873,0.15891607395046403,97
tct,10,a_ratio,8,0.54,0.3313745296766447,0.0009146191525318018,0.24699312714776633,0.0003381788389163567,97
tct,10,nqc,8,0.54,0.1643606251702416,0.10767312258783515,0.11898625429553265,0.08423505409007553,97
tct,10,bertQPP,8,0.54,0.4001315448052406,4.8914168081120826e-05,0.24742268041237117,0.00033019314561040996,97
tct,10,bertQPP(QV),8,0.54,0.3861586084369937,9.361082980960275e-05,0.2366838487972509,0.0005935388745829456,97
tct,10,spatial,8,0.56,0.1944818191871466,0.05627993189300193,0.09836769759450173,0.15345704089516993,97
tct,10,a_ratio,8,0.56,0.33267658358451313,0.0008704124919007234,0.2439862542955327,0.0003993454119661632,97
tct,10,nqc,8,0.56,0.1666042152490117,0.10288811410156047,0.11898625429553265,0.08423505409007553,97
tct,10,bertQPP,8,0.56,0.40717260923298515,3.487752360258228e-05,0.2508591065292096,0.00027237466938260737,97
tct,10,bertQPP(QV),8,0.56,0.3933420082034197,6.729506220384026e-05,0.24269759450171827,0.0004286013573495472,97
tct,10,spatial,8,0.58,0.20179949782831738,0.047459980563288706,0.10567010309278352,0.12517917667351905,97
tct,10,a_ratio,8,0.58,0.3336810030596354,0.0008376526637242885,0.24828178694158082,0.0003147483455907583,97
tct,10,nqc,8,0.58,0.1690563397106774,0.09785044220714938,0.12113402061855671,0.07878300963914868,97
tct,10,bertQPP,8,0.58,0.41382087565768844,2.5164893227868828e-05,0.25515463917525777,0.00021341645031147517,97
tct,10,bertQPP(QV),8,0.58,0.40017581383486567,4.881141629768478e-05,0.2512886597938145,0.00026585493232954136,97
tct,10,spatial,8,0.6,0.2091256046536838,0.039807848257641415,0.11297250859106532,0.10113858933462912,97
tct,10,a_ratio,8,0.6,0.33441870237319204,0.000814313255604973,0.2525773195876289,0.00024716269151633816,97
tct,10,nqc,8,0.6,0.17174699287837847,0.09254808918493129,0.12156357388316154,0.07772782073014356,97
tct,10,bertQPP,8,0.6,0.4199496379399804,1.8511499596373402e-05,0.26116838487972516,0.00015073942387955493,97
tct,10,bertQPP(QV),8,0.6,0.4065392532464366,3.5966145859129205e-05,0.2564432989690722,0.00019821410424194529,97
tct,10,spatial,8,0.62,0.2164394054215673,0.033224818319974814,0.11898625429553265,0.08423505409007553,97
tct,10,a_ratio,8,0.62,0.33491853870141397,0.0007988384742766501,0.25343642611683853,0.00023539388087640415,97
tct,10,nqc,8,0.62,0.17471208963824042,0.08697065077776406,0.1245704467353952,0.07065977324075139,97
tct,10,bertQPP,8,0.62,0.4254219696024142,1.4001035813218854e-05,0.27018900343642616,8.827472841766767e-05,97
tct,10,bertQPP(QV),8,0.62,0.41230116328067457,2.7130779441589484e-05,0.26589347079037806,0.0001141250014345169,97
tct,10,spatial,8,0.64,0.22371890727657556,0.02760796921639946,0.12500000000000003,0.06969448971824621,97
tct,10,a_ratio,8,0.64,0.33520721993168984,0.0007900238028671056,0.25472508591065296,0.00021872261513442568,97
tct,10,nqc,8,0.64,0.17799496231255268,0.0811105018874049,0.12285223367697597,0.07463114343880432,97
tct,10,bertQPP,8,0.64,0.43009466470671515,1.0988118084256293e-05,0.27835051546391754,5.363833855233496e-05,97
tct,10,bertQPP(QV),8,0.64,0.4173235496301415,2.1130001272851103e-05,0.27491408934707906,6.626470924810731e-05,97
tct,10,spatial,8,0.66,0.2309410537213301,0.022853326474251912,0.13058419243986258,0.05810246319620013,97
tct,10,a_ratio,8,0.66,0.33530928408206284,0.00078692866557201,0.2521477663230241,0.0002532519652694692,97
tct,10,nqc,8,0.66,0.18164831895820951,0.07496446277647921,0.12371134020618559,0.07262323979726368,97
tct,10,bertQPP,8,0.66,0.4338237109102668,9.032645556397813e-06,0.2856529209621994,3.395967010111564e-05,97
tct,10,bertQPP(QV),8,0.66,0.42146660685556137,1.714083834562373e-05,0.2839347079037801,3.7852202750352324e-05,97
tct,10,spatial,8,0.68,0.23808196290483521,0.018858715049585483,0.14218213058419246,0.039091423487606906,97
tct,10,a_ratio,8,0.68,0.33524713334826517,0.0007888120907036925,0.2512886597938145,0.00026585493232954136,97
tct,10,nqc,8,0.68,0.1857368288806841,0.06853615547862195,0.1254295532646048,0.06874005870255491,97
tct,10,bertQPP,8,0.68,0.4364711684481285,7.848369029304763e-06,0.28951890034364264,2.6544983244565518e-05,97
tct,10,bertQPP(QV),8,0.68,0.42459510678234363,1.4609011668392452e-05,0.288659793814433,2.804587392927909e-05,97
tct,10,spatial,8,0.7,0.24511720660471165,0.015526184804048077,0.1473367697594502,0.03251488713772691,97
tct,10,a_ratio,8,0.7,0.33504110814330185,0.000795084991988205,0.2525773195876289,0.00024716269151633816,97
tct,10,nqc,8,0.7,0.1903405666550923,0.06183929674920571,0.1284364261168385,0.06235576017343852,97
tct,10,bertQPP,8,0.7,0.437913070916337,7.266438777196264e-06,0.28994845360824745,2.5823492573259426e-05,97
tct,10,bertQPP(QV),8,0.7,0.42658582603436623,1.3185410271053685e-05,0.2933848797250859,2.0686822197476286e-05,97
tct,10,spatial,8,0.72,0.25202212511541566,0.012763926949737535,0.15635738831615123,0.02327305567367708,97
tct,10,a_ratio,8,0.72,0.33470958891682506,0.0008052745330693295,0.25429553264604815,0.00022415245533308512,97
tct,10,nqc,8,0.72,0.19555963660311804,0.054902228271372436,0.13230240549828182,0.05487593045339063,97
tct,10,bertQPP,8,0.72,0.43804768936924743,7.214232741310675e-06,0.2890893470790379,2.728561756069487e-05,97
tct,10,bertQPP(QV),8,0.72,0.42733542470139535,1.2683939969809513e-05,0.2938144329896908,2.011782071963051e-05,97
tct,10,spatial,8,0.74,0.2587721710635047,0.010487647346948493,0.16408934707903783,0.01726000960595295,97
tct,10,a_ratio,8,0.74,0.334269115851139,0.0008189973365875568,0.2512886597938145,0.00026585493232954136,97
tct,10,nqc,8,0.74,0.20152042040621837,0.04777400680751371,0.13445017182130586,0.05105421646643944,97
tct,10,bertQPP,8,0.74,0.4368032754957223,7.710574636062877e-06,0.29553264604811,1.7987380341900968e-05,97
tct,10,bertQPP(QV),8,0.74,0.4267679664792149,1.3061877398212511e-05,0.2976804123711341,1.56256421584244e-05,97
tct,10,spatial,8,0.76,0.2653432731158494,0.008621407512580882,0.16967353951890035,0.013810511589466142,97
tct,10,a_ratio,8,0.76,0.333734518619609,0.0008359392123948262,0.2508591065292096,0.00027237466938260737,97
tct,10,nqc,8,0.76,0.2083840368236089,0.040532292898296365,0.13831615120274915,0.044736513464296176,97
tct,10,bertQPP,8,0.76,0.4341442974718337,8.880781973142688e-06,0.2968213058419244,1.6532495235382776e-05,97
tct,10,bertQPP(QV),8,0.76,0.4248411556184619,1.442555612355053e-05,0.2976804123711341,1.56256421584244e-05,97
tct,10,spatial,8,0.78,0.27171220880228647,0.0070979813286511165,0.17955326460481102,0.009173476196585428,97
tct,10,a_ratio,8,0.78,0.3331190502095473,0.0008558397250521786,0.24785223367697598,0.0003223841860548392,97
tct,10,nqc,8,0.78,0.21635773511571565,0.033292923530847854,0.14046391752577322,0.04152093691345949,97
tct,10,bertQPP,8,0.78,0.4300752628680926,1.09992609743061e-05,0.2933848797250859,2.0686822197476286e-05,97
tct,10,bertQPP(QV),8,0.78,0.4215504159584355,1.7067958099846047e-05,0.30412371134020627,1.0186398880976669e-05,97
tct,10,spatial,8,0.8,0.27785697441084084,0.00585880171218733,0.1911512027491409,0.005540236417616152,97
tct,10,a_ratio,8,0.8,0.33243452034188486,0.000878480379210904,0.24269759450171827,0.0004286013573495472,97
tct,10,nqc,8,0.8,0.2257099136747614,0.026220102600783616,0.14475945017182132,0.035674068768179766,97
tct,10,bertQPP,8,0.8,0.4246415024686609,1.4574252144877407e-05,0.29725085910652926,1.607297344135024e-05,97
tct,10,bertQPP(QV),8,0.8,0.4169301731999775,2.155089451137053e-05,0.2976804123711341,1.56256421584244e-05,97
tct,10,spatial,8,0.82,0.2837571392764816,0.004853585899938339,0.19544673539518906,0.0045660596694361046,97
tct,10,a_ratio,8,0.82,0.33169142527530976,0.000903675528725071,0.2439862542955327,0.0003993454119661632,97
tct,10,nqc,8,0.82,0.23678878249906515,0.01953400973787861,0.14862542955326463,0.03102727109196935,97
tct,10,bertQPP,8,0.82,0.41792672267499653,2.0499564256820956e-05,0.29596219931271484,1.7489373396802984e-05,97
tct,10,bertQPP(QV),8,0.82,0.411052089968969,2.8853199892065743e-05,0.30111683848797255,1.245055216313867e-05,97
tct,10,spatial,8,0.84,0.2893941718741041,0.004039731306002151,0.19974226804123715,0.0037496927052216027,97
tct,10,a_ratio,8,0.84,0.33089907178831457,0.0009312653502770502,0.23969072164948454,0.0005048251929224872,97
tct,10,nqc,8,0.84,0.2500419098867557,0.013508539668892785,0.1554982817869416,0.02404211148041231,97
tct,10,bertQPP,8,0.84,0.4100476247050515,3.03119508945435e-05,0.3032646048109966,1.078963546261726e-05,97
tct,10,bertQPP(QV),8,0.84,0.40402045954627996,4.0617470064078286e-05,0.2993986254295533,1.3952200074870977e-05,97
tct,10,spatial,8,0.86,0.29475172598278987,0.0033815682405964774,0.20489690721649487,0.002946303078171719,97
tct,10,a_ratio,8,0.86,0.3300656939206599,0.0009611103919943189,0.2366838487972509,0.0005935388745829456,97
tct,10,nqc,8,0.86,0.2660246423995206,0.008445723561771517,0.16365979381443302,0.01755425786967657,97
tct,10,bertQPP,8,0.86,0.40114631628495334,4.6608770813290676e-05,0.3054123711340207,9.341573722767839e-06,97
tct,10,bertQPP(QV),8,0.86,0.39596537852226854,5.9539681833151395e-05,0.29596219931271484,1.7489373396802984e-05,97
tct,10,spatial,8,0.88,0.2998158767813359,0.002849543936419238,0.21176975945017185,0.0021190549684448486,97
tct,10,a_ratio,8,0.88,0.32919856165977307,0.0009930873309132583,0.2379725085910653,0.0005538759115824682,97
tct,10,nqc,8,0.88,0.28535684447576004,0.004608959441566266,0.17697594501718217,0.010225152665271457,97
tct,10,bertQPP,8,0.88,0.3913815063169245,7.369409497046731e-05,0.3032646048109966,1.078963546261726e-05,97
tct,10,bertQPP(QV),8,0.88,0.38703459417273434,8.99544004952678e-05,0.28608247422680416,3.304769864022772e-05,97
tct,10,spatial,8,0.9,0.304575298963753,0.002419397202098103,0.21563573883161516,0.0017533187111864498,97
tct,10,a_ratio,8,0.9,0.3283040812098655,0.001027085663452621,0.23539518900343648,0.0006358327263393619,97
tct,10,nqc,8,0.9,0.3085039016864506,0.0021094082209151244,0.19888316151202753,0.0039014834427261624,97
tct,10,bertQPP,8,0.9,0.3809195289837589,0.00011852343986026998,0.2933848797250859,2.0686822197476286e-05,97
tct,10,bertQPP(QV),8,0.9,0.377385007789316,0.00013866603023430293,0.28006872852233683,4.8215372827859356e-05,97
tct,10,spatial,8,0.92,0.3090213816657653,0.002071367118909393,0.21477663230240554,0.0018291772025326055,97
tct,10,a_ratio,8,0.92,0.32738788681138464,0.0010630051196260934,0.23582474226804126,0.000621432826309228,97
tct,10,nqc,8,0.92,0.335038029219252,0.0007951790812883002,0.22680412371134026,0.0009976667225656776,97
tct,10,bertQPP,8,0.92,0.36992610786392965,0.0001919952631645855,0.2822164948453609,4.216585457755637e-05,97
tct,10,bertQPP(QV),8,0.92,0.3671747172297617,0.0002160545829878794,0.2731958762886598,7.358676773635807e-05,97
tct,10,spatial,8,0.94,0.31314827796281297,0.0017894643841187784,0.21907216494845363,0.0014779202366871586,97
tct,10,a_ratio,8,0.94,0.326454924311324,0.0011007536411384079,0.23324742268041243,0.0007126038672884247,97
tct,10,nqc,8,0.94,0.3616325302390541,0.00027318791753379274,0.2452749140893471,0.0003719636432157586,97
tct,10,bertQPP,8,0.94,0.3585595072025246,0.00031057984339926206,0.26460481099656363,0.00012317744827931967,97
tct,10,bertQPP(QV),8,0.94,0.3565562540647742,0.00033743546329304566,0.2654639175257732,0.00011707036468109733,97
tct,10,spatial,8,0.96,0.3169528897095352,0.001560821333568216,0.22422680412371138,0.0011387880187863695,97
tct,10,a_ratio,8,0.96,0.325509526842499,0.0011402458004595676,0.22938144329896912,0.0008728876884960134,97
tct,10,nqc,8,0.96,0.3783789987861955,0.00013270238531208037,0.2564432989690722,0.00019821410424194529,97
tct,10,bertQPP,8,0.96,0.3469654085731826,0.0004981811750159656,0.2517182130584193,0.00025948171452482385,97
tct,10,bertQPP(QV),8,0.96,0.3456713873231923,0.0005245772830177566,0.25429553264604815,0.00022415245533308512,97
tct,10,spatial,8,0.98,0.3204347913176386,0.0013751268542562215,0.22637457044673542,0.0010200025736501021,97
tct,10,a_ratio,8,0.98,0.3245554830699453,0.0011814015657998314,0.22766323024054988,0.0009543472910132449,97
tct,10,nqc,8,0.98,0.36847591488476705,0.00020434892862948798,0.2689003436426117,9.538240628081039e-05,97
tct,10,bertQPP,8,0.98,0.33527356828641813,0.0007880104998008663,0.24269759450171827,0.0004286013573495472,97
tct,10,bertQPP(QV),8,0.98,0.33464759565361335,0.0008071931334376102,0.2414089347079038,0.0004598488311252096,97
tct,10,spatial,8,1.0,0.32359609851952187,0.0012241453380177404,0.22637457044673542,0.0010200025736501021,97
tct,10,a_ratio,8,1.0,0.32359609851952187,0.0012241453380177404,0.22637457044673542,0.0010200025736501021,97
tct,10,nqc,8,1.0,0.32359609851952187,0.0012241453380177404,0.22637457044673542,0.0010200025736501021,97
tct,10,bertQPP,8,1.0,0.32359609851952187,0.0012241453380177404,0.22637457044673542,0.0010200025736501021,97
tct,10,bertQPP(QV),8,1.0,0.32359609851952187,0.0012241453380177404,0.22637457044673542,0.0010200025736501021,97
tct,10,spatial,9,0.0,0.033377062904937055,0.7455179611795428,0.01718213058419244,0.8031038928688624,97
tct,10,a_ratio,9,0.0,0.12032506943967171,0.2404059919205959,0.1168384879725086,0.08998850130140247,97
tct,10,nqc,9,0.0,0.1374755409635702,0.1793335293649571,0.10524054982817871,0.12672143082539938,97
tct,10,bertQPP,9,0.0,0.24060884244426767,0.017597008346410068,0.16065292096219932,0.019739903980340746,97
tct,10,bertQPP(QV),9,0.0,0.22743786537523114,0.025064137471383592,0.14218213058419246,0.039091423487606906,97
tct,10,spatial,9,0.02,0.03647744320564349,0.7227979380197529,0.021477663230240553,0.7552950224453057,97
tct,10,a_ratio,9,0.02,0.12917773299025662,0.20729042859063396,0.12714776632302408,0.06502915478137135,97
tct,10,nqc,9,0.02,0.1378470111235282,0.17814992019741246,0.10609965635738833,0.1236515932692785,97
tct,10,bertQPP,9,0.02,0.24351242196756404,0.016237738463036472,0.16022336769759454,0.02007078628569656,97
tct,10,bertQPP(QV),9,0.02,0.2303665397758643,0.02320403437024088,0.14475945017182132,0.035674068768179766,97
tct,10,spatial,9,0.04,0.03966751337817588,0.6996692691962821,0.022336769759450176,0.7458382926337936,97
tct,10,a_ratio,9,0.04,0.13811486503265952,0.1773000190103026,0.13788659793814437,0.04540422310195199,97
tct,10,nqc,9,0.04,0.1382338534852362,0.17692342315365692,0.10695876288659796,0.12064011527036375,97
tct,10,bertQPP,9,0.04,0.2465168715313693,0.014927785875417949,0.16065292096219932,0.019739903980340746,97
tct,10,bertQPP(QV),9,0.04,0.2334001787848505,0.021402922742679298,0.14604810996563578,0.03406318246416719,97
tct,10,spatial,9,0.06,0.04294967601186234,0.6761559409274843,0.027061855670103097,0.6945424903122657,97
tct,10,a_ratio,9,0.06,0.14709130873146165,0.1505094995769951,0.1439003436426117,0.036783724578164194,97
tct,10,nqc,9,0.06,0.13863703965390028,0.1756517085575375,0.10824742268041239,0.11623089832126132,97
tct,10,bertQPP,9,0.06,0.24962602521639504,0.01366963591494669,0.16365979381443302,0.01755425786967657,97
tct,10,bertQPP(QV),9,0.06,0.23654306304701078,0.019664646854541622,0.14604810996563578,0.03406318246416719,97
tct,10,spatial,9,0.08,0.046326283426024004,0.6522863608394046,0.027491408934707907,0.6899437658549277,97
tct,10,a_ratio,9,0.08,0.15605716250429702,0.12690322047201108,0.14604810996563578,0.03406318246416719,97
tct,10,nqc,9,0.08,0.1390576246219089,0.17433227906573137,0.10824742268041239,0.11623089832126132,97
tct,10,bertQPP,9,0.08,0.2528437195716663,0.012465636962044944,0.1670962199312715,0.015318729327102553,97
tct,10,bertQPP(QV),9,0.08,0.23979952344168867,0.017992942785821763,0.14948453608247425,0.030068308790855192,97
tct,10,spatial,9,0.1,0.04979961543416318,0.6280936473001484,0.030498281786941587,0.6580807665431417,97
tct,10,a_ratio,9,0.1,0.16495860932942877,0.10638114311026119,0.14905498281786944,0.030544557732034724,97
tct,10,nqc,9,0.1,0.13949675588031663,0.17296245481738798,0.1086769759450172,0.11478963120763813,97
tct,10,bertQPP,9,0.1,0.25617375037239376,0.011317962749917716,0.16623711340206188,0.015852745291372216,97
tct,10,bertQPP(QV),9,0.1,0.24317390254657612,0.016391386576286898,0.15077319587628868,0.0286776674564184,97
tct,10,spatial,9,0.12,0.05337185388349093,0.6036158883019115,0.03479381443298969,0.6136308097551222,97
tct,10,a_ratio,9,0.12,0.1737390383486146,0.08877076745833865,0.1516323024054983,0.027781654237823455,97
tct,10,nqc,9,0.12,0.13995568374726125,0.1715393570549893,0.1086769759450172,0.11478963120763813,97
tct,10,bertQPP,9,0.12,0.2596198178568836,0.010228572288242749,0.16451890034364264,0.016970096384742294,97
tct,10,bertQPP(QV),9,0.12,0.24667050484131678,0.014863337218506923,0.15378006872852237,0.025646544632394585,97
tct,10,spatial,9,0.14,0.05704505367280696,0.5788963569847568,0.03694158075601375,0.5919142896074897,97
tct,10,a_ratio,9,0.14,0.18234043033928718,0.0738434235523794,0.15678694158075604,0.022896601370035064,97
tct,10,nqc,9,0.14,0.14043577310646815,0.17005989004433086,0.10910652920962201,0.11336246240953972,97
tct,10,bertQPP,9,0.14,0.2631854579766859,0.009199168043691443,0.16838487972508595,0.01454739544260673,97
tct,10,bertQPP(QV),9,0.14,0.2502935331171538,0.013411875051492352,0.15678694158075604,0.022896601370035064,97
tct,10,spatial,9,0.16,0.060821109954543054,0.5539836691698373,0.03780068728522337,0.5833275904873889,97
tct,10,a_ratio,9,0.16,0.1907049495652265,0.06133284670430082,0.15764604810996566,0.022159535570441733,97
tct,10,nqc,9,0.16,0.1409385167846881,0.1685207211024453,0.1086769759450172,0.11478963120763813,97
tct,10,bertQPP,9,0.16,0.2668739567296023,0.008231153243731915,0.17310996563573885,0.01200419316896961,97
tct,10,bertQPP(QV),9,0.16,0.2540470080555654,0.012039736445808837,0.1597938144329897,0.02040649882574069,97
tct,10,spatial,9,0.18,0.06470172123929345,0.5289318667180726,0.03608247422680413,0.6005585641963793,97
tct,10,a_ratio,9,0.18,0.19877665719129617,0.050953841286170476,0.1585051546391753,0.021443192891173694,97
tct,10,nqc,9,0.18,0.14146555084015983,0.16691825852170655,0.11082474226804125,0.10779310640620364,97
tct,10,bertQPP,9,0.18,0.27068824411416426,0.00732558942266757,0.17439862542955328,0.011382836808156348,97
tct,10,bertQPP(QV),9,0.18,0.2579346673559717,0.010749246067272034,0.16237113402061856,0.018463547347092265,97
tct,10,spatial,9,0.2,0.06868834814608152,0.503800409305487,0.038659793814433,0.5747994088567128,97
tct,10,a_ratio,9,0.2,0.20650324039571907,0.04241911799234502,0.16537800687285226,0.016403064445582434,97
tct,10,nqc,9,0.2,0.14201867208679647,0.16524862715672334,0.10996563573883163,0.110550087489207,97
tct,10,bertQPP,9,0.2,0.27463076364759387,0.006483155594215281,0.17697594501718217,0.010225152665271457,97
tct,10,bertQPP(QV),9,0.2,0.2619598401276066,0.009542248453584265,0.16451890034364264,0.016970096384742294,97
tct,10,spatial,9,0.22,0.07278216758226526,0.47865405648986087,0.03908934707903781,0.5705575497769013,97
tct,10,a_ratio,9,0.22,0.21383764070104722,0.0354529566647193,0.17139175257731962,0.012879359856548544,97
tct,10,nqc,9,0.22,0.1425998582430657,0.16350764141817972,0.11168384879725088,0.1050908480999539,97
tct,10,bertQPP,9,0.22,0.27870331273435256,0.005704110697489885,0.17955326460481102,0.009173476196585428,97
tct,10,bertQPP(QV),9,0.22,0.26612529151688263,0.008420041120494794,0.16967353951890035,0.013810511589466142,97
tct,10,spatial,9,0.24,0.07698402219689551,0.4535626219481991,0.04166666666666668,0.5454246199804633,97
tct,10,a_ratio,9,0.24,0.22073946765699876,0.0298010354431884,0.17740549828178698,0.010042744211065484,97
tct,10,nqc,9,0.24,0.14321129117338688,0.16169077539555965,0.11168384879725088,0.1050908480999539,97
tct,10,bertQPP,9,0.24,0.28290684847693576,0.004988261201009368,0.18041237113402064,0.008845012615594157,97
tct,10,bertQPP(QV),9,0.24,0.27043303173241384,0.007383311904414148,0.17268041237113405,0.01221789425088413,97
tct,10,spatial,9,0.26,0.08129436503435113,0.4286005827226341,0.043814432989690726,0.5249088158491623,97
tct,10,a_ratio,9,0.26,0.2271761004256007,0.025236411551885038,0.18170103092783507,0.008372001763204117,97
tct,10,nqc,9,0.26,0.1438553837870472,0.15979312980991195,0.11168384879725088,0.1050908480999539,97
tct,10,bertQPP,9,0.26,0.2872412528180255,0.004334935933490153,0.18341924398625434,0.007776554495134835,97
tct,10,bertQPP(QV),9,0.26,0.27488408278434906,0.006432083707131424,0.17611683848797252,0.010598840128977079,97
tct,10,spatial,9,0.28,0.0857131994254845,0.40384652846064956,0.04510309278350516,0.5127917901399865,97
tct,10,a_ratio,9,0.28,0.23312340809088491,0.02156212178257115,0.18814432989690724,0.00632984784895861,97
tct,10,nqc,9,0.28,0.14453481127997203,0.15780939548054293,0.11254295532646051,0.10244263799035044,97
tct,10,bertQPP,9,0.28,0.29170505025027565,0.0037429703057530288,0.1868556701030928,0.006698222213035896,97
tct,10,bertQPP(QV),9,0.28,0.27947819542570174,0.005565670181595099,0.17912371134020622,0.009341755733078497,97
tct,10,spatial,9,0.3,0.09024001429520245,0.3793824391968114,0.04596219931271478,0.5047955105031363,97
tct,10,a_ratio,9,0.3,0.23856605547583393,0.01861114317088962,0.1984536082474227,0.003979453005162126,97
tct,10,nqc,9,0.3,0.14525254755440323,0.15573381297893357,0.11254295532646051,0.10244263799035044,97
tct,10,bertQPP,9,0.3,0.29629507081685735,0.0032107020555769703,0.1911512027491409,0.005540236417616152,97
tct,10,bertQPP(QV),9,0.3,0.2842135080587093,0.004782646118361035,0.18556701030927839,0.00708575590459897,97
tct,10,spatial,9,0.32,0.09487371524245787,0.35529278537177134,0.05283505154639176,0.4432621351071514,97
tct,10,a_ratio,9,0.32,0.2434973994167311,0.01624453043555733,0.1971649484536083,0.004221925130091803,97
tct,10,nqc,9,0.32,0.14601190783877616,0.15356012814394232,0.11297250859106532,0.10113858933462912,97
tct,10,bertQPP,9,0.32,0.3010060508886119,0.0027359804466146813,0.1984536082474227,0.003979453005162126,97
tct,10,bertQPP(QV),9,0.32,0.28908613888621226,0.004080836282959605,0.1898625429553265,0.005867063974983271,97
tct,10,spatial,9,0.34,0.09961255196397363,0.33166345061431235,0.05970790378006874,0.38625489539833124,97
tct,10,a_ratio,9,0.34,0.24791901523900878,0.014348478978012483,0.1937285223367698,0.004935409194231109,97
tct,10,nqc,9,0.34,0.14681659876547198,0.1512815431515191,0.11211340206185569,0.10376002930884054,97
tct,10,bertQPP,9,0.34,0.305830164440282,0.002316190448236942,0.20060137457044677,0.0036032888355043277,97
tct,10,bertQPP(QV),9,0.34,0.294089702551966,0.0034573261348390736,0.1898625429553265,0.005867063974983271,97
tct,10,spatial,9,0.36,0.10445404284879242,0.30858048629145074,0.0627147766323024,0.3627897011875757,97
tct,10,a_ratio,9,0.36,0.25183992008758227,0.012830914610838485,0.19286941580756015,0.005130036782382208,97
tct,10,nqc,9,0.36,0.14767077746166224,0.1488906628800745,0.11254295532646051,0.10244263799035044,97
tct,10,bertQPP,9,0.36,0.3107564785369321,0.0019482927929916655,0.20403780068728525,0.00306822352558543,97
tct,10,bertQPP(QV),9,0.36,0.29921474322009023,0.002908497157549269,0.186426116838488,0.006825229731210832,97
tct,10,spatial,9,0.38,0.10939489786682652,0.2861287167623046,0.06872852233676977,0.3186051074891699,97
tct,10,a_ratio,9,0.38,0.25527557613837604,0.01161803913174216,0.19243986254295536,0.005229928831102741,97
tct,10,nqc,9,0.38,0.14857912158673048,0.14637943640459983,0.11254295532646051,0.10244263799035044,97
tct,10,bertQPP,9,0.38,0.31577032885864076,0.0016288799522537584,0.20747422680412375,0.0026065887949513057,97
tct,10,bertQPP(QV),9,0.38,0.30444807790173745,0.002430088402037731,0.1898625429553265,0.005867063974983271,97
tct,10,spatial,9,0.4,0.11443094120853228,0.2643902252503508,0.07474226804123713,0.2781012070168114,97
tct,10,a_ratio,9,0.4,0.25824676201535396,0.010651101828168873,0.19630584192439868,0.0043909374810577745,97
tct,10,nqc,9,0.4,0.1495469127334934,0.14373909361109027,0.11211340206185569,0.10376002930884054,97
tct,10,bertQPP,9,0.4,0.3208526148258065,0.001354247020977687,0.20661512027491413,0.0027156275780873427,97
tct,10,bertQPP(QV),9,0.4,0.30977204739064557,0.002017284291145075,0.19501718213058422,0.004655971971265852,97
tct,10,spatial,9,0.42,0.11955703549848079,0.24344276164624887,0.07903780068728523,0.25141149497554627,97
tct,10,a_ratio,9,0.42,0.2607783962545149,0.009883539878491266,0.19802405498281792,0.004058834798972484,97
tct,10,nqc,9,0.42,0.15058013623287828,0.14096007718093836,0.11168384879725088,0.1050908480999539,97
tct,10,bertQPP,9,0.42,0.3259790198425643,0.0011204753320104063,0.209192439862543,0.002400428947085522,97
tct,10,bertQPP(QV),9,0.42,0.31516367810769846,0.0016648268214756966,0.1941580756013746,0.0048406217198878375,97
tct,10,spatial,9,0.44,0.12476700979236313,0.22335812451343126,0.07989690721649485,0.24629548858904848,97
tct,10,a_ratio,9,0.44,0.2628983849069189,0.00927854014222171,0.20446735395189009,0.0030066996042901117,97
tct,10,nqc,9,0.44,0.1516856012077244,0.13803197060119782,0.11254295532646051,0.10244263799035044,97
tct,10,bertQPP,9,0.44,0.3311191710473111,0.0009235254453649049,0.2130584192439863,0.0019900166497547295,97
tct,10,bertQPP(QV),9,0.44,0.3205937672964647,0.0013671481797638038,0.1984536082474227,0.003979453005162126,97
tct,10,spatial,9,0.46,0.13005359395914645,0.20420057904312935,0.08075601374570447,0.24125289471425693,97
tct,10,a_ratio,9,0.46,0.2646365493592515,0.008807017287099624,0.20790378006872856,0.0025535840012904936,97
tct,10,nqc,9,0.46,0.15287108577198963,0.1349434234827668,0.11254295532646051,0.10244263799035044,97
tct,10,bertQPP,9,0.46,0.3362357654665488,0.0007593351324557432,0.21434707903780073,0.0018682268943729797,97
tct,10,bertQPP(QV),9,0.46,0.3260259172405509,0.0011185177025920129,0.20274914089347082,0.003259747042536618,97
tct,10,spatial,9,0.48,0.1354083624258202,0.18602537953136236,0.08247422680412372,0.23138680179907667,97
tct,10,a_ratio,9,0.48,0.2660236730253365,0.00844597124992629,0.209192439862543,0.002400428947085522,97
tct,10,nqc,9,0.48,0.15414551365038126,0.13168207642021923,0.11383161512027494,0.0985701799206937,97
tct,10,bertQPP,9,0.48,0.3412837062150759,0.0006239172755480379,0.21563573883161516,0.0017533187111864498,97
tct,10,bertQPP(QV),9,0.48,0.33141556229297525,0.0009131953598919011,0.20403780068728525,0.00306822352558543,97
tct,10,spatial,9,0.5,0.14082169059345023,0.1688774679681792,0.08333333333333336,0.22656268559471548,97
tct,10,a_ratio,9,0.5,0.26709068900157945,0.008177172885085283,0.20360824742268044,0.003130893451622874,97
tct,10,nqc,9,0.5,0.15551917031536286,0.1282344890605653,0.11512027491408937,0.09481550621817705,97
tct,10,bertQPP,9,0.5,0.3462093136188539,0.0005134523988249446,0.21606529209621997,0.0017164841150655054,97
tct,10,bertQPP(QV),9,0.5,0.3367090559753565,0.0007455828736311579,0.20833333333333337,0.0025015666651811157,97
tct,10,spatial,9,0.52,0.14628272748620585,0.15279041853843173,0.0889175257731959,0.1969487085850582,97
tct,10,a_ratio,9,0.52,0.2678680165961258,0.007986123697795784,0.2014604810996564,0.0034621026042757834,97
tct,10,nqc,9,0.52,0.15700396916306544,0.1245860771954484,0.11554982817869418,0.09358972367387966,97
tct,10,bertQPP,9,0.52,0.3509497013766547,0.00042437096921741756,0.22079037800687287,0.0013557124652369783,97
tct,10,bertQPP(QV),9,0.52,0.34184291390936666,0.0006103634998850404,0.21176975945017185,0.0021190549684448486,97
tct,10,spatial,9,0.54,0.15177938833069954,0.1377856905704531,0.09235395189003438,0.18019329783502935,97
tct,10,a_ratio,9,0.54,0.26838504359568066,0.007861238856235566,0.2018900343642612,0.0033934144348203364,97
tct,10,nqc,9,0.54,0.15861378149905583,0.12072106789645132,0.11426116838487975,0.09730564872611688,97
tct,10,bertQPP,9,0.54,0.35543243541533465,0.00035342170806450425,0.21907216494845363,0.0014779202366871586,97
tct,10,bertQPP(QV),9,0.54,0.34674334021012493,0.0005026226031312899,0.21262886597938147,0.002032205430312129,97
tct,10,spatial,9,0.56,0.15729837073978806,0.12387223957605095,0.09879725085910654,0.15166941209887877,97
tct,10,a_ratio,9,0.56,0.2686697433706664,0.007793208907118853,0.20446735395189009,0.0030066996042901117,97
tct,10,nqc,9,0.56,0.1603648484902032,0.11662248648863546,0.1164089347079038,0.09117630712765404,97
tct,10,bertQPP,9,0.56,0.35957561941690697,0.00029772390063188966,0.22207903780068733,0.0012702502748310276,97
tct,10,bertQPP(QV),9,0.56,0.35132619644626883,0.00041794346119891943,0.2134879725085911,0.0019486331283160838,97
tct,10,spatial,9,0.58,0.16282519795168643,0.11104651797972698,0.09965635738831616,0.14814179266855426,97
tct,10,a_ratio,9,0.58,0.26874841115928194,0.007774502744600303,0.20704467353951894,0.0026605976928076114,97
tct,10,nqc,9,0.58,0.16227629919657183,0.11227219626591468,0.11769759450171824,0.08765026442852013,97
tct,10,bertQPP,9,0.58,0.3632885702729603,0.0002548039549810737,0.23024054982817874,0.0008346209629654949,97
tct,10,bertQPP(QV),9,0.58,0.35549759684430726,0.0003524760845246442,0.22079037800687287,0.0013557124652369783,97
tct,10,spatial,9,0.6,0.16834429211543117,0.09929287510070417,0.09793814432989692,0.1552606461818409,97
tct,10,a_ratio,9,0.6,0.2686455015971674,0.007798981273917151,0.20274914089347082,0.003259747042536618,97
tct,10,nqc,9,0.6,0.16437080694010647,0.1076510224271617,0.11898625429553265,0.08423505409007553,97
tct,10,bertQPP,9,0.6,0.36647325065211833,0.0002226190768340759,0.23109965635738836,0.0007979153488644113,97
tct,10,bertQPP(QV),9,0.6,0.35915532152405105,0.00030298088055035665,0.2285223367697595,0.0009127757207962206,97
tct,10,spatial,9,0.62,0.17383907989100209,0.08858434172412431,0.10051546391752579,0.14467719951816677,97
tct,10,a_ratio,9,0.62,0.2683835491696487,0.007861597331031436,0.19888316151202753,0.0039014834427261624,97
tct,10,nqc,9,0.62,0.16667542745101177,0.1027390074322953,0.1202749140893471,0.08092834885233069,97
tct,10,bertQPP,9,0.62,0.36902660429894396,0.00019957375988364668,0.2366838487972509,0.0005935388745829456,97
tct,10,bertQPP(QV),9,0.62,0.3621912191893949,0.0002668533585059237,0.23152920962199317,0.0007801296905645403,97
tct,10,spatial,9,0.64,0.17929213163657776,0.07888376043243801,0.10695876288659796,0.12064011527036375,97
tct,10,a_ratio,9,0.64,0.26798315417558405,0.007958162582794357,0.19286941580756015,0.005130036782382208,97
tct,10,nqc,9,0.64,0.16922267763936621,0.09751586830237158,0.11898625429553265,0.08423505409007553,97
tct,10,bertQPP,9,0.64,0.370843882487316,0.00018453784384620187,0.23582474226804126,0.000621432826309228,97
tct,10,bertQPP(QV),9,0.64,0.3644947095259983,0.00024214047801080963,0.23883161512027495,0.0005288208236189078,97
tct,10,spatial,9,0.66,0.18468533419786903,0.07014520120115178,0.11383161512027494,0.0985701799206937,97
tct,10,a_ratio,9,0.66,0.2674630185040343,0.008085166346070033,0.1902920962199313,0.005756239608165468,97
tct,10,nqc,9,0.66,0.17205193505358493,0.09196176085560567,0.11812714776632303,0.08649966115997804,97
tct,10,bertQPP,9,0.66,0.3718229505131829,0.00017687840464878705,0.23582474226804126,0.000621432826309228,97
tct,10,bertQPP(QV),9,0.66,0.3659573849412263,0.00022756370652796262,0.23883161512027495,0.0005288208236189078,97
tct,10,spatial,9,0.68,0.19000009583312943,0.06231558486877721,0.12500000000000003,0.06969448971824621,97
tct,10,a_ratio,9,0.68,0.26684001764153586,0.00823963462752855,0.18857388316151205,0.006211170636578692,97
tct,10,nqc,9,0.68,0.17521126711179402,0.08605850639826343,0.11855670103092786,0.08536128644887009,97
tct,10,bertQPP,9,0.68,0.3718694225645724,0.00017652226364059858,0.2298109965635739,0.0008535554716530555,97
tct,10,bertQPP(QV),9,0.68,0.36647855195703277,0.00022256878242401536,0.2392611683848798,0.0005166931871154039,97
tct,10,spatial,9,0.7,0.19521758016918875,0.05533642673317488,0.13359106529209622,0.05255528194642074,97
tct,10,a_ratio,9,0.7,0.266129297560546,0.008419020329933762,0.18513745704467358,0.007219338175415614,97
tct,10,nqc,9,0.7,0.17875983821648941,0.07979150935178983,0.11984536082474227,0.08201867152410211,97
tct,10,bertQPP,9,0.7,0.3709023057364322,0.00018407231553522154,0.23539518900343648,0.0006358327263393619,97
tct,10,bertQPP(QV),9,0.7,0.36597136039804934,0.00022742842418431637,0.24312714776632308,0.0004186340215940853,97
tct,10,spatial,9,0.72,0.20031896438380498,0.04914560967772175,0.13917525773195877,0.0434259212403691,97
tct,10,a_ratio,9,0.72,0.2653443872956836,0.008621117628735011,0.186426116838488,0.006825229731210832,97
tct,10,nqc,9,0.72,0.18277109328570565,0.07315269676743391,0.11855670103092786,0.08536128644887009,97
tct,10,bertQPP,9,0.72,0.3688596682522424,0.00020101029536954843,0.2379725085910653,0.0005538759115824682,97
tct,10,bertQPP(QV),9,0.72,0.36436897744031393,0.00024343290323503724,0.2439862542955327,0.0003993454119661632,97
tct,10,spatial,9,0.74,0.20528571516655747,0.04367910091772031,0.14261168384879727,0.03850326567762371,97
tct,10,a_ratio,9,0.74,0.2644973199777317,0.008843995114429772,0.18513745704467358,0.007219338175415614,97
tct,10,nqc,9,0.74,0.18733697559144633,0.06614494715804935,0.12156357388316154,0.07772782073014356,97
tct,10,bertQPP,9,0.74,0.36570372405779217,0.0002300320951750281,0.24012027491408938,0.0004932117335580638,97
tct,10,bertQPP(QV),9,0.74,0.361630122223249,0.0002732155178816093,0.24828178694158082,0.0003147483455907583,97
tct,10,spatial,9,0.76,0.2100998745579796,0.038872537771428066,0.1469072164948454,0.033024149712135395,97
tct,10,a_ratio,9,0.76,0.26359875680763545,0.009085943522753612,0.18470790378006877,0.007355176256510775,97
tct,10,nqc,9,0.76,0.1925734899707242,0.05878863863922919,0.12242268041237117,0.07565197367789964,97
tct,10,bertQPP,9,0.76,0.3614246892942905,0.00027557965263444776,0.2452749140893471,0.0003719636432157586,97
tct,10,bertQPP(QV),9,0.76,0.35774323658936547,0.00032127571109042693,0.24699312714776633,0.0003381788389163567,97
tct,10,spatial,9,0.78,0.2147443466400792,0.03466262412998852,0.14518900343642613,0.03513003275683934,97
tct,10,a_ratio,9,0.78,0.2626581098957611,0.00934543481858368,0.1829896907216495,0.007921746820669876,97
tct,10,nqc,9,0.78,0.19862791734934104,0.05113108871799775,0.1245704467353952,0.07065977324075139,97
tct,10,bertQPP,9,0.78,0.3560428467166044,0.00034465419344358104,0.2517182130584193,0.00025948171452482385,97
tct,10,bertQPP(QV),9,0.78,0.352728664577464,0.0003947798835893877,0.24785223367697598,0.0003223841860548392,97
tct,10,spatial,9,0.8,0.21920317537316056,0.03098829838959716,0.14862542955326463,0.03102727109196935,97
tct,10,a_ratio,9,0.8,0.2616836610732858,0.009621090125709225,0.18041237113402064,0.008845012615594157,97
tct,10,nqc,9,0.8,0.20568776698554594,0.043259633052964666,0.12929553264604812,0.060624507125192455,97
tct,10,bertQPP,9,0.8,0.3496084553484098,0.000448013886845913,0.25000000000000006,0.00028586619810323126,97
tct,10,bertQPP(QV),9,0.8,0.3466384497023817,0.000504733047698265,0.2439862542955327,0.0003993454119661632,97
tct,10,spatial,9,0.82,0.22346180373682434,0.027791653270126154,0.15378006872852237,0.025646544632394585,97
tct,10,a_ratio,9,0.82,0.2606826747256019,0.00991165455412708,0.1782646048109966,0.009686599012848096,97
tct,10,nqc,9,0.82,0.21399067329106844,0.035318513785365394,0.12800687285223372,0.06323660544752113,97
tct,10,bertQPP,9,0.82,0.34219943278119125,0.0006018636937146206,0.2525773195876289,0.00024716269151633816,97
tct,10,bertQPP(QV),9,0.82,0.33955369450848183,0.0006676121067855184,0.24355670103092786,0.0004088834881762593,97
tct,10,spatial,9,0.84,0.22750730478730544,0.02501860615639317,0.1550687285223368,0.024434836082135623,97
tct,10,a_ratio,9,0.84,0.2596615034323074,0.010215977408369398,0.1786941580756014,0.00951278395726825,97
tct,10,nqc,9,0.84,0.2238316507135907,0.027527746817745176,0.13230240549828182,0.05487593045339063,97
tct,10,bertQPP,9,0.84,0.33391705499150615,0.0008301188344952358,0.25472508591065296,0.00021872261513442568,97
tct,10,bertQPP(QV),9,0.84,0.33157978666144416,0.0009075171402423979,0.2414089347079038,0.0004598488311252096,97
tct,10,spatial,9,0.86,0.23132857628596346,0.0226193338238081,0.15764604810996566,0.022159535570441733,97
tct,10,a_ratio,9,0.86,0.25862568575703715,0.010532996594506452,0.17654639175257736,0.010410504577977625,97
tct,10,nqc,9,0.86,0.23555589859943565,0.02019706964950119,0.13831615120274915,0.044736513464296176,97
tct,10,bertQPP,9,0.86,0.3248801905427054,0.0011672450616355154,0.2521477663230241,0.0002532519652694692,97
tct,10,bertQPP(QV),9,0.86,0.3228400944606455,0.0012588127428304764,0.23711340206185572,0.000580033168540485,97
tct,10,spatial,9,0.88,0.23491649212628085,0.020548496731016885,0.15592783505154642,0.023654871935139845,97
tct,10,a_ratio,9,0.88,0.25758003594444046,0.010861726302660737,0.17268041237113405,0.01221789425088413,97
tct,10,nqc,9,0.88,0.24950198021103473,0.013718007915537287,0.14647766323024058,0.03354022455213661,97
tct,10,bertQPP,9,0.88,0.31521875261877397,0.0016615340087031225,0.24183848797250862,0.0004492042155364218,97
tct,10,bertQPP(QV),9,0.88,0.3134689052718463,0.0017690877812059057,0.22938144329896912,0.0008728876884960134,97
tct,10,spatial,9,0.9,0.23826400577880266,0.018765285190800653,0.15721649484536085,0.02252544814571104,97
tct,10,a_ratio,9,0.9,0.25652872557944806,0.011201247243484222,0.1752577319587629,0.010984624932232429,97
tct,10,nqc,9,0.9,0.265796427037259,0.008504212360774852,0.16494845360824745,0.01668446543769203,97
tct,10,bertQPP,9,0.9,0.30506708554641365,0.0023784664829721606,0.2285223367697595,0.0009127757207962206,97
tct,10,bertQPP(QV),9,0.9,0.3036043963106328,0.00250207160411362,0.22508591065292102,0.0010898172708815595,97
tct,10,spatial,9,0.92,0.24136620323447233,0.017233322916924785,0.154639175257732,0.024833107958687445,97
tct,10,a_ratio,9,0.92,0.2554753574704096,0.011550698874264074,0.17482817869415812,0.011182156616858724,97
tct,10,nqc,9,0.92,0.28374513268581636,0.004855464833012165,0.17310996563573885,0.01200419316896961,97
tct,10,bertQPP,9,0.92,0.29455791211065735,0.003403591634411475,0.21606529209621997,0.0017164841150655054,97
tct,10,bertQPP(QV),9,0.92,0.2933823062769192,0.0035399529085852846,0.21821305841924402,0.0015427588468996702,97
tct,10,spatial,9,0.94,0.2442203052826844,0.015920463319972843,0.1550687285223368,0.024434836082135623,97
tct,10,a_ratio,9,0.94,0.25442303215360024,0.011909273173205072,0.1701030927835052,0.013572314777054699,97
tct,10,nqc,9,0.94,0.30031839223730394,0.002801088458425419,0.1778350515463918,0.009863239446727635,97
tct,10,bertQPP,9,0.94,0.2838172931333486,0.0048441820565315276,0.2014604810996564,0.0034621026042757834,97
tct,10,bertQPP(QV),9,0.94,0.28293076825591723,0.004984427616005402,0.2018900343642612,0.0033934144348203364,97
tct,10,spatial,9,0.96,0.24682562123325946,0.01479851132410025,0.16194158075601378,0.018775672464210122,97
tct,10,a_ratio,9,0.96,0.25337440749916773,0.012276209616661702,0.16967353951890035,0.013810511589466142,97
tct,10,nqc,9,0.96,0.30760834525940683,0.0021767348319765996,0.20103092783505158,0.0035320539175627825,97
tct,10,bertQPP,9,0.96,0.2729608427704783,0.006828904372388699,0.19286941580756015,0.005130036782382208,97
tct,10,bertQPP(QV),9,0.96,0.27236652929299904,0.0069558312443506395,0.19286941580756015,0.005130036782382208,97
tct,10,spatial,9,0.98,0.24918345821947482,0.013842899276362917,0.16065292096219932,0.019739903980340746,97
tct,10,a_ratio,9,0.98,0.25233175194165225,0.012650791089572124,0.16451890034364264,0.016970096384742294,97
tct,10,nqc,9,0.98,0.2931054712080808,0.003572766707784716,0.19158075601374575,0.0054350017041903615,97
tct,10,bertQPP,9,0.98,0.2620912482350024,0.0095049344435803,0.1786941580756014,0.00951278395726825,97
tct,10,bertQPP(QV),9,0.98,0.26179257124424615,0.0095899312198157,0.17482817869415812,0.011182156616858724,97
tct,10,spatial,9,1.0,0.2512969918726863,0.013032340518601204,0.16108247422680416,0.01941379508307944,97
tct,10,a_ratio,9,1.0,0.2512969918726863,0.013032340518601204,0.16108247422680416,0.01941379508307944,97
tct,10,nqc,9,1.0,0.2512969918726863,0.013032340518601204,0.16108247422680416,0.01941379508307944,97
tct,10,bertQPP,9,1.0,0.2512969918726863,0.013032340518601204,0.16108247422680416,0.01941379508307944,97
tct,10,bertQPP(QV),9,1.0,0.2512969918726863,0.013032340518601204,0.16108247422680416,0.01941379508307944,97
tct,10,spatial,10,0.0,0.033377062904937055,0.7455179611795428,0.01718213058419244,0.8031038928688624,97
tct,10,a_ratio,10,0.0,0.12032506943967171,0.2404059919205959,0.1168384879725086,0.08998850130140247,97
tct,10,nqc,10,0.0,0.1374755409635702,0.1793335293649571,0.10524054982817871,0.12672143082539938,97
tct,10,bertQPP,10,0.0,0.24060884244426767,0.017597008346410068,0.16065292096219932,0.019739903980340746,97
tct,10,bertQPP(QV),10,0.0,0.22743786537523114,0.025064137471383592,0.14218213058419246,0.039091423487606906,97
tct,10,spatial,10,0.02,0.03656254920878929,0.7221775443676964,0.01975945017182131,0.7743175870264136,97
tct,10,a_ratio,10,0.02,0.1294188878712725,0.20643637491640196,0.12671821305841927,0.06594102788919391,97
tct,10,nqc,10,0.02,0.13785802394523475,0.17811491776854452,0.10609965635738833,0.1236515932692785,97
tct,10,bertQPP,10,0.02,0.243556965714602,0.016217613847247882,0.16065292096219932,0.019739903980340746,97
tct,10,bertQPP(QV),10,0.02,0.23041633728453592,0.023173454896062134,0.14475945017182132,0.035674068768179766,97
tct,10,spatial,10,0.04,0.039839480947547426,0.6984299996481995,0.023195876288659798,0.7364196981955502,97
tct,10,a_ratio,10,0.04,0.13860328960338897,0.17575790366630384,0.1365979381443299,0.04745794602168577,97
tct,10,nqc,10,0.04,0.13825635445675788,0.17685227406022086,0.10652920962199315,0.12213859984356254,97
tct,10,bertQPP,10,0.04,0.2466073614822103,0.01488979638374019,0.16108247422680416,0.01941379508307944,97
tct,10,bertQPP(QV),10,0.04,0.23350151943084513,0.021344883863430503,0.1469072164948454,0.033024149712135395,97
tct,10,spatial,10,0.06,0.043210297497745714,0.6743017465018876,0.027491408934707907,0.6899437658549277,97
tct,10,a_ratio,10,0.06,0.1478327536534232,0.14844050491224092,0.14518900343642613,0.03513003275683934,97
tct,10,nqc,10,0.06,0.13867153546851774,0.17554321556774558,0.10781786941580758,0.11768634646990996,97
tct,10,bertQPP,10,0.06,0.24976393029897365,0.013616033201521435,0.1628006872852234,0.018155972846842318,97
tct,10,bertQPP(QV),10,0.06,0.23669778287122165,0.019582302580507065,0.1473367697594502,0.03251488713772691,97
tct,10,spatial,10,0.08,0.04667738970847575,0.6498238353789569,0.026202749140893475,0.7037735989090746,97
tct,10,a_ratio,10,0.08,0.15705694586580002,0.12445739178540402,0.14604810996563578,0.03406318246416719,97
tct,10,nqc,10,0.08,0.1391046561515092,0.17418518905628014,0.10824742268041239,0.11623089832126132,97
tct,10,bertQPP,10,0.08,0.25303058104616694,0.01239864881834764,0.1666666666666667,0.01558372473088864,97
tct,10,bertQPP(QV),10,0.08,0.24000955615405162,0.017889459935340725,0.14948453608247425,0.030068308790855192,97
tct,10,spatial,10,0.1,0.0502430780560392,0.6250322295523827,0.029639175257731964,0.6671244311500414,97
tct,10,a_ratio,10,0.1,0.16622154149838764,0.10369227258397372,0.15034364261168387,0.02913493133073165,97
tct,10,nqc,10,0.1,0.13955690131053408,0.17277545574000647,0.10824742268041239,0.11623089832126132,97
tct,10,bertQPP,10,0.1,0.2564111887212112,0.01123977622365774,0.16623711340206188,0.015852745291372216,97
tct,10,bertQPP(QV),10,0.1,0.24344128777831775,0.0162699212735063,0.1512027491408935,0.028226597294347726,97
tct,10,spatial,10,0.12,0.0539095876473116,0.5999680510032304,0.032646048109965645,0.6356917335694203,97
tct,10,a_ratio,10,0.12,0.17526933930168,0.08595288712180245,0.15420962199312716,0.025236989773183314,97
tct,10,nqc,10,0.12,0.14002956207935502,0.17131107476979718,0.1086769759450172,0.11478963120763813,97
tct,10,bertQPP,10,0.12,0.25990954094484203,0.010141315902792717,0.1670962199312715,0.015318729327102553,97
tct,10,bertQPP(QV),10,0.12,0.24699739759226877,0.01472700917367813,0.15335051546391754,0.026061836085581373,97
tct,10,spatial,10,0.14,0.057679019782410995,0.5746777766336336,0.03436426116838488,0.6180159506334773,97
tct,10,a_ratio,10,0.14,0.18414163942681683,0.07098907488751133,0.15635738831615123,0.02327305567367708,97
tct,10,nqc,10,0.14,0.1405240480784714,0.16978888502921857,0.10953608247422682,0.11194930892644765,97
tct,10,bertQPP,10,0.14,0.2635292707810915,0.009104893391528021,0.16967353951890035,0.013810511589466142,97
tct,10,bertQPP(QV),10,0.14,0.25068221464313317,0.013263739882075659,0.15635738831615123,0.02327305567367708,97
tct,10,spatial,10,0.16,0.061553319789328695,0.5492133694245329,0.036512027491408944,0.5962292897960457,97
tct,10,a_ratio,10,0.16,0.1927798288946142,0.058513053374435985,0.1597938144329897,0.02040649882574069,97
tct,10,nqc,10,0.16,0.14104190127332597,0.1682054850534001,0.10910652920962201,0.11336246240953972,97
tct,10,bertQPP,10,0.16,0.2672737730107383,0.008131816300832432,0.17396907216494847,0.011586707769612953,97
tct,10,bertQPP(QV),10,0.16,0.2544998984960054,0.011882756419784856,0.1589347079037801,0.021092644173514117,97
tct,10,spatial,10,0.18,0.06553424085433984,0.5236323277039382,0.03823024054982819,0.5790561270652871,97
tct,10,a_ratio,10,0.18,0.2011270914027461,0.04821950858797312,0.15807560137457047,0.021798803662876853,97
tct,10,nqc,10,0.18,0.14158481181577914,0.16655721086668865,0.10996563573883163,0.110550087489207,97
tct,10,bertQPP,10,0.18,0.2711461004828197,0.0072230320058505335,0.17439862542955328,0.011382836808156348,97
tct,10,bertQPP(QV),10,0.18,0.2584543404685715,0.01058625978724305,0.16323024054982818,0.017852894393926448,97
tct,10,spatial,10,0.2,0.06962330359489485,0.4979976346286809,0.038659793814433,0.5747994088567128,97
tct,10,a_ratio,10,0.2,0.2091301373477675,0.03980345369358915,0.16838487972508595,0.01454739544260673,97
tct,10,nqc,10,0.2,0.14215463620648916,0.16484011151569616,0.11039518900343644,0.10916471457232763,97
tct,10,bertQPP,10,0.2,0.2751488365891669,0.0063790874556441494,0.17654639175257736,0.010410504577977625,97
tct,10,bertQPP(QV),10,0.2,0.26254904057619444,0.009375940146839519,0.16881443298969073,0.014298004272030715,97
tct,10,spatial,10,0.22,0.07382175115915007,0.4723775895024675,0.03737113402061856,0.5876136836654002,97
tct,10,a_ratio,10,0.22,0.2167408391603858,0.03297446622627052,0.17439862542955328,0.011382836808156348,97
tct,10,nqc,10,0.22,0.14275341818281373,0.16304992205507732,0.11168384879725088,0.1050908480999539,97
tct,10,bertQPP,10,0.22,0.27928393927065975,0.0056000928142066,0.1786941580756014,0.00951278395726825,97
tct,10,bertQPP(QV),10,0.22,0.26678695525207896,0.00825291034889482,0.16924398625429557,0.01405239227763608,97
tct,10,spatial,10,0.24,0.07813049969195879,0.4468455028721781,0.03737113402061856,0.5876136836654002,97
tct,10,a_ratio,10,0.24,0.22391765914240108,0.027466680800256608,0.17912371134020622,0.009341755733078497,97
tct,10,nqc,10,0.24,0.1433834128190566,0.16118203372526396,0.11125429553264607,0.10643517898925002,97
tct,10,bertQPP,10,0.24,0.28355255128783186,0.004885690865319476,0.18170103092783507,0.008372001763204117,97
tct,10,bertQPP(QV),10,0.24,0.2711703101123125,0.007217644648337922,0.17139175257731962,0.012879359856548544,97
tct,10,spatial,10,0.26,0.0825500840843367,0.42147923870046966,0.040807560137457045,0.5537409286316863,97
tct,10,a_ratio,10,0.26,0.23062677258249115,0.023044611477894657,0.18470790378006877,0.007355176256510775,97
tct,10,nqc,10,0.26,0.14404711442725127,0.15923146104590355,0.11039518900343644,0.10916471457232763,97
tct,10,bertQPP,10,0.26,0.2879547708043775,0.0042350342740925945,0.1829896907216495,0.007921746820669876,97
tct,10,bertQPP(QV),10,0.26,0.2757003712030773,0.006269925896261747,0.17697594501718217,0.010225152665271457,97
tct,10,spatial,10,0.28,0.08708059902638571,0.396360589537547,0.046391752577319596,0.5008221569685896,97
tct,10,a_ratio,10,0.28,0.23684281620196007,0.019505382915249874,0.19158075601374575,0.0054350017041903615,97
tct,10,nqc,10,0.28,0.14474728897224978,0.1571928055384936,0.11082474226804125,0.10779310640620364,97
tct,10,bertQPP,10,0.28,0.2924893756938754,0.0036467728609081694,0.18513745704467358,0.007219338175415614,97
tct,10,bertQPP(QV),10,0.28,0.2803771673475457,0.005408804825421171,0.18213058419243988,0.008219435652041644,97
tct,10,spatial,10,0.3,0.09172163551598697,0.3715744747204786,0.04810996563573884,0.4850959502795227,97
tct,10,a_ratio,10,0.3,0.2425492269692095,0.016678217640050206,0.19888316151202753,0.0039014834427261624,97
tct,10,nqc,10,0.3,0.1454870118712217,0.15506021579028081,0.11168384879725088,0.1050908480999539,97
tct,10,bertQPP,10,0.3,0.2971534944729394,0.0031190529698253136,0.1890034364261169,0.006094500520977148,97
tct,10,bertQPP(QV),10,0.3,0.28519915548646757,0.004632575212268023,0.18857388316151205,0.006211170636578692,97
tct,10,spatial,10,0.32,0.09647221314122796,0.34720795736693716,0.054553264604811004,0.4285767645779882,97
tct,10,a_ratio,10,0.32,0.24773817374117207,0.014422081702947348,0.20017182130584193,0.0036758280937195186,97
tct,10,nqc,10,0.32,0.146269712243287,0.1528273435843337,0.11297250859106532,0.10113858933462912,97
tct,10,bertQPP,10,0.32,0.3019422165169151,0.0026495307645287287,0.19673539518900346,0.004305679427335466,97
tct,10,bertQPP(QV),10,0.32,0.29016282041009217,0.003938768612361991,0.1868556701030928,0.006698222213035896,97
tct,10,spatial,10,0.34,0.10133070865639816,0.32334908336245116,0.06013745704467355,0.3828471200330016,97
tct,10,a_ratio,10,0.34,0.25241011861052787,0.012622295264641314,0.19587628865979384,0.004477722918252414,97
tct,10,nqc,10,0.34,0.1470992249210918,0.15048729585577886,0.11254295532646051,0.10244263799035044,97
tct,10,bertQPP,10,0.34,0.30684813441449627,0.0022354008283077113,0.20661512027491413,0.0027156275780873427,97
tct,10,bertQPP(QV),10,0.34,0.2952622002055879,0.003324171952652737,0.18513745704467358,0.007219338175415614,97
tct,10,spatial,10,0.36,0.10629478161165154,0.30008555458894504,0.06400343642611686,0.3530123788503621,97
tct,10,a_ratio,10,0.36,0.25657307180857525,0.01118674041835533,0.19587628865979384,0.004477722918252414,97
tct,10,nqc,10,0.36,0.1479798518474153,0.14803258230317418,0.11297250859106532,0.10113858933462912,97
tct,10,bertQPP,10,0.36,0.3118608122280025,0.0018734407625246982,0.20833333333333337,0.0025015666651811157,97
tct,10,bertQPP(QV),10,0.36,0.30048832937525877,0.0027848704572421583,0.1868556701030928,0.006698222213035896,97
tct,10,spatial,10,0.38,0.11136129807540043,0.27750325905355966,0.06658075601374572,0.3339631552636785,97
tct,10,a_ratio,10,0.38,0.2602416208471387,0.010042105628666767,0.1971649484536083,0.004221925130091803,97
tct,10,nqc,10,0.38,0.14891643487591205,0.14545505860393718,0.11297250859106532,0.10113858933462912,97
tct,10,bertQPP,10,0.38,0.3169661754021468,0.0015600715767490512,0.20876288659793818,0.0024505203740822256,97
tct,10,bertQPP(QV),10,0.38,0.30582859330713247,0.002316317146570526,0.1911512027491409,0.005540236417616152,97
tct,10,spatial,10,0.4,0.11652625380418996,0.2556846918842075,0.06958762886597938,0.3125934883665836,97
tct,10,a_ratio,10,0.4,0.2634358206212436,0.00913043337649637,0.19759450171821308,0.0041396512632380965,97
tct,10,nqc,10,0.4,0.14991444250195082,0.14274586537852205,0.11297250859106532,0.10113858933462912,97
tct,10,bertQPP,10,0.4,0.32214582156790084,0.0012914325827306674,0.21434707903780073,0.0018682268943729797,97
tct,10,bertQPP(QV),10,0.4,0.3112659911207175,0.001913428497383401,0.19501718213058422,0.004655971971265852,97
tct,10,spatial,10,0.42,0.12178469856222231,0.2347073126656615,0.07259450171821306,0.29214479548279504,97
tct,10,a_ratio,10,0.42,0.26618002757630554,0.008406103100322457,0.1984536082474227,0.003979453005162126,97
tct,10,nqc,10,0.42,0.1509800737022596,0.1398953633559537,0.11254295532646051,0.10244263799035044,97
tct,10,bertQPP,10,0.42,0.32737625709075197,0.0010634683235845764,0.2130584192439863,0.0019900166497547295,97
tct,10,bertQPP(QV),10,0.42,0.3167783095266221,0.0015707038661908338,0.19544673539518906,0.0045660596694361046,97
tct,10,spatial,10,0.44,0.12713066366245443,0.2146418953816656,0.0777491408934708,0.2592237212301055,97
tct,10,a_ratio,10,0.44,0.26850175012910654,0.007833288389529142,0.20317869415807563,0.0031947282487263706,97
tct,10,nqc,10,0.44,0.15212038290817143,0.13689306566648535,0.11211340206185569,0.10376002930884054,97
tct,10,bertQPP,10,0.44,0.3326280725743533,0.0008720239107165439,0.21391752577319592,0.001908041073171658,97
tct,10,bertQPP(QV),10,0.44,0.32233721901574836,0.001282364129884286,0.19888316151202753,0.0039014834427261624,97
tct,10,spatial,10,0.46,0.13255709517961964,0.19555093620962832,0.08419243986254298,0.22181074839562664,97
tct,10,a_ratio,10,0.46,0.2704305722047457,0.007383870134076154,0.2053264604810997,0.002887015591872923,97
tct,10,nqc,10,0.46,0.1533434312412953,0.13372756890329948,0.11383161512027494,0.0985701799206937,97
tct,10,bertQPP,10,0.46,0.3378650823391868,0.0007129441605039175,0.21391752577319592,0.001908041073171658,97
tct,10,bertQPP(QV),10,0.46,0.32790731628707614,0.001042502935470553,0.20575601374570449,0.0028288190417010725,97
tct,10,spatial,10,0.48,0.13805579565305418,0.17748719040133445,0.08676975945017183,0.2079844017382293,97
tct,10,a_ratio,10,0.48,0.2719971897980638,0.007035757188639709,0.202319587628866,0.003325969220576063,97
tct,10,nqc,10,0.48,0.15465847059099114,0.1303864856683185,0.11383161512027494,0.0985701799206937,97
tct,10,bertQPP,10,0.48,0.3430434687402102,0.0005821712932841174,0.21606529209621997,0.0017164841150655054,97
tct,10,bertQPP(QV),10,0.48,0.3334451541233598,0.0008452422919411215,0.20876288659793818,0.0024505203740822256,97
tct,10,spatial,10,0.5,0.1436173774286135,0.1604924113289847,0.0854810996563574,0.2148174024411691,97
tct,10,a_ratio,10,0.5,0.27323258414917695,0.006771554296283186,0.2018900343642612,0.0033934144348203364,97
tct,10,nqc,10,0.5,0.15607616903241078,0.12685638291513332,0.11512027491408937,0.09481550621817705,97
tct,10,bertQPP,10,0.5,0.3481109923367717,0.00047583583901692394,0.2173539518900344,0.0016102081655090619,97
tct,10,bertQPP(QV),10,0.5,0.33889832241226236,0.0006848833150731125,0.21048109965635742,0.002255725464528707,97
tct,10,spatial,10,0.52,0.14923123105339284,0.14459636153409758,0.09149484536082475,0.1842793810224047,97
tct,10,a_ratio,10,0.52,0.27416734097647705,0.006577516338531775,0.20489690721649487,0.002946303078171719,97
tct,10,nqc,10,0.52,0.1576088886419428,0.12312273277206671,0.11597938144329899,0.09237668593402237,97
tct,10,bertQPP,10,0.52,0.35300635299253635,0.0003903358995753691,0.22293814432989695,0.0012160687743494618,97
tct,10,bertQPP(QV),10,0.52,0.3442046714642586,0.0005560430359870098,0.21134020618556704,0.0021637443470699886,97
tct,10,spatial,10,0.54,0.1548855122985845,0.12981615672018715,0.08848797250859108,0.19912082868170233,97
tct,10,a_ratio,10,0.54,0.27483111404573357,0.0064427332291536995,0.20489690721649487,0.002946303078171719,97
tct,10,nqc,10,0.54,0.15927103020109384,0.11916988603553051,0.11597938144329899,0.09237668593402237,97
tct,10,bertQPP,10,0.54,0.3576588134515295,0.000322401079174071,0.2255154639175258,0.0010660691222714972,97
tct,10,bertQPP(QV),10,0.54,0.3492917997157279,0.00045376946797713586,0.21176975945017185,0.0021190549684448486,97
tct,10,spatial,10,0.56,0.16056715140559616,0.11615598905543532,0.09364261168384881,0.17419095096502246,97
tct,10,a_ratio,10,0.56,0.2752522233725078,0.006358497542905389,0.20489690721649487,0.002946303078171719,97
tct,10,nqc,10,0.56,0.16107946392354686,0.11498108370831463,0.11812714776632303,0.08649966115997804,97
tct,10,bertQPP,10,0.56,0.3619882226338589,0.000269139146120021,0.2255154639175258,0.0010660691222714972,97
tct,10,bertQPP(QV),10,0.56,0.35407695890354235,0.00037362956937404384,0.21176975945017185,0.0021190549684448486,97
tct,10,spatial,10,0.58,0.16626188798918895,0.10360725653632281,0.09235395189003438,0.18019329783502935,97
tct,10,a_ratio,10,0.58,0.27545737333003273,0.006317815247257283,0.2014604810996564,0.0034621026042757834,97
tct,10,nqc,10,0.58,0.16305407166332972,0.11053852961721786,0.11855670103092786,0.08536128644887009,97
tct,10,bertQPP,10,0.58,0.36590559549141355,0.00022806567637772022,0.2298109965635739,0.0008535554716530555,97
tct,10,bertQPP(QV),10,0.58,0.3584675548354851,0.0003117681141552623,0.21950171821305847,0.0014464512863097319,97
tct,10,spatial,10,0.6,0.17195433465284832,0.09214910183960126,0.09793814432989692,0.1552606461818409,97
tct,10,a_ratio,10,0.6,0.27547147339078404,0.006315027618104555,0.1971649484536083,0.004221925130091803,97
tct,10,nqc,10,0.6,0.165218434727799,0.10582355845672033,0.11984536082474227,0.08201867152410211,97
tct,10,bertQPP,10,0.6,0.3693144120865476,0.00019711935278065267,0.23109965635738836,0.0007979153488644113,97
tct,10,bertQPP(QV),10,0.6,0.3623624320079475,0.00026493939826046633,0.2298109965635739,0.0008535554716530555,97
tct,10,spatial,10,0.62,0.1776280717477985,0.0817493390070438,0.10395189003436428,0.13143701983340042,97
tct,10,a_ratio,10,0.62,0.2753175435934947,0.006345519104546632,0.19286941580756015,0.005130036782382208,97
tct,10,nqc,10,0.62,0.16760071336044666,0.10081695029500726,0.11898625429553265,0.08423505409007553,97
tct,10,bertQPP,10,0.62,0.37211278108500856,0.0001746680835540885,0.23582474226804126,0.000621432826309228,97
tct,10,bertQPP(QV),10,0.62,0.3656541141309444,0.00023051773361144193,0.23582474226804126,0.000621432826309228,97
tct,10,spatial,10,0.64,0.18326577482379175,0.07236572183373738,0.10824742268041239,0.11623089832126132,97
tct,10,a_ratio,10,0.64,0.27501668753208636,0.006405491445166045,0.19201030927835053,0.00533157487845821,97
tct,10,nqc,10,0.64,0.1702347804748892,0.09549946714185083,0.11769759450171824,0.08765026442852013,97
tct,10,bertQPP,10,0.64,0.37419656233946363,0.00015951361400863443,0.23324742268041243,0.0007126038672884247,97
tct,10,bertQPP(QV),10,0.64,0.36823211810341927,0.00020649649346822337,0.23625429553264607,0.0006073368350083252,97
tct,10,spatial,10,0.66,0.18884937518134393,0.06394748645805688,0.11297250859106532,0.10113858933462912,97
tct,10,a_ratio,10,0.66,0.2745881172133657,0.006491788791133188,0.1890034364261169,0.006094500520977148,97
tct,10,nqc,10,0.66,0.17316169508174217,0.08985272314424084,0.11898625429553265,0.08423505409007553,97
tct,10,bertQPP,10,0.66,0.3754634527375299,0.00015090500372411095,0.23238831615120278,0.0007456571945733053,97
tct,10,bertQPP(QV),10,0.66,0.36998735719297177,0.0001914890289963058,0.24312714776632308,0.0004186340215940853,97
tct,10,spatial,10,0.68,0.19436025256971878,0.056437084637561225,0.1202749140893471,0.08092834885233069,97
tct,10,a_ratio,10,0.68,0.2740492161297162,0.0066017621007858065,0.1911512027491409,0.005540236417616152,97
tct,10,nqc,10,0.68,0.17643163234544798,0.08386055212131982,0.11855670103092786,0.08536128644887009,97
tct,10,bertQPP,10,0.68,0.37581790910783586,0.00014857467583897642,0.2336769759450172,0.0006965926026270434,97
tct,10,bertQPP(QV),10,0.68,0.3708174995075008,0.00018474842552291247,0.24355670103092786,0.0004088834881762593,97
tct,10,spatial,10,0.7,0.1997794575373849,0.04977201521552106,0.12414089347079041,0.07163599473940602,97
tct,10,a_ratio,10,0.7,0.2734156290481907,0.006733163798349367,0.1898625429553265,0.005867063974983271,97
tct,10,nqc,10,0.7,0.18010642997985515,0.07751111038713362,0.11898625429553265,0.08423505409007553,97
tct,10,bertQPP,10,0.7,0.3751766232903241,0.00015281546202551148,0.23754295532646055,0.0005668140402706258,97
tct,10,bertQPP(QV),10,0.7,0.37063296362798426,0.000186227566137398,0.24355670103092786,0.0004088834881762593,97
tct,10,spatial,10,0.72,0.20508795931376728,0.04388666016016535,0.13230240549828182,0.05487593045339063,97
tct,10,a_ratio,10,0.72,0.2727013691283471,0.006884065790965204,0.18427835051546396,0.0074933028749945285,97
tct,10,nqc,10,0.72,0.18426296684174132,0.07080005499868383,0.11855670103092786,0.08536128644887009,97
tct,10,bertQPP,10,0.72,0.3734741030304398,0.00016462415770044847,0.24484536082474234,0.00038088964117221485,97
tct,10,bertQPP(QV),10,0.72,0.3693630450395856,0.00019670738079065043,0.24355670103092786,0.0004088834881762593,97
tct,10,spatial,10,0.74,0.21026691348854726,0.03871403813030933,0.13402061855670105,0.051800200122302374,97
tct,10,a_ratio,10,0.74,0.2719189349244174,0.0070527955479146205,0.18427835051546396,0.0074933028749945285,97
tct,10,nqc,10,0.74,0.18899765771357546,0.06373526935034723,0.11855670103092786,0.08536128644887009,97
tct,10,bertQPP,10,0.74,0.37066778575100023,0.00018594761495701795,0.2439862542955327,0.0003993454119661632,97
tct,10,bertQPP(QV),10,0.74,0.3669615201529065,0.00021803056430084065,0.24957044673539522,0.00029284438819506046,97
tct,10,spatial,10,0.76,0.21529794228023796,0.03418740167702968,0.14003436426116841,0.04214791401843269,97
tct,10,a_ratio,10,0.76,0.2710794315376179,0.007237886175195533,0.18341924398625434,0.007776554495134835,97
tct,10,nqc,10,0.76,0.19443241477005868,0.056343755136744125,0.12328178694158079,0.07362159410235054,97
tct,10,bertQPP,10,0.76,0.36674206204318005,0.00022008200270843105,0.24613402061855674,0.00035469522611087794,97
tct,10,bertQPP(QV),10,0.76,0.3634110192836833,0.0002534910144574943,0.25042955326460486,0.0002790440350017295,97
tct,10,spatial,10,0.78,0.22016341897794467,0.0302416220769129,0.14261168384879727,0.03850326567762371,97
tct,10,a_ratio,10,0.78,0.27019269163753645,0.007438037356329132,0.18084192439862545,0.008684754281086702,97
tct,10,nqc,10,0.78,0.20072244070400325,0.048681412402571705,0.1245704467353952,0.07065977324075139,97
tct,10,bertQPP,10,0.78,0.3617106439386975,0.0002722939824069355,0.25429553264604815,0.00022415245533308512,97
tct,10,bertQPP(QV),10,0.78,0.3587255336576466,0.0003084448993988411,0.2525773195876289,0.00024716269151633816,97
tct,10,spatial,10,0.8,0.22484674732069804,0.026814326130193168,0.14261168384879727,0.03850326567762371,97
tct,10,a_ratio,10,0.8,0.2692673932706249,0.007652084745910268,0.18084192439862545,0.008684754281086702,97
tct,10,nqc,10,0.8,0.20806602525777368,0.04084631392271226,0.12585910652920965,0.0677963948466897,97
tct,10,bertQPP,10,0.8,0.3556168877221825,0.00035075096458699187,0.256872852233677,0.0001933769855221948,97
tct,10,bertQPP(QV),10,0.8,0.3529506317851263,0.0003912239271827024,0.24871134020618557,0.00030728207639036943,97
tct,10,spatial,10,0.82,0.22933262624661915,0.02384676971699726,0.1469072164948454,0.033024149712135395,97
tct,10,a_ratio,10,0.82,0.2683111723381797,0.007878975949440191,0.18084192439862545,0.008684754281086702,97
tct,10,nqc,10,0.82,0.21671566312876198,0.03299531487087864,0.13316151202749144,0.05331954320676675,97
tct,10,bertQPP,10,0.82,0.34853194757952244,0.0004678586847505406,0.2564432989690722,0.00019821410424194529,97
tct,10,bertQPP(QV),10,0.82,0.34616127465097196,0.0005144370234941285,0.24656357388316158,0.0003463449485504128,97
tct,10,spatial,10,0.84,0.23360729066292912,0.021284451447030887,0.14561855670103094,0.03459309466060896,97
tct,10,a_ratio,10,0.84,0.267330728383498,0.008117751642117012,0.18213058419243988,0.008219435652041644,97
tct,10,nqc,10,0.84,0.22698700479630604,0.025361486662409175,0.1365979381443299,0.04745794602168577,97
tct,10,bertQPP,10,0.84,0.3405509404199442,0.0006420947555950428,0.2564432989690722,0.00019821410424194529,97
tct,10,bertQPP(QV),10,0.84,0.33845746930791604,0.0006967301271600834,0.2491408934707904,0.00029998189638302743,97
tct,10,spatial,10,0.86,0.23765871967409408,0.019077484863608354,0.15635738831615123,0.02327305567367708,97
tct,10,a_ratio,10,0.86,0.2663319229087989,0.008367530701369228,0.17955326460481102,0.009173476196585428,97
tct,10,nqc,10,0.86,0.23925372669511996,0.018264271947187154,0.1365979381443299,0.04745794602168577,97
tct,10,bertQPP,10,0.86,0.3317875752494644,0.0009003787922837776,0.24742268041237117,0.00033019314561040996,97
tct,10,bertQPP(QV),10,0.86,0.32995830450259256,0.0009650189887257059,0.24183848797250862,0.0004492042155364218,97
tct,10,spatial,10,0.88,0.2414768050241954,0.01718075853606732,0.15335051546391754,0.026061836085581373,97
tct,10,a_ratio,10,0.88,0.26531986987727724,0.008627498476271199,0.17654639175257736,0.010410504577977625,97
tct,10,nqc,10,0.88,0.2538921015440216,0.012093843474221802,0.1512027491408935,0.028226597294347726,97
tct,10,bertQPP,10,0.88,0.32236788215339085,0.0012809166912862405,0.24012027491408938,0.0004932117335580638,97
tct,10,bertQPP(QV),10,0.88,0.3207951012794341,0.0013571039529509691,0.23582474226804126,0.000621432826309228,97
tct,10,spatial,10,0.9,0.24505347427517735,0.01555391981517474,0.15335051546391754,0.026061836085581373,97
tct,10,a_ratio,10,0.9,0.2642990183721664,0.008896897509123146,0.17439862542955328,0.011382836808156348,97
tct,10,nqc,10,0.9,0.27107180670534736,0.007239586743295052,0.16967353951890035,0.013810511589466142,97
tct,10,bertQPP,10,0.9,0.3124237333818559,0.0018362948739989323,0.22422680412371138,0.0011387880187863695,97
tct,10,bertQPP(QV),10,0.9,0.3111044533473121,0.0019244204754440967,0.2298109965635739,0.0008535554716530555,97
tct,10,spatial,10,0.92,0.2483827653266226,0.014161220397489087,0.15592783505154642,0.023654871935139845,97
tct,10,a_ratio,10,0.92,0.2632732276074861,0.009175020173632807,0.17439862542955328,0.011382836808156348,97
tct,10,nqc,10,0.92,0.2901228648156738,0.003943960724956172,0.1829896907216495,0.007921746820669876,97
tct,10,bertQPP,10,0.92,0.3020867847988396,0.0026364019464900535,0.21606529209621997,0.0017164841150655054,97
tct,10,bertQPP(QV),10,0.92,0.30102183652049674,0.002734501959540875,0.21262886597938147,0.002032205430312129,97
tct,10,spatial,10,0.94,0.25146085112802163,0.012971260881041974,0.15678694158075604,0.022896601370035064,97
tct,10,a_ratio,10,0.94,0.2622458346350862,0.009461202810299295,0.16752577319587633,0.015057708996420909,97
tct,10,nqc,10,0.94,0.3079358377626131,0.0021518928374222113,0.1859965635738832,0.006954397086601862,97
tct,10,bertQPP,10,0.94,0.2914833124473139,0.003770574857464488,0.202319587628866,0.003325969220576063,97
tct,10,bertQPP(QV),10,0.94,0.29067627721201855,0.0038725879251308194,0.20747422680412375,0.0026065887949513057,97
tct,10,spatial,10,0.96,0.25428601567260356,0.01195666811276779,0.16065292096219932,0.019739903980340746,97
tct,10,a_ratio,10,0.96,0.2612197151869854,0.009754821030323385,0.1658075601374571,0.016125841537736958,97
tct,10,nqc,10,0.96,0.3162430255035192,0.001601359331254361,0.20833333333333337,0.0025015666651811157,97
tct,10,bertQPP,10,0.96,0.2807302235345999,0.005348280948182843,0.18814432989690724,0.00632984784895861,97
tct,10,bertQPP(QV),10,0.96,0.2801863440118856,0.005441770056750946,0.19458762886597944,0.004747484369155047,97
tct,10,spatial,10,0.98,0.25685858443148174,0.011093734260563027,0.16194158075601378,0.018775672464210122,97
tct,10,a_ratio,10,0.98,0.2601973381448454,0.010055285930409115,0.1658075601374571,0.016125841537736958,97
tct,10,nqc,10,0.98,0.30189045510176377,0.002654245700887534,0.20360824742268044,0.003130893451622874,97
tct,10,bertQPP,10,0.98,0.26993232955087065,0.0074977255091613895,0.17955326460481102,0.009173476196585428,97
tct,10,bertQPP(QV),10,0.98,0.26965751538455074,0.007561184940291482,0.18084192439862545,0.008684754281086702,97
tct,10,spatial,10,1.0,0.2591808141508902,0.010362041016577731,0.16752577319587633,0.015057708996420909,97
tct,10,a_ratio,10,1.0,0.2591808141508902,0.010362041016577731,0.16752577319587633,0.015057708996420909,97
tct,10,nqc,10,1.0,0.2591808141508902,0.010362041016577731,0.16752577319587633,0.015057708996420909,97
tct,10,bertQPP,10,1.0,0.2591808141508902,0.010362041016577731,0.16752577319587633,0.015057708996420909,97
tct,10,bertQPP(QV),10,1.0,0.2591808141508902,0.010362041016577731,0.16752577319587633,0.015057708996420909,97
tct,10,spatial,11,0.0,0.033377062904937055,0.7455179611795428,0.01718213058419244,0.8031038928688624,97
tct,10,a_ratio,11,0.0,0.12032506943967171,0.2404059919205959,0.1168384879725086,0.08998850130140247,97
tct,10,nqc,11,0.0,0.1374755409635702,0.1793335293649571,0.10524054982817871,0.12672143082539938,97
tct,10,bertQPP,11,0.0,0.24060884244426767,0.017597008346410068,0.16065292096219932,0.019739903980340746,97
tct,10,bertQPP(QV),11,0.0,0.22743786537523114,0.025064137471383592,0.14218213058419246,0.039091423487606906,97
tct,10,spatial,11,0.02,0.03694182651547735,0.7194149331634213,0.021048109965635744,0.7600372759154744,97
tct,10,a_ratio,11,0.02,0.13033170676612202,0.20322639003254755,0.12800687285223372,0.06323660544752113,97
tct,10,nqc,11,0.02,0.13790256131364168,0.1779734145004321,0.10652920962199315,0.12213859984356254,97
tct,10,bertQPP,11,0.02,0.24393362925710962,0.01604830002955524,0.16022336769759454,0.02007078628569656,97
tct,10,bertQPP(QV),11,0.02,0.23076811901011074,0.022958413314740064,0.14475945017182132,0.035674068768179766,97
tct,10,spatial,11,0.04,0.04060473943790853,0.6929248576952974,0.02362542955326461,0.7317251099207628,97
tct,10,a_ratio,11,0.04,0.14039997505335974,0.17016988129254418,0.13917525773195877,0.0434259212403691,97
tct,10,nqc,11,0.04,0.1383472936709882,0.1765649338768225,0.10652920962199315,0.12213859984356254,97
tct,10,bertQPP,11,0.04,0.24737599642600785,0.014570474108620862,0.16237113402061856,0.018463547347092265,97
tct,10,bertQPP(QV),11,0.04,0.23421894712672522,0.02093784978562596,0.14905498281786944,0.030544557732034724,97
tct,10,spatial,11,0.06,0.044368039542282633,0.6660886178861863,0.025773195876288665,0.708405677956768,97
tct,10,a_ratio,11,0.06,0.15047567319950989,0.14123918588335171,0.1469072164948454,0.033024149712135395,97
tct,10,nqc,11,0.06,0.13881085996320697,0.17510552583374125,0.10781786941580758,0.11768634646990996,97
tct,10,bertQPP,11,0.06,0.2509404689976917,0.013166102306780676,0.16365979381443302,0.01755425786967657,97
tct,10,bertQPP(QV),11,0.06,0.23779525067888357,0.019006676137250315,0.14862542955326463,0.03102727109196935,97
tct,10,spatial,11,0.08,0.04823386983698956,0.6389528513310416,0.025343642611683852,0.7130485680719618,97
tct,10,a_ratio,11,0.08,0.16050039392117013,0.11630976770364336,0.14991408934707906,0.029598455953974822,97
tct,10,nqc,11,0.08,0.13929447860006422,0.1735924507218452,0.10824742268041239,0.11623089832126132,97
tct,10,bertQPP,11,0.08,0.25463157267459635,0.011837452189303346,0.1679553264604811,0.014800614099959652,97
tct,10,bertQPP(QV),11,0.08,0.24150197506725862,0.01716881562399984,0.15077319587628868,0.0286776674564184,97
tct,10,spatial,11,0.1,0.0522042525243287,0.611570138170849,0.028350515463917533,0.680780730027897,97
tct,10,a_ratio,11,0.1,0.17041276761959057,0.09514828692984927,0.15292096219931275,0.026482928123240188,97
tct,10,nqc,11,0.1,0.13979947503511955,0.17202277593517637,0.10824742268041239,0.11623089832126132,97
tct,10,bertQPP,11,0.1,0.25845378137020336,0.010586433969777702,0.16838487972508595,0.01454739544260673,97
tct,10,bertQPP(QV),11,0.1,0.24534406246471072,0.015427808999798362,0.15420962199312716,0.025236989773183314,97
tct,10,spatial,11,0.12,0.056281059887224316,0.5839991115378765,0.032216494845360835,0.6401438286436847,97
tct,10,a_ratio,11,0.12,0.18014997838172314,0.07743824436227796,0.1585051546391753,0.021443192891173694,97
tct,10,nqc,11,0.12,0.140327293740255,0.17039335952714868,0.1086769759450172,0.11478963120763813,97
tct,10,bertQPP,11,0.12,0.2624114508413483,0.00941454694598076,0.1709621993127148,0.013106785247853048,97
tct,10,bertQPP(QV),11,0.12,0.24932639058427336,0.013786734321701114,0.1550687285223368,0.024434836082135623,97
tct,10,spatial,11,0.14,0.06046598180039778,0.5563044720754983,0.03565292096219932,0.6049019912656891,97
tct,10,a_ratio,11,0.14,0.18964948438163956,0.06280917551686473,0.16323024054982818,0.017852894393926448,97
tct,10,nqc,11,0.14,0.1408795118176777,0.16870083227486052,0.10910652920962201,0.11336246240953972,97
tct,10,bertQPP,11,0.14,0.2665087354574678,0.008322827110455261,0.17353951890034366,0.011793812186781842,97
tct,10,bertQPP(QV),11,0.14,0.2534536949155505,0.012248124800824083,0.15721649484536085,0.02252544814571104,97
tct,10,spatial,11,0.16,0.06476048968169992,0.5285568874155718,0.04166666666666668,0.5454246199804633,97
tct,10,a_ratio,11,0.16,0.1988508475577585,0.05086562100065987,0.16065292096219932,0.019739903980340746,97
tct,10,nqc,11,0.16,0.14145785451551207,0.1669415780472403,0.10953608247422682,0.11194930892644765,97
tct,10,bertQPP,11,0.16,0.27074948463399795,0.007311797806305228,0.17654639175257736,0.010410504577977625,97
tct,10,bertQPP(QV),11,0.16,0.25773047089259976,0.010813886978566372,0.16365979381443302,0.01755425786967657,97
tct,10,spatial,11,0.18,0.0691657967331885,0.5008327573888859,0.04295532646048111,0.5330675016802799,97
tct,10,a_ratio,11,0.18,0.20769755790468944,0.04121269227389103,0.16451890034364264,0.016970096384742294,97
tct,10,nqc,11,0.18,0.1420642129634331,0.1651117123246765,0.10953608247422682,0.11194930892644765,97
tct,10,bertQPP,11,0.18,0.27513711485845316,0.006381425609903389,0.18084192439862545,0.008684754281086702,97
tct,10,bertQPP(QV),11,0.18,0.2621608518167591,0.009485222070847161,0.1679553264604811,0.014800614099959652,97
tct,10,spatial,11,0.2,0.07368281436924634,0.4732138265632931,0.04596219931271478,0.5047955105031363,97
tct,10,a_ratio,11,0.2,0.2161387300109365,0.033476133314352625,0.1701030927835052,0.013572314777054699,97
tct,10,nqc,11,0.2,0.1427006645060474,0.16320705871218674,0.11039518900343644,0.10916471457232763,97
tct,10,bertQPP,11,0.2,0.2796744525800397,0.005531083889222538,0.18256013745704472,0.00806936233603351,97
tct,10,bertQPP(QV),11,0.2,0.2667484576452316,0.008262553881426033,0.17268041237113405,0.01221789425088413,97
tct,10,spatial,11,0.22,0.07831210479311687,0.44578662768132044,0.04596219931271478,0.5047955105031363,97
tct,10,a_ratio,11,0.22,0.22413055584474867,0.02731601850801579,0.18084192439862545,0.008684754281086702,97
tct,10,nqc,11,0.22,0.14336949608656008,0.16122312328634575,0.11211340206185569,0.10376002930884054,97
tct,10,bertQPP,11,0.22,0.2843635425338861,0.004759526671479356,0.18470790378006877,0.007355176256510775,97
tct,10,bertQPP(QV),11,0.22,0.2714962089840169,0.007145467187070894,0.17654639175257736,0.010410504577977625,97
tct,10,spatial,11,0.24,0.08305382976623787,0.41864174292485024,0.04853951890034365,0.4812066051703042,97
tct,10,a_ratio,11,0.24,0.23163741806784605,0.02243432002274263,0.18556701030927839,0.00708575590459897,97
tct,10,nqc,11,0.24,0.14407323122509236,0.15915506662022483,0.11254295532646051,0.10244263799035044,97
tct,10,bertQPP,11,0.24,0.28920541536114375,0.004064875511817325,0.18771477663230243,0.006450561996249079,97
tct,10,bertQPP(QV),11,0.24,0.2764060998201061,0.0061326608764967015,0.17482817869415812,0.011182156616858724,97
tct,10,spatial,11,0.26,0.0879076957192042,0.3918728748510539,0.050687285223367705,0.46201693847175085,97
tct,10,a_ratio,11,0.26,0.2386325996218827,0.018577331287904477,0.19329896907216498,0.0050318722795436996,97
tct,10,nqc,11,0.26,0.14481466124919234,0.15699767334351186,0.11168384879725088,0.1050908480999539,97
tct,10,bertQPP,11,0.26,0.29419980772050053,0.003444621936791787,0.19458762886597944,0.004747484369155047,97
tct,10,bertQPP(QV),11,0.26,0.2814789217430143,0.005221920301364145,0.18127147766323026,0.008527096049992753,97
tct,10,spatial,11,0.28,0.0928728954814485,0.36557572543204053,0.054553264604811004,0.4285767645779882,97
tct,10,a_ratio,11,0.28,0.2450985632484415,0.015534293577745852,0.19759450171821308,0.0041396512632380965,97
tct,10,nqc,11,0.28,0.1455968815742296,0.15474531912105494,0.11039518900343644,0.10916471457232763,97
tct,10,bertQPP,11,0.28,0.29934482755085995,0.002895647694175502,0.20103092783505158,0.0035320539175627825,97
tct,10,bertQPP(QV),11,0.28,0.28671393172195625,0.00441011318129383,0.1890034364261169,0.006094500520977148,97
tct,10,spatial,11,0.3,0.09794804706055871,0.33984668989422473,0.0584192439862543,0.3965888091618368,97
tct,10,a_ratio,11,0.3,0.25102681325840814,0.013133598145905001,0.20317869415807563,0.0031947282487263706,97
tct,10,nqc,11,0.3,0.14642333400575464,0.15239193497827727,0.11039518900343644,0.10916471457232763,97
tct,10,bertQPP,11,0.3,0.30463655686838487,0.002414264434190627,0.2053264604810997,0.002887015591872923,97
tct,10,bertQPP(QV),11,0.3,0.2921084550494938,0.003693212905287355,0.1911512027491409,0.005540236417616152,97
tct,10,spatial,11,0.32,0.10313113008264849,0.31478138184745696,0.060996563573883174,0.3760870593214216,97
tct,10,a_ratio,11,0.32,0.25641738581882956,0.011237741905712292,0.209192439862543,0.002400428947085522,97
tct,10,nqc,11,0.32,0.14729785625399122,0.14993096897487818,0.11297250859106532,0.10113858933462912,97
tct,10,bertQPP,11,0.32,0.31006858465139564,0.001996273555259836,0.2096219931271478,0.002351276432455258,97
tct,10,bertQPP(QV),11,0.32,0.29765741502361653,0.003066352112295172,0.19587628865979384,0.004477722918252414,97
tct,10,spatial,11,0.34,0.10841942071230498,0.29047301718986873,0.06701030927835053,0.3308539585593422,97
tct,10,a_ratio,11,0.34,0.2612780391827876,0.00973792022784758,0.21091065292096223,0.002209296231634933,97
tct,10,nqc,11,0.34,0.14822474012479764,0.14735534534091638,0.11297250859106532,0.10113858933462912,97
tct,10,bertQPP,11,0.34,0.3156314632462126,0.001637045778571791,0.2130584192439863,0.0019900166497547295,97
tct,10,bertQPP(QV),11,0.34,0.30335278158630813,0.0025239079701821353,0.19759450171821308,0.0041396512632380965,97
tct,10,spatial,11,0.36,0.11380942610264048,0.2670106959343551,0.07087628865979383,0.3037170573623521,97
tct,10,a_ratio,11,0.36,0.2656232295430276,0.008548838342289282,0.21864261168384883,0.0015100189795415188,97
tct,10,nqc,11,0.36,0.1492088001979877,0.144657421358848,0.11297250859106532,0.10113858933462912,97
tct,10,bertQPP,11,0.36,0.32131208367002695,0.0013316186209540966,0.2134879725085911,0.0019486331283160838,97
tct,10,bertQPP(QV),11,0.36,0.30918293283608855,0.0020596186173837076,0.20017182130584193,0.0036758280937195186,97
tct,10,spatial,11,0.38,0.11929681967919467,0.24447763267019335,0.07302405498281789,0.28929863271816614,97
tct,10,a_ratio,11,0.38,0.2694729615046164,0.0076040672095747065,0.21821305841924402,0.0015427588468996702,97
tct,10,nqc,11,0.38,0.15025545524442174,0.14182894252552142,0.11211340206185569,0.10376002930884054,97
tct,10,bertQPP,11,0.38,0.3270929686518694,0.001074808416176503,0.21391752577319592,0.001908041073171658,97
tct,10,bertQPP(QV),11,0.38,0.3151319265703473,0.0016667278764881013,0.20017182130584193,0.0036758280937195186,97
tct,10,spatial,11,0.4,0.12487637882957404,0.22294939689417084,0.0777491408934708,0.2592237212301055,97
tct,10,a_ratio,11,0.4,0.2728515961884497,0.006852081252699499,0.21821305841924402,0.0015427588468996702,97
tct,10,nqc,11,0.4,0.15137082519654566,0.13886099689362746,0.11211340206185569,0.10376002930884054,97
tct,10,bertQPP,11,0.4,0.3329514878045968,0.0008613320447923217,0.21821305841924402,0.0015427588468996702,97
tct,10,bertQPP(QV),11,0.4,0.3211786844004725,0.0013381527807713664,0.202319587628866,0.003325969220576063,97
tct,10,spatial,11,0.42,0.13054192684454696,0.20249223282029327,0.08161512027491409,0.23628343229817084,97
tct,10,a_ratio,11,0.42,0.27578668735882017,0.006252992505108599,0.2203608247422681,0.0013853583021557498,97
tct,10,nqc,11,0.42,0.15256184721165295,0.13574397002134028,0.11211340206185569,0.10376002930884054,97
tct,10,bertQPP,11,0.42,0.33885900760984067,0.0006859322690581823,0.2173539518900344,0.0016102081655090619,97
tct,10,bertQPP(QV),11,0.42,0.32729609923774794,0.0010666659579735126,0.20618556701030932,0.0027716955730928564,97
tct,10,spatial,11,0.44,0.1362862812230689,0.1831615333536029,0.0850515463917526,0.21713063766326968,97
tct,10,a_ratio,11,0.44,0.2783078996896158,0.005775926031227232,0.21864261168384883,0.0015100189795415188,97
tct,10,nqc,11,0.44,0.1538364153051384,0.1324675027209831,0.11168384879725088,0.1050908480999539,97
tct,10,bertQPP,11,0.44,0.34478000059853037,0.0005434997492316556,0.2173539518900344,0.0016102081655090619,97
tct,10,bertQPP(QV),11,0.44,0.33345008884205796,0.0008450828517776375,0.20833333333333337,0.0025015666651811157,97
tct,10,spatial,11,0.46,0.14210121069722353,0.1650005436158708,0.0893470790378007,0.19479398827541883,97
tct,10,a_ratio,11,0.46,0.2804460460555268,0.005396949498784945,0.21649484536082478,0.0016803624081385136,97
tct,10,nqc,11,0.46,0.15520354925313543,0.12902045489112396,0.11297250859106532,0.10113858933462912,97
tct,10,bertQPP,11,0.46,0.35067115379605984,0.00042918463964829526,0.21907216494845363,0.0014779202366871586,97
tct,10,bertQPP(QV),11,0.46,0.33959863435803567,0.0006664425194428807,0.21134020618556704,0.0021637443470699886,97
tct,10,spatial,11,0.48,0.14797740353350727,0.14803936489470287,0.09020618556701032,0.1905365207922204,97
tct,10,a_ratio,11,0.48,0.28223226464556506,0.005097461683953997,0.2203608247422681,0.0013853583021557498,97
tct,10,nqc,11,0.48,0.15667360006681763,0.12539088028267226,0.11554982817869418,0.09358972367387966,97
tct,10,bertQPP,11,0.48,0.3564805364323787,0.00033849126161215437,0.2203608247422681,0.0013853583021557498,97
tct,10,bertQPP(QV),11,0.48,0.3456908637390237,0.0005241706638204644,0.2096219931271478,0.002351276432455258,97
tct,10,spatial,11,0.5,0.1539044498014256,0.13229431970529765,0.09450171821305844,0.17027316035268703,97
tct,10,a_ratio,11,0.5,0.28369734308185096,0.004862949934519905,0.21563573883161516,0.0017533187111864498,97
tct,10,nqc,11,0.5,0.15825850145720272,0.12156601928988764,0.11554982817869418,0.09358972367387966,97
tct,10,bertQPP,11,0.5,0.36214691070991806,0.00026735074894169373,0.22465635738831619,0.0011140538745299275,97
tct,10,bertQPP(QV),11,0.5,0.35166626543716945,0.00041221483965620307,0.21477663230240554,0.0018291772025326055,97
tct,10,spatial,11,0.52,0.159870840344064,0.11776772289946266,0.09664948453608249,0.16076803875264556,97
tct,10,a_ratio,11,0.52,0.28487118621398777,0.004682038075927198,0.2100515463917526,0.0023030471051788694,97
tct,10,nqc,11,0.52,0.1599720795232093,0.11753232006088472,0.1168384879725086,0.08998850130140247,97
tct,10,bertQPP,11,0.52,0.36759929560836013,0.00021216864478877578,0.22594501718213064,0.0010428004886634003,97
tct,10,bertQPP(QV),11,0.52,0.3574541463439124,0.0003251443965170898,0.2212199312714777,0.001326652810302692,97
tct,10,spatial,11,0.54,0.1658639851125795,0.10444808316147741,0.10266323024054985,0.13628751627610397,97
tct,10,a_ratio,11,0.54,0.28578241691464107,0.004545759576461975,0.20876288659793818,0.0024505203740822256,97
tct,10,nqc,11,0.54,0.16183043666222643,0.11327550280249588,0.1168384879725086,0.08998850130140247,97
tct,10,bertQPP,11,0.54,0.37275691921885723,0.00016984694150236698,0.23410652920962205,0.0006809162092632265,97
tct,10,bertQPP(QV),11,0.54,0.362973476605179,0.0002582114011674085,0.22637457044673542,0.0010200025736501021,97
tct,10,spatial,11,0.56,0.1718702533132933,0.09231073518022236,0.10309278350515466,0.1346555631057889,97
tct,10,a_ratio,11,0.56,0.2864580947155288,0.004447003629963,0.20489690721649487,0.002946303078171719,97
tct,10,nqc,11,0.56,0.16385243077731382,0.10878068870144811,0.11512027491408937,0.09481550621817705,97
tct,10,bertQPP,11,0.56,0.37752971481697406,0.00013778265117938903,0.24012027491408938,0.0004932117335580638,97
tct,10,bertQPP(QV),11,0.56,0.3681332872399331,0.00020737300487459545,0.23067010309278352,0.00081607670119364,97
tct,10,spatial,11,0.58,0.17787503744219732,0.08131887723458323,0.10609965635738833,0.1236515932692785,97
tct,10,a_ratio,11,0.58,0.28692353498333867,0.004380093080823884,0.19931271477663232,0.003824903963020039,97
tct,10,nqc,11,0.58,0.16606027773512508,0.10403262423445814,0.11726804123711342,0.08881318243030219,97
tct,10,bertQPP,11,0.58,0.3818195224512293,0.00011384731200472224,0.23625429553264607,0.0006073368350083252,97
tct,10,bertQPP(QV),11,0.58,0.37283379654540955,0.00016927984365021007,0.23582474226804126,0.000621432826309228,97
tct,10,spatial,11,0.6,0.1838628427344616,0.07142496420201613,0.10953608247422682,0.11194930892644765,97
tct,10,a_ratio,11,0.6,0.2872022109656577,0.00434046246636361,0.19974226804123715,0.0037496927052216027,97
tct,10,nqc,11,0.6,0.16848031440592864,0.09901604496775654,0.11941580756013748,0.08312087785946547,97
tct,10,bertQPP,11,0.6,0.3855221421379871,9.635359938296522e-05,0.23840206185567014,0.0005412133012575864,97
tct,10,bertQPP(QV),11,0.6,0.37696842803939834,0.0001412384788756188,0.2392611683848798,0.0005166931871154039,97
tct,10,spatial,11,0.62,0.1898174028331813,0.06257238452004639,0.1086769759450172,0.11478963120763813,97
tct,10,a_ratio,11,0.62,0.2873157218892479,0.004324411938170974,0.1971649484536083,0.004221925130091803,97
tct,10,nqc,11,0.62,0.17114397244909652,0.09371624186467035,0.12113402061855671,0.07878300963914868,97
tct,10,bertQPP,11,0.62,0.38853033747719984,8.401632187330473e-05,0.24226804123711343,0.00043878992015195634,97
tct,10,bertQPP(QV),11,0.62,0.38042683558827267,0.0001211582157947783,0.2452749140893471,0.0003719636432157586,97
tct,10,spatial,11,0.64,0.19572182159300483,0.05469733358072259,0.1164089347079038,0.09117630712765404,97
tct,10,a_ratio,11,0.64,0.28728381189809904,0.004328918675068241,0.19458762886597944,0.004747484369155047,97
tct,10,nqc,11,0.64,0.17408903059506126,0.08811991976643717,0.12199312714776635,0.07668417076895777,97
tct,10,bertQPP,11,0.64,0.3907378028962847,7.591566987164755e-05,0.24785223367697598,0.0003223841860548392,97
tct,10,bertQPP(QV),11,0.64,0.38309896235600016,0.00010749383825742035,0.24871134020618557,0.00030728207639036943,97
tct,10,spatial,11,0.66,0.20155873990655182,0.04773078704201234,0.1202749140893471,0.08092834885233069,97
tct,10,a_ratio,11,0.66,0.28712442660826676,0.004351491898277279,0.19587628865979384,0.004477722918252414,97
tct,10,nqc,11,0.66,0.17736123722109282,0.08221647473284419,0.12285223367697597,0.07463114343880432,97
tct,10,bertQPP,11,0.66,0.3920439835934678,7.147101308089167e-05,0.25042955326460486,0.0002790440350017295,97
tct,10,bertQPP(QV),11,0.66,0.3848800282098585,9.919621582229008e-05,0.25515463917525777,0.00021341645031147517,97
tct,10,spatial,11,0.68,0.20731052531743147,0.04160047640831548,0.1202749140893471,0.08092834885233069,97
tct,10,a_ratio,11,0.68,0.2868537961622703,0.004390061018712774,0.1937285223367698,0.004935409194231109,97
tct,10,nqc,11,0.68,0.18101642757863828,0.07599986714124157,0.12199312714776635,0.07668417076895777,97
tct,10,bertQPP,11,0.68,0.3923594850343298,7.043437040827481e-05,0.25386597938144334,0.00022970863763271067,97
tct,10,bertQPP(QV),11,0.68,0.38567617586426683,9.568304622892943e-05,0.2594501718213059,0.00016660580916833792,97
tct,10,spatial,11,0.7,0.2129594810218231,0.03623277583441719,0.12972508591065296,0.0597739314027888,97
tct,10,a_ratio,11,0.7,0.2864865357075739,0.004442889026838064,0.1911512027491409,0.005540236417616152,97
tct,10,nqc,11,0.7,0.185123303105718,0.06947133264710038,0.12328178694158079,0.07362159410235054,97
tct,10,bertQPP,11,0.7,0.3916116520484194,7.291459908638772e-05,0.256872852233677,0.0001933769855221948,97
tct,10,bertQPP(QV),11,0.7,0.3854103346134501,9.684306163383354e-05,0.256872852233677,0.0001933769855221948,97
tct,10,spatial,11,0.72,0.21848806973281915,0.03155442239920438,0.13402061855670105,0.051800200122302374,97
tct,10,a_ratio,11,0.72,0.286035756092094,0.004508505174474143,0.19072164948453613,0.005647306460207743,97
tct,10,nqc,11,0.72,0.18976709437250866,0.06264325088316566,0.12585910652920965,0.0677963948466897,97
tct,10,bertQPP,11,0.72,0.389749771107352,7.944713018470929e-05,0.25816151202749144,0.00017952274646223222,97
tct,10,bertQPP(QV),11,0.72,0.38402772038444266,0.00010308975472896761,0.2624570446735396,0.00013978519828252247,97
tct,10,spatial,11,0.74,0.2238791468681024,0.02749401029687394,0.13745704467353953,0.04608031263937092,97
tct,10,a_ratio,11,0.74,0.28551317920862873,0.004585652451702012,0.19072164948453613,0.005647306460207743,97
tct,10,nqc,11,0.74,0.19505438922343749,0.05554456764783317,0.13058419243986258,0.05810246319620013,97
tct,10,bertQPP,11,0.74,0.386749292396515,9.113043360936019e-05,0.2577319587628867,0.0001840336555755922,97
tct,10,bertQPP(QV),11,0.74,0.38150032558209357,0.00011548581931766965,0.2676116838487973,0.00010302809096628477,97
tct,10,spatial,11,0.76,0.2291161967039015,0.02398322028051402,0.13745704467353953,0.04608031263937092,97
tct,10,a_ratio,11,0.76,0.2849292538107081,0.0046732464514807216,0.1868556701030928,0.006698222213035896,97
tct,10,nqc,11,0.76,0.20111945125302638,0.04822819604615619,0.12886597938144334,0.06148508875649665,97
tct,10,bertQPP,11,0.76,0.382614512011321,0.0001098597743838627,0.2594501718213059,0.00016660580916833792,97
tct,10,bertQPP(QV),11,0.76,0.37782979677890616,0.0001359673697798857,0.26718213058419243,0.00010570268251880998,97
tct,10,spatial,11,0.78,0.23418356459167305,0.02095776694651063,0.13917525773195877,0.0434259212403691,97
tct,10,a_ratio,11,0.78,0.28429326876996275,0.004770343031809523,0.1829896907216495,0.007921746820669876,97
tct,10,nqc,11,0.78,0.20813231018550288,0.040780693927057035,0.13316151202749144,0.05331954320676675,97
tct,10,bertQPP,11,0.78,0.37737930886697846,0.0001387009271006836,0.2555841924398626,0.0002082313453780151,97
tct,10,bertQPP(QV),11,0.78,0.3730482639521324,0.00016770704173197867,0.26632302405498287,0.00011124963084926736,97
tct,10,spatial,11,0.8,0.239066678119209,0.018358065985211027,0.14304123711340208,0.037922646089534044,97
tct,10,a_ratio,11,0.8,0.28361346166937895,0.004876112799411066,0.18170103092783507,0.008372001763204117,97
tct,10,nqc,11,0.8,0.2163085720649286,0.03333397745770637,0.13831615120274915,0.044736513464296176,97
tct,10,bertQPP,11,0.8,0.3711057757046494,0.00018245949195909978,0.26116838487972516,0.00015073942387955493,97
tct,10,bertQPP(QV),11,0.8,0.367216949511583,0.00021566512894844605,0.26632302405498287,0.00011124963084926736,97
tct,10,spatial,11,0.82,0.24375225025245398,0.01612963975372101,0.14604810996563578,0.03406318246416719,97
tct,10,a_ratio,11,0.82,0.282897121354582,0.004989820901708948,0.18427835051546396,0.0074933028749945285,97
tct,10,nqc,11,0.82,0.22591971087227283,0.02607737725704494,0.1434707903780069,0.037349490378258986,97
tct,10,bertQPP,11,0.82,0.36388087080302345,0.00024851082725754455,0.2620274914089347,0.00014335046231608574,97
tct,10,bertQPP(QV),11,0.82,0.3604226953278085,0.00028738341697864345,0.2624570446735396,0.00013978519828252247,97
tct,10,spatial,11,0.84,0.2482284580279396,0.014223291495123,0.147766323024055,0.03201236643126749,97
tct,10,a_ratio,11,0.84,0.2821506836258385,0.005110810963753926,0.18341924398625434,0.007776554495134835,97
tct,10,nqc,11,0.84,0.23729902280217302,0.019265121033340507,0.14819587628865982,0.031516517606653575,97
tct,10,bertQPP,11,0.84,0.3558114836659575,0.00034795349305104484,0.25386597938144334,0.00022970863763271067,97
tct,10,bertQPP(QV),11,0.84,0.3527728317504608,0.00039406995779283813,0.25902061855670105,0.00017081103710396531,97
tct,10,spatial,11,0.86,0.2524850912564895,0.01259508593298995,0.14991408934707906,0.029598455953974822,97
tct,10,a_ratio,11,0.86,0.2813798196753844,0.005238492272254204,0.17697594501718217,0.010225152665271457,97
tct,10,nqc,11,0.86,0.25082825671816555,0.013208449021486778,0.15936426116838492,0.0207470988785446,97
tct,10,bertQPP,11,0.86,0.34701849615318914,0.0004971247556541853,0.25000000000000006,0.00028586619810323126,97
tct,10,bertQPP(QV),11,0.86,0.3443890110650073,0.0005519954835285265,0.25816151202749144,0.00017952274646223222,97
tct,10,spatial,11,0.88,0.2565136668947603,0.011206177075713362,0.15034364261168387,0.02913493133073165,97
tct,10,a_ratio,11,0.88,0.28058951718424807,0.005372329511131275,0.17396907216494847,0.011586707769612953,97
tct,10,nqc,11,0.88,0.2668620567169697,0.008234126183282661,0.1701030927835052,0.013572314777054699,97
tct,10,bertQPP,11,0.88,0.3376304956737809,0.0007194597629810128,0.24226804123711343,0.00043878992015195634,97
tct,10,bertQPP(QV),11,0.88,0.3354007025055098,0.0007841657712777061,0.24828178694158082,0.0003147483455907583,97
tct,10,spatial,11,0.9,0.2603075061639512,0.01002252354794048,0.15292096219931275,0.026482928123240188,97
tct,10,a_ratio,11,0.9,0.27978415421300257,0.005511834507750882,0.17439862542955328,0.011382836808156348,97
tct,10,nqc,11,0.9,0.285474868817285,0.004591354176385012,0.17955326460481102,0.009173476196585428,97
tct,10,bertQPP,11,0.9,0.32777775663376063,0.0010475827469910806,0.23195876288659797,0.0007627126312502382,97
tct,10,bertQPP(QV),11,0.9,0.32593899608408367,0.0011221485011164295,0.2392611683848798,0.0005166931871154039,97
tct,10,spatial,11,0.92,0.26386177304805514,0.009014528531214355,0.15378006872852237,0.025646544632394585,97
tct,10,a_ratio,11,0.92,0.27896756617146345,0.00565655956783585,0.17225085910652924,0.012434959394241826,97
tct,10,nqc,11,0.92,0.3057526057288368,0.0023224523504958485,0.20489690721649487,0.002946303078171719,97
tct,10,bertQPP,11,0.92,0.317586976310221,0.0015253994556777859,0.2212199312714777,0.001326652810302692,97
tct,10,bertQPP(QV),11,0.92,0.31613121832897617,0.0016078304941196417,0.22766323024054988,0.0009543472910132449,97
tct,10,spatial,11,0.94,0.2671734743818931,0.00815663640527786,0.1585051546391753,0.021443192891173694,97
tct,10,a_ratio,11,0.94,0.27814310624953453,0.005806092068743234,0.16881443298969073,0.014298004272030715,97
tct,10,nqc,11,0.94,0.3241553402820827,0.0011990615206242143,0.2216494845360825,0.001298168853613724,97
tct,10,bertQPP,11,0.94,0.3071770737067119,0.0022098435770777263,0.2100515463917526,0.0023030471051788694,97
tct,10,bertQPP(QV),11,0.94,0.3060966711935855,0.00229478914441229,0.2096219931271478,0.002351276432455258,97
tct,10,spatial,11,0.96,0.2702414232381882,0.00742691232163416,0.15678694158075604,0.022896601370035064,97
tct,10,a_ratio,11,0.96,0.27731369974841336,0.005960050051785111,0.16881443298969073,0.014298004272030715,97
tct,10,nqc,11,0.96,0.33214436272082304,0.0008882411073135355,0.21520618556701035,0.0017908788065225548,97
tct,10,bertQPP,11,0.96,0.29665617776085873,0.003171858434542481,0.1941580756013746,0.0048406217198878375,97
tct,10,bertQPP(QV),11,0.96,0.29594361236509736,0.0032489168771660227,0.19587628865979384,0.004477722918252414,97
tct,10,spatial,11,0.98,0.2730661686510758,0.006806624936459503,0.16237113402061856,0.018463547347092265,97
tct,10,a_ratio,11,0.98,0.27648189277873203,0.006118078609463219,0.1670962199312715,0.015318729327102553,97
tct,10,nqc,11,0.98,0.3174161573452993,0.0015348694724842224,0.21219931271477666,0.0020752134680172376,97
tct,10,bertQPP,11,0.98,0.28611977720515114,0.004496209823707815,0.18084192439862545,0.008684754281086702,97
tct,10,bertQPP(QV),11,0.98,0.28576743511557745,0.004547971270610567,0.18470790378006877,0.007355176256510775,97
tct,10,spatial,11,1.0,0.2756498957982564,0.0062798469065435585,0.16237113402061856,0.018463547347092265,97
tct,10,a_ratio,11,1.0,0.2756498957982564,0.0062798469065435585,0.16237113402061856,0.018463547347092265,97
tct,10,nqc,11,1.0,0.2756498957982564,0.0062798469065435585,0.16237113402061856,0.018463547347092265,97
tct,10,bertQPP,11,1.0,0.2756498957982564,0.0062798469065435585,0.16237113402061856,0.018463547347092265,97
tct,10,bertQPP(QV),11,1.0,0.2756498957982564,0.0062798469065435585,0.16237113402061856,0.018463547347092265,97
tct,10,spatial,12,0.0,0.033377062904937055,0.7455179611795428,0.01718213058419244,0.8031038928688624,97
tct,10,a_ratio,12,0.0,0.12032506943967171,0.2404059919205959,0.1168384879725086,0.08998850130140247,97
tct,10,nqc,12,0.0,0.1374755409635702,0.1793335293649571,0.10524054982817871,0.12672143082539938,97
tct,10,bertQPP,12,0.0,0.24060884244426767,0.017597008346410068,0.16065292096219932,0.019739903980340746,97
tct,10,bertQPP(QV),12,0.0,0.22743786537523114,0.025064137471383592,0.14218213058419246,0.039091423487606906,97
tct,10,spatial,12,0.02,0.036846014521589004,0.720112477646255,0.021048109965635744,0.7600372759154744,97
tct,10,a_ratio,12,0.02,0.13018287025476244,0.203747327774522,0.1284364261168385,0.06235576017343852,97
tct,10,nqc,12,0.02,0.13789317467452636,0.17800323069802532,0.10652920962199315,0.12213859984356254,97
tct,10,bertQPP,12,0.02,0.24388123605889103,0.016071759322057677,0.1597938144329897,0.02040649882574069,97
tct,10,bertQPP(QV),12,0.02,0.23073234782238583,0.022980201789136085,0.14561855670103094,0.03459309466060896,97
tct,10,spatial,12,0.04,0.04041040769497506,0.6943213506365592,0.02405498281786942,0.7270405431127746,97
tct,10,a_ratio,12,0.04,0.1401180385673506,0.17103797917358435,0.1396048109965636,0.042782883164389815,97
tct,10,nqc,12,0.04,0.13832813213731554,0.17662544998830268,0.10652920962199315,0.12213859984356254,97
tct,10,bertQPP,12,0.04,0.24726992569209816,0.014614183762604807,0.16151202749140894,0.01909240321886764,97
tct,10,bertQPP(QV),12,0.04,0.23414743508159203,0.020978121350108018,0.14905498281786944,0.030544557732034724,97
tct,10,spatial,12,0.06,0.04407243457030005,0.6681819718168857,0.02491408934707904,0.7177021136751226,97
tct,10,a_ratio,12,0.06,0.1500769534124234,0.14230834542577692,0.14604810996563578,0.03406318246416719,97
tct,10,nqc,12,0.06,0.13878151078205603,0.1751976599771345,0.10824742268041239,0.11623089832126132,97
tct,10,bertQPP,12,0.06,0.2507794384099514,0.013226909054788743,0.16408934707903783,0.01726000960595295,97
tct,10,bertQPP(QV),12,0.06,0.23768814343940348,0.019062205736714768,0.147766323024055,0.03201236643126749,97
tct,10,spatial,12,0.08,0.04783419808078046,0.6417371372875569,0.027491408934707907,0.6899437658549277,97
tct,10,a_ratio,12,0.08,0.1600011843848033,0.11746471230813248,0.15206185567010314,0.02734277211201925,97
tct,10,nqc,12,0.08,0.13925450242503268,0.17371715661004677,0.10781786941580758,0.11768634646990996,97
tct,10,bertQPP,12,0.08,0.2544143092321416,0.011912285598388762,0.16838487972508595,0.01454739544260673,97
tct,10,bertQPP(QV),12,0.08,0.24135955048907579,0.017236489108333933,0.15034364261168387,0.02913493133073165,97
tct,10,spatial,12,0.1,0.0516976870659204,0.6150352483244768,0.025773195876288665,0.708405677956768,97
tct,10,a_ratio,12,0.1,0.1698286729351699,0.09630456758534629,0.15635738831615123,0.02327305567367708,97
tct,10,nqc,12,0.1,0.13974840360234028,0.17218104401889164,0.10824742268041239,0.11623089832126132,97
tct,10,bertQPP,12,0.1,0.25817902984245455,0.010672334647796617,0.16752577319587633,0.015057708996420909,97
tct,10,bertQPP(QV),12,0.1,0.24516674908972927,0.015504654519316048,0.15335051546391754,0.026061836085581373,97
tct,10,spatial,12,0.12,0.05566474832574701,0.588130445055838,0.03178694158075602,0.6446089162462232,97
tct,10,a_ratio,12,0.12,0.179495227895449,0.07853959601385421,0.16022336769759454,0.02007078628569656,97
tct,10,nqc,12,0.12,0.1402646272861695,0.17058621805875385,0.1086769759450172,0.11478963120763813,97
tct,10,bertQPP,12,0.12,0.26207798345774497,0.009508695226081823,0.1679553264604811,0.014800614099959652,97
tct,10,bertQPP(QV),12,0.12,0.2491147877403095,0.01386995381824171,0.15592783505154642,0.023654871935139845,97
tct,10,spatial,12,0.14,0.05973705540573215,0.5610826563166309,0.03737113402061856,0.5876136836654002,97
tct,10,a_ratio,12,0.14,0.1889362756941913,0.06382304774473667,0.16494845360824745,0.01668446543769203,97
tct,10,nqc,12,0.14,0.14080471620354412,0.16892934825657127,0.10953608247422682,0.11194930892644765,97
tct,10,bertQPP,12,0.14,0.26611536289081356,0.008422571529471618,0.17139175257731962,0.012879359856548544,97
tct,10,bertQPP(QV),12,0.14,0.25320859431002823,0.012335124717913384,0.1589347079037801,0.021092644173514117,97
tct,10,spatial,12,0.16,0.06391607392728593,0.5339575479743657,0.040378006872852236,0.5579222431626273,97
tct,10,a_ratio,12,0.16,0.19808877307320685,0.05177782910707199,0.16494845360824745,0.01668446543769203,97
tct,10,nqc,12,0.16,0.14137035801798295,0.1672068580173161,0.11039518900343644,0.10916471457232763,97
tct,10,bertQPP,12,0.16,0.270295068294217,0.0074146825690622606,0.17439862542955328,0.011382836808156348,97
tct,10,bertQPP(QV),12,0.16,0.2574528794690323,0.010902307169904585,0.1628006872852234,0.018155972846842318,97
tct,10,spatial,12,0.18,0.06820302330965211,0.5068263516482076,0.03951890034364262,0.5663306621908052,97
tct,10,a_ratio,12,0.18,0.20689316402488064,0.0420220501441772,0.16365979381443302,0.01755425786967657,97
tct,10,nqc,12,0.18,0.14196340268385263,0.16541490292331387,0.11082474226804125,0.10779310640620364,97
tct,10,bertQPP,12,0.18,0.27462058045204807,0.006485216121007733,0.18041237113402064,0.008845012615594157,97
tct,10,bertQPP(QV),12,0.18,0.26185201547717774,0.009572961764412056,0.1666666666666667,0.01558372473088864,97
tct,10,spatial,12,0.2,0.07259883477315711,0.4797655561525933,0.0425257731958763,0.5371707606067591,97
tct,10,a_ratio,12,0.2,0.21529524821117957,0.034189701006861306,0.1709621993127148,0.013106785247853048,97
tct,10,nqc,12,0.2,0.14258588234314917,0.16354934695359785,0.11082474226804125,0.10779310640620364,97
tct,10,bertQPP,12,0.2,0.27909480480050586,0.005633789348993233,0.18127147766323026,0.008527096049992753,97
tct,10,bertQPP(QV),12,0.2,0.26640988521629205,0.008347793473569634,0.16924398625429557,0.01405239227763608,97
tct,10,spatial,12,0.22,0.07710410557344628,0.45285644539988656,0.043814432989690726,0.5249088158491623,97
tct,10,a_ratio,12,0.22,0.22324782885661668,0.027945314308432192,0.17998281786941583,0.009007907605249525,97
tct,10,nqc,12,0.22,0.14324003420771722,0.16160573644457502,0.11254295532646051,0.10244263799035044,97
tct,10,bertQPP,12,0.22,0.28371988062073916,0.004859418687672164,0.18170103092783507,0.008372001763204117,97
tct,10,bertQPP(QV),12,0.22,0.27112969550274846,0.007226684616670801,0.17310996563573885,0.01200419316896961,97
tct,10,spatial,12,0.24,0.08171904949415461,0.4261844691047971,0.04596219931271478,0.5047955105031363,97
tct,10,a_ratio,12,0.24,0.23071202503438162,0.022992588409261636,0.18384879725085912,0.0076337511300162714,97
tct,10,nqc,12,0.24,0.14392832695983981,0.15957927161236518,0.11297250859106532,0.10113858933462912,97
tct,10,bertQPP,12,0.24,0.28849694908910833,0.004160501689306655,0.1859965635738832,0.006954397086601862,97
tct,10,bertQPP(QV),12,0.24,0.2760137478178778,0.006208641384160375,0.17396907216494847,0.011586707769612953,97
tct,10,spatial,12,0.26,0.08644344372379144,0.39983843663267526,0.04939862542955327,0.47347910625616985,97
tct,10,a_ratio,12,0.26,0.23765816438497456,0.019077773314541323,0.1890034364261169,0.006094500520977148,97
tct,10,nqc,12,0.26,0.14465349131496583,0.15746477546401264,0.11340206185567013,0.09984779835922447,97
tct,10,bertQPP,12,0.26,0.29342587314301294,0.0035348134887726265,0.1902920962199313,0.005756239608165468,97
tct,10,bertQPP(QV),12,0.26,0.28106315869154735,0.005291758532462394,0.18041237113402064,0.008845012615594157,97
tct,10,spatial,12,0.28,0.0912765723640514,0.37390952985478965,0.05197594501718214,0.450711341430895,97
tct,10,a_ratio,12,0.28,0.24406621292711816,0.015989067375128774,0.1890034364261169,0.006094500520977148,97
tct,10,nqc,12,0.28,0.14541855552759708,0.15525665994289178,0.11254295532646051,0.10244263799035044,97
tct,10,bertQPP,12,0.28,0.29850490150912445,0.00297952028366079,0.20017182130584193,0.0036758280937195186,97
tct,10,bertQPP(QV),12,0.28,0.28627752115031635,0.004473206859263972,0.18513745704467358,0.007219338175415614,97
tct,10,spatial,12,0.3,0.09621716696285298,0.3484901379649905,0.05541237113402062,0.42134149715143543,97
tct,10,a_ratio,12,0.3,0.2499257423948388,0.013553371067468388,0.19201030927835053,0.00533157487845821,97
tct,10,nqc,12,0.3,0.14622688679216592,0.15294888918896307,0.11297250859106532,0.10113858933462912,97
tct,10,bertQPP,12,0.3,0.30373026887423044,0.0024912117112882576,0.20403780068728525,0.00306822352558543,97
tct,10,bertQPP(QV),12,0.3,0.2916544980246149,0.0037492476895036584,0.19286941580756015,0.005130036782382208,97
tct,10,spatial,12,0.32,0.10126334463773738,0.32367252579593614,0.057989690721649494,0.40007019122296605,97
tct,10,a_ratio,12,0.32,0.2552354759040381,0.011631596940071223,0.19673539518900346,0.004305679427335466,97
tct,10,nqc,12,0.32,0.14708223970435436,0.1505349398546212,0.11340206185567013,0.09984779835922447,97
tct,10,bertQPP,12,0.32,0.30909572424625315,0.0020659532030554476,0.20747422680412375,0.0026065887949513057,97
tct,10,bertQPP(QV),12,0.32,0.29718933769383116,0.003115277755579218,0.1937285223367698,0.004935409194231109,97
tct,10,spatial,12,0.34,0.10641254455367193,0.2995473570182771,0.06013745704467355,0.3828471200330016,97
tct,10,a_ratio,12,0.34,0.2600024843502551,0.010113462494065006,0.20317869415807563,0.0031947282487263706,97
tct,10,nqc,12,0.34,0.14798881321688662,0.1480077585133005,0.11426116838487975,0.09730564872611688,97
tct,10,bertQPP,12,0.34,0.31459198032216845,0.0016993583058381467,0.21262886597938147,0.002032205430312129,97
tct,10,bertQPP(QV),12,0.34,0.3028743033161643,0.0025659064794401405,0.19630584192439868,0.0043909374810577745,97
tct,10,spatial,12,0.36,0.11166146374277494,0.2762021042936269,0.060996563573883174,0.3760870593214216,97
tct,10,a_ratio,12,0.36,0.2642411255570163,0.008912394369812521,0.20704467353951894,0.0026605976928076114,97
tct,10,nqc,12,0.36,0.1489513178633507,0.1453597163464745,0.11426116838487975,0.09730564872611688,97
tct,10,bertQPP,12,0.36,0.32020607851574423,0.0013866796166623317,0.21391752577319592,0.001908041073171658,97
tct,10,bertQPP(QV),12,0.36,0.3086980081354793,0.0020950657507458424,0.19673539518900346,0.004305679427335466,97
tct,10,spatial,12,0.38,0.11700599349852774,0.2537193893645436,0.06701030927835053,0.3308539585593422,97
tct,10,a_ratio,12,0.38,0.2679718250933694,0.007960910013807877,0.20618556701030932,0.0027716955730928564,97
tct,10,nqc,12,0.38,0.14997505545523224,0.14258256151819035,0.11340206185567013,0.09984779835922447,97
tct,10,bertQPP,12,0.38,0.32592066767969124,0.0011229154675435036,0.21606529209621997,0.0017164841150655054,97
tct,10,bertQPP(QV),12,0.38,0.3146446526084635,0.0016961499150352057,0.20060137457044677,0.0036032888355043277,97
tct,10,spatial,12,0.4,0.12244115783824033,0.23217530638995726,0.07216494845360825,0.295009708543132,97
tct,10,a_ratio,12,0.4,0.2712197932850875,0.00720664421953612,0.20575601374570449,0.0028288190417010725,97
tct,10,nqc,12,0.4,0.1510660140093092,0.13966736997705606,0.11297250859106532,0.10113858933462912,97
tct,10,bertQPP,12,0.4,0.33171320008093835,0.0009029279636258158,0.21907216494845363,0.0014779202366871586,97
tct,10,bertQPP(QV),12,0.4,0.3206931645280499,0.0013621810105549084,0.20103092783505158,0.0035320539175627825,97
tct,10,spatial,12,0.42,0.12796105579616796,0.2116377906046041,0.0777491408934708,0.2592237212301055,97
tct,10,a_ratio,12,0.42,0.2740137601208592,0.006609055052725278,0.20747422680412375,0.0026065887949513057,97
tct,10,nqc,12,0.42,0.15223098137270438,0.13660449591017512,0.11254295532646051,0.10244263799035044,97
tct,10,bertQPP,12,0.42,0.3375550565525864,0.000721566610288436,0.21649484536082478,0.0016803624081385136,97
tct,10,bertQPP(QV),12,0.42,0.3268162518476926,0.001085991602517363,0.20017182130584193,0.0036758280937195186,97
tct,10,spatial,12,0.44,0.13355880957409527,0.19216510053964309,0.07989690721649485,0.24629548858904848,97
tct,10,a_ratio,12,0.44,0.2763847919483088,0.006136765970232452,0.21176975945017185,0.0021190549684448486,97
tct,10,nqc,12,0.44,0.15347768193230812,0.13338352377795182,0.11168384879725088,0.1050908480999539,97
tct,10,bertQPP,12,0.44,0.3434106246927294,0.0005737907837443031,0.21520618556701035,0.0017908788065225548,97
tct,10,bertQPP(QV),12,0.44,0.3329793904350907,0.000860415233054614,0.2018900343642612,0.0033934144348203364,97
tct,10,spatial,12,0.46,0.13922652082091364,0.1738044845516218,0.08118556701030928,0.23875904036666062,97
tct,10,a_ratio,12,0.46,0.27836523434372445,0.00576546337020387,0.21434707903780073,0.0018682268943729797,97
tct,10,nqc,12,0.46,0.15481494199339865,0.12999322487813963,0.11383161512027494,0.0985701799206937,97
tct,10,bertQPP,12,0.46,0.3492363701675869,0.0004547839192385928,0.21563573883161516,0.0017533187111864498,97
tct,10,bertQPP(QV),12,0.46,0.3391397863601783,0.0006784729550658587,0.20360824742268044,0.003130893451622874,97
tct,10,spatial,12,0.48,0.1449552375190867,0.15659110038184207,0.08290378006872855,0.22896569995644822,97
tct,10,a_ratio,12,0.48,0.27998780693824976,0.005476257188403634,0.21563573883161516,0.0017533187111864498,97
tct,10,nqc,12,0.48,0.15625289098395248,0.12642152285833377,0.11512027491408937,0.09481550621817705,97
tct,10,bertQPP,12,0.48,0.354979961959064,0.00036005267316516974,0.2177835051546392,0.0015761513468118154,97
tct,10,bertQPP(QV),12,0.48,0.3452453751244354,0.0005335440385250931,0.20790378006872856,0.0025535840012904936,97
tct,10,spatial,12,0.5,0.15073493410176805,0.14054724932458443,0.08762886597938145,0.2035174890452155,97
tct,10,a_ratio,12,0.5,0.28128486002593833,0.0052544153894499455,0.2134879725085911,0.0019486331283160838,97
tct,10,nqc,12,0.5,0.15780320771687034,0.12265547471475499,0.11769759450171824,0.08765026442852013,97
tct,10,bertQPP,12,0.5,0.36057953747981836,0.00028550552058608945,0.2212199312714777,0.001326652810302692,97
tct,10,bertQPP(QV),12,0.5,0.3512339483663576,0.00041950998843667906,0.21176975945017185,0.0021190549684448486,97
tct,10,spatial,12,0.52,0.15655450748563512,0.12568197418081156,0.08977663230240551,0.19265661141875967,97
tct,10,a_ratio,12,0.52,0.2822877903351517,0.00508839364120595,0.21134020618556704,0.0021637443470699886,97
tct,10,nqc,12,0.52,0.15947942370259183,0.11868127686453424,0.11769759450171824,0.08765026442852013,97
tct,10,bertQPP,12,0.52,0.36596322143927795,0.00022750720022429946,0.22379725085910657,0.0011640289366746655,97
tct,10,bertQPP(QV),12,0.52,0.35703253069515867,0.00033086352872960104,0.22079037800687287,0.0013557124652369783,97
tct,10,spatial,12,0.54,0.16240179165588464,0.1119910529304982,0.09536082474226806,0.16642177733641728,97
tct,10,a_ratio,12,0.54,0.28302660458109496,0.004969094361287651,0.2096219931271478,0.002351276432455258,97
tct,10,nqc,12,0.54,0.16129729920014196,0.1144843102663457,0.11726804123711342,0.08881318243030219,97
tct,10,bertQPP,12,0.54,0.37104904006130074,0.00018290789288450098,0.23324742268041243,0.0007126038672884247,97
tct,10,bertQPP(QV),12,0.54,0.3625571621417019,0.0002627779379001383,0.22422680412371138,0.0011387880187863695,97
tct,10,spatial,12,0.56,0.1682635932571788,0.09945739898979385,0.09879725085910654,0.15166941209887877,97
tct,10,a_ratio,12,0.56,0.283529614018303,0.004889302055087045,0.20403780068728525,0.00306822352558543,97
tct,10,nqc,12,0.56,0.16327529267534405,0.11004924487613187,0.1168384879725086,0.08998850130140247,97
tct,10,bertQPP,12,0.56,0.3757453943753999,0.00014904868464612724,0.2379725085910653,0.0005538759115824682,97
tct,10,bertQPP(QV),12,0.56,0.3677132693715145,0.00021113655550976222,0.23024054982817874,0.0008346209629654949,97
tct,10,spatial,12,0.58,0.17412575030690233,0.08805185561278239,0.10309278350515466,0.1346555631057889,97
tct,10,a_ratio,12,0.58,0.2838232405948829,0.004843253172555527,0.20489690721649487,0.002946303078171719,97
tct,10,nqc,12,0.58,0.1654351510893876,0.10536023279971043,0.11554982817869418,0.09358972367387966,97
tct,10,bertQPP,12,0.58,0.37995226499847123,0.0001237473582087771,0.23969072164948454,0.0005048251929224872,97
tct,10,bertQPP(QV),12,0.58,0.37239682234711013,0.00017252673699440183,0.23711340206185572,0.000580033168540485,97
tct,10,spatial,12,0.6,0.17997321564067878,0.07773434846447971,0.10996563573883163,0.110550087489207,97
tct,10,a_ratio,12,0.6,0.283931914798505,0.004826308162537604,0.19888316151202753,0.0039014834427261624,97
tct,10,nqc,12,0.6,0.1678026576505829,0.10040123253181897,0.11769759450171824,0.08765026442852013,97
tct,10,bertQPP,12,0.6,0.38356330622051704,0.00010527057930784589,0.24269759450171827,0.0004286013573495472,97
tct,10,bertQPP(QV),12,0.6,0.3764964609657201,0.0001442063564048348,0.2414089347079038,0.0004598488311252096,97
tct,10,spatial,12,0.62,0.18579016601998544,0.06845533885059897,0.11125429553264607,0.10643517898925002,97
tct,10,a_ratio,12,0.62,0.28387804622544227,0.004834701003089499,0.20060137457044677,0.0036032888355043277,97
tct,10,nqc,12,0.62,0.17040858627019642,0.09515652531152574,0.11941580756013748,0.08312087785946547,97
tct,10,bertQPP,12,0.62,0.3864689389678636,9.22999756715487e-05,0.24742268041237117,0.00033019314561040996,97
tct,10,bertQPP(QV),12,0.62,0.3798967258265241,0.0001240536982821528,0.24183848797250862,0.0004492042155364218,97
tct,10,spatial,12,0.64,0.19156013698581825,0.06015750267596303,0.11211340206185569,0.10376002930884054,97
tct,10,a_ratio,12,0.64,0.2836820497384436,0.004865347440715937,0.2018900343642612,0.0033934144348203364,97
tct,10,nqc,12,0.64,0.17328992925296194,0.08961151112465277,0.1202749140893471,0.08092834885233069,97
tct,10,bertQPP,12,0.64,0.3885604625809147,8.39005594629377e-05,0.2517182130584193,0.00025948171452482385,97
tct,10,bertQPP(QV),12,0.64,0.3824824288417037,0.0001105131719378418,0.2512886597938145,0.00026585493232954136,97
tct,10,spatial,12,0.66,0.19726618255355952,0.052777548667766405,0.11469072164948456,0.0960541193445157,97
tct,10,a_ratio,12,0.66,0.28336241236679977,0.004915697755713948,0.19458762886597944,0.004747484369155047,97
tct,10,nqc,12,0.66,0.17649148840686227,0.08375390912580165,0.12113402061855671,0.07878300963914868,97
tct,10,bertQPP,12,0.66,0.38973507348795244,7.95007980784291e-05,0.25601374570446744,0.000203164735220203,97
tct,10,bertQPP(QV),12,0.66,0.38414405097732035,0.00010255009255963759,0.2573024054982818,0.0001886509599840551,97
tct,10,spatial,12,0.68,0.20289105775155689,0.04624808484313644,0.11812714776632303,0.08649966115997804,97
tct,10,a_ratio,12,0.68,0.28293578852312196,0.004983623358686618,0.19501718213058422,0.004655971971265852,97
tct,10,nqc,12,0.68,0.18006795181157526,0.07757553852732227,0.12156357388316154,0.07772782073014356,97
tct,10,bertQPP,12,0.68,0.38990151554341324,7.889500679273561e-05,0.25343642611683853,0.00023539388087640415,97
tct,10,bertQPP(QV),12,0.68,0.3847838678011686,9.962856034337617e-05,0.256872852233677,0.0001933769855221948,97
tct,10,spatial,12,0.7,0.2084174208644492,0.040499444904490756,0.12242268041237117,0.07565197367789964,97
tct,10,a_ratio,12,0.7,0.28241711345282877,0.0050673291567023835,0.18857388316151205,0.006211170636578692,97
tct,10,nqc,12,0.7,0.18408662093724035,0.07107492404441397,0.12156357388316154,0.07772782073014356,97
tct,10,bertQPP,12,0.7,0.3889859172452719,8.228141464128903e-05,0.25343642611683853,0.00023539388087640415,97
tct,10,bertQPP(QV),12,0.7,0.3843223080017144,0.00010172823956322054,0.26460481099656363,0.00012317744827931967,97
tct,10,spatial,12,0.72,0.21382805112067066,0.0354613956337506,0.12929553264604812,0.060624507125192455,97
tct,10,a_ratio,12,0.72,0.2818197269662696,0.005165285606795322,0.18470790378006877,0.007355176256510775,97
tct,10,nqc,12,0.72,0.18863100622069312,0.06426105414234519,0.12328178694158079,0.07362159410235054,97
tct,10,bertQPP,12,0.72,0.38693723338056474,9.035413335112289e-05,0.25902061855670105,0.00017081103710396531,97
tct,10,bertQPP(QV),12,0.72,0.3827038906946726,0.0001094196665279022,0.25859106529209624,0.00017511595223064058,97
tct,10,spatial,12,0.74,0.21910607653973024,0.031064661092982112,0.13702749140893475,0.046764860648197036,97
tct,10,a_ratio,12,0.74,0.2811555013655341,0.005276175858743116,0.17955326460481102,0.009173476196585428,97
tct,10,nqc,12,0.74,0.1938055686157134,0.057158709378733526,0.12628865979381446,0.0668634129345248,97
tct,10,bertQPP,12,0.74,0.38373164604355703,0.0001044751764052355,0.26632302405498287,0.00011124963084926736,97
tct,10,bertQPP(QV),12,0.74,0.3799020154480433,0.00012402449178464182,0.2641752577319588,0.00012634244111771396,97
tct,10,spatial,12,0.76,0.22423520580970607,0.0272422176555936,0.13702749140893475,0.046764860648197036,97
tct,10,a_ratio,12,0.76,0.2804349690483284,0.0053988545016645595,0.17697594501718217,0.010225152665271457,97
tct,10,nqc,12,0.76,0.1997419281797509,0.04981583344379476,0.1314432989690722,0.05647001729864357,97
tct,10,bertQPP,12,0.76,0.37937532705583804,0.00012696409781267132,0.2710481099656358,8.381752378824866e-05,97
tct,10,bertQPP(QV),12,0.76,0.3759219353434432,0.00014789712337901571,0.2684707903780069,9.786936882852283e-05,97
tct,10,spatial,12,0.78,0.22919995747495225,0.023930333483476535,0.1396048109965636,0.042782883164389815,97
tct,10,a_ratio,12,0.78,0.2796674465581862,0.0055323152638331,0.1786941580756014,0.00951278395726825,97
tct,10,nqc,12,0.78,0.20660681897499342,0.042313338252242795,0.13359106529209622,0.05255528194642074,97
tct,10,bertQPP,12,0.78,0.3739051316014411,0.00016155720113481385,0.26374570446735396,0.00012958397281742168,97
tct,10,bertQPP(QV),12,0.78,0.3708014399504035,0.0001848767172920476,0.2676116838487973,0.00010302809096628477,97
tct,10,spatial,12,0.8,0.23398587944114696,0.021069345002737078,0.13917525773195877,0.0434259212403691,97
tct,10,a_ratio,12,0.8,0.2788611528785985,0.005675665642846184,0.17740549828178698,0.010042744211065484,97
tct,10,nqc,12,0.8,0.21461174242961203,0.03477727602790346,0.138745704467354,0.04407710548149226,97
tct,10,bertQPP,12,0.8,0.3673870591244883,0.00021410298562585917,0.2676116838487973,0.00010302809096628477,97
tct,10,bertQPP(QV),12,0.8,0.36460908347588294,0.0002409703100383515,0.26718213058419243,0.00010570268251880998,97
tct,10,spatial,12,0.82,0.23857975189134883,0.018604179529645905,0.14304123711340208,0.037922646089534044,97
tct,10,a_ratio,12,0.82,0.27802332057114637,0.0058281069166495735,0.1752577319587629,0.010984624932232429,97
tct,10,nqc,12,0.82,0.2240231028926939,0.027391972647960047,0.14175257731958765,0.039687194240219145,97
tct,10,bertQPP,12,0.82,0.35991262872918317,0.0002935695402689698,0.2620274914089347,0.00014335046231608574,97
tct,10,bertQPP(QV),12,0.82,0.35744014840988125,0.0003253328052215557,0.2628865979381444,0.00013630357600274067,97
tct,10,spatial,12,0.84,0.24296976716744484,0.016484646297778675,0.1473367697594502,0.03251488713772691,97
tct,10,a_ratio,12,0.84,0.2771602989695364,0.005988918344104994,0.17568728522336774,0.01079019991112942,97
tct,10,nqc,12,0.84,0.23516807143692972,0.02040960389072662,0.1469072164948454,0.033024149712135395,97
tct,10,bertQPP,12,0.84,0.3515936027523393,0.00041343277935246465,0.2633161512027492,0.000132903765324325,97
tct,10,bertQPP(QV),12,0.84,0.34941085412070616,0.00045159759873961695,0.2555841924398626,0.0002082313453780151,97
tct,10,spatial,12,0.86,0.2471456809903046,0.014665527168246314,0.1469072164948454,0.033024149712135395,97
tct,10,a_ratio,12,0.86,0.2762776490964406,0.006157444635855139,0.17310996563573885,0.01200419316896961,97
tct,10,nqc,12,0.86,0.24842134539580732,0.01414573812329778,0.1597938144329897,0.02040649882574069,97
tct,10,bertQPP,12,0.86,0.34255569048689855,0.0005934785262522279,0.25000000000000006,0.00028586619810323126,97
tct,10,bertQPP(QV),12,0.86,0.34065153081137334,0.0006395710666458477,0.2512886597938145,0.00026585493232954136,97
tct,10,spatial,12,0.88,0.2510989305229806,0.013106503255956699,0.14518900343642613,0.03513003275683934,97
tct,10,a_ratio,12,0.88,0.275380230299074,0.0063330859837401185,0.16881443298969073,0.014298004272030715,97
tct,10,nqc,12,0.88,0.2641302341839082,0.008942144244916935,0.16451890034364264,0.016970096384742294,97
tct,10,bertQPP,12,0.88,0.33293193752503614,0.0008619749498331799,0.24097938144329903,0.0004707284379041492,97
tct,10,bertQPP(QV),12,0.88,0.33129954376551074,0.0009172263229756155,0.2405498281786942,0.0004818477915141724,97
tct,10,spatial,12,0.9,0.254822716151186,0.01177195500953737,0.147766323024055,0.03201236643126749,97
tct,10,a_ratio,12,0.9,0.27447227882923675,0.0065152900959283425,0.16881443298969073,0.014298004272030715,97
tct,10,nqc,12,0.9,0.28236303596391643,0.005076127983234012,0.17998281786941583,0.009007907605249525,97
tct,10,bertQPP,12,0.9,0.32285645407491564,0.0012580532088327047,0.22594501718213064,0.0010428004886634003,97
tct,10,bertQPP(QV),12,0.9,0.32149267567400797,0.0013228190197599773,0.22680412371134026,0.0009976667225656776,97
tct,10,spatial,12,0.92,0.2583120453713291,0.010630671663916484,0.14948453608247425,0.030068308790855192,97
tct,10,a_ratio,12,0.92,0.27355747874671965,0.0067035458071115,0.1666666666666667,0.01558372473088864,97
tct,10,nqc,12,0.92,0.3022022451705542,0.0026259585953446137,0.19673539518900346,0.004305679427335466,97
tct,10,bertQPP,12,0.92,0.31245898835479213,0.0018339907904657276,0.21907216494845363,0.0014779202366871586,97
tct,10,bertQPP(QV),12,0.92,0.31136349603683444,0.0019068211809475854,0.21520618556701035,0.0017908788065225548,97
tct,10,spatial,12,0.94,0.26156373873518024,0.009655502294804446,0.15034364261168387,0.02913493133073165,97
tct,10,a_ratio,12,0.94,0.27263902562004394,0.006897377927449505,0.16237113402061856,0.018463547347092265,97
tct,10,nqc,12,0.94,0.32010388310764276,0.0013918701330923036,0.20876288659793818,0.0024505203740822256,97
tct,10,bertQPP,12,0.94,0.30186065595489986,0.002656963520397944,0.20489690721649487,0.002946303078171719,97
tct,10,bertQPP(QV),12,0.94,0.3010350226569475,0.00273326749262292,0.20274914089347082,0.003259747042536618,97
tct,10,spatial,12,0.96,0.2645763992984009,0.008822975786547272,0.15420962199312716,0.025236989773183314,97
tct,10,a_ratio,12,0.96,0.27171968355042675,0.0070963430670457845,0.1597938144329897,0.02040649882574069,97
tct,10,nqc,12,0.96,0.327513282069433,0.0010580223641263303,0.21091065292096223,0.002209296231634933,97
tct,10,bertQPP,12,0.96,0.29117093995677434,0.003809771602390226,0.18513745704467358,0.007219338175415614,97
tct,10,bertQPP(QV),12,0.96,0.29061776420072105,0.003880079289770479,0.18814432989690724,0.00632984784895861,97
tct,10,spatial,12,0.98,0.2673503483641133,0.008112911614519975,0.15077319587628868,0.0286776674564184,97
tct,10,a_ratio,12,0.98,0.2708018360654179,0.007300026229573079,0.15635738831615123,0.02327305567367708,97
tct,10,nqc,12,0.98,0.3121431284220878,0.0018547272933601782,0.20017182130584193,0.0036758280937195186,97
tct,10,bertQPP,12,0.98,0.28048591426881075,0.00539009798050352,0.16881443298969073,0.014298004272030715,97
tct,10,bertQPP(QV),12,0.98,0.2802080611868033,0.005438009378950033,0.17182130584192443,0.01265543298933369,97
tct,10,spatial,12,1.0,0.26988753142704575,0.0075080380129989455,0.15378006872852237,0.025646544632394585,97
tct,10,a_ratio,12,1.0,0.26988753142704575,0.0075080380129989455,0.15378006872852237,0.025646544632394585,97
tct,10,nqc,12,1.0,0.26988753142704575,0.0075080380129989455,0.15378006872852237,0.025646544632394585,97
tct,10,bertQPP,12,1.0,0.26988753142704575,0.0075080380129989455,0.15378006872852237,0.025646544632394585,97
tct,10,bertQPP(QV),12,1.0,0.26988753142704575,0.0075080380129989455,0.15378006872852237,0.025646544632394585,97
tct,10,spatial,13,0.0,0.033377062904937055,0.7455179611795428,0.01718213058419244,0.8031038928688624,97
tct,10,a_ratio,13,0.0,0.12032506943967171,0.2404059919205959,0.1168384879725086,0.08998850130140247,97
tct,10,nqc,13,0.0,0.1374755409635702,0.1793335293649571,0.10524054982817871,0.12672143082539938,97
tct,10,bertQPP,13,0.0,0.24060884244426767,0.017597008346410068,0.16065292096219932,0.019739903980340746,97
tct,10,bertQPP(QV),13,0.0,0.22743786537523114,0.025064137471383592,0.14218213058419246,0.039091423487606906,97
tct,10,spatial,13,0.02,0.036832780065116005,0.7202088471116835,0.021048109965635744,0.7600372759154744,97
tct,10,a_ratio,13,0.02,0.13027874577543297,0.20341164754147237,0.12800687285223372,0.06323660544752113,97
tct,10,nqc,13,0.02,0.13789675655661587,0.17799185259399067,0.10609965635738833,0.1236515932692785,97
tct,10,bertQPP,13,0.02,0.24388515715048736,0.0160700026090834,0.16108247422680416,0.01941379508307944,97
tct,10,bertQPP(QV),13,0.02,0.23071997392621924,0.022987742926954702,0.14475945017182132,0.035674068768179766,97
tct,10,spatial,13,0.04,0.04038051103144888,0.6945362827203874,0.02448453608247423,0.7223661580007107,97
tct,10,a_ratio,13,0.04,0.14032536190712952,0.17039930241845885,0.13788659793814437,0.04540422310195199,97
tct,10,nqc,13,0.04,0.13833547066485674,0.1766022715938715,0.10695876288659796,0.12064011527036375,97
tct,10,bertQPP,13,0.04,0.2472781059719916,0.014610808787439264,0.16151202749140894,0.01909240321886764,97
tct,10,bertQPP(QV),13,0.04,0.23412174350507614,0.020992605611116977,0.147766323024055,0.03201236643126749,97
tct,10,spatial,13,0.06,0.044022270271179956,0.6685374676943884,0.025773195876288665,0.708405677956768,97
tct,10,a_ratio,13,0.06,0.15041088301225855,0.14141250491253635,0.14647766323024058,0.03354022455213661,97
tct,10,nqc,13,0.06,0.13879279353822854,0.17516223647889692,0.10738831615120277,0.11915605807960761,97
tct,10,bertQPP,13,0.06,0.250792254040764,0.01322206081261257,0.1658075601374571,0.016125841537736958,97
tct,10,bertQPP(QV),13,0.06,0.23764812002376828,0.019082991614313743,0.14991408934707906,0.029598455953974822,97
tct,10,spatial,13,0.08,0.047759986905263216,0.6422546720158446,0.029639175257731964,0.6671244311500414,97
tct,10,a_ratio,13,0.08,0.1604759180888274,0.11636618822393134,0.1443298969072165,0.03622527510674091,97
tct,10,nqc,13,0.08,0.13926993107439778,0.1736690190543203,0.10781786941580758,0.11768634646990996,97
tct,10,bertQPP,13,0.08,0.25443217927805434,0.011906114965238655,0.1670962199312715,0.015318729327102553,97
tct,10,bertQPP(QV),13,0.08,0.24130410677918074,0.017262895553728726,0.15206185567010314,0.02734277211201925,97
tct,10,spatial,13,0.1,0.051595482502812234,0.6157353975211423,0.030927835051546396,0.653577523351426,97
tct,10,a_ratio,13,0.1,0.17045686695464218,0.09506143362235112,0.14991408934707906,0.029598455953974822,97
tct,10,nqc,13,0.1,0.13976819530897464,0.17211969768824228,0.10738831615120277,0.11915605807960761,97
tct,10,bertQPP,13,0.1,0.2582024217378808,0.010664997525558719,0.1679553264604811,0.014800614099959652,97
tct,10,bertQPP(QV),13,0.1,0.24509471869943844,0.015535966188571549,0.15420962199312716,0.025236989773183314,97
tct,10,spatial,13,0.12,0.05553044626763101,0.5890324757198367,0.033505154639175264,0.6268270582661877,97
tct,10,a_ratio,13,0.12,0.18028741761468914,0.0772086384788916,0.1554982817869416,0.02404211148041231,97
tct,10,nqc,13,0.12,0.14028901631194363,0.17051114073192467,0.10738831615120277,0.11915605807960761,97
tct,10,bertQPP,13,0.12,0.26210741918228764,0.009500351479777909,0.1709621993127148,0.013106785247853048,97
tct,10,bertQPP(QV),13,0.12,0.24902492320692857,0.01390542770432352,0.1585051546391753,0.021443192891173694,97
tct,10,spatial,13,0.14,0.05956640745428671,0.5622040872533886,0.03694158075601375,0.5919142896074897,97
tct,10,a_ratio,13,0.14,0.1899003405881514,0.062455697776303214,0.15936426116838492,0.0207470988785446,97
tct,10,nqc,13,0.14,0.14083395571431245,0.16883998834590766,0.10738831615120277,0.11915605807960761,97
tct,10,bertQPP,13,0.14,0.26615142592674884,0.008413383704754428,0.17268041237113405,0.01221789425088413,97
tct,10,bertQPP(QV),13,0.14,0.2530995647034879,0.012373998216577524,0.16237113402061856,0.018463547347092265,97
tct,10,spatial,13,0.16,0.06370470486877733,0.5353136877254688,0.03908934707903781,0.5705575497769013,97
tct,10,a_ratio,13,0.16,0.19922948981880867,0.05041733354210755,0.16151202749140894,0.01909240321886764,97
tct,10,nqc,13,0.16,0.14140472213051342,0.1671026325786476,0.10824742268041239,0.11623089832126132,97
tct,10,bertQPP,13,0.16,0.27033841144313286,0.007404814384060653,0.1778350515463918,0.009863239446727635,97
tct,10,bertQPP(QV),13,0.16,0.257323269101612,0.010943807574452387,0.1670962199312715,0.015318729327102553,97
tct,10,spatial,13,0.18,0.06794645333506269,0.5084298245009132,0.04295532646048111,0.5330675016802799,97
tct,10,a_ratio,13,0.18,0.20821188829988826,0.04070203025671599,0.16323024054982818,0.017852894393926448,97
tct,10,nqc,13,0.18,0.1420031887924495,0.16529519553459515,0.1086769759450172,0.11478963120763813,97
tct,10,bertQPP,13,0.18,0.2746719345835724,0.006474830735276352,0.17912371134020622,0.009341755733078497,97
tct,10,bertQPP(QV),13,0.18,0.26170032415930244,0.009616317114257398,0.16881443298969073,0.014298004272030715,97
tct,10,spatial,13,0.2,0.07229250704515926,0.4816258296147365,0.043384879725085916,0.5289801545988201,97
tct,10,a_ratio,13,0.2,0.216789756486989,0.032933988792379576,0.16881443298969073,0.014298004272030715,97
tct,10,nqc,13,0.2,0.1426314137723714,0.16341350546072783,0.10996563573883163,0.110550087489207,97
tct,10,bertQPP,13,0.2,0.2791549885962328,0.00562304742353751,0.1782646048109966,0.009686599012848096,97
tct,10,bertQPP(QV),13,0.2,0.2662345306269043,0.008392244595173999,0.17182130584192443,0.01265543298933369,97
tct,10,spatial,13,0.22,0.07674341975902972,0.4549793753235449,0.04596219931271478,0.5047955105031363,97
tct,10,a_ratio,13,0.22,0.22491233759076246,0.0267687740255675,0.17740549828178698,0.010042744211065484,97
tct,10,nqc,13,0.22,0.14329166324670403,0.16145307057584507,0.11211340206185569,0.10376002930884054,97
tct,10,bertQPP,13,0.22,0.2837898113577192,0.004848476263897871,0.18384879725085912,0.0076337511300162714,97
tct,10,bertQPP(QV),13,0.22,0.2709290183925754,0.007271498094305455,0.17482817869415812,0.011182156616858724,97
tct,10,spatial,13,0.24,0.08129940188296551,0.4285718812318447,0.04982817869415808,0.4696411010880063,97
tct,10,a_ratio,13,0.24,0.23253738795033996,0.021902552410315326,0.18170103092783507,0.008372001763204117,97
tct,10,nqc,13,0.24,0.1439864383449295,0.1594090504674728,0.11254295532646051,0.10244263799035044,97
tct,10,bertQPP,13,0.24,0.2885776544759029,0.004149507931020898,0.18470790378006877,0.007355176256510775,97
tct,10,bertQPP(QV),13,0.24,0.27578602094381977,0.006253123086197493,0.1778350515463918,0.009863239446727635,97
tct,10,spatial,13,0.26,0.08596027453328367,0.4024877654740555,0.05240549828178695,0.4469779106399572,97
tct,10,a_ratio,13,0.26,0.239632231532526,0.01807573606648413,0.18728522336769762,0.006573343269072617,97
tct,10,nqc,13,0.26,0.1447185062410811,0.15727622488978277,0.11168384879725088,0.1050908480999539,97
tct,10,bertQPP,13,0.26,0.29351850417244074,0.0035239083494183502,0.18771477663230243,0.006450561996249079,97
tct,10,bertQPP(QV),13,0.26,0.28080660059255375,0.005335267203498664,0.1829896907216495,0.007921746820669876,97
tct,10,spatial,13,0.28,0.09072542078780035,0.3768135372217893,0.054553264604811004,0.4285767645779882,97
tct,10,a_ratio,13,0.28,0.24617432057081837,0.015072357785916549,0.19759450171821308,0.0041396512632380965,97
tct,10,nqc,13,0.28,0.14549093628597135,0.15504895981668287,0.11297250859106532,0.10113858933462912,97
tct,10,bertQPP,13,0.28,0.2986107462192088,0.0029688321796631336,0.19201030927835053,0.00533157487845821,97
tct,10,bertQPP(QV),13,0.28,0.28599031611932996,0.004515167179830741,0.18427835051546396,0.0074933028749945285,97
tct,10,spatial,13,0.3,0.09559373444188635,0.3516367338392384,0.06056701030927836,0.3794578311122522,97
tct,10,a_ratio,13,0.3,0.2521512925966119,0.012716623220318954,0.2014604810996564,0.0034621026042757834,97
tct,10,nqc,13,0.3,0.14630714215329482,0.15272117064284324,0.11254295532646051,0.10244263799035044,97
tct,10,bertQPP,13,0.3,0.3038507668047172,0.0024808552999899874,0.19888316151202753,0.0039014834427261624,97
tct,10,bertQPP(QV),13,0.3,0.2913348239032906,0.0037891621173189974,0.19243986254295536,0.005229928831102741,97
tct,10,spatial,13,0.32,0.1005635667199429,0.3270447132529898,0.06486254295532648,0.34658765831762584,97
tct,10,a_ratio,13,0.32,0.25756056011516415,0.010867933260733516,0.20575601374570449,0.0028288190417010725,97
tct,10,nqc,13,0.32,0.14717093119177926,0.15028628249029907,0.11211340206185569,0.10376002930884054,97
tct,10,bertQPP,13,0.32,0.3092324812330539,0.0020560273779160953,0.20575601374570449,0.0028288190417010725,97
tct,10,bertQPP(QV),13,0.32,0.2968354034059944,0.003152736411975032,0.1941580756013746,0.0048406217198878375,97
tct,10,spatial,13,0.34,0.10563267154696052,0.3031233203395791,0.06786941580756015,0.3246919364895129,97
tct,10,a_ratio,13,0.34,0.2624085064611311,0.009415374642988302,0.209192439862543,0.002400428947085522,97
tct,10,nqc,13,0.34,0.14808656245111407,0.14773718768088553,0.11211340206185569,0.10376002930884054,97
tct,10,bertQPP,13,0.34,0.3147467830754957,0.0016899445295548584,0.20747422680412375,0.0026065887949513057,97
tct,10,bertQPP(QV),13,0.34,0.3024843983413306,0.0026005943496502913,0.19673539518900346,0.004305679427335466,97
tct,10,spatial,13,0.36,0.11079815015750155,0.27995545502577524,0.0738831615120275,0.2836625052763587,97
tct,10,a_ratio,13,0.36,0.2667093857393849,0.008272351417757402,0.21219931271477666,0.0020752134680172376,97
tct,10,nqc,13,0.36,0.14905881519796485,0.14506620059203357,0.11254295532646051,0.10244263799035044,97
tct,10,bertQPP,13,0.36,0.3203809081682666,0.0013778407116056424,0.20575601374570449,0.0028288190417010725,97
tct,10,bertQPP(QV),13,0.36,0.3082705663692142,0.002126766543531047,0.19888316151202753,0.0039014834427261624,97
tct,10,spatial,13,0.38,0.11605639600883536,0.25761957884988607,0.07817869415807562,0.25660117603543875,97
tct,10,a_ratio,13,0.38,0.27048403484023364,0.007371744315789745,0.21864261168384883,0.0015100189795415188,97
tct,10,nqc,13,0.38,0.15009307018186258,0.14226501034869807,0.11383161512027494,0.0985701799206937,97
tct,10,bertQPP,13,0.38,0.3261177111583095,0.0011146949695903063,0.21219931271477666,0.0020752134680172376,97
tct,10,bertQPP(QV),13,0.38,0.314178333204871,0.001724746086688272,0.19888316151202753,0.0039014834427261624,97
tct,10,spatial,13,0.4,0.12140304116699308,0.23618820530886486,0.08376288659793817,0.22417771625382632,97
tct,10,a_ratio,13,0.4,0.2737585025284687,0.00666176976023999,0.2203608247422681,0.0013853583021557498,97
tct,10,nqc,13,0.4,0.15119540647832447,0.1393246321513765,0.11383161512027494,0.0985701799206937,97
tct,10,bertQPP,13,0.4,0.33193485774300696,0.0008953501181777946,0.21176975945017185,0.0021190549684448486,97
tct,10,bertQPP(QV),13,0.4,0.32018695228651034,0.00138764970191864,0.1984536082474227,0.003979453005162126,97
tct,10,spatial,13,0.42,0.12683290554349072,0.2157264266553209,0.09450171821305844,0.17027316035268703,97
tct,10,a_ratio,13,0.42,0.2765626875763759,0.006102567855089792,0.2212199312714777,0.001326652810302692,97
tct,10,nqc,13,0.42,0.15237271746742198,0.1362353585471301,0.11297250859106532,0.10113858933462912,97
tct,10,bertQPP,13,0.42,0.33780394403584046,0.0007146370476532054,0.21391752577319592,0.001908041073171658,97
tct,10,bertQPP(QV),13,0.42,0.3262695793722237,0.0011083965525264191,0.20575601374570449,0.0028288190417010725,97
tct,10,spatial,13,0.44,0.13233995056802278,0.1962905350838215,0.09536082474226806,0.16642177733641728,97
tct,10,a_ratio,13,0.44,0.2789290587056688,0.005663466825145258,0.22079037800687287,0.0013557124652369783,97
tct,10,nqc,13,0.44,0.15363285045313557,0.13298671268603074,0.11383161512027494,0.0985701799206937,97
tct,10,bertQPP,13,0.44,0.34368956637374104,0.0005674978570715652,0.2169243986254296,0.001644941169576058,97
tct,10,bertQPP(QV),13,0.44,0.3323922835036697,0.0008798950892259912,0.2053264604810997,0.002887015591872923,97
tct,10,spatial,13,0.46,0.13791723907807246,0.17792679863692756,0.09407216494845362,0.1722237215768213,97
tct,10,a_ratio,13,0.46,0.2808915075128031,0.0053208331087733615,0.22766323024054988,0.0009543472910132449,97
tct,10,nqc,13,0.46,0.15498477566431906,0.12956740666785677,0.11512027491408937,0.09481550621817705,97
tct,10,bertQPP,13,0.46,0.34954838104597336,0.0004491006264098992,0.21907216494845363,0.0014779202366871586,97
tct,10,bertQPP(QV),13,0.46,0.338513032501488,0.0006952267552837918,0.20747422680412375,0.0026065887949513057,97
tct,10,spatial,13,0.48,0.14355690337692878,0.16067045095600146,0.0970790378006873,0.15891607395046403,97
tct,10,a_ratio,13,0.48,0.28248436466679444,0.0050564057922393695,0.22594501718213064,0.0010428004886634003,97
tct,10,nqc,13,0.48,0.1564387920006037,0.12596530961452843,0.11554982817869418,0.09358972367387966,97
tct,10,bertQPP,13,0.48,0.35532821425844263,0.0003549390214103972,0.2212199312714777,0.001326652810302692,97
tct,10,bertQPP(QV),13,0.48,0.3445807131004415,0.0005478149339570863,0.21391752577319592,0.001908041073171658,97
tct,10,spatial,13,0.5,0.1492501235416594,0.144544948704404,0.09750859106529211,0.15708030004273185,97
tct,10,a_ratio,13,0.5,0.2837415915840197,0.004856019110077225,0.22680412371134026,0.0009976667225656776,97
tct,10,nqc,13,0.5,0.15800677903211066,0.12216743230566042,0.1164089347079038,0.09117630712765404,97
tct,10,bertQPP,13,0.5,0.3609673079027266,0.00028091113748638486,0.22637457044673542,0.0010200025736501021,97
tct,10,bertQPP(QV),13,0.5,0.35053427290917893,0.0004315684588315249,0.22250859106529214,0.001242886914966472,97
tct,10,spatial,13,0.52,0.15498711813492821,0.12956154093166172,0.09579037800687287,0.16452082122278677,97
tct,10,a_ratio,13,0.52,0.2846961455902104,0.00470862902190386,0.22465635738831619,0.0011140538745299275,97
tct,10,nqc,13,0.52,0.15970250761881338,0.11815993838041425,0.11726804123711342,0.08881318243030219,97
tct,10,bertQPP,13,0.52,0.3663938150078022,0.00022337395503104848,0.23109965635738836,0.0007979153488644113,97
tct,10,bertQPP(QV),13,0.52,0.3563021023405141,0.0003409913663007544,0.22766323024054988,0.0009543472910132449,97
tct,10,spatial,13,0.54,0.16075714947091133,0.11571918106978057,0.10180412371134022,0.13959717520298046,97
tct,10,a_ratio,13,0.54,0.2853795065329716,0.004605574365060453,0.22293814432989695,0.0012160687743494618,97
tct,10,nqc,13,0.54,0.16154202534632917,0.11392819665913492,0.1168384879725086,0.08998850130140247,97
tct,10,bertQPP,13,0.54,0.37152568704701483,0.000179172272747039,0.2379725085910653,0.0005538759115824682,97
tct,10,bertQPP(QV),13,0.54,0.36180180642379284,0.0002712541284259304,0.23024054982817874,0.0008346209629654949,97
tct,10,spatial,13,0.56,0.1665485454878973,0.10300479535926926,0.10609965635738833,0.1236515932692785,97
tct,10,a_ratio,13,0.56,0.2858213465863363,0.004540017049528327,0.2285223367697595,0.0009127757207962206,97
tct,10,nqc,13,0.56,0.16354413814694735,0.1094568956777418,0.1168384879725086,0.08998850130140247,97
tct,10,bertQPP,13,0.56,0.37627111823250525,0.00014564367119471525,0.24183848797250862,0.0004492042155364218,97
tct,10,bertQPP(QV),13,0.56,0.36694054340612725,0.00021822588323899478,0.23496563573883167,0.0006505425158083947,97
tct,10,spatial,13,0.58,0.17234874007209372,0.09139390244031524,0.11254295532646051,0.10244263799035044,97
tct,10,a_ratio,13,0.58,0.28604932194333615,0.004506517969157287,0.22422680412371138,0.0011387880187863695,97
tct,10,nqc,13,0.58,0.1657310165023993,0.10473025092010914,0.1164089347079038,0.09117630712765404,97
tct,10,bertQPP,13,0.58,0.38052972170422494,0.00012060356396464129,0.2414089347079038,0.0004598488311252096,97
tct,10,bertQPP(QV),13,0.58,0.3716161208079114,0.00017847153372898845,0.23754295532646055,0.0005668140402706258,97
tct,10,spatial,13,0.6,0.17814433334613652,0.08085155912430207,0.11984536082474227,0.08201867152410211,97
tct,10,a_ratio,13,0.6,0.28608896445454224,0.004500715376317561,0.22293814432989695,0.0012160687743494618,97
tct,10,nqc,13,0.6,0.16812896422881451,0.09973234870119828,0.1168384879725086,0.08998850130140247,97
tct,10,bertQPP,13,0.6,0.3841945991290898,0.00010231641641314365,0.24484536082474234,0.00038088964117221485,97
tct,10,bertQPP(QV),13,0.6,0.37571902908473065,0.0001492213742888426,0.24355670103092786,0.0004088834881762593,97
tct,10,spatial,13,0.62,0.18392117297470995,0.07133358870578467,0.1245704467353952,0.07065977324075139,97
tct,10,a_ratio,13,0.62,0.2859636522935234,0.004519080477629302,0.22250859106529214,0.001242886914966472,97
tct,10,nqc,13,0.62,0.17076940102715915,0.09444768989612487,0.11726804123711342,0.08881318243030219,97
tct,10,bertQPP,13,0.62,0.3871554180959869,8.946062106950294e-05,0.2508591065292096,0.00027237466938260737,97
tct,10,bertQPP(QV),13,0.62,0.37913554625381846,0.00012832367785321143,0.25042955326460486,0.0002790440350017295,97
tct,10,spatial,13,0.64,0.18966445694963738,0.06278803231660539,0.13015463917525774,0.058933277914773506,97
tct,10,a_ratio,13,0.64,0.28569464077170903,0.004558731223506277,0.2216494845360825,0.001298168853613724,97
tct,10,nqc,13,0.64,0.17369012811827458,0.0888620240173083,0.11898625429553265,0.08423505409007553,97
tct,10,bertQPP,13,0.64,0.38930252269885096,8.109542598786037e-05,0.25472508591065296,0.00021872261513442568,97
tct,10,bertQPP(QV),13,0.64,0.3817519541041391,0.00011419234423942475,0.25042955326460486,0.0002790440350017295,97
tct,10,spatial,13,0.66,0.1953588576083054,0.05515675227632233,0.1327319587628866,0.054093065441640706,97
tct,10,a_ratio,13,0.66,0.2853011369805195,0.004617290006617605,0.22079037800687287,0.0013557124652369783,97
tct,10,nqc,13,0.66,0.17693697119186302,0.08296360241999241,0.11984536082474227,0.08201867152410211,97
tct,10,bertQPP,13,0.66,0.39053197057130495,7.663909195213807e-05,0.2577319587628867,0.0001840336555755922,97
tct,10,bertQPP(QV),13,0.66,0.38345976557368766,0.00010576259624849376,0.25601374570446744,0.000203164735220203,97
tct,10,spatial,13,0.68,0.20098866583411593,0.048377110240027214,0.1396048109965636,0.042782883164389815,97
tct,10,a_ratio,13,0.68,0.28480040464242967,0.004692774563081303,0.2173539518900344,0.0016102081655090619,97
tct,10,nqc,13,0.68,0.1805659288305683,0.0767450319191968,0.12199312714776635,0.07668417076895777,97
tct,10,bertQPP,13,0.68,0.3907512247289451,7.58687186154516e-05,0.2573024054982818,0.0001886509599840551,97
tct,10,bertQPP(QV),13,0.68,0.3841616840432226,0.00010246852143834741,0.2628865979381444,0.00013630357600274067,97
tct,10,spatial,13,0.7,0.20653795351893636,0.04238364268072742,0.14046391752577322,0.04152093691345949,97
tct,10,a_ratio,13,0.7,0.28420788816230447,0.004783514051849268,0.21649484536082478,0.0016803624081385136,97
tct,10,nqc,13,0.7,0.18464599983312852,0.0702059793437467,0.12328178694158079,0.07362159410235054,97
tct,10,bertQPP,13,0.7,0.3898850559435091,7.8954722137327e-05,0.2628865979381444,0.00013630357600274067,97
tct,10,bertQPP(QV),13,0.7,0.38377782575319075,0.00010425795555420036,0.2684707903780069,9.786936882852283e-05,97
tct,10,spatial,13,0.72,0.21199075147919008,0.037109661702142555,0.14561855670103094,0.03459309466060896,97
tct,10,a_ratio,13,0.72,0.2835373472416089,0.00488808428919261,0.21563573883161516,0.0017533187111864498,97
tct,10,nqc,13,0.72,0.18926292046032922,0.06335706221280454,0.12414089347079041,0.07163599473940602,97
tct,10,bertQPP,13,0.72,0.38788106943297934,8.654766333806301e-05,0.2689003436426117,9.538240628081039e-05,97
tct,10,bertQPP(QV),13,0.72,0.3822515787727404,0.00011166382526918763,0.2740549828178695,6.983500538924286e-05,97
tct,10,spatial,13,0.74,0.21733123916183483,0.03248871956098093,0.147766323024055,0.03201236643126749,97
tct,10,a_ratio,13,0.74,0.28280099547976384,0.005005257606492858,0.21520618556701035,0.0017908788065225548,97
tct,10,nqc,13,0.74,0.19452410813278725,0.05622534785392093,0.12714776632302408,0.06502915478137135,97
tct,10,bertQPP,13,0.74,0.38471420241401827,9.994287390836646e-05,0.2719072164948454,7.957359852373424e-05,97
tct,10,bertQPP(QV),13,0.74,0.37955439517330347,0.00012595749144667055,0.27362542955326463,7.168767375692266e-05,97
tct,10,spatial,13,0.76,0.22254394171187558,0.028455889283397796,0.1516323024054983,0.027781654237823455,97
tct,10,a_ratio,13,0.76,0.28200963811812885,0.005133963910866408,0.21477663230240554,0.0018291772025326055,97
tct,10,nqc,13,0.76,0.20056516004200348,0.04886193023674062,0.1284364261168385,0.06235576017343852,97
tct,10,bertQPP,13,0.76,0.3803895824200565,0.00012135962787707295,0.28006872852233683,4.8215372827859356e-05,97
tct,10,bertQPP(QV),13,0.76,0.37568885771698485,0.00014941922071644827,0.279639175257732,4.952017035250988e-05,97
tct,10,spatial,13,0.78,0.22761392935757926,0.02494882978360723,0.1554982817869416,0.02404211148041231,97
tct,10,a_ratio,13,0.78,0.2811728054940502,0.0052732603575803795,0.21262886597938147,0.002032205430312129,97
tct,10,nqc,13,0.78,0.20755822319849226,0.041351948964583135,0.13402061855670105,0.051800200122302374,97
tct,10,bertQPP,13,0.78,0.37494330254983677,0.000154386017126253,0.28006872852233683,4.8215372827859356e-05,97
tct,10,bertQPP(QV),13,0.78,0.3706895424106677,0.0001857729007254746,0.2826460481099657,4.1045698019656674e-05,97
tct,10,spatial,13,0.8,0.23252701365675998,0.021908620260718457,0.16022336769759454,0.02007078628569656,97
tct,10,a_ratio,13,0.8,0.2802988798946131,0.0054223076638624,0.21134020618556704,0.0021637443470699886,97
tct,10,nqc,13,0.8,0.21572223092155202,0.033826899994346675,0.14003436426116841,0.04214791401843269,97
tct,10,bertQPP,13,0.8,0.36844093753080775,0.00020465576455565908,0.28092783505154645,4.570292642778511e-05,97
tct,10,bertQPP(QV),13,0.8,0.3646214895841127,0.000240843696601732,0.28608247422680416,3.304769864022772e-05,97
tct,10,spatial,13,0.82,0.23726993498025367,0.01928036384747713,0.16537800687285226,0.016403064445582434,97
tct,10,a_ratio,13,0.82,0.279395214370245,0.00558035155968042,0.20876288659793818,0.0024505203740822256,97
tct,10,nqc,13,0.82,0.22533381114838757,0.026477628986430964,0.14304123711340208,0.037922646089534044,97
tct,10,bertQPP,13,0.82,0.3609739400456472,0.00028083315481910065,0.2822164948453609,4.216585457755637e-05,97
tct,10,bertQPP(QV),13,0.82,0.3575764385792472,0.0003235026421231949,0.2856529209621994,3.395967010111564e-05,97
tct,10,spatial,13,0.84,0.2418305357143547,0.017013573330124175,0.1679553264604811,0.014800614099959652,97
tct,10,a_ratio,13,0.84,0.2784682427274051,0.0057467082223084,0.21134020618556704,0.0021637443470699886,97
tct,10,nqc,13,0.84,0.23673400801390582,0.019563065878875203,0.15034364261168387,0.02913493133073165,97
tct,10,bertQPP,13,0.84,0.35265434935621875,0.0003959770515674762,0.2792096219931272,5.085839224791733e-05,97
tct,10,bertQPP(QV),13,0.84,0.3496672958784175,0.0004469518077943291,0.2792096219931272,5.085839224791733e-05,97
tct,10,spatial,13,0.86,0.24619791405019492,0.015062361506805002,0.1752577319587629,0.010984624932232429,97
tct,10,a_ratio,13,0.86,0.2775235804058246,0.005920752807379017,0.209192439862543,0.002400428947085522,97
tct,10,nqc,13,0.86,0.2503153926626196,0.013403505869589154,0.1597938144329897,0.02040649882574069,97
tct,10,bertQPP,13,0.86,0.3436084488110829,0.0005693213168934171,0.27491408934707906,6.626470924810731e-05,97
tct,10,bertQPP(QV),13,0.86,0.3410215222992942,0.0006303663481836955,0.26975945017182135,9.058641607986754e-05,97
tct,10,spatial,13,0.88,0.25036255388094397,0.013385465115972712,0.17611683848797252,0.010598840128977079,97
tct,10,a_ratio,13,0.88,0.2765661162939259,0.006101910391295894,0.20704467353951894,0.0026605976928076114,97
tct,10,nqc,13,0.88,0.2664447602163512,0.008338977663730028,0.16924398625429557,0.01405239227763608,97
tct,10,bertQPP,13,0.88,0.33397008700852115,0.0008284347973748695,0.26632302405498287,0.00011124963084926736,97
tct,10,bertQPP(QV),13,0.88,0.3317742013854387,0.000900836690141917,0.26374570446735396,0.00012958397281742168,97
tct,10,spatial,13,0.9,0.25431642721223346,0.011946134367842351,0.17697594501718217,0.010225152665271457,97
tct,10,a_ratio,13,0.9,0.2756000957761445,0.006289648794305365,0.20446735395189009,0.0030066996042901117,97
tct,10,nqc,13,0.9,0.28519913944095315,0.004632577620747588,0.18470790378006877,0.007355176256510775,97
tct,10,bertQPP,13,0.9,0.32387432743477423,0.0012116068593914294,0.2555841924398626,0.0002082313453780151,97
tct,10,bertQPP(QV),13,0.9,0.3220614890168956,0.0012954467316639024,0.25472508591065296,0.00021872261513442568,97
tct,10,spatial,13,0.92,0.2580530665536269,0.010711920383203547,0.1786941580756014,0.00951278395726825,97
tct,10,a_ratio,13,0.92,0.27462919546309816,0.006483472871996939,0.20360824742268044,0.003130893451622874,97
tct,10,nqc,13,0.92,0.3056169711408117,0.0023334398379552864,0.1984536082474227,0.003979453005162126,97
tct,10,bertQPP,13,0.92,0.3134519436902354,0.001770160447931314,0.24183848797250862,0.0004492042155364218,97
tct,10,bertQPP(QV),13,0.92,0.3120149792363593,0.0018632006802384899,0.2414089347079038,0.0004598488311252096,97
tct,10,spatial,13,0.94,0.26156760593199163,0.009654390905469922,0.17912371134020622,0.009341755733078497,97
tct,10,a_ratio,13,0.94,0.2736565901503941,0.006682919954272922,0.2053264604810997,0.002887015591872923,97
tct,10,nqc,13,0.94,0.32395344949515087,0.0012080625778979088,0.2173539518900344,0.0016102081655090619,97
tct,10,bertQPP,13,0.94,0.3028250797935002,0.0025702625616291813,0.23067010309278352,0.00081607670119364,97
tct,10,bertQPP(QV),13,0.94,0.3017573068097721,0.002666408843000379,0.22766323024054988,0.0009543472910132449,97
tct,10,spatial,13,0.96,0.2648567903763551,0.008748801194172472,0.18513745704467358,0.007219338175415614,97
tct,10,a_ratio,13,0.96,0.27268501260080347,0.00688755618141544,0.20060137457044677,0.0036032888355043277,97
tct,10,nqc,13,0.96,0.3311871795415231,0.0009211457799410581,0.23582474226804126,0.000621432826309228,97
tct,10,bertQPP,13,0.96,0.29210419561142387,0.0036937351734250994,0.2169243986254296,0.001644941169576058,97
tct,10,bertQPP(QV),13,0.96,0.29139909518744045,0.0037811068360141223,0.21434707903780073,0.0018682268943729797,97
tct,10,spatial,13,0.98,0.26791895489317785,0.00797374269291893,0.1902920962199313,0.005756239608165468,97
tct,10,a_ratio,13,0.98,0.27171680676040566,0.0070969735416693824,0.19673539518900346,0.004305679427335466,97
tct,10,nqc,13,0.98,0.31463397392566955,0.0016967999348555655,0.2336769759450172,0.0006965926026270434,97
tct,10,bertQPP,13,0.98,0.2813862518256234,0.005237415263013464,0.21048109965635742,0.002255725464528707,97
tct,10,bertQPP(QV),13,0.98,0.28103718645576214,0.005296148668466663,0.209192439862543,0.002400428947085522,97
tct,10,spatial,13,1.0,0.27075397501214243,0.007310787457412784,0.1941580756013746,0.0048406217198878375,97
tct,10,a_ratio,13,1.0,0.27075397501214243,0.007310787457412784,0.1941580756013746,0.0048406217198878375,97
tct,10,nqc,13,1.0,0.27075397501214243,0.007310787457412784,0.1941580756013746,0.0048406217198878375,97
tct,10,bertQPP,13,1.0,0.27075397501214243,0.007310787457412784,0.1941580756013746,0.0048406217198878375,97
tct,10,bertQPP(QV),13,1.0,0.27075397501214243,0.007310787457412784,0.1941580756013746,0.0048406217198878375,97
tct,10,spatial,14,0.0,0.033377062904937055,0.7455179611795428,0.01718213058419244,0.8031038928688624,97
tct,10,a_ratio,14,0.0,0.12032506943967171,0.2404059919205959,0.1168384879725086,0.08998850130140247,97
tct,10,nqc,14,0.0,0.1374755409635702,0.1793335293649571,0.10524054982817871,0.12672143082539938,97
tct,10,bertQPP,14,0.0,0.24060884244426767,0.017597008346410068,0.16065292096219932,0.019739903980340746,97
tct,10,bertQPP(QV),14,0.0,0.22743786537523114,0.025064137471383592,0.14218213058419246,0.039091423487606906,97
tct,10,spatial,14,0.02,0.036898003053235026,0.7197339546432349,0.02061855670103093,0.7647885664914993,97
tct,10,a_ratio,14,0.02,0.13050942871480659,0.20260560246561748,0.12757731958762888,0.06412770883743656,97
tct,10,nqc,14,0.02,0.13791002622805223,0.1779497051787042,0.10609965635738833,0.1236515932692785,97
tct,10,bertQPP,14,0.02,0.24396968107936162,0.016032174872332442,0.16108247422680416,0.01941379508307944,97
tct,10,bertQPP(QV),14,0.02,0.23080042720451904,0.022938749352424837,0.14475945017182132,0.035674068768179766,97
tct,10,spatial,14,0.04,0.04050887274272008,0.6936136401351489,0.02491408934707904,0.7177021136751226,97
tct,10,a_ratio,14,0.04,0.14077398109054326,0.16902331656863712,0.13831615120274915,0.044736513464296176,97
tct,10,nqc,14,0.04,0.1383625792787569,0.17651666965145962,0.10652920962199315,0.12213859984356254,97
tct,10,bertQPP,14,0.04,0.2474490241217625,0.014540446804956787,0.16194158075601378,0.018775672464210122,97
tct,10,bertQPP(QV),14,0.04,0.23428440484459512,0.020901045813444773,0.1469072164948454,0.033024149712135395,97
tct,10,spatial,14,0.06,0.044211326427682884,0.6671980787408949,0.025773195876288665,0.708405677956768,97
tct,10,a_ratio,14,0.06,0.15105840176678922,0.1396875533356807,0.14604810996563578,0.03406318246416719,97
tct,10,nqc,14,0.06,0.13883434740381398,0.17503181874026194,0.10781786941580758,0.11768634646990996,97
tct,10,bertQPP,14,0.06,0.25105127097731156,0.013124403776780737,0.16623711340206188,0.015852745291372216,97
tct,10,bertQPP(QV),14,0.06,0.23789457888046278,0.01895530401324156,0.14948453608247425,0.030068308790855192,97
tct,10,spatial,14,0.08,0.04800690403918011,0.6405333817899241,0.029639175257731964,0.6671244311500414,97
tct,10,a_ratio,14,0.08,0.16129687133442105,0.1144852843824106,0.14862542955326463,0.03102727109196935,97
tct,10,nqc,14,0.08,0.1393265767870573,0.17349236791668218,0.10824742268041239,0.11623089832126132,97
tct,10,bertQPP,14,0.08,0.2547807807926349,0.01178629742189746,0.16924398625429557,0.01405239227763608,97
tct,10,bertQPP(QV),14,0.08,0.2416357349447202,0.017105468185267876,0.1512027491408935,0.028226597294347726,97
tct,10,spatial,14,0.1,0.051897007999486475,0.613670799055069,0.033505154639175264,0.6268270582661877,97
tct,10,a_ratio,14,0.1,0.17141954372956658,0.0931809777513572,0.1554982817869416,0.02404211148041231,97
tct,10,nqc,14,0.1,0.1398406233579421,0.17189533706902357,0.10781786941580758,0.11768634646990996,97
tct,10,bertQPP,14,0.1,0.25864181124589103,0.010527996036292986,0.16924398625429557,0.01405239227763608,97
tct,10,bertQPP(QV),14,0.1,0.2455126074950805,0.01535506961268278,0.15335051546391754,0.026061836085581373,97
tct,10,spatial,14,0.12,0.055882877915867823,0.5866667331038186,0.03608247422680413,0.6005585641963793,97
tct,10,a_ratio,14,0.12,0.18135440260515343,0.0754446491231621,0.16151202749140894,0.01909240321886764,97
tct,10,nqc,14,0.12,0.14037796509592762,0.17023753399182864,0.10824742268041239,0.11623089832126132,97
tct,10,bertQPP,14,0.12,0.2626384417593331,0.009350929302580325,0.1709621993127148,0.013106785247853048,97
tct,10,bertQPP(QV),14,0.12,0.24952980839220446,0.013707143245815047,0.16022336769759454,0.02007078628569656,97
tct,10,spatial,14,0.14,0.059965562866897,0.5595826660515265,0.03694158075601375,0.5919142896074897,97
tct,10,a_ratio,14,0.14,0.19102942224366248,0.060884717008298735,0.16408934707903783,0.01726000960595295,97
tct,10,nqc,14,0.14,0.14094021602093762,0.1685155363314285,0.10781786941580758,0.11768634646990996,97
tct,10,bertQPP,14,0.14,0.26677447792807846,0.008256034794238157,0.17310996563573885,0.01200419316896961,97
tct,10,bertQPP(QV),14,0.14,0.25369173703234726,0.012164142927511935,0.16408934707903783,0.01726000960595295,97
tct,10,spatial,14,0.16,0.06414589122217391,0.5324849849627887,0.04166666666666668,0.5454246199804633,97
tct,10,a_ratio,14,0.16,0.20037490571566546,0.04908103204127465,0.16022336769759454,0.02007078628569656,97
tct,10,nqc,14,0.16,0.14152914214441897,0.16672567184867065,0.1086769759450172,0.11478963120763813,97
tct,10,bertQPP,14,0.16,0.27105333340401666,0.0072437083110752625,0.17998281786941583,0.009007907605249525,97
tct,10,bertQPP(QV),14,0.16,0.25800246820079015,0.010727857759063394,0.1666666666666667,0.01558372473088864,97
tct,10,spatial,14,0.18,0.06842443797266853,0.5054446927520005,0.0425257731958763,0.5371707606067591,97
tct,10,a_ratio,14,0.18,0.2093258401556142,0.03961410073116061,0.16451890034364264,0.016970096384742294,97
tct,10,nqc,14,0.18,0.14214667970753703,0.16486399685393044,0.10910652920962201,0.11336246240953972,97
tct,10,bertQPP,14,0.18,0.27547788486076946,0.00631376040939375,0.18041237113402064,0.008845012615594157,97
tct,10,bertQPP(QV),14,0.18,0.2624656131539115,0.00939933272574569,0.16881443298969073,0.014298004272030715,97
tct,10,spatial,14,0.2,0.0728014895950053,0.47853699278762585,0.046391752577319596,0.5008221569685896,97
tct,10,a_ratio,14,0.2,0.21782409391698446,0.03208785988557743,0.16838487972508595,0.01454739544260673,97
tct,10,nqc,14,0.2,0.14279495609634696,0.162926272666408,0.10996563573883163,0.110550087489207,97
tct,10,bertQPP,14,0.2,0.2800502950086774,0.00546538174294515,0.18256013745704472,0.00806936233603351,97
tct,10,bertQPP(QV),14,0.2,0.26708414872050706,0.008178797264783265,0.17353951890034366,0.011793812186781842,97
tct,10,spatial,14,0.22,0.0772770065301486,0.4518407376357622,0.04810996563573884,0.4850959502795227,97
tct,10,a_ratio,14,0.22,0.22582028742613303,0.026144932574920076,0.1752577319587629,0.010984624932232429,97
tct,10,nqc,14,0.22,0.14347631390113744,0.16090793995115024,0.11125429553264607,0.10643517898925002,97
tct,10,bertQPP,14,0.22,0.284771797954539,0.004697119981931815,0.1829896907216495,0.007921746820669876,97
tct,10,bertQPP(QV),14,0.22,0.2718602084595796,0.007065605941970904,0.17568728522336774,0.01079019991112942,97
tct,10,spatial,14,0.24,0.08185058342628679,0.42543773559341824,0.04853951890034365,0.4812066051703042,97
tct,10,a_ratio,14,0.24,0.23327519906765787,0.021474686158724592,0.18213058419243988,0.008219435652041644,97
tct,10,nqc,14,0.24,0.14419333868208317,0.15880409079557595,0.11211340206185569,0.10376002930884054,97
tct,10,bertQPP,14,0.24,0.2896424405550678,0.004006871078290525,0.18384879725085912,0.0076337511300162714,97
tct,10,bertQPP(QV),14,0.24,0.2767948291641617,0.006058195732742547,0.18041237113402064,0.008845012615594157,97
tct,10,spatial,14,0.26,0.08652140737800487,0.39941191292726047,0.050687285223367705,0.46201693847175085,97
tct,10,a_ratio,14,0.26,0.24016061513598588,0.017815350963647114,0.18857388316151205,0.006211170636578692,97
tct,10,nqc,14,0.26,0.14494889112038642,0.15660943840580535,0.11254295532646051,0.10244263799035044,97
tct,10,bertQPP,14,0.26,0.29466077286887427,0.003391887444972318,0.1911512027491409,0.005540236417616152,97
tct,10,bertQPP(QV),14,0.26,0.2818876453281373,0.005154064492020343,0.18384879725085912,0.0076337511300162714,97
tct,10,spatial,14,0.28,0.09128821448982558,0.37384833505367726,0.054553264604811004,0.4285767645779882,97
tct,10,a_ratio,14,0.28,0.24645959083852875,0.014951876864415452,0.19501718213058422,0.004655971971265852,97
tct,10,nqc,14,0.28,0.14574614437904343,0.1543182843366678,0.11340206185567013,0.09984779835922447,97
tct,10,bertQPP,14,0.28,0.299823480480411,0.002848805167157429,0.19673539518900346,0.004305679427335466,97
tct,10,bertQPP(QV),14,0.28,0.2871365237036072,0.004349774950675633,0.18814432989690724,0.00632984784895861,97
tct,10,spatial,14,0.3,0.09614924520185017,0.34883209619610234,0.05927835051546393,0.3896811249151011,97
tct,10,a_ratio,14,0.3,0.2521661478538734,0.012711192728788762,0.19974226804123715,0.0037496927052216027,97
tct,10,nqc,14,0.3,0.14658862767777703,0.1519244832243143,0.11125429553264607,0.10643517898925002,97
tct,10,bertQPP,14,0.3,0.3051249515129423,0.002373691629163608,0.202319587628866,0.003325969220576063,97
tct,10,bertQPP(QV),14,0.3,0.2925371299312056,0.0036409879051528438,0.19158075601374575,0.0054350017041903615,97
tct,10,spatial,14,0.32,0.10110219893809158,0.3244470941595524,0.0622852233676976,0.36608612957525455,97
tct,10,a_ratio,14,0.32,0.25728448394802905,0.010956253155534583,0.2018900343642612,0.0033934144348203364,97
tct,10,nqc,14,0.32,0.1474802773123188,0.14942140507637344,0.11211340206185569,0.10376002930884054,97
tct,10,bertQPP,14,0.32,0.31055677179469166,0.0019621139108855446,0.20489690721649487,0.002946303078171719,97
tct,10,bertQPP(QV),14,0.32,0.2980824196559655,0.003022527102168947,0.1941580756013746,0.0048406217198878375,97
tct,10,spatial,14,0.34,0.10614418877276363,0.3007747144805482,0.0657216494845361,0.340237883454913,97
tct,10,a_ratio,14,0.34,0.261827805124733,0.00957986987441029,0.2100515463917526,0.0023030471051788694,97
tct,10,nqc,14,0.34,0.1484254966319145,0.14680189530464802,0.11254295532646051,0.10244263799035044,97
tct,10,bertQPP,14,0.34,0.31610714320338157,0.0016092270069075006,0.20833333333333337,0.0025015666651811157,97
tct,10,bertQPP(QV),14,0.34,0.30376204786618893,0.002488476636634335,0.19802405498281792,0.004058834798972484,97
tct,10,spatial,14,0.36,0.11127169695380701,0.2778924559336136,0.06658075601374572,0.3339631552636785,97
tct,10,a_ratio,14,0.36,0.2658169078670848,0.008498948856710051,0.2130584192439863,0.0019900166497547295,97
tct,10,nqc,14,0.36,0.14942922684754578,0.14405823287796124,0.11211340206185569,0.10376002930884054,97
tct,10,bertQPP,14,0.36,0.321760223095201,0.0013098794224405542,0.21219931271477666,0.0020752134680172376,97
tct,10,bertQPP(QV),14,0.36,0.30956169283696133,0.002032309519129006,0.20017182130584193,0.0036758280937195186,97
tct,10,spatial,14,0.38,0.11648053227274878,0.25587253667991117,0.07173539518900345,0.2978933833803449,97
tct,10,a_ratio,14,0.38,0.2692786389700907,0.007649451026983433,0.21520618556701035,0.0017908788065225548,97
tct,10,nqc,14,0.38,0.15049703099921946,0.14118208725404327,0.11297250859106532,0.10113858933462912,97
tct,10,bertQPP,14,0.38,0.3274953874310518,0.0010587321294328903,0.21649484536082478,0.0016803624081385136,97
tct,10,bertQPP(QV),14,0.38,0.31546229556294153,0.0016470435590137528,0.20360824742268044,0.003130893451622874,97
tct,10,spatial,14,0.4,0.12176579042040012,0.23478052661641283,0.07946735395189004,0.2488442983857856,97
tct,10,a_ratio,14,0.4,0.2722443467425959,0.006982182554441688,0.21907216494845363,0.0014779202366871586,97
tct,10,nqc,14,0.4,0.15163519399353248,0.1381644751562647,0.11426116838487975,0.09730564872611688,97
tct,10,bertQPP,14,0.4,0.33328642733943076,0.0008503854017003373,0.21606529209621997,0.0017164841150655054,97
tct,10,bertQPP(QV),14,0.4,0.32143922257379365,0.001325418080657896,0.20575601374570449,0.0028288190417010725,97
tct,10,spatial,14,0.42,0.1271218186124734,0.2146740560617259,0.08848797250859108,0.19912082868170233,97
tct,10,a_ratio,14,0.42,0.27474841485119966,0.006459391360480776,0.22207903780068733,0.0012702502748310276,97
tct,10,nqc,14,0.42,0.15285084237241373,0.13499571884576522,0.11426116838487975,0.09730564872611688,97
tct,10,bertQPP,14,0.42,0.3391006990374384,0.000679506904051043,0.22079037800687287,0.0013557124652369783,97
tct,10,bertQPP(QV),14,0.42,0.3274613702539135,0.0010600825675769162,0.20747422680412375,0.0026065887949513057,97
tct,10,spatial,14,0.44,0.13254218589954742,0.19560165314471353,0.09493127147766325,0.1683392012081001,97
tct,10,a_ratio,14,0.44,0.27682694378506434,0.006052079837183951,0.21907216494845363,0.0014779202366871586,97
tct,10,nqc,14,0.44,0.15415208844420797,0.13166540837636947,0.11512027491408937,0.09481550621817705,97
tct,10,bertQPP,14,0.44,0.34489826084905784,0.0005409538073791386,0.2216494845360825,0.001298168853613724,97
tct,10,bertQPP(QV),14,0.44,0.33349024292124063,0.0008437864983697318,0.2100515463917526,0.0023030471051788694,97
tct,10,spatial,14,0.46,0.13801966068247826,0.17760176157421204,0.09450171821305844,0.17027316035268703,97
tct,10,a_ratio,14,0.46,0.278516619018231,0.0057379188562834025,0.22079037800687287,0.0013557124652369783,97
tct,10,nqc,14,0.46,0.15554820467197378,0.12816237151406132,0.11512027491408937,0.09481550621817705,97
tct,10,bertQPP,14,0.46,0.35063104886212626,0.0004298818223684621,0.22293814432989695,0.0012160687743494618,97
tct,10,bertQPP(QV),14,0.46,0.33947905543648643,0.0006695587849610079,0.21219931271477666,0.0020752134680172376,97
tct,10,spatial,14,0.48,0.14354619702617005,0.16070198646103273,0.09278350515463919,0.1781756748775648,97
tct,10,a_ratio,14,0.48,0.27985378232388036,0.005499647727942675,0.22293814432989695,0.0012160687743494618,97
tct,10,nqc,14,0.48,0.15704983587043553,0.12447465670488855,0.11597938144329899,0.09237668593402237,97
tct,10,bertQPP,14,0.48,0.3562421643959762,0.00034183498528020704,0.22766323024054988,0.0009543472910132449,97
tct,10,bertQPP(QV),14,0.48,0.3453719339969562,0.0005308656481767154,0.2203608247422681,0.0013853583021557498,97
tct,10,spatial,14,0.5,0.1491129313898451,0.14491860838184498,0.09278350515463919,0.1781756748775648,97
tct,10,a_ratio,14,0.5,0.2808737048918788,0.0053238566584576565,0.22293814432989695,0.0012160687743494618,97
tct,10,nqc,14,0.5,0.15866925894884515,0.12058953689911715,0.11597938144329899,0.09237668593402237,97
tct,10,bertQPP,14,0.5,0.3616653708654688,0.00027281175934614036,0.23067010309278352,0.00081607670119364,97
tct,10,bertQPP(QV),14,0.5,0.35110331509019577,0.00042173759224103035,0.22594501718213064,0.0010428004886634003,97
tct,10,spatial,14,0.52,0.15471019135851996,0.13025639507677153,0.09106529209621994,0.18634796497677564,97
tct,10,a_ratio,14,0.52,0.28161004832285985,0.0052000647933441845,0.22465635738831619,0.0011140538745299275,97
tct,10,nqc,14,0.52,0.1604207028400581,0.11649354549048603,0.11512027491408937,0.09481550621817705,97
tct,10,bertQPP,14,0.52,0.36682492242336134,0.00021930535883444254,0.23324742268041243,0.0007126038672884247,97
tct,10,bertQPP(QV),14,0.52,0.3565976699805966,0.00033685924787378184,0.23238831615120278,0.0007456571945733053,97
tct,10,spatial,14,0.54,0.1603275178568167,0.11670872656606412,0.093213058419244,0.17617491386576734,97
tct,10,a_ratio,14,0.54,0.28209449183282376,0.0051200238243038,0.22508591065292102,0.0010898172708815595,97
tct,10,nqc,14,0.54,0.16232074513658107,0.11217256054184935,0.1164089347079038,0.09117630712765404,97
tct,10,bertQPP,14,0.54,0.3716358677251433,0.00017831885957859736,0.2405498281786942,0.0004818477915141724,97
tct,10,bertQPP(QV),14,0.54,0.3617697062427716,0.0002716198638499773,0.2336769759450172,0.0006965926026270434,97
tct,10,spatial,14,0.56,0.16595370214272112,0.10425803390625081,0.09922680412371135,0.1498976871116754,97
tct,10,a_ratio,14,0.56,0.2823565002704248,0.005077192311196776,0.22465635738831619,0.0011140538745299275,97
tct,10,nqc,14,0.56,0.1643888071729433,0.10761196045814186,0.11769759450171824,0.08765026442852013,97
tct,10,bertQPP,14,0.56,0.37600498298977103,0.00014735826657379382,0.24226804123711343,0.00043878992015195634,97
tct,10,bertQPP(QV),14,0.56,0.36652521207285926,0.00022212656224059697,0.23067010309278352,0.00081607670119364,97
tct,10,spatial,14,0.58,0.17157683860861678,0.09287653542091753,0.10266323024054985,0.13628751627610397,97
tct,10,a_ratio,14,0.58,0.2824232068313085,0.0050663385678015845,0.2203608247422681,0.0013853583021557498,97
tct,10,nqc,14,0.58,0.16664777635059752,0.10279688420023068,0.11726804123711342,0.08881318243030219,97
tct,10,bertQPP,14,0.58,0.3798324810691799,0.00012440893356336743,0.24484536082474234,0.00038088964117221485,97
tct,10,bertQPP(QV),14,0.58,0.3707627045549635,0.0001851864941521317,0.2336769759450172,0.0006965926026270434,97
tct,10,spatial,14,0.6,0.17718439405713995,0.0825272383580148,0.11039518900343644,0.10916471457232763,97
tct,10,a_ratio,14,0.6,0.2823193856885112,0.005083240130928372,0.22079037800687287,0.0013557124652369783,97
tct,10,nqc,14,0.6,0.1691247940864479,0.09771264320896862,0.11855670103092786,0.08536128644887009,97
tct,10,bertQPP,14,0.6,0.38301460855842084,0.00010790237001477203,0.24828178694158082,0.0003147483455907583,97
tct,10,bertQPP(QV),14,0.6,0.37437600978821184,0.00015826721705302992,0.2405498281786942,0.0004818477915141724,97
tct,10,spatial,14,0.62,0.18276329367283253,0.07316515990678993,0.11726804123711342,0.08881318243030219,97
tct,10,a_ratio,14,0.62,0.28206749232444217,0.005124455748753295,0.21907216494845363,0.0014779202366871586,97
tct,10,nqc,14,0.62,0.1718522608188084,0.09234535204967212,0.11726804123711342,0.08881318243030219,97
tct,10,bertQPP,14,0.62,0.3854471736223649,9.668153610843192e-05,0.25343642611683853,0.00023539388087640415,97
tct,10,bertQPP(QV),14,0.62,0.3772578321387823,0.00013944671826918953,0.24570446735395193,0.0003632334933323789,97
tct,10,spatial,14,0.64,0.18830002338639834,0.06473871059183531,0.12328178694158079,0.07362159410235054,97
tct,10,a_ratio,14,0.64,0.28168775251175066,0.005187151868802616,0.22207903780068733,0.0012702502748310276,97
tct,10,nqc,14,0.64,0.17486912727202641,0.0866828724874821,0.11855670103092786,0.08536128644887009,97
tct,10,bertQPP,14,0.64,0.3870299406119856,8.997346908871426e-05,0.2530068728522337,0.00024121095691616908,97
tct,10,bertQPP(QV),14,0.64,0.37930425826225317,0.0001273656651499963,0.25472508591065296,0.00021872261513442568,97
tct,10,spatial,14,0.66,0.19378074774289483,0.057191176204420435,0.12628865979381446,0.0668634129345248,97
tct,10,a_ratio,14,0.66,0.2811982841943138,0.005268970163145011,0.2173539518900344,0.0016102081655090619,97
tct,10,nqc,14,0.66,0.17822256522892463,0.08071620373451922,0.11769759450171824,0.08765026442852013,97
tct,10,bertQPP,14,0.66,0.38767168992703127,8.737898598765525e-05,0.2521477663230241,0.0002532519652694692,97
tct,10,bertQPP(QV),14,0.66,0.38041999482541977,0.0001211951776388847,0.25601374570446744,0.000203164735220203,97
tct,10,spatial,14,0.68,0.19919144176176054,0.050462232176461425,0.13058419243986258,0.05810246319620013,97
tct,10,a_ratio,14,0.68,0.280615239671686,0.005367926036406517,0.21606529209621997,0.0017164841150655054,97
tct,10,nqc,14,0.68,0.18197014311901447,0.07444150231149317,0.12113402061855671,0.07878300963914868,97
tct,10,bertQPP,14,0.68,0.3872955909686133,8.889092431156774e-05,0.2555841924398626,0.0002082313453780151,97
tct,10,bertQPP(QV),14,0.68,0.3805239759413318,0.00012063447675956897,0.2594501718213059,0.00016660580916833792,97
tct,10,spatial,14,0.7,0.20451803464522916,0.04448942671023924,0.13831615120274915,0.044736513464296176,97
tct,10,a_ratio,14,0.7,0.2799529583219637,0.0054823305990412095,0.21434707903780073,0.0018682268943729797,97
tct,10,nqc,14,0.7,0.18618267305523495,0.06786297902198998,0.12371134020618559,0.07262323979726368,97
tct,10,bertQPP,14,0.7,0.3858444021648587,9.49556637444661e-05,0.2633161512027492,0.000132903765324325,97
tct,10,bertQPP(QV),14,0.7,0.37955482937121054,0.00012595505968490144,0.26460481099656363,0.00012317744827931967,97
tct,10,spatial,14,0.72,0.2097465625874532,0.03920957562093064,0.14003436426116841,0.04214791401843269,97
tct,10,a_ratio,14,0.72,0.2792241225315739,0.005610730472612775,0.21520618556701035,0.0017908788065225548,97
tct,10,nqc,14,0.72,0.1909479453677523,0.06099699306867532,0.12585910652920965,0.0677963948466897,97
tct,10,bertQPP,14,0.72,0.38328493151146714,0.00010659824344307615,0.2654639175257732,0.00011707036468109733,97
tct,10,bertQPP(QV),14,0.72,0.3774755997261713,0.00013811238995570571,0.26975945017182135,9.058641607986754e-05,97
tct,10,spatial,14,0.74,0.21486332739751685,0.03456002188362321,0.14261168384879727,0.03850326567762371,97
tct,10,a_ratio,14,0.74,0.27843991151980607,0.005751861193268763,0.21649484536082478,0.0016803624081385136,97
tct,10,nqc,14,0.74,0.19637561517295923,0.05387772477003036,0.13015463917525774,0.058933277914773506,97
tct,10,bertQPP,14,0.74,0.3796111971957432,0.0001256397364506998,0.2710481099656358,8.381752378824866e-05,97
tct,10,bertQPP(QV),14,0.74,0.3742771293409173,0.00015895289577634738,0.2710481099656358,8.381752378824866e-05,97
tct,10,spatial,14,0.76,0.21985505721350448,0.030479725163371503,0.147766323024055,0.03201236643126749,97
tct,10,a_ratio,14,0.76,0.27761014937247924,0.0059046110202825835,0.2130584192439863,0.0019900166497547295,97
tct,10,nqc,14,0.76,0.20260352178397167,0.04656480433818785,0.13445017182130586,0.05105421646643944,97
tct,10,bertQPP,14,0.76,0.37484583814792855,0.00015504649663841805,0.27491408934707906,6.626470924810731e-05,97
tct,10,bertQPP(QV),14,0.76,0.3699796130433345,0.00019155296722522008,0.2770618556701031,5.80796004740303e-05,97
tct,10,spatial,14,0.78,0.22470906528659484,0.026910159876144937,0.15378006872852237,0.025646544632394585,97
tct,10,a_ratio,14,0.78,0.27674344487499636,0.006067992732340751,0.21262886597938147,0.002032205430312129,97
tct,10,nqc,14,0.78,0.20980561413481122,0.03915307471658636,0.13745704467353953,0.04608031263937092,97
tct,10,bertQPP,14,0.78,0.3690395302209407,0.0001994629252359443,0.27620274914089354,6.123156446679978e-05,97
tct,10,bertQPP(QV),14,0.78,0.3646320627643531,0.0002407358380176158,0.2770618556701031,5.80796004740303e-05,97
tct,10,spatial,14,0.8,0.22941340268191934,0.023796013346054575,0.1554982817869416,0.02404211148041231,97
tct,10,a_ratio,14,0.8,0.2758473217107384,0.0062411215744779215,0.2096219931271478,0.002351276432455258,97
tct,10,nqc,14,0.8,0.2182011709359543,0.03178399109155572,0.14475945017182132,0.035674068768179766,97
tct,10,bertQPP,14,0.8,0.362268428406541,0.0002659886757938573,0.27577319587628873,6.286763010435062e-05,97
tct,10,bertQPP(QV),14,0.8,0.35830970163641773,0.00031381777105917124,0.28006872852233683,4.8215372827859356e-05,97
tct,10,spatial,14,0.82,0.23395700079491216,0.02108568733722553,0.15764604810996566,0.022159535570441733,97
tct,10,a_ratio,14,0.82,0.2749283383178681,0.006423197954163464,0.20661512027491413,0.0027156275780873427,97
tct,10,nqc,14,0.82,0.2280634600435325,0.024656472067079032,0.147766323024055,0.03201236643126749,97
tct,10,bertQPP,14,0.82,0.35462992287566963,0.0003652607968991985,0.2822164948453609,4.216585457755637e-05,97
tct,10,bertQPP(QV),14,0.82,0.3511095933059175,0.0004216302857944822,0.28092783505154645,4.570292642778511e-05,97
tct,10,spatial,14,0.84,0.23832979982441865,0.01873161587728479,0.16323024054982818,0.017852894393926448,97
tct,10,a_ratio,14,0.84,0.2739921972243513,0.006613493813438085,0.20704467353951894,0.0026605976928076114,97
tct,10,nqc,14,0.84,0.2397215462837027,0.01803149316009912,0.154639175257732,0.024833107958687445,97
tct,10,bertQPP,14,0.84,0.3462372082135263,0.0005128814543408517,0.2826460481099657,4.1045698019656674e-05,97
tct,10,bertQPP(QV),14,0.84,0.3431450368584119,0.0005798418035108063,0.2731958762886598,7.358676773635807e-05,97
tct,10,spatial,14,0.86,0.24252285976968022,0.016690419415035854,0.1658075601374571,0.016125841537736958,97
tct,10,a_ratio,14,0.86,0.27304384404990417,0.0068113418526292175,0.2018900343642612,0.0033934144348203364,97
tct,10,nqc,14,0.86,0.2535367676257554,0.012218759285992998,0.16752577319587633,0.015057708996420909,97
tct,10,bertQPP,14,0.86,0.33721327880912055,0.0007311825450973495,0.27878006872852235,5.2230841404023976e-05,97
tct,10,bertQPP(QV),14,0.86,0.33453937571508424,0.0008105523870827235,0.26374570446735396,0.00012958397281742168,97
tct,10,spatial,14,0.88,0.24652845110706234,0.014922919854018854,0.16881443298969073,0.014298004272030715,97
tct,10,a_ratio,14,0.88,0.2720875566107694,0.007016126970243208,0.20017182130584193,0.0036758280937195186,97
tct,10,nqc,14,0.88,0.26980301204394475,0.0075275284165434815,0.1752577319587629,0.010984624932232429,97
tct,10,bertQPP,14,0.88,0.3276849650416379,0.0010512347854443307,0.2680412371134021,0.00010041746330816103,97
tct,10,bertQPP(QV),14,0.88,0.32541986624921937,0.0011440573209268196,0.2577319587628867,0.0001840336555755922,97
tct,10,spatial,14,0.9,0.25034012302147574,0.01339404303951084,0.17654639175257736,0.010410504577977625,97
tct,10,a_ratio,14,0.9,0.27112702471849975,0.007227279428002229,0.19931271477663232,0.003824903963020039,97
tct,10,nqc,14,0.9,0.2884393923016878,0.0041683580035449625,0.18771477663230243,0.006450561996249079,97
tct,10,bertQPP,14,0.9,0.317777529977379,0.001514897882283386,0.25429553264604815,0.00022415245533308512,97
tct,10,bertQPP(QV),14,0.9,0.3159121467278505,0.0016205786110359804,0.2530068728522337,0.00024121095691616908,97
tct,10,spatial,14,0.92,0.2539527478751333,0.01207263521260832,0.1786941580756014,0.00951278395726825,97
tct,10,a_ratio,14,0.92,0.2701654213512028,0.007444269360678554,0.19673539518900346,0.004305679427335466,97
tct,10,nqc,14,0.92,0.30817989870417106,0.0021335462072678626,0.19630584192439868,0.0043909374810577745,97
tct,10,bertQPP,14,0.92,0.30761019014203034,0.0021765941665954896,0.24097938144329903,0.0004707284379041492,97
tct,10,bertQPP(QV),14,0.92,0.3061356788228962,0.002291671711130447,0.24355670103092786,0.0004088834881762593,97
tct,10,spatial,14,0.94,0.25736254144501436,0.010931218259881553,0.18084192439862545,0.008684754281086702,97
tct,10,a_ratio,14,0.94,0.2692054659138475,0.007666602335550092,0.1971649484536083,0.004221925130091803,97
tct,10,nqc,14,0.94,0.32484856398443684,0.0011686170951659477,0.22079037800687287,0.0013557124652369783,97
tct,10,bertQPP,14,0.94,0.29729274821333107,0.003104408929226574,0.22508591065292102,0.0010898172708815595,97
tct,10,bertQPP(QV),14,0.94,0.2962003475046675,0.0032209616406993656,0.22594501718213064,0.0010428004886634003,97
tct,10,spatial,14,0.96,0.2605670593011052,0.009945705793682967,0.18341924398625434,0.007776554495134835,97
tct,10,a_ratio,14,0.96,0.26824948030784523,0.007893815732053428,0.19759450171821308,0.0041396512632380965,97
tct,10,nqc,14,0.96,0.32935193176447947,0.0009873619368729288,0.23238831615120278,0.0007456571945733053,97
tct,10,bertQPP,14,0.96,0.28692336567961546,0.004380117255347557,0.21262886597938147,0.002032205430312129,97
tct,10,bertQPP(QV),14,0.96,0.2862042381810028,0.004483880243796051,0.21219931271477666,0.0020752134680172376,97
tct,10,spatial,14,0.98,0.26356517048357087,0.00909509868008892,0.186426116838488,0.006825229731210832,97
tct,10,a_ratio,14,0.98,0.2672994385102837,0.008125475763125826,0.19630584192439868,0.0043909374810577745,97
tct,10,nqc,14,0.98,0.3103620809070043,0.00197567309555378,0.22895189003436428,0.0008926252002239728,97
tct,10,bertQPP,14,0.98,0.2765873818826717,0.0060978340719568674,0.20575601374570449,0.0028288190417010725,97
tct,10,bertQPP(QV),14,0.98,0.2762324851833291,0.00616617979484268,0.20618556701030932,0.0027716955730928564,97
tct,10,spatial,14,1.0,0.2663570103282193,0.008361174999248247,0.19201030927835053,0.00533157487845821,97
tct,10,a_ratio,14,1.0,0.2663570103282193,0.008361174999248247,0.19201030927835053,0.00533157487845821,97
tct,10,nqc,14,1.0,0.2663570103282193,0.008361174999248247,0.19201030927835053,0.00533157487845821,97
tct,10,bertQPP,14,1.0,0.2663570103282193,0.008361174999248247,0.19201030927835053,0.00533157487845821,97
tct,10,bertQPP(QV),14,1.0,0.2663570103282193,0.008361174999248247,0.19201030927835053,0.00533157487845821,97
tct,10,spatial,15,0.0,0.033377062904937055,0.7455179611795428,0.01718213058419244,0.8031038928688624,97
tct,10,a_ratio,15,0.0,0.12032506943967171,0.2404059919205959,0.1168384879725086,0.08998850130140247,97
tct,10,nqc,15,0.0,0.1374755409635702,0.1793335293649571,0.10524054982817871,0.12672143082539938,97
tct,10,bertQPP,15,0.0,0.24060884244426767,0.017597008346410068,0.16065292096219932,0.019739903980340746,97
tct,10,bertQPP(QV),15,0.0,0.22743786537523114,0.025064137471383592,0.14218213058419246,0.039091423487606906,97
tct,10,spatial,15,0.02,0.037107471315598814,0.7182095242549188,0.02061855670103093,0.7647885664914993,97
tct,10,a_ratio,15,0.02,0.13102689846829677,0.20080581219319238,0.12972508591065296,0.0597739314027888,97
tct,10,nqc,15,0.02,0.13792690593395657,0.1778961020602235,0.10609965635738833,0.1236515932692785,97
tct,10,bertQPP,15,0.02,0.24415554262049605,0.015949265464405192,0.16065292096219932,0.019739903980340746,97
tct,10,bertQPP(QV),15,0.02,0.23095755497805018,0.022843320718928747,0.14475945017182132,0.035674068768179766,97
tct,10,spatial,15,0.04,0.04093684852016613,0.6905406565877509,0.026202749140893475,0.7037735989090746,97
tct,10,a_ratio,15,0.04,0.14182856765854301,0.16582106845928313,0.14046391752577322,0.04152093691345949,97
tct,10,nqc,15,0.04,0.1383970410002059,0.17640789245129063,0.10609965635738833,0.1236515932692785,97
tct,10,bertQPP,15,0.04,0.24783166926641997,0.014383988093789008,0.16151202749140894,0.01909240321886764,97
tct,10,bertQPP(QV),15,0.04,0.23460728863337307,0.0207203133478043,0.147766323024055,0.03201236643126749,97
tct,10,spatial,15,0.06,0.044867283808981154,0.6625589862764784,0.025343642611683852,0.7130485680719618,97
tct,10,a_ratio,15,0.06,0.15267119343832058,0.13546048667013072,0.14261168384879727,0.03850326567762371,97
tct,10,nqc,15,0.06,0.13888713826966317,0.1748662362914485,0.10695876288659796,0.12064011527036375,97
tct,10,bertQPP,15,0.06,0.2516425214455365,0.012903833487983088,0.16623711340206188,0.015852745291372216,97
tct,10,bertQPP(QV),15,0.06,0.23839255336451967,0.018699550973465234,0.15077319587628868,0.0286776674564184,97
tct,10,spatial,15,0.08,0.048900764170006064,0.6343181233584396,0.029639175257731964,0.6671244311500414,97
tct,10,a_ratio,15,0.08,0.16349027196596783,0.10957538028565468,0.1473367697594502,0.03251488713772691,97
tct,10,nqc,15,0.08,0.139398492647863,0.17326828684135864,0.10781786941580758,0.11768634646990996,97
tct,10,bertQPP,15,0.08,0.25559344545872187,0.01151105546229492,0.1670962199312715,0.015318729327102553,97
tct,10,bertQPP(QV),15,0.08,0.24231891370211023,0.016785059022239136,0.15034364261168387,0.02913493133073165,97
tct,10,spatial,15,0.1,0.05303914956261091,0.6058777632341709,0.029639175257731964,0.6671244311500414,97
tct,10,a_ratio,15,0.1,0.17421699547437852,0.08788290296859677,0.15378006872852237,0.025646544632394585,97
tct,10,nqc,15,0.1,0.13993251312342214,0.17161099987151046,0.10781786941580758,0.11768634646990996,97
tct,10,bertQPP,15,0.1,0.25968978210350246,0.010207441026764932,0.16838487972508595,0.01454739544260673,97
tct,10,bertQPP(QV),15,0.1,0.24639196352527412,0.01498036279412332,0.1550687285223368,0.024434836082135623,97
tct,10,spatial,15,0.12,0.05728414539255605,0.5773036959047805,0.0313573883161512,0.6490868603039283,97
tct,10,a_ratio,15,0.12,0.1847799396746832,0.0699991939724424,0.16365979381443302,0.01755425786967657,97
tct,10,nqc,15,0.12,0.14049073556702762,0.16989111730399406,0.1086769759450172,0.11478963120763813,97
tct,10,bertQPP,15,0.12,0.26393679883029003,0.008994247922059431,0.16838487972508595,0.01454739544260673,97
tct,10,bertQPP(QV),15,0.12,0.25061726346569363,0.013288394716962078,0.1585051546391753,0.021443192891173694,97
tct,10,spatial,15,0.14,0.06163727203294228,0.5486677028906777,0.03608247422680413,0.6005585641963793,97
tct,10,a_ratio,15,0.14,0.19510705450393306,0.055477325989701454,0.16881443298969073,0.014298004272030715,97
tct,10,nqc,15,0.14,0.14107483728591103,0.16810514937601437,0.10910652920962201,0.11336246240953972,97
tct,10,bertQPP,15,0.14,0.26833960345616636,0.007872145234088407,0.1752577319587629,0.010984624932232429,97
tct,10,bertQPP(QV),15,0.14,0.2550002606167382,0.011711401238619558,0.16151202749140894,0.01909240321886764,97
tct,10,spatial,15,0.16,0.06609983125951216,0.5200473236559573,0.04123711340206186,0.5495750194028222,97
tct,10,a_ratio,15,0.16,0.20512785107125855,0.04384472498603553,0.16752577319587633,0.015057708996420909,97
tct,10,nqc,15,0.16,0.14168665361999624,0.16624935520327494,0.10953608247422682,0.11194930892644765,97
tct,10,bertQPP,15,0.16,0.2729030354604974,0.006841159658545091,0.17912371134020622,0.009341755733078497,97
tct,10,bertQPP(QV),15,0.16,0.25954618665639295,0.010250852454144744,0.1658075601374571,0.016125841537736958,97
tct,10,spatial,15,0.18,0.0706728695020744,0.4915254741697273,0.04467353951890035,0.5168145411906753,97
tct,10,a_ratio,15,0.18,0.21477564596905332,0.03463560858115987,0.1752577319587629,0.010984624932232429,97
tct,10,nqc,15,0.18,0.14232819692022386,0.16431972161955122,0.10953608247422682,0.11194930892644765,97
tct,10,bertQPP,15,0.18,0.2776315301630826,0.005900630339309349,0.18084192439862545,0.008684754281086702,97
tct,10,bertQPP(QV),15,0.18,0.2642599297682579,0.008907358222634101,0.16838487972508595,0.01454739544260673,97
tct,10,spatial,15,0.2,0.07535713785877735,0.4631899020968993,0.04553264604810997,0.5087854171288679,97
tct,10,a_ratio,15,0.2,0.2239897064612419,0.027415615727092068,0.18256013745704472,0.00806936233603351,97
tct,10,nqc,15,0.2,0.14300167831568367,0.16231194017099193,0.11039518900343644,0.10916471457232763,97
tct,10,bertQPP,15,0.2,0.2825289502795899,0.005049175469195906,0.18341924398625434,0.007776554495134835,97
tct,10,bertQPP(QV),15,0.2,0.2691458749324202,0.007680595139995941,0.17225085910652924,0.012434959394241826,97
tct,10,spatial,15,0.22,0.08015304887825465,0.43513246622094626,0.04768041237113403,0.4890022573020564,97
tct,10,a_ratio,15,0.22,0.2327171408449803,0.021797644462115164,0.1898625429553265,0.005867063974983271,97
tct,10,nqc,15,0.22,0.1437095327570328,0.16022138215176082,0.11082474226804125,0.10779310640620364,97
tct,10,bertQPP,15,0.22,0.28759837847668857,0.004284673962528407,0.18728522336769762,0.006573343269072617,97
tct,10,bertQPP(QV),15,0.22,0.27420770627071767,0.0065692492268768325,0.17439862542955328,0.011382836808156348,97
tct,10,spatial,15,0.24,0.08506063018831009,0.40744823221869203,0.05111683848797252,0.4582309196968538,97
tct,10,a_ratio,15,0.24,0.2409143987178775,0.01744949087706746,0.1937285223367698,0.004935409194231109,97
tct,10,nqc,15,0.24,0.1444544479229464,0.15804307158437558,0.11211340206185569,0.10376002930884054,97
tct,10,bertQPP,15,0.24,0.2928418636440481,0.0036042654241010743,0.19201030927835053,0.00533157487845821,97
tct,10,bertQPP(QV),15,0.24,0.27944816419847174,0.005570979475242767,0.17697594501718217,0.010225152665271457,97
tct,10,spatial,15,0.26,0.0900794751402435,0.3802343829337053,0.054123711340206195,0.432221333716273,97
tct,10,a_ratio,15,0.26,0.24854828342346338,0.014094901282373609,0.19974226804123715,0.0037496927052216027,97
tct,10,nqc,15,0.26,0.14523939769878827,0.15577165607728438,0.11211340206185569,0.10376002930884054,97
tct,10,bertQPP,15,0.26,0.2982601127217013,0.0030043712843065315,0.1941580756013746,0.0048406217198878375,97
tct,10,bertQPP(QV),15,0.26,0.284868749211673,0.004682407368024261,0.18084192439862545,0.008684754281086702,97
tct,10,spatial,15,0.28,0.09520869074697519,0.35358894883646974,0.0627147766323024,0.3627897011875757,97
tct,10,a_ratio,15,0.28,0.2555964277209983,0.011510055824910215,0.20017182130584193,0.0036758280937195186,97
tct,10,nqc,15,0.28,0.14606768108842272,0.15340137553924613,0.11469072164948456,0.0960541193445157,97
tct,10,bertQPP,15,0.28,0.3038521191665433,0.0024807392891068843,0.19931271477663232,0.003824903963020039,97
tct,10,bertQPP(QV),15,0.28,0.290469363315758,0.00389913703422568,0.1829896907216495,0.007921746820669876,97
tct,10,spatial,15,0.3,0.10044684332152261,0.3276093733007332,0.06615120274914091,0.33709113316806516,97
tct,10,a_ratio,15,0.3,0.2620472358785416,0.00951741769250412,0.20060137457044677,0.0036032888355043277,97
tct,10,nqc,15,0.3,0.1469429676090453,0.15092602880230713,0.11426116838487975,0.09730564872611688,97
tct,10,bertQPP,15,0.3,0.3096147186614189,0.0020285124895801114,0.2018900343642612,0.0033934144348203364,97
tct,10,bertQPP(QV),15,0.3,0.296247879521924,0.0032158097273653923,0.1890034364261169,0.006094500520977148,97
tct,10,spatial,15,0.32,0.1057919023708058,0.30239093739245826,0.06915807560137457,0.3155898965616176,97
tct,10,a_ratio,15,0.32,0.26789934292145734,0.007978507552663288,0.20661512027491413,0.0027156275780873427,97
tct,10,nqc,15,0.32,0.14786935045541252,0.14833893831297376,0.11469072164948456,0.0960541193445157,97
tct,10,bertQPP,15,0.32,0.31554206268706664,0.001642322467849286,0.20747422680412375,0.0026065887949513057,97
tct,10,bertQPP(QV),15,0.32,0.3021996297124081,0.0026261947501011146,0.19243986254295536,0.005229928831102741,97
tct,10,spatial,15,0.34,0.11124118346745665,0.27802507961039086,0.07431271477663232,0.2808725107935828,97
tct,10,a_ratio,15,0.34,0.2731606782833119,0.0067866881859880955,0.2096219931271478,0.002351276432455258,97
tct,10,nqc,15,0.34,0.14885140901744062,0.1456329132091793,0.11469072164948456,0.0960541193445157,97
tct,10,bertQPP,15,0.34,0.3216250014082215,0.0013164048147964983,0.209192439862543,0.002400428947085522,97
tct,10,bertQPP(QV),15,0.34,0.3083168018134122,0.002123316783210936,0.19286941580756015,0.005130036782382208,97
tct,10,spatial,15,0.36,0.11679129100774498,0.2545976567953654,0.07689003436426119,0.26452436355398434,97
tct,10,a_ratio,15,0.36,0.27784724295458746,0.005860601827457781,0.2134879725085911,0.0019486331283160838,97
tct,10,nqc,15,0.36,0.14989428271165622,0.1428002113288662,0.11383161512027494,0.0985701799206937,97
tct,10,bertQPP,15,0.36,0.3278503694051283,0.0010447329558953753,0.2134879725085911,0.0019486331283160838,97
tct,10,bertQPP(QV),15,0.36,0.31458773903664133,0.0016996168911592843,0.20017182130584193,0.0036758280937195186,97
tct,10,spatial,15,0.38,0.12243806196349818,0.2321872024249197,0.07817869415807562,0.25660117603543875,97
tct,10,a_ratio,15,0.38,0.28198171582043297,0.005138558466219208,0.21391752577319592,0.001908041073171658,97
tct,10,nqc,15,0.38,0.1510037585660745,0.13983250102308556,0.11340206185567013,0.09984779835922447,97
tct,10,bertQPP,15,0.38,0.33420017168200045,0.0008211644917010396,0.21649484536082478,0.0016803624081385136,97
tct,10,bertQPP(QV),15,0.38,0.320996137519137,0.0013471414594112593,0.1984536082474227,0.003979453005162126,97
tct,10,spatial,15,0.4,0.12817651194492802,0.21086324677870028,0.07989690721649485,0.24629548858904848,97
tct,10,a_ratio,15,0.4,0.28559199823142234,0.004573941681971085,0.21821305841924402,0.0015427588468996702,97
tct,10,nqc,15,0.4,0.15218637561133297,0.1367208241120608,0.11469072164948456,0.0960541193445157,97
tct,10,bertQPP,15,0.4,0.3406506738189201,0.0006395925291314491,0.2212199312714777,0.001326652810302692,97
tct,10,bertQPP(QV),15,0.4,0.3275201447151579,0.0010577502820099524,0.20618556701030932,0.0027716955730928564,97
tct,10,spatial,15,0.42,0.13400078510229196,0.19068476898094702,0.08376288659793817,0.22417771625382632,97
tct,10,a_ratio,15,0.42,0.28870978961445865,0.004131564354836972,0.21950171821305847,0.0014464512863097319,97
tct,10,nqc,15,0.42,0.15344954992072035,0.13345556198286607,0.11426116838487975,0.09730564872611688,97
tct,10,bertQPP,15,0.42,0.34717140993820544,0.0004940933149895683,0.22465635738831619,0.0011140538745299275,97
tct,10,bertQPP(QV),15,0.42,0.3341313702125347,0.0008233323790528918,0.20704467353951894,0.0026605976928076114,97
tct,10,spatial,15,0.44,0.13990410959766564,0.17169885271647442,0.0854810996563574,0.2148174024411691,97
tct,10,a_ratio,15,0.44,0.2913692653280253,0.0037848435807594947,0.22250859106529214,0.001242886914966472,97
tct,10,nqc,15,0.44,0.15480172516543764,0.13002640776105587,0.1168384879725086,0.08998850130140247,97
tct,10,bertQPP,15,0.44,0.35372413621158416,0.00037906111909281643,0.22723367697594504,0.000975784420613921,97
tct,10,bertQPP(QV),15,0.44,0.34079383416205816,0.0006360163557740353,0.21262886597938147,0.002032205430312129,97
tct,10,spatial,15,0.46,0.1458787605616286,0.15393961465559253,0.0893470790378007,0.19479398827541883,97
tct,10,a_ratio,15,0.46,0.29360590489246136,0.003513646586264674,0.22250859106529214,0.001242886914966472,97
tct,10,nqc,15,0.46,0.15625255488699907,0.12642234880724548,0.11855670103092786,0.08536128644887009,97
tct,10,bertQPP,15,0.46,0.36026177671019083,0.000289321950517784,0.23109965635738836,0.0007979153488644113,97
tct,10,bertQPP(QV),15,0.46,0.34746289704063915,0.0004883616607651597,0.2169243986254296,0.001644941169576058,97
tct,10,spatial,15,0.48,0.15191603259908895,0.13742746679024068,0.09020618556701032,0.1905365207922204,97
tct,10,a_ratio,15,0.48,0.2954554971861916,0.0033026671136785796,0.22079037800687287,0.0013557124652369783,97
tct,10,nqc,15,0.48,0.15781312444292483,0.12263166565075169,0.11769759450171824,0.08765026442852013,97
tct,10,bertQPP,15,0.48,0.36672743287451814,0.0002202193843694843,0.23453608247422683,0.0006655682797928671,97
tct,10,bertQPP(QV),15,0.48,0.3540842384843318,0.00037351826104262283,0.22079037800687287,0.0013557124652369783,97
tct,10,spatial,15,0.5,0.15800622400698985,0.12216876089070261,0.09364261168384881,0.17419095096502246,97
tct,10,a_ratio,15,0.5,0.29695333109566047,0.0031402108874737478,0.2216494845360825,0.001298168853613724,97
tct,10,nqc,15,0.5,0.1594962229019413,0.118641956098743,0.1168384879725086,0.08998850130140247,97
tct,10,bertQPP,15,0.5,0.3730535573124393,0.00016766839435033228,0.2392611683848798,0.0005166931871154039,97
tct,10,bertQPP(QV),15,0.5,0.36059298212031976,0.0002853450733242197,0.22250859106529214,0.001242886914966472,97
tct,10,spatial,15,0.52,0.16413863489690378,0.10815584558029892,0.10008591065292097,0.14640165493450158,97
tct,10,a_ratio,15,0.52,0.29813356630610094,0.0030172911176064017,0.22336769759450176,0.0011897860106094835,97
tct,10,nqc,15,0.52,0.16131667825471038,0.11444019696555935,0.11769759450171824,0.08765026442852013,97
tct,10,bertQPP,15,0.52,0.37916142516392254,0.00012817629468541024,0.23754295532646055,0.0005668140402706258,97
tct,10,bertQPP(QV),15,0.52,0.36691309603439703,0.00021848169567701586,0.23152920962199317,0.0007801296905645403,97
tct,10,spatial,15,0.54,0.1703015813589448,0.09536754511114835,0.10567010309278352,0.12517917667351905,97
tct,10,a_ratio,15,0.54,0.299028769477126,0.002926956208583995,0.22508591065292102,0.0010898172708815595,97
tct,10,nqc,15,0.54,0.16329177344975057,0.11001286109643577,0.11855670103092786,0.08536128644887009,97
tct,10,bertQPP,15,0.54,0.3849610679430595,9.883320898025834e-05,0.24183848797250862,0.0004492042155364218,97
tct,10,bertQPP(QV),15,0.54,0.3729572310133377,0.00016837297442918293,0.23453608247422683,0.0006655682797928671,97
tct,10,spatial,15,0.56,0.1764824276432934,0.08377004535819914,0.11039518900343644,0.10916471457232763,97
tct,10,a_ratio,15,0.56,0.29966959548472766,0.002863790057175905,0.22594501718213064,0.0010428004886634003,97
tct,10,nqc,15,0.56,0.1654417663589361,0.10534611473401635,0.11941580756013748,0.08312087785946547,97
tct,10,bertQPP,15,0.56,0.3903518589089239,7.727737215836834e-05,0.24484536082474234,0.00038088964117221485,97
tct,10,bertQPP(QV),15,0.56,0.3786271845779172,0.00013125090890184557,0.24269759450171827,0.0004286013573495472,97
tct,10,spatial,15,0.58,0.18266763805747416,0.07331814879529064,0.11254295532646051,0.10244263799035044,97
tct,10,a_ratio,15,0.58,0.3000845909804912,0.0028235400649644937,0.22465635738831619,0.0011140538745299275,97
tct,10,nqc,15,0.58,0.1677905443795048,0.10042613065580104,0.11984536082474227,0.08201867152410211,97
tct,10,bertQPP,15,0.58,0.3952239460379191,6.16425933927891e-05,0.2525773195876289,0.00024716269151633816,97
tct,10,bertQPP(QV),15,0.58,0.38381518867558106,0.00010408251426058734,0.25042955326460486,0.0002790440350017295,97
tct,10,spatial,15,0.6,0.18884284987200203,0.06395683844235418,0.11469072164948456,0.0960541193445157,97
tct,10,a_ratio,15,0.6,0.30030009739759844,0.0028028394827043653,0.22508591065292102,0.0010898172708815595,97
tct,10,nqc,15,0.6,0.1703664547691352,0.09523956706731868,0.11984536082474227,0.08201867152410211,97
tct,10,bertQPP,15,0.6,0.39946070677410295,5.049613693245044e-05,0.26460481099656363,0.00012317744827931967,97
tct,10,bertQPP(QV),15,0.6,0.3884062009585091,8.449491280491807e-05,0.2573024054982818,0.0001886509599840551,97
tct,10,spatial,15,0.62,0.19499296799142346,0.055623073078979214,0.12156357388316154,0.07772782073014356,97
tct,10,a_ratio,15,0.62,0.30034023195692133,0.002798999436108247,0.22250859106529214,0.001242886914966472,97
tct,10,nqc,15,0.62,0.17320336607122122,0.08977428251161636,0.1202749140893471,0.08092834885233069,97
tct,10,bertQPP,15,0.62,0.402942336081094,4.277517393180107e-05,0.26589347079037806,0.0001141250014345169,97
tct,10,bertQPP(QV),15,0.62,0.39228132171645047,7.068987919677643e-05,0.2598797250859107,0.00016249811961052113,97
tct,10,spatial,15,0.64,0.20110228148836862,0.048247724156231894,0.12242268041237117,0.07565197367789964,97
tct,10,a_ratio,15,0.64,0.3002269275569529,0.0028098525074887965,0.2173539518900344,0.0016102081655090619,97
tct,10,nqc,15,0.64,0.1763420356028215,0.08402038496120993,0.12113402061855671,0.07878300963914868,97
tct,10,bertQPP,15,0.64,0.40555056797590994,3.77291596971725e-05,0.2641752577319588,0.00012634244111771396,97
tct,10,bertQPP(QV),15,0.64,0.39532235213842226,6.135955778396777e-05,0.26932989690721654,9.295520334274114e-05,97
tct,10,spatial,15,0.66,0.2071546013315831,0.041757559947465876,0.12757731958762888,0.06412770883743656,97
tct,10,a_ratio,15,0.66,0.29998001517989964,0.002833634568365626,0.21606529209621997,0.0017164841150655054,97
tct,10,nqc,15,0.66,0.1798318849118535,0.07797175087804194,0.12285223367697597,0.07463114343880432,97
tct,10,bertQPP,15,0.66,0.40717437202820095,3.487453711653573e-05,0.26589347079037806,0.0001141250014345169,97
tct,10,bertQPP(QV),15,0.66,0.3974173548533828,5.5613726439731154e-05,0.26975945017182135,9.058641607986754e-05,97
tct,10,spatial,15,0.68,0.21313341779267467,0.03607718491827206,0.13230240549828182,0.05487593045339063,97
tct,10,a_ratio,15,0.68,0.2996173352680743,0.002868895094708631,0.2169243986254296,0.001644941169576058,97
tct,10,nqc,15,0.68,0.18373332177837615,0.07162819892362304,0.1245704467353952,0.07065977324075139,97
tct,10,bertQPP,15,0.68,0.40771627614288486,3.396769886347557e-05,0.27018900343642616,8.827472841766767e-05,97
tct,10,bertQPP(QV),15,0.68,0.398466889130513,5.292765940190226e-05,0.27061855670103097,8.601885162206065e-05,97
tct,10,spatial,15,0.7,0.2190220751293412,0.03113085158323709,0.13616838487972513,0.04815964796946807,97
tct,10,a_ratio,15,0.7,0.2991548671972761,0.0029144287807821526,0.2169243986254296,0.001644941169576058,97
tct,10,nqc,15,0.7,0.188120796200134,0.06499856234768472,0.12414089347079041,0.07163599473940602,97
tct,10,bertQPP,15,0.7,0.40709877822091106,3.500282119047887e-05,0.272766323024055,7.553337506197832e-05,97
tct,10,bertQPP(QV),15,0.7,0.3983904023189315,5.3119249301903764e-05,0.27534364261168387,6.454501938742568e-05,97
tct,10,spatial,15,0.72,0.2248039602633226,0.026844077006301356,0.14132302405498284,0.040290653027956765,97
tct,10,a_ratio,15,0.72,0.29860686837033246,0.0029692231530632023,0.21477663230240554,0.0018291772025326055,97
tct,10,nqc,15,0.72,0.19308683987357114,0.0581049661529386,0.13015463917525774,0.058933277914773506,97
tct,10,bertQPP,15,0.72,0.40527016849737785,3.824366687305395e-05,0.2770618556701031,5.80796004740303e-05,97
tct,10,bertQPP(QV),15,0.72,0.3971321119106772,5.636540556806797e-05,0.28006872852233683,4.8215372827859356e-05,97
tct,10,spatial,15,0.74,0.23046270135441843,0.023145014777494897,0.15034364261168387,0.02913493133073165,97
tct,10,a_ratio,15,0.74,0.29798601651690715,0.003032418261773248,0.21477663230240554,0.0018291772025326055,97
tct,10,nqc,15,0.74,0.19874740899060395,0.05098865516463262,0.13230240549828182,0.05487593045339063,97
tct,10,bertQPP,15,0.74,0.4022090404342342,4.4303386533369296e-05,0.272766323024055,7.553337506197832e-05,97
tct,10,bertQPP(QV),15,0.74,0.3946656584651189,6.327149812097974e-05,0.277491408934708,5.656185112022831e-05,97
tct,10,spatial,15,0.76,0.23598237147548634,0.019965553657925433,0.15635738831615123,0.02327305567367708,97
tct,10,a_ratio,15,0.76,0.2973035505043927,0.0031032755335837076,0.21262886597938147,0.002032205430312129,97
tct,10,nqc,15,0.76,0.20524890511475224,0.0437176738443844,0.13402061855670105,0.051800200122302374,97
tct,10,bertQPP,15,0.76,0.39792685540092554,5.4294280017870564e-05,0.27491408934707906,6.626470924810731e-05,97
tct,10,bertQPP(QV),15,0.76,0.3909968847690526,7.501412741246939e-05,0.2770618556701031,5.80796004740303e-05,97
tct,10,spatial,15,0.78,0.24134769207304524,0.01724213404084399,0.16108247422680416,0.01941379508307944,97
tct,10,a_ratio,15,0.78,0.29656940635744133,0.0031811536066347853,0.21262886597938147,0.002032205430312129,97
tct,10,nqc,15,0.78,0.21277721169503838,0.03639642399120711,0.13702749140893475,0.046764860648197036,97
tct,10,bertQPP,15,0.78,0.39246814811322395,7.008058875968835e-05,0.2779209621993128,5.5081722625004346e-05,97
tct,10,bertQPP(QV),15,0.78,0.3861643069174395,9.358660397146087e-05,0.2792096219931272,5.085839224791733e-05,97
tct,10,spatial,15,0.8,0.24654423060201924,0.01491629113752586,0.16623711340206188,0.015852745291372216,97
tct,10,a_ratio,15,0.8,0.2957923462845341,0.003265489511804096,0.21048109965635742,0.002255725464528707,97
tct,10,nqc,15,0.8,0.22156873062409327,0.029176324339580787,0.1396048109965636,0.042782883164389815,97
tct,10,bertQPP,15,0.8,0.38590827967916386,9.468081640930883e-05,0.27491408934707906,6.626470924810731e-05,97
tct,10,bertQPP(QV),15,0.8,0.3802371551272482,0.00012218697753173648,0.27491408934707906,6.626470924810731e-05,97
tct,10,spatial,15,0.82,0.2515585866861703,0.012934948065438195,0.16967353951890035,0.013810511589466142,97
tct,10,a_ratio,15,0.82,0.2949800793597389,0.0033557839653621897,0.2100515463917526,0.0023030471051788694,97
tct,10,nqc,15,0.82,0.2319221071812741,0.02226492328131859,0.1443298969072165,0.03622527510674091,97
tct,10,bertQPP,15,0.82,0.37834899440094916,0.0001328788661252605,0.27362542955326463,7.168767375692266e-05,97
tct,10,bertQPP(QV),15,0.82,0.3733112092536399,0.0001657971862218071,0.2766323024054983,5.9635866438532616e-05,97
tct,10,spatial,15,0.84,0.2563785613955855,0.011250492086842855,0.17697594501718217,0.010225152665271457,97
tct,10,a_ratio,15,0.84,0.2941393731482478,0.0034515898361507417,0.20833333333333337,0.0025015666651811157,97
tct,10,nqc,15,0.84,0.24420536030464923,0.015927105859078187,0.15635738831615123,0.02327305567367708,97
tct,10,bertQPP,15,0.84,0.3699123350254997,0.00019210926788073532,0.27018900343642616,8.827472841766767e-05,97
tct,10,bertQPP(QV),15,0.84,0.3655029562623733,0.00023200328240294022,0.27491408934707906,6.626470924810731e-05,97
tct,10,spatial,15,0.86,0.26099330474633486,0.009820672995932889,0.18041237113402064,0.008845012615594157,97
tct,10,a_ratio,15,0.86,0.29327615603457924,0.0035525030729096885,0.20575601374570449,0.0028288190417010725,97
tct,10,nqc,15,0.86,0.25884174556732464,0.010466168253262123,0.16838487972508595,0.01454739544260673,97
tct,10,bertQPP,15,0.86,0.3607336539614242,0.00028367128477172426,0.25902061855670105,0.00017081103710396531,97
tct,10,bertQPP(QV),15,0.86,0.3569427879560471,0.00033209276566307816,0.26975945017182135,9.058641607986754e-05,97
tct,10,spatial,15,0.88,0.2653934372912872,0.00860836444732802,0.18513745704467358,0.007219338175415614,97
tct,10,a_ratio,15,0.88,0.29239561034740097,0.003658155544396972,0.20274914089347082,0.003259747042536618,97
tct,10,nqc,15,0.88,0.27622624822859804,0.006167386947665775,0.17912371134020622,0.009341755733078497,97
tct,10,bertQPP,15,0.88,0.35095449568843884,0.0004242885531580587,0.26116838487972516,0.00015073942387955493,97
tct,10,bertQPP(QV),15,0.88,0.34776800521019013,0.00048242757878713455,0.2620274914089347,0.00014335046231608574,97
tct,10,spatial,15,0.9,0.2695711426413894,0.007581227564209257,0.18857388316151205,0.006211170636578692,97
tct,10,a_ratio,15,0.9,0.29150225660459617,0.003768209371004969,0.20403780068728525,0.00306822352558543,97
tct,10,nqc,15,0.9,0.29644274741774274,0.0031947654912210595,0.1898625429553265,0.005867063974983271,97
tct,10,bertQPP,15,0.9,0.34071602982757354,0.0006379576462746565,0.2508591065292096,0.00027237466938260737,97
tct,10,bertQPP(QV),15,0.9,0.3381163089606193,0.0007060262469050928,0.25386597938144334,0.00022970863763271067,97
tct,10,spatial,15,0.92,0.2735202288738192,0.006711312341825142,0.18771477663230243,0.006450561996249079,97
tct,10,a_ratio,15,0.92,0.2906000293513147,0.0038823524222420403,0.20103092783505158,0.0035320539175627825,97
tct,10,nqc,15,0.92,0.31847055273301794,0.0014772550760048311,0.209192439862543,0.002400428947085522,97
tct,10,bertQPP,15,0.92,0.33015352788602215,0.0009579242770092244,0.24312714776632308,0.0004186340215940853,97
tct,10,bertQPP(QV),15,0.92,0.3281202791266071,0.0010342017418551134,0.2414089347079038,0.0004598488311252096,97
tct,10,spatial,15,0.94,0.2772361579770365,0.0059746270777114785,0.19201030927835053,0.00533157487845821,97
tct,10,a_ratio,15,0.94,0.2896923451524606,0.004000294727431382,0.19974226804123715,0.0037496927052216027,97
tct,10,nqc,15,0.94,0.3383693645713264,0.0006991200702527109,0.2216494845360825,0.001298168853613724,97
tct,10,bertQPP,15,0.94,0.31939215477895244,0.0014285105940252825,0.2336769759450172,0.0006965926026270434,97
tct,10,bertQPP(QV),15,0.94,0.3179031250066523,0.001508012111711264,0.2298109965635739,0.0008535554716530555,97
tct,10,spatial,15,0.96,0.28071604367849057,0.005350700129718842,0.19072164948453613,0.005647306460207743,97
tct,10,a_ratio,15,0.96,0.2887821633454475,0.00412176560294112,0.19673539518900346,0.004305679427335466,97
tct,10,nqc,15,0.96,0.34678588564773527,0.0005017688798378792,0.22723367697594504,0.000975784420613921,97
tct,10,bertQPP,15,0.96,0.30854413834602945,0.002106427886195229,0.22207903780068733,0.0012702502748310276,97
tct,10,bertQPP(QV),15,0.96,0.3075757840888733,0.00217921884904238,0.21950171821305847,0.0014464512863097319,97
tct,10,spatial,15,0.98,0.28395861912694764,0.004822152381677881,0.19286941580756015,0.005130036782382208,97
tct,10,a_ratio,15,0.98,0.28787204017163226,0.004246511342378067,0.19501718213058422,0.004655971971265852,97
tct,10,nqc,15,0.98,0.33081778795825645,0.0009341386589820727,0.22637457044673542,0.0010200025736501021,97
tct,10,bertQPP,15,0.98,0.2977072186740244,0.0030611872023654373,0.20618556701030932,0.0027716955730928564,97
tct,10,bertQPP(QV),15,0.98,0.2972352838707245,0.0031104444357340443,0.2053264604810997,0.002887015591872923,97
tct,10,spatial,15,1.0,0.2869641768953385,0.004374293349545937,0.1898625429553265,0.005867063974983271,97
tct,10,a_ratio,15,1.0,0.2869641768953385,0.004374293349545937,0.1898625429553265,0.005867063974983271,97
tct,10,nqc,15,1.0,0.2869641768953385,0.004374293349545937,0.1898625429553265,0.005867063974983271,97
tct,10,bertQPP,15,1.0,0.2869641768953385,0.004374293349545937,0.1898625429553265,0.005867063974983271,97
tct,10,bertQPP(QV),15,1.0,0.2869641768953385,0.004374293349545937,0.1898625429553265,0.005867063974983271,97
tct,10,spatial,16,0.0,0.033377062904937055,0.7455179611795428,0.01718213058419244,0.8031038928688624,97
tct,10,a_ratio,16,0.0,0.12032506943967171,0.2404059919205959,0.1168384879725086,0.08998850130140247,97
tct,10,nqc,16,0.0,0.1374755409635702,0.1793335293649571,0.10524054982817871,0.12672143082539938,97
tct,10,bertQPP,16,0.0,0.24060884244426767,0.017597008346410068,0.16065292096219932,0.019739903980340746,97
tct,10,bertQPP(QV),16,0.0,0.22743786537523114,0.025064137471383592,0.14218213058419246,0.039091423487606906,97
tct,10,spatial,16,0.02,0.03688010247010652,0.7198642792684742,0.021907216494845363,0.7505619727933218,97
tct,10,a_ratio,16,0.02,0.1304221983463727,0.20291013038993583,0.1284364261168385,0.06235576017343852,97
tct,10,nqc,16,0.02,0.13790052130071845,0.1779798941899938,0.10609965635738833,0.1236515932692785,97
tct,10,bertQPP,16,0.02,0.2439894198934012,0.01602335209092934,0.16108247422680416,0.01941379508307944,97
tct,10,bertQPP(QV),16,0.02,0.2308236441080177,0.022924627577664846,0.14475945017182132,0.035674068768179766,97
tct,10,spatial,16,0.04,0.04047641812199909,0.6938468763845154,0.025773195876288665,0.708405677956768,97
tct,10,a_ratio,16,0.04,0.14060837792548492,0.16953028929161146,0.14003436426116841,0.04214791401843269,97
tct,10,nqc,16,0.04,0.1383431388023609,0.1765780545253052,0.10609965635738833,0.1236515932692785,97
tct,10,bertQPP,16,0.04,0.24749215788550163,0.014522736430429126,0.16151202749140894,0.01909240321886764,97
tct,10,bertQPP(QV),16,0.04,0.2343348111402026,0.02087274241480156,0.14819587628865982,0.031516517606653575,97
tct,10,spatial,16,0.06,0.044167950051869395,0.667505291357702,0.02448453608247423,0.7223661580007107,97
tct,10,a_ratio,16,0.06,0.15082608821045224,0.14030458036677262,0.14132302405498284,0.040290653027956765,97
tct,10,nqc,16,0.06,0.13880451119637696,0.1751254531242162,0.10695876288659796,0.12064011527036375,97
tct,10,bertQPP,16,0.06,0.251121907983738,0.013097880710310376,0.1666666666666667,0.01558372473088864,97
tct,10,bertQPP(QV),16,0.06,0.23797663241855208,0.01891295643427546,0.14948453608247425,0.030068308790855192,97
tct,10,spatial,16,0.08,0.04795653452843962,0.6408843598690082,0.02792096219931272,0.6853564626190167,97
tct,10,a_ratio,16,0.08,0.16101225919409667,0.11513468046457344,0.1443298969072165,0.03622527510674091,97
tct,10,nqc,16,0.08,0.13928585237035937,0.17361935471934964,0.10781786941580758,0.11768634646990996,97
tct,10,bertQPP,16,0.08,0.25488353529199503,0.011751181176861912,0.16838487972508595,0.01454739544260673,97
tct,10,bertQPP(QV),16,0.08,0.24175443656867848,0.017049421296764358,0.1516323024054983,0.027781654237823455,97
tct,10,spatial,16,0.1,0.05184387948703596,0.6140343612709265,0.030498281786941587,0.6580807665431417,97
tct,10,a_ratio,16,0.1,0.17109958118396656,0.09380269307970535,0.14948453608247425,0.030068308790855192,97
tct,10,nqc,16,0.1,0.13978848290117152,0.17205683101607122,0.10781786941580758,0.11768634646990996,97
tct,10,bertQPP,16,0.1,0.25878186300545825,0.01048465293176842,0.16838487972508595,0.01454739544260673,97
tct,10,bertQPP(QV),16,0.1,0.24567356486160485,0.015285882364394246,0.15378006872852237,0.025646544632394585,97
tct,10,spatial,16,0.12,0.05583153737656266,0.5870110932854422,0.032646048109965645,0.6356917335694203,97
tct,10,a_ratio,16,0.12,0.18101819453729903,0.07599695591324084,0.1597938144329897,0.02040649882574069,97
tct,10,nqc,16,0.12,0.1403138419933897,0.1704347442609417,0.10824742268041239,0.11623089832126132,97
tct,10,bertQPP,16,0.12,0.26282160169631186,0.009299871404374506,0.16752577319587633,0.015057708996420909,97
tct,10,bertQPP(QV),16,0.12,0.24973930632284566,0.013625590942009975,0.15721649484536085,0.02252544814571104,97
tct,10,spatial,16,0.14,0.05992087511887559,0.559875858939818,0.03694158075601375,0.5919142896074897,97
tct,10,a_ratio,16,0.14,0.19069769087661936,0.061342902343690664,0.1670962199312715,0.015318729327102553,97
tct,10,nqc,16,0.14,0.14086350105057696,0.16874972924810083,0.1086769759450172,0.11478963120763813,97
tct,10,bertQPP,16,0.14,0.2670072600141133,0.008197915080716014,0.17310996563573885,0.01200419316896961,97
tct,10,bertQPP(QV),16,0.14,0.25395681461588115,0.012071214218575346,0.1589347079037801,0.021092644173514117,97
tct,10,spatial,16,0.16,0.0641130410605615,0.5326953496321079,0.04209621993127149,0.541289833276998,97
tct,10,a_ratio,16,0.16,0.2000693163522162,0.04943465460292657,0.17139175257731962,0.012879359856548544,97
tct,10,nqc,16,0.16,0.14143917914475523,0.16699817361702757,0.10824742268041239,0.11623089832126132,97
tct,10,bertQPP,16,0.16,0.2713430328585382,0.007179311605212001,0.17654639175257736,0.010410504577977625,97
tct,10,bertQPP(QV),16,0.16,0.2583310026714201,0.010624745481789905,0.16623711340206188,0.015852745291372216,97
tct,10,spatial,16,0.18,0.06840892883279347,0.5055414083693899,0.04424398625429554,0.52085358029868,97
tct,10,a_ratio,16,0.18,0.20906823381641573,0.039863505792384256,0.16924398625429557,0.01405239227763608,97
tct,10,nqc,16,0.18,0.14204276069963523,0.16517619628683122,0.10910652920962201,0.11336246240953972,97
tct,10,bertQPP,16,0.18,0.27583266237891824,0.006243989731869834,0.1782646048109966,0.009686599012848096,97
tct,10,bertQPP(QV),16,0.18,0.2628664102776417,0.009287417837298476,0.1666666666666667,0.01558372473088864,97
tct,10,spatial,16,0.2,0.07280913808241365,0.47849065816979464,0.043384879725085916,0.5289801545988201,97
tct,10,a_ratio,16,0.2,0.21763568175028444,0.032240608178460986,0.17955326460481102,0.009173476196585428,97
tct,10,nqc,16,0.2,0.14267631576422823,0.16327962386615028,0.10996563573883163,0.110550087489207,97
tct,10,bertQPP,16,0.2,0.2804792663772822,0.005391239911139859,0.18041237113402064,0.008845012615594157,97
tct,10,bertQPP(QV),16,0.2,0.2675670389976454,0.008059625316360156,0.17182130584192443,0.01265543298933369,97
tct,10,spatial,16,0.22,0.07731393209862059,0.45162398254055997,0.04553264604810997,0.5087854171288679,97
tct,10,a_ratio,16,0.22,0.22572086831083954,0.02621263374057739,0.18556701030927839,0.00708575590459897,97
tct,10,nqc,16,0.22,0.14334212332807023,0.16130396487522497,0.11039518900343644,0.10916471457232763,97
tct,10,bertQPP,16,0.22,0.28528512785826293,0.004619686510542266,0.18427835051546396,0.0074933028749945285,97
tct,10,bertQPP(QV),16,0.22,0.27243614785284537,0.006940855841934036,0.17353951890034366,0.011793812186781842,97
tct,10,spatial,16,0.24,0.08192319243642382,0.4250258479996804,0.046821305841924406,0.49686544158769386,97
tct,10,a_ratio,16,0.24,0.23328246037383057,0.021470511079056592,0.19329896907216498,0.0050318722795436996,97
tct,10,nqc,16,0.24,0.1440426982208169,0.15924438162008217,0.11211340206185569,0.10376002930884054,97
tct,10,bertQPP,16,0.24,0.29025143861728775,0.003927274727707162,0.1890034364261169,0.006094500520977148,97
tct,10,bertQPP(QV),16,0.24,0.27747600223694396,0.0059296409628104155,0.17654639175257736,0.010410504577977625,97
tct,10,spatial,16,0.26,0.08663637073197736,0.3987834629236983,0.053264604810996576,0.43956407502839534,97
tct,10,a_ratio,16,0.26,0.24028956724521805,0.01775229712906237,0.19630584192439868,0.0043909374810577745,97
tct,10,nqc,16,0.26,0.14478082225177727,0.15709565957072769,0.11254295532646051,0.10244263799035044,97
tct,10,bertQPP,16,0.26,0.2953779889520949,0.0033112751042563907,0.19329896907216498,0.0050318722795436996,97
tct,10,bertQPP(QV),16,0.26,0.28268756756343283,0.005023527460737431,0.17998281786941583,0.009007907605249525,97
tct,10,spatial,16,0.28,0.09145243801744207,0.3729857726423974,0.05970790378006874,0.38625489539833124,97
tct,10,a_ratio,16,0.28,0.24672217044961378,0.014841717948116681,0.19630584192439868,0.0043909374810577745,97
tct,10,nqc,16,0.28,0.14555958038461922,0.15485217412027072,0.11426116838487975,0.09730564872611688,97
tct,10,bertQPP,16,0.28,0.3006627949249857,0.002768308130054349,0.19888316151202753,0.0039014834427261624,97
tct,10,bertQPP(QV),16,0.28,0.28807013829897876,0.0042190757766882424,0.1829896907216495,0.007921746820669876,97
tct,10,spatial,16,0.3,0.09636983197503847,0.3477222976379653,0.06013745704467355,0.3828471200330016,97
tct,10,a_ratio,16,0.3,0.2525710061408851,0.012563968249995932,0.1984536082474227,0.003979453005162126,97
tct,10,nqc,16,0.3,0.14638240291624857,0.1525078546457963,0.11469072164948456,0.0960541193445157,97
tct,10,bertQPP,16,0.3,0.30610165425191194,0.0022943906927568544,0.20103092783505158,0.0035320539175627825,97
tct,10,bertQPP(QV),16,0.3,0.29362089245074713,0.0035118895794462764,0.18771477663230243,0.006450561996249079,97
tct,10,spatial,16,0.32,0.10138640272150976,0.32308182980018024,0.06486254295532648,0.34658765831762584,97
tct,10,a_ratio,16,0.32,0.25783695654700456,0.010780135329625979,0.1984536082474227,0.003979453005162126,97
tct,10,nqc,16,0.32,0.14725311484613154,0.1500561458632019,0.11469072164948456,0.0960541193445157,97
tct,10,bertQPP,16,0.32,0.311687622080431,0.0018850050540557307,0.20489690721649487,0.002946303078171719,97
tct,10,bertQPP(QV),16,0.32,0.2993343614904652,0.00289667962079855,0.1911512027491409,0.005540236417616152,97
tct,10,spatial,16,0.34,0.10649935788460407,0.29915101065687905,0.06701030927835053,0.3308539585593422,97
tct,10,a_ratio,16,0.34,0.26253004459190965,0.009381262015330058,0.19931271477663232,0.003824903963020039,97
tct,10,nqc,16,0.34,0.14817599389541405,0.1474899665790328,0.11469072164948456,0.0960541193445157,97
tct,10,bertQPP,16,0.34,0.31741039896769485,0.0015351896370042236,0.209192439862543,0.002400428947085522,97
tct,10,bertQPP(QV),16,0.34,0.3052018064472355,0.002367363238406323,0.19158075601374575,0.0054350017041903615,97
tct,10,spatial,16,0.36,0.11170520792007993,0.27601282490071705,0.07130584192439864,0.3007958300881056,97
tct,10,a_ratio,16,0.36,0.266668147633752,0.008282703236983479,0.20747422680412375,0.0026065887949513057,97
tct,10,nqc,16,0.36,0.149155838980286,0.1448016661096106,0.11340206185567013,0.09984779835922447,97
tct,10,bertQPP,16,0.36,0.32325562572476174,0.0012396492569431898,0.2096219931271478,0.002351276432455258,97
tct,10,bertQPP(QV),16,0.36,0.31121049294944275,0.0019171985043174413,0.19501718213058422,0.004655971971265852,97
tct,10,spatial,16,0.38,0.11699971281744004,0.253745051768863,0.07044673539518902,0.3066570724911982,97
tct,10,a_ratio,16,0.38,0.27027555169958006,0.007419129813727975,0.21391752577319592,0.001908041073171658,97
tct,10,nqc,16,0.38,0.15019805138258158,0.14198297888555167,0.11426116838487975,0.09730564872611688,97
tct,10,bertQPP,16,0.38,0.32920408403113,0.000992880653812405,0.21520618556701035,0.0017908788065225548,97
tct,10,bertQPP(QV),16,0.38,0.3173428619606727,0.0015389492001277691,0.19673539518900346,0.004305679427335466,97
tct,10,spatial,16,0.4,0.12237783154922799,0.23241872516199533,0.07560137457044674,0.27261459721837655,97
tct,10,a_ratio,16,0.4,0.27338145907305317,0.0067403157105331195,0.21219931271477666,0.0020752134680172376,97
tct,10,nqc,16,0.4,0.15130873142115103,0.13902497812222545,0.11383161512027494,0.0985701799206937,97
tct,10,bertQPP,16,0.4,0.33523080855541443,0.0007893074819214752,0.2177835051546392,0.0015761513468118154,97
tct,10,bertQPP(QV),16,0.4,0.3235755996143968,0.0012250737759549719,0.19759450171821308,0.0041396512632380965,97
tct,10,spatial,16,0.42,0.12783367582435345,0.2120966599733842,0.07860824742268042,0.2539971105350425,97
tct,10,a_ratio,16,0.42,0.27601854371809775,0.006207707626883965,0.21477663230240554,0.0018291772025326055,97
tct,10,nqc,16,0.42,0.15249479414834066,0.13591802996249228,0.11297250859106532,0.10113858933462912,97
tct,10,bertQPP,16,0.42,0.3413041265625667,0.0006234175300357921,0.22336769759450176,0.0011897860106094835,97
tct,10,bertQPP(QV),16,0.42,0.329878619826972,0.0009679285865859026,0.1971649484536083,0.004221925130091803,97
tct,10,spatial,16,0.44,0.13336046989999722,0.1928321060710649,0.08419243986254298,0.22181074839562664,97
tct,10,a_ratio,16,0.44,0.2782216254321906,0.005791701457689556,0.2177835051546392,0.0015761513468118154,97
tct,10,nqc,16,0.44,0.15376410852855302,0.1326517502562606,0.11254295532646051,0.10244263799035044,97
tct,10,bertQPP,16,0.44,0.3473846554846003,0.0004898941420592296,0.22508591065292102,0.0010898172708815595,97
tct,10,bertQPP(QV),16,0.44,0.3362139882396193,0.000759973448845673,0.202319587628866,0.003325969220576063,97
tct,10,spatial,16,0.46,0.1389505183763425,0.17466759193382678,0.09020618556701032,0.1905365207922204,97
tct,10,a_ratio,16,0.46,0.28002650899519055,0.0054695192054738115,0.2177835051546392,0.0015761513468118154,97
tct,10,nqc,16,0.46,0.15512566577029974,0.12921496723096051,0.11554982817869418,0.09358972367387966,97
tct,10,bertQPP,16,0.46,0.35342430836938216,0.0003837338150511473,0.22680412371134026,0.0009976667225656776,97
tct,10,bertQPP(QV),16,0.46,0.3425348363772902,0.0005939664013433065,0.21134020618556704,0.0021637443470699886,97
tct,10,spatial,16,0.48,0.14459518402854155,0.15763401645959887,0.09149484536082475,0.1842793810224047,97
tct,10,a_ratio,16,0.48,0.281469012045698,0.005223575313363535,0.21391752577319592,0.001908041073171658,97
tct,10,nqc,16,0.48,0.15658978407487725,0.1255956948691504,0.11597938144329899,0.09237668593402237,97
tct,10,bertQPP,16,0.48,0.3593653817432878,0.0003003429011444871,0.23024054982817874,0.0008346209629654949,97
tct,10,bertQPP(QV),16,0.48,0.3487843411621788,0.00046313485736636305,0.22079037800687287,0.0013557124652369783,97
tct,10,spatial,16,0.5,0.15028487780386585,0.14175003961090576,0.09106529209621994,0.18634796497677564,97
tct,10,a_ratio,16,0.5,0.2825841868743213,0.005040230663424151,0.2096219931271478,0.002351276432455258,97
tct,10,nqc,16,0.5,0.15816835916484642,0.1217811240466135,0.11469072164948456,0.0960541193445157,97
tct,10,bertQPP,16,0.5,0.3651398295765217,0.00023560821886747777,0.23539518900343648,0.0006358327263393619,97
tct,10,bertQPP(QV),16,0.5,0.35489487661662966,0.00036131230738664665,0.21907216494845363,0.0014779202366871586,97
tct,10,spatial,16,0.52,0.1560090631110026,0.12702181039809043,0.09536082474226806,0.16642177733641728,97
tct,10,a_ratio,16,0.52,0.28340572754353105,0.004908847553667393,0.21176975945017185,0.0021190549684448486,97
tct,10,nqc,16,0.52,0.15987517274464297,0.11775764168646825,0.11512027491408937,0.09481550621817705,97
tct,10,bertQPP,16,0.52,0.3706688585811405,0.0001859389961627987,0.23625429553264607,0.0006073368350083252,97
tct,10,bertQPP(QV),16,0.52,0.36078747968355807,0.00028303323560667515,0.22465635738831619,0.0011140538745299275,97
tct,10,spatial,16,0.54,0.16175627643505547,0.11344305475112763,0.09664948453608249,0.16076803875264556,97
tct,10,a_ratio,16,0.54,0.28396554464571294,0.004821075139073417,0.2130584192439863,0.0019900166497547295,97
tct,10,nqc,16,0.54,0.16172627477432844,0.113510892767431,0.11426116838487975,0.09730564872611688,97
tct,10,bertQPP,16,0.54,0.37586300969423286,0.00014828057055235946,0.23840206185567014,0.0005412133012575864,97
tct,10,bertQPP(QV),16,0.54,0.3663718061570743,0.00022358352339318745,0.2285223367697595,0.0009127757207962206,97
tct,10,spatial,16,0.56,0.16751416610982925,0.10099552709270466,0.10438144329896909,0.12985027258664464,97
tct,10,a_ratio,16,0.56,0.28429348497883505,0.004770309719941118,0.2130584192439863,0.0019900166497547295,97
tct,10,nqc,16,0.56,0.16374046045360718,0.10902590658055458,0.1164089347079038,0.09117630712765404,97
tct,10,bertQPP,16,0.56,0.3806229112797439,0.00012010321954080799,0.24355670103092786,0.0004088834881762593,97
tct,10,bertQPP(QV),16,0.56,0.371546778253238,0.00017900861726400443,0.23582474226804126,0.000621432826309228,97
tct,10,spatial,16,0.58,0.17326955075582104,0.08964980931349457,0.10738831615120277,0.11915605807960761,97
tct,10,a_ratio,16,0.58,0.2844171715858333,0.004751286923827407,0.21477663230240554,0.0018291772025326055,97
tct,10,nqc,16,0.58,0.16593986960022905,0.10428731800058903,0.11726804123711342,0.08881318243030219,97
tct,10,bertQPP,16,0.58,0.38484089151032774,9.937196665941103e-05,0.2491408934707904,0.00029998189638302743,97
tct,10,bertQPP(QV),16,0.58,0.3762021315790356,0.00014608633895650332,0.24097938144329903,0.0004707284379041492,97
tct,10,spatial,16,0.6,0.17900849844113598,0.07936642106761127,0.11082474226804125,0.10779310640620364,97
tct,10,a_ratio,16,0.6,0.28436194006163673,0.004759773076396002,0.21520618556701035,0.0017908788065225548,97
tct,10,nqc,16,0.6,0.16835074533420397,0.0992797279072575,0.11726804123711342,0.08881318243030219,97
tct,10,bertQPP,16,0.6,0.3884036088759394,8.450493318102777e-05,0.256872852233677,0.0001933769855221948,97
tct,10,bertQPP(QV),16,0.6,0.3802210429825833,0.0001222747366297228,0.25386597938144334,0.00022970863763271067,97
tct,10,spatial,16,0.62,0.1847164270438874,0.07009718765149056,0.11340206185567013,0.09984779835922447,97
tct,10,a_ratio,16,0.62,0.2841508489630679,0.004792331091799612,0.21262886597938147,0.002032205430312129,97
tct,10,nqc,16,0.62,0.17100440156433322,0.09398826588373353,0.11855670103092786,0.08536128644887009,97
tct,10,bertQPP,16,0.62,0.39119578966437973,7.432875740846301e-05,0.25859106529209624,0.00017511595223064058,97
tct,10,bertQPP(QV),16,0.62,0.38348394897949667,0.00010564748787890478,0.25601374570446744,0.000203164735220203,97
tct,10,spatial,16,0.64,0.190378225598983,0.061786797870429754,0.1168384879725086,0.08998850130140247,97
tct,10,a_ratio,16,0.64,0.28380474489811225,0.004846142380179614,0.21219931271477666,0.0020752134680172376,97
tct,10,nqc,16,0.64,0.173938465945923,0.08839944509104516,0.11855670103092786,0.08536128644887009,97
tct,10,bertQPP,16,0.64,0.3931050431386497,6.804004866685892e-05,0.2530068728522337,0.00024121095691616908,97
tct,10,bertQPP(QV),16,0.64,0.38587353899159005,9.483020418616303e-05,0.26116838487972516,0.00015073942387955493,97
tct,10,spatial,16,0.66,0.1959783956206115,0.05437447554213965,0.11898625429553265,0.08423505409007553,97
tct,10,a_ratio,16,0.66,0.2833423659284832,0.00491887093594346,0.21434707903780073,0.0018682268943729797,97
tct,10,nqc,16,0.66,0.17719848831052548,0.08250243644013769,0.11984536082474227,0.08201867152410211,97
tct,10,bertQPP,16,0.66,0.39402756266206573,6.518232087607986e-05,0.25386597938144334,0.00022970863763271067,97
tct,10,bertQPP(QV),16,0.66,0.3872807314197762,8.895115695195317e-05,0.26503436426116844,0.00012008730713750342,97
tct,10,spatial,16,0.68,0.2015012105367489,0.04779568539681158,0.1245704467353952,0.07065977324075139,97
tct,10,a_ratio,16,0.68,0.2827804699557975,0.005008559268474224,0.2134879725085911,0.0019486331283160838,97
tct,10,nqc,16,0.68,0.18084003587030512,0.0762909397049376,0.1207044673539519,0.07984982362376257,97
tct,10,bertQPP,16,0.68,0.39387433285922113,6.564911237669166e-05,0.256872852233677,0.0001933769855221948,97
tct,10,bertQPP(QV),16,0.68,0.3876112334531308,8.762040059407292e-05,0.2620274914089347,0.00014335046231608574,97
tct,10,spatial,16,0.7,0.20693089049658564,0.04198379721231944,0.13101374570446736,0.05728140399891128,97
tct,10,a_ratio,16,0.7,0.2821339775689675,0.005113548444651996,0.21176975945017185,0.0021190549684448486,97
tct,10,nqc,16,0.7,0.18493143730105033,0.06976589487051617,0.1202749140893471,0.08092834885233069,97
tct,10,bertQPP,16,0.7,0.3925772842994182,6.972693234717345e-05,0.2620274914089347,0.00014335046231608574,97
tct,10,bertQPP(QV),16,0.7,0.38679208646378016,9.095312733729992e-05,0.26159793814432997,0.00014700123564547276,97
tct,10,spatial,16,0.72,0.21225178896765173,0.03687164050807284,0.13616838487972513,0.04815964796946807,97
tct,10,a_ratio,16,0.72,0.2814161212985644,0.005232416451146262,0.21091065292096223,0.002209296231634933,97
tct,10,nqc,16,0.72,0.18955738770156427,0.06293935536396257,0.12242268041237117,0.07565197367789964,97
tct,10,bertQPP,16,0.72,0.3900947152615193,7.819721287525163e-05,0.26589347079037806,0.0001141250014345169,97
tct,10,bertQPP(QV),16,0.72,0.3847774608540181,9.965742857132785e-05,0.2624570446735396,0.00013978519828252247,97
tct,10,spatial,16,0.74,0.21744858678333495,0.0323928948761379,0.13831615120274915,0.044736513464296176,97
tct,10,a_ratio,16,0.74,0.2806385953117275,0.00536393052457365,0.20833333333333337,0.0025015666651811157,97
tct,10,nqc,16,0.74,0.19482367838582845,0.05583992129404149,0.12671821305841927,0.06594102788919391,97
tct,10,bertQPP,16,0.74,0.3864152815861279,9.252540081505251e-05,0.2667525773195877,0.00010844269870482771,97
tct,10,bertQPP(QV),16,0.74,0.38155294035656795,0.00011521423850501508,0.2641752577319588,0.00012634244111771396,97
tct,10,spatial,16,0.76,0.22250648869095607,0.028483276525171013,0.147766323024055,0.03201236643126749,97
tct,10,a_ratio,16,0.76,0.2798117012923145,0.005507010168451272,0.20747422680412375,0.0026065887949513057,97
tct,10,nqc,16,0.76,0.2008633432059172,0.048520160792936216,0.13101374570446736,0.05728140399891128,97
tct,10,bertQPP,16,0.76,0.38155996944052073,0.00011517800151121126,0.2676116838487973,0.00010302809096628477,97
tct,10,bertQPP(QV),16,0.76,0.37713765915234304,0.00014018816086729802,0.2654639175257732,0.00011707036468109733,97
tct,10,spatial,16,0.78,0.22741141703826556,0.02508149816064008,0.154639175257732,0.024833107958687445,97
tct,10,a_ratio,16,0.78,0.2789444876152956,0.0056606983738299015,0.20403780068728525,0.00306822352558543,97
tct,10,nqc,16,0.78,0.2078444374902878,0.041066318393428426,0.13187285223367698,0.055668220302014286,97
tct,10,bertQPP,16,0.78,0.3755817077244675,0.0001501238142063781,0.2654639175257732,0.00011707036468109733,97
tct,10,bertQPP(QV),16,0.78,0.3715839208828614,0.00017872074827423123,0.2633161512027492,0.000132903765324325,97
tct,10,spatial,16,0.8,0.23215019706471907,0.0221299953067135,0.16237113402061856,0.018463547347092265,97
tct,10,a_ratio,16,0.8,0.2780448799849132,0.005824139156947053,0.20403780068728525,0.00306822352558543,97
tct,10,nqc,16,0.8,0.21597926527967548,0.03361006766700558,0.13487972508591067,0.050317249987351625,97
tct,10,bertQPP,16,0.8,0.3685626037628216,0.00020359028962475793,0.27018900343642616,8.827472841766767e-05,97
tct,10,bertQPP(QV),16,0.8,0.3649742876348848,0.00023726873730854146,0.2641752577319588,0.00012634244111771396,97
tct,10,spatial,16,0.82,0.2367107283601565,0.01957542624842636,0.1709621993127148,0.013106785247853048,97
tct,10,a_ratio,16,0.82,0.2771198025102061,0.005996559974732743,0.2014604810996564,0.0034621026042757834,97
tct,10,nqc,16,0.82,0.22553354184439373,0.026340602122947355,0.1365979381443299,0.04745794602168577,97
tct,10,bertQPP,16,0.82,0.36060912577622384,0.0002851525260645784,0.26975945017182135,9.058641607986754e-05,97
tct,10,bertQPP(QV),16,0.82,0.35741649768107914,0.0003256513666023186,0.2710481099656358,8.381752378824866e-05,97
tct,10,spatial,16,0.84,0.24108213742563406,0.017368964001963222,0.17568728522336774,0.01079019991112942,97
tct,10,a_ratio,16,0.84,0.2761752887853657,0.0061772579161495774,0.20060137457044677,0.0036032888355043277,97
tct,10,nqc,16,0.84,0.23683009020149098,0.019512121846589923,0.14561855670103094,0.03459309466060896,97
tct,10,bertQPP,16,0.84,0.35184583004966324,0.0004092191869708748,0.26718213058419243,0.00010570268251880998,97
tct,10,bertQPP(QV),16,0.84,0.3490368656494818,0.00045845243902183677,0.26460481099656363,0.00012317744827931967,97
tct,10,spatial,16,0.86,0.24525490690583418,0.015466406631163701,0.18213058419243988,0.008219435652041644,97
tct,10,a_ratio,16,0.86,0.27521658296814294,0.006365588822474854,0.19630584192439868,0.0043909374810577745,97
tct,10,nqc,16,0.86,0.2502308469590269,0.01343590038639219,0.1589347079037801,0.021092644173514117,97
tct,10,bertQPP,16,0.86,0.3424083813119996,0.0005969326522614171,0.2607388316151203,0.0001545669713814958,97
tct,10,bertQPP(QV),16,0.86,0.3399729743408193,0.0006567726899105024,0.25902061855670105,0.00017081103710396531,97
tct,10,spatial,16,0.88,0.24922097792568132,0.013828136780784216,0.18771477663230243,0.006450561996249079,97
tct,10,a_ratio,16,0.88,0.2742482311437485,0.006560958683561794,0.19630584192439868,0.0043909374810577745,97
tct,10,nqc,16,0.88,0.2660518041372621,0.008438785970578348,0.17268041237113405,0.01221789425088413,97
tct,10,bertQPP,16,0.88,0.33243662090366066,0.0008784100757302264,0.25472508591065296,0.00021872261513442568,97
tct,10,bertQPP(QV),16,0.88,0.3303664635769913,0.0009502401026521581,0.2555841924398626,0.0002082313453780151,97
tct,10,spatial,16,0.9,0.2529738230031586,0.012418962806431092,0.18857388316151205,0.006211170636578692,97
tct,10,a_ratio,16,0.9,0.27327416345508115,0.006762816805174098,0.1937285223367698,0.004935409194231109,97
tct,10,nqc,16,0.9,0.28429142152709175,0.004770627649814181,0.1829896907216495,0.007921746820669876,97
tct,10,bertQPP,16,0.9,0.3220683180693859,0.0012951212541197133,0.2530068728522337,0.00024121095691616908,97
tct,10,bertQPP(QV),16,0.9,0.3203565828245829,0.0013790674639386623,0.24828178694158082,0.0003147483455907583,97
tct,10,spatial,16,0.92,0.2565084881599342,0.01120787290054834,0.1911512027491409,0.005540236417616152,97
tct,10,a_ratio,16,0.92,0.2722977675977697,0.00697065035601021,0.19243986254295536,0.005229928831102741,97
tct,10,nqc,16,0.92,0.303893963288992,0.002477152149449633,0.19974226804123715,0.0037496927052216027,97
tct,10,bertQPP,16,0.92,0.3114340419740393,0.0019020535741327098,0.23840206185567014,0.0005412133012575864,97
tct,10,bertQPP(QV),16,0.92,0.3100749548732994,0.001995824378530369,0.23582474226804126,0.000621432826309228,97
tct,10,spatial,16,0.94,0.2598216040380227,0.010167730812942595,0.18513745704467358,0.007219338175415614,97
tct,10,a_ratio,16,0.94,0.2713219543404736,0.007183979990410993,0.1941580756013746,0.0048406217198878375,97
tct,10,nqc,16,0.94,0.321109850856687,0.0013415357563666616,0.21048109965635742,0.002255725464528707,97
tct,10,bertQPP,16,0.94,0.30065337094414846,0.0027692004983513752,0.2255154639175258,0.0010660691222714972,97
tct,10,bertQPP(QV),16,0.94,0.29964175873922083,0.0028665082720816188,0.21993127147766325,0.0014156009702633058,97
tct,10,spatial,16,0.96,0.2629113669804814,0.009274937821593558,0.1859965635738832,0.006954397086601862,97
tct,10,a_ratio,16,0.96,0.2703492157528842,0.007402356310246117,0.1937285223367698,0.004935409194231109,97
tct,10,nqc,16,0.96,0.3273155618465693,0.0010658887575697561,0.22379725085910657,0.0011640289366746655,97
tct,10,bertQPP,16,0.96,0.28983245729025076,0.003981882479444518,0.21134020618556704,0.0021637443470699886,97
tct,10,bertQPP(QV),16,0.96,0.2891633307225466,0.004070500616504323,0.20790378006872856,0.0025535840012904936,97
tct,10,spatial,16,0.98,0.2657774920795398,0.00850908113243974,0.18384879725085912,0.0076337511300162714,97
tct,10,a_ratio,16,0.98,0.2693816768180062,0.007625356981784669,0.18814432989690724,0.00632984784895861,97
tct,10,nqc,16,0.98,0.31079825496121016,0.0019454127173203768,0.21950171821305847,0.0014464512863097319,97
tct,10,bertQPP,16,0.98,0.27906281887472983,0.005639505778377898,0.20274914089347082,0.003259747042536618,97
tct,10,bertQPP(QV),16,0.98,0.27873103147551753,0.005699106243385836,0.20103092783505158,0.0035320539175627825,97
tct,10,spatial,16,1.0,0.26842114108077164,0.007852584364006614,0.186426116838488,0.006825229731210832,97
tct,10,a_ratio,16,1.0,0.26842114108077164,0.007852584364006614,0.186426116838488,0.006825229731210832,97
tct,10,nqc,16,1.0,0.26842114108077164,0.007852584364006614,0.186426116838488,0.006825229731210832,97
tct,10,bertQPP,16,1.0,0.26842114108077164,0.007852584364006614,0.186426116838488,0.006825229731210832,97
tct,10,bertQPP(QV),16,1.0,0.26842114108077164,0.007852584364006614,0.186426116838488,0.006825229731210832,97
