retriever,k,qpp_method,window_size,alpha,r,p1(r),tau,p1(tau),num_of_queries,with_0shot_posterior
bm25,3,spatial,2,0.0,0.3845251940076828,0.00010080028015697167,0.21993127147766325,0.0014156009702633058,97,False
bm25,3,spatial,2,0.0,0.3547549443101819,0.00036339273676425413,0.279639175257732,4.952017035250988e-05,97,True
bm25,3,a_ratio,2,0.0,0.31361970387000354,0.0017595769544369434,0.1207044673539519,0.07984982362376257,97,False
bm25,3,a_ratio,2,0.0,0.43816884295395087,7.1675504248435e-06,0.29252577319587636,2.187111894191921e-05,97,True
bm25,3,nqc,2,0.0,0.015030440035111404,0.8838251900266161,-0.02362542955326461,0.7317251099207628,97,False
bm25,3,nqc,2,0.0,0.12251005643370629,0.23191067066611573,0.04596219931271478,0.5047955105031363,97,True
bm25,3,bertQPP,2,0.0,0.25557308579511967,0.01151788193184543,0.1868556701030928,0.006698222213035896,97,False
bm25,3,bertQPP,2,0.0,0.3294099293087749,0.0009852047034422107,0.22465635738831619,0.0011140538745299275,97,True
bm25,3,bertQPP(QV),2,0.0,0.2474761609182837,0.014529302470978231,0.18556701030927839,0.00708575590459897,97,False
bm25,3,bertQPP(QV),2,0.0,0.3424837687388707,0.0005951626637122061,0.22079037800687287,0.0013557124652369783,97,True
bm25,3,spatial,2,0.05,0.38194582169822194,0.00011320496842230934,0.2173539518900344,0.0016102081655090619,97,False
bm25,3,spatial,2,0.05,0.35422721307981575,0.0003713382832248879,0.2822164948453609,4.216585457755637e-05,97,True
bm25,3,a_ratio,2,0.05,0.31623900616555123,0.001601591552623753,0.11769759450171824,0.08765026442852013,97,False
bm25,3,a_ratio,2,0.05,0.4349107012962222,8.527404912037905e-06,0.2985395189003437,1.4766332440304394e-05,97,True
bm25,3,nqc,2,0.05,0.015081828919350022,0.883430778324547,-0.022336769759450176,0.7458382926337936,97,False
bm25,3,nqc,2,0.05,0.12293379069342637,0.23028776415341848,0.04553264604810997,0.5087854171288679,97,True
bm25,3,bertQPP,2,0.05,0.25792403796694774,0.010752602572029868,0.19544673539518906,0.0045660596694361046,97,False
bm25,3,bertQPP,2,0.05,0.3354112358091334,0.000783847998303285,0.2328178694158076,0.0007289565212236814,97,True
bm25,3,bertQPP(QV),2,0.05,0.2503146615636338,0.013403785705931263,0.18256013745704472,0.00806936233603351,97,False
bm25,3,bertQPP(QV),2,0.05,0.3497667533461099,0.00044516184401806845,0.22336769759450176,0.0011897860106094835,97,True
bm25,3,spatial,2,0.1,0.37474639730759174,0.00015572306603465203,0.2216494845360825,0.001298168853613724,97,False
bm25,3,spatial,2,0.1,0.3536299142504609,0.00038052386089116577,0.28092783505154645,4.570292642778511e-05,97,True
bm25,3,a_ratio,2,0.1,0.3162961512693617,0.001598292800105216,0.11168384879725088,0.1050908480999539,97,False
bm25,3,a_ratio,2,0.1,0.4304172395875966,1.080440319936144e-05,0.2976804123711341,1.56256421584244e-05,97,True
bm25,3,nqc,2,0.1,0.015138497034567594,0.8829958812871284,-0.02405498281786942,0.7270405431127746,97,False
bm25,3,nqc,2,0.1,0.1233996739503508,0.22851261686064908,0.04596219931271478,0.5047955105031363,97,True
bm25,3,bertQPP,2,0.1,0.2592997040184383,0.010325745611428315,0.1890034364261169,0.006094500520977148,97,False
bm25,3,bertQPP,2,0.1,0.3402209008197863,0.0006504391885991104,0.23024054982817874,0.0008346209629654949,97,True
bm25,3,bertQPP(QV),2,0.1,0.2520359628949647,0.01275885195813607,0.1752577319587629,0.010984624932232429,97,False
bm25,3,bertQPP(QV),2,0.1,0.35543431054126823,0.00035339446361776217,0.22207903780068733,0.0012702502748310276,97,True
bm25,3,spatial,2,0.15,0.3622822038462567,0.0002658346736343262,0.22207903780068733,0.0012702502748310276,97,False
bm25,3,spatial,2,0.15,0.3529491258168405,0.0003912479535256243,0.2779209621993128,5.5081722625004346e-05,97,True
bm25,3,a_ratio,2,0.15,0.3128730975690871,0.00180712175312897,0.10953608247422682,0.11194930892644765,97,False
bm25,3,a_ratio,2,0.15,0.4244751193510288,1.4699266979176948e-05,0.2912371134020619,2.3769260447909586e-05,97,True
bm25,3,nqc,2,0.15,0.01520128745572564,0.8825140394087542,-0.022336769759450176,0.7458382926337936,97,False
bm25,3,nqc,2,0.15,0.12391415778524914,0.226563454839069,0.046821305841924406,0.49686544158769386,97,True
bm25,3,bertQPP,2,0.15,0.2592485738181872,0.010341341274936041,0.18341924398625434,0.007776554495134835,97,False
bm25,3,bertQPP,2,0.15,0.343224964414504,0.0005780146530573243,0.22938144329896912,0.0008728876884960134,97,True
bm25,3,bertQPP(QV),2,0.15,0.25209792130422043,0.012736150317944585,0.17182130584192443,0.01265543298933369,97,False
bm25,3,bertQPP(QV),2,0.15,0.3586492517257402,0.0003094241286035287,0.2212199312714777,0.001326652810302692,97,True
bm25,3,spatial,2,0.2,0.34443261908699424,0.0005510419387092637,0.21950171821305847,0.0014464512863097319,97,False
bm25,3,spatial,2,0.2,0.35216711590558,0.00040390909729818214,0.27878006872852235,5.2230841404023976e-05,97,True
bm25,3,a_ratio,2,0.2,0.30513269756672756,0.0023730531135114693,0.10352233676975947,0.1330387570764664,97,False
bm25,3,a_ratio,2,0.2,0.41686243031897463,2.162416387995762e-05,0.2890893470790379,2.728561756069487e-05,97,True
bm25,3,nqc,2,0.2,0.01527122844169292,0.8819773758143464,-0.027061855670103097,0.6945424903122657,97,False
bm25,3,nqc,2,0.2,0.12448502994770227,0.2244143557423373,0.046821305841924406,0.49686544158769386,97,True
bm25,3,bertQPP,2,0.2,0.2572289969672974,0.010974079623454857,0.17998281786941583,0.009007907605249525,97,False
bm25,3,bertQPP,2,0.2,0.34371516625064813,0.0005669235036758522,0.2212199312714777,0.001326652810302692,97,True
bm25,3,bertQPP(QV),2,0.2,0.2498653320320074,0.013576735739287988,0.17053264604811,0.013337754848227265,97,False
bm25,3,bertQPP(QV),2,0.2,0.35849197022154566,0.0003114521942726404,0.2216494845360825,0.001298168853613724,97,True
bm25,3,spatial,2,0.25,0.3217356524493649,0.0013110629397985701,0.20661512027491413,0.0027156275780873427,97,False
bm25,3,spatial,2,0.25,0.35126099410324274,0.0004190501482924121,0.2770618556701031,5.80796004740303e-05,97,True
bm25,3,a_ratio,2,0.25,0.29256278580760603,0.0036378833405668696,0.09579037800687287,0.16452082122278677,97,False
bm25,3,a_ratio,2,0.25,0.40736105296524333,3.4559615824563475e-05,0.2830756013745705,3.995381628708257e-05,97,True
bm25,3,nqc,2,0.25,0.015349585385593806,0.8813761991419968,-0.02792096219931272,0.6853564626190167,97,False
bm25,3,nqc,2,0.25,0.12512175733445088,0.22203429994884835,0.046821305841924406,0.49686544158769386,97,True
bm25,3,bertQPP,2,0.25,0.25265425830101784,0.012533878906966125,0.17053264604811,0.013337754848227265,97,False
bm25,3,bertQPP,2,0.25,0.340967353335238,0.0006317063526040302,0.21048109965635742,0.002255725464528707,97,True
bm25,3,bertQPP(QV),2,0.25,0.24468741355969156,0.01571405429131884,0.16237113402061856,0.018463547347092265,97,False
bm25,3,bertQPP(QV),2,0.25,0.3541128673928169,0.00037308080690427156,0.2134879725085911,0.0019486331283160838,97,True
bm25,3,spatial,2,0.3,0.29532111699243,0.003317604034687592,0.18943298969072167,0.005979808014005902,97,False
bm25,3,spatial,2,0.3,0.3502007659342206,0.00043742758882896356,0.2770618556701031,5.80796004740303e-05,97,True
bm25,3,a_ratio,2,0.3,0.27521144068043013,0.006366612548142434,0.10180412371134022,0.13959717520298046,97,False
bm25,3,a_ratio,2,0.3,0.39577390076126384,6.007626905772816e-05,0.28049828178694164,4.694321427271648e-05,97,True
bm25,3,nqc,2,0.3,0.015437930264815202,0.8806984728803078,-0.02792096219931272,0.6853564626190167,97,False
bm25,3,nqc,2,0.3,0.12583592781187752,0.21938599917102966,0.04768041237113403,0.4890022573020564,97,True
bm25,3,bertQPP,2,0.3,0.24498569860804215,0.01558346146435629,0.16151202749140894,0.01909240321886764,97,False
bm25,3,bertQPP,2,0.3,0.3343723388772178,0.000815762437685041,0.21563573883161516,0.0017533187111864498,97,True
bm25,3,bertQPP(QV),2,0.3,0.23603716181477744,0.01993597595148463,0.14991408934707906,0.029598455953974822,97,False
bm25,3,bertQPP(QV),2,0.3,0.34494632903602956,0.0005399221099477884,0.21391752577319592,0.001908041073171658,97,True
bm25,3,spatial,2,0.35,0.26665502268072966,0.008286000327697047,0.17912371134020622,0.009341755733078497,97,False
bm25,3,spatial,2,0.35,0.3489464677538277,0.000460123617718879,0.2740549828178695,6.983500538924286e-05,97,True
bm25,3,a_ratio,2,0.35,0.25377997069712127,0.01213314166767808,0.09879725085910654,0.15166941209887877,97,False
bm25,3,a_ratio,2,0.35,0.38194645793240856,0.00011320174113981143,0.28178694158075607,4.331497350290762e-05,97,True
bm25,3,nqc,2,0.35,0.015538235123028045,0.8799291014444764,-0.026632302405498288,0.6991524853070341,97,False
bm25,3,nqc,2,0.35,0.12664181607703434,0.2164244790635548,0.04939862542955327,0.47347910625616985,97,True
bm25,3,bertQPP,2,0.35,0.23386956623038818,0.02113523256079369,0.15077319587628868,0.0286776674564184,97,False
bm25,3,bertQPP,2,0.35,0.3235959587053646,0.0012241516683244313,0.21048109965635742,0.002255725464528707,97,True
bm25,3,bertQPP(QV),2,0.35,0.22368753791794885,0.027630325283201758,0.13745704467353953,0.04608031263937092,97,False
bm25,3,bertQPP(QV),2,0.35,0.33091563526310125,0.0009306808358276198,0.20790378006872856,0.0025535840012904936,97,True
bm25,3,spatial,2,0.4,0.23721657948217256,0.019308350550186443,0.1666666666666667,0.01558372473088864,97,False
bm25,3,spatial,2,0.4,0.34744384955419905,0.0004887343294497172,0.27362542955326463,7.168767375692266e-05,97,True
bm25,3,a_ratio,2,0.4,0.22949026374047732,0.02374780287853992,0.10008591065292097,0.14640165493450158,97,False
bm25,3,a_ratio,2,0.4,0.36579064489939656,0.00022918349231622527,0.2740549828178695,6.983500538924286e-05,97,True
bm25,3,nqc,2,0.4,0.015652998324473876,0.8790489665866914,-0.027061855670103097,0.6945424903122657,97,False
bm25,3,nqc,2,0.4,0.12755709571744903,0.21309543750740237,0.05240549828178695,0.4469779106399572,97,True
bm25,3,bertQPP,2,0.4,0.21928032189025157,0.03092774013742011,0.13359106529209622,0.05255528194642074,97,False
bm25,3,bertQPP,2,0.4,0.30871200658922765,0.002094034819453171,0.19630584192439868,0.0043909374810577745,97,True
bm25,3,bertQPP(QV),2,0.4,0.20785284096738194,0.04105795697477371,0.12714776632302408,0.06502915478137135,97,False
bm25,3,bertQPP(QV),2,0.4,0.3125256127952991,0.0018296436965130791,0.18814432989690724,0.00632984784895861,97,True
bm25,3,spatial,2,0.45,0.20824550634379455,0.040668836571608635,0.15764604810996566,0.022159535570441733,97,False
bm25,3,spatial,2,0.45,0.34561770156182847,0.0005256996064374671,0.2770618556701031,5.80796004740303e-05,97,True
bm25,3,a_ratio,2,0.45,0.20378005617827524,0.04528012888028175,0.09621993127147768,0.16263626465805225,97,False
bm25,3,a_ratio,2,0.45,0.3473074850042723,0.0004914099661169367,0.2654639175257732,0.00011707036468109733,97,True
bm25,3,nqc,2,0.45,0.015785414406094427,0.8780336321517583,-0.022336769759450176,0.7458382926337936,97,False
bm25,3,nqc,2,0.45,0.1286036973269264,0.2093335278746511,0.056271477663230256,0.41417839532189626,97,True
bm25,3,bertQPP,2,0.45,0.20160360286193924,0.047680228152912583,0.12757731958762888,0.06412770883743656,97,False
bm25,3,bertQPP,2,0.45,0.29024117993756565,0.003928603754480065,0.186426116838488,0.006825229731210832,97,True
bm25,3,bertQPP(QV),2,0.45,0.18920796110290092,0.06343527207848647,0.1207044673539519,0.07984982362376257,97,False
bm25,3,bertQPP(QV),2,0.45,0.2907769583729386,0.003859728071763609,0.18556701030927839,0.00708575590459897,97,True
bm25,3,spatial,2,0.5,0.18062512152041654,0.07664678879279889,0.14647766323024058,0.03354022455213661,97,False
bm25,3,spatial,2,0.5,0.3433612403446966,0.0005749115341677199,0.277491408934708,5.656185112022831e-05,97,True
bm25,3,a_ratio,2,0.5,0.1779816159731615,0.08113367069252413,0.09106529209621994,0.18634796497677564,97,False
bm25,3,a_ratio,2,0.5,0.32660387136726393,0.0010946464274842831,0.24742268041237117,0.00033019314561040996,97,True
bm25,3,nqc,2,0.5,0.015939598117559114,0.8768516376631815,-0.02061855670103093,0.7647885664914993,97,False
bm25,3,nqc,2,0.5,0.1298087349611862,0.2050610486622524,0.057560137457044684,0.40356988208906586,97,True
bm25,3,bertQPP,2,0.5,0.18160040138497263,0.0750425801867278,0.11554982817869418,0.09358972367387966,97,False
bm25,3,bertQPP,2,0.5,0.26906385485677253,0.00769989144787204,0.18127147766323026,0.008527096049992753,97,True
bm25,3,bertQPP(QV),2,0.5,0.1687517248243539,0.0984654871977395,0.10781786941580758,0.11768634646990996,97,False
bm25,3,bertQPP(QV),2,0.5,0.26693357882005614,0.00821627228718839,0.17396907216494847,0.011586707769612953,97,True
bm25,3,spatial,2,0.55,0.15488468997810617,0.1298182189453001,0.1327319587628866,0.054093065441640706,97,False
bm25,3,spatial,2,0.55,0.34051868020870113,0.0006429060527064775,0.27577319587628873,6.286763010435062e-05,97,True
bm25,3,a_ratio,2,0.55,0.15311633667548605,0.1343110831176787,0.08462199312714778,0.2194617374170329,97,False
bm25,3,a_ratio,2,0.55,0.30389865606070193,0.0024767501471148682,0.23625429553264607,0.0006073368350083252,97,True
bm25,3,nqc,2,0.55,0.016120863150390807,0.8754623796122892,-0.021048109965635744,0.7600372759154744,97,False
bm25,3,nqc,2,0.55,0.13120519116169455,0.2001883671399947,0.05927835051546393,0.3896811249151011,97,True
bm25,3,bertQPP,2,0.55,0.1602524464523143,0.11688230343111729,0.10395189003436428,0.13143701983340042,97,False
bm25,3,bertQPP,2,0.55,0.2462387157247199,0.015045087879390224,0.16623711340206188,0.015852745291372216,97,True
bm25,3,bertQPP(QV),2,0.55,0.14757429787528267,0.14915928216712807,0.09579037800687287,0.16452082122278677,97,False
bm25,3,bertQPP(QV),2,0.55,0.24225295360015492,0.016815766349599012,0.16365979381443302,0.01755425786967657,97,True
bm25,3,spatial,2,0.6,0.13126757003652764,0.19997266544315392,0.11941580756013748,0.08312087785946547,97,False
bm25,3,spatial,2,0.6,0.3368555734215317,0.0007413719292258153,0.27362542955326463,7.168767375692266e-05,97,True
bm25,3,a_ratio,2,0.6,0.12983754201994602,0.20495968209844398,0.0854810996563574,0.2148174024411691,97,False
bm25,3,a_ratio,2,0.6,0.2795148127273194,0.0055592025991659045,0.21907216494845363,0.0014779202366871586,97,True
bm25,3,nqc,2,0.6,0.016336011308290994,0.8738139236786446,-0.022766323024054985,0.7411241465856763,97,False
bm25,3,nqc,2,0.6,0.1328313827183191,0.19461958373092003,0.06314432989690723,0.3595119194286538,97,True
bm25,3,bertQPP,2,0.6,0.13855653736791043,0.17590508821074202,0.09063573883161513,0.18843365829791547,97,False
bm25,3,bertQPP,2,0.6,0.22280390147016982,0.0282664101733199,0.16623711340206188,0.015852745291372216,97,True
bm25,3,bertQPP(QV),2,0.6,0.12663915491836725,0.21643421159480622,0.0889175257731959,0.1969487085850582,97,False
bm25,3,bertQPP(QV),2,0.6,0.2177862032196243,0.03211852925857086,0.15206185567010314,0.02734277211201925,97,True
bm25,3,spatial,2,0.65,0.10981697108466716,0.28426246764936514,0.10180412371134022,0.13959717520298046,97,False
bm25,3,spatial,2,0.65,0.3320062846753564,0.0008929206202026873,0.2714776632302406,8.166950933778078e-05,97,True
bm25,3,a_ratio,2,0.65,0.10847645677457213,0.2902178105690367,0.077319587628866,0.2618647746424714,97,False
bm25,3,a_ratio,2,0.65,0.2538574281778032,0.012105983481372911,0.209192439862543,0.002400428947085522,97,True
bm25,3,nqc,2,0.65,0.016593425666563032,0.8718423345998801,-0.018041237113402064,0.7934766269227447,97,False
bm25,3,nqc,2,0.65,0.13472629167039388,0.18827273373529382,0.07173539518900345,0.2978933833803449,97,True
bm25,3,bertQPP,2,0.65,0.11735475432834018,0.2522971681684518,0.08075601374570447,0.24125289471425693,97,False
bm25,3,bertQPP,2,0.65,0.19963047673872933,0.04994614870585093,0.15592783505154642,0.023654871935139845,97,True
bm25,3,bertQPP(QV),2,0.65,0.10665807506488548,0.2984272779858195,0.07946735395189004,0.2488442983857856,97,False
bm25,3,bertQPP(QV),2,0.65,0.19429016639878616,0.05652785033740313,0.1473367697594502,0.03251488713772691,97,True
bm25,3,spatial,2,0.7,0.09045197342952363,0.37825939313530504,0.08333333333333336,0.22656268559471548,97,False
bm25,3,spatial,2,0.7,0.32537680847173367,0.0011458918461276165,0.2689003436426117,9.538240628081039e-05,97,True
bm25,3,a_ratio,2,0.7,0.0891294225988215,0.38529973309875,0.06615120274914091,0.33709113316806516,97,False
bm25,3,a_ratio,2,0.7,0.2273808271588265,0.02510159013400428,0.19072164948453613,0.005647306460207743,97,True
bm25,3,nqc,2,0.7,0.016902193097888294,0.869478456118883,-0.01718213058419244,0.8031038928688624,97,False
bm25,3,nqc,2,0.7,0.13691203806489954,0.1811399777463388,0.07259450171821306,0.29214479548279504,97,True
bm25,3,bertQPP,2,0.7,0.09724935529225733,0.3433193141934356,0.06829896907216496,0.32163912125241456,97,False
bm25,3,bertQPP,2,0.7,0.17735577000350913,0.0822260681772954,0.14175257731958765,0.039687194240219145,97,True
bm25,3,bertQPP(QV),2,0.7,0.08806827568589491,0.3910051200908695,0.06915807560137457,0.3155898965616176,97,False
bm25,3,bertQPP(QV),2,0.7,0.1722323313631869,0.09161628840989729,0.1365979381443299,0.04745794602168577,97,True
bm25,3,spatial,2,0.75,0.07302434483605527,0.47718792273960103,0.07216494845360825,0.295009708543132,97,False
bm25,3,spatial,2,0.75,0.31595642317190176,0.001617994738996133,0.2714776632302406,8.166950933778078e-05,97,True
bm25,3,a_ratio,2,0.75,0.07174397681813917,0.48496658274413995,0.06185567010309279,0.3694011818632015,97,False
bm25,3,a_ratio,2,0.75,0.20055085389235008,0.048878377425768574,0.1709621993127148,0.013106785247853048,97,True
bm25,3,nqc,2,0.75,0.017267437771975792,0.8666836790564376,-0.01245704467353952,0.8565514226103272,97,False
bm25,3,nqc,2,0.75,0.1393365173388812,0.1734613816795576,0.07302405498281789,0.28929863271816614,97,True
bm25,3,bertQPP,2,0.75,0.07859841042103381,0.4441201413156199,0.07087628865979383,0.3037170573623521,97,False
bm25,3,bertQPP,2,0.75,0.15638426356799912,0.12609899495648139,0.13101374570446736,0.05728140399891128,97,True
bm25,3,bertQPP(QV),2,0.75,0.0710752826119174,0.4890558283055738,0.06701030927835053,0.3308539585593422,97,False
bm25,3,bertQPP(QV),2,0.75,0.15184556364637958,0.13761211837611398,0.12714776632302408,0.06502915478137135,97,True
bm25,3,spatial,2,0.8,0.057356576815218836,0.5768216098092845,0.0627147766323024,0.3627897011875757,97,False
bm25,3,spatial,2,0.8,0.3019361146428098,0.002650086190995265,0.2594501718213059,0.00016660580916833792,97,True
bm25,3,a_ratio,2,0.8,0.05618578589635778,0.5846368939721217,0.057989690721649494,0.40007019122296605,97,False
bm25,3,a_ratio,2,0.8,0.17380914795911545,0.08864008679276122,0.15206185567010314,0.02734277211201925,97,True
bm25,3,nqc,2,0.8,0.017671286449572315,0.8635954217747529,-0.006013745704467355,0.930459888527551,97,False
bm25,3,nqc,2,0.8,0.14168907565743305,0.16624203880209917,0.07431271477663232,0.2808725107935828,97,True
bm25,3,bertQPP,2,0.8,0.06155953192564498,0.5491729832205081,0.06142611683848798,0.37273483374323335,97,False
bm25,3,bertQPP,2,0.8,0.1369269482836842,0.1810920087662364,0.11984536082474227,0.08201867152410211,97,True
bm25,3,bertQPP(QV),2,0.8,0.05571923114765227,0.587764694122527,0.06357388316151204,0.356252805453549,97,False
bm25,3,bertQPP(QV),2,0.8,0.133195921564713,0.19338674251342522,0.11941580756013748,0.08312087785946547,97,True
bm25,3,spatial,2,0.85,0.04326523105677816,0.6739111688971868,0.05240549828178695,0.4469779106399572,97,False
bm25,3,spatial,2,0.85,0.2799136521076151,0.005489188058013613,0.25000000000000006,0.00028586619810323126,97,True
bm25,3,a_ratio,2,0.85,0.04228395030461383,0.680901014014973,0.054123711340206195,0.432221333716273,97,False
bm25,3,a_ratio,2,0.85,0.14754498594222182,0.14924096475378962,0.1357388316151203,0.04887004601219989,97,True
bm25,3,nqc,2,0.85,0.017998047850596686,0.8610981539369487,0.005154639175257733,0.940374133088132,97,False
bm25,3,nqc,2,0.85,0.1428025702990802,0.162903614380751,0.0850515463917526,0.21713063766326968,97,True
bm25,3,bertQPP,2,0.85,0.046148738780012945,0.6535330148546098,0.057560137457044684,0.40356988208906586,97,False
bm25,3,bertQPP,2,0.85,0.1190529142908744,0.24545039335363789,0.1086769759450172,0.11478963120763813,97,True
bm25,3,bertQPP(QV),2,0.85,0.04193732092794187,0.6833766172867808,0.054553264604811004,0.4285767645779882,97,False
bm25,3,bertQPP(QV),2,0.85,0.11624304815647873,0.25684974700787244,0.10781786941580758,0.11768634646990996,97,True
bm25,3,spatial,2,0.9,0.030574079012107066,0.7662484354119742,0.043384879725085916,0.5289801545988201,97,False
bm25,3,spatial,2,0.9,0.24329584271303975,0.016335895823919682,0.22293814432989695,0.0012160687743494618,97,True
bm25,3,a_ratio,2,0.9,0.029858700027796666,0.7715664264976745,0.046391752577319596,0.5008221569685896,97,False
bm25,3,a_ratio,2,0.9,0.12207766241103367,0.23357496429179506,0.1207044673539519,0.07984982362376257,97,True
bm25,3,nqc,2,0.9,0.01774999024275934,0.862993805934932,0.01202749140893471,0.8614470077832815,97,False
bm25,3,nqc,2,0.9,0.13881634369141202,0.1750883150370381,0.10910652920962201,0.11336246240953972,97,True
bm25,3,bertQPP,2,0.9,0.03229420392448243,0.7535060684660801,0.04725085910652922,0.4929254477765376,97,False
bm25,3,bertQPP,2,0.9,0.10273730761398976,0.31664280846262116,0.0970790378006873,0.15891607395046403,97,True
bm25,3,bertQPP(QV),2,0.9,0.029611498366899462,0.7734065489759895,0.050257731958762895,0.4658203551040343,97,False
bm25,3,bertQPP(QV),2,0.9,0.10088594959022272,0.3254883902209792,0.09364261168384881,0.17419095096502246,97,True
bm25,3,spatial,2,0.95,0.019120679342692133,0.8525290203981356,0.033075601374570454,0.6312527656924587,97,False
bm25,3,spatial,2,0.95,0.17994577693752836,0.07778039366342505,0.1679553264604811,0.014800614099959652,97,True
bm25,3,a_ratio,2,0.95,0.01873677818700539,0.8554574931971576,0.040807560137457045,0.5537409286316863,97,False
bm25,3,a_ratio,2,0.95,0.09764960062603761,0.34132730221974894,0.093213058419244,0.17617491386576734,97,True
bm25,3,nqc,2,0.95,0.015299742649917687,0.881758598967673,0.02792096219931272,0.6853564626190167,97,False
bm25,3,nqc,2,0.95,0.1195693091383967,0.243394024647053,0.10910652920962201,0.11336246240953972,97,True
bm25,3,bertQPP,2,0.95,0.019877072429636954,0.8467649932286048,0.040807560137457045,0.5537409286316863,97,False
bm25,3,bertQPP,2,0.95,0.08789916361943027,0.39191901343588675,0.08118556701030928,0.23875904036666062,97,True
bm25,3,bertQPP(QV),2,0.95,0.01860044225445325,0.8564979639741043,0.03951890034364262,0.5663306621908052,97,False
bm25,3,bertQPP(QV),2,0.95,0.08699431459928644,0.3968305093165851,0.07989690721649485,0.24629548858904848,97,True
bm25,3,spatial,2,1.0,0.00875898604361418,0.932142691684271,0.03608247422680413,0.6005585641963793,97,False
bm25,3,spatial,2,1.0,0.07442832897590385,0.4687360998281188,0.07130584192439864,0.3007958300881056,97,True
bm25,3,a_ratio,2,1.0,0.00875898604361418,0.932142691684271,0.03608247422680413,0.6005585641963793,97,False
bm25,3,a_ratio,2,1.0,0.07442832897590385,0.4687360998281188,0.07130584192439864,0.3007958300881056,97,True
bm25,3,nqc,2,1.0,0.00875898604361418,0.932142691684271,0.03608247422680413,0.6005585641963793,97,False
bm25,3,nqc,2,1.0,0.07442832897590385,0.4687360998281188,0.07130584192439864,0.3007958300881056,97,True
bm25,3,bertQPP,2,1.0,0.00875898604361418,0.932142691684271,0.03608247422680413,0.6005585641963793,97,False
bm25,3,bertQPP,2,1.0,0.07442832897590385,0.4687360998281188,0.07130584192439864,0.3007958300881056,97,True
bm25,3,bertQPP(QV),2,1.0,0.00875898604361418,0.932142691684271,0.03608247422680413,0.6005585641963793,97,False
bm25,3,bertQPP(QV),2,1.0,0.07442832897590385,0.4687360998281188,0.07130584192439864,0.3007958300881056,97,True
bm25,3,spatial,3,0.0,0.3845251940076828,0.00010080028015697167,0.21993127147766325,0.0014156009702633058,97,False
bm25,3,spatial,3,0.0,0.3547549443101819,0.00036339273676425413,0.279639175257732,4.952017035250988e-05,97,True
bm25,3,a_ratio,3,0.0,0.31361970387000354,0.0017595769544369434,0.1207044673539519,0.07984982362376257,97,False
bm25,3,a_ratio,3,0.0,0.43816884295395087,7.1675504248435e-06,0.29252577319587636,2.187111894191921e-05,97,True
bm25,3,nqc,3,0.0,0.015030440035111404,0.8838251900266161,-0.02362542955326461,0.7317251099207628,97,False
bm25,3,nqc,3,0.0,0.12251005643370629,0.23191067066611573,0.04596219931271478,0.5047955105031363,97,True
bm25,3,bertQPP,3,0.0,0.25557308579511967,0.01151788193184543,0.1868556701030928,0.006698222213035896,97,False
bm25,3,bertQPP,3,0.0,0.3294099293087749,0.0009852047034422107,0.22465635738831619,0.0011140538745299275,97,True
bm25,3,bertQPP(QV),3,0.0,0.2474761609182837,0.014529302470978231,0.18556701030927839,0.00708575590459897,97,False
bm25,3,bertQPP(QV),3,0.0,0.3424837687388707,0.0005951626637122061,0.22079037800687287,0.0013557124652369783,97,True
bm25,3,spatial,3,0.05,0.3909002647626334,7.534917045517131e-05,0.2169243986254296,0.001644941169576058,97,False
bm25,3,spatial,3,0.05,0.35505875638572443,0.00035888977685029626,0.2822164948453609,4.216585457755637e-05,97,True
bm25,3,a_ratio,3,0.05,0.326245237787967,0.0011094038847935645,0.12972508591065296,0.0597739314027888,97,False
bm25,3,a_ratio,3,0.05,0.4402613735644076,6.404779882266189e-06,0.30412371134020627,1.0186398880976669e-05,97,True
bm25,3,nqc,3,0.05,0.015814482722543675,0.8778107697106238,-0.022766323024054985,0.7411241465856763,97,False
bm25,3,nqc,3,0.05,0.12367073212269612,0.22748423220135214,0.04553264604810997,0.5087854171288679,97,True
bm25,3,bertQPP,3,0.05,0.26648515963591957,0.008328775621008158,0.2053264604810997,0.002887015591872923,97,False
bm25,3,bertQPP,3,0.05,0.34320368601489687,0.0005785005630759087,0.2414089347079038,0.0004598488311252096,97,True
bm25,3,bertQPP(QV),3,0.05,0.25979443191407836,0.010175905087413095,0.1890034364261169,0.006094500520977148,97,False
bm25,3,bertQPP(QV),3,0.05,0.3585122963034654,0.0003111894124301615,0.23024054982817874,0.0008346209629654949,97,True
bm25,3,spatial,3,0.1,0.393764675434853,6.598507618012159e-05,0.22766323024054988,0.0009543472910132449,97,False
bm25,3,spatial,3,0.1,0.35538050988486997,0.00035417692296686054,0.2830756013745705,3.995381628708257e-05,97,True
bm25,3,a_ratio,3,0.1,0.33742258253730917,0.0007252799686513202,0.13359106529209622,0.05255528194642074,97,False
bm25,3,a_ratio,3,0.1,0.4415679992435287,5.9679671268824625e-06,0.3028350515463918,1.1103899560226742e-05,97,True
bm25,3,nqc,3,0.1,0.016685936591479444,0.8711339652632719,-0.021477663230240553,0.7552950224453057,97,False
bm25,3,nqc,3,0.1,0.12495566848235569,0.22265340975937503,0.04467353951890035,0.5168145411906753,97,True
bm25,3,bertQPP,3,0.1,0.2774633702789778,0.005932002746454528,0.20403780068728525,0.00306822352558543,97,False
bm25,3,bertQPP,3,0.1,0.3566519123323439,0.0003361059497164949,0.24226804123711343,0.00043878992015195634,97,True
bm25,3,bertQPP(QV),3,0.1,0.27217926765371614,0.006996254248816297,0.18427835051546396,0.0074933028749945285,97,False
bm25,3,bertQPP(QV),3,0.1,0.3738936031322695,0.00016163853796210734,0.24226804123711343,0.00043878992015195634,97,True
bm25,3,spatial,3,0.15,0.3925893155291659,6.968804691925242e-05,0.22680412371134026,0.0009976667225656776,97,False
bm25,3,spatial,3,0.15,0.3557207239138713,0.0003492556713461631,0.2830756013745705,3.995381628708257e-05,97,True
bm25,3,a_ratio,3,0.15,0.34624329521892544,0.000512756943394463,0.13917525773195877,0.0434259212403691,97,False
bm25,3,a_ratio,3,0.15,0.44189644611268647,5.862663791673028e-06,0.3079896907216495,7.848402331985934e-06,97,True
bm25,3,nqc,3,0.15,0.017660185379818824,0.8636802851945176,-0.022766323024054985,0.7411241465856763,97,False
bm25,3,nqc,3,0.15,0.12638573411883036,0.21736245654465366,0.04596219931271478,0.5047955105031363,97,True
bm25,3,bertQPP,3,0.15,0.28811304350977646,0.0042131545126612,0.20360824742268044,0.003130893451622874,97,False
bm25,3,bertQPP,3,0.15,0.3691581908860336,0.00019844811283436291,0.24484536082474234,0.00038088964117221485,97,True
bm25,3,bertQPP(QV),3,0.15,0.2841254762194549,0.004796257823676335,0.1890034364261169,0.006094500520977148,97,False
bm25,3,bertQPP(QV),3,0.15,0.3877783209485721,8.69546938469327e-05,0.23969072164948454,0.0005048251929224872,97,True
bm25,3,spatial,3,0.2,0.3871796139550777,8.936204147010113e-05,0.22422680412371138,0.0011387880187863695,97,False
bm25,3,spatial,3,0.2,0.3560794330918365,0.00034413510661039025,0.2835051546391753,3.888953702314073e-05,97,True
bm25,3,a_ratio,3,0.2,0.35176862764033445,0.00041050468397882276,0.14304123711340208,0.037922646089534044,97,False
bm25,3,a_ratio,3,0.2,0.4410353512866815,6.142534003781129e-06,0.304553264604811,9.896994629604745e-06,97,True
bm25,3,nqc,3,0.2,0.018756419816981534,0.8553076151034553,-0.02405498281786942,0.7270405431127746,97,False
bm25,3,nqc,3,0.2,0.12798668560625698,0.21154554803413644,0.04810996563573884,0.4850959502795227,97,True
bm25,3,bertQPP,3,0.2,0.29788686936187847,0.0030426212583277027,0.2096219931271478,0.002351276432455258,97,False
bm25,3,bertQPP,3,0.2,0.37997528141846226,0.0001236206112122434,0.2439862542955327,0.0003993454119661632,97,True
bm25,3,bertQPP(QV),3,0.2,0.29493842211219373,0.0033604744695777122,0.19458762886597944,0.004747484369155047,97,False
bm25,3,bertQPP(QV),3,0.2,0.3991460141622399,5.125457124454061e-05,0.23625429553264607,0.0006073368350083252,97,True
bm25,3,spatial,3,0.25,0.3777381621574157,0.00013651932861020346,0.21950171821305847,0.0014464512863097319,97,False
bm25,3,spatial,3,0.25,0.35645584133132496,0.00033883626453376183,0.2835051546391753,3.888953702314073e-05,97,True
bm25,3,a_ratio,3,0.25,0.35321155857739045,0.00038708150031213927,0.14905498281786944,0.030544557732034724,97,False
bm25,3,a_ratio,3,0.25,0.4387614043414517,6.943294049071809e-06,0.30670103092783507,8.563939402340346e-06,97,True
bm25,3,nqc,3,0.25,0.019998882139389,0.8458374985226381,-0.022336769759450176,0.7458382926337936,97,False
bm25,3,nqc,3,0.25,0.12979066333593237,0.20512465758151815,0.050257731958762895,0.4658203551040343,97,True
bm25,3,bertQPP,3,0.25,0.30608999826928035,0.002295322817575623,0.20876288659793818,0.0024505203740822256,97,False
bm25,3,bertQPP,3,0.25,0.3882558805997786,8.507784507507493e-05,0.24012027491408938,0.0004932117335580638,97,True
bm25,3,bertQPP(QV),3,0.25,0.303760159423222,0.0024886390908304677,0.1902920962199313,0.005756239608165468,97,False
bm25,3,bertQPP(QV),3,0.25,0.4069233748420584,3.530218448949696e-05,0.23840206185567014,0.0005412133012575864,97,True
bm25,3,spatial,3,0.3,0.36482918860251046,0.00023873307591599775,0.20661512027491413,0.0027156275780873427,97,False
bm25,3,spatial,3,0.3,0.3568477585936511,0.0003333989981636544,0.2835051546391753,3.888953702314073e-05,97,True
bm25,3,a_ratio,3,0.3,0.3501392897147586,0.0004385155605524962,0.1434707903780069,0.037349490378258986,97,False
bm25,3,a_ratio,3,0.3,0.4348507017844208,8.55458543181393e-06,0.3058419243986255,9.075155959404318e-06,97,True
bm25,3,nqc,3,0.3,0.021418627529759853,0.835042966766275,-0.022766323024054985,0.7411241465856763,97,False
bm25,3,nqc,3,0.3,0.13183826009223404,0.19800701033912108,0.053694158075601385,0.43588378893929247,97,True
bm25,3,bertQPP,3,0.3,0.3119317522872702,0.0018687224794141867,0.20403780068728525,0.00306822352558543,97,False
bm25,3,bertQPP,3,0.3,0.3931592596290807,6.786892496088098e-05,0.24312714776632308,0.0004186340215940853,97,True
bm25,3,bertQPP(QV),3,0.3,0.3096672286095052,0.0020247587140184886,0.19072164948453613,0.005647306460207743,97,False
bm25,3,bertQPP(QV),3,0.3,0.41018007957475044,3.0115719689619232e-05,0.24269759450171827,0.0004286013573495472,97,True
bm25,3,spatial,3,0.35,0.3492583257816713,0.00045438184682761504,0.1984536082474227,0.003979453005162126,97,False
bm25,3,spatial,3,0.35,0.3572506735577778,0.0003278930003389017,0.2843642611683849,3.6841170569694906e-05,97,True
bm25,3,a_ratio,3,0.35,0.34261064456164353,0.0005921946511302118,0.14862542955326463,0.03102727109196935,97,False
bm25,3,a_ratio,3,0.35,0.4290945012693439,1.1576567741937909e-05,0.3109965635738832,6.394378519349162e-06,97,True
bm25,3,nqc,3,0.35,0.023056068120733617,0.8226312599766912,-0.021477663230240553,0.7552950224453057,97,False
bm25,3,nqc,3,0.35,0.13418142747936151,0.19008211861947466,0.057130584192439875,0.4070878413580533,97,True
bm25,3,bertQPP,3,0.35,0.31463840540476073,0.0016965301598734774,0.20360824742268044,0.003130893451622874,97,False
bm25,3,bertQPP,3,0.35,0.394004869088779,6.525125788415495e-05,0.24226804123711343,0.00043878992015195634,97,True
bm25,3,bertQPP(QV),3,0.35,0.3118463398396008,0.001874404654772118,0.18213058419243988,0.008219435652041644,97,False
bm25,3,bertQPP(QV),3,0.35,0.4083546121696017,3.292776783582545e-05,0.24656357388316158,0.0003463449485504128,97,True
bm25,3,spatial,3,0.4,0.3319171289278836,0.0008959540749241932,0.19072164948453613,0.005647306460207743,97,False
bm25,3,spatial,3,0.4,0.35765620221569333,0.0003224359449976126,0.28479381443298973,3.585581186521998e-05,97,True
bm25,3,a_ratio,3,0.4,0.33117553830400126,0.0009215527180801775,0.1469072164948454,0.033024149712135395,97,False
bm25,3,a_ratio,3,0.4,0.42131866458128714,1.7270201311149397e-05,0.29596219931271484,1.7489373396802984e-05,97,True
bm25,3,nqc,3,0.4,0.024964730756492182,0.8082188442412284,-0.022766323024054985,0.7411241465856763,97,False
bm25,3,nqc,3,0.4,0.13688762871057808,0.18121852726896925,0.06056701030927836,0.3794578311122522,97,True
bm25,3,bertQPP,3,0.4,0.31361605601107156,0.001759806476870861,0.18256013745704472,0.00806936233603351,97,False
bm25,3,bertQPP,3,0.4,0.39043236991572483,7.699144821961389e-05,0.2508591065292096,0.00027237466938260737,97,True
bm25,3,bertQPP(QV),3,0.4,0.3098063031138345,0.00201484698970086,0.18771477663230243,0.006450561996249079,97,False
bm25,3,bertQPP(QV),3,0.4,0.40141950575328844,4.6005679266712645e-05,0.24183848797250862,0.0004492042155364218,97,True
bm25,3,spatial,3,0.45,0.31364627700513137,0.0017579057960016692,0.1898625429553265,0.005867063974983271,97,False
bm25,3,spatial,3,0.45,0.3580494397842252,0.0003172242844655604,0.2869415807560138,3.1293082627690314e-05,97,True
bm25,3,a_ratio,3,0.45,0.3167329300536069,0.0015732819471880753,0.14604810996563578,0.03406318246416719,97,False
bm25,3,a_ratio,3,0.45,0.4114048761593566,2.835663407274119e-05,0.29252577319587636,2.187111894191921e-05,97,True
bm25,3,nqc,3,0.45,0.027216948283956457,0.7912945926439626,-0.021477663230240553,0.7552950224453057,97,False
bm25,3,nqc,3,0.45,0.1400458759691621,0.1712606954241068,0.0622852233676976,0.36608612957525455,97,True
bm25,3,bertQPP,3,0.45,0.3086141071767258,0.002101254334009829,0.18170103092783507,0.008372001763204117,97,False
bm25,3,bertQPP,3,0.45,0.3825057475616257,0.0001103975558026126,0.2439862542955327,0.0003993454119661632,97,True
bm25,3,bertQPP(QV),3,0.45,0.30353681383224423,0.002507919976550562,0.17225085910652924,0.012434959394241826,97,False
bm25,3,bertQPP(QV),3,0.45,0.3899025288922181,7.889133174168804e-05,0.24012027491408938,0.0004932117335580638,97,True
bm25,3,spatial,3,0.5,0.2951487807178336,0.0033368485342083394,0.18170103092783507,0.008372001763204117,97,False
bm25,3,spatial,3,0.5,0.35840432938106204,0.00031258758474113374,0.2843642611683849,3.6841170569694906e-05,97,True
bm25,3,a_ratio,3,0.5,0.30031758203503484,0.002801165983190358,0.14089347079037803,0.040901875311072,97,False
bm25,3,a_ratio,3,0.5,0.39931050432275117,5.0856821624478e-05,0.28608247422680416,3.304769864022772e-05,97,True
bm25,3,nqc,3,0.5,0.02991272283963269,0.7711644588324214,-0.018041237113402064,0.7934766269227447,97,False
bm25,3,nqc,3,0.5,0.14377565841166112,0.1600271162625173,0.07001718213058421,0.30961588134500106,97,True
bm25,3,bertQPP,3,0.5,0.2998162185332911,0.0028495107283813964,0.1786941580756014,0.00951278395726825,97,False
bm25,3,bertQPP,3,0.5,0.37071161416377574,0.00018559581134035724,0.23754295532646055,0.0005668140402706258,97,True
bm25,3,bertQPP(QV),3,0.5,0.29352765287342547,0.0035228329397849452,0.1512027491408935,0.028226597294347726,97,False
bm25,3,bertQPP(QV),3,0.5,0.3747496206820835,0.00015570109222963783,0.23024054982817874,0.0008346209629654949,97,True
bm25,3,spatial,3,0.55,0.2769563683012815,0.006027487722502582,0.17568728522336774,0.01079019991112942,97,False
bm25,3,spatial,3,0.55,0.3586753244582224,0.000309089111888867,0.28608247422680416,3.304769864022772e-05,97,True
bm25,3,a_ratio,3,0.55,0.2829063252092338,0.0049883450936101794,0.13616838487972513,0.04815964796946807,97,False
bm25,3,a_ratio,3,0.55,0.3850832138757989,9.828840335694666e-05,0.28178694158075607,4.331497350290762e-05,97,True
bm25,3,nqc,3,0.55,0.033193961988953365,0.7468668086908286,-0.013316151202749144,0.846776975027774,97,False
bm25,3,nqc,3,0.55,0.1482403427159892,0.14731227559158674,0.07173539518900345,0.2978933833803449,97,True
bm25,3,bertQPP,3,0.55,0.2878080462409852,0.004255408134491285,0.16365979381443302,0.01755425786967657,97,False
bm25,3,bertQPP,3,0.55,0.355849436656273,0.00034741028760694004,0.23238831615120278,0.0007456571945733053,97,True
bm25,3,bertQPP(QV),3,0.55,0.2806334812324281,0.005364805177758972,0.14948453608247425,0.030068308790855192,97,False
bm25,3,bertQPP(QV),3,0.55,0.3570973621583953,0.00032997811814013703,0.22680412371134026,0.0009976667225656776,97,True
bm25,3,spatial,3,0.6,0.25943485851204506,0.010284620118005757,0.16537800687285226,0.016403064445582434,97,False
bm25,3,spatial,3,0.6,0.3587818604234184,0.0003077236675412771,0.2843642611683849,3.6841170569694906e-05,97,True
bm25,3,a_ratio,3,0.6,0.2652986533034136,0.008633023606047324,0.13015463917525774,0.058933277914773506,97,False
bm25,3,a_ratio,3,0.6,0.36886664708522326,0.0002009500494415356,0.272766323024055,7.553337506197832e-05,97,True
bm25,3,nqc,3,0.6,0.03726812966536871,0.7170410610478375,-0.015034364261168387,0.8273000875464372,97,False
bm25,3,nqc,3,0.6,0.15366745627933592,0.13289833828948733,0.07689003436426119,0.26452436355398434,97,True
bm25,3,bertQPP,3,0.6,0.27343416791770897,0.006729286348358392,0.14518900343642613,0.03513003275683934,97,False
bm25,3,bertQPP,3,0.6,0.3388619667789316,0.0006858532646796156,0.2255154639175258,0.0010660691222714972,97,True
bm25,3,bertQPP(QV),3,0.6,0.26585557879780997,0.008489018373788208,0.14261168384879727,0.03850326567762371,97,False
bm25,3,bertQPP(QV),3,0.6,0.33805325386932567,0.0007077567729443741,0.22079037800687287,0.0013557124652369783,97,True
bm25,3,spatial,3,0.65,0.2428103371673369,0.016557800902236543,0.15678694158075604,0.022896601370035064,97,False
bm25,3,spatial,3,0.65,0.358578268589621,0.00031033790914931615,0.2882302405498282,2.882624188772262e-05,97,True
bm25,3,a_ratio,3,0.65,0.2480765128600265,0.014284643091450349,0.12242268041237117,0.07565197367789964,97,False
bm25,3,a_ratio,3,0.65,0.35089491155982516,0.00042531387234273404,0.2594501718213059,0.00016660580916833792,97,True
bm25,3,nqc,3,0.65,0.04244895964708052,0.6797237140206596,-0.010738831615120277,0.8761649965497997,97,False
bm25,3,nqc,3,0.65,0.16037911393142562,0.11658954391798809,0.08118556701030928,0.23875904036666062,97,True
bm25,3,bertQPP,3,0.65,0.25761176101690264,0.010851622142599389,0.14003436426116841,0.04214791401843269,97,False
bm25,3,bertQPP,3,0.65,0.3206716151025042,0.0013632565053232635,0.21520618556701035,0.0017908788065225548,97,True
bm25,3,bertQPP(QV),3,0.65,0.25014034992323436,0.0134706506382731,0.1396048109965636,0.042782883164389815,97,False
bm25,3,bertQPP(QV),3,0.65,0.31855014691837896,0.0014729865196644312,0.21176975945017185,0.0021190549684448486,97,True
bm25,3,spatial,3,0.7,0.22720184608148117,0.025219423090333704,0.14089347079037803,0.040901875311072,97,False
bm25,3,spatial,3,0.7,0.35779278158352995,0.0003206169576304241,0.28092783505154645,4.570292642778511e-05,97,True
bm25,3,a_ratio,3,0.7,0.23161871208383186,0.022445489023898327,0.11554982817869418,0.09358972367387966,97,False
bm25,3,a_ratio,3,0.7,0.33147598666278333,0.0009111023712685622,0.2491408934707904,0.00029998189638302743,97,True
bm25,3,nqc,3,0.7,0.049228937006402254,0.6320425701571093,0.0030068728522336776,0.9651968510542414,97,False
bm25,3,nqc,3,0.7,0.16883504457530052,0.09829695604010674,0.08805841924398626,0.2013104039967497,97,True
bm25,3,bertQPP,3,0.7,0.24117455173183686,0.017324735524928424,0.13187285223367698,0.055668220302014286,97,False
bm25,3,bertQPP,3,0.7,0.3020681256492632,0.0026380931623147057,0.21176975945017185,0.0021190549684448486,97,True
bm25,3,bertQPP(QV),3,0.7,0.23425622200341903,0.020916884968130572,0.13187285223367698,0.055668220302014286,97,False
bm25,3,bertQPP(QV),3,0.7,0.29928768393033206,0.002901285930911318,0.20704467353951894,0.0026605976928076114,97,True
bm25,3,spatial,3,0.75,0.2126521945030511,0.03650902707470713,0.13101374570446736,0.05728140399891128,97,False
bm25,3,spatial,3,0.75,0.3558974354198257,0.00034672441896033937,0.277491408934708,5.656185112022831e-05,97,True
bm25,3,a_ratio,3,0.75,0.21614086077949574,0.03347434672926855,0.10781786941580758,0.11768634646990996,97,False
bm25,3,a_ratio,3,0.75,0.31096671942509135,0.0019338377299753984,0.2366838487972509,0.0005935388745829456,97,True
bm25,3,nqc,3,0.75,0.058410930020844555,0.5698253276890941,0.011597938144329899,0.8663479218117721,97,False
bm25,3,nqc,3,0.75,0.17967972654104764,0.07822799024039236,0.10395189003436428,0.13143701983340042,97,True
bm25,3,bertQPP,3,0.75,0.22478486452114887,0.026857363787178498,0.12757731958762888,0.06412770883743656,97,False
bm25,3,bertQPP,3,0.75,0.2836585306218214,0.004869036538074362,0.19630584192439868,0.0043909374810577745,97,True
bm25,3,bertQPP(QV),3,0.75,0.21875433989206433,0.0313426139278906,0.11597938144329899,0.09237668593402237,97,False
bm25,3,bertQPP(QV),3,0.75,0.28073807872592105,0.005346941216611277,0.19458762886597944,0.004747484369155047,97,True
bm25,3,spatial,3,0.8,0.19915328395047918,0.050507293434794355,0.1168384879725086,0.08998850130140247,97,False
bm25,3,spatial,3,0.8,0.35181528061445044,0.00040972742247523034,0.28092783505154645,4.570292642778511e-05,97,True
bm25,3,a_ratio,3,0.8,0.20174015467398163,0.047526611885024085,0.10524054982817871,0.12672143082539938,97,False
bm25,3,a_ratio,3,0.8,0.28974389323513994,0.003993511926970984,0.21262886597938147,0.002032205430312129,97,True
bm25,3,nqc,3,0.8,0.07133876806827745,0.4874423648890551,0.030068728522336774,0.6625964496656107,97,False
bm25,3,nqc,3,0.8,0.1937239926403185,0.057265471168983666,0.11039518900343644,0.10916471457232763,97,True
bm25,3,bertQPP,3,0.8,0.20891117547564308,0.040016206304624546,0.11211340206185569,0.10376002930884054,97,False
bm25,3,bertQPP,3,0.8,0.2658658513475486,0.008486382156313971,0.18943298969072167,0.005979808014005902,97,True
bm25,3,bertQPP(QV),3,0.8,0.2039857512100211,0.045058575333959336,0.10652920962199315,0.12213859984356254,97,False
bm25,3,bertQPP(QV),3,0.8,0.26318496540500375,0.009199303721240015,0.18470790378006877,0.007355176256510775,97,True
bm25,3,spatial,3,0.85,0.18666524372866788,0.06714039126206403,0.10695876288659796,0.12064011527036375,97,False
bm25,3,spatial,3,0.85,0.34322943765014025,0.0005779125505669498,0.27577319587628873,6.286763010435062e-05,97,True
bm25,3,a_ratio,3,0.85,0.1884344798718008,0.06454432374996576,0.09965635738831616,0.14814179266855426,97,False
bm25,3,a_ratio,3,0.85,0.26817629920934694,0.007911451106911858,0.19158075601374575,0.0054350017041903615,97,True
bm25,3,nqc,3,0.85,0.09018886548228482,0.379653748473965,0.030927835051546396,0.653577523351426,97,False
bm25,3,nqc,3,0.85,0.2114964675501297,0.03756389083583937,0.12156357388316154,0.07772782073014356,97,True
bm25,3,bertQPP,3,0.85,0.1938478627634562,0.05710342147451618,0.09922680412371135,0.1498976871116754,97,False
bm25,3,bertQPP,3,0.85,0.24895529437778482,0.013932967749245545,0.1778350515463918,0.009863239446727635,97,True
bm25,3,bertQPP(QV),3,0.85,0.190143618772546,0.06211444632831335,0.09793814432989692,0.1552606461818409,97,False
bm25,3,bertQPP(QV),3,0.85,0.24677132159905518,0.014821176157981394,0.17225085910652924,0.012434959394241826,97,True
bm25,3,spatial,3,0.9,0.17513006200822043,0.08620637185186912,0.10137457044673541,0.14127503537333896,97,False
bm25,3,spatial,3,0.9,0.324934355443712,0.001164898664696918,0.26159793814432997,0.00014700123564547276,97,True
bm25,3,a_ratio,3,0.9,0.17619244574040827,0.08428778104891294,0.09235395189003438,0.18019329783502935,97,False
bm25,3,a_ratio,3,0.9,0.24660181740072318,0.014892121487164131,0.17955326460481102,0.009173476196585428,97,True
bm25,3,nqc,3,0.9,0.11739567259348738,0.2521306656451242,0.054123711340206195,0.432221333716273,97,False
bm25,3,nqc,3,0.9,0.2307611094083116,0.02296268151935238,0.15249140893470792,0.026909885175764755,97,True
bm25,3,bertQPP,3,0.9,0.17975288672461226,0.07810470217663094,0.09235395189003438,0.18019329783502935,97,False
bm25,3,bertQPP,3,0.9,0.23307016239875225,0.02159286488272051,0.1628006872852234,0.018155972846842318,97,True
bm25,3,bertQPP(QV),3,0.9,0.17730891149093345,0.08230832846038576,0.09020618556701032,0.1905365207922204,97,False
bm25,3,bertQPP(QV),3,0.9,0.23154326888608223,0.022490583071325874,0.15936426116838492,0.0207470988785446,97,True
bm25,3,spatial,3,0.95,0.16448085482820712,0.10741238219736685,0.09750859106529211,0.15708030004273185,97,False
bm25,3,spatial,3,0.95,0.2854067178360263,0.004601512686169722,0.22809278350515466,0.000933347093157991,97,True
bm25,3,a_ratio,3,0.95,0.16495465542970492,0.10638964583960941,0.0893470790378007,0.19479398827541883,97,False
bm25,3,a_ratio,3,0.95,0.22531175942828563,0.026492794829263158,0.16408934707903783,0.01726000960595295,97,True
bm25,3,nqc,3,0.95,0.14828912261789473,0.14717768352577382,0.07130584192439864,0.3007958300881056,97,False
bm25,3,nqc,3,0.95,0.23789329563168107,0.018955966941461184,0.1554982817869416,0.02404211148041231,97,True
bm25,3,bertQPP,3,0.95,0.1666871697507025,0.1027144372359105,0.08634020618556702,0.2102443337075397,97,False
bm25,3,bertQPP,3,0.95,0.21826667326426277,0.03173145412518407,0.15206185567010314,0.02734277211201925,97,True
bm25,3,bertQPP(QV),3,0.95,0.16548923244507546,0.10524485767776098,0.08719931271477664,0.2057421374120063,97,False
bm25,3,bertQPP(QV),3,0.95,0.21748477473952654,0.032363392331552276,0.14604810996563578,0.03406318246416719,97,True
bm25,3,spatial,3,1.0,0.15464790886721014,0.13041306322381807,0.08634020618556702,0.2102443337075397,97,False
bm25,3,spatial,3,1.0,0.2045428616073058,0.044463026641485416,0.14475945017182132,0.035674068768179766,97,True
bm25,3,a_ratio,3,1.0,0.15464790886721014,0.13041306322381807,0.08634020618556702,0.2102443337075397,97,False
bm25,3,a_ratio,3,1.0,0.2045428616073058,0.044463026641485416,0.14475945017182132,0.035674068768179766,97,True
bm25,3,nqc,3,1.0,0.15464790886721014,0.13041306322381807,0.08634020618556702,0.2102443337075397,97,False
bm25,3,nqc,3,1.0,0.2045428616073058,0.044463026641485416,0.14475945017182132,0.035674068768179766,97,True
bm25,3,bertQPP,3,1.0,0.15464790886721014,0.13041306322381807,0.08634020618556702,0.2102443337075397,97,False
bm25,3,bertQPP,3,1.0,0.2045428616073058,0.044463026641485416,0.14475945017182132,0.035674068768179766,97,True
bm25,3,bertQPP(QV),3,1.0,0.15464790886721014,0.13041306322381807,0.08634020618556702,0.2102443337075397,97,False
bm25,3,bertQPP(QV),3,1.0,0.2045428616073058,0.044463026641485416,0.14475945017182132,0.035674068768179766,97,True
bm25,3,spatial,4,0.0,0.3845251940076828,0.00010080028015697167,0.21993127147766325,0.0014156009702633058,97,False
bm25,3,spatial,4,0.0,0.3547549443101819,0.00036339273676425413,0.279639175257732,4.952017035250988e-05,97,True
bm25,3,a_ratio,4,0.0,0.31361970387000354,0.0017595769544369434,0.1207044673539519,0.07984982362376257,97,False
bm25,3,a_ratio,4,0.0,0.43816884295395087,7.1675504248435e-06,0.29252577319587636,2.187111894191921e-05,97,True
bm25,3,nqc,4,0.0,0.015030440035111404,0.8838251900266161,-0.02362542955326461,0.7317251099207628,97,False
bm25,3,nqc,4,0.0,0.12251005643370629,0.23191067066611573,0.04596219931271478,0.5047955105031363,97,True
bm25,3,bertQPP,4,0.0,0.25557308579511967,0.01151788193184543,0.1868556701030928,0.006698222213035896,97,False
bm25,3,bertQPP,4,0.0,0.3294099293087749,0.0009852047034422107,0.22465635738831619,0.0011140538745299275,97,True
bm25,3,bertQPP(QV),4,0.0,0.2474761609182837,0.014529302470978231,0.18556701030927839,0.00708575590459897,97,False
bm25,3,bertQPP(QV),4,0.0,0.3424837687388707,0.0005951626637122061,0.22079037800687287,0.0013557124652369783,97,True
bm25,3,spatial,4,0.05,0.38834860627767875,8.471782083503542e-05,0.21563573883161516,0.0017533187111864498,97,False
bm25,3,spatial,4,0.05,0.35511328290125016,0.00035808706562022235,0.28135738831615126,4.4493757835023985e-05,97,True
bm25,3,a_ratio,4,0.05,0.32798355468716833,0.0010395242510865437,0.12757731958762888,0.06412770883743656,97,False
bm25,3,a_ratio,4,0.05,0.4406393179343616,6.275431774418659e-06,0.30068728522336774,1.2810804708658091e-05,97,True
bm25,3,nqc,4,0.05,0.01590960446814569,0.8770815522011697,-0.021907216494845363,0.7505619727933218,97,False
bm25,3,nqc,4,0.05,0.12385598274318914,0.22678326837508844,0.04596219931271478,0.5047955105031363,97,True
bm25,3,bertQPP,4,0.05,0.2679769381134368,0.00795966994493612,0.20360824742268044,0.003130893451622874,97,False
bm25,3,bertQPP,4,0.05,0.3449522884682738,0.000539794327186192,0.24484536082474234,0.00038088964117221485,97,True
bm25,3,bertQPP(QV),4,0.05,0.26111378070055996,0.00978558394028326,0.18943298969072167,0.005979808014005902,97,False
bm25,3,bertQPP(QV),4,0.05,0.3600905344974356,0.00029139808238383316,0.2285223367697595,0.0009127757207962206,97,True
bm25,3,spatial,4,0.1,0.3882221425298247,8.520919183476088e-05,0.21950171821305847,0.0014464512863097319,97,False
bm25,3,spatial,4,0.1,0.3554929842712198,0.0003525429455905014,0.28092783505154645,4.570292642778511e-05,97,True
bm25,3,a_ratio,4,0.1,0.340578313245329,0.0006414071040432902,0.12628865979381446,0.0668634129345248,97,False
bm25,3,a_ratio,4,0.1,0.44220304767003893,5.7659455118409595e-06,0.3019759450171822,1.1758839163448277e-05,97,True
bm25,3,nqc,4,0.1,0.016887257384728113,0.8695927755197647,-0.021477663230240553,0.7552950224453057,97,False
bm25,3,nqc,4,0.1,0.12534623934719175,0.22119945454901163,0.04725085910652922,0.4929254477765376,97,True
bm25,3,bertQPP,4,0.1,0.28042660796660934,0.005400292820429253,0.19759450171821308,0.0041396512632380965,97,False
bm25,3,bertQPP,4,0.1,0.3599753065348837,0.0002928028201680855,0.24742268041237117,0.00033019314561040996,97,True
bm25,3,bertQPP(QV),4,0.1,0.27471336037578004,0.006466463896078973,0.1782646048109966,0.009686599012848096,97,False
bm25,3,bertQPP(QV),4,0.1,0.37672020741479323,0.0001427922372639898,0.23539518900343648,0.0006358327263393619,97,True
bm25,3,spatial,4,0.15,0.38397270758183977,0.0001033458787296871,0.21606529209621997,0.0017164841150655054,97,False
bm25,3,spatial,4,0.15,0.3558947738087593,0.000346762418851163,0.28006872852233683,4.8215372827859356e-05,97,True
bm25,3,a_ratio,4,0.15,0.35029516899268104,0.00043576172272899043,0.12414089347079041,0.07163599473940602,97,False
bm25,3,a_ratio,4,0.15,0.44265651914019016,5.625647788187388e-06,0.3019759450171822,1.1758839163448277e-05,97,True
bm25,3,nqc,4,0.15,0.017980803299170196,0.8612299111661945,-0.02448453608247423,0.7223661580007107,97,False
bm25,3,nqc,4,0.15,0.1270050706926253,0.21509887291687554,0.04725085910652922,0.4929254477765376,97,True
bm25,3,bertQPP,4,0.15,0.29241866855993737,0.0036553534392885587,0.202319587628866,0.003325969220576063,97,False
bm25,3,bertQPP,4,0.15,0.3737504930582023,0.0001626513843026542,0.24226804123711343,0.00043878992015195634,97,True
bm25,3,bertQPP(QV),4,0.15,0.2876365481891516,0.0042793328266875815,0.18470790378006877,0.007355176256510775,97,False
bm25,3,bertQPP(QV),4,0.15,0.3913671575456577,7.374294967809209e-05,0.23024054982817874,0.0008346209629654949,97,True
bm25,3,spatial,4,0.2,0.37580983597962775,0.00014862737848137054,0.2100515463917526,0.0023030471051788694,97,False
bm25,3,spatial,4,0.2,0.35631886453383105,0.0003407557837347134,0.28135738831615126,4.4493757835023985e-05,97,True
bm25,3,a_ratio,4,0.2,0.356048440157891,0.00034457478715709406,0.1207044673539519,0.07984982362376257,97,False
bm25,3,a_ratio,4,0.2,0.44178543519741903,5.89805766785229e-06,0.3028350515463918,1.1103899560226742e-05,97,True
bm25,3,nqc,4,0.2,0.019211967511154997,0.8518329492335796,-0.022766323024054985,0.7411241465856763,97,False
bm25,3,nqc,4,0.2,0.12886239021583668,0.2084110223141916,0.04982817869415808,0.4696411010880063,97,True
bm25,3,bertQPP,4,0.2,0.3032646153250583,0.0025315999611058913,0.209192439862543,0.002400428947085522,97,False
bm25,3,bertQPP,4,0.2,0.3854024334767391,9.687773785353714e-05,0.2405498281786942,0.0004818477915141724,97,True
bm25,3,bertQPP(QV),4,0.2,0.29903608026982187,0.002926228584967377,0.19243986254295536,0.005229928831102741,97,False
bm25,3,bertQPP(QV),4,0.2,0.40289994790457223,4.286215488063005e-05,0.2298109965635739,0.0008535554716530555,97,True
bm25,3,spatial,4,0.25,0.36428300245639045,0.0002443203198470026,0.20017182130584193,0.0036758280937195186,97,False
bm25,3,spatial,4,0.25,0.35676458261683736,0.0003345461797481002,0.2792096219931272,5.085839224791733e-05,97,True
bm25,3,a_ratio,4,0.25,0.3570306887194866,0.00033088871672864095,0.12414089347079041,0.07163599473940602,97,False
bm25,3,a_ratio,4,0.25,0.439375525295519,6.71785701309129e-06,0.30627147766323026,8.816007367360753e-06,97,True
bm25,3,nqc,4,0.25,0.020608211321536053,0.841201068327671,-0.021907216494845363,0.7505619727933218,97,False
bm25,3,nqc,4,0.25,0.1309555075217484,0.2010534290693003,0.050687285223367705,0.46201693847175085,97,True
bm25,3,bertQPP,4,0.25,0.31211619071124064,0.0018565055516715967,0.2053264604810997,0.002887015591872923,97,False
bm25,3,bertQPP,4,0.25,0.39399834688404195,6.527108315579757e-05,0.24570446735395193,0.0003632334933323789,97,True
bm25,3,bertQPP(QV),4,0.25,0.3079211964547345,0.0021529979707386863,0.18427835051546396,0.0074933028749945285,97,False
bm25,3,bertQPP(QV),4,0.25,0.41023922161330345,3.0028485258465163e-05,0.23067010309278352,0.00081607670119364,97,True
bm25,3,spatial,4,0.3,0.3501626427884064,0.00043810197849537965,0.1829896907216495,0.007921746820669876,97,False
bm25,3,spatial,4,0.3,0.35722975914818345,0.0003281767311184826,0.28092783505154645,4.570292642778511e-05,97,True
bm25,3,a_ratio,4,0.3,0.3529530715594126,0.0003911850057006702,0.12328178694158079,0.07362159410235054,97,False
bm25,3,a_ratio,4,0.3,0.43522720032532225,8.385365949293067e-06,0.2989690721649485,1.4353762581703726e-05,97,True
bm25,3,nqc,4,0.3,0.022204735199884484,0.8290790696461258,-0.021907216494845363,0.7505619727933218,97,False
bm25,3,nqc,4,0.3,0.13333151122774345,0.192929632402121,0.054123711340206195,0.432221333716273,97,True
bm25,3,bertQPP,4,0.3,0.3180591634072312,0.00149949680430538,0.19587628865979384,0.004477722918252414,97,False
bm25,3,bertQPP,4,0.3,0.3986984991742858,5.235142733080337e-05,0.24097938144329903,0.0004707284379041492,97,True
bm25,3,bertQPP(QV),4,0.3,0.31331477574423067,0.0017788567223141433,0.17697594501718217,0.010225152665271457,97,False
bm25,3,bertQPP(QV),4,0.3,0.41259446115919524,2.674052495643717e-05,0.2255154639175258,0.0010660691222714972,97,True
bm25,3,spatial,4,0.35,0.33429330883836156,0.0008182381053088464,0.17139175257731962,0.012879359856548544,97,False
bm25,3,spatial,4,0.35,0.35770973159269803,0.00032172190202063214,0.2835051546391753,3.888953702314073e-05,97,True
bm25,3,a_ratio,4,0.35,0.3441483154513754,0.0005572858657138481,0.12328178694158079,0.07362159410235054,97,False
bm25,3,a_ratio,4,0.35,0.429173268852328,1.1529171847065596e-05,0.2938144329896908,2.011782071963051e-05,97,True
bm25,3,nqc,4,0.35,0.024047371358262876,0.8151382003704262,-0.022336769759450176,0.7458382926337936,97,False
bm25,3,nqc,4,0.35,0.13605060638108085,0.1839271483578041,0.057989690721649494,0.40007019122296605,97,True
bm25,3,bertQPP,4,0.35,0.32028204850144554,0.0013828324813653795,0.17912371134020622,0.009341755733078497,97,False
bm25,3,bertQPP,4,0.35,0.39893627383487223,5.176594730860069e-05,0.23582474226804126,0.000621432826309228,97,True
bm25,3,bertQPP(QV),4,0.35,0.314482640843723,0.0017060359690495974,0.16623711340206188,0.015852745291372216,97,False
bm25,3,bertQPP(QV),4,0.35,0.4096755900405738,3.086953286383987e-05,0.22336769759450176,0.0011897860106094835,97,True
bm25,3,spatial,4,0.4,0.31746793011777497,0.0015319936345266074,0.16194158075601378,0.018775672464210122,97,False
bm25,3,spatial,4,0.4,0.35819568008506597,0.00031530600627575737,0.2843642611683849,3.6841170569694906e-05,97,True
bm25,3,a_ratio,4,0.4,0.3314743613234875,0.0009111586127223655,0.12328178694158079,0.07362159410235054,97,False
bm25,3,a_ratio,4,0.4,0.42109790456643165,1.7464940330997506e-05,0.2835051546391753,3.888953702314073e-05,97,True
bm25,3,nqc,4,0.4,0.026196853927169163,0.7989485939854415,-0.023195876288659798,0.7364196981955502,97,False
bm25,3,nqc,4,0.4,0.13919086258208485,0.17391581731072212,0.06314432989690723,0.3595119194286538,97,True
bm25,3,bertQPP,4,0.4,0.3182817170304547,0.0014874270521785626,0.17268041237113405,0.01221789425088413,97,False
bm25,3,bertQPP,4,0.4,0.39456414264030204,6.357196277891712e-05,0.23024054982817874,0.0008346209629654949,97,True
bm25,3,bertQPP(QV),4,0.4,0.3111521080189498,0.0019211718535012926,0.1628006872852234,0.018155972846842318,97,False
bm25,3,bertQPP(QV),4,0.4,0.4017793167596181,4.522246976605657e-05,0.22594501718213064,0.0010428004886634003,97,True
bm25,3,spatial,4,0.45,0.30034967304523635,0.002798096806572665,0.14132302405498284,0.040290653027956765,97,False
bm25,3,spatial,4,0.45,0.3586718031690078,0.00030913433851048047,0.2826460481099657,4.1045698019656674e-05,97,True
bm25,3,a_ratio,4,0.45,0.3160721236912525,0.0016112603261720308,0.11898625429553265,0.08423505409007553,97,False
bm25,3,a_ratio,4,0.45,0.4109540815827421,2.899258882548934e-05,0.277491408934708,5.656185112022831e-05,97,True
bm25,3,nqc,4,0.45,0.028735278767910027,0.7799389979202724,-0.021048109965635744,0.7600372759154744,97,False
bm25,3,nqc,4,0.45,0.1428550756181743,0.16274743312210546,0.0622852233676976,0.36608612957525455,97,True
bm25,3,bertQPP,4,0.45,0.31202208583519236,0.0018627298679589756,0.1679553264604811,0.014800614099959652,97,False
bm25,3,bertQPP,4,0.45,0.3858996438957324,9.471793054319085e-05,0.21821305841924402,0.0015427588468996702,97,True
bm25,3,bertQPP(QV),4,0.45,0.3036080238672852,0.0025017580343787114,0.14518900343642613,0.03513003275683934,97,False
bm25,3,bertQPP(QV),4,0.45,0.3897040038373775,7.961435893722348e-05,0.21950171821305847,0.0014464512863097319,97,True
bm25,3,spatial,4,0.5,0.2834424899315754,0.004903040328449079,0.13530927835051548,0.04958921997609662,97,False
bm25,3,spatial,4,0.5,0.35911041316812775,0.0003035476118657998,0.27878006872852235,5.2230841404023976e-05,97,True
bm25,3,a_ratio,4,0.5,0.29910077155293385,0.0029197971097784325,0.10953608247422682,0.11194930892644765,97,False
bm25,3,a_ratio,4,0.5,0.3987761703495659,5.2159499525012086e-05,0.27233676975945026,7.752860694391557e-05,97,True
bm25,3,nqc,4,0.5,0.03177614252741977,0.7573369995093373,-0.017611683848797254,0.7982864258103413,97,False
bm25,3,nqc,4,0.5,0.14718082755854456,0.15025855594878804,0.06529209621993129,0.34340339579060297,97,True
bm25,3,bertQPP,4,0.5,0.30196180044285315,0.002647748834057588,0.15249140893470792,0.026909885175764755,97,False
bm25,3,bertQPP,4,0.5,0.3736475105030279,0.00016338386448439026,0.20403780068728525,0.00306822352558543,97,True
bm25,3,bertQPP(QV),4,0.5,0.29260851574397523,0.0036323555292565924,0.14046391752577322,0.04152093691345949,97,False
bm25,3,bertQPP(QV),4,0.5,0.37453797839655506,0.0001571499735679819,0.2173539518900344,0.0016102081655090619,97,True
bm25,3,spatial,4,0.55,0.2670966965693928,0.008175681063309764,0.12628865979381446,0.0668634129345248,97,False
bm25,3,spatial,4,0.55,0.3594631857969544,0.0002991218937777578,0.27878006872852235,5.2230841404023976e-05,97,True
bm25,3,a_ratio,4,0.55,0.2815506189122912,0.005209960086095823,0.09879725085910654,0.15166941209887877,97,False
bm25,3,a_ratio,4,0.55,0.38468468867235944,0.00010007631041158613,0.2594501718213059,0.00016660580916833792,97,True
bm25,3,nqc,4,0.55,0.0354804093527544,0.7300792360462681,-0.015034364261168387,0.8273000875464372,97,False
bm25,3,nqc,4,0.55,0.15235539349209948,0.13628043640152265,0.0734536082474227,0.28647120739097054,97,True
bm25,3,bertQPP,4,0.55,0.28893150943910767,0.004101611053234454,0.1439003436426117,0.036783724578164194,97,False
bm25,3,bertQPP,4,0.55,0.3587344545403741,0.00030833056892307255,0.202319587628866,0.003325969220576063,97,True
bm25,3,bertQPP(QV),4,0.55,0.27916785618069523,0.005620753109094967,0.1284364261168385,0.06235576017343852,97,False
bm25,3,bertQPP(QV),4,0.55,0.35742137820905084,0.00032558560525261624,0.20403780068728525,0.00306822352558543,97,True
bm25,3,spatial,4,0.6,0.2515330424265784,0.012944430265182553,0.12285223367697597,0.07463114343880432,97,False
bm25,3,spatial,4,0.6,0.35964504860372026,0.0002968636319843674,0.2830756013745705,3.995381628708257e-05,97,True
bm25,3,a_ratio,4,0.6,0.2641627140126911,0.008933421549951174,0.09278350515463919,0.1781756748775648,97,False
bm25,3,a_ratio,4,0.6,0.36888146731105376,0.00020082216675250495,0.24484536082474234,0.00038088964117221485,97,True
bm25,3,nqc,4,0.6,0.040083039958367726,0.696676166026655,-0.015463917525773198,0.8224469251562028,97,False
bm25,3,nqc,4,0.6,0.15863784632929873,0.12066399923967858,0.07817869415807562,0.25660117603543875,97,True
bm25,3,bertQPP,4,0.6,0.2739241728580364,0.006627514042158633,0.13058419243986258,0.05810246319620013,97,False
bm25,3,bertQPP,4,0.6,0.34212702545986684,0.0006035811413408998,0.19458762886597944,0.004747484369155047,97,True
bm25,3,bertQPP(QV),4,0.6,0.26431826814853343,0.008891749941384742,0.11340206185567013,0.09984779835922447,97,False
bm25,3,bertQPP(QV),4,0.6,0.33936660745833097,0.0006725013722367657,0.1911512027491409,0.005540236417616152,97,True
bm25,3,spatial,4,0.65,0.2368725185380677,0.019489662112707352,0.11039518900343644,0.10916471457232763,97,False
bm25,3,spatial,4,0.65,0.3595034194630812,0.00029862093710877544,0.28178694158075607,4.331497350290762e-05,97,True
bm25,3,a_ratio,4,0.65,0.24743043018705038,0.014548087102468174,0.09450171821305844,0.17027316035268703,97,False
bm25,3,a_ratio,4,0.65,0.35163545467168483,0.0004127308728025889,0.23109965635738836,0.0007979153488644113,97,True
bm25,3,nqc,4,0.65,0.04593817608960441,0.6550127438043596,-0.01245704467353952,0.8565514226103272,97,False
bm25,3,nqc,4,0.65,0.1663910347797391,0.10333549158285593,0.08204467353951891,0.23382603249144784,97,True
bm25,3,bertQPP,4,0.65,0.2578941501830817,0.010762045327941729,0.11168384879725088,0.1050908480999539,97,False
bm25,3,bertQPP,4,0.65,0.32469191336161357,0.0011754346092068143,0.18170103092783507,0.008372001763204117,97,True
bm25,3,bertQPP(QV),4,0.65,0.24894160784083283,0.013938386705733252,0.10309278350515466,0.1346555631057889,97,False
bm25,3,bertQPP(QV),4,0.65,0.32116842464709255,0.0013386565272149222,0.1782646048109966,0.009686599012848096,97,True
bm25,3,spatial,4,0.7,0.22316446332773907,0.02800537610262079,0.10223367697594504,0.13793469449367568,97,False
bm25,3,spatial,4,0.7,0.35875701651708886,0.00030804158773715544,0.2826460481099657,4.1045698019656674e-05,97,True
bm25,3,a_ratio,4,0.7,0.23164309203351147,0.0224309331415053,0.08333333333333336,0.22656268559471548,97,False
bm25,3,a_ratio,4,0.7,0.33326142847106127,0.00085119802024459,0.2173539518900344,0.0016102081655090619,97,True
bm25,3,nqc,4,0.7,0.05359803207967073,0.6020803623523551,0.0030068728522336776,0.9651968510542414,97,False
bm25,3,nqc,4,0.7,0.17612339669875618,0.08441143655381537,0.08762886597938145,0.2035174890452155,97,True
bm25,3,bertQPP,4,0.7,0.2416286851861675,0.01710880184097634,0.09836769759450173,0.15345704089516993,97,False
bm25,3,bertQPP,4,0.7,0.30712195022970834,0.002214107982615721,0.17225085910652924,0.012434959394241826,97,True
bm25,3,bertQPP(QV),4,0.7,0.2336972608452357,0.021233162444355136,0.08977663230240551,0.19265661141875967,97,False
bm25,3,bertQPP(QV),4,0.7,0.3033893523549609,0.0025207235617006234,0.1679553264604811,0.014800614099959652,97,True
bm25,3,spatial,4,0.75,0.210409759040283,0.0385789240587023,0.08719931271477664,0.2057421374120063,97,False
bm25,3,spatial,4,0.75,0.356868574051403,0.0003331124739327271,0.2779209621993128,5.5081722625004346e-05,97,True
bm25,3,a_ratio,4,0.75,0.2169406376467251,0.032809403314315075,0.07903780068728523,0.25141149497554627,97,False
bm25,3,a_ratio,4,0.75,0.31409529582069695,0.0017298837214404343,0.18943298969072167,0.005979808014005902,97,True
bm25,3,nqc,4,0.75,0.0639506519319483,0.5337358588092157,0.01589347079037801,0.817600546341627,97,False
bm25,3,nqc,4,0.75,0.18852302555072625,0.06441657029662227,0.10008591065292097,0.14640165493450158,97,True
bm25,3,bertQPP,4,0.75,0.22570169042904806,0.02622571039090932,0.08419243986254298,0.22181074839562664,97,False
bm25,3,bertQPP,4,0.75,0.28991958525411626,0.003970471143031453,0.16924398625429557,0.01405239227763608,97,True
bm25,3,bertQPP(QV),4,0.75,0.21902377274553836,0.0311295127363719,0.07817869415807562,0.25660117603543875,97,False
bm25,3,bertQPP(QV),4,0.75,0.28638904795934944,0.004457006874639645,0.16022336769759454,0.02007078628569656,97,True
bm25,3,spatial,4,0.8,0.19857847584753405,0.05119011859925286,0.08118556701030928,0.23875904036666062,97,False
bm25,3,spatial,4,0.8,0.352767908004188,0.0003941490419838595,0.27534364261168387,6.454501938742568e-05,97,True
bm25,3,a_ratio,4,0.8,0.2033628086347107,0.045732321286604226,0.07560137457044674,0.27261459721837655,97,False
bm25,3,a_ratio,4,0.8,0.2944700023502151,0.0034136232599080983,0.17740549828178698,0.010042744211065484,97,True
bm25,3,nqc,4,0.8,0.07843865088559643,0.4450496145526673,0.02362542955326461,0.7317251099207628,97,False
bm25,3,nqc,4,0.8,0.2043834468719672,0.044632768964242724,0.11168384879725088,0.1050908480999539,97,True
bm25,3,bertQPP,4,0.8,0.2104856946080518,0.03850725917389324,0.07560137457044674,0.27261459721837655,97,False
bm25,3,bertQPP,4,0.8,0.27341618275949525,0.006733047959649268,0.16408934707903783,0.01726000960595295,97,True
bm25,3,bertQPP(QV),4,0.8,0.20517806404415048,0.043791987240433886,0.06915807560137457,0.3155898965616176,97,False
bm25,3,bertQPP(QV),4,0.8,0.2703700526731901,0.007397617764743233,0.14948453608247425,0.030068308790855192,97,True
bm25,3,spatial,4,0.85,0.18762255182768386,0.06572539093819289,0.07259450171821306,0.29214479548279504,97,False
bm25,3,spatial,4,0.85,0.34422823105301653,0.000555524225340736,0.2641752577319588,0.00012634244111771396,97,True
bm25,3,a_ratio,4,0.85,0.19088715340645063,0.06108087498116308,0.0738831615120275,0.2836625052763587,97,False
bm25,3,a_ratio,4,0.85,0.27469535270834616,0.0064700997592512565,0.16408934707903783,0.01726000960595295,97,True
bm25,3,nqc,4,0.85,0.09922335972438204,0.3335655238707293,0.039948453608247426,0.5621188569054614,97,False
bm25,3,nqc,4,0.85,0.22396590884922818,0.02743247386992623,0.12714776632302408,0.06502915478137135,97,True
bm25,3,bertQPP,4,0.85,0.19619135035223967,0.054107695251150355,0.07216494845360825,0.295009708543132,97,False
bm25,3,bertQPP,4,0.85,0.2578066106014314,0.010789744366037935,0.138745704467354,0.04407710548149226,97,True
bm25,3,bertQPP(QV),4,0.85,0.19228434729311722,0.05917659966306796,0.06357388316151204,0.356252805453549,97,False
bm25,3,bertQPP(QV),4,0.85,0.25542312097719966,0.011568273228678795,0.1365979381443299,0.04745794602168577,97,True
bm25,3,spatial,4,0.9,0.17748451188012146,0.0820003990541779,0.06701030927835053,0.3308539585593422,97,False
bm25,3,spatial,4,0.9,0.32647318433897393,0.001100003268972527,0.23969072164948454,0.0005048251929224872,97,True
bm25,3,a_ratio,4,0.9,0.17945582646054825,0.07860627101640717,0.07001718213058421,0.30961588134500106,97,False
bm25,3,a_ratio,4,0.9,0.2550436777747343,0.01169663471266752,0.1434707903780069,0.037349490378258986,97,True
bm25,3,nqc,4,0.9,0.127953913714114,0.21166350030071543,0.050687285223367705,0.46201693847175085,97,False
bm25,3,nqc,4,0.9,0.24409201611839448,0.015977561638551543,0.13402061855670105,0.051800200122302374,97,True
bm25,3,bertQPP,4,0.9,0.18291242040507222,0.07292716359777374,0.06658075601374572,0.3339631552636785,97,False
bm25,3,bertQPP,4,0.9,0.24318557989022355,0.016386065574944042,0.12886597938144334,0.06148508875649665,97,True
bm25,3,bertQPP(QV),4,0.9,0.1803780042712747,0.07705760318587475,0.06529209621993129,0.34340339579060297,97,False
bm25,3,bertQPP(QV),4,0.9,0.24156475661133534,0.0171390576908085,0.12285223367697597,0.07463114343880432,97,True
bm25,3,spatial,4,0.95,0.16810323310017183,0.09978496663016563,0.06314432989690723,0.3595119194286538,97,False
bm25,3,spatial,4,0.95,0.28954515155766725,0.004019719447554252,0.19501718213058422,0.004655971971265852,97,True
bm25,3,a_ratio,4,0.95,0.16899332066574388,0.09797743489811674,0.06786941580756015,0.3246919364895129,97,False
bm25,3,a_ratio,4,0.95,0.23574181282398574,0.020095861964057937,0.12328178694158079,0.07362159410235054,97,True
bm25,3,nqc,4,0.95,0.15710821439671319,0.12433295285728357,0.057560137457044684,0.40356988208906586,97,False
bm25,3,nqc,4,0.95,0.25004727763576695,0.013506471265637029,0.14003436426116841,0.04214791401843269,97,True
bm25,3,bertQPP,4,0.95,0.1706650273876746,0.09465230670513586,0.06400343642611686,0.3530123788503621,97,False
bm25,3,bertQPP,4,0.95,0.22957906246851312,0.023692208446302248,0.1202749140893471,0.08092834885233069,97,True
bm25,3,bertQPP(QV),4,0.95,0.16943938916417306,0.09708132294939423,0.0622852233676976,0.36608612957525455,97,False
bm25,3,bertQPP(QV),4,0.95,0.22876531607190528,0.024205852806491325,0.11554982817869418,0.09358972367387966,97,True
bm25,3,spatial,4,1.0,0.15941760556150836,0.11882605704709359,0.06013745704467355,0.3828471200330016,97,False
bm25,3,spatial,4,1.0,0.21696870060260443,0.032786275045081525,0.10223367697594504,0.13793469449367568,97,True
bm25,3,a_ratio,4,1.0,0.15941760556150836,0.11882605704709359,0.06013745704467355,0.3828471200330016,97,False
bm25,3,a_ratio,4,1.0,0.21696870060260443,0.032786275045081525,0.10223367697594504,0.13793469449367568,97,True
bm25,3,nqc,4,1.0,0.15941760556150836,0.11882605704709359,0.06013745704467355,0.3828471200330016,97,False
bm25,3,nqc,4,1.0,0.21696870060260443,0.032786275045081525,0.10223367697594504,0.13793469449367568,97,True
bm25,3,bertQPP,4,1.0,0.15941760556150836,0.11882605704709359,0.06013745704467355,0.3828471200330016,97,False
bm25,3,bertQPP,4,1.0,0.21696870060260443,0.032786275045081525,0.10223367697594504,0.13793469449367568,97,True
bm25,3,bertQPP(QV),4,1.0,0.15941760556150836,0.11882605704709359,0.06013745704467355,0.3828471200330016,97,False
bm25,3,bertQPP(QV),4,1.0,0.21696870060260443,0.032786275045081525,0.10223367697594504,0.13793469449367568,97,True
bm25,3,spatial,5,0.0,0.3845251940076828,0.00010080028015697167,0.21993127147766325,0.0014156009702633058,97,False
bm25,3,spatial,5,0.0,0.3547549443101819,0.00036339273676425413,0.279639175257732,4.952017035250988e-05,97,True
bm25,3,a_ratio,5,0.0,0.31361970387000354,0.0017595769544369434,0.1207044673539519,0.07984982362376257,97,False
bm25,3,a_ratio,5,0.0,0.43816884295395087,7.1675504248435e-06,0.29252577319587636,2.187111894191921e-05,97,True
bm25,3,nqc,5,0.0,0.015030440035111404,0.8838251900266161,-0.02362542955326461,0.7317251099207628,97,False
bm25,3,nqc,5,0.0,0.12251005643370629,0.23191067066611573,0.04596219931271478,0.5047955105031363,97,True
bm25,3,bertQPP,5,0.0,0.25557308579511967,0.01151788193184543,0.1868556701030928,0.006698222213035896,97,False
bm25,3,bertQPP,5,0.0,0.3294099293087749,0.0009852047034422107,0.22465635738831619,0.0011140538745299275,97,True
bm25,3,bertQPP(QV),5,0.0,0.2474761609182837,0.014529302470978231,0.18556701030927839,0.00708575590459897,97,False
bm25,3,bertQPP(QV),5,0.0,0.3424837687388707,0.0005951626637122061,0.22079037800687287,0.0013557124652369783,97,True
bm25,3,spatial,5,0.05,0.3732879916411989,0.00016596500919573677,0.20618556701030932,0.0027716955730928564,97,False
bm25,3,spatial,5,0.05,0.35438282904557655,0.00036897886478116704,0.28092783505154645,4.570292642778511e-05,97,True
bm25,3,a_ratio,5,0.05,0.3149493706533298,0.0016776962035117836,0.11469072164948456,0.0960541193445157,97,False
bm25,3,a_ratio,5,0.05,0.43550649998437935,8.261872361477774e-06,0.2946735395189004,1.9024215360256178e-05,97,True
bm25,3,nqc,5,0.05,0.015145763544599936,0.8829401172729157,-0.02362542955326461,0.7317251099207628,97,False
bm25,3,nqc,5,0.05,0.12315344769296448,0.22944961023826113,0.04553264604810997,0.5087854171288679,97,True
bm25,3,bertQPP,5,0.05,0.25813754321545995,0.010685358243217922,0.19673539518900346,0.004305679427335466,97,False
bm25,3,bertQPP,5,0.05,0.33698870281841103,0.0007375646192325691,0.23067010309278352,0.00081607670119364,97,True
bm25,3,bertQPP(QV),5,0.05,0.25080441517264057,0.01321746160170318,0.17740549828178698,0.010042744211065484,97,False
bm25,3,bertQPP(QV),5,0.05,0.35169330440401936,0.000411762466958851,0.21563573883161516,0.0017533187111864498,97,True
bm25,3,spatial,5,0.1,0.35787994247273325,0.0003194610794131638,0.19201030927835053,0.00533157487845821,97,False
bm25,3,spatial,5,0.1,0.3539562398702572,0.0003754798760845434,0.2792096219931272,5.085839224791733e-05,97,True
bm25,3,a_ratio,5,0.1,0.31329852110764633,0.0017798898026585184,0.10223367697594504,0.13793469449367568,97,False
bm25,3,a_ratio,5,0.1,0.43160359023738826,1.0153269381123942e-05,0.29295532646048117,2.127112554068262e-05,97,True
bm25,3,nqc,5,0.1,0.015273538359825516,0.8819596525090607,-0.02362542955326461,0.7317251099207628,97,False
bm25,3,nqc,5,0.1,0.12386322604233305,0.22675589152105632,0.04424398625429554,0.52085358029868,97,True
bm25,3,bertQPP,5,0.1,0.25958855628116073,0.010238026584126004,0.17998281786941583,0.009007907605249525,97,False
bm25,3,bertQPP,5,0.1,0.34333888955657366,0.0005754194319308402,0.22895189003436428,0.0008926252002239728,97,True
bm25,3,bertQPP(QV),5,0.1,0.2528834636829493,0.012451362710248574,0.1597938144329897,0.02040649882574069,97,False
bm25,3,bertQPP(QV),5,0.1,0.3592291143754635,0.0003020517516731294,0.21391752577319592,0.001908041073171658,97,True
bm25,3,spatial,5,0.15,0.3386468380942395,0.000691618547114087,0.17998281786941583,0.009007907605249525,97,False
bm25,3,spatial,5,0.15,0.35346355042403454,0.0003831192451719965,0.28178694158075607,4.331497350290762e-05,97,True
bm25,3,a_ratio,5,0.15,0.30789114448405347,0.0021552679129043305,0.09063573883161513,0.18843365829791547,97,False
bm25,3,a_ratio,5,0.15,0.42625616379717113,1.3411790007615047e-05,0.28994845360824745,2.5823492573259426e-05,97,True
bm25,3,nqc,5,0.15,0.015415874864343985,0.8808676599851273,-0.02362542955326461,0.7317251099207628,97,False
bm25,3,nqc,5,0.15,0.12465003274392167,0.22379586788119624,0.04424398625429554,0.52085358029868,97,True
bm25,3,bertQPP,5,0.15,0.2594439046718551,0.010281872636350437,0.17740549828178698,0.010042744211065484,97,False
bm25,3,bertQPP,5,0.15,0.3478048333101766,0.00048171579870198223,0.22594501718213064,0.0010428004886634003,97,True
bm25,3,bertQPP(QV),5,0.15,0.253122840941218,0.012365690336104589,0.1550687285223368,0.024434836082135623,97,False
bm25,3,bertQPP(QV),5,0.15,0.3641855347980485,0.000245329972555915,0.20274914089347082,0.003259747042536618,97,True
bm25,3,spatial,5,0.2,0.31629217348304806,0.0015985222219492723,0.16881443298969073,0.014298004272030715,97,False
bm25,3,spatial,5,0.2,0.3528898130835279,0.0003921953134782853,0.2822164948453609,4.216585457755637e-05,97,True
bm25,3,a_ratio,5,0.2,0.2981741861221648,0.0030131385882748675,0.07860824742268042,0.2539971105350425,97,False
bm25,3,a_ratio,5,0.2,0.4192584266250227,1.916953270560608e-05,0.2822164948453609,4.216585457755637e-05,97,True
bm25,3,nqc,5,0.2,0.015575382662330455,0.879644195797378,-0.02491408934707904,0.7177021136751226,97,False
bm25,3,nqc,5,0.2,0.12552685381807502,0.22052936115930863,0.04510309278350516,0.5127917901399865,97,True
bm25,3,bertQPP,5,0.2,0.2571528057867775,0.010998599112208424,0.17611683848797252,0.010598840128977079,97,False
bm25,3,bertQPP,5,0.2,0.34965173171306557,0.0004472325178000741,0.22422680412371138,0.0011387880187863695,97,True
bm25,3,bertQPP(QV),5,0.2,0.25086045270741403,0.01319628678053423,0.154639175257732,0.024833107958687445,97,False
bm25,3,bertQPP(QV),5,0.2,0.36559790436290796,0.00023106912283343402,0.20446735395189009,0.0030066996042901117,97,True
bm25,3,spatial,5,0.25,0.29175700230183593,0.0037365288934488117,0.15592783505154642,0.023654871935139845,97,False
bm25,3,spatial,5,0.25,0.35221554750733175,0.00040311415453785803,0.2826460481099657,4.1045698019656674e-05,97,True
bm25,3,a_ratio,5,0.25,0.28401936414206674,0.004812710986300126,0.08032646048109966,0.24376503221542667,97,False
bm25,3,a_ratio,5,0.25,0.4104161101610404,2.9768983092690008e-05,0.2792096219931272,5.085839224791733e-05,97,True
bm25,3,nqc,5,0.25,0.01575532497186465,0.8782643333702436,-0.026202749140893475,0.7037735989090746,97,False
bm25,3,nqc,5,0.25,0.1265096797701071,0.21690810953161413,0.04725085910652922,0.4929254477765376,97,True
bm25,3,bertQPP,5,0.25,0.2521606115186051,0.012713216356726677,0.1628006872852234,0.018155972846842318,97,False
bm25,3,bertQPP,5,0.25,0.34816078301519104,0.00047488583245682887,0.2096219931271478,0.002351276432455258,97,True
bm25,3,bertQPP(QV),5,0.25,0.24546619615758644,0.015375069765565524,0.14604810996563578,0.03406318246416719,97,False
bm25,3,bertQPP(QV),5,0.25,0.3626212714258193,0.00026206990654078344,0.20833333333333337,0.0025015666651811157,97,True
bm25,3,spatial,5,0.3,0.266055378944023,0.008437873274890869,0.14518900343642613,0.03513003275683934,97,False
bm25,3,spatial,5,0.3,0.35141498155158796,0.0004164408194744413,0.2830756013745705,3.995381628708257e-05,97,True
bm25,3,a_ratio,5,0.3,0.2658406362767269,0.008492854320204551,0.07989690721649485,0.24629548858904848,97,False
bm25,3,a_ratio,5,0.3,0.39956368675041964,5.0250228747952914e-05,0.2689003436426117,9.538240628081039e-05,97,True
bm25,3,nqc,5,0.3,0.015959832784506744,0.8766965358002706,-0.02491408934707904,0.7177021136751226,97,False
bm25,3,nqc,5,0.3,0.127618388413529,0.2128738115522915,0.04853951890034365,0.4812066051703042,97,True
bm25,3,bertQPP,5,0.3,0.24401766802819524,0.01601073315227761,0.14991408934707906,0.029598455953974822,97,False
bm25,3,bertQPP,5,0.3,0.34277077351554436,0.0005884681006278743,0.202319587628866,0.003325969220576063,97,True
bm25,3,bertQPP(QV),5,0.3,0.23650162390303173,0.01968675186616455,0.1327319587628866,0.054093065441640706,97,False
bm25,3,bertQPP(QV),5,0.3,0.35475613340205797,0.0003633750117264863,0.19501718213058422,0.004655971971265852,97,True
bm25,3,spatial,5,0.35,0.24012319559732348,0.017833684140781236,0.12328178694158079,0.07362159410235054,97,False
bm25,3,spatial,5,0.35,0.35045344400960377,0.00043298182284627206,0.28049828178694164,4.694321427271648e-05,97,True
bm25,3,a_ratio,5,0.35,0.24454640223311974,0.015776119845424867,0.07560137457044674,0.27261459721837655,97,False
bm25,3,a_ratio,5,0.35,0.38658423289246424,9.181732890517717e-05,0.25902061855670105,0.00017081103710396531,97,True
bm25,3,nqc,5,0.35,0.016194206760848047,0.8749003639142262,-0.02491408934707904,0.7177021136751226,97,False
bm25,3,nqc,5,0.35,0.12887793480903365,0.20835568240440036,0.05197594501718214,0.450711341430895,97,True
bm25,3,bertQPP,5,0.35,0.23251354112892603,0.021916502394500693,0.1357388316151203,0.04887004601219989,97,False
bm25,3,bertQPP,5,0.35,0.3332314634820442,0.0008521730023278283,0.1898625429553265,0.005867063974983271,97,True
bm25,3,bertQPP(QV),5,0.35,0.22389001512110007,0.027486295512661452,0.12285223367697597,0.07463114343880432,97,False
bm25,3,bertQPP(QV),5,0.35,0.3420338827244938,0.0006057970175732765,0.18127147766323026,0.008527096049992753,97,True
bm25,3,spatial,5,0.4,0.2147200250210573,0.03468362919942968,0.10051546391752579,0.14467719951816677,97,False
bm25,3,spatial,5,0.4,0.3492834113746264,0.00045392285476578685,0.28006872852233683,4.8215372827859356e-05,97,True
bm25,3,a_ratio,5,0.4,0.22133302462756402,0.029352750986119433,0.07087628865979383,0.3037170573623521,97,False
bm25,3,a_ratio,5,0.4,0.3714295450330954,0.00017992003399994178,0.25601374570446744,0.000203164735220203,97,True
bm25,3,nqc,5,0.4,0.016465350101357253,0.8728231943145021,-0.025343642611683852,0.7130485680719618,97,False
bm25,3,nqc,5,0.4,0.13031996177939206,0.2032674635509068,0.05498281786941581,0.42495013508695245,97,True
bm25,3,bertQPP,5,0.4,0.2177877242110191,0.032117297666231864,0.11168384879725088,0.1050908480999539,97,False
bm25,3,bertQPP,5,0.4,0.319707984057327,0.001412144751351639,0.17439862542955328,0.011382836808156348,97,True
bm25,3,bertQPP(QV),5,0.4,0.20801330313838295,0.040898570016865705,0.10824742268041239,0.11623089832126132,97,False
bm25,3,bertQPP(QV),5,0.4,0.325061767098314,0.0011593961566176876,0.17439862542955328,0.011382836808156348,97,True
bm25,3,spatial,5,0.45,0.19039250459550777,0.06176690156726416,0.09278350515463919,0.1781756748775648,97,False
bm25,3,spatial,5,0.45,0.3478383605769787,0.00048106865236246225,0.279639175257732,4.952017035250988e-05,97,True
bm25,3,a_ratio,5,0.45,0.19741822122634176,0.052591584771437314,0.057560137457044684,0.40356988208906586,97,False
bm25,3,a_ratio,5,0.45,0.35413705338142704,0.00037271160856540105,0.24742268041237117,0.00033019314561040996,97,True
bm25,3,nqc,5,0.45,0.016782400125798395,0.8703954385658877,-0.025343642611683852,0.7130485680719618,97,False
bm25,3,nqc,5,0.45,0.13198497455313485,0.1975039299224106,0.057560137457044684,0.40356988208906586,97,True
bm25,3,bertQPP,5,0.45,0.2003566661822094,0.049102079716276996,0.10180412371134022,0.13959717520298046,97,False
bm25,3,bertQPP,5,0.45,0.3027807646962788,0.0025741899591534573,0.1658075601374571,0.016125841537736958,97,True
bm25,3,bertQPP(QV),5,0.45,0.18966591839216776,0.06278596888120641,0.09364261168384881,0.17419095096502246,97,False
bm25,3,bertQPP(QV),5,0.45,0.30488959319924,0.0023931664214942886,0.17139175257731962,0.012879359856548544,97,True
bm25,3,spatial,5,0.5,0.16748490719365022,0.101055954377201,0.08204467353951891,0.23382603249144784,97,False
bm25,3,spatial,5,0.5,0.34602293762711,0.0005172821132772099,0.28006872852233683,4.8215372827859356e-05,97,True
bm25,3,a_ratio,5,0.5,0.17382937214291208,0.08860241833437203,0.05197594501718214,0.450711341430895,97,False
bm25,3,a_ratio,5,0.5,0.3348396573079261,0.0008012626343669716,0.22766323024054988,0.0009543472910132449,97,True
bm25,3,nqc,5,0.5,0.017157665440563682,0.8675234635786854,-0.02362542955326461,0.7317251099207628,97,False
bm25,3,nqc,5,0.5,0.1339252300414551,0.19093724226427777,0.0584192439862543,0.3965888091618368,97,True
bm25,3,bertQPP,5,0.5,0.18102785782391342,0.07598103633742996,0.08676975945017183,0.2079844017382293,97,False
bm25,3,bertQPP,5,0.5,0.2833314121064934,0.0049206056027284555,0.16065292096219932,0.019739903980340746,97,True
bm25,3,bertQPP(QV),5,0.5,0.16987276188185826,0.09621690432525636,0.07302405498281789,0.28929863271816614,97,False
bm25,3,bertQPP(QV),5,0.5,0.282760127408668,0.005011833409303638,0.1670962199312715,0.015318729327102553,97,True
bm25,3,spatial,5,0.55,0.14617517630692894,0.1530957483986592,0.06958762886597938,0.3125934883665836,97,False
bm25,3,spatial,5,0.55,0.34369673390334143,0.0005673369941796125,0.27577319587628873,6.286763010435062e-05,97,True
bm25,3,a_ratio,5,0.55,0.15130327574030858,0.13903939284457362,0.046821305841924406,0.49686544158769386,97,False
bm25,3,a_ratio,5,0.55,0.3137652700016552,0.0017504400407193372,0.21391752577319592,0.001908041073171658,97,True
bm25,3,nqc,5,0.55,0.01760803617391622,0.8640789665665012,-0.021477663230240553,0.7552950224453057,97,False
bm25,3,nqc,5,0.55,0.13620839255390826,0.18341430549674856,0.05970790378006874,0.38625489539833124,97,True
bm25,3,bertQPP,5,0.55,0.16073199855379317,0.11577693026816803,0.06486254295532648,0.34658765831762584,97,False
bm25,3,bertQPP,5,0.55,0.26236215044659406,0.009428414239965991,0.1473367697594502,0.03251488713772691,97,True
bm25,3,bertQPP(QV),5,0.55,0.1496591740956292,0.14343516202633655,0.06056701030927836,0.3794578311122522,97,False
bm25,3,bertQPP(QV),5,0.55,0.2598583680402929,0.010156680141788893,0.15249140893470792,0.026909885175764755,97,True
bm25,3,spatial,5,0.6,0.12651832129872626,0.21687645741347783,0.04939862542955327,0.47347910625616985,97,False
bm25,3,spatial,5,0.6,0.34064656324040915,0.000639695483463845,0.27362542955326463,7.168767375692266e-05,97,True
bm25,3,a_ratio,5,0.6,0.130285310300453,0.20338867827039103,0.0425257731958763,0.5371707606067591,97,False
bm25,3,a_ratio,5,0.6,0.29122471353167667,0.003802998199577398,0.1984536082474227,0.003979453005162126,97,True
bm25,3,nqc,5,0.6,0.018157118428000423,0.8598829528852211,-0.021477663230240553,0.7552950224453057,97,False
bm25,3,nqc,5,0.6,0.1389215336482825,0.17475841456822555,0.06743986254295534,0.3277635503646662,97,True
bm25,3,bertQPP,5,0.6,0.1403460830076819,0.1703355661431239,0.05541237113402062,0.42134149715143543,97,False
bm25,3,bertQPP,5,0.6,0.24082136717293023,0.017494291557771408,0.13530927835051548,0.04958921997609662,97,True
bm25,3,bertQPP(QV),5,0.6,0.12987326862066442,0.2048340167933187,0.046391752577319596,0.5008221569685896,97,False
bm25,3,bertQPP(QV),5,0.6,0.2371465870470106,0.019345116839257114,0.13831615120274915,0.044736513464296176,97,True
bm25,3,spatial,5,0.65,0.10848634286859678,0.2901735905620624,0.03737113402061856,0.5876136836654002,97,False
bm25,3,spatial,5,0.65,0.33653722430390254,0.0007505491967868689,0.2676116838487973,0.00010302809096628477,97,True
bm25,3,a_ratio,5,0.65,0.11098419705901089,0.2791437264943459,0.02792096219931272,0.6853564626190167,97,False
bm25,3,a_ratio,5,0.65,0.2675892064871231,0.008054191542910122,0.17353951890034366,0.011793812186781842,97,True
bm25,3,nqc,5,0.65,0.01883841201647836,0.8546820181581104,-0.022766323024054985,0.7411241465856763,97,False
bm25,3,nqc,5,0.65,0.1421733228042279,0.16478402460006703,0.07087628865979383,0.3037170573623521,97,True
bm25,3,bertQPP,5,0.65,0.12057138815222526,0.23943764642790677,0.039948453608247426,0.5621188569054614,97,False
bm25,3,bertQPP,5,0.65,0.21948772636365937,0.030765427841705037,0.12113402061855671,0.07878300963914868,97,True
bm25,3,bertQPP(QV),5,0.65,0.11110727133176644,0.27860761604215994,0.03608247422680413,0.6005585641963793,97,False
bm25,3,bertQPP(QV),5,0.65,0.21530519404873433,0.034181213095224906,0.1202749140893471,0.08092834885233069,97,True
bm25,3,spatial,5,0.7,0.09200015626859785,0.3701177346264982,0.026202749140893475,0.7037735989090746,97,False
bm25,3,spatial,5,0.7,0.33082029985352357,0.0009340497449091316,0.26159793814432997,0.00014700123564547276,97,True
bm25,3,a_ratio,5,0.7,0.09344224161483212,0.362631208145304,0.02405498281786942,0.7270405431127746,97,False
bm25,3,a_ratio,5,0.7,0.2432611470288653,0.016351668072957962,0.1512027491408935,0.028226597294347726,97,True
bm25,3,nqc,5,0.7,0.019699657470788955,0.8481162560084271,-0.020189003436426118,0.7695487264404447,97,False
bm25,3,nqc,5,0.7,0.1460863074975295,0.15334838482055174,0.07560137457044674,0.27261459721837655,97,True
bm25,3,bertQPP,5,0.7,0.10188774037892466,0.3206824928150508,0.027061855670103097,0.6945424903122657,97,False
bm25,3,bertQPP,5,0.7,0.1989253808042968,0.05077711980066044,0.09965635738831616,0.14814179266855426,97,True
bm25,3,bertQPP(QV),5,0.7,0.0937040576786852,0.3612820800502077,0.028350515463917533,0.680780730027897,97,False
bm25,3,bertQPP(QV),5,0.7,0.19475104929507306,0.05593316629341739,0.10137457044673541,0.14127503537333896,97,True
bm25,3,spatial,5,0.75,0.07695288018603846,0.45374585914452037,0.01975945017182131,0.7743175870264136,97,False
bm25,3,spatial,5,0.75,0.32255767580440253,0.0012719905454343283,0.2620274914089347,0.00014335046231608574,97,True
bm25,3,a_ratio,5,0.75,0.07759804032057917,0.4499581888814447,0.021477663230240553,0.7552950224453057,97,False
bm25,3,a_ratio,5,0.75,0.21864329678477443,0.03143079841614214,0.13015463917525774,0.058933277914773506,97,True
bm25,3,nqc,5,0.75,0.020806796841071434,0.8396911788369147,-0.018900343642611686,0.783880730258208,97,False
bm25,3,nqc,5,0.75,0.15075068249344378,0.140505301534427,0.07689003436426119,0.26452436355398434,97,True
bm25,3,bertQPP,5,0.75,0.08456776278499337,0.41018094804570354,0.01589347079037801,0.817600546341627,97,False
bm25,3,bertQPP,5,0.75,0.17949330927662221,0.07854284164614146,0.09450171821305844,0.17027316035268703,97,True
bm25,3,bertQPP(QV),5,0.75,0.07780896502953265,0.44872370727033184,0.012886597938144333,0.851661350500996,97,False
bm25,3,bertQPP(QV),5,0.75,0.1756927103510675,0.08518598901685537,0.08462199312714778,0.2194617374170329,97,True
bm25,3,spatial,5,0.8,0.06322568548451661,0.5383933761544596,0.013745704467353953,0.841898479106889,97,False
bm25,3,spatial,5,0.8,0.31006598825717985,0.001996456658251044,0.2508591065292096,0.00027237466938260737,97,True
bm25,3,a_ratio,5,0.8,0.06333353729926733,0.5376992181861653,0.01589347079037801,0.817600546341627,97,False
bm25,3,a_ratio,5,0.8,0.19411135298591667,0.05675996596912303,0.10567010309278352,0.12517917667351905,97,True
bm25,3,nqc,5,0.8,0.022236892480310994,0.8288353085300727,-0.010738831615120277,0.8761649965497997,97,False
bm25,3,nqc,5,0.8,0.15603885848967422,0.12694833935254043,0.08591065292096221,0.2125219840325313,97,True
bm25,3,bertQPP,5,0.8,0.06872144205873527,0.50359441503232,0.013316151202749144,0.846776975027774,97,False
bm25,3,bertQPP,5,0.8,0.161382935757464,0.1142894718639919,0.0850515463917526,0.21713063766326968,97,True
bm25,3,bertQPP(QV),5,0.8,0.06343205953066351,0.5370654942778652,0.0047250859106529215,0.9453348196600103,97,False
bm25,3,bertQPP(QV),5,0.8,0.15819232450972626,0.12172390746246563,0.07603092783505157,0.269899250718855,97,True
bm25,3,spatial,5,0.85,0.05069793551820476,0.6218987486385328,0.009879725085910654,0.886001161240211,97,False
bm25,3,spatial,5,0.85,0.29018459109540823,0.003935942147147954,0.23410652920962205,0.0006809162092632265,97,True
bm25,3,a_ratio,5,0.85,0.05050562619681448,0.6232227354304349,0.015463917525773198,0.8224469251562028,97,False
bm25,3,a_ratio,5,0.85,0.1699934658619951,0.09597722679119361,0.09278350515463919,0.1781756748775648,97,True
bm25,3,nqc,5,0.85,0.024004557921513032,0.8154614800460914,-0.011168384879725088,0.8712539798728897,97,False
bm25,3,nqc,5,0.85,0.16093094908543537,0.11532072739312264,0.0889175257731959,0.1969487085850582,97,True
bm25,3,bertQPP,5,0.85,0.05434673960020144,0.5970097881538241,0.009020618556701032,0.8958549214709819,97,False
bm25,3,bertQPP,5,0.85,0.14466322008378846,0.1574365502241948,0.07474226804123713,0.2781012070168114,97,True
bm25,3,bertQPP(QV),5,0.85,0.050501885681081445,0.6232484995621317,0.006443298969072166,0.9255067132095164,97,False
bm25,3,bertQPP(QV),5,0.85,0.14221873118353803,0.1646477924868865,0.07130584192439864,0.3007958300881056,97,True
bm25,3,spatial,5,0.9,0.03925325677053581,0.702657802447453,0.009020618556701032,0.8958549214709819,97,False
bm25,3,spatial,5,0.9,0.2568351953811248,0.011101327777425571,0.20017182130584193,0.0036758280937195186,97,True
bm25,3,a_ratio,5,0.9,0.03896560999528016,0.704735613246586,0.006872852233676977,0.9205564238059567,97,False
bm25,3,a_ratio,5,0.9,0.14655820917499293,0.15201042621378408,0.07860824742268042,0.2539971105350425,97,True
bm25,3,nqc,5,0.9,0.025675124705481455,0.8028706581037618,-0.013745704467353953,0.841898479106889,97,False
bm25,3,nqc,5,0.9,0.1613271957882964,0.11441626100391404,0.10137457044673541,0.14127503537333896,97,True
bm25,3,bertQPP,5,0.9,0.04137311450339248,0.6874133052293415,0.002147766323024055,0.9751367447826097,97,False
bm25,3,bertQPP,5,0.9,0.12932141980659054,0.20678125628332839,0.06872852233676977,0.3186051074891699,97,True
bm25,3,bertQPP(QV),5,0.9,0.03890472988404841,0.7051756582707869,-0.00429553264604811,0.9502976268493368,97,False
bm25,3,bertQPP(QV),5,0.9,0.12768710953953796,0.21262552023260833,0.0657216494845361,0.340237883454913,97,True
bm25,3,spatial,5,0.95,0.028782858424815247,0.7795838815540148,-0.0008591065292096221,0.9900533454687662,97,False
bm25,3,spatial,5,0.95,0.19897357372081362,0.05071996285675931,0.1365979381443299,0.04745794602168577,97,True
bm25,3,a_ratio,5,0.95,0.028570201412906473,0.781171422141919,-0.0038659793814432995,0.9552623626593565,97,False
bm25,3,a_ratio,5,0.95,0.12401060992205626,0.22619934150892135,0.06743986254295534,0.3277635503646662,97,True
bm25,3,nqc,5,0.95,0.02513306091623843,0.8069507666872998,0.0025773195876288664,0.9701662186124013,97,False
bm25,3,nqc,5,0.95,0.1458111624237091,0.1541325461312992,0.08977663230240551,0.19265661141875967,97,True
bm25,3,bertQPP,5,0.95,0.0296937462098623,0.772794171863645,-0.0047250859106529215,0.9453348196600103,97,False
bm25,3,bertQPP,5,0.95,0.11529502457999717,0.2607761025038565,0.05884879725085912,0.3931257746774063,97,True
bm25,3,bertQPP(QV),5,0.95,0.028510300729479573,0.7816187588818719,-0.006443298969072166,0.9255067132095164,97,False
bm25,3,bertQPP(QV),5,0.95,0.11448601681702893,0.26415885659368354,0.057130584192439875,0.4070878413580533,97,True
bm25,3,spatial,5,1.0,0.019187072595274968,0.8520227614214764,-0.007302405498281788,0.9156092108578661,97,False
bm25,3,spatial,5,1.0,0.1024945831683847,0.31779359352192826,0.04853951890034365,0.4812066051703042,97,True
bm25,3,a_ratio,5,1.0,0.019187072595274968,0.8520227614214764,-0.007302405498281788,0.9156092108578661,97,False
bm25,3,a_ratio,5,1.0,0.1024945831683847,0.31779359352192826,0.04853951890034365,0.4812066051703042,97,True
bm25,3,nqc,5,1.0,0.019187072595274968,0.8520227614214764,-0.007302405498281788,0.9156092108578661,97,False
bm25,3,nqc,5,1.0,0.1024945831683847,0.31779359352192826,0.04853951890034365,0.4812066051703042,97,True
bm25,3,bertQPP,5,1.0,0.019187072595274968,0.8520227614214764,-0.007302405498281788,0.9156092108578661,97,False
bm25,3,bertQPP,5,1.0,0.1024945831683847,0.31779359352192826,0.04853951890034365,0.4812066051703042,97,True
bm25,3,bertQPP(QV),5,1.0,0.019187072595274968,0.8520227614214764,-0.007302405498281788,0.9156092108578661,97,False
bm25,3,bertQPP(QV),5,1.0,0.1024945831683847,0.31779359352192826,0.04853951890034365,0.4812066051703042,97,True
bm25,3,spatial,6,0.0,0.3845251940076828,0.00010080028015697167,0.21993127147766325,0.0014156009702633058,97,False
bm25,3,spatial,6,0.0,0.3547549443101819,0.00036339273676425413,0.279639175257732,4.952017035250988e-05,97,True
bm25,3,a_ratio,6,0.0,0.31361970387000354,0.0017595769544369434,0.1207044673539519,0.07984982362376257,97,False
bm25,3,a_ratio,6,0.0,0.43816884295395087,7.1675504248435e-06,0.29252577319587636,2.187111894191921e-05,97,True
bm25,3,nqc,6,0.0,0.015030440035111404,0.8838251900266161,-0.02362542955326461,0.7317251099207628,97,False
bm25,3,nqc,6,0.0,0.12251005643370629,0.23191067066611573,0.04596219931271478,0.5047955105031363,97,True
bm25,3,bertQPP,6,0.0,0.25557308579511967,0.01151788193184543,0.1868556701030928,0.006698222213035896,97,False
bm25,3,bertQPP,6,0.0,0.3294099293087749,0.0009852047034422107,0.22465635738831619,0.0011140538745299275,97,True
bm25,3,bertQPP(QV),6,0.0,0.2474761609182837,0.014529302470978231,0.18556701030927839,0.00708575590459897,97,False
bm25,3,bertQPP(QV),6,0.0,0.3424837687388707,0.0005951626637122061,0.22079037800687287,0.0013557124652369783,97,True
bm25,3,spatial,6,0.05,0.37850387121750323,0.0001319702380778642,0.20790378006872856,0.0025535840012904936,97,False
bm25,3,spatial,6,0.05,0.35476169529574453,0.00036329211466952044,0.28092783505154645,4.570292642778511e-05,97,True
bm25,3,a_ratio,6,0.05,0.32131502942632295,0.0013314746594577037,0.12414089347079041,0.07163599473940602,97,False
bm25,3,a_ratio,6,0.05,0.4382226096645569,7.146924491639767e-06,0.2981099656357389,1.5190194907487389e-05,97,True
bm25,3,nqc,6,0.05,0.01552014623232232,0.8800678409956443,-0.021907216494845363,0.7505619727933218,97,False
bm25,3,nqc,6,0.05,0.12352713693000292,0.228028621957843,0.04553264604810997,0.5087854171288679,97,True
bm25,3,bertQPP,6,0.05,0.26202288373248206,0.009524330885810006,0.19458762886597944,0.004747484369155047,97,False
bm25,3,bertQPP,6,0.05,0.34065657799159044,0.00063944467863384,0.23195876288659797,0.0007627126312502382,97,True
bm25,3,bertQPP(QV),6,0.05,0.25477665449159653,0.011787709491801955,0.17912371134020622,0.009341755733078497,97,False
bm25,3,bertQPP(QV),6,0.05,0.3552765944346312,0.0003556927511371675,0.21864261168384883,0.0015100189795415188,97,True
bm25,3,spatial,6,0.1,0.3689238032613533,0.00020045726711279528,0.20446735395189009,0.0030066996042901117,97,False
bm25,3,spatial,6,0.1,0.35475421213349606,0.00036340365125303456,0.28092783505154645,4.570292642778511e-05,97,True
bm25,3,a_ratio,6,0.1,0.326784819144694,0.0010872685935606166,0.11898625429553265,0.08423505409007553,97,False
bm25,3,a_ratio,6,0.1,0.43726360925333624,7.523337795784044e-06,0.2993986254295533,1.3952200074870977e-05,97,True
bm25,3,nqc,6,0.1,0.016064448673481578,0.8758947132191504,-0.022336769759450176,0.7458382926337936,97,False
bm25,3,nqc,6,0.1,0.12465231609185563,0.22378731752232062,0.04553264604810997,0.5087854171288679,97,True
bm25,3,bertQPP,6,0.1,0.26784857153459923,0.007990854458220037,0.18728522336769762,0.006573343269072617,97,False
bm25,3,bertQPP,6,0.1,0.3510556824003324,0.00042255254178072437,0.23453608247422683,0.0006655682797928671,97,True
bm25,3,bertQPP(QV),6,0.1,0.26133202572687353,0.009722299201525826,0.16838487972508595,0.01454739544260673,97,False
bm25,3,bertQPP(QV),6,0.1,0.36675456749494656,0.00021996462751942679,0.2203608247422681,0.0013853583021557498,97,True
bm25,3,spatial,6,0.15,0.3560052454836123,0.0003451884299658148,0.19974226804123715,0.0037496927052216027,97,False
bm25,3,spatial,6,0.15,0.3547275826048649,0.00036380082015682647,0.28178694158075607,4.331497350290762e-05,97,True
bm25,3,a_ratio,6,0.15,0.32912871830187707,0.0009957046330269282,0.12156357388316154,0.07772782073014356,97,False
bm25,3,a_ratio,6,0.15,0.43509682809332434,8.443602984739273e-06,0.2985395189003437,1.4766332440304394e-05,97,True
bm25,3,nqc,6,0.15,0.016672948122147882,0.8712334136989207,-0.021477663230240553,0.7552950224453057,97,False
bm25,3,nqc,6,0.15,0.12590357010944228,0.21913632861680385,0.046391752577319596,0.5008221569685896,97,True
bm25,3,bertQPP,6,0.15,0.27261295691950155,0.006902951090705014,0.18728522336769762,0.006573343269072617,97,False
bm25,3,bertQPP,6,0.15,0.35996852093627923,0.00029288573731754903,0.23195876288659797,0.0007627126312502382,97,True
bm25,3,bertQPP(QV),6,0.15,0.266608046908234,0.008297810479936687,0.1666666666666667,0.01558372473088864,97,False
bm25,3,bertQPP(QV),6,0.15,0.37605345826032066,0.0001470445748518188,0.22079037800687287,0.0013557124652369783,97,True
bm25,3,spatial,6,0.2,0.3402331502503028,0.000650127719875752,0.19243986254295536,0.005229928831102741,97,False
bm25,3,spatial,6,0.2,0.35467513955449453,0.0003645841554936276,0.2835051546391753,3.888953702314073e-05,97,True
bm25,3,a_ratio,6,0.2,0.3275381129908307,0.0010570381986251007,0.13101374570446736,0.05728140399891128,97,False
bm25,3,a_ratio,6,0.2,0.4315191260003245,1.0198380407708229e-05,0.2933848797250859,2.0686822197476286e-05,97,True
bm25,3,nqc,6,0.2,0.01735761678063368,0.865993898870556,-0.021907216494845363,0.7505619727933218,97,False
bm25,3,nqc,6,0.2,0.12730302917642872,0.2140158550644773,0.04725085910652922,0.4929254477765376,97,True
bm25,3,bertQPP,6,0.2,0.2757868199506064,0.006252966524619241,0.17998281786941583,0.009007907605249525,97,False
bm25,3,bertQPP,6,0.2,0.3666566933989894,0.00022088481304819485,0.22723367697594504,0.000975784420613921,97,True
bm25,3,bertQPP(QV),6,0.2,0.2699758088444562,0.007487728554108938,0.1679553264604811,0.014800614099959652,97,False
bm25,3,bertQPP(QV),6,0.2,0.38223938425271164,0.00011172491599954347,0.21950171821305847,0.0014464512863097319,97,True
bm25,3,spatial,6,0.25,0.32227759320535854,0.001285182991549967,0.17439862542955328,0.011382836808156348,97,False
bm25,3,spatial,6,0.25,0.3545877288747669,0.0003658932475889092,0.2856529209621994,3.395967010111564e-05,97,True
bm25,3,a_ratio,6,0.25,0.3215073903686907,0.0013221043569362151,0.13487972508591067,0.050317249987351625,97,False
bm25,3,a_ratio,6,0.25,0.4263298496719955,1.3360875428718943e-05,0.28951890034364264,2.6544983244565518e-05,97,True
bm25,3,nqc,6,0.25,0.018133570960287032,0.8600628204874229,-0.023195876288659798,0.7364196981955502,97,False
bm25,3,nqc,6,0.25,0.1288782249321638,0.20835464964410488,0.050257731958762895,0.4658203551040343,97,True
bm25,3,bertQPP,6,0.25,0.2767907218996063,0.006058978313571246,0.18084192439862545,0.008684754281086702,97,False
bm25,3,bertQPP,6,0.25,0.3703624669539989,0.00018841552671554747,0.22293814432989695,0.0012160687743494618,97,True
bm25,3,bertQPP(QV),6,0.25,0.27078430761395583,0.007303965756797587,0.1670962199312715,0.015318729327102553,97,False
bm25,3,bertQPP(QV),6,0.25,0.3844607043871981,0.00010109438674052112,0.22250859106529214,0.001242886914966472,97,True
bm25,3,spatial,6,0.3,0.30288561399749775,0.0025649064691418834,0.16151202749140894,0.01909240321886764,97,False
bm25,3,spatial,6,0.3,0.3544526148020332,0.0003679252727016842,0.28522336769759454,3.489551201397058e-05,97,True
bm25,3,a_ratio,6,0.3,0.31101412767173664,0.0019305916061200985,0.13359106529209622,0.05255528194642074,97,False
bm25,3,a_ratio,6,0.3,0.4193451500068101,1.9085785738932592e-05,0.2946735395189004,1.9024215360256178e-05,97,True
bm25,3,nqc,6,0.3,0.019020162994300562,0.8532955870641261,-0.022766323024054985,0.7411241465856763,97,False
bm25,3,nqc,6,0.3,0.1306638026143916,0.20206747468276787,0.054123711340206195,0.432221333716273,97,True
bm25,3,bertQPP,6,0.3,0.275076838919811,0.006393460946090244,0.1709621993127148,0.013106785247853048,97,False
bm25,3,bertQPP,6,0.3,0.3704345012927639,0.00018783055317579667,0.21864261168384883,0.0015100189795415188,97,True
bm25,3,bertQPP(QV),6,0.3,0.2684820325116914,0.007838004473227874,0.15936426116838492,0.0207470988785446,97,False
bm25,3,bertQPP(QV),6,0.3,0.3821400256016622,0.00011222382913357886,0.21434707903780073,0.0018682268943729797,97,True
bm25,3,spatial,6,0.35,0.2827784009076835,0.005008892195605377,0.14862542955326463,0.03102727109196935,97,False
bm25,3,spatial,6,0.35,0.35425180934917444,0.00037096443836548903,0.28479381443298973,3.585581186521998e-05,97,True
bm25,3,a_ratio,6,0.35,0.29657183021243383,0.003180893625836089,0.1365979381443299,0.04745794602168577,97,False
bm25,3,a_ratio,6,0.35,0.41041530808506144,2.9770155020533666e-05,0.28608247422680416,3.304769864022772e-05,97,True
bm25,3,nqc,6,0.35,0.02004255511416593,0.8455050108624232,-0.021907216494845363,0.7505619727933218,97,False
bm25,3,nqc,6,0.35,0.1327039041764773,0.19505204224123446,0.0584192439862543,0.3965888091618368,97,True
bm25,3,bertQPP,6,0.35,0.27024347621184436,0.007426443966728852,0.15936426116838492,0.0207470988785446,97,False
bm25,3,bertQPP,6,0.35,0.36647254089039233,0.0002226258112649322,0.21262886597938147,0.002032205430312129,97,True
bm25,3,bertQPP(QV),6,0.35,0.26276159911922764,0.009316570773084284,0.14991408934707906,0.029598455953974822,97,False
bm25,3,bertQPP(QV),6,0.35,0.37513898113340904,0.00015306783791354492,0.21262886597938147,0.002032205430312129,97,True
bm25,3,spatial,6,0.4,0.2625780567292462,0.009367816168434368,0.13616838487972513,0.04815964796946807,97,False
bm25,3,spatial,6,0.4,0.35395946485763996,0.00037543033609516716,0.2839347079037801,3.7852202750352324e-05,97,True
bm25,3,a_ratio,6,0.4,0.2791147977336904,0.00563021888452158,0.1245704467353952,0.07065977324075139,97,False
bm25,3,a_ratio,6,0.4,0.3994433765746759,5.0537630265157116e-05,0.279639175257732,4.952017035250988e-05,97,True
bm25,3,nqc,6,0.4,0.021234038162423818,0.8364447431648178,-0.01975945017182131,0.7743175870264136,97,False
bm25,3,nqc,6,0.4,0.13505553249234142,0.18718546984421347,0.060996563573883174,0.3760870593214216,97,True
bm25,3,bertQPP,6,0.4,0.2621508117373943,0.009488063297126731,0.1512027491408935,0.028226597294347726,97,False
bm25,3,bertQPP,6,0.4,0.3584406497691701,0.00031211659084043596,0.21091065292096223,0.002209296231634933,97,True
bm25,3,bertQPP(QV),6,0.4,0.25367137042090576,0.012171308624412435,0.1443298969072165,0.03622527510674091,97,False
bm25,3,bertQPP(QV),6,0.4,0.3638181726958864,0.0002491701334012551,0.20833333333333337,0.0025015666651811157,97,True
bm25,3,spatial,6,0.45,0.2427715315633234,0.01657564928842813,0.12886597938144334,0.06148508875649665,97,False
bm25,3,spatial,6,0.45,0.35353770056515127,0.00038196045017555594,0.28479381443298973,3.585581186521998e-05,97,True
bm25,3,a_ratio,6,0.45,0.259769621775773,0.010183373826301093,0.13101374570446736,0.05728140399891128,97,False
bm25,3,a_ratio,6,0.45,0.38640244749813024,9.257939509766835e-05,0.27061855670103097,8.601885162206065e-05,97,True
bm25,3,nqc,6,0.45,0.02263953115066419,0.8257845756875927,-0.017611683848797254,0.7982864258103413,97,False
bm25,3,nqc,6,0.45,0.13779336470688874,0.17832049849039694,0.06529209621993129,0.34340339579060297,97,True
bm25,3,bertQPP,6,0.45,0.25098941103137895,0.013147669572639796,0.14647766323024058,0.03354022455213661,97,False
bm25,3,bertQPP,6,0.45,0.34669773677737775,0.0005035391681564434,0.2014604810996564,0.0034621026042757834,97,True
bm25,3,bertQPP(QV),6,0.45,0.24163535630256694,0.017105647221484076,0.1365979381443299,0.04745794602168577,97,False
bm25,3,bertQPP(QV),6,0.45,0.3489572380449004,0.00045992421512055647,0.20575601374570449,0.0028288190417010725,97,True
bm25,3,spatial,6,0.5,0.22370598603822298,0.027617175962313913,0.11554982817869418,0.09358972367387966,97,False
bm25,3,spatial,6,0.5,0.3529297317678678,0.0003915574890553393,0.28651202749140897,3.215902329862323e-05,97,True
bm25,3,a_ratio,6,0.5,0.23962116958147203,0.018081222214465457,0.12156357388316154,0.07772782073014356,97,False
bm25,3,a_ratio,6,0.5,0.3713482457258571,0.00018055460543000003,0.2628865979381444,0.00013630357600274067,97,True
bm25,3,nqc,6,0.5,0.024321005321668004,0.8130727533455434,-0.016323024054982822,0.8127611296549226,97,False
bm25,3,nqc,6,0.5,0.14101671502711147,0.16828224182907814,0.07001718213058421,0.30961588134500106,97,True
bm25,3,bertQPP,6,0.5,0.23726326663209915,0.019283859705334916,0.1357388316151203,0.04887004601219989,97,False
bm25,3,bertQPP,6,0.5,0.3319268229101456,0.0008956237899102557,0.20017182130584193,0.0036758280937195186,97,True
bm25,3,bertQPP(QV),6,0.5,0.22736325272571564,0.0251131395327559,0.12199312714776635,0.07668417076895777,97,False
bm25,3,bertQPP(QV),6,0.5,0.3315714546742488,0.0009078044497685071,0.20446735395189009,0.0030066996042901117,97,True
bm25,3,spatial,6,0.55,0.205604122365278,0.04334662393187095,0.10996563573883163,0.110550087489207,97,False
bm25,3,spatial,6,0.55,0.35204819457046294,0.00040586715592961793,0.2869415807560138,3.1293082627690314e-05,97,True
bm25,3,a_ratio,6,0.55,0.21955640744046498,0.030711837726178786,0.1202749140893471,0.08092834885233069,97,False
bm25,3,a_ratio,6,0.55,0.3544239227873328,0.0003683581155730485,0.24656357388316158,0.0003463449485504128,97,True
bm25,3,nqc,6,0.55,0.026366137802183363,0.7976770806673578,-0.013316151202749144,0.846776975027774,97,False
bm25,3,nqc,6,0.55,0.1448596551838648,0.15686745683849387,0.07431271477663232,0.2808725107935828,97,True
bm25,3,bertQPP,6,0.55,0.22168840381893895,0.02908709284612837,0.11469072164948456,0.0960541193445157,97,False
bm25,3,bertQPP,6,0.55,0.31499212378521113,0.0016751216661568074,0.19501718213058422,0.004655971971265852,97,True
bm25,3,bertQPP(QV),6,0.55,0.21169085885388012,0.03738469984053486,0.1168384879725086,0.08998850130140247,97,False
bm25,3,bertQPP(QV),6,0.55,0.3127063191082241,0.0018178998845736266,0.1911512027491409,0.005540236417616152,97,True
bm25,3,spatial,6,0.6,0.18858848299154446,0.06432226059255387,0.09536082474226806,0.16642177733641728,97,False
bm25,3,spatial,6,0.6,0.3507545890010362,0.0004277375325090032,0.2843642611683849,3.6841170569694906e-05,97,True
bm25,3,a_ratio,6,0.6,0.20020659781068847,0.049275535599268346,0.11125429553264607,0.10643517898925002,97,False
bm25,3,a_ratio,6,0.6,0.3358550914176214,0.0007705640052340087,0.23539518900343648,0.0006358327263393619,97,True
bm25,3,nqc,6,0.6,0.028902546935224517,0.7786907725718988,-0.012886597938144333,0.851661350500996,97,False
bm25,3,nqc,6,0.6,0.14950557372926668,0.14385113540915812,0.08075601374570447,0.24125289471425693,97,True
bm25,3,bertQPP,6,0.6,0.2050496842009872,0.04392692720119868,0.1086769759450172,0.11478963120763813,97,False
bm25,3,bertQPP,6,0.6,0.2967813877554953,0.003158488558795568,0.1782646048109966,0.009686599012848096,97,True
bm25,3,bertQPP(QV),6,0.6,0.1954204422556364,0.0550785797922875,0.10352233676975947,0.1330387570764664,97,False
bm25,3,bertQPP(QV),6,0.6,0.2932815076185742,0.00355186940187193,0.18170103092783507,0.008372001763204117,97,True
bm25,3,spatial,6,0.65,0.17270700765313116,0.09071215040420032,0.09192439862542956,0.1822278457949571,97,False
bm25,3,spatial,6,0.65,0.34882161442043136,0.00046244096953916694,0.2835051546391753,3.888953702314073e-05,97,True
bm25,3,a_ratio,6,0.65,0.181962130707727,0.07445448668335133,0.10438144329896909,0.12985027258664464,97,False
bm25,3,a_ratio,6,0.65,0.31593510677355846,0.0016192382491435487,0.21907216494845363,0.0014779202366871586,97,True
bm25,3,nqc,6,0.65,0.032121925717795215,0.7547793641672903,-0.009879725085910654,0.886001161240211,97,False
bm25,3,nqc,6,0.65,0.15520709600334404,0.1290116022901076,0.08419243986254298,0.22181074839562664,97,True
bm25,3,bertQPP,6,0.65,0.18807117846286767,0.06507064986305905,0.10309278350515466,0.1346555631057889,97,False
bm25,3,bertQPP,6,0.65,0.2780837769733803,0.005816986679587496,0.17225085910652924,0.012434959394241826,97,True
bm25,3,bertQPP(QV),6,0.65,0.17921341173732214,0.07901748245061323,0.09922680412371135,0.1498976871116754,97,False
bm25,3,bertQPP(QV),6,0.65,0.27401219414478994,0.0066093773229005184,0.1666666666666667,0.01558372473088864,97,True
bm25,3,spatial,6,0.7,0.15795566493617283,0.12228983271042321,0.08676975945017183,0.2079844017382293,97,False
bm25,3,spatial,6,0.7,0.3458610494517796,0.0005206298866708572,0.28135738831615126,4.4493757835023985e-05,97,True
bm25,3,a_ratio,6,0.7,0.16502229420488854,0.10624426393817732,0.09579037800687287,0.16452082122278677,97,False
bm25,3,a_ratio,6,0.7,0.29500276856074287,0.0033532316854235594,0.2053264604810997,0.002887015591872923,97,True
bm25,3,nqc,6,0.7,0.03632192137874236,0.7239321020859334,-0.0038659793814432995,0.9552623626593565,97,False
bm25,3,nqc,6,0.7,0.16230872128185447,0.11219950798442055,0.09149484536082475,0.1842793810224047,97,True
bm25,3,bertQPP,6,0.7,0.17133557095605015,0.09334382839993115,0.09235395189003438,0.18019329783502935,97,False
bm25,3,bertQPP,6,0.7,0.2595245571520046,0.010257405428338468,0.1628006872852234,0.018155972846842318,97,True
bm25,3,bertQPP(QV),6,0.7,0.16354852506142484,0.10944725056641226,0.08762886597938145,0.2035174890452155,97,False
bm25,3,bertQPP(QV),6,0.7,0.2553969622785698,0.011577082786181074,0.15378006872852237,0.025646544632394585,97,True
bm25,3,spatial,6,0.75,0.14429657518119354,0.15850287597216303,0.08204467353951891,0.23382603249144784,97,False
bm25,3,spatial,6,0.75,0.3411789475979733,0.0006264867964816698,0.27491408934707906,6.626470924810731e-05,97,True
bm25,3,a_ratio,6,0.75,0.14945166620815034,0.143997340858881,0.09063573883161513,0.18843365829791547,97,False
bm25,3,a_ratio,6,0.75,0.27341623002733995,0.0067330380711019405,0.18513745704467358,0.007219338175415614,97,True
bm25,3,nqc,6,0.75,0.041978593567228474,0.6830816745145443,0.006443298969072166,0.9255067132095164,97,False
bm25,3,nqc,6,0.75,0.1712521532668813,0.09350582498113104,0.10180412371134022,0.13959717520298046,97,True
bm25,3,bertQPP,6,0.75,0.1552574638383619,0.12888593553395,0.09020618556701032,0.1905365207922204,97,False
bm25,3,bertQPP,6,0.75,0.24155080942282975,0.017145664692849748,0.14991408934707906,0.029598455953974822,97,True
bm25,3,bertQPP(QV),6,0.75,0.14872971306222105,0.14596620846515676,0.08676975945017183,0.2079844017382293,97,False
bm25,3,bertQPP(QV),6,0.75,0.23774552371604366,0.019032439678941377,0.14304123711340208,0.037922646089534044,97,True
bm25,3,spatial,6,0.8,0.1316715605869079,0.19857973776181487,0.08204467353951891,0.23382603249144784,97,False
bm25,3,spatial,6,0.8,0.3334708430372605,0.0008444125866806151,0.2680412371134021,0.00010041746330816103,97,True
bm25,3,a_ratio,6,0.8,0.135228664015569,0.18661556528027579,0.08676975945017183,0.2079844017382293,97,False
bm25,3,a_ratio,6,0.8,0.25152740956953923,0.012946522033460276,0.1701030927835052,0.013572314777054699,97,True
bm25,3,nqc,6,0.8,0.049859272840752894,0.6276814376766332,0.013745704467353953,0.841898479106889,97,False
bm25,3,nqc,6,0.8,0.18246938482707942,0.07363604933641145,0.11082474226804125,0.10779310640620364,97,True
bm25,3,bertQPP,6,0.8,0.1400953681002618,0.1711079242875721,0.08118556701030928,0.23875904036666062,97,False
bm25,3,bertQPP,6,0.8,0.22444973819071615,0.02709145517340955,0.14132302405498284,0.040290653027956765,97,True
bm25,3,bertQPP(QV),6,0.8,0.1349191916935982,0.18763515816049262,0.08290378006872855,0.22896569995644822,97,False
bm25,3,bertQPP(QV),6,0.8,0.22122166518625772,0.029436417518257728,0.13616838487972513,0.04815964796946807,97,True
bm25,3,spatial,6,0.85,0.12001175867056,0.24164162040655576,0.07560137457044674,0.27261459721837655,97,False
bm25,3,spatial,6,0.85,0.3201567954596039,0.0013891805118326189,0.256872852233677,0.0001933769855221948,97,True
bm25,3,a_ratio,6,0.85,0.12228184483167236,0.2327880264773613,0.07517182130584193,0.27534857568608007,97,False
bm25,3,a_ratio,6,0.85,0.2296605408340235,0.02364129488400287,0.15249140893470792,0.026909885175764755,97,True
bm25,3,nqc,6,0.85,0.06109598225607565,0.5521905557129342,0.023195876288659798,0.7364196981955502,97,False
bm25,3,nqc,6,0.85,0.195762061216557,0.054646594567024843,0.12500000000000003,0.06969448971824621,97,True
bm25,3,bertQPP,6,0.85,0.125982617233479,0.21884481686770163,0.07173539518900345,0.2978933833803449,97,False
bm25,3,bertQPP,6,0.85,0.20838125665174276,0.04053502943128758,0.1365979381443299,0.04745794602168577,97,True
bm25,3,bertQPP(QV),6,0.85,0.1221767196753414,0.23319295701825238,0.06915807560137457,0.3155898965616176,97,False
bm25,3,bertQPP(QV),6,0.85,0.20588596350993313,0.043054086927128574,0.13316151202749144,0.05331954320676675,97,True
bm25,3,spatial,6,0.9,0.10924414122043029,0.2867972759992347,0.06829896907216496,0.32163912125241456,97,False
bm25,3,spatial,6,0.9,0.29594586735257244,0.003248670393371448,0.23152920962199317,0.0007801296905645403,97,True
bm25,3,a_ratio,6,0.9,0.11051468809541676,0.2811952408935423,0.06915807560137457,0.3155898965616176,97,False
bm25,3,a_ratio,6,0.9,0.20809705902166867,0.04081558051731662,0.1443298969072165,0.03622527510674091,97,True
bm25,3,nqc,6,0.9,0.07646619195336035,0.45661482882258825,0.04510309278350516,0.5127917901399865,97,False
bm25,3,nqc,6,0.9,0.20771450922218007,0.04119577715126055,0.14046391752577322,0.04152093691345949,97,True
bm25,3,bertQPP,6,0.9,0.11296222508347903,0.2706109434269103,0.06701030927835053,0.3308539585593422,97,False
bm25,3,bertQPP,6,0.9,0.19341236016458158,0.05767482085712225,0.13187285223367698,0.055668220302014286,97,True
bm25,3,bertQPP(QV),6,0.9,0.11049454919252516,0.281283462285572,0.06615120274914091,0.33709113316806516,97,False
bm25,3,bertQPP(QV),6,0.9,0.19173126133331767,0.05992453539243802,0.12199312714776635,0.07668417076895777,97,True
bm25,3,spatial,6,0.95,0.0992957397969659,0.3332112623352874,0.0657216494845361,0.340237883454913,97,False
bm25,3,spatial,6,0.95,0.2502729577038932,0.013419756740122038,0.1859965635738832,0.006954397086601862,97,True
bm25,3,a_ratio,6,0.95,0.09982138024603943,0.33064570813984656,0.06658075601374572,0.3339631552636785,97,False
bm25,3,a_ratio,6,0.95,0.18706739874043296,0.06654298774605838,0.12714776632302408,0.06502915478137135,97,True
bm25,3,nqc,6,0.95,0.09144165295280604,0.37304238252903305,0.0584192439862543,0.3965888091618368,97,False
bm25,3,nqc,6,0.95,0.20486912756912437,0.04411729461240652,0.15378006872852237,0.025646544632394585,97,True
bm25,3,bertQPP,6,0.95,0.10101759544819677,0.32485422719848933,0.06400343642611686,0.3530123788503621,97,False
bm25,3,bertQPP,6,0.95,0.17954694104979377,0.07845215589126715,0.11426116838487975,0.09730564872611688,97,True
bm25,3,bertQPP(QV),6,0.95,0.09982436695667267,0.3306311665906147,0.0627147766323024,0.3627897011875757,97,False
bm25,3,bertQPP(QV),6,0.95,0.17870923800458166,0.07987823374381506,0.11426116838487975,0.09730564872611688,97,True
bm25,3,spatial,6,1.0,0.09009624199678641,0.38014535108056857,0.06529209621993129,0.34340339579060297,97,False
bm25,3,spatial,6,1.0,0.16674897192883148,0.10258519495959569,0.10695876288659796,0.12064011527036375,97,True
bm25,3,a_ratio,6,1.0,0.09009624199678641,0.38014535108056857,0.06529209621993129,0.34340339579060297,97,False
bm25,3,a_ratio,6,1.0,0.16674897192883148,0.10258519495959569,0.10695876288659796,0.12064011527036375,97,True
bm25,3,nqc,6,1.0,0.09009624199678641,0.38014535108056857,0.06529209621993129,0.34340339579060297,97,False
bm25,3,nqc,6,1.0,0.16674897192883148,0.10258519495959569,0.10695876288659796,0.12064011527036375,97,True
bm25,3,bertQPP,6,1.0,0.09009624199678641,0.38014535108056857,0.06529209621993129,0.34340339579060297,97,False
bm25,3,bertQPP,6,1.0,0.16674897192883148,0.10258519495959569,0.10695876288659796,0.12064011527036375,97,True
bm25,3,bertQPP(QV),6,1.0,0.09009624199678641,0.38014535108056857,0.06529209621993129,0.34340339579060297,97,False
bm25,3,bertQPP(QV),6,1.0,0.16674897192883148,0.10258519495959569,0.10695876288659796,0.12064011527036375,97,True
bm25,3,spatial,7,0.0,0.3845251940076828,0.00010080028015697167,0.21993127147766325,0.0014156009702633058,97,False
bm25,3,spatial,7,0.0,0.3547549443101819,0.00036339273676425413,0.279639175257732,4.952017035250988e-05,97,True
bm25,3,a_ratio,7,0.0,0.31361970387000354,0.0017595769544369434,0.1207044673539519,0.07984982362376257,97,False
bm25,3,a_ratio,7,0.0,0.43816884295395087,7.1675504248435e-06,0.29252577319587636,2.187111894191921e-05,97,True
bm25,3,nqc,7,0.0,0.015030440035111404,0.8838251900266161,-0.02362542955326461,0.7317251099207628,97,False
bm25,3,nqc,7,0.0,0.12251005643370629,0.23191067066611573,0.04596219931271478,0.5047955105031363,97,True
bm25,3,bertQPP,7,0.0,0.25557308579511967,0.01151788193184543,0.1868556701030928,0.006698222213035896,97,False
bm25,3,bertQPP,7,0.0,0.3294099293087749,0.0009852047034422107,0.22465635738831619,0.0011140538745299275,97,True
bm25,3,bertQPP(QV),7,0.0,0.2474761609182837,0.014529302470978231,0.18556701030927839,0.00708575590459897,97,False
bm25,3,bertQPP(QV),7,0.0,0.3424837687388707,0.0005951626637122061,0.22079037800687287,0.0013557124652369783,97,True
bm25,3,spatial,7,0.05,0.38689680880654514,9.052058851717262e-05,0.2177835051546392,0.0015761513468118154,97,False
bm25,3,spatial,7,0.05,0.3550798242663244,0.0003585794303034001,0.28178694158075607,4.331497350290762e-05,97,True
bm25,3,a_ratio,7,0.05,0.3271851435550338,0.0010711066135701331,0.13445017182130586,0.05105421646643944,97,False
bm25,3,a_ratio,7,0.05,0.44044113840561544,6.342947097980743e-06,0.30068728522336774,1.2810804708658091e-05,97,True
bm25,3,nqc,7,0.05,0.01588994987972551,0.8772322188176587,-0.023195876288659798,0.7364196981955502,97,False
bm25,3,nqc,7,0.05,0.12383012095725753,0.2268810347972285,0.046391752577319596,0.5008221569685896,97,True
bm25,3,bertQPP,7,0.05,0.26685557388464204,0.008235746164987701,0.19673539518900346,0.004305679427335466,97,False
bm25,3,bertQPP,7,0.05,0.3442086570669674,0.0005559552369971607,0.24269759450171827,0.0004286013573495472,97,True
bm25,3,bertQPP(QV),7,0.05,0.25976315404939787,0.01018532163223017,0.1898625429553265,0.005867063974983271,97,False
bm25,3,bertQPP(QV),7,0.05,0.3588811904356568,0.0003064555887141005,0.22637457044673542,0.0010200025736501021,97,True
bm25,3,spatial,7,0.1,0.38601751230649967,9.421253070469751e-05,0.22379725085910657,0.0011640289366746655,97,False
bm25,3,spatial,7,0.1,0.3554250733401222,0.00035352869326234725,0.28178694158075607,4.331497350290762e-05,97,True
bm25,3,a_ratio,7,0.1,0.33933596071007477,0.000673305398578487,0.13616838487972513,0.04815964796946807,97,False
bm25,3,a_ratio,7,0.1,0.44194657747801275,5.846745932394377e-06,0.30025773195876293,1.3180989774176607e-05,97,True
bm25,3,nqc,7,0.1,0.016845650478063974,0.8699112529661219,-0.02362542955326461,0.7317251099207628,97,False
bm25,3,nqc,7,0.1,0.1252925651870999,0.22139886628320854,0.04725085910652922,0.4929254477765376,97,True
bm25,3,bertQPP,7,0.1,0.27818213806406994,0.005798934548591459,0.19888316151202753,0.0039014834427261624,97,False
bm25,3,bertQPP,7,0.1,0.35866533751530805,0.00030921739774220715,0.23711340206185572,0.000580033168540485,97,True
bm25,3,bertQPP(QV),7,0.1,0.2719918622105935,0.007036916004282235,0.18384879725085912,0.0076337511300162714,97,False
bm25,3,bertQPP(QV),7,0.1,0.3744909280736953,0.0001574737670433372,0.22637457044673542,0.0010200025736501021,97,True
bm25,3,spatial,7,0.15,0.3817848927812388,0.00011402402452947371,0.21606529209621997,0.0017164841150655054,97,False
bm25,3,spatial,7,0.15,0.3557916915207188,0.00034823707986906855,0.2830756013745705,3.995381628708257e-05,97,True
bm25,3,a_ratio,7,0.15,0.34915024454270827,0.00045636429124080774,0.14175257731958765,0.039687194240219145,97,False
bm25,3,a_ratio,7,0.15,0.4425085951689134,5.67105614510187e-06,0.30025773195876293,1.3180989774176607e-05,97,True
bm25,3,nqc,7,0.15,0.01791453923382047,0.8617362379880527,-0.021907216494845363,0.7505619727933218,97,False
bm25,3,nqc,7,0.15,0.12692149408304987,0.2154033534902894,0.046821305841924406,0.49686544158769386,97,True
bm25,3,bertQPP,7,0.15,0.2891568328301799,0.004071369755219701,0.19759450171821308,0.0041396512632380965,97,False
bm25,3,bertQPP,7,0.15,0.37217352419931604,0.00017420809307668793,0.24012027491408938,0.0004932117335580638,97,True
bm25,3,bertQPP(QV),7,0.15,0.28366443240559425,0.0048681105782333875,0.1868556701030928,0.006698222213035896,97,False
bm25,3,bertQPP(QV),7,0.15,0.3884876867232913,8.418047088953269e-05,0.23539518900343648,0.0006358327263393619,97,True
bm25,3,spatial,7,0.2,0.37435230404851605,0.0001584313525785192,0.21048109965635742,0.002255725464528707,97,False
bm25,3,spatial,7,0.2,0.3561803360056945,0.00034270722484832744,0.2843642611683849,3.6841170569694906e-05,97,True
bm25,3,a_ratio,7,0.2,0.3556781901794741,0.0003498674676043087,0.1469072164948454,0.033024149712135395,97,False
bm25,3,a_ratio,7,0.2,0.44193632697552176,5.849997388307709e-06,0.30111683848797255,1.245055216313867e-05,97,True
bm25,3,nqc,7,0.2,0.01911783798711132,0.8525506875162989,-0.021048109965635744,0.7600372759154744,97,False
bm25,3,nqc,7,0.2,0.12874670884861245,0.20882318597766997,0.046391752577319596,0.5008221569685896,97,True
bm25,3,bertQPP,7,0.2,0.299242090362773,0.0029057916193554745,0.2053264604810997,0.002887015591872923,97,False
bm25,3,bertQPP,7,0.2,0.3839854441372708,0.00010328652842605222,0.24312714776632308,0.0004186340215940853,97,True
bm25,3,bertQPP(QV),7,0.2,0.2941292906970056,0.0034527535362416555,0.1859965635738832,0.006954397086601862,97,False
bm25,3,bertQPP(QV),7,0.2,0.39992489614356547,4.9396490012106405e-05,0.22594501718213064,0.0010428004886634003,97,True
bm25,3,spatial,7,0.25,0.3641043899672658,0.00024617347585545885,0.20704467353951894,0.0026605976928076114,97,False
bm25,3,spatial,7,0.25,0.35659103168251105,0.0003369515448334885,0.28479381443298973,3.585581186521998e-05,97,True
bm25,3,a_ratio,7,0.25,0.3581254867334581,0.00031622541614490196,0.15077319587628868,0.0286776674564184,97,False
bm25,3,a_ratio,7,0.25,0.4400315842874785,6.484645770110228e-06,0.3032646048109966,1.078963546261726e-05,97,True
bm25,3,nqc,7,0.25,0.020482380345598145,0.8421580869292798,-0.01975945017182131,0.7743175870264136,97,False
bm25,3,nqc,7,0.25,0.1308054675599764,0.20157455152201145,0.050687285223367705,0.46201693847175085,97,True
bm25,3,bertQPP,7,0.25,0.3077696007951438,0.0021644706215734255,0.202319587628866,0.003325969220576063,97,False
bm25,3,bertQPP,7,0.25,0.39326817584937707,6.752636271410622e-05,0.24269759450171827,0.0004286013573495472,97,True
bm25,3,bertQPP(QV),7,0.25,0.3026191975015886,0.0025885545242765617,0.18728522336769762,0.006573343269072617,97,False
bm25,3,bertQPP(QV),7,0.25,0.4078557423307973,3.373790394023712e-05,0.22379725085910657,0.0011640289366746655,97,True
bm25,3,spatial,7,0.3,0.35158878172466806,0.00041351370415546274,0.2014604810996564,0.0034621026042757834,97,False
bm25,3,spatial,7,0.3,0.35702269364587724,0.00033099806540589824,0.28608247422680416,3.304769864022772e-05,97,True
bm25,3,a_ratio,7,0.3,0.35605374406296114,0.0003444995067749989,0.14905498281786944,0.030544557732034724,97,False
bm25,3,a_ratio,7,0.3,0.4365991675117263,7.794988901693318e-06,0.3079896907216495,7.848402331985934e-06,97,True
bm25,3,nqc,7,0.3,0.022042578103251394,0.8303085117590562,-0.021477663230240553,0.7552950224453057,97,False
bm25,3,nqc,7,0.3,0.1331449277037659,0.1935588592706695,0.056271477663230256,0.41417839532189626,97,True
bm25,3,bertQPP,7,0.3,0.3139945503830104,0.0017361355682392987,0.19759450171821308,0.0041396512632380965,97,False
bm25,3,bertQPP,7,0.3,0.3992114447828034,5.109600887088912e-05,0.2366838487972509,0.0005935388745829456,97,True
bm25,3,bertQPP(QV),7,0.3,0.308346688645317,0.002121089527889569,0.1868556701030928,0.006698222213035896,97,False
bm25,3,bertQPP(QV),7,0.3,0.4115073574585595,2.821389143382136e-05,0.22766323024054988,0.0009543472910132449,97,True
bm25,3,spatial,7,0.35,0.33742734248369943,0.0007251462413532487,0.18857388316151205,0.006211170636578692,97,False
bm25,3,spatial,7,0.35,0.3574723330737082,0.00032489975775392696,0.288659793814433,2.804587392927909e-05,97,True
bm25,3,a_ratio,7,0.35,0.34951313830489217,0.0004497392910685136,0.16151202749140894,0.01909240321886764,97,False
bm25,3,a_ratio,7,0.35,0.4314604390876075,1.0229834989198703e-05,0.302405498281787,1.142689097205994e-05,97,True
bm25,3,nqc,7,0.35,0.02384326591619962,0.81667965591215,-0.021048109965635744,0.7600372759154744,97,False
bm25,3,nqc,7,0.35,0.13582559072272948,0.1846603097540676,0.060996563573883174,0.3760870593214216,97,True
bm25,3,bertQPP,7,0.35,0.317202679904224,0.00154677932021691,0.18771477663230243,0.006450561996249079,97,False
bm25,3,bertQPP,7,0.35,0.40117417739202177,4.654692869051747e-05,0.2366838487972509,0.0005935388745829456,97,True
bm25,3,bertQPP(QV),7,0.35,0.3106522305735284,0.001955496476928806,0.1829896907216495,0.007921746820669876,97,False
bm25,3,bertQPP(QV),7,0.35,0.4104594900141636,2.9705664227233682e-05,0.23840206185567014,0.0005412133012575864,97,True
bm25,3,spatial,7,0.4,0.32223301331884147,0.0012872942199332034,0.18427835051546396,0.0074933028749945285,97,False
bm25,3,spatial,7,0.4,0.35793371887712994,0.00031874984314292365,0.28737113402061865,3.0449327798130317e-05,97,True
bm25,3,a_ratio,7,0.4,0.33903818991926643,0.0006811634089456712,0.1516323024054983,0.027781654237823455,97,False
bm25,3,a_ratio,7,0.4,0.4244693646893588,1.4703608792496908e-05,0.2933848797250859,2.0686822197476286e-05,97,True
bm25,3,nqc,7,0.4,0.025943910930703678,0.8008494589819174,-0.018900343642611686,0.783880730258208,97,False
bm25,3,nqc,7,0.4,0.13892624497130768,0.1747436494411619,0.06486254295532648,0.34658765831762584,97,True
bm25,3,bertQPP,7,0.4,0.31685629635856266,0.0015662822484283166,0.1829896907216495,0.007921746820669876,97,False
bm25,3,bertQPP,7,0.4,0.39882911530038695,5.20290472315347e-05,0.2336769759450172,0.0006965926026270434,97,True
bm25,3,bertQPP(QV),7,0.4,0.3091653498215405,0.002060894384887248,0.1782646048109966,0.009686599012848096,97,False
bm25,3,bertQPP(QV),7,0.4,0.4047560905860288,3.920401343463931e-05,0.23582474226804126,0.000621432826309228,97,True
bm25,3,spatial,7,0.45,0.30654976618358065,0.002258813020471088,0.17268041237113405,0.01221789425088413,97,False
bm25,3,spatial,7,0.45,0.3583950816235284,0.0003127076119323139,0.28479381443298973,3.585581186521998e-05,97,True
bm25,3,a_ratio,7,0.45,0.32550655650926236,0.0011403718857230115,0.1516323024054983,0.027781654237823455,97,False
bm25,3,a_ratio,7,0.45,0.415529364924016,2.3114323752005693e-05,0.2869415807560138,3.1293082627690314e-05,97,True
bm25,3,nqc,7,0.45,0.02842500181560315,0.7822558916409287,-0.012886597938144333,0.851661350500996,97,False
bm25,3,nqc,7,0.45,0.1425511888385706,0.16365291007665012,0.06872852233676977,0.3186051074891699,97,True
bm25,3,bertQPP,7,0.45,0.3127341558582336,0.0018160968905137763,0.18470790378006877,0.007355176256510775,97,False
bm25,3,bertQPP,7,0.45,0.39224953668026374,7.07940281415431e-05,0.2379725085910653,0.0005538759115824682,97,True
bm25,3,bertQPP(QV),7,0.45,0.30391242391441103,0.002475571074456381,0.17182130584192443,0.01265543298933369,97,False
bm25,3,bertQPP(QV),7,0.45,0.3948968224964065,6.259223160862292e-05,0.23625429553264607,0.0006073368350083252,97,True
bm25,3,spatial,7,0.5,0.2908208404560596,0.0038541350349496706,0.1628006872852234,0.018155972846842318,97,False
bm25,3,spatial,7,0.5,0.358835085161994,0.00030704358348667516,0.28737113402061865,3.0449327798130317e-05,97,True
bm25,3,a_ratio,7,0.5,0.30993083938290944,0.0020060086001329473,0.14046391752577322,0.04152093691345949,97,False
bm25,3,a_ratio,7,0.5,0.4046085288676353,3.948380482693484e-05,0.2843642611683849,3.6841170569694906e-05,97,True
bm25,3,nqc,7,0.5,0.03139802255940682,0.760136813698748,-0.010738831615120277,0.8761649965497997,97,False
bm25,3,nqc,7,0.5,0.14684097934629414,0.15121290425779185,0.0734536082474227,0.28647120739097054,97,True
bm25,3,bertQPP,7,0.5,0.30500456515072843,0.0023836351239495974,0.17654639175257736,0.010410504577977625,97,False
bm25,3,bertQPP,7,0.5,0.38189823412129587,0.00011344659745488504,0.22938144329896912,0.0008728876884960134,97,True
bm25,3,bertQPP(QV),7,0.5,0.29531675399296947,0.0033180900135251386,0.16967353951890035,0.013810511589466142,97,False
bm25,3,bertQPP(QV),7,0.5,0.3817119913797209,0.00011439686708312388,0.22594501718213064,0.0010428004886634003,97,True
bm25,3,spatial,7,0.55,0.2753810858956801,0.006332916436248228,0.14819587628865982,0.031516517606653575,97,False
bm25,3,spatial,7,0.55,0.3592155640923453,0.00030222216680855346,0.2916666666666667,2.31197748307288e-05,97,True
bm25,3,a_ratio,7,0.55,0.2932706007103203,0.0035531609755079185,0.13745704467353953,0.04608031263937092,97,False
bm25,3,a_ratio,7,0.55,0.3917503472233537,7.244855591947535e-05,0.2770618556701031,5.80796004740303e-05,97,True
bm25,3,nqc,7,0.55,0.03502151654244398,0.7334386212074153,-0.00859106529209622,0.9007879306638119,97,False
bm25,3,nqc,7,0.55,0.15198869320226435,0.13723726931734975,0.07946735395189004,0.2488442983857856,97,True
bm25,3,bertQPP,7,0.55,0.29419321983716096,0.00344538088485661,0.1709621993127148,0.013106785247853048,97,False
bm25,3,bertQPP,7,0.55,0.36852240789760077,0.0002039417307784045,0.22079037800687287,0.0013557124652369783,97,True
bm25,3,bertQPP(QV),7,0.55,0.2840892065796966,0.00480187595409577,0.16408934707903783,0.01726000960595295,97,False
bm25,3,bertQPP(QV),7,0.55,0.3661785293200655,0.000225431721934733,0.21821305841924402,0.0015427588468996702,97,True
bm25,3,spatial,7,0.6,0.2604652378477975,0.00997577929112375,0.1439003436426117,0.036783724578164194,97,False
bm25,3,spatial,7,0.6,0.3594679995596578,0.00029906191598467953,0.29209621993127155,2.2487199782247227e-05,97,True
bm25,3,a_ratio,7,0.6,0.27631625517186037,0.006149986523905492,0.13445017182130586,0.05105421646643944,97,False
bm25,3,a_ratio,7,0.6,0.3770774235901698,0.00014056117500683561,0.26460481099656363,0.00012317744827931967,97,True
bm25,3,nqc,7,0.6,0.03952785917067548,0.7006762549832247,-0.006872852233676977,0.9205564238059567,97,False
bm25,3,nqc,7,0.6,0.15826479896254989,0.12155100261256963,0.08376288659793817,0.22417771625382632,97,True
bm25,3,bertQPP,7,0.6,0.28105899594635897,0.005292461951394953,0.15807560137457047,0.021798803662876853,97,False
bm25,3,bertQPP,7,0.6,0.35299960568824246,0.0003904433324931532,0.21262886597938147,0.002032205430312129,97,True
bm25,3,bertQPP(QV),7,0.6,0.2710624577193415,0.007241672331349523,0.15077319587628868,0.0286776674564184,97,False
bm25,3,bertQPP(QV),7,0.6,0.3492484325810177,0.0004545629802527186,0.20446735395189009,0.0030066996042901117,97,True
bm25,3,spatial,7,0.65,0.2462241545008767,0.015051250487144886,0.13487972508591067,0.050317249987351625,97,False
bm25,3,spatial,7,0.65,0.35946735870036933,0.00029906990022680923,0.2908075601374571,2.4436082793239188e-05,97,True
bm25,3,a_ratio,7,0.65,0.2596489825185483,0.010219759049012381,0.13530927835051548,0.04958921997609662,97,False
bm25,3,a_ratio,7,0.65,0.36078671682821595,0.0002830422692294482,0.2530068728522337,0.00024121095691616908,97,True
bm25,3,nqc,7,0.65,0.04526951276264925,0.659720598462112,-0.006013745704467355,0.930459888527551,97,False
bm25,3,nqc,7,0.65,0.16605503843211972,0.10404369656051357,0.09063573883161513,0.18843365829791547,97,True
bm25,3,bertQPP,7,0.65,0.2664337136937706,0.00834176915042912,0.14561855670103094,0.03459309466060896,97,False
bm25,3,bertQPP,7,0.65,0.3361914717405315,0.0007606339496599854,0.20360824742268044,0.003130893451622874,97,True
bm25,3,bertQPP(QV),7,0.65,0.2570373267561565,0.011035853352686564,0.14218213058419246,0.039091423487606906,97,False
bm25,3,bertQPP(QV),7,0.65,0.3317348313946517,0.0009021858833211599,0.19888316151202753,0.0039014834427261624,97,True
bm25,3,spatial,7,0.7,0.23274320978450472,0.021782465812345372,0.13101374570446736,0.05728140399891128,97,False
bm25,3,spatial,7,0.7,0.3589792146491348,0.00030520890195558044,0.2946735395189004,1.9024215360256178e-05,97,True
bm25,3,a_ratio,7,0.7,0.24365319734075752,0.016174210560599523,0.13058419243986258,0.05810246319620013,97,False
bm25,3,a_ratio,7,0.7,0.34313653512167075,0.0005800364649431703,0.23883161512027495,0.0005288208236189078,97,True
bm25,3,nqc,7,0.7,0.05280170461936292,0.6074943009088583,0.006013745704467355,0.930459888527551,97,False
bm25,3,nqc,7,0.7,0.17591541416052228,0.08478477220592742,0.09965635738831616,0.14814179266855426,97,True
bm25,3,bertQPP,7,0.7,0.25108585581977305,0.013111411887402873,0.13831615120274915,0.044736513464296176,97,False
bm25,3,bertQPP,7,0.7,0.3188430920813911,0.001457372323324071,0.19974226804123715,0.0037496927052216027,97,True
bm25,3,bertQPP(QV),7,0.7,0.24268404155362516,0.01661595076464137,0.13359106529209622,0.05255528194642074,97,False
bm25,3,bertQPP(QV),7,0.7,0.3142635541632928,0.001719487712195442,0.19630584192439868,0.0043909374810577745,97,True
bm25,3,spatial,7,0.75,0.2200594513248707,0.030321724866122234,0.1284364261168385,0.06235576017343852,97,False
bm25,3,spatial,7,0.75,0.35754740040083066,0.0003238917825196539,0.2968213058419244,1.6532495235382776e-05,97,True
bm25,3,a_ratio,7,0.75,0.22855394338372026,0.024340817122217452,0.12414089347079041,0.07163599473940602,97,False
bm25,3,a_ratio,7,0.75,0.3244272369520856,0.0011870356753938822,0.22809278350515466,0.000933347093157991,97,True
bm25,3,nqc,7,0.75,0.06303316390749748,0.5396335859935755,0.01718213058419244,0.8031038928688624,97,False
bm25,3,nqc,7,0.75,0.18863679027485333,0.06425273243380686,0.11340206185567013,0.09984779835922447,97,True
bm25,3,bertQPP,7,0.75,0.23564011927843417,0.0201511676360626,0.12628865979381446,0.0668634129345248,97,False
bm25,3,bertQPP,7,0.75,0.3015366876458033,0.002686672856456296,0.19072164948453613,0.005647306460207743,97,True
bm25,3,bertQPP(QV),7,0.75,0.22850437730344006,0.024372558470789354,0.1245704467353952,0.07065977324075139,97,False
bm25,3,bertQPP(QV),7,0.75,0.297273899607658,0.003106387447973209,0.18857388316151205,0.006211170636578692,97,True
bm25,3,spatial,7,0.8,0.2081760019723036,0.040737488526577,0.12285223367697597,0.07463114343880432,97,False
bm25,3,spatial,7,0.8,0.3542421789651245,0.0003711107717242597,0.2938144329896908,2.011782071963051e-05,97,True
bm25,3,a_ratio,7,0.8,0.21445946629839824,0.034909329571180085,0.11726804123711342,0.08881318243030219,97,False
bm25,3,a_ratio,7,0.8,0.30497881657570153,0.0023857667316276076,0.21219931271477666,0.0020752134680172376,97,True
bm25,3,nqc,7,0.8,0.07749049884644954,0.4505883265294356,0.04209621993127149,0.541289833276998,97,False
bm25,3,nqc,7,0.8,0.20524143910612108,0.043725500860787615,0.12800687285223372,0.06323660544752113,97,True
bm25,3,bertQPP,7,0.8,0.2205524058676786,0.02994350898036711,0.11812714776632303,0.08649966115997804,97,False
bm25,3,bertQPP,7,0.8,0.2846881216875262,0.004709851175319476,0.18084192439862545,0.008684754281086702,97,True
bm25,3,bertQPP(QV),7,0.8,0.214837673706485,0.034582122553713415,0.1164089347079038,0.09117630712765404,97,False
bm25,3,bertQPP(QV),7,0.8,0.28104614932257205,0.005294633292513271,0.17568728522336774,0.01079019991112942,97,True
bm25,3,spatial,7,0.85,0.19707335150651542,0.05301418477243021,0.11512027491408937,0.09481550621817705,97,False
bm25,3,spatial,7,0.85,0.3470667344190907,0.0004961666182330683,0.28135738831615126,4.4493757835023985e-05,97,True
bm25,3,a_ratio,7,0.85,0.2013987797857669,0.04791141724497211,0.11168384879725088,0.1050908480999539,97,False
bm25,3,a_ratio,7,0.85,0.2851088852621779,0.004646142709354747,0.19329896907216498,0.0050318722795436996,97,True
bm25,3,nqc,7,0.85,0.09864519442982209,0.33640391180890133,0.054553264604811004,0.4285767645779882,97,False
bm25,3,nqc,7,0.85,0.22648410976789146,0.025696692311645352,0.14046391752577322,0.04152093691345949,97,True
bm25,3,bertQPP,7,0.85,0.2061223068557025,0.04281004191993037,0.10910652920962201,0.11336246240953972,97,False
bm25,3,bertQPP,7,0.85,0.26856821019812294,0.00781741081031777,0.16924398625429557,0.01405239227763608,97,True
bm25,3,bertQPP(QV),7,0.85,0.20188899494134271,0.04735963815762813,0.10996563573883163,0.110550087489207,97,False
bm25,3,bertQPP(QV),7,0.85,0.2657379552028172,0.008519255211800216,0.16924398625429557,0.01405239227763608,97,True
bm25,3,spatial,7,0.9,0.18671778861988808,0.06706208968160256,0.11125429553264607,0.10643517898925002,97,False
bm25,3,spatial,7,0.9,0.33152662780387876,0.000909351626027603,0.2607388316151203,0.0001545669713814958,97,True
bm25,3,a_ratio,7,0.9,0.1893508052796717,0.0632321607565104,0.10953608247422682,0.11194930892644765,97,False
bm25,3,a_ratio,7,0.9,0.2651139958472104,0.008681242887281214,0.18513745704467358,0.007219338175415614,97,True
bm25,3,nqc,7,0.9,0.12916340312131833,0.2073412573342714,0.0657216494845361,0.340237883454913,97,False
bm25,3,nqc,7,0.9,0.24994964116265495,0.01354413749272838,0.14905498281786944,0.030544557732034724,97,True
bm25,3,bertQPP,7,0.9,0.19252315285229735,0.058856029325588914,0.10567010309278352,0.12517917667351905,97,False
bm25,3,bertQPP,7,0.9,0.25333353235888406,0.012290710136952352,0.16967353951890035,0.013810511589466142,97,True
bm25,3,bertQPP(QV),7,0.9,0.1897631172644479,0.06264885596968367,0.10781786941580758,0.11768634646990996,97,False
bm25,3,bertQPP(QV),7,0.9,0.25141912878455686,0.012986789469896941,0.1701030927835052,0.013572314777054699,97,True
bm25,3,spatial,7,0.95,0.177067461221654,0.08273323667728961,0.1048109965635739,0.1282784361242476,97,False
bm25,3,spatial,7,0.95,0.29748479097658703,0.003084314749461541,0.22766323024054988,0.0009543472910132449,97,True
bm25,3,a_ratio,7,0.95,0.1782652280744595,0.08064246558973662,0.1048109965635739,0.1282784361242476,97,False
bm25,3,a_ratio,7,0.95,0.24525611476327122,0.015465883161698507,0.17654639175257736,0.010410504577977625,97,True
bm25,3,nqc,7,0.95,0.1630254118926242,0.1106020412730597,0.08419243986254298,0.22181074839562664,97,False
bm25,3,nqc,7,0.95,0.2600713970338388,0.010092853943453751,0.16065292096219932,0.019739903980340746,97,True
bm25,3,bertQPP,7,0.95,0.1798354862043405,0.07796569434810917,0.10824742268041239,0.11623089832126132,97,False
bm25,3,bertQPP,7,0.95,0.23905715940726943,0.018362850142708963,0.17182130584192443,0.01265543298933369,97,True
bm25,3,bertQPP(QV),7,0.95,0.17849545437186892,0.08024547285245012,0.10695876288659796,0.12064011527036375,97,False
bm25,3,bertQPP(QV),7,0.95,0.23810033416307022,0.018849268242126477,0.1701030927835052,0.013572314777054699,97,True
bm25,3,spatial,7,1.0,0.1680765898386899,0.09983947275065791,0.10266323024054985,0.13628751627610397,97,False
bm25,3,spatial,7,1.0,0.22575477102750666,0.026189530365753038,0.16194158075601378,0.018775672464210122,97,True
bm25,3,a_ratio,7,1.0,0.1680765898386899,0.09983947275065791,0.10266323024054985,0.13628751627610397,97,False
bm25,3,a_ratio,7,1.0,0.22575477102750666,0.026189530365753038,0.16194158075601378,0.018775672464210122,97,True
bm25,3,nqc,7,1.0,0.1680765898386899,0.09983947275065791,0.10266323024054985,0.13628751627610397,97,False
bm25,3,nqc,7,1.0,0.22575477102750666,0.026189530365753038,0.16194158075601378,0.018775672464210122,97,True
bm25,3,bertQPP,7,1.0,0.1680765898386899,0.09983947275065791,0.10266323024054985,0.13628751627610397,97,False
bm25,3,bertQPP,7,1.0,0.22575477102750666,0.026189530365753038,0.16194158075601378,0.018775672464210122,97,True
bm25,3,bertQPP(QV),7,1.0,0.1680765898386899,0.09983947275065791,0.10266323024054985,0.13628751627610397,97,False
bm25,3,bertQPP(QV),7,1.0,0.22575477102750666,0.026189530365753038,0.16194158075601378,0.018775672464210122,97,True
bm25,3,spatial,8,0.0,0.3845251940076828,0.00010080028015697167,0.21993127147766325,0.0014156009702633058,97,False
bm25,3,spatial,8,0.0,0.3547549443101819,0.00036339273676425413,0.279639175257732,4.952017035250988e-05,97,True
bm25,3,a_ratio,8,0.0,0.31361970387000354,0.0017595769544369434,0.1207044673539519,0.07984982362376257,97,False
bm25,3,a_ratio,8,0.0,0.43816884295395087,7.1675504248435e-06,0.29252577319587636,2.187111894191921e-05,97,True
bm25,3,nqc,8,0.0,0.015030440035111404,0.8838251900266161,-0.02362542955326461,0.7317251099207628,97,False
bm25,3,nqc,8,0.0,0.12251005643370629,0.23191067066611573,0.04596219931271478,0.5047955105031363,97,True
bm25,3,bertQPP,8,0.0,0.25557308579511967,0.01151788193184543,0.1868556701030928,0.006698222213035896,97,False
bm25,3,bertQPP,8,0.0,0.3294099293087749,0.0009852047034422107,0.22465635738831619,0.0011140538745299275,97,True
bm25,3,bertQPP(QV),8,0.0,0.2474761609182837,0.014529302470978231,0.18556701030927839,0.00708575590459897,97,False
bm25,3,bertQPP(QV),8,0.0,0.3424837687388707,0.0005951626637122061,0.22079037800687287,0.0013557124652369783,97,True
bm25,3,spatial,8,0.05,0.38873514037499807,8.323223936295598e-05,0.21520618556701035,0.0017908788065225548,97,False
bm25,3,spatial,8,0.05,0.3552317965990919,0.0003563480627192083,0.2822164948453609,4.216585457755637e-05,97,True
bm25,3,a_ratio,8,0.05,0.3295693530790209,0.0009792970029553422,0.13316151202749144,0.05331954320676675,97,False
bm25,3,a_ratio,8,0.05,0.44171557356724767,5.92043487716197e-06,0.30369415807560146,1.0483874745108765e-05,97,True
bm25,3,nqc,8,0.05,0.01600645403045317,0.8763391944581935,-0.02362542955326461,0.7317251099207628,97,False
bm25,3,nqc,8,0.05,0.12393412848806658,0.22648803033083978,0.04596219931271478,0.5047955105031363,97,True
bm25,3,bertQPP,8,0.05,0.2681338456679312,0.007921697581202172,0.20060137457044677,0.0036032888355043277,97,False
bm25,3,bertQPP,8,0.05,0.34565431954681347,0.0005249338535973215,0.24312714776632308,0.0004186340215940853,97,True
bm25,3,bertQPP(QV),8,0.05,0.2612995148570892,0.009731703598909595,0.19243986254295536,0.005229928831102741,97,False
bm25,3,bertQPP(QV),8,0.05,0.3607030043378571,0.00028403519716558575,0.22723367697594504,0.000975784420613921,97,True
bm25,3,spatial,8,0.1,0.3898495011776854,7.908385817841276e-05,0.22293814432989695,0.0012160687743494618,97,False
bm25,3,spatial,8,0.1,0.3557449716562746,0.0003489073377552008,0.2822164948453609,4.216585457755637e-05,97,True
bm25,3,a_ratio,8,0.1,0.3444194165256112,0.0005513304700108514,0.14518900343642613,0.03513003275683934,97,False
bm25,3,a_ratio,8,0.1,0.4445855710635848,5.063979047095629e-06,0.30412371134020627,1.0186398880976669e-05,97,True
bm25,3,nqc,8,0.1,0.017091822158196074,0.8680272510583704,-0.022766323024054985,0.7411241465856763,97,False
bm25,3,nqc,8,0.1,0.12551218764376293,0.22058372027332343,0.046821305841924406,0.49686544158769386,97,True
bm25,3,bertQPP,8,0.1,0.28089459425518587,0.005320309019944163,0.20489690721649487,0.002946303078171719,97,False
bm25,3,bertQPP,8,0.1,0.3617502514013987,0.0002718417450974001,0.24097938144329903,0.0004707284379041492,97,True
bm25,3,bertQPP(QV),8,0.1,0.2752627404255672,0.006356406329093431,0.1829896907216495,0.007921746820669876,97,False
bm25,3,bertQPP(QV),8,0.1,0.3783876561960808,0.00013265150427690272,0.2285223367697595,0.0009127757207962206,97,True
bm25,3,spatial,8,0.15,0.38773250592207004,8.713675974712688e-05,0.21864261168384883,0.0015100189795415188,97,False
bm25,3,spatial,8,0.15,0.3562980884846506,0.00034104780088134044,0.2839347079037801,3.7852202750352324e-05,97,True
bm25,3,a_ratio,8,0.15,0.35720311195705673,0.0003285385619673512,0.15335051546391754,0.026061836085581373,97,False
bm25,3,a_ratio,8,0.15,0.44659645642597523,4.534986786581618e-06,0.30713058419243994,8.318768128883354e-06,97,True
bm25,3,nqc,8,0.15,0.01830589494813065,0.8587466874939507,-0.021477663230240553,0.7552950224453057,97,False
bm25,3,nqc,8,0.15,0.12727038566808171,0.21413431834603827,0.046821305841924406,0.49686544158769386,97,True
bm25,3,bertQPP,8,0.15,0.29347570037147674,0.0035289437476062648,0.20790378006872856,0.0025535840012904936,97,False
bm25,3,bertQPP,8,0.15,0.37709374837615023,0.00014045999153881452,0.24183848797250862,0.0004492042155364218,97,True
bm25,3,bertQPP(QV),8,0.15,0.2888796468970282,0.0041086000088541895,0.18857388316151205,0.006211170636578692,97,False
bm25,3,bertQPP(QV),8,0.15,0.3946946561376657,6.318591454304378e-05,0.2366838487972509,0.0005935388745829456,97,True
bm25,3,spatial,8,0.2,0.3824839442026271,0.0001105056552401269,0.2216494845360825,0.001298168853613724,97,False
bm25,3,spatial,8,0.2,0.35689502128580786,0.0003327487554813962,0.2835051546391753,3.888953702314073e-05,97,True
bm25,3,a_ratio,8,0.2,0.36687077033663534,0.00021887671875036297,0.15592783505154642,0.023654871935139845,97,False
bm25,3,a_ratio,8,0.2,0.4475466547052842,4.303564504595768e-06,0.3058419243986255,9.075155959404318e-06,97,True
bm25,3,nqc,8,0.2,0.019672840471893535,0.8483205432479269,-0.021477663230240553,0.7552950224453057,97,False
bm25,3,nqc,8,0.2,0.12924107868098955,0.20706584493590793,0.04810996563573884,0.4850959502795227,97,True
bm25,3,bertQPP,8,0.2,0.3053510374285639,0.002355118653465039,0.21563573883161516,0.0017533187111864498,97,False
bm25,3,bertQPP,8,0.2,0.3909206255865386,7.527845094145007e-05,0.2512886597938145,0.00026585493232954136,97,True
bm25,3,bertQPP(QV),8,0.2,0.30149623184877883,0.0026904037375651735,0.19329896907216498,0.0050318722795436996,97,False
bm25,3,bertQPP(QV),8,0.2,0.4086227172714323,3.2499928733315576e-05,0.24226804123711343,0.00043878992015195634,97,True
bm25,3,spatial,8,0.25,0.3744217328028159,0.00015795108138874926,0.2216494845360825,0.001298168853613724,97,False
bm25,3,spatial,8,0.25,0.3575397879690514,0.0003239938679530211,0.2843642611683849,3.6841170569694906e-05,97,True
bm25,3,a_ratio,8,0.25,0.37247440939296933,0.0001719460583549537,0.16451890034364264,0.016970096384742294,97,False
bm25,3,a_ratio,8,0.25,0.4472215886043966,4.3814521583287655e-06,0.30713058419243994,8.318768128883354e-06,97,True
bm25,3,nqc,8,0.25,0.021223229812744354,0.8365268379371557,-0.021477663230240553,0.7552950224453057,97,False
bm25,3,nqc,8,0.25,0.13146475465931803,0.19929191367954302,0.050257731958762895,0.4658203551040343,97,True
bm25,3,bertQPP,8,0.25,0.31585286663776513,0.0016240439127066474,0.21434707903780073,0.0018682268943729797,97,False
bm25,3,bertQPP,8,0.25,0.402355234599205,4.3994704850444374e-05,0.2491408934707904,0.00029998189638302743,97,True
bm25,3,bertQPP(QV),8,0.25,0.3123196310077529,0.0018431137518993385,0.19931271477663232,0.003824903963020039,97,False
bm25,3,bertQPP(QV),8,0.25,0.4191276653434588,1.929645748835875e-05,0.24613402061855674,0.00035469522611087794,97,True
bm25,3,spatial,8,0.3,0.36402461819808296,0.00024700531470186197,0.21262886597938147,0.002032205430312129,97,False
bm25,3,spatial,8,0.3,0.35823631696555724,0.00031477486044161036,0.28651202749140897,3.215902329862323e-05,97,True
bm25,3,a_ratio,8,0.3,0.3733913855368962,0.00016521885825846003,0.17353951890034366,0.011793812186781842,97,False
bm25,3,a_ratio,8,0.3,0.44540360694532616,4.84212805412299e-06,0.31142611683848803,6.208999412344494e-06,97,True
bm25,3,nqc,8,0.3,0.022996286080788995,0.8230836568202501,-0.0193298969072165,0.77909497852838,97,False
bm25,3,nqc,8,0.3,0.1339927126231083,0.19071173227026905,0.05498281786941581,0.42495013508695245,97,True
bm25,3,bertQPP,8,0.3,0.32421796974216655,0.0011962816770639782,0.2134879725085911,0.0019486331283160838,97,False
bm25,3,bertQPP,8,0.3,0.4105146231376848,2.9625371604976396e-05,0.24570446735395193,0.0003632334933323789,97,True
bm25,3,bertQPP(QV),8,0.3,0.32050526662899054,0.0013715846446870324,0.19673539518900346,0.004305679427335466,97,False
bm25,3,bertQPP(QV),8,0.3,0.42530356720684187,1.4086613693698803e-05,0.23969072164948454,0.0005048251929224872,97,True
bm25,3,spatial,8,0.35,0.35185438185767764,0.00040907701870692526,0.21134020618556704,0.0021637443470699886,97,False
bm25,3,spatial,8,0.35,0.35898799356558153,0.0003050974786765389,0.29037800687285226,2.5120678036492542e-05,97,True
bm25,3,a_ratio,8,0.35,0.36949864129950716,0.00019556293887186202,0.17439862542955328,0.011382836808156348,97,False
bm25,3,a_ratio,8,0.35,0.4418858255006759,5.866041314498482e-06,0.30713058419243994,8.318768128883354e-06,97,True
bm25,3,nqc,8,0.35,0.025043140926490563,0.8076280968880971,-0.018470790378006877,0.7886746705788532,97,False
bm25,3,nqc,8,0.35,0.13689084979178087,0.18120816037573773,0.0584192439862543,0.3965888091618368,97,True
bm25,3,bertQPP,8,0.35,0.32968660263124644,0.0009749727543408729,0.20704467353951894,0.0026605976928076114,97,False
bm25,3,bertQPP,8,0.35,0.41465957809540693,2.413787218740399e-05,0.2508591065292096,0.00027237466938260737,97,True
bm25,3,bertQPP(QV),8,0.35,0.32530266683700965,0.0011490570053387693,0.19544673539518906,0.0045660596694361046,97,False
bm25,3,bertQPP(QV),8,0.35,0.4265841466602791,1.3186554356388685e-05,0.2444158075601375,0.0003900155261817713,97,True
bm25,3,spatial,8,0.4,0.33848010810509416,0.0006961172312963176,0.19501718213058422,0.004655971971265852,97,False
bm25,3,spatial,8,0.4,0.3597968039900103,0.0002949912634441695,0.28951890034364264,2.6544983244565518e-05,97,True
bm25,3,a_ratio,8,0.4,0.36121050203891053,0.00027806460918332944,0.16838487972508595,0.01454739544260673,97,False
bm25,3,a_ratio,8,0.4,0.43648930886925436,7.840782976284902e-06,0.3101374570446736,6.781146400792912e-06,97,True
bm25,3,nqc,8,0.4,0.027431659041487564,0.7896860618020384,-0.01718213058419244,0.8031038928688624,97,False
bm25,3,nqc,8,0.4,0.14024511214599808,0.17064630953633841,0.06357388316151204,0.356252805453549,97,True
bm25,3,bertQPP,8,0.4,0.3316449092155836,0.0009052743932241488,0.19931271477663232,0.003824903963020039,97,False
bm25,3,bertQPP,8,0.4,0.4143539250622197,2.450752388831711e-05,0.25386597938144334,0.00022970863763271067,97,True
bm25,3,bertQPP(QV),8,0.4,0.326225573180689,0.001110218277070349,0.19931271477663232,0.003824903963020039,97,False
bm25,3,bertQPP(QV),8,0.4,0.4228869354068242,1.5944279427719307e-05,0.25000000000000006,0.00028586619810323126,97,True
bm25,3,spatial,8,0.45,0.3244206711555783,0.0011873247802890174,0.18513745704467358,0.007219338175415614,97,False
bm25,3,spatial,8,0.45,0.3606617350595683,0.0002845258799499609,0.28951890034364264,2.6544983244565518e-05,97,True
bm25,3,a_ratio,8,0.45,0.3493592603087175,0.0004525376324604811,0.17353951890034366,0.011793812186781842,97,False
bm25,3,a_ratio,8,0.45,0.4290820267314709,1.158409066406832e-05,0.2968213058419244,1.6532495235382776e-05,97,True
bm25,3,nqc,8,0.45,0.030253770546656324,0.7686282240648529,-0.015463917525773198,0.8224469251562028,97,False
bm25,3,nqc,8,0.45,0.14416948931907284,0.15887373705852315,0.07001718213058421,0.30961588134500106,97,True
bm25,3,bertQPP,8,0.45,0.32977087270567634,0.0009718755672511332,0.19587628865979384,0.004477722918252414,97,False
bm25,3,bertQPP,8,0.45,0.40957282102722886,3.1025238569083395e-05,0.24355670103092786,0.0004088834881762593,97,True
bm25,3,bertQPP(QV),8,0.45,0.3231807783834704,0.0012430813718320554,0.19759450171821308,0.0041396512632380965,97,False
bm25,3,bertQPP(QV),8,0.45,0.41463309951424704,2.4169687260387938e-05,0.23840206185567014,0.0005412133012575864,97,True
bm25,3,spatial,8,0.5,0.3101113874635079,0.0019932571991722863,0.17912371134020622,0.009341755733078497,97,False
bm25,3,spatial,8,0.5,0.36157576789473084,0.00027383920433420305,0.29252577319587636,2.187111894191921e-05,97,True
bm25,3,a_ratio,8,0.5,0.33498121486385796,0.0007969171056669668,0.1679553264604811,0.014800614099959652,97,False
bm25,3,a_ratio,8,0.5,0.41959700301589004,1.8844516140964974e-05,0.2912371134020619,2.3769260447909586e-05,97,True
bm25,3,nqc,8,0.5,0.033636937407071486,0.743604864716468,-0.009879725085910654,0.886001161240211,97,False
bm25,3,nqc,8,0.5,0.14881797116059098,0.14572443408240449,0.07087628865979383,0.3037170573623521,97,True
bm25,3,bertQPP,8,0.5,0.3241246560457069,0.001200425599705379,0.1911512027491409,0.005540236417616152,97,False
bm25,3,bertQPP,8,0.5,0.4007118020290131,4.758321898224295e-05,0.24785223367697598,0.0003223841860548392,97,True
bm25,3,bertQPP(QV),8,0.5,0.3164941632120056,0.0015869099382348434,0.1911512027491409,0.005540236417616152,97,False
bm25,3,bertQPP(QV),8,0.5,0.4026335901758201,4.3412512950874116e-05,0.2392611683848798,0.0005166931871154039,97,True
bm25,3,spatial,8,0.55,0.2958924501544937,0.0032545137243638047,0.16752577319587633,0.015057708996420909,97,False
bm25,3,spatial,8,0.55,0.36252014501551144,0.0002631875631269581,0.2942439862542956,1.9563741907068626e-05,97,True
bm25,3,a_ratio,8,0.55,0.3191046217514131,0.0014435595834127637,0.1679553264604811,0.014800614099959652,97,False
bm25,3,a_ratio,8,0.55,0.40804641477416487,3.342608815573333e-05,0.2878006872852234,2.962722234003396e-05,97,True
bm25,3,nqc,8,0.55,0.037762663149281214,0.7134484333271959,-0.009020618556701032,0.8958549214709819,97,False
bm25,3,nqc,8,0.55,0.15440276204067852,0.13103111444307647,0.07817869415807562,0.25660117603543875,97,True
bm25,3,bertQPP,8,0.55,0.31513935589076075,0.0016662828858655366,0.18556701030927839,0.00708575590459897,97,False
bm25,3,bertQPP,8,0.55,0.388491809831628,8.416458936206245e-05,0.24097938144329903,0.0004707284379041492,97,True
bm25,3,bertQPP(QV),8,0.55,0.30682054715794704,0.002237556312605267,0.18341924398625434,0.007776554495134835,97,False
bm25,3,bertQPP(QV),8,0.55,0.38789686446112953,8.648524981421574e-05,0.2379725085910653,0.0005538759115824682,97,True
bm25,3,spatial,8,0.6,0.28201269373855536,0.005133461336805787,0.1585051546391753,0.021443192891173694,97,False
bm25,3,spatial,8,0.6,0.363453175312693,0.0002530404495248649,0.2938144329896908,2.011782071963051e-05,97,True
bm25,3,a_ratio,8,0.6,0.30260644317974994,0.002589691547088512,0.16151202749140894,0.01909240321886764,97,False
bm25,3,a_ratio,8,0.6,0.39452848473988106,6.367781738406939e-05,0.28092783505154645,4.570292642778511e-05,97,True
bm25,3,nqc,8,0.6,0.04289743421181119,0.6765278488883405,-0.0034364261168384883,0.9602288348688062,97,False
bm25,3,nqc,8,0.6,0.16122242787540678,0.11465486653194336,0.08419243986254298,0.22181074839562664,97,True
bm25,3,bertQPP,8,0.6,0.3035152878265662,0.0025097853507942297,0.18256013745704472,0.00806936233603351,97,False
bm25,3,bertQPP,8,0.6,0.3738025175097285,0.00016228250894037677,0.23152920962199317,0.0007801296905645403,97,True
bm25,3,bertQPP(QV),8,0.6,0.29498258624438656,0.0033555018835168186,0.17654639175257736,0.010410504577977625,97,False
bm25,3,bertQPP(QV),8,0.6,0.3714375899518978,0.00017985735272837782,0.22594501718213064,0.0010428004886634003,97,True
bm25,3,spatial,8,0.65,0.2686418298250482,0.007799855912163464,0.1550687285223368,0.024434836082135623,97,False
bm25,3,spatial,8,0.65,0.3642876657101607,0.00024427211018646295,0.29639175257731964,1.7004521411510344e-05,97,True
bm25,3,a_ratio,8,0.65,0.2861522326721768,0.004491468416079982,0.1597938144329897,0.02040649882574069,97,False
bm25,3,a_ratio,8,0.65,0.37922505642046694,0.0001278145751103685,0.27061855670103097,8.601885162206065e-05,97,True
bm25,3,nqc,8,0.65,0.04944640151877195,0.6305365548893215,-0.0008591065292096221,0.9900533454687662,97,False
bm25,3,nqc,8,0.65,0.16970548884124514,0.09654983125229692,0.08805841924398626,0.2013104039967497,97,True
bm25,3,bertQPP,8,0.65,0.2900662605365202,0.003951326755499723,0.17697594501718217,0.010225152665271457,97,False
bm25,3,bertQPP,8,0.65,0.35754450817549105,0.000323930564806194,0.2255154639175258,0.0010660691222714972,97,True
bm25,3,bertQPP(QV),8,0.65,0.28180826626023914,0.005167181225086932,0.1679553264604811,0.014800614099959652,97,False
bm25,3,bertQPP(QV),8,0.65,0.3541422134107084,0.0003726328843967945,0.22379725085910657,0.0011640289366746655,97,True
bm25,3,spatial,8,0.7,0.2558858173117182,0.011413413974097526,0.1469072164948454,0.033024149712135395,97,False
bm25,3,spatial,8,0.7,0.3648435842449776,0.0002385874232276799,0.29725085910652926,1.607297344135024e-05,97,True
bm25,3,a_ratio,8,0.7,0.27019814073464343,0.007436792641104048,0.1469072164948454,0.033024149712135395,97,False
bm25,3,a_ratio,8,0.7,0.3623895780412598,0.0002646371028409276,0.25902061855670105,0.00017081103710396531,97,True
bm25,3,nqc,8,0.7,0.05804993260599771,0.5722162791679409,0.006443298969072166,0.9255067132095164,97,False
bm25,3,nqc,8,0.7,0.1804757746502425,0.07689485644179596,0.10137457044673541,0.14127503537333896,97,True
bm25,3,bertQPP,8,0.7,0.27557762884283515,0.006294075281883248,0.1658075601374571,0.016125841537736958,97,False
bm25,3,bertQPP,8,0.7,0.3405146376362394,0.0006430077836114533,0.21950171821305847,0.0014464512863097319,97,True
bm25,3,bertQPP(QV),8,0.7,0.2680169787985762,0.007949964698847595,0.1550687285223368,0.024434836082135623,97,False
bm25,3,bertQPP(QV),8,0.7,0.3367059110414321,0.0007456734988787763,0.21219931271477666,0.0020752134680172376,97,True
bm25,3,spatial,8,0.75,0.24380201093740905,0.016107289072026104,0.14261168384879727,0.03850326567762371,97,False
bm25,3,spatial,8,0.75,0.3647439934436568,0.00023959674802884342,0.30412371134020627,1.0186398880976669e-05,97,True
bm25,3,a_ratio,8,0.75,0.2550252140609661,0.01170291238334945,0.14304123711340208,0.037922646089534044,97,False
bm25,3,a_ratio,8,0.75,0.34432730034332876,0.0005533474515324751,0.2405498281786942,0.0004818477915141724,97,True
bm25,3,nqc,8,0.75,0.06976145194744773,0.4971431986293002,0.01975945017182131,0.7743175870264136,97,False
bm25,3,nqc,8,0.75,0.19443646057415395,0.056338526324541824,0.11211340206185569,0.10376002930884054,97,True
bm25,3,bertQPP,8,0.75,0.26071351256328773,0.009902589428761922,0.14819587628865982,0.031516517606653575,97,False
bm25,3,bertQPP,8,0.75,0.3233483273269455,0.0012354103750473737,0.21134020618556704,0.0021637443470699886,97,True
bm25,3,bertQPP(QV),8,0.75,0.2541672686527726,0.011997876542807536,0.14561855670103094,0.03459309466060896,97,False
bm25,3,bertQPP(QV),8,0.75,0.31962596786011466,0.001416378286461185,0.20360824742268044,0.003130893451622874,97,True
bm25,3,spatial,8,0.8,0.23241239034657618,0.0219757584792125,0.13616838487972513,0.04815964796946807,97,False
bm25,3,spatial,8,0.8,0.3631739811320745,0.0002560383002169522,0.30111683848797255,1.245055216313867e-05,97,True
bm25,3,a_ratio,8,0.8,0.24078299912849066,0.017512797125280827,0.14003436426116841,0.04214791401843269,97,False
bm25,3,a_ratio,8,0.8,0.3253711000809158,0.001146135259329666,0.22465635738831619,0.0011140538745299275,97,True
bm25,3,nqc,8,0.8,0.08636574922525557,0.40026375587652324,0.0425257731958763,0.5371707606067591,97,False
bm25,3,nqc,8,0.8,0.21280279964273197,0.036373412849725235,0.12628865979381446,0.0668634129345248,97,True
bm25,3,bertQPP,8,0.8,0.24597902206981556,0.015155324481950144,0.14175257731958765,0.039687194240219145,97,False
bm25,3,bertQPP,8,0.8,0.3065091173231074,0.0022620196849396897,0.20103092783505158,0.0035320539175627825,97,True
bm25,3,bertQPP(QV),8,0.8,0.2406529128385135,0.017575665731660917,0.13831615120274915,0.044736513464296176,97,False
bm25,3,bertQPP(QV),8,0.8,0.3032273625353863,0.002534856385430719,0.1898625429553265,0.005867063974983271,97,True
bm25,3,spatial,8,0.85,0.22171428350712707,0.02906782669350349,0.13230240549828182,0.05487593045339063,97,False
bm25,3,spatial,8,0.85,0.3582932565719268,0.00031403201568859653,0.29209621993127155,2.2487199782247227e-05,97,True
bm25,3,a_ratio,8,0.85,0.22752977749367817,0.025003885939957726,0.13831615120274915,0.044736513464296176,97,False
bm25,3,a_ratio,8,0.85,0.3058569491105964,0.0023140314562904002,0.21563573883161516,0.0017533187111864498,97,True
bm25,3,nqc,8,0.85,0.11080124025318717,0.279941959962317,0.05154639175257733,0.4544623656228458,97,False
bm25,3,nqc,8,0.85,0.23665867165598406,0.019603090130112237,0.14905498281786944,0.030544557732034724,97,True
bm25,3,bertQPP,8,0.85,0.23172320857688009,0.02238315696426275,0.14175257731958765,0.039687194240219145,97,False
bm25,3,bertQPP,8,0.85,0.29030700852668706,0.003920082546614979,0.18728522336769762,0.006573343269072617,97,True
bm25,3,bertQPP(QV),8,0.85,0.2277259397459772,0.024875707539120773,0.13745704467353953,0.04608031263937092,97,False
bm25,3,bertQPP(QV),8,0.85,0.28770027196768083,0.004270429116507795,0.18513745704467358,0.007219338175415614,97,True
bm25,3,spatial,8,0.9,0.2116886241111393,0.03738675576365359,0.13230240549828182,0.05487593045339063,97,False
bm25,3,spatial,8,0.9,0.3457677961056461,0.0005225673312117294,0.26718213058419243,0.00010570268251880998,97,True
bm25,3,a_ratio,8,0.9,0.21526460377050663,0.034215864531161086,0.13445017182130586,0.05105421646643944,97,False
bm25,3,a_ratio,8,0.9,0.28610256393183064,0.004498726315227249,0.20017182130584193,0.0036758280937195186,97,True
bm25,3,nqc,8,0.9,0.1464200623389496,0.15240119813683398,0.07431271477663232,0.2808725107935828,97,False
bm25,3,nqc,8,0.9,0.2640266342954514,0.008970016786589891,0.15292096219931275,0.026482928123240188,97,True
bm25,3,bertQPP,8,0.9,0.21816362613920764,0.03181413744513899,0.13101374570446736,0.05728140399891128,97,False
bm25,3,bertQPP,8,0.9,0.27492893888194486,0.006423077445967113,0.18256013745704472,0.00806936233603351,97,True
bm25,3,bertQPP(QV),8,0.9,0.21552900058147753,0.03399068172369498,0.13230240549828182,0.05487593045339063,97,False
bm25,3,bertQPP(QV),8,0.9,0.2731371665870304,0.006791643132681513,0.17912371134020622,0.009341755733078497,97,True
bm25,3,spatial,8,0.95,0.20230607003595527,0.04689433442966368,0.1284364261168385,0.06235576017343852,97,False
bm25,3,spatial,8,0.95,0.3153895646984722,0.0016513589094649306,0.2452749140893471,0.0003719636432157586,97,True
bm25,3,a_ratio,8,0.95,0.2039506767657692,0.04509629018090366,0.13230240549828182,0.05487593045339063,97,False
bm25,3,a_ratio,8,0.95,0.26639152314183545,0.008352438391416401,0.18728522336769762,0.006573343269072617,97,True
bm25,3,nqc,8,0.95,0.18669176418375485,0.06710086164101568,0.10652920962199315,0.12213859984356254,97,False
bm25,3,nqc,8,0.95,0.2790066540845628,0.0056495558418976745,0.16924398625429557,0.01405239227763608,97,True
bm25,3,bertQPP,8,0.95,0.20541756780629325,0.043541165752469684,0.12671821305841927,0.06594102788919391,97,False
bm25,3,bertQPP,8,0.95,0.26047052506543683,0.009974215724035214,0.1778350515463918,0.009863239446727635,97,True
bm25,3,bertQPP(QV),8,0.95,0.20412669632753774,0.044907283671381096,0.12757731958762888,0.06412770883743656,97,False
bm25,3,bertQPP(QV),8,0.95,0.2595639354879742,0.010245477925905131,0.17740549828178698,0.010042744211065484,97,True
bm25,3,spatial,8,1.0,0.19353139673156375,0.057518176864973375,0.12671821305841927,0.06594102788919391,97,False
bm25,3,spatial,8,1.0,0.24696366204392278,0.014741027950369336,0.17182130584192443,0.01265543298933369,97,True
bm25,3,a_ratio,8,1.0,0.19353139673156375,0.057518176864973375,0.12671821305841927,0.06594102788919391,97,False
bm25,3,a_ratio,8,1.0,0.24696366204392278,0.014741027950369336,0.17182130584192443,0.01265543298933369,97,True
bm25,3,nqc,8,1.0,0.19353139673156375,0.057518176864973375,0.12671821305841927,0.06594102788919391,97,False
bm25,3,nqc,8,1.0,0.24696366204392278,0.014741027950369336,0.17182130584192443,0.01265543298933369,97,True
bm25,3,bertQPP,8,1.0,0.19353139673156375,0.057518176864973375,0.12671821305841927,0.06594102788919391,97,False
bm25,3,bertQPP,8,1.0,0.24696366204392278,0.014741027950369336,0.17182130584192443,0.01265543298933369,97,True
bm25,3,bertQPP(QV),8,1.0,0.19353139673156375,0.057518176864973375,0.12671821305841927,0.06594102788919391,97,False
bm25,3,bertQPP(QV),8,1.0,0.24696366204392278,0.014741027950369336,0.17182130584192443,0.01265543298933369,97,True
bm25,3,spatial,9,0.0,0.3845251940076828,0.00010080028015697167,0.21993127147766325,0.0014156009702633058,97,False
bm25,3,spatial,9,0.0,0.3547549443101819,0.00036339273676425413,0.279639175257732,4.952017035250988e-05,97,True
bm25,3,a_ratio,9,0.0,0.31361970387000354,0.0017595769544369434,0.1207044673539519,0.07984982362376257,97,False
bm25,3,a_ratio,9,0.0,0.43816884295395087,7.1675504248435e-06,0.29252577319587636,2.187111894191921e-05,97,True
bm25,3,nqc,9,0.0,0.015030440035111404,0.8838251900266161,-0.02362542955326461,0.7317251099207628,97,False
bm25,3,nqc,9,0.0,0.12251005643370629,0.23191067066611573,0.04596219931271478,0.5047955105031363,97,True
bm25,3,bertQPP,9,0.0,0.25557308579511967,0.01151788193184543,0.1868556701030928,0.006698222213035896,97,False
bm25,3,bertQPP,9,0.0,0.3294099293087749,0.0009852047034422107,0.22465635738831619,0.0011140538745299275,97,True
bm25,3,bertQPP(QV),9,0.0,0.2474761609182837,0.014529302470978231,0.18556701030927839,0.00708575590459897,97,False
bm25,3,bertQPP(QV),9,0.0,0.3424837687388707,0.0005951626637122061,0.22079037800687287,0.0013557124652369783,97,True
bm25,3,spatial,9,0.05,0.3864646399684437,9.231801778212922e-05,0.21434707903780073,0.0018682268943729797,97,False
bm25,3,spatial,9,0.05,0.3551250431008016,0.00035791415475909636,0.2822164948453609,4.216585457755637e-05,97,True
bm25,3,a_ratio,9,0.05,0.3289406550025323,0.0010027833676046491,0.13187285223367698,0.055668220302014286,97,False
bm25,3,a_ratio,9,0.05,0.4410962664334836,6.1223292620196786e-06,0.30111683848797255,1.245055216313867e-05,97,True
bm25,3,nqc,9,0.05,0.01593630290613493,0.8768768964109988,-0.02362542955326461,0.7317251099207628,97,False
bm25,3,nqc,9,0.05,0.12383054573977427,0.2268794287347068,0.04553264604810997,0.5087854171288679,97,True
bm25,3,bertQPP,9,0.05,0.2671441676534774,0.008163901293610144,0.19587628865979384,0.004477722918252414,97,False
bm25,3,bertQPP,9,0.05,0.34393311114181235,0.0005620552668077513,0.23840206185567014,0.0005412133012575864,97,True
bm25,3,bertQPP(QV),9,0.05,0.26013195340383755,0.010074774760130422,0.1868556701030928,0.006698222213035896,97,False
bm25,3,bertQPP(QV),9,0.05,0.35852795830809114,0.00031098706856446566,0.2212199312714777,0.001326652810302692,97,True
bm25,3,spatial,9,0.1,0.38558543156590713,9.607755560692464e-05,0.21434707903780073,0.0018682268943729797,97,False
bm25,3,spatial,9,0.1,0.35552109588359104,0.00035213563781777386,0.28178694158075607,4.331497350290762e-05,97,True
bm25,3,a_ratio,9,0.1,0.34330195631197535,0.0005762596014411799,0.13359106529209622,0.05255528194642074,97,False
bm25,3,a_ratio,9,0.1,0.44334519697693825,5.418715598724951e-06,0.302405498281787,1.142689097205994e-05,97,True
bm25,3,nqc,9,0.1,0.016943595432057187,0.8691615726700621,-0.021907216494845363,0.7505619727933218,97,False
bm25,3,nqc,9,0.1,0.12529340203972927,0.2213957562124165,0.046391752577319596,0.5008221569685896,97,True
bm25,3,bertQPP,9,0.1,0.2788684545539378,0.005674352828658049,0.19501718213058422,0.004655971971265852,97,False
bm25,3,bertQPP,9,0.1,0.35817112792631317,0.00031562731613118055,0.2392611683848798,0.0005166931871154039,97,True
bm25,3,bertQPP(QV),9,0.1,0.2728643563356384,0.006849370579495945,0.1778350515463918,0.009863239446727635,97,False
bm25,3,bertQPP(QV),9,0.1,0.37386441463143955,0.0001618446411895829,0.22079037800687287,0.0013557124652369783,97,True
bm25,3,spatial,9,0.15,0.381838222367371,0.00011375199349790087,0.21134020618556704,0.0021637443470699886,97,False
bm25,3,spatial,9,0.15,0.355945161066959,0.0003460436888683072,0.2830756013745705,3.995381628708257e-05,97,True
bm25,3,a_ratio,9,0.15,0.3557781302601469,0.0003484315118087654,0.14518900343642613,0.03513003275683934,97,False
bm25,3,a_ratio,9,0.15,0.44473951189947275,5.021512093580798e-06,0.30498281786941583,9.615453917671381e-06,97,True
bm25,3,nqc,9,0.15,0.018070259768974906,0.8605464591548203,-0.02061855670103093,0.7647885664914993,97,False
bm25,3,nqc,9,0.15,0.12692273380848826,0.21539883477602867,0.046391752577319596,0.5008221569685896,97,True
bm25,3,bertQPP,9,0.15,0.2903992852324353,0.003908165558739672,0.19673539518900346,0.004305679427335466,97,False
bm25,3,bertQPP,9,0.15,0.37157507548341023,0.00017878926447964134,0.2336769759450172,0.0006965926026270434,97,True
bm25,3,bertQPP(QV),9,0.15,0.2852325331140995,0.004627567545396394,0.18384879725085912,0.0076337511300162714,97,False
bm25,3,bertQPP(QV),9,0.15,0.38774678785092026,8.707996631821797e-05,0.22465635738831619,0.0011140538745299275,97,True
bm25,3,spatial,9,0.2,0.37536191435386856,0.00015157876673558228,0.2130584192439863,0.0019900166497547295,97,False
bm25,3,spatial,9,0.2,0.35639922958846376,0.0003396283809480262,0.2843642611683849,3.6841170569694906e-05,97,True
bm25,3,a_ratio,9,0.2,0.3653291767414704,0.00023372207366654144,0.15292096219931275,0.026482928123240188,97,False
bm25,3,a_ratio,9,0.2,0.44508396517020776,4.927701685862776e-06,0.3054123711340207,9.341573722767839e-06,97,True
bm25,3,nqc,9,0.2,0.019338705119889707,0.8508667649128829,-0.021477663230240553,0.7552950224453057,97,False
bm25,3,nqc,9,0.2,0.1287483530419702,0.2088173237763217,0.04768041237113403,0.4890022573020564,97,True
bm25,3,bertQPP,9,0.2,0.30125747492390975,0.0027125172173948354,0.19329896907216498,0.0050318722795436996,97,False
bm25,3,bertQPP,9,0.2,0.3834661477763949,0.00010573220688280904,0.23582474226804126,0.000621432826309228,97,True
bm25,3,bertQPP(QV),9,0.2,0.29664729106524784,0.00317280927890714,0.17697594501718217,0.010225152665271457,97,False
bm25,3,bertQPP(QV),9,0.2,0.3993157853898811,5.0844099426319035e-05,0.22809278350515466,0.000933347093157991,97,True
bm25,3,spatial,9,0.25,0.3664629221636979,0.0002227170951690725,0.20790378006872856,0.0025535840012904936,97,False
bm25,3,spatial,9,0.25,0.3568850279421353,0.000332886147018577,0.2843642611683849,3.6841170569694906e-05,97,True
bm25,3,a_ratio,9,0.25,0.37096781294626385,0.00018355163281149763,0.16323024054982818,0.017852894393926448,97,False
bm25,3,a_ratio,9,0.25,0.44416969827997116,5.180402185557425e-06,0.30068728522336774,1.2810804708658091e-05,97,True
bm25,3,nqc,9,0.25,0.0207772786019105,0.8399155759259396,-0.02061855670103093,0.7647885664914993,97,False
bm25,3,nqc,9,0.25,0.13080754241142228,0.20156733849413666,0.050687285223367705,0.46201693847175085,97,True
bm25,3,bertQPP,9,0.25,0.3108330001321112,0.0019430203082485163,0.19888316151202753,0.0039014834427261624,97,False
bm25,3,bertQPP,9,0.25,0.39308006189837374,6.811903216356831e-05,0.23625429553264607,0.0006073368350083252,97,True
bm25,3,bertQPP(QV),9,0.25,0.30639397507515537,0.0022711251947549298,0.1786941580756014,0.00951278395726825,97,False
bm25,3,bertQPP(QV),9,0.25,0.40769849428130506,3.399710250343564e-05,0.2336769759450172,0.0006965926026270434,97,True
bm25,3,spatial,9,0.3,0.35556756407150614,0.000351463312023151,0.19802405498281792,0.004058834798972484,97,False
bm25,3,spatial,9,0.3,0.35740367192803546,0.00032582424204595907,0.2869415807560138,3.1293082627690314e-05,97,True
bm25,3,a_ratio,9,0.3,0.37198273066460685,0.00017565670036418646,0.16752577319587633,0.015057708996420909,97,False
bm25,3,a_ratio,9,0.3,0.4417833194393341,5.898734190073776e-06,0.3079896907216495,7.848402331985934e-06,97,True
bm25,3,nqc,9,0.3,0.022422352397600855,0.8274297880341064,-0.018900343642611686,0.783880730258208,97,False
bm25,3,nqc,9,0.3,0.13314750985943372,0.19355014120349542,0.05498281786941581,0.42495013508695245,97,True
bm25,3,bertQPP,9,0.3,0.3184217485886266,0.0014798779373213556,0.19329896907216498,0.0050318722795436996,97,False
bm25,3,bertQPP,9,0.3,0.39965542756320394,5.0032099948604356e-05,0.23582474226804126,0.000621432826309228,97,True
bm25,3,bertQPP(QV),9,0.3,0.3137044138842282,0.0017542546308652522,0.17611683848797252,0.010598840128977079,97,False
bm25,3,bertQPP(QV),9,0.3,0.4121544589498091,2.732797361564801e-05,0.2298109965635739,0.0008535554716530555,97,True
bm25,3,spatial,9,0.35,0.3431617447204216,0.0005794594235415605,0.1902920962199313,0.005756239608165468,97,False
bm25,3,spatial,9,0.35,0.35795506200955834,0.0003184679675489175,0.2890893470790379,2.728561756069487e-05,97,True
bm25,3,a_ratio,9,0.35,0.36813727386492956,0.00020733758183436458,0.16323024054982818,0.017852894393926448,97,False
bm25,3,a_ratio,9,0.35,0.43771984468858877,7.341994968327977e-06,0.3019759450171822,1.1758839163448277e-05,97,True
bm25,3,nqc,9,0.35,0.02432134728647995,0.8130701729199954,-0.016323024054982822,0.8127611296549226,97,False
bm25,3,nqc,9,0.35,0.13582885578400075,0.18464965611260076,0.06185567010309279,0.3694011818632015,97,True
bm25,3,bertQPP,9,0.35,0.3233091372798002,0.0012372007729384296,0.18384879725085912,0.0076337511300162714,97,False
bm25,3,bertQPP,9,0.35,0.40255839639708696,4.3569070788813615e-05,0.23754295532646055,0.0005668140402706258,97,True
bm25,3,bertQPP(QV),9,0.35,0.3178806873821449,0.0015092401731457484,0.17225085910652924,0.012434959394241826,97,False
bm25,3,bertQPP(QV),9,0.35,0.4122323993256482,2.722304288747076e-05,0.22422680412371138,0.0011387880187863695,97,True
bm25,3,spatial,9,0.4,0.3297333586635521,0.0009732532159452424,0.17611683848797252,0.010598840128977079,97,False
bm25,3,spatial,9,0.4,0.3585368239515874,0.0003108725834107115,0.28737113402061865,3.0449327798130317e-05,97,True
bm25,3,a_ratio,9,0.4,0.35974709060320315,0.000295603428505086,0.16623711340206188,0.015852745291372216,97,False
bm25,3,a_ratio,9,0.4,0.4317991266688825,1.0049554920145272e-05,0.29725085910652926,1.607297344135024e-05,97,True
bm25,3,nqc,9,0.4,0.026537214825070037,0.796392635265544,-0.015463917525773198,0.8224469251562028,97,False
bm25,3,nqc,9,0.4,0.13893055943082613,0.17473012887479514,0.06615120274914091,0.33709113316806516,97,True
bm25,3,bertQPP,9,0.4,0.3248960186203384,0.0011665589530191916,0.17955326460481102,0.009173476196585428,97,False
bm25,3,bertQPP,9,0.4,0.4014133366248265,4.601921746421945e-05,0.2285223367697595,0.0009127757207962206,97,True
bm25,3,bertQPP(QV),9,0.4,0.3184454627567589,0.0014786029494781316,0.17182130584192443,0.01265543298933369,97,False
bm25,3,bertQPP(QV),9,0.4,0.40788043037865546,3.3697377737843865e-05,0.23238831615120278,0.0007456571945733053,97,True
bm25,3,spatial,9,0.45,0.3157283083763854,0.0016313470156578923,0.1666666666666667,0.01558372473088864,97,False
bm25,3,spatial,9,0.45,0.35914243226467885,0.00030314343967746574,0.2878006872852234,2.962722234003396e-05,97,True
bm25,3,a_ratio,9,0.45,0.3475931385880005,0.0004858204327465444,0.16065292096219932,0.019739903980340746,97,False
bm25,3,a_ratio,9,0.45,0.42388445475859465,1.5151246401228454e-05,0.2933848797250859,2.0686822197476286e-05,97,True
bm25,3,nqc,9,0.45,0.0291552554688309,0.7768060213506129,-0.013745704467353953,0.841898479106889,97,False
bm25,3,nqc,9,0.45,0.14255728770095827,0.16363470092009522,0.07087628865979383,0.3037170573623521,97,True
bm25,3,bertQPP,9,0.45,0.3228357074556963,0.001259016490795164,0.17268041237113405,0.01221789425088413,97,False
bm25,3,bertQPP,9,0.45,0.396193675144091,5.890575226829869e-05,0.21950171821305847,0.0014464512863097319,97,True
bm25,3,bertQPP(QV),9,0.45,0.3152653971444218,0.0016587498236054357,0.16494845360824745,0.01668446543769203,97,False
bm25,3,bertQPP(QV),9,0.45,0.3994613902647474,5.0494501116575476e-05,0.22422680412371138,0.0011387880187863695,97,True
bm25,3,spatial,9,0.5,0.3015242632423937,0.0026878181542169593,0.15721649484536085,0.02252544814571104,97,False
bm25,3,spatial,9,0.5,0.3597578269886044,0.0002954711228208708,0.2890893470790379,2.728561756069487e-05,97,True
bm25,3,a_ratio,9,0.5,0.33271555610846704,0.0008691198871392749,0.1554982817869416,0.02404211148041231,97,False
bm25,3,a_ratio,9,0.5,0.41390097696908995,2.5065067752949774e-05,0.29252577319587636,2.187111894191921e-05,97,True
bm25,3,nqc,9,0.5,0.03229379401790312,0.7535090972745461,-0.009450171821305843,0.8909259356400668,97,False
bm25,3,nqc,9,0.5,0.14685031861947775,0.151186617494653,0.07689003436426119,0.26452436355398434,97,True
bm25,3,bertQPP,9,0.5,0.3171301911650748,0.001550842454086036,0.16838487972508595,0.01454739544260673,97,False
bm25,3,bertQPP,9,0.5,0.3872343930909279,8.913923138947507e-05,0.22422680412371138,0.0011387880187863695,97,True
bm25,3,bertQPP(QV),9,0.5,0.3085914084209193,0.002102931440398615,0.16494845360824745,0.01668446543769203,97,False
bm25,3,bertQPP(QV),9,0.5,0.3876657128546285,8.740282604053894e-05,0.21864261168384883,0.0015100189795415188,97,True
bm25,3,spatial,9,0.55,0.2874206910846543,0.0043096163652275015,0.15034364261168387,0.02913493133073165,97,False
bm25,3,spatial,9,0.55,0.36035516675104123,0.00028819544876017815,0.29295532646048117,2.127112554068262e-05,97,True
bm25,3,a_ratio,9,0.55,0.31618653619029935,0.0016046258587333712,0.1473367697594502,0.03251488713772691,97,False
bm25,3,a_ratio,9,0.55,0.4018508106232362,4.506833663485251e-05,0.2890893470790379,2.728561756069487e-05,97,True
bm25,3,nqc,9,0.55,0.036121443324038265,0.7253949956972309,-0.00429553264604811,0.9502976268493368,97,False
bm25,3,nqc,9,0.55,0.15200417417314085,0.13719677192884555,0.08032646048109966,0.24376503221542667,97,True
bm25,3,bertQPP,9,0.55,0.30814028273731614,0.0021365146033132634,0.16365979381443302,0.01755425786967657,97,False
bm25,3,bertQPP,9,0.55,0.3751595104368267,0.00015293014917214435,0.2203608247422681,0.0013853583021557498,97,True
bm25,3,bertQPP(QV),9,0.55,0.29899495417569527,0.0029303238692865332,0.16151202749140894,0.01909240321886764,97,False
bm25,3,bertQPP(QV),9,0.55,0.3733606638467401,0.00016544023905379948,0.21606529209621997,0.0017164841150655054,97,True
bm25,3,spatial,9,0.6,0.2736407740811397,0.0066862076317635065,0.14561855670103094,0.03459309466060896,97,False
bm25,3,spatial,9,0.6,0.36088094063083903,0.00028192849367926075,0.29209621993127155,2.2487199782247227e-05,97,True
bm25,3,a_ratio,9,0.6,0.2989434548802471,0.002935459361538614,0.1469072164948454,0.033024149712135395,97,False
bm25,3,a_ratio,9,0.6,0.3878215833111681,8.678309677702457e-05,0.2731958762886598,7.358676773635807e-05,97,True
bm25,3,nqc,9,0.6,0.040886039282695436,0.6909052195695663,-0.0030068728522336776,0.9651968510542414,97,False
bm25,3,nqc,9,0.6,0.1582923222298395,0.12148538892938972,0.08333333333333336,0.22656268559471548,97,True
bm25,3,bertQPP,9,0.6,0.2965026013443282,0.0031883265653592815,0.15292096219931275,0.026482928123240188,97,False
bm25,3,bertQPP,9,0.6,0.36075469079345873,0.0002834217568355961,0.20618556701030932,0.0027716955730928564,97,True
bm25,3,bertQPP(QV),9,0.6,0.28723091084166835,0.004336399270720145,0.14475945017182132,0.035674068768179766,97,False
bm25,3,bertQPP(QV),9,0.6,0.3574346545847403,0.0003254067782091417,0.2130584192439863,0.0019900166497547295,97,True
bm25,3,spatial,9,0.65,0.26034031455591117,0.010012784901398434,0.14218213058419246,0.039091423487606906,97,False
bm25,3,spatial,9,0.65,0.36123249671195484,0.0002778084828491057,0.29295532646048117,2.127112554068262e-05,97,True
bm25,3,a_ratio,9,0.65,0.28170955898748423,0.005183533183920804,0.14089347079037803,0.040901875311072,97,False
bm25,3,a_ratio,9,0.65,0.37198595786871924,0.0001756321052949744,0.2624570446735396,0.00013978519828252247,97,True
bm25,3,nqc,9,0.65,0.04696504706435105,0.6478091165827551,0.00429553264604811,0.9502976268493368,97,False
bm25,3,nqc,9,0.65,0.1661070182795526,0.10393388725171342,0.08591065292096221,0.2125219840325313,97,True
bm25,3,bertQPP,9,0.65,0.28299054041649474,0.004974859485117518,0.14089347079037803,0.040901875311072,97,False
bm25,3,bertQPP,9,0.65,0.34483242333842373,0.0005423698245538546,0.20833333333333337,0.0025015666651811157,97,True
bm25,3,bertQPP(QV),9,0.65,0.2740865083098668,0.006594099151124411,0.14132302405498284,0.040290653027956765,97,False
bm25,3,bertQPP(QV),9,0.65,0.34068143044250965,0.000638822674019454,0.2018900343642612,0.0033934144348203364,97,True
bm25,3,spatial,9,0.7,0.247619621594087,0.01447051019828468,0.14561855670103094,0.03459309466060896,97,False
bm25,3,spatial,9,0.7,0.36120962788179894,0.0002780747931755445,0.29553264604811,1.7987380341900968e-05,97,True
bm25,3,a_ratio,9,0.7,0.26498597054474315,0.008714812802555181,0.13445017182130586,0.05105421646643944,97,False
bm25,3,a_ratio,9,0.7,0.35459138729312445,0.00036583837127490015,0.2598797250859107,0.00016249811961052113,97,True
bm25,3,nqc,9,0.7,0.05495683115961854,0.5928921759823204,0.00859106529209622,0.9007879306638119,97,False
bm25,3,nqc,9,0.7,0.17601923698749994,0.08459824277561145,0.09965635738831616,0.14814179266855426,97,True
bm25,3,bertQPP,9,0.7,0.2683747688031393,0.007863703808693898,0.13702749140893475,0.046764860648197036,97,False
bm25,3,bertQPP,9,0.7,0.3281280499670987,0.001033899979501585,0.2053264604810997,0.002887015591872923,97,True
bm25,3,bertQPP(QV),9,0.7,0.2602661450678325,0.010034812757132115,0.13402061855670105,0.051800200122302374,97,False
bm25,3,bertQPP(QV),9,0.7,0.32373955341573113,0.001217665844319889,0.1984536082474227,0.003979453005162126,97,True
bm25,3,spatial,9,0.75,0.23553569369888389,0.02020809508201166,0.13831615120274915,0.044736513464296176,97,False
bm25,3,spatial,9,0.75,0.3604095112879433,0.0002875417892899762,0.29295532646048117,2.127112554068262e-05,97,True
bm25,3,a_ratio,9,0.75,0.24908368891265878,0.013882221125446709,0.13187285223367698,0.055668220302014286,97,False
bm25,3,a_ratio,9,0.75,0.3359414494582,0.0007680034515692441,0.2512886597938145,0.00026585493232954136,97,True
bm25,3,nqc,9,0.75,0.06585080385318932,0.5216242518622601,0.02061855670103093,0.7647885664914993,97,False
bm25,3,nqc,9,0.75,0.1888566618701545,0.06393704458851272,0.11125429553264607,0.10643517898925002,97,True
bm25,3,bertQPP,9,0.75,0.2533240917114308,0.012294061343318655,0.12929553264604812,0.060624507125192455,97,False
bm25,3,bertQPP,9,0.75,0.31124194770122976,0.001915060950630541,0.2014604810996564,0.0034621026042757834,97,True
bm25,3,bertQPP(QV),9,0.75,0.24633113414483288,0.01500602548207211,0.12757731958762888,0.06412770883743656,97,False
bm25,3,bertQPP(QV),9,0.75,0.3070790433150754,0.0022174324379345043,0.20060137457044677,0.0036032888355043277,97,True
bm25,3,spatial,9,0.8,0.2241132109017553,0.027328266828545604,0.1357388316151203,0.04887004601219989,97,False
bm25,3,spatial,9,0.8,0.35798553545940087,0.00031806590712469814,0.29510309278350516,1.849887929183802e-05,97,True
bm25,3,a_ratio,9,0.8,0.2341691508262081,0.020965885246582987,0.12929553264604812,0.060624507125192455,97,False
bm25,3,a_ratio,9,0.8,0.31637191530823483,0.0015939287420370495,0.23711340206185572,0.000580033168540485,97,True
bm25,3,nqc,9,0.8,0.08133992778147578,0.4283409924158198,0.03737113402061856,0.5876136836654002,97,False
bm25,3,nqc,9,0.8,0.20573894129034437,0.04320648309713752,0.12714776632302408,0.06502915478137135,97,True
bm25,3,bertQPP,9,0.8,0.23835859494953998,0.018716896685661816,0.12414089347079041,0.07163599473940602,97,False
bm25,3,bertQPP,9,0.8,0.2946231730951943,0.0033961616122841327,0.19458762886597944,0.004747484369155047,97,True
bm25,3,bertQPP(QV),9,0.8,0.23268700516625412,0.02181520225896027,0.12628865979381446,0.0668634129345248,97,False
bm25,3,bertQPP(QV),9,0.8,0.2910175079174352,0.0038291574794596227,0.19587628865979384,0.004477722918252414,97,True
bm25,3,spatial,9,0.85,0.21335371259337843,0.0358809304748235,0.13230240549828182,0.05487593045339063,97,False
bm25,3,spatial,9,0.85,0.3520620699215253,0.0004056382473028008,0.2826460481099657,4.1045698019656674e-05,97,True
bm25,3,a_ratio,9,0.85,0.22030786328741778,0.030130630734122844,0.13187285223367698,0.055668220302014286,97,False
bm25,3,a_ratio,9,0.85,0.2962255924464477,0.003218224464224801,0.2169243986254296,0.001644941169576058,97,True
bm25,3,nqc,9,0.85,0.10427389268011206,0.3094201970440914,0.04853951890034365,0.4812066051703042,97,False
bm25,3,nqc,9,0.85,0.22769229196357782,0.02489765415460786,0.13702749140893475,0.046764860648197036,97,True
bm25,3,bertQPP,9,0.85,0.2238450857452755,0.027518200351929353,0.12242268041237117,0.07565197367789964,97,False
bm25,3,bertQPP,9,0.85,0.2785805628256636,0.0057263193739329685,0.18943298969072167,0.005979808014005902,97,True
bm25,3,bertQPP(QV),9,0.85,0.21960004933895236,0.03067782605421,0.12414089347079041,0.07163599473940602,97,False
bm25,3,bertQPP(QV),9,0.85,0.2757492656021665,0.006260328875633058,0.18814432989690724,0.00632984784895861,97,True
bm25,3,spatial,9,0.9,0.20324286426838795,0.04586300177928718,0.12585910652920965,0.0677963948466897,97,False
bm25,3,spatial,9,0.9,0.33826650920049994,0.0007019196246697023,0.26159793814432997,0.00014700123564547276,97,True
bm25,3,a_ratio,9,0.9,0.20749972801789798,0.04141052816037525,0.12414089347079041,0.07163599473940602,97,False
bm25,3,a_ratio,9,0.9,0.275829739898128,0.006244561666601372,0.19759450171821308,0.0041396512632380965,97,True
bm25,3,nqc,9,0.9,0.13816825976039776,0.17713095325315786,0.06013745704467355,0.3828471200330016,97,False
bm25,3,nqc,9,0.9,0.25300585707170103,0.012407494089918661,0.14218213058419246,0.039091423487606906,97,True
bm25,3,bertQPP,9,0.9,0.21001715417779734,0.038951229982605334,0.12199312714776635,0.07668417076895777,97,False
bm25,3,bertQPP,9,0.9,0.26330710227070286,0.009165715211677227,0.18384879725085912,0.0076337511300162714,97,True
bm25,3,bertQPP(QV),9,0.9,0.207226043651047,0.0416855251116194,0.12199312714776635,0.07668417076895777,97,False
bm25,3,bertQPP(QV),9,0.9,0.2613764249281585,0.009709468751251026,0.18341924398625434,0.007776554495134835,97,True
bm25,3,spatial,9,0.95,0.19375598850767015,0.0572235774420979,0.1202749140893471,0.08092834885233069,97,False
bm25,3,spatial,9,0.95,0.3062898689423321,0.0022793863923626276,0.2414089347079038,0.0004598488311252096,97,True
bm25,3,a_ratio,9,0.95,0.19570499761399265,0.054718558759719794,0.12242268041237117,0.07565197367789964,97,False
bm25,3,a_ratio,9,0.95,0.2554787127692024,0.011549570820706831,0.18728522336769762,0.006573343269072617,97,True
bm25,3,nqc,9,0.95,0.17761579654297444,0.08177078208221061,0.08805841924398626,0.2013104039967497,97,False
bm25,3,nqc,9,0.95,0.26694650253409224,0.008213049809623764,0.17611683848797252,0.010598840128977079,97,True
bm25,3,bertQPP,9,0.95,0.19700452440926322,0.05309885816654584,0.1202749140893471,0.08092834885233069,97,False
bm25,3,bertQPP,9,0.95,0.24890744314012478,0.01395192164054504,0.18084192439862545,0.008684754281086702,97,True
bm25,3,bertQPP(QV),9,0.95,0.19564007886615026,0.05480052380892209,0.11898625429553265,0.08423505409007553,97,False
bm25,3,bertQPP(QV),9,0.95,0.24793626930003548,0.014341473620722944,0.17955326460481102,0.009173476196585428,97,True
bm25,3,spatial,9,1.0,0.18486214360037562,0.06987252578971435,0.11812714776632303,0.08649966115997804,97,False
bm25,3,spatial,9,1.0,0.23542298776012244,0.02026969144545767,0.17482817869415812,0.011182156616858724,97,True
bm25,3,a_ratio,9,1.0,0.18486214360037562,0.06987252578971435,0.11812714776632303,0.08649966115997804,97,False
bm25,3,a_ratio,9,1.0,0.23542298776012244,0.02026969144545767,0.17482817869415812,0.011182156616858724,97,True
bm25,3,nqc,9,1.0,0.18486214360037562,0.06987252578971435,0.11812714776632303,0.08649966115997804,97,False
bm25,3,nqc,9,1.0,0.23542298776012244,0.02026969144545767,0.17482817869415812,0.011182156616858724,97,True
bm25,3,bertQPP,9,1.0,0.18486214360037562,0.06987252578971435,0.11812714776632303,0.08649966115997804,97,False
bm25,3,bertQPP,9,1.0,0.23542298776012244,0.02026969144545767,0.17482817869415812,0.011182156616858724,97,True
bm25,3,bertQPP(QV),9,1.0,0.18486214360037562,0.06987252578971435,0.11812714776632303,0.08649966115997804,97,False
bm25,3,bertQPP(QV),9,1.0,0.23542298776012244,0.02026969144545767,0.17482817869415812,0.011182156616858724,97,True
bm25,3,spatial,10,0.0,0.3845251940076828,0.00010080028015697167,0.21993127147766325,0.0014156009702633058,97,False
bm25,3,spatial,10,0.0,0.3547549443101819,0.00036339273676425413,0.279639175257732,4.952017035250988e-05,97,True
bm25,3,a_ratio,10,0.0,0.31361970387000354,0.0017595769544369434,0.1207044673539519,0.07984982362376257,97,False
bm25,3,a_ratio,10,0.0,0.43816884295395087,7.1675504248435e-06,0.29252577319587636,2.187111894191921e-05,97,True
bm25,3,nqc,10,0.0,0.015030440035111404,0.8838251900266161,-0.02362542955326461,0.7317251099207628,97,False
bm25,3,nqc,10,0.0,0.12251005643370629,0.23191067066611573,0.04596219931271478,0.5047955105031363,97,True
bm25,3,bertQPP,10,0.0,0.25557308579511967,0.01151788193184543,0.1868556701030928,0.006698222213035896,97,False
bm25,3,bertQPP,10,0.0,0.3294099293087749,0.0009852047034422107,0.22465635738831619,0.0011140538745299275,97,True
bm25,3,bertQPP(QV),10,0.0,0.2474761609182837,0.014529302470978231,0.18556701030927839,0.00708575590459897,97,False
bm25,3,bertQPP(QV),10,0.0,0.3424837687388707,0.0005951626637122061,0.22079037800687287,0.0013557124652369783,97,True
bm25,3,spatial,10,0.05,0.3889998663915206,8.222882394356046e-05,0.21606529209621997,0.0017164841150655054,97,False
bm25,3,spatial,10,0.05,0.3551717653118044,0.0003572279542130091,0.2826460481099657,4.1045698019656674e-05,97,True
bm25,3,a_ratio,10,0.05,0.3301392337465276,0.0009584421301105929,0.13445017182130586,0.05105421646643944,97,False
bm25,3,a_ratio,10,0.05,0.44132095483072603,6.04834291197406e-06,0.30154639175257736,1.209997925730956e-05,97,True
bm25,3,nqc,10,0.05,0.016031274636992054,0.8761489602173068,-0.023195876288659798,0.7364196981955502,97,False
bm25,3,nqc,10,0.05,0.1239229940413929,0.22653008026485635,0.04596219931271478,0.5047955105031363,97,True
bm25,3,bertQPP,10,0.05,0.2684597250792876,0.007843343009663419,0.19974226804123715,0.0037496927052216027,97,False
bm25,3,bertQPP,10,0.05,0.34521740354181796,0.0005341376759868915,0.2405498281786942,0.0004818477915141724,97,True
bm25,3,bertQPP(QV),10,0.05,0.2616494966431436,0.009630882760877065,0.18857388316151205,0.006211170636578692,97,False
bm25,3,bertQPP(QV),10,0.05,0.360067572152621,0.0002916775184727737,0.22594501718213064,0.0010428004886634003,97,True
bm25,3,spatial,10,0.1,0.39067981023125614,7.611884642709357e-05,0.2212199312714777,0.001326652810302692,97,False
bm25,3,spatial,10,0.1,0.35561942857110557,0.0003507143048736431,0.2822164948453609,4.216585457755637e-05,97,True
bm25,3,a_ratio,10,0.1,0.34583145162197515,0.0005212441005075265,0.14046391752577322,0.04152093691345949,97,False
bm25,3,a_ratio,10,0.1,0.4438118390231556,5.282598556338013e-06,0.3032646048109966,1.078963546261726e-05,97,True
bm25,3,nqc,10,0.1,0.017144150579487677,0.8676268656822557,-0.021907216494845363,0.7505619727933218,97,False
bm25,3,nqc,10,0.1,0.1254883577531993,0.2206720642023976,0.046821305841924406,0.49686544158769386,97,True
bm25,3,bertQPP,10,0.1,0.28167557256684667,0.005189174052492858,0.20103092783505158,0.0035320539175627825,97,False
bm25,3,bertQPP,10,0.1,0.36083998090122277,0.0002824121620694614,0.2405498281786942,0.0004818477915141724,97,True
bm25,3,bertQPP(QV),10,0.1,0.2761101856107063,0.006189888924695709,0.18170103092783507,0.008372001763204117,97,False
bm25,3,bertQPP(QV),10,0.1,0.37706039360461724,0.00014066680139772017,0.22723367697594504,0.000975784420613921,97,True
bm25,3,spatial,10,0.15,0.3894261550938846,8.063663675849126e-05,0.21950171821305847,0.0014464512863097319,97,False
bm25,3,spatial,10,0.15,0.3561008143908436,0.0003438320823957402,0.2830756013745705,3.995381628708257e-05,97,True
bm25,3,a_ratio,10,0.15,0.3597889688296842,0.00029508766709913687,0.1434707903780069,0.037349490378258986,97,False
bm25,3,a_ratio,10,0.15,0.44547412767720795,4.823437945554703e-06,0.30756013745704475,8.080314115500694e-06,97,True
bm25,3,nqc,10,0.15,0.018388885067364885,0.8581129839083255,-0.021907216494845363,0.7505619727933218,97,False
bm25,3,nqc,10,0.15,0.1272319754851641,0.2142737684788534,0.046391752577319596,0.5008221569685896,97,True
bm25,3,bertQPP,10,0.15,0.29488481376514636,0.003366519282526706,0.20876288659793818,0.0024505203740822256,97,False
bm25,3,bertQPP,10,0.15,0.375706239368424,0.00014930521221946826,0.24226804123711343,0.00043878992015195634,97,True
bm25,3,bertQPP(QV),10,0.15,0.2904230291526336,0.0039051044150669105,0.1868556701030928,0.006698222213035896,97,False
bm25,3,bertQPP(QV),10,0.15,0.39267438919067316,6.941366088493137e-05,0.23324742268041243,0.0007126038672884247,97,True
bm25,3,spatial,10,0.2,0.38529391730216717,9.735515833322615e-05,0.2216494845360825,0.001298168853613724,97,False
bm25,3,spatial,10,0.2,0.3566189337852245,0.0003365637588058821,0.2856529209621994,3.395967010111564e-05,97,True
bm25,3,a_ratio,10,0.2,0.37098417341274986,0.0001834218047766556,0.15635738831615123,0.02327305567367708,97,False
bm25,3,a_ratio,10,0.2,0.4461238989726396,4.654399175970166e-06,0.30670103092783507,8.563939402340346e-06,97,True
bm25,3,nqc,10,0.2,0.019790229271269402,0.8474263700617054,-0.021907216494845363,0.7505619727933218,97,False
bm25,3,nqc,10,0.2,0.12918578954330334,0.20726185551190934,0.04810996563573884,0.4850959502795227,97,True
bm25,3,bertQPP,10,0.2,0.30760746559960905,0.0021768019056242222,0.209192439862543,0.002400428947085522,97,False
bm25,3,bertQPP,10,0.2,0.38910143828701366,8.184682182226898e-05,0.24226804123711343,0.00043878992015195634,97,True
bm25,3,bertQPP(QV),10,0.2,0.30398433463120306,0.0024694208830735977,0.1868556701030928,0.006698222213035896,97,False
bm25,3,bertQPP(QV),10,0.2,0.40598899289629237,3.6937631528618695e-05,0.23883161512027495,0.0005288208236189078,97,True
bm25,3,spatial,10,0.25,0.3785231544088212,0.0001318575120224831,0.2212199312714777,0.001326652810302692,97,False
bm25,3,spatial,10,0.25,0.3571767959499736,0.00032889625631869247,0.28608247422680416,3.304769864022772e-05,97,True
bm25,3,a_ratio,10,0.25,0.3784252980999956,0.00013243048678043788,0.16924398625429557,0.01405239227763608,97,False
bm25,3,a_ratio,10,0.25,0.4455661270584512,4.79915753626699e-06,0.302405498281787,1.142689097205994e-05,97,True
bm25,3,nqc,10,0.25,0.021379493234001845,0.8353401106927074,-0.022766323024054985,0.7411241465856763,97,False
bm25,3,nqc,10,0.25,0.13138975253638552,0.19955065115967696,0.04939862542955327,0.47347910625616985,97,True
bm25,3,bertQPP,10,0.25,0.3192136927795322,0.0014378341457784583,0.20317869415807563,0.0031947282487263706,97,False
bm25,3,bertQPP,10,0.25,0.40021302907105677,4.8725192715671944e-05,0.24570446735395193,0.0003632334933323789,97,True
bm25,3,bertQPP(QV),10,0.25,0.31603533877532747,0.0016133986547915524,0.19501718213058422,0.004655971971265852,97,False
bm25,3,bertQPP(QV),10,0.25,0.4160557721865556,2.251474967801652e-05,0.24226804123711343,0.00043878992015195634,97,True
bm25,3,spatial,10,0.3,0.36949860853928856,0.00019556321462533646,0.21391752577319592,0.001908041073171658,97,False
bm25,3,spatial,10,0.3,0.3577771536352322,0.000320824613404116,0.2882302405498282,2.882624188772262e-05,97,True
bm25,3,a_ratio,10,0.3,0.38136738109755264,0.00011617468589116773,0.1752577319587629,0.010984624932232429,97,False
bm25,3,a_ratio,10,0.3,0.4436032500059225,5.3430398569351405e-06,0.3084192439862543,7.622862048866513e-06,97,True
bm25,3,nqc,10,0.3,0.02319685187991351,0.821566117142773,-0.02061855670103093,0.7647885664914993,97,False
bm25,3,nqc,10,0.3,0.13389446152798665,0.1910401270636854,0.054553264604811004,0.4285767645779882,97,True
bm25,3,bertQPP,10,0.3,0.3289533812116897,0.001002302908673197,0.20575601374570449,0.0028288190417010725,97,False
bm25,3,bertQPP,10,0.3,0.4082241487429334,3.313785878573574e-05,0.2521477663230241,0.0002532519652694692,97,True
bm25,3,bertQPP(QV),10,0.3,0.3257280638907322,0.0011310040100604667,0.19072164948453613,0.005647306460207743,97,False
bm25,3,bertQPP(QV),10,0.3,0.42205691451321675,1.66336550808294e-05,0.24613402061855674,0.00035469522611087794,97,True
bm25,3,spatial,10,0.35,0.35869058104987156,0.0003088932301813967,0.20790378006872856,0.0025535840012904936,97,False
bm25,3,spatial,10,0.35,0.35842203177815707,0.00031235794265691035,0.2890893470790379,2.728561756069487e-05,97,True
bm25,3,a_ratio,10,0.35,0.37950565447601625,0.0001262307447690616,0.17568728522336774,0.01079019991112942,97,False
bm25,3,a_ratio,10,0.35,0.4400469994582841,6.479258850075457e-06,0.30498281786941583,9.615453917671381e-06,97,True
bm25,3,nqc,10,0.35,0.025294686147211302,0.805733668889178,-0.018041237113402064,0.7934766269227447,97,False
bm25,3,nqc,10,0.35,0.13676488006612075,0.18161391070994662,0.06056701030927836,0.3794578311122522,97,True
bm25,3,bertQPP,10,0.35,0.33603632344469475,0.0007651993590436119,0.19759450171821308,0.0041396512632380965,97,False
bm25,3,bertQPP,10,0.35,0.4124472527640583,2.6935735301275504e-05,0.2564432989690722,0.00019821410424194529,97,True
bm25,3,bertQPP(QV),10,0.35,0.33225215760616156,0.0008846034618127342,0.19158075601374575,0.0054350017041903615,97,False
bm25,3,bertQPP(QV),10,0.35,0.4234781984953214,1.5469648047517332e-05,0.2414089347079038,0.0004598488311252096,97,True
bm25,3,spatial,10,0.4,0.34659343835426826,0.0005056411866648468,0.20274914089347082,0.003259747042536618,97,False
bm25,3,spatial,10,0.4,0.35911186706930254,0.0003035292487360431,0.288659793814433,2.804587392927909e-05,97,True
bm25,3,a_ratio,10,0.4,0.37306217425796484,0.00016760549875540214,0.18341924398625434,0.007776554495134835,97,False
bm25,3,a_ratio,10,0.4,0.4347330501244477,8.608119753652232e-06,0.2993986254295533,1.3952200074870977e-05,97,True
bm25,3,nqc,10,0.4,0.027742537129109325,0.7873586459751443,-0.01718213058419244,0.8031038928688624,97,False
bm25,3,nqc,10,0.4,0.1400856932799266,0.17113778039379976,0.06615120274914091,0.33709113316806516,97,True
bm25,3,bertQPP,10,0.4,0.33976285821668933,0.0006621844163515319,0.19630584192439868,0.0043909374810577745,97,False
bm25,3,bertQPP,10,0.4,0.41246512092022714,2.6911969769050247e-05,0.24699312714776633,0.0003381788389163567,97,True
bm25,3,bertQPP(QV),10,0.4,0.3350015428811189,0.0007962948472398137,0.1902920962199313,0.005756239608165468,97,False
bm25,3,bertQPP(QV),10,0.4,0.42023271795649564,1.8248168168369904e-05,0.24012027491408938,0.0004932117335580638,97,True
bm25,3,spatial,10,0.45,0.33367500923935217,0.0008378447722472917,0.19158075601374575,0.0054350017041903615,97,False
bm25,3,spatial,10,0.45,0.3598439371465436,0.0002944119502997795,0.2882302405498282,2.882624188772262e-05,97,True
bm25,3,a_ratio,10,0.45,0.3627206031406507,0.00026097634934090863,0.18341924398625434,0.007776554495134835,97,False
bm25,3,a_ratio,10,0.45,0.4275372678751336,1.2552002189626982e-05,0.2976804123711341,1.56256421584244e-05,97,True
bm25,3,nqc,10,0.45,0.030634644556234,0.7657986960859249,-0.013745704467353953,0.841898479106889,97,False
bm25,3,nqc,10,0.45,0.1439691612985727,0.15945964464497414,0.07173539518900345,0.2978933833803449,97,True
bm25,3,bertQPP,10,0.45,0.3396761217883976,0.0006644302631826563,0.1898625429553265,0.005867063974983271,97,False
bm25,3,bertQPP,10,0.45,0.4082292560379701,3.312961077624682e-05,0.2444158075601375,0.0003900155261817713,97,True
bm25,3,bertQPP(QV),10,0.45,0.3337247927912366,0.0008362503741023795,0.17998281786941583,0.009007907605249525,97,False
bm25,3,bertQPP(QV),10,0.45,0.4126807004727024,2.6626780313046893e-05,0.24226804123711343,0.00043878992015195634,97,True
bm25,3,spatial,10,0.5,0.32034339543575807,0.0013797329319108122,0.17611683848797252,0.010598840128977079,97,False
bm25,3,spatial,10,0.5,0.36060946327733595,0.00028514850192819615,0.28994845360824745,2.5823492573259426e-05,97,True
bm25,3,a_ratio,10,0.5,0.34944372325544687,0.00045099966206663735,0.18170103092783507,0.008372001763204117,97,False
bm25,3,a_ratio,10,0.5,0.41839152433081167,2.0025821962599945e-05,0.30111683848797255,1.245055216313867e-05,97,True
bm25,3,nqc,10,0.5,0.034101755573248724,0.7401869400777493,-0.009879725085910654,0.886001161240211,97,False
bm25,3,nqc,10,0.5,0.1485668652063404,0.14641310703580343,0.07603092783505157,0.269899250718855,97,True
bm25,3,bertQPP,10,0.5,0.33568073262774656,0.0007757576037787095,0.18513745704467358,0.007219338175415614,97,False
bm25,3,bertQPP,10,0.5,0.4000739198439814,4.9048222259931056e-05,0.24312714776632308,0.0004186340215940853,97,True
bm25,3,bertQPP(QV),10,0.5,0.3285924088300359,0.0010160125751323777,0.18943298969072167,0.005979808014005902,97,False
bm25,3,bertQPP(QV),10,0.5,0.4015365321976505,4.5749566722515804e-05,0.23582474226804126,0.000621432826309228,97,True
bm25,3,spatial,10,0.55,0.30693128806677417,0.0022289150787133125,0.16924398625429557,0.01405239227763608,97,False
bm25,3,spatial,10,0.55,0.36138816569839327,0.00027600193832206144,0.29037800687285226,2.5120678036492542e-05,97,True
bm25,3,a_ratio,10,0.55,0.33426025577841034,0.0008192755467991721,0.17654639175257736,0.010410504577977625,97,False
bm25,3,a_ratio,10,0.55,0.4072964755348105,3.4668252801986126e-05,0.29725085910652926,1.607297344135024e-05,97,True
bm25,3,nqc,10,0.55,0.03833023402358663,0.7093329107666316,-0.005154639175257733,0.940374133088132,97,False
bm25,3,nqc,10,0.55,0.15408761111502156,0.13182893714361124,0.08075601374570447,0.24125289471425693,97,True
bm25,3,bertQPP,10,0.55,0.3280737948414273,0.0010360085254201646,0.18771477663230243,0.006450561996249079,97,False
bm25,3,bertQPP,10,0.55,0.3886390871465444,8.359912542291066e-05,0.24097938144329903,0.0004707284379041492,97,True
bm25,3,bertQPP(QV),10,0.55,0.32014760401711706,0.001389647389121055,0.18384879725085912,0.0076337511300162714,97,False
bm25,3,bertQPP(QV),10,0.55,0.38770611847630315,8.724178249593982e-05,0.23195876288659797,0.0007627126312502382,97,True
bm25,3,spatial,10,0.6,0.2936939829678341,0.0035033323713505476,0.16752577319587633,0.015057708996420909,97,False
bm25,3,spatial,10,0.6,0.36213775944188054,0.0002674535841467896,0.2912371134020619,2.3769260447909586e-05,97,True
bm25,3,a_ratio,10,0.6,0.3180985755594525,0.0014973529164532195,0.16838487972508595,0.01454739544260673,97,False
bm25,3,a_ratio,10,0.6,0.394328675125551,6.42740190339631e-05,0.2839347079037801,3.7852202750352324e-05,97,True
bm25,3,nqc,10,0.6,0.04359412114948881,0.6715745723808495,-0.0025773195876288664,0.9701662186124013,97,False
bm25,3,nqc,10,0.6,0.1608251423924752,0.11556317359150946,0.08634020618556702,0.2102443337075397,97,True
bm25,3,bertQPP,10,0.6,0.3174718980811346,0.0015317734264733416,0.18213058419243988,0.008219435652041644,97,False
bm25,3,bertQPP,10,0.6,0.3747354201726575,0.00015579791891770845,0.2366838487972509,0.0005935388745829456,97,True
bm25,3,bertQPP(QV),10,0.6,0.3091659169880422,0.002060853221961455,0.1782646048109966,0.009686599012848096,97,False
bm25,3,bertQPP(QV),10,0.6,0.3721194531995457,0.0001746175026200891,0.2392611683848798,0.0005166931871154039,97,True
bm25,3,spatial,10,0.65,0.28081609260020945,0.005333651845554116,0.16365979381443302,0.01755425786967657,97,False
bm25,3,spatial,10,0.65,0.36277299276158786,0.00026040128164543755,0.29037800687285226,2.5120678036492542e-05,97,True
bm25,3,a_ratio,10,0.65,0.30169883018614996,0.002671766526774982,0.16237113402061856,0.018463547347092265,97,False
bm25,3,a_ratio,10,0.65,0.3796400960234984,0.00012547835962955985,0.2770618556701031,5.80796004740303e-05,97,True
bm25,3,nqc,10,0.65,0.050311076041117654,0.6245633702009509,0.0038659793814432995,0.9552623626593565,97,False
bm25,3,nqc,10,0.65,0.16920122351538414,0.09755897074772645,0.09278350515463919,0.1781756748775648,97,True
bm25,3,bertQPP,10,0.65,0.30466822458180187,0.0024116148604681176,0.16924398625429557,0.01405239227763608,97,False
bm25,3,bertQPP,10,0.65,0.35920232826095155,0.0003023887127760764,0.22723367697594504,0.000975784420613921,97,True
bm25,3,bertQPP(QV),10,0.65,0.29648807230230795,0.003189888490362815,0.16408934707903783,0.01726000960595295,97,False
bm25,3,bertQPP(QV),10,0.65,0.35560709097354015,0.00035089234642366157,0.23024054982817874,0.0008346209629654949,97,True
bm25,3,spatial,10,0.7,0.26842252507291187,0.007852252714531898,0.1585051546391753,0.021443192891173694,97,False
bm25,3,spatial,10,0.7,0.36312204964720934,0.00025659951692533266,0.2946735395189004,1.9024215360256178e-05,97,True
bm25,3,a_ratio,10,0.7,0.2855937114352843,0.004573687433887884,0.15420962199312716,0.025236989773183314,97,False
bm25,3,a_ratio,10,0.7,0.36344949866578163,0.000253079716203429,0.27061855670103097,8.601885162206065e-05,97,True
bm25,3,nqc,10,0.7,0.05914393800876194,0.5649849646458622,0.015034364261168387,0.8273000875464372,97,False
bm25,3,nqc,10,0.7,0.1798308477791696,0.07797349516206038,0.09836769759450173,0.15345704089516993,97,True
bm25,3,bertQPP,10,0.7,0.290479722331386,0.00389780401104059,0.16194158075601378,0.018775672464210122,97,False
bm25,3,bertQPP,10,0.7,0.34279944442757876,0.0005878031377318087,0.22594501718213064,0.0010428004886634003,97,True
bm25,3,bertQPP(QV),10,0.7,0.2828856146940945,0.004991666503698292,0.15807560137457047,0.021798803662876853,97,False
bm25,3,bertQPP(QV),10,0.7,0.33883648630008056,0.0006865338194523396,0.21907216494845363,0.0014779202366871586,97,True
bm25,3,spatial,10,0.75,0.256590582084265,0.011181016867215857,0.15378006872852237,0.025646544632394585,97,False
bm25,3,spatial,10,0.75,0.36283132641992494,0.00025976234346539325,0.30025773195876293,1.3180989774176607e-05,97,True
bm25,3,a_ratio,10,0.75,0.2701309929937046,0.00745214376086492,0.15292096219931275,0.026482928123240188,97,False
bm25,3,a_ratio,10,0.75,0.3460267425232736,0.0005172036677770974,0.26632302405498287,0.00011124963084926736,97,True
bm25,3,nqc,10,0.75,0.07119100600109046,0.488346843181707,0.02448453608247423,0.7223661580007107,97,False
bm25,3,nqc,10,0.75,0.19360863184235164,0.0574167270651455,0.11941580756013748,0.08312087785946547,97,True
bm25,3,bertQPP,10,0.75,0.2756326103812163,0.006283247573945054,0.1550687285223368,0.024434836082135623,97,False
bm25,3,bertQPP,10,0.75,0.3261469599663931,0.001113479410414892,0.21606529209621997,0.0017164841150655054,97,True
bm25,3,bertQPP(QV),10,0.75,0.2689857395817713,0.0077183088363029905,0.14991408934707906,0.029598455953974822,97,False
bm25,3,bertQPP(QV),10,0.75,0.3222986424219255,0.0012841872295748724,0.21606529209621997,0.0017164841150655054,97,True
bm25,3,spatial,10,0.8,0.24536131304644526,0.01542035043991897,0.1516323024054983,0.027781654237823455,97,False
bm25,3,spatial,10,0.8,0.3611456632488418,0.00027882091970384427,0.30025773195876293,1.3180989774176607e-05,97,True
bm25,3,a_ratio,10,0.8,0.2555129229583355,0.011538074823421845,0.14991408934707906,0.029598455953974822,97,False
bm25,3,a_ratio,10,0.8,0.3276725586618736,0.0010517239461656897,0.2491408934707904,0.00029998189638302743,97,True
bm25,3,nqc,10,0.8,0.08833939665655567,0.38954262406189843,0.04467353951890035,0.5168145411906753,97,False
bm25,3,nqc,10,0.8,0.21175597327029302,0.037324837311630686,0.13487972508591067,0.050317249987351625,97,True
bm25,3,bertQPP,10,0.8,0.26070358938449906,0.009905505664059108,0.14991408934707906,0.029598455953974822,97,False
bm25,3,bertQPP,10,0.8,0.3097092176355466,0.0020217615613664958,0.20747422680412375,0.0026065887949513057,97,True
bm25,3,bertQPP(QV),10,0.8,0.2552503392581274,0.011626570059767123,0.1512027491408935,0.028226597294347726,97,False
bm25,3,bertQPP(QV),10,0.8,0.30632569636994433,0.0022765403045621386,0.21048109965635742,0.002255725464528707,97,True
bm25,3,spatial,10,0.85,0.23474924489696156,0.02064127938754901,0.1439003436426117,0.036783724578164194,97,False
bm25,3,spatial,10,0.85,0.3563720276458698,0.00034000959893024134,0.29037800687285226,2.5120678036492542e-05,97,True
bm25,3,a_ratio,10,0.85,0.24183668267192054,0.01701068053062579,0.14819587628865982,0.031516517606653575,97,False
bm25,3,a_ratio,10,0.85,0.30869702778611036,0.002095137966797828,0.22637457044673542,0.0010200025736501021,97,True
bm25,3,nqc,10,0.85,0.11379759982368315,0.26706072845350537,0.0584192439862543,0.3965888091618368,97,False
bm25,3,nqc,10,0.85,0.2354446300680415,0.020257850941997592,0.14261168384879727,0.03850326567762371,97,True
bm25,3,bertQPP,10,0.85,0.2461085218046589,0.015100266332309901,0.14475945017182132,0.035674068768179766,97,False
bm25,3,bertQPP,10,0.85,0.29380656620786594,0.0034901880048893367,0.2018900343642612,0.0033934144348203364,97,True
bm25,3,bertQPP(QV),10,0.85,0.24198983062280108,0.016938745063281,0.14046391752577322,0.04152093691345949,97,False
bm25,3,bertQPP(QV),10,0.85,0.2911217857580184,0.003815972576284243,0.2018900343642612,0.0033934144348203364,97,True
bm25,3,spatial,10,0.9,0.22475023766442687,0.02688147134133305,0.14003436426116841,0.04214791401843269,97,False
bm25,3,spatial,10,0.9,0.34452105450432546,0.0005491128199933819,0.2744845360824743,6.802769792638233e-05,97,True
bm25,3,a_ratio,10,0.9,0.22912859725090098,0.023975384253853815,0.14475945017182132,0.035674068768179766,97,False
bm25,3,a_ratio,10,0.9,0.28939986983870275,0.004038974446675497,0.21520618556701035,0.0017908788065225548,97,True
bm25,3,nqc,10,0.9,0.1516801554445649,0.1380462811371337,0.07817869415807562,0.25660117603543875,97,False
bm25,3,nqc,10,0.9,0.2631212315485164,0.009216873873555412,0.1597938144329897,0.02040649882574069,97,True
bm25,3,bertQPP,10,0.9,0.23212007946450583,0.022147771356665198,0.1434707903780069,0.037349490378258986,97,False
bm25,3,bertQPP,10,0.9,0.27864064254494786,0.005715439808076551,0.19974226804123715,0.0037496927052216027,97,True
bm25,3,bertQPP(QV),10,0.9,0.22939246886801898,0.02380915837603945,0.14132302405498284,0.040290653027956765,97,False
bm25,3,bertQPP(QV),10,0.9,0.2767956215200518,0.006058044770910598,0.19931271477663232,0.003824903963020039,97,True
bm25,3,spatial,10,0.95,0.21534756181625725,0.034145075724476545,0.1365979381443299,0.04745794602168577,97,False
bm25,3,spatial,10,0.95,0.31603546698691093,0.0016133911973159264,0.25343642611683853,0.00023539388087640415,97,True
bm25,3,a_ratio,10,0.95,0.21737014898395052,0.03245691981331069,0.14175257731958765,0.039687194240219145,97,False
bm25,3,a_ratio,10,0.95,0.27005481238539486,0.007469593804956226,0.20360824742268044,0.003130893451622874,97,True
bm25,3,nqc,10,0.95,0.19664902573660162,0.05353797662922503,0.11512027491408937,0.09481550621817705,97,False
bm25,3,nqc,10,0.95,0.2800052092983646,0.005473226546095542,0.18384879725085912,0.0076337511300162714,97,True
bm25,3,bertQPP,10,0.95,0.21889735694966397,0.031229345291520126,0.13487972508591067,0.050317249987351625,97,False
bm25,3,bertQPP,10,0.95,0.26432267301578727,0.008890572407381434,0.19673539518900346,0.004305679427335466,97,True
bm25,3,bertQPP(QV),10,0.95,0.2175561840625623,0.03230524171773705,0.13487972508591067,0.050317249987351625,97,False
bm25,3,bertQPP(QV),10,0.95,0.26338897242146686,0.009143260684326351,0.1941580756013746,0.0048406217198878375,97,True
bm25,3,spatial,10,1.0,0.20651644770639344,0.04240561777988574,0.13530927835051548,0.04958921997609662,97,False
bm25,3,spatial,10,1.0,0.25089914131882324,0.013181684800441002,0.186426116838488,0.006825229731210832,97,True
bm25,3,a_ratio,10,1.0,0.20651644770639344,0.04240561777988574,0.13530927835051548,0.04958921997609662,97,False
bm25,3,a_ratio,10,1.0,0.25089914131882324,0.013181684800441002,0.186426116838488,0.006825229731210832,97,True
bm25,3,nqc,10,1.0,0.20651644770639344,0.04240561777988574,0.13530927835051548,0.04958921997609662,97,False
bm25,3,nqc,10,1.0,0.25089914131882324,0.013181684800441002,0.186426116838488,0.006825229731210832,97,True
bm25,3,bertQPP,10,1.0,0.20651644770639344,0.04240561777988574,0.13530927835051548,0.04958921997609662,97,False
bm25,3,bertQPP,10,1.0,0.25089914131882324,0.013181684800441002,0.186426116838488,0.006825229731210832,97,True
bm25,3,bertQPP(QV),10,1.0,0.20651644770639344,0.04240561777988574,0.13530927835051548,0.04958921997609662,97,False
bm25,3,bertQPP(QV),10,1.0,0.25089914131882324,0.013181684800441002,0.186426116838488,0.006825229731210832,97,True
bm25,3,spatial,11,0.0,0.3845251940076828,0.00010080028015697167,0.21993127147766325,0.0014156009702633058,97,False
bm25,3,spatial,11,0.0,0.3547549443101819,0.00036339273676425413,0.279639175257732,4.952017035250988e-05,97,True
bm25,3,a_ratio,11,0.0,0.31361970387000354,0.0017595769544369434,0.1207044673539519,0.07984982362376257,97,False
bm25,3,a_ratio,11,0.0,0.43816884295395087,7.1675504248435e-06,0.29252577319587636,2.187111894191921e-05,97,True
bm25,3,nqc,11,0.0,0.015030440035111404,0.8838251900266161,-0.02362542955326461,0.7317251099207628,97,False
bm25,3,nqc,11,0.0,0.12251005643370629,0.23191067066611573,0.04596219931271478,0.5047955105031363,97,True
bm25,3,bertQPP,11,0.0,0.25557308579511967,0.01151788193184543,0.1868556701030928,0.006698222213035896,97,False
bm25,3,bertQPP,11,0.0,0.3294099293087749,0.0009852047034422107,0.22465635738831619,0.0011140538745299275,97,True
bm25,3,bertQPP(QV),11,0.0,0.2474761609182837,0.014529302470978231,0.18556701030927839,0.00708575590459897,97,False
bm25,3,bertQPP(QV),11,0.0,0.3424837687388707,0.0005951626637122061,0.22079037800687287,0.0013557124652369783,97,True
bm25,3,spatial,11,0.05,0.3888332204718827,8.285915691516446e-05,0.2169243986254296,0.001644941169576058,97,False
bm25,3,spatial,11,0.05,0.3551925843159606,0.00035692257939671623,0.2822164948453609,4.216585457755637e-05,97,True
bm25,3,a_ratio,11,0.05,0.3300634844737243,0.000961190662502071,0.13402061855670105,0.051800200122302374,97,False
bm25,3,a_ratio,11,0.05,0.441425913653826,6.014070867483108e-06,0.30111683848797255,1.245055216313867e-05,97,True
bm25,3,nqc,11,0.05,0.016036143325211052,0.8761116456290865,-0.023195876288659798,0.7364196981955502,97,False
bm25,3,nqc,11,0.05,0.12391749807368574,0.2265508381507296,0.046391752577319596,0.5008221569685896,97,True
bm25,3,bertQPP,11,0.05,0.2683712690175678,0.007864543572921583,0.19673539518900346,0.004305679427335466,97,False
bm25,3,bertQPP,11,0.05,0.3449590696000216,0.0005396489591829971,0.23883161512027495,0.0005288208236189078,97,True
bm25,3,bertQPP(QV),11,0.05,0.2615079197612344,0.00967155655285781,0.18857388316151205,0.006211170636578692,97,False
bm25,3,bertQPP(QV),11,0.05,0.35971143830380053,0.00029604316760867565,0.22379725085910657,0.0011640289366746655,97,True
bm25,3,spatial,11,0.1,0.3905340304008138,7.663182077362542e-05,0.2216494845360825,0.001298168853613724,97,False
bm25,3,spatial,11,0.1,0.3556639627680138,0.0003500723317323355,0.2822164948453609,4.216585457755637e-05,97,True
bm25,3,a_ratio,11,0.1,0.3457872586141946,0.0005221624302801475,0.14003436426116841,0.04214791401843269,97,False
bm25,3,a_ratio,11,0.1,0.44407847757000957,5.206274357922898e-06,0.3028350515463918,1.1103899560226742e-05,97,True
bm25,3,nqc,11,0.1,0.017154529909014088,0.8675474533090597,-0.021907216494845363,0.7505619727933218,97,False
bm25,3,nqc,11,0.1,0.12547703764883752,0.22071403967528727,0.04725085910652922,0.4929254477765376,97,True
bm25,3,bertQPP,11,0.1,0.28153151605930843,0.005213144359892193,0.20060137457044677,0.0036032888355043277,97,False
bm25,3,bertQPP,11,0.1,0.36038222025707606,0.0002878698764758388,0.23969072164948454,0.0005048251929224872,97,True
bm25,3,bertQPP(QV),11,0.1,0.27585612062712117,0.006239400591582064,0.17955326460481102,0.009173476196585428,97,False
bm25,3,bertQPP(QV),11,0.1,0.37642232022608946,0.00014467779470708804,0.22766323024054988,0.0009543472910132449,97,True
bm25,3,spatial,11,0.15,0.3895001041788104,8.036337308675386e-05,0.2177835051546392,0.0015761513468118154,97,False
bm25,3,spatial,11,0.15,0.35617255396920305,0.0003428171544115418,0.2839347079037801,3.7852202750352324e-05,97,True
bm25,3,a_ratio,11,0.15,0.35993873195234366,0.0002932500022462887,0.14561855670103094,0.03459309466060896,97,False
bm25,3,a_ratio,11,0.15,0.4459668043475727,4.694748034278847e-06,0.3088487972508592,7.4035267389540595e-06,97,True
bm25,3,nqc,11,0.15,0.018405554618245168,0.8579857078558019,-0.021477663230240553,0.7552950224453057,97,False
bm25,3,nqc,11,0.15,0.1272145097077037,0.2143372001882199,0.046821305841924406,0.49686544158769386,97,True
bm25,3,bertQPP,11,0.15,0.2947451218664108,0.0033823165710967977,0.20618556701030932,0.0027716955730928564,97,False
bm25,3,bertQPP,11,0.15,0.37515198753520124,0.00015298059147578823,0.2414089347079038,0.0004598488311252096,97,True
bm25,3,bertQPP(QV),11,0.15,0.2901193443251022,0.003944418495469842,0.18814432989690724,0.00632984784895861,97,False
bm25,3,bertQPP(QV),11,0.15,0.3918891315978409,7.198498927935614e-05,0.2285223367697595,0.0009127757207962206,97,True
bm25,3,spatial,11,0.2,0.3857726284097227,9.526537079810307e-05,0.21864261168384883,0.0015100189795415188,97,False
bm25,3,spatial,11,0.2,0.3567221264095624,0.0003351331451840017,0.28608247422680416,3.304769864022772e-05,97,True
bm25,3,a_ratio,11,0.2,0.37153898063909335,0.00017906910608999962,0.15592783505154642,0.023654871935139845,97,False
bm25,3,a_ratio,11,0.2,0.4469131561404089,4.4565813125307904e-06,0.30756013745704475,8.080314115500694e-06,97,True
bm25,3,nqc,11,0.2,0.019814148629368457,0.8472441953488852,-0.022766323024054985,0.7411241465856763,97,False
bm25,3,nqc,11,0.2,0.12916188492801156,0.20734664296124827,0.04853951890034365,0.4812066051703042,97,True
bm25,3,bertQPP,11,0.2,0.3075670184033857,0.0021798879997798025,0.2100515463917526,0.0023030471051788694,97,False
bm25,3,bertQPP,11,0.2,0.3886031984856595,8.373659167652532e-05,0.24570446735395193,0.0003632334933323789,97,True
bm25,3,bertQPP(QV),11,0.2,0.30373766018662557,0.0024905753329215407,0.186426116838488,0.006825229731210832,97,False
bm25,3,bertQPP(QV),11,0.2,0.4052552353052261,3.8271250856492026e-05,0.23496563573883167,0.0006505425158083947,97,True
bm25,3,spatial,11,0.25,0.3795553570325038,0.00012595210453221598,0.2130584192439863,0.0019900166497547295,97,False
bm25,3,spatial,11,0.25,0.35731666756896385,0.00032699918728270054,0.28608247422680416,3.304769864022772e-05,97,True
bm25,3,a_ratio,11,0.25,0.37961860786635276,0.0001255983354450508,0.16967353951890035,0.013810511589466142,97,False
bm25,3,a_ratio,11,0.25,0.4467260619980781,4.502744403187367e-06,0.30498281786941583,9.615453917671381e-06,97,True
bm25,3,nqc,11,0.25,0.021411861873224938,0.8350943362598439,-0.021907216494845363,0.7505619727933218,97,False
bm25,3,nqc,11,0.25,0.13135918133988136,0.19965618294642554,0.04896907216494846,0.4773342987798882,97,True
bm25,3,bertQPP,11,0.25,0.319406699623528,0.0014277531368887537,0.20489690721649487,0.002946303078171719,97,False
bm25,3,bertQPP,11,0.25,0.3999689029474364,4.929340705046843e-05,0.24355670103092786,0.0004088834881762593,97,True
bm25,3,bertQPP(QV),11,0.25,0.3160004366817761,0.0016154299097965671,0.19329896907216498,0.0050318722795436996,97,False
bm25,3,bertQPP(QV),11,0.25,0.4156230044139227,2.300658747421455e-05,0.23883161512027495,0.0005288208236189078,97,True
bm25,3,spatial,11,0.3,0.37118236698049434,0.0001818557781898676,0.21134020618556704,0.0021637443470699886,97,False
bm25,3,spatial,11,0.3,0.35796021140421946,0.0003183999946435937,0.2878006872852234,2.962722234003396e-05,97,True
bm25,3,a_ratio,11,0.3,0.3834101618530429,0.00010599906493059477,0.17482817869415812,0.011182156616858724,97,False
bm25,3,a_ratio,11,0.3,0.4452075397456183,4.894451036672997e-06,0.3084192439862543,7.622862048866513e-06,97,True
bm25,3,nqc,11,0.3,0.02323919584393704,0.82124581408,-0.02061855670103093,0.7647885664914993,97,False
bm25,3,nqc,11,0.3,0.13385712439041692,0.19116503016883557,0.05498281786941581,0.42495013508695245,97,True
bm25,3,bertQPP,11,0.3,0.3295496518627098,0.0009800253106344258,0.20704467353951894,0.0026605976928076114,97,False
bm25,3,bertQPP,11,0.3,0.40845966551194296,3.275950144325805e-05,0.25343642611683853,0.00023539388087640415,97,True
bm25,3,bertQPP(QV),11,0.3,0.3261000842801627,0.0011154281127473656,0.1937285223367698,0.004935409194231109,97,False
bm25,3,bertQPP(QV),11,0.3,0.4221921291302085,1.6519478699477256e-05,0.23969072164948454,0.0005048251929224872,97,True
bm25,3,spatial,11,0.35,0.3610693258733997,0.000279713786255377,0.20274914089347082,0.003259747042536618,97,False
bm25,3,spatial,11,0.35,0.35865648676035705,0.00030933112985415514,0.288659793814433,2.804587392927909e-05,97,True
bm25,3,a_ratio,11,0.35,0.3825367222035762,0.00011024415459691187,0.18127147766323026,0.008527096049992753,97,False
bm25,3,a_ratio,11,0.35,0.44216358952158025,5.778307894190402e-06,0.30670103092783507,8.563939402340346e-06,97,True
bm25,3,nqc,11,0.35,0.025348987004671183,0.8053248670979063,-0.01718213058419244,0.8031038928688624,97,False
bm25,3,nqc,11,0.35,0.1367209136619703,0.1817556832121336,0.06056701030927836,0.3794578311122522,97,True
bm25,3,bertQPP,11,0.35,0.3372246924835494,0.0007308595394759635,0.19501718213058422,0.004655971971265852,97,False
bm25,3,bertQPP,11,0.35,0.4133824715032002,2.571787401189966e-05,0.2517182130584193,0.00025948171452482385,97,True
bm25,3,bertQPP(QV),11,0.35,0.3332419447901016,0.0008518318522446064,0.19158075601374575,0.0054350017041903615,97,False
bm25,3,bertQPP(QV),11,0.35,0.4244178518879287,1.474252812495517e-05,0.2379725085910653,0.0005538759115824682,97,True
bm25,3,spatial,11,0.4,0.34966119312766364,0.0004470618556461085,0.19673539518900346,0.004305679427335466,97,False
bm25,3,spatial,11,0.4,0.35940823515340103,0.0002998073454788485,0.28951890034364264,2.6544983244565518e-05,97,True
bm25,3,a_ratio,11,0.4,0.3771148227210447,0.00014032946941472122,0.18384879725085912,0.0076337511300162714,97,False
bm25,3,a_ratio,11,0.4,0.43741779970747025,7.461584467857708e-06,0.3019759450171822,1.1758839163448277e-05,97,True
bm25,3,nqc,11,0.4,0.02781142989942722,0.786843126355424,-0.015034364261168387,0.8273000875464372,97,False
bm25,3,nqc,11,0.4,0.14003565685135097,0.1712922520690065,0.06615120274914091,0.33709113316806516,97,True
bm25,3,bertQPP,11,0.4,0.341720704036156,0.0006133023226623413,0.19158075601374575,0.0054350017041903615,97,False
bm25,3,bertQPP,11,0.4,0.41427385306370224,2.4605233867828592e-05,0.24613402061855674,0.00035469522611087794,97,True
bm25,3,bertQPP(QV),11,0.4,0.33679610462447784,0.0007430784482227652,0.186426116838488,0.006825229731210832,97,False
bm25,3,bertQPP(QV),11,0.4,0.4221353886174281,1.6567301085609236e-05,0.2366838487972509,0.0005935388745829456,97,True
bm25,3,spatial,11,0.45,0.33738741472508277,0.0007262686820200976,0.18728522336769762,0.006573343269072617,97,False
bm25,3,spatial,11,0.45,0.3602159108565877,0.0002898766846933054,0.28994845360824745,2.5823492573259426e-05,97,True
bm25,3,a_ratio,11,0.45,0.36772024737307024,0.00021107351719363684,0.18814432989690724,0.00632984784895861,97,False
bm25,3,a_ratio,11,0.45,0.4308271935499435,1.057508639935378e-05,0.30068728522336774,1.2810804708658091e-05,97,True
bm25,3,nqc,11,0.45,0.03072173257650553,0.7651521459596264,-0.014604810996563576,0.8321598541826989,97,False
bm25,3,nqc,11,0.45,0.14391436637870667,0.15962018540164272,0.07044673539518902,0.3066570724911982,97,True
bm25,3,bertQPP,11,0.45,0.3425313416200212,0.0005940481959792683,0.18943298969072167,0.005979808014005902,97,False
bm25,3,bertQPP,11,0.45,0.41100376543342704,2.892184921634218e-05,0.24355670103092786,0.0004088834881762593,97,True
bm25,3,bertQPP(QV),11,0.45,0.336444976813151,0.0007532278101530551,0.17654639175257736,0.010410504577977625,97,False
bm25,3,bertQPP(QV),11,0.45,0.4155986436086201,2.3034570291474407e-05,0.2414089347079038,0.0004598488311252096,97,True
bm25,3,spatial,11,0.5,0.324630732494376,0.0011781070369317659,0.17912371134020622,0.009341755733078497,97,False
bm25,3,spatial,11,0.5,0.36107520484371747,0.000279644930336218,0.28951890034364264,2.6544983244565518e-05,97,True
bm25,3,a_ratio,11,0.5,0.3552346336025702,0.00035630652954357677,0.18127147766323026,0.008527096049992753,97,False
bm25,3,a_ratio,11,0.5,0.4222986131109939,1.6430080456884153e-05,0.29510309278350516,1.849887929183802e-05,97,True
bm25,3,nqc,11,0.5,0.03421213258784275,0.7393760484989162,-0.010738831615120277,0.8761649965497997,97,False
bm25,3,nqc,11,0.5,0.14850997402027624,0.1465694744112733,0.07431271477663232,0.2808725107935828,97,True
bm25,3,bertQPP,11,0.5,0.33947972056818104,0.0006695414146058706,0.186426116838488,0.006825229731210832,97,False
bm25,3,bertQPP,11,0.5,0.4038085071162775,4.103346480474213e-05,0.2405498281786942,0.0004818477915141724,97,True
bm25,3,bertQPP(QV),11,0.5,0.332265167424857,0.0008841653528167216,0.17697594501718217,0.010225152665271457,97,False
bm25,3,bertQPP(QV),11,0.5,0.4054159609230864,3.797533893530169e-05,0.23582474226804126,0.000621432826309228,97,True
bm25,3,spatial,11,0.55,0.31171059097141485,0.0018834676681495838,0.1666666666666667,0.01558372473088864,97,False
bm25,3,spatial,11,0.55,0.3619722710269028,0.0002693195279826557,0.29037800687285226,2.5120678036492542e-05,97,True
bm25,3,a_ratio,11,0.55,0.3406460418142808,0.0006397085442860041,0.17568728522336774,0.01079019991112942,97,False
bm25,3,a_ratio,11,0.55,0.41180321728950786,2.7805560740322968e-05,0.29725085910652926,1.607297344135024e-05,97,True
bm25,3,nqc,11,0.55,0.038471392679371816,0.7083106423036797,-0.0047250859106529215,0.9453348196600103,97,False
bm25,3,nqc,11,0.55,0.15403375907565628,0.1319656364933631,0.07903780068728523,0.25141149497554627,97,True
bm25,3,bertQPP,11,0.55,0.3327693304842205,0.0008673392235998442,0.18213058419243988,0.008219435652041644,97,False
bm25,3,bertQPP,11,0.55,0.3932379772557943,6.762118138296049e-05,0.2414089347079038,0.0004598488311252096,97,True
bm25,3,bertQPP(QV),11,0.55,0.3247045817647722,0.0011748819328639862,0.17568728522336774,0.01079019991112942,97,False
bm25,3,bertQPP(QV),11,0.55,0.3924121981150646,7.026254179779738e-05,0.23496563573883167,0.0006505425158083947,97,True
bm25,3,spatial,11,0.6,0.2988786658460206,0.002941931581175874,0.16151202749140894,0.01909240321886764,97,False
bm25,3,spatial,11,0.6,0.36287431626588823,0.000259292394703824,0.28951890034364264,2.6544983244565518e-05,97,True
bm25,3,a_ratio,11,0.6,0.32487964783680806,0.001167268593119715,0.17353951890034366,0.011793812186781842,97,False
bm25,3,a_ratio,11,0.6,0.3993863698535493,5.067434470321506e-05,0.28522336769759454,3.489551201397058e-05,97,True
bm25,3,nqc,11,0.6,0.0437776259724967,0.6702722186959618,-0.005154639175257733,0.940374133088132,97,False
bm25,3,nqc,11,0.6,0.16078413001618147,0.11565725562639582,0.08419243986254298,0.22181074839562664,97,True
bm25,3,bertQPP,11,0.6,0.32293597031713206,0.0012543674049520764,0.17568728522336774,0.01079019991112942,97,False
bm25,3,bertQPP,11,0.6,0.380039518070993,0.00012326750906236074,0.23539518900343648,0.0006358327263393619,97,True
bm25,3,bertQPP(QV),11,0.6,0.31446657160806035,0.0017070193606330097,0.16237113402061856,0.018463547347092265,97,False
bm25,3,bertQPP(QV),11,0.6,0.3774726703420668,0.00013813026038558986,0.23582474226804126,0.000621432826309228,97,True
bm25,3,spatial,11,0.65,0.2863226552089077,0.004466644534089315,0.15635738831615123,0.02327305567367708,97,False
bm25,3,spatial,11,0.65,0.3637104614556148,0.0002503065482236608,0.2912371134020619,2.3769260447909586e-05,97,True
bm25,3,a_ratio,11,0.65,0.3086975023235506,0.0020951030103868278,0.1628006872852234,0.018155972846842318,97,False
bm25,3,a_ratio,11,0.65,0.3851705729722969,9.790046953799726e-05,0.28135738831615126,4.4493757835023985e-05,97,True
bm25,3,nqc,11,0.65,0.05055585704483006,0.6228767965861685,0.002147766323024055,0.9751367447826097,97,False
bm25,3,nqc,11,0.65,0.16919200571626927,0.09757749438456523,0.09063573883161513,0.18843365829791547,97,True
bm25,3,bertQPP,11,0.65,0.31072269878439956,0.0019506243924103087,0.17053264604811,0.013337754848227265,97,False
bm25,3,bertQPP,11,0.65,0.36502301354230904,0.00023677885871028164,0.22809278350515466,0.000933347093157991,97,True
bm25,3,bertQPP(QV),11,0.65,0.3023546745709112,0.0026122284055906456,0.16065292096219932,0.019739903980340746,97,False
bm25,3,bertQPP(QV),11,0.65,0.3614174653492612,0.0002756631285627252,0.22766323024054988,0.0009543472910132449,97,True
bm25,3,spatial,11,0.7,0.2741746157241363,0.006576025736495962,0.15249140893470792,0.026909885175764755,97,False
bm25,3,spatial,11,0.7,0.36433121729455553,0.00024382228886070932,0.2933848797250859,2.0686822197476286e-05,97,True
bm25,3,a_ratio,11,0.7,0.2926658952608325,0.0036254301562640445,0.14991408934707906,0.029598455953974822,97,False
bm25,3,a_ratio,11,0.7,0.3693502185160124,0.00019681595750370545,0.2731958762886598,7.358676773635807e-05,97,True
bm25,3,nqc,11,0.7,0.05948330733019892,0.5627505739465875,0.01202749140893471,0.8614470077832815,97,False
bm25,3,nqc,11,0.7,0.1798912471112161,0.07787196566769612,0.09579037800687287,0.16452082122278677,97,True
bm25,3,bertQPP,11,0.7,0.2969313327382767,0.0031425440197835885,0.1666666666666667,0.01558372473088864,97,False
bm25,3,bertQPP,11,0.7,0.34894841093349466,0.0004600876355650362,0.22594501718213064,0.0010428004886634003,97,True
bm25,3,bertQPP(QV),11,0.7,0.2891361168083474,0.0040741417752139285,0.15764604810996566,0.022159535570441733,97,False
bm25,3,bertQPP(QV),11,0.7,0.34492791561075625,0.0005403171077556099,0.2212199312714777,0.001326652810302692,97,True
bm25,3,spatial,11,0.75,0.26252100394525024,0.00938379575199917,0.147766323024055,0.03201236643126749,97,False
bm25,3,spatial,11,0.75,0.3644183702484112,0.00024292442717199604,0.2981099656357389,1.5190194907487389e-05,97,True
bm25,3,a_ratio,11,0.75,0.27716799759306593,0.005987466600708834,0.14604810996563578,0.03406318246416719,97,False
bm25,3,a_ratio,11,0.75,0.35217853830805895,0.00040372148343697194,0.26632302405498287,0.00011124963084926736,97,True
bm25,3,nqc,11,0.75,0.07168904695312074,0.4853018051113465,0.021048109965635744,0.7600372759154744,97,False
bm25,3,nqc,11,0.75,0.19381762961883942,0.05714293848783852,0.11254295532646051,0.10244263799035044,97,True
bm25,3,bertQPP,11,0.75,0.28230094629755786,0.005086247211017565,0.15335051546391754,0.026061836085581373,97,False
bm25,3,bertQPP,11,0.75,0.33245631893050615,0.0008777510542469099,0.2169243986254296,0.001644941169576058,97,True
bm25,3,bertQPP(QV),11,0.75,0.2754563848167991,0.006318010720504158,0.14862542955326463,0.03102727109196935,97,False
bm25,3,bertQPP(QV),11,0.75,0.32852198424428464,0.0010187071167951814,0.2177835051546392,0.0015761513468118154,97,True
bm25,3,spatial,11,0.8,0.251412601018454,0.012989220494697678,0.14819587628865982,0.031516517606653575,97,False
bm25,3,spatial,11,0.8,0.36327290613713836,0.0002549723632015553,0.29596219931271484,1.7489373396802984e-05,97,True
bm25,3,a_ratio,11,0.8,0.26243772483629535,0.009407163870291575,0.14304123711340208,0.037922646089534044,97,False
bm25,3,a_ratio,11,0.8,0.33394874383416956,0.0008291121767106591,0.2517182130584193,0.00025948171452482385,97,True
bm25,3,nqc,11,0.8,0.08913331310751395,0.3852789078602685,0.043814432989690726,0.5249088158491623,97,False
bm25,3,nqc,11,0.8,0.21228749570020805,0.036839181824726154,0.12714776632302408,0.06502915478137135,97,True
bm25,3,bertQPP,11,0.8,0.2674373752260449,0.00809147370148591,0.14905498281786944,0.030544557732034724,97,False
bm25,3,bertQPP,11,0.8,0.31604132982065014,0.0016130502167100178,0.21176975945017185,0.0021190549684448486,97,True
bm25,3,bertQPP(QV),11,0.8,0.2618067449045343,0.009585882691969055,0.15077319587628868,0.0286776674564184,97,False
bm25,3,bertQPP(QV),11,0.8,0.3125629157612309,0.0018272138330973839,0.20575601374570449,0.0028288190417010725,97,True
bm25,3,spatial,11,0.85,0.24087334788163905,0.017469247280864884,0.1434707903780069,0.037349490378258986,97,False
bm25,3,spatial,11,0.85,0.35928527440290947,0.00030134639868462814,0.2908075601374571,2.4436082793239188e-05,97,True
bm25,3,a_ratio,11,0.85,0.24859802950368523,0.01407502201374202,0.14604810996563578,0.03406318246416719,97,False
bm25,3,a_ratio,11,0.85,0.31497242709431994,0.0016763073303296607,0.2336769759450172,0.0006965926026270434,97,True
bm25,3,nqc,11,0.85,0.11521652844061736,0.26110302544948216,0.054123711340206195,0.432221333716273,97,False
bm25,3,nqc,11,0.85,0.23669623631257367,0.019583124214051246,0.14003436426116841,0.04214791401843269,97,True
bm25,3,bertQPP,11,0.85,0.25279119836405595,0.01248452203042532,0.1434707903780069,0.037349490378258986,97,False
bm25,3,bertQPP,11,0.85,0.30005603474021986,0.002826293332585912,0.20790378006872856,0.0025535840012904936,97,True
bm25,3,bertQPP(QV),11,0.85,0.24852927467292868,0.014102503896174933,0.14218213058419246,0.039091423487606906,97,False
bm25,3,bertQPP(QV),11,0.85,0.297284526431482,0.0031052718221387214,0.20103092783505158,0.0035320539175627825,97,True
bm25,3,spatial,11,0.9,0.2309077068516987,0.022873558227008015,0.13702749140893475,0.046764860648197036,97,False
bm25,3,spatial,11,0.9,0.34855156011727556,0.00046749003534549713,0.2719072164948454,7.957359852373424e-05,97,True
bm25,3,a_ratio,11,0.9,0.2356949414448808,0.02012133658028754,0.14218213058419246,0.039091423487606906,97,False
bm25,3,a_ratio,11,0.9,0.2955585301295784,0.0032912554272198032,0.2169243986254296,0.001644941169576058,97,True
bm25,3,nqc,11,0.9,0.15454922414168046,0.13066159371483524,0.0734536082474227,0.28647120739097054,97,False
bm25,3,nqc,11,0.9,0.2659370984196707,0.008468118023793988,0.15249140893470792,0.026909885175764755,97,True
bm25,3,bertQPP,11,0.9,0.23866824746705048,0.018559239955000292,0.13745704467353953,0.04608031263937092,97,False
bm25,3,bertQPP,11,0.9,0.2847316023956019,0.004703231832618084,0.19759450171821308,0.0041396512632380965,97,True
bm25,3,bertQPP(QV),11,0.9,0.2358410512522083,0.02004201722365228,0.14003436426116841,0.04214791401843269,97,False
bm25,3,bertQPP(QV),11,0.9,0.2828210586319212,0.005002032191744278,0.19201030927835053,0.00533157487845821,97,True
bm25,3,spatial,11,0.95,0.2215065182611658,0.02922280302456032,0.13445017182130586,0.05105421646643944,97,False
bm25,3,spatial,11,0.95,0.321382137759452,0.0013281988462285038,0.2577319587628867,0.0001840336555755922,97,True
bm25,3,a_ratio,11,0.95,0.22372434464708546,0.027604095715739966,0.13616838487972513,0.04815964796946807,97,False
bm25,3,a_ratio,11,0.95,0.27599560704293824,0.0062121745017329885,0.20403780068728525,0.00306822352558543,97,True
bm25,3,nqc,11,0.95,0.2022393816742099,0.046968479083245314,0.09750859106529211,0.15708030004273185,97,False
bm25,3,nqc,11,0.95,0.2852790099725411,0.004620602627149176,0.18728522336769762,0.006573343269072617,97,True
bm25,3,bertQPP,11,0.95,0.22525567227120089,0.02653140147439459,0.13187285223367698,0.055668220302014286,97,False
bm25,3,bertQPP,11,0.95,0.27020395927231755,0.007435463739027075,0.19501718213058422,0.004655971971265852,97,True
bm25,3,bertQPP(QV),11,0.95,0.2238638162949619,0.02750489576560354,0.13187285223367698,0.055668220302014286,97,False
bm25,3,bertQPP(QV),11,0.95,0.26923484574989326,0.007659711813971456,0.1941580756013746,0.0048406217198878375,97,True
bm25,3,spatial,11,1.0,0.21265150084744822,0.036509652664809204,0.12757731958762888,0.06412770883743656,97,False
bm25,3,spatial,11,1.0,0.25653901114068073,0.011197881100587418,0.1911512027491409,0.005540236417616152,97,True
bm25,3,a_ratio,11,1.0,0.21265150084744822,0.036509652664809204,0.12757731958762888,0.06412770883743656,97,False
bm25,3,a_ratio,11,1.0,0.25653901114068073,0.011197881100587418,0.1911512027491409,0.005540236417616152,97,True
bm25,3,nqc,11,1.0,0.21265150084744822,0.036509652664809204,0.12757731958762888,0.06412770883743656,97,False
bm25,3,nqc,11,1.0,0.25653901114068073,0.011197881100587418,0.1911512027491409,0.005540236417616152,97,True
bm25,3,bertQPP,11,1.0,0.21265150084744822,0.036509652664809204,0.12757731958762888,0.06412770883743656,97,False
bm25,3,bertQPP,11,1.0,0.25653901114068073,0.011197881100587418,0.1911512027491409,0.005540236417616152,97,True
bm25,3,bertQPP(QV),11,1.0,0.21265150084744822,0.036509652664809204,0.12757731958762888,0.06412770883743656,97,False
bm25,3,bertQPP(QV),11,1.0,0.25653901114068073,0.011197881100587418,0.1911512027491409,0.005540236417616152,97,True
bm25,3,spatial,12,0.0,0.3845251940076828,0.00010080028015697167,0.21993127147766325,0.0014156009702633058,97,False
bm25,3,spatial,12,0.0,0.3547549443101819,0.00036339273676425413,0.279639175257732,4.952017035250988e-05,97,True
bm25,3,a_ratio,12,0.0,0.31361970387000354,0.0017595769544369434,0.1207044673539519,0.07984982362376257,97,False
bm25,3,a_ratio,12,0.0,0.43816884295395087,7.1675504248435e-06,0.29252577319587636,2.187111894191921e-05,97,True
bm25,3,nqc,12,0.0,0.015030440035111404,0.8838251900266161,-0.02362542955326461,0.7317251099207628,97,False
bm25,3,nqc,12,0.0,0.12251005643370629,0.23191067066611573,0.04596219931271478,0.5047955105031363,97,True
bm25,3,bertQPP,12,0.0,0.25557308579511967,0.01151788193184543,0.1868556701030928,0.006698222213035896,97,False
bm25,3,bertQPP,12,0.0,0.3294099293087749,0.0009852047034422107,0.22465635738831619,0.0011140538745299275,97,True
bm25,3,bertQPP(QV),12,0.0,0.2474761609182837,0.014529302470978231,0.18556701030927839,0.00708575590459897,97,False
bm25,3,bertQPP(QV),12,0.0,0.3424837687388707,0.0005951626637122061,0.22079037800687287,0.0013557124652369783,97,True
bm25,3,spatial,12,0.05,0.3896940610133465,7.96507322280517e-05,0.2169243986254296,0.001644941169576058,97,False
bm25,3,spatial,12,0.05,0.35524141026871514,0.00035620733850570495,0.2822164948453609,4.216585457755637e-05,97,True
bm25,3,a_ratio,12,0.05,0.33091299053628515,0.0009307741441030201,0.13702749140893475,0.046764860648197036,97,False
bm25,3,a_ratio,12,0.05,0.4418019559846724,5.892777591366424e-06,0.30025773195876293,1.3180989774176607e-05,97,True
bm25,3,nqc,12,0.05,0.01608186608559365,0.875761230596156,-0.023195876288659798,0.7364196981955502,97,False
bm25,3,nqc,12,0.05,0.12395218435024313,0.2264198528874202,0.04596219931271478,0.5047955105031363,97,True
bm25,3,bertQPP,12,0.05,0.2688522029572134,0.007749883004367403,0.20017182130584193,0.0036758280937195186,97,False
bm25,3,bertQPP,12,0.05,0.3453354275185756,0.0005316369739642387,0.2405498281786942,0.0004818477915141724,97,True
bm25,3,bertQPP(QV),12,0.05,0.2620789286100202,0.009508427216666917,0.18943298969072167,0.005979808014005902,97,False
bm25,3,bertQPP(QV),12,0.05,0.36019335739803826,0.00029014982166370503,0.22293814432989695,0.0012160687743494618,97,True
bm25,3,spatial,12,0.1,0.3923133222228417,7.058516831800824e-05,0.22207903780068733,0.0012702502748310276,97,False
bm25,3,spatial,12,0.1,0.3557668355869155,0.0003485935232496655,0.2822164948453609,4.216585457755637e-05,97,True
bm25,3,a_ratio,12,0.1,0.34760788747597765,0.00048553342376551,0.14046391752577322,0.04152093691345949,97,False
bm25,3,a_ratio,12,0.1,0.4448650740998736,4.987122532586648e-06,0.3028350515463918,1.1103899560226742e-05,97,True
bm25,3,nqc,12,0.1,0.017251100180467445,0.8668086561724168,-0.022766323024054985,0.7411241465856763,97,False
bm25,3,nqc,12,0.1,0.12555029867456416,0.22044248413299047,0.04725085910652922,0.4929254477765376,97,True
bm25,3,bertQPP,12,0.1,0.2825516646845646,0.005045495475952201,0.20317869415807563,0.0031947282487263706,97,False
bm25,3,bertQPP,12,0.1,0.3611895893200942,0.00027830833816523985,0.24012027491408938,0.0004932117335580638,97,True
bm25,3,bertQPP(QV),12,0.1,0.27707128328623215,0.006005726873587049,0.1829896907216495,0.007921746820669876,97,False
bm25,3,bertQPP(QV),12,0.1,0.3774598791104945,0.0001382083171946432,0.2285223367697595,0.0009127757207962206,97,True
bm25,3,spatial,12,0.15,0.3922373128893582,7.083411943394588e-05,0.21821305841924402,0.0015427588468996702,97,False
bm25,3,spatial,12,0.15,0.356335570237366,0.00034052114418120396,0.2839347079037801,3.7852202750352324e-05,97,True
bm25,3,a_ratio,12,0.15,0.36285044813925055,0.00025955321510324754,0.15034364261168387,0.02913493133073165,97,False
bm25,3,a_ratio,12,0.15,0.4471993144598542,4.386837527026039e-06,0.3101374570446736,6.781146400792912e-06,97,True
bm25,3,nqc,12,0.15,0.01855900661661963,0.8568142357917955,-0.021048109965635744,0.7600372759154744,97,False
bm25,3,nqc,12,0.15,0.12733092450488598,0.21391465979491386,0.046821305841924406,0.49686544158769386,97,True
bm25,3,bertQPP,12,0.15,0.2963714005561031,0.003202456030244682,0.20661512027491413,0.0027156275780873427,97,False
bm25,3,bertQPP,12,0.15,0.3764531504617054,0.00014448158147534123,0.2414089347079038,0.0004598488311252096,97,True
bm25,3,bertQPP(QV),12,0.15,0.29206022402085385,0.003699130583590019,0.1898625429553265,0.005867063974983271,97,False
bm25,3,bertQPP(QV),12,0.15,0.3935617359920843,6.661106054292785e-05,0.23496563573883167,0.0006505425158083947,97,True
bm25,3,spatial,12,0.2,0.3894834736784,8.042475251038223e-05,0.22422680412371138,0.0011387880187863695,97,False
bm25,3,spatial,12,0.2,0.3569524634222892,0.0003319600355463848,0.28479381443298973,3.585581186521998e-05,97,True
bm25,3,a_ratio,12,0.2,0.3756441202399556,0.000149713030632446,0.1597938144329897,0.02040649882574069,97,False
bm25,3,a_ratio,12,0.2,0.44862664035974875,4.054062458241219e-06,0.309278350515464,7.190233980955585e-06,97,True
bm25,3,nqc,12,0.2,0.020031653829027316,0.8455880011364282,-0.021907216494845363,0.7505619727933218,97,False
bm25,3,nqc,12,0.2,0.12932689622858368,0.20676186758435952,0.04896907216494846,0.4773342987798882,97,True
bm25,3,bertQPP,12,0.2,0.30987493421397266,0.0020099718726102034,0.21048109965635742,0.002255725464528707,97,False
bm25,3,bertQPP,12,0.2,0.3904671215008407,7.686833703737655e-05,0.24828178694158082,0.0003147483455907583,97,True
bm25,3,bertQPP(QV),12,0.2,0.3064917804568243,0.0022633885854066124,0.18857388316151205,0.006211170636578692,97,False
bm25,3,bertQPP(QV),12,0.2,0.40764146475336155,3.409156566233507e-05,0.23840206185567014,0.0005412133012575864,97,True
bm25,3,spatial,12,0.25,0.3842290508463834,0.00010215743503449751,0.2169243986254296,0.001644941169576058,97,False
bm25,3,spatial,12,0.25,0.3576228512807035,0.0003228815599021102,0.2869415807560138,3.1293082627690314e-05,97,True
bm25,3,a_ratio,12,0.25,0.38498136302258396,9.874249325400968e-05,0.17353951890034366,0.011793812186781842,97,False
bm25,3,a_ratio,12,0.25,0.448953731209023,3.981229883339068e-06,0.3088487972508592,7.4035267389540595e-06,97,True
bm25,3,nqc,12,0.25,0.02170203252479051,0.8328917868530485,-0.022766323024054985,0.7411241465856763,97,False
bm25,3,nqc,12,0.25,0.1315793263924497,0.19889713736416492,0.04982817869415808,0.4696411010880063,97,True
bm25,3,bertQPP,12,0.25,0.32247850568881103,0.0012757070868241126,0.20876288659793818,0.0024505203740822256,97,False
bm25,3,bertQPP,12,0.25,0.40246599716600806,4.376217301396248e-05,0.24828178694158082,0.0003147483455907583,97,True
bm25,3,bertQPP(QV),12,0.25,0.319655644414861,0.0014148451061413547,0.19802405498281792,0.004058834798972484,97,False
bm25,3,bertQPP(QV),12,0.25,0.41879031095038954,1.9627560380562425e-05,0.2414089347079038,0.0004598488311252096,97,True
bm25,3,spatial,12,0.3,0.37678237743376736,0.00014240159879870507,0.21219931271477666,0.0020752134680172376,97,False
bm25,3,spatial,12,0.3,0.35835247156668804,0.000313261199076286,0.28737113402061865,3.0449327798130317e-05,97,True
bm25,3,a_ratio,12,0.3,0.39003684191645993,7.840563369046171e-05,0.17482817869415812,0.011182156616858724,97,False
bm25,3,a_ratio,12,0.3,0.447978804278543,4.2020387794495576e-06,0.3105670103092784,6.585046426110277e-06,97,True
bm25,3,nqc,12,0.3,0.02361249639575798,0.8184233259458693,-0.020189003436426118,0.7695487264404447,97,False
bm25,3,nqc,12,0.3,0.1341403479490996,0.19021904472803708,0.054123711340206195,0.432221333716273,97,True
bm25,3,bertQPP,12,0.3,0.3334694032889199,0.0008444590682673522,0.21091065292096223,0.002209296231634933,97,False
bm25,3,bertQPP,12,0.3,0.41165370759658165,2.8011210394159123e-05,0.25386597938144334,0.00022970863763271067,97,True
bm25,3,bertQPP(QV),12,0.3,0.33073475416927645,0.0009370821699615258,0.19458762886597944,0.004747484369155047,97,False
bm25,3,bertQPP(QV),12,0.3,0.42618402911887865,1.3461809116936615e-05,0.2392611683848798,0.0005166931871154039,97,True
bm25,3,spatial,12,0.35,0.3675373383585927,0.0002127316526202738,0.20575601374570449,0.0028288190417010725,97,False
bm25,3,spatial,12,0.35,0.3591472350072668,0.0003030828581752431,0.2878006872852234,2.962722234003396e-05,97,True
bm25,3,a_ratio,12,0.35,0.3903647161329289,7.723164528374154e-05,0.18170103092783507,0.008372001763204117,97,False
bm25,3,a_ratio,12,0.35,0.445501785168142,4.816126458086915e-06,0.30713058419243994,8.318768128883354e-06,97,True
bm25,3,nqc,12,0.35,0.02581830266295836,0.8017938364753615,-0.017611683848797254,0.7982864258103413,97,False
bm25,3,nqc,12,0.35,0.13707700071071094,0.18060977842505013,0.05927835051546393,0.3896811249151011,97,True
bm25,3,bertQPP,12,0.35,0.3420690968069175,0.0006049583962029537,0.202319587628866,0.003325969220576063,97,False
bm25,3,bertQPP,12,0.35,0.4173198586302594,2.1133914423038228e-05,0.25429553264604815,0.00022415245533308512,97,True
bm25,3,bertQPP(QV),12,0.35,0.3389113213570964,0.000684536814519286,0.19286941580756015,0.005130036782382208,97,False
bm25,3,bertQPP(QV),12,0.35,0.4292419937842362,1.1487967736279715e-05,0.2414089347079038,0.0004598488311252096,97,True
bm25,3,spatial,12,0.4,0.356923141816694,0.00033236242596755767,0.19802405498281792,0.004058834798972484,97,False
bm25,3,spatial,12,0.4,0.36001271973157806,0.00029234603510271237,0.28951890034364264,2.6544983244565518e-05,97,True
bm25,3,a_ratio,12,0.4,0.38601649515061753,9.421688135793734e-05,0.19158075601374575,0.0054350017041903615,97,False
bm25,3,a_ratio,12,0.4,0.4413377636493928,6.042842014833026e-06,0.30713058419243994,8.318768128883354e-06,97,True
bm25,3,nqc,12,0.4,0.028392869703388047,0.7824959369450374,-0.014604810996563576,0.8321598541826989,97,False
bm25,3,nqc,12,0.4,0.14047684409845046,0.16993376204051702,0.06443298969072167,0.34979065764691386,97,True
bm25,3,bertQPP,12,0.4,0.3475459234033163,0.0004867402735389023,0.19673539518900346,0.004305679427335466,97,False
bm25,3,bertQPP,12,0.4,0.4189726281573403,1.9447966297869735e-05,0.25042955326460486,0.0002790440350017295,97,True
bm25,3,bertQPP(QV),12,0.4,0.3435174721010355,0.000571372788912924,0.19544673539518906,0.0045660596694361046,97,False
bm25,3,bertQPP(QV),12,0.4,0.4277569945221423,1.2409839997010266e-05,0.23840206185567014,0.0005412133012575864,97,True
bm25,3,spatial,12,0.45,0.3453601731803124,0.0005311140240483813,0.18814432989690724,0.00632984784895861,97,False
bm25,3,spatial,12,0.45,0.3609531304028987,0.0002810779076225632,0.2908075601374571,2.4436082793239188e-05,97,True
bm25,3,a_ratio,12,0.45,0.37752162831831054,0.00013783187811880577,0.19544673539518906,0.0045660596694361046,97,False
bm25,3,a_ratio,12,0.45,0.43533296557625145,8.338398553837035e-06,0.30111683848797255,1.245055216313867e-05,97,True
bm25,3,nqc,12,0.45,0.031435792322687506,0.7598570052561889,-0.014175257731958766,0.8370260449777805,97,False
bm25,3,nqc,12,0.45,0.14445622814800715,0.15803789235319532,0.06915807560137457,0.3155898965616176,97,True
bm25,3,bertQPP,12,0.45,0.34935831966774816,0.00045255478750440135,0.1937285223367698,0.004935409194231109,97,False
bm25,3,bertQPP,12,0.45,0.4164461072032033,2.207959868535643e-05,0.24570446735395193,0.0003632334933323789,97,True
bm25,3,bertQPP(QV),12,0.45,0.34418670648889366,0.0005564389448571309,0.18341924398625434,0.007776554495134835,97,False
bm25,3,bertQPP(QV),12,0.45,0.421942522415132,1.6730826174142022e-05,0.24012027491408938,0.0004932117335580638,97,True
bm25,3,spatial,12,0.5,0.33322826395875016,0.0008522771666127077,0.17998281786941583,0.009007907605249525,97,False
bm25,3,spatial,12,0.5,0.3619692105700964,0.0002693541485841375,0.2912371134020619,2.3769260447909586e-05,97,True
bm25,3,a_ratio,12,0.5,0.36574191488310603,0.00022965888373355925,0.1868556701030928,0.006698222213035896,97,False
bm25,3,a_ratio,12,0.5,0.4273816158645627,1.2653632046512842e-05,0.29725085910652926,1.607297344135024e-05,97,True
bm25,3,nqc,12,0.5,0.03508542769930011,0.7329704483052152,-0.011168384879725088,0.8712539798728897,97,False
bm25,3,nqc,12,0.5,0.1491727427581556,0.14475561533671472,0.07431271477663232,0.2808725107935828,97,True
bm25,3,bertQPP,12,0.5,0.3472829846895675,0.0004918921138017583,0.19286941580756015,0.005130036782382208,97,False
bm25,3,bertQPP,12,0.5,0.4099398737244859,3.0472464684783856e-05,0.2512886597938145,0.00026585493232954136,97,True
bm25,3,bertQPP(QV),12,0.5,0.3409448287423083,0.0006322643217467602,0.18427835051546396,0.0074933028749945285,97,False
bm25,3,bertQPP(QV),12,0.5,0.41237682327134034,2.7029601385259647e-05,0.23754295532646055,0.0005668140402706258,97,True
bm25,3,spatial,12,0.55,0.3208488331078067,0.0013544347064881048,0.16838487972508595,0.01454739544260673,97,False
bm25,3,spatial,12,0.55,0.363054065303757,0.00025733593037788864,0.29295532646048117,2.127112554068262e-05,97,True
bm25,3,a_ratio,12,0.55,0.35167059284779567,0.00041214240966323275,0.1782646048109966,0.009686599012848096,97,False
bm25,3,a_ratio,12,0.55,0.4174412854060591,2.1005534861953006e-05,0.2946735395189004,1.9024215360256178e-05,97,True
bm25,3,nqc,12,0.55,0.03953932722391291,0.7005935442962767,-0.0047250859106529215,0.9453348196600103,97,False
bm25,3,nqc,12,0.55,0.15484435933627724,0.12991939132792193,0.07860824742268042,0.2539971105350425,97,True
bm25,3,bertQPP,12,0.55,0.3414743898950572,0.000619264933690495,0.18857388316151205,0.006211170636578692,97,False
bm25,3,bertQPP,12,0.55,0.3999736265239741,4.9282354324477724e-05,0.24742268041237117,0.00033019314561040996,97,True
bm25,3,bertQPP(QV),12,0.55,0.334198034392289,0.000821231757738027,0.17912371134020622,0.009341755733078497,97,False
bm25,3,bertQPP(QV),12,0.55,0.3998695861248,4.952633516069937e-05,0.2379725085910653,0.0005538759115824682,97,True
bm25,3,spatial,12,0.6,0.30847890915987136,0.0021112613360803993,0.15936426116838492,0.0207470988785446,97,False
bm25,3,spatial,12,0.6,0.3641846900281485,0.00024533874020906825,0.2916666666666667,2.31197748307288e-05,97,True
bm25,3,a_ratio,12,0.6,0.33625524212591446,0.000758764663441898,0.18170103092783507,0.008372001763204117,97,False
bm25,3,a_ratio,12,0.6,0.4055439210109106,3.7741281082401735e-05,0.28522336769759454,3.489551201397058e-05,97,True
bm25,3,nqc,12,0.6,0.045088665248977484,0.6609961822077252,-0.0030068728522336776,0.9651968510542414,97,False
bm25,3,nqc,12,0.6,0.16177943248368556,0.11339071712904367,0.08462199312714778,0.2194617374170329,97,True
bm25,3,bertQPP,12,0.6,0.33242729446393793,0.0008787222605601241,0.18341924398625434,0.007776554495134835,97,False
bm25,3,bertQPP,12,0.6,0.38727614449801195,8.896975753399188e-05,0.2414089347079038,0.0004598488311252096,97,True
bm25,3,bertQPP(QV),12,0.6,0.3246250579036607,0.0011783551872084715,0.16924398625429557,0.01405239227763608,97,False
bm25,3,bertQPP(QV),12,0.6,0.38530566284103607,9.730337816067998e-05,0.23711340206185572,0.000580033168540485,97,True
bm25,3,spatial,12,0.65,0.2963135208274041,0.0032087071280576356,0.15764604810996566,0.022159535570441733,97,False
bm25,3,spatial,12,0.65,0.3653043460645031,0.0002339686228420122,0.29252577319587636,2.187111894191921e-05,97,True
bm25,3,a_ratio,12,0.65,0.3202883226743737,0.0013825151893979738,0.17182130584192443,0.01265543298933369,97,False
bm25,3,a_ratio,12,0.65,0.39180004042046496,7.228225265906202e-05,0.2830756013745705,3.995381628708257e-05,97,True
bm25,3,nqc,12,0.65,0.05217868348358423,0.6117448366242231,0.0038659793814432995,0.9552623626593565,97,False
bm25,3,nqc,12,0.65,0.17042426585452666,0.09512563521669332,0.09020618556701032,0.1905365207922204,97,True
bm25,3,bertQPP,12,0.65,0.3208595783030638,0.0013539014874824591,0.1752577319587629,0.010984624932232429,97,False
bm25,3,bertQPP,12,0.65,0.3726516508789585,0.00017062632284102998,0.23625429553264607,0.0006073368350083252,97,True
bm25,3,bertQPP(QV),12,0.65,0.3130238943056044,0.0017974262329811359,0.16494845360824745,0.01668446543769203,97,False
bm25,3,bertQPP(QV),12,0.65,0.36951565708931666,0.00019541975998291797,0.23067010309278352,0.00081607670119364,97,True
bm25,3,spatial,12,0.7,0.28449291465273624,0.004739671148081434,0.15206185567010314,0.02734277211201925,97,False
bm25,3,spatial,12,0.7,0.366284529696875,0.00022441635949444326,0.2942439862542956,1.9563741907068626e-05,97,True
bm25,3,a_ratio,12,0.7,0.30436730299202586,0.0024368984987585447,0.15936426116838492,0.0207470988785446,97,False
bm25,3,a_ratio,12,0.7,0.37639463040228816,0.00014485423181422296,0.2770618556701031,5.80796004740303e-05,97,True
bm25,3,nqc,12,0.7,0.061519456824713756,0.549433543931528,0.01245704467353952,0.8565514226103272,97,False
bm25,3,nqc,12,0.7,0.18143765805870485,0.0753083802506527,0.09621993127147768,0.16263626465805225,97,True
bm25,3,bertQPP,12,0.7,0.3075659923354349,0.002179966339383797,0.16967353951890035,0.013810511589466142,97,False
bm25,3,bertQPP,12,0.7,0.3568652239824008,0.0003331585722311407,0.22422680412371138,0.0011387880187863695,97,True
bm25,3,bertQPP(QV),12,0.7,0.300171826721529,0.002815144097362926,0.16451890034364264,0.016970096384742294,97,False
bm25,3,bertQPP(QV),12,0.7,0.35319750670356403,0.0003873035536931299,0.2212199312714777,0.001326652810302692,97,True
bm25,3,spatial,12,0.75,0.2731118033375394,0.006796991869658758,0.147766323024055,0.03201236643126749,97,False
bm25,3,spatial,12,0.75,0.366838989883121,0.00021917375732014903,0.2998281786941581,1.3561366429704062e-05,97,True
bm25,3,a_ratio,12,0.75,0.2889030973925262,0.004105438522335818,0.15292096219931275,0.026482928123240188,97,False
bm25,3,a_ratio,12,0.75,0.359574902361632,0.0002977327973448278,0.26589347079037806,0.0001141250014345169,97,True
bm25,3,nqc,12,0.75,0.07429661827330292,0.46952550140936083,0.02061855670103093,0.7647885664914993,97,False
bm25,3,nqc,12,0.75,0.19579801877758862,0.05460128758859513,0.11211340206185569,0.10376002930884054,97,True
bm25,3,bertQPP,12,0.75,0.29329370364478813,0.00355042567130573,0.16752577319587633,0.015057708996420909,97,False
bm25,3,bertQPP,12,0.75,0.34056960841265577,0.0006416257109984071,0.21950171821305847,0.0014464512863097319,97,True
bm25,3,bertQPP(QV),12,0.75,0.28673393073473463,0.00440724095580481,0.15206185567010314,0.02734277211201925,97,False
bm25,3,bertQPP(QV),12,0.75,0.3368876362211745,0.0007404533406866785,0.21864261168384883,0.0015100189795415188,97,True
bm25,3,spatial,12,0.8,0.26222878914161285,0.009466016207353968,0.1469072164948454,0.033024149712135395,97,False
bm25,3,spatial,12,0.8,0.36631825361242354,0.00022409420973882983,0.29596219931271484,1.7489373396802984e-05,97,True
bm25,3,a_ratio,12,0.8,0.27415226449805846,0.006580606473857045,0.14991408934707906,0.029598455953974822,97,False
bm25,3,a_ratio,12,0.8,0.3416317499786474,0.0006154495729170005,0.24871134020618557,0.00030728207639036943,97,True
bm25,3,nqc,12,0.8,0.09257435956810478,0.36712553209386745,0.04510309278350516,0.5127917901399865,97,False
bm25,3,nqc,12,0.8,0.21489861855351208,0.03452963793443415,0.12972508591065296,0.0597739314027888,97,True
bm25,3,bertQPP,12,0.8,0.2786662440100629,0.005710809330815212,0.1550687285223368,0.024434836082135623,97,False
bm25,3,bertQPP,12,0.8,0.32427473888366937,0.0011937670104411708,0.21262886597938147,0.002032205430312129,97,True
bm25,3,bertQPP(QV),12,0.8,0.2732247450825998,0.006773202718802271,0.15249140893470792,0.026909885175764755,97,False
bm25,3,bertQPP(QV),12,0.8,0.3209667940313608,0.0013485914466088193,0.2100515463917526,0.0023030471051788694,97,True
bm25,3,spatial,12,0.85,0.2518749244845672,0.012818021542316628,0.14046391752577322,0.04152093691345949,97,False
bm25,3,spatial,12,0.85,0.36318851332810814,0.0002558814556289517,0.29037800687285226,2.5120678036492542e-05,97,True
bm25,3,a_ratio,12,0.85,0.26025521282778974,0.010038063150137373,0.1516323024054983,0.027781654237823455,97,False
bm25,3,a_ratio,12,0.85,0.32287795938189423,0.0012570554072234051,0.23539518900343648,0.0006358327263393619,97,True
bm25,3,nqc,12,0.85,0.11995528103649701,0.24186482279990668,0.053264604810996576,0.43956407502839534,97,False
bm25,3,nqc,12,0.85,0.2402773071173361,0.017758283685244482,0.14561855670103094,0.03459309466060896,97,True
bm25,3,bertQPP,12,0.85,0.26415596194458835,0.008935234251134929,0.147766323024055,0.03201236643126749,97,False
bm25,3,bertQPP,12,0.85,0.30834888535184607,0.002120925906007753,0.20661512027491413,0.0027156275780873427,97,True
bm25,3,bertQPP(QV),12,0.85,0.26000914214623716,0.010111469851832736,0.14475945017182132,0.035674068768179766,97,False
bm25,3,bertQPP(QV),12,0.85,0.30568390629137354,0.0023280117141325995,0.20360824742268044,0.003130893451622874,97,True
bm25,3,spatial,12,0.9,0.24206095798204982,0.01690542511375839,0.14003436426116841,0.04214791401843269,97,False
bm25,3,spatial,12,0.9,0.3536473390582716,0.00038025296013007856,0.27061855670103097,8.601885162206065e-05,97,True
bm25,3,a_ratio,12,0.9,0.24727090824929926,0.014613778348790194,0.14819587628865982,0.031516517606653575,97,False
bm25,3,a_ratio,12,0.9,0.30362657844624646,0.0025001547106217746,0.22207903780068733,0.0012702502748310276,97,True
bm25,3,nqc,12,0.9,0.16142215836818008,0.11420031925288754,0.07946735395189004,0.2488442983857856,97,False
bm25,3,nqc,12,0.9,0.27105489894829,0.007243358943035278,0.154639175257732,0.024833107958687445,97,True
bm25,3,bertQPP,12,0.9,0.2500904710993964,0.013489837159120877,0.14089347079037803,0.040901875311072,97,False
bm25,3,bertQPP,12,0.9,0.29303750461177386,0.003580864435365236,0.20403780068728525,0.00306822352558543,97,True
bm25,3,bertQPP(QV),12,0.9,0.24732424141010767,0.014591787138125487,0.14518900343642613,0.03513003275683934,97,False
bm25,3,bertQPP(QV),12,0.9,0.2911854815351671,0.0038079388593374513,0.19931271477663232,0.003824903963020039,97,True
bm25,3,spatial,12,0.95,0.23278317755354677,0.02175921214134646,0.13788659793814437,0.04540422310195199,97,False
bm25,3,spatial,12,0.95,0.3280546004385453,0.0010367554249543264,0.2624570446735396,0.00013978519828252247,97,True
bm25,3,a_ratio,12,0.95,0.23520454957660186,0.02038953194853791,0.14218213058419246,0.039091423487606906,97,False
bm25,3,a_ratio,12,0.95,0.2841723418464323,0.004789007054061593,0.20790378006872856,0.0025535840012904936,97,True
bm25,3,nqc,12,0.95,0.2122269767723463,0.03689420978384088,0.10352233676975947,0.1330387570764664,97,False
bm25,3,nqc,12,0.95,0.29248197628060624,0.0036476699625504405,0.19158075601374575,0.0054350017041903615,97,True
bm25,3,bertQPP,12,0.95,0.2366763907293278,0.019593670121582182,0.14132302405498284,0.040290653027956765,97,False
bm25,3,bertQPP,12,0.95,0.27848863729495377,0.005743001329229862,0.1971649484536083,0.004221925130091803,97,True
bm25,3,bertQPP(QV),12,0.95,0.23530823795514022,0.020332570365273594,0.13917525773195877,0.0434259212403691,97,False
bm25,3,bertQPP(QV),12,0.95,0.2775433954944319,0.005917054604763225,0.19544673539518906,0.0045660596694361046,97,True
bm25,3,spatial,12,1.0,0.22402795667166603,0.02738853784540597,0.13402061855670105,0.051800200122302374,97,False
bm25,3,spatial,12,1.0,0.26477796897517586,0.008769596980281331,0.1937285223367698,0.004935409194231109,97,True
bm25,3,a_ratio,12,1.0,0.22402795667166603,0.02738853784540597,0.13402061855670105,0.051800200122302374,97,False
bm25,3,a_ratio,12,1.0,0.26477796897517586,0.008769596980281331,0.1937285223367698,0.004935409194231109,97,True
bm25,3,nqc,12,1.0,0.22402795667166603,0.02738853784540597,0.13402061855670105,0.051800200122302374,97,False
bm25,3,nqc,12,1.0,0.26477796897517586,0.008769596980281331,0.1937285223367698,0.004935409194231109,97,True
bm25,3,bertQPP,12,1.0,0.22402795667166603,0.02738853784540597,0.13402061855670105,0.051800200122302374,97,False
bm25,3,bertQPP,12,1.0,0.26477796897517586,0.008769596980281331,0.1937285223367698,0.004935409194231109,97,True
bm25,3,bertQPP(QV),12,1.0,0.22402795667166603,0.02738853784540597,0.13402061855670105,0.051800200122302374,97,False
bm25,3,bertQPP(QV),12,1.0,0.26477796897517586,0.008769596980281331,0.1937285223367698,0.004935409194231109,97,True
bm25,3,spatial,13,0.0,0.3845251940076828,0.00010080028015697167,0.21993127147766325,0.0014156009702633058,97,False
bm25,3,spatial,13,0.0,0.3547549443101819,0.00036339273676425413,0.279639175257732,4.952017035250988e-05,97,True
bm25,3,a_ratio,13,0.0,0.31361970387000354,0.0017595769544369434,0.1207044673539519,0.07984982362376257,97,False
bm25,3,a_ratio,13,0.0,0.43816884295395087,7.1675504248435e-06,0.29252577319587636,2.187111894191921e-05,97,True
bm25,3,nqc,13,0.0,0.015030440035111404,0.8838251900266161,-0.02362542955326461,0.7317251099207628,97,False
bm25,3,nqc,13,0.0,0.12251005643370629,0.23191067066611573,0.04596219931271478,0.5047955105031363,97,True
bm25,3,bertQPP,13,0.0,0.25557308579511967,0.01151788193184543,0.1868556701030928,0.006698222213035896,97,False
bm25,3,bertQPP,13,0.0,0.3294099293087749,0.0009852047034422107,0.22465635738831619,0.0011140538745299275,97,True
bm25,3,bertQPP(QV),13,0.0,0.2474761609182837,0.014529302470978231,0.18556701030927839,0.00708575590459897,97,False
bm25,3,bertQPP(QV),13,0.0,0.3424837687388707,0.0005951626637122061,0.22079037800687287,0.0013557124652369783,97,True
bm25,3,spatial,13,0.05,0.3894307517599773,8.06196255627588e-05,0.21821305841924402,0.0015427588468996702,97,False
bm25,3,spatial,13,0.05,0.3552223880634823,0.0003564858337278404,0.2822164948453609,4.216585457755637e-05,97,True
bm25,3,a_ratio,13,0.05,0.33034583311763466,0.0009509821249003875,0.1365979381443299,0.04745794602168577,97,False
bm25,3,a_ratio,13,0.05,0.441621043624694,5.950840831774619e-06,0.2998281786941581,1.3561366429704062e-05,97,True
bm25,3,nqc,13,0.05,0.016056075246932526,0.8759588862705289,-0.023195876288659798,0.7364196981955502,97,False
bm25,3,nqc,13,0.05,0.1239249319600563,0.22652276119994388,0.04596219931271478,0.5047955105031363,97,True
bm25,3,bertQPP,13,0.05,0.26843448818403753,0.007849386479108803,0.19974226804123715,0.0037496927052216027,97,False
bm25,3,bertQPP,13,0.05,0.344900241071387,0.0005409112697895369,0.23969072164948454,0.0005048251929224872,97,True
bm25,3,bertQPP(QV),13,0.05,0.2617284791364603,0.009608257060369949,0.1902920962199313,0.005756239608165468,97,False
bm25,3,bertQPP(QV),13,0.05,0.3598548167826726,0.0002942783778447933,0.22250859106529214,0.001242886914966472,97,True
bm25,3,spatial,13,0.1,0.39178008724160157,7.234898523504025e-05,0.21950171821305847,0.0014464512863097319,97,False
bm25,3,spatial,13,0.1,0.35572687039356027,0.00034916734315015754,0.28178694158075607,4.331497350290762e-05,97,True
bm25,3,a_ratio,13,0.1,0.3464206550627834,0.0005091411619996989,0.13788659793814437,0.04540422310195199,97,False
bm25,3,a_ratio,13,0.1,0.4444967858868172,5.088625435300553e-06,0.302405498281787,1.142689097205994e-05,97,True
bm25,3,nqc,13,0.1,0.017196639724289395,0.8672252841150995,-0.022766323024054985,0.7411241465856763,97,False
bm25,3,nqc,13,0.1,0.12549286903290685,0.22065533773761298,0.046391752577319596,0.5008221569685896,97,True
bm25,3,bertQPP,13,0.1,0.2816674054476755,0.005190530396607961,0.20103092783505158,0.0035320539175627825,97,False
bm25,3,bertQPP,13,0.1,0.360284889346644,0.0002890427808619986,0.23969072164948454,0.0005048251929224872,97,True
bm25,3,bertQPP(QV),13,0.1,0.27633953279016643,0.0061454935084002535,0.18256013745704472,0.00806936233603351,97,False
bm25,3,bertQPP(QV),13,0.1,0.37677324241804777,0.00014245893552835813,0.22723367697594504,0.000975784420613921,97,True
bm25,3,spatial,13,0.15,0.3914234711046206,7.355138603489792e-05,0.2169243986254296,0.001644941169576058,97,False
bm25,3,spatial,13,0.15,0.3562724336785363,0.00034140870911724975,0.2826460481099657,4.1045698019656674e-05,97,True
bm25,3,a_ratio,13,0.15,0.3610077561225061,0.0002804358458083213,0.15034364261168387,0.02913493133073165,97,False
bm25,3,a_ratio,13,0.15,0.44663742894455666,4.524770475606842e-06,0.30713058419243994,8.318768128883354e-06,97,True
bm25,3,nqc,13,0.15,0.018472490542454267,0.8574746724995351,-0.02061855670103093,0.7647885664914993,97,False
bm25,3,nqc,13,0.15,0.12723990052168652,0.21424499095297173,0.04725085910652922,0.4929254477765376,97,True
bm25,3,bertQPP,13,0.15,0.29497363392849835,0.003356509321311346,0.20575601374570449,0.0028288190417010725,97,False
bm25,3,bertQPP,13,0.15,0.37505349182524594,0.00015364244486126076,0.24012027491408938,0.0004932117335580638,97,True
bm25,3,bertQPP(QV),13,0.15,0.29091969369180853,0.003841562129570896,0.18857388316151205,0.006211170636578692,97,False
bm25,3,bertQPP(QV),13,0.15,0.3925253809506285,6.989491774112884e-05,0.2328178694158076,0.0007289565212236814,97,True
bm25,3,spatial,13,0.2,0.38837550337166926,8.461365335775268e-05,0.21907216494845363,0.0014779202366871586,97,False
bm25,3,spatial,13,0.2,0.3568635497693348,0.00033318161227824275,0.2843642611683849,3.6841170569694906e-05,97,True
bm25,3,a_ratio,13,0.2,0.3731384458328147,0.00016704973941951981,0.1585051546391753,0.021443192891173694,97,False
bm25,3,a_ratio,13,0.2,0.44786515200667765,4.228518231112349e-06,0.30756013745704475,8.080314115500694e-06,97,True
bm25,3,nqc,13,0.2,0.01990906325502632,0.8465213854580496,-0.021907216494845363,0.7505619727933218,97,False
bm25,3,nqc,13,0.2,0.1291982530616554,0.20721765839082407,0.04896907216494846,0.4773342987798882,97,True
bm25,3,bertQPP,13,0.2,0.30792383793626216,0.0021527985525302113,0.20575601374570449,0.0028288190417010725,97,False
bm25,3,bertQPP,13,0.2,0.3885612379251476,8.389758198905008e-05,0.24742268041237117,0.00033019314561040996,97,True
bm25,3,bertQPP(QV),13,0.2,0.304921540741173,0.0023905144976399764,0.1868556701030928,0.006698222213035896,97,False
bm25,3,bertQPP(QV),13,0.2,0.4062623270862438,3.645203585406771e-05,0.23539518900343648,0.0006358327263393619,97,True
bm25,3,spatial,13,0.25,0.3828129305630855,0.00010888496191087046,0.21563573883161516,0.0017533187111864498,97,False
bm25,3,spatial,13,0.25,0.35750508658718394,0.0003244596014289824,0.28608247422680416,3.304769864022772e-05,97,True
bm25,3,a_ratio,13,0.25,0.3818408322418154,0.00011373869615679325,0.16365979381443302,0.01755425786967657,97,False
bm25,3,a_ratio,13,0.25,0.4479867718311013,4.200188323213751e-06,0.3084192439862543,7.622862048866513e-06,97,True
bm25,3,nqc,13,0.25,0.021538548905050234,0.8341325567654977,-0.021907216494845363,0.7505619727933218,97,False
bm25,3,nqc,13,0.25,0.1314082804814771,0.1994867122030413,0.04939862542955327,0.47347910625616985,97,True
bm25,3,bertQPP,13,0.25,0.3199484168399015,0.0013998000984597426,0.20403780068728525,0.00306822352558543,97,False
bm25,3,bertQPP,13,0.25,0.40006175514531755,4.9076565029958e-05,0.24871134020618557,0.00030728207639036943,97,True
bm25,3,bertQPP(QV),13,0.25,0.3176447638334144,0.001522207786842971,0.19759450171821308,0.0041396512632380965,97,False
bm25,3,bertQPP(QV),13,0.25,0.41708286165345093,2.1386601526253133e-05,0.24183848797250862,0.0004492042155364218,97,True
bm25,3,spatial,13,0.3,0.3750463671603993,0.0001536904225871569,0.20790378006872856,0.0025535840012904936,97,False
bm25,3,spatial,13,0.3,0.35820219346364296,0.00031522081740091953,0.2869415807560138,3.1293082627690314e-05,97,True
bm25,3,a_ratio,13,0.3,0.38632642237938125,9.289984126606626e-05,0.1679553264604811,0.014800614099959652,97,False
bm25,3,a_ratio,13,0.3,0.4468005138112987,4.4843206349606816e-06,0.30970790378006874,6.982825365107268e-06,97,True
bm25,3,nqc,13,0.3,0.023402276515331177,0.8200124950136263,-0.021048109965635744,0.7600372759154744,97,False
bm25,3,nqc,13,0.3,0.13392115697905985,0.19095085960327263,0.054123711340206195,0.432221333716273,97,True
bm25,3,bertQPP,13,0.3,0.33035664901817907,0.0009505930401531775,0.2053264604810997,0.002887015591872923,97,False
bm25,3,bertQPP,13,0.3,0.40878105829082295,3.224969652602605e-05,0.2525773195876289,0.00024716269151633816,97,True
bm25,3,bertQPP(QV),13,0.3,0.32828522009703615,0.0010278138313828261,0.19201030927835053,0.00533157487845821,97,False
bm25,3,bertQPP(QV),13,0.3,0.42416756692599733,1.493300479747176e-05,0.2405498281786942,0.0004818477915141724,97,True
bm25,3,spatial,13,0.35,0.36547440147434335,0.00023228490386225422,0.20060137457044677,0.0036032888355043277,97,False
bm25,3,spatial,13,0.35,0.3589600308917795,0.0003054525154822952,0.28737113402061865,3.0449327798130317e-05,97,True
bm25,3,a_ratio,13,0.35,0.38617851473787806,9.352622791169737e-05,0.17439862542955328,0.011382836808156348,97,False
bm25,3,a_ratio,13,0.35,0.44410615089439104,5.198412767694718e-06,0.30627147766323026,8.816007367360753e-06,97,True
bm25,3,nqc,13,0.35,0.0255541695140844,0.8037806325632049,-0.017611683848797254,0.7982864258103413,97,False
bm25,3,nqc,13,0.35,0.13680269451494334,0.18149204019242623,0.0584192439862543,0.3965888091618368,97,True
bm25,3,bertQPP,13,0.35,0.3383985663915311,0.0006983271077059082,0.19888316151202753,0.0039014834427261624,97,False
bm25,3,bertQPP,13,0.35,0.4140300683415429,2.490496853079682e-05,0.25343642611683853,0.00023539388087640415,97,True
bm25,3,bertQPP(QV),13,0.35,0.3360394197070505,0.000765108003826266,0.1911512027491409,0.005540236417616152,97,False
bm25,3,bertQPP(QV),13,0.35,0.42693709151136805,1.2948145476836297e-05,0.2379725085910653,0.0005538759115824682,97,True
bm25,3,spatial,13,0.4,0.35453242586355077,0.00036672371639192235,0.1902920962199313,0.005756239608165468,97,False
bm25,3,spatial,13,0.4,0.3597832045792946,0.0002951586088582149,0.2890893470790379,2.728561756069487e-05,97,True
bm25,3,a_ratio,13,0.4,0.381462895353846,0.00011567938381998437,0.18470790378006877,0.007355176256510775,97,False
bm25,3,a_ratio,13,0.4,0.4397184694390558,6.594982378355208e-06,0.30670103092783507,8.563939402340346e-06,97,True
bm25,3,nqc,13,0.4,0.02806587906003656,0.7849399000526236,-0.016752577319587632,0.8079288528511878,97,False
bm25,3,nqc,13,0.4,0.1401388566455651,0.17097376778984497,0.06400343642611686,0.3530123788503621,97,True
bm25,3,bertQPP,13,0.4,0.34337350218147256,0.0005746330715510472,0.19458762886597944,0.004747484369155047,97,False
bm25,3,bertQPP,13,0.4,0.41533299088742454,2.3341796499284373e-05,0.2439862542955327,0.0003993454119661632,97,True
bm25,3,bertQPP(QV),13,0.4,0.3402528737923656,0.0006496264922316924,0.1911512027491409,0.005540236417616152,97,False
bm25,3,bertQPP(QV),13,0.4,0.42518255309076947,1.4174586307827619e-05,0.23711340206185572,0.000580033168540485,97,True
bm25,3,spatial,13,0.45,0.34264736108334565,0.0005913382725845543,0.17998281786941583,0.009007907605249525,97,False
bm25,3,spatial,13,0.45,0.3606746346329224,0.00028437242291820406,0.2908075601374571,2.4436082793239188e-05,97,True
bm25,3,a_ratio,13,0.45,0.3727066569159084,0.0001702186594769519,0.18513745704467358,0.007219338175415614,97,False
bm25,3,a_ratio,13,0.45,0.4334833144732555,9.196563727150184e-06,0.3019759450171822,1.1758839163448277e-05,97,True
bm25,3,nqc,13,0.45,0.031034610969371258,0.762830636921243,-0.014175257731958766,0.8370260449777805,97,False
bm25,3,nqc,13,0.45,0.1440438851842121,0.15924090882333397,0.06829896907216496,0.32163912125241456,97,True
bm25,3,bertQPP,13,0.45,0.34476680948959054,0.0005437844112561374,0.1911512027491409,0.005540236417616152,97,False
bm25,3,bertQPP,13,0.45,0.41253111829207423,2.6824359950609892e-05,0.23883161512027495,0.0005288208236189078,97,True
bm25,3,bertQPP(QV),13,0.45,0.3405693053029191,0.0006416333243084552,0.17912371134020622,0.009341755733078497,97,False
bm25,3,bertQPP(QV),13,0.45,0.4191146229810453,1.9309160292356266e-05,0.23754295532646055,0.0005668140402706258,97,True
bm25,3,spatial,13,0.5,0.33020496167096836,0.0009560630247531531,0.17310996563573885,0.01200419316896961,97,False
bm25,3,spatial,13,0.5,0.36163332977100365,0.00027317875397658717,0.29209621993127155,2.2487199782247227e-05,97,True
bm25,3,a_ratio,13,0.5,0.36075657937281375,0.0002833993653938587,0.17955326460481102,0.009173476196585428,97,False
bm25,3,a_ratio,13,0.5,0.42529460061380076,1.4093114445788135e-05,0.2976804123711341,1.56256421584244e-05,97,True
bm25,3,nqc,13,0.5,0.03459541818529294,0.7365624359702727,-0.011597938144329899,0.8663479218117721,97,False
bm25,3,nqc,13,0.5,0.14867253469962674,0.14612300416762672,0.0738831615120275,0.2836625052763587,97,True
bm25,3,bertQPP,13,0.5,0.34237144961532073,0.0005978015137695093,0.18771477663230243,0.006450561996249079,97,False
bm25,3,bertQPP,13,0.5,0.4058214932332773,3.72381846299709e-05,0.24269759450171827,0.0004286013573495472,97,True
bm25,3,bertQPP(QV),13,0.5,0.3370202879315154,0.000736663957019057,0.17611683848797252,0.010598840128977079,97,False
bm25,3,bertQPP(QV),13,0.5,0.40930949386745047,3.142756442730236e-05,0.23711340206185572,0.000580033168540485,97,True
bm25,3,spatial,13,0.55,0.317531348008101,0.0015284775969035159,0.16194158075601378,0.018775672464210122,97,False
bm25,3,spatial,13,0.55,0.3626499901572688,0.0002617533042452317,0.2933848797250859,2.0686822197476286e-05,97,True
bm25,3,a_ratio,13,0.55,0.34658497975870983,0.000505812012625952,0.17310996563573885,0.01200419316896961,97,False
bm25,3,a_ratio,13,0.55,0.4151098712383965,2.3602793442490182e-05,0.2942439862542956,1.9563741907068626e-05,97,True
bm25,3,nqc,13,0.55,0.03894116093727207,0.704912320801421,-0.0047250859106529215,0.9453348196600103,97,False
bm25,3,nqc,13,0.55,0.15423888848051892,0.1314455086843598,0.07903780068728523,0.25141149497554627,97,True
bm25,3,bertQPP,13,0.55,0.33634397597793686,0.0007561706122805943,0.18084192439862545,0.008684754281086702,97,False
bm25,3,bertQPP,13,0.55,0.39571360492379637,6.024616953337083e-05,0.23840206185567014,0.0005412133012575864,97,True
bm25,3,bertQPP(QV),13,0.55,0.3300133865878646,0.0009630123888809656,0.1709621993127148,0.013106785247853048,97,False
bm25,3,bertQPP(QV),13,0.55,0.39657655237748807,5.785668631659067e-05,0.23324742268041243,0.0007126038672884247,97,True
bm25,3,spatial,13,0.6,0.30488679110737443,0.002393399145855922,0.15420962199312716,0.025236989773183314,97,False
bm25,3,spatial,13,0.6,0.36369817161464646,0.00025043651660517144,0.2916666666666667,2.31197748307288e-05,97,True
bm25,3,a_ratio,13,0.6,0.33111862863376895,0.0009235444473093881,0.1670962199312715,0.015318729327102553,97,False
bm25,3,a_ratio,13,0.6,0.40296156678624834,4.273576669546008e-05,0.2835051546391753,3.888953702314073e-05,97,True
bm25,3,nqc,13,0.6,0.04435615122728729,0.6661727568354483,-0.0012886597938144332,0.9850805012640036,97,False
bm25,3,nqc,13,0.6,0.16104585779994543,0.11505787083759784,0.0850515463917526,0.21713063766326968,97,True
bm25,3,bertQPP,13,0.6,0.3271682837396991,0.0010717828459915393,0.17310996563573885,0.01200419316896961,97,False
bm25,3,bertQPP,13,0.6,0.3829221676670273,0.00010835172329791477,0.23539518900343648,0.0006358327263393619,97,True
bm25,3,bertQPP(QV),13,0.6,0.32022534218327126,0.0013857031826169396,0.16022336769759454,0.02007078628569656,97,False
bm25,3,bertQPP(QV),13,0.6,0.3818018948754304,0.00011393723237336006,0.23410652920962205,0.0006809162092632265,97,True
bm25,3,spatial,13,0.65,0.292468150793429,0.0036493466878097496,0.15206185567010314,0.02734277211201925,97,False
bm25,3,spatial,13,0.65,0.3647160257845325,0.00023988090050133717,0.29510309278350516,1.849887929183802e-05,97,True
bm25,3,a_ratio,13,0.65,0.3151327468161654,0.0016666787413148413,0.16323024054982818,0.017852894393926448,97,False
bm25,3,a_ratio,13,0.65,0.388961422727148,8.237383891524588e-05,0.2830756013745705,3.995381628708257e-05,97,True
bm25,3,nqc,13,0.65,0.05127524561522865,0.6179313979373834,0.0030068728522336776,0.9651968510542414,97,False
bm25,3,nqc,13,0.65,0.16953196437757034,0.0968961581917027,0.08977663230240551,0.19265661141875967,97,True
bm25,3,bertQPP,13,0.65,0.3155434123511758,0.001642242692257982,0.16408934707903783,0.01726000960595295,97,False
bm25,3,bertQPP,13,0.65,0.36823723362581623,0.0002064512182489654,0.22766323024054988,0.0009543472910132449,97,True
bm25,3,bertQPP(QV),13,0.65,0.30845011370218656,0.002113398247667859,0.15378006872852237,0.025646544632394585,97,False
bm25,3,bertQPP(QV),13,0.65,0.3658180232414805,0.00022891679856745705,0.22250859106529214,0.001242886914966472,97,True
bm25,3,spatial,13,0.7,0.2804163078810501,0.005402065165212609,0.14647766323024058,0.03354022455213661,97,False
bm25,3,spatial,13,0.7,0.3655670954976526,0.00023137185860210206,0.29553264604811,1.7987380341900968e-05,97,True
bm25,3,a_ratio,13,0.7,0.29921215153462555,0.0029087536784142476,0.1512027491408935,0.028226597294347726,97,False
bm25,3,a_ratio,13,0.7,0.3732964684491542,0.00016590371839370099,0.27534364261168387,6.454501938742568e-05,97,True
bm25,3,nqc,13,0.7,0.06039220037706048,0.5567872268701337,0.009020618556701032,0.8958549214709819,97,False
bm25,3,nqc,13,0.7,0.18034467177802319,0.07711315093343954,0.0970790378006873,0.15891607395046403,97,True
bm25,3,bertQPP,13,0.7,0.30224319699812674,0.0026222634662481656,0.15678694158075604,0.022896601370035064,97,False
bm25,3,bertQPP,13,0.7,0.3524120325291581,0.00039990383507172993,0.2173539518900344,0.0016102081655090619,97,True
bm25,3,bertQPP(QV),13,0.7,0.2954600025059767,0.003302167374532526,0.154639175257732,0.024833107958687445,97,False
bm25,3,bertQPP(QV),13,0.7,0.34932451620751387,0.00045317167834560667,0.21091065292096223,0.002209296231634933,97,True
bm25,3,spatial,13,0.75,0.26882569218394864,0.007756164896844862,0.14046391752577322,0.04152093691345949,97,False
bm25,3,spatial,13,0.75,0.3659520112463342,0.0002276157436437553,0.2989690721649485,1.4353762581703726e-05,97,True
bm25,3,a_ratio,13,0.75,0.2837592479052411,0.004853255983646403,0.14218213058419246,0.039091423487606906,97,False
bm25,3,a_ratio,13,0.75,0.35621673513533936,0.00034219347904012167,0.26374570446735396,0.00012958397281742168,97,True
bm25,3,nqc,13,0.75,0.07286600249766156,0.47814624858822735,0.0193298969072165,0.77909497852838,97,False
bm25,3,nqc,13,0.75,0.194445706976338,0.05632657773258301,0.11254295532646051,0.10244263799035044,97,True
bm25,3,bertQPP,13,0.75,0.2879962077096577,0.004229296221040649,0.15206185567010314,0.02734277211201925,97,False
bm25,3,bertQPP,13,0.75,0.33609066525614806,0.0007635974504768419,0.21262886597938147,0.002032205430312129,97,True
bm25,3,bertQPP(QV),13,0.75,0.2819148841047613,0.005149570338302977,0.1396048109965636,0.042782883164389815,97,False
bm25,3,bertQPP(QV),13,0.75,0.3328586400405975,0.0008643892155664731,0.21048109965635742,0.002255725464528707,97,True
bm25,3,spatial,13,0.8,0.25775398262272603,0.010806426768984058,0.14261168384879727,0.03850326567762371,97,False
bm25,3,spatial,13,0.8,0.36519805953436196,0.00023502668126780998,0.29553264604811,1.7987380341900968e-05,97,True
bm25,3,a_ratio,13,0.8,0.26902524029463853,0.00770899082760961,0.14218213058419246,0.039091423487606906,97,False
bm25,3,a_ratio,13,0.8,0.3380165120410777,0.0007087669277036903,0.2439862542955327,0.0003993454119661632,97,True
bm25,3,nqc,13,0.8,0.0907160950915319,0.3768627916220615,0.043384879725085916,0.5289801545988201,97,False
bm25,3,nqc,13,0.8,0.21320407497384095,0.03601414055407474,0.12500000000000003,0.06969448971824621,97,True
bm25,3,bertQPP,13,0.8,0.2734117400323457,0.006733977446254132,0.14046391752577322,0.04152093691345949,97,False
bm25,3,bertQPP,13,0.8,0.3197774198148796,0.001408569574472495,0.20360824742268044,0.003130893451622874,97,True
bm25,3,bertQPP(QV),13,0.8,0.26832430456041795,0.007875820219732654,0.14089347079037803,0.040901875311072,97,False
bm25,3,bertQPP(QV),13,0.8,0.3168010547600463,0.0015694131134056661,0.2014604810996564,0.0034621026042757834,97,True
bm25,3,spatial,13,0.85,0.24723090568026898,0.0146302917345573,0.13530927835051548,0.04958921997609662,97,False
bm25,3,spatial,13,0.85,0.36172665392995706,0.00027211109712461744,0.29209621993127155,2.2487199782247227e-05,97,True
bm25,3,a_ratio,13,0.85,0.2551473498204406,0.011661440735714254,0.14003436426116841,0.04214791401843269,97,False
bm25,3,a_ratio,13,0.85,0.31901224217684776,0.00144842500608523,0.22895189003436428,0.0008926252002239728,97,True
bm25,3,nqc,13,0.85,0.11747182163755263,0.25182100456426915,0.05541237113402062,0.42134149715143543,97,False
bm25,3,nqc,13,0.85,0.23812439046445216,0.01883690424911903,0.14475945017182132,0.035674068768179766,97,True
bm25,3,bertQPP,13,0.85,0.25895242936414553,0.010432077233197392,0.13616838487972513,0.04815964796946807,97,False
bm25,3,bertQPP,13,0.85,0.3038372196843196,0.002482017694491649,0.19802405498281792,0.004058834798972484,97,True
bm25,3,bertQPP(QV),13,0.85,0.25504858126927754,0.011694968016491454,0.13530927835051548,0.04958921997609662,97,False
bm25,3,bertQPP(QV),13,0.85,0.301399808089337,0.0026993148415513884,0.19673539518900346,0.004305679427335466,97,True
bm25,3,spatial,13,0.9,0.23726566776919483,0.01928260085493376,0.13316151202749144,0.05331954320676675,97,False
bm25,3,spatial,13,0.9,0.35164182125008,0.00041262419372273994,0.2710481099656358,8.381752378824866e-05,97,True
bm25,3,a_ratio,13,0.9,0.242182742740956,0.0168485058992838,0.1365979381443299,0.04745794602168577,97,False
bm25,3,a_ratio,13,0.9,0.2995205350500207,0.002878372620843252,0.21434707903780073,0.0018682268943729797,97,True
bm25,3,nqc,13,0.9,0.1580274350147221,0.12211799518579494,0.07603092783505157,0.269899250718855,97,False
bm25,3,nqc,13,0.9,0.2682858202579045,0.007885071316732162,0.15678694158075604,0.022896601370035064,97,True
bm25,3,bertQPP,13,0.9,0.24493988620074889,0.01560345740737895,0.13445017182130586,0.05105421646643944,97,False
bm25,3,bertQPP,13,0.9,0.2885137194266699,0.004158215081233497,0.19501718213058422,0.004655971971265852,97,True
bm25,3,bertQPP(QV),13,0.9,0.24232082568057367,0.016784169635127726,0.13616838487972513,0.04815964796946807,97,False
bm25,3,bertQPP(QV),13,0.9,0.28679998963953457,0.004397765537081588,0.19243986254295536,0.005229928831102741,97,True
bm25,3,spatial,13,0.95,0.22785293414395602,0.024793024484769048,0.1284364261168385,0.06235576017343852,97,False
bm25,3,spatial,13,0.95,0.3251074310893652,0.0011574298336893963,0.25816151202749144,0.00017952274646223222,97,True
bm25,3,a_ratio,13,0.95,0.2301356627949252,0.023346261362936663,0.13530927835051548,0.04958921997609662,97,False
bm25,3,a_ratio,13,0.95,0.27983926858366087,0.005502186044136079,0.20274914089347082,0.003259747042536618,97,True
bm25,3,nqc,13,0.95,0.20772620632051894,0.04118410840374994,0.09536082474226806,0.16642177733641728,97,False
bm25,3,nqc,13,0.95,0.28887686571536353,0.004108975098977938,0.19329896907216498,0.0050318722795436996,97,True
bm25,3,bertQPP,13,0.95,0.23157737114694782,0.022470189816152873,0.13402061855670105,0.051800200122302374,97,False
bm25,3,bertQPP,13,0.95,0.2739540892699561,0.0066213448544366294,0.186426116838488,0.006825229731210832,97,True
bm25,3,bertQPP(QV),13,0.95,0.23027580312885837,0.023259842255068164,0.1327319587628866,0.054093065441640706,97,False
bm25,3,bertQPP(QV),13,0.95,0.27307176524723387,0.0068054428968234845,0.1890034364261169,0.006094500520977148,97,True
bm25,3,spatial,13,1.0,0.21897746785135433,0.03116604911827094,0.1245704467353952,0.07065977324075139,97,False
bm25,3,spatial,13,1.0,0.26023365326523606,0.010044475981778975,0.18513745704467358,0.007219338175415614,97,True
bm25,3,a_ratio,13,1.0,0.21897746785135433,0.03116604911827094,0.1245704467353952,0.07065977324075139,97,False
bm25,3,a_ratio,13,1.0,0.26023365326523606,0.010044475981778975,0.18513745704467358,0.007219338175415614,97,True
bm25,3,nqc,13,1.0,0.21897746785135433,0.03116604911827094,0.1245704467353952,0.07065977324075139,97,False
bm25,3,nqc,13,1.0,0.26023365326523606,0.010044475981778975,0.18513745704467358,0.007219338175415614,97,True
bm25,3,bertQPP,13,1.0,0.21897746785135433,0.03116604911827094,0.1245704467353952,0.07065977324075139,97,False
bm25,3,bertQPP,13,1.0,0.26023365326523606,0.010044475981778975,0.18513745704467358,0.007219338175415614,97,True
bm25,3,bertQPP(QV),13,1.0,0.21897746785135433,0.03116604911827094,0.1245704467353952,0.07065977324075139,97,False
bm25,3,bertQPP(QV),13,1.0,0.26023365326523606,0.010044475981778975,0.18513745704467358,0.007219338175415614,97,True
bm25,3,spatial,14,0.0,0.3845251940076828,0.00010080028015697167,0.21993127147766325,0.0014156009702633058,97,False
bm25,3,spatial,14,0.0,0.3547549443101819,0.00036339273676425413,0.279639175257732,4.952017035250988e-05,97,True
bm25,3,a_ratio,14,0.0,0.31361970387000354,0.0017595769544369434,0.1207044673539519,0.07984982362376257,97,False
bm25,3,a_ratio,14,0.0,0.43816884295395087,7.1675504248435e-06,0.29252577319587636,2.187111894191921e-05,97,True
bm25,3,nqc,14,0.0,0.015030440035111404,0.8838251900266161,-0.02362542955326461,0.7317251099207628,97,False
bm25,3,nqc,14,0.0,0.12251005643370629,0.23191067066611573,0.04596219931271478,0.5047955105031363,97,True
bm25,3,bertQPP,14,0.0,0.25557308579511967,0.01151788193184543,0.1868556701030928,0.006698222213035896,97,False
bm25,3,bertQPP,14,0.0,0.3294099293087749,0.0009852047034422107,0.22465635738831619,0.0011140538745299275,97,True
bm25,3,bertQPP(QV),14,0.0,0.2474761609182837,0.014529302470978231,0.18556701030927839,0.00708575590459897,97,False
bm25,3,bertQPP(QV),14,0.0,0.3424837687388707,0.0005951626637122061,0.22079037800687287,0.0013557124652369783,97,True
bm25,3,spatial,14,0.05,0.3893547693961499,8.090124756526805e-05,0.21821305841924402,0.0015427588468996702,97,False
bm25,3,spatial,14,0.05,0.3552209453247453,0.0003565069643643703,0.2822164948453609,4.216585457755637e-05,97,True
bm25,3,a_ratio,14,0.05,0.3303009352607791,0.000952598806009587,0.1357388316151203,0.04887004601219989,97,False
bm25,3,a_ratio,14,0.05,0.44160612002178334,5.955654490366051e-06,0.30025773195876293,1.3180989774176607e-05,97,True
bm25,3,nqc,14,0.05,0.0160548566892691,0.8759682252338934,-0.023195876288659798,0.7364196981955502,97,False
bm25,3,nqc,14,0.05,0.12392221933189601,0.2265330062076312,0.04596219931271478,0.5047955105031363,97,True
bm25,3,bertQPP,14,0.05,0.2683913265444163,0.007859731894262494,0.19888316151202753,0.0039014834427261624,97,False
bm25,3,bertQPP,14,0.05,0.34484826604093216,0.0005420287734440553,0.24012027491408938,0.0004932117335580638,97,True
bm25,3,bertQPP(QV),14,0.05,0.26166819167596284,0.009625523074610726,0.18943298969072167,0.005979808014005902,97,False
bm25,3,bertQPP(QV),14,0.05,0.35977396786266286,0.00029527231971598314,0.22293814432989695,0.0012160687743494618,97,True
bm25,3,spatial,14,0.1,0.39165080619853676,7.27827515539583e-05,0.21821305841924402,0.0015427588468996702,97,False
bm25,3,spatial,14,0.1,0.35572391539873005,0.0003492098054376303,0.28178694158075607,4.331497350290762e-05,97,True
bm25,3,a_ratio,14,0.1,0.3463388105624972,0.0005108067848584747,0.138745704467354,0.04407710548149226,97,False
bm25,3,a_ratio,14,0.1,0.44447116844653933,5.0957577104116755e-06,0.3019759450171822,1.1758839163448277e-05,97,True
bm25,3,nqc,14,0.1,0.017194048581622764,0.8672451075214547,-0.022766323024054985,0.7411241465856763,97,False
bm25,3,nqc,14,0.1,0.12548714161474847,0.22067657343015895,0.046391752577319596,0.5008221569685896,97,True
bm25,3,bertQPP,14,0.1,0.2815800210264869,0.005205062397172647,0.2014604810996564,0.0034621026042757834,97,False
bm25,3,bertQPP,14,0.1,0.36018281868025726,0.0002902775336630438,0.2405498281786942,0.0004818477915141724,97,True
bm25,3,bertQPP(QV),14,0.1,0.2762150614000206,0.006169552665485404,0.1829896907216495,0.007921746820669876,97,False
bm25,3,bertQPP(QV),14,0.1,0.37661171652230446,0.00014347630722727673,0.22766323024054988,0.0009543472910132449,97,True
bm25,3,spatial,14,0.15,0.39126733021915355,7.408367701612853e-05,0.2169243986254296,0.001644941169576058,97,False
bm25,3,spatial,14,0.15,0.35626789973438244,0.0003414725285577131,0.2835051546391753,3.888953702314073e-05,97,True
bm25,3,a_ratio,14,0.15,0.36090407808795955,0.0002816556152838222,0.1516323024054983,0.027781654237823455,97,False
bm25,3,a_ratio,14,0.15,0.44660642207126494,4.5324998991392e-06,0.3088487972508592,7.4035267389540595e-06,97,True
bm25,3,nqc,14,0.15,0.018468342797200683,0.8575063375626362,-0.02061855670103093,0.7647885664914993,97,False
bm25,3,nqc,14,0.15,0.12723080439887643,0.21427802117969605,0.04725085910652922,0.4929254477765376,97,True
bm25,3,bertQPP,14,0.15,0.29484397152938185,0.0033711311410995963,0.20747422680412375,0.0026065887949513057,97,False
bm25,3,bertQPP,14,0.15,0.3749076613451454,0.0001546272413141613,0.23969072164948454,0.0005048251929224872,97,True
bm25,3,bertQPP(QV),14,0.15,0.29073113005191575,0.0038655769130687685,0.18771477663230243,0.006450561996249079,97,False
bm25,3,bertQPP(QV),14,0.15,0.392290432897888,7.066005121046275e-05,0.23152920962199317,0.0007801296905645403,97,True
bm25,3,spatial,14,0.2,0.3882196004135024,8.521909626364344e-05,0.2203608247422681,0.0013853583021557498,97,False
bm25,3,spatial,14,0.2,0.3568573771511209,0.0003332665707819697,0.2843642611683849,3.6841170569694906e-05,97,True
bm25,3,a_ratio,14,0.2,0.37303541388097156,0.00016780089576445075,0.16151202749140894,0.01909240321886764,97,False
bm25,3,a_ratio,14,0.2,0.4478351393752183,4.235536983301795e-06,0.30756013745704475,8.080314115500694e-06,97,True
bm25,3,nqc,14,0.2,0.019903136868004608,0.8465665133684538,-0.021907216494845363,0.7505619727933218,97,False
bm25,3,nqc,14,0.2,0.12918537052770496,0.20726334150809242,0.04896907216494846,0.4773342987798882,97,True
bm25,3,bertQPP,14,0.2,0.30775823580293726,0.002165332934254157,0.20704467353951894,0.0026605976928076114,97,False
bm25,3,bertQPP,14,0.2,0.38838353119203217,8.458258617723747e-05,0.24871134020618557,0.00030728207639036943,97,True
bm25,3,bertQPP(QV),14,0.2,0.3046751261875875,0.0024110377647435896,0.1868556701030928,0.006698222213035896,97,False
bm25,3,bertQPP(QV),14,0.2,0.4059700661489885,3.6971478827741884e-05,0.23539518900343648,0.0006358327263393619,97,True
bm25,3,spatial,14,0.25,0.38268186289820966,0.00010952798093324377,0.21477663230240554,0.0018291772025326055,97,False
bm25,3,spatial,14,0.25,0.35749722906291037,0.00032456514424734895,0.28608247422680416,3.304769864022772e-05,97,True
bm25,3,a_ratio,14,0.25,0.3817662631924436,0.00011411919515568101,0.1666666666666667,0.01558372473088864,97,False
bm25,3,a_ratio,14,0.25,0.44796511785642923,4.205219231846898e-06,0.3079896907216495,7.848402331985934e-06,97,True
bm25,3,nqc,14,0.25,0.02153057300573271,0.83419310081465,-0.021907216494845363,0.7505619727933218,97,False
bm25,3,nqc,14,0.25,0.1313911144837027,0.1995459506500333,0.04982817869415808,0.4696411010880063,97,True
bm25,3,bertQPP,14,0.25,0.3197588818079648,0.001409523273236971,0.20403780068728525,0.00306822352558543,97,False
bm25,3,bertQPP,14,0.25,0.39986996907918243,4.9525435048059356e-05,0.24699312714776633,0.0003381788389163567,97,True
bm25,3,bertQPP(QV),14,0.25,0.31735484316710844,0.0015382816375488144,0.19759450171821308,0.0041396512632380965,97,False
bm25,3,bertQPP(QV),14,0.25,0.41675854530597745,2.1736977250671502e-05,0.23969072164948454,0.0005048251929224872,97,True
bm25,3,spatial,14,0.3,0.37495975426867956,0.00015427478742396634,0.20618556701030932,0.0027716955730928564,97,False
bm25,3,spatial,14,0.3,0.3581926285667459,0.00031534592456446126,0.28608247422680416,3.304769864022772e-05,97,True
bm25,3,a_ratio,14,0.3,0.3863089282974218,9.297372462373293e-05,0.1658075601374571,0.016125841537736958,97,False
bm25,3,a_ratio,14,0.3,0.44679532731685717,4.485601773317495e-06,0.3105670103092784,6.585046426110277e-06,97,True
bm25,3,nqc,14,0.3,0.023391916623455952,0.8200908300660062,-0.02061855670103093,0.7647885664914993,97,False
bm25,3,nqc,14,0.3,0.13389911085323628,0.19102457791745334,0.054123711340206195,0.432221333716273,97,True
bm25,3,bertQPP,14,0.3,0.3301614499343245,0.0009576373841056068,0.20704467353951894,0.0026605976928076114,97,False
bm25,3,bertQPP,14,0.3,0.40859795553248185,3.253922434840366e-05,0.25042955326460486,0.0002790440350017295,97,True
bm25,3,bertQPP(QV),14,0.3,0.32797503202298833,0.0010398568520034509,0.19243986254295536,0.005229928831102741,97,False
bm25,3,bertQPP(QV),14,0.3,0.42384350379202596,1.5183060708486154e-05,0.23840206185567014,0.0005412133012575864,97,True
bm25,3,spatial,14,0.35,0.3654455539043414,0.00023256973339691098,0.20274914089347082,0.003259747042536618,97,False
bm25,3,spatial,14,0.35,0.3589487761843587,0.00030559552179854017,0.2882302405498282,2.882624188772262e-05,97,True
bm25,3,a_ratio,14,0.35,0.38624155136371296,9.32587903832131e-05,0.17654639175257736,0.010410504577977625,97,False
bm25,3,a_ratio,14,0.35,0.4441258853706722,5.192813322233309e-06,0.30756013745704475,8.080314115500694e-06,97,True
bm25,3,nqc,14,0.35,0.025541006992824196,0.8038796731328327,-0.018041237113402064,0.7934766269227447,97,False
bm25,3,nqc,14,0.35,0.13677504539605922,0.18158114344552417,0.05884879725085912,0.3931257746774063,97,True
bm25,3,bertQPP,14,0.35,0.3382214178285396,0.0007031501668715087,0.19802405498281792,0.004058834798972484,97,False
bm25,3,bertQPP,14,0.35,0.4138807834622816,2.5090198712651807e-05,0.2521477663230241,0.0002532519652694692,97,True
bm25,3,bertQPP(QV),14,0.35,0.33573963123344547,0.0007739996344491375,0.19201030927835053,0.00533157487845821,97,False
bm25,3,bertQPP(QV),14,0.35,0.42664800879809694,1.3143113368369447e-05,0.23711340206185572,0.000580033168540485,97,True
bm25,3,spatial,14,0.4,0.3545682177394999,0.0003661860427421981,0.1902920962199313,0.005756239608165468,97,False
bm25,3,spatial,14,0.4,0.35977034365545174,0.00029531694743280273,0.28951890034364264,2.6544983244565518e-05,97,True
bm25,3,a_ratio,14,0.4,0.3816196956341239,0.00011487052190840785,0.18814432989690724,0.00632984784895861,97,False
bm25,3,a_ratio,14,0.4,0.4397713557289161,6.5762229096225165e-06,0.30756013745704475,8.080314115500694e-06,97,True
bm25,3,nqc,14,0.4,0.02804938203270774,0.7850632561315736,-0.016323024054982822,0.8127611296549226,97,False
bm25,3,nqc,14,0.4,0.1401047204401949,0.17107906699162295,0.06357388316151204,0.356252805453549,97,True
bm25,3,bertQPP,14,0.4,0.3432408172005968,0.0005776528845533676,0.19501718213058422,0.004655971971265852,97,False
bm25,3,bertQPP,14,0.4,0.41524110246515905,2.3448955112875494e-05,0.24484536082474234,0.00038088964117221485,97,True
bm25,3,bertQPP(QV),14,0.4,0.33999733561086876,0.0006561478689824063,0.1902920962199313,0.005756239608165468,97,False
bm25,3,bertQPP(QV),14,0.4,0.4249595546599944,1.4338049512116179e-05,0.23754295532646055,0.0005668140402706258,97,True
bm25,3,spatial,14,0.45,0.34274903142483254,0.0005889728230852805,0.18127147766323026,0.008527096049992753,97,False
bm25,3,spatial,14,0.45,0.36066035927869267,0.000284542251139373,0.2912371134020619,2.3769260447909586e-05,97,True
bm25,3,a_ratio,14,0.45,0.37295818532457814,0.00016836598068527332,0.18857388316151205,0.006211170636578692,97,False
bm25,3,a_ratio,14,0.45,0.43357665615007196,9.151338852825974e-06,0.302405498281787,1.142689097205994e-05,97,True
bm25,3,nqc,14,0.45,0.031014092378419997,0.7629828176204688,-0.015034364261168387,0.8273000875464372,97,False
bm25,3,nqc,14,0.45,0.14400217052992692,0.15936299066497409,0.06829896907216496,0.32163912125241456,97,True
bm25,3,bertQPP,14,0.45,0.344703248771848,0.0005451579583153981,0.1902920962199313,0.005756239608165468,97,False
bm25,3,bertQPP,14,0.45,0.4125144719234262,2.6846432377035387e-05,0.23969072164948454,0.0005048251929224872,97,True
bm25,3,bertQPP(QV),14,0.45,0.3403888444522294,0.00064618072717894,0.1786941580756014,0.00951278395726825,97,False
bm25,3,bertQPP(QV),14,0.45,0.41897982101872533,1.944091254470796e-05,0.23969072164948454,0.0005048251929224872,97,True
bm25,3,spatial,14,0.5,0.3303694248539812,0.0009501336367895736,0.17353951890034366,0.011793812186781842,97,False
bm25,3,spatial,14,0.5,0.36161800954325096,0.00027335439076972643,0.2916666666666667,2.31197748307288e-05,97,True
bm25,3,a_ratio,14,0.5,0.361093040949914,0.00027943612518142153,0.17654639175257736,0.010410504577977625,97,False
bm25,3,a_ratio,14,0.5,0.4254340049193886,1.3992364399830724e-05,0.29725085910652926,1.607297344135024e-05,97,True
bm25,3,nqc,14,0.5,0.03456997418340457,0.7367491074050623,-0.01202749140893471,0.8614470077832815,97,False
bm25,3,nqc,14,0.5,0.14862188339830606,0.14626200714924845,0.0734536082474227,0.28647120739097054,97,True
bm25,3,bertQPP,14,0.5,0.34239503166865454,0.0005972465847195872,0.18814432989690724,0.00632984784895861,97,False
bm25,3,bertQPP,14,0.5,0.40588921689774854,3.7116390585969595e-05,0.2444158075601375,0.0003900155261817713,97,True
bm25,3,bertQPP(QV),14,0.5,0.33693670550388927,0.0007390495360422582,0.17654639175257736,0.010410504577977625,97,False
bm25,3,bertQPP(QV),14,0.5,0.4092732061211891,3.148338772357452e-05,0.2405498281786942,0.0004818477915141724,97,True
bm25,3,spatial,14,0.55,0.31775262361572976,0.0015162667596638213,0.16151202749140894,0.01909240321886764,97,False
bm25,3,spatial,14,0.55,0.3626342897028383,0.00026192634613186346,0.29252577319587636,2.187111894191921e-05,97,True
bm25,3,a_ratio,14,0.55,0.3469896535012851,0.0004976984564004199,0.17225085910652924,0.012434959394241826,97,False
bm25,3,a_ratio,14,0.55,0.4152985277558165,2.338193293151801e-05,0.2938144329896908,2.011782071963051e-05,97,True
bm25,3,nqc,14,0.55,0.038909578926375796,0.7051406055474496,-0.005584192439862544,0.9354157588836661,97,False
bm25,3,nqc,14,0.55,0.15417760205270414,0.1316007429632913,0.07903780068728523,0.25141149497554627,97,True
bm25,3,bertQPP,14,0.55,0.33646259389617017,0.0007527155846972008,0.18470790378006877,0.007355176256510775,97,False
bm25,3,bertQPP,14,0.55,0.3958653231063854,5.981951228877251e-05,0.24097938144329903,0.0004707284379041492,97,True
bm25,3,bertQPP(QV),14,0.55,0.33003601990839704,0.0009621889764733715,0.17396907216494847,0.011586707769612953,97,False
bm25,3,bertQPP(QV),14,0.55,0.3966376714820626,5.769084322127308e-05,0.2336769759450172,0.0006965926026270434,97,True
bm25,3,spatial,14,0.6,0.3051572873240917,0.002371027178191286,0.15678694158075604,0.022896601370035064,97,False
bm25,3,spatial,14,0.6,0.36368325348433267,0.0002505943635370963,0.2912371134020619,2.3769260447909586e-05,97,True
bm25,3,a_ratio,14,0.6,0.3315721379109918,0.0009077808867900073,0.1679553264604811,0.014800614099959652,97,False
bm25,3,a_ratio,14,0.6,0.40319970606520456,4.225057561267762e-05,0.28608247422680416,3.304769864022772e-05,97,True
bm25,3,nqc,14,0.6,0.04431677147373501,0.6664514945787436,-0.002147766323024055,0.9751367447826097,97,False
bm25,3,nqc,14,0.6,0.16097181907314048,0.11522718307624054,0.08419243986254298,0.22181074839562664,97,True
bm25,3,bertQPP,14,0.6,0.327378967897616,0.0010633603375487365,0.17396907216494847,0.011586707769612953,97,False
bm25,3,bertQPP,14,0.6,0.38314942899374355,0.0001072501116196448,0.23754295532646055,0.0005668140402706258,97,True
bm25,3,bertQPP(QV),14,0.6,0.3203512381385635,0.001379337134787094,0.16151202749140894,0.01909240321886764,97,False
bm25,3,bertQPP(QV),14,0.6,0.3819506181870544,0.00011318064045354082,0.23453608247422683,0.0006655682797928671,97,True
bm25,3,spatial,14,0.65,0.292779672543992,0.0036117328375468425,0.15206185567010314,0.02734277211201925,97,False
bm25,3,spatial,14,0.65,0.3647039109651053,0.00024000408406698917,0.29295532646048117,2.127112554068262e-05,97,True
bm25,3,a_ratio,14,0.65,0.3156163951618429,0.001637934064997369,0.16365979381443302,0.01755425786967657,97,False
bm25,3,a_ratio,14,0.65,0.3892460737873777,8.130570934562295e-05,0.28479381443298973,3.585581186521998e-05,97,True
bm25,3,nqc,14,0.65,0.05122575605183496,0.6182710694915258,0.0030068728522336776,0.9651968510542414,97,False
bm25,3,nqc,14,0.65,0.1694425954711831,0.0970749051878687,0.0893470790378007,0.19479398827541883,97,True
bm25,3,bertQPP,14,0.65,0.31583433741155387,0.0016251284406729265,0.1670962199312715,0.015318729327102553,97,False
bm25,3,bertQPP,14,0.65,0.36852629589046443,0.00020390771273438914,0.2285223367697595,0.0009127757207962206,97,True
bm25,3,bertQPP(QV),14,0.65,0.3086670589601461,0.0020973466624040543,0.15721649484536085,0.02252544814571104,97,False
bm25,3,bertQPP(QV),14,0.65,0.3660394821402622,0.00022677006887255702,0.2212199312714777,0.001326652810302692,97,True
bm25,3,spatial,14,0.7,0.28076076510414677,0.005343073646205927,0.14518900343642613,0.03513003275683934,97,False
bm25,3,spatial,14,0.7,0.36556132331830954,0.00023142861823156847,0.2942439862542956,1.9563741907068626e-05,97,True
bm25,3,a_ratio,14,0.7,0.29970986166959007,0.0028598622241534236,0.14948453608247425,0.030068308790855192,97,False
bm25,3,a_ratio,14,0.7,0.373621583714874,0.00016356875357822405,0.2740549828178695,6.983500538924286e-05,97,True
bm25,3,nqc,14,0.7,0.0603293581628572,0.5571985643577788,0.00859106529209622,0.9007879306638119,97,False
bm25,3,nqc,14,0.7,0.18023707899251673,0.07729267070570157,0.09536082474226806,0.16642177733641728,97,True
bm25,3,bertQPP,14,0.7,0.3025972475119153,0.0025905116016327586,0.16065292096219932,0.019739903980340746,97,False
bm25,3,bertQPP,14,0.7,0.3527468885426759,0.0003944868163543153,0.21907216494845363,0.0014779202366871586,97,True
bm25,3,bertQPP(QV),14,0.7,0.295750678048022,0.003270067956192729,0.15378006872852237,0.025646544632394585,97,False
bm25,3,bertQPP(QV),14,0.7,0.34960206986143005,0.0004481292850033087,0.2096219931271478,0.002351276432455258,97,True
bm25,3,spatial,14,0.75,0.2691955435759182,0.007668930679313987,0.14089347079037803,0.040901875311072,97,False
bm25,3,spatial,14,0.75,0.3659588791468376,0.00022754923907862467,0.2981099656357389,1.5190194907487389e-05,97,True
bm25,3,a_ratio,14,0.75,0.2842582917732509,0.004775734757935527,0.14132302405498284,0.040290653027956765,97,False
bm25,3,a_ratio,14,0.75,0.35657367562253794,0.0003371929684510504,0.2628865979381444,0.00013630357600274067,97,True
bm25,3,nqc,14,0.75,0.0727853997739067,0.47863447296918843,0.01975945017182131,0.7743175870264136,97,False
bm25,3,nqc,14,0.75,0.1943175352253776,0.05649239188375085,0.11125429553264607,0.10643517898925002,97,True
bm25,3,bertQPP,14,0.75,0.2883946244617955,0.004174477822229328,0.15635738831615123,0.02327305567367708,97,False
bm25,3,bertQPP,14,0.75,0.3364554944934149,0.0007529219650639204,0.21176975945017185,0.0021190549684448486,97,True
bm25,3,bertQPP(QV),14,0.75,0.28226060381387075,0.005092831747317122,0.14304123711340208,0.037922646089534044,97,False
bm25,3,bertQPP(QV),14,0.75,0.3331762212042063,0.0008539731127480116,0.21091065292096223,0.002209296231634933,97,True
bm25,3,spatial,14,0.8,0.25814247401322854,0.010683809625852421,0.13917525773195877,0.0434259212403691,97,False
bm25,3,spatial,14,0.8,0.3652289757504268,0.0002347184625731171,0.29510309278350516,1.849887929183802e-05,97,True
bm25,3,a_ratio,14,0.8,0.26951618489331586,0.007594004786599306,0.14089347079037803,0.040901875311072,97,False
bm25,3,a_ratio,14,0.8,0.338394808735031,0.000698429099081682,0.24656357388316158,0.0003463449485504128,97,True
bm25,3,nqc,14,0.8,0.09061280336727486,0.37740859631056706,0.04295532646048111,0.5330675016802799,97,False
bm25,3,nqc,14,0.8,0.21305689629556102,0.03614556617010605,0.1254295532646048,0.06874005870255491,97,True
bm25,3,bertQPP,14,0.8,0.2738368610347846,0.0066455480670470565,0.14304123711340208,0.037922646089534044,97,False
bm25,3,bertQPP,14,0.8,0.32015814610729015,0.0013891119179781078,0.20403780068728525,0.00306822352558543,97,True
bm25,3,bertQPP(QV),14,0.8,0.2687075816169669,0.007784206523780973,0.14261168384879727,0.03850326567762371,97,False
bm25,3,bertQPP(QV),14,0.8,0.3171445006338587,0.0015500396153686434,0.20360824742268044,0.003130893451622874,97,True
bm25,3,spatial,14,0.85,0.24763216358432608,0.014465380135104938,0.13402061855670105,0.051800200122302374,97,False
bm25,3,spatial,14,0.85,0.36180239109301393,0.0002712474711741958,0.29252577319587636,2.187111894191921e-05,97,True
bm25,3,a_ratio,14,0.85,0.25562361148089213,0.011500947477404412,0.14132302405498284,0.040290653027956765,97,False
bm25,3,a_ratio,14,0.85,0.319400497329818,0.0014280760914165739,0.23238831615120278,0.0007456571945733053,97,True
bm25,3,nqc,14,0.85,0.1173466817638496,0.25233002554350986,0.053694158075601385,0.43588378893929247,97,False
bm25,3,nqc,14,0.85,0.23797587577665266,0.018913346562607854,0.14132302405498284,0.040290653027956765,97,True
bm25,3,bertQPP,14,0.85,0.2593892380986167,0.010298485659914786,0.13702749140893475,0.046764860648197036,97,False
bm25,3,bertQPP,14,0.85,0.30422223665950976,0.0024491721404487953,0.20103092783505158,0.0035320539175627825,97,True
bm25,3,bertQPP(QV),14,0.85,0.2554544711430785,0.011557723034362456,0.13316151202749144,0.05331954320676675,97,False
bm25,3,bertQPP(QV),14,0.85,0.30175739519652595,0.002666400752240739,0.1971649484536083,0.004221925130091803,97,True
bm25,3,spatial,14,0.9,0.23767469931571084,0.019069185673546887,0.13015463917525774,0.058933277914773506,97,False
bm25,3,spatial,14,0.9,0.3517981111939623,0.0004100133160311263,0.26975945017182135,9.058641607986754e-05,97,True
bm25,3,a_ratio,14,0.9,0.2426400160369838,0.016636262724158753,0.13788659793814437,0.04540422310195199,97,False
bm25,3,a_ratio,14,0.9,0.2999073146930489,0.0028406713029860515,0.21434707903780073,0.0018682268943729797,97,True
bm25,3,nqc,14,0.9,0.15792328738980466,0.12236741440316924,0.077319587628866,0.2618647746424714,97,False
bm25,3,nqc,14,0.9,0.268207000589641,0.007904048383239435,0.1554982817869416,0.02404211148041231,97,True
bm25,3,bertQPP,14,0.9,0.24537655554591833,0.015413762705124047,0.13316151202749144,0.05331954320676675,97,False
bm25,3,bertQPP,14,0.9,0.2888940185399715,0.004106662233116181,0.19888316151202753,0.0039014834427261624,97,True
bm25,3,bertQPP(QV),14,0.9,0.24273734978409295,0.016591384747463994,0.13359106529209622,0.05255528194642074,97,False
bm25,3,bertQPP(QV),14,0.9,0.28716245869721263,0.00434609601888108,0.1937285223367698,0.004935409194231109,97,True
bm25,3,spatial,14,0.95,0.22826557208615397,0.02452598084385271,0.12972508591065296,0.0597739314027888,97,False
bm25,3,spatial,14,0.95,0.3253872695043004,0.0011454458961383052,0.2594501718213059,0.00016660580916833792,97,True
bm25,3,a_ratio,14,0.95,0.23057136941691656,0.023078473708053774,0.13316151202749144,0.05331954320676675,97,False
bm25,3,a_ratio,14,0.95,0.2802138632336989,0.005437005052183861,0.20317869415807563,0.0031947282487263706,97,True
bm25,3,nqc,14,0.95,0.20784096060979507,0.04106977828771265,0.09922680412371135,0.1498976871116754,97,False
bm25,3,nqc,14,0.95,0.2890303724690927,0.004088317751109158,0.18943298969072167,0.005979808014005902,97,True
bm25,3,bertQPP,14,0.95,0.2320051588134042,0.0222157123031004,0.13359106529209622,0.05255528194642074,97,False
bm25,3,bertQPP,14,0.95,0.27432304075234437,0.006545678519418716,0.18857388316151205,0.006211170636578692,97,True
bm25,3,bertQPP(QV),14,0.95,0.23069382081737352,0.023003688617623794,0.1314432989690722,0.05647001729864357,97,False
bm25,3,bertQPP(QV),14,0.95,0.2734320760799096,0.006729723762484288,0.1902920962199313,0.005756239608165468,97,True
bm25,3,spatial,14,1.0,0.2193902876453393,0.030841592369609955,0.1254295532646048,0.06874005870255491,97,False
bm25,3,spatial,14,1.0,0.26058663261185117,0.009939933830127288,0.18771477663230243,0.006450561996249079,97,True
bm25,3,a_ratio,14,1.0,0.2193902876453393,0.030841592369609955,0.1254295532646048,0.06874005870255491,97,False
bm25,3,a_ratio,14,1.0,0.26058663261185117,0.009939933830127288,0.18771477663230243,0.006450561996249079,97,True
bm25,3,nqc,14,1.0,0.2193902876453393,0.030841592369609955,0.1254295532646048,0.06874005870255491,97,False
bm25,3,nqc,14,1.0,0.26058663261185117,0.009939933830127288,0.18771477663230243,0.006450561996249079,97,True
bm25,3,bertQPP,14,1.0,0.2193902876453393,0.030841592369609955,0.1254295532646048,0.06874005870255491,97,False
bm25,3,bertQPP,14,1.0,0.26058663261185117,0.009939933830127288,0.18771477663230243,0.006450561996249079,97,True
bm25,3,bertQPP(QV),14,1.0,0.2193902876453393,0.030841592369609955,0.1254295532646048,0.06874005870255491,97,False
bm25,3,bertQPP(QV),14,1.0,0.26058663261185117,0.009939933830127288,0.18771477663230243,0.006450561996249079,97,True
bm25,3,spatial,15,0.0,0.3845251940076828,0.00010080028015697167,0.21993127147766325,0.0014156009702633058,97,False
bm25,3,spatial,15,0.0,0.3547549443101819,0.00036339273676425413,0.279639175257732,4.952017035250988e-05,97,True
bm25,3,a_ratio,15,0.0,0.31361970387000354,0.0017595769544369434,0.1207044673539519,0.07984982362376257,97,False
bm25,3,a_ratio,15,0.0,0.43816884295395087,7.1675504248435e-06,0.29252577319587636,2.187111894191921e-05,97,True
bm25,3,nqc,15,0.0,0.015030440035111404,0.8838251900266161,-0.02362542955326461,0.7317251099207628,97,False
bm25,3,nqc,15,0.0,0.12251005643370629,0.23191067066611573,0.04596219931271478,0.5047955105031363,97,True
bm25,3,bertQPP,15,0.0,0.25557308579511967,0.01151788193184543,0.1868556701030928,0.006698222213035896,97,False
bm25,3,bertQPP,15,0.0,0.3294099293087749,0.0009852047034422107,0.22465635738831619,0.0011140538745299275,97,True
bm25,3,bertQPP(QV),15,0.0,0.2474761609182837,0.014529302470978231,0.18556701030927839,0.00708575590459897,97,False
bm25,3,bertQPP(QV),15,0.0,0.3424837687388707,0.0005951626637122061,0.22079037800687287,0.0013557124652369783,97,True
bm25,3,spatial,15,0.05,0.38923993215972436,8.132861868715967e-05,0.21821305841924402,0.0015427588468996702,97,False
bm25,3,spatial,15,0.05,0.35521642010123167,0.00035657324915920125,0.2822164948453609,4.216585457755637e-05,97,True
bm25,3,a_ratio,15,0.05,0.3302284880503444,0.0009552127666354401,0.13487972508591067,0.050317249987351625,97,False
bm25,3,a_ratio,15,0.05,0.4415921413834498,5.960166672941974e-06,0.30068728522336774,1.2810804708658091e-05,97,True
bm25,3,nqc,15,0.05,0.016047003778599505,0.8760284099456962,-0.023195876288659798,0.7364196981955502,97,False
bm25,3,nqc,15,0.05,0.12391881415208611,0.22654586729301052,0.04596219931271478,0.5047955105031363,97,True
bm25,3,bertQPP,15,0.05,0.26832563388472225,0.007875500839468455,0.1971649484536083,0.004221925130091803,97,False
bm25,3,bertQPP,15,0.05,0.3448067579018059,0.0005429227504444771,0.23969072164948454,0.0005048251929224872,97,True
bm25,3,bertQPP(QV),15,0.05,0.26159761260204195,0.009645771135347264,0.18943298969072167,0.005979808014005902,97,False
bm25,3,bertQPP(QV),15,0.05,0.35973326107722425,0.0002957739317732276,0.22293814432989695,0.0012160687743494618,97,True
bm25,3,spatial,15,0.1,0.3913697515790696,7.373411527980501e-05,0.21950171821305847,0.0014464512863097319,97,False
bm25,3,spatial,15,0.1,0.3557142682911384,0.0003493484642351786,0.2822164948453609,4.216585457755637e-05,97,True
bm25,3,a_ratio,15,0.1,0.3461583264217657,0.0005144975078712667,0.13917525773195877,0.0434259212403691,97,False
bm25,3,a_ratio,15,0.1,0.44443388855830473,5.106153812516469e-06,0.3019759450171822,1.1758839163448277e-05,97,True
bm25,3,nqc,15,0.1,0.01717754737779291,0.8673713510766653,-0.022766323024054985,0.7411241465856763,97,False
bm25,3,nqc,15,0.1,0.1254800334070736,0.22070293071637606,0.046391752577319596,0.5008221569685896,97,True
bm25,3,bertQPP,15,0.1,0.2814301059993082,0.00523007749681248,0.2014604810996564,0.0034621026042757834,97,False
bm25,3,bertQPP,15,0.1,0.36008761110886695,0.0002914336443172028,0.23840206185567014,0.0005412133012575864,97,True
bm25,3,bertQPP(QV),15,0.1,0.2760532076965345,0.006200962281693338,0.18256013745704472,0.00806936233603351,97,False
bm25,3,bertQPP(QV),15,0.1,0.3765155919065116,0.0001440849398561378,0.22766323024054988,0.0009543472910132449,97,True
bm25,3,spatial,15,0.15,0.39076949055140764,7.580486587776e-05,0.2169243986254296,0.001644941169576058,97,False
bm25,3,spatial,15,0.15,0.3562524130470361,0.0003416906007771397,0.2839347079037801,3.7852202750352324e-05,97,True
bm25,3,a_ratio,15,0.15,0.36056498094560163,0.00028567933087169484,0.14948453608247425,0.030068308790855192,97,False
bm25,3,a_ratio,15,0.15,0.446534129887064,4.550569327747361e-06,0.3084192439862543,7.622862048866513e-06,97,True
bm25,3,nqc,15,0.15,0.018442271712565662,0.8577053767785598,-0.02061855670103093,0.7647885664914993,97,False
bm25,3,nqc,15,0.15,0.12721965567629848,0.214318509822634,0.04725085910652922,0.4929254477765376,97,True
bm25,3,bertQPP,15,0.15,0.29458384758504225,0.0034006371152704423,0.20704467353951894,0.0026605976928076114,97,False
bm25,3,bertQPP,15,0.15,0.3747410434626064,0.00015575956964425933,0.23969072164948454,0.0005048251929224872,97,True
bm25,3,bertQPP(QV),15,0.15,0.29044840047324544,0.0039018358301854527,0.18771477663230243,0.006450561996249079,97,False
bm25,3,bertQPP(QV),15,0.15,0.3921168172991339,7.12304504478773e-05,0.23195876288659797,0.0007627126312502382,97,True
bm25,3,spatial,15,0.2,0.38746148297603417,8.822105644479351e-05,0.21950171821305847,0.0014464512863097319,97,False
bm25,3,spatial,15,0.2,0.3568351783358563,0.00033357227507897443,0.28479381443298973,3.585581186521998e-05,97,True
bm25,3,a_ratio,15,0.2,0.3724735621250986,0.00017195238971536567,0.15936426116838492,0.0207470988785446,97,False
bm25,3,a_ratio,15,0.2,0.44771355326403445,4.264083643406721e-06,0.30713058419243994,8.318768128883354e-06,97,True
bm25,3,nqc,15,0.2,0.01986642016194149,0.8468461126592849,-0.021907216494845363,0.7505619727933218,97,False
bm25,3,nqc,15,0.2,0.12916979699171374,0.20731857686490424,0.04896907216494846,0.4773342987798882,97,True
bm25,3,bertQPP,15,0.2,0.30735294175139843,0.002196287723553869,0.20618556701030932,0.0027716955730928564,97,False
bm25,3,bertQPP,15,0.2,0.3881214783927311,8.560221198210027e-05,0.24484536082474234,0.00038088964117221485,97,True
bm25,3,bertQPP(QV),15,0.2,0.3042314799528028,0.0024483884349035556,0.1859965635738832,0.006954397086601862,97,False
bm25,3,bertQPP(QV),15,0.2,0.4056890073055469,3.747752722521809e-05,0.23453608247422683,0.0006655682797928671,97,True
bm25,3,spatial,15,0.25,0.38163231360111965,0.0001148056602244109,0.21434707903780073,0.0018682268943729797,97,False
bm25,3,spatial,15,0.25,0.35746724463206075,0.00032496818783286365,0.2869415807560138,3.1293082627690314e-05,97,True
bm25,3,a_ratio,15,0.25,0.38091081497448803,0.0001185695742796611,0.16537800687285226,0.016403064445582434,97,False
bm25,3,a_ratio,15,0.25,0.4477773721197517,4.249077358156861e-06,0.30756013745704475,8.080314115500694e-06,97,True
bm25,3,nqc,15,0.25,0.021481944709664948,0.8345622530136588,-0.021907216494845363,0.7505619727933218,97,False
bm25,3,nqc,15,0.25,0.13137067613868353,0.1996164981893932,0.04982817869415808,0.4696411010880063,97,True
bm25,3,bertQPP,15,0.25,0.31916403894704465,0.0014404380527863702,0.20274914089347082,0.003259747042536618,97,False
bm25,3,bertQPP,15,0.25,0.39948246024955025,5.044409801368412e-05,0.2444158075601375,0.0003900155261817713,97,True
bm25,3,bertQPP(QV),15,0.25,0.31670005585137717,0.0015751519776050992,0.19544673539518906,0.0045660596694361046,97,False
bm25,3,bertQPP(QV),15,0.25,0.4163337098064876,2.2204086516444497e-05,0.23883161512027495,0.0005288208236189078,97,True
bm25,3,spatial,15,0.3,0.3736029845362045,0.00016370150732795147,0.2053264604810997,0.002887015591872923,97,False
bm25,3,spatial,15,0.3,0.35815352016108715,0.0003158579315946676,0.28651202749140897,3.215902329862323e-05,97,True
bm25,3,a_ratio,15,0.3,0.38509479831512305,9.823687856630773e-05,0.1658075601374571,0.016125841537736958,97,False
bm25,3,a_ratio,15,0.3,0.4465222137657084,4.553554272415786e-06,0.30970790378006874,6.982825365107268e-06,97,True
bm25,3,nqc,15,0.3,0.0233298733394256,0.8205599996934029,-0.02061855670103093,0.7647885664914993,97,False
bm25,3,nqc,15,0.3,0.1338733008271206,0.19111090823224566,0.054553264604811004,0.4285767645779882,97,True
bm25,3,bertQPP,15,0.3,0.329325062885512,0.0009883627896316253,0.20360824742268044,0.003130893451622874,97,False
bm25,3,bertQPP,15,0.3,0.40805110339484113,3.341845467039851e-05,0.24742268041237117,0.00033019314561040996,97,True
bm25,3,bertQPP(QV),15,0.3,0.3270522245393324,0.0010764484339086159,0.1902920962199313,0.005756239608165468,97,False
bm25,3,bertQPP(QV),15,0.3,0.4232363703027434,1.566214884756251e-05,0.2379725085910653,0.0005538759115824682,97,True
bm25,3,spatial,15,0.35,0.3637814651382414,0.00024955688303466395,0.20060137457044677,0.0036032888355043277,97,False
bm25,3,spatial,15,0.35,0.35889885012380923,0.00030623064420095094,0.288659793814433,2.804587392927909e-05,97,True
bm25,3,a_ratio,15,0.35,0.38462421416732095,0.00010035024272434137,0.17310996563573885,0.01200419316896961,97,False
bm25,3,a_ratio,15,0.35,0.4437464337385236,5.301480893276471e-06,0.3058419243986255,9.075155959404318e-06,97,True
bm25,3,nqc,15,0.35,0.025463745182696795,0.8044610872262148,-0.018470790378006877,0.7886746705788532,97,False
bm25,3,nqc,15,0.35,0.13674327556027624,0.18168356573628494,0.05927835051546393,0.3896811249151011,97,True
bm25,3,bertQPP,15,0.35,0.33708902782081435,0.0007347072848143039,0.19630584192439868,0.0043909374810577745,97,False
bm25,3,bertQPP,15,0.35,0.4131410763736497,2.602719180915142e-05,0.2508591065292096,0.00027237466938260737,97,True
bm25,3,bertQPP(QV),15,0.35,0.3344929937774437,0.0008119960319913889,0.1902920962199313,0.005756239608165468,97,False
bm25,3,bertQPP(QV),15,0.35,0.4258243678042327,1.3713826507560101e-05,0.23754295532646055,0.0005668140402706258,97,True
bm25,3,spatial,15,0.4,0.352610398131246,0.0003966866458930444,0.186426116838488,0.006825229731210832,97,False
bm25,3,spatial,15,0.4,0.3597074201375401,0.00029609276586741216,0.28994845360824745,2.5823492573259426e-05,97,True
bm25,3,a_ratio,15,0.4,0.3795864646955226,0.00012577800051376,0.18857388316151205,0.006211170636578692,97,False
bm25,3,a_ratio,15,0.4,0.4392638097095669,6.758347069157166e-06,0.3054123711340207,9.341573722767839e-06,97,True
bm25,3,nqc,15,0.4,0.02795471323004422,0.7857712421945751,-0.015463917525773198,0.8224469251562028,97,False
bm25,3,nqc,15,0.4,0.1400663022872246,0.17119763177443614,0.06400343642611686,0.3530123788503621,97,True
bm25,3,bertQPP,15,0.4,0.34176418400611025,0.0006122552633064874,0.19458762886597944,0.004747484369155047,97,False
bm25,3,bertQPP,15,0.4,0.4142811504405972,2.4596313970874415e-05,0.2439862542955327,0.0003993454119661632,97,True
bm25,3,bertQPP(QV),15,0.4,0.33838316363392945,0.0006987452602362495,0.1898625429553265,0.005867063974983271,97,False
bm25,3,bertQPP(QV),15,0.4,0.4238965013130224,1.5141899490900913e-05,0.23840206185567014,0.0005412133012575864,97,True
bm25,3,spatial,15,0.45,0.34052132943599417,0.0006428393931741961,0.18127147766323026,0.008527096049992753,97,False
bm25,3,spatial,15,0.45,0.3605815785283733,0.00028548115752254647,0.2908075601374571,2.4436082793239188e-05,97,True
bm25,3,a_ratio,15,0.45,0.37053098697426307,0.00018704964778202515,0.186426116838488,0.006825229731210832,97,False
bm25,3,a_ratio,15,0.45,0.43291984365215813,9.474063993868169e-06,0.3028350515463918,1.1103899560226742e-05,97,True
bm25,3,nqc,15,0.45,0.030899326169255902,0.7638341728484513,-0.013745704467353953,0.841898479106889,97,False
bm25,3,nqc,15,0.45,0.143956288415784,0.15949734942145738,0.06915807560137457,0.3155898965616176,97,True
bm25,3,bertQPP,15,0.45,0.34285087557793903,0.0005866120224311667,0.18728522336769762,0.006573343269072617,97,False
bm25,3,bertQPP,15,0.45,0.4113186293200491,2.847728749719591e-05,0.23711340206185572,0.000580033168540485,97,True
bm25,3,bertQPP(QV),15,0.45,0.338386566421007,0.0006986528620117065,0.17568728522336774,0.01079019991112942,97,False
bm25,3,bertQPP(QV),15,0.45,0.4176706714595903,2.076500554193399e-05,0.2392611683848798,0.0005166931871154039,97,True
bm25,3,spatial,15,0.5,0.32790209478092425,0.0010427072272333185,0.17396907216494847,0.011586707769612953,97,False
bm25,3,spatial,15,0.5,0.36151953651512486,0.00027448581051412363,0.2912371134020619,2.3769260447909586e-05,97,True
bm25,3,a_ratio,15,0.5,0.3583220314173415,0.0003136572282571475,0.17740549828178698,0.010042744211065484,97,False
bm25,3,a_ratio,15,0.5,0.42460901392746137,1.4598584317683772e-05,0.2968213058419244,1.6532495235382776e-05,97,True
bm25,3,nqc,15,0.5,0.034431752610691105,0.7377634450691563,-0.01202749140893471,0.8614470077832815,97,False
bm25,3,nqc,15,0.5,0.14856755412356415,0.14641121429319556,0.07431271477663232,0.2808725107935828,97,True
bm25,3,bertQPP,15,0.5,0.3401609858648491,0.0006519646265544239,0.18728522336769762,0.006573343269072617,97,False
bm25,3,bertQPP,15,0.5,0.4044570711704529,3.977292179217606e-05,0.24269759450171827,0.0004286013573495472,97,True
bm25,3,bertQPP(QV),15,0.5,0.33455536304033673,0.0008100553224990155,0.1752577319587629,0.010984624932232429,97,False
bm25,3,bertQPP(QV),15,0.5,0.4077284875893269,3.3947520089175643e-05,0.2405498281786942,0.0004818477915141724,97,True
bm25,3,spatial,15,0.55,0.3150788068968309,0.0016699126973843794,0.16323024054982818,0.017852894393926448,97,False
bm25,3,spatial,15,0.55,0.3625108501298312,0.00026329051123640023,0.2933848797250859,2.0686822197476286e-05,97,True
bm25,3,a_ratio,15,0.55,0.3439414060519186,0.0005618707423956733,0.17182130584192443,0.01265543298933369,97,False
bm25,3,a_ratio,15,0.55,0.4142904996799855,2.4584890417489866e-05,0.2912371134020619,2.3769260447909586e-05,97,True
bm25,3,nqc,15,0.55,0.03874363450882124,0.7063405331200899,-0.005584192439862544,0.9354157588836661,97,False
bm25,3,nqc,15,0.55,0.15411360687727396,0.13176298751585097,0.07946735395189004,0.2488442983857856,97,True
bm25,3,bertQPP,15,0.55,0.3338698492073613,0.000831620487149819,0.1859965635738832,0.006954397086601862,97,False
bm25,3,bertQPP,15,0.55,0.39421177328205104,6.462524288851098e-05,0.23883161512027495,0.0005288208236189078,97,True
bm25,3,bertQPP(QV),15,0.55,0.32731323816451713,0.0010659815220638222,0.17482817869415812,0.011182156616858724,97,False
bm25,3,bertQPP(QV),15,0.55,0.3948821596070485,6.26351153545576e-05,0.23453608247422683,0.0006655682797928671,97,True
bm25,3,spatial,15,0.6,0.3023102448062389,0.0026162237648783876,0.15764604810996566,0.022159535570441733,97,False
bm25,3,spatial,15,0.6,0.36352737921462197,0.000252249150834161,0.29209621993127155,2.2487199782247227e-05,97,True
bm25,3,a_ratio,15,0.6,0.3283174713244964,0.0010265689986565885,0.16924398625429557,0.01405239227763608,97,False
bm25,3,a_ratio,15,0.6,0.4019994778756865,4.4749394258000495e-05,0.28479381443298973,3.585581186521998e-05,97,True
bm25,3,nqc,15,0.6,0.04411755763113758,0.6678622638924429,-0.0012886597938144332,0.9850805012640036,97,False
bm25,3,nqc,15,0.6,0.16089657286316464,0.11539945410253732,0.0854810996563574,0.2148174024411691,97,True
bm25,3,bertQPP,15,0.6,0.32447567546517875,0.0011849048096311322,0.17353951890034366,0.011793812186781842,97,False
bm25,3,bertQPP,15,0.6,0.38130154514242554,0.00011651723207564417,0.2366838487972509,0.0005935388745829456,97,True
bm25,3,bertQPP(QV),15,0.6,0.31734535371059897,0.0015388103444923544,0.16323024054982818,0.017852894393926448,97,False
bm25,3,bertQPP(QV),15,0.6,0.38001801661119816,0.00012338559603310823,0.23152920962199317,0.0007801296905645403,97,True
bm25,3,spatial,15,0.65,0.2897908777777681,0.003987338559279848,0.15592783505154642,0.023654871935139845,97,False
bm25,3,spatial,15,0.65,0.3645046639595285,0.00024203842547760408,0.2933848797250859,2.0686822197476286e-05,97,True
bm25,3,a_ratio,15,0.65,0.3122212977864896,0.0018495757576750033,0.16365979381443302,0.01755425786967657,97,False
bm25,3,a_ratio,15,0.65,0.38785137491240546,8.666511361922884e-05,0.28049828178694164,4.694321427271648e-05,97,True
bm25,3,nqc,15,0.65,0.05098584417075751,0.6199188415368405,0.0030068728522336776,0.9651968510542414,97,False
bm25,3,nqc,15,0.65,0.16935385487179416,0.09725265213268312,0.0889175257731959,0.1969487085850582,97,True
bm25,3,bertQPP,15,0.65,0.3126847118471206,0.0018193005085762816,0.16494845360824745,0.01668446543769203,97,False
bm25,3,bertQPP,15,0.65,0.3665183718854905,0.00022219133915034258,0.22895189003436428,0.0008926252002239728,97,True
bm25,3,bertQPP(QV),15,0.65,0.30544604677297993,0.002347352779993891,0.1550687285223368,0.024434836082135623,97,False
bm25,3,bertQPP(QV),15,0.65,0.3639667996125232,0.00024760985237585353,0.21864261168384883,0.0015100189795415188,97,True
bm25,3,spatial,15,0.7,0.2776587744031022,0.005895561448708193,0.14905498281786944,0.030544557732034724,97,False
bm25,3,spatial,15,0.7,0.36530204463731664,0.0002339914863679114,0.2938144329896908,2.011782071963051e-05,97,True
bm25,3,a_ratio,15,0.7,0.2962304943311583,0.0032176932204891363,0.15077319587628868,0.0286776674564184,97,False
bm25,3,a_ratio,15,0.7,0.3720375475580402,0.00017523936392306952,0.27233676975945026,7.752860694391557e-05,97,True
bm25,3,nqc,15,0.7,0.06003834468150542,0.5591053071190631,0.008161512027491411,0.9057247746831294,97,False
bm25,3,nqc,15,0.7,0.18013119152933002,0.07746967214745441,0.09407216494845362,0.1722237215768213,97,True
bm25,3,bertQPP,15,0.7,0.2992707844191694,0.0029029552571508033,0.16151202749140894,0.01909240321886764,97,False
bm25,3,bertQPP,15,0.7,0.3506153996526517,0.00043015414975668283,0.2177835051546392,0.0015761513468118154,97,True
bm25,3,bertQPP(QV),15,0.7,0.29238193239098165,0.003659818639932768,0.1550687285223368,0.024434836082135623,97,False
bm25,3,bertQPP(QV),15,0.7,0.3474251551287232,0.0004891003441461427,0.20790378006872856,0.0025535840012904936,97,True
bm25,3,spatial,15,0.75,0.26600547190972995,0.008450623067019445,0.14304123711340208,0.037922646089534044,97,False
bm25,3,spatial,15,0.75,0.3656130382478853,0.00023092054743112115,0.2968213058419244,1.6532495235382776e-05,97,True
bm25,3,a_ratio,15,0.75,0.2807393771884597,0.005346719787807958,0.1443298969072165,0.03622527510674091,97,False
bm25,3,a_ratio,15,0.75,0.3548125535656645,0.000362534905884122,0.2603092783505155,0.00015848586196658186,97,True
bm25,3,nqc,15,0.75,0.07242755843634895,0.4808052110048785,0.0193298969072165,0.77909497852838,97,False
bm25,3,nqc,15,0.75,0.19418723727040205,0.05666136630102369,0.11168384879725088,0.1050908480999539,97,True
bm25,3,bertQPP,15,0.75,0.28495707110106205,0.004669040035381962,0.15592783505154642,0.023654871935139845,97,False
bm25,3,bertQPP,15,0.75,0.334235157049636,0.0008200641264705347,0.2100515463917526,0.0023030471051788694,97,True
bm25,3,bertQPP(QV),15,0.75,0.2788039725603602,0.005685955778036726,0.14475945017182132,0.035674068768179766,97,False
bm25,3,bertQPP(QV),15,0.75,0.3309269870924309,0.0009302804302110085,0.20876288659793818,0.0024505203740822256,97,True
bm25,3,spatial,15,0.8,0.254885893076112,0.011750376479477872,0.14175257731958765,0.039687194240219145,97,False
bm25,3,spatial,15,0.8,0.36475220744618925,0.00023951335250628415,0.29553264604811,1.7987380341900968e-05,97,True
bm25,3,a_ratio,15,0.8,0.265991534296204,0.008454186748102875,0.14175257731958765,0.039687194240219145,97,False
bm25,3,a_ratio,15,0.8,0.3364749392486724,0.0007523568271282848,0.2452749140893471,0.0003719636432157586,97,True
bm25,3,nqc,15,0.8,0.09016061715131561,0.37980363675650414,0.043814432989690726,0.5249088158491623,97,False
bm25,3,nqc,15,0.8,0.2128840525646589,0.03630042328558624,0.12628865979381446,0.0668634129345248,97,True
bm25,3,bertQPP,15,0.8,0.27034460935575616,0.007403404217299592,0.1434707903780069,0.037349490378258986,97,False
bm25,3,bertQPP,15,0.8,0.31787950522266,0.001509304900514736,0.20317869415807563,0.0031947282487263706,97,True
bm25,3,bertQPP(QV),15,0.8,0.26521203685011263,0.008655612196294361,0.1443298969072165,0.03622527510674091,97,False
bm25,3,bertQPP(QV),15,0.8,0.3148496800525133,0.0016837133600055589,0.20317869415807563,0.0031947282487263706,97,True
bm25,3,spatial,15,0.85,0.24432726398146595,0.015872993714669822,0.13702749140893475,0.046764860648197036,97,False
bm25,3,spatial,15,0.85,0.36111700185797313,0.00027915584399122137,0.29252577319587636,2.187111894191921e-05,97,True
bm25,3,a_ratio,15,0.85,0.2521176811878431,0.012728917674048082,0.1434707903780069,0.037349490378258986,97,False
bm25,3,a_ratio,15,0.85,0.3173447298706901,0.0015388451076244892,0.23109965635738836,0.0007979153488644113,97,True
bm25,3,nqc,15,0.85,0.11673700713974507,0.25482004097256544,0.05498281786941581,0.42495013508695245,97,False
bm25,3,nqc,15,0.85,0.23770528491678805,0.019053309391232138,0.14261168384879727,0.03850326567762371,97,True
bm25,3,bertQPP,15,0.85,0.25588708406944266,0.011412992502428474,0.1396048109965636,0.042782883164389815,97,False
bm25,3,bertQPP,15,0.85,0.3019106306802269,0.0026524070149873515,0.20103092783505158,0.0035320539175627825,97,True
bm25,3,bertQPP(QV),15,0.85,0.2519575738970789,0.012787624278666273,0.13530927835051548,0.04958921997609662,97,False
bm25,3,bertQPP(QV),15,0.85,0.2994383777964654,0.0028864385367981115,0.19759450171821308,0.0041396512632380965,97,True
bm25,3,spatial,15,0.9,0.234336597297403,0.020871740081549166,0.1327319587628866,0.054093065441640706,97,False
bm25,3,spatial,15,0.9,0.3507655669664962,0.0004275474638456236,0.2689003436426117,9.538240628081039e-05,97,True
bm25,3,a_ratio,15,0.9,0.23916975786421243,0.018306326264786964,0.14089347079037803,0.040901875311072,97,False
bm25,3,a_ratio,15,0.9,0.29774117172958964,0.003057670562412151,0.21391752577319592,0.001908041073171658,97,True
bm25,3,nqc,15,0.9,0.1569497771418419,0.12471782036788087,0.07517182130584193,0.27534857568608007,97,False
bm25,3,nqc,15,0.9,0.26765393661350384,0.008038343133320719,0.15378006872852237,0.025646544632394585,97,True
bm25,3,bertQPP,15,0.9,0.24189786184167664,0.016981912344991832,0.13530927835051548,0.04958921997609662,97,False
bm25,3,bertQPP,15,0.9,0.28656951630988303,0.004430903487965979,0.19802405498281792,0.004058834798972484,97,True
bm25,3,bertQPP(QV),15,0.9,0.23926635306439023,0.018257955455873946,0.13487972508591067,0.050317249987351625,97,False
bm25,3,bertQPP(QV),15,0.9,0.28483574677989904,0.004687410960192871,0.19243986254295536,0.005229928831102741,97,True
bm25,3,spatial,15,0.95,0.22490667853476184,0.02677270161698722,0.13187285223367698,0.055668220302014286,97,False
bm25,3,spatial,15,0.95,0.3237864510684698,0.0012155543670821305,0.2573024054982818,0.0001886509599840551,97,True
bm25,3,a_ratio,15,0.95,0.2271479792708411,0.025254978640821713,0.13616838487972513,0.04815964796946807,97,False
bm25,3,a_ratio,15,0.95,0.2779637271060923,0.005839086879763459,0.20274914089347082,0.003259747042536618,97,True
bm25,3,nqc,15,0.95,0.20581410197244873,0.04312851919518956,0.10266323024054985,0.13628751627610397,97,False
bm25,3,nqc,15,0.95,0.287704281488051,0.004269869445450943,0.19072164948453613,0.005647306460207743,97,True
bm25,3,bertQPP,15,0.95,0.22857332431069166,0.024328415469341867,0.1365979381443299,0.04745794602168577,97,False
bm25,3,bertQPP,15,0.95,0.27200093643079265,0.007034942351047704,0.1902920962199313,0.005756239608165468,97,True
bm25,3,bertQPP(QV),15,0.95,0.22726746407259654,0.025176168619090496,0.13445017182130586,0.05105421646643944,97,False
bm25,3,bertQPP(QV),15,0.95,0.2711100121136091,0.007231069326409888,0.19072164948453613,0.005647306460207743,97,True
bm25,3,spatial,15,1.0,0.216020687240017,0.03357523409345978,0.12800687285223372,0.06323660544752113,97,False
bm25,3,spatial,15,1.0,0.25827818164585814,0.0106412648960618,0.1890034364261169,0.006094500520977148,97,True
bm25,3,a_ratio,15,1.0,0.216020687240017,0.03357523409345978,0.12800687285223372,0.06323660544752113,97,False
bm25,3,a_ratio,15,1.0,0.25827818164585814,0.0106412648960618,0.1890034364261169,0.006094500520977148,97,True
bm25,3,nqc,15,1.0,0.216020687240017,0.03357523409345978,0.12800687285223372,0.06323660544752113,97,False
bm25,3,nqc,15,1.0,0.25827818164585814,0.0106412648960618,0.1890034364261169,0.006094500520977148,97,True
bm25,3,bertQPP,15,1.0,0.216020687240017,0.03357523409345978,0.12800687285223372,0.06323660544752113,97,False
bm25,3,bertQPP,15,1.0,0.25827818164585814,0.0106412648960618,0.1890034364261169,0.006094500520977148,97,True
bm25,3,bertQPP(QV),15,1.0,0.216020687240017,0.03357523409345978,0.12800687285223372,0.06323660544752113,97,False
bm25,3,bertQPP(QV),15,1.0,0.25827818164585814,0.0106412648960618,0.1890034364261169,0.006094500520977148,97,True
bm25,3,spatial,16,0.0,0.3845251940076828,0.00010080028015697167,0.21993127147766325,0.0014156009702633058,97,False
bm25,3,spatial,16,0.0,0.3547549443101819,0.00036339273676425413,0.279639175257732,4.952017035250988e-05,97,True
bm25,3,a_ratio,16,0.0,0.31361970387000354,0.0017595769544369434,0.1207044673539519,0.07984982362376257,97,False
bm25,3,a_ratio,16,0.0,0.43816884295395087,7.1675504248435e-06,0.29252577319587636,2.187111894191921e-05,97,True
bm25,3,nqc,16,0.0,0.015030440035111404,0.8838251900266161,-0.02362542955326461,0.7317251099207628,97,False
bm25,3,nqc,16,0.0,0.12251005643370629,0.23191067066611573,0.04596219931271478,0.5047955105031363,97,True
bm25,3,bertQPP,16,0.0,0.25557308579511967,0.01151788193184543,0.1868556701030928,0.006698222213035896,97,False
bm25,3,bertQPP,16,0.0,0.3294099293087749,0.0009852047034422107,0.22465635738831619,0.0011140538745299275,97,True
bm25,3,bertQPP(QV),16,0.0,0.2474761609182837,0.014529302470978231,0.18556701030927839,0.00708575590459897,97,False
bm25,3,bertQPP(QV),16,0.0,0.3424837687388707,0.0005951626637122061,0.22079037800687287,0.0013557124652369783,97,True
bm25,3,spatial,16,0.05,0.3892111678038095,8.143599467450084e-05,0.21821305841924402,0.0015427588468996702,97,False
bm25,3,spatial,16,0.05,0.355215452635065,0.0003565874219298211,0.2822164948453609,4.216585457755637e-05,97,True
bm25,3,a_ratio,16,0.05,0.3302022244406894,0.000956161994757364,0.13487972508591067,0.050317249987351625,97,False
bm25,3,a_ratio,16,0.05,0.4415828415951838,5.963170346510879e-06,0.30068728522336774,1.2810804708658091e-05,97,True
bm25,3,nqc,16,0.05,0.0160460618673657,0.8760356288013189,-0.023195876288659798,0.7364196981955502,97,False
bm25,3,nqc,16,0.05,0.12391686919084496,0.2265532134823987,0.04596219931271478,0.5047955105031363,97,True
bm25,3,bertQPP,16,0.05,0.2682959702673671,0.007882630464570457,0.1971649484536083,0.004221925130091803,97,False
bm25,3,bertQPP,16,0.05,0.3447689719676266,0.0005437377359608559,0.23969072164948454,0.0005048251929224872,97,True
bm25,3,bertQPP(QV),16,0.05,0.2615732061755971,0.009652781656698623,0.18943298969072167,0.005979808014005902,97,False
bm25,3,bertQPP(QV),16,0.05,0.35969908781167653,0.000296195640387911,0.22293814432989695,0.0012160687743494618,97,True
bm25,3,spatial,16,0.1,0.39131886570903895,7.390759526928135e-05,0.21993127147766325,0.0014156009702633058,97,False
bm25,3,spatial,16,0.1,0.3557122511035494,0.0003493774638695708,0.2822164948453609,4.216585457755637e-05,97,True
bm25,3,a_ratio,16,0.1,0.34610687198049994,0.0005155541719714916,0.138745704467354,0.04407710548149226,97,False
bm25,3,a_ratio,16,0.1,0.4444159237769713,5.111170715562482e-06,0.302405498281787,1.142689097205994e-05,97,True
bm25,3,nqc,16,0.1,0.017175546979629232,0.8673866554818974,-0.022766323024054985,0.7411241465856763,97,False
bm25,3,nqc,16,0.1,0.12547591966908198,0.22071818550183891,0.046391752577319596,0.5008221569685896,97,True
bm25,3,bertQPP,16,0.1,0.2813678159152109,0.005240502727118886,0.2018900343642612,0.0033934144348203364,97,False
bm25,3,bertQPP,16,0.1,0.36000926252664556,0.0002923882172366546,0.23883161512027495,0.0005288208236189078,97,True
bm25,3,bertQPP(QV),16,0.1,0.27600278001514184,0.006210777272794153,0.18213058419243988,0.008219435652041644,97,False
bm25,3,bertQPP(QV),16,0.1,0.3764460148529521,0.0001445269727711262,0.22766323024054988,0.0009543472910132449,97,True
bm25,3,spatial,16,0.15,0.3907041935774582,7.60333581238194e-05,0.2169243986254296,0.001644941169576058,97,False
bm25,3,spatial,16,0.15,0.35624925353625103,0.00034173510644271426,0.2839347079037801,3.7852202750352324e-05,97,True
bm25,3,a_ratio,16,0.15,0.36049196242724146,0.0002865526712881619,0.14948453608247425,0.030068308790855192,97,False
bm25,3,a_ratio,16,0.15,0.4465083579778458,4.5570274170121875e-06,0.30756013745704475,8.080314115500694e-06,97,True
bm25,3,nqc,16,0.15,0.018439073686959934,0.8577297926594969,-0.02061855670103093,0.7647885664914993,97,False
bm25,3,nqc,16,0.15,0.12721310910140082,0.2143422874470766,0.04725085910652922,0.4929254477765376,97,True
bm25,3,bertQPP,16,0.15,0.29448692278544014,0.0034116903664152863,0.20618556701030932,0.0027716955730928564,97,False
bm25,3,bertQPP,16,0.15,0.37462088590701964,0.00015658091613138085,0.23840206185567014,0.0005412133012575864,97,True
bm25,3,bertQPP(QV),16,0.15,0.2903715902646921,0.003911738793926758,0.18814432989690724,0.00632984784895861,97,False
bm25,3,bertQPP(QV),16,0.15,0.3920125685521852,7.157500714538052e-05,0.23109965635738836,0.0007979153488644113,97,True
bm25,3,spatial,16,0.2,0.38738963811051863,8.851058610000953e-05,0.2203608247422681,0.0013853583021557498,97,False
bm25,3,spatial,16,0.2,0.35683077191572715,0.0003336329874700411,0.28479381443298973,3.585581186521998e-05,97,True
bm25,3,a_ratio,16,0.2,0.37238547667688887,0.00017261180243896584,0.1589347079037801,0.021092644173514117,97,False
bm25,3,a_ratio,16,0.2,0.44768105339219677,4.2717448100118956e-06,0.30713058419243994,8.318768128883354e-06,97,True
bm25,3,nqc,16,0.2,0.01986185671169797,0.8468808648549893,-0.021477663230240553,0.7552950224453057,97,False
bm25,3,nqc,16,0.2,0.12916050321982586,0.20735154450879983,0.04896907216494846,0.4773342987798882,97,True
bm25,3,bertQPP,16,0.2,0.30722108482259425,0.0022064441539375876,0.20704467353951894,0.0026605976928076114,97,False
bm25,3,bertQPP,16,0.2,0.3879605759315331,8.623392064704822e-05,0.2452749140893471,0.0003719636432157586,97,True
bm25,3,bertQPP(QV),16,0.2,0.3041298555683277,0.002457017220357645,0.18513745704467358,0.007219338175415614,97,False
bm25,3,bertQPP(QV),16,0.2,0.405553376433986,3.7724039294416096e-05,0.23410652920962205,0.0006809162092632265,97,True
bm25,3,spatial,16,0.25,0.38156102629196775,0.0001151725540461453,0.21477663230240554,0.0018291772025326055,97,False
bm25,3,spatial,16,0.25,0.3574614728257947,0.0003250458239619003,0.2869415807560138,3.1293082627690314e-05,97,True
bm25,3,a_ratio,16,0.25,0.380816613355895,0.00011906936894105584,0.16537800687285226,0.016403064445582434,97,False
bm25,3,a_ratio,16,0.25,0.44773941976540726,4.257995415216062e-06,0.30756013745704475,8.080314115500694e-06,97,True
bm25,3,nqc,16,0.25,0.02147581113275234,0.8346088174131479,-0.021907216494845363,0.7505619727933218,97,False
bm25,3,nqc,16,0.25,0.13135825718437386,0.19965937375632753,0.04982817869415808,0.4696411010880063,97,True
bm25,3,bertQPP,16,0.25,0.318999520622029,0.001449096185356796,0.2018900343642612,0.0033934144348203364,97,False
bm25,3,bertQPP,16,0.25,0.39928485590429086,5.0918651418598374e-05,0.2444158075601375,0.0003900155261817713,97,True
bm25,3,bertQPP(QV),16,0.25,0.3165777185880879,0.0015821287683176377,0.19458762886597944,0.004747484369155047,97,False
bm25,3,bertQPP(QV),16,0.25,0.416172767312799,2.2383486248747785e-05,0.23883161512027495,0.0005288208236189078,97,True
bm25,3,spatial,16,0.3,0.37353791036826944,0.00016416676702937167,0.20704467353951894,0.0026605976928076114,97,False
bm25,3,spatial,16,0.3,0.3581462484106955,0.00031595321769918095,0.28651202749140897,3.215902329862323e-05,97,True
bm25,3,a_ratio,16,0.3,0.38500455233667596,9.863893544993697e-05,0.1658075601374571,0.016125841537736958,97,False
bm25,3,a_ratio,16,0.3,0.44648022566382584,4.564086853058566e-06,0.30970790378006874,6.982825365107268e-06,97,True
bm25,3,nqc,16,0.3,0.023321916662010934,0.8206201724469846,-0.021048109965635744,0.7600372759154744,97,False
bm25,3,nqc,16,0.3,0.13385729715921849,0.19116445207300495,0.054553264604811004,0.4285767645779882,97,True
bm25,3,bertQPP,16,0.3,0.32913344930078253,0.0009955271458873549,0.20360824742268044,0.003130893451622874,97,False
bm25,3,bertQPP,16,0.3,0.4078240822990241,3.3789941537503126e-05,0.24742268041237117,0.00033019314561040996,97,True
bm25,3,bertQPP(QV),16,0.3,0.32691604457518486,0.001081946444695643,0.18943298969072167,0.005979808014005902,97,False
bm25,3,bertQPP(QV),16,0.3,0.4230585490639168,1.580512971877805e-05,0.23711340206185572,0.000580033168540485,97,True
bm25,3,spatial,16,0.35,0.3637264604997563,0.00025013744728176506,0.19931271477663232,0.003824903963020039,97,False
bm25,3,spatial,16,0.35,0.3588899253320262,0.00030634430685515327,0.2882302405498282,2.882624188772262e-05,97,True
bm25,3,a_ratio,16,0.35,0.3845471477308525,0.00010070034108980559,0.17225085910652924,0.012434959394241826,97,False
bm25,3,a_ratio,16,0.35,0.44370187849783,5.314380266779586e-06,0.3054123711340207,9.341573722767839e-06,97,True
bm25,3,nqc,16,0.35,0.025453648183658608,0.8045370774951925,-0.018041237113402064,0.7934766269227447,97,False
bm25,3,nqc,16,0.35,0.13672312161649586,0.18174856159401323,0.05970790378006874,0.38625489539833124,97,True
bm25,3,bertQPP,16,0.35,0.3368794094756255,0.000740688934948295,0.19587628865979384,0.004477722918252414,97,False
bm25,3,bertQPP,16,0.35,0.41289473474514554,2.6346434612563154e-05,0.24957044673539522,0.00029284438819506046,97,True
bm25,3,bertQPP(QV),16,0.35,0.33435215227716386,0.0008163941449712161,0.1898625429553265,0.005867063974983271,97,False
bm25,3,bertQPP(QV),16,0.35,0.4256393244811679,1.384520640049889e-05,0.2379725085910653,0.0005538759115824682,97,True
bm25,3,spatial,16,0.4,0.3525675168136026,0.00039738009307399715,0.18513745704467358,0.007219338175415614,97,False
bm25,3,spatial,16,0.4,0.3596966680317287,0.00029622552221584837,0.28951890034364264,2.6544983244565518e-05,97,True
bm25,3,a_ratio,16,0.4,0.3795290842591521,0.0001260993226193033,0.1859965635738832,0.006954397086601862,97,False
bm25,3,a_ratio,16,0.4,0.4392180852216684,6.774985548663848e-06,0.30627147766323026,8.816007367360753e-06,97,True
bm25,3,nqc,16,0.4,0.0279420714935806,0.7858657973566001,-0.016323024054982822,0.8127611296549226,97,False
bm25,3,nqc,16,0.4,0.14004129244507066,0.1712748488207655,0.06400343642611686,0.3530123788503621,97,True
bm25,3,bertQPP,16,0.4,0.3415485301668298,0.0006174646349708211,0.19329896907216498,0.0050318722795436996,97,False
bm25,3,bertQPP,16,0.4,0.4140271732724391,2.49085484813597e-05,0.24269759450171827,0.0004286013573495472,97,True
bm25,3,bertQPP(QV),16,0.4,0.33824786066078494,0.0007024283037703676,0.1911512027491409,0.005540236417616152,97,False
bm25,3,bertQPP(QV),16,0.4,0.42371352091600856,1.5284458475641215e-05,0.23969072164948454,0.0005048251929224872,97,True
bm25,3,spatial,16,0.45,0.34049107549712204,0.0006436010155727861,0.17998281786941583,0.009007907605249525,97,False
bm25,3,spatial,16,0.45,0.3605688010888543,0.00028563370754045015,0.2912371134020619,2.3769260447909586e-05,97,True
bm25,3,a_ratio,16,0.45,0.3704960812559196,0.0001873318093529517,0.18556701030927839,0.00708575590459897,97,False
bm25,3,a_ratio,16,0.45,0.43287413035810063,9.496918854745052e-06,0.30369415807560146,1.0483874745108765e-05,97,True
bm25,3,nqc,16,0.45,0.030883614314661436,0.7639507479503065,-0.014175257731958766,0.8370260449777805,97,False
bm25,3,nqc,16,0.45,0.14392552884546989,0.15958747132322873,0.06915807560137457,0.3155898965616176,97,True
bm25,3,bertQPP,16,0.45,0.34264239174206046,0.0005914541114112029,0.18728522336769762,0.006573343269072617,97,False
bm25,3,bertQPP,16,0.45,0.41106852502735225,2.882988717451751e-05,0.23711340206185572,0.000580033168540485,97,True
bm25,3,bertQPP(QV),16,0.45,0.3382661636332092,0.0007019290476981514,0.17568728522336774,0.01079019991112942,97,False
bm25,3,bertQPP(QV),16,0.45,0.41749715527680403,2.0946711652169983e-05,0.2379725085910653,0.0005538759115824682,97,True
bm25,3,spatial,16,0.5,0.3278838065468916,0.001043423043016471,0.17396907216494847,0.011586707769612953,97,False
bm25,3,spatial,16,0.5,0.36150451002268513,0.00027465883881098497,0.2912371134020619,2.3769260447909586e-05,97,True
bm25,3,a_ratio,16,0.5,0.35830883025329285,0.0003138291199708059,0.17654639175257736,0.010410504577977625,97,False
bm25,3,a_ratio,16,0.5,0.42456412213711947,1.4632268584704248e-05,0.29639175257731964,1.7004521411510344e-05,97,True
bm25,3,nqc,16,0.5,0.03441227324453159,0.7379064303891677,-0.01202749140893471,0.8614470077832815,97,False
bm25,3,nqc,16,0.5,0.1485298934155556,0.14651471097362834,0.07474226804123713,0.2781012070168114,97,True
bm25,3,bertQPP,16,0.5,0.3399718383059102,0.0006568018403591676,0.1868556701030928,0.006698222213035896,97,False
bm25,3,bertQPP,16,0.5,0.4042204121598269,4.022863981895019e-05,0.2414089347079038,0.0004598488311252096,97,True
bm25,3,bertQPP(QV),16,0.5,0.3344566211018621,0.0008131297790271128,0.17611683848797252,0.010598840128977079,97,False
bm25,3,bertQPP(QV),16,0.5,0.40756904663574217,3.421187185369019e-05,0.24012027491408938,0.0004932117335580638,97,True
bm25,3,spatial,16,0.55,0.315071061482645,0.0016703775381417159,0.16323024054982818,0.017852894393926448,97,False
bm25,3,spatial,16,0.55,0.3624933250151033,0.0002634847166117027,0.29295532646048117,2.127112554068262e-05,97,True
bm25,3,a_ratio,16,0.55,0.3439465886141195,0.0005617554818960658,0.1709621993127148,0.013106785247853048,97,False
bm25,3,a_ratio,16,0.55,0.4142467366038407,2.4638406018492963e-05,0.29037800687285226,2.5120678036492542e-05,97,True
bm25,3,nqc,16,0.55,0.038719438765066505,0.7065155502390541,-0.005154639175257733,0.940374133088132,97,False
bm25,3,nqc,16,0.55,0.15406753437593962,0.13187988780441354,0.07903780068728523,0.25141149497554627,97,True
bm25,3,bertQPP,16,0.55,0.3337090422284189,0.0008367545114126493,0.18470790378006877,0.007355176256510775,97,False
bm25,3,bertQPP,16,0.55,0.3939950163378362,6.5281209040608e-05,0.2366838487972509,0.0005935388745829456,97,True
bm25,3,bertQPP(QV),16,0.55,0.32723933636004976,0.0010689356172795589,0.17310996563573885,0.01200419316896961,97,False
bm25,3,bertQPP(QV),16,0.55,0.39473851860604287,6.30566639704707e-05,0.23496563573883167,0.0006505425158083947,97,True
bm25,3,spatial,16,0.6,0.30231121145468565,0.002616136780272037,0.1585051546391753,0.021443192891173694,97,False
bm25,3,spatial,16,0.6,0.3635070841365404,0.00025246534716320314,0.2916666666666667,2.31197748307288e-05,97,True
bm25,3,a_ratio,16,0.6,0.32833643966991455,0.0010258374999507322,0.1670962199312715,0.015318729327102553,97,False
bm25,3,a_ratio,16,0.6,0.40195656228984394,4.4841246011571974e-05,0.2843642611683849,3.6841170569694906e-05,97,True
bm25,3,nqc,16,0.6,0.04408731758509383,0.6680765154654452,-0.0012886597938144332,0.9850805012640036,97,False
bm25,3,nqc,16,0.6,0.16084006783824217,0.11552894944830884,0.0854810996563574,0.2148174024411691,97,True
bm25,3,bertQPP,16,0.6,0.32434785898898777,0.001190535136802024,0.17268041237113405,0.01221789425088413,97,False
bm25,3,bertQPP,16,0.6,0.38110771850646313,0.0001175311662676654,0.2366838487972509,0.0005935388745829456,97,True
bm25,3,bertQPP(QV),16,0.6,0.31729596865838267,0.001541564502026681,0.1628006872852234,0.018155972846842318,97,False
bm25,3,bertQPP(QV),16,0.6,0.37988956015224645,0.000124093273527521,0.23152920962199317,0.0007801296905645403,97,True
bm25,3,spatial,16,0.65,0.2897985882664848,0.003986326281744929,0.15592783505154642,0.023654871935139845,97,False
bm25,3,spatial,16,0.65,0.36448131893731633,0.00024227782055151085,0.29252577319587636,2.187111894191921e-05,97,True
bm25,3,a_ratio,16,0.65,0.31224924922438646,0.001847736837623846,0.16194158075601378,0.018775672464210122,97,False
bm25,3,a_ratio,16,0.65,0.3878084218044385,8.683526760447052e-05,0.2826460481099657,4.1045698019656674e-05,97,True
bm25,3,nqc,16,0.65,0.05094764169084908,0.6201813990155728,0.0030068728522336776,0.9651968510542414,97,False
bm25,3,nqc,16,0.65,0.16928416306588795,0.09739242386863323,0.0893470790378007,0.19479398827541883,97,True
bm25,3,bertQPP,16,0.65,0.3125902193371008,0.0018254371659843771,0.16408934707903783,0.01726000960595295,97,False
bm25,3,bertQPP,16,0.65,0.36634752624198325,0.00022381492751867,0.22895189003436428,0.0008926252002239728,97,True
bm25,3,bertQPP(QV),16,0.65,0.3054182409638869,0.002349623179379678,0.15378006872852237,0.025646544632394585,97,False
bm25,3,bertQPP(QV),16,0.65,0.36385140409881517,0.00024882048556423185,0.2177835051546392,0.0015761513468118154,97,True
bm25,3,spatial,16,0.7,0.2776713075868133,0.005893230901256937,0.1469072164948454,0.033024149712135395,97,False
bm25,3,spatial,16,0.7,0.3652753923206335,0.00023425641410730963,0.2938144329896908,2.011782071963051e-05,97,True
bm25,3,a_ratio,16,0.7,0.29626310169933495,0.0032141613846561443,0.1512027491408935,0.028226597294347726,97,False
bm25,3,a_ratio,16,0.7,0.37199313179110455,0.00017557744303209455,0.2714776632302406,8.166950933778078e-05,97,True
bm25,3,nqc,16,0.7,0.05998931437425361,0.5594268640724959,0.008161512027491411,0.9057247746831294,97,False
bm25,3,nqc,16,0.7,0.1800445073992182,0.07761481507261482,0.09493127147766325,0.1683392012081001,97,True
bm25,3,bertQPP,16,0.7,0.29920662040611895,0.0029093012085909726,0.1597938144329897,0.02040649882574069,97,False
bm25,3,bertQPP,16,0.7,0.3504654777787622,0.0004327711328104435,0.2173539518900344,0.0016102081655090619,97,True
bm25,3,bertQPP(QV),16,0.7,0.2923713396405301,0.0036611070717080816,0.15378006872852237,0.025646544632394585,97,False
bm25,3,bertQPP(QV),16,0.7,0.3473199881863023,0.0004911640800973701,0.20747422680412375,0.0026065887949513057,97,True
bm25,3,spatial,16,0.75,0.26602106503197814,0.008446637659076207,0.14304123711340208,0.037922646089534044,97,False
bm25,3,spatial,16,0.75,0.36558290801644017,0.0002312164350378611,0.2968213058419244,1.6532495235382776e-05,97,True
bm25,3,a_ratio,16,0.75,0.28077310102867536,0.005340971663216278,0.1434707903780069,0.037349490378258986,97,False
bm25,3,a_ratio,16,0.75,0.3547648441458972,0.0003632451904528606,0.2594501718213059,0.00016660580916833792,97,True
bm25,3,nqc,16,0.75,0.07236329177677807,0.4811956237901819,0.020189003436426118,0.7695487264404447,97,False
bm25,3,nqc,16,0.75,0.19407832846268866,0.056802919988837,0.11125429553264607,0.10643517898925002,97,True
bm25,3,bertQPP,16,0.75,0.28491827770243217,0.004674907142084176,0.15592783505154642,0.023654871935139845,97,False
bm25,3,bertQPP,16,0.75,0.3341029238004063,0.0008242302317892629,0.2100515463917526,0.0023030471051788694,97,True
bm25,3,bertQPP(QV),16,0.75,0.27880584400381003,0.00568561873228509,0.14046391752577322,0.04152093691345949,97,False
bm25,3,bertQPP(QV),16,0.75,0.3308291045165216,0.0009337381453597991,0.20618556701030932,0.0027716955730928564,97,True
bm25,3,spatial,16,0.8,0.25490299786981896,0.011744540157375744,0.14261168384879727,0.03850326567762371,97,False
bm25,3,spatial,16,0.8,0.3647186226009994,0.00023985450365167802,0.2946735395189004,1.9024215360256178e-05,97,True
bm25,3,a_ratio,16,0.8,0.26602368094954,0.008445969225159673,0.14046391752577322,0.04152093691345949,97,False
bm25,3,a_ratio,16,0.8,0.33642188006930007,0.0007538998419984127,0.24570446735395193,0.0003632334933323789,97,True
bm25,3,nqc,16,0.8,0.09007431943248402,0.38026176222891084,0.04467353951890035,0.5168145411906753,97,False
bm25,3,nqc,16,0.8,0.21274620633186936,0.03642432335132473,0.12585910652920965,0.0677963948466897,97,True
bm25,3,bertQPP,16,0.8,0.2703255158803768,0.007407749179138196,0.14304123711340208,0.037922646089534044,97,False
bm25,3,bertQPP,16,0.8,0.3177613094684649,0.0015157892496445561,0.20103092783505158,0.0035320539175627825,97,True
bm25,3,bertQPP(QV),16,0.8,0.26522194504723373,0.00865302562019617,0.14218213058419246,0.039091423487606906,97,False
bm25,3,bertQPP(QV),16,0.8,0.31475638757709246,0.0016893620242674138,0.202319587628866,0.003325969220576063,97,True
bm25,3,spatial,16,0.85,0.24434456498374738,0.015865326833887805,0.13702749140893475,0.046764860648197036,97,False
bm25,3,spatial,16,0.85,0.36108024704696656,0.00027958588728588463,0.29252577319587636,2.187111894191921e-05,97,True
bm25,3,a_ratio,16,0.85,0.2521463227966366,0.01271844043266283,0.14218213058419246,0.039091423487606906,97,False
bm25,3,a_ratio,16,0.85,0.31728423423804997,0.001542219576015061,0.22938144329896912,0.0008728876884960134,97,True
bm25,3,nqc,16,0.85,0.1166195473364301,0.2553016923302091,0.05584192439862544,0.41775090102760204,97,False
bm25,3,nqc,16,0.85,0.23753260240428828,0.019143094265457915,0.14175257731958765,0.039687194240219145,97,True
bm25,3,bertQPP,16,0.85,0.2558821924221454,0.011414620111140413,0.13745704467353953,0.04608031263937092,97,False
bm25,3,bertQPP,16,0.85,0.3018029197223883,0.002662236454633947,0.19759450171821308,0.0041396512632380965,97,True
bm25,3,bertQPP(QV),16,0.85,0.2519717719433264,0.012782408764832479,0.13530927835051548,0.04958921997609662,97,False
bm25,3,bertQPP(QV),16,0.85,0.29934740075430105,0.002895394033514315,0.19544673539518906,0.0045660596694361046,97,True
bm25,3,spatial,16,0.9,0.2343530065864052,0.020862533654558466,0.13187285223367698,0.055668220302014286,97,False
bm25,3,spatial,16,0.9,0.3507254997449786,0.0004282415491933129,0.26932989690721654,9.295520334274114e-05,97,True
bm25,3,a_ratio,16,0.9,0.2391935973979285,0.018294378180717937,0.13917525773195877,0.0434259212403691,97,False
bm25,3,a_ratio,16,0.9,0.29767129884798094,0.003064911498474059,0.21563573883161516,0.0017533187111864498,97,True
bm25,3,nqc,16,0.9,0.15680020026943087,0.12508200307613948,0.07817869415807562,0.25660117603543875,97,False
bm25,3,nqc,16,0.9,0.2674541910115168,0.008087337113481747,0.15335051546391754,0.026061836085581373,97,True
bm25,3,bertQPP,16,0.9,0.24190234147980497,0.016979807543534436,0.13530927835051548,0.04958921997609662,97,False
bm25,3,bertQPP,16,0.9,0.28646912210523634,0.004445407876958781,0.19673539518900346,0.004305679427335466,97,True
bm25,3,bertQPP(QV),16,0.9,0.2392818806351411,0.018250190184539605,0.13487972508591067,0.050317249987351625,97,False
bm25,3,bertQPP(QV),16,0.9,0.28474527206205424,0.004701152525911156,0.1902920962199313,0.005756239608165468,97,True
bm25,3,spatial,16,0.95,0.2249213173069683,0.026762542779665485,0.13230240549828182,0.05487593045339063,97,False
bm25,3,spatial,16,0.95,0.3237370646533815,0.0012177779891823653,0.2564432989690722,0.00019821410424194529,97,True
bm25,3,a_ratio,16,0.95,0.227166208658916,0.02524294129878251,0.13788659793814437,0.04540422310195199,97,False
bm25,3,a_ratio,16,0.95,0.27788281740604853,0.005854023680623818,0.2014604810996564,0.0034621026042757834,97,True
bm25,3,nqc,16,0.95,0.20569747270025784,0.043249548460766014,0.10223367697594504,0.13793469449367568,97,False
bm25,3,nqc,16,0.95,0.2875321330542048,0.004293957890264129,0.19158075601374575,0.0054350017041903615,97,True
bm25,3,bertQPP,16,0.95,0.22858320481773786,0.024322095110412414,0.13445017182130586,0.05105421646643944,97,False
bm25,3,bertQPP,16,0.95,0.2719051936405895,0.007055791184823114,0.18728522336769762,0.006573343269072617,97,True
bm25,3,bertQPP(QV),16,0.95,0.2272821053399138,0.025166525926475707,0.13487972508591067,0.050317249987351625,97,False
bm25,3,bertQPP(QV),16,0.95,0.27101865888320015,0.0072514501190645885,0.1890034364261169,0.006094500520977148,97,True
bm25,3,spatial,16,1.0,0.21603286127883609,0.03356500218118392,0.12929553264604812,0.060624507125192455,97,False
bm25,3,spatial,16,1.0,0.25818494022206145,0.010670480376099531,0.18771477663230243,0.006450561996249079,97,True
bm25,3,a_ratio,16,1.0,0.21603286127883609,0.03356500218118392,0.12929553264604812,0.060624507125192455,97,False
bm25,3,a_ratio,16,1.0,0.25818494022206145,0.010670480376099531,0.18771477663230243,0.006450561996249079,97,True
bm25,3,nqc,16,1.0,0.21603286127883609,0.03356500218118392,0.12929553264604812,0.060624507125192455,97,False
bm25,3,nqc,16,1.0,0.25818494022206145,0.010670480376099531,0.18771477663230243,0.006450561996249079,97,True
bm25,3,bertQPP,16,1.0,0.21603286127883609,0.03356500218118392,0.12929553264604812,0.060624507125192455,97,False
bm25,3,bertQPP,16,1.0,0.25818494022206145,0.010670480376099531,0.18771477663230243,0.006450561996249079,97,True
bm25,3,bertQPP(QV),16,1.0,0.21603286127883609,0.03356500218118392,0.12929553264604812,0.060624507125192455,97,False
bm25,3,bertQPP(QV),16,1.0,0.25818494022206145,0.010670480376099531,0.18771477663230243,0.006450561996249079,97,True
bm25,3,0shot_pos,16,1.0,-0.33222288042239967,0.0008855901028538834,-0.26718213058419243,0.00010570268251880998,97,True
