retriever,k,qpp_method,window_size,alpha,r,p1(r),tau,p1(tau),num_of_queries,with_0shot_posterior
mt5,3,spatial,2,0.0,0.2902846878374204,0.003922970004373455,0.18084192439862545,0.008684754281086702,97,False
mt5,3,spatial,2,0.0,0.26535429986624426,0.008618538984371022,0.202319587628866,0.003325969220576063,97,True
mt5,3,a_ratio,2,0.0,0.09803737257445763,0.3394043292597756,-0.013316151202749144,0.846776975027774,97,False
mt5,3,a_ratio,2,0.0,0.14969969433654243,0.14332557850539354,0.036512027491408944,0.5962292897960457,97,True
mt5,3,nqc,2,0.0,0.15442839842392095,0.13096637688415508,-0.07946735395189004,0.2488442983857856,97,False
mt5,3,nqc,2,0.0,0.15472678452241714,0.13021468015154855,-0.0734536082474227,0.28647120739097054,97,True
mt5,3,bertQPP,2,0.0,0.20736116382374883,0.04154956735525624,0.16838487972508595,0.01454739544260673,97,False
mt5,3,bertQPP,2,0.0,0.26026210183363074,0.010036014791192966,0.21434707903780073,0.0018682268943729797,97,True
mt5,3,bertQPP(QV),2,0.0,0.1425608869433298,0.16362395549528624,0.11984536082474227,0.08201867152410211,97,False
mt5,3,bertQPP(QV),2,0.0,0.2107320277065453,0.03827554609004534,0.17353951890034366,0.011793812186781842,97,True
mt5,3,spatial,2,0.05,0.2955497205420642,0.0032922297727466555,0.18213058419243988,0.008219435652041644,97,False
mt5,3,spatial,2,0.05,0.2655273982936235,0.00857361860477823,0.2014604810996564,0.0034621026042757834,97,True
mt5,3,a_ratio,2,0.05,0.09855268644969618,0.3368594762986383,-0.01245704467353952,0.8565514226103272,97,False
mt5,3,a_ratio,2,0.05,0.15031595990979546,0.14166672231608193,0.03908934707903781,0.5705575497769013,97,True
mt5,3,nqc,2,0.05,0.18943582690585878,0.06311151910187496,0.10996563573883163,0.110550087489207,97,False
mt5,3,nqc,2,0.05,0.20759516667923072,0.04131498801817543,0.14218213058419246,0.039091423487606906,97,True
mt5,3,bertQPP,2,0.05,0.21323633642187786,0.035985385804441536,0.1666666666666667,0.01558372473088864,97,False
mt5,3,bertQPP,2,0.05,0.26589822777823807,0.008478078190513393,0.2216494845360825,0.001298168853613724,97,True
mt5,3,bertQPP(QV),2,0.05,0.14899481128321546,0.14524090601529685,0.12757731958762888,0.06412770883743656,97,False
mt5,3,bertQPP(QV),2,0.05,0.21777889907057754,0.03212444420199674,0.18513745704467358,0.007219338175415614,97,True
mt5,3,spatial,2,0.1,0.2980326347273506,0.003027631515990817,0.19286941580756015,0.005130036782382208,97,False
mt5,3,spatial,2,0.1,0.2657088777065612,0.008526744593489071,0.20103092783505158,0.0035320539175627825,97,True
mt5,3,a_ratio,2,0.1,0.09912334265764944,0.33405544701469836,-0.013316151202749144,0.846776975027774,97,False
mt5,3,a_ratio,2,0.1,0.15099646596331232,0.13985185414387538,0.04209621993127149,0.541289833276998,97,True
mt5,3,nqc,2,0.1,0.1888620015849132,0.06392939362445868,0.11383161512027494,0.0985701799206937,97,False
mt5,3,nqc,2,0.1,0.21670529148803766,0.033003907009129245,0.14261168384879727,0.03850326567762371,97,True
mt5,3,bertQPP,2,0.1,0.2189364286550174,0.03119846092158881,0.1701030927835052,0.013572314777054699,97,False
mt5,3,bertQPP,2,0.1,0.27104248056688235,0.007246130647569365,0.22250859106529214,0.001242886914966472,97,True
mt5,3,bertQPP(QV),2,0.1,0.15554681438333695,0.12816582410178906,0.12714776632302408,0.06502915478137135,97,False
mt5,3,bertQPP(QV),2,0.1,0.22448068559895842,0.027069765502776878,0.18341924398625434,0.007776554495134835,97,True
mt5,3,spatial,2,0.15,0.297250459911048,0.00310884946702961,0.18943298969072167,0.005979808014005902,97,False
mt5,3,spatial,2,0.15,0.26589842089921684,0.00847802867995359,0.20360824742268044,0.003130893451622874,97,True
mt5,3,a_ratio,2,0.15,0.09975869606661154,0.3309509957434305,-0.010738831615120277,0.8761649965497997,97,False
mt5,3,a_ratio,2,0.15,0.151751713960037,0.1378583273102953,0.04209621993127149,0.541289833276998,97,True
mt5,3,nqc,2,0.15,0.17600144367407536,0.0846301872526787,0.1164089347079038,0.09117630712765404,97,False
mt5,3,nqc,2,0.15,0.20896801234964435,0.039960890173542686,0.14218213058419246,0.039091423487606906,97,True
mt5,3,bertQPP,2,0.15,0.22423278555296539,0.027243922545254963,0.17268041237113405,0.01221789425088413,97,False
mt5,3,bertQPP,2,0.15,0.27545952542330193,0.006317389700757284,0.22250859106529214,0.001242886914966472,97,True
mt5,3,bertQPP(QV),2,0.15,0.16204771927658335,0.11278569556032028,0.13058419243986258,0.05810246319620013,97,False
mt5,3,bertQPP(QV),2,0.15,0.23059058350731254,0.023066725306754694,0.18470790378006877,0.007355176256510775,97,True
mt5,3,spatial,2,0.2,0.29300212768632267,0.0035850858374293945,0.19587628865979384,0.004477722918252414,97,False
mt5,3,spatial,2,0.2,0.2660952195387612,0.008427707319229864,0.20403780068728525,0.00306822352558543,97,True
mt5,3,a_ratio,2,0.2,0.10047031650119512,0.32749576966909644,-0.010309278350515465,0.8810807858527536,97,False
mt5,3,a_ratio,2,0.2,0.1525945984900637,0.13565901409906037,0.043814432989690726,0.5249088158491623,97,True
mt5,3,nqc,2,0.2,0.1632229125341293,0.11016494401590922,0.11168384879725088,0.1050908480999539,97,False
mt5,3,nqc,2,0.2,0.19912219314501825,0.05054403366239461,0.14003436426116841,0.04214791401843269,97,True
mt5,3,bertQPP,2,0.2,0.22883139023240356,0.024163794755225333,0.1752577319587629,0.010984624932232429,97,False
mt5,3,bertQPP,2,0.2,0.2788833075393955,0.005671683148638305,0.2169243986254296,0.001644941169576058,97,True
mt5,3,bertQPP(QV),2,0.2,0.16826140114983168,0.09946187110810879,0.1314432989690722,0.05647001729864357,97,False
mt5,3,bertQPP(QV),2,0.2,0.23582715022843043,0.020049552163707157,0.18857388316151205,0.006211170636578692,97,True
mt5,3,spatial,2,0.25,0.28543567688132093,0.0045971936381943,0.1898625429553265,0.005867063974983271,97,False
mt5,3,spatial,2,0.25,0.26629768828131856,0.008376210638427146,0.20446735395189009,0.0030066996042901117,97,True
mt5,3,a_ratio,2,0.25,0.10127267789350067,0.32362770060991913,-0.009879725085910654,0.886001161240211,97,False
mt5,3,a_ratio,2,0.25,0.153541119295296,0.13322118714068135,0.04510309278350516,0.5127917901399865,97,True
mt5,3,nqc,2,0.25,0.15291012253888275,0.13484262217097454,0.11254295532646051,0.10244263799035044,97,False
mt5,3,nqc,2,0.25,0.1906033424904674,0.06147372773792843,0.13788659793814437,0.04540422310195199,97,True
mt5,3,bertQPP,2,0.25,0.23237829290169054,0.021995764308654894,0.18127147766323026,0.008527096049992753,97,False
mt5,3,bertQPP,2,0.25,0.2810326949489856,0.00529690820455835,0.21950171821305847,0.0014464512863097319,97,True
mt5,3,bertQPP(QV),2,0.25,0.1738827807264226,0.08850300346165425,0.12886597938144334,0.06148508875649665,97,False
mt5,3,bertQPP(QV),2,0.25,0.2398939426911659,0.01794635887460033,0.18814432989690724,0.00632984784895861,97,True
mt5,3,spatial,2,0.3,0.2750235143640512,0.006404125046034022,0.18170103092783507,0.008372001763204117,97,False
mt5,3,spatial,2,0.3,0.2665030116959746,0.008324270951887201,0.20575601374570449,0.0028288190417010725,97,True
mt5,3,a_ratio,2,0.3,0.10218411787008934,0.3192694724693945,-0.01202749140893471,0.8614470077832815,97,False
mt5,3,a_ratio,2,0.3,0.15461135802277898,0.13050507181483287,0.04853951890034365,0.4812066051703042,97,True
mt5,3,nqc,2,0.3,0.1448757050178177,0.15682102667565548,0.10824742268041239,0.11623089832126132,97,False
mt5,3,nqc,2,0.3,0.1837341492059628,0.07162689910700816,0.13402061855670105,0.051800200122302374,97,True
mt5,3,bertQPP,2,0.3,0.2344818772253834,0.02079035183293362,0.1778350515463918,0.009863239446727635,97,False
mt5,3,bertQPP,2,0.3,0.28163635986694385,0.005195689129697617,0.22079037800687287,0.0013557124652369783,97,True
mt5,3,bertQPP(QV),2,0.3,0.1785512129012563,0.0801495605659335,0.12628865979381446,0.0668634129345248,97,False
mt5,3,bertQPP(QV),2,0.3,0.24250986432957514,0.016696436066165964,0.1902920962199313,0.005756239608165468,97,True
mt5,3,spatial,2,0.35,0.2624548059309943,0.009402366755223338,0.17568728522336774,0.01079019991112942,97,False
mt5,3,spatial,2,0.35,0.26670641473433265,0.008273096835043812,0.20790378006872856,0.0025535840012904936,97,True
mt5,3,a_ratio,2,0.35,0.10322819764371889,0.31432367549073204,-0.01245704467353952,0.8565514226103272,97,False
mt5,3,a_ratio,2,0.35,0.1558308384411362,0.127461966530878,0.050257731958762895,0.4658203551040343,97,True
mt5,3,nqc,2,0.35,0.13858154150821106,0.17582635937949248,0.10695876288659796,0.12064011527036375,97,False
mt5,3,nqc,2,0.35,0.17823744412128198,0.0806904810511225,0.13402061855670105,0.051800200122302374,97,True
mt5,3,bertQPP,2,0.35,0.23475649601562654,0.020637249289950813,0.1782646048109966,0.009686599012848096,97,False
mt5,3,bertQPP,2,0.35,0.28046521835171107,0.0053936536947002565,0.22079037800687287,0.0013557124652369783,97,True
mt5,3,bertQPP(QV),2,0.35,0.1818858725770205,0.07457815661639616,0.12371134020618559,0.07262323979726368,97,False
mt5,3,bertQPP(QV),2,0.35,0.2434467323802719,0.016267456057418434,0.19286941580756015,0.005130036782382208,97,True
mt5,3,spatial,2,0.4,0.2484924983898262,0.014117222804861934,0.1666666666666667,0.01558372473088864,97,False
mt5,3,spatial,2,0.4,0.2668999654751622,0.008224658857833408,0.20618556701030932,0.0027716955730928564,97,True
mt5,3,a_ratio,2,0.4,0.10443566641406397,0.3086660740105173,-0.009020618556701032,0.8958549214709819,97,False
mt5,3,a_ratio,2,0.4,0.1572324507784191,0.12403180261536371,0.04982817869415808,0.4696411010880063,97,True
mt5,3,nqc,2,0.4,0.13357137270731612,0.19212290769598045,0.10352233676975947,0.1330387570764664,97,False
mt5,3,nqc,2,0.4,0.17379755017166962,0.08866169392670965,0.13487972508591067,0.050317249987351625,97,True
mt5,3,bertQPP,2,0.4,0.2328853030438763,0.021699890994785934,0.1679553264604811,0.014800614099959652,97,False
mt5,3,bertQPP,2,0.4,0.27736730527613124,0.0059499912298709105,0.21649484536082478,0.0016803624081385136,97,True
mt5,3,bertQPP(QV),2,0.4,0.18354367692062304,0.07192661658407172,0.13187285223367698,0.055668220302014286,97,False
mt5,3,bertQPP(QV),2,0.4,0.24256629531718463,0.016670323143516505,0.19286941580756015,0.005130036782382208,97,True
mt5,3,spatial,2,0.45,0.2338484098504773,0.021147235912393564,0.1512027491408935,0.028226597294347726,97,False
mt5,3,spatial,2,0.45,0.26707056560057474,0.008182171750176442,0.20661512027491413,0.0027156275780873427,97,True
mt5,3,a_ratio,2,0.45,0.10584735803924025,0.30213614099339825,-0.007731958762886599,0.9106652645488371,97,False
mt5,3,a_ratio,2,0.45,0.15885921827512803,0.12013999996038512,0.05541237113402062,0.42134149715143543,97,True
mt5,3,nqc,2,0.45,0.12951224866642108,0.20610641233520632,0.10266323024054985,0.13628751627610397,97,False
mt5,3,nqc,2,0.45,0.17016139502906966,0.09564455844246626,0.13230240549828182,0.05487593045339063,97,True
mt5,3,bertQPP,2,0.45,0.22868928165321614,0.02425432810575002,0.16623711340206188,0.015852745291372216,97,False
mt5,3,bertQPP,2,0.45,0.27229701693642544,0.006970812287936225,0.21950171821305847,0.0014464512863097319,97,True
mt5,3,bertQPP(QV),2,0.45,0.18328869003283002,0.07232943264406103,0.12972508591065296,0.0597739314027888,97,False
mt5,3,bertQPP(QV),2,0.45,0.2398464770877365,0.01796976411125572,0.1829896907216495,0.007921746820669876,97,True
mt5,3,spatial,2,0.5,0.21910678921555934,0.03106410003557267,0.14046391752577322,0.04152093691345949,97,False
mt5,3,spatial,2,0.5,0.26719648769914317,0.008150935591758838,0.20618556701030932,0.0027716955730928564,97,True
mt5,3,a_ratio,2,0.5,0.10751855643164125,0.2945236223383973,-0.005154639175257733,0.940374133088132,97,False
mt5,3,a_ratio,2,0.5,0.1607683364390817,0.11569350175448069,0.056701030927835065,0.41062402699366984,97,True
mt5,3,nqc,2,0.5,0.12616827654736584,0.21816121650919557,0.09922680412371135,0.1498976871116754,97,False
mt5,3,nqc,2,0.5,0.16714080208323595,0.10176874984197336,0.1284364261168385,0.06235576017343852,97,True
mt5,3,bertQPP,2,0.5,0.2221798966106653,0.028723042854737868,0.16752577319587633,0.015057708996420909,97,False
mt5,3,bertQPP,2,0.5,0.26533012826680935,0.008624828145876586,0.21649484536082478,0.0016803624081385136,97,True
mt5,3,bertQPP(QV),2,0.5,0.18105028112265112,0.07594410586562306,0.13359106529209622,0.05255528194642074,97,False
mt5,3,bertQPP(QV),2,0.5,0.23538824818860957,0.02028870988326071,0.18513745704467358,0.007219338175415614,97,True
mt5,3,spatial,2,0.55,0.20469810221633947,0.04429824435536495,0.14089347079037803,0.040901875311072,97,False
mt5,3,spatial,2,0.55,0.26724122336922584,0.008139863800538372,0.20747422680412375,0.0026065887949513057,97,True
mt5,3,a_ratio,2,0.55,0.1095257213051287,0.2855493955740403,0.0,1.0,97,False
mt5,3,a_ratio,2,0.55,0.1630371456417583,0.11057603520043466,0.056701030927835065,0.41062402699366984,97,True
mt5,3,nqc,2,0.55,0.12337175291704856,0.22861873301097185,0.09793814432989692,0.1552606461818409,97,False
mt5,3,nqc,2,0.55,0.1645978782845298,0.1071590679362716,0.12628865979381446,0.0668634129345248,97,True
mt5,3,bertQPP,2,0.55,0.21357285328546396,0.035686593862424884,0.1585051546391753,0.021443192891173694,97,False
mt5,3,bertQPP,2,0.55,0.25665908491197825,0.01115865006043596,0.2177835051546392,0.0015761513468118154,97,True
mt5,3,bertQPP(QV),2,0.55,0.17694544300567305,0.08294863085878794,0.12628865979381446,0.0668634129345248,97,False
mt5,3,bertQPP(QV),2,0.55,0.2294003975196352,0.02380417898595777,0.18427835051546396,0.0074933028749945285,97,True
mt5,3,spatial,2,0.6,0.19090803643012308,0.06105204958949875,0.13487972508591067,0.050317249987351625,97,False
mt5,3,spatial,2,0.6,0.2671421596882243,0.008164399259637974,0.20446735395189009,0.0030066996042901117,97,True
mt5,3,a_ratio,2,0.6,0.11197706162641864,0.274838476278088,0.0017182130584192442,0.9801082366692063,97,False
mt5,3,a_ratio,2,0.6,0.16577200593604602,0.10464320533295876,0.06142611683848798,0.37273483374323335,97,True
mt5,3,nqc,2,0.6,0.12100176005471562,0.2377522414383508,0.09493127147766325,0.1683392012081001,97,False
mt5,3,nqc,2,0.6,0.16243107594812323,0.11192552543435633,0.12714776632302408,0.06502915478137135,97,True
mt5,3,bertQPP,2,0.6,0.20325413465990028,0.045850709421757875,0.1554982817869416,0.02404211148041231,97,False
mt5,3,bertQPP,2,0.6,0.2465689830391104,0.014905898172922528,0.21520618556701035,0.0017908788065225548,97,True
mt5,3,bertQPP(QV),2,0.6,0.17125414066226777,0.09350196289357886,0.12328178694158079,0.07362159410235054,97,False
mt5,3,bertQPP(QV),2,0.6,0.2221669033426656,0.028732617080256814,0.18084192439862545,0.008684754281086702,97,True
mt5,3,spatial,2,0.65,0.17790385021786417,0.08126877464357311,0.12113402061855671,0.07878300963914868,97,False
mt5,3,spatial,2,0.65,0.2667888670801193,0.008252431700242154,0.20575601374570449,0.0028288190417010725,97,True
mt5,3,a_ratio,2,0.65,0.11502936589963608,0.2618836502381172,0.005154639175257733,0.940374133088132,97,False
mt5,3,a_ratio,2,0.65,0.16912127843892244,0.0977197165054232,0.06615120274914091,0.33709113316806516,97,True
mt5,3,nqc,2,0.65,0.11896959717300529,0.24578329591225972,0.09278350515463919,0.1781756748775648,97,False
mt5,3,nqc,2,0.65,0.1605647186868041,0.11616159016282646,0.12628865979381446,0.0668634129345248,97,True
mt5,3,bertQPP,2,0.65,0.19170999586204926,0.05995344590485696,0.1473367697594502,0.03251488713772691,97,False
mt5,3,bertQPP,2,0.65,0.23540064841510833,0.02028191952918949,0.19673539518900346,0.004305679427335466,97,True
mt5,3,bertQPP(QV),2,0.65,0.16435815515846353,0.10767848443386736,0.12500000000000003,0.06969448971824621,97,False
mt5,3,bertQPP(QV),2,0.65,0.21400668413351925,0.03530447264169378,0.18384879725085912,0.0076337511300162714,97,True
mt5,3,spatial,2,0.7,0.16576484876034464,0.10465840031053734,0.11898625429553265,0.08423505409007553,97,False
mt5,3,spatial,2,0.7,0.2659794724911899,0.00845727187484025,0.21091065292096223,0.002209296231634933,97,True
mt5,3,a_ratio,2,0.7,0.11891447091549079,0.24600373003128456,0.008161512027491411,0.9057247746831294,97,False
mt5,3,a_ratio,2,0.7,0.17329289521455382,0.0896059381459519,0.06872852233676977,0.3186051074891699,97,True
mt5,3,nqc,2,0.7,0.11720904411230236,0.25289069723316493,0.09106529209621994,0.18634796497677564,97,False
mt5,3,nqc,2,0.7,0.15894160912458646,0.11994542476100753,0.12328178694158079,0.07362159410235054,97,True
mt5,3,bertQPP,2,0.7,0.17944642225285767,0.07862219148982154,0.138745704467354,0.04407710548149226,97,False
mt5,3,bertQPP,2,0.7,0.22351039204317513,0.02775686077781517,0.19072164948453613,0.005647306460207743,97,True
mt5,3,bertQPP(QV),2,0.7,0.15666844142224662,0.1254034786564714,0.11984536082474227,0.08201867152410211,97,False
mt5,3,bertQPP(QV),2,0.7,0.20523601789229176,0.043731184939163475,0.17182130584192443,0.01265543298933369,97,True
mt5,3,spatial,2,0.75,0.15450980813998635,0.13076096110993415,0.11297250859106532,0.10113858933462912,97,False
mt5,3,spatial,2,0.75,0.26432825686096445,0.00888907989935191,0.2096219931271478,0.002351276432455258,97,True
mt5,3,a_ratio,2,0.75,0.1239770139688248,0.22632612183302708,0.017611683848797254,0.7982864258103413,97,False
mt5,3,a_ratio,2,0.75,0.17857102670051686,0.0801155002064836,0.07817869415807562,0.25660117603543875,97,True
mt5,3,nqc,2,0.75,0.11566982785638803,0.25921895349475943,0.09063573883161513,0.18843365829791547,97,False
mt5,3,nqc,2,0.75,0.1575178901005121,0.12334201687529217,0.12242268041237117,0.07565197367789964,97,True
mt5,3,bertQPP,2,0.75,0.16692269469610688,0.1022225833674452,0.13101374570446736,0.05728140399891128,97,False
mt5,3,bertQPP,2,0.75,0.21123524163140708,0.037805822506007,0.1778350515463918,0.009863239446727635,97,True
mt5,3,bertQPP(QV),2,0.75,0.1485649518567062,0.14641836390096202,0.11855670103092786,0.08536128644887009,97,False
mt5,3,bertQPP(QV),2,0.75,0.1961405895889337,0.05417118831660531,0.1589347079037801,0.021092644173514117,97,True
mt5,3,spatial,2,0.8,0.14411867812884258,0.15902219463952286,0.10953608247422682,0.11194930892644765,97,False
mt5,3,spatial,2,0.8,0.2610585441584952,0.0098016581102589,0.20575601374570449,0.0028288190417010725,97,True
mt5,3,a_ratio,2,0.8,0.13070298160595695,0.20193106497218755,0.030068728522336774,0.6625964496656107,97,False
mt5,3,a_ratio,2,0.8,0.18529443380480892,0.06920945273628494,0.0854810996563574,0.2148174024411691,97,True
mt5,3,nqc,2,0.8,0.1143131827576892,0.26488538114412863,0.09106529209621994,0.18634796497677564,97,False
mt5,3,nqc,2,0.8,0.15625946392877324,0.12640537086045373,0.1207044673539519,0.07984982362376257,97,True
mt5,3,bertQPP,2,0.8,0.15451190664322345,0.1307556693482857,0.12500000000000003,0.06969448971824621,97,False
mt5,3,bertQPP,2,0.8,0.19886888747926207,0.0508441886418917,0.16237113402061856,0.018463547347092265,97,True
mt5,3,bertQPP(QV),2,0.8,0.14036086484451954,0.17029010926341148,0.11211340206185569,0.10376002930884054,97,False
mt5,3,bertQPP(QV),2,0.8,0.18695949919423482,0.06670284862958505,0.147766323024055,0.03201236643126749,97,True
mt5,3,spatial,2,0.85,0.1345484204297013,0.18886202849034947,0.10180412371134022,0.13959717520298046,97,False
mt5,3,spatial,2,0.85,0.25451325097202926,0.011878155442124692,0.21262886597938147,0.002032205430312129,97,True
mt5,3,a_ratio,2,0.85,0.1395670509543885,0.17274391400367053,0.04725085910652922,0.4929254477765376,97,False
mt5,3,a_ratio,2,0.85,0.1935961654268372,0.057433092024338876,0.09836769759450173,0.15345704089516993,97,True
mt5,3,nqc,2,0.85,0.1131087858282869,0.2699857909311629,0.08977663230240551,0.19265661141875967,97,False
mt5,3,nqc,2,0.85,0.15513947338890333,0.1291804666604758,0.11855670103092786,0.08536128644887009,97,True
mt5,3,bertQPP,2,0.85,0.14248824739856475,0.16384091989485638,0.11469072164948456,0.0960541193445157,97,False
mt5,3,bertQPP,2,0.85,0.1866494475427586,0.06716394496501635,0.14905498281786944,0.030544557732034724,97,True
mt5,3,bertQPP(QV),2,0.85,0.13229061138974332,0.19645886611260088,0.10567010309278352,0.12517917667351905,97,False
mt5,3,bertQPP(QV),2,0.85,0.17787990923786454,0.08131040392716375,0.1473367697594502,0.03251488713772691,97,True
mt5,3,spatial,2,0.9,0.1257439113315856,0.21972595839563067,0.093213058419244,0.17617491386576734,97,False
mt5,3,spatial,2,0.9,0.24097112812613738,0.017422220627601175,0.20360824742268044,0.003130893451622874,97,True
mt5,3,a_ratio,2,0.9,0.1495788046858511,0.1436527013288296,0.07130584192439864,0.3007958300881056,97,False
mt5,3,a_ratio,2,0.9,0.20186344218430774,0.04738826948408426,0.10953608247422682,0.11194930892644765,97,True
mt5,3,nqc,2,0.9,0.11203260608416789,0.274598950032056,0.0889175257731959,0.1969487085850582,97,False
mt5,3,nqc,2,0.9,0.15413650742139035,0.13170491111250635,0.11769759450171824,0.08765026442852013,97,True
mt5,3,bertQPP,2,0.9,0.13103327589780234,0.20078370297349438,0.10137457044673541,0.14127503537333896,97,False
mt5,3,bertQPP,2,0.9,0.1747571627001306,0.08688797488821205,0.13788659793814437,0.04540422310195199,97,True
mt5,3,bertQPP(QV),2,0.9,0.12451435099297598,0.22430436252410216,0.10008591065292097,0.14640165493450158,97,False
mt5,3,bertQPP(QV),2,0.9,0.16903923132396384,0.09788490532970961,0.13316151202749144,0.05331954320676675,97,True
mt5,3,spatial,2,0.95,0.11764509374900932,0.2511173642111321,0.09106529209621994,0.18634796497677564,97,False
mt5,3,spatial,2,0.95,0.21206607284574855,0.037040849823257956,0.17182130584192443,0.01265543298933369,97,True
mt5,3,a_ratio,2,0.95,0.15005682309940435,0.1423624862041521,0.09879725085910654,0.15166941209887877,97,False
mt5,3,a_ratio,2,0.95,0.19933182745226133,0.050296733394620256,0.14518900343642613,0.03513003275683934,97,True
mt5,3,nqc,2,0.95,0.11106537065524245,0.27879005756405706,0.08719931271477664,0.2057421374120063,97,False
mt5,3,nqc,2,0.95,0.15323330576539324,0.13401029225822883,0.11726804123711342,0.08881318243030219,97,True
mt5,3,bertQPP,2,0.95,0.12025197124138327,0.2406938824804511,0.09149484536082475,0.1842793810224047,97,False
mt5,3,bertQPP,2,0.95,0.16331882879638393,0.10995315264592181,0.12714776632302408,0.06502915478137135,97,True
mt5,3,bertQPP(QV),2,0.95,0.11713067271030198,0.2532103271830812,0.09235395189003438,0.18019329783502935,97,False
mt5,3,bertQPP(QV),2,0.95,0.16053156814793942,0.11623793699339624,0.12328178694158079,0.07362159410235054,97,True
mt5,3,spatial,2,1.0,0.11019145370506891,0.28261344896124413,0.08719931271477664,0.2057421374120063,97,False
mt5,3,spatial,2,1.0,0.15241581112695132,0.13612327581225256,0.1164089347079038,0.09117630712765404,97,True
mt5,3,a_ratio,2,1.0,0.11019145370506891,0.28261344896124413,0.08719931271477664,0.2057421374120063,97,False
mt5,3,a_ratio,2,1.0,0.15241581112695132,0.13612327581225256,0.1164089347079038,0.09117630712765404,97,True
mt5,3,nqc,2,1.0,0.11019145370506891,0.28261344896124413,0.08719931271477664,0.2057421374120063,97,False
mt5,3,nqc,2,1.0,0.15241581112695132,0.13612327581225256,0.1164089347079038,0.09117630712765404,97,True
mt5,3,bertQPP,2,1.0,0.11019145370506891,0.28261344896124413,0.08719931271477664,0.2057421374120063,97,False
mt5,3,bertQPP,2,1.0,0.15241581112695132,0.13612327581225256,0.1164089347079038,0.09117630712765404,97,True
mt5,3,bertQPP(QV),2,1.0,0.11019145370506891,0.28261344896124413,0.08719931271477664,0.2057421374120063,97,False
mt5,3,bertQPP(QV),2,1.0,0.15241581112695132,0.13612327581225256,0.1164089347079038,0.09117630712765404,97,True
mt5,3,spatial,3,0.0,0.2902846878374204,0.003922970004373455,0.18084192439862545,0.008684754281086702,97,False
mt5,3,spatial,3,0.0,0.26535429986624426,0.008618538984371022,0.202319587628866,0.003325969220576063,97,True
mt5,3,a_ratio,3,0.0,0.09803737257445763,0.3394043292597756,-0.013316151202749144,0.846776975027774,97,False
mt5,3,a_ratio,3,0.0,0.14969969433654243,0.14332557850539354,0.036512027491408944,0.5962292897960457,97,True
mt5,3,nqc,3,0.0,0.15442839842392095,0.13096637688415508,-0.07946735395189004,0.2488442983857856,97,False
mt5,3,nqc,3,0.0,0.15472678452241714,0.13021468015154855,-0.0734536082474227,0.28647120739097054,97,True
mt5,3,bertQPP,3,0.0,0.20736116382374883,0.04154956735525624,0.16838487972508595,0.01454739544260673,97,False
mt5,3,bertQPP,3,0.0,0.26026210183363074,0.010036014791192966,0.21434707903780073,0.0018682268943729797,97,True
mt5,3,bertQPP(QV),3,0.0,0.1425608869433298,0.16362395549528624,0.11984536082474227,0.08201867152410211,97,False
mt5,3,bertQPP(QV),3,0.0,0.2107320277065453,0.03827554609004534,0.17353951890034366,0.011793812186781842,97,True
mt5,3,spatial,3,0.05,0.3013287734100087,0.0027058965546828307,0.18041237113402064,0.008845012615594157,97,False
mt5,3,spatial,3,0.05,0.2660043749092723,0.008450903508977588,0.2014604810996564,0.0034621026042757834,97,True
mt5,3,a_ratio,3,0.05,0.09886632617295474,0.3353165086399956,-0.013745704467353953,0.841898479106889,97,False
mt5,3,a_ratio,3,0.05,0.1506199953042975,0.14085369009808935,0.039948453608247426,0.5621188569054614,97,True
mt5,3,nqc,3,0.05,0.22107541225635113,0.0295466068150684,0.12285223367697597,0.07463114343880432,97,False
mt5,3,nqc,3,0.05,0.2399881817093587,0.01789996759226203,0.16022336769759454,0.02007078628569656,97,True
mt5,3,bertQPP,3,0.05,0.21699458835027935,0.03276495167136683,0.16967353951890035,0.013810511589466142,97,False
mt5,3,bertQPP,3,0.05,0.26956826059420863,0.007581897144845447,0.21907216494845363,0.0014779202366871586,97,True
mt5,3,bertQPP(QV),3,0.05,0.153182581482129,0.13414066882988712,0.13316151202749144,0.05331954320676675,97,False
mt5,3,bertQPP(QV),3,0.05,0.22198659468219098,0.028865758800314317,0.19158075601374575,0.0054350017041903615,97,True
mt5,3,spatial,3,0.1,0.30950638407141345,0.0020362768602850993,0.1941580756013746,0.0048406217198878375,97,False
mt5,3,spatial,3,0.1,0.26671115008284185,0.008271908776651312,0.2014604810996564,0.0034621026042757834,97,True
mt5,3,a_ratio,3,0.1,0.09978492004421147,0.3308232566003984,-0.014175257731958766,0.8370260449777805,97,False
mt5,3,a_ratio,3,0.1,0.15163709298806452,0.13815948155485683,0.04123711340206186,0.5495750194028222,97,True
mt5,3,nqc,3,0.1,0.23748661545758476,0.019167066084921115,0.12414089347079041,0.07163599473940602,97,False
mt5,3,nqc,3,0.1,0.2652789361666359,0.008638161048738659,0.16623711340206188,0.015852745291372216,97,True
mt5,3,bertQPP,3,0.1,0.22669116784351623,0.025558223429709634,0.17611683848797252,0.010598840128977079,97,False
mt5,3,bertQPP,3,0.1,0.2785335996938457,0.005734836510050964,0.22422680412371138,0.0011387880187863695,97,True
mt5,3,bertQPP(QV),3,0.1,0.16425553231308213,0.10790143975486378,0.13530927835051548,0.04958921997609662,97,False
mt5,3,bertQPP(QV),3,0.1,0.23307911508217113,0.021587693140628677,0.1937285223367698,0.004935409194231109,97,True
mt5,3,spatial,3,0.15,0.31424860453946346,0.0017204090957317962,0.19673539518900346,0.004305679427335466,97,False
mt5,3,spatial,3,0.15,0.26748195435112804,0.008080511566052932,0.20317869415807563,0.0031947282487263706,97,True
mt5,3,a_ratio,3,0.15,0.10080842395185749,0.3258622163613184,-0.01202749140893471,0.8614470077832815,97,False
mt5,3,a_ratio,3,0.15,0.1527669804852026,0.1352125258859086,0.04209621993127149,0.541289833276998,97,True
mt5,3,nqc,3,0.15,0.23234278201095687,0.022016616014849402,0.12414089347079041,0.07163599473940602,97,False
mt5,3,nqc,3,0.15,0.264490795093483,0.00884573139667619,0.1670962199312715,0.015318729327102553,97,True
mt5,3,bertQPP,3,0.15,0.23619268289983206,0.019852225302356852,0.1786941580756014,0.00951278395726825,97,False
mt5,3,bertQPP,3,0.15,0.28689145866411353,0.004384675316441636,0.2255154639175258,0.0010660691222714972,97,True
mt5,3,bertQPP(QV),3,0.15,0.1755773362769006,0.08539443691128609,0.13402061855670105,0.051800200122302374,97,False
mt5,3,bertQPP(QV),3,0.15,0.24371060017344084,0.016148368066125254,0.18728522336769762,0.006573343269072617,97,True
mt5,3,spatial,3,0.2,0.3153086798989598,0.0016561700797464646,0.20060137457044677,0.0036032888355043277,97,False
mt5,3,spatial,3,0.2,0.2683253061433603,0.007875579580760463,0.20403780068728525,0.00306822352558543,97,True
mt5,3,a_ratio,3,0.2,0.10195575545511065,0.32035786656746656,-0.00859106529209622,0.9007879306638119,97,False
mt5,3,a_ratio,3,0.2,0.15402934366889093,0.1319768494638195,0.04295532646048111,0.5330675016802799,97,True
mt5,3,nqc,3,0.2,0.22339508954262208,0.027839485398321494,0.12242268041237117,0.07565197367789964,97,False
mt5,3,nqc,3,0.2,0.25801497372684684,0.010723916862643665,0.16408934707903783,0.01726000960595295,97,True
mt5,3,bertQPP,3,0.2,0.24516135553448906,0.015506997207831365,0.17998281786941583,0.009007907605249525,97,False
mt5,3,bertQPP,3,0.2,0.29433881054698197,0.0034286431803669803,0.2255154639175258,0.0010660691222714972,97,True
mt5,3,bertQPP(QV),3,0.2,0.18685075112633182,0.06686428141470158,0.1434707903780069,0.037349490378258986,97,False
mt5,3,bertQPP(QV),3,0.2,0.2535358713724466,0.012219075776241584,0.1898625429553265,0.005867063974983271,97,True
mt5,3,spatial,3,0.25,0.3128159604326768,0.0018108077402946834,0.202319587628866,0.003325969220576063,97,False
mt5,3,spatial,3,0.25,0.26925110833710475,0.007655900060475611,0.20618556701030932,0.0027716955730928564,97,True
mt5,3,a_ratio,3,0.25,0.1032506270665178,0.3142179744710643,-0.009450171821305843,0.8909259356400668,97,False
mt5,3,a_ratio,3,0.25,0.15544867857073802,0.12840971052576858,0.046821305841924406,0.49686544158769386,97,True
mt5,3,nqc,3,0.25,0.2152034681960509,0.03426811099678822,0.1254295532646048,0.06874005870255491,97,False
mt5,3,nqc,3,0.25,0.25135442609117054,0.013010903093708942,0.16237113402061856,0.018463547347092265,97,True
mt5,3,bertQPP,3,0.25,0.2531874951676165,0.012342639104223424,0.18384879725085912,0.0076337511300162714,97,False
mt5,3,bertQPP,3,0.25,0.3005547884103655,0.0027785509100663026,0.22895189003436428,0.0008926252002239728,97,True
mt5,3,bertQPP(QV),3,0.25,0.1976799274913881,0.05227274519061999,0.14261168384879727,0.03850326567762371,97,False
mt5,3,bertQPP(QV),3,0.25,0.26218820088828265,0.009477486387030503,0.1911512027491409,0.005540236417616152,97,True
mt5,3,spatial,3,0.3,0.3072285992066188,0.0022058642137272,0.20833333333333337,0.0025015666651811157,97,False
mt5,3,spatial,3,0.3,0.27027084777280724,0.0074202020491452815,0.20618556701030932,0.0027716955730928564,97,True
mt5,3,a_ratio,3,0.3,0.10472314965876504,0.3073288982718338,-0.009020618556701032,0.8958549214709819,97,False
mt5,3,a_ratio,3,0.3,0.15705583375979465,0.12446009214698925,0.04939862542955327,0.47347910625616985,97,True
mt5,3,nqc,3,0.3,0.2084517677564486,0.040465672702991055,0.1245704467353952,0.07065977324075139,97,False
mt5,3,nqc,3,0.3,0.2456144189566031,0.015311274677295868,0.16408934707903783,0.01726000960595295,97,True
mt5,3,bertQPP,3,0.3,0.25981687307293205,0.010169153630108802,0.18041237113402064,0.008845012615594157,97,False
mt5,3,bertQPP,3,0.3,0.3052289184718058,0.0023651344090453576,0.22594501718213064,0.0010428004886634003,97,True
mt5,3,bertQPP(QV),3,0.3,0.20758809948862875,0.04132205641925602,0.14003436426116841,0.04214791401843269,97,False
mt5,3,bertQPP(QV),3,0.3,0.269316365675026,0.0076406213523360226,0.18857388316151205,0.006211170636578692,97,True
mt5,3,spatial,3,0.35,0.29921076642632044,0.002908890782541523,0.2014604810996564,0.0034621026042757834,97,False
mt5,3,spatial,3,0.35,0.2713977642113234,0.0071672024352929,0.20876288659793818,0.0024505203740822256,97,True
mt5,3,a_ratio,3,0.35,0.10641211516129986,0.299549318265984,-0.007302405498281788,0.9156092108578661,97,False
mt5,3,a_ratio,3,0.35,0.1588901746804985,0.12006686444498638,0.04939862542955327,0.47347910625616985,97,True
mt5,3,nqc,3,0.35,0.2029883313713651,0.04614134332820623,0.12199312714776635,0.07668417076895777,97,False
mt5,3,nqc,3,0.35,0.2408554646994228,0.01747785989555393,0.16408934707903783,0.01726000960595295,97,True
mt5,3,bertQPP,3,0.35,0.26460105423537406,0.008816431477618602,0.17912371134020622,0.009341755733078497,97,False
mt5,3,bertQPP,3,0.35,0.3080962638552196,0.0021398172768036143,0.22938144329896912,0.0008728876884960134,97,True
mt5,3,bertQPP(QV),3,0.35,0.2160645563766624,0.03353837571910522,0.138745704467354,0.04407710548149226,97,False
mt5,3,bertQPP(QV),3,0.35,0.2746288541750181,0.006483541923808849,0.1941580756013746,0.0048406217198878375,97,True
mt5,3,spatial,3,0.4,0.28948973852095444,0.004027053952164356,0.18771477663230243,0.006450561996249079,97,False
mt5,3,spatial,3,0.4,0.2726469093458022,0.006895693268712487,0.20704467353951894,0.0026605976928076114,97,True
mt5,3,a_ratio,3,0.4,0.10836831254105284,0.2907018257905602,-0.00859106529209622,0.9007879306638119,97,False
mt5,3,a_ratio,3,0.4,0.1610026750724444,0.11515659795721611,0.05197594501718214,0.450711341430895,97,True
mt5,3,nqc,3,0.4,0.19854590723063445,0.05122903403996248,0.12156357388316154,0.07772782073014356,97,False
mt5,3,nqc,3,0.4,0.23692509269203357,0.019461862456184045,0.16065292096219932,0.019739903980340746,97,True
mt5,3,bertQPP,3,0.4,0.2671656128373711,0.0081585846561378,0.17697594501718217,0.010225152665271457,97,False
mt5,3,bertQPP,3,0.4,0.3089732424161886,0.0020748796341164845,0.23539518900343648,0.0006358327263393619,97,True
mt5,3,bertQPP(QV),3,0.4,0.22263940134104368,0.028386186081335894,0.13616838487972513,0.04815964796946807,97,False
mt5,3,bertQPP(QV),3,0.4,0.27793542569115043,0.005844307776190436,0.19501718213058422,0.004655971971265852,97,True
mt5,3,spatial,3,0.45,0.2787414452290604,0.005697227109280198,0.18084192439862545,0.008684754281086702,97,False
mt5,3,spatial,3,0.45,0.2740349228141711,0.006604701237909644,0.209192439862543,0.002400428947085522,97,True
mt5,3,a_ratio,3,0.45,0.11065945226377759,0.28056162437335086,-0.007731958762886599,0.9106652645488371,97,False
mt5,3,a_ratio,3,0.45,0.16346041685153487,0.10964109286346585,0.05197594501718214,0.450711341430895,97,True
mt5,3,nqc,3,0.45,0.19489181864561386,0.055752555176999084,0.11941580756013748,0.08312087785946547,97,False
mt5,3,nqc,3,0.45,0.23365651416449235,0.02125637762952223,0.15936426116838492,0.0207470988785446,97,True
mt5,3,bertQPP,3,0.45,0.2672803026635372,0.008130202768448854,0.17697594501718217,0.010225152665271457,97,False
mt5,3,bertQPP,3,0.45,0.3077856617282697,0.0021632525351326457,0.2298109965635739,0.0008535554716530555,97,True
mt5,3,bertQPP(QV),3,0.45,0.22696955984547967,0.025373051973347993,0.1443298969072165,0.03622527510674091,97,False
mt5,3,bertQPP(QV),3,0.45,0.2791746508656177,0.005619541939348879,0.19201030927835053,0.00533157487845821,97,True
mt5,3,spatial,3,0.5,0.2675252478368454,0.008069878097879131,0.17353951890034366,0.011793812186781842,97,False
mt5,3,spatial,3,0.5,0.2755791512168524,0.006293775253076835,0.21134020618556704,0.0021637443470699886,97,True
mt5,3,a_ratio,3,0.5,0.11337765668779756,0.26884146282333815,-0.005154639175257733,0.940374133088132,97,False
mt5,3,a_ratio,3,0.5,0.16635327063104846,0.10341490132096308,0.05283505154639176,0.4432621351071514,97,True
mt5,3,nqc,3,0.5,0.19184705079180647,0.059767318625630256,0.1168384879725086,0.08998850130140247,97,False
mt5,3,nqc,3,0.5,0.2309105428553715,0.022871837010457554,0.15635738831615123,0.02327305567367708,97,True
mt5,3,bertQPP,3,0.5,0.26490830386122516,0.008735233614140395,0.16752577319587633,0.015057708996420909,97,False
mt5,3,bertQPP,3,0.5,0.30458118522566224,0.0024189035688035885,0.22594501718213064,0.0010428004886634003,97,True
mt5,3,bertQPP(QV),3,0.5,0.22890727058244417,0.024115571716494335,0.14261168384879727,0.03850326567762371,97,False
mt5,3,bertQPP(QV),3,0.5,0.27841930351926714,0.005755612018051983,0.186426116838488,0.006825229731210832,97,True
mt5,3,spatial,3,0.55,0.2562636256326926,0.011288311837906588,0.16065292096219932,0.019739903980340746,97,False
mt5,3,spatial,3,0.55,0.2772952949551149,0.005963507099289236,0.21262886597938147,0.002032205430312129,97,True
mt5,3,a_ratio,3,0.55,0.11665114753029483,0.25517205253873515,-0.0047250859106529215,0.9453348196600103,97,False
mt5,3,a_ratio,3,0.55,0.16980401010304208,0.09635363279294776,0.05541237113402062,0.42134149715143543,97,True
mt5,3,nqc,3,0.55,0.18927799807598875,0.06333561973680797,0.11726804123711342,0.08881318243030219,97,False
mt5,3,nqc,3,0.55,0.2285787556025496,0.024324941009308116,0.15678694158075604,0.022896601370035064,97,True
mt5,3,bertQPP,3,0.55,0.2602155139573864,0.01004987424914767,0.16408934707903783,0.01726000960595295,97,False
mt5,3,bertQPP,3,0.55,0.29952243199460715,0.0028781866247415623,0.2203608247422681,0.0013853583021557498,97,True
mt5,3,bertQPP(QV),3,0.55,0.22852409978212784,0.024359924275262516,0.1365979381443299,0.04745794602168577,97,False
mt5,3,bertQPP(QV),3,0.55,0.275858584694537,0.006238918719199011,0.19286941580756015,0.005130036782382208,97,True
mt5,3,spatial,3,0.6,0.24525110449217113,0.015468054647229383,0.15206185567010314,0.02734277211201925,97,False
mt5,3,spatial,3,0.6,0.27919176895382963,0.0056164916239961615,0.20704467353951894,0.0026605976928076114,97,True
mt5,3,a_ratio,3,0.6,0.12066296101749119,0.23907833989935018,0.0047250859106529215,0.9453348196600103,97,False
mt5,3,a_ratio,3,0.6,0.1739838920174707,0.08831503697480324,0.057560137457044684,0.40356988208906586,97,True
mt5,3,nqc,3,0.6,0.1870851506208035,0.06651671683851784,0.11597938144329899,0.09237668593402237,97,False
mt5,3,nqc,3,0.6,0.22657819577502789,0.025633693891177426,0.15592783505154642,0.023654871935139845,97,True
mt5,3,bertQPP,3,0.6,0.25353588651023196,0.012219070430638182,0.15678694158075604,0.022896601370035064,97,False
mt5,3,bertQPP,3,0.6,0.2928626950193577,0.0036017672492038447,0.21993127147766325,0.0014156009702633058,97,True
mt5,3,bertQPP(QV),3,0.6,0.22608194867644815,0.02596746027387871,0.13402061855670105,0.051800200122302374,97,False
mt5,3,bertQPP(QV),3,0.6,0.2717635806342771,0.007086728759618317,0.1911512027491409,0.005540236417616152,97,True
mt5,3,spatial,3,0.65,0.23467683792924285,0.020681559491132775,0.147766323024055,0.03201236643126749,97,False
mt5,3,spatial,3,0.65,0.2812566169048241,0.005259159574347093,0.2096219931271478,0.002351276432455258,97,True
mt5,3,a_ratio,3,0.65,0.12568162178649467,0.21995630113441958,0.005154639175257733,0.940374133088132,97,False
mt5,3,a_ratio,3,0.65,0.17913688067703656,0.07914766016638743,0.06400343642611686,0.3530123788503621,97,True
mt5,3,nqc,3,0.65,0.18519378285992258,0.06936338123697214,0.11512027491408937,0.09481550621817705,97,False
mt5,3,nqc,3,0.65,0.22484539101596857,0.026815268771511813,0.154639175257732,0.024833107958687445,97,True
mt5,3,bertQPP,3,0.65,0.24530644591726786,0.015444083941048287,0.1512027491408935,0.028226597294347726,97,False
mt5,3,bertQPP,3,0.65,0.2849111300679996,0.004675988865353294,0.2134879725085911,0.0019486331283160838,97,True
mt5,3,bertQPP(QV),3,0.65,0.2219659918043541,0.028881005393103402,0.13445017182130586,0.05105421646643944,97,False
mt5,3,bertQPP(QV),3,0.65,0.266446402902098,0.008338562622758238,0.19587628865979384,0.004477722918252414,97,True
mt5,3,spatial,3,0.7,0.22465017672541146,0.026951238092751365,0.13831615120274915,0.044736513464296176,97,False
mt5,3,spatial,3,0.7,0.2834270669501721,0.004905475897598421,0.21821305841924402,0.0015427588468996702,97,True
mt5,3,a_ratio,3,0.7,0.13211202215701834,0.19706903096074727,0.010309278350515465,0.8810807858527536,97,False
mt5,3,a_ratio,3,0.7,0.18561679522511,0.0687183131861828,0.06529209621993129,0.34340339579060297,97,True
mt5,3,nqc,3,0.7,0.18354710652020556,0.07192121101747112,0.11383161512027494,0.0985701799206937,97,False
mt5,3,nqc,3,0.7,0.22333142987650456,0.02788519262577065,0.154639175257732,0.024833107958687445,97,True
mt5,3,bertQPP,3,0.7,0.235994928793071,0.019958771459189003,0.15592783505154642,0.023654871935139845,97,False
mt5,3,bertQPP,3,0.7,0.275996110419777,0.0062120764394743766,0.21048109965635742,0.002255725464528707,97,True
mt5,3,bertQPP(QV),3,0.7,0.2166071326409987,0.03308531773167075,0.13402061855670105,0.051800200122302374,97,False
mt5,3,bertQPP(QV),3,0.7,0.26022286350055307,0.010047686714999253,0.1911512027491409,0.005540236417616152,97,True
mt5,3,spatial,3,0.75,0.21522367378421378,0.034250835882318,0.13230240549828182,0.05487593045339063,97,False
mt5,3,spatial,3,0.75,0.28551706715619474,0.004585074162423325,0.2169243986254296,0.001644941169576058,97,True
mt5,3,a_ratio,3,0.75,0.14057758859556688,0.1696246704306274,0.01718213058419244,0.8031038928688624,97,False
mt5,3,a_ratio,3,0.75,0.19393938999173668,0.05698392479759608,0.06958762886597938,0.3125934883665836,97,True
mt5,3,nqc,3,0.75,0.1821013993769816,0.07422905639848958,0.11082474226804125,0.10779310640620364,97,False
mt5,3,nqc,3,0.75,0.22199824588056447,0.02885713967049283,0.15335051546391754,0.026061836085581373,97,True
mt5,3,bertQPP,3,0.75,0.22604012250087535,0.02599575995226454,0.15592783505154642,0.023654871935139845,97,False
mt5,3,bertQPP,3,0.75,0.2664340197030989,0.00834169180995163,0.20017182130584193,0.0036758280937195186,97,True
mt5,3,bertQPP(QV),3,0.75,0.21041790387837786,0.03857123195702643,0.13530927835051548,0.04958921997609662,97,False
mt5,3,bertQPP(QV),3,0.75,0.2533847807730154,0.012272532055123355,0.1868556701030928,0.006698222213035896,97,True
mt5,3,spatial,3,0.8,0.20641150587135051,0.042512985686411785,0.13187285223367698,0.055668220302014286,97,False
mt5,3,spatial,3,0.8,0.28703874889695924,0.004363669498623606,0.21864261168384883,0.0015100189795415188,97,True
mt5,3,a_ratio,3,0.8,0.15203033932843055,0.1371283459094684,0.030927835051546396,0.653577523351426,97,False
mt5,3,a_ratio,3,0.8,0.20482684477428756,0.04416197379274634,0.08118556701030928,0.23875904036666062,97,True
mt5,3,nqc,3,0.8,0.18082256043410203,0.07631982542055106,0.11039518900343644,0.10916471457232763,97,False
mt5,3,nqc,3,0.8,0.22081589079274444,0.029742993861210446,0.15292096219931275,0.026482928123240188,97,True
mt5,3,bertQPP,3,0.8,0.2158147189785683,0.03374874255625688,0.1443298969072165,0.03622527510674091,97,False
mt5,3,bertQPP,3,0.8,0.256507462035651,0.01120820894109933,0.19286941580756015,0.005130036782382208,97,True
mt5,3,bertQPP(QV),3,0.8,0.20375288064185515,0.04530946704203763,0.13359106529209622,0.05255528194642074,97,False
mt5,3,bertQPP(QV),3,0.8,0.24618363968285334,0.015068408701155094,0.18384879725085912,0.0076337511300162714,97,True
mt5,3,spatial,3,0.85,0.1982032081457513,0.05163999625043953,0.12585910652920965,0.0677963948466897,97,False
mt5,3,spatial,3,0.85,0.2867469437028673,0.0044053729506997935,0.21606529209621997,0.0017164841150655054,97,True
mt5,3,a_ratio,3,0.85,0.16773678784426924,0.10053668253147026,0.04424398625429554,0.52085358029868,97,False
mt5,3,a_ratio,3,0.85,0.2190720203147704,0.031091481995139898,0.09879725085910654,0.15166941209887877,97,True
mt5,3,nqc,3,0.85,0.17968366169890915,0.07822135482701723,0.10996563573883163,0.110550087489207,97,False
mt5,3,nqc,3,0.85,0.2197605465549031,0.03055301855344241,0.15292096219931275,0.026482928123240188,97,True
mt5,3,bertQPP,3,0.85,0.20561038870046952,0.04334010187180487,0.14819587628865982,0.031516517606653575,97,False
mt5,3,bertQPP,3,0.85,0.24645350883349004,0.01495443679916746,0.18256013745704472,0.00806936233603351,97,True
mt5,3,bertQPP(QV),3,0.85,0.1968927212489464,0.053236639134467315,0.13230240549828182,0.05487593045339063,97,False
mt5,3,bertQPP(QV),3,0.85,0.2388241752103527,0.018480284600735794,0.17268041237113405,0.01221789425088413,97,True
mt5,3,spatial,3,0.9,0.19057342368441013,0.06151526120678892,0.11769759450171824,0.08765026442852013,97,False
mt5,3,spatial,3,0.9,0.28146869375585437,0.005223628478468684,0.21520618556701035,0.0017908788065225548,97,True
mt5,3,a_ratio,3,0.9,0.18796218313107144,0.06522923244818965,0.07431271477663232,0.2808725107935828,97,False
mt5,3,a_ratio,3,0.9,0.23621628700414235,0.019839540564171226,0.11469072164948456,0.0960541193445157,97,True
mt5,3,nqc,3,0.9,0.17866319128362734,0.07995721934751733,0.10910652920962201,0.11336246240953972,97,False
mt5,3,nqc,3,0.9,0.21881307139705636,0.03129605703220521,0.15249140893470792,0.026909885175764755,97,True
mt5,3,bertQPP,3,0.9,0.19563910483649477,0.054801754365113364,0.13316151202749144,0.05331954320676675,97,False
mt5,3,bertQPP,3,0.9,0.23646033195805882,0.019708799594667814,0.17353951890034366,0.011793812186781842,97,True
mt5,3,bertQPP(QV),3,0.9,0.19004488196538027,0.06225276303635435,0.12285223367697597,0.07463114343880432,97,False
mt5,3,bertQPP(QV),3,0.9,0.23146502750553433,0.022537431493058348,0.16881443298969073,0.014298004272030715,97,True
mt5,3,spatial,3,0.95,0.18348857011641206,0.07201351814174854,0.11340206185567013,0.09984779835922447,97,False
mt5,3,spatial,3,0.95,0.2634143947185385,0.009136297949522754,0.20833333333333337,0.0025015666651811157,97,True
mt5,3,a_ratio,3,0.95,0.20315763822893682,0.045956044330677424,0.10824742268041239,0.11623089832126132,97,False
mt5,3,a_ratio,3,0.95,0.24728167986812052,0.014609334501158717,0.1439003436426117,0.036783724578164194,97,True
mt5,3,nqc,3,0.95,0.1777437778624345,0.0815474370362334,0.10781786941580758,0.11768634646990996,97,False
mt5,3,nqc,3,0.95,0.2179579287352035,0.031979729340961875,0.15206185567010314,0.02734277211201925,97,True
mt5,3,bertQPP,3,0.95,0.1860435981440836,0.068072390302442,0.11554982817869418,0.09358972367387966,97,False
mt5,3,bertQPP,3,0.95,0.22666963938927423,0.02557259080568626,0.16323024054982818,0.017852894393926448,97,True
mt5,3,bertQPP(QV),3,0.95,0.18335330194458854,0.0722271903014498,0.11297250859106532,0.10113858933462912,97,False
mt5,3,bertQPP(QV),3,0.95,0.2242235408649069,0.027250435569868062,0.15936426116838492,0.0207470988785446,97,True
mt5,3,spatial,3,1.0,0.17691125319845652,0.08300906497942319,0.10781786941580758,0.11768634646990996,97,False
mt5,3,spatial,3,1.0,0.21718239068073117,0.032610611154665625,0.1516323024054983,0.027781654237823455,97,True
mt5,3,a_ratio,3,1.0,0.17691125319845652,0.08300906497942319,0.10781786941580758,0.11768634646990996,97,False
mt5,3,a_ratio,3,1.0,0.21718239068073117,0.032610611154665625,0.1516323024054983,0.027781654237823455,97,True
mt5,3,nqc,3,1.0,0.17691125319845652,0.08300906497942319,0.10781786941580758,0.11768634646990996,97,False
mt5,3,nqc,3,1.0,0.21718239068073117,0.032610611154665625,0.1516323024054983,0.027781654237823455,97,True
mt5,3,bertQPP,3,1.0,0.17691125319845652,0.08300906497942319,0.10781786941580758,0.11768634646990996,97,False
mt5,3,bertQPP,3,1.0,0.21718239068073117,0.032610611154665625,0.1516323024054983,0.027781654237823455,97,True
mt5,3,bertQPP(QV),3,1.0,0.17691125319845652,0.08300906497942319,0.10781786941580758,0.11768634646990996,97,False
mt5,3,bertQPP(QV),3,1.0,0.21718239068073117,0.032610611154665625,0.1516323024054983,0.027781654237823455,97,True
mt5,3,spatial,4,0.0,0.2902846878374204,0.003922970004373455,0.18084192439862545,0.008684754281086702,97,False
mt5,3,spatial,4,0.0,0.26535429986624426,0.008618538984371022,0.202319587628866,0.003325969220576063,97,True
mt5,3,a_ratio,4,0.0,0.09803737257445763,0.3394043292597756,-0.013316151202749144,0.846776975027774,97,False
mt5,3,a_ratio,4,0.0,0.14969969433654243,0.14332557850539354,0.036512027491408944,0.5962292897960457,97,True
mt5,3,nqc,4,0.0,0.15442839842392095,0.13096637688415508,-0.07946735395189004,0.2488442983857856,97,False
mt5,3,nqc,4,0.0,0.15472678452241714,0.13021468015154855,-0.0734536082474227,0.28647120739097054,97,True
mt5,3,bertQPP,4,0.0,0.20736116382374883,0.04154956735525624,0.16838487972508595,0.01454739544260673,97,False
mt5,3,bertQPP,4,0.0,0.26026210183363074,0.010036014791192966,0.21434707903780073,0.0018682268943729797,97,True
mt5,3,bertQPP(QV),4,0.0,0.1425608869433298,0.16362395549528624,0.11984536082474227,0.08201867152410211,97,False
mt5,3,bertQPP(QV),4,0.0,0.2107320277065453,0.03827554609004534,0.17353951890034366,0.011793812186781842,97,True
mt5,3,spatial,4,0.05,0.30346575618457156,0.002514082347316718,0.1786941580756014,0.00951278395726825,97,False
mt5,3,spatial,4,0.05,0.26630832733543713,0.00837351233639589,0.2018900343642612,0.0033934144348203364,97,True
mt5,3,a_ratio,4,0.05,0.09913798450146702,0.33398369695578944,-0.01202749140893471,0.8614470077832815,97,False
mt5,3,a_ratio,4,0.05,0.15088096370682846,0.1401586447449928,0.038659793814433,0.5747994088567128,97,True
mt5,3,nqc,4,0.05,0.24050137899066523,0.017649144988470835,0.17225085910652924,0.012434959394241826,97,False
mt5,3,nqc,4,0.05,0.2599446054817591,0.010130799828312215,0.20317869415807563,0.0031947282487263706,97,True
mt5,3,bertQPP,4,0.05,0.21983596919157808,0.030494516010989257,0.17225085910652924,0.012434959394241826,97,False
mt5,3,bertQPP,4,0.05,0.27202922262267115,0.00702879321067015,0.21993127147766325,0.0014156009702633058,97,True
mt5,3,bertQPP(QV),4,0.05,0.15610585841118535,0.12678324623670834,0.1284364261168385,0.06235576017343852,97,False
mt5,3,bertQPP(QV),4,0.05,0.2246004315826405,0.026985979735942904,0.18556701030927839,0.00708575590459897,97,True
mt5,3,spatial,4,0.1,0.31309104993127373,0.0017931236033910567,0.19587628865979384,0.004477722918252414,97,False
mt5,3,spatial,4,0.1,0.267347732070601,0.008113556877657762,0.20274914089347082,0.003259747042536618,97,True
mt5,3,a_ratio,4,0.1,0.10035769708190258,0.32804104547729146,-0.01245704467353952,0.8565514226103272,97,False
mt5,3,a_ratio,4,0.1,0.1521863662218398,0.13672084860701245,0.0425257731958763,0.5371707606067591,97,True
mt5,3,nqc,4,0.1,0.2620063115535313,0.009529037987569895,0.17568728522336774,0.01079019991112942,97,False
mt5,3,nqc,4,0.1,0.29038925396000154,0.0039094594674290665,0.2100515463917526,0.0023030471051788694,97,True
mt5,3,bertQPP,4,0.1,0.23234827694638766,0.022013388327225953,0.18170103092783507,0.008372001763204117,97,False
mt5,3,bertQPP,4,0.1,0.28334698717941575,0.0049181392696736725,0.22594501718213064,0.0010428004886634003,97,True
mt5,3,bertQPP(QV),4,0.1,0.17010436810308102,0.0957574269832663,0.13101374570446736,0.05728140399891128,97,False
mt5,3,bertQPP(QV),4,0.1,0.23816218164488137,0.018817495164179698,0.19286941580756015,0.005130036782382208,97,True
mt5,3,spatial,4,0.15,0.3187989579783785,0.0014597150593109467,0.1941580756013746,0.0048406217198878375,97,False
mt5,3,spatial,4,0.15,0.2684840111330393,0.007837531111209751,0.20489690721649487,0.002946303078171719,97,True
mt5,3,a_ratio,4,0.15,0.10171678770033533,0.32149935930156504,-0.010309278350515465,0.8810807858527536,97,False
mt5,3,a_ratio,4,0.15,0.1536363711349385,0.13297771972329775,0.043814432989690726,0.5249088158491623,97,True
mt5,3,nqc,4,0.15,0.25896565122977205,0.010428011357399753,0.17740549828178698,0.010042744211065484,97,False
mt5,3,nqc,4,0.15,0.29169053226652275,0.0037447721310104806,0.21477663230240554,0.0018291772025326055,97,True
mt5,3,bertQPP,4,0.15,0.2445478509637718,0.01577548111542731,0.18470790378006877,0.007355176256510775,97,False
mt5,3,bertQPP,4,0.15,0.2938959749980717,0.0034797807933332125,0.23024054982817874,0.0008346209629654949,97,True
mt5,3,bertQPP(QV),4,0.15,0.18425446864383824,0.07081328137322092,0.1396048109965636,0.042782883164389815,97,False
mt5,3,bertQPP(QV),4,0.15,0.2510569100135586,0.01312228469353011,0.1898625429553265,0.005867063974983271,97,True
mt5,3,spatial,4,0.2,0.32065059435849097,0.0013643063570427452,0.20790378006872856,0.0025535840012904936,97,False
mt5,3,spatial,4,0.2,0.269730677028172,0.007544244510949761,0.2053264604810997,0.002887015591872923,97,True
mt5,3,a_ratio,4,0.2,0.10324036762299062,0.31426632032519947,-0.011168384879725088,0.8712539798728897,97,False
mt5,3,a_ratio,4,0.2,0.1552561583535106,0.12888919151101738,0.04853951890034365,0.4812066051703042,97,True
mt5,3,nqc,4,0.2,0.25165170916568896,0.012900431564291121,0.17740549828178698,0.010042744211065484,97,False
mt5,3,nqc,4,0.2,0.28676236415250633,0.004403160267044332,0.21606529209621997,0.0017164841150655054,97,True
mt5,3,bertQPP,4,0.2,0.25599991050118415,0.011375507734121723,0.1911512027491409,0.005540236417616152,97,False
mt5,3,bertQPP,4,0.2,0.30333334533990386,0.002525601859192696,0.23496563573883167,0.0006505425158083947,97,True
mt5,3,bertQPP(QV),4,0.2,0.19814934916220298,0.05170482973897087,0.14819587628865982,0.031516517606653575,97,False
mt5,3,bertQPP(QV),4,0.2,0.26289876023445496,0.00927843597750752,0.1937285223367698,0.004935409194231109,97,True
mt5,3,spatial,4,0.25,0.3190757176110758,0.001445080303099203,0.21134020618556704,0.0021637443470699886,97,False
mt5,3,spatial,4,0.25,0.2711036603230599,0.007232484764856273,0.20618556701030932,0.0027716955730928564,97,True
mt5,3,a_ratio,4,0.25,0.10495989584124855,0.3062305549519644,-0.009450171821305843,0.8909259356400668,97,False
mt5,3,a_ratio,4,0.25,0.1570770366231159,0.12440861613252163,0.05111683848797252,0.4582309196968538,97,True
mt5,3,nqc,4,0.25,0.2447601195398189,0.01568213572173808,0.17912371134020622,0.009341755733078497,97,False
mt5,3,nqc,4,0.25,0.2813074961169063,0.005250615801536356,0.21176975945017185,0.0021190549684448486,97,True
mt5,3,bertQPP,4,0.25,0.2662114892905552,0.008398100866234702,0.1902920962199313,0.005756239608165468,97,False
mt5,3,bertQPP,4,0.25,0.3113213256511607,0.0019096762775175247,0.24012027491408938,0.0004932117335580638,97,True
mt5,3,bertQPP(QV),4,0.25,0.21129440739201535,0.037750912799229826,0.15206185567010314,0.02734277211201925,97,False
mt5,3,bertQPP(QV),4,0.25,0.27331311913098005,0.006754639693337533,0.1937285223367698,0.004935409194231109,97,True
mt5,3,spatial,4,0.3,0.31473484438964827,0.0016906688546860634,0.21219931271477666,0.0020752134680172376,97,False
mt5,3,spatial,4,0.3,0.2726217794968315,0.00690106448813922,0.20489690721649487,0.002946303078171719,97,True
mt5,3,a_ratio,4,0.3,0.1069152908255864,0.29725684808946684,-0.007731958762886599,0.9106652645488371,97,False
mt5,3,a_ratio,4,0.3,0.15913839712939243,0.11948167072637826,0.050257731958762895,0.4658203551040343,97,True
mt5,3,nqc,4,0.3,0.23902324340570144,0.018379905245140195,0.18084192439862545,0.008684754281086702,97,False
mt5,3,nqc,4,0.3,0.2765019114373064,0.006114232232098948,0.21176975945017185,0.0021190549684448486,97,True
mt5,3,bertQPP,4,0.3,0.27468211282779403,0.006472774130074974,0.19072164948453613,0.005647306460207743,97,False
mt5,3,bertQPP,4,0.3,0.31756267075285993,0.0015267436896585157,0.23969072164948454,0.0005048251929224872,97,True
mt5,3,bertQPP(QV),4,0.3,0.22315259317016486,0.028013937013348974,0.14948453608247425,0.030068308790855192,97,False
mt5,3,bertQPP(QV),4,0.3,0.28197983093650986,0.005138868751619038,0.19673539518900346,0.004305679427335466,97,True
mt5,3,spatial,4,0.35,0.3083633242729635,0.0021198507051216047,0.21262886597938147,0.002032205430312129,97,False
mt5,3,spatial,4,0.35,0.27430726448047116,0.006548898263401662,0.20618556701030932,0.0027716955730928564,97,True
mt5,3,a_ratio,4,0.35,0.10915792929399717,0.2871800654456791,-0.007731958762886599,0.9106652645488371,97,False
mt5,3,a_ratio,4,0.35,0.16149044798223688,0.11404522619243257,0.05240549828178695,0.4469779106399572,97,True
mt5,3,nqc,4,0.35,0.23435398364924034,0.02086198558361593,0.18127147766323026,0.008527096049992753,97,False
mt5,3,nqc,4,0.35,0.2724729844167259,0.006932943593520049,0.20833333333333337,0.0025015666651811157,97,True
mt5,3,bertQPP,4,0.35,0.2809738651586066,0.005306865556705218,0.19931271477663232,0.003824903963020039,97,False
mt5,3,bertQPP,4,0.35,0.32183684308187355,0.0013061950227798013,0.2444158075601375,0.0003900155261817713,97,True
mt5,3,bertQPP(QV),4,0.35,0.23321603757359236,0.021508728551389973,0.1473367697594502,0.03251488713772691,97,False
mt5,3,bertQPP(QV),4,0.35,0.2886735458328496,0.004136479248750424,0.19931271477663232,0.003824903963020039,97,True
mt5,3,spatial,4,0.4,0.3006500882507679,0.002769511401323544,0.21176975945017185,0.0021190549684448486,97,False
mt5,3,spatial,4,0.4,0.27618628383802923,0.006175126964048279,0.20661512027491413,0.0027156275780873427,97,True
mt5,3,a_ratio,4,0.4,0.11175498795983783,0.2757975344956901,-0.0047250859106529215,0.9453348196600103,97,False
mt5,3,a_ratio,4,0.4,0.16419810767556242,0.10802635564443296,0.056701030927835065,0.41062402699366984,97,True
mt5,3,nqc,4,0.4,0.23054118698946985,0.023096938993663163,0.17912371134020622,0.009341755733078497,97,False
mt5,3,nqc,4,0.4,0.2691216848674667,0.007686281733533104,0.20704467353951894,0.0026605976928076114,97,True
mt5,3,bertQPP,4,0.4,0.28478494864668136,0.004695121917894525,0.19673539518900346,0.004305679427335466,97,False
mt5,3,bertQPP,4,0.4,0.32402869149828795,0.0012047008490430123,0.2452749140893471,0.0003719636432157586,97,True
mt5,3,bertQPP(QV),4,0.4,0.24108854900119064,0.017365892349533594,0.15592783505154642,0.023654871935139845,97,False
mt5,3,bertQPP(QV),4,0.4,0.2932908686988797,0.003550761217188406,0.20704467353951894,0.0026605976928076114,97,True
mt5,3,spatial,4,0.45,0.29217036509734456,0.0036856293013987768,0.2014604810996564,0.0034621026042757834,97,False
mt5,3,spatial,4,0.45,0.2782893421582158,0.005779316092103682,0.21048109965635742,0.002255725464528707,97,True
mt5,3,a_ratio,4,0.45,0.11479586295843627,0.26285977643290076,-0.005584192439862544,0.9354157588836661,97,False
mt5,3,a_ratio,4,0.45,0.16734664960741036,0.10134187580861558,0.06056701030927836,0.3794578311122522,97,True
mt5,3,nqc,4,0.45,0.22739434652300847,0.02509270868647815,0.17611683848797252,0.010598840128977079,97,False
mt5,3,nqc,4,0.45,0.26632028130238294,0.008370481455903755,0.20747422680412375,0.0026065887949513057,97,True
mt5,3,bertQPP,4,0.45,0.2860038915412768,0.004513175953318089,0.1984536082474227,0.003979453005162126,97,False
mt5,3,bertQPP,4,0.45,0.3241422477153472,0.0011996433830813395,0.24570446735395193,0.0003632334933323789,97,True
mt5,3,bertQPP(QV),4,0.45,0.24655324270457812,0.014912506441118576,0.15592783505154642,0.023654871935139845,97,False
mt5,3,bertQPP(QV),4,0.45,0.29585722023547045,0.0032583726956772864,0.21434707903780073,0.0018682268943729797,97,True
mt5,3,spatial,4,0.5,0.2833651118937395,0.004915270582850892,0.20017182130584193,0.0036758280937195186,97,False
mt5,3,spatial,4,0.5,0.28065122623523553,0.005361770819919826,0.2130584192439863,0.0019900166497547295,97,True
mt5,3,a_ratio,4,0.5,0.11840187590625716,0.24805998208481622,-0.0012886597938144332,0.9850805012640036,97,False
mt5,3,a_ratio,4,0.5,0.17105003796737195,0.09389925194159057,0.0627147766323024,0.3627897011875757,97,True
mt5,3,nqc,4,0.5,0.2247648370466776,0.02687130486870517,0.17611683848797252,0.010598840128977079,97,False
mt5,3,nqc,4,0.5,0.26395742159573365,0.008988680305085489,0.20618556701030932,0.0027716955730928564,97,True
mt5,3,bertQPP,4,0.5,0.2847251951741936,0.004704206723471892,0.20017182130584193,0.0036758280937195186,97,False
mt5,3,bertQPP,4,0.5,0.32229612227044996,0.0012843064118472538,0.24269759450171827,0.0004286013573495472,97,True
mt5,3,bertQPP(QV),4,0.5,0.24960136943324787,0.013679238743972847,0.16451890034364264,0.016970096384742294,97,False
mt5,3,bertQPP(QV),4,0.5,0.2965126562431082,0.0031872460286948945,0.21477663230240554,0.0018291772025326055,97,True
mt5,3,spatial,4,0.55,0.27454967892721804,0.006499578823017183,0.19158075601374575,0.0054350017041903615,97,False
mt5,3,spatial,4,0.55,0.2833097525638256,0.004924037249378524,0.21048109965635742,0.002255725464528707,97,True
mt5,3,a_ratio,4,0.55,0.12274129251473304,0.23102404639983998,0.005584192439862544,0.9354157588836661,97,False
mt5,3,a_ratio,4,0.55,0.17546345966199067,0.08560057704325678,0.0627147766323024,0.3627897011875757,97,True
mt5,3,nqc,4,0.55,0.22254083463904392,0.028458160457744665,0.17396907216494847,0.011586707769612953,97,False
mt5,3,nqc,4,0.55,0.26194454310915394,0.009546600462391048,0.20403780068728525,0.00306822352558543,97,True
mt5,3,bertQPP,4,0.55,0.2812215760851044,0.005265050906385363,0.2018900343642612,0.0033934144348203364,97,False
mt5,3,bertQPP,4,0.55,0.3187023294230297,0.00146485624592907,0.24355670103092786,0.0004088834881762593,97,True
mt5,3,bertQPP(QV),4,0.55,0.2504138507169787,0.01336586633106779,0.1679553264604811,0.014800614099959652,97,False
mt5,3,bertQPP(QV),4,0.55,0.2954822141219999,0.0032997046079678368,0.2255154639175258,0.0010660691222714972,97,True
mt5,3,spatial,4,0.6,0.2659356544983496,0.008468487828237559,0.18384879725085912,0.0076337511300162714,97,False
mt5,3,spatial,4,0.6,0.28630158626253027,0.004469706811918574,0.21477663230240554,0.0018291772025326055,97,True
mt5,3,a_ratio,4,0.6,0.12805308224386017,0.21130671727379713,0.01202749140893471,0.8614470077832815,97,False
mt5,3,a_ratio,4,0.6,0.18080243963523393,0.07635309461267305,0.07044673539518902,0.3066570724911982,97,True
mt5,3,nqc,4,0.6,0.2206385774804199,0.029877805909824355,0.17182130584192443,0.01265543298933369,97,False
mt5,3,nqc,4,0.6,0.2602130270967743,0.010050614538297595,0.2018900343642612,0.0033934144348203364,97,True
mt5,3,bertQPP,4,0.6,0.27588484167878746,0.006233785957301845,0.20446735395189009,0.0030066996042901117,97,False
mt5,3,bertQPP,4,0.6,0.31363475913522976,0.0017586299671667157,0.25042955326460486,0.0002790440350017295,97,True
mt5,3,bertQPP(QV),4,0.6,0.24930669036499348,0.013794463693967298,0.1782646048109966,0.009686599012848096,97,False
mt5,3,bertQPP(QV),4,0.6,0.29303974515144127,0.0035805972296546213,0.22422680412371138,0.0011387880187863695,97,True
mt5,3,spatial,4,0.65,0.25765542601773256,0.010837728664415208,0.18341924398625434,0.007776554495134835,97,False
mt5,3,spatial,4,0.65,0.2896510770939532,0.004005732277848644,0.21563573883161516,0.0017533187111864498,97,True
mt5,3,a_ratio,4,0.65,0.13468514411146362,0.1884089384601687,0.012886597938144333,0.851661350500996,97,False
mt5,3,a_ratio,4,0.65,0.18737213616956847,0.0660931738320758,0.07517182130584193,0.27534857568608007,97,True
mt5,3,nqc,4,0.65,0.21899488628909056,0.03115230103934859,0.17139175257731962,0.012879359856548544,97,False
mt5,3,nqc,4,0.65,0.25870991363640067,0.010506900212317405,0.2014604810996564,0.0034621026042757834,97,True
mt5,3,bertQPP,4,0.65,0.26915673209910196,0.007678044047026332,0.202319587628866,0.003325969220576063,97,False
mt5,3,bertQPP,4,0.65,0.30739516751539364,0.0021930441609717757,0.25386597938144334,0.00022970863763271067,97,True
mt5,3,bertQPP(QV),4,0.65,0.2466628361358322,0.014866548484334451,0.18084192439862545,0.008684754281086702,97,False
mt5,3,bertQPP(QV),4,0.65,0.28947376333853625,0.004029170656322473,0.22465635738831619,0.0011140538745299275,97,True
mt5,3,spatial,4,0.7,0.24978420766171408,0.013608166965439013,0.18041237113402064,0.008845012615594157,97,False
mt5,3,spatial,4,0.7,0.29334238367598986,0.0035446683010025145,0.2203608247422681,0.0013853583021557498,97,True
mt5,3,a_ratio,4,0.7,0.14315577915067543,0.16185510700216657,0.02061855670103093,0.7647885664914993,97,False
mt5,3,a_ratio,4,0.7,0.19561122887402901,0.05483698152732226,0.08376288659793817,0.22417771625382632,97,True
mt5,3,nqc,4,0.7,0.21756157165313442,0.032300858028078736,0.16967353951890035,0.013810511589466142,97,False
mt5,3,nqc,4,0.7,0.2573941261921868,0.010921102505419058,0.20060137457044677,0.0036032888355043277,97,True
mt5,3,bertQPP,4,0.7,0.2614691009179311,0.009682735153756906,0.19630584192439868,0.0043909374810577745,97,False
mt5,3,bertQPP,4,0.7,0.3002833480550413,0.0028044434477992736,0.24871134020618557,0.00030728207639036943,97,True
mt5,3,bertQPP(QV),4,0.7,0.24287151304240095,0.01652969718739609,0.1859965635738832,0.006954397086601862,97,False
mt5,3,bertQPP(QV),4,0.7,0.2850608304437648,0.004653379716780727,0.2298109965635739,0.0008535554716530555,97,True
mt5,3,spatial,4,0.75,0.24235770145638943,0.01676702424575914,0.1782646048109966,0.009686599012848096,97,False
mt5,3,spatial,4,0.75,0.29725084894063475,0.0031088085905173093,0.22594501718213064,0.0010428004886634003,97,True
mt5,3,a_ratio,4,0.75,0.15424711951975487,0.13142467067666347,0.030498281786941587,0.6580807665431417,97,False
mt5,3,a_ratio,4,0.75,0.20615068141193071,0.042780820262422886,0.09664948453608249,0.16076803875264556,97,True
mt5,3,nqc,4,0.75,0.21630141602423905,0.0333399567085541,0.16881443298969073,0.014298004272030715,97,False
mt5,3,nqc,4,0.75,0.2562335319057628,0.011298232547130242,0.20017182130584193,0.0036758280937195186,97,True
mt5,3,bertQPP,4,0.75,0.2532037925674613,0.012336834491252011,0.19587628865979384,0.004477722918252414,97,False
mt5,3,bertQPP,4,0.75,0.2925753038105528,0.0036363694229624662,0.23754295532646055,0.0005668140402706258,97,True
mt5,3,bertQPP(QV),4,0.75,0.23828642790919835,0.018753805087711094,0.18556701030927839,0.00708575590459897,97,False
mt5,3,bertQPP(QV),4,0.75,0.2800484114570174,0.0054657092763002076,0.22680412371134026,0.0009976667225656776,97,True
mt5,3,spatial,4,0.8,0.23538534054089696,0.020290302391268274,0.17654639175257736,0.010410504577977625,97,False
mt5,3,spatial,4,0.8,0.3009726496376241,0.0027391111872032813,0.23195876288659797,0.0007627126312502382,97,True
mt5,3,a_ratio,4,0.8,0.16910941472645827,0.09774358863803163,0.04982817869415808,0.4696411010880063,97,False
mt5,3,a_ratio,4,0.8,0.21985506437965782,0.030479719611631133,0.11211340206185569,0.10376002930884054,97,True
mt5,3,nqc,4,0.8,0.21518531295060553,0.034283639384734624,0.16752577319587633,0.015057708996420909,97,False
mt5,3,nqc,4,0.8,0.2552027447201967,0.011642673524269311,0.19759450171821308,0.0041396512632380965,97,True
mt5,3,bertQPP,4,0.8,0.24467322362207244,0.01572029035429149,0.186426116838488,0.006825229731210832,97,False
mt5,3,bertQPP,4,0.8,0.28451029931994226,0.00473700864867304,0.22938144329896912,0.0008728876884960134,97,True
mt5,3,bertQPP(QV),4,0.8,0.23320428276907576,0.021515497941720294,0.17955326460481102,0.009173476196585428,97,False
mt5,3,bertQPP(QV),4,0.8,0.274646433818142,0.006479985933152552,0.2212199312714777,0.001326652810302692,97,True
mt5,3,spatial,4,0.85,0.22885978921363317,0.024145737175251578,0.17139175257731962,0.012879359856548544,97,False
mt5,3,spatial,4,0.85,0.3033973865655938,0.0025200244655789773,0.23840206185567014,0.0005412133012575864,97,True
mt5,3,a_ratio,4,0.85,0.1891395981846279,0.06353266540383212,0.07603092783505157,0.269899250718855,97,False
mt5,3,a_ratio,4,0.85,0.23763557328732055,0.019089511686248686,0.12757731958762888,0.06412770883743656,97,True
mt5,3,nqc,4,0.85,0.2141902233792601,0.03514384753178723,0.1670962199312715,0.015318729327102553,97,False
mt5,3,nqc,4,0.85,0.2542815039044456,0.011958231558816363,0.1971649484536083,0.004221925130091803,97,True
mt5,3,bertQPP,4,0.85,0.23611702858778807,0.019892928553323832,0.18341924398625434,0.007776554495134835,97,False
mt5,3,bertQPP,4,0.85,0.27628561721449735,0.006155904659470533,0.21434707903780073,0.0018682268943729797,97,True
mt5,3,bertQPP(QV),4,0.85,0.22785914318104958,0.02478898794073281,0.1782646048109966,0.009686599012848096,97,False
mt5,3,bertQPP(QV),4,0.85,0.26902543074701823,0.007708945924945184,0.21262886597938147,0.002032205430312129,97,True
mt5,3,spatial,4,0.9,0.22276354306055587,0.02829575621337491,0.16838487972508595,0.01454739544260673,97,False
mt5,3,spatial,4,0.9,0.30165712128302735,0.002675593849359455,0.24656357388316158,0.0003463449485504128,97,True
mt5,3,a_ratio,4,0.9,0.21417874663481576,0.03515387342691934,0.10824742268041239,0.11623089832126132,97,False
mt5,3,a_ratio,4,0.9,0.25894136964131914,0.010435479291234106,0.1469072164948454,0.033024149712135395,97,True
mt5,3,nqc,4,0.9,0.21329770287994254,0.035930742821249445,0.16623711340206188,0.015852745291372216,97,False
mt5,3,nqc,4,0.9,0.2534534776062668,0.012248201698475516,0.19673539518900346,0.004305679427335466,97,True
mt5,3,bertQPP,4,0.9,0.22770854073639607,0.024887053905978503,0.17998281786941583,0.009007907605249525,97,False
mt5,3,bertQPP,4,0.9,0.2680569133934866,0.007940295556217006,0.2173539518900344,0.0016102081655090619,97,True
mt5,3,bertQPP(QV),4,0.9,0.22242660084967916,0.028541768577746623,0.17697594501718217,0.010225152665271457,97,False
mt5,3,bertQPP(QV),4,0.9,0.26331889903507943,0.009162476729050857,0.21176975945017185,0.0021190549684448486,97,True
mt5,3,spatial,4,0.95,0.21707339830383832,0.03270010894686629,0.1670962199312715,0.015318729327102553,97,False
mt5,3,spatial,4,0.95,0.28889117655381497,0.00410704536267656,0.23238831615120278,0.0007456571945733053,97,True
mt5,3,a_ratio,4,0.95,0.23318207968100943,0.02152828929958869,0.14175257731958765,0.039687194240219145,97,False
mt5,3,a_ratio,4,0.95,0.2745566235280366,0.006498170794828676,0.18427835051546396,0.0074933028749945285,97,True
mt5,3,nqc,4,0.95,0.21249282858526683,0.036652991471596015,0.16623711340206188,0.015852745291372216,97,False
mt5,3,nqc,4,0.95,0.25270537529918174,0.012515435116225522,0.19673539518900346,0.004305679427335466,97,True
mt5,3,bertQPP,4,0.95,0.21956578435073906,0.030704527282634664,0.17482817869415812,0.011182156616858724,97,False
mt5,3,bertQPP,4,0.95,0.25994199971456067,0.010131580985464178,0.20317869415807563,0.0031947282487263706,97,True
mt5,3,bertQPP(QV),4,0.95,0.2170325867987736,0.03273367404954242,0.17268041237113405,0.01221789425088413,97,False
mt5,3,bertQPP(QV),4,0.95,0.25762787164416606,0.01084649419601664,0.20618556701030932,0.0027716955730928564,97,True
mt5,3,spatial,4,1.0,0.21176340811224137,0.037318007246620585,0.1658075601374571,0.016125841537736958,97,False
mt5,3,spatial,4,1.0,0.2520262840999658,0.012762401461623486,0.19630584192439868,0.0043909374810577745,97,True
mt5,3,a_ratio,4,1.0,0.21176340811224137,0.037318007246620585,0.1658075601374571,0.016125841537736958,97,False
mt5,3,a_ratio,4,1.0,0.2520262840999658,0.012762401461623486,0.19630584192439868,0.0043909374810577745,97,True
mt5,3,nqc,4,1.0,0.21176340811224137,0.037318007246620585,0.1658075601374571,0.016125841537736958,97,False
mt5,3,nqc,4,1.0,0.2520262840999658,0.012762401461623486,0.19630584192439868,0.0043909374810577745,97,True
mt5,3,bertQPP,4,1.0,0.21176340811224137,0.037318007246620585,0.1658075601374571,0.016125841537736958,97,False
mt5,3,bertQPP,4,1.0,0.2520262840999658,0.012762401461623486,0.19630584192439868,0.0043909374810577745,97,True
mt5,3,bertQPP(QV),4,1.0,0.21176340811224137,0.037318007246620585,0.1658075601374571,0.016125841537736958,97,False
mt5,3,bertQPP(QV),4,1.0,0.2520262840999658,0.012762401461623486,0.19630584192439868,0.0043909374810577745,97,True
mt5,3,spatial,5,0.0,0.2902846878374204,0.003922970004373455,0.18084192439862545,0.008684754281086702,97,False
mt5,3,spatial,5,0.0,0.26535429986624426,0.008618538984371022,0.202319587628866,0.003325969220576063,97,True
mt5,3,a_ratio,5,0.0,0.09803737257445763,0.3394043292597756,-0.013316151202749144,0.846776975027774,97,False
mt5,3,a_ratio,5,0.0,0.14969969433654243,0.14332557850539354,0.036512027491408944,0.5962292897960457,97,True
mt5,3,nqc,5,0.0,0.15442839842392095,0.13096637688415508,-0.07946735395189004,0.2488442983857856,97,False
mt5,3,nqc,5,0.0,0.15472678452241714,0.13021468015154855,-0.0734536082474227,0.28647120739097054,97,True
mt5,3,bertQPP,5,0.0,0.20736116382374883,0.04154956735525624,0.16838487972508595,0.01454739544260673,97,False
mt5,3,bertQPP,5,0.0,0.26026210183363074,0.010036014791192966,0.21434707903780073,0.0018682268943729797,97,True
mt5,3,bertQPP(QV),5,0.0,0.1425608869433298,0.16362395549528624,0.11984536082474227,0.08201867152410211,97,False
mt5,3,bertQPP(QV),5,0.0,0.2107320277065453,0.03827554609004534,0.17353951890034366,0.011793812186781842,97,True
mt5,3,spatial,5,0.05,0.3088383480992035,0.0020847509554637197,0.19329896907216498,0.0050318722795436996,97,False
mt5,3,spatial,5,0.05,0.26689921263286176,0.008224846779184197,0.20060137457044677,0.0036032888355043277,97,True
mt5,3,a_ratio,5,0.05,0.09966260122399703,0.33141934988736077,-0.011168384879725088,0.8712539798728897,97,False
mt5,3,a_ratio,5,0.05,0.15140683550382672,0.13876596574469927,0.04166666666666668,0.5454246199804633,97,True
mt5,3,nqc,5,0.05,0.30198460821705925,0.002645674926181155,0.24097938144329903,0.0004707284379041492,97,False
mt5,3,nqc,5,0.05,0.31957744873392807,0.00141888817772067,0.26503436426116844,0.00012008730713750342,97,True
mt5,3,bertQPP,5,0.05,0.2279044835777792,0.024759528767019465,0.17697594501718217,0.010225152665271457,97,False
mt5,3,bertQPP,5,0.05,0.2800639360614383,0.005463010202063181,0.22422680412371138,0.0011387880187863695,97,True
mt5,3,bertQPP(QV),5,0.05,0.16381953518016662,0.10885268632015319,0.13745704467353953,0.04608031263937092,97,False
mt5,3,bertQPP(QV),5,0.05,0.2330049975536699,0.021630540979096967,0.19673539518900346,0.004305679427335466,97,True
mt5,3,spatial,5,0.1,0.323523692596621,0.0012274276151187117,0.20317869415807563,0.0031947282487263706,97,False
mt5,3,spatial,5,0.1,0.26858819363024683,0.007812642239072205,0.2018900343642612,0.0033934144348203364,97,True
mt5,3,a_ratio,5,0.1,0.10146603301960169,0.32269996207071766,-0.009879725085910654,0.886001161240211,97,False
mt5,3,a_ratio,5,0.1,0.1532961399034194,0.13384892350683145,0.04553264604810997,0.5087854171288679,97,True
mt5,3,nqc,5,0.1,0.34683187520763004,0.0005008475426427144,0.23969072164948454,0.0005048251929224872,97,False
mt5,3,nqc,5,0.1,0.3709112379277522,0.00018400123783603718,0.2676116838487973,0.00010302809096628477,97,True
mt5,3,bertQPP,5,0.1,0.249351374219262,0.013776937416811661,0.18556701030927839,0.00708575590459897,97,False
mt5,3,bertQPP,5,0.1,0.2999403624281524,0.0028374706439299718,0.23711340206185572,0.000580033168540485,97,True
mt5,3,bertQPP(QV),5,0.1,0.18646177689978982,0.0674442932206888,0.14647766323024058,0.03354022455213661,97,False
mt5,3,bertQPP(QV),5,0.1,0.2555795899133977,0.011515700756915333,0.19974226804123715,0.0037496927052216027,97,True
mt5,3,spatial,5,0.15,0.3342094385036634,0.0008208728990271327,0.21563573883161516,0.0017533187111864498,97,False
mt5,3,spatial,5,0.15,0.27044181359759284,0.007381319021765801,0.20360824742268044,0.003130893451622874,97,True
mt5,3,a_ratio,5,0.15,0.10347842586026226,0.3131457521271778,-0.006013745704467355,0.930459888527551,97,False
mt5,3,a_ratio,5,0.15,0.15539813111853543,0.12853546912940225,0.04725085910652922,0.4929254477765376,97,True
mt5,3,nqc,5,0.15,0.3468335119403774,0.0005008147815864967,0.2392611683848798,0.0005166931871154039,97,False
mt5,3,nqc,5,0.15,0.3743134538062621,0.00015870068759686503,0.26503436426116844,0.00012008730713750342,97,True
mt5,3,bertQPP,5,0.15,0.27120460362527843,0.007210019402857194,0.20060137457044677,0.0036032888355043277,97,False
mt5,3,bertQPP,5,0.15,0.31936430270697325,0.0014299620738986928,0.2392611683848798,0.0005166931871154039,97,True
mt5,3,bertQPP(QV),5,0.15,0.21007077963743817,0.03890020071356574,0.16408934707903783,0.01726000960595295,97,False
mt5,3,bertQPP(QV),5,0.15,0.27784340752249903,0.005861311436712619,0.20489690721649487,0.002946303078171719,97,True
mt5,3,spatial,5,0.2,0.34113350183362023,0.0006276045008256221,0.2203608247422681,0.0013853583021557498,97,False
mt5,3,spatial,5,0.2,0.27248459911358003,0.006930450487825888,0.20618556701030932,0.0027716955730928564,97,True
mt5,3,a_ratio,5,0.2,0.1057379756417751,0.3026388438014183,-0.00429553264604811,0.9502976268493368,97,False
mt5,3,a_ratio,5,0.2,0.15775047716391158,0.12278213517605863,0.05283505154639176,0.4432621351071514,97,True
mt5,3,nqc,5,0.2,0.3385669352890431,0.000693771144490116,0.2405498281786942,0.0004818477915141724,97,False
mt5,3,nqc,5,0.2,0.36809958989279057,0.00020767264519572706,0.26589347079037806,0.0001141250014345169,97,True
mt5,3,bertQPP,5,0.2,0.29274830540293806,0.0036155044052672424,0.2096219931271478,0.002351276432455258,97,False
mt5,3,bertQPP,5,0.2,0.3377074596471312,0.000717316126736501,0.24097938144329903,0.0004707284379041492,97,True
mt5,3,bertQPP(QV),5,0.2,0.23398349960929832,0.02107069133132878,0.17396907216494847,0.011586707769612953,97,False
mt5,3,bertQPP(QV),5,0.2,0.2990634221841406,0.0029235087570672765,0.20360824742268044,0.003130893451622874,97,True
mt5,3,spatial,5,0.25,0.344789338838877,0.0005432983140871393,0.22895189003436428,0.0008926252002239728,97,False
mt5,3,spatial,5,0.25,0.2747459727765568,0.006459883847597731,0.2096219931271478,0.002351276432455258,97,True
mt5,3,a_ratio,5,0.25,0.10829268106789129,0.29104064280319275,-0.00429553264604811,0.9502976268493368,97,False
mt5,3,a_ratio,5,0.25,0.1604001807213863,0.11654090844022594,0.05584192439862544,0.41775090102760204,97,True
mt5,3,nqc,5,0.25,0.33030034000593744,0.0009526202567496093,0.23840206185567014,0.0005412133012575864,97,False
mt5,3,nqc,5,0.25,0.36112545504089505,0.00027905702529817125,0.2641752577319588,0.00012634244111771396,97,True
mt5,3,bertQPP,5,0.25,0.31306889242763364,0.0017945421934633529,0.22079037800687287,0.0013557124652369783,97,False
mt5,3,bertQPP,5,0.25,0.3542907303764487,0.0003703735752636034,0.24828178694158082,0.0003147483455907583,97,True
mt5,3,bertQPP(QV),5,0.25,0.25729254832845355,0.010953664396676598,0.16323024054982818,0.017852894393926448,97,False
mt5,3,bertQPP(QV),5,0.25,0.31845707915751764,0.0014779787593685821,0.21391752577319592,0.001908041073171658,97,True
mt5,3,spatial,5,0.3,0.3457905172388529,0.0005220946654922844,0.22938144329896912,0.0008728876884960134,97,False
mt5,3,spatial,5,0.3,0.27726144540776426,0.005969869840595635,0.21219931271477666,0.0020752134680172376,97,True
mt5,3,a_ratio,5,0.3,0.11120365764287986,0.2781882398139403,0.0025773195876288664,0.9701662186124013,97,False
mt5,3,a_ratio,5,0.3,0.16340661279768218,0.10975959563293773,0.057560137457044684,0.40356988208906586,97,True
mt5,3,nqc,5,0.3,0.3233671965265451,0.0012345491753913498,0.23324742268041243,0.0007126038672884247,97,False
mt5,3,nqc,5,0.3,0.35504891415341744,0.0003590348454040183,0.26374570446735396,0.00012958397281742168,97,True
mt5,3,bertQPP,5,0.3,0.3311432998340156,0.0009226805212122231,0.23067010309278352,0.00081607670119364,97,False
mt5,3,bertQPP,5,0.3,0.3684626064370127,0.00020446562572979323,0.25472508591065296,0.00021872261513442568,97,True
mt5,3,bertQPP(QV),5,0.3,0.2789225519293966,0.005664634714000339,0.17182130584192443,0.01265543298933369,97,False
mt5,3,bertQPP(QV),5,0.3,0.33529657641492033,0.0007873134262405101,0.22207903780068733,0.0012702502748310276,97,True
mt5,3,spatial,5,0.35,0.34475821946251595,0.0005439698561439805,0.23067010309278352,0.00081607670119364,97,False
mt5,3,spatial,5,0.35,0.2800741230206501,0.005461239762699895,0.21176975945017185,0.0021190549684448486,97,True
mt5,3,a_ratio,5,0.35,0.1145498679039124,0.2638907948127116,0.0030068728522336776,0.9651968510542414,97,False
mt5,3,a_ratio,5,0.35,0.1668457851859611,0.10238299259566135,0.0584192439862543,0.3965888091618368,97,True
mt5,3,nqc,5,0.35,0.3177335857506059,0.001517313854831803,0.22895189003436428,0.0008926252002239728,97,False
mt5,3,nqc,5,0.35,0.3500118968846961,0.00044077800392777105,0.2594501718213059,0.00016660580916833792,97,True
mt5,3,bertQPP,5,0.35,0.3459966646290223,0.0005178240812686968,0.23711340206185572,0.000580033168540485,97,False
mt5,3,bertQPP,5,0.35,0.379691623628903,0.00012519109610430437,0.2594501718213059,0.00016660580916833792,97,True
mt5,3,bertQPP(QV),5,0.35,0.29779137961956453,0.0030524769952022046,0.18470790378006877,0.007355176256510775,97,False
mt5,3,bertQPP(QV),5,0.35,0.3490217615658187,0.00045873127864389543,0.23195876288659797,0.0007627126312502382,97,True
mt5,3,spatial,5,0.4,0.34225032494078256,0.0006006592492572813,0.22465635738831619,0.0011140538745299275,97,False
mt5,3,spatial,5,0.4,0.2832365915274203,0.004935644330130232,0.21262886597938147,0.002032205430312129,97,True
mt5,3,a_ratio,5,0.4,0.11843500985277329,0.24792671002154737,0.01245704467353952,0.8565514226103272,97,False
mt5,3,a_ratio,5,0.4,0.1708164764618483,0.09435551623044058,0.0622852233676976,0.36608612957525455,97,True
mt5,3,nqc,5,0.4,0.3131494092100111,0.001789392119132312,0.2285223367697595,0.0009127757207962206,97,False
mt5,3,nqc,5,0.4,0.3458613646475581,0.000520623349305011,0.2564432989690722,0.00019821410424194529,97,True
mt5,3,bertQPP,5,0.4,0.3568929036843132,0.0003327778645522813,0.23969072164948454,0.0005048251929224872,97,False
mt5,3,bertQPP,5,0.4,0.38764828360614023,8.747237858423311e-05,0.26932989690721654,9.295520334274114e-05,97,True
mt5,3,bertQPP(QV),5,0.4,0.3130211344506556,0.0017976032551870165,0.19201030927835053,0.00533157487845821,97,False
mt5,3,bertQPP(QV),5,0.4,0.35932645911678956,0.0003008300961686253,0.23453608247422683,0.0006655682797928671,97,True
mt5,3,spatial,5,0.45,0.33872948635318245,0.0006893984149552746,0.22250859106529214,0.001242886914966472,97,False
mt5,3,spatial,5,0.45,0.28681321547057387,0.004395870622564788,0.209192439862543,0.002400428947085522,97,True
mt5,3,a_ratio,5,0.45,0.12299776905670651,0.23004341857773,0.016752577319587632,0.8079288528511878,97,False
mt5,3,a_ratio,5,0.45,0.1754491848667099,0.0856264452568621,0.06958762886597938,0.3125934883665836,97,True
mt5,3,nqc,5,0.45,0.30937959949134985,0.002045397617026088,0.22594501718213064,0.0010428004886634003,97,False
mt5,3,nqc,5,0.45,0.34241817542171715,0.0005967024284544654,0.25386597938144334,0.00022970863763271067,97,True
mt5,3,bertQPP,5,0.45,0.3634884228957271,0.00025266428968626683,0.24312714776632308,0.0004186340215940853,97,False
mt5,3,bertQPP,5,0.45,0.39225081458452415,7.078983812189807e-05,0.28178694158075607,4.331497350290762e-05,97,True
mt5,3,bertQPP(QV),5,0.45,0.324120191346534,0.001200624197078324,0.20274914089347082,0.003259747042536618,97,False
mt5,3,bertQPP(QV),5,0.45,0.36618960950454893,0.00022532538819383232,0.24312714776632308,0.0004186340215940853,97,True
mt5,3,spatial,5,0.5,0.3345582605673247,0.0008099652648044548,0.2134879725085911,0.0019486331283160838,97,False
mt5,3,spatial,5,0.5,0.2908827874118942,0.0038462518545935302,0.21219931271477666,0.0020752134680172376,97,True
mt5,3,a_ratio,5,0.5,0.1284274373356304,0.20996374038739676,0.021048109965635744,0.7600372759154744,97,False
mt5,3,a_ratio,5,0.5,0.18091947487128832,0.07615974298722722,0.0777491408934708,0.2592237212301055,97,True
mt5,3,nqc,5,0.5,0.3062399149969209,0.0022833600275890716,0.22207903780068733,0.0012702502748310276,97,False
mt5,3,nqc,5,0.5,0.33953186227454185,0.0006681809816432705,0.2525773195876289,0.00024716269151633816,97,True
mt5,3,bertQPP,5,0.5,0.3658836715432455,0.0002282784824214181,0.24785223367697598,0.0003223841860548392,97,False
mt5,3,bertQPP,5,0.5,0.39366087706850267,6.63045636314616e-05,0.28135738831615126,4.4493757835023985e-05,97,True
mt5,3,bertQPP(QV),5,0.5,0.3310576298163936,0.0009256836462371698,0.21821305841924402,0.0015427588468996702,97,False
mt5,3,bertQPP(QV),5,0.5,0.36984481574747613,0.00019266906515366718,0.2603092783505155,0.00015848586196658186,97,True
mt5,3,spatial,5,0.55,0.3300089634252323,0.0009631733809166109,0.21864261168384883,0.0015100189795415188,97,False
mt5,3,spatial,5,0.55,0.295541176774027,0.0032931749654436277,0.21649484536082478,0.0016803624081385136,97,True
mt5,3,a_ratio,5,0.55,0.13498829370682244,0.1874071433134928,0.030927835051546396,0.653577523351426,97,False
mt5,3,a_ratio,5,0.55,0.18746826823627455,0.06595178879602358,0.08376288659793817,0.22417771625382632,97,True
mt5,3,nqc,5,0.55,0.3035920972819781,0.002503135008172393,0.22079037800687287,0.0013557124652369783,97,False
mt5,3,nqc,5,0.55,0.3370854790065342,0.0007348081849579089,0.2508591065292096,0.00027237466938260737,97,True
mt5,3,bertQPP,5,0.55,0.36455568016791867,0.00024151603183285566,0.25515463917525777,0.00021341645031147517,97,False
mt5,3,bertQPP,5,0.55,0.39223410776951134,7.084463500470134e-05,0.2830756013745705,3.995381628708257e-05,97,True
mt5,3,bertQPP(QV),5,0.55,0.3342059427063596,0.0008209828877596977,0.2169243986254296,0.001644941169576058,97,False
mt5,3,bertQPP(QV),5,0.55,0.3707059553912001,0.00018564119875877098,0.277491408934708,5.656185112022831e-05,97,True
mt5,3,spatial,5,0.6,0.325279308013091,0.0011500558561808756,0.2203608247422681,0.0013853583021557498,97,False
mt5,3,spatial,5,0.6,0.3009028596254459,0.0027456630882792855,0.21134020618556704,0.0021637443470699886,97,True
mt5,3,a_ratio,5,0.6,0.14305857858043533,0.162143147507808,0.03393470790378007,0.6224147431170471,97,False
mt5,3,a_ratio,5,0.6,0.19543322509954597,0.055062365283276994,0.0889175257731959,0.1969487085850582,97,True
mt5,3,nqc,5,0.6,0.30133303176158815,0.0027055015912132996,0.2203608247422681,0.0013853583021557498,97,False
mt5,3,nqc,5,0.6,0.3349898938067174,0.0007966513813156783,0.24871134020618557,0.00030728207639036943,97,True
mt5,3,bertQPP,5,0.6,0.3602122789342499,0.0002899206536050023,0.24699312714776633,0.0003381788389163567,97,False
mt5,3,bertQPP,5,0.6,0.3884453107944857,8.434385749118722e-05,0.2830756013745705,3.995381628708257e-05,97,True
mt5,3,bertQPP(QV),5,0.6,0.3341950830058349,0.0008213246537752087,0.21993127147766325,0.0014156009702633058,97,False
mt5,3,bertQPP(QV),5,0.6,0.3692782168051492,0.00019742648230765427,0.279639175257732,4.952017035250988e-05,97,True
mt5,3,spatial,5,0.65,0.32050862414490766,0.0013714160970445066,0.21821305841924402,0.0015427588468996702,97,False
mt5,3,spatial,5,0.65,0.3070982128935078,0.0022159466107730644,0.21993127147766325,0.0014156009702633058,97,True
mt5,3,a_ratio,5,0.65,0.1531939946959165,0.1341113250451454,0.04166666666666668,0.5454246199804633,97,False
mt5,3,a_ratio,5,0.65,0.20529770995311952,0.04366653779920302,0.10008591065292097,0.14640165493450158,97,True
mt5,3,nqc,5,0.65,0.29938529354685905,0.002891660956788971,0.21950171821305847,0.0014464512863097319,97,False
mt5,3,nqc,5,0.65,0.33317717364124744,0.0008539420475087802,0.24656357388316158,0.0003463449485504128,97,True
mt5,3,bertQPP,5,0.65,0.35363350538229227,0.0003804680156095806,0.2392611683848798,0.0005166931871154039,97,False
mt5,3,bertQPP,5,0.65,0.38281185469617396,0.00010889022582692343,0.2766323024054983,5.9635866438532616e-05,97,True
mt5,3,bertQPP(QV),5,0.65,0.33174972017531057,0.0009016754344750982,0.22207903780068733,0.0012702502748310276,97,False
mt5,3,bertQPP(QV),5,0.65,0.3660800217752523,0.00022637911377870434,0.2731958762886598,7.358676773635807e-05,97,True
mt5,3,spatial,5,0.7,0.315792212603403,0.0016275964747434913,0.21821305841924402,0.0015427588468996702,97,False
mt5,3,spatial,5,0.7,0.31425824355575094,0.0017198149673619775,0.23195876288659797,0.0007627126312502382,97,True
mt5,3,a_ratio,5,0.7,0.16623149032419737,0.10367130386433528,0.05884879725085912,0.3931257746774063,97,False
mt5,3,a_ratio,5,0.7,0.2177660878166641,0.03213482105056636,0.11383161512027494,0.0985701799206937,97,True
mt5,3,nqc,5,0.7,0.2976900788844477,0.0030629638101830467,0.21907216494845363,0.0014779202366871586,97,False
mt5,3,nqc,5,0.7,0.3315951521323968,0.000906987514571921,0.2444158075601375,0.0003900155261817713,97,True
mt5,3,bertQPP,5,0.7,0.3455499250014526,0.0005271196485574578,0.2379725085910653,0.0005538759115824682,97,False
mt5,3,bertQPP,5,0.7,0.375832443161844,0.00014847983890251866,0.27018900343642616,8.827472841766767e-05,97,True
mt5,3,bertQPP(QV),5,0.7,0.3275635793878079,0.0010560297120227127,0.22723367697594504,0.000975784420613921,97,False
mt5,3,bertQPP(QV),5,0.7,0.3615889555903343,0.00027368776215608894,0.27061855670103097,8.601885162206065e-05,97,True
mt5,3,spatial,5,0.75,0.31119303483553584,0.0019183858261630482,0.21606529209621997,0.0017164841150655054,97,False
mt5,3,spatial,5,0.75,0.3224646465151922,0.0012763587018911368,0.23625429553264607,0.0006073368350083252,97,True
mt5,3,a_ratio,5,0.75,0.1834507796144803,0.07207316138101336,0.07603092783505157,0.269899250718855,97,False
mt5,3,a_ratio,5,0.75,0.23386959656500123,0.021135215354244615,0.12628865979381446,0.0668634129345248,97,True
mt5,3,nqc,5,0.75,0.29620214814578855,0.0032207663375227514,0.21864261168384883,0.0015100189795415188,97,False
mt5,3,nqc,5,0.75,0.33020335277746404,0.0009561211963661826,0.24355670103092786,0.0004088834881762593,97,True
mt5,3,bertQPP,5,0.75,0.33657500637752935,0.0007494546241634127,0.22895189003436428,0.0008926252002239728,97,False
mt5,3,bertQPP,5,0.75,0.3679482028715781,0.00020902373767980436,0.2667525773195877,0.00010844269870482771,97,True
mt5,3,bertQPP(QV),5,0.75,0.32222880748951344,0.001287493563457518,0.22809278350515466,0.000933347093157991,97,False
mt5,3,bertQPP(QV),5,0.75,0.35621299850016275,0.00034224618610808493,0.26460481099656363,0.00012317744827931967,97,True
mt5,3,spatial,5,0.8,0.30675077028224096,0.002243016579649568,0.22379725085910657,0.0011640289366746655,97,False
mt5,3,spatial,5,0.8,0.3316063081664289,0.000906603158771888,0.24312714776632308,0.0004186340215940853,97,True
mt5,3,a_ratio,5,0.8,0.20676533474509184,0.04215187908726773,0.09278350515463919,0.1781756748775648,97,False
mt5,3,a_ratio,5,0.8,0.25505930811651434,0.011691322687484403,0.14218213058419246,0.039091423487606906,97,True
mt5,3,nqc,5,0.8,0.2948862437115762,0.003366357917090053,0.2177835051546392,0.0015761513468118154,97,False
mt5,3,nqc,5,0.8,0.3289700146034887,0.0010016752560793889,0.2414089347079038,0.0004598488311252096,97,True
mt5,3,bertQPP,5,0.8,0.3271838431486359,0.0010711587579056126,0.22508591065292102,0.0010898172708815595,97,False
mt5,3,bertQPP,5,0.8,0.35952472450605033,0.00029835597738505173,0.26374570446735396,0.00012958397281742168,97,True
mt5,3,bertQPP(QV),5,0.8,0.3162120558642302,0.0016031494220319544,0.22594501718213064,0.0010428004886634003,97,False
mt5,3,bertQPP(QV),5,0.8,0.350281580230653,0.00043600115469759077,0.26159793814432997,0.00014700123564547276,97,True
mt5,3,spatial,5,0.85,0.3024886135842611,0.0026002170959793266,0.22207903780068733,0.0012702502748310276,97,False
mt5,3,spatial,5,0.85,0.3409870024276447,0.0006312199822166453,0.24785223367697598,0.0003223841860548392,97,True
mt5,3,a_ratio,5,0.85,0.2385632250111786,0.018612582538180857,0.13359106529209622,0.05255528194642074,97,False
mt5,3,a_ratio,5,0.85,0.28296651071012996,0.0049787041151246195,0.16194158075601378,0.018775672464210122,97,True
mt5,3,nqc,5,0.85,0.2937145439616227,0.0035009285220506028,0.21649484536082478,0.0016803624081385136,97,False
mt5,3,nqc,5,0.85,0.3278699348078956,0.0010439662921036548,0.2392611683848798,0.0005166931871154039,97,True
mt5,3,bertQPP,5,0.85,0.3177211191484237,0.0015179998812775077,0.22508591065292102,0.0010898172708815595,97,False
mt5,3,bertQPP,5,0.85,0.35084953242162736,0.00042609627973508703,0.25343642611683853,0.00023539388087640415,97,True
mt5,3,bertQPP(QV),5,0.85,0.3098597391271681,0.002011050315919788,0.22680412371134026,0.0009976667225656776,97,False
mt5,3,bertQPP(QV),5,0.85,0.34404916456568896,0.0005594786405292902,0.2573024054982818,0.0001886509599840551,97,True
mt5,3,spatial,5,0.9,0.29841826753823897,0.0029882942004242127,0.21606529209621997,0.0017164841150655054,97,False
mt5,3,spatial,5,0.9,0.34830570370857433,0.00047213064352064234,0.256872852233677,0.0001933769855221948,97,True
mt5,3,a_ratio,5,0.9,0.27885822658287684,0.005676191855649622,0.15678694158075604,0.022896601370035064,97,False
mt5,3,a_ratio,5,0.9,0.3171602121307228,0.0015491585490783367,0.18943298969072167,0.005979808014005902,97,True
mt5,3,nqc,5,0.9,0.29266483724020054,0.0036255577461751236,0.21520618556701035,0.0017908788065225548,97,False
mt5,3,nqc,5,0.9,0.3268828982080494,0.0010832885288919126,0.23711340206185572,0.000580033168540485,97,True
mt5,3,bertQPP,5,0.9,0.3084226257523305,0.0021154399497566134,0.22207903780068733,0.0012702502748310276,97,False
mt5,3,bertQPP,5,0.9,0.34213879824694854,0.0006033015944219683,0.25343642611683853,0.00023539388087640415,97,True
mt5,3,bertQPP(QV),5,0.9,0.30341681716255453,0.0025183344352912064,0.21950171821305847,0.0014464512863097319,97,False
mt5,3,bertQPP(QV),5,0.9,0.3377051280267604,0.0007173809822449808,0.25601374570446744,0.000203164735220203,97,True
mt5,3,spatial,5,0.95,0.2945435561282863,0.0034052280287548793,0.21434707903780073,0.0018682268943729797,97,False
mt5,3,spatial,5,0.95,0.347364863631635,0.000490282494638997,0.24785223367697598,0.0003223841860548392,97,True
mt5,3,a_ratio,5,0.95,0.3113818597816507,0.0019055790912200891,0.19243986254295536,0.005229928831102741,97,False
mt5,3,a_ratio,5,0.95,0.3448714563510954,0.0005415299024630805,0.23152920962199317,0.0007801296905645403,97,True
mt5,3,nqc,5,0.95,0.29171919720287026,0.0037412152751439675,0.21520618556701035,0.0017908788065225548,97,False
mt5,3,nqc,5,0.95,0.32599252473408125,0.0011199112804916958,0.23625429553264607,0.0006073368350083252,97,True
mt5,3,bertQPP,5,0.95,0.2994399549870027,0.002886283502725913,0.21821305841924402,0.0015427588468996702,97,False
mt5,3,bertQPP,5,0.95,0.3335483114385644,0.0008419149966801296,0.2512886597938145,0.00026585493232954136,97,True
mt5,3,bertQPP(QV),5,0.95,0.2970489699426736,0.0031300855423891,0.21821305841924402,0.0015427588468996702,97,False
mt5,3,bertQPP(QV),5,0.95,0.3313856821085386,0.0009142319735985197,0.25386597938144334,0.00022970863763271067,97,True
mt5,3,spatial,5,1.0,0.29086301011214477,0.003848767085440663,0.21477663230240554,0.0018291772025326055,97,False
mt5,3,spatial,5,1.0,0.3251854153182615,0.0011540787902725989,0.23625429553264607,0.0006073368350083252,97,True
mt5,3,a_ratio,5,1.0,0.29086301011214477,0.003848767085440663,0.21477663230240554,0.0018291772025326055,97,False
mt5,3,a_ratio,5,1.0,0.3251854153182615,0.0011540787902725989,0.23625429553264607,0.0006073368350083252,97,True
mt5,3,nqc,5,1.0,0.29086301011214477,0.003848767085440663,0.21477663230240554,0.0018291772025326055,97,False
mt5,3,nqc,5,1.0,0.3251854153182615,0.0011540787902725989,0.23625429553264607,0.0006073368350083252,97,True
mt5,3,bertQPP,5,1.0,0.29086301011214477,0.003848767085440663,0.21477663230240554,0.0018291772025326055,97,False
mt5,3,bertQPP,5,1.0,0.3251854153182615,0.0011540787902725989,0.23625429553264607,0.0006073368350083252,97,True
mt5,3,bertQPP(QV),5,1.0,0.29086301011214477,0.003848767085440663,0.21477663230240554,0.0018291772025326055,97,False
mt5,3,bertQPP(QV),5,1.0,0.3251854153182615,0.0011540787902725989,0.23625429553264607,0.0006073368350083252,97,True
mt5,3,spatial,6,0.0,0.2902846878374204,0.003922970004373455,0.18084192439862545,0.008684754281086702,97,False
mt5,3,spatial,6,0.0,0.26535429986624426,0.008618538984371022,0.202319587628866,0.003325969220576063,97,True
mt5,3,a_ratio,6,0.0,0.09803737257445763,0.3394043292597756,-0.013316151202749144,0.846776975027774,97,False
mt5,3,a_ratio,6,0.0,0.14969969433654243,0.14332557850539354,0.036512027491408944,0.5962292897960457,97,True
mt5,3,nqc,6,0.0,0.15442839842392095,0.13096637688415508,-0.07946735395189004,0.2488442983857856,97,False
mt5,3,nqc,6,0.0,0.15472678452241714,0.13021468015154855,-0.0734536082474227,0.28647120739097054,97,True
mt5,3,bertQPP,6,0.0,0.20736116382374883,0.04154956735525624,0.16838487972508595,0.01454739544260673,97,False
mt5,3,bertQPP,6,0.0,0.26026210183363074,0.010036014791192966,0.21434707903780073,0.0018682268943729797,97,True
mt5,3,bertQPP(QV),6,0.0,0.1425608869433298,0.16362395549528624,0.11984536082474227,0.08201867152410211,97,False
mt5,3,bertQPP(QV),6,0.0,0.2107320277065453,0.03827554609004534,0.17353951890034366,0.011793812186781842,97,True
mt5,3,spatial,6,0.05,0.30280122927822356,0.0025723756279313645,0.18513745704467358,0.007219338175415614,97,False
mt5,3,spatial,6,0.05,0.266455944107645,0.008336152301352831,0.20103092783505158,0.0035320539175627825,97,True
mt5,3,a_ratio,6,0.05,0.09930432559407312,0.33316925533574093,-0.010738831615120277,0.8761649965497997,97,False
mt5,3,a_ratio,6,0.05,0.15108660012274547,0.139612798319341,0.040378006872852236,0.5579222431626273,97,True
mt5,3,nqc,6,0.05,0.2703049158514346,0.007412439500367327,0.20704467353951894,0.0026605976928076114,97,False
mt5,3,nqc,6,0.05,0.29129886340618527,0.0037936758288479055,0.24012027491408938,0.0004932117335580638,97,True
mt5,3,bertQPP,6,0.05,0.22290376593262873,0.028193906075246383,0.1709621993127148,0.013106785247853048,97,False
mt5,3,bertQPP,6,0.05,0.2757679496982194,0.006256664988358422,0.22250859106529214,0.001242886914966472,97,True
mt5,3,bertQPP(QV),6,0.05,0.1587835296569915,0.1203189613525759,0.13402061855670105,0.051800200122302374,97,False
mt5,3,bertQPP(QV),6,0.05,0.22834479321675022,0.024474993552491935,0.18771477663230243,0.006450561996249079,97,True
mt5,3,spatial,6,0.1,0.31194065780994346,0.0018681309251038169,0.1941580756013746,0.0048406217198878375,97,False
mt5,3,spatial,6,0.1,0.2676578326098138,0.008037390121718066,0.202319587628866,0.003325969220576063,97,True
mt5,3,a_ratio,6,0.1,0.10070974214059882,0.3263384541064311,-0.009450171821305843,0.8909259356400668,97,False
mt5,3,a_ratio,6,0.1,0.15262096572693581,0.13559064757477357,0.04510309278350516,0.5127917901399865,97,True
mt5,3,nqc,6,0.1,0.30288195963202097,0.0025652295238856432,0.20446735395189009,0.0030066996042901117,97,False
mt5,3,nqc,6,0.1,0.33285205528834233,0.0008646064052768567,0.2414089347079038,0.0004598488311252096,97,True
mt5,3,bertQPP,6,0.1,0.2389077927990384,0.018438063398765886,0.17482817869415812,0.011182156616858724,97,False
mt5,3,bertQPP,6,0.1,0.29114862017682847,0.0038125862029562206,0.2285223367697595,0.0009127757207962206,97,True
mt5,3,bertQPP(QV),6,0.1,0.17587826725551328,0.0848515902819036,0.138745704467354,0.04407710548149226,97,False
mt5,3,bertQPP(QV),6,0.1,0.24602112834790826,0.015137403507094485,0.1898625429553265,0.005867063974983271,97,True
mt5,3,spatial,6,0.15,0.3176126895059099,0.001523978539181711,0.20317869415807563,0.0031947282487263706,97,False
mt5,3,spatial,6,0.15,0.26897382975641615,0.007721120249068323,0.20360824742268044,0.003130893451622874,97,True
mt5,3,a_ratio,6,0.15,0.10227745080830342,0.3188253263512909,-0.008161512027491411,0.9057247746831294,97,False
mt5,3,a_ratio,6,0.15,0.15432741603618974,0.1312215211926758,0.04596219931271478,0.5047955105031363,97,True
mt5,3,nqc,6,0.15,0.29856657196857644,0.0029732886634217435,0.20360824742268044,0.003130893451622874,97,False
mt5,3,nqc,6,0.15,0.3330677582735119,0.0008575175559627005,0.2414089347079038,0.0004598488311252096,97,True
mt5,3,bertQPP,6,0.15,0.2549770277966799,0.011719309590041754,0.18470790378006877,0.007355176256510775,97,False
mt5,3,bertQPP,6,0.15,0.30598331496409414,0.0023038701159334095,0.22809278350515466,0.000933347093157991,97,True
mt5,3,bertQPP(QV),6,0.15,0.1935201601986912,0.05753294848009266,0.15378006872852237,0.025646544632394585,97,False
mt5,3,bertQPP(QV),6,0.15,0.26328425015682905,0.009171991501860217,0.19158075601374575,0.0054350017041903615,97,True
mt5,3,spatial,6,0.2,0.32003725374252845,0.0013952637338093322,0.20618556701030932,0.0027716955730928564,97,False
mt5,3,spatial,6,0.2,0.2704203472594538,0.007386191250526791,0.20446735395189009,0.0030066996042901117,97,True
mt5,3,a_ratio,6,0.2,0.104037027983664,0.3105265228633162,-0.005154639175257733,0.940374133088132,97,False
mt5,3,a_ratio,6,0.2,0.1562363215679272,0.1264622466602994,0.04982817869415808,0.4696411010880063,97,True
mt5,3,nqc,6,0.2,0.28828457703686194,0.004189555547092031,0.20317869415807563,0.0031947282487263706,97,False
mt5,3,nqc,6,0.2,0.3253618940280704,0.0011465279164681527,0.2366838487972509,0.0005935388745829456,97,True
mt5,3,bertQPP,6,0.2,0.2705665869158822,0.007353055271073266,0.19802405498281792,0.004058834798972484,97,False
mt5,3,bertQPP,6,0.2,0.3197789542086851,0.0014084906629132936,0.23067010309278352,0.00081607670119364,97,True
mt5,3,bertQPP(QV),6,0.2,0.21121932265020313,0.03782060777400039,0.15420962199312716,0.025236989773183314,97,False
mt5,3,bertQPP(QV),6,0.2,0.279573753840405,0.0055488060582632535,0.1937285223367698,0.004935409194231109,97,True
mt5,3,spatial,6,0.25,0.31966028508860256,0.0014146054911195237,0.20575601374570449,0.0028288190417010725,97,False
mt5,3,spatial,6,0.25,0.2720169055450989,0.007031470238340471,0.20704467353951894,0.0026605976928076114,97,True
mt5,3,a_ratio,6,0.25,0.10602562163822939,0.3013180443416665,-0.0034364261168384883,0.9602288348688062,97,False
mt5,3,a_ratio,6,0.25,0.15838555484933112,0.1212633309650377,0.053694158075601385,0.43588378893929247,97,True
mt5,3,nqc,6,0.25,0.2789059378006561,0.005667617722107189,0.19802405498281792,0.004058834798972484,97,False
mt5,3,nqc,6,0.25,0.3175370505215694,0.0015281617947625603,0.2366838487972509,0.0005935388745829456,97,True
mt5,3,bertQPP,6,0.25,0.2850000638883731,0.004662545478587394,0.20446735395189009,0.0030066996042901117,97,False
mt5,3,bertQPP,6,0.25,0.33200687217710867,0.0008929006620201597,0.23238831615120278,0.0007456571945733053,97,True
mt5,3,bertQPP(QV),6,0.25,0.2283243003588607,0.02448817422932884,0.14991408934707906,0.029598455953974822,97,False
mt5,3,bertQPP(QV),6,0.25,0.29429574900096117,0.0034335861103295066,0.20317869415807563,0.0031947282487263706,97,True
mt5,3,spatial,6,0.3,0.31704172192678326,0.001555814429762842,0.20876288659793818,0.0024505203740822256,97,False
mt5,3,spatial,6,0.3,0.2737868230945662,0.00665590282923144,0.20661512027491413,0.0027156275780873427,97,True
mt5,3,a_ratio,6,0.3,0.1082905062047633,0.291050389709368,-0.002147766323024055,0.9751367447826097,97,False
mt5,3,a_ratio,6,0.3,0.16082292145688706,0.11556826688150844,0.05584192439862544,0.41775090102760204,97,True
mt5,3,nqc,6,0.3,0.27129453199302134,0.0071900573944034315,0.19201030927835053,0.00533157487845821,97,False
mt5,3,nqc,6,0.3,0.31092187899613183,0.0019369125682318596,0.23453608247422683,0.0006655682797928671,97,True
mt5,3,bertQPP,6,0.3,0.29752996215314065,0.0030796053013574325,0.21563573883161516,0.0017533187111864498,97,False
mt5,3,bertQPP,6,0.3,0.3421594779208262,0.0006028108389443951,0.2414089347079038,0.0004598488311252096,97,True
mt5,3,bertQPP(QV),6,0.3,0.2440714377051353,0.015986737049029965,0.15420962199312716,0.025236989773183314,97,False
mt5,3,bertQPP(QV),6,0.3,0.3068959146451499,0.0022316720288129547,0.202319587628866,0.003325969220576063,97,True
mt5,3,spatial,6,0.35,0.3127548617597026,0.001814756812451596,0.20446735395189009,0.0030066996042901117,97,False
mt5,3,spatial,6,0.35,0.2757580492544431,0.006258606194826926,0.20833333333333337,0.0025015666651811157,97,True
mt5,3,a_ratio,6,0.35,0.11089272816139452,0.27954261114601664,-0.0017182130584192442,0.9801082366692063,97,False
mt5,3,a_ratio,6,0.35,0.16360958133635098,0.10931308029956566,0.056701030927835065,0.41062402699366984,97,True
mt5,3,nqc,6,0.35,0.2652168285678812,0.008654361213523736,0.18814432989690724,0.00632984784895861,97,False
mt5,3,nqc,6,0.35,0.3055194207789672,0.0023413711346615897,0.2285223367697595,0.0009127757207962206,97,True
mt5,3,bertQPP,6,0.35,0.3074435310821489,0.002189334433094026,0.21649484536082478,0.0016803624081385136,97,False
mt5,3,bertQPP,6,0.35,0.34981824724563265,0.0004442376829676875,0.24570446735395193,0.0003632334933323789,97,True
mt5,3,bertQPP(QV),6,0.35,0.2576875670072346,0.010827511879188173,0.16022336769759454,0.02007078628569656,97,False
mt5,3,bertQPP(QV),6,0.35,0.3169403201014613,0.0015615309798578327,0.20833333333333337,0.0025015666651811157,97,True
mt5,3,spatial,6,0.4,0.30731818385854415,0.0021989608892406197,0.19974226804123715,0.0037496927052216027,97,False
mt5,3,spatial,6,0.4,0.277964136635893,0.005839011362234041,0.20833333333333337,0.0025015666651811157,97,True
mt5,3,a_ratio,6,0.4,0.11391241385270016,0.26657526184613495,0.0038659793814432995,0.9552623626593565,97,False
mt5,3,a_ratio,6,0.4,0.16682495086725443,0.10242648039095413,0.06056701030927836,0.3794578311122522,97,True
mt5,3,nqc,6,0.4,0.2603257516926212,0.010017106630375274,0.1859965635738832,0.006954397086601862,97,False
mt5,3,nqc,6,0.4,0.30110796957898883,0.0027264473556954426,0.22637457044673542,0.0010200025736501021,97,True
mt5,3,bertQPP,6,0.4,0.3141933018924996,0.001723821424066771,0.21649484536082478,0.0016803624081385136,97,False
mt5,3,bertQPP,6,0.4,0.3547167815597561,0.0003639620272937239,0.2525773195876289,0.00024716269151633816,97,True
mt5,3,bertQPP(QV),6,0.4,0.26852797104550263,0.007827020714228979,0.17225085910652924,0.012434959394241826,97,False
mt5,3,bertQPP(QV),6,0.4,0.32418105076187625,0.0011979196368832482,0.21563573883161516,0.0017533187111864498,97,True
mt5,3,spatial,6,0.45,0.3011618468770778,0.002721419951219928,0.1890034364261169,0.006094500520977148,97,False
mt5,3,spatial,6,0.45,0.2804452951805826,0.005397078613974211,0.2053264604810997,0.002887015591872923,97,True
mt5,3,a_ratio,6,0.45,0.11745666887024314,0.25188260267946877,0.00429553264604811,0.9502976268493368,97,False
mt5,3,a_ratio,6,0.45,0.17057386192390384,0.09483131575247394,0.06185567010309279,0.3694011818632015,97,True
mt5,3,nqc,6,0.45,0.2563346249266525,0.0112649363414051,0.18427835051546396,0.0074933028749945285,97,False
mt5,3,nqc,6,0.45,0.29747094300570315,0.003085759802304886,0.22079037800687287,0.0013557124652369783,97,True
mt5,3,bertQPP,6,0.45,0.31750959817126984,0.0015296826343260956,0.22895189003436428,0.0008926252002239728,97,False
mt5,3,bertQPP,6,0.45,0.3567804468906012,0.000334327096062792,0.2603092783505155,0.00015848586196658186,97,True
mt5,3,bertQPP(QV),6,0.45,0.2762043206231699,0.0061716326638676265,0.18041237113402064,0.008845012615594157,97,False
mt5,3,bertQPP(QV),6,0.45,0.3285858598556584,0.0010162628738714747,0.22336769759450176,0.0011897860106094835,97,True
mt5,3,spatial,6,0.5,0.29462039692666986,0.0033964773854110466,0.18341924398625434,0.007776554495134835,97,False
mt5,3,spatial,6,0.5,0.2832493340423792,0.004933620966194233,0.20704467353951894,0.0026605976928076114,97,True
mt5,3,a_ratio,6,0.5,0.1216716152953513,0.23514541783934226,0.007731958762886599,0.9106652645488371,97,False
mt5,3,a_ratio,6,0.5,0.17499722707577164,0.08644868479708746,0.06958762886597938,0.3125934883665836,97,True
mt5,3,nqc,6,0.5,0.25302975824176843,0.012398943097164628,0.18213058419243988,0.008219435652041644,97,False
mt5,3,nqc,6,0.5,0.29443596973391467,0.003417513921978814,0.21993127147766325,0.0014156009702633058,97,True
mt5,3,bertQPP,6,0.5,0.3174500114784499,0.0015329884135555317,0.21993127147766325,0.0014156009702633058,97,False
mt5,3,bertQPP,6,0.5,0.35613032850602616,0.0003434142002051639,0.2620274914089347,0.00014335046231608574,97,True
mt5,3,bertQPP(QV),6,0.5,0.2806511567538935,0.005361782698107311,0.1941580756013746,0.0048406217198878375,97,False
mt5,3,bertQPP(QV),6,0.5,0.3303239409562621,0.0009517701047254293,0.23410652920962205,0.0006809162092632265,97,True
mt5,3,spatial,6,0.55,0.2879408461959854,0.004236964069507898,0.18943298969072167,0.005979808014005902,97,False
mt5,3,spatial,6,0.55,0.28643196727714315,0.004450786521907856,0.20489690721649487,0.002946303078171719,97,True
mt5,3,a_ratio,6,0.55,0.1267611947574941,0.21598819982685313,0.01589347079037801,0.817600546341627,97,False
mt5,3,a_ratio,6,0.55,0.1802882443845445,0.07720725893144116,0.07474226804123713,0.2781012070168114,97,True
mt5,3,nqc,6,0.55,0.25025512019865753,0.013426592895725653,0.18084192439862545,0.008684754281086702,97,False
mt5,3,nqc,6,0.55,0.2918725633194112,0.003722236300594284,0.21907216494845363,0.0014779202366871586,97,True
mt5,3,bertQPP,6,0.55,0.31436649645524667,0.001713155230647351,0.22508591065292102,0.0010898172708815595,97,False
mt5,3,bertQPP,6,0.55,0.3530516252032873,0.0003896157624866836,0.2598797250859107,0.00016249811961052113,97,True
mt5,3,bertQPP(QV),6,0.55,0.28210601788737844,0.005118132880113164,0.19329896907216498,0.0050318722795436996,97,False
mt5,3,bertQPP(QV),6,0.55,0.32971636865258186,0.0009738777346889478,0.23625429553264607,0.0006073368350083252,97,True
mt5,3,spatial,6,0.6,0.28129740546659215,0.00525230926888115,0.1898625429553265,0.005867063974983271,97,False
mt5,3,spatial,6,0.6,0.29005516086192423,0.003952772619708889,0.20317869415807563,0.0031947282487263706,97,True
mt5,3,a_ratio,6,0.6,0.1330172690098226,0.19399022400095078,0.02061855670103093,0.7647885664914993,97,False
mt5,3,a_ratio,6,0.6,0.1867174470958652,0.06706259837644993,0.08204467353951891,0.23382603249144784,97,True
mt5,3,nqc,6,0.6,0.24789636128881548,0.014357681265413934,0.1786941580756014,0.00951278395726825,97,False
mt5,3,nqc,6,0.6,0.2896828384399878,0.004001546763306593,0.2173539518900344,0.0016102081655090619,97,True
mt5,3,bertQPP,6,0.6,0.3088087542624179,0.0020869222403754697,0.21606529209621997,0.0017164841150655054,97,False
mt5,3,bertQPP,6,0.6,0.34793846903214143,0.00047914109502394405,0.25343642611683853,0.00023539388087640415,97,True
mt5,3,bertQPP(QV),6,0.6,0.28102033657602515,0.005298998566473756,0.18771477663230243,0.006450561996249079,97,False
mt5,3,bertQPP(QV),6,0.6,0.32717029673606224,0.0010717020860465105,0.23883161512027495,0.0005288208236189078,97,True
mt5,3,spatial,6,0.65,0.27480740799796316,0.00644750445476044,0.18084192439862545,0.008684754281086702,97,False
mt5,3,spatial,6,0.65,0.2941802421036268,0.00344687640500265,0.21048109965635742,0.002255725464528707,97,True
mt5,3,a_ratio,6,0.65,0.14086879747958128,0.1687335527657305,0.030498281786941587,0.6580807665431417,97,False
mt5,3,a_ratio,6,0.65,0.19467177889881018,0.05603508336448085,0.08676975945017183,0.2079844017382293,97,True
mt5,3,nqc,6,0.65,0.24586867306233093,0.015202377699359478,0.17740549828178698,0.010042744211065484,97,False
mt5,3,nqc,6,0.65,0.28779298758493776,0.004257504088795083,0.21649484536082478,0.0016803624081385136,97,True
mt5,3,bertQPP,6,0.65,0.3014061704571767,0.0026987260397959563,0.21520618556701035,0.0017908788065225548,97,False
mt5,3,bertQPP,6,0.65,0.3412324224002078,0.0006251739577711951,0.25042955326460486,0.0002790440350017295,97,True
mt5,3,bertQPP(QV),6,0.65,0.27794476100406323,0.005842585189173542,0.1984536082474227,0.003979453005162126,97,False
mt5,3,bertQPP(QV),6,0.65,0.3231163148465388,0.0012460442569345543,0.23711340206185572,0.000580033168540485,97,True
mt5,3,spatial,6,0.7,0.2685456686132021,0.007822792903528641,0.18341924398625434,0.007776554495134835,97,False
mt5,3,spatial,6,0.7,0.29884758391245847,0.002945041114085784,0.21864261168384883,0.0015100189795415188,97,True
mt5,3,a_ratio,6,0.7,0.15096263249035513,0.13994166800317767,0.040807560137457045,0.5537409286316863,97,False
mt5,3,a_ratio,6,0.7,0.2047146687207047,0.044280689599355855,0.09836769759450173,0.15345704089516993,97,True
mt5,3,nqc,6,0.7,0.24410823610298565,0.015970332755984248,0.17654639175257736,0.010410504577977625,97,False
mt5,3,nqc,6,0.7,0.2861467750758776,0.004492265402467289,0.21520618556701035,0.0017908788065225548,97,True
mt5,3,bertQPP,6,0.7,0.2927675516219465,0.0036131898328811093,0.2177835051546392,0.0015761513468118154,97,False
mt5,3,bertQPP,6,0.7,0.33336940210106447,0.000847693278507732,0.24957044673539522,0.00029284438819506046,97,True
mt5,3,bertQPP(QV),6,0.7,0.27342978737364165,0.006730202371637509,0.19931271477663232,0.003824903963020039,97,False
mt5,3,bertQPP(QV),6,0.7,0.31796126354300425,0.0015048342727200061,0.2414089347079038,0.0004598488311252096,97,True
mt5,3,spatial,6,0.75,0.26255626606517957,0.009373916567405329,0.18127147766323026,0.008527096049992753,97,False
mt5,3,spatial,6,0.75,0.3040220055576553,0.002466204556919236,0.21950171821305847,0.0014464512863097319,97,True
mt5,3,a_ratio,6,0.75,0.16429062735541672,0.10782515288540284,0.05111683848797252,0.4582309196968538,97,False
mt5,3,a_ratio,6,0.75,0.21767039294276216,0.03221242136004528,0.10652920962199315,0.12213859984356254,97,True
mt5,3,nqc,6,0.75,0.2425663052811286,0.01667031853591044,0.1752577319587629,0.010984624932232429,97,False
mt5,3,nqc,6,0.75,0.2847008277959957,0.004707915986531635,0.21391752577319592,0.001908041073171658,97,True
mt5,3,bertQPP,6,0.75,0.28341808862042467,0.004906894234969247,0.2177835051546392,0.0015761513468118154,97,False
mt5,3,bertQPP,6,0.75,0.32474288965805476,0.0011732121360847104,0.24312714776632308,0.0004186340215940853,97,True
mt5,3,bertQPP(QV),6,0.75,0.2679618984209586,0.00796331803156201,0.19458762886597944,0.004747484369155047,97,False
mt5,3,bertQPP(QV),6,0.75,0.312060125912809,0.00186021154034388,0.23883161512027495,0.0005288208236189078,97,True
mt5,3,spatial,6,0.8,0.25686167260279125,0.011092731990609176,0.17998281786941583,0.009007907605249525,97,False
mt5,3,spatial,6,0.8,0.30944952350980326,0.002040362801433511,0.22680412371134026,0.0009976667225656776,97,True
mt5,3,a_ratio,6,0.8,0.18234459205697406,0.07383672368397057,0.07302405498281789,0.28929863271816614,97,False
mt5,3,a_ratio,6,0.8,0.2346967869311383,0.02067045510687728,0.12113402061855671,0.07878300963914868,97,True
mt5,3,nqc,6,0.8,0.24120511162781016,0.017310131293574726,0.17740549828178698,0.010042744211065484,97,False
mt5,3,nqc,6,0.8,0.2834212736228645,0.004906391047499808,0.21262886597938147,0.002032205430312129,97,True
mt5,3,bertQPP,6,0.8,0.2737733020989806,0.006658703288501055,0.20317869415807563,0.0031947282487263706,97,False
mt5,3,bertQPP,6,0.8,0.3156844120484203,0.0016339278250782248,0.23496563573883167,0.0006505425158083947,97,True
mt5,3,bertQPP(QV),6,0.8,0.26193529448697717,0.009549232544430648,0.1911512027491409,0.005540236417616152,97,False
mt5,3,bertQPP(QV),6,0.8,0.30570449814977185,0.002326344102198924,0.23067010309278352,0.00081607670119364,97,True
mt5,3,spatial,6,0.85,0.2514695650870702,0.01296801968429774,0.17697594501718217,0.010225152665271457,97,False
mt5,3,spatial,6,0.85,0.3142826240293039,0.001718313035742337,0.2336769759450172,0.0006965926026270434,97,True
mt5,3,a_ratio,6,0.85,0.2070073448933661,0.0419063648509034,0.10695876288659796,0.12064011527036375,97,False
mt5,3,a_ratio,6,0.85,0.257078758810426,0.011022474447944615,0.14089347079037803,0.040901875311072,97,True
mt5,3,nqc,6,0.85,0.2399949950012232,0.01789661760681989,0.17568728522336774,0.01079019991112942,97,False
mt5,3,nqc,6,0.85,0.28228133892804635,0.005089446499798211,0.21048109965635742,0.002255725464528707,97,True
mt5,3,bertQPP,6,0.85,0.264139343997143,0.008939696983132062,0.1937285223367698,0.004935409194231109,97,False
mt5,3,bertQPP,6,0.85,0.3064579762574841,0.002266059876948996,0.2336769759450172,0.0006965926026270434,97,True
mt5,3,bertQPP(QV),6,0.85,0.2556490317862061,0.011492435699395403,0.1868556701030928,0.006698222213035896,97,False
mt5,3,bertQPP(QV),6,0.85,0.29912259587022483,0.0029176302462925207,0.23453608247422683,0.0006655682797928671,97,True
mt5,3,spatial,6,0.9,0.24637777256434368,0.014986346269141554,0.17654639175257736,0.010410504577977625,97,False
mt5,3,spatial,6,0.9,0.3161187581783394,0.001608553126234526,0.23238831615120278,0.0007456571945733053,97,True
mt5,3,a_ratio,6,0.9,0.23825836607277046,0.01876817366525622,0.1284364261168385,0.06235576017343852,97,False
mt5,3,a_ratio,6,0.9,0.28429315200434,0.004770361022281714,0.17439862542955328,0.011382836808156348,97,True
mt5,3,nqc,6,0.9,0.2389123718161536,0.018435753707516635,0.17568728522336774,0.01079019991112942,97,False
mt5,3,nqc,6,0.9,0.2812596182156982,0.005258655243442869,0.20833333333333337,0.0025015666651811157,97,True
mt5,3,bertQPP,6,0.9,0.254727491225375,0.011804545116625724,0.18556701030927839,0.00708575590459897,97,False
mt5,3,bertQPP,6,0.9,0.2972636855941279,0.003107460075045666,0.2285223367697595,0.0009127757207962206,97,True
mt5,3,bertQPP(QV),6,0.9,0.24931799789876954,0.013790026727853223,0.18127147766323026,0.008527096049992753,97,False
mt5,3,bertQPP(QV),6,0.9,0.2924857916902371,0.0036472073592908653,0.22938144329896912,0.0008728876884960134,97,True
mt5,3,spatial,6,0.95,0.24157779845910832,0.017132881551595813,0.17568728522336774,0.01079019991112942,97,False
mt5,3,spatial,6,0.95,0.3088027319674982,0.002087364342985711,0.23024054982817874,0.0008346209629654949,97,True
mt5,3,a_ratio,6,0.95,0.26201085153165693,0.009527748265627363,0.16194158075601378,0.018775672464210122,97,False
mt5,3,a_ratio,6,0.95,0.30467613513023445,0.00241095340980095,0.20274914089347082,0.003259747042536618,97,True
mt5,3,nqc,6,0.95,0.23793827443538762,0.018932742726852622,0.17353951890034366,0.011793812186781842,97,False
mt5,3,nqc,6,0.95,0.2803388147003684,0.005415416063812502,0.20790378006872856,0.0025535840012904936,97,True
mt5,3,bertQPP,6,0.95,0.24567362387218067,0.015285857048409665,0.18084192439862545,0.008684754281086702,97,False
mt5,3,bertQPP,6,0.95,0.28824618927116347,0.004194826524851137,0.21649484536082478,0.0016803624081385136,97,True
mt5,3,bertQPP(QV),6,0.95,0.24308905515084536,0.016430093766709217,0.1782646048109966,0.009686599012848096,97,False
mt5,3,bertQPP(QV),6,0.95,0.2859178980383421,0.004525802615101811,0.2173539518900344,0.0016102081655090619,97,True
mt5,3,spatial,6,1.0,0.23705728668313658,0.019392112770191032,0.17139175257731962,0.012879359856548544,97,False
mt5,3,spatial,6,1.0,0.2795048130037073,0.0055609681516901694,0.20833333333333337,0.0025015666651811157,97,True
mt5,3,a_ratio,6,1.0,0.23705728668313658,0.019392112770191032,0.17139175257731962,0.012879359856548544,97,False
mt5,3,a_ratio,6,1.0,0.2795048130037073,0.0055609681516901694,0.20833333333333337,0.0025015666651811157,97,True
mt5,3,nqc,6,1.0,0.23705728668313658,0.019392112770191032,0.17139175257731962,0.012879359856548544,97,False
mt5,3,nqc,6,1.0,0.2795048130037073,0.0055609681516901694,0.20833333333333337,0.0025015666651811157,97,True
mt5,3,bertQPP,6,1.0,0.23705728668313658,0.019392112770191032,0.17139175257731962,0.012879359856548544,97,False
mt5,3,bertQPP,6,1.0,0.2795048130037073,0.0055609681516901694,0.20833333333333337,0.0025015666651811157,97,True
mt5,3,bertQPP(QV),6,1.0,0.23705728668313658,0.019392112770191032,0.17139175257731962,0.012879359856548544,97,False
mt5,3,bertQPP(QV),6,1.0,0.2795048130037073,0.0055609681516901694,0.20833333333333337,0.0025015666651811157,97,True
mt5,3,spatial,7,0.0,0.2902846878374204,0.003922970004373455,0.18084192439862545,0.008684754281086702,97,False
mt5,3,spatial,7,0.0,0.26535429986624426,0.008618538984371022,0.202319587628866,0.003325969220576063,97,True
mt5,3,a_ratio,7,0.0,0.09803737257445763,0.3394043292597756,-0.013316151202749144,0.846776975027774,97,False
mt5,3,a_ratio,7,0.0,0.14969969433654243,0.14332557850539354,0.036512027491408944,0.5962292897960457,97,True
mt5,3,nqc,7,0.0,0.15442839842392095,0.13096637688415508,-0.07946735395189004,0.2488442983857856,97,False
mt5,3,nqc,7,0.0,0.15472678452241714,0.13021468015154855,-0.0734536082474227,0.28647120739097054,97,True
mt5,3,bertQPP,7,0.0,0.20736116382374883,0.04154956735525624,0.16838487972508595,0.01454739544260673,97,False
mt5,3,bertQPP,7,0.0,0.26026210183363074,0.010036014791192966,0.21434707903780073,0.0018682268943729797,97,True
mt5,3,bertQPP(QV),7,0.0,0.1425608869433298,0.16362395549528624,0.11984536082474227,0.08201867152410211,97,False
mt5,3,bertQPP(QV),7,0.0,0.2107320277065453,0.03827554609004534,0.17353951890034366,0.011793812186781842,97,True
mt5,3,spatial,7,0.05,0.3046087538310968,0.0024165928194202616,0.18857388316151205,0.006211170636578692,97,False
mt5,3,spatial,7,0.05,0.26664825257531183,0.008287701482772778,0.202319587628866,0.003325969220576063,97,True
mt5,3,a_ratio,7,0.05,0.09938130623234129,0.3327927690062106,-0.009879725085910654,0.886001161240211,97,False
mt5,3,a_ratio,7,0.05,0.1511553574595154,0.1394306467788987,0.039948453608247426,0.5621188569054614,97,True
mt5,3,nqc,7,0.05,0.2842600537758634,0.004775463014363257,0.22079037800687287,0.0013557124652369783,97,False
mt5,3,nqc,7,0.05,0.3061114792293178,0.0022936052578032516,0.24269759450171827,0.0004286013573495472,97,True
mt5,3,bertQPP,7,0.05,0.2237441959502006,0.027589957863041435,0.17482817869415812,0.011182156616858724,97,False
mt5,3,bertQPP,7,0.05,0.2765407914321296,0.006106767967709189,0.22293814432989695,0.0012160687743494618,97,True
mt5,3,bertQPP(QV),7,0.05,0.15994932906506504,0.11758518807931397,0.13187285223367698,0.055668220302014286,97,False
mt5,3,bertQPP(QV),7,0.05,0.2295926161439037,0.023683732646549924,0.1890034364261169,0.006094500520977148,97,True
mt5,3,spatial,7,0.1,0.31590491822546946,0.001621000804586519,0.19501718213058422,0.004655971971265852,97,False
mt5,3,spatial,7,0.1,0.26806417263719745,0.007938539029341368,0.20274914089347082,0.003259747042536618,97,True
mt5,3,a_ratio,7,0.1,0.10087212075554305,0.3255550522953378,-0.006872852233676977,0.9205564238059567,97,False
mt5,3,a_ratio,7,0.1,0.1527661279046878,0.13521473140982632,0.043384879725085916,0.5289801545988201,97,True
mt5,3,nqc,7,0.1,0.3290890821767552,0.0009971927462305342,0.2216494845360825,0.001298168853613724,97,False
mt5,3,nqc,7,0.1,0.3614213075142179,0.0002756187277191043,0.24656357388316158,0.0003463449485504128,97,True
mt5,3,bertQPP,7,0.1,0.24073442210003726,0.017536250885648242,0.17998281786941583,0.009007907605249525,97,False
mt5,3,bertQPP,7,0.1,0.29287762622052765,0.0035999775984426573,0.23195876288659797,0.0007627126312502382,97,True
mt5,3,bertQPP(QV),7,0.1,0.17840705420738345,0.08039772125380962,0.13788659793814437,0.04540422310195199,97,False
mt5,3,bertQPP(QV),7,0.1,0.24876487742330258,0.014008524807812199,0.19673539518900346,0.004305679427335466,97,True
mt5,3,spatial,7,0.15,0.3240243988236694,0.0012048924119891422,0.20575601374570449,0.0028288190417010725,97,False
mt5,3,spatial,7,0.15,0.2696197513962018,0.007569942240268829,0.20403780068728525,0.00306822352558543,97,True
mt5,3,a_ratio,7,0.15,0.10253511378667435,0.31760124574078935,-0.00429553264604811,0.9502976268493368,97,False
mt5,3,a_ratio,7,0.15,0.15455799909927403,0.13063947997070177,0.04295532646048111,0.5330675016802799,97,True
mt5,3,nqc,7,0.15,0.32951578583760305,0.000981278411462023,0.2203608247422681,0.0013853583021557498,97,False
mt5,3,nqc,7,0.15,0.36726864962106726,0.00021518924836786205,0.24742268041237117,0.00033019314561040996,97,True
mt5,3,bertQPP,7,0.15,0.25798909521708013,0.010732073421422626,0.19158075601374575,0.0054350017041903615,97,False
mt5,3,bertQPP,7,0.15,0.30891129820737173,0.0020794073481928735,0.23109965635738836,0.0007979153488644113,97,True
mt5,3,bertQPP(QV),7,0.15,0.1976574792653337,0.052300031589389374,0.15378006872852237,0.025646544632394585,97,False
mt5,3,bertQPP(QV),7,0.15,0.26782188737759777,0.007997350426945358,0.19501718213058422,0.004655971971265852,97,True
mt5,3,spatial,7,0.2,0.32907703441386693,0.0009976454732081935,0.21649484536082478,0.0016803624081385136,97,False
mt5,3,spatial,7,0.2,0.2713361631666102,0.007180832782457825,0.20403780068728525,0.00306822352558543,97,True
mt5,3,a_ratio,7,0.2,0.10440169643918704,0.3088243288631946,-0.0025773195876288664,0.9701662186124013,97,False
mt5,3,a_ratio,7,0.2,0.15656306185155633,0.12566104778103915,0.04853951890034365,0.4812066051703042,97,True
mt5,3,nqc,7,0.2,0.32051946241399926,0.0013708721431003484,0.21950171821305847,0.0014464512863097319,97,False
mt5,3,nqc,7,0.2,0.3613043754388499,0.0002769729767880185,0.2405498281786942,0.0004818477915141724,97,True
mt5,3,bertQPP,7,0.2,0.2750250199917585,0.00640382372746463,0.20274914089347082,0.003259747042536618,97,False
mt5,3,bertQPP,7,0.2,0.3242074174514185,0.0011967496355932852,0.23754295532646055,0.0005668140402706258,97,True
mt5,3,bertQPP(QV),7,0.2,0.21725859930400446,0.032548156066929214,0.16408934707903783,0.01726000960595295,97,False
mt5,3,bertQPP(QV),7,0.2,0.28623919019354394,0.004478786787659302,0.20103092783505158,0.0035320539175627825,97,True
mt5,3,spatial,7,0.25,0.3313764757259631,0.000914551580778318,0.21134020618556704,0.0021637443470699886,97,False
mt5,3,spatial,7,0.25,0.2732389243874035,0.006770221311442373,0.20618556701030932,0.0027716955730928564,97,True
mt5,3,a_ratio,7,0.25,0.10651133951458491,0.29909633557034304,-0.0017182130584192442,0.9801082366692063,97,False
mt5,3,a_ratio,7,0.25,0.1588213829333027,0.12022943379806102,0.054123711340206195,0.432221333716273,97,True
mt5,3,nqc,7,0.25,0.31130575563319035,0.0019107314034681779,0.21864261168384883,0.0015100189795415188,97,False
mt5,3,nqc,7,0.25,0.35388007621862544,0.00037665159783045445,0.23410652920962205,0.0006809162092632265,97,True
mt5,3,bertQPP,7,0.25,0.2912243110545943,0.0038030488561912336,0.21391752577319592,0.001908041073171658,97,False
mt5,3,bertQPP,7,0.25,0.33828240718203234,0.0007014862389813066,0.24699312714776633,0.0003381788389163567,97,True
mt5,3,bertQPP(QV),7,0.25,0.23659222394404394,0.019638450471461327,0.1589347079037801,0.021092644173514117,97,False
mt5,3,bertQPP(QV),7,0.25,0.30342948018595706,0.0025172335827188656,0.20403780068728525,0.00306822352558543,97,True
mt5,3,spatial,7,0.3,0.3313587408002665,0.0009151675505747788,0.22079037800687287,0.0013557124652369783,97,False
mt5,3,spatial,7,0.3,0.2753589991012946,0.0063372945069165515,0.20661512027491413,0.0027156275780873427,97,True
mt5,3,a_ratio,7,0.3,0.10891430405537085,0.28826361925943955,0.00429553264604811,0.9502976268493368,97,False
mt5,3,a_ratio,7,0.3,0.161383613593111,0.11428793069253076,0.060996563573883174,0.3760870593214216,97,True
mt5,3,nqc,7,0.3,0.30351667476205746,0.0025096651258044067,0.21091065292096223,0.002209296231634933,97,False
mt5,3,nqc,7,0.3,0.34721370831113657,0.0004932577705034885,0.23582474226804126,0.000621432826309228,97,True
mt5,3,bertQPP,7,0.3,0.305875283784957,0.0023125546264287653,0.2130584192439863,0.0019900166497547295,97,False
mt5,3,bertQPP,7,0.3,0.3506446032373461,0.0004296460772839126,0.24226804123711343,0.00043878992015195634,97,True
mt5,3,bertQPP(QV),7,0.3,0.2548929472935023,0.011747969205184372,0.1701030927835052,0.013572314777054699,97,False
mt5,3,bertQPP(QV),7,0.3,0.3188016944729837,0.0014595697008581625,0.20360824742268044,0.003130893451622874,97,True
mt5,3,spatial,7,0.35,0.32950190171966715,0.0009817925693815126,0.21993127147766325,0.0014156009702633058,97,False
mt5,3,spatial,7,0.35,0.27773422329191527,0.005881544058248214,0.209192439862543,0.002400428947085522,97,True
mt5,3,a_ratio,7,0.35,0.11167554531084865,0.27614116437899683,0.002147766323024055,0.9751367447826097,97,False
mt5,3,a_ratio,7,0.35,0.1643146753497233,0.10777290349630585,0.06013745704467355,0.3828471200330016,97,True
mt5,3,nqc,7,0.35,0.29716967703927444,0.0031173480209082767,0.20489690721649487,0.002946303078171719,97,False
mt5,3,nqc,7,0.35,0.34161236331465944,0.0006159184576615358,0.22938144329896912,0.0008728876884960134,97,True
mt5,3,bertQPP,7,0.35,0.31825476627732435,0.0014888839701495652,0.2216494845360825,0.001298168853613724,97,False
mt5,3,bertQPP,7,0.35,0.3608486680639013,0.0002823095168026677,0.2525773195876289,0.00024716269151633816,97,True
mt5,3,bertQPP(QV),7,0.35,0.27133068878609756,0.007182045195377214,0.17568728522336774,0.01079019991112942,97,False
mt5,3,bertQPP(QV),7,0.35,0.3318361189628802,0.0008987185229664434,0.21391752577319592,0.001908041073171658,97,True
mt5,3,spatial,7,0.4,0.3262649346047995,0.0011085887035176562,0.2173539518900344,0.0016102081655090619,97,False
mt5,3,spatial,7,0.4,0.28041113364837955,0.00540295569497978,0.2100515463917526,0.0023030471051788694,97,True
mt5,3,a_ratio,7,0.4,0.11488041151883457,0.26250604798531324,0.006013745704467355,0.930459888527551,97,False
mt5,3,a_ratio,7,0.4,0.16769906795938516,0.100614311541143,0.0627147766323024,0.3627897011875757,97,True
mt5,3,nqc,7,0.4,0.2920009521731784,0.003706414525768561,0.202319587628866,0.003325969220576063,97,False
mt5,3,nqc,7,0.4,0.33696341664846935,0.0007382863897982974,0.22895189003436428,0.0008926252002239728,97,True
mt5,3,bertQPP,7,0.4,0.3277415600316187,0.0010490059757696291,0.22680412371134026,0.0009976667225656776,97,False
mt5,3,bertQPP,7,0.4,0.3685531675688395,0.00020367274199303674,0.2521477663230241,0.0002532519652694692,97,True
mt5,3,bertQPP(QV),7,0.4,0.28514069557209476,0.004641357626686395,0.17955326460481102,0.009173476196585428,97,False
mt5,3,bertQPP(QV),7,0.4,0.34215779268269847,0.0006028508181434883,0.2212199312714777,0.001326652810302692,97,True
mt5,3,spatial,7,0.45,0.32205119649881553,0.0012959374208233972,0.21520618556701035,0.0017908788065225548,97,False
mt5,3,spatial,7,0.45,0.28344728589836427,0.004902283177535252,0.21219931271477666,0.0020752134680172376,97,True
mt5,3,a_ratio,7,0.45,0.1186431547056323,0.24709063328628778,0.011168384879725088,0.8712539798728897,97,False
mt5,3,a_ratio,7,0.45,0.17164867291163888,0.0927377626102014,0.0657216494845361,0.340237883454913,97,True
mt5,3,nqc,7,0.45,0.2877508434214324,0.004263374864976667,0.19931271477663232,0.003824903963020039,97,False
mt5,3,nqc,7,0.45,0.33309046984454843,0.0008567742588027357,0.2255154639175258,0.0010660691222714972,97,True
mt5,3,bertQPP,7,0.45,0.3339305778667804,0.0008296891176462173,0.22293814432989695,0.0012160687743494618,97,False
mt5,3,bertQPP,7,0.45,0.37356711413711685,0.00016395781811611652,0.2530068728522337,0.00024121095691616908,97,True
mt5,3,bertQPP(QV),7,0.45,0.2957662230565546,0.0032683592210364792,0.18943298969072167,0.005979808014005902,97,False
mt5,3,bertQPP(QV),7,0.45,0.34958708754803053,0.0004484001516899526,0.22809278350515466,0.000933347093157991,97,True
mt5,3,spatial,7,0.5,0.3171932361806598,0.0015473081120791691,0.20833333333333337,0.0025015666651811157,97,False
mt5,3,spatial,7,0.5,0.28691410198325684,0.0043814401805522965,0.21048109965635742,0.002255725464528707,97,True
mt5,3,a_ratio,7,0.5,0.12311996194977985,0.2295772449327017,0.014175257731958766,0.8370260449777805,97,False
mt5,3,a_ratio,7,0.5,0.17631448272268485,0.08406958567391143,0.06915807560137457,0.3155898965616176,97,True
mt5,3,nqc,7,0.5,0.28421285035692007,0.004782747686191218,0.19673539518900346,0.004305679427335466,97,False
mt5,3,nqc,7,0.5,0.32983539832336367,0.0009695101140267759,0.2212199312714777,0.001326652810302692,97,True
mt5,3,bertQPP,7,0.5,0.33670733742241,0.0007456323946599304,0.2328178694158076,0.0007289565212236814,97,False
mt5,3,bertQPP,7,0.5,0.375872544886926,0.00014821845974947326,0.25902061855670105,0.00017081103710396531,97,True
mt5,3,bertQPP(QV),7,0.5,0.3029613627364374,0.00255821833679406,0.19286941580756015,0.005130036782382208,97,False
mt5,3,bertQPP(QV),7,0.5,0.3541526232407849,0.0003724741130101062,0.23711340206185572,0.000580033168540485,97,True
mt5,3,spatial,7,0.55,0.31195218542297926,0.0018673654483535099,0.20704467353951894,0.0026605976928076114,97,False
mt5,3,spatial,7,0.55,0.290900108103029,0.0038440502566869416,0.20833333333333337,0.0025015666651811157,97,True
mt5,3,a_ratio,7,0.55,0.12852945072068347,0.20959882992194043,0.022336769759450176,0.7458382926337936,97,False
mt5,3,a_ratio,7,0.55,0.1819046449835838,0.07454769756953825,0.08032646048109966,0.24376503221542667,97,True
mt5,3,nqc,7,0.55,0.2812310455996,0.005263458240619038,0.19544673539518906,0.0045660596694361046,97,False
mt5,3,nqc,7,0.55,0.32707177985820196,0.0010756610160214263,0.21950171821305847,0.0014464512863097319,97,True
mt5,3,bertQPP,7,0.55,0.33625447567225525,0.0007587871053737007,0.23024054982817874,0.0008346209629654949,97,False
mt5,3,bertQPP,7,0.55,0.37561724839955274,0.00014988976655230457,0.25859106529209624,0.00017511595223064058,97,True
mt5,3,bertQPP(QV),7,0.55,0.30681364274695955,0.0022380960703760867,0.19974226804123715,0.0037496927052216027,97,False
mt5,3,bertQPP(QV),7,0.55,0.35606521674120317,0.00034433672238951284,0.2414089347079038,0.0004598488311252096,97,True
mt5,3,spatial,7,0.6,0.30652518705822596,0.0022607515024081495,0.2014604810996564,0.0034621026042757834,97,False
mt5,3,spatial,7,0.6,0.2955138863379172,0.003296195722019142,0.21091065292096223,0.002209296231634933,97,True
mt5,3,a_ratio,7,0.6,0.13518581437154303,0.18675649769903718,0.030927835051546396,0.653577523351426,97,False
mt5,3,a_ratio,7,0.6,0.1887128660066253,0.06414336124514297,0.08290378006872855,0.22896569995644822,97,True
mt5,3,nqc,7,0.6,0.2786888040567234,0.005706731707750762,0.1937285223367698,0.004935409194231109,97,False
mt5,3,nqc,7,0.6,0.3247017656467992,0.0011750047694176044,0.21649484536082478,0.0016803624081385136,97,True
mt5,3,bertQPP,7,0.6,0.33299127090184777,0.0008600251405242749,0.2298109965635739,0.0008535554716530555,97,False
mt5,3,bertQPP,7,0.6,0.3730813866270855,0.0001674653451580202,0.2521477663230241,0.0002532519652694692,97,True
mt5,3,bertQPP(QV),7,0.6,0.30768400476514524,0.002170972801182081,0.20747422680412375,0.0026065887949513057,97,False
mt5,3,bertQPP(QV),7,0.6,0.35566479723022054,0.00035006031305094223,0.23539518900343648,0.0006358327263393619,97,True
mt5,3,spatial,7,0.65,0.3010560656975253,0.002731298511471567,0.20360824742268044,0.003130893451622874,97,False
mt5,3,spatial,7,0.65,0.30088453122420716,0.002747386096607667,0.21649484536082478,0.0016803624081385136,97,True
mt5,3,a_ratio,7,0.65,0.1435538573313696,0.16067942260022142,0.03823024054982819,0.5790561270652871,97,False
mt5,3,a_ratio,7,0.65,0.19716399853971114,0.05290283719322932,0.08805841924398626,0.2013104039967497,97,True
mt5,3,nqc,7,0.65,0.27649844640651305,0.006114897848368527,0.19072164948453613,0.005647306460207743,97,False
mt5,3,nqc,7,0.65,0.3226500733355992,0.001267665499507983,0.21649484536082478,0.0016803624081385136,97,True
mt5,3,bertQPP,7,0.65,0.32747439745247375,0.001059565219398284,0.23238831615120278,0.0007456571945733053,97,False
mt5,3,bertQPP,7,0.65,0.3686291272347789,0.00020300989013546255,0.2517182130584193,0.00025948171452482385,97,True
mt5,3,bertQPP(QV),7,0.65,0.3060981315230563,0.0022946723681577827,0.21091065292096223,0.002209296231634933,97,False
mt5,3,bertQPP(QV),7,0.65,0.35335832450331267,0.0003847692327000632,0.23324742268041243,0.0007126038672884247,97,True
mt5,3,spatial,7,0.7,0.29564633588390016,0.003281558177221061,0.20274914089347082,0.003259747042536618,97,False
mt5,3,spatial,7,0.7,0.30715311037947446,0.0022116964923232798,0.21993127147766325,0.0014156009702633058,97,True
mt5,3,a_ratio,7,0.7,0.15434200773892867,0.13118463005315695,0.04424398625429554,0.52085358029868,97,False
mt5,3,a_ratio,7,0.7,0.20788772246640702,0.04102326522583651,0.09836769759450173,0.15345704089516993,97,True
mt5,3,nqc,7,0.7,0.2745933531593257,0.00649072829659822,0.18943298969072167,0.005979808014005902,97,False
mt5,3,nqc,7,0.7,0.32085853410713927,0.0013539532962460663,0.21606529209621997,0.0017164841150655054,97,True
mt5,3,bertQPP,7,0.7,0.32029662718294283,0.0013820953226754025,0.23024054982817874,0.0008346209629654949,97,False
mt5,3,bertQPP,7,0.7,0.36265840804825544,0.0002616605702582628,0.25000000000000006,0.00028586619810323126,97,True
mt5,3,bertQPP(QV),7,0.7,0.3026341165244206,0.0025872250926194692,0.21391752577319592,0.001908041073171658,97,False
mt5,3,bertQPP(QV),7,0.7,0.34956444398652686,0.0004488098121727184,0.2328178694158076,0.0007289565212236814,97,True
mt5,3,spatial,7,0.75,0.29036508868421357,0.0039125780580683625,0.1971649484536083,0.004221925130091803,97,False
mt5,3,spatial,7,0.75,0.3144364432564747,0.001708864512940149,0.22379725085910657,0.0011640289366746655,97,True
mt5,3,a_ratio,7,0.75,0.16865747258656252,0.09865640515968978,0.0622852233676976,0.36608612957525455,97,False
mt5,3,a_ratio,7,0.75,0.22183380109991643,0.028978991891572863,0.11726804123711342,0.08881318243030219,97,True
mt5,3,nqc,7,0.75,0.27292227430533117,0.006837078820726784,0.1890034364261169,0.006094500520977148,97,False
mt5,3,nqc,7,0.75,0.3192818209579287,0.0014342683696179051,0.21649484536082478,0.0016803624081385136,97,True
mt5,3,bertQPP,7,0.75,0.31200977025887694,0.0018635458433946498,0.2255154639175258,0.0010660691222714972,97,False
mt5,3,bertQPP,7,0.75,0.3555589772928833,0.0003515874609279341,0.24871134020618557,0.00030728207639036943,97,True
mt5,3,bertQPP(QV),7,0.75,0.2978376830159419,0.0030476943325070363,0.20876288659793818,0.0024505203740822256,97,False
mt5,3,bertQPP(QV),7,0.75,0.34467356959755796,0.0005458004138870733,0.2336769759450172,0.0006965926026270434,97,True
mt5,3,spatial,7,0.8,0.2852572151521071,0.0046238675862759005,0.19587628865979384,0.004477722918252414,97,False
mt5,3,spatial,7,0.8,0.3227091495924564,0.0012649071988161977,0.2298109965635739,0.0008535554716530555,97,True
mt5,3,a_ratio,7,0.8,0.18823274468039033,0.06483615526206034,0.08075601374570447,0.24125289471425693,97,False
mt5,3,a_ratio,7,0.8,0.24042133154729373,0.017688067095274523,0.1314432989690722,0.05647001729864357,97,True
mt5,3,nqc,7,0.8,0.2714452803765937,0.007156704240798252,0.18814432989690724,0.00632984784895861,97,False
mt5,3,nqc,7,0.8,0.3178842580821721,0.001509044680101462,0.21649484536082478,0.0016803624081385136,97,True
mt5,3,bertQPP,7,0.8,0.30308078110858633,0.0025477063229993996,0.21477663230240554,0.0018291772025326055,97,False
mt5,3,bertQPP,7,0.8,0.3476836181991549,0.00048406217555006315,0.2405498281786942,0.0004818477915141724,97,True
mt5,3,bertQPP(QV),7,0.8,0.2921745137304227,0.0036851216175389353,0.20489690721649487,0.002946303078171719,97,False
mt5,3,bertQPP(QV),7,0.8,0.33902498686980276,0.0006815137647049553,0.2285223367697595,0.0009127757207962206,97,True
mt5,3,spatial,7,0.85,0.2803499260362881,0.005413499950807134,0.19544673539518906,0.0045660596694361046,97,False
mt5,3,spatial,7,0.85,0.3314461724345183,0.0009121345337695498,0.23024054982817874,0.0008346209629654949,97,True
mt5,3,a_ratio,7,0.85,0.21551472961253273,0.03400280418319905,0.10051546391752579,0.14467719951816677,97,False
mt5,3,a_ratio,7,0.85,0.26553411513018643,0.008571879692827139,0.15335051546391754,0.026061836085581373,97,True
mt5,3,nqc,7,0.85,0.27013087755630233,0.0074521701758880335,0.1868556701030928,0.006698222213035896,97,False
mt5,3,nqc,7,0.85,0.31663747264326736,0.0015787175550395066,0.21563573883161516,0.0017533187111864498,97,True
mt5,3,bertQPP,7,0.85,0.29387674457392265,0.0034820168719816133,0.20661512027491413,0.0027156275780873427,97,False
mt5,3,bertQPP,7,0.85,0.339332742697939,0.0006733898750585277,0.2298109965635739,0.0008535554716530555,97,True
mt5,3,bertQPP(QV),7,0.85,0.28601392587665814,0.004511704632334861,0.19888316151202753,0.0039014834427261624,97,False
mt5,3,bertQPP(QV),7,0.85,0.3328980752007842,0.0008630895382312623,0.22379725085910657,0.0011640289366746655,97,True
mt5,3,spatial,7,0.9,0.27565775734183373,0.006278300795703001,0.1902920962199313,0.005756239608165468,97,False
mt5,3,spatial,7,0.9,0.33857903633335495,0.0006934447467488958,0.22938144329896912,0.0008728876884960134,97,True
mt5,3,a_ratio,7,0.9,0.25185590686392617,0.012825024847335711,0.13831615120274915,0.044736513464296176,97,False
mt5,3,a_ratio,7,0.9,0.2980674979728399,0.0030240562006299005,0.17740549828178698,0.010042744211065484,97,True
mt5,3,nqc,7,0.9,0.2689539358656372,0.007725818380644779,0.18513745704467358,0.007219338175415614,97,False
mt5,3,nqc,7,0.9,0.3155186684603504,0.0016437058053254616,0.21262886597938147,0.002032205430312129,97,True
mt5,3,bertQPP,7,0.9,0.28466900387155347,0.00471276422678102,0.20017182130584193,0.0036758280937195186,97,False
mt5,3,bertQPP,7,0.9,0.33074971557606236,0.0009365511710180376,0.22379725085910657,0.0011640289366746655,97,True
mt5,3,bertQPP(QV),7,0.9,0.27963260127989814,0.005538443268323102,0.19329896907216498,0.0050318722795436996,97,False
mt5,3,bertQPP(QV),7,0.9,0.32651313261125287,0.0010983632693482815,0.2216494845360825,0.001298168853613724,97,True
mt5,3,spatial,7,0.95,0.2711863275300128,0.007214082250835855,0.18814432989690724,0.00632984784895861,97,False
mt5,3,spatial,7,0.95,0.3377420442554017,0.0007163547630128609,0.22809278350515466,0.000933347093157991,97,True
mt5,3,a_ratio,7,0.95,0.2849936548114296,0.00466351313286114,0.16838487972508595,0.01454739544260673,97,False
mt5,3,a_ratio,7,0.95,0.3286149953702154,0.0010151497588217376,0.21907216494845363,0.0014779202366871586,97,True
mt5,3,nqc,7,0.95,0.26789418525454317,0.007979761058965713,0.18341924398625434,0.007776554495134835,97,False
mt5,3,nqc,7,0.95,0.31450935040808264,0.0017044025539165977,0.21134020618556704,0.0021637443470699886,97,True
mt5,3,bertQPP,7,0.95,0.2756469976950614,0.0062804169545945384,0.1890034364261169,0.006094500520977148,97,False
mt5,3,bertQPP,7,0.95,0.32212335485057886,0.0012925008716192516,0.2216494845360825,0.001298168853613724,97,True
mt5,3,bertQPP(QV),7,0.95,0.27322808496166073,0.006772500355593078,0.18857388316151205,0.006211170636578692,97,False
mt5,3,bertQPP(QV),7,0.95,0.32003757513682835,0.001395247346387057,0.21950171821305847,0.0014464512863097319,97,True
mt5,3,spatial,7,1.0,0.26693511102510425,0.008215890179681915,0.18213058419243988,0.008219435652041644,97,False
mt5,3,spatial,7,1.0,0.3135943742753119,0.001761171245649255,0.2100515463917526,0.0023030471051788694,97,True
mt5,3,a_ratio,7,1.0,0.26693511102510425,0.008215890179681915,0.18213058419243988,0.008219435652041644,97,False
mt5,3,a_ratio,7,1.0,0.3135943742753119,0.001761171245649255,0.2100515463917526,0.0023030471051788694,97,True
mt5,3,nqc,7,1.0,0.26693511102510425,0.008215890179681915,0.18213058419243988,0.008219435652041644,97,False
mt5,3,nqc,7,1.0,0.3135943742753119,0.001761171245649255,0.2100515463917526,0.0023030471051788694,97,True
mt5,3,bertQPP,7,1.0,0.26693511102510425,0.008215890179681915,0.18213058419243988,0.008219435652041644,97,False
mt5,3,bertQPP,7,1.0,0.3135943742753119,0.001761171245649255,0.2100515463917526,0.0023030471051788694,97,True
mt5,3,bertQPP(QV),7,1.0,0.26693511102510425,0.008215890179681915,0.18213058419243988,0.008219435652041644,97,False
mt5,3,bertQPP(QV),7,1.0,0.3135943742753119,0.001761171245649255,0.2100515463917526,0.0023030471051788694,97,True
mt5,3,spatial,8,0.0,0.2902846878374204,0.003922970004373455,0.18084192439862545,0.008684754281086702,97,False
mt5,3,spatial,8,0.0,0.26535429986624426,0.008618538984371022,0.202319587628866,0.003325969220576063,97,True
mt5,3,a_ratio,8,0.0,0.09803737257445763,0.3394043292597756,-0.013316151202749144,0.846776975027774,97,False
mt5,3,a_ratio,8,0.0,0.14969969433654243,0.14332557850539354,0.036512027491408944,0.5962292897960457,97,True
mt5,3,nqc,8,0.0,0.15442839842392095,0.13096637688415508,-0.07946735395189004,0.2488442983857856,97,False
mt5,3,nqc,8,0.0,0.15472678452241714,0.13021468015154855,-0.0734536082474227,0.28647120739097054,97,True
mt5,3,bertQPP,8,0.0,0.20736116382374883,0.04154956735525624,0.16838487972508595,0.01454739544260673,97,False
mt5,3,bertQPP,8,0.0,0.26026210183363074,0.010036014791192966,0.21434707903780073,0.0018682268943729797,97,True
mt5,3,bertQPP(QV),8,0.0,0.1425608869433298,0.16362395549528624,0.11984536082474227,0.08201867152410211,97,False
mt5,3,bertQPP(QV),8,0.0,0.2107320277065453,0.03827554609004534,0.17353951890034366,0.011793812186781842,97,True
mt5,3,spatial,8,0.05,0.3044479786276949,0.002430096761257893,0.18814432989690724,0.00632984784895861,97,False
mt5,3,spatial,8,0.05,0.2666219205710518,0.008294320969086935,0.2018900343642612,0.0033934144348203364,97,True
mt5,3,a_ratio,8,0.05,0.09940347725912545,0.3326843881545243,-0.010738831615120277,0.8761649965497997,97,False
mt5,3,a_ratio,8,0.05,0.15116778411972834,0.13939774535985178,0.03908934707903781,0.5705575497769013,97,True
mt5,3,nqc,8,0.05,0.2858335068805974,0.004538224606975282,0.22250859106529214,0.001242886914966472,97,False
mt5,3,nqc,8,0.05,0.30622078860944046,0.002284883107070249,0.24570446735395193,0.0003632334933323789,97,True
mt5,3,bertQPP,8,0.05,0.22398882576868395,0.02741623944977376,0.17568728522336774,0.01079019991112942,97,False
mt5,3,bertQPP,8,0.05,0.2763442434898486,0.00614458460927598,0.2216494845360825,0.001298168853613724,97,True
mt5,3,bertQPP(QV),8,0.05,0.160120106209388,0.11718878059396283,0.1284364261168385,0.06235576017343852,97,False
mt5,3,bertQPP(QV),8,0.05,0.22942068462480664,0.023791442227278924,0.19072164948453613,0.005647306460207743,97,True
mt5,3,spatial,8,0.1,0.3156233690570782,0.001637522889053942,0.19630584192439868,0.0043909374810577745,97,False
mt5,3,spatial,8,0.1,0.2680089434342753,0.007951911510691719,0.20274914089347082,0.003259747042536618,97,True
mt5,3,a_ratio,8,0.1,0.10091934920636521,0.32532742298053835,-0.00859106529209622,0.9007879306638119,97,False
mt5,3,a_ratio,8,0.1,0.15279287320440746,0.13514555754413982,0.043814432989690726,0.5249088158491623,97,True
mt5,3,nqc,8,0.1,0.33172530589759164,0.00090251259489766,0.22723367697594504,0.000975784420613921,97,False
mt5,3,nqc,8,0.1,0.36215380934520996,0.00026727325127451617,0.24742268041237117,0.00033019314561040996,97,True
mt5,3,bertQPP,8,0.1,0.24126945334964767,0.017279417837377246,0.18084192439862545,0.008684754281086702,97,False
mt5,3,bertQPP,8,0.1,0.2924809656550921,0.0036477925056742004,0.23324742268041243,0.0007126038672884247,97,True
mt5,3,bertQPP(QV),8,0.1,0.17877987098480144,0.07975719573483171,0.14003436426116841,0.04214791401843269,97,False
mt5,3,bertQPP(QV),8,0.1,0.24841999009182347,0.014146281760828688,0.19458762886597944,0.004747484369155047,97,True
mt5,3,spatial,8,0.15,0.32368697627454857,0.0012200369928637412,0.20360824742268044,0.003130893451622874,97,False
mt5,3,spatial,8,0.15,0.26953268153528137,0.007590167459740605,0.20403780068728525,0.00306822352558543,97,True
mt5,3,a_ratio,8,0.15,0.10261087032014418,0.3172419263342172,-0.006443298969072166,0.9255067132095164,97,False
mt5,3,a_ratio,8,0.15,0.1546013755938279,0.13053020896546252,0.04553264604810997,0.5087854171288679,97,True
mt5,3,nqc,8,0.15,0.3324398426377891,0.0008783022578233858,0.2255154639175258,0.0010660691222714972,97,False
mt5,3,nqc,8,0.15,0.36809457399253254,0.00020771728130168762,0.24484536082474234,0.00038088964117221485,97,True
mt5,3,bertQPP,8,0.15,0.2588614610260337,0.010460088689077683,0.1911512027491409,0.005540236417616152,97,False
mt5,3,bertQPP,8,0.15,0.30832008628975804,0.002123071911119908,0.23238831615120278,0.0007456571945733053,97,True
mt5,3,bertQPP(QV),8,0.15,0.19826639393229528,0.051564020852047025,0.15635738831615123,0.02327305567367708,97,False
mt5,3,bertQPP(QV),8,0.15,0.2673126644251032,0.008122210065307861,0.1984536082474227,0.003979453005162126,97,True
mt5,3,spatial,8,0.2,0.32876039471539115,0.001009611393854534,0.21563573883161516,0.0017533187111864498,97,False
mt5,3,spatial,8,0.2,0.2712138571175165,0.007207963085809444,0.20489690721649487,0.002946303078171719,97,True
mt5,3,a_ratio,8,0.2,0.1045102003269667,0.3083190301660205,-0.005584192439862544,0.9354157588836661,97,False
mt5,3,a_ratio,8,0.2,0.15662592792349397,0.12550734153375923,0.05111683848797252,0.4582309196968538,97,True
mt5,3,nqc,8,0.2,0.323464211420461,0.0012301299744134147,0.21993127147766325,0.0014156009702633058,97,False
mt5,3,nqc,8,0.2,0.3620168824720091,0.0002688153386432755,0.24312714776632308,0.0004186340215940853,97,True
mt5,3,bertQPP,8,0.2,0.27627756480206617,0.006157460929023053,0.20661512027491413,0.0027156275780873427,97,False
mt5,3,bertQPP,8,0.2,0.3234384876008218,0.0012313003374247362,0.2414089347079038,0.0004598488311252096,97,True
mt5,3,bertQPP(QV),8,0.2,0.21813774139051037,0.03183493548487995,0.16537800687285226,0.016403064445582434,97,False
mt5,3,bertQPP(QV),8,0.2,0.285585712904008,0.00457487456410668,0.19931271477663232,0.003824903963020039,97,True
mt5,3,spatial,8,0.25,0.3311554833543354,0.0009222541554853293,0.21864261168384883,0.0015100189795415188,97,False
mt5,3,spatial,8,0.25,0.2730774435468647,0.006804243786371428,0.20661512027491413,0.0027156275780873427,97,True
mt5,3,a_ratio,8,0.25,0.10665778349645276,0.2984286064495651,-0.0034364261168384883,0.9602288348688062,97,False
mt5,3,a_ratio,8,0.25,0.15890731568765473,0.12002638301826436,0.05541237113402062,0.42134149715143543,97,True
mt5,3,nqc,8,0.25,0.31420860817582574,0.0017228763710154416,0.21606529209621997,0.0017164841150655054,97,False
mt5,3,nqc,8,0.25,0.35445444166364726,0.00036789772882809976,0.23840206185567014,0.0005412133012575864,97,True
mt5,3,bertQPP,8,0.25,0.2928883502434514,0.0035986927103667378,0.2134879725085911,0.0019486331283160838,97,False
mt5,3,bertQPP,8,0.25,0.33736487212425803,0.0007269030960519559,0.24957044673539522,0.00029284438819506046,97,True
mt5,3,bertQPP(QV),8,0.25,0.2377712641742352,0.019019099797703064,0.16408934707903783,0.01726000960595295,97,False
mt5,3,bertQPP(QV),8,0.25,0.3026634973528721,0.0025846087679232627,0.2014604810996564,0.0034621026042757834,97,True
mt5,3,spatial,8,0.3,0.3312963818353982,0.0009173364082576727,0.22207903780068733,0.0012702502748310276,97,False
mt5,3,spatial,8,0.3,0.27515374948174764,0.006378107697942082,0.20833333333333337,0.0025015666651811157,97,True
mt5,3,a_ratio,8,0.3,0.10910516778395124,0.2874144990664584,0.0008591065292096221,0.9900533454687662,97,False
mt5,3,a_ratio,8,0.3,0.16149715184286095,0.11403000980433385,0.06185567010309279,0.3694011818632015,97,True
mt5,3,nqc,8,0.3,0.3063688896835177,0.002273113339004817,0.20876288659793818,0.0024505203740822256,97,False
mt5,3,nqc,8,0.3,0.34766743347434065,0.00048437625787670796,0.23883161512027495,0.0005288208236189078,97,True
mt5,3,bertQPP,8,0.3,0.3079620467194449,0.00214991585006484,0.21993127147766325,0.0014156009702633058,97,False
mt5,3,bertQPP,8,0.3,0.3496189882925109,0.00044782359571360976,0.24785223367697598,0.0003223841860548392,97,True
mt5,3,bertQPP(QV),8,0.3,0.25639107842578723,0.011246380036473004,0.1701030927835052,0.013572314777054699,97,False
mt5,3,bertQPP(QV),8,0.3,0.317964512959292,0.0015046568396365483,0.202319587628866,0.003325969220576063,97,True
mt5,3,spatial,8,0.35,0.3296441879637851,0.0009765350253738506,0.23067010309278352,0.00081607670119364,97,False
mt5,3,spatial,8,0.35,0.2774798172924267,0.0059289278299527095,0.2096219931271478,0.002351276432455258,97,True
mt5,3,a_ratio,8,0.35,0.1119190415011516,0.27508882830207704,0.0008591065292096221,0.9900533454687662,97,False
mt5,3,a_ratio,8,0.35,0.1644616679469268,0.10745395948633485,0.06486254295532648,0.34658765831762584,97,True
mt5,3,nqc,8,0.35,0.29997544950201804,0.002834076022410916,0.20317869415807563,0.0031947282487263706,97,False
mt5,3,nqc,8,0.35,0.34196753259507157,0.0006073800355311798,0.23024054982817874,0.0008346209629654949,97,True
mt5,3,bertQPP,8,0.35,0.3207481087267005,0.0013594423242422253,0.21950171821305847,0.0014464512863097319,97,False
mt5,3,bertQPP,8,0.35,0.3597637728009184,0.00029539787539158553,0.2573024054982818,0.0001886509599840551,97,True
mt5,3,bertQPP(QV),8,0.35,0.2731504675317447,0.006788839646806949,0.18041237113402064,0.008845012615594157,97,False
mt5,3,bertQPP(QV),8,0.35,0.3309741114546858,0.0009286199222411424,0.21048109965635742,0.002255725464528707,97,True
mt5,3,spatial,8,0.4,0.3266402299556893,0.0010931603214164134,0.22594501718213064,0.0010428004886634003,97,False
mt5,3,spatial,8,0.4,0.2801012215305744,0.005456532666579138,0.2096219931271478,0.002351276432455258,97,True
mt5,3,a_ratio,8,0.4,0.11518713597979142,0.26122551174157754,0.00429553264604811,0.9502976268493368,97,False
mt5,3,a_ratio,8,0.4,0.16788718423182764,0.10022762782323963,0.06314432989690723,0.3595119194286538,97,True
mt5,3,nqc,8,0.4,0.2947668088603378,0.0033798597147119357,0.2018900343642612,0.0033934144348203364,97,False
mt5,3,nqc,8,0.4,0.3372388563791023,0.0007304588842799851,0.2298109965635739,0.0008535554716530555,97,True
mt5,3,bertQPP,8,0.4,0.33059506668591254,0.0009420531123457819,0.22809278350515466,0.000933347093157991,97,False
mt5,3,bertQPP,8,0.4,0.3674609310262575,0.00021342786983449214,0.2598797250859107,0.00016249811961052113,97,True
mt5,3,bertQPP(QV),8,0.4,0.2872640125536682,0.0043317170977456776,0.1937285223367698,0.004935409194231109,97,False
mt5,3,bertQPP(QV),8,0.4,0.3413163846595965,0.0006231177146668576,0.21821305841924402,0.0015427588468996702,97,True
mt5,3,spatial,8,0.45,0.3226723921892406,0.0012666227792179176,0.22079037800687287,0.0013557124652369783,97,False
mt5,3,spatial,8,0.45,0.283074354885462,0.004961470268992487,0.209192439862543,0.002400428947085522,97,True
mt5,3,a_ratio,8,0.45,0.1190270585351549,0.24555366949981017,0.011168384879725088,0.8712539798728897,97,False
mt5,3,a_ratio,8,0.45,0.17188816906166293,0.09227627615882933,0.06915807560137457,0.3155898965616176,97,True
mt5,3,nqc,8,0.45,0.2904829310707448,0.00389739118533632,0.19974226804123715,0.0037496927052216027,97,False
mt5,3,nqc,8,0.45,0.3333009692342122,0.0008499130255288938,0.22809278350515466,0.000933347093157991,97,True
mt5,3,bertQPP,8,0.45,0.3370713223750165,0.0007352108133719116,0.22809278350515466,0.000933347093157991,97,False
mt5,3,bertQPP,8,0.45,0.37251652267657853,0.00017163163106480723,0.2641752577319588,0.00012634244111771396,97,True
mt5,3,bertQPP(QV),8,0.45,0.29815456693128295,0.003015143600582244,0.19501718213058422,0.004655971971265852,97,False
mt5,3,bertQPP(QV),8,0.45,0.34880481627146886,0.00046275356963529314,0.23024054982817874,0.0008346209629654949,97,True
mt5,3,spatial,8,0.5,0.3180611833763427,0.0014993868571926301,0.21606529209621997,0.0017164841150655054,97,False
mt5,3,spatial,8,0.5,0.28646924848234756,0.004445389592122533,0.2100515463917526,0.0023030471051788694,97,True
mt5,3,a_ratio,8,0.5,0.12359984889989943,0.22775284651570252,0.01975945017182131,0.7743175870264136,97,False
mt5,3,a_ratio,8,0.5,0.1766193838789514,0.083526405331984,0.07216494845360825,0.295009708543132,97,True
mt5,3,nqc,8,0.5,0.28691636362346545,0.004381117168515885,0.19802405498281792,0.004058834798972484,97,False
mt5,3,nqc,8,0.5,0.3299923796880976,0.0009637772057933007,0.22766323024054988,0.0009543472910132449,97,True
mt5,3,bertQPP,8,0.5,0.34004599947769104,0.0006549013602004425,0.22723367697594504,0.000975784420613921,97,False
mt5,3,bertQPP,8,0.5,0.37490407188657515,0.00015465155456301807,0.26374570446735396,0.00012958397281742168,97,True
mt5,3,bertQPP(QV),8,0.5,0.3055609648476027,0.0023379904442846285,0.202319587628866,0.003325969220576063,97,False
mt5,3,bertQPP(QV),8,0.5,0.3534569046124465,0.0003832232615290023,0.2444158075601375,0.0003900155261817713,97,True
mt5,3,spatial,8,0.55,0.3130592575288841,0.0017951593652741776,0.2096219931271478,0.002351276432455258,97,False
mt5,3,spatial,8,0.55,0.2903728092198662,0.0039115814615808655,0.20661512027491413,0.0027156275780873427,97,True
mt5,3,a_ratio,8,0.55,0.12913136046994664,0.20745494637677114,0.027491408934707907,0.6899437658549277,97,False
mt5,3,a_ratio,8,0.55,0.18229462276405192,0.07391720060255205,0.07989690721649485,0.24629548858904848,97,True
mt5,3,nqc,8,0.55,0.28391023647494446,0.004829684131292313,0.19501718213058422,0.004655971971265852,97,False
mt5,3,nqc,8,0.55,0.3271840946449902,0.0010711486731008375,0.22422680412371138,0.0011387880187863695,97,True
mt5,3,bertQPP,8,0.55,0.33969864694227825,0.000663846355502074,0.23109965635738836,0.0007979153488644113,97,False
mt5,3,bertQPP,8,0.55,0.37475916030020556,0.0001556360772961764,0.25859106529209624,0.00017511595223064058,97,True
mt5,3,bertQPP(QV),8,0.55,0.30956383812659394,0.002032155776520117,0.20747422680412375,0.0026065887949513057,97,False
mt5,3,bertQPP(QV),8,0.55,0.35547074517580296,0.000352865473881997,0.23840206185567014,0.0005412133012575864,97,True
mt5,3,spatial,8,0.6,0.3078583686677939,0.0021577460590379133,0.20575601374570449,0.0028288190417010725,97,False
mt5,3,spatial,8,0.6,0.29489184975727245,0.0033657253574296137,0.20876288659793818,0.0024505203740822256,97,True
mt5,3,a_ratio,8,0.6,0.1359469562346287,0.18426460438768316,0.03393470790378007,0.6224147431170471,97,False
mt5,3,a_ratio,8,0.6,0.1892163162470283,0.06342337724052678,0.08462199312714778,0.2194617374170329,97,True
mt5,3,nqc,8,0.6,0.28134712849247706,0.005243969178667241,0.19243986254295536,0.005229928831102741,97,False
mt5,3,nqc,8,0.6,0.32477634459419813,0.0011717556395942665,0.22250859106529214,0.001242886914966472,97,True
mt5,3,bertQPP,8,0.6,0.3364575959452935,0.000752860870255383,0.2392611683848798,0.0005166931871154039,97,False
mt5,3,bertQPP,8,0.6,0.37234855640687675,0.00017288888508021195,0.25601374570446744,0.000203164735220203,97,True
mt5,3,bertQPP(QV),8,0.6,0.31052582982709453,0.001964263220307794,0.21219931271477666,0.0020752134680172376,97,False
mt5,3,bertQPP(QV),8,0.6,0.3551744805085575,0.0003571881138614855,0.2392611683848798,0.0005166931871154039,97,True
mt5,3,spatial,8,0.65,0.30259935469407306,0.002590323665958375,0.20489690721649487,0.002946303078171719,97,False
mt5,3,spatial,8,0.65,0.30015383566649106,0.002816873800419952,0.21091065292096223,0.002209296231634933,97,True
mt5,3,a_ratio,8,0.65,0.1445293605810677,0.15782523657290196,0.040378006872852236,0.5579222431626273,97,False
mt5,3,a_ratio,8,0.65,0.19782324954646063,0.05209880957384306,0.08805841924398626,0.2013104039967497,97,True
mt5,3,nqc,8,0.65,0.2791387207495515,0.005625949201067464,0.19201030927835053,0.00533157487845821,97,False
mt5,3,nqc,8,0.65,0.3226924118940038,0.0012656881364390819,0.2212199312714777,0.001326652810302692,97,True
mt5,3,bertQPP,8,0.65,0.3308963721608162,0.0009313606501215273,0.23496563573883167,0.0006505425158083947,97,False
mt5,3,bertQPP,8,0.65,0.3680241499439104,0.00020834491631794257,0.2491408934707904,0.00029998189638302743,97,True
mt5,3,bertQPP(QV),8,0.65,0.308980631761406,0.0020743401161251924,0.2169243986254296,0.001644941169576058,97,False
mt5,3,bertQPP(QV),8,0.65,0.3529658960530586,0.00039098047633795034,0.24097938144329903,0.0004707284379041492,97,True
mt5,3,spatial,8,0.7,0.2973824693445859,0.0030950064859446764,0.20060137457044677,0.0036032888355043277,97,False
mt5,3,spatial,8,0.7,0.3062991851909913,0.00227864601234809,0.2177835051546392,0.0015761513468118154,97,True
mt5,3,a_ratio,8,0.7,0.15561695249818908,0.1279917346267815,0.04810996563573884,0.4850959502795227,97,False
mt5,3,a_ratio,8,0.7,0.20876808966447322,0.04015574675617541,0.09836769759450173,0.15345704089516993,97,True
mt5,3,nqc,8,0.7,0.2772178876963241,0.00597806629394083,0.1898625429553265,0.005867063974983271,97,False
mt5,3,nqc,8,0.7,0.32087304595349303,0.0013532334385904145,0.2203608247422681,0.0013853583021557498,97,True
mt5,3,bertQPP,8,0.7,0.3236272612791342,0.0012227351369593303,0.22809278350515466,0.000933347093157991,97,False
mt5,3,bertQPP,8,0.7,0.36217422622959305,0.0002670440141308169,0.24742268041237117,0.00033019314561040996,97,True
mt5,3,bertQPP(QV),8,0.7,0.3055173975591053,0.002341535888641054,0.2169243986254296,0.001644941169576058,97,False
mt5,3,bertQPP(QV),8,0.7,0.3492576811301179,0.0004543936476566932,0.24312714776632308,0.0004186340215940853,97,True
mt5,3,spatial,8,0.75,0.29227670211812545,0.0036726361742862455,0.19501718213058422,0.004655971971265852,97,False
mt5,3,spatial,8,0.75,0.3134472940109001,0.0017704546008546762,0.21864261168384883,0.0015100189795415188,97,True
mt5,3,a_ratio,8,0.75,0.17036887299449913,0.09523479916790277,0.06056701030927836,0.3794578311122522,97,False
mt5,3,a_ratio,8,0.75,0.22303942612020203,0.028095666072467832,0.11125429553264607,0.10643517898925002,97,True
mt5,3,nqc,8,0.75,0.2755329796138898,0.006302880368600113,0.18857388316151205,0.006211170636578692,97,False
mt5,3,nqc,8,0.75,0.31927209485630725,0.001434776934942359,0.21864261168384883,0.0015100189795415188,97,True
mt5,3,bertQPP,8,0.75,0.315220252540229,0.0016614444134494556,0.21907216494845363,0.0014779202366871586,97,False
mt5,3,bertQPP,8,0.75,0.3551820722784091,0.00035707674076607484,0.24699312714776633,0.0003381788389163567,97,True
mt5,3,bertQPP(QV),8,0.75,0.3006931655551088,0.0027654340562910593,0.20661512027491413,0.0027156275780873427,97,False
mt5,3,bertQPP(QV),8,0.75,0.3444372758075014,0.0005509402028716027,0.24012027491408938,0.0004932117335580638,97,True
mt5,3,spatial,8,0.8,0.2873275691331923,0.0043227397847909405,0.1890034364261169,0.006094500520977148,97,False
mt5,3,spatial,8,0.8,0.3215844214035303,0.001318368834265244,0.22680412371134026,0.0009976667225656776,97,True
mt5,3,a_ratio,8,0.8,0.190608445805103,0.06146664556700736,0.08762886597938145,0.2035174890452155,97,False
mt5,3,a_ratio,8,0.8,0.24212091680308664,0.01687738110763302,0.12972508591065296,0.0597739314027888,97,True
mt5,3,nqc,8,0.8,0.2740437499718763,0.00660288597113814,0.1868556701030928,0.006698222213035896,97,False
mt5,3,nqc,8,0.8,0.3178532457894887,0.00151074334531257,0.21821305841924402,0.0015427588468996702,97,True
mt5,3,bertQPP,8,0.8,0.3061569964266013,0.0022899696526840906,0.21434707903780073,0.0018682268943729797,97,False
mt5,3,bertQPP,8,0.8,0.3473970155475456,0.00048965175808248,0.24871134020618557,0.00030728207639036943,97,True
mt5,3,bertQPP(QV),8,0.8,0.2949834850186624,0.0033554007560337804,0.20274914089347082,0.003259747042536618,97,False
mt5,3,bertQPP(QV),8,0.8,0.3388432934584147,0.0006863519475156036,0.2392611683848798,0.0005166931871154039,97,True
mt5,3,spatial,8,0.85,0.2825633230001889,0.005043607622345059,0.18857388316151205,0.006211170636578692,97,False
mt5,3,spatial,8,0.85,0.33022086823099617,0.0009554880761987859,0.2366838487972509,0.0005935388745829456,97,True
mt5,3,a_ratio,8,0.85,0.21892242059921452,0.031209530672450525,0.11340206185567013,0.09984779835922447,97,False
mt5,3,a_ratio,8,0.85,0.2679847344522358,0.007957779414185693,0.15678694158075604,0.022896601370035064,97,True
mt5,3,nqc,8,0.85,0.27271845169164366,0.006880422138112497,0.1868556701030928,0.006698222213035896,97,False
mt5,3,nqc,8,0.85,0.3165876278308445,0.001581562612356995,0.21563573883161516,0.0017533187111864498,97,True
mt5,3,bertQPP,8,0.85,0.2968152298444319,0.003154883601808297,0.20446735395189009,0.0030066996042901117,97,False
mt5,3,bertQPP,8,0.85,0.3391184096831195,0.0006790382385634511,0.2336769759450172,0.0006965926026270434,97,True
mt5,3,bertQPP(QV),8,0.85,0.288765419873969,0.004124030671369719,0.19759450171821308,0.0041396512632380965,97,False
mt5,3,bertQPP(QV),8,0.85,0.3327559617999345,0.0008677815977854844,0.22895189003436428,0.0008926252002239728,97,True
mt5,3,spatial,8,0.9,0.2779997473203108,0.005832448043960072,0.18513745704467358,0.007219338175415614,97,False
mt5,3,spatial,8,0.9,0.3373796937528103,0.00072648591551441,0.23410652920962205,0.0006809162092632265,97,True
mt5,3,a_ratio,8,0.9,0.256692928887569,0.011147614129868222,0.14475945017182132,0.035674068768179766,97,False
mt5,3,a_ratio,8,0.9,0.30149677931008995,0.0026903532189600328,0.1902920962199313,0.005756239608165468,97,True
mt5,3,nqc,8,0.9,0.27153175085549935,0.007137634349582867,0.18513745704467358,0.007219338175415614,97,False
mt5,3,nqc,8,0.9,0.3154520506560129,0.001647650802990728,0.21434707903780073,0.0018682268943729797,97,True
mt5,3,bertQPP,8,0.9,0.28747330045135683,0.004302217997228486,0.19501718213058422,0.004655971971265852,97,False
mt5,3,bertQPP,8,0.9,0.3305902258970296,0.0009422258076183477,0.22465635738831619,0.0011140538745299275,97,True
mt5,3,bertQPP(QV),8,0.9,0.2823212839203995,0.00508293065869355,0.19286941580756015,0.005130036782382208,97,False
mt5,3,bertQPP(QV),8,0.9,0.3263972697286882,0.001103125939621986,0.22379725085910657,0.0011640289366746655,97,True
mt5,3,spatial,8,0.95,0.27364377651876365,0.006685583406727243,0.18341924398625434,0.007776554495134835,97,False
mt5,3,spatial,8,0.95,0.33688029986033996,0.0007406634331598908,0.22250859106529214,0.001242886914966472,97,True
mt5,3,a_ratio,8,0.95,0.2904332684174138,0.003903784997114932,0.17568728522336774,0.01079019991112942,97,False
mt5,3,a_ratio,8,0.95,0.332181556370974,0.0008869844317314446,0.21649484536082478,0.0016803624081385136,97,True
mt5,3,nqc,8,0.95,0.27046321180773314,0.007376465079843529,0.18384879725085912,0.0076337511300162714,97,False
mt5,3,nqc,8,0.95,0.31442770372309226,0.0017094000863113106,0.2134879725085911,0.0019486331283160838,97,True
mt5,3,bertQPP,8,0.95,0.27832478978324837,0.005772842109156046,0.18771477663230243,0.006450561996249079,97,False
mt5,3,bertQPP,8,0.95,0.3220028860599038,0.0012982428462297094,0.21864261168384883,0.0015100189795415188,97,True
mt5,3,bertQPP(QV),8,0.95,0.27585246826000515,0.006240114908202367,0.1898625429553265,0.005867063974983271,97,False
mt5,3,bertQPP(QV),8,0.95,0.319936668447518,0.00140040101884029,0.2212199312714777,0.001326652810302692,97,True
mt5,3,spatial,8,1.0,0.2694961842502348,0.00759865948356166,0.18256013745704472,0.00806936233603351,97,False
mt5,3,spatial,8,1.0,0.3134991877503495,0.0017671741500998033,0.21262886597938147,0.002032205430312129,97,True
mt5,3,a_ratio,8,1.0,0.2694961842502348,0.00759865948356166,0.18256013745704472,0.00806936233603351,97,False
mt5,3,a_ratio,8,1.0,0.3134991877503495,0.0017671741500998033,0.21262886597938147,0.002032205430312129,97,True
mt5,3,nqc,8,1.0,0.2694961842502348,0.00759865948356166,0.18256013745704472,0.00806936233603351,97,False
mt5,3,nqc,8,1.0,0.3134991877503495,0.0017671741500998033,0.21262886597938147,0.002032205430312129,97,True
mt5,3,bertQPP,8,1.0,0.2694961842502348,0.00759865948356166,0.18256013745704472,0.00806936233603351,97,False
mt5,3,bertQPP,8,1.0,0.3134991877503495,0.0017671741500998033,0.21262886597938147,0.002032205430312129,97,True
mt5,3,bertQPP(QV),8,1.0,0.2694961842502348,0.00759865948356166,0.18256013745704472,0.00806936233603351,97,False
mt5,3,bertQPP(QV),8,1.0,0.3134991877503495,0.0017671741500998033,0.21262886597938147,0.002032205430312129,97,True
mt5,3,spatial,9,0.0,0.2902846878374204,0.003922970004373455,0.18084192439862545,0.008684754281086702,97,False
mt5,3,spatial,9,0.0,0.26535429986624426,0.008618538984371022,0.202319587628866,0.003325969220576063,97,True
mt5,3,a_ratio,9,0.0,0.09803737257445763,0.3394043292597756,-0.013316151202749144,0.846776975027774,97,False
mt5,3,a_ratio,9,0.0,0.14969969433654243,0.14332557850539354,0.036512027491408944,0.5962292897960457,97,True
mt5,3,nqc,9,0.0,0.15442839842392095,0.13096637688415508,-0.07946735395189004,0.2488442983857856,97,False
mt5,3,nqc,9,0.0,0.15472678452241714,0.13021468015154855,-0.0734536082474227,0.28647120739097054,97,True
mt5,3,bertQPP,9,0.0,0.20736116382374883,0.04154956735525624,0.16838487972508595,0.01454739544260673,97,False
mt5,3,bertQPP,9,0.0,0.26026210183363074,0.010036014791192966,0.21434707903780073,0.0018682268943729797,97,True
mt5,3,bertQPP(QV),9,0.0,0.1425608869433298,0.16362395549528624,0.11984536082474227,0.08201867152410211,97,False
mt5,3,bertQPP(QV),9,0.0,0.2107320277065453,0.03827554609004534,0.17353951890034366,0.011793812186781842,97,True
mt5,3,spatial,9,0.05,0.3051523687920671,0.002371432288372635,0.1859965635738832,0.006954397086601862,97,False
mt5,3,spatial,9,0.05,0.26659713884180636,0.00830055498999982,0.2018900343642612,0.0033934144348203364,97,True
mt5,3,a_ratio,9,0.05,0.09940051742156428,0.33269885572753877,-0.010738831615120277,0.8761649965497997,97,False
mt5,3,a_ratio,9,0.05,0.151137971789167,0.13947668778203273,0.038659793814433,0.5747994088567128,97,True
mt5,3,nqc,9,0.05,0.2857902674196425,0.004544601025336239,0.21907216494845363,0.0014779202366871586,97,False
mt5,3,nqc,9,0.05,0.3033923351104811,0.00252046399712336,0.24355670103092786,0.0004088834881762593,97,True
mt5,3,bertQPP,9,0.05,0.2238738344258295,0.02749778198073234,0.1709621993127148,0.013106785247853048,97,False
mt5,3,bertQPP,9,0.05,0.2758985493939979,0.006231107835395944,0.22293814432989695,0.0012160687743494618,97,True
mt5,3,bertQPP(QV),9,0.05,0.15998621837260976,0.11749947314098062,0.13101374570446736,0.05728140399891128,97,False
mt5,3,bertQPP(QV),9,0.05,0.22883335936798102,0.024162542302649685,0.19329896907216498,0.0050318722795436996,97,True
mt5,3,spatial,9,0.1,0.31705193581280683,0.001555239672246773,0.19931271477663232,0.003824903963020039,97,False
mt5,3,spatial,9,0.1,0.2679569310480455,0.007964523260613794,0.20274914089347082,0.003259747042536618,97,True
mt5,3,a_ratio,9,0.1,0.1009130735038572,0.3253576644248408,-0.009879725085910654,0.886001161240211,97,False
mt5,3,a_ratio,9,0.1,0.15272985078821263,0.1353086013213813,0.0425257731958763,0.5371707606067591,97,True
mt5,3,nqc,9,0.1,0.33276113851781375,0.0008676102740605901,0.22079037800687287,0.0013557124652369783,97,False
mt5,3,nqc,9,0.1,0.3581764459468118,0.00031555769453779474,0.24957044673539522,0.00029284438819506046,97,True
mt5,3,bertQPP,9,0.1,0.2410330688880988,0.017392487245445228,0.18041237113402064,0.008845012615594157,97,False
mt5,3,bertQPP,9,0.1,0.29155305951631444,0.0037618723509757358,0.23324742268041243,0.0007126038672884247,97,True
mt5,3,bertQPP(QV),9,0.1,0.17848488653271238,0.08026366131904229,0.1396048109965636,0.042782883164389815,97,False
mt5,3,bertQPP(QV),9,0.1,0.24717516372944145,0.0146533294580104,0.20060137457044677,0.0036032888355043277,97,True
mt5,3,spatial,9,0.15,0.3257977624247501,0.001128070867670174,0.21048109965635742,0.002255725464528707,97,False
mt5,3,spatial,9,0.15,0.26945061082846594,0.007609275068447249,0.20317869415807563,0.0031947282487263706,97,True
mt5,3,a_ratio,9,0.15,0.10260085866423556,0.31728939738431866,-0.006872852233676977,0.9205564238059567,97,False
mt5,3,a_ratio,9,0.15,0.15450113687242614,0.13078282903838753,0.04510309278350516,0.5127917901399865,97,True
mt5,3,nqc,9,0.15,0.33428199531042624,0.0008185930696734026,0.21649484536082478,0.0016803624081385136,97,False
mt5,3,nqc,9,0.15,0.36396776043675694,0.00024759979507297874,0.24828178694158082,0.0003147483455907583,97,True
mt5,3,bertQPP,9,0.15,0.2585084583084227,0.010569411683164843,0.19501718213058422,0.004655971971265852,97,False
mt5,3,bertQPP,9,0.15,0.30688342262369905,0.002232646372209569,0.23840206185567014,0.0005412133012575864,97,True
mt5,3,bertQPP(QV),9,0.15,0.19779128135475285,0.05213756482981336,0.15764604810996566,0.022159535570441733,97,False
mt5,3,bertQPP(QV),9,0.15,0.2653563345070696,0.008618009779246701,0.19587628865979384,0.004477722918252414,97,True
mt5,3,spatial,9,0.2,0.3314614675572586,0.0009116048866194087,0.21606529209621997,0.0017164841150655054,97,False
mt5,3,spatial,9,0.2,0.27109844006924916,0.007233648233864085,0.20317869415807563,0.0031947282487263706,97,True
mt5,3,a_ratio,9,0.2,0.10449595334996087,0.3083853471140996,-0.00429553264604811,0.9502976268493368,97,False
mt5,3,a_ratio,9,0.2,0.15648370577965195,0.1258552777846008,0.05111683848797252,0.4582309196968538,97,True
mt5,3,nqc,9,0.2,0.3256786597703038,0.001133087296999785,0.2134879725085911,0.0019486331283160838,97,False
mt5,3,nqc,9,0.2,0.35794040750859435,0.000318661482662303,0.24269759450171827,0.0004286013573495472,97,True
mt5,3,bertQPP,9,0.2,0.2758292372529729,0.006244660039836934,0.21176975945017185,0.0021190549684448486,97,False
mt5,3,bertQPP,9,0.2,0.3214816258443554,0.0013233559181162688,0.24312714776632308,0.0004186340215940853,97,True
mt5,3,bertQPP(QV),9,0.2,0.21747983200412926,0.03236742060308505,0.1666666666666667,0.01558372473088864,97,False
mt5,3,bertQPP(QV),9,0.2,0.28289111636745334,0.004990783991247292,0.20274914089347082,0.003259747042536618,97,True
mt5,3,spatial,9,0.25,0.3343247217417848,0.000817253255378541,0.2173539518900344,0.0016102081655090619,97,False
mt5,3,spatial,9,0.25,0.27292482713265503,0.006836537490836271,0.20661512027491413,0.0027156275780873427,97,True
mt5,3,a_ratio,9,0.25,0.10663870297759527,0.2985155508444526,-0.0038659793814432995,0.9552623626593565,97,False
mt5,3,a_ratio,9,0.25,0.15871737952439882,0.12047553767127069,0.05584192439862544,0.41775090102760204,97,True
mt5,3,nqc,9,0.25,0.31658381807238395,0.0015817802578695155,0.21219931271477666,0.0020752134680172376,97,False
mt5,3,nqc,9,0.25,0.3504468467695532,0.0004330973688488117,0.2414089347079038,0.0004598488311252096,97,True
mt5,3,bertQPP,9,0.25,0.29238698985964295,0.003659203626162805,0.21993127147766325,0.0014156009702633058,97,False
mt5,3,bertQPP,9,0.25,0.3348961287699906,0.0007995264877958699,0.2508591065292096,0.00027237466938260737,97,True
mt5,3,bertQPP(QV),9,0.25,0.23695331123036728,0.01944695539289341,0.1666666666666667,0.01558372473088864,97,False
mt5,3,bertQPP(QV),9,0.25,0.29924129119353293,0.0029058706515888892,0.20103092783505158,0.0035320539175627825,97,True
mt5,3,spatial,9,0.3,0.33480224649526164,0.0008024146794332648,0.2173539518900344,0.0016102081655090619,97,False
mt5,3,spatial,9,0.3,0.27495937982110213,0.0064169718389240574,0.20747422680412375,0.0026065887949513057,97,True
mt5,3,a_ratio,9,0.3,0.10908053139430336,0.28752400870427464,-0.0017182130584192442,0.9801082366692063,97,False
mt5,3,a_ratio,9,0.3,0.1612525340388661,0.11458626130142988,0.06056701030927836,0.3794578311122522,97,True
mt5,3,nqc,9,0.3,0.3088128025724321,0.0020866250974476194,0.20704467353951894,0.0026605976928076114,97,False
mt5,3,nqc,9,0.3,0.3437183545806096,0.0005668520082969901,0.2405498281786942,0.0004818477915141724,97,True
mt5,3,bertQPP,9,0.3,0.3074722763764163,0.0021871322077663883,0.22465635738831619,0.0011140538745299275,97,False
mt5,3,bertQPP,9,0.3,0.346669326071459,0.0005041109584214224,0.25042955326460486,0.0002790440350017295,97,True
mt5,3,bertQPP(QV),9,0.3,0.2554681211630155,0.011553132052853885,0.17182130584192443,0.01265543298933369,97,False
mt5,3,bertQPP(QV),9,0.3,0.31386889366216203,0.0017439619559971118,0.20017182130584193,0.0036758280937195186,97,True
mt5,3,spatial,9,0.35,0.33336218459957184,0.0008479271417274891,0.21864261168384883,0.0015100189795415188,97,False
mt5,3,spatial,9,0.35,0.2772382608391117,0.005974231345421349,0.20876288659793818,0.0024505203740822256,97,True
mt5,3,a_ratio,9,0.35,0.11188797026857729,0.27522296106001576,-0.0008591065292096221,0.9900533454687662,97,False
mt5,3,a_ratio,9,0.35,0.16415378794628185,0.10812284141077627,0.06529209621993129,0.34340339579060297,97,True
mt5,3,nqc,9,0.35,0.3024468461239765,0.002603957352992775,0.202319587628866,0.003325969220576063,97,False
mt5,3,nqc,9,0.35,0.3380648634868236,0.0007074378598382899,0.23324742268041243,0.0007126038672884247,97,True
mt5,3,bertQPP,9,0.35,0.32035270252339026,0.0013792632431993415,0.22938144329896912,0.0008728876884960134,97,False
mt5,3,bertQPP,9,0.35,0.3563866787548484,0.0003398042240064362,0.2512886597938145,0.00026585493232954136,97,True
mt5,3,bertQPP(QV),9,0.35,0.2722102507677988,0.006989551817301671,0.18470790378006877,0.007355176256510775,97,False
mt5,3,bertQPP(QV),9,0.35,0.32630193537512436,0.0011070588464651375,0.20790378006872856,0.0025535840012904936,97,True
mt5,3,spatial,9,0.4,0.33046295856352337,0.0009467764388394128,0.21563573883161516,0.0017533187111864498,97,False
mt5,3,spatial,9,0.4,0.27980592610154403,0.005508021270844454,0.21091065292096223,0.002209296231634933,97,True
mt5,3,a_ratio,9,0.4,0.1151485528306678,0.26138635744236777,-0.00042955326460481104,0.9950265761177077,97,False
mt5,3,a_ratio,9,0.4,0.16750532182463967,0.10101378985764205,0.06658075601374572,0.3339631552636785,97,True
mt5,3,nqc,9,0.4,0.2972464220405155,0.003109273766745496,0.19931271477663232,0.003824903963020039,97,False
mt5,3,nqc,9,0.4,0.3333728711407355,0.0008475808947969432,0.23067010309278352,0.00081607670119364,97,True
mt5,3,bertQPP,9,0.4,0.3303843579045704,0.000949596919146618,0.23238831615120278,0.0007456571945733053,97,False
mt5,3,bertQPP,9,0.4,0.3637286324844916,0.0002501144987485875,0.25601374570446744,0.000203164735220203,97,True
mt5,3,bertQPP(QV),9,0.4,0.28641772561919326,0.004452849725252591,0.19243986254295536,0.005229928831102741,97,False
mt5,3,bertQPP(QV),9,0.4,0.3361981473315622,0.0007604380726525092,0.22336769759450176,0.0011897860106094835,97,True
mt5,3,spatial,9,0.45,0.32651367373001167,0.0010983410700381466,0.21477663230240554,0.0018291772025326055,97,False
mt5,3,spatial,9,0.45,0.2827173248021687,0.005018728725073528,0.21176975945017185,0.0021190549684448486,97,True
mt5,3,a_ratio,9,0.45,0.11897963708204289,0.24574316386773762,0.009020618556701032,0.8958549214709819,97,False
mt5,3,a_ratio,9,0.45,0.17141871032534897,0.0931825928913989,0.07087628865979383,0.3037170573623521,97,True
mt5,3,nqc,9,0.45,0.2929614972557488,0.003589939616873662,0.19587628865979384,0.004477722918252414,97,False
mt5,3,nqc,9,0.45,0.3294643449905292,0.000983184603882905,0.22766323024054988,0.0009543472910132449,97,True
mt5,3,bertQPP,9,0.45,0.3371282116640862,0.0007335940484809046,0.2336769759450172,0.0006965926026270434,97,False
mt5,3,bertQPP,9,0.45,0.36851295484150537,0.00020402446229882408,0.2607388316151203,0.0001545669713814958,97,True
mt5,3,bertQPP(QV),9,0.45,0.29751863755588304,0.0030807853726469965,0.1971649484536083,0.004221925130091803,97,False
mt5,3,bertQPP(QV),9,0.45,0.3433891621555258,0.000574277617957122,0.23238831615120278,0.0007456571945733053,97,True
mt5,3,spatial,9,0.5,0.3218559888769756,0.0013052758362114853,0.20747422680412375,0.0026065887949513057,97,False
mt5,3,spatial,9,0.5,0.28604059442598156,0.004507796337390635,0.21134020618556704,0.0021637443470699886,97,True
mt5,3,a_ratio,9,0.5,0.1235419551311717,0.2279724018275498,0.015034364261168387,0.8273000875464372,97,False
mt5,3,a_ratio,9,0.5,0.1760447158161261,0.08455251714794483,0.07259450171821306,0.29214479548279504,97,True
mt5,3,nqc,9,0.5,0.28938942510161114,0.004040361915428238,0.19673539518900346,0.004305679427335466,97,False
mt5,3,nqc,9,0.5,0.32617963358743113,0.001112122944744189,0.22766323024054988,0.0009543472910132449,97,True
mt5,3,bertQPP,9,0.5,0.3404313211298005,0.0006451077181823412,0.23711340206185572,0.000580033168540485,97,False
mt5,3,bertQPP,9,0.5,0.37071609850493437,0.0001855598509951203,0.27018900343642616,8.827472841766767e-05,97,True
mt5,3,bertQPP(QV),9,0.5,0.30523566159737875,0.0023645803628340235,0.20489690721649487,0.002946303078171719,97,False
mt5,3,bertQPP(QV),9,0.5,0.34789271710946473,0.00048002115290361893,0.2517182130584193,0.00025948171452482385,97,True
mt5,3,spatial,9,0.55,0.31676128295531353,0.0015716707241601325,0.2100515463917526,0.0023030471051788694,97,False
mt5,3,spatial,9,0.55,0.2898601108039024,0.003978257469108736,0.20833333333333337,0.0025015666651811157,97,True
mt5,3,a_ratio,9,0.55,0.12906100143358443,0.20770474014410456,0.02061855670103093,0.7647885664914993,97,False
mt5,3,a_ratio,9,0.55,0.18159147071127674,0.07505714660716095,0.07817869415807562,0.25660117603543875,97,True
mt5,3,nqc,9,0.55,0.2863757439071936,0.004458936621544714,0.1941580756013746,0.0048406217198878375,97,False
mt5,3,nqc,9,0.55,0.3233910757723847,0.001233460096806292,0.22809278350515466,0.000933347093157991,97,True
mt5,3,bertQPP,9,0.55,0.3404420391626935,0.0006448372262986747,0.2439862542955327,0.0003993454119661632,97,False
mt5,3,bertQPP,9,0.55,0.37046809812960646,0.00018755829616208536,0.27577319587628873,6.286763010435062e-05,97,True
mt5,3,bertQPP(QV),9,0.55,0.3096166433934541,0.0020283747855074433,0.21434707903780073,0.0018682268943729797,97,False
mt5,3,bertQPP(QV),9,0.55,0.3498914473802795,0.00044292699270221465,0.2517182130584193,0.00025948171452482385,97,True
mt5,3,spatial,9,0.6,0.31143667020989135,0.0019018761621026096,0.2014604810996564,0.0034621026042757834,97,False
mt5,3,spatial,9,0.6,0.2942792301495685,0.0034354839623594235,0.2100515463917526,0.0023030471051788694,97,True
mt5,3,a_ratio,9,0.6,0.13586178499901966,0.18454223566262093,0.027061855670103097,0.6945424903122657,97,False
mt5,3,a_ratio,9,0.6,0.18835317407792582,0.06466181267134545,0.08032646048109966,0.24376503221542667,97,True
mt5,3,nqc,9,0.6,0.2838042750042481,0.004846215802152102,0.1902920962199313,0.005756239608165468,97,False
mt5,3,nqc,9,0.6,0.32099986041885026,0.0013469575962218453,0.22723367697594504,0.000975784420613921,97,True
mt5,3,bertQPP,9,0.6,0.33755645858841676,0.000721527403156128,0.24656357388316158,0.0003463449485504128,97,False
mt5,3,bertQPP,9,0.6,0.36802378393385676,0.00020834818285541908,0.2710481099656358,8.381752378824866e-05,97,True
mt5,3,bertQPP(QV),9,0.6,0.3109849150975549,0.001932591258411393,0.21563573883161516,0.0017533187111864498,97,False
mt5,3,bertQPP(QV),9,0.6,0.3496877716579257,0.0004465827600459352,0.2512886597938145,0.00026585493232954136,97,True
mt5,3,spatial,9,0.65,0.3060349227076789,0.0022997318092247876,0.20403780068728525,0.00306822352558543,97,False
mt5,3,spatial,9,0.65,0.29942057863138694,0.002888188670935852,0.21048109965635742,0.002255725464528707,97,True
mt5,3,a_ratio,9,0.65,0.14442689547808493,0.15812324639053904,0.033505154639175264,0.6268270582661877,97,False
mt5,3,a_ratio,9,0.65,0.19675629957131113,0.05340515675774703,0.08762886597938145,0.2035174890452155,97,True
mt5,3,nqc,9,0.65,0.281587349345826,0.005203842311949551,0.18556701030927839,0.00708575590459897,97,False
mt5,3,nqc,9,0.65,0.31892996626629283,0.0014527708084434016,0.22465635738831619,0.0011140538745299275,97,True
mt5,3,bertQPP,9,0.65,0.33232181060350396,0.0008822601851221491,0.23754295532646055,0.0005668140402706258,97,False
mt5,3,bertQPP,9,0.65,0.3637196950614924,0.0002502089413082224,0.26632302405498287,0.00011124963084926736,97,True
mt5,3,bertQPP(QV),9,0.65,0.30983846972846896,0.002012560749949626,0.21434707903780073,0.0018682268943729797,97,False
mt5,3,bertQPP(QV),9,0.65,0.34764979671746077,0.0004847187314141949,0.25472508591065296,0.00021872261513442568,97,True
mt5,3,spatial,9,0.7,0.30066518505453177,0.0027680818468519075,0.19501718213058422,0.004655971971265852,97,False
mt5,3,spatial,9,0.7,0.30541759565523935,0.0023496758935938364,0.21864261168384883,0.0015100189795415188,97,True
mt5,3,a_ratio,9,0.7,0.15549551822332777,0.12829326070863958,0.04209621993127149,0.541289833276998,97,False
mt5,3,a_ratio,9,0.7,0.20743458705304527,0.041475844058072336,0.0970790378006873,0.15891607395046403,97,True
mt5,3,nqc,9,0.7,0.2796581793437552,0.005533944438415575,0.18384879725085912,0.0076337511300162714,97,False
mt5,3,nqc,9,0.7,0.31712265634817915,0.001551265349562514,0.22207903780068733,0.0012702502748310276,97,True
mt5,3,bertQPP,9,0.7,0.32533357505493005,0.0011477365462628554,0.22680412371134026,0.0009976667225656776,97,False
mt5,3,bertQPP,9,0.7,0.35792823185061623,0.0003188223466146929,0.26460481099656363,0.00012317744827931967,97,True
mt5,3,bertQPP(QV),9,0.7,0.30674055850054194,0.0022438166917158066,0.2130584192439863,0.0019900166497547295,97,False
mt5,3,bertQPP(QV),9,0.7,0.34416178256766283,0.0005569886415843971,0.2508591065292096,0.00027237466938260737,97,True
mt5,3,spatial,9,0.75,0.2954028381013749,0.0033085131939835713,0.18771477663230243,0.006450561996249079,97,False
mt5,3,spatial,9,0.75,0.31237924590828364,0.0018392060812511112,0.22508591065292102,0.0010898172708815595,97,True
mt5,3,a_ratio,9,0.75,0.17023096795363593,0.09550700065247446,0.05927835051546393,0.3896811249151011,97,False
mt5,3,a_ratio,9,0.75,0.22134698448868165,0.02934227688375069,0.11039518900343644,0.10916471457232763,97,True
mt5,3,nqc,9,0.75,0.2779652847454242,0.005838799654799217,0.18341924398625434,0.007776554495134835,97,False
mt5,3,nqc,9,0.75,0.3155321637617301,0.0016429076781843868,0.2203608247422681,0.0013853583021557498,97,True
mt5,3,bertQPP,9,0.75,0.31715445122687286,0.0015494815552243581,0.21907216494845363,0.0014779202366871586,97,False
mt5,3,bertQPP,9,0.75,0.35101836789350294,0.0004231919676248699,0.25515463917525777,0.00021341645031147517,97,True
mt5,3,bertQPP(QV),9,0.75,0.30223357126672823,0.002623131585975175,0.2100515463917526,0.0023030471051788694,97,False
mt5,3,bertQPP(QV),9,0.75,0.3395871783725941,0.0006667404903767958,0.24699312714776633,0.0003381788389163567,97,True
mt5,3,spatial,9,0.8,0.29029783828522177,0.003921268601029388,0.18341924398625434,0.007776554495134835,97,False
mt5,3,spatial,9,0.8,0.32027548833940195,0.0013831643067920647,0.22809278350515466,0.000933347093157991,97,True
mt5,3,a_ratio,9,0.8,0.1904726428577231,0.061655334007877934,0.08591065292096221,0.2125219840325313,97,False
mt5,3,a_ratio,9,0.8,0.23993153831157965,0.017927839170860455,0.12671821305841927,0.06594102788919391,97,True
mt5,3,nqc,9,0.8,0.2764684959513711,0.006120653868347577,0.18213058419243988,0.008219435652041644,97,False
mt5,3,nqc,9,0.8,0.3141224689231318,0.0017282009626547073,0.21864261168384883,0.0015100189795415188,97,True
mt5,3,bertQPP,9,0.8,0.3082661876596871,0.0021270935137422246,0.21219931271477666,0.0020752134680172376,97,False
mt5,3,bertQPP,9,0.8,0.34332781677290464,0.0005756712013535658,0.25429553264604815,0.00022415245533308512,97,True
mt5,3,bertQPP(QV),9,0.8,0.29678790864050336,0.0031577936480602724,0.202319587628866,0.003325969220576063,97,False
mt5,3,bertQPP(QV),9,0.8,0.33424628591230693,0.0008197143820614095,0.24570446735395193,0.0003632334933323789,97,True
mt5,3,spatial,9,0.85,0.28538140922248295,0.004605290257392368,0.18384879725085912,0.0076337511300162714,97,False
mt5,3,spatial,9,0.85,0.328589704066117,0.0010161159431380355,0.23754295532646055,0.0005668140402706258,97,True
mt5,3,a_ratio,9,0.85,0.2188667431279007,0.03125356213196731,0.1164089347079038,0.09117630712765404,97,False
mt5,3,a_ratio,9,0.85,0.26510140631403584,0.008684538978607746,0.1516323024054983,0.027781654237823455,97,True
mt5,3,nqc,9,0.85,0.2751360916981923,0.006381629737488431,0.18213058419243988,0.008219435652041644,97,False
mt5,3,nqc,9,0.85,0.31286492760710777,0.0018076483913639222,0.21649484536082478,0.0016803624081385136,97,True
mt5,3,bertQPP,9,0.85,0.299051252655045,0.0029247190364661223,0.20618556701030932,0.0027716955730928564,97,False
mt5,3,bertQPP,9,0.85,0.3351473119014964,0.0007918457127832041,0.23453608247422683,0.0006655682797928671,97,True
mt5,3,bertQPP(QV),9,0.85,0.29078200622059897,0.00385908432394415,0.19888316151202753,0.0039014834427261624,97,False
mt5,3,bertQPP(QV),9,0.85,0.3284065670917547,0.0010231372131498865,0.23754295532646055,0.0005668140402706258,97,True
mt5,3,spatial,9,0.9,0.28067122860603005,0.005358352285428202,0.18556701030927839,0.00708575590459897,97,False
mt5,3,spatial,9,0.9,0.33529781583784973,0.0007872758916351428,0.23969072164948454,0.0005048251929224872,97,True
mt5,3,a_ratio,9,0.9,0.2570049946139429,0.011046303647771812,0.1443298969072165,0.03622527510674091,97,False
mt5,3,a_ratio,9,0.9,0.2977222964304225,0.003059625097183974,0.1859965635738832,0.006954397086601862,97,True
mt5,3,nqc,9,0.9,0.2739427358746601,0.006623685486796045,0.18213058419243988,0.008219435652041644,97,False
mt5,3,nqc,9,0.9,0.3117365271990128,0.0018817330307934982,0.21520618556701035,0.0017908788065225548,97,True
mt5,3,bertQPP,9,0.9,0.2897949576192732,0.003986802905492796,0.1941580756013746,0.0048406217198878375,97,False
mt5,3,bertQPP,9,0.9,0.3267149501662724,0.0010901120004297986,0.23024054982817874,0.0008346209629654949,97,True
mt5,3,bertQPP(QV),9,0.9,0.2845032312597452,0.004738090976640485,0.1898625429553265,0.005867063974983271,97,False
mt5,3,bertQPP(QV),9,0.9,0.32228192951030693,0.0012849777993761437,0.22637457044673542,0.0010200025736501021,97,True
mt5,3,spatial,9,0.95,0.2761753530818048,0.006177245452957329,0.1829896907216495,0.007921746820669876,97,False
mt5,3,spatial,9,0.95,0.3341370547463687,0.0008231530654608242,0.23582474226804126,0.000621432826309228,97,True
mt5,3,a_ratio,9,0.95,0.29184479154315246,0.003725666643942291,0.17697594501718217,0.010225152665271457,97,False
mt5,3,a_ratio,9,0.95,0.32776807591596663,0.0010479632147082506,0.2100515463917526,0.0023030471051788694,97,True
mt5,3,nqc,9,0.95,0.2728679757284847,0.006848601874537105,0.18084192439862545,0.008684754281086702,97,False
mt5,3,nqc,9,0.95,0.31071859825254355,0.0019509075973035658,0.21434707903780073,0.0018682268943729797,97,True
mt5,3,bertQPP,9,0.95,0.2806983978363767,0.005353711990390493,0.19587628865979384,0.004477722918252414,97,False
mt5,3,bertQPP,9,0.95,0.31821751843839813,0.0014908996631668493,0.22293814432989695,0.0012160687743494618,97,True
mt5,3,bertQPP(QV),9,0.95,0.27815959124664696,0.005803068151013673,0.19072164948453613,0.005647306460207743,97,False
mt5,3,bertQPP(QV),9,0.95,0.31603733114232246,0.0016132827715327662,0.22336769759450176,0.0011897860106094835,97,True
mt5,3,spatial,9,1.0,0.27189513646868285,0.007057984387901703,0.18084192439862545,0.008684754281086702,97,False
mt5,3,spatial,9,1.0,0.3097958548265475,0.00201559010540097,0.2130584192439863,0.0019900166497547295,97,True
mt5,3,a_ratio,9,1.0,0.27189513646868285,0.007057984387901703,0.18084192439862545,0.008684754281086702,97,False
mt5,3,a_ratio,9,1.0,0.3097958548265475,0.00201559010540097,0.2130584192439863,0.0019900166497547295,97,True
mt5,3,nqc,9,1.0,0.27189513646868285,0.007057984387901703,0.18084192439862545,0.008684754281086702,97,False
mt5,3,nqc,9,1.0,0.3097958548265475,0.00201559010540097,0.2130584192439863,0.0019900166497547295,97,True
mt5,3,bertQPP,9,1.0,0.27189513646868285,0.007057984387901703,0.18084192439862545,0.008684754281086702,97,False
mt5,3,bertQPP,9,1.0,0.3097958548265475,0.00201559010540097,0.2130584192439863,0.0019900166497547295,97,True
mt5,3,bertQPP(QV),9,1.0,0.27189513646868285,0.007057984387901703,0.18084192439862545,0.008684754281086702,97,False
mt5,3,bertQPP(QV),9,1.0,0.3097958548265475,0.00201559010540097,0.2130584192439863,0.0019900166497547295,97,True
mt5,3,spatial,10,0.0,0.2902846878374204,0.003922970004373455,0.18084192439862545,0.008684754281086702,97,False
mt5,3,spatial,10,0.0,0.26535429986624426,0.008618538984371022,0.202319587628866,0.003325969220576063,97,True
mt5,3,a_ratio,10,0.0,0.09803737257445763,0.3394043292597756,-0.013316151202749144,0.846776975027774,97,False
mt5,3,a_ratio,10,0.0,0.14969969433654243,0.14332557850539354,0.036512027491408944,0.5962292897960457,97,True
mt5,3,nqc,10,0.0,0.15442839842392095,0.13096637688415508,-0.07946735395189004,0.2488442983857856,97,False
mt5,3,nqc,10,0.0,0.15472678452241714,0.13021468015154855,-0.0734536082474227,0.28647120739097054,97,True
mt5,3,bertQPP,10,0.0,0.20736116382374883,0.04154956735525624,0.16838487972508595,0.01454739544260673,97,False
mt5,3,bertQPP,10,0.0,0.26026210183363074,0.010036014791192966,0.21434707903780073,0.0018682268943729797,97,True
mt5,3,bertQPP(QV),10,0.0,0.1425608869433298,0.16362395549528624,0.11984536082474227,0.08201867152410211,97,False
mt5,3,bertQPP(QV),10,0.0,0.2107320277065453,0.03827554609004534,0.17353951890034366,0.011793812186781842,97,True
mt5,3,spatial,10,0.05,0.30546440346136877,0.0023458550035097363,0.18857388316151205,0.006211170636578692,97,False
mt5,3,spatial,10,0.05,0.2666251011362856,0.00829352117374356,0.2014604810996564,0.0034621026042757834,97,True
mt5,3,a_ratio,10,0.05,0.09941240225422075,0.3326407655396104,-0.010738831615120277,0.8761649965497997,97,False
mt5,3,a_ratio,10,0.05,0.15115005655053976,0.13944468350846467,0.03951890034364262,0.5663306621908052,97,True
mt5,3,nqc,10,0.05,0.2876122972686409,0.004282725599773875,0.22293814432989695,0.0012160687743494618,97,False
mt5,3,nqc,10,0.05,0.3052421618065955,0.0023640463864422886,0.24785223367697598,0.0003223841860548392,97,True
mt5,3,bertQPP,10,0.05,0.22413533882852563,0.027312641771923128,0.17310996563573885,0.01200419316896961,97,False
mt5,3,bertQPP,10,0.05,0.2761899011748798,0.006174426030098674,0.22422680412371138,0.0011387880187863695,97,True
mt5,3,bertQPP(QV),10,0.05,0.16025704752395914,0.1168716592959023,0.13230240549828182,0.05487593045339063,97,False
mt5,3,bertQPP(QV),10,0.05,0.22911903963791316,0.023981423609696885,0.19329896907216498,0.0050318722795436996,97,True
mt5,3,spatial,10,0.1,0.3177206650662841,0.001518024874334897,0.19931271477663232,0.003824903963020039,97,False
mt5,3,spatial,10,0.1,0.2680159237086067,0.007950220302583882,0.20317869415807563,0.0031947282487263706,97,True
mt5,3,a_ratio,10,0.1,0.1009380646653464,0.32523724734655457,-0.009879725085910654,0.886001161240211,97,False
mt5,3,a_ratio,10,0.1,0.15275531358212863,0.135242709144101,0.043814432989690726,0.5249088158491623,97,True
mt5,3,nqc,10,0.1,0.336400811574446,0.0007545133368957578,0.22336769759450176,0.0011897860106094835,97,False
mt5,3,nqc,10,0.1,0.3617607900520431,0.0002717215317052324,0.2517182130584193,0.00025948171452482385,97,True
mt5,3,bertQPP,10,0.1,0.24160335784856254,0.01712078313777122,0.18170103092783507,0.008372001763204117,97,False
mt5,3,bertQPP,10,0.1,0.2921775920488259,0.0036847449525556253,0.23582474226804126,0.000621432826309228,97,True
mt5,3,bertQPP(QV),10,0.1,0.17907885095760742,0.07924648186631694,0.13702749140893475,0.046764860648197036,97,False
mt5,3,bertQPP(QV),10,0.1,0.24778950707251227,0.014401155739714436,0.19759450171821308,0.0041396512632380965,97,True
mt5,3,spatial,10,0.15,0.3268611911307179,0.0010841682613115223,0.20833333333333337,0.0025015666651811157,97,False
mt5,3,spatial,10,0.15,0.26954422961710073,0.00758748224831412,0.20446735395189009,0.0030066996042901117,97,True
mt5,3,a_ratio,10,0.15,0.10264037613739856,0.3171020488512313,-0.005584192439862544,0.9354157588836661,97,False
mt5,3,a_ratio,10,0.15,0.1545414918064731,0.1306810823178113,0.04553264604810997,0.5087854171288679,97,True
mt5,3,nqc,10,0.15,0.338863797457588,0.0006858043930897667,0.22207903780068733,0.0012702502748310276,97,False
mt5,3,nqc,10,0.15,0.3684378871462584,0.00020468254397874018,0.24785223367697598,0.0003223841860548392,97,True
mt5,3,bertQPP,10,0.15,0.25944105147765434,0.010282739133401294,0.19458762886597944,0.004747484369155047,97,False
mt5,3,bertQPP,10,0.15,0.307883829461563,0.002155820771625241,0.23711340206185572,0.000580033168540485,97,True
mt5,3,bertQPP(QV),10,0.15,0.1987682365470993,0.05096386229688807,0.15592783505154642,0.023654871935139845,97,False
mt5,3,bertQPP(QV),10,0.15,0.266343774690007,0.008364527615225981,0.19974226804123715,0.0037496927052216027,97,True
mt5,3,spatial,10,0.2,0.3329442958246282,0.0008615684999918607,0.2169243986254296,0.001644941169576058,97,False
mt5,3,spatial,10,0.2,0.2712309350291317,0.0072041693812735135,0.20446735395189009,0.0030066996042901117,97,True
mt5,3,a_ratio,10,0.2,0.10455166120577387,0.308126090540646,-0.005584192439862544,0.9354157588836661,97,False
mt5,3,a_ratio,10,0.2,0.15654074157626088,0.1257156551003531,0.05197594501718214,0.450711341430895,97,True
mt5,3,nqc,10,0.2,0.3306449867173776,0.0009402738961262913,0.21907216494845363,0.0014779202366871586,97,False
mt5,3,nqc,10,0.2,0.362784007190645,0.0002602805278578582,0.2439862542955327,0.0003993454119661632,97,True
mt5,3,bertQPP,10,0.2,0.2771811868378247,0.005984980206076459,0.2100515463917526,0.0023030471051788694,97,False
mt5,3,bertQPP,10,0.2,0.32289817307223123,0.0012561181895345253,0.2452749140893471,0.0003719636432157586,97,True
mt5,3,bertQPP(QV),10,0.2,0.21890403110449183,0.031224067854268917,0.16537800687285226,0.016403064445582434,97,False
mt5,3,bertQPP(QV),10,0.2,0.284293808477507,0.004770259878038323,0.20446735395189009,0.0030066996042901117,97,True
mt5,3,spatial,10,0.25,0.336234831189614,0.00075936250716235,0.21864261168384883,0.0015100189795415188,97,False
mt5,3,spatial,10,0.25,0.2731012689167888,0.006799214519018315,0.20618556701030932,0.0027716955730928564,97,True
mt5,3,a_ratio,10,0.25,0.10671256898207744,0.2981790573663664,-0.0038659793814432995,0.9552623626593565,97,False
mt5,3,a_ratio,10,0.25,0.15879323091525951,0.12029601181578879,0.056701030927835065,0.41062402699366984,97,True
mt5,3,nqc,10,0.25,0.3217020130487858,0.001312684855193053,0.2216494845360825,0.001298168853613724,97,False
mt5,3,nqc,10,0.25,0.3554480916605056,0.00035319429157688317,0.2439862542955327,0.0003993454119661632,97,True
mt5,3,bertQPP,10,0.25,0.2942136365618512,0.003443029291147798,0.21864261168384883,0.0015100189795415188,97,False
mt5,3,bertQPP,10,0.25,0.33676232289510855,0.0007440494481817574,0.2525773195876289,0.00024716269151633816,97,True
mt5,3,bertQPP(QV),10,0.25,0.23888702717650562,0.01844854086571784,0.1670962199312715,0.015318729327102553,97,False
mt5,3,bertQPP(QV),10,0.25,0.3010941178457755,0.0027277412387476186,0.20274914089347082,0.003259747042536618,97,True
mt5,3,spatial,10,0.3,0.3371308596831272,0.0007335188723265054,0.21864261168384883,0.0015100189795415188,97,False
mt5,3,spatial,10,0.3,0.27518588142961453,0.0063717030424955065,0.20618556701030932,0.0027716955730928564,97,True
mt5,3,a_ratio,10,0.3,0.10917490620702085,0.2871046594586826,-0.0025773195876288664,0.9701662186124013,97,False
mt5,3,a_ratio,10,0.3,0.16134977827534397,0.11436488053997618,0.0622852233676976,0.36608612957525455,97,True
mt5,3,nqc,10,0.3,0.31398840334678957,0.0017365176889308088,0.2134879725085911,0.0019486331283160838,97,False
mt5,3,nqc,10,0.3,0.3487868738017665,0.0004630876788944515,0.2405498281786942,0.0004818477915141724,97,True
mt5,3,bertQPP,10,0.3,0.309819359885,0.002013918698030688,0.22207903780068733,0.0012702502748310276,97,False
mt5,3,bertQPP,10,0.3,0.3490070709024343,0.00045900263540428563,0.2530068728522337,0.00024121095691616908,97,True
mt5,3,bertQPP(QV),10,0.3,0.2579618757969328,0.010740658473670974,0.17697594501718217,0.010225152665271457,97,False
mt5,3,bertQPP(QV),10,0.3,0.31619394953246843,0.0016041968341209913,0.20618556701030932,0.0027716955730928564,97,True
mt5,3,spatial,10,0.35,0.3360868340226652,0.0007637102885626942,0.2173539518900344,0.0016102081655090619,97,False
mt5,3,spatial,10,0.35,0.27752227797598733,0.005920995959043504,0.2096219931271478,0.002351276432455258,97,True
mt5,3,a_ratio,10,0.35,0.11200569467708078,0.27471498347789103,0.00042955326460481104,0.9950265761177077,97,False
mt5,3,a_ratio,10,0.35,0.16427557798788098,0.1078578608803373,0.06443298969072167,0.34979065764691386,97,True
mt5,3,nqc,10,0.35,0.30763972418630897,0.0021743434225241364,0.20833333333333337,0.0025015666651811157,97,False
mt5,3,nqc,10,0.35,0.34316057406650924,0.0005794862078677648,0.23539518900343648,0.0006358327263393619,97,True
mt5,3,bertQPP,10,0.35,0.32324690733160244,0.0012400485941367683,0.22938144329896912,0.0008728876884960134,97,False
mt5,3,bertQPP,10,0.35,0.35920187632712525,0.0003023944009352533,0.256872852233677,0.0001933769855221948,97,True
mt5,3,bertQPP(QV),10,0.35,0.2752911319780091,0.006350763985889345,0.1829896907216495,0.007921746820669876,97,False
mt5,3,bertQPP(QV),10,0.35,0.32910377394572227,0.0009966409169204146,0.2130584192439863,0.0019900166497547295,97,True
mt5,3,spatial,10,0.4,0.3335517923283805,0.0008418029308454025,0.21520618556701035,0.0017908788065225548,97,False
mt5,3,spatial,10,0.4,0.28015667122379206,0.005446912111607622,0.21262886597938147,0.002032205430312129,97,True
mt5,3,a_ratio,10,0.4,0.11529310619689045,0.26078408891704463,0.0,1.0,97,False
mt5,3,a_ratio,10,0.4,0.16765557458917266,0.10070388095775838,0.06529209621993129,0.34340339579060297,97,True
mt5,3,nqc,10,0.4,0.3024388651139359,0.002604672599373243,0.20489690721649487,0.002946303078171719,97,False
mt5,3,nqc,10,0.4,0.33847701538851166,0.0006962009307383508,0.23195876288659797,0.0007627126312502382,97,True
mt5,3,bertQPP,10,0.4,0.3338248203272104,0.0008330552010830136,0.2366838487972509,0.0005935388745829456,97,False
mt5,3,bertQPP,10,0.4,0.3670083970069049,0.00021759466756496808,0.25515463917525777,0.00021341645031147517,97,True
mt5,3,bertQPP(QV),10,0.4,0.29007926425825825,0.003949633467758222,0.19501718213058422,0.004655971971265852,97,False
mt5,3,bertQPP(QV),10,0.4,0.33946123052561145,0.0006700244479259387,0.22809278350515466,0.000933347093157991,97,True
mt5,3,spatial,10,0.45,0.3299297878853641,0.0009660593243969267,0.21563573883161516,0.0017533187111864498,97,False
mt5,3,spatial,10,0.45,0.2831463490029057,0.004949994947281899,0.21176975945017185,0.0021190549684448486,97,True
mt5,3,a_ratio,10,0.45,0.11915534836170484,0.24504153365929648,0.007731958762886599,0.9106652645488371,97,False
mt5,3,a_ratio,10,0.45,0.17160238029470085,0.09282717403523734,0.06958762886597938,0.3125934883665836,97,True
mt5,3,nqc,10,0.45,0.2981456385782226,0.003016056443316607,0.20017182130584193,0.0036758280937195186,97,False
mt5,3,nqc,10,0.45,0.3345678456600792,0.0008096674168029053,0.23024054982817874,0.0008346209629654949,97,True
mt5,3,bertQPP,10,0.45,0.3410822395117533,0.00062886744972578,0.23969072164948454,0.0005048251929224872,97,False
mt5,3,bertQPP,10,0.45,0.3722253939015342,0.00017381618605321703,0.2603092783505155,0.00015848586196658186,97,True
mt5,3,bertQPP(QV),10,0.45,0.30171657085508,0.0026701400877025125,0.202319587628866,0.003325969220576063,97,False
mt5,3,bertQPP(QV),10,0.45,0.34707847570879574,0.0004959336622211796,0.23152920962199317,0.0007801296905645403,97,True
mt5,3,spatial,10,0.5,0.32556100105584734,0.0011380628263061591,0.20833333333333337,0.0025015666651811157,97,False
mt5,3,spatial,10,0.5,0.2865626226270627,0.004431898097251341,0.21176975945017185,0.0021190549684448486,97,True
mt5,3,a_ratio,10,0.5,0.12375431276443269,0.2271677861903642,0.012886597938144333,0.851661350500996,97,False
mt5,3,a_ratio,10,0.5,0.17626820604412655,0.08415227279691141,0.07216494845360825,0.295009708543132,97,True
mt5,3,nqc,10,0.5,0.29456195328712104,0.0034031311202034164,0.19974226804123715,0.0037496927052216027,97,False
mt5,3,nqc,10,0.5,0.33127807384688684,0.0009179740532901122,0.22938144329896912,0.0008728876884960134,97,True
mt5,3,bertQPP,10,0.5,0.3448366063961525,0.0005422797553740663,0.23625429553264607,0.0006073368350083252,97,False
mt5,3,bertQPP,10,0.5,0.3748129505220767,0.00015526995353022977,0.2719072164948454,7.957359852373424e-05,97,True
mt5,3,bertQPP(QV),10,0.5,0.30989225139443466,0.002008743454386197,0.21048109965635742,0.002255725464528707,97,False
mt5,3,bertQPP(QV),10,0.5,0.35195752362007,0.0004073659256005286,0.25343642611683853,0.00023539388087640415,97,True
mt5,3,spatial,10,0.55,0.32071787380496736,0.0013609487608719324,0.20661512027491413,0.0027156275780873427,97,False
mt5,3,spatial,10,0.55,0.2904942683287037,0.0038959328845008427,0.20833333333333337,0.0025015666651811157,97,True
mt5,3,a_ratio,10,0.55,0.1293171275184922,0.20679645358806367,0.018900343642611686,0.783880730258208,97,False
mt5,3,a_ratio,10,0.55,0.1818632751503117,0.07461483519521021,0.07946735395189004,0.2488442983857856,97,True
mt5,3,nqc,10,0.55,0.29153553061026255,0.0037640577822871,0.1984536082474227,0.003979453005162126,97,False
mt5,3,nqc,10,0.55,0.32848238656162354,0.0010202250357161937,0.22809278350515466,0.000933347093157991,97,True
mt5,3,bertQPP,10,0.55,0.345215104808559,0.0005341864886398767,0.2405498281786942,0.0004818477915141724,97,False
mt5,3,bertQPP,10,0.55,0.3748896607770611,0.00015474920406751105,0.279639175257732,4.952017035250988e-05,97,True
mt5,3,bertQPP(QV),10,0.55,0.3146325074833151,0.0016968892159603458,0.21950171821305847,0.0014464512863097319,97,False
mt5,3,bertQPP(QV),10,0.55,0.35427113819530165,0.0003706708973699716,0.2598797250859107,0.00016249811961052113,97,True
mt5,3,spatial,10,0.6,0.3156101508125539,0.0016383023067575257,0.20360824742268044,0.003130893451622874,97,False
mt5,3,spatial,10,0.6,0.29505088862001444,0.0033478244756950707,0.209192439862543,0.002400428947085522,97,True
mt5,3,a_ratio,10,0.6,0.1361712006919847,0.18353509394492465,0.026202749140893475,0.7037735989090746,97,False
mt5,3,a_ratio,10,0.6,0.18868493084637544,0.06418350497575834,0.08204467353951891,0.23382603249144784,97,True
mt5,3,nqc,10,0.6,0.2889512531123253,0.004098953202725592,0.1937285223367698,0.004935409194231109,97,False
mt5,3,nqc,10,0.6,0.3260831930003046,0.0011161310722549347,0.22637457044673542,0.0010200025736501021,97,True
mt5,3,bertQPP,10,0.6,0.3426045055657002,0.0005923379482702562,0.24570446735395193,0.0003632334933323789,97,False
mt5,3,bertQPP,10,0.6,0.37270493372904007,0.0001702314167516454,0.27534364261168387,6.454501938742568e-05,97,True
mt5,3,bertQPP(QV),10,0.6,0.316254052031177,0.0016007224189173793,0.2212199312714777,0.001326652810302692,97,False
mt5,3,bertQPP(QV),10,0.6,0.3543182676325152,0.00036995605315293177,0.256872852233677,0.0001933769855221948,97,True
mt5,3,spatial,10,0.65,0.31039403419697786,0.0019734419295176827,0.2053264604810997,0.002887015591872923,97,False
mt5,3,spatial,10,0.65,0.3003642040183382,0.0027967080620441643,0.21176975945017185,0.0021190549684448486,97,True
mt5,3,a_ratio,10,0.65,0.14480284815830868,0.15703187485532988,0.033505154639175264,0.6268270582661877,97,False
mt5,3,a_ratio,10,0.65,0.19716462334455434,0.05290207037316566,0.08676975945017183,0.2079844017382293,97,True
mt5,3,nqc,10,0.65,0.2867219602725357,0.004408959933486093,0.1902920962199313,0.005756239608165468,97,False
mt5,3,nqc,10,0.65,0.32400511658492553,0.0012057532339886392,0.22293814432989695,0.0012160687743494618,97,True
mt5,3,bertQPP,10,0.65,0.33755419194540565,0.000721590789505954,0.2444158075601375,0.0003900155261817713,97,False
mt5,3,bertQPP,10,0.65,0.36859566241738634,0.00020330167026456255,0.2676116838487973,0.00010302809096628477,97,True
mt5,3,bertQPP(QV),10,0.65,0.31526154083195096,0.0016589798444189604,0.2212199312714777,0.001326652810302692,97,False
mt5,3,bertQPP(QV),10,0.65,0.35246910580103347,0.0003989757439973473,0.2598797250859107,0.00016249811961052113,97,True
mt5,3,spatial,10,0.7,0.30518236270276616,0.0023689628376525333,0.19587628865979384,0.004477722918252414,97,False
mt5,3,spatial,10,0.7,0.30658124395317,0.002256332651638173,0.2212199312714777,0.001326652810302692,97,True
mt5,3,a_ratio,10,0.7,0.15595751824356002,0.12714898939406288,0.04295532646048111,0.5330675016802799,97,False
mt5,3,a_ratio,10,0.7,0.207944500020422,0.04096684880297447,0.09536082474226806,0.16642177733641728,97,True
mt5,3,nqc,10,0.7,0.2847810927662297,0.004695707686615891,0.1902920962199313,0.005756239608165468,97,False
mt5,3,nqc,10,0.7,0.32218976022830287,0.0012893456238883758,0.21907216494845363,0.0014779202366871586,97,True
mt5,3,bertQPP,10,0.7,0.33067012333922746,0.0009393791536048533,0.23496563573883167,0.0006505425158083947,97,False
mt5,3,bertQPP,10,0.7,0.36293913541917106,0.0002585852990476098,0.26159793814432997,0.00014700123564547276,97,True
mt5,3,bertQPP(QV),10,0.7,0.31223341983827047,0.0018487780469870396,0.21262886597938147,0.002032205430312129,97,False
mt5,3,bertQPP(QV),10,0.7,0.3491139159461635,0.0004570324178398813,0.25343642611683853,0.00023539388087640415,97,True
mt5,3,spatial,10,0.75,0.3000541390342899,0.0028264761936084687,0.19072164948453613,0.005647306460207743,97,False
mt5,3,spatial,10,0.75,0.3138317592055783,0.0017462809369357055,0.22422680412371138,0.0011387880187863695,97,True
mt5,3,a_ratio,10,0.75,0.17081031935951443,0.09436756779701265,0.06357388316151204,0.356252805453549,97,False
mt5,3,a_ratio,10,0.75,0.22199895360491934,0.028856616192188198,0.11125429553264607,0.10643517898925002,97,True
mt5,3,nqc,10,0.75,0.2830772542745717,0.00496100767102146,0.18814432989690724,0.00632984784895861,97,False
mt5,3,nqc,10,0.75,0.3205915310621632,0.001367260119749393,0.21864261168384883,0.0015100189795415188,97,True
mt5,3,bertQPP,10,0.75,0.32252975355665925,0.001273300195950246,0.22465635738831619,0.0011140538745299275,97,False
mt5,3,bertQPP,10,0.75,0.3561120726111907,0.0003436726251797541,0.256872852233677,0.0001933769855221948,97,True
mt5,3,bertQPP(QV),10,0.75,0.30773065547180656,0.0021674268658245822,0.21091065292096223,0.002209296231634933,97,False
mt5,3,bertQPP(QV),10,0.75,0.3446242757393594,0.0005468689960612689,0.2517182130584193,0.00025948171452482385,97,True
mt5,3,spatial,10,0.8,0.2950626810781186,0.00334650055991296,0.186426116838488,0.006825229731210832,97,False
mt5,3,spatial,10,0.8,0.3221178559573308,0.001292762465365486,0.22723367697594504,0.000975784420613921,97,True
mt5,3,a_ratio,10,0.8,0.1912267143596283,0.060613544084888775,0.08591065292096221,0.2125219840325313,97,False
mt5,3,a_ratio,10,0.8,0.24079758437687945,0.017505760420473044,0.12500000000000003,0.06969448971824621,97,True
mt5,3,nqc,10,0.8,0.28157028486823116,0.005206683754722332,0.18728522336769762,0.006573343269072617,97,False
mt5,3,nqc,10,0.8,0.3191744916575301,0.0014398895448478706,0.21864261168384883,0.0015100189795415188,97,True
mt5,3,bertQPP,10,0.8,0.3136304071276783,0.001758903664257164,0.21950171821305847,0.0014464512863097319,97,False
mt5,3,bertQPP,10,0.8,0.3484611837322468,0.0004691910255270196,0.25343642611683853,0.00023539388087640415,97,True
mt5,3,bertQPP(QV),10,0.8,0.3022417513336492,0.0026223938304791704,0.20274914089347082,0.003259747042536618,97,False
mt5,3,bertQPP(QV),10,0.8,0.33932924335863557,0.0006734817477012031,0.2452749140893471,0.0003719636432157586,97,True
mt5,3,spatial,10,0.85,0.2902422256757333,0.003928468259194522,0.18771477663230243,0.006450561996249079,97,False
mt5,3,spatial,10,0.85,0.33097119487276344,0.0009287226145219823,0.2336769759450172,0.0006965926026270434,97,True
mt5,3,a_ratio,10,0.85,0.21992331381440133,0.030426884373817593,0.11340206185567013,0.09984779835922447,97,False
mt5,3,a_ratio,10,0.85,0.2663265493296993,0.008368892608613537,0.15077319587628868,0.0286776674564184,97,True
mt5,3,nqc,10,0.85,0.2802284356820981,0.0054344833069459725,0.18556701030927839,0.00708575590459897,97,False
mt5,3,nqc,10,0.85,0.317910028631867,0.0015076344431167671,0.2173539518900344,0.0016102081655090619,97,True
mt5,3,bertQPP,10,0.85,0.3043687335276192,0.002436777741595498,0.2100515463917526,0.0023030471051788694,97,False
mt5,3,bertQPP,10,0.85,0.3402862052946598,0.0006487802538595591,0.24226804123711343,0.00043878992015195634,97,True
mt5,3,bertQPP(QV),10,0.85,0.29616065387302914,0.0032252696344663447,0.19974226804123715,0.0037496927052216027,97,False
mt5,3,bertQPP(QV),10,0.85,0.33350463860479895,0.0008433221834195157,0.24097938144329903,0.0004707284379041492,97,True
mt5,3,spatial,10,0.9,0.2856130903898167,0.004570812376372912,0.18814432989690724,0.00632984784895861,97,False
mt5,3,spatial,10,0.9,0.3384283254032668,0.0006975198611146261,0.23711340206185572,0.000580033168540485,97,True
mt5,3,a_ratio,10,0.9,0.258715595770808,0.010505141752384862,0.14261168384879727,0.03850326567762371,97,False
mt5,3,a_ratio,10,0.9,0.2996371431942032,0.002866959196818882,0.18470790378006877,0.007355176256510775,97,True
mt5,3,nqc,10,0.9,0.279026325557549,0.005646034043364386,0.18470790378006877,0.007355176256510775,97,False
mt5,3,nqc,10,0.9,0.3167751316842056,0.0015708842798266497,0.2177835051546392,0.0015761513468118154,97,True
mt5,3,bertQPP,10,0.9,0.29504179782079276,0.003348845401968565,0.2018900343642612,0.0033934144348203364,97,False
mt5,3,bertQPP,10,0.9,0.3318334519621228,0.0008988096659371044,0.2328178694158076,0.0007289565212236814,97,True
mt5,3,bertQPP(QV),10,0.9,0.28978693126176436,0.003987856769572421,0.19286941580756015,0.005130036782382208,97,False
mt5,3,bertQPP(QV),10,0.9,0.32737175650304884,0.0010636476282751503,0.23067010309278352,0.00081607670119364,97,True
mt5,3,spatial,10,0.95,0.2811856093563747,0.005271104009597873,0.18341924398625434,0.007776554495134835,97,False
mt5,3,spatial,10,0.95,0.33824043620584515,0.0007026309155755044,0.23539518900343648,0.0006358327263393619,97,True
mt5,3,a_ratio,10,0.95,0.2951127409936707,0.003340885654552436,0.17697594501718217,0.010225152665271457,97,False
mt5,3,a_ratio,10,0.95,0.33108385694865056,0.0009247633204079365,0.20833333333333337,0.0025015666651811157,97,True
mt5,3,nqc,10,0.95,0.27794344992552383,0.005842827087123126,0.18384879725085912,0.0076337511300162714,97,False
mt5,3,nqc,10,0.95,0.3157511181750393,0.0016300074106329345,0.21563573883161516,0.0017533187111864498,97,True
mt5,3,bertQPP,10,0.95,0.2858598152684823,0.004534348876287805,0.1941580756013746,0.0048406217198878375,97,False
mt5,3,bertQPP,10,0.95,0.3232967481076165,0.0012377672627762032,0.22293814432989695,0.0012160687743494618,97,True
mt5,3,bertQPP(QV),10,0.95,0.2833376091047563,0.0049196241681596625,0.19286941580756015,0.005130036782382208,97,False
mt5,3,bertQPP(QV),10,0.95,0.32110174610933623,0.001341934592455035,0.22422680412371138,0.0011387880187863695,97,True
mt5,3,spatial,10,1.0,0.27696308110691664,0.006026214633914771,0.1829896907216495,0.007921746820669876,97,False
mt5,3,spatial,10,1.0,0.31482268099073885,0.0016853463361599084,0.21391752577319592,0.001908041073171658,97,True
mt5,3,a_ratio,10,1.0,0.27696308110691664,0.006026214633914771,0.1829896907216495,0.007921746820669876,97,False
mt5,3,a_ratio,10,1.0,0.31482268099073885,0.0016853463361599084,0.21391752577319592,0.001908041073171658,97,True
mt5,3,nqc,10,1.0,0.27696308110691664,0.006026214633914771,0.1829896907216495,0.007921746820669876,97,False
mt5,3,nqc,10,1.0,0.31482268099073885,0.0016853463361599084,0.21391752577319592,0.001908041073171658,97,True
mt5,3,bertQPP,10,1.0,0.27696308110691664,0.006026214633914771,0.1829896907216495,0.007921746820669876,97,False
mt5,3,bertQPP,10,1.0,0.31482268099073885,0.0016853463361599084,0.21391752577319592,0.001908041073171658,97,True
mt5,3,bertQPP(QV),10,1.0,0.27696308110691664,0.006026214633914771,0.1829896907216495,0.007921746820669876,97,False
mt5,3,bertQPP(QV),10,1.0,0.31482268099073885,0.0016853463361599084,0.21391752577319592,0.001908041073171658,97,True
mt5,3,spatial,11,0.0,0.2902846878374204,0.003922970004373455,0.18084192439862545,0.008684754281086702,97,False
mt5,3,spatial,11,0.0,0.26535429986624426,0.008618538984371022,0.202319587628866,0.003325969220576063,97,True
mt5,3,a_ratio,11,0.0,0.09803737257445763,0.3394043292597756,-0.013316151202749144,0.846776975027774,97,False
mt5,3,a_ratio,11,0.0,0.14969969433654243,0.14332557850539354,0.036512027491408944,0.5962292897960457,97,True
mt5,3,nqc,11,0.0,0.15442839842392095,0.13096637688415508,-0.07946735395189004,0.2488442983857856,97,False
mt5,3,nqc,11,0.0,0.15472678452241714,0.13021468015154855,-0.0734536082474227,0.28647120739097054,97,True
mt5,3,bertQPP,11,0.0,0.20736116382374883,0.04154956735525624,0.16838487972508595,0.01454739544260673,97,False
mt5,3,bertQPP,11,0.0,0.26026210183363074,0.010036014791192966,0.21434707903780073,0.0018682268943729797,97,True
mt5,3,bertQPP(QV),11,0.0,0.1425608869433298,0.16362395549528624,0.11984536082474227,0.08201867152410211,97,False
mt5,3,bertQPP(QV),11,0.0,0.2107320277065453,0.03827554609004534,0.17353951890034366,0.011793812186781842,97,True
mt5,3,spatial,11,0.05,0.30851285933151174,0.002108744397863022,0.1911512027491409,0.005540236417616152,97,False
mt5,3,spatial,11,0.05,0.26678559955600706,0.00825324977817627,0.202319587628866,0.003325969220576063,97,True
mt5,3,a_ratio,11,0.05,0.09955849044886132,0.3319272484059355,-0.011597938144329899,0.8663479218117721,97,False
mt5,3,a_ratio,11,0.05,0.15127759188601544,0.13910726863459683,0.03951890034364262,0.5663306621908052,97,True
mt5,3,nqc,11,0.05,0.30351662043214034,0.002509669835236419,0.2439862542955327,0.0003993454119661632,97,False
mt5,3,nqc,11,0.05,0.3190011906037945,0.0014490080623453176,0.26374570446735396,0.00012958397281742168,97,True
mt5,3,bertQPP,11,0.05,0.22603479488754902,0.025999366509899636,0.17439862542955328,0.011382836808156348,97,False
mt5,3,bertQPP,11,0.05,0.27780876228495893,0.005867724750650022,0.22465635738831619,0.0011140538745299275,97,True
mt5,3,bertQPP(QV),11,0.05,0.16219219216027272,0.1124609293244066,0.13402061855670105,0.051800200122302374,97,False
mt5,3,bertQPP(QV),11,0.05,0.23086982937952075,0.022896557296129924,0.19544673539518906,0.0045660596694361046,97,True
mt5,3,spatial,11,0.1,0.32384049698185313,0.0012131251808109541,0.20618556701030932,0.0027716955730928564,97,False
mt5,3,spatial,11,0.1,0.2683535495148285,0.007868796533852274,0.20360824742268044,0.003130893451622874,97,True
mt5,3,a_ratio,11,0.1,0.10124664483170823,0.32375274052995956,-0.009879725085910654,0.886001161240211,97,False
mt5,3,a_ratio,11,0.1,0.1530244388616101,0.13454776230637724,0.04424398625429554,0.52085358029868,97,True
mt5,3,nqc,11,0.1,0.36279683688938447,0.0002601399379760598,0.2444158075601375,0.0003900155261817713,97,False
mt5,3,nqc,11,0.1,0.38393512224755505,0.00010352120503629328,0.2633161512027492,0.000132903765324325,97,True
mt5,3,bertQPP,11,0.1,0.24561660523953607,0.015310335419953055,0.18341924398625434,0.007776554495134835,97,False
mt5,3,bertQPP,11,0.1,0.29554475414915965,0.0032927791726614745,0.23625429553264607,0.0006073368350083252,97,True
mt5,3,bertQPP(QV),11,0.1,0.1831753874688121,0.07250900494946823,0.1443298969072165,0.03622527510674091,97,False
mt5,3,bertQPP(QV),11,0.1,0.25143180034018753,0.012982071548722735,0.20060137457044677,0.0036032888355043277,97,True
mt5,3,spatial,11,0.15,0.33600316700692673,0.0007661782646470035,0.21477663230240554,0.0018291772025326055,97,False
mt5,3,spatial,11,0.15,0.27007832151531286,0.00746420492544838,0.20489690721649487,0.002946303078171719,97,True
mt5,3,a_ratio,11,0.15,0.10313076500061845,0.31478310414601307,-0.006443298969072166,0.9255067132095164,97,False
mt5,3,a_ratio,11,0.15,0.15496870705788984,0.12960764923079018,0.04596219931271478,0.5047955105031363,97,True
mt5,3,nqc,11,0.15,0.36956033539590116,0.0001950442768499255,0.24097938144329903,0.0004707284379041492,97,False
mt5,3,nqc,11,0.15,0.3940208859528731,6.520259588813838e-05,0.2641752577319588,0.00012634244111771396,97,True
mt5,3,bertQPP,11,0.15,0.2657880105553248,0.008506376199606928,0.19974226804123715,0.0037496927052216027,97,False
mt5,3,bertQPP,11,0.15,0.31312112746563664,0.001791199571977709,0.2405498281786942,0.0004818477915141724,97,True
mt5,3,bertQPP(QV),11,0.15,0.2052597187374021,0.043706339409638084,0.16194158075601378,0.018775672464210122,97,False
mt5,3,bertQPP(QV),11,0.15,0.2720056649631193,0.0070339140837518055,0.20360824742268044,0.003130893451622874,97,True
mt5,3,spatial,11,0.2,0.3449894324660634,0.0005389985064981982,0.22809278350515466,0.000933347093157991,97,False
mt5,3,spatial,11,0.2,0.27198415987042607,0.007038591655952299,0.20403780068728525,0.00306822352558543,97,True
mt5,3,a_ratio,11,0.2,0.10524681741676621,0.3049028674980071,-0.005584192439862544,0.9354157588836661,97,False
mt5,3,a_ratio,11,0.2,0.1571455907541516,0.12424229321505774,0.053264604810996576,0.43956407502839534,97,True
mt5,3,nqc,11,0.2,0.3629167049579283,0.0002588297856903282,0.24097938144329903,0.0004707284379041492,97,False
mt5,3,nqc,11,0.2,0.3896793534097156,7.970456459667777e-05,0.26116838487972516,0.00015073942387955493,97,True
mt5,3,bertQPP,11,0.2,0.28607314624916264,0.004503029935164364,0.21434707903780073,0.0018682268943729797,97,False
mt5,3,bertQPP,11,0.2,0.33011127541849256,0.0009594557518750621,0.2521477663230241,0.0002532519652694692,97,True
mt5,3,bertQPP(QV),11,0.2,0.22801583251737065,0.024687308236037993,0.17353951890034366,0.011793812186781842,97,False
mt5,3,bertQPP(QV),11,0.2,0.2920796196825103,0.0036967498250754043,0.21091065292096223,0.002209296231634933,97,True
mt5,3,spatial,11,0.25,0.3510053848501819,0.0004234146550104152,0.23109965635738836,0.0007979153488644113,97,False
mt5,3,spatial,11,0.25,0.2741004257217267,0.006591241361868111,0.20790378006872856,0.0025535840012904936,97,True
mt5,3,a_ratio,11,0.25,0.10764006375352052,0.29397511925941827,-0.0034364261168384883,0.9602288348688062,97,False
mt5,3,a_ratio,11,0.25,0.1595990940320663,0.11840139170574075,0.057130584192439875,0.4070878413580533,97,True
mt5,3,nqc,11,0.25,0.3545488728484893,0.0003664765559374687,0.24012027491408938,0.0004932117335580638,97,False
mt5,3,nqc,11,0.25,0.3828744669981063,0.00010858427421395183,0.2628865979381444,0.00013630357600274067,97,True
mt5,3,bertQPP,11,0.25,0.3058324634405816,0.0023160050649534826,0.22379725085910657,0.0011640289366746655,97,False
mt5,3,bertQPP,11,0.25,0.3460307871665673,0.0005171202913769257,0.2624570446735396,0.00013978519828252247,97,True
mt5,3,bertQPP(QV),11,0.25,0.2508130915218332,0.013214181149415841,0.17654639175257736,0.010410504577977625,97,False
mt5,3,bertQPP(QV),11,0.25,0.31107214011509543,0.0019266260936101353,0.21434707903780073,0.0018682268943729797,97,True
mt5,3,spatial,11,0.3,0.3544071594005425,0.0003686112219389698,0.23152920962199317,0.0007801296905645403,97,False
mt5,3,spatial,11,0.3,0.2764629614795695,0.006121718034781573,0.20833333333333337,0.0025015666651811157,97,True
mt5,3,a_ratio,11,0.3,0.11036823775907882,0.28183720944684865,0.00042955326460481104,0.9950265761177077,97,False
mt5,3,a_ratio,11,0.3,0.16238493683152752,0.1120287813396824,0.06443298969072167,0.34979065764691386,97,True
mt5,3,nqc,11,0.3,0.3470291810017656,0.0004969123805245477,0.23324742268041243,0.0007126038672884247,97,False
mt5,3,nqc,11,0.3,0.37643328886563754,0.00014460795858697024,0.2594501718213059,0.00016660580916833792,97,True
mt5,3,bertQPP,11,0.3,0.3242912525170718,0.001193036419300718,0.23324742268041243,0.0007126038672884247,97,False
mt5,3,bertQPP,11,0.3,0.36037418675756266,0.00028796651928514826,0.2594501718213059,0.00016660580916833792,97,True
mt5,3,bertQPP(QV),11,0.3,0.272834840898926,0.006855642065415137,0.18857388316151205,0.006211170636578692,97,False
mt5,3,bertQPP(QV),11,0.3,0.328385030374516,0.0010239658042418272,0.21563573883161516,0.0017533187111864498,97,True
mt5,3,spatial,11,0.35,0.35562599242720977,0.00035061961698751976,0.23195876288659797,0.0007627126312502382,97,False
mt5,3,spatial,11,0.35,0.27911588433088996,0.005630024890688523,0.21091065292096223,0.002209296231634933,97,True
mt5,3,a_ratio,11,0.35,0.11350610232018109,0.26829595008766527,0.0008591065292096221,0.9900533454687662,97,False
mt5,3,a_ratio,11,0.35,0.16557467400981743,0.10506278097983013,0.06743986254295534,0.3277635503646662,97,True
mt5,3,nqc,11,0.35,0.3407197103262806,0.0006378656923377714,0.22938144329896912,0.0008728876884960134,97,False
mt5,3,nqc,11,0.35,0.3708926155082759,0.0001841494540164547,0.25429553264604815,0.00022415245533308512,97,True
mt5,3,bertQPP,11,0.35,0.3406148542940953,0.000640490181723923,0.2414089347079038,0.0004598488311252096,97,False
mt5,3,bertQPP,11,0.35,0.37266607003090174,0.00017051937163429216,0.26632302405498287,0.00011124963084926736,97,True
mt5,3,bertQPP(QV),11,0.35,0.2931507872372229,0.0035673767432323335,0.19501718213058422,0.004655971971265852,97,False
mt5,3,bertQPP(QV),11,0.35,0.3434733450327691,0.0005723702661601715,0.22508591065292102,0.0010898172708815595,97,True
mt5,3,spatial,11,0.4,0.3551047644038399,0.0003582123615575723,0.23195876288659797,0.0007627126312502382,97,False
mt5,3,spatial,11,0.4,0.2821139524699094,0.005116831507486477,0.21262886597938147,0.002032205430312129,97,True
mt5,3,a_ratio,11,0.4,0.11715212798326743,0.2531227964782735,0.0038659793814432995,0.9552623626593565,97,False
mt5,3,a_ratio,11,0.4,0.16926164942522517,0.09743761028493038,0.06701030927835053,0.3308539585593422,97,True
mt5,3,nqc,11,0.4,0.3354930262598354,0.0007813845105174211,0.22594501718213064,0.0010428004886634003,97,False
mt5,3,nqc,11,0.4,0.36623282893002035,0.00022491106486506054,0.2525773195876289,0.00024716269151633816,97,True
mt5,3,bertQPP,11,0.4,0.35402704234953314,0.0003743936400634955,0.2491408934707904,0.00029998189638302743,97,False
mt5,3,bertQPP,11,0.4,0.3825182143007142,0.00011033579075221251,0.26932989690721654,9.295520334274114e-05,97,True
mt5,3,bertQPP(QV),11,0.4,0.31084830192143614,0.0019419675335354202,0.20790378006872856,0.0025535840012904936,97,False
mt5,3,bertQPP(QV),11,0.4,0.35591718006634737,0.0003464426437844874,0.2366838487972509,0.0005935388745829456,97,True
mt5,3,spatial,11,0.45,0.353254665369036,0.0003864010396144585,0.23238831615120278,0.0007456571945733053,97,False
mt5,3,spatial,11,0.45,0.285525684389667,0.004583792675738993,0.21219931271477666,0.0020752134680172376,97,True
mt5,3,a_ratio,11,0.45,0.12143851535298926,0.23605028620165622,0.01202749140893471,0.8614470077832815,97,False
mt5,3,a_ratio,11,0.45,0.17356978910925622,0.08908686885019258,0.07173539518900345,0.2978933833803449,97,True
mt5,3,nqc,11,0.45,0.3311471034861206,0.0009225473920428844,0.22207903780068733,0.0012702502748310276,97,False
mt5,3,nqc,11,0.45,0.3623179340515182,0.000265435612016337,0.24871134020618557,0.00030728207639036943,97,True
mt5,3,bertQPP,11,0.45,0.36394481124228156,0.0002478401158586673,0.2564432989690722,0.00019821410424194529,97,False
mt5,3,bertQPP,11,0.45,0.3896796660096192,7.970342007514256e-05,0.2744845360824743,6.802769792638233e-05,97,True
mt5,3,bertQPP(QV),11,0.45,0.32519369773260903,0.0011537234072701043,0.21563573883161516,0.0017533187111864498,97,False
mt5,3,bertQPP(QV),11,0.45,0.36547608779725077,0.0002322682637440358,0.24699312714776633,0.0003381788389163567,97,True
mt5,3,spatial,11,0.5,0.35043192942529083,0.0004333587400499491,0.22938144329896912,0.0008728876884960134,97,False
mt5,3,spatial,11,0.5,0.28943743101285213,0.004033988373377669,0.21262886597938147,0.002032205430312129,97,True
mt5,3,a_ratio,11,0.5,0.12654663407714137,0.2167727765183406,0.016752577319587632,0.8079288528511878,97,False
mt5,3,a_ratio,11,0.5,0.1786668929015729,0.07995086752067604,0.07517182130584193,0.27534857568608007,97,True
mt5,3,nqc,11,0.5,0.32750096688897423,0.0010585107817002973,0.2216494845360825,0.001298168853613724,97,False
mt5,3,nqc,11,0.5,0.3590083346105246,0.00030483945120675403,0.24656357388316158,0.0003463449485504128,97,True
mt5,3,bertQPP,11,0.5,0.3700852304188054,0.00019068265477728845,0.2594501718213059,0.00016660580916833792,97,False
mt5,3,bertQPP,11,0.5,0.394066650156106,6.506374251726067e-05,0.28608247422680416,3.304769864022772e-05,97,True
mt5,3,bertQPP(QV),11,0.5,0.3357683025948495,0.000773145186929646,0.22250859106529214,0.001242886914966472,97,False
mt5,3,bertQPP(QV),11,0.5,0.37211083031281655,0.00017468287481234358,0.2607388316151203,0.0001545669713814958,97,True
mt5,3,spatial,11,0.55,0.3469300177440562,0.000498886580678787,0.22895189003436428,0.0008926252002239728,97,False
mt5,3,spatial,11,0.55,0.29395854164787266,0.003472514552898015,0.21219931271477666,0.0020752134680172376,97,True
mt5,3,a_ratio,11,0.55,0.13273149509328375,0.19495838398943402,0.02405498281786942,0.7270405431127746,97,False
mt5,3,a_ratio,11,0.55,0.18478523023800106,0.06999103615347008,0.08247422680412372,0.23138680179907667,97,True
mt5,3,nqc,11,0.55,0.3244102379802793,0.0011877843051394115,0.2173539518900344,0.0016102081655090619,97,False
mt5,3,nqc,11,0.55,0.3561864000241921,0.0003426215866165345,0.24484536082474234,0.00038088964117221485,97,True
mt5,3,bertQPP,11,0.55,0.37250430090035264,0.00017172282675665282,0.2676116838487973,0.00010302809096628477,97,False
mt5,3,bertQPP,11,0.55,0.39576453030344805,6.010264362669975e-05,0.28994845360824745,2.5823492573259426e-05,97,True
mt5,3,bertQPP(QV),11,0.55,0.3425264119832398,0.000594163591446186,0.24012027491408938,0.0004932117335580638,97,False
mt5,3,bertQPP(QV),11,0.55,0.3759682929661123,0.00014759610605979184,0.2641752577319588,0.00012634244111771396,97,True
mt5,3,spatial,11,0.6,0.3429816130914759,0.0005835941652403147,0.22637457044673542,0.0010200025736501021,97,False
mt5,3,spatial,11,0.6,0.299227446887905,0.0029072400627730304,0.21477663230240554,0.0018291772025326055,97,True
mt5,3,a_ratio,11,0.6,0.1403617422838202,0.17028741125672633,0.032646048109965645,0.6356917335694203,97,False
mt5,3,a_ratio,11,0.6,0.19225427402503886,0.05921707064806273,0.0854810996563574,0.2148174024411691,97,True
mt5,3,nqc,11,0.6,0.3217634398227505,0.001309724551148375,0.2130584192439863,0.0019900166497547295,97,False
mt5,3,nqc,11,0.6,0.3537584964601068,0.0003785289840740606,0.24312714776632308,0.0004186340215940853,97,True
mt5,3,bertQPP,11,0.6,0.3715560198154445,0.00017893695170697685,0.2667525773195877,0.00010844269870482771,97,False
mt5,3,bertQPP,11,0.6,0.39500281491207945,6.228305386161592e-05,0.29209621993127155,2.2487199782247227e-05,97,True
mt5,3,bertQPP(QV),11,0.6,0.3457576969829618,0.0005227775483175339,0.24570446735395193,0.0003632334933323789,97,False
mt5,3,bertQPP(QV),11,0.6,0.3773377466896567,0.00013895567582005128,0.2684707903780069,9.786936882852283e-05,97,True
mt5,3,spatial,11,0.65,0.3387657003396284,0.0006884276749775304,0.22422680412371138,0.0011387880187863695,97,False
mt5,3,spatial,11,0.65,0.30541737570731137,0.0023496938610259505,0.2173539518900344,0.0016102081655090619,97,True
mt5,3,a_ratio,11,0.65,0.14998703693546167,0.14255029764008803,0.03823024054982819,0.5790561270652871,97,False
mt5,3,a_ratio,11,0.65,0.20155395506400145,0.04773618199843308,0.09106529209621994,0.18634796497677564,97,True
mt5,3,nqc,11,0.65,0.31947500602992135,0.0014242007903222148,0.2100515463917526,0.0023030471051788694,97,False
mt5,3,nqc,11,0.65,0.3516513153889498,0.0004124651559714029,0.23969072164948454,0.0005048251929224872,97,True
mt5,3,bertQPP,11,0.65,0.3677941475327823,0.00021040697982123807,0.2641752577319588,0.00012634244111771396,97,False
mt5,3,bertQPP,11,0.65,0.3921120478152043,7.124618049866283e-05,0.28737113402061865,3.0449327798130317e-05,97,True
mt5,3,bertQPP(QV),11,0.65,0.3459807762629224,0.0005181520843266813,0.24012027491408938,0.0004932117335580638,97,False
mt5,3,bertQPP(QV),11,0.65,0.3765939096807288,0.00014358887478262963,0.2740549828178695,6.983500538924286e-05,97,True
mt5,3,spatial,11,0.7,0.33441649661097905,0.0008143821477448664,0.2177835051546392,0.0015761513468118154,97,False
mt5,3,spatial,11,0.7,0.3127369628606817,0.001815915169965761,0.22723367697594504,0.000975784420613921,97,True
mt5,3,a_ratio,11,0.7,0.16245451753521686,0.11187309321832124,0.04939862542955327,0.47347910625616985,97,False
mt5,3,a_ratio,11,0.7,0.2134025439934523,0.03583754947443653,0.1009450171821306,0.14296835148549844,97,True
mt5,3,nqc,11,0.7,0.31747896570230005,0.001531381269334603,0.209192439862543,0.002400428947085522,97,False
mt5,3,nqc,11,0.7,0.34980753387438435,0.0004444298105565978,0.23625429553264607,0.0006073368350083252,97,True
mt5,3,bertQPP,11,0.7,0.36185704933658264,0.0002706257780775265,0.2607388316151203,0.0001545669713814958,97,False
mt5,3,bertQPP,11,0.7,0.38747485734920883,8.816725597801068e-05,0.28479381443298973,3.585581186521998e-05,97,True
mt5,3,bertQPP(QV),11,0.7,0.3438167477672063,0.0005646496888965061,0.2392611683848798,0.0005166931871154039,97,False
mt5,3,bertQPP(QV),11,0.7,0.37414208093652457,0.00015989382300492827,0.27577319587628873,6.286763010435062e-05,97,True
mt5,3,spatial,11,0.75,0.3300323399544051,0.0009623228114879485,0.2134879725085911,0.0019486331283160838,97,False
mt5,3,spatial,11,0.75,0.32141041664660047,0.0013268206388720087,0.2285223367697595,0.0009127757207962206,97,True
mt5,3,a_ratio,11,0.75,0.17911079950678524,0.07919206288077402,0.06829896907216496,0.32163912125241456,97,False
mt5,3,a_ratio,11,0.75,0.2288993493138589,0.024120601953561638,0.11984536082474227,0.08201867152410211,97,True
mt5,3,nqc,11,0.75,0.31572401466863503,0.001631599293866927,0.20790378006872856,0.0025535840012904936,97,False
mt5,3,nqc,11,0.75,0.34818209590644106,0.0004744797146688377,0.23625429553264607,0.0006073368350083252,97,True
mt5,3,bertQPP,11,0.75,0.35437057582432646,0.00036916414427577915,0.2439862542955327,0.0003993454119661632,97,False
mt5,3,bertQPP,11,0.75,0.38148192675824466,0.00011558092833208712,0.27534364261168387,6.454501938742568e-05,97,True
mt5,3,bertQPP(QV),11,0.75,0.3398835597532409,0.0006590706757583954,0.23324742268041243,0.0007126038672884247,97,False
mt5,3,bertQPP(QV),11,0.75,0.3703752690081018,0.00018831144135253398,0.2684707903780069,9.786936882852283e-05,97,True
mt5,3,spatial,11,0.8,0.3256836099935058,0.0011328783973383785,0.20876288659793818,0.0024505203740822256,97,False
mt5,3,spatial,11,0.8,0.33158927312915887,0.000907190122051536,0.2336769759450172,0.0006965926026270434,97,True
mt5,3,a_ratio,11,0.8,0.20212503675191873,0.047095834543385263,0.09278350515463919,0.1781756748775648,97,False
mt5,3,a_ratio,11,0.8,0.24972802311366227,0.013629972442171128,0.13530927835051548,0.04958921997609662,97,True
mt5,3,nqc,11,0.8,0.31416984576164164,0.0017252705819621804,0.20661512027491413,0.0027156275780873427,97,False
mt5,3,nqc,11,0.8,0.3467393054760367,0.0005027036338656012,0.23453608247422683,0.0006655682797928671,97,True
mt5,3,bertQPP,11,0.8,0.3458856768507961,0.0005201193251616642,0.2414089347079038,0.0004598488311252096,97,False
mt5,3,bertQPP,11,0.8,0.374499213384888,0.00015741670395666936,0.2740549828178695,6.983500538924286e-05,97,True
mt5,3,bertQPP(QV),11,0.8,0.33472929144887864,0.0008046656412431377,0.2285223367697595,0.0009127757207962206,97,False
mt5,3,bertQPP(QV),11,0.8,0.3656467369858827,0.00023059003031591737,0.26632302405498287,0.00011124963084926736,97,True
mt5,3,spatial,11,0.85,0.32141935009311773,0.0013263855260122585,0.20618556701030932,0.0027716955730928564,97,False
mt5,3,spatial,11,0.85,0.34304595085081696,0.0005821142634150346,0.2452749140893471,0.0003719636432157586,97,True
mt5,3,a_ratio,11,0.85,0.23476232598412117,0.0206340095427244,0.1284364261168385,0.06235576017343852,97,False
mt5,3,a_ratio,11,0.85,0.2782492226551096,0.005786651095024271,0.15936426116838492,0.0207470988785446,97,True
mt5,3,nqc,11,0.85,0.3127844555000494,0.001812843069159082,0.20618556701030932,0.0027716955730928564,97,False
mt5,3,nqc,11,0.85,0.3454506272106251,0.0005292064702554968,0.23324742268041243,0.0007126038672884247,97,True
mt5,3,bertQPP,11,0.85,0.3368503827553152,0.0007415207379975809,0.23152920962199317,0.0007801296905645403,97,False
mt5,3,bertQPP,11,0.85,0.366848044341576,0.0002190890911809346,0.25816151202749144,0.00017952274646223222,97,True
mt5,3,bertQPP(QV),11,0.85,0.3288026561435981,0.001008006796179704,0.22250859106529214,0.001242886914966472,97,False
mt5,3,bertQPP(QV),11,0.85,0.36025659431144774,0.00028938458104960633,0.25386597938144334,0.00022970863763271067,97,True
mt5,3,spatial,11,0.9,0.31727258412895365,0.0015428701928759839,0.20661512027491413,0.0027156275780873427,97,False
mt5,3,spatial,11,0.9,0.3541914335197988,0.00037188272450603397,0.2521477663230241,0.0002532519652694692,97,True
mt5,3,a_ratio,11,0.9,0.2796836958786394,0.005529459664459572,0.15721649484536085,0.02252544814571104,97,False
mt5,3,a_ratio,11,0.9,0.3161052132134344,0.0016093390063432376,0.19587628865979384,0.004477722918252414,97,True
mt5,3,nqc,11,0.9,0.3115421690061098,0.0018947670846577594,0.2053264604810997,0.002887015591872923,97,False
mt5,3,nqc,11,0.9,0.3442930391916843,0.0005540993597319193,0.23109965635738836,0.0007979153488644113,97,True
mt5,3,bertQPP,11,0.9,0.3276068360380419,0.0010543187267147167,0.22079037800687287,0.0013557124652369783,97,False
mt5,3,bertQPP,11,0.9,0.35879645093235135,0.000307537098004395,0.2452749140893471,0.0003719636432157586,97,True
mt5,3,bertQPP(QV),11,0.9,0.32244970057232425,0.0012770617522763765,0.2130584192439863,0.0019900166497547295,97,False
mt5,3,bertQPP(QV),11,0.9,0.35444880077352975,0.0003679827835111232,0.2508591065292096,0.00027237466938260737,97,True
mt5,3,spatial,11,0.95,0.31326447063953955,0.0017820556749732046,0.20403780068728525,0.00306822352558543,97,False
mt5,3,spatial,11,0.95,0.3592193282654044,0.0003021748178008168,0.24871134020618557,0.00030728207639036943,97,True
mt5,3,a_ratio,11,0.95,0.3241787865123089,0.0011980201596588998,0.19974226804123715,0.0037496927052216027,97,False
mt5,3,a_ratio,11,0.95,0.3538879356641922,0.0003765305306106332,0.2177835051546392,0.0015761513468118154,97,True
mt5,3,nqc,11,0.95,0.31042218385277626,0.001971478241521876,0.20317869415807563,0.0031947282487263706,97,False
mt5,3,nqc,11,0.95,0.3432477994683352,0.0005774936115290957,0.22895189003436428,0.0008926252002239728,97,True
mt5,3,bertQPP,11,0.95,0.3184025563121057,0.0014809105362680204,0.21091065292096223,0.002209296231634933,97,False
mt5,3,bertQPP,11,0.95,0.3505586529376544,0.00043114298546210333,0.23754295532646055,0.0005668140402706258,97,True
mt5,3,bertQPP(QV),11,0.95,0.31592484711864344,0.0016198370632970486,0.2100515463917526,0.0023030471051788694,97,False
mt5,3,bertQPP(QV),11,0.95,0.34841464903760005,0.0004700690775108089,0.24012027491408938,0.0004932117335580638,97,True
mt5,3,spatial,11,1.0,0.3094074876329843,0.002043388213506322,0.20274914089347082,0.003259747042536618,97,False
mt5,3,spatial,11,1.0,0.3422995179937522,0.0005994971154413302,0.22723367697594504,0.000975784420613921,97,True
mt5,3,a_ratio,11,1.0,0.3094074876329843,0.002043388213506322,0.20274914089347082,0.003259747042536618,97,False
mt5,3,a_ratio,11,1.0,0.3422995179937522,0.0005994971154413302,0.22723367697594504,0.000975784420613921,97,True
mt5,3,nqc,11,1.0,0.3094074876329843,0.002043388213506322,0.20274914089347082,0.003259747042536618,97,False
mt5,3,nqc,11,1.0,0.3422995179937522,0.0005994971154413302,0.22723367697594504,0.000975784420613921,97,True
mt5,3,bertQPP,11,1.0,0.3094074876329843,0.002043388213506322,0.20274914089347082,0.003259747042536618,97,False
mt5,3,bertQPP,11,1.0,0.3422995179937522,0.0005994971154413302,0.22723367697594504,0.000975784420613921,97,True
mt5,3,bertQPP(QV),11,1.0,0.3094074876329843,0.002043388213506322,0.20274914089347082,0.003259747042536618,97,False
mt5,3,bertQPP(QV),11,1.0,0.3422995179937522,0.0005994971154413302,0.22723367697594504,0.000975784420613921,97,True
mt5,3,spatial,12,0.0,0.2902846878374204,0.003922970004373455,0.18084192439862545,0.008684754281086702,97,False
mt5,3,spatial,12,0.0,0.26535429986624426,0.008618538984371022,0.202319587628866,0.003325969220576063,97,True
mt5,3,a_ratio,12,0.0,0.09803737257445763,0.3394043292597756,-0.013316151202749144,0.846776975027774,97,False
mt5,3,a_ratio,12,0.0,0.14969969433654243,0.14332557850539354,0.036512027491408944,0.5962292897960457,97,True
mt5,3,nqc,12,0.0,0.15442839842392095,0.13096637688415508,-0.07946735395189004,0.2488442983857856,97,False
mt5,3,nqc,12,0.0,0.15472678452241714,0.13021468015154855,-0.0734536082474227,0.28647120739097054,97,True
mt5,3,bertQPP,12,0.0,0.20736116382374883,0.04154956735525624,0.16838487972508595,0.01454739544260673,97,False
mt5,3,bertQPP,12,0.0,0.26026210183363074,0.010036014791192966,0.21434707903780073,0.0018682268943729797,97,True
mt5,3,bertQPP(QV),12,0.0,0.1425608869433298,0.16362395549528624,0.11984536082474227,0.08201867152410211,97,False
mt5,3,bertQPP(QV),12,0.0,0.2107320277065453,0.03827554609004534,0.17353951890034366,0.011793812186781842,97,True
mt5,3,spatial,12,0.05,0.30865140053888884,0.0020985015200926825,0.1898625429553265,0.005867063974983271,97,False
mt5,3,spatial,12,0.05,0.26678145672976006,0.008254287104933648,0.2018900343642612,0.0033934144348203364,97,True
mt5,3,a_ratio,12,0.05,0.0995531200961317,0.3319534607860221,-0.01202749140893471,0.8614470077832815,97,False
mt5,3,a_ratio,12,0.05,0.15127634705410375,0.1391105590415131,0.03951890034364262,0.5663306621908052,97,True
mt5,3,nqc,12,0.05,0.3028494307963343,0.0025681067655675596,0.2405498281786942,0.0004818477915141724,97,False
mt5,3,nqc,12,0.05,0.3187974753371304,0.001459793820453856,0.2624570446735396,0.00013978519828252247,97,True
mt5,3,bertQPP,12,0.05,0.22601488067678735,0.026012851315969917,0.17482817869415812,0.011182156616858724,97,False
mt5,3,bertQPP,12,0.05,0.27781751506414865,0.005866103902481997,0.22508591065292102,0.0010898172708815595,97,True
mt5,3,bertQPP(QV),12,0.05,0.162160579280687,0.11253193106487812,0.13402061855670105,0.051800200122302374,97,False
mt5,3,bertQPP(QV),12,0.05,0.23087439079202893,0.022893786575781977,0.19587628865979384,0.004477722918252414,97,True
mt5,3,spatial,12,0.1,0.32414444131517134,0.0011995458767848663,0.20704467353951894,0.0026605976928076114,97,False
mt5,3,spatial,12,0.1,0.2683448970096896,0.007870874008519999,0.20360824742268044,0.003130893451622874,97,True
mt5,3,a_ratio,12,0.1,0.10123532889129705,0.32380710200710905,-0.010309278350515465,0.8810807858527536,97,False
mt5,3,a_ratio,12,0.1,0.15302183033666525,0.1345544850874448,0.04424398625429554,0.52085358029868,97,True
mt5,3,nqc,12,0.1,0.36235981750760493,0.000264968529876673,0.2405498281786942,0.0004818477915141724,97,False
mt5,3,nqc,12,0.1,0.38395309063577077,0.0001034373525080217,0.26632302405498287,0.00011124963084926736,97,True
mt5,3,bertQPP,12,0.1,0.24559310827408942,0.015320432655896818,0.18341924398625434,0.007776554495134835,97,False
mt5,3,bertQPP,12,0.1,0.29557110141869747,0.0032898654828926277,0.23711340206185572,0.000580033168540485,97,True
mt5,3,bertQPP(QV),12,0.1,0.18312690255518063,0.0725859579437869,0.1434707903780069,0.037349490378258986,97,False
mt5,3,bertQPP(QV),12,0.1,0.2514501981267181,0.012975224271386693,0.20060137457044677,0.0036032888355043277,97,True
mt5,3,spatial,12,0.15,0.33648014784510066,0.0007522055115029607,0.21864261168384883,0.0015100189795415188,97,False
mt5,3,spatial,12,0.15,0.2700647464910225,0.007467316241184205,0.20446735395189009,0.0030066996042901117,97,True
mt5,3,a_ratio,12,0.15,0.10311283306939806,0.31486770671679415,-0.006872852233676977,0.9205564238059567,97,False
mt5,3,a_ratio,12,0.15,0.15496459959700848,0.12961793757653833,0.04596219931271478,0.5047955105031363,97,True
mt5,3,nqc,12,0.15,0.3694993070606861,0.00019555733502019693,0.23840206185567014,0.0005412133012575864,97,False
mt5,3,nqc,12,0.15,0.3942865991136297,6.440022833467263e-05,0.2620274914089347,0.00014335046231608574,97,True
mt5,3,bertQPP,12,0.15,0.2657832627555602,0.008507597050821332,0.20274914089347082,0.003259747042536618,97,False
mt5,3,bertQPP,12,0.15,0.31317572100598,0.001787712044822324,0.2414089347079038,0.0004598488311252096,97,True
mt5,3,bertQPP(QV),12,0.15,0.20521603229596838,0.043752144904725176,0.16237113402061856,0.018463547347092265,97,False
mt5,3,bertQPP(QV),12,0.15,0.27204946302431987,0.007024396061872827,0.20360824742268044,0.003130893451622874,97,True
mt5,3,spatial,12,0.2,0.3456285080835654,0.0005254735147050517,0.22895189003436428,0.0008926252002239728,97,False
mt5,3,spatial,12,0.2,0.2719651970898715,0.007042718530161571,0.20403780068728525,0.00306822352558543,97,True
mt5,3,a_ratio,12,0.2,0.1052214824580869,0.30501994974751095,-0.006443298969072166,0.9255067132095164,97,False
mt5,3,a_ratio,12,0.2,0.15713983009733834,0.12425626288550573,0.05283505154639176,0.4432621351071514,97,True
mt5,3,nqc,12,0.2,0.3630727262695289,0.00025713359893546453,0.23496563573883167,0.0006505425158083947,97,False
mt5,3,nqc,12,0.2,0.3900880310681181,7.822125848522678e-05,0.2603092783505155,0.00015848586196658186,97,True
mt5,3,bertQPP,12,0.2,0.286115090515416,0.0044968948691397935,0.2169243986254296,0.001644941169576058,97,False
mt5,3,bertQPP,12,0.2,0.33020606739677655,0.0009560230476853115,0.25042955326460486,0.0002790440350017295,97,True
mt5,3,bertQPP(QV),12,0.2,0.22800565481915175,0.024693901989928893,0.17439862542955328,0.011382836808156348,97,False
mt5,3,bertQPP(QV),12,0.2,0.29216205015040625,0.003686647021179103,0.21091065292096223,0.002209296231634933,97,True
mt5,3,spatial,12,0.25,0.3517813669101348,0.0004102923070836963,0.23539518900343648,0.0006358327263393619,97,False
mt5,3,spatial,12,0.25,0.27407555076658313,0.006596349934935381,0.20790378006872856,0.0025535840012904936,97,True
mt5,3,a_ratio,12,0.25,0.1076063945357487,0.29412703981515353,-0.0038659793814432995,0.9552623626593565,97,False
mt5,3,a_ratio,12,0.25,0.15959150398457217,0.1184191281777494,0.057130584192439875,0.4070878413580533,97,True
mt5,3,nqc,12,0.25,0.3548166786690017,0.00036247355255432856,0.23539518900343648,0.0006358327263393619,97,False
mt5,3,nqc,12,0.25,0.3833604108842764,0.00010623672859332805,0.2620274914089347,0.00014335046231608574,97,True
mt5,3,bertQPP,12,0.25,0.30595262724565064,0.0023063340747346292,0.22508591065292102,0.0010898172708815595,97,False
mt5,3,bertQPP,12,0.25,0.3461780698900845,0.0005140925852596099,0.2607388316151203,0.0001545669713814958,97,True
mt5,3,bertQPP(QV),12,0.25,0.2508704490860976,0.013192512567388567,0.17697594501718217,0.010225152665271457,97,False
mt5,3,bertQPP(QV),12,0.25,0.31120688072450653,0.0019174441163103053,0.21606529209621997,0.0017164841150655054,97,True
mt5,3,spatial,12,0.3,0.35528668299997634,0.0003555453266876557,0.23024054982817874,0.0008346209629654949,97,False
mt5,3,spatial,12,0.3,0.27643158417803615,0.006127754352769772,0.20833333333333337,0.0025015666651811157,97,True
mt5,3,a_ratio,12,0.3,0.11032512317685633,0.28202638951797376,-0.0008591065292096221,0.9900533454687662,97,False
mt5,3,a_ratio,12,0.3,0.16237531624622153,0.11205032080559531,0.06400343642611686,0.3530123788503621,97,True
mt5,3,nqc,12,0.3,0.3473558326415335,0.0004904597931281792,0.22766323024054988,0.0009543472910132449,97,False
mt5,3,nqc,12,0.3,0.3769626762161734,0.00014127430487578883,0.25859106529209624,0.00017511595223064058,97,True
mt5,3,bertQPP,12,0.3,0.3245206661947426,0.0011829287317068262,0.2328178694158076,0.0007289565212236814,97,False
mt5,3,bertQPP,12,0.3,0.360585218298629,0.0002854377160053838,0.26159793814432997,0.00014700123564547276,97,True
mt5,3,bertQPP(QV),12,0.3,0.27299482861058416,0.00682170835901347,0.1868556701030928,0.006698222213035896,97,False
mt5,3,bertQPP(QV),12,0.3,0.3285844669429873,0.0010163161175849372,0.2177835051546392,0.0015761513468118154,97,True
mt5,3,spatial,12,0.35,0.3565733599263238,0.0003371973612746966,0.2336769759450172,0.0006965926026270434,97,False
mt5,3,spatial,12,0.35,0.2790773436781917,0.00563690931087192,0.21091065292096223,0.002209296231634933,97,True
mt5,3,a_ratio,12,0.35,0.11345220488978981,0.26852476302114586,0.0008591065292096221,0.9900533454687662,97,False
mt5,3,a_ratio,12,0.35,0.16556279413875727,0.10508808234871049,0.06658075601374572,0.3339631552636785,97,True
mt5,3,nqc,12,0.35,0.34107859621030867,0.000628957298169513,0.22379725085910657,0.0011640289366746655,97,False
mt5,3,nqc,12,0.35,0.3714477613759487,0.00017977813189930367,0.2517182130584193,0.00025948171452482385,97,True
mt5,3,bertQPP,12,0.35,0.3409782281467982,0.0006314371280092541,0.2414089347079038,0.0004598488311252096,97,False
mt5,3,bertQPP,12,0.35,0.3729494864221186,0.00016842974121320282,0.2676116838487973,0.00010302809096628477,97,True
mt5,3,bertQPP(QV),12,0.35,0.2934429591779331,0.003532799737703943,0.19544673539518906,0.0045660596694361046,97,False
mt5,3,bertQPP(QV),12,0.35,0.34374664890163154,0.000566217895974481,0.22895189003436428,0.0008926252002239728,97,True
mt5,3,spatial,12,0.4,0.35608633827880304,0.0003440372167081983,0.23195876288659797,0.0007627126312502382,97,False
mt5,3,spatial,12,0.4,0.28206751569623334,0.005124451910837574,0.2130584192439863,0.0019900166497547295,97,True
mt5,3,a_ratio,12,0.4,0.11708582298437364,0.2533933668378508,0.0030068728522336776,0.9651968510542414,97,False
mt5,3,a_ratio,12,0.4,0.16924725272847252,0.0974665140829934,0.06786941580756015,0.3246919364895129,97,True
mt5,3,nqc,12,0.4,0.33587014030417656,0.0007701172388144192,0.2212199312714777,0.001326652810302692,97,False
mt5,3,nqc,12,0.4,0.3668039937554773,0.0002195012822541756,0.2517182130584193,0.00025948171452482385,97,True
mt5,3,bertQPP,12,0.4,0.35453662013945475,0.0003666606714833938,0.25000000000000006,0.00028586619810323126,97,False
mt5,3,bertQPP,12,0.4,0.38287858143605524,0.00010856419720768268,0.2710481099656358,8.381752378824866e-05,97,True
mt5,3,bertQPP(QV),12,0.4,0.3112893137912409,0.0019118461817680204,0.20833333333333337,0.0025015666651811157,97,False
mt5,3,bertQPP(QV),12,0.4,0.356268711172049,0.00034146110601830453,0.24269759450171827,0.0004286013573495472,97,True
mt5,3,spatial,12,0.45,0.3542414638042436,0.0003711216406873442,0.23238831615120278,0.0007456571945733053,97,False
mt5,3,spatial,12,0.45,0.28547055557874257,0.0045919965100048084,0.21391752577319592,0.001908041073171658,97,True
mt5,3,a_ratio,12,0.45,0.12135781134802623,0.23636413440273482,0.011597938144329899,0.8663479218117721,97,False
mt5,3,a_ratio,12,0.45,0.1735525919564686,0.0891190372997154,0.07044673539518902,0.3066570724911982,97,True
mt5,3,nqc,12,0.45,0.3315347016055285,0.0009090727855136385,0.21606529209621997,0.0017164841150655054,97,False
mt5,3,nqc,12,0.45,0.36289945973949506,0.0002590178994309796,0.24742268041237117,0.00033019314561040996,97,True
mt5,3,bertQPP,12,0.45,0.3645961486554285,0.00024110238479954543,0.25816151202749144,0.00017952274646223222,97,False
mt5,3,bertQPP,12,0.45,0.3901165718630779,7.811863428368626e-05,0.27620274914089354,6.123156446679978e-05,97,True
mt5,3,bertQPP(QV),12,0.45,0.32578201253542194,0.001128733068709055,0.21606529209621997,0.0017164841150655054,97,False
mt5,3,bertQPP(QV),12,0.45,0.365904615190455,0.00022807518781014103,0.2517182130584193,0.00025948171452482385,97,True
mt5,3,spatial,12,0.5,0.35140067362438826,0.0004166826376404668,0.23067010309278352,0.00081607670119364,97,False
mt5,3,spatial,12,0.5,0.28937278026715796,0.004042573878971555,0.2130584192439863,0.0019900166497547295,97,True
mt5,3,a_ratio,12,0.5,0.1264490706613965,0.21713019998346025,0.01589347079037801,0.817600546341627,97,False
mt5,3,a_ratio,12,0.5,0.17864659760005713,0.07998569839782355,0.07603092783505157,0.269899250718855,97,True
mt5,3,nqc,12,0.5,0.3278945793202809,0.0010430013341043525,0.21563573883161516,0.0017533187111864498,97,False
mt5,3,nqc,12,0.5,0.359596774727531,0.0002974615307708086,0.24484536082474234,0.00038088964117221485,97,True
mt5,3,bertQPP,12,0.5,0.37085686415940183,0.00018443430923755676,0.256872852233677,0.0001933769855221948,97,False
mt5,3,bertQPP,12,0.5,0.3945746193167692,6.354089271777357e-05,0.2830756013745705,3.995381628708257e-05,97,True
mt5,3,bertQPP(QV),12,0.5,0.3364835017869307,0.0007521080904134882,0.22594501718213064,0.0010428004886634003,97,False
mt5,3,bertQPP(QV),12,0.5,0.3726098064327124,0.00017093704735927524,0.26116838487972516,0.00015073942387955493,97,True
mt5,3,spatial,12,0.55,0.34786311398163167,0.00048059137202885894,0.23067010309278352,0.00081607670119364,97,False
mt5,3,spatial,12,0.55,0.29388357744420035,0.003481222210951024,0.21219931271477666,0.0020752134680172376,97,True
mt5,3,a_ratio,12,0.55,0.13261401726807795,0.1953573914520951,0.02362542955326461,0.7317251099207628,97,False
mt5,3,a_ratio,12,0.55,0.18476155871156524,0.07002754258869998,0.08376288659793817,0.22417771625382632,97,True
mt5,3,nqc,12,0.55,0.3248071932907349,0.0011704140657897246,0.21091065292096223,0.002209296231634933,97,False
mt5,3,nqc,12,0.55,0.35677956884515855,0.00033433921830912383,0.24269759450171827,0.0004286013573495472,97,True
mt5,3,bertQPP,12,0.55,0.3733616938131209,0.00016543281265948828,0.26975945017182135,9.058641607986754e-05,97,False
mt5,3,bertQPP,12,0.55,0.39633379024355236,5.8519803921994106e-05,0.29295532646048117,2.127112554068262e-05,97,True
mt5,3,bertQPP(QV),12,0.55,0.34333361464665363,0.0005755393585643888,0.2405498281786942,0.0004818477915141724,97,False
mt5,3,bertQPP(QV),12,0.55,0.3765270484730804,0.00014401227489564488,0.26932989690721654,9.295520334274114e-05,97,True
mt5,3,spatial,12,0.6,0.3438665390413739,0.000563538209023641,0.22465635738831619,0.0011140538745299275,97,False
mt5,3,spatial,12,0.6,0.29914157922208495,0.002915746627341894,0.21434707903780073,0.0018682268943729797,97,True
mt5,3,a_ratio,12,0.6,0.14022056587713735,0.17072191514058233,0.032646048109965645,0.6356917335694203,97,False
mt5,3,a_ratio,12,0.6,0.19222705199131757,0.059253724085022746,0.08676975945017183,0.2079844017382293,97,True
mt5,3,nqc,12,0.6,0.3221620978371103,0.0012906591496944834,0.20661512027491413,0.0027156275780873427,97,False
mt5,3,nqc,12,0.6,0.3543549598307402,0.00036940039589378984,0.24269759450171827,0.0004286013573495472,97,True
mt5,3,bertQPP,12,0.6,0.3724582387849805,0.00017206693335348135,0.26932989690721654,9.295520334274114e-05,97,False
mt5,3,bertQPP,12,0.6,0.39562067786785915,6.050889449991012e-05,0.29209621993127155,2.2487199782247227e-05,97,True
mt5,3,bertQPP(QV),12,0.6,0.3466151201899353,0.0005052035518121656,0.24570446735395193,0.0003632334933323789,97,False
mt5,3,bertQPP(QV),12,0.6,0.37794319053096653,0.00013528720929806818,0.2689003436426117,9.538240628081039e-05,97,True
mt5,3,spatial,12,0.65,0.33959414549001127,0.0006665592606755527,0.22293814432989695,0.0012160687743494618,97,False
mt5,3,spatial,12,0.65,0.3053205728351389,0.0023576136652180323,0.2173539518900344,0.0016102081655090619,97,True
mt5,3,a_ratio,12,0.65,0.14981757196309492,0.1430071479494855,0.039948453608247426,0.5621188569054614,97,False
mt5,3,a_ratio,12,0.65,0.2015233173052773,0.04777073832480414,0.09407216494845362,0.1722237215768213,97,True
mt5,3,nqc,12,0.65,0.3198743401077302,0.0014035929776454472,0.20360824742268044,0.003130893451622874,97,False
mt5,3,nqc,12,0.65,0.352250104947477,0.00040254781787020646,0.23840206185567014,0.0005412133012575864,97,True
mt5,3,bertQPP,12,0.65,0.36870077867484985,0.0002023864616099076,0.2654639175257732,0.00011707036468109733,97,False
mt5,3,bertQPP,12,0.65,0.39276452242578785,6.912405379513836e-05,0.28651202749140897,3.215902329862323e-05,97,True
mt5,3,bertQPP(QV),12,0.65,0.3468473780440389,0.0005005373147162437,0.2414089347079038,0.0004598488311252096,97,False
mt5,3,bertQPP(QV),12,0.65,0.3772322515758242,0.0001396042399201421,0.2740549828178695,6.983500538924286e-05,97,True
mt5,3,spatial,12,0.7,0.3351834742516446,0.0007907454927987926,0.2173539518900344,0.0016102081655090619,97,False
mt5,3,spatial,12,0.7,0.31263053069792585,0.0018228169267308293,0.22809278350515466,0.000933347093157991,97,True
mt5,3,a_ratio,12,0.7,0.16225159323013202,0.11232761002150159,0.05154639175257733,0.4544623656228458,97,False
mt5,3,a_ratio,12,0.7,0.21336944348812903,0.03586695060168478,0.10051546391752579,0.14467719951816677,97,True
mt5,3,nqc,12,0.7,0.3178783256685905,0.0015093694877362203,0.2018900343642612,0.0033934144348203364,97,False
mt5,3,nqc,12,0.7,0.3504079797761397,0.0004337786720253551,0.23539518900343648,0.0006358327263393619,97,True
mt5,3,bertQPP,12,0.7,0.3627333344005581,0.0002608364938364025,0.256872852233677,0.0001933769855221948,97,False
mt5,3,bertQPP,12,0.7,0.3881481195988986,8.549803379237791e-05,0.2830756013745705,3.995381628708257e-05,97,True
mt5,3,bertQPP(QV),12,0.7,0.34465765497253653,0.000546145198464599,0.23840206185567014,0.0005412133012575864,97,False
mt5,3,bertQPP(QV),12,0.7,0.37480021905338534,0.0001553565382905391,0.27534364261168387,6.454501938742568e-05,97,True
mt5,3,spatial,12,0.75,0.3307353840360928,0.0009370598096716074,0.21134020618556704,0.0021637443470699886,97,False
mt5,3,spatial,12,0.75,0.3212987268260268,0.0013322715580693463,0.2298109965635739,0.0008535554716530555,97,True
mt5,3,a_ratio,12,0.75,0.17887004380381166,0.07960288713250187,0.06743986254295534,0.3277635503646662,97,False
mt5,3,a_ratio,12,0.75,0.22886687562186758,0.02414123305596943,0.12113402061855671,0.07878300963914868,97,True
mt5,3,nqc,12,0.75,0.31612298734847216,0.0016083078206131085,0.19974226804123715,0.0037496927052216027,97,False
mt5,3,nqc,12,0.75,0.34878372524145146,0.0004631463315170025,0.2336769759450172,0.0006965926026270434,97,True
mt5,3,bertQPP,12,0.75,0.35519000537231804,0.0003569603945082785,0.24484536082474234,0.00038088964117221485,97,False
mt5,3,bertQPP,12,0.75,0.382163413617587,0.00011210620431306037,0.2740549828178695,6.983500538924286e-05,97,True
mt5,3,bertQPP(QV),12,0.75,0.3406725810251247,0.0006390440928215691,0.23109965635738836,0.0007979153488644113,97,False
mt5,3,bertQPP(QV),12,0.75,0.37104168860421566,0.00018296606847142973,0.26632302405498287,0.00011124963084926736,97,True
mt5,3,spatial,12,0.8,0.32632210182095583,0.0011062258410121624,0.20790378006872856,0.0025535840012904936,97,False
mt5,3,spatial,12,0.8,0.3314836683610108,0.0009108366050644707,0.23754295532646055,0.0005668140402706258,97,True
mt5,3,a_ratio,12,0.8,0.20184844721713224,0.047405077696984224,0.08977663230240551,0.19265661141875967,97,False
mt5,3,a_ratio,12,0.8,0.2497050241408386,0.013638907204904386,0.13445017182130586,0.05105421646643944,97,True
mt5,3,nqc,12,0.8,0.3145681703438929,0.0017008104286205695,0.19931271477663232,0.003824903963020039,97,False
mt5,3,nqc,12,0.8,0.347341778558436,0.0004907358231645837,0.23238831615120278,0.0007456571945733053,97,True
mt5,3,bertQPP,12,0.8,0.3466303679402257,0.0005048959932485634,0.23711340206185572,0.000580033168540485,97,False
mt5,3,bertQPP,12,0.8,0.3751782656338726,0.00015280445953658037,0.2714776632302406,8.166950933778078e-05,97,True
mt5,3,bertQPP(QV),12,0.8,0.3354490560742243,0.0007827079903006616,0.22465635738831619,0.0011140538745299275,97,False
mt5,3,bertQPP(QV),12,0.8,0.36631193758840713,0.00022415451141540694,0.2641752577319588,0.00012634244111771396,97,True
mt5,3,spatial,12,0.85,0.32199398092675235,0.0012986682149815582,0.20704467353951894,0.0026605976928076114,97,False
mt5,3,spatial,12,0.85,0.3429736068523711,0.0005837785662783467,0.24656357388316158,0.0003463449485504128,97,True
mt5,3,a_ratio,12,0.85,0.23447890339440094,0.02079201508957913,0.1254295532646048,0.06874005870255491,97,False
mt5,3,a_ratio,12,0.85,0.2782607971299293,0.005784534099736482,0.16194158075601378,0.018775672464210122,97,True
mt5,3,nqc,12,0.85,0.31318197077852333,0.0017873131908937808,0.19931271477663232,0.003824903963020039,97,False
mt5,3,nqc,12,0.85,0.3460536964726147,0.0005166482708548958,0.23109965635738836,0.0007979153488644113,97,True
mt5,3,bertQPP,12,0.85,0.33751005905624276,0.000722825974404664,0.22938144329896912,0.0008728876884960134,97,False
mt5,3,bertQPP,12,0.85,0.36751614830920554,0.00021292452398037018,0.2564432989690722,0.00019821410424194529,97,True
mt5,3,bertQPP(QV),12,0.85,0.32944337021079656,0.0009839628133127185,0.21950171821305847,0.0014464512863097319,97,False
mt5,3,bertQPP(QV),12,0.85,0.36091315648267847,0.0002815486131062258,0.25343642611683853,0.00023539388087640415,97,True
mt5,3,spatial,12,0.9,0.31778494082770514,0.0015144907911861009,0.20618556701030932,0.0027716955730928564,97,False
mt5,3,spatial,12,0.9,0.35421416788288834,0.0003715367010608773,0.2530068728522337,0.00024121095691616908,97,True
mt5,3,a_ratio,12,0.9,0.27951624815549725,0.00555894920063447,0.1554982817869416,0.02404211148041231,97,False
mt5,3,a_ratio,12,0.9,0.3162218286253403,0.0016025843463999226,0.19673539518900346,0.004305679427335466,97,True
mt5,3,nqc,12,0.9,0.3119387797230556,0.0018682556639859457,0.19759450171821308,0.0041396512632380965,97,False
mt5,3,nqc,12,0.9,0.34489652199140636,0.0005409911626900515,0.23109965635738836,0.0007979153488644113,97,True
mt5,3,bertQPP,12,0.9,0.32817720694828284,0.001031992940607402,0.21864261168384883,0.0015100189795415188,97,False
mt5,3,bertQPP,12,0.9,0.35944718873745074,0.00029932129116160515,0.24699312714776633,0.0003381788389163567,97,True
mt5,3,bertQPP(QV),12,0.9,0.3230073907099994,0.0012510652333240372,0.21219931271477666,0.0020752134680172376,97,False
mt5,3,bertQPP(QV),12,0.9,0.35509122577418867,0.00035841158007540453,0.24656357388316158,0.0003463449485504128,97,True
mt5,3,spatial,12,0.95,0.31371672440677917,0.0017534823750136226,0.19931271477663232,0.003824903963020039,97,False
mt5,3,spatial,12,0.95,0.35946056333673576,0.0002991545733756445,0.24742268041237117,0.00033019314561040996,97,True
mt5,3,a_ratio,12,0.95,0.32440816244979137,0.0011878757402936553,0.1937285223367698,0.004935409194231109,97,False
mt5,3,a_ratio,12,0.95,0.3542620472967026,0.00037080893130989534,0.2169243986254296,0.001644941169576058,97,True
mt5,3,nqc,12,0.95,0.3108178387982043,0.0019440639280552117,0.19630584192439868,0.0043909374810577745,97,False
mt5,3,nqc,12,0.95,0.3438515596999261,0.0005638723785856357,0.23024054982817874,0.0008346209629654949,97,True
mt5,3,bertQPP,12,0.95,0.3188836409138685,0.0014552229075999762,0.20747422680412375,0.0026065887949513057,97,False
mt5,3,bertQPP,12,0.95,0.35118747832628094,0.00042030116965058496,0.2366838487972509,0.0005935388745829456,97,True
mt5,3,bertQPP(QV),12,0.95,0.3163996379411658,0.001592334599656742,0.20833333333333337,0.0025015666651811157,97,False
mt5,3,bertQPP(QV),12,0.95,0.3490390851773635,0.0004584114769744302,0.2366838487972509,0.0005935388745829456,97,True
mt5,3,spatial,12,1.0,0.3098021651503744,0.0020151412653390153,0.19544673539518906,0.0045660596694361046,97,False
mt5,3,spatial,12,1.0,0.3429034534034353,0.000585396636713818,0.22809278350515466,0.000933347093157991,97,True
mt5,3,a_ratio,12,1.0,0.3098021651503744,0.0020151412653390153,0.19544673539518906,0.0045660596694361046,97,False
mt5,3,a_ratio,12,1.0,0.3429034534034353,0.000585396636713818,0.22809278350515466,0.000933347093157991,97,True
mt5,3,nqc,12,1.0,0.3098021651503744,0.0020151412653390153,0.19544673539518906,0.0045660596694361046,97,False
mt5,3,nqc,12,1.0,0.3429034534034353,0.000585396636713818,0.22809278350515466,0.000933347093157991,97,True
mt5,3,bertQPP,12,1.0,0.3098021651503744,0.0020151412653390153,0.19544673539518906,0.0045660596694361046,97,False
mt5,3,bertQPP,12,1.0,0.3429034534034353,0.000585396636713818,0.22809278350515466,0.000933347093157991,97,True
mt5,3,bertQPP(QV),12,1.0,0.3098021651503744,0.0020151412653390153,0.19544673539518906,0.0045660596694361046,97,False
mt5,3,bertQPP(QV),12,1.0,0.3429034534034353,0.000585396636713818,0.22809278350515466,0.000933347093157991,97,True
mt5,3,spatial,13,0.0,0.2902846878374204,0.003922970004373455,0.18084192439862545,0.008684754281086702,97,False
mt5,3,spatial,13,0.0,0.26535429986624426,0.008618538984371022,0.202319587628866,0.003325969220576063,97,True
mt5,3,a_ratio,13,0.0,0.09803737257445763,0.3394043292597756,-0.013316151202749144,0.846776975027774,97,False
mt5,3,a_ratio,13,0.0,0.14969969433654243,0.14332557850539354,0.036512027491408944,0.5962292897960457,97,True
mt5,3,nqc,13,0.0,0.15442839842392095,0.13096637688415508,-0.07946735395189004,0.2488442983857856,97,False
mt5,3,nqc,13,0.0,0.15472678452241714,0.13021468015154855,-0.0734536082474227,0.28647120739097054,97,True
mt5,3,bertQPP,13,0.0,0.20736116382374883,0.04154956735525624,0.16838487972508595,0.01454739544260673,97,False
mt5,3,bertQPP,13,0.0,0.26026210183363074,0.010036014791192966,0.21434707903780073,0.0018682268943729797,97,True
mt5,3,bertQPP(QV),13,0.0,0.1425608869433298,0.16362395549528624,0.11984536082474227,0.08201867152410211,97,False
mt5,3,bertQPP(QV),13,0.0,0.2107320277065453,0.03827554609004534,0.17353951890034366,0.011793812186781842,97,True
mt5,3,spatial,13,0.05,0.3089548473527241,0.0020762232623868122,0.19072164948453613,0.005647306460207743,97,False
mt5,3,spatial,13,0.05,0.26679473233943346,0.008250963416060157,0.2014604810996564,0.0034621026042757834,97,True
mt5,3,a_ratio,13,0.05,0.0995664185591014,0.3318885541659811,-0.01202749140893471,0.8614470077832815,97,False
mt5,3,a_ratio,13,0.05,0.15128787090647872,0.13908010082676442,0.03951890034364262,0.5663306621908052,97,True
mt5,3,nqc,13,0.05,0.30395836702479345,0.002471640183718329,0.24012027491408938,0.0004932117335580638,97,False
mt5,3,nqc,13,0.05,0.319625375809287,0.00141640888892163,0.2628865979381444,0.00013630357600274067,97,True
mt5,3,bertQPP,13,0.05,0.22615768743301187,0.025916281975211,0.17439862542955328,0.011382836808156348,97,False
mt5,3,bertQPP,13,0.05,0.27792750308308334,0.005845770039006001,0.22594501718213064,0.0010428004886634003,97,True
mt5,3,bertQPP(QV),13,0.05,0.16234911781799755,0.11210899259123631,0.13445017182130586,0.05105421646643944,97,False
mt5,3,bertQPP(QV),13,0.05,0.2310456750323208,0.022789951338297393,0.19458762886597944,0.004747484369155047,97,True
mt5,3,spatial,13,0.1,0.32475061023464974,0.0011728758664707295,0.20747422680412375,0.0026065887949513057,97,False
mt5,3,spatial,13,0.1,0.2683727836212176,0.007864180138107118,0.20317869415807563,0.0031947282487263706,97,True
mt5,3,a_ratio,13,0.1,0.10126342952461605,0.3236721180885246,-0.010309278350515465,0.8810807858527536,97,False
mt5,3,a_ratio,13,0.1,0.15304615127437088,0.1344918142378173,0.043814432989690726,0.5249088158491623,97,True
mt5,3,nqc,13,0.1,0.36424401200428513,0.0002447237548719139,0.2405498281786942,0.0004818477915141724,97,False
mt5,3,nqc,13,0.1,0.3851972914412509,9.778210570717308e-05,0.26632302405498287,0.00011124963084926736,97,True
mt5,3,bertQPP,13,0.1,0.24589050350149214,0.015193059089484222,0.18470790378006877,0.007355176256510775,97,False
mt5,3,bertQPP,13,0.1,0.29579442221405206,0.003265261562087471,0.23711340206185572,0.000580033168540485,97,True
mt5,3,bertQPP(QV),13,0.1,0.18353002454924286,0.07194813802879232,0.14261168384879727,0.03850326567762371,97,False
mt5,3,bertQPP(QV),13,0.1,0.2518063999843646,0.012843271556623041,0.2018900343642612,0.0033934144348203364,97,True
mt5,3,spatial,13,0.15,0.3373791457693115,0.0007265013355668476,0.22079037800687287,0.0013557124652369783,97,False
mt5,3,spatial,13,0.15,0.2701087897986922,0.007457225939234554,0.20489690721649487,0.002946303078171719,97,True
mt5,3,a_ratio,13,0.15,0.1031575084483701,0.3146569562987467,-0.006443298969072166,0.9255067132095164,97,False
mt5,3,a_ratio,13,0.15,0.15500321237919143,0.129521245126453,0.04596219931271478,0.5047955105031363,97,True
mt5,3,nqc,13,0.15,0.371820021857744,0.000176900870808011,0.2379725085910653,0.0005538759115824682,97,False
mt5,3,nqc,13,0.15,0.3957732258394921,6.0078168366567626e-05,0.26116838487972516,0.00015073942387955493,97,True
mt5,3,bertQPP,13,0.15,0.26624727021025424,0.008389008199021188,0.20403780068728525,0.00306822352558543,97,False
mt5,3,bertQPP,13,0.15,0.31351472276167086,0.0017661931779353768,0.24269759450171827,0.0004286013573495472,97,True
mt5,3,bertQPP(QV),13,0.15,0.2058608335570781,0.04308010370579154,0.16065292096219932,0.019739903980340746,97,False
mt5,3,bertQPP(QV),13,0.15,0.27260109104913977,0.00690548918403407,0.20489690721649487,0.002946303078171719,97,True
mt5,3,spatial,13,0.2,0.3468025349387171,0.0005014351549213599,0.22680412371134026,0.0009976667225656776,97,False
mt5,3,spatial,13,0.2,0.2720271992363788,0.0070292329172033435,0.20403780068728525,0.00306822352558543,97,True
mt5,3,a_ratio,13,0.2,0.10528484176406315,0.3047271979647328,-0.006013745704467355,0.930459888527551,97,False
mt5,3,a_ratio,13,0.2,0.1571945050527114,0.12412372396428357,0.053694158075601385,0.43588378893929247,97,True
mt5,3,nqc,13,0.2,0.36561669982743633,0.00023088461349692247,0.23711340206185572,0.000580033168540485,97,False
mt5,3,nqc,13,0.2,0.39172016644101415,7.254973267454041e-05,0.2594501718213059,0.00016660580916833792,97,True
mt5,3,bertQPP,13,0.2,0.28675767815255165,0.004403832557328825,0.2169243986254296,0.001644941169576058,97,False
mt5,3,bertQPP,13,0.2,0.33066209083914133,0.0009396649874539679,0.2508591065292096,0.00027237466938260737,97,True
mt5,3,bertQPP(QV),13,0.2,0.228918097220039,0.02410869793289816,0.17310996563573885,0.01200419316896961,97,False
mt5,3,bertQPP(QV),13,0.2,0.2929148081929288,0.0035955244330168334,0.21219931271477666,0.0020752134680172376,97,True
mt5,3,spatial,13,0.25,0.3532069123147031,0.0003871549094717886,0.23539518900343648,0.0006358327263393619,97,False
mt5,3,spatial,13,0.25,0.2741576297304922,0.006579506647144599,0.20790378006872856,0.0025535840012904936,97,True
mt5,3,a_ratio,13,0.25,0.10769097389481878,0.2937455034437521,-0.0038659793814432995,0.9552623626593565,97,False
mt5,3,a_ratio,13,0.25,0.15966435841308596,0.11824896607400771,0.057130584192439875,0.4070878413580533,97,True
mt5,3,nqc,13,0.25,0.35747828618311017,0.00032481971634607573,0.2336769759450172,0.0006965926026270434,97,False
mt5,3,nqc,13,0.25,0.3850820954308295,9.829337925895588e-05,0.2607388316151203,0.0001545669713814958,97,True
mt5,3,bertQPP,13,0.25,0.3067852592584375,0.0022403162055237803,0.22422680412371138,0.0011387880187863695,97,False
mt5,3,bertQPP,13,0.25,0.3467515603270162,0.0005024575532141477,0.26159793814432997,0.00014700123564547276,97,True
mt5,3,bertQPP(QV),13,0.25,0.25207204992227467,0.012745625343841603,0.17611683848797252,0.010598840128977079,97,False
mt5,3,bertQPP(QV),13,0.25,0.31216016697726473,0.0018536033102489946,0.21649484536082478,0.0016803624081385136,97,True
mt5,3,spatial,13,0.3,0.3569370587658213,0.0003321713829534066,0.2328178694158076,0.0007289565212236814,97,False
mt5,3,spatial,13,0.3,0.2765362511757707,0.006107639199123618,0.20833333333333337,0.0025015666651811157,97,True
mt5,3,a_ratio,13,0.3,0.11043400821055951,0.28154878216874557,-0.0008591065292096221,0.9900533454687662,97,False
mt5,3,a_ratio,13,0.3,0.16246891023419915,0.11184091026045336,0.06400343642611686,0.3530123788503621,97,True
mt5,3,nqc,13,0.3,0.35008348697039166,0.00043950527782763555,0.22809278350515466,0.000933347093157991,97,False
mt5,3,nqc,13,0.3,0.37874222862263923,0.00013058309708211663,0.256872852233677,0.0001933769855221948,97,True
mt5,3,bertQPP,13,0.3,0.32555360766017993,0.0011383761394550159,0.23496563573883167,0.0006505425158083947,97,False
mt5,3,bertQPP,13,0.3,0.3612759299663985,0.00027730334466887353,0.2620274914089347,0.00014335046231608574,97,True
mt5,3,bertQPP(QV),13,0.3,0.274498483704236,0.006509967067141208,0.18814432989690724,0.00632984784895861,97,False
mt5,3,bertQPP(QV),13,0.3,0.32973047601303707,0.0009733591506862636,0.21950171821305847,0.0014464512863097319,97,True
mt5,3,spatial,13,0.35,0.35842102081129673,0.0003123710531096931,0.23410652920962205,0.0006809162092632265,97,False
mt5,3,spatial,13,0.35,0.2792076054563738,0.00561367098670438,0.21176975945017185,0.0021190549684448486,97,True
mt5,3,a_ratio,13,0.35,0.11358920016726773,0.26794342978109853,0.0012886597938144332,0.9850805012640036,97,False
mt5,3,a_ratio,13,0.35,0.16568026137206066,0.10483811342882561,0.06743986254295534,0.3277635503646662,97,True
mt5,3,nqc,13,0.35,0.34384567023200047,0.0005640038146573705,0.22465635738831619,0.0011140538745299275,97,False
mt5,3,nqc,13,0.35,0.3732666483132741,0.00016611942306212402,0.2517182130584193,0.00025948171452482385,97,True
mt5,3,bertQPP,13,0.35,0.34221950406503115,0.0006013884107374714,0.24484536082474234,0.00038088964117221485,97,False
mt5,3,bertQPP,13,0.35,0.373756698486206,0.00016260734445443052,0.27061855670103097,8.601885162206065e-05,97,True
mt5,3,bertQPP(QV),13,0.35,0.295248783557052,0.0033256692400912002,0.1984536082474227,0.003979453005162126,97,False
mt5,3,bertQPP(QV),13,0.35,0.3450704560262943,0.0005372662847467213,0.23067010309278352,0.00081607670119364,97,True
mt5,3,spatial,13,0.4,0.3581046620056048,0.0003164986582057097,0.23109965635738836,0.0007979153488644113,97,False
mt5,3,spatial,13,0.4,0.2822270118002351,0.005098320283366663,0.2134879725085911,0.0019486331283160838,97,True
mt5,3,a_ratio,13,0.4,0.11725569141523463,0.25270058224050196,0.0034364261168384883,0.9602288348688062,97,False
mt5,3,a_ratio,13,0.4,0.16939248254419065,0.09717524966759782,0.06829896907216496,0.32163912125241456,97,True
mt5,3,nqc,13,0.4,0.33866197634622,0.0006912114085329962,0.22079037800687287,0.0013557124652369783,97,False
mt5,3,nqc,13,0.4,0.36865083717616226,0.00020282080797338775,0.25000000000000006,0.00028586619810323126,97,True
mt5,3,bertQPP,13,0.4,0.355990633051322,0.00034539624829452213,0.2521477663230241,0.0002532519652694692,97,False
mt5,3,bertQPP,13,0.4,0.3838012202682137,0.00010414807218430707,0.27018900343642616,8.827472841766767e-05,97,True
mt5,3,bertQPP(QV),13,0.4,0.31338194247328005,0.0017745936196818205,0.2134879725085911,0.0019486331283160838,97,False
mt5,3,bertQPP(QV),13,0.4,0.35774948289862735,0.0003211925911368013,0.24613402061855674,0.00035469522611087794,97,True
mt5,3,spatial,13,0.45,0.35640589941194245,0.0003395349676881423,0.23410652920962205,0.0006809162092632265,97,False
mt5,3,spatial,13,0.45,0.28566374568639125,0.004563304774348266,0.21477663230240554,0.0018291772025326055,97,True
mt5,3,a_ratio,13,0.45,0.1215666207109726,0.23555269573292673,0.01245704467353952,0.8565514226103272,97,False
mt5,3,a_ratio,13,0.45,0.17373048816881853,0.08878671499533419,0.06915807560137457,0.3155898965616176,97,True
mt5,3,nqc,13,0.45,0.33434274723602925,0.000816688613141382,0.21563573883161516,0.0017533187111864498,97,False
mt5,3,nqc,13,0.45,0.3647669340023754,0.00023936390310153497,0.24570446735395193,0.0003632334933323789,97,True
mt5,3,bertQPP,13,0.45,0.3662621879407166,0.00022463001598440845,0.2573024054982818,0.0001886509599840551,97,False
mt5,3,bertQPP,13,0.45,0.3911531620059851,7.447514779927806e-05,0.27534364261168387,6.454501938742568e-05,97,True
mt5,3,bertQPP(QV),13,0.45,0.32813077025363235,0.0010337943625063546,0.22207903780068733,0.0012702502748310276,97,False
mt5,3,bertQPP(QV),13,0.45,0.36751773563701107,0.00021291007056118135,0.2530068728522337,0.00024121095691616908,97,True
mt5,3,spatial,13,0.5,0.35368933094151644,0.00037960084751095265,0.22938144329896912,0.0008728876884960134,97,False
mt5,3,spatial,13,0.5,0.28960520464734024,0.004011784259012737,0.21391752577319592,0.001908041073171658,97,True
mt5,3,a_ratio,13,0.5,0.1267047092875033,0.21619455289797027,0.018041237113402064,0.7934766269227447,97,False
mt5,3,a_ratio,13,0.5,0.17886345532446346,0.07961415360060929,0.07431271477663232,0.2808725107935828,97,True
mt5,3,nqc,13,0.5,0.33071359112398835,0.0009378337414598605,0.21520618556701035,0.0017908788065225548,97,False
mt5,3,nqc,13,0.5,0.36147995892423646,0.00027494175827146483,0.24355670103092786,0.0004088834881762593,97,True
mt5,3,bertQPP,13,0.5,0.3727279848135574,0.0001700608358208646,0.25902061855670105,0.00017081103710396531,97,False
mt5,3,bertQPP,13,0.5,0.3957230635759971,6.021948754942765e-05,0.28651202749140897,3.215902329862323e-05,97,True
mt5,3,bertQPP(QV),13,0.5,0.3390459047960507,0.0006809587634536868,0.22809278350515466,0.000933347093157991,97,False
mt5,3,bertQPP(QV),13,0.5,0.3743294061029953,0.00015859004468950577,0.26632302405498287,0.00011124963084926736,97,True
mt5,3,spatial,13,0.55,0.3502569381578278,0.00043643565266325893,0.23238831615120278,0.0007456571945733053,97,False
mt5,3,spatial,13,0.55,0.2941622265963685,0.00344895342884873,0.2134879725085911,0.0019486331283160838,97,True
mt5,3,a_ratio,13,0.55,0.13292698607731265,0.19429571324013448,0.023195876288659798,0.7364196981955502,97,False
mt5,3,a_ratio,13,0.55,0.18502562761688862,0.06962116323478232,0.08204467353951891,0.23382603249144784,97,True
mt5,3,nqc,13,0.55,0.3276338205048683,0.001053252654457233,0.21091065292096223,0.002209296231634933,97,False
mt5,3,nqc,13,0.55,0.35867503394803746,0.00030909284290353377,0.24226804123711343,0.00043878992015195634,97,True
mt5,3,bertQPP,13,0.55,0.37542448411061696,0.00015116325327058802,0.2680412371134021,0.00010041746330816103,97,False
mt5,3,bertQPP,13,0.55,0.39759106704452846,5.516054477251976e-05,0.29510309278350516,1.849887929183802e-05,97,True
mt5,3,bertQPP(QV),13,0.55,0.3460612215123578,0.0005164933121014992,0.2379725085910653,0.0005538759115824682,97,False
mt5,3,bertQPP(QV),13,0.55,0.3783283360212991,0.0001330005017453444,0.27233676975945026,7.752860694391557e-05,97,True
mt5,3,spatial,13,0.6,0.3463492184458814,0.0005105946963018722,0.22680412371134026,0.0009976667225656776,97,False
mt5,3,spatial,13,0.6,0.29947543045239944,0.0028827983246486233,0.21477663230240554,0.0018291772025326055,97,True
mt5,3,a_ratio,13,0.6,0.1406052395615582,0.1695399078101004,0.032646048109965645,0.6356917335694203,97,False
mt5,3,a_ratio,13,0.6,0.19254940279800192,0.058820878365200384,0.08462199312714778,0.2194617374170329,97,True
mt5,3,nqc,13,0.6,0.32499412357690527,0.0011623145168850907,0.20833333333333337,0.0025015666651811157,97,False
mt5,3,nqc,13,0.6,0.3562602400149542,0.00034158037111365925,0.24183848797250862,0.0004492042155364218,97,True
mt5,3,bertQPP,13,0.6,0.3746937143483761,0.000156082614081586,0.26632302405498287,0.00011124963084926736,97,False
mt5,3,bertQPP,13,0.6,0.39698258837795997,5.6763206158258364e-05,0.2933848797250859,2.0686822197476286e-05,97,True
mt5,3,bertQPP(QV),13,0.6,0.34945978315247916,0.0004507077739951137,0.24570446735395193,0.0003632334933323789,97,False
mt5,3,bertQPP(QV),13,0.6,0.3798041444505367,0.00012456591787090855,0.27061855670103097,8.601885162206065e-05,97,True
mt5,3,spatial,13,0.65,0.34215187305387973,0.0006029912697803902,0.22293814432989695,0.0012160687743494618,97,False
mt5,3,spatial,13,0.65,0.30572138860138026,0.002324977048873861,0.2169243986254296,0.001644941169576058,97,True
mt5,3,a_ratio,13,0.65,0.15029429111993234,0.14172480278963318,0.040378006872852236,0.5579222431626273,97,False
mt5,3,a_ratio,13,0.65,0.20191921593954862,0.04732579464349601,0.09536082474226806,0.16642177733641728,97,True
mt5,3,nqc,13,0.65,0.32271025425239735,0.0012648556736486007,0.20317869415807563,0.0031947282487263706,97,False
mt5,3,nqc,13,0.65,0.3541633784333473,0.0003723101394948232,0.2392611683848798,0.0005166931871154039,97,True
mt5,3,bertQPP,13,0.65,0.3710861861889731,0.00018261419943936275,0.2641752577319588,0.00012634244111771396,97,False
mt5,3,bertQPP,13,0.65,0.39422559667154333,6.458361844196416e-05,0.29037800687285226,2.5120678036492542e-05,97,True
mt5,3,bertQPP(QV),13,0.65,0.3497660983068437,0.00044517361137342746,0.2414089347079038,0.0004598488311252096,97,False
mt5,3,bertQPP(QV),13,0.65,0.3791345114216874,0.00012832957459967483,0.279639175257732,4.952017035250988e-05,97,True
mt5,3,spatial,13,0.7,0.33780464613438427,0.0007146175860756255,0.2173539518900344,0.0016102081655090619,97,False
mt5,3,spatial,13,0.7,0.3131140781319608,0.0017916503435727032,0.2298109965635739,0.0008535554716530555,97,True
mt5,3,a_ratio,13,0.7,0.16285029552376087,0.11099072519772911,0.05283505154639176,0.4432621351071514,97,False
mt5,3,a_ratio,13,0.7,0.21386059489514903,0.03543276349159795,0.10223367697594504,0.13793469449367568,97,True
mt5,3,nqc,13,0.7,0.32071707385369996,0.001360988638525155,0.202319587628866,0.003325969220576063,97,False
mt5,3,nqc,13,0.7,0.35232786881596334,0.0004012760763312336,0.23625429553264607,0.0006073368350083252,97,True
mt5,3,bertQPP,13,0.7,0.3652443260946505,0.00023456556627339726,0.256872852233677,0.0001933769855221948,97,False
mt5,3,bertQPP,13,0.7,0.38970172079668614,7.962270949365749e-05,0.2822164948453609,4.216585457755637e-05,97,True
mt5,3,bertQPP(QV),13,0.7,0.34761521771714665,0.0004853908373415354,0.23625429553264607,0.0006073368350083252,97,False
mt5,3,bertQPP(QV),13,0.7,0.3767292678715303,0.00014273524513370997,0.27620274914089354,6.123156446679978e-05,97,True
mt5,3,spatial,13,0.75,0.3334102877661308,0.0008463696022043623,0.2130584192439863,0.0019900166497547295,97,False
mt5,3,spatial,13,0.75,0.3218866911564,0.001303803050897632,0.23024054982817874,0.0008346209629654949,97,True
mt5,3,a_ratio,13,0.75,0.17963686194005554,0.0783002971979924,0.06872852233676977,0.3186051074891699,97,False
mt5,3,a_ratio,13,0.75,0.22948515954548662,0.02375100185604965,0.12156357388316154,0.07772782073014356,97,True
mt5,3,nqc,13,0.75,0.31896381782699895,0.001450981343834821,0.19974226804123715,0.0037496927052216027,97,False
mt5,3,nqc,13,0.75,0.3507091665359527,0.0004285247866280535,0.23453608247422683,0.0006655682797928671,97,True
mt5,3,bertQPP,13,0.75,0.3578026266662808,0.0003204862050295056,0.24355670103092786,0.0004088834881762593,97,False
mt5,3,bertQPP,13,0.75,0.3838020074215839,0.00010414437681823297,0.2719072164948454,7.957359852373424e-05,97,True
mt5,3,bertQPP(QV),13,0.75,0.3436421484375347,0.0005685631245385028,0.23238831615120278,0.0007456571945733053,97,False
mt5,3,bertQPP(QV),13,0.75,0.3729865501448983,0.0001681582296319247,0.27018900343642616,8.827472841766767e-05,97,True
mt5,3,spatial,13,0.8,0.3290426227026475,0.0009989396168777031,0.20575601374570449,0.0028288190417010725,97,False
mt5,3,spatial,13,0.8,0.3322067263383771,0.0008861349250953767,0.23840206185567014,0.0005412133012575864,97,True
mt5,3,a_ratio,13,0.8,0.20285808122232685,0.046284317470127706,0.09063573883161513,0.18843365829791547,97,False
mt5,3,a_ratio,13,0.8,0.25049860071828883,0.013333540903817845,0.13616838487972513,0.04815964796946807,97,True
mt5,3,nqc,13,0.8,0.31741053746000836,0.0015351819361519756,0.19931271477663232,0.003824903963020039,97,False
mt5,3,nqc,13,0.8,0.3492719367930777,0.0004541327527679651,0.23324742268041243,0.0007126038672884247,97,True
mt5,3,bertQPP,13,0.8,0.3493225122930952,0.0004532082726949019,0.2366838487972509,0.0005935388745829456,97,False
mt5,3,bertQPP,13,0.8,0.37689377939722246,0.00014170409304716336,0.27233676975945026,7.752860694391557e-05,97,True
mt5,3,bertQPP(QV),13,0.8,0.33841141496212057,0.0006979784710646738,0.2216494845360825,0.001298168853613724,97,False
mt5,3,bertQPP(QV),13,0.8,0.36826462506486246,0.00020620894482512776,0.26503436426116844,0.00012008730713750342,97,True
mt5,3,spatial,13,0.85,0.32475334014745877,0.0011727569861281137,0.20403780068728525,0.00306822352558543,97,False
mt5,3,spatial,13,0.85,0.34387640707030626,0.0005633181653456391,0.24785223367697598,0.0003223841860548392,97,True
mt5,3,a_ratio,13,0.85,0.23585674776415963,0.020033511977193302,0.1245704467353952,0.07065977324075139,97,False
mt5,3,a_ratio,13,0.85,0.27930243821608797,0.0055968066354272,0.16537800687285226,0.016403064445582434,97,True
mt5,3,nqc,13,0.85,0.31602547236412726,0.001613972632012119,0.19931271477663232,0.003824903963020039,97,False
mt5,3,nqc,13,0.85,0.3479879050982016,0.000478191835784652,0.23109965635738836,0.0007979153488644113,97,True
mt5,3,bertQPP,13,0.85,0.3402623029977243,0.00064938699601888,0.22766323024054988,0.0009543472910132449,97,False
mt5,3,bertQPP,13,0.85,0.3693003414697105,0.0001972386943265338,0.2594501718213059,0.00016660580916833792,97,True
mt5,3,bertQPP(QV),13,0.85,0.33238556058309937,0.0008801204630388455,0.21993127147766325,0.0014156009702633058,97,False
mt5,3,bertQPP(QV),13,0.85,0.3628680546005262,0.0002593607960232294,0.2555841924398626,0.0002082313453780151,97,True
mt5,3,spatial,13,0.9,0.32057746947551724,0.0013679641962905686,0.20704467353951894,0.0026605976928076114,97,False
mt5,3,spatial,13,0.9,0.3553630207090715,0.0003544316230588253,0.25515463917525777,0.00021341645031147517,97,True
mt5,3,a_ratio,13,0.9,0.281459827372158,0.0052251096560092195,0.1512027491408935,0.028226597294347726,97,False
mt5,3,a_ratio,13,0.9,0.31760844234621616,0.0015242131553580363,0.19544673539518906,0.0045660596694361046,97,True
mt5,3,nqc,13,0.9,0.3147831154630013,0.0016877419560044767,0.19759450171821308,0.0041396512632380965,97,False
mt5,3,nqc,13,0.9,0.346834241710682,0.0005008001750425923,0.23109965635738836,0.0007979153488644113,97,True
mt5,3,bertQPP,13,0.9,0.3309731163203582,0.0009286549595631937,0.21606529209621997,0.0017164841150655054,97,False
mt5,3,bertQPP,13,0.9,0.3612919762148316,0.0002771169376713466,0.24656357388316158,0.0003463449485504128,97,True
mt5,3,bertQPP(QV),13,0.9,0.3259212281522786,0.0011228920070624803,0.21048109965635742,0.002255725464528707,97,False
mt5,3,bertQPP(QV),13,0.9,0.3570445155898427,0.00033069968503080487,0.24742268041237117,0.00033019314561040996,97,True
mt5,3,spatial,13,0.95,0.3165376725624268,0.0015844186339534804,0.2018900343642612,0.0033934144348203364,97,False
mt5,3,spatial,13,0.95,0.3609517220845449,0.0002810944786752518,0.2521477663230241,0.0002532519652694692,97,True
mt5,3,a_ratio,13,0.95,0.3270572436415747,0.0010762462838276885,0.19501718213058422,0.004655971971265852,97,False
mt5,3,a_ratio,13,0.95,0.35603897077358854,0.00034470922745331905,0.21821305841924402,0.0015427588468996702,97,True
mt5,3,nqc,13,0.95,0.3136627819189698,0.0017568685411851698,0.19673539518900346,0.004305679427335466,97,False
mt5,3,nqc,13,0.95,0.3457923487558286,0.0005220565816884712,0.2298109965635739,0.0008535554716530555,97,True
mt5,3,bertQPP,13,0.95,0.3217097096142773,0.001312313606525586,0.20747422680412375,0.0026065887949513057,97,False
mt5,3,bertQPP,13,0.95,0.35308517704858466,0.0003890828476030164,0.23582474226804126,0.000621432826309228,97,True
mt5,3,bertQPP(QV),13,0.95,0.3192804007424997,0.0014343426206567093,0.20876288659793818,0.0024505203740822256,97,False
mt5,3,bertQPP(QV),13,0.95,0.3509882615205752,0.000423708521945487,0.2366838487972509,0.0005935388745829456,97,True
mt5,3,spatial,13,1.0,0.3126475427845963,0.001821712161625041,0.1971649484536083,0.004221925130091803,97,False
mt5,3,spatial,13,1.0,0.3448469459143091,0.0005420571847370463,0.22766323024054988,0.0009543472910132449,97,True
mt5,3,a_ratio,13,1.0,0.3126475427845963,0.001821712161625041,0.1971649484536083,0.004221925130091803,97,False
mt5,3,a_ratio,13,1.0,0.3448469459143091,0.0005420571847370463,0.22766323024054988,0.0009543472910132449,97,True
mt5,3,nqc,13,1.0,0.3126475427845963,0.001821712161625041,0.1971649484536083,0.004221925130091803,97,False
mt5,3,nqc,13,1.0,0.3448469459143091,0.0005420571847370463,0.22766323024054988,0.0009543472910132449,97,True
mt5,3,bertQPP,13,1.0,0.3126475427845963,0.001821712161625041,0.1971649484536083,0.004221925130091803,97,False
mt5,3,bertQPP,13,1.0,0.3448469459143091,0.0005420571847370463,0.22766323024054988,0.0009543472910132449,97,True
mt5,3,bertQPP(QV),13,1.0,0.3126475427845963,0.001821712161625041,0.1971649484536083,0.004221925130091803,97,False
mt5,3,bertQPP(QV),13,1.0,0.3448469459143091,0.0005420571847370463,0.22766323024054988,0.0009543472910132449,97,True
mt5,3,spatial,14,0.0,0.2902846878374204,0.003922970004373455,0.18084192439862545,0.008684754281086702,97,False
mt5,3,spatial,14,0.0,0.26535429986624426,0.008618538984371022,0.202319587628866,0.003325969220576063,97,True
mt5,3,a_ratio,14,0.0,0.09803737257445763,0.3394043292597756,-0.013316151202749144,0.846776975027774,97,False
mt5,3,a_ratio,14,0.0,0.14969969433654243,0.14332557850539354,0.036512027491408944,0.5962292897960457,97,True
mt5,3,nqc,14,0.0,0.15442839842392095,0.13096637688415508,-0.07946735395189004,0.2488442983857856,97,False
mt5,3,nqc,14,0.0,0.15472678452241714,0.13021468015154855,-0.0734536082474227,0.28647120739097054,97,True
mt5,3,bertQPP,14,0.0,0.20736116382374883,0.04154956735525624,0.16838487972508595,0.01454739544260673,97,False
mt5,3,bertQPP,14,0.0,0.26026210183363074,0.010036014791192966,0.21434707903780073,0.0018682268943729797,97,True
mt5,3,bertQPP(QV),14,0.0,0.1425608869433298,0.16362395549528624,0.11984536082474227,0.08201867152410211,97,False
mt5,3,bertQPP(QV),14,0.0,0.2107320277065453,0.03827554609004534,0.17353951890034366,0.011793812186781842,97,True
mt5,3,spatial,14,0.05,0.30936619453134184,0.002046364109329997,0.1902920962199313,0.005756239608165468,97,False
mt5,3,spatial,14,0.05,0.2668099986006213,0.008247142803374997,0.2014604810996564,0.0034621026042757834,97,True
mt5,3,a_ratio,14,0.05,0.09958193234245698,0.33181284529762806,-0.01202749140893471,0.8614470077832815,97,False
mt5,3,a_ratio,14,0.05,0.15130044445352467,0.13904687397284987,0.03951890034364262,0.5663306621908052,97,True
mt5,3,nqc,14,0.05,0.30578918022922325,0.0023194975156123174,0.24312714776632308,0.0004186340215940853,97,False
mt5,3,nqc,14,0.05,0.3210766446697922,0.0013431705219108271,0.2628865979381444,0.00013630357600274067,97,True
mt5,3,bertQPP,14,0.05,0.2263668537990255,0.025775389367020302,0.17439862542955328,0.011382836808156348,97,False
mt5,3,bertQPP,14,0.05,0.2780896540463064,0.005815906666375894,0.2255154639175258,0.0010660691222714972,97,True
mt5,3,bertQPP(QV),14,0.05,0.16256278233146498,0.11163118276937686,0.13445017182130586,0.05105421646643944,97,False
mt5,3,bertQPP(QV),14,0.05,0.23121969445921114,0.022684870607955043,0.19501718213058422,0.004655971971265852,97,True
mt5,3,spatial,14,0.1,0.3255890332616771,0.0011368756056823247,0.2096219931271478,0.002351276432455258,97,False
mt5,3,spatial,14,0.1,0.26840489855179844,0.00785647752450126,0.20317869415807563,0.0031947282487263706,97,True
mt5,3,a_ratio,14,0.1,0.10129616659447156,0.32351490813976475,-0.009879725085910654,0.886001161240211,97,False
mt5,3,a_ratio,14,0.1,0.1530726525171789,0.13442355040589907,0.043814432989690726,0.5249088158491623,97,True
mt5,3,nqc,14,0.1,0.3675550157864417,0.00021257087658948623,0.24355670103092786,0.0004088834881762593,97,False
mt5,3,nqc,14,0.1,0.3876210676248075,8.758108862899465e-05,0.2676116838487973,0.00010302809096628477,97,True
mt5,3,bertQPP,14,0.1,0.24633563803115496,0.015004124077838145,0.18427835051546396,0.0074933028749945285,97,False
mt5,3,bertQPP,14,0.1,0.296131461936639,0.003228441163828408,0.23754295532646055,0.0005668140402706258,97,True
mt5,3,bertQPP(QV),14,0.1,0.18398404408644942,0.07123520544980927,0.1434707903780069,0.037349490378258986,97,False
mt5,3,bertQPP(QV),14,0.1,0.2521669711734575,0.012710891814960955,0.2014604810996564,0.0034621026042757834,97,True
mt5,3,spatial,14,0.15,0.3386471358655763,0.0006916105365323735,0.21950171821305847,0.0014464512863097319,97,False
mt5,3,spatial,14,0.15,0.27015959564582037,0.007445601290522346,0.2053264604810997,0.002887015591872923,97,True
mt5,3,a_ratio,14,0.15,0.10320947682237305,0.314411916951155,-0.006013745704467355,0.930459888527551,97,False
mt5,3,a_ratio,14,0.15,0.15504522596443385,0.129416099159409,0.04596219931271478,0.5047955105031363,97,True
mt5,3,nqc,14,0.15,0.37584607545501264,0.00014839093706796043,0.23969072164948454,0.0005048251929224872,97,False
mt5,3,nqc,14,0.15,0.3986487927877192,5.247459864146957e-05,0.26460481099656363,0.00012317744827931967,97,True
mt5,3,bertQPP,14,0.15,0.2669583539004314,0.00821009569612258,0.20274914089347082,0.003259747042536618,97,False
mt5,3,bertQPP,14,0.15,0.3140395644455778,0.0017333396586999283,0.24226804123711343,0.00043878992015195634,97,True
mt5,3,bertQPP(QV),14,0.15,0.20658511090008205,0.04233548944092536,0.1597938144329897,0.02040649882574069,97,False
mt5,3,bertQPP(QV),14,0.15,0.27316060837452827,0.006786702914098343,0.20446735395189009,0.0030066996042901117,97,True
mt5,3,spatial,14,0.2,0.34848874088356996,0.0004686717663134937,0.22766323024054988,0.0009543472910132449,97,False
mt5,3,spatial,14,0.2,0.27209885834238434,0.0070136753239609575,0.20403780068728525,0.00306822352558543,97,True
mt5,3,a_ratio,14,0.2,0.10535842164040932,0.30438745242776505,-0.005584192439862544,0.9354157588836661,97,False
mt5,3,a_ratio,14,0.2,0.15725390140297643,0.12397986283714107,0.05283505154639176,0.4432621351071514,97,True
mt5,3,nqc,14,0.2,0.36993298849082507,0.00019193833219024455,0.23840206185567014,0.0005412133012575864,97,False
mt5,3,nqc,14,0.2,0.3947921490165962,6.289896461290556e-05,0.2620274914089347,0.00014335046231608574,97,True
mt5,3,bertQPP,14,0.2,0.2877670182638452,0.004261120819544193,0.21649484536082478,0.0016803624081385136,97,False
mt5,3,bertQPP,14,0.2,0.3313873185665258,0.0009141751732692253,0.2491408934707904,0.00029998189638302743,97,True
mt5,3,bertQPP(QV),14,0.2,0.22994500696610562,0.023464271712923715,0.17396907216494847,0.011586707769612953,97,False
mt5,3,bertQPP(QV),14,0.2,0.29368500164435013,0.003504382869350024,0.21262886597938147,0.002032205430312129,97,True
mt5,3,spatial,14,0.25,0.35528775162587567,0.0003555297141254779,0.23453608247422683,0.0006655682797928671,97,False
mt5,3,spatial,14,0.25,0.2742527033438311,0.0065600443322998405,0.20790378006872856,0.0025535840012904936,97,True
mt5,3,a_ratio,14,0.25,0.10778901549154973,0.2933036481151754,-0.0034364261168384883,0.9602288348688062,97,False
mt5,3,a_ratio,14,0.25,0.15974336657118945,0.1180646444221257,0.057130584192439875,0.4070878413580533,97,True
mt5,3,nqc,14,0.25,0.361911181042506,0.00027001136943974644,0.23539518900343648,0.0006358327263393619,97,False
mt5,3,nqc,14,0.25,0.38824427848590276,8.512299238330673e-05,0.26159793814432997,0.00014700123564547276,97,True
mt5,3,bertQPP,14,0.25,0.3081255602530497,0.0021376186979062024,0.22465635738831619,0.0011140538745299275,97,False
mt5,3,bertQPP,14,0.25,0.3476886952939189,0.000483963687479135,0.2628865979381444,0.00013630357600274067,97,True
mt5,3,bertQPP(QV),14,0.25,0.25343459124947065,0.012254886484038783,0.17697594501718217,0.010225152665271457,97,False
mt5,3,bertQPP(QV),14,0.25,0.31315133841428966,0.0017892688860908985,0.2177835051546392,0.0015761513468118154,97,True
mt5,3,spatial,14,0.3,0.3593799077528007,0.00030016126528462246,0.23625429553264607,0.0006073368350083252,97,False
mt5,3,spatial,14,0.3,0.27665780412077323,0.006084352327784322,0.209192439862543,0.002400428947085522,97,True
mt5,3,a_ratio,14,0.3,0.11055996394593239,0.2809969709380806,0.00042955326460481104,0.9950265761177077,97,False
mt5,3,a_ratio,14,0.3,0.16257021540051078,0.11161458898545495,0.06357388316151204,0.356252805453549,97,True
mt5,3,nqc,14,0.3,0.3545622860561652,0.0003662750996627375,0.2298109965635739,0.0008535554716530555,97,False
mt5,3,nqc,14,0.3,0.38194853884473856,0.00011319118635879363,0.25902061855670105,0.00017081103710396531,97,True
mt5,3,bertQPP,14,0.3,0.3272546746212889,0.0010683218850263724,0.23582474226804126,0.000621432826309228,97,False
mt5,3,bertQPP,14,0.3,0.3624344666384041,0.00026413792606545366,0.2633161512027492,0.000132903765324325,97,True
mt5,3,bertQPP(QV),14,0.3,0.27622692995634723,0.006167254990134187,0.1898625429553265,0.005867063974983271,97,False
mt5,3,bertQPP(QV),14,0.3,0.330950491182077,0.0009294518850989757,0.2203608247422681,0.0013853583021557498,97,True
mt5,3,spatial,14,0.35,0.3611879984373398,0.0002783268872981563,0.23711340206185572,0.000580033168540485,97,False
mt5,3,spatial,14,0.35,0.2793593475486614,0.005586707913771618,0.21219931271477666,0.0020752134680172376,97,True
mt5,3,a_ratio,14,0.35,0.11374730670362022,0.267273570511077,0.0017182130584192442,0.9801082366692063,97,False
mt5,3,a_ratio,14,0.35,0.16580713786471593,0.1045686438046036,0.06743986254295534,0.3277635503646662,97,True
mt5,3,nqc,14,0.35,0.3483399953379464,0.000471480851757838,0.22680412371134026,0.0009976667225656776,97,False
mt5,3,nqc,14,0.35,0.3764954774012645,0.00014421260126285267,0.2530068728522337,0.00024121095691616908,97,True
mt5,3,bertQPP,14,0.35,0.34430368285143764,0.0005538656697343045,0.24699312714776633,0.0003381788389163567,97,False
mt5,3,bertQPP,14,0.35,0.375142987110699,0.00015304096106335177,0.26975945017182135,9.058641607986754e-05,97,True
mt5,3,bertQPP(QV),14,0.35,0.29736584168679664,0.003096747071781309,0.20017182130584193,0.0036758280937195186,97,False
mt5,3,bertQPP(QV),14,0.35,0.3465235877584804,0.0005070534450694037,0.23238831615120278,0.0007456571945733053,97,True
mt5,3,spatial,14,0.4,0.36115613396628954,0.0002786986559847055,0.23410652920962205,0.0006809162092632265,97,False
mt5,3,spatial,14,0.4,0.28241349262715476,0.005067917869022208,0.21391752577319592,0.001908041073171658,97,True
mt5,3,a_ratio,14,0.4,0.11745122591992765,0.25190473155657855,0.005154639175257733,0.940374133088132,97,False
mt5,3,a_ratio,14,0.4,0.16954897874949004,0.09686215706927631,0.06829896907216496,0.32163912125241456,97,True
mt5,3,nqc,14,0.4,0.34315816964809304,0.0005795412240351442,0.22293814432989695,0.0012160687743494618,97,False
mt5,3,nqc,14,0.4,0.37189130422337663,0.00017635480226629646,0.2517182130584193,0.00025948171452482385,97,True
mt5,3,bertQPP,14,0.4,0.3584677899727393,0.0003117650702183291,0.2530068728522337,0.00024121095691616908,97,False
mt5,3,bertQPP,14,0.4,0.3854173698640731,9.681219528869404e-05,0.2689003436426117,9.538240628081039e-05,97,True
mt5,3,bertQPP(QV),14,0.4,0.3158972632063267,0.0016214480182095714,0.21434707903780073,0.0018682268943729797,97,False
mt5,3,bertQPP(QV),14,0.4,0.35943532925585053,0.0002994691942389125,0.24742268041237117,0.00033019314561040996,97,True
mt5,3,spatial,14,0.45,0.3597031920608439,0.0002961449634257948,0.23496563573883167,0.0006505425158083947,97,False
mt5,3,spatial,14,0.45,0.28589062880882676,0.004529813202038433,0.21477663230240554,0.0018291772025326055,97,True
mt5,3,a_ratio,14,0.45,0.1218062707511383,0.2346238027298745,0.013745704467353953,0.841898479106889,97,False
mt5,3,a_ratio,14,0.45,0.1739216898018971,0.08843063373466668,0.06958762886597938,0.3125934883665836,97,True
mt5,3,nqc,14,0.45,0.3388345607799651,0.0006865852730094541,0.2169243986254296,0.001644941169576058,97,False
mt5,3,nqc,14,0.45,0.3680132415679244,0.0002084422908442034,0.24871134020618557,0.00030728207639036943,97,True
mt5,3,bertQPP,14,0.45,0.3691257244324526,0.00019872529777631933,0.2594501718213059,0.00016660580916833792,97,False
mt5,3,bertQPP,14,0.45,0.39299621119651607,6.838476854218356e-05,0.27577319587628873,6.286763010435062e-05,97,True
mt5,3,bertQPP(QV),14,0.45,0.3310365410602661,0.0009264242689716871,0.22465635738831619,0.0011140538745299275,97,False
mt5,3,bertQPP(QV),14,0.45,0.36943051649740194,0.00019613714520020032,0.25601374570446744,0.000203164735220203,97,True
mt5,3,spatial,14,0.5,0.35719651467606905,0.0003286282003498978,0.2328178694158076,0.0007289565212236814,97,False
mt5,3,spatial,14,0.5,0.2898796633138343,0.00397569617312785,0.21391752577319592,0.001908041073171658,97,True
mt5,3,a_ratio,14,0.5,0.12699712247575398,0.2151278161754782,0.017611683848797254,0.7982864258103413,97,False
mt5,3,a_ratio,14,0.5,0.17909587019445872,0.07921748873223089,0.07517182130584193,0.27534857568608007,97,True
mt5,3,nqc,14,0.5,0.3351982476645885,0.0007902964215125076,0.21649484536082478,0.0016803624081385136,97,False
mt5,3,nqc,14,0.5,0.3647288856197324,0.00023975020547508836,0.24656357388316158,0.0003463449485504128,97,True
mt5,3,bertQPP,14,0.5,0.37595350281654016,0.00014769208229749257,0.2624570446735396,0.00013978519828252247,97,False
mt5,3,bertQPP,14,0.5,0.3977846609301061,5.465955261801664e-05,0.2869415807560138,3.1293082627690314e-05,97,True
mt5,3,bertQPP(QV),14,0.5,0.34231545794861,0.0005991209928469258,0.22938144329896912,0.0008728876884960134,97,False
mt5,3,bertQPP(QV),14,0.5,0.37645789696530657,0.00014445139515907482,0.2676116838487973,0.00010302809096628477,97,True
mt5,3,spatial,14,0.55,0.35394178379331775,0.00037570201407067215,0.23324742268041243,0.0007126038672884247,97,False
mt5,3,spatial,14,0.55,0.29449353127545463,0.0034109357166955422,0.21434707903780073,0.0018682268943729797,97,True
mt5,3,a_ratio,14,0.55,0.1332836150599966,0.19309101425021008,0.02448453608247423,0.7223661580007107,97,False
mt5,3,a_ratio,14,0.55,0.18530776547817907,0.06918908493350713,0.08290378006872855,0.22896569995644822,97,True
mt5,3,nqc,14,0.55,0.33211023376769266,0.0008893956634679834,0.21219931271477666,0.0020752134680172376,97,False
mt5,3,nqc,14,0.55,0.36192473788362167,0.0002698576974268207,0.24570446735395193,0.0003632334933323789,97,True
mt5,3,bertQPP,14,0.55,0.3789719109436234,0.00012925924306738656,0.26975945017182135,9.058641607986754e-05,97,False
mt5,3,bertQPP,14,0.55,0.39985779456198106,4.9554058032262854e-05,0.29596219931271484,1.7489373396802984e-05,97,True
mt5,3,bertQPP(QV),14,0.55,0.3496515943909576,0.00044723499521544745,0.24312714776632308,0.0004186340215940853,97,False
mt5,3,bertQPP(QV),14,0.55,0.38065652197437594,0.0001199232333104397,0.27577319587628873,6.286763010435062e-05,97,True
mt5,3,spatial,14,0.6,0.3501835335274246,0.00043773230794656086,0.22809278350515466,0.000933347093157991,97,False
mt5,3,spatial,14,0.6,0.29987585007970113,0.0028437216514141397,0.21606529209621997,0.0017164841150655054,97,True
mt5,3,a_ratio,14,0.6,0.14104169446237186,0.1682061152183239,0.03436426116838488,0.6180159506334773,97,False
mt5,3,a_ratio,14,0.6,0.19289268117596822,0.0583627756552895,0.0850515463917526,0.21713063766326968,97,True
mt5,3,nqc,14,0.6,0.32946204878280644,0.0009832697707828502,0.209192439862543,0.002400428947085522,97,False
mt5,3,nqc,14,0.6,0.3595096517208789,0.00029854340733405897,0.2452749140893471,0.0003719636432157586,97,True
mt5,3,bertQPP,14,0.6,0.37851231479861963,0.00013192086743474044,0.26975945017182135,9.058641607986754e-05,97,False
mt5,3,bertQPP,14,0.6,0.3994368881116854,5.0553173635554125e-05,0.2946735395189004,1.9024215360256178e-05,97,True
mt5,3,bertQPP(QV),14,0.6,0.35331745548850274,0.00038541183639967543,0.2491408934707904,0.00029998189638302743,97,False
mt5,3,bertQPP(QV),14,0.6,0.3823124550159547,0.00011135931781095732,0.2740549828178695,6.983500538924286e-05,97,True
mt5,3,spatial,14,0.65,0.3461114319493997,0.0005154604485130968,0.22680412371134026,0.0009976667225656776,97,False
mt5,3,spatial,14,0.65,0.30620762573528226,0.002285931829808656,0.21864261168384883,0.0015100189795415188,97,True
mt5,3,a_ratio,14,0.65,0.15083261154206087,0.14028722622979375,0.039948453608247426,0.5621188569054614,97,False
mt5,3,a_ratio,14,0.65,0.20233943684194208,0.0468572733378481,0.09450171821305844,0.17027316035268703,97,True
mt5,3,nqc,14,0.65,0.3271698647203293,0.0010717194177356025,0.20446735395189009,0.0030066996042901117,97,False
mt5,3,nqc,14,0.65,0.3574118765759071,0.00032571364370375457,0.24183848797250862,0.0004492042155364218,97,True
mt5,3,bertQPP,14,0.65,0.37512081831486044,0.00015318975051276083,0.2641752577319588,0.00012634244111771396,97,False
mt5,3,bertQPP,14,0.65,0.3968471010349375,5.712592229441748e-05,0.2908075601374571,2.4436082793239188e-05,97,True
mt5,3,bertQPP(QV),14,0.65,0.3538338892102428,0.00037736378814268623,0.2444158075601375,0.0003900155261817713,97,False
mt5,3,bertQPP(QV),14,0.65,0.38180134372650415,0.00011394004491221386,0.28049828178694164,4.694321427271648e-05,97,True
mt5,3,spatial,14,0.7,0.34186888852737873,0.0006097405433613784,0.21864261168384883,0.0015100189795415188,97,False
mt5,3,spatial,14,0.7,0.31370965349139657,0.0017539259055647427,0.23109965635738836,0.0007979153488644113,97,True
mt5,3,a_ratio,14,0.7,0.16352299869501336,0.10950338234617212,0.053264604810996576,0.43956407502839534,97,False
mt5,3,a_ratio,14,0.7,0.21438047877016975,0.034977993179380815,0.10266323024054985,0.13628751627610397,97,True
mt5,3,nqc,14,0.7,0.3251687431344764,0.0011547944646126376,0.20403780068728525,0.00306822352558543,97,False
mt5,3,nqc,14,0.7,0.35557509934712833,0.0003513543991416265,0.23883161512027495,0.0005288208236189078,97,True
mt5,3,bertQPP,14,0.7,0.3694411566460362,0.00019604735953994561,0.2564432989690722,0.00019821410424194529,97,False
mt5,3,bertQPP,14,0.7,0.3924687111231036,7.007876004599867e-05,0.28522336769759454,3.489551201397058e-05,97,True
mt5,3,bertQPP(QV),14,0.7,0.3518383007932319,0.0004093443935679955,0.23711340206185572,0.000580033168540485,97,False
mt5,3,bertQPP(QV),14,0.7,0.37953248216213775,0.00012608027366938364,0.277491408934708,5.656185112022831e-05,97,True
mt5,3,spatial,14,0.75,0.33756190947273707,0.0007213749907888216,0.2130584192439863,0.0019900166497547295,97,False
mt5,3,spatial,14,0.75,0.32262609522357666,0.0012687866079986664,0.23152920962199317,0.0007801296905645403,97,True
mt5,3,a_ratio,14,0.75,0.18049469305075563,0.07686339708527712,0.07001718213058421,0.30961588134500106,97,False
mt5,3,a_ratio,14,0.75,0.23013897184860377,0.023344217640531326,0.12285223367697597,0.07463114343880432,97,True
mt5,3,nqc,14,0.75,0.32340800530620734,0.0012326885079142075,0.2018900343642612,0.0033934144348203364,97,False
mt5,3,nqc,14,0.75,0.353954938138526,0.00037549987407570396,0.2366838487972509,0.0005935388745829456,97,True
mt5,3,bertQPP,14,0.75,0.3621131786896347,0.00026772998517057226,0.24699312714776633,0.0003381788389163567,97,False
mt5,3,bertQPP,14,0.75,0.38669274923753305,9.136519838868199e-05,0.2744845360824743,6.802769792638233e-05,97,True
mt5,3,bertQPP(QV),14,0.75,0.3479720421303329,0.00047849624437132284,0.2328178694158076,0.0007289565212236814,97,False
mt5,3,bertQPP(QV),14,0.75,0.37590470584316144,0.00014800914584987672,0.2719072164948454,7.957359852373424e-05,97,True
mt5,3,spatial,14,0.8,0.33326713779849415,0.0008510123692146572,0.20618556701030932,0.0027716955730928564,97,False
mt5,3,spatial,14,0.8,0.3331429939920011,0.0008550575165571328,0.2392611683848798,0.0005166931871154039,97,True
mt5,3,a_ratio,14,0.8,0.20398617562979127,0.04505811912419797,0.09278350515463919,0.1781756748775648,97,False
mt5,3,a_ratio,14,0.8,0.25134125112632355,0.013015817958140689,0.1365979381443299,0.04745794602168577,97,True
mt5,3,nqc,14,0.8,0.3218477278671816,0.0013056723739011298,0.2014604810996564,0.0034621026042757834,97,False
mt5,3,nqc,14,0.8,0.35251615859455987,0.0003982120895044254,0.23582474226804126,0.000621432826309228,97,True
mt5,3,bertQPP,14,0.8,0.35370578238791284,0.00037934564544335404,0.23883161512027495,0.0005288208236189078,97,False
mt5,3,bertQPP,14,0.8,0.3798875722597342,0.00012410425451806726,0.272766323024055,7.553337506197832e-05,97,True
mt5,3,bertQPP(QV),14,0.8,0.3428078298876632,0.0005876087843510678,0.22336769759450176,0.0011897860106094835,97,False
mt5,3,bertQPP(QV),14,0.8,0.3712778505576958,0.00018110573797088013,0.2676116838487973,0.00010302809096628477,97,True
mt5,3,spatial,14,0.85,0.329038659754142,0.0009990887522265516,0.2053264604810997,0.002887015591872923,97,False
mt5,3,spatial,14,0.85,0.34509538669822765,0.0005367343138048589,0.24957044673539522,0.00029284438819506046,97,True
mt5,3,a_ratio,14,0.85,0.2374113167645819,0.019206373122814296,0.12757731958762888,0.06412770883743656,97,False
mt5,3,a_ratio,14,0.85,0.28042886930205874,0.00539990377961928,0.16537800687285226,0.016403064445582434,97,True
mt5,3,nqc,14,0.85,0.3204561441175457,0.0013740527503888415,0.2018900343642612,0.0033934144348203364,97,False
mt5,3,nqc,14,0.85,0.3512305486330227,0.0004195678245697442,0.2336769759450172,0.0006965926026270434,97,True
mt5,3,bertQPP,14,0.85,0.344685286987184,0.0005455466884402039,0.23152920962199317,0.0007801296905645403,97,False
mt5,3,bertQPP,14,0.85,0.3723782246000426,0.00017266619603753067,0.2607388316151203,0.0001545669713814958,97,True
mt5,3,bertQPP(QV),14,0.85,0.3368166056339289,0.0007424897453863615,0.22336769759450176,0.0011897860106094835,97,False
mt5,3,bertQPP(QV),14,0.85,0.365958551082115,0.00022755241544937863,0.25859106529209624,0.00017511595223064058,97,True
mt5,3,spatial,14,0.9,0.3249135199269511,0.0011658007409586092,0.20704467353951894,0.0026605976928076114,97,False
mt5,3,spatial,14,0.9,0.35700929259528363,0.0003311814262997194,0.25601374570446744,0.000203164735220203,97,True
mt5,3,a_ratio,14,0.9,0.28374945427340204,0.004854788465378652,0.15420962199312716,0.025236989773183314,97,False
mt5,3,a_ratio,14,0.9,0.31919609599972987,0.0014387564533469626,0.1941580756013746,0.0048406217198878375,97,True
mt5,3,nqc,14,0.9,0.31920772472807185,0.0014381468917039556,0.20017182130584193,0.0036758280937195186,97,False
mt5,3,nqc,14,0.9,0.3500753172158555,0.00043965034862627827,0.2336769759450172,0.0006965926026270434,97,True
mt5,3,bertQPP,14,0.9,0.33541030202316063,0.0007838761643850344,0.21821305841924402,0.0015427588468996702,97,False
mt5,3,bertQPP,14,0.9,0.36443711117447936,0.00024273175472962904,0.2512886597938145,0.00026585493232954136,97,True
mt5,3,bertQPP(QV),14,0.9,0.3303626365620486,0.0009503777102268847,0.2130584192439863,0.0019900166497547295,97,False
mt5,3,bertQPP(QV),14,0.9,0.36019675880108454,0.00029010861328702654,0.25042955326460486,0.0002790440350017295,97,True
mt5,3,spatial,14,0.95,0.3209160616614483,0.0013511016924360776,0.20103092783505158,0.0035320539175627825,97,False
mt5,3,spatial,14,0.95,0.3632608128080353,0.0002551024512232042,0.2530068728522337,0.00024121095691616908,97,True
mt5,3,a_ratio,14,0.95,0.3305734808992421,0.0009428234084550466,0.19587628865979384,0.004477722918252414,97,False
mt5,3,a_ratio,14,0.95,0.3584009387031242,0.0003126315876216285,0.22079037800687287,0.0013557124652369783,97,True
mt5,3,nqc,14,0.95,0.3180817553162499,0.0014982675406847855,0.19888316151202753,0.0039014834427261624,97,False
mt5,3,nqc,14,0.95,0.3490318901600314,0.00045854427537129317,0.2328178694158076,0.0007289565212236814,97,True
mt5,3,bertQPP,14,0.95,0.3261420504277622,0.0011136833629997265,0.209192439862543,0.002400428947085522,97,False
mt5,3,bertQPP,14,0.95,0.3562829724066987,0.00034126040923084135,0.24012027491408938,0.0004932117335580638,97,True
mt5,3,bertQPP(QV),14,0.95,0.3237143250283793,0.0012188030827452317,0.21134020618556704,0.0021637443470699886,97,False
mt5,3,bertQPP(QV),14,0.95,0.35418898737217236,0.0003719199732245951,0.2405498281786942,0.0004818477915141724,97,True
mt5,3,spatial,14,1.0,0.3170612748583904,0.0015547143122953664,0.19888316151202753,0.0039014834427261624,97,False
mt5,3,spatial,14,1.0,0.3480850012173346,0.0004763324424588127,0.23024054982817874,0.0008346209629654949,97,True
mt5,3,a_ratio,14,1.0,0.3170612748583904,0.0015547143122953664,0.19888316151202753,0.0039014834427261624,97,False
mt5,3,a_ratio,14,1.0,0.3480850012173346,0.0004763324424588127,0.23024054982817874,0.0008346209629654949,97,True
mt5,3,nqc,14,1.0,0.3170612748583904,0.0015547143122953664,0.19888316151202753,0.0039014834427261624,97,False
mt5,3,nqc,14,1.0,0.3480850012173346,0.0004763324424588127,0.23024054982817874,0.0008346209629654949,97,True
mt5,3,bertQPP,14,1.0,0.3170612748583904,0.0015547143122953664,0.19888316151202753,0.0039014834427261624,97,False
mt5,3,bertQPP,14,1.0,0.3480850012173346,0.0004763324424588127,0.23024054982817874,0.0008346209629654949,97,True
mt5,3,bertQPP(QV),14,1.0,0.3170612748583904,0.0015547143122953664,0.19888316151202753,0.0039014834427261624,97,False
mt5,3,bertQPP(QV),14,1.0,0.3480850012173346,0.0004763324424588127,0.23024054982817874,0.0008346209629654949,97,True
mt5,3,spatial,15,0.0,0.2902846878374204,0.003922970004373455,0.18084192439862545,0.008684754281086702,97,False
mt5,3,spatial,15,0.0,0.26535429986624426,0.008618538984371022,0.202319587628866,0.003325969220576063,97,True
mt5,3,a_ratio,15,0.0,0.09803737257445763,0.3394043292597756,-0.013316151202749144,0.846776975027774,97,False
mt5,3,a_ratio,15,0.0,0.14969969433654243,0.14332557850539354,0.036512027491408944,0.5962292897960457,97,True
mt5,3,nqc,15,0.0,0.15442839842392095,0.13096637688415508,-0.07946735395189004,0.2488442983857856,97,False
mt5,3,nqc,15,0.0,0.15472678452241714,0.13021468015154855,-0.0734536082474227,0.28647120739097054,97,True
mt5,3,bertQPP,15,0.0,0.20736116382374883,0.04154956735525624,0.16838487972508595,0.01454739544260673,97,False
mt5,3,bertQPP,15,0.0,0.26026210183363074,0.010036014791192966,0.21434707903780073,0.0018682268943729797,97,True
mt5,3,bertQPP(QV),15,0.0,0.1425608869433298,0.16362395549528624,0.11984536082474227,0.08201867152410211,97,False
mt5,3,bertQPP(QV),15,0.0,0.2107320277065453,0.03827554609004534,0.17353951890034366,0.011793812186781842,97,True
mt5,3,spatial,15,0.05,0.3096628801118174,0.0020250693364410274,0.19201030927835053,0.00533157487845821,97,False
mt5,3,spatial,15,0.05,0.26682155659797074,0.008244251276025577,0.2014604810996564,0.0034621026042757834,97,True
mt5,3,a_ratio,15,0.05,0.09959285125538071,0.33175956645939675,-0.01202749140893471,0.8614470077832815,97,False
mt5,3,a_ratio,15,0.05,0.15130957017201413,0.13902276211780934,0.03951890034364262,0.5663306621908052,97,True
mt5,3,nqc,15,0.05,0.30705138337829024,0.002219577933200474,0.24484536082474234,0.00038088964117221485,97,False
mt5,3,nqc,15,0.05,0.32209514652517557,0.0012938433095496828,0.2676116838487973,0.00010302809096628477,97,True
mt5,3,bertQPP,15,0.05,0.2265469816206711,0.02565457977887366,0.17482817869415812,0.011182156616858724,97,False
mt5,3,bertQPP,15,0.05,0.278232781433445,0.005789659410085108,0.2255154639175258,0.0010660691222714972,97,True
mt5,3,bertQPP(QV),15,0.05,0.16273178430664106,0.11125437127027975,0.13487972508591067,0.050317249987351625,97,False
mt5,3,bertQPP(QV),15,0.05,0.23136565612688492,0.02259705218409346,0.19458762886597944,0.004747484369155047,97,True
mt5,3,spatial,15,0.1,0.32619722968775616,0.0011113930547601196,0.209192439862543,0.002400428947085522,97,False
mt5,3,spatial,15,0.1,0.26842923926218454,0.007850643951923713,0.20317869415807563,0.0031947282487263706,97,True
mt5,3,a_ratio,15,0.1,0.10131925541044072,0.32340406048675596,-0.009879725085910654,0.886001161240211,97,False
mt5,3,a_ratio,15,0.1,0.15309192087462198,0.13437393412162124,0.043814432989690726,0.5249088158491623,97,True
mt5,3,nqc,15,0.1,0.36990777736749825,0.000192147007693089,0.24570446735395193,0.0003632334933323789,97,False
mt5,3,nqc,15,0.1,0.389392949840994,8.075962090503361e-05,0.27061855670103097,8.601885162206065e-05,97,True
mt5,3,bertQPP,15,0.1,0.24672757320915198,0.014839458760256956,0.18427835051546396,0.0074933028749945285,97,False
mt5,3,bertQPP,15,0.1,0.29643416227171476,0.0031956900140229904,0.23754295532646055,0.0005668140402706258,97,True
mt5,3,bertQPP(QV),15,0.1,0.18435309325518545,0.07065990723996295,0.1439003436426117,0.036783724578164194,97,False
mt5,3,bertQPP(QV),15,0.1,0.2524763296888584,0.01259826307222462,0.202319587628866,0.003325969220576063,97,True
mt5,3,spatial,15,0.15,0.3395701501667159,0.0006671836203708898,0.2203608247422681,0.0013853583021557498,97,False
mt5,3,spatial,15,0.15,0.2701981485969204,0.0074367908452887595,0.2053264604810997,0.002887015591872923,97,True
mt5,3,a_ratio,15,0.15,0.1032462140394813,0.3142387695081379,-0.006443298969072166,0.9255067132095164,97,False
mt5,3,a_ratio,15,0.15,0.15507583323939753,0.12933954045762053,0.04596219931271478,0.5047955105031363,97,True
mt5,3,nqc,15,0.15,0.37871408507890963,0.0001307461740073206,0.24012027491408938,0.0004932117335580638,97,False
mt5,3,nqc,15,0.15,0.40076364510590756,4.746596437497305e-05,0.2680412371134021,0.00010041746330816103,97,True
mt5,3,bertQPP,15,0.15,0.2675970327259758,0.008052273918588706,0.20103092783505158,0.0035320539175627825,97,False
mt5,3,bertQPP,15,0.15,0.3145179506494204,0.001703876910153114,0.2439862542955327,0.0003993454119661632,97,True
mt5,3,bertQPP(QV),15,0.15,0.20718945453840237,0.04172240473715545,0.16022336769759454,0.02007078628569656,97,False
mt5,3,bertQPP(QV),15,0.15,0.27365042995647587,0.006684200300278019,0.20618556701030932,0.0027716955730928564,97,True
mt5,3,spatial,15,0.2,0.3497179353747202,0.0004460396103399665,0.2298109965635739,0.0008535554716530555,97,False
mt5,3,spatial,15,0.2,0.2721533060097157,0.007001874782461389,0.20403780068728525,0.00306822352558543,97,True
mt5,3,a_ratio,15,0.2,0.10541057181149815,0.30414680571034997,-0.006013745704467355,0.930459888527551,97,False
mt5,3,a_ratio,15,0.2,0.1572972678543768,0.12387490787595457,0.053694158075601385,0.43588378893929247,97,True
mt5,3,nqc,15,0.2,0.3729963354659549,0.00016808661455450068,0.23840206185567014,0.0005412133012575864,97,False
mt5,3,nqc,15,0.2,0.3970447886759102,5.6597408294406856e-05,0.2641752577319588,0.00012634244111771396,97,True
mt5,3,bertQPP,15,0.2,0.2886884775389913,0.004134453779719585,0.2169243986254296,0.001644941169576058,97,False
mt5,3,bertQPP,15,0.2,0.3320558600443776,0.0008912379125563161,0.2491408934707904,0.00029998189638302743,97,True
mt5,3,bertQPP(QV),15,0.2,0.2308222723589977,0.02292546174289175,0.17482817869415812,0.011182156616858724,97,False
mt5,3,bertQPP(QV),15,0.2,0.29437041894804794,0.003425018986546763,0.2134879725085911,0.0019486331283160838,97,True
mt5,3,spatial,15,0.25,0.3568041366251939,0.00033400018961655085,0.23711340206185572,0.000580033168540485,97,False
mt5,3,spatial,15,0.25,0.2743250442176462,0.0065452697369430615,0.20790378006872856,0.0025535840012904936,97,True
mt5,3,a_ratio,15,0.25,0.10785870781981628,0.2929898247251526,-0.0034364261168384883,0.9602288348688062,97,False
mt5,3,a_ratio,15,0.25,0.15980119578229807,0.11792987272390713,0.057130584192439875,0.4070878413580533,97,True
mt5,3,nqc,15,0.25,0.3650439936874513,0.0002365682171052891,0.2379725085910653,0.0005538759115824682,97,False
mt5,3,nqc,15,0.25,0.3905531978473256,7.656419063811477e-05,0.2641752577319588,0.00012634244111771396,97,True
mt5,3,bertQPP,15,0.25,0.3093631693904434,0.0020465822778045033,0.2255154639175258,0.0010660691222714972,97,False
mt5,3,bertQPP,15,0.25,0.3485585977987923,0.00046735781575130353,0.2628865979381444,0.00013630357600274067,97,True
mt5,3,bertQPP(QV),15,0.25,0.2546211270849691,0.01184104061896905,0.17740549828178698,0.010042744211065484,97,False
mt5,3,bertQPP(QV),15,0.25,0.31404362929722474,0.0017330873836645356,0.21864261168384883,0.0015100189795415188,97,True
mt5,3,spatial,15,0.3,0.36115708439726985,0.00027868756050840673,0.23582474226804126,0.000621432826309228,97,False
mt5,3,spatial,15,0.3,0.2767504365809374,0.006066658859121136,0.20876288659793818,0.0024505203740822256,97,True
mt5,3,a_ratio,15,0.3,0.11064979972903237,0.28060384271877264,-0.00042955326460481104,0.9950265761177077,97,False
mt5,3,a_ratio,15,0.3,0.16264457454616382,0.1114486930212789,0.06400343642611686,0.3530123788503621,97,True
mt5,3,nqc,15,0.3,0.35771595599781714,0.00032163896756860213,0.23152920962199317,0.0007801296905645403,97,False
mt5,3,nqc,15,0.3,0.3842805508256145,0.00010192021027106968,0.26116838487972516,0.00015073942387955493,97,True
mt5,3,bertQPP,15,0.3,0.32883380917442745,0.0010068254539831077,0.23539518900343648,0.0006358327263393619,97,False
mt5,3,bertQPP,15,0.3,0.3635119572262802,0.00025241342025797577,0.26374570446735396,0.00012958397281742168,97,True
mt5,3,bertQPP(QV),15,0.3,0.277752161749122,0.0058782156865959355,0.19072164948453613,0.005647306460207743,97,False
mt5,3,bertQPP(QV),15,0.3,0.332055116088261,0.0008912631428304564,0.2212199312714777,0.001326652810302692,97,True
mt5,3,spatial,15,0.35,0.36319551915463605,0.00025580587409650943,0.2405498281786942,0.0004818477915141724,97,False
mt5,3,spatial,15,0.35,0.27947518328142507,0.005566202503105118,0.21219931271477666,0.0020752134680172376,97,True
mt5,3,a_ratio,15,0.35,0.11386050925563738,0.26679465529717433,0.00042955326460481104,0.9950265761177077,97,False
mt5,3,a_ratio,15,0.35,0.16590056835576544,0.10437055553005639,0.06743986254295534,0.3277635503646662,97,True
mt5,3,nqc,15,0.35,0.3514950792831011,0.00041508946853014816,0.22809278350515466,0.000933347093157991,97,False
mt5,3,nqc,15,0.35,0.37883615183392727,0.0001300402258412853,0.25601374570446744,0.000203164735220203,97,True
mt5,3,bertQPP,15,0.35,0.3462356741026487,0.0005129128392692598,0.24613402061855674,0.00035469522611087794,97,False
mt5,3,bertQPP,15,0.35,0.37642785224572806,0.0001446425690421259,0.27018900343642616,8.827472841766767e-05,97,True
mt5,3,bertQPP(QV),15,0.35,0.2992454086150871,0.0029054634881210315,0.20060137457044677,0.0036032888355043277,97,False
mt5,3,bertQPP(QV),15,0.35,0.3478386633896964,0.00048106281108153395,0.23453608247422683,0.0006655682797928671,97,True
mt5,3,spatial,15,0.4,0.3633625075184394,0.0002540104258133717,0.2366838487972509,0.0005935388745829456,97,False
mt5,3,spatial,15,0.4,0.2825561128556395,0.005044775100844949,0.21434707903780073,0.0018682268943729797,97,True
mt5,3,a_ratio,15,0.4,0.11759185468912936,0.25133341875320775,0.005154639175257733,0.940374133088132,97,False
mt5,3,a_ratio,15,0.4,0.16966465204808784,0.09663124711743211,0.06786941580756015,0.3246919364895129,97,True
mt5,3,nqc,15,0.4,0.3463068081571842,0.0005114594260936927,0.22336769759450176,0.0011897860106094835,97,False
mt5,3,nqc,15,0.4,0.37423401952138174,0.00015925269765888265,0.25515463917525777,0.00021341645031147517,97,True
mt5,3,bertQPP,15,0.4,0.3607448769390754,0.00028353813846756945,0.25515463917525777,0.00021341645031147517,97,False
mt5,3,bertQPP,15,0.4,0.38690214646380244,9.049859347098583e-05,0.2714776632302406,8.166950933778078e-05,97,True
mt5,3,bertQPP(QV),15,0.4,0.31812689629101637,0.0014958140806634595,0.21649484536082478,0.0016803624081385136,97,False
mt5,3,bertQPP(QV),15,0.4,0.360951027304502,0.0002811026541733289,0.24871134020618557,0.00030728207639036943,97,True
mt5,3,spatial,15,0.45,0.3620781210148294,0.00026812465100850373,0.23625429553264607,0.0006073368350083252,97,False
mt5,3,spatial,15,0.45,0.2860645040048519,0.004504294937893888,0.21477663230240554,0.0018291772025326055,97,True
mt5,3,a_ratio,15,0.45,0.12197953536918742,0.23395381446202698,0.013316151202749144,0.846776975027774,97,False
mt5,3,a_ratio,15,0.45,0.17406363224447605,0.08816702291216637,0.07044673539518902,0.3066570724911982,97,True
mt5,3,nqc,15,0.45,0.341973768284172,0.0006072310999090234,0.21993127147766325,0.0014156009702633058,97,False
mt5,3,nqc,15,0.45,0.37035487140159346,0.00018847730647027913,0.2517182130584193,0.00025948171452482385,97,True
mt5,3,bertQPP,15,0.45,0.37171910047039525,0.00017767666914834016,0.26116838487972516,0.00015073942387955493,97,False
mt5,3,bertQPP,15,0.45,0.3946663335135486,6.326950455968613e-05,0.279639175257732,4.952017035250988e-05,97,True
mt5,3,bertQPP(QV),15,0.45,0.3335892814208275,0.0008405968473398131,0.22379725085910657,0.0011640289366746655,97,False
mt5,3,bertQPP(QV),15,0.45,0.37112966619873117,0.00018227098176102583,0.2555841924398626,0.0002082313453780151,97,True
mt5,3,spatial,15,0.5,0.3597122893624744,0.0002960326635436674,0.23238831615120278,0.0007456571945733053,97,False
mt5,3,spatial,15,0.5,0.2900904694539521,0.003948174896353359,0.21434707903780073,0.0018682268943729797,97,True
mt5,3,a_ratio,15,0.5,0.12720985772352744,0.21435409737789904,0.017611683848797254,0.7982864258103413,97,False
mt5,3,a_ratio,15,0.5,0.17926929651921883,0.07892253193098249,0.07517182130584193,0.27534857568608007,97,True
mt5,3,nqc,15,0.5,0.33832717387787387,0.000700267194208743,0.21864261168384883,0.0015100189795415188,97,False
mt5,3,nqc,15,0.5,0.3670679642397458,0.00021704192758244964,0.2491408934707904,0.00029998189638302743,97,True
mt5,3,bertQPP,15,0.5,0.3788157829273287,0.00013015777903448158,0.2641752577319588,0.00012634244111771396,97,False
mt5,3,bertQPP,15,0.5,0.39961962234699444,5.0117127424343146e-05,0.288659793814433,2.804587392927909e-05,97,True
mt5,3,bertQPP(QV),15,0.5,0.34514399181987715,0.0005356985655135376,0.23238831615120278,0.0007456571945733053,97,False
mt5,3,bertQPP(QV),15,0.5,0.3783177009897204,0.0001330631605813601,0.26975945017182135,9.058641607986754e-05,97,True
mt5,3,spatial,15,0.55,0.35657396122882923,0.00033718899436557185,0.23410652920962205,0.0006809162092632265,97,False
mt5,3,spatial,15,0.55,0.29474861711127515,0.003381920496854497,0.21477663230240554,0.0018291772025326055,97,True
mt5,3,a_ratio,15,0.55,0.13354502524469086,0.1922114024413398,0.02405498281786942,0.7270405431127746,97,False
mt5,3,a_ratio,15,0.55,0.18551958967586754,0.06886611472616606,0.08290378006872855,0.22896569995644822,97,True
mt5,3,nqc,15,0.55,0.3352289761386316,0.0007893631060687909,0.21434707903780073,0.0018682268943729797,97,False
mt5,3,nqc,15,0.55,0.36426062394995573,0.0002445517955986401,0.24785223367697598,0.0003223841860548392,97,True
mt5,3,bertQPP,15,0.55,0.3820435893399643,0.00011271004483212714,0.27061855670103097,8.601885162206065e-05,97,False
mt5,3,bertQPP,15,0.55,0.4018330876277911,4.510649975193994e-05,0.2976804123711341,1.56256421584244e-05,97,True
mt5,3,bertQPP(QV),15,0.55,0.3526952915944212,0.0003953170875340714,0.24699312714776633,0.0003381788389163567,97,False
mt5,3,bertQPP(QV),15,0.55,0.38265094796857324,0.00010968016275689395,0.27620274914089354,6.123156446679978e-05,97,True
mt5,3,spatial,15,0.6,0.3529111038484562,0.00039185500888734993,0.23238831615120278,0.0007456571945733053,97,False
mt5,3,spatial,15,0.6,0.3001849480452178,0.002813883183866953,0.21606529209621997,0.0017164841150655054,97,True
mt5,3,a_ratio,15,0.6,0.1413645696044467,0.16722441885078657,0.03479381443298969,0.6136308097551222,97,False
mt5,3,a_ratio,15,0.6,0.19315232836468926,0.05801821895849981,0.08591065292096221,0.2125219840325313,97,True
mt5,3,nqc,15,0.6,0.33257111286052626,0.0008739194489207526,0.21091065292096223,0.002209296231634933,97,False
mt5,3,nqc,15,0.6,0.36184212471845123,0.00027079540291676245,0.24699312714776633,0.0003381788389163567,97,True
mt5,3,bertQPP,15,0.6,0.3817300997055928,0.00011430414947744544,0.27018900343642616,8.827472841766767e-05,97,False
mt5,3,bertQPP,15,0.6,0.40152627762451193,4.5771955576274866e-05,0.30068728522336774,1.2810804708658091e-05,97,True
mt5,3,bertQPP(QV),15,0.6,0.3565115713266715,0.0003380581472012114,0.2508591065292096,0.00027237466938260737,97,False
mt5,3,bertQPP(QV),15,0.6,0.3844147150890661,0.000101304608761098,0.27620274914089354,6.123156446679978e-05,97,True
mt5,3,spatial,15,0.65,0.34891666645717007,0.00046067577663131337,0.22895189003436428,0.0008926252002239728,97,False
mt5,3,spatial,15,0.65,0.3065839692613317,0.002256118019777401,0.21864261168384883,0.0015100189795415188,97,True
mt5,3,a_ratio,15,0.65,0.1512354138273251,0.13921878881337865,0.040807560137457045,0.5537409286316863,97,False
mt5,3,a_ratio,15,0.65,0.20266018986537346,0.0465022429739391,0.09664948453608249,0.16076803875264556,97,True
mt5,3,nqc,15,0.65,0.33026991134480516,0.000953717377624321,0.20661512027491413,0.0027156275780873427,97,False
mt5,3,nqc,15,0.65,0.3597409328997004,0.0002956793352141757,0.24355670103092786,0.0004088834881762593,97,True
mt5,3,bertQPP,15,0.65,0.3784252372117875,0.00013243084401464025,0.2654639175257732,0.00011707036468109733,97,False
mt5,3,bertQPP,15,0.65,0.39902475382651614,5.154964334492597e-05,0.2946735395189004,1.9024215360256178e-05,97,True
mt5,3,bertQPP(QV),15,0.65,0.3571178297897003,0.00032969904285668134,0.24613402061855674,0.00035469522611087794,97,False
mt5,3,bertQPP(QV),15,0.65,0.3839859648457322,0.0001032841026818381,0.2826460481099657,4.1045698019656674e-05,97,True
mt5,3,spatial,15,0.7,0.3447370199141706,0.0005444277684628627,0.2203608247422681,0.0013853583021557498,97,False
mt5,3,spatial,15,0.7,0.3141717959130801,0.0017251500564315543,0.23024054982817874,0.0008346209629654949,97,True
mt5,3,a_ratio,15,0.7,0.16403365166908257,0.10838472034264898,0.05283505154639176,0.4432621351071514,97,False
mt5,3,a_ratio,15,0.7,0.21478182396009632,0.03463027823234666,0.10395189003436428,0.13143701983340042,97,True
mt5,3,nqc,15,0.7,0.32826046868436587,0.0010287701184613302,0.20575601374570449,0.0028288190417010725,97,False
mt5,3,nqc,15,0.7,0.35790084560149643,0.00031918444521105723,0.2405498281786942,0.0004818477915141724,97,True
mt5,3,bertQPP,15,0.7,0.3727816598477522,0.00016966424671030432,0.2603092783505155,0.00015848586196658186,97,False
mt5,3,bertQPP,15,0.7,0.3947108382469788,6.313820163953026e-05,0.28651202749140897,3.215902329862323e-05,97,True
mt5,3,bertQPP(QV),15,0.7,0.35516096670322983,0.00035738644374332427,0.23883161512027495,0.0005288208236189078,97,False
mt5,3,bertQPP(QV),15,0.7,0.38177670565208527,0.00011406584000541324,0.28135738831615126,4.4493757835023985e-05,97,True
mt5,3,spatial,15,0.75,0.3404807461468982,0.0006438612390191468,0.21606529209621997,0.0017164841150655054,97,False
mt5,3,spatial,15,0.75,0.3232009778306561,0.0012421542792135107,0.23195876288659797,0.0007627126312502382,97,True
mt5,3,a_ratio,15,0.75,0.1811579206590037,0.07576702750571478,0.07087628865979383,0.3037170573623521,97,False
mt5,3,a_ratio,15,0.75,0.23065091359347178,0.023029869860211345,0.12285223367697597,0.07463114343880432,97,True
mt5,3,nqc,15,0.75,0.3264920858883912,0.001099227024617576,0.20317869415807563,0.0031947282487263706,97,False
mt5,3,nqc,15,0.75,0.356277533908214,0.0003413369318092197,0.23840206185567014,0.0005412133012575864,97,True
mt5,3,bertQPP,15,0.75,0.3654503275757778,0.00023252257778925295,0.24785223367697598,0.0003223841860548392,97,False
mt5,3,bertQPP,15,0.75,0.38897861990600746,8.230893933510419e-05,0.2770618556701031,5.80796004740303e-05,97,True
mt5,3,bertQPP(QV),15,0.75,0.35129392504749046,0.0004184908713440001,0.23496563573883167,0.0006505425158083947,97,False
mt5,3,bertQPP(QV),15,0.75,0.3781891942264469,0.00013382245543783105,0.27491408934707906,6.626470924810731e-05,97,True
mt5,3,spatial,15,0.8,0.3362266739009781,0.0007596015574542112,0.2096219931271478,0.002351276432455258,97,False
mt5,3,spatial,15,0.8,0.3338712708500432,0.0008315752274030851,0.23969072164948454,0.0005048251929224872,97,True
mt5,3,a_ratio,15,0.8,0.20487865718355014,0.044107230091920246,0.09235395189003438,0.18019329783502935,97,False
mt5,3,a_ratio,15,0.8,0.2520126788012692,0.012767392385447685,0.13745704467353953,0.04608031263937092,97,True
mt5,3,nqc,15,0.8,0.3249247949574413,0.0011653125082904123,0.20274914089347082,0.003259747042536618,97,False
mt5,3,nqc,15,0.8,0.3548357853169042,0.0003621895008686609,0.23754295532646055,0.0005668140402706258,97,True
mt5,3,bertQPP,15,0.8,0.3570111232243376,0.00033115637306409235,0.2392611683848798,0.0005166931871154039,97,False
mt5,3,bertQPP,15,0.8,0.3821999372227612,0.00011192274583303589,0.27534364261168387,6.454501938742568e-05,97,True
mt5,3,bertQPP(QV),15,0.8,0.34610066294251574,0.0005156818147519268,0.22422680412371138,0.0011387880187863695,97,False
mt5,3,bertQPP(QV),15,0.8,0.37358683511403634,0.00016381685656270806,0.26975945017182135,9.058641607986754e-05,97,True
mt5,3,spatial,15,0.85,0.33203071375295,0.0008920910765487265,0.20790378006872856,0.0025535840012904936,97,False
mt5,3,spatial,15,0.85,0.346040653206026,0.0005169169642457934,0.25042955326460486,0.0002790440350017295,97,True
mt5,3,a_ratio,15,0.85,0.2386737699100335,0.018556438664808772,0.12671821305841927,0.06594102788919391,97,False
mt5,3,a_ratio,15,0.85,0.2813441275982963,0.005244472187468365,0.16752577319587633,0.015057708996420909,97,True
mt5,3,nqc,15,0.85,0.32352677581915396,0.001227287684798786,0.20274914089347082,0.003259747042536618,97,False
mt5,3,nqc,15,0.85,0.35354739264262675,0.0003818092238785995,0.23496563573883167,0.0006505425158083947,97,True
mt5,3,bertQPP,15,0.85,0.347939871751806,0.00047911413652096987,0.2328178694158076,0.0007289565212236814,97,False
mt5,3,bertQPP,15,0.85,0.3747032890972717,0.00015601721169722862,0.2620274914089347,0.00014335046231608574,97,True
mt5,3,bertQPP(QV),15,0.85,0.34006168017174854,0.0006545001662785907,0.22293814432989695,0.0012160687743494618,97,False
mt5,3,bertQPP(QV),15,0.85,0.36827960853468245,0.00020607652935433017,0.26116838487972516,0.00015073942387955493,97,True
mt5,3,spatial,15,0.9,0.3279314162554214,0.0010415604948829126,0.2100515463917526,0.0023030471051788694,97,False
mt5,3,spatial,15,0.9,0.3582722933325574,0.0003143053179948826,0.25386597938144334,0.00022970863763271067,97,True
mt5,3,a_ratio,15,0.9,0.28563956499459164,0.00456688721322592,0.15635738831615123,0.02327305567367708,97,False
mt5,3,a_ratio,15,0.9,0.32050259071429826,0.001371718989340784,0.19630584192439868,0.0043909374810577745,97,True
mt5,3,nqc,15,0.9,0.32227244471803074,0.0012854266545061427,0.2014604810996564,0.0034621026042757834,97,False
mt5,3,nqc,15,0.9,0.3523895606543611,0.0004002698033799984,0.23496563573883167,0.0006505425158083947,97,True
mt5,3,bertQPP,15,0.9,0.3386026976857297,0.0006928069421065479,0.2212199312714777,0.001326652810302692,97,False
mt5,3,bertQPP,15,0.9,0.36676422430685224,0.00021987402901358353,0.25343642611683853,0.00023539388087640415,97,True
mt5,3,bertQPP(QV),15,0.9,0.33354868645772057,0.0008419029224361885,0.21606529209621997,0.0017164841150655054,97,False
mt5,3,bertQPP(QV),15,0.9,0.36252039085782584,0.00026318484073569907,0.2525773195876289,0.00024716269151633816,97,True
mt5,3,spatial,15,0.95,0.32395435904991404,0.0012080218891398974,0.2053264604810997,0.002887015591872923,97,False
mt5,3,spatial,15,0.95,0.364987740083145,0.00023713339619022445,0.25472508591065296,0.00021872261513442568,97,True
mt5,3,a_ratio,15,0.95,0.33336317359734635,0.0008478950925026684,0.19587628865979384,0.004477722918252414,97,False
mt5,3,a_ratio,15,0.95,0.3602908099577627,0.00028897130778174595,0.22207903780068733,0.0012702502748310276,97,True
mt5,3,nqc,15,0.95,0.32114103543277495,0.001340002161131237,0.20017182130584193,0.0036758280937195186,97,False
mt5,3,nqc,15,0.95,0.35134370631594347,0.00041764672192714424,0.23453608247422683,0.0006655682797928671,97,True
mt5,3,bertQPP,15,0.95,0.32926637785990726,0.0009905519933502973,0.2134879725085911,0.0019486331283160838,97,False
mt5,3,bertQPP,15,0.95,0.3586041777798302,0.00031000408707654547,0.24183848797250862,0.0004492042155364218,97,True
mt5,3,bertQPP(QV),15,0.95,0.32683551680923206,0.001085209615312699,0.21563573883161516,0.0017533187111864498,97,False
mt5,3,bertQPP(QV),15,0.95,0.35650813147424837,0.0003381061276776706,0.2439862542955327,0.0003993454119661632,97,True
mt5,3,spatial,15,1.0,0.32011553924728114,0.0013912772269909217,0.20060137457044677,0.0036032888355043277,97,False
mt5,3,spatial,15,1.0,0.350394552379103,0.00043401427085584403,0.23238831615120278,0.0007456571945733053,97,True
mt5,3,a_ratio,15,1.0,0.32011553924728114,0.0013912772269909217,0.20060137457044677,0.0036032888355043277,97,False
mt5,3,a_ratio,15,1.0,0.350394552379103,0.00043401427085584403,0.23238831615120278,0.0007456571945733053,97,True
mt5,3,nqc,15,1.0,0.32011553924728114,0.0013912772269909217,0.20060137457044677,0.0036032888355043277,97,False
mt5,3,nqc,15,1.0,0.350394552379103,0.00043401427085584403,0.23238831615120278,0.0007456571945733053,97,True
mt5,3,bertQPP,15,1.0,0.32011553924728114,0.0013912772269909217,0.20060137457044677,0.0036032888355043277,97,False
mt5,3,bertQPP,15,1.0,0.350394552379103,0.00043401427085584403,0.23238831615120278,0.0007456571945733053,97,True
mt5,3,bertQPP(QV),15,1.0,0.32011553924728114,0.0013912772269909217,0.20060137457044677,0.0036032888355043277,97,False
mt5,3,bertQPP(QV),15,1.0,0.350394552379103,0.00043401427085584403,0.23238831615120278,0.0007456571945733053,97,True
mt5,3,spatial,16,0.0,0.2902846878374204,0.003922970004373455,0.18084192439862545,0.008684754281086702,97,False
mt5,3,spatial,16,0.0,0.26535429986624426,0.008618538984371022,0.202319587628866,0.003325969220576063,97,True
mt5,3,a_ratio,16,0.0,0.09803737257445763,0.3394043292597756,-0.013316151202749144,0.846776975027774,97,False
mt5,3,a_ratio,16,0.0,0.14969969433654243,0.14332557850539354,0.036512027491408944,0.5962292897960457,97,True
mt5,3,nqc,16,0.0,0.15442839842392095,0.13096637688415508,-0.07946735395189004,0.2488442983857856,97,False
mt5,3,nqc,16,0.0,0.15472678452241714,0.13021468015154855,-0.0734536082474227,0.28647120739097054,97,True
mt5,3,bertQPP,16,0.0,0.20736116382374883,0.04154956735525624,0.16838487972508595,0.01454739544260673,97,False
mt5,3,bertQPP,16,0.0,0.26026210183363074,0.010036014791192966,0.21434707903780073,0.0018682268943729797,97,True
mt5,3,bertQPP(QV),16,0.0,0.1425608869433298,0.16362395549528624,0.11984536082474227,0.08201867152410211,97,False
mt5,3,bertQPP(QV),16,0.0,0.2107320277065453,0.03827554609004534,0.17353951890034366,0.011793812186781842,97,True
mt5,3,spatial,16,0.05,0.3097792644112386,0.0020167705774535518,0.19158075601374575,0.0054350017041903615,97,False
mt5,3,spatial,16,0.05,0.2668298562230682,0.008242175464175706,0.2014604810996564,0.0034621026042757834,97,True
mt5,3,a_ratio,16,0.05,0.0995991342155413,0.33172891122041,-0.01202749140893471,0.8614470077832815,97,False
mt5,3,a_ratio,16,0.05,0.15131575375324371,0.13900642574067118,0.03951890034364262,0.5663306621908052,97,True
mt5,3,nqc,16,0.05,0.30766497329612696,0.002172420891606416,0.24484536082474234,0.00038088964117221485,97,False
mt5,3,nqc,16,0.05,0.32270939985586705,0.0012648955254964222,0.2676116838487973,0.00010302809096628477,97,True
mt5,3,bertQPP,16,0.05,0.22662705458586363,0.02560103074282459,0.17482817869415812,0.011182156616858724,97,False
mt5,3,bertQPP,16,0.05,0.27831237398894193,0.00577510893724725,0.2255154639175258,0.0010660691222714972,97,True
mt5,3,bertQPP(QV),16,0.05,0.1628108713858131,0.11107837620467498,0.13487972508591067,0.050317249987351625,97,False
mt5,3,bertQPP(QV),16,0.05,0.23144736744494762,0.022548017307950193,0.19501718213058422,0.004655971971265852,97,True
mt5,3,spatial,16,0.1,0.3264259370733744,0.0011019457907655416,0.209192439862543,0.002400428947085522,97,False
mt5,3,spatial,16,0.1,0.268446678419562,0.007846466775832226,0.20317869415807563,0.0031947282487263706,97,True
mt5,3,a_ratio,16,0.1,0.10133251157321187,0.32334042966487575,-0.009879725085910654,0.886001161240211,97,False
mt5,3,a_ratio,16,0.1,0.1531049573264705,0.1343403729837746,0.043814432989690726,0.5249088158491623,97,True
mt5,3,nqc,16,0.1,0.3708505197107255,0.00018448490232258116,0.24742268041237117,0.00033019314561040996,97,False
mt5,3,nqc,16,0.1,0.3903175408914055,7.739954797740913e-05,0.27061855670103097,8.601885162206065e-05,97,True
mt5,3,bertQPP,16,0.1,0.24689427195889627,0.014769899327828814,0.18384879725085912,0.0076337511300162714,97,False
mt5,3,bertQPP,16,0.1,0.29659790969076755,0.003178097566587443,0.23754295532646055,0.0005668140402706258,97,True
mt5,3,bertQPP(QV),16,0.1,0.18451722411671098,0.07040525682196484,0.1439003436426117,0.036783724578164194,97,False
mt5,3,bertQPP(QV),16,0.1,0.252643773978655,0.012537664735501042,0.20317869415807563,0.0031947282487263706,97,True
mt5,3,spatial,16,0.15,0.3399057724791148,0.0006584991152210968,0.2203608247422681,0.0013853583021557498,97,False
mt5,3,spatial,16,0.15,0.2702257002061685,0.007430500158195879,0.20575601374570449,0.0028288190417010725,97,True
mt5,3,a_ratio,16,0.15,0.10326725317348018,0.3141396370377748,-0.006443298969072166,0.9255067132095164,97,False
mt5,3,a_ratio,16,0.15,0.155096505939144,0.1292878509324328,0.04596219931271478,0.5047955105031363,97,True
mt5,3,nqc,16,0.15,0.3797980740809385,0.00012459957148595725,0.2414089347079038,0.0004598488311252096,97,False
mt5,3,nqc,16,0.15,0.40181558444720783,4.514421913574844e-05,0.2680412371134021,0.00010041746330816103,97,True
mt5,3,bertQPP,16,0.15,0.2678562574681922,0.007988984263690851,0.20103092783505158,0.0035320539175627825,97,False
mt5,3,bertQPP,16,0.15,0.3147695077119622,0.0016885665923606803,0.2439862542955327,0.0003993454119661632,97,True
mt5,3,bertQPP(QV),16,0.15,0.2074437842560315,0.041466616954907484,0.16108247422680416,0.01941379508307944,97,False
mt5,3,bertQPP(QV),16,0.15,0.2739065173718457,0.0066311572392484305,0.20661512027491413,0.0027156275780873427,97,True
mt5,3,spatial,16,0.2,0.3501541858933307,0.0004382517083894218,0.2298109965635739,0.0008535554716530555,97,False
mt5,3,spatial,16,0.2,0.27219210533226534,0.006993476445260782,0.20403780068728525,0.00306822352558543,97,True
mt5,3,a_ratio,16,0.2,0.1054403522656504,0.30400943973878874,-0.006013745704467355,0.930459888527551,97,False
mt5,3,a_ratio,16,0.2,0.15732650154119038,0.12380419537310319,0.053694158075601385,0.43588378893929247,97,True
mt5,3,nqc,16,0.2,0.37414530479791236,0.00015987130132754241,0.23840206185567014,0.0005412133012575864,97,False
mt5,3,nqc,16,0.2,0.39815445455276394,5.37143507316589e-05,0.2654639175257732,0.00011707036468109733,97,True
mt5,3,bertQPP,16,0.2,0.28904490702653596,0.004086366655803061,0.2169243986254296,0.001644941169576058,97,False
mt5,3,bertQPP,16,0.2,0.33239761291481573,0.0008797164677198916,0.2491408934707904,0.00029998189638302743,97,True
mt5,3,bertQPP(QV),16,0.2,0.23117063217719455,0.022714454589393203,0.17611683848797252,0.010598840128977079,97,False
mt5,3,bertQPP(QV),16,0.2,0.2947166425881443,0.003385545335879682,0.21434707903780073,0.0018682268943729797,97,True
mt5,3,spatial,16,0.25,0.3573342088903511,0.00032676198798391073,0.23711340206185572,0.000580033168540485,97,False
mt5,3,spatial,16,0.25,0.2743764266335492,0.006534793503736534,0.20790378006872856,0.0025535840012904936,97,True
mt5,3,a_ratio,16,0.25,0.10789837488826916,0.29281130366764085,-0.0034364261168384883,0.9602288348688062,97,False
mt5,3,a_ratio,16,0.25,0.15984009241867886,0.1178392904626353,0.057130584192439875,0.4070878413580533,97,True
mt5,3,nqc,16,0.25,0.36622603473958343,0.000224976150770474,0.23840206185567014,0.0005412133012575864,97,False
mt5,3,nqc,16,0.25,0.3916923478249038,7.264310705843178e-05,0.26460481099656363,0.00012317744827931967,97,True
mt5,3,bertQPP,16,0.25,0.30981964592187405,0.002013898366113317,0.22637457044673542,0.0010200025736501021,97,False
mt5,3,bertQPP,16,0.25,0.34899134585452346,0.00045929326197823077,0.2628865979381444,0.00013630357600274067,97,True
mt5,3,bertQPP(QV),16,0.25,0.2550655289121227,0.011689209114744754,0.1778350515463918,0.009863239446727635,97,False
mt5,3,bertQPP(QV),16,0.25,0.3144798582139461,0.0017062062213739884,0.21864261168384883,0.0015100189795415188,97,True
mt5,3,spatial,16,0.3,0.36177390837799006,0.0002715719607011682,0.2366838487972509,0.0005935388745829456,97,False
mt5,3,spatial,16,0.3,0.2768159868641417,0.0060541658534259656,0.20876288659793818,0.0024505203740822256,97,True
mt5,3,a_ratio,16,0.3,0.11070073710903881,0.28038110024958063,-0.0008591065292096221,0.9900533454687662,97,False
mt5,3,a_ratio,16,0.3,0.16269446119063877,0.11133750281131743,0.06400343642611686,0.3530123788503621,97,True
mt5,3,nqc,16,0.3,0.35891634975140274,0.0003060078885789416,0.23324742268041243,0.0007126038672884247,97,False
mt5,3,nqc,16,0.3,0.3854362694314693,9.672932088299872e-05,0.2620274914089347,0.00014335046231608574,97,True
mt5,3,bertQPP,16,0.3,0.3293907965032111,0.000985915877896788,0.2366838487972509,0.0005935388745829456,97,False
mt5,3,bertQPP,16,0.3,0.3640347033674105,0.00024690000615831007,0.26503436426116844,0.00012008730713750342,97,True
mt5,3,bertQPP(QV),16,0.3,0.27829245832331095,0.005778746712619671,0.19158075601374575,0.0054350017041903615,97,False
mt5,3,bertQPP(QV),16,0.3,0.3325795377969224,0.0008736388423480957,0.2216494845360825,0.001298168853613724,97,True
mt5,3,spatial,16,0.35,0.3638919536995972,0.00024839445191167386,0.24097938144329903,0.0004707284379041492,97,False
mt5,3,spatial,16,0.35,0.2795568007672233,0.0055517946169663926,0.21262886597938147,0.002032205430312129,97,True
mt5,3,a_ratio,16,0.35,0.11392440927601734,0.26652457625718995,0.0008591065292096221,0.9900533454687662,97,False
mt5,3,a_ratio,16,0.35,0.16596306215293055,0.1042382220039081,0.06701030927835053,0.3308539585593422,97,True
mt5,3,nqc,16,0.35,0.3527063802686137,0.00039513851895465086,0.22938144329896912,0.0008728876884960134,97,False
mt5,3,nqc,16,0.35,0.38000189071743107,0.00012347422900910561,0.2577319587628867,0.0001840336555755922,97,True
mt5,3,bertQPP,16,0.35,0.346890937430057,0.0004996665892949779,0.24570446735395193,0.0003632334933323789,97,False
mt5,3,bertQPP,16,0.35,0.37703775870834133,0.0001408073054227637,0.27061855670103097,8.601885162206065e-05,97,True
mt5,3,bertQPP(QV),16,0.35,0.29987922301710945,0.002843394519997209,0.20017182130584193,0.0036758280937195186,97,False
mt5,3,bertQPP(QV),16,0.35,0.34844789354231837,0.00046944164120810015,0.23539518900343648,0.0006358327263393619,97,True
mt5,3,spatial,16,0.4,0.3641315008610211,0.0002458913598718075,0.2379725085910653,0.0005538759115824682,97,False
mt5,3,spatial,16,0.4,0.2826560989396131,0.005028606620022363,0.21434707903780073,0.0018682268943729797,97,True
mt5,3,a_ratio,16,0.4,0.11767081603021354,0.25101302386204294,0.005154639175257733,0.940374133088132,97,False
mt5,3,a_ratio,16,0.4,0.16974175012226628,0.09647758280913765,0.06701030927835053,0.3308539585593422,97,True
mt5,3,nqc,16,0.4,0.34752494703461456,0.0004871494452636197,0.2255154639175258,0.0010660691222714972,97,False
mt5,3,nqc,16,0.4,0.37540617214772565,0.00015128475007885527,0.2564432989690722,0.00019821410424194529,97,True
mt5,3,bertQPP,16,0.4,0.3614935054244636,0.0002747856192680835,0.2564432989690722,0.00019821410424194529,97,False
mt5,3,bertQPP,16,0.4,0.38759468195650015,8.768660201297498e-05,0.2719072164948454,7.957359852373424e-05,97,True
mt5,3,bertQPP(QV),16,0.4,0.318849845474777,0.0014570141392011128,0.21606529209621997,0.0017164841150655054,97,False
mt5,3,bertQPP(QV),16,0.4,0.36164036032590596,0.00027309818792313977,0.2491408934707904,0.00029998189638302743,97,True
mt5,3,spatial,16,0.45,0.36291285047083893,0.00025887182014166436,0.2379725085910653,0.0005538759115824682,97,False
mt5,3,spatial,16,0.45,0.28618568159020297,0.004486586540639649,0.21477663230240554,0.0018291772025326055,97,True
mt5,3,a_ratio,16,0.45,0.12207620201150422,0.23358059948212953,0.013316151202749144,0.846776975027774,97,False
mt5,3,a_ratio,16,0.45,0.1741578386634028,0.08799241036581427,0.07044673539518902,0.3066570724911982,97,True
mt5,3,nqc,16,0.45,0.34319637598811314,0.0005786675799895466,0.2212199312714777,0.001326652810302692,97,False
mt5,3,nqc,16,0.45,0.37153131594426786,0.0001791285822440504,0.25343642611683853,0.00023539388087640415,97,True
mt5,3,bertQPP,16,0.45,0.37255389622619384,0.00017135303745492825,0.2624570446735396,0.00013978519828252247,97,False
mt5,3,bertQPP,16,0.45,0.3954355917269887,6.103535645786637e-05,0.28092783505154645,4.570292642778511e-05,97,True
mt5,3,bertQPP(QV),16,0.45,0.3343953964865862,0.0008150414327786057,0.22594501718213064,0.0010428004886634003,97,False
mt5,3,bertQPP(QV),16,0.45,0.37189340785337166,0.000176338710833791,0.2555841924398626,0.0002082313453780151,97,True
mt5,3,spatial,16,0.5,0.36060627717360944,0.00028518649297314076,0.2328178694158076,0.0007289565212236814,97,False
mt5,3,spatial,16,0.5,0.2902363489993145,0.003929229748703404,0.21434707903780073,0.0018682268943729797,97,True
mt5,3,a_ratio,16,0.5,0.12732762136773543,0.21392664073960727,0.017611683848797254,0.7982864258103413,97,False
mt5,3,a_ratio,16,0.5,0.17938380585134409,0.07872826123870273,0.07560137457044674,0.27261459721837655,97,True
mt5,3,nqc,16,0.5,0.33955279851023484,0.0006676354447752253,0.22079037800687287,0.0013557124652369783,97,False
mt5,3,nqc,16,0.5,0.368247384247029,0.00020636140676749654,0.25042955326460486,0.0002790440350017295,97,True
mt5,3,bertQPP,16,0.5,0.37972791936366834,0.00012498911569541459,0.26632302405498287,0.00011124963084926736,97,False
mt5,3,bertQPP,16,0.5,0.40045875010232446,4.8159440593408794e-05,0.29037800687285226,2.5120678036492542e-05,97,True
mt5,3,bertQPP(QV),16,0.5,0.34602617654379203,0.0005172153358786941,0.23238831615120278,0.0007456571945733053,97,False
mt5,3,bertQPP(QV),16,0.5,0.37914951786799495,0.00012824408850412497,0.2719072164948454,7.957359852373424e-05,97,True
mt5,3,spatial,16,0.55,0.3575211603682799,0.0003242437957281363,0.23453608247422683,0.0006655682797928671,97,False
mt5,3,spatial,16,0.55,0.2949236320704392,0.00336214120471872,0.21434707903780073,0.0018682268943729797,97,True
mt5,3,a_ratio,16,0.55,0.13368832830042382,0.19173043806619552,0.02405498281786942,0.7270405431127746,97,False
mt5,3,a_ratio,16,0.55,0.18565855938530454,0.06865488940151253,0.08290378006872855,0.22896569995644822,97,True
mt5,3,nqc,16,0.55,0.3364566896832512,0.0007528872171534525,0.21606529209621997,0.0017164841150655054,97,False
mt5,3,nqc,16,0.55,0.36544216646880995,0.0002326032007505716,0.24957044673539522,0.00029284438819506046,97,True
mt5,3,bertQPP,16,0.55,0.3830233679892119,0.00010785988046222659,0.2689003436426117,9.538240628081039e-05,97,False
mt5,3,bertQPP,16,0.55,0.4027347414723599,4.320273821848133e-05,0.2993986254295533,1.3952200074870977e-05,97,True
mt5,3,bertQPP(QV),16,0.55,0.35364571295475405,0.0003802782334010288,0.24656357388316158,0.0003463449485504128,97,False
mt5,3,bertQPP(QV),16,0.55,0.3835441871549145,0.00010536127129168506,0.27620274914089354,6.123156446679978e-05,97,True
mt5,3,spatial,16,0.6,0.3539059511435489,0.00037625315447586375,0.2328178694158076,0.0007289565212236814,97,False
mt5,3,spatial,16,0.6,0.30039479589226475,0.0027937863803310144,0.21606529209621997,0.0017164841150655054,97,True
mt5,3,a_ratio,16,0.6,0.14153937257497812,0.16669470427923228,0.03479381443298969,0.6136308097551222,97,False
mt5,3,a_ratio,16,0.6,0.19332129493554345,0.057794891951720426,0.08634020618556702,0.2102443337075397,97,True
mt5,3,nqc,16,0.6,0.3338003011924344,0.0008338373815232873,0.2130584192439863,0.0019900166497547295,97,False
mt5,3,nqc,16,0.6,0.36302521693790074,0.0002576490077623446,0.24871134020618557,0.00030728207639036943,97,True
mt5,3,bertQPP,16,0.6,0.38276764586711687,0.00010910673168641792,0.26975945017182135,9.058641607986754e-05,97,False
mt5,3,bertQPP,16,0.6,0.40248303649688083,4.3726503093495236e-05,0.2998281786941581,1.3561366429704062e-05,97,True
mt5,3,bertQPP(QV),16,0.6,0.3575219807908225,0.00032423278432681344,0.2517182130584193,0.00025948171452482385,97,False
mt5,3,bertQPP(QV),16,0.6,0.3853626729347369,9.705241261730521e-05,0.2770618556701031,5.80796004740303e-05,97,True
mt5,3,spatial,16,0.65,0.34995410526160625,0.0004418078898704685,0.23024054982817874,0.0008346209629654949,97,False
mt5,3,spatial,16,0.65,0.30683611666880584,0.0022363395845672006,0.21821305841924402,0.0015427588468996702,97,True
mt5,3,a_ratio,16,0.65,0.15144994028608688,0.13865227711618874,0.040807560137457045,0.5537409286316863,97,False
mt5,3,a_ratio,16,0.65,0.2028667249609664,0.04627481797624932,0.09664948453608249,0.16076803875264556,97,True
mt5,3,nqc,16,0.65,0.331500156128331,0.0009102664111269277,0.20790378006872856,0.0025535840012904936,97,False
mt5,3,nqc,16,0.65,0.3609251784226249,0.000281406974616679,0.24484536082474234,0.00038088964117221485,97,True
mt5,3,bertQPP,16,0.65,0.37951104283675413,0.00012620050917645938,0.2676116838487973,0.00010302809096628477,97,False
mt5,3,bertQPP,16,0.65,0.4000294432847839,4.9151923266345386e-05,0.29510309278350516,1.849887929183802e-05,97,True
mt5,3,bertQPP(QV),16,0.65,0.3581798665912354,0.00031551292017940327,0.24656357388316158,0.0003463449485504128,97,False
mt5,3,bertQPP(QV),16,0.65,0.3849821016038335,9.873919337427741e-05,0.2830756013745705,3.995381628708257e-05,97,True
mt5,3,spatial,16,0.7,0.34581249789872276,0.0005216377769252168,0.22079037800687287,0.0013557124652369783,97,False
mt5,3,spatial,16,0.7,0.31447624407198826,0.0017064273718671176,0.2298109965635739,0.0008535554716530555,97,True
mt5,3,a_ratio,16,0.7,0.16429961639122045,0.10780561998134862,0.05240549828178695,0.4469779106399572,97,False
mt5,3,a_ratio,16,0.7,0.21503660389684917,0.03441105480633063,0.10438144329896909,0.12985027258664464,97,True
mt5,3,nqc,16,0.7,0.3294914779451681,0.0009821787448585039,0.20790378006872856,0.0025535840012904936,97,False
mt5,3,nqc,16,0.7,0.3590859630539102,0.00030385657622928957,0.24183848797250862,0.0004492042155364218,97,True
mt5,3,bertQPP,16,0.7,0.3739069515346795,0.00016154436442080073,0.26159793814432997,0.00014700123564547276,97,False
mt5,3,bertQPP,16,0.7,0.3957567528005401,6.012454277618332e-05,0.28651202749140897,3.215902329862323e-05,97,True
mt5,3,bertQPP(QV),16,0.7,0.35626646688294994,0.0003414926995451112,0.2392611683848798,0.0005166931871154039,97,False
mt5,3,bertQPP(QV),16,0.7,0.3828148092657743,0.0001088757705102141,0.2822164948453609,4.216585457755637e-05,97,True
mt5,3,spatial,16,0.75,0.3415901950014748,0.0006164550200448479,0.21649484536082478,0.0016803624081385136,97,False
mt5,3,spatial,16,0.75,0.32357144467547844,0.0012252620397428542,0.23238831615120278,0.0007456571945733053,97,True
mt5,3,a_ratio,16,0.75,0.1814926142287645,0.07521853879476242,0.07044673539518902,0.3066570724911982,97,False
mt5,3,a_ratio,16,0.75,0.230969516103512,0.022836070273782184,0.12242268041237117,0.07565197367789964,97,True
mt5,3,nqc,16,0.75,0.3277236516201974,0.0010497107745762377,0.2053264604810997,0.002887015591872923,97,False
mt5,3,nqc,16,0.75,0.3574633191770087,0.00032502098697363376,0.24012027491408938,0.0004932117335580638,97,True
mt5,3,bertQPP,16,0.75,0.36660727785122743,0.00022135075425617668,0.2517182130584193,0.00025948171452482385,97,False
mt5,3,bertQPP,16,0.75,0.39005965246340796,7.832342383737733e-05,0.2770618556701031,5.80796004740303e-05,97,True
mt5,3,bertQPP(QV),16,0.75,0.35243521010332773,0.0003995266962832069,0.2366838487972509,0.0005935388745829456,97,False
mt5,3,bertQPP(QV),16,0.75,0.3792634969580133,0.00012759651415381263,0.27577319587628873,6.286763010435062e-05,97,True
mt5,3,spatial,16,0.8,0.3373664774016346,0.0007268579021536837,0.21134020618556704,0.0021637443470699886,97,False
mt5,3,spatial,16,0.8,0.3343270338876598,0.0008171808083050345,0.24097938144329903,0.0004707284379041492,97,True
mt5,3,a_ratio,16,0.8,0.20530851099611733,0.04365522755560025,0.09364261168384881,0.17419095096502246,97,False
mt5,3,a_ratio,16,0.8,0.2524186454903662,0.012619198081369295,0.13745704467353953,0.04608031263937092,97,True
mt5,3,nqc,16,0.8,0.3261567663733157,0.0011130721333253706,0.2053264604810997,0.002887015591872923,97,False
mt5,3,nqc,16,0.8,0.35602208753629916,0.00034494904470943873,0.23840206185567014,0.0005412133012575864,97,True
mt5,3,bertQPP,16,0.8,0.35819293729555157,0.0003153418857319186,0.2414089347079038,0.0004598488311252096,97,False
mt5,3,bertQPP,16,0.8,0.3833106353353585,0.00010647500474102065,0.2766323024054983,5.9635866438532616e-05,97,True
mt5,3,bertQPP(QV),16,0.8,0.3472707638381405,0.0004921327731499172,0.22422680412371138,0.0011387880187863695,97,False
mt5,3,bertQPP(QV),16,0.8,0.37469208657226905,0.00015609373548177365,0.2689003436426117,9.538240628081039e-05,97,True
mt5,3,spatial,16,0.85,0.33319766950734264,0.0008532737922695512,0.209192439862543,0.002400428947085522,97,False
mt5,3,spatial,16,0.85,0.3466093578984997,0.0005053198262950666,0.2508591065292096,0.00027237466938260737,97,True
mt5,3,a_ratio,16,0.85,0.23924000652476488,0.018271137759815953,0.12671821305841927,0.06594102788919391,97,False
mt5,3,a_ratio,16,0.85,0.2818739452047136,0.005156326207487382,0.1670962199312715,0.015318729327102553,97,True
mt5,3,nqc,16,0.85,0.3247590419851529,0.0011725087218097535,0.20489690721649487,0.002946303078171719,97,False
mt5,3,nqc,16,0.85,0.35473409847543796,0.00036370360163248986,0.2366838487972509,0.0005935388745829456,97,True
mt5,3,bertQPP,16,0.85,0.3491407832508994,0.00045653820935574486,0.23539518900343648,0.0006358327263393619,97,False
mt5,3,bertQPP,16,0.85,0.37583885933582956,0.00014843799022745273,0.2624570446735396,0.00013978519828252247,97,True
mt5,3,bertQPP(QV),16,0.85,0.3412544696617221,0.0006246334178245902,0.22422680412371138,0.0011387880187863695,97,False
mt5,3,bertQPP(QV),16,0.85,0.36941110994477755,0.00019630100306017493,0.26374570446735396,0.00012958397281742168,97,True
mt5,3,spatial,16,0.9,0.3291226950796525,0.0009959306406525797,0.21176975945017185,0.0021190549684448486,97,False
mt5,3,spatial,16,0.9,0.3589937041417954,0.00030502501933769415,0.25429553264604815,0.00022415245533308512,97,True
mt5,3,a_ratio,16,0.9,0.28640348591960646,0.004454913497515141,0.15807560137457047,0.021798803662876853,97,False
mt5,3,a_ratio,16,0.9,0.3212114652395933,0.0013365444185154667,0.1971649484536083,0.004221925130091803,97,True
mt5,3,nqc,16,0.9,0.32350492299258515,0.0012282797758862473,0.20360824742268044,0.003130893451622874,97,False
mt5,3,nqc,16,0.9,0.3535765837386044,0.0003813540853742623,0.2366838487972509,0.0005935388745829456,97,True
mt5,3,bertQPP,16,0.9,0.3398179039495331,0.0006607627345179181,0.22379725085910657,0.0011640289366746655,97,False
mt5,3,bertQPP,16,0.9,0.36792050313281865,0.00020927182855992097,0.2530068728522337,0.00024121095691616908,97,True
mt5,3,bertQPP(QV),16,0.9,0.33475892050391726,0.0008037507691902137,0.21649484536082478,0.0016803624081385136,97,False
mt5,3,bertQPP(QV),16,0.9,0.36367399731498734,0.00025069234809737265,0.25472508591065296,0.00021872261513442568,97,True
mt5,3,spatial,16,0.95,0.3251674646765842,0.0011548493606752172,0.20661512027491413,0.0027156275780873427,97,False
mt5,3,spatial,16,0.95,0.365915777304502,0.000227966908347979,0.2555841924398626,0.0002082313453780151,97,True
mt5,3,a_ratio,16,0.95,0.3343893354220375,0.0008152309041582488,0.19802405498281792,0.004058834798972484,97,False
mt5,3,a_ratio,16,0.95,0.36124445110393677,0.0002776693661111946,0.22293814432989695,0.0012160687743494618,97,True
mt5,3,nqc,16,0.95,0.3223736635991386,0.0012806439472724316,0.202319587628866,0.003325969220576063,97,False
mt5,3,nqc,16,0.95,0.35253098001894084,0.00039797182012547285,0.23625429553264607,0.0006073368350083252,97,True
mt5,3,bertQPP,16,0.95,0.33049194051800856,0.00094573838827413,0.21477663230240554,0.0018291772025326055,97,False
mt5,3,bertQPP,16,0.95,0.35977758293103995,0.00029522781072517293,0.2439862542955327,0.0003993454119661632,97,True
mt5,3,bertQPP(QV),16,0.95,0.3280588049826225,0.001036591774290454,0.21649484536082478,0.0016803624081385136,97,False
mt5,3,bertQPP(QV),16,0.95,0.35768023015644324,0.00032211524938770866,0.24484536082474234,0.00038088964117221485,97,True
mt5,3,spatial,16,1.0,0.3213482700534072,0.0013298511421757824,0.20274914089347082,0.003259747042536618,97,False
mt5,3,spatial,16,1.0,0.3515820247225038,0.00041362715033811236,0.23410652920962205,0.0006809162092632265,97,True
mt5,3,a_ratio,16,1.0,0.3213482700534072,0.0013298511421757824,0.20274914089347082,0.003259747042536618,97,False
mt5,3,a_ratio,16,1.0,0.3515820247225038,0.00041362715033811236,0.23410652920962205,0.0006809162092632265,97,True
mt5,3,nqc,16,1.0,0.3213482700534072,0.0013298511421757824,0.20274914089347082,0.003259747042536618,97,False
mt5,3,nqc,16,1.0,0.3515820247225038,0.00041362715033811236,0.23410652920962205,0.0006809162092632265,97,True
mt5,3,bertQPP,16,1.0,0.3213482700534072,0.0013298511421757824,0.20274914089347082,0.003259747042536618,97,False
mt5,3,bertQPP,16,1.0,0.3515820247225038,0.00041362715033811236,0.23410652920962205,0.0006809162092632265,97,True
mt5,3,bertQPP(QV),16,1.0,0.3213482700534072,0.0013298511421757824,0.20274914089347082,0.003259747042536618,97,False
mt5,3,bertQPP(QV),16,1.0,0.3515820247225038,0.00041362715033811236,0.23410652920962205,0.0006809162092632265,97,True
mt5,3,0shot_pos,16,1.0,-0.2493401828187331,0.013781325184713415,-0.186426116838488,0.006825229731210832,97,True
