retriever,k,qpp_method,window_size,alpha,r,p1(r),tau,p1(tau),num_of_queries,with_0shot_posterior
bm25,4,spatial,2,0.0,0.4037614090489069,4.517064367080608e-05,0.24912280701754383,0.00032351427155757553,97,False
bm25,4,spatial,2,0.0,0.2501732937929054,0.013959506461471155,0.20921052631578946,0.002530815422866084,97,True
bm25,4,a_ratio,2,0.0,0.2882861454452175,0.004394640876071033,0.08026315789473683,0.2466700962299916,97,False
bm25,4,a_ratio,2,0.0,0.33789759892324867,0.000760063929375933,0.23201754385964907,0.0008115744326137436,97,True
bm25,4,nqc,2,0.0,0.01970354342631228,0.8488828114964245,-0.008333333333333331,0.9042622467947524,97,False
bm25,4,nqc,2,0.0,0.12010795471193708,0.2437671751705969,0.06052631578947368,0.3823337405619286,97,True
bm25,4,bertQPP,2,0.0,0.1712014758316667,0.09535759302867927,0.168859649122807,0.014800278325359423,97,False
bm25,4,bertQPP,2,0.0,0.2143207230094226,0.03600874538298362,0.1964912280701754,0.004567543784697511,97,True
bm25,4,bertQPP(QV),2,0.0,0.16903733798076603,0.09968227112021084,0.17324561403508767,0.01240061333688213,97,False
bm25,4,bertQPP(QV),2,0.0,0.22666462033708634,0.026368078840486996,0.20043859649122803,0.0038155311548393224,97,True
bm25,4,spatial,2,0.05,0.3964700558638349,6.364214524683807e-05,0.250438596491228,0.0003006998134497259,97,False
bm25,4,spatial,2,0.05,0.24985899141889129,0.014084016458800686,0.21008771929824557,0.0024270312486862444,97,True
bm25,4,a_ratio,2,0.05,0.28681185881538884,0.0046093359971421145,0.07894736842105261,0.25450134933128055,97,False
bm25,4,a_ratio,2,0.05,0.335779696324083,0.0008242529557589899,0.23640350877192978,0.0006445938679827261,97,True
bm25,4,nqc,2,0.05,0.01951883638095544,0.8502828744380335,-0.007894736842105262,0.9092786999029837,97,False
bm25,4,nqc,2,0.05,0.12011481531942089,0.2437400481937486,0.06271929824561404,0.36532940366389033,97,True
bm25,4,bertQPP,2,0.05,0.1694114425846298,0.09892387481337123,0.16754385964912277,0.015595863350661914,97,False
bm25,4,bertQPP,2,0.05,0.2147969452399205,0.035588365501820714,0.19561403508771927,0.004751901569999453,97,True
bm25,4,bertQPP(QV),2,0.05,0.1670104534921646,0.10387086295501473,0.17149122807017542,0.013315695610410695,97,False
bm25,4,bertQPP(QV),2,0.05,0.22713857461378345,0.02604661338635031,0.20175438596491224,0.0035910585335480823,97,True
bm25,4,spatial,2,0.1,0.3873412831043018,9.667794304931993e-05,0.24912280701754383,0.00032351427155757553,97,False
bm25,4,spatial,2,0.1,0.24950755486413623,0.014224377931467103,0.20789473684210524,0.002694118757519195,97,True
bm25,4,a_ratio,2,0.1,0.2843527895265854,0.0049882949935168685,0.07412280701754385,0.2846873538225777,97,False
bm25,4,a_ratio,2,0.1,0.3332150008712716,0.0009085898262368425,0.23640350877192978,0.0006445938679827261,97,True
bm25,4,nqc,2,0.1,0.019313387284851602,0.8518407059170909,-0.008333333333333331,0.9042622467947524,97,False
bm25,4,nqc,2,0.1,0.12012065775175514,0.24371694874654648,0.06271929824561404,0.36532940366389033,97,True
bm25,4,bertQPP,2,0.1,0.16716202126368923,0.1035529609601245,0.16929824561403506,0.014543148107282302,97,False
bm25,4,bertQPP,2,0.1,0.21496634120659464,0.03543982979059071,0.19122807017543855,0.005778660719514659,97,True
bm25,4,bertQPP(QV),2,0.1,0.16445307220192995,0.10935062010817367,0.1671052631578947,0.01586929650651852,97,False
bm25,4,bertQPP(QV),2,0.1,0.227188236311198,0.02601312347820994,0.20307017543859646,0.0033786625934052374,97,True
bm25,4,spatial,2,0.15,0.37608538175279893,0.00015922738699349155,0.24122807017543854,0.0004981362879627977,97,False
bm25,4,spatial,2,0.15,0.24911206831242955,0.014383783331186619,0.20745614035087714,0.002750657172647581,97,True
bm25,4,a_ratio,2,0.15,0.28059786545846094,0.005620522119165372,0.07499999999999998,0.27902607466789,97,False
bm25,4,a_ratio,2,0.15,0.33010711021644,0.0010212989526684074,0.23157894736842102,0.0008303144784156731,97,True
bm25,4,nqc,2,0.15,0.019083505112551566,0.8535844770779156,-0.006140350877192982,0.9293787221862809,97,False
bm25,4,nqc,2,0.15,0.12012497438504208,0.24369988288117223,0.06535087719298245,0.34555840797111037,97,True
bm25,4,bertQPP,2,0.15,0.16433716749264451,0.109604198314332,0.16754385964912277,0.015595863350661914,97,False
bm25,4,bertQPP,2,0.15,0.2147115272158452,0.035663462686861325,0.18684210526315786,0.007001377469104526,97,True
bm25,4,bertQPP(QV),2,0.15,0.16123443876503485,0.11656383660517557,0.16008771929824558,0.02085383817174601,97,False
bm25,4,bertQPP(QV),2,0.15,0.226658559086093,0.0263722117056734,0.1991228070175438,0.0040526815820536586,97,True
bm25,4,spatial,2,0.2,0.3624212947031288,0.0002849028009463017,0.23421052631578942,0.0007236220598486794,97,False
bm25,4,spatial,2,0.2,0.24866380463907253,0.014566333331597056,0.20745614035087714,0.002750657172647581,97,True
bm25,4,a_ratio,2,0.2,0.2751669161930499,0.006660724682365608,0.07149122807017542,0.3021348758613446,97,False
bm25,4,a_ratio,2,0.2,0.32633763917431324,0.0011750159609813407,0.23201754385964907,0.0008115744326137436,97,True
bm25,4,nqc,2,0.2,0.018824570873588617,0.8555494655672693,-0.005263157894736841,0.9394464677531641,97,False
bm25,4,nqc,2,0.2,0.12012704536758428,0.24369169551820047,0.06666666666666665,0.33593362539214777,97,True
bm25,4,bertQPP,2,0.2,0.16079296203228272,0.11758125381946044,0.15482456140350873,0.025440028065994644,97,False
bm25,4,bertQPP,2,0.2,0.2138804132585913,0.03640112253280077,0.17850877192982453,0.009980624249260547,97,True
bm25,4,bertQPP(QV),2,0.2,0.15719574994165864,0.1261286757906072,0.14999999999999997,0.030386188269096972,97,False
bm25,4,bertQPP(QV),2,0.2,0.225353720667905,0.027274830938061587,0.1864035087719298,0.00713560971179531,97,True
bm25,4,spatial,2,0.25,0.3461062723957016,0.0005521015695876493,0.22499999999999995,0.0011641166831212395,97,False
bm25,4,spatial,2,0.25,0.24815159753018065,0.01477738065502401,0.20614035087719296,0.0029268376346768604,97,True
bm25,4,a_ratio,2,0.25,0.2676171941671383,0.008388496250677144,0.0719298245614035,0.2991785778062356,97,False
bm25,4,a_ratio,2,0.25,0.3217615799513879,0.0013897448972525596,0.22675438596491226,0.0010646851601117014,97,True
bm25,4,nqc,2,0.25,0.018530727562332483,0.8577804378115018,-0.004824561403508771,0.9444840737693221,97,False
bm25,4,nqc,2,0.25,0.12012583839534745,0.24369646710450257,0.06403508771929824,0.35535715174125126,97,True
bm25,4,bertQPP,2,0.25,0.15635383381818335,0.12819629046867778,0.1464912280701754,0.03448318151719248,97,False
bm25,4,bertQPP,2,0.25,0.21227967825226324,0.03785793569299347,0.1789473684210526,0.00979934996376251,97,True
bm25,4,bertQPP(QV),2,0.25,0.15214895246560617,0.13891288584257536,0.13684210526315788,0.04825617082139475,97,False
bm25,4,bertQPP(QV),2,0.25,0.22303346695281687,0.02894468801009974,0.1776315789473684,0.010352157028285932,97,True
bm25,4,spatial,2,0.3,0.3269737149845008,0.0011476850160909958,0.21447368421052626,0.001964163707567382,97,False
bm25,4,spatial,2,0.3,0.24756093589544248,0.01502404105251474,0.2039473684210526,0.00324348853932908,97,True
bm25,4,a_ratio,2,0.3,0.2574702959970021,0.011325657449337003,0.06491228070175437,0.3488053465027995,97,False
bm25,4,a_ratio,2,0.3,0.31620223784107,0.0016981938265481845,0.2241228070175438,0.0012169881340798713,97,True
bm25,4,nqc,2,0.3,0.018194437449218392,0.8603350538513199,-0.004824561403508771,0.9444840737693221,97,False
bm25,4,nqc,2,0.3,0.12011985250543782,0.2437201323896663,0.06535087719298245,0.34555840797111037,97,True
bm25,4,bertQPP,2,0.3,0.15081119585836908,0.14246084983672747,0.13815789473684206,0.04614146023750493,97,False
bm25,4,bertQPP,2,0.3,0.20967026750712603,0.04033720002337929,0.17149122807017542,0.013315695610410695,97,True
bm25,4,bertQPP(QV),2,0.3,0.14587993835582636,0.15613201463941237,0.1333333333333333,0.05429672191249564,97,False
bm25,4,bertQPP(QV),2,0.3,0.21941498064092646,0.031721330555150654,0.17412280701754385,0.011964311224727613,97,True
bm25,4,spatial,2,0.35,0.3049747477665323,0.0025168323476056475,0.2070175438596491,0.0028082775132586228,97,False
bm25,4,spatial,2,0.35,0.2468726275106756,0.015315973485521137,0.20307017543859646,0.0033786625934052374,97,True
bm25,4,a_ratio,2,0.35,0.24426963360604137,0.016464851064428215,0.061842105263157886,0.37207368058280677,97,False
bm25,4,a_ratio,2,0.35,0.3094462191318088,0.002155704091043886,0.2241228070175438,0.0012169881340798713,97,True
bm25,4,nqc,2,0.35,0.01780583575436165,0.8632888433746138,-0.005701754385964911,0.9344112837195322,97,False
bm25,4,nqc,2,0.35,0.12010686856210691,0.24377147001970126,0.06666666666666665,0.33593362539214777,97,True
bm25,4,bertQPP,2,0.35,0.14392742188441046,0.16180763304196488,0.12675438596491226,0.06732401746109497,97,False
bm25,4,bertQPP,2,0.35,0.20576820679049584,0.0442963174058498,0.17280701754385963,0.012624003653747995,97,True
bm25,4,bertQPP(QV),2,0.35,0.13815960327062987,0.1794672915848638,0.12675438596491226,0.06732401746109497,97,False
bm25,4,bertQPP(QV),2,0.35,0.21418489788789868,0.03612940419617342,0.16842105263157892,0.015061406503459098,97,True
bm25,4,spatial,2,0.4,0.28021521680792494,0.005688781935301274,0.18991228070175434,0.006123535868103072,97,False
bm25,4,spatial,2,0.4,0.24606077531737403,0.015666608702456987,0.20350877192982453,0.003310447205982754,97,True
bm25,4,a_ratio,2,0.4,0.22767332503555782,0.025687920380442448,0.05307017543859648,0.4436843656341547,97,False
bm25,4,a_ratio,2,0.4,0.3012394407206555,0.0028592889763774825,0.21315789473684207,0.0020937133501945666,97,True
bm25,4,nqc,2,0.4,0.017351763046441607,0.8667426636756141,-0.003508771929824561,0.9596094143193218,97,False
bm25,4,nqc,2,0.4,0.12008353937551045,0.24386373081758703,0.06710526315789472,0.33276408177138295,97,True
bm25,4,bertQPP,2,0.4,0.13544951234288705,0.18823546674418543,0.10745614035087717,0.12091024044629245,97,False
bm25,4,bertQPP,2,0.4,0.20025572598979577,0.050434612958714355,0.16842105263157892,0.015061406503459098,97,True
bm25,4,bertQPP(QV),2,0.4,0.1287669061584216,0.2111759224669121,0.118859649122807,0.08624325957567905,97,False
bm25,4,bertQPP(QV),2,0.4,0.20702674337151522,0.042985560146116944,0.15789473684210523,0.022668970827860974,97,True
bm25,4,spatial,2,0.45,0.2529772082988493,0.012890403201711515,0.16929824561403506,0.014543148107282302,97,False
bm25,4,spatial,2,0.45,0.2450896212769032,0.01609515417056992,0.20570175438596489,0.0029878149035424606,97,True
bm25,4,a_ratio,2,0.45,0.20757172046100733,0.04242806365099007,0.05482456140350876,0.42876409773782276,97,False
bm25,4,a_ratio,2,0.45,0.29128590015904054,0.003985125868083631,0.21228070175438593,0.0021843848573714557,97,True
bm25,4,nqc,2,0.45,0.016814274600040882,0.8708342031695347,-0.0026315789473684206,0.9697013964662655,97,False
bm25,4,nqc,2,0.45,0.12004469437000582,0.2440174061385075,0.06535087719298245,0.34555840797111037,97,True
bm25,4,bertQPP,2,0.45,0.12513763888952412,0.2244370345871051,0.09254385964912279,0.18163805178968873,97,False
bm25,4,bertQPP,2,0.45,0.19280874645403898,0.05982431531129683,0.16052631578947366,0.0205064150417212,97,True
bm25,4,bertQPP(QV),2,0.45,0.1175270699126408,0.25412040945820175,0.10482456140350875,0.13028435883805162,97,False
bm25,4,bertQPP(QV),2,0.45,0.19766728013146134,0.05355003125417055,0.14868421052631575,0.03187073297896108,97,True
bm25,4,spatial,2,0.5,0.22371514174416746,0.028445343476507495,0.1508771929824561,0.029429833054879267,97,False
bm25,4,spatial,2,0.5,0.24390845481749118,0.01663000508219397,0.20789473684210524,0.002694118757519195,97,True
bm25,4,a_ratio,2,0.5,0.18419452112760712,0.07241599197377487,0.057456140350877184,0.4069396981346084,97,False
bm25,4,a_ratio,2,0.5,0.2792520168017045,0.005863872150487399,0.20482456140350874,0.0031132595749828423,97,True
bm25,4,nqc,2,0.5,0.016168267182124593,0.8757563200910723,-0.004824561403508771,0.9444840737693221,97,False
bm25,4,nqc,2,0.5,0.1199821152525973,0.24426511706032605,0.06666666666666665,0.33593362539214777,97,True
bm25,4,bertQPP,2,0.5,0.1128122892760818,0.2738020811606857,0.08684210526315787,0.21004839720400814,97,False
bm25,4,bertQPP,2,0.5,0.1831453301173977,0.07408570736965346,0.1451754385964912,0.03613683367153821,97,True
bm25,4,bertQPP(QV),2,0.5,0.10436364322522973,0.3115752109397505,0.08552631578947366,0.21703863010225988,97,False
bm25,4,bertQPP(QV),2,0.5,0.18593919549967602,0.06970669156027698,0.13991228070175438,0.04344370723734423,97,True
bm25,4,spatial,2,0.55,0.1930221698915428,0.05953663424676585,0.1219298245614035,0.07842990329741044,97,False
bm25,4,spatial,2,0.55,0.24244307076466415,0.017314840440094174,0.20614035087719296,0.0029268376346768604,97,True
bm25,4,a_ratio,2,0.55,0.15815444886304872,0.12380548707491572,0.05087719298245613,0.46274513026641606,97,False
bm25,4,a_ratio,2,0.55,0.26478059146077104,0.009133100407614673,0.1960526315789473,0.004658897081724128,97,True
bm25,4,nqc,2,0.55,0.015377553794971577,0.881787417170313,-0.007017543859649122,0.9193222670955983,97,False
bm25,4,nqc,2,0.55,0.11988228432995648,0.24466064371190915,0.061842105263157886,0.37207368058280677,97,True
bm25,4,bertQPP,2,0.55,0.09841754837161562,0.3400948347658295,0.07763157894736841,0.2625039156547271,97,False
bm25,4,bertQPP,2,0.55,0.17109328152799097,0.09557023120439637,0.13289473684210523,0.05509435768226517,97,True
bm25,4,bertQPP(QV),2,0.55,0.08935439862674453,0.3866241096500194,0.07850877192982454,0.2571497949986177,97,False
bm25,4,bertQPP(QV),2,0.55,0.1718470479095644,0.09409656509683947,0.13026315789473683,0.06008783459643862,97,True
bm25,4,spatial,2,0.6,0.1615716056628755,0.1157914025133484,0.10789473684210524,0.11940051826823819,97,False
bm25,4,spatial,2,0.6,0.24058076497488215,0.01822018126593857,0.20745614035087714,0.002750657172647581,97,True
bm25,4,a_ratio,2,0.6,0.1303858656521715,0.20544379642744834,0.04035087719298245,0.5602953155432289,97,False
bm25,4,a_ratio,2,0.6,0.24751932478195052,0.015041551620736818,0.1921052631578947,0.00555857730471879,97,True
bm25,4,nqc,2,0.6,0.014388074646196881,0.889344053827316,-0.011403508771929822,0.8692650265497066,97,False
bm25,4,nqc,2,0.6,0.11972202487534632,0.24529651064597166,0.06228070175438596,0.36869194739779565,97,True
bm25,4,bertQPP,2,0.6,0.08208614758423251,0.42656456607094706,0.06359649122807016,0.35866198325465426,97,False
bm25,4,bertQPP,2,0.6,0.15666302195409998,0.12743398106089293,0.11754385964912278,0.08977892662724705,97,True
bm25,4,bertQPP(QV),2,0.6,0.0727706731814362,0.4810597949196865,0.061842105263157886,0.37207368058280677,97,False
bm25,4,bertQPP(QV),2,0.6,0.15561292816648664,0.1300371986228866,0.11447368421052628,0.09848323871599789,97,True
bm25,4,spatial,2,0.65,0.13004636755048754,0.20663651402443176,0.08596491228070174,0.21469019566351544,97,False
bm25,4,spatial,2,0.65,0.2381425038516926,0.019466946710886036,0.20745614035087714,0.002750657172647581,97,True
bm25,4,a_ratio,2,0.65,0.10198443706970078,0.3227949343766234,0.03728070175438596,0.5905151548916238,97,False
bm25,4,a_ratio,2,0.65,0.22716826549973645,0.02602658660747145,0.17412280701754385,0.011964311224727613,97,True
bm25,4,nqc,2,0.65,0.01311551708418092,0.89907702435369,-0.010964912280701752,0.8742506159554067,97,False
bm25,4,nqc,2,0.65,0.11945952434970147,0.24634050559208412,0.06096491228070175,0.37889460648753104,97,True
bm25,4,bertQPP,2,0.65,0.06417881321672467,0.5344515530111732,0.05087719298245613,0.46274513026641606,97,False
bm25,4,bertQPP,2,0.65,0.14009889454166358,0.1733789230436776,0.11271929824561401,0.1037519879759869,97,True
bm25,4,bertQPP(QV),2,0.65,0.055075791824711964,0.594056940333815,0.04649122807017543,0.5022017682612574,97,False
bm25,4,bertQPP(QV),2,0.65,0.13767687510994533,0.18100682672847665,0.10921052631578945,0.11495986919059359,97,True
bm25,4,spatial,2,0.7,0.09907276655470972,0.3368738716473622,0.06578947368421052,0.3423307995504531,97,False
bm25,4,spatial,2,0.7,0.23482781273855302,0.021278995776176358,0.2070175438596491,0.0028082775132586228,97,True
bm25,4,a_ratio,2,0.7,0.0740080469006029,0.4736131831964531,0.03421052631578947,0.6214641103401906,97,False
bm25,4,a_ratio,2,0.7,0.20354681003796146,0.04669083493564379,0.15877192982456137,0.021927067591039504,97,True
bm25,4,nqc,2,0.7,0.011421266136157605,0.9120582254804057,-0.013596491228070173,0.8444188289548002,97,False
bm25,4,nqc,2,0.7,0.1190144168899808,0.2481177438039234,0.06491228070175437,0.3488053465027995,97,True
bm25,4,bertQPP,2,0.7,0.045268029808971356,0.6614233699866996,0.029385964912280696,0.6714627989283869,97,False
bm25,4,bertQPP,2,0.7,0.1218793297929805,0.2368322957344542,0.09517543859649122,0.16953134792266555,97,True
bm25,4,bertQPP(QV),2,0.7,0.0368695031384981,0.7213650482500666,0.028508771929824556,0.6807203663731288,97,False
bm25,4,bertQPP(QV),2,0.7,0.11864154308587568,0.2496133446696796,0.09429824561403508,0.17349779395571174,97,True
bm25,4,spatial,2,0.75,0.06917191151491747,0.503069316206288,0.042543859649122794,0.5391788167574111,97,False
bm25,4,spatial,2,0.75,0.23009658215923265,0.024114705399219106,0.20175438596491224,0.0035910585335480823,97,True
bm25,4,a_ratio,2,0.75,0.047315724748048786,0.6471096667691718,0.024561403508771926,0.7229596147173131,97,False
bm25,4,a_ratio,2,0.75,0.17667247087337393,0.08508276486913083,0.1451754385964912,0.03613683367153821,97,True
bm25,4,nqc,2,0.75,0.009061994937834224,0.9301725474572247,-0.012280701754385963,0.8593096176685738,97,False
bm25,4,nqc,2,0.75,0.11821932960753627,0.2513143165486485,0.06622807017543858,0.33912253473494924,97,True
bm25,4,bertQPP,2,0.75,0.02605559383383926,0.8010486247868103,0.019298245614035085,0.7805974596041616,97,False
bm25,4,bertQPP,2,0.75,0.10265310221695617,0.3196158095222763,0.08289473684210526,0.23151781230384616,97,True
bm25,4,bertQPP(QV),2,0.75,0.01879055474807248,0.8558076713824654,0.019298245614035085,0.7805974596041616,97,False
bm25,4,bertQPP(QV),2,0.75,0.09917578021479334,0.336369232113258,0.07675438596491226,0.2679345327469521,97,True
bm25,4,spatial,2,0.8,0.04073479569327191,0.6935417368006395,0.025877192982456138,0.7087781874777906,97,False
bm25,4,spatial,2,0.8,0.22288939602433547,0.029051168721422434,0.19561403508771927,0.004751901569999453,97,True
bm25,4,a_ratio,2,0.8,0.02248993828157323,0.8278214819741505,0.013157894736842103,0.8493765252593968,97,False
bm25,4,a_ratio,2,0.8,0.1468315270144871,0.15342038016802267,0.11578947368421051,0.09467365840926534,97,True
bm25,4,nqc,2,0.8,0.005573991139634714,0.9570158457111282,-0.014912280701754382,0.8295834326185275,97,False
bm25,4,nqc,2,0.8,0.11668766337719794,0.2575516473315073,0.06973684210526314,0.31415387247865256,97,True
bm25,4,bertQPP,2,0.8,0.0072480438443192075,0.9441246757854496,0.020614035087719293,0.766060437360897,97,False
bm25,4,bertQPP,2,0.8,0.083129435190202,0.42069024980081465,0.07280701754385964,0.29332406919202725,97,True
bm25,4,bertQPP(QV),2,0.8,0.0014121467850975282,0.9891052935273718,0.010526315789473682,0.8792412027606161,97,False
bm25,4,bertQPP(QV),2,0.8,0.0799108297218408,0.4389630576128146,0.06096491228070175,0.37889460648753104,97,True
bm25,4,spatial,2,0.85,0.014019674554773133,0.8921600859292615,0.012719298245614033,0.8543401854899793,97,False
bm25,4,spatial,2,0.85,0.21088040319558418,0.03917107312877307,0.19166666666666665,0.0056676554767862795,97,True
bm25,4,a_ratio,2,0.85,-0.0001600779893634295,0.9987649617116889,0.0,1.0,97,False
bm25,4,a_ratio,2,0.85,0.1146117938498201,0.2661725113137115,0.08728070175438594,0.2077549299013257,97,True
bm25,4,nqc,2,0.85,-2.0183545734603348e-05,0.9998442792696614,-0.010087719298245612,0.8842365917819822,97,False
bm25,4,nqc,2,0.85,0.11339742272163655,0.27130525507331343,0.08903508771929823,0.1987626865625428,97,True
bm25,4,bertQPP,2,0.85,-0.01056167788862599,0.9186533734143894,-0.0026315789473684206,0.9697013964662655,97,False
bm25,4,bertQPP,2,0.85,0.06396254051417222,0.5358324872056897,0.05438596491228069,0.43246655672176115,97,True
bm25,4,bertQPP(QV),2,0.85,-0.014833040943135452,0.885944587563267,-0.003947368421052631,0.954565748248739,97,False
bm25,4,bertQPP(QV),2,0.85,0.06136231906614183,0.5525724377188878,0.04649122807017543,0.5022017682612574,97,True
bm25,4,spatial,2,0.9,-0.010834400606382289,0.9165603039436779,-0.0017543859649122805,0.9797982329262411,97,False
bm25,4,spatial,2,0.9,0.18817661780589023,0.06635266696736211,0.1745614035087719,0.011751307036103295,97,True
bm25,4,a_ratio,2,0.9,-0.020545415459714975,0.8425074989849245,-0.012719298245614033,0.8543401854899793,97,False
bm25,4,a_ratio,2,0.9,0.08087018439809643,0.433470166704656,0.06535087719298245,0.34555840797111037,97,True
bm25,4,nqc,2,0.9,-0.010003148478861697,0.922941644237517,-0.010087719298245612,0.8842365917819822,97,False
bm25,4,nqc,2,0.9,0.1051495255448952,0.3079254681397067,0.08157894736842104,0.23900925247653326,97,True
bm25,4,bertQPP,2,0.9,-0.026964852833939127,0.7942567402295715,-0.012280701754385963,0.8593096176685738,97,False
bm25,4,bertQPP,2,0.9,0.045669160575995044,0.6586095874303172,0.03991228070175438,0.5645662101789384,97,True
bm25,4,bertQPP(QV),2,0.9,-0.02968065139178875,0.7740636335619001,-0.015789473684210523,0.8197264747302192,97,False
bm25,4,bertQPP(QV),2,0.9,0.0438939332264345,0.6710976685383295,0.03640350877192982,0.5992851921378115,97,True
bm25,4,spatial,2,0.95,-0.03378534757295041,0.7438309102855475,-0.014035087719298244,0.8394672878457912,97,False
bm25,4,spatial,2,0.95,0.13742731180973633,0.1818065162804712,0.1263157894736842,0.0682769876388756,97,True
bm25,4,a_ratio,2,0.95,-0.0387289845814456,0.7079320854476546,-0.019298245614035085,0.7805974596041616,97,False
bm25,4,a_ratio,2,0.95,0.04662886851929402,0.6518969276206201,0.03114035087719298,0.6530976048749184,97,True
bm25,4,nqc,2,0.95,-0.029339574763164164,0.7765917425530815,-0.01622807017543859,0.8148085523102466,97,False
bm25,4,nqc,2,0.95,0.08044752858470916,0.4358852945524931,0.06842105263157894,0.3233717236427517,97,True
bm25,4,bertQPP,2,0.95,-0.041748451279413824,0.6863102138336762,-0.027192982456140345,0.6946969935927938,97,False
bm25,4,bertQPP,2,0.95,0.028595439030723233,0.7821154383511395,0.022807017543859644,0.7420164201662911,97,True
bm25,4,bertQPP(QV),2,0.95,-0.04302114841549214,0.677270588897332,-0.026754385964912277,0.6993793181888966,97,False
bm25,4,bertQPP(QV),2,0.95,0.027719058701552862,0.788634653456133,0.020614035087719293,0.766060437360897,97,True
bm25,4,spatial,2,1.0,-0.05486343187011331,0.5954824325101384,-0.03026315789473684,0.6622548109405392,97,False
bm25,4,spatial,2,1.0,0.01292596870168432,0.9005280721572622,0.005701754385964911,0.9344112837195322,97,True
bm25,4,a_ratio,2,1.0,-0.05486343187011331,0.5954824325101384,-0.03026315789473684,0.6622548109405392,97,False
bm25,4,a_ratio,2,1.0,0.01292596870168432,0.9005280721572622,0.005701754385964911,0.9344112837195322,97,True
bm25,4,nqc,2,1.0,-0.05486343187011331,0.5954824325101384,-0.03026315789473684,0.6622548109405392,97,False
bm25,4,nqc,2,1.0,0.01292596870168432,0.9005280721572622,0.005701754385964911,0.9344112837195322,97,True
bm25,4,bertQPP,2,1.0,-0.05486343187011331,0.5954824325101384,-0.03026315789473684,0.6622548109405392,97,False
bm25,4,bertQPP,2,1.0,0.01292596870168432,0.9005280721572622,0.005701754385964911,0.9344112837195322,97,True
bm25,4,bertQPP(QV),2,1.0,-0.05486343187011331,0.5954824325101384,-0.03026315789473684,0.6622548109405392,97,False
bm25,4,bertQPP(QV),2,1.0,0.01292596870168432,0.9005280721572622,0.005701754385964911,0.9344112837195322,97,True
bm25,4,spatial,3,0.0,0.4037614090489069,4.517064367080608e-05,0.24912280701754383,0.00032351427155757553,97,False
bm25,4,spatial,3,0.0,0.2501732937929054,0.013959506461471155,0.20921052631578946,0.002530815422866084,97,True
bm25,4,a_ratio,3,0.0,0.2882861454452175,0.004394640876071033,0.08026315789473683,0.2466700962299916,97,False
bm25,4,a_ratio,3,0.0,0.33789759892324867,0.000760063929375933,0.23201754385964907,0.0008115744326137436,97,True
bm25,4,nqc,3,0.0,0.01970354342631228,0.8488828114964245,-0.008333333333333331,0.9042622467947524,97,False
bm25,4,nqc,3,0.0,0.12010795471193708,0.2437671751705969,0.06052631578947368,0.3823337405619286,97,True
bm25,4,bertQPP,3,0.0,0.1712014758316667,0.09535759302867927,0.168859649122807,0.014800278325359423,97,False
bm25,4,bertQPP,3,0.0,0.2143207230094226,0.03600874538298362,0.1964912280701754,0.004567543784697511,97,True
bm25,4,bertQPP(QV),3,0.0,0.16903733798076603,0.09968227112021084,0.17324561403508767,0.01240061333688213,97,False
bm25,4,bertQPP(QV),3,0.0,0.22666462033708634,0.026368078840486996,0.20043859649122803,0.0038155311548393224,97,True
bm25,4,spatial,3,0.05,0.4043071937452793,4.401204421442598e-05,0.250438596491228,0.0003006998134497259,97,False
bm25,4,spatial,3,0.05,0.2504384273479335,0.013855219047675319,0.2096491228070175,0.0024784263365173137,97,True
bm25,4,a_ratio,3,0.05,0.2936867641692496,0.0036823014603767196,0.08596491228070174,0.21469019566351544,97,False
bm25,4,a_ratio,3,0.05,0.33969572522845903,0.0007091873010755945,0.23815789473684207,0.0005872336126765293,97,True
bm25,4,nqc,3,0.05,0.020066173621188822,0.846135474794181,-0.007894736842105262,0.9092786999029837,97,False
bm25,4,nqc,3,0.05,0.12065217479410088,0.2416217974893118,0.06359649122807016,0.35866198325465426,97,True
bm25,4,bertQPP,3,0.05,0.17495930938996374,0.08820079684103485,0.16973684210526313,0.01428996478556036,97,False
bm25,4,bertQPP,3,0.05,0.22013869945078274,0.031148684521275543,0.19824561403508767,0.004218133036173916,97,True
bm25,4,bertQPP(QV),3,0.05,0.17310899199660235,0.09166956777974163,0.17280701754385963,0.012624003653747995,97,False
bm25,4,bertQPP(QV),3,0.05,0.23310182823083053,0.022278481616811795,0.2052631578947368,0.0030499490794706602,97,True
bm25,4,spatial,3,0.1,0.40376074113847205,4.517207879391607e-05,0.25131578947368416,0.0002863369173575716,97,False
bm25,4,spatial,3,0.1,0.2507290524755225,0.013741682992351834,0.2096491228070175,0.0024784263365173137,97,True
bm25,4,a_ratio,3,0.1,0.2989064944669676,0.003093860451648245,0.08903508771929823,0.1987626865625428,97,False
bm25,4,a_ratio,3,0.1,0.34142751185790493,0.000663149933742387,0.23947368421052628,0.0005473717769045106,97,True
bm25,4,nqc,3,0.1,0.02046872423838244,0.8430878509958848,-0.007456140350877191,0.9142987729055279,97,False
bm25,4,nqc,3,0.1,0.12125470840660126,0.2392618340298402,0.06359649122807016,0.35866198325465426,97,True
bm25,4,bertQPP,3,0.1,0.17887217131374195,0.08120852334801548,0.17719298245614032,0.010542498984637544,97,False
bm25,4,bertQPP,3,0.1,0.22622527524576497,0.026669076549115975,0.20175438596491224,0.0035910585335480823,97,True
bm25,4,bertQPP(QV),3,0.1,0.1773194477987403,0.08392830630999201,0.1745614035087719,0.011751307036103295,97,False
bm25,4,bertQPP(QV),3,0.1,0.239751803586064,0.01863610993534033,0.2070175438596491,0.0028082775132586228,97,True
bm25,4,spatial,3,0.15,0.4018633107616329,4.9425289775305505e-05,0.2495614035087719,0.00031573529791605395,97,False
bm25,4,spatial,3,0.15,0.2510489529895899,0.013617645666095234,0.20921052631578946,0.002530815422866084,97,True
bm25,4,a_ratio,3,0.15,0.3037322329620571,0.00262641298701061,0.09342105263157893,0.17753318182977484,97,False
bm25,4,a_ratio,3,0.15,0.34304398217686116,0.0006226618003197514,0.23815789473684207,0.0005872336126765293,97,True
bm25,4,nqc,3,0.15,0.020918152586451605,0.8396880576022376,-0.006140350877192982,0.9293787221862809,97,False
bm25,4,nqc,3,0.15,0.1219254184087201,0.23665371086623416,0.0644736842105263,0.35207160001667814,97,True
bm25,4,bertQPP,3,0.15,0.18290301768619474,0.07447569860128524,0.1745614035087719,0.011751307036103295,97,False
bm25,4,bertQPP,3,0.15,0.23253253579250913,0.022616837622077446,0.19736842105263155,0.0043896882161837195,97,True
bm25,4,bertQPP(QV),3,0.15,0.18161597019174586,0.07657489114685437,0.17149122807017542,0.013315695610410695,97,False
bm25,4,bertQPP(QV),3,0.15,0.2465274438796447,0.015464217254590105,0.20350877192982453,0.003310447205982754,97,True
bm25,4,spatial,3,0.2,0.3983374702595023,5.833669757805886e-05,0.2464912280701754,0.0003740846525535562,97,False
bm25,4,spatial,3,0.2,0.251402676872303,0.013481627722914481,0.20789473684210524,0.002694118757519195,97,True
bm25,4,a_ratio,3,0.2,0.3078775005869862,0.002276696648068156,0.10131578947368419,0.14364867455093713,97,False
bm25,4,a_ratio,3,0.2,0.34447946777819705,0.0005886173184881332,0.23201754385964907,0.0008115744326137436,97,True
bm25,4,nqc,3,0.2,0.02142312710097638,0.8358715848940464,-0.004824561403508771,0.9444840737693221,97,False
bm25,4,nqc,3,0.2,0.12267651332310914,0.23375655293881423,0.06403508771929824,0.35535715174125126,97,True
bm25,4,bertQPP,3,0.2,0.18699137524758347,0.06811274059105556,0.17017543859649117,0.014040677766436126,97,False
bm25,4,bertQPP,3,0.2,0.23898003618917696,0.01903066286297548,0.1951754385964912,0.004846583300035788,97,True
bm25,4,bertQPP(QV),3,0.2,0.18591723440124824,0.06974027876308204,0.16622807017543856,0.01642883705367172,97,False
bm25,4,bertQPP(QV),3,0.2,0.25329728698089815,0.012773015962297083,0.19956140350877188,0.003972184685349765,97,True
bm25,4,spatial,3,0.25,0.3929035341091568,7.504463620935123e-05,0.24736842105263154,0.0003564594902013864,97,False
bm25,4,spatial,3,0.25,0.25179572959965385,0.013331873504803695,0.2070175438596491,0.0028082775132586228,97,True
bm25,4,a_ratio,3,0.25,0.3109736348712122,0.002043501446069386,0.1026315789473684,0.13851888045539576,97,False
bm25,4,a_ratio,3,0.25,0.3456465495326881,0.0005622043103498882,0.23815789473684207,0.0005872336126765293,97,True
bm25,4,nqc,3,0.25,0.02199458586554879,0.8315572264676377,-0.003508771929824561,0.9596094143193218,97,False
bm25,4,nqc,3,0.25,0.123523284369153,0.23052011845731976,0.0644736842105263,0.35207160001667814,97,True
bm25,4,bertQPP,3,0.25,0.19104456593650293,0.062246010825830506,0.16359649122807016,0.01821275950357213,97,False
bm25,4,bertQPP,3,0.25,0.245443074962182,0.015938024933286287,0.19429824561403505,0.0050410843610361605,97,True
bm25,4,bertQPP(QV),3,0.25,0.19010422137783606,0.06356907095419734,0.16052631578947366,0.0205064150417212,97,False
bm25,4,bertQPP(QV),3,0.25,0.2598734243143069,0.010558930871905672,0.20175438596491224,0.0035910585335480823,97,True
bm25,4,spatial,3,0.3,0.3853037195092861,0.00010595875523593644,0.24429824561403507,0.00042177571212416556,97,False
bm25,4,spatial,3,0.3,0.25223482379944795,0.013166290103650507,0.2070175438596491,0.0028082775132586228,97,True
bm25,4,a_ratio,3,0.3,0.31257150571537917,0.001931790528633854,0.09999999999999998,0.1489229247512205,97,False
bm25,4,a_ratio,3,0.3,0.34642974836620183,0.0005450929684132276,0.23903508771929818,0.0005603701088308085,97,True
bm25,4,nqc,3,0.3,0.02264652819018608,0.8266413378608347,-0.003508771929824561,0.9596094143193218,97,False
bm25,4,nqc,3,0.3,0.1244851368497874,0.2268820062590932,0.06710526315789472,0.33276408177138295,97,True
bm25,4,bertQPP,3,0.3,0.1949272420811945,0.0570184303498782,0.15877192982456137,0.021927067591039504,97,False
bm25,4,bertQPP,3,0.3,0.2517392562578852,0.013353300614599129,0.19473684210526312,0.00494296865650076,97,True
bm25,4,bertQPP(QV),3,0.3,0.19401056826858715,0.058219025977716755,0.15789473684210523,0.022668970827860974,97,False
bm25,4,bertQPP(QV),3,0.3,0.26600037747809596,0.008806076604018262,0.19824561403508767,0.004218133036173916,97,True
bm25,4,spatial,3,0.35,0.3753329029563719,0.0001645226057146285,0.23684210526315785,0.0006297844386530204,97,False
bm25,4,spatial,3,0.35,0.2527282012793032,0.012982373655696749,0.20877192982456136,0.0025842155919655403,97,True
bm25,4,a_ratio,3,0.35,0.3121625266599216,0.0019598451918459566,0.09736842105263156,0.1599131949044269,97,False
bm25,4,a_ratio,3,0.35,0.34667792120713403,0.0005397713082957163,0.23947368421052628,0.0005473717769045106,97,True
bm25,4,nqc,3,0.35,0.023397160567348786,0.8209895694438172,-0.003947368421052631,0.954565748248739,97,False
bm25,4,nqc,3,0.35,0.1255870614368528,0.22276382918714882,0.06666666666666665,0.33593362539214777,97,True
bm25,4,bertQPP,3,0.35,0.1984503016844139,0.05259134622808672,0.15438596491228068,0.025858902807275798,97,False
bm25,4,bertQPP,3,0.35,0.2576151990436333,0.011278084466058286,0.20175438596491224,0.0035910585335480823,97,True
bm25,4,bertQPP(QV),3,0.35,0.1974144622926703,0.05386261560869718,0.1526315789473684,0.027594583190492877,97,False
bm25,4,bertQPP(QV),3,0.35,0.2713487778709234,0.007490601505730403,0.1894736842105263,0.006242548211379331,97,True
bm25,4,spatial,3,0.4,0.36287228182689735,0.0002795983808278669,0.22675438596491226,0.0010646851601117014,97,False
bm25,4,spatial,3,0.4,0.2532860447012525,0.012777123185176015,0.2096491228070175,0.0024784263365173137,97,True
bm25,4,a_ratio,3,0.4,0.30922760099202196,0.0021722103322146776,0.10657894736842104,0.12397445778654012,97,False
bm25,4,a_ratio,3,0.4,0.34619559203714995,0.0005501581153880703,0.23070175438596488,0.000869004617248621,97,True
bm25,4,nqc,3,0.4,0.024270595815707723,0.8144246872721889,-0.004385964912280701,0.9495239009595372,97,False
bm25,4,nqc,3,0.4,0.12686177829006007,0.21806589711532198,0.06622807017543858,0.33912253473494924,97,True
bm25,4,bertQPP,3,0.4,0.20136178359562476,0.04914973306302927,0.15131578947368418,0.028961443601471626,97,False
bm25,4,bertQPP,3,0.4,0.26273729895036074,0.009704840846950235,0.19473684210526312,0.00494296865650076,97,True
bm25,4,bertQPP(QV),3,0.4,0.20003590194565,0.05069324771358056,0.15175438596491225,0.028499485428052914,97,False
bm25,4,bertQPP(QV),3,0.4,0.2755197641001106,0.006588302660056204,0.18859649122807015,0.006486839186137605,97,True
bm25,4,spatial,3,0.45,0.3479195847160095,0.0005138539870726604,0.2083333333333333,0.002638644175947716,97,False
bm25,4,spatial,3,0.45,0.2539209908570742,0.012546947338988413,0.2096491228070175,0.0024784263365173137,97,True
bm25,4,a_ratio,3,0.45,0.3033167742718315,0.0026639994343695896,0.1026315789473684,0.13851888045539576,97,False
bm25,4,a_ratio,3,0.45,0.3447339932883925,0.0005827619326983794,0.2241228070175438,0.0012169881340798713,97,True
bm25,4,nqc,3,0.45,0.025299441749754834,0.80670816292724,-0.003947368421052631,0.954565748248739,97,False
bm25,4,nqc,3,0.45,0.12835293704590023,0.21265972493846352,0.0675438596491228,0.32961391251233985,97,True
bm25,4,bertQPP,3,0.45,0.203344576907347,0.046914052460330556,0.14868421052631575,0.03187073297896108,97,False
bm25,4,bertQPP,3,0.45,0.2666930649558963,0.008624987618089414,0.18991228070175434,0.006123535868103072,97,True
bm25,4,bertQPP(QV),3,0.45,0.20154498603391605,0.0489395433229837,0.15175438596491225,0.028499485428052914,97,False
bm25,4,bertQPP(QV),3,0.45,0.27806726472610305,0.00608577956704718,0.18771929824561398,0.0067396961345085665,97,True
bm25,4,spatial,3,0.5,0.33060802500371744,0.0010023126845764535,0.20087719298245613,0.0037393284863613424,97,False
bm25,4,spatial,3,0.5,0.2546487317649804,0.0122875824787539,0.21315789473684207,0.0020937133501945666,97,True
bm25,4,a_ratio,3,0.5,0.29414882797516284,0.0036264411140989336,0.10350877192982455,0.13517820748791037,97,False
bm25,4,a_ratio,3,0.5,0.3419835490934291,0.0006489586934485705,0.22850877192982452,0.0009731613713928938,97,True
bm25,4,nqc,3,0.5,0.026528869254277526,0.7975115219286282,-0.003070175438596491,0.9646546976352598,97,False
bm25,4,nqc,3,0.5,0.13012002146581286,0.20637733542671788,0.06666666666666665,0.33593362539214777,97,True
bm25,4,bertQPP,3,0.5,0.20402813171663586,0.04616310520192931,0.13947368421052628,0.04410533540463598,97,False
bm25,4,bertQPP,3,0.5,0.2690116424461326,0.008042447030330685,0.18377192982456136,0.007990630052244877,97,True
bm25,4,bertQPP(QV),3,0.5,0.2015875631221516,0.04889080072397724,0.1451754385964912,0.03613683367153821,97,False
bm25,4,bertQPP(QV),3,0.5,0.2785437552630764,0.005995652288199617,0.18596491228070172,0.007272147742628502,97,True
bm25,4,spatial,3,0.55,0.31120728128574515,0.0020268108297545155,0.1934210526315789,0.005242615402641688,97,False
bm25,4,spatial,3,0.55,0.2554886045428031,0.011994074021268598,0.21228070175438593,0.0021843848573714557,97,True
bm25,4,a_ratio,3,0.55,0.281702653525461,0.005427503374846266,0.09649122807017542,0.1637097319480596,97,False
bm25,4,a_ratio,3,0.55,0.3375710089393271,0.0007696546593211701,0.22543859649122802,0.0011384845622564176,97,True
bm25,4,nqc,3,0.55,0.028023237598796803,0.7863702526391606,-0.0021929824561403503,0.9747493089119874,97,False
bm25,4,nqc,3,0.55,0.13224609335910667,0.19899582407644653,0.06666666666666665,0.33593362539214777,97,True
bm25,4,bertQPP,3,0.55,0.20302205076333596,0.047271872413914694,0.13684210526315788,0.04825617082139475,97,False
bm25,4,bertQPP,3,0.55,0.26921129022695856,0.007993945431782643,0.17543859649122803,0.01133536481749997,97,True
bm25,4,bertQPP(QV),3,0.55,0.19983193859714943,0.050934198290536144,0.143859649122807,0.03785761656074964,97,False
bm25,4,bertQPP(QV),3,0.55,0.27656853029271644,0.006377139369956124,0.18114035087719296,0.008936269357215086,97,True
bm25,4,spatial,3,0.6,0.2901038140165477,0.004142243284325386,0.175,0.011541673254595812,97,False
bm25,4,spatial,3,0.6,0.25646381267815416,0.011660959062394373,0.21315789473684207,0.0020937133501945666,97,True
bm25,4,a_ratio,3,0.6,0.2662627194181158,0.008737103201923353,0.09736842105263156,0.1599131949044269,97,False
bm25,4,a_ratio,3,0.6,0.33106635517216765,0.0009852227378233966,0.22105263157894733,0.0014199974923815438,97,True
bm25,4,nqc,3,0.6,0.02987734085778064,0.7726068122259643,-0.004385964912280701,0.9495239009595372,97,False
bm25,4,nqc,3,0.6,0.1348504275941005,0.19021500454677304,0.06842105263157894,0.3233717236427517,97,True
bm25,4,bertQPP,3,0.6,0.19997547001598903,0.050764540377044705,0.1293859649122807,0.06183352376776574,97,False
bm25,4,bertQPP,3,0.6,0.2668747288472203,0.008578040790855564,0.168859649122807,0.014800278325359423,97,True
bm25,4,bertQPP(QV),3,0.6,0.1960325682328535,0.05559778070640169,0.1364035087719298,0.04897892442735811,97,False
bm25,4,bertQPP(QV),3,0.6,0.27190608506340597,0.007364050194602169,0.16842105263157892,0.015061406503459098,97,True
bm25,4,spatial,3,0.65,0.26776356877691243,0.008351566200747361,0.1583333333333333,0.022295335985736058,97,False
bm25,4,spatial,3,0.65,0.25760014416081517,0.011283018980314634,0.212719298245614,0.0021386085398990835,97,True
bm25,4,a_ratio,3,0.65,0.24839193246457858,0.014678026317108066,0.09605263157894735,0.16563329080372124,97,False
bm25,4,a_ratio,3,0.65,0.3220063690355569,0.0013774132822457622,0.21184210526315786,0.0022310577254778404,97,True
bm25,4,nqc,3,0.65,0.032236444848677305,0.7551963887190608,-0.005263157894736841,0.9394464677531641,97,False
bm25,4,nqc,3,0.65,0.1381098709234716,0.17962545589570933,0.0675438596491228,0.32961391251233985,97,True
bm25,4,bertQPP,3,0.65,0.19465516173744762,0.05737264843394211,0.11666666666666664,0.09220020518291383,97,False
bm25,4,bertQPP,3,0.65,0.26173953228478625,0.0099952630683177,0.15921052631578944,0.02156410311246367,97,True
bm25,4,bertQPP(QV),3,0.65,0.1900950805180021,0.06358204340592741,0.12149122807017541,0.07950949270058337,97,False
bm25,4,bertQPP(QV),3,0.65,0.26453080999548484,0.00920136719730408,0.1596491228070175,0.021206380497260476,97,True
bm25,4,spatial,3,0.7,0.24468511986354163,0.016276619207051535,0.13947368421052628,0.04410533540463598,97,False
bm25,4,spatial,3,0.7,0.2589196291826916,0.010857628540995859,0.21228070175438593,0.0021843848573714557,97,True
bm25,4,a_ratio,3,0.7,0.2288358726026307,0.024922602729432978,0.09122807017543857,0.18792678491316706,97,False
bm25,4,a_ratio,3,0.7,0.3099418502363916,0.0021187008914072686,0.20087719298245613,0.0037393284863613424,97,True
bm25,4,nqc,3,0.7,0.03533406564674015,0.7325214244270419,-0.0026315789473684206,0.9697013964662655,97,False
bm25,4,nqc,3,0.7,0.14229625568690185,0.16666547043838054,0.06929824561403508,0.3172070960462492,97,True
bm25,4,bertQPP,3,0.7,0.1870199198452589,0.06806991263541365,0.11535087719298244,0.09593017536365477,97,False
bm25,4,bertQPP,3,0.7,0.25377550497157897,0.012599366310275546,0.14912280701754385,0.031369120531165556,97,True
bm25,4,bertQPP(QV),3,0.7,0.18211829012456587,0.07575002193424446,0.11228070175438595,0.1051035749997424,97,False
bm25,4,bertQPP(QV),3,0.7,0.25465183227150145,0.012286487540818835,0.14868421052631575,0.03187073297896108,97,True
bm25,4,spatial,3,0.75,0.221353337162717,0.030207217761512268,0.12456140350877191,0.07220038663462734,97,False
bm25,4,spatial,3,0.75,0.26041749826911,0.010391786082981145,0.21403508771929822,0.002006505794696667,97,True
bm25,4,a_ratio,3,0.75,0.2083934910444365,0.04159880199063213,0.08245614035087717,0.23399620258604115,97,False
bm25,4,a_ratio,3,0.75,0.29451149193123105,0.003583129932569401,0.19999999999999996,0.0038931422663722555,97,True
bm25,4,nqc,3,0.75,0.039568032483062836,0.7018996382731133,-0.0026315789473684206,0.9697013964662655,97,False
bm25,4,nqc,3,0.75,0.1478437490213807,0.15057480652171837,0.07499999999999998,0.27902607466789,97,True
bm25,4,bertQPP,3,0.75,0.17725938629076135,0.08403495121632427,0.09342105263157893,0.17753318182977484,97,False
bm25,4,bertQPP,3,0.75,0.24321609726904783,0.01695059983574022,0.13552631578947366,0.05045170824112038,97,True
bm25,4,bertQPP(QV),3,0.75,0.17239218811916074,0.0930419929722443,0.0995614035087719,0.15071347598911033,97,False
bm25,4,bertQPP(QV),3,0.75,0.2426843786624665,0.017200420829719655,0.1293859649122807,0.06183352376776574,97,True
bm25,4,spatial,3,0.8,0.1982021048852764,0.05289368349582764,0.10482456140350875,0.13028435883805162,97,False
bm25,4,spatial,3,0.8,0.2619810528972393,0.00992427317412443,0.21140350877192976,0.002278642796588288,97,True
bm25,4,a_ratio,3,0.8,0.18779931726877785,0.06690890959115109,0.07456140350877193,0.2818470721414411,97,False
bm25,4,a_ratio,3,0.8,0.27553512536022007,0.006585165648556491,0.17017543859649117,0.014040677766436126,97,True
bm25,4,nqc,3,0.8,0.04566510617589503,0.6586380038368301,0.003070175438596491,0.9646546976352598,97,False
bm25,4,nqc,3,0.8,0.15546858366272343,0.13039818558023472,0.0820175438596491,0.2364933356716986,97,True
bm25,4,bertQPP,3,0.8,0.1657741672919506,0.10649245216288708,0.08421052631578946,0.2241946713631342,97,False
bm25,4,bertQPP,3,0.8,0.23052553652590602,0.02384496289113308,0.12719298245614033,0.06638202051764104,97,True
bm25,4,bertQPP(QV),3,0.8,0.1613485073826358,0.11630206605964326,0.08026315789473683,0.2466700962299916,97,False
bm25,4,bertQPP(QV),3,0.8,0.22917635466494096,0.024702171568622023,0.11973684210526314,0.08394926271711613,97,True
bm25,4,spatial,3,0.85,0.17559070611629152,0.08704124341397582,0.09429824561403508,0.17349779395571174,97,False
bm25,4,spatial,3,0.85,0.2630841547845254,0.009605628579179452,0.20307017543859646,0.0033786625934052374,97,True
bm25,4,a_ratio,3,0.85,0.16764761298561354,0.10253959074425263,0.06885964912280701,0.3202797133432874,97,False
bm25,4,a_ratio,3,0.85,0.2531036923226416,0.012843904070302255,0.1596491228070175,0.021206380497260476,97,True
bm25,4,nqc,3,0.85,0.05505960651454682,0.5941655321301788,0.012719298245614033,0.8543401854899793,97,False
bm25,4,nqc,3,0.85,0.166339369460971,0.1052875881558156,0.0995614035087719,0.15071347598911033,97,True
bm25,4,bertQPP,3,0.85,0.15310062569310487,0.13642992837753978,0.07675438596491226,0.2679345327469521,97,False
bm25,4,bertQPP,3,0.85,0.21631187484118072,0.034278376870517754,0.1114035087719298,0.10784864986018966,97,True
bm25,4,bertQPP(QV),3,0.85,0.1494820712026782,0.1460532909684012,0.07850877192982454,0.2571497949986177,97,False
bm25,4,bertQPP(QV),3,0.85,0.2147167022224945,0.03565890918122622,0.11622807017543857,0.09343036497045672,97,True
bm25,4,spatial,3,0.9,0.15379423837395725,0.13464160151000737,0.07763157894736841,0.2625039156547271,97,False
bm25,4,spatial,3,0.9,0.2614740445165966,0.010073810677577892,0.20087719298245613,0.0037393284863613424,97,True
bm25,4,a_ratio,3,0.9,0.14836466380316893,0.14912592093339808,0.0600877192982456,0.3857919467847981,97,False
bm25,4,a_ratio,3,0.9,0.22763084407908485,0.025716260674318626,0.1350877192982456,0.05120190672411439,97,True
bm25,4,nqc,3,0.9,0.07070883071574427,0.4936061877819268,0.022807017543859644,0.7420164201662911,97,False
bm25,4,nqc,3,0.9,0.18186244040612826,0.07616926172925878,0.11315789473684208,0.10241424976669938,97,True
bm25,4,bertQPP,3,0.9,0.13981031629797724,0.17427516144030916,0.07061403508771928,0.30810560167955003,97,False
bm25,4,bertQPP,3,0.9,0.2012193693866639,0.04931364055809508,0.1026315789473684,0.13851888045539576,97,True
bm25,4,bertQPP(QV),3,0.9,0.13727168564014758,0.18230650168824564,0.06798245614035085,0.32648312465382767,97,False
bm25,4,bertQPP(QV),3,0.9,0.1998545995620262,0.0509073814158607,0.10745614035087717,0.12091024044629245,97,True
bm25,4,spatial,3,0.95,0.1330054064657189,0.19640614206422122,0.06359649122807016,0.35866198325465426,97,False
bm25,4,spatial,3,0.95,0.2465668341895217,0.015447237991360543,0.17719298245614032,0.010542498984637544,97,True
bm25,4,a_ratio,3,0.95,0.13021774814235343,0.2060338065601712,0.05657894736842104,0.41413980228765324,97,False
bm25,4,a_ratio,3,0.95,0.1998341693489811,0.050931557913320935,0.09868421052631578,0.1543437435330081,97,True
bm25,4,nqc,3,0.95,0.09677510666793004,0.348253879124425,0.0513157894736842,0.45889683919029467,97,False
bm25,4,nqc,3,0.95,0.1981530758790636,0.05295357616552321,0.11666666666666664,0.09220020518291383,97,True
bm25,4,bertQPP,3,0.95,0.12642119366627702,0.2196816693620992,0.05482456140350876,0.42876409773782276,97,False
bm25,4,bertQPP,3,0.95,0.1858363089191696,0.06986415867356736,0.09210526315789472,0.18371670779212068,97,True
bm25,4,bertQPP(QV),3,0.95,0.12512336060847118,0.22449033724942236,0.05833333333333332,0.39981479570036405,97,False
bm25,4,bertQPP(QV),3,0.95,0.18504725106879094,0.07108137775973879,0.08596491228070174,0.21469019566351544,97,True
bm25,4,spatial,3,1.0,0.11334376673750733,0.27153356958096264,0.0513157894736842,0.45889683919029467,97,False
bm25,4,spatial,3,1.0,0.17063899025648027,0.09646714624694093,0.07850877192982454,0.2571497949986177,97,True
bm25,4,a_ratio,3,1.0,0.11334376673750733,0.27153356958096264,0.0513157894736842,0.45889683919029467,97,False
bm25,4,a_ratio,3,1.0,0.17063899025648027,0.09646714624694093,0.07850877192982454,0.2571497949986177,97,True
bm25,4,nqc,3,1.0,0.11334376673750733,0.27153356958096264,0.0513157894736842,0.45889683919029467,97,False
bm25,4,nqc,3,1.0,0.17063899025648027,0.09646714624694093,0.07850877192982454,0.2571497949986177,97,True
bm25,4,bertQPP,3,1.0,0.11334376673750733,0.27153356958096264,0.0513157894736842,0.45889683919029467,97,False
bm25,4,bertQPP,3,1.0,0.17063899025648027,0.09646714624694093,0.07850877192982454,0.2571497949986177,97,True
bm25,4,bertQPP(QV),3,1.0,0.11334376673750733,0.27153356958096264,0.0513157894736842,0.45889683919029467,97,False
bm25,4,bertQPP(QV),3,1.0,0.17063899025648027,0.09646714624694093,0.07850877192982454,0.2571497949986177,97,True
bm25,4,spatial,4,0.0,0.4037614090489069,4.517064367080608e-05,0.24912280701754383,0.00032351427155757553,97,False
bm25,4,spatial,4,0.0,0.2501732937929054,0.013959506461471155,0.20921052631578946,0.002530815422866084,97,True
bm25,4,a_ratio,4,0.0,0.2882861454452175,0.004394640876071033,0.08026315789473683,0.2466700962299916,97,False
bm25,4,a_ratio,4,0.0,0.33789759892324867,0.000760063929375933,0.23201754385964907,0.0008115744326137436,97,True
bm25,4,nqc,4,0.0,0.01970354342631228,0.8488828114964245,-0.008333333333333331,0.9042622467947524,97,False
bm25,4,nqc,4,0.0,0.12010795471193708,0.2437671751705969,0.06052631578947368,0.3823337405619286,97,True
bm25,4,bertQPP,4,0.0,0.1712014758316667,0.09535759302867927,0.168859649122807,0.014800278325359423,97,False
bm25,4,bertQPP,4,0.0,0.2143207230094226,0.03600874538298362,0.1964912280701754,0.004567543784697511,97,True
bm25,4,bertQPP(QV),4,0.0,0.16903733798076603,0.09968227112021084,0.17324561403508767,0.01240061333688213,97,False
bm25,4,bertQPP(QV),4,0.0,0.22666462033708634,0.026368078840486996,0.20043859649122803,0.0038155311548393224,97,True
bm25,4,spatial,4,0.05,0.4069563758011647,3.877189878121896e-05,0.25131578947368416,0.0002863369173575716,97,False
bm25,4,spatial,4,0.05,0.2506755035441939,0.013762541539193823,0.21008771929824557,0.0024270312486862444,97,True
bm25,4,a_ratio,4,0.05,0.29751689388131974,0.0032416494322099715,0.08596491228070174,0.21469019566351544,97,False
bm25,4,a_ratio,4,0.05,0.34127601771863525,0.0006670652899459707,0.23991228070175435,0.0005346547694821339,97,True
bm25,4,nqc,4,0.05,0.02035380678055531,0.8439576325351749,-0.007456140350877191,0.9142987729055279,97,False
bm25,4,nqc,4,0.05,0.1209040001908328,0.24063351129090033,0.06271929824561404,0.36532940366389033,97,True
bm25,4,bertQPP,4,0.05,0.177966848279614,0.0827856160464518,0.17061403508771927,0.013795236924875342,97,False
bm25,4,bertQPP,4,0.05,0.2225525169856604,0.029301446424043778,0.20263157894736838,0.0034481555035308746,97,True
bm25,4,bertQPP(QV),4,0.05,0.17648281177104544,0.08542357470515306,0.17368421052631575,0.012180731335371816,97,False
bm25,4,bertQPP(QV),4,0.05,0.235837257630807,0.020712446237603998,0.20789473684210524,0.002694118757519195,97,True
bm25,4,spatial,4,0.1,0.4093786360517158,3.449614558162632e-05,0.2552631578947368,0.00022930364440164065,97,False
bm25,4,spatial,4,0.1,0.2512288790153102,0.013548310139090445,0.21008771929824557,0.0024270312486862444,97,True
bm25,4,a_ratio,4,0.1,0.3069953955249287,0.0023473888325366856,0.09210526315789472,0.18371670779212068,97,False
bm25,4,a_ratio,4,0.1,0.3447410231298036,0.0005826009702491206,0.24166666666666664,0.0004864896630231411,97,True
bm25,4,nqc,4,0.1,0.021076040220196712,0.838494378903718,-0.007017543859649122,0.9193222670955983,97,False
bm25,4,nqc,4,0.1,0.12178623201618688,0.23719331824427706,0.0631578947368421,0.36198607447715714,97,True
bm25,4,bertQPP,4,0.1,0.18521367131127325,0.07082324063700195,0.18245614035087715,0.008451628874483844,97,False
bm25,4,bertQPP,4,0.1,0.23129847688410576,0.02336540721076196,0.2070175438596491,0.0028082775132586228,97,True
bm25,4,bertQPP(QV),4,0.1,0.18443628169547574,0.07203557659537169,0.17631578947368418,0.010932545975931482,97,False
bm25,4,bertQPP(QV),4,0.1,0.24550011948056205,0.015912790342684585,0.21447368421052626,0.001964163707567382,97,True
bm25,4,spatial,4,0.15,0.4108275260309032,3.215354557061669e-05,0.25614035087719295,0.00021816883242795217,97,False
bm25,4,spatial,4,0.15,0.2518416039200734,0.013314489891133126,0.20921052631578946,0.002530815422866084,97,True
bm25,4,a_ratio,4,0.15,0.31655521695119104,0.0016769057926373295,0.09999999999999998,0.1489229247512205,97,False
bm25,4,a_ratio,4,0.15,0.3482643029160494,0.0005068638550750674,0.24122807017543854,0.0004981362879627977,97,True
bm25,4,nqc,4,0.15,0.02188286057070582,0.8324003336752794,-0.007017543859649122,0.9193222670955983,97,False
bm25,4,nqc,4,0.15,0.12276939785820473,0.23340000058307397,0.06491228070175437,0.3488053465027995,97,True
bm25,4,bertQPP,4,0.15,0.19294640169761063,0.05963863533325159,0.1820175438596491,0.008610498746466352,97,False
bm25,4,bertQPP,4,0.15,0.24053919956827977,0.018240844501168547,0.2083333333333333,0.002638644175947716,97,True
bm25,4,bertQPP(QV),4,0.15,0.19288800158218078,0.05971735236933129,0.1846491228070175,0.007695938960913375,97,False
bm25,4,bertQPP(QV),4,0.15,0.25559436991203777,0.011957549485633594,0.20789473684210524,0.002694118757519195,97,True
bm25,4,spatial,4,0.2,0.4110860363662879,3.175154256503222e-05,0.2539473684210526,0.0002470100935230778,97,False
bm25,4,spatial,4,0.2,0.2525236898388348,0.013058336335701259,0.20877192982456136,0.0025842155919655403,97,True
bm25,4,a_ratio,4,0.2,0.3259523846809892,0.0011918559845579336,0.11403508771929823,0.09977996424599991,97,False
bm25,4,a_ratio,4,0.2,0.3518039937639359,0.00043996591790075666,0.23991228070175435,0.0005346547694821339,97,True
bm25,4,nqc,4,0.2,0.022790007882364828,0.825560337327507,-0.003947368421052631,0.954565748248739,97,False
bm25,4,nqc,4,0.2,0.12387179940624324,0.22919721007052665,0.0644736842105263,0.35207160001667814,97,True
bm25,4,bertQPP,4,0.2,0.2011486430161443,0.049395208560634535,0.1820175438596491,0.008610498746466352,97,False
bm25,4,bertQPP,4,0.2,0.2502240429828837,0.013939492220703401,0.20570175438596489,0.0029878149035424606,97,True
bm25,4,bertQPP(QV),4,0.2,0.20179944291464452,0.0486488348780406,0.17543859649122803,0.01133536481749997,97,False
bm25,4,bertQPP(QV),4,0.2,0.26601564482487394,0.008802049525160569,0.21359649122807012,0.0020496840923188192,97,True
bm25,4,spatial,4,0.25,0.4099305070383632,3.3585673196990115e-05,0.25307017543859645,0.0002595183880458877,97,False
bm25,4,spatial,4,0.25,0.2532875107100215,0.012776587532457239,0.2083333333333333,0.002638644175947716,97,True
bm25,4,a_ratio,4,0.25,0.3348489252258271,0.0008539970692089306,0.11622807017543857,0.09343036497045672,97,False
bm25,4,a_ratio,4,0.25,0.3552999345453173,0.00038194532511914056,0.24517543859649119,0.0004020556656752658,97,True
bm25,4,nqc,4,0.25,0.023817372226130243,0.8178296199630649,-0.003508771929824561,0.9596094143193218,97,False
bm25,4,nqc,4,0.25,0.12511642619390534,0.22451622752334902,0.06622807017543858,0.33912253473494924,97,True
bm25,4,bertQPP,4,0.25,0.2097720609378084,0.04023800548383969,0.17675438596491225,0.010735947690716544,97,False
bm25,4,bertQPP,4,0.25,0.2602577805461557,0.010440611045010015,0.2083333333333333,0.002638644175947716,97,True
bm25,4,bertQPP(QV),4,0.25,0.21108998549173835,0.038972002507096044,0.17324561403508767,0.01240061333688213,97,False
bm25,4,bertQPP(QV),4,0.25,0.27659895477584656,0.00637110404597854,0.21359649122807012,0.0020496840923188192,97,True
bm25,4,spatial,4,0.3,0.40714478321188396,3.842235093460549e-05,0.24342105263157887,0.00044239606192260735,97,False
bm25,4,spatial,4,0.3,0.25414853350762545,0.012465344013023384,0.20789473684210524,0.002694118757519195,97,True
bm25,4,a_ratio,4,0.3,0.34280291014992514,0.0006285528059557573,0.1219298245614035,0.07842990329741044,97,False
bm25,4,a_ratio,4,0.3,0.3586675234803574,0.0003327895561477065,0.2460526315789473,0.00038319963731609435,97,True
bm25,4,nqc,4,0.3,0.02499045241598525,0.8090237288214841,-0.003070175438596491,0.9646546976352598,97,False
bm25,4,nqc,4,0.3,0.12653255039742528,0.2192724905959051,0.06842105263157894,0.3233717236427517,97,True
bm25,4,bertQPP,4,0.3,0.21872168431011438,0.03227820939140487,0.17543859649122803,0.01133536481749997,97,False
bm25,4,bertQPP,4,0.3,0.2704843251776141,0.007690695968467163,0.20614035087719296,0.0029268376346768604,97,True
bm25,4,bertQPP(QV),4,0.3,0.22062046342957795,0.03077234564146529,0.1758771929824561,0.011132337112518993,97,False
bm25,4,bertQPP(QV),4,0.3,0.28710292675605514,0.0045662229861742065,0.21622807017543857,0.0018028700906948475,97,True
bm25,4,spatial,4,0.35,0.4025383947020726,4.787098781089577e-05,0.23640350877192978,0.0006445938679827261,97,False
bm25,4,spatial,4,0.35,0.25512633265606666,0.012119917855920594,0.2083333333333333,0.002638644175947716,97,True
bm25,4,a_ratio,4,0.35,0.3492736255493386,0.0004868954588055101,0.118859649122807,0.08624325957567905,97,False
bm25,4,a_ratio,4,0.35,0.3617899643650257,0.00029248429633578455,0.24824561403508766,0.00033961331260065896,97,True
bm25,4,nqc,4,0.35,0.02634247356662281,0.7989040972499528,-0.0008771929824561403,0.9898983068920344,97,False
bm25,4,nqc,4,0.35,0.12815801547028355,0.21336094786152462,0.06929824561403508,0.3172070960462492,97,True
bm25,4,bertQPP,4,0.35,0.22783776741117956,0.025578466486001157,0.17236842105263153,0.012850949167755494,97,False
bm25,4,bertQPP,4,0.35,0.2806688370903133,0.005607941884314254,0.20745614035087714,0.002750657172647581,97,True
bm25,4,bertQPP(QV),4,0.35,0.2301749380797663,0.024065238850645283,0.17149122807017542,0.013315695610410695,97,False
bm25,4,bertQPP(QV),4,0.35,0.29719686328563066,0.0032765697171293134,0.2096491228070175,0.0024784263365173137,97,True
bm25,4,spatial,4,0.4,0.39596716128331616,6.514583592138657e-05,0.23157894736842102,0.0008303144784156731,97,False
bm25,4,spatial,4,0.4,0.2562460218503254,0.01173464413445656,0.20877192982456136,0.0025842155919655403,97,True
bm25,4,a_ratio,4,0.4,0.3536523772416755,0.0004083511177399927,0.11929824561403506,0.08509000988854595,97,False
bm25,4,a_ratio,4,0.4,0.3645088456590628,0.00026110482458814783,0.24561403508771923,0.00039252186505296443,97,True
bm25,4,nqc,4,0.4,0.027917536858997345,0.7871569208117626,-0.004385964912280701,0.9495239009595372,97,False
bm25,4,nqc,4,0.4,0.13004259504137605,0.20664979525245844,0.06885964912280701,0.3202797133432874,97,True
bm25,4,bertQPP,4,0.4,0.23687590653447943,0.020143060693707877,0.17280701754385963,0.012624003653747995,97,False
bm25,4,bertQPP,4,0.4,0.2904815648666842,0.004091443481875039,0.21228070175438593,0.0021843848573714557,97,True
bm25,4,bertQPP(QV),4,0.4,0.23944432997596385,0.018792448559641132,0.16842105263157892,0.015061406503459098,97,False
bm25,4,bertQPP(QV),4,0.4,0.3064565486026404,0.0023915391366841825,0.20789473684210524,0.002694118757519195,97,True
bm25,4,spatial,4,0.45,0.38735337383577484,9.662519819362893e-05,0.22938596491228067,0.0009301837506347448,97,False
bm25,4,spatial,4,0.45,0.2575403106876355,0.011302649149238552,0.2096491228070175,0.0024784263365173137,97,True
bm25,4,a_ratio,4,0.45,0.35532702238961655,0.0003815246106630199,0.12280701754385961,0.07630651637729123,97,False
bm25,4,a_ratio,4,0.45,0.3666133738349685,0.00023898119225961029,0.24342105263157887,0.00044239606192260735,97,True
bm25,4,nqc,4,0.45,0.029775436232096095,0.7733614918943501,-0.003070175438596491,0.9646546976352598,97,False
bm25,4,nqc,4,0.45,0.13225304864646287,0.19897199176671845,0.06973684210526314,0.31415387247865256,97,True
bm25,4,bertQPP,4,0.45,0.2454898418185575,0.0159173342827113,0.17061403508771927,0.013795236924875342,97,False
bm25,4,bertQPP,4,0.45,0.29948968203678605,0.0030336582956046777,0.19956140350877188,0.003972184685349765,97,True
bm25,4,bertQPP(QV),4,0.45,0.2480187692069027,0.014832541619073585,0.1596491228070175,0.021206380497260476,97,False
bm25,4,bertQPP(QV),4,0.45,0.3143768810252324,0.0018122331470512712,0.19956140350877188,0.003972184685349765,97,True
bm25,4,spatial,4,0.5,0.37670181448935997,0.00015500758096720566,0.21359649122807012,0.0020496840923188192,97,False
bm25,4,spatial,4,0.5,0.25905251240602,0.010815575737426645,0.21228070175438593,0.0021843848573714557,97,True
bm25,4,a_ratio,4,0.5,0.35377837568123927,0.0004062739622024529,0.12061403508771927,0.08170491462400999,97,False
bm25,4,a_ratio,4,0.5,0.36782932577902905,0.00022700076480834292,0.23991228070175435,0.0005346547694821339,97,True
bm25,4,nqc,4,0.5,0.03199926164241427,0.7569414642063177,-0.0008771929824561403,0.9898983068920344,97,False
bm25,4,nqc,4,0.5,0.13488095178409437,0.19011378107619667,0.07061403508771928,0.30810560167955003,97,True
bm25,4,bertQPP,4,0.5,0.25322526011080687,0.012799349979728645,0.1644736842105263,0.017600127768823963,97,False
bm25,4,bertQPP,4,0.5,0.30716639115051075,0.002333532619143708,0.19780701754385963,0.004303135489039045,97,True
bm25,4,bertQPP(QV),4,0.5,0.25539870692017685,0.012025195327740218,0.156578947368421,0.023822706517307408,97,False
bm25,4,bertQPP(QV),4,0.5,0.320409340125175,0.001459689055625305,0.20307017543859646,0.0033786625934052374,97,True
bm25,4,spatial,4,0.55,0.36410787673772516,0.0002655284614016036,0.19473684210526312,0.00494296865650076,97,False
bm25,4,spatial,4,0.55,0.2608410198791334,0.010263284076118389,0.21315789473684207,0.0020937133501945666,97,True
bm25,4,a_ratio,4,0.55,0.34868958702095265,0.0004983602223967699,0.12061403508771927,0.08170491462400999,97,False
bm25,4,a_ratio,4,0.55,0.36781006018322326,0.00022718617897943762,0.2346491228070175,0.0007071302383650919,97,True
bm25,4,nqc,4,0.55,0.03470784917120277,0.7370876360146893,0.00043859649122807013,0.9949490522405066,97,False
bm25,4,nqc,4,0.55,0.13805522166112633,0.17979937505926744,0.0719298245614035,0.2991785778062356,97,True
bm25,4,bertQPP,4,0.55,0.2595365848310128,0.010663586313996045,0.1508771929824561,0.029429833054879267,97,False
bm25,4,bertQPP,4,0.55,0.3129275314709821,0.0019076642257106768,0.1864035087719298,0.00713560971179531,97,True
bm25,4,bertQPP(QV),4,0.55,0.2610353156174453,0.01020479932896992,0.14561403508771928,0.03557825904670918,97,False
bm25,4,bertQPP(QV),4,0.55,0.32402745615804013,0.0012793302442334117,0.19166666666666665,0.0056676554767862795,97,True
bm25,4,spatial,4,0.6,0.34975523135455155,0.00047762406647416125,0.175,0.011541673254595812,97,False
bm25,4,spatial,4,0.6,0.262986062338459,0.009633595640106655,0.21447368421052626,0.001964163707567382,97,True
bm25,4,a_ratio,4,0.6,0.3400334609009991,0.0006999859975808996,0.11842105263157893,0.08740910208359153,97,False
bm25,4,a_ratio,4,0.6,0.36613381504888065,0.00024386458944299208,0.2302631578947368,0.0008889704166142316,97,True
bm25,4,nqc,4,0.6,0.038077057844291815,0.7126317047291532,0.00043859649122807013,0.9949490522405066,97,False
bm25,4,nqc,4,0.6,0.1419629048288365,0.1676713733284339,0.07499999999999998,0.27902607466789,97,True
bm25,4,bertQPP,4,0.6,0.2638386971885329,0.009392872145439858,0.13991228070175438,0.04344370723734423,97,False
bm25,4,bertQPP,4,0.6,0.3162014815821239,0.0016982396975901938,0.18552631578947365,0.007411025603920558,97,True
bm25,4,bertQPP(QV),4,0.6,0.26440462460067976,0.009236024481401324,0.1359649122807017,0.04971074224007309,97,False
bm25,4,bertQPP(QV),4,0.6,0.32481263542505084,0.0012429685762540721,0.1789473684210526,0.00979934996376251,97,True
bm25,4,spatial,4,0.65,0.3339026752916963,0.000885236717499404,0.15921052631578944,0.02156410311246367,97,False
bm25,4,spatial,4,0.65,0.26559995272500914,0.00891227681231334,0.21491228070175433,0.001922643300449403,97,True
bm25,4,a_ratio,4,0.65,0.3281010489806432,0.0011006619953416745,0.1100877192982456,0.11207233731986323,97,False
bm25,4,a_ratio,4,0.65,0.36231376198005827,0.00028618120024606657,0.2241228070175438,0.0012169881340798713,97,True
bm25,4,nqc,4,0.65,0.04237800454222516,0.6818330497244016,0.0,1.0,97,False
bm25,4,nqc,4,0.65,0.14688513865842984,0.1532686643806861,0.07456140350877193,0.2818470721414411,97,True
bm25,4,bertQPP,4,0.65,0.2655969067866005,0.0089130889472567,0.1421052631578947,0.040260018266768394,97,False
bm25,4,bertQPP,4,0.65,0.3165258878454235,0.0016786653743721992,0.1776315789473684,0.010352157028285932,97,True
bm25,4,bertQPP(QV),4,0.65,0.26510521423539213,0.009045044002296273,0.1276315789473684,0.06545090776900864,97,False
bm25,4,bertQPP(QV),4,0.65,0.322539123685208,0.0013509174808877685,0.1614035087719298,0.019826684390718458,97,True
bm25,4,spatial,4,0.7,0.31686230164717705,0.0016585824242187506,0.14122807017543856,0.041508925271761435,97,False
bm25,4,spatial,4,0.7,0.26884227236377245,0.008083796133861978,0.21447368421052626,0.001964163707567382,97,True
bm25,4,a_ratio,4,0.7,0.3134551788324211,0.0018724084244915128,0.09692982456140349,0.16180305747112322,97,False
bm25,4,a_ratio,4,0.7,0.35582888311696326,0.00037380664642697674,0.21403508771929822,0.002006505794696667,97,True
bm25,4,nqc,4,0.7,0.04804997993062927,0.6420078891326714,0.004385964912280701,0.9495239009595372,97,False
bm25,4,nqc,4,0.7,0.15326228394040858,0.13601152483941606,0.07587719298245613,0.27344185633141316,97,True
bm25,4,bertQPP,4,0.7,0.264439500790727,0.009226434164192717,0.1263157894736842,0.0682769876388756,97,False
bm25,4,bertQPP,4,0.7,0.3136475012431321,0.0018597051792390135,0.1614035087719298,0.019826684390718458,97,True
bm25,4,bertQPP(QV),4,0.7,0.26295116405375635,0.009643562673996657,0.11578947368421051,0.09467365840926534,97,False
bm25,4,bertQPP(QV),4,0.7,0.3172290535724541,0.0016369363862457434,0.14999999999999997,0.030386188269096972,97,True
bm25,4,spatial,4,0.75,0.29897302584104746,0.0030869387078031603,0.12543859649122807,0.07021620460948058,97,False
bm25,4,spatial,4,0.75,0.2729398462902286,0.0071342960831923905,0.21973684210526312,0.001516205986896074,97,True
bm25,4,a_ratio,4,0.75,0.2968251125423468,0.003317556478706661,0.0995614035087719,0.15071347598911033,97,False
bm25,4,a_ratio,4,0.75,0.3461825759086269,0.0005504409349665738,0.19956140350877188,0.003972184685349765,97,True
bm25,4,nqc,4,0.75,0.05584960596636921,0.5888756604820039,0.007456140350877191,0.9142987729055279,97,False
bm25,4,nqc,4,0.75,0.16181758798124773,0.11523037028834375,0.08289473684210526,0.23151781230384616,97,True
bm25,4,bertQPP,4,0.75,0.26025585545266783,0.010441200759808868,0.11228070175438595,0.1051035749997424,97,False
bm25,4,bertQPP,4,0.75,0.3075896358680914,0.00229955241277007,0.14429824561403506,0.037276435612080196,97,True
bm25,4,bertQPP(QV),4,0.75,0.2580234546931893,0.011144988042887998,0.10131578947368419,0.14364867455093713,97,False
bm25,4,bertQPP(QV),4,0.75,0.3091549522367969,0.0021777206845178033,0.13947368421052628,0.04410533540463598,97,True
bm25,4,spatial,4,0.8,0.2805741396565292,0.005624733272369959,0.10877192982456138,0.11642541877279129,97,False
bm25,4,spatial,4,0.8,0.2781988034165958,0.006060780076266783,0.21885964912280698,0.001583643031304207,97,True
bm25,4,a_ratio,4,0.8,0.2789816790720878,0.005913865343118256,0.08728070175438594,0.2077549299013257,97,False
bm25,4,a_ratio,4,0.8,0.3329891873127451,0.0009163799996116239,0.18333333333333332,0.008141731588545092,97,True
bm25,4,nqc,4,0.8,0.06718144283486432,0.5154637640928439,0.017982456140350874,0.7952115822983997,97,False
bm25,4,nqc,4,0.8,0.17380041305010546,0.09036095686422767,0.09999999999999998,0.1489229247512205,97,True
bm25,4,bertQPP,4,0.8,0.25323701572835544,0.01279504873849442,0.09298245614035086,0.1795768982922561,97,False
bm25,4,bertQPP,4,0.8,0.2986577386505653,0.003119863852144116,0.13684210526315788,0.04825617082139475,97,True
bm25,4,bertQPP(QV),4,0.8,0.2506557125512358,0.013770257548135215,0.08684210526315787,0.21004839720400814,97,False
bm25,4,bertQPP(QV),4,0.8,0.29878736593898186,0.0031062890543372274,0.12456140350877191,0.07220038663462734,97,True
bm25,4,spatial,4,0.85,0.2619828640147593,0.009923742508020748,0.09122807017543857,0.18792678491316706,97,False
bm25,4,spatial,4,0.85,0.28492028614993153,0.004898461264647502,0.21447368421052626,0.001964163707567382,97,True
bm25,4,a_ratio,4,0.85,0.26063222227023364,0.01032646103789486,0.07675438596491226,0.2679345327469521,97,False
bm25,4,a_ratio,4,0.85,0.31607518858980377,0.0017059157725892915,0.16798245614035084,0.015326584176287853,97,True
bm25,4,nqc,4,0.85,0.0848900950175448,0.4108834272888021,0.026754385964912277,0.6993793181888966,97,False
bm25,4,nqc,4,0.85,0.1914473456972494,0.06168620050413982,0.11359649122807015,0.10109027153133401,97,True
bm25,4,bertQPP,4,0.85,0.24383703007061105,0.01666283400279923,0.08552631578947366,0.21703863010225988,97,False
bm25,4,bertQPP,4,0.85,0.287378539479077,0.004525730825728108,0.11666666666666664,0.09220020518291383,97,True
bm25,4,bertQPP(QV),4,0.85,0.24135971102322704,0.017836660307995987,0.07149122807017542,0.3021348758613446,97,False
bm25,4,bertQPP(QV),4,0.85,0.28670749154467196,0.004624883000335148,0.10701754385964911,0.12243485852821563,97,True
bm25,4,spatial,4,0.9,0.24347829924732273,0.0168285653784856,0.07587719298245613,0.27344185633141316,97,False
bm25,4,spatial,4,0.9,0.2926540937854017,0.0038099356596063227,0.21447368421052626,0.001964163707567382,97,True
bm25,4,a_ratio,4,0.9,0.24235668276137642,0.017355961901225334,0.07456140350877193,0.2818470721414411,97,False
bm25,4,a_ratio,4,0.9,0.29556553730943574,0.00345986626228577,0.1359649122807017,0.04971074224007309,97,True
bm25,4,nqc,4,0.9,0.115135995923112,0.2639773369640844,0.042543859649122794,0.5391788167574111,97,False
bm25,4,nqc,4,0.9,0.21843731647209555,0.03250899497630759,0.11184210526315788,0.1064690994825288,97,True
bm25,4,bertQPP,4,0.9,0.23267138384639333,0.02253391142804057,0.07499999999999998,0.27902607466789,97,False
bm25,4,bertQPP,4,0.9,0.2743970651835155,0.006821185655894494,0.09999999999999998,0.1489229247512205,97,True
bm25,4,bertQPP(QV),4,0.9,0.230722183002185,0.023722167664241553,0.06929824561403508,0.3172070960462492,97,False
bm25,4,bertQPP(QV),4,0.9,0.2735150204712905,0.007009224200363851,0.09385964912280699,0.1755068360944365,97,True
bm25,4,spatial,4,0.95,0.22529241410942463,0.0273178769263872,0.0675438596491228,0.32961391251233985,97,False
bm25,4,spatial,4,0.95,0.29483941021463944,0.0035443674053745556,0.1846491228070175,0.007695938960913375,97,True
bm25,4,a_ratio,4,0.95,0.22458545729609614,0.027818443363141175,0.06842105263157894,0.3233717236427517,97,False
bm25,4,a_ratio,4,0.95,0.27191800928562515,0.00736136323195293,0.11359649122807015,0.10109027153133401,97,True
bm25,4,nqc,4,0.95,0.16807467138428572,0.10165480269656164,0.0675438596491228,0.32961391251233985,97,False
bm25,4,nqc,4,0.95,0.25467403076725803,0.012278650668480183,0.12149122807017541,0.07950949270058337,97,True
bm25,4,bertQPP,4,0.95,0.2203958031397962,0.030947362480781084,0.06403508771929824,0.35535715174125126,97,False
bm25,4,bertQPP,4,0.95,0.2603692705189854,0.010406507970481971,0.08377192982456139,0.22661709055371193,97,True
bm25,4,bertQPP(QV),4,0.95,0.2193100491477253,0.03180509081364557,0.06403508771929824,0.35535715174125126,97,False
bm25,4,bertQPP(QV),4,0.95,0.2597558840277632,0.010595347876547078,0.08333333333333333,0.22905812271994552,97,True
bm25,4,spatial,4,1.0,0.20760732578791397,0.042391850772647253,0.055263157894736833,0.42508013923155186,97,False
bm25,4,spatial,4,1.0,0.2458804997948435,0.01574540485985975,0.07368421052631577,0.2875469369380935,97,True
bm25,4,a_ratio,4,1.0,0.20760732578791397,0.042391850772647253,0.055263157894736833,0.42508013923155186,97,False
bm25,4,a_ratio,4,1.0,0.2458804997948435,0.01574540485985975,0.07368421052631577,0.2875469369380935,97,True
bm25,4,nqc,4,1.0,0.20760732578791397,0.042391850772647253,0.055263157894736833,0.42508013923155186,97,False
bm25,4,nqc,4,1.0,0.2458804997948435,0.01574540485985975,0.07368421052631577,0.2875469369380935,97,True
bm25,4,bertQPP,4,1.0,0.20760732578791397,0.042391850772647253,0.055263157894736833,0.42508013923155186,97,False
bm25,4,bertQPP,4,1.0,0.2458804997948435,0.01574540485985975,0.07368421052631577,0.2875469369380935,97,True
bm25,4,bertQPP(QV),4,1.0,0.20760732578791397,0.042391850772647253,0.055263157894736833,0.42508013923155186,97,False
bm25,4,bertQPP(QV),4,1.0,0.2458804997948435,0.01574540485985975,0.07368421052631577,0.2875469369380935,97,True
bm25,4,spatial,5,0.0,0.4037614090489069,4.517064367080608e-05,0.24912280701754383,0.00032351427155757553,97,False
bm25,4,spatial,5,0.0,0.2501732937929054,0.013959506461471155,0.20921052631578946,0.002530815422866084,97,True
bm25,4,a_ratio,5,0.0,0.2882861454452175,0.004394640876071033,0.08026315789473683,0.2466700962299916,97,False
bm25,4,a_ratio,5,0.0,0.33789759892324867,0.000760063929375933,0.23201754385964907,0.0008115744326137436,97,True
bm25,4,nqc,5,0.0,0.01970354342631228,0.8488828114964245,-0.008333333333333331,0.9042622467947524,97,False
bm25,4,nqc,5,0.0,0.12010795471193708,0.2437671751705969,0.06052631578947368,0.3823337405619286,97,True
bm25,4,bertQPP,5,0.0,0.1712014758316667,0.09535759302867927,0.168859649122807,0.014800278325359423,97,False
bm25,4,bertQPP,5,0.0,0.2143207230094226,0.03600874538298362,0.1964912280701754,0.004567543784697511,97,True
bm25,4,bertQPP(QV),5,0.0,0.16903733798076603,0.09968227112021084,0.17324561403508767,0.01240061333688213,97,False
bm25,4,bertQPP(QV),5,0.0,0.22666462033708634,0.026368078840486996,0.20043859649122803,0.0038155311548393224,97,True
bm25,4,spatial,5,0.05,0.40386341620440375,4.495196203376963e-05,0.25438596491228066,0.00024097016048905146,97,False
bm25,4,spatial,5,0.05,0.25049751111026286,0.013832071525876507,0.2096491228070175,0.0024784263365173137,97,True
bm25,4,a_ratio,5,0.05,0.29541401308056114,0.003477349051476137,0.08728070175438594,0.2077549299013257,97,False
bm25,4,a_ratio,5,0.05,0.33997103032766385,0.0007016785948658288,0.2359649122807017,0.0006597266644986306,97,True
bm25,4,nqc,5,0.05,0.020219346871379933,0.8449755636760493,-0.007456140350877191,0.9142987729055279,97,False
bm25,4,nqc,5,0.05,0.12078287896687678,0.24110850001497922,0.06271929824561404,0.36532940366389033,97,True
bm25,4,bertQPP,5,0.05,0.1765252508359611,0.08534721925339642,0.175,0.011541673254595812,97,False
bm25,4,bertQPP,5,0.05,0.2211341925995467,0.030375275767594016,0.19999999999999996,0.0038931422663722555,97,True
bm25,4,bertQPP(QV),5,0.05,0.17515269768559782,0.0878443467346087,0.17105263157894732,0.013553592603324118,97,False
bm25,4,bertQPP(QV),5,0.05,0.23452376799242697,0.021452221681429136,0.2039473684210526,0.00324348853932908,97,True
bm25,4,spatial,5,0.1,0.4028625115186867,4.71410571577227e-05,0.2557017543859649,0.00022367120423335903,97,False
bm25,4,spatial,5,0.1,0.2508532835382064,0.013693397879546536,0.20921052631578946,0.002530815422866084,97,True
bm25,4,a_ratio,5,0.1,0.3024539549152935,0.002743607775603551,0.09385964912280699,0.1755068360944365,97,False
bm25,4,a_ratio,5,0.1,0.34198423019208435,0.0006489414820911632,0.23991228070175435,0.0005346547694821339,97,True
bm25,4,nqc,5,0.1,0.02079245438674695,0.8406386339548029,-0.007017543859649122,0.9193222670955983,97,False
bm25,4,nqc,5,0.1,0.1215307134711821,0.23818615554324118,0.0631578947368421,0.36198607447715714,97,True
bm25,4,bertQPP,5,0.1,0.18214533347703984,0.0757058167037796,0.17938596491228065,0.00962101549816644,97,False
bm25,4,bertQPP,5,0.1,0.22828156818878848,0.02528504924274368,0.20350877192982453,0.003310447205982754,97,True
bm25,4,bertQPP(QV),5,0.1,0.1816148957346636,0.0765766632254487,0.17675438596491225,0.010735947690716544,97,False
bm25,4,bertQPP(QV),5,0.1,0.242710204145821,0.01718821405070691,0.20921052631578946,0.002530815422866084,97,True
bm25,4,spatial,5,0.15,0.4005605566373415,5.255862267952991e-05,0.2578947368421052,0.00019740507498430313,97,False
bm25,4,spatial,5,0.15,0.251245377069045,0.013541967906001321,0.20877192982456136,0.0025842155919655403,97,True
bm25,4,a_ratio,5,0.15,0.30918069717303515,0.0021757665103574395,0.09254385964912279,0.18163805178968873,97,False
bm25,4,a_ratio,5,0.15,0.34388810860882507,0.0006024302067953989,0.24122807017543854,0.0004981362879627977,97,True
bm25,4,nqc,5,0.15,0.02143294821146767,0.8357973967415766,-0.005263157894736841,0.9394464677531641,97,False
bm25,4,nqc,5,0.15,0.12236389564874967,0.23495937669318812,0.06359649122807016,0.35866198325465426,97,True
bm25,4,bertQPP,5,0.15,0.1880328284901176,0.06656420749652253,0.18421052631578944,0.007842044522710973,97,False
bm25,4,bertQPP,5,0.15,0.23571126931082437,0.020782442753873108,0.20043859649122803,0.0038155311548393224,97,True
bm25,4,bertQPP(QV),5,0.15,0.1883820075572651,0.06605144624558548,0.17631578947368418,0.010932545975931482,97,False
bm25,4,bertQPP(QV),5,0.15,0.25113074904271737,0.01358608694707784,0.20877192982456136,0.0025842155919655403,97,True
bm25,4,spatial,5,0.2,0.39676135201372015,6.278599721099133e-05,0.25307017543859645,0.0002595183880458877,97,False
bm25,4,spatial,5,0.2,0.25167954575274,0.013375988535119667,0.20921052631578946,0.002530815422866084,97,True
bm25,4,a_ratio,5,0.2,0.31529103443047934,0.0017542833449083423,0.10131578947368419,0.14364867455093713,97,False
bm25,4,a_ratio,5,0.2,0.3456174071620742,0.0005628504088742067,0.23815789473684207,0.0005872336126765293,97,True
bm25,4,nqc,5,0.2,0.022153414915504627,0.8303589908959907,-0.003947368421052631,0.954565748248739,97,False
bm25,4,nqc,5,0.2,0.12329784760360649,0.23137868032635925,0.06535087719298245,0.34555840797111037,97,True
bm25,4,bertQPP,5,0.2,0.1941321047590559,0.058058667474302605,0.17807017543859646,0.010164879433085774,97,False
bm25,4,bertQPP,5,0.2,0.243335170068107,0.016895086398578122,0.2070175438596491,0.0028082775132586228,97,True
bm25,4,bertQPP(QV),5,0.2,0.19537561569110273,0.05643860516176918,0.16666666666666666,0.01614693659786587,97,False
bm25,4,bertQPP(QV),5,0.2,0.25963883275239125,0.010631722547285888,0.20614035087719296,0.0029268376346768604,97,True
bm25,4,spatial,5,0.25,0.391284916596943,8.082290517934284e-05,0.24824561403508766,0.00033961331260065896,97,False
bm25,4,spatial,5,0.25,0.2521627925983486,0.013193329928409447,0.20789473684210524,0.002694118757519195,97,True
bm25,4,a_ratio,5,0.25,0.32039688778883657,0.00146034771995059,0.10043859649122806,0.1471486593101641,97,False
bm25,4,a_ratio,5,0.25,0.3470861272093367,0.0005311214928948439,0.23991228070175435,0.0005346547694821339,97,True
bm25,4,nqc,5,0.25,0.022969771294400664,0.8242064283995773,-0.0021929824561403503,0.9747493089119874,97,False
bm25,4,nqc,5,0.25,0.1243519229114931,0.22738345694307202,0.0675438596491228,0.32961391251233985,97,True
bm25,4,bertQPP,5,0.25,0.20034996478182207,0.05032406964008801,0.17412280701754385,0.011964311224727613,97,False
bm25,4,bertQPP,5,0.25,0.25101588539085606,0.013630421948164642,0.20570175438596489,0.0029878149035424606,97,True
bm25,4,bertQPP(QV),5,0.25,0.20246671898073768,0.047893264286756776,0.1671052631578947,0.01586929650651852,97,False
bm25,4,bertQPP(QV),5,0.25,0.26801945076339706,0.00828735125958875,0.2052631578947368,0.0030499490794706602,97,True
bm25,4,spatial,5,0.3,0.38398468411023856,0.00011240076855910436,0.24429824561403507,0.00042177571212416556,97,False
bm25,4,spatial,5,0.3,0.25270371284718796,0.012991449198162804,0.20921052631578946,0.002530815422866084,97,True
bm25,4,a_ratio,5,0.3,0.3240309000753018,0.0012791686689378149,0.10745614035087717,0.12091024044629245,97,False
bm25,4,a_ratio,5,0.3,0.3481819912360863,0.0005085249839884903,0.2447368421052631,0.00041180545021419704,97,True
bm25,4,nqc,5,0.3,0.023902438616713644,0.8171902818300268,-0.0021929824561403503,0.9747493089119874,97,False
bm25,4,nqc,5,0.3,0.12555073539834555,0.22289874420861144,0.06798245614035085,0.32648312465382767,97,True
bm25,4,bertQPP,5,0.3,0.20654266395552,0.04348585630981519,0.17412280701754385,0.011964311224727613,97,False
bm25,4,bertQPP,5,0.3,0.2585527527148894,0.010974475086659888,0.20087719298245613,0.0037393284863613424,97,True
bm25,4,bertQPP(QV),5,0.3,0.20945993110426286,0.04054281274650502,0.16578947368421051,0.01671505177868845,97,False
bm25,4,bertQPP(QV),5,0.3,0.2759756535047235,0.006495763423820103,0.20307017543859646,0.0033786625934052374,97,True
bm25,4,spatial,5,0.35,0.37476580578253316,0.00016862048685253682,0.23552631578947364,0.0006751892693239896,97,False
bm25,4,spatial,5,0.35,0.2533129481771314,0.012767296261035559,0.2096491228070175,0.0024784263365173137,97,True
bm25,4,a_ratio,5,0.35,0.3256730332070278,0.001204203721014805,0.11315789473684208,0.10241424976669938,97,False
bm25,4,a_ratio,5,0.35,0.34876000573794347,0.0004969648828025558,0.24078947368421047,0.0005100424668924873,97,True
bm25,4,nqc,5,0.35,0.024978048610942882,0.8091167174344416,0.00043859649122807013,0.9949490522405066,97,False
bm25,4,nqc,5,0.35,0.12692606086074454,0.21783085567956692,0.06842105263157894,0.3233717236427517,97,True
bm25,4,bertQPP,5,0.35,0.21250215653687138,0.03765258658730966,0.17236842105263153,0.012850949167755494,97,False
bm25,4,bertQPP,5,0.35,0.26566895362983195,0.008893896597260689,0.20350877192982453,0.003310447205982754,97,True
bm25,4,bertQPP(QV),5,0.35,0.21607898212821838,0.03447708631026089,0.16096491228070173,0.02016405049281034,97,False
bm25,4,bertQPP(QV),5,0.35,0.28312177522063436,0.005188217627442567,0.2070175438596491,0.0028082775132586228,97,True
bm25,4,spatial,5,0.4,0.36360176970659597,0.00027121069654592015,0.22982456140350874,0.0009093607305517675,97,False
bm25,4,spatial,5,0.4,0.2540037890489703,0.01251719982971546,0.21096491228070172,0.002327155955166847,97,True
bm25,4,a_ratio,5,0.4,0.3248049279602162,0.001243320898251088,0.11798245614035086,0.0885876276886421,97,False
bm25,4,a_ratio,5,0.4,0.34863547152904184,0.0004994349563397809,0.24298245614035083,0.0004530555607905571,97,True
bm25,4,nqc,5,0.4,0.026231983093766266,0.7997298768716752,0.0021929824561403503,0.9747493089119874,97,False
bm25,4,nqc,5,0.4,0.1285196187185577,0.21206139416426342,0.07017543859649121,0.3111200418134661,97,True
bm25,4,bertQPP,5,0.4,0.21794486153989046,0.03291194810672915,0.16184210526315784,0.019494257081408093,97,False
bm25,4,bertQPP,5,0.4,0.27200443365655314,0.00734191451659557,0.2021929824561403,0.003518947024518709,97,True
bm25,4,bertQPP(QV),5,0.4,0.22195947679577574,0.029746469329591914,0.1535087719298245,0.026714571474982324,97,False
bm25,4,bertQPP(QV),5,0.4,0.2889911632826627,0.004295159739561757,0.19999999999999996,0.0038931422663722555,97,True
bm25,4,spatial,5,0.45,0.350546023147996,0.00046275130938021683,0.21447368421052626,0.001964163707567382,97,False
bm25,4,spatial,5,0.45,0.2547929698617185,0.012236735036367201,0.21359649122807012,0.0020496840923188192,97,True
bm25,4,a_ratio,5,0.45,0.32099117007173417,0.0014292119511715778,0.11666666666666664,0.09220020518291383,97,False
bm25,4,a_ratio,5,0.45,0.3475772821101877,0.0005208825115855156,0.243859649122807,0.00043197102860202826,97,True
bm25,4,nqc,5,0.45,0.02771226060860242,0.788685280697663,0.003508771929824561,0.9596094143193218,97,False
bm25,4,nqc,5,0.45,0.13038724101033194,0.205438974581584,0.07017543859649121,0.3111200418134661,97,True
bm25,4,bertQPP,5,0.45,0.22250890916769486,0.029333977038767237,0.16228070175438594,0.0191667093911976,97,False
bm25,4,bertQPP,5,0.45,0.2771217457819495,0.006268184762532965,0.1964912280701754,0.004567543784697511,97,True
bm25,4,bertQPP(QV),5,0.45,0.22665804890497726,0.02637255959789412,0.15701754385964908,0.02343259236880532,97,False
bm25,4,bertQPP(QV),5,0.45,0.2930671872656316,0.0037584117307590524,0.20263157894736838,0.0034481555035308746,97,True
bm25,4,spatial,5,0.5,0.3357356106154755,0.0008256401632705906,0.2021929824561403,0.003518947024518709,97,False
bm25,4,spatial,5,0.5,0.2557016987435561,0.011920584250465719,0.2171052631578947,0.0017268729312904809,97,True
bm25,4,a_ratio,5,0.5,0.3139729120104593,0.0018383885100843344,0.13114035087719295,0.058383209330321456,97,False
bm25,4,a_ratio,5,0.5,0.34530314085141234,0.0005698611803914373,0.23684210526315785,0.0006297844386530204,97,True
bm25,4,nqc,5,0.5,0.029485675626843802,0.7755085351573294,0.004824561403508771,0.9444840737693221,97,False
bm25,4,nqc,5,0.5,0.13260529328876505,0.19776770755282702,0.07236842105263157,0.29624164556189136,97,True
bm25,4,bertQPP,5,0.5,0.22576834528234407,0.026985214177111198,0.156578947368421,0.023822706517307408,97,False
bm25,4,bertQPP,5,0.5,0.28053320995029285,0.005632004573792206,0.19736842105263155,0.0043896882161837195,97,True
bm25,4,bertQPP(QV),5,0.5,0.2296881627913103,0.024373949568572487,0.15745614035087718,0.023048035126692692,97,False
bm25,4,bertQPP(QV),5,0.5,0.2948430190781127,0.003543942905605998,0.1894736842105263,0.006242548211379331,97,True
bm25,4,spatial,5,0.55,0.3193851638014785,0.001514771831231969,0.18333333333333332,0.008141731588545092,97,False
bm25,4,spatial,5,0.55,0.25675692146732765,0.011562429397175885,0.21929824561403505,0.0015495867057188555,97,True
bm25,4,a_ratio,5,0.55,0.3037452469526825,0.0026252433573620863,0.12280701754385961,0.07630651637729123,97,False
bm25,4,a_ratio,5,0.55,0.3414794347601826,0.0006618128347343161,0.23333333333333328,0.0007576829079550207,97,True
bm25,4,nqc,5,0.55,0.03164785567689226,0.7595291743292772,0.004385964912280701,0.9495239009595372,97,False
bm25,4,nqc,5,0.55,0.13528086987060733,0.18879118842324338,0.07499999999999998,0.27902607466789,97,True
bm25,4,bertQPP,5,0.55,0.22727282967733972,0.02595616134994004,0.15614035087719297,0.024218442010991905,97,False
bm25,4,bertQPP,5,0.55,0.28175528508862546,0.005418456790785807,0.19122807017543855,0.005778660719514659,97,True
bm25,4,bertQPP(QV),5,0.55,0.23058800197334417,0.023805897897392157,0.14868421052631575,0.03187073297896108,97,False
bm25,4,bertQPP(QV),5,0.55,0.29390580627754237,0.003655725527012247,0.18815789473684208,0.006612180905745843,97,True
bm25,4,spatial,5,0.6,0.30177162025709225,0.002808070716520486,0.17982456140350875,0.009445580206528057,97,False
bm25,4,spatial,5,0.6,0.25799264571274116,0.011154984049553542,0.21885964912280698,0.001583643031304207,97,True
bm25,4,a_ratio,5,0.6,0.29058629278559706,0.004077458553297926,0.12368421052631577,0.07423025092161463,97,False
bm25,4,a_ratio,5,0.6,0.3357297672214606,0.0008258241922338684,0.23201754385964907,0.0008115744326137436,97,True
bm25,4,nqc,5,0.6,0.03434044849818293,0.7397708971622803,0.006140350877192982,0.9293787221862809,97,False
bm25,4,nqc,5,0.6,0.1385685394104727,0.17817060872960758,0.07807017543859648,0.2598173072410498,97,True
bm25,4,bertQPP,5,0.6,0.22661562086626083,0.02640150491108232,0.14736842105263154,0.03341702989433397,97,False
bm25,4,bertQPP,5,0.6,0.2803873805616852,0.005657979526270109,0.18245614035087715,0.008451628874483844,97,True
bm25,4,bertQPP(QV),5,0.6,0.22901239827795322,0.02480811010925077,0.13728070175438595,0.04754239775881143,97,False
bm25,4,bertQPP(QV),5,0.6,0.29002609407805463,0.00415276460789835,0.18508771929824558,0.007552277732226657,97,True
bm25,4,spatial,5,0.65,0.2832121429867426,0.005173302840719384,0.16929824561403506,0.014543148107282302,97,False
bm25,4,spatial,5,0.65,0.25945055534675265,0.010690460581725555,0.22192982456140345,0.001359019813248218,97,True
bm25,4,a_ratio,5,0.65,0.2750208785577638,0.006690904351221047,0.11754385964912278,0.08977892662724705,97,False
bm25,4,a_ratio,5,0.65,0.32765703895396897,0.0011189690817723563,0.22631578947368416,0.001088778390813313,97,True
bm25,4,nqc,5,0.65,0.03778198080560476,0.7147624076552684,0.009649122807017543,0.8892365872632643,97,False
bm25,4,nqc,5,0.65,0.1426988788933526,0.1654564944538644,0.08026315789473683,0.2466700962299916,97,True
bm25,4,bertQPP,5,0.65,0.22351945455092304,0.028587936644141016,0.13728070175438595,0.04754239775881143,97,False
bm25,4,bertQPP,5,0.65,0.2761983971059141,0.006450969320688507,0.1745614035087719,0.011751307036103295,97,True
bm25,4,bertQPP(QV),5,0.65,0.22482232762827017,0.027649865598150036,0.13157894736842105,0.05754607703293159,97,False
bm25,4,bertQPP(QV),5,0.65,0.2832218974941363,0.005171695185498573,0.17061403508771927,0.013795236924875342,97,True
bm25,4,spatial,5,0.7,0.26403911318601914,0.009337061216132628,0.1596491228070175,0.021206380497260476,97,False
bm25,4,spatial,5,0.7,0.2611771407068617,0.01016229321979616,0.21929824561403505,0.0015495867057188555,97,True
bm25,4,a_ratio,5,0.7,0.25772928905438164,0.011240750613947066,0.11228070175438595,0.1051035749997424,97,False
bm25,4,a_ratio,5,0.7,0.31688339264980403,0.0016573306264098722,0.2258771929824561,0.0011133750209757257,97,True
bm25,4,nqc,5,0.7,0.04232655474485444,0.682198532087266,0.014912280701754382,0.8295834326185275,97,False
bm25,4,nqc,5,0.7,0.14802894628535046,0.150058489374116,0.08684210526315787,0.21004839720400814,97,True
bm25,4,bertQPP,5,0.7,0.2179139673216427,0.03293736704851819,0.12412280701754383,0.07320956359994496,97,False
bm25,4,bertQPP,5,0.7,0.26919222299019346,0.007998566390213352,0.16929824561403506,0.014543148107282302,97,True
bm25,4,bertQPP(QV),5,0.7,0.2181350265760973,0.03275584898930116,0.11578947368421051,0.09467365840926534,97,False
bm25,4,bertQPP(QV),5,0.7,0.27376965695977606,0.006954474876049844,0.1614035087719298,0.019826684390718458,97,True
bm25,4,spatial,5,0.75,0.24457631783693773,0.016325730171264093,0.14298245614035085,0.03904312556346961,97,False
bm25,4,spatial,5,0.75,0.26320758377408415,0.00957053904372665,0.2228070175438596,0.0013004656192157056,97,True
bm25,4,a_ratio,5,0.75,0.23943403347778633,0.01879770340944272,0.10921052631578945,0.11495986919059359,97,False
bm25,4,a_ratio,5,0.75,0.3031088219900593,0.0026829938691539453,0.20482456140350874,0.0031132595749828423,97,True
bm25,4,nqc,5,0.75,0.0485831671988226,0.638313552741123,0.024999999999999994,0.7182216070520635,97,False
bm25,4,nqc,5,0.75,0.15513426995791665,0.13123719844354564,0.0894736842105263,0.19655975339001297,97,True
bm25,4,bertQPP,5,0.75,0.20997164366987095,0.040044109037434356,0.10745614035087717,0.12091024044629245,97,False
bm25,4,bertQPP,5,0.75,0.2596240310104426,0.010636330086613554,0.1640350877192982,0.017904148159161914,97,True
bm25,4,bertQPP(QV),5,0.75,0.20930874352116796,0.04069114441588262,0.10307017543859648,0.1368406787927515,97,False
bm25,4,bertQPP(QV),5,0.75,0.26215454212880834,0.009873552779274342,0.15921052631578944,0.02156410311246367,97,True
bm25,4,spatial,5,0.8,0.2251196019573593,0.02743952636508919,0.1293859649122807,0.06183352376776574,97,False
bm25,4,spatial,5,0.8,0.26550025018187884,0.008938894182607508,0.22192982456140345,0.001359019813248218,97,True
bm25,4,a_ratio,5,0.8,0.22080092026138437,0.03063237081065645,0.10131578947368419,0.14364867455093713,97,False
bm25,4,a_ratio,5,0.8,0.2861818461586093,0.004703897833819764,0.19956140350877188,0.003972184685349765,97,True
bm25,4,nqc,5,0.8,0.05767625027070662,0.5767270437143561,0.03114035087719298,0.6530976048749184,97,False
bm25,4,nqc,5,0.8,0.16497518763804003,0.10821398191512098,0.09517543859649122,0.16953134792266555,97,True
bm25,4,bertQPP,5,0.8,0.20008234905313826,0.050638509308793274,0.09561403508771928,0.16757380578909498,97,False
bm25,4,bertQPP,5,0.8,0.24795716701506837,0.014858184321616976,0.16008771929824558,0.02085383817174601,97,True
bm25,4,bertQPP(QV),5,0.8,0.19886630326511964,0.05208778859823219,0.0907894736842105,0.19005833264780647,97,False
bm25,4,bertQPP(QV),5,0.8,0.24897882637278346,0.014437836014394877,0.15614035087719297,0.024218442010991905,97,True
bm25,4,spatial,5,0.85,0.20592376623908967,0.04413252715496326,0.11929824561403506,0.08509000988854595,97,False
bm25,4,spatial,5,0.85,0.2676735919374902,0.008374250210850172,0.2258771929824561,0.0011133750209757257,97,True
bm25,4,a_ratio,5,0.85,0.20237643886513298,0.04799491919189061,0.09298245614035086,0.1795768982922561,97,False
bm25,4,a_ratio,5,0.85,0.2661657764606996,0.008762535347114454,0.1894736842105263,0.006242548211379331,97,True
bm25,4,nqc,5,0.85,0.07184541103987523,0.4866688193705253,0.03991228070175438,0.5645662101789384,97,False
bm25,4,nqc,5,0.85,0.17914126171747433,0.08074441640778675,0.10921052631578945,0.11495986919059359,97,True
bm25,4,bertQPP,5,0.85,0.18877472373560802,0.06547858300202784,0.09342105263157893,0.17753318182977484,97,False
bm25,4,bertQPP,5,0.85,0.23477628048689447,0.021308271023276797,0.14912280701754385,0.031369120531165556,97,True
bm25,4,bertQPP(QV),5,0.85,0.18739003226438006,0.06751657092655677,0.08684210526315787,0.21004839720400814,97,False
bm25,4,bertQPP(QV),5,0.85,0.23486188190262164,0.021259660164826395,0.14122807017543856,0.041508925271761435,97,True
bm25,4,spatial,5,0.9,0.18719595414502735,0.0678062742672054,0.10219298245614034,0.14021289342862758,97,False
bm25,4,spatial,5,0.9,0.2678450597460765,0.008331068247081078,0.21359649122807012,0.0020496840923188192,97,True
bm25,4,a_ratio,5,0.9,0.18456440517938352,0.0718346254196668,0.08991228070175437,0.194374756294158,97,False
bm25,4,a_ratio,5,0.9,0.24337692444106562,0.016875657129324054,0.16842105263157892,0.015061406503459098,97,True
bm25,4,nqc,5,0.9,0.09566545981716464,0.3538348907381316,0.06271929824561404,0.36532940366389033,97,False
bm25,4,nqc,5,0.9,0.19958742036447674,0.051224301106881046,0.10789473684210524,0.11940051826823819,97,True
bm25,4,bertQPP,5,0.9,0.17661642488317028,0.08518336447293741,0.09035087719298243,0.19220763608948543,97,False
bm25,4,bertQPP,5,0.9,0.22068886424031664,0.030719225770895375,0.13859649122807016,0.04545413009688231,97,True
bm25,4,bertQPP(QV),5,0.9,0.17542716242996767,0.08734042144329072,0.08508771929824559,0.2194054884189932,97,False
bm25,4,bertQPP(QV),5,0.9,0.22036114591460687,0.030974436164013026,0.1307017543859649,0.05923043275757143,97,True
bm25,4,spatial,5,0.95,0.16909462572324843,0.09956584067278708,0.08771929824561402,0.20547967994195993,97,False
bm25,4,spatial,5,0.95,0.25678269480645766,0.011553800457026366,0.18596491228070172,0.007272147742628502,97,True
bm25,4,a_ratio,5,0.95,0.16763211375820036,0.10257181534834821,0.08114035087719297,0.24154399271289795,97,False
bm25,4,a_ratio,5,0.95,0.21837378669030477,0.03256074371589334,0.1320175438596491,0.05671894881927785,97,True
bm25,4,nqc,5,0.95,0.13424829771701532,0.19221976124942627,0.0557017543859649,0.42141473565239995,97,False
bm25,4,nqc,5,0.95,0.22128538669084533,0.030259243459610143,0.12850877192982454,0.06362097951440454,97,True
bm25,4,bertQPP,5,0.95,0.16412832565992228,0.11006226004065059,0.08245614035087717,0.23399620258604115,97,False
bm25,4,bertQPP,5,0.95,0.20624523946509393,0.04379563796079558,0.12719298245614033,0.06638202051764104,97,True
bm25,4,bertQPP(QV),5,0.95,0.16342979983140843,0.11160518644450373,0.07807017543859648,0.2598173072410498,97,False
bm25,4,bertQPP(QV),5,0.95,0.2059273623383022,0.04412874673894969,0.12280701754385961,0.07630651637729123,97,True
bm25,4,spatial,5,1.0,0.1517326249417419,0.14000980772391258,0.06973684210526314,0.31415387247865256,97,False
bm25,4,spatial,5,1.0,0.19189186500185282,0.06107314481261221,0.11491228070175437,0.09720000558825469,97,True
bm25,4,a_ratio,5,1.0,0.1517326249417419,0.14000980772391258,0.06973684210526314,0.31415387247865256,97,False
bm25,4,a_ratio,5,1.0,0.19189186500185282,0.06107314481261221,0.11491228070175437,0.09720000558825469,97,True
bm25,4,nqc,5,1.0,0.1517326249417419,0.14000980772391258,0.06973684210526314,0.31415387247865256,97,False
bm25,4,nqc,5,1.0,0.19189186500185282,0.06107314481261221,0.11491228070175437,0.09720000558825469,97,True
bm25,4,bertQPP,5,1.0,0.1517326249417419,0.14000980772391258,0.06973684210526314,0.31415387247865256,97,False
bm25,4,bertQPP,5,1.0,0.19189186500185282,0.06107314481261221,0.11491228070175437,0.09720000558825469,97,True
bm25,4,bertQPP(QV),5,1.0,0.1517326249417419,0.14000980772391258,0.06973684210526314,0.31415387247865256,97,False
bm25,4,bertQPP(QV),5,1.0,0.19189186500185282,0.06107314481261221,0.11491228070175437,0.09720000558825469,97,True
bm25,4,spatial,6,0.0,0.4037614090489069,4.517064367080608e-05,0.24912280701754383,0.00032351427155757553,97,False
bm25,4,spatial,6,0.0,0.2501732937929054,0.013959506461471155,0.20921052631578946,0.002530815422866084,97,True
bm25,4,a_ratio,6,0.0,0.2882861454452175,0.004394640876071033,0.08026315789473683,0.2466700962299916,97,False
bm25,4,a_ratio,6,0.0,0.33789759892324867,0.000760063929375933,0.23201754385964907,0.0008115744326137436,97,True
bm25,4,nqc,6,0.0,0.01970354342631228,0.8488828114964245,-0.008333333333333331,0.9042622467947524,97,False
bm25,4,nqc,6,0.0,0.12010795471193708,0.2437671751705969,0.06052631578947368,0.3823337405619286,97,True
bm25,4,bertQPP,6,0.0,0.1712014758316667,0.09535759302867927,0.168859649122807,0.014800278325359423,97,False
bm25,4,bertQPP,6,0.0,0.2143207230094226,0.03600874538298362,0.1964912280701754,0.004567543784697511,97,True
bm25,4,bertQPP(QV),6,0.0,0.16903733798076603,0.09968227112021084,0.17324561403508767,0.01240061333688213,97,False
bm25,4,bertQPP(QV),6,0.0,0.22666462033708634,0.026368078840486996,0.20043859649122803,0.0038155311548393224,97,True
bm25,4,spatial,6,0.05,0.40500726149542954,4.2566512338629155e-05,0.2535087719298245,0.0002531918111138595,97,False
bm25,4,spatial,6,0.05,0.2506126749101598,0.013787049814200548,0.2096491228070175,0.0024784263365173137,97,True
bm25,4,a_ratio,6,0.05,0.29686221873386237,0.0033134448562905346,0.08859649122807016,0.20098361403964282,97,False
bm25,4,a_ratio,6,0.05,0.34072771684923986,0.0006814135126971776,0.23552631578947364,0.0006751892693239896,97,True
bm25,4,nqc,6,0.05,0.020340212194602685,0.844060538967927,-0.007017543859649122,0.9193222670955983,97,False
bm25,4,nqc,6,0.05,0.12090131043368257,0.2406440523898284,0.06271929824561404,0.36532940366389033,97,True
bm25,4,bertQPP,6,0.05,0.1779372719372473,0.08283754773709139,0.1719298245614035,0.013081497219593435,97,False
bm25,4,bertQPP,6,0.05,0.2223215558964263,0.029474087111392103,0.20175438596491224,0.0035910585335480823,97,True
bm25,4,bertQPP(QV),6,0.05,0.1766758764690467,0.08507665505185533,0.17368421052631575,0.012180731335371816,97,False
bm25,4,bertQPP(QV),6,0.05,0.23584180179586126,0.020709925376051132,0.20350877192982453,0.003310447205982754,97,True
bm25,4,spatial,6,0.1,0.4053687441332561,4.1837572339382755e-05,0.2557017543859649,0.00022367120423335903,97,False
bm25,4,spatial,6,0.1,0.2510962977960365,0.013599371239539209,0.20921052631578946,0.002530815422866084,97,True
bm25,4,a_ratio,6,0.1,0.3055585955754958,0.002466776664445504,0.08991228070175437,0.194374756294158,97,False
bm25,4,a_ratio,6,0.1,0.3435866137134397,0.0006095861384931615,0.2403508771929824,0.0005222134964126145,97,True
bm25,4,nqc,6,0.1,0.021047799973184317,0.8387078570220855,-0.007017543859649122,0.9193222670955983,97,False
bm25,4,nqc,6,0.1,0.12178093333809642,0.23721387741289685,0.0631578947368421,0.36198607447715714,97,True
bm25,4,bertQPP,6,0.1,0.18515285130349077,0.07091749169092366,0.17982456140350875,0.009445580206528057,97,False
bm25,4,bertQPP,6,0.1,0.23080784926310377,0.023668842687867134,0.206578947368421,0.002866998129943633,97,True
bm25,4,bertQPP(QV),6,0.1,0.18486656252138453,0.07136250544569517,0.181578947368421,0.008772032874754584,97,False
bm25,4,bertQPP(QV),6,0.1,0.24552166306405188,0.015903269176883266,0.2070175438596491,0.0028082775132586228,97,True
bm25,4,spatial,6,0.15,0.40468010992447284,4.323642440533954e-05,0.2552631578947368,0.00022930364440164065,97,False
bm25,4,spatial,6,0.15,0.25163114136802656,0.013394405115955077,0.20921052631578946,0.002530815422866084,97,True
bm25,4,a_ratio,6,0.15,0.31418978705661943,0.0018243046068699234,0.09342105263157893,0.17753318182977484,97,False
bm25,4,a_ratio,6,0.15,0.34643951647545435,0.0005448826014685933,0.24122807017543854,0.0004981362879627977,97,True
bm25,4,nqc,6,0.15,0.021838822936930583,0.8327327049360445,-0.005701754385964911,0.9344112837195322,97,False
bm25,4,nqc,6,0.15,0.12276165013945647,0.2334297269462965,0.06359649122807016,0.35866198325465426,97,True
bm25,4,bertQPP,6,0.15,0.1928486120598899,0.059770493052250594,0.181578947368421,0.008772032874754584,97,False
bm25,4,bertQPP,6,0.15,0.23975290050800507,0.018635554202711974,0.20789473684210524,0.002694118757519195,97,True
bm25,4,bertQPP(QV),6,0.15,0.19360086347937,0.058762270929429025,0.17807017543859646,0.010164879433085774,97,False
bm25,4,bertQPP(QV),6,0.15,0.25563997421527596,0.01194183066098961,0.21140350877192976,0.002278642796588288,97,True
bm25,4,spatial,6,0.2,0.402772879408037,4.734186861620591e-05,0.25438596491228066,0.00024097016048905146,97,False
bm25,4,spatial,6,0.2,0.2522257174382781,0.013169705880157073,0.2096491228070175,0.0024784263365173137,97,True
bm25,4,a_ratio,6,0.2,0.3224959898124191,0.0013530453457960287,0.10701754385964911,0.12243485852821563,97,False
bm25,4,a_ratio,6,0.2,0.3492379322446368,0.0004875891204424885,0.24122807017543854,0.0004981362879627977,97,True
bm25,4,nqc,6,0.2,0.02272891737312844,0.8260205640141632,-0.003947368421052631,0.954565748248739,97,False
bm25,4,nqc,6,0.2,0.12386187664229956,0.22923480164409055,0.06578947368421052,0.3423307995504531,97,True
bm25,4,bertQPP,6,0.2,0.20100127668377735,0.04956552245043355,0.18026315789473682,0.009273003873208558,97,False
bm25,4,bertQPP,6,0.2,0.24909643217976868,0.014390117382871628,0.2083333333333333,0.002638644175947716,97,True
bm25,4,bertQPP(QV),6,0.2,0.20283665708257592,0.047478573723531495,0.175,0.011541673254595812,97,False
bm25,4,bertQPP(QV),6,0.2,0.266081575391349,0.008784677557417107,0.212719298245614,0.0021386085398990835,97,True
bm25,4,spatial,6,0.25,0.39948529529780863,5.5283274079675573e-05,0.2570175438596491,0.00020754319542769554,97,False
bm25,4,spatial,6,0.25,0.2528905096844266,0.012922360669415336,0.20877192982456136,0.0025842155919655403,97,True
bm25,4,a_ratio,6,0.25,0.3301315521322859,0.0010203649791720275,0.10350877192982455,0.13517820748791037,97,False
bm25,4,a_ratio,6,0.25,0.35191530290575224,0.00043800024753394833,0.2421052631578947,0.00047509739036277217,97,True
bm25,4,nqc,6,0.25,0.023737873017627864,0.8184272243272273,-0.0008771929824561403,0.9898983068920344,97,False
bm25,4,nqc,6,0.25,0.1251047679263988,0.22455975946829335,0.06929824561403508,0.3172070960462492,97,True
bm25,4,bertQPP,6,0.25,0.20955147051162157,0.040453221915761124,0.1820175438596491,0.008610498746466352,97,False
bm25,4,bertQPP,6,0.25,0.25873070950552113,0.010917661012039712,0.21359649122807012,0.0020496840923188192,97,True
bm25,4,bertQPP(QV),6,0.25,0.21248153478811516,0.03767158132147504,0.17412280701754385,0.011964311224727613,97,False
bm25,4,bertQPP(QV),6,0.25,0.2766628822077264,0.00635843919469108,0.20921052631578946,0.002530815422866084,97,True
bm25,4,spatial,6,0.3,0.39467413130245493,6.91653231323308e-05,0.2464912280701754,0.0003740846525535562,97,False
bm25,4,spatial,6,0.3,0.25363856941731666,0.012648878739136522,0.21184210526315786,0.0022310577254778404,97,True
bm25,4,a_ratio,6,0.3,0.3366619105588422,0.0007969365115388391,0.10921052631578945,0.11495986919059359,97,False
bm25,4,a_ratio,6,0.3,0.35438152993632827,0.0003964644608987719,0.243859649122807,0.00043197102860202826,97,True
bm25,4,nqc,6,0.3,0.02489110443037998,0.8097685933169471,-0.00043859649122807013,0.9949490522405066,97,False
bm25,4,nqc,6,0.3,0.12651983825591764,0.21931917394185613,0.07017543859649121,0.3111200418134661,97,True
bm25,4,bertQPP,6,0.3,0.21838737517257265,0.03254966926642455,0.17324561403508767,0.01240061333688213,97,False
bm25,4,bertQPP,6,0.3,0.26848390116345955,0.008171904707483486,0.212719298245614,0.0021386085398990835,97,True
bm25,4,bertQPP(QV),6,0.3,0.2223718187555309,0.02943644310972457,0.1745614035087719,0.011751307036103295,97,False
bm25,4,bertQPP(QV),6,0.3,0.2871136357075963,0.004564643652020615,0.21184210526315786,0.0022310577254778404,97,True
bm25,4,spatial,6,0.35,0.38822798000133124,9.287992505721043e-05,0.2302631578947368,0.0008889704166142316,97,False
bm25,4,spatial,6,0.35,0.2544863355287287,0.012345051421058604,0.21403508771929822,0.002006505794696667,97,True
bm25,4,a_ratio,6,0.35,0.34157677654293467,0.0006593127696838578,0.118859649122807,0.08624325957567905,97,False
bm25,4,a_ratio,6,0.35,0.35651626934182656,0.00036346845821090486,0.2464912280701754,0.0003740846525535562,97,True
bm25,4,nqc,6,0.35,0.026221792397894482,0.799806050832113,0.00043859649122807013,0.9949490522405066,97,False
bm25,4,nqc,6,0.35,0.12814528903147393,0.21340678777262276,0.07061403508771928,0.30810560167955003,97,True
bm25,4,bertQPP,6,0.35,0.2273248919149556,0.0259211572861148,0.17280701754385963,0.012624003653747995,97,False
bm25,4,bertQPP,6,0.35,0.2781023532760234,0.006079101916757788,0.21228070175438593,0.0021843848573714557,97,True
bm25,4,bertQPP(QV),6,0.35,0.23224916150756056,0.022786891281153458,0.17675438596491225,0.010735947690716544,97,False
bm25,4,bertQPP(QV),6,0.35,0.29706228865055606,0.003291354313082968,0.21228070175438593,0.0021843848573714557,97,True
bm25,4,spatial,6,0.4,0.38008050279409644,0.00013366077653291077,0.22894736842105257,0.0009514478072229865,97,False
bm25,4,spatial,6,0.4,0.2554547795202248,0.01200577552036114,0.21403508771929822,0.002006505794696667,97,True
bm25,4,a_ratio,6,0.4,0.3443276596137438,0.0005921352840717943,0.12807017543859647,0.06453059033718508,97,False
bm25,4,a_ratio,6,0.4,0.3581610743747145,0.0003397894127371645,0.2478070175438596,0.00034794104688647836,97,True
bm25,4,nqc,6,0.4,0.027774078365866296,0.7882249394363918,0.0026315789473684206,0.9697013964662655,97,False
bm25,4,nqc,6,0.4,0.1300314306285275,0.2066891034650231,0.07149122807017542,0.3021348758613446,97,True
bm25,4,bertQPP,6,0.4,0.23608669149626843,0.020574462253328162,0.1758771929824561,0.011132337112518993,97,False
bm25,4,bertQPP,6,0.4,0.28723570807280796,0.004546675041519563,0.2096491228070175,0.0024784263365173137,97,True
bm25,4,bertQPP(QV),6,0.4,0.24173996116966895,0.01765198236532432,0.16973684210526313,0.01428996478556036,97,False
bm25,4,bertQPP(QV),6,0.4,0.30603258386270993,0.0024268007847298907,0.20877192982456136,0.0025842155919655403,97,True
bm25,4,spatial,6,0.45,0.3702216270454324,0.00020503306441330068,0.2171052631578947,0.0017268729312904809,97,False
bm25,4,spatial,6,0.45,0.25657102817693284,0.01162483347113793,0.21578947368421048,0.001842010485605119,97,True
bm25,4,a_ratio,6,0.45,0.344393704610322,0.0005906024137189794,0.1337719298245614,0.053508744548176196,97,False
bm25,4,a_ratio,6,0.45,0.3591108308966967,0.0003267716223619048,0.250438596491228,0.0003006998134497259,97,True
bm25,4,nqc,6,0.45,0.029607965426589,0.7746021957248046,0.003070175438596491,0.9646546976352598,97,False
bm25,4,nqc,6,0.45,0.13224584138543216,0.1989966875034099,0.07236842105263157,0.29624164556189136,97,True
bm25,4,bertQPP,6,0.45,0.24428590039639697,0.01645744632643217,0.16973684210526313,0.01428996478556036,97,False
bm25,4,bertQPP,6,0.45,0.29543188002523146,0.0034752834668998972,0.20570175438596489,0.0029878149035424606,97,True
bm25,4,bertQPP(QV),6,0.45,0.25034768001932606,0.013890837087172134,0.15877192982456137,0.021927067591039504,97,False
bm25,4,bertQPP(QV),6,0.45,0.3134615366790415,0.0018719872268877274,0.2070175438596491,0.0028082775132586228,97,True
bm25,4,spatial,6,0.5,0.3587045532709463,0.0003322829955536836,0.2052631578947368,0.0030499490794706602,97,False
bm25,4,spatial,6,0.5,0.25787069528941403,0.011194627919693747,0.2184210526315789,0.001618387245157851,97,True
bm25,4,a_ratio,6,0.5,0.3413695924899481,0.0006646443669678701,0.1320175438596491,0.05671894881927785,97,False
bm25,4,a_ratio,6,0.5,0.359105591729406,0.0003268421555389286,0.24868421052631576,0.0003314723440454529,97,True
bm25,4,nqc,6,0.5,0.03180708352491514,0.7583563099775488,0.004824561403508771,0.9444840737693221,97,False
bm25,4,nqc,6,0.5,0.1348813716689764,0.19011238893786767,0.07412280701754385,0.2846873538225777,97,True
bm25,4,bertQPP,6,0.5,0.25142466590153995,0.013473211384001333,0.17061403508771927,0.013795236924875342,97,False
bm25,4,bertQPP,6,0.5,0.30215175849041703,0.002771991591987579,0.2083333333333333,0.002638644175947716,97,True
bm25,4,bertQPP(QV),6,0.5,0.25747271094199264,0.011324863166865347,0.1640350877192982,0.017904148159161914,97,False
bm25,4,bertQPP(QV),6,0.5,0.31874845034849475,0.0015499586144365016,0.2083333333333333,0.002638644175947716,97,True
bm25,4,spatial,6,0.55,0.3456468587910358,0.0005621974576087045,0.1960526315789473,0.004658897081724128,97,False
bm25,4,spatial,6,0.55,0.25940126917018913,0.010705883494984263,0.21798245614035083,0.0016538318211645647,97,True
bm25,4,a_ratio,6,0.55,0.33505514536769987,0.00084732381170135,0.1350877192982456,0.05120190672411439,97,False
bm25,4,a_ratio,6,0.55,0.3578249715600798,0.0003445093794526122,0.24517543859649119,0.0004020556656752658,97,True
bm25,4,nqc,6,0.55,0.03449145922744544,0.7386676313622647,0.006578947368421051,0.9243489833566951,97,False
bm25,4,nqc,6,0.55,0.13806897142653093,0.1797556053737598,0.07894736842105261,0.25450134933128055,97,True
bm25,4,bertQPP,6,0.55,0.2569213680183828,0.011507468967379442,0.1644736842105263,0.017600127768823963,97,False
bm25,4,bertQPP,6,0.55,0.30681360631688126,0.002362200926537532,0.20087719298245613,0.0037393284863613424,97,True
bm25,4,bertQPP(QV),6,0.55,0.26247405360244447,0.009780736455945994,0.15175438596491225,0.028499485428052914,97,False
bm25,4,bertQPP(QV),6,0.55,0.3213373040464671,0.001411355902991434,0.19473684210526312,0.00494296865650076,97,True
bm25,4,spatial,6,0.6,0.33122495102278615,0.000979371209011811,0.18596491228070172,0.007272147742628502,97,False
bm25,4,spatial,6,0.6,0.26122704949720255,0.010147372092998973,0.2201754385964912,0.0014834887833584708,97,True
bm25,4,a_ratio,6,0.6,0.3255163049221985,0.0012111821392421069,0.1337719298245614,0.053508744548176196,97,False
bm25,4,a_ratio,6,0.6,0.354888715814148,0.00038838477955438597,0.24254385964912276,0.00046395436170867623,97,True
bm25,4,nqc,6,0.6,0.037839446646229936,0.7143472840829809,0.007456140350877191,0.9142987729055279,97,False
bm25,4,nqc,6,0.6,0.14199901681714866,0.1675621874099238,0.0820175438596491,0.2364933356716986,97,True
bm25,4,bertQPP,6,0.6,0.26017816019413254,0.010465025533542777,0.15570175438596487,0.024619863763397806,97,False
bm25,4,bertQPP,6,0.6,0.3088709233555438,0.002199385253851616,0.19385964912280698,0.005140957475072907,97,True
bm25,4,bertQPP(QV),6,0.6,0.2647754686018646,0.009134496035605172,0.1464912280701754,0.03448318151719248,97,False
bm25,4,bertQPP(QV),6,0.6,0.3208198097487085,0.001438127542050316,0.19736842105263155,0.0043896882161837195,97,True
bm25,4,spatial,6,0.65,0.3156624062815488,0.0017312241497445646,0.17280701754385963,0.012624003653747995,97,False
bm25,4,spatial,6,0.65,0.2634362185894336,0.00950583760694142,0.22236842105263155,0.0013294453024995708,97,True
bm25,4,a_ratio,6,0.65,0.31309116533894316,0.0018966670719884266,0.1263157894736842,0.0682769876388756,97,False
bm25,4,a_ratio,6,0.65,0.3498686231114871,0.0004754648574507452,0.2447368421052631,0.00041180545021419704,97,True
bm25,4,nqc,6,0.65,0.042127362469127946,0.6836142193654083,0.007456140350877191,0.9142987729055279,97,False
bm25,4,nqc,6,0.65,0.14695825908768728,0.15306192162995155,0.08245614035087717,0.23399620258604115,97,True
bm25,4,bertQPP,6,0.65,0.26068745419209477,0.01030971619508465,0.14999999999999997,0.030386188269096972,97,False
bm25,4,bertQPP,6,0.65,0.3079133156990991,0.0022738673832007937,0.18684210526315786,0.007001377469104526,97,True
bm25,4,bertQPP(QV),6,0.65,0.26399448855292146,0.009349462824420281,0.1364035087719298,0.04897892442735811,97,False
bm25,4,bertQPP(QV),6,0.65,0.31702937851242796,0.0016486894630118884,0.18771929824561398,0.0067396961345085665,97,True
bm25,4,spatial,6,0.7,0.2992139411440037,0.003061990618844519,0.1535087719298245,0.026714571474982324,97,False
bm25,4,spatial,6,0.7,0.26615020912549114,0.008766625361515915,0.2232456140350877,0.0012720699376961898,97,True
bm25,4,a_ratio,6,0.7,0.29833489719386447,0.0031539039590494002,0.12061403508771927,0.08170491462400999,97,False
bm25,4,a_ratio,6,0.7,0.34231784192541304,0.0006405611440088733,0.23070175438596488,0.000869004617248621,97,True
bm25,4,nqc,6,0.7,0.047805564349590275,0.6437043160103466,0.010964912280701752,0.8742506159554067,97,False
bm25,4,nqc,6,0.7,0.15339678206090507,0.13566416057273822,0.08859649122807016,0.20098361403964282,97,True
bm25,4,bertQPP,6,0.7,0.25815235138600173,0.011103252209193384,0.14429824561403506,0.037276435612080196,97,False
bm25,4,bertQPP,6,0.7,0.3037623320248531,0.002623708551354708,0.18991228070175434,0.006123535868103072,97,True
bm25,4,bertQPP(QV),6,0.7,0.2600476608226558,0.010505149461212032,0.13157894736842105,0.05754607703293159,97,False
bm25,4,bertQPP(QV),6,0.7,0.3100896905117838,0.002107774827246576,0.18070175438596486,0.009103246710666093,97,True
bm25,4,spatial,6,0.75,0.28214752014481975,0.005351458200439038,0.1390350877192982,0.04477544914730465,97,False
bm25,4,spatial,6,0.75,0.2695324562960903,0.007916463289897379,0.2232456140350877,0.0012720699376961898,97,True
bm25,4,a_ratio,6,0.75,0.2819227663495697,0.005389758309137059,0.11096491228070172,0.10924231434701433,97,False
bm25,4,a_ratio,6,0.75,0.3318221146897071,0.0009576212877278344,0.22543859649122802,0.0011384845622564176,97,True
bm25,4,nqc,6,0.75,0.05565518748445954,0.5901755096597892,0.021491228070175436,0.7564143003908508,97,False
bm25,4,nqc,6,0.75,0.1620548594657443,0.1146912008743836,0.0894736842105263,0.19655975339001297,97,True
bm25,4,bertQPP,6,0.75,0.25257514497058065,0.01303918778206402,0.12982456140350873,0.06095550235659266,97,False
bm25,4,bertQPP,6,0.75,0.29652550644240017,0.0033509227531687605,0.18070175438596486,0.009103246710666093,97,True
bm25,4,bertQPP(QV),6,0.75,0.2531826484908758,0.012814951620729466,0.12368421052631577,0.07423025092161463,97,False
bm25,4,bertQPP(QV),6,0.75,0.30039538753916817,0.002942245135839634,0.18070175438596486,0.009103246710666093,97,True
bm25,4,spatial,6,0.8,0.2647272009852829,0.00914765485250529,0.12807017543859647,0.06453059033718508,97,False
bm25,4,spatial,6,0.8,0.27377773561213103,0.00695274408974727,0.22631578947368416,0.001088778390813313,97,True
bm25,4,a_ratio,6,0.8,0.2645448175574106,0.00919752701977171,0.10570175438596488,0.1270989390651351,97,False
bm25,4,a_ratio,6,0.8,0.3180719505649834,0.001588154069289867,0.21491228070175433,0.001922643300449403,97,True
bm25,4,nqc,6,0.8,0.06713782731350881,0.5157370889683731,0.03201754385964912,0.643992360331084,97,False
bm25,4,nqc,6,0.8,0.17420989311456564,0.08959295911724346,0.10043859649122806,0.1471486593101641,97,True
bm25,4,bertQPP,6,0.8,0.24427082805814712,0.01646430724491676,0.12368421052631577,0.07423025092161463,97,False
bm25,4,bertQPP,6,0.8,0.28658329524807,0.00464344468685664,0.1719298245614035,0.013081497219593435,97,True
bm25,4,bertQPP(QV),6,0.8,0.24391907068858046,0.016625130487930788,0.1114035087719298,0.10784864986018966,97,False
bm25,4,bertQPP(QV),6,0.8,0.2885315036886406,0.0043597890408958355,0.16973684210526313,0.01428996478556036,97,True
bm25,4,spatial,6,0.85,0.24719880719709572,0.01517702393760806,0.11798245614035086,0.0885876276886421,97,False
bm25,4,spatial,6,0.85,0.2789813848581109,0.005913919956961131,0.22807017543859645,0.0009953330568858061,97,True
bm25,4,a_ratio,6,0.85,0.2468219369747768,0.015337665813527437,0.10219298245614034,0.14021289342862758,97,False
bm25,4,a_ratio,6,0.85,0.30094443613303035,0.002888041016216902,0.19692982456140345,0.004477815959740704,97,True
bm25,4,nqc,6,0.85,0.08523351152671825,0.4089862983202004,0.03596491228070175,0.603692225651151,97,False
bm25,4,nqc,6,0.85,0.1921242450670219,0.060754641280153496,0.10657894736842104,0.12397445778654012,97,True
bm25,4,bertQPP,6,0.85,0.23379585512082557,0.021871856722867268,0.11228070175438595,0.1051035749997424,97,False
bm25,4,bertQPP,6,0.85,0.27451229496401097,0.006796952768296204,0.16008771929824558,0.02085383817174601,97,True
bm25,4,bertQPP(QV),6,0.85,0.23292589686029658,0.02238258007155202,0.10307017543859648,0.1368406787927515,97,False
bm25,4,bertQPP(QV),6,0.85,0.2751635623059908,0.006661416432722907,0.15701754385964908,0.02343259236880532,97,True
bm25,4,spatial,6,0.9,0.22977964815129112,0.02431567361886537,0.10175438596491226,0.1419227981547235,97,False
bm25,4,spatial,6,0.9,0.28431771193349303,0.004993895510242568,0.21578947368421048,0.001842010485605119,97,True
bm25,4,a_ratio,6,0.9,0.2292573780153808,0.02464996176783864,0.09122807017543857,0.18792678491316706,97,False
bm25,4,a_ratio,6,0.9,0.28057169679569766,0.005625167020961799,0.18114035087719296,0.008936269357215086,97,True
bm25,4,nqc,6,0.9,0.11634024303844293,0.25898100642989075,0.05701754385964911,0.41053037262333025,97,False
bm25,4,nqc,6,0.9,0.21929056432220742,0.03182066485477321,0.12149122807017541,0.07950949270058337,97,True
bm25,4,bertQPP,6,0.9,0.2218243816986693,0.029848641735915706,0.0982456140350877,0.1561836121302155,97,False
bm25,4,bertQPP,6,0.9,0.2609754226007051,0.01022279645923511,0.1508771929824561,0.029429833054879267,97,True
bm25,4,bertQPP(QV),6,0.9,0.2208887186482193,0.030564463081070085,0.09254385964912279,0.18163805178968873,97,False
bm25,4,bertQPP(QV),6,0.9,0.26093585893391386,0.010234700105947665,0.1478070175438596,0.03289461425077135,97,True
bm25,4,spatial,6,0.95,0.21265258774029183,0.03751426653365069,0.09254385964912279,0.18163805178968873,97,False
bm25,4,spatial,6,0.95,0.282861209837116,0.005231436999589213,0.1960526315789473,0.004658897081724128,97,True
bm25,4,a_ratio,6,0.95,0.21222214808752882,0.03791118872154637,0.08903508771929823,0.1987626865625428,97,False
bm25,4,a_ratio,6,0.95,0.25736772873513586,0.011359437077249134,0.15307017543859647,0.02715150040857788,97,True
bm25,4,nqc,6,0.95,0.16921717871100697,0.0993171248990327,0.06885964912280701,0.3202797133432874,97,False
bm25,4,nqc,6,0.95,0.25322413896034546,0.012799760261154525,0.14035087719298242,0.04279048337179435,97,True
bm25,4,bertQPP,6,0.95,0.20902324697604588,0.04097248231911184,0.08684210526315787,0.21004839720400814,97,False
bm25,4,bertQPP,6,0.95,0.24661775331839378,0.015425313134318474,0.1364035087719298,0.04897892442735811,97,True
bm25,4,bertQPP(QV),6,0.95,0.20841084792840242,0.04158143354527214,0.08991228070175437,0.194374756294158,97,False
bm25,4,bertQPP(QV),6,0.95,0.24640220282762887,0.015518310054898994,0.13771929824561402,0.046837521900493555,97,True
bm25,4,spatial,6,1.0,0.1959640361957412,0.05568501132801316,0.0807017543859649,0.2440975948759634,97,False
bm25,4,spatial,6,1.0,0.2319943801091049,0.02294071826245747,0.12061403508771927,0.08170491462400999,97,True
bm25,4,a_ratio,6,1.0,0.1959640361957412,0.05568501132801316,0.0807017543859649,0.2440975948759634,97,False
bm25,4,a_ratio,6,1.0,0.2319943801091049,0.02294071826245747,0.12061403508771927,0.08170491462400999,97,True
bm25,4,nqc,6,1.0,0.1959640361957412,0.05568501132801316,0.0807017543859649,0.2440975948759634,97,False
bm25,4,nqc,6,1.0,0.2319943801091049,0.02294071826245747,0.12061403508771927,0.08170491462400999,97,True
bm25,4,bertQPP,6,1.0,0.1959640361957412,0.05568501132801316,0.0807017543859649,0.2440975948759634,97,False
bm25,4,bertQPP,6,1.0,0.2319943801091049,0.02294071826245747,0.12061403508771927,0.08170491462400999,97,True
bm25,4,bertQPP(QV),6,1.0,0.1959640361957412,0.05568501132801316,0.0807017543859649,0.2440975948759634,97,False
bm25,4,bertQPP(QV),6,1.0,0.2319943801091049,0.02294071826245747,0.12061403508771927,0.08170491462400999,97,True
bm25,4,spatial,7,0.0,0.4037614090489069,4.517064367080608e-05,0.24912280701754383,0.00032351427155757553,97,False
bm25,4,spatial,7,0.0,0.2501732937929054,0.013959506461471155,0.20921052631578946,0.002530815422866084,97,True
bm25,4,a_ratio,7,0.0,0.2882861454452175,0.004394640876071033,0.08026315789473683,0.2466700962299916,97,False
bm25,4,a_ratio,7,0.0,0.33789759892324867,0.000760063929375933,0.23201754385964907,0.0008115744326137436,97,True
bm25,4,nqc,7,0.0,0.01970354342631228,0.8488828114964245,-0.008333333333333331,0.9042622467947524,97,False
bm25,4,nqc,7,0.0,0.12010795471193708,0.2437671751705969,0.06052631578947368,0.3823337405619286,97,True
bm25,4,bertQPP,7,0.0,0.1712014758316667,0.09535759302867927,0.168859649122807,0.014800278325359423,97,False
bm25,4,bertQPP,7,0.0,0.2143207230094226,0.03600874538298362,0.1964912280701754,0.004567543784697511,97,True
bm25,4,bertQPP(QV),7,0.0,0.16903733798076603,0.09968227112021084,0.17324561403508767,0.01240061333688213,97,False
bm25,4,bertQPP(QV),7,0.0,0.22666462033708634,0.026368078840486996,0.20043859649122803,0.0038155311548393224,97,True
bm25,4,spatial,7,0.05,0.40679438481434427,3.907480865725453e-05,0.2526315789473684,0.00026599295941046356,97,False
bm25,4,spatial,7,0.05,0.25068534216216437,0.01375870710840012,0.21008771929824557,0.0024270312486862444,97,True
bm25,4,a_ratio,7,0.05,0.2983712290639642,0.0031500565974618717,0.08903508771929823,0.1987626865625428,97,False
bm25,4,a_ratio,7,0.05,0.3413577798685933,0.0006649495337242338,0.237719298245614,0.0006011104754053054,97,True
bm25,4,nqc,7,0.05,0.02041877930747177,0.8434658486318417,-0.007017543859649122,0.9193222670955983,97,False
bm25,4,nqc,7,0.05,0.1209536523897928,0.24043898290032986,0.06228070175438596,0.36869194739779565,97,True
bm25,4,bertQPP,7,0.05,0.17883603788348168,0.08127100549436317,0.17149122807017542,0.013315695610410695,97,False
bm25,4,bertQPP,7,0.05,0.22289894298964474,0.029044102451238347,0.2039473684210526,0.00324348853932908,97,True
bm25,4,bertQPP(QV),7,0.05,0.17744537133115137,0.08370506707067314,0.17543859649122803,0.01133536481749997,97,False
bm25,4,bertQPP(QV),7,0.05,0.23622735824007302,0.020496995359666408,0.2096491228070175,0.0024784263365173137,97,True
bm25,4,spatial,7,0.1,0.40895638476614105,3.520828924053486e-05,0.26578947368421046,0.00012492077956959696,97,False
bm25,4,spatial,7,0.1,0.25124940588886335,0.013540419526697803,0.21008771929824557,0.0024270312486862444,97,True
bm25,4,a_ratio,7,0.1,0.3087067657900368,0.002211994965743925,0.09912280701754383,0.15252039009651644,97,False
bm25,4,a_ratio,7,0.1,0.34489768009160593,0.0005790245404049188,0.24166666666666664,0.0004864896630231411,97,True
bm25,4,nqc,7,0.1,0.021213703977118775,0.8374538971029298,-0.006578947368421051,0.9243489833566951,97,False
bm25,4,nqc,7,0.1,0.12189145616388466,0.23678529920477337,0.06359649122807016,0.35866198325465426,97,True
bm25,4,bertQPP,7,0.1,0.18703674272211324,0.06804468200863605,0.17850877192982453,0.009980624249260547,97,False
bm25,4,bertQPP,7,0.1,0.2320204210242144,0.022924955170975852,0.2083333333333333,0.002638644175947716,97,True
bm25,4,bertQPP(QV),7,0.1,0.1864558346070182,0.06892030828708628,0.17850877192982453,0.009980624249260547,97,False
bm25,4,bertQPP(QV),7,0.1,0.24630886221880216,0.015558731225745293,0.21140350877192976,0.002278642796588288,97,True
bm25,4,spatial,7,0.15,0.41005058834269686,3.339056176719737e-05,0.2666666666666666,0.00011863797904396325,97,False
bm25,4,spatial,7,0.15,0.25187377450479725,0.013302310933456973,0.21008771929824557,0.0024270312486862444,97,True
bm25,4,a_ratio,7,0.15,0.31909574370511723,0.0015306753528270807,0.1100877192982456,0.11207233731986323,97,False
bm25,4,a_ratio,7,0.15,0.348485484363509,0.0005024248240836921,0.243859649122807,0.00043197102860202826,97,True
bm25,4,nqc,7,0.15,0.022102382756680784,0.8307439447117444,-0.006140350877192982,0.9293787221862809,97,False
bm25,4,nqc,7,0.15,0.12293722295186257,0.23275673917441933,0.06622807017543858,0.33912253473494924,97,True
bm25,4,bertQPP,7,0.15,0.19580878368879612,0.05588303859905541,0.18508771929824558,0.007552277732226657,97,False
bm25,4,bertQPP,7,0.15,0.24166206012490501,0.01768968206099033,0.20877192982456136,0.0025842155919655403,97,True
bm25,4,bertQPP(QV),7,0.15,0.19605729260207866,0.055566337940667176,0.17938596491228065,0.00962101549816644,97,False
bm25,4,bertQPP(QV),7,0.15,0.25684291760099587,0.011533659718528662,0.212719298245614,0.0021386085398990835,97,True
bm25,4,spatial,7,0.2,0.4098733055643337,3.367898988933986e-05,0.27061403508771925,9.387616904936242e-05,97,False
bm25,4,spatial,7,0.2,0.25256858062612253,0.013041629281842647,0.21096491228070172,0.002327155955166847,97,True
bm25,4,a_ratio,7,0.2,0.32925345810712364,0.0010544111274667174,0.1201754385964912,0.08282092773870503,97,False
bm25,4,a_ratio,7,0.2,0.3520748187340058,0.0004351973275823878,0.24429824561403507,0.00042177571212416556,97,True
bm25,4,nqc,7,0.2,0.023102387068544478,0.8232079469259833,-0.004824561403508771,0.9444840737693221,97,False
bm25,4,nqc,7,0.2,0.12411065497880946,0.22829362773852657,0.06710526315789472,0.33276408177138295,97,True
bm25,4,bertQPP,7,0.2,0.20513095574169007,0.04497256408308545,0.1894736842105263,0.006242548211379331,97,False
bm25,4,bertQPP,7,0.2,0.251765514487677,0.013343333997314763,0.21447368421052626,0.001964163707567382,97,True
bm25,4,bertQPP(QV),7,0.2,0.20620173497200525,0.043841103279947086,0.18245614035087715,0.008451628874483844,97,False
bm25,4,bertQPP(QV),7,0.2,0.267712136477923,0.00836452613809351,0.21359649122807012,0.0020496840923188192,97,True
bm25,4,spatial,7,0.25,0.4082256829837773,3.647319224030381e-05,0.2679824561403508,0.00010976989357989721,97,False
bm25,4,spatial,7,0.25,0.2533463357370993,0.012755110073291172,0.21008771929824557,0.0024270312486862444,97,True
bm25,4,a_ratio,7,0.25,0.33879235531593144,0.0007343448514884062,0.13026315789473683,0.06008783459643862,97,False
bm25,4,a_ratio,7,0.25,0.35559981007817776,0.0003773115024211458,0.24868421052631576,0.0003314723440454529,97,True
bm25,4,nqc,7,0.25,0.02423595531971092,0.8146848100566636,-0.0021929824561403503,0.9747493089119874,97,False
bm25,4,nqc,7,0.25,0.12543653440807295,0.22332326179156742,0.06798245614035085,0.32648312465382767,97,True
bm25,4,bertQPP,7,0.25,0.2149414294608596,0.035461641084207615,0.19035087719298244,0.0060065708523342936,97,False
bm25,4,bertQPP,7,0.25,0.2622221509090311,0.009853848650289886,0.21578947368421048,0.001842010485605119,97,True
bm25,4,bertQPP(QV),7,0.25,0.21678736113806346,0.03387566984649264,0.18684210526315786,0.007001377469104526,97,False
bm25,4,bertQPP(QV),7,0.25,0.2787310862207779,0.0059605443070262975,0.21447368421052626,0.001964163707567382,97,True
bm25,4,spatial,7,0.3,0.4049287414052726,4.272640946549287e-05,0.2587719298245614,0.00018773365369726365,97,False
bm25,4,spatial,7,0.3,0.2542226610976295,0.012438859782627133,0.21096491228070172,0.002327155955166847,97,True
bm25,4,a_ratio,7,0.3,0.34721710697082575,0.0005283731002939095,0.13245614035087716,0.05590173788646047,97,False
bm25,4,a_ratio,7,0.3,0.3589687787749376,0.00032868899296315484,0.2526315789473684,0.00026599295941046356,97,True
bm25,4,nqc,7,0.3,0.025531645653284613,0.8049691222503761,-0.00043859649122807013,0.9949490522405066,97,False
bm25,4,nqc,7,0.3,0.1269464632101156,0.21775629443598804,0.06885964912280701,0.3202797133432874,97,True
bm25,4,bertQPP,7,0.3,0.2251190840987649,0.027439891596508875,0.18421052631578944,0.007842044522710973,97,False
bm25,4,bertQPP,7,0.3,0.2728549169505884,0.007152930056932587,0.21403508771929822,0.002006505794696667,97,True
bm25,4,bertQPP(QV),7,0.3,0.22763763753368854,0.025711726774742184,0.18114035087719296,0.008936269357215086,97,False
bm25,4,bertQPP(QV),7,0.3,0.2896291169703127,0.004206878330179325,0.21973684210526312,0.001516205986896074,97,True
bm25,4,spatial,7,0.35,0.399840556778458,5.436882864160777e-05,0.25175438596491223,0.0002793989335345861,97,False
bm25,4,spatial,7,0.35,0.25521729989969966,0.012088210429377272,0.212719298245614,0.0021386085398990835,97,True
bm25,4,a_ratio,7,0.35,0.35393992806284047,0.00040362488679958336,0.1451754385964912,0.03613683367153821,97,False
bm25,4,a_ratio,7,0.35,0.36205641760961194,0.0002892621284100133,0.2526315789473684,0.00026599295941046356,97,True
bm25,4,nqc,7,0.35,0.027026740855496736,0.7937950069686812,0.0008771929824561403,0.9898983068920344,97,False
bm25,4,nqc,7,0.35,0.12868136517373008,0.2114819242853585,0.07017543859649121,0.3111200418134661,97,True
bm25,4,bertQPP,7,0.35,0.23546106426286767,0.020922053216739487,0.1864035087719298,0.00713560971179531,97,False
bm25,4,bertQPP,7,0.35,0.28339891566799713,0.0051425976181850444,0.21535087719298243,0.0018819302596192753,97,True
bm25,4,bertQPP(QV),7,0.35,0.23847905679706033,0.01929060845647571,0.18728070175438594,0.006869417363886626,97,False
bm25,4,bertQPP(QV),7,0.35,0.3000372658314978,0.0029780906516986244,0.22675438596491226,0.0010646851601117014,97,True
bm25,4,spatial,7,0.4,0.39287344216915876,7.514846092903979e-05,0.24298245614035083,0.0004530555607905571,97,False
bm25,4,spatial,7,0.4,0.2563555414159551,0.011697539792912976,0.21578947368421048,0.001842010485605119,97,True
bm25,4,a_ratio,7,0.4,0.3583264521075758,0.00033748889148575104,0.15175438596491225,0.028499485428052914,97,False
bm25,4,a_ratio,7,0.4,0.36469451981474776,0.00025907951431028165,0.25131578947368416,0.0002863369173575716,97,True
bm25,4,nqc,7,0.4,0.028770834940132065,0.7808124946638039,0.0013157894736842103,0.984847966341271,97,False
bm25,4,nqc,7,0.4,0.1306951663820391,0.20436146044890469,0.07280701754385964,0.29332406919202725,97,True
bm25,4,bertQPP,7,0.4,0.24565959111068558,0.01584242872323909,0.19166666666666665,0.0056676554767862795,97,False
bm25,4,bertQPP,7,0.4,0.29348498847329796,0.0037069352807786054,0.21754385964912276,0.0016899894279553034,97,True
bm25,4,bertQPP(QV),7,0.4,0.24892341384940578,0.014460367227581027,0.19122807017543855,0.005778660719514659,97,False
bm25,4,bertQPP(QV),7,0.4,0.3094864716823352,0.0021526772809291115,0.22499999999999995,0.0011641166831212395,97,True
bm25,4,spatial,7,0.45,0.38400827114002856,0.00011228244845642841,0.23245614035087714,0.0007932274849806823,97,False
bm25,4,spatial,7,0.45,0.25767025848034597,0.011260053777672143,0.2184210526315789,0.001618387245157851,97,True
bm25,4,a_ratio,7,0.45,0.35977669689685754,0.0003179205118607299,0.168859649122807,0.014800278325359423,97,False
bm25,4,a_ratio,7,0.45,0.36666176784138343,0.0002384934384497653,0.25482456140350873,0.00023506899651749467,97,True
bm25,4,nqc,7,0.45,0.030831333854177682,0.7655521332678382,0.004385964912280701,0.9495239009595372,97,False
bm25,4,nqc,7,0.45,0.13306034897603786,0.1962197042817352,0.07587719298245613,0.27344185633141316,97,True
bm25,4,bertQPP,7,0.45,0.2552850265932329,0.012064650698409712,0.19736842105263155,0.0043896882161837195,97,False
bm25,4,bertQPP,7,0.45,0.30263401624096803,0.002726819963951434,0.2184210526315789,0.001618387245157851,97,True
bm25,4,bertQPP(QV),7,0.45,0.25846481169050106,0.011002646239848516,0.18245614035087715,0.008451628874483844,97,False
bm25,4,bertQPP(QV),7,0.45,0.31742649942240825,0.0016253891671926975,0.2232456140350877,0.0012720699376961898,97,True
bm25,4,spatial,7,0.5,0.3733029708921179,0.00017963112092121562,0.22543859649122802,0.0011384845622564176,97,False
bm25,4,spatial,7,0.5,0.25920487173055257,0.010767534800191426,0.21973684210526312,0.001516205986896074,97,True
bm25,4,a_ratio,7,0.5,0.3578317659214872,0.0003444133701424852,0.17850877192982453,0.009980624249260547,97,False
bm25,4,a_ratio,7,0.5,0.367673918461921,0.00022850041272235867,0.25964912280701746,0.0001785089263106937,97,True
bm25,4,nqc,7,0.5,0.03330216668970795,0.7473706171773626,0.007456140350877191,0.9142987729055279,97,False
bm25,4,nqc,7,0.5,0.13587657643743464,0.18683349026421134,0.07587719298245613,0.27344185633141316,97,True
bm25,4,bertQPP,7,0.5,0.26378716606055724,0.009407269533081103,0.20043859649122803,0.0038155311548393224,97,False
bm25,4,bertQPP,7,0.5,0.310272770767568,0.0020943148441414116,0.2184210526315789,0.001618387245157851,97,True
bm25,4,bertQPP(QV),7,0.5,0.2665049078284869,0.00867385055319773,0.1894736842105263,0.006242548211379331,97,False
bm25,4,bertQPP(QV),7,0.5,0.3232739428554645,0.001315131160169669,0.22499999999999995,0.0011641166831212395,97,True
bm25,4,spatial,7,0.55,0.3608929508808936,0.0003035763979779077,0.21754385964912276,0.0016899894279553034,97,False
bm25,4,spatial,7,0.55,0.26101772959249236,0.010210080837520326,0.21798245614035083,0.0016538318211645647,97,True
bm25,4,a_ratio,7,0.55,0.35227879030681736,0.00043163725849473274,0.18245614035087715,0.008451628874483844,97,False
bm25,4,a_ratio,7,0.55,0.3673770462005881,0.00023139062656060512,0.2666666666666666,0.00011863797904396325,97,True
bm25,4,nqc,7,0.55,0.036318101509556194,0.7253649247603401,0.010087719298245612,0.8842365917819822,97,False
bm25,4,nqc,7,0.55,0.13928453323793716,0.1759168308140557,0.07938596491228068,0.2518719393317509,97,True
bm25,4,bertQPP,7,0.55,0.27052995342102754,0.007680017771952049,0.20043859649122803,0.0038155311548393224,97,False
bm25,4,bertQPP,7,0.55,0.31578212475361095,0.0017238492606600913,0.21008771929824557,0.0024270312486862444,97,True
bm25,4,bertQPP(QV),7,0.55,0.27241768514703657,0.007249543068577992,0.18596491228070172,0.007272147742628502,97,False
bm25,4,bertQPP(QV),7,0.55,0.3264905371022382,0.0011683927502702648,0.22675438596491226,0.0010646851601117014,97,True
bm25,4,spatial,7,0.6,0.3469827530278192,0.0005332998753730533,0.21184210526315786,0.0022310577254778404,97,False
bm25,4,spatial,7,0.6,0.26318865218918314,0.009575913777856226,0.2184210526315789,0.001618387245157851,97,True
bm25,4,a_ratio,7,0.6,0.34321580388838335,0.0006184939392171087,0.1864035087719298,0.00713560971179531,97,False
bm25,4,a_ratio,7,0.6,0.36534832560822184,0.00025206268120615827,0.26622807017543854,0.00012174117339765374,97,True
bm25,4,nqc,7,0.6,0.0400793078280593,0.6982327691079326,0.012280701754385963,0.8593096176685738,97,False
bm25,4,nqc,7,0.6,0.14348896714628964,0.1631029527876528,0.08333333333333333,0.22905812271994552,97,True
bm25,4,bertQPP,7,0.6,0.27487080487911225,0.006722044038153384,0.19692982456140345,0.004477815959740704,97,False
bm25,4,bertQPP,7,0.6,0.31858133993180054,0.0015593155289337194,0.21535087719298243,0.0018819302596192753,97,True
bm25,4,bertQPP(QV),7,0.6,0.2756524788393756,0.00656124379873479,0.1820175438596491,0.008610498746466352,97,False
bm25,4,bertQPP(QV),7,0.6,0.32667928992778955,0.0011602632045102641,0.22105263157894733,0.0014199974923815438,97,True
bm25,4,spatial,7,0.65,0.3318300840723988,0.0009573340265114219,0.20263157894736838,0.0034481555035308746,97,False
bm25,4,spatial,7,0.65,0.26582869456809743,0.008851473155275366,0.21973684210526312,0.001516205986896074,97,True
bm25,4,a_ratio,7,0.65,0.3310470583460507,0.0009859368797175527,0.18377192982456136,0.007990630052244877,97,False
bm25,4,a_ratio,7,0.65,0.3611107346853082,0.0003008483100924955,0.2649122807017543,0.00013151626797994824,97,True
bm25,4,nqc,7,0.65,0.04489568452780043,0.6640394527512551,0.014473684210526314,0.8345220924714823,97,False
bm25,4,nqc,7,0.65,0.14879868092075313,0.14792675167612995,0.08640350877192982,0.21236013506761187,97,True
bm25,4,bertQPP,7,0.65,0.27627924306783297,0.0064347788216342775,0.19035087719298244,0.0060065708523342936,97,False
bm25,4,bertQPP,7,0.65,0.3182363173617829,0.001578796258114102,0.21929824561403505,0.0015495867057188555,97,True
bm25,4,bertQPP(QV),7,0.65,0.275851939031858,0.006520761324800019,0.18684210526315786,0.007001377469104526,97,False
bm25,4,bertQPP(QV),7,0.65,0.32367112352672545,0.0012961485159472205,0.2201754385964912,0.0014834887833584708,97,True
bm25,4,spatial,7,0.7,0.31572498701731116,0.0017273655024166502,0.19254385964912277,0.005451397044324322,97,False
bm25,4,spatial,7,0.7,0.26909418050048584,0.008022364237419253,0.22105263157894733,0.0014199974923815438,97,True
bm25,4,a_ratio,7,0.7,0.3164074227436876,0.0016857896351335127,0.18377192982456136,0.007990630052244877,97,False
bm25,4,a_ratio,7,0.7,0.35416888040889033,0.0003998977973797996,0.2570175438596491,0.00020754319542769554,97,True
bm25,4,nqc,7,0.7,0.05127176004634417,0.6198207206067037,0.023245614035087715,0.7372368386099444,97,False
bm25,4,nqc,7,0.7,0.15569916629660108,0.12982189267966993,0.0894736842105263,0.19655975339001297,97,True
bm25,4,bertQPP,7,0.7,0.27446337403540166,0.0068072315534886,0.18728070175438594,0.006869417363886626,97,False
bm25,4,bertQPP,7,0.7,0.3145607376932918,0.0018004409663717406,0.21447368421052626,0.001964163707567382,97,True
bm25,4,bertQPP(QV),7,0.7,0.27294234798302874,0.007133747848431129,0.18596491228070172,0.007272147742628502,97,False
bm25,4,bertQPP(QV),7,0.7,0.3175696695310092,0.0016170623399138866,0.2171052631578947,0.0017268729312904809,97,True
bm25,4,spatial,7,0.75,0.29896769435531556,0.0030874928686467,0.18596491228070172,0.007272147742628502,97,False
bm25,4,spatial,7,0.75,0.27320376957614395,0.007076663184427313,0.2228070175438596,0.0013004656192157056,97,True
bm25,4,a_ratio,7,0.75,0.30004479952064983,0.00297733256270925,0.17631578947368418,0.010932545975931482,97,False
bm25,4,a_ratio,7,0.75,0.3440708057559742,0.0005981314324883795,0.25175438596491223,0.0002793989335345861,97,True
bm25,4,nqc,7,0.75,0.0600809785370843,0.5609133968222502,0.03157894736842105,0.6485384145930861,97,False
bm25,4,nqc,7,0.75,0.16499063016579385,0.10818050436851685,0.09736842105263156,0.1599131949044269,97,True
bm25,4,bertQPP,7,0.75,0.2694537354468549,0.00793539341768623,0.181578947368421,0.008772032874754584,97,False
bm25,4,bertQPP,7,0.75,0.30767061940281426,0.002293101703358317,0.206578947368421,0.002866998129943633,97,True
bm25,4,bertQPP(QV),7,0.75,0.26715577766308507,0.008505853047130037,0.1776315789473684,0.010352157028285932,97,False
bm25,4,bertQPP(QV),7,0.75,0.308734532763964,0.002209857484395784,0.21622807017543857,0.0018028700906948475,97,True
bm25,4,spatial,7,0.8,0.2818485016009614,0.005402467120787213,0.1671052631578947,0.01586929650651852,97,False
bm25,4,spatial,7,0.8,0.27844257838484676,0.006014690138826402,0.22894736842105257,0.0009514478072229865,97,True
bm25,4,a_ratio,7,0.8,0.2827020606688806,0.005257991850941669,0.16622807017543856,0.01642883705367172,97,False
bm25,4,a_ratio,7,0.8,0.33049291460115027,0.0010066470618079158,0.2421052631578947,0.00047509739036277217,97,True
bm25,4,nqc,7,0.8,0.07295205550426193,0.4799643134868338,0.0381578947368421,0.5818046615742262,97,False
bm25,4,nqc,7,0.8,0.17805788406569018,0.08262593356088763,0.10307017543859648,0.1368406787927515,97,True
bm25,4,bertQPP,7,0.8,0.26160346218111563,0.01003545366789348,0.17236842105263153,0.012850949167755494,97,False
bm25,4,bertQPP,7,0.8,0.29796669185463887,0.0031931334760615213,0.20570175438596489,0.0029878149035424606,97,True
bm25,4,bertQPP(QV),7,0.8,0.2589728419128343,0.010840771474419237,0.17324561403508767,0.01240061333688213,97,False
bm25,4,bertQPP(QV),7,0.8,0.2977088753679609,0.003220861735372282,0.2039473684210526,0.00324348853932908,97,True
bm25,4,spatial,7,0.85,0.26463202446373113,0.009173650858938185,0.156578947368421,0.023822706517307408,97,False
bm25,4,spatial,7,0.85,0.2850542780753846,0.004877461847472274,0.23684210526315785,0.0006297844386530204,97,True
bm25,4,a_ratio,7,0.85,0.2650302111097759,0.009065322648172908,0.16184210526315784,0.019494257081408093,97,False
bm25,4,a_ratio,7,0.85,0.31333205366981004,0.0018805821864378623,0.23508771929824557,0.0006909882372402237,97,True
bm25,4,nqc,7,0.85,0.09318260573092069,0.3665225539851378,0.04385964912280701,0.5267031786780156,97,False
bm25,4,nqc,7,0.85,0.19736422632554385,0.053924905564429644,0.12236842105263156,0.0773622745902155,97,True
bm25,4,bertQPP,7,0.85,0.2515028844549423,0.013443310112025991,0.1640350877192982,0.017904148159161914,97,False
bm25,4,bertQPP,7,0.85,0.2860504923504469,0.004723829704939636,0.19692982456140345,0.004477815959740704,97,True
bm25,4,bertQPP(QV),7,0.85,0.24901256182630876,0.014424133809048627,0.15701754385964908,0.02343259236880532,97,False
bm25,4,bertQPP(QV),7,0.85,0.2851193248351002,0.004867296540764836,0.1934210526315789,0.005242615402641688,97,True
bm25,4,spatial,7,0.9,0.247546906728137,0.01502994275721714,0.1451754385964912,0.03613683367153821,97,False
bm25,4,spatial,7,0.9,0.29242118650825955,0.00383926305456882,0.23201754385964907,0.0008115744326137436,97,True
bm25,4,a_ratio,7,0.9,0.24754392911565268,0.015031195619550073,0.15307017543859647,0.02715150040857788,97,False
bm25,4,a_ratio,7,0.9,0.2927756110774651,0.0037947140004483556,0.21447368421052626,0.001964163707567382,97,True
bm25,4,nqc,7,0.9,0.12773133595121755,0.214901638357572,0.06666666666666665,0.33593362539214777,97,False
bm25,4,nqc,7,0.9,0.22674935407182933,0.026310360754440758,0.13771929824561402,0.046837521900493555,97,True
bm25,4,bertQPP,7,0.9,0.23984802975426633,0.018587413187383398,0.1478070175438596,0.03289461425077135,97,False
bm25,4,bertQPP,7,0.9,0.2726082868111389,0.007207285976181678,0.18245614035087715,0.008451628874483844,97,True
bm25,4,bertQPP(QV),7,0.9,0.23791475515913987,0.019587061087294744,0.14605263157894735,0.035027066920463666,97,False
bm25,4,bertQPP(QV),7,0.9,0.27158153364208104,0.007437516678241926,0.18771929824561398,0.0067396961345085665,97,True
bm25,4,spatial,7,0.95,0.23078086857638952,0.023685626400176303,0.13552631578947366,0.05045170824112038,97,False
bm25,4,spatial,7,0.95,0.29355421854047453,0.0036984667554963275,0.22192982456140345,0.001359019813248218,97,True
bm25,4,a_ratio,7,0.95,0.2306135552817234,0.02378993297540763,0.13859649122807016,0.04545413009688231,97,False
bm25,4,a_ratio,7,0.95,0.2693175964281902,0.007968225134492045,0.19078947368421048,0.005891622551225342,97,True
bm25,4,nqc,7,0.95,0.1854426311635278,0.07046933401551138,0.118859649122807,0.08624325957567905,97,False
bm25,4,nqc,7,0.95,0.2637818989886108,0.009408742201557331,0.162719298245614,0.018843982626781136,97,True
bm25,4,bertQPP,7,0.95,0.22731572476694367,0.02592731790664879,0.13728070175438595,0.04754239775881143,97,False
bm25,4,bertQPP,7,0.95,0.2583035187853912,0.01105447937497402,0.16929824561403506,0.014543148107282302,97,True
bm25,4,bertQPP(QV),7,0.95,0.22625138461650687,0.0266511076298949,0.1359649122807017,0.04971074224007309,97,False
bm25,4,bertQPP(QV),7,0.95,0.2576337269131104,0.011272014204680042,0.16754385964912277,0.015595863350661914,97,True
bm25,4,spatial,7,1.0,0.21448019124270132,0.03586751506693525,0.1293859649122807,0.06183352376776574,97,False
bm25,4,spatial,7,1.0,0.24370409416757757,0.01672408436172515,0.16578947368421051,0.01671505177868845,97,True
bm25,4,a_ratio,7,1.0,0.21448019124270132,0.03586751506693525,0.1293859649122807,0.06183352376776574,97,False
bm25,4,a_ratio,7,1.0,0.24370409416757757,0.01672408436172515,0.16578947368421051,0.01671505177868845,97,True
bm25,4,nqc,7,1.0,0.21448019124270132,0.03586751506693525,0.1293859649122807,0.06183352376776574,97,False
bm25,4,nqc,7,1.0,0.24370409416757757,0.01672408436172515,0.16578947368421051,0.01671505177868845,97,True
bm25,4,bertQPP,7,1.0,0.21448019124270132,0.03586751506693525,0.1293859649122807,0.06183352376776574,97,False
bm25,4,bertQPP,7,1.0,0.24370409416757757,0.01672408436172515,0.16578947368421051,0.01671505177868845,97,True
bm25,4,bertQPP(QV),7,1.0,0.21448019124270132,0.03586751506693525,0.1293859649122807,0.06183352376776574,97,False
bm25,4,bertQPP(QV),7,1.0,0.24370409416757757,0.01672408436172515,0.16578947368421051,0.01671505177868845,97,True
bm25,4,spatial,8,0.0,0.4037614090489069,4.517064367080608e-05,0.24912280701754383,0.00032351427155757553,97,False
bm25,4,spatial,8,0.0,0.2501732937929054,0.013959506461471155,0.20921052631578946,0.002530815422866084,97,True
bm25,4,a_ratio,8,0.0,0.2882861454452175,0.004394640876071033,0.08026315789473683,0.2466700962299916,97,False
bm25,4,a_ratio,8,0.0,0.33789759892324867,0.000760063929375933,0.23201754385964907,0.0008115744326137436,97,True
bm25,4,nqc,8,0.0,0.01970354342631228,0.8488828114964245,-0.008333333333333331,0.9042622467947524,97,False
bm25,4,nqc,8,0.0,0.12010795471193708,0.2437671751705969,0.06052631578947368,0.3823337405619286,97,True
bm25,4,bertQPP,8,0.0,0.1712014758316667,0.09535759302867927,0.168859649122807,0.014800278325359423,97,False
bm25,4,bertQPP,8,0.0,0.2143207230094226,0.03600874538298362,0.1964912280701754,0.004567543784697511,97,True
bm25,4,bertQPP(QV),8,0.0,0.16903733798076603,0.09968227112021084,0.17324561403508767,0.01240061333688213,97,False
bm25,4,bertQPP(QV),8,0.0,0.22666462033708634,0.026368078840486996,0.20043859649122803,0.0038155311548393224,97,True
bm25,4,spatial,8,0.05,0.40749399519052754,3.7782235644584356e-05,0.24999999999999994,0.0003081316971646934,97,False
bm25,4,spatial,8,0.05,0.25073092242152545,0.01374095510179255,0.21008771929824557,0.0024270312486862444,97,True
bm25,4,a_ratio,8,0.05,0.29883041907714364,0.0031017921892682264,0.0907894736842105,0.19005833264780647,97,False
bm25,4,a_ratio,8,0.05,0.3415765345375591,0.000659318974469528,0.2385964912280701,0.0005736554562799961,97,True
bm25,4,nqc,8,0.05,0.020483256977814168,0.8429778697102752,-0.006140350877192982,0.9293787221862809,97,False
bm25,4,nqc,8,0.05,0.12099826847060588,0.24026427813174012,0.06271929824561404,0.36532940366389033,97,True
bm25,4,bertQPP,8,0.05,0.1794398534043975,0.08023191088540337,0.17280701754385963,0.012624003653747995,97,False
bm25,4,bertQPP,8,0.05,0.22344072332152895,0.02864547707934564,0.20175438596491224,0.0035910585335480823,97,True
bm25,4,bertQPP(QV),8,0.05,0.17814165115439787,0.08247921792474602,0.17850877192982453,0.009980624249260547,97,False
bm25,4,bertQPP(QV),8,0.05,0.2368830972040425,0.02013916610290621,0.20789473684210524,0.002694118757519195,97,True
bm25,4,spatial,8,0.1,0.41044878074164753,3.2751121055559286e-05,0.2587719298245614,0.00018773365369726365,97,False
bm25,4,spatial,8,0.1,0.25134550984697834,0.013503529892506043,0.2096491228070175,0.0024784263365173137,97,True
bm25,4,a_ratio,8,0.1,0.30966499011559806,0.002139299649688243,0.09999999999999998,0.1489229247512205,97,False
bm25,4,a_ratio,8,0.1,0.34535812799477983,0.000568628760987673,0.24254385964912276,0.00046395436170867623,97,True
bm25,4,nqc,8,0.1,0.021349717462986396,0.8364261629025479,-0.005701754385964911,0.9344112837195322,97,False
bm25,4,nqc,8,0.1,0.12198550997316707,0.23642100787610743,0.06359649122807016,0.35866198325465426,97,True
bm25,4,bertQPP,8,0.1,0.18830697347869785,0.06616136101543212,0.18114035087719296,0.008936269357215086,97,False
bm25,4,bertQPP,8,0.1,0.2331626709992849,0.022242577523855486,0.206578947368421,0.002866998129943633,97,True
bm25,4,bertQPP(QV),8,0.1,0.18792409638507873,0.06672453503578357,0.181578947368421,0.008772032874754584,97,False
bm25,4,bertQPP(QV),8,0.1,0.24769521935496264,0.01496765304398677,0.21096491228070172,0.002327155955166847,97,True
bm25,4,spatial,8,0.15,0.4124419301097858,2.971886108918119e-05,0.2635964912280701,0.00014202757091789025,97,False
bm25,4,spatial,8,0.15,0.25202619519309494,0.013244739982248286,0.20921052631578946,0.002530815422866084,97,True
bm25,4,a_ratio,8,0.15,0.32060823115640397,0.0014492051927743118,0.11315789473684208,0.10241424976669938,97,False
bm25,4,a_ratio,8,0.15,0.34921489049412013,0.0004880373939667762,0.24298245614035083,0.0004530555607905571,97,True
bm25,4,nqc,8,0.15,0.022318213613544427,0.8291161293960104,-0.004824561403508771,0.9444840737693221,97,False
bm25,4,nqc,8,0.15,0.12308636096015702,0.23218614338404173,0.06578947368421052,0.3423307995504531,97,True
bm25,4,bertQPP,8,0.15,0.19781755463571182,0.05336493894595551,0.1921052631578947,0.00555857730471879,97,False
bm25,4,bertQPP,8,0.15,0.24347106034795737,0.016831924305559104,0.2096491228070175,0.0024784263365173137,97,True
bm25,4,bertQPP(QV),8,0.15,0.19838446650394914,0.052671403534122974,0.18377192982456136,0.007990630052244877,97,False
bm25,4,bertQPP(QV),8,0.15,0.2590433692411463,0.010818464652916637,0.2171052631578947,0.0017268729312904809,97,True
bm25,4,spatial,8,0.2,0.4132813187347136,2.852217234313528e-05,0.2640350877192982,0.00013843889663167622,97,False
bm25,4,spatial,8,0.2,0.25278416697024103,0.012961653187150918,0.2096491228070175,0.0024784263365173137,97,True
bm25,4,a_ratio,8,0.2,0.3313982066961976,0.0009730149941254568,0.1289473684210526,0.06272198677177326,97,False
bm25,4,a_ratio,8,0.2,0.35310589128803294,0.0004174736938808061,0.2447368421052631,0.00041180545021419704,97,True
bm25,4,nqc,8,0.2,0.02340783962834423,0.8209092283392274,-0.003947368421052631,0.954565748248739,97,False
bm25,4,nqc,8,0.2,0.12432154763086911,0.22749790586711952,0.0675438596491228,0.32961391251233985,97,True
bm25,4,bertQPP,8,0.2,0.2079617605328099,0.04203276866780122,0.19122807017543855,0.005778660719514659,97,False
bm25,4,bertQPP,8,0.2,0.25431566242282766,0.012405701718235334,0.21491228070175433,0.001922643300449403,97,True
bm25,4,bertQPP(QV),8,0.2,0.20948765045557816,0.040515665996663675,0.18421052631578944,0.007842044522710973,97,False
bm25,4,bertQPP(QV),8,0.2,0.27081829674239627,0.0076128397899793854,0.21798245614035083,0.0016538318211645647,97,True
bm25,4,spatial,8,0.25,0.4127763946828845,2.92365073993531e-05,0.256578947368421,0.00021279374076250973,97,False
bm25,4,spatial,8,0.25,0.25363326544239295,0.012650799926421877,0.21096491228070172,0.002327155955166847,97,True
bm25,4,a_ratio,8,0.25,0.34167894758728495,0.0006566979690473627,0.14473684210526314,0.03670286698982216,97,False
bm25,4,a_ratio,8,0.25,0.3569721236706537,0.00035675822827174763,0.24868421052631576,0.0003314723440454529,97,True
bm25,4,nqc,8,0.25,0.02464275333300075,0.8116313535410175,-0.003070175438596491,0.9646546976352598,97,False
bm25,4,nqc,8,0.25,0.12571713912438778,0.22228119195544255,0.06885964912280701,0.3202797133432874,97,True
bm25,4,bertQPP,8,0.25,0.21869123976393814,0.032302851190265235,0.19956140350877188,0.003972184685349765,97,False
bm25,4,bertQPP,8,0.25,0.2655960691461826,0.00891331229772871,0.22192982456140345,0.001359019813248218,97,True
bm25,4,bertQPP(QV),8,0.25,0.22114626867741366,0.030365994309966237,0.18859649122807015,0.006486839186137605,97,False
bm25,4,bertQPP(QV),8,0.25,0.2828410803237188,0.005234789113170151,0.2184210526315789,0.001618387245157851,97,True
bm25,4,spatial,8,0.3,0.4107510455214891,3.227338733776322e-05,0.24999999999999994,0.0003081316971646934,97,False
bm25,4,spatial,8,0.3,0.25459080764284964,0.012308053914381313,0.21184210526315786,0.0022310577254778404,97,True
bm25,4,a_ratio,8,0.3,0.35099529972003524,0.00045449214708591346,0.14342105263157892,0.03844648726633986,97,False
bm25,4,a_ratio,8,0.3,0.36073056188575975,0.00030562539075588014,0.25307017543859645,0.0002595183880458877,97,True
bm25,4,nqc,8,0.3,0.026053966653977738,0.8010607927570318,-0.0013157894736842103,0.984847966341271,97,False
bm25,4,nqc,8,0.3,0.12730637743975637,0.2164439401418114,0.06973684210526314,0.31415387247865256,97,True
bm25,4,bertQPP,8,0.3,0.22990053713388797,0.02423884991243535,0.19429824561403505,0.0050410843610361605,97,False
bm25,4,bertQPP,8,0.3,0.2771427703150664,0.006264076743722559,0.21885964912280698,0.001583643031304207,97,True
bm25,4,bertQPP(QV),8,0.3,0.23319907021055064,0.022221121563067516,0.1820175438596491,0.008610498746466352,97,False
bm25,4,bertQPP(QV),8,0.3,0.29484415893997773,0.0035438088365365487,0.2241228070175438,0.0012169881340798713,97,True
bm25,4,spatial,8,0.35,0.4070586052505379,3.858186809900928e-05,0.25175438596491223,0.0002793989335345861,97,False
bm25,4,spatial,8,0.35,0.25567873539374086,0.011928484688381924,0.21359649122807012,0.0020496840923188192,97,True
bm25,4,a_ratio,8,0.35,0.3588046064402153,0.000330917834997182,0.14999999999999997,0.030386188269096972,97,False
bm25,4,a_ratio,8,0.35,0.3642667407567156,0.00026376761199815976,0.2535087719298245,0.0002531918111138595,97,True
bm25,4,nqc,8,0.35,0.027681949705756867,0.7889110248939234,0.00043859649122807013,0.9949490522405066,97,False
bm25,4,nqc,8,0.35,0.12913230914129648,0.209872330392695,0.06973684210526314,0.31415387247865256,97,True
bm25,4,bertQPP,8,0.35,0.24140422802059583,0.017814953789881387,0.19166666666666665,0.0056676554767862795,97,False
bm25,4,bertQPP,8,0.35,0.28869638208464926,0.004336507638747068,0.21885964912280698,0.001583643031304207,97,True
bm25,4,bertQPP(QV),8,0.35,0.24538707732725942,0.015962830082693464,0.1890350877192982,0.006363638865325849,97,False
bm25,4,bertQPP(QV),8,0.35,0.30645574125019664,0.002391605844279197,0.22807017543859645,0.0009953330568858061,97,True
bm25,4,spatial,8,0.4,0.4015973455474704,5.005046700439942e-05,0.24912280701754383,0.00032351427155757553,97,False
bm25,4,spatial,8,0.4,0.25692524035887565,0.01150617752862352,0.21491228070175433,0.001922643300449403,97,True
bm25,4,a_ratio,8,0.4,0.3645138581376188,0.00026104995784193637,0.15789473684210523,0.022668970827860974,97,False
bm25,4,a_ratio,8,0.4,0.3674258602153364,0.00023091308848743644,0.2587719298245614,0.00018773365369726365,97,True
bm25,4,nqc,8,0.4,0.029580512446770547,0.774805634663098,0.0017543859649122805,0.9797982329262411,97,False
bm25,4,nqc,8,0.4,0.13125165710507108,0.20242442163041063,0.07105263157894735,0.30511054817177896,97,True
bm25,4,bertQPP,8,0.4,0.25291225091893527,0.012914340288856142,0.19385964912280698,0.005140957475072907,97,False
bm25,4,bertQPP,8,0.4,0.2998891502457591,0.002993030241877701,0.22499999999999995,0.0011641166831212395,97,True
bm25,4,bertQPP(QV),8,0.4,0.2573326956224169,0.011370995071203566,0.19166666666666665,0.0056676554767862795,97,False
bm25,4,bertQPP(QV),8,0.4,0.31719499106294347,0.0016389359580333963,0.23245614035087714,0.0007932274849806823,97,True
bm25,4,spatial,8,0.45,0.3943241418553297,7.029232969148108e-05,0.2385964912280701,0.0005736554562799961,97,False
bm25,4,spatial,8,0.45,0.2583671068347536,0.01103401926962922,0.21798245614035083,0.0016538318211645647,97,True
bm25,4,a_ratio,8,0.45,0.36754672330637606,0.00022973462121120327,0.17280701754385963,0.012624003653747995,97,False
bm25,4,a_ratio,8,0.45,0.3700027943583345,0.00020695771280126123,0.2570175438596491,0.00020754319542769554,97,True
bm25,4,nqc,8,0.45,0.03182275464428197,0.7582409068190915,0.003947368421052631,0.954565748248739,97,False
bm25,4,nqc,8,0.45,0.13374066410129015,0.19392173656966294,0.07236842105263157,0.29624164556189136,97,True
bm25,4,bertQPP,8,0.45,0.26400962670139144,0.009345254170014795,0.19692982456140345,0.004477815959740704,97,False
bm25,4,bertQPP,8,0.45,0.3102363818693438,0.002096983948128992,0.23201754385964907,0.0008115744326137436,97,True
bm25,4,bertQPP(QV),8,0.45,0.26853146886394563,0.008160161325305924,0.19166666666666665,0.0056676554767862795,97,False
bm25,4,bertQPP(QV),8,0.45,0.32648799906777565,0.0011685024148784685,0.22675438596491226,0.0010646851601117014,97,True
bm25,4,spatial,8,0.5,0.38526377808420215,0.00010614868391221609,0.22850877192982452,0.0009731613713928938,97,False
bm25,4,spatial,8,0.5,0.2600531547680858,0.010503457556826955,0.2171052631578947,0.0017268729312904809,97,True
bm25,4,a_ratio,8,0.5,0.3674343749059332,0.00023082988417783205,0.17850877192982453,0.009980624249260547,97,False
bm25,4,a_ratio,8,0.5,0.3717320940259149,0.00019219293486760257,0.25964912280701746,0.0001785089263106937,97,True
bm25,4,nqc,8,0.5,0.03451048295883088,0.7385286838104027,0.005701754385964911,0.9344112837195322,97,False
bm25,4,nqc,8,0.5,0.1367041711338191,0.18413827467554728,0.0763157894736842,0.27067859394586813,97,True
bm25,4,bertQPP,8,0.5,0.27415172370827634,0.006873035703368327,0.2021929824561403,0.003518947024518709,97,False
bm25,4,bertQPP,8,0.5,0.31914892658268756,0.001527741675821228,0.2232456140350877,0.0012720699376961898,97,True
bm25,4,bertQPP(QV),8,0.5,0.2783701005839726,0.006028360776641105,0.18684210526315786,0.007001377469104526,97,False
bm25,4,bertQPP(QV),8,0.5,0.3337141047631288,0.0008915853947629895,0.2258771929824561,0.0011133750209757257,97,True
bm25,4,spatial,8,0.55,0.37451177809088326,0.00017048656693734545,0.2184210526315789,0.001618387245157851,97,False
bm25,4,spatial,8,0.55,0.2620493984118853,0.009904264842925723,0.21798245614035083,0.0016538318211645647,97,True
bm25,4,a_ratio,8,0.55,0.3639096185176169,0.0002677411629246134,0.18771929824561398,0.0067396961345085665,97,False
bm25,4,a_ratio,8,0.55,0.37228024078815,0.00018772012971711674,0.2635964912280701,0.00014202757091789025,97,True
bm25,4,nqc,8,0.55,0.0377896770757897,0.714706806274482,0.008771929824561401,0.8992496118543148,97,False
bm25,4,nqc,8,0.55,0.1402901915828892,0.17278668211484044,0.08157894736842104,0.23900925247653326,97,True
bm25,4,bertQPP,8,0.55,0.28269020554419233,0.005259974725073295,0.20131578947368417,0.0036645116996196075,97,False
bm25,4,bertQPP,8,0.55,0.3259784275262136,0.0011907107382283257,0.2184210526315789,0.001618387245157851,97,True
bm25,4,bertQPP(QV),8,0.55,0.28618368926487237,0.004703618691154209,0.18859649122807015,0.006486839186137605,97,False
bm25,4,bertQPP(QV),8,0.55,0.3382853771983101,0.0007488181630913515,0.22982456140350874,0.0009093607305517675,97,True
bm25,4,spatial,8,0.6,0.36222974192216406,0.0002871837473243319,0.20789473684210524,0.002694118757519195,97,False
bm25,4,spatial,8,0.6,0.26444691203593074,0.009224397333553158,0.21973684210526312,0.001516205986896074,97,True
bm25,4,a_ratio,8,0.6,0.35697363168129304,0.00035673622058059797,0.19429824561403505,0.0050410843610361605,97,False
bm25,4,a_ratio,8,0.6,0.371244068583976,0.00019625786568921985,0.26578947368421046,0.00012492077956959696,97,True
bm25,4,nqc,8,0.6,0.04187700893215932,0.6853950697343575,0.011403508771929822,0.8692650265497066,97,False
bm25,4,nqc,8,0.6,0.14471419674306704,0.15950245938851929,0.08464912280701753,0.2217908195589735,97,True
bm25,4,bertQPP,8,0.6,0.28894281816865164,0.004301916729766862,0.1960526315789473,0.004658897081724128,97,False
bm25,4,bertQPP,8,0.6,0.3301006871672194,0.0010215445190950745,0.2271929824561403,0.0010410859719474062,97,True
bm25,4,bertQPP(QV),8,0.6,0.2913546787336767,0.003976150236751096,0.1921052631578947,0.00555857730471879,97,False
bm25,4,bertQPP(QV),8,0.6,0.33974794653827856,0.0007077573899250454,0.2258771929824561,0.0011133750209757257,97,True
bm25,4,spatial,8,0.65,0.3486336549076626,0.0004994710713045264,0.2039473684210526,0.00324348853932908,97,False
bm25,4,spatial,8,0.65,0.2673739540651225,0.008450183185457568,0.22499999999999995,0.0011641166831212395,97,True
bm25,4,a_ratio,8,0.65,0.34690836837700767,0.0005348724315391685,0.19078947368421048,0.005891622551225342,97,False
bm25,4,a_ratio,8,0.65,0.36816113243176996,0.00022382926964111829,0.2679824561403508,0.00010976989357989721,97,True
bm25,4,nqc,8,0.65,0.04710767388429343,0.648558238128751,0.014912280701754382,0.8295834326185275,97,False
bm25,4,nqc,8,0.65,0.1503013243236465,0.1438309877752914,0.08815789473684209,0.20322259307674062,97,True
bm25,4,bertQPP,8,0.65,0.29230654514232735,0.003853772528614462,0.19429824561403505,0.0050410843610361605,97,False
bm25,4,bertQPP,8,0.65,0.33102686861970376,0.0009866845710516953,0.2232456140350877,0.0012720699376961898,97,True
bm25,4,bertQPP(QV),8,0.65,0.29343492641833596,0.0037130698918818746,0.1921052631578947,0.00555857730471879,97,False
bm25,4,bertQPP(QV),8,0.65,0.3378775176070576,0.0007606504778217372,0.22675438596491226,0.0010646851601117014,97,True
bm25,4,spatial,8,0.7,0.3339770621061753,0.0008827436682899892,0.1960526315789473,0.004658897081724128,97,False
bm25,4,spatial,8,0.7,0.2710144845146002,0.007567428917177752,0.2245614035087719,0.0011902812109366697,97,True
bm25,4,a_ratio,8,0.7,0.3342273907839969,0.0008744009478832032,0.18289473684210522,0.008295385577532875,97,False
bm25,4,a_ratio,8,0.7,0.3625389476467308,0.0002835101195575744,0.25921052631578945,0.00018306667264307222,97,True
bm25,4,nqc,8,0.7,0.05402696464536119,0.6011121949213241,0.018421052631578942,0.7903319415119258,97,False
bm25,4,nqc,8,0.7,0.15756322839619952,0.1252342582288972,0.08815789473684209,0.20322259307674062,97,True
bm25,4,bertQPP,8,0.7,0.29238879161289383,0.003843358125377413,0.19385964912280698,0.005140957475072907,97,False
bm25,4,bertQPP,8,0.7,0.32851224115274225,0.0010839515050625047,0.21666666666666662,0.0017644953964592808,97,True
bm25,4,bertQPP(QV),8,0.7,0.2922505117886085,0.0038608821528135473,0.19166666666666665,0.0056676554767862795,97,False
bm25,4,bertQPP(QV),8,0.7,0.33273420820212135,0.0009252494994123604,0.22192982456140345,0.001359019813248218,97,True
bm25,4,spatial,8,0.75,0.3185318985508758,0.0015620936642403041,0.18991228070175434,0.006123535868103072,97,False
bm25,4,spatial,8,0.75,0.27563440946395446,0.006564922124227069,0.2271929824561403,0.0010410859719474062,97,True
bm25,4,a_ratio,8,0.75,0.3195828964520213,0.001503992764205632,0.17982456140350875,0.009445580206528057,97,False
bm25,4,a_ratio,8,0.75,0.35390866604621846,0.0004041362675303322,0.25614035087719295,0.00021816883242795217,97,True
bm25,4,nqc,8,0.75,0.06357829004715046,0.5382903383279681,0.03157894736842105,0.6485384145930861,97,False
bm25,4,nqc,8,0.75,0.1673448134143484,0.103170580920527,0.10043859649122806,0.1471486593101641,97,True
bm25,4,bertQPP,8,0.75,0.2891088127151568,0.004278755921588743,0.19122807017543855,0.005778660719514659,97,False
bm25,4,bertQPP,8,0.75,0.3226214105021147,0.0013468665584655867,0.21973684210526312,0.001516205986896074,97,True
bm25,4,bertQPP(QV),8,0.75,0.28794500394806755,0.004443511049850692,0.18991228070175434,0.006123535868103072,97,False
bm25,4,bertQPP(QV),8,0.75,0.32465332242461653,0.0012502695283038488,0.22236842105263155,0.0013294453024995708,97,True
bm25,4,spatial,8,0.8,0.30256989517065613,0.0027327876029446777,0.17412280701754385,0.011964311224727613,97,False
bm25,4,spatial,8,0.8,0.2816063036386598,0.005444099255295708,0.23245614035087714,0.0007932274849806823,97,True
bm25,4,a_ratio,8,0.8,0.30366134749181917,0.0026327920364673705,0.16578947368421051,0.01671505177868845,97,False
bm25,4,a_ratio,8,0.8,0.3419027232860192,0.0006510041292127286,0.256578947368421,0.00021279374076250973,97,True
bm25,4,nqc,8,0.8,0.07752072403165705,0.4528176083887254,0.03728070175438596,0.5905151548916238,97,False
bm25,4,nqc,8,0.8,0.18111421352084273,0.07740601381069866,0.10833333333333331,0.11790560636661358,97,True
bm25,4,bertQPP,8,0.8,0.2827231350559426,0.0052544686140492125,0.17850877192982453,0.009980624249260547,97,False
bm25,4,bertQPP,8,0.8,0.3137205898918436,0.0018548980042960227,0.21622807017543857,0.0018028700906948475,97,True
bm25,4,bertQPP(QV),8,0.8,0.2809410712952395,0.0055599179086056,0.17982456140350875,0.009445580206528057,97,False
bm25,4,bertQPP(QV),8,0.8,0.314175164569253,0.0018252511179947003,0.21535087719298243,0.0018819302596192753,97,True
bm25,4,spatial,8,0.85,0.28634690722132816,0.0046789573851566575,0.1640350877192982,0.017904148159161914,97,False
bm25,4,spatial,8,0.85,0.28935324336959567,0.004244853627811688,0.23815789473684207,0.0005872336126765293,97,True
bm25,4,a_ratio,8,0.85,0.28709726030266913,0.0045670588600540225,0.16096491228070173,0.02016405049281034,97,False
bm25,4,a_ratio,8,0.85,0.32634457113247245,0.0011747149462986931,0.24122807017543854,0.0004981362879627977,97,True
bm25,4,nqc,8,0.85,0.09942353500855908,0.3351575006856415,0.046929824561403495,0.49817762339289917,97,False
bm25,4,nqc,8,0.85,0.20151086241432262,0.048978637287892285,0.12543859649122807,0.07021620460948058,97,True
bm25,4,bertQPP,8,0.85,0.27376172186988956,0.006956175275906817,0.16052631578947366,0.0205064150417212,97,False
bm25,4,bertQPP,8,0.85,0.30239886229249036,0.0027487628007341874,0.21447368421052626,0.001964163707567382,97,True
bm25,4,bertQPP(QV),8,0.85,0.27183884530993707,0.007379217975728947,0.16184210526315784,0.019494257081408093,97,False
bm25,4,bertQPP(QV),8,0.85,0.30194174940421603,0.0027918718306261994,0.212719298245614,0.0021386085398990835,97,True
bm25,4,spatial,8,0.9,0.2700915345835768,0.007783161954619008,0.15482456140350873,0.025440028065994644,97,False
bm25,4,spatial,8,0.9,0.2986753137346495,0.0031180202455900813,0.23333333333333328,0.0007576829079550207,97,True
bm25,4,a_ratio,8,0.9,0.2704202049521125,0.007705723894917369,0.1508771929824561,0.029429833054879267,97,False
bm25,4,a_ratio,8,0.9,0.3073254200968384,0.0023207122788407868,0.22543859649122802,0.0011384845622564176,97,True
bm25,4,nqc,8,0.9,0.13691032351373236,0.18347132993822524,0.08333333333333333,0.22905812271994552,97,False
bm25,4,nqc,8,0.9,0.23282513969884194,0.022442385177281296,0.14254385964912278,0.039647609686786496,97,True
bm25,4,bertQPP,8,0.9,0.26290484909621203,0.009656804303724682,0.1495614035087719,0.030874296396196908,97,False
bm25,4,bertQPP,8,0.9,0.2893510081613684,0.004245162559918292,0.20438596491228067,0.003177766074944934,97,True
bm25,4,bertQPP(QV),8,0.9,0.26129460118352166,0.010127206876066922,0.1495614035087719,0.030874296396196908,97,False
bm25,4,bertQPP(QV),8,0.9,0.2885959113178908,0.00435068122464593,0.19956140350877188,0.003972184685349765,97,True
bm25,4,spatial,8,0.95,0.2539983810734536,0.012519140915190439,0.14342105263157892,0.03844648726633986,97,False
bm25,4,spatial,8,0.95,0.3036495141155919,0.0026338582891936016,0.23070175438596488,0.000869004617248621,97,True
bm25,4,a_ratio,8,0.95,0.2540349049214068,0.012506036498494823,0.14561403508771928,0.03557825904670918,97,False
bm25,4,a_ratio,8,0.95,0.285236811509072,0.0048489838660658495,0.20482456140350874,0.0031132595749828423,97,True
bm25,4,nqc,8,0.95,0.20072896674412674,0.04988151104764569,0.12675438596491226,0.06732401746109497,97,False
bm25,4,nqc,8,0.95,0.27402264737451776,0.006900454088700406,0.17368421052631575,0.012180731335371816,97,True
bm25,4,bertQPP,8,0.95,0.2508522444593675,0.013693801127970702,0.14078947368421052,0.042145582897418356,97,False
bm25,4,bertQPP,8,0.95,0.2752641652165421,0.006640694360762232,0.18728070175438594,0.006869417363886626,97,True
bm25,4,bertQPP(QV),8,0.95,0.24992057120398475,0.014059546122317055,0.1451754385964912,0.03613683367153821,97,False
bm25,4,bertQPP(QV),8,0.95,0.27470796459437247,0.00675597766718737,0.19035087719298244,0.0060065708523342936,97,True
bm25,4,spatial,8,1.0,0.2382255021882944,0.01942333118211426,0.13947368421052628,0.04410533540463598,97,False
bm25,4,spatial,8,1.0,0.2607377215056936,0.010294497160484218,0.17412280701754385,0.011964311224727613,97,True
bm25,4,a_ratio,8,1.0,0.2382255021882944,0.01942333118211426,0.13947368421052628,0.04410533540463598,97,False
bm25,4,a_ratio,8,1.0,0.2607377215056936,0.010294497160484218,0.17412280701754385,0.011964311224727613,97,True
bm25,4,nqc,8,1.0,0.2382255021882944,0.01942333118211426,0.13947368421052628,0.04410533540463598,97,False
bm25,4,nqc,8,1.0,0.2607377215056936,0.010294497160484218,0.17412280701754385,0.011964311224727613,97,True
bm25,4,bertQPP,8,1.0,0.2382255021882944,0.01942333118211426,0.13947368421052628,0.04410533540463598,97,False
bm25,4,bertQPP,8,1.0,0.2607377215056936,0.010294497160484218,0.17412280701754385,0.011964311224727613,97,True
bm25,4,bertQPP(QV),8,1.0,0.2382255021882944,0.01942333118211426,0.13947368421052628,0.04410533540463598,97,False
bm25,4,bertQPP(QV),8,1.0,0.2607377215056936,0.010294497160484218,0.17412280701754385,0.011964311224727613,97,True
bm25,4,spatial,9,0.0,0.4037614090489069,4.517064367080608e-05,0.24912280701754383,0.00032351427155757553,97,False
bm25,4,spatial,9,0.0,0.2501732937929054,0.013959506461471155,0.20921052631578946,0.002530815422866084,97,True
bm25,4,a_ratio,9,0.0,0.2882861454452175,0.004394640876071033,0.08026315789473683,0.2466700962299916,97,False
bm25,4,a_ratio,9,0.0,0.33789759892324867,0.000760063929375933,0.23201754385964907,0.0008115744326137436,97,True
bm25,4,nqc,9,0.0,0.01970354342631228,0.8488828114964245,-0.008333333333333331,0.9042622467947524,97,False
bm25,4,nqc,9,0.0,0.12010795471193708,0.2437671751705969,0.06052631578947368,0.3823337405619286,97,True
bm25,4,bertQPP,9,0.0,0.1712014758316667,0.09535759302867927,0.168859649122807,0.014800278325359423,97,False
bm25,4,bertQPP,9,0.0,0.2143207230094226,0.03600874538298362,0.1964912280701754,0.004567543784697511,97,True
bm25,4,bertQPP(QV),9,0.0,0.16903733798076603,0.09968227112021084,0.17324561403508767,0.01240061333688213,97,False
bm25,4,bertQPP(QV),9,0.0,0.22666462033708634,0.026368078840486996,0.20043859649122803,0.0038155311548393224,97,True
bm25,4,spatial,9,0.05,0.40537388187007195,4.182729643300896e-05,0.2574561403508771,0.0002024145160928557,97,False
bm25,4,spatial,9,0.05,0.25061340672477994,0.01378676412887845,0.21008771929824557,0.0024270312486862444,97,True
bm25,4,a_ratio,9,0.05,0.2982858726611405,0.0031591020892003034,0.09649122807017542,0.1637097319480596,97,False
bm25,4,a_ratio,9,0.05,0.3408476254726883,0.0006782517824432015,0.23728070175438593,0.0006152920473840185,97,True
bm25,4,nqc,9,0.05,0.0204200817073874,0.8434559912428895,-0.006578947368421051,0.9243489833566951,97,False
bm25,4,nqc,9,0.05,0.12093152317724151,0.24052566770668124,0.061842105263157886,0.37207368058280677,97,True
bm25,4,bertQPP,9,0.05,0.1784316117862282,0.0819729642062865,0.17412280701754385,0.011964311224727613,97,False
bm25,4,bertQPP,9,0.05,0.22235266308236207,0.029450784809646784,0.2021929824561403,0.003518947024518709,97,True
bm25,4,bertQPP(QV),9,0.05,0.17707807954965807,0.08435753329451287,0.17807017543859646,0.010164879433085774,97,False
bm25,4,bertQPP(QV),9,0.05,0.23568039940342278,0.020799624350951812,0.21052631578947364,0.002376613320374723,97,True
bm25,4,spatial,9,0.1,0.40603333195614094,4.0527723467332876e-05,0.2557017543859649,0.00022367120423335903,97,False
bm25,4,spatial,9,0.1,0.2510974809365526,0.013598914837137028,0.20921052631578946,0.002530815422866084,97,True
bm25,4,a_ratio,9,0.1,0.3084732498642747,0.002230044744823115,0.10921052631578945,0.11495986919059359,97,False
bm25,4,a_ratio,9,0.1,0.3438125256435926,0.0006042168951268601,0.24254385964912276,0.00046395436170867623,97,True
bm25,4,nqc,9,0.1,0.02121650999682706,0.8374326917182513,-0.006140350877192982,0.9293787221862809,97,False
bm25,4,nqc,9,0.1,0.12184469953761308,0.2369665432303125,0.061842105263157886,0.37207368058280677,97,True
bm25,4,bertQPP,9,0.1,0.18613392348351798,0.06940944670861159,0.18333333333333332,0.008141731588545092,97,False
bm25,4,bertQPP,9,0.1,0.2308259965704743,0.02365755961405524,0.21052631578947364,0.002376613320374723,97,True
bm25,4,bertQPP(QV),9,0.1,0.18562718374273407,0.07018510853400141,0.18421052631578944,0.007842044522710973,97,False
bm25,4,bertQPP(QV),9,0.1,0.24510657627340027,0.016087586281150132,0.21885964912280698,0.001583643031304207,97,True
bm25,4,spatial,9,0.15,0.4055746467596638,4.142758949873295e-05,0.2618421052631578,0.00015727711080768157,97,False
bm25,4,spatial,9,0.15,0.251632383098194,0.013393932395236747,0.20921052631578946,0.002530815422866084,97,True
bm25,4,a_ratio,9,0.15,0.3186310091183804,0.0015565291010332031,0.12499999999999997,0.07120263020819867,97,False
bm25,4,a_ratio,9,0.15,0.34675137196553496,0.0005382054350749223,0.24912280701754383,0.00032351427155757553,97,True
bm25,4,nqc,9,0.15,0.022106937533237933,0.8307095847782959,-0.003947368421052631,0.954565748248739,97,False
bm25,4,nqc,9,0.15,0.12286288938037136,0.2330415015226509,0.06271929824561404,0.36532940366389033,97,True
bm25,4,bertQPP,9,0.15,0.1942954621143289,0.0578436984863298,0.19078947368421048,0.005891622551225342,97,False
bm25,4,bertQPP,9,0.15,0.2396977987785525,0.01866348799176732,0.21228070175438593,0.0021843848573714557,97,True
bm25,4,bertQPP(QV),9,0.15,0.19465448402655938,0.05737353298023996,0.18289473684210522,0.008295385577532875,97,False
bm25,4,bertQPP(QV),9,0.15,0.25485532645046527,0.012214809672002244,0.2201754385964912,0.0014834887833584708,97,True
bm25,4,spatial,9,0.2,0.4038366828519444,4.5009176938226524e-05,0.2574561403508771,0.0002024145160928557,97,False
bm25,4,spatial,9,0.2,0.25222646949295546,0.01316942375686122,0.21008771929824557,0.0024270312486862444,97,True
bm25,4,a_ratio,9,0.2,0.32845209992973745,0.001086381090039366,0.14078947368421052,0.042145582897418356,97,False
bm25,4,a_ratio,9,0.2,0.3496078566650983,0.0004804438270134585,0.2464912280701754,0.0003740846525535562,97,True
bm25,4,nqc,9,0.2,0.023108992223395755,0.8231582232008853,-0.003070175438596491,0.9646546976352598,97,False
bm25,4,nqc,9,0.2,0.12400522713631497,0.22869214935263865,0.06578947368421052,0.3423307995504531,97,True
bm25,4,bertQPP,9,0.2,0.20287604669896847,0.04743459454678849,0.1991228070175438,0.0040526815820536586,97,False
bm25,4,bertQPP,9,0.2,0.24888804743304224,0.014474763463406447,0.212719298245614,0.0021386085398990835,97,True
bm25,4,bertQPP(QV),9,0.2,0.2040928782746504,0.04609249450000408,0.18684210526315786,0.007001377469104526,97,False
bm25,4,bertQPP(QV),9,0.2,0.2647863422073913,0.009131533946368998,0.22543859649122802,0.0011384845622564176,97,True
bm25,4,spatial,9,0.25,0.40067298070353496,5.228109357141894e-05,0.2526315789473684,0.00026599295941046356,97,False
bm25,4,spatial,9,0.25,0.2528900057221309,0.01292254663341735,0.21008771929824557,0.0024270312486862444,97,True
bm25,4,a_ratio,9,0.25,0.33752749785093206,0.0007709407284284247,0.15219298245614032,0.02804388848739258,97,False
bm25,4,a_ratio,9,0.25,0.35230566529217844,0.00043117018889420744,0.2495614035087719,0.00031573529791605395,97,True
bm25,4,nqc,9,0.25,0.02424498602152282,0.8146169946751861,-0.0021929824561403503,0.9747493089119874,97,False
bm25,4,nqc,9,0.25,0.12529577029181221,0.2238473047321683,0.06710526315789472,0.33276408177138295,97,True
bm25,4,bertQPP,9,0.25,0.2117962976428482,0.038307331566148656,0.19824561403508767,0.004218133036173916,97,False
bm25,4,bertQPP,9,0.25,0.25826626368086436,0.011066481985658396,0.21140350877192976,0.002278642796588288,97,True
bm25,4,bertQPP(QV),9,0.25,0.21382398211934195,0.03645166872391635,0.1864035087719298,0.00713560971179531,97,False
bm25,4,bertQPP(QV),9,0.25,0.2746925170064153,0.006759204580530299,0.22192982456140345,0.001359019813248218,97,True
bm25,4,spatial,9,0.3,0.39596399757663553,6.515539947857822e-05,0.24824561403508766,0.00033961331260065896,97,False
bm25,4,spatial,9,0.3,0.25363573301706765,0.01264990609852341,0.212719298245614,0.0021386085398990835,97,True
bm25,4,a_ratio,9,0.3,0.3453465563806155,0.0005688879109598523,0.15745614035087718,0.023048035126692692,97,False
bm25,4,a_ratio,9,0.3,0.3547427894079954,0.00039069379593916826,0.2495614035087719,0.00031573529791605395,97,True
bm25,4,nqc,9,0.3,0.02554357411129008,0.8048798122111125,0.0013157894736842103,0.984847966341271,97,False
bm25,4,nqc,9,0.3,0.12676518064355125,0.21841943187458765,0.0675438596491228,0.32961391251233985,97,True
bm25,4,bertQPP,9,0.3,0.22092303493926185,0.03053795571946649,0.19956140350877188,0.003972184685349765,97,False
bm25,4,bertQPP,9,0.3,0.26763661611572587,0.00838358787333835,0.2214912280701754,0.0013892001512035108,97,True
bm25,4,bertQPP(QV),9,0.3,0.22366209481982238,0.02848393797562175,0.18728070175438594,0.006869417363886626,97,False
bm25,4,bertQPP(QV),9,0.3,0.2842872624070488,0.004998761641042579,0.21666666666666662,0.0017644953964592808,97,True
bm25,4,spatial,9,0.35,0.38962956367139756,8.715817051937887e-05,0.24912280701754383,0.00032351427155757553,97,False
bm25,4,spatial,9,0.35,0.2544796421166659,0.01234742511053524,0.21622807017543857,0.0018028700906948475,97,True
bm25,4,a_ratio,9,0.35,0.35131985709305713,0.00044861016457539514,0.16622807017543856,0.01642883705367172,97,False
bm25,4,a_ratio,9,0.35,0.35678479268075936,0.00035950184611470345,0.25482456140350873,0.00023506899651749467,97,True
bm25,4,nqc,9,0.35,0.027042169139369354,0.7936799109159508,0.003070175438596491,0.9646546976352598,97,False
bm25,4,nqc,9,0.35,0.12845313911873202,0.21229988977981634,0.06842105263157894,0.3233717236427517,97,True
bm25,4,bertQPP,9,0.35,0.23005329680010683,0.02414206887285637,0.20043859649122803,0.0038155311548393224,97,False
bm25,4,bertQPP,9,0.35,0.27672386439287106,0.00634637861418004,0.21578947368421048,0.001842010485605119,97,True
bm25,4,bertQPP(QV),9,0.35,0.233339281990595,0.022138637428860797,0.19561403508771927,0.004751901569999453,97,False
bm25,4,bertQPP(QV),9,0.35,0.2931981809242118,0.0037422038955033533,0.23201754385964907,0.0008115744326137436,97,True
bm25,4,spatial,9,0.4,0.38163980279342535,0.00012475821361475123,0.23903508771929818,0.0005603701088308085,97,False
bm25,4,spatial,9,0.4,0.2554420443677762,0.012010183725076581,0.21535087719298243,0.0018819302596192753,97,True
bm25,4,a_ratio,9,0.4,0.35483335783251174,0.000389259236550711,0.18114035087719296,0.008936269357215086,97,False
bm25,4,a_ratio,9,0.4,0.3582572990543783,0.00033844910965522397,0.2535087719298245,0.0002531918111138595,97,True
bm25,4,nqc,9,0.4,0.028790541497816034,0.7806661405543751,0.005263157894736841,0.9394464677531641,97,False
bm25,4,nqc,9,0.4,0.13041189270728135,0.2053525623214567,0.06842105263157894,0.3233717236427517,97,True
bm25,4,bertQPP,9,0.4,0.2389001360714383,0.019071917944977833,0.1951754385964912,0.004846583300035788,97,False
bm25,4,bertQPP,9,0.4,0.2851646961220673,0.0048602172245385865,0.22850877192982452,0.0009731613713928938,97,True
bm25,4,bertQPP(QV),9,0.4,0.242496903239295,0.01728925824083498,0.19254385964912277,0.005451397044324322,97,False
bm25,4,bertQPP(QV),9,0.4,0.30097389415439935,0.00288515832406371,0.23684210526315785,0.0006297844386530204,97,True
bm25,4,spatial,9,0.45,0.3720225993828242,0.0001898103223904636,0.2245614035087719,0.0011902812109366697,97,False
bm25,4,spatial,9,0.45,0.2565490722637527,0.011632223413548045,0.21578947368421048,0.001842010485605119,97,True
bm25,4,a_ratio,9,0.45,0.35533490139149604,0.0003814023180843918,0.18552631578947365,0.007411025603920558,97,False
bm25,4,a_ratio,9,0.45,0.35893843852792884,0.00032909985526096927,0.25131578947368416,0.0002863369173575716,97,True
bm25,4,nqc,9,0.45,0.030856340330298535,0.7653674672704986,0.007017543859649122,0.9193222670955983,97,False
bm25,4,nqc,9,0.45,0.13271159664809096,0.19740530139434642,0.07236842105263157,0.29624164556189136,97,True
bm25,4,bertQPP,9,0.45,0.24708601939889063,0.015224946463037745,0.19429824561403505,0.0050410843610361605,97,False
bm25,4,bertQPP,9,0.45,0.29251144527581585,0.0038278739191056534,0.22675438596491226,0.0010646851601117014,97,True
bm25,4,bertQPP(QV),9,0.45,0.2506915266148524,0.013756297300344637,0.19254385964912277,0.005451397044324322,97,False
bm25,4,bertQPP(QV),9,0.45,0.30711148404399397,0.0023379738291291452,0.2271929824561403,0.0010410859719474062,97,True
bm25,4,spatial,9,0.5,0.3608659929085266,0.00030391566995902324,0.21885964912280698,0.001583643031304207,97,False
bm25,4,spatial,9,0.5,0.2578348025759145,0.01120631941472088,0.21666666666666662,0.0017644953964592808,97,True
bm25,4,a_ratio,9,0.5,0.3524391728381363,0.00042885678921859784,0.19780701754385963,0.004303135489039045,97,False
bm25,4,a_ratio,9,0.5,0.35855274899767453,0.0003343641697099904,0.26096491228070173,0.00016546754768086806,97,True
bm25,4,nqc,9,0.5,0.03333383484137688,0.7471384597886089,0.006578947368421051,0.9243489833566951,97,False
bm25,4,nqc,9,0.5,0.13544859095821976,0.18823849972141962,0.07456140350877193,0.2818470721414411,97,True
bm25,4,bertQPP,9,0.5,0.2541522718770603,0.012464007196703488,0.1951754385964912,0.004846583300035788,97,False
bm25,4,bertQPP,9,0.5,0.29825650343783067,0.0031622198221268097,0.22675438596491226,0.0010646851601117014,97,True
bm25,4,bertQPP(QV),9,0.5,0.2574240301799593,0.011340883811402103,0.19473684210526312,0.00494296865650076,97,False
bm25,4,bertQPP(QV),9,0.5,0.3111090838343923,0.0020338105493561513,0.22894736842105257,0.0009514478072229865,97,True
bm25,4,spatial,9,0.55,0.34831465669077977,0.0005058501224468081,0.20307017543859646,0.0033786625934052374,97,False
bm25,4,spatial,9,0.55,0.25934427377378266,0.010723743088748095,0.2171052631578947,0.0017268729312904809,97,True
bm25,4,a_ratio,9,0.55,0.346020822939758,0.0005539667012837642,0.19824561403508767,0.004218133036173916,97,False
bm25,4,a_ratio,9,0.55,0.35676912808660155,0.0003597321443049187,0.2574561403508771,0.0002024145160928557,97,True
bm25,4,nqc,9,0.55,0.036358273818230834,0.7250732635323186,0.009210526315789471,0.8942409928983389,97,False
bm25,4,nqc,9,0.55,0.13875863759197876,0.17757017370608827,0.07412280701754385,0.2846873538225777,97,True
bm25,4,bertQPP,9,0.55,0.2595934879722395,0.010645843155605182,0.19385964912280698,0.005140957475072907,97,False
bm25,4,bertQPP,9,0.55,0.30188355968433567,0.0027974029052952928,0.22236842105263155,0.0013294453024995708,97,True
bm25,4,bertQPP(QV),9,0.55,0.2621969467463863,0.009861190201931883,0.18771929824561398,0.0067396961345085665,97,False
bm25,4,bertQPP(QV),9,0.55,0.3125400342062186,0.001933936418555976,0.2232456140350877,0.0012720699376961898,97,True
bm25,4,spatial,9,0.6,0.33456070399970295,0.0008634042284704248,0.19824561403508767,0.004218133036173916,97,False
bm25,4,spatial,9,0.6,0.2611377366185423,0.010174087351635996,0.22061403508771926,0.001451423191322646,97,True
bm25,4,a_ratio,9,0.6,0.33625976186128065,0.0008092842528287382,0.19429824561403505,0.0050410843610361605,97,False
bm25,4,a_ratio,9,0.6,0.3532067299720408,0.0004157764167573701,0.25131578947368416,0.0002863369173575716,97,True
bm25,4,nqc,9,0.6,0.0401305065665447,0.6978659513069765,0.012719298245614033,0.8543401854899793,97,False
bm25,4,nqc,9,0.6,0.14283886161330464,0.1650376865720536,0.08026315789473683,0.2466700962299916,97,True
bm25,4,bertQPP,9,0.6,0.26292110678293584,0.009652154351391754,0.19122807017543855,0.005778660719514659,97,False
bm25,4,bertQPP,9,0.6,0.30294386480183405,0.0026981476273927134,0.21754385964912276,0.0016899894279553034,97,True
bm25,4,bertQPP(QV),9,0.6,0.26459481644292865,0.009183831284320647,0.1951754385964912,0.004846583300035788,97,False
bm25,4,bertQPP(QV),9,0.6,0.31113314566529215,0.002032093356166392,0.2228070175438596,0.0013004656192157056,97,True
bm25,4,spatial,9,0.65,0.31983014784989405,0.0014906121019016578,0.19254385964912277,0.005451397044324322,97,False
bm25,4,spatial,9,0.65,0.2632963860981819,0.009545363102423184,0.2214912280701754,0.0013892001512035108,97,True
bm25,4,a_ratio,9,0.65,0.32361683734480506,0.0012987282774294857,0.18421052631578944,0.007842044522710973,97,False
bm25,4,a_ratio,9,0.65,0.34745372969943134,0.0005234409972769735,0.24736842105263154,0.0003564594902013864,97,True
bm25,4,nqc,9,0.65,0.044961366417948734,0.6635776806093214,0.010964912280701752,0.8742506159554067,97,False
bm25,4,nqc,9,0.65,0.14798558765556719,0.15017925095743898,0.0820175438596491,0.2364933356716986,97,True
bm25,4,bertQPP,9,0.65,0.2637486761292726,0.009418035946534729,0.18552631578947365,0.007411025603920558,97,False
bm25,4,bertQPP,9,0.65,0.30114269132601795,0.002868690004410881,0.21447368421052626,0.001964163707567382,97,True
bm25,4,bertQPP(QV),9,0.65,0.26436799368546915,0.009246106739450267,0.1894736842105263,0.006242548211379331,97,False
bm25,4,bertQPP(QV),9,0.65,0.30683418568125453,0.00236051991446107,0.22499999999999995,0.0011641166831212395,97,True
bm25,4,spatial,9,0.7,0.30436709161908765,0.002569898267239092,0.17982456140350875,0.009445580206528057,97,False
bm25,4,spatial,9,0.7,0.26592895477286693,0.008824937339829697,0.22543859649122802,0.0011384845622564176,97,True
bm25,4,a_ratio,9,0.7,0.3087471797851181,0.0022088845434189825,0.1776315789473684,0.010352157028285932,97,False
bm25,4,a_ratio,9,0.7,0.3391036195892826,0.000725585947457669,0.2421052631578947,0.00047509739036277217,97,True
bm25,4,nqc,9,0.7,0.05135651336198031,0.6192415152189861,0.016666666666666663,0.8098979165995264,97,False
bm25,4,nqc,9,0.7,0.15466238317562614,0.13242847357781326,0.08640350877192982,0.21236013506761187,97,True
bm25,4,bertQPP,9,0.7,0.26187618444031724,0.009955042580270622,0.18508771929824558,0.007552277732226657,97,False
bm25,4,bertQPP,9,0.7,0.29640931075622223,0.003363943836094015,0.2171052631578947,0.0017268729312904809,97,True
bm25,4,bertQPP(QV),9,0.7,0.26149075551404377,0.0100688506346686,0.18859649122807015,0.006486839186137605,97,False
bm25,4,bertQPP(QV),9,0.7,0.2998249525930896,0.002999526370409218,0.22543859649122802,0.0011384845622564176,97,True
bm25,4,spatial,9,0.75,0.28841794087822303,0.004375889273189495,0.16622807017543856,0.01642883705367172,97,False
bm25,4,spatial,9,0.75,0.26917431009256765,0.008002909737485596,0.2271929824561403,0.0010410859719474062,97,True
bm25,4,a_ratio,9,0.75,0.2923838895428035,0.0038439781409093108,0.16754385964912277,0.015595863350661914,97,False
bm25,4,a_ratio,9,0.75,0.32781071289145386,0.0011126018047905863,0.237719298245614,0.0006011104754053054,97,True
bm25,4,nqc,9,0.75,0.060189994756540084,0.5602014217374319,0.026315789473684206,0.7040731029869403,97,False
bm25,4,nqc,9,0.75,0.16362721630331922,0.11116743417722733,0.09210526315789472,0.18371670779212068,97,True
bm25,4,bertQPP,9,0.75,0.2573422731998867,0.011367834252764464,0.17543859649122803,0.01133536481749997,97,False
bm25,4,bertQPP,9,0.75,0.28892293391774126,0.0043046986177852535,0.21359649122807012,0.0020496840923188192,97,True
bm25,4,bertQPP(QV),9,0.75,0.25616953460441705,0.011760618272005063,0.17982456140350875,0.009445580206528057,97,False
bm25,4,bertQPP(QV),9,0.75,0.29049102284726325,0.004090178745719507,0.22236842105263155,0.0013294453024995708,97,True
bm25,4,spatial,9,0.8,0.27221760301710585,0.00729413721671496,0.15526315789473683,0.025027037161781087,97,False
bm25,4,spatial,9,0.8,0.2731760693160327,0.007082692707644044,0.23640350877192978,0.0006445938679827261,97,True
bm25,4,a_ratio,9,0.8,0.27523062587141667,0.006647596411384056,0.16228070175438594,0.0191667093911976,97,False
bm25,4,a_ratio,9,0.8,0.3133597446590171,0.0018787410926371056,0.22982456140350874,0.0009093607305517675,97,True
bm25,4,nqc,9,0.8,0.07308634533763561,0.47915411624166493,0.03859649122807017,0.5774720519086318,97,False
bm25,4,nqc,9,0.8,0.1761729732463126,0.08598267716155299,0.10657894736842104,0.12397445778654012,97,True
bm25,4,bertQPP,9,0.8,0.2504211856830116,0.013861980235038852,0.17324561403508767,0.01240061333688213,97,False
bm25,4,bertQPP,9,0.8,0.27908208009006663,0.005895254372196395,0.20570175438596489,0.0029878149035424606,97,True
bm25,4,bertQPP(QV),9,0.8,0.24879728170116294,0.014511767439780885,0.17017543859649117,0.014040677766436126,97,False
bm25,4,bertQPP(QV),9,0.8,0.2793499330820451,0.005845857302480779,0.21315789473684207,0.0020937133501945666,97,True
bm25,4,spatial,9,0.85,0.25597895879843635,0.011825553848500285,0.14912280701754385,0.031369120531165556,97,False
bm25,4,spatial,9,0.85,0.277914161242385,0.006114992588547475,0.22938596491228067,0.0009301837506347448,97,True
bm25,4,a_ratio,9,0.85,0.25788843460353933,0.011188853549749307,0.15570175438596487,0.024619863763397806,97,False
bm25,4,a_ratio,9,0.85,0.29573488584404856,0.0034404200905425357,0.2214912280701754,0.0013892001512035108,97,True
bm25,4,nqc,9,0.85,0.09330973630245962,0.36586620069199277,0.04999999999999999,0.4704954334614633,97,False
bm25,4,nqc,9,0.85,0.19452819993438733,0.05753855347920774,0.118859649122807,0.08624325957567905,97,True
bm25,4,bertQPP,9,0.85,0.24156463051943586,0.01773693017496339,0.15482456140350873,0.025440028065994644,97,False
bm25,4,bertQPP,9,0.85,0.2674284715522064,0.008436322673737829,0.2070175438596491,0.0028082775132586228,97,True
bm25,4,bertQPP(QV),9,0.85,0.23987297435407245,0.018574807479086464,0.1539473684210526,0.026283728186940334,97,False
bm25,4,bertQPP(QV),9,0.85,0.26696533300221637,0.008554710361626519,0.2052631578947368,0.0030499490794706602,97,True
bm25,4,spatial,9,0.9,0.23988610234028931,0.01856817623157716,0.15043859649122804,0.029904724291647766,97,False
bm25,4,spatial,9,0.9,0.2822894899931696,0.005327390031840947,0.23201754385964907,0.0008115744326137436,97,True
bm25,4,a_ratio,9,0.9,0.24082262449822472,0.018100346258045408,0.1508771929824561,0.029429833054879267,97,False
bm25,4,a_ratio,9,0.9,0.275165684188658,0.00666097877998391,0.20570175438596489,0.0029878149035424606,97,True
bm25,4,nqc,9,0.9,0.12759760269367848,0.2153861536729277,0.08114035087719297,0.24154399271289795,97,False
bm25,4,nqc,9,0.9,0.22181285971396142,0.02985736953373998,0.1390350877192982,0.04477544914730465,97,True
bm25,4,bertQPP,9,0.9,0.23131238017101985,0.023356857165018723,0.1508771929824561,0.029429833054879267,97,False
bm25,4,bertQPP,9,0.9,0.2545536170875143,0.012321213396194861,0.1894736842105263,0.006242548211379331,97,True
bm25,4,bertQPP(QV),9,0.9,0.2299160574989075,0.024229001891150567,0.14736842105263154,0.03341702989433397,97,False
bm25,4,bertQPP(QV),9,0.9,0.25387237779063904,0.012564441588352102,0.19122807017543855,0.005778660719514659,97,True
bm25,4,spatial,9,0.95,0.22409117122659994,0.028173030393095374,0.14473684210526314,0.03670286698982216,97,False
bm25,4,spatial,9,0.95,0.27889037707386033,0.005930834872343143,0.2228070175438596,0.0013004656192157056,97,True
bm25,4,a_ratio,9,0.95,0.2243615281992396,0.02797861197703298,0.14429824561403506,0.037276435612080196,97,False
bm25,4,a_ratio,9,0.95,0.25212826939478195,0.013206306725686325,0.18289473684210522,0.008295385577532875,97,True
bm25,4,nqc,9,0.95,0.1834395048962903,0.07361445503882712,0.12982456140350873,0.06095550235659266,97,False
bm25,4,nqc,9,0.95,0.2534468963337082,0.01271846744543953,0.17017543859649117,0.014040677766436126,97,True
bm25,4,bertQPP,9,0.95,0.22020386580362214,0.031097552436782225,0.143859649122807,0.03785761656074964,97,False
bm25,4,bertQPP,9,0.95,0.24101709258661408,0.018004485603826993,0.17719298245614032,0.010542498984637544,97,True
bm25,4,bertQPP(QV),9,0.95,0.21939990614442298,0.03173335212456589,0.1421052631578947,0.040260018266768394,97,False
bm25,4,bertQPP(QV),9,0.95,0.2405287892801728,0.01824602288375634,0.17543859649122803,0.01133536481749997,97,True
bm25,4,spatial,9,1.0,0.2087141456597521,0.04127890759006168,0.13728070175438595,0.04754239775881143,97,False
bm25,4,spatial,9,1.0,0.22729337911409253,0.025942340128358825,0.16578947368421051,0.01671505177868845,97,True
bm25,4,a_ratio,9,1.0,0.2087141456597521,0.04127890759006168,0.13728070175438595,0.04754239775881143,97,False
bm25,4,a_ratio,9,1.0,0.22729337911409253,0.025942340128358825,0.16578947368421051,0.01671505177868845,97,True
bm25,4,nqc,9,1.0,0.2087141456597521,0.04127890759006168,0.13728070175438595,0.04754239775881143,97,False
bm25,4,nqc,9,1.0,0.22729337911409253,0.025942340128358825,0.16578947368421051,0.01671505177868845,97,True
bm25,4,bertQPP,9,1.0,0.2087141456597521,0.04127890759006168,0.13728070175438595,0.04754239775881143,97,False
bm25,4,bertQPP,9,1.0,0.22729337911409253,0.025942340128358825,0.16578947368421051,0.01671505177868845,97,True
bm25,4,bertQPP(QV),9,1.0,0.2087141456597521,0.04127890759006168,0.13728070175438595,0.04754239775881143,97,False
bm25,4,bertQPP(QV),9,1.0,0.22729337911409253,0.025942340128358825,0.16578947368421051,0.01671505177868845,97,True
bm25,4,spatial,10,0.0,0.4037614090489069,4.517064367080608e-05,0.24912280701754383,0.00032351427155757553,97,False
bm25,4,spatial,10,0.0,0.2501732937929054,0.013959506461471155,0.20921052631578946,0.002530815422866084,97,True
bm25,4,a_ratio,10,0.0,0.2882861454452175,0.004394640876071033,0.08026315789473683,0.2466700962299916,97,False
bm25,4,a_ratio,10,0.0,0.33789759892324867,0.000760063929375933,0.23201754385964907,0.0008115744326137436,97,True
bm25,4,nqc,10,0.0,0.01970354342631228,0.8488828114964245,-0.008333333333333331,0.9042622467947524,97,False
bm25,4,nqc,10,0.0,0.12010795471193708,0.2437671751705969,0.06052631578947368,0.3823337405619286,97,True
bm25,4,bertQPP,10,0.0,0.1712014758316667,0.09535759302867927,0.168859649122807,0.014800278325359423,97,False
bm25,4,bertQPP,10,0.0,0.2143207230094226,0.03600874538298362,0.1964912280701754,0.004567543784697511,97,True
bm25,4,bertQPP(QV),10,0.0,0.16903733798076603,0.09968227112021084,0.17324561403508767,0.01240061333688213,97,False
bm25,4,bertQPP(QV),10,0.0,0.22666462033708634,0.026368078840486996,0.20043859649122803,0.0038155311548393224,97,True
bm25,4,spatial,10,0.05,0.4039337180406424,4.480182527223635e-05,0.25438596491228066,0.00024097016048905146,97,False
bm25,4,spatial,10,0.05,0.250491794077515,0.013834309845409997,0.2096491228070175,0.0024784263365173137,97,True
bm25,4,a_ratio,10,0.05,0.29657880957255106,0.0033449646386067367,0.09254385964912279,0.18163805178968873,97,False
bm25,4,a_ratio,10,0.05,0.33995450354648327,0.0007021272895131889,0.23728070175438593,0.0006152920473840185,97,True
bm25,4,nqc,10,0.05,0.020306591561424656,0.8443150470712618,-0.007017543859649122,0.9193222670955983,97,False
bm25,4,nqc,10,0.05,0.12081991341981166,0.2409631968931239,0.061842105263157886,0.37207368058280677,97,True
bm25,4,bertQPP,10,0.05,0.17728943991689797,0.08398157466849535,0.1719298245614035,0.013081497219593435,97,False
bm25,4,bertQPP,10,0.05,0.22123763089693918,0.030295852584817935,0.2021929824561403,0.003518947024518709,97,True
bm25,4,bertQPP(QV),10,0.05,0.1758127211609236,0.08663640403374039,0.1758771929824561,0.011132337112518993,97,False
bm25,4,bertQPP(QV),10,0.05,0.23442926486166,0.021506309237890046,0.2070175438596491,0.0028082775132586228,97,True
bm25,4,spatial,10,0.1,0.4030660280495467,4.6688045943023384e-05,0.2552631578947368,0.00022930364440164065,97,False
bm25,4,spatial,10,0.1,0.2508411506876207,0.013698107071112388,0.21008771929824557,0.0024270312486862444,97,True
bm25,4,a_ratio,10,0.1,0.30488959416146716,0.00252420880623431,0.10394736842105262,0.13353138509204263,97,False
bm25,4,a_ratio,10,0.1,0.34194413274875796,0.0006499554559593826,0.24254385964912276,0.00046395436170867623,97,True
bm25,4,nqc,10,0.1,0.020976872078499555,0.8392440777937697,-0.006140350877192982,0.9293787221862809,97,False
bm25,4,nqc,10,0.1,0.12160904523511212,0.23788148499302852,0.061842105263157886,0.37207368058280677,97,True
bm25,4,bertQPP,10,0.1,0.18374078908433963,0.07313431683785195,0.18114035087719296,0.008936269357215086,97,False
bm25,4,bertQPP,10,0.1,0.22848142835035834,0.02515385135595321,0.20614035087719296,0.0029268376346768604,97,True
bm25,4,bertQPP(QV),10,0.1,0.18297530791208882,0.07435917830362765,0.18114035087719296,0.008936269357215086,97,False
bm25,4,bertQPP(QV),10,0.1,0.24247604805418382,0.017299165142146168,0.21140350877192976,0.002278642796588288,97,True
bm25,4,spatial,10,0.15,0.40099212863041334,5.1500673779362786e-05,0.25921052631578945,0.00018306667264307222,97,False
bm25,4,spatial,10,0.15,0.2512259987336257,0.013549417650625117,0.20877192982456136,0.0025842155919655403,97,True
bm25,4,a_ratio,10,0.15,0.3129960033158365,0.0019030555260499864,0.11359649122807015,0.10109027153133401,97,False
bm25,4,a_ratio,10,0.15,0.3438166275605181,0.0006041198064811144,0.2460526315789473,0.00038319963731609435,97,True
bm25,4,nqc,10,0.15,0.021726258233779272,0.8335824135180843,-0.005701754385964911,0.9344112837195322,97,False
bm25,4,nqc,10,0.15,0.122488561681436,0.23447919740613385,0.0631578947368421,0.36198607447715714,97,True
bm25,4,bertQPP,10,0.15,0.1905325154006537,0.0629636559589116,0.18684210526315786,0.007001377469104526,97,False
bm25,4,bertQPP,10,0.15,0.2359967574628341,0.020624121550673117,0.2052631578947368,0.0030499490794706602,97,True
bm25,4,bertQPP(QV),10,0.15,0.1904852460849354,0.06303024239701858,0.18070175438596486,0.009103246710666093,97,False
bm25,4,bertQPP(QV),10,0.15,0.2507050952435705,0.01375101148998052,0.2096491228070175,0.0024784263365173137,97,True
bm25,4,spatial,10,0.2,0.39755182144504175,6.051647021054972e-05,0.2574561403508771,0.0002024145160928557,97,False
bm25,4,spatial,10,0.2,0.2516519277840502,0.013386493738073922,0.20877192982456136,0.0025842155919655403,97,True
bm25,4,a_ratio,10,0.2,0.3205935414199602,0.0014499771704781683,0.12719298245614033,0.06638202051764104,97,False
bm25,4,a_ratio,10,0.2,0.345506166514178,0.0005653229203666884,0.24692982456140347,0.000365172660687329,97,True
bm25,4,nqc,10,0.2,0.022569584238457487,0.8272211800770249,-0.003508771929824561,0.9596094143193218,97,False
bm25,4,nqc,10,0.2,0.1234748565745373,0.2307043645104291,0.06491228070175437,0.3488053465027995,97,True
bm25,4,bertQPP,10,0.2,0.1976148871812078,0.053614687249001786,0.19035087719298244,0.0060065708523342936,97,False
bm25,4,bertQPP,10,0.2,0.24369125257652435,0.01673001142673176,0.20614035087719296,0.0029268376346768604,97,True
bm25,4,bertQPP(QV),10,0.2,0.19826728757754972,0.05281414412514043,0.18728070175438594,0.006869417363886626,97,False
bm25,4,bertQPP(QV),10,0.2,0.25896540450560535,0.010843126166710125,0.21666666666666662,0.0017644953964592808,97,True
bm25,4,spatial,10,0.25,0.3926024076874507,7.608963847212793e-05,0.2521929824561403,0.00027261872163635134,97,False
bm25,4,spatial,10,0.25,0.25212573164680585,0.013207261068180402,0.20877192982456136,0.0025842155919655403,97,True
bm25,4,a_ratio,10,0.25,0.3272871372744979,0.0011344316104949352,0.13289473684210523,0.05509435768226517,97,False
bm25,4,a_ratio,10,0.25,0.346926603528715,0.000534486531769547,0.2460526315789473,0.00038319963731609435,97,True
bm25,4,nqc,10,0.25,0.023525625911060506,0.8200232170627821,-0.003070175438596491,0.9646546976352598,97,False
bm25,4,nqc,10,0.25,0.124588519465799,0.22649338330000646,0.06622807017543858,0.33912253473494924,97,True
bm25,4,bertQPP,10,0.25,0.20490040371973317,0.045219324892636886,0.19035087719298244,0.0060065708523342936,97,False
bm25,4,bertQPP,10,0.25,0.2514232899083246,0.013473737913766451,0.20745614035087714,0.002750657172647581,97,True
bm25,4,bertQPP(QV),10,0.25,0.20619783243036047,0.043845183632036364,0.18421052631578944,0.007842044522710973,97,False
bm25,4,bertQPP(QV),10,0.25,0.26704230138095186,0.008534934990484503,0.21666666666666662,0.0017644953964592808,97,True
bm25,4,spatial,10,0.3,0.38603173281806535,0.0001025517289225004,0.2464912280701754,0.0003740846525535562,97,False
bm25,4,spatial,10,0.3,0.25265573596576274,0.01300924569093268,0.21315789473684207,0.0020937133501945666,97,True
bm25,4,a_ratio,10,0.3,0.33259513091370163,0.000930120247447763,0.143859649122807,0.03785761656074964,97,False
bm25,4,a_ratio,10,0.3,0.3479662480521442,0.0005129026109837404,0.243859649122807,0.00043197102860202826,97,True
bm25,4,nqc,10,0.3,0.024618496859947478,0.8118133459252839,-0.0013157894736842103,0.984847966341271,97,False
bm25,4,nqc,10,0.3,0.1258557596576109,0.2217676689663214,0.06622807017543858,0.33912253473494924,97,True
bm25,4,bertQPP,10,0.3,0.21225052659201027,0.03788491221523095,0.19122807017543855,0.005778660719514659,97,False
bm25,4,bertQPP,10,0.3,0.2589888605465809,0.010835701473993563,0.21228070175438593,0.0021843848573714557,97,True
bm25,4,bertQPP(QV),10,0.3,0.21409076467821675,0.03621322524475354,0.18815789473684208,0.006612180905745843,97,False
bm25,4,bertQPP(QV),10,0.3,0.2746473189384218,0.0067686540292418934,0.21315789473684207,0.0020937133501945666,97,True
bm25,4,spatial,10,0.35,0.3777713512495918,0.00014793087412007456,0.237719298245614,0.0006011104754053054,97,False
bm25,4,spatial,10,0.35,0.25325222995389945,0.012789483901965073,0.21491228070175433,0.001922643300449403,97,True
bm25,4,a_ratio,10,0.35,0.3359746721095469,0.0008181432919077332,0.1482456140350877,0.03237920648866719,97,False
bm25,4,a_ratio,10,0.35,0.3484818917152692,0.0005024966414132768,0.2464912280701754,0.0003740846525535562,97,True
bm25,4,nqc,10,0.35,0.02587968003803892,0.8023643738108676,0.00043859649122807013,0.9949490522405066,97,False
bm25,4,nqc,10,0.35,0.1273104469349429,0.21642913364783783,0.06842105263157894,0.3233717236427517,97,True
bm25,4,bertQPP,10,0.35,0.21946151719224222,0.031684242946949236,0.19385964912280698,0.005140957475072907,97,False
bm25,4,bertQPP,10,0.35,0.2661101322351589,0.008777162507561371,0.21491228070175433,0.001922643300449403,97,True
bm25,4,bertQPP(QV),10,0.35,0.2216848631825212,0.02995447100965242,0.18333333333333332,0.008141731588545092,97,False
bm25,4,bertQPP(QV),10,0.35,0.28141526027906366,0.00547713904489189,0.21754385964912276,0.0016899894279553034,97,True
bm25,4,spatial,10,0.4,0.36780785874201816,0.00022720737478762717,0.22982456140350874,0.0009093607305517675,97,False
bm25,4,spatial,10,0.4,0.25392803596086333,0.012544413798276081,0.21578947368421048,0.001842010485605119,97,True
bm25,4,a_ratio,10,0.4,0.3368757803362953,0.0007904400622546562,0.15307017543859647,0.02715150040857788,97,False
bm25,4,a_ratio,10,0.4,0.34829245854116087,0.0005062967907815501,0.24824561403508766,0.00033961331260065896,97,True
bm25,4,nqc,10,0.4,0.027351057360024106,0.7913765171063429,0.003508771929824561,0.9596094143193218,97,False
bm25,4,nqc,10,0.4,0.12899710100507336,0.21035402195393196,0.06710526315789472,0.33276408177138295,97,True
bm25,4,bertQPP,10,0.4,0.22625255209280842,0.026650304392937085,0.18684210526315786,0.007001377469104526,97,False
bm25,4,bertQPP,10,0.4,0.2724303331451081,0.007246732199396102,0.21228070175438593,0.0021843848573714557,97,True
bm25,4,bertQPP(QV),10,0.4,0.22863794107807245,0.025051514047379795,0.18289473684210522,0.008295385577532875,97,False
bm25,4,bertQPP(QV),10,0.4,0.2869149676255356,0.0045940222038011415,0.22061403508771926,0.001451423191322646,97,True
bm25,4,spatial,10,0.45,0.35619027210116383,0.0003683381680875708,0.212719298245614,0.0021386085398990835,97,False
bm25,4,spatial,10,0.45,0.2546992559517493,0.01226975055461778,0.21403508771929822,0.002006505794696667,97,True
bm25,4,a_ratio,10,0.45,0.33482367358298554,0.0008548174960900965,0.16315789473684209,0.018526018575172384,97,False
bm25,4,a_ratio,10,0.45,0.34717312521426935,0.0005292945268750771,0.2447368421052631,0.00041180545021419704,97,True
bm25,4,nqc,10,0.45,0.029089555629241357,0.7784464020561708,0.004824561403508771,0.9444840737693221,97,False
bm25,4,nqc,10,0.45,0.13097537945943488,0.2033844399527204,0.06929824561403508,0.3172070960462492,97,True
bm25,4,bertQPP,10,0.45,0.23226182589821226,0.02277926808009846,0.18421052631578944,0.007842044522710973,97,False
bm25,4,bertQPP,10,0.45,0.2775217167908928,0.0061904414581553545,0.21315789473684207,0.0020937133501945666,97,True
bm25,4,bertQPP(QV),10,0.45,0.23453524221887956,0.021445662507564002,0.17807017543859646,0.010164879433085774,97,False
bm25,4,bertQPP(QV),10,0.45,0.2906804377436992,0.004064923278551807,0.21535087719298243,0.0018819302596192753,97,True
bm25,4,spatial,10,0.5,0.34303169412586365,0.000622960853084924,0.206578947368421,0.002866998129943633,97,False
bm25,4,spatial,10,0.5,0.2555862277594685,0.011960357808865143,0.21315789473684207,0.0020937133501945666,97,True
bm25,4,a_ratio,10,0.5,0.32951506903164784,0.0010441611546739287,0.16798245614035084,0.015326584176287853,97,False
bm25,4,a_ratio,10,0.5,0.3448514836167367,0.0005800770951218352,0.2447368421052631,0.00041180545021419704,97,True
bm25,4,nqc,10,0.5,0.031174502416649458,0.7630190759500929,0.006140350877192982,0.9293787221862809,97,False
bm25,4,nqc,10,0.5,0.133327003131381,0.19531667212273102,0.07017543859649121,0.3111200418134661,97,True
bm25,4,bertQPP,10,0.5,0.23705873899674446,0.020044236043185414,0.17850877192982453,0.009980624249260547,97,False
bm25,4,bertQPP,10,0.5,0.2809141069840152,0.005564658251808526,0.21008771929824557,0.0024270312486862444,97,True
bm25,4,bertQPP(QV),10,0.5,0.2389201795968157,0.019061561585915952,0.17850877192982453,0.009980624249260547,97,False
bm25,4,bertQPP(QV),10,0.5,0.29226533110609254,0.003859000708764084,0.21535087719298243,0.0018819302596192753,97,True
bm25,4,spatial,10,0.55,0.3285044069651204,0.0010842677102220583,0.19385964912280698,0.005140957475072907,97,False
bm25,4,spatial,10,0.55,0.2566146763165792,0.01161015450960414,0.2171052631578947,0.0017268729312904809,97,True
bm25,4,a_ratio,10,0.55,0.3208997289639875,0.0014339632216677203,0.17236842105263153,0.012850949167755494,97,False
bm25,4,a_ratio,10,0.55,0.3410082990871266,0.0006740362017801822,0.243859649122807,0.00043197102860202826,97,True
bm25,4,nqc,10,0.55,0.03371970983920576,0.7443114513271981,0.006578947368421051,0.9243489833566951,97,False
bm25,4,nqc,10,0.55,0.13616677626815343,0.18588515564134406,0.0719298245614035,0.2991785778062356,97,True
bm25,4,bertQPP,10,0.55,0.2401803993365052,0.018420054122235234,0.17412280701754385,0.011964311224727613,97,False
bm25,4,bertQPP,10,0.55,0.2821485666744237,0.005351280429257174,0.21184210526315786,0.0022310577254778404,97,True
bm25,4,bertQPP(QV),10,0.55,0.24135148548320545,0.01784067358152707,0.16798245614035084,0.015326584176287853,97,False
bm25,4,bertQPP(QV),10,0.55,0.2913154044932683,0.0039812733262776815,0.20745614035087714,0.002750657172647581,97,True
bm25,4,spatial,10,0.6,0.31282878891378557,0.0019143281432815156,0.17982456140350875,0.009445580206528057,97,False
bm25,4,spatial,10,0.6,0.25781686430355555,0.0112121665264333,0.21666666666666662,0.0017644953964592808,97,True
bm25,4,a_ratio,10,0.6,0.3092146126790912,0.0021731945616725173,0.16842105263157892,0.015061406503459098,97,False
bm25,4,a_ratio,10,0.6,0.3352864843667288,0.0008398943631492766,0.23903508771929818,0.0005603701088308085,97,True
bm25,4,nqc,10,0.6,0.03689419369600502,0.7211861168764035,0.007894736842105262,0.9092786999029837,97,False
bm25,4,nqc,10,0.6,0.13966073193349582,0.17474106348554963,0.07543859649122805,0.2762243427517541,97,True
bm25,4,bertQPP,10,0.6,0.2411955383505346,0.01791690821639853,0.16622807017543856,0.01642883705367172,97,False
bm25,4,bertQPP,10,0.6,0.28085223797324244,0.005575548427491121,0.20175438596491224,0.0035910585335480823,97,True
bm25,4,bertQPP(QV),10,0.6,0.24148051483359423,0.017777809237200525,0.162719298245614,0.018843982626781136,97,False
bm25,4,bertQPP(QV),10,0.6,0.2876420418987208,0.004487317447262396,0.2096491228070175,0.0024784263365173137,97,True
bm25,4,spatial,10,0.65,0.2962576765912845,0.0033810043833722085,0.1745614035087719,0.011751307036103295,97,False
bm25,4,spatial,10,0.65,0.2592319437962988,0.010759018172183886,0.2171052631578947,0.0017268729312904809,97,True
bm25,4,a_ratio,10,0.65,0.2949524790908628,0.003531089057174126,0.16578947368421051,0.01671505177868845,97,False
bm25,4,a_ratio,10,0.65,0.3273125616540839,0.0011333626403708,0.2385964912280701,0.0005736554562799961,97,True
bm25,4,nqc,10,0.65,0.04095952335742338,0.6919361076120052,0.009649122807017543,0.8892365872632643,97,False
bm25,4,nqc,10,0.65,0.14405713816923504,0.16142588294532784,0.07894736842105261,0.25450134933128055,97,True
bm25,4,bertQPP,10,0.65,0.2397870389387208,0.018618265807983477,0.16754385964912277,0.015595863350661914,97,False
bm25,4,bertQPP,10,0.65,0.2768178027720325,0.006327839846735415,0.20043859649122803,0.0038155311548393224,97,True
bm25,4,bertQPP(QV),10,0.65,0.23912861797195561,0.018954149246037756,0.17061403508771927,0.013795236924875342,97,False
bm25,4,bertQPP(QV),10,0.65,0.28127244364684567,0.0055019545091615175,0.206578947368421,0.002866998129943633,97,True
bm25,4,spatial,10,0.7,0.2790586078872858,0.005899600670944548,0.17017543859649117,0.014040677766436126,97,False
bm25,4,spatial,10,0.7,0.26090272464301023,0.0102446786648343,0.2232456140350877,0.0012720699376961898,97,True
bm25,4,a_ratio,10,0.7,0.2787741457482661,0.005952500263427728,0.1583333333333333,0.022295335985736058,97,False
bm25,4,a_ratio,10,0.7,0.3167341775076304,0.0016662052861205537,0.2228070175438596,0.0013004656192157056,97,True
bm25,4,nqc,10,0.7,0.04634121699961118,0.6539060211768603,0.015350877192982452,0.8246514972992991,97,False
bm25,4,nqc,10,0.7,0.1497415133719871,0.14534674916379264,0.08421052631578946,0.2241946713631342,97,True
bm25,4,bertQPP,10,0.7,0.23582954369837372,0.020716726120463217,0.16359649122807016,0.01821275950357213,97,False
bm25,4,bertQPP,10,0.7,0.2700611284439373,0.007790360498337233,0.1960526315789473,0.004658897081724128,97,True
bm25,4,bertQPP(QV),10,0.7,0.2343360964237822,0.021559747215924033,0.1671052631578947,0.01586929650651852,97,False
bm25,4,bertQPP(QV),10,0.7,0.2724557307509161,0.007241090785534885,0.20614035087719296,0.0029268376346768604,97,True
bm25,4,spatial,10,0.75,0.26149655173308706,0.01006713074082037,0.15701754385964908,0.02343259236880532,97,False
bm25,4,spatial,10,0.75,0.2628592523027525,0.009669856183171328,0.22368421052631576,0.0012442476040664947,97,True
bm25,4,a_ratio,10,0.75,0.26139642470793983,0.010096877329323158,0.14868421052631575,0.03187073297896108,97,False
bm25,4,a_ratio,10,0.75,0.30327395044570277,0.002667901062072613,0.2184210526315789,0.001618387245157851,97,True
bm25,4,nqc,10,0.75,0.053774774981335455,0.6028141608405271,0.023684210526315787,0.7324673979091793,97,False
bm25,4,nqc,10,0.75,0.15733720286895642,0.1257838112565212,0.08859649122807016,0.20098361403964282,97,True
bm25,4,bertQPP,10,0.75,0.22943149049596123,0.024538085383190064,0.1596491228070175,0.021206380497260476,97,False
bm25,4,bertQPP,10,0.75,0.260832691175524,0.010265797637860629,0.19298245614035084,0.005346085893178478,97,True
bm25,4,bertQPP(QV),10,0.75,0.22736077322796477,0.025897055856033753,0.16052631578947366,0.0205064150417212,97,False
bm25,4,bertQPP(QV),10,0.75,0.2616203841129076,0.010030447792028115,0.20921052631578946,0.002530815422866084,97,True
bm25,4,spatial,10,0.8,0.2438192801183667,0.016671001084973488,0.14298245614035085,0.03904312556346961,97,False
bm25,4,spatial,10,0.8,0.265054161135236,0.009058842927617798,0.22982456140350874,0.0009093607305517675,97,True
bm25,4,a_ratio,10,0.8,0.24349186713201237,0.016822271293597008,0.14342105263157892,0.03844648726633986,97,False
bm25,4,a_ratio,10,0.8,0.28679340193741504,0.004612082020095552,0.21535087719298243,0.0018819302596192753,97,True
bm25,4,nqc,10,0.8,0.06462703439705828,0.5315952306719317,0.03245614035087718,0.6394595858942697,97,False
bm25,4,nqc,10,0.8,0.16788752330194004,0.1020418007561375,0.10087719298245612,0.1453906019949319,97,True
bm25,4,bertQPP,10,0.8,0.22092102315023532,0.030539509174557514,0.156578947368421,0.023822706517307408,97,False
bm25,4,bertQPP,10,0.8,0.24957527017214348,0.014197238820612681,0.1960526315789473,0.004658897081724128,97,True
bm25,4,bertQPP(QV),10,0.8,0.21862524792680174,0.03235631939573454,0.15614035087719297,0.024218442010991905,97,False
bm25,4,bertQPP(QV),10,0.8,0.249298201892941,0.0143085679760795,0.20131578947368417,0.0036645116996196075,97,True
bm25,4,spatial,10,0.85,0.22624669685597643,0.0266543330695443,0.14035087719298242,0.04279048337179435,97,False
bm25,4,spatial,10,0.85,0.2671082459691315,0.008518023943563963,0.2245614035087719,0.0011902812109366697,97,True
bm25,4,a_ratio,10,0.85,0.22562302359074754,0.02708642315763334,0.13684210526315788,0.04825617082139475,97,False
bm25,4,a_ratio,10,0.85,0.2673523037576565,0.008455693110176238,0.21052631578947364,0.002376613320374723,97,True
bm25,4,nqc,10,0.85,0.08164266578759272,0.4290758097139359,0.03947368421052631,0.5688527083267978,97,False
bm25,4,nqc,10,0.85,0.18312051925943273,0.0741255637290664,0.11096491228070172,0.10924231434701433,97,True
bm25,4,bertQPP,10,0.85,0.21077975102074537,0.03926697863727717,0.14473684210526314,0.03670286698982216,97,False
bm25,4,bertQPP,10,0.85,0.23684312464064858,0.020160824128495288,0.19078947368421048,0.005891622551225342,97,True
bm25,4,bertQPP(QV),10,0.85,0.2086341684704174,0.04135850264316509,0.1421052631578947,0.040260018266768394,97,False
bm25,4,bertQPP(QV),10,0.85,0.23604094208270382,0.020599711087238123,0.18991228070175434,0.006123535868103072,97,True
bm25,4,spatial,10,0.9,0.20896451490939855,0.04103055953442724,0.1350877192982456,0.05120190672411439,97,False
bm25,4,spatial,10,0.9,0.2672073312870806,0.008492669599399486,0.21929824561403505,0.0015495867057188555,97,True
bm25,4,a_ratio,10,0.9,0.2082153056526839,0.04177745581234054,0.13157894736842105,0.05754607703293159,97,False
bm25,4,a_ratio,10,0.9,0.2452428677372388,0.016026864092040956,0.19561403508771927,0.004751901569999453,97,True
bm25,4,nqc,10,0.9,0.1104676204402162,0.2839616984998327,0.06228070175438596,0.36869194739779565,97,False
bm25,4,nqc,10,0.9,0.20511391930754078,0.04499075994169062,0.12412280701754383,0.07320956359994496,97,True
bm25,4,bertQPP,10,0.9,0.1995510127370948,0.051267612257772335,0.12850877192982454,0.06362097951440454,97,False
bm25,4,bertQPP,10,0.9,0.22321163212757383,0.02881346606227863,0.17675438596491225,0.010735947690716544,97,True
bm25,4,bertQPP(QV),10,0.9,0.19789154509053736,0.0532739986395793,0.1289473684210526,0.06272198677177326,97,False
bm25,4,bertQPP(QV),10,0.9,0.22235282900724163,0.029450660557624905,0.17631578947368418,0.010932545975931482,97,True
bm25,4,spatial,10,0.95,0.19212192105285142,0.060757819891232585,0.12456140350877191,0.07220038663462734,97,False
bm25,4,spatial,10,0.95,0.25663462426036576,0.011603451363047919,0.21140350877192976,0.002278642796588288,97,True
bm25,4,a_ratio,10,0.95,0.1915596851718403,0.06153079701939041,0.12368421052631577,0.07423025092161463,97,False
bm25,4,a_ratio,10,0.95,0.22098067157156592,0.03049347845174377,0.17543859649122803,0.01133536481749997,97,True
bm25,4,nqc,10,0.95,0.15709217429029876,0.12638165409498248,0.10087719298245612,0.1453906019949319,97,False
bm25,4,nqc,10,0.95,0.2278772824103797,0.025552224284968242,0.15526315789473683,0.025027037161781087,97,True
bm25,4,bertQPP,10,0.95,0.18775507705794553,0.0669743782725472,0.12368421052631577,0.07423025092161463,97,False
bm25,4,bertQPP,10,0.95,0.20920390661089105,0.040794266477397305,0.16578947368421051,0.01671505177868845,97,True
bm25,4,bertQPP(QV),10,0.95,0.18684044288095783,0.06833956015718888,0.12236842105263156,0.0773622745902155,97,False
bm25,4,bertQPP(QV),10,0.95,0.20865019066794196,0.0413425467647561,0.1640350877192982,0.017904148159161914,97,True
bm25,4,spatial,10,1.0,0.17583240710537346,0.08660057948674295,0.11271929824561401,0.1037519879759869,97,False
bm25,4,spatial,10,1.0,0.19524748115545001,0.05660381043696768,0.15131578947368418,0.028961443601471626,97,True
bm25,4,a_ratio,10,1.0,0.17583240710537346,0.08660057948674295,0.11271929824561401,0.1037519879759869,97,False
bm25,4,a_ratio,10,1.0,0.19524748115545001,0.05660381043696768,0.15131578947368418,0.028961443601471626,97,True
bm25,4,nqc,10,1.0,0.17583240710537346,0.08660057948674295,0.11271929824561401,0.1037519879759869,97,False
bm25,4,nqc,10,1.0,0.19524748115545001,0.05660381043696768,0.15131578947368418,0.028961443601471626,97,True
bm25,4,bertQPP,10,1.0,0.17583240710537346,0.08660057948674295,0.11271929824561401,0.1037519879759869,97,False
bm25,4,bertQPP,10,1.0,0.19524748115545001,0.05660381043696768,0.15131578947368418,0.028961443601471626,97,True
bm25,4,bertQPP(QV),10,1.0,0.17583240710537346,0.08660057948674295,0.11271929824561401,0.1037519879759869,97,False
bm25,4,bertQPP(QV),10,1.0,0.19524748115545001,0.05660381043696768,0.15131578947368418,0.028961443601471626,97,True
bm25,4,spatial,11,0.0,0.4037614090489069,4.517064367080608e-05,0.24912280701754383,0.00032351427155757553,97,False
bm25,4,spatial,11,0.0,0.2501732937929054,0.013959506461471155,0.20921052631578946,0.002530815422866084,97,True
bm25,4,a_ratio,11,0.0,0.2882861454452175,0.004394640876071033,0.08026315789473683,0.2466700962299916,97,False
bm25,4,a_ratio,11,0.0,0.33789759892324867,0.000760063929375933,0.23201754385964907,0.0008115744326137436,97,True
bm25,4,nqc,11,0.0,0.01970354342631228,0.8488828114964245,-0.008333333333333331,0.9042622467947524,97,False
bm25,4,nqc,11,0.0,0.12010795471193708,0.2437671751705969,0.06052631578947368,0.3823337405619286,97,True
bm25,4,bertQPP,11,0.0,0.1712014758316667,0.09535759302867927,0.168859649122807,0.014800278325359423,97,False
bm25,4,bertQPP,11,0.0,0.2143207230094226,0.03600874538298362,0.1964912280701754,0.004567543784697511,97,True
bm25,4,bertQPP(QV),11,0.0,0.16903733798076603,0.09968227112021084,0.17324561403508767,0.01240061333688213,97,False
bm25,4,bertQPP(QV),11,0.0,0.22666462033708634,0.026368078840486996,0.20043859649122803,0.0038155311548393224,97,True
bm25,4,spatial,11,0.05,0.40643965648016767,3.974585562120517e-05,0.2521929824561403,0.00027261872163635134,97,False
bm25,4,spatial,11,0.05,0.25067450588657647,0.013762930410800409,0.21008771929824557,0.0024270312486862444,97,True
bm25,4,a_ratio,11,0.05,0.2993023180843465,0.0030528841595702126,0.09342105263157893,0.17753318182977484,97,False
bm25,4,a_ratio,11,0.05,0.34124050327049427,0.0006679862129028727,0.23684210526315785,0.0006297844386530204,97,True
bm25,4,nqc,11,0.05,0.020494715378662536,0.8428911566174611,-0.006578947368421051,0.9243489833566951,97,False
bm25,4,nqc,11,0.05,0.12100109640485002,0.24025320765638833,0.06271929824561404,0.36532940366389033,97,True
bm25,4,bertQPP,11,0.05,0.1794178646434319,0.08026956368159266,0.17368421052631575,0.012180731335371816,97,False
bm25,4,bertQPP,11,0.05,0.22330608642599414,0.028744103367524945,0.20350877192982453,0.003310447205982754,97,True
bm25,4,bertQPP(QV),11,0.05,0.17814781464835144,0.08246843095573872,0.17675438596491225,0.010735947690716544,97,False
bm25,4,bertQPP(QV),11,0.05,0.23671362475407037,0.020231127442409413,0.20745614035087714,0.002750657172647581,97,True
bm25,4,spatial,11,0.1,0.40825763512835184,3.6417004508369596e-05,0.2539473684210526,0.0002470100935230778,97,False
bm25,4,spatial,11,0.1,0.25122611980541365,0.01354937109512116,0.2096491228070175,0.0024784263365173137,97,True
bm25,4,a_ratio,11,0.1,0.310626083084754,0.0020685585355031642,0.10657894736842104,0.12397445778654012,97,False
bm25,4,a_ratio,11,0.1,0.34462678680222003,0.0005852216948229322,0.24692982456140347,0.000365172660687329,97,True
bm25,4,nqc,11,0.1,0.021374101132342595,0.8362419459584975,-0.005701754385964911,0.9344112837195322,97,False
bm25,4,nqc,11,0.1,0.12199125815516021,0.23639875653936163,0.06403508771929824,0.35535715174125126,97,True
bm25,4,bertQPP,11,0.1,0.188231395359789,0.06627222257880862,0.18026315789473682,0.009273003873208558,97,False
bm25,4,bertQPP,11,0.1,0.23282287798621645,0.022443729199284744,0.20307017543859646,0.0033786625934052374,97,True
bm25,4,bertQPP(QV),11,0.1,0.18790492738267187,0.06675283250615205,0.1789473684210526,0.00979934996376251,97,False
bm25,4,bertQPP(QV),11,0.1,0.2472644927589124,0.015149174993495761,0.21052631578947364,0.002376613320374723,97,True
bm25,4,spatial,11,0.15,0.4090527217602214,3.504461406044768e-05,0.2635964912280701,0.00014202757091789025,97,False
bm25,4,spatial,11,0.15,0.25183607649005646,0.013316583410224332,0.21008771929824557,0.0024270312486862444,97,True
bm25,4,a_ratio,11,0.15,0.3220547096800523,0.0013749898218768232,0.11578947368421051,0.09467365840926534,97,False
bm25,4,a_ratio,11,0.15,0.34801883477647844,0.0005118324044687338,0.24692982456140347,0.000365172660687329,97,True
bm25,4,nqc,11,0.15,0.022357281570123143,0.8288215523639388,-0.004824561403508771,0.9444840737693221,97,False
bm25,4,nqc,11,0.15,0.12309509070604839,0.23215277403263046,0.0644736842105263,0.35207160001667814,97,True
bm25,4,bertQPP,11,0.15,0.19764559683483673,0.05357678194837214,0.18728070175438594,0.006869417363886626,97,False
bm25,4,bertQPP,11,0.15,0.24283286322827569,0.01713033953956822,0.20570175438596489,0.0029878149035424606,97,True
bm25,4,bertQPP(QV),11,0.15,0.19829575788598325,0.052779434022064704,0.17982456140350875,0.009445580206528057,97,False
bm25,4,bertQPP(QV),11,0.15,0.2582309361762204,0.01107787409517247,0.21535087719298243,0.0018819302596192753,97,True
bm25,4,spatial,11,0.2,0.40866301982352365,3.5711121566253446e-05,0.2684210526315789,0.00010695554741565452,97,False
bm25,4,spatial,11,0.2,0.2525140593162221,0.013061922963277935,0.20921052631578946,0.002530815422866084,97,True
bm25,4,a_ratio,11,0.2,0.33329457130669843,0.0009058592047226765,0.13289473684210523,0.05509435768226517,97,False
bm25,4,a_ratio,11,0.2,0.3513643242775496,0.0004478097487588892,0.24561403508771923,0.00039252186505296443,97,True
bm25,4,nqc,11,0.2,0.02346372400380968,0.8204888271177523,-0.003070175438596491,0.9646546976352598,97,False
bm25,4,nqc,11,0.2,0.12433326744481554,0.22745374280310704,0.06666666666666665,0.33593362539214777,97,True
bm25,4,bertQPP,11,0.2,0.20763666442049547,0.042362030854283673,0.18684210526315786,0.007001377469104526,97,False
bm25,4,bertQPP,11,0.2,0.25325803676303665,0.012787360528086754,0.20921052631578946,0.002530815422866084,97,True
bm25,4,bertQPP(QV),11,0.2,0.20926923242898382,0.04072998365712548,0.17982456140350875,0.009445580206528057,97,False
bm25,4,bertQPP(QV),11,0.2,0.2694701931229704,0.007931432519647622,0.21447368421052626,0.001964163707567382,97,True
bm25,4,spatial,11,0.25,0.4069370270267677,3.880796374748782e-05,0.2614035087719298,0.0001613234254369054,97,False
bm25,4,spatial,11,0.25,0.2532719927820174,0.012782258490797574,0.21052631578947364,0.002376613320374723,97,True
bm25,4,a_ratio,11,0.25,0.3439463399191087,0.000601056990973606,0.14035087719298242,0.04279048337179435,97,False
bm25,4,a_ratio,11,0.25,0.3545918074411415,0.00039309608518731776,0.24999999999999994,0.0003081316971646934,97,True
bm25,4,nqc,11,0.25,0.024718069752248918,0.8110663305209777,-0.0013157894736842103,0.984847966341271,97,False
bm25,4,nqc,11,0.25,0.12573177010422948,0.22222695163762587,0.06885964912280701,0.3202797133432874,97,True
bm25,4,bertQPP,11,0.25,0.2181395546700951,0.032752139668657095,0.19078947368421048,0.005891622551225342,97,False
bm25,4,bertQPP,11,0.25,0.26396568597833536,0.009357475008516088,0.20877192982456136,0.0025842155919655403,97,True
bm25,4,bertQPP(QV),11,0.25,0.2207189784978215,0.030695863699626152,0.1820175438596491,0.008610498746466352,97,False
bm25,4,bertQPP(QV),11,0.25,0.28076708873325984,0.005590567324081209,0.21447368421052626,0.001964163707567382,97,True
bm25,4,spatial,11,0.3,0.4037449715960769,4.5205974792915e-05,0.25614035087719295,0.00021816883242795217,97,False
bm25,4,spatial,11,0.3,0.25412471937308584,0.012473862723873783,0.21315789473684207,0.0020937133501945666,97,True
bm25,4,a_ratio,11,0.3,0.3535013231434063,0.00041085419170607896,0.15219298245614032,0.02804388848739258,97,False
bm25,4,a_ratio,11,0.3,0.3576052997278787,0.00034762680755471637,0.25087719298245614,0.00029343605987257174,97,True
bm25,4,nqc,11,0.3,0.026151967549634836,0.8003280317289165,0.0,1.0,97,False
bm25,4,nqc,11,0.3,0.1273236976841735,0.21638092695344882,0.06842105263157894,0.3233717236427517,97,True
bm25,4,bertQPP,11,0.3,0.2290301990671976,0.024796589629560162,0.19254385964912277,0.005451397044324322,97,False
bm25,4,bertQPP,11,0.3,0.2747515858185161,0.0067468727949810585,0.22236842105263155,0.0013294453024995708,97,True
bm25,4,bertQPP(QV),11,0.3,0.23246298951607217,0.02265847172556444,0.1894736842105263,0.006242548211379331,97,False
bm25,4,bertQPP(QV),11,0.3,0.2918197537449417,0.00391593023802157,0.21535087719298243,0.0018819302596192753,97,True
bm25,4,spatial,11,0.35,0.39899074854084715,5.658012420235099e-05,0.24736842105263154,0.0003564594902013864,97,False
bm25,4,spatial,11,0.35,0.25509093133420735,0.012132276884347202,0.21447368421052626,0.001964163707567382,97,True
bm25,4,a_ratio,11,0.35,0.36135900232154133,0.0002977659256338103,0.15745614035087718,0.023048035126692692,97,False
bm25,4,a_ratio,11,0.35,0.3602778928683693,0.00031140452791297705,0.2557017543859649,0.00022367120423335903,97,True
bm25,4,nqc,11,0.35,0.027806741745928794,0.7879817328474532,0.0021929824561403503,0.9747493089119874,97,False
bm25,4,nqc,11,0.35,0.12915186281843014,0.2098027336822054,0.07105263157894735,0.30511054817177896,97,True
bm25,4,bertQPP,11,0.35,0.24010477691361853,0.018458018038217696,0.19473684210526312,0.00494296865650076,97,False
bm25,4,bertQPP,11,0.35,0.2853239495611389,0.004835441277285252,0.21929824561403505,0.0015495867057188555,97,True
bm25,4,bertQPP(QV),11,0.35,0.24422279118486112,0.016486190094470644,0.18596491228070172,0.007272147742628502,97,False
bm25,4,bertQPP(QV),11,0.35,0.30223220027844944,0.0027644104341295814,0.2232456140350877,0.0012720699376961898,97,True
bm25,4,spatial,11,0.4,0.39262292406266297,7.60180127631272e-05,0.237719298245614,0.0006011104754053054,97,False
bm25,4,spatial,11,0.4,0.2561944724708967,0.01175214416918506,0.21666666666666662,0.0017644953964592808,97,True
bm25,4,a_ratio,11,0.4,0.3668755340047833,0.00023634990523603016,0.1671052631578947,0.01586929650651852,97,False
bm25,4,a_ratio,11,0.4,0.3624446467070344,0.00028462587801850143,0.2535087719298245,0.0002531918111138595,97,True
bm25,4,nqc,11,0.4,0.029737372187267387,0.7736434386355897,0.003508771929824561,0.9596094143193218,97,False
bm25,4,nqc,11,0.4,0.13127260235778238,0.2023517731222846,0.07149122807017542,0.3021348758613446,97,True
bm25,4,bertQPP,11,0.4,0.25105921509266554,0.013613682828529301,0.19254385964912277,0.005451397044324322,97,False
bm25,4,bertQPP,11,0.4,0.2952932228708217,0.003491342381489357,0.21973684210526312,0.001516205986896074,97,True
bm25,4,bertQPP(QV),11,0.4,0.25560798884671954,0.011952853442121446,0.18815789473684208,0.006612180905745843,97,False
bm25,4,bertQPP(QV),11,0.4,0.3115212323190708,0.0020045774239605117,0.2245614035087719,0.0011902812109366697,97,True
bm25,4,spatial,11,0.45,0.384643045016229,0.00010914130059806684,0.23377192982456135,0.0007404706075872587,97,False
bm25,4,spatial,11,0.45,0.25746618462566573,0.011327009803343446,0.21622807017543857,0.0018028700906948475,97,True
bm25,4,a_ratio,11,0.45,0.3694464480631514,0.00021192624246991898,0.17149122807017542,0.013315695610410695,97,False
bm25,4,a_ratio,11,0.45,0.3638954373153257,0.0002679000849939336,0.25921052631578945,0.00018306667264307222,97,True
bm25,4,nqc,11,0.45,0.03201859905004952,0.7567991434301511,0.006578947368421051,0.9243489833566951,97,False
bm25,4,nqc,11,0.45,0.13376151155313107,0.19385162636648826,0.07587719298245613,0.27344185633141316,97,True
bm25,4,bertQPP,11,0.45,0.26147554904718784,0.01007336402551505,0.18991228070175434,0.006123535868103072,97,False
bm25,4,bertQPP,11,0.45,0.3041755507968225,0.0025868327528097944,0.22982456140350874,0.0009093607305517675,97,True
bm25,4,bertQPP(QV),11,0.45,0.266115898045573,0.008775645856610689,0.19035087719298244,0.0060065708523342936,97,False
bm25,4,bertQPP(QV),11,0.45,0.31914582719952245,0.0015279125042589675,0.22807017543859645,0.0009953330568858061,97,True
bm25,4,spatial,11,0.5,0.3751096439158014,0.00016612476195130958,0.22675438596491226,0.0010646851601117014,97,False
bm25,4,spatial,11,0.5,0.25894656525203197,0.010849092699165635,0.21535087719298243,0.0018819302596192753,97,True
bm25,4,a_ratio,11,0.5,0.3686126254206174,0.0002195794823714612,0.17938596491228065,0.00962101549816644,97,False
bm25,4,a_ratio,11,0.5,0.36436911951866807,0.0002626385589777265,0.2587719298245614,0.00018773365369726365,97,True
bm25,4,nqc,11,0.5,0.03475459210936251,0.7367464805270788,0.007017543859649122,0.9193222670955983,97,False
bm25,4,nqc,11,0.5,0.13672231900765566,0.18407949182519623,0.07763157894736841,0.2625039156547271,97,True
bm25,4,bertQPP,11,0.5,0.27082575047743745,0.00761111011858188,0.19429824561403505,0.0050410843610361605,97,False
bm25,4,bertQPP,11,0.5,0.3114191874204,0.002011779770965096,0.2346491228070175,0.0007071302383650919,97,True
bm25,4,bertQPP(QV),11,0.5,0.2751583147026003,0.006662498895868514,0.19298245614035084,0.005346085893178478,97,False
bm25,4,bertQPP(QV),11,0.5,0.32456378093498484,0.0012543900914848247,0.22982456140350874,0.0009093607305517675,97,True
bm25,4,spatial,11,0.55,0.3641369201420911,0.00026520573654598904,0.21929824561403505,0.0015495867057188555,97,False
bm25,4,spatial,11,0.55,0.260689639653149,0.010309054110992364,0.2171052631578947,0.0017268729312904809,97,True
bm25,4,a_ratio,11,0.55,0.36416148736410314,0.0002649330326579136,0.18728070175438594,0.006869417363886626,97,False
bm25,4,a_ratio,11,0.55,0.3635513257521308,0.00027178315012719295,0.2618421052631578,0.00015727711080768157,97,True
bm25,4,nqc,11,0.55,0.03809484264029604,0.7125033539232619,0.010964912280701752,0.8742506159554067,97,False
bm25,4,nqc,11,0.55,0.1403010650251218,0.17275306353448264,0.08114035087719297,0.24154399271289795,97,True
bm25,4,bertQPP,11,0.55,0.27850560635602084,0.006002824258195462,0.1960526315789473,0.004658897081724128,97,False
bm25,4,bertQPP,11,0.55,0.3164605421338911,0.0016825917611114369,0.23070175438596488,0.000869004617248621,97,True
bm25,4,bertQPP(QV),11,0.55,0.2821244915680037,0.005355371331404933,0.1890350877192982,0.006363638865325849,97,False
bm25,4,bertQPP(QV),11,0.55,0.32731139536635023,0.0011334116569783556,0.22938596491228067,0.0009301837506347448,97,True
bm25,4,spatial,11,0.6,0.35188799968989437,0.0004384816623017996,0.21447368421052626,0.001964163707567382,97,False
bm25,4,spatial,11,0.6,0.2627686359146235,0.009695840655919802,0.21973684210526312,0.001516205986896074,97,True
bm25,4,a_ratio,11,0.6,0.35618663030914904,0.0003683929061126447,0.18859649122807015,0.006486839186137605,97,False
bm25,4,a_ratio,11,0.6,0.36107935408557096,0.0003012400040488277,0.2557017543859649,0.00022367120423335903,97,True
bm25,4,nqc,11,0.6,0.04226143094958162,0.6826612552041874,0.015789473684210523,0.8197264747302192,97,False
bm25,4,nqc,11,0.6,0.14470957389173017,0.15951593212559737,0.08464912280701753,0.2217908195589735,97,True
bm25,4,bertQPP,11,0.6,0.2839068955797005,0.005059904405123478,0.1951754385964912,0.004846583300035788,97,False
bm25,4,bertQPP,11,0.6,0.3188075048184445,0.0015466641970593635,0.21973684210526312,0.001516205986896074,97,True
bm25,4,bertQPP(QV),11,0.6,0.2864774630699351,0.004659314115911395,0.19254385964912277,0.005451397044324322,97,False
bm25,4,bertQPP(QV),11,0.6,0.32708912919129696,0.001142788308506979,0.22807017543859645,0.0009953330568858061,97,True
bm25,4,spatial,11,0.65,0.33856368135224707,0.000740841134051736,0.20877192982456136,0.0025842155919655403,97,False
bm25,4,spatial,11,0.65,0.26528420937181585,0.008996809919065676,0.22192982456140345,0.001359019813248218,97,True
bm25,4,a_ratio,11,0.65,0.34507957133305356,0.0005748972568804154,0.19429824561403505,0.0050410843610361605,97,False
bm25,4,a_ratio,11,0.65,0.35655848678307467,0.000362842168872652,0.2578947368421052,0.00019740507498430313,97,True
bm25,4,nqc,11,0.65,0.0475982310005993,0.6451447983937526,0.020175438596491225,0.7708972462356571,97,False
bm25,4,nqc,11,0.65,0.15026587860391832,0.14392660661527157,0.08903508771929823,0.1987626865625428,97,True
bm25,4,bertQPP,11,0.65,0.28652195619105186,0.0046526365402482705,0.19078947368421048,0.005891622551225342,97,False
bm25,4,bertQPP,11,0.65,0.31813320747398977,0.0015846607042743828,0.21929824561403505,0.0015495867057188555,97,True
bm25,4,bertQPP(QV),11,0.65,0.28786172181228475,0.0044555149581277445,0.18684210526315786,0.007001377469104526,97,False
bm25,4,bertQPP(QV),11,0.65,0.32382640275773933,0.0012887950819263153,0.2214912280701754,0.0013892001512035108,97,True
bm25,4,spatial,11,0.7,0.32438836899718193,0.0012624980570084595,0.20307017543859646,0.0033786625934052374,97,False
bm25,4,spatial,11,0.7,0.26837566700444837,0.008198680726708924,0.22368421052631576,0.0012442476040664947,97,True
bm25,4,a_ratio,11,0.7,0.3314547219540607,0.0009709497679553943,0.18377192982456136,0.007990630052244877,97,False
bm25,4,a_ratio,11,0.7,0.3495938844077492,0.00048071195330320464,0.2570175438596491,0.00020754319542769554,97,True
bm25,4,nqc,11,0.7,0.05466511556880249,0.5968150396611465,0.020614035087719293,0.766060437360897,97,False
bm25,4,nqc,11,0.7,0.1574668361908708,0.1254683982886997,0.09780701754385963,0.15804007107697238,97,True
bm25,4,bertQPP,11,0.7,0.28605387932346543,0.004723314816102043,0.1921052631578947,0.00555857730471879,97,False
bm25,4,bertQPP,11,0.7,0.31435076552653296,0.0018139137924724838,0.22236842105263155,0.0013294453024995708,97,True
bm25,4,bertQPP(QV),11,0.7,0.28618482892289715,0.004703446094717688,0.19122807017543855,0.005778660719514659,97,False
bm25,4,bertQPP(QV),11,0.7,0.3177008432301528,0.0016094671575342743,0.2241228070175438,0.0012169881340798713,97,True
bm25,4,spatial,11,0.75,0.3095952462426519,0.002144517092309271,0.19692982456140345,0.004477815959740704,97,False
bm25,4,spatial,11,0.75,0.2722328387033255,0.0072907330008889415,0.23289473684210524,0.0007752661095537938,97,True
bm25,4,a_ratio,11,0.75,0.3160362887699197,0.0017082864162244829,0.17807017543859646,0.010164879433085774,97,False
bm25,4,a_ratio,11,0.75,0.33983973008565627,0.000705250580873431,0.2521929824561403,0.00027261872163635134,97,True
bm25,4,nqc,11,0.75,0.06443116178471266,0.5328425061325991,0.03157894736842105,0.6485384145930861,97,False
bm25,4,nqc,11,0.75,0.1671237902612966,0.1036330757623096,0.10614035087719297,0.12552912312509534,97,True
bm25,4,bertQPP,11,0.75,0.282491224625388,0.005293355375277325,0.18991228070175434,0.006123535868103072,97,False
bm25,4,bertQPP,11,0.75,0.30763956171053036,0.002295573660450137,0.21973684210526312,0.001516205986896074,97,True
bm25,4,bertQPP(QV),11,0.75,0.28163857095677586,0.005438536326777353,0.19868421052631577,0.004134656435481796,97,False
bm25,4,bertQPP(QV),11,0.75,0.30910352976255956,0.0021816286560951362,0.21754385964912276,0.0016899894279553034,97,True
bm25,4,spatial,11,0.8,0.29441261497846194,0.003594892182566142,0.18771929824561398,0.0067396961345085665,97,False
bm25,4,spatial,11,0.8,0.2770911429558536,0.006274168564278181,0.237719298245614,0.0006011104754053054,97,True
bm25,4,a_ratio,11,0.8,0.2995460132067568,0.003027899301427149,0.1758771929824561,0.011132337112518993,97,False
bm25,4,a_ratio,11,0.8,0.3270616640027513,0.0011439518551372852,0.2495614035087719,0.00031573529791605395,97,True
bm25,4,nqc,11,0.8,0.07870197980667568,0.44594015218426486,0.04561403508771929,0.510301360039156,97,False
bm25,4,nqc,11,0.8,0.1806200124816724,0.07823167417875675,0.11622807017543857,0.09343036497045672,97,True
bm25,4,bertQPP,11,0.8,0.27611378110595247,0.006467953430017726,0.1864035087719298,0.00713560971179531,97,False
bm25,4,bertQPP,11,0.8,0.29841087829284424,0.0031458627480074816,0.21447368421052626,0.001964163707567382,97,True
bm25,4,bertQPP(QV),11,0.8,0.274650324602704,0.006768025280037625,0.18114035087719296,0.008936269357215086,97,False
bm25,4,bertQPP(QV),11,0.8,0.2985635641306293,0.003129759320560927,0.22192982456140345,0.001359019813248218,97,True
bm25,4,spatial,11,0.85,0.2790528049146077,0.005900675633256905,0.18245614035087715,0.008451628874483844,97,False
bm25,4,spatial,11,0.85,0.28311436047069355,0.005189443093319127,0.23947368421052628,0.0005473717769045106,97,True
bm25,4,a_ratio,11,0.85,0.28262066832511085,0.005271618825721898,0.17236842105263153,0.012850949167755494,97,False
bm25,4,a_ratio,11,0.85,0.31120047731899086,0.002027295128541775,0.24692982456140347,0.000365172660687329,97,True
bm25,4,nqc,11,0.85,0.10112424538731027,0.3269143936665635,0.05921052631578946,0.3927654396199507,97,False
bm25,4,nqc,11,0.85,0.20034952964606262,0.05032457960044948,0.1350877192982456,0.05120190672411439,97,True
bm25,4,bertQPP,11,0.85,0.2674261082579241,0.008436923102000294,0.17675438596491225,0.010735947690716544,97,False
bm25,4,bertQPP,11,0.85,0.2872262069261534,0.00454807131024657,0.21666666666666662,0.0017644953964592808,97,True
bm25,4,bertQPP(QV),11,0.85,0.26578675941434743,0.008862592894896324,0.17017543859649117,0.014040677766436126,97,False
bm25,4,bertQPP(QV),11,0.85,0.2866590114591657,0.004632120683357936,0.21535087719298243,0.0018819302596192753,97,True
bm25,4,spatial,11,0.9,0.26370437575819256,0.009430441042388753,0.16798245614035084,0.015326584176287853,97,False
bm25,4,spatial,11,0.9,0.28963064979788905,0.004206668179029274,0.24078947368421047,0.0005100424668924873,97,True
bm25,4,a_ratio,11,0.9,0.2657691908032642,0.0088672551256885,0.16973684210526313,0.01428996478556036,97,False
bm25,4,a_ratio,11,0.9,0.2924180680184572,0.003839657096223627,0.23201754385964907,0.0008115744326137436,97,True
bm25,4,nqc,11,0.9,0.139328910345369,0.17577783387776458,0.09254385964912279,0.18163805178968873,97,False
bm25,4,nqc,11,0.9,0.22979313612445443,0.024307091871836103,0.14999999999999997,0.030386188269096972,97,True
bm25,4,bertQPP,11,0.9,0.2570483669555727,0.01146518032043367,0.16622807017543856,0.01642883705367172,97,False
bm25,4,bertQPP,11,0.9,0.2746988454752922,0.006757882434575061,0.20745614035087714,0.002750657172647581,97,True
bm25,4,bertQPP(QV),11,0.9,0.25564820703336183,0.011938994906798322,0.16666666666666666,0.01614693659786587,97,False
bm25,4,bertQPP(QV),11,0.9,0.27394016390059284,0.0069180258102550145,0.21096491228070172,0.002327155955166847,97,True
bm25,4,spatial,11,0.95,0.24852768370040437,0.014622163264554386,0.16622807017543856,0.01642883705367172,97,False
bm25,4,spatial,11,0.95,0.29042112769825024,0.004099533484034863,0.24166666666666664,0.0004864896630231411,97,True
bm25,4,a_ratio,11,0.95,0.24936387603709095,0.014282111078551976,0.16315789473684209,0.018526018575172384,97,False
bm25,4,a_ratio,11,0.95,0.2711063339885691,0.0075462510934867595,0.21535087719298243,0.0018819302596192753,97,True
bm25,4,nqc,11,0.95,0.20253494262274674,0.047816563005860666,0.13245614035087716,0.05590173788646047,97,False
bm25,4,nqc,11,0.95,0.2656057460642718,0.008910732320606905,0.19078947368421048,0.005891622551225342,97,True
bm25,4,bertQPP,11,0.95,0.24560661843004303,0.01586577126034646,0.1596491228070175,0.021206380497260476,97,False
bm25,4,bertQPP,11,0.95,0.261409047663425,0.010093122957091777,0.19561403508771927,0.004751901569999453,97,True
bm25,4,bertQPP(QV),11,0.95,0.24478562037641918,0.01623136890525821,0.15877192982456137,0.021927067591039504,97,False
bm25,4,bertQPP(QV),11,0.95,0.2608794683810283,0.010251687493439878,0.19473684210526312,0.00494296865650076,97,True
bm25,4,spatial,11,1.0,0.23365340594794784,0.02195479437145484,0.1539473684210526,0.026283728186940334,97,False
bm25,4,spatial,11,1.0,0.24784952304604319,0.014903084767006173,0.18421052631578944,0.007842044522710973,97,True
bm25,4,a_ratio,11,1.0,0.23365340594794784,0.02195479437145484,0.1539473684210526,0.026283728186940334,97,False
bm25,4,a_ratio,11,1.0,0.24784952304604319,0.014903084767006173,0.18421052631578944,0.007842044522710973,97,True
bm25,4,nqc,11,1.0,0.23365340594794784,0.02195479437145484,0.1539473684210526,0.026283728186940334,97,False
bm25,4,nqc,11,1.0,0.24784952304604319,0.014903084767006173,0.18421052631578944,0.007842044522710973,97,True
bm25,4,bertQPP,11,1.0,0.23365340594794784,0.02195479437145484,0.1539473684210526,0.026283728186940334,97,False
bm25,4,bertQPP,11,1.0,0.24784952304604319,0.014903084767006173,0.18421052631578944,0.007842044522710973,97,True
bm25,4,bertQPP(QV),11,1.0,0.23365340594794784,0.02195479437145484,0.1539473684210526,0.026283728186940334,97,False
bm25,4,bertQPP(QV),11,1.0,0.24784952304604319,0.014903084767006173,0.18421052631578944,0.007842044522710973,97,True
bm25,4,spatial,12,0.0,0.4037614090489069,4.517064367080608e-05,0.24912280701754383,0.00032351427155757553,97,False
bm25,4,spatial,12,0.0,0.2501732937929054,0.013959506461471155,0.20921052631578946,0.002530815422866084,97,True
bm25,4,a_ratio,12,0.0,0.2882861454452175,0.004394640876071033,0.08026315789473683,0.2466700962299916,97,False
bm25,4,a_ratio,12,0.0,0.33789759892324867,0.000760063929375933,0.23201754385964907,0.0008115744326137436,97,True
bm25,4,nqc,12,0.0,0.01970354342631228,0.8488828114964245,-0.008333333333333331,0.9042622467947524,97,False
bm25,4,nqc,12,0.0,0.12010795471193708,0.2437671751705969,0.06052631578947368,0.3823337405619286,97,True
bm25,4,bertQPP,12,0.0,0.1712014758316667,0.09535759302867927,0.168859649122807,0.014800278325359423,97,False
bm25,4,bertQPP,12,0.0,0.2143207230094226,0.03600874538298362,0.1964912280701754,0.004567543784697511,97,True
bm25,4,bertQPP(QV),12,0.0,0.16903733798076603,0.09968227112021084,0.17324561403508767,0.01240061333688213,97,False
bm25,4,bertQPP(QV),12,0.0,0.22666462033708634,0.026368078840486996,0.20043859649122803,0.0038155311548393224,97,True
bm25,4,spatial,12,0.05,0.4071038729135836,3.849799978747127e-05,0.25438596491228066,0.00024097016048905146,97,False
bm25,4,spatial,12,0.05,0.2507113591794284,0.013748571899511996,0.21008771929824557,0.0024270312486862444,97,True
bm25,4,a_ratio,12,0.05,0.30023116183308646,0.002958634628458441,0.09649122807017542,0.1637097319480596,97,False
bm25,4,a_ratio,12,0.05,0.34157595436436444,0.0006593338497712022,0.23640350877192978,0.0006445938679827261,97,True
bm25,4,nqc,12,0.05,0.020541049101999144,0.8425405386390892,-0.006578947368421051,0.9243489833566951,97,False
bm25,4,nqc,12,0.05,0.12103838494024868,0.24010726781597624,0.0631578947368421,0.36198607447715714,97,True
bm25,4,bertQPP,12,0.05,0.1800555673228194,0.07918330426205868,0.17368421052631575,0.012180731335371816,97,False
bm25,4,bertQPP,12,0.05,0.2238121329931731,0.028374891713423268,0.2039473684210526,0.00324348853932908,97,True
bm25,4,bertQPP(QV),12,0.05,0.1788407711232063,0.08126281856316254,0.1789473684210526,0.00979934996376251,97,False
bm25,4,bertQPP(QV),12,0.05,0.23728403886977714,0.019923029793051928,0.2083333333333333,0.002638644175947716,97,True
bm25,4,spatial,12,0.1,0.40960154975420016,3.4125642887734024e-05,0.2578947368421052,0.00019740507498430313,97,False
bm25,4,spatial,12,0.1,0.25130372860742556,0.01351955692838501,0.2096491228070175,0.0024784263365173137,97,True
bm25,4,a_ratio,12,0.1,0.31258215557081304,0.001931064853783721,0.11052631578947367,0.11065018092280728,97,False
bm25,4,a_ratio,12,0.1,0.3453234737897879,0.0005694051761366532,0.243859649122807,0.00043197102860202826,97,True
bm25,4,nqc,12,0.1,0.021471926305940144,0.8355029724430819,-0.005263157894736841,0.9394464677531641,97,False
bm25,4,nqc,12,0.1,0.12206998038133106,0.23609416771591285,0.0644736842105263,0.35207160001667814,97,True
bm25,4,bertQPP,12,0.1,0.1895828256318684,0.0643124674119157,0.1820175438596491,0.008610498746466352,97,False
bm25,4,bertQPP,12,0.1,0.2338927998263265,0.02181556648482736,0.20877192982456136,0.0025842155919655403,97,True
bm25,4,bertQPP(QV),12,0.1,0.18937470365847103,0.06461116881344599,0.18421052631578944,0.007842044522710973,97,False
bm25,4,bertQPP(QV),12,0.1,0.2484694073902154,0.014646121944887402,0.21403508771929822,0.002006505794696667,97,True
bm25,4,spatial,12,0.15,0.41108715747334046,3.1749809435986625e-05,0.26578947368421046,0.00012492077956959696,97,False
bm25,4,spatial,12,0.15,0.25195899487473306,0.013270095505992835,0.21096491228070172,0.002327155955166847,97,True
bm25,4,a_ratio,12,0.15,0.3251340197894973,0.0012283580199076358,0.12456140350877191,0.07220038663462734,97,False
bm25,4,a_ratio,12,0.15,0.3491040405242579,0.0004901992521144786,0.2460526315789473,0.00038319963731609435,97,True
bm25,4,nqc,12,0.15,0.022512664536938613,0.8276501811356167,-0.004385964912280701,0.9495239009595372,97,False
bm25,4,nqc,12,0.15,0.12322012023242221,0.23167521761599771,0.0644736842105263,0.35207160001667814,97,True
bm25,4,bertQPP,12,0.15,0.1997940699207928,0.0509790378754444,0.19298245614035084,0.005346085893178478,97,False
bm25,4,bertQPP,12,0.15,0.2445283568593581,0.016347419402637644,0.21140350877192976,0.002278642796588288,97,True
bm25,4,bertQPP(QV),12,0.15,0.2006331243779158,0.04999312122430828,0.1820175438596491,0.008610498746466352,97,False
bm25,4,bertQPP(QV),12,0.15,0.2601365756738988,0.010477796711201155,0.21666666666666662,0.0017644953964592808,97,True
bm25,4,spatial,12,0.2,0.4113937170404137,3.127920017233365e-05,0.27236842105263154,8.451599142547832e-05,97,False
bm25,4,spatial,12,0.2,0.2526876462738268,0.01299740655449479,0.21052631578947364,0.002376613320374723,97,True
bm25,4,a_ratio,12,0.2,0.3375822146108658,0.0007693237677026786,0.1350877192982456,0.05120190672411439,97,False
bm25,4,a_ratio,12,0.2,0.35286649748552934,0.0004215286031780636,0.24692982456140347,0.000365172660687329,97,True
bm25,4,nqc,12,0.2,0.023683865505209206,0.8188332640288597,-0.0026315789473684206,0.9697013964662655,97,False
bm25,4,nqc,12,0.2,0.12451038667920172,0.22678704711351197,0.06798245614035085,0.32648312465382767,97,True
bm25,4,bertQPP,12,0.2,0.21067116871660335,0.039370660182986794,0.1921052631578947,0.00555857730471879,97,False
bm25,4,bertQPP,12,0.2,0.25564256939034424,0.011940936702139044,0.2201754385964912,0.0014834887833584708,97,True
bm25,4,bertQPP(QV),12,0.2,0.21256912949191037,0.03759095295824418,0.18596491228070172,0.007272147742628502,97,False
bm25,4,bertQPP(QV),12,0.2,0.2721413308158349,0.007311200352397922,0.21798245614035083,0.0016538318211645647,97,True
bm25,4,spatial,12,0.25,0.41036449858154234,3.288550381586046e-05,0.2675438596491228,0.00011265400136159727,97,False
bm25,4,spatial,12,0.25,0.2535026127562232,0.012698204788756648,0.21052631578947364,0.002376613320374723,97,True
bm25,4,a_ratio,12,0.25,0.3495047298952676,0.000482426055794054,0.14868421052631575,0.03187073297896108,97,False
bm25,4,a_ratio,12,0.25,0.3565400039997578,0.00036311623588770105,0.24999999999999994,0.0003081316971646934,97,True
bm25,4,nqc,12,0.25,0.025011605120702357,0.8088651577431298,-0.0008771929824561403,0.9898983068920344,97,False
bm25,4,nqc,12,0.25,0.1259679097228238,0.22135281883855687,0.06885964912280701,0.3202797133432874,97,True
bm25,4,bertQPP,12,0.25,0.22215139271933942,0.02960183217053936,0.20307017543859646,0.0033786625934052374,97,False
bm25,4,bertQPP,12,0.25,0.26710089044694874,0.008519908756110318,0.21666666666666662,0.0017644953964592808,97,True
bm25,4,bertQPP(QV),12,0.25,0.22507545128116058,0.027470679446598634,0.18859649122807015,0.006486839186137605,97,False
bm25,4,bertQPP(QV),12,0.25,0.28426152789521575,0.005002877555252125,0.2241228070175438,0.0012169881340798713,97,True
bm25,4,spatial,12,0.3,0.40786467080436356,3.7113682118585264e-05,0.2640350877192982,0.00013843889663167622,97,False
bm25,4,spatial,12,0.3,0.2544200089999754,0.012368590409467157,0.21315789473684207,0.0020937133501945666,97,True
bm25,4,a_ratio,12,0.3,0.3603559080160297,0.0003104013991224776,0.16184210526315784,0.019494257081408093,97,False
bm25,4,a_ratio,12,0.3,0.3600283194862425,0.00031463366470010424,0.2535087719298245,0.0002531918111138595,97,True
bm25,4,nqc,12,0.3,0.026529372633801555,0.7975077620010068,0.0017543859649122805,0.9797982329262411,97,False
bm25,4,nqc,12,0.3,0.12762725993947807,0.2152786387699442,0.07061403508771928,0.30810560167955003,97,True
bm25,4,bertQPP,12,0.3,0.2341071151633944,0.021691565899952175,0.20482456140350874,0.0031132595749828423,97,False
bm25,4,bertQPP,12,0.3,0.27869170769280965,0.005967909130548737,0.22543859649122802,0.0011384845622564176,97,True
bm25,4,bertQPP(QV),12,0.3,0.2379609928654898,0.01956262398173559,0.1951754385964912,0.004846583300035788,97,False
bm25,4,bertQPP(QV),12,0.3,0.2961806737615811,0.0033896977067523998,0.2201754385964912,0.0014834887833584708,97,True
bm25,4,spatial,12,0.35,0.40379353162922255,4.510167285421574e-05,0.25614035087719295,0.00021816883242795217,97,False
bm25,4,spatial,12,0.35,0.2554601602631852,0.012003913429167892,0.21535087719298243,0.0018819302596192753,97,True
bm25,4,a_ratio,12,0.35,0.3694838003498125,0.00021158924213904987,0.16973684210526313,0.01428996478556036,97,False
bm25,4,a_ratio,12,0.35,0.3632030259286037,0.0002757662710196137,0.2574561403508771,0.0002024145160928557,97,True
bm25,4,nqc,12,0.35,0.028280892317304344,0.7844535810209194,0.0026315789473684206,0.9697013964662655,97,False
bm25,4,nqc,12,0.35,0.1295331662358048,0.20844885880694214,0.0719298245614035,0.2991785778062356,97,True
bm25,4,bertQPP,12,0.35,0.24632181765329025,0.01555311542985324,0.206578947368421,0.002866998129943633,97,False
bm25,4,bertQPP,12,0.35,0.2901081123836222,0.004141662088661229,0.22850877192982452,0.0009731613713928938,97,True
bm25,4,bertQPP(QV),12,0.35,0.2509263469506818,0.013665069101033015,0.1991228070175438,0.0040526815820536586,97,False
bm25,4,bertQPP(QV),12,0.35,0.3074787173864456,0.002308414115104046,0.2271929824561403,0.0010410859719474062,97,True
bm25,4,spatial,12,0.4,0.39809572880889044,5.8999487961354336e-05,0.24824561403508766,0.00033961331260065896,97,False
bm25,4,spatial,12,0.4,0.2566490407498882,0.011598609065266312,0.21622807017543857,0.0018028700906948475,97,True
bm25,4,a_ratio,12,0.4,0.37618270877059173,0.00015855413783884043,0.17850877192982453,0.009980624249260547,97,False
bm25,4,a_ratio,12,0.4,0.3658959511946063,0.0002463207997302901,0.2614035087719298,0.0001613234254369054,97,True
bm25,4,nqc,12,0.4,0.030324331556140817,0.769299021051573,0.004385964912280701,0.9495239009595372,97,False
bm25,4,nqc,12,0.4,0.13174450635349044,0.20071992912587383,0.07280701754385964,0.29332406919202725,97,True
bm25,4,bertQPP,12,0.4,0.25846598053520226,0.011002271396325362,0.2021929824561403,0.003518947024518709,97,False
bm25,4,bertQPP,12,0.4,0.3009358340992033,0.0028888832786731758,0.23508771929824557,0.0006909882372402237,97,True
bm25,4,bertQPP(QV),12,0.4,0.263545082300424,0.009475165339290265,0.19473684210526312,0.00494296865650076,97,False
bm25,4,bertQPP(QV),12,0.4,0.31763848958777907,0.001613073502819258,0.23245614035087714,0.0007932274849806823,97,True
bm25,4,spatial,12,0.45,0.3907696610688551,8.274741329158795e-05,0.24298245614035083,0.0004530555607905571,97,False
bm25,4,spatial,12,0.45,0.25802032308010114,0.01114600374057407,0.21666666666666662,0.0017644953964592808,97,True
bm25,4,a_ratio,12,0.45,0.37978517750840335,0.00013541182972003714,0.18728070175438594,0.006869417363886626,97,False
bm25,4,a_ratio,12,0.45,0.36789150965106754,0.0002264032534909075,0.2631578947368421,0.00014570372725545436,97,True
bm25,4,nqc,12,0.45,0.03273875434725886,0.7515047119981897,0.006578947368421051,0.9243489833566951,97,False
bm25,4,nqc,12,0.45,0.13434031485524828,0.19191241006031184,0.07719298245614034,0.26520964851167916,97,True
bm25,4,bertQPP,12,0.45,0.27008059968709985,0.0077857500763741675,0.1991228070175438,0.0040526815820536586,97,False
bm25,4,bertQPP,12,0.45,0.3106561777220421,0.002066377918032925,0.23333333333333328,0.0007576829079550207,97,True
bm25,4,bertQPP(QV),12,0.45,0.27526224344619854,0.006641089669961263,0.1964912280701754,0.004567543784697511,97,False
bm25,4,bertQPP(QV),12,0.45,0.326077136476412,0.0011863790408800329,0.23245614035087714,0.0007932274849806823,97,True
bm25,4,spatial,12,0.5,0.38187143549737657,0.00012348366753873132,0.23377192982456135,0.0007404706075872587,97,False
bm25,4,spatial,12,0.5,0.2596183457850848,0.01063810026830575,0.21754385964912276,0.0016899894279553034,97,True
bm25,4,a_ratio,12,0.5,0.3797811269118209,0.00013543599379812002,0.19166666666666665,0.0056676554767862795,97,False
bm25,4,a_ratio,12,0.5,0.36892041002713527,0.00021672524116608393,0.2649122807017543,0.00013151626797994824,97,True
bm25,4,nqc,12,0.5,0.03563434000135152,0.7303351889867512,0.007456140350877191,0.9142987729055279,97,False
bm25,4,nqc,12,0.5,0.13742908736223186,0.18180081768462197,0.07850877192982454,0.2571497949986177,97,True
bm25,4,bertQPP,12,0.5,0.28058090308664185,0.0056235325285879725,0.19999999999999996,0.0038931422663722555,97,False
bm25,4,bertQPP,12,0.5,0.3186745425620292,0.0015540905970914867,0.23684210526315785,0.0006297844386530204,97,True
bm25,4,bertQPP(QV),12,0.5,0.2854244539647979,0.004819863173799529,0.19868421052631577,0.004134656435481796,97,False
bm25,4,bertQPP(QV),12,0.5,0.33220819137052016,0.0009437948253469109,0.23903508771929818,0.0005603701088308085,97,True
bm25,4,spatial,12,0.55,0.3715133876099014,0.0001940048924039178,0.22236842105263155,0.0013294453024995708,97,False
bm25,4,spatial,12,0.55,0.26150247327143444,0.010065373927189343,0.21798245614035083,0.0016538318211645647,97,True
bm25,4,a_ratio,12,0.55,0.3759315857586242,0.00016029665180221093,0.1960526315789473,0.004658897081724128,97,False
bm25,4,a_ratio,12,0.55,0.36865721858008976,0.00021916380798883865,0.26622807017543854,0.00012174117339765374,97,True
bm25,4,nqc,12,0.55,0.03916917204713193,0.7047650217194751,0.010964912280701752,0.8742506159554067,97,False
bm25,4,nqc,12,0.55,0.14116365514003149,0.17010141156493536,0.0820175438596491,0.2364933356716986,97,True
bm25,4,bertQPP,12,0.55,0.2892952468267985,0.004252875929169996,0.20789473684210524,0.002694118757519195,97,False
bm25,4,bertQPP,12,0.55,0.3243822047174545,0.0012627838488546866,0.23377192982456135,0.0007404706075872587,97,True
bm25,4,bertQPP(QV),12,0.55,0.2933524147398494,0.0037232007025565666,0.20131578947368417,0.0036645116996196075,97,False
bm25,4,bertQPP(QV),12,0.55,0.3355296133769379,0.0008321503875061923,0.23903508771929818,0.0005603701088308085,97,True
bm25,4,spatial,12,0.6,0.3598571255295584,0.0003168664816905953,0.21403508771929822,0.002006505794696667,97,False
bm25,4,spatial,12,0.6,0.26375356514659215,0.00941666779006248,0.2201754385964912,0.0014834887833584708,97,True
bm25,4,a_ratio,12,0.6,0.36833449449527755,0.0002221885530948893,0.20263157894736838,0.0034481555035308746,97,False
bm25,4,a_ratio,12,0.6,0.3667254759587556,0.000237852737743276,0.26885964912280697,0.00010420938550881354,97,True
bm25,4,nqc,12,0.6,0.04357803103470469,0.6733294471217257,0.014473684210526314,0.8345220924714823,97,False
bm25,4,nqc,12,0.6,0.14576583084231765,0.15645956095980873,0.08552631578947366,0.21703863010225988,97,True
bm25,4,bertQPP,12,0.6,0.2955487621836613,0.0034617978856349495,0.2039473684210526,0.00324348853932908,97,False
bm25,4,bertQPP,12,0.6,0.3272486007734487,0.0011360536292260605,0.23333333333333328,0.0007576829079550207,97,True
bm25,4,bertQPP(QV),12,0.6,0.2984520104359733,0.0031415173378543347,0.2096491228070175,0.0024784263365173137,97,False
bm25,4,bertQPP(QV),12,0.6,0.3357183301172229,0.0008261844950969699,0.24078947368421047,0.0005100424668924873,97,True
bm25,4,spatial,12,0.65,0.34710207701787577,0.0005307861132759553,0.2096491228070175,0.0024784263365173137,97,False
bm25,4,spatial,12,0.65,0.2664835460770917,0.008679413390642514,0.22236842105263155,0.0013294453024995708,97,True
bm25,4,a_ratio,12,0.65,0.3574130009014187,0.0003503770643122648,0.20350877192982453,0.003310447205982754,97,False
bm25,4,a_ratio,12,0.65,0.36271499141218955,0.0002814379710128251,0.2714912280701754,8.908000988366728e-05,97,True
bm25,4,nqc,12,0.65,0.04922431704262054,0.6338828467633819,0.019736842105263153,0.7757429796762659,97,False
bm25,4,nqc,12,0.65,0.15156889874791657,0.14044297831586106,0.08903508771929823,0.1987626865625428,97,True
bm25,4,bertQPP,12,0.65,0.29878390524004694,0.003106650775324478,0.20614035087719296,0.0029268376346768604,97,False
bm25,4,bertQPP,12,0.65,0.3269246745305987,0.0011497714378051569,0.22763157894736838,0.0010179716220744474,97,True
bm25,4,bertQPP(QV),12,0.65,0.3003371038458514,0.002948052411110427,0.20789473684210524,0.002694118757519195,97,False
bm25,4,bertQPP(QV),12,0.65,0.33270081240367766,0.0009264169570125815,0.23684210526315785,0.0006297844386530204,97,True
bm25,4,spatial,12,0.7,0.33347129558496597,0.0008998212963252102,0.20350877192982453,0.003310447205982754,97,False
bm25,4,spatial,12,0.7,0.269849011130581,0.007840741996069107,0.22543859649122802,0.0011384845622564176,97,True
bm25,4,a_ratio,12,0.7,0.34382924101495044,0.0006038213469689733,0.19254385964912277,0.005451397044324322,97,False
bm25,4,a_ratio,12,0.7,0.35621565108667286,0.0003679569164309494,0.26622807017543854,0.00012174117339765374,97,True
bm25,4,nqc,12,0.7,0.05669936306691833,0.5832096512092376,0.021052631578947364,0.7612327300879478,97,False
bm25,4,nqc,12,0.7,0.1590940437695368,0.1215606157022869,0.0982456140350877,0.1561836121302155,97,True
bm25,4,bertQPP,12,0.7,0.29868503213621733,0.003117001215835568,0.2021929824561403,0.003518947024518709,97,False
bm25,4,bertQPP,12,0.7,0.3233236969018871,0.0013127394919152649,0.2232456140350877,0.0012720699376961898,97,True
bm25,4,bertQPP(QV),12,0.7,0.29891939637808607,0.0030925170845537784,0.20438596491228067,0.003177766074944934,97,False
bm25,4,bertQPP(QV),12,0.7,0.3266721396972545,0.001160570223816738,0.23728070175438593,0.0006152920473840185,97,True
bm25,4,spatial,12,0.75,0.31919660630237534,0.0015251158969970147,0.1951754385964912,0.004846583300035788,97,False
bm25,4,spatial,12,0.75,0.2740675181721346,0.006890911694377844,0.22938596491228067,0.0009301837506347448,97,True
bm25,4,a_ratio,12,0.75,0.3283579398032848,0.0010901949245149028,0.18289473684210522,0.008295385577532875,97,False
bm25,4,a_ratio,12,0.75,0.34686930024698653,0.0005357000672951123,0.2671052631578947,0.00011560948155965582,97,True
bm25,4,nqc,12,0.75,0.06702581825013185,0.516439353716504,0.03201754385964912,0.643992360331084,97,False
bm25,4,nqc,12,0.75,0.16919340626062584,0.09936533184709066,0.10614035087719297,0.12552912312509534,97,True
bm25,4,bertQPP,12,0.75,0.29525837852968007,0.003495388395022221,0.19429824561403505,0.0050410843610361605,97,False
bm25,4,bertQPP,12,0.75,0.3166468914654835,0.0016714165949902624,0.2302631578947368,0.0008889704166142316,97,True
bm25,4,bertQPP(QV),12,0.75,0.29442633489901804,0.0035932580200040767,0.19736842105263155,0.0043896882161837195,97,False
bm25,4,bertQPP(QV),12,0.75,0.3180551835649129,0.0015891114745527422,0.23070175438596488,0.000869004617248621,97,True
bm25,4,spatial,12,0.8,0.3045050021041062,0.0025577671711495263,0.18771929824561398,0.0067396961345085665,97,False
bm25,4,spatial,12,0.8,0.27942126561676656,0.005832764312104998,0.237719298245614,0.0006011104754053054,97,True
bm25,4,a_ratio,12,0.8,0.31176410982600505,0.00198752864880573,0.1820175438596491,0.008610498746466352,97,False
bm25,4,a_ratio,12,0.8,0.33443510849531666,0.0008675329940447863,0.25921052631578945,0.00018306667264307222,97,True
bm25,4,nqc,12,0.8,0.08210638962478714,0.42645014582893376,0.04210526315789473,0.5433700215214692,97,False
bm25,4,nqc,12,0.8,0.18332235899912802,0.07380182671872064,0.11754385964912278,0.08977892662724705,97,True
bm25,4,bertQPP,12,0.8,0.28883060539374145,0.004317636793232887,0.18815789473684208,0.006612180905745843,97,False
bm25,4,bertQPP,12,0.8,0.30734183293799733,0.002319392754427606,0.2245614035087719,0.0011902812109366697,97,True
bm25,4,bertQPP(QV),12,0.8,0.28733954990128874,0.004531439548672312,0.19078947368421048,0.005891622551225342,97,False
bm25,4,bertQPP(QV),12,0.8,0.30741622605921537,0.0023134203282779626,0.23421052631578942,0.0007236220598486794,97,True
bm25,4,spatial,12,0.85,0.28960766312925323,0.004209820642084549,0.17631578947368418,0.010932545975931482,97,False
bm25,4,spatial,12,0.85,0.28615716131344904,0.004707637832535186,0.2421052631578947,0.00047509739036277217,97,True
bm25,4,a_ratio,12,0.85,0.2947159694129162,0.003558914807399796,0.17368421052631575,0.012180731335371816,97,False
bm25,4,a_ratio,12,0.85,0.3188552594592116,0.0015440047938740991,0.2535087719298245,0.0002531918111138595,97,True
bm25,4,nqc,12,0.85,0.10577379546414492,0.30504619403301647,0.06140350877192981,0.37547457643725846,97,False
bm25,4,nqc,12,0.85,0.2040068055034101,0.046186382558633145,0.13552631578947366,0.05045170824112038,97,True
bm25,4,bertQPP,12,0.85,0.27996657604577035,0.0057335297540252895,0.18114035087719296,0.008936269357215086,97,False
bm25,4,bertQPP,12,0.85,0.2960105497058474,0.003408975081763451,0.22499999999999995,0.0011641166831212395,97,True
bm25,4,bertQPP(QV),12,0.85,0.27828287626401677,0.006044849388867307,0.17412280701754385,0.011964311224727613,97,False
bm25,4,bertQPP(QV),12,0.85,0.2953678600895191,0.0034826898537831516,0.22675438596491226,0.0010646851601117014,97,True
bm25,4,spatial,12,0.9,0.2746922790819943,0.006759254292245483,0.16798245614035084,0.015326584176287853,97,False
bm25,4,spatial,12,0.9,0.2937554816999399,0.003673945557597555,0.2464912280701754,0.0003740846525535562,97,True
bm25,4,a_ratio,12,0.9,0.27774209044569886,0.0061479729265482026,0.16754385964912277,0.015595863350661914,97,False
bm25,4,a_ratio,12,0.9,0.3003008058452216,0.0029516742722001817,0.24298245614035083,0.0004530555607905571,97,True
bm25,4,nqc,12,0.9,0.14600343092712204,0.15577810547510354,0.09298245614035086,0.1795768982922561,97,False
bm25,4,nqc,12,0.9,0.23494648250780567,0.021211711048308716,0.15614035087719297,0.024218442010991905,97,True
bm25,4,bertQPP,12,0.9,0.2693440565520276,0.007961834572942483,0.16842105263157892,0.015061406503459098,97,False
bm25,4,bertQPP,12,0.9,0.28330238317513445,0.005158447161075817,0.21008771929824557,0.0024270312486862444,97,True
bm25,4,bertQPP(QV),12,0.9,0.2679050185581047,0.008316014706682228,0.16666666666666666,0.01614693659786587,97,False
bm25,4,bertQPP(QV),12,0.9,0.28248747155823584,0.00529398678723973,0.21052631578947364,0.002376613320374723,97,True
bm25,4,spatial,12,0.95,0.2599187121701582,0.010544928789674035,0.1614035087719298,0.019826684390718458,97,False
bm25,4,spatial,12,0.95,0.296246250879285,0.003382293039133032,0.24692982456140347,0.000365172660687329,97,True
bm25,4,a_ratio,12,0.95,0.26122506216590635,0.010147965874190994,0.16798245614035084,0.015326584176287853,97,False
bm25,4,a_ratio,12,0.95,0.27917796213313073,0.005877529569797425,0.21754385964912276,0.0016899894279553034,97,True
bm25,4,nqc,12,0.95,0.2122557492049941,0.03788007810262677,0.14166666666666664,0.04088043032540512,97,False
bm25,4,nqc,12,0.95,0.2728280324461428,0.007158837618495676,0.1951754385964912,0.004846583300035788,97,True
bm25,4,bertQPP,12,0.95,0.25763385816066414,0.011271971214401242,0.16184210526315784,0.019494257081408093,97,False
bm25,4,bertQPP,12,0.95,0.26982441745758756,0.007846601953404383,0.20043859649122803,0.0038155311548393224,97,True
bm25,4,bertQPP(QV),12,0.95,0.25679144605306276,0.01155087180968137,0.1644736842105263,0.017600127768823963,97,False
bm25,4,bertQPP(QV),12,0.95,0.26926585484325316,0.007980734651442356,0.20131578947368417,0.0036645116996196075,97,True
bm25,4,spatial,12,1.0,0.24541757515054097,0.015949316390703325,0.15745614035087718,0.023048035126692692,97,False
bm25,4,spatial,12,1.0,0.2560862349744404,0.01178896287317829,0.1846491228070175,0.007695938960913375,97,True
bm25,4,a_ratio,12,1.0,0.24541757515054097,0.015949316390703325,0.15745614035087718,0.023048035126692692,97,False
bm25,4,a_ratio,12,1.0,0.2560862349744404,0.01178896287317829,0.1846491228070175,0.007695938960913375,97,True
bm25,4,nqc,12,1.0,0.24541757515054097,0.015949316390703325,0.15745614035087718,0.023048035126692692,97,False
bm25,4,nqc,12,1.0,0.2560862349744404,0.01178896287317829,0.1846491228070175,0.007695938960913375,97,True
bm25,4,bertQPP,12,1.0,0.24541757515054097,0.015949316390703325,0.15745614035087718,0.023048035126692692,97,False
bm25,4,bertQPP,12,1.0,0.2560862349744404,0.01178896287317829,0.1846491228070175,0.007695938960913375,97,True
bm25,4,bertQPP(QV),12,1.0,0.24541757515054097,0.015949316390703325,0.15745614035087718,0.023048035126692692,97,False
bm25,4,bertQPP(QV),12,1.0,0.2560862349744404,0.01178896287317829,0.1846491228070175,0.007695938960913375,97,True
bm25,4,spatial,13,0.0,0.4037614090489069,4.517064367080608e-05,0.24912280701754383,0.00032351427155757553,97,False
bm25,4,spatial,13,0.0,0.2501732937929054,0.013959506461471155,0.20921052631578946,0.002530815422866084,97,True
bm25,4,a_ratio,13,0.0,0.2882861454452175,0.004394640876071033,0.08026315789473683,0.2466700962299916,97,False
bm25,4,a_ratio,13,0.0,0.33789759892324867,0.000760063929375933,0.23201754385964907,0.0008115744326137436,97,True
bm25,4,nqc,13,0.0,0.01970354342631228,0.8488828114964245,-0.008333333333333331,0.9042622467947524,97,False
bm25,4,nqc,13,0.0,0.12010795471193708,0.2437671751705969,0.06052631578947368,0.3823337405619286,97,True
bm25,4,bertQPP,13,0.0,0.1712014758316667,0.09535759302867927,0.168859649122807,0.014800278325359423,97,False
bm25,4,bertQPP,13,0.0,0.2143207230094226,0.03600874538298362,0.1964912280701754,0.004567543784697511,97,True
bm25,4,bertQPP(QV),13,0.0,0.16903733798076603,0.09968227112021084,0.17324561403508767,0.01240061333688213,97,False
bm25,4,bertQPP(QV),13,0.0,0.22666462033708634,0.026368078840486996,0.20043859649122803,0.0038155311548393224,97,True
bm25,4,spatial,13,0.05,0.40719734472231556,3.832536110037804e-05,0.2526315789473684,0.00026599295941046356,97,False
bm25,4,spatial,13,0.05,0.2507324286809129,0.013740368803348628,0.21052631578947364,0.002376613320374723,97,True
bm25,4,a_ratio,13,0.05,0.3001039687447052,0.0029713845894273716,0.09298245614035086,0.1795768982922561,97,False
bm25,4,a_ratio,13,0.05,0.3416383244555024,0.0006577364735496466,0.2359649122807017,0.0006597266644986306,97,True
bm25,4,nqc,13,0.05,0.02055536673505326,0.8424322000135912,-0.006578947368421051,0.9243489833566951,97,False
bm25,4,nqc,13,0.05,0.12106006963856143,0.24002242653646208,0.0631578947368421,0.36198607447715714,97,True
bm25,4,bertQPP,13,0.05,0.18015024129729293,0.07902304465857682,0.17324561403508767,0.01240061333688213,97,False
bm25,4,bertQPP,13,0.05,0.22395702822373695,0.028269919379432237,0.20307017543859646,0.0033786625934052374,97,True
bm25,4,bertQPP(QV),13,0.05,0.17891283685277865,0.08113825014100738,0.1789473684210526,0.00979934996376251,97,False
bm25,4,bertQPP(QV),13,0.05,0.2374125940069352,0.019854152516309606,0.21008771929824557,0.0024270312486862444,97,True
bm25,4,spatial,13,0.1,0.40983288201577456,3.37450816462749e-05,0.2557017543859649,0.00022367120423335903,97,False
bm25,4,spatial,13,0.1,0.251348227940723,0.013502487820320973,0.20921052631578946,0.002530815422866084,97,True
bm25,4,a_ratio,13,0.1,0.31231277465835194,0.0019494961761962566,0.10614035087719297,0.12552912312509534,97,False
bm25,4,a_ratio,13,0.1,0.3454607989936745,0.0005663341439934583,0.24254385964912276,0.00046395436170867623,97,True
bm25,4,nqc,13,0.1,0.02150220486187089,0.835274276486681,-0.005263157894736841,0.9394464677531641,97,False
bm25,4,nqc,13,0.1,0.12211587028834303,0.23591673842791663,0.06535087719298245,0.34555840797111037,97,True
bm25,4,bertQPP,13,0.1,0.18978397489128512,0.06402484024407964,0.181578947368421,0.008772032874754584,97,False
bm25,4,bertQPP,13,0.1,0.2342036581380378,0.021635904650165825,0.21184210526315786,0.0022310577254778404,97,True
bm25,4,bertQPP(QV),13,0.1,0.18952467530231973,0.06439581295618876,0.1864035087719298,0.00713560971179531,97,False
bm25,4,bertQPP(QV),13,0.1,0.24874548555943365,0.014532920792726988,0.21315789473684207,0.0020937133501945666,97,True
bm25,4,spatial,13,0.15,0.41150854146919524,3.1104614326092626e-05,0.2622807017543859,0.0001533264537085578,97,False
bm25,4,spatial,13,0.15,0.25202970295788524,0.013243417616613667,0.21052631578947364,0.002376613320374723,97,True
bm25,4,a_ratio,13,0.15,0.3247175575214033,0.0012473211056777541,0.12149122807017541,0.07950949270058337,97,False
bm25,4,a_ratio,13,0.15,0.34933213066330543,0.0004857604318585674,0.2478070175438596,0.00034794104688647836,97,True
bm25,4,nqc,13,0.15,0.022560847669735533,0.8272870238838325,-0.003947368421052631,0.954565748248739,97,False
bm25,4,nqc,13,0.15,0.12329320080934969,0.23139640082814228,0.06535087719298245,0.34555840797111037,97,True
bm25,4,bertQPP,13,0.15,0.20011736478316183,0.05059727512040069,0.1951754385964912,0.004846583300035788,97,False
bm25,4,bertQPP,13,0.15,0.24503180998259305,0.016120981484768763,0.21359649122807012,0.0020496840923188192,97,True
bm25,4,bertQPP(QV),13,0.15,0.20087041165464717,0.04971717149648725,0.1864035087719298,0.00713560971179531,97,False
bm25,4,bertQPP(QV),13,0.15,0.26058565350971763,0.010340597940972833,0.21798245614035083,0.0016538318211645647,97,True
bm25,4,spatial,13,0.2,0.4120641124401716,3.027268339958091e-05,0.26929824561403504,0.00010152986331601867,97,False
bm25,4,spatial,13,0.2,0.25278786536495595,0.012960284925734214,0.21052631578947364,0.002376613320374723,97,True
bm25,4,a_ratio,13,0.2,0.33703127187839454,0.0007857472936824765,0.13464912280701752,0.05196142228840072,97,False
bm25,4,a_ratio,13,0.2,0.35320522814283845,0.00041580164837692955,0.2478070175438596,0.00034794104688647836,97,True
bm25,4,nqc,13,0.2,0.023752275223437577,0.8183189536392129,-0.0021929824561403503,0.9747493089119874,97,False
bm25,4,nqc,13,0.2,0.12461422969404115,0.22639680922888328,0.06842105263157894,0.3233717236427517,97,True
bm25,4,bertQPP,13,0.2,0.21113774581752603,0.03892675610774704,0.1951754385964912,0.004846583300035788,97,False
bm25,4,bertQPP,13,0.2,0.2563723943091565,0.011691839269646884,0.21578947368421048,0.001842010485605119,97,True
bm25,4,bertQPP(QV),13,0.2,0.21290886334044995,0.03727960341376536,0.18859649122807015,0.006486839186137605,97,False
bm25,4,bertQPP(QV),13,0.2,0.2727975857742204,0.0071655331284317504,0.2232456140350877,0.0012720699376961898,97,True
bm25,4,spatial,13,0.25,0.41134761303753997,3.1349556820598996e-05,0.2714912280701754,8.908000988366728e-05,97,False
bm25,4,spatial,13,0.25,0.2536363079931564,0.01264969783322665,0.21096491228070172,0.002327155955166847,97,True
bm25,4,a_ratio,13,0.25,0.34885860534319135,0.0004950171634934208,0.1421052631578947,0.040260018266768394,97,False
bm25,4,a_ratio,13,0.25,0.35701433636454927,0.0003561426539451464,0.24999999999999994,0.0003081316971646934,97,True
bm25,4,nqc,13,0.25,0.0251030468521092,0.8081797544827533,-0.0021929824561403503,0.9747493089119874,97,False
bm25,4,nqc,13,0.25,0.12610683676267923,0.2208396781894205,0.06842105263157894,0.3233717236427517,97,True
bm25,4,bertQPP,13,0.25,0.22278997107260967,0.029124845543403333,0.19956140350877188,0.003972184685349765,97,False
bm25,4,bertQPP,13,0.25,0.26809977697834403,0.008267282806033414,0.21403508771929822,0.002006505794696667,97,True
bm25,4,bertQPP(QV),13,0.25,0.22554148776619182,0.027143349652178062,0.19122807017543855,0.005778660719514659,97,False
bm25,4,bertQPP(QV),13,0.25,0.28517025199481894,0.004859350967684087,0.22499999999999995,0.0011641166831212395,97,True
bm25,4,spatial,13,0.3,0.4092259014266928,3.475217045048378e-05,0.2622807017543859,0.0001533264537085578,97,False
bm25,4,spatial,13,0.3,0.25459199749467176,0.012307633100299361,0.21184210526315786,0.0022310577254778404,97,True
bm25,4,a_ratio,13,0.3,0.35969022711300497,0.0003190573134701276,0.15175438596491225,0.028499485428052914,97,False
bm25,4,a_ratio,13,0.3,0.360669496894806,0.0003063991876368567,0.2552631578947368,0.00022930364440164065,97,True
bm25,4,nqc,13,0.3,0.026647279479952345,0.796627199737026,0.00043859649122807013,0.9949490522405066,97,False
bm25,4,nqc,13,0.3,0.12780656685858466,0.21462941689076162,0.07017543859649121,0.3111200418134661,97,True
bm25,4,bertQPP,13,0.3,0.23495660727185763,0.021205978846716718,0.20614035087719296,0.0029268376346768604,97,False
bm25,4,bertQPP,13,0.3,0.28001293820744555,0.005725162355559751,0.2214912280701754,0.0013892001512035108,97,True
bm25,4,bertQPP(QV),13,0.3,0.23858975960987155,0.01923290626747214,0.19824561403508767,0.004218133036173916,97,False
bm25,4,bertQPP(QV),13,0.3,0.29740042099210817,0.0032543196209168248,0.22938596491228067,0.0009301837506347448,97,True
bm25,4,spatial,13,0.35,0.4055959990242808,4.1385289254379113e-05,0.25438596491228066,0.00024097016048905146,97,False
bm25,4,spatial,13,0.35,0.2556763723388835,0.011929297945992385,0.21578947368421048,0.001842010485605119,97,True
bm25,4,a_ratio,13,0.35,0.3689175936508149,0.00021675120274003252,0.16578947368421051,0.01671505177868845,97,False
bm25,4,a_ratio,13,0.35,0.3640499052333894,0.0002661737131482083,0.2583333333333333,0.00019251229597668152,97,True
bm25,4,nqc,13,0.35,0.02842952744260211,0.7833484809034761,0.0021929824561403503,0.9747493089119874,97,False
bm25,4,nqc,13,0.35,0.1297594377908197,0.20764839975989852,0.07105263157894735,0.30511054817177896,97,True
bm25,4,bertQPP,13,0.35,0.24743417358702424,0.015077439631775654,0.20263157894736838,0.0034481555035308746,97,False
bm25,4,bertQPP,13,0.35,0.2918165859095677,0.003916337651442808,0.22807017543859645,0.0009953330568858061,97,True
bm25,4,bertQPP(QV),13,0.35,0.251771130084428,0.013341203371986387,0.20087719298245613,0.0037393284863613424,97,False
bm25,4,bertQPP(QV),13,0.35,0.3090822601335049,0.0021832469396682345,0.23157894736842102,0.0008303144784156731,97,True
bm25,4,spatial,13,0.4,0.4003957528156597,5.296793921060627e-05,0.243859649122807,0.00043197102860202826,97,False
bm25,4,spatial,13,0.4,0.2569168888110961,0.011508962956152433,0.21622807017543857,0.0018028700906948475,97,True
bm25,4,a_ratio,13,0.4,0.3758784720374963,0.00016066746592467842,0.1776315789473684,0.010352157028285932,97,False
bm25,4,a_ratio,13,0.4,0.3669963542303608,0.0002351462650653507,0.26096491228070173,0.00016546754768086806,97,True
bm25,4,nqc,13,0.4,0.03050907925858374,0.7679330651942564,0.004824561403508771,0.9444840737693221,97,False
bm25,4,nqc,13,0.4,0.13202606794331245,0.19975080164516873,0.07280701754385964,0.29332406919202725,97,True
bm25,4,bertQPP,13,0.4,0.2599085560453489,0.010548067442258212,0.20263157894736838,0.0034481555035308746,97,False
bm25,4,bertQPP,13,0.4,0.30310748121810227,0.0026831167298042723,0.2302631578947368,0.0008889704166142316,97,True
bm25,4,bertQPP(QV),13,0.4,0.26467964127845883,0.009160636958282769,0.19692982456140345,0.004477815959740704,97,False
bm25,4,bertQPP(QV),13,0.4,0.31971120750254467,0.0014970353444469055,0.2359649122807017,0.0006597266644986306,97,True
bm25,4,spatial,13,0.45,0.39361222466438983,7.263772012762584e-05,0.23903508771929818,0.0005603701088308085,97,False
bm25,4,spatial,13,0.45,0.2583492355965189,0.011039766176323424,0.21622807017543857,0.0018028700906948475,97,True
bm25,4,a_ratio,13,0.45,0.3799373982009074,0.000134506639418192,0.18289473684210522,0.008295385577532875,97,False
bm25,4,a_ratio,13,0.45,0.3693033595241514,0.0002132218116173735,0.26008771929824553,0.00017405803633866392,97,True
bm25,4,nqc,13,0.45,0.032966550838310134,0.749832379697863,0.006140350877192982,0.9293787221862809,97,False
bm25,4,nqc,13,0.45,0.1346878991625538,0.19075463447349744,0.0763157894736842,0.27067859394586813,97,True
bm25,4,bertQPP,13,0.45,0.27193668068523213,0.007357157622210623,0.1951754385964912,0.004846583300035788,97,False
bm25,4,bertQPP,13,0.45,0.31337447778662136,0.0018777621936244286,0.2302631578947368,0.0008889704166142316,97,True
bm25,4,bertQPP(QV),13,0.45,0.2767816893557178,0.006334961158684662,0.19956140350877188,0.003972184685349765,97,False
bm25,4,bertQPP(QV),13,0.45,0.32871131602835574,0.0010759445074312824,0.23377192982456135,0.0007404706075872587,97,True
bm25,4,spatial,13,0.5,0.38528628951908256,0.00010604159915037676,0.23070175438596488,0.000869004617248621,97,False
bm25,4,spatial,13,0.5,0.2600205627619429,0.010513498015750307,0.21754385964912276,0.0016899894279553034,97,True
bm25,4,a_ratio,13,0.5,0.38059165896820835,0.00013067952857459116,0.1894736842105263,0.006242548211379331,97,False
bm25,4,a_ratio,13,0.5,0.37071223842598944,0.00020077806256464016,0.262719298245614,0.0001494693473081943,97,True
bm25,4,nqc,13,0.5,0.03591433269145561,0.728298560339669,0.007456140350877191,0.9142987729055279,97,False
bm25,4,nqc,13,0.5,0.1378568499053806,0.18043172024493973,0.07763157894736841,0.2625039156547271,97,True
bm25,4,bertQPP,13,0.5,0.28294636077747,0.0052172781401014215,0.19692982456140345,0.004477815959740704,97,False
bm25,4,bertQPP,13,0.5,0.3220229050577115,0.001376583846451341,0.23333333333333328,0.0007576829079550207,97,True
bm25,4,bertQPP(QV),13,0.5,0.2874406083127721,0.004516656139519438,0.19999999999999996,0.0038931422663722555,97,False
bm25,4,bertQPP(QV),13,0.5,0.3354923673585676,0.0008333324793157424,0.23640350877192978,0.0006445938679827261,97,True
bm25,4,spatial,13,0.55,0.3755124092744304,0.00016324481425245753,0.21973684210526312,0.001516205986896074,97,False
bm25,4,spatial,13,0.55,0.2619942713158247,0.009920400685819328,0.21754385964912276,0.0016899894279553034,97,True
bm25,4,a_ratio,13,0.55,0.37757610465427105,0.00014919998927240865,0.19824561403508767,0.004218133036173916,97,False
bm25,4,a_ratio,13,0.55,0.3709074029823738,0.0001991082356593408,0.2745614035087719,7.405347811959211e-05,97,True
bm25,4,nqc,13,0.55,0.039513769437884316,0.7022892160149692,0.010087719298245612,0.8842365917819822,97,False
bm25,4,nqc,13,0.55,0.14169077993383183,0.1684958443307608,0.08026315789473683,0.2466700962299916,97,True
bm25,4,bertQPP,13,0.55,0.29226923504277436,0.003858505205706481,0.20087719298245613,0.0037393284863613424,97,False
bm25,4,bertQPP,13,0.55,0.32843187469781676,0.0010871992616734306,0.22982456140350874,0.0009093607305517675,97,True
bm25,4,bertQPP(QV),13,0.55,0.2959813537188587,0.0034122932393761264,0.20350877192982453,0.003310447205982754,97,False
bm25,4,bertQPP(QV),13,0.55,0.33953386412557474,0.0007136361374599879,0.23333333333333328,0.0007576829079550207,97,True
bm25,4,spatial,13,0.6,0.3644333484773792,0.0002619325067903756,0.21140350877192976,0.002278642796588288,97,False
bm25,4,spatial,13,0.6,0.26435721911114274,0.009249074161621828,0.21885964912280698,0.001583643031304207,97,True
bm25,4,a_ratio,13,0.6,0.37093013142690345,0.00019891460797884567,0.2052631578947368,0.0030499490794706602,97,False
bm25,4,a_ratio,13,0.6,0.36951934601153336,0.00021126900140374405,0.27061403508771925,9.387616904936242e-05,97,True
bm25,4,nqc,13,0.6,0.0440046564142902,0.6703161077156778,0.014473684210526314,0.8345220924714823,97,False
bm25,4,nqc,13,0.6,0.14641918301747034,0.15459103169093685,0.08508771929824559,0.2194054884189932,97,True
bm25,4,bertQPP,13,0.6,0.2992177786410129,0.0030615946932222864,0.2039473684210526,0.00324348853932908,97,False
bm25,4,bertQPP,13,0.6,0.3320437162310482,0.0009496627314769995,0.22982456140350874,0.0009093607305517675,97,True
bm25,4,bertQPP(QV),13,0.6,0.30179414989766873,0.0028059207117037753,0.20614035087719296,0.0029268376346768604,97,False
bm25,4,bertQPP(QV),13,0.6,0.340478913916898,0.0006880169483303958,0.23201754385964907,0.0008115744326137436,97,True
bm25,4,spatial,13,0.65,0.3522305072374622,0.00043247755419047944,0.20175438596491224,0.0035910585335480823,97,False
bm25,4,spatial,13,0.65,0.26723061849810525,0.008486720420325333,0.22236842105263155,0.0013294453024995708,97,True
bm25,4,a_ratio,13,0.65,0.36099858577991617,0.000302250319431968,0.19868421052631577,0.004134656435481796,97,False
bm25,4,a_ratio,13,0.65,0.36613887063519523,0.00024381263104417995,0.2697368421052631,9.891546849834339e-05,97,True
bm25,4,nqc,13,0.65,0.0497585137643064,0.6302010756399558,0.017982456140350874,0.7952115822983997,97,False
bm25,4,nqc,13,0.65,0.1523876425886473,0.13828693925489557,0.0907894736842105,0.19005833264780647,97,True
bm25,4,bertQPP,13,0.65,0.3032018147794298,0.0026744848750497895,0.20570175438596489,0.0029878149035424606,97,False
bm25,4,bertQPP,13,0.65,0.3324685167619441,0.0009345748257942697,0.23508771929824557,0.0006909882372402237,97,True
bm25,4,bertQPP(QV),13,0.65,0.30445459262491026,0.0025621953804264336,0.20131578947368417,0.0036645116996196075,97,False
bm25,4,bertQPP(QV),13,0.65,0.3382092345822511,0.0007510142690426289,0.23157894736842102,0.0008303144784156731,97,True
bm25,4,spatial,13,0.7,0.33911130475800777,0.0007253709015480587,0.1934210526315789,0.005242615402641688,97,False
bm25,4,spatial,13,0.7,0.2707861810811859,0.007620296333402195,0.22894736842105257,0.0009514478072229865,97,True
bm25,4,a_ratio,13,0.7,0.3483644417113149,0.000504849668603617,0.1921052631578947,0.00555857730471879,97,False
bm25,4,a_ratio,13,0.7,0.3603472065976092,0.0003105131354148114,0.26622807017543854,0.00012174117339765374,97,True
bm25,4,nqc,13,0.7,0.05738070691907457,0.5786847350076678,0.021052631578947364,0.7612327300879478,97,False
bm25,4,nqc,13,0.7,0.16013820593157566,0.11910279927172701,0.0995614035087719,0.15071347598911033,97,True
bm25,4,bertQPP,13,0.7,0.3038554758196594,0.0026153553344529182,0.2083333333333333,0.002638644175947716,97,False
bm25,4,bertQPP,13,0.7,0.3295713876885157,0.0010419664780357048,0.23114035087719292,0.0008494552777555434,97,True
bm25,4,bertQPP(QV),13,0.7,0.3038190483372618,0.0026186193304829257,0.19298245614035084,0.005346085893178478,97,False
bm25,4,bertQPP(QV),13,0.7,0.3328730151739503,0.0009204114131124163,0.23640350877192978,0.0006445938679827261,97,True
bm25,4,spatial,13,0.75,0.32529544436801583,0.0012210784773553382,0.19298245614035084,0.005346085893178478,97,False
bm25,4,spatial,13,0.75,0.2752676186005445,0.00663998405011509,0.23552631578947364,0.0006751892693239896,97,True
bm25,4,a_ratio,13,0.75,0.3337392272991685,0.0008907371938904268,0.17938596491228065,0.00962101549816644,97,False
bm25,4,a_ratio,13,0.75,0.3517645115652491,0.0004406651003294488,0.26578947368421046,0.00012492077956959696,97,True
bm25,4,nqc,13,0.75,0.06792025783558295,0.5108451079511473,0.03289473684210526,0.6349402336051264,97,False
bm25,4,nqc,13,0.75,0.17056100835503904,0.09662177140324446,0.1026315789473684,0.13851888045539576,97,True
bm25,4,bertQPP,13,0.75,0.3011272674990287,0.002870191283069018,0.19780701754385963,0.004303135489039045,97,False
bm25,4,bertQPP,13,0.75,0.3235082219299663,0.0013039038474231424,0.22982456140350874,0.0009093607305517675,97,True
bm25,4,bertQPP(QV),13,0.75,0.30005541822254456,0.0029762643337478993,0.19385964912280698,0.005140957475072907,97,False
bm25,4,bertQPP(QV),13,0.75,0.32485394595659367,0.0012410817434581685,0.23070175438596488,0.000869004617248621,97,True
bm25,4,spatial,13,0.8,0.31100185279465986,0.002041479122424568,0.17938596491228065,0.00962101549816644,97,False
bm25,4,spatial,13,0.8,0.2810059084974498,0.00554853415852508,0.23684210526315785,0.0006297844386530204,97,True
bm25,4,a_ratio,13,0.8,0.31784950233262266,0.001600898603488623,0.1789473684210526,0.00979934996376251,97,False
bm25,4,a_ratio,13,0.8,0.34011377843469615,0.0006978139454484204,0.26096491228070173,0.00016546754768086806,97,True
bm25,4,nqc,13,0.8,0.0833352193221345,0.41953710892254875,0.041666666666666664,0.5475773816129212,97,False
bm25,4,nqc,13,0.8,0.1851868944370106,0.07086472354470924,0.11491228070175437,0.09720000558825469,97,True
bm25,4,bertQPP,13,0.8,0.29529284549497714,0.003491386178695857,0.19122807017543855,0.005778660719514659,97,False
bm25,4,bertQPP,13,0.8,0.3146938546765956,0.001791946474582887,0.2302631578947368,0.0008889704166142316,97,True
bm25,4,bertQPP(QV),13,0.8,0.2935960591583183,0.0036933570213520555,0.1846491228070175,0.007695938960913375,97,False
bm25,4,bertQPP(QV),13,0.8,0.3146937759190377,0.0017919514895453304,0.23114035087719292,0.0008494552777555434,97,True
bm25,4,spatial,13,0.85,0.29643768696320727,0.0033607597744773894,0.1719298245614035,0.013081497219593435,97,False
bm25,4,spatial,13,0.85,0.2883474801617199,0.004385905393690921,0.24122807017543854,0.0004981362879627977,97,True
bm25,4,a_ratio,13,0.85,0.30134976801814534,0.0028486023769845365,0.1640350877192982,0.017904148159161914,97,False
bm25,4,a_ratio,13,0.85,0.3252887835559922,0.0012213780737271973,0.2539473684210526,0.0002470100935230778,97,True
bm25,4,nqc,13,0.85,0.107592443992339,0.2967586861201151,0.05701754385964911,0.41053037262333025,97,False
bm25,4,nqc,13,0.85,0.20670700303296602,0.043315472000701655,0.1337719298245614,0.053508744548176196,97,True
bm25,4,bertQPP,13,0.85,0.28688450999814646,0.004598541067399284,0.17850877192982453,0.009980624249260547,97,False
bm25,4,bertQPP,13,0.85,0.30371552970110643,0.0026279148758519837,0.22982456140350874,0.0009093607305517675,97,True
bm25,4,bertQPP(QV),13,0.85,0.2850353452461258,0.004880424159811102,0.17631578947368418,0.010932545975931482,97,False
bm25,4,bertQPP(QV),13,0.85,0.302997114146186,0.002693247497948743,0.2271929824561403,0.0010410859719474062,97,True
bm25,4,spatial,13,0.9,0.2817902114422911,0.005412460864989264,0.16184210526315784,0.019494257081408093,97,False
bm25,4,spatial,13,0.9,0.29699471965871216,0.0032988000782049266,0.2526315789473684,0.00026599295941046356,97,True
bm25,4,a_ratio,13,0.9,0.2847739385039635,0.004921488990663313,0.15438596491228068,0.025858902807275798,97,False
bm25,4,a_ratio,13,0.9,0.3074067759264685,0.002314178234375078,0.24342105263157887,0.00044239606192260735,97,True
bm25,4,nqc,13,0.9,0.1490480198145346,0.14724112651359048,0.09473684210526315,0.1715059874753988,97,False
bm25,4,nqc,13,0.9,0.2392024258625608,0.018916239655551656,0.15438596491228068,0.025858902807275798,97,True
bm25,4,bertQPP,13,0.9,0.2765701596435315,0.006376816026369413,0.162719298245614,0.018843982626781136,97,False
bm25,4,bertQPP,13,0.9,0.2912253052991982,0.00399304851422728,0.21359649122807012,0.0020496840923188192,97,True
bm25,4,bertQPP(QV),13,0.9,0.27501401862460356,0.006692324972273817,0.162719298245614,0.018843982626781136,97,False
bm25,4,bertQPP(QV),13,0.9,0.29034733979059296,0.004109429952192815,0.2096491228070175,0.0024784263365173137,97,True
bm25,4,spatial,13,0.95,0.2672217537816378,0.008488984655292525,0.15219298245614032,0.02804388848739258,97,False
bm25,4,spatial,13,0.95,0.3014568211524531,0.0028382672328644194,0.2478070175438596,0.00034794104688647836,97,True
bm25,4,a_ratio,13,0.95,0.2685215770358404,0.008162602167855871,0.15219298245614032,0.02804388848739258,97,False
bm25,4,a_ratio,13,0.95,0.28682494750735543,0.0046073895383359174,0.22192982456140345,0.001359019813248218,97,True
bm25,4,nqc,13,0.95,0.2180895898903205,0.03279308937789771,0.13859649122807016,0.04545413009688231,97,False
bm25,4,nqc,13,0.95,0.2798765265685947,0.005749812807434282,0.19122807017543855,0.005778660719514659,97,True
bm25,4,bertQPP,13,0.95,0.26503011064489324,0.00906534983769262,0.15307017543859647,0.02715150040857788,97,False
bm25,4,bertQPP,13,0.95,0.27784577443713043,0.006128081281246351,0.19999999999999996,0.0038931422663722555,97,True
bm25,4,bertQPP(QV),13,0.95,0.2641265740234811,0.009312796899717073,0.15701754385964908,0.02343259236880532,97,False
bm25,4,bertQPP(QV),13,0.95,0.2772503631703417,0.0062430912977673985,0.19780701754385963,0.004303135489039045,97,True
bm25,4,spatial,13,1.0,0.2528674773902178,0.012930862053376681,0.1482456140350877,0.03237920648866719,97,False
bm25,4,spatial,13,1.0,0.2641087016441417,0.009317750740508236,0.1921052631578947,0.00555857730471879,97,True
bm25,4,a_ratio,13,1.0,0.2528674773902178,0.012930862053376681,0.1482456140350877,0.03237920648866719,97,False
bm25,4,a_ratio,13,1.0,0.2641087016441417,0.009317750740508236,0.1921052631578947,0.00555857730471879,97,True
bm25,4,nqc,13,1.0,0.2528674773902178,0.012930862053376681,0.1482456140350877,0.03237920648866719,97,False
bm25,4,nqc,13,1.0,0.2641087016441417,0.009317750740508236,0.1921052631578947,0.00555857730471879,97,True
bm25,4,bertQPP,13,1.0,0.2528674773902178,0.012930862053376681,0.1482456140350877,0.03237920648866719,97,False
bm25,4,bertQPP,13,1.0,0.2641087016441417,0.009317750740508236,0.1921052631578947,0.00555857730471879,97,True
bm25,4,bertQPP(QV),13,1.0,0.2528674773902178,0.012930862053376681,0.1482456140350877,0.03237920648866719,97,False
bm25,4,bertQPP(QV),13,1.0,0.2641087016441417,0.009317750740508236,0.1921052631578947,0.00555857730471879,97,True
bm25,4,spatial,14,0.0,0.4037614090489069,4.517064367080608e-05,0.24912280701754383,0.00032351427155757553,97,False
bm25,4,spatial,14,0.0,0.2501732937929054,0.013959506461471155,0.20921052631578946,0.002530815422866084,97,True
bm25,4,a_ratio,14,0.0,0.2882861454452175,0.004394640876071033,0.08026315789473683,0.2466700962299916,97,False
bm25,4,a_ratio,14,0.0,0.33789759892324867,0.000760063929375933,0.23201754385964907,0.0008115744326137436,97,True
bm25,4,nqc,14,0.0,0.01970354342631228,0.8488828114964245,-0.008333333333333331,0.9042622467947524,97,False
bm25,4,nqc,14,0.0,0.12010795471193708,0.2437671751705969,0.06052631578947368,0.3823337405619286,97,True
bm25,4,bertQPP,14,0.0,0.1712014758316667,0.09535759302867927,0.168859649122807,0.014800278325359423,97,False
bm25,4,bertQPP,14,0.0,0.2143207230094226,0.03600874538298362,0.1964912280701754,0.004567543784697511,97,True
bm25,4,bertQPP(QV),14,0.0,0.16903733798076603,0.09968227112021084,0.17324561403508767,0.01240061333688213,97,False
bm25,4,bertQPP(QV),14,0.0,0.22666462033708634,0.026368078840486996,0.20043859649122803,0.0038155311548393224,97,True
bm25,4,spatial,14,0.05,0.40714368021635994,3.842438870518592e-05,0.25087719298245614,0.00029343605987257174,97,False
bm25,4,spatial,14,0.05,0.250734625990619,0.01373951355852688,0.2096491228070175,0.0024784263365173137,97,True
bm25,4,a_ratio,14,0.05,0.2997327504885834,0.003008878395393383,0.09210526315789472,0.18371670779212068,97,False
bm25,4,a_ratio,14,0.05,0.34162907572963214,0.0006579731212160661,0.2359649122807017,0.0006597266644986306,97,True
bm25,4,nqc,14,0.05,0.020539299138370756,0.8425537804601083,-0.006578947368421051,0.9243489833566951,97,False
bm25,4,nqc,14,0.05,0.12105057687449075,0.24005956437208353,0.0631578947368421,0.36198607447715714,97,True
bm25,4,bertQPP,14,0.05,0.17992074176798045,0.07941197934090531,0.17324561403508767,0.01240061333688213,97,False
bm25,4,bertQPP,14,0.05,0.22379535735140518,0.028387066486516517,0.2039473684210526,0.00324348853932908,97,True
bm25,4,bertQPP(QV),14,0.05,0.17866227020794045,0.08157202204105421,0.17850877192982453,0.009980624249260547,97,False
bm25,4,bertQPP(QV),14,0.05,0.2372242526399979,0.019955131915525073,0.2096491228070175,0.0024784263365173137,97,True
bm25,4,spatial,14,0.1,0.40975328390286664,3.3875577525850354e-05,0.25614035087719295,0.00021816883242795217,97,False
bm25,4,spatial,14,0.1,0.251352986258681,0.013500663728236937,0.2096491228070175,0.0024784263365173137,97,True
bm25,4,a_ratio,14,0.1,0.31155000082025186,0.0020025511494307477,0.10438596491228068,0.13190012967467796,97,False
bm25,4,a_ratio,14,0.1,0.3454494178432166,0.000566588085110179,0.2421052631578947,0.00047509739036277217,97,True
bm25,4,nqc,14,0.1,0.021468261462678696,0.8355306541780076,-0.005701754385964911,0.9344112837195322,97,False
bm25,4,nqc,14,0.1,0.1220958837296954,0.2359940032862167,0.06535087719298245,0.34555840797111037,97,True
bm25,4,bertQPP,14,0.1,0.1893036824748991,0.06471335745752085,0.17982456140350875,0.009445580206528057,97,False
bm25,4,bertQPP,14,0.1,0.2338698703385123,0.021828869113594357,0.21096491228070172,0.002327155955166847,97,True
bm25,4,bertQPP(QV),14,0.1,0.18900049278072079,0.06515107790308343,0.18377192982456136,0.007990630052244877,97,False
bm25,4,bertQPP(QV),14,0.1,0.24835827767995816,0.014691904210713671,0.21140350877192976,0.002278642796588288,97,True
bm25,4,spatial,14,0.15,0.41143239562576805,3.122028891096588e-05,0.26052631578947366,0.00016971167166230354,97,False
bm25,4,spatial,14,0.15,0.25203746999843235,0.013240489987590027,0.21008771929824557,0.0024270312486862444,97,True
bm25,4,a_ratio,14,0.15,0.32355308420961276,0.0013017638751513755,0.1219298245614035,0.07842990329741044,97,False
bm25,4,a_ratio,14,0.15,0.3493277146564033,0.00048584601970372597,0.2464912280701754,0.0003740846525535562,97,True
bm25,4,nqc,14,0.15,0.022506899150041462,0.8276936374044049,-0.004824561403508771,0.9444840737693221,97,False
bm25,4,nqc,14,0.15,0.12326155508938705,0.23151710667836553,0.06535087719298245,0.34555840797111037,97,True
bm25,4,bertQPP,14,0.15,0.19936573812258074,0.05148848576679121,0.19298245614035084,0.005346085893178478,97,False
bm25,4,bertQPP,14,0.15,0.24451851381396078,0.01635187376919806,0.21096491228070172,0.002327155955166847,97,True
bm25,4,bertQPP(QV),14,0.15,0.2000512778009994,0.050675121708675136,0.181578947368421,0.008772032874754584,97,False
bm25,4,bertQPP(QV),14,0.15,0.2599940827571041,0.010521661764567949,0.21666666666666662,0.0017644953964592808,97,True
bm25,4,spatial,14,0.2,0.4120207267660576,3.033689408714673e-05,0.26535087719298245,0.00012817854853724403,97,False
bm25,4,spatial,14,0.2,0.252799198422373,0.012956092920481554,0.21052631578947364,0.002376613320374723,97,True
bm25,4,a_ratio,14,0.2,0.33547078425436005,0.0008340181720547332,0.1337719298245614,0.053508744548176196,97,False
bm25,4,a_ratio,14,0.2,0.3532192432287558,0.0004155662413245365,0.24824561403508766,0.00033961331260065896,97,True
bm25,4,nqc,14,0.2,0.023675790996898323,0.8188939739712522,-0.003508771929824561,0.9596094143193218,97,False
bm25,4,nqc,14,0.2,0.12456955790585222,0.22656462620375206,0.06842105263157894,0.3233717236427517,97,True
bm25,4,bertQPP,14,0.2,0.21009691049861368,0.039922809966344334,0.19473684210526312,0.00494296865650076,97,False
bm25,4,bertQPP,14,0.2,0.25567745635682904,0.011928924869577908,0.21052631578947364,0.002376613320374723,97,True
bm25,4,bertQPP(QV),14,0.2,0.21177775888631253,0.03832465539638252,0.18684210526315786,0.007001377469104526,97,False
bm25,4,bertQPP(QV),14,0.2,0.27200421639547684,0.007341963351541171,0.22192982456140345,0.001359019813248218,97,True
bm25,4,spatial,14,0.25,0.41136400356573277,3.132452725474286e-05,0.26578947368421046,0.00012492077956959696,97,False
bm25,4,spatial,14,0.25,0.253651909382701,0.012644047906640145,0.21140350877192976,0.002278642796588288,97,True
bm25,4,a_ratio,14,0.25,0.34692991180957233,0.0005344165479302462,0.14035087719298242,0.04279048337179435,97,False
bm25,4,a_ratio,14,0.25,0.35706101635408327,0.00035546307241776567,0.24692982456140347,0.000365172660687329,97,True
bm25,4,nqc,14,0.25,0.02500098848728803,0.8089447442839498,-0.0026315789473684206,0.9697013964662655,97,False
bm25,4,nqc,14,0.25,0.12604752244789236,0.22105865867547325,0.06885964912280701,0.3202797133432874,97,True
bm25,4,bertQPP,14,0.25,0.2214475867114148,0.030135181610067896,0.19780701754385963,0.004303135489039045,97,False
bm25,4,bertQPP,14,0.25,0.2672292541060677,0.008487068880137992,0.21447368421052626,0.001964163707567382,97,True
bm25,4,bertQPP(QV),14,0.25,0.22408944424902788,0.028174275965364263,0.18552631578947365,0.007411025603920558,97,False
bm25,4,bertQPP(QV),14,0.25,0.2841894388660169,0.005014423352971488,0.2184210526315789,0.001618387245157851,97,True
bm25,4,spatial,14,0.3,0.4093242611999983,3.4587089953794846e-05,0.2574561403508771,0.0002024145160928557,97,False
bm25,4,spatial,14,0.3,0.2546127645980249,0.012300290432265194,0.21184210526315786,0.0022310577254778404,97,True
bm25,4,a_ratio,14,0.3,0.3574489214977049,0.0003498618123188806,0.15131578947368418,0.028961443601471626,97,False
bm25,4,a_ratio,14,0.3,0.3607662058416108,0.00030517455397067127,0.25482456140350873,0.00023506899651749467,97,True
bm25,4,nqc,14,0.3,0.026515956643906935,0.7976079725655879,0.00043859649122807013,0.9949490522405066,97,False
bm25,4,nqc,14,0.3,0.12773068138439414,0.2149040079679177,0.07061403508771928,0.30810560167955003,97,True
bm25,4,bertQPP,14,0.3,0.23330986693865013,0.022155920037076362,0.19824561403508767,0.004218133036173916,97,False
bm25,4,bertQPP,14,0.3,0.27898466341554623,0.005913311395850883,0.2184210526315789,0.001618387245157851,97,True
bm25,4,bertQPP(QV),14,0.3,0.23682078253268302,0.020172938290395806,0.19122807017543855,0.005778660719514659,97,False
bm25,4,bertQPP(QV),14,0.3,0.2962623496778962,0.003380477453247236,0.22192982456140345,0.001359019813248218,97,True
bm25,4,spatial,14,0.35,0.4057911334452881,4.100057859894638e-05,0.2464912280701754,0.0003740846525535562,97,False
bm25,4,spatial,14,0.35,0.25570346973711156,0.01191997513768452,0.21491228070175433,0.001922643300449403,97,True
bm25,4,a_ratio,14,0.35,0.3664498816014489,0.00024063581683864317,0.1644736842105263,0.017600127768823963,97,False
bm25,4,a_ratio,14,0.35,0.3642173740024123,0.00026431363648713943,0.256578947368421,0.00021279374076250973,97,True
bm25,4,nqc,14,0.35,0.02826439958346457,0.7845762306767639,0.0013157894736842103,0.984847966341271,97,False
bm25,4,nqc,14,0.35,0.12966465779429165,0.2079834263892095,0.07061403508771928,0.30810560167955003,97,True
bm25,4,bertQPP,14,0.35,0.24549490482713265,0.015915095694891416,0.19736842105263155,0.0043896882161837195,97,False
bm25,4,bertQPP,14,0.35,0.29066401389409985,0.004067107610830425,0.22543859649122802,0.0011384845622564176,97,True
bm25,4,bertQPP(QV),14,0.35,0.2497079676895698,0.014144186305468329,0.1951754385964912,0.004846583300035788,97,False
bm25,4,bertQPP(QV),14,0.35,0.30783640611910346,0.0022799468716266764,0.22938596491228067,0.0009301837506347448,97,True
bm25,4,spatial,14,0.4,0.40069285765144275,5.223216786150719e-05,0.23815789473684207,0.0005872336126765293,97,False
bm25,4,spatial,14,0.4,0.25695185467573045,0.011497304986623092,0.21535087719298243,0.0018819302596192753,97,True
bm25,4,a_ratio,14,0.4,0.37329838785473846,0.000179666638706429,0.1745614035087719,0.011751307036103295,97,False
bm25,4,a_ratio,14,0.4,0.36725864561814314,0.00023255270710998644,0.25964912280701746,0.0001785089263106937,97,True
bm25,4,nqc,14,0.4,0.030304476938447962,0.7694458607322734,0.0021929824561403503,0.9747493089119874,97,False
bm25,4,nqc,14,0.4,0.13190956541173002,0.2001513916108234,0.07236842105263157,0.29624164556189136,97,True
bm25,4,bertQPP,14,0.4,0.25770891287023884,0.011247410413369522,0.19473684210526312,0.00494296865650076,97,False
bm25,4,bertQPP,14,0.4,0.3018828856505655,0.0027974670314916943,0.22850877192982452,0.0009731613713928938,97,True
bm25,4,bertQPP(QV),14,0.4,0.26236933105962595,0.009811073141185702,0.1890350877192982,0.006363638865325849,97,False
bm25,4,bertQPP(QV),14,0.4,0.3184277261968476,0.0015679618420530942,0.23508771929824557,0.0006909882372402237,97,True
bm25,4,spatial,14,0.45,0.394005407406024,7.133353870145633e-05,0.23114035087719292,0.0008494552777555434,97,False
bm25,4,spatial,14,0.45,0.2583941427431329,0.01102533022356435,0.21622807017543857,0.0018028700906948475,97,True
bm25,4,a_ratio,14,0.45,0.3773762326245106,0.00015050961005005984,0.1789473684210526,0.00979934996376251,97,False
bm25,4,a_ratio,14,0.45,0.3696873419549114,0.0002097615300257611,0.25921052631578945,0.00018306667264307222,97,True
bm25,4,nqc,14,0.45,0.03271527506541132,0.7516771469152367,0.004824561403508771,0.9444840737693221,97,False
bm25,4,nqc,14,0.45,0.13454619392644934,0.19122603096196544,0.07587719298245613,0.27344185633141316,97,True
bm25,4,bertQPP,14,0.45,0.26953409653663424,0.00791606928222499,0.19385964912280698,0.005140957475072907,97,False
bm25,4,bertQPP,14,0.45,0.31214996628830516,0.001960712588133977,0.22850877192982452,0.0009731613713928938,97,True
bm25,4,bertQPP(QV),14,0.45,0.2742988347872281,0.006841903842037099,0.19385964912280698,0.005140957475072907,97,False
bm25,4,bertQPP(QV),14,0.45,0.32747849145836155,0.0011264085788481415,0.23508771929824557,0.0006909882372402237,97,True
bm25,4,spatial,14,0.5,0.3857581623045458,0.00010381989924895781,0.2245614035087719,0.0011902812109366697,97,False
bm25,4,spatial,14,0.5,0.26007826976121207,0.010495726230828856,0.21754385964912276,0.0016899894279553034,97,True
bm25,4,a_ratio,14,0.5,0.3781798261038707,0.00014530804095407815,0.18684210526315786,0.007001377469104526,97,False
bm25,4,a_ratio,14,0.5,0.371246267107629,0.0001962393765528254,0.2587719298245614,0.00018773365369726365,97,True
bm25,4,nqc,14,0.5,0.03560706380029453,0.730533692665941,0.007017543859649122,0.9193222670955983,97,False
bm25,4,nqc,14,0.5,0.13768561112484404,0.18097888005283858,0.07763157894736841,0.2625039156547271,97,True
bm25,4,bertQPP,14,0.5,0.2804254114942307,0.005651195275113708,0.1890350877192982,0.006363638865325849,97,False
bm25,4,bertQPP,14,0.5,0.3208873001066148,0.0014346101284836703,0.22807017543859645,0.0009953330568858061,97,True
bm25,4,bertQPP(QV),14,0.5,0.2848855484897467,0.004903918520762465,0.19298245614035084,0.005346085893178478,97,False
bm25,4,bertQPP(QV),14,0.5,0.33440861132650623,0.0008684063464983516,0.23728070175438593,0.0006152920473840185,97,True
bm25,4,spatial,14,0.55,0.3760349123799201,0.00015957754458296178,0.21403508771929822,0.002006505794696667,97,False
bm25,4,spatial,14,0.55,0.2620688274660328,0.009898583394072515,0.21754385964912276,0.0016899894279553034,97,True
bm25,4,a_ratio,14,0.55,0.3754214090049824,0.0001638914348254903,0.19122807017543855,0.005778660719514659,97,False
bm25,4,a_ratio,14,0.55,0.3716188512673818,0.00019312917554883374,0.26578947368421046,0.00012492077956959696,97,True
bm25,4,nqc,14,0.55,0.03913816948117438,0.7049879151840233,0.011403508771929822,0.8692650265497066,97,False
bm25,4,nqc,14,0.55,0.1414845612751261,0.16912262695210867,0.0807017543859649,0.2440975948759634,97,True
bm25,4,bertQPP,14,0.55,0.28973742030859795,0.004192052943231274,0.1960526315789473,0.004658897081724128,97,False
bm25,4,bertQPP,14,0.55,0.32748188657906974,0.0011262666965529357,0.23421052631578942,0.0007236220598486794,97,True
bm25,4,bertQPP(QV),14,0.55,0.29347070195447533,0.003708685027704591,0.19561403508771927,0.004751901569999453,97,False
bm25,4,bertQPP(QV),14,0.55,0.338694337582218,0.0007371229862992308,0.2302631578947368,0.0008889704166142316,97,True
bm25,4,spatial,14,0.6,0.36496973519258,0.0002561041476770865,0.206578947368421,0.002866998129943633,97,False
bm25,4,spatial,14,0.6,0.26445454338163277,0.009222300425346821,0.2201754385964912,0.0014834887833584708,97,True
bm25,4,a_ratio,14,0.6,0.3690993304631974,0.00021508181419264394,0.2039473684210526,0.00324348853932908,97,False
bm25,4,a_ratio,14,0.6,0.3704306640229546,0.0002032100293088987,0.2631578947368421,0.00014570372725545436,97,True
bm25,4,nqc,14,0.6,0.04354396204979114,0.6735703064941889,0.013157894736842103,0.8493765252593968,97,False
bm25,4,nqc,14,0.6,0.14617108250353733,0.15529860298580372,0.08421052631578946,0.2241946713631342,97,True
bm25,4,bertQPP,14,0.6,0.29679302622881243,0.0033211155493328417,0.19868421052631577,0.004134656435481796,97,False
bm25,4,bertQPP,14,0.6,0.33136956097821635,0.0009740633167526321,0.22499999999999995,0.0011641166831212395,97,True
bm25,4,bertQPP(QV),14,0.6,0.29944351526609403,0.003038385463573432,0.19824561403508767,0.004218133036173916,97,False
bm25,4,bertQPP(QV),14,0.6,0.33995942028430304,0.0007019937748970554,0.22631578947368416,0.001088778390813313,97,True
bm25,4,spatial,14,0.65,0.352738198812147,0.00042371661894796957,0.19780701754385963,0.004303135489039045,97,False
bm25,4,spatial,14,0.65,0.2673596898218359,0.008453813028473936,0.22192982456140345,0.001359019813248218,97,True
bm25,4,a_ratio,14,0.65,0.35950876546870425,0.00032145513549692624,0.1894736842105263,0.006242548211379331,97,False
bm25,4,a_ratio,14,0.65,0.3672620747167451,0.00023251897549206896,0.2649122807017543,0.00013151626797994824,97,True
bm25,4,nqc,14,0.65,0.049189254298512834,0.6341248183813534,0.018421052631578942,0.7903319415119258,97,False
bm25,4,nqc,14,0.65,0.1520889177604006,0.13907065964890325,0.09210526315789472,0.18371670779212068,97,True
bm25,4,bertQPP,14,0.65,0.30099259136045875,0.0028833300006606147,0.19254385964912277,0.005451397044324322,97,False
bm25,4,bertQPP,14,0.65,0.33213700322706863,0.000946330504941529,0.2271929824561403,0.0010410859719474062,97,True
bm25,4,bertQPP(QV),14,0.65,0.3023573872460589,0.002752649369076425,0.19824561403508767,0.004218133036173916,97,False
bm25,4,bertQPP(QV),14,0.65,0.33805227211628597,0.0007555599606792054,0.22982456140350874,0.0009093607305517675,97,True
bm25,4,spatial,14,0.7,0.3395451744330059,0.0007133244407139123,0.19298245614035084,0.005346085893178478,97,False
bm25,4,spatial,14,0.7,0.27096123497634816,0.007579730708202841,0.22763157894736838,0.0010179716220744474,97,True
bm25,4,a_ratio,14,0.7,0.3471866186549001,0.0005290116800681974,0.1864035087719298,0.00713560971179531,97,False
bm25,4,a_ratio,14,0.7,0.3616772269554961,0.00029385754019653926,0.26096491228070173,0.00016546754768086806,97,True
bm25,4,nqc,14,0.7,0.05666888192586932,0.5834124601969726,0.022807017543859644,0.7420164201662911,97,False
bm25,4,nqc,14,0.7,0.15977804148568542,0.11994621069432312,0.09868421052631578,0.1543437435330081,97,True
bm25,4,bertQPP,14,0.7,0.3019389541020142,0.0027921373060560686,0.19736842105263155,0.0043896882161837195,97,False
bm25,4,bertQPP,14,0.7,0.3296119773978401,0.0010403873462322623,0.22894736842105257,0.0009514478072229865,97,True
bm25,4,bertQPP(QV),14,0.7,0.30202874041332944,0.002783621448377178,0.18771929824561398,0.0067396961345085665,97,False
bm25,4,bertQPP(QV),14,0.7,0.33308095239938723,0.0009132069489235333,0.23070175438596488,0.000869004617248621,97,True
bm25,4,spatial,14,0.75,0.3256110517616801,0.0012069591010479747,0.17938596491228065,0.00962101549816644,97,False
bm25,4,spatial,14,0.75,0.2755124412511717,0.006589798566582168,0.23245614035087714,0.0007932274849806823,97,True
bm25,4,a_ratio,14,0.75,0.3328113605529942,0.0009225575171927606,0.17236842105263153,0.012850949167755494,97,False
bm25,4,a_ratio,14,0.75,0.35327265572958333,0.0004146702103281007,0.2618421052631578,0.00015727711080768157,97,True
bm25,4,nqc,14,0.75,0.06701481879956322,0.5165083434112726,0.03026315789473684,0.6622548109405392,97,False
bm25,4,nqc,14,0.75,0.1701272943759828,0.09748531660470212,0.10219298245614034,0.14021289342862758,97,True
bm25,4,bertQPP,14,0.75,0.2995339375937668,0.0030291330199666757,0.19166666666666665,0.0056676554767862795,97,False
bm25,4,bertQPP,14,0.75,0.323907493586686,0.001284970005614799,0.2232456140350877,0.0012720699376961898,97,True
bm25,4,bertQPP(QV),14,0.75,0.29857824202199656,0.0031282151790056134,0.18596491228070172,0.007272147742628502,97,False
bm25,4,bertQPP(QV),14,0.75,0.32539157716804734,0.00121676195496058,0.22982456140350874,0.0009093607305517675,97,True
bm25,4,spatial,14,0.8,0.3111582221428586,0.0020303051447783985,0.16096491228070173,0.02016405049281034,97,False
bm25,4,spatial,14,0.8,0.28136274512232756,0.00548625236958811,0.23421052631578942,0.0007236220598486794,97,True
bm25,4,a_ratio,14,0.8,0.31709309933693636,0.001644930517298199,0.16929824561403506,0.014543148107282302,97,False
bm25,4,a_ratio,14,0.8,0.3417434617132541,0.0006550517890514689,0.25087719298245614,0.00029343605987257174,97,True
bm25,4,nqc,14,0.8,0.08215748348066042,0.42616141082863424,0.03947368421052631,0.5688527083267978,97,False
bm25,4,nqc,14,0.8,0.18467160667104496,0.07166683607669658,0.11491228070175437,0.09720000558825469,97,True
bm25,4,bertQPP,14,0.8,0.29400404188718665,0.0036438626357171103,0.18377192982456136,0.007990630052244877,97,False
bm25,4,bertQPP,14,0.8,0.3154004688287258,0.001747459647223856,0.22675438596491226,0.0010646851601117014,97,True
bm25,4,bertQPP(QV),14,0.8,0.2923964047431855,0.0038423953912275705,0.17368421052631575,0.012180731335371816,97,False
bm25,4,bertQPP(QV),14,0.8,0.3154985765555835,0.0017413626366470103,0.22850877192982452,0.0009731613713928938,97,True
bm25,4,spatial,14,0.85,0.2963993676508269,0.0033650601797862983,0.15438596491228068,0.025858902807275798,97,False
bm25,4,spatial,14,0.85,0.2888962580288248,0.004308433204367557,0.24342105263157887,0.00044239606192260735,97,True
bm25,4,a_ratio,14,0.85,0.30068469362008826,0.002913570975757888,0.15921052631578944,0.02156410311246367,97,False
bm25,4,a_ratio,14,0.85,0.3269560536241277,0.0011484360200589838,0.2478070175438596,0.00034794104688647836,97,True
bm25,4,nqc,14,0.85,0.10602568042129476,0.3038894369639332,0.053508771929824554,0.4399267495231346,97,False
bm25,4,nqc,14,0.85,0.20613204138934466,0.04391401980047562,0.1337719298245614,0.053508744548176196,97,True
bm25,4,bertQPP,14,0.85,0.2858430507751002,0.004755460490577208,0.16929824561403506,0.014543148107282302,97,False
bm25,4,bertQPP,14,0.85,0.30465317113443824,0.0025447911344178937,0.2232456140350877,0.0012720699376961898,97,True
bm25,4,bertQPP(QV),14,0.85,0.2840501231467397,0.005036803382662623,0.16052631578947366,0.0205064150417212,97,False
bm25,4,bertQPP(QV),14,0.85,0.3039928679989745,0.0026030775455988145,0.21754385964912276,0.0016899894279553034,97,True
bm25,4,spatial,14,0.9,0.28152852500192577,0.005457529174071616,0.14473684210526314,0.03670286698982216,97,False
bm25,4,spatial,14,0.9,0.2978904417044957,0.0032013118328719915,0.24429824561403507,0.00042177571212416556,97,True
bm25,4,a_ratio,14,0.9,0.28412853490364226,0.005024196213502101,0.14736842105263154,0.03341702989433397,97,False
bm25,4,a_ratio,14,0.9,0.30900732718676444,0.002188956784841703,0.23728070175438593,0.0006152920473840185,97,True
bm25,4,nqc,14,0.9,0.14699457203612143,0.15295932698042453,0.08815789473684209,0.20322259307674062,97,False
bm25,4,nqc,14,0.9,0.23873857739020657,0.01915557113750143,0.15131578947368418,0.028961443601471626,97,True
bm25,4,bertQPP,14,0.9,0.27569825316825436,0.006551933823598851,0.1495614035087719,0.030874296396196908,97,False
bm25,4,bertQPP,14,0.9,0.29230827434482165,0.003853553310196926,0.2021929824561403,0.003518947024518709,97,True
bm25,4,bertQPP(QV),14,0.9,0.27416937240074746,0.006869294263189838,0.14868421052631575,0.03187073297896108,97,False
bm25,4,bertQPP(QV),14,0.9,0.2914567255034064,0.0039628663671100635,0.20131578947368417,0.0036645116996196075,97,True
bm25,4,spatial,14,0.95,0.26671527339368895,0.008619236263916573,0.13684210526315788,0.04825617082139475,97,False
bm25,4,spatial,14,0.95,0.3029132488297277,0.002700968608471695,0.24254385964912276,0.00046395436170867623,97,True
bm25,4,a_ratio,14,0.95,0.2678377491067714,0.008332905329937393,0.1421052631578947,0.040260018266768394,97,False
bm25,4,a_ratio,14,0.95,0.2882471146005182,0.004400207846182432,0.20789473684210524,0.002694118757519195,97,True
bm25,4,nqc,14,0.95,0.21611404664085032,0.03444710668568208,0.1359649122807017,0.04971074224007309,97,False
bm25,4,nqc,14,0.95,0.2802426959827402,0.005683855583244281,0.18289473684210522,0.008295385577532875,97,True
bm25,4,bertQPP,14,0.95,0.2642470026708227,0.00927947689527464,0.14122807017543856,0.041508925271761435,97,False
bm25,4,bertQPP,14,0.95,0.2789922705652862,0.005911899581561443,0.19035087719298244,0.0060065708523342936,97,True
bm25,4,bertQPP(QV),14,0.95,0.2633514724517191,0.00952977503927037,0.14078947368421052,0.042145582897418356,97,False
bm25,4,bertQPP(QV),14,0.95,0.27840385994440436,0.006021989721508921,0.18552631578947365,0.007411025603920558,97,True
bm25,4,spatial,14,1.0,0.25210187915224636,0.013216233941288874,0.1320175438596491,0.05671894881927785,97,False
bm25,4,spatial,14,1.0,0.2652492581037842,0.009006210494088066,0.17368421052631575,0.012180731335371816,97,True
bm25,4,a_ratio,14,1.0,0.25210187915224636,0.013216233941288874,0.1320175438596491,0.05671894881927785,97,False
bm25,4,a_ratio,14,1.0,0.2652492581037842,0.009006210494088066,0.17368421052631575,0.012180731335371816,97,True
bm25,4,nqc,14,1.0,0.25210187915224636,0.013216233941288874,0.1320175438596491,0.05671894881927785,97,False
bm25,4,nqc,14,1.0,0.2652492581037842,0.009006210494088066,0.17368421052631575,0.012180731335371816,97,True
bm25,4,bertQPP,14,1.0,0.25210187915224636,0.013216233941288874,0.1320175438596491,0.05671894881927785,97,False
bm25,4,bertQPP,14,1.0,0.2652492581037842,0.009006210494088066,0.17368421052631575,0.012180731335371816,97,True
bm25,4,bertQPP(QV),14,1.0,0.25210187915224636,0.013216233941288874,0.1320175438596491,0.05671894881927785,97,False
bm25,4,bertQPP(QV),14,1.0,0.2652492581037842,0.009006210494088066,0.17368421052631575,0.012180731335371816,97,True
bm25,4,spatial,15,0.0,0.4037614090489069,4.517064367080608e-05,0.24912280701754383,0.00032351427155757553,97,False
bm25,4,spatial,15,0.0,0.2501732937929054,0.013959506461471155,0.20921052631578946,0.002530815422866084,97,True
bm25,4,a_ratio,15,0.0,0.2882861454452175,0.004394640876071033,0.08026315789473683,0.2466700962299916,97,False
bm25,4,a_ratio,15,0.0,0.33789759892324867,0.000760063929375933,0.23201754385964907,0.0008115744326137436,97,True
bm25,4,nqc,15,0.0,0.01970354342631228,0.8488828114964245,-0.008333333333333331,0.9042622467947524,97,False
bm25,4,nqc,15,0.0,0.12010795471193708,0.2437671751705969,0.06052631578947368,0.3823337405619286,97,True
bm25,4,bertQPP,15,0.0,0.1712014758316667,0.09535759302867927,0.168859649122807,0.014800278325359423,97,False
bm25,4,bertQPP,15,0.0,0.2143207230094226,0.03600874538298362,0.1964912280701754,0.004567543784697511,97,True
bm25,4,bertQPP(QV),15,0.0,0.16903733798076603,0.09968227112021084,0.17324561403508767,0.01240061333688213,97,False
bm25,4,bertQPP(QV),15,0.0,0.22666462033708634,0.026368078840486996,0.20043859649122803,0.0038155311548393224,97,True
bm25,4,spatial,15,0.05,0.40661450172302455,3.941376388409646e-05,0.25131578947368416,0.0002863369173575716,97,False
bm25,4,spatial,15,0.05,0.2507144304605137,0.013747375877152943,0.21008771929824557,0.0024270312486862444,97,True
bm25,4,a_ratio,15,0.05,0.29932904594369614,0.003050134881048031,0.09210526315789472,0.18371670779212068,97,False
bm25,4,a_ratio,15,0.05,0.34149734180155256,0.0006613522716169186,0.2359649122807017,0.0006597266644986306,97,True
bm25,4,nqc,15,0.05,0.020508748827831783,0.842784959030345,-0.006578947368421051,0.9243489833566951,97,False
bm25,4,nqc,15,0.05,0.121030981776618,0.2401362374198925,0.0631578947368421,0.36198607447715714,97,True
bm25,4,bertQPP,15,0.05,0.17964296778253036,0.07988477199648863,0.17280701754385963,0.012624003653747995,97,False
bm25,4,bertQPP,15,0.05,0.223583941223287,0.028540879786487686,0.20175438596491224,0.0035910585335480823,97,True
bm25,4,bertQPP(QV),15,0.05,0.17834674473787687,0.08212087958420963,0.1776315789473684,0.010352157028285932,97,False
bm25,4,bertQPP(QV),15,0.05,0.23698346235501805,0.020084874056519056,0.2083333333333333,0.002638644175947716,97,True
bm25,4,spatial,15,0.1,0.4086714233006751,3.56966250160463e-05,0.25438596491228066,0.00024097016048905146,97,False
bm25,4,spatial,15,0.1,0.25131047822822783,0.013516966694454772,0.2096491228070175,0.0024784263365173137,97,True
bm25,4,a_ratio,15,0.1,0.310708257774361,0.0020626091679497487,0.10526315789473682,0.12868398973139064,97,False
bm25,4,a_ratio,15,0.1,0.34517725968382484,0.0005726917569254649,0.24166666666666664,0.0004864896630231411,97,True
bm25,4,nqc,15,0.1,0.021403873240055583,0.8360170317161297,-0.005701754385964911,0.9344112837195322,97,False
bm25,4,nqc,15,0.1,0.12205465673500296,0.2361534359240831,0.06535087719298245,0.34555840797111037,97,True
bm25,4,bertQPP,15,0.1,0.1887262284777077,0.06554910515456325,0.17807017543859646,0.010164879433085774,97,False
bm25,4,bertQPP,15,0.1,0.23343507523197857,0.022082434716749824,0.20877192982456136,0.0025842155919655403,97,True
bm25,4,bertQPP(QV),15,0.1,0.18834385846447946,0.06610731098811691,0.18333333333333332,0.008141731588545092,97,False
bm25,4,bertQPP(QV),15,0.1,0.24786397482253741,0.014897049815461545,0.2096491228070175,0.0024784263365173137,97,True
bm25,4,spatial,15,0.15,0.40977751310446475,3.3835805503265255e-05,0.26008771929824553,0.00017405803633866392,97,False
bm25,4,spatial,15,0.15,0.25197018192356657,0.013265871565103417,0.21008771929824557,0.0024270312486862444,97,True
bm25,4,a_ratio,15,0.15,0.3222374954077962,0.0013658611629521111,0.11710526315789471,0.09098308908453943,97,False
bm25,4,a_ratio,15,0.15,0.3489057073245364,0.0004940891931196431,0.2460526315789473,0.00038319963731609435,97,True
bm25,4,nqc,15,0.15,0.022404827263145674,0.8284630841448047,-0.005263157894736841,0.9394464677531641,97,False
bm25,4,nqc,15,0.15,0.12319632705518756,0.23176604390252964,0.06535087719298245,0.34555840797111037,97,True
bm25,4,bertQPP,15,0.15,0.19846510753674218,0.052573355715126224,0.18859649122807015,0.006486839186137605,97,False
bm25,4,bertQPP,15,0.15,0.243848936790511,0.016657357437437632,0.21140350877192976,0.002278642796588288,97,True
bm25,4,bertQPP(QV),15,0.15,0.19902631998101786,0.051895152788033465,0.17982456140350875,0.009445580206528057,97,False
bm25,4,bertQPP(QV),15,0.15,0.25923471450617874,0.010758146864290451,0.21622807017543857,0.0018028700906948475,97,True
bm25,4,spatial,15,0.2,0.4097766940287274,3.3837149296041555e-05,0.2631578947368421,0.00014570372725545436,97,False
bm25,4,spatial,15,0.2,0.2527042304306496,0.012991257321890824,0.21052631578947364,0.002376613320374723,97,True
bm25,4,a_ratio,15,0.2,0.33364478277191556,0.0008939297038251005,0.12675438596491226,0.06732401746109497,97,False
bm25,4,a_ratio,15,0.2,0.35263713272810837,0.00042544754936098506,0.24692982456140347,0.000365172660687329,97,True
bm25,4,nqc,15,0.2,0.023531498382803558,0.8199790490956995,-0.003947368421052631,0.954565748248739,97,False
bm25,4,nqc,15,0.2,0.12447755162074288,0.22691053811321896,0.06798245614035085,0.32648312465382767,97,True
bm25,4,bertQPP,15,0.2,0.20884799431057455,0.04114598409274755,0.18728070175438594,0.006869417363886626,97,False
bm25,4,bertQPP,15,0.2,0.2547626575190329,0.012247405625772523,0.20921052631578946,0.002530815422866084,97,True
bm25,4,bertQPP(QV),15,0.2,0.2103557737858852,0.03967311768840089,0.18333333333333332,0.008141731588545092,97,False
bm25,4,bertQPP(QV),15,0.2,0.2709699272353099,0.007577721405128102,0.2214912280701754,0.0013892001512035108,97,True
bm25,4,spatial,15,0.25,0.40851991910668206,3.59588254685156e-05,0.26096491228070173,0.00016546754768086806,97,False
bm25,4,spatial,15,0.25,0.2535258222698454,0.012689772372551783,0.21140350877192976,0.002278642796588288,97,True
bm25,4,a_ratio,15,0.25,0.34455718540953056,0.0005868237269880317,0.1333333333333333,0.05429672191249564,97,False
bm25,4,a_ratio,15,0.25,0.35630759322221867,0.0003665787681068484,0.2460526315789473,0.00038319963731609435,97,True
bm25,4,nqc,15,0.25,0.02480907167346568,0.8103837642204896,-0.0021929824561403503,0.9747493089119874,97,False
bm25,4,nqc,15,0.25,0.12592545431426727,0.2215097996443133,0.06885964912280701,0.3202797133432874,97,True
bm25,4,bertQPP,15,0.25,0.21982360343507432,0.03139692382188456,0.19078947368421048,0.005891622551225342,97,False
bm25,4,bertQPP,15,0.25,0.26606011327122653,0.008790329274610003,0.212719298245614,0.0021386085398990835,97,True
bm25,4,bertQPP(QV),15,0.25,0.22224041318642485,0.0295349443276043,0.1820175438596491,0.008610498746466352,97,False
bm25,4,bertQPP(QV),15,0.25,0.28287247226071144,0.005229562331073381,0.21622807017543857,0.0018028700906948475,97,True
bm25,4,spatial,15,0.3,0.40587533313335866,4.083561080424806e-05,0.25614035087719295,0.00021816883242795217,97,False
bm25,4,spatial,15,0.3,0.2544514376267186,0.012357431658855916,0.21140350877192976,0.002278642796588288,97,True
bm25,4,a_ratio,15,0.3,0.354494788599949,0.00039464692007819935,0.1390350877192982,0.04477544914730465,97,False
bm25,4,a_ratio,15,0.3,0.35982913026784946,0.00031723299839595616,0.2535087719298245,0.0002531918111138595,97,True
bm25,4,nqc,15,0.3,0.02626991193786174,0.7994463807907686,0.00043859649122807013,0.9949490522405066,97,False
bm25,4,nqc,15,0.3,0.1275746320420841,0.21546945415992652,0.07061403508771928,0.30810560167955003,97,True
bm25,4,bertQPP,15,0.3,0.23128220377241615,0.0233754180129121,0.19122807017543855,0.005778660719514659,97,False
bm25,4,bertQPP,15,0.3,0.27755354704155816,0.006184291390112007,0.21754385964912276,0.0016899894279553034,97,True
bm25,4,bertQPP(QV),15,0.3,0.2345135397062073,0.02145807006970112,0.18508771929824558,0.007552277732226657,97,False
bm25,4,bertQPP(QV),15,0.3,0.29465712459452575,0.003565868414977036,0.21929824561403505,0.0015495867057188555,97,True
bm25,4,spatial,15,0.35,0.4017393227101771,4.971582410476062e-05,0.24517543859649119,0.0004020556656752658,97,False
bm25,4,spatial,15,0.35,0.25550190840691417,0.011989474381083685,0.21447368421052626,0.001964163707567382,97,True
bm25,4,a_ratio,15,0.35,0.36288310911162475,0.00027947215901242265,0.15219298245614032,0.02804388848739258,97,False
bm25,4,a_ratio,15,0.35,0.36308292975942613,0.0002771521097381477,0.2535087719298245,0.0002531918111138595,97,True
bm25,4,nqc,15,0.35,0.02795630548275352,0.7868683639812207,0.0013157894736842103,0.984847966341271,97,False
bm25,4,nqc,15,0.35,0.12946989935468442,0.20867306511484274,0.07061403508771928,0.30810560167955003,97,True
bm25,4,bertQPP,15,0.35,0.2430327871292545,0.017036369497964877,0.19035087719298244,0.0060065708523342936,97,False
bm25,4,bertQPP,15,0.35,0.2889645450667862,0.004298878881605185,0.2271929824561403,0.0010410859719474062,97,True
bm25,4,bertQPP(QV),15,0.35,0.24691032719405193,0.015299857652658561,0.19078947368421048,0.005891622551225342,97,False
bm25,4,bertQPP(QV),15,0.35,0.30593903547123513,0.002434644081039298,0.22543859649122802,0.0011384845622564176,97,True
bm25,4,spatial,15,0.4,0.3960471858464357,6.49043641946553e-05,0.2346491228070175,0.0007071302383650919,97,False
bm25,4,spatial,15,0.4,0.25670392581430684,0.011580190076576317,0.21578947368421048,0.001842010485605119,97,True
bm25,4,a_ratio,15,0.4,0.3690935467953683,0.00021513475800625527,0.16929824561403506,0.014543148107282302,97,False
bm25,4,a_ratio,15,0.4,0.3659113945980125,0.00024616063891363737,0.25438596491228066,0.00024097016048905146,97,True
bm25,4,nqc,15,0.4,0.02992455442238493,0.7722572322796404,0.0026315789473684206,0.9697013964662655,97,False
bm25,4,nqc,15,0.4,0.13167032701590298,0.20097581339539636,0.07236842105263157,0.29624164556189136,97,True
bm25,4,bertQPP,15,0.4,0.25477886741788264,0.012241698388000545,0.19166666666666665,0.0056676554767862795,97,False
bm25,4,bertQPP,15,0.4,0.29990909103246216,0.0029910150155498206,0.22499999999999995,0.0011641166831212395,97,True
bm25,4,bertQPP(QV),15,0.4,0.2590482068329084,0.010816936061606237,0.18289473684210522,0.008295385577532875,97,False
bm25,4,bertQPP(QV),15,0.4,0.31623481667566566,0.0016962188148750114,0.22675438596491226,0.0010646851601117014,97,True
bm25,4,spatial,15,0.45,0.3887818658675476,9.05782915733617e-05,0.22631578947368416,0.001088778390813313,97,False
bm25,4,spatial,15,0.45,0.2580922013711661,0.011122711327237321,0.21535087719298243,0.0018819302596192753,97,True
bm25,4,a_ratio,15,0.45,0.37251664309012966,0.0001858209910195964,0.17105263157894732,0.013553592603324118,97,False
bm25,4,a_ratio,15,0.45,0.3681096506877324,0.00022431864857161245,0.26052631578947366,0.00016971167166230354,97,True
bm25,4,nqc,15,0.45,0.03225126562322463,0.755087385559102,0.004385964912280701,0.9495239009595372,97,False
bm25,4,nqc,15,0.45,0.1342553379898227,0.19219623309916076,0.07587719298245613,0.27344185633141316,97,True
bm25,4,bertQPP,15,0.45,0.2660993299982688,0.00878000457103421,0.1894736842105263,0.006242548211379331,97,False
bm25,4,bertQPP,15,0.45,0.3098946831915418,0.0021221974857816668,0.22543859649122802,0.0011384845622564176,97,True
bm25,4,bertQPP(QV),15,0.45,0.2704205719489864,0.007705637807841881,0.19078947368421048,0.005891622551225342,97,False
bm25,4,bertQPP(QV),15,0.45,0.3249853230368526,0.0012350984613036763,0.22982456140350874,0.0009093607305517675,97,True
bm25,4,spatial,15,0.5,0.3799792085706721,0.000134258994975273,0.21973684210526312,0.001516205986896074,97,False
bm25,4,spatial,15,0.5,0.2597126201789132,0.010608779775640035,0.21754385964912276,0.0016899894279553034,97,True
bm25,4,a_ratio,15,0.5,0.3726609450856597,0.00018467049007864968,0.1789473684210526,0.00979934996376251,97,False
bm25,4,a_ratio,15,0.5,0.3694176901845362,0.00021218604000712351,0.2583333333333333,0.00019251229597668152,97,True
bm25,4,nqc,15,0.5,0.03504332815336174,0.734640261073986,0.004824561403508771,0.9444840737693221,97,False
bm25,4,nqc,15,0.5,0.13733417768515724,0.18210561098830008,0.07587719298245613,0.27344185633141316,97,True
bm25,4,bertQPP,15,0.5,0.27644556554524163,0.0064015835667661615,0.18815789473684208,0.006612180905745843,97,False
bm25,4,bertQPP,15,0.5,0.3183400549668062,0.0015729159555891027,0.22499999999999995,0.0011641166831212395,97,True
bm25,4,bertQPP(QV),15,0.5,0.28041699010678567,0.0056526969245123525,0.18771929824561398,0.0067396961345085665,97,False
bm25,4,bertQPP(QV),15,0.5,0.3316072446682914,0.000965396077669963,0.23421052631578942,0.0007236220598486794,97,True
bm25,4,spatial,15,0.55,0.36972859679455033,0.00020939286269584426,0.20877192982456136,0.0025842155919655403,97,False
bm25,4,spatial,15,0.55,0.26162692198958587,0.010028514331827644,0.21622807017543857,0.0018028700906948475,97,True
bm25,4,a_ratio,15,0.55,0.36925412174186856,0.00021366931562906446,0.1776315789473684,0.010352157028285932,97,False
bm25,4,a_ratio,15,0.55,0.3695153991348289,0.00021130453779765206,0.2614035087719298,0.0001613234254369054,97,True
bm25,4,nqc,15,0.55,0.03845434552085835,0.7099105856474327,0.010087719298245612,0.8842365917819822,97,False
bm25,4,nqc,15,0.55,0.141061113607995,0.17041504887523465,0.08157894736842104,0.23900925247653326,97,True
bm25,4,bertQPP,15,0.55,0.28516965070809863,0.004859444712072698,0.19122807017543855,0.005778660719514659,97,False
bm25,4,bertQPP,15,0.55,0.3246269986928034,0.001251479628457948,0.22763157894736838,0.0010179716220744474,97,True
bm25,4,bertQPP(QV),15,0.55,0.2883817835328155,0.004381026555285953,0.19035087719298244,0.0060065708523342936,97,False
bm25,4,bertQPP(QV),15,0.55,0.33557264966362077,0.000830786433434859,0.22061403508771926,0.001451423191322646,97,True
bm25,4,spatial,15,0.6,0.3581685505040112,0.0003396851037671959,0.20087719298245613,0.0037393284863613424,97,False
bm25,4,spatial,15,0.6,0.2639197497919212,0.009370265822924446,0.2184210526315789,0.001618387245157851,97,True
bm25,4,a_ratio,15,0.6,0.36231217629362616,0.0002862000911247486,0.19254385964912277,0.005451397044324322,97,False
bm25,4,a_ratio,15,0.6,0.36802407401634196,0.00022513431651044396,0.2618421052631578,0.00015727711080768157,97,True
bm25,4,nqc,15,0.6,0.04271290416738818,0.6794558315666808,0.011842105263157893,0.8642846291310888,97,False
bm25,4,nqc,15,0.6,0.1456607474817579,0.15676165669451908,0.08464912280701753,0.2217908195589735,97,True
bm25,4,bertQPP,15,0.6,0.29159567588356305,0.003944842347511045,0.1934210526315789,0.005242615402641688,97,False
bm25,4,bertQPP,15,0.6,0.32818573276227,0.001097201477680664,0.22236842105263155,0.0013294453024995708,97,True
bm25,4,bertQPP(QV),15,0.6,0.29371202768058446,0.0036792274981050704,0.1964912280701754,0.004567543784697511,97,False
bm25,4,bertQPP(QV),15,0.6,0.3365021258608959,0.0008018218638670935,0.21447368421052626,0.001964163707567382,97,True
bm25,4,spatial,15,0.65,0.34547777697603144,0.0005659555177627551,0.1921052631578947,0.00555857730471879,97,False
bm25,4,spatial,15,0.65,0.2667093170935565,0.008620778445261486,0.22061403508771926,0.001451423191322646,97,True
bm25,4,a_ratio,15,0.65,0.3521480311021344,0.00043391640602722444,0.18508771929824558,0.007552277732226657,97,False
bm25,4,a_ratio,15,0.65,0.3645193590678345,0.00026098975672861146,0.26052631578947366,0.00016971167166230354,97,True
bm25,4,nqc,15,0.65,0.04817375911456691,0.6411494689926783,0.01622807017543859,0.8148085523102466,97,False
bm25,4,nqc,15,0.65,0.1514719499423734,0.140699953507263,0.09122807017543857,0.18792678491316706,97,True
bm25,4,bertQPP,15,0.65,0.2951322790916888,0.0035100657679802295,0.18289473684210522,0.008295385577532875,97,False
bm25,4,bertQPP,15,0.65,0.3285996183451618,0.0010804304509128434,0.21973684210526312,0.001516205986896074,97,True
bm25,4,bertQPP(QV),15,0.65,0.29597560145622875,0.003412947331681154,0.1934210526315789,0.005242615402641688,97,False
bm25,4,bertQPP(QV),15,0.65,0.3342443156044873,0.0008738394973239875,0.2171052631578947,0.0017268729312904809,97,True
bm25,4,spatial,15,0.7,0.3318629612046566,0.0009561497803895525,0.18991228070175434,0.006123535868103072,97,False
bm25,4,spatial,15,0.7,0.2701632120778208,0.007766215766159954,0.22499999999999995,0.0011641166831212395,97,True
bm25,4,a_ratio,15,0.7,0.33931374621208427,0.0007197271321196239,0.17631578947368418,0.010932545975931482,97,False
bm25,4,a_ratio,15,0.7,0.358560973449115,0.0003342511091356925,0.25175438596491223,0.0002793989335345861,97,True
bm25,4,nqc,15,0.7,0.055416288435831844,0.5917745263567955,0.022368421052631576,0.7468059721962819,97,False
bm25,4,nqc,15,0.7,0.15902763947451043,0.12171823246015973,0.09649122807017542,0.1637097319480596,97,True
bm25,4,bertQPP,15,0.7,0.2954002430418075,0.0034789417457309797,0.1890350877192982,0.006363638865325849,97,False
bm25,4,bertQPP,15,0.7,0.32569833132537584,0.001203080739094994,0.22192982456140345,0.001359019813248218,97,True
bm25,4,bertQPP(QV),15,0.7,0.29501005683845805,0.0035243444875200937,0.181578947368421,0.008772032874754584,97,False
bm25,4,bertQPP(QV),15,0.7,0.32891243016860106,0.0010679101799423141,0.22105263157894733,0.0014199974923815438,97,True
bm25,4,spatial,15,0.75,0.3175450727094644,0.0016184901464230289,0.17368421052631575,0.012180731335371816,97,False
bm25,4,spatial,15,0.75,0.2745193798225224,0.006795465305555895,0.23157894736842102,0.0008303144784156731,97,True
bm25,4,a_ratio,15,0.75,0.32449806752038945,0.001257421967643299,0.16315789473684209,0.018526018575172384,97,False
bm25,4,a_ratio,15,0.75,0.34974271864958467,0.00047786288420198107,0.2495614035087719,0.00031573529791605395,97,True
bm25,4,nqc,15,0.75,0.06544776159324392,0.5263848963300307,0.030701754385964904,0.6576697859013478,97,False
bm25,4,nqc,15,0.75,0.16920625931299926,0.09933926551270583,0.10219298245614034,0.14021289342862758,97,True
bm25,4,bertQPP,15,0.75,0.292328494247904,0.003850990773410599,0.18333333333333332,0.008141731588545092,97,False
bm25,4,bertQPP,15,0.75,0.319603538374848,0.0015028715212292113,0.21798245614035083,0.0016538318211645647,97,True
bm25,4,bertQPP(QV),15,0.75,0.29096101732357416,0.00402776834939601,0.18114035087719296,0.008936269357215086,97,False
bm25,4,bertQPP(QV),15,0.75,0.32086236525591527,0.0014359087551471883,0.2201754385964912,0.0014834887833584708,97,True
bm25,4,spatial,15,0.8,0.3027460213451333,0.0027164239353308995,0.162719298245614,0.018843982626781136,97,False
bm25,4,spatial,15,0.8,0.2801004649482583,0.0057093951448701505,0.23114035087719292,0.0008494552777555434,97,True
bm25,4,a_ratio,15,0.8,0.30841541592796795,0.0022345355266002506,0.1596491228070175,0.021206380497260476,97,False
bm25,4,a_ratio,15,0.8,0.3377606228137251,0.0007640730356091179,0.2403508771929824,0.0005222134964126145,97,True
bm25,4,nqc,15,0.8,0.08015756572555449,0.43754659789717115,0.03728070175438596,0.5905151548916238,97,False
bm25,4,nqc,15,0.8,0.18352726598572205,0.07347433449322377,0.11403508771929823,0.09977996424599991,97,True
bm25,4,bertQPP,15,0.8,0.28617516564084683,0.004704909737203581,0.1776315789473684,0.010352157028285932,97,False
bm25,4,bertQPP,15,0.8,0.3107064953526978,0.002062736603330097,0.21754385964912276,0.0016899894279553034,97,True
bm25,4,bertQPP(QV),15,0.8,0.2842427852520705,0.00500587710450001,0.16842105263157892,0.015061406503459098,97,False
bm25,4,bertQPP(QV),15,0.8,0.31062086945806655,0.002068936518969045,0.21929824561403505,0.0015495867057188555,97,True
bm25,4,spatial,15,0.85,0.2876771628373933,0.004482219530014923,0.1469298245614035,0.03394652748404876,97,False
bm25,4,spatial,15,0.85,0.28723916427991464,0.004546167219288791,0.24254385964912276,0.00046395436170867623,97,True
bm25,4,a_ratio,15,0.85,0.29171732145238494,0.0039291231983887304,0.16008771929824558,0.02085383817174601,97,False
bm25,4,a_ratio,15,0.85,0.3224877485350687,0.0013534522475146425,0.23684210526315785,0.0006297844386530204,97,True
bm25,4,nqc,15,0.85,0.10340431241468909,0.3160683541481195,0.05043859649122806,0.46661135239245866,97,False
bm25,4,nqc,15,0.85,0.20468796073288326,0.045447696695948774,0.13157894736842105,0.05754607703293159,97,True
bm25,4,bertQPP,15,0.85,0.2774630543071236,0.006201790100193228,0.16359649122807016,0.01821275950357213,97,False
bm25,4,bertQPP,15,0.85,0.2995861844468782,0.00302379840613047,0.21754385964912276,0.0016899894279553034,97,True
bm25,4,bertQPP(QV),15,0.85,0.27543991112550015,0.006604631206619379,0.15789473684210523,0.022668970827860974,97,False
bm25,4,bertQPP(QV),15,0.85,0.29879086667563526,0.003105923186946078,0.21052631578947364,0.002376613320374723,97,True
bm25,4,spatial,15,0.9,0.27253058905300426,0.0072244855235807405,0.1350877192982456,0.05120190672411439,97,False
bm25,4,spatial,15,0.9,0.29560020089725236,0.0034558778744965993,0.23903508771929818,0.0005603701088308085,97,True
bm25,4,a_ratio,15,0.9,0.27494053153762027,0.006707560130741526,0.1526315789473684,0.027594583190492877,97,False
bm25,4,a_ratio,15,0.9,0.3040345940094436,0.0025993590581725253,0.23114035087719292,0.0008494552777555434,97,True
bm25,4,nqc,15,0.9,0.14343484191135655,0.16326338605255358,0.08684210526315787,0.21004839720400814,97,False
bm25,4,nqc,15,0.9,0.23686385488570832,0.020149589524902714,0.14999999999999997,0.030386188269096972,97,True
bm25,4,bertQPP,15,0.9,0.2668595454330105,0.008581955966734212,0.14605263157894735,0.035027066920463666,97,False
bm25,4,bertQPP,15,0.9,0.2869004429228825,0.004596176675984552,0.19692982456140345,0.004477815959740704,97,True
bm25,4,bertQPP(QV),15,0.9,0.2651910943668271,0.009021873479953103,0.1421052631578947,0.040260018266768394,97,False
bm25,4,bertQPP(QV),15,0.9,0.2859639689568636,0.004736999982287833,0.19692982456140345,0.004477815959740704,97,True
bm25,4,spatial,15,0.95,0.2574735270398764,0.011324594760884907,0.12587719298245612,0.06924102024309887,97,False
bm25,4,spatial,15,0.95,0.29945173269042397,0.0030375435711252428,0.23421052631578942,0.0007236220598486794,97,True
bm25,4,a_ratio,15,0.95,0.25848990900797275,0.010994600090191518,0.13728070175438595,0.04754239775881143,97,False
bm25,4,a_ratio,15,0.95,0.2827709076718565,0.005246489709159042,0.1991228070175438,0.0040526815820536586,97,True
bm25,4,nqc,15,0.95,0.21080430444088216,0.039243565062558834,0.12982456140350873,0.06095550235659266,97,False
bm25,4,nqc,15,0.95,0.27740902570037673,0.006212258588358391,0.1846491228070175,0.007695938960913375,97,True
bm25,4,bertQPP,15,0.95,0.2550503566795949,0.012146455499473121,0.1333333333333333,0.05429672191249564,97,False
bm25,4,bertQPP,15,0.95,0.27328652927909347,0.0070586758601163275,0.1846491228070175,0.007695938960913375,97,True
bm25,4,bertQPP(QV),15,0.95,0.2540935017740966,0.012485037459203225,0.13421052631578945,0.052730339832625366,97,False
bm25,4,bertQPP(QV),15,0.95,0.2726594052891575,0.007195989875119719,0.17938596491228065,0.00962101549816644,97,True
bm25,4,spatial,15,1.0,0.24264566475500945,0.017218733518611626,0.12105263157894736,0.08060113304798304,97,False
bm25,4,spatial,15,1.0,0.25929389558338006,0.010739550865099081,0.16666666666666666,0.01614693659786587,97,True
bm25,4,a_ratio,15,1.0,0.24264566475500945,0.017218733518611626,0.12105263157894736,0.08060113304798304,97,False
bm25,4,a_ratio,15,1.0,0.25929389558338006,0.010739550865099081,0.16666666666666666,0.01614693659786587,97,True
bm25,4,nqc,15,1.0,0.24264566475500945,0.017218733518611626,0.12105263157894736,0.08060113304798304,97,False
bm25,4,nqc,15,1.0,0.25929389558338006,0.010739550865099081,0.16666666666666666,0.01614693659786587,97,True
bm25,4,bertQPP,15,1.0,0.24264566475500945,0.017218733518611626,0.12105263157894736,0.08060113304798304,97,False
bm25,4,bertQPP,15,1.0,0.25929389558338006,0.010739550865099081,0.16666666666666666,0.01614693659786587,97,True
bm25,4,bertQPP(QV),15,1.0,0.24264566475500945,0.017218733518611626,0.12105263157894736,0.08060113304798304,97,False
bm25,4,bertQPP(QV),15,1.0,0.25929389558338006,0.010739550865099081,0.16666666666666666,0.01614693659786587,97,True
bm25,4,spatial,16,0.0,0.4037614090489069,4.517064367080608e-05,0.24912280701754383,0.00032351427155757553,97,False
bm25,4,spatial,16,0.0,0.2501732937929054,0.013959506461471155,0.20921052631578946,0.002530815422866084,97,True
bm25,4,a_ratio,16,0.0,0.2882861454452175,0.004394640876071033,0.08026315789473683,0.2466700962299916,97,False
bm25,4,a_ratio,16,0.0,0.33789759892324867,0.000760063929375933,0.23201754385964907,0.0008115744326137436,97,True
bm25,4,nqc,16,0.0,0.01970354342631228,0.8488828114964245,-0.008333333333333331,0.9042622467947524,97,False
bm25,4,nqc,16,0.0,0.12010795471193708,0.2437671751705969,0.06052631578947368,0.3823337405619286,97,True
bm25,4,bertQPP,16,0.0,0.1712014758316667,0.09535759302867927,0.168859649122807,0.014800278325359423,97,False
bm25,4,bertQPP,16,0.0,0.2143207230094226,0.03600874538298362,0.1964912280701754,0.004567543784697511,97,True
bm25,4,bertQPP(QV),16,0.0,0.16903733798076603,0.09968227112021084,0.17324561403508767,0.01240061333688213,97,False
bm25,4,bertQPP(QV),16,0.0,0.22666462033708634,0.026368078840486996,0.20043859649122803,0.0038155311548393224,97,True
bm25,4,spatial,16,0.05,0.4067065328105057,3.9240007431630124e-05,0.25087719298245614,0.00029343605987257174,97,False
bm25,4,spatial,16,0.05,0.2507149109571042,0.013747188769711205,0.2096491228070175,0.0024784263365173137,97,True
bm25,4,a_ratio,16,0.05,0.2993487263939697,0.003048111932844785,0.09254385964912279,0.18163805178968873,97,False
bm25,4,a_ratio,16,0.05,0.34148397227103755,0.0006616961037259324,0.2359649122807017,0.0006597266644986306,97,True
bm25,4,nqc,16,0.05,0.020515163990267933,0.8427364134720141,-0.006578947368421051,0.9243489833566951,97,False
bm25,4,nqc,16,0.05,0.12103537124728428,0.24011906052116347,0.0631578947368421,0.36198607447715714,97,True
bm25,4,bertQPP,16,0.05,0.1796798971854149,0.07982178588956465,0.17368421052631575,0.012180731335371816,97,False
bm25,4,bertQPP,16,0.05,0.22360521548848988,0.028525370054260434,0.20175438596491224,0.0035910585335480823,97,True
bm25,4,bertQPP(QV),16,0.05,0.1783929869710909,0.08204025728511342,0.17675438596491225,0.010735947690716544,97,False
bm25,4,bertQPP(QV),16,0.05,0.23700870159749185,0.020071240802396487,0.20745614035087714,0.002750657172647581,97,True
bm25,4,spatial,16,0.1,0.40886279761851596,3.536797611885785e-05,0.256578947368421,0.00021279374076250973,97,False
bm25,4,spatial,16,0.1,0.2513114674043485,0.013516587124555534,0.2096491228070175,0.0024784263365173137,97,True
bm25,4,a_ratio,16,0.1,0.3107460187470846,0.002059880492776693,0.10307017543859648,0.1368406787927515,97,False
bm25,4,a_ratio,16,0.1,0.34514815518094794,0.0005733480342948132,0.24166666666666664,0.0004864896630231411,97,True
bm25,4,nqc,16,0.1,0.02141742443899665,0.8359146631622766,-0.005701754385964911,0.9344112837195322,97,False
bm25,4,nqc,16,0.1,0.12206390498143921,0.23611766467460044,0.06535087719298245,0.34555840797111037,97,True
bm25,4,bertQPP,16,0.1,0.18880125037474693,0.06544003382270688,0.17938596491228065,0.00962101549816644,97,False
bm25,4,bertQPP,16,0.1,0.23347545487603322,0.0220587802455283,0.2096491228070175,0.0024784263365173137,97,True
bm25,4,bertQPP(QV),16,0.1,0.18843852711572529,0.06596875053963257,0.18289473684210522,0.008295385577532875,97,False
bm25,4,bertQPP(QV),16,0.1,0.2479118000083111,0.014877093486290119,0.2096491228070175,0.0024784263365173137,97,True
bm25,4,spatial,16,0.15,0.4100757063230714,3.3349883559431676e-05,0.26052631578947366,0.00016971167166230354,97,False
bm25,4,spatial,16,0.15,0.25197170900414917,0.013265295069613223,0.2096491228070175,0.0024784263365173137,97,True
bm25,4,a_ratio,16,0.15,0.3222926858486789,0.0013631156799674795,0.11491228070175437,0.09720000558825469,97,False
bm25,4,a_ratio,16,0.15,0.34885831742623585,0.0004950228407456044,0.24561403508771923,0.00039252186505296443,97,True
bm25,4,nqc,16,0.15,0.02242636385285724,0.8283007217358435,-0.004824561403508771,0.9444840737693221,97,False
bm25,4,nqc,16,0.15,0.12321098229813386,0.23171009713758264,0.06535087719298245,0.34555840797111037,97,True
bm25,4,bertQPP,16,0.15,0.1985794291929625,0.05243461444529481,0.18728070175438594,0.006869417363886626,97,False
bm25,4,bertQPP,16,0.15,0.24390529857258658,0.016631454604433896,0.21184210526315786,0.0022310577254778404,97,True
bm25,4,bertQPP(QV),16,0.15,0.19917178262500534,0.051720547073872275,0.18026315789473682,0.009273003873208558,97,False
bm25,4,bertQPP(QV),16,0.15,0.25930134679395145,0.010737211524601994,0.21622807017543857,0.0018028700906948475,97,True
bm25,4,spatial,16,0.2,0.41018911738021047,3.316679191934975e-05,0.2631578947368421,0.00014570372725545436,97,False
bm25,4,spatial,16,0.2,0.25270632510838764,0.01299048081733068,0.21052631578947364,0.002376613320374723,97,True
bm25,4,a_ratio,16,0.2,0.33371875243302807,0.00089142842206876,0.12850877192982454,0.06362097951440454,97,False
bm25,4,a_ratio,16,0.2,0.3525687973611389,0.0004266215882945062,0.2460526315789473,0.00038319963731609435,97,True
bm25,4,nqc,16,0.2,0.023562030583034424,0.8197494197188562,-0.003947368421052631,0.954565748248739,97,False
bm25,4,nqc,16,0.2,0.12449825956863224,0.2268326510711712,0.06842105263157894,0.3233717236427517,97,True
bm25,4,bertQPP,16,0.2,0.20900303856343755,0.04099245767325749,0.18815789473684208,0.006612180905745843,97,False
bm25,4,bertQPP,16,0.2,0.2548308209197579,0.01222342203787503,0.2096491228070175,0.0024784263365173137,97,True
bm25,4,bertQPP(QV),16,0.2,0.21055478635056699,0.039482043557669155,0.18289473684210522,0.008295385577532875,97,False
bm25,4,bertQPP(QV),16,0.2,0.2710504156247774,0.007559138010821983,0.22061403508771926,0.001451423191322646,97,True
bm25,4,spatial,16,0.25,0.4090536191996821,3.5043092670993285e-05,0.2587719298245614,0.00018773365369726365,97,False
bm25,4,spatial,16,0.25,0.25352851371761975,0.012688794838814015,0.21140350877192976,0.002278642796588288,97,True
bm25,4,a_ratio,16,0.25,0.34465473764779864,0.000584579471533305,0.1337719298245614,0.053508744548176196,97,False
bm25,4,a_ratio,16,0.25,0.3562156796365473,0.0003679564877496045,0.24561403508771923,0.00039252186505296443,97,True
bm25,4,nqc,16,0.25,0.024849813815953956,0.8100782208588541,-0.0021929824561403503,0.9747493089119874,97,False
bm25,4,nqc,16,0.25,0.1259529824736557,0.22140800407736214,0.06885964912280701,0.3202797133432874,97,True
bm25,4,bertQPP,16,0.25,0.22002133546254002,0.03124095198153362,0.19035087719298244,0.0060065708523342936,97,False
bm25,4,bertQPP,16,0.25,0.26613485770449974,0.008770660292128305,0.21096491228070172,0.002327155955166847,97,True
bm25,4,bertQPP(QV),16,0.25,0.22249648431889968,0.0293432513373694,0.18289473684210522,0.008295385577532875,97,False
bm25,4,bertQPP(QV),16,0.25,0.2829608446750763,0.005214873157041984,0.21578947368421048,0.001842010485605119,97,True
bm25,4,spatial,16,0.3,0.40653662705943205,3.956135359235711e-05,0.256578947368421,0.00021279374076250973,97,False
bm25,4,spatial,16,0.3,0.25445475285175945,0.012356255098158703,0.21096491228070172,0.002327155955166847,97,True
bm25,4,a_ratio,16,0.3,0.3546259195759775,0.00039255213924353305,0.14035087719298242,0.04279048337179435,97,False
bm25,4,a_ratio,16,0.3,0.35971126102906914,0.0003187804405973834,0.2521929824561403,0.00027261872163635134,97,True
bm25,4,nqc,16,0.3,0.026322341244816243,0.7990545449960099,0.00043859649122807013,0.9949490522405066,97,False
bm25,4,nqc,16,0.3,0.1276099020005149,0.21534156100367782,0.07061403508771928,0.30810560167955003,97,True
bm25,4,bertQPP,16,0.3,0.23152568995855735,0.0232260135670648,0.18991228070175434,0.006123535868103072,97,False
bm25,4,bertQPP,16,0.3,0.27762885681234545,0.006169761994331826,0.21929824561403505,0.0015495867057188555,97,True
bm25,4,bertQPP(QV),16,0.3,0.2348315134527888,0.02127689474372165,0.1846491228070175,0.007695938960913375,97,False
bm25,4,bertQPP(QV),16,0.3,0.2947468660044601,0.003555268662906331,0.2201754385964912,0.0014834887833584708,97,True
bm25,4,spatial,16,0.35,0.4025333901434467,4.788234057880051e-05,0.24429824561403507,0.00042177571212416556,97,False
bm25,4,spatial,16,0.35,0.25550586954998,0.011988105164008568,0.21447368421052626,0.001964163707567382,97,True
bm25,4,a_ratio,16,0.35,0.363064667309141,0.0002773634091668407,0.1508771929824561,0.029429833054879267,97,False
bm25,4,a_ratio,16,0.35,0.3629373398857259,0.0002788407401520509,0.25307017543859645,0.0002595183880458877,97,True
bm25,4,nqc,16,0.35,0.028022243563004555,0.7863776496624079,0.0013157894736842103,0.984847966341271,97,False
bm25,4,nqc,16,0.35,0.1295140303333116,0.20851665482984347,0.07105263157894735,0.30511054817177896,97,True
bm25,4,bertQPP,16,0.35,0.24332706126344478,0.01689886185088526,0.18684210526315786,0.007001377469104526,97,False
bm25,4,bertQPP,16,0.35,0.28903422082756236,0.004289149743668732,0.22894736842105257,0.0009514478072229865,97,True
bm25,4,bertQPP(QV),16,0.35,0.24729721373172436,0.015135318694208068,0.1894736842105263,0.006242548211379331,97,False
bm25,4,bertQPP(QV),16,0.35,0.30602402223284175,0.0024275176629575037,0.22543859649122802,0.0011384845622564176,97,True
bm25,4,spatial,16,0.4,0.39697765512189775,6.215721402560817e-05,0.23552631578947364,0.0006751892693239896,97,False
bm25,4,spatial,16,0.4,0.2567085457431871,0.011578640831250065,0.21535087719298243,0.0018819302596192753,97,True
bm25,4,a_ratio,16,0.4,0.36935013630789065,0.0002127974769054312,0.16754385964912277,0.015595863350661914,97,False
bm25,4,a_ratio,16,0.4,0.3657374630477346,0.0002479700189489792,0.25438596491228066,0.00024097016048905146,97,True
bm25,4,nqc,16,0.4,0.030006282854847834,0.7716522039536831,0.003070175438596491,0.9646546976352598,97,False
bm25,4,nqc,16,0.4,0.13172469565499284,0.20078824392974132,0.07236842105263157,0.29624164556189136,97,True
bm25,4,bertQPP,16,0.4,0.2551321290395343,0.01211789531478864,0.19298245614035084,0.005346085893178478,97,False
bm25,4,bertQPP,16,0.4,0.2999678625455722,0.0029850826182986376,0.2241228070175438,0.0012169881340798713,97,True
bm25,4,bertQPP(QV),16,0.4,0.25951419732728076,0.01067057412509106,0.18596491228070172,0.007272147742628502,97,False
bm25,4,bertQPP(QV),16,0.4,0.316310763274946,0.0016916228077118846,0.22763157894736838,0.0010179716220744474,97,True
bm25,4,spatial,16,0.45,0.38985044325289875,8.628693575261833e-05,0.22894736842105257,0.0009514478072229865,97,False
bm25,4,spatial,16,0.45,0.2580974764884069,0.01112100358371374,0.21666666666666662,0.0017644953964592808,97,True
bm25,4,a_ratio,16,0.45,0.37287990279835387,0.00018293734536544632,0.16973684210526313,0.01428996478556036,97,False
bm25,4,a_ratio,16,0.45,0.3679086514469899,0.00022623879724797038,0.2618421052631578,0.00015727711080768157,97,True
bm25,4,nqc,16,0.45,0.032351694201484704,0.7543488845298866,0.003947368421052631,0.954565748248739,97,False
bm25,4,nqc,16,0.45,0.1343216619932676,0.19197468469274018,0.07587719298245613,0.27344185633141316,97,True
bm25,4,bertQPP,16,0.45,0.26652435535978913,0.00866878892656305,0.1894736842105263,0.006242548211379331,97,False
bm25,4,bertQPP,16,0.45,0.30993986980234434,0.002118847600633651,0.2232456140350877,0.0012720699376961898,97,True
bm25,4,bertQPP(QV),16,0.45,0.270979987431192,0.007575396476247768,0.19429824561403505,0.0050410843610361605,97,False
bm25,4,bertQPP(QV),16,0.45,0.32505161013512757,0.001232089518835479,0.22631578947368416,0.001088778390813313,97,True
bm25,4,spatial,16,0.5,0.38118540430347536,0.00012729402966326646,0.22105263157894733,0.0014199974923815438,97,False
bm25,4,spatial,16,0.5,0.2597185186346226,0.010606947636412218,0.2184210526315789,0.001618387245157851,97,True
bm25,4,a_ratio,16,0.5,0.37316654525056814,0.0001806911829346784,0.17850877192982453,0.009980624249260547,97,False
bm25,4,a_ratio,16,0.5,0.3691937912699879,0.0002142188198836708,0.25921052631578945,0.00018306667264307222,97,True
bm25,4,nqc,16,0.5,0.03516624726681585,0.7337442075859473,0.005263157894736841,0.9394464677531641,97,False
bm25,4,nqc,16,0.5,0.13741463528995437,0.18184720507464455,0.07587719298245613,0.27344185633141316,97,True
bm25,4,bertQPP,16,0.5,0.27696094076982775,0.006299683718958924,0.18684210526315786,0.007001377469104526,97,False
bm25,4,bertQPP,16,0.5,0.318373597452264,0.0015710188692856918,0.22807017543859645,0.0009953330568858061,97,True
bm25,4,bertQPP(QV),16,0.5,0.2810886584653381,0.005534035448087668,0.1890350877192982,0.006363638865325849,97,False
bm25,4,bertQPP(QV),16,0.5,0.3316687041517058,0.0009631663947978011,0.23377192982456135,0.0007404706075872587,97,True
bm25,4,spatial,16,0.55,0.3710695943687802,0.00019773030379650127,0.21052631578947364,0.002376613320374723,97,False
bm25,4,spatial,16,0.55,0.261633364267044,0.01002660946284725,0.21666666666666662,0.0017644953964592808,97,True
bm25,4,a_ratio,16,0.55,0.3699366045532614,0.00020754313679333586,0.17807017543859646,0.010164879433085774,97,False
bm25,4,a_ratio,16,0.55,0.3692768885297454,0.00021346228896901886,0.26096491228070173,0.00016546754768086806,97,True
bm25,4,nqc,16,0.55,0.038604818322490374,0.7088263400425927,0.010964912280701752,0.8742506159554067,97,False
bm25,4,nqc,16,0.55,0.14115851802676788,0.17011711399346582,0.08157894736842104,0.23900925247653326,97,True
bm25,4,bertQPP,16,0.55,0.2858000899798776,0.004762034697434893,0.19166666666666665,0.0056676554767862795,97,False
bm25,4,bertQPP,16,0.55,0.32465733825314325,0.0012500850144191366,0.22982456140350874,0.0009093607305517675,97,True
bm25,4,bertQPP(QV),16,0.55,0.2891881551088854,0.00426772482166569,0.19035087719298244,0.0060065708523342936,97,False
bm25,4,bertQPP(QV),16,0.55,0.33564060604032475,0.0008286368381792416,0.22543859649122802,0.0011384845622564176,97,True
bm25,4,spatial,16,0.6,0.35963924685101334,0.00031972929407869134,0.2039473684210526,0.00324348853932908,97,False
bm25,4,spatial,16,0.6,0.2639265766911729,0.009368363919826756,0.2184210526315789,0.001618387245157851,97,True
bm25,4,a_ratio,16,0.6,0.36319888046374815,0.00027581400057118474,0.19035087719298244,0.0060065708523342936,97,False
bm25,4,a_ratio,16,0.6,0.3677846917452613,0.00022743054087745858,0.25964912280701746,0.0001785089263106937,97,True
bm25,4,nqc,16,0.6,0.0428979019214085,0.6781440035716519,0.012280701754385963,0.8593096176685738,97,False
bm25,4,nqc,16,0.6,0.14577880740804647,0.1564222858275987,0.08421052631578946,0.2241946713631342,97,True
bm25,4,bertQPP,16,0.6,0.292370491673797,0.0038456731641808638,0.19385964912280698,0.005140957475072907,97,False
bm25,4,bertQPP,16,0.6,0.3282286916840968,0.0010954497917044861,0.2214912280701754,0.0013892001512035108,97,True
bm25,4,bertQPP(QV),16,0.6,0.2946764964676546,0.003563577927111563,0.1934210526315789,0.005242615402641688,97,False
bm25,4,bertQPP(QV),16,0.6,0.3365939713881909,0.0007990103933087989,0.21359649122807012,0.0020496840923188192,97,True
bm25,4,spatial,16,0.65,0.34707099445912604,0.0005314398716645925,0.19254385964912277,0.005451397044324322,97,False
bm25,4,spatial,16,0.65,0.2667162376311437,0.008618986630241732,0.2201754385964912,0.0014834887833584708,97,True
bm25,4,a_ratio,16,0.65,0.35325407549352605,0.0004149817048590545,0.1820175438596491,0.008610498746466352,97,False
bm25,4,a_ratio,16,0.65,0.3642994545988889,0.00026340635157974393,0.2574561403508771,0.0002024145160928557,97,True
bm25,4,nqc,16,0.65,0.0484032433968152,0.6395592233204259,0.017105263157894735,0.8049947532982032,97,False
bm25,4,nqc,16,0.65,0.15161566657855235,0.14031914127009104,0.08991228070175437,0.194374756294158,97,True
bm25,4,bertQPP,16,0.65,0.2960814086379775,0.0034009338981467055,0.18596491228070172,0.007272147742628502,97,False
bm25,4,bertQPP,16,0.65,0.3286774433332213,0.0010773030907567092,0.2171052631578947,0.0017268729312904809,97,True
bm25,4,bertQPP(QV),16,0.65,0.2971181993373839,0.0032852046264727143,0.19385964912280698,0.005140957475072907,97,False
bm25,4,bertQPP(QV),16,0.65,0.33438132244001995,0.0008693066324151959,0.2171052631578947,0.0017268729312904809,97,True
bm25,4,spatial,16,0.7,0.3335698047255704,0.0008964716143869723,0.19078947368421048,0.005891622551225342,97,False
bm25,4,spatial,16,0.7,0.27016972365726727,0.007764677893738095,0.2232456140350877,0.0012720699376961898,97,True
bm25,4,a_ratio,16,0.7,0.34063976549771,0.0006837411619909951,0.17807017543859646,0.010164879433085774,97,False
bm25,4,a_ratio,16,0.7,0.35838801068685766,0.00033663623599032724,0.2574561403508771,0.0002024145160928557,97,True
bm25,4,nqc,16,0.7,0.055705170338841634,0.5898412085790081,0.022807017543859644,0.7420164201662911,97,False
bm25,4,nqc,16,0.7,0.15920391839387774,0.1213001630519976,0.09692982456140349,0.16180305747112322,97,True
bm25,4,bertQPP,16,0.7,0.29654832016311444,0.0033483715193314183,0.18596491228070172,0.007272147742628502,97,False
bm25,4,bertQPP,16,0.7,0.32583663869570456,0.0011969580920360226,0.2232456140350877,0.0012720699376961898,97,True
bm25,4,bertQPP(QV),16,0.7,0.2963427148107787,0.0033714271073102416,0.18377192982456136,0.007990630052244877,97,False
bm25,4,bertQPP(QV),16,0.7,0.3291162694357897,0.0010598227392496374,0.2241228070175438,0.0012169881340798713,97,True
bm25,4,spatial,16,0.75,0.31935538413658326,0.0015164012726319091,0.17631578947368418,0.010932545975931482,97,False
bm25,4,spatial,16,0.75,0.2745246736028368,0.006794354066725948,0.2302631578947368,0.0008889704166142316,97,True
bm25,4,a_ratio,16,0.75,0.32603119189128393,0.0011883934663691686,0.16052631578947366,0.0205064150417212,97,False
bm25,4,a_ratio,16,0.75,0.34965050572394746,0.0004796262441661664,0.24912280701754383,0.00032351427155757553,97,True
bm25,4,nqc,16,0.75,0.06581972504522668,0.524031992564354,0.03114035087719298,0.6530976048749184,97,False
bm25,4,nqc,16,0.75,0.16942483494706692,0.09889680965889346,0.10219298245614034,0.14021289342862758,97,True
bm25,4,bertQPP,16,0.75,0.2936888346277925,0.0036820494489246216,0.18552631578947365,0.007411025603920558,97,False
bm25,4,bertQPP,16,0.75,0.31982688945211196,0.0014907877347363737,0.22105263157894733,0.0014199974923815438,97,True
bm25,4,bertQPP(QV),16,0.75,0.292484207845091,0.0038313076377895603,0.1846491228070175,0.007695938960913375,97,False
bm25,4,bertQPP(QV),16,0.75,0.3211514489036671,0.001420918314192385,0.2232456140350877,0.0012720699376961898,97,True
bm25,4,spatial,16,0.8,0.3046488738495543,0.002545166637380169,0.1614035087719298,0.019826684390718458,97,False
bm25,4,spatial,16,0.8,0.28010347623277676,0.0057088533734336415,0.2302631578947368,0.0008889704166142316,97,True
bm25,4,a_ratio,16,0.8,0.31013267785067283,0.0021046074232850534,0.15921052631578944,0.02156410311246367,97,False
bm25,4,a_ratio,16,0.8,0.3377867139036614,0.0007633078984614986,0.23684210526315785,0.0006297844386530204,97,True
bm25,4,nqc,16,0.8,0.08065324987055139,0.43470881546168316,0.03903508771929824,0.573154694589358,97,False
bm25,4,nqc,16,0.8,0.18380191976248078,0.07303720492668599,0.11535087719298244,0.09593017536365477,97,True
bm25,4,bertQPP,16,0.8,0.2877461110272422,0.004472226492877967,0.17807017543859646,0.010164879433085774,97,False
bm25,4,bertQPP,16,0.8,0.31103409708792906,0.0020391704485221963,0.2214912280701754,0.0013892001512035108,97,True
bm25,4,bertQPP(QV),16,0.8,0.2859449180539901,0.004739904230552458,0.17061403508771927,0.013795236924875342,97,False
bm25,4,bertQPP(QV),16,0.8,0.3110076930573991,0.002041060787885151,0.22192982456140345,0.001359019813248218,97,True
bm25,4,spatial,16,0.85,0.2896613403879509,0.004202462460636223,0.14999999999999997,0.030386188269096972,97,False
bm25,4,spatial,16,0.85,0.2872398457308249,0.004546067099333342,0.2403508771929824,0.0005222134964126145,97,True
bm25,4,a_ratio,16,0.85,0.293590028585039,0.003694093108020423,0.15614035087719297,0.024218442010991905,97,False
bm25,4,a_ratio,16,0.85,0.3226689147278718,0.0013445329814043613,0.23421052631578942,0.0007236220598486794,97,True
bm25,4,nqc,16,0.85,0.10410080106533617,0.3128021223189847,0.051754385964912275,0.4550665495028301,97,False
bm25,4,nqc,16,0.85,0.20503701528237395,0.04507297375005589,0.13114035087719295,0.058383209330321456,97,True
bm25,4,bertQPP,16,0.85,0.27922816559731994,0.005868267796650599,0.16798245614035084,0.015326584176287853,97,False
bm25,4,bertQPP,16,0.85,0.30002915616025516,0.0029789068934086287,0.2214912280701754,0.0013892001512035108,97,True
bm25,4,bertQPP(QV),16,0.85,0.2772995525622846,0.0062335179136877,0.15701754385964908,0.02343259236880532,97,False
bm25,4,bertQPP(QV),16,0.85,0.29928098581413415,0.003055080032876344,0.21535087719298243,0.0018819302596192753,97,True
bm25,4,spatial,16,0.9,0.27458500836935207,0.006781700298255299,0.13728070175438595,0.04754239775881143,97,False
bm25,4,spatial,16,0.9,0.29560927811583293,0.0034548341314045872,0.237719298245614,0.0006011104754053054,97,True
bm25,4,a_ratio,16,0.9,0.2769383058393927,0.006304128751141634,0.15307017543859647,0.02715150040857788,97,False
bm25,4,a_ratio,16,0.9,0.30440107576191755,0.002566904104716916,0.23157894736842102,0.0008303144784156731,97,True
bm25,4,nqc,16,0.9,0.1444955795805476,0.16014051991717002,0.08640350877192982,0.21236013506761187,97,False
bm25,4,nqc,16,0.9,0.2373035993938782,0.019912536435073947,0.15131578947368418,0.028961443601471626,97,True
bm25,4,bertQPP,16,0.9,0.2687912467918601,0.008096289891674418,0.14736842105263154,0.03341702989433397,97,False
bm25,4,bertQPP,16,0.9,0.28746126176452935,0.004513640129005236,0.20175438596491224,0.0035910585335480823,97,True
bm25,4,bertQPP(QV),16,0.9,0.26718087332534113,0.008499433261650367,0.14298245614035085,0.03904312556346961,97,False
bm25,4,bertQPP(QV),16,0.9,0.286556508679496,0.004647456747930099,0.20175438596491224,0.0035910585335480823,97,True
bm25,4,spatial,16,0.95,0.2595875759034693,0.010647685414251623,0.1276315789473684,0.06545090776900864,97,False
bm25,4,spatial,16,0.95,0.29956228861627715,0.0030262372194145345,0.2359649122807017,0.0006597266644986306,97,True
bm25,4,a_ratio,16,0.95,0.26058367610813404,0.010341198596679143,0.13684210526315788,0.04825617082139475,97,False
bm25,4,a_ratio,16,0.95,0.2833409863189088,0.005152103757838991,0.1991228070175438,0.0040526815820536586,97,True
bm25,4,nqc,16,0.95,0.2125489872470301,0.03760948050283892,0.12587719298245612,0.06924102024309887,97,False
bm25,4,nqc,16,0.95,0.277932972123996,0.0061113966816818185,0.18684210526315786,0.007001377469104526,97,True
bm25,4,bertQPP,16,0.95,0.257115227703238,0.011442971323008783,0.13464912280701752,0.05196142228840072,97,False
bm25,4,bertQPP,16,0.95,0.273960300101827,0.006913732485240623,0.18333333333333332,0.008141731588545092,97,True
bm25,4,bertQPP(QV),16,0.95,0.2561842037566361,0.011755632921587869,0.13114035087719295,0.058383209330321456,97,False
bm25,4,bertQPP(QV),16,0.95,0.27334852722905756,0.007045227452974047,0.17938596491228065,0.00962101549816644,97,True
bm25,4,spatial,16,1.0,0.2448094470422177,0.016220656926246763,0.1232456140350877,0.07526253851373939,97,False
bm25,4,spatial,16,1.0,0.2600705706405173,0.010498095776017334,0.17061403508771927,0.013795236924875342,97,True
bm25,4,a_ratio,16,1.0,0.2448094470422177,0.016220656926246763,0.1232456140350877,0.07526253851373939,97,False
bm25,4,a_ratio,16,1.0,0.2600705706405173,0.010498095776017334,0.17061403508771927,0.013795236924875342,97,True
bm25,4,nqc,16,1.0,0.2448094470422177,0.016220656926246763,0.1232456140350877,0.07526253851373939,97,False
bm25,4,nqc,16,1.0,0.2600705706405173,0.010498095776017334,0.17061403508771927,0.013795236924875342,97,True
bm25,4,bertQPP,16,1.0,0.2448094470422177,0.016220656926246763,0.1232456140350877,0.07526253851373939,97,False
bm25,4,bertQPP,16,1.0,0.2600705706405173,0.010498095776017334,0.17061403508771927,0.013795236924875342,97,True
bm25,4,bertQPP(QV),16,1.0,0.2448094470422177,0.016220656926246763,0.1232456140350877,0.07526253851373939,97,False
bm25,4,bertQPP(QV),16,1.0,0.2600705706405173,0.010498095776017334,0.17061403508771927,0.013795236924875342,97,True
bm25,4,0shot_pos,16,1.0,-0.2247389566720429,0.027709100576762402,-0.1964912280701754,0.004567543784697511,97,True
