retriever,k,qpp_method,window_size,alpha,r,p1(r),tau,p1(tau),num_of_queries,with_0shot_posterior
tct,9,spatial,2,0.0,0.013382096827883258,0.8964907995035795,0.03393470790378007,0.6224147431170471,97,False
tct,9,spatial,2,0.0,0.2806756280578976,0.005357600650554058,0.21907216494845363,0.0014779202366871586,97,True
tct,9,a_ratio,2,0.0,0.08699727737016585,0.3968143680759362,0.0584192439862543,0.3965888091618368,97,False
tct,9,a_ratio,2,0.0,0.28703017363767047,0.004364889994963118,0.22809278350515466,0.000933347093157991,97,True
tct,9,nqc,2,0.0,0.1492631279496186,0.14450956733786507,0.08719931271477664,0.2057421374120063,97,False
tct,9,nqc,2,0.0,0.24089257215590104,0.017459992874871322,0.16537800687285226,0.016403064445582434,97,True
tct,9,bertQPP,2,0.0,0.17672691352325548,0.08333551015854819,0.10137457044673541,0.14127503537333896,97,False
tct,9,bertQPP,2,0.0,0.23874077288827814,0.01852248002459105,0.16752577319587633,0.015057708996420909,97,True
tct,9,bertQPP(QV),2,0.0,0.1310712474602009,0.20065209966598066,0.05541237113402062,0.42134149715143543,97,False
tct,9,bertQPP(QV),2,0.0,0.2058321123136385,0.04310985452091257,0.12156357388316154,0.07772782073014356,97,True
tct,9,spatial,2,0.05,0.025171050124998224,0.8066646524152113,0.040807560137457045,0.5537409286316863,97,False
tct,9,spatial,2,0.05,0.2813639624978983,0.005241148263777812,0.2203608247422681,0.0013853583021557498,97,True
tct,9,a_ratio,2,0.05,0.117719346088215,0.25081624670550856,0.07989690721649485,0.24629548858904848,97,False
tct,9,a_ratio,2,0.05,0.29282516386746066,0.0036062692423597304,0.23238831615120278,0.0007456571945733053,97,True
tct,9,nqc,2,0.05,0.15052033599351017,0.14111980285373985,0.08977663230240551,0.19265661141875967,97,False
tct,9,nqc,2,0.05,0.2421636106438233,0.01685743679802001,0.1658075601374571,0.016125841537736958,97,True
tct,9,bertQPP,2,0.05,0.1865351528700158,0.06733456930311127,0.10395189003436428,0.13143701983340042,97,False
tct,9,bertQPP,2,0.05,0.24847572018872746,0.014123942345815033,0.17482817869415812,0.011182156616858724,97,True
tct,9,bertQPP(QV),2,0.05,0.14062790582183932,0.1694704488650248,0.06185567010309279,0.3694011818632015,97,False
tct,9,bertQPP(QV),2,0.05,0.21557896710008884,0.03394826636386592,0.1284364261168385,0.06235576017343852,97,True
tct,9,spatial,2,0.1,0.037989759000520595,0.7118007419360857,0.050687285223367705,0.46201693847175085,97,False
tct,9,spatial,2,0.1,0.2821237267664741,0.0051152288028894185,0.22079037800687287,0.0013557124652369783,97,True
tct,9,a_ratio,2,0.1,0.14850913099762392,0.14657179243283466,0.10008591065292097,0.14640165493450158,97,False
tct,9,a_ratio,2,0.1,0.2988818519804234,0.0029416129970798646,0.23152920962199317,0.0007801296905645403,97,True
tct,9,nqc,2,0.1,0.15191547204195743,0.1374289348900613,0.09020618556701032,0.1905365207922204,97,False
tct,9,nqc,2,0.1,0.2435703361004633,0.016211577392214245,0.16494845360824745,0.01668446543769203,97,True
tct,9,bertQPP,2,0.1,0.1973061109378612,0.052728658556524075,0.11168384879725088,0.1050908480999539,97,False
tct,9,bertQPP,2,0.1,0.2589980591280738,0.010418051423545075,0.18256013745704472,0.00806936233603351,97,True
tct,9,bertQPP(QV),2,0.1,0.15114363561276328,0.1394616874915345,0.0657216494845361,0.340237883454913,97,False
tct,9,bertQPP(QV),2,0.1,0.2261021487064492,0.02595380228004865,0.1396048109965636,0.042782883164389815,97,True
tct,9,spatial,2,0.15,0.051913689276655454,0.6135566671572739,0.05584192439862544,0.41775090102760204,97,False
tct,9,spatial,2,0.15,0.2829666067458918,0.004978688744633585,0.22250859106529214,0.001242886914966472,97,True
tct,9,a_ratio,2,0.15,0.17833201211006267,0.08052714466949,0.1207044673539519,0.07984982362376257,97,False
tct,9,a_ratio,2,0.15,0.3051949676149056,0.0023679257449374038,0.23067010309278352,0.00081607670119364,97,True
tct,9,nqc,2,0.15,0.15347245855164815,0.13339689715401554,0.09149484536082475,0.1842793810224047,97,False
tct,9,nqc,2,0.15,0.2451355853894727,0.01551819469151229,0.1658075601374571,0.016125841537736958,97,True
tct,9,bertQPP,2,0.15,0.2091453651501102,0.039788692912174545,0.11597938144329899,0.09237668593402237,97,False
tct,9,bertQPP,2,0.15,0.2703608821847576,0.007399702904973415,0.18556701030927839,0.00708575590459897,97,True
tct,9,bertQPP(QV),2,0.15,0.1627303309405045,0.11125760751899964,0.07431271477663232,0.2808725107935828,97,False
tct,9,bertQPP(QV),2,0.15,0.23745251631862083,0.019184857761754038,0.1439003436426117,0.036783724578164194,97,True
tct,9,spatial,2,0.2,0.06700713746391335,0.5143224794307011,0.06314432989690723,0.3595119194286538,97,False
tct,9,spatial,2,0.2,0.28390697299786144,0.004830192535140932,0.22079037800687287,0.0013557124652369783,97,True
tct,9,a_ratio,2,0.2,0.20618277315962796,0.04274779044034973,0.14132302405498284,0.040290653027956765,97,False
tct,9,a_ratio,2,0.2,0.3117513699288248,0.0018807409859373857,0.23109965635738836,0.0007979153488644113,97,True
tct,9,nqc,2,0.2,0.1552210629629397,0.12897674561847658,0.09278350515463919,0.1781756748775648,97,False
tct,9,nqc,2,0.2,0.24688759183002285,0.014772681338658436,0.16752577319587633,0.015057708996420909,97,True
tct,9,bertQPP,2,0.2,0.2221586356169193,0.028738710648238745,0.12328178694158079,0.07362159410235054,97,False
tct,9,bertQPP,2,0.2,0.28260544298503354,0.0050367922871522525,0.1971649484536083,0.004221925130091803,97,True
tct,9,bertQPP(QV),2,0.2,0.17550400838837424,0.085527130166921,0.0777491408934708,0.2592237212301055,97,False
tct,9,bertQPP(QV),2,0.2,0.2496697577461802,0.013652617569487848,0.15335051546391754,0.026061836085581373,97,True
tct,9,spatial,2,0.25,0.08331370611711579,0.41718224982428304,0.07259450171821306,0.29214479548279504,97,False
tct,9,spatial,2,0.25,0.2849626944494593,0.004668190105793513,0.2212199312714777,0.001326652810302692,97,True
tct,9,a_ratio,2,0.25,0.2312467970359478,0.022668542204432887,0.15721649484536085,0.02252544814571104,97,False
tct,9,a_ratio,2,0.25,0.31852728129725827,0.0014742116335666555,0.22723367697594504,0.000975784420613921,97,True
tct,9,nqc,2,0.25,0.1571987886557551,0.12411334456267292,0.09235395189003438,0.18019329783502935,97,False
tct,9,nqc,2,0.25,0.2488616666807014,0.013970074670425887,0.16838487972508595,0.01454739544260673,97,True
tct,9,bertQPP,2,0.25,0.23644159370100182,0.019718811836678098,0.1284364261168385,0.06235576017343852,97,False
tct,9,bertQPP,2,0.25,0.29575056859349547,0.0032700799904689464,0.20274914089347082,0.003259747042536618,97,True
tct,9,bertQPP(QV),2,0.25,0.18957679592030333,0.06291190335712446,0.08634020618556702,0.2102443337075397,97,False
tct,9,bertQPP(QV),2,0.25,0.262772922683967,0.009313417288078966,0.16151202749140894,0.01909240321886764,97,True
tct,9,spatial,2,0.3,0.10084352265999513,0.32569293749870104,0.08591065292096221,0.2125219840325313,97,False
tct,9,spatial,2,0.3,0.28615626505656355,0.0044908796379238,0.2216494845360825,0.001298168853613724,97,True
tct,9,a_ratio,2,0.3,0.25301254457767075,0.012405101019252244,0.16967353951890035,0.013810511589466142,97,False
tct,9,a_ratio,2,0.3,0.3254848163838086,0.0011412951008062337,0.23152920962199317,0.0007801296905645403,97,True
tct,9,nqc,2,0.3,0.1594535456138809,0.1187418676545186,0.09235395189003438,0.18019329783502935,97,False
tct,9,nqc,2,0.3,0.25110254484225975,0.013105146615459497,0.16838487972508595,0.01454739544260673,97,True
tct,9,bertQPP,2,0.3,0.2520620838367325,0.01274927691859963,0.14003436426116841,0.04214791401843269,97,False
tct,9,bertQPP,2,0.3,0.309776859946604,0.0020169417161764766,0.20876288659793818,0.0024505203740822256,97,True
tct,9,bertQPP(QV),2,0.3,0.2050424638420597,0.0439345267653881,0.09793814432989692,0.1552606461818409,97,False
tct,9,bertQPP(QV),2,0.3,0.2767466286497289,0.0060673853015857995,0.16967353951890035,0.013810511589466142,97,True
tct,9,spatial,2,0.35,0.11955718042660948,0.24344218611646556,0.093213058419244,0.17617491386576734,97,False
tct,9,spatial,2,0.35,0.28751639224789693,0.004296166514294007,0.22336769759450176,0.0011897860106094835,97,True
tct,9,a_ratio,2,0.35,0.2713017296280691,0.007188461798528328,0.18513745704467358,0.007219338175415614,97,False
tct,9,a_ratio,2,0.35,0.3325677367669474,0.0008740319184293498,0.23883161512027495,0.0005288208236189078,97,True
tct,9,nqc,2,0.35,0.16204750023880632,0.11278618849558586,0.09407216494845362,0.1722237215768213,97,False
tct,9,nqc,2,0.35,0.2536677184634213,0.012172593901817318,0.16838487972508595,0.01454739544260673,97,True
tct,9,bertQPP,2,0.35,0.26903084504827957,0.007707669499949636,0.15034364261168387,0.02913493133073165,97,False
tct,9,bertQPP,2,0.35,0.3246040589272446,0.0011792738874131896,0.21821305841924402,0.0015427588468996702,97,True
tct,9,bertQPP(QV),2,0.35,0.2219520387706712,0.02889133482606592,0.10910652920962201,0.11336246240953972,97,False
tct,9,bertQPP(QV),2,0.35,0.2915218059856677,0.0037657697040657696,0.17740549828178698,0.010042744211065484,97,True
tct,9,spatial,2,0.4,0.13934726715918724,0.17342787740813148,0.10695876288659796,0.12064011527036375,97,False
tct,9,spatial,2,0.4,0.28908028172168504,0.004081621488851536,0.22336769759450176,0.0011897860106094835,97,True
tct,9,a_ratio,2,0.4,0.28622291801589766,0.0044811574431068485,0.1937285223367698,0.004935409194231109,97,False
tct,9,a_ratio,2,0.4,0.33969643666873167,0.0006639036304757963,0.24871134020618557,0.00030728207639036943,97,True
tct,9,nqc,2,0.4,0.1650627534065622,0.10615737557862549,0.09407216494845362,0.1722237215768213,97,False
tct,9,nqc,2,0.4,0.2566322726867928,0.011167399837823912,0.1679553264604811,0.014800614099959652,97,True
tct,9,bertQPP,2,0.4,0.28725606446543267,0.004332840927755562,0.1554982817869416,0.02404211148041231,97,False
tct,9,bertQPP,2,0.4,0.3400603299425196,0.0006545347033320232,0.23453608247422683,0.0006655682797928671,97,True
tct,9,bertQPP(QV),2,0.4,0.24027523874986056,0.017759293829849015,0.11512027491408937,0.09481550621817705,97,False
tct,9,bertQPP(QV),2,0.4,0.3069503024791793,0.0022274343941194197,0.186426116838488,0.006825229731210832,97,True
tct,9,spatial,2,0.45,0.16001980355841905,0.1174214775425045,0.11039518900343644,0.10916471457232763,97,False
tct,9,spatial,2,0.45,0.290896997928043,0.003844445501709218,0.22723367697594504,0.000975784420613921,97,True
tct,9,a_ratio,2,0.45,0.298082287494275,0.0030225406423824374,0.19673539518900346,0.004305679427335466,97,False
tct,9,a_ratio,2,0.45,0.3467623116560759,0.0005022417546912628,0.24871134020618557,0.00030728207639036943,97,True
tct,9,nqc,2,0.45,0.1686099332223708,0.09875281149747352,0.09664948453608249,0.16076803875264556,97,False
tct,9,nqc,2,0.45,0.26009606132294466,0.010085486959098269,0.17139175257731962,0.012879359856548544,97,True
tct,9,bertQPP,2,0.45,0.3064780105893375,0.002264476371565922,0.16365979381443302,0.01755425786967657,97,False
tct,9,bertQPP,2,0.45,0.3558437708267488,0.00034749133068542263,0.24012027491408938,0.0004932117335580638,97,True
tct,9,bertQPP(QV),2,0.45,0.25984390124750123,0.010161027372046647,0.12671821305841927,0.06594102788919391,97,False
tct,9,bertQPP(QV),2,0.45,0.3227740780031133,0.0012618819483647095,0.1937285223367698,0.004935409194231109,97,True
tct,9,spatial,2,0.5,0.1812798364231289,0.07556686385044561,0.12585910652920965,0.0677963948466897,97,False
tct,9,spatial,2,0.5,0.2930325310027254,0.0035814576494378344,0.22809278350515466,0.000933347093157991,97,True
tct,9,a_ratio,2,0.5,0.3072889488892968,0.0022012115687076983,0.20360824742268044,0.003130893451622874,97,False
tct,9,a_ratio,2,0.5,0.3536219108261791,0.0003806483483536648,0.25386597938144334,0.00022970863763271067,97,True
tct,9,nqc,2,0.5,0.17284158169012048,0.09045711015970234,0.09621993127147768,0.16263626465805225,97,False
tct,9,nqc,2,0.5,0.2641946245158372,0.008924859035145805,0.17139175257731962,0.012879359856548544,97,True
tct,9,bertQPP,2,0.5,0.32618539851089823,0.001111883766469141,0.17225085910652924,0.012434959394241826,97,False
tct,9,bertQPP,2,0.5,0.37148025493123443,0.00017952526987750835,0.2521477663230241,0.0002532519652694692,97,True
tct,9,bertQPP(QV),2,0.5,0.28027748347715475,0.0054260032754094596,0.14175257731958765,0.039687194240219145,97,False
tct,9,bertQPP(QV),2,0.5,0.33859273581172394,0.0006930754044293011,0.20704467353951894,0.0026605976928076114,97,True
tct,9,spatial,2,0.55,0.20272725397789,0.04642829440060415,0.14304123711340208,0.037922646089534044,97,False
tct,9,spatial,2,0.55,0.29557765109910594,0.0032891415261100494,0.22809278350515466,0.000933347093157991,97,True
tct,9,a_ratio,2,0.55,0.31427891916140954,0.001718541193446311,0.21134020618556704,0.0021637443470699886,97,False
tct,9,a_ratio,2,0.55,0.3600916509207994,0.0002913845025648114,0.256872852233677,0.0001933769855221948,97,True
tct,9,nqc,2,0.55,0.17797370587499917,0.08114740485707274,0.09793814432989692,0.1552606461818409,97,False
tct,9,nqc,2,0.55,0.26911626105175784,0.00768755727208107,0.17611683848797252,0.010598840128977079,97,True
tct,9,bertQPP,2,0.55,0.3455293463451762,0.0005275515044256542,0.186426116838488,0.006825229731210832,97,False
tct,9,bertQPP,2,0.55,0.38628869398192933,9.305924900683501e-05,0.26116838487972516,0.00015073942387955493,97,True
tct,9,bertQPP(QV),2,0.55,0.30090164454778023,0.0027457772846978404,0.16151202749140894,0.01909240321886764,97,False
tct,9,bertQPP(QV),2,0.55,0.35383822132932996,0.00037729693551814234,0.2203608247422681,0.0013853583021557498,97,True
tct,9,spatial,2,0.6,0.22386945209085352,0.02750089364529285,0.1585051546391753,0.021443192891173694,97,False
tct,9,spatial,2,0.6,0.2986604624223844,0.0029638237742758114,0.2298109965635739,0.0008535554716530555,97,True
tct,9,a_ratio,2,0.6,0.3194656248043887,0.0014246881953896041,0.21434707903780073,0.0018682268943729797,97,False
tct,9,a_ratio,2,0.6,0.3659443787647594,0.0002276896730060868,0.2628865979381444,0.00013630357600274067,97,True
tct,9,nqc,2,0.6,0.1843217831623306,0.07070856944249844,0.09965635738831616,0.14814179266855426,97,False
tct,9,nqc,2,0.6,0.2751295203092473,0.006382940913093175,0.17697594501718217,0.010225152665271457,97,True
tct,9,bertQPP,2,0.6,0.36327655210062004,0.0002549331555591356,0.20403780068728525,0.00306822352558543,97,False
tct,9,bertQPP,2,0.6,0.3993745675062623,5.0702692345036137e-05,0.2594501718213059,0.00016660580916833792,97,True
tct,9,bertQPP(QV),2,0.6,0.3206916368783175,0.0013622572275560493,0.1911512027491409,0.005540236417616152,97,False
tct,9,bertQPP(QV),2,0.6,0.3677719963100462,0.00021060656682107007,0.23496563573883167,0.0006505425158083947,97,True
tct,9,spatial,2,0.65,0.244155309201042,0.01594936935541246,0.1782646048109966,0.009686599012848096,97,False
tct,9,spatial,2,0.65,0.30246714851746864,0.0026021386787663677,0.23410652920962205,0.0006809162092632265,97,True
tct,9,a_ratio,2,0.65,0.3232141290465189,0.0012415510165122803,0.21134020618556704,0.0021637443470699886,97,False
tct,9,a_ratio,2,0.65,0.37090964213743394,0.00018401393443639105,0.2633161512027492,0.000132903765324325,97,True
tct,9,nqc,2,0.65,0.1923634561043763,0.059070247150203786,0.09836769759450173,0.15345704089516993,97,False
tct,9,nqc,2,0.65,0.2826288132081318,0.005033014341884904,0.18213058419243988,0.008219435652041644,97,True
tct,9,bertQPP,2,0.65,0.3778721668423407,0.00013571285481078237,0.22766323024054988,0.0009543472910132449,97,False
tct,9,bertQPP,2,0.65,0.4096806069475589,3.086195046689886e-05,0.2684707903780069,9.786936882852283e-05,97,True
tct,9,bertQPP(QV),2,0.65,0.3382975976826065,0.000701072368133284,0.21262886597938147,0.002032205430312129,97,False
tct,9,bertQPP(QV),2,0.65,0.379524545853539,0.00012612476949314463,0.2452749140893471,0.0003719636432157586,97,True
tct,9,spatial,2,0.7,0.26302925530160914,0.009242281843299905,0.19544673539518906,0.0045660596694361046,97,False
tct,9,spatial,2,0.7,0.3072774499088189,0.002202097396851986,0.2379725085910653,0.0005538759115824682,97,True
tct,9,a_ratio,2,0.7,0.3258321858302199,0.0011266247724689613,0.21262886597938147,0.002032205430312129,97,False
tct,9,a_ratio,2,0.7,0.374679988383663,0.0001561764165305908,0.2624570446735396,0.00013978519828252247,97,True
tct,9,nqc,2,0.7,0.20285267235457194,0.04629026265334556,0.10352233676975947,0.1330387570764664,97,False
tct,9,nqc,2,0.7,0.2922120502691665,0.0036805309731646196,0.18427835051546396,0.0074933028749945285,97,True
tct,9,bertQPP,2,0.7,0.38768197893454287,8.733796158046648e-05,0.2414089347079038,0.0004598488311252096,97,False
tct,9,bertQPP,2,0.7,0.4161192489531535,2.2443442327266132e-05,0.2714776632302406,8.166950933778078e-05,97,True
tct,9,bertQPP(QV),2,0.7,0.3522151572431145,0.00040312055447362606,0.22465635738831619,0.0011140538745299275,97,False
tct,9,bertQPP(QV),2,0.7,0.38819300507373566,8.532277950188027e-05,0.2577319587628867,0.0001840336555755922,97,True
tct,9,spatial,2,0.75,0.2799963367188358,0.0054747715304783555,0.2018900343642612,0.0033934144348203364,97,False
tct,9,spatial,2,0.75,0.31352715747926485,0.0017654083315785532,0.24269759450171827,0.0004286013573495472,97,True
tct,9,a_ratio,2,0.75,0.32757131617484314,0.001055723503535596,0.2100515463917526,0.0023030471051788694,97,False
tct,9,a_ratio,2,0.75,0.37692562257815765,0.0001415053003721373,0.26374570446735396,0.00012958397281742168,97,True
tct,9,nqc,2,0.75,0.2170364731766638,0.032730476478263444,0.11082474226804125,0.10779310640620364,97,False
tct,9,nqc,2,0.75,0.3048137205930078,0.002399475131224767,0.19931271477663232,0.003824903963020039,97,True
tct,9,bertQPP,2,0.75,0.3914060110978048,7.36107307108675e-05,0.24097938144329903,0.0004707284379041492,97,False
tct,9,bertQPP,2,0.75,0.4177825493739759,2.0648631126819503e-05,0.28135738831615126,4.4493757835023985e-05,97,True
tct,9,bertQPP(QV),2,0.75,0.36111374906782445,0.00027919387808325764,0.23969072164948454,0.0005048251929224872,97,False
tct,9,bertQPP(QV),2,0.75,0.3929931947200566,6.83943462025353e-05,0.2667525773195877,0.00010844269870482771,97,True
tct,9,spatial,2,0.8,0.2946828063818654,0.0033893850178739874,0.21262886597938147,0.002032205430312129,97,False
tct,9,spatial,2,0.8,0.3219186841210051,0.0013022699573347987,0.24699312714776633,0.0003381788389163567,97,True
tct,9,a_ratio,2,0.8,0.32863283629000223,0.001014468699240318,0.2100515463917526,0.0023030471051788694,97,False
tct,9,a_ratio,2,0.8,0.3773188804694614,0.00013907145634591066,0.26460481099656363,0.00012317744827931967,97,True
tct,9,nqc,2,0.8,0.2370746782063009,0.019382952476881658,0.11984536082474227,0.08201867152410211,97,False
tct,9,nqc,2,0.8,0.32191818034213315,0.0013022940855797293,0.2134879725085911,0.0019486331283160838,97,True
tct,9,bertQPP,2,0.8,0.38850821852473555,8.410141340826689e-05,0.24484536082474234,0.00038088964117221485,97,False
tct,9,bertQPP,2,0.8,0.4141737574736231,2.4727891022748716e-05,0.277491408934708,5.656185112022831e-05,97,True
tct,9,bertQPP(QV),2,0.8,0.3642202354237403,0.00024497007337432377,0.24269759450171827,0.0004286013573495472,97,False
tct,9,bertQPP(QV),2,0.8,0.3934296885858006,6.702133713827857e-05,0.2667525773195877,0.00010844269870482771,97,True
tct,9,spatial,2,0.85,0.30687614716129397,0.002233214015055994,0.21821305841924402,0.0015427588468996702,97,False
tct,9,spatial,2,0.85,0.3335953935109102,0.0008404003613128153,0.24828178694158082,0.0003147483455907583,97,True
tct,9,a_ratio,2,0.85,0.32917564196556537,0.0009939455292029568,0.21606529209621997,0.0017164841150655054,97,False
tct,9,a_ratio,2,0.85,0.3755678528968989,0.00015021514472107213,0.2594501718213059,0.00016660580916833792,97,True
tct,9,nqc,2,0.85,0.26676942179844243,0.0082573011956238,0.13831615120274915,0.044736513464296176,97,False
tct,9,nqc,2,0.85,0.345758680522699,0.0005227570721532272,0.22938144329896912,0.0008728876884960134,97,True
tct,9,bertQPP,2,0.85,0.37941721048271915,0.00012672798980175546,0.24613402061855674,0.00035469522611087794,97,False
tct,9,bertQPP,2,0.85,0.4053633519051363,3.8071961303644124e-05,0.26975945017182135,9.058641607986754e-05,97,True
tct,9,bertQPP(QV),2,0.85,0.3615617907672589,0.0002739997963860697,0.2439862542955327,0.0003993454119661632,97,False
tct,9,bertQPP(QV),2,0.85,0.3894209579306469,8.06558742762194e-05,0.26589347079037806,0.0001141250014345169,97,True
tct,9,spatial,2,0.9,0.3165349307535049,0.001584575522673721,0.22422680412371138,0.0011387880187863695,97,False
tct,9,spatial,2,0.9,0.35017689198442203,0.0004378498018086011,0.25429553264604815,0.00022415245533308512,97,True
tct,9,a_ratio,2,0.9,0.32932399594394635,0.000988402551763473,0.21563573883161516,0.0017533187111864498,97,False
tct,9,a_ratio,2,0.9,0.3714552492715866,0.00017971983254634768,0.2555841924398626,0.0002082313453780151,97,True
tct,9,nqc,2,0.9,0.3116271347794569,0.0018890591025503942,0.17225085910652924,0.012434959394241826,97,False
tct,9,nqc,2,0.9,0.3782466070684839,0.00013348273095277168,0.2491408934707904,0.00029998189638302743,97,True
tct,9,bertQPP,2,0.9,0.36536400468172536,0.00023337666370380978,0.2439862542955327,0.0003993454119661632,97,False
tct,9,bertQPP,2,0.9,0.39198763748693904,7.165763734629149e-05,0.2633161512027492,0.000132903765324325,97,True
tct,9,bertQPP(QV),2,0.9,0.3539225953918932,0.0003759970576039736,0.23410652920962205,0.0006809162092632265,97,False
tct,9,bertQPP(QV),2,0.9,0.3813228887721517,0.000116406078079629,0.2624570446735396,0.00013978519828252247,97,True
tct,9,spatial,2,0.95,0.3237693399355198,0.0012163243772577432,0.22207903780068733,0.0012702502748310276,97,False
tct,9,spatial,2,0.95,0.3708352055894104,0.0001846070759396112,0.2714776632302406,8.166950933778078e-05,97,True
tct,9,a_ratio,2,0.95,0.3291745003548201,0.0009939882929995484,0.21434707903780073,0.0018682268943729797,97,False
tct,9,a_ratio,2,0.95,0.36487515143665017,0.00023826831884819487,0.25042955326460486,0.0002790440350017295,97,True
tct,9,nqc,2,0.95,0.3643443952183001,0.0002436863317994774,0.21606529209621997,0.0017164841150655054,97,False
tct,9,nqc,2,0.95,0.40841478616205495,3.283128716586719e-05,0.27061855670103097,8.601885162206065e-05,97,True
tct,9,bertQPP,2,0.95,0.3479661510410452,0.0004786093390018813,0.22723367697594504,0.000975784420613921,97,False
tct,9,bertQPP,2,0.95,0.37508629324006126,0.0001534217379609242,0.2555841924398626,0.0002082313453780151,97,True
tct,9,bertQPP(QV),2,0.95,0.3425518027264116,0.0005935694512953243,0.22379725085910657,0.0011640289366746655,97,False
tct,9,bertQPP(QV),2,0.95,0.3698388651557032,0.00019271847332215,0.2517182130584193,0.00025948171452482385,97,True
tct,9,spatial,2,1.0,0.32880197438463554,0.0010080326630130525,0.21563573883161516,0.0017533187111864498,97,False
tct,9,spatial,2,1.0,0.355858406768471,0.0003472820161950346,0.24613402061855674,0.00035469522611087794,97,True
tct,9,a_ratio,2,1.0,0.32880197438463554,0.0010080326630130525,0.21563573883161516,0.0017533187111864498,97,False
tct,9,a_ratio,2,1.0,0.355858406768471,0.0003472820161950346,0.24613402061855674,0.00035469522611087794,97,True
tct,9,nqc,2,1.0,0.32880197438463554,0.0010080326630130525,0.21563573883161516,0.0017533187111864498,97,False
tct,9,nqc,2,1.0,0.355858406768471,0.0003472820161950346,0.24613402061855674,0.00035469522611087794,97,True
tct,9,bertQPP,2,1.0,0.32880197438463554,0.0010080326630130525,0.21563573883161516,0.0017533187111864498,97,False
tct,9,bertQPP,2,1.0,0.355858406768471,0.0003472820161950346,0.24613402061855674,0.00035469522611087794,97,True
tct,9,bertQPP(QV),2,1.0,0.32880197438463554,0.0010080326630130525,0.21563573883161516,0.0017533187111864498,97,False
tct,9,bertQPP(QV),2,1.0,0.355858406768471,0.0003472820161950346,0.24613402061855674,0.00035469522611087794,97,True
tct,9,spatial,3,0.0,0.013382096827883258,0.8964907995035795,0.03393470790378007,0.6224147431170471,97,False
tct,9,spatial,3,0.0,0.2806756280578976,0.005357600650554058,0.21907216494845363,0.0014779202366871586,97,True
tct,9,a_ratio,3,0.0,0.08699727737016585,0.3968143680759362,0.0584192439862543,0.3965888091618368,97,False
tct,9,a_ratio,3,0.0,0.28703017363767047,0.004364889994963118,0.22809278350515466,0.000933347093157991,97,True
tct,9,nqc,3,0.0,0.1492631279496186,0.14450956733786507,0.08719931271477664,0.2057421374120063,97,False
tct,9,nqc,3,0.0,0.24089257215590104,0.017459992874871322,0.16537800687285226,0.016403064445582434,97,True
tct,9,bertQPP,3,0.0,0.17672691352325548,0.08333551015854819,0.10137457044673541,0.14127503537333896,97,False
tct,9,bertQPP,3,0.0,0.23874077288827814,0.01852248002459105,0.16752577319587633,0.015057708996420909,97,True
tct,9,bertQPP(QV),3,0.0,0.1310712474602009,0.20065209966598066,0.05541237113402062,0.42134149715143543,97,False
tct,9,bertQPP(QV),3,0.0,0.2058321123136385,0.04310985452091257,0.12156357388316154,0.07772782073014356,97,True
tct,9,spatial,3,0.05,0.024719454096720373,0.8100674680551939,0.039948453608247426,0.5621188569054614,97,False
tct,9,spatial,3,0.05,0.28135039859398825,0.005243421094263396,0.2203608247422681,0.0013853583021557498,97,True
tct,9,a_ratio,3,0.05,0.11689990722451914,0.2541530887907508,0.0854810996563574,0.2148174024411691,97,False
tct,9,a_ratio,3,0.05,0.292807939058675,0.0036083371041422782,0.2328178694158076,0.0007289565212236814,97,True
tct,9,nqc,3,0.05,0.15047017701877147,0.14125388237510797,0.09020618556701032,0.1905365207922204,97,False
tct,9,nqc,3,0.05,0.24214299664695188,0.016867064026477353,0.16623711340206188,0.015852745291372216,97,True
tct,9,bertQPP,3,0.05,0.18613192873204432,0.06793932650661648,0.10438144329896909,0.12985027258664464,97,False
tct,9,bertQPP,3,0.05,0.24829180299623244,0.01419778205364829,0.17697594501718217,0.010225152665271457,97,True
tct,9,bertQPP(QV),3,0.05,0.1403031689797279,0.1704675854050179,0.0622852233676976,0.36608612957525455,97,False
tct,9,bertQPP(QV),3,0.05,0.21549418750128124,0.03402026004333261,0.12929553264604812,0.060624507125192455,97,True
tct,9,spatial,3,0.1,0.03704190840586025,0.7186865478471511,0.04853951890034365,0.4812066051703042,97,False
tct,9,spatial,3,0.1,0.2820953755633069,0.0051198788190478135,0.22079037800687287,0.0013557124652369783,97,True
tct,9,a_ratio,3,0.1,0.1471419307188953,0.1503675549042284,0.09750859106529211,0.15708030004273185,97,False
tct,9,a_ratio,3,0.1,0.2988644801606711,0.0029433503951622436,0.23238831615120278,0.0007456571945733053,97,True
tct,9,nqc,3,0.1,0.151809648792935,0.13770629936766648,0.0893470790378007,0.19479398827541883,97,False
tct,9,nqc,3,0.1,0.24352723289283773,0.016231044574602844,0.16494845360824745,0.01668446543769203,97,True
tct,9,bertQPP,3,0.1,0.1964604880458246,0.053772070159553764,0.11125429553264607,0.10643517898925002,97,False
tct,9,bertQPP,3,0.1,0.2586309120158222,0.01053137568968736,0.18427835051546396,0.0074933028749945285,97,True
tct,9,bertQPP(QV),3,0.1,0.15047148107070712,0.14125039530570224,0.0657216494845361,0.340237883454913,97,False
tct,9,bertQPP(QV),3,0.1,0.22595290592096046,0.0260548552841235,0.14003436426116841,0.04214791401843269,97,True
tct,9,spatial,3,0.15,0.050425989113875344,0.623771362126296,0.05498281786941581,0.42495013508695245,97,False
tct,9,spatial,3,0.15,0.282922079783751,0.0049858198003519885,0.2216494845360825,0.001298168853613724,97,True
tct,9,a_ratio,3,0.15,0.17674476811421025,0.08330384696234487,0.11855670103092786,0.08536128644887009,97,False
tct,9,a_ratio,3,0.15,0.3051985032416226,0.0023676349181073275,0.2285223367697595,0.0009127757207962206,97,True
tct,9,nqc,3,0.15,0.1533045170261127,0.13382742081120774,0.09106529209621994,0.18634796497677564,97,False
tct,9,nqc,3,0.15,0.24506786826371196,0.015547652097039212,0.1666666666666667,0.01558372473088864,97,True
tct,9,bertQPP,3,0.15,0.20781706394756172,0.04109356477944354,0.11984536082474227,0.08201867152410211,97,False
tct,9,bertQPP,3,0.15,0.2698171385555836,0.007524267699873623,0.18470790378006877,0.007355176256510775,97,True
tct,9,bertQPP(QV),3,0.15,0.1616903632811557,0.11359213509575207,0.07216494845360825,0.295009708543132,97,False
tct,9,bertQPP(QV),3,0.15,0.2372682066407716,0.019281269870988535,0.1443298969072165,0.03622527510674091,97,True
tct,9,spatial,3,0.2,0.0649402996376528,0.5274104157067212,0.06486254295532648,0.34658765831762584,97,False
tct,9,spatial,3,0.2,0.2838446883154125,0.004839904750491134,0.2203608247422681,0.0013853583021557498,97,True
tct,9,a_ratio,3,0.2,0.20470181458259185,0.04429431003070493,0.14218213058419246,0.039091423487606906,97,False
tct,9,a_ratio,3,0.2,0.31180144721333936,0.0018773974530225431,0.2328178694158076,0.0007289565212236814,97,True
tct,9,nqc,3,0.2,0.15498337218557284,0.1295709211895605,0.093213058419244,0.17617491386576734,97,False
tct,9,nqc,3,0.2,0.2467928466458535,0.014812187938757314,0.1666666666666667,0.01558372473088864,97,True
tct,9,bertQPP,3,0.2,0.2203086442789435,0.030130031556060848,0.12414089347079041,0.07163599473940602,97,False
tct,9,bertQPP,3,0.2,0.281900423523613,0.005151955770291326,0.19673539518900346,0.004305679427335466,97,True
tct,9,bertQPP(QV),3,0.2,0.1740809214586967,0.08813495659749317,0.07946735395189004,0.2488442983857856,97,False
tct,9,bertQPP(QV),3,0.2,0.24949156992882027,0.01372207421787956,0.15678694158075604,0.022896601370035064,97,True
tct,9,spatial,3,0.25,0.08063741827627482,0.4323534848182733,0.07216494845360825,0.295009708543132,97,False
tct,9,spatial,3,0.25,0.2848808429546535,0.004680574993067492,0.22250859106529214,0.001242886914966472,97,True
tct,9,a_ratio,3,0.25,0.23013721232562778,0.023345304329934022,0.15335051546391754,0.026061836085581373,97,False
tct,9,a_ratio,3,0.25,0.31865468616565173,0.0014673971763775396,0.23410652920962205,0.0006809162092632265,97,True
tct,9,nqc,3,0.25,0.15688224054440214,0.12488215439903223,0.09106529209621994,0.18634796497677564,97,False
tct,9,nqc,3,0.25,0.24873714477973485,0.014019558701972943,0.16838487972508595,0.01454739544260673,97,True
tct,9,bertQPP,3,0.25,0.23403628791875067,0.021040845026664274,0.13402061855670105,0.051800200122302374,97,False
tct,9,bertQPP,3,0.25,0.2949119241512608,0.003363461131257409,0.2053264604810997,0.002887015591872923,97,True
tct,9,bertQPP(QV),3,0.25,0.18776468969903376,0.0655173742048088,0.0889175257731959,0.1969487085850582,97,False
tct,9,bertQPP(QV),3,0.25,0.26265699481568283,0.009345746251170009,0.16881443298969073,0.014298004272030715,97,True
tct,9,spatial,3,0.3,0.0975427627591085,0.3418583181011291,0.08333333333333336,0.22656268559471548,97,False
tct,9,spatial,3,0.3,0.2860527713064747,0.004506012810783949,0.22336769759450176,0.0011897860106094835,97,True
tct,9,a_ratio,3,0.3,0.25243791121233283,0.012612202710612126,0.1709621993127148,0.013106785247853048,97,False
tct,9,a_ratio,3,0.3,0.3257259382197379,0.0011310935741733383,0.2392611683848798,0.0005166931871154039,97,True
tct,9,nqc,3,0.3,0.15904715463041233,0.11969652219846595,0.09192439862542956,0.1822278457949571,97,False
tct,9,nqc,3,0.3,0.25094511439518397,0.013164351774242215,0.16752577319587633,0.015057708996420909,97,True
tct,9,bertQPP,3,0.3,0.24907996775578856,0.013883689611870073,0.14046391752577322,0.04152093691345949,97,False
tct,9,bertQPP,3,0.3,0.3088492027800368,0.002083955064234109,0.21048109965635742,0.002255725464528707,97,True
tct,9,bertQPP(QV),3,0.3,0.2028512319387913,0.04629184600001674,0.10223367697594504,0.13793469449367568,97,False
tct,9,bertQPP(QV),3,0.3,0.27676740109487463,0.006063423460267951,0.17568728522336774,0.01079019991112942,97,True
tct,9,spatial,3,0.35,0.11564015857359246,0.2593419852967422,0.09063573883161513,0.18843365829791547,97,False
tct,9,spatial,3,0.35,0.28738886998903884,0.004314096820730971,0.22293814432989695,0.0012160687743494618,97,True
tct,9,a_ratio,3,0.35,0.2713150813166647,0.0071855027795822805,0.17998281786941583,0.009007907605249525,97,False
tct,9,a_ratio,3,0.35,0.3329647581293813,0.0008608959034925582,0.2452749140893471,0.0003719636432157586,97,True
tct,9,nqc,3,0.35,0.16153786092497954,0.11393764231638581,0.09235395189003438,0.18019329783502935,97,False
tct,9,nqc,3,0.35,0.25347381685228465,0.01224100622155863,0.16838487972508595,0.01454739544260673,97,True
tct,9,bertQPP,3,0.35,0.2654729742039269,0.008587719825777482,0.15206185567010314,0.02734277211201925,97,False
tct,9,bertQPP,3,0.35,0.32365444355681416,0.0012215062695047462,0.2216494845360825,0.001298168853613724,97,True
tct,9,bertQPP(QV),3,0.35,0.21941634492977075,0.03082120868977168,0.11168384879725088,0.1050908480999539,97,False
tct,9,bertQPP(QV),3,0.35,0.29177496507748735,0.0037343040392099334,0.18513745704467358,0.007219338175415614,97,True
tct,9,spatial,3,0.4,0.1348544945685593,0.18784882086738855,0.09922680412371135,0.1498976871116754,97,False
tct,9,spatial,3,0.4,0.28892598641631384,0.004102354826024023,0.22422680412371138,0.0011387880187863695,97,True
tct,9,a_ratio,3,0.4,0.28678512450022203,0.004399896191019105,0.19759450171821308,0.0041396512632380965,97,False
tct,9,a_ratio,3,0.4,0.34029704895074375,0.0006485051667616898,0.25429553264604815,0.00022415245533308512,97,True
tct,9,nqc,3,0.4,0.16443329278495392,0.10751547044342392,0.09278350515463919,0.1781756748775648,97,False
tct,9,nqc,3,0.4,0.25639787108810475,0.011244149084941844,0.16881443298969073,0.014298004272030715,97,True
tct,9,bertQPP,3,0.4,0.2831610928377093,0.004947647806811017,0.1658075601374571,0.016125841537736958,97,False
tct,9,bertQPP,3,0.4,0.33918394643430694,0.0006773065517627639,0.23453608247422683,0.0006655682797928671,97,True
tct,9,bertQPP(QV),3,0.4,0.2374661887137985,0.01917772230342626,0.11941580756013748,0.08312087785946547,97,False
tct,9,bertQPP(QV),3,0.4,0.3075541205066664,0.002180872930284913,0.18857388316151205,0.006211170636578692,97,True
tct,9,spatial,3,0.45,0.15503301684146054,0.12944664778882994,0.11082474226804125,0.10779310640620364,97,False
tct,9,spatial,3,0.45,0.29071278289003477,0.0038679206903965797,0.22809278350515466,0.000933347093157991,97,True
tct,9,a_ratio,3,0.45,0.29909434696276194,0.0029204352611468224,0.20317869415807563,0.0031947282487263706,97,False
tct,9,a_ratio,3,0.45,0.3476186598675313,0.00048532389456247175,0.2564432989690722,0.00019821410424194529,97,True
tct,9,nqc,3,0.45,0.16783986164437675,0.10032479216116627,0.09235395189003438,0.18019329783502935,97,False
tct,9,nqc,3,0.45,0.25981666693282013,0.0101692156298162,0.17053264604811,0.013337754848227265,97,True
tct,9,bertQPP,3,0.45,0.3019418244402614,0.002649566450375069,0.17053264604811,0.013337754848227265,97,False
tct,9,bertQPP,3,0.45,0.3551682913897741,0.00035727893337864986,0.24355670103092786,0.0004088834881762593,97,True
tct,9,bertQPP(QV),3,0.45,0.25688229062473045,0.011086042413408406,0.13058419243986258,0.05810246319620013,97,False
tct,9,bertQPP(QV),3,0.45,0.3238671197873296,0.0012119301960133878,0.20103092783505158,0.0035320539175627825,97,True
tct,9,spatial,3,0.5,0.1759285283845823,0.08476119297285924,0.1202749140893471,0.08092834885233069,97,False
tct,9,spatial,3,0.5,0.29281482393234753,0.003607510438387672,0.23152920962199317,0.0007801296905645403,97,True
tct,9,a_ratio,3,0.5,0.308624587334528,0.002100480410877336,0.2053264604810997,0.002887015591872923,97,False
tct,9,a_ratio,3,0.5,0.3547883845619676,0.0003628945674229177,0.25902061855670105,0.00017081103710396531,97,True
tct,9,nqc,3,0.5,0.17190439245853145,0.09224508096665222,0.09364261168384881,0.17419095096502246,97,False
tct,9,nqc,3,0.5,0.2638653774633785,0.009013553284888638,0.17225085910652924,0.012434959394241826,97,True
tct,9,bertQPP,3,0.5,0.3213825153308306,0.001328180436251367,0.17310996563573885,0.01200419316896961,97,False
tct,9,bertQPP,3,0.5,0.37116586011457187,0.00018198573347320487,0.2521477663230241,0.0002532519652694692,97,True
tct,9,bertQPP(QV),3,0.5,0.277344866863684,0.005954199857761146,0.14948453608247425,0.030068308790855192,97,False
tct,9,bertQPP(QV),3,0.5,0.3403249957997243,0.0006477966896005371,0.21520618556701035,0.0017908788065225548,97,True
tct,9,spatial,3,0.55,0.1971897168047763,0.05287128084114746,0.13058419243986258,0.05810246319620013,97,False
tct,9,spatial,3,0.55,0.29532249154684803,0.0033174509412239746,0.2336769759450172,0.0006965926026270434,97,True
tct,9,a_ratio,3,0.55,0.3158095024967825,0.0016265830734848506,0.20833333333333337,0.0025015666651811157,97,False
tct,9,a_ratio,3,0.55,0.36162108266476806,0.00027331915101316075,0.2620274914089347,0.00014335046231608574,97,True
tct,9,nqc,3,0.55,0.17683498959703003,0.08314399550692837,0.09192439862542956,0.1822278457949571,97,False
tct,9,nqc,3,0.55,0.26873225515236865,0.007778341196316306,0.1752577319587629,0.010984624932232429,97,True
tct,9,bertQPP,3,0.55,0.3407277162021347,0.0006376657146518965,0.18470790378006877,0.007355176256510775,97,False
tct,9,bertQPP,3,0.55,0.3865191967218087,9.208929605144214e-05,0.25515463917525777,0.00021341645031147517,97,True
tct,9,bertQPP(QV),3,0.55,0.29824117015680124,0.0030063020710461813,0.16494845360824745,0.01668446543769203,97,False
tct,9,bertQPP(QV),3,0.55,0.35635236830071493,0.000340285357371292,0.23410652920962205,0.0006809162092632265,97,True
tct,9,spatial,3,0.6,0.2183651614877171,0.031652598340236406,0.14175257731958765,0.039687194240219145,97,False
tct,9,spatial,3,0.6,0.2983636977612797,0.0029938326930330746,0.23238831615120278,0.0007456571945733053,97,True
tct,9,a_ratio,3,0.6,0.3210753372218659,0.0013432349255437619,0.21176975945017185,0.0021190549684448486,97,False
tct,9,a_ratio,3,0.6,0.36788224336506814,0.00020961494717220702,0.2667525773195877,0.00010844269870482771,97,True
tct,9,nqc,3,0.6,0.1829359951380778,0.07288959702930942,0.09278350515463919,0.1781756748775648,97,False
tct,9,nqc,3,0.6,0.2746866482758899,0.00647185788852169,0.17697594501718217,0.010225152665271457,97,True
tct,9,bertQPP,3,0.6,0.35882985838019466,0.00030711030780622135,0.20317869415807563,0.0031947282487263706,97,False
tct,9,bertQPP,3,0.6,0.40033440138030496,4.844497277247682e-05,0.26632302405498287,0.00011124963084926736,97,True
tct,9,bertQPP(QV),3,0.6,0.31858616346819496,0.0014710586662363765,0.18771477663230243,0.006450561996249079,97,False
tct,9,bertQPP(QV),3,0.6,0.3711727230912241,0.00018193169218784375,0.24226804123711343,0.00043878992015195634,97,True
tct,9,spatial,3,0.65,0.23892688930946848,0.018428432620248614,0.1628006872852234,0.018155972846842318,97,False
tct,9,spatial,3,0.65,0.3021250293073733,0.002632938613280557,0.23324742268041243,0.0007126038672884247,97,True
tct,9,a_ratio,3,0.65,0.324806941249154,0.0011704250211224123,0.2203608247422681,0.0013853583021557498,97,False
tct,9,a_ratio,3,0.65,0.37328605982023255,0.00016597897998696089,0.2676116838487973,0.00010302809096628477,97,True
tct,9,nqc,3,0.65,0.19066911435136535,0.0613825031615954,0.09664948453608249,0.16076803875264556,97,False
tct,9,nqc,3,0.65,0.2821258668161507,0.005114877955641859,0.17998281786941583,0.009007907605249525,97,True
tct,9,bertQPP,3,0.65,0.3741700749779656,0.00015969835648989197,0.22422680412371138,0.0011387880187863695,97,False
tct,9,bertQPP,3,0.65,0.411515023340469,2.820324095860097e-05,0.2654639175257732,0.00011707036468109733,97,True
tct,9,bertQPP(QV),3,0.65,0.3370135125845467,0.000736857074034949,0.21477663230240554,0.0018291772025326055,97,False
tct,9,bertQPP(QV),3,0.65,0.3838385003751307,0.00010397319080223747,0.24828178694158082,0.0003147483455907583,97,True
tct,9,spatial,3,0.7,0.2583153887504386,0.010629626290609403,0.17268041237113405,0.01221789425088413,97,False
tct,9,spatial,3,0.7,0.306888247806675,0.0022322699757193047,0.24012027491408938,0.0004932117335580638,97,True
tct,9,a_ratio,3,0.7,0.32733329681738,0.0010651809958646709,0.21606529209621997,0.0017164841150655054,97,False
tct,9,a_ratio,3,0.7,0.377499815448068,0.00013796474629662196,0.26460481099656363,0.00012317744827931967,97,True
tct,9,nqc,3,0.7,0.2007654290729361,0.04863216879127004,0.09579037800687287,0.16452082122278677,97,False
tct,9,nqc,3,0.7,0.29165595559828783,0.0037490665617756027,0.18041237113402064,0.008845012615594157,97,True
tct,9,bertQPP,3,0.7,0.3850513155568481,9.843040914806237e-05,0.2328178694158076,0.0007289565212236814,97,False
tct,9,bertQPP,3,0.7,0.41888314513377956,1.9535919484748603e-05,0.2731958762886598,7.358676773635807e-05,97,True
tct,9,bertQPP(QV),3,0.7,0.35191506342749895,0.0004080695301368697,0.22895189003436428,0.0008926252002239728,97,False
tct,9,bertQPP(QV),3,0.7,0.3933295930014554,6.73339046330696e-05,0.256872852233677,0.0001933769855221948,97,True
tct,9,spatial,3,0.75,0.2760008943010288,0.006211144565560453,0.19243986254295536,0.005229928831102741,97,False
tct,9,spatial,3,0.75,0.3130955304508407,0.0017928368703572916,0.24355670103092786,0.0004088834881762593,97,True
tct,9,a_ratio,3,0.75,0.32892551778903895,0.001003355123565987,0.21262886597938147,0.002032205430312129,97,False
tct,9,a_ratio,3,0.75,0.380157718364436,0.00012262021788350883,0.2654639175257732,0.00011707036468109733,97,True
tct,9,nqc,3,0.75,0.21444055272325394,0.03492576076074314,0.10524054982817871,0.12672143082539938,97,False
tct,9,nqc,3,0.75,0.3042331040552094,0.0024482507564379244,0.1902920962199313,0.005756239608165468,97,True
tct,9,bertQPP,3,0.75,0.38999179102386683,7.856823425002247e-05,0.23453608247422683,0.0006655682797928671,97,False
tct,9,bertQPP,3,0.75,0.42139552561692967,1.720287904176443e-05,0.27362542955326463,7.168767375692266e-05,97,True
tct,9,bertQPP(QV),3,0.75,0.3617707047074306,0.0002716084809304468,0.23840206185567014,0.0005412133012575864,97,False
tct,9,bertQPP(QV),3,0.75,0.39872411062326363,5.2288068022270506e-05,0.2564432989690722,0.00019821410424194529,97,True
tct,9,spatial,3,0.8,0.2915481150202289,0.0037624886953053892,0.19243986254295536,0.005229928831102741,97,False
tct,9,spatial,3,0.8,0.3214680077627964,0.001324017877025911,0.24699312714776633,0.0003381788389163567,97,True
tct,9,a_ratio,3,0.8,0.3298015371015377,0.000970750782069172,0.20704467353951894,0.0026605976928076114,97,False
tct,9,a_ratio,3,0.8,0.380886664319798,0.00011869752174114042,0.27061855670103097,8.601885162206065e-05,97,True
tct,9,nqc,3,0.8,0.23382059607572128,0.021163025316636785,0.10953608247422682,0.11194930892644765,97,False
tct,9,nqc,3,0.8,0.3214008184624827,0.0013272882728900277,0.20360824742268044,0.003130893451622874,97,True
tct,9,bertQPP,3,0.8,0.3882004362866376,8.52937967518051e-05,0.23969072164948454,0.0005048251929224872,97,False
tct,9,bertQPP,3,0.8,0.41840652765858444,2.001070231518139e-05,0.2719072164948454,7.957359852373424e-05,97,True
tct,9,bertQPP(QV),3,0.8,0.36558788292670497,0.00023116755585788268,0.24097938144329903,0.0004707284379041492,97,False
tct,9,bertQPP(QV),3,0.8,0.39940469574277154,5.063035768802377e-05,0.2594501718213059,0.00016660580916833792,97,True
tct,9,spatial,3,0.85,0.30466775104630683,0.0024116544609313105,0.2014604810996564,0.0034621026042757834,97,False
tct,9,spatial,3,0.85,0.3332056732280343,0.0008530129654177218,0.2530068728522337,0.00024121095691616908,97,True
tct,9,a_ratio,3,0.85,0.33013359242716855,0.0009586465760167909,0.20575601374570449,0.0028288190417010725,97,False
tct,9,a_ratio,3,0.85,0.379344150878633,0.0001271401109973218,0.2667525773195877,0.00010844269870482771,97,True
tct,9,nqc,3,0.85,0.2627299936274348,0.009325377506531798,0.12757731958762888,0.06412770883743656,97,False
tct,9,nqc,3,0.85,0.3455624369701735,0.0005268572356267175,0.22680412371134026,0.0009976667225656776,97,True
tct,9,bertQPP,3,0.85,0.37987886293072737,0.0001241523749176414,0.23625429553264607,0.0006073368350083252,97,False
tct,9,bertQPP,3,0.85,0.4098717624979149,3.057433780643825e-05,0.26116838487972516,0.00015073942387955493,97,True
tct,9,bertQPP(QV),3,0.85,0.36323341478771043,0.0002553973984914743,0.23024054982817874,0.0008346209629654949,97,False
tct,9,bertQPP(QV),3,0.85,0.3952236166559788,6.164354280003946e-05,0.2641752577319588,0.00012634244111771396,97,True
tct,9,spatial,3,0.9,0.31524128267578083,0.0016601886746359096,0.20403780068728525,0.00306822352558543,97,False
tct,9,spatial,3,0.9,0.35011433565997097,0.00043895789225906033,0.25429553264604815,0.00022415245533308512,97,True
tct,9,a_ratio,3,0.9,0.33005624889878227,0.0009614535779681643,0.20446735395189009,0.0030066996042901117,97,False
tct,9,a_ratio,3,0.9,0.3752645696245187,0.00015222731782717414,0.2676116838487973,0.00010302809096628477,97,True
tct,9,nqc,3,0.9,0.30711819654935735,0.0022143986406661623,0.16537800687285226,0.016403064445582434,97,False
tct,9,nqc,3,0.9,0.3791265055327561,0.0001283752027593765,0.2491408934707904,0.00029998189638302743,97,True
tct,9,bertQPP,3,0.9,0.3661479051445452,0.00022572585555933637,0.2216494845360825,0.001298168853613724,97,False
tct,9,bertQPP,3,0.9,0.39638533980858276,5.837840408110652e-05,0.27018900343642616,8.827472841766767e-05,97,True
tct,9,bertQPP(QV),3,0.9,0.35545191079068467,0.0003531388368235056,0.22250859106529214,0.001242886914966472,97,False
tct,9,bertQPP(QV),3,0.9,0.38654853857731064,9.196650222421356e-05,0.26159793814432997,0.00014700123564547276,97,True
tct,9,spatial,3,0.95,0.323314657089886,0.0012369484577526462,0.20017182130584193,0.0036758280937195186,97,False
tct,9,spatial,3,0.95,0.37199284469161376,0.00017557963030669313,0.2628865979381444,0.00013630357600274067,97,True
tct,9,a_ratio,3,0.95,0.3296738247930101,0.0009754431640724984,0.21048109965635742,0.002255725464528707,97,False
tct,9,a_ratio,3,0.95,0.36850533343470276,0.00020409118612609768,0.2577319587628867,0.0001840336555755922,97,True
tct,9,nqc,3,0.95,0.3619795451749437,0.0002692372575929246,0.2298109965635739,0.0008535554716530555,97,False
tct,9,nqc,3,0.95,0.4120017180302048,2.7534706231183425e-05,0.2689003436426117,9.538240628081039e-05,97,True
tct,9,bertQPP,3,0.95,0.34864834481359475,0.000465674712130842,0.20833333333333337,0.0025015666651811157,97,False
tct,9,bertQPP,3,0.95,0.3790245331010602,0.00012895769447940394,0.2594501718213059,0.00016660580916833792,97,True
tct,9,bertQPP(QV),3,0.95,0.34356758022566924,0.0005702420433687867,0.21134020618556704,0.0021637443470699886,97,False
tct,9,bertQPP(QV),3,0.95,0.3741645335967658,0.00015973703123890138,0.25902061855670105,0.00017081103710396531,97,True
tct,9,spatial,3,1.0,0.32906676675278695,0.0009980314558700693,0.20575601374570449,0.0028288190417010725,97,False
tct,9,spatial,3,1.0,0.35908100495333306,0.00030391926469586564,0.24312714776632308,0.0004186340215940853,97,True
tct,9,a_ratio,3,1.0,0.32906676675278695,0.0009980314558700693,0.20575601374570449,0.0028288190417010725,97,False
tct,9,a_ratio,3,1.0,0.35908100495333306,0.00030391926469586564,0.24312714776632308,0.0004186340215940853,97,True
tct,9,nqc,3,1.0,0.32906676675278695,0.0009980314558700693,0.20575601374570449,0.0028288190417010725,97,False
tct,9,nqc,3,1.0,0.35908100495333306,0.00030391926469586564,0.24312714776632308,0.0004186340215940853,97,True
tct,9,bertQPP,3,1.0,0.32906676675278695,0.0009980314558700693,0.20575601374570449,0.0028288190417010725,97,False
tct,9,bertQPP,3,1.0,0.35908100495333306,0.00030391926469586564,0.24312714776632308,0.0004186340215940853,97,True
tct,9,bertQPP(QV),3,1.0,0.32906676675278695,0.0009980314558700693,0.20575601374570449,0.0028288190417010725,97,False
tct,9,bertQPP(QV),3,1.0,0.35908100495333306,0.00030391926469586564,0.24312714776632308,0.0004186340215940853,97,True
tct,9,spatial,4,0.0,0.013382096827883258,0.8964907995035795,0.03393470790378007,0.6224147431170471,97,False
tct,9,spatial,4,0.0,0.2806756280578976,0.005357600650554058,0.21907216494845363,0.0014779202366871586,97,True
tct,9,a_ratio,4,0.0,0.08699727737016585,0.3968143680759362,0.0584192439862543,0.3965888091618368,97,False
tct,9,a_ratio,4,0.0,0.28703017363767047,0.004364889994963118,0.22809278350515466,0.000933347093157991,97,True
tct,9,nqc,4,0.0,0.1492631279496186,0.14450956733786507,0.08719931271477664,0.2057421374120063,97,False
tct,9,nqc,4,0.0,0.24089257215590104,0.017459992874871322,0.16537800687285226,0.016403064445582434,97,True
tct,9,bertQPP,4,0.0,0.17672691352325548,0.08333551015854819,0.10137457044673541,0.14127503537333896,97,False
tct,9,bertQPP,4,0.0,0.23874077288827814,0.01852248002459105,0.16752577319587633,0.015057708996420909,97,True
tct,9,bertQPP(QV),4,0.0,0.1310712474602009,0.20065209966598066,0.05541237113402062,0.42134149715143543,97,False
tct,9,bertQPP(QV),4,0.0,0.2058321123136385,0.04310985452091257,0.12156357388316154,0.07772782073014356,97,True
tct,9,spatial,4,0.05,0.025138954363746326,0.8069063787459452,0.040378006872852236,0.5579222431626273,97,False
tct,9,spatial,4,0.05,0.2813658073431728,0.005240839200641069,0.22079037800687287,0.0013557124652369783,97,True
tct,9,a_ratio,4,0.05,0.11870544204560093,0.24684081556703788,0.08762886597938145,0.2035174890452155,97,False
tct,9,a_ratio,4,0.05,0.2930369707019588,0.003580928111832954,0.23238831615120278,0.0007456571945733053,97,True
tct,9,nqc,4,0.05,0.15054093881229863,0.14106475753784065,0.09020618556701032,0.1905365207922204,97,False
tct,9,nqc,4,0.05,0.24220453090669936,0.01683834012047748,0.16623711340206188,0.015852745291372216,97,True
tct,9,bertQPP,4,0.05,0.1866184379309751,0.06721020288280528,0.1048109965635739,0.1282784361242476,97,False
tct,9,bertQPP,4,0.05,0.24860068776449706,0.014073960419144856,0.17740549828178698,0.010042744211065484,97,True
tct,9,bertQPP(QV),4,0.05,0.14079887864218946,0.16894719281661585,0.06443298969072167,0.34979065764691386,97,False
tct,9,bertQPP(QV),4,0.05,0.21585431695510457,0.03371532660282647,0.13015463917525774,0.058933277914773506,97,True
tct,9,spatial,4,0.1,0.03786682895003503,0.7126924956772107,0.05240549828178695,0.4469779106399572,97,False
tct,9,spatial,4,0.1,0.2821278717753709,0.005114549275016428,0.22079037800687287,0.0013557124652369783,97,True
tct,9,a_ratio,4,0.1,0.1510955160322971,0.13958916817783293,0.1048109965635739,0.1282784361242476,97,False
tct,9,a_ratio,4,0.1,0.29934399844854187,0.0028957294294862028,0.2328178694158076,0.0007289565212236814,97,True
tct,9,nqc,4,0.1,0.15195957791689377,0.13731345791727534,0.09020618556701032,0.1905365207922204,97,False
tct,9,nqc,4,0.1,0.24365750332007924,0.01617227078812598,0.16537800687285226,0.016403064445582434,97,True
tct,9,bertQPP,4,0.1,0.1975081498883448,0.052481843770687986,0.11297250859106532,0.10113858933462912,97,False
tct,9,bertQPP,4,0.1,0.25929136172285144,0.01032828875991507,0.18384879725085912,0.0076337511300162714,97,True
tct,9,bertQPP(QV),4,0.1,0.15154327608439525,0.13840634644411387,0.06829896907216496,0.32163912125241456,97,False
tct,9,bertQPP(QV),4,0.1,0.22672558584530378,0.025535268272741305,0.14175257731958765,0.039687194240219145,97,True
tct,9,spatial,4,0.15,0.051636082185765986,0.615457229393195,0.053694158075601385,0.43588378893929247,97,False
tct,9,spatial,4,0.15,0.2829736331202912,0.004977564290359243,0.22207903780068733,0.0012702502748310276,97,True
tct,9,a_ratio,4,0.15,0.18310871075710863,0.07261484808515044,0.12929553264604812,0.060624507125192455,97,False
tct,9,a_ratio,4,0.15,0.305952637610289,0.002306333242142867,0.23496563573883167,0.0006505425158083947,97,True
tct,9,nqc,4,0.15,0.15354360002809897,0.1332148419876816,0.09192439862542956,0.1822278457949571,97,False
tct,9,nqc,4,0.15,0.2452754068643143,0.01545752429935973,0.16623711340206188,0.015852745291372216,97,True
tct,9,bertQPP,4,0.15,0.20951592949136338,0.039430899992964716,0.1207044673539519,0.07984982362376257,97,False
tct,9,bertQPP,4,0.15,0.27087927024442704,0.00728264530575151,0.18728522336769762,0.006573343269072617,97,True
tct,9,bertQPP(QV),4,0.15,0.16343581395907011,0.10969526807754468,0.07259450171821306,0.29214479548279504,97,False
tct,9,bertQPP(QV),4,0.15,0.23851481332922925,0.01863721602202001,0.14905498281786944,0.030544557732034724,97,True
tct,9,spatial,4,0.2,0.06650946978023636,0.5174586230313334,0.06056701030927836,0.3794578311122522,97,False
tct,9,spatial,4,0.2,0.28391763094824235,0.0048285323525919166,0.2212199312714777,0.001326652810302692,97,True
tct,9,a_ratio,4,0.2,0.21359715645537322,0.035665096045876324,0.14948453608247425,0.030068308790855192,97,False
tct,9,a_ratio,4,0.2,0.3128573331436616,0.0018081380572598413,0.23754295532646055,0.0005668140402706258,97,True
tct,9,nqc,4,0.2,0.15532359646432278,0.12872107808029684,0.09278350515463919,0.1781756748775648,97,False
tct,9,nqc,4,0.2,0.2470878610537387,0.014689474226831247,0.16838487972508595,0.01454739544260673,97,True
tct,9,bertQPP,4,0.2,0.22276755211213808,0.028292839933733757,0.1254295532646048,0.06874005870255491,97,False
tct,9,bertQPP,4,0.2,0.28342295665566797,0.004906125169543,0.19974226804123715,0.0037496927052216027,97,True
tct,9,bertQPP(QV),4,0.2,0.17661865396626011,0.08352770232085456,0.08376288659793817,0.22417771625382632,97,False
tct,9,bertQPP(QV),4,0.2,0.25128359655651167,0.013037344763312406,0.1585051546391753,0.021443192891173694,97,True
tct,9,spatial,4,0.25,0.08253517659661783,0.42156337828811163,0.07001718213058421,0.30961588134500106,97,False
tct,9,spatial,4,0.25,0.28497796463963254,0.004665882819209156,0.2216494845360825,0.001298168853613724,97,True
tct,9,a_ratio,4,0.25,0.2415085340875603,0.017165704617479943,0.16408934707903783,0.01726000960595295,97,False
tct,9,a_ratio,4,0.25,0.3200428022046915,0.001394980850407222,0.2366838487972509,0.0005935388745829456,97,True
tct,9,nqc,4,0.25,0.1573381622493944,0.12377599828094699,0.09278350515463919,0.1781756748775648,97,False
tct,9,nqc,4,0.25,0.24913198249868604,0.013863175182938907,0.16881443298969073,0.014298004272030715,97,True
tct,9,bertQPP,4,0.25,0.23738662768250568,0.019219276275414355,0.13402061855670105,0.051800200122302374,97,False
tct,9,bertQPP,4,0.25,0.2969632620096406,0.003139158129988053,0.20661512027491413,0.0027156275780873427,97,True
tct,9,bertQPP(QV),4,0.25,0.19123869559914,0.06059710795531757,0.09192439862542956,0.1822278457949571,97,False
tct,9,bertQPP(QV),4,0.25,0.26507692431458335,0.008690951812130608,0.1701030927835052,0.013572314777054699,97,True
tct,9,spatial,4,0.3,0.099737423023849,0.33105464154068204,0.07646048109965638,0.26720251399217865,97,False
tct,9,spatial,4,0.3,0.28617744791832134,0.004487787807341971,0.22207903780068733,0.0012702502748310276,97,True
tct,9,a_ratio,4,0.3,0.2660598008126238,0.008436744433246936,0.18170103092783507,0.008372001763204117,97,False
tct,9,a_ratio,4,0.3,0.3274804213121325,0.0010593260720265871,0.24269759450171827,0.0004286013573495472,97,True
tct,9,nqc,4,0.3,0.15963668143042664,0.11831358744480491,0.093213058419244,0.17617491386576734,97,False
tct,9,nqc,4,0.3,0.251454897691685,0.012973475694247885,0.16924398625429557,0.01405239227763608,97,True
tct,9,bertQPP,4,0.3,0.25347940199604446,0.012239030993364819,0.147766323024055,0.03201236643126749,97,False
tct,9,bertQPP,4,0.3,0.31150815059594505,0.0018970568005543362,0.21477663230240554,0.0018291772025326055,97,True
tct,9,bertQPP(QV),4,0.3,0.2074351350655031,0.04147529421608919,0.10609965635738833,0.1236515932692785,97,False
tct,9,bertQPP(QV),4,0.3,0.2799088615428289,0.005490024352374841,0.17568728522336774,0.01079019991112942,97,True
tct,9,spatial,4,0.35,0.11810446107942205,0.24925845924684265,0.08805841924398626,0.2013104039967497,97,False
tct,9,spatial,4,0.35,0.2875452407653153,0.004292119494253107,0.2216494845360825,0.001298168853613724,97,True
tct,9,a_ratio,4,0.35,0.2868371731197781,0.00439243997439414,0.19630584192439868,0.0043909374810577745,97,False
tct,9,a_ratio,4,0.35,0.335123651793542,0.0007925663152063675,0.2521477663230241,0.0002532519652694692,97,True
tct,9,nqc,4,0.35,0.16228335410699085,0.11225637648940967,0.09149484536082475,0.1842793810224047,97,False
tct,9,nqc,4,0.35,0.25411732846021806,0.012015244117027125,0.17139175257731962,0.012879359856548544,97,True
tct,9,bertQPP,4,0.35,0.2711081111846912,0.0072314929053845355,0.16408934707903783,0.01726000960595295,97,False
tct,9,bertQPP,4,0.35,0.32701005918638876,0.0010781480569257795,0.22422680412371138,0.0011387880187863695,97,True
tct,9,bertQPP(QV),4,0.35,0.22531645905730713,0.02648956208885059,0.1164089347079038,0.09117630712765404,97,False
tct,9,bertQPP(QV),4,0.35,0.2957414533330619,0.0032710823319569014,0.1859965635738832,0.006954397086601862,97,True
tct,9,spatial,4,0.4,0.13757424504314436,0.17901847037889446,0.10309278350515466,0.1346555631057889,97,False
tct,9,spatial,4,0.4,0.28911920395596297,0.00407640614116147,0.22422680412371138,0.0011387880187863695,97,True
tct,9,a_ratio,4,0.4,0.30379626664900555,0.0024855346031103964,0.202319587628866,0.003325969220576063,97,False
tct,9,a_ratio,4,0.4,0.34290241243372266,0.0005854206773039311,0.2577319587628867,0.0001840336555755922,97,True
tct,9,nqc,4,0.4,0.16536315686747904,0.1055139757812539,0.09364261168384881,0.17419095096502246,97,False
tct,9,nqc,4,0.4,0.25719881781781895,0.010983786013381151,0.1701030927835052,0.013572314777054699,97,True
tct,9,bertQPP,4,0.4,0.2902470566707105,0.0039278423660464214,0.17353951890034366,0.011793812186781842,97,False
tct,9,bertQPP,4,0.4,0.34333368764228844,0.0005755376988308502,0.23453608247422683,0.0006655682797928671,97,True
tct,9,bertQPP(QV),4,0.4,0.24492098690112402,0.015611712938308266,0.12628865979381446,0.0668634129345248,97,False
tct,9,bertQPP(QV),4,0.4,0.3124552015402493,0.0018342381517978297,0.19802405498281792,0.004058834798972484,97,True
tct,9,spatial,4,0.45,0.15801888450097862,0.12213845774225833,0.11082474226804125,0.10779310640620364,97,False
tct,9,spatial,4,0.45,0.29094937508464835,0.003837794189334369,0.22680412371134026,0.0009976667225656776,97,True
tct,9,a_ratio,4,0.45,0.31718314563405864,0.0015478733031819045,0.2096219931271478,0.002351276432455258,97,False
tct,9,a_ratio,4,0.45,0.3507164306773621,0.0004283987964590287,0.26116838487972516,0.00015073942387955493,97,True
tct,9,nqc,4,0.45,0.16899090141557827,0.09798231262624056,0.09579037800687287,0.16452082122278677,97,False
tct,9,nqc,4,0.45,0.2608055288535166,0.009875583405140925,0.17225085910652924,0.012434959394241826,97,True
tct,9,bertQPP,4,0.45,0.3107150111795933,0.0019511553704097868,0.17568728522336774,0.01079019991112942,97,False
tct,9,bertQPP,4,0.45,0.36021320872104046,0.00028990939680055626,0.24570446735395193,0.0003632334933323789,97,True
tct,9,bertQPP(QV),4,0.45,0.2661539918624379,0.008412730314391501,0.14175257731958765,0.039687194240219145,97,False
tct,9,bertQPP(QV),4,0.45,0.32981061685107155,0.0009704179600733813,0.20747422680412375,0.0026065887949513057,97,True
tct,9,spatial,4,0.5,0.17923018921653344,0.07898896723020193,0.12757731958762888,0.06412770883743656,97,False
tct,9,spatial,4,0.5,0.29310323412566597,0.003573032978840434,0.23067010309278352,0.00081607670119364,97,True
tct,9,a_ratio,4,0.5,0.3274219185969415,0.0010616507113627345,0.21821305841924402,0.0015427588468996702,97,False
tct,9,a_ratio,4,0.5,0.358427842486717,0.0003122825978697391,0.26718213058419243,0.00010570268251880998,97,True
tct,9,nqc,4,0.5,0.17332542125054679,0.08954484043451395,0.0970790378006873,0.15891607395046403,97,False
tct,9,nqc,4,0.5,0.2650821936766702,0.008689571199816544,0.17310996563573885,0.01200419316896961,97,True
tct,9,bertQPP,4,0.5,0.33208073698411084,0.0008903946195215605,0.19329896907216498,0.0050318722795436996,97,False
tct,9,bertQPP,4,0.5,0.37720123392337335,0.00013979546365498036,0.2598797250859107,0.00016249811961052113,97,True
tct,9,bertQPP(QV),4,0.5,0.28869644999963573,0.004133372687144155,0.15721649484536085,0.02252544814571104,97,False
tct,9,bertQPP(QV),4,0.5,0.3474035296338106,0.0004895240594808491,0.22079037800687287,0.0013557124652369783,97,True
tct,9,spatial,4,0.55,0.20091001897973618,0.04846684154479186,0.14561855670103094,0.03459309466060896,97,False
tct,9,spatial,4,0.55,0.2956739141811411,0.0032785177253837486,0.23152920962199317,0.0007801296905645403,97,True
tct,9,a_ratio,4,0.55,0.33500985314139536,0.0007960405906892797,0.22379725085910657,0.0011640289366746655,97,False
tct,9,a_ratio,4,0.55,0.36585371616116286,0.00022856954249992668,0.27018900343642616,8.827472841766767e-05,97,True
tct,9,nqc,4,0.55,0.17859256211181407,0.08007849348477843,0.09836769759450173,0.15345704089516993,97,False
tct,9,nqc,4,0.55,0.27023096248633116,0.007429299188912201,0.17568728522336774,0.01079019991112942,97,True
tct,9,bertQPP,4,0.55,0.3535506565146271,0.00038175830980555724,0.20446735395189009,0.0030066996042901117,97,False
tct,9,bertQPP,4,0.55,0.39361912997861487,6.643346530134198e-05,0.2633161512027492,0.000132903765324325,97,True
tct,9,bertQPP(QV),4,0.55,0.3118906969043788,0.001871451796396751,0.18041237113402064,0.008845012615594157,97,False
tct,9,bertQPP(QV),4,0.55,0.36462320810806387,0.0002408261626476599,0.23969072164948454,0.0005048251929224872,97,True
tct,9,spatial,4,0.6,0.22267024891766823,0.028363692608115335,0.1512027491408935,0.028226597294347726,97,False
tct,9,spatial,4,0.6,0.2987934280811273,0.0029504660828552176,0.2336769759450172,0.0006965926026270434,97,True
tct,9,a_ratio,4,0.6,0.34044128099559035,0.00064485635681253,0.23152920962199317,0.0007801296905645403,97,False
tct,9,a_ratio,4,0.6,0.37275978367083695,0.00016982577991613262,0.2680412371134021,0.00010041746330816103,97,True
tct,9,nqc,4,0.6,0.18512392202574512,0.06947038407810184,0.09493127147766325,0.1683392012081001,97,False
tct,9,nqc,4,0.6,0.27654210213424085,0.0061065164771022945,0.1786941580756014,0.00951278395726825,97,True
tct,9,bertQPP,4,0.6,0.37387562724653534,0.00016176543891117365,0.22079037800687287,0.0013557124652369783,97,False
tct,9,bertQPP,4,0.6,0.4085301840804474,3.264700142670896e-05,0.2714776632302406,8.166950933778078e-05,97,True
tct,9,bertQPP(QV),4,0.6,0.33463369144478333,0.000807624020912855,0.20446735395189009,0.0030066996042901117,97,False
tct,9,bertQPP(QV),4,0.6,0.38063204504125864,0.00012005428320384953,0.25601374570446744,0.000203164735220203,97,True
tct,9,spatial,4,0.65,0.24404709413391074,0.015997597137216775,0.16838487972508595,0.01454739544260673,97,False
tct,9,spatial,4,0.65,0.3026547610910703,0.0025853864719155304,0.23582474226804126,0.000621432826309228,97,True
tct,9,a_ratio,4,0.65,0.34416336243196427,0.0005569537829310802,0.23152920962199317,0.0007801296905645403,97,False
tct,9,a_ratio,4,0.65,0.37885745258088505,0.0001299174001162273,0.2719072164948454,7.957359852373424e-05,97,True
tct,9,nqc,4,0.65,0.1934250899115746,0.057658052732263244,0.10137457044673541,0.14127503537333896,97,False
tct,9,nqc,4,0.65,0.2844457123745372,0.004746907003101692,0.1859965635738832,0.006954397086601862,97,True
tct,9,bertQPP,4,0.65,0.39135580560760713,7.378162211888194e-05,0.23969072164948454,0.0005048251929224872,97,False
tct,9,bertQPP,4,0.65,0.4207703560789111,1.7757677382973175e-05,0.27362542955326463,7.168767375692266e-05,97,True
tct,9,bertQPP(QV),4,0.65,0.35535003067978915,0.0003546209098170082,0.22938144329896912,0.0008728876884960134,97,False
tct,9,bertQPP(QV),4,0.65,0.3943952984502205,6.407464978974543e-05,0.2641752577319588,0.00012634244111771396,97,True
tct,9,spatial,4,0.7,0.26453239900256115,0.008834665663410896,0.19072164948453613,0.005647306460207743,97,False
tct,9,spatial,4,0.7,0.30755025003709036,0.002181168571772175,0.24183848797250862,0.0004492042155364218,97,True
tct,9,a_ratio,4,0.7,0.34655704226040296,0.000506376601944533,0.2298109965635739,0.0008535554716530555,97,False
tct,9,a_ratio,4,0.7,0.3838069874098643,0.00010412100061321917,0.279639175257732,4.952017035250988e-05,97,True
tct,9,nqc,4,0.7,0.20430192514721895,0.04471977970280534,0.10309278350515466,0.1346555631057889,97,False
tct,9,nqc,4,0.7,0.29460172162425924,0.0033986022768668148,0.18728522336769762,0.006573343269072617,97,True
tct,9,bertQPP,4,0.7,0.4040484738293656,4.0562782573767137e-05,0.24699312714776633,0.0003381788389163567,97,False
tct,9,bertQPP,4,0.7,0.4290742873704909,1.1588760287759847e-05,0.28135738831615126,4.4493757835023985e-05,97,True
tct,9,bertQPP(QV),4,0.7,0.37214918879068803,0.00017439224350655234,0.25042955326460486,0.0002790440350017295,97,False
tct,9,bertQPP(QV),4,0.7,0.4047895894579097,3.9140754720321884e-05,0.2654639175257732,0.00011707036468109733,97,True
tct,9,spatial,4,0.75,0.28362002534666286,0.0048750816693767345,0.20489690721649487,0.002946303078171719,97,False
tct,9,spatial,4,0.75,0.31394090232807026,0.0017394730810512222,0.24871134020618557,0.00030728207639036943,97,True
tct,9,a_ratio,4,0.75,0.34793417922293735,0.0004792235483864664,0.22766323024054988,0.0009543472910132449,97,False
tct,9,a_ratio,4,0.75,0.3872302170317638,8.91561990009409e-05,0.2856529209621994,3.395967010111564e-05,97,True
tct,9,nqc,4,0.75,0.219106489135464,0.03106433627400078,0.11168384879725088,0.1050908480999539,97,False
tct,9,nqc,4,0.75,0.3080597254198213,0.0021425622010302356,0.19673539518900346,0.004305679427335466,97,True
tct,9,bertQPP,4,0.75,0.4102254537709037,3.0048771680944318e-05,0.2624570446735396,0.00013978519828252247,97,False
tct,9,bertQPP,4,0.75,0.43230820299665706,9.784186513658604e-06,0.2835051546391753,3.888953702314073e-05,97,True
tct,9,bertQPP(QV),4,0.75,0.3832302993210095,0.00010686062116064801,0.25429553264604815,0.00022415245533308512,97,False
tct,9,bertQPP(QV),4,0.75,0.4107962376551374,2.9218401415515144e-05,0.26159793814432997,0.00014700123564547276,97,True
tct,9,spatial,4,0.8,0.30085981766915515,0.0027497108965551073,0.21434707903780073,0.0018682268943729797,97,False
tct,9,spatial,4,0.8,0.32258489029501725,0.0012707152688484376,0.2508591065292096,0.00027237466938260737,97,True
tct,9,a_ratio,4,0.8,0.34854328645757543,0.00046764551964587346,0.23410652920962205,0.0006809162092632265,97,False
tct,9,a_ratio,4,0.8,0.38873562726107097,8.323038346710388e-05,0.2835051546391753,3.888953702314073e-05,97,True
tct,9,nqc,4,0.8,0.2402345235387821,0.017779188322133217,0.11726804123711342,0.08881318243030219,97,False
tct,9,nqc,4,0.8,0.3265340932018375,0.0010975036628314133,0.2100515463917526,0.0023030471051788694,97,True
tct,9,bertQPP,4,0.8,0.4089450603850321,3.199241752964007e-05,0.27061855670103097,8.601885162206065e-05,97,False
tct,9,bertQPP,4,0.8,0.42975869140801126,1.11825810750654e-05,0.2856529209621994,3.395967010111564e-05,97,True
tct,9,bertQPP(QV),4,0.8,0.3874341309896159,8.833117904395934e-05,0.2710481099656358,8.381752378824866e-05,97,False
tct,9,bertQPP(QV),4,0.8,0.41173696706268204,2.7896512627183844e-05,0.27577319587628873,6.286763010435062e-05,97,True
tct,9,spatial,4,0.85,0.3159073567180875,0.0016208583689512094,0.21477663230240554,0.0018291772025326055,97,False
tct,9,spatial,4,0.85,0.3347658619353442,0.0008035365723025259,0.25429553264604815,0.00022415245533308512,97,True
tct,9,a_ratio,4,0.85,0.3485788001219743,0.00046697845773149686,0.23711340206185572,0.000580033168540485,97,False
tct,9,a_ratio,4,0.85,0.3879565501538984,8.6249781424879e-05,0.28178694158075607,4.331497350290762e-05,97,True
tct,9,nqc,4,0.85,0.27208509633521694,0.007016660769833697,0.1314432989690722,0.05647001729864357,97,False
tct,9,nqc,4,0.85,0.3527483273847354,0.0003944636862531392,0.22938144329896912,0.0008728876884960134,97,True
tct,9,bertQPP,4,0.85,0.4004216840018732,4.824438789764895e-05,0.2628865979381444,0.00013630357600274067,97,False
tct,9,bertQPP,4,0.85,0.42135952686354694,1.7234379511061464e-05,0.2908075601374571,2.4436082793239188e-05,97,True
tct,9,bertQPP(QV),4,0.85,0.38465314697063013,0.00010021909857250684,0.2594501718213059,0.00016660580916833792,97,False
tct,9,bertQPP(QV),4,0.85,0.4074610347020715,3.439204644935711e-05,0.2766323024054983,5.9635866438532616e-05,97,True
tct,9,spatial,4,0.9,0.3285575142792769,0.0010173468762806506,0.22293814432989695,0.0012160687743494618,97,False
tct,9,spatial,4,0.9,0.35251953090680316,0.0003981574094005642,0.26460481099656363,0.00012317744827931967,97,True
tct,9,a_ratio,4,0.9,0.34819095799763755,0.00047431094110981316,0.2366838487972509,0.0005935388745829456,97,False
tct,9,a_ratio,4,0.9,0.3845991054753328,0.00010046418244174684,0.2822164948453609,4.216585457755637e-05,97,True
tct,9,nqc,4,0.9,0.32178256769577207,0.0013088039715078042,0.17740549828178698,0.010042744211065484,97,False
tct,9,nqc,4,0.9,0.3896061960100835,7.99728365003663e-05,0.2530068728522337,0.00024121095691616908,97,True
tct,9,bertQPP,4,0.9,0.3859371526004839,9.45568269221511e-05,0.2555841924398626,0.0002082313453780151,97,False
tct,9,bertQPP,4,0.9,0.40773534274586964,3.393619721317172e-05,0.28608247422680416,3.304769864022772e-05,97,True
tct,9,bertQPP(QV),4,0.9,0.37583050010234087,0.00014849251441598755,0.2491408934707904,0.00029998189638302743,97,False
tct,9,bertQPP(QV),4,0.9,0.3983920349060707,5.3115153130428025e-05,0.28178694158075607,4.331497350290762e-05,97,True
tct,9,spatial,4,0.95,0.33875445827942713,0.0006887288919812693,0.23496563573883167,0.0006505425158083947,97,False
tct,9,spatial,4,0.95,0.37646365229310214,0.00014441480086747007,0.2779209621993128,5.5081722625004346e-05,97,True
tct,9,a_ratio,4,0.95,0.34749485872283425,0.0004877369085664345,0.24226804123711343,0.00043878992015195634,97,False
tct,9,a_ratio,4,0.95,0.37849144477452334,0.0001320429281566507,0.27534364261168387,6.454501938742568e-05,97,True
tct,9,nqc,4,0.95,0.38425736542958056,0.00010202694595532042,0.22379725085910657,0.0011640289366746655,97,False
tct,9,nqc,4,0.95,0.4263287859078775,1.3361609163233822e-05,0.2779209621993128,5.5081722625004346e-05,97,True
tct,9,bertQPP,4,0.95,0.36735850641511925,0.00021436445734122623,0.24871134020618557,0.00030728207639036943,97,False
tct,9,bertQPP,4,0.95,0.39003189674118255,7.842346682559775e-05,0.28135738831615126,4.4493757835023985e-05,97,True
tct,9,bertQPP(QV),4,0.95,0.36256234163683254,0.000262720669415443,0.24012027491408938,0.0004932117335580638,97,False
tct,9,bertQPP(QV),4,0.95,0.3854088091757003,9.68497555208416e-05,0.2766323024054983,5.9635866438532616e-05,97,True
tct,9,spatial,4,1.0,0.34657815733177644,0.0005059498338369555,0.24355670103092786,0.0004088834881762593,97,False
tct,9,spatial,4,1.0,0.369621980455146,0.0001945272977179999,0.26975945017182135,9.058641607986754e-05,97,True
tct,9,a_ratio,4,1.0,0.34657815733177644,0.0005059498338369555,0.24355670103092786,0.0004088834881762593,97,False
tct,9,a_ratio,4,1.0,0.369621980455146,0.0001945272977179999,0.26975945017182135,9.058641607986754e-05,97,True
tct,9,nqc,4,1.0,0.34657815733177644,0.0005059498338369555,0.24355670103092786,0.0004088834881762593,97,False
tct,9,nqc,4,1.0,0.369621980455146,0.0001945272977179999,0.26975945017182135,9.058641607986754e-05,97,True
tct,9,bertQPP,4,1.0,0.34657815733177644,0.0005059498338369555,0.24355670103092786,0.0004088834881762593,97,False
tct,9,bertQPP,4,1.0,0.369621980455146,0.0001945272977179999,0.26975945017182135,9.058641607986754e-05,97,True
tct,9,bertQPP(QV),4,1.0,0.34657815733177644,0.0005059498338369555,0.24355670103092786,0.0004088834881762593,97,False
tct,9,bertQPP(QV),4,1.0,0.369621980455146,0.0001945272977179999,0.26975945017182135,9.058641607986754e-05,97,True
tct,9,spatial,5,0.0,0.013382096827883258,0.8964907995035795,0.03393470790378007,0.6224147431170471,97,False
tct,9,spatial,5,0.0,0.2806756280578976,0.005357600650554058,0.21907216494845363,0.0014779202366871586,97,True
tct,9,a_ratio,5,0.0,0.08699727737016585,0.3968143680759362,0.0584192439862543,0.3965888091618368,97,False
tct,9,a_ratio,5,0.0,0.28703017363767047,0.004364889994963118,0.22809278350515466,0.000933347093157991,97,True
tct,9,nqc,5,0.0,0.1492631279496186,0.14450956733786507,0.08719931271477664,0.2057421374120063,97,False
tct,9,nqc,5,0.0,0.24089257215590104,0.017459992874871322,0.16537800687285226,0.016403064445582434,97,True
tct,9,bertQPP,5,0.0,0.17672691352325548,0.08333551015854819,0.10137457044673541,0.14127503537333896,97,False
tct,9,bertQPP,5,0.0,0.23874077288827814,0.01852248002459105,0.16752577319587633,0.015057708996420909,97,True
tct,9,bertQPP(QV),5,0.0,0.1310712474602009,0.20065209966598066,0.05541237113402062,0.42134149715143543,97,False
tct,9,bertQPP(QV),5,0.0,0.2058321123136385,0.04310985452091257,0.12156357388316154,0.07772782073014356,97,True
tct,9,spatial,5,0.05,0.024124108574785925,0.8145588434023812,0.03951890034364262,0.5663306621908052,97,False
tct,9,spatial,5,0.05,0.2812767941413893,0.005255769881472422,0.2203608247422681,0.0013853583021557498,97,True
tct,9,a_ratio,5,0.05,0.11488453422093699,0.2624888079840206,0.08462199312714778,0.2194617374170329,97,False
tct,9,a_ratio,5,0.05,0.2920942764018005,0.003694951666759458,0.23238831615120278,0.0007456571945733053,97,True
tct,9,nqc,5,0.05,0.1504353346372244,0.1413470759376653,0.0893470790378007,0.19479398827541883,97,False
tct,9,nqc,5,0.05,0.2421137559026978,0.016880728297576825,0.16623711340206188,0.015852745291372216,97,True
tct,9,bertQPP,5,0.05,0.18584984157890838,0.06836500961797268,0.10652920962199315,0.12213859984356254,97,False
tct,9,bertQPP,5,0.05,0.24804764210437844,0.014296326305211703,0.17611683848797252,0.010598840128977079,97,True
tct,9,bertQPP(QV),5,0.05,0.14004839111696335,0.17125292930238448,0.0622852233676976,0.36608612957525455,97,False
tct,9,bertQPP(QV),5,0.05,0.21527666161357062,0.0342055678112803,0.13015463917525774,0.058933277914773506,97,True
tct,9,spatial,5,0.1,0.03570843948694106,0.728411800643799,0.04896907216494846,0.4773342987798882,97,False
tct,9,spatial,5,0.1,0.28193973778349435,0.00514547274523147,0.2203608247422681,0.0013853583021557498,97,True
tct,9,a_ratio,5,0.1,0.14260816468379073,0.1634828578752991,0.10266323024054985,0.13628751627610397,97,False
tct,9,a_ratio,5,0.1,0.2973436920524914,0.0030990670632311816,0.2328178694158076,0.0007289565212236814,97,True
tct,9,nqc,5,0.1,0.15173611830914957,0.13789927390848464,0.08977663230240551,0.19265661141875967,97,False
tct,9,nqc,5,0.1,0.24346494532394397,0.016259211917233875,0.16494845360824745,0.01668446543769203,97,True
tct,9,bertQPP,5,0.1,0.19585615968662543,0.0545280945490054,0.11383161512027494,0.0985701799206937,97,False
tct,9,bertQPP,5,0.1,0.25808082882939964,0.010703184677418522,0.18341924398625434,0.007776554495134835,97,True
tct,9,bertQPP(QV),5,0.1,0.14993844520425598,0.14268118023578294,0.06486254295532648,0.34658765831762584,97,False
tct,9,bertQPP(QV),5,0.1,0.2254648725250426,0.026387645088338806,0.138745704467354,0.04407710548149226,97,True
tct,9,spatial,5,0.15,0.04818210937719352,0.6393131559516854,0.053694158075601385,0.43588378893929247,97,False
tct,9,spatial,5,0.15,0.28267445459492246,0.005025643390295399,0.2212199312714777,0.001326652810302692,97,True
tct,9,a_ratio,5,0.15,0.16921131204346807,0.09753870050670925,0.11426116838487975,0.09730564872611688,97,False
tct,9,a_ratio,5,0.15,0.302764327600591,0.00257564805875146,0.22938144329896912,0.0008728876884960134,97,True
tct,9,nqc,5,0.15,0.1531877698837297,0.13412732865633178,0.09235395189003438,0.18019329783502935,97,False
tct,9,nqc,5,0.15,0.24496794374524267,0.015591208372707747,0.16623711340206188,0.015852745291372216,97,True
tct,9,bertQPP,5,0.15,0.20683760499598142,0.04207843732370574,0.11941580756013748,0.08312087785946547,97,False
tct,9,bertQPP,5,0.15,0.2688794136495909,0.007743439927746316,0.1859965635738832,0.006954397086601862,97,True
tct,9,bertQPP(QV),5,0.15,0.16084819491555474,0.11551031730570036,0.07603092783505157,0.269899250718855,97,False
tct,9,bertQPP(QV),5,0.15,0.23643876278494513,0.01972032483423113,0.14991408934707906,0.029598455953974822,97,True
tct,9,spatial,5,0.2,0.06158082497140284,0.5490345642806221,0.06142611683848798,0.37273483374323335,97,False
tct,9,spatial,5,0.2,0.28349320759902885,0.004895038674754367,0.2216494845360825,0.001298168853613724,97,True
tct,9,a_ratio,5,0.2,0.19380082851351482,0.057164908481356046,0.12800687285223372,0.06323660544752113,97,False
tct,9,a_ratio,5,0.2,0.30833365284915926,0.0021220607347080403,0.22594501718213064,0.0010428004886634003,97,True
tct,9,nqc,5,0.2,0.15481802257735247,0.12998549152712535,0.09364261168384881,0.17419095096502246,97,False
tct,9,nqc,5,0.2,0.2466496832554841,0.014872057645860165,0.1679553264604811,0.014800614099959652,97,True
tct,9,bertQPP,5,0.2,0.2188829127377609,0.03124076930496731,0.12671821305841927,0.06594102788919391,97,False
tct,9,bertQPP,5,0.2,0.28046675860269643,0.005393388996236062,0.19802405498281792,0.004058834798972484,97,True
tct,9,bertQPP(QV),5,0.2,0.17288732482744248,0.09037054868516226,0.08376288659793817,0.22417771625382632,97,False
tct,9,bertQPP(QV),5,0.2,0.24822573096516148,0.014224390594374388,0.1589347079037801,0.021092644173514117,97,True
tct,9,spatial,5,0.25,0.07592232101776217,0.45983272013862975,0.06658075601374572,0.3339631552636785,97,False
tct,9,spatial,5,0.25,0.2844112043590271,0.004752203119990526,0.22079037800687287,0.0013557124652369783,97,True
tct,9,a_ratio,5,0.25,0.21569091894904702,0.0338533947998316,0.1396048109965636,0.042782883164389815,97,False
tct,9,a_ratio,5,0.25,0.3140182019270107,0.0017346660172322596,0.22938144329896912,0.0008728876884960134,97,True
tct,9,nqc,5,0.25,0.15666181054422484,0.12541967392531525,0.093213058419244,0.17617491386576734,97,False
tct,9,nqc,5,0.25,0.248543813315937,0.014096688796768909,0.16838487972508595,0.01454739544260673,97,True
tct,9,bertQPP,5,0.25,0.23206686884345523,0.022179207269934206,0.13316151202749144,0.05331954320676675,97,False
tct,9,bertQPP,5,0.25,0.2928389798840976,0.003604611377341294,0.20360824742268044,0.003130893451622874,97,True
tct,9,bertQPP(QV),5,0.25,0.1861596324150265,0.06789763625696839,0.08848797250859108,0.19912082868170233,97,False
tct,9,bertQPP(QV),5,0.25,0.2608277767605407,0.009869063529491092,0.16967353951890035,0.013810511589466142,97,True
tct,9,spatial,5,0.3,0.09119802378394327,0.3743225661261376,0.07646048109965638,0.26720251399217865,97,False
tct,9,spatial,5,0.3,0.2854475300103838,0.00459542686550775,0.21993127147766325,0.0014156009702633058,97,True
tct,9,a_ratio,5,0.3,0.2344908336071645,0.020785343239224128,0.1516323024054983,0.027781654237823455,97,False
tct,9,a_ratio,5,0.3,0.3197705607015047,0.0014089223773735724,0.2336769759450172,0.0006965926026270434,97,True
tct,9,nqc,5,0.3,0.15876375141296017,0.12036575970473667,0.09063573883161513,0.18843365829791547,97,False
tct,9,nqc,5,0.3,0.25069291199102156,0.013259683092045086,0.16967353951890035,0.013810511589466142,97,True
tct,9,bertQPP,5,0.3,0.2464317273530129,0.014963607809079535,0.1434707903780069,0.037349490378258986,97,False
tct,9,bertQPP,5,0.3,0.305948255981888,0.0023066852426523723,0.2096219931271478,0.002351276432455258,97,True
tct,9,bertQPP(QV),5,0.3,0.20074721050794597,0.04865303331377201,0.09450171821305844,0.17027316035268703,97,False
tct,9,bertQPP(QV),5,0.3,0.2742060861451079,0.006569580863406705,0.17268041237113405,0.01221789425088413,97,True
tct,9,spatial,5,0.35,0.10736326621727826,0.2952256087463941,0.0889175257731959,0.1969487085850582,97,False
tct,9,spatial,5,0.35,0.2866264552760941,0.004422696036023795,0.21993127147766325,0.0014156009702633058,97,True
tct,9,a_ratio,5,0.35,0.2501133729863998,0.013481024709958463,0.16537800687285226,0.016403064445582434,97,False
tct,9,a_ratio,5,0.35,0.3255258457366611,0.0011395533191473446,0.2392611683848798,0.0005166931871154039,97,True
tct,9,nqc,5,0.35,0.16118172263035196,0.11474767527416607,0.09063573883161513,0.18843365829791547,97,False
tct,9,nqc,5,0.35,0.25315162000308233,0.012355425080209065,0.17053264604811,0.013337754848227265,97,True
tct,9,bertQPP,5,0.35,0.2619573044489222,0.009542969734945785,0.15592783505154642,0.023654871935139845,97,False
tct,9,bertQPP,5,0.35,0.31967970675235535,0.0014136030787266088,0.22079037800687287,0.0013557124652369783,97,True
tct,9,bertQPP(QV),5,0.35,0.21668382814595344,0.03302169378874051,0.10524054982817871,0.12672143082539938,97,False
tct,9,bertQPP(QV),5,0.35,0.2882600120711609,0.00419292785123764,0.1778350515463918,0.009863239446727635,97,True
tct,9,spatial,5,0.4,0.12432678728145131,0.22500863269476004,0.10309278350515466,0.1346555631057889,97,False
tct,9,spatial,5,0.4,0.28797930533305177,0.0042316359708079645,0.22079037800687287,0.0013557124652369783,97,True
tct,9,a_ratio,5,0.4,0.26271785704683576,0.009328761253912791,0.1701030927835052,0.013572314777054699,97,False
tct,9,a_ratio,5,0.4,0.3311977676413974,0.0009207757982082451,0.23711340206185572,0.000580033168540485,97,True
tct,9,nqc,5,0.4,0.1639921318607728,0.10847534201609493,0.09364261168384881,0.17419095096502246,97,False
tct,9,nqc,5,0.4,0.25599117192370757,0.011378407138678244,0.1709621993127148,0.013106785247853048,97,True
tct,9,bertQPP,5,0.4,0.2785156421665311,0.005738096219920824,0.16022336769759454,0.02007078628569656,97,False
tct,9,bertQPP,5,0.4,0.3338213063111399,0.0008331672599381715,0.23410652920962205,0.0006809162092632265,97,True
tct,9,bertQPP(QV),5,0.4,0.23391295561368697,0.021110633293741025,0.11554982817869418,0.09358972367387966,97,False
tct,9,bertQPP(QV),5,0.4,0.3028002562306,0.0025724618694842488,0.18943298969072167,0.005979808014005902,97,True
tct,9,spatial,5,0.45,0.1419409548671921,0.16548247164349264,0.11168384879725088,0.1050908480999539,97,False
tct,9,spatial,5,0.45,0.28954718649342837,0.004019450329480912,0.22336769759450176,0.0011897860106094835,97,True
tct,9,a_ratio,5,0.45,0.2726224075945535,0.006900930194341212,0.17740549828178698,0.010042744211065484,97,False
tct,9,a_ratio,5,0.45,0.33667451687479044,0.0007465787134531323,0.24183848797250862,0.0004492042155364218,97,True
tct,9,nqc,5,0.45,0.16729788425904732,0.10144287534303756,0.09278350515463919,0.1781756748775648,97,False
tct,9,nqc,5,0.45,0.2593060917916017,0.010323798669778452,0.1701030927835052,0.013572314777054699,97,True
tct,9,bertQPP,5,0.45,0.29580768712858,0.0032638053303737165,0.16752577319587633,0.015057708996420909,97,False
tct,9,bertQPP,5,0.45,0.34802838427297655,0.0004774158502480748,0.24226804123711343,0.00043878992015195634,97,True
tct,9,bertQPP(QV),5,0.45,0.25222669066419473,0.012689081569185424,0.13101374570446736,0.05728140399891128,97,False
tct,9,bertQPP(QV),5,0.45,0.31751802726872336,0.0015292155227926685,0.19544673539518906,0.0045660596694361046,97,True
tct,9,spatial,5,0.5,0.15999495864414082,0.11747917156995219,0.10996563573883163,0.110550087489207,97,False
tct,9,spatial,5,0.5,0.29138505707278894,0.003782864959813171,0.22465635738831619,0.0011140538745299275,97,True
tct,9,a_ratio,5,0.5,0.28021862857195984,0.005436180301581042,0.18170103092783507,0.008372001763204117,97,False
tct,9,a_ratio,5,0.5,0.3418149294054187,0.0006110353122213309,0.24871134020618557,0.00030728207639036943,97,True
tct,9,nqc,5,0.5,0.1712407767941669,0.09352793520197586,0.09407216494845362,0.1722237215768213,97,False
tct,9,nqc,5,0.5,0.2632243252123057,0.00918846770701252,0.17225085910652924,0.012434959394241826,97,True
tct,9,bertQPP,5,0.5,0.3132858211101325,0.0017806973418398777,0.17611683848797252,0.010598840128977079,97,False
tct,9,bertQPP,5,0.5,0.36178861071642754,0.0002714044195309434,0.24613402061855674,0.00035469522611087794,97,True
tct,9,bertQPP(QV),5,0.5,0.27118699720715855,0.0072139333432881545,0.14819587628865982,0.031516517606653575,97,False
tct,9,bertQPP(QV),5,0.5,0.3319557430652818,0.0008946391070228896,0.2014604810996564,0.0034621026042757834,97,True
tct,9,spatial,5,0.55,0.17821385531784156,0.08073126450107862,0.11855670103092786,0.08536128644887009,97,False
tct,9,spatial,5,0.55,0.2935679597088483,0.003518098458484237,0.22465635738831619,0.0011140538745299275,97,True
tct,9,a_ratio,5,0.55,0.2859072149765318,0.004527373435418609,0.18427835051546396,0.0074933028749945285,97,False
tct,9,a_ratio,5,0.55,0.3464456879180018,0.0005086327125219335,0.24957044673539522,0.00029284438819506046,97,True
tct,9,nqc,5,0.55,0.17602141196916837,0.08459433867226013,0.09664948453608249,0.16076803875264556,97,False
tct,9,nqc,5,0.55,0.2679229684943494,0.007972767870824283,0.17225085910652924,0.012434959394241826,97,True
tct,9,bertQPP,5,0.55,0.33008122605314183,0.0009605462728906099,0.1859965635738832,0.006954397086601862,97,False
tct,9,bertQPP,5,0.55,0.37440041993579176,0.0001580983688620927,0.2508591065292096,0.00027237466938260737,97,True
tct,9,bertQPP(QV),5,0.55,0.29004431311817014,0.00395418612372298,0.16967353951890035,0.013810511589466142,97,False
tct,9,bertQPP(QV),5,0.55,0.3454905860745975,0.0005283657939041307,0.21219931271477666,0.0020752134680172376,97,True
tct,9,spatial,5,0.6,0.19626637108556852,0.05401396901997198,0.12800687285223372,0.06323660544752113,97,False
tct,9,spatial,5,0.6,0.2962008228242067,0.0032209100850216113,0.22723367697594504,0.000975784420613921,97,True
tct,9,a_ratio,5,0.6,0.2900585368872698,0.003952332802360545,0.19286941580756015,0.005130036782382208,97,False
tct,9,a_ratio,5,0.6,0.35036066719903347,0.00043460934729848443,0.2512886597938145,0.00026585493232954136,97,True
tct,9,nqc,5,0.6,0.181932371760805,0.07450272796285742,0.09621993127147768,0.16263626465805225,97,False
tct,9,nqc,5,0.6,0.2736533415108635,0.006683595130431997,0.17439862542955328,0.011382836808156348,97,True
tct,9,bertQPP,5,0.6,0.3449801253107317,0.0005391978138805083,0.2130584192439863,0.0019900166497547295,97,False
tct,9,bertQPP,5,0.6,0.3849860961149294,9.872134822170317e-05,0.2577319587628867,0.0001840336555755922,97,True
tct,9,bertQPP(QV),5,0.6,0.3076931013077182,0.0021702809595834914,0.18513745704467358,0.007219338175415614,97,False
tct,9,bertQPP(QV),5,0.6,0.3573483084069517,0.00032657144473503157,0.2212199312714777,0.001326652810302692,97,True
tct,9,spatial,5,0.65,0.21378329763403428,0.03550080165370105,0.14132302405498284,0.040290653027956765,97,False
tct,9,spatial,5,0.65,0.29943430359828904,0.002886839055391647,0.23067010309278352,0.00081607670119364,97,True
tct,9,a_ratio,5,0.65,0.2929938943783354,0.0035860689273966304,0.1911512027491409,0.005540236417616152,97,False
tct,9,a_ratio,5,0.65,0.353323860804156,0.0003853110572841047,0.2525773195876289,0.00024716269151633816,97,True
tct,9,nqc,5,0.65,0.18941573097848946,0.06314001735997003,0.09879725085910654,0.15166941209887877,97,False
tct,9,nqc,5,0.65,0.28078196221237284,0.0053394622131296915,0.17697594501718217,0.010225152665271457,97,True
tct,9,bertQPP,5,0.65,0.35651625851096325,0.000337992778516936,0.2173539518900344,0.0016102081655090619,97,False
tct,9,bertQPP,5,0.65,0.3925644708740972,6.97683680738541e-05,0.25902061855670105,0.00017081103710396531,97,True
tct,9,bertQPP(QV),5,0.65,0.32273032119154776,0.001263920013935326,0.20618556701030932,0.0027716955730928564,97,False
tct,9,bertQPP(QV),5,0.65,0.36666634054028513,0.00022079395553435853,0.22938144329896912,0.0008728876884960134,97,True
tct,9,spatial,5,0.7,0.2303859663861396,0.023192100848420005,0.15807560137457047,0.021798803662876853,97,False
tct,9,spatial,5,0.7,0.30349102305846626,0.002511889554692043,0.23453608247422683,0.0006655682797928671,97,True
tct,9,a_ratio,5,0.7,0.2949806348768943,0.0033557214551471286,0.1902920962199313,0.005756239608165468,97,False
tct,9,a_ratio,5,0.7,0.35507747184832367,0.00035861407102983576,0.2508591065292096,0.00027237466938260737,97,True
tct,9,nqc,5,0.7,0.1991670243997785,0.050491063265385376,0.10137457044673541,0.14127503537333896,97,False
tct,9,nqc,5,0.7,0.2898586052049388,0.003978454757317893,0.18213058419243988,0.008219435652041644,97,True
tct,9,bertQPP,5,0.7,0.3632339459385896,0.0002553916775155551,0.2177835051546392,0.0015761513468118154,97,False
tct,9,bertQPP,5,0.7,0.39619713809475254,5.8896185020566515e-05,0.2607388316151203,0.0001545669713814958,97,True
tct,9,bertQPP(QV),5,0.7,0.3336789959811382,0.0008377169883166492,0.21434707903780073,0.0018682268943729797,97,False
tct,9,bertQPP(QV),5,0.7,0.37261506885902496,0.00017089794136402814,0.23754295532646055,0.0005668140402706258,97,True
tct,9,spatial,5,0.75,0.24572111359715829,0.015265495369998631,0.1679553264604811,0.014800614099959652,97,False
tct,9,spatial,5,0.75,0.3087094232064608,0.002094225041017904,0.23754295532646055,0.0005668140402706258,97,True
tct,9,a_ratio,5,0.75,0.2962350772603064,0.003217196614819634,0.18943298969072167,0.005979808014005902,97,False
tct,9,a_ratio,5,0.75,0.35535647703211065,0.0003545269639055167,0.2508591065292096,0.00027237466938260737,97,True
tct,9,nqc,5,0.75,0.21233020166753563,0.03680039204387923,0.11340206185567013,0.09984779835922447,97,False
tct,9,nqc,5,0.75,0.3017277018859923,0.0026691200654192105,0.19501718213058422,0.004655971971265852,97,True
tct,9,bertQPP,5,0.75,0.36408786128895143,0.0002463456198588506,0.22594501718213064,0.0010428004886634003,97,False
tct,9,bertQPP,5,0.75,0.39518877488937587,6.174404733006146e-05,0.2680412371134021,0.00010041746330816103,97,True
tct,9,bertQPP(QV),5,0.75,0.3393629065806716,0.0006725984191854769,0.2169243986254296,0.001644941169576058,97,False
tct,9,bertQPP(QV),5,0.75,0.37455997826452814,0.00015699878531985495,0.24312714776632308,0.0004186340215940853,97,True
tct,9,spatial,5,0.8,0.25949566440859545,0.010266164631142416,0.17740549828178698,0.010042744211065484,97,False
tct,9,spatial,5,0.8,0.3156137188199679,0.0016380918850489145,0.2405498281786942,0.0004818477915141724,97,True
tct,9,a_ratio,5,0.8,0.2969289881395262,0.0031427927781668475,0.18728522336769762,0.006573343269072617,97,False
tct,9,a_ratio,5,0.8,0.3539100288229118,0.0003761903983928119,0.24613402061855674,0.00035469522611087794,97,True
tct,9,nqc,5,0.8,0.2308647243193147,0.022899658582133907,0.12199312714776635,0.07668417076895777,97,False
tct,9,nqc,5,0.8,0.3176869430788018,0.0015198820032203157,0.21262886597938147,0.002032205430312129,97,True
tct,9,bertQPP,5,0.8,0.3588092928377421,0.0003073729741834629,0.22895189003436428,0.0008926252002239728,97,False
tct,9,bertQPP,5,0.8,0.38927716371677085,8.118983055525626e-05,0.2594501718213059,0.00016660580916833792,97,True
tct,9,bertQPP(QV),5,0.8,0.33928426157097913,0.0006746637337434447,0.21134020618556704,0.0021637443470699886,97,False
tct,9,bertQPP(QV),5,0.8,0.3722146277434937,0.00017389746373824478,0.23883161512027495,0.0005288208236189078,97,True
tct,9,spatial,5,0.85,0.2715040273044661,0.007143743508102175,0.1829896907216495,0.007921746820669876,97,False
tct,9,spatial,5,0.85,0.3249921038824984,0.001162401755650565,0.2444158075601375,0.0003900155261817713,97,True
tct,9,a_ratio,5,0.85,0.29719705333704854,0.003114465636056521,0.1898625429553265,0.005867063974983271,97,False
tct,9,a_ratio,5,0.85,0.3505283391175873,0.00043167207203592217,0.23754295532646055,0.0005668140402706258,97,True
tct,9,nqc,5,0.85,0.25812835748755414,0.010688243731762965,0.14304123711340208,0.037922646089534044,97,False
tct,9,nqc,5,0.85,0.33953110287650645,0.0006682007769901401,0.2328178694158076,0.0007289565212236814,97,True
tct,9,bertQPP,5,0.85,0.3480184960804685,0.0004776053000833867,0.21391752577319592,0.001908041073171658,97,False
tct,9,bertQPP,5,0.85,0.3787269129406897,0.00013067181993840036,0.2508591065292096,0.00027237466938260737,97,True
tct,9,bertQPP(QV),5,0.85,0.33378721766343844,0.0008342550310279742,0.21606529209621997,0.0017164841150655054,97,False
tct,9,bertQPP(QV),5,0.85,0.3657202563418587,0.00022987046836827179,0.2414089347079038,0.0004598488311252096,97,True
tct,9,spatial,5,0.9,0.28164218214073683,0.005194721316127398,0.18384879725085912,0.0076337511300162714,97,False
tct,9,spatial,5,0.9,0.337694742064267,0.0007176699395482295,0.2530068728522337,0.00024121095691616908,97,True
tct,9,a_ratio,5,0.9,0.2971440121023197,0.003120052393952803,0.1898625429553265,0.005867063974983271,97,False
tct,9,a_ratio,5,0.9,0.34507144719746563,0.0005372451259018977,0.23238831615120278,0.0007456571945733053,97,True
tct,9,nqc,5,0.9,0.298466316674287,0.002983425129584223,0.17353951890034366,0.011793812186781842,97,False
tct,9,nqc,5,0.9,0.3680129074894133,0.00020844527368751194,0.24097938144329903,0.0004707284379041492,97,True
tct,9,bertQPP,5,0.9,0.3330042956850333,0.0008595976600642969,0.21048109965635742,0.002255725464528707,97,False
tct,9,bertQPP,5,0.9,0.3642750304713571,0.0002444027561816039,0.24012027491408938,0.0004932117335580638,97,True
tct,9,bertQPP(QV),5,0.9,0.3239038971759994,0.0012102811749424545,0.21091065292096223,0.002209296231634933,97,False
tct,9,bertQPP(QV),5,0.9,0.35561312964536346,0.00035080519309555993,0.2392611683848798,0.0005166931871154039,97,True
tct,9,spatial,5,0.95,0.28990659351645404,0.003972170842924882,0.18771477663230243,0.006450561996249079,97,False
tct,9,spatial,5,0.95,0.35132398935492465,0.00041798087846085536,0.25000000000000006,0.00028586619810323126,97,True
tct,9,a_ratio,5,0.95,0.29685088112574154,0.0031510899167328087,0.1911512027491409,0.005540236417616152,97,False
tct,9,a_ratio,5,0.95,0.33749427616994454,0.0007232681725333394,0.22637457044673542,0.0010200025736501021,97,True
tct,9,nqc,5,0.95,0.34166908213182956,0.0006145475801480261,0.2053264604810997,0.002887015591872923,97,False
tct,9,nqc,5,0.95,0.38952804844860456,8.026033520015943e-05,0.25859106529209624,0.00017511595223064058,97,True
tct,9,bertQPP,5,0.95,0.3153139965929481,0.001655853444163426,0.20060137457044677,0.0036032888355043277,97,False
tct,9,bertQPP,5,0.95,0.3469521159832648,0.0004984460139095236,0.23024054982817874,0.0008346209629654949,97,True
tct,9,bertQPP(QV),5,0.95,0.31099273974219765,0.001932055464251926,0.20575601374570449,0.0028288190417010725,97,False
tct,9,bertQPP(QV),5,0.95,0.34269456988908664,0.0005902388382745023,0.23109965635738836,0.0007979153488644113,97,True
tct,9,spatial,5,1.0,0.29638011483408666,0.0032015158216039214,0.1898625429553265,0.005867063974983271,97,False
tct,9,spatial,5,1.0,0.3278617153423431,0.0010442883067042015,0.21091065292096223,0.002209296231634933,97,True
tct,9,a_ratio,5,1.0,0.29638011483408666,0.0032015158216039214,0.1898625429553265,0.005867063974983271,97,False
tct,9,a_ratio,5,1.0,0.3278617153423431,0.0010442883067042015,0.21091065292096223,0.002209296231634933,97,True
tct,9,nqc,5,1.0,0.29638011483408666,0.0032015158216039214,0.1898625429553265,0.005867063974983271,97,False
tct,9,nqc,5,1.0,0.3278617153423431,0.0010442883067042015,0.21091065292096223,0.002209296231634933,97,True
tct,9,bertQPP,5,1.0,0.29638011483408666,0.0032015158216039214,0.1898625429553265,0.005867063974983271,97,False
tct,9,bertQPP,5,1.0,0.3278617153423431,0.0010442883067042015,0.21091065292096223,0.002209296231634933,97,True
tct,9,bertQPP(QV),5,1.0,0.29638011483408666,0.0032015158216039214,0.1898625429553265,0.005867063974983271,97,False
tct,9,bertQPP(QV),5,1.0,0.3278617153423431,0.0010442883067042015,0.21091065292096223,0.002209296231634933,97,True
tct,9,spatial,6,0.0,0.013382096827883258,0.8964907995035795,0.03393470790378007,0.6224147431170471,97,False
tct,9,spatial,6,0.0,0.2806756280578976,0.005357600650554058,0.21907216494845363,0.0014779202366871586,97,True
tct,9,a_ratio,6,0.0,0.08699727737016585,0.3968143680759362,0.0584192439862543,0.3965888091618368,97,False
tct,9,a_ratio,6,0.0,0.28703017363767047,0.004364889994963118,0.22809278350515466,0.000933347093157991,97,True
tct,9,nqc,6,0.0,0.1492631279496186,0.14450956733786507,0.08719931271477664,0.2057421374120063,97,False
tct,9,nqc,6,0.0,0.24089257215590104,0.017459992874871322,0.16537800687285226,0.016403064445582434,97,True
tct,9,bertQPP,6,0.0,0.17672691352325548,0.08333551015854819,0.10137457044673541,0.14127503537333896,97,False
tct,9,bertQPP,6,0.0,0.23874077288827814,0.01852248002459105,0.16752577319587633,0.015057708996420909,97,True
tct,9,bertQPP(QV),6,0.0,0.1310712474602009,0.20065209966598066,0.05541237113402062,0.42134149715143543,97,False
tct,9,bertQPP(QV),6,0.0,0.2058321123136385,0.04310985452091257,0.12156357388316154,0.07772782073014356,97,True
tct,9,spatial,6,0.05,0.022614988379049194,0.8259704590085764,0.03951890034364262,0.5663306621908052,97,False
tct,9,spatial,6,0.05,0.28116151419637025,0.0052751626193077335,0.2203608247422681,0.0013853583021557498,97,True
tct,9,a_ratio,6,0.05,0.11120166003823713,0.27819692708575444,0.08118556701030928,0.23875904036666062,97,False
tct,9,a_ratio,6,0.05,0.29116918376657286,0.0038099929966167218,0.23152920962199317,0.0007801296905645403,97,True
tct,9,nqc,6,0.05,0.15030553979203176,0.14169464988829858,0.08977663230240551,0.19265661141875967,97,False
tct,9,nqc,6,0.05,0.24199538112072153,0.01693614286740365,0.1658075601374571,0.016125841537736958,97,True
tct,9,bertQPP,6,0.05,0.18477728045407324,0.07000329466518271,0.10652920962199315,0.12213859984356254,97,False
tct,9,bertQPP,6,0.05,0.24699979758343144,0.014726012300232929,0.17568728522336774,0.01079019991112942,97,True
tct,9,bertQPP(QV),6,0.05,0.13896459965371977,0.17462348125962515,0.06185567010309279,0.3694011818632015,97,False
tct,9,bertQPP(QV),6,0.05,0.21423517975590495,0.035104597509396124,0.12886597938144334,0.06148508875649665,97,True
tct,9,spatial,6,0.1,0.03255545470137236,0.7515764420468429,0.046821305841924406,0.49686544158769386,97,False
tct,9,spatial,6,0.1,0.28169708673341176,0.005185602622545278,0.2203608247422681,0.0013853583021557498,97,True
tct,9,a_ratio,6,0.1,0.1354171528227629,0.18599654399407226,0.09750859106529211,0.15708030004273185,97,False
tct,9,a_ratio,6,0.1,0.2954429701222342,0.0033040569971473956,0.23067010309278352,0.00081607670119364,97,True
tct,9,nqc,6,0.1,0.15146261660319366,0.1386188568379161,0.09020618556701032,0.1905365207922204,97,False
tct,9,nqc,6,0.1,0.2432158628535843,0.01637227353017713,0.16537800687285226,0.016403064445582434,97,True
tct,9,bertQPP,6,0.1,0.19361234259185844,0.057411856613305674,0.11383161512027494,0.0985701799206937,97,False
tct,9,bertQPP,6,0.1,0.25590254642860666,0.0114078490103199,0.17955326460481102,0.009173476196585428,97,True
tct,9,bertQPP(QV),6,0.1,0.14766859218039688,0.14889674313328116,0.06658075601374572,0.3339631552636785,97,False
tct,9,bertQPP(QV),6,0.1,0.2233050532282757,0.027904149534408233,0.14003436426116841,0.04214791401843269,97,True
tct,9,spatial,6,0.15,0.043245233749265234,0.6740533397474457,0.054123711340206195,0.432221333716273,97,False
tct,9,spatial,6,0.15,0.28229033958952326,0.005087977660663406,0.2212199312714777,0.001326652810302692,97,True
tct,9,a_ratio,6,0.15,0.1588183990784102,0.1202364891099649,0.10652920962199315,0.12213859984356254,97,False
tct,9,a_ratio,6,0.15,0.2998357322639852,0.0028476151557701385,0.22723367697594504,0.000975784420613921,97,True
tct,9,nqc,6,0.15,0.152754303295281,0.13524532308202736,0.09149484536082475,0.1842793810224047,97,False
tct,9,nqc,6,0.15,0.24457380417584276,0.01576404241076369,0.16623711340206188,0.015852745291372216,97,True
tct,9,bertQPP,6,0.15,0.203316675289305,0.04578254740974278,0.11769759450171824,0.08765026442852013,97,False
tct,9,bertQPP,6,0.15,0.26548465987062964,0.008584690363652461,0.18384879725085912,0.0076337511300162714,97,True
tct,9,bertQPP(QV),6,0.15,0.15728189508207802,0.12391210506364567,0.07431271477663232,0.2808725107935828,97,False
tct,9,bertQPP(QV),6,0.15,0.2330817502857361,0.02158617105136095,0.14647766323024058,0.03354022455213661,97,True
tct,9,spatial,6,0.2,0.05471851481518661,0.5944990890616519,0.0584192439862543,0.3965888091618368,97,False
tct,9,spatial,6,0.2,0.28295106802028414,0.0049811762617693435,0.22079037800687287,0.0013557124652369783,97,True
tct,9,a_ratio,6,0.2,0.1805930582771183,0.07669999217692995,0.12328178694158079,0.07362159410235054,97,False
tct,9,a_ratio,6,0.2,0.30432363061005135,0.0024405876517343693,0.22766323024054988,0.0009543472910132449,97,True
tct,9,nqc,6,0.2,0.15420543317989238,0.13153023132132874,0.09235395189003438,0.18019329783502935,97,False
tct,9,nqc,6,0.2,0.24609366038389752,0.0151065760005033,0.16752577319587633,0.015057708996420909,97,True
tct,9,bertQPP,6,0.2,0.213973818527047,0.03533330009578457,0.12628865979381446,0.0668634129345248,97,False
tct,9,bertQPP,6,0.2,0.275768179106186,0.006256620014048657,0.1911512027491409,0.005540236417616152,97,True
tct,9,bertQPP(QV),6,0.2,0.16790783860998018,0.1001852427062194,0.08204467353951891,0.23382603249144784,97,False
tct,9,bertQPP(QV),6,0.2,0.24359292227884016,0.01620138460953264,0.1550687285223368,0.024434836082135623,97,True
tct,9,spatial,6,0.25,0.06699711096028894,0.514385567129051,0.06400343642611686,0.3530123788503621,97,False
tct,9,spatial,6,0.25,0.28369140226718537,0.004863881138938436,0.2216494845360825,0.001298168853613724,97,True
tct,9,a_ratio,6,0.25,0.20007390939508718,0.04942932408828802,0.12714776632302408,0.06502915478137135,97,False
tct,9,a_ratio,6,0.25,0.3088724069145805,0.0020822546011381843,0.22766323024054988,0.0009543472910132449,97,True
tct,9,nqc,6,0.25,0.155847314821875,0.12742122638847408,0.09235395189003438,0.18019329783502935,97,False
tct,9,nqc,6,0.25,0.24780600632238323,0.014394435441263568,0.16838487972508595,0.01454739544260673,97,True
tct,9,bertQPP,6,0.25,0.2256570596981653,0.0262561638285129,0.13230240549828182,0.05487593045339063,97,False
tct,9,bertQPP,6,0.25,0.2867511882596572,0.00440476379943173,0.20017182130584193,0.0036758280937195186,97,True
tct,9,bertQPP(QV),6,0.25,0.17964736855741725,0.07828256896208038,0.08462199312714778,0.2194617374170329,97,False
tct,9,bertQPP(QV),6,0.25,0.2548440901094221,0.011764650713309892,0.1658075601374571,0.016125841537736958,97,True
tct,9,spatial,6,0.3,0.08008430075925137,0.43552771652015776,0.06829896907216496,0.32163912125241456,97,False
tct,9,spatial,6,0.3,0.2845265408948082,0.004734522420076823,0.21993127147766325,0.0014156009702633058,97,True
tct,9,a_ratio,6,0.3,0.21683678033622608,0.03289511761552378,0.138745704467354,0.04407710548149226,97,False
tct,9,a_ratio,6,0.3,0.31343448474517477,0.0017712651828597624,0.23152920962199317,0.0007801296905645403,97,True
tct,9,nqc,6,0.3,0.1577199756105182,0.12285544676369428,0.09192439862542956,0.1822278457949571,97,False
tct,9,nqc,6,0.3,0.2497495584743022,0.013621610884299522,0.16881443298969073,0.014298004272030715,97,True
tct,9,bertQPP,6,0.3,0.23841330761120222,0.01868895666959483,0.14175257731958765,0.039687194240219145,97,False
tct,9,bertQPP,6,0.3,0.2983925588312606,0.0029909023271180763,0.20575601374570449,0.0028288190417010725,97,True
tct,9,bertQPP(QV),6,0.3,0.19258576501016597,0.05877221454022514,0.09192439862542956,0.1822278457949571,97,False
tct,9,bertQPP(QV),6,0.3,0.26680436389420303,0.00824855279243638,0.17182130584192443,0.01265543298933369,97,True
tct,9,spatial,6,0.35,0.09395738975972169,0.3599796222844853,0.07646048109965638,0.26720251399217865,97,False
tct,9,spatial,6,0.35,0.2854757755480124,0.004591219154941702,0.22079037800687287,0.0013557124652369783,97,True
tct,9,a_ratio,6,0.35,0.23073272119863797,0.02297997427186743,0.154639175257732,0.024833107958687445,97,False
tct,9,a_ratio,6,0.35,0.3179455333246014,0.001505693483227065,0.23410652920962205,0.0006809162092632265,97,True
tct,9,nqc,6,0.35,0.1598753998063138,0.1177571133471785,0.09149484536082475,0.1842793810224047,97,False
tct,9,nqc,6,0.35,0.2519740446934807,0.012781574064248982,0.1709621993127148,0.013106785247853048,97,True
tct,9,bertQPP,6,0.35,0.25223633817298263,0.0126855612479151,0.154639175257732,0.024833107958687445,97,False
tct,9,bertQPP,6,0.35,0.31059036156626174,0.0019597830832919164,0.21649484536082478,0.0016803624081385136,97,True
tct,9,bertQPP(QV),6,0.35,0.20676938883836626,0.04214775645274971,0.1009450171821306,0.14296835148549844,97,False
tct,9,bertQPP(QV),6,0.35,0.27938644224752124,0.0055819055705818525,0.17611683848797252,0.010598840128977079,97,True
tct,9,spatial,6,0.4,0.10855934964403102,0.2898471730563078,0.09235395189003438,0.18019329783502935,97,False
tct,9,spatial,6,0.4,0.2865639494285752,0.0044317066530276,0.22079037800687287,0.0013557124652369783,97,True
tct,9,a_ratio,6,0.4,0.24185461702992075,0.017002242928557714,0.1589347079037801,0.021092644173514117,97,False
tct,9,a_ratio,6,0.4,0.32232055421036787,0.0012831514069474742,0.23754295532646055,0.0005668140402706258,97,True
tct,9,nqc,6,0.4,0.16238231080180518,0.11203466042164069,0.09192439862542956,0.1822278457949571,97,False
tct,9,nqc,6,0.4,0.25454435954483856,0.011867442122606478,0.1709621993127148,0.013106785247853048,97,True
tct,9,bertQPP,6,0.4,0.26702481010543144,0.008193547915721855,0.16065292096219932,0.019739903980340746,97,False
tct,9,bertQPP,6,0.4,0.3231529674141257,0.001244358838730605,0.23109965635738836,0.0007979153488644113,97,True
tct,9,bertQPP(QV),6,0.4,0.22216750778724248,0.02873217162897652,0.11125429553264607,0.10643517898925002,97,False
tct,9,bertQPP(QV),6,0.4,0.29242021454601763,0.0036551656350115877,0.18256013745704472,0.00806936233603351,97,True
tct,9,spatial,6,0.45,0.12379036065283272,0.2270314000759429,0.10352233676975947,0.1330387570764664,97,False
tct,9,spatial,6,0.45,0.2878235750623792,0.004253247704216256,0.22336769759450176,0.0011897860106094835,97,True
tct,9,a_ratio,6,0.45,0.25046426531296134,0.013346628943748511,0.16881443298969073,0.014298004272030715,97,False
tct,9,a_ratio,6,0.45,0.32644968474691455,0.0011009690402313758,0.2414089347079038,0.0004598488311252096,97,True
tct,9,nqc,6,0.45,0.16533341938399404,0.10557753099189016,0.09235395189003438,0.18019329783502935,97,False
tct,9,nqc,6,0.45,0.2575467154618588,0.010872347446058007,0.17139175257731962,0.012879359856548544,97,True
tct,9,bertQPP,6,0.45,0.2825210313887151,0.005050458981259339,0.16022336769759454,0.02007078628569656,97,False
tct,9,bertQPP,6,0.45,0.3357635404855386,0.0007732870448881239,0.2405498281786942,0.0004818477915141724,97,True
tct,9,bertQPP(QV),6,0.45,0.23861411279033937,0.018586719359620515,0.12242268041237117,0.07565197367789964,97,False
tct,9,bertQPP(QV),6,0.45,0.30562094831623066,0.002333116989430063,0.19201030927835053,0.00533157487845821,97,True
tct,9,spatial,6,0.5,0.13950068098709106,0.17295024666789444,0.10953608247422682,0.11194930892644765,97,False
tct,9,spatial,6,0.5,0.28929797701255244,0.004052527984899877,0.22422680412371138,0.0011387880187863695,97,True
tct,9,a_ratio,6,0.5,0.2569119394498627,0.011076428947904046,0.17396907216494847,0.011586707769612953,97,False
tct,9,a_ratio,6,0.5,0.3301941265344665,0.0009564548453393456,0.2439862542955327,0.0003993454119661632,97,True
tct,9,nqc,6,0.5,0.16885673549618022,0.09825311895172859,0.09192439862542956,0.1822278457949571,97,False
tct,9,nqc,6,0.5,0.26109797052674066,0.009790182433979062,0.17353951890034366,0.011793812186781842,97,True
tct,9,bertQPP,6,0.5,0.29823133250877654,0.003007305246888312,0.1679553264604811,0.014800614099959652,97,False
tct,9,bertQPP,6,0.5,0.34794253652268675,0.00047906292681956347,0.24484536082474234,0.00038088964117221485,97,True
tct,9,bertQPP(QV),6,0.5,0.25572820615892267,0.01146596006225066,0.138745704467354,0.04407710548149226,97,False
tct,9,bertQPP(QV),6,0.5,0.31855663280677693,0.0014726391812731048,0.19974226804123715,0.0037496927052216027,97,True
tct,9,spatial,6,0.55,0.15548686643205134,0.12831476416628848,0.11125429553264607,0.10643517898925002,97,False
tct,9,spatial,6,0.55,0.2910460653491608,0.0038255426303268653,0.22336769759450176,0.0011897860106094835,97,True
tct,9,a_ratio,6,0.55,0.26157051236491374,0.009653555702853702,0.17396907216494847,0.011586707769612953,97,False
tct,9,a_ratio,6,0.55,0.33338291607231774,0.0008472555538480272,0.2439862542955327,0.0003993454119661632,97,True
tct,9,nqc,6,0.55,0.17313381474769562,0.08990523483302776,0.09278350515463919,0.1781756748775648,97,False
tct,9,nqc,6,0.55,0.26536014534031027,0.008617018667704453,0.17396907216494847,0.011586707769612953,97,True
tct,9,bertQPP,6,0.55,0.31334278001192684,0.0017770781540524104,0.18427835051546396,0.0074933028749945285,97,False
tct,9,bertQPP,6,0.55,0.3590198533472221,0.00030469342447361086,0.24656357388316158,0.0003463449485504128,97,True
tct,9,bertQPP(QV),6,0.55,0.272823142299848,0.006858129206586746,0.16022336769759454,0.02007078628569656,97,False
tct,9,bertQPP(QV),6,0.55,0.3306251131025456,0.0009409818508230217,0.2096219931271478,0.002351276432455258,97,True
tct,9,spatial,6,0.6,0.17149370210001053,0.09303734707967673,0.11554982817869418,0.09358972367387966,97,False
tct,9,spatial,6,0.6,0.29314976211687926,0.0035674985922523545,0.22508591065292102,0.0010898172708815595,97,True
tct,9,a_ratio,6,0.6,0.2647921953502639,0.008765840363822122,0.17396907216494847,0.011586707769612953,97,False
tct,9,a_ratio,6,0.6,0.3358116482384149,0.0007718550608067481,0.2512886597938145,0.00026585493232954136,97,True
tct,9,nqc,6,0.6,0.17843030871963694,0.08035764848543339,0.09493127147766325,0.1683392012081001,97,False
tct,9,nqc,6,0.6,0.27056363337842626,0.007353723203108585,0.1778350515463918,0.009863239446727635,97,True
tct,9,bertQPP,6,0.6,0.3266776681425515,0.0010916320071473198,0.202319587628866,0.003325969220576063,97,False
tct,9,bertQPP,6,0.6,0.36813774099438246,0.0002073334315352694,0.24957044673539522,0.00029284438819506046,97,True
tct,9,bertQPP(QV),6,0.6,0.28884117756773836,0.004113790973265675,0.1752577319587629,0.010984624932232429,97,False
tct,9,bertQPP(QV),6,0.6,0.3410591905145894,0.0006294360653119527,0.21606529209621997,0.0017164841150655054,97,True
tct,9,spatial,6,0.65,0.18722392357463086,0.0663116371280035,0.12628865979381446,0.0668634129345248,97,False
tct,9,spatial,6,0.65,0.29572581821010163,0.003272802258562748,0.22766323024054988,0.0009543472910132449,97,True
tct,9,a_ratio,6,0.65,0.26688607145368154,0.008228127634526477,0.17139175257731962,0.012879359856548544,97,False
tct,9,a_ratio,6,0.65,0.3372446767755787,0.0007302943004881301,0.24484536082474234,0.00038088964117221485,97,True
tct,9,nqc,6,0.65,0.18514928188788232,0.06943152605435204,0.09493127147766325,0.1683392012081001,97,False
tct,9,nqc,6,0.65,0.277045269561603,0.006010646847949577,0.17955326460481102,0.009173476196585428,97,True
tct,9,bertQPP,6,0.65,0.3367591857657134,0.0007441396785948334,0.209192439862543,0.002400428947085522,97,False
tct,9,bertQPP,6,0.65,0.3743124524903702,0.00015870763496800435,0.25472508591065296,0.00021872261513442568,97,True
tct,9,bertQPP(QV),6,0.65,0.3023838001019643,0.0026096122633383094,0.19673539518900346,0.004305679427335466,97,False
tct,9,bertQPP(QV),6,0.65,0.3489823157299281,0.00045946023094140654,0.21864261168384883,0.0015100189795415188,97,True
tct,9,spatial,6,0.7,0.20235658853019486,0.04683823209867088,0.14132302405498284,0.040290653027956765,97,False
tct,9,spatial,6,0.7,0.2989448973702919,0.0029353154069716313,0.22938144329896912,0.0008728876884960134,97,True
tct,9,a_ratio,6,0.7,0.2681105375248788,0.007927328144896955,0.17912371134020622,0.009341755733078497,97,False
tct,9,a_ratio,6,0.7,0.3374225940224894,0.0007252796459562435,0.24570446735395193,0.0003632334933323789,97,True
tct,9,nqc,6,0.7,0.19392847019331594,0.056998170770282464,0.09664948453608249,0.16076803875264556,97,False
tct,9,nqc,6,0.7,0.28531183099185653,0.004615689771569723,0.18384879725085912,0.0076337511300162714,97,True
tct,9,bertQPP,6,0.7,0.34206341502366433,0.0006050936355767815,0.209192439862543,0.002400428947085522,97,False
tct,9,bertQPP,6,0.7,0.37657574269589406,0.00014370380335051525,0.25343642611683853,0.00023539388087640415,97,True
tct,9,bertQPP(QV),6,0.7,0.3119197057179772,0.001869522948943427,0.20575601374570449,0.0028288190417010725,97,False
tct,9,bertQPP(QV),6,0.7,0.35353001310323307,0.0003820804374600253,0.22723367697594504,0.000975784420613921,97,True
tct,9,spatial,6,0.75,0.21657282377443438,0.03311381259050671,0.15249140893470792,0.026909885175764755,97,False
tct,9,spatial,6,0.75,0.3030620331814943,0.002549354065797897,0.23582474226804126,0.000621432826309228,97,True
tct,9,a_ratio,6,0.75,0.26867462476590964,0.007792047021985507,0.17611683848797252,0.010598840128977079,97,False
tct,9,a_ratio,6,0.75,0.33607666852124374,0.0007640097583350298,0.2439862542955327,0.0003993454119661632,97,True
tct,9,nqc,6,0.75,0.20582506564985956,0.04311715639662476,0.1086769759450172,0.11478963120763813,97,False
tct,9,nqc,6,0.75,0.29614441941955294,0.0032270330657982378,0.19458762886597944,0.004747484369155047,97,True
tct,9,bertQPP,6,0.75,0.3414488370367954,0.0006198865294513488,0.22207903780068733,0.0012702502748310276,97,False
tct,9,bertQPP,6,0.75,0.3741849603219898,0.0001595945107033203,0.25429553264604815,0.00022415245533308512,97,True
tct,9,bertQPP(QV),6,0.75,0.3161827641080022,0.001604844196405886,0.21262886597938147,0.002032205430312129,97,False
tct,9,bertQPP(QV),6,0.75,0.35402497802327115,0.0003744252695492794,0.23024054982817874,0.0008346209629654949,97,True
tct,9,spatial,6,0.8,0.2295851760183903,0.023688385013332848,0.1597938144329897,0.02040649882574069,97,False
tct,9,spatial,6,0.8,0.3084599233665969,0.0021126700531411504,0.23754295532646055,0.0005668140402706258,97,True
tct,9,a_ratio,6,0.8,0.26874364959603303,0.0077756338548890785,0.17182130584192443,0.01265543298933369,97,False
tct,9,a_ratio,6,0.8,0.33295106083355647,0.0008613460809313231,0.2366838487972509,0.0005935388745829456,97,True
tct,9,nqc,6,0.8,0.2226710148944035,0.028363134264605582,0.11211340206185569,0.10376002930884054,97,False
tct,9,nqc,6,0.8,0.3107469150494395,0.0019489526434793162,0.20876288659793818,0.0024505203740822256,97,True
tct,9,bertQPP,6,0.8,0.3345889265236668,0.0008090127000361764,0.21907216494845363,0.0014779202366871586,97,False
tct,9,bertQPP,6,0.8,0.3668380518407808,0.0002191825304640568,0.2564432989690722,0.00019821410424194529,97,True
tct,9,bertQPP(QV),6,0.8,0.31461188433261145,0.0016981452614135484,0.2100515463917526,0.0023030471051788694,97,False
tct,9,bertQPP(QV),6,0.8,0.3501534708643809,0.0004382643701798106,0.23324742268041243,0.0007126038672884247,97,True
tct,9,spatial,6,0.85,0.24116497684648452,0.017329313442404234,0.17268041237113405,0.01221789425088413,97,False
tct,9,spatial,6,0.85,0.31567077166186897,0.0016347305408747155,0.2439862542955327,0.0003993454119661632,97,True
tct,9,a_ratio,6,0.85,0.26844632740632485,0.007846550834198987,0.1709621993127148,0.013106785247853048,97,False
tct,9,a_ratio,6,0.85,0.32783180998197053,0.0010454606744540302,0.23582474226804126,0.000621432826309228,97,True
tct,9,nqc,6,0.85,0.24766150605456583,0.014453384319302834,0.13359106529209622,0.05255528194642074,97,False
tct,9,nqc,6,0.85,0.33077479826781375,0.0009356615704581016,0.22079037800687287,0.0013557124652369783,97,True
tct,9,bertQPP,6,0.85,0.3221373700986747,0.001291834354635318,0.2100515463917526,0.0023030471051788694,97,False
tct,9,bertQPP,6,0.85,0.3547946897136211,0.00036280070814673866,0.2491408934707904,0.00029998189638302743,97,True
tct,9,bertQPP(QV),6,0.85,0.30756930080510547,0.002179713749036841,0.20446735395189009,0.0030066996042901117,97,False
tct,9,bertQPP(QV),6,0.85,0.34206629269648664,0.0006050251369538041,0.2328178694158076,0.0007289565212236814,97,True
tct,9,spatial,6,0.9,0.251162011946622,0.013082843082779778,0.1709621993127148,0.013106785247853048,97,False
tct,9,spatial,6,0.9,0.3250499626391194,0.0011599049586944758,0.24742268041237117,0.00033019314561040996,97,True
tct,9,a_ratio,6,0.9,0.26788179041028,0.007982774180205739,0.17268041237113405,0.01221789425088413,97,False
tct,9,a_ratio,6,0.9,0.32057893765001544,0.001367890668064363,0.22465635738831619,0.0011140538745299275,97,True
tct,9,nqc,6,0.9,0.2850242929456227,0.004658888947025218,0.16408934707903783,0.01726000960595295,97,False
tct,9,nqc,6,0.9,0.35672061291099566,0.0003351540870923815,0.24484536082474234,0.00038088964117221485,97,True
tct,9,bertQPP,6,0.9,0.3054980547783938,0.002343111529162102,0.2014604810996564,0.0034621026042757834,97,False
tct,9,bertQPP,6,0.9,0.33883271257074865,0.0006866346639898694,0.23883161512027495,0.0005288208236189078,97,True
tct,9,bertQPP(QV),6,0.9,0.2961836702828752,0.0032227710091290588,0.20017182130584193,0.0036758280937195186,97,False
tct,9,bertQPP(QV),6,0.9,0.3303508429650095,0.0009508018855998608,0.23067010309278352,0.00081607670119364,97,True
tct,9,spatial,6,0.95,0.25951267112771215,0.01026100803495673,0.17955326460481102,0.009173476196585428,97,False
tct,9,spatial,6,0.95,0.3331954331895176,0.000853346682849912,0.2452749140893471,0.0003719636432157586,97,True
tct,9,a_ratio,6,0.95,0.26712579962564315,0.008168457475947787,0.17611683848797252,0.010598840128977079,97,False
tct,9,a_ratio,6,0.95,0.31115535951615253,0.0019209503794288436,0.22250859106529214,0.001242886914966472,97,True
tct,9,nqc,6,0.95,0.3236691445948744,0.0012208421267967929,0.18814432989690724,0.00632984784895861,97,False
tct,9,nqc,6,0.95,0.3735989058318532,0.00016373063287603454,0.24828178694158082,0.0003147483455907583,97,True
tct,9,bertQPP,6,0.95,0.2863540742239361,0.004462081394614977,0.1937285223367698,0.004935409194231109,97,False
tct,9,bertQPP,6,0.95,0.3200557439188958,0.001394321230883598,0.2255154639175258,0.0010660691222714972,97,True
tct,9,bertQPP(QV),6,0.95,0.28193405299424473,0.00514640973305125,0.1941580756013746,0.0048406217198878375,97,False
tct,9,bertQPP(QV),6,0.95,0.3158855215834797,0.0016221341923191629,0.22207903780068733,0.0012702502748310276,97,True
tct,9,spatial,6,1.0,0.26623592535070784,0.008391890222428571,0.17654639175257736,0.010410504577977625,97,False
tct,9,spatial,6,1.0,0.29964500537940014,0.0028661911233635357,0.21134020618556704,0.0021637443470699886,97,True
tct,9,a_ratio,6,1.0,0.26623592535070784,0.008391890222428571,0.17654639175257736,0.010410504577977625,97,False
tct,9,a_ratio,6,1.0,0.29964500537940014,0.0028661911233635357,0.21134020618556704,0.0021637443470699886,97,True
tct,9,nqc,6,1.0,0.26623592535070784,0.008391890222428571,0.17654639175257736,0.010410504577977625,97,False
tct,9,nqc,6,1.0,0.29964500537940014,0.0028661911233635357,0.21134020618556704,0.0021637443470699886,97,True
tct,9,bertQPP,6,1.0,0.26623592535070784,0.008391890222428571,0.17654639175257736,0.010410504577977625,97,False
tct,9,bertQPP,6,1.0,0.29964500537940014,0.0028661911233635357,0.21134020618556704,0.0021637443470699886,97,True
tct,9,bertQPP(QV),6,1.0,0.26623592535070784,0.008391890222428571,0.17654639175257736,0.010410504577977625,97,False
tct,9,bertQPP(QV),6,1.0,0.29964500537940014,0.0028661911233635357,0.21134020618556704,0.0021637443470699886,97,True
tct,9,spatial,7,0.0,0.013382096827883258,0.8964907995035795,0.03393470790378007,0.6224147431170471,97,False
tct,9,spatial,7,0.0,0.2806756280578976,0.005357600650554058,0.21907216494845363,0.0014779202366871586,97,True
tct,9,a_ratio,7,0.0,0.08699727737016585,0.3968143680759362,0.0584192439862543,0.3965888091618368,97,False
tct,9,a_ratio,7,0.0,0.28703017363767047,0.004364889994963118,0.22809278350515466,0.000933347093157991,97,True
tct,9,nqc,7,0.0,0.1492631279496186,0.14450956733786507,0.08719931271477664,0.2057421374120063,97,False
tct,9,nqc,7,0.0,0.24089257215590104,0.017459992874871322,0.16537800687285226,0.016403064445582434,97,True
tct,9,bertQPP,7,0.0,0.17672691352325548,0.08333551015854819,0.10137457044673541,0.14127503537333896,97,False
tct,9,bertQPP,7,0.0,0.23874077288827814,0.01852248002459105,0.16752577319587633,0.015057708996420909,97,True
tct,9,bertQPP(QV),7,0.0,0.1310712474602009,0.20065209966598066,0.05541237113402062,0.42134149715143543,97,False
tct,9,bertQPP(QV),7,0.0,0.2058321123136385,0.04310985452091257,0.12156357388316154,0.07772782073014356,97,True
tct,9,spatial,7,0.05,0.02437546100588373,0.8126618624495883,0.04123711340206186,0.5495750194028222,97,False
tct,9,spatial,7,0.05,0.28130012759202283,0.005251852379296473,0.22079037800687287,0.0013557124652369783,97,True
tct,9,a_ratio,7,0.05,0.11676179334580872,0.2547184830834203,0.08333333333333336,0.22656268559471548,97,False
tct,9,a_ratio,7,0.05,0.2924870221664814,0.0036470581801306503,0.23453608247422683,0.0006655682797928671,97,True
tct,9,nqc,7,0.05,0.15049906008982364,0.14117666352619646,0.0893470790378007,0.19479398827541883,97,False
tct,9,nqc,7,0.05,0.242181380122302,0.016849141837018043,0.16623711340206188,0.015852745291372216,97,True
tct,9,bertQPP,7,0.05,0.18614736498412027,0.06791609450568357,0.10524054982817871,0.12672143082539938,97,False
tct,9,bertQPP,7,0.05,0.2482198708689405,0.014226752662373724,0.17697594501718217,0.010225152665271457,97,True
tct,9,bertQPP(QV),7,0.05,0.1403283415240404,0.17039013629757727,0.06400343642611686,0.3530123788503621,97,False
tct,9,bertQPP(QV),7,0.05,0.215480131975436,0.03403220820719766,0.12929553264604812,0.060624507125192455,97,True
tct,9,spatial,7,0.1,0.03619675095425461,0.7248453579668926,0.04768041237113403,0.4890022573020564,97,False
tct,9,spatial,7,0.1,0.28198921661963006,0.005137323866408219,0.2203608247422681,0.0013853583021557498,97,True
tct,9,a_ratio,7,0.1,0.147008724700809,0.15074128194748881,0.10524054982817871,0.12672143082539938,97,False
tct,9,a_ratio,7,0.1,0.2981831624957708,0.0030122216335857713,0.23453608247422683,0.0006655682797928671,97,True
tct,9,nqc,7,0.1,0.1518715769907727,0.13754393304253962,0.0893470790378007,0.19479398827541883,97,False
tct,9,nqc,7,0.1,0.24360871253475297,0.01619426201067193,0.16537800687285226,0.016403064445582434,97,True
tct,9,bertQPP,7,0.1,0.19650926209299294,0.05371143049035741,0.11297250859106532,0.10113858933462912,97,False
tct,9,bertQPP,7,0.1,0.25847388843758756,0.01058017135376027,0.18170103092783507,0.008372001763204117,97,True
tct,9,bertQPP(QV),7,0.1,0.15055049330798337,0.141039235950195,0.06743986254295534,0.3277635503646662,97,False
tct,9,bertQPP(QV),7,0.1,0.22592561399878708,0.026073370929757003,0.14218213058419246,0.039091423487606906,97,True
tct,9,spatial,7,0.15,0.04889365025886134,0.6343674890686849,0.05283505154639176,0.4432621351071514,97,False
tct,9,spatial,7,0.15,0.2827534242145151,0.005012912708068414,0.22079037800687287,0.0013557124652369783,97,True
tct,9,a_ratio,7,0.15,0.17667549739633215,0.08342674472123063,0.11941580756013748,0.08312087785946547,97,False
tct,9,a_ratio,7,0.15,0.3041118253440431,0.002458550998637174,0.23410652920962205,0.0006809162092632265,97,True
tct,9,nqc,7,0.15,0.1534045578807463,0.13357083557890156,0.09063573883161513,0.18843365829791547,97,False
tct,9,nqc,7,0.15,0.2451980544049943,0.015491063119653401,0.1666666666666667,0.01558372473088864,97,True
tct,9,bertQPP,7,0.15,0.20792078220417795,0.0409904078903428,0.11769759450171824,0.08765026442852013,97,False
tct,9,bertQPP,7,0.15,0.2695564902240665,0.00758463227461538,0.1859965635738832,0.006954397086601862,97,True
tct,9,bertQPP(QV),7,0.15,0.16185929079045455,0.11321036386265457,0.07560137457044674,0.27261459721837655,97,False
tct,9,bertQPP(QV),7,0.15,0.2372257563458833,0.019303534499040164,0.14862542955326463,0.03102727109196935,97,True
tct,9,spatial,7,0.2,0.06250525426621889,0.5430415467115598,0.057130584192439875,0.4070878413580533,97,False
tct,9,spatial,7,0.2,0.28360568903471745,0.004877334103371962,0.2216494845360825,0.001298168853613724,97,True
tct,9,a_ratio,7,0.2,0.20464190294063533,0.04435783918612999,0.1327319587628866,0.054093065441640706,97,False
tct,9,a_ratio,7,0.2,0.31025838741327916,0.0019829292868046708,0.23582474226804126,0.000621432826309228,97,True
tct,9,nqc,7,0.2,0.15512776794294578,0.12920971415780091,0.09149484536082475,0.1842793810224047,97,False
tct,9,nqc,7,0.2,0.2469784840326882,0.014734867261492219,0.16752577319587633,0.015057708996420909,97,True
tct,9,bertQPP,7,0.2,0.22049246414951487,0.02998928464853923,0.13058419243986258,0.05810246319620013,97,False
tct,9,bertQPP,7,0.2,0.28150987104542574,0.005216754480003835,0.19931271477663232,0.003824903963020039,97,True
tct,9,bertQPP(QV),7,0.2,0.17438419826301105,0.08757397242941753,0.08419243986254298,0.22181074839562664,97,False
tct,9,bertQPP(QV),7,0.2,0.24942718289690485,0.013747247361606423,0.154639175257732,0.024833107958687445,97,True
tct,9,spatial,7,0.25,0.07705673405188812,0.4531349509855888,0.06915807560137457,0.3155898965616176,97,False
tct,9,spatial,7,0.25,0.2845620865522138,0.004729085215184017,0.22336769759450176,0.0011897860106094835,97,True
tct,9,a_ratio,7,0.25,0.22992230960501553,0.02347835458977031,0.1473367697594502,0.03251488713772691,97,False
tct,9,a_ratio,7,0.25,0.3165976545082102,0.0015809899336960047,0.2392611683848798,0.0005166931871154039,97,True
tct,9,nqc,7,0.25,0.15707878121136054,0.12440438137341976,0.09063573883161513,0.18843365829791547,97,False
tct,9,nqc,7,0.25,0.24898643065785356,0.013920646674933241,0.16924398625429557,0.01405239227763608,97,True
tct,9,bertQPP,7,0.25,0.23432786164165892,0.02087664263987437,0.13445017182130586,0.05105421646643944,97,False
tct,9,bertQPP,7,0.25,0.294354104235247,0.00342688918965,0.209192439862543,0.002400428947085522,97,True
tct,9,bertQPP(QV),7,0.25,0.18825536163511444,0.06480338419338273,0.0850515463917526,0.21713063766326968,97,False
tct,9,bertQPP(QV),7,0.25,0.2625557929021093,0.009374049070310793,0.16494845360824745,0.01668446543769203,97,True
tct,9,spatial,7,0.3,0.09255257026632197,0.3672388057120033,0.08204467353951891,0.23382603249144784,97,False
tct,9,spatial,7,0.3,0.28564283469813556,0.004566402650748643,0.22379725085910657,0.0011640289366746655,97,True
tct,9,a_ratio,7,0.3,0.2518321666976653,0.012833771921728809,0.16537800687285226,0.016403064445582434,97,False
tct,9,a_ratio,7,0.3,0.3230904548887574,0.0012472346394576926,0.24312714776632308,0.0004186340215940853,97,True
tct,9,nqc,7,0.3,0.15930570506744934,0.11908847830174742,0.0893470790378007,0.19479398827541883,97,False
tct,9,nqc,7,0.3,0.25126813286149596,0.013043123796175674,0.1701030927835052,0.013572314777054699,97,True
tct,9,bertQPP,7,0.3,0.24950665378600892,0.013716182737095722,0.14862542955326463,0.03102727109196935,97,False
tct,9,bertQPP,7,0.3,0.30807109094223983,0.0021417080339475344,0.2134879725085911,0.0019486331283160838,97,True
tct,9,bertQPP(QV),7,0.3,0.20358957435778602,0.04548610148146559,0.09750859106529211,0.15708030004273185,97,False
tct,9,bertQPP(QV),7,0.3,0.27660159714943133,0.00609511054798382,0.17568728522336774,0.01079019991112942,97,True
tct,9,spatial,7,0.35,0.10896841519708664,0.28802271913209543,0.08719931271477664,0.2057421374120063,97,False
tct,9,spatial,7,0.35,0.28687370959522374,0.004387212681899732,0.22336769759450176,0.0011897860106094835,97,True
tct,9,a_ratio,7,0.35,0.2700671048035223,0.007466775647696687,0.17998281786941583,0.009007907605249525,97,False
tct,9,a_ratio,7,0.35,0.32967947415298077,0.0009752351602075665,0.24742268041237117,0.00033019314561040996,97,True
tct,9,nqc,7,0.35,0.1618711221175695,0.11318366273357622,0.09020618556701032,0.1905365207922204,97,False
tct,9,nqc,7,0.35,0.2538831426845879,0.012096979175802184,0.17139175257731962,0.012879359856548544,97,True
tct,9,bertQPP,7,0.35,0.2660559633451946,0.008437724077765154,0.15249140893470792,0.026909885175764755,97,False
tct,9,bertQPP,7,0.35,0.3225813350252382,0.001270881803533384,0.22422680412371138,0.0011387880187863695,97,True
tct,9,bertQPP(QV),7,0.35,0.2204651818030377,0.03001013894099879,0.10652920962199315,0.12213859984356254,97,False
tct,9,bertQPP(QV),7,0.35,0.2914970313795644,0.0037688616928336985,0.186426116838488,0.006825229731210832,97,True
tct,9,spatial,7,0.4,0.1262419604150585,0.21789033047934206,0.10309278350515466,0.1346555631057889,97,False
tct,9,spatial,7,0.4,0.2882880784786854,0.004189075062708333,0.22465635738831619,0.0011140538745299275,97,True
tct,9,a_ratio,7,0.4,0.2846786263547775,0.004711297813310704,0.19329896907216498,0.0050318722795436996,97,False
tct,9,a_ratio,7,0.4,0.33628433680875625,0.0007579132130487012,0.24957044673539522,0.00029284438819506046,97,True
tct,9,nqc,7,0.4,0.16485792882753483,0.10659781834982195,0.08977663230240551,0.19265661141875967,97,False
tct,9,nqc,7,0.4,0.2569094258279236,0.011077243692906687,0.17225085910652924,0.012434959394241826,97,True
tct,9,bertQPP,7,0.4,0.28390445705008327,0.004830584516961355,0.16323024054982818,0.017852894393926448,97,False
tct,9,bertQPP,7,0.4,0.33771208210545567,0.0007171875659558328,0.24012027491408938,0.0004932117335580638,97,True
tct,9,bertQPP(QV),7,0.4,0.23888022930916886,0.018451971899934735,0.12113402061855671,0.07878300963914868,97,False
tct,9,bertQPP(QV),7,0.4,0.30708765754358347,0.0022167646410492904,0.1941580756013746,0.0048406217198878375,97,True
tct,9,spatial,7,0.45,0.1442636678326925,0.15859884402867855,0.11211340206185569,0.10376002930884054,97,False
tct,9,spatial,7,0.45,0.2899298838336538,0.0039691242489101825,0.22465635738831619,0.0011140538745299275,97,True
tct,9,a_ratio,7,0.45,0.29597827035583807,0.0032451303996483003,0.20103092783505158,0.0035320539175627825,97,False
tct,9,a_ratio,7,0.45,0.342796083766647,0.0005878810457295544,0.2530068728522337,0.00024121095691616908,97,True
tct,9,nqc,7,0.45,0.16837821542465548,0.09922377816941892,0.09063573883161513,0.18843365829791547,97,False
tct,9,nqc,7,0.45,0.26045095889277575,0.009980003021311731,0.17268041237113405,0.01221789425088413,97,True
tct,9,bertQPP,7,0.45,0.3028140647024614,0.0025712382632484456,0.17139175257731962,0.012879359856548544,97,False
tct,9,bertQPP,7,0.45,0.3531569302340748,0.00038794541709359767,0.24355670103092786,0.0004088834881762593,97,True
tct,9,bertQPP(QV),7,0.45,0.25868773864427685,0.010513765210585984,0.13187285223367698,0.055668220302014286,97,False
tct,9,bertQPP(QV),7,0.45,0.3230957604729936,0.001246990329212134,0.2096219931271478,0.002351276432455258,97,True
tct,9,spatial,7,0.5,0.16286883504957572,0.11094952516979421,0.12156357388316154,0.07772782073014356,97,False
tct,9,spatial,7,0.5,0.2918581324321813,0.0037240184372577152,0.2298109965635739,0.0008535554716530555,97,True
tct,9,a_ratio,7,0.5,0.3044205356497314,0.0024324085488928796,0.21091065292096223,0.002209296231634933,97,False
tct,9,a_ratio,7,0.5,0.349071440945643,0.0004578147230816861,0.2577319587628867,0.0001840336555755922,97,True
tct,9,nqc,7,0.5,0.1725871819689263,0.09093971878930512,0.09364261168384881,0.17419095096502246,97,False
tct,9,nqc,7,0.5,0.2646493398138585,0.008803627106927048,0.17353951890034366,0.011793812186781842,97,True
tct,9,bertQPP,7,0.5,0.32228891137309634,0.001284647483015129,0.1898625429553265,0.005867063974983271,97,False
tct,9,bertQPP,7,0.5,0.36843099372684934,0.00020474307345765065,0.2564432989690722,0.00019821410424194529,97,True
tct,9,bertQPP(QV),7,0.5,0.27950546268064286,0.005560853429522923,0.15592783505154642,0.023654871935139845,97,False
tct,9,bertQPP(QV),7,0.5,0.3390810510574105,0.000680027182169759,0.2169243986254296,0.001644941169576058,97,True
tct,9,spatial,7,0.55,0.18183308643017576,0.0746638580627578,0.13058419243986258,0.05810246319620013,97,False
tct,9,spatial,7,0.55,0.294153834454182,0.0034499213490517353,0.23410652920962205,0.0006809162092632265,97,True
tct,9,a_ratio,7,0.55,0.31050308358562506,0.0019658445894610954,0.21477663230240554,0.0018291772025326055,97,False
tct,9,a_ratio,7,0.55,0.35492764996718434,0.0003608266394968154,0.2624570446735396,0.00013978519828252247,97,True
tct,9,nqc,7,0.55,0.17770570210824438,0.08161383351447217,0.09579037800687287,0.16452082122278677,97,False
tct,9,nqc,7,0.55,0.2697020373053507,0.007550871987544771,0.17740549828178698,0.010042744211065484,97,True
tct,9,bertQPP,7,0.55,0.3414755957990764,0.0006192356131206047,0.19630584192439868,0.0043909374810577745,97,False
tct,9,bertQPP,7,0.55,0.3828332649636812,0.00010878551578974298,0.2641752577319588,0.00012634244111771396,97,True
tct,9,bertQPP(QV),7,0.55,0.3006101117261637,0.0027733000850566573,0.17482817869415812,0.011182156616858724,97,False
tct,9,bertQPP(QV),7,0.55,0.3544092781140631,0.0003685792231600074,0.22938144329896912,0.0008728876884960134,97,True
tct,9,spatial,7,0.6,0.2008737557449996,0.04850826201340491,0.13788659793814437,0.04540422310195199,97,False
tct,9,spatial,7,0.6,0.2969310566105901,0.0031425733155961482,0.23496563573883167,0.0006505425158083947,97,True
tct,9,a_ratio,7,0.6,0.3147001301984875,0.0016927765761480472,0.22637457044673542,0.0010200025736501021,97,False
tct,9,a_ratio,7,0.6,0.3601391400836754,0.0002908073993402757,0.2676116838487973,0.00010302809096628477,97,True
tct,9,nqc,7,0.6,0.18405835182909658,0.07111906685389548,0.09493127147766325,0.1683392012081001,97,False
tct,9,nqc,7,0.6,0.2758919563386456,0.006232395815289103,0.18041237113402064,0.008845012615594157,97,True
tct,9,bertQPP,7,0.6,0.3590981229315733,0.00030370288148621956,0.21477663230240554,0.0018291772025326055,97,False
tct,9,bertQPP,7,0.6,0.3954386801787456,6.102653671590245e-05,0.27362542955326463,7.168767375692266e-05,97,True
tct,9,bertQPP(QV),7,0.6,0.3208536782348274,0.001354194248565225,0.19544673539518906,0.0045660596694361046,97,False
tct,9,bertQPP(QV),7,0.6,0.3682483211622781,0.0002063531188741291,0.23453608247422683,0.0006655682797928671,97,True
tct,9,spatial,7,0.65,0.21965939943594615,0.030631623509658062,0.14905498281786944,0.030544557732034724,97,False
tct,9,spatial,7,0.65,0.3003551073573129,0.0027975773695721852,0.23582474226804126,0.000621432826309228,97,True
tct,9,a_ratio,7,0.65,0.31742766947560386,0.0015342295820022927,0.23109965635738836,0.0007979153488644113,97,False
tct,9,a_ratio,7,0.65,0.3644378991735001,0.00024272365652983148,0.2667525773195877,0.00010844269870482771,97,True
tct,9,nqc,7,0.65,0.19214036183184746,0.059370572573802315,0.09879725085910654,0.15166941209887877,97,False
tct,9,nqc,7,0.65,0.2836368384477208,0.004872441277207861,0.18127147766323026,0.008527096049992753,97,True
tct,9,bertQPP,7,0.65,0.37350797463761964,0.00016438120887505783,0.23754295532646055,0.0005668140402706258,97,False
tct,9,bertQPP,7,0.65,0.40515171426699625,3.846298221266645e-05,0.279639175257732,4.952017035250988e-05,97,True
tct,9,bertQPP(QV),7,0.65,0.338678358603563,0.0006907710597796089,0.2169243986254296,0.001644941169576058,97,False
tct,9,bertQPP(QV),7,0.65,0.37961775701045,0.00012560308825707934,0.2530068728522337,0.00024121095691616908,97,True
tct,9,spatial,7,0.7,0.23782853423544942,0.018989448693956048,0.16408934707903783,0.01726000960595295,97,False
tct,9,spatial,7,0.7,0.3046734543750249,0.002411177546283632,0.2414089347079038,0.0004598488311252096,97,True
tct,9,a_ratio,7,0.7,0.3190316710771016,0.0014474004966296126,0.22938144329896912,0.0008728876884960134,97,False
tct,9,a_ratio,7,0.7,0.36751987189850127,0.00021289062025534692,0.2710481099656358,8.381752378824866e-05,97,True
tct,9,nqc,7,0.7,0.20274126322764885,0.046412859339351506,0.09793814432989692,0.1552606461818409,97,False
tct,9,nqc,7,0.7,0.29357404729895203,0.0035173838994668853,0.1859965635738832,0.006954397086601862,97,True
tct,9,bertQPP,7,0.7,0.38293817014759846,0.00010827381143436379,0.24699312714776633,0.0003381788389163567,97,False
tct,9,bertQPP,7,0.7,0.41084906227183116,2.9142647665884668e-05,0.28522336769759454,3.489551201397058e-05,97,True
tct,9,bertQPP(QV),7,0.7,0.3523239707863285,0.000401339736236589,0.23539518900343648,0.0006358327263393619,97,False
tct,9,bertQPP(QV),7,0.7,0.3875122864069749,8.801685392444115e-05,0.26503436426116844,0.00012008730713750342,97,True
tct,9,spatial,7,0.75,0.25501659690766015,0.011705843225721768,0.18127147766323026,0.008527096049992753,97,False
tct,9,spatial,7,0.75,0.3102697218435314,0.001982134963823487,0.24269759450171827,0.0004286013573495472,97,True
tct,9,a_ratio,7,0.75,0.3197898229733815,0.0014079318135574925,0.22465635738831619,0.0011140538745299275,97,False
tct,9,a_ratio,7,0.75,0.3690597397625777,0.0001992897504731037,0.26932989690721654,9.295520334274114e-05,97,True
tct,9,nqc,7,0.75,0.21718430296202845,0.03260904275236088,0.1048109965635739,0.1282784361242476,97,False
tct,9,nqc,7,0.75,0.30670722115201227,0.0022464305265848124,0.19587628865979384,0.004477722918252414,97,True
tct,9,bertQPP,7,0.75,0.38596727267546976,9.442764256373194e-05,0.24269759450171827,0.0004286013573495472,97,False
tct,9,bertQPP,7,0.75,0.4116066392083679,2.8076246577116683e-05,0.28135738831615126,4.4493757835023985e-05,97,True
tct,9,bertQPP(QV),7,0.75,0.3602545682028162,0.00028940907045643015,0.23883161512027495,0.0005288208236189078,97,False
tct,9,bertQPP(QV),7,0.75,0.3910918641191763,7.468612516351556e-05,0.2676116838487973,0.00010302809096628477,97,True
tct,9,spatial,7,0.8,0.27088756122308055,0.007280786475005011,0.20060137457044677,0.0036032888355043277,97,False
tct,9,spatial,7,0.8,0.31775784786089367,0.0015159795372795201,0.24957044673539522,0.00029284438819506046,97,True
tct,9,a_ratio,7,0.8,0.31991972358538634,0.001401268146539976,0.22422680412371138,0.0011387880187863695,97,False
tct,9,a_ratio,7,0.8,0.36873556723435175,0.0002020844101748142,0.27018900343642616,8.827472841766767e-05,97,True
tct,9,nqc,7,0.8,0.23780290010242783,0.01900271563479992,0.11941580756013748,0.08312087785946547,97,False
tct,9,nqc,7,0.8,0.32464284834966706,0.0011775773686953917,0.21176975945017185,0.0021190549684448486,97,True
tct,9,bertQPP,7,0.8,0.3820191051698633,0.00011283380081077136,0.2452749140893471,0.0003719636432157586,97,False
tct,9,bertQPP,7,0.8,0.4069478772334077,3.526022265823125e-05,0.28049828178694164,4.694321427271648e-05,97,True
tct,9,bertQPP(QV),7,0.8,0.36165936475960136,0.00027288051787347715,0.24785223367697598,0.0003223841860548392,97,False
tct,9,bertQPP(QV),7,0.8,0.3898862128301652,7.895052358509479e-05,0.26632302405498287,0.00011124963084926736,97,True
tct,9,spatial,7,0.85,0.2851645983322655,0.004637764931355987,0.20618556701030932,0.0027716955730928564,97,False
tct,9,spatial,7,0.85,0.3281252029523538,0.001034010527329874,0.25859106529209624,0.00017511595223064058,97,True
tct,9,a_ratio,7,0.85,0.31958913008614964,0.0014182835336256615,0.22207903780068733,0.0012702502748310276,97,False
tct,9,a_ratio,7,0.85,0.3662626586176944,0.0002246255129158098,0.27233676975945026,7.752860694391557e-05,97,True
tct,9,nqc,7,0.85,0.26880668407354047,0.007760671750045617,0.1284364261168385,0.06235576017343852,97,False
tct,9,nqc,7,0.85,0.3498013736290513,0.0004445403194943235,0.2328178694158076,0.0007289565212236814,97,True
tct,9,bertQPP,7,0.85,0.3716000729362368,0.00017859569762051678,0.2452749140893471,0.0003719636432157586,97,False
tct,9,bertQPP,7,0.85,0.39700436632026903,5.6705104581721294e-05,0.27835051546391754,5.363833855233496e-05,97,True
tct,9,bertQPP(QV),7,0.85,0.3567419847782508,0.0003348584813941669,0.24871134020618557,0.00030728207639036943,97,False
tct,9,bertQPP(QV),7,0.85,0.3839287342236559,0.00010355103103962847,0.27362542955326463,7.168767375692266e-05,97,True
tct,9,spatial,7,0.9,0.2976536841599398,0.0030667393378600765,0.2134879725085911,0.0019486331283160838,97,False
tct,9,spatial,7,0.9,0.34272694855849073,0.0005894858622181328,0.25859106529209624,0.00017511595223064058,97,True
tct,9,a_ratio,7,0.9,0.3189259447550881,0.0014529835269317833,0.2255154639175258,0.0010660691222714972,97,False
tct,9,a_ratio,7,0.9,0.36143265877912245,0.0002754875887031689,0.26503436426116844,0.00012008730713750342,97,True
tct,9,nqc,7,0.9,0.31643326278788103,0.0015904029989397936,0.1658075601374571,0.016125841537736958,97,False
tct,9,nqc,7,0.9,0.3840509017391635,0.00010298200555700167,0.24656357388316158,0.0003463449485504128,97,True
tct,9,bertQPP,7,0.9,0.3561047066901591,0.00034377694562528317,0.2414089347079038,0.0004598488311252096,97,False
tct,9,bertQPP,7,0.9,0.3825003320651026,0.00011042439626636903,0.2684707903780069,9.786936882852283e-05,97,True
tct,9,bertQPP(QV),7,0.9,0.34660446487241336,0.0005054185795674496,0.24269759450171827,0.0004286013573495472,97,False
tct,9,bertQPP(QV),7,0.9,0.3737524593138131,0.00016263742861508516,0.2676116838487973,0.00010302809096628477,97,True
tct,9,spatial,7,0.95,0.30825560828233467,0.0021278836919678065,0.2173539518900344,0.0016102081655090619,97,False
tct,9,spatial,7,0.95,0.3605541704505055,0.000285808475213207,0.26374570446735396,0.00012958397281742168,97,True
tct,9,a_ratio,7,0.95,0.31802693407354155,0.0015012520389578044,0.22422680412371138,0.0011387880187863695,97,False
tct,9,a_ratio,7,0.95,0.35415040397164965,0.00037250795622324837,0.2555841924398626,0.0002082313453780151,97,True
tct,9,nqc,7,0.95,0.37061121231382593,0.0001864026327857841,0.21477663230240554,0.0018291772025326055,97,False
tct,9,nqc,7,0.95,0.41305537300859196,2.6137844921497815e-05,0.27061855670103097,8.601885162206065e-05,97,True
tct,9,bertQPP,7,0.95,0.33732514568359606,0.0007280223461798876,0.2366838487972509,0.0005935388745829456,97,False
tct,9,bertQPP,7,0.95,0.36456382416621547,0.0002414327356618755,0.2624570446735396,0.00013978519828252247,97,True
tct,9,bertQPP(QV),7,0.95,0.33281919300386487,0.0008656910706206104,0.2328178694158076,0.0007289565212236814,97,False
tct,9,bertQPP(QV),7,0.95,0.36024894169486865,0.0002894770876101198,0.2594501718213059,0.00016660580916833792,97,True
tct,9,spatial,7,1.0,0.316964899753467,0.0015601435517772334,0.22465635738831619,0.0011140538745299275,97,False
tct,9,spatial,7,1.0,0.344459065600234,0.0005504643878161073,0.24484536082474234,0.00038088964117221485,97,True
tct,9,a_ratio,7,1.0,0.316964899753467,0.0015601435517772334,0.22465635738831619,0.0011140538745299275,97,False
tct,9,a_ratio,7,1.0,0.344459065600234,0.0005504643878161073,0.24484536082474234,0.00038088964117221485,97,True
tct,9,nqc,7,1.0,0.316964899753467,0.0015601435517772334,0.22465635738831619,0.0011140538745299275,97,False
tct,9,nqc,7,1.0,0.344459065600234,0.0005504643878161073,0.24484536082474234,0.00038088964117221485,97,True
tct,9,bertQPP,7,1.0,0.316964899753467,0.0015601435517772334,0.22465635738831619,0.0011140538745299275,97,False
tct,9,bertQPP,7,1.0,0.344459065600234,0.0005504643878161073,0.24484536082474234,0.00038088964117221485,97,True
tct,9,bertQPP(QV),7,1.0,0.316964899753467,0.0015601435517772334,0.22465635738831619,0.0011140538745299275,97,False
tct,9,bertQPP(QV),7,1.0,0.344459065600234,0.0005504643878161073,0.24484536082474234,0.00038088964117221485,97,True
tct,9,spatial,8,0.0,0.013382096827883258,0.8964907995035795,0.03393470790378007,0.6224147431170471,97,False
tct,9,spatial,8,0.0,0.2806756280578976,0.005357600650554058,0.21907216494845363,0.0014779202366871586,97,True
tct,9,a_ratio,8,0.0,0.08699727737016585,0.3968143680759362,0.0584192439862543,0.3965888091618368,97,False
tct,9,a_ratio,8,0.0,0.28703017363767047,0.004364889994963118,0.22809278350515466,0.000933347093157991,97,True
tct,9,nqc,8,0.0,0.1492631279496186,0.14450956733786507,0.08719931271477664,0.2057421374120063,97,False
tct,9,nqc,8,0.0,0.24089257215590104,0.017459992874871322,0.16537800687285226,0.016403064445582434,97,True
tct,9,bertQPP,8,0.0,0.17672691352325548,0.08333551015854819,0.10137457044673541,0.14127503537333896,97,False
tct,9,bertQPP,8,0.0,0.23874077288827814,0.01852248002459105,0.16752577319587633,0.015057708996420909,97,True
tct,9,bertQPP(QV),8,0.0,0.1310712474602009,0.20065209966598066,0.05541237113402062,0.42134149715143543,97,False
tct,9,bertQPP(QV),8,0.0,0.2058321123136385,0.04310985452091257,0.12156357388316154,0.07772782073014356,97,True
tct,9,spatial,8,0.05,0.024055494501342,0.8150768668808671,0.03951890034364262,0.5663306621908052,97,False
tct,9,spatial,8,0.05,0.28126258305832985,0.005258157082759872,0.22079037800687287,0.0013557124652369783,97,True
tct,9,a_ratio,8,0.05,0.1160865779233531,0.25749498931688247,0.08333333333333336,0.22656268559471548,97,False
tct,9,a_ratio,8,0.05,0.29219775778427975,0.003682278312233998,0.23539518900343648,0.0006358327263393619,97,True
tct,9,nqc,8,0.05,0.15047183734992162,0.14124944261697256,0.08977663230240551,0.19265661141875967,97,False
tct,9,nqc,8,0.05,0.24214253644437875,0.016867279006243328,0.1658075601374571,0.016125841537736958,97,True
tct,9,bertQPP,8,0.05,0.18584586429674058,0.068371026918605,0.10395189003436428,0.13143701983340042,97,False
tct,9,bertQPP,8,0.05,0.2478212475294302,0.014388229973975295,0.17697594501718217,0.010225152665271457,97,True
tct,9,bertQPP(QV),8,0.05,0.1400430766156124,0.17126933940433792,0.06314432989690723,0.3595119194286538,97,False
tct,9,bertQPP(QV),8,0.05,0.21508327947207917,0.03437101989854721,0.12929553264604812,0.060624507125192455,97,True
tct,9,spatial,8,0.1,0.035533735995317124,0.7296891803050349,0.046391752577319596,0.5008221569685896,97,False
tct,9,spatial,8,0.1,0.2819102371606049,0.005150336795752357,0.2203608247422681,0.0013853583021557498,97,True
tct,9,a_ratio,8,0.1,0.1457999233428911,0.154164641055305,0.10180412371134022,0.13959717520298046,97,False
tct,9,a_ratio,8,0.1,0.2975928324624849,0.0030730613207054403,0.23410652920962205,0.0006809162092632265,97,True
tct,9,nqc,8,0.1,0.1518143001888332,0.13769409906579058,0.0893470790378007,0.19479398827541883,97,False
tct,9,nqc,8,0.1,0.2435270491395825,0.016231127608390593,0.16537800687285226,0.016403064445582434,97,True
tct,9,bertQPP,8,0.1,0.19587357480295028,0.054506186506029314,0.11340206185567013,0.09984779835922447,97,False
tct,9,bertQPP,8,0.1,0.2576433842278101,0.010841558607377044,0.18127147766323026,0.008527096049992753,97,True
tct,9,bertQPP(QV),8,0.1,0.14994782838126788,0.14265589943089077,0.06872852233676977,0.3186051074891699,97,False
tct,9,bertQPP(QV),8,0.1,0.22509971339487841,0.026639004604414367,0.14132302405498284,0.040290653027956765,97,True
tct,9,spatial,8,0.15,0.0478660738826841,0.6415148940167515,0.05283505154639176,0.4432621351071514,97,False
tct,9,spatial,8,0.15,0.2826284844617215,0.00503306746834647,0.2212199312714777,0.001326652810302692,97,True
tct,9,a_ratio,8,0.15,0.17512736288394903,0.0862112901225179,0.11769759450171824,0.08765026442852013,97,False
tct,9,a_ratio,8,0.15,0.30320923362719265,0.0025364424735229885,0.23453608247422683,0.0006655682797928671,97,True
tct,9,nqc,8,0.15,0.15331393810870078,0.13380324158414073,0.09020618556701032,0.1905365207922204,97,False
tct,9,nqc,8,0.15,0.24506896105764017,0.015547176340205021,0.16623711340206188,0.015852745291372216,97,True
tct,9,bertQPP,8,0.15,0.20691572300726946,0.041999172871549556,0.11812714776632303,0.08649966115997804,97,False
tct,9,bertQPP,8,0.15,0.2682597633291076,0.007891340480855808,0.1868556701030928,0.006698222213035896,97,True
tct,9,bertQPP(QV),8,0.15,0.1609042374659459,0.11538189740990673,0.07646048109965638,0.26720251399217865,97,False
tct,9,bertQPP(QV),8,0.15,0.2359378515849956,0.019989614774188178,0.14862542955326463,0.03102727109196935,97,True
tct,9,spatial,8,0.2,0.06109474234530821,0.5521986378984698,0.057130584192439875,0.4070878413580533,97,False
tct,9,spatial,8,0.2,0.28342948325752615,0.004905094247610479,0.22079037800687287,0.0013557124652369783,97,True
tct,9,a_ratio,8,0.2,0.20296820911647678,0.04616340737039013,0.13487972508591067,0.050317249987351625,97,False
tct,9,a_ratio,8,0.2,0.3090333285122189,0.002070496240350965,0.2379725085910653,0.0005538759115824682,97,True
tct,9,nqc,8,0.2,0.1549999570873422,0.12952939475854525,0.09106529209621994,0.18634796497677564,97,False
tct,9,nqc,8,0.2,0.24679657657280696,0.014810630912825529,0.1666666666666667,0.01558372473088864,97,True
tct,9,bertQPP,8,0.2,0.21908144177433572,0.03108406019005291,0.12628865979381446,0.0668634129345248,97,False
tct,9,bertQPP,8,0.2,0.2797127672617844,0.00552435402582359,0.19974226804123715,0.0037496927052216027,97,True
tct,9,bertQPP(QV),8,0.2,0.17303978136386677,0.09008252289283228,0.08247422680412372,0.23138680179907667,97,False
tct,9,bertQPP(QV),8,0.2,0.24764487705394794,0.014460181542373484,0.15807560137457047,0.021798803662876853,97,True
tct,9,spatial,8,0.25,0.0752501130541025,0.46382713876747816,0.06400343642611686,0.3530123788503621,97,False
tct,9,spatial,8,0.25,0.2843283394111606,0.004764942313898655,0.22379725085910657,0.0011640289366746655,97,True
tct,9,a_ratio,8,0.25,0.2283141046175703,0.024494734220822684,0.15335051546391754,0.026061836085581373,97,False
tct,9,a_ratio,8,0.25,0.3150413747236337,0.0016721602730549172,0.24012027491408938,0.0004932117335580638,97,True
tct,9,nqc,8,0.25,0.15690924157875863,0.1248164339668668,0.09063573883161513,0.18843365829791547,97,False
tct,9,nqc,8,0.25,0.24874537163721488,0.014016284722453157,0.16838487972508595,0.01454739544260673,97,True
tct,9,bertQPP,8,0.25,0.23247505759069734,0.02193903065264149,0.1327319587628866,0.054093065441640706,97,False
tct,9,bertQPP,8,0.25,0.29202470690028404,0.0037034937581140602,0.2053264604810997,0.002887015591872923,97,True
tct,9,bertQPP(QV),8,0.25,0.18648447036954635,0.06741034272802676,0.0854810996563574,0.2148174024411691,97,False
tct,9,bertQPP(QV),8,0.25,0.26024931182345973,0.010039818030637492,0.16623711340206188,0.015852745291372216,97,True
tct,9,spatial,8,0.3,0.09034444511007611,0.37882887007834115,0.07903780068728523,0.25141149497554627,97,False
tct,9,spatial,8,0.3,0.2853440513688747,0.004610871352304654,0.22379725085910657,0.0011640289366746655,97,True
tct,9,a_ratio,8,0.3,0.2504229594205704,0.013362388814399247,0.16494845360824745,0.01668446543769203,97,False
tct,9,a_ratio,8,0.3,0.32119617874386114,0.001337294218106481,0.24355670103092786,0.0004088834881762593,97,True
tct,9,nqc,8,0.3,0.15908904054213754,0.1195978552268067,0.09020618556701032,0.1905365207922204,97,False
tct,9,nqc,8,0.3,0.25096039882834553,0.01315859354624165,0.16924398625429557,0.01405239227763608,97,True
tct,9,bertQPP,8,0.3,0.2471809313250364,0.014650944296044835,0.14647766323024058,0.03354022455213661,97,False
tct,9,bertQPP,8,0.3,0.30518282634559124,0.00236892468332396,0.21520618556701035,0.0017908788065225548,97,True
tct,9,bertQPP(QV),8,0.3,0.20135841720037662,0.04795708470261814,0.09793814432989692,0.1552606461818409,97,False
tct,9,bertQPP(QV),8,0.3,0.27374683017669454,0.006664189153281359,0.1782646048109966,0.009686599012848096,97,True
tct,9,spatial,8,0.35,0.10636420454756959,0.29976820271949495,0.0854810996563574,0.2148174024411691,97,False
tct,9,spatial,8,0.35,0.2865008405856838,0.004440820801048092,0.22336769759450176,0.0011897860106094835,97,True
tct,9,a_ratio,8,0.35,0.26891831531081345,0.007734236811816099,0.1911512027491409,0.005540236417616152,97,False
tct,9,a_ratio,8,0.35,0.32744296509822524,0.0010608138821320621,0.24699312714776633,0.0003381788389163567,97,True
tct,9,nqc,8,0.35,0.1616008575687593,0.11379481941419549,0.09063573883161513,0.18843365829791547,97,False
tct,9,nqc,8,0.35,0.2534997189150058,0.012231848105705576,0.17182130584192443,0.01265543298933369,97,True
tct,9,bertQPP,8,0.35,0.26323737570956773,0.00918487729475849,0.15249140893470792,0.026909885175764755,97,False
tct,9,bertQPP,8,0.35,0.31911739476374146,0.0014428880255947733,0.22680412371134026,0.0009976667225656776,97,True
tct,9,bertQPP(QV),8,0.35,0.21774920422169639,0.03214850072797522,0.11082474226804125,0.10779310640620364,97,False
tct,9,bertQPP(QV),8,0.35,0.2880797385705721,0.004217750217334843,0.1911512027491409,0.005540236417616152,97,True
tct,9,spatial,8,0.4,0.12326119347518433,0.2290392621897355,0.0970790378006873,0.15891607395046403,97,False
tct,9,spatial,8,0.4,0.28783006204049016,0.004252345500388894,0.22465635738831619,0.0011140538745299275,97,True
tct,9,a_ratio,8,0.4,0.28378669628477887,0.004848963228227235,0.19802405498281792,0.004058834798972484,97,False
tct,9,a_ratio,8,0.4,0.3337044300242541,0.0008369021893808058,0.2521477663230241,0.0002532519652694692,97,True
tct,9,nqc,8,0.4,0.16452621982741084,0.1073141277308195,0.08977663230240551,0.19265661141875967,97,False
tct,9,nqc,8,0.4,0.25643940153509565,0.0112305174199635,0.17053264604811,0.013337754848227265,97,True
tct,9,bertQPP,8,0.4,0.28059432075722623,0.005371506935956112,0.16494845360824745,0.01668446543769203,97,False
tct,9,bertQPP,8,0.4,0.3336712612187539,0.0008379649208582509,0.23754295532646055,0.0005668140402706258,97,True
tct,9,bertQPP(QV),8,0.4,0.23567350267798212,0.020132997800152642,0.1202749140893471,0.08092834885233069,97,False
tct,9,bertQPP(QV),8,0.4,0.3031088420570306,0.002545241855829608,0.19888316151202753,0.0039014834427261624,97,True
tct,9,spatial,8,0.45,0.1409431525377366,0.1685065766030418,0.10652920962199315,0.12213859984356254,97,False
tct,9,spatial,8,0.45,0.28937300887228573,0.004042543491878782,0.22465635738831619,0.0011140538745299275,97,True
tct,9,a_ratio,8,0.45,0.29529500031332556,0.0033205140300030292,0.21219931271477666,0.0020752134680172376,97,False
tct,9,a_ratio,8,0.45,0.33987508423863444,0.0006592888807094426,0.2530068728522337,0.00024121095691616908,97,True
tct,9,nqc,8,0.45,0.1679754649373779,0.10004656424200636,0.09106529209621994,0.18634796497677564,97,False
tct,9,nqc,8,0.45,0.25988098518610897,0.010149887018736599,0.17225085910652924,0.012434959394241826,97,True
tct,9,bertQPP,8,0.45,0.29904916644421903,0.002924926558689007,0.17268041237113405,0.01221789425088413,97,False
tct,9,bertQPP,8,0.45,0.3485605257741913,0.000467321600136653,0.2444158075601375,0.0003900155261817713,97,True
tct,9,bertQPP(QV),8,0.45,0.25501655292726155,0.011705858185856535,0.13058419243986258,0.05810246319620013,97,False
tct,9,bertQPP(QV),8,0.45,0.31857774697416197,0.001471508969900361,0.21176975945017185,0.0021190549684448486,97,True
tct,9,spatial,8,0.5,0.1592650790447441,0.1191838621453602,0.11941580756013748,0.08312087785946547,97,False
tct,9,spatial,8,0.5,0.2911851317531405,0.003807982934744986,0.22723367697594504,0.000975784420613921,97,True
tct,9,a_ratio,8,0.5,0.3038758860789173,0.0024787012674994404,0.2100515463917526,0.0023030471051788694,97,False
tct,9,a_ratio,8,0.5,0.345815223312351,0.0005215811522128827,0.2607388316151203,0.0001545669713814958,97,True
tct,9,nqc,8,0.5,0.1721015366103847,0.09186666765597937,0.09364261168384881,0.17419095096502246,97,False
tct,9,nqc,8,0.5,0.26396289873493867,0.008987202127272961,0.17353951890034366,0.011793812186781842,97,True
tct,9,bertQPP,8,0.5,0.31815879902171756,0.0014940823306435816,0.18427835051546396,0.0074933028749945285,97,False
tct,9,bertQPP,8,0.5,0.3633294925668731,0.00025436447552924937,0.25343642611683853,0.00023539388087640415,97,True
tct,9,bertQPP(QV),8,0.5,0.2754454616399493,0.006320171077416211,0.14905498281786944,0.030544557732034724,97,False
tct,9,bertQPP(QV),8,0.5,0.33407297208479825,0.0008251765623040938,0.22079037800687287,0.0013557124652369783,97,True
tct,9,spatial,8,0.55,0.17802315277309555,0.0810615815492632,0.12757731958762888,0.06412770883743656,97,False
tct,9,spatial,8,0.55,0.29334256190230507,0.003544647237604176,0.23024054982817874,0.0008346209629654949,97,True
tct,9,a_ratio,8,0.55,0.31002328283073133,0.0019994705088841147,0.2203608247422681,0.0013853583021557498,97,False
tct,9,a_ratio,8,0.55,0.3513452367865171,0.0004176207942881909,0.26374570446735396,0.00012958397281742168,97,True
tct,9,nqc,8,0.55,0.1771224057602201,0.08263639092359495,0.09407216494845362,0.1722237215768213,97,False
tct,9,nqc,8,0.55,0.2688784555099159,0.007743666720338663,0.17611683848797252,0.010598840128977079,97,True
tct,9,bertQPP,8,0.55,0.33713809980458387,0.0007333133642469728,0.19802405498281792,0.004058834798972484,97,False
tct,9,bertQPP,8,0.55,0.37731013274118524,0.00013912517080923227,0.2628865979381444,0.00013630357600274067,97,True
tct,9,bertQPP(QV),8,0.55,0.29630280560515665,0.0032098655877951785,0.17139175257731962,0.012879359856548544,97,False
tct,9,bertQPP(QV),8,0.55,0.34898949476402796,0.00045932748450282094,0.23324742268041243,0.0007126038672884247,97,True
tct,9,spatial,8,0.6,0.1969536751962898,0.05316148595893068,0.14132302405498284,0.040290653027956765,97,False
tct,9,spatial,8,0.6,0.29595250294667397,0.0032479451799806583,0.2336769759450172,0.0006965926026270434,97,True
tct,9,a_ratio,8,0.6,0.3142188058307959,0.0017222469993388922,0.22895189003436428,0.0008926252002239728,97,False
tct,9,a_ratio,8,0.6,0.3562414945997464,0.00034184442342291934,0.272766323024055,7.553337506197832e-05,97,True
tct,9,nqc,8,0.6,0.18335897589456795,0.07221821736885949,0.0970790378006873,0.15891607395046403,97,False
tct,9,nqc,8,0.6,0.27490509352870185,0.006427863753601502,0.17912371134020622,0.009341755733078497,97,True
tct,9,bertQPP,8,0.6,0.3547821568720188,0.0003629872955254591,0.209192439862543,0.002400428947085522,97,False
tct,9,bertQPP,8,0.6,0.3896071043619233,7.996950038473539e-05,0.2731958762886598,7.358676773635807e-05,97,True
tct,9,bertQPP(QV),8,0.6,0.31651222777983223,0.0015858751476485382,0.19501718213058422,0.004655971971265852,97,False
tct,9,bertQPP(QV),8,0.6,0.36252029234370486,0.0002631859316513007,0.23840206185567014,0.0005412133012575864,97,True
tct,9,spatial,8,0.65,0.21573947320128878,0.033812317791097,0.14991408934707906,0.029598455953974822,97,False
tct,9,spatial,8,0.65,0.2991703314263594,0.002912895775897517,0.2366838487972509,0.0005935388745829456,97,True
tct,9,a_ratio,8,0.65,0.3168908998739969,0.0015643239483504586,0.22379725085910657,0.0011640289366746655,97,False
tct,9,a_ratio,8,0.65,0.36023568855285104,0.0002896373590752482,0.2684707903780069,9.786936882852283e-05,97,True
tct,9,nqc,8,0.65,0.1913021015261105,0.06051018680615974,0.10008591065292097,0.14640165493450158,97,False
tct,9,nqc,8,0.65,0.2824534350192194,0.0050614269755239125,0.1829896907216495,0.007921746820669876,97,True
tct,9,bertQPP,8,0.65,0.36948784392081524,0.00019565384340923167,0.22723367697594504,0.000975784420613921,97,False
tct,9,bertQPP,8,0.65,0.3991400622494083,5.1269017656273795e-05,0.2766323024054983,5.9635866438532616e-05,97,True
tct,9,bertQPP(QV),8,0.65,0.3345671851684776,0.0008096879377674443,0.21434707903780073,0.0018682268943729797,97,False
tct,9,bertQPP(QV),8,0.65,0.37369624129547585,0.00016303687898510923,0.2530068728522337,0.00024121095691616908,97,True
tct,9,spatial,8,0.7,0.23402543086858602,0.02104698059773129,0.16151202749140894,0.01909240321886764,97,False
tct,9,spatial,8,0.7,0.30322867660204755,0.002534741453174372,0.24269759450171827,0.0004286013573495472,97,True
tct,9,a_ratio,8,0.7,0.31839896748157237,0.0014811036980228573,0.22637457044673542,0.0010200025736501021,97,False
tct,9,a_ratio,8,0.7,0.3630200951819351,0.0002577046284291792,0.26932989690721654,9.295520334274114e-05,97,True
tct,9,nqc,8,0.7,0.2017371157057717,0.047530026163127556,0.10524054982817871,0.12672143082539938,97,False
tct,9,nqc,8,0.7,0.29215199610960496,0.003687877935631111,0.18556701030927839,0.00708575590459897,97,True
tct,9,bertQPP,8,0.7,0.3794696595599839,0.00012643289467274764,0.24570446735395193,0.0003632334933323789,97,False
tct,9,bertQPP,8,0.7,0.4047742204350458,3.916976548432854e-05,0.2869415807560138,3.1293082627690314e-05,97,True
tct,9,bertQPP(QV),8,0.7,0.34870107998520705,0.0004646883211007823,0.23152920962199317,0.0007801296905645403,97,False
tct,9,bertQPP(QV),8,0.7,0.3815000362311114,0.00011548731449701373,0.26116838487972516,0.00015073942387955493,97,True
tct,9,spatial,8,0.75,0.251443015265434,0.012977897210271061,0.18170103092783507,0.008372001763204117,97,False
tct,9,spatial,8,0.75,0.30848821778020713,0.002110570960310801,0.2439862542955327,0.0003993454119661632,97,True
tct,9,a_ratio,8,0.75,0.319032915348641,0.0014473349070826518,0.22766323024054988,0.0009543472910132449,97,False
tct,9,a_ratio,8,0.75,0.3642614254790789,0.00024454350135652477,0.27362542955326463,7.168767375692266e-05,97,True
tct,9,nqc,8,0.75,0.2159872751256168,0.03360332945910231,0.10910652920962201,0.11336246240953972,97,False
tct,9,nqc,8,0.75,0.30499514413197165,0.0023844148482249582,0.19544673539518906,0.0045660596694361046,97,True
tct,9,bertQPP,8,0.75,0.3832011934329226,0.00010700065041530112,0.24226804123711343,0.00043878992015195634,97,False
tct,9,bertQPP,8,0.75,0.4055420103136835,3.7744766097111675e-05,0.28994845360824745,2.5823492573259426e-05,97,True
tct,9,bertQPP(QV),8,0.75,0.35728868385320006,0.0003273779202134117,0.23024054982817874,0.0008346209629654949,97,False
tct,9,bertQPP(QV),8,0.75,0.3850531676793022,9.842215861053477e-05,0.2624570446735396,0.00013978519828252247,97,True
tct,9,spatial,8,0.8,0.2676411328431597,0.00804147580411737,0.1941580756013746,0.0048406217198878375,97,False
tct,9,spatial,8,0.8,0.3155262411846912,0.0016432579027616005,0.25429553264604815,0.00022415245533308512,97,True
tct,9,a_ratio,8,0.8,0.31902045617251057,0.0014479917919141422,0.22508591065292102,0.0010898172708815595,97,False
tct,9,a_ratio,8,0.8,0.36362523005585085,0.00025120917586102064,0.27620274914089354,6.123156446679978e-05,97,True
tct,9,nqc,8,0.8,0.23640663914629645,0.019737500467238822,0.12156357388316154,0.07772782073014356,97,False
tct,9,nqc,8,0.8,0.3225865328675813,0.001270638334742918,0.20661512027491413,0.0027156275780873427,97,True
tct,9,bertQPP,8,0.8,0.3799393123731867,0.000123818738818635,0.2521477663230241,0.0002532519652694692,97,False
tct,9,bertQPP,8,0.8,0.4009005090288136,4.715771015391143e-05,0.28737113402061865,3.0449327798130317e-05,97,True
tct,9,bertQPP(QV),8,0.8,0.3593652475958745,0.0003003445790200186,0.24355670103092786,0.0004088834881762593,97,False
tct,9,bertQPP(QV),8,0.8,0.3838290542887846,0.00010401747668189866,0.27233676975945026,7.752860694391557e-05,97,True
tct,9,spatial,8,0.85,0.28231823351744667,0.005083427979669196,0.20575601374570449,0.0028288190417010725,97,False
tct,9,spatial,8,0.85,0.32527077422039535,0.001150420968124374,0.2564432989690722,0.00019821410424194529,97,True
tct,9,a_ratio,8,0.85,0.3185372204835526,0.0014736789898226127,0.22594501718213064,0.0010428004886634003,97,False
tct,9,a_ratio,8,0.85,0.3608107436010424,0.000282757875284376,0.2744845360824743,6.802769792638233e-05,97,True
tct,9,nqc,8,0.85,0.26731432272164357,0.008121800685954288,0.12886597938144334,0.06148508875649665,97,False
tct,9,nqc,8,0.85,0.34737715065628916,0.0004900413673659968,0.23238831615120278,0.0007456571945733053,97,True
tct,9,bertQPP,8,0.85,0.3700312445418613,0.00019112705340751057,0.2564432989690722,0.00019821410424194529,97,False
tct,9,bertQPP,8,0.85,0.39091515063319293,7.52974610946514e-05,0.2830756013745705,3.995381628708257e-05,97,True
tct,9,bertQPP(QV),8,0.85,0.35497948189111145,0.0003600597689157817,0.2512886597938145,0.00026585493232954136,97,False
tct,9,bertQPP(QV),8,0.85,0.37780592802620216,0.00013611094301763942,0.27491408934707906,6.626470924810731e-05,97,True
tct,9,spatial,8,0.9,0.29524939703976644,0.0033256007627174788,0.21262886597938147,0.002032205430312129,97,False
tct,9,spatial,8,0.9,0.33898817448162116,0.000682491487903694,0.25859106529209624,0.00017511595223064058,97,True
tct,9,a_ratio,8,0.9,0.3177169685712601,0.0015182283463628476,0.2255154639175258,0.0010660691222714972,97,False
tct,9,a_ratio,8,0.9,0.3555925216791891,0.00035110270028372895,0.2714776632302406,8.166950933778078e-05,97,True
tct,9,nqc,8,0.9,0.31541894666908665,0.0016496143539609226,0.17139175257731962,0.012879359856548544,97,False
tct,9,nqc,8,0.9,0.3813721137177006,0.00011615009798407199,0.25343642611683853,0.00023539388087640415,97,True
tct,9,bertQPP,8,0.9,0.3547864216705551,0.0003629237918299531,0.25000000000000006,0.00028586619810323126,97,False
tct,9,bertQPP,8,0.9,0.37626893034199776,0.0001456576911622841,0.277491408934708,5.656185112022831e-05,97,True
tct,9,bertQPP(QV),8,0.9,0.3451427422473521,0.0005357251702472302,0.24484536082474234,0.00038088964117221485,97,False
tct,9,bertQPP(QV),8,0.9,0.3674822362390199,0.00021323352713545845,0.2744845360824743,6.802769792638233e-05,97,True
tct,9,spatial,8,0.95,0.3063029687770563,0.002278345385466388,0.2130584192439863,0.0019900166497547295,97,False
tct,9,spatial,8,0.95,0.35559982862912776,0.0003509971868399385,0.2684707903780069,9.786936882852283e-05,97,True
tct,9,a_ratio,8,0.95,0.3166606639660772,0.0015773954148935137,0.22594501718213064,0.0010428004886634003,97,False
tct,9,a_ratio,8,0.95,0.34786113184106815,0.0004806295744640905,0.26116838487972516,0.00015073942387955493,97,True
tct,9,nqc,8,0.95,0.37159237990222976,0.00017865524768338433,0.20833333333333337,0.0025015666651811157,97,False
tct,9,nqc,8,0.95,0.4101663599730898,3.013598992023308e-05,0.2779209621993128,5.5081722625004346e-05,97,True
tct,9,bertQPP,8,0.95,0.3360017825777075,0.0007662191631956541,0.2336769759450172,0.0006965926026270434,97,False
tct,9,bertQPP,8,0.95,0.3580849722630215,0.0003167572080904829,0.2714776632302406,8.166950933778078e-05,97,True
tct,9,bertQPP(QV),8,0.95,0.33142086082436295,0.0009130116533266675,0.2328178694158076,0.0007289565212236814,97,False
tct,9,bertQPP(QV),8,0.95,0.3537443441415414,0.00037874807687452897,0.2654639175257732,0.00011707036468109733,97,True
tct,9,spatial,8,1.0,0.31544400738987666,0.0016481276916728352,0.22465635738831619,0.0011140538745299275,97,False
tct,9,spatial,8,1.0,0.33765245716401554,0.0007188474850262296,0.2512886597938145,0.00026585493232954136,97,True
tct,9,a_ratio,8,1.0,0.31544400738987666,0.0016481276916728352,0.22465635738831619,0.0011140538745299275,97,False
tct,9,a_ratio,8,1.0,0.33765245716401554,0.0007188474850262296,0.2512886597938145,0.00026585493232954136,97,True
tct,9,nqc,8,1.0,0.31544400738987666,0.0016481276916728352,0.22465635738831619,0.0011140538745299275,97,False
tct,9,nqc,8,1.0,0.33765245716401554,0.0007188474850262296,0.2512886597938145,0.00026585493232954136,97,True
tct,9,bertQPP,8,1.0,0.31544400738987666,0.0016481276916728352,0.22465635738831619,0.0011140538745299275,97,False
tct,9,bertQPP,8,1.0,0.33765245716401554,0.0007188474850262296,0.2512886597938145,0.00026585493232954136,97,True
tct,9,bertQPP(QV),8,1.0,0.31544400738987666,0.0016481276916728352,0.22465635738831619,0.0011140538745299275,97,False
tct,9,bertQPP(QV),8,1.0,0.33765245716401554,0.0007188474850262296,0.2512886597938145,0.00026585493232954136,97,True
tct,9,spatial,9,0.0,0.013382096827883258,0.8964907995035795,0.03393470790378007,0.6224147431170471,97,False
tct,9,spatial,9,0.0,0.2806756280578976,0.005357600650554058,0.21907216494845363,0.0014779202366871586,97,True
tct,9,a_ratio,9,0.0,0.08699727737016585,0.3968143680759362,0.0584192439862543,0.3965888091618368,97,False
tct,9,a_ratio,9,0.0,0.28703017363767047,0.004364889994963118,0.22809278350515466,0.000933347093157991,97,True
tct,9,nqc,9,0.0,0.1492631279496186,0.14450956733786507,0.08719931271477664,0.2057421374120063,97,False
tct,9,nqc,9,0.0,0.24089257215590104,0.017459992874871322,0.16537800687285226,0.016403064445582434,97,True
tct,9,bertQPP,9,0.0,0.17672691352325548,0.08333551015854819,0.10137457044673541,0.14127503537333896,97,False
tct,9,bertQPP,9,0.0,0.23874077288827814,0.01852248002459105,0.16752577319587633,0.015057708996420909,97,True
tct,9,bertQPP(QV),9,0.0,0.1310712474602009,0.20065209966598066,0.05541237113402062,0.42134149715143543,97,False
tct,9,bertQPP(QV),9,0.0,0.2058321123136385,0.04310985452091257,0.12156357388316154,0.07772782073014356,97,True
tct,9,spatial,9,0.05,0.0221620332223799,0.8294027875232091,0.039948453608247426,0.5621188569054614,97,False
tct,9,spatial,9,0.05,0.2811145429753956,0.005283082478931707,0.22079037800687287,0.0013557124652369783,97,True
tct,9,a_ratio,9,0.05,0.11063472584112527,0.28066978152086475,0.07989690721649485,0.24629548858904848,97,False
tct,9,a_ratio,9,0.05,0.29090484713749254,0.003843448083965438,0.23324742268041243,0.0007126038672884247,97,True
tct,9,nqc,9,0.05,0.15027422824312284,0.14177859486328598,0.08848797250859108,0.19912082868170233,97,False
tct,9,nqc,9,0.05,0.24195587133211782,0.016954673448265564,0.1658075601374571,0.016125841537736958,97,True
tct,9,bertQPP,9,0.05,0.1842778747483727,0.07077685753617377,0.1048109965635739,0.1282784361242476,97,False
tct,9,bertQPP,9,0.05,0.2463290224447593,0.015006917049732263,0.17310996563573885,0.01200419316896961,97,True
tct,9,bertQPP(QV),9,0.05,0.13860681505911632,0.1757468085562632,0.06142611683848798,0.37273483374323335,97,False
tct,9,bertQPP(QV),9,0.05,0.2137515841568549,0.03552874802981825,0.12757731958762888,0.06412770883743656,97,True
tct,9,spatial,9,0.1,0.03158890740914952,0.7587230051650424,0.04553264604810997,0.5087854171288679,97,False
tct,9,spatial,9,0.1,0.2815981693677495,0.0052020413612145,0.2203608247422681,0.0013853583021557498,97,True
tct,9,a_ratio,9,0.1,0.13449594871688908,0.18903612482251728,0.09493127147766325,0.1683392012081001,97,False
tct,9,a_ratio,9,0.1,0.29489769091276485,0.0033650663823932368,0.23238831615120278,0.0007456571945733053,97,True
tct,9,nqc,9,0.1,0.15139671233453975,0.1387926757913349,0.08805841924398626,0.2013104039967497,97,False
tct,9,nqc,9,0.1,0.24313289371057964,0.01641008486009629,0.1658075601374571,0.016125841537736958,97,True
tct,9,bertQPP,9,0.1,0.19254004003537,0.05883341395019836,0.11211340206185569,0.10376002930884054,97,False
tct,9,bertQPP,9,0.1,0.25448686163657475,0.011887250143039102,0.1778350515463918,0.009863239446727635,97,True
tct,9,bertQPP(QV),9,0.1,0.14690896314915813,0.15102163211064806,0.06615120274914091,0.33709113316806516,97,False
tct,9,bertQPP(QV),9,0.1,0.2222978236743085,0.028636270610902115,0.14218213058419246,0.039091423487606906,97,True
tct,9,spatial,9,0.15,0.041698662134125486,0.6850830536359045,0.04896907216494846,0.4773342987798882,97,False
tct,9,spatial,9,0.15,0.2821336675239998,0.005113599261434347,0.22207903780068733,0.0012702502748310276,97,True
tct,9,a_ratio,9,0.15,0.1577185633446309,0.12285884201074716,0.10567010309278352,0.12517917667351905,97,False
tct,9,a_ratio,9,0.15,0.29899053789657115,0.0029307639426487024,0.23152920962199317,0.0007801296905645403,97,True
tct,9,nqc,9,0.15,0.1526499854554461,0.13551543378985115,0.0893470790378007,0.19479398827541883,97,False
tct,9,nqc,9,0.15,0.24444280985594774,0.01582185069143476,0.1666666666666667,0.01558372473088864,97,True
tct,9,bertQPP,9,0.15,0.20158483595396373,0.047701372370636326,0.11769759450171824,0.08765026442852013,97,False
tct,9,bertQPP,9,0.15,0.26324125525296793,0.00918381020446176,0.18256013745704472,0.00806936233603351,97,True
tct,9,bertQPP(QV),9,0.15,0.15606954103690548,0.12687271470025366,0.07173539518900345,0.2978933833803449,97,False
tct,9,bertQPP(QV),9,0.15,0.2315078337278644,0.022511790173582336,0.14647766323024058,0.03354022455213661,97,True
tct,9,spatial,9,0.2,0.05252056022942654,0.6094107915751406,0.05283505154639176,0.4432621351071514,97,False
tct,9,spatial,9,0.2,0.28272980203869524,0.005016717824857068,0.2216494845360825,0.001298168853613724,97,True
tct,9,a_ratio,9,0.2,0.17940753966852102,0.07868804359948495,0.12199312714776635,0.07668417076895777,97,False
tct,9,a_ratio,9,0.2,0.3031565235963888,0.0025410591200468852,0.23410652920962205,0.0006809162092632265,97,True
tct,9,nqc,9,0.2,0.1540582173290126,0.1319035376662464,0.08848797250859108,0.19912082868170233,97,False
tct,9,nqc,9,0.2,0.24590932548838232,0.015185028650876673,0.16537800687285226,0.016403064445582434,97,True
tct,9,bertQPP,9,0.2,0.21148077934669982,0.037578383620835834,0.12414089347079041,0.07163599473940602,97,False
tct,9,bertQPP,9,0.2,0.2726055747493964,0.006904530029771183,0.1911512027491409,0.005540236417616152,97,True
tct,9,bertQPP(QV),9,0.2,0.16618422448436695,0.10377095363237167,0.07860824742268042,0.2539971105350425,97,False
tct,9,bertQPP(QV),9,0.2,0.24140651244543027,0.017214149589200273,0.15592783505154642,0.023654871935139845,97,True
tct,9,spatial,9,0.25,0.06407319500525128,0.5329505698841599,0.053264604810996576,0.43956407502839534,97,False
tct,9,spatial,9,0.25,0.28339741367945515,0.004910161714083066,0.22207903780068733,0.0012702502748310276,97,True
tct,9,a_ratio,9,0.25,0.19879074327290333,0.05093708173647854,0.13058419243986258,0.05810246319620013,97,False
tct,9,a_ratio,9,0.25,0.3073574918480415,0.0021959380010210215,0.23453608247422683,0.0006655682797928671,97,True
tct,9,nqc,9,0.25,0.15565189180176722,0.1279050794988827,0.08848797250859108,0.19912082868170233,97,False
tct,9,nqc,9,0.25,0.24756209513019278,0.014494060540100875,0.1679553264604811,0.014800614099959652,97,True
tct,9,bertQPP,9,0.25,0.2222847234385421,0.028645898950251693,0.12585910652920965,0.0677963948466897,97,False
tct,9,bertQPP,9,0.25,0.2825700880787556,0.005042512428237926,0.1984536082474227,0.003979453005162126,97,True
tct,9,bertQPP(QV),9,0.25,0.17734569716384002,0.08224374554495786,0.08591065292096221,0.2125219840325313,97,False
tct,9,bertQPP(QV),9,0.25,0.2519971337702005,0.012773096954892347,0.16752577319587633,0.015057708996420909,97,True
tct,9,spatial,9,0.3,0.07635946064966675,0.45724533597269573,0.0627147766323024,0.3627897011875757,97,False
tct,9,spatial,9,0.3,0.28415006617316374,0.0047924521949746545,0.2216494845360825,0.001298168853613724,97,True
tct,9,a_ratio,9,0.3,0.21535057518307013,0.03414250671316211,0.15206185567010314,0.02734277211201925,97,False
tct,9,a_ratio,9,0.3,0.31154082351611,0.0018948575996235518,0.23883161512027495,0.0005288208236189078,97,True
tct,9,nqc,9,0.3,0.15746999916896548,0.1234575426989475,0.0893470790378007,0.19479398827541883,97,False
tct,9,nqc,9,0.3,0.24943869372392236,0.01374274407510374,0.1679553264604811,0.014800614099959652,97,True
tct,9,bertQPP,9,0.3,0.2340270192887409,0.021046082848840054,0.13831615120274915,0.044736513464296176,97,False
tct,9,bertQPP,9,0.3,0.2930881245379114,0.0035748318784203934,0.20661512027491413,0.0027156275780873427,97,True
tct,9,bertQPP(QV),9,0.3,0.1896309364130658,0.06283537567730899,0.09793814432989692,0.1552606461818409,97,False
tct,9,bertQPP(QV),9,0.3,0.263247361702025,0.009182130811782535,0.17955326460481102,0.009173476196585428,97,True
tct,9,spatial,9,0.35,0.08936052764080121,0.38406384125606713,0.07903780068728523,0.25141149497554627,97,False
tct,9,spatial,9,0.35,0.2850049472513034,0.0046618082995173,0.22293814432989695,0.0012160687743494618,97,True
tct,9,a_ratio,9,0.35,0.2288825281539864,0.024131286850805123,0.16194158075601378,0.018775672464210122,97,False
tct,9,a_ratio,9,0.35,0.3156356703673664,0.0016367978403153077,0.24828178694158082,0.0003147483455907583,97,True
tct,9,nqc,9,0.35,0.15956320253456024,0.11848528126656273,0.0893470790378007,0.19479398827541883,97,False
tct,9,nqc,9,0.35,0.2515874173893976,0.01292425318035443,0.17053264604811,0.013337754848227265,97,True
tct,9,bertQPP,9,0.35,0.24668753564957743,0.014856207728767145,0.1473367697594502,0.03251488713772691,97,False
tct,9,bertQPP,9,0.35,0.30405670658221584,0.0024632451377161143,0.2203608247422681,0.0013853583021557498,97,True
tct,9,bertQPP(QV),9,0.35,0.20307911661602818,0.0460419059839203,0.10309278350515466,0.1346555631057889,97,False
tct,9,bertQPP(QV),9,0.35,0.2750695516071221,0.006394917369577184,0.18427835051546396,0.0074933028749945285,97,True
tct,9,spatial,9,0.4,0.10302909324979817,0.315262984559716,0.09020618556701032,0.1905365207922204,97,False
tct,9,spatial,9,0.4,0.28598414624153784,0.004516072428899973,0.22207903780068733,0.0012702502748310276,97,True
tct,9,a_ratio,9,0.4,0.23946938856456884,0.018156642696459908,0.17611683848797252,0.010598840128977079,97,False
tct,9,a_ratio,9,0.4,0.31954866644210855,0.0014203789898698856,0.24957044673539522,0.00029284438819506046,97,True
tct,9,nqc,9,0.4,0.16199851806410406,0.11289646278678438,0.08977663230240551,0.19265661141875967,97,False
tct,9,nqc,9,0.4,0.2540713431666207,0.012031255696270164,0.17053264604811,0.013337754848227265,97,True
tct,9,bertQPP,9,0.4,0.26015890294461996,0.01006673806906057,0.15592783505154642,0.023654871935139845,97,False
tct,9,bertQPP,9,0.4,0.315290864148027,0.001657231496034433,0.22809278350515466,0.000933347093157991,97,True
tct,9,bertQPP(QV),9,0.4,0.21765553118203618,0.0322244871342772,0.10996563573883163,0.110550087489207,97,False
tct,9,bertQPP(QV),9,0.4,0.28729457068677156,0.004327398713378992,0.1902920962199313,0.005756239608165468,97,True
tct,9,spatial,9,0.45,0.1172825141076986,0.252591308500454,0.10223367697594504,0.13793469449367568,97,False
tct,9,spatial,9,0.45,0.28711650044800274,0.00435261719050941,0.22422680412371138,0.0011387880187863695,97,True
tct,9,a_ratio,9,0.45,0.2473986868096378,0.014561138590534243,0.18556701030927839,0.00708575590459897,97,False
tct,9,a_ratio,9,0.45,0.32315935035363924,0.0012440655398572717,0.25429553264604815,0.00022415245533308512,97,True
tct,9,nqc,9,0.45,0.16486641544791733,0.10657954095767402,0.08848797250859108,0.19912082868170233,97,False
tct,9,nqc,9,0.45,0.25697434570302335,0.01105621788069999,0.16967353951890035,0.013810511589466142,97,True
tct,9,bertQPP,9,0.45,0.2741940735970162,0.006572040270628624,0.15721649484536085,0.02252544814571104,97,False
tct,9,bertQPP,9,0.45,0.3264923204550273,0.001099217394622655,0.23539518900343648,0.0006358327263393619,97,True
tct,9,bertQPP(QV),9,0.45,0.23319682512677314,0.02151979361635178,0.12757731958762888,0.06412770883743656,97,False
tct,9,bertQPP(QV),9,0.45,0.29963997485377525,0.0028666825447201485,0.20446735395189009,0.0030066996042901117,97,True
tct,9,spatial,9,0.5,0.13199685782134266,0.19746322281338738,0.10609965635738833,0.1236515932692785,97,False
tct,9,spatial,9,0.5,0.28844031848288554,0.00416823147805056,0.22723367697594504,0.000975784420613921,97,True
tct,9,a_ratio,9,0.5,0.2530651561413025,0.012386288418141078,0.1902920962199313,0.005756239608165468,97,False
tct,9,a_ratio,9,0.5,0.3263157910359398,0.0011064864561699532,0.25515463917525777,0.00021341645031147517,97,True
tct,9,nqc,9,0.5,0.16829191148685035,0.09939964115970604,0.09235395189003438,0.18019329783502935,97,False
tct,9,nqc,9,0.5,0.2604102329215032,0.00999205841958697,0.1701030927835052,0.013572314777054699,97,True
tct,9,bertQPP,9,0.5,0.2883395608289202,0.004182016088101398,0.16494845360824745,0.01668446543769203,97,False
tct,9,bertQPP,9,0.5,0.33721660298470063,0.00073108845786137,0.24828178694158082,0.0003147483455907583,97,True
tct,9,bertQPP(QV),9,0.5,0.2493361635156734,0.013782901313241069,0.13831615120274915,0.044736513464296176,97,False
tct,9,bertQPP(QV),9,0.5,0.3116769602287347,0.0018857190733818222,0.20704467353951894,0.0026605976928076114,97,True
tct,9,spatial,9,0.55,0.1470033513113112,0.1507563723063333,0.11512027491408937,0.09481550621817705,97,False
tct,9,spatial,9,0.55,0.29000748308668045,0.003958988593543076,0.22766323024054988,0.0009543472910132449,97,True
tct,9,a_ratio,9,0.55,0.25688941200869,0.011083732679213946,0.1937285223367698,0.004935409194231109,97,False
tct,9,a_ratio,9,0.55,0.3288312847409184,0.0010069211350861196,0.2555841924398626,0.0002082313453780151,97,True
tct,9,nqc,9,0.55,0.17245248859400344,0.091196062435189,0.09020618556701032,0.1905365207922204,97,False
tct,9,nqc,9,0.55,0.2645369838429916,0.008833446940533791,0.17182130584192443,0.01265543298933369,97,True
tct,9,bertQPP,9,0.55,0.3018670862798253,0.002656376833444456,0.16967353951890035,0.013810511589466142,97,False
tct,9,bertQPP,9,0.55,0.34684864457696285,0.0005005119778626219,0.25343642611683853,0.00023539388087640415,97,True
tct,9,bertQPP(QV),9,0.55,0.26541818187099914,0.00860193706453446,0.15721649484536085,0.02252544814571104,97,False
tct,9,bertQPP(QV),9,0.55,0.3228067152055414,0.0012603637464808414,0.2173539518900344,0.0016102081655090619,97,True
tct,9,spatial,9,0.6,0.16208898632559798,0.11269285562049679,0.12414089347079041,0.07163599473940602,97,False
tct,9,spatial,9,0.6,0.2918897612247738,0.003720113448494138,0.22895189003436428,0.0008926252002239728,97,True
tct,9,a_ratio,9,0.6,0.2592650647690229,0.010336308975565266,0.19329896907216498,0.0050318722795436996,97,False
tct,9,a_ratio,9,0.6,0.3304834678410445,0.0009460417479219192,0.25000000000000006,0.00028586619810323126,97,True
tct,9,nqc,9,0.6,0.17760814408055803,0.08178415214149241,0.08977663230240551,0.19265661141875967,97,False
tct,9,nqc,9,0.6,0.2695795457960545,0.007579275572777405,0.17654639175257736,0.010410504577977625,97,True
tct,9,bertQPP,9,0.6,0.3137374858108621,0.0017521806805807815,0.18771477663230243,0.006450561996249079,97,False
tct,9,bertQPP,9,0.6,0.3546050708569519,0.0003656331847923509,0.25601374570446744,0.000203164735220203,97,True
tct,9,bertQPP(QV),9,0.6,0.2804372929636455,0.005398454789561307,0.1778350515463918,0.009863239446727635,97,False
tct,9,bertQPP(QV),9,0.6,0.33226476017513173,0.0008841790640546518,0.22293814432989695,0.0012160687743494618,97,True
tct,9,spatial,9,0.65,0.1770029274138836,0.08284710014431694,0.13788659793814437,0.04540422310195199,97,False
tct,9,spatial,9,0.65,0.29418867182063957,0.0034459049202498543,0.23067010309278352,0.00081607670119364,97,True
tct,9,a_ratio,9,0.65,0.2605323351905724,0.009955952798757033,0.18857388316151205,0.006211170636578692,97,False
tct,9,a_ratio,9,0.65,0.3310176803100635,0.0009270871032736125,0.2525773195876289,0.00024716269151633816,97,True
tct,9,nqc,9,0.65,0.18415393489926368,0.07096990085356905,0.09192439862542956,0.1822278457949571,97,False
tct,9,nqc,9,0.65,0.2758672740163855,0.006237219700795429,0.18170103092783507,0.008372001763204117,97,True
tct,9,bertQPP,9,0.65,0.32265555771597976,0.001267409201081451,0.19587628865979384,0.004477722918252414,97,False
tct,9,bertQPP,9,0.65,0.35958756140071635,0.0002975757689856802,0.26460481099656363,0.00012317744827931967,97,True
tct,9,bertQPP(QV),9,0.65,0.2930651156239127,0.0035775728040173963,0.19458762886597944,0.004747484369155047,97,False
tct,9,bertQPP(QV),9,0.65,0.3391769480549965,0.0006774912780750353,0.23496563573883167,0.0006505425158083947,97,True
tct,9,spatial,9,0.7,0.19146962883131272,0.06028101820072794,0.1443298969072165,0.03622527510674091,97,False
tct,9,spatial,9,0.7,0.29705096442338313,0.0031298746975838244,0.23496563573883167,0.0006505425158083947,97,True
tct,9,a_ratio,9,0.7,0.2609703631121461,0.00982736732046409,0.18857388316151205,0.006211170636578692,97,False
tct,9,a_ratio,9,0.7,0.33015670914144224,0.0009578090600698866,0.25343642611683853,0.00023539388087640415,97,True
tct,9,nqc,9,0.7,0.19271605539670678,0.058598115977638955,0.09621993127147768,0.16263626465805225,97,False
tct,9,nqc,9,0.7,0.2838964164306073,0.0048318374262922145,0.1829896907216495,0.007921746820669876,97,True
tct,9,bertQPP,9,0.7,0.3272764871894697,0.0010674496477347353,0.209192439862543,0.002400428947085522,97,False
tct,9,bertQPP,9,0.7,0.36090665464097454,0.0002816252430230071,0.2680412371134021,0.00010041746330816103,97,True
tct,9,bertQPP(QV),9,0.7,0.3018443177363972,0.0026584547033352674,0.2053264604810997,0.002887015591872923,97,False
tct,9,bertQPP(QV),9,0.7,0.3426835849598071,0.0005904944963159977,0.2444158075601375,0.0003900155261817713,97,True
tct,9,spatial,9,0.75,0.20520815310020243,0.04376041053359304,0.15077319587628868,0.0286776674564184,97,False
tct,9,spatial,9,0.75,0.3006919145022342,0.002765552394600814,0.24097938144329903,0.0004707284379041492,97,True
tct,9,a_ratio,9,0.75,0.2608002238567856,0.009877138622087509,0.1902920962199313,0.005756239608165468,97,False
tct,9,a_ratio,9,0.75,0.32761878586107673,0.0010538465052821442,0.25515463917525777,0.00021341645031147517,97,True
tct,9,nqc,9,0.75,0.20433489569662944,0.044684572240668,0.10266323024054985,0.13628751627610397,97,False
tct,9,nqc,9,0.75,0.2944325692466271,0.0034179028892205856,0.19587628865979384,0.004477722918252414,97,True
tct,9,bertQPP,9,0.75,0.32656151594925875,0.0010963799637642075,0.22465635738831619,0.0011140538745299275,97,False
tct,9,bertQPP,9,0.75,0.3578687235544097,0.00031960964280823274,0.2624570446735396,0.00013978519828252247,97,True
tct,9,bertQPP(QV),9,0.75,0.30556321245069673,0.00233780766880926,0.22079037800687287,0.0013557124652369783,97,False
tct,9,bertQPP(QV),9,0.75,0.3421198045203126,0.000603752662521083,0.25515463917525777,0.00021341645031147517,97,True
tct,9,spatial,9,0.8,0.21795538016242383,0.03198178556115541,0.1597938144329897,0.02040649882574069,97,False
tct,9,spatial,9,0.8,0.3054230445953223,0.002349230812026815,0.2439862542955327,0.0003993454119661632,97,True
tct,9,a_ratio,9,0.8,0.26019278691652215,0.010056641416579084,0.19286941580756015,0.005130036782382208,97,False
tct,9,a_ratio,9,0.8,0.3231444832180915,0.0012447487885258316,0.2573024054982818,0.0001886509599840551,97,True
tct,9,nqc,9,0.8,0.22081802996616362,0.02974137058626283,0.1086769759450172,0.11478963120763813,97,False
tct,9,nqc,9,0.8,0.3086537785041399,0.0020983261007439854,0.20575601374570449,0.0028288190417010725,97,True
tct,9,bertQPP,9,0.8,0.32015144399684947,0.0013894523208857527,0.24269759450171827,0.0004286013573495472,97,False
tct,9,bertQPP,9,0.8,0.350173373826253,0.00043791205239379524,0.2689003436426117,9.538240628081039e-05,97,True
tct,9,bertQPP(QV),9,0.8,0.30367569569851355,0.0024959148934666536,0.2212199312714777,0.001326652810302692,97,False
tct,9,bertQPP(QV),9,0.8,0.33719724031925513,0.0007316366529466148,0.25343642611683853,0.00023539388087640415,97,True
tct,9,spatial,9,0.85,0.22948923955448136,0.02374844474222195,0.16108247422680416,0.01941379508307944,97,False
tct,9,spatial,9,0.85,0.31163583717909726,0.001888475355542001,0.2452749140893471,0.0003719636432157586,97,True
tct,9,a_ratio,9,0.85,0.2592778721840367,0.010332402205956784,0.1902920962199313,0.005756239608165468,97,False
tct,9,a_ratio,9,0.85,0.3165307044670336,0.0015848173820725137,0.25515463917525777,0.00021341645031147517,97,True
tct,9,nqc,9,0.85,0.24532381682983667,0.015436566503218611,0.11726804123711342,0.08881318243030219,97,False
tct,9,nqc,9,0.85,0.32815386298439797,0.0010328981669926647,0.21563573883161516,0.0017533187111864498,97,True
tct,9,bertQPP,9,0.85,0.3085390540374825,0.0021068042717338645,0.2328178694158076,0.0007289565212236814,97,False
tct,9,bertQPP,9,0.85,0.3380341962532112,0.0007082805656042201,0.2684707903780069,9.786936882852283e-05,97,True
tct,9,bertQPP(QV),9,0.85,0.29651777425326376,0.003186696154505896,0.2285223367697595,0.0009127757207962206,97,False
tct,9,bertQPP(QV),9,0.85,0.32810556687173137,0.0010347732774194007,0.25515463917525777,0.00021341645031147517,97,True
tct,9,spatial,9,0.9,0.23964753299689281,0.01806814970682765,0.17396907216494847,0.011586707769612953,97,False
tct,9,spatial,9,0.9,0.31936574107055893,0.0014298870824258035,0.2521477663230241,0.0002532519652694692,97,True
tct,9,a_ratio,9,0.9,0.25815289487645227,0.010680537387830855,0.18857388316151205,0.006211170636578692,97,False
tct,9,a_ratio,9,0.9,0.30766661630271297,0.002172295842093491,0.25042955326460486,0.0002790440350017295,97,True
tct,9,nqc,9,0.9,0.28196985951185016,0.00514051050262562,0.14304123711340208,0.037922646089534044,97,False
tct,9,nqc,9,0.9,0.35314718815265606,0.00038809966883953,0.23711340206185572,0.000580033168540485,97,True
tct,9,bertQPP,9,0.9,0.29291365122806634,0.0035956629246269582,0.21907216494845363,0.0014779202366871586,97,False
tct,9,bertQPP,9,0.9,0.322153901411406,0.0012910485835493175,0.25816151202749144,0.00017952274646223222,97,True
tct,9,bertQPP(QV),9,0.9,0.28516775801905425,0.004637290201305515,0.22079037800687287,0.0013557124652369783,97,False
tct,9,bertQPP(QV),9,0.9,0.31547761299893695,0.0016461360301890842,0.2555841924398626,0.0002082313453780151,97,True
tct,9,spatial,9,0.95,0.2483387591296582,0.0141788981513715,0.1778350515463918,0.009863239446727635,97,False
tct,9,spatial,9,0.95,0.3243224180160392,0.0011916587121614686,0.25386597938144334,0.00022970863763271067,97,True
tct,9,a_ratio,9,0.95,0.25689026366739864,0.011083456482244926,0.186426116838488,0.006825229731210832,97,False
tct,9,a_ratio,9,0.95,0.2965633668067016,0.0031818014870474676,0.23754295532646055,0.0005668140402706258,97,True
tct,9,nqc,9,0.95,0.318599833935863,0.0014703275280283515,0.17955326460481102,0.009173476196585428,97,False
tct,9,nqc,9,0.95,0.36682955268473183,0.00021926203454101538,0.24226804123711343,0.00043878992015195634,97,True
tct,9,bertQPP,9,0.95,0.2747748751099911,0.006454057316723755,0.20103092783505158,0.0035320539175627825,97,False
tct,9,bertQPP,9,0.95,0.3035584576013045,0.0025060456556932073,0.23840206185567014,0.0005412133012575864,97,True
tct,9,bertQPP(QV),9,0.95,0.2710518672946556,0.0072440355026385335,0.20618556701030932,0.0027716955730928564,97,False
tct,9,bertQPP(QV),9,0.95,0.30023204442514073,0.0028093615646495027,0.24226804123711343,0.00043878992015195634,97,True
tct,9,spatial,9,1.0,0.25554337326401116,0.01152785070478232,0.18857388316151205,0.006211170636578692,97,False
tct,9,spatial,9,1.0,0.28336861407896524,0.0049147164466616326,0.21477663230240554,0.0018291772025326055,97,True
tct,9,a_ratio,9,1.0,0.25554337326401116,0.01152785070478232,0.18857388316151205,0.006211170636578692,97,False
tct,9,a_ratio,9,1.0,0.28336861407896524,0.0049147164466616326,0.21477663230240554,0.0018291772025326055,97,True
tct,9,nqc,9,1.0,0.25554337326401116,0.01152785070478232,0.18857388316151205,0.006211170636578692,97,False
tct,9,nqc,9,1.0,0.28336861407896524,0.0049147164466616326,0.21477663230240554,0.0018291772025326055,97,True
tct,9,bertQPP,9,1.0,0.25554337326401116,0.01152785070478232,0.18857388316151205,0.006211170636578692,97,False
tct,9,bertQPP,9,1.0,0.28336861407896524,0.0049147164466616326,0.21477663230240554,0.0018291772025326055,97,True
tct,9,bertQPP(QV),9,1.0,0.25554337326401116,0.01152785070478232,0.18857388316151205,0.006211170636578692,97,False
tct,9,bertQPP(QV),9,1.0,0.28336861407896524,0.0049147164466616326,0.21477663230240554,0.0018291772025326055,97,True
tct,9,spatial,10,0.0,0.013382096827883258,0.8964907995035795,0.03393470790378007,0.6224147431170471,97,False
tct,9,spatial,10,0.0,0.2806756280578976,0.005357600650554058,0.21907216494845363,0.0014779202366871586,97,True
tct,9,a_ratio,10,0.0,0.08699727737016585,0.3968143680759362,0.0584192439862543,0.3965888091618368,97,False
tct,9,a_ratio,10,0.0,0.28703017363767047,0.004364889994963118,0.22809278350515466,0.000933347093157991,97,True
tct,9,nqc,10,0.0,0.1492631279496186,0.14450956733786507,0.08719931271477664,0.2057421374120063,97,False
tct,9,nqc,10,0.0,0.24089257215590104,0.017459992874871322,0.16537800687285226,0.016403064445582434,97,True
tct,9,bertQPP,10,0.0,0.17672691352325548,0.08333551015854819,0.10137457044673541,0.14127503537333896,97,False
tct,9,bertQPP,10,0.0,0.23874077288827814,0.01852248002459105,0.16752577319587633,0.015057708996420909,97,True
tct,9,bertQPP(QV),10,0.0,0.1310712474602009,0.20065209966598066,0.05541237113402062,0.42134149715143543,97,False
tct,9,bertQPP(QV),10,0.0,0.2058321123136385,0.04310985452091257,0.12156357388316154,0.07772782073014356,97,True
tct,9,spatial,10,0.05,0.022767512200624344,0.8248154220922239,0.03908934707903781,0.5705575497769013,97,False
tct,9,spatial,10,0.05,0.28117232748687493,0.005273340875798834,0.22079037800687287,0.0013557124652369783,97,True
tct,9,a_ratio,10,0.05,0.11252858811806285,0.27246633018925237,0.08376288659793817,0.22417771625382632,97,False
tct,9,a_ratio,10,0.05,0.2914399812519189,0.003775990456132785,0.23410652920962205,0.0006809162092632265,97,True
tct,9,nqc,10,0.05,0.15034490855683225,0.14158915718068518,0.0889175257731959,0.1969487085850582,97,False
tct,9,nqc,10,0.05,0.24202682207841508,0.016921409168673678,0.1658075601374571,0.016125841537736958,97,True
tct,9,bertQPP,10,0.05,0.18482755691734037,0.06992579789364364,0.10395189003436428,0.13143701983340042,97,False
tct,9,bertQPP,10,0.05,0.2468836301516572,0.014774331436480789,0.17396907216494847,0.011586707769612953,97,True
tct,9,bertQPP(QV),10,0.05,0.13912155342513588,0.174132365506091,0.06314432989690723,0.3595119194286538,97,False
tct,9,bertQPP(QV),10,0.05,0.21427854970736568,0.03506676744983224,0.1284364261168385,0.06235576017343852,97,True
tct,9,spatial,10,0.1,0.032834337877554645,0.7495182665051916,0.04725085910652922,0.4929254477765376,97,False
tct,9,spatial,10,0.1,0.2817200656408166,0.00518179045432281,0.22079037800687287,0.0013557124652369783,97,True
tct,9,a_ratio,10,0.1,0.13848473329129787,0.17613131662037682,0.10180412371134022,0.13959717520298046,97,False
tct,9,a_ratio,10,0.1,0.2960194395934635,0.00324063769282593,0.2336769759450172,0.0006965926026270434,97,True
tct,9,nqc,10,0.1,0.1515462151845352,0.13839860757856715,0.08805841924398626,0.2013104039967497,97,False
tct,9,nqc,10,0.1,0.24328296346553568,0.01634174904222562,0.16537800687285226,0.016403064445582434,97,True
tct,9,bertQPP,10,0.1,0.19371498380428173,0.05727727139883698,0.11082474226804125,0.10779310640620364,97,False
tct,9,bertQPP,10,0.1,0.25567198109219935,0.011484756041043495,0.1782646048109966,0.009686599012848096,97,True
tct,9,bertQPP(QV),10,0.1,0.14800685735242458,0.14795778415027327,0.06743986254295534,0.3277635503646662,97,False
tct,9,bertQPP(QV),10,0.1,0.2234229088071718,0.027819531314682015,0.14046391752577322,0.04152093691345949,97,True
tct,9,spatial,10,0.15,0.043621299548785936,0.6713816229796605,0.05154639175257733,0.4544623656228458,97,False
tct,9,spatial,10,0.15,0.28232709956525165,0.0050819826277453285,0.2212199312714777,0.001326652810302692,97,True
tct,9,a_ratio,10,0.15,0.1639607444171841,0.10854388780991116,0.10781786941580758,0.11768634646990996,97,False
tct,9,a_ratio,10,0.15,0.30075622928382956,0.0027594746909947528,0.23324742268041243,0.0007126038672884247,97,True
tct,9,nqc,10,0.15,0.1528879423390787,0.13489988918002432,0.0893470790378007,0.19479398827541883,97,False
tct,9,nqc,10,0.15,0.2446816572824393,0.015716583748785814,0.1666666666666667,0.01558372473088864,97,True
tct,9,bertQPP,10,0.15,0.20347529010947868,0.0456100523332798,0.11941580756013748,0.08312087785946547,97,False
tct,9,bertQPP,10,0.15,0.2651462625446245,0.008672800100547369,0.18170103092783507,0.008372001763204117,97,True
tct,9,bertQPP(QV),10,0.15,0.15783223671725538,0.12258578902182019,0.07302405498281789,0.28929863271816614,97,False
tct,9,bertQPP(QV),10,0.15,0.23331495602011093,0.02145183536907984,0.14561855670103094,0.03459309466060896,97,True
tct,9,spatial,10,0.2,0.055160989453276035,0.5915171429924078,0.056701030927835065,0.41062402699366984,97,False
tct,9,spatial,10,0.2,0.2830035589062758,0.004972777696966261,0.2216494845360825,0.001298168853613724,97,True
tct,9,a_ratio,10,0.2,0.1879856421551321,0.06519507431507068,0.12972508591065296,0.0597739314027888,97,False
tct,9,a_ratio,10,0.2,0.3056297857203213,0.002332399754329218,0.23410652920962205,0.0006809162092632265,97,True
tct,9,nqc,10,0.2,0.1543961346898482,0.1310478539471122,0.08848797250859108,0.19912082868170233,97,False
tct,9,nqc,10,0.2,0.24624848386970383,0.015040955026445176,0.1670962199312715,0.015318729327102553,97,True
tct,9,bertQPP,10,0.2,0.21419486883575017,0.035139790020343675,0.1254295532646048,0.06874005870255491,97,False
tct,9,bertQPP,10,0.2,0.2753355888653317,0.006341937837741648,0.19243986254295536,0.005229928831102741,97,True
tct,9,bertQPP(QV),10,0.2,0.16870963428605218,0.09855071016400944,0.08290378006872855,0.22896569995644822,97,False
tct,9,bertQPP(QV),10,0.2,0.24399460117134714,0.016021036878784124,0.15807560137457047,0.021798803662876853,97,True
tct,9,spatial,10,0.25,0.0674760438436422,0.5113765051058963,0.06056701030927836,0.3794578311122522,97,False
tct,9,spatial,10,0.25,0.2837620048940175,0.004852824654991409,0.22250859106529214,0.001242886914966472,97,True
tct,9,a_ratio,10,0.25,0.20968654761001337,0.03926706813642663,0.1357388316151203,0.04887004601219989,97,False
tct,9,a_ratio,10,0.25,0.310608574671719,0.0019585203039089822,0.23238831615120278,0.0007456571945733053,97,True
tct,9,nqc,10,0.25,0.15610366973595857,0.1267886367061136,0.08848797250859108,0.19912082868170233,97,False
tct,9,nqc,10,0.25,0.24801548820464142,0.014309347881342594,0.16881443298969073,0.014298004272030715,97,True
tct,9,bertQPP,10,0.25,0.22595212224702005,0.026055386795634586,0.12929553264604812,0.060624507125192455,97,False
tct,9,bertQPP,10,0.25,0.2862482014818261,0.004477474435323002,0.19888316151202753,0.0039014834427261624,97,True
tct,9,bertQPP(QV),10,0.25,0.18075161861842254,0.07643717760538521,0.0893470790378007,0.19479398827541883,97,False
tct,9,bertQPP(QV),10,0.25,0.2554824005620501,0.01154833109341628,0.16494845360824745,0.01668446543769203,97,True
tct,9,spatial,10,0.3,0.08057429079904019,0.4327150930129969,0.06743986254295534,0.3277635503646662,97,False
tct,9,spatial,10,0.3,0.2846182004186505,0.004720513135312726,0.22207903780068733,0.0012702502748310276,97,True
tct,9,a_ratio,10,0.3,0.22843980024657695,0.024413965568204143,0.15721649484536085,0.02252544814571104,97,False
tct,9,a_ratio,10,0.3,0.31564668044769495,0.0016361491442209153,0.2414089347079038,0.0004598488311252096,97,True
tct,9,nqc,10,0.3,0.1580526420755796,0.12205768656464257,0.0893470790378007,0.19479398827541883,97,False
tct,9,nqc,10,0.3,0.25002334084341404,0.013515697170810534,0.16838487972508595,0.01454739544260673,97,True
tct,9,bertQPP,10,0.3,0.23880281071108614,0.01849108556704028,0.1396048109965636,0.042782883164389815,97,False
tct,9,bertQPP,10,0.3,0.297857143604341,0.003045686262725748,0.20747422680412375,0.0026065887949513057,97,True
tct,9,bertQPP(QV),10,0.3,0.1940591141173435,0.056827923765146636,0.10137457044673541,0.14127503537333896,97,False
tct,9,bertQPP(QV),10,0.3,0.2677651900620316,0.00801116822271726,0.17654639175257736,0.010410504577977625,97,True
tct,9,spatial,10,0.35,0.09444287320201136,0.3574917241501375,0.08634020618556702,0.2102443337075397,97,False
tct,9,spatial,10,0.35,0.28559218928989516,0.004573913327307249,0.22293814432989695,0.0012160687743494618,97,True
tct,9,a_ratio,10,0.35,0.24395199869245188,0.01604008204807188,0.17225085910652924,0.012434959394241826,97,False
tct,9,a_ratio,10,0.35,0.32067963926469445,0.0013628559431584314,0.24742268041237117,0.00033019314561040996,97,True
tct,9,nqc,10,0.35,0.16029781331611442,0.11677738428852188,0.09063573883161513,0.18843365829791547,97,False
tct,9,nqc,10,0.35,0.2523244173195484,0.01265346098333704,0.1709621993127148,0.013106785247853048,97,True
tct,9,bertQPP,10,0.35,0.252755527297013,0.01249736250024999,0.15077319587628868,0.0286776674564184,97,False
tct,9,bertQPP,10,0.35,0.31007956064592324,0.001995499673407766,0.21950171821305847,0.0014464512863097319,97,True
tct,9,bertQPP(QV),10,0.35,0.20869926045495882,0.04022301506180658,0.10652920962199315,0.12213859984356254,97,False
tct,9,bertQPP(QV),10,0.35,0.28077523138702565,0.005340608734686033,0.18127147766323026,0.008527096049992753,97,True
tct,9,spatial,10,0.4,0.10904154376276565,0.28769736673641955,0.09536082474226806,0.16642177733641728,97,False
tct,9,spatial,10,0.4,0.2867098376556236,0.004410701370218373,0.22336769759450176,0.0011897860106094835,97,True
tct,9,a_ratio,10,0.4,0.2562497092828351,0.011292898560509683,0.18814432989690724,0.00632984784895861,97,False
tct,9,a_ratio,10,0.4,0.325619528633991,0.0011355853444770887,0.2508591065292096,0.00027237466938260737,97,True
tct,9,nqc,10,0.4,0.16291172257242897,0.11085426259789911,0.0893470790378007,0.19479398827541883,97,False
tct,9,nqc,10,0.4,0.2549872787230796,0.011715819644589013,0.17182130584192443,0.01265543298933369,97,True
tct,9,bertQPP,10,0.4,0.2677328110422141,0.008019068800209514,0.1597938144329897,0.02040649882574069,97,False
tct,9,bertQPP,10,0.4,0.3227482494310304,0.0012630846071110457,0.22895189003436428,0.0008926252002239728,97,True
tct,9,bertQPP(QV),10,0.4,0.22466807644363576,0.026938746360467343,0.11855670103092786,0.08536128644887009,97,False
tct,9,bertQPP(QV),10,0.4,0.29436153652207364,0.003426037091524802,0.19286941580756015,0.005130036782382208,97,True
tct,9,spatial,10,0.45,0.12429562622240872,0.225125787639703,0.1086769759450172,0.11478963120763813,97,False
tct,9,spatial,10,0.45,0.28800508168494393,0.00422806828321363,0.22465635738831619,0.0011140538745299275,97,True
tct,9,a_ratio,10,0.45,0.2656004460674566,0.008554724028472899,0.19802405498281792,0.004058834798972484,97,False
tct,9,a_ratio,10,0.45,0.3303494781636489,0.0009508509839782218,0.2517182130584193,0.00025948171452482385,97,True
tct,9,nqc,10,0.45,0.16599246007377533,0.10417601591584129,0.08805841924398626,0.2013104039967497,97,False
tct,9,nqc,10,0.45,0.25810334294743204,0.010696104940162715,0.17139175257731962,0.012879359856548544,97,True
tct,9,bertQPP,10,0.45,0.2835135642781186,0.004891830301173235,0.16108247422680416,0.01941379508307944,97,False
tct,9,bertQPP,10,0.45,0.3355753756822034,0.0007789113332411804,0.23840206185567014,0.0005412133012575864,97,True
tct,9,bertQPP(QV),10,0.45,0.24183188846718845,0.017012936679105424,0.13616838487972513,0.04815964796946807,97,False
tct,9,bertQPP(QV),10,0.45,0.3082534636406312,0.0021280439084607524,0.20103092783505158,0.0035320539175627825,97,True
tct,9,spatial,10,0.5,0.14008953328812687,0.17112592982359012,0.1164089347079038,0.09117630712765404,97,False
tct,9,spatial,10,0.5,0.28952328057667254,0.0040226128777087,0.2285223367697595,0.0009127757207962206,97,True
tct,9,a_ratio,10,0.5,0.27240870350679275,0.006946755892003925,0.1971649484536083,0.004221925130091803,97,False
tct,9,a_ratio,10,0.5,0.33471803463940264,0.0008050134729106747,0.2577319587628867,0.0001840336555755922,97,True
tct,9,nqc,10,0.5,0.16967585182033834,0.09660891287824697,0.09063573883161513,0.18843365829791547,97,False
tct,9,nqc,10,0.5,0.2617970733123794,0.009588645098109467,0.1709621993127148,0.013106785247853048,97,True
tct,9,bertQPP,10,0.5,0.29965616506806175,0.002865101227246749,0.17182130584192443,0.01265543298933369,97,False
tct,9,bertQPP,10,0.5,0.3481117004602923,0.00047582231579505345,0.24871134020618557,0.00030728207639036943,97,True
tct,9,bertQPP(QV),10,0.5,0.25984407021693007,0.010160976587804231,0.1516323024054983,0.027781654237823455,97,False
tct,9,bertQPP(QV),10,0.5,0.32202030510395446,0.001297411161928941,0.20790378006872856,0.0025535840012904936,97,True
tct,9,spatial,10,0.55,0.15626217034951131,0.12639872070863314,0.12585910652920965,0.0677963948466897,97,False
tct,9,spatial,10,0.55,0.2913263435324593,0.0037902261287061077,0.22637457044673542,0.0010200025736501021,97,True
tct,9,a_ratio,10,0.55,0.2771238297084796,0.005995799660601148,0.20317869415807563,0.0031947282487263706,97,False
tct,9,a_ratio,10,0.55,0.338534228485541,0.0006946540382236829,0.25859106529209624,0.00017511595223064058,97,True
tct,9,nqc,10,0.55,0.17415522089888585,0.08799725870894659,0.09278350515463919,0.1781756748775648,97,False
tct,9,nqc,10,0.55,0.2662419773101028,0.008390352687417354,0.17482817869415812,0.011182156616858724,97,True
tct,9,bertQPP,10,0.55,0.3154133108668268,0.0016499488505092072,0.17654639175257736,0.010410504577977625,97,False
tct,9,bertQPP,10,0.55,0.3597113944597414,0.0002960437087567548,0.25601374570446744,0.000203164735220203,97,True
tct,9,bertQPP(QV),10,0.55,0.27804460879168574,0.00582418905202465,0.15764604810996566,0.022159535570441733,97,False
tct,9,bertQPP(QV),10,0.55,0.3350374858010621,0.0007951956887416512,0.22079037800687287,0.0013557124652369783,97,True
tct,9,spatial,10,0.6,0.17260590158396935,0.09090413746029097,0.13316151202749144,0.05331954320676675,97,False
tct,9,spatial,10,0.6,0.2935007769925734,0.003525992976944505,0.22895189003436428,0.0008926252002239728,97,True
tct,9,a_ratio,10,0.6,0.28017682256114806,0.005443419577317743,0.1971649484536083,0.004221925130091803,97,False
tct,9,a_ratio,10,0.6,0.34156475594176516,0.0006170712749987109,0.2564432989690722,0.00019821410424194529,97,True
tct,9,nqc,10,0.6,0.1797147037485607,0.07816902792090445,0.09106529209621994,0.18634796497677564,97,False
tct,9,nqc,10,0.6,0.271686484584034,0.007103621932073661,0.17998281786941583,0.009007907605249525,97,True
tct,9,bertQPP,10,0.6,0.3296736180199923,0.0009754507780179974,0.1890034364261169,0.006094500520977148,97,False
tct,9,bertQPP,10,0.6,0.36952264618804237,0.00019536097849305614,0.2594501718213059,0.00016660580916833792,97,True
tct,9,bertQPP(QV),10,0.6,0.2953757605049826,0.003311522890576623,0.18384879725085912,0.0076337511300162714,97,False
tct,9,bertQPP(QV),10,0.6,0.3464798439128724,0.0005079397116572188,0.2255154639175258,0.0010660691222714972,97,True
tct,9,spatial,10,0.65,0.18887080190111327,0.0639167857912387,0.1434707903780069,0.037349490378258986,97,False
tct,9,spatial,10,0.65,0.2961706485300748,0.0032241844168882437,0.2328178694158076,0.0007289565212236814,97,True
tct,9,a_ratio,10,0.65,0.28194648485017915,0.005144360865832494,0.20017182130584193,0.0036758280937195186,97,False
tct,9,a_ratio,10,0.65,0.3435353428818989,0.0005709692793854617,0.25343642611683853,0.00023539388087640415,97,True
tct,9,nqc,10,0.65,0.1867879295911341,0.06695768199355871,0.09192439862542956,0.1822278457949571,97,False
tct,9,nqc,10,0.65,0.2784970674248221,0.005741469698461526,0.18384879725085912,0.0076337511300162714,97,True
tct,9,bertQPP,10,0.65,0.34099731178421233,0.0006309649337325491,0.19329896907216498,0.0050318722795436996,97,False
tct,9,bertQPP,10,0.65,0.37653388945176636,0.00014396890117487888,0.26589347079037806,0.0001141250014345169,97,True
tct,9,bertQPP(QV),10,0.65,0.3103862508547852,0.0019739851983217845,0.19458762886597944,0.004747484369155047,97,False
tct,9,bertQPP(QV),10,0.65,0.35537074798271395,0.000354319067686762,0.24097938144329903,0.0004707284379041492,97,True
tct,9,spatial,10,0.7,0.20477543237821644,0.044216350623194074,0.14819587628865982,0.031516517606653575,97,False
tct,9,spatial,10,0.7,0.29951892032383737,0.0028785309538355936,0.23711340206185572,0.000580033168540485,97,True
tct,9,a_ratio,10,0.7,0.2827474077531307,0.005013881610302039,0.19673539518900346,0.004305679427335466,97,False
tct,9,a_ratio,10,0.7,0.34413888182095825,0.000557494155921333,0.25515463917525777,0.00021341645031147517,97,True
tct,9,nqc,10,0.7,0.19606643780305305,0.054264049526552297,0.09621993127147768,0.16263626465805225,97,False
tct,9,nqc,10,0.7,0.28723186166432035,0.004336264715741293,0.1890034364261169,0.006094500520977148,97,True
tct,9,bertQPP,10,0.7,0.3478254410405236,0.00048131793187227443,0.2130584192439863,0.0019900166497547295,97,False
tct,9,bertQPP,10,0.7,0.3797036623262168,0.00012512406900050483,0.2710481099656358,8.381752378824866e-05,97,True
tct,9,bertQPP(QV),10,0.7,0.3214196803864253,0.0013263694412149571,0.209192439862543,0.002400428947085522,97,False
tct,9,bertQPP(QV),10,0.7,0.36071143832561364,0.0002839350149385061,0.25343642611683853,0.00023539388087640415,97,True
tct,9,spatial,10,0.75,0.22002423120157993,0.030348901164255683,0.1597938144329897,0.02040649882574069,97,False
tct,9,spatial,10,0.75,0.3038226348898351,0.0024832696734824237,0.24355670103092786,0.0004088834881762593,97,True
tct,9,a_ratio,10,0.75,0.2828310787466557,0.0050004220195053305,0.2018900343642612,0.0033934144348203364,97,False
tct,9,a_ratio,10,0.75,0.34305292752271965,0.0005819539922932232,0.2594501718213059,0.00016660580916833792,97,True
tct,9,nqc,10,0.75,0.20870967517373012,0.04021283049265574,0.10524054982817871,0.12672143082539938,97,False
tct,9,nqc,10,0.75,0.2987665231358689,0.0029531645751546803,0.19673539518900346,0.004305679427335466,97,True
tct,9,bertQPP,10,0.75,0.34887975123288695,0.000461360586028973,0.2336769759450172,0.0006965926026270434,97,False
tct,9,bertQPP,10,0.75,0.3781739846764076,0.0001339125879186587,0.26374570446735396,0.00012958397281742168,97,True
tct,9,bertQPP(QV),10,0.75,0.32702472403114746,0.0010775566618945233,0.21950171821305847,0.0014464512863097319,97,False
tct,9,bertQPP(QV),10,0.75,0.3616850321157179,0.0002725867870494689,0.25386597938144334,0.00022970863763271067,97,True
tct,9,spatial,10,0.8,0.234329945326251,0.02087547316055706,0.16752577319587633,0.015057708996420909,97,False
tct,9,spatial,10,0.8,0.3095069606892166,0.0020362354629923224,0.24828178694158082,0.0003147483455907583,97,True
tct,9,a_ratio,10,0.8,0.28239334588268256,0.005071194652080762,0.20103092783505158,0.0035320539175627825,97,False
tct,9,a_ratio,10,0.8,0.33996804024729405,0.000656899306446569,0.2603092783505155,0.00015848586196658186,97,True
tct,9,nqc,10,0.8,0.226762560334979,0.025510627620042556,0.11597938144329899,0.09237668593402237,97,False
tct,9,nqc,10,0.8,0.314490157833765,0.001705576126656908,0.20446735395189009,0.0030066996042901117,97,True
tct,9,bertQPP,10,0.8,0.34361634573443955,0.0005691435645896475,0.24312714776632308,0.0004186340215940853,97,False
tct,9,bertQPP,10,0.8,0.37151122792861724,0.00017928454705658158,0.27577319587628873,6.286763010435062e-05,97,True
tct,9,bertQPP(QV),10,0.8,0.3264530385066483,0.0011008311623669882,0.23024054982817874,0.0008346209629654949,97,False
tct,9,bertQPP(QV),10,0.8,0.35787694826969396,0.0003195007230875533,0.25816151202749144,0.00017952274646223222,97,True
tct,9,spatial,10,0.85,0.24743782709571127,0.014545047275795019,0.16752577319587633,0.015057708996420909,97,False
tct,9,spatial,10,0.85,0.3171934109755087,0.0015472983231284696,0.25000000000000006,0.00028586619810323126,97,True
tct,9,a_ratio,10,0.85,0.28158397191914586,0.005204404585052533,0.19931271477663232,0.003824903963020039,97,False
tct,9,a_ratio,10,0.85,0.3346258261373426,0.0008078678575475451,0.2594501718213059,0.00016660580916833792,97,True
tct,9,nqc,10,0.85,0.2539073724265241,0.012088500127620064,0.12585910652920965,0.0677963948466897,97,False
tct,9,nqc,10,0.85,0.3364327824225116,0.0007535825546470082,0.22680412371134026,0.0009976667225656776,97,True
tct,9,bertQPP,10,0.85,0.3324692117265185,0.0008773199543129917,0.2414089347079038,0.0004598488311252096,97,False
tct,9,bertQPP,10,0.85,0.35986878358875807,0.0002941069851848415,0.2770618556701031,5.80796004740303e-05,97,True
tct,9,bertQPP(QV),10,0.85,0.31995387552643295,0.0013995209708565761,0.23453608247422683,0.0006655682797928671,97,False
tct,9,bertQPP(QV),10,0.85,0.34941373530868125,0.00045154515670589373,0.26589347079037806,0.0001141250014345169,97,True
tct,9,spatial,10,0.9,0.25914729227230865,0.010372294945096143,0.18256013745704472,0.00806936233603351,97,False
tct,9,spatial,10,0.9,0.32743833797179084,0.0010609978096367953,0.2521477663230241,0.0002532519652694692,97,True
tct,9,a_ratio,10,0.9,0.28051600159732304,0.005384932466005822,0.19802405498281792,0.004058834798972484,97,False
tct,9,a_ratio,10,0.9,0.3268615071555063,0.0010841554489708803,0.24828178694158082,0.0003147483455907583,97,True
tct,9,nqc,10,0.9,0.2954720128765103,0.003300835491197399,0.15206185567010314,0.02734277211201925,97,False
tct,9,nqc,10,0.9,0.3657047355690224,0.00023002220318751524,0.24828178694158082,0.0003147483455907583,97,True
tct,9,bertQPP,10,0.9,0.31670595651596184,0.0015748161734146524,0.22594501718213064,0.0010428004886634003,97,False
tct,9,bertQPP,10,0.9,0.34397859765795874,0.0005610440788826852,0.2641752577319588,0.00012634244111771396,97,True
tct,9,bertQPP(QV),10,0.9,0.3086563779130791,0.0020981343609278147,0.22508591065292102,0.0010898172708815595,97,False
tct,9,bertQPP(QV),10,0.9,0.3369434804670415,0.0007388559048914777,0.2594501718213059,0.00016660580916833792,97,True
tct,9,spatial,10,0.95,0.26932695629637804,0.007638144307183569,0.19243986254295536,0.005229928831102741,97,False
tct,9,spatial,10,0.95,0.3372018892417443,0.0007315049985566299,0.2603092783505155,0.00015848586196658186,97,True
tct,9,a_ratio,10,0.95,0.2792739454522246,0.005601868842846977,0.19888316151202753,0.0039014834427261624,97,False
tct,9,a_ratio,10,0.95,0.316641757679969,0.0015784731889844274,0.23840206185567014,0.0005412133012575864,97,True
tct,9,nqc,10,0.95,0.34045986977487597,0.0006443874636316623,0.19544673539518906,0.0045660596694361046,97,False
tct,9,nqc,10,0.95,0.3861677002749755,9.357218062483527e-05,0.25343642611683853,0.00023539388087640415,97,True
tct,9,bertQPP,10,0.95,0.297989910737277,0.0030320181443822952,0.21434707903780073,0.0018682268943729797,97,False
tct,9,bertQPP,10,0.95,0.3249669807718769,0.0011634874221695209,0.24269759450171827,0.0004286013573495472,97,True
tct,9,bertQPP(QV),10,0.95,0.29413105713621623,0.0034525496313204773,0.21434707903780073,0.0018682268943729797,97,False
tct,9,bertQPP(QV),10,0.95,0.3214642252315778,0.0013242017947582394,0.24484536082474234,0.00038088964117221485,97,True
tct,9,spatial,10,1.0,0.2779204961840505,0.005847063561342551,0.20317869415807563,0.0031947282487263706,97,False
tct,9,spatial,10,1.0,0.3040867010990877,0.002460689682121206,0.22809278350515466,0.000933347093157991,97,True
tct,9,a_ratio,10,1.0,0.2779204961840505,0.005847063561342551,0.20317869415807563,0.0031947282487263706,97,False
tct,9,a_ratio,10,1.0,0.3040867010990877,0.002460689682121206,0.22809278350515466,0.000933347093157991,97,True
tct,9,nqc,10,1.0,0.2779204961840505,0.005847063561342551,0.20317869415807563,0.0031947282487263706,97,False
tct,9,nqc,10,1.0,0.3040867010990877,0.002460689682121206,0.22809278350515466,0.000933347093157991,97,True
tct,9,bertQPP,10,1.0,0.2779204961840505,0.005847063561342551,0.20317869415807563,0.0031947282487263706,97,False
tct,9,bertQPP,10,1.0,0.3040867010990877,0.002460689682121206,0.22809278350515466,0.000933347093157991,97,True
tct,9,bertQPP(QV),10,1.0,0.2779204961840505,0.005847063561342551,0.20317869415807563,0.0031947282487263706,97,False
tct,9,bertQPP(QV),10,1.0,0.3040867010990877,0.002460689682121206,0.22809278350515466,0.000933347093157991,97,True
tct,9,spatial,11,0.0,0.013382096827883258,0.8964907995035795,0.03393470790378007,0.6224147431170471,97,False
tct,9,spatial,11,0.0,0.2806756280578976,0.005357600650554058,0.21907216494845363,0.0014779202366871586,97,True
tct,9,a_ratio,11,0.0,0.08699727737016585,0.3968143680759362,0.0584192439862543,0.3965888091618368,97,False
tct,9,a_ratio,11,0.0,0.28703017363767047,0.004364889994963118,0.22809278350515466,0.000933347093157991,97,True
tct,9,nqc,11,0.0,0.1492631279496186,0.14450956733786507,0.08719931271477664,0.2057421374120063,97,False
tct,9,nqc,11,0.0,0.24089257215590104,0.017459992874871322,0.16537800687285226,0.016403064445582434,97,True
tct,9,bertQPP,11,0.0,0.17672691352325548,0.08333551015854819,0.10137457044673541,0.14127503537333896,97,False
tct,9,bertQPP,11,0.0,0.23874077288827814,0.01852248002459105,0.16752577319587633,0.015057708996420909,97,True
tct,9,bertQPP(QV),11,0.0,0.1310712474602009,0.20065209966598066,0.05541237113402062,0.42134149715143543,97,False
tct,9,bertQPP(QV),11,0.0,0.2058321123136385,0.04310985452091257,0.12156357388316154,0.07772782073014356,97,True
tct,9,spatial,11,0.05,0.023986908024699303,0.8155947615298044,0.039948453608247426,0.5621188569054614,97,False
tct,9,spatial,11,0.05,0.281274921800119,0.00525608434534757,0.22079037800687287,0.0013557124652369783,97,True
tct,9,a_ratio,11,0.05,0.11548218369628187,0.25999774148053,0.0850515463917526,0.21713063766326968,97,False
tct,9,a_ratio,11,0.05,0.2922427515544457,0.003676780071264498,0.23539518900343648,0.0006358327263393619,97,True
tct,9,nqc,11,0.05,0.15046485863849657,0.1412681045390357,0.0889175257731959,0.1969487085850582,97,False
tct,9,nqc,11,0.05,0.2421461978829363,0.01686556866147176,0.16537800687285226,0.016403064445582434,97,True
tct,9,bertQPP,11,0.05,0.1858327560301143,0.06839086168047892,0.10652920962199315,0.12213859984356254,97,False
tct,9,bertQPP,11,0.05,0.247928632493071,0.014344573890347866,0.1752577319587629,0.010984624932232429,97,True
tct,9,bertQPP(QV),11,0.05,0.140095640594941,0.17110708343553818,0.06529209621993129,0.34340339579060297,97,False
tct,9,bertQPP(QV),11,0.05,0.21522655674381375,0.034248371643652284,0.12886597938144334,0.06148508875649665,97,True
tct,9,spatial,11,0.1,0.035319846310092815,0.7312540830692232,0.046821305841924406,0.49686544158769386,97,False
tct,9,spatial,11,0.1,0.28193583725165694,0.005146115628861443,0.2203608247422681,0.0013853583021557498,97,True
tct,9,a_ratio,11,0.1,0.14404652366053688,0.15923318941742415,0.10438144329896909,0.12985027258664464,97,False
tct,9,a_ratio,11,0.1,0.29765459807128214,0.003066644479134097,0.23238831615120278,0.0007456571945733053,97,True
tct,9,nqc,11,0.1,0.151799031132627,0.13773415185677054,0.0889175257731959,0.1969487085850582,97,False
tct,9,nqc,11,0.1,0.24353415458215066,0.0162279170930128,0.16537800687285226,0.016403064445582434,97,True
tct,9,bertQPP,11,0.1,0.19581489949660746,0.05458002830821448,0.11383161512027494,0.0985701799206937,97,False
tct,9,bertQPP,11,0.1,0.2578405391700333,0.010779001387134984,0.18041237113402064,0.008845012615594157,97,True
tct,9,bertQPP(QV),11,0.1,0.15004488988420128,0.14239458811193795,0.07001718213058421,0.30961588134500106,97,False
tct,9,bertQPP(QV),11,0.1,0.22537787053107336,0.026447349705680346,0.14089347079037803,0.040901875311072,97,True
tct,9,spatial,11,0.15,0.04740978163329656,0.6446992415724287,0.053694158075601385,0.43588378893929247,97,False
tct,9,spatial,11,0.15,0.28266834920033784,0.005026628837040546,0.21993127147766325,0.0014156009702633058,97,True
tct,9,a_ratio,11,0.15,0.17159602774483884,0.09283944891783694,0.11340206185567013,0.09984779835922447,97,False
tct,9,a_ratio,11,0.15,0.30325055341325535,0.002532828729791918,0.23539518900343648,0.0006358327263393619,97,True
tct,9,nqc,11,0.15,0.15328872130109433,0.1338679680342017,0.09192439862542956,0.1822278457949571,97,False
tct,9,nqc,11,0.15,0.2450791288604216,0.015542750307836268,0.16494845360824745,0.01668446543769203,97,True
tct,9,bertQPP,11,0.15,0.20676177022845213,0.04215550414542045,0.11726804123711342,0.08881318243030219,97,False
tct,9,bertQPP,11,0.15,0.2685165422554074,0.007829752033246368,0.18556701030927839,0.00708575590459897,97,True
tct,9,bertQPP(QV),11,0.15,0.16102741451397506,0.1151000290414919,0.07259450171821306,0.29214479548279504,97,False
tct,9,bertQPP(QV),11,0.15,0.2363317129982927,0.019777611399932397,0.15249140893470792,0.026909885175764755,97,True
tct,9,spatial,11,0.2,0.060275399577434476,0.5575518696937918,0.057130584192439875,0.4070878413580533,97,False
tct,9,spatial,11,0.2,0.2834846956255572,0.004896380784342254,0.2212199312714777,0.001326652810302692,97,True
tct,9,a_ratio,11,0.2,0.19706216760505202,0.053027936022226295,0.1327319587628866,0.054093065441640706,97,False
tct,9,a_ratio,11,0.2,0.30900584885929294,0.002072499894397304,0.2328178694158076,0.0007289565212236814,97,True
tct,9,nqc,11,0.2,0.15496266872504016,0.12962277422980056,0.08977663230240551,0.19265661141875967,97,False
tct,9,nqc,11,0.2,0.24680918423632436,0.014805369002755043,0.1658075601374571,0.016125841537736958,97,True
tct,9,bertQPP,11,0.2,0.2187572989031103,0.03134026690007013,0.12500000000000003,0.06969448971824621,97,False
tct,9,bertQPP,11,0.2,0.27998108655026815,0.005477427951093526,0.19201030927835053,0.00533157487845821,97,True
tct,9,bertQPP(QV),11,0.2,0.17315408511471675,0.08986705385444081,0.07989690721649485,0.24629548858904848,97,False
tct,9,bertQPP(QV),11,0.2,0.24811929957931503,0.014267343707852103,0.16323024054982818,0.017852894393926448,97,True
tct,9,spatial,11,0.25,0.07392079379587158,0.4717819579776822,0.0622852233676976,0.36608612957525455,97,False
tct,9,spatial,11,0.25,0.2844000535001946,0.004753915622490743,0.22207903780068733,0.0012702502748310276,97,True
tct,9,a_ratio,11,0.25,0.21959686225970573,0.030680308779744904,0.14175257731958765,0.039687194240219145,97,False
tct,9,a_ratio,11,0.25,0.31488313337426727,0.0016816919996113973,0.23711340206185572,0.000580033168540485,97,True
tct,9,nqc,11,0.25,0.1568571171191947,0.12494332858025756,0.09063573883161513,0.18843365829791547,97,False
tct,9,nqc,11,0.25,0.24875944031794772,0.01401068745609498,0.16623711340206188,0.015852745291372216,97,True
tct,9,bertQPP,11,0.25,0.23186936151739784,0.022296225329649984,0.13316151202749144,0.05331954320676675,97,False
tct,9,bertQPP,11,0.25,0.29223128569105705,0.003678180502479022,0.20618556701030932,0.0027716955730928564,97,True
tct,9,bertQPP(QV),11,0.25,0.18652875977494723,0.06734412356623784,0.09063573883161513,0.18843365829791547,97,False
tct,9,bertQPP(QV),11,0.25,0.26074609255307074,0.009893020075370622,0.1701030927835052,0.013572314777054699,97,True
tct,9,spatial,11,0.3,0.08833027549352052,0.3895917726603822,0.07474226804123713,0.2781012070168114,97,False
tct,9,spatial,11,0.3,0.2854334698514146,0.004597522674724141,0.2216494845360825,0.001298168853613724,97,True
tct,9,a_ratio,11,0.3,0.23870577088966188,0.018540213155069173,0.15721649484536085,0.02252544814571104,97,False
tct,9,a_ratio,11,0.3,0.320828860845521,0.001355426315454925,0.24269759450171827,0.0004286013573495472,97,True
tct,9,nqc,11,0.3,0.1590184168058107,0.11976425365925865,0.09149484536082475,0.1842793810224047,97,False
tct,9,nqc,11,0.3,0.25097441604735127,0.0131533146528145,0.1670962199312715,0.015318729327102553,97,True
tct,9,bertQPP,11,0.3,0.24613043039117094,0.01509096883592744,0.14604810996563578,0.03406318246416719,97,False
tct,9,bertQPP,11,0.3,0.3052198199785549,0.002365882168476849,0.2130584192439863,0.0019900166497547295,97,True
tct,9,bertQPP(QV),11,0.3,0.2012312859123535,0.04810116021366704,0.09965635738831616,0.14814179266855426,97,False
tct,9,bertQPP(QV),11,0.3,0.2741753937568766,0.00657586633461646,0.18384879725085912,0.0076337511300162714,97,True
tct,9,spatial,11,0.35,0.10346262013963006,0.3132200711867175,0.08634020618556702,0.2102443337075397,97,False
tct,9,spatial,11,0.35,0.2866091667029388,0.004425186658198612,0.22250859106529214,0.001242886914966472,97,True
tct,9,a_ratio,11,0.35,0.25427491308034644,0.011960515772874106,0.17053264604811,0.013337754848227265,97,False
tct,9,a_ratio,11,0.35,0.3267690448926116,0.00108790995621759,0.25042955326460486,0.0002790440350017295,97,True
tct,9,nqc,11,0.35,0.1615067811021712,0.11400815611389861,0.08977663230240551,0.19265661141875967,97,False
tct,9,nqc,11,0.35,0.2535113604178105,0.012227734000152422,0.16838487972508595,0.01454739544260673,97,True
tct,9,bertQPP,11,0.35,0.26150684373267685,0.009671866262479699,0.15678694158075604,0.022896601370035064,97,False
tct,9,bertQPP,11,0.35,0.3188310731501608,0.0014580099767346312,0.22079037800687287,0.0013557124652369783,97,True
tct,9,bertQPP(QV),11,0.35,0.21728895722875052,0.03252330499852803,0.11254295532646051,0.10244263799035044,97,False
tct,9,bertQPP(QV),11,0.35,0.2883056497155835,0.004186664597346459,0.1890034364261169,0.006094500520977148,97,True
tct,9,spatial,11,0.4,0.11924521083643724,0.24468324021279583,0.09364261168384881,0.17419095096502246,97,False
tct,9,spatial,11,0.4,0.2879584048914856,0.004234530759254457,0.2255154639175258,0.0010660691222714972,97,True
tct,9,a_ratio,11,0.4,0.26650178502061717,0.00832458041427976,0.18041237113402064,0.008845012615594157,97,False
tct,9,a_ratio,11,0.4,0.33260450599635816,0.0008728077174979618,0.2517182130584193,0.00025948171452482385,97,True
tct,9,nqc,11,0.4,0.1644018341237996,0.10758369780560302,0.09063573883161513,0.18843365829791547,97,False
tct,9,nqc,11,0.4,0.2564450837783977,0.01122865344357623,0.1709621993127148,0.013106785247853048,97,True
tct,9,bertQPP,11,0.4,0.2778529006284778,0.005859555216776919,0.1589347079037801,0.021092644173514117,97,False
tct,9,bertQPP,11,0.4,0.33284984190728767,0.0008646794220275307,0.23152920962199317,0.0007801296905645403,97,True
tct,9,bertQPP(QV),11,0.4,0.23463167098170257,0.020706720070622586,0.1164089347079038,0.09117630712765404,97,False
tct,9,bertQPP(QV),11,0.4,0.3029410762323451,0.002560007965742505,0.19759450171821308,0.0041396512632380965,97,True
tct,9,spatial,11,0.45,0.13556883572973333,0.18549948370922906,0.10738831615120277,0.11915605807960761,97,False
tct,9,spatial,11,0.45,0.28952220194717376,0.0040227556235582105,0.22594501718213064,0.0010428004886634003,97,True
tct,9,a_ratio,11,0.45,0.27577983793201344,0.006254334735357044,0.18427835051546396,0.0074933028749945285,97,False
tct,9,a_ratio,11,0.45,0.33820593489829964,0.0007035731503246311,0.2530068728522337,0.00024121095691616908,97,True
tct,9,nqc,11,0.45,0.1678110181260427,0.10038405088547324,0.09063573883161513,0.18843365829791547,97,False
tct,9,nqc,11,0.45,0.2598751237938032,0.010151647122066013,0.1709621993127148,0.013106785247853048,97,True
tct,9,bertQPP,11,0.45,0.2948479572848621,0.0033706808250142015,0.16623711340206188,0.015852745291372216,97,False
tct,9,bertQPP,11,0.45,0.34692411983548177,0.0004990042261135369,0.23969072164948454,0.0005048251929224872,97,True
tct,9,bertQPP(QV),11,0.45,0.25302716053684493,0.012399872215194932,0.13402061855670105,0.051800200122302374,97,False
tct,9,bertQPP(QV),11,0.45,0.3177573803783894,0.0015160052368664461,0.2014604810996564,0.0034621026042757834,97,True
tct,9,spatial,11,0.5,0.15228420252122912,0.13646579784012594,0.11726804123711342,0.08881318243030219,97,False
tct,9,spatial,11,0.5,0.2913553866073201,0.0037865832741078237,0.22465635738831619,0.0011140538745299275,97,True
tct,9,a_ratio,11,0.5,0.2825857023858638,0.005039985446029673,0.19201030927835053,0.00533157487845821,97,False
tct,9,a_ratio,11,0.5,0.34340939943813076,0.0005738185659839856,0.25816151202749144,0.00017952274646223222,97,True
tct,9,nqc,11,0.5,0.171882709184433,0.09228677657011626,0.09020618556701032,0.1905365207922204,97,False
tct,9,nqc,11,0.5,0.26393663661376,0.008994291728365689,0.16967353951890035,0.013810511589466142,97,True
tct,9,bertQPP,11,0.5,0.31192170735150254,0.0018693899230817596,0.17654639175257736,0.010410504577977625,97,False
tct,9,bertQPP,11,0.5,0.36052806440338375,0.0002861205652397456,0.24785223367697598,0.0003223841860548392,97,True
tct,9,bertQPP(QV),11,0.5,0.27199876218461205,0.007035415207503499,0.14518900343642613,0.03513003275683934,97,False
tct,9,bertQPP(QV),11,0.5,0.33226870252321467,0.0008840463416718807,0.21563573883161516,0.0017533187111864498,97,True
tct,9,spatial,11,0.55,0.1692014467741565,0.09755852213215821,0.12628865979381446,0.0668634129345248,97,False
tct,9,spatial,11,0.55,0.2935327985629584,0.003522228204448509,0.22637457044673542,0.0010200025736501021,97,True
tct,9,a_ratio,11,0.55,0.28739652712638725,0.004313018305363509,0.20017182130584193,0.0036758280937195186,97,False
tct,9,a_ratio,11,0.55,0.34801333341203955,0.0004777042400838773,0.26116838487972516,0.00015073942387955493,97,True
tct,9,nqc,11,0.55,0.17682735751901088,0.08315750829592304,0.09235395189003438,0.18019329783502935,97,False
tct,9,nqc,11,0.55,0.2688173908362348,0.007758132875651066,0.1778350515463918,0.009863239446727635,97,True
tct,9,bertQPP,11,0.55,0.3281884466433417,0.0010315573482416343,0.18728522336769762,0.006573343269072617,97,False
tct,9,bertQPP,11,0.55,0.3729388846877262,0.00016850747918645625,0.2555841924398626,0.0002082313453780151,97,True
tct,9,bertQPP(QV),11,0.55,0.29074365412472747,0.0038639777415301058,0.16924398625429557,0.01405239227763608,97,False
tct,9,bertQPP(QV),11,0.55,0.34580867509287727,0.0005217172111695419,0.22379725085910657,0.0011640289366746655,97,True
tct,9,spatial,11,0.6,0.18609389051918912,0.06799660255857848,0.13530927835051548,0.04958921997609662,97,False
tct,9,spatial,11,0.6,0.29615901998672156,0.003225447072612511,0.23024054982817874,0.0008346209629654949,97,True
tct,9,a_ratio,11,0.6,0.2906423941480146,0.003876924363950517,0.19931271477663232,0.003824903963020039,97,False
tct,9,a_ratio,11,0.6,0.3517785224098957,0.00041033971910633266,0.2577319587628867,0.0001840336555755922,97,True
tct,9,nqc,11,0.6,0.18295283368432602,0.07286277418257225,0.09450171821305844,0.17027316035268703,97,False
tct,9,nqc,11,0.6,0.27478502055515935,0.00645201316146742,0.1786941580756014,0.00951278395726825,97,True
tct,9,bertQPP,11,0.6,0.34243540799454186,0.0005962975509217983,0.19587628865979384,0.004477722918252414,97,False
tct,9,bertQPP,11,0.6,0.38325047462239026,0.0001067636570789129,0.2624570446735396,0.00013978519828252247,97,True
tct,9,bertQPP(QV),11,0.6,0.3080962054799994,0.0021398216596692156,0.17611683848797252,0.010598840128977079,97,False
tct,9,bertQPP(QV),11,0.6,0.35754586493056983,0.00032391237133984915,0.2379725085910653,0.0005538759115824682,97,True
tct,9,spatial,11,0.65,0.20270691111292316,0.04645071526031247,0.14046391752577322,0.04152093691345949,97,False
tct,9,spatial,11,0.65,0.2993840554061382,0.0028917828660970117,0.23496563573883167,0.0006505425158083947,97,True
tct,9,a_ratio,11,0.65,0.29268648914900663,0.0036229474771290416,0.20017182130584193,0.0036758280937195186,97,False
tct,9,a_ratio,11,0.65,0.3544330120019443,0.0003682209465534789,0.25472508591065296,0.00021872261513442568,97,True
tct,9,nqc,11,0.65,0.1907259606430689,0.06130374711406193,0.09621993127147768,0.16263626465805225,97,False
tct,9,nqc,11,0.65,0.2822318853298075,0.005097523680383269,0.18384879725085912,0.0076337511300162714,97,True
tct,9,bertQPP,11,0.65,0.35322982605573094,0.0003867930052679426,0.21134020618556704,0.0021637443470699886,97,False
tct,9,bertQPP,11,0.65,0.3904508543621719,7.692594228579278e-05,0.2719072164948454,7.957359852373424e-05,97,True
tct,9,bertQPP(QV),11,0.65,0.3226071446162309,0.0012696732901733684,0.20017182130584193,0.0036758280937195186,97,False
tct,9,bertQPP(QV),11,0.65,0.36655599136967376,0.00022183529659050832,0.2392611683848798,0.0005166931871154039,97,True
tct,9,spatial,11,0.7,0.2187719438219975,0.03132865303051931,0.15292096219931275,0.026482928123240188,97,False
tct,9,spatial,11,0.7,0.30342914914554175,0.0025172623560100545,0.23754295532646055,0.0005668140402706258,97,True
tct,9,a_ratio,11,0.7,0.29382273523429225,0.003488303863067071,0.20060137457044677,0.0036032888355043277,97,False
tct,9,a_ratio,11,0.7,0.3556839556871236,0.0003497844800101623,0.25859106529209624,0.00017511595223064058,97,True
tct,9,nqc,11,0.7,0.20088424029147553,0.04849628338514901,0.09922680412371135,0.1498976871116754,97,False
tct,9,nqc,11,0.7,0.2917502314747138,0.003737367830024144,0.1911512027491409,0.005540236417616152,97,True
tct,9,bertQPP,11,0.7,0.3591897507943469,0.0003025470529277223,0.22336769759450176,0.0011897860106094835,97,False
tct,9,bertQPP,11,0.7,0.3935784183289795,6.655939456836405e-05,0.2714776632302406,8.166950933778078e-05,97,True
tct,9,bertQPP(QV),11,0.7,0.33279774180014565,0.0008663997669720924,0.2212199312714777,0.001326652810302692,97,False
tct,9,bertQPP(QV),11,0.7,0.37196090721676073,0.00017582310422246323,0.24742268041237117,0.00033019314561040996,97,True
tct,9,spatial,11,0.75,0.23402447170251023,0.02104752271848835,0.16323024054982818,0.017852894393926448,97,False
tct,9,spatial,11,0.75,0.30862944924930663,0.002100121462776444,0.24226804123711343,0.00043878992015195634,97,True
tct,9,a_ratio,11,0.75,0.29428237233560495,0.003435122884027194,0.1971649484536083,0.004221925130091803,97,False
tct,9,a_ratio,11,0.75,0.3552378366673405,0.0003562596426561637,0.2530068728522337,0.00024121095691616908,97,True
tct,9,nqc,11,0.75,0.21464620649999683,0.034747447187039066,0.10910652920962201,0.11336246240953972,97,False
tct,9,nqc,11,0.75,0.30425648402330585,0.002446269561385345,0.1971649484536083,0.004221925130091803,97,True
tct,9,bertQPP,11,0.75,0.3593721113472015,0.00030025874036638774,0.23410652920962205,0.0006809162092632265,97,False
tct,9,bertQPP,11,0.75,0.3919351670953143,7.183183258553114e-05,0.26932989690721654,9.295520334274114e-05,97,True
tct,9,bertQPP(QV),11,0.75,0.3375572897134994,0.0007215041621366902,0.2285223367697595,0.0009127757207962206,97,False
tct,9,bertQPP(QV),11,0.75,0.3731123378990407,0.00016723978479683282,0.2521477663230241,0.0002532519652694692,97,True
tct,9,spatial,11,0.8,0.24822366838011836,0.01422522193542623,0.1709621993127148,0.013106785247853048,97,False
tct,9,spatial,11,0.8,0.31550006496330396,0.0016448066124269943,0.24699312714776633,0.0003381788389163567,97,True
tct,9,a_ratio,11,0.8,0.2942439225177815,0.00343954360961082,0.18857388316151205,0.006211170636578692,97,False
tct,9,a_ratio,11,0.8,0.3528289094418614,0.0003931702782759233,0.2521477663230241,0.0002532519652694692,97,True
tct,9,nqc,11,0.8,0.23410764241631665,0.021000559092777767,0.11254295532646051,0.10244263799035044,97,False
tct,9,nqc,11,0.8,0.321170000413472,0.0013385791470409236,0.21219931271477666,0.0020752134680172376,97,True
tct,9,bertQPP,11,0.8,0.3536053642782019,0.00038090583668640084,0.23840206185567014,0.0005412133012575864,97,False
tct,9,bertQPP,11,0.8,0.3852857005784375,9.739139695167748e-05,0.2714776632302406,8.166950933778078e-05,97,True
tct,9,bertQPP(QV),11,0.8,0.3365116564321696,0.0007512907441480938,0.22680412371134026,0.0009976667225656776,97,False
tct,9,bertQPP(QV),11,0.8,0.3697593487785557,0.0001933798285329765,0.25601374570446744,0.000203164735220203,97,True
tct,9,spatial,11,0.85,0.26117059767168327,0.009769073979259395,0.17139175257731962,0.012879359856548544,97,False
tct,9,spatial,11,0.85,0.3247992440888178,0.0011707596336529634,0.24484536082474234,0.00038088964117221485,97,True
tct,9,a_ratio,11,0.85,0.2938434803665759,0.0034858878115190295,0.18728522336769762,0.006573343269072617,97,False
tct,9,a_ratio,11,0.85,0.34825309387339337,0.0004731291449668661,0.24957044673539522,0.00029284438819506046,97,True
tct,9,nqc,11,0.85,0.26285412979578826,0.00929082947163834,0.12929553264604812,0.060624507125192455,97,False
tct,9,nqc,11,0.85,0.34445736500399343,0.0005505015095052554,0.22594501718213064,0.0010428004886634003,97,True
tct,9,bertQPP,11,0.85,0.3425644822367667,0.0005932729561447644,0.23109965635738836,0.0007979153488644113,97,False
tct,9,bertQPP,11,0.85,0.3739486199004767,0.00016125071904779842,0.26718213058419243,0.00010570268251880998,97,True
tct,9,bertQPP(QV),11,0.85,0.3301421379145111,0.0009583368962451726,0.23324742268041243,0.0007126038672884247,97,False
tct,9,bertQPP(QV),11,0.85,0.36212454773610525,0.00026760211191978006,0.2577319587628867,0.0001840336555755922,97,True
tct,9,spatial,11,0.9,0.2727219107371119,0.006879684543049388,0.17955326460481102,0.009173476196585428,97,False
tct,9,spatial,11,0.9,0.33725455071438076,0.0007300151718974231,0.24699312714776633,0.0003381788389163567,97,True
tct,9,a_ratio,11,0.9,0.293183920944306,0.0035634403725425612,0.18771477663230243,0.006450561996249079,97,False
tct,9,a_ratio,11,0.9,0.34140153291558833,0.0006210387516599632,0.24355670103092786,0.0004088834881762593,97,True
tct,9,nqc,11,0.9,0.30527357759396234,0.002361467186920854,0.154639175257732,0.024833107958687445,97,False
tct,9,nqc,11,0.9,0.37477450147739116,0.0001555315759818277,0.24828178694158082,0.0003147483455907583,97,True
tct,9,bertQPP,11,0.9,0.3275350602639242,0.00105715914751473,0.2255154639175258,0.0010660691222714972,97,False
tct,9,bertQPP,11,0.9,0.3587275184438188,0.00030841945890289365,0.26159793814432997,0.00014700123564547276,97,True
tct,9,bertQPP(QV),11,0.9,0.31958018835910373,0.0014187463496759343,0.22508591065292102,0.0010898172708815595,97,False
tct,9,bertQPP(QV),11,0.9,0.3508492934369269,0.0004261004037037707,0.256872852233677,0.0001933769855221948,97,True
tct,9,spatial,11,0.95,0.28279689662938023,0.005005916778036671,0.1868556701030928,0.006698222213035896,97,False
tct,9,spatial,11,0.95,0.3498173099968397,0.0004442544880162934,0.2564432989690722,0.00019821410424194529,97,True
tct,9,a_ratio,11,0.95,0.29234255673045584,0.003664610083588924,0.18814432989690724,0.00632984784895861,97,False
tct,9,a_ratio,11,0.95,0.33228592681243807,0.0008834666849719427,0.23195876288659797,0.0007627126312502382,97,True
tct,9,nqc,11,0.95,0.3477165524743128,0.0004834236268932301,0.19201030927835053,0.00533157487845821,97,False
tct,9,nqc,11,0.95,0.3953857393974074,6.117788495431565e-05,0.25902061855670105,0.00017081103710396531,97,True
tct,9,bertQPP,11,0.95,0.31001676676695084,0.0019999307282691043,0.20403780068728525,0.00306822352558543,97,False
tct,9,bertQPP,11,0.95,0.34071296729989914,0.0006380341700115482,0.23539518900343648,0.0006358327263393619,97,True
tct,9,bertQPP(QV),11,0.95,0.30622160448618596,0.0022848181181803757,0.20103092783505158,0.0035320539175627825,97,False
tct,9,bertQPP(QV),11,0.95,0.3368342673828685,0.0007419829159948602,0.23711340206185572,0.000580033168540485,97,True
tct,9,spatial,11,1.0,0.29137724126745096,0.0037838441226697665,0.1911512027491409,0.005540236417616152,97,False
tct,9,spatial,11,1.0,0.32104811057568794,0.0013445767212635635,0.22465635738831619,0.0011140538745299275,97,True
tct,9,a_ratio,11,1.0,0.29137724126745096,0.0037838441226697665,0.1911512027491409,0.005540236417616152,97,False
tct,9,a_ratio,11,1.0,0.32104811057568794,0.0013445767212635635,0.22465635738831619,0.0011140538745299275,97,True
tct,9,nqc,11,1.0,0.29137724126745096,0.0037838441226697665,0.1911512027491409,0.005540236417616152,97,False
tct,9,nqc,11,1.0,0.32104811057568794,0.0013445767212635635,0.22465635738831619,0.0011140538745299275,97,True
tct,9,bertQPP,11,1.0,0.29137724126745096,0.0037838441226697665,0.1911512027491409,0.005540236417616152,97,False
tct,9,bertQPP,11,1.0,0.32104811057568794,0.0013445767212635635,0.22465635738831619,0.0011140538745299275,97,True
tct,9,bertQPP(QV),11,1.0,0.29137724126745096,0.0037838441226697665,0.1911512027491409,0.005540236417616152,97,False
tct,9,bertQPP(QV),11,1.0,0.32104811057568794,0.0013445767212635635,0.22465635738831619,0.0011140538745299275,97,True
tct,9,spatial,12,0.0,0.013382096827883258,0.8964907995035795,0.03393470790378007,0.6224147431170471,97,False
tct,9,spatial,12,0.0,0.2806756280578976,0.005357600650554058,0.21907216494845363,0.0014779202366871586,97,True
tct,9,a_ratio,12,0.0,0.08699727737016585,0.3968143680759362,0.0584192439862543,0.3965888091618368,97,False
tct,9,a_ratio,12,0.0,0.28703017363767047,0.004364889994963118,0.22809278350515466,0.000933347093157991,97,True
tct,9,nqc,12,0.0,0.1492631279496186,0.14450956733786507,0.08719931271477664,0.2057421374120063,97,False
tct,9,nqc,12,0.0,0.24089257215590104,0.017459992874871322,0.16537800687285226,0.016403064445582434,97,True
tct,9,bertQPP,12,0.0,0.17672691352325548,0.08333551015854819,0.10137457044673541,0.14127503537333896,97,False
tct,9,bertQPP,12,0.0,0.23874077288827814,0.01852248002459105,0.16752577319587633,0.015057708996420909,97,True
tct,9,bertQPP(QV),12,0.0,0.1310712474602009,0.20065209966598066,0.05541237113402062,0.42134149715143543,97,False
tct,9,bertQPP(QV),12,0.0,0.2058321123136385,0.04310985452091257,0.12156357388316154,0.07772782073014356,97,True
tct,9,spatial,12,0.05,0.023345924594589496,0.8204386144719366,0.038659793814433,0.5747994088567128,97,False
tct,9,spatial,12,0.05,0.2812131530496113,0.005266467926137755,0.22079037800687287,0.0013557124652369783,97,True
tct,9,a_ratio,12,0.05,0.11389684143276929,0.26664107144990146,0.08719931271477664,0.2057421374120063,97,False
tct,9,a_ratio,12,0.05,0.29174630721261513,0.003737854141239396,0.23539518900343648,0.0006358327263393619,97,True
tct,9,nqc,12,0.05,0.15041300552317055,0.14140682447591993,0.0889175257731959,0.1969487085850582,97,False
tct,9,nqc,12,0.05,0.24209274314640222,0.01689055351298084,0.1658075601374571,0.016125841537736958,97,True
tct,9,bertQPP,12,0.05,0.18538513318978014,0.06907098007333864,0.10695876288659796,0.12064011527036375,97,False
tct,9,bertQPP,12,0.05,0.24742245649303019,0.01455136458166629,0.1752577319587629,0.010984624932232429,97,True
tct,9,bertQPP(QV),12,0.05,0.13960797570193398,0.17261677641130235,0.06357388316151204,0.356252805453549,97,False
tct,9,bertQPP(QV),12,0.05,0.2146958702414895,0.03470450076767403,0.12886597938144334,0.06148508875649665,97,True
tct,9,spatial,12,0.1,0.03399387844862363,0.7409797407207275,0.04596219931271478,0.5047955105031363,97,False
tct,9,spatial,12,0.1,0.2818057904210482,0.0051675908139181895,0.22079037800687287,0.0013557124652369783,97,True
tct,9,a_ratio,12,0.1,0.14097797940840673,0.16840034172137608,0.10051546391752579,0.14467719951816677,97,False
tct,9,a_ratio,12,0.1,0.2966325501584456,0.0031743870665025507,0.2328178694158076,0.0007289565212236814,97,True
tct,9,nqc,12,0.1,0.15168990136400615,0.1380206713196205,0.0889175257731959,0.1969487085850582,97,False
tct,9,nqc,12,0.1,0.24342168615969273,0.016278799202852565,0.16537800687285226,0.016403064445582434,97,True
tct,9,bertQPP,12,0.1,0.19488386726339427,0.055762744272699526,0.11297250859106532,0.10113858933462912,97,False
tct,9,bertQPP,12,0.1,0.25678565040935986,0.01111742811448858,0.18084192439862545,0.008684754281086702,97,True
tct,9,bertQPP(QV),12,0.1,0.14902233009033133,0.14516577111104376,0.07173539518900345,0.2978933833803449,97,False
tct,9,bertQPP(QV),12,0.1,0.2242708002889087,0.02721715447262789,0.14003436426116841,0.04214791401843269,97,True
tct,9,spatial,12,0.15,0.04535586703135312,0.6591118531508062,0.05197594501718214,0.450711341430895,97,False
tct,9,spatial,12,0.15,0.2824624328299709,0.005059965794921097,0.22079037800687287,0.0013557124652369783,97,True
tct,9,a_ratio,12,0.15,0.16722632957218192,0.10159121741094128,0.11469072164948456,0.0960541193445157,97,False
tct,9,a_ratio,12,0.15,0.3016730670979418,0.002674130036147892,0.23625429553264607,0.0006073368350083252,97,True
tct,9,nqc,12,0.15,0.15311600531318095,0.13431193595871546,0.09020618556701032,0.1905365207922204,97,False
tct,9,nqc,12,0.15,0.24490118188843185,0.015620368157595807,0.16451890034364264,0.016970096384742294,97,True
tct,9,bertQPP,12,0.15,0.2053111164869943,0.04365249959691037,0.11726804123711342,0.08881318243030219,97,False
tct,9,bertQPP,12,0.15,0.26686817868867363,0.00823259663390955,0.18427835051546396,0.0074933028749945285,97,True
tct,9,bertQPP(QV),12,0.15,0.15941942544161514,0.11882179288050755,0.07216494845360825,0.295009708543132,97,False
tct,9,bertQPP(QV),12,0.15,0.23460004991229677,0.020724350443315824,0.1512027491408935,0.028226597294347726,97,True
tct,9,spatial,12,0.2,0.057453408747954855,0.5761774116791457,0.06013745704467355,0.3828471200330016,97,False
tct,9,spatial,12,0.2,0.28319398329074974,0.004942415389750632,0.2212199312714777,0.001326652810302692,97,True
tct,9,a_ratio,12,0.2,0.19162120293701446,0.06007428333542575,0.12714776632302408,0.06502915478137135,97,False
tct,9,a_ratio,12,0.2,0.30684289282692256,0.0022358102268829863,0.23453608247422683,0.0006655682797928671,97,True
tct,9,nqc,12,0.2,0.15471897036470394,0.13023432353684894,0.09020618556701032,0.1905365207922204,97,False
tct,9,nqc,12,0.2,0.24655818227269555,0.01491043238769481,0.1658075601374571,0.016125841537736958,97,True
tct,9,bertQPP,12,0.2,0.21675223183606102,0.03296503543064693,0.1254295532646048,0.06874005870255491,97,False
tct,9,bertQPP,12,0.2,0.2776932842110127,0.005889146317104986,0.19458762886597944,0.004747484369155047,97,True
tct,9,bertQPP(QV),12,0.2,0.17090811508898218,0.0941762913944806,0.07903780068728523,0.25141149497554627,97,False
tct,9,bertQPP(QV),12,0.2,0.24571340708867323,0.015268798011806224,0.16108247422680416,0.01941379508307944,97,True
tct,9,spatial,12,0.25,0.07029573523934893,0.49384594886600375,0.06486254295532648,0.34658765831762584,97,False
tct,9,spatial,12,0.25,0.28401395295283094,0.004813551361086144,0.2216494845360825,0.001298168853613724,97,True
tct,9,a_ratio,12,0.25,0.21331923968134398,0.035911582163154286,0.14261168384879727,0.03850326567762371,97,False
tct,9,a_ratio,12,0.25,0.3121051335361026,0.0018572359229328456,0.23539518900343648,0.0006358327263393619,97,True
tct,9,nqc,12,0.25,0.1565336943893142,0.12573290006371152,0.09106529209621994,0.18634796497677564,97,False
tct,9,nqc,12,0.25,0.2484264287498139,0.014143699257476161,0.16623711340206188,0.015852745291372216,97,True
tct,9,bertQPP,12,0.25,0.22927940756964799,0.023880260474425073,0.13316151202749144,0.05331954320676675,97,False
tct,9,bertQPP,12,0.25,0.2892585597997925,0.004057782055527468,0.20403780068728525,0.00306822352558543,97,True
tct,9,bertQPP(QV),12,0.25,0.18359265934287924,0.07184944394971184,0.0889175257731959,0.1969487085850582,97,False
tct,9,bertQPP(QV),12,0.25,0.25761670663222835,0.010850047748009317,0.1679553264604811,0.014800614099959652,97,True
tct,9,spatial,12,0.3,0.08387511481923605,0.41403941516832393,0.07216494845360825,0.295009708543132,97,False
tct,9,spatial,12,0.3,0.2849392835327239,0.004671729409170541,0.2212199312714777,0.001326652810302692,97,True
tct,9,a_ratio,12,0.3,0.23179378368422507,0.022341142817094334,0.15635738831615123,0.02327305567367708,97,False
tct,9,a_ratio,12,0.3,0.317407554196003,0.001535347828016225,0.24226804123711343,0.00043878992015195634,97,True
tct,9,nqc,12,0.3,0.1586048428000691,0.12074227091074106,0.09149484536082475,0.1842793810224047,97,False
tct,9,nqc,12,0.3,0.2505487120166538,0.013314459413248035,0.16752577319587633,0.015057708996420909,97,True
tct,9,bertQPP,12,0.3,0.2429336981160174,0.016501172117609278,0.14647766323024058,0.03354022455213661,97,False
tct,9,bertQPP,12,0.3,0.301519705139188,0.0026882384361996293,0.209192439862543,0.002400428947085522,97,True
tct,9,bertQPP(QV),12,0.3,0.19755739965961638,0.05242182358370884,0.09750859106529211,0.15708030004273185,97,False
tct,9,bertQPP(QV),12,0.3,0.2702763641878266,0.007418944625148216,0.18341924398625434,0.007776554495134835,97,True
tct,9,spatial,12,0.35,0.09816153433642516,0.3387900554425111,0.08462199312714778,0.2194617374170329,97,False
tct,9,spatial,12,0.35,0.28599149814875147,0.004514993770058382,0.22293814432989695,0.0012160687743494618,97,True
tct,9,a_ratio,12,0.35,0.24687955738255585,0.014776027971873471,0.16967353951890035,0.013810511589466142,97,False
tct,9,a_ratio,12,0.35,0.3226785457579745,0.0012663354261126195,0.24613402061855674,0.00035469522611087794,97,True
tct,9,nqc,12,0.35,0.1609904951519155,0.11518445632406478,0.09235395189003438,0.18019329783502935,97,False
tct,9,nqc,12,0.35,0.25298008662671667,0.012416719601150901,0.16838487972508595,0.01454739544260673,97,True
tct,9,bertQPP,12,0.35,0.2576958228832613,0.01082488891110596,0.1554982817869416,0.02404211148041231,97,False
tct,9,bertQPP,12,0.35,0.31436767298036183,0.0017130829790077688,0.21649484536082478,0.0016803624081385136,97,True
tct,9,bertQPP(QV),12,0.35,0.21284048231036262,0.0363395471895398,0.10781786941580758,0.11768634646990996,97,False
tct,9,bertQPP(QV),12,0.35,0.2835978014085535,0.004878573754175067,0.1911512027491409,0.005540236417616152,97,True
tct,9,spatial,12,0.4,0.1130970777772029,0.2700356955793255,0.09063573883161513,0.18843365829791547,97,False
tct,9,spatial,12,0.4,0.28719834188509213,0.004341010492614651,0.22422680412371138,0.0011387880187863695,97,True
tct,9,a_ratio,12,0.4,0.2587225652398132,0.01050298525059266,0.18427835051546396,0.0074933028749945285,97,False
tct,9,a_ratio,12,0.4,0.32782256991568476,0.0010458231512980119,0.24871134020618557,0.00030728207639036943,97,True
tct,9,nqc,12,0.4,0.16376754028582508,0.10896656164796004,0.09063573883161513,0.18843365829791547,97,False
tct,9,nqc,12,0.4,0.2557925381862822,0.011444486898112286,0.1701030927835052,0.013572314777054699,97,True
tct,9,bertQPP,12,0.4,0.27344146727919655,0.006727760211006502,0.16065292096219932,0.019739903980340746,97,False
tct,9,bertQPP,12,0.4,0.3275983508514859,0.0010546541529794142,0.22895189003436428,0.0008926252002239728,97,True
tct,9,bertQPP(QV),12,0.4,0.22939166452494525,0.0238096635731332,0.11340206185567013,0.09984779835922447,97,False
tct,9,bertQPP(QV),12,0.4,0.29739718380986,0.003093466905579288,0.20017182130584193,0.0036758280937195186,97,True
tct,9,spatial,12,0.45,0.1285906044742949,0.20938029458298535,0.09922680412371135,0.1498976871116754,97,False
tct,9,spatial,12,0.45,0.2885961685793731,0.004146989584124495,0.22594501718213064,0.0010428004886634003,97,True
tct,9,a_ratio,12,0.45,0.26767601841929733,0.00803294295182555,0.19458762886597944,0.004747484369155047,97,False
tct,9,a_ratio,12,0.45,0.3327153595652803,0.0008691264015062881,0.25515463917525777,0.00021341645031147517,97,True
tct,9,nqc,12,0.45,0.16703986966699497,0.10197857139491082,0.09063573883161513,0.18843365829791547,97,False
tct,9,nqc,12,0.45,0.2590819135288345,0.010392319061771533,0.1701030927835052,0.013572314777054699,97,True
tct,9,bertQPP,12,0.45,0.2898781081310756,0.003975899841532181,0.16151202749140894,0.01909240321886764,97,False
tct,9,bertQPP,12,0.45,0.34087586068110565,0.0006339755743360372,0.2366838487972509,0.0005935388745829456,97,True
tct,9,bertQPP(QV),12,0.45,0.24700973203657037,0.014721886493997567,0.12972508591065296,0.0597739314027888,97,False
tct,9,bertQPP(QV),12,0.45,0.3113678302199489,0.0019065279588741017,0.20360824742268044,0.003130893451622874,97,True
tct,9,spatial,12,0.5,0.1445136269594422,0.15787096905625275,0.11941580756013748,0.08312087785946547,97,False
tct,9,spatial,12,0.5,0.29023349119627245,0.003929600105521419,0.22723367697594504,0.000975784420613921,97,True
tct,9,a_ratio,12,0.5,0.2741905404984461,0.006572763779958966,0.19931271477663232,0.003824903963020039,97,False
tct,9,a_ratio,12,0.5,0.3371994344317084,0.0007315745144441152,0.2603092783505155,0.00015848586196658186,97,True
tct,9,nqc,12,0.5,0.17095119244991885,0.09409213448681818,0.09106529209621994,0.18634796497677564,97,False
tct,9,nqc,12,0.5,0.26297846749966874,0.009256338057599126,0.17182130584192443,0.01265543298933369,97,True
tct,9,bertQPP,12,0.5,0.3064665339618897,0.002265383357404111,0.16924398625429557,0.01405239227763608,97,False
tct,9,bertQPP,12,0.5,0.35369487305836295,0.00037951485812672583,0.25343642611683853,0.00023539388087640415,97,True
tct,9,bertQPP(QV),12,0.5,0.26526001435708446,0.008643093791584254,0.14862542955326463,0.03102727109196935,97,False
tct,9,bertQPP(QV),12,0.5,0.3250467045556279,0.0011600454260944503,0.2130584192439863,0.0019900166497547295,97,True
tct,9,spatial,12,0.55,0.1606985432481615,0.11585378177926198,0.12929553264604812,0.060624507125192455,97,False
tct,9,spatial,12,0.55,0.29217639077039204,0.0036848919376449175,0.22766323024054988,0.0009543472910132449,97,True
tct,9,a_ratio,12,0.55,0.27872921233273834,0.00569943455929203,0.19974226804123715,0.0037496927052216027,97,False
tct,9,a_ratio,12,0.55,0.3410808844235159,0.0006289008665513679,0.26116838487972516,0.00015073942387955493,97,True
tct,9,nqc,12,0.55,0.17570575856241022,0.08516244014358361,0.09450171821305844,0.17027316035268703,97,False
tct,9,nqc,12,0.55,0.2676633463009074,0.008036041570966759,0.17697594501718217,0.010225152665271457,97,True
tct,9,bertQPP,12,0.55,0.3223454581821633,0.0012819750581184888,0.18513745704467358,0.007219338175415614,97,False
tct,9,bertQPP,12,0.55,0.36535479758748046,0.00023346793022013606,0.25429553264604815,0.00022415245533308512,97,True
tct,9,bertQPP(QV),12,0.55,0.283386693858908,0.004911856642737819,0.17568728522336774,0.01079019991112942,97,False
tct,9,bertQPP(QV),12,0.55,0.33779300608800494,0.0007149403008963929,0.22336769759450176,0.0011897860106094835,97,True
tct,9,spatial,12,0.6,0.17694046973675487,0.08295741945932926,0.1314432989690722,0.05647001729864357,97,False
tct,9,spatial,12,0.6,0.2945169650848276,0.003408260922087306,0.2285223367697595,0.0009127757207962206,97,True
tct,9,a_ratio,12,0.6,0.2817160016261042,0.005182464487170464,0.20103092783505158,0.0035320539175627825,97,False
tct,9,a_ratio,12,0.6,0.3441288485061951,0.0005577157651786146,0.2555841924398626,0.0002082313453780151,97,True
tct,9,nqc,12,0.6,0.18160315269226857,0.07503809311082434,0.09493127147766325,0.1683392012081001,97,False
tct,9,nqc,12,0.6,0.2733950753506673,0.006737464964409341,0.18170103092783507,0.008372001763204117,97,True
tct,9,bertQPP,12,0.6,0.3363038073571317,0.0007573438988272435,0.19243986254295536,0.005229928831102741,97,False
tct,9,bertQPP,12,0.6,0.37496819612638166,0.0001542177410318598,0.26632302405498287,0.00011124963084926736,97,True
tct,9,bertQPP(QV),12,0.6,0.3002615380917848,0.002806533268786614,0.18084192439862545,0.008684754281086702,97,False
tct,9,bertQPP(QV),12,0.6,0.3487986027605936,0.0004628692472395087,0.23067010309278352,0.00081607670119364,97,True
tct,9,spatial,12,0.65,0.19300370585098622,0.058215239667567746,0.1434707903780069,0.037349490378258986,97,False
tct,9,spatial,12,0.65,0.2973868473167088,0.0030945483451461876,0.2328178694158076,0.0007289565212236814,97,True
tct,9,a_ratio,12,0.65,0.2835123766894166,0.004892017423113072,0.2053264604810997,0.002887015591872923,97,False
tct,9,a_ratio,12,0.65,0.34607956403488144,0.0005161157738085421,0.256872852233677,0.0001933769855221948,97,True
tct,9,nqc,12,0.65,0.1890992044861019,0.06359026945742426,0.09750859106529211,0.15708030004273185,97,False
tct,9,nqc,12,0.65,0.2805532731297441,0.005378539637793686,0.18427835051546396,0.0074933028749945285,97,True
tct,9,bertQPP,12,0.65,0.34687118526265703,0.000500061250663732,0.2100515463917526,0.0023030471051788694,97,False
tct,9,bertQPP,12,0.65,0.38153147385125097,0.0001153249701542494,0.2744845360824743,6.802769792638233e-05,97,True
tct,9,bertQPP(QV),12,0.65,0.3144415896343028,0.0017085492052611674,0.20403780068728525,0.00306822352558543,97,False
tct,9,bertQPP(QV),12,0.65,0.3571535104010186,0.00032921305886519025,0.24012027491408938,0.0004932117335580638,97,True
tct,9,spatial,12,0.7,0.20863323637268,0.04028763020596061,0.15678694158075604,0.022896601370035064,97,False
tct,9,spatial,12,0.7,0.300979226778639,0.0027384944491105835,0.23754295532646055,0.0005668140402706258,97,True
tct,9,a_ratio,12,0.7,0.2844125042563842,0.004752003522925594,0.19759450171821308,0.0041396512632380965,97,False
tct,9,a_ratio,12,0.7,0.3466470493975087,0.0005045597124953472,0.26374570446735396,0.00012958397281742168,97,True
tct,9,nqc,12,0.7,0.19891745569292962,0.05078652408807993,0.09922680412371135,0.1498976871116754,97,False
tct,9,nqc,12,0.7,0.2897121437496888,0.0039976883717178,0.19243986254295536,0.005229928831102741,97,True
tct,9,bertQPP,12,0.7,0.3525862030218036,0.00039707777567119803,0.21907216494845363,0.0014779202366871586,97,False
tct,9,bertQPP,12,0.7,0.3840761870395629,0.00010286459630643738,0.2689003436426117,9.538240628081039e-05,97,True
tct,9,bertQPP(QV),12,0.7,0.32440716808688197,0.0011879195480971356,0.21048109965635742,0.002255725464528707,97,False
tct,9,bertQPP(QV),12,0.7,0.36197932730249405,0.00026923972138682154,0.25000000000000006,0.00028586619810323126,97,True
tct,9,spatial,12,0.75,0.22357066550761157,0.027713752296361648,0.16108247422680416,0.01941379508307944,97,False
tct,9,spatial,12,0.75,0.3055845423859204,0.002336073755553398,0.24183848797250862,0.0004492042155364218,97,True
tct,9,a_ratio,12,0.75,0.2846484355521085,0.00471590008887571,0.1984536082474227,0.003979453005162126,97,False
tct,9,a_ratio,12,0.75,0.34554205823109313,0.0005272846993234874,0.2577319587628867,0.0001840336555755922,97,True
tct,9,nqc,12,0.75,0.21226152368441442,0.03686278893037845,0.1086769759450172,0.11478963120763813,97,False
tct,9,nqc,12,0.75,0.3017625824429312,0.0026659259599857875,0.19673539518900346,0.004305679427335466,97,True
tct,9,bertQPP,12,0.75,0.3524106686124618,0.0003999260385229755,0.2366838487972509,0.0005935388745829456,97,False
tct,9,bertQPP,12,0.75,0.38188376760656295,0.00011352014694944852,0.2792096219931272,5.085839224791733e-05,97,True
tct,9,bertQPP(QV),12,0.75,0.32896733004545364,0.001001776532277642,0.22766323024054988,0.0009543472910132449,97,False
tct,9,bertQPP(QV),12,0.75,0.3626127625316812,0.00026216377848407537,0.25902061855670105,0.00017081103710396531,97,True
tct,9,spatial,12,0.8,0.23757279639481912,0.01912216329200584,0.16451890034364264,0.016970096384742294,97,False
tct,9,spatial,12,0.8,0.31164323562622326,0.0018879792044055822,0.24656357388316158,0.0003463449485504128,97,True
tct,9,a_ratio,12,0.8,0.28439940297709515,0.004754015544086905,0.19673539518900346,0.004305679427335466,97,False
tct,9,a_ratio,12,0.8,0.3424995359811537,0.0005947930798769569,0.25343642611683853,0.00023539388087640415,97,True
tct,9,nqc,12,0.8,0.23122338561649786,0.022682646216672108,0.11597938144329899,0.09237668593402237,97,False
tct,9,nqc,12,0.8,0.3180889857223445,0.001497874315201449,0.21434707903780073,0.0018682268943729797,97,True
tct,9,bertQPP,12,0.8,0.3461103151949423,0.0005154834003144919,0.2452749140893471,0.0003719636432157586,97,False
tct,9,bertQPP,12,0.8,0.37469435037041676,0.00015607826880888369,0.28092783505154645,4.570292642778511e-05,97,True
tct,9,bertQPP(QV),12,0.8,0.32766594868619664,0.0010519846499515606,0.2366838487972509,0.0005935388745829456,97,False
tct,9,bertQPP(QV),12,0.8,0.35878028827245506,0.0003077437769334246,0.26632302405498287,0.00011124963084926736,97,True
tct,9,spatial,12,0.85,0.2504301116338405,0.01335965879728619,0.18170103092783507,0.008372001763204117,97,False
tct,9,spatial,12,0.85,0.3197834192067067,0.0014082610576163885,0.24699312714776633,0.0003381788389163567,97,True
tct,9,a_ratio,12,0.85,0.28380186599880947,0.004846592230221079,0.19201030927835053,0.00533157487845821,97,False
tct,9,a_ratio,12,0.85,0.33731229584398253,0.0007283847137564691,0.25902061855670105,0.00017081103710396531,97,True
tct,9,nqc,12,0.85,0.259447795859084,0.010280691010461702,0.13359106529209622,0.05255528194642074,97,False
tct,9,nqc,12,0.85,0.3406137137970535,0.0006405187819993625,0.22379725085910657,0.0011640289366746655,97,True
tct,9,bertQPP,12,0.85,0.33436593611210796,0.000815962753611608,0.2366838487972509,0.0005935388745829456,97,False
tct,9,bertQPP,12,0.85,0.36281174647730285,0.00025997664435860004,0.28006872852233683,4.8215372827859356e-05,97,True
tct,9,bertQPP(QV),12,0.85,0.3209433224865442,0.0013497522956891488,0.23883161512027495,0.0005288208236189078,97,False
tct,9,bertQPP(QV),12,0.85,0.3506857246024626,0.000428931598651789,0.26975945017182135,9.058641607986754e-05,97,True
tct,9,spatial,12,0.9,0.2619820893469419,0.009535921647964804,0.17697594501718217,0.010225152665271457,97,False
tct,9,spatial,12,0.9,0.3305062657771579,0.0009452256817580694,0.2512886597938145,0.00026585493232954136,97,True
tct,9,a_ratio,12,0.9,0.2829586891411513,0.004979956096353977,0.18943298969072167,0.005979808014005902,97,False
tct,9,a_ratio,12,0.9,0.32986549516790625,0.0009684085850958448,0.2525773195876289,0.00024716269151633816,97,True
tct,9,nqc,12,0.9,0.30159334203105315,0.002681455942183216,0.1585051546391753,0.021443192891173694,97,False
tct,9,nqc,12,0.9,0.36991334927169517,0.00019210087031972182,0.24785223367697598,0.0003223841860548392,97,True
tct,9,bertQPP,12,0.9,0.3185321970725753,0.001473948173992437,0.22594501718213064,0.0010428004886634003,97,False
tct,9,bertQPP,12,0.9,0.3470428428106186,0.0004966409557384384,0.2710481099656358,8.381752378824866e-05,97,True
tct,9,bertQPP(QV),12,0.9,0.3099452023394629,0.002004991510457834,0.23754295532646055,0.0005668140402706258,97,False
tct,9,bertQPP(QV),12,0.9,0.338964015721573,0.0006831338325994302,0.2676116838487973,0.00010302809096628477,97,True
tct,9,spatial,12,0.95,0.2721268235354959,0.007007612183558217,0.18513745704467358,0.007219338175415614,97,False
tct,9,spatial,12,0.95,0.34046748242973335,0.0006441955280843043,0.2628865979381444,0.00013630357600274067,97,True
tct,9,a_ratio,12,0.95,0.28194685937264174,0.0051442991528550626,0.1898625429553265,0.005867063974983271,97,False
tct,9,a_ratio,12,0.95,0.32016400446388316,0.001388814431657819,0.24613402061855674,0.00035469522611087794,97,True
tct,9,nqc,12,0.95,0.3436584673755873,0.0005681963048821057,0.19286941580756015,0.005130036782382208,97,False
tct,9,nqc,12,0.95,0.3885514010055383,8.393536497479915e-05,0.25902061855670105,0.00017081103710396531,97,True
tct,9,bertQPP,12,0.95,0.3002024894407367,0.0028121983096073334,0.21434707903780073,0.0018682268943729797,97,False
tct,9,bertQPP,12,0.95,0.3284975189593075,0.0010196447144892211,0.2521477663230241,0.0002532519652694692,97,True
tct,9,bertQPP(QV),12,0.95,0.29611703073853857,0.00323001005988396,0.20876288659793818,0.0024505203740822256,97,False
tct,9,bertQPP(QV),12,0.95,0.3245226536748451,0.0011828415069673193,0.24570446735395193,0.0003632334933323789,97,True
tct,9,spatial,12,1.0,0.2808236757346275,0.005332361653617235,0.19501718213058422,0.004655971971265852,97,False
tct,9,spatial,12,1.0,0.3083445751701257,0.002121246961028989,0.23109965635738836,0.0007979153488644113,97,True
tct,9,a_ratio,12,1.0,0.2808236757346275,0.005332361653617235,0.19501718213058422,0.004655971971265852,97,False
tct,9,a_ratio,12,1.0,0.3083445751701257,0.002121246961028989,0.23109965635738836,0.0007979153488644113,97,True
tct,9,nqc,12,1.0,0.2808236757346275,0.005332361653617235,0.19501718213058422,0.004655971971265852,97,False
tct,9,nqc,12,1.0,0.3083445751701257,0.002121246961028989,0.23109965635738836,0.0007979153488644113,97,True
tct,9,bertQPP,12,1.0,0.2808236757346275,0.005332361653617235,0.19501718213058422,0.004655971971265852,97,False
tct,9,bertQPP,12,1.0,0.3083445751701257,0.002121246961028989,0.23109965635738836,0.0007979153488644113,97,True
tct,9,bertQPP(QV),12,1.0,0.2808236757346275,0.005332361653617235,0.19501718213058422,0.004655971971265852,97,False
tct,9,bertQPP(QV),12,1.0,0.3083445751701257,0.002121246961028989,0.23109965635738836,0.0007979153488644113,97,True
tct,9,spatial,13,0.0,0.013382096827883258,0.8964907995035795,0.03393470790378007,0.6224147431170471,97,False
tct,9,spatial,13,0.0,0.2806756280578976,0.005357600650554058,0.21907216494845363,0.0014779202366871586,97,True
tct,9,a_ratio,13,0.0,0.08699727737016585,0.3968143680759362,0.0584192439862543,0.3965888091618368,97,False
tct,9,a_ratio,13,0.0,0.28703017363767047,0.004364889994963118,0.22809278350515466,0.000933347093157991,97,True
tct,9,nqc,13,0.0,0.1492631279496186,0.14450956733786507,0.08719931271477664,0.2057421374120063,97,False
tct,9,nqc,13,0.0,0.24089257215590104,0.017459992874871322,0.16537800687285226,0.016403064445582434,97,True
tct,9,bertQPP,13,0.0,0.17672691352325548,0.08333551015854819,0.10137457044673541,0.14127503537333896,97,False
tct,9,bertQPP,13,0.0,0.23874077288827814,0.01852248002459105,0.16752577319587633,0.015057708996420909,97,True
tct,9,bertQPP(QV),13,0.0,0.1310712474602009,0.20065209966598066,0.05541237113402062,0.42134149715143543,97,False
tct,9,bertQPP(QV),13,0.0,0.2058321123136385,0.04310985452091257,0.12156357388316154,0.07772782073014356,97,True
tct,9,spatial,13,0.05,0.02294444590226996,0.8234760009825943,0.04123711340206186,0.5495750194028222,97,False
tct,9,spatial,13,0.05,0.28118989609307843,0.005270382238845576,0.22079037800687287,0.0013557124652369783,97,True
tct,9,a_ratio,13,0.05,0.1128879343861836,0.27092820183890987,0.08462199312714778,0.2194617374170329,97,False
tct,9,a_ratio,13,0.05,0.2915904360584379,0.003757216188033619,0.23238831615120278,0.0007456571945733053,97,True
tct,9,nqc,13,0.05,0.15038318447678473,0.1414866498100113,0.0889175257731959,0.1969487085850582,97,False
tct,9,nqc,13,0.05,0.2420834876884908,0.01689488277787908,0.1658075601374571,0.016125841537736958,97,True
tct,9,bertQPP,13,0.05,0.1851580925321476,0.06941802992634248,0.1048109965635739,0.1282784361242476,97,False
tct,9,bertQPP,13,0.05,0.24737127706481543,0.014572416450426517,0.17396907216494847,0.011586707769612953,97,True
tct,9,bertQPP(QV),13,0.05,0.13939163176309105,0.17328965533345161,0.0622852233676976,0.36608612957525455,97,False
tct,9,bertQPP(QV),13,0.05,0.21465073366456294,0.03474353049963678,0.12929553264604812,0.060624507125192455,97,True
tct,9,spatial,13,0.1,0.033132991753914764,0.7473161270818167,0.04896907216494846,0.4773342987798882,97,False
tct,9,spatial,13,0.1,0.2817566147682443,0.0051757321395581824,0.2203608247422681,0.0013853583021557498,97,True
tct,9,a_ratio,13,0.1,0.13885045414971386,0.17498128654022016,0.10438144329896909,0.12985027258664464,97,False
tct,9,a_ratio,13,0.1,0.2962956163356194,0.0032106430548129636,0.23582474226804126,0.000621432826309228,97,True
tct,9,nqc,13,0.1,0.15162693916436532,0.13818618366918592,0.0889175257731959,0.1969487085850582,97,False
tct,9,nqc,13,0.1,0.24340219807897848,0.01628762986115757,0.16451890034364264,0.016970096384742294,97,True
tct,9,bertQPP,13,0.1,0.19440127184534395,0.05638401767832778,0.11211340206185569,0.10376002930884054,97,False
tct,9,bertQPP,13,0.1,0.25667954457827724,0.011151977378949664,0.17955326460481102,0.009173476196585428,97,True
tct,9,bertQPP(QV),13,0.1,0.14856825706893445,0.14640928302841516,0.06915807560137457,0.3155898965616176,97,False
tct,9,bertQPP(QV),13,0.1,0.2241820588235628,0.027279676584362315,0.14175257731958765,0.039687194240219145,97,True
tct,9,spatial,13,0.15,0.043969945263764784,0.6689083536675607,0.05197594501718214,0.450711341430895,97,False
tct,9,spatial,13,0.15,0.28238419343646803,0.00507268388134906,0.2203608247422681,0.0013853583021557498,97,True
tct,9,a_ratio,13,0.15,0.1638538598701833,0.10877756172866375,0.11340206185567013,0.09984779835922447,97,False
tct,9,a_ratio,13,0.15,0.3011243838740211,0.0027249148194640875,0.23582474226804126,0.000621432826309228,97,True
tct,9,nqc,13,0.15,0.15301599216446207,0.13456953235360597,0.08848797250859108,0.19912082868170233,97,False
tct,9,nqc,13,0.15,0.24487031376183166,0.0156338664809994,0.16451890034364264,0.016970096384742294,97,True
tct,9,bertQPP,13,0.15,0.20453752518335913,0.04446870009860916,0.11984536082474227,0.08201867152410211,97,False
tct,9,bertQPP,13,0.15,0.2666998552665897,0.008274742797531048,0.18513745704467358,0.007219338175415614,97,True
tct,9,bertQPP(QV),13,0.15,0.15870168733466838,0.12051270385986684,0.07474226804123713,0.2781012070168114,97,False
tct,9,bertQPP(QV),13,0.15,0.2344669220827201,0.020798717365266287,0.1516323024054983,0.027781654237823455,97,True
tct,9,spatial,13,0.2,0.055468982840550574,0.589445500120522,0.06185567010309279,0.3694011818632015,97,False
tct,9,spatial,13,0.2,0.28308292768108917,0.004960102589190871,0.22079037800687287,0.0013557124652369783,97,True
tct,9,a_ratio,13,0.2,0.1868820546587081,0.06681777997971483,0.12156357388316154,0.07772782073014356,97,False
tct,9,a_ratio,13,0.2,0.30604507047066887,0.002298918872037604,0.23625429553264607,0.0006073368350083252,97,True
tct,9,nqc,13,0.2,0.15457725758221746,0.13059095674259602,0.09063573883161513,0.18843365829791547,97,False
tct,9,nqc,13,0.2,0.2465145723252295,0.014928752221838721,0.16537800687285226,0.016403064445582434,97,True
tct,9,bertQPP,13,0.2,0.21564275827549376,0.03389418031189527,0.1245704467353952,0.07065977324075139,97,False
tct,9,bertQPP,13,0.2,0.27744954193565047,0.005934589173444636,0.19286941580756015,0.005130036782382208,97,True
tct,9,bertQPP(QV),13,0.2,0.1698943678804729,0.09617396747556324,0.07989690721649485,0.24629548858904848,97,False
tct,9,bertQPP(QV),13,0.2,0.24553057099623235,0.015347334608263203,0.16323024054982818,0.017852894393926448,97,True
tct,9,spatial,13,0.25,0.06763184420603781,0.5103995888879473,0.06786941580756015,0.3246919364895129,97,False
tct,9,spatial,13,0.25,0.2838655546793334,0.004836649068140733,0.2212199312714777,0.001326652810302692,97,True
tct,9,a_ratio,13,0.25,0.2071256771376869,0.04178675350302662,0.1396048109965636,0.042782883164389815,97,False
tct,9,a_ratio,13,0.25,0.3110126807705827,0.0019306906050373688,0.2379725085910653,0.0005538759115824682,97,True
tct,9,nqc,13,0.25,0.1563446945243503,0.1261960729871268,0.08977663230240551,0.19265661141875967,97,False
tct,9,nqc,13,0.25,0.24836844072249822,0.014166972640117159,0.1670962199312715,0.015318729327102553,97,True
tct,9,bertQPP,13,0.25,0.2277761595119817,0.024842982588204228,0.1327319587628866,0.054093065441640706,97,False
tct,9,bertQPP,13,0.25,0.2889166779164128,0.004103608652885724,0.20403780068728525,0.00306822352558543,97,True
tct,9,bertQPP(QV),13,0.25,0.18224131705909688,0.07400312867883428,0.08591065292096221,0.2125219840325313,97,False
tct,9,bertQPP(QV),13,0.25,0.2573707550854558,0.010928586861261611,0.1701030927835052,0.013572314777054699,97,True
tct,9,spatial,13,0.3,0.08044438241019553,0.4334597788712038,0.07474226804123713,0.2781012070168114,97,False
tct,9,spatial,13,0.3,0.28474801463768135,0.0047007354486197275,0.2203608247422681,0.0013853583021557498,97,True
tct,9,a_ratio,13,0.3,0.2241171851377818,0.027325459966703724,0.15378006872852237,0.025646544632394585,97,False
tct,9,a_ratio,13,0.3,0.3159653193430379,0.001617476029167781,0.2405498281786942,0.0004818477915141724,97,True
tct,9,nqc,13,0.3,0.1583617567802619,0.1213199825949595,0.09149484536082475,0.1842793810224047,97,False
tct,9,nqc,13,0.3,0.25047435112363164,0.013342783255227185,0.16752577319587633,0.015057708996420909,97,True
tct,9,bertQPP,13,0.3,0.24096082930546692,0.017427168613698016,0.14261168384879727,0.03850326567762371,97,False
tct,9,bertQPP,13,0.3,0.3010421130335715,0.002732603909025203,0.21176975945017185,0.0021190549684448486,97,True
tct,9,bertQPP(QV),13,0.3,0.19581334270470965,0.05458198862007765,0.0970790378006873,0.15891607395046403,97,False
tct,9,bertQPP(QV),13,0.3,0.269940394928725,0.007495870191881052,0.18384879725085912,0.0076337511300162714,97,True
tct,9,spatial,13,0.35,0.09387223521371707,0.36041710375300723,0.08805841924398626,0.2013104039967497,97,False
tct,9,spatial,13,0.35,0.2857505118580353,0.00455047072699008,0.2216494845360825,0.001298168853613724,97,True
tct,9,a_ratio,13,0.35,0.23776015450240254,0.019024856350030022,0.16752577319587633,0.015057708996420909,97,False
tct,9,a_ratio,13,0.35,0.32082008102787885,0.0013558624357902444,0.24742268041237117,0.00033019314561040996,97,True
tct,9,nqc,13,0.35,0.16068493167118691,0.11588506076405983,0.09020618556701032,0.1905365207922204,97,False
tct,9,nqc,13,0.35,0.2528868786828813,0.012450136864599646,0.16881443298969073,0.014298004272030715,97,True
tct,9,bertQPP,13,0.35,0.255152921022762,0.011659552077006441,0.15249140893470792,0.026909885175764755,97,False
tct,9,bertQPP,13,0.35,0.313694425088462,0.0017548814677484175,0.22079037800687287,0.0013557124652369783,97,True
tct,9,bertQPP(QV),13,0.35,0.21062872074853517,0.03837257930213317,0.10395189003436428,0.13143701983340042,97,False
tct,9,bertQPP(QV),13,0.35,0.28312357280995093,0.0049536227444867366,0.19243986254295536,0.005229928831102741,97,True
tct,9,spatial,13,0.4,0.10785644958124538,0.2929999900572072,0.09493127147766325,0.1683392012081001,97,False
tct,9,spatial,13,0.4,0.28689901968540005,0.004383594808117883,0.22293814432989695,0.0012160687743494618,97,True
tct,9,a_ratio,13,0.4,0.24826151160674634,0.01420997563802854,0.17482817869415812,0.011182156616858724,97,False
tct,9,a_ratio,13,0.4,0.3254685870790881,0.0011419847367777488,0.24828178694158082,0.0003147483455907583,97,True
tct,9,nqc,13,0.4,0.16338897151746876,0.10979847201495656,0.09063573883161513,0.18843365829791547,97,False
tct,9,nqc,13,0.4,0.25567734982814627,0.011482960117071127,0.16967353951890035,0.013810511589466142,97,True
tct,9,bertQPP,13,0.4,0.2701953973074239,0.007437419288112996,0.15592783505154642,0.023654871935139845,97,False
tct,9,bertQPP,13,0.4,0.3266372008533785,0.001093284061557588,0.22379725085910657,0.0011640289366746655,97,True
tct,9,bertQPP(QV),13,0.4,0.22660847051162727,0.02561345041182378,0.1202749140893471,0.08092834885233069,97,False
tct,9,bertQPP(QV),13,0.4,0.29670451637559314,0.0031666908518156716,0.19630584192439868,0.0043909374810577745,97,True
tct,9,spatial,13,0.45,0.12230958929147501,0.23268123979230634,0.10738831615120277,0.11915605807960761,97,False
tct,9,spatial,13,0.45,0.288227456195447,0.004197400889491783,0.22594501718213064,0.0010428004886634003,97,True
tct,9,a_ratio,13,0.45,0.25601598642419626,0.011370175530686828,0.18213058419243988,0.008219435652041644,97,False
tct,9,a_ratio,13,0.45,0.329772569923088,0.0009718132814449847,0.25343642611683853,0.00023539388087640415,97,True
tct,9,nqc,13,0.45,0.16657482995812067,0.10294969142178344,0.09020618556701032,0.1905365207922204,97,False
tct,9,nqc,13,0.45,0.25894067400821297,0.010435693305935138,0.16838487972508595,0.01454739544260673,97,True
tct,9,bertQPP,13,0.45,0.28575455336051236,0.004549873711786244,0.15936426116838492,0.0207470988785446,97,False
tct,9,bertQPP,13,0.45,0.3394905656268676,0.0006692582468667248,0.23539518900343648,0.0006358327263393619,97,True
tct,9,bertQPP(QV),13,0.45,0.24351148191398214,0.016238163406572588,0.12800687285223372,0.06323660544752113,97,False
tct,9,bertQPP(QV),13,0.45,0.3103317765819472,0.001977791226121383,0.20575601374570449,0.0028288190417010725,97,True
tct,9,spatial,13,0.5,0.13711305702793106,0.1804940425758055,0.10996563573883163,0.110550087489207,97,False
tct,9,spatial,13,0.5,0.28978089444559807,0.003988649570039659,0.22809278350515466,0.000933347093157991,97,True
tct,9,a_ratio,13,0.5,0.2614936823689775,0.00967565515686364,0.1890034364261169,0.006094500520977148,97,False
tct,9,a_ratio,13,0.5,0.3335602316333957,0.0008415312873610545,0.25472508591065296,0.00021872261513442568,97,True
tct,9,nqc,13,0.5,0.17038205733028627,0.09520880755192261,0.09106529209621994,0.18634796497677564,97,False
tct,9,nqc,13,0.5,0.2628057174301217,0.009304289608280043,0.1701030927835052,0.013572314777054699,97,True
tct,9,bertQPP,13,0.5,0.30124488489273155,0.0027136878192888696,0.16494845360824745,0.01668446543769203,97,False
tct,9,bertQPP,13,0.5,0.35169416223523287,0.0004117481225707297,0.24183848797250862,0.0004492042155364218,97,True
tct,9,bertQPP(QV),13,0.5,0.2608520865450281,0.009861943724077048,0.15335051546391754,0.026061836085581373,97,False
tct,9,bertQPP(QV),13,0.5,0.3234848557332793,0.001229191446319299,0.20790378006872856,0.0025535840012904936,97,True
tct,9,spatial,13,0.55,0.1521165055828702,0.13690319064240847,0.12199312714776635,0.07668417076895777,97,False
tct,9,spatial,13,0.55,0.2916204009751957,0.0037534870477008656,0.22723367697594504,0.000975784420613921,97,True
tct,9,a_ratio,13,0.55,0.26515883897725145,0.008669511353315743,0.19072164948453613,0.005647306460207743,97,False
tct,9,a_ratio,13,0.55,0.33662451817128314,0.0007480224417892617,0.25601374570446744,0.000203164735220203,97,True
tct,9,nqc,13,0.55,0.1750088056519949,0.08642754204217552,0.09493127147766325,0.1683392012081001,97,False
tct,9,nqc,13,0.55,0.267451463518675,0.00808800793467177,0.17611683848797252,0.010598840128977079,97,True
tct,9,bertQPP,13,0.55,0.3157646009503031,0.001629216044315487,0.17955326460481102,0.009173476196585428,97,False
tct,9,bertQPP,13,0.55,0.3624874011860452,0.0002635503916771758,0.2530068728522337,0.00024121095691616908,97,True
tct,9,bertQPP(QV),13,0.55,0.2778190547955274,0.005865818814607044,0.17310996563573885,0.01200419316896961,97,False
tct,9,bertQPP(QV),13,0.55,0.3354583254645474,0.0007824288162562753,0.21563573883161516,0.0017533187111864498,97,True
tct,9,spatial,13,0.6,0.16714021207772356,0.10176997538086728,0.13359106529209622,0.05255528194642074,97,False
tct,9,spatial,13,0.6,0.29383048146064467,0.0034874015347488812,0.22809278350515466,0.000933347093157991,97,True
tct,9,a_ratio,13,0.6,0.2674244186346447,0.008094662220814945,0.19587628865979384,0.004477722918252414,97,False
tct,9,a_ratio,13,0.6,0.3387248990133712,0.0006895214709435903,0.2530068728522337,0.00024121095691616908,97,True
tct,9,nqc,13,0.6,0.18074532210456112,0.07644760031199874,0.09536082474226806,0.16642177733641728,97,False
tct,9,nqc,13,0.6,0.27313285472551113,0.006792552178284674,0.17998281786941583,0.009007907605249525,97,True
tct,9,bertQPP,13,0.6,0.3280901085938926,0.0010353741040252434,0.18513745704467358,0.007219338175415614,97,False
tct,9,bertQPP,13,0.6,0.3709326249025602,0.00018383115465197644,0.26159793814432997,0.00014700123564547276,97,True
tct,9,bertQPP(QV),13,0.6,0.2932434560381715,0.003556377217250824,0.18513745704467358,0.007219338175415614,97,False
tct,9,bertQPP(QV),13,0.6,0.3453865205040224,0.0005305577447088992,0.22336769759450176,0.0011897860106094835,97,True
tct,9,spatial,13,0.65,0.1819810562464471,0.07442382016407434,0.14475945017182132,0.035674068768179766,97,False
tct,9,spatial,13,0.65,0.2965307334865779,0.003185304207125369,0.23238831615120278,0.0007456571945733053,97,True
tct,9,a_ratio,13,0.65,0.26863451499388535,0.0078015986067860085,0.1971649484536083,0.004221925130091803,97,False
tct,9,a_ratio,13,0.65,0.33959455948876494,0.0006665484930967334,0.25472508591065296,0.00021872261513442568,97,True
tct,9,nqc,13,0.65,0.18803233263521446,0.06512713260749466,0.09750859106529211,0.15708030004273185,97,False
tct,9,nqc,13,0.65,0.28022310264654626,0.005435406061969213,0.18814432989690724,0.00632984784895861,97,True
tct,9,bertQPP,13,0.65,0.3367979280876813,0.0007430260687443453,0.19759450171821308,0.0041396512632380965,97,False
tct,9,bertQPP,13,0.65,0.37600996993366465,0.00014732596662401173,0.2555841924398626,0.0002082313453780151,97,True
tct,9,bertQPP(QV),13,0.65,0.30569003732494265,0.002327515085662462,0.19201030927835053,0.00533157487845821,97,False
tct,9,bertQPP(QV),13,0.65,0.3523327850598442,0.00040119580089622133,0.2328178694158076,0.0007289565212236814,97,True
tct,9,spatial,13,0.7,0.1964222321711963,0.05381967217222854,0.15592783505154642,0.023654871935139845,97,False
tct,9,spatial,13,0.7,0.2998941515384878,0.002841947051955118,0.23496563573883167,0.0006505425158083947,97,True
tct,9,a_ratio,13,0.7,0.2690638016516468,0.007699903978945003,0.1941580756013746,0.0048406217198878375,97,False
tct,9,a_ratio,13,0.7,0.3389548202072895,0.0006833784726040053,0.25343642611683853,0.00023539388087640415,97,True
tct,9,nqc,13,0.7,0.19756714663008396,0.05240995174889729,0.10395189003436428,0.13143701983340042,97,False
tct,9,nqc,13,0.7,0.28928381712818363,0.004054414710117365,0.19458762886597944,0.004747484369155047,97,True
tct,9,bertQPP,13,0.7,0.3405578684403302,0.0006419206482876027,0.21520618556701035,0.0017908788065225548,97,False
tct,9,bertQPP,13,0.7,0.37679574489470347,0.00014231773529666352,0.2641752577319588,0.00012634244111771396,97,True
tct,9,bertQPP(QV),13,0.7,0.31373136907023985,0.0017525640959086825,0.20489690721649487,0.002946303078171719,97,False
tct,9,bertQPP(QV),13,0.7,0.35544995674770274,0.00035316720902949265,0.23969072164948454,0.0005048251929224872,97,True
tct,9,spatial,13,0.75,0.21024607935781697,0.03873377764300386,0.16022336769759454,0.02007078628569656,97,False
tct,9,spatial,13,0.75,0.30417477563127704,0.002453199748973554,0.23840206185567014,0.0005412133012575864,97,True
tct,9,a_ratio,13,0.75,0.26892533328266954,0.007732577570536676,0.19630584192439868,0.0043909374810577745,97,False
tct,9,a_ratio,13,0.75,0.336537736527901,0.0007505343475428919,0.2508591065292096,0.00027237466938260737,97,True
tct,9,nqc,13,0.75,0.2105032760854779,0.0384906823779913,0.11383161512027494,0.0985701799206937,97,False
tct,9,nqc,13,0.75,0.3011780564758457,0.00271990903116516,0.20403780068728525,0.00306822352558543,97,True
tct,9,bertQPP,13,0.75,0.3385374132861949,0.0006945680219692969,0.22723367697594504,0.000975784420613921,97,False
tct,9,bertQPP,13,0.75,0.3726913367442247,0.00017033211039562714,0.2641752577319588,0.00012634244111771396,97,True
tct,9,bertQPP(QV),13,0.75,0.3163611658555988,0.0015945472597125314,0.22594501718213064,0.0010428004886634003,97,False
tct,9,bertQPP(QV),13,0.75,0.35417934655230143,0.0003720668122521129,0.24613402061855674,0.00035469522611087794,97,True
tct,9,spatial,13,0.8,0.22324861341756289,0.02794474958060534,0.1658075601374571,0.016125841537736958,97,False
tct,9,spatial,13,0.8,0.30974112124507824,0.002019486978923276,0.2414089347079038,0.0004598488311252096,97,True
tct,9,a_ratio,13,0.8,0.26838118846128556,0.007862163634285366,0.19759450171821308,0.0041396512632380965,97,False
tct,9,a_ratio,13,0.8,0.33211593925211175,0.0008892025560893076,0.24785223367697598,0.0003223841860548392,97,True
tct,9,nqc,13,0.8,0.2288237023424317,0.0241686851050092,0.12757731958762888,0.06412770883743656,97,False
tct,9,nqc,13,0.8,0.31721915650206794,0.0015458571216896326,0.21907216494845363,0.0014779202366871586,97,True
tct,9,bertQPP,13,0.8,0.33072297059723155,0.0009375005767844305,0.23453608247422683,0.0006655682797928671,97,False
tct,9,bertQPP,13,0.8,0.363616219054006,0.0002513047806083173,0.2667525773195877,0.00010844269870482771,97,True
tct,9,bertQPP(QV),13,0.8,0.31335325235572953,0.0017764134624071654,0.2379725085910653,0.0005538759115824682,97,False
tct,9,bertQPP(QV),13,0.8,0.34841322114470663,0.00047009604391610717,0.24355670103092786,0.0004088834881762593,97,True
tct,9,spatial,13,0.85,0.23525373076166906,0.020362497033557247,0.17182130584192443,0.01265543298933369,97,False
tct,9,spatial,13,0.85,0.31706106154316654,0.001554726310364408,0.24097938144329903,0.0004707284379041492,97,True
tct,9,a_ratio,13,0.85,0.267553031656095,0.008063060510411195,0.20060137457044677,0.0036032888355043277,97,False
tct,9,a_ratio,13,0.85,0.32553599960133034,0.0011391226398016314,0.25000000000000006,0.00028586619810323126,97,True
tct,9,nqc,13,0.85,0.25589045081057854,0.011411872396928422,0.138745704467354,0.04407710548149226,97,False
tct,9,nqc,13,0.85,0.3391143791601601,0.0006791448697183901,0.23410652920962205,0.0006809162092632265,97,True
tct,9,bertQPP,13,0.85,0.3179495358822736,0.0015054748147441163,0.23324742268041243,0.0007126038672884247,97,False
tct,9,bertQPP,13,0.85,0.35006561094145916,0.00043982276066506336,0.2607388316151203,0.0001545669713814958,97,True
tct,9,bertQPP(QV),13,0.85,0.30533790862282006,0.0023561935942282355,0.23625429553264607,0.0006073368350083252,97,False
tct,9,bertQPP(QV),13,0.85,0.33854058188748065,0.0006944824528998953,0.2564432989690722,0.00019821410424194529,97,True
tct,9,spatial,13,0.9,0.2461249085776864,0.015093311697815042,0.18341924398625434,0.007776554495134835,97,False
tct,9,spatial,13,0.9,0.3262199544511831,0.001110451071666549,0.25515463917525777,0.00021341645031147517,97,True
tct,9,a_ratio,13,0.9,0.2665313308722014,0.008317129480733267,0.20575601374570449,0.0028288190417010725,97,False
tct,9,a_ratio,13,0.9,0.3167487770090053,0.0015723812207929407,0.25042955326460486,0.0002790440350017295,97,True
tct,9,nqc,13,0.9,0.295470926280333,0.0033009559688602246,0.16408934707903783,0.01726000960595295,97,False
tct,9,nqc,13,0.9,0.36667417096561333,0.00022072023337573723,0.24269759450171827,0.0004286013573495472,97,True
tct,9,bertQPP,13,0.9,0.3016110950995941,0.0026798230592722707,0.22895189003436428,0.0008926252002239728,97,False
tct,9,bertQPP,13,0.9,0.332993487607664,0.000859952373340228,0.26159793814432997,0.00014700123564547276,97,True
tct,9,bertQPP(QV),13,0.9,0.29354543532660005,0.0035207434922355403,0.22938144329896912,0.0008728876884960134,97,False
tct,9,bertQPP(QV),13,0.9,0.32534872932636494,0.0011470896307281143,0.25902061855670105,0.00017081103710396531,97,True
tct,9,spatial,13,0.95,0.2557726349163593,0.011451126585838358,0.1898625429553265,0.005867063974983271,97,False
tct,9,spatial,13,0.95,0.33263233753675725,0.000871882129897602,0.26460481099656363,0.00012317744827931967,97,True
tct,9,a_ratio,13,0.95,0.26538287686778195,0.008611108794007295,0.20489690721649487,0.002946303078171719,97,False
tct,9,a_ratio,13,0.95,0.30582880163246506,0.002316300346570573,0.24183848797250862,0.0004492042155364218,97,True
tct,9,nqc,13,0.95,0.3312149410715503,0.0009201759922925982,0.19329896907216498,0.0050318722795436996,97,False
tct,9,nqc,13,0.95,0.3800102667482834,0.00012342818434473243,0.256872852233677,0.0001933769855221948,97,True
tct,9,bertQPP,13,0.95,0.2832371653179234,0.004935553202960497,0.2169243986254296,0.001644941169576058,97,False
tct,9,bertQPP,13,0.95,0.3135776745378659,0.001762223072494917,0.2512886597938145,0.00026585493232954136,97,True
tct,9,bertQPP(QV),13,0.95,0.27939515366869644,0.005580362311842898,0.21477663230240554,0.0018291772025326055,97,False
tct,9,bertQPP(QV),13,0.95,0.3098292821405659,0.0020132135179599256,0.2491408934707904,0.00029998189638302743,97,True
tct,9,spatial,13,1.0,0.26415668034738143,0.008935041368994128,0.20103092783505158,0.0035320539175627825,97,False
tct,9,spatial,13,1.0,0.2929761315963564,0.0035881906966454854,0.2328178694158076,0.0007289565212236814,97,True
tct,9,a_ratio,13,1.0,0.26415668034738143,0.008935041368994128,0.20103092783505158,0.0035320539175627825,97,False
tct,9,a_ratio,13,1.0,0.2929761315963564,0.0035881906966454854,0.2328178694158076,0.0007289565212236814,97,True
tct,9,nqc,13,1.0,0.26415668034738143,0.008935041368994128,0.20103092783505158,0.0035320539175627825,97,False
tct,9,nqc,13,1.0,0.2929761315963564,0.0035881906966454854,0.2328178694158076,0.0007289565212236814,97,True
tct,9,bertQPP,13,1.0,0.26415668034738143,0.008935041368994128,0.20103092783505158,0.0035320539175627825,97,False
tct,9,bertQPP,13,1.0,0.2929761315963564,0.0035881906966454854,0.2328178694158076,0.0007289565212236814,97,True
tct,9,bertQPP(QV),13,1.0,0.26415668034738143,0.008935041368994128,0.20103092783505158,0.0035320539175627825,97,False
tct,9,bertQPP(QV),13,1.0,0.2929761315963564,0.0035881906966454854,0.2328178694158076,0.0007289565212236814,97,True
tct,9,spatial,14,0.0,0.013382096827883258,0.8964907995035795,0.03393470790378007,0.6224147431170471,97,False
tct,9,spatial,14,0.0,0.2806756280578976,0.005357600650554058,0.21907216494845363,0.0014779202366871586,97,True
tct,9,a_ratio,14,0.0,0.08699727737016585,0.3968143680759362,0.0584192439862543,0.3965888091618368,97,False
tct,9,a_ratio,14,0.0,0.28703017363767047,0.004364889994963118,0.22809278350515466,0.000933347093157991,97,True
tct,9,nqc,14,0.0,0.1492631279496186,0.14450956733786507,0.08719931271477664,0.2057421374120063,97,False
tct,9,nqc,14,0.0,0.24089257215590104,0.017459992874871322,0.16537800687285226,0.016403064445582434,97,True
tct,9,bertQPP,14,0.0,0.17672691352325548,0.08333551015854819,0.10137457044673541,0.14127503537333896,97,False
tct,9,bertQPP,14,0.0,0.23874077288827814,0.01852248002459105,0.16752577319587633,0.015057708996420909,97,True
tct,9,bertQPP(QV),14,0.0,0.1310712474602009,0.20065209966598066,0.05541237113402062,0.42134149715143543,97,False
tct,9,bertQPP(QV),14,0.0,0.2058321123136385,0.04310985452091257,0.12156357388316154,0.07772782073014356,97,True
tct,9,spatial,14,0.05,0.023153959902274934,0.8218905953999065,0.04123711340206186,0.5495750194028222,97,False
tct,9,spatial,14,0.05,0.28121612714427147,0.005265967551069861,0.22079037800687287,0.0013557124652369783,97,True
tct,9,a_ratio,14,0.05,0.1137994710151447,0.2670528117267214,0.08462199312714778,0.2194617374170329,97,False
tct,9,a_ratio,14,0.05,0.2918730008742393,0.003722182276853771,0.2328178694158076,0.0007289565212236814,97,True
tct,9,nqc,14,0.05,0.15042142935413877,0.1413842816346216,0.0893470790378007,0.19479398827541883,97,False
tct,9,nqc,14,0.05,0.24213479623657086,0.01687089513396311,0.1658075601374571,0.016125841537736958,97,True
tct,9,bertQPP,14,0.05,0.18544288964330016,0.06898291886123292,0.10524054982817871,0.12672143082539938,97,False
tct,9,bertQPP,14,0.05,0.24771259606109491,0.014432518256349957,0.17268041237113405,0.01221789425088413,97,True
tct,9,bertQPP(QV),14,0.05,0.13965150628455922,0.17248161907891923,0.06314432989690723,0.3595119194286538,97,False
tct,9,bertQPP(QV),14,0.05,0.21497056566452352,0.03446776456451833,0.13015463917525774,0.058933277914773506,97,True
tct,9,spatial,14,0.1,0.03353837967068268,0.7443302263730415,0.04768041237113403,0.4890022573020564,97,False
tct,9,spatial,14,0.1,0.2818117703071539,0.005166601584727361,0.22079037800687287,0.0013557124652369783,97,True
tct,9,a_ratio,14,0.1,0.14075050209748474,0.1690951263031734,0.09965635738831616,0.14814179266855426,97,False
tct,9,a_ratio,14,0.1,0.2968734320910302,0.0031486923614243486,0.2366838487972509,0.0005935388745829456,97,True
tct,9,nqc,14,0.1,0.15170791458051838,0.1379733466166564,0.0889175257731959,0.1969487085850582,97,False
tct,9,nqc,14,0.1,0.2435106698459812,0.016238530503015478,0.16451890034364264,0.016970096384742294,97,True
tct,9,bertQPP,14,0.1,0.19500863762676834,0.05560303632544682,0.11125429553264607,0.10643517898925002,97,False
tct,9,bertQPP,14,0.1,0.25740148951178543,0.01091874540705893,0.17998281786941583,0.009007907605249525,97,True
tct,9,bertQPP(QV),14,0.1,0.14912438965517752,0.14488737254548475,0.07001718213058421,0.30961588134500106,97,False
tct,9,bertQPP(QV),14,0.1,0.22485869917059864,0.026806020727772058,0.14175257731958765,0.039687194240219145,97,True
tct,9,spatial,14,0.15,0.0445532108789229,0.6647786115150488,0.050687285223367705,0.46201693847175085,97,False
tct,9,spatial,14,0.15,0.2824714006107499,0.005058509864362198,0.22079037800687287,0.0013557124652369783,97,True
tct,9,a_ratio,14,0.15,0.16672253954997468,0.10264045542824358,0.11254295532646051,0.10244263799035044,97,False
tct,9,a_ratio,14,0.15,0.3020084421112449,0.0026435092746483397,0.23625429553264607,0.0006073368350083252,97,True
tct,9,nqc,14,0.15,0.15314501396360783,0.13423729078970087,0.08805841924398626,0.2013104039967497,97,False
tct,9,nqc,14,0.15,0.24504285383741548,0.015558545781029437,0.16451890034364264,0.016970096384742294,97,True
tct,9,bertQPP,14,0.15,0.20550994581580964,0.043444742093149434,0.1202749140893471,0.08092834885233069,97,False
tct,9,bertQPP,14,0.15,0.26784470487010337,0.00799179546762482,0.1859965635738832,0.006954397086601862,97,True
tct,9,bertQPP(QV),14,0.15,0.15959559232818998,0.11840957425521868,0.0777491408934708,0.2592237212301055,97,False
tct,9,bertQPP(QV),14,0.15,0.23553999198140524,0.020205749157786678,0.15249140893470792,0.026909885175764755,97,True
tct,9,spatial,14,0.2,0.05620756454782775,0.5844910753832181,0.05884879725085912,0.3931257746774063,97,False
tct,9,spatial,14,0.2,0.2832058447402035,0.004940529605511489,0.2203608247422681,0.0013853583021557498,97,True
tct,9,a_ratio,14,0.2,0.19059299487807158,0.06148808977114195,0.11984536082474227,0.08201867152410211,97,False
tct,9,a_ratio,14,0.2,0.30724367762048627,0.0022047009164479665,0.23625429553264607,0.0006073368350083252,97,True
tct,9,nqc,14,0.2,0.15476068783224017,0.13012947954085488,0.0893470790378007,0.19479398827541883,97,False
tct,9,nqc,14,0.2,0.24675940005183328,0.014826156276324203,0.16494845360824745,0.01668446543769203,97,True
tct,9,bertQPP,14,0.2,0.21702698947877255,0.03273827978473877,0.12585910652920965,0.0677963948466897,97,False
tct,9,bertQPP,14,0.2,0.27906121472879475,0.005639792602104312,0.19544673539518906,0.0045660596694361046,97,True
tct,9,bertQPP(QV),14,0.2,0.17117257092499322,0.09366058014859376,0.08247422680412372,0.23138680179907667,97,False
tct,9,bertQPP(QV),14,0.2,0.2470409859645305,0.014708913188002378,0.16323024054982818,0.017852894393926448,97,True
tct,9,spatial,14,0.25,0.0684987004555201,0.5049817218483356,0.0657216494845361,0.340237883454913,97,False
tct,9,spatial,14,0.25,0.2840284969440239,0.004811292929611138,0.22079037800687287,0.0013557124652369783,97,True
tct,9,a_ratio,14,0.25,0.21146840439513354,0.037589818922032704,0.13445017182130586,0.05105421646643944,97,False
tct,9,a_ratio,14,0.25,0.312530183358699,0.0018293458193762845,0.23883161512027495,0.0005288208236189078,97,True
tct,9,nqc,14,0.25,0.15659023185211723,0.12559459998973138,0.0893470790378007,0.19479398827541883,97,False
tct,9,nqc,14,0.25,0.24869544061176074,0.014036165610893606,0.1670962199312715,0.015318729327102553,97,True
tct,9,bertQPP,14,0.25,0.2296217765465528,0.02366550594600984,0.13359106529209622,0.05255528194642074,97,False
tct,9,bertQPP,14,0.25,0.29103819548749976,0.0038265385063496193,0.202319587628866,0.003325969220576063,97,True
tct,9,bertQPP(QV),14,0.25,0.1839543749639725,0.07128161924420476,0.09106529209621994,0.18634796497677564,97,False
tct,9,bertQPP(QV),14,0.25,0.2593582145615197,0.010307924081736971,0.17139175257731962,0.012879359856548544,97,True
tct,9,spatial,14,0.3,0.08140851025563534,0.42795041875165934,0.07044673539518902,0.3066570724911982,97,False
tct,9,spatial,14,0.3,0.2849561195483602,0.004669183869522802,0.22079037800687287,0.0013557124652369783,97,True
tct,9,a_ratio,14,0.3,0.22884307929243108,0.024156360835606835,0.15335051546391754,0.026061836085581373,97,False
tct,9,a_ratio,14,0.3,0.31780051556670574,0.0015136355664366707,0.2439862542955327,0.0003993454119661632,97,True
tct,9,nqc,14,0.3,0.15867883348906697,0.12056684787935153,0.09149484536082475,0.1842793810224047,97,False
tct,9,nqc,14,0.3,0.2508955471355334,0.013183040736038425,0.1679553264604811,0.014800614099959652,97,True
tct,9,bertQPP,14,0.3,0.24331703716565492,0.01632626754880279,0.14604810996563578,0.03406318246416719,97,False
tct,9,bertQPP,14,0.3,0.30371125240218433,0.0024928496673265756,0.21520618556701035,0.0017908788065225548,97,True
tct,9,bertQPP(QV),14,0.3,0.198013292111125,0.0518689088506994,0.10051546391752579,0.14467719951816677,97,False
tct,9,bertQPP(QV),14,0.3,0.2724391607205361,0.006940208398450555,0.18084192439862545,0.008684754281086702,97,True
tct,9,spatial,14,0.35,0.09489976988505466,0.35516007714107806,0.08032646048109966,0.24376503221542667,97,False
tct,9,spatial,14,0.35,0.28600995827457143,0.0045122863453255545,0.22207903780068733,0.0012702502748310276,97,True
tct,9,a_ratio,14,0.35,0.2426313967730392,0.0166402418862988,0.1701030927835052,0.013572314777054699,97,False
tct,9,a_ratio,14,0.35,0.32296432145019455,0.0012530556238726752,0.2491408934707904,0.00029998189638302743,97,True
tct,9,nqc,14,0.35,0.16108526772568382,0.11496782653301038,0.09020618556701032,0.1905365207922204,97,False
tct,9,nqc,14,0.35,0.25341708668032437,0.012261085028912056,0.16967353951890035,0.013810511589466142,97,True
tct,9,bertQPP,14,0.35,0.25806256638505065,0.010708930454779568,0.15678694158075604,0.022896601370035064,97,False
tct,9,bertQPP,14,0.35,0.3169368410235057,0.0015617274509000614,0.2203608247422681,0.0013853583021557498,97,True
tct,9,bertQPP(QV),14,0.35,0.21336387904081885,0.03587189514224114,0.10910652920962201,0.11336246240953972,97,False
tct,9,bertQPP(QV),14,0.35,0.2861559148267588,0.004490930773092201,0.1911512027491409,0.005540236417616152,97,True
tct,9,spatial,14,0.4,0.10891247523899646,0.2882717633944577,0.08719931271477664,0.2057421374120063,97,False
tct,9,spatial,14,0.4,0.2872173237214317,0.0043383224491673825,0.2255154639175258,0.0010660691222714972,97,True
tct,9,a_ratio,14,0.4,0.2530850183020264,0.012379192666658928,0.1782646048109966,0.009686599012848096,97,False
tct,9,a_ratio,14,0.4,0.32790362865549383,0.00104264721051157,0.2521477663230241,0.0002532519652694692,97,True
tct,9,nqc,14,0.4,0.16388736465813425,0.10870427054512735,0.0889175257731959,0.1969487085850582,97,False
tct,9,nqc,14,0.4,0.2563350928791523,0.011264782415189491,0.16838487972508595,0.01454739544260673,97,True
tct,9,bertQPP,14,0.4,0.2736848907138104,0.0066770407006969245,0.16151202749140894,0.01909240321886764,97,False
tct,9,bertQPP,14,0.4,0.33045638913097547,0.0009470118814307926,0.22293814432989695,0.0012160687743494618,97,True
tct,9,bertQPP(QV),14,0.4,0.22991417386071497,0.02348340427677382,0.12371134020618559,0.07262323979726368,97,False
tct,9,bertQPP(QV),14,0.4,0.30027135004294336,0.00280559291887444,0.19587628865979384,0.004477722918252414,97,True
tct,9,spatial,14,0.45,0.12336073032248944,0.22866063478030568,0.09750859106529211,0.15708030004273185,97,False
tct,9,spatial,14,0.45,0.2886138768476106,0.00414458212639833,0.22723367697594504,0.000975784420613921,97,True
tct,9,a_ratio,14,0.45,0.2606564419476691,0.009919371696744575,0.18127147766323026,0.008527096049992753,97,False
tct,9,a_ratio,14,0.45,0.33246834963959493,0.0008773487741212245,0.2555841924398626,0.0002082313453780151,97,True
tct,9,nqc,14,0.45,0.16719031106663562,0.10166595269303497,0.08848797250859108,0.19912082868170233,97,False
tct,9,nqc,14,0.45,0.2597494944659354,0.010189436394287654,0.16752577319587633,0.015057708996420909,97,True
tct,9,bertQPP,14,0.45,0.2898186787401137,0.003983689766715756,0.15807560137457047,0.021798803662876853,97,False
tct,9,bertQPP,14,0.45,0.34385463493457574,0.0005638037593033876,0.23883161512027495,0.0005288208236189078,97,True
tct,9,bertQPP(QV),14,0.45,0.24739541408204535,0.014562484770442578,0.13702749140893475,0.046764860648197036,97,False
tct,9,bertQPP(QV),14,0.45,0.31440065456191535,0.0017110586674419833,0.20403780068728525,0.00306822352558543,97,True
tct,9,spatial,14,0.5,0.13813080277191447,0.17724954236178164,0.10180412371134022,0.13959717520298046,97,False
tct,9,spatial,14,0.5,0.2902469994073052,0.003927849784446086,0.2298109965635739,0.0008535554716530555,97,True
tct,9,a_ratio,14,0.5,0.2658702586293157,0.008485251348017982,0.1868556701030928,0.006698222213035896,97,False
tct,9,a_ratio,14,0.5,0.3364728757011702,0.000752416783212581,0.25601374570446744,0.000203164735220203,97,True
tct,9,nqc,14,0.5,0.17113962821502104,0.09372469940767579,0.08977663230240551,0.19265661141875967,97,False
tct,9,nqc,14,0.5,0.2637961029007965,0.009032313137883276,0.1701030927835052,0.013572314777054699,97,True
tct,9,bertQPP,14,0.5,0.30582707893140404,0.002316439273819416,0.17396907216494847,0.011586707769612953,97,False
tct,9,bertQPP,14,0.5,0.35652092216043396,0.00033792774960491294,0.2405498281786942,0.0004818477915141724,97,True
tct,9,bertQPP(QV),14,0.5,0.2652741821597159,0.008639400141930213,0.15034364261168387,0.02913493133073165,97,False
tct,9,bertQPP(QV),14,0.5,0.3279769606218721,0.0010397815790571608,0.21219931271477666,0.0020752134680172376,97,True
tct,9,spatial,14,0.55,0.15308104866946615,0.134401928485396,0.11597938144329899,0.09237668593402237,97,False
tct,9,spatial,14,0.55,0.2921808698047834,0.0036843439221324542,0.2285223367697595,0.0009127757207962206,97,True
tct,9,a_ratio,14,0.55,0.2692337249816686,0.007659974570114823,0.19329896907216498,0.0050318722795436996,97,False
tct,9,a_ratio,14,0.55,0.3396950924595521,0.0006639384652736189,0.2564432989690722,0.00019821410424194529,97,True
tct,9,nqc,14,0.55,0.17594213743768758,0.08473672956201188,0.09364261168384881,0.17419095096502246,97,False
tct,9,nqc,14,0.55,0.26866374720415287,0.007794636342693273,0.17611683848797252,0.010598840128977079,97,True
tct,9,bertQPP,14,0.55,0.3207373088706957,0.0013599802466670596,0.18513745704467358,0.007219338175415614,97,False
tct,9,bertQPP,14,0.55,0.3676320575463233,0.0002118714926757034,0.25429553264604815,0.00022415245533308512,97,True
tct,9,bertQPP(QV),14,0.55,0.282669816194923,0.0050263920397602005,0.16881443298969073,0.014298004272030715,97,False
tct,9,bertQPP(QV),14,0.55,0.3402385842253274,0.000649989592813999,0.22207903780068733,0.0012702502748310276,97,True
tct,9,spatial,14,0.6,0.16804437384284848,0.09990541063915628,0.13316151202749144,0.05331954320676675,97,False
tct,9,spatial,14,0.6,0.2945042643147579,0.0034097103869686076,0.22766323024054988,0.0009543472910132449,97,True
tct,9,a_ratio,14,0.6,0.27118969315838387,0.00721333390653231,0.19587628865979384,0.004477722918252414,97,False
tct,9,a_ratio,14,0.6,0.3418795981934455,0.0006094838600065506,0.2573024054982818,0.0001886509599840551,97,True
tct,9,nqc,14,0.6,0.18190109743805188,0.07455345285002218,0.09536082474226806,0.16642177733641728,97,False
tct,9,nqc,14,0.6,0.27462170056777496,0.006484989441928774,0.18041237113402064,0.008845012615594157,97,True
tct,9,bertQPP,14,0.6,0.33324624717762696,0.000851691852384484,0.1902920962199313,0.005756239608165468,97,False
tct,9,bertQPP,14,0.6,0.37618580084028197,0.0001461913109874961,0.2684707903780069,9.786936882852283e-05,97,True
tct,9,bertQPP(QV),14,0.6,0.2983313187697735,0.0029971233135219913,0.186426116838488,0.006825229731210832,97,False
tct,9,bertQPP(QV),14,0.6,0.3502636801963185,0.00043631673508738366,0.22809278350515466,0.000933347093157991,97,True
tct,9,spatial,14,0.65,0.18283368377035067,0.07305274420746753,0.14046391752577322,0.04152093691345949,97,False
tct,9,spatial,14,0.65,0.2973427415466547,0.0030991666557628824,0.23195876288659797,0.0007627126312502382,97,True
tct,9,a_ratio,14,0.65,0.2721008426630601,0.007013244950150933,0.19286941580756015,0.005130036782382208,97,False
tct,9,a_ratio,14,0.65,0.34274714099236414,0.0005890167264533698,0.2573024054982818,0.0001886509599840551,97,True
tct,9,nqc,14,0.65,0.18947751063919788,0.06305244029327518,0.09664948453608249,0.16076803875264556,97,False
tct,9,nqc,14,0.65,0.2820646145776745,0.005124928327256247,0.18943298969072167,0.005979808014005902,97,True
tct,9,bertQPP,14,0.65,0.3418691904983448,0.0006097333045322024,0.19931271477663232,0.003824903963020039,97,False
tct,9,bertQPP,14,0.65,0.3811152707066305,0.00011749150685555062,0.2624570446735396,0.00013978519828252247,97,True
tct,9,bertQPP(QV),14,0.65,0.31075443238398115,0.001948433954120472,0.20317869415807563,0.0031947282487263706,97,False
tct,9,bertQPP(QV),14,0.65,0.3570768741604725,0.00033025768895250716,0.23582474226804126,0.000621432826309228,97,True
tct,9,spatial,14,0.7,0.19725035581214484,0.05279693795762885,0.1443298969072165,0.03622527510674091,97,False
tct,9,spatial,14,0.7,0.3008777127712501,0.0027480273307649845,0.23582474226804126,0.000621432826309228,97,True
tct,9,a_ratio,14,0.7,0.27225205154684506,0.006980518244040083,0.19286941580756015,0.005130036782382208,97,False
tct,9,a_ratio,14,0.7,0.34201198009362466,0.0006063191643619244,0.2555841924398626,0.0002082313453780151,97,True
tct,9,nqc,14,0.7,0.19940160437488175,0.05021464102717723,0.10180412371134022,0.13959717520298046,97,False
tct,9,nqc,14,0.7,0.291586973066627,0.003757647371643491,0.19587628865979384,0.004477722918252414,97,True
tct,9,bertQPP,14,0.7,0.3452690482989679,0.0005330420983512733,0.21864261168384883,0.0015100189795415188,97,False
tct,9,bertQPP,14,0.7,0.38149135138669554,0.000115532200536588,0.2680412371134021,0.00010041746330816103,97,True
tct,9,bertQPP(QV),14,0.7,0.3184932361321211,0.0014760374467369221,0.20274914089347082,0.003259747042536618,97,False
tct,9,bertQPP(QV),14,0.7,0.3598296447260122,0.000294587507424207,0.2414089347079038,0.0004598488311252096,97,True
tct,9,spatial,14,0.75,0.2110951915971788,0.037936064609603276,0.15678694158075604,0.022896601370035064,97,False
tct,9,spatial,14,0.75,0.3053750210773675,0.002353156096893338,0.24012027491408938,0.0004932117335580638,97,True
tct,9,a_ratio,14,0.75,0.271860954997217,0.0070654429658252365,0.1941580756013746,0.0048406217198878375,97,False
tct,9,a_ratio,14,0.75,0.33940765278304763,0.0006714259121545412,0.2508591065292096,0.00027237466938260737,97,True
tct,9,nqc,14,0.75,0.21288243769229553,0.036301872729307946,0.10996563573883163,0.110550087489207,97,False
tct,9,nqc,14,0.75,0.30410268580550304,0.0024593288015887812,0.20403780068728525,0.00306822352558543,97,True
tct,9,bertQPP,14,0.75,0.3426822943761938,0.0005905245394055194,0.22680412371134026,0.0009976667225656776,97,False
tct,9,bertQPP,14,0.75,0.376767216035899,0.00014249677235736495,0.2684707903780069,9.786936882852283e-05,97,True
tct,9,bertQPP(QV),14,0.75,0.3205990833643408,0.0013668821048301533,0.21606529209621997,0.0017164841150655054,97,False
tct,9,bertQPP(QV),14,0.75,0.35801067014384247,0.00031773463718411007,0.25000000000000006,0.00028586619810323126,97,True
tct,9,spatial,14,0.8,0.2241807031264765,0.0272806326752492,0.1589347079037801,0.021092644173514117,97,False
tct,9,spatial,14,0.8,0.3112185980981772,0.0019166475009749317,0.2414089347079038,0.0004598488311252096,97,True
tct,9,a_ratio,14,0.8,0.2710907294480276,0.007235367048244017,0.19888316151202753,0.0039014834427261624,97,False
tct,9,a_ratio,14,0.8,0.3347193189600395,0.0008049737808928997,0.25816151202749144,0.00017952274646223222,97,True
tct,9,nqc,14,0.8,0.23199791824977897,0.022219998881669593,0.1254295532646048,0.06874005870255491,97,False
tct,9,nqc,14,0.8,0.32099946130464835,0.0013469773062212897,0.21606529209621997,0.0017164841150655054,97,True
tct,9,bertQPP,14,0.8,0.3342223244510128,0.0008204675829395101,0.23453608247422683,0.0006655682797928671,97,False
tct,9,bertQPP,14,0.8,0.36696429602719194,0.0002180047296503771,0.2689003436426117,9.538240628081039e-05,97,True
tct,9,bertQPP(QV),14,0.8,0.31696575263628246,0.0015600954298367064,0.23238831615120278,0.0007456571945733053,97,False
tct,9,bertQPP(QV),14,0.8,0.35160046319313737,0.00041331764646245384,0.25472508591065296,0.00021872261513442568,97,True
tct,9,spatial,14,0.85,0.23634314014339564,0.019771489473968194,0.17225085910652924,0.012434959394241826,97,False
tct,9,spatial,14,0.85,0.318889610720554,0.001454906702522406,0.24742268041237117,0.00033019314561040996,97,True
tct,9,a_ratio,14,0.85,0.2700621476343438,0.007467912014364832,0.20060137457044677,0.0036032888355043277,97,False
tct,9,a_ratio,14,0.85,0.32781783156834415,0.0010460090754276508,0.25429553264604815,0.00022415245533308512,97,True
tct,9,nqc,14,0.85,0.260251457105122,0.010039180021192399,0.13745704467353953,0.04608031263937092,97,False
tct,9,nqc,14,0.85,0.3440546366245971,0.0005593574171664042,0.23024054982817874,0.0008346209629654949,97,True
tct,9,bertQPP,14,0.85,0.3208565350020038,0.0013540524887496821,0.22766323024054988,0.0009543472910132449,97,False
tct,9,bertQPP,14,0.85,0.3526986007650534,0.0003952637899084159,0.2676116838487973,0.00010302809096628477,97,True
tct,9,bertQPP(QV),14,0.85,0.3083546108293521,0.0021204994968328987,0.23024054982817874,0.0008346209629654949,97,False
tct,9,bertQPP(QV),14,0.85,0.34109044909038166,0.000628665034149732,0.2607388316151203,0.0001545669713814958,97,True
tct,9,spatial,14,0.9,0.247452553420888,0.014538996999693575,0.17182130584192443,0.01265543298933369,97,False
tct,9,spatial,14,0.9,0.3284429478026968,0.001021738909799156,0.2508591065292096,0.00027237466938260737,97,True
tct,9,a_ratio,14,0.9,0.2688637648620114,0.007747144744428466,0.19802405498281792,0.004058834798972484,97,False
tct,9,a_ratio,14,0.9,0.31868807410745703,0.0014656160978452474,0.2517182130584193,0.00025948171452482385,97,True
tct,9,nqc,14,0.9,0.3013742342823279,0.0027016827206192686,0.15635738831615123,0.02327305567367708,97,False
tct,9,nqc,14,0.9,0.37285629925286756,0.0001691141807198085,0.24355670103092786,0.0004088834881762593,97,True
tct,9,bertQPP,14,0.9,0.3040668211783304,0.002462383133260189,0.21907216494845363,0.0014779202366871586,97,False
tct,9,bertQPP,14,0.9,0.33502478531222396,0.0007955839197742974,0.2628865979381444,0.00013630357600274067,97,True
tct,9,bertQPP(QV),14,0.9,0.29608705368188915,0.0032332712180424537,0.22465635738831619,0.0011140538745299275,97,False
tct,9,bertQPP(QV),14,0.9,0.3273531102173267,0.0010643907948308373,0.2603092783505155,0.00015848586196658186,97,True
tct,9,spatial,14,0.95,0.25741948716279084,0.010912985987757308,0.17697594501718217,0.010225152665271457,97,False
tct,9,spatial,14,0.95,0.334981528701606,0.0007969074954443999,0.2607388316151203,0.0001545669713814958,97,True
tct,9,a_ratio,14,0.95,0.26756003167592307,0.008061343647546985,0.1941580756013746,0.0048406217198878375,97,False
tct,9,a_ratio,14,0.95,0.30744351764828837,0.002189335462752037,0.24269759450171827,0.0004286013573495472,97,True
tct,9,nqc,14,0.95,0.33694905085509175,0.0007386967357120392,0.19286941580756015,0.005130036782382208,97,False
tct,9,nqc,14,0.95,0.3855071656203486,9.641902883228418e-05,0.2564432989690722,0.00019821410424194529,97,True
tct,9,bertQPP,14,0.95,0.2854100987383002,0.004601008260826028,0.21219931271477666,0.0020752134680172376,97,False
tct,9,bertQPP,14,0.95,0.31517657767711343,0.001664055048436046,0.24699312714776633,0.0003381788389163567,97,True
tct,9,bertQPP(QV),14,0.95,0.2816153769082491,0.0051991783741932324,0.20360824742268044,0.003130893451622874,97,False
tct,9,bertQPP(QV),14,0.95,0.31142860767113323,0.0019024204496466853,0.24785223367697598,0.0003223841860548392,97,True
tct,9,spatial,14,1.0,0.2661975349973266,0.008401649289439048,0.1898625429553265,0.005867063974983271,97,False
tct,9,spatial,14,1.0,0.29432149994323226,0.0034306294557398882,0.22594501718213064,0.0010428004886634003,97,True
tct,9,a_ratio,14,1.0,0.2661975349973266,0.008401649289439048,0.1898625429553265,0.005867063974983271,97,False
tct,9,a_ratio,14,1.0,0.29432149994323226,0.0034306294557398882,0.22594501718213064,0.0010428004886634003,97,True
tct,9,nqc,14,1.0,0.2661975349973266,0.008401649289439048,0.1898625429553265,0.005867063974983271,97,False
tct,9,nqc,14,1.0,0.29432149994323226,0.0034306294557398882,0.22594501718213064,0.0010428004886634003,97,True
tct,9,bertQPP,14,1.0,0.2661975349973266,0.008401649289439048,0.1898625429553265,0.005867063974983271,97,False
tct,9,bertQPP,14,1.0,0.29432149994323226,0.0034306294557398882,0.22594501718213064,0.0010428004886634003,97,True
tct,9,bertQPP(QV),14,1.0,0.2661975349973266,0.008401649289439048,0.1898625429553265,0.005867063974983271,97,False
tct,9,bertQPP(QV),14,1.0,0.29432149994323226,0.0034306294557398882,0.22594501718213064,0.0010428004886634003,97,True
tct,9,spatial,15,0.0,0.013382096827883258,0.8964907995035795,0.03393470790378007,0.6224147431170471,97,False
tct,9,spatial,15,0.0,0.2806756280578976,0.005357600650554058,0.21907216494845363,0.0014779202366871586,97,True
tct,9,a_ratio,15,0.0,0.08699727737016585,0.3968143680759362,0.0584192439862543,0.3965888091618368,97,False
tct,9,a_ratio,15,0.0,0.28703017363767047,0.004364889994963118,0.22809278350515466,0.000933347093157991,97,True
tct,9,nqc,15,0.0,0.1492631279496186,0.14450956733786507,0.08719931271477664,0.2057421374120063,97,False
tct,9,nqc,15,0.0,0.24089257215590104,0.017459992874871322,0.16537800687285226,0.016403064445582434,97,True
tct,9,bertQPP,15,0.0,0.17672691352325548,0.08333551015854819,0.10137457044673541,0.14127503537333896,97,False
tct,9,bertQPP,15,0.0,0.23874077288827814,0.01852248002459105,0.16752577319587633,0.015057708996420909,97,True
tct,9,bertQPP(QV),15,0.0,0.1310712474602009,0.20065209966598066,0.05541237113402062,0.42134149715143543,97,False
tct,9,bertQPP(QV),15,0.0,0.2058321123136385,0.04310985452091257,0.12156357388316154,0.07772782073014356,97,True
tct,9,spatial,15,0.05,0.023652121836832195,0.8181238571977535,0.04123711340206186,0.5495750194028222,97,False
tct,9,spatial,15,0.05,0.28124331408486203,0.005261395456322274,0.22079037800687287,0.0013557124652369783,97,True
tct,9,a_ratio,15,0.05,0.11481984440871273,0.2627594116077828,0.08419243986254298,0.22181074839562664,97,False
tct,9,a_ratio,15,0.05,0.29202629307177275,0.003703298803407925,0.23324742268041243,0.0007126038672884247,97,True
tct,9,nqc,15,0.05,0.15043158991374106,0.14135709478553166,0.08977663230240551,0.19265661141875967,97,False
tct,9,nqc,15,0.05,0.24212315922782238,0.016876333058218895,0.16537800687285226,0.016403064445582434,97,True
tct,9,bertQPP,15,0.05,0.185657741460571,0.06865613106166556,0.10567010309278352,0.12517917667351905,97,False
tct,9,bertQPP,15,0.05,0.24778585752927962,0.014402642600452781,0.17439862542955328,0.011382836808156348,97,True
tct,9,bertQPP(QV),15,0.05,0.13989821818901202,0.1717170791441711,0.06142611683848798,0.37273483374323335,97,False
tct,9,bertQPP(QV),15,0.05,0.21508636114937446,0.034368378039113634,0.12972508591065296,0.0597739314027888,97,True
tct,9,spatial,15,0.1,0.03463746802856239,0.7362539683309924,0.04810996563573884,0.4850959502795227,97,False
tct,9,spatial,15,0.1,0.28186931335305,0.00515709106667646,0.22079037800687287,0.0013557124652369783,97,True
tct,9,a_ratio,15,0.1,0.14289922164654117,0.1626162032765568,0.1009450171821306,0.14296835148549844,97,False
tct,9,a_ratio,15,0.1,0.29721144122579946,0.0031129517284458476,0.23539518900343648,0.0006358327263393619,97,True
tct,9,nqc,15,0.1,0.1517289223114074,0.1379181702107152,0.0889175257731959,0.1969487085850582,97,False
tct,9,nqc,15,0.1,0.24348585492815805,0.01624975158121806,0.16537800687285226,0.016403064445582434,97,True
tct,9,bertQPP,15,0.1,0.1954651246521183,0.055021919099050264,0.11254295532646051,0.10244263799035044,97,False
tct,9,bertQPP,15,0.1,0.2575593876046903,0.010868307039488033,0.18041237113402064,0.008845012615594157,97,True
tct,9,bertQPP(QV),15,0.1,0.14964542149489835,0.14347236912957542,0.07130584192439864,0.3007958300881056,97,False
tct,9,bertQPP(QV),15,0.1,0.22510527045097584,0.026635164175274395,0.14132302405498284,0.040290653027956765,97,True
tct,9,spatial,15,0.15,0.04637023982629507,0.6519778623797987,0.054553264604811004,0.4285767645779882,97,False
tct,9,spatial,15,0.15,0.28256305442423346,0.005043651106296369,0.22079037800687287,0.0013557124652369783,97,True
tct,9,a_ratio,15,0.15,0.17017702351775418,0.09561364461176276,0.11469072164948456,0.0960541193445157,97,False
tct,9,a_ratio,15,0.15,0.3025703117866511,0.0025929150300509885,0.2366838487972509,0.0005935388745829456,97,True
tct,9,nqc,15,0.15,0.1531776007605273,0.1341534759763576,0.08977663230240551,0.19265661141875967,97,False
tct,9,nqc,15,0.15,0.24500301720430828,0.015575908121763873,0.16494845360824745,0.01668446543769203,97,True
tct,9,bertQPP,15,0.15,0.20624310950568023,0.042685747848675154,0.12113402061855671,0.07878300963914868,97,False
tct,9,bertQPP,15,0.15,0.26810526622792497,0.007928602024566354,0.18771477663230243,0.006450561996249079,97,True
tct,9,bertQPP(QV),15,0.15,0.16042595550499975,0.1164814252694341,0.07474226804123713,0.2781012070168114,97,False
tct,9,bertQPP(QV),15,0.15,0.2359391920314705,0.01998888995610106,0.15378006872852237,0.025646544632394585,97,True
tct,9,spatial,15,0.2,0.05887366615586619,0.5667674186192487,0.06314432989690723,0.3595119194286538,97,False
tct,9,spatial,15,0.2,0.2833361023241999,0.0049198627848425535,0.22079037800687287,0.0013557124652369783,97,True
tct,9,a_ratio,15,0.2,0.19557712741562225,0.054880101185676204,0.12800687285223372,0.06323660544752113,97,False
tct,9,a_ratio,15,0.2,0.30807807131679854,0.002141183581582091,0.23711340206185572,0.000580033168540485,97,True
tct,9,nqc,15,0.2,0.15480562432243514,0.13001661765392541,0.09020618556701032,0.1905365207922204,97,False
tct,9,nqc,15,0.2,0.24670231552978422,0.014850022933042164,0.16494845360824745,0.01668446543769203,97,True
tct,9,bertQPP,15,0.2,0.21808394681530677,0.03187819538139195,0.12800687285223372,0.06323660544752113,97,False
tct,9,bertQPP,15,0.2,0.27945273560186584,0.00557017099565957,0.202319587628866,0.003325969220576063,97,True
tct,9,bertQPP(QV),15,0.2,0.1723580151690824,0.09137620177600392,0.08376288659793817,0.22417771625382632,97,False
tct,9,bertQPP(QV),15,0.2,0.2476250436226689,0.014468292226652019,0.16237113402061856,0.018463547347092265,97,True
tct,9,spatial,15,0.25,0.07215788067606475,0.4824446114713988,0.07130584192439864,0.3007958300881056,97,False
tct,9,spatial,15,0.25,0.28420279551641947,0.004784300678219809,0.22079037800687287,0.0013557124652369783,97,True
tct,9,a_ratio,15,0.25,0.21820128941473121,0.03178389599794647,0.14003436426116841,0.04214791401843269,97,False
tct,9,a_ratio,15,0.25,0.3136973808049976,0.0017546959636084367,0.24312714776632308,0.0004186340215940853,97,True
tct,9,nqc,15,0.25,0.1566483133195187,0.12545264452776944,0.09063573883161513,0.18843365829791547,97,False
tct,9,nqc,15,0.25,0.24861839412952574,0.014066891035496229,0.1670962199312715,0.015318729327102553,97,True
tct,9,bertQPP,15,0.25,0.2310674215930476,0.022776797077621844,0.13917525773195877,0.0434259212403691,97,False
tct,9,bertQPP,15,0.25,0.29160454288330606,0.003755460178052261,0.20876288659793818,0.0024505203740822256,97,True
tct,9,bertQPP(QV),15,0.25,0.1855564410654458,0.06881005177436425,0.093213058419244,0.17617491386576734,97,False
tct,9,bertQPP(QV),15,0.25,0.26017479677318345,0.01006200096423707,0.17568728522336774,0.01079019991112942,97,True
tct,9,spatial,15,0.3,0.08621483763752967,0.40109064822466617,0.07603092783505157,0.269899250718855,97,False
tct,9,spatial,15,0.3,0.2851811230137309,0.004635282644268026,0.2216494845360825,0.001298168853613724,97,True
tct,9,a_ratio,15,0.3,0.2374810643342516,0.019169961489414005,0.1585051546391753,0.021443192891173694,97,False
tct,9,a_ratio,15,0.3,0.31937475759766915,0.0014294170720880249,0.25343642611683853,0.00023539388087640415,97,True
tct,9,nqc,15,0.3,0.15875085316562165,0.1203962864854874,0.0889175257731959,0.1969487085850582,97,False
tct,9,nqc,15,0.3,0.25079519501243663,0.013220948440736773,0.16752577319587633,0.015057708996420909,97,True
tct,9,bertQPP,15,0.3,0.24524239344914908,0.01547183070109261,0.147766323024055,0.03201236643126749,97,False
tct,9,bertQPP,15,0.3,0.30451938610806195,0.0024240906882907914,0.21864261168384883,0.0015100189795415188,97,True
tct,9,bertQPP(QV),15,0.3,0.200116855708732,0.049379505152931,0.10395189003436428,0.13143701983340042,97,False
tct,9,bertQPP(QV),15,0.3,0.27355843792556006,0.006703345925004653,0.18384879725085912,0.0076337511300162714,97,True
tct,9,spatial,15,0.35,0.10101251424948876,0.32487868960227145,0.09020618556701032,0.1905365207922204,97,False
tct,9,spatial,15,0.35,0.28629395295518256,0.004470816741141845,0.22207903780068733,0.0012702502748310276,97,True
tct,9,a_ratio,15,0.35,0.25322978624820636,0.012327581297304492,0.16752577319587633,0.015057708996420909,97,False
tct,9,a_ratio,15,0.35,0.3250362730108409,0.001160495270620675,0.2525773195876289,0.00024716269151633816,97,True
tct,9,nqc,15,0.35,0.16117196890076152,0.11476992260201029,0.08848797250859108,0.19912082868170233,97,False
tct,9,nqc,15,0.35,0.253289263323854,0.01230643148764085,0.16924398625429557,0.01405239227763608,97,True
tct,9,bertQPP,15,0.35,0.2605965630386837,0.00993700657462972,0.1550687285223368,0.024434836082135623,97,False
tct,9,bertQPP,15,0.35,0.3180869751625571,0.0014979836500609326,0.22723367697594504,0.000975784420613921,97,True
tct,9,bertQPP(QV),15,0.35,0.2160880482195913,0.03351865213374877,0.10953608247422682,0.11194930892644765,97,False
tct,9,bertQPP(QV),15,0.35,0.2876799022495205,0.004273273445791086,0.19286941580756015,0.005130036782382208,97,True
tct,9,spatial,15,0.4,0.11648877594948823,0.25583866094442365,0.10051546391752579,0.14467719951816677,97,False
tct,9,spatial,15,0.4,0.28757078606254993,0.004288538707265427,0.22379725085910657,0.0011640289366746655,97,True
tct,9,a_ratio,15,0.4,0.2655922568804363,0.00855684042310722,0.18084192439862545,0.008684754281086702,97,False
tct,9,a_ratio,15,0.4,0.33058269642924304,0.0009424944789363213,0.25859106529209624,0.00017511595223064058,97,True
tct,9,nqc,15,0.4,0.1639893571677912,0.10848140019962368,0.08634020618556702,0.2102443337075397,97,False
tct,9,nqc,15,0.4,0.25617454755847857,0.011317699449969541,0.17139175257731962,0.012879359856548544,97,True
tct,9,bertQPP,15,0.4,0.27700981378372475,0.006017358351522365,0.16237113402061856,0.018463547347092265,97,False
tct,9,bertQPP,15,0.4,0.3320946616053627,0.0008899229123500024,0.23582474226804126,0.000621432826309228,97,True
tct,9,bertQPP(QV),15,0.4,0.23342704989568663,0.021387520208357554,0.12328178694158079,0.07362159410235054,97,False
tct,9,bertQPP(QV),15,0.4,0.30234519618521516,0.002613080291242725,0.19931271477663232,0.003824903963020039,97,True
tct,9,spatial,15,0.45,0.13254558096756008,0.1955901032991351,0.10953608247422682,0.11194930892644765,97,False
tct,9,spatial,15,0.45,0.289050310287422,0.004085641542926862,0.2255154639175258,0.0010660691222714972,97,True
tct,9,a_ratio,15,0.45,0.2749350587360152,0.006421849560275503,0.18943298969072167,0.005979808014005902,97,False
tct,9,a_ratio,15,0.45,0.3358843964422962,0.0007696942255318963,0.2594501718213059,0.00016660580916833792,97,True
tct,9,nqc,15,0.45,0.16730792761258279,0.10142206777191091,0.0889175257731959,0.1969487085850582,97,False
tct,9,nqc,15,0.45,0.25954952941060216,0.01024984004516912,0.17139175257731962,0.012879359856548544,97,True
tct,9,bertQPP,15,0.45,0.29418774923594326,0.003446011231790811,0.1666666666666667,0.01558372473088864,97,False
tct,9,bertQPP,15,0.45,0.3461867595961983,0.0005139144590499174,0.24656357388316158,0.0003463449485504128,97,True
tct,9,bertQPP(QV),15,0.45,0.2519316910075034,0.012797136874400273,0.13788659793814437,0.04540422310195199,97,False
tct,9,bertQPP(QV),15,0.45,0.31722416146098037,0.0015455770918024036,0.21864261168384883,0.0015100189795415188,97,True
tct,9,spatial,15,0.5,0.14904453775368276,0.14510515864544035,0.12242268041237117,0.07565197367789964,97,False
tct,9,spatial,15,0.5,0.29078420749555123,0.0038588036272341336,0.22766323024054988,0.0009543472910132449,97,True
tct,9,a_ratio,15,0.5,0.2817296326942925,0.005180204028552918,0.1941580756013746,0.0048406217198878375,97,False
tct,9,a_ratio,15,0.5,0.3407766197314037,0.0006364454054073384,0.2603092783505155,0.00015848586196658186,97,True
tct,9,nqc,15,0.5,0.17127267879489366,0.09346594397324318,0.0889175257731959,0.1969487085850582,97,False
tct,9,nqc,15,0.5,0.2635480783459209,0.00909976086608295,0.17353951890034366,0.011793812186781842,97,True
tct,9,bertQPP,15,0.5,0.3115784112443686,0.0018923304352961613,0.17955326460481102,0.009173476196585428,97,False
tct,9,bertQPP,15,0.5,0.35982261085723094,0.0002946739414919841,0.2573024054982818,0.0001886509599840551,97,True
tct,9,bertQPP(QV),15,0.5,0.27115063526458627,0.00722202261276416,0.1554982817869416,0.02404211148041231,97,False
tct,9,bertQPP(QV),15,0.5,0.3318121327983631,0.0008995385372190766,0.22938144329896912,0.0008728876884960134,97,True
tct,9,spatial,15,0.55,0.16580511521397545,0.10457293540930568,0.13616838487972513,0.04815964796946807,97,False
tct,9,spatial,15,0.55,0.29284296567060836,0.003604133226195106,0.2298109965635739,0.0008535554716530555,97,True
tct,9,a_ratio,15,0.55,0.28646152082456455,0.004446507789423724,0.20060137457044677,0.0036032888355043277,97,False
tct,9,a_ratio,15,0.55,0.34505619828579315,0.0005375707337997207,0.2654639175257732,0.00011707036468109733,97,True
tct,9,nqc,15,0.55,0.1760894924522388,0.08447220635383777,0.09149484536082475,0.1842793810224047,97,False
tct,9,nqc,15,0.55,0.2683564234245879,0.00786810661234285,0.1778350515463918,0.009863239446727635,97,True
tct,9,bertQPP,15,0.55,0.32829127560141835,0.0010275799962813127,0.19243986254295536,0.005229928831102741,97,False
tct,9,bertQPP,15,0.55,0.37224806073507144,0.00017364518070157176,0.2667525773195877,0.00010844269870482771,97,True
tct,9,bertQPP(QV),15,0.55,0.2902864469699573,0.00392274236980013,0.18384879725085912,0.0076337511300162714,97,False
tct,9,bertQPP(QV),15,0.55,0.3454056704104743,0.0005301537620260156,0.23539518900343648,0.0006358327263393619,97,True
tct,9,spatial,15,0.6,0.1826068994414467,0.07341542601779454,0.15077319587628868,0.0286776674564184,97,False
tct,9,spatial,15,0.6,0.2953249838034571,0.003317173377821761,0.2328178694158076,0.0007289565212236814,97,True
tct,9,a_ratio,15,0.6,0.2895752833218511,0.004015736199035661,0.20017182130584193,0.0036758280937195186,97,False
tct,9,a_ratio,15,0.6,0.34848124693020577,0.0004688129225759693,0.2577319587628867,0.0001840336555755922,97,True
tct,9,nqc,15,0.6,0.18205999283044252,0.07429602259732494,0.09450171821305844,0.17027316035268703,97,False
tct,9,nqc,15,0.6,0.27424044127429054,0.0065625516090386865,0.18213058419243988,0.008219435652041644,97,True
tct,9,bertQPP,15,0.6,0.343065699961448,0.0005816606830571965,0.20833333333333337,0.0025015666651811157,97,False
tct,9,bertQPP,15,0.6,0.382505936673895,0.00011039661862754447,0.2744845360824743,6.802769792638233e-05,97,True
tct,9,bertQPP(QV),15,0.6,0.30813740205088436,0.002136730596349418,0.19931271477663232,0.003824903963020039,97,False
tct,9,bertQPP(QV),15,0.6,0.35711581097738443,0.0003297265596124118,0.24828178694158082,0.0003147483455907583,97,True
tct,9,spatial,15,0.65,0.1991970255087279,0.05045564100870724,0.15635738831615123,0.02327305567367708,97,False
tct,9,spatial,15,0.65,0.29837119938893913,0.0029930707786024187,0.2366838487972509,0.0005935388745829456,97,True
tct,9,a_ratio,15,0.65,0.2914495868392337,0.003774789335487912,0.20017182130584193,0.0036758280937195186,97,False
tct,9,a_ratio,15,0.65,0.35077587593306686,0.00042736904864682765,0.2598797250859107,0.00016249811961052113,97,True
tct,9,nqc,15,0.65,0.18964245811214026,0.06281909951399513,0.09750859106529211,0.15708030004273185,97,False
tct,9,nqc,15,0.65,0.2815907240571951,0.005203280544837374,0.1859965635738832,0.006954397086601862,97,True
tct,9,bertQPP,15,0.65,0.3543642029405446,0.0003692605417196146,0.21391752577319592,0.001908041073171658,97,False
tct,9,bertQPP,15,0.65,0.3895173393392929,8.029980797737644e-05,0.272766323024055,7.553337506197832e-05,97,True
tct,9,bertQPP(QV),15,0.65,0.3231589653213564,0.0012440832304792375,0.2216494845360825,0.001298168853613724,97,False
tct,9,bertQPP(QV),15,0.65,0.365946043624354,0.0002276735450352806,0.24742268041237117,0.00033019314561040996,97,True
tct,9,spatial,15,0.7,0.21530317330443077,0.03418293748213611,0.16365979381443302,0.01755425786967657,97,False
tct,9,spatial,15,0.7,0.30218906169248716,0.002627149151549008,0.24012027491408938,0.0004932117335580638,97,True
tct,9,a_ratio,15,0.7,0.2923921468905088,0.003658576600351708,0.20747422680412375,0.0026065887949513057,97,False
tct,9,a_ratio,15,0.7,0.35164209381974265,0.00041261962708157447,0.26159793814432997,0.00014700123564547276,97,True
tct,9,nqc,15,0.7,0.19956304346822465,0.050025131942397126,0.10266323024054985,0.13628751627610397,97,False
tct,9,nqc,15,0.7,0.290998432973067,0.0038315737198725405,0.19201030927835053,0.00533157487845821,97,True
tct,9,bertQPP,15,0.7,0.3606549102703094,0.00028460710048260643,0.2328178694158076,0.0007289565212236814,97,False
tct,9,bertQPP,15,0.7,0.3922531831353079,7.078207267767363e-05,0.2740549828178695,6.983500538924286e-05,97,True
tct,9,bertQPP(QV),15,0.7,0.333724947682998,0.0008362454177697009,0.2255154639175258,0.0010660691222714972,97,False
tct,9,bertQPP(QV),15,0.7,0.37094864847265663,0.00018370382007405514,0.24570446735395193,0.0003632334933323789,97,True
tct,9,spatial,15,0.75,0.23065134252869354,0.02302960800542069,0.17482817869415812,0.011182156616858724,97,False
tct,9,spatial,15,0.75,0.30709181048794365,0.0022164427590478644,0.24570446735395193,0.0003632334933323789,97,True
tct,9,a_ratio,15,0.75,0.29264529151428753,0.003627915547386412,0.20876288659793818,0.0024505203740822256,97,False
tct,9,a_ratio,15,0.75,0.35078052434731755,0.00042728862186007066,0.26159793814432997,0.00014700123564547276,97,True
tct,9,nqc,15,0.75,0.2130271432715372,0.036172183451965594,0.11254295532646051,0.10244263799035044,97,False
tct,9,nqc,15,0.75,0.30338157905223845,0.002521400121095477,0.19888316151202753,0.0039014834427261624,97,True
tct,9,bertQPP,15,0.75,0.3608491733884921,0.0002823035470767952,0.23238831615120278,0.0007456571945733053,97,False
tct,9,bertQPP,15,0.75,0.3899729117344096,7.863646781431253e-05,0.2779209621993128,5.5081722625004346e-05,97,True
tct,9,bertQPP(QV),15,0.75,0.3385726764607921,0.0006936162721199394,0.23195876288659797,0.0007627126312502382,97,False
tct,9,bertQPP(QV),15,0.75,0.37143462961776524,0.00017988041555958573,0.2555841924398626,0.0002082313453780151,97,True
tct,9,spatial,15,0.8,0.2449862855129301,0.01558320543940941,0.17740549828178698,0.010042744211065484,97,False
tct,9,spatial,15,0.8,0.313558026263988,0.0017634613394734953,0.24570446735395193,0.0003632334933323789,97,True
tct,9,a_ratio,15,0.8,0.29239585623096004,0.003658125653732666,0.20704467353951894,0.0026605976928076114,97,False
tct,9,a_ratio,15,0.8,0.34791992738022176,0.0004794975730438995,0.25859106529209624,0.00017511595223064058,97,True
tct,9,nqc,15,0.8,0.23212482954216573,0.022144966948059383,0.12199312714776635,0.07668417076895777,97,False
tct,9,nqc,15,0.8,0.32016888205122707,0.0013885667927334199,0.21477663230240554,0.0018291772025326055,97,True
tct,9,bertQPP,15,0.8,0.3547023502544858,0.0003641775191515389,0.24613402061855674,0.00035469522611087794,97,False
tct,9,bertQPP,15,0.8,0.3824479259795477,0.0001106844461712957,0.2835051546391753,3.888953702314073e-05,97,True
tct,9,bertQPP(QV),15,0.8,0.33724268907371047,0.0007303505030727,0.23754295532646055,0.0005668140402706258,97,False
tct,9,bertQPP(QV),15,0.8,0.3671641027523395,0.0002161525687945185,0.25902061855670105,0.00017081103710396531,97,True
tct,9,spatial,15,0.85,0.2580914432473121,0.010699846381524249,0.18170103092783507,0.008372001763204117,97,False
tct,9,spatial,15,0.85,0.3222819091851309,0.0012849787610857396,0.24871134020618557,0.00030728207639036943,97,True
tct,9,a_ratio,15,0.85,0.29178583326622176,0.003732958489958804,0.20833333333333337,0.0025015666651811157,97,False
tct,9,a_ratio,15,0.85,0.34285272799741434,0.0005865691627633001,0.2594501718213059,0.00016660580916833792,97,True
tct,9,nqc,15,0.85,0.2604928895997836,0.00996760432824898,0.1357388316151203,0.04887004601219989,97,False
tct,9,nqc,15,0.85,0.34335248388491124,0.0005751104663959351,0.24226804123711343,0.00043878992015195634,97,True
tct,9,bertQPP,15,0.85,0.34292674489741826,0.0005848589696502095,0.24484536082474234,0.00038088964117221485,97,False
tct,9,bertQPP,15,0.85,0.37005994425629296,0.00019089068522278317,0.27878006872852235,5.2230841404023976e-05,97,True
tct,9,bertQPP(QV),15,0.85,0.33024081669240707,0.0009547674770366699,0.24355670103092786,0.0004088834881762593,97,False
tct,9,bertQPP(QV),15,0.85,0.3584268634595556,0.0003122952912920223,0.26718213058419243,0.00010570268251880998,97,True
tct,9,spatial,15,0.9,0.2698049706560347,0.007527076250374863,0.186426116838488,0.006825229731210832,97,False
tct,9,spatial,15,0.9,0.33387491781373646,0.0008314591321016587,0.25601374570446744,0.000203164735220203,97,True
tct,9,a_ratio,15,0.9,0.2909220685216245,0.0038412605322527067,0.2014604810996564,0.0034621026042757834,97,False
tct,9,a_ratio,15,0.9,0.3354704492222961,0.0007820638120961527,0.2512886597938145,0.00026585493232954136,97,True
tct,9,nqc,15,0.9,0.3028541957611732,0.0025676851132759213,0.1658075601374571,0.016125841537736958,97,False
tct,9,nqc,15,0.9,0.3735851906743138,0.00016382860639599337,0.25343642611683853,0.00023539388087640415,97,True
tct,9,bertQPP,15,0.9,0.3269328004069332,0.0010812685832536115,0.2328178694158076,0.0007289565212236814,97,False
tct,9,bertQPP,15,0.9,0.3537139710947721,0.00037921867745148154,0.2689003436426117,9.538240628081039e-05,97,True
tct,9,bertQPP(QV),15,0.9,0.3188133633727075,0.0014589500138820436,0.2405498281786942,0.0004818477915141724,97,False
tct,9,bertQPP(QV),15,0.9,0.3459681492796498,0.0005184128945351885,0.26503436426116844,0.00012008730713750342,97,True
tct,9,spatial,15,0.95,0.28002916465616196,0.00546905712810238,0.1902920962199313,0.005756239608165468,97,False
tct,9,spatial,15,0.95,0.3450848282083344,0.0005369595519932976,0.2676116838487973,0.00010302809096628477,97,True
tct,9,a_ratio,15,0.95,0.2898843912283788,0.0039750770576085365,0.19931271477663232,0.003824903963020039,97,False
tct,9,a_ratio,15,0.95,0.32579056091843495,0.0011283736097380493,0.2444158075601375,0.0003900155261817713,97,True
tct,9,nqc,15,0.95,0.34643208616560145,0.0005089089237901902,0.19888316151202753,0.0039014834427261624,97,False
tct,9,nqc,15,0.95,0.3933178411378718,6.737069096051234e-05,0.2598797250859107,0.00016249811961052113,97,True
tct,9,bertQPP,15,0.95,0.30837099812037394,0.0021192794687458394,0.2216494845360825,0.001298168853613724,97,False
tct,9,bertQPP,15,0.95,0.3346073542911982,0.00080844077754113,0.25386597938144334,0.00022970863763271067,97,True
tct,9,bertQPP(QV),15,0.95,0.3045003484922454,0.0024256906310192086,0.2173539518900344,0.0016102081655090619,97,False
tct,9,bertQPP(QV),15,0.95,0.33079684052627856,0.0009348804400713997,0.25472508591065296,0.00021872261513442568,97,True
tct,9,spatial,15,1.0,0.288732116628767,0.0041285392617432925,0.1971649484536083,0.004221925130091803,97,False
tct,9,spatial,15,1.0,0.31396653165936794,0.0017378779246437727,0.23238831615120278,0.0007456571945733053,97,True
tct,9,a_ratio,15,1.0,0.288732116628767,0.0041285392617432925,0.1971649484536083,0.004221925130091803,97,False
tct,9,a_ratio,15,1.0,0.31396653165936794,0.0017378779246437727,0.23238831615120278,0.0007456571945733053,97,True
tct,9,nqc,15,1.0,0.288732116628767,0.0041285392617432925,0.1971649484536083,0.004221925130091803,97,False
tct,9,nqc,15,1.0,0.31396653165936794,0.0017378779246437727,0.23238831615120278,0.0007456571945733053,97,True
tct,9,bertQPP,15,1.0,0.288732116628767,0.0041285392617432925,0.1971649484536083,0.004221925130091803,97,False
tct,9,bertQPP,15,1.0,0.31396653165936794,0.0017378779246437727,0.23238831615120278,0.0007456571945733053,97,True
tct,9,bertQPP(QV),15,1.0,0.288732116628767,0.0041285392617432925,0.1971649484536083,0.004221925130091803,97,False
tct,9,bertQPP(QV),15,1.0,0.31396653165936794,0.0017378779246437727,0.23238831615120278,0.0007456571945733053,97,True
tct,9,spatial,16,0.0,0.013382096827883258,0.8964907995035795,0.03393470790378007,0.6224147431170471,97,False
tct,9,spatial,16,0.0,0.2806756280578976,0.005357600650554058,0.21907216494845363,0.0014779202366871586,97,True
tct,9,a_ratio,16,0.0,0.08699727737016585,0.3968143680759362,0.0584192439862543,0.3965888091618368,97,False
tct,9,a_ratio,16,0.0,0.28703017363767047,0.004364889994963118,0.22809278350515466,0.000933347093157991,97,True
tct,9,nqc,16,0.0,0.1492631279496186,0.14450956733786507,0.08719931271477664,0.2057421374120063,97,False
tct,9,nqc,16,0.0,0.24089257215590104,0.017459992874871322,0.16537800687285226,0.016403064445582434,97,True
tct,9,bertQPP,16,0.0,0.17672691352325548,0.08333551015854819,0.10137457044673541,0.14127503537333896,97,False
tct,9,bertQPP,16,0.0,0.23874077288827814,0.01852248002459105,0.16752577319587633,0.015057708996420909,97,True
tct,9,bertQPP(QV),16,0.0,0.1310712474602009,0.20065209966598066,0.05541237113402062,0.42134149715143543,97,False
tct,9,bertQPP(QV),16,0.0,0.2058321123136385,0.04310985452091257,0.12156357388316154,0.07772782073014356,97,True
tct,9,spatial,16,0.05,0.022188857190228502,0.8291994353428787,0.03951890034364262,0.5663306621908052,97,False
tct,9,spatial,16,0.05,0.2811019180193637,0.005285212985395155,0.2203608247422681,0.0013853583021557498,97,True
tct,9,a_ratio,16,0.05,0.11070072661805437,0.2803811461131039,0.07903780068728523,0.25141149497554627,97,False
tct,9,a_ratio,16,0.05,0.29079438535519136,0.003857506029494989,0.23582474226804126,0.000621432826309228,97,True
tct,9,nqc,16,0.05,0.1502866349995061,0.1417453283636089,0.0889175257731959,0.1969487085850582,97,False
tct,9,nqc,16,0.05,0.24196860470171022,0.016948699428708948,0.16537800687285226,0.016403064445582434,97,True
tct,9,bertQPP,16,0.05,0.18445348240962475,0.07050406448161506,0.10395189003436428,0.13143701983340042,97,False
tct,9,bertQPP,16,0.05,0.2465058335118255,0.014932425602235061,0.17439862542955328,0.011382836808156348,97,True
tct,9,bertQPP(QV),16,0.05,0.1387006531828924,0.1754516755658508,0.060996563573883174,0.3760870593214216,97,False
tct,9,bertQPP(QV),16,0.05,0.21376605600299575,0.035515992938760274,0.12972508591065296,0.0597739314027888,97,True
tct,9,spatial,16,0.1,0.0316110173592759,0.758559296703501,0.04467353951890035,0.5168145411906753,97,False
tct,9,spatial,16,0.1,0.28157124094382213,0.005206524520053755,0.22079037800687287,0.0013557124652369783,97,True
tct,9,a_ratio,16,0.1,0.13443750217064743,0.1892301821500352,0.09536082474226806,0.16642177733641728,97,False
tct,9,a_ratio,16,0.1,0.2946432816729847,0.003393875162869826,0.23496563573883167,0.0006505425158083947,97,True
tct,9,nqc,16,0.1,0.1514227731605516,0.13872392203185102,0.08805841924398626,0.2013104039967497,97,False
tct,9,nqc,16,0.1,0.24315951934471935,0.016397942605880886,0.16451890034364264,0.016970096384742294,97,True
tct,9,bertQPP,16,0.1,0.19290562624783003,0.05834555777183638,0.11125429553264607,0.10643517898925002,97,False
tct,9,bertQPP,16,0.1,0.2548482158638956,0.011763241241319566,0.1786941580756014,0.00951278395726825,97,True
tct,9,bertQPP(QV),16,0.1,0.14709941329642148,0.15048676752125134,0.06829896907216496,0.32163912125241456,97,False
tct,9,bertQPP(QV),16,0.1,0.22230939728712362,0.028627766582517828,0.14261168384879727,0.03850326567762371,97,True
tct,9,spatial,16,0.15,0.04167455915129917,0.6852554807122528,0.04810996563573884,0.4850959502795227,97,False
tct,9,spatial,16,0.15,0.2820904128655235,0.005120693161327626,0.2212199312714777,0.001326652810302692,97,True
tct,9,a_ratio,16,0.15,0.15726247011636818,0.12395911952905195,0.10781786941580758,0.11768634646990996,97,False
tct,9,a_ratio,16,0.15,0.2985513352142133,0.0029748272036744395,0.23410652920962205,0.0006809162092632265,97,True
tct,9,nqc,16,0.15,0.15269113415273114,0.13540883832787975,0.0889175257731959,0.1969487085850582,97,False
tct,9,nqc,16,0.15,0.24448463237610973,0.015803374352743548,0.16451890034364264,0.016970096384742294,97,True
tct,9,bertQPP,16,0.15,0.20215162167153466,0.04706619922979374,0.11898625429553265,0.08423505409007553,97,False
tct,9,bertQPP,16,0.15,0.26378898318616656,0.009034243130367332,0.18556701030927839,0.00708575590459897,97,True
tct,9,bertQPP(QV),16,0.15,0.15635459296392573,0.12617178295037298,0.07001718213058421,0.30961588134500106,97,False
tct,9,bertQPP(QV),16,0.15,0.23148955608244387,0.022522735596370764,0.15077319587628868,0.0286776674564184,97,True
tct,9,spatial,16,0.2,0.0523969768448504,0.6102540646486639,0.05498281786941581,0.42495013508695245,97,False
tct,9,spatial,16,0.2,0.28266775633287883,0.005026724538507034,0.2203608247422681,0.0013853583021557498,97,True
tct,9,a_ratio,16,0.2,0.17824145675603353,0.08068354511522406,0.1164089347079038,0.09117630712765404,97,False
tct,9,a_ratio,16,0.2,0.3024829706701188,0.0026007221338065277,0.2336769759450172,0.0006965926026270434,97,True
tct,9,nqc,16,0.2,0.1541161092976402,0.13175664035932783,0.0889175257731959,0.1969487085850582,97,False
tct,9,nqc,16,0.2,0.2459678131543444,0.015160098238462658,0.16365979381443302,0.01755425786967657,97,True
tct,9,bertQPP,16,0.2,0.21225339225594347,0.036870182548488215,0.12628865979381446,0.0668634129345248,97,False
tct,9,bertQPP,16,0.2,0.2733315952070506,0.006750764473497112,0.19458762886597944,0.004747484369155047,97,True
tct,9,bertQPP(QV),16,0.2,0.16655362408597885,0.10299414656076472,0.07989690721649485,0.24629548858904848,97,False
tct,9,bertQPP(QV),16,0.2,0.24131786161009622,0.017256341218888395,0.15936426116838492,0.0207470988785446,97,True
tct,9,spatial,16,0.25,0.06378341107366917,0.5348085106803193,0.06486254295532648,0.34658765831762584,97,False
tct,9,spatial,16,0.25,0.2833135359179977,0.004923437677192004,0.22079037800687287,0.0013557124652369783,97,True
tct,9,a_ratio,16,0.25,0.19662767468085968,0.053564444558604325,0.13015463917525774,0.058933277914773506,97,False
tct,9,a_ratio,16,0.25,0.3063898776537064,0.0022714498289909896,0.24012027491408938,0.0004932117335580638,97,True
tct,9,nqc,16,0.25,0.15572844579011663,0.12771537017913112,0.09020618556701032,0.1905365207922204,97,False
tct,9,nqc,16,0.25,0.24763889612836326,0.014462626966733373,0.16623711340206188,0.015852745291372216,97,True
tct,9,bertQPP,16,0.25,0.2232556650532837,0.02793967424004862,0.1327319587628866,0.054093065441640706,97,False
tct,9,bertQPP,16,0.25,0.28345054357641086,0.0049017689393559246,0.20575601374570449,0.0028288190417010725,97,True
tct,9,bertQPP(QV),16,0.25,0.17777559476808724,0.08149198782047473,0.08634020618556702,0.2102443337075397,97,False
tct,9,bertQPP(QV),16,0.25,0.2517787107589722,0.012853486804985307,0.17268041237113405,0.01221789425088413,97,True
tct,9,spatial,16,0.3,0.0758220420845335,0.4604273959519049,0.0738831615120275,0.2836625052763587,97,False
tct,9,spatial,16,0.3,0.28404055154291785,0.004809421773058587,0.2216494845360825,0.001298168853613724,97,True
tct,9,a_ratio,16,0.3,0.21198842941390625,0.03711178478865005,0.1439003436426117,0.036783724578164194,97,False
tct,9,a_ratio,16,0.3,0.31020784944210933,0.0019864745151833858,0.2452749140893471,0.0003719636432157586,97,True
tct,9,nqc,16,0.3,0.1575674457181993,0.12322256284276827,0.0889175257731959,0.1969487085850582,97,False
tct,9,nqc,16,0.3,0.24953564621009489,0.013704864996051004,0.16623711340206188,0.015852745291372216,97,True
tct,9,bertQPP,16,0.3,0.23516808519405102,0.02040959631773306,0.14261168384879727,0.03850326567762371,97,False
tct,9,bertQPP,16,0.3,0.2940751039730624,0.0034590137009056616,0.21520618556701035,0.0017908788065225548,97,True
tct,9,bertQPP(QV),16,0.3,0.19007584672465533,0.06220935869867098,0.09750859106529211,0.15708030004273185,97,False
tct,9,bertQPP(QV),16,0.3,0.2628141238704005,0.009301951129887485,0.17998281786941583,0.009007907605249525,97,True
tct,9,spatial,16,0.35,0.0884789198294589,0.38879127821742926,0.08462199312714778,0.2194617374170329,97,False
tct,9,spatial,16,0.35,0.28486495900421605,0.004682981770154528,0.2216494845360825,0.001298168853613724,97,True
tct,9,a_ratio,16,0.35,0.22423520454620008,0.02724221854561545,0.1516323024054983,0.027781654237823455,97,False
tct,9,a_ratio,16,0.35,0.31385321183224046,0.0017449409183649504,0.25000000000000006,0.00028586619810323126,97,True
tct,9,nqc,16,0.35,0.15968413730558462,0.11820280218612039,0.08719931271477664,0.2057421374120063,97,False
tct,9,nqc,16,0.35,0.2517065436677834,0.012880144305834935,0.1670962199312715,0.015318729327102553,97,True
tct,9,bertQPP,16,0.35,0.2479371030022619,0.014341135202747131,0.14518900343642613,0.03513003275683934,97,False
tct,9,bertQPP,16,0.35,0.30506712971642813,0.002378462834952638,0.22079037800687287,0.0013557124652369783,97,True
tct,9,bertQPP(QV),16,0.35,0.20346035427873155,0.04562627216875582,0.10223367697594504,0.13793469449367568,97,False
tct,9,bertQPP(QV),16,0.35,0.27430278932289004,0.00654981184343961,0.18771477663230243,0.006450561996249079,97,True
tct,9,spatial,16,0.4,0.10169262787729771,0.32161491039177803,0.08977663230240551,0.19265661141875967,97,False
tct,9,spatial,16,0.4,0.28580742294620215,0.004542070186407529,0.22336769759450176,0.0011897860106094835,97,True
tct,9,a_ratio,16,0.4,0.2335629070159099,0.021309792172671465,0.1628006872852234,0.018155972846842318,97,False
tct,9,a_ratio,16,0.4,0.31721903139993496,0.0015458641218038098,0.2512886597938145,0.00026585493232954136,97,True
tct,9,nqc,16,0.4,0.16214595355252534,0.11256479185093755,0.08634020618556702,0.2102443337075397,97,False
tct,9,nqc,16,0.4,0.2542148081108325,0.011981364216015018,0.1701030927835052,0.013572314777054699,97,True
tct,9,bertQPP,16,0.4,0.2614043240177709,0.009701414092162011,0.15077319587628868,0.0286776674564184,97,False
tct,9,bertQPP,16,0.4,0.31619265729153645,0.0016042716111536082,0.22895189003436428,0.0008926252002239728,97,True
tct,9,bertQPP(QV),16,0.4,0.2178457224694059,0.03207036444465779,0.11297250859106532,0.10113858933462912,97,False
tct,9,bertQPP(QV),16,0.4,0.2860335818336931,0.004508823745202631,0.19501718213058422,0.004655971971265852,97,True
tct,9,spatial,16,0.45,0.11536945942213134,0.2604663516538969,0.09836769759450173,0.15345704089516993,97,False
tct,9,spatial,16,0.45,0.2868947643258436,0.0043842028913769395,0.22422680412371138,0.0011387880187863695,97,True
tct,9,a_ratio,16,0.45,0.24034291789506235,0.01772626654628282,0.1752577319587629,0.010984624932232429,97,False
tct,9,a_ratio,16,0.45,0.3201714897066712,0.0013884344164648518,0.25515463917525777,0.00021341645031147517,97,True
tct,9,nqc,16,0.45,0.16504381321507308,0.10619804377550292,0.0889175257731959,0.1969487085850582,97,False
tct,9,nqc,16,0.45,0.25714433782129725,0.011001327188696402,0.1709621993127148,0.013106785247853048,97,True
tct,9,bertQPP,16,0.45,0.2752499136393216,0.006358956892493792,0.15378006872852237,0.025646544632394585,97,False
tct,9,bertQPP,16,0.45,0.32708936896466223,0.0010749532178800992,0.23625429553264607,0.0006073368350083252,97,True
tct,9,bertQPP(QV),16,0.45,0.23300170178662538,0.02163244797458062,0.13101374570446736,0.05728140399891128,97,False
tct,9,bertQPP(QV),16,0.45,0.2976757749065554,0.003064447183032318,0.20489690721649487,0.002946303078171719,97,True
tct,9,spatial,16,0.5,0.12938008195458273,0.20657363663765982,0.11168384879725088,0.1050908480999539,97,False
tct,9,spatial,16,0.5,0.28816235479445673,0.004206358321450928,0.2285223367697595,0.0009127757207962206,97,True
tct,9,a_ratio,16,0.5,0.2450176859507203,0.01556951296605463,0.18084192439862545,0.008684754281086702,97,False
tct,9,a_ratio,16,0.5,0.3225470921656733,0.0012724868108187819,0.25386597938144334,0.00022970863763271067,97,True
tct,9,nqc,16,0.5,0.1685031492980657,0.09896963128795293,0.0889175257731959,0.1969487085850582,97,False
tct,9,nqc,16,0.5,0.260608678996838,0.009933436099574144,0.17225085910652924,0.012434959394241826,97,True
tct,9,bertQPP,16,0.5,0.28892624750183227,0.0041023196635250475,0.16838487972508595,0.01454739544260673,97,False
tct,9,bertQPP,16,0.5,0.33723653583726315,0.000730524511869888,0.24312714776632308,0.0004186340215940853,97,True
tct,9,bertQPP(QV),16,0.5,0.24847868238161244,0.014122755808413151,0.14561855670103094,0.03459309466060896,97,False
tct,9,bertQPP(QV),16,0.5,0.3087524378328871,0.0020910597871238944,0.21262886597938147,0.002032205430312129,97,True
tct,9,spatial,16,0.55,0.14355888874829864,0.16066460355995835,0.12156357388316154,0.07772782073014356,97,False
tct,9,spatial,16,0.55,0.2896576527828945,0.0040048654117412425,0.22895189003436428,0.0008926252002239728,97,True
tct,9,a_ratio,16,0.55,0.24802398039735768,0.014305907742116496,0.18513745704467358,0.007219338175415614,97,False
tct,9,a_ratio,16,0.55,0.32415173763474164,0.0011992216046041333,0.25515463917525777,0.00021341645031147517,97,True
tct,9,nqc,16,0.55,0.17270164746866978,0.0907223206225505,0.08848797250859108,0.19912082868170233,97,False
tct,9,nqc,16,0.55,0.26476489957117144,0.008773049334449171,0.17568728522336774,0.01079019991112942,97,True
tct,9,bertQPP,16,0.55,0.30160164640334064,0.002680692015413605,0.17053264604811,0.013337754848227265,97,False
tct,9,bertQPP,16,0.55,0.3459412805820338,0.0005189682679290099,0.2555841924398626,0.0002082313453780151,97,True
tct,9,bertQPP(QV),16,0.55,0.26353680473340724,0.009102837094328646,0.16237113402061856,0.018463547347092265,97,False
tct,9,bertQPP(QV),16,0.55,0.3186298548572628,0.0014687230740545645,0.22379725085910657,0.0011640289366746655,97,True
tct,9,spatial,16,0.6,0.15770724114258902,0.12288606447316217,0.12800687285223372,0.06323660544752113,97,False
tct,9,spatial,16,0.6,0.29144548930578723,0.003775301665486469,0.23238831615120278,0.0007456571945733053,97,True
tct,9,a_ratio,16,0.6,0.24974980090125523,0.013621516782309615,0.18556701030927839,0.00708575590459897,97,False
tct,9,a_ratio,16,0.6,0.3247630485503028,0.0011723343001219199,0.24785223367697598,0.0003223841860548392,97,True
tct,9,nqc,16,0.6,0.17789881887722306,0.0812775218742316,0.09106529209621994,0.18634796497677564,97,False
tct,9,nqc,16,0.6,0.2698355630514499,0.007520016784555413,0.18127147766323026,0.008527096049992753,97,True
tct,9,bertQPP,16,0.6,0.31215675378620644,0.0018538284190369628,0.18513745704467358,0.007219338175415614,97,False
tct,9,bertQPP,16,0.6,0.352362904476589,0.0004007043148409781,0.2607388316151203,0.0001545669713814958,97,True
tct,9,bertQPP(QV),16,0.6,0.27711786643121056,0.005996925526823755,0.18256013745704472,0.00806936233603351,97,False
tct,9,bertQPP(QV),16,0.6,0.32654209123862377,0.0010971758198992257,0.23496563573883167,0.0006505425158083947,97,True
tct,9,spatial,16,0.65,0.17160144970330354,0.09282897211493917,0.12886597938144334,0.06148508875649665,97,False
tct,9,spatial,16,0.65,0.29361597663094074,0.0035124657793211504,0.23582474226804126,0.000621432826309228,97,True
tct,9,a_ratio,16,0.65,0.2505176793936986,0.01332627328148333,0.1898625429553265,0.005867063974983271,97,False
tct,9,a_ratio,16,0.65,0.32413761115142004,0.0011998495037154875,0.24828178694158082,0.0003147483455907583,97,True
tct,9,nqc,16,0.65,0.18448726787020647,0.07045167883750804,0.09192439862542956,0.1822278457949571,97,False
tct,9,nqc,16,0.65,0.2761442109455501,0.006183284639138176,0.18341924398625434,0.007776554495134835,97,True
tct,9,bertQPP,16,0.65,0.3192940005163191,0.001433631746788157,0.19243986254295536,0.005229928831102741,97,False
tct,9,bertQPP,16,0.65,0.3555990360108387,0.0003510086309546297,0.2603092783505155,0.00015848586196658186,97,True
tct,9,bertQPP(QV),16,0.65,0.28792510183928005,0.00423914700709743,0.20060137457044677,0.0036032888355043277,97,False
tct,9,bertQPP(QV),16,0.65,0.3316700565491834,0.000904409701171973,0.23711340206185572,0.000580033168540485,97,True
tct,9,spatial,16,0.7,0.18500555194153528,0.06965199090093799,0.138745704467354,0.04407710548149226,97,False
tct,9,spatial,16,0.7,0.296295977549214,0.0032106039881709524,0.24012027491408938,0.0004932117335580638,97,True
tct,9,a_ratio,16,0.7,0.2505842230796679,0.013300951817163516,0.19201030927835053,0.00533157487845821,97,False
tct,9,a_ratio,16,0.7,0.32202466055134127,0.0012972032837178674,0.2525773195876289,0.00024716269151633816,97,True
tct,9,nqc,16,0.7,0.19308517368914477,0.05810717459255268,0.09793814432989692,0.1552606461818409,97,False
tct,9,nqc,16,0.7,0.28417287632319127,0.004788924419339469,0.18857388316151205,0.006211170636578692,97,True
tct,9,bertQPP,16,0.7,0.32180021824423444,0.0013079550133462605,0.20833333333333337,0.0025015666651811157,97,False
tct,9,bertQPP,16,0.7,0.35484261515761006,0.00036208801377566143,0.2667525773195877,0.00010844269870482771,97,True
tct,9,bertQPP(QV),16,0.7,0.2946642160457573,0.0033914962816193775,0.20747422680412375,0.0026065887949513057,97,False
tct,9,bertQPP(QV),16,0.7,0.3332799101506326,0.0008505971825746043,0.2392611683848798,0.0005166931871154039,97,True
tct,9,spatial,16,0.75,0.19768781579478373,0.05226315953615347,0.14647766323024058,0.03354022455213661,97,False
tct,9,spatial,16,0.75,0.2996634946936715,0.0028643855917197124,0.24269759450171827,0.0004286013573495472,97,True
tct,9,a_ratio,16,0.75,0.250147626558285,0.013467853572878845,0.18943298969072167,0.005979808014005902,97,False
tct,9,a_ratio,16,0.75,0.3181869630728007,0.0014925550351797376,0.25042955326460486,0.0002790440350017295,97,True
tct,9,nqc,16,0.75,0.20470837433256295,0.04428735878972827,0.10395189003436428,0.13143701983340042,97,False
tct,9,nqc,16,0.75,0.2946507962535654,0.003393021070198806,0.1941580756013746,0.0048406217198878375,97,True
tct,9,bertQPP,16,0.75,0.31891250069964827,0.0014536948575090702,0.21091065292096223,0.002209296231634933,97,False
tct,9,bertQPP,16,0.75,0.3495811659086887,0.0004485072510294997,0.26159793814432997,0.00014700123564547276,97,True
tct,9,bertQPP(QV),16,0.75,0.2964119877187678,0.003198079072037013,0.20274914089347082,0.003259747042536618,97,False
tct,9,bertQPP(QV),16,0.75,0.330893417704482,0.0009314649558961229,0.24828178694158082,0.0003147483455907583,97,True
tct,9,spatial,16,0.8,0.20943874264396156,0.039505204154765425,0.15378006872852237,0.025646544632394585,97,False
tct,9,spatial,16,0.8,0.3039535365980748,0.002472053210301946,0.2439862542955327,0.0003993454119661632,97,True
tct,9,a_ratio,16,0.8,0.24935788059424957,0.013774387046346221,0.186426116838488,0.006825229731210832,97,False
tct,9,a_ratio,16,0.8,0.312427978226089,0.0018360173143074203,0.24871134020618557,0.00030728207639036943,97,True
tct,9,nqc,16,0.8,0.22108594803447418,0.029538657339296854,0.11597938144329899,0.09237668593402237,97,False
tct,9,nqc,16,0.8,0.30865537729594694,0.002098208167428984,0.20575601374570449,0.0028288190417010725,97,True
tct,9,bertQPP,16,0.8,0.3106164990426521,0.0019579711086032212,0.2216494845360825,0.001298168853613724,97,False
tct,9,bertQPP,16,0.8,0.3397650574256057,0.0006621275631238911,0.27018900343642616,8.827472841766767e-05,97,True
tct,9,bertQPP(QV),16,0.8,0.29294606263418044,0.003591785003741055,0.21477663230240554,0.0018291772025326055,97,False
tct,9,bertQPP(QV),16,0.8,0.3244280998058121,0.0011869976870107258,0.2491408934707904,0.00029998189638302743,97,True
tct,9,spatial,16,0.85,0.22008760865967367,0.030300013108308464,0.16108247422680416,0.01941379508307944,97,False
tct,9,spatial,16,0.85,0.3093814236958922,0.002045266124463774,0.24957044673539522,0.00029284438819506046,97,True
tct,9,a_ratio,16,0.85,0.2483268784506041,0.014183674029160351,0.18170103092783507,0.008372001763204117,97,False
tct,9,a_ratio,16,0.85,0.30462194786578634,0.002415487623512692,0.2512886597938145,0.00026585493232954136,97,True
tct,9,nqc,16,0.85,0.24509828917872453,0.015534412809450029,0.1284364261168385,0.06235576017343852,97,False
tct,9,nqc,16,0.85,0.32747104448715825,0.0010596983534924178,0.23067010309278352,0.00081607670119364,97,True
tct,9,bertQPP,16,0.85,0.2976855465087353,0.0030634337637400052,0.22250859106529214,0.001242886914966472,97,False
tct,9,bertQPP,16,0.85,0.3258595203368114,0.001125477676781896,0.26589347079037806,0.0001141250014345169,97,True
tct,9,bertQPP(QV),16,0.85,0.284829341496771,0.004688382635086199,0.22637457044673542,0.0010200025736501021,97,False
tct,9,bertQPP(QV),16,0.85,0.3142394836023465,0.0017209714618362214,0.25343642611683853,0.00023539388087640415,97,True
tct,9,spatial,16,0.9,0.22951464359244492,0.023732528246572137,0.1666666666666667,0.01558372473088864,97,False
tct,9,spatial,16,0.9,0.3155179717972807,0.0016437470162829742,0.25000000000000006,0.00028586619810323126,97,True
tct,9,a_ratio,16,0.9,0.24713721335701616,0.014669032057140974,0.17955326460481102,0.009173476196585428,97,False
tct,9,a_ratio,16,0.9,0.2947410756049829,0.0033827751373519312,0.23969072164948454,0.0005048251929224872,97,True
tct,9,nqc,16,0.9,0.27977355079735966,0.005513692491579624,0.154639175257732,0.024833107958687445,97,False
tct,9,nqc,16,0.9,0.35027559826968646,0.0004361065942654949,0.24355670103092786,0.0004088834881762593,97,True
tct,9,bertQPP,16,0.9,0.28142412919542154,0.005231077009113355,0.21262886597938147,0.002032205430312129,97,False
tct,9,bertQPP,16,0.9,0.308744269619582,0.0020916605170708856,0.2607388316151203,0.0001545669713814958,97,True
tct,9,bertQPP(QV),16,0.9,0.27319064437073726,0.006780377649593605,0.21606529209621997,0.0017164841150655054,97,False
tct,9,bertQPP(QV),16,0.9,0.30103960683892667,0.002732838445551651,0.24699312714776633,0.0003381788389163567,97,True
tct,9,spatial,16,0.95,0.23765687406278185,0.0190784436008358,0.17439862542955328,0.011382836808156348,97,False
tct,9,spatial,16,0.95,0.3167466092288631,0.0015725044078347937,0.25859106529209624,0.00017511595223064058,97,True
tct,9,a_ratio,16,0.95,0.24584933451997953,0.015210636746779083,0.18213058419243988,0.008219435652041644,97,False
tct,9,a_ratio,16,0.95,0.28287268823125733,0.0049937405582521615,0.2216494845360825,0.001298168853613724,97,True
tct,9,nqc,16,0.95,0.30989345383272726,0.0020086581829354736,0.18470790378006877,0.007355176256510775,97,False
tct,9,nqc,16,0.95,0.35759549386312955,0.0003232475164531582,0.24656357388316158,0.0003463449485504128,97,True
tct,9,bertQPP,16,0.95,0.26327660739741804,0.00917409141358249,0.19630584192439868,0.0043909374810577745,97,False
tct,9,bertQPP,16,0.95,0.28950638800491,0.004024848960563549,0.24269759450171827,0.0004286013573495472,97,True
tct,9,bertQPP(QV),16,0.95,0.2593515148856361,0.010309963346857633,0.19974226804123715,0.0037496927052216027,97,False
tct,9,bertQPP(QV),16,0.95,0.2857296472107893,0.004553553986606956,0.23754295532646055,0.0005668140402706258,97,True
tct,9,spatial,16,1.0,0.24450714166738655,0.01579343793786832,0.18084192439862545,0.008684754281086702,97,False
tct,9,spatial,16,1.0,0.2692204372910435,0.007663090380644774,0.21907216494845363,0.0014779202366871586,97,True
tct,9,a_ratio,16,1.0,0.24450714166738655,0.01579343793786832,0.18084192439862545,0.008684754281086702,97,False
tct,9,a_ratio,16,1.0,0.2692204372910435,0.007663090380644774,0.21907216494845363,0.0014779202366871586,97,True
tct,9,nqc,16,1.0,0.24450714166738655,0.01579343793786832,0.18084192439862545,0.008684754281086702,97,False
tct,9,nqc,16,1.0,0.2692204372910435,0.007663090380644774,0.21907216494845363,0.0014779202366871586,97,True
tct,9,bertQPP,16,1.0,0.24450714166738655,0.01579343793786832,0.18084192439862545,0.008684754281086702,97,False
tct,9,bertQPP,16,1.0,0.2692204372910435,0.007663090380644774,0.21907216494845363,0.0014779202366871586,97,True
tct,9,bertQPP(QV),16,1.0,0.24450714166738655,0.01579343793786832,0.18084192439862545,0.008684754281086702,97,False
tct,9,bertQPP(QV),16,1.0,0.2692204372910435,0.007663090380644774,0.21907216494845363,0.0014779202366871586,97,True
tct,9,0shot_pos,16,1.0,-0.279158596057264,0.005622404122614815,-0.21649484536082478,0.0016803624081385136,97,True
