#
# A fatal error has been detected by the Java Runtime Environment:
#
#  SIGSEGV (0xb) at pc=0x00007fd66f5963fc, pid=26591, tid=26669
#
# JRE version: OpenJDK Runtime Environment (11.0.24+8) (build 11.0.24+8-post-Ubuntu-1ubuntu322.04)
# Java VM: OpenJDK 64-Bit Server VM (11.0.24+8-post-Ubuntu-1ubuntu322.04, mixed mode, sharing, tiered, compressed oops, g1 gc, linux-amd64)
# Problematic frame:
# C  [libc.so.6+0x453fc]
#
# Core dump will be written. Default location: Core dumps may be processed with "/usr/lib/systemd/systemd-coredump %P %u %g %s %t %c %h" (or dumping to /mnt/primary/context_coherence/analysis/core.26591)
#
# If you would like to submit a bug report, please visit:
#   https://bugs.launchpad.net/ubuntu/+source/openjdk-lts
#

---------------  S U M M A R Y ------------

Command Line: jupyter[pyterrier]:/root/nfs/context_coherence/analysis/qpp_test.ipynb

Host: Intel(R) Xeon(R) Gold 6244 CPU @ 3.60GHz, 32 cores, 503G, Ubuntu 22.04.5 LTS
Time: Fri May  9 20:11:34 2025 UTC elapsed time: 32.771463 seconds (0d 0h 0m 32s)

---------------  T H R E A D  ---------------

Current thread (0x000000008cc2b000):  VMThread "VM Thread" [stack: 0x00007fd44f700000,0x00007fd44f800000] [id=26669]

Stack: [0x00007fd44f700000,0x00007fd44f800000],  sp=0x00007fd44f7fe820,  free space=1018k
Native frames: (J=compiled Java code, A=aot compiled Java code, j=interpreted, Vv=VM code, C=native code)
C  [libc.so.6+0x453fc]


siginfo: si_signo: 11 (SIGSEGV), si_code: 128 (SI_KERNEL), si_addr: 0x0000000000000000

Register to memory mapping:

RAX=0x00007fd66f76bcdf: <offset 0x000000000021acdf> in /usr/lib/x86_64-linux-gnu/libc.so.6 at 0x00007fd66f551000
RBX=0x0 is NULL
RCX=0x00007fd66f5e2337: <offset 0x0000000000091337> in /usr/lib/x86_64-linux-gnu/libc.so.6 at 0x00007fd66f551000
RDX=0x000ffacdeed79be0 is an unknown value
RSP=0x00007fd44f7fe820 points into unknown readable memory: 0x00007fd44f7fe8a0 | a0 e8 7f 4f d4 7f 00 00
RBP=0x000000000000008f is an unknown value
RSI=0x0000000000000081 is an unknown value
RDI=0x00007fd5848a6160: <offset 0x00000000002a6160> in /opt/miniconda3/envs/semantic_uncertainty_export/lib/python3.11/site-packages/torch/lib/../../../../libcudart.so.11.0 at 0x00007fd584600000
R8 =0x0000000000000013 is an unknown value
R9 =0x0000000000000001 is an unknown value
R10=0x0 is NULL
R11=0x0000000000000246 is an unknown value
R12=0x00007fd66f76b838: <offset 0x000000000021a838> in /usr/lib/x86_64-linux-gnu/libc.so.6 at 0x00007fd66f551000
R13=0x0 is NULL
R14=0x00007fd66f76cee8: <offset 0x000000000021bee8> in /usr/lib/x86_64-linux-gnu/libc.so.6 at 0x00007fd66f551000
R15=0x0000000007f0cba0 points into unknown readable memory: 0x000000002377b6b0 | b0 b6 77 23 00 00 00 00


Registers:
RAX=0x00007fd66f76bcdf, RBX=0x0000000000000000, RCX=0x00007fd66f5e2337, RDX=0x000ffacdeed79be0
RSP=0x00007fd44f7fe820, RBP=0x000000000000008f, RSI=0x0000000000000081, RDI=0x00007fd5848a6160
R8 =0x0000000000000013, R9 =0x0000000000000001, R10=0x0000000000000000, R11=0x0000000000000246
R12=0x00007fd66f76b838, R13=0x0000000000000000, R14=0x00007fd66f76cee8, R15=0x0000000007f0cba0
RIP=0x00007fd66f5963fc, EFLAGS=0x0000000000010202, CSGSFS=0x002b000000000033, ERR=0x0000000000000000
  TRAPNO=0x000000000000000d

Top of Stack: (sp=0x00007fd44f7fe820)
0x00007fd44f7fe820:   00007fd44f7fe8a0 00007fd45dddda08
0x00007fd44f7fe830:   00007fd45e0bd330 0000000100000000
0x00007fd44f7fe840:   000000008cc2b000 00007fd45e1f7e80
0x00007fd44f7fe850:   00007fd44f7fe8a0 000000000000008f 

Instructions: (pc=0x00007fd66f5963fc)
0x00007fd66f5962fc:   75 22 48 c7 03 00 00 00 00 31 c0 87 05 bb 6b 1d
0x00007fd66f59630c:   00 83 f8 01 7f 26 31 c0 5b c3 66 2e 0f 1f 84 00
0x00007fd66f59631c:   00 00 00 00 e8 4b 30 fe ff 48 c7 05 88 6b 1d 00
0x00007fd66f59632c:   00 00 00 00 eb cc 66 0f 1f 44 00 00 48 8d 3d 89
0x00007fd66f59633c:   6b 1d 00 e8 bc bf 04 00 31 c0 5b c3 0f 1f 84 00
0x00007fd66f59634c:   00 00 00 00 48 8d 3d 71 6b 1d 00 e8 d4 be 04 00
0x00007fd66f59635c:   eb 88 66 90 f3 0f 1e fa 48 8b 05 15 4b 1d 00 8b
0x00007fd66f59636c:   00 85 c0 75 0f e9 fa f7 ff ff 66 2e 0f 1f 84 00
0x00007fd66f59637c:   00 00 00 00 31 c0 c3 66 2e 0f 1f 84 00 00 00 00
0x00007fd66f59638c:   00 0f 1f 00 f3 0f 1e fa 41 57 41 56 41 55 41 54
0x00007fd66f59639c:   49 89 f4 55 89 fd 53 48 83 ec 28 89 54 24 1c 84
0x00007fd66f5963ac:   c9 0f 85 11 02 00 00 4c 8d 35 2e 6b 1d 00 31 c0
0x00007fd66f5963bc:   ba 01 00 00 00 f0 41 0f b1 16 0f 85 02 02 00 00
0x00007fd66f5963cc:   31 db 4d 8b 3c 24 4d 85 ff 0f 84 35 01 00 00 0f
0x00007fd66f5963dc:   1f 44 00 00 49 8b 47 08 48 85 c0 0f 84 13 01 00
0x00007fd66f5963ec:   00 48 83 e8 01 48 89 c2 49 89 47 08 48 c1 e2 05
0x00007fd66f5963fc:   49 8b 4c 17 10 48 83 f9 03 0f 84 ad 00 00 00 48
0x00007fd66f59640c:   83 f9 04 74 4f 48 83 f9 02 75 cd 4c 01 fa 48 8b
0x00007fd66f59641c:   42 18 48 8b 72 20 89 da 48 c1 c8 11 64 48 33 04
0x00007fd66f59642c:   25 30 00 00 00 41 87 16 83 fa 01 0f 8f 1b 01 00
0x00007fd66f59643c:   00 89 ef ff d0 ba 01 00 00 00 89 d8 f0 41 0f b1
0x00007fd66f59644c:   16 74 91 4c 89 f7 e8 d9 bd 04 00 eb 87 0f 1f 80
0x00007fd66f59645c:   00 00 00 00 4c 01 fa 48 8b 42 18 4c 8b 6a 20 48
0x00007fd66f59646c:   c7 42 10 00 00 00 00 89 da 48 c1 c8 11 64 48 33
0x00007fd66f59647c:   04 25 30 00 00 00 41 87 16 83 fa 01 0f 8f 12 01
0x00007fd66f59648c:   00 00 89 ee 4c 89 ef ff d0 ba 01 00 00 00 89 d8
0x00007fd66f59649c:   f0 41 0f b1 16 0f 84 39 ff ff ff 4c 89 f7 e8 81
0x00007fd66f5964ac:   bd 04 00 e9 2c ff ff ff 0f 1f 40 00 49 8b 44 17
0x00007fd66f5964bc:   18 89 da 48 c1 c8 11 64 48 33 04 25 30 00 00 00
0x00007fd66f5964cc:   41 87 16 83 fa 01 0f 8f a8 00 00 00 ff d0 ba 01
0x00007fd66f5964dc:   00 00 00 89 d8 f0 41 0f b1 16 0f 84 f4 fe ff ff
0x00007fd66f5964ec:   4c 89 f7 e8 3c bd 04 00 e9 e7 fe ff ff 0f 1f 80 


Stack slot to memory mapping:
stack at sp + 0 slots: 0x00007fd44f7fe8a0 points into unknown readable memory: 0x00007fd44f7fe9a0 | a0 e9 7f 4f d4 7f 00 00
stack at sp + 1 slots: 0x00007fd45dddda08: <offset 0x0000000000eb0a08> in /usr/lib/jvm/java-11-openjdk-amd64/lib/server/libjvm.so at 0x00007fd45cf2d000
stack at sp + 2 slots: 0x00007fd45e0bd330: <offset 0x0000000001190330> in /usr/lib/jvm/java-11-openjdk-amd64/lib/server/libjvm.so at 0x00007fd45cf2d000
stack at sp + 3 slots: 0x0000000100000000 is an unknown value
stack at sp + 4 slots: 0x000000008cc2b000 points into unknown readable memory: 0x00007fd45e16c338 | 38 c3 16 5e d4 7f 00 00
stack at sp + 5 slots: 0x00007fd45e1f7e80: <offset 0x00000000012cae80> in /usr/lib/jvm/java-11-openjdk-amd64/lib/server/libjvm.so at 0x00007fd45cf2d000
stack at sp + 6 slots: 0x00007fd44f7fe8a0 points into unknown readable memory: 0x00007fd44f7fe9a0 | a0 e9 7f 4f d4 7f 00 00
stack at sp + 7 slots: 0x000000000000008f is an unknown value

VM_Operation (0x00007fd66adff6b0): Exit, mode: safepoint, requested by thread 0x00007fd3b8001800


---------------  P R O C E S S  ---------------

Threads class SMR info:
_java_thread_list=0x00007fd378156b40, length=9, elements={
0x00000000897ee000, 0x000000008cc2c000, 0x000000008cc2d000, 0x000000008cc30000,
0x000000008cc31000, 0x000000008cc32800, 0x000000008cc34000, 0x000000008cc47000,
0x00007fd3b8001800
}

Java Threads: ( => current thread )
  0x00000000897ee000 JavaThread "main" [_thread_in_native, id=26591, stack(0x00007ffefb13c000,0x00007ffefb23c000)]
  0x000000008cc2c000 JavaThread "Reference Handler" daemon [_thread_blocked, id=26670, stack(0x00007fd44f5ff000,0x00007fd44f6ff000)]
  0x000000008cc2d000 JavaThread "Finalizer" daemon [_thread_blocked, id=26671, stack(0x00007fd44f4ff000,0x00007fd44f5ff000)]
  0x000000008cc30000 JavaThread "Service Thread" daemon [_thread_blocked, id=26673, stack(0x00007fd44f2ff000,0x00007fd44f3ff000)]
  0x000000008cc31000 JavaThread "C2 CompilerThread0" daemon [_thread_blocked, id=26674, stack(0x00007fd44ed00000,0x00007fd44ee00000)]
  0x000000008cc32800 JavaThread "C1 CompilerThread0" daemon [_thread_blocked, id=26675, stack(0x00007fd44ec00000,0x00007fd44ed00000)]
  0x000000008cc34000 JavaThread "Sweeper thread" daemon [_thread_blocked, id=26676, stack(0x00007fd43fb00000,0x00007fd43fc00000)]
  0x000000008cc47000 JavaThread "Common-Cleaner" daemon [_thread_blocked, id=26679, stack(0x00007fd43d7ff000,0x00007fd43d8ff000)]
  0x00007fd3b8001800 JavaThread "SIGTERM handler" daemon [_thread_blocked, id=26822, stack(0x00007fd66ad01000,0x00007fd66ae01000)]

Other Threads:
=>0x000000008cc2b000 VMThread "VM Thread" [stack: 0x00007fd44f700000,0x00007fd44f800000] [id=26669]
  0x000000008993d800 GCTaskThread "GC Thread#0" [stack: 0x00007fd4545fc000,0x00007fd4546fc000] [id=26664]
  0x00007fd3d0001800 GCTaskThread "GC Thread#1" [stack: 0x00007fd43d0ff000,0x00007fd43d1ff000] [id=26686]
  0x00007fd3d0003000 GCTaskThread "GC Thread#2" [stack: 0x00007fd43cffe000,0x00007fd43d0fe000] [id=26687]
  0x00007fd3d0004800 GCTaskThread "GC Thread#3" [stack: 0x00007fd43cefd000,0x00007fd43cffd000] [id=26688]
  0x00007fd3d0006800 GCTaskThread "GC Thread#4" [stack: 0x00007fd43cdfc000,0x00007fd43cefc000] [id=26689]
  0x00007fd3d0008000 GCTaskThread "GC Thread#5" [stack: 0x00007fd43ccfb000,0x00007fd43cdfb000] [id=26690]
  0x00007fd3d000a000 GCTaskThread "GC Thread#6" [stack: 0x00007fd43cbfa000,0x00007fd43ccfa000] [id=26691]
  0x00007fd3d000b800 GCTaskThread "GC Thread#7" [stack: 0x00007fd43caf9000,0x00007fd43cbf9000] [id=26692]
  0x00007fd3d000d000 GCTaskThread "GC Thread#8" [stack: 0x00007fd43c9f8000,0x00007fd43caf8000] [id=26693]
  0x00007fd3d000f000 GCTaskThread "GC Thread#9" [stack: 0x00007fd43c8f7000,0x00007fd43c9f7000] [id=26694]
  0x00007fd3d0010800 GCTaskThread "GC Thread#10" [stack: 0x00007fd43c7f6000,0x00007fd43c8f6000] [id=26695]
  0x00007fd3d0012800 GCTaskThread "GC Thread#11" [stack: 0x00007fd43c6f5000,0x00007fd43c7f5000] [id=26696]
  0x00007fd3d0014000 GCTaskThread "GC Thread#12" [stack: 0x00007fd43c5f4000,0x00007fd43c6f4000] [id=26697]
  0x00007fd3d0015800 GCTaskThread "GC Thread#13" [stack: 0x00007fd43c4f3000,0x00007fd43c5f3000] [id=26698]
  0x00007fd3d0017800 GCTaskThread "GC Thread#14" [stack: 0x00007fd43c3f2000,0x00007fd43c4f2000] [id=26699]
  0x00007fd3d0019000 GCTaskThread "GC Thread#15" [stack: 0x00007fd43c2f1000,0x00007fd43c3f1000] [id=26700]
  0x00007fd3d001b000 GCTaskThread "GC Thread#16" [stack: 0x00007fd43c1f0000,0x00007fd43c2f0000] [id=26701]
  0x00007fd3d001c800 GCTaskThread "GC Thread#17" [stack: 0x00007fd43c0ef000,0x00007fd43c1ef000] [id=26702]
  0x00007fd3d001e800 GCTaskThread "GC Thread#18" [stack: 0x00007fd3f4700000,0x00007fd3f4800000] [id=26703]
  0x00007fd3d0020000 GCTaskThread "GC Thread#19" [stack: 0x00007fd3f45ff000,0x00007fd3f46ff000] [id=26704]
  0x00007fd3d0021800 GCTaskThread "GC Thread#20" [stack: 0x00007fd3f44fe000,0x00007fd3f45fe000] [id=26705]
  0x00007fd3d0023800 GCTaskThread "GC Thread#21" [stack: 0x00007fd3f43fd000,0x00007fd3f44fd000] [id=26706]
  0x00007fd3d0025000 GCTaskThread "GC Thread#22" [stack: 0x00007fd3f42fc000,0x00007fd3f43fc000] [id=26707]
  0x0000000089938800 ConcurrentGCThread "G1 Main Marker" [stack: 0x00007fd450900000,0x00007fd450a00000] [id=26665]
  0x000000008992f800 ConcurrentGCThread "G1 Conc#0" [stack: 0x00007fd450300000,0x00007fd450400000] [id=26666]
  0x000000008caa3000 ConcurrentGCThread "G1 Refine#0" [stack: 0x00007fd4501ff000,0x00007fd4502ff000] [id=26667]
  0x000000008caa4000 ConcurrentGCThread "G1 Young RemSet Sampling" [stack: 0x00007fd4500fe000,0x00007fd4501fe000] [id=26668]

Threads with active compile tasks:

VM state:at safepoint (shutting down)

VM Mutex/Monitor currently owned by a thread:  ([mutex/lock_event])
[0x0000000083d23c10] Threads_lock - owner thread: 0x000000008cc2b000

Heap address: 0x0000001000400000, size: 30688 MB, Compressed Oops mode: Non-zero disjoint base: 0x0000001000000000, Oop shift amount: 3
Narrow klass base: 0x0000000800000000, Narrow klass shift: 3
Compressed class space size: 1073741824 Address: 0x0000000840000000

Heap:
 garbage-first heap   total 2105344K, used 601148K [0x0000001000400000, 0x000000177e400000)
  region size 4096K, 118 young (483328K), 1 survivors (4096K)
 Metaspace       used 6060K, capacity 7528K, committed 7680K, reserved 1056768K
  class space    used 723K, capacity 1010K, committed 1024K, reserved 1048576K
Heap Regions: E=young(eden), S=young(survivor), O=old, HS=humongous(starts), HC=humongous(continues), CS=collection set, F=free, A=archive, TAMS=top-at-mark-start (previous, next)
|   0|0x0000001000400000, 0x0000001000800000, 0x0000001000800000|100%|HS|  |TAMS 0x0000001000400000, 0x0000001000400000| Complete 
|   1|0x0000001000800000, 0x0000001000c00000, 0x0000001000c00000|100%|HC|  |TAMS 0x0000001000800000, 0x0000001000800000| Complete 
|   2|0x0000001000c00000, 0x0000001001000000, 0x0000001001000000|100%|HS|  |TAMS 0x0000001000c00000, 0x0000001000c00000| Complete 
|   3|0x0000001001000000, 0x0000001001400000, 0x0000001001400000|100%|HC|  |TAMS 0x0000001001000000, 0x0000001001000000| Complete 
|   4|0x0000001001400000, 0x0000001001800000, 0x0000001001800000|100%|HC|  |TAMS 0x0000001001400000, 0x0000001001400000| Complete 
|   5|0x0000001001800000, 0x0000001001c00000, 0x0000001001c00000|100%|HC|  |TAMS 0x0000001001800000, 0x0000001001800000| Complete 
|   6|0x0000001001c00000, 0x0000001002000000, 0x0000001002000000|100%|HC|  |TAMS 0x0000001001c00000, 0x0000001001c00000| Complete 
|   7|0x0000001002000000, 0x0000001002400000, 0x0000001002400000|100%|HC|  |TAMS 0x0000001002000000, 0x0000001002000000| Complete 
|   8|0x0000001002400000, 0x0000001002800000, 0x0000001002800000|100%|HC|  |TAMS 0x0000001002400000, 0x0000001002400000| Complete 
|   9|0x0000001002800000, 0x0000001002c00000, 0x0000001002c00000|100%|HC|  |TAMS 0x0000001002800000, 0x0000001002800000| Complete 
|  10|0x0000001002c00000, 0x0000001003000000, 0x0000001003000000|100%|HC|  |TAMS 0x0000001002c00000, 0x0000001002c00000| Complete 
|  11|0x0000001003000000, 0x0000001003400000, 0x0000001003400000|100%|HS|  |TAMS 0x0000001003000000, 0x0000001003000000| Complete 
|  12|0x0000001003400000, 0x0000001003800000, 0x0000001003800000|100%|HC|  |TAMS 0x0000001003400000, 0x0000001003400000| Complete 
|  13|0x0000001003800000, 0x0000001003c00000, 0x0000001003c00000|100%|HS|  |TAMS 0x0000001003800000, 0x0000001003800000| Complete 
|  14|0x0000001003c00000, 0x0000001004000000, 0x0000001004000000|100%|HC|  |TAMS 0x0000001003c00000, 0x0000001003c00000| Complete 
|  15|0x0000001004000000, 0x0000001004400000, 0x0000001004400000|100%|HC|  |TAMS 0x0000001004000000, 0x0000001004000000| Complete 
|  16|0x0000001004400000, 0x0000001004800000, 0x0000001004800000|100%|HC|  |TAMS 0x0000001004400000, 0x0000001004400000| Complete 
|  17|0x0000001004800000, 0x0000001004c00000, 0x0000001004c00000|100%|HC|  |TAMS 0x0000001004800000, 0x0000001004800000| Complete 
|  18|0x0000001004c00000, 0x0000001005000000, 0x0000001005000000|100%|HC|  |TAMS 0x0000001004c00000, 0x0000001004c00000| Complete 
|  19|0x0000001005000000, 0x0000001005400000, 0x0000001005400000|100%|HC|  |TAMS 0x0000001005000000, 0x0000001005000000| Complete 
|  20|0x0000001005400000, 0x0000001005800000, 0x0000001005800000|100%|HC|  |TAMS 0x0000001005400000, 0x0000001005400000| Complete 
|  21|0x0000001005800000, 0x0000001005c00000, 0x0000001005c00000|100%|HC|  |TAMS 0x0000001005800000, 0x0000001005800000| Complete 
|  22|0x0000001005c00000, 0x0000001006000000, 0x0000001006000000|100%|HC|  |TAMS 0x0000001005c00000, 0x0000001005c00000| Complete 
|  23|0x0000001006000000, 0x0000001006400000, 0x0000001006400000|100%|HC|  |TAMS 0x0000001006000000, 0x0000001006000000| Complete 
|  24|0x0000001006400000, 0x0000001006800000, 0x0000001006800000|100%|HC|  |TAMS 0x0000001006400000, 0x0000001006400000| Complete 
|  25|0x0000001006800000, 0x0000001006c00000, 0x0000001006c00000|100%|HC|  |TAMS 0x0000001006800000, 0x0000001006800000| Complete 
|  26|0x0000001006c00000, 0x0000001007000000, 0x0000001007000000|100%|HC|  |TAMS 0x0000001006c00000, 0x0000001006c00000| Complete 
|  27|0x0000001007000000, 0x0000001007400000, 0x0000001007400000|100%|HC|  |TAMS 0x0000001007000000, 0x0000001007000000| Complete 
|  28|0x0000001007400000, 0x0000001007800000, 0x0000001007800000|100%|HC|  |TAMS 0x0000001007400000, 0x0000001007400000| Complete 
|  29|0x0000001007800000, 0x0000001007c00000, 0x0000001007c00000|100%|HC|  |TAMS 0x0000001007800000, 0x0000001007800000| Complete 
|  30|0x0000001007c00000, 0x0000001007c00000, 0x0000001008000000|  0%| F|  |TAMS 0x0000001007c00000, 0x0000001007c00000| Untracked 
|  31|0x0000001008000000, 0x0000001008000000, 0x0000001008400000|  0%| F|  |TAMS 0x0000001008000000, 0x0000001008000000| Untracked 
|  32|0x0000001008400000, 0x0000001008400000, 0x0000001008800000|  0%| F|  |TAMS 0x0000001008400000, 0x0000001008400000| Untracked 
|  33|0x0000001008800000, 0x0000001008800000, 0x0000001008c00000|  0%| F|  |TAMS 0x0000001008800000, 0x0000001008800000| Untracked 
|  34|0x0000001008c00000, 0x0000001008c00000, 0x0000001009000000|  0%| F|  |TAMS 0x0000001008c00000, 0x0000001008c00000| Untracked 
|  35|0x0000001009000000, 0x0000001009000000, 0x0000001009400000|  0%| F|  |TAMS 0x0000001009000000, 0x0000001009000000| Untracked 
|  36|0x0000001009400000, 0x0000001009400000, 0x0000001009800000|  0%| F|  |TAMS 0x0000001009400000, 0x0000001009400000| Untracked 
|  37|0x0000001009800000, 0x0000001009800000, 0x0000001009c00000|  0%| F|  |TAMS 0x0000001009800000, 0x0000001009800000| Untracked 
|  38|0x0000001009c00000, 0x0000001009c00000, 0x000000100a000000|  0%| F|  |TAMS 0x0000001009c00000, 0x0000001009c00000| Untracked 
|  39|0x000000100a000000, 0x000000100a000000, 0x000000100a400000|  0%| F|  |TAMS 0x000000100a000000, 0x000000100a000000| Untracked 
|  40|0x000000100a400000, 0x000000100a400000, 0x000000100a800000|  0%| F|  |TAMS 0x000000100a400000, 0x000000100a400000| Untracked 
|  41|0x000000100a800000, 0x000000100a800000, 0x000000100ac00000|  0%| F|  |TAMS 0x000000100a800000, 0x000000100a800000| Untracked 
|  42|0x000000100ac00000, 0x000000100ac00000, 0x000000100b000000|  0%| F|  |TAMS 0x000000100ac00000, 0x000000100ac00000| Untracked 
|  43|0x000000100b000000, 0x000000100b000000, 0x000000100b400000|  0%| F|  |TAMS 0x000000100b000000, 0x000000100b000000| Untracked 
|  44|0x000000100b400000, 0x000000100b400000, 0x000000100b800000|  0%| F|  |TAMS 0x000000100b400000, 0x000000100b400000| Untracked 
|  45|0x000000100b800000, 0x000000100b800000, 0x000000100bc00000|  0%| F|  |TAMS 0x000000100b800000, 0x000000100b800000| Untracked 
|  46|0x000000100bc00000, 0x000000100bc00000, 0x000000100c000000|  0%| F|  |TAMS 0x000000100bc00000, 0x000000100bc00000| Untracked 
|  47|0x000000100c000000, 0x000000100c000000, 0x000000100c400000|  0%| F|  |TAMS 0x000000100c000000, 0x000000100c000000| Untracked 
|  48|0x000000100c400000, 0x000000100c400000, 0x000000100c800000|  0%| F|  |TAMS 0x000000100c400000, 0x000000100c400000| Untracked 
|  49|0x000000100c800000, 0x000000100c800000, 0x000000100cc00000|  0%| F|  |TAMS 0x000000100c800000, 0x000000100c800000| Untracked 
|  50|0x000000100cc00000, 0x000000100cc00000, 0x000000100d000000|  0%| F|  |TAMS 0x000000100cc00000, 0x000000100cc00000| Untracked 
|  51|0x000000100d000000, 0x000000100d000000, 0x000000100d400000|  0%| F|  |TAMS 0x000000100d000000, 0x000000100d000000| Untracked 
|  52|0x000000100d400000, 0x000000100d400000, 0x000000100d800000|  0%| F|  |TAMS 0x000000100d400000, 0x000000100d400000| Untracked 
|  53|0x000000100d800000, 0x000000100d800000, 0x000000100dc00000|  0%| F|  |TAMS 0x000000100d800000, 0x000000100d800000| Untracked 
|  54|0x000000100dc00000, 0x000000100dc00000, 0x000000100e000000|  0%| F|  |TAMS 0x000000100dc00000, 0x000000100dc00000| Untracked 
|  55|0x000000100e000000, 0x000000100e000000, 0x000000100e400000|  0%| F|  |TAMS 0x000000100e000000, 0x000000100e000000| Untracked 
|  56|0x000000100e400000, 0x000000100e400000, 0x000000100e800000|  0%| F|  |TAMS 0x000000100e400000, 0x000000100e400000| Untracked 
|  57|0x000000100e800000, 0x000000100e800000, 0x000000100ec00000|  0%| F|  |TAMS 0x000000100e800000, 0x000000100e800000| Untracked 
|  58|0x000000100ec00000, 0x000000100ec00000, 0x000000100f000000|  0%| F|  |TAMS 0x000000100ec00000, 0x000000100ec00000| Untracked 
|  59|0x000000100f000000, 0x000000100f000000, 0x000000100f400000|  0%| F|  |TAMS 0x000000100f000000, 0x000000100f000000| Untracked 
|  60|0x000000100f400000, 0x000000100f400000, 0x000000100f800000|  0%| F|  |TAMS 0x000000100f400000, 0x000000100f400000| Untracked 
|  61|0x000000100f800000, 0x000000100f800000, 0x000000100fc00000|  0%| F|  |TAMS 0x000000100f800000, 0x000000100f800000| Untracked 
|  62|0x000000100fc00000, 0x000000100fc00000, 0x0000001010000000|  0%| F|  |TAMS 0x000000100fc00000, 0x000000100fc00000| Untracked 
|  63|0x0000001010000000, 0x0000001010000000, 0x0000001010400000|  0%| F|  |TAMS 0x0000001010000000, 0x0000001010000000| Untracked 
|  64|0x0000001010400000, 0x0000001010400000, 0x0000001010800000|  0%| F|  |TAMS 0x0000001010400000, 0x0000001010400000| Untracked 
|  65|0x0000001010800000, 0x0000001010800000, 0x0000001010c00000|  0%| F|  |TAMS 0x0000001010800000, 0x0000001010800000| Untracked 
|  66|0x0000001010c00000, 0x0000001010c00000, 0x0000001011000000|  0%| F|  |TAMS 0x0000001010c00000, 0x0000001010c00000| Untracked 
|  67|0x0000001011000000, 0x0000001011000000, 0x0000001011400000|  0%| F|  |TAMS 0x0000001011000000, 0x0000001011000000| Untracked 
|  68|0x0000001011400000, 0x0000001011400000, 0x0000001011800000|  0%| F|  |TAMS 0x0000001011400000, 0x0000001011400000| Untracked 
|  69|0x0000001011800000, 0x0000001011800000, 0x0000001011c00000|  0%| F|  |TAMS 0x0000001011800000, 0x0000001011800000| Untracked 
|  70|0x0000001011c00000, 0x0000001011c00000, 0x0000001012000000|  0%| F|  |TAMS 0x0000001011c00000, 0x0000001011c00000| Untracked 
|  71|0x0000001012000000, 0x0000001012000000, 0x0000001012400000|  0%| F|  |TAMS 0x0000001012000000, 0x0000001012000000| Untracked 
|  72|0x0000001012400000, 0x0000001012400000, 0x0000001012800000|  0%| F|  |TAMS 0x0000001012400000, 0x0000001012400000| Untracked 
|  73|0x0000001012800000, 0x0000001012800000, 0x0000001012c00000|  0%| F|  |TAMS 0x0000001012800000, 0x0000001012800000| Untracked 
|  74|0x0000001012c00000, 0x0000001012c00000, 0x0000001013000000|  0%| F|  |TAMS 0x0000001012c00000, 0x0000001012c00000| Untracked 
|  75|0x0000001013000000, 0x0000001013000000, 0x0000001013400000|  0%| F|  |TAMS 0x0000001013000000, 0x0000001013000000| Untracked 
|  76|0x0000001013400000, 0x0000001013400000, 0x0000001013800000|  0%| F|  |TAMS 0x0000001013400000, 0x0000001013400000| Untracked 
|  77|0x0000001013800000, 0x0000001013800000, 0x0000001013c00000|  0%| F|  |TAMS 0x0000001013800000, 0x0000001013800000| Untracked 
|  78|0x0000001013c00000, 0x0000001013c00000, 0x0000001014000000|  0%| F|  |TAMS 0x0000001013c00000, 0x0000001013c00000| Untracked 
|  79|0x0000001014000000, 0x0000001014000000, 0x0000001014400000|  0%| F|  |TAMS 0x0000001014000000, 0x0000001014000000| Untracked 
|  80|0x0000001014400000, 0x0000001014400000, 0x0000001014800000|  0%| F|  |TAMS 0x0000001014400000, 0x0000001014400000| Untracked 
|  81|0x0000001014800000, 0x0000001014800000, 0x0000001014c00000|  0%| F|  |TAMS 0x0000001014800000, 0x0000001014800000| Untracked 
|  82|0x0000001014c00000, 0x0000001014c00000, 0x0000001015000000|  0%| F|  |TAMS 0x0000001014c00000, 0x0000001014c00000| Untracked 
|  83|0x0000001015000000, 0x0000001015000000, 0x0000001015400000|  0%| F|  |TAMS 0x0000001015000000, 0x0000001015000000| Untracked 
|  84|0x0000001015400000, 0x0000001015400000, 0x0000001015800000|  0%| F|  |TAMS 0x0000001015400000, 0x0000001015400000| Untracked 
|  85|0x0000001015800000, 0x0000001015800000, 0x0000001015c00000|  0%| F|  |TAMS 0x0000001015800000, 0x0000001015800000| Untracked 
|  86|0x0000001015c00000, 0x0000001015c00000, 0x0000001016000000|  0%| F|  |TAMS 0x0000001015c00000, 0x0000001015c00000| Untracked 
|  87|0x0000001016000000, 0x0000001016000000, 0x0000001016400000|  0%| F|  |TAMS 0x0000001016000000, 0x0000001016000000| Untracked 
|  88|0x0000001016400000, 0x0000001016400000, 0x0000001016800000|  0%| F|  |TAMS 0x0000001016400000, 0x0000001016400000| Untracked 
|  89|0x0000001016800000, 0x0000001016800000, 0x0000001016c00000|  0%| F|  |TAMS 0x0000001016800000, 0x0000001016800000| Untracked 
|  90|0x0000001016c00000, 0x0000001016c00000, 0x0000001017000000|  0%| F|  |TAMS 0x0000001016c00000, 0x0000001016c00000| Untracked 
|  91|0x0000001017000000, 0x0000001017000000, 0x0000001017400000|  0%| F|  |TAMS 0x0000001017000000, 0x0000001017000000| Untracked 
|  92|0x0000001017400000, 0x0000001017400000, 0x0000001017800000|  0%| F|  |TAMS 0x0000001017400000, 0x0000001017400000| Untracked 
|  93|0x0000001017800000, 0x0000001017800000, 0x0000001017c00000|  0%| F|  |TAMS 0x0000001017800000, 0x0000001017800000| Untracked 
|  94|0x0000001017c00000, 0x0000001017c00000, 0x0000001018000000|  0%| F|  |TAMS 0x0000001017c00000, 0x0000001017c00000| Untracked 
|  95|0x0000001018000000, 0x0000001018000000, 0x0000001018400000|  0%| F|  |TAMS 0x0000001018000000, 0x0000001018000000| Untracked 
|  96|0x0000001018400000, 0x0000001018400000, 0x0000001018800000|  0%| F|  |TAMS 0x0000001018400000, 0x0000001018400000| Untracked 
|  97|0x0000001018800000, 0x0000001018800000, 0x0000001018c00000|  0%| F|  |TAMS 0x0000001018800000, 0x0000001018800000| Untracked 
|  98|0x0000001018c00000, 0x0000001018c00000, 0x0000001019000000|  0%| F|  |TAMS 0x0000001018c00000, 0x0000001018c00000| Untracked 
|  99|0x0000001019000000, 0x0000001019000000, 0x0000001019400000|  0%| F|  |TAMS 0x0000001019000000, 0x0000001019000000| Untracked 
| 100|0x0000001019400000, 0x0000001019400000, 0x0000001019800000|  0%| F|  |TAMS 0x0000001019400000, 0x0000001019400000| Untracked 
| 101|0x0000001019800000, 0x0000001019800000, 0x0000001019c00000|  0%| F|  |TAMS 0x0000001019800000, 0x0000001019800000| Untracked 
| 102|0x0000001019c00000, 0x0000001019c00000, 0x000000101a000000|  0%| F|  |TAMS 0x0000001019c00000, 0x0000001019c00000| Untracked 
| 103|0x000000101a000000, 0x000000101a000000, 0x000000101a400000|  0%| F|  |TAMS 0x000000101a000000, 0x000000101a000000| Untracked 
| 104|0x000000101a400000, 0x000000101a400000, 0x000000101a800000|  0%| F|  |TAMS 0x000000101a400000, 0x000000101a400000| Untracked 
| 105|0x000000101a800000, 0x000000101a800000, 0x000000101ac00000|  0%| F|  |TAMS 0x000000101a800000, 0x000000101a800000| Untracked 
| 106|0x000000101ac00000, 0x000000101ac00000, 0x000000101b000000|  0%| F|  |TAMS 0x000000101ac00000, 0x000000101ac00000| Untracked 
| 107|0x000000101b000000, 0x000000101b000000, 0x000000101b400000|  0%| F|  |TAMS 0x000000101b000000, 0x000000101b000000| Untracked 
| 108|0x000000101b400000, 0x000000101b400000, 0x000000101b800000|  0%| F|  |TAMS 0x000000101b400000, 0x000000101b400000| Untracked 
| 109|0x000000101b800000, 0x000000101b800000, 0x000000101bc00000|  0%| F|  |TAMS 0x000000101b800000, 0x000000101b800000| Untracked 
| 110|0x000000101bc00000, 0x000000101bc00000, 0x000000101c000000|  0%| F|  |TAMS 0x000000101bc00000, 0x000000101bc00000| Untracked 
| 111|0x000000101c000000, 0x000000101c000000, 0x000000101c400000|  0%| F|  |TAMS 0x000000101c000000, 0x000000101c000000| Untracked 
| 112|0x000000101c400000, 0x000000101c400000, 0x000000101c800000|  0%| F|  |TAMS 0x000000101c400000, 0x000000101c400000| Untracked 
| 113|0x000000101c800000, 0x000000101c800000, 0x000000101cc00000|  0%| F|  |TAMS 0x000000101c800000, 0x000000101c800000| Untracked 
| 114|0x000000101cc00000, 0x000000101cc00000, 0x000000101d000000|  0%| F|  |TAMS 0x000000101cc00000, 0x000000101cc00000| Untracked 
| 115|0x000000101d000000, 0x000000101d000000, 0x000000101d400000|  0%| F|  |TAMS 0x000000101d000000, 0x000000101d000000| Untracked 
| 116|0x000000101d400000, 0x000000101d400000, 0x000000101d800000|  0%| F|  |TAMS 0x000000101d400000, 0x000000101d400000| Untracked 
| 117|0x000000101d800000, 0x000000101d800000, 0x000000101dc00000|  0%| F|  |TAMS 0x000000101d800000, 0x000000101d800000| Untracked 
| 118|0x000000101dc00000, 0x000000101dc00000, 0x000000101e000000|  0%| F|  |TAMS 0x000000101dc00000, 0x000000101dc00000| Untracked 
| 119|0x000000101e000000, 0x000000101e000000, 0x000000101e400000|  0%| F|  |TAMS 0x000000101e000000, 0x000000101e000000| Untracked 
| 120|0x000000101e400000, 0x000000101e400000, 0x000000101e800000|  0%| F|  |TAMS 0x000000101e400000, 0x000000101e400000| Untracked 
| 121|0x000000101e800000, 0x000000101e800000, 0x000000101ec00000|  0%| F|  |TAMS 0x000000101e800000, 0x000000101e800000| Untracked 
| 122|0x000000101ec00000, 0x000000101ec00000, 0x000000101f000000|  0%| F|  |TAMS 0x000000101ec00000, 0x000000101ec00000| Untracked 
| 123|0x000000101f000000, 0x000000101f000000, 0x000000101f400000|  0%| F|  |TAMS 0x000000101f000000, 0x000000101f000000| Untracked 
| 124|0x000000101f400000, 0x000000101f400000, 0x000000101f800000|  0%| F|  |TAMS 0x000000101f400000, 0x000000101f400000| Untracked 
| 125|0x000000101f800000, 0x000000101f800000, 0x000000101fc00000|  0%| F|  |TAMS 0x000000101f800000, 0x000000101f800000| Untracked 
| 126|0x000000101fc00000, 0x000000101fc00000, 0x0000001020000000|  0%| F|  |TAMS 0x000000101fc00000, 0x000000101fc00000| Untracked 
| 127|0x0000001020000000, 0x0000001020000000, 0x0000001020400000|  0%| F|  |TAMS 0x0000001020000000, 0x0000001020000000| Untracked 
| 128|0x0000001020400000, 0x0000001020400000, 0x0000001020800000|  0%| F|  |TAMS 0x0000001020400000, 0x0000001020400000| Untracked 
| 129|0x0000001020800000, 0x0000001020800000, 0x0000001020c00000|  0%| F|  |TAMS 0x0000001020800000, 0x0000001020800000| Untracked 
| 130|0x0000001020c00000, 0x0000001020c00000, 0x0000001021000000|  0%| F|  |TAMS 0x0000001020c00000, 0x0000001020c00000| Untracked 
| 131|0x0000001021000000, 0x0000001021000000, 0x0000001021400000|  0%| F|  |TAMS 0x0000001021000000, 0x0000001021000000| Untracked 
| 132|0x0000001021400000, 0x0000001021400000, 0x0000001021800000|  0%| F|  |TAMS 0x0000001021400000, 0x0000001021400000| Untracked 
| 133|0x0000001021800000, 0x0000001021800000, 0x0000001021c00000|  0%| F|  |TAMS 0x0000001021800000, 0x0000001021800000| Untracked 
| 134|0x0000001021c00000, 0x0000001021c00000, 0x0000001022000000|  0%| F|  |TAMS 0x0000001021c00000, 0x0000001021c00000| Untracked 
| 135|0x0000001022000000, 0x0000001022000000, 0x0000001022400000|  0%| F|  |TAMS 0x0000001022000000, 0x0000001022000000| Untracked 
| 136|0x0000001022400000, 0x0000001022400000, 0x0000001022800000|  0%| F|  |TAMS 0x0000001022400000, 0x0000001022400000| Untracked 
| 137|0x0000001022800000, 0x0000001022800000, 0x0000001022c00000|  0%| F|  |TAMS 0x0000001022800000, 0x0000001022800000| Untracked 
| 138|0x0000001022c00000, 0x0000001022c00000, 0x0000001023000000|  0%| F|  |TAMS 0x0000001022c00000, 0x0000001022c00000| Untracked 
| 139|0x0000001023000000, 0x0000001023000000, 0x0000001023400000|  0%| F|  |TAMS 0x0000001023000000, 0x0000001023000000| Untracked 
| 140|0x0000001023400000, 0x0000001023400000, 0x0000001023800000|  0%| F|  |TAMS 0x0000001023400000, 0x0000001023400000| Untracked 
| 141|0x0000001023800000, 0x0000001023800000, 0x0000001023c00000|  0%| F|  |TAMS 0x0000001023800000, 0x0000001023800000| Untracked 
| 142|0x0000001023c00000, 0x0000001023c00000, 0x0000001024000000|  0%| F|  |TAMS 0x0000001023c00000, 0x0000001023c00000| Untracked 
| 143|0x0000001024000000, 0x0000001024000000, 0x0000001024400000|  0%| F|  |TAMS 0x0000001024000000, 0x0000001024000000| Untracked 
| 144|0x0000001024400000, 0x0000001024400000, 0x0000001024800000|  0%| F|  |TAMS 0x0000001024400000, 0x0000001024400000| Untracked 
| 145|0x0000001024800000, 0x0000001024800000, 0x0000001024c00000|  0%| F|  |TAMS 0x0000001024800000, 0x0000001024800000| Untracked 
| 146|0x0000001024c00000, 0x0000001024c00000, 0x0000001025000000|  0%| F|  |TAMS 0x0000001024c00000, 0x0000001024c00000| Untracked 
| 147|0x0000001025000000, 0x0000001025000000, 0x0000001025400000|  0%| F|  |TAMS 0x0000001025000000, 0x0000001025000000| Untracked 
| 148|0x0000001025400000, 0x0000001025400000, 0x0000001025800000|  0%| F|  |TAMS 0x0000001025400000, 0x0000001025400000| Untracked 
| 149|0x0000001025800000, 0x0000001025800000, 0x0000001025c00000|  0%| F|  |TAMS 0x0000001025800000, 0x0000001025800000| Untracked 
| 150|0x0000001025c00000, 0x0000001025c00000, 0x0000001026000000|  0%| F|  |TAMS 0x0000001025c00000, 0x0000001025c00000| Untracked 
| 151|0x0000001026000000, 0x0000001026000000, 0x0000001026400000|  0%| F|  |TAMS 0x0000001026000000, 0x0000001026000000| Untracked 
| 152|0x0000001026400000, 0x0000001026400000, 0x0000001026800000|  0%| F|  |TAMS 0x0000001026400000, 0x0000001026400000| Untracked 
| 153|0x0000001026800000, 0x0000001026800000, 0x0000001026c00000|  0%| F|  |TAMS 0x0000001026800000, 0x0000001026800000| Untracked 
| 154|0x0000001026c00000, 0x0000001026c00000, 0x0000001027000000|  0%| F|  |TAMS 0x0000001026c00000, 0x0000001026c00000| Untracked 
| 155|0x0000001027000000, 0x0000001027000000, 0x0000001027400000|  0%| F|  |TAMS 0x0000001027000000, 0x0000001027000000| Untracked 
| 156|0x0000001027400000, 0x0000001027400000, 0x0000001027800000|  0%| F|  |TAMS 0x0000001027400000, 0x0000001027400000| Untracked 
| 157|0x0000001027800000, 0x0000001027800000, 0x0000001027c00000|  0%| F|  |TAMS 0x0000001027800000, 0x0000001027800000| Untracked 
| 158|0x0000001027c00000, 0x0000001027c00000, 0x0000001028000000|  0%| F|  |TAMS 0x0000001027c00000, 0x0000001027c00000| Untracked 
| 159|0x0000001028000000, 0x0000001028000000, 0x0000001028400000|  0%| F|  |TAMS 0x0000001028000000, 0x0000001028000000| Untracked 
| 160|0x0000001028400000, 0x0000001028400000, 0x0000001028800000|  0%| F|  |TAMS 0x0000001028400000, 0x0000001028400000| Untracked 
| 161|0x0000001028800000, 0x0000001028800000, 0x0000001028c00000|  0%| F|  |TAMS 0x0000001028800000, 0x0000001028800000| Untracked 
| 162|0x0000001028c00000, 0x0000001028c00000, 0x0000001029000000|  0%| F|  |TAMS 0x0000001028c00000, 0x0000001028c00000| Untracked 
| 163|0x0000001029000000, 0x0000001029000000, 0x0000001029400000|  0%| F|  |TAMS 0x0000001029000000, 0x0000001029000000| Untracked 
| 164|0x0000001029400000, 0x0000001029400000, 0x0000001029800000|  0%| F|  |TAMS 0x0000001029400000, 0x0000001029400000| Untracked 
| 165|0x0000001029800000, 0x0000001029800000, 0x0000001029c00000|  0%| F|  |TAMS 0x0000001029800000, 0x0000001029800000| Untracked 
| 166|0x0000001029c00000, 0x0000001029c00000, 0x000000102a000000|  0%| F|  |TAMS 0x0000001029c00000, 0x0000001029c00000| Untracked 
| 167|0x000000102a000000, 0x000000102a000000, 0x000000102a400000|  0%| F|  |TAMS 0x000000102a000000, 0x000000102a000000| Untracked 
| 168|0x000000102a400000, 0x000000102a400000, 0x000000102a800000|  0%| F|  |TAMS 0x000000102a400000, 0x000000102a400000| Untracked 
| 169|0x000000102a800000, 0x000000102a800000, 0x000000102ac00000|  0%| F|  |TAMS 0x000000102a800000, 0x000000102a800000| Untracked 
| 170|0x000000102ac00000, 0x000000102ac00000, 0x000000102b000000|  0%| F|  |TAMS 0x000000102ac00000, 0x000000102ac00000| Untracked 
| 171|0x000000102b000000, 0x000000102b000000, 0x000000102b400000|  0%| F|  |TAMS 0x000000102b000000, 0x000000102b000000| Untracked 
| 172|0x000000102b400000, 0x000000102b400000, 0x000000102b800000|  0%| F|  |TAMS 0x000000102b400000, 0x000000102b400000| Untracked 
| 173|0x000000102b800000, 0x000000102b800000, 0x000000102bc00000|  0%| F|  |TAMS 0x000000102b800000, 0x000000102b800000| Untracked 
| 174|0x000000102bc00000, 0x000000102bc00000, 0x000000102c000000|  0%| F|  |TAMS 0x000000102bc00000, 0x000000102bc00000| Untracked 
| 175|0x000000102c000000, 0x000000102c000000, 0x000000102c400000|  0%| F|  |TAMS 0x000000102c000000, 0x000000102c000000| Untracked 
| 176|0x000000102c400000, 0x000000102c400000, 0x000000102c800000|  0%| F|  |TAMS 0x000000102c400000, 0x000000102c400000| Untracked 
| 177|0x000000102c800000, 0x000000102c800000, 0x000000102cc00000|  0%| F|  |TAMS 0x000000102c800000, 0x000000102c800000| Untracked 
| 178|0x000000102cc00000, 0x000000102cc00000, 0x000000102d000000|  0%| F|  |TAMS 0x000000102cc00000, 0x000000102cc00000| Untracked 
| 179|0x000000102d000000, 0x000000102d000000, 0x000000102d400000|  0%| F|  |TAMS 0x000000102d000000, 0x000000102d000000| Untracked 
| 180|0x000000102d400000, 0x000000102d400000, 0x000000102d800000|  0%| F|  |TAMS 0x000000102d400000, 0x000000102d400000| Untracked 
| 181|0x000000102d800000, 0x000000102d800000, 0x000000102dc00000|  0%| F|  |TAMS 0x000000102d800000, 0x000000102d800000| Untracked 
| 182|0x000000102dc00000, 0x000000102dc00000, 0x000000102e000000|  0%| F|  |TAMS 0x000000102dc00000, 0x000000102dc00000| Untracked 
| 183|0x000000102e000000, 0x000000102e000000, 0x000000102e400000|  0%| F|  |TAMS 0x000000102e000000, 0x000000102e000000| Untracked 
| 184|0x000000102e400000, 0x000000102e400000, 0x000000102e800000|  0%| F|  |TAMS 0x000000102e400000, 0x000000102e400000| Untracked 
| 185|0x000000102e800000, 0x000000102e800000, 0x000000102ec00000|  0%| F|  |TAMS 0x000000102e800000, 0x000000102e800000| Untracked 
| 186|0x000000102ec00000, 0x000000102ec00000, 0x000000102f000000|  0%| F|  |TAMS 0x000000102ec00000, 0x000000102ec00000| Untracked 
| 187|0x000000102f000000, 0x000000102f000000, 0x000000102f400000|  0%| F|  |TAMS 0x000000102f000000, 0x000000102f000000| Untracked 
| 188|0x000000102f400000, 0x000000102f400000, 0x000000102f800000|  0%| F|  |TAMS 0x000000102f400000, 0x000000102f400000| Untracked 
| 189|0x000000102f800000, 0x000000102f800000, 0x000000102fc00000|  0%| F|  |TAMS 0x000000102f800000, 0x000000102f800000| Untracked 
| 190|0x000000102fc00000, 0x000000102fc00000, 0x0000001030000000|  0%| F|  |TAMS 0x000000102fc00000, 0x000000102fc00000| Untracked 
| 191|0x0000001030000000, 0x0000001030000000, 0x0000001030400000|  0%| F|  |TAMS 0x0000001030000000, 0x0000001030000000| Untracked 
| 192|0x0000001030400000, 0x0000001030400000, 0x0000001030800000|  0%| F|  |TAMS 0x0000001030400000, 0x0000001030400000| Untracked 
| 193|0x0000001030800000, 0x0000001030800000, 0x0000001030c00000|  0%| F|  |TAMS 0x0000001030800000, 0x0000001030800000| Untracked 
| 194|0x0000001030c00000, 0x0000001030c00000, 0x0000001031000000|  0%| F|  |TAMS 0x0000001030c00000, 0x0000001030c00000| Untracked 
| 195|0x0000001031000000, 0x0000001031000000, 0x0000001031400000|  0%| F|  |TAMS 0x0000001031000000, 0x0000001031000000| Untracked 
| 196|0x0000001031400000, 0x0000001031400000, 0x0000001031800000|  0%| F|  |TAMS 0x0000001031400000, 0x0000001031400000| Untracked 
| 197|0x0000001031800000, 0x0000001031800000, 0x0000001031c00000|  0%| F|  |TAMS 0x0000001031800000, 0x0000001031800000| Untracked 
| 198|0x0000001031c00000, 0x0000001031c00000, 0x0000001032000000|  0%| F|  |TAMS 0x0000001031c00000, 0x0000001031c00000| Untracked 
| 199|0x0000001032000000, 0x0000001032000000, 0x0000001032400000|  0%| F|  |TAMS 0x0000001032000000, 0x0000001032000000| Untracked 
| 200|0x0000001032400000, 0x0000001032400000, 0x0000001032800000|  0%| F|  |TAMS 0x0000001032400000, 0x0000001032400000| Untracked 
| 201|0x0000001032800000, 0x0000001032800000, 0x0000001032c00000|  0%| F|  |TAMS 0x0000001032800000, 0x0000001032800000| Untracked 
| 202|0x0000001032c00000, 0x0000001032c00000, 0x0000001033000000|  0%| F|  |TAMS 0x0000001032c00000, 0x0000001032c00000| Untracked 
| 203|0x0000001033000000, 0x0000001033000000, 0x0000001033400000|  0%| F|  |TAMS 0x0000001033000000, 0x0000001033000000| Untracked 
| 204|0x0000001033400000, 0x0000001033400000, 0x0000001033800000|  0%| F|  |TAMS 0x0000001033400000, 0x0000001033400000| Untracked 
| 205|0x0000001033800000, 0x0000001033800000, 0x0000001033c00000|  0%| F|  |TAMS 0x0000001033800000, 0x0000001033800000| Untracked 
| 206|0x0000001033c00000, 0x0000001033c00000, 0x0000001034000000|  0%| F|  |TAMS 0x0000001033c00000, 0x0000001033c00000| Untracked 
| 207|0x0000001034000000, 0x0000001034000000, 0x0000001034400000|  0%| F|  |TAMS 0x0000001034000000, 0x0000001034000000| Untracked 
| 208|0x0000001034400000, 0x0000001034400000, 0x0000001034800000|  0%| F|  |TAMS 0x0000001034400000, 0x0000001034400000| Untracked 
| 209|0x0000001034800000, 0x0000001034800000, 0x0000001034c00000|  0%| F|  |TAMS 0x0000001034800000, 0x0000001034800000| Untracked 
| 210|0x0000001034c00000, 0x0000001034c00000, 0x0000001035000000|  0%| F|  |TAMS 0x0000001034c00000, 0x0000001034c00000| Untracked 
| 211|0x0000001035000000, 0x0000001035000000, 0x0000001035400000|  0%| F|  |TAMS 0x0000001035000000, 0x0000001035000000| Untracked 
| 212|0x0000001035400000, 0x0000001035400000, 0x0000001035800000|  0%| F|  |TAMS 0x0000001035400000, 0x0000001035400000| Untracked 
| 213|0x0000001035800000, 0x0000001035800000, 0x0000001035c00000|  0%| F|  |TAMS 0x0000001035800000, 0x0000001035800000| Untracked 
| 214|0x0000001035c00000, 0x0000001035c00000, 0x0000001036000000|  0%| F|  |TAMS 0x0000001035c00000, 0x0000001035c00000| Untracked 
| 215|0x0000001036000000, 0x0000001036000000, 0x0000001036400000|  0%| F|  |TAMS 0x0000001036000000, 0x0000001036000000| Untracked 
| 216|0x0000001036400000, 0x0000001036400000, 0x0000001036800000|  0%| F|  |TAMS 0x0000001036400000, 0x0000001036400000| Untracked 
| 217|0x0000001036800000, 0x0000001036800000, 0x0000001036c00000|  0%| F|  |TAMS 0x0000001036800000, 0x0000001036800000| Untracked 
| 218|0x0000001036c00000, 0x0000001036c00000, 0x0000001037000000|  0%| F|  |TAMS 0x0000001036c00000, 0x0000001036c00000| Untracked 
| 219|0x0000001037000000, 0x0000001037000000, 0x0000001037400000|  0%| F|  |TAMS 0x0000001037000000, 0x0000001037000000| Untracked 
| 220|0x0000001037400000, 0x0000001037400000, 0x0000001037800000|  0%| F|  |TAMS 0x0000001037400000, 0x0000001037400000| Untracked 
| 221|0x0000001037800000, 0x0000001037800000, 0x0000001037c00000|  0%| F|  |TAMS 0x0000001037800000, 0x0000001037800000| Untracked 
| 222|0x0000001037c00000, 0x0000001037c00000, 0x0000001038000000|  0%| F|  |TAMS 0x0000001037c00000, 0x0000001037c00000| Untracked 
| 223|0x0000001038000000, 0x0000001038000000, 0x0000001038400000|  0%| F|  |TAMS 0x0000001038000000, 0x0000001038000000| Untracked 
| 224|0x0000001038400000, 0x0000001038400000, 0x0000001038800000|  0%| F|  |TAMS 0x0000001038400000, 0x0000001038400000| Untracked 
| 225|0x0000001038800000, 0x0000001038800000, 0x0000001038c00000|  0%| F|  |TAMS 0x0000001038800000, 0x0000001038800000| Untracked 
| 226|0x0000001038c00000, 0x0000001038c00000, 0x0000001039000000|  0%| F|  |TAMS 0x0000001038c00000, 0x0000001038c00000| Untracked 
| 227|0x0000001039000000, 0x0000001039000000, 0x0000001039400000|  0%| F|  |TAMS 0x0000001039000000, 0x0000001039000000| Untracked 
| 228|0x0000001039400000, 0x0000001039400000, 0x0000001039800000|  0%| F|  |TAMS 0x0000001039400000, 0x0000001039400000| Untracked 
| 229|0x0000001039800000, 0x0000001039800000, 0x0000001039c00000|  0%| F|  |TAMS 0x0000001039800000, 0x0000001039800000| Untracked 
| 230|0x0000001039c00000, 0x0000001039c00000, 0x000000103a000000|  0%| F|  |TAMS 0x0000001039c00000, 0x0000001039c00000| Untracked 
| 231|0x000000103a000000, 0x000000103a000000, 0x000000103a400000|  0%| F|  |TAMS 0x000000103a000000, 0x000000103a000000| Untracked 
| 232|0x000000103a400000, 0x000000103a400000, 0x000000103a800000|  0%| F|  |TAMS 0x000000103a400000, 0x000000103a400000| Untracked 
| 233|0x000000103a800000, 0x000000103a800000, 0x000000103ac00000|  0%| F|  |TAMS 0x000000103a800000, 0x000000103a800000| Untracked 
| 234|0x000000103ac00000, 0x000000103ac00000, 0x000000103b000000|  0%| F|  |TAMS 0x000000103ac00000, 0x000000103ac00000| Untracked 
| 235|0x000000103b000000, 0x000000103b000000, 0x000000103b400000|  0%| F|  |TAMS 0x000000103b000000, 0x000000103b000000| Untracked 
| 236|0x000000103b400000, 0x000000103b400000, 0x000000103b800000|  0%| F|  |TAMS 0x000000103b400000, 0x000000103b400000| Untracked 
| 237|0x000000103b800000, 0x000000103b800000, 0x000000103bc00000|  0%| F|  |TAMS 0x000000103b800000, 0x000000103b800000| Untracked 
| 238|0x000000103bc00000, 0x000000103bc00000, 0x000000103c000000|  0%| F|  |TAMS 0x000000103bc00000, 0x000000103bc00000| Untracked 
| 239|0x000000103c000000, 0x000000103c000000, 0x000000103c400000|  0%| F|  |TAMS 0x000000103c000000, 0x000000103c000000| Untracked 
| 240|0x000000103c400000, 0x000000103c400000, 0x000000103c800000|  0%| F|  |TAMS 0x000000103c400000, 0x000000103c400000| Untracked 
| 241|0x000000103c800000, 0x000000103c800000, 0x000000103cc00000|  0%| F|  |TAMS 0x000000103c800000, 0x000000103c800000| Untracked 
| 242|0x000000103cc00000, 0x000000103cc00000, 0x000000103d000000|  0%| F|  |TAMS 0x000000103cc00000, 0x000000103cc00000| Untracked 
| 243|0x000000103d000000, 0x000000103d000000, 0x000000103d400000|  0%| F|  |TAMS 0x000000103d000000, 0x000000103d000000| Untracked 
| 244|0x000000103d400000, 0x000000103d400000, 0x000000103d800000|  0%| F|  |TAMS 0x000000103d400000, 0x000000103d400000| Untracked 
| 245|0x000000103d800000, 0x000000103d800000, 0x000000103dc00000|  0%| F|  |TAMS 0x000000103d800000, 0x000000103d800000| Untracked 
| 246|0x000000103dc00000, 0x000000103dc00000, 0x000000103e000000|  0%| F|  |TAMS 0x000000103dc00000, 0x000000103dc00000| Untracked 
| 247|0x000000103e000000, 0x000000103e000000, 0x000000103e400000|  0%| F|  |TAMS 0x000000103e000000, 0x000000103e000000| Untracked 
| 248|0x000000103e400000, 0x000000103e400000, 0x000000103e800000|  0%| F|  |TAMS 0x000000103e400000, 0x000000103e400000| Untracked 
| 249|0x000000103e800000, 0x000000103e800000, 0x000000103ec00000|  0%| F|  |TAMS 0x000000103e800000, 0x000000103e800000| Untracked 
| 250|0x000000103ec00000, 0x000000103ec00000, 0x000000103f000000|  0%| F|  |TAMS 0x000000103ec00000, 0x000000103ec00000| Untracked 
| 251|0x000000103f000000, 0x000000103f000000, 0x000000103f400000|  0%| F|  |TAMS 0x000000103f000000, 0x000000103f000000| Untracked 
| 252|0x000000103f400000, 0x000000103f400000, 0x000000103f800000|  0%| F|  |TAMS 0x000000103f400000, 0x000000103f400000| Untracked 
| 253|0x000000103f800000, 0x000000103f800000, 0x000000103fc00000|  0%| F|  |TAMS 0x000000103f800000, 0x000000103f800000| Untracked 
| 254|0x000000103fc00000, 0x000000103fc00000, 0x0000001040000000|  0%| F|  |TAMS 0x000000103fc00000, 0x000000103fc00000| Untracked 
| 255|0x0000001040000000, 0x0000001040000000, 0x0000001040400000|  0%| F|  |TAMS 0x0000001040000000, 0x0000001040000000| Untracked 
| 256|0x0000001040400000, 0x0000001040400000, 0x0000001040800000|  0%| F|  |TAMS 0x0000001040400000, 0x0000001040400000| Untracked 
| 257|0x0000001040800000, 0x0000001040800000, 0x0000001040c00000|  0%| F|  |TAMS 0x0000001040800000, 0x0000001040800000| Untracked 
| 258|0x0000001040c00000, 0x0000001040c00000, 0x0000001041000000|  0%| F|  |TAMS 0x0000001040c00000, 0x0000001040c00000| Untracked 
| 259|0x0000001041000000, 0x0000001041000000, 0x0000001041400000|  0%| F|  |TAMS 0x0000001041000000, 0x0000001041000000| Untracked 
| 260|0x0000001041400000, 0x0000001041400000, 0x0000001041800000|  0%| F|  |TAMS 0x0000001041400000, 0x0000001041400000| Untracked 
| 261|0x0000001041800000, 0x0000001041800000, 0x0000001041c00000|  0%| F|  |TAMS 0x0000001041800000, 0x0000001041800000| Untracked 
| 262|0x0000001041c00000, 0x0000001041c00000, 0x0000001042000000|  0%| F|  |TAMS 0x0000001041c00000, 0x0000001041c00000| Untracked 
| 263|0x0000001042000000, 0x0000001042000000, 0x0000001042400000|  0%| F|  |TAMS 0x0000001042000000, 0x0000001042000000| Untracked 
| 264|0x0000001042400000, 0x0000001042400000, 0x0000001042800000|  0%| F|  |TAMS 0x0000001042400000, 0x0000001042400000| Untracked 
| 265|0x0000001042800000, 0x0000001042800000, 0x0000001042c00000|  0%| F|  |TAMS 0x0000001042800000, 0x0000001042800000| Untracked 
| 266|0x0000001042c00000, 0x0000001042c00000, 0x0000001043000000|  0%| F|  |TAMS 0x0000001042c00000, 0x0000001042c00000| Untracked 
| 267|0x0000001043000000, 0x0000001043000000, 0x0000001043400000|  0%| F|  |TAMS 0x0000001043000000, 0x0000001043000000| Untracked 
| 268|0x0000001043400000, 0x0000001043400000, 0x0000001043800000|  0%| F|  |TAMS 0x0000001043400000, 0x0000001043400000| Untracked 
| 269|0x0000001043800000, 0x0000001043800000, 0x0000001043c00000|  0%| F|  |TAMS 0x0000001043800000, 0x0000001043800000| Untracked 
| 270|0x0000001043c00000, 0x0000001043c00000, 0x0000001044000000|  0%| F|  |TAMS 0x0000001043c00000, 0x0000001043c00000| Untracked 
| 271|0x0000001044000000, 0x0000001044000000, 0x0000001044400000|  0%| F|  |TAMS 0x0000001044000000, 0x0000001044000000| Untracked 
| 272|0x0000001044400000, 0x0000001044400000, 0x0000001044800000|  0%| F|  |TAMS 0x0000001044400000, 0x0000001044400000| Untracked 
| 273|0x0000001044800000, 0x0000001044800000, 0x0000001044c00000|  0%| F|  |TAMS 0x0000001044800000, 0x0000001044800000| Untracked 
| 274|0x0000001044c00000, 0x0000001044c00000, 0x0000001045000000|  0%| F|  |TAMS 0x0000001044c00000, 0x0000001044c00000| Untracked 
| 275|0x0000001045000000, 0x0000001045000000, 0x0000001045400000|  0%| F|  |TAMS 0x0000001045000000, 0x0000001045000000| Untracked 
| 276|0x0000001045400000, 0x0000001045400000, 0x0000001045800000|  0%| F|  |TAMS 0x0000001045400000, 0x0000001045400000| Untracked 
| 277|0x0000001045800000, 0x0000001045800000, 0x0000001045c00000|  0%| F|  |TAMS 0x0000001045800000, 0x0000001045800000| Untracked 
| 278|0x0000001045c00000, 0x0000001045c00000, 0x0000001046000000|  0%| F|  |TAMS 0x0000001045c00000, 0x0000001045c00000| Untracked 
| 279|0x0000001046000000, 0x0000001046000000, 0x0000001046400000|  0%| F|  |TAMS 0x0000001046000000, 0x0000001046000000| Untracked 
| 280|0x0000001046400000, 0x0000001046400000, 0x0000001046800000|  0%| F|  |TAMS 0x0000001046400000, 0x0000001046400000| Untracked 
| 281|0x0000001046800000, 0x0000001046800000, 0x0000001046c00000|  0%| F|  |TAMS 0x0000001046800000, 0x0000001046800000| Untracked 
| 282|0x0000001046c00000, 0x0000001046c00000, 0x0000001047000000|  0%| F|  |TAMS 0x0000001046c00000, 0x0000001046c00000| Untracked 
| 283|0x0000001047000000, 0x0000001047000000, 0x0000001047400000|  0%| F|  |TAMS 0x0000001047000000, 0x0000001047000000| Untracked 
| 284|0x0000001047400000, 0x0000001047400000, 0x0000001047800000|  0%| F|  |TAMS 0x0000001047400000, 0x0000001047400000| Untracked 
| 285|0x0000001047800000, 0x0000001047800000, 0x0000001047c00000|  0%| F|  |TAMS 0x0000001047800000, 0x0000001047800000| Untracked 
| 286|0x0000001047c00000, 0x0000001047c00000, 0x0000001048000000|  0%| F|  |TAMS 0x0000001047c00000, 0x0000001047c00000| Untracked 
| 287|0x0000001048000000, 0x0000001048000000, 0x0000001048400000|  0%| F|  |TAMS 0x0000001048000000, 0x0000001048000000| Untracked 
| 288|0x0000001048400000, 0x0000001048400000, 0x0000001048800000|  0%| F|  |TAMS 0x0000001048400000, 0x0000001048400000| Untracked 
| 289|0x0000001048800000, 0x0000001048800000, 0x0000001048c00000|  0%| F|  |TAMS 0x0000001048800000, 0x0000001048800000| Untracked 
| 290|0x0000001048c00000, 0x0000001048c00000, 0x0000001049000000|  0%| F|  |TAMS 0x0000001048c00000, 0x0000001048c00000| Untracked 
| 291|0x0000001049000000, 0x0000001049000000, 0x0000001049400000|  0%| F|  |TAMS 0x0000001049000000, 0x0000001049000000| Untracked 
| 292|0x0000001049400000, 0x0000001049400000, 0x0000001049800000|  0%| F|  |TAMS 0x0000001049400000, 0x0000001049400000| Untracked 
| 293|0x0000001049800000, 0x0000001049800000, 0x0000001049c00000|  0%| F|  |TAMS 0x0000001049800000, 0x0000001049800000| Untracked 
| 294|0x0000001049c00000, 0x0000001049c00000, 0x000000104a000000|  0%| F|  |TAMS 0x0000001049c00000, 0x0000001049c00000| Untracked 
| 295|0x000000104a000000, 0x000000104a000000, 0x000000104a400000|  0%| F|  |TAMS 0x000000104a000000, 0x000000104a000000| Untracked 
| 296|0x000000104a400000, 0x000000104a400000, 0x000000104a800000|  0%| F|  |TAMS 0x000000104a400000, 0x000000104a400000| Untracked 
| 297|0x000000104a800000, 0x000000104a800000, 0x000000104ac00000|  0%| F|  |TAMS 0x000000104a800000, 0x000000104a800000| Untracked 
| 298|0x000000104ac00000, 0x000000104ac00000, 0x000000104b000000|  0%| F|  |TAMS 0x000000104ac00000, 0x000000104ac00000| Untracked 
| 299|0x000000104b000000, 0x000000104b000000, 0x000000104b400000|  0%| F|  |TAMS 0x000000104b000000, 0x000000104b000000| Untracked 
| 300|0x000000104b400000, 0x000000104b400000, 0x000000104b800000|  0%| F|  |TAMS 0x000000104b400000, 0x000000104b400000| Untracked 
| 301|0x000000104b800000, 0x000000104b800000, 0x000000104bc00000|  0%| F|  |TAMS 0x000000104b800000, 0x000000104b800000| Untracked 
| 302|0x000000104bc00000, 0x000000104bc00000, 0x000000104c000000|  0%| F|  |TAMS 0x000000104bc00000, 0x000000104bc00000| Untracked 
| 303|0x000000104c000000, 0x000000104c000000, 0x000000104c400000|  0%| F|  |TAMS 0x000000104c000000, 0x000000104c000000| Untracked 
| 304|0x000000104c400000, 0x000000104c400000, 0x000000104c800000|  0%| F|  |TAMS 0x000000104c400000, 0x000000104c400000| Untracked 
| 305|0x000000104c800000, 0x000000104c800000, 0x000000104cc00000|  0%| F|  |TAMS 0x000000104c800000, 0x000000104c800000| Untracked 
| 306|0x000000104cc00000, 0x000000104cc00000, 0x000000104d000000|  0%| F|  |TAMS 0x000000104cc00000, 0x000000104cc00000| Untracked 
| 307|0x000000104d000000, 0x000000104d000000, 0x000000104d400000|  0%| F|  |TAMS 0x000000104d000000, 0x000000104d000000| Untracked 
| 308|0x000000104d400000, 0x000000104d400000, 0x000000104d800000|  0%| F|  |TAMS 0x000000104d400000, 0x000000104d400000| Untracked 
| 309|0x000000104d800000, 0x000000104d800000, 0x000000104dc00000|  0%| F|  |TAMS 0x000000104d800000, 0x000000104d800000| Untracked 
| 310|0x000000104dc00000, 0x000000104dc00000, 0x000000104e000000|  0%| F|  |TAMS 0x000000104dc00000, 0x000000104dc00000| Untracked 
| 311|0x000000104e000000, 0x000000104e000000, 0x000000104e400000|  0%| F|  |TAMS 0x000000104e000000, 0x000000104e000000| Untracked 
| 312|0x000000104e400000, 0x000000104e400000, 0x000000104e800000|  0%| F|  |TAMS 0x000000104e400000, 0x000000104e400000| Untracked 
| 313|0x000000104e800000, 0x000000104e800000, 0x000000104ec00000|  0%| F|  |TAMS 0x000000104e800000, 0x000000104e800000| Untracked 
| 314|0x000000104ec00000, 0x000000104ec00000, 0x000000104f000000|  0%| F|  |TAMS 0x000000104ec00000, 0x000000104ec00000| Untracked 
| 315|0x000000104f000000, 0x000000104f000000, 0x000000104f400000|  0%| F|  |TAMS 0x000000104f000000, 0x000000104f000000| Untracked 
| 316|0x000000104f400000, 0x000000104f400000, 0x000000104f800000|  0%| F|  |TAMS 0x000000104f400000, 0x000000104f400000| Untracked 
| 317|0x000000104f800000, 0x000000104f800000, 0x000000104fc00000|  0%| F|  |TAMS 0x000000104f800000, 0x000000104f800000| Untracked 
| 318|0x000000104fc00000, 0x000000104fc00000, 0x0000001050000000|  0%| F|  |TAMS 0x000000104fc00000, 0x000000104fc00000| Untracked 
| 319|0x0000001050000000, 0x0000001050000000, 0x0000001050400000|  0%| F|  |TAMS 0x0000001050000000, 0x0000001050000000| Untracked 
| 320|0x0000001050400000, 0x0000001050400000, 0x0000001050800000|  0%| F|  |TAMS 0x0000001050400000, 0x0000001050400000| Untracked 
| 321|0x0000001050800000, 0x0000001050800000, 0x0000001050c00000|  0%| F|  |TAMS 0x0000001050800000, 0x0000001050800000| Untracked 
| 322|0x0000001050c00000, 0x0000001050c00000, 0x0000001051000000|  0%| F|  |TAMS 0x0000001050c00000, 0x0000001050c00000| Untracked 
| 323|0x0000001051000000, 0x0000001051000000, 0x0000001051400000|  0%| F|  |TAMS 0x0000001051000000, 0x0000001051000000| Untracked 
| 324|0x0000001051400000, 0x0000001051400000, 0x0000001051800000|  0%| F|  |TAMS 0x0000001051400000, 0x0000001051400000| Untracked 
| 325|0x0000001051800000, 0x0000001051800000, 0x0000001051c00000|  0%| F|  |TAMS 0x0000001051800000, 0x0000001051800000| Untracked 
| 326|0x0000001051c00000, 0x0000001051c00000, 0x0000001052000000|  0%| F|  |TAMS 0x0000001051c00000, 0x0000001051c00000| Untracked 
| 327|0x0000001052000000, 0x0000001052000000, 0x0000001052400000|  0%| F|  |TAMS 0x0000001052000000, 0x0000001052000000| Untracked 
| 328|0x0000001052400000, 0x0000001052400000, 0x0000001052800000|  0%| F|  |TAMS 0x0000001052400000, 0x0000001052400000| Untracked 
| 329|0x0000001052800000, 0x0000001052800000, 0x0000001052c00000|  0%| F|  |TAMS 0x0000001052800000, 0x0000001052800000| Untracked 
| 330|0x0000001052c00000, 0x0000001052c00000, 0x0000001053000000|  0%| F|  |TAMS 0x0000001052c00000, 0x0000001052c00000| Untracked 
| 331|0x0000001053000000, 0x0000001053000000, 0x0000001053400000|  0%| F|  |TAMS 0x0000001053000000, 0x0000001053000000| Untracked 
| 332|0x0000001053400000, 0x0000001053400000, 0x0000001053800000|  0%| F|  |TAMS 0x0000001053400000, 0x0000001053400000| Untracked 
| 333|0x0000001053800000, 0x0000001053800000, 0x0000001053c00000|  0%| F|  |TAMS 0x0000001053800000, 0x0000001053800000| Untracked 
| 334|0x0000001053c00000, 0x0000001053c00000, 0x0000001054000000|  0%| F|  |TAMS 0x0000001053c00000, 0x0000001053c00000| Untracked 
| 335|0x0000001054000000, 0x0000001054000000, 0x0000001054400000|  0%| F|  |TAMS 0x0000001054000000, 0x0000001054000000| Untracked 
| 336|0x0000001054400000, 0x0000001054400000, 0x0000001054800000|  0%| F|  |TAMS 0x0000001054400000, 0x0000001054400000| Untracked 
| 337|0x0000001054800000, 0x0000001054800000, 0x0000001054c00000|  0%| F|  |TAMS 0x0000001054800000, 0x0000001054800000| Untracked 
| 338|0x0000001054c00000, 0x0000001054c00000, 0x0000001055000000|  0%| F|  |TAMS 0x0000001054c00000, 0x0000001054c00000| Untracked 
| 339|0x0000001055000000, 0x0000001055000000, 0x0000001055400000|  0%| F|  |TAMS 0x0000001055000000, 0x0000001055000000| Untracked 
| 340|0x0000001055400000, 0x0000001055400000, 0x0000001055800000|  0%| F|  |TAMS 0x0000001055400000, 0x0000001055400000| Untracked 
| 341|0x0000001055800000, 0x0000001055800000, 0x0000001055c00000|  0%| F|  |TAMS 0x0000001055800000, 0x0000001055800000| Untracked 
| 342|0x0000001055c00000, 0x0000001055c00000, 0x0000001056000000|  0%| F|  |TAMS 0x0000001055c00000, 0x0000001055c00000| Untracked 
| 343|0x0000001056000000, 0x0000001056000000, 0x0000001056400000|  0%| F|  |TAMS 0x0000001056000000, 0x0000001056000000| Untracked 
| 344|0x0000001056400000, 0x0000001056400000, 0x0000001056800000|  0%| F|  |TAMS 0x0000001056400000, 0x0000001056400000| Untracked 
| 345|0x0000001056800000, 0x0000001056800000, 0x0000001056c00000|  0%| F|  |TAMS 0x0000001056800000, 0x0000001056800000| Untracked 
| 346|0x0000001056c00000, 0x0000001056c00000, 0x0000001057000000|  0%| F|  |TAMS 0x0000001056c00000, 0x0000001056c00000| Untracked 
| 347|0x0000001057000000, 0x0000001057000000, 0x0000001057400000|  0%| F|  |TAMS 0x0000001057000000, 0x0000001057000000| Untracked 
| 348|0x0000001057400000, 0x0000001057400000, 0x0000001057800000|  0%| F|  |TAMS 0x0000001057400000, 0x0000001057400000| Untracked 
| 349|0x0000001057800000, 0x0000001057800000, 0x0000001057c00000|  0%| F|  |TAMS 0x0000001057800000, 0x0000001057800000| Untracked 
| 350|0x0000001057c00000, 0x0000001057c00000, 0x0000001058000000|  0%| F|  |TAMS 0x0000001057c00000, 0x0000001057c00000| Untracked 
| 351|0x0000001058000000, 0x0000001058000000, 0x0000001058400000|  0%| F|  |TAMS 0x0000001058000000, 0x0000001058000000| Untracked 
| 352|0x0000001058400000, 0x0000001058400000, 0x0000001058800000|  0%| F|  |TAMS 0x0000001058400000, 0x0000001058400000| Untracked 
| 353|0x0000001058800000, 0x0000001058800000, 0x0000001058c00000|  0%| F|  |TAMS 0x0000001058800000, 0x0000001058800000| Untracked 
| 354|0x0000001058c00000, 0x0000001058c00000, 0x0000001059000000|  0%| F|  |TAMS 0x0000001058c00000, 0x0000001058c00000| Untracked 
| 355|0x0000001059000000, 0x0000001059000000, 0x0000001059400000|  0%| F|  |TAMS 0x0000001059000000, 0x0000001059000000| Untracked 
| 356|0x0000001059400000, 0x0000001059400000, 0x0000001059800000|  0%| F|  |TAMS 0x0000001059400000, 0x0000001059400000| Untracked 
| 357|0x0000001059800000, 0x0000001059800000, 0x0000001059c00000|  0%| F|  |TAMS 0x0000001059800000, 0x0000001059800000| Untracked 
| 358|0x0000001059c00000, 0x0000001059c00000, 0x000000105a000000|  0%| F|  |TAMS 0x0000001059c00000, 0x0000001059c00000| Untracked 
| 359|0x000000105a000000, 0x000000105a000000, 0x000000105a400000|  0%| F|  |TAMS 0x000000105a000000, 0x000000105a000000| Untracked 
| 360|0x000000105a400000, 0x000000105a400000, 0x000000105a800000|  0%| F|  |TAMS 0x000000105a400000, 0x000000105a400000| Untracked 
| 361|0x000000105a800000, 0x000000105a800000, 0x000000105ac00000|  0%| F|  |TAMS 0x000000105a800000, 0x000000105a800000| Untracked 
| 362|0x000000105ac00000, 0x000000105ac00000, 0x000000105b000000|  0%| F|  |TAMS 0x000000105ac00000, 0x000000105ac00000| Untracked 
| 363|0x000000105b000000, 0x000000105b000000, 0x000000105b400000|  0%| F|  |TAMS 0x000000105b000000, 0x000000105b000000| Untracked 
| 364|0x000000105b400000, 0x000000105b400000, 0x000000105b800000|  0%| F|  |TAMS 0x000000105b400000, 0x000000105b400000| Untracked 
| 365|0x000000105b800000, 0x000000105b800000, 0x000000105bc00000|  0%| F|  |TAMS 0x000000105b800000, 0x000000105b800000| Untracked 
| 366|0x000000105bc00000, 0x000000105bc00000, 0x000000105c000000|  0%| F|  |TAMS 0x000000105bc00000, 0x000000105bc00000| Untracked 
| 367|0x000000105c000000, 0x000000105c000000, 0x000000105c400000|  0%| F|  |TAMS 0x000000105c000000, 0x000000105c000000| Untracked 
| 368|0x000000105c400000, 0x000000105c400000, 0x000000105c800000|  0%| F|  |TAMS 0x000000105c400000, 0x000000105c400000| Untracked 
| 369|0x000000105c800000, 0x000000105c800000, 0x000000105cc00000|  0%| F|  |TAMS 0x000000105c800000, 0x000000105c800000| Untracked 
| 370|0x000000105cc00000, 0x000000105cc00000, 0x000000105d000000|  0%| F|  |TAMS 0x000000105cc00000, 0x000000105cc00000| Untracked 
| 371|0x000000105d000000, 0x000000105d000000, 0x000000105d400000|  0%| F|  |TAMS 0x000000105d000000, 0x000000105d000000| Untracked 
| 372|0x000000105d400000, 0x000000105d400000, 0x000000105d800000|  0%| F|  |TAMS 0x000000105d400000, 0x000000105d400000| Untracked 
| 373|0x000000105d800000, 0x000000105d800000, 0x000000105dc00000|  0%| F|  |TAMS 0x000000105d800000, 0x000000105d800000| Untracked 
| 374|0x000000105dc00000, 0x000000105dc00000, 0x000000105e000000|  0%| F|  |TAMS 0x000000105dc00000, 0x000000105dc00000| Untracked 
| 375|0x000000105e000000, 0x000000105e000000, 0x000000105e400000|  0%| F|  |TAMS 0x000000105e000000, 0x000000105e000000| Untracked 
| 376|0x000000105e400000, 0x000000105e400000, 0x000000105e800000|  0%| F|  |TAMS 0x000000105e400000, 0x000000105e400000| Untracked 
| 377|0x000000105e800000, 0x000000105e800000, 0x000000105ec00000|  0%| F|  |TAMS 0x000000105e800000, 0x000000105e800000| Untracked 
| 378|0x000000105ec00000, 0x000000105ec00000, 0x000000105f000000|  0%| F|  |TAMS 0x000000105ec00000, 0x000000105ec00000| Untracked 
| 379|0x000000105f000000, 0x000000105f000000, 0x000000105f400000|  0%| F|  |TAMS 0x000000105f000000, 0x000000105f000000| Untracked 
| 380|0x000000105f400000, 0x000000105f400000, 0x000000105f800000|  0%| F|  |TAMS 0x000000105f400000, 0x000000105f400000| Untracked 
| 381|0x000000105f800000, 0x000000105f800000, 0x000000105fc00000|  0%| F|  |TAMS 0x000000105f800000, 0x000000105f800000| Untracked 
| 382|0x000000105fc00000, 0x000000105fc00000, 0x0000001060000000|  0%| F|  |TAMS 0x000000105fc00000, 0x000000105fc00000| Untracked 
| 383|0x0000001060000000, 0x0000001060000000, 0x0000001060400000|  0%| F|  |TAMS 0x0000001060000000, 0x0000001060000000| Untracked 
| 384|0x0000001060400000, 0x0000001060400000, 0x0000001060800000|  0%| F|  |TAMS 0x0000001060400000, 0x0000001060400000| Untracked 
| 385|0x0000001060800000, 0x0000001060800000, 0x0000001060c00000|  0%| F|  |TAMS 0x0000001060800000, 0x0000001060800000| Untracked 
| 386|0x0000001060c00000, 0x0000001060c00000, 0x0000001061000000|  0%| F|  |TAMS 0x0000001060c00000, 0x0000001060c00000| Untracked 
| 387|0x0000001061000000, 0x0000001061000000, 0x0000001061400000|  0%| F|  |TAMS 0x0000001061000000, 0x0000001061000000| Untracked 
| 388|0x0000001061400000, 0x0000001061400000, 0x0000001061800000|  0%| F|  |TAMS 0x0000001061400000, 0x0000001061400000| Untracked 
| 389|0x0000001061800000, 0x0000001061800000, 0x0000001061c00000|  0%| F|  |TAMS 0x0000001061800000, 0x0000001061800000| Untracked 
| 390|0x0000001061c00000, 0x0000001061c00000, 0x0000001062000000|  0%| F|  |TAMS 0x0000001061c00000, 0x0000001061c00000| Untracked 
| 391|0x0000001062000000, 0x0000001062000000, 0x0000001062400000|  0%| F|  |TAMS 0x0000001062000000, 0x0000001062000000| Untracked 
| 392|0x0000001062400000, 0x0000001062400000, 0x0000001062800000|  0%| F|  |TAMS 0x0000001062400000, 0x0000001062400000| Untracked 
| 393|0x0000001062800000, 0x0000001062800000, 0x0000001062c00000|  0%| F|  |TAMS 0x0000001062800000, 0x0000001062800000| Untracked 
| 394|0x0000001062c00000, 0x0000001063000000, 0x0000001063000000|100%| E|  |TAMS 0x0000001062c00000, 0x0000001062c00000| Complete 
| 395|0x0000001063000000, 0x0000001063400000, 0x0000001063400000|100%| E|CS|TAMS 0x0000001063000000, 0x0000001063000000| Complete 
| 396|0x0000001063400000, 0x0000001063800000, 0x0000001063800000|100%| E|CS|TAMS 0x0000001063400000, 0x0000001063400000| Complete 
| 397|0x0000001063800000, 0x0000001063c00000, 0x0000001063c00000|100%| E|CS|TAMS 0x0000001063800000, 0x0000001063800000| Complete 
| 398|0x0000001063c00000, 0x0000001064000000, 0x0000001064000000|100%| E|CS|TAMS 0x0000001063c00000, 0x0000001063c00000| Complete 
| 399|0x0000001064000000, 0x0000001064400000, 0x0000001064400000|100%| E|CS|TAMS 0x0000001064000000, 0x0000001064000000| Complete 
| 400|0x0000001064400000, 0x0000001064800000, 0x0000001064800000|100%| E|CS|TAMS 0x0000001064400000, 0x0000001064400000| Complete 
| 401|0x0000001064800000, 0x0000001064c00000, 0x0000001064c00000|100%| E|CS|TAMS 0x0000001064800000, 0x0000001064800000| Complete 
| 402|0x0000001064c00000, 0x0000001065000000, 0x0000001065000000|100%| E|CS|TAMS 0x0000001064c00000, 0x0000001064c00000| Complete 
| 403|0x0000001065000000, 0x0000001065400000, 0x0000001065400000|100%| E|CS|TAMS 0x0000001065000000, 0x0000001065000000| Complete 
| 404|0x0000001065400000, 0x0000001065800000, 0x0000001065800000|100%| E|CS|TAMS 0x0000001065400000, 0x0000001065400000| Complete 
| 405|0x0000001065800000, 0x0000001065c00000, 0x0000001065c00000|100%| E|CS|TAMS 0x0000001065800000, 0x0000001065800000| Complete 
| 406|0x0000001065c00000, 0x0000001066000000, 0x0000001066000000|100%| E|CS|TAMS 0x0000001065c00000, 0x0000001065c00000| Complete 
| 407|0x0000001066000000, 0x0000001066400000, 0x0000001066400000|100%| E|CS|TAMS 0x0000001066000000, 0x0000001066000000| Complete 
| 408|0x0000001066400000, 0x0000001066800000, 0x0000001066800000|100%| E|CS|TAMS 0x0000001066400000, 0x0000001066400000| Complete 
| 409|0x0000001066800000, 0x0000001066c00000, 0x0000001066c00000|100%| E|CS|TAMS 0x0000001066800000, 0x0000001066800000| Complete 
| 410|0x0000001066c00000, 0x0000001067000000, 0x0000001067000000|100%| E|CS|TAMS 0x0000001066c00000, 0x0000001066c00000| Complete 
| 411|0x0000001067000000, 0x0000001067400000, 0x0000001067400000|100%| E|CS|TAMS 0x0000001067000000, 0x0000001067000000| Complete 
| 412|0x0000001067400000, 0x0000001067800000, 0x0000001067800000|100%| E|CS|TAMS 0x0000001067400000, 0x0000001067400000| Complete 
| 413|0x0000001067800000, 0x0000001067c00000, 0x0000001067c00000|100%| E|CS|TAMS 0x0000001067800000, 0x0000001067800000| Complete 
| 414|0x0000001067c00000, 0x0000001068000000, 0x0000001068000000|100%| E|CS|TAMS 0x0000001067c00000, 0x0000001067c00000| Complete 
| 415|0x0000001068000000, 0x0000001068400000, 0x0000001068400000|100%| E|CS|TAMS 0x0000001068000000, 0x0000001068000000| Complete 
| 416|0x0000001068400000, 0x0000001068800000, 0x0000001068800000|100%| E|CS|TAMS 0x0000001068400000, 0x0000001068400000| Complete 
| 417|0x0000001068800000, 0x0000001068c00000, 0x0000001068c00000|100%| E|CS|TAMS 0x0000001068800000, 0x0000001068800000| Complete 
| 418|0x0000001068c00000, 0x0000001069000000, 0x0000001069000000|100%| E|CS|TAMS 0x0000001068c00000, 0x0000001068c00000| Complete 
| 419|0x0000001069000000, 0x0000001069400000, 0x0000001069400000|100%| E|CS|TAMS 0x0000001069000000, 0x0000001069000000| Complete 
| 420|0x0000001069400000, 0x0000001069800000, 0x0000001069800000|100%| E|CS|TAMS 0x0000001069400000, 0x0000001069400000| Complete 
| 421|0x0000001069800000, 0x0000001069c00000, 0x0000001069c00000|100%| E|CS|TAMS 0x0000001069800000, 0x0000001069800000| Complete 
| 422|0x0000001069c00000, 0x000000106a000000, 0x000000106a000000|100%| E|CS|TAMS 0x0000001069c00000, 0x0000001069c00000| Complete 
| 423|0x000000106a000000, 0x000000106a400000, 0x000000106a400000|100%| E|CS|TAMS 0x000000106a000000, 0x000000106a000000| Complete 
| 424|0x000000106a400000, 0x000000106a800000, 0x000000106a800000|100%| E|CS|TAMS 0x000000106a400000, 0x000000106a400000| Complete 
| 425|0x000000106a800000, 0x000000106ac00000, 0x000000106ac00000|100%| E|CS|TAMS 0x000000106a800000, 0x000000106a800000| Complete 
| 426|0x000000106ac00000, 0x000000106b000000, 0x000000106b000000|100%| E|CS|TAMS 0x000000106ac00000, 0x000000106ac00000| Complete 
| 427|0x000000106b000000, 0x000000106b400000, 0x000000106b400000|100%| E|CS|TAMS 0x000000106b000000, 0x000000106b000000| Complete 
| 428|0x000000106b400000, 0x000000106b800000, 0x000000106b800000|100%| E|CS|TAMS 0x000000106b400000, 0x000000106b400000| Complete 
| 429|0x000000106b800000, 0x000000106bc00000, 0x000000106bc00000|100%| E|CS|TAMS 0x000000106b800000, 0x000000106b800000| Complete 
| 430|0x000000106bc00000, 0x000000106c000000, 0x000000106c000000|100%| E|CS|TAMS 0x000000106bc00000, 0x000000106bc00000| Complete 
| 431|0x000000106c000000, 0x000000106c400000, 0x000000106c400000|100%| E|CS|TAMS 0x000000106c000000, 0x000000106c000000| Complete 
| 432|0x000000106c400000, 0x000000106c800000, 0x000000106c800000|100%| E|CS|TAMS 0x000000106c400000, 0x000000106c400000| Complete 
| 433|0x000000106c800000, 0x000000106cc00000, 0x000000106cc00000|100%| E|CS|TAMS 0x000000106c800000, 0x000000106c800000| Complete 
| 434|0x000000106cc00000, 0x000000106d000000, 0x000000106d000000|100%| E|CS|TAMS 0x000000106cc00000, 0x000000106cc00000| Complete 
| 435|0x000000106d000000, 0x000000106d400000, 0x000000106d400000|100%| E|CS|TAMS 0x000000106d000000, 0x000000106d000000| Complete 
| 436|0x000000106d400000, 0x000000106d800000, 0x000000106d800000|100%| E|CS|TAMS 0x000000106d400000, 0x000000106d400000| Complete 
| 437|0x000000106d800000, 0x000000106dc00000, 0x000000106dc00000|100%| E|CS|TAMS 0x000000106d800000, 0x000000106d800000| Complete 
| 438|0x000000106dc00000, 0x000000106e000000, 0x000000106e000000|100%| E|CS|TAMS 0x000000106dc00000, 0x000000106dc00000| Complete 
| 439|0x000000106e000000, 0x000000106e400000, 0x000000106e400000|100%| E|CS|TAMS 0x000000106e000000, 0x000000106e000000| Complete 
| 440|0x000000106e400000, 0x000000106e800000, 0x000000106e800000|100%| E|CS|TAMS 0x000000106e400000, 0x000000106e400000| Complete 
| 441|0x000000106e800000, 0x000000106ec00000, 0x000000106ec00000|100%| E|CS|TAMS 0x000000106e800000, 0x000000106e800000| Complete 
| 442|0x000000106ec00000, 0x000000106f000000, 0x000000106f000000|100%| E|CS|TAMS 0x000000106ec00000, 0x000000106ec00000| Complete 
| 443|0x000000106f000000, 0x000000106f400000, 0x000000106f400000|100%| E|CS|TAMS 0x000000106f000000, 0x000000106f000000| Complete 
| 444|0x000000106f400000, 0x000000106f800000, 0x000000106f800000|100%| E|CS|TAMS 0x000000106f400000, 0x000000106f400000| Complete 
| 445|0x000000106f800000, 0x000000106fc00000, 0x000000106fc00000|100%| E|CS|TAMS 0x000000106f800000, 0x000000106f800000| Complete 
| 446|0x000000106fc00000, 0x0000001070000000, 0x0000001070000000|100%| E|CS|TAMS 0x000000106fc00000, 0x000000106fc00000| Complete 
| 447|0x0000001070000000, 0x0000001070400000, 0x0000001070400000|100%| E|CS|TAMS 0x0000001070000000, 0x0000001070000000| Complete 
| 448|0x0000001070400000, 0x0000001070800000, 0x0000001070800000|100%| E|CS|TAMS 0x0000001070400000, 0x0000001070400000| Complete 
| 449|0x0000001070800000, 0x0000001070c00000, 0x0000001070c00000|100%| E|CS|TAMS 0x0000001070800000, 0x0000001070800000| Complete 
| 450|0x0000001070c00000, 0x0000001071000000, 0x0000001071000000|100%| E|CS|TAMS 0x0000001070c00000, 0x0000001070c00000| Complete 
| 451|0x0000001071000000, 0x0000001071400000, 0x0000001071400000|100%| E|CS|TAMS 0x0000001071000000, 0x0000001071000000| Complete 
| 452|0x0000001071400000, 0x0000001071800000, 0x0000001071800000|100%| E|CS|TAMS 0x0000001071400000, 0x0000001071400000| Complete 
| 453|0x0000001071800000, 0x0000001071c00000, 0x0000001071c00000|100%| E|CS|TAMS 0x0000001071800000, 0x0000001071800000| Complete 
| 454|0x0000001071c00000, 0x0000001072000000, 0x0000001072000000|100%| E|CS|TAMS 0x0000001071c00000, 0x0000001071c00000| Complete 
| 455|0x0000001072000000, 0x0000001072400000, 0x0000001072400000|100%| E|CS|TAMS 0x0000001072000000, 0x0000001072000000| Complete 
| 456|0x0000001072400000, 0x0000001072800000, 0x0000001072800000|100%| E|CS|TAMS 0x0000001072400000, 0x0000001072400000| Complete 
| 457|0x0000001072800000, 0x0000001072c00000, 0x0000001072c00000|100%| E|CS|TAMS 0x0000001072800000, 0x0000001072800000| Complete 
| 458|0x0000001072c00000, 0x0000001073000000, 0x0000001073000000|100%| E|CS|TAMS 0x0000001072c00000, 0x0000001072c00000| Complete 
| 459|0x0000001073000000, 0x0000001073400000, 0x0000001073400000|100%| E|CS|TAMS 0x0000001073000000, 0x0000001073000000| Complete 
| 460|0x0000001073400000, 0x0000001073800000, 0x0000001073800000|100%| E|CS|TAMS 0x0000001073400000, 0x0000001073400000| Complete 
| 461|0x0000001073800000, 0x0000001073c00000, 0x0000001073c00000|100%| E|CS|TAMS 0x0000001073800000, 0x0000001073800000| Complete 
| 462|0x0000001073c00000, 0x0000001074000000, 0x0000001074000000|100%| E|CS|TAMS 0x0000001073c00000, 0x0000001073c00000| Complete 
| 463|0x0000001074000000, 0x0000001074400000, 0x0000001074400000|100%| E|CS|TAMS 0x0000001074000000, 0x0000001074000000| Complete 
| 464|0x0000001074400000, 0x0000001074800000, 0x0000001074800000|100%| E|CS|TAMS 0x0000001074400000, 0x0000001074400000| Complete 
| 465|0x0000001074800000, 0x0000001074c00000, 0x0000001074c00000|100%| E|CS|TAMS 0x0000001074800000, 0x0000001074800000| Complete 
| 466|0x0000001074c00000, 0x0000001075000000, 0x0000001075000000|100%| E|CS|TAMS 0x0000001074c00000, 0x0000001074c00000| Complete 
| 467|0x0000001075000000, 0x0000001075400000, 0x0000001075400000|100%| E|CS|TAMS 0x0000001075000000, 0x0000001075000000| Complete 
| 468|0x0000001075400000, 0x0000001075800000, 0x0000001075800000|100%| E|CS|TAMS 0x0000001075400000, 0x0000001075400000| Complete 
| 469|0x0000001075800000, 0x0000001075c00000, 0x0000001075c00000|100%| E|CS|TAMS 0x0000001075800000, 0x0000001075800000| Complete 
| 470|0x0000001075c00000, 0x0000001076000000, 0x0000001076000000|100%| E|CS|TAMS 0x0000001075c00000, 0x0000001075c00000| Complete 
| 471|0x0000001076000000, 0x0000001076400000, 0x0000001076400000|100%| E|CS|TAMS 0x0000001076000000, 0x0000001076000000| Complete 
| 472|0x0000001076400000, 0x0000001076800000, 0x0000001076800000|100%| E|CS|TAMS 0x0000001076400000, 0x0000001076400000| Complete 
| 473|0x0000001076800000, 0x0000001076c00000, 0x0000001076c00000|100%| E|CS|TAMS 0x0000001076800000, 0x0000001076800000| Complete 
| 474|0x0000001076c00000, 0x0000001077000000, 0x0000001077000000|100%| E|CS|TAMS 0x0000001076c00000, 0x0000001076c00000| Complete 
| 475|0x0000001077000000, 0x0000001077400000, 0x0000001077400000|100%| E|CS|TAMS 0x0000001077000000, 0x0000001077000000| Complete 
| 476|0x0000001077400000, 0x0000001077800000, 0x0000001077800000|100%| E|CS|TAMS 0x0000001077400000, 0x0000001077400000| Complete 
| 477|0x0000001077800000, 0x0000001077c00000, 0x0000001077c00000|100%| E|CS|TAMS 0x0000001077800000, 0x0000001077800000| Complete 
| 478|0x0000001077c00000, 0x0000001078000000, 0x0000001078000000|100%| E|CS|TAMS 0x0000001077c00000, 0x0000001077c00000| Complete 
| 479|0x0000001078000000, 0x0000001078400000, 0x0000001078400000|100%| E|CS|TAMS 0x0000001078000000, 0x0000001078000000| Complete 
| 480|0x0000001078400000, 0x0000001078800000, 0x0000001078800000|100%| E|CS|TAMS 0x0000001078400000, 0x0000001078400000| Complete 
| 481|0x0000001078800000, 0x0000001078c00000, 0x0000001078c00000|100%| E|CS|TAMS 0x0000001078800000, 0x0000001078800000| Complete 
| 482|0x0000001078c00000, 0x0000001079000000, 0x0000001079000000|100%| E|CS|TAMS 0x0000001078c00000, 0x0000001078c00000| Complete 
| 483|0x0000001079000000, 0x0000001079400000, 0x0000001079400000|100%| E|CS|TAMS 0x0000001079000000, 0x0000001079000000| Complete 
| 484|0x0000001079400000, 0x0000001079800000, 0x0000001079800000|100%| E|CS|TAMS 0x0000001079400000, 0x0000001079400000| Complete 
| 485|0x0000001079800000, 0x0000001079c00000, 0x0000001079c00000|100%| E|CS|TAMS 0x0000001079800000, 0x0000001079800000| Complete 
| 486|0x0000001079c00000, 0x0000001079e5b208, 0x000000107a000000| 58%| S|CS|TAMS 0x0000001079c00000, 0x0000001079c00000| Complete 
| 487|0x000000107a000000, 0x000000107a400000, 0x000000107a400000|100%| E|CS|TAMS 0x000000107a000000, 0x000000107a000000| Complete 
| 488|0x000000107a400000, 0x000000107a800000, 0x000000107a800000|100%| E|CS|TAMS 0x000000107a400000, 0x000000107a400000| Complete 
| 489|0x000000107a800000, 0x000000107ac00000, 0x000000107ac00000|100%| E|CS|TAMS 0x000000107a800000, 0x000000107a800000| Complete 
| 490|0x000000107ac00000, 0x000000107b000000, 0x000000107b000000|100%| E|CS|TAMS 0x000000107ac00000, 0x000000107ac00000| Complete 
| 491|0x000000107b000000, 0x000000107b400000, 0x000000107b400000|100%| E|CS|TAMS 0x000000107b000000, 0x000000107b000000| Complete 
| 492|0x000000107b400000, 0x000000107b800000, 0x000000107b800000|100%| E|CS|TAMS 0x000000107b400000, 0x000000107b400000| Complete 
| 493|0x000000107b800000, 0x000000107bc00000, 0x000000107bc00000|100%| E|CS|TAMS 0x000000107b800000, 0x000000107b800000| Complete 
| 494|0x000000107bc00000, 0x000000107c000000, 0x000000107c000000|100%| E|CS|TAMS 0x000000107bc00000, 0x000000107bc00000| Complete 
| 495|0x000000107c000000, 0x000000107c400000, 0x000000107c400000|100%| E|CS|TAMS 0x000000107c000000, 0x000000107c000000| Complete 
| 496|0x000000107c400000, 0x000000107c800000, 0x000000107c800000|100%| E|CS|TAMS 0x000000107c400000, 0x000000107c400000| Complete 
| 497|0x000000107c800000, 0x000000107cc00000, 0x000000107cc00000|100%| E|CS|TAMS 0x000000107c800000, 0x000000107c800000| Complete 
| 498|0x000000107cc00000, 0x000000107d000000, 0x000000107d000000|100%| E|CS|TAMS 0x000000107cc00000, 0x000000107cc00000| Complete 
| 499|0x000000107d000000, 0x000000107d400000, 0x000000107d400000|100%| E|CS|TAMS 0x000000107d000000, 0x000000107d000000| Complete 
| 500|0x000000107d400000, 0x000000107d800000, 0x000000107d800000|100%| E|CS|TAMS 0x000000107d400000, 0x000000107d400000| Complete 
| 501|0x000000107d800000, 0x000000107dc00000, 0x000000107dc00000|100%| E|CS|TAMS 0x000000107d800000, 0x000000107d800000| Complete 
| 502|0x000000107dc00000, 0x000000107e000000, 0x000000107e000000|100%| E|CS|TAMS 0x000000107dc00000, 0x000000107dc00000| Complete 
| 503|0x000000107e000000, 0x000000107e400000, 0x000000107e400000|100%| E|CS|TAMS 0x000000107e000000, 0x000000107e000000| Complete 
| 504|0x000000107e400000, 0x000000107e800000, 0x000000107e800000|100%| E|CS|TAMS 0x000000107e400000, 0x000000107e400000| Complete 
| 505|0x000000107e800000, 0x000000107ec00000, 0x000000107ec00000|100%| E|CS|TAMS 0x000000107e800000, 0x000000107e800000| Complete 
| 506|0x000000107ec00000, 0x000000107f000000, 0x000000107f000000|100%| E|CS|TAMS 0x000000107ec00000, 0x000000107ec00000| Complete 
| 507|0x000000107f000000, 0x000000107f400000, 0x000000107f400000|100%| E|CS|TAMS 0x000000107f000000, 0x000000107f000000| Complete 
| 508|0x000000107f400000, 0x000000107f800000, 0x000000107f800000|100%| E|CS|TAMS 0x000000107f400000, 0x000000107f400000| Complete 
| 509|0x000000107f800000, 0x000000107fc00000, 0x000000107fc00000|100%| E|CS|TAMS 0x000000107f800000, 0x000000107f800000| Complete 
| 510|0x000000107fc00000, 0x0000001080000000, 0x0000001080000000|100%| E|CS|TAMS 0x000000107fc00000, 0x000000107fc00000| Complete 
| 511|0x0000001080000000, 0x0000001080400000, 0x0000001080400000|100%| E|CS|TAMS 0x0000001080000000, 0x0000001080000000| Complete 
|7670|0x000000177dc00000, 0x000000177dc48000, 0x000000177e000000|  7%|OA|  |TAMS 0x000000177dc00000, 0x000000177dc00000| Untracked 
|7671|0x000000177e000000, 0x000000177e06c000, 0x000000177e400000| 10%|CA|  |TAMS 0x000000177e000000, 0x000000177e000000| Untracked 

Card table byte_map: [0x00007fd434400000,0x00007fd437ff0000] _byte_map_base: 0x00007fd42c3fe000

Marking Bits (Prev, Next): (CMBitMap*) 0x0000000089926fd8, (CMBitMap*) 0x0000000089927010
 Prev Bits: [0x00007fd412800000, 0x00007fd430780000)
 Next Bits: [0x00007fd3f4800000, 0x00007fd412780000)

Polling page: 0x00007fd66c201000

Metaspace:

Usage:
  Non-class:      6.37 MB capacity,     5.21 MB ( 82%) used,     1.10 MB ( 17%) free+waste,    51.12 KB ( <1%) overhead. 
      Class:   1010.00 KB capacity,   723.67 KB ( 72%) used,   259.08 KB ( 26%) free+waste,    27.25 KB (  3%) overhead. 
       Both:      7.35 MB capacity,     5.92 MB ( 81%) used,     1.36 MB ( 18%) free+waste,    78.38 KB (  1%) overhead. 

Virtual space:
  Non-class space:        8.00 MB reserved,       6.50 MB ( 81%) committed 
      Class space:        1.00 GB reserved,       1.00 MB ( <1%) committed 
             Both:        1.01 GB reserved,       7.50 MB ( <1%) committed 

Chunk freelists:
   Non-Class:  10.00 KB
       Class:  14.00 KB
        Both:  24.00 KB

MaxMetaspaceSize: unlimited
CompressedClassSpaceSize: 1.00 GB
Initial GC threshold: 20.80 MB
Current GC threshold: 20.80 MB
CDS: on

CodeHeap 'non-profiled nmethods': size=118884Kb used=760Kb max_used=760Kb free=118124Kb
 bounds [0x00007fd4477e7000, 0x00007fd447a57000, 0x00007fd44ec00000]
CodeHeap 'profiled nmethods': size=118884Kb used=3191Kb max_used=3191Kb free=115692Kb
 bounds [0x00007fd4403ce000, 0x00007fd4406ee000, 0x00007fd4477e7000]
CodeHeap 'non-nmethods': size=7992Kb used=1227Kb max_used=3508Kb free=6764Kb
 bounds [0x00007fd43fc00000, 0x00007fd43ff70000, 0x00007fd4403ce000]
 total_blobs=2022 nmethods=1526 adapters=410
 compilation: enabled
              stopped_count=0, restarted_count=0
 full_count=0

Compilation events (20 events):
Event: 6.785 Thread 0x00007fd3a80c2000 nmethod 1474 0x00007fd447896810 code [0x00007fd447896a80, 0x00007fd447897b50]
Event: 6.785 Thread 0x00007fd3a80c2000 1516   !   4       java.nio.DirectByteBuffer::get (151 bytes)
Event: 6.787 Thread 0x000000008cc31000 nmethod 1478 0x00007fd447898c10 code [0x00007fd447898de0, 0x00007fd4478991f8]
Event: 6.787 Thread 0x00007fd3a80c2000 nmethod 1516 0x00007fd447899590 code [0x00007fd447899740, 0x00007fd447899a98]
Event: 6.787 Thread 0x000000008cc31000 1517   !   4       sun.nio.ch.FileChannelImpl::read (105 bytes)
Event: 6.787 Thread 0x00007fd3a80c2000 1518   !   4       sun.nio.ch.FileChannelImpl::readInternal (253 bytes)
Event: 6.788 Thread 0x00007fd3700d0800 nmethod 1515 0x00007fd447899f10 code [0x00007fd44789a0e0, 0x00007fd44789a618]
Event: 6.797 Thread 0x000000008cc31000 nmethod 1517 0x00007fd44789ac90 code [0x00007fd44789aec0, 0x00007fd44789be20]
Event: 6.798 Thread 0x00007fd3a80c2000 nmethod 1518 0x00007fd44789c890 code [0x00007fd44789caa0, 0x00007fd44789d900]
Event: 6.807 Thread 0x00007fd3700c7000 nmethod 1484 0x00007fd44789e210 code [0x00007fd44789e500, 0x00007fd4478a0fd0]
Event: 6.817 Thread 0x00007fd3a011b800 1522       3       org.terrier.terms.PorterStemmer::step1 (284 bytes)
Event: 6.817 Thread 0x000000008cc32800 1523       3       org.terrier.terms.PorterStemmer::step3 (488 bytes)
Event: 6.817 Thread 0x00007fd3a011a800 1524       3       org.terrier.terms.PorterStemmer::step4 (176 bytes)
Event: 6.817 Thread 0x00007fd3a023a800 1525       3       org.terrier.terms.PorterStemmer::step5 (429 bytes)
Event: 6.817 Thread 0x00007fd3a011d000 1526       3       org.terrier.terms.PorterStemmer::step6 (104 bytes)
Event: 6.817 Thread 0x00007fd3a011d000 nmethod 1526 0x00007fd4406e3b90 code [0x00007fd4406e3da0, 0x00007fd4406e42d0]
Event: 6.818 Thread 0x00007fd3a011a800 nmethod 1524 0x00007fd4406e4490 code [0x00007fd4406e4800, 0x00007fd4406e5580]
Event: 6.818 Thread 0x00007fd3a011b800 nmethod 1522 0x00007fd4406e5910 code [0x00007fd4406e5c40, 0x00007fd4406e69f0]
Event: 6.818 Thread 0x00007fd3a023a800 nmethod 1525 0x00007fd4406e6e10 code [0x00007fd4406e7180, 0x00007fd4406e8290]
Event: 6.818 Thread 0x000000008cc32800 nmethod 1523 0x00007fd4406e8590 code [0x00007fd4406e8c60, 0x00007fd4406eb2e0]

GC Heap History (2 events):
Event: 0.427 GC heap before
{Heap before GC invocations=0 (full 0):
 garbage-first heap   total 2105344K, used 148176K [0x0000001000400000, 0x000000177e400000)
  region size 4096K, 25 young (102400K), 0 survivors (0K)
 Metaspace       used 3661K, capacity 6166K, committed 6400K, reserved 1056768K
  class space    used 430K, capacity 745K, committed 768K, reserved 1048576K
}
Event: 0.436 GC heap after
{Heap after GC invocations=1 (full 0):
 garbage-first heap   total 2105344K, used 48188K [0x0000001000400000, 0x000000177e400000)
  region size 4096K, 1 young (4096K), 1 survivors (4096K)
 Metaspace       used 3661K, capacity 6166K, committed 6400K, reserved 1056768K
  class space    used 430K, capacity 745K, committed 768K, reserved 1048576K
}

Deoptimization events (20 events):
Event: 6.692 Thread 0x00000000897ee000 Uncommon trap: trap_request=0xffffffde fr.pc=0x00007fd44783e0f4 relative=0x0000000000000bb4
Event: 6.692 Thread 0x00000000897ee000 Uncommon trap: reason=class_check action=maybe_recompile pc=0x00007fd44783e0f4 method=java.io.DataInputStream.readFully([BII)V @ 34 c2
Event: 6.692 Thread 0x00000000897ee000 DEOPT PACKING pc=0x00007fd44783e0f4 sp=0x00007ffefb237f00
Event: 6.692 Thread 0x00000000897ee000 DEOPT UNPACKING pc=0x00007fd43fc082a5 sp=0x00007ffefb237f08 mode 2
Event: 6.692 Thread 0x00000000897ee000 Uncommon trap: trap_request=0xffffffde fr.pc=0x00007fd44783b758 relative=0x0000000000000218
Event: 6.692 Thread 0x00000000897ee000 Uncommon trap: reason=class_check action=maybe_recompile pc=0x00007fd44783b758 method=java.io.DataInputStream.readByte()B @ 4 c2
Event: 6.692 Thread 0x00000000897ee000 DEOPT PACKING pc=0x00007fd44783b758 sp=0x00007ffefb237f00
Event: 6.692 Thread 0x00000000897ee000 DEOPT UNPACKING pc=0x00007fd43fc082a5 sp=0x00007ffefb237eb8 mode 2
Event: 6.692 Thread 0x00000000897ee000 Uncommon trap: trap_request=0xffffffde fr.pc=0x00007fd44783e0f4 relative=0x0000000000000bb4
Event: 6.692 Thread 0x00000000897ee000 Uncommon trap: reason=class_check action=maybe_recompile pc=0x00007fd44783e0f4 method=java.io.DataInputStream.readFully([BII)V @ 34 c2
Event: 6.692 Thread 0x00000000897ee000 DEOPT PACKING pc=0x00007fd44783e0f4 sp=0x00007ffefb237f00
Event: 6.692 Thread 0x00000000897ee000 DEOPT UNPACKING pc=0x00007fd43fc082a5 sp=0x00007ffefb237f08 mode 2
Event: 6.692 Thread 0x00000000897ee000 Uncommon trap: trap_request=0xffffffde fr.pc=0x00007fd44783b758 relative=0x0000000000000218
Event: 6.692 Thread 0x00000000897ee000 Uncommon trap: reason=class_check action=maybe_recompile pc=0x00007fd44783b758 method=java.io.DataInputStream.readByte()B @ 4 c2
Event: 6.692 Thread 0x00000000897ee000 DEOPT PACKING pc=0x00007fd44783b758 sp=0x00007ffefb237f00
Event: 6.692 Thread 0x00000000897ee000 DEOPT UNPACKING pc=0x00007fd43fc082a5 sp=0x00007ffefb237eb8 mode 2
Event: 6.692 Thread 0x00000000897ee000 Uncommon trap: trap_request=0xffffffde fr.pc=0x00007fd44783e0f4 relative=0x0000000000000bb4
Event: 6.692 Thread 0x00000000897ee000 Uncommon trap: reason=class_check action=maybe_recompile pc=0x00007fd44783e0f4 method=java.io.DataInputStream.readFully([BII)V @ 34 c2
Event: 6.692 Thread 0x00000000897ee000 DEOPT PACKING pc=0x00007fd44783e0f4 sp=0x00007ffefb237f00
Event: 6.692 Thread 0x00000000897ee000 DEOPT UNPACKING pc=0x00007fd43fc082a5 sp=0x00007ffefb237f08 mode 2

Classes redefined (0 events):
No events

Internal exceptions (20 events):
Event: 0.248 Thread 0x00000000897ee000 Exception <a 'java/lang/NoSuchMethodError'{0x000000107fafd058}: 'java.lang.Object java.lang.invoke.DelegatingMethodHandle$Holder.reinvoke_L(java.lang.Object, int, int, int, java.lang.Object, java.lang.Object, java.lang.Object)'> (0x000000107fafd058) thrown at [./src/hotspot/share/interpreter/linkResolver.cpp, line 772]
Event: 0.249 Thread 0x00000000897ee000 Exception <a 'java/lang/NoSuchMethodError'{0x000000107fb044b0}: 'java.lang.Object java.lang.invoke.DirectMethodHandle$Holder.invokeStatic(java.lang.Object, java.lang.Object, java.lang.Object, java.lang.Object, java.lang.Object, int)'> (0x000000107fb044b0) thrown at [./src/hotspot/share/interpreter/linkResolver.cpp, line 772]
Event: 1.108 Thread 0x00000000897ee000 Exception <a 'java/lang/NoSuchMethodError'{0x00000010638f7a58}: 'java.lang.Object java.lang.invoke.DirectMethodHandle$Holder.invokeSpecial(java.lang.Object, java.lang.Object, int, int, int, java.lang.Object, java.lang.Object, java.lang.Object, java.lang.Object)'> (0x00000010638f7a58) thrown at [./src/hotspot/share/interpreter/linkResolver.cpp, line 772]
Event: 1.108 Thread 0x00000000897ee000 Exception <a 'java/lang/NoSuchMethodError'{0x00000010638fb210}: 'java.lang.Object java.lang.invoke.DelegatingMethodHandle$Holder.reinvoke_L(java.lang.Object, int, int, int, java.lang.Object, java.lang.Object, java.lang.Object, java.lang.Object)'> (0x00000010638fb210) thrown at [./src/hotspot/share/interpreter/linkResolver.cpp, line 772]
Event: 1.109 Thread 0x00000000897ee000 Exception <a 'java/lang/NoSuchMethodError'{0x000000106391d448}: 'java.lang.Object java.lang.invoke.DirectMethodHandle$Holder.invokeStatic(java.lang.Object, java.lang.Object, java.lang.Object, java.lang.Object, java.lang.Object, java.lang.Object, java.lang.Object, int)'> (0x000000106391d448) thrown at [./src/hotspot/share/interpreter/linkResolver.cpp, line 772]
Event: 1.144 Thread 0x00000000897ee000 Exception <a 'java/lang/NoSuchMethodError'{0x0000001063a057b0}: <clinit>> (0x0000001063a057b0) thrown at [./src/hotspot/share/prims/jni.cpp, line 1372]
Event: 1.365 Thread 0x00000000897ee000 Exception <a 'java/lang/NoSuchMethodError'{0x0000001063b60f68}: 'java.lang.Object java.lang.invoke.DirectMethodHandle$Holder.invokeSpecial(java.lang.Object, java.lang.Object, int, int, int, java.lang.Object, java.lang.Object, java.lang.Object, java.lang.Object, int)'> (0x0000001063b60f68) thrown at [./src/hotspot/share/interpreter/linkResolver.cpp, line 772]
Event: 1.365 Thread 0x00000000897ee000 Exception <a 'java/lang/NoSuchMethodError'{0x0000001063b64958}: 'java.lang.Object java.lang.invoke.DelegatingMethodHandle$Holder.reinvoke_L(java.lang.Object, int, int, int, java.lang.Object, java.lang.Object, java.lang.Object, java.lang.Object, int)'> (0x0000001063b64958) thrown at [./src/hotspot/share/interpreter/linkResolver.cpp, line 772]
Event: 1.367 Thread 0x00000000897ee000 Exception <a 'java/lang/NoSuchMethodError'{0x0000001063bbc4e8}: 'java.lang.Object java.lang.invoke.DirectMethodHandle$Holder.invokeStatic(java.lang.Object, java.lang.Object, java.lang.Object, java.lang.Object, java.lang.Object, java.lang.Object, java.lang.Object, java.lang.Object, java.lang.Object, java.lang.Object, java.lang.Object, int, int, java.lang.Object, java.lang.Object, java.lang.Object)'> (0x0000001063bbc4e8) thrown at [./src/hotspot/share/interpreter/linkResolver.cpp, line 772]
Event: 1.367 Thread 0x00000000897ee000 Exception <a 'java/lang/NoSuchMethodError'{0x0000001063bc92b0}: 'java.lang.Object java.lang.invoke.DirectMethodHandle$Holder.invokeSpecial(java.lang.Object, java.lang.Object, java.lang.Object, java.lang.Object, java.lang.Object, java.lang.Object, int)'> (0x0000001063bc92b0) thrown at [./src/hotspot/share/interpreter/linkResolver.cpp, line 772]
Event: 1.368 Thread 0x00000000897ee000 Exception <a 'java/lang/NoSuchMethodError'{0x0000001063bcc948}: 'java.lang.Object java.lang.invoke.DelegatingMethodHandle$Holder.reinvoke_L(java.lang.Object, java.lang.Object, java.lang.Object, java.lang.Object, java.lang.Object, int)'> (0x0000001063bcc948) thrown at [./src/hotspot/share/interpreter/linkResolver.cpp, line 772]
Event: 1.368 Thread 0x00000000897ee000 Exception <a 'java/lang/NoSuchMethodError'{0x0000001063bd3278}: 'java.lang.Object java.lang.invoke.Invokers$Holder.linkToTargetMethod(java.lang.Object, java.lang.Object, java.lang.Object, java.lang.Object, int, java.lang.Object)'> (0x0000001063bd3278) thrown at [./src/hotspot/share/interpreter/linkResolver.cpp, line 772]
Event: 1.369 Thread 0x00000000897ee000 Exception <a 'java/lang/NoSuchMethodError'{0x000000106342a4d8}: 'java.lang.Object java.lang.invoke.Invokers$Holder.linkToTargetMethod(java.lang.Object, int, java.lang.Object)'> (0x000000106342a4d8) thrown at [./src/hotspot/share/interpreter/linkResolver.cpp, line 772]
Event: 1.374 Thread 0x00000000897ee000 Exception <a 'java/lang/NoSuchMethodError'{0x0000001063502228}: 'java.lang.Object java.lang.invoke.DirectMethodHandle$Holder.invokeSpecial(java.lang.Object, java.lang.Object, int, int, java.lang.Object, java.lang.Object, java.lang.Object)'> (0x0000001063502228) thrown at [./src/hotspot/share/interpreter/linkResolver.cpp, line 772]
Event: 1.375 Thread 0x00000000897ee000 Exception <a 'java/lang/NoSuchMethodError'{0x00000010635057b8}: 'java.lang.Object java.lang.invoke.DelegatingMethodHandle$Holder.reinvoke_L(java.lang.Object, int, int, java.lang.Object, java.lang.Object, java.lang.Object)'> (0x00000010635057b8) thrown at [./src/hotspot/share/interpreter/linkResolver.cpp, line 772]
Event: 1.375 Thread 0x00000000897ee000 Exception <a 'java/lang/NoSuchMethodError'{0x0000001063513590}: 'java.lang.Object java.lang.invoke.DirectMethodHandle$Holder.invokeStatic(java.lang.Object, java.lang.Object, java.lang.Object, java.lang.Object, java.lang.Object, java.lang.Object, int)'> (0x0000001063513590) thrown at [./src/hotspot/share/interpreter/linkResolver.cpp, line 772]
Event: 1.375 Thread 0x00000000897ee000 Exception <a 'java/lang/NoSuchMethodError'{0x0000001063529d38}: 'java.lang.Object java.lang.invoke.DirectMethodHandle$Holder.invokeStatic(java.lang.Object, java.lang.Object, java.lang.Object, java.lang.Object, java.lang.Object, java.lang.Object, int, int)'> (0x0000001063529d38) thrown at [./src/hotspot/share/interpreter/linkResolver.cpp, line 772]
Event: 1.376 Thread 0x00000000897ee000 Exception <a 'java/lang/NoSuchMethodError'{0x00000010635416a8}: 'java.lang.Object java.lang.invoke.DirectMethodHandle$Holder.invokeStatic(java.lang.Object, java.lang.Object, java.lang.Object, java.lang.Object, java.lang.Object, java.lang.Object, int, int, java.lang.Object)'> (0x00000010635416a8) thrown at [./src/hotspot/share/interpreter/linkResolver.cpp, line 772]
Event: 1.377 Thread 0x00000000897ee000 Exception <a 'java/lang/NoSuchMethodError'{0x000000106355dcb0}: 'java.lang.Object java.lang.invoke.DirectMethodHandle$Holder.invokeStatic(java.lang.Object, java.lang.Object, java.lang.Object, java.lang.Object, java.lang.Object, java.lang.Object, int, int, java.lang.Object, java.lang.Object)'> (0x000000106355dcb0) thrown at [./src/hotspot/share/interpreter/linkResolver.cpp, line 772]
Event: 1.378 Thread 0x00000000897ee000 Exception <a 'java/lang/NoSuchMethodError'{0x0000001063578d50}: 'java.lang.Object java.lang.invoke.DirectMethodHandle$Holder.invokeStatic(java.lang.Object, java.lang.Object, java.lang.Object, java.lang.Object, java.lang.Object, java.lang.Object, int, int, java.lang.Object, java.lang.Object, java.lang.Object)'> (0x0000001063578d50) thrown at [./src/hotspot/share/interpreter/linkResolver.cpp, line 772]

Events (20 events):
Event: 6.703 Protecting memory [0x00007fd43d4ff000,0x00007fd43d503000] with protection modes 0
Event: 6.713 Thread 0x00007fd3a80c2000 Thread added: 0x00007fd3a80c2000
Event: 6.713 Protecting memory [0x00007fd43d3ff000,0x00007fd43d403000] with protection modes 0
Event: 6.766 Thread 0x00007fd3700c7000 Thread added: 0x00007fd3700c7000
Event: 6.766 Protecting memory [0x00007fd43d2ff000,0x00007fd43d303000] with protection modes 0
Event: 6.778 Thread 0x00007fd3700d0800 Thread added: 0x00007fd3700d0800
Event: 6.778 Protecting memory [0x00007fd43d1ff000,0x00007fd43d203000] with protection modes 0
Event: 11.817 Thread 0x00007fd3700d0800 Thread exited: 0x00007fd3700d0800
Event: 11.818 Thread 0x00007fd3a011d000 Thread exited: 0x00007fd3a011d000
Event: 11.818 Thread 0x00007fd3a011b800 Thread exited: 0x00007fd3a011b800
Event: 16.817 Thread 0x00007fd3700c7000 Thread exited: 0x00007fd3700c7000
Event: 16.817 Thread 0x00007fd3a80c2000 Thread exited: 0x00007fd3a80c2000
Event: 16.818 Thread 0x00007fd3a011a800 Thread exited: 0x00007fd3a011a800
Event: 16.818 Thread 0x00007fd3a023a800 Thread exited: 0x00007fd3a023a800
Event: 32.372 loading class jdk/internal/misc/Signal$1
Event: 32.372 loading class jdk/internal/misc/Signal$1 done
Event: 32.372 Thread 0x00007fd3b8001800 Thread added: 0x00007fd3b8001800
Event: 32.372 Protecting memory [0x00007fd66ad01000,0x00007fd66ad05000] with protection modes 0
Event: 32.373 Executing VM operation: Exit
Event: 32.373 Thread 0x000000008cc2e800 Thread exited: 0x000000008cc2e800


Dynamic libraries:
00400000-0041f000 r--p 00000000 00:1f8 148237027901                      /mnt/primary/conda-envs/semantic_uncertainty_export/bin/python3.11
0041f000-00652000 r-xp 0001f000 00:1f8 148237027901                      /mnt/primary/conda-envs/semantic_uncertainty_export/bin/python3.11
00652000-00770000 r--p 00252000 00:1f8 148237027901                      /mnt/primary/conda-envs/semantic_uncertainty_export/bin/python3.11
00771000-00772000 r--p 00370000 00:1f8 148237027901                      /mnt/primary/conda-envs/semantic_uncertainty_export/bin/python3.11
00772000-008a2000 rw-p 00371000 00:1f8 148237027901                      /mnt/primary/conda-envs/semantic_uncertainty_export/bin/python3.11
008a2000-008e5000 rw-p 00000000 00:00 0 
0213e000-a4c44000 rw-p 00000000 00:00 0                                  [heap]
800000000-800002000 rwxp 00001000 08:04 3232185267                       /usr/lib/jvm/java-11-openjdk-amd64/lib/server/classes.jsa
800002000-8003ce000 rw-p 00003000 08:04 3232185267                       /usr/lib/jvm/java-11-openjdk-amd64/lib/server/classes.jsa
8003ce000-800aa5000 r--p 003cf000 08:04 3232185267                       /usr/lib/jvm/java-11-openjdk-amd64/lib/server/classes.jsa
800aa5000-800aa6000 rw-p 00aa6000 08:04 3232185267                       /usr/lib/jvm/java-11-openjdk-amd64/lib/server/classes.jsa
840000000-840100000 rw-p 00000000 00:00 0 
840100000-880000000 ---p 00000000 00:00 0 
1000000000-1000400000 ---p 00000000 00:00 0 
1000400000-1080400000 rw-p 00000000 00:00 0 
1080400000-177dc00000 ---p 00000000 00:00 0 
177dc00000-177dc48000 rw-p 00b13000 08:04 3232185267                     /usr/lib/jvm/java-11-openjdk-amd64/lib/server/classes.jsa
177dc48000-177e000000 rw-p 00000000 00:00 0 
177e000000-177e06c000 rw-p 00aa7000 08:04 3232185267                     /usr/lib/jvm/java-11-openjdk-amd64/lib/server/classes.jsa
177e06c000-177e400000 rw-p 00000000 00:00 0 
7fcac0000000-7fcac0075000 rw-p 00000000 00:00 0 
7fcac0075000-7fcac4000000 ---p 00000000 00:00 0 
7fcac8000000-7fcac82db000 rw-p 00000000 00:00 0 
7fcac82db000-7fcacc000000 ---p 00000000 00:00 0 
7fcad0000000-7fcad01a0000 rw-p 00000000 00:00 0 
7fcad01a0000-7fcad4000000 ---p 00000000 00:00 0 
7fcad5038000-7fd128000000 r--s 00000000 00:1f8 63912970756               /mnt/indices/msmarco-passage.tct-hnp.flex/vecs.f4
7fd128000000-7fd128418000 rw-p 00000000 00:00 0 
7fd128418000-7fd12c000000 ---p 00000000 00:00 0 
7fd130000000-7fd13041c000 rw-p 00000000 00:00 0 
7fd13041c000-7fd134000000 ---p 00000000 00:00 0 
7fd138000000-7fd13841c000 rw-p 00000000 00:00 0 
7fd13841c000-7fd13c000000 ---p 00000000 00:00 0 
7fd140000000-7fd14041c000 rw-p 00000000 00:00 0 
7fd14041c000-7fd144000000 ---p 00000000 00:00 0 
7fd148000000-7fd14841c000 rw-p 00000000 00:00 0 
7fd14841c000-7fd14c000000 ---p 00000000 00:00 0 
7fd150000000-7fd15041c000 rw-p 00000000 00:00 0 
7fd15041c000-7fd154000000 ---p 00000000 00:00 0 
7fd158000000-7fd15841c000 rw-p 00000000 00:00 0 
7fd15841c000-7fd15c000000 ---p 00000000 00:00 0 
7fd160000000-7fd16041c000 rw-p 00000000 00:00 0 
7fd16041c000-7fd164000000 ---p 00000000 00:00 0 
7fd168000000-7fd16841c000 rw-p 00000000 00:00 0 
7fd16841c000-7fd16c000000 ---p 00000000 00:00 0 
7fd170000000-7fd17041c000 rw-p 00000000 00:00 0 
7fd17041c000-7fd174000000 ---p 00000000 00:00 0 
7fd178000000-7fd17841c000 rw-p 00000000 00:00 0 
7fd17841c000-7fd17c000000 ---p 00000000 00:00 0 
7fd180000000-7fd18041c000 rw-p 00000000 00:00 0 
7fd18041c000-7fd184000000 ---p 00000000 00:00 0 
7fd188000000-7fd18841c000 rw-p 00000000 00:00 0 
7fd18841c000-7fd18c000000 ---p 00000000 00:00 0 
7fd190000000-7fd19041c000 rw-p 00000000 00:00 0 
7fd19041c000-7fd194000000 ---p 00000000 00:00 0 
7fd198000000-7fd19841c000 rw-p 00000000 00:00 0 
7fd19841c000-7fd19c000000 ---p 00000000 00:00 0 
7fd1a0000000-7fd1a0021000 rw-p 00000000 00:00 0 
7fd1a0021000-7fd1a4000000 ---p 00000000 00:00 0 
7fd1a8000000-7fd1a8021000 rw-p 00000000 00:00 0 
7fd1a8021000-7fd1ac000000 ---p 00000000 00:00 0 
7fd1b0000000-7fd1b0021000 rw-p 00000000 00:00 0 
7fd1b0021000-7fd1b4000000 ---p 00000000 00:00 0 
7fd1b8000000-7fd1b8021000 rw-p 00000000 00:00 0 
7fd1b8021000-7fd1bc000000 ---p 00000000 00:00 0 
7fd1c0000000-7fd1c0021000 rw-p 00000000 00:00 0 
7fd1c0021000-7fd1c4000000 ---p 00000000 00:00 0 
7fd1c8000000-7fd1c8021000 rw-p 00000000 00:00 0 
7fd1c8021000-7fd1cc000000 ---p 00000000 00:00 0 
7fd1d0000000-7fd1d0021000 rw-p 00000000 00:00 0 
7fd1d0021000-7fd1d4000000 ---p 00000000 00:00 0 
7fd1d8000000-7fd1d8021000 rw-p 00000000 00:00 0 
7fd1d8021000-7fd1dc000000 ---p 00000000 00:00 0 
7fd1e0000000-7fd1e0021000 rw-p 00000000 00:00 0 
7fd1e0021000-7fd1e4000000 ---p 00000000 00:00 0 
7fd1e8000000-7fd1e8021000 rw-p 00000000 00:00 0 
7fd1e8021000-7fd1ec000000 ---p 00000000 00:00 0 
7fd1f0000000-7fd1f0021000 rw-p 00000000 00:00 0 
7fd1f0021000-7fd1f4000000 ---p 00000000 00:00 0 
7fd1f8000000-7fd1f8021000 rw-p 00000000 00:00 0 
7fd1f8021000-7fd1fc000000 ---p 00000000 00:00 0 
7fd200000000-7fd200021000 rw-p 00000000 00:00 0 
7fd200021000-7fd204000000 ---p 00000000 00:00 0 
7fd208000000-7fd208021000 rw-p 00000000 00:00 0 
7fd208021000-7fd20c000000 ---p 00000000 00:00 0 
7fd210000000-7fd210021000 rw-p 00000000 00:00 0 
7fd210021000-7fd214000000 ---p 00000000 00:00 0 
7fd218000000-7fd218021000 rw-p 00000000 00:00 0 
7fd218021000-7fd21c000000 ---p 00000000 00:00 0 
7fd220000000-7fd220021000 rw-p 00000000 00:00 0 
7fd220021000-7fd224000000 ---p 00000000 00:00 0 
7fd228000000-7fd228021000 rw-p 00000000 00:00 0 
7fd228021000-7fd22c000000 ---p 00000000 00:00 0 
7fd230000000-7fd230021000 rw-p 00000000 00:00 0 
7fd230021000-7fd234000000 ---p 00000000 00:00 0 
7fd238000000-7fd238021000 rw-p 00000000 00:00 0 
7fd238021000-7fd23c000000 ---p 00000000 00:00 0 
7fd240000000-7fd240021000 rw-p 00000000 00:00 0 
7fd240021000-7fd244000000 ---p 00000000 00:00 0 
7fd248000000-7fd248021000 rw-p 00000000 00:00 0 
7fd248021000-7fd24c000000 ---p 00000000 00:00 0 
7fd250000000-7fd250021000 rw-p 00000000 00:00 0 
7fd250021000-7fd254000000 ---p 00000000 00:00 0 
7fd258000000-7fd258021000 rw-p 00000000 00:00 0 
7fd258021000-7fd25c000000 ---p 00000000 00:00 0 
7fd260000000-7fd260021000 rw-p 00000000 00:00 0 
7fd260021000-7fd264000000 ---p 00000000 00:00 0 
7fd268000000-7fd268021000 rw-p 00000000 00:00 0 
7fd268021000-7fd26c000000 ---p 00000000 00:00 0 
7fd270000000-7fd270021000 rw-p 00000000 00:00 0 
7fd270021000-7fd274000000 ---p 00000000 00:00 0 
7fd278000000-7fd278021000 rw-p 00000000 00:00 0 
7fd278021000-7fd27c000000 ---p 00000000 00:00 0 
7fd280000000-7fd280021000 rw-p 00000000 00:00 0 
7fd280021000-7fd284000000 ---p 00000000 00:00 0 
7fd285be4000-7fd2a0000000 rw-p 00000000 00:1f3 71014558886               /mnt/llm/huggingface-cache/hub/models--castorini--tct_colbert-msmarco/blobs/938c6367f910ac55073b58413577da148f5f1104e247379e4241917282ad15a0
7fd2a0000000-7fd2a0021000 rw-p 00000000 00:00 0 
7fd2a0021000-7fd2a4000000 ---p 00000000 00:00 0 
7fd2a8000000-7fd2a8021000 rw-p 00000000 00:00 0 
7fd2a8021000-7fd2ac000000 ---p 00000000 00:00 0 
7fd2b0000000-7fd2b0021000 rw-p 00000000 00:00 0 
7fd2b0021000-7fd2b4000000 ---p 00000000 00:00 0 
7fd2b8000000-7fd2b8021000 rw-p 00000000 00:00 0 
7fd2b8021000-7fd2bc000000 ---p 00000000 00:00 0 
7fd2c0000000-7fd2c0021000 rw-p 00000000 00:00 0 
7fd2c0021000-7fd2c4000000 ---p 00000000 00:00 0 
7fd2c8000000-7fd2c8021000 rw-p 00000000 00:00 0 
7fd2c8021000-7fd2cc000000 ---p 00000000 00:00 0 
7fd2d0000000-7fd2d0021000 rw-p 00000000 00:00 0 
7fd2d0021000-7fd2d4000000 ---p 00000000 00:00 0 
7fd2d8000000-7fd2d8021000 rw-p 00000000 00:00 0 
7fd2d8021000-7fd2dc000000 ---p 00000000 00:00 0 
7fd2e0000000-7fd2e0021000 rw-p 00000000 00:00 0 
7fd2e0021000-7fd2e4000000 ---p 00000000 00:00 0 
7fd2e8000000-7fd2e8021000 rw-p 00000000 00:00 0 
7fd2e8021000-7fd2ec000000 ---p 00000000 00:00 0 
7fd2f0000000-7fd2f0021000 rw-p 00000000 00:00 0 
7fd2f0021000-7fd2f4000000 ---p 00000000 00:00 0 
7fd2f8000000-7fd2f8021000 rw-p 00000000 00:00 0 
7fd2f8021000-7fd2fc000000 ---p 00000000 00:00 0 
7fd300000000-7fd300021000 rw-p 00000000 00:00 0 
7fd300021000-7fd304000000 ---p 00000000 00:00 0 
7fd308000000-7fd308021000 rw-p 00000000 00:00 0 
7fd308021000-7fd30c000000 ---p 00000000 00:00 0 
7fd310000000-7fd310021000 rw-p 00000000 00:00 0 
7fd310021000-7fd314000000 ---p 00000000 00:00 0 
7fd318000000-7fd318021000 rw-p 00000000 00:00 0 
7fd318021000-7fd31c000000 ---p 00000000 00:00 0 
7fd320000000-7fd320021000 rw-p 00000000 00:00 0 
7fd320021000-7fd324000000 ---p 00000000 00:00 0 
7fd328000000-7fd328021000 rw-p 00000000 00:00 0 
7fd328021000-7fd32c000000 ---p 00000000 00:00 0 
7fd330000000-7fd330021000 rw-p 00000000 00:00 0 
7fd330021000-7fd334000000 ---p 00000000 00:00 0 
7fd338000000-7fd338021000 rw-p 00000000 00:00 0 
7fd338021000-7fd33c000000 ---p 00000000 00:00 0 
7fd340000000-7fd340021000 rw-p 00000000 00:00 0 
7fd340021000-7fd344000000 ---p 00000000 00:00 0 
7fd348000000-7fd348021000 rw-p 00000000 00:00 0 
7fd348021000-7fd34c000000 ---p 00000000 00:00 0 
7fd350000000-7fd3501af000 rw-p 00000000 00:00 0 
7fd3501af000-7fd354000000 ---p 00000000 00:00 0 
7fd358000000-7fd35814c000 rw-p 00000000 00:00 0 
7fd35814c000-7fd35c000000 ---p 00000000 00:00 0 
7fd360000000-7fd36011c000 rw-p 00000000 00:00 0 
7fd36011c000-7fd364000000 ---p 00000000 00:00 0 
7fd368000000-7fd36811c000 rw-p 00000000 00:00 0 
7fd36811c000-7fd36c000000 ---p 00000000 00:00 0 
7fd370000000-7fd3705c0000 rw-p 00000000 00:00 0 
7fd3705c0000-7fd374000000 ---p 00000000 00:00 0 
7fd378000000-7fd3789a8000 rw-p 00000000 00:00 0 
7fd3789a8000-7fd37c000000 ---p 00000000 00:00 0 
7fd380000000-7fd380021000 rw-p 00000000 00:00 0 
7fd380021000-7fd384000000 ---p 00000000 00:00 0 
7fd388000000-7fd388021000 rw-p 00000000 00:00 0 
7fd388021000-7fd38c000000 ---p 00000000 00:00 0 
7fd390000000-7fd3901d5000 rw-p 00000000 00:00 0 
7fd3901d5000-7fd394000000 ---p 00000000 00:00 0 
7fd398000000-7fd398021000 rw-p 00000000 00:00 0 
7fd398021000-7fd39c000000 ---p 00000000 00:00 0 
7fd3a0000000-7fd3a0326000 rw-p 00000000 00:00 0 
7fd3a0326000-7fd3a4000000 ---p 00000000 00:00 0 
7fd3a8000000-7fd3a8824000 rw-p 00000000 00:00 0 
7fd3a8824000-7fd3ac000000 ---p 00000000 00:00 0 
7fd3b0000000-7fd3b0021000 rw-p 00000000 00:00 0 
7fd3b0021000-7fd3b4000000 ---p 00000000 00:00 0 
7fd3b8000000-7fd3b8021000 rw-p 00000000 00:00 0 
7fd3b8021000-7fd3bc000000 ---p 00000000 00:00 0 
7fd3c0000000-7fd3c0021000 rw-p 00000000 00:00 0 
7fd3c0021000-7fd3c4000000 ---p 00000000 00:00 0 
7fd3c8000000-7fd3c8021000 rw-p 00000000 00:00 0 
7fd3c8021000-7fd3cc000000 ---p 00000000 00:00 0 
7fd3cce00000-7fd3cce01000 ---p 00000000 00:00 0 
7fd3cce01000-7fd3cd602000 rw-p 00000000 00:00 0 
7fd3cd800000-7fd3cd801000 ---p 00000000 00:00 0 
7fd3cd801000-7fd3ce002000 rw-p 00000000 00:00 0 
7fd3ce200000-7fd3ce201000 ---p 00000000 00:00 0 
7fd3ce201000-7fd3cea02000 rw-p 00000000 00:00 0 
7fd3cec00000-7fd3cec01000 ---p 00000000 00:00 0 
7fd3cec01000-7fd3cf402000 rw-p 00000000 00:00 0 
7fd3cf600000-7fd3cf601000 ---p 00000000 00:00 0 
7fd3cf601000-7fd3cfe02000 rw-p 00000000 00:00 0 
7fd3d0000000-7fd3d0044000 rw-p 00000000 00:00 0 
7fd3d0044000-7fd3d4000000 ---p 00000000 00:00 0 
7fd3d4400000-7fd3d4401000 ---p 00000000 00:00 0 
7fd3d4401000-7fd3d4c02000 rw-p 00000000 00:00 0 
7fd3d4e00000-7fd3d4e01000 ---p 00000000 00:00 0 
7fd3d4e01000-7fd3d5602000 rw-p 00000000 00:00 0 
7fd3d5800000-7fd3d5801000 ---p 00000000 00:00 0 
7fd3d5801000-7fd3d6002000 rw-p 00000000 00:00 0 
7fd3d6200000-7fd3d6201000 ---p 00000000 00:00 0 
7fd3d6201000-7fd3d6a02000 rw-p 00000000 00:00 0 
7fd3d6c00000-7fd3d6c01000 ---p 00000000 00:00 0 
7fd3d6c01000-7fd3d7402000 rw-p 00000000 00:00 0 
7fd3d7600000-7fd3d7601000 ---p 00000000 00:00 0 
7fd3d7601000-7fd3d7e02000 rw-p 00000000 00:00 0 
7fd3d8000000-7fd3d8021000 rw-p 00000000 00:00 0 
7fd3d8021000-7fd3dc000000 ---p 00000000 00:00 0 
7fd3dc400000-7fd3dc401000 ---p 00000000 00:00 0 
7fd3dc401000-7fd3dcc02000 rw-p 00000000 00:00 0 
7fd3dce00000-7fd3dce01000 ---p 00000000 00:00 0 
7fd3dce01000-7fd3dd602000 rw-p 00000000 00:00 0 
7fd3dd800000-7fd3dd801000 ---p 00000000 00:00 0 
7fd3dd801000-7fd3de002000 rw-p 00000000 00:00 0 
7fd3de200000-7fd3de201000 ---p 00000000 00:00 0 
7fd3de201000-7fd3dea02000 rw-p 00000000 00:00 0 
7fd3dec00000-7fd3dec01000 ---p 00000000 00:00 0 
7fd3dec01000-7fd3dee01000 rw-p 00000000 00:00 0 
7fd3df000000-7fd3df001000 ---p 00000000 00:00 0 
7fd3df001000-7fd3df201000 rw-p 00000000 00:00 0 
7fd3df400000-7fd3df401000 ---p 00000000 00:00 0 
7fd3df401000-7fd3df601000 rw-p 00000000 00:00 0 
7fd3df800000-7fd3df801000 ---p 00000000 00:00 0 
7fd3df801000-7fd3dfa01000 rw-p 00000000 00:00 0 
7fd3dfc00000-7fd3dfc01000 ---p 00000000 00:00 0 
7fd3dfc01000-7fd3dfe01000 rw-p 00000000 00:00 0 
7fd3e0000000-7fd3e0021000 rw-p 00000000 00:00 0 
7fd3e0021000-7fd3e4000000 ---p 00000000 00:00 0 
7fd3e4400000-7fd3e4401000 ---p 00000000 00:00 0 
7fd3e4401000-7fd3e4601000 rw-p 00000000 00:00 0 
7fd3e4800000-7fd3e4801000 ---p 00000000 00:00 0 
7fd3e4801000-7fd3e4a01000 rw-p 00000000 00:00 0 
7fd3e4c00000-7fd3e4c01000 ---p 00000000 00:00 0 
7fd3e4c01000-7fd3e4e01000 rw-p 00000000 00:00 0 
7fd3e5000000-7fd3e5001000 ---p 00000000 00:00 0 
7fd3e5001000-7fd3e5201000 rw-p 00000000 00:00 0 
7fd3e5400000-7fd3e5401000 ---p 00000000 00:00 0 
7fd3e5401000-7fd3e5601000 rw-p 00000000 00:00 0 
7fd3e5800000-7fd3e5801000 ---p 00000000 00:00 0 
7fd3e5801000-7fd3e5a01000 rw-p 00000000 00:00 0 
7fd3e5c00000-7fd3e5c01000 ---p 00000000 00:00 0 
7fd3e5c01000-7fd3e5e01000 rw-p 00000000 00:00 0 
7fd3e6000000-7fd3e6001000 ---p 00000000 00:00 0 
7fd3e6001000-7fd3e6201000 rw-p 00000000 00:00 0 
7fd3e6400000-7fd3e6401000 ---p 00000000 00:00 0 
7fd3e6401000-7fd3e6601000 rw-p 00000000 00:00 0 
7fd3e6800000-7fd3e6801000 ---p 00000000 00:00 0 
7fd3e6801000-7fd3e6a01000 rw-p 00000000 00:00 0 
7fd3e6c00000-7fd3e6c01000 ---p 00000000 00:00 0 
7fd3e6c01000-7fd3e6e01000 rw-p 00000000 00:00 0 
7fd3e7000000-7fd3e7001000 ---p 00000000 00:00 0 
7fd3e7001000-7fd3e7201000 rw-p 00000000 00:00 0 
7fd3e7400000-7fd3e7401000 ---p 00000000 00:00 0 
7fd3e7401000-7fd3e7601000 rw-p 00000000 00:00 0 
7fd3e7800000-7fd3e7801000 ---p 00000000 00:00 0 
7fd3e7801000-7fd3e7a01000 rw-p 00000000 00:00 0 
7fd3e7c00000-7fd3e7c01000 ---p 00000000 00:00 0 
7fd3e7c01000-7fd3e7e01000 rw-p 00000000 00:00 0 
7fd3e8000000-7fd3e8021000 rw-p 00000000 00:00 0 
7fd3e8021000-7fd3ec000000 ---p 00000000 00:00 0 
7fd3ec200000-7fd3ec201000 ---p 00000000 00:00 0 
7fd3ec201000-7fd3ec401000 rw-p 00000000 00:00 0 
7fd3ec600000-7fd3ec601000 ---p 00000000 00:00 0 
7fd3ec601000-7fd3ec801000 rw-p 00000000 00:00 0 
7fd3eca00000-7fd3eca01000 ---p 00000000 00:00 0 
7fd3eca01000-7fd3ecc01000 rw-p 00000000 00:00 0 
7fd3ece00000-7fd3ece01000 ---p 00000000 00:00 0 
7fd3ece01000-7fd3ed001000 rw-p 00000000 00:00 0 
7fd3ed200000-7fd3ed201000 ---p 00000000 00:00 0 
7fd3ed201000-7fd3ed401000 rw-p 00000000 00:00 0 
7fd3ed600000-7fd3ed601000 ---p 00000000 00:00 0 
7fd3ed601000-7fd3ed801000 rw-p 00000000 00:00 0 
7fd3eda00000-7fd3eda01000 ---p 00000000 00:00 0 
7fd3eda01000-7fd3edc01000 rw-p 00000000 00:00 0 
7fd3ede00000-7fd3ede01000 ---p 00000000 00:00 0 
7fd3ede01000-7fd3ee001000 rw-p 00000000 00:00 0 
7fd3ee200000-7fd3ee201000 ---p 00000000 00:00 0 
7fd3ee201000-7fd3ee401000 rw-p 00000000 00:00 0 
7fd3ee600000-7fd3ee601000 ---p 00000000 00:00 0 
7fd3ee601000-7fd3ee801000 rw-p 00000000 00:00 0 
7fd3ee900000-7fd3eea00000 rw-p 00000000 00:00 0 
7fd3eea00000-7fd3eea01000 ---p 00000000 00:00 0 
7fd3eea01000-7fd3eec01000 rw-p 00000000 00:00 0 
7fd3eed00000-7fd3eee00000 rw-p 00000000 00:00 0 
7fd3eee00000-7fd3eee01000 ---p 00000000 00:00 0 
7fd3eee01000-7fd3ef001000 rw-p 00000000 00:00 0 
7fd3efb00000-7fd3efc00000 rw-p 00000000 00:00 0 
7fd3efc00000-7fd3f0000000 rw-p 00000000 00:00 0 
7fd3f0000000-7fd3f0021000 rw-p 00000000 00:00 0 
7fd3f0021000-7fd3f4000000 ---p 00000000 00:00 0 
7fd3f40fb000-7fd3f42fb000 rw-p 00000000 00:00 0 
7fd3f42fb000-7fd3f42fc000 ---p 00000000 00:00 0 
7fd3f42fc000-7fd3f43fc000 rw-p 00000000 00:00 0 
7fd3f43fc000-7fd3f43fd000 ---p 00000000 00:00 0 
7fd3f43fd000-7fd3f44fd000 rw-p 00000000 00:00 0 
7fd3f44fd000-7fd3f44fe000 ---p 00000000 00:00 0 
7fd3f44fe000-7fd3f45fe000 rw-p 00000000 00:00 0 
7fd3f45fe000-7fd3f45ff000 ---p 00000000 00:00 0 
7fd3f45ff000-7fd3f46ff000 rw-p 00000000 00:00 0 
7fd3f46ff000-7fd3f4700000 ---p 00000000 00:00 0 
7fd3f4700000-7fd3f6800000 rw-p 00000000 00:00 0 
7fd3f6800000-7fd412760000 ---p 00000000 00:00 0 
7fd412760000-7fd412780000 rw-p 00000000 00:00 0 
7fd412800000-7fd414800000 rw-p 00000000 00:00 0 
7fd414800000-7fd430760000 ---p 00000000 00:00 0 
7fd430760000-7fd430780000 rw-p 00000000 00:00 0 
7fd430800000-7fd430c00000 rw-p 00000000 00:00 0 
7fd430c00000-7fd4343ec000 ---p 00000000 00:00 0 
7fd4343ec000-7fd4343f0000 rw-p 00000000 00:00 0 
7fd434400000-7fd434800000 rw-p 00000000 00:00 0 
7fd434800000-7fd437fec000 ---p 00000000 00:00 0 
7fd437fec000-7fd437ff0000 rw-p 00000000 00:00 0 
7fd438000000-7fd438021000 rw-p 00000000 00:00 0 
7fd438021000-7fd43c000000 ---p 00000000 00:00 0 
7fd43c0ee000-7fd43c0ef000 ---p 00000000 00:00 0 
7fd43c0ef000-7fd43c1ef000 rw-p 00000000 00:00 0 
7fd43c1ef000-7fd43c1f0000 ---p 00000000 00:00 0 
7fd43c1f0000-7fd43c2f0000 rw-p 00000000 00:00 0 
7fd43c2f0000-7fd43c2f1000 ---p 00000000 00:00 0 
7fd43c2f1000-7fd43c3f1000 rw-p 00000000 00:00 0 
7fd43c3f1000-7fd43c3f2000 ---p 00000000 00:00 0 
7fd43c3f2000-7fd43c4f2000 rw-p 00000000 00:00 0 
7fd43c4f2000-7fd43c4f3000 ---p 00000000 00:00 0 
7fd43c4f3000-7fd43c5f3000 rw-p 00000000 00:00 0 
7fd43c5f3000-7fd43c5f4000 ---p 00000000 00:00 0 
7fd43c5f4000-7fd43c6f4000 rw-p 00000000 00:00 0 
7fd43c6f4000-7fd43c6f5000 ---p 00000000 00:00 0 
7fd43c6f5000-7fd43c7f5000 rw-p 00000000 00:00 0 
7fd43c7f5000-7fd43c7f6000 ---p 00000000 00:00 0 
7fd43c7f6000-7fd43c8f6000 rw-p 00000000 00:00 0 
7fd43c8f6000-7fd43c8f7000 ---p 00000000 00:00 0 
7fd43c8f7000-7fd43c9f7000 rw-p 00000000 00:00 0 
7fd43c9f7000-7fd43c9f8000 ---p 00000000 00:00 0 
7fd43c9f8000-7fd43caf8000 rw-p 00000000 00:00 0 
7fd43caf8000-7fd43caf9000 ---p 00000000 00:00 0 
7fd43caf9000-7fd43cbf9000 rw-p 00000000 00:00 0 
7fd43cbf9000-7fd43cbfa000 ---p 00000000 00:00 0 
7fd43cbfa000-7fd43ccfa000 rw-p 00000000 00:00 0 
7fd43ccfa000-7fd43ccfb000 ---p 00000000 00:00 0 
7fd43ccfb000-7fd43cdfb000 rw-p 00000000 00:00 0 
7fd43cdfb000-7fd43cdfc000 ---p 00000000 00:00 0 
7fd43cdfc000-7fd43cefc000 rw-p 00000000 00:00 0 
7fd43cefc000-7fd43cefd000 ---p 00000000 00:00 0 
7fd43cefd000-7fd43cffd000 rw-p 00000000 00:00 0 
7fd43cffd000-7fd43cffe000 ---p 00000000 00:00 0 
7fd43cffe000-7fd43d0fe000 rw-p 00000000 00:00 0 
7fd43d0fe000-7fd43d0ff000 ---p 00000000 00:00 0 
7fd43d0ff000-7fd43d1ff000 rw-p 00000000 00:00 0 
7fd43d7ff000-7fd43d803000 ---p 00000000 00:00 0 
7fd43d803000-7fd43d8ff000 rw-p 00000000 00:00 0 
7fd43d8ff000-7fd43d900000 ---p 00000000 00:00 0 
7fd43d900000-7fd43fa00000 rw-p 00000000 00:00 0 
7fd43fb00000-7fd43fb04000 ---p 00000000 00:00 0 
7fd43fb04000-7fd43fc00000 rw-p 00000000 00:00 0 
7fd43fc00000-7fd43ff70000 rwxp 00000000 00:00 0 
7fd43ff70000-7fd4403ce000 ---p 00000000 00:00 0 
7fd4403ce000-7fd4406ee000 rwxp 00000000 00:00 0 
7fd4406ee000-7fd4477e7000 ---p 00000000 00:00 0 
7fd4477e7000-7fd447a57000 rwxp 00000000 00:00 0 
7fd447a57000-7fd44ec00000 ---p 00000000 00:00 0 
7fd44ec00000-7fd44ec04000 ---p 00000000 00:00 0 
7fd44ec04000-7fd44ed00000 rw-p 00000000 00:00 0 
7fd44ed00000-7fd44ed04000 ---p 00000000 00:00 0 
7fd44ed04000-7fd44f200000 rw-p 00000000 00:00 0 
7fd44f2ff000-7fd44f303000 ---p 00000000 00:00 0 
7fd44f303000-7fd44f3ff000 rw-p 00000000 00:00 0 
7fd44f3ff000-7fd44f403000 ---p 00000000 00:00 0 
7fd44f403000-7fd44f4ff000 rw-p 00000000 00:00 0 
7fd44f4ff000-7fd44f503000 ---p 00000000 00:00 0 
7fd44f503000-7fd44f5ff000 rw-p 00000000 00:00 0 
7fd44f5ff000-7fd44f603000 ---p 00000000 00:00 0 
7fd44f603000-7fd44f6ff000 rw-p 00000000 00:00 0 
7fd44f6ff000-7fd44f700000 ---p 00000000 00:00 0 
7fd44f700000-7fd44fe80000 rw-p 00000000 00:00 0 
7fd44fe80000-7fd450000000 ---p 00000000 00:00 0 
7fd4500fd000-7fd4500fe000 ---p 00000000 00:00 0 
7fd4500fe000-7fd4501fe000 rw-p 00000000 00:00 0 
7fd4501fe000-7fd4501ff000 ---p 00000000 00:00 0 
7fd4501ff000-7fd4502ff000 rw-p 00000000 00:00 0 
7fd4502ff000-7fd450300000 ---p 00000000 00:00 0 
7fd450300000-7fd4508be000 rw-p 00000000 00:00 0 
7fd4508ff000-7fd450900000 ---p 00000000 00:00 0 
7fd450900000-7fd450e00000 rw-p 00000000 00:00 0 
7fd450e00000-7fd4545ec000 ---p 00000000 00:00 0 
7fd4545ec000-7fd4545f0000 rw-p 00000000 00:00 0 
7fd4545fb000-7fd4545fc000 ---p 00000000 00:00 0 
7fd4545fc000-7fd4546fc000 rw-p 00000000 00:00 0 
7fd4546fc000-7fd45cf2d000 r--s 00000000 08:04 3232185262                 /usr/lib/jvm/java-11-openjdk-amd64/lib/modules
7fd45cf2d000-7fd45d1b0000 r--p 00000000 08:04 3232185269                 /usr/lib/jvm/java-11-openjdk-amd64/lib/server/libjvm.so
7fd45d1b0000-7fd45de4e000 r-xp 00283000 08:04 3232185269                 /usr/lib/jvm/java-11-openjdk-amd64/lib/server/libjvm.so
7fd45de4e000-7fd45e0aa000 r--p 00f21000 08:04 3232185269                 /usr/lib/jvm/java-11-openjdk-amd64/lib/server/libjvm.so
7fd45e0aa000-7fd45e16e000 r--p 0117c000 08:04 3232185269                 /usr/lib/jvm/java-11-openjdk-amd64/lib/server/libjvm.so
7fd45e16e000-7fd45e1a9000 rw-p 01240000 08:04 3232185269                 /usr/lib/jvm/java-11-openjdk-amd64/lib/server/libjvm.so
7fd45e1a9000-7fd4982ab000 rw-p 00000000 00:00 0 
7fd498300000-7fd4ad000000 rw-p 00000000 00:00 0 
7fd4ad000000-7fd4ca400000 rw-p 00000000 00:00 0 
7fd4ca400000-7fd4dc200000 rw-p 00000000 00:00 0 
7fd4dc200000-7fd4eae00000 rw-p 00000000 00:00 0 
7fd4eae00000-7fd4f3e00000 rw-p 00000000 00:00 0 
7fd4f3e00000-7fd4fb400000 rw-p 00000000 00:00 0 
7fd4fb400000-7fd4ffc00000 rw-p 00000000 00:00 0 
7fd4ffc00000-7fd503800000 rw-p 00000000 00:00 0 
7fd503800000-7fd505a00000 rw-p 00000000 00:00 0 
7fd505a00000-7fd507800000 rw-p 00000000 00:00 0 
7fd507800000-7fd508a00000 rw-p 00000000 00:00 0 
7fd508a00000-7fd509c00000 rw-p 00000000 00:00 0 
7fd509c00000-7fd50a600000 rw-p 00000000 00:00 0 
7fd50a600000-7fd50b000000 rw-p 00000000 00:00 0 
7fd50b000000-7fd50b560000 r-xp 00000000 00:1f8 70897316877               /mnt/primary/conda-envs/semantic_uncertainty_export/lib/libnvjpeg.so.11.9.0.86
7fd50b560000-7fd50b760000 ---p 00560000 00:1f8 70897316877               /mnt/primary/conda-envs/semantic_uncertainty_export/lib/libnvjpeg.so.11.9.0.86
7fd50b760000-7fd50b76c000 r--p 00560000 00:1f8 70897316877               /mnt/primary/conda-envs/semantic_uncertainty_export/lib/libnvjpeg.so.11.9.0.86
7fd50b76c000-7fd50b76d000 rw-p 0056c000 00:1f8 70897316877               /mnt/primary/conda-envs/semantic_uncertainty_export/lib/libnvjpeg.so.11.9.0.86
7fd50b76d000-7fd50b772000 rw-p 00000000 00:00 0 
7fd50b772000-7fd50b774000 rw-p 0056e000 00:1f8 70897316877               /mnt/primary/conda-envs/semantic_uncertainty_export/lib/libnvjpeg.so.11.9.0.86
7fd50b824000-7fd50ba24000 rw-p 00000000 00:00 0 
7fd50ba24000-7fd50ba85000 r--p 00000000 00:1f8 148237027876              /mnt/primary/conda-envs/semantic_uncertainty_export/lib/libavcodec.so.58.91.100
7fd50ba85000-7fd50c3eb000 r-xp 00061000 00:1f8 148237027876              /mnt/primary/conda-envs/semantic_uncertainty_export/lib/libavcodec.so.58.91.100
7fd50c3eb000-7fd50c8c7000 r--p 009c7000 00:1f8 148237027876              /mnt/primary/conda-envs/semantic_uncertainty_export/lib/libavcodec.so.58.91.100
7fd50c8c7000-7fd50c8ff000 r--p 00ea2000 00:1f8 148237027876              /mnt/primary/conda-envs/semantic_uncertainty_export/lib/libavcodec.so.58.91.100
7fd50c8ff000-7fd50c929000 rw-p 00eda000 00:1f8 148237027876              /mnt/primary/conda-envs/semantic_uncertainty_export/lib/libavcodec.so.58.91.100
7fd50c929000-7fd50cf0b000 rw-p 00000000 00:00 0 
7fd50cf0b000-7fd50cf6d000 r--p 00000000 00:1f8 148282762794              /mnt/primary/conda-envs/semantic_uncertainty_export/lib/python3.11/site-packages/torchvision/_C.so
7fd50cf6d000-7fd50d051000 r-xp 00062000 00:1f8 148282762794              /mnt/primary/conda-envs/semantic_uncertainty_export/lib/python3.11/site-packages/torchvision/_C.so
7fd50d051000-7fd50d53b000 r--p 00146000 00:1f8 148282762794              /mnt/primary/conda-envs/semantic_uncertainty_export/lib/python3.11/site-packages/torchvision/_C.so
7fd50d53b000-7fd50d53e000 r--p 0062f000 00:1f8 148282762794              /mnt/primary/conda-envs/semantic_uncertainty_export/lib/python3.11/site-packages/torchvision/_C.so
7fd50d53e000-7fd50d542000 rw-p 00632000 00:1f8 148282762794              /mnt/primary/conda-envs/semantic_uncertainty_export/lib/python3.11/site-packages/torchvision/_C.so
7fd50d542000-7fd50d544000 rw-p 00000000 00:00 0 
7fd50d544000-7fd50d5dc000 r--p 00000000 00:1f8 129271016470              /mnt/primary/conda-envs/semantic_uncertainty_export/lib/python3.11/site-packages/tokenizers/tokenizers.abi3.so
7fd50d5dc000-7fd50d9d5000 r-xp 00098000 00:1f8 129271016470              /mnt/primary/conda-envs/semantic_uncertainty_export/lib/python3.11/site-packages/tokenizers/tokenizers.abi3.so
7fd50d9d5000-7fd50db77000 r--p 00491000 00:1f8 129271016470              /mnt/primary/conda-envs/semantic_uncertainty_export/lib/python3.11/site-packages/tokenizers/tokenizers.abi3.so
7fd50db77000-7fd50db78000 ---p 00633000 00:1f8 129271016470              /mnt/primary/conda-envs/semantic_uncertainty_export/lib/python3.11/site-packages/tokenizers/tokenizers.abi3.so
7fd50db78000-7fd50dbf8000 r--p 00633000 00:1f8 129271016470              /mnt/primary/conda-envs/semantic_uncertainty_export/lib/python3.11/site-packages/tokenizers/tokenizers.abi3.so
7fd50dbf8000-7fd50dbff000 rw-p 006b3000 00:1f8 129271016470              /mnt/primary/conda-envs/semantic_uncertainty_export/lib/python3.11/site-packages/tokenizers/tokenizers.abi3.so
7fd50dbff000-7fd50dc00000 rw-p 00000000 00:00 0 
7fd50dc00000-7fd50dc17000 r-xp 00000000 00:1f8 70925084694               /mnt/primary/conda-envs/semantic_uncertainty_export/lib/libmpc.so.3.1.0
7fd50dc17000-7fd50de17000 ---p 00017000 00:1f8 70925084694               /mnt/primary/conda-envs/semantic_uncertainty_export/lib/libmpc.so.3.1.0
7fd50de17000-7fd50de18000 r--p 00017000 00:1f8 70925084694               /mnt/primary/conda-envs/semantic_uncertainty_export/lib/libmpc.so.3.1.0
7fd50de18000-7fd50de19000 rw-p 00018000 00:1f8 70925084694               /mnt/primary/conda-envs/semantic_uncertainty_export/lib/libmpc.so.3.1.0
7fd50df00000-7fd50e200000 rw-p 00000000 00:00 0 
7fd50e200000-7fd510e5a000 r-xp 00000000 00:1f8 70897288732               /mnt/primary/conda-envs/semantic_uncertainty_export/lib/libnvrtc.so.11.8.89
7fd510e5a000-7fd511059000 ---p 02c5a000 00:1f8 70897288732               /mnt/primary/conda-envs/semantic_uncertainty_export/lib/libnvrtc.so.11.8.89
7fd511059000-7fd51171c000 r--p 02c59000 00:1f8 70897288732               /mnt/primary/conda-envs/semantic_uncertainty_export/lib/libnvrtc.so.11.8.89
7fd51171c000-7fd5117e4000 rw-p 0331c000 00:1f8 70897288732               /mnt/primary/conda-envs/semantic_uncertainty_export/lib/libnvrtc.so.11.8.89
7fd5117e4000-7fd5118e4000 rw-p 00000000 00:00 0 
7fd5118e4000-7fd5118e6000 rw-p 033e4000 00:1f8 70897288732               /mnt/primary/conda-envs/semantic_uncertainty_export/lib/libnvrtc.so.11.8.89
7fd511924000-7fd511c24000 rw-p 00000000 00:00 0 
7fd511c24000-7fd511d1d000 r--p 00000000 00:1f8 81779481643               /mnt/primary/conda-envs/semantic_uncertainty_export/lib/python3.11/site-packages/torch/lib/libnvfuser_codegen.so
7fd511d1d000-7fd512097000 r-xp 000f9000 00:1f8 81779481643               /mnt/primary/conda-envs/semantic_uncertainty_export/lib/python3.11/site-packages/torch/lib/libnvfuser_codegen.so
7fd512097000-7fd5121e0000 r--p 00473000 00:1f8 81779481643               /mnt/primary/conda-envs/semantic_uncertainty_export/lib/python3.11/site-packages/torch/lib/libnvfuser_codegen.so
7fd5121e0000-7fd5121e1000 ---p 005bc000 00:1f8 81779481643               /mnt/primary/conda-envs/semantic_uncertainty_export/lib/python3.11/site-packages/torch/lib/libnvfuser_codegen.so
7fd5121e1000-7fd5121f9000 r--p 005bc000 00:1f8 81779481643               /mnt/primary/conda-envs/semantic_uncertainty_export/lib/python3.11/site-packages/torch/lib/libnvfuser_codegen.so
7fd5121f9000-7fd5121ff000 rw-p 005d4000 00:1f8 81779481643               /mnt/primary/conda-envs/semantic_uncertainty_export/lib/python3.11/site-packages/torch/lib/libnvfuser_codegen.so
7fd5121ff000-7fd512200000 rw-p 00000000 00:00 0 
7fd512200000-7fd522cc0000 r-xp 00000000 00:1f8 70897288757               /mnt/primary/conda-envs/semantic_uncertainty_export/lib/libcusparse.so.11.7.5.86
7fd522cc0000-7fd522ec0000 ---p 10ac0000 00:1f8 70897288757               /mnt/primary/conda-envs/semantic_uncertainty_export/lib/libcusparse.so.11.7.5.86
7fd522ec0000-7fd522ecf000 r--p 10ac0000 00:1f8 70897288757               /mnt/primary/conda-envs/semantic_uncertainty_export/lib/libcusparse.so.11.7.5.86
7fd522ecf000-7fd522eef000 rw-p 10acf000 00:1f8 70897288757               /mnt/primary/conda-envs/semantic_uncertainty_export/lib/libcusparse.so.11.7.5.86
7fd522eef000-7fd522ef8000 rw-p 00000000 00:00 0 
7fd522ef8000-7fd522efd000 rw-p 10aef000 00:1f8 70897288757               /mnt/primary/conda-envs/semantic_uncertainty_export/lib/libcusparse.so.11.7.5.86
7fd522f00000-7fd523200000 rw-p 00000000 00:00 0 
7fd523200000-7fd5237fe000 r-xp 00000000 00:1f8 81779481642               /mnt/primary/conda-envs/semantic_uncertainty_export/lib/python3.11/site-packages/torch/lib/libcupti-ae79a72e.so.11.8
7fd5237fe000-7fd5239fd000 ---p 005fe000 00:1f8 81779481642               /mnt/primary/conda-envs/semantic_uncertainty_export/lib/python3.11/site-packages/torch/lib/libcupti-ae79a72e.so.11.8
7fd5239fd000-7fd523a47000 r--p 005fd000 00:1f8 81779481642               /mnt/primary/conda-envs/semantic_uncertainty_export/lib/python3.11/site-packages/torch/lib/libcupti-ae79a72e.so.11.8
7fd523a47000-7fd523ade000 rw-p 00647000 00:1f8 81779481642               /mnt/primary/conda-envs/semantic_uncertainty_export/lib/python3.11/site-packages/torch/lib/libcupti-ae79a72e.so.11.8
7fd523ade000-7fd523b15000 rw-p 00000000 00:00 0 
7fd523b15000-7fd523b18000 rw-p 006de000 00:1f8 81779481642               /mnt/primary/conda-envs/semantic_uncertainty_export/lib/python3.11/site-packages/torch/lib/libcupti-ae79a72e.so.11.8
7fd523c00000-7fd523e00000 rw-p 00000000 00:00 0 
7fd523e00000-7fd523e24000 r-xp 00000000 00:1f8 81779481635               /mnt/primary/conda-envs/semantic_uncertainty_export/lib/python3.11/site-packages/torch/lib/libcudnn.so.8
7fd523e24000-7fd524023000 ---p 00024000 00:1f8 81779481635               /mnt/primary/conda-envs/semantic_uncertainty_export/lib/python3.11/site-packages/torch/lib/libcudnn.so.8
7fd524023000-7fd524024000 r--p 00023000 00:1f8 81779481635               /mnt/primary/conda-envs/semantic_uncertainty_export/lib/python3.11/site-packages/torch/lib/libcudnn.so.8
7fd524024000-7fd524025000 rw-p 00024000 00:1f8 81779481635               /mnt/primary/conda-envs/semantic_uncertainty_export/lib/python3.11/site-packages/torch/lib/libcudnn.so.8
7fd524025000-7fd524026000 rw-p 00000000 00:00 0 
7fd524026000-7fd524029000 rw-p 00025000 00:1f8 81779481635               /mnt/primary/conda-envs/semantic_uncertainty_export/lib/python3.11/site-packages/torch/lib/libcudnn.so.8
7fd5240b0000-7fd5243b0000 rw-p 00000000 00:00 0 
7fd5243b0000-7fd525002000 r--p 00000000 00:1f8 81779481647               /mnt/primary/conda-envs/semantic_uncertainty_export/lib/python3.11/site-packages/torch/lib/libtorch_cuda.so
7fd525002000-7fd5276a0000 r-xp 00c52000 00:1f8 81779481647               /mnt/primary/conda-envs/semantic_uncertainty_export/lib/python3.11/site-packages/torch/lib/libtorch_cuda.so
7fd5276a0000-7fd5707c8000 r--p 032f0000 00:1f8 81779481647               /mnt/primary/conda-envs/semantic_uncertainty_export/lib/python3.11/site-packages/torch/lib/libtorch_cuda.so
7fd5707c8000-7fd5707c9000 ---p 4c418000 00:1f8 81779481647               /mnt/primary/conda-envs/semantic_uncertainty_export/lib/python3.11/site-packages/torch/lib/libtorch_cuda.so
7fd5707c9000-7fd570844000 r--p 4c418000 00:1f8 81779481647               /mnt/primary/conda-envs/semantic_uncertainty_export/lib/python3.11/site-packages/torch/lib/libtorch_cuda.so
7fd570844000-7fd57086d000 rw-p 4c493000 00:1f8 81779481647               /mnt/primary/conda-envs/semantic_uncertainty_export/lib/python3.11/site-packages/torch/lib/libtorch_cuda.so
7fd57086d000-7fd571596000 rw-p 00000000 00:00 0 
7fd571596000-7fd5721aa000 r--p 00000000 00:1f8 81779481646               /mnt/primary/conda-envs/semantic_uncertainty_export/lib/python3.11/site-packages/torch/lib/libtorch_cpu.so
7fd5721aa000-7fd57af1b000 r-xp 00c14000 00:1f8 81779481646               /mnt/primary/conda-envs/semantic_uncertainty_export/lib/python3.11/site-packages/torch/lib/libtorch_cpu.so
7fd57af1b000-7fd57cd69000 r--p 09985000 00:1f8 81779481646               /mnt/primary/conda-envs/semantic_uncertainty_export/lib/python3.11/site-packages/torch/lib/libtorch_cpu.so
7fd57cd69000-7fd57cf5c000 r--p 0b7d2000 00:1f8 81779481646               /mnt/primary/conda-envs/semantic_uncertainty_export/lib/python3.11/site-packages/torch/lib/libtorch_cpu.so
7fd57cf5c000-7fd57cf95000 rw-p 0b9c5000 00:1f8 81779481646               /mnt/primary/conda-envs/semantic_uncertainty_export/lib/python3.11/site-packages/torch/lib/libtorch_cpu.so
7fd57cf95000-7fd57d010000 rw-p 00000000 00:00 0 
7fd57d010000-7fd57d516000 rw-p 104ec000 00:1f8 81779481646               /mnt/primary/conda-envs/semantic_uncertainty_export/lib/python3.11/site-packages/torch/lib/libtorch_cpu.so
7fd57d516000-7fd57d70f000 r--p 00000000 00:1f8 81779481650               /mnt/primary/conda-envs/semantic_uncertainty_export/lib/python3.11/site-packages/torch/lib/libtorch_python.so
7fd57d70f000-7fd57e1e6000 r-xp 001f9000 00:1f8 81779481650               /mnt/primary/conda-envs/semantic_uncertainty_export/lib/python3.11/site-packages/torch/lib/libtorch_python.so
7fd57e1e6000-7fd57e52d000 r--p 00cd0000 00:1f8 81779481650               /mnt/primary/conda-envs/semantic_uncertainty_export/lib/python3.11/site-packages/torch/lib/libtorch_python.so
7fd57e52d000-7fd57e52e000 ---p 01017000 00:1f8 81779481650               /mnt/primary/conda-envs/semantic_uncertainty_export/lib/python3.11/site-packages/torch/lib/libtorch_python.so
7fd57e52e000-7fd57e54a000 r--p 01017000 00:1f8 81779481650               /mnt/primary/conda-envs/semantic_uncertainty_export/lib/python3.11/site-packages/torch/lib/libtorch_python.so
7fd57e54a000-7fd57e59e000 rw-p 01033000 00:1f8 81779481650               /mnt/primary/conda-envs/semantic_uncertainty_export/lib/python3.11/site-packages/torch/lib/libtorch_python.so
7fd57e59e000-7fd57e600000 rw-p 00000000 00:00 0 
7fd57e600000-7fd581699000 r-xp 00000000 08:04 2164223265                 /usr/local/cuda-12.2/targets/x86_64-linux/lib/libnvrtc.so.12.2.140
7fd581699000-7fd581898000 ---p 03099000 08:04 2164223265                 /usr/local/cuda-12.2/targets/x86_64-linux/lib/libnvrtc.so.12.2.140
7fd581898000-7fd581e83000 r--p 03098000 08:04 2164223265                 /usr/local/cuda-12.2/targets/x86_64-linux/lib/libnvrtc.so.12.2.140
7fd581e83000-7fd581f5a000 rw-p 03683000 08:04 2164223265                 /usr/local/cuda-12.2/targets/x86_64-linux/lib/libnvrtc.so.12.2.140
7fd581f5a000-7fd582057000 rw-p 00000000 00:00 0 
7fd58210d000-7fd58220d000 rw-p 00000000 00:00 0 
7fd58220d000-7fd582220000 r--p 00000000 00:1f8 148237000213              /mnt/primary/conda-envs/semantic_uncertainty_export/lib/libunistring.so.2.1.0
7fd582220000-7fd582258000 r-xp 00013000 00:1f8 148237000213              /mnt/primary/conda-envs/semantic_uncertainty_export/lib/libunistring.so.2.1.0
7fd582258000-7fd58238f000 r--p 0004b000 00:1f8 148237000213              /mnt/primary/conda-envs/semantic_uncertainty_export/lib/libunistring.so.2.1.0
7fd58238f000-7fd582393000 r--p 00181000 00:1f8 148237000213              /mnt/primary/conda-envs/semantic_uncertainty_export/lib/libunistring.so.2.1.0
7fd582393000-7fd582394000 rw-p 00185000 00:1f8 148237000213              /mnt/primary/conda-envs/semantic_uncertainty_export/lib/libunistring.so.2.1.0
7fd582394000-7fd582475000 r--p 00000000 08:04 3227803175                 /usr/lib/x86_64-linux-gnu/libcuda.so.535.154.05
7fd582475000-7fd582994000 r-xp 000e1000 08:04 3227803175                 /usr/lib/x86_64-linux-gnu/libcuda.so.535.154.05
7fd582994000-7fd583e7a000 r--p 00600000 08:04 3227803175                 /usr/lib/x86_64-linux-gnu/libcuda.so.535.154.05
7fd583e7a000-7fd583e93000 r--p 01ae5000 08:04 3227803175                 /usr/lib/x86_64-linux-gnu/libcuda.so.535.154.05
7fd583e93000-7fd583f99000 rw-p 01afe000 08:04 3227803175                 /usr/lib/x86_64-linux-gnu/libcuda.so.535.154.05
7fd583f99000-7fd584000000 rw-p 00000000 00:00 0 
7fd584000000-7fd584008000 r-xp 00000000 00:1f8 70897288735               /mnt/primary/conda-envs/semantic_uncertainty_export/lib/libnvToolsExt.so.1.0.0
7fd584008000-7fd584208000 ---p 00008000 00:1f8 70897288735               /mnt/primary/conda-envs/semantic_uncertainty_export/lib/libnvToolsExt.so.1.0.0
7fd584208000-7fd584209000 r--p 00008000 00:1f8 70897288735               /mnt/primary/conda-envs/semantic_uncertainty_export/lib/libnvToolsExt.so.1.0.0
7fd584209000-7fd58420b000 rw-p 00009000 00:1f8 70897288735               /mnt/primary/conda-envs/semantic_uncertainty_export/lib/libnvToolsExt.so.1.0.0
7fd584258000-7fd584358000 rw-p 00000000 00:00 0 
7fd584358000-7fd58438b000 r--p 00000000 00:1f8 148237001233              /mnt/primary/conda-envs/semantic_uncertainty_export/lib/libgnutls.so.30.28.1
7fd58438b000-7fd584470000 r-xp 00033000 00:1f8 148237001233              /mnt/primary/conda-envs/semantic_uncertainty_export/lib/libgnutls.so.30.28.1
7fd584470000-7fd5844c8000 r--p 00118000 00:1f8 148237001233              /mnt/primary/conda-envs/semantic_uncertainty_export/lib/libgnutls.so.30.28.1
7fd5844c8000-7fd5844d8000 r--p 0016f000 00:1f8 148237001233              /mnt/primary/conda-envs/semantic_uncertainty_export/lib/libgnutls.so.30.28.1
7fd5844d8000-7fd5844da000 rw-p 0017f000 00:1f8 148237001233              /mnt/primary/conda-envs/semantic_uncertainty_export/lib/libgnutls.so.30.28.1
7fd5844da000-7fd5844db000 rw-p 00000000 00:00 0 
7fd5844db000-7fd584511000 r--p 00000000 00:1f8 70898552840               /mnt/primary/conda-envs/semantic_uncertainty_export/lib/libopenh264.so.2.1.1
7fd584511000-7fd5845d1000 r-xp 00036000 00:1f8 70898552840               /mnt/primary/conda-envs/semantic_uncertainty_export/lib/libopenh264.so.2.1.1
7fd5845d1000-7fd5845f9000 r--p 000f6000 00:1f8 70898552840               /mnt/primary/conda-envs/semantic_uncertainty_export/lib/libopenh264.so.2.1.1
7fd5845f9000-7fd5845fa000 ---p 0011e000 00:1f8 70898552840               /mnt/primary/conda-envs/semantic_uncertainty_export/lib/libopenh264.so.2.1.1
7fd5845fa000-7fd5845ff000 r--p 0011e000 00:1f8 70898552840               /mnt/primary/conda-envs/semantic_uncertainty_export/lib/libopenh264.so.2.1.1
7fd5845ff000-7fd584600000 rw-p 00123000 00:1f8 70898552840               /mnt/primary/conda-envs/semantic_uncertainty_export/lib/libopenh264.so.2.1.1
7fd584600000-7fd5846a0000 r-xp 00000000 00:1f8 70897288714               /mnt/primary/conda-envs/semantic_uncertainty_export/lib/libcudart.so.11.8.89
7fd5846a0000-7fd5848a0000 ---p 000a0000 00:1f8 70897288714               /mnt/primary/conda-envs/semantic_uncertainty_export/lib/libcudart.so.11.8.89
7fd5848a0000-7fd5848a5000 r--p 000a0000 00:1f8 70897288714               /mnt/primary/conda-envs/semantic_uncertainty_export/lib/libcudart.so.11.8.89
7fd5848a5000-7fd5848a6000 rw-p 000a5000 00:1f8 70897288714               /mnt/primary/conda-envs/semantic_uncertainty_export/lib/libcudart.so.11.8.89
7fd5848a6000-7fd5848a7000 rw-p 00000000 00:00 0 
7fd5848a7000-7fd5848ab000 rw-p 000a6000 00:1f8 70897288714               /mnt/primary/conda-envs/semantic_uncertainty_export/lib/libcudart.so.11.8.89
7fd584951000-7fd584962000 r--p 00000000 00:1f8 148237027881              /mnt/primary/conda-envs/semantic_uncertainty_export/lib/libavutil.so.56.51.100
7fd584962000-7fd5849d4000 r-xp 00011000 00:1f8 148237027881              /mnt/primary/conda-envs/semantic_uncertainty_export/lib/libavutil.so.56.51.100
7fd5849d4000-7fd5849ec000 r--p 00083000 00:1f8 148237027881              /mnt/primary/conda-envs/semantic_uncertainty_export/lib/libavutil.so.56.51.100
7fd5849ec000-7fd5849ed000 ---p 0009b000 00:1f8 148237027881              /mnt/primary/conda-envs/semantic_uncertainty_export/lib/libavutil.so.56.51.100
7fd5849ed000-7fd5849f8000 r--p 0009b000 00:1f8 148237027881              /mnt/primary/conda-envs/semantic_uncertainty_export/lib/libavutil.so.56.51.100
7fd5849f8000-7fd5849f9000 rw-p 000a6000 00:1f8 148237027881              /mnt/primary/conda-envs/semantic_uncertainty_export/lib/libavutil.so.56.51.100
7fd5849f9000-7fd584c00000 rw-p 00000000 00:00 0 
7fd584c00000-7fd5a5efc000 r-xp 00000000 00:1f8 70897288739               /mnt/primary/conda-envs/semantic_uncertainty_export/lib/libcublasLt.so.11.11.3.6
7fd5a5efc000-7fd5a60fc000 ---p 212fc000 00:1f8 70897288739               /mnt/primary/conda-envs/semantic_uncertainty_export/lib/libcublasLt.so.11.11.3.6
7fd5a60fc000-7fd5a6382000 r--p 212fc000 00:1f8 70897288739               /mnt/primary/conda-envs/semantic_uncertainty_export/lib/libcublasLt.so.11.11.3.6
7fd5a6382000-7fd5a71f3000 rw-p 21582000 00:1f8 70897288739               /mnt/primary/conda-envs/semantic_uncertainty_export/lib/libcublasLt.so.11.11.3.6
7fd5a71f3000-7fd5a9186000 rw-p 00000000 00:00 0 
7fd5a9186000-7fd5a918a000 rw-p 223f3000 00:1f8 70897288739               /mnt/primary/conda-envs/semantic_uncertainty_export/lib/libcublasLt.so.11.11.3.6
7fd5a918c000-7fd5a91c6000 r--p 00000000 00:1f8 148237027879              /mnt/primary/conda-envs/semantic_uncertainty_export/lib/libavformat.so.58.45.100
7fd5a91c6000-7fd5a935c000 r-xp 0003a000 00:1f8 148237027879              /mnt/primary/conda-envs/semantic_uncertainty_export/lib/libavformat.so.58.45.100
7fd5a935c000-7fd5a93ca000 r--p 001d0000 00:1f8 148237027879              /mnt/primary/conda-envs/semantic_uncertainty_export/lib/libavformat.so.58.45.100
7fd5a93ca000-7fd5a93e8000 r--p 0023d000 00:1f8 148237027879              /mnt/primary/conda-envs/semantic_uncertainty_export/lib/libavformat.so.58.45.100
7fd5a93e8000-7fd5a9400000 rw-p 0025b000 00:1f8 148237027879              /mnt/primary/conda-envs/semantic_uncertainty_export/lib/libavformat.so.58.45.100
7fd5a9400000-7fd5aee4b000 r-xp 00000000 00:1f8 70897288737               /mnt/primary/conda-envs/semantic_uncertainty_export/lib/libcublas.so.11.11.3.6
7fd5aee4b000-7fd5af04b000 ---p 05a4b000 00:1f8 70897288737               /mnt/primary/conda-envs/semantic_uncertainty_export/lib/libcublas.so.11.11.3.6
7fd5af04b000-7fd5af052000 r--p 05a4b000 00:1f8 70897288737               /mnt/primary/conda-envs/semantic_uncertainty_export/lib/libcublas.so.11.11.3.6
7fd5af052000-7fd5af057000 rw-p 05a52000 00:1f8 70897288737               /mnt/primary/conda-envs/semantic_uncertainty_export/lib/libcublas.so.11.11.3.6
7fd5af057000-7fd5af05e000 rw-p 00000000 00:00 0 
7fd5af05e000-7fd5af062000 rw-p 05a58000 00:1f8 70897288737               /mnt/primary/conda-envs/semantic_uncertainty_export/lib/libcublas.so.11.11.3.6
7fd5af100000-7fd5af400000 rw-p 00000000 00:00 0 
7fd5af400000-7fd5b3b9b000 r-xp 00000000 00:1f8 70897288751               /mnt/primary/conda-envs/semantic_uncertainty_export/lib/libcurand.so.10.3.4.52
7fd5b3b9b000-7fd5b3d9b000 ---p 0479b000 00:1f8 70897288751               /mnt/primary/conda-envs/semantic_uncertainty_export/lib/libcurand.so.10.3.4.52
7fd5b3d9b000-7fd5b3da1000 r--p 0479b000 00:1f8 70897288751               /mnt/primary/conda-envs/semantic_uncertainty_export/lib/libcurand.so.10.3.4.52
7fd5b3da1000-7fd5b51cd000 rw-p 047a1000 00:1f8 70897288751               /mnt/primary/conda-envs/semantic_uncertainty_export/lib/libcurand.so.10.3.4.52
7fd5b51cd000-7fd5b5805000 rw-p 00000000 00:00 0 
7fd5b5805000-7fd5b5806000 rw-p 05bcd000 00:1f8 70897288751               /mnt/primary/conda-envs/semantic_uncertainty_export/lib/libcurand.so.10.3.4.52
7fd5b5900000-7fd5b5c00000 rw-p 00000000 00:00 0 
7fd5b5c00000-7fd5b8a6f000 r-xp 00000000 00:1f8 70897288743               /mnt/primary/conda-envs/semantic_uncertainty_export/lib/libcufft.so.10.9.0.58
7fd5b8a6f000-7fd5b8c6f000 ---p 02e6f000 00:1f8 70897288743               /mnt/primary/conda-envs/semantic_uncertainty_export/lib/libcufft.so.10.9.0.58
7fd5b8c6f000-7fd5b8d03000 r--p 02e6f000 00:1f8 70897288743               /mnt/primary/conda-envs/semantic_uncertainty_export/lib/libcufft.so.10.9.0.58
7fd5b8d03000-7fd5c683a000 rw-p 02f03000 00:1f8 70897288743               /mnt/primary/conda-envs/semantic_uncertainty_export/lib/libcufft.so.10.9.0.58
7fd5c683a000-7fd5c6adb000 rw-p 00000000 00:00 0 
7fd5c6adb000-7fd5c6add000 rw-p 10a3b000 00:1f8 70897288743               /mnt/primary/conda-envs/semantic_uncertainty_export/lib/libcufft.so.10.9.0.58
7fd5c6b80000-7fd5c6d80000 rw-p 00000000 00:00 0 
7fd5c6d80000-7fd5c6f53000 r--p 00000000 00:1f8 70924951606               /mnt/primary/conda-envs/semantic_uncertainty_export/lib/libmkl_gnu_thread.so.2
7fd5c6f53000-7fd5c8729000 r-xp 001d3000 00:1f8 70924951606               /mnt/primary/conda-envs/semantic_uncertainty_export/lib/libmkl_gnu_thread.so.2
7fd5c8729000-7fd5c88cb000 r--p 019a9000 00:1f8 70924951606               /mnt/primary/conda-envs/semantic_uncertainty_export/lib/libmkl_gnu_thread.so.2
7fd5c88cb000-7fd5c88cf000 r--p 01b4a000 00:1f8 70924951606               /mnt/primary/conda-envs/semantic_uncertainty_export/lib/libmkl_gnu_thread.so.2
7fd5c88cf000-7fd5c891c000 rw-p 01b4e000 00:1f8 70924951606               /mnt/primary/conda-envs/semantic_uncertainty_export/lib/libmkl_gnu_thread.so.2
7fd5c891c000-7fd5c891d000 rw-p 00000000 00:00 0 
7fd5c891d000-7fd5c8a00000 rw-p 01d98000 00:1f8 70924951606               /mnt/primary/conda-envs/semantic_uncertainty_export/lib/libmkl_gnu_thread.so.2
7fd5c8a00000-7fd5c8a25000 r-xp 00000000 00:1f8 135369460281              /mnt/primary/conda-envs/semantic_uncertainty_export/lib/python3.11/site-packages/scikit_learn.libs/libgomp-a34b3233.so.1.0.0
7fd5c8a25000-7fd5c8c24000 ---p 00025000 00:1f8 135369460281              /mnt/primary/conda-envs/semantic_uncertainty_export/lib/python3.11/site-packages/scikit_learn.libs/libgomp-a34b3233.so.1.0.0
7fd5c8c24000-7fd5c8c25000 r--p 00024000 00:1f8 135369460281              /mnt/primary/conda-envs/semantic_uncertainty_export/lib/python3.11/site-packages/scikit_learn.libs/libgomp-a34b3233.so.1.0.0
7fd5c8c25000-7fd5c8c2a000 rw-p 00025000 00:1f8 135369460281              /mnt/primary/conda-envs/semantic_uncertainty_export/lib/python3.11/site-packages/scikit_learn.libs/libgomp-a34b3233.so.1.0.0
7fd5c8d00000-7fd5c9000000 rw-p 00000000 00:00 0 
7fd5c9400000-7fd5cb400000 rw-p 00000000 00:00 0 
7fd5cb400000-7fd5cb600000 rw-p 00000000 00:00 0 
7fd5cb600000-7fd5cd600000 rw-p 00000000 00:00 0 
7fd5cd600000-7fd5cd800000 rw-p 00000000 00:00 0 
7fd5cd800000-7fd5cd801000 ---p 00000000 00:00 0 
7fd5cd801000-7fd5ce001000 rw-p 00000000 00:00 0 
7fd5ce100000-7fd5ce200000 rw-p 00000000 00:00 0 
7fd5ce200000-7fd5d0200000 rw-p 00000000 00:00 0 
7fd5d0200000-7fd5d0400000 rw-p 00000000 00:00 0 
7fd5d0400000-7fd5d0401000 ---p 00000000 00:00 0 
7fd5d0401000-7fd5d0c01000 rw-p 00000000 00:00 0 
7fd5d0d00000-7fd5d0e00000 rw-p 00000000 00:00 0 
7fd5d0e00000-7fd5d2e00000 rw-p 00000000 00:00 0 
7fd5d2e00000-7fd5d3000000 rw-p 00000000 00:00 0 
7fd5d3000000-7fd5d3001000 ---p 00000000 00:00 0 
7fd5d3001000-7fd5d3801000 rw-p 00000000 00:00 0 
7fd5d3900000-7fd5d3a00000 rw-p 00000000 00:00 0 
7fd5d3a00000-7fd5d5a00000 rw-p 00000000 00:00 0 
7fd5d5a00000-7fd5d5c00000 rw-p 00000000 00:00 0 
7fd5d5c00000-7fd5d5c01000 ---p 00000000 00:00 0 
7fd5d5c01000-7fd5d6401000 rw-p 00000000 00:00 0 
7fd5d6500000-7fd5d6600000 rw-p 00000000 00:00 0 
7fd5d6600000-7fd5d8600000 rw-p 00000000 00:00 0 
7fd5d8600000-7fd5d8800000 rw-p 00000000 00:00 0 
7fd5d8800000-7fd5d8801000 ---p 00000000 00:00 0 
7fd5d8801000-7fd5d9001000 rw-p 00000000 00:00 0 
7fd5d9017000-7fd5d901c000 rw-p 00000000 00:00 0 
7fd5d901c000-7fd5d9100000 ---p 00000000 00:00 0 
7fd5d9100000-7fd5d9200000 rw-p 00000000 00:00 0 
7fd5d9200000-7fd5db200000 rw-p 00000000 00:00 0 
7fd5db200000-7fd5db400000 rw-p 00000000 00:00 0 
7fd5db400000-7fd5db401000 ---p 00000000 00:00 0 
7fd5db401000-7fd5dbc01000 rw-p 00000000 00:00 0 
7fd5dbc17000-7fd5dbc1e000 rw-p 00000000 00:00 0 
7fd5dbc1e000-7fd5dbd00000 ---p 00000000 00:00 0 
7fd5dbd00000-7fd5dbe00000 rw-p 00000000 00:00 0 
7fd5dbe00000-7fd5dde00000 rw-p 00000000 00:00 0 
7fd5dde00000-7fd5de000000 rw-p 00000000 00:00 0 
7fd5de000000-7fd5de001000 ---p 00000000 00:00 0 
7fd5de001000-7fd5de801000 rw-p 00000000 00:00 0 
7fd5de85a000-7fd5de861000 r--p 00000000 00:1f8 101037297702              /mnt/primary/conda-envs/semantic_uncertainty_export/lib/python3.11/site-packages/jnius/jnius.cpython-311-x86_64-linux-gnu.so
7fd5de861000-7fd5de8ea000 r-xp 00007000 00:1f8 101037297702              /mnt/primary/conda-envs/semantic_uncertainty_export/lib/python3.11/site-packages/jnius/jnius.cpython-311-x86_64-linux-gnu.so
7fd5de8ea000-7fd5de8f9000 r--p 00090000 00:1f8 101037297702              /mnt/primary/conda-envs/semantic_uncertainty_export/lib/python3.11/site-packages/jnius/jnius.cpython-311-x86_64-linux-gnu.so
7fd5de8f9000-7fd5de8fa000 ---p 0009f000 00:1f8 101037297702              /mnt/primary/conda-envs/semantic_uncertainty_export/lib/python3.11/site-packages/jnius/jnius.cpython-311-x86_64-linux-gnu.so
7fd5de8fa000-7fd5de8fb000 r--p 0009f000 00:1f8 101037297702              /mnt/primary/conda-envs/semantic_uncertainty_export/lib/python3.11/site-packages/jnius/jnius.cpython-311-x86_64-linux-gnu.so
7fd5de8fb000-7fd5de8ff000 rw-p 000a0000 00:1f8 101037297702              /mnt/primary/conda-envs/semantic_uncertainty_export/lib/python3.11/site-packages/jnius/jnius.cpython-311-x86_64-linux-gnu.so
7fd5de8ff000-7fd5dea00000 rw-p 00000000 00:00 0 
7fd5dea00000-7fd5e0a00000 rw-p 00000000 00:00 0 
7fd5e0a00000-7fd5e0c00000 rw-p 00000000 00:00 0 
7fd5e0c00000-7fd5e0c01000 ---p 00000000 00:00 0 
7fd5e0c01000-7fd5e1401000 rw-p 00000000 00:00 0 
7fd5e1469000-7fd5e146e000 r--p 00000000 00:1f8 70898546218               /mnt/primary/conda-envs/semantic_uncertainty_export/lib/libjpeg.so.8.2.2
7fd5e146e000-7fd5e14c3000 r-xp 00005000 00:1f8 70898546218               /mnt/primary/conda-envs/semantic_uncertainty_export/lib/libjpeg.so.8.2.2
7fd5e14c3000-7fd5e14fe000 r--p 0005a000 00:1f8 70898546218               /mnt/primary/conda-envs/semantic_uncertainty_export/lib/libjpeg.so.8.2.2
7fd5e14fe000-7fd5e14ff000 r--p 00094000 00:1f8 70898546218               /mnt/primary/conda-envs/semantic_uncertainty_export/lib/libjpeg.so.8.2.2
7fd5e14ff000-7fd5e1500000 rw-p 00095000 00:1f8 70898546218               /mnt/primary/conda-envs/semantic_uncertainty_export/lib/libjpeg.so.8.2.2
7fd5e1500000-7fd5e1600000 rw-p 00000000 00:00 0 
7fd5e1600000-7fd5e3600000 rw-p 00000000 00:00 0 
7fd5e3600000-7fd5e3800000 rw-p 00000000 00:00 0 
7fd5e3800000-7fd5e3801000 ---p 00000000 00:00 0 
7fd5e3801000-7fd5e4001000 rw-p 00000000 00:00 0 
7fd5e4082000-7fd5e408d000 r--p 00000000 00:1f8 70898546190               /mnt/primary/conda-envs/semantic_uncertainty_export/lib/libmp3lame.so.0.0.0
7fd5e408d000-7fd5e40bf000 r-xp 0000b000 00:1f8 70898546190               /mnt/primary/conda-envs/semantic_uncertainty_export/lib/libmp3lame.so.0.0.0
7fd5e40bf000-7fd5e40cf000 r--p 0003d000 00:1f8 70898546190               /mnt/primary/conda-envs/semantic_uncertainty_export/lib/libmp3lame.so.0.0.0
7fd5e40cf000-7fd5e40d0000 ---p 0004d000 00:1f8 70898546190               /mnt/primary/conda-envs/semantic_uncertainty_export/lib/libmp3lame.so.0.0.0
7fd5e40d0000-7fd5e40d2000 r--p 0004d000 00:1f8 70898546190               /mnt/primary/conda-envs/semantic_uncertainty_export/lib/libmp3lame.so.0.0.0
7fd5e40d2000-7fd5e40d3000 rw-p 0004f000 00:1f8 70898546190               /mnt/primary/conda-envs/semantic_uncertainty_export/lib/libmp3lame.so.0.0.0
7fd5e40d3000-7fd5e4200000 rw-p 00000000 00:00 0 
7fd5e4200000-7fd5e6200000 rw-p 00000000 00:00 0 
7fd5e6200000-7fd5e6400000 rw-p 00000000 00:00 0 
7fd5e6400000-7fd5e6401000 ---p 00000000 00:00 0 
7fd5e6401000-7fd5e6c01000 rw-p 00000000 00:00 0 
7fd5e6c1a000-7fd5e6c1d000 r--p 00000000 00:1f8 70898546215               /mnt/primary/conda-envs/semantic_uncertainty_export/lib/libiconv.so.2.6.1
7fd5e6c1d000-7fd5e6c31000 r-xp 00003000 00:1f8 70898546215               /mnt/primary/conda-envs/semantic_uncertainty_export/lib/libiconv.so.2.6.1
7fd5e6c31000-7fd5e6cfd000 r--p 00017000 00:1f8 70898546215               /mnt/primary/conda-envs/semantic_uncertainty_export/lib/libiconv.so.2.6.1
7fd5e6cfd000-7fd5e6cff000 r--p 000e2000 00:1f8 70898546215               /mnt/primary/conda-envs/semantic_uncertainty_export/lib/libiconv.so.2.6.1
7fd5e6cff000-7fd5e6d00000 rw-p 000e4000 00:1f8 70898546215               /mnt/primary/conda-envs/semantic_uncertainty_export/lib/libiconv.so.2.6.1
7fd5e6d00000-7fd5e6e00000 rw-p 00000000 00:00 0 
7fd5e6e00000-7fd5e8e00000 rw-p 00000000 00:00 0 
7fd5e8e00000-7fd5e9000000 rw-p 00000000 00:00 0 
7fd5e9000000-7fd5eb000000 rw-p 00000000 00:00 0 
7fd5eb000000-7fd5eb200000 rw-p 00000000 00:00 0 
7fd5eb200000-7fd5ed200000 rw-p 00000000 00:00 0 
7fd5ed200000-7fd5ed400000 rw-p 00000000 00:00 0 
7fd5ed400000-7fd5ef400000 rw-p 00000000 00:00 0 
7fd5ef400000-7fd5ef600000 rw-p 00000000 00:00 0 
7fd5ef600000-7fd5ef601000 ---p 00000000 00:00 0 
7fd5ef601000-7fd5efe01000 rw-p 00000000 00:00 0 
7fd5efe26000-7fd5efe30000 r--p 00000000 00:1f8 148237001219              /mnt/primary/conda-envs/semantic_uncertainty_export/lib/libhogweed.so.6.4
7fd5efe30000-7fd5efe43000 r-xp 0000a000 00:1f8 148237001219              /mnt/primary/conda-envs/semantic_uncertainty_export/lib/libhogweed.so.6.4
7fd5efe43000-7fd5efe6d000 r--p 0001d000 00:1f8 148237001219              /mnt/primary/conda-envs/semantic_uncertainty_export/lib/libhogweed.so.6.4
7fd5efe6d000-7fd5efe6f000 r--p 00046000 00:1f8 148237001219              /mnt/primary/conda-envs/semantic_uncertainty_export/lib/libhogweed.so.6.4
7fd5efe6f000-7fd5efe70000 rw-p 00048000 00:1f8 148237001219              /mnt/primary/conda-envs/semantic_uncertainty_export/lib/libhogweed.so.6.4
7fd5efe70000-7fd5efe73000 r--p 00000000 00:1f8 148237027883              /mnt/primary/conda-envs/semantic_uncertainty_export/lib/libswscale.so.5.7.100
7fd5efe73000-7fd5efee6000 r-xp 00003000 00:1f8 148237027883              /mnt/primary/conda-envs/semantic_uncertainty_export/lib/libswscale.so.5.7.100
7fd5efee6000-7fd5efef5000 r--p 00076000 00:1f8 148237027883              /mnt/primary/conda-envs/semantic_uncertainty_export/lib/libswscale.so.5.7.100
7fd5efef5000-7fd5efef6000 ---p 00085000 00:1f8 148237027883              /mnt/primary/conda-envs/semantic_uncertainty_export/lib/libswscale.so.5.7.100
7fd5efef6000-7fd5efef7000 r--p 00085000 00:1f8 148237027883              /mnt/primary/conda-envs/semantic_uncertainty_export/lib/libswscale.so.5.7.100
7fd5efef7000-7fd5efef8000 rw-p 00086000 00:1f8 148237027883              /mnt/primary/conda-envs/semantic_uncertainty_export/lib/libswscale.so.5.7.100
7fd5efef8000-7fd5f0000000 rw-p 00000000 00:00 0 
7fd5f0000000-7fd5f2000000 rw-p 00000000 00:00 0 
7fd5f2000000-7fd5f2200000 rw-p 00000000 00:00 0 
7fd5f2200000-7fd5f2201000 ---p 00000000 00:00 0 
7fd5f2201000-7fd5f2a01000 rw-p 00000000 00:00 0 
7fd5f2a32000-7fd5f2a40000 r--p 00000000 00:1f8 70923272732               /mnt/primary/conda-envs/semantic_uncertainty_export/lib/libnettle.so.8.4
7fd5f2a40000-7fd5f2a62000 r-xp 0000e000 00:1f8 70923272732               /mnt/primary/conda-envs/semantic_uncertainty_export/lib/libnettle.so.8.4
7fd5f2a62000-7fd5f2a78000 r--p 00030000 00:1f8 70923272732               /mnt/primary/conda-envs/semantic_uncertainty_export/lib/libnettle.so.8.4
7fd5f2a78000-7fd5f2a79000 ---p 00046000 00:1f8 70923272732               /mnt/primary/conda-envs/semantic_uncertainty_export/lib/libnettle.so.8.4
7fd5f2a79000-7fd5f2a7b000 r--p 00046000 00:1f8 70923272732               /mnt/primary/conda-envs/semantic_uncertainty_export/lib/libnettle.so.8.4
7fd5f2a7b000-7fd5f2a7c000 rw-p 00048000 00:1f8 70923272732               /mnt/primary/conda-envs/semantic_uncertainty_export/lib/libnettle.so.8.4
7fd5f2a7c000-7fd5f2aa5000 r--p 00000000 00:1f8 148282762796              /mnt/primary/conda-envs/semantic_uncertainty_export/lib/python3.11/site-packages/torchvision/video_reader.so
7fd5f2aa5000-7fd5f2ae8000 r-xp 00029000 00:1f8 148282762796              /mnt/primary/conda-envs/semantic_uncertainty_export/lib/python3.11/site-packages/torchvision/video_reader.so
7fd5f2ae8000-7fd5f2afb000 r--p 0006c000 00:1f8 148282762796              /mnt/primary/conda-envs/semantic_uncertainty_export/lib/python3.11/site-packages/torchvision/video_reader.so
7fd5f2afb000-7fd5f2afc000 ---p 0007f000 00:1f8 148282762796              /mnt/primary/conda-envs/semantic_uncertainty_export/lib/python3.11/site-packages/torchvision/video_reader.so
7fd5f2afc000-7fd5f2afe000 r--p 0007f000 00:1f8 148282762796              /mnt/primary/conda-envs/semantic_uncertainty_export/lib/python3.11/site-packages/torchvision/video_reader.so
7fd5f2afe000-7fd5f2b00000 rw-p 00081000 00:1f8 148282762796              /mnt/primary/conda-envs/semantic_uncertainty_export/lib/python3.11/site-packages/torchvision/video_reader.so
7fd5f2b00000-7fd5f2c00000 rw-p 00000000 00:00 0 
7fd5f2c00000-7fd5f2c01000 ---p 00000000 00:00 0 
7fd5f2c01000-7fd5f3401000 rw-p 00000000 00:00 0 
7fd5f3419000-7fd5f3427000 r--p 00000000 08:04 3232185239                 /usr/lib/jvm/java-11-openjdk-amd64/lib/libjava.so
7fd5f3427000-7fd5f343d000 r-xp 0000e000 08:04 3232185239                 /usr/lib/jvm/java-11-openjdk-amd64/lib/libjava.so
7fd5f343d000-7fd5f3444000 r--p 00024000 08:04 3232185239                 /usr/lib/jvm/java-11-openjdk-amd64/lib/libjava.so
7fd5f3444000-7fd5f3445000 r--p 0002a000 08:04 3232185239                 /usr/lib/jvm/java-11-openjdk-amd64/lib/libjava.so
7fd5f3445000-7fd5f3446000 rw-p 0002b000 08:04 3232185239                 /usr/lib/jvm/java-11-openjdk-amd64/lib/libjava.so
7fd5f3446000-7fd5f3447000 rw-p 00000000 00:00 0 
7fd5f3447000-7fd5f3455000 r--p 00000000 00:1f8 70923272751               /mnt/primary/conda-envs/semantic_uncertainty_export/lib/libfreetype.so.6.18.3
7fd5f3455000-7fd5f34cf000 r-xp 0000e000 00:1f8 70923272751               /mnt/primary/conda-envs/semantic_uncertainty_export/lib/libfreetype.so.6.18.3
7fd5f34cf000-7fd5f34f7000 r--p 00088000 00:1f8 70923272751               /mnt/primary/conda-envs/semantic_uncertainty_export/lib/libfreetype.so.6.18.3
7fd5f34f7000-7fd5f34f8000 ---p 000b0000 00:1f8 70923272751               /mnt/primary/conda-envs/semantic_uncertainty_export/lib/libfreetype.so.6.18.3
7fd5f34f8000-7fd5f34ff000 r--p 000b0000 00:1f8 70923272751               /mnt/primary/conda-envs/semantic_uncertainty_export/lib/libfreetype.so.6.18.3
7fd5f34ff000-7fd5f3500000 rw-p 000b7000 00:1f8 70923272751               /mnt/primary/conda-envs/semantic_uncertainty_export/lib/libfreetype.so.6.18.3
7fd5f3500000-7fd5f3600000 rw-p 00000000 00:00 0 
7fd5f3600000-7fd5f3601000 ---p 00000000 00:00 0 
7fd5f3601000-7fd5f3e01000 rw-p 00000000 00:00 0 
7fd5f3e2a000-7fd5f3e38000 r--p 00000000 00:1f8 46199363133               /mnt/primary/conda-envs/semantic_uncertainty_export/lib/python3.11/site-packages/safetensors/_safetensors_rust.abi3.so
7fd5f3e38000-7fd5f3ecc000 r-xp 0000e000 00:1f8 46199363133               /mnt/primary/conda-envs/semantic_uncertainty_export/lib/python3.11/site-packages/safetensors/_safetensors_rust.abi3.so
7fd5f3ecc000-7fd5f3ef6000 r--p 000a2000 00:1f8 46199363133               /mnt/primary/conda-envs/semantic_uncertainty_export/lib/python3.11/site-packages/safetensors/_safetensors_rust.abi3.so
7fd5f3ef6000-7fd5f3ef7000 ---p 000cc000 00:1f8 46199363133               /mnt/primary/conda-envs/semantic_uncertainty_export/lib/python3.11/site-packages/safetensors/_safetensors_rust.abi3.so
7fd5f3ef7000-7fd5f3eff000 r--p 000cc000 00:1f8 46199363133               /mnt/primary/conda-envs/semantic_uncertainty_export/lib/python3.11/site-packages/safetensors/_safetensors_rust.abi3.so
7fd5f3eff000-7fd5f3f00000 rw-p 000d4000 00:1f8 46199363133               /mnt/primary/conda-envs/semantic_uncertainty_export/lib/python3.11/site-packages/safetensors/_safetensors_rust.abi3.so
7fd5f3f00000-7fd5f4000000 rw-p 00000000 00:00 0 
7fd5f4000000-7fd5f4001000 ---p 00000000 00:00 0 
7fd5f4001000-7fd5f4801000 rw-p 00000000 00:00 0 
7fd5f4806000-7fd5f480a000 r--p 00000000 00:1f8 70922420791               /mnt/primary/conda-envs/semantic_uncertainty_export/lib/libidn2.so.0.3.8
7fd5f480a000-7fd5f480f000 r-xp 00004000 00:1f8 70922420791               /mnt/primary/conda-envs/semantic_uncertainty_export/lib/libidn2.so.0.3.8
7fd5f480f000-7fd5f4856000 r--p 00009000 00:1f8 70922420791               /mnt/primary/conda-envs/semantic_uncertainty_export/lib/libidn2.so.0.3.8
7fd5f4856000-7fd5f4857000 ---p 00050000 00:1f8 70922420791               /mnt/primary/conda-envs/semantic_uncertainty_export/lib/libidn2.so.0.3.8
7fd5f4857000-7fd5f4859000 r--p 00050000 00:1f8 70922420791               /mnt/primary/conda-envs/semantic_uncertainty_export/lib/libidn2.so.0.3.8
7fd5f4859000-7fd5f485a000 rw-p 00052000 00:1f8 70922420791               /mnt/primary/conda-envs/semantic_uncertainty_export/lib/libidn2.so.0.3.8
7fd5f485a000-7fd5f486d000 r--p 00000000 00:1f8 70898522666               /mnt/primary/conda-envs/semantic_uncertainty_export/lib/libgmp.so.10.4.1
7fd5f486d000-7fd5f48e5000 r-xp 00013000 00:1f8 70898522666               /mnt/primary/conda-envs/semantic_uncertainty_export/lib/libgmp.so.10.4.1
7fd5f48e5000-7fd5f48fc000 r--p 0008b000 00:1f8 70898522666               /mnt/primary/conda-envs/semantic_uncertainty_export/lib/libgmp.so.10.4.1
7fd5f48fc000-7fd5f48fd000 ---p 000a2000 00:1f8 70898522666               /mnt/primary/conda-envs/semantic_uncertainty_export/lib/libgmp.so.10.4.1
7fd5f48fd000-7fd5f48ff000 r--p 000a2000 00:1f8 70898522666               /mnt/primary/conda-envs/semantic_uncertainty_export/lib/libgmp.so.10.4.1
7fd5f48ff000-7fd5f4900000 rw-p 000a4000 00:1f8 70898522666               /mnt/primary/conda-envs/semantic_uncertainty_export/lib/libgmp.so.10.4.1
7fd5f4900000-7fd5f4a00000 rw-p 00000000 00:00 0 
7fd5f4a00000-7fd5f6a00000 rw-p 00000000 00:00 0 
7fd5f6a00000-7fd5f6c00000 rw-p 00000000 00:00 0 
7fd5f6c00000-7fd5f6c01000 ---p 00000000 00:00 0 
7fd5f6c01000-7fd5f7401000 rw-p 00000000 00:00 0 
7fd5f7403000-7fd5f7407000 r--p 00000000 08:04 3232185251                 /usr/lib/jvm/java-11-openjdk-amd64/lib/libnet.so
7fd5f7407000-7fd5f7415000 r-xp 00004000 08:04 3232185251                 /usr/lib/jvm/java-11-openjdk-amd64/lib/libnet.so
7fd5f7415000-7fd5f7419000 r--p 00012000 08:04 3232185251                 /usr/lib/jvm/java-11-openjdk-amd64/lib/libnet.so
7fd5f7419000-7fd5f741a000 r--p 00015000 08:04 3232185251                 /usr/lib/jvm/java-11-openjdk-amd64/lib/libnet.so
7fd5f741a000-7fd5f741b000 rw-p 00016000 08:04 3232185251                 /usr/lib/jvm/java-11-openjdk-amd64/lib/libnet.so
7fd5f741b000-7fd5f7427000 r--p 00000000 00:1f8 148282762795              /mnt/primary/conda-envs/semantic_uncertainty_export/lib/python3.11/site-packages/torchvision/image.so
7fd5f7427000-7fd5f743b000 r-xp 0000c000 00:1f8 148282762795              /mnt/primary/conda-envs/semantic_uncertainty_export/lib/python3.11/site-packages/torchvision/image.so
7fd5f743b000-7fd5f7442000 r--p 00020000 00:1f8 148282762795              /mnt/primary/conda-envs/semantic_uncertainty_export/lib/python3.11/site-packages/torchvision/image.so
7fd5f7442000-7fd5f7443000 r--p 00026000 00:1f8 148282762795              /mnt/primary/conda-envs/semantic_uncertainty_export/lib/python3.11/site-packages/torchvision/image.so
7fd5f7443000-7fd5f7444000 rw-p 00027000 00:1f8 148282762795              /mnt/primary/conda-envs/semantic_uncertainty_export/lib/python3.11/site-packages/torchvision/image.so
7fd5f7444000-7fd5f744a000 r--p 00000000 00:1f8 70923272704               /mnt/primary/conda-envs/semantic_uncertainty_export/lib/libpng16.so.16.39.0
7fd5f744a000-7fd5f7473000 r-xp 00006000 00:1f8 70923272704               /mnt/primary/conda-envs/semantic_uncertainty_export/lib/libpng16.so.16.39.0
7fd5f7473000-7fd5f747e000 r--p 0002f000 00:1f8 70923272704               /mnt/primary/conda-envs/semantic_uncertainty_export/lib/libpng16.so.16.39.0
7fd5f747e000-7fd5f747f000 ---p 0003a000 00:1f8 70923272704               /mnt/primary/conda-envs/semantic_uncertainty_export/lib/libpng16.so.16.39.0
7fd5f747f000-7fd5f7480000 r--p 0003a000 00:1f8 70923272704               /mnt/primary/conda-envs/semantic_uncertainty_export/lib/libpng16.so.16.39.0
7fd5f7480000-7fd5f7481000 rw-p 0003b000 00:1f8 70923272704               /mnt/primary/conda-envs/semantic_uncertainty_export/lib/libpng16.so.16.39.0
7fd5f7481000-7fd5f748e000 r--p 00000000 00:1f8 70923272727               /mnt/primary/conda-envs/semantic_uncertainty_export/lib/libmpfr.so.6.0.2
7fd5f748e000-7fd5f74eb000 r-xp 0000d000 00:1f8 70923272727               /mnt/primary/conda-envs/semantic_uncertainty_export/lib/libmpfr.so.6.0.2
7fd5f74eb000-7fd5f74fc000 r--p 0006a000 00:1f8 70923272727               /mnt/primary/conda-envs/semantic_uncertainty_export/lib/libmpfr.so.6.0.2
7fd5f74fc000-7fd5f74fd000 ---p 0007b000 00:1f8 70923272727               /mnt/primary/conda-envs/semantic_uncertainty_export/lib/libmpfr.so.6.0.2
7fd5f74fd000-7fd5f74ff000 r--p 0007b000 00:1f8 70923272727               /mnt/primary/conda-envs/semantic_uncertainty_export/lib/libmpfr.so.6.0.2
7fd5f74ff000-7fd5f7500000 rw-p 0007d000 00:1f8 70923272727               /mnt/primary/conda-envs/semantic_uncertainty_export/lib/libmpfr.so.6.0.2
7fd5f7500000-7fd5f7600000 rw-p 00000000 00:00 0 
7fd5f7600000-7fd5f9600000 rw-p 00000000 00:00 0 
7fd5f9600000-7fd5f9800000 rw-p 00000000 00:00 0 
7fd5f9800000-7fd5f9801000 ---p 00000000 00:00 0 
7fd5f9801000-7fd5fa001000 rw-p 00000000 00:00 0 
7fd5fa007000-7fd5fa00e000 r--p 00000000 08:04 3232185252                 /usr/lib/jvm/java-11-openjdk-amd64/lib/libnio.so
7fd5fa00e000-7fd5fa016000 r-xp 00007000 08:04 3232185252                 /usr/lib/jvm/java-11-openjdk-amd64/lib/libnio.so
7fd5fa016000-7fd5fa019000 r--p 0000f000 08:04 3232185252                 /usr/lib/jvm/java-11-openjdk-amd64/lib/libnio.so
7fd5fa019000-7fd5fa01a000 r--p 00011000 08:04 3232185252                 /usr/lib/jvm/java-11-openjdk-amd64/lib/libnio.so
7fd5fa01a000-7fd5fa01b000 rw-p 00012000 08:04 3232185252                 /usr/lib/jvm/java-11-openjdk-amd64/lib/libnio.so
7fd5fa01b000-7fd5fa01e000 r--p 00000000 00:1f8 148237027882              /mnt/primary/conda-envs/semantic_uncertainty_export/lib/libswresample.so.3.7.100
7fd5fa01e000-7fd5fa032000 r-xp 00003000 00:1f8 148237027882              /mnt/primary/conda-envs/semantic_uncertainty_export/lib/libswresample.so.3.7.100
7fd5fa032000-7fd5fa037000 r--p 00017000 00:1f8 148237027882              /mnt/primary/conda-envs/semantic_uncertainty_export/lib/libswresample.so.3.7.100
7fd5fa037000-7fd5fa039000 r--p 0001b000 00:1f8 148237027882              /mnt/primary/conda-envs/semantic_uncertainty_export/lib/libswresample.so.3.7.100
7fd5fa039000-7fd5fa03a000 rw-p 0001d000 00:1f8 148237027882              /mnt/primary/conda-envs/semantic_uncertainty_export/lib/libswresample.so.3.7.100
7fd5fa03a000-7fd5fa041000 r--p 00000000 00:1f8 170928539158              /mnt/primary/conda-envs/semantic_uncertainty_export/lib/python3.11/site-packages/yaml/_yaml.cpython-311-x86_64-linux-gnu.so
7fd5fa041000-7fd5fa068000 r-xp 00007000 00:1f8 170928539158              /mnt/primary/conda-envs/semantic_uncertainty_export/lib/python3.11/site-packages/yaml/_yaml.cpython-311-x86_64-linux-gnu.so
7fd5fa068000-7fd5fa06c000 r--p 0002e000 00:1f8 170928539158              /mnt/primary/conda-envs/semantic_uncertainty_export/lib/python3.11/site-packages/yaml/_yaml.cpython-311-x86_64-linux-gnu.so
7fd5fa06c000-7fd5fa06d000 r--p 00031000 00:1f8 170928539158              /mnt/primary/conda-envs/semantic_uncertainty_export/lib/python3.11/site-packages/yaml/_yaml.cpython-311-x86_64-linux-gnu.so
7fd5fa06d000-7fd5fa070000 rw-p 00032000 00:1f8 170928539158              /mnt/primary/conda-envs/semantic_uncertainty_export/lib/python3.11/site-packages/yaml/_yaml.cpython-311-x86_64-linux-gnu.so
7fd5fa070000-7fd5fa071000 rw-p 00000000 00:00 0 
7fd5fa071000-7fd5fa084000 r--p 00000000 00:1f8 156766326821              /mnt/primary/conda-envs/semantic_uncertainty_export/lib/python3.11/site-packages/gmpy2/gmpy2.cpython-311-x86_64-linux-gnu.so
7fd5fa084000-7fd5fa0d8000 r-xp 00013000 00:1f8 156766326821              /mnt/primary/conda-envs/semantic_uncertainty_export/lib/python3.11/site-packages/gmpy2/gmpy2.cpython-311-x86_64-linux-gnu.so
7fd5fa0d8000-7fd5fa0f8000 r--p 00067000 00:1f8 156766326821              /mnt/primary/conda-envs/semantic_uncertainty_export/lib/python3.11/site-packages/gmpy2/gmpy2.cpython-311-x86_64-linux-gnu.so
7fd5fa0f8000-7fd5fa0fa000 r--p 00086000 00:1f8 156766326821              /mnt/primary/conda-envs/semantic_uncertainty_export/lib/python3.11/site-packages/gmpy2/gmpy2.cpython-311-x86_64-linux-gnu.so
7fd5fa0fa000-7fd5fa100000 rw-p 00088000 00:1f8 156766326821              /mnt/primary/conda-envs/semantic_uncertainty_export/lib/python3.11/site-packages/gmpy2/gmpy2.cpython-311-x86_64-linux-gnu.so
7fd5fa100000-7fd5fa200000 rw-p 00000000 00:00 0 
7fd5fa200000-7fd5fc200000 rw-p 00000000 00:00 0 
7fd5fc212000-7fd5fc214000 r--p 00000000 00:1f8 70898552892               /mnt/primary/conda-envs/semantic_uncertainty_export/lib/libyaml-0.so.2.0.9
7fd5fc214000-7fd5fc22a000 r-xp 00002000 00:1f8 70898552892               /mnt/primary/conda-envs/semantic_uncertainty_export/lib/libyaml-0.so.2.0.9
7fd5fc22a000-7fd5fc22d000 r--p 00018000 00:1f8 70898552892               /mnt/primary/conda-envs/semantic_uncertainty_export/lib/libyaml-0.so.2.0.9
7fd5fc22d000-7fd5fc22e000 ---p 0001b000 00:1f8 70898552892               /mnt/primary/conda-envs/semantic_uncertainty_export/lib/libyaml-0.so.2.0.9
7fd5fc22e000-7fd5fc22f000 r--p 0001b000 00:1f8 70898552892               /mnt/primary/conda-envs/semantic_uncertainty_export/lib/libyaml-0.so.2.0.9
7fd5fc22f000-7fd5fc230000 rw-p 0001c000 00:1f8 70898552892               /mnt/primary/conda-envs/semantic_uncertainty_export/lib/libyaml-0.so.2.0.9
7fd5fc230000-7fd5fc233000 r--p 00000000 00:1f8 137898457091              /mnt/primary/conda-envs/semantic_uncertainty_export/lib/python3.11/site-packages/lz4/block/_block.cpython-311-x86_64-linux-gnu.so
7fd5fc233000-7fd5fc25c000 r-xp 00003000 00:1f8 137898457091              /mnt/primary/conda-envs/semantic_uncertainty_export/lib/python3.11/site-packages/lz4/block/_block.cpython-311-x86_64-linux-gnu.so
7fd5fc25c000-7fd5fc25f000 r--p 0002c000 00:1f8 137898457091              /mnt/primary/conda-envs/semantic_uncertainty_export/lib/python3.11/site-packages/lz4/block/_block.cpython-311-x86_64-linux-gnu.so
7fd5fc25f000-7fd5fc260000 r--p 0002e000 00:1f8 137898457091              /mnt/primary/conda-envs/semantic_uncertainty_export/lib/python3.11/site-packages/lz4/block/_block.cpython-311-x86_64-linux-gnu.so
7fd5fc260000-7fd5fc261000 rw-p 0002f000 00:1f8 137898457091              /mnt/primary/conda-envs/semantic_uncertainty_export/lib/python3.11/site-packages/lz4/block/_block.cpython-311-x86_64-linux-gnu.so
7fd5fc261000-7fd5fc286000 r--p 00000000 00:1f8 81779481632               /mnt/primary/conda-envs/semantic_uncertainty_export/lib/python3.11/site-packages/torch/lib/libc10.so
7fd5fc286000-7fd5fc2fa000 r-xp 00025000 00:1f8 81779481632               /mnt/primary/conda-envs/semantic_uncertainty_export/lib/python3.11/site-packages/torch/lib/libc10.so
7fd5fc2fa000-7fd5fc321000 r--p 00099000 00:1f8 81779481632               /mnt/primary/conda-envs/semantic_uncertainty_export/lib/python3.11/site-packages/torch/lib/libc10.so
7fd5fc321000-7fd5fc322000 ---p 000c0000 00:1f8 81779481632               /mnt/primary/conda-envs/semantic_uncertainty_export/lib/python3.11/site-packages/torch/lib/libc10.so
7fd5fc322000-7fd5fc324000 r--p 000c0000 00:1f8 81779481632               /mnt/primary/conda-envs/semantic_uncertainty_export/lib/python3.11/site-packages/torch/lib/libc10.so
7fd5fc324000-7fd5fc32a000 rw-p 000c2000 00:1f8 81779481632               /mnt/primary/conda-envs/semantic_uncertainty_export/lib/python3.11/site-packages/torch/lib/libc10.so
7fd5fc32a000-7fd5fc32d000 rw-p 00000000 00:00 0 
7fd5fc32d000-7fd5fc340000 rw-p 000fa000 00:1f8 81779481632               /mnt/primary/conda-envs/semantic_uncertainty_export/lib/python3.11/site-packages/torch/lib/libc10.so
7fd5fc340000-7fd5fc350000 r--p 00000000 00:1f8 81779481633               /mnt/primary/conda-envs/semantic_uncertainty_export/lib/python3.11/site-packages/torch/lib/libc10_cuda.so
7fd5fc350000-7fd5fc3a1000 r-xp 00010000 00:1f8 81779481633               /mnt/primary/conda-envs/semantic_uncertainty_export/lib/python3.11/site-packages/torch/lib/libc10_cuda.so
7fd5fc3a1000-7fd5fc3b4000 r--p 00061000 00:1f8 81779481633               /mnt/primary/conda-envs/semantic_uncertainty_export/lib/python3.11/site-packages/torch/lib/libc10_cuda.so
7fd5fc3b4000-7fd5fc3b5000 ---p 00074000 00:1f8 81779481633               /mnt/primary/conda-envs/semantic_uncertainty_export/lib/python3.11/site-packages/torch/lib/libc10_cuda.so
7fd5fc3b5000-7fd5fc3b6000 r--p 00074000 00:1f8 81779481633               /mnt/primary/conda-envs/semantic_uncertainty_export/lib/python3.11/site-packages/torch/lib/libc10_cuda.so
7fd5fc3b6000-7fd5fc3b7000 rw-p 00075000 00:1f8 81779481633               /mnt/primary/conda-envs/semantic_uncertainty_export/lib/python3.11/site-packages/torch/lib/libc10_cuda.so
7fd5fc3b7000-7fd5fc3bc000 rw-p 00000000 00:00 0 
7fd5fc3bc000-7fd5fc3c7000 r--p 00000000 00:1f8 70896295962               /mnt/primary/conda-envs/semantic_uncertainty_export/lib/libgomp.so.1.0.0
7fd5fc3c7000-7fd5fc3f2000 r-xp 0000b000 00:1f8 70896295962               /mnt/primary/conda-envs/semantic_uncertainty_export/lib/libgomp.so.1.0.0
7fd5fc3f2000-7fd5fc3fe000 r--p 00036000 00:1f8 70896295962               /mnt/primary/conda-envs/semantic_uncertainty_export/lib/libgomp.so.1.0.0
7fd5fc3fe000-7fd5fc3ff000 r--p 00041000 00:1f8 70896295962               /mnt/primary/conda-envs/semantic_uncertainty_export/lib/libgomp.so.1.0.0
7fd5fc3ff000-7fd5fc400000 rw-p 00042000 00:1f8 70896295962               /mnt/primary/conda-envs/semantic_uncertainty_export/lib/libgomp.so.1.0.0
7fd5fc400000-7fd5fc401000 ---p 00000000 00:00 0 
7fd5fc401000-7fd5fcc01000 rw-p 00000000 00:00 0 
7fd5fcc02000-7fd5fcc0e000 r--p 00000000 00:1f8 81779481645               /mnt/primary/conda-envs/semantic_uncertainty_export/lib/python3.11/site-packages/torch/lib/libtorch.so
7fd5fcc0e000-7fd5fcc19000 r-xp 0000c000 00:1f8 81779481645               /mnt/primary/conda-envs/semantic_uncertainty_export/lib/python3.11/site-packages/torch/lib/libtorch.so
7fd5fcc19000-7fd5fcc1e000 r--p 00017000 00:1f8 81779481645               /mnt/primary/conda-envs/semantic_uncertainty_export/lib/python3.11/site-packages/torch/lib/libtorch.so
7fd5fcc1e000-7fd5fcc1f000 ---p 0001c000 00:1f8 81779481645               /mnt/primary/conda-envs/semantic_uncertainty_export/lib/python3.11/site-packages/torch/lib/libtorch.so
7fd5fcc1f000-7fd5fcc20000 r--p 0001c000 00:1f8 81779481645               /mnt/primary/conda-envs/semantic_uncertainty_export/lib/python3.11/site-packages/torch/lib/libtorch.so
7fd5fcc20000-7fd5fcc21000 rw-p 0001d000 00:1f8 81779481645               /mnt/primary/conda-envs/semantic_uncertainty_export/lib/python3.11/site-packages/torch/lib/libtorch.so
7fd5fcc21000-7fd5fcd21000 rw-p 00000000 00:00 0 
7fd5fcd21000-7fd5fcd28000 r--p 00000000 00:1f8 79668343311               /mnt/primary/conda-envs/semantic_uncertainty_export/lib/python3.11/site-packages/sklearn/metrics/_pairwise_fast.cpython-311-x86_64-linux-gnu.so
7fd5fcd28000-7fd5fcd49000 r-xp 00007000 00:1f8 79668343311               /mnt/primary/conda-envs/semantic_uncertainty_export/lib/python3.11/site-packages/sklearn/metrics/_pairwise_fast.cpython-311-x86_64-linux-gnu.so
7fd5fcd49000-7fd5fcd51000 r--p 00028000 00:1f8 79668343311               /mnt/primary/conda-envs/semantic_uncertainty_export/lib/python3.11/site-packages/sklearn/metrics/_pairwise_fast.cpython-311-x86_64-linux-gnu.so
7fd5fcd51000-7fd5fcd52000 r--p 0002f000 00:1f8 79668343311               /mnt/primary/conda-envs/semantic_uncertainty_export/lib/python3.11/site-packages/sklearn/metrics/_pairwise_fast.cpython-311-x86_64-linux-gnu.so
7fd5fcd52000-7fd5fcd56000 rw-p 00030000 00:1f8 79668343311               /mnt/primary/conda-envs/semantic_uncertainty_export/lib/python3.11/site-packages/sklearn/metrics/_pairwise_fast.cpython-311-x86_64-linux-gnu.so
7fd5fcd56000-7fd5fcd59000 rw-p 0003e000 00:1f8 79668343311               /mnt/primary/conda-envs/semantic_uncertainty_export/lib/python3.11/site-packages/sklearn/metrics/_pairwise_fast.cpython-311-x86_64-linux-gnu.so
7fd5fcd59000-7fd5fcd62000 r--p 00000000 00:1f8 85912917566               /mnt/primary/conda-envs/semantic_uncertainty_export/lib/python3.11/site-packages/sklearn/metrics/_pairwise_distances_reduction/_radius_neighbors.cpython-311-x86_64-linux-gnu.so
7fd5fcd62000-7fd5fcd8c000 r-xp 00009000 00:1f8 85912917566               /mnt/primary/conda-envs/semantic_uncertainty_export/lib/python3.11/site-packages/sklearn/metrics/_pairwise_distances_reduction/_radius_neighbors.cpython-311-x86_64-linux-gnu.so
7fd5fcd8c000-7fd5fcd96000 r--p 00033000 00:1f8 85912917566               /mnt/primary/conda-envs/semantic_uncertainty_export/lib/python3.11/site-packages/sklearn/metrics/_pairwise_distances_reduction/_radius_neighbors.cpython-311-x86_64-linux-gnu.so
7fd5fcd96000-7fd5fcd97000 ---p 0003d000 00:1f8 85912917566               /mnt/primary/conda-envs/semantic_uncertainty_export/lib/python3.11/site-packages/sklearn/metrics/_pairwise_distances_reduction/_radius_neighbors.cpython-311-x86_64-linux-gnu.so
7fd5fcd97000-7fd5fcd98000 r--p 0003d000 00:1f8 85912917566               /mnt/primary/conda-envs/semantic_uncertainty_export/lib/python3.11/site-packages/sklearn/metrics/_pairwise_distances_reduction/_radius_neighbors.cpython-311-x86_64-linux-gnu.so
7fd5fcd98000-7fd5fcd9c000 rw-p 0003e000 00:1f8 85912917566               /mnt/primary/conda-envs/semantic_uncertainty_export/lib/python3.11/site-packages/sklearn/metrics/_pairwise_distances_reduction/_radius_neighbors.cpython-311-x86_64-linux-gnu.so
7fd5fcd9c000-7fd5fcd9d000 rw-p 00000000 00:00 0 
7fd5fcd9d000-7fd5fcda1000 rw-p 00058000 00:1f8 85912917566               /mnt/primary/conda-envs/semantic_uncertainty_export/lib/python3.11/site-packages/sklearn/metrics/_pairwise_distances_reduction/_radius_neighbors.cpython-311-x86_64-linux-gnu.so
7fd5fcda1000-7fd5fcda9000 r--p 00000000 00:1f8 85912917565               /mnt/primary/conda-envs/semantic_uncertainty_export/lib/python3.11/site-packages/sklearn/metrics/_pairwise_distances_reduction/_middle_term_computer.cpython-311-x86_64-linux-gnu.so
7fd5fcda9000-7fd5fcde7000 r-xp 00008000 00:1f8 85912917565               /mnt/primary/conda-envs/semantic_uncertainty_export/lib/python3.11/site-packages/sklearn/metrics/_pairwise_distances_reduction/_middle_term_computer.cpython-311-x86_64-linux-gnu.so
7fd5fcde7000-7fd5fcdf3000 r--p 00046000 00:1f8 85912917565               /mnt/primary/conda-envs/semantic_uncertainty_export/lib/python3.11/site-packages/sklearn/metrics/_pairwise_distances_reduction/_middle_term_computer.cpython-311-x86_64-linux-gnu.so
7fd5fcdf3000-7fd5fcdf4000 ---p 00052000 00:1f8 85912917565               /mnt/primary/conda-envs/semantic_uncertainty_export/lib/python3.11/site-packages/sklearn/metrics/_pairwise_distances_reduction/_middle_term_computer.cpython-311-x86_64-linux-gnu.so
7fd5fcdf4000-7fd5fcdf5000 r--p 00052000 00:1f8 85912917565               /mnt/primary/conda-envs/semantic_uncertainty_export/lib/python3.11/site-packages/sklearn/metrics/_pairwise_distances_reduction/_middle_term_computer.cpython-311-x86_64-linux-gnu.so
7fd5fcdf5000-7fd5fcdfa000 rw-p 00053000 00:1f8 85912917565               /mnt/primary/conda-envs/semantic_uncertainty_export/lib/python3.11/site-packages/sklearn/metrics/_pairwise_distances_reduction/_middle_term_computer.cpython-311-x86_64-linux-gnu.so
7fd5fcdfa000-7fd5fcdfb000 rw-p 00000000 00:00 0 
7fd5fcdfb000-7fd5fce00000 rw-p 00070000 00:1f8 85912917565               /mnt/primary/conda-envs/semantic_uncertainty_export/lib/python3.11/site-packages/sklearn/metrics/_pairwise_distances_reduction/_middle_term_computer.cpython-311-x86_64-linux-gnu.so
7fd5fce00000-7fd5fee00000 rw-p 00000000 00:00 0 
7fd5fee00000-7fd5ff000000 rw-p 00000000 00:00 0 
7fd5ff000000-7fd5ff001000 ---p 00000000 00:00 0 
7fd5ff001000-7fd5ff801000 rw-p 00000000 00:00 0 
7fd5ff812000-7fd5ff819000 r--p 00000000 00:1f8 85912917559               /mnt/primary/conda-envs/semantic_uncertainty_export/lib/python3.11/site-packages/sklearn/metrics/_pairwise_distances_reduction/_argkmin_classmode.cpython-311-x86_64-linux-gnu.so
7fd5ff819000-7fd5ff83c000 r-xp 00007000 00:1f8 85912917559               /mnt/primary/conda-envs/semantic_uncertainty_export/lib/python3.11/site-packages/sklearn/metrics/_pairwise_distances_reduction/_argkmin_classmode.cpython-311-x86_64-linux-gnu.so
7fd5ff83c000-7fd5ff844000 r--p 0002a000 00:1f8 85912917559               /mnt/primary/conda-envs/semantic_uncertainty_export/lib/python3.11/site-packages/sklearn/metrics/_pairwise_distances_reduction/_argkmin_classmode.cpython-311-x86_64-linux-gnu.so
7fd5ff844000-7fd5ff845000 ---p 00032000 00:1f8 85912917559               /mnt/primary/conda-envs/semantic_uncertainty_export/lib/python3.11/site-packages/sklearn/metrics/_pairwise_distances_reduction/_argkmin_classmode.cpython-311-x86_64-linux-gnu.so
7fd5ff845000-7fd5ff846000 r--p 00032000 00:1f8 85912917559               /mnt/primary/conda-envs/semantic_uncertainty_export/lib/python3.11/site-packages/sklearn/metrics/_pairwise_distances_reduction/_argkmin_classmode.cpython-311-x86_64-linux-gnu.so
7fd5ff846000-7fd5ff84b000 rw-p 00033000 00:1f8 85912917559               /mnt/primary/conda-envs/semantic_uncertainty_export/lib/python3.11/site-packages/sklearn/metrics/_pairwise_distances_reduction/_argkmin_classmode.cpython-311-x86_64-linux-gnu.so
7fd5ff84b000-7fd5ff84e000 rw-p 00047000 00:1f8 85912917559               /mnt/primary/conda-envs/semantic_uncertainty_export/lib/python3.11/site-packages/sklearn/metrics/_pairwise_distances_reduction/_argkmin_classmode.cpython-311-x86_64-linux-gnu.so
7fd5ff84e000-7fd5ff856000 r--p 00000000 00:1f8 120262026753              /mnt/primary/conda-envs/semantic_uncertainty_export/lib/python3.11/site-packages/sklearn/utils/_cython_blas.cpython-311-x86_64-linux-gnu.so
7fd5ff856000-7fd5ff890000 r-xp 00008000 00:1f8 120262026753              /mnt/primary/conda-envs/semantic_uncertainty_export/lib/python3.11/site-packages/sklearn/utils/_cython_blas.cpython-311-x86_64-linux-gnu.so
7fd5ff890000-7fd5ff89c000 r--p 00042000 00:1f8 120262026753              /mnt/primary/conda-envs/semantic_uncertainty_export/lib/python3.11/site-packages/sklearn/utils/_cython_blas.cpython-311-x86_64-linux-gnu.so
7fd5ff89c000-7fd5ff89d000 r--p 0004d000 00:1f8 120262026753              /mnt/primary/conda-envs/semantic_uncertainty_export/lib/python3.11/site-packages/sklearn/utils/_cython_blas.cpython-311-x86_64-linux-gnu.so
7fd5ff89d000-7fd5ff8a2000 rw-p 0004e000 00:1f8 120262026753              /mnt/primary/conda-envs/semantic_uncertainty_export/lib/python3.11/site-packages/sklearn/utils/_cython_blas.cpython-311-x86_64-linux-gnu.so
7fd5ff8a2000-7fd5ff8a3000 rw-p 00000000 00:00 0 
7fd5ff8a3000-7fd5ff8a6000 rw-p 00061000 00:1f8 120262026753              /mnt/primary/conda-envs/semantic_uncertainty_export/lib/python3.11/site-packages/sklearn/utils/_cython_blas.cpython-311-x86_64-linux-gnu.so
7fd5ff8a6000-7fd5ff8ad000 r--p 00000000 00:1f8 85912917557               /mnt/primary/conda-envs/semantic_uncertainty_export/lib/python3.11/site-packages/sklearn/metrics/_pairwise_distances_reduction/_datasets_pair.cpython-311-x86_64-linux-gnu.so
7fd5ff8ad000-7fd5ff8e9000 r-xp 00007000 00:1f8 85912917557               /mnt/primary/conda-envs/semantic_uncertainty_export/lib/python3.11/site-packages/sklearn/metrics/_pairwise_distances_reduction/_datasets_pair.cpython-311-x86_64-linux-gnu.so
7fd5ff8e9000-7fd5ff8f6000 r--p 00043000 00:1f8 85912917557               /mnt/primary/conda-envs/semantic_uncertainty_export/lib/python3.11/site-packages/sklearn/metrics/_pairwise_distances_reduction/_datasets_pair.cpython-311-x86_64-linux-gnu.so
7fd5ff8f6000-7fd5ff8f7000 r--p 0004f000 00:1f8 85912917557               /mnt/primary/conda-envs/semantic_uncertainty_export/lib/python3.11/site-packages/sklearn/metrics/_pairwise_distances_reduction/_datasets_pair.cpython-311-x86_64-linux-gnu.so
7fd5ff8f7000-7fd5ff8fc000 rw-p 00050000 00:1f8 85912917557               /mnt/primary/conda-envs/semantic_uncertainty_export/lib/python3.11/site-packages/sklearn/metrics/_pairwise_distances_reduction/_datasets_pair.cpython-311-x86_64-linux-gnu.so
7fd5ff8fc000-7fd5ff8fd000 rw-p 00000000 00:00 0 
7fd5ff8fd000-7fd5ff900000 rw-p 0006f000 00:1f8 85912917557               /mnt/primary/conda-envs/semantic_uncertainty_export/lib/python3.11/site-packages/sklearn/metrics/_pairwise_distances_reduction/_datasets_pair.cpython-311-x86_64-linux-gnu.so
7fd5ff900000-7fd5ffa00000 rw-p 00000000 00:00 0 
7fd5ffa00000-7fd601a00000 rw-p 00000000 00:00 0 
7fd601a00000-7fd601c00000 rw-p 00000000 00:00 0 
7fd601c00000-7fd601c01000 ---p 00000000 00:00 0 
7fd601c01000-7fd602401000 rw-p 00000000 00:00 0 
7fd602402000-7fd602409000 rw-p 00000000 00:00 0 
7fd602409000-7fd602412000 ---p 00000000 00:00 0 
7fd602412000-7fd60241c000 r--p 00000000 00:1f8 79668343313               /mnt/primary/conda-envs/semantic_uncertainty_export/lib/python3.11/site-packages/sklearn/metrics/_dist_metrics.cpython-311-x86_64-linux-gnu.so
7fd60241c000-7fd602473000 r-xp 0000a000 00:1f8 79668343313               /mnt/primary/conda-envs/semantic_uncertainty_export/lib/python3.11/site-packages/sklearn/metrics/_dist_metrics.cpython-311-x86_64-linux-gnu.so
7fd602473000-7fd602487000 r--p 00061000 00:1f8 79668343313               /mnt/primary/conda-envs/semantic_uncertainty_export/lib/python3.11/site-packages/sklearn/metrics/_dist_metrics.cpython-311-x86_64-linux-gnu.so
7fd602487000-7fd602488000 r--p 00074000 00:1f8 79668343313               /mnt/primary/conda-envs/semantic_uncertainty_export/lib/python3.11/site-packages/sklearn/metrics/_dist_metrics.cpython-311-x86_64-linux-gnu.so
7fd602488000-7fd602493000 rw-p 00075000 00:1f8 79668343313               /mnt/primary/conda-envs/semantic_uncertainty_export/lib/python3.11/site-packages/sklearn/metrics/_dist_metrics.cpython-311-x86_64-linux-gnu.so
7fd602493000-7fd602495000 rw-p 00000000 00:00 0 
7fd602495000-7fd602498000 rw-p 0009c000 00:1f8 79668343313               /mnt/primary/conda-envs/semantic_uncertainty_export/lib/python3.11/site-packages/sklearn/metrics/_dist_metrics.cpython-311-x86_64-linux-gnu.so
7fd602498000-7fd6024a0000 r--p 00000000 00:1f8 107408755242              /mnt/primary/conda-envs/semantic_uncertainty_export/lib/python3.11/site-packages/sklearn/preprocessing/_target_encoder_fast.cpython-311-x86_64-linux-gnu.so
7fd6024a0000-7fd6024ec000 r-xp 00008000 00:1f8 107408755242              /mnt/primary/conda-envs/semantic_uncertainty_export/lib/python3.11/site-packages/sklearn/preprocessing/_target_encoder_fast.cpython-311-x86_64-linux-gnu.so
7fd6024ec000-7fd6024f5000 r--p 00054000 00:1f8 107408755242              /mnt/primary/conda-envs/semantic_uncertainty_export/lib/python3.11/site-packages/sklearn/preprocessing/_target_encoder_fast.cpython-311-x86_64-linux-gnu.so
7fd6024f5000-7fd6024f6000 r--p 0005c000 00:1f8 107408755242              /mnt/primary/conda-envs/semantic_uncertainty_export/lib/python3.11/site-packages/sklearn/preprocessing/_target_encoder_fast.cpython-311-x86_64-linux-gnu.so
7fd6024f6000-7fd6024fa000 rw-p 0005d000 00:1f8 107408755242              /mnt/primary/conda-envs/semantic_uncertainty_export/lib/python3.11/site-packages/sklearn/preprocessing/_target_encoder_fast.cpython-311-x86_64-linux-gnu.so
7fd6024fa000-7fd6024fb000 rw-p 00000000 00:00 0 
7fd6024fb000-7fd602500000 rw-p 0007c000 00:1f8 107408755242              /mnt/primary/conda-envs/semantic_uncertainty_export/lib/python3.11/site-packages/sklearn/preprocessing/_target_encoder_fast.cpython-311-x86_64-linux-gnu.so
7fd602500000-7fd602600000 rw-p 00000000 00:00 0 
7fd602600000-7fd604600000 rw-p 00000000 00:00 0 
7fd604600000-7fd604800000 rw-p 00000000 00:00 0 
7fd604800000-7fd604801000 ---p 00000000 00:00 0 
7fd604801000-7fd605001000 rw-p 00000000 00:00 0 
7fd605006000-7fd60500a000 r--p 00000000 00:1f8 120262026760              /mnt/primary/conda-envs/semantic_uncertainty_export/lib/python3.11/site-packages/sklearn/utils/_vector_sentinel.cpython-311-x86_64-linux-gnu.so
7fd60500a000-7fd605019000 r-xp 00004000 00:1f8 120262026760              /mnt/primary/conda-envs/semantic_uncertainty_export/lib/python3.11/site-packages/sklearn/utils/_vector_sentinel.cpython-311-x86_64-linux-gnu.so
7fd605019000-7fd60501d000 r--p 00013000 00:1f8 120262026760              /mnt/primary/conda-envs/semantic_uncertainty_export/lib/python3.11/site-packages/sklearn/utils/_vector_sentinel.cpython-311-x86_64-linux-gnu.so
7fd60501d000-7fd60501e000 r--p 00016000 00:1f8 120262026760              /mnt/primary/conda-envs/semantic_uncertainty_export/lib/python3.11/site-packages/sklearn/utils/_vector_sentinel.cpython-311-x86_64-linux-gnu.so
7fd60501e000-7fd605020000 rw-p 00017000 00:1f8 120262026760              /mnt/primary/conda-envs/semantic_uncertainty_export/lib/python3.11/site-packages/sklearn/utils/_vector_sentinel.cpython-311-x86_64-linux-gnu.so
7fd605020000-7fd605022000 rw-p 00021000 00:1f8 120262026760              /mnt/primary/conda-envs/semantic_uncertainty_export/lib/python3.11/site-packages/sklearn/utils/_vector_sentinel.cpython-311-x86_64-linux-gnu.so
7fd605022000-7fd605029000 r--p 00000000 00:1f8 85912917564               /mnt/primary/conda-envs/semantic_uncertainty_export/lib/python3.11/site-packages/sklearn/metrics/_pairwise_distances_reduction/_base.cpython-311-x86_64-linux-gnu.so
7fd605029000-7fd60504e000 r-xp 00007000 00:1f8 85912917564               /mnt/primary/conda-envs/semantic_uncertainty_export/lib/python3.11/site-packages/sklearn/metrics/_pairwise_distances_reduction/_base.cpython-311-x86_64-linux-gnu.so
7fd60504e000-7fd605056000 r--p 0002c000 00:1f8 85912917564               /mnt/primary/conda-envs/semantic_uncertainty_export/lib/python3.11/site-packages/sklearn/metrics/_pairwise_distances_reduction/_base.cpython-311-x86_64-linux-gnu.so
7fd605056000-7fd605057000 r--p 00033000 00:1f8 85912917564               /mnt/primary/conda-envs/semantic_uncertainty_export/lib/python3.11/site-packages/sklearn/metrics/_pairwise_distances_reduction/_base.cpython-311-x86_64-linux-gnu.so
7fd605057000-7fd60505b000 rw-p 00034000 00:1f8 85912917564               /mnt/primary/conda-envs/semantic_uncertainty_export/lib/python3.11/site-packages/sklearn/metrics/_pairwise_distances_reduction/_base.cpython-311-x86_64-linux-gnu.so
7fd60505b000-7fd605060000 rw-p 0004a000 00:1f8 85912917564               /mnt/primary/conda-envs/semantic_uncertainty_export/lib/python3.11/site-packages/sklearn/metrics/_pairwise_distances_reduction/_base.cpython-311-x86_64-linux-gnu.so
7fd605060000-7fd605069000 r--p 00000000 00:1f8 120262026777              /mnt/primary/conda-envs/semantic_uncertainty_export/lib/python3.11/site-packages/sklearn/utils/sparsefuncs_fast.cpython-311-x86_64-linux-gnu.so
7fd605069000-7fd6050e8000 r-xp 00009000 00:1f8 120262026777              /mnt/primary/conda-envs/semantic_uncertainty_export/lib/python3.11/site-packages/sklearn/utils/sparsefuncs_fast.cpython-311-x86_64-linux-gnu.so
7fd6050e8000-7fd6050f3000 r--p 00088000 00:1f8 120262026777              /mnt/primary/conda-envs/semantic_uncertainty_export/lib/python3.11/site-packages/sklearn/utils/sparsefuncs_fast.cpython-311-x86_64-linux-gnu.so
7fd6050f3000-7fd6050f4000 ---p 00093000 00:1f8 120262026777              /mnt/primary/conda-envs/semantic_uncertainty_export/lib/python3.11/site-packages/sklearn/utils/sparsefuncs_fast.cpython-311-x86_64-linux-gnu.so
7fd6050f4000-7fd6050f5000 r--p 00093000 00:1f8 120262026777              /mnt/primary/conda-envs/semantic_uncertainty_export/lib/python3.11/site-packages/sklearn/utils/sparsefuncs_fast.cpython-311-x86_64-linux-gnu.so
7fd6050f5000-7fd6050fb000 rw-p 00094000 00:1f8 120262026777              /mnt/primary/conda-envs/semantic_uncertainty_export/lib/python3.11/site-packages/sklearn/utils/sparsefuncs_fast.cpython-311-x86_64-linux-gnu.so
7fd6050fb000-7fd6050fd000 rw-p 00000000 00:00 0 
7fd6050fd000-7fd605100000 rw-p 000ad000 00:1f8 120262026777              /mnt/primary/conda-envs/semantic_uncertainty_export/lib/python3.11/site-packages/sklearn/utils/sparsefuncs_fast.cpython-311-x86_64-linux-gnu.so
7fd605100000-7fd605200000 rw-p 00000000 00:00 0 
7fd605200000-7fd607200000 rw-p 00000000 00:00 0 
7fd607200000-7fd607400000 rw-p 00000000 00:00 0 
7fd607400000-7fd607401000 ---p 00000000 00:00 0 
7fd607401000-7fd607c01000 rw-p 00000000 00:00 0 
7fd607c0b000-7fd607c12000 r--p 00000000 00:1f8 85912917561               /mnt/primary/conda-envs/semantic_uncertainty_export/lib/python3.11/site-packages/sklearn/metrics/_pairwise_distances_reduction/_argkmin.cpython-311-x86_64-linux-gnu.so
7fd607c12000-7fd607c3b000 r-xp 00007000 00:1f8 85912917561               /mnt/primary/conda-envs/semantic_uncertainty_export/lib/python3.11/site-packages/sklearn/metrics/_pairwise_distances_reduction/_argkmin.cpython-311-x86_64-linux-gnu.so
7fd607c3b000-7fd607c44000 r--p 00030000 00:1f8 85912917561               /mnt/primary/conda-envs/semantic_uncertainty_export/lib/python3.11/site-packages/sklearn/metrics/_pairwise_distances_reduction/_argkmin.cpython-311-x86_64-linux-gnu.so
7fd607c44000-7fd607c45000 r--p 00038000 00:1f8 85912917561               /mnt/primary/conda-envs/semantic_uncertainty_export/lib/python3.11/site-packages/sklearn/metrics/_pairwise_distances_reduction/_argkmin.cpython-311-x86_64-linux-gnu.so
7fd607c45000-7fd607c49000 rw-p 00039000 00:1f8 85912917561               /mnt/primary/conda-envs/semantic_uncertainty_export/lib/python3.11/site-packages/sklearn/metrics/_pairwise_distances_reduction/_argkmin.cpython-311-x86_64-linux-gnu.so
7fd607c49000-7fd607c4a000 rw-p 00000000 00:00 0 
7fd607c4a000-7fd607c4f000 rw-p 00051000 00:1f8 85912917561               /mnt/primary/conda-envs/semantic_uncertainty_export/lib/python3.11/site-packages/sklearn/metrics/_pairwise_distances_reduction/_argkmin.cpython-311-x86_64-linux-gnu.so
7fd607c4f000-7fd607c57000 r--p 00000000 00:1f8 107408755241              /mnt/primary/conda-envs/semantic_uncertainty_export/lib/python3.11/site-packages/sklearn/preprocessing/_csr_polynomial_expansion.cpython-311-x86_64-linux-gnu.so
7fd607c57000-7fd607c89000 r-xp 00008000 00:1f8 107408755241              /mnt/primary/conda-envs/semantic_uncertainty_export/lib/python3.11/site-packages/sklearn/preprocessing/_csr_polynomial_expansion.cpython-311-x86_64-linux-gnu.so
7fd607c89000-7fd607c92000 r--p 0003a000 00:1f8 107408755241              /mnt/primary/conda-envs/semantic_uncertainty_export/lib/python3.11/site-packages/sklearn/preprocessing/_csr_polynomial_expansion.cpython-311-x86_64-linux-gnu.so
7fd607c92000-7fd607c93000 r--p 00042000 00:1f8 107408755241              /mnt/primary/conda-envs/semantic_uncertainty_export/lib/python3.11/site-packages/sklearn/preprocessing/_csr_polynomial_expansion.cpython-311-x86_64-linux-gnu.so
7fd607c93000-7fd607c98000 rw-p 00043000 00:1f8 107408755241              /mnt/primary/conda-envs/semantic_uncertainty_export/lib/python3.11/site-packages/sklearn/preprocessing/_csr_polynomial_expansion.cpython-311-x86_64-linux-gnu.so
7fd607c98000-7fd607c99000 rw-p 00000000 00:00 0 
7fd607c99000-7fd607c9c000 rw-p 00054000 00:1f8 107408755241              /mnt/primary/conda-envs/semantic_uncertainty_export/lib/python3.11/site-packages/sklearn/preprocessing/_csr_polynomial_expansion.cpython-311-x86_64-linux-gnu.so
7fd607c9c000-7fd607ca1000 r--p 00000000 00:1f8 120262025723              /mnt/primary/conda-envs/semantic_uncertainty_export/lib/python3.11/site-packages/sklearn/utils/_logistic_sigmoid.cpython-311-x86_64-linux-gnu.so
7fd607ca1000-7fd607cb7000 r-xp 00005000 00:1f8 120262025723              /mnt/primary/conda-envs/semantic_uncertainty_export/lib/python3.11/site-packages/sklearn/utils/_logistic_sigmoid.cpython-311-x86_64-linux-gnu.so
7fd607cb7000-7fd607cbd000 r--p 0001b000 00:1f8 120262025723              /mnt/primary/conda-envs/semantic_uncertainty_export/lib/python3.11/site-packages/sklearn/utils/_logistic_sigmoid.cpython-311-x86_64-linux-gnu.so
7fd607cbd000-7fd607cbe000 r--p 00020000 00:1f8 120262025723              /mnt/primary/conda-envs/semantic_uncertainty_export/lib/python3.11/site-packages/sklearn/utils/_logistic_sigmoid.cpython-311-x86_64-linux-gnu.so
7fd607cbe000-7fd607cc1000 rw-p 00021000 00:1f8 120262025723              /mnt/primary/conda-envs/semantic_uncertainty_export/lib/python3.11/site-packages/sklearn/utils/_logistic_sigmoid.cpython-311-x86_64-linux-gnu.so
7fd607cc1000-7fd607cc4000 rw-p 0002b000 00:1f8 120262025723              /mnt/primary/conda-envs/semantic_uncertainty_export/lib/python3.11/site-packages/sklearn/utils/_logistic_sigmoid.cpython-311-x86_64-linux-gnu.so
7fd607cc4000-7fd607cc8000 r--p 00000000 00:1f8 135689858102              /mnt/primary/conda-envs/semantic_uncertainty_export/lib/python3.11/site-packages/lz4/frame/_frame.cpython-311-x86_64-linux-gnu.so
7fd607cc8000-7fd607cf7000 r-xp 00004000 00:1f8 135689858102              /mnt/primary/conda-envs/semantic_uncertainty_export/lib/python3.11/site-packages/lz4/frame/_frame.cpython-311-x86_64-linux-gnu.so
7fd607cf7000-7fd607cfe000 r--p 00033000 00:1f8 135689858102              /mnt/primary/conda-envs/semantic_uncertainty_export/lib/python3.11/site-packages/lz4/frame/_frame.cpython-311-x86_64-linux-gnu.so
7fd607cfe000-7fd607cff000 r--p 00039000 00:1f8 135689858102              /mnt/primary/conda-envs/semantic_uncertainty_export/lib/python3.11/site-packages/lz4/frame/_frame.cpython-311-x86_64-linux-gnu.so
7fd607cff000-7fd607d00000 rw-p 0003a000 00:1f8 135689858102              /mnt/primary/conda-envs/semantic_uncertainty_export/lib/python3.11/site-packages/lz4/frame/_frame.cpython-311-x86_64-linux-gnu.so
7fd607d00000-7fd607e00000 rw-p 00000000 00:00 0 
7fd607e00000-7fd609e00000 rw-p 00000000 00:00 0 
7fd609e00000-7fd60a000000 rw-p 00000000 00:00 0 
7fd60a000000-7fd60c000000 rw-p 00000000 00:00 0 
7fd60c000000-7fd60c200000 rw-p 00000000 00:00 0 
7fd60c200000-7fd60c201000 ---p 00000000 00:00 0 
7fd60c201000-7fd60ca01000 rw-p 00000000 00:00 0 
7fd60ca04000-7fd60ca07000 r--p 00000000 00:1f8 70898546225               /mnt/primary/conda-envs/semantic_uncertainty_export/lib/libtasn1.so.6.6.3
7fd60ca07000-7fd60ca13000 r-xp 00003000 00:1f8 70898546225               /mnt/primary/conda-envs/semantic_uncertainty_export/lib/libtasn1.so.6.6.3
7fd60ca13000-7fd60ca17000 r--p 0000f000 00:1f8 70898546225               /mnt/primary/conda-envs/semantic_uncertainty_export/lib/libtasn1.so.6.6.3
7fd60ca17000-7fd60ca18000 ---p 00013000 00:1f8 70898546225               /mnt/primary/conda-envs/semantic_uncertainty_export/lib/libtasn1.so.6.6.3
7fd60ca18000-7fd60ca19000 r--p 00013000 00:1f8 70898546225               /mnt/primary/conda-envs/semantic_uncertainty_export/lib/libtasn1.so.6.6.3
7fd60ca19000-7fd60ca1a000 rw-p 00014000 00:1f8 70898546225               /mnt/primary/conda-envs/semantic_uncertainty_export/lib/libtasn1.so.6.6.3
7fd60ca1a000-7fd60ca1c000 r--p 00000000 00:1f8 133230551071              /mnt/primary/conda-envs/semantic_uncertainty_export/lib/python3.11/site-packages/lz4/_version.cpython-311-x86_64-linux-gnu.so
7fd60ca1c000-7fd60ca35000 r-xp 00002000 00:1f8 133230551071              /mnt/primary/conda-envs/semantic_uncertainty_export/lib/python3.11/site-packages/lz4/_version.cpython-311-x86_64-linux-gnu.so
7fd60ca35000-7fd60ca36000 r--p 0001b000 00:1f8 133230551071              /mnt/primary/conda-envs/semantic_uncertainty_export/lib/python3.11/site-packages/lz4/_version.cpython-311-x86_64-linux-gnu.so
7fd60ca36000-7fd60ca37000 ---p 0001c000 00:1f8 133230551071              /mnt/primary/conda-envs/semantic_uncertainty_export/lib/python3.11/site-packages/lz4/_version.cpython-311-x86_64-linux-gnu.so
7fd60ca37000-7fd60ca38000 r--p 0001c000 00:1f8 133230551071              /mnt/primary/conda-envs/semantic_uncertainty_export/lib/python3.11/site-packages/lz4/_version.cpython-311-x86_64-linux-gnu.so
7fd60ca38000-7fd60ca39000 rw-p 0001d000 00:1f8 133230551071              /mnt/primary/conda-envs/semantic_uncertainty_export/lib/python3.11/site-packages/lz4/_version.cpython-311-x86_64-linux-gnu.so
7fd60ca39000-7fd60ca49000 r--p 00000000 00:1f8 83815412257               /mnt/primary/conda-envs/semantic_uncertainty_export/lib/python3.11/site-packages/regex/_regex.cpython-311-x86_64-linux-gnu.so
7fd60ca49000-7fd60ca80000 r-xp 00010000 00:1f8 83815412257               /mnt/primary/conda-envs/semantic_uncertainty_export/lib/python3.11/site-packages/regex/_regex.cpython-311-x86_64-linux-gnu.so
7fd60ca80000-7fd60caf6000 r--p 00047000 00:1f8 83815412257               /mnt/primary/conda-envs/semantic_uncertainty_export/lib/python3.11/site-packages/regex/_regex.cpython-311-x86_64-linux-gnu.so
7fd60caf6000-7fd60caf7000 r--p 000bc000 00:1f8 83815412257               /mnt/primary/conda-envs/semantic_uncertainty_export/lib/python3.11/site-packages/regex/_regex.cpython-311-x86_64-linux-gnu.so
7fd60caf7000-7fd60cb00000 rw-p 000bd000 00:1f8 83815412257               /mnt/primary/conda-envs/semantic_uncertainty_export/lib/python3.11/site-packages/regex/_regex.cpython-311-x86_64-linux-gnu.so
7fd60cb00000-7fd60cc00000 rw-p 00000000 00:00 0 
7fd60cc00000-7fd60ec00000 rw-p 00000000 00:00 0 
7fd60ec00000-7fd60ee00000 rw-p 00000000 00:00 0 
7fd60ee00000-7fd60ee01000 ---p 00000000 00:00 0 
7fd60ee01000-7fd60f601000 rw-p 00000000 00:00 0 
7fd60f607000-7fd60f609000 r--p 00000000 08:04 3232185261                 /usr/lib/jvm/java-11-openjdk-amd64/lib/libzip.so
7fd60f609000-7fd60f60e000 r-xp 00002000 08:04 3232185261                 /usr/lib/jvm/java-11-openjdk-amd64/lib/libzip.so
7fd60f60e000-7fd60f610000 r--p 00007000 08:04 3232185261                 /usr/lib/jvm/java-11-openjdk-amd64/lib/libzip.so
7fd60f610000-7fd60f611000 r--p 00008000 08:04 3232185261                 /usr/lib/jvm/java-11-openjdk-amd64/lib/libzip.so
7fd60f611000-7fd60f612000 rw-p 00009000 08:04 3232185261                 /usr/lib/jvm/java-11-openjdk-amd64/lib/libzip.so
7fd60f612000-7fd60f615000 r--p 00000000 00:1f8 103089116719              /mnt/primary/conda-envs/semantic_uncertainty_export/lib/python3.11/site-packages/brotli/_brotli.abi3.so
7fd60f615000-7fd60f655000 r-xp 00003000 00:1f8 103089116719              /mnt/primary/conda-envs/semantic_uncertainty_export/lib/python3.11/site-packages/brotli/_brotli.abi3.so
7fd60f655000-7fd60f6c3000 r--p 00043000 00:1f8 103089116719              /mnt/primary/conda-envs/semantic_uncertainty_export/lib/python3.11/site-packages/brotli/_brotli.abi3.so
7fd60f6c3000-7fd60f6c4000 r--p 000b0000 00:1f8 103089116719              /mnt/primary/conda-envs/semantic_uncertainty_export/lib/python3.11/site-packages/brotli/_brotli.abi3.so
7fd60f6c4000-7fd60f6c5000 rw-p 000b1000 00:1f8 103089116719              /mnt/primary/conda-envs/semantic_uncertainty_export/lib/python3.11/site-packages/brotli/_brotli.abi3.so
7fd60f6c5000-7fd60f6ce000 r--p 00000000 00:1f8 159264572967              /mnt/primary/conda-envs/semantic_uncertainty_export/lib/python3.11/site-packages/matplotlib/_image.cpython-311-x86_64-linux-gnu.so
7fd60f6ce000-7fd60f6f7000 r-xp 00009000 00:1f8 159264572967              /mnt/primary/conda-envs/semantic_uncertainty_export/lib/python3.11/site-packages/matplotlib/_image.cpython-311-x86_64-linux-gnu.so
7fd60f6f7000-7fd60f6fd000 r--p 00032000 00:1f8 159264572967              /mnt/primary/conda-envs/semantic_uncertainty_export/lib/python3.11/site-packages/matplotlib/_image.cpython-311-x86_64-linux-gnu.so
7fd60f6fd000-7fd60f6fe000 r--p 00037000 00:1f8 159264572967              /mnt/primary/conda-envs/semantic_uncertainty_export/lib/python3.11/site-packages/matplotlib/_image.cpython-311-x86_64-linux-gnu.so
7fd60f6fe000-7fd60f6ff000 rw-p 00038000 00:1f8 159264572967              /mnt/primary/conda-envs/semantic_uncertainty_export/lib/python3.11/site-packages/matplotlib/_image.cpython-311-x86_64-linux-gnu.so
7fd60f6ff000-7fd60f800000 rw-p 00000000 00:00 0 
7fd60f800000-7fd611800000 rw-p 00000000 00:00 0 
7fd611802000-7fd61180a000 r--p 00000000 00:1f8 98787895812               /mnt/primary/conda-envs/semantic_uncertainty_export/lib/python3.11/site-packages/_cffi_backend.cpython-311-x86_64-linux-gnu.so
7fd61180a000-7fd611821000 r-xp 00008000 00:1f8 98787895812               /mnt/primary/conda-envs/semantic_uncertainty_export/lib/python3.11/site-packages/_cffi_backend.cpython-311-x86_64-linux-gnu.so
7fd611821000-7fd61182c000 r--p 0001f000 00:1f8 98787895812               /mnt/primary/conda-envs/semantic_uncertainty_export/lib/python3.11/site-packages/_cffi_backend.cpython-311-x86_64-linux-gnu.so
7fd61182c000-7fd61182e000 r--p 00029000 00:1f8 98787895812               /mnt/primary/conda-envs/semantic_uncertainty_export/lib/python3.11/site-packages/_cffi_backend.cpython-311-x86_64-linux-gnu.so
7fd61182e000-7fd611831000 rw-p 0002b000 00:1f8 98787895812               /mnt/primary/conda-envs/semantic_uncertainty_export/lib/python3.11/site-packages/_cffi_backend.cpython-311-x86_64-linux-gnu.so
7fd611831000-7fd611934000 rw-p 00000000 00:00 0 
7fd611934000-7fd611945000 r--p 00000000 00:1f8 159264572985              /mnt/primary/conda-envs/semantic_uncertainty_export/lib/python3.11/site-packages/matplotlib/ft2font.cpython-311-x86_64-linux-gnu.so
7fd611945000-7fd6119cc000 r-xp 00011000 00:1f8 159264572985              /mnt/primary/conda-envs/semantic_uncertainty_export/lib/python3.11/site-packages/matplotlib/ft2font.cpython-311-x86_64-linux-gnu.so
7fd6119cc000-7fd6119f7000 r--p 00098000 00:1f8 159264572985              /mnt/primary/conda-envs/semantic_uncertainty_export/lib/python3.11/site-packages/matplotlib/ft2font.cpython-311-x86_64-linux-gnu.so
7fd6119f7000-7fd6119fd000 r--p 000c2000 00:1f8 159264572985              /mnt/primary/conda-envs/semantic_uncertainty_export/lib/python3.11/site-packages/matplotlib/ft2font.cpython-311-x86_64-linux-gnu.so
7fd6119fd000-7fd6119fe000 rw-p 000c8000 00:1f8 159264572985              /mnt/primary/conda-envs/semantic_uncertainty_export/lib/python3.11/site-packages/matplotlib/ft2font.cpython-311-x86_64-linux-gnu.so
7fd6119fe000-7fd611a00000 rw-p 00000000 00:00 0 
7fd611a00000-7fd613a00000 rw-p 00000000 00:00 0 
7fd613a00000-7fd613c00000 rw-p 00000000 00:00 0 
7fd613c00000-7fd615c00000 rw-p 00000000 00:00 0 
7fd615c00000-7fd615e00000 rw-p 00000000 00:00 0 
7fd615e00000-7fd617e00000 rw-p 00000000 00:00 0 
7fd617e01000-7fd617e06000 r--p 00000000 08:04 3232185260                 /usr/lib/jvm/java-11-openjdk-amd64/lib/libverify.so
7fd617e06000-7fd617e0d000 r-xp 00005000 08:04 3232185260                 /usr/lib/jvm/java-11-openjdk-amd64/lib/libverify.so
7fd617e0d000-7fd617e0f000 r--p 0000c000 08:04 3232185260                 /usr/lib/jvm/java-11-openjdk-amd64/lib/libverify.so
7fd617e0f000-7fd617e11000 r--p 0000d000 08:04 3232185260                 /usr/lib/jvm/java-11-openjdk-amd64/lib/libverify.so
7fd617e11000-7fd617e12000 rw-p 0000f000 08:04 3232185260                 /usr/lib/jvm/java-11-openjdk-amd64/lib/libverify.so
7fd617e12000-7fd617e15000 r--p 00000000 00:1f8 45438356003               /mnt/primary/conda-envs/semantic_uncertainty_export/lib/python3.11/lib-dynload/_multibytecodec.cpython-311-x86_64-linux-gnu.so
7fd617e15000-7fd617e1b000 r-xp 00003000 00:1f8 45438356003               /mnt/primary/conda-envs/semantic_uncertainty_export/lib/python3.11/lib-dynload/_multibytecodec.cpython-311-x86_64-linux-gnu.so
7fd617e1b000-7fd617e1d000 r--p 00009000 00:1f8 45438356003               /mnt/primary/conda-envs/semantic_uncertainty_export/lib/python3.11/lib-dynload/_multibytecodec.cpython-311-x86_64-linux-gnu.so
7fd617e1d000-7fd617e1e000 ---p 0000b000 00:1f8 45438356003               /mnt/primary/conda-envs/semantic_uncertainty_export/lib/python3.11/lib-dynload/_multibytecodec.cpython-311-x86_64-linux-gnu.so
7fd617e1e000-7fd617e1f000 r--p 0000b000 00:1f8 45438356003               /mnt/primary/conda-envs/semantic_uncertainty_export/lib/python3.11/lib-dynload/_multibytecodec.cpython-311-x86_64-linux-gnu.so
7fd617e1f000-7fd617e20000 rw-p 0000c000 00:1f8 45438356003               /mnt/primary/conda-envs/semantic_uncertainty_export/lib/python3.11/lib-dynload/_multibytecodec.cpython-311-x86_64-linux-gnu.so
7fd617e20000-7fd617e27000 r--p 00000000 00:1f8 165573261858              /mnt/primary/conda-envs/semantic_uncertainty_export/lib/python3.11/site-packages/kiwisolver/_cext.cpython-311-x86_64-linux-gnu.so
7fd617e27000-7fd617e4b000 r-xp 00007000 00:1f8 165573261858              /mnt/primary/conda-envs/semantic_uncertainty_export/lib/python3.11/site-packages/kiwisolver/_cext.cpython-311-x86_64-linux-gnu.so
7fd617e4b000-7fd617e51000 r--p 0002b000 00:1f8 165573261858              /mnt/primary/conda-envs/semantic_uncertainty_export/lib/python3.11/site-packages/kiwisolver/_cext.cpython-311-x86_64-linux-gnu.so
7fd617e51000-7fd617e52000 r--p 00030000 00:1f8 165573261858              /mnt/primary/conda-envs/semantic_uncertainty_export/lib/python3.11/site-packages/kiwisolver/_cext.cpython-311-x86_64-linux-gnu.so
7fd617e52000-7fd617e53000 rw-p 00031000 00:1f8 165573261858              /mnt/primary/conda-envs/semantic_uncertainty_export/lib/python3.11/site-packages/kiwisolver/_cext.cpython-311-x86_64-linux-gnu.so
7fd617e53000-7fd617e54000 rw-p 00000000 00:00 0 
7fd617e54000-7fd617e5e000 r--p 00000000 00:1f8 70898546191               /mnt/primary/conda-envs/semantic_uncertainty_export/lib/libLerc.so
7fd617e5e000-7fd617ee5000 r-xp 0000a000 00:1f8 70898546191               /mnt/primary/conda-envs/semantic_uncertainty_export/lib/libLerc.so
7fd617ee5000-7fd617eed000 r--p 00091000 00:1f8 70898546191               /mnt/primary/conda-envs/semantic_uncertainty_export/lib/libLerc.so
7fd617eed000-7fd617eee000 ---p 00099000 00:1f8 70898546191               /mnt/primary/conda-envs/semantic_uncertainty_export/lib/libLerc.so
7fd617eee000-7fd617eef000 r--p 00099000 00:1f8 70898546191               /mnt/primary/conda-envs/semantic_uncertainty_export/lib/libLerc.so
7fd617eef000-7fd617ef0000 rw-p 0009a000 00:1f8 70898546191               /mnt/primary/conda-envs/semantic_uncertainty_export/lib/libLerc.so
7fd617ef0000-7fd617efe000 r--p 00000000 00:1f8 70923272745               /mnt/primary/conda-envs/semantic_uncertainty_export/lib/libzstd.so.1.5.5
7fd617efe000-7fd617fe8000 r-xp 0000e000 00:1f8 70923272745               /mnt/primary/conda-envs/semantic_uncertainty_export/lib/libzstd.so.1.5.5
7fd617fe8000-7fd617ffd000 r--p 000f8000 00:1f8 70923272745               /mnt/primary/conda-envs/semantic_uncertainty_export/lib/libzstd.so.1.5.5
7fd617ffd000-7fd617ffe000 ---p 0010d000 00:1f8 70923272745               /mnt/primary/conda-envs/semantic_uncertainty_export/lib/libzstd.so.1.5.5
7fd617ffe000-7fd617fff000 r--p 0010d000 00:1f8 70923272745               /mnt/primary/conda-envs/semantic_uncertainty_export/lib/libzstd.so.1.5.5
7fd617fff000-7fd618000000 rw-p 0010e000 00:1f8 70923272745               /mnt/primary/conda-envs/semantic_uncertainty_export/lib/libzstd.so.1.5.5
7fd618000000-7fd618021000 rw-p 00000000 00:00 0 
7fd618021000-7fd61c000000 ---p 00000000 00:00 0 
7fd61c004000-7fd61c00e000 r--p 00000000 00:1f8 159266954755              /mnt/primary/conda-envs/semantic_uncertainty_export/lib/python3.11/site-packages/matplotlib/_path.cpython-311-x86_64-linux-gnu.so
7fd61c00e000-7fd61c030000 r-xp 0000a000 00:1f8 159266954755              /mnt/primary/conda-envs/semantic_uncertainty_export/lib/python3.11/site-packages/matplotlib/_path.cpython-311-x86_64-linux-gnu.so
7fd61c030000-7fd61c037000 r--p 0002c000 00:1f8 159266954755              /mnt/primary/conda-envs/semantic_uncertainty_export/lib/python3.11/site-packages/matplotlib/_path.cpython-311-x86_64-linux-gnu.so
7fd61c037000-7fd61c038000 r--p 00032000 00:1f8 159266954755              /mnt/primary/conda-envs/semantic_uncertainty_export/lib/python3.11/site-packages/matplotlib/_path.cpython-311-x86_64-linux-gnu.so
7fd61c038000-7fd61c039000 rw-p 00033000 00:1f8 159266954755              /mnt/primary/conda-envs/semantic_uncertainty_export/lib/python3.11/site-packages/matplotlib/_path.cpython-311-x86_64-linux-gnu.so
7fd61c039000-7fd61c03a000 rw-p 00000000 00:00 0 
7fd61c03a000-7fd61c03d000 r--p 00000000 00:1f8 70898546233               /mnt/primary/conda-envs/semantic_uncertainty_export/lib/libwebp.so.7.1.8
7fd61c03d000-7fd61c0ad000 r-xp 00003000 00:1f8 70898546233               /mnt/primary/conda-envs/semantic_uncertainty_export/lib/libwebp.so.7.1.8
7fd61c0ad000-7fd61c0c1000 r--p 00073000 00:1f8 70898546233               /mnt/primary/conda-envs/semantic_uncertainty_export/lib/libwebp.so.7.1.8
7fd61c0c1000-7fd61c0c2000 r--p 00086000 00:1f8 70898546233               /mnt/primary/conda-envs/semantic_uncertainty_export/lib/libwebp.so.7.1.8
7fd61c0c2000-7fd61c0c3000 rw-p 00087000 00:1f8 70898546233               /mnt/primary/conda-envs/semantic_uncertainty_export/lib/libwebp.so.7.1.8
7fd61c0c3000-7fd61c0c4000 rw-p 00000000 00:00 0 
7fd61c0c4000-7fd61c0cd000 r--p 00000000 00:1f8 70924951580               /mnt/primary/conda-envs/semantic_uncertainty_export/lib/libtiff.so.6.0.1
7fd61c0cd000-7fd61c11b000 r-xp 00009000 00:1f8 70924951580               /mnt/primary/conda-envs/semantic_uncertainty_export/lib/libtiff.so.6.0.1
7fd61c11b000-7fd61c14b000 r--p 00057000 00:1f8 70924951580               /mnt/primary/conda-envs/semantic_uncertainty_export/lib/libtiff.so.6.0.1
7fd61c14b000-7fd61c14c000 ---p 00087000 00:1f8 70924951580               /mnt/primary/conda-envs/semantic_uncertainty_export/lib/libtiff.so.6.0.1
7fd61c14c000-7fd61c151000 r--p 00087000 00:1f8 70924951580               /mnt/primary/conda-envs/semantic_uncertainty_export/lib/libtiff.so.6.0.1
7fd61c151000-7fd61c152000 rw-p 0008c000 00:1f8 70924951580               /mnt/primary/conda-envs/semantic_uncertainty_export/lib/libtiff.so.6.0.1
7fd61c152000-7fd61c15b000 r--p 00000000 00:1f8 70925107724               /mnt/primary/conda-envs/semantic_uncertainty_export/lib/libopenjp2.so.2.4.0
7fd61c15b000-7fd61c1a2000 r-xp 00009000 00:1f8 70925107724               /mnt/primary/conda-envs/semantic_uncertainty_export/lib/libopenjp2.so.2.4.0
7fd61c1a2000-7fd61c1b3000 r--p 00050000 00:1f8 70925107724               /mnt/primary/conda-envs/semantic_uncertainty_export/lib/libopenjp2.so.2.4.0
7fd61c1b3000-7fd61c1b5000 r--p 00060000 00:1f8 70925107724               /mnt/primary/conda-envs/semantic_uncertainty_export/lib/libopenjp2.so.2.4.0
7fd61c1b5000-7fd61c1b6000 rw-p 00062000 00:1f8 70925107724               /mnt/primary/conda-envs/semantic_uncertainty_export/lib/libopenjp2.so.2.4.0
7fd61c1b6000-7fd61c1bb000 r--p 00000000 00:1f8 70898546186               /mnt/primary/conda-envs/semantic_uncertainty_export/lib/libjpeg.so.9.5.0
7fd61c1bb000-7fd61c1e9000 r-xp 00005000 00:1f8 70898546186               /mnt/primary/conda-envs/semantic_uncertainty_export/lib/libjpeg.so.9.5.0
7fd61c1e9000-7fd61c1f2000 r--p 00033000 00:1f8 70898546186               /mnt/primary/conda-envs/semantic_uncertainty_export/lib/libjpeg.so.9.5.0
7fd61c1f2000-7fd61c1f3000 ---p 0003c000 00:1f8 70898546186               /mnt/primary/conda-envs/semantic_uncertainty_export/lib/libjpeg.so.9.5.0
7fd61c1f3000-7fd61c1f4000 r--p 0003c000 00:1f8 70898546186               /mnt/primary/conda-envs/semantic_uncertainty_export/lib/libjpeg.so.9.5.0
7fd61c1f4000-7fd61c1f5000 rw-p 0003d000 00:1f8 70898546186               /mnt/primary/conda-envs/semantic_uncertainty_export/lib/libjpeg.so.9.5.0
7fd61c1f5000-7fd61c20a000 r--p 00000000 00:1f8 161061898268              /mnt/primary/conda-envs/semantic_uncertainty_export/lib/python3.11/site-packages/PIL/_imaging.cpython-311-x86_64-linux-gnu.so
7fd61c20a000-7fd61c263000 r-xp 00015000 00:1f8 161061898268              /mnt/primary/conda-envs/semantic_uncertainty_export/lib/python3.11/site-packages/PIL/_imaging.cpython-311-x86_64-linux-gnu.so
7fd61c263000-7fd61c273000 r--p 0006e000 00:1f8 161061898268              /mnt/primary/conda-envs/semantic_uncertainty_export/lib/python3.11/site-packages/PIL/_imaging.cpython-311-x86_64-linux-gnu.so
7fd61c273000-7fd61c278000 r--p 0007d000 00:1f8 161061898268              /mnt/primary/conda-envs/semantic_uncertainty_export/lib/python3.11/site-packages/PIL/_imaging.cpython-311-x86_64-linux-gnu.so
7fd61c278000-7fd61c27b000 rw-p 00082000 00:1f8 161061898268              /mnt/primary/conda-envs/semantic_uncertainty_export/lib/python3.11/site-packages/PIL/_imaging.cpython-311-x86_64-linux-gnu.so
7fd61c27b000-7fd61c37b000 rw-p 00000000 00:00 0 
7fd61c37b000-7fd61c382000 r--p 00000000 00:1f8 80070846498               /mnt/primary/conda-envs/semantic_uncertainty_export/lib/python3.11/site-packages/scipy/stats/_rcont/rcont.cpython-311-x86_64-linux-gnu.so
7fd61c382000-7fd61c3a9000 r-xp 00007000 00:1f8 80070846498               /mnt/primary/conda-envs/semantic_uncertainty_export/lib/python3.11/site-packages/scipy/stats/_rcont/rcont.cpython-311-x86_64-linux-gnu.so
7fd61c3a9000-7fd61c3b7000 r--p 0002e000 00:1f8 80070846498               /mnt/primary/conda-envs/semantic_uncertainty_export/lib/python3.11/site-packages/scipy/stats/_rcont/rcont.cpython-311-x86_64-linux-gnu.so
7fd61c3b7000-7fd61c3b8000 r--p 0003b000 00:1f8 80070846498               /mnt/primary/conda-envs/semantic_uncertainty_export/lib/python3.11/site-packages/scipy/stats/_rcont/rcont.cpython-311-x86_64-linux-gnu.so
7fd61c3b8000-7fd61c3bb000 rw-p 0003c000 00:1f8 80070846498               /mnt/primary/conda-envs/semantic_uncertainty_export/lib/python3.11/site-packages/scipy/stats/_rcont/rcont.cpython-311-x86_64-linux-gnu.so
7fd61c3bb000-7fd61c4bc000 rw-p 00000000 00:00 0 
7fd61c4bc000-7fd61c4be000 r--p 00000000 00:1f8 73089433150               /mnt/primary/conda-envs/semantic_uncertainty_export/lib/python3.11/site-packages/scipy/stats/_mvn.cpython-311-x86_64-linux-gnu.so
7fd61c4be000-7fd61c4c7000 r-xp 00002000 00:1f8 73089433150               /mnt/primary/conda-envs/semantic_uncertainty_export/lib/python3.11/site-packages/scipy/stats/_mvn.cpython-311-x86_64-linux-gnu.so
7fd61c4c7000-7fd61c4cd000 r--p 0000b000 00:1f8 73089433150               /mnt/primary/conda-envs/semantic_uncertainty_export/lib/python3.11/site-packages/scipy/stats/_mvn.cpython-311-x86_64-linux-gnu.so
7fd61c4cd000-7fd61c4ce000 r--p 00010000 00:1f8 73089433150               /mnt/primary/conda-envs/semantic_uncertainty_export/lib/python3.11/site-packages/scipy/stats/_mvn.cpython-311-x86_64-linux-gnu.so
7fd61c4ce000-7fd61c4d0000 rw-p 00011000 00:1f8 73089433150               /mnt/primary/conda-envs/semantic_uncertainty_export/lib/python3.11/site-packages/scipy/stats/_mvn.cpython-311-x86_64-linux-gnu.so
7fd61c4d0000-7fd61c5c7000 rw-p 00000000 00:00 0 
7fd61c5c7000-7fd61c5ce000 r--p 00000000 00:1f8 73089433130               /mnt/primary/conda-envs/semantic_uncertainty_export/lib/python3.11/site-packages/scipy/stats/_qmc_cy.cpython-311-x86_64-linux-gnu.so
7fd61c5ce000-7fd61c5f3000 r-xp 00007000 00:1f8 73089433130               /mnt/primary/conda-envs/semantic_uncertainty_export/lib/python3.11/site-packages/scipy/stats/_qmc_cy.cpython-311-x86_64-linux-gnu.so
7fd61c5f3000-7fd61c5fb000 r--p 0002c000 00:1f8 73089433130               /mnt/primary/conda-envs/semantic_uncertainty_export/lib/python3.11/site-packages/scipy/stats/_qmc_cy.cpython-311-x86_64-linux-gnu.so
7fd61c5fb000-7fd61c5fc000 r--p 00033000 00:1f8 73089433130               /mnt/primary/conda-envs/semantic_uncertainty_export/lib/python3.11/site-packages/scipy/stats/_qmc_cy.cpython-311-x86_64-linux-gnu.so
7fd61c5fc000-7fd61c5ff000 rw-p 00034000 00:1f8 73089433130               /mnt/primary/conda-envs/semantic_uncertainty_export/lib/python3.11/site-packages/scipy/stats/_qmc_cy.cpython-311-x86_64-linux-gnu.so
7fd61c5ff000-7fd61c600000 rw-p 00000000 00:00 0 
7fd61c600000-7fd61c601000 ---p 00000000 00:00 0 
7fd61c601000-7fd61ce01000 rw-p 00000000 00:00 0 
7fd61ce02000-7fd61cf02000 rw-p 00000000 00:00 0 
7fd61cf02000-7fd61cf09000 r--p 00000000 00:1f8 43233973784               /mnt/primary/conda-envs/semantic_uncertainty_export/lib/python3.11/site-packages/scipy/fft/_pocketfft/pypocketfft.cpython-311-x86_64-linux-gnu.so
7fd61cf09000-7fd61cfe1000 r-xp 00007000 00:1f8 43233973784               /mnt/primary/conda-envs/semantic_uncertainty_export/lib/python3.11/site-packages/scipy/fft/_pocketfft/pypocketfft.cpython-311-x86_64-linux-gnu.so
7fd61cfe1000-7fd61cffb000 r--p 000df000 00:1f8 43233973784               /mnt/primary/conda-envs/semantic_uncertainty_export/lib/python3.11/site-packages/scipy/fft/_pocketfft/pypocketfft.cpython-311-x86_64-linux-gnu.so
7fd61cffb000-7fd61cffc000 ---p 000f9000 00:1f8 43233973784               /mnt/primary/conda-envs/semantic_uncertainty_export/lib/python3.11/site-packages/scipy/fft/_pocketfft/pypocketfft.cpython-311-x86_64-linux-gnu.so
7fd61cffc000-7fd61cffd000 r--p 000f9000 00:1f8 43233973784               /mnt/primary/conda-envs/semantic_uncertainty_export/lib/python3.11/site-packages/scipy/fft/_pocketfft/pypocketfft.cpython-311-x86_64-linux-gnu.so
7fd61cffd000-7fd61cffe000 rw-p 000fa000 00:1f8 43233973784               /mnt/primary/conda-envs/semantic_uncertainty_export/lib/python3.11/site-packages/scipy/fft/_pocketfft/pypocketfft.cpython-311-x86_64-linux-gnu.so
7fd61cffe000-7fd61d000000 rw-p 00000000 00:00 0 
7fd61d000000-7fd61d001000 ---p 00000000 00:00 0 
7fd61d001000-7fd61d801000 rw-p 00000000 00:00 0 
7fd61d803000-7fd61d806000 r--p 00000000 00:1f8 161061898270              /mnt/primary/conda-envs/semantic_uncertainty_export/lib/python3.11/site-packages/PIL/_imagingft.cpython-311-x86_64-linux-gnu.so
7fd61d806000-7fd61d809000 r-xp 00003000 00:1f8 161061898270              /mnt/primary/conda-envs/semantic_uncertainty_export/lib/python3.11/site-packages/PIL/_imagingft.cpython-311-x86_64-linux-gnu.so
7fd61d809000-7fd61d80b000 r--p 00006000 00:1f8 161061898270              /mnt/primary/conda-envs/semantic_uncertainty_export/lib/python3.11/site-packages/PIL/_imagingft.cpython-311-x86_64-linux-gnu.so
7fd61d80b000-7fd61d80c000 r--p 00007000 00:1f8 161061898270              /mnt/primary/conda-envs/semantic_uncertainty_export/lib/python3.11/site-packages/PIL/_imagingft.cpython-311-x86_64-linux-gnu.so
7fd61d80c000-7fd61d80d000 rw-p 00008000 00:1f8 161061898270              /mnt/primary/conda-envs/semantic_uncertainty_export/lib/python3.11/site-packages/PIL/_imagingft.cpython-311-x86_64-linux-gnu.so
7fd61d80d000-7fd61d811000 r--p 00000000 00:1f8 131461243965              /mnt/primary/conda-envs/semantic_uncertainty_export/lib/python3.11/site-packages/wrapt/_wrappers.cpython-311-x86_64-linux-gnu.so
7fd61d811000-7fd61d816000 r-xp 00004000 00:1f8 131461243965              /mnt/primary/conda-envs/semantic_uncertainty_export/lib/python3.11/site-packages/wrapt/_wrappers.cpython-311-x86_64-linux-gnu.so
7fd61d816000-7fd61d818000 r--p 00009000 00:1f8 131461243965              /mnt/primary/conda-envs/semantic_uncertainty_export/lib/python3.11/site-packages/wrapt/_wrappers.cpython-311-x86_64-linux-gnu.so
7fd61d818000-7fd61d819000 r--p 0000a000 00:1f8 131461243965              /mnt/primary/conda-envs/semantic_uncertainty_export/lib/python3.11/site-packages/wrapt/_wrappers.cpython-311-x86_64-linux-gnu.so
7fd61d819000-7fd61d81b000 rw-p 0000b000 00:1f8 131461243965              /mnt/primary/conda-envs/semantic_uncertainty_export/lib/python3.11/site-packages/wrapt/_wrappers.cpython-311-x86_64-linux-gnu.so
7fd61d81b000-7fd61d81c000 r--p 00000000 00:1f8 70898546196               /mnt/primary/conda-envs/semantic_uncertainty_export/lib/libdeflate.so.0
7fd61d81c000-7fd61d829000 r-xp 00001000 00:1f8 70898546196               /mnt/primary/conda-envs/semantic_uncertainty_export/lib/libdeflate.so.0
7fd61d829000-7fd61d82e000 r--p 0000e000 00:1f8 70898546196               /mnt/primary/conda-envs/semantic_uncertainty_export/lib/libdeflate.so.0
7fd61d82e000-7fd61d82f000 r--p 00012000 00:1f8 70898546196               /mnt/primary/conda-envs/semantic_uncertainty_export/lib/libdeflate.so.0
7fd61d82f000-7fd61d830000 rw-p 00013000 00:1f8 70898546196               /mnt/primary/conda-envs/semantic_uncertainty_export/lib/libdeflate.so.0
7fd61d830000-7fd61d837000 r--p 00000000 00:1f8 73089433147               /mnt/primary/conda-envs/semantic_uncertainty_export/lib/python3.11/site-packages/scipy/stats/_sobol.cpython-311-x86_64-linux-gnu.so
7fd61d837000-7fd61d86b000 r-xp 00007000 00:1f8 73089433147               /mnt/primary/conda-envs/semantic_uncertainty_export/lib/python3.11/site-packages/scipy/stats/_sobol.cpython-311-x86_64-linux-gnu.so
7fd61d86b000-7fd61d874000 r--p 0003b000 00:1f8 73089433147               /mnt/primary/conda-envs/semantic_uncertainty_export/lib/python3.11/site-packages/scipy/stats/_sobol.cpython-311-x86_64-linux-gnu.so
7fd61d874000-7fd61d875000 r--p 00043000 00:1f8 73089433147               /mnt/primary/conda-envs/semantic_uncertainty_export/lib/python3.11/site-packages/scipy/stats/_sobol.cpython-311-x86_64-linux-gnu.so
7fd61d875000-7fd61d87a000 rw-p 00044000 00:1f8 73089433147               /mnt/primary/conda-envs/semantic_uncertainty_export/lib/python3.11/site-packages/scipy/stats/_sobol.cpython-311-x86_64-linux-gnu.so
7fd61d87a000-7fd61d87b000 rw-p 00000000 00:00 0 
7fd61d87b000-7fd61d87f000 r--p 00000000 00:1f8 55935434274               /mnt/primary/conda-envs/semantic_uncertainty_export/lib/python3.11/site-packages/scipy/_lib/_uarray/_uarray.cpython-311-x86_64-linux-gnu.so
7fd61d87f000-7fd61d891000 r-xp 00004000 00:1f8 55935434274               /mnt/primary/conda-envs/semantic_uncertainty_export/lib/python3.11/site-packages/scipy/_lib/_uarray/_uarray.cpython-311-x86_64-linux-gnu.so
7fd61d891000-7fd61d897000 r--p 00016000 00:1f8 55935434274               /mnt/primary/conda-envs/semantic_uncertainty_export/lib/python3.11/site-packages/scipy/_lib/_uarray/_uarray.cpython-311-x86_64-linux-gnu.so
7fd61d897000-7fd61d898000 r--p 0001b000 00:1f8 55935434274               /mnt/primary/conda-envs/semantic_uncertainty_export/lib/python3.11/site-packages/scipy/_lib/_uarray/_uarray.cpython-311-x86_64-linux-gnu.so
7fd61d898000-7fd61d899000 rw-p 0001c000 00:1f8 55935434274               /mnt/primary/conda-envs/semantic_uncertainty_export/lib/python3.11/site-packages/scipy/_lib/_uarray/_uarray.cpython-311-x86_64-linux-gnu.so
7fd61d899000-7fd61d89d000 r--p 00000000 00:1f8 73089433136               /mnt/primary/conda-envs/semantic_uncertainty_export/lib/python3.11/site-packages/scipy/stats/_stats_pythran.cpython-311-x86_64-linux-gnu.so
7fd61d89d000-7fd61d8b2000 r-xp 00004000 00:1f8 73089433136               /mnt/primary/conda-envs/semantic_uncertainty_export/lib/python3.11/site-packages/scipy/stats/_stats_pythran.cpython-311-x86_64-linux-gnu.so
7fd61d8b2000-7fd61d8b7000 r--p 00019000 00:1f8 73089433136               /mnt/primary/conda-envs/semantic_uncertainty_export/lib/python3.11/site-packages/scipy/stats/_stats_pythran.cpython-311-x86_64-linux-gnu.so
7fd61d8b7000-7fd61d8b8000 r--p 0001d000 00:1f8 73089433136               /mnt/primary/conda-envs/semantic_uncertainty_export/lib/python3.11/site-packages/scipy/stats/_stats_pythran.cpython-311-x86_64-linux-gnu.so
7fd61d8b8000-7fd61d8b9000 rw-p 0001e000 00:1f8 73089433136               /mnt/primary/conda-envs/semantic_uncertainty_export/lib/python3.11/site-packages/scipy/stats/_stats_pythran.cpython-311-x86_64-linux-gnu.so
7fd61d8b9000-7fd61d8bf000 r--p 00000000 00:1f8 73087765042               /mnt/primary/conda-envs/semantic_uncertainty_export/lib/python3.11/site-packages/scipy/stats/_biasedurn.cpython-311-x86_64-linux-gnu.so
7fd61d8bf000-7fd61d8ea000 r-xp 00006000 00:1f8 73087765042               /mnt/primary/conda-envs/semantic_uncertainty_export/lib/python3.11/site-packages/scipy/stats/_biasedurn.cpython-311-x86_64-linux-gnu.so
7fd61d8ea000-7fd61d8fa000 r--p 00031000 00:1f8 73087765042               /mnt/primary/conda-envs/semantic_uncertainty_export/lib/python3.11/site-packages/scipy/stats/_biasedurn.cpython-311-x86_64-linux-gnu.so
7fd61d8fa000-7fd61d8fb000 r--p 00040000 00:1f8 73087765042               /mnt/primary/conda-envs/semantic_uncertainty_export/lib/python3.11/site-packages/scipy/stats/_biasedurn.cpython-311-x86_64-linux-gnu.so
7fd61d8fb000-7fd61d8fe000 rw-p 00041000 00:1f8 73087765042               /mnt/primary/conda-envs/semantic_uncertainty_export/lib/python3.11/site-packages/scipy/stats/_biasedurn.cpython-311-x86_64-linux-gnu.so
7fd61d8fe000-7fd61da00000 rw-p 00000000 00:00 0 
7fd61da00000-7fd61fa00000 rw-p 00000000 00:00 0 
7fd61fa09000-7fd61fa10000 r--p 00000000 00:1f8 126756728877              /mnt/primary/conda-envs/semantic_uncertainty_export/lib/python3.11/site-packages/scipy/interpolate/_rgi_cython.cpython-311-x86_64-linux-gnu.so
7fd61fa10000-7fd61fa37000 r-xp 00007000 00:1f8 126756728877              /mnt/primary/conda-envs/semantic_uncertainty_export/lib/python3.11/site-packages/scipy/interpolate/_rgi_cython.cpython-311-x86_64-linux-gnu.so
7fd61fa37000-7fd61fa3f000 r--p 0002e000 00:1f8 126756728877              /mnt/primary/conda-envs/semantic_uncertainty_export/lib/python3.11/site-packages/scipy/interpolate/_rgi_cython.cpython-311-x86_64-linux-gnu.so
7fd61fa3f000-7fd61fa40000 r--p 00035000 00:1f8 126756728877              /mnt/primary/conda-envs/semantic_uncertainty_export/lib/python3.11/site-packages/scipy/interpolate/_rgi_cython.cpython-311-x86_64-linux-gnu.so
7fd61fa40000-7fd61fa44000 rw-p 00036000 00:1f8 126756728877              /mnt/primary/conda-envs/semantic_uncertainty_export/lib/python3.11/site-packages/scipy/interpolate/_rgi_cython.cpython-311-x86_64-linux-gnu.so
7fd61fa44000-7fd61fa48000 r--p 00000000 00:1f8 126726910078              /mnt/primary/conda-envs/semantic_uncertainty_export/lib/python3.11/site-packages/scipy/interpolate/_rbfinterp_pythran.cpython-311-x86_64-linux-gnu.so
7fd61fa48000-7fd61fa74000 r-xp 00004000 00:1f8 126726910078              /mnt/primary/conda-envs/semantic_uncertainty_export/lib/python3.11/site-packages/scipy/interpolate/_rbfinterp_pythran.cpython-311-x86_64-linux-gnu.so
7fd61fa74000-7fd61fa7a000 r--p 00030000 00:1f8 126726910078              /mnt/primary/conda-envs/semantic_uncertainty_export/lib/python3.11/site-packages/scipy/interpolate/_rbfinterp_pythran.cpython-311-x86_64-linux-gnu.so
7fd61fa7a000-7fd61fa7b000 r--p 00035000 00:1f8 126726910078              /mnt/primary/conda-envs/semantic_uncertainty_export/lib/python3.11/site-packages/scipy/interpolate/_rbfinterp_pythran.cpython-311-x86_64-linux-gnu.so
7fd61fa7b000-7fd61fa7c000 rw-p 00036000 00:1f8 126726910078              /mnt/primary/conda-envs/semantic_uncertainty_export/lib/python3.11/site-packages/scipy/interpolate/_rbfinterp_pythran.cpython-311-x86_64-linux-gnu.so
7fd61fa7c000-7fd61fa84000 r--p 00000000 00:1f8 126756728874              /mnt/primary/conda-envs/semantic_uncertainty_export/lib/python3.11/site-packages/scipy/interpolate/interpnd.cpython-311-x86_64-linux-gnu.so
7fd61fa84000-7fd61fac4000 r-xp 00008000 00:1f8 126756728874              /mnt/primary/conda-envs/semantic_uncertainty_export/lib/python3.11/site-packages/scipy/interpolate/interpnd.cpython-311-x86_64-linux-gnu.so
7fd61fac4000-7fd61facf000 r--p 00048000 00:1f8 126756728874              /mnt/primary/conda-envs/semantic_uncertainty_export/lib/python3.11/site-packages/scipy/interpolate/interpnd.cpython-311-x86_64-linux-gnu.so
7fd61facf000-7fd61fad0000 r--p 00052000 00:1f8 126756728874              /mnt/primary/conda-envs/semantic_uncertainty_export/lib/python3.11/site-packages/scipy/interpolate/interpnd.cpython-311-x86_64-linux-gnu.so
7fd61fad0000-7fd61fad5000 rw-p 00053000 00:1f8 126756728874              /mnt/primary/conda-envs/semantic_uncertainty_export/lib/python3.11/site-packages/scipy/interpolate/interpnd.cpython-311-x86_64-linux-gnu.so
7fd61fad5000-7fd61fad6000 rw-p 00000000 00:00 0 
7fd61fad6000-7fd61fade000 r--p 00000000 00:1f8 126756728871              /mnt/primary/conda-envs/semantic_uncertainty_export/lib/python3.11/site-packages/scipy/interpolate/_ppoly.cpython-311-x86_64-linux-gnu.so
7fd61fade000-7fd61fb1d000 r-xp 00008000 00:1f8 126756728871              /mnt/primary/conda-envs/semantic_uncertainty_export/lib/python3.11/site-packages/scipy/interpolate/_ppoly.cpython-311-x86_64-linux-gnu.so
7fd61fb1d000-7fd61fb26000 r--p 00047000 00:1f8 126756728871              /mnt/primary/conda-envs/semantic_uncertainty_export/lib/python3.11/site-packages/scipy/interpolate/_ppoly.cpython-311-x86_64-linux-gnu.so
7fd61fb26000-7fd61fb27000 r--p 0004f000 00:1f8 126756728871              /mnt/primary/conda-envs/semantic_uncertainty_export/lib/python3.11/site-packages/scipy/interpolate/_ppoly.cpython-311-x86_64-linux-gnu.so
7fd61fb27000-7fd61fb2d000 rw-p 00050000 00:1f8 126756728871              /mnt/primary/conda-envs/semantic_uncertainty_export/lib/python3.11/site-packages/scipy/interpolate/_ppoly.cpython-311-x86_64-linux-gnu.so
7fd61fb2d000-7fd61fb2e000 rw-p 00000000 00:00 0 
7fd61fb2e000-7fd61fd1e000 r--p 00000000 00:1f8 70924951599               /mnt/primary/conda-envs/semantic_uncertainty_export/lib/libmkl_core.so.2
7fd61fd1e000-7fd623442000 r-xp 001f0000 00:1f8 70924951599               /mnt/primary/conda-envs/semantic_uncertainty_export/lib/libmkl_core.so.2
7fd623442000-7fd623eaf000 r--p 03914000 00:1f8 70924951599               /mnt/primary/conda-envs/semantic_uncertainty_export/lib/libmkl_core.so.2
7fd623eaf000-7fd623eb6000 r--p 04380000 00:1f8 70924951599               /mnt/primary/conda-envs/semantic_uncertainty_export/lib/libmkl_core.so.2
7fd623eb6000-7fd623ee6000 rw-p 04387000 00:1f8 70924951599               /mnt/primary/conda-envs/semantic_uncertainty_export/lib/libmkl_core.so.2
7fd623ee6000-7fd623f0f000 rw-p 00000000 00:00 0 
7fd623f0f000-7fd624000000 rw-p 046cd000 00:1f8 70924951599               /mnt/primary/conda-envs/semantic_uncertainty_export/lib/libmkl_core.so.2
7fd624000000-7fd624021000 rw-p 00000000 00:00 0 
7fd624021000-7fd628000000 ---p 00000000 00:00 0 
7fd628007000-7fd62800b000 r--p 00000000 00:1f8 45438355996               /mnt/primary/conda-envs/semantic_uncertainty_export/lib/python3.11/lib-dynload/_elementtree.cpython-311-x86_64-linux-gnu.so
7fd62800b000-7fd628014000 r-xp 00004000 00:1f8 45438355996               /mnt/primary/conda-envs/semantic_uncertainty_export/lib/python3.11/lib-dynload/_elementtree.cpython-311-x86_64-linux-gnu.so
7fd628014000-7fd628018000 r--p 0000d000 00:1f8 45438355996               /mnt/primary/conda-envs/semantic_uncertainty_export/lib/python3.11/lib-dynload/_elementtree.cpython-311-x86_64-linux-gnu.so
7fd628018000-7fd628019000 r--p 00010000 00:1f8 45438355996               /mnt/primary/conda-envs/semantic_uncertainty_export/lib/python3.11/lib-dynload/_elementtree.cpython-311-x86_64-linux-gnu.so
7fd628019000-7fd62801b000 rw-p 00011000 00:1f8 45438355996               /mnt/primary/conda-envs/semantic_uncertainty_export/lib/python3.11/lib-dynload/_elementtree.cpython-311-x86_64-linux-gnu.so
7fd62801b000-7fd628022000 r--p 00000000 00:1f8 126756728892              /mnt/primary/conda-envs/semantic_uncertainty_export/lib/python3.11/site-packages/scipy/interpolate/_bspl.cpython-311-x86_64-linux-gnu.so
7fd628022000-7fd628056000 r-xp 00007000 00:1f8 126756728892              /mnt/primary/conda-envs/semantic_uncertainty_export/lib/python3.11/site-packages/scipy/interpolate/_bspl.cpython-311-x86_64-linux-gnu.so
7fd628056000-7fd62805f000 r--p 0003b000 00:1f8 126756728892              /mnt/primary/conda-envs/semantic_uncertainty_export/lib/python3.11/site-packages/scipy/interpolate/_bspl.cpython-311-x86_64-linux-gnu.so
7fd62805f000-7fd628060000 r--p 00043000 00:1f8 126756728892              /mnt/primary/conda-envs/semantic_uncertainty_export/lib/python3.11/site-packages/scipy/interpolate/_bspl.cpython-311-x86_64-linux-gnu.so
7fd628060000-7fd628066000 rw-p 00044000 00:1f8 126756728892              /mnt/primary/conda-envs/semantic_uncertainty_export/lib/python3.11/site-packages/scipy/interpolate/_bspl.cpython-311-x86_64-linux-gnu.so
7fd628066000-7fd628067000 rw-p 00000000 00:00 0 
7fd628067000-7fd62806b000 r--p 00000000 00:1f8 126756728880              /mnt/primary/conda-envs/semantic_uncertainty_export/lib/python3.11/site-packages/scipy/interpolate/dfitpack.cpython-311-x86_64-linux-gnu.so
7fd62806b000-7fd6280a7000 r-xp 00004000 00:1f8 126756728880              /mnt/primary/conda-envs/semantic_uncertainty_export/lib/python3.11/site-packages/scipy/interpolate/dfitpack.cpython-311-x86_64-linux-gnu.so
7fd6280a7000-7fd6280b2000 r--p 00040000 00:1f8 126756728880              /mnt/primary/conda-envs/semantic_uncertainty_export/lib/python3.11/site-packages/scipy/interpolate/dfitpack.cpython-311-x86_64-linux-gnu.so
7fd6280b2000-7fd6280b3000 ---p 0004b000 00:1f8 126756728880              /mnt/primary/conda-envs/semantic_uncertainty_export/lib/python3.11/site-packages/scipy/interpolate/dfitpack.cpython-311-x86_64-linux-gnu.so
7fd6280b3000-7fd6280b4000 r--p 0004b000 00:1f8 126756728880              /mnt/primary/conda-envs/semantic_uncertainty_export/lib/python3.11/site-packages/scipy/interpolate/dfitpack.cpython-311-x86_64-linux-gnu.so
7fd6280b4000-7fd6280bc000 rw-p 0004c000 00:1f8 126756728880              /mnt/primary/conda-envs/semantic_uncertainty_export/lib/python3.11/site-packages/scipy/interpolate/dfitpack.cpython-311-x86_64-linux-gnu.so
7fd6280bc000-7fd6280be000 rw-p 00057000 00:1f8 126756728880              /mnt/primary/conda-envs/semantic_uncertainty_export/lib/python3.11/site-packages/scipy/interpolate/dfitpack.cpython-311-x86_64-linux-gnu.so
7fd6280be000-7fd6280bf000 r--p 00000000 00:1f8 126756728894              /mnt/primary/conda-envs/semantic_uncertainty_export/lib/python3.11/site-packages/scipy/interpolate/_fitpack.cpython-311-x86_64-linux-gnu.so
7fd6280bf000-7fd6280d0000 r-xp 00001000 00:1f8 126756728894              /mnt/primary/conda-envs/semantic_uncertainty_export/lib/python3.11/site-packages/scipy/interpolate/_fitpack.cpython-311-x86_64-linux-gnu.so
7fd6280d0000-7fd6280d2000 r--p 00012000 00:1f8 126756728894              /mnt/primary/conda-envs/semantic_uncertainty_export/lib/python3.11/site-packages/scipy/interpolate/_fitpack.cpython-311-x86_64-linux-gnu.so
7fd6280d2000-7fd6280d3000 r--p 00013000 00:1f8 126756728894              /mnt/primary/conda-envs/semantic_uncertainty_export/lib/python3.11/site-packages/scipy/interpolate/_fitpack.cpython-311-x86_64-linux-gnu.so
7fd6280d3000-7fd6280d4000 rw-p 00014000 00:1f8 126756728894              /mnt/primary/conda-envs/semantic_uncertainty_export/lib/python3.11/site-packages/scipy/interpolate/_fitpack.cpython-311-x86_64-linux-gnu.so
7fd6280d4000-7fd6280d6000 rw-p 00016000 00:1f8 126756728894              /mnt/primary/conda-envs/semantic_uncertainty_export/lib/python3.11/site-packages/scipy/interpolate/_fitpack.cpython-311-x86_64-linux-gnu.so
7fd6280d6000-7fd6281d6000 rw-p 00000000 00:00 0 
7fd6281d6000-7fd6281d9000 r--p 00000000 00:1f8 81808996386               /mnt/primary/conda-envs/semantic_uncertainty_export/lib/python3.11/site-packages/scipy/stats/_boost/invgauss_ufunc.cpython-311-x86_64-linux-gnu.so
7fd6281d9000-7fd6281f2000 r-xp 00003000 00:1f8 81808996386               /mnt/primary/conda-envs/semantic_uncertainty_export/lib/python3.11/site-packages/scipy/stats/_boost/invgauss_ufunc.cpython-311-x86_64-linux-gnu.so
7fd6281f2000-7fd6281f7000 r--p 0001c000 00:1f8 81808996386               /mnt/primary/conda-envs/semantic_uncertainty_export/lib/python3.11/site-packages/scipy/stats/_boost/invgauss_ufunc.cpython-311-x86_64-linux-gnu.so
7fd6281f7000-7fd6281f8000 r--p 00020000 00:1f8 81808996386               /mnt/primary/conda-envs/semantic_uncertainty_export/lib/python3.11/site-packages/scipy/stats/_boost/invgauss_ufunc.cpython-311-x86_64-linux-gnu.so
7fd6281f8000-7fd6281f9000 rw-p 00021000 00:1f8 81808996386               /mnt/primary/conda-envs/semantic_uncertainty_export/lib/python3.11/site-packages/scipy/stats/_boost/invgauss_ufunc.cpython-311-x86_64-linux-gnu.so
7fd6281f9000-7fd6281fc000 r--p 00000000 00:1f8 81808996383               /mnt/primary/conda-envs/semantic_uncertainty_export/lib/python3.11/site-packages/scipy/stats/_boost/nct_ufunc.cpython-311-x86_64-linux-gnu.so
7fd6281fc000-7fd628221000 r-xp 00003000 00:1f8 81808996383               /mnt/primary/conda-envs/semantic_uncertainty_export/lib/python3.11/site-packages/scipy/stats/_boost/nct_ufunc.cpython-311-x86_64-linux-gnu.so
7fd628221000-7fd628226000 r--p 00028000 00:1f8 81808996383               /mnt/primary/conda-envs/semantic_uncertainty_export/lib/python3.11/site-packages/scipy/stats/_boost/nct_ufunc.cpython-311-x86_64-linux-gnu.so
7fd628226000-7fd628227000 r--p 0002c000 00:1f8 81808996383               /mnt/primary/conda-envs/semantic_uncertainty_export/lib/python3.11/site-packages/scipy/stats/_boost/nct_ufunc.cpython-311-x86_64-linux-gnu.so
7fd628227000-7fd628228000 rw-p 0002d000 00:1f8 81808996383               /mnt/primary/conda-envs/semantic_uncertainty_export/lib/python3.11/site-packages/scipy/stats/_boost/nct_ufunc.cpython-311-x86_64-linux-gnu.so
7fd628228000-7fd62822b000 r--p 00000000 00:1f8 81808996382               /mnt/primary/conda-envs/semantic_uncertainty_export/lib/python3.11/site-packages/scipy/stats/_boost/ncx2_ufunc.cpython-311-x86_64-linux-gnu.so
7fd62822b000-7fd628245000 r-xp 00003000 00:1f8 81808996382               /mnt/primary/conda-envs/semantic_uncertainty_export/lib/python3.11/site-packages/scipy/stats/_boost/ncx2_ufunc.cpython-311-x86_64-linux-gnu.so
7fd628245000-7fd62824a000 r--p 0001d000 00:1f8 81808996382               /mnt/primary/conda-envs/semantic_uncertainty_export/lib/python3.11/site-packages/scipy/stats/_boost/ncx2_ufunc.cpython-311-x86_64-linux-gnu.so
7fd62824a000-7fd62824b000 r--p 00021000 00:1f8 81808996382               /mnt/primary/conda-envs/semantic_uncertainty_export/lib/python3.11/site-packages/scipy/stats/_boost/ncx2_ufunc.cpython-311-x86_64-linux-gnu.so
7fd62824b000-7fd62824c000 rw-p 00022000 00:1f8 81808996382               /mnt/primary/conda-envs/semantic_uncertainty_export/lib/python3.11/site-packages/scipy/stats/_boost/ncx2_ufunc.cpython-311-x86_64-linux-gnu.so
7fd62824c000-7fd628263000 r--p 00000000 00:1f8 49458313760               /mnt/primary/conda-envs/semantic_uncertainty_export/lib/python3.11/site-packages/scipy/special/cython_special.cpython-311-x86_64-linux-gnu.so
7fd628263000-7fd628445000 r-xp 00017000 00:1f8 49458313760               /mnt/primary/conda-envs/semantic_uncertainty_export/lib/python3.11/site-packages/scipy/special/cython_special.cpython-311-x86_64-linux-gnu.so
7fd628445000-7fd628482000 r--p 001f9000 00:1f8 49458313760               /mnt/primary/conda-envs/semantic_uncertainty_export/lib/python3.11/site-packages/scipy/special/cython_special.cpython-311-x86_64-linux-gnu.so
7fd628482000-7fd628483000 r--p 00235000 00:1f8 49458313760               /mnt/primary/conda-envs/semantic_uncertainty_export/lib/python3.11/site-packages/scipy/special/cython_special.cpython-311-x86_64-linux-gnu.so
7fd628483000-7fd628495000 rw-p 00236000 00:1f8 49458313760               /mnt/primary/conda-envs/semantic_uncertainty_export/lib/python3.11/site-packages/scipy/special/cython_special.cpython-311-x86_64-linux-gnu.so
7fd628495000-7fd628496000 rw-p 00000000 00:00 0 
7fd628496000-7fd62849a000 rw-p 002b3000 00:1f8 49458313760               /mnt/primary/conda-envs/semantic_uncertainty_export/lib/python3.11/site-packages/scipy/special/cython_special.cpython-311-x86_64-linux-gnu.so
7fd62849a000-7fd6284a9000 r--p 00000000 00:1f8 109564600854              /mnt/primary/conda-envs/semantic_uncertainty_export/lib/python3.11/site-packages/scipy/optimize/_highs/_highs_wrapper.cpython-311-x86_64-linux-gnu.so
7fd6284a9000-7fd628789000 r-xp 0000f000 00:1f8 109564600854              /mnt/primary/conda-envs/semantic_uncertainty_export/lib/python3.11/site-packages/scipy/optimize/_highs/_highs_wrapper.cpython-311-x86_64-linux-gnu.so
7fd628789000-7fd6287f2000 r--p 002ef000 00:1f8 109564600854              /mnt/primary/conda-envs/semantic_uncertainty_export/lib/python3.11/site-packages/scipy/optimize/_highs/_highs_wrapper.cpython-311-x86_64-linux-gnu.so
7fd6287f2000-7fd6287f3000 ---p 00358000 00:1f8 109564600854              /mnt/primary/conda-envs/semantic_uncertainty_export/lib/python3.11/site-packages/scipy/optimize/_highs/_highs_wrapper.cpython-311-x86_64-linux-gnu.so
7fd6287f3000-7fd6287f5000 r--p 00358000 00:1f8 109564600854              /mnt/primary/conda-envs/semantic_uncertainty_export/lib/python3.11/site-packages/scipy/optimize/_highs/_highs_wrapper.cpython-311-x86_64-linux-gnu.so
7fd6287f5000-7fd6287fc000 rw-p 0035a000 00:1f8 109564600854              /mnt/primary/conda-envs/semantic_uncertainty_export/lib/python3.11/site-packages/scipy/optimize/_highs/_highs_wrapper.cpython-311-x86_64-linux-gnu.so
7fd6287fc000-7fd628800000 rw-p 00000000 00:00 0 
7fd628800000-7fd628801000 ---p 00000000 00:00 0 
7fd628801000-7fd629001000 rw-p 00000000 00:00 0 
7fd629004000-7fd629007000 r--p 00000000 00:1f8 81808996380               /mnt/primary/conda-envs/semantic_uncertainty_export/lib/python3.11/site-packages/scipy/stats/_boost/skewnorm_ufunc.cpython-311-x86_64-linux-gnu.so
7fd629007000-7fd629015000 r-xp 00003000 00:1f8 81808996380               /mnt/primary/conda-envs/semantic_uncertainty_export/lib/python3.11/site-packages/scipy/stats/_boost/skewnorm_ufunc.cpython-311-x86_64-linux-gnu.so
7fd629015000-7fd629018000 r--p 00011000 00:1f8 81808996380               /mnt/primary/conda-envs/semantic_uncertainty_export/lib/python3.11/site-packages/scipy/stats/_boost/skewnorm_ufunc.cpython-311-x86_64-linux-gnu.so
7fd629018000-7fd629019000 r--p 00013000 00:1f8 81808996380               /mnt/primary/conda-envs/semantic_uncertainty_export/lib/python3.11/site-packages/scipy/stats/_boost/skewnorm_ufunc.cpython-311-x86_64-linux-gnu.so
7fd629019000-7fd62901a000 rw-p 00014000 00:1f8 81808996380               /mnt/primary/conda-envs/semantic_uncertainty_export/lib/python3.11/site-packages/scipy/stats/_boost/skewnorm_ufunc.cpython-311-x86_64-linux-gnu.so
7fd62901a000-7fd62901d000 r--p 00000000 00:1f8 81808996377               /mnt/primary/conda-envs/semantic_uncertainty_export/lib/python3.11/site-packages/scipy/stats/_boost/ncf_ufunc.cpython-311-x86_64-linux-gnu.so
7fd62901d000-7fd629037000 r-xp 00003000 00:1f8 81808996377               /mnt/primary/conda-envs/semantic_uncertainty_export/lib/python3.11/site-packages/scipy/stats/_boost/ncf_ufunc.cpython-311-x86_64-linux-gnu.so
7fd629037000-7fd62903b000 r--p 0001d000 00:1f8 81808996377               /mnt/primary/conda-envs/semantic_uncertainty_export/lib/python3.11/site-packages/scipy/stats/_boost/ncf_ufunc.cpython-311-x86_64-linux-gnu.so
7fd62903b000-7fd62903c000 ---p 00021000 00:1f8 81808996377               /mnt/primary/conda-envs/semantic_uncertainty_export/lib/python3.11/site-packages/scipy/stats/_boost/ncf_ufunc.cpython-311-x86_64-linux-gnu.so
7fd62903c000-7fd62903d000 r--p 00021000 00:1f8 81808996377               /mnt/primary/conda-envs/semantic_uncertainty_export/lib/python3.11/site-packages/scipy/stats/_boost/ncf_ufunc.cpython-311-x86_64-linux-gnu.so
7fd62903d000-7fd62903e000 rw-p 00022000 00:1f8 81808996377               /mnt/primary/conda-envs/semantic_uncertainty_export/lib/python3.11/site-packages/scipy/stats/_boost/ncf_ufunc.cpython-311-x86_64-linux-gnu.so
7fd62903e000-7fd629041000 r--p 00000000 00:1f8 81808996379               /mnt/primary/conda-envs/semantic_uncertainty_export/lib/python3.11/site-packages/scipy/stats/_boost/nbinom_ufunc.cpython-311-x86_64-linux-gnu.so
7fd629041000-7fd62905b000 r-xp 00003000 00:1f8 81808996379               /mnt/primary/conda-envs/semantic_uncertainty_export/lib/python3.11/site-packages/scipy/stats/_boost/nbinom_ufunc.cpython-311-x86_64-linux-gnu.so
7fd62905b000-7fd629060000 r--p 0001d000 00:1f8 81808996379               /mnt/primary/conda-envs/semantic_uncertainty_export/lib/python3.11/site-packages/scipy/stats/_boost/nbinom_ufunc.cpython-311-x86_64-linux-gnu.so
7fd629060000-7fd629061000 r--p 00021000 00:1f8 81808996379               /mnt/primary/conda-envs/semantic_uncertainty_export/lib/python3.11/site-packages/scipy/stats/_boost/nbinom_ufunc.cpython-311-x86_64-linux-gnu.so
7fd629061000-7fd629062000 rw-p 00022000 00:1f8 81808996379               /mnt/primary/conda-envs/semantic_uncertainty_export/lib/python3.11/site-packages/scipy/stats/_boost/nbinom_ufunc.cpython-311-x86_64-linux-gnu.so
7fd629062000-7fd62906c000 r--p 00000000 00:1f8 73089433127               /mnt/primary/conda-envs/semantic_uncertainty_export/lib/python3.11/site-packages/scipy/stats/_stats.cpython-311-x86_64-linux-gnu.so
7fd62906c000-7fd6290ea000 r-xp 0000a000 00:1f8 73089433127               /mnt/primary/conda-envs/semantic_uncertainty_export/lib/python3.11/site-packages/scipy/stats/_stats.cpython-311-x86_64-linux-gnu.so
7fd6290ea000-7fd6290f7000 r--p 00088000 00:1f8 73089433127               /mnt/primary/conda-envs/semantic_uncertainty_export/lib/python3.11/site-packages/scipy/stats/_stats.cpython-311-x86_64-linux-gnu.so
7fd6290f7000-7fd6290f8000 r--p 00094000 00:1f8 73089433127               /mnt/primary/conda-envs/semantic_uncertainty_export/lib/python3.11/site-packages/scipy/stats/_stats.cpython-311-x86_64-linux-gnu.so
7fd6290f8000-7fd6290ff000 rw-p 00095000 00:1f8 73089433127               /mnt/primary/conda-envs/semantic_uncertainty_export/lib/python3.11/site-packages/scipy/stats/_stats.cpython-311-x86_64-linux-gnu.so
7fd6290ff000-7fd629200000 rw-p 00000000 00:00 0 
7fd629200000-7fd629201000 ---p 00000000 00:00 0 
7fd629201000-7fd629a01000 rw-p 00000000 00:00 0 
7fd629a02000-7fd629a05000 r--p 00000000 00:1f8 81779481644               /mnt/primary/conda-envs/semantic_uncertainty_export/lib/python3.11/site-packages/torch/lib/libshm.so
7fd629a05000-7fd629a08000 r-xp 00003000 00:1f8 81779481644               /mnt/primary/conda-envs/semantic_uncertainty_export/lib/python3.11/site-packages/torch/lib/libshm.so
7fd629a08000-7fd629a09000 r--p 00006000 00:1f8 81779481644               /mnt/primary/conda-envs/semantic_uncertainty_export/lib/python3.11/site-packages/torch/lib/libshm.so
7fd629a09000-7fd629a0a000 ---p 00007000 00:1f8 81779481644               /mnt/primary/conda-envs/semantic_uncertainty_export/lib/python3.11/site-packages/torch/lib/libshm.so
7fd629a0a000-7fd629a0b000 r--p 00007000 00:1f8 81779481644               /mnt/primary/conda-envs/semantic_uncertainty_export/lib/python3.11/site-packages/torch/lib/libshm.so
7fd629a0b000-7fd629a0c000 rw-p 00008000 00:1f8 81779481644               /mnt/primary/conda-envs/semantic_uncertainty_export/lib/python3.11/site-packages/torch/lib/libshm.so
7fd629a0c000-7fd629a0f000 r--p 00000000 00:1f8 81808996381               /mnt/primary/conda-envs/semantic_uncertainty_export/lib/python3.11/site-packages/scipy/stats/_boost/hypergeom_ufunc.cpython-311-x86_64-linux-gnu.so
7fd629a0f000-7fd629a19000 r-xp 00003000 00:1f8 81808996381               /mnt/primary/conda-envs/semantic_uncertainty_export/lib/python3.11/site-packages/scipy/stats/_boost/hypergeom_ufunc.cpython-311-x86_64-linux-gnu.so
7fd629a19000-7fd629a21000 r--p 0000d000 00:1f8 81808996381               /mnt/primary/conda-envs/semantic_uncertainty_export/lib/python3.11/site-packages/scipy/stats/_boost/hypergeom_ufunc.cpython-311-x86_64-linux-gnu.so
7fd629a21000-7fd629a22000 r--p 00014000 00:1f8 81808996381               /mnt/primary/conda-envs/semantic_uncertainty_export/lib/python3.11/site-packages/scipy/stats/_boost/hypergeom_ufunc.cpython-311-x86_64-linux-gnu.so
7fd629a22000-7fd629a23000 rw-p 00015000 00:1f8 81808996381               /mnt/primary/conda-envs/semantic_uncertainty_export/lib/python3.11/site-packages/scipy/stats/_boost/hypergeom_ufunc.cpython-311-x86_64-linux-gnu.so
7fd629a23000-7fd629a26000 r--p 00000000 00:1f8 81808996378               /mnt/primary/conda-envs/semantic_uncertainty_export/lib/python3.11/site-packages/scipy/stats/_boost/binom_ufunc.cpython-311-x86_64-linux-gnu.so
7fd629a26000-7fd629a41000 r-xp 00003000 00:1f8 81808996378               /mnt/primary/conda-envs/semantic_uncertainty_export/lib/python3.11/site-packages/scipy/stats/_boost/binom_ufunc.cpython-311-x86_64-linux-gnu.so
7fd629a41000-7fd629a46000 r--p 0001e000 00:1f8 81808996378               /mnt/primary/conda-envs/semantic_uncertainty_export/lib/python3.11/site-packages/scipy/stats/_boost/binom_ufunc.cpython-311-x86_64-linux-gnu.so
7fd629a46000-7fd629a47000 r--p 00022000 00:1f8 81808996378               /mnt/primary/conda-envs/semantic_uncertainty_export/lib/python3.11/site-packages/scipy/stats/_boost/binom_ufunc.cpython-311-x86_64-linux-gnu.so
7fd629a47000-7fd629a48000 rw-p 00023000 00:1f8 81808996378               /mnt/primary/conda-envs/semantic_uncertainty_export/lib/python3.11/site-packages/scipy/stats/_boost/binom_ufunc.cpython-311-x86_64-linux-gnu.so
7fd629a48000-7fd629a4c000 r--p 00000000 00:1f8 81808996384               /mnt/primary/conda-envs/semantic_uncertainty_export/lib/python3.11/site-packages/scipy/stats/_boost/beta_ufunc.cpython-311-x86_64-linux-gnu.so
7fd629a4c000-7fd629a6c000 r-xp 00004000 00:1f8 81808996384               /mnt/primary/conda-envs/semantic_uncertainty_export/lib/python3.11/site-packages/scipy/stats/_boost/beta_ufunc.cpython-311-x86_64-linux-gnu.so
7fd629a6c000-7fd629a72000 r--p 00024000 00:1f8 81808996384               /mnt/primary/conda-envs/semantic_uncertainty_export/lib/python3.11/site-packages/scipy/stats/_boost/beta_ufunc.cpython-311-x86_64-linux-gnu.so
7fd629a72000-7fd629a73000 r--p 00029000 00:1f8 81808996384               /mnt/primary/conda-envs/semantic_uncertainty_export/lib/python3.11/site-packages/scipy/stats/_boost/beta_ufunc.cpython-311-x86_64-linux-gnu.so
7fd629a73000-7fd629a74000 rw-p 0002a000 00:1f8 81808996384               /mnt/primary/conda-envs/semantic_uncertainty_export/lib/python3.11/site-packages/scipy/stats/_boost/beta_ufunc.cpython-311-x86_64-linux-gnu.so
7fd629a74000-7fd629a77000 r--p 00000000 00:1f8 64698545180               /mnt/primary/conda-envs/semantic_uncertainty_export/lib/python3.11/site-packages/scipy/integrate/_lsoda.cpython-311-x86_64-linux-gnu.so
7fd629a77000-7fd629a84000 r-xp 00003000 00:1f8 64698545180               /mnt/primary/conda-envs/semantic_uncertainty_export/lib/python3.11/site-packages/scipy/integrate/_lsoda.cpython-311-x86_64-linux-gnu.so
7fd629a84000-7fd629a88000 r--p 00010000 00:1f8 64698545180               /mnt/primary/conda-envs/semantic_uncertainty_export/lib/python3.11/site-packages/scipy/integrate/_lsoda.cpython-311-x86_64-linux-gnu.so
7fd629a88000-7fd629a89000 r--p 00013000 00:1f8 64698545180               /mnt/primary/conda-envs/semantic_uncertainty_export/lib/python3.11/site-packages/scipy/integrate/_lsoda.cpython-311-x86_64-linux-gnu.so
7fd629a89000-7fd629a8b000 rw-p 00014000 00:1f8 64698545180               /mnt/primary/conda-envs/semantic_uncertainty_export/lib/python3.11/site-packages/scipy/integrate/_lsoda.cpython-311-x86_64-linux-gnu.so
7fd629a8b000-7fd629a8e000 rw-p 00018000 00:1f8 64698545180               /mnt/primary/conda-envs/semantic_uncertainty_export/lib/python3.11/site-packages/scipy/integrate/_lsoda.cpython-311-x86_64-linux-gnu.so
7fd629a8e000-7fd629a91000 r--p 00000000 00:1f8 64698545185               /mnt/primary/conda-envs/semantic_uncertainty_export/lib/python3.11/site-packages/scipy/integrate/_dop.cpython-311-x86_64-linux-gnu.so
7fd629a91000-7fd629a9f000 r-xp 00003000 00:1f8 64698545185               /mnt/primary/conda-envs/semantic_uncertainty_export/lib/python3.11/site-packages/scipy/integrate/_dop.cpython-311-x86_64-linux-gnu.so
7fd629a9f000-7fd629aa3000 r--p 00011000 00:1f8 64698545185               /mnt/primary/conda-envs/semantic_uncertainty_export/lib/python3.11/site-packages/scipy/integrate/_dop.cpython-311-x86_64-linux-gnu.so
7fd629aa3000-7fd629aa4000 r--p 00014000 00:1f8 64698545185               /mnt/primary/conda-envs/semantic_uncertainty_export/lib/python3.11/site-packages/scipy/integrate/_dop.cpython-311-x86_64-linux-gnu.so
7fd629aa4000-7fd629aa6000 rw-p 00015000 00:1f8 64698545185               /mnt/primary/conda-envs/semantic_uncertainty_export/lib/python3.11/site-packages/scipy/integrate/_dop.cpython-311-x86_64-linux-gnu.so
7fd629aa6000-7fd629aa9000 rw-p 00019000 00:1f8 64698545185               /mnt/primary/conda-envs/semantic_uncertainty_export/lib/python3.11/site-packages/scipy/integrate/_dop.cpython-311-x86_64-linux-gnu.so
7fd629aa9000-7fd629aac000 r--p 00000000 00:1f8 64698545173               /mnt/primary/conda-envs/semantic_uncertainty_export/lib/python3.11/site-packages/scipy/integrate/_vode.cpython-311-x86_64-linux-gnu.so
7fd629aac000-7fd629ac4000 r-xp 00003000 00:1f8 64698545173               /mnt/primary/conda-envs/semantic_uncertainty_export/lib/python3.11/site-packages/scipy/integrate/_vode.cpython-311-x86_64-linux-gnu.so
7fd629ac4000-7fd629aca000 r--p 0001b000 00:1f8 64698545173               /mnt/primary/conda-envs/semantic_uncertainty_export/lib/python3.11/site-packages/scipy/integrate/_vode.cpython-311-x86_64-linux-gnu.so
7fd629aca000-7fd629acb000 r--p 00020000 00:1f8 64698545173               /mnt/primary/conda-envs/semantic_uncertainty_export/lib/python3.11/site-packages/scipy/integrate/_vode.cpython-311-x86_64-linux-gnu.so
7fd629acb000-7fd629acd000 rw-p 00021000 00:1f8 64698545173               /mnt/primary/conda-envs/semantic_uncertainty_export/lib/python3.11/site-packages/scipy/integrate/_vode.cpython-311-x86_64-linux-gnu.so
7fd629acd000-7fd629ad0000 rw-p 00026000 00:1f8 64698545173               /mnt/primary/conda-envs/semantic_uncertainty_export/lib/python3.11/site-packages/scipy/integrate/_vode.cpython-311-x86_64-linux-gnu.so
7fd629ad0000-7fd629ad2000 r--p 00000000 00:1f8 64698545177               /mnt/primary/conda-envs/semantic_uncertainty_export/lib/python3.11/site-packages/scipy/integrate/_quadpack.cpython-311-x86_64-linux-gnu.so
7fd629ad2000-7fd629ae5000 r-xp 00002000 00:1f8 64698545177               /mnt/primary/conda-envs/semantic_uncertainty_export/lib/python3.11/site-packages/scipy/integrate/_quadpack.cpython-311-x86_64-linux-gnu.so
7fd629ae5000-7fd629ae8000 r--p 00015000 00:1f8 64698545177               /mnt/primary/conda-envs/semantic_uncertainty_export/lib/python3.11/site-packages/scipy/integrate/_quadpack.cpython-311-x86_64-linux-gnu.so
7fd629ae8000-7fd629ae9000 r--p 00017000 00:1f8 64698545177               /mnt/primary/conda-envs/semantic_uncertainty_export/lib/python3.11/site-packages/scipy/integrate/_quadpack.cpython-311-x86_64-linux-gnu.so
7fd629ae9000-7fd629aea000 rw-p 00018000 00:1f8 64698545177               /mnt/primary/conda-envs/semantic_uncertainty_export/lib/python3.11/site-packages/scipy/integrate/_quadpack.cpython-311-x86_64-linux-gnu.so
7fd629aea000-7fd629aec000 rw-p 0001b000 00:1f8 64698545177               /mnt/primary/conda-envs/semantic_uncertainty_export/lib/python3.11/site-packages/scipy/integrate/_quadpack.cpython-311-x86_64-linux-gnu.so
7fd629aec000-7fd629aee000 r--p 00000000 00:1f8 64698545178               /mnt/primary/conda-envs/semantic_uncertainty_export/lib/python3.11/site-packages/scipy/integrate/_odepack.cpython-311-x86_64-linux-gnu.so
7fd629aee000-7fd629af9000 r-xp 00002000 00:1f8 64698545178               /mnt/primary/conda-envs/semantic_uncertainty_export/lib/python3.11/site-packages/scipy/integrate/_odepack.cpython-311-x86_64-linux-gnu.so
7fd629af9000-7fd629afc000 r--p 0000d000 00:1f8 64698545178               /mnt/primary/conda-envs/semantic_uncertainty_export/lib/python3.11/site-packages/scipy/integrate/_odepack.cpython-311-x86_64-linux-gnu.so
7fd629afc000-7fd629afd000 r--p 0000f000 00:1f8 64698545178               /mnt/primary/conda-envs/semantic_uncertainty_export/lib/python3.11/site-packages/scipy/integrate/_odepack.cpython-311-x86_64-linux-gnu.so
7fd629afd000-7fd629afe000 rw-p 00010000 00:1f8 64698545178               /mnt/primary/conda-envs/semantic_uncertainty_export/lib/python3.11/site-packages/scipy/integrate/_odepack.cpython-311-x86_64-linux-gnu.so
7fd629afe000-7fd629b00000 rw-p 00013000 00:1f8 64698545178               /mnt/primary/conda-envs/semantic_uncertainty_export/lib/python3.11/site-packages/scipy/integrate/_odepack.cpython-311-x86_64-linux-gnu.so
7fd629b00000-7fd629c00000 rw-p 00000000 00:00 0 
7fd629c00000-7fd629c01000 ---p 00000000 00:00 0 
7fd629c01000-7fd62a401000 rw-p 00000000 00:00 0 
7fd62a406000-7fd62a408000 r--p 00000000 00:1f8 73087765047               /mnt/primary/conda-envs/semantic_uncertainty_export/lib/python3.11/site-packages/scipy/stats/_statlib.cpython-311-x86_64-linux-gnu.so
7fd62a408000-7fd62a40e000 r-xp 00002000 00:1f8 73087765047               /mnt/primary/conda-envs/semantic_uncertainty_export/lib/python3.11/site-packages/scipy/stats/_statlib.cpython-311-x86_64-linux-gnu.so
7fd62a40e000-7fd62a410000 r--p 00008000 00:1f8 73087765047               /mnt/primary/conda-envs/semantic_uncertainty_export/lib/python3.11/site-packages/scipy/stats/_statlib.cpython-311-x86_64-linux-gnu.so
7fd62a410000-7fd62a411000 r--p 00009000 00:1f8 73087765047               /mnt/primary/conda-envs/semantic_uncertainty_export/lib/python3.11/site-packages/scipy/stats/_statlib.cpython-311-x86_64-linux-gnu.so
7fd62a411000-7fd62a412000 rw-p 0000a000 00:1f8 73087765047               /mnt/primary/conda-envs/semantic_uncertainty_export/lib/python3.11/site-packages/scipy/stats/_statlib.cpython-311-x86_64-linux-gnu.so
7fd62a412000-7fd62a413000 r--p 00000000 00:1f8 98787977270               /mnt/primary/conda-envs/semantic_uncertainty_export/lib/python3.11/site-packages/scipy/optimize/_direct.cpython-311-x86_64-linux-gnu.so
7fd62a413000-7fd62a419000 r-xp 00001000 00:1f8 98787977270               /mnt/primary/conda-envs/semantic_uncertainty_export/lib/python3.11/site-packages/scipy/optimize/_direct.cpython-311-x86_64-linux-gnu.so
7fd62a419000-7fd62a41b000 r--p 00007000 00:1f8 98787977270               /mnt/primary/conda-envs/semantic_uncertainty_export/lib/python3.11/site-packages/scipy/optimize/_direct.cpython-311-x86_64-linux-gnu.so
7fd62a41b000-7fd62a41c000 r--p 00008000 00:1f8 98787977270               /mnt/primary/conda-envs/semantic_uncertainty_export/lib/python3.11/site-packages/scipy/optimize/_direct.cpython-311-x86_64-linux-gnu.so
7fd62a41c000-7fd62a41d000 rw-p 00009000 00:1f8 98787977270               /mnt/primary/conda-envs/semantic_uncertainty_export/lib/python3.11/site-packages/scipy/optimize/_direct.cpython-311-x86_64-linux-gnu.so
7fd62a41d000-7fd62a424000 r--p 00000000 00:1f8 98787428881               /mnt/primary/conda-envs/semantic_uncertainty_export/lib/python3.11/site-packages/scipy/optimize/_bglu_dense.cpython-311-x86_64-linux-gnu.so
7fd62a424000-7fd62a456000 r-xp 00007000 00:1f8 98787428881               /mnt/primary/conda-envs/semantic_uncertainty_export/lib/python3.11/site-packages/scipy/optimize/_bglu_dense.cpython-311-x86_64-linux-gnu.so
7fd62a456000-7fd62a45f000 r--p 00039000 00:1f8 98787428881               /mnt/primary/conda-envs/semantic_uncertainty_export/lib/python3.11/site-packages/scipy/optimize/_bglu_dense.cpython-311-x86_64-linux-gnu.so
7fd62a45f000-7fd62a460000 r--p 00041000 00:1f8 98787428881               /mnt/primary/conda-envs/semantic_uncertainty_export/lib/python3.11/site-packages/scipy/optimize/_bglu_dense.cpython-311-x86_64-linux-gnu.so
7fd62a460000-7fd62a465000 rw-p 00042000 00:1f8 98787428881               /mnt/primary/conda-envs/semantic_uncertainty_export/lib/python3.11/site-packages/scipy/optimize/_bglu_dense.cpython-311-x86_64-linux-gnu.so
7fd62a465000-7fd62a46b000 r--p 00000000 00:1f8 19514561043               /mnt/primary/conda-envs/semantic_uncertainty_export/lib/python3.11/site-packages/scipy/linalg/_interpolative.cpython-311-x86_64-linux-gnu.so
7fd62a46b000-7fd62a4ae000 r-xp 00006000 00:1f8 19514561043               /mnt/primary/conda-envs/semantic_uncertainty_export/lib/python3.11/site-packages/scipy/linalg/_interpolative.cpython-311-x86_64-linux-gnu.so
7fd62a4ae000-7fd62a4c0000 r--p 00049000 00:1f8 19514561043               /mnt/primary/conda-envs/semantic_uncertainty_export/lib/python3.11/site-packages/scipy/linalg/_interpolative.cpython-311-x86_64-linux-gnu.so
7fd62a4c0000-7fd62a4c1000 r--p 0005a000 00:1f8 19514561043               /mnt/primary/conda-envs/semantic_uncertainty_export/lib/python3.11/site-packages/scipy/linalg/_interpolative.cpython-311-x86_64-linux-gnu.so
7fd62a4c1000-7fd62a4d1000 rw-p 0005b000 00:1f8 19514561043               /mnt/primary/conda-envs/semantic_uncertainty_export/lib/python3.11/site-packages/scipy/linalg/_interpolative.cpython-311-x86_64-linux-gnu.so
7fd62a4d1000-7fd62a4d4000 rw-p 00072000 00:1f8 19514561043               /mnt/primary/conda-envs/semantic_uncertainty_export/lib/python3.11/site-packages/scipy/linalg/_interpolative.cpython-311-x86_64-linux-gnu.so
7fd62a4d4000-7fd62a4d9000 r--p 00000000 00:1f8 100942359064              /mnt/primary/conda-envs/semantic_uncertainty_export/lib/python3.11/site-packages/scipy/optimize/_lsq/givens_elimination.cpython-311-x86_64-linux-gnu.so
7fd62a4d9000-7fd62a4f6000 r-xp 00005000 00:1f8 100942359064              /mnt/primary/conda-envs/semantic_uncertainty_export/lib/python3.11/site-packages/scipy/optimize/_lsq/givens_elimination.cpython-311-x86_64-linux-gnu.so
7fd62a4f6000-7fd62a4fc000 r--p 00022000 00:1f8 100942359064              /mnt/primary/conda-envs/semantic_uncertainty_export/lib/python3.11/site-packages/scipy/optimize/_lsq/givens_elimination.cpython-311-x86_64-linux-gnu.so
7fd62a4fc000-7fd62a4fd000 r--p 00027000 00:1f8 100942359064              /mnt/primary/conda-envs/semantic_uncertainty_export/lib/python3.11/site-packages/scipy/optimize/_lsq/givens_elimination.cpython-311-x86_64-linux-gnu.so
7fd62a4fd000-7fd62a500000 rw-p 00028000 00:1f8 100942359064              /mnt/primary/conda-envs/semantic_uncertainty_export/lib/python3.11/site-packages/scipy/optimize/_lsq/givens_elimination.cpython-311-x86_64-linux-gnu.so
7fd62a500000-7fd62a600000 rw-p 00000000 00:00 0 
7fd62a600000-7fd62a601000 ---p 00000000 00:00 0 
7fd62a601000-7fd62ae01000 rw-p 00000000 00:00 0 
7fd62ae01000-7fd62ae03000 r--p 00000000 08:04 3232185243                 /usr/lib/jvm/java-11-openjdk-amd64/lib/libjimage.so
7fd62ae03000-7fd62ae06000 r-xp 00002000 08:04 3232185243                 /usr/lib/jvm/java-11-openjdk-amd64/lib/libjimage.so
7fd62ae06000-7fd62ae07000 r--p 00005000 08:04 3232185243                 /usr/lib/jvm/java-11-openjdk-amd64/lib/libjimage.so
7fd62ae07000-7fd62ae08000 ---p 00006000 08:04 3232185243                 /usr/lib/jvm/java-11-openjdk-amd64/lib/libjimage.so
7fd62ae08000-7fd62ae09000 r--p 00006000 08:04 3232185243                 /usr/lib/jvm/java-11-openjdk-amd64/lib/libjimage.so
7fd62ae09000-7fd62ae0a000 rw-p 00007000 08:04 3232185243                 /usr/lib/jvm/java-11-openjdk-amd64/lib/libjimage.so
7fd62ae0a000-7fd62ae11000 r--p 00000000 00:1f8 116031844998              /mnt/primary/conda-envs/semantic_uncertainty_export/lib/python3.11/site-packages/scipy/optimize/_trlib/_trlib.cpython-311-x86_64-linux-gnu.so
7fd62ae11000-7fd62ae49000 r-xp 00007000 00:1f8 116031844998              /mnt/primary/conda-envs/semantic_uncertainty_export/lib/python3.11/site-packages/scipy/optimize/_trlib/_trlib.cpython-311-x86_64-linux-gnu.so
7fd62ae49000-7fd62ae52000 r--p 0003f000 00:1f8 116031844998              /mnt/primary/conda-envs/semantic_uncertainty_export/lib/python3.11/site-packages/scipy/optimize/_trlib/_trlib.cpython-311-x86_64-linux-gnu.so
7fd62ae52000-7fd62ae53000 r--p 00047000 00:1f8 116031844998              /mnt/primary/conda-envs/semantic_uncertainty_export/lib/python3.11/site-packages/scipy/optimize/_trlib/_trlib.cpython-311-x86_64-linux-gnu.so
7fd62ae53000-7fd62ae57000 rw-p 00048000 00:1f8 116031844998              /mnt/primary/conda-envs/semantic_uncertainty_export/lib/python3.11/site-packages/scipy/optimize/_trlib/_trlib.cpython-311-x86_64-linux-gnu.so
7fd62ae57000-7fd62ae58000 rw-p 00000000 00:00 0 
7fd62ae58000-7fd62ae5b000 rw-p 00057000 00:1f8 116031844998              /mnt/primary/conda-envs/semantic_uncertainty_export/lib/python3.11/site-packages/scipy/optimize/_trlib/_trlib.cpython-311-x86_64-linux-gnu.so
7fd62ae5b000-7fd62af5b000 rw-p 00000000 00:00 0 
7fd62af5b000-7fd62af65000 r--p 00000000 00:1f8 45447825451               /mnt/primary/conda-envs/semantic_uncertainty_export/lib/python3.11/site-packages/scipy/spatial/transform/_rotation.cpython-311-x86_64-linux-gnu.so
7fd62af65000-7fd62afd2000 r-xp 0000a000 00:1f8 45447825451               /mnt/primary/conda-envs/semantic_uncertainty_export/lib/python3.11/site-packages/scipy/spatial/transform/_rotation.cpython-311-x86_64-linux-gnu.so
7fd62afd2000-7fd62afeb000 r--p 00077000 00:1f8 45447825451               /mnt/primary/conda-envs/semantic_uncertainty_export/lib/python3.11/site-packages/scipy/spatial/transform/_rotation.cpython-311-x86_64-linux-gnu.so
7fd62afeb000-7fd62afec000 r--p 0008f000 00:1f8 45447825451               /mnt/primary/conda-envs/semantic_uncertainty_export/lib/python3.11/site-packages/scipy/spatial/transform/_rotation.cpython-311-x86_64-linux-gnu.so
7fd62afec000-7fd62affe000 rw-p 00090000 00:1f8 45447825451               /mnt/primary/conda-envs/semantic_uncertainty_export/lib/python3.11/site-packages/scipy/spatial/transform/_rotation.cpython-311-x86_64-linux-gnu.so
7fd62affe000-7fd62b000000 rw-p 00000000 00:00 0 
7fd62b000000-7fd62b001000 ---p 00000000 00:00 0 
7fd62b001000-7fd62b801000 rw-p 00000000 00:00 0 
7fd62b806000-7fd62b808000 r--p 00000000 00:1f8 98787428893               /mnt/primary/conda-envs/semantic_uncertainty_export/lib/python3.11/site-packages/scipy/optimize/_minpack.cpython-311-x86_64-linux-gnu.so
7fd62b808000-7fd62b815000 r-xp 00002000 00:1f8 98787428893               /mnt/primary/conda-envs/semantic_uncertainty_export/lib/python3.11/site-packages/scipy/optimize/_minpack.cpython-311-x86_64-linux-gnu.so
7fd62b815000-7fd62b817000 r--p 0000f000 00:1f8 98787428893               /mnt/primary/conda-envs/semantic_uncertainty_export/lib/python3.11/site-packages/scipy/optimize/_minpack.cpython-311-x86_64-linux-gnu.so
7fd62b817000-7fd62b818000 r--p 00010000 00:1f8 98787428893               /mnt/primary/conda-envs/semantic_uncertainty_export/lib/python3.11/site-packages/scipy/optimize/_minpack.cpython-311-x86_64-linux-gnu.so
7fd62b818000-7fd62b819000 rw-p 00011000 00:1f8 98787428893               /mnt/primary/conda-envs/semantic_uncertainty_export/lib/python3.11/site-packages/scipy/optimize/_minpack.cpython-311-x86_64-linux-gnu.so
7fd62b819000-7fd62b81b000 r--p 00000000 00:1f8 98787428883               /mnt/primary/conda-envs/semantic_uncertainty_export/lib/python3.11/site-packages/scipy/optimize/_slsqp.cpython-311-x86_64-linux-gnu.so
7fd62b81b000-7fd62b827000 r-xp 00002000 00:1f8 98787428883               /mnt/primary/conda-envs/semantic_uncertainty_export/lib/python3.11/site-packages/scipy/optimize/_slsqp.cpython-311-x86_64-linux-gnu.so
7fd62b827000-7fd62b82a000 r--p 0000e000 00:1f8 98787428883               /mnt/primary/conda-envs/semantic_uncertainty_export/lib/python3.11/site-packages/scipy/optimize/_slsqp.cpython-311-x86_64-linux-gnu.so
7fd62b82a000-7fd62b82b000 r--p 00010000 00:1f8 98787428883               /mnt/primary/conda-envs/semantic_uncertainty_export/lib/python3.11/site-packages/scipy/optimize/_slsqp.cpython-311-x86_64-linux-gnu.so
7fd62b82b000-7fd62b82c000 rw-p 00011000 00:1f8 98787428883               /mnt/primary/conda-envs/semantic_uncertainty_export/lib/python3.11/site-packages/scipy/optimize/_slsqp.cpython-311-x86_64-linux-gnu.so
7fd62b82c000-7fd62b82e000 r--p 00000000 00:1f8 98787977275               /mnt/primary/conda-envs/semantic_uncertainty_export/lib/python3.11/site-packages/scipy/optimize/_cobyla.cpython-311-x86_64-linux-gnu.so
7fd62b82e000-7fd62b83b000 r-xp 00002000 00:1f8 98787977275               /mnt/primary/conda-envs/semantic_uncertainty_export/lib/python3.11/site-packages/scipy/optimize/_cobyla.cpython-311-x86_64-linux-gnu.so
7fd62b83b000-7fd62b83e000 r--p 0000f000 00:1f8 98787977275               /mnt/primary/conda-envs/semantic_uncertainty_export/lib/python3.11/site-packages/scipy/optimize/_cobyla.cpython-311-x86_64-linux-gnu.so
7fd62b83e000-7fd62b83f000 r--p 00011000 00:1f8 98787977275               /mnt/primary/conda-envs/semantic_uncertainty_export/lib/python3.11/site-packages/scipy/optimize/_cobyla.cpython-311-x86_64-linux-gnu.so
7fd62b83f000-7fd62b840000 rw-p 00012000 00:1f8 98787977275               /mnt/primary/conda-envs/semantic_uncertainty_export/lib/python3.11/site-packages/scipy/optimize/_cobyla.cpython-311-x86_64-linux-gnu.so
7fd62b840000-7fd62b842000 rw-p 00016000 00:1f8 98787977275               /mnt/primary/conda-envs/semantic_uncertainty_export/lib/python3.11/site-packages/scipy/optimize/_cobyla.cpython-311-x86_64-linux-gnu.so
7fd62b842000-7fd62b849000 r--p 00000000 00:1f8 26467592191               /mnt/primary/conda-envs/semantic_uncertainty_export/lib/python3.11/site-packages/scipy/ndimage/_ni_label.cpython-311-x86_64-linux-gnu.so
7fd62b849000-7fd62b883000 r-xp 00007000 00:1f8 26467592191               /mnt/primary/conda-envs/semantic_uncertainty_export/lib/python3.11/site-packages/scipy/ndimage/_ni_label.cpython-311-x86_64-linux-gnu.so
7fd62b883000-7fd62b88c000 r--p 00041000 00:1f8 26467592191               /mnt/primary/conda-envs/semantic_uncertainty_export/lib/python3.11/site-packages/scipy/ndimage/_ni_label.cpython-311-x86_64-linux-gnu.so
7fd62b88c000-7fd62b88d000 r--p 00049000 00:1f8 26467592191               /mnt/primary/conda-envs/semantic_uncertainty_export/lib/python3.11/site-packages/scipy/ndimage/_ni_label.cpython-311-x86_64-linux-gnu.so
7fd62b88d000-7fd62b891000 rw-p 0004a000 00:1f8 26467592191               /mnt/primary/conda-envs/semantic_uncertainty_export/lib/python3.11/site-packages/scipy/ndimage/_ni_label.cpython-311-x86_64-linux-gnu.so
7fd62b891000-7fd62b892000 rw-p 00000000 00:00 0 
7fd62b892000-7fd62b898000 r--p 00000000 00:1f8 40842680353               /mnt/primary/conda-envs/semantic_uncertainty_export/lib/python3.11/site-packages/scipy/spatial/_distance_pybind.cpython-311-x86_64-linux-gnu.so
7fd62b898000-7fd62b8fd000 r-xp 00006000 00:1f8 40842680353               /mnt/primary/conda-envs/semantic_uncertainty_export/lib/python3.11/site-packages/scipy/spatial/_distance_pybind.cpython-311-x86_64-linux-gnu.so
7fd62b8fd000-7fd62b90d000 r--p 0006b000 00:1f8 40842680353               /mnt/primary/conda-envs/semantic_uncertainty_export/lib/python3.11/site-packages/scipy/spatial/_distance_pybind.cpython-311-x86_64-linux-gnu.so
7fd62b90d000-7fd62b90e000 ---p 0007b000 00:1f8 40842680353               /mnt/primary/conda-envs/semantic_uncertainty_export/lib/python3.11/site-packages/scipy/spatial/_distance_pybind.cpython-311-x86_64-linux-gnu.so
7fd62b90e000-7fd62b90f000 r--p 0007b000 00:1f8 40842680353               /mnt/primary/conda-envs/semantic_uncertainty_export/lib/python3.11/site-packages/scipy/spatial/_distance_pybind.cpython-311-x86_64-linux-gnu.so
7fd62b90f000-7fd62b910000 rw-p 0007c000 00:1f8 40842680353               /mnt/primary/conda-envs/semantic_uncertainty_export/lib/python3.11/site-packages/scipy/spatial/_distance_pybind.cpython-311-x86_64-linux-gnu.so
7fd62b910000-7fd62b913000 r--p 00000000 00:1f8 49458313779               /mnt/primary/conda-envs/semantic_uncertainty_export/lib/python3.11/site-packages/scipy/special/_specfun.cpython-311-x86_64-linux-gnu.so
7fd62b913000-7fd62b97a000 r-xp 00003000 00:1f8 49458313779               /mnt/primary/conda-envs/semantic_uncertainty_export/lib/python3.11/site-packages/scipy/special/_specfun.cpython-311-x86_64-linux-gnu.so
7fd62b97a000-7fd62b985000 r--p 0006a000 00:1f8 49458313779               /mnt/primary/conda-envs/semantic_uncertainty_export/lib/python3.11/site-packages/scipy/special/_specfun.cpython-311-x86_64-linux-gnu.so
7fd62b985000-7fd62b986000 r--p 00074000 00:1f8 49458313779               /mnt/primary/conda-envs/semantic_uncertainty_export/lib/python3.11/site-packages/scipy/special/_specfun.cpython-311-x86_64-linux-gnu.so
7fd62b986000-7fd62b98b000 rw-p 00075000 00:1f8 49458313779               /mnt/primary/conda-envs/semantic_uncertainty_export/lib/python3.11/site-packages/scipy/special/_specfun.cpython-311-x86_64-linux-gnu.so
7fd62b98b000-7fd62b98d000 rw-p 0007e000 00:1f8 49458313779               /mnt/primary/conda-envs/semantic_uncertainty_export/lib/python3.11/site-packages/scipy/special/_specfun.cpython-311-x86_64-linux-gnu.so
7fd62b98d000-7fd62b991000 r--p 00000000 00:1f8 49458313772               /mnt/primary/conda-envs/semantic_uncertainty_export/lib/python3.11/site-packages/scipy/special/_ufuncs_cxx.cpython-311-x86_64-linux-gnu.so
7fd62b991000-7fd62b9eb000 r-xp 00004000 00:1f8 49458313772               /mnt/primary/conda-envs/semantic_uncertainty_export/lib/python3.11/site-packages/scipy/special/_ufuncs_cxx.cpython-311-x86_64-linux-gnu.so
7fd62b9eb000-7fd62b9fd000 r--p 0005e000 00:1f8 49458313772               /mnt/primary/conda-envs/semantic_uncertainty_export/lib/python3.11/site-packages/scipy/special/_ufuncs_cxx.cpython-311-x86_64-linux-gnu.so
7fd62b9fd000-7fd62b9fe000 r--p 0006f000 00:1f8 49458313772               /mnt/primary/conda-envs/semantic_uncertainty_export/lib/python3.11/site-packages/scipy/special/_ufuncs_cxx.cpython-311-x86_64-linux-gnu.so
7fd62b9fe000-7fd62b9ff000 rw-p 00070000 00:1f8 49458313772               /mnt/primary/conda-envs/semantic_uncertainty_export/lib/python3.11/site-packages/scipy/special/_ufuncs_cxx.cpython-311-x86_64-linux-gnu.so
7fd62b9ff000-7fd62ba00000 rw-p 00000000 00:00 0 
7fd62ba00000-7fd62ba3b000 r-xp 00000000 00:1f8 64698545192               /mnt/primary/conda-envs/semantic_uncertainty_export/lib/python3.11/site-packages/scipy.libs/libquadmath-96973f99.so.0.0.0
7fd62ba3b000-7fd62bc3a000 ---p 0003b000 00:1f8 64698545192               /mnt/primary/conda-envs/semantic_uncertainty_export/lib/python3.11/site-packages/scipy.libs/libquadmath-96973f99.so.0.0.0
7fd62bc3a000-7fd62bc3b000 r--p 0003a000 00:1f8 64698545192               /mnt/primary/conda-envs/semantic_uncertainty_export/lib/python3.11/site-packages/scipy.libs/libquadmath-96973f99.so.0.0.0
7fd62bc3b000-7fd62bc3d000 rw-p 0003b000 00:1f8 64698545192               /mnt/primary/conda-envs/semantic_uncertainty_export/lib/python3.11/site-packages/scipy.libs/libquadmath-96973f99.so.0.0.0
7fd62bc3d000-7fd62bc41000 r--p 00000000 00:1f8 98787351563               /mnt/primary/conda-envs/semantic_uncertainty_export/lib/python3.11/site-packages/scipy/optimize/_moduleTNC.cpython-311-x86_64-linux-gnu.so
7fd62bc41000-7fd62bc57000 r-xp 00004000 00:1f8 98787351563               /mnt/primary/conda-envs/semantic_uncertainty_export/lib/python3.11/site-packages/scipy/optimize/_moduleTNC.cpython-311-x86_64-linux-gnu.so
7fd62bc57000-7fd62bc5a000 r--p 0001a000 00:1f8 98787351563               /mnt/primary/conda-envs/semantic_uncertainty_export/lib/python3.11/site-packages/scipy/optimize/_moduleTNC.cpython-311-x86_64-linux-gnu.so
7fd62bc5a000-7fd62bc5b000 r--p 0001c000 00:1f8 98787351563               /mnt/primary/conda-envs/semantic_uncertainty_export/lib/python3.11/site-packages/scipy/optimize/_moduleTNC.cpython-311-x86_64-linux-gnu.so
7fd62bc5b000-7fd62bc5d000 rw-p 0001d000 00:1f8 98787351563               /mnt/primary/conda-envs/semantic_uncertainty_export/lib/python3.11/site-packages/scipy/optimize/_moduleTNC.cpython-311-x86_64-linux-gnu.so
7fd62bc5d000-7fd62bc69000 r--p 00000000 00:1f8 49458313787               /mnt/primary/conda-envs/semantic_uncertainty_export/lib/python3.11/site-packages/scipy/special/_ufuncs.cpython-311-x86_64-linux-gnu.so
7fd62bc69000-7fd62bd6f000 r-xp 0000c000 00:1f8 49458313787               /mnt/primary/conda-envs/semantic_uncertainty_export/lib/python3.11/site-packages/scipy/special/_ufuncs.cpython-311-x86_64-linux-gnu.so
7fd62bd6f000-7fd62bde3000 r--p 00112000 00:1f8 49458313787               /mnt/primary/conda-envs/semantic_uncertainty_export/lib/python3.11/site-packages/scipy/special/_ufuncs.cpython-311-x86_64-linux-gnu.so
7fd62bde3000-7fd62bde4000 ---p 00186000 00:1f8 49458313787               /mnt/primary/conda-envs/semantic_uncertainty_export/lib/python3.11/site-packages/scipy/special/_ufuncs.cpython-311-x86_64-linux-gnu.so
7fd62bde4000-7fd62bde5000 r--p 00186000 00:1f8 49458313787               /mnt/primary/conda-envs/semantic_uncertainty_export/lib/python3.11/site-packages/scipy/special/_ufuncs.cpython-311-x86_64-linux-gnu.so
7fd62bde5000-7fd62bdef000 rw-p 00187000 00:1f8 49458313787               /mnt/primary/conda-envs/semantic_uncertainty_export/lib/python3.11/site-packages/scipy/special/_ufuncs.cpython-311-x86_64-linux-gnu.so
7fd62bdef000-7fd62bdf8000 rw-p 00000000 00:00 0 
7fd62bdf8000-7fd62bdfc000 rw-p 001f4000 00:1f8 49458313787               /mnt/primary/conda-envs/semantic_uncertainty_export/lib/python3.11/site-packages/scipy/special/_ufuncs.cpython-311-x86_64-linux-gnu.so
7fd62bdfc000-7fd62befc000 rw-p 00000000 00:00 0 
7fd62befc000-7fd62bf07000 r--p 00000000 00:1f8 40842680355               /mnt/primary/conda-envs/semantic_uncertainty_export/lib/python3.11/site-packages/scipy/spatial/_qhull.cpython-311-x86_64-linux-gnu.so
7fd62bf07000-7fd62bfbc000 r-xp 0000b000 00:1f8 40842680355               /mnt/primary/conda-envs/semantic_uncertainty_export/lib/python3.11/site-packages/scipy/spatial/_qhull.cpython-311-x86_64-linux-gnu.so
7fd62bfbc000-7fd62bff0000 r--p 000c0000 00:1f8 40842680355               /mnt/primary/conda-envs/semantic_uncertainty_export/lib/python3.11/site-packages/scipy/spatial/_qhull.cpython-311-x86_64-linux-gnu.so
7fd62bff0000-7fd62bff1000 r--p 000f3000 00:1f8 40842680355               /mnt/primary/conda-envs/semantic_uncertainty_export/lib/python3.11/site-packages/scipy/spatial/_qhull.cpython-311-x86_64-linux-gnu.so
7fd62bff1000-7fd62bffa000 rw-p 000f4000 00:1f8 40842680355               /mnt/primary/conda-envs/semantic_uncertainty_export/lib/python3.11/site-packages/scipy/spatial/_qhull.cpython-311-x86_64-linux-gnu.so
7fd62bffa000-7fd62bffb000 rw-p 00000000 00:00 0 
7fd62bffb000-7fd62c000000 rw-p 00116000 00:1f8 40842680355               /mnt/primary/conda-envs/semantic_uncertainty_export/lib/python3.11/site-packages/scipy/spatial/_qhull.cpython-311-x86_64-linux-gnu.so
7fd62c000000-7fd62c029000 rw-p 00000000 00:00 0 
7fd62c029000-7fd630000000 ---p 00000000 00:00 0 
7fd630004000-7fd630006000 r--p 00000000 00:1f8 98787428911               /mnt/primary/conda-envs/semantic_uncertainty_export/lib/python3.11/site-packages/scipy/optimize/_lbfgsb.cpython-311-x86_64-linux-gnu.so
7fd630006000-7fd630016000 r-xp 00002000 00:1f8 98787428911               /mnt/primary/conda-envs/semantic_uncertainty_export/lib/python3.11/site-packages/scipy/optimize/_lbfgsb.cpython-311-x86_64-linux-gnu.so
7fd630016000-7fd63001a000 r--p 00012000 00:1f8 98787428911               /mnt/primary/conda-envs/semantic_uncertainty_export/lib/python3.11/site-packages/scipy/optimize/_lbfgsb.cpython-311-x86_64-linux-gnu.so
7fd63001a000-7fd63001b000 r--p 00015000 00:1f8 98787428911               /mnt/primary/conda-envs/semantic_uncertainty_export/lib/python3.11/site-packages/scipy/optimize/_lbfgsb.cpython-311-x86_64-linux-gnu.so
7fd63001b000-7fd63001c000 rw-p 00016000 00:1f8 98787428911               /mnt/primary/conda-envs/semantic_uncertainty_export/lib/python3.11/site-packages/scipy/optimize/_lbfgsb.cpython-311-x86_64-linux-gnu.so
7fd63001c000-7fd63001e000 rw-p 0001a000 00:1f8 98787428911               /mnt/primary/conda-envs/semantic_uncertainty_export/lib/python3.11/site-packages/scipy/optimize/_lbfgsb.cpython-311-x86_64-linux-gnu.so
7fd63001e000-7fd630020000 r--p 00000000 00:1f8 26467592183               /mnt/primary/conda-envs/semantic_uncertainty_export/lib/python3.11/site-packages/scipy/ndimage/_nd_image.cpython-311-x86_64-linux-gnu.so
7fd630020000-7fd63003d000 r-xp 00002000 00:1f8 26467592183               /mnt/primary/conda-envs/semantic_uncertainty_export/lib/python3.11/site-packages/scipy/ndimage/_nd_image.cpython-311-x86_64-linux-gnu.so
7fd63003d000-7fd630040000 r--p 0001f000 00:1f8 26467592183               /mnt/primary/conda-envs/semantic_uncertainty_export/lib/python3.11/site-packages/scipy/ndimage/_nd_image.cpython-311-x86_64-linux-gnu.so
7fd630040000-7fd630041000 ---p 00022000 00:1f8 26467592183               /mnt/primary/conda-envs/semantic_uncertainty_export/lib/python3.11/site-packages/scipy/ndimage/_nd_image.cpython-311-x86_64-linux-gnu.so
7fd630041000-7fd630042000 r--p 00022000 00:1f8 26467592183               /mnt/primary/conda-envs/semantic_uncertainty_export/lib/python3.11/site-packages/scipy/ndimage/_nd_image.cpython-311-x86_64-linux-gnu.so
7fd630042000-7fd630043000 rw-p 00023000 00:1f8 26467592183               /mnt/primary/conda-envs/semantic_uncertainty_export/lib/python3.11/site-packages/scipy/ndimage/_nd_image.cpython-311-x86_64-linux-gnu.so
7fd630043000-7fd63004a000 r--p 00000000 00:1f8 163552721437              /mnt/primary/conda-envs/semantic_uncertainty_export/lib/python3.11/site-packages/scipy/sparse/csgraph/_reordering.cpython-311-x86_64-linux-gnu.so
7fd63004a000-7fd630077000 r-xp 00007000 00:1f8 163552721437              /mnt/primary/conda-envs/semantic_uncertainty_export/lib/python3.11/site-packages/scipy/sparse/csgraph/_reordering.cpython-311-x86_64-linux-gnu.so
7fd630077000-7fd63007f000 r--p 00034000 00:1f8 163552721437              /mnt/primary/conda-envs/semantic_uncertainty_export/lib/python3.11/site-packages/scipy/sparse/csgraph/_reordering.cpython-311-x86_64-linux-gnu.so
7fd63007f000-7fd630080000 r--p 0003b000 00:1f8 163552721437              /mnt/primary/conda-envs/semantic_uncertainty_export/lib/python3.11/site-packages/scipy/sparse/csgraph/_reordering.cpython-311-x86_64-linux-gnu.so
7fd630080000-7fd630085000 rw-p 0003c000 00:1f8 163552721437              /mnt/primary/conda-envs/semantic_uncertainty_export/lib/python3.11/site-packages/scipy/sparse/csgraph/_reordering.cpython-311-x86_64-linux-gnu.so
7fd630085000-7fd63008b000 r--p 00000000 00:1f8 163552721440              /mnt/primary/conda-envs/semantic_uncertainty_export/lib/python3.11/site-packages/scipy/sparse/csgraph/_matching.cpython-311-x86_64-linux-gnu.so
7fd63008b000-7fd6300bb000 r-xp 00006000 00:1f8 163552721440              /mnt/primary/conda-envs/semantic_uncertainty_export/lib/python3.11/site-packages/scipy/sparse/csgraph/_matching.cpython-311-x86_64-linux-gnu.so
7fd6300bb000-7fd6300c4000 r--p 00036000 00:1f8 163552721440              /mnt/primary/conda-envs/semantic_uncertainty_export/lib/python3.11/site-packages/scipy/sparse/csgraph/_matching.cpython-311-x86_64-linux-gnu.so
7fd6300c4000-7fd6300c5000 ---p 0003f000 00:1f8 163552721440              /mnt/primary/conda-envs/semantic_uncertainty_export/lib/python3.11/site-packages/scipy/sparse/csgraph/_matching.cpython-311-x86_64-linux-gnu.so
7fd6300c5000-7fd6300c6000 r--p 0003f000 00:1f8 163552721440              /mnt/primary/conda-envs/semantic_uncertainty_export/lib/python3.11/site-packages/scipy/sparse/csgraph/_matching.cpython-311-x86_64-linux-gnu.so
7fd6300c6000-7fd6300cc000 rw-p 00040000 00:1f8 163552721440              /mnt/primary/conda-envs/semantic_uncertainty_export/lib/python3.11/site-packages/scipy/sparse/csgraph/_matching.cpython-311-x86_64-linux-gnu.so
7fd6300cc000-7fd6300cd000 rw-p 00000000 00:00 0 
7fd6300cd000-7fd6300d4000 r--p 00000000 00:1f8 163552721436              /mnt/primary/conda-envs/semantic_uncertainty_export/lib/python3.11/site-packages/scipy/sparse/csgraph/_flow.cpython-311-x86_64-linux-gnu.so
7fd6300d4000-7fd630103000 r-xp 00007000 00:1f8 163552721436              /mnt/primary/conda-envs/semantic_uncertainty_export/lib/python3.11/site-packages/scipy/sparse/csgraph/_flow.cpython-311-x86_64-linux-gnu.so
7fd630103000-7fd63010c000 r--p 00036000 00:1f8 163552721436              /mnt/primary/conda-envs/semantic_uncertainty_export/lib/python3.11/site-packages/scipy/sparse/csgraph/_flow.cpython-311-x86_64-linux-gnu.so
7fd63010c000-7fd63010d000 ---p 0003f000 00:1f8 163552721436              /mnt/primary/conda-envs/semantic_uncertainty_export/lib/python3.11/site-packages/scipy/sparse/csgraph/_flow.cpython-311-x86_64-linux-gnu.so
7fd63010d000-7fd63010e000 r--p 0003f000 00:1f8 163552721436              /mnt/primary/conda-envs/semantic_uncertainty_export/lib/python3.11/site-packages/scipy/sparse/csgraph/_flow.cpython-311-x86_64-linux-gnu.so
7fd63010e000-7fd630114000 rw-p 00040000 00:1f8 163552721436              /mnt/primary/conda-envs/semantic_uncertainty_export/lib/python3.11/site-packages/scipy/sparse/csgraph/_flow.cpython-311-x86_64-linux-gnu.so
7fd630114000-7fd630115000 rw-p 00000000 00:00 0 
7fd630115000-7fd63011d000 r--p 00000000 00:1f8 163552721434              /mnt/primary/conda-envs/semantic_uncertainty_export/lib/python3.11/site-packages/scipy/sparse/csgraph/_traversal.cpython-311-x86_64-linux-gnu.so
7fd63011d000-7fd630180000 r-xp 00008000 00:1f8 163552721434              /mnt/primary/conda-envs/semantic_uncertainty_export/lib/python3.11/site-packages/scipy/sparse/csgraph/_traversal.cpython-311-x86_64-linux-gnu.so
7fd630180000-7fd63018d000 r--p 0006b000 00:1f8 163552721434              /mnt/primary/conda-envs/semantic_uncertainty_export/lib/python3.11/site-packages/scipy/sparse/csgraph/_traversal.cpython-311-x86_64-linux-gnu.so
7fd63018d000-7fd63018e000 r--p 00077000 00:1f8 163552721434              /mnt/primary/conda-envs/semantic_uncertainty_export/lib/python3.11/site-packages/scipy/sparse/csgraph/_traversal.cpython-311-x86_64-linux-gnu.so
7fd63018e000-7fd630195000 rw-p 00078000 00:1f8 163552721434              /mnt/primary/conda-envs/semantic_uncertainty_export/lib/python3.11/site-packages/scipy/sparse/csgraph/_traversal.cpython-311-x86_64-linux-gnu.so
7fd630195000-7fd630196000 rw-p 00000000 00:00 0 
7fd630196000-7fd63019d000 r--p 00000000 00:1f8 163552721435              /mnt/primary/conda-envs/semantic_uncertainty_export/lib/python3.11/site-packages/scipy/sparse/csgraph/_shortest_path.cpython-311-x86_64-linux-gnu.so
7fd63019d000-7fd6301e8000 r-xp 00007000 00:1f8 163552721435              /mnt/primary/conda-envs/semantic_uncertainty_export/lib/python3.11/site-packages/scipy/sparse/csgraph/_shortest_path.cpython-311-x86_64-linux-gnu.so
7fd6301e8000-7fd6301f5000 r--p 00052000 00:1f8 163552721435              /mnt/primary/conda-envs/semantic_uncertainty_export/lib/python3.11/site-packages/scipy/sparse/csgraph/_shortest_path.cpython-311-x86_64-linux-gnu.so
7fd6301f5000-7fd6301f6000 r--p 0005e000 00:1f8 163552721435              /mnt/primary/conda-envs/semantic_uncertainty_export/lib/python3.11/site-packages/scipy/sparse/csgraph/_shortest_path.cpython-311-x86_64-linux-gnu.so
7fd6301f6000-7fd6301ff000 rw-p 0005f000 00:1f8 163552721435              /mnt/primary/conda-envs/semantic_uncertainty_export/lib/python3.11/site-packages/scipy/sparse/csgraph/_shortest_path.cpython-311-x86_64-linux-gnu.so
7fd6301ff000-7fd630200000 rw-p 00000000 00:00 0 
7fd630200000-7fd630476000 r-xp 00000000 00:1f8 64698545191               /mnt/primary/conda-envs/semantic_uncertainty_export/lib/python3.11/site-packages/scipy.libs/libgfortran-040039e1.so.5.0.0
7fd630476000-7fd630675000 ---p 00276000 00:1f8 64698545191               /mnt/primary/conda-envs/semantic_uncertainty_export/lib/python3.11/site-packages/scipy.libs/libgfortran-040039e1.so.5.0.0
7fd630675000-7fd630676000 r--p 00275000 00:1f8 64698545191               /mnt/primary/conda-envs/semantic_uncertainty_export/lib/python3.11/site-packages/scipy.libs/libgfortran-040039e1.so.5.0.0
7fd630676000-7fd630678000 rw-p 00276000 00:1f8 64698545191               /mnt/primary/conda-envs/semantic_uncertainty_export/lib/python3.11/site-packages/scipy.libs/libgfortran-040039e1.so.5.0.0
7fd630678000-7fd63068d000 rw-p 0027b000 00:1f8 64698545191               /mnt/primary/conda-envs/semantic_uncertainty_export/lib/python3.11/site-packages/scipy.libs/libgfortran-040039e1.so.5.0.0
7fd630691000-7fd630697000 r--p 00000000 00:1f8 40842680345               /mnt/primary/conda-envs/semantic_uncertainty_export/lib/python3.11/site-packages/scipy/spatial/_hausdorff.cpython-311-x86_64-linux-gnu.so
7fd630697000-7fd6306b7000 r-xp 00006000 00:1f8 40842680345               /mnt/primary/conda-envs/semantic_uncertainty_export/lib/python3.11/site-packages/scipy/spatial/_hausdorff.cpython-311-x86_64-linux-gnu.so
7fd6306b7000-7fd6306bd000 r--p 00026000 00:1f8 40842680345               /mnt/primary/conda-envs/semantic_uncertainty_export/lib/python3.11/site-packages/scipy/spatial/_hausdorff.cpython-311-x86_64-linux-gnu.so
7fd6306bd000-7fd6306be000 r--p 0002b000 00:1f8 40842680345               /mnt/primary/conda-envs/semantic_uncertainty_export/lib/python3.11/site-packages/scipy/spatial/_hausdorff.cpython-311-x86_64-linux-gnu.so
7fd6306be000-7fd6306c1000 rw-p 0002c000 00:1f8 40842680345               /mnt/primary/conda-envs/semantic_uncertainty_export/lib/python3.11/site-packages/scipy/spatial/_hausdorff.cpython-311-x86_64-linux-gnu.so
7fd6306c1000-7fd6306c7000 r--p 00000000 00:1f8 163552721443              /mnt/primary/conda-envs/semantic_uncertainty_export/lib/python3.11/site-packages/scipy/sparse/csgraph/_min_spanning_tree.cpython-311-x86_64-linux-gnu.so
7fd6306c7000-7fd6306e9000 r-xp 00006000 00:1f8 163552721443              /mnt/primary/conda-envs/semantic_uncertainty_export/lib/python3.11/site-packages/scipy/sparse/csgraph/_min_spanning_tree.cpython-311-x86_64-linux-gnu.so
7fd6306e9000-7fd6306f0000 r--p 00028000 00:1f8 163552721443              /mnt/primary/conda-envs/semantic_uncertainty_export/lib/python3.11/site-packages/scipy/sparse/csgraph/_min_spanning_tree.cpython-311-x86_64-linux-gnu.so
7fd6306f0000-7fd6306f1000 r--p 0002e000 00:1f8 163552721443              /mnt/primary/conda-envs/semantic_uncertainty_export/lib/python3.11/site-packages/scipy/sparse/csgraph/_min_spanning_tree.cpython-311-x86_64-linux-gnu.so
7fd6306f1000-7fd6306f5000 rw-p 0002f000 00:1f8 163552721443              /mnt/primary/conda-envs/semantic_uncertainty_export/lib/python3.11/site-packages/scipy/sparse/csgraph/_min_spanning_tree.cpython-311-x86_64-linux-gnu.so
7fd6306f5000-7fd6306fb000 r--p 00000000 00:1f8 150478618165              /mnt/primary/conda-envs/semantic_uncertainty_export/lib/python3.11/site-packages/scipy/sparse/linalg/_eigen/arpack/_arpack.cpython-311-x86_64-linux-gnu.so
7fd6306fb000-7fd630747000 r-xp 00006000 00:1f8 150478618165              /mnt/primary/conda-envs/semantic_uncertainty_export/lib/python3.11/site-packages/scipy/sparse/linalg/_eigen/arpack/_arpack.cpython-311-x86_64-linux-gnu.so
7fd630747000-7fd630757000 r--p 00052000 00:1f8 150478618165              /mnt/primary/conda-envs/semantic_uncertainty_export/lib/python3.11/site-packages/scipy/sparse/linalg/_eigen/arpack/_arpack.cpython-311-x86_64-linux-gnu.so
7fd630757000-7fd630758000 r--p 00061000 00:1f8 150478618165              /mnt/primary/conda-envs/semantic_uncertainty_export/lib/python3.11/site-packages/scipy/sparse/linalg/_eigen/arpack/_arpack.cpython-311-x86_64-linux-gnu.so
7fd630758000-7fd630763000 rw-p 00062000 00:1f8 150478618165              /mnt/primary/conda-envs/semantic_uncertainty_export/lib/python3.11/site-packages/scipy/sparse/linalg/_eigen/arpack/_arpack.cpython-311-x86_64-linux-gnu.so
7fd630763000-7fd630764000 rw-p 00000000 00:00 0 
7fd630764000-7fd630767000 rw-p 00075000 00:1f8 150478618165              /mnt/primary/conda-envs/semantic_uncertainty_export/lib/python3.11/site-packages/scipy/sparse/linalg/_eigen/arpack/_arpack.cpython-311-x86_64-linux-gnu.so
7fd630767000-7fd63078d000 r--p 00000000 00:1f8 19514561027               /mnt/primary/conda-envs/semantic_uncertainty_export/lib/python3.11/site-packages/scipy/linalg/_flapack.cpython-311-x86_64-linux-gnu.so
7fd63078d000-7fd630889000 r-xp 00026000 00:1f8 19514561027               /mnt/primary/conda-envs/semantic_uncertainty_export/lib/python3.11/site-packages/scipy/linalg/_flapack.cpython-311-x86_64-linux-gnu.so
7fd630889000-7fd6308f5000 r--p 00122000 00:1f8 19514561027               /mnt/primary/conda-envs/semantic_uncertainty_export/lib/python3.11/site-packages/scipy/linalg/_flapack.cpython-311-x86_64-linux-gnu.so
7fd6308f5000-7fd6308f6000 r--p 0018d000 00:1f8 19514561027               /mnt/primary/conda-envs/semantic_uncertainty_export/lib/python3.11/site-packages/scipy/linalg/_flapack.cpython-311-x86_64-linux-gnu.so
7fd6308f6000-7fd63097e000 rw-p 0018e000 00:1f8 19514561027               /mnt/primary/conda-envs/semantic_uncertainty_export/lib/python3.11/site-packages/scipy/linalg/_flapack.cpython-311-x86_64-linux-gnu.so
7fd63097e000-7fd630985000 rw-p 0022e000 00:1f8 19514561027               /mnt/primary/conda-envs/semantic_uncertainty_export/lib/python3.11/site-packages/scipy/linalg/_flapack.cpython-311-x86_64-linux-gnu.so
7fd630985000-7fd630a7f000 r--p 00000000 00:1f8 64698545190               /mnt/primary/conda-envs/semantic_uncertainty_export/lib/python3.11/site-packages/scipy.libs/libopenblasp-r0-23e5df77.3.21.dev.so
7fd630a7f000-7fd630a87000 r-xp 000fa000 00:1f8 64698545190               /mnt/primary/conda-envs/semantic_uncertainty_export/lib/python3.11/site-packages/scipy.libs/libopenblasp-r0-23e5df77.3.21.dev.so
7fd630a87000-7fd630a8d000 ---p 00102000 00:1f8 64698545190               /mnt/primary/conda-envs/semantic_uncertainty_export/lib/python3.11/site-packages/scipy.libs/libopenblasp-r0-23e5df77.3.21.dev.so
7fd630a8d000-7fd632545000 r-xp 00108000 00:1f8 64698545190               /mnt/primary/conda-envs/semantic_uncertainty_export/lib/python3.11/site-packages/scipy.libs/libopenblasp-r0-23e5df77.3.21.dev.so
7fd632545000-7fd63273f000 r--p 01bc0000 00:1f8 64698545190               /mnt/primary/conda-envs/semantic_uncertainty_export/lib/python3.11/site-packages/scipy.libs/libopenblasp-r0-23e5df77.3.21.dev.so
7fd63273f000-7fd632740000 ---p 01dba000 00:1f8 64698545190               /mnt/primary/conda-envs/semantic_uncertainty_export/lib/python3.11/site-packages/scipy.libs/libopenblasp-r0-23e5df77.3.21.dev.so
7fd632740000-7fd632746000 r--p 01dba000 00:1f8 64698545190               /mnt/primary/conda-envs/semantic_uncertainty_export/lib/python3.11/site-packages/scipy.libs/libopenblasp-r0-23e5df77.3.21.dev.so
7fd632746000-7fd63275a000 rw-p 01dc0000 00:1f8 64698545190               /mnt/primary/conda-envs/semantic_uncertainty_export/lib/python3.11/site-packages/scipy.libs/libopenblasp-r0-23e5df77.3.21.dev.so
7fd63275a000-7fd632767000 rw-p 00000000 00:00 0 
7fd632767000-7fd632802000 rw-p 01ed4000 00:1f8 64698545190               /mnt/primary/conda-envs/semantic_uncertainty_export/lib/python3.11/site-packages/scipy.libs/libopenblasp-r0-23e5df77.3.21.dev.so
7fd632802000-7fd632805000 r--p 00000000 00:1f8 133230555182              /mnt/primary/conda-envs/semantic_uncertainty_export/lib/python3.11/site-packages/scipy/sparse/_sparsetools.cpython-311-x86_64-linux-gnu.so
7fd632805000-7fd632bad000 r-xp 00003000 00:1f8 133230555182              /mnt/primary/conda-envs/semantic_uncertainty_export/lib/python3.11/site-packages/scipy/sparse/_sparsetools.cpython-311-x86_64-linux-gnu.so
7fd632bad000-7fd632bfd000 r--p 003ab000 00:1f8 133230555182              /mnt/primary/conda-envs/semantic_uncertainty_export/lib/python3.11/site-packages/scipy/sparse/_sparsetools.cpython-311-x86_64-linux-gnu.so
7fd632bfd000-7fd632bfe000 ---p 003fb000 00:1f8 133230555182              /mnt/primary/conda-envs/semantic_uncertainty_export/lib/python3.11/site-packages/scipy/sparse/_sparsetools.cpython-311-x86_64-linux-gnu.so
7fd632bfe000-7fd632bff000 r--p 003fb000 00:1f8 133230555182              /mnt/primary/conda-envs/semantic_uncertainty_export/lib/python3.11/site-packages/scipy/sparse/_sparsetools.cpython-311-x86_64-linux-gnu.so
7fd632bff000-7fd632c00000 rw-p 003fc000 00:1f8 133230555182              /mnt/primary/conda-envs/semantic_uncertainty_export/lib/python3.11/site-packages/scipy/sparse/_sparsetools.cpython-311-x86_64-linux-gnu.so
7fd632c00000-7fd632c01000 ---p 00000000 00:00 0 
7fd632c01000-7fd633401000 rw-p 00000000 00:00 0 
7fd633405000-7fd633408000 r--p 00000000 00:1f8 98787977279               /mnt/primary/conda-envs/semantic_uncertainty_export/lib/python3.11/site-packages/scipy/optimize/_group_columns.cpython-311-x86_64-linux-gnu.so
7fd633408000-7fd633414000 r-xp 00003000 00:1f8 98787977279               /mnt/primary/conda-envs/semantic_uncertainty_export/lib/python3.11/site-packages/scipy/optimize/_group_columns.cpython-311-x86_64-linux-gnu.so
7fd633414000-7fd633417000 r--p 0000f000 00:1f8 98787977279               /mnt/primary/conda-envs/semantic_uncertainty_export/lib/python3.11/site-packages/scipy/optimize/_group_columns.cpython-311-x86_64-linux-gnu.so
7fd633417000-7fd633418000 r--p 00011000 00:1f8 98787977279               /mnt/primary/conda-envs/semantic_uncertainty_export/lib/python3.11/site-packages/scipy/optimize/_group_columns.cpython-311-x86_64-linux-gnu.so
7fd633418000-7fd633419000 rw-p 00012000 00:1f8 98787977279               /mnt/primary/conda-envs/semantic_uncertainty_export/lib/python3.11/site-packages/scipy/optimize/_group_columns.cpython-311-x86_64-linux-gnu.so
7fd633419000-7fd63341c000 r--p 00000000 00:1f8 137518709806              /mnt/primary/conda-envs/semantic_uncertainty_export/lib/python3.11/site-packages/scipy/sparse/linalg/_dsolve/_superlu.cpython-311-x86_64-linux-gnu.so
7fd63341c000-7fd633460000 r-xp 00003000 00:1f8 137518709806              /mnt/primary/conda-envs/semantic_uncertainty_export/lib/python3.11/site-packages/scipy/sparse/linalg/_dsolve/_superlu.cpython-311-x86_64-linux-gnu.so
7fd633460000-7fd63346b000 r--p 00047000 00:1f8 137518709806              /mnt/primary/conda-envs/semantic_uncertainty_export/lib/python3.11/site-packages/scipy/sparse/linalg/_dsolve/_superlu.cpython-311-x86_64-linux-gnu.so
7fd63346b000-7fd63346c000 r--p 00051000 00:1f8 137518709806              /mnt/primary/conda-envs/semantic_uncertainty_export/lib/python3.11/site-packages/scipy/sparse/linalg/_dsolve/_superlu.cpython-311-x86_64-linux-gnu.so
7fd63346c000-7fd63346d000 rw-p 00052000 00:1f8 137518709806              /mnt/primary/conda-envs/semantic_uncertainty_export/lib/python3.11/site-packages/scipy/sparse/linalg/_dsolve/_superlu.cpython-311-x86_64-linux-gnu.so
7fd63346d000-7fd633470000 rw-p 0005a000 00:1f8 137518709806              /mnt/primary/conda-envs/semantic_uncertainty_export/lib/python3.11/site-packages/scipy/sparse/linalg/_dsolve/_superlu.cpython-311-x86_64-linux-gnu.so
7fd633470000-7fd633475000 r--p 00000000 00:1f8 19514492990               /mnt/primary/conda-envs/semantic_uncertainty_export/lib/python3.11/site-packages/scipy/linalg/_decomp_update.cpython-311-x86_64-linux-gnu.so
7fd633475000-7fd6334ab000 r-xp 00005000 00:1f8 19514492990               /mnt/primary/conda-envs/semantic_uncertainty_export/lib/python3.11/site-packages/scipy/linalg/_decomp_update.cpython-311-x86_64-linux-gnu.so
7fd6334ab000-7fd6334b7000 r--p 0003b000 00:1f8 19514492990               /mnt/primary/conda-envs/semantic_uncertainty_export/lib/python3.11/site-packages/scipy/linalg/_decomp_update.cpython-311-x86_64-linux-gnu.so
7fd6334b7000-7fd6334b8000 r--p 00046000 00:1f8 19514492990               /mnt/primary/conda-envs/semantic_uncertainty_export/lib/python3.11/site-packages/scipy/linalg/_decomp_update.cpython-311-x86_64-linux-gnu.so
7fd6334b8000-7fd6334be000 rw-p 00047000 00:1f8 19514492990               /mnt/primary/conda-envs/semantic_uncertainty_export/lib/python3.11/site-packages/scipy/linalg/_decomp_update.cpython-311-x86_64-linux-gnu.so
7fd6334be000-7fd6334c6000 r--p 00000000 00:1f8 19514561051               /mnt/primary/conda-envs/semantic_uncertainty_export/lib/python3.11/site-packages/scipy/linalg/cython_blas.cpython-311-x86_64-linux-gnu.so
7fd6334c6000-7fd6334e9000 r-xp 00008000 00:1f8 19514561051               /mnt/primary/conda-envs/semantic_uncertainty_export/lib/python3.11/site-packages/scipy/linalg/cython_blas.cpython-311-x86_64-linux-gnu.so
7fd6334e9000-7fd6334f6000 r--p 0002b000 00:1f8 19514561051               /mnt/primary/conda-envs/semantic_uncertainty_export/lib/python3.11/site-packages/scipy/linalg/cython_blas.cpython-311-x86_64-linux-gnu.so
7fd6334f6000-7fd6334f7000 r--p 00037000 00:1f8 19514561051               /mnt/primary/conda-envs/semantic_uncertainty_export/lib/python3.11/site-packages/scipy/linalg/cython_blas.cpython-311-x86_64-linux-gnu.so
7fd6334f7000-7fd6334fa000 rw-p 00038000 00:1f8 19514561051               /mnt/primary/conda-envs/semantic_uncertainty_export/lib/python3.11/site-packages/scipy/linalg/cython_blas.cpython-311-x86_64-linux-gnu.so
7fd6334fa000-7fd6334fb000 rw-p 00000000 00:00 0 
7fd6334fb000-7fd633500000 rw-p 00047000 00:1f8 19514561051               /mnt/primary/conda-envs/semantic_uncertainty_export/lib/python3.11/site-packages/scipy/linalg/cython_blas.cpython-311-x86_64-linux-gnu.so
7fd633500000-7fd633600000 rw-p 00000000 00:00 0 
7fd633600000-7fd633601000 ---p 00000000 00:00 0 
7fd633601000-7fd633e01000 rw-p 00000000 00:00 0 
7fd633e06000-7fd633e0b000 r--p 00000000 00:1f8 40842680341               /mnt/primary/conda-envs/semantic_uncertainty_export/lib/python3.11/site-packages/scipy/spatial/_voronoi.cpython-311-x86_64-linux-gnu.so
7fd633e0b000-7fd633e2a000 r-xp 00005000 00:1f8 40842680341               /mnt/primary/conda-envs/semantic_uncertainty_export/lib/python3.11/site-packages/scipy/spatial/_voronoi.cpython-311-x86_64-linux-gnu.so
7fd633e2a000-7fd633e30000 r--p 00024000 00:1f8 40842680341               /mnt/primary/conda-envs/semantic_uncertainty_export/lib/python3.11/site-packages/scipy/spatial/_voronoi.cpython-311-x86_64-linux-gnu.so
7fd633e30000-7fd633e31000 r--p 00029000 00:1f8 40842680341               /mnt/primary/conda-envs/semantic_uncertainty_export/lib/python3.11/site-packages/scipy/spatial/_voronoi.cpython-311-x86_64-linux-gnu.so
7fd633e31000-7fd633e34000 rw-p 0002a000 00:1f8 40842680341               /mnt/primary/conda-envs/semantic_uncertainty_export/lib/python3.11/site-packages/scipy/spatial/_voronoi.cpython-311-x86_64-linux-gnu.so
7fd633e34000-7fd633e3b000 r--p 00000000 00:1f8 19514492985               /mnt/primary/conda-envs/semantic_uncertainty_export/lib/python3.11/site-packages/scipy/linalg/_matfuncs_expm.cpython-311-x86_64-linux-gnu.so
7fd633e3b000-7fd633e83000 r-xp 00007000 00:1f8 19514492985               /mnt/primary/conda-envs/semantic_uncertainty_export/lib/python3.11/site-packages/scipy/linalg/_matfuncs_expm.cpython-311-x86_64-linux-gnu.so
7fd633e83000-7fd633e8e000 r--p 0004f000 00:1f8 19514492985               /mnt/primary/conda-envs/semantic_uncertainty_export/lib/python3.11/site-packages/scipy/linalg/_matfuncs_expm.cpython-311-x86_64-linux-gnu.so
7fd633e8e000-7fd633e8f000 r--p 00059000 00:1f8 19514492985               /mnt/primary/conda-envs/semantic_uncertainty_export/lib/python3.11/site-packages/scipy/linalg/_matfuncs_expm.cpython-311-x86_64-linux-gnu.so
7fd633e8f000-7fd633e94000 rw-p 0005a000 00:1f8 19514492985               /mnt/primary/conda-envs/semantic_uncertainty_export/lib/python3.11/site-packages/scipy/linalg/_matfuncs_expm.cpython-311-x86_64-linux-gnu.so
7fd633e94000-7fd633e95000 rw-p 00000000 00:00 0 
7fd633e95000-7fd633e9b000 r--p 00000000 00:1f8 19514561026               /mnt/primary/conda-envs/semantic_uncertainty_export/lib/python3.11/site-packages/scipy/linalg/_matfuncs_sqrtm_triu.cpython-311-x86_64-linux-gnu.so
7fd633e9b000-7fd633ebf000 r-xp 00006000 00:1f8 19514561026               /mnt/primary/conda-envs/semantic_uncertainty_export/lib/python3.11/site-packages/scipy/linalg/_matfuncs_sqrtm_triu.cpython-311-x86_64-linux-gnu.so
7fd633ebf000-7fd633ec6000 r--p 0002a000 00:1f8 19514561026               /mnt/primary/conda-envs/semantic_uncertainty_export/lib/python3.11/site-packages/scipy/linalg/_matfuncs_sqrtm_triu.cpython-311-x86_64-linux-gnu.so
7fd633ec6000-7fd633ec7000 r--p 00030000 00:1f8 19514561026               /mnt/primary/conda-envs/semantic_uncertainty_export/lib/python3.11/site-packages/scipy/linalg/_matfuncs_sqrtm_triu.cpython-311-x86_64-linux-gnu.so
7fd633ec7000-7fd633eca000 rw-p 00031000 00:1f8 19514561026               /mnt/primary/conda-envs/semantic_uncertainty_export/lib/python3.11/site-packages/scipy/linalg/_matfuncs_sqrtm_triu.cpython-311-x86_64-linux-gnu.so
7fd633eca000-7fd633ecb000 rw-p 00000000 00:00 0 
7fd633ecb000-7fd633ed0000 r--p 00000000 00:1f8 19514561059               /mnt/primary/conda-envs/semantic_uncertainty_export/lib/python3.11/site-packages/scipy/linalg/_decomp_lu_cython.cpython-311-x86_64-linux-gnu.so
7fd633ed0000-7fd633ef5000 r-xp 00005000 00:1f8 19514561059               /mnt/primary/conda-envs/semantic_uncertainty_export/lib/python3.11/site-packages/scipy/linalg/_decomp_lu_cython.cpython-311-x86_64-linux-gnu.so
7fd633ef5000-7fd633efc000 r--p 0002a000 00:1f8 19514561059               /mnt/primary/conda-envs/semantic_uncertainty_export/lib/python3.11/site-packages/scipy/linalg/_decomp_lu_cython.cpython-311-x86_64-linux-gnu.so
7fd633efc000-7fd633efd000 r--p 00030000 00:1f8 19514561059               /mnt/primary/conda-envs/semantic_uncertainty_export/lib/python3.11/site-packages/scipy/linalg/_decomp_lu_cython.cpython-311-x86_64-linux-gnu.so
7fd633efd000-7fd633f00000 rw-p 00031000 00:1f8 19514561059               /mnt/primary/conda-envs/semantic_uncertainty_export/lib/python3.11/site-packages/scipy/linalg/_decomp_lu_cython.cpython-311-x86_64-linux-gnu.so
7fd633f00000-7fd634000000 rw-p 00000000 00:00 0 
7fd634000000-7fd634021000 rw-p 00000000 00:00 0 
7fd634021000-7fd638000000 ---p 00000000 00:00 0 
7fd638005000-7fd638007000 r--p 00000000 00:1f8 98787428872               /mnt/primary/conda-envs/semantic_uncertainty_export/lib/python3.11/site-packages/scipy/optimize/__nnls.cpython-311-x86_64-linux-gnu.so
7fd638007000-7fd63800c000 r-xp 00002000 00:1f8 98787428872               /mnt/primary/conda-envs/semantic_uncertainty_export/lib/python3.11/site-packages/scipy/optimize/__nnls.cpython-311-x86_64-linux-gnu.so
7fd63800c000-7fd63800e000 r--p 00007000 00:1f8 98787428872               /mnt/primary/conda-envs/semantic_uncertainty_export/lib/python3.11/site-packages/scipy/optimize/__nnls.cpython-311-x86_64-linux-gnu.so
7fd63800e000-7fd63800f000 r--p 00008000 00:1f8 98787428872               /mnt/primary/conda-envs/semantic_uncertainty_export/lib/python3.11/site-packages/scipy/optimize/__nnls.cpython-311-x86_64-linux-gnu.so
7fd63800f000-7fd638010000 rw-p 00009000 00:1f8 98787428872               /mnt/primary/conda-envs/semantic_uncertainty_export/lib/python3.11/site-packages/scipy/optimize/__nnls.cpython-311-x86_64-linux-gnu.so
7fd638010000-7fd638012000 rw-p 0000c000 00:1f8 98787428872               /mnt/primary/conda-envs/semantic_uncertainty_export/lib/python3.11/site-packages/scipy/optimize/__nnls.cpython-311-x86_64-linux-gnu.so
7fd638012000-7fd638014000 r--p 00000000 00:1f8 98787428892               /mnt/primary/conda-envs/semantic_uncertainty_export/lib/python3.11/site-packages/scipy/optimize/_minpack2.cpython-311-x86_64-linux-gnu.so
7fd638014000-7fd63801a000 r-xp 00002000 00:1f8 98787428892               /mnt/primary/conda-envs/semantic_uncertainty_export/lib/python3.11/site-packages/scipy/optimize/_minpack2.cpython-311-x86_64-linux-gnu.so
7fd63801a000-7fd63801c000 r--p 00008000 00:1f8 98787428892               /mnt/primary/conda-envs/semantic_uncertainty_export/lib/python3.11/site-packages/scipy/optimize/_minpack2.cpython-311-x86_64-linux-gnu.so
7fd63801c000-7fd63801d000 r--p 00009000 00:1f8 98787428892               /mnt/primary/conda-envs/semantic_uncertainty_export/lib/python3.11/site-packages/scipy/optimize/_minpack2.cpython-311-x86_64-linux-gnu.so
7fd63801d000-7fd63801e000 rw-p 0000a000 00:1f8 98787428892               /mnt/primary/conda-envs/semantic_uncertainty_export/lib/python3.11/site-packages/scipy/optimize/_minpack2.cpython-311-x86_64-linux-gnu.so
7fd63801e000-7fd638035000 r--p 00000000 00:1f8 19514561048               /mnt/primary/conda-envs/semantic_uncertainty_export/lib/python3.11/site-packages/scipy/linalg/cython_lapack.cpython-311-x86_64-linux-gnu.so
7fd638035000-7fd638051000 r-xp 00017000 00:1f8 19514561048               /mnt/primary/conda-envs/semantic_uncertainty_export/lib/python3.11/site-packages/scipy/linalg/cython_lapack.cpython-311-x86_64-linux-gnu.so
7fd638051000-7fd6380a9000 r--p 00033000 00:1f8 19514561048               /mnt/primary/conda-envs/semantic_uncertainty_export/lib/python3.11/site-packages/scipy/linalg/cython_lapack.cpython-311-x86_64-linux-gnu.so
7fd6380a9000-7fd6380aa000 ---p 0008b000 00:1f8 19514561048               /mnt/primary/conda-envs/semantic_uncertainty_export/lib/python3.11/site-packages/scipy/linalg/cython_lapack.cpython-311-x86_64-linux-gnu.so
7fd6380aa000-7fd6380ab000 r--p 0008b000 00:1f8 19514561048               /mnt/primary/conda-envs/semantic_uncertainty_export/lib/python3.11/site-packages/scipy/linalg/cython_lapack.cpython-311-x86_64-linux-gnu.so
7fd6380ab000-7fd6380af000 rw-p 0008c000 00:1f8 19514561048               /mnt/primary/conda-envs/semantic_uncertainty_export/lib/python3.11/site-packages/scipy/linalg/cython_lapack.cpython-311-x86_64-linux-gnu.so
7fd6380af000-7fd6380c0000 rw-p 000b8000 00:1f8 19514561048               /mnt/primary/conda-envs/semantic_uncertainty_export/lib/python3.11/site-packages/scipy/linalg/cython_lapack.cpython-311-x86_64-linux-gnu.so
7fd6380c0000-7fd6381c0000 rw-p 00000000 00:00 0 
7fd6381c0000-7fd6381ce000 r--p 00000000 00:1f8 141832290850              /mnt/primary/conda-envs/semantic_uncertainty_export/lib/python3.11/site-packages/pandas/_libs/join.cpython-311-x86_64-linux-gnu.so
7fd6381ce000-7fd6383dd000 r-xp 0000e000 00:1f8 141832290850              /mnt/primary/conda-envs/semantic_uncertainty_export/lib/python3.11/site-packages/pandas/_libs/join.cpython-311-x86_64-linux-gnu.so
7fd6383dd000-7fd6383f4000 r--p 0021d000 00:1f8 141832290850              /mnt/primary/conda-envs/semantic_uncertainty_export/lib/python3.11/site-packages/pandas/_libs/join.cpython-311-x86_64-linux-gnu.so
7fd6383f4000-7fd6383f5000 r--p 00233000 00:1f8 141832290850              /mnt/primary/conda-envs/semantic_uncertainty_export/lib/python3.11/site-packages/pandas/_libs/join.cpython-311-x86_64-linux-gnu.so
7fd6383f5000-7fd6383fd000 rw-p 00234000 00:1f8 141832290850              /mnt/primary/conda-envs/semantic_uncertainty_export/lib/python3.11/site-packages/pandas/_libs/join.cpython-311-x86_64-linux-gnu.so
7fd6383fd000-7fd638400000 rw-p 00000000 00:00 0 
7fd638400000-7fd638401000 ---p 00000000 00:00 0 
7fd638401000-7fd638c01000 rw-p 00000000 00:00 0 
7fd638c02000-7fd638c03000 r--p 00000000 00:1f8 70898546230               /mnt/primary/conda-envs/semantic_uncertainty_export/lib/libsharpyuv.so.0.0.1
7fd638c03000-7fd638c07000 r-xp 00001000 00:1f8 70898546230               /mnt/primary/conda-envs/semantic_uncertainty_export/lib/libsharpyuv.so.0.0.1
7fd638c07000-7fd638c08000 r--p 00005000 00:1f8 70898546230               /mnt/primary/conda-envs/semantic_uncertainty_export/lib/libsharpyuv.so.0.0.1
7fd638c08000-7fd638c09000 r--p 00005000 00:1f8 70898546230               /mnt/primary/conda-envs/semantic_uncertainty_export/lib/libsharpyuv.so.0.0.1
7fd638c09000-7fd638c0a000 rw-p 00006000 00:1f8 70898546230               /mnt/primary/conda-envs/semantic_uncertainty_export/lib/libsharpyuv.so.0.0.1
7fd638c0a000-7fd638c0b000 rw-p 00000000 00:00 0 
7fd638c0b000-7fd638c0e000 r--p 00000000 00:1f8 49458313774               /mnt/primary/conda-envs/semantic_uncertainty_export/lib/python3.11/site-packages/scipy/special/_ellip_harm_2.cpython-311-x86_64-linux-gnu.so
7fd638c0e000-7fd638c1d000 r-xp 00003000 00:1f8 49458313774               /mnt/primary/conda-envs/semantic_uncertainty_export/lib/python3.11/site-packages/scipy/special/_ellip_harm_2.cpython-311-x86_64-linux-gnu.so
7fd638c1d000-7fd638c1f000 r--p 00012000 00:1f8 49458313774               /mnt/primary/conda-envs/semantic_uncertainty_export/lib/python3.11/site-packages/scipy/special/_ellip_harm_2.cpython-311-x86_64-linux-gnu.so
7fd638c1f000-7fd638c20000 ---p 00014000 00:1f8 49458313774               /mnt/primary/conda-envs/semantic_uncertainty_export/lib/python3.11/site-packages/scipy/special/_ellip_harm_2.cpython-311-x86_64-linux-gnu.so
7fd638c20000-7fd638c21000 r--p 00014000 00:1f8 49458313774               /mnt/primary/conda-envs/semantic_uncertainty_export/lib/python3.11/site-packages/scipy/special/_ellip_harm_2.cpython-311-x86_64-linux-gnu.so
7fd638c21000-7fd638c22000 rw-p 00015000 00:1f8 49458313774               /mnt/primary/conda-envs/semantic_uncertainty_export/lib/python3.11/site-packages/scipy/special/_ellip_harm_2.cpython-311-x86_64-linux-gnu.so
7fd638c22000-7fd638c23000 rw-p 00000000 00:00 0 
7fd638c23000-7fd638c26000 rw-p 0001a000 00:1f8 49458313774               /mnt/primary/conda-envs/semantic_uncertainty_export/lib/python3.11/site-packages/scipy/special/_ellip_harm_2.cpython-311-x86_64-linux-gnu.so
7fd638c26000-7fd638c2c000 r--p 00000000 00:1f8 19514561038               /mnt/primary/conda-envs/semantic_uncertainty_export/lib/python3.11/site-packages/scipy/linalg/_solve_toeplitz.cpython-311-x86_64-linux-gnu.so
7fd638c2c000-7fd638c54000 r-xp 00006000 00:1f8 19514561038               /mnt/primary/conda-envs/semantic_uncertainty_export/lib/python3.11/site-packages/scipy/linalg/_solve_toeplitz.cpython-311-x86_64-linux-gnu.so
7fd638c54000-7fd638c5b000 r--p 0002e000 00:1f8 19514561038               /mnt/primary/conda-envs/semantic_uncertainty_export/lib/python3.11/site-packages/scipy/linalg/_solve_toeplitz.cpython-311-x86_64-linux-gnu.so
7fd638c5b000-7fd638c5c000 r--p 00034000 00:1f8 19514561038               /mnt/primary/conda-envs/semantic_uncertainty_export/lib/python3.11/site-packages/scipy/linalg/_solve_toeplitz.cpython-311-x86_64-linux-gnu.so
7fd638c5c000-7fd638c60000 rw-p 00035000 00:1f8 19514561038               /mnt/primary/conda-envs/semantic_uncertainty_export/lib/python3.11/site-packages/scipy/linalg/_solve_toeplitz.cpython-311-x86_64-linux-gnu.so
7fd638c60000-7fd638c6e000 r--p 00000000 00:1f8 19514561061               /mnt/primary/conda-envs/semantic_uncertainty_export/lib/python3.11/site-packages/scipy/linalg/_fblas.cpython-311-x86_64-linux-gnu.so
7fd638c6e000-7fd638cb5000 r-xp 0000e000 00:1f8 19514561061               /mnt/primary/conda-envs/semantic_uncertainty_export/lib/python3.11/site-packages/scipy/linalg/_fblas.cpython-311-x86_64-linux-gnu.so
7fd638cb5000-7fd638cd6000 r--p 00055000 00:1f8 19514561061               /mnt/primary/conda-envs/semantic_uncertainty_export/lib/python3.11/site-packages/scipy/linalg/_fblas.cpython-311-x86_64-linux-gnu.so
7fd638cd6000-7fd638cd7000 r--p 00075000 00:1f8 19514561061               /mnt/primary/conda-envs/semantic_uncertainty_export/lib/python3.11/site-packages/scipy/linalg/_fblas.cpython-311-x86_64-linux-gnu.so
7fd638cd7000-7fd638cfd000 rw-p 00076000 00:1f8 19514561061               /mnt/primary/conda-envs/semantic_uncertainty_export/lib/python3.11/site-packages/scipy/linalg/_fblas.cpython-311-x86_64-linux-gnu.so
7fd638cfd000-7fd638d00000 rw-p 000a4000 00:1f8 19514561061               /mnt/primary/conda-envs/semantic_uncertainty_export/lib/python3.11/site-packages/scipy/linalg/_fblas.cpython-311-x86_64-linux-gnu.so
7fd638d00000-7fd638e00000 rw-p 00000000 00:00 0 
7fd638e00000-7fd638e01000 ---p 00000000 00:00 0 
7fd638e01000-7fd639601000 rw-p 00000000 00:00 0 
7fd639603000-7fd63960b000 r--p 00000000 00:1f8 19514561025               /mnt/primary/conda-envs/semantic_uncertainty_export/lib/python3.11/site-packages/scipy/linalg/_cythonized_array_utils.cpython-311-x86_64-linux-gnu.so
7fd63960b000-7fd639660000 r-xp 00008000 00:1f8 19514561025               /mnt/primary/conda-envs/semantic_uncertainty_export/lib/python3.11/site-packages/scipy/linalg/_cythonized_array_utils.cpython-311-x86_64-linux-gnu.so
7fd639660000-7fd63966c000 r--p 0005d000 00:1f8 19514561025               /mnt/primary/conda-envs/semantic_uncertainty_export/lib/python3.11/site-packages/scipy/linalg/_cythonized_array_utils.cpython-311-x86_64-linux-gnu.so
7fd63966c000-7fd63966d000 r--p 00068000 00:1f8 19514561025               /mnt/primary/conda-envs/semantic_uncertainty_export/lib/python3.11/site-packages/scipy/linalg/_cythonized_array_utils.cpython-311-x86_64-linux-gnu.so
7fd63966d000-7fd639673000 rw-p 00069000 00:1f8 19514561025               /mnt/primary/conda-envs/semantic_uncertainty_export/lib/python3.11/site-packages/scipy/linalg/_cythonized_array_utils.cpython-311-x86_64-linux-gnu.so
7fd639673000-7fd639674000 rw-p 00000000 00:00 0 
7fd639674000-7fd63967e000 r--p 00000000 00:1f8 133230555197              /mnt/primary/conda-envs/semantic_uncertainty_export/lib/python3.11/site-packages/scipy/sparse/_csparsetools.cpython-311-x86_64-linux-gnu.so
7fd63967e000-7fd6396e9000 r-xp 0000a000 00:1f8 133230555197              /mnt/primary/conda-envs/semantic_uncertainty_export/lib/python3.11/site-packages/scipy/sparse/_csparsetools.cpython-311-x86_64-linux-gnu.so
7fd6396e9000-7fd6396f7000 r--p 00075000 00:1f8 133230555197              /mnt/primary/conda-envs/semantic_uncertainty_export/lib/python3.11/site-packages/scipy/sparse/_csparsetools.cpython-311-x86_64-linux-gnu.so
7fd6396f7000-7fd6396f8000 r--p 00082000 00:1f8 133230555197              /mnt/primary/conda-envs/semantic_uncertainty_export/lib/python3.11/site-packages/scipy/sparse/_csparsetools.cpython-311-x86_64-linux-gnu.so
7fd6396f8000-7fd6396ff000 rw-p 00083000 00:1f8 133230555197              /mnt/primary/conda-envs/semantic_uncertainty_export/lib/python3.11/site-packages/scipy/sparse/_csparsetools.cpython-311-x86_64-linux-gnu.so
7fd6396ff000-7fd639800000 rw-p 00000000 00:00 0 
7fd639800000-7fd639801000 ---p 00000000 00:00 0 
7fd639801000-7fd63a001000 rw-p 00000000 00:00 0 
7fd63a005000-7fd63a009000 r--p 00000000 00:1f8 163552721433              /mnt/primary/conda-envs/semantic_uncertainty_export/lib/python3.11/site-packages/scipy/sparse/csgraph/_tools.cpython-311-x86_64-linux-gnu.so
7fd63a009000-7fd63a022000 r-xp 00004000 00:1f8 163552721433              /mnt/primary/conda-envs/semantic_uncertainty_export/lib/python3.11/site-packages/scipy/sparse/csgraph/_tools.cpython-311-x86_64-linux-gnu.so
7fd63a022000-7fd63a028000 r--p 0001d000 00:1f8 163552721433              /mnt/primary/conda-envs/semantic_uncertainty_export/lib/python3.11/site-packages/scipy/sparse/csgraph/_tools.cpython-311-x86_64-linux-gnu.so
7fd63a028000-7fd63a029000 ---p 00023000 00:1f8 163552721433              /mnt/primary/conda-envs/semantic_uncertainty_export/lib/python3.11/site-packages/scipy/sparse/csgraph/_tools.cpython-311-x86_64-linux-gnu.so
7fd63a029000-7fd63a02a000 r--p 00023000 00:1f8 163552721433              /mnt/primary/conda-envs/semantic_uncertainty_export/lib/python3.11/site-packages/scipy/sparse/csgraph/_tools.cpython-311-x86_64-linux-gnu.so
7fd63a02a000-7fd63a02f000 rw-p 00024000 00:1f8 163552721433              /mnt/primary/conda-envs/semantic_uncertainty_export/lib/python3.11/site-packages/scipy/sparse/csgraph/_tools.cpython-311-x86_64-linux-gnu.so
7fd63a02f000-7fd63a039000 r--p 00000000 00:1f8 40842680338               /mnt/primary/conda-envs/semantic_uncertainty_export/lib/python3.11/site-packages/scipy/spatial/_ckdtree.cpython-311-x86_64-linux-gnu.so
7fd63a039000-7fd63a0da000 r-xp 0000a000 00:1f8 40842680338               /mnt/primary/conda-envs/semantic_uncertainty_export/lib/python3.11/site-packages/scipy/spatial/_ckdtree.cpython-311-x86_64-linux-gnu.so
7fd63a0da000-7fd63a0f3000 r--p 000ab000 00:1f8 40842680338               /mnt/primary/conda-envs/semantic_uncertainty_export/lib/python3.11/site-packages/scipy/spatial/_ckdtree.cpython-311-x86_64-linux-gnu.so
7fd63a0f3000-7fd63a0f4000 r--p 000c3000 00:1f8 40842680338               /mnt/primary/conda-envs/semantic_uncertainty_export/lib/python3.11/site-packages/scipy/spatial/_ckdtree.cpython-311-x86_64-linux-gnu.so
7fd63a0f4000-7fd63a0ff000 rw-p 000c4000 00:1f8 40842680338               /mnt/primary/conda-envs/semantic_uncertainty_export/lib/python3.11/site-packages/scipy/spatial/_ckdtree.cpython-311-x86_64-linux-gnu.so
7fd63a0ff000-7fd63a200000 rw-p 00000000 00:00 0 
7fd63a200000-7fd63a201000 ---p 00000000 00:00 0 
7fd63a201000-7fd63aa01000 rw-p 00000000 00:00 0 
7fd63aa02000-7fd63aa14000 r--p 00000000 00:1f8 141832290874              /mnt/primary/conda-envs/semantic_uncertainty_export/lib/python3.11/site-packages/pandas/_libs/groupby.cpython-311-x86_64-linux-gnu.so
7fd63aa14000-7fd63abc8000 r-xp 00012000 00:1f8 141832290874              /mnt/primary/conda-envs/semantic_uncertainty_export/lib/python3.11/site-packages/pandas/_libs/groupby.cpython-311-x86_64-linux-gnu.so
7fd63abc8000-7fd63abed000 r--p 001c6000 00:1f8 141832290874              /mnt/primary/conda-envs/semantic_uncertainty_export/lib/python3.11/site-packages/pandas/_libs/groupby.cpython-311-x86_64-linux-gnu.so
7fd63abed000-7fd63abee000 ---p 001eb000 00:1f8 141832290874              /mnt/primary/conda-envs/semantic_uncertainty_export/lib/python3.11/site-packages/pandas/_libs/groupby.cpython-311-x86_64-linux-gnu.so
7fd63abee000-7fd63abef000 r--p 001eb000 00:1f8 141832290874              /mnt/primary/conda-envs/semantic_uncertainty_export/lib/python3.11/site-packages/pandas/_libs/groupby.cpython-311-x86_64-linux-gnu.so
7fd63abef000-7fd63abfd000 rw-p 001ec000 00:1f8 141832290874              /mnt/primary/conda-envs/semantic_uncertainty_export/lib/python3.11/site-packages/pandas/_libs/groupby.cpython-311-x86_64-linux-gnu.so
7fd63abfd000-7fd63ac00000 rw-p 00000000 00:00 0 
7fd63ac00000-7fd63ac01000 ---p 00000000 00:00 0 
7fd63ac01000-7fd63b401000 rw-p 00000000 00:00 0 
7fd63b407000-7fd63b409000 r--p 00000000 00:1f8 40842680351               /mnt/primary/conda-envs/semantic_uncertainty_export/lib/python3.11/site-packages/scipy/spatial/_distance_wrap.cpython-311-x86_64-linux-gnu.so
7fd63b409000-7fd63b41d000 r-xp 00002000 00:1f8 40842680351               /mnt/primary/conda-envs/semantic_uncertainty_export/lib/python3.11/site-packages/scipy/spatial/_distance_wrap.cpython-311-x86_64-linux-gnu.so
7fd63b41d000-7fd63b41f000 r--p 00016000 00:1f8 40842680351               /mnt/primary/conda-envs/semantic_uncertainty_export/lib/python3.11/site-packages/scipy/spatial/_distance_wrap.cpython-311-x86_64-linux-gnu.so
7fd63b41f000-7fd63b420000 ---p 00018000 00:1f8 40842680351               /mnt/primary/conda-envs/semantic_uncertainty_export/lib/python3.11/site-packages/scipy/spatial/_distance_wrap.cpython-311-x86_64-linux-gnu.so
7fd63b420000-7fd63b421000 r--p 00018000 00:1f8 40842680351               /mnt/primary/conda-envs/semantic_uncertainty_export/lib/python3.11/site-packages/scipy/spatial/_distance_wrap.cpython-311-x86_64-linux-gnu.so
7fd63b421000-7fd63b422000 rw-p 00019000 00:1f8 40842680351               /mnt/primary/conda-envs/semantic_uncertainty_export/lib/python3.11/site-packages/scipy/spatial/_distance_wrap.cpython-311-x86_64-linux-gnu.so
7fd63b422000-7fd63b424000 r--p 00000000 00:1f8 19514561068               /mnt/primary/conda-envs/semantic_uncertainty_export/lib/python3.11/site-packages/scipy/linalg/_flinalg.cpython-311-x86_64-linux-gnu.so
7fd63b424000-7fd63b42c000 r-xp 00002000 00:1f8 19514561068               /mnt/primary/conda-envs/semantic_uncertainty_export/lib/python3.11/site-packages/scipy/linalg/_flinalg.cpython-311-x86_64-linux-gnu.so
7fd63b42c000-7fd63b42f000 r--p 0000a000 00:1f8 19514561068               /mnt/primary/conda-envs/semantic_uncertainty_export/lib/python3.11/site-packages/scipy/linalg/_flinalg.cpython-311-x86_64-linux-gnu.so
7fd63b42f000-7fd63b430000 r--p 0000c000 00:1f8 19514561068               /mnt/primary/conda-envs/semantic_uncertainty_export/lib/python3.11/site-packages/scipy/linalg/_flinalg.cpython-311-x86_64-linux-gnu.so
7fd63b430000-7fd63b433000 rw-p 0000d000 00:1f8 19514561068               /mnt/primary/conda-envs/semantic_uncertainty_export/lib/python3.11/site-packages/scipy/linalg/_flinalg.cpython-311-x86_64-linux-gnu.so
7fd63b433000-7fd63b435000 rw-p 00012000 00:1f8 19514561068               /mnt/primary/conda-envs/semantic_uncertainty_export/lib/python3.11/site-packages/scipy/linalg/_flinalg.cpython-311-x86_64-linux-gnu.so
7fd63b435000-7fd63b439000 r--p 00000000 00:1f8 141825670163              /mnt/primary/conda-envs/semantic_uncertainty_export/lib/python3.11/site-packages/scipy/sparse/linalg/_isolve/_iterative.cpython-311-x86_64-linux-gnu.so
7fd63b439000-7fd63b45e000 r-xp 00004000 00:1f8 141825670163              /mnt/primary/conda-envs/semantic_uncertainty_export/lib/python3.11/site-packages/scipy/sparse/linalg/_isolve/_iterative.cpython-311-x86_64-linux-gnu.so
7fd63b45e000-7fd63b468000 r--p 00029000 00:1f8 141825670163              /mnt/primary/conda-envs/semantic_uncertainty_export/lib/python3.11/site-packages/scipy/sparse/linalg/_isolve/_iterative.cpython-311-x86_64-linux-gnu.so
7fd63b468000-7fd63b469000 r--p 00032000 00:1f8 141825670163              /mnt/primary/conda-envs/semantic_uncertainty_export/lib/python3.11/site-packages/scipy/sparse/linalg/_isolve/_iterative.cpython-311-x86_64-linux-gnu.so
7fd63b469000-7fd63b470000 rw-p 00033000 00:1f8 141825670163              /mnt/primary/conda-envs/semantic_uncertainty_export/lib/python3.11/site-packages/scipy/sparse/linalg/_isolve/_iterative.cpython-311-x86_64-linux-gnu.so
7fd63b470000-7fd63b471000 rw-p 00000000 00:00 0 
7fd63b471000-7fd63b474000 rw-p 00042000 00:1f8 141825670163              /mnt/primary/conda-envs/semantic_uncertainty_export/lib/python3.11/site-packages/scipy/sparse/linalg/_isolve/_iterative.cpython-311-x86_64-linux-gnu.so
7fd63b474000-7fd63b47f000 r--p 00000000 00:1f8 141832290844              /mnt/primary/conda-envs/semantic_uncertainty_export/lib/python3.11/site-packages/pandas/_libs/parsers.cpython-311-x86_64-linux-gnu.so
7fd63b47f000-7fd63b4e9000 r-xp 0000b000 00:1f8 141832290844              /mnt/primary/conda-envs/semantic_uncertainty_export/lib/python3.11/site-packages/pandas/_libs/parsers.cpython-311-x86_64-linux-gnu.so
7fd63b4e9000-7fd63b4f5000 r--p 00075000 00:1f8 141832290844              /mnt/primary/conda-envs/semantic_uncertainty_export/lib/python3.11/site-packages/pandas/_libs/parsers.cpython-311-x86_64-linux-gnu.so
7fd63b4f5000-7fd63b4f6000 ---p 00081000 00:1f8 141832290844              /mnt/primary/conda-envs/semantic_uncertainty_export/lib/python3.11/site-packages/pandas/_libs/parsers.cpython-311-x86_64-linux-gnu.so
7fd63b4f6000-7fd63b4f7000 r--p 00081000 00:1f8 141832290844              /mnt/primary/conda-envs/semantic_uncertainty_export/lib/python3.11/site-packages/pandas/_libs/parsers.cpython-311-x86_64-linux-gnu.so
7fd63b4f7000-7fd63b4fe000 rw-p 00082000 00:1f8 141832290844              /mnt/primary/conda-envs/semantic_uncertainty_export/lib/python3.11/site-packages/pandas/_libs/parsers.cpython-311-x86_64-linux-gnu.so
7fd63b4fe000-7fd63b600000 rw-p 00000000 00:00 0 
7fd63b600000-7fd63b601000 ---p 00000000 00:00 0 
7fd63b601000-7fd63be01000 rw-p 00000000 00:00 0 
7fd63be01000-7fd63be09000 rw-s 00000000 08:04 2229438208                 /tmp/hsperfdata_root/26591 (deleted)
7fd63be09000-7fd63be0d000 r--p 00000000 00:1f8 141832290851              /mnt/primary/conda-envs/semantic_uncertainty_export/lib/python3.11/site-packages/pandas/_libs/testing.cpython-311-x86_64-linux-gnu.so
7fd63be0d000-7fd63be1d000 r-xp 00004000 00:1f8 141832290851              /mnt/primary/conda-envs/semantic_uncertainty_export/lib/python3.11/site-packages/pandas/_libs/testing.cpython-311-x86_64-linux-gnu.so
7fd63be1d000-7fd63be1f000 r--p 00014000 00:1f8 141832290851              /mnt/primary/conda-envs/semantic_uncertainty_export/lib/python3.11/site-packages/pandas/_libs/testing.cpython-311-x86_64-linux-gnu.so
7fd63be1f000-7fd63be20000 r--p 00015000 00:1f8 141832290851              /mnt/primary/conda-envs/semantic_uncertainty_export/lib/python3.11/site-packages/pandas/_libs/testing.cpython-311-x86_64-linux-gnu.so
7fd63be20000-7fd63be22000 rw-p 00016000 00:1f8 141832290851              /mnt/primary/conda-envs/semantic_uncertainty_export/lib/python3.11/site-packages/pandas/_libs/testing.cpython-311-x86_64-linux-gnu.so
7fd63be22000-7fd63be29000 r--p 00000000 00:1f8 141832290858              /mnt/primary/conda-envs/semantic_uncertainty_export/lib/python3.11/site-packages/pandas/_libs/reshape.cpython-311-x86_64-linux-gnu.so
7fd63be29000-7fd63be58000 r-xp 00007000 00:1f8 141832290858              /mnt/primary/conda-envs/semantic_uncertainty_export/lib/python3.11/site-packages/pandas/_libs/reshape.cpython-311-x86_64-linux-gnu.so
7fd63be58000-7fd63be60000 r--p 00036000 00:1f8 141832290858              /mnt/primary/conda-envs/semantic_uncertainty_export/lib/python3.11/site-packages/pandas/_libs/reshape.cpython-311-x86_64-linux-gnu.so
7fd63be60000-7fd63be61000 r--p 0003d000 00:1f8 141832290858              /mnt/primary/conda-envs/semantic_uncertainty_export/lib/python3.11/site-packages/pandas/_libs/reshape.cpython-311-x86_64-linux-gnu.so
7fd63be61000-7fd63be65000 rw-p 0003e000 00:1f8 141832290858              /mnt/primary/conda-envs/semantic_uncertainty_export/lib/python3.11/site-packages/pandas/_libs/reshape.cpython-311-x86_64-linux-gnu.so
7fd63be65000-7fd63bf66000 rw-p 00000000 00:00 0 
7fd63bf66000-7fd63bf6f000 r--p 00000000 00:1f8 143899507729              /mnt/primary/conda-envs/semantic_uncertainty_export/lib/python3.11/site-packages/pandas/_libs/window/aggregations.cpython-311-x86_64-linux-gnu.so
7fd63bf6f000-7fd63bfb6000 r-xp 00009000 00:1f8 143899507729              /mnt/primary/conda-envs/semantic_uncertainty_export/lib/python3.11/site-packages/pandas/_libs/window/aggregations.cpython-311-x86_64-linux-gnu.so
7fd63bfb6000-7fd63bfbf000 r--p 00050000 00:1f8 143899507729              /mnt/primary/conda-envs/semantic_uncertainty_export/lib/python3.11/site-packages/pandas/_libs/window/aggregations.cpython-311-x86_64-linux-gnu.so
7fd63bfbf000-7fd63bfc0000 ---p 00059000 00:1f8 143899507729              /mnt/primary/conda-envs/semantic_uncertainty_export/lib/python3.11/site-packages/pandas/_libs/window/aggregations.cpython-311-x86_64-linux-gnu.so
7fd63bfc0000-7fd63bfc1000 r--p 00059000 00:1f8 143899507729              /mnt/primary/conda-envs/semantic_uncertainty_export/lib/python3.11/site-packages/pandas/_libs/window/aggregations.cpython-311-x86_64-linux-gnu.so
7fd63bfc1000-7fd63bfc6000 rw-p 0005a000 00:1f8 143899507729              /mnt/primary/conda-envs/semantic_uncertainty_export/lib/python3.11/site-packages/pandas/_libs/window/aggregations.cpython-311-x86_64-linux-gnu.so
7fd63bfc6000-7fd63bfc8000 rw-p 00000000 00:00 0 
7fd63bfc8000-7fd63bfcf000 r--p 00000000 00:1f8 141832290863              /mnt/primary/conda-envs/semantic_uncertainty_export/lib/python3.11/site-packages/pandas/_libs/writers.cpython-311-x86_64-linux-gnu.so
7fd63bfcf000-7fd63bff3000 r-xp 00007000 00:1f8 141832290863              /mnt/primary/conda-envs/semantic_uncertainty_export/lib/python3.11/site-packages/pandas/_libs/writers.cpython-311-x86_64-linux-gnu.so
7fd63bff3000-7fd63bffa000 r--p 0002b000 00:1f8 141832290863              /mnt/primary/conda-envs/semantic_uncertainty_export/lib/python3.11/site-packages/pandas/_libs/writers.cpython-311-x86_64-linux-gnu.so
7fd63bffa000-7fd63bffb000 r--p 00031000 00:1f8 141832290863              /mnt/primary/conda-envs/semantic_uncertainty_export/lib/python3.11/site-packages/pandas/_libs/writers.cpython-311-x86_64-linux-gnu.so
7fd63bffb000-7fd63bfff000 rw-p 00032000 00:1f8 141832290863              /mnt/primary/conda-envs/semantic_uncertainty_export/lib/python3.11/site-packages/pandas/_libs/writers.cpython-311-x86_64-linux-gnu.so
7fd63bfff000-7fd63c000000 rw-p 00000000 00:00 0 
7fd63c000000-7fd63c021000 rw-p 00000000 00:00 0 
7fd63c021000-7fd640000000 ---p 00000000 00:00 0 
7fd640000000-7fd640200000 rw-p 00000000 00:00 0 
7fd640200000-7fd640201000 ---p 00000000 00:00 0 
7fd640201000-7fd640a01000 rw-p 00000000 00:00 0 
7fd640a03000-7fd640a08000 r--p 00000000 00:1f8 143899507730              /mnt/primary/conda-envs/semantic_uncertainty_export/lib/python3.11/site-packages/pandas/_libs/window/indexers.cpython-311-x86_64-linux-gnu.so
7fd640a08000-7fd640a27000 r-xp 00005000 00:1f8 143899507730              /mnt/primary/conda-envs/semantic_uncertainty_export/lib/python3.11/site-packages/pandas/_libs/window/indexers.cpython-311-x86_64-linux-gnu.so
7fd640a27000-7fd640a2d000 r--p 00024000 00:1f8 143899507730              /mnt/primary/conda-envs/semantic_uncertainty_export/lib/python3.11/site-packages/pandas/_libs/window/indexers.cpython-311-x86_64-linux-gnu.so
7fd640a2d000-7fd640a2e000 r--p 00029000 00:1f8 143899507730              /mnt/primary/conda-envs/semantic_uncertainty_export/lib/python3.11/site-packages/pandas/_libs/window/indexers.cpython-311-x86_64-linux-gnu.so
7fd640a2e000-7fd640a31000 rw-p 0002a000 00:1f8 143899507730              /mnt/primary/conda-envs/semantic_uncertainty_export/lib/python3.11/site-packages/pandas/_libs/window/indexers.cpython-311-x86_64-linux-gnu.so
7fd640a31000-7fd640b31000 rw-p 00000000 00:00 0 
7fd640b31000-7fd640fdf000 r--p 00000000 00:1f8 169691131401              /mnt/primary/conda-envs/semantic_uncertainty_export/lib/python3.11/site-packages/pyarrow/libarrow.so.2000
7fd640fdf000-7fd643395000 r-xp 004ae000 00:1f8 169691131401              /mnt/primary/conda-envs/semantic_uncertainty_export/lib/python3.11/site-packages/pyarrow/libarrow.so.2000
7fd643395000-7fd643c52000 r--p 02864000 00:1f8 169691131401              /mnt/primary/conda-envs/semantic_uncertainty_export/lib/python3.11/site-packages/pyarrow/libarrow.so.2000
7fd643c52000-7fd643d43000 r--p 03120000 00:1f8 169691131401              /mnt/primary/conda-envs/semantic_uncertainty_export/lib/python3.11/site-packages/pyarrow/libarrow.so.2000
7fd643d43000-7fd643d76000 rw-p 03211000 00:1f8 169691131401              /mnt/primary/conda-envs/semantic_uncertainty_export/lib/python3.11/site-packages/pyarrow/libarrow.so.2000
7fd643d76000-7fd644000000 rw-p 00000000 00:00 0 
7fd644000000-7fd644021000 rw-p 00000000 00:00 0 
7fd644021000-7fd648000000 ---p 00000000 00:00 0 
7fd648001000-7fd648003000 r--p 00000000 00:1f8 77350671928               /mnt/primary/conda-envs/semantic_uncertainty_export/lib/python3.11/site-packages/scipy/stats/_levy_stable/levyst.cpython-311-x86_64-linux-gnu.so
7fd648003000-7fd648006000 r-xp 00002000 00:1f8 77350671928               /mnt/primary/conda-envs/semantic_uncertainty_export/lib/python3.11/site-packages/scipy/stats/_levy_stable/levyst.cpython-311-x86_64-linux-gnu.so
7fd648006000-7fd648007000 r--p 00005000 00:1f8 77350671928               /mnt/primary/conda-envs/semantic_uncertainty_export/lib/python3.11/site-packages/scipy/stats/_levy_stable/levyst.cpython-311-x86_64-linux-gnu.so
7fd648007000-7fd648008000 ---p 00006000 00:1f8 77350671928               /mnt/primary/conda-envs/semantic_uncertainty_export/lib/python3.11/site-packages/scipy/stats/_levy_stable/levyst.cpython-311-x86_64-linux-gnu.so
7fd648008000-7fd648009000 r--p 00006000 00:1f8 77350671928               /mnt/primary/conda-envs/semantic_uncertainty_export/lib/python3.11/site-packages/scipy/stats/_levy_stable/levyst.cpython-311-x86_64-linux-gnu.so
7fd648009000-7fd64800a000 rw-p 00007000 00:1f8 77350671928               /mnt/primary/conda-envs/semantic_uncertainty_export/lib/python3.11/site-packages/scipy/stats/_levy_stable/levyst.cpython-311-x86_64-linux-gnu.so
7fd64800a000-7fd648017000 r--p 00000000 00:1f8 141832290856              /mnt/primary/conda-envs/semantic_uncertainty_export/lib/python3.11/site-packages/pandas/_libs/index.cpython-311-x86_64-linux-gnu.so
7fd648017000-7fd6480cc000 r-xp 0000d000 00:1f8 141832290856              /mnt/primary/conda-envs/semantic_uncertainty_export/lib/python3.11/site-packages/pandas/_libs/index.cpython-311-x86_64-linux-gnu.so
7fd6480cc000-7fd6480e2000 r--p 000c2000 00:1f8 141832290856              /mnt/primary/conda-envs/semantic_uncertainty_export/lib/python3.11/site-packages/pandas/_libs/index.cpython-311-x86_64-linux-gnu.so
7fd6480e2000-7fd6480e3000 r--p 000d7000 00:1f8 141832290856              /mnt/primary/conda-envs/semantic_uncertainty_export/lib/python3.11/site-packages/pandas/_libs/index.cpython-311-x86_64-linux-gnu.so
7fd6480e3000-7fd6480ef000 rw-p 000d8000 00:1f8 141832290856              /mnt/primary/conda-envs/semantic_uncertainty_export/lib/python3.11/site-packages/pandas/_libs/index.cpython-311-x86_64-linux-gnu.so
7fd6480ef000-7fd6480f1000 rw-p 00000000 00:00 0 
7fd6480f1000-7fd6481f6000 r--p 00000000 00:1f8 70924951587               /mnt/primary/conda-envs/semantic_uncertainty_export/lib/libmkl_avx512.so.2
7fd6481f6000-7fd64bc3f000 r-xp 00105000 00:1f8 70924951587               /mnt/primary/conda-envs/semantic_uncertainty_export/lib/libmkl_avx512.so.2
7fd64bc3f000-7fd64bf61000 r--p 03b4e000 00:1f8 70924951587               /mnt/primary/conda-envs/semantic_uncertainty_export/lib/libmkl_avx512.so.2
7fd64bf61000-7fd64bf6a000 r--p 03e6f000 00:1f8 70924951587               /mnt/primary/conda-envs/semantic_uncertainty_export/lib/libmkl_avx512.so.2
7fd64bf6a000-7fd64bf78000 rw-p 03e78000 00:1f8 70924951587               /mnt/primary/conda-envs/semantic_uncertainty_export/lib/libmkl_avx512.so.2
7fd64bf78000-7fd64bf79000 rw-p 00000000 00:00 0 
7fd64bf79000-7fd64c000000 rw-p 03fac000 00:1f8 70924951587               /mnt/primary/conda-envs/semantic_uncertainty_export/lib/libmkl_avx512.so.2
7fd64c000000-7fd64c021000 rw-p 00000000 00:00 0 
7fd64c021000-7fd650000000 ---p 00000000 00:00 0 
7fd650003000-7fd650005000 r--p 00000000 00:1f8 45438459395               /mnt/primary/conda-envs/semantic_uncertainty_export/lib/python3.11/lib-dynload/cmath.cpython-311-x86_64-linux-gnu.so
7fd650005000-7fd65000f000 r-xp 00002000 00:1f8 45438459395               /mnt/primary/conda-envs/semantic_uncertainty_export/lib/python3.11/lib-dynload/cmath.cpython-311-x86_64-linux-gnu.so
7fd65000f000-7fd650011000 r--p 0000c000 00:1f8 45438459395               /mnt/primary/conda-envs/semantic_uncertainty_export/lib/python3.11/lib-dynload/cmath.cpython-311-x86_64-linux-gnu.so
7fd650011000-7fd650012000 ---p 0000e000 00:1f8 45438459395               /mnt/primary/conda-envs/semantic_uncertainty_export/lib/python3.11/lib-dynload/cmath.cpython-311-x86_64-linux-gnu.so
7fd650012000-7fd650013000 r--p 0000e000 00:1f8 45438459395               /mnt/primary/conda-envs/semantic_uncertainty_export/lib/python3.11/lib-dynload/cmath.cpython-311-x86_64-linux-gnu.so
7fd650013000-7fd650014000 rw-p 0000f000 00:1f8 45438459395               /mnt/primary/conda-envs/semantic_uncertainty_export/lib/python3.11/lib-dynload/cmath.cpython-311-x86_64-linux-gnu.so
7fd650014000-7fd650016000 rw-p 00000000 00:00 0 
7fd650016000-7fd65001f000 r--p 00000000 00:1f8 141832290857              /mnt/primary/conda-envs/semantic_uncertainty_export/lib/python3.11/site-packages/pandas/_libs/internals.cpython-311-x86_64-linux-gnu.so
7fd65001f000-7fd650065000 r-xp 00009000 00:1f8 141832290857              /mnt/primary/conda-envs/semantic_uncertainty_export/lib/python3.11/site-packages/pandas/_libs/internals.cpython-311-x86_64-linux-gnu.so
7fd650065000-7fd650070000 r--p 0004f000 00:1f8 141832290857              /mnt/primary/conda-envs/semantic_uncertainty_export/lib/python3.11/site-packages/pandas/_libs/internals.cpython-311-x86_64-linux-gnu.so
7fd650070000-7fd650071000 r--p 00059000 00:1f8 141832290857              /mnt/primary/conda-envs/semantic_uncertainty_export/lib/python3.11/site-packages/pandas/_libs/internals.cpython-311-x86_64-linux-gnu.so
7fd650071000-7fd650077000 rw-p 0005a000 00:1f8 141832290857              /mnt/primary/conda-envs/semantic_uncertainty_export/lib/python3.11/site-packages/pandas/_libs/internals.cpython-311-x86_64-linux-gnu.so
7fd650077000-7fd650079000 rw-p 00000000 00:00 0 
7fd650079000-7fd650082000 r--p 00000000 00:1f8 141832290865              /mnt/primary/conda-envs/semantic_uncertainty_export/lib/python3.11/site-packages/pandas/_libs/sparse.cpython-311-x86_64-linux-gnu.so
7fd650082000-7fd65013e000 r-xp 00009000 00:1f8 141832290865              /mnt/primary/conda-envs/semantic_uncertainty_export/lib/python3.11/site-packages/pandas/_libs/sparse.cpython-311-x86_64-linux-gnu.so
7fd65013e000-7fd65014d000 r--p 000c5000 00:1f8 141832290865              /mnt/primary/conda-envs/semantic_uncertainty_export/lib/python3.11/site-packages/pandas/_libs/sparse.cpython-311-x86_64-linux-gnu.so
7fd65014d000-7fd65014e000 r--p 000d3000 00:1f8 141832290865              /mnt/primary/conda-envs/semantic_uncertainty_export/lib/python3.11/site-packages/pandas/_libs/sparse.cpython-311-x86_64-linux-gnu.so
7fd65014e000-7fd650154000 rw-p 000d4000 00:1f8 141832290865              /mnt/primary/conda-envs/semantic_uncertainty_export/lib/python3.11/site-packages/pandas/_libs/sparse.cpython-311-x86_64-linux-gnu.so
7fd650154000-7fd650155000 rw-p 00000000 00:00 0 
7fd650155000-7fd65015c000 r--p 00000000 00:1f8 141832290837              /mnt/primary/conda-envs/semantic_uncertainty_export/lib/python3.11/site-packages/pandas/_libs/tslib.cpython-311-x86_64-linux-gnu.so
7fd65015c000-7fd650191000 r-xp 00007000 00:1f8 141832290837              /mnt/primary/conda-envs/semantic_uncertainty_export/lib/python3.11/site-packages/pandas/_libs/tslib.cpython-311-x86_64-linux-gnu.so
7fd650191000-7fd650199000 r--p 0003c000 00:1f8 141832290837              /mnt/primary/conda-envs/semantic_uncertainty_export/lib/python3.11/site-packages/pandas/_libs/tslib.cpython-311-x86_64-linux-gnu.so
7fd650199000-7fd65019a000 r--p 00043000 00:1f8 141832290837              /mnt/primary/conda-envs/semantic_uncertainty_export/lib/python3.11/site-packages/pandas/_libs/tslib.cpython-311-x86_64-linux-gnu.so
7fd65019a000-7fd65019f000 rw-p 00044000 00:1f8 141832290837              /mnt/primary/conda-envs/semantic_uncertainty_export/lib/python3.11/site-packages/pandas/_libs/tslib.cpython-311-x86_64-linux-gnu.so
7fd65019f000-7fd65029f000 rw-p 00000000 00:00 0 
7fd65029f000-7fd6502a3000 r--p 00000000 00:1f8 141832290868              /mnt/primary/conda-envs/semantic_uncertainty_export/lib/python3.11/site-packages/pandas/_libs/arrays.cpython-311-x86_64-linux-gnu.so
7fd6502a3000-7fd6502b2000 r-xp 00004000 00:1f8 141832290868              /mnt/primary/conda-envs/semantic_uncertainty_export/lib/python3.11/site-packages/pandas/_libs/arrays.cpython-311-x86_64-linux-gnu.so
7fd6502b2000-7fd6502b5000 r--p 00013000 00:1f8 141832290868              /mnt/primary/conda-envs/semantic_uncertainty_export/lib/python3.11/site-packages/pandas/_libs/arrays.cpython-311-x86_64-linux-gnu.so
7fd6502b5000-7fd6502b6000 r--p 00015000 00:1f8 141832290868              /mnt/primary/conda-envs/semantic_uncertainty_export/lib/python3.11/site-packages/pandas/_libs/arrays.cpython-311-x86_64-linux-gnu.so
7fd6502b6000-7fd6502b8000 rw-p 00016000 00:1f8 141832290868              /mnt/primary/conda-envs/semantic_uncertainty_export/lib/python3.11/site-packages/pandas/_libs/arrays.cpython-311-x86_64-linux-gnu.so
7fd6502b8000-7fd6503b8000 rw-p 00000000 00:00 0 
7fd6503b8000-7fd6503e6000 r--p 00000000 00:1f8 170174514215              /mnt/primary/conda-envs/semantic_uncertainty_export/lib/python3.11/site-packages/pyarrow/_compute.cpython-311-x86_64-linux-gnu.so
7fd6503e6000-7fd650487000 r-xp 0002e000 00:1f8 170174514215              /mnt/primary/conda-envs/semantic_uncertainty_export/lib/python3.11/site-packages/pyarrow/_compute.cpython-311-x86_64-linux-gnu.so
7fd650487000-7fd6504ba000 r--p 000cf000 00:1f8 170174514215              /mnt/primary/conda-envs/semantic_uncertainty_export/lib/python3.11/site-packages/pyarrow/_compute.cpython-311-x86_64-linux-gnu.so
7fd6504ba000-7fd6504bd000 r--p 00101000 00:1f8 170174514215              /mnt/primary/conda-envs/semantic_uncertainty_export/lib/python3.11/site-packages/pyarrow/_compute.cpython-311-x86_64-linux-gnu.so
7fd6504bd000-7fd6504ca000 rw-p 00104000 00:1f8 170174514215              /mnt/primary/conda-envs/semantic_uncertainty_export/lib/python3.11/site-packages/pyarrow/_compute.cpython-311-x86_64-linux-gnu.so
7fd6504ca000-7fd6506ce000 rw-p 00000000 00:00 0 
7fd6506ce000-7fd6506dc000 r--p 00000000 00:1f8 141832290872              /mnt/primary/conda-envs/semantic_uncertainty_export/lib/python3.11/site-packages/pandas/_libs/lib.cpython-311-x86_64-linux-gnu.so
7fd6506dc000-7fd650763000 r-xp 0000e000 00:1f8 141832290872              /mnt/primary/conda-envs/semantic_uncertainty_export/lib/python3.11/site-packages/pandas/_libs/lib.cpython-311-x86_64-linux-gnu.so
7fd650763000-7fd650776000 r--p 00095000 00:1f8 141832290872              /mnt/primary/conda-envs/semantic_uncertainty_export/lib/python3.11/site-packages/pandas/_libs/lib.cpython-311-x86_64-linux-gnu.so
7fd650776000-7fd650777000 r--p 000a7000 00:1f8 141832290872              /mnt/primary/conda-envs/semantic_uncertainty_export/lib/python3.11/site-packages/pandas/_libs/lib.cpython-311-x86_64-linux-gnu.so
7fd650777000-7fd650786000 rw-p 000a8000 00:1f8 141832290872              /mnt/primary/conda-envs/semantic_uncertainty_export/lib/python3.11/site-packages/pandas/_libs/lib.cpython-311-x86_64-linux-gnu.so
7fd650786000-7fd650788000 rw-p 00000000 00:00 0 
7fd650788000-7fd65079b000 r--p 00000000 00:1f8 141832290870              /mnt/primary/conda-envs/semantic_uncertainty_export/lib/python3.11/site-packages/pandas/_libs/algos.cpython-311-x86_64-linux-gnu.so
7fd65079b000-7fd650950000 r-xp 00013000 00:1f8 141832290870              /mnt/primary/conda-envs/semantic_uncertainty_export/lib/python3.11/site-packages/pandas/_libs/algos.cpython-311-x86_64-linux-gnu.so
7fd650950000-7fd650973000 r--p 001c8000 00:1f8 141832290870              /mnt/primary/conda-envs/semantic_uncertainty_export/lib/python3.11/site-packages/pandas/_libs/algos.cpython-311-x86_64-linux-gnu.so
7fd650973000-7fd650974000 r--p 001ea000 00:1f8 141832290870              /mnt/primary/conda-envs/semantic_uncertainty_export/lib/python3.11/site-packages/pandas/_libs/algos.cpython-311-x86_64-linux-gnu.so
7fd650974000-7fd650981000 rw-p 001eb000 00:1f8 141832290870              /mnt/primary/conda-envs/semantic_uncertainty_export/lib/python3.11/site-packages/pandas/_libs/algos.cpython-311-x86_64-linux-gnu.so
7fd650981000-7fd650985000 rw-p 00000000 00:00 0 
7fd650985000-7fd650990000 r--p 00000000 00:1f8 146028901890              /mnt/primary/conda-envs/semantic_uncertainty_export/lib/python3.11/site-packages/pandas/_libs/tslibs/period.cpython-311-x86_64-linux-gnu.so
7fd650990000-7fd6509df000 r-xp 0000b000 00:1f8 146028901890              /mnt/primary/conda-envs/semantic_uncertainty_export/lib/python3.11/site-packages/pandas/_libs/tslibs/period.cpython-311-x86_64-linux-gnu.so
7fd6509df000-7fd6509f4000 r--p 0005a000 00:1f8 146028901890              /mnt/primary/conda-envs/semantic_uncertainty_export/lib/python3.11/site-packages/pandas/_libs/tslibs/period.cpython-311-x86_64-linux-gnu.so
7fd6509f4000-7fd6509f5000 r--p 0006e000 00:1f8 146028901890              /mnt/primary/conda-envs/semantic_uncertainty_export/lib/python3.11/site-packages/pandas/_libs/tslibs/period.cpython-311-x86_64-linux-gnu.so
7fd6509f5000-7fd6509ff000 rw-p 0006f000 00:1f8 146028901890              /mnt/primary/conda-envs/semantic_uncertainty_export/lib/python3.11/site-packages/pandas/_libs/tslibs/period.cpython-311-x86_64-linux-gnu.so
7fd6509ff000-7fd650a00000 rw-p 00000000 00:00 0 
7fd650a00000-7fd650e00000 rw-p 00000000 00:00 0 
7fd650e02000-7fd650e08000 r--p 00000000 00:1f8 141832290855              /mnt/primary/conda-envs/semantic_uncertainty_export/lib/python3.11/site-packages/pandas/_libs/ops.cpython-311-x86_64-linux-gnu.so
7fd650e08000-7fd650e32000 r-xp 00006000 00:1f8 141832290855              /mnt/primary/conda-envs/semantic_uncertainty_export/lib/python3.11/site-packages/pandas/_libs/ops.cpython-311-x86_64-linux-gnu.so
7fd650e32000-7fd650e39000 r--p 00030000 00:1f8 141832290855              /mnt/primary/conda-envs/semantic_uncertainty_export/lib/python3.11/site-packages/pandas/_libs/ops.cpython-311-x86_64-linux-gnu.so
7fd650e39000-7fd650e3a000 r--p 00036000 00:1f8 141832290855              /mnt/primary/conda-envs/semantic_uncertainty_export/lib/python3.11/site-packages/pandas/_libs/ops.cpython-311-x86_64-linux-gnu.so
7fd650e3a000-7fd650e3e000 rw-p 00037000 00:1f8 141832290855              /mnt/primary/conda-envs/semantic_uncertainty_export/lib/python3.11/site-packages/pandas/_libs/ops.cpython-311-x86_64-linux-gnu.so
7fd650e3e000-7fd650e47000 r--p 00000000 00:1f8 146028901896              /mnt/primary/conda-envs/semantic_uncertainty_export/lib/python3.11/site-packages/pandas/_libs/tslibs/strptime.cpython-311-x86_64-linux-gnu.so
7fd650e47000-7fd650e82000 r-xp 00009000 00:1f8 146028901896              /mnt/primary/conda-envs/semantic_uncertainty_export/lib/python3.11/site-packages/pandas/_libs/tslibs/strptime.cpython-311-x86_64-linux-gnu.so
7fd650e82000-7fd650e8b000 r--p 00044000 00:1f8 146028901896              /mnt/primary/conda-envs/semantic_uncertainty_export/lib/python3.11/site-packages/pandas/_libs/tslibs/strptime.cpython-311-x86_64-linux-gnu.so
7fd650e8b000-7fd650e8c000 r--p 0004c000 00:1f8 146028901896              /mnt/primary/conda-envs/semantic_uncertainty_export/lib/python3.11/site-packages/pandas/_libs/tslibs/strptime.cpython-311-x86_64-linux-gnu.so
7fd650e8c000-7fd650e91000 rw-p 0004d000 00:1f8 146028901896              /mnt/primary/conda-envs/semantic_uncertainty_export/lib/python3.11/site-packages/pandas/_libs/tslibs/strptime.cpython-311-x86_64-linux-gnu.so
7fd650e91000-7fd650e92000 rw-p 00000000 00:00 0 
7fd650e92000-7fd650e9c000 r--p 00000000 00:1f8 146028901912              /mnt/primary/conda-envs/semantic_uncertainty_export/lib/python3.11/site-packages/pandas/_libs/tslibs/parsing.cpython-311-x86_64-linux-gnu.so
7fd650e9c000-7fd650eeb000 r-xp 0000a000 00:1f8 146028901912              /mnt/primary/conda-envs/semantic_uncertainty_export/lib/python3.11/site-packages/pandas/_libs/tslibs/parsing.cpython-311-x86_64-linux-gnu.so
7fd650eeb000-7fd650ef7000 r--p 00059000 00:1f8 146028901912              /mnt/primary/conda-envs/semantic_uncertainty_export/lib/python3.11/site-packages/pandas/_libs/tslibs/parsing.cpython-311-x86_64-linux-gnu.so
7fd650ef7000-7fd650ef8000 r--p 00064000 00:1f8 146028901912              /mnt/primary/conda-envs/semantic_uncertainty_export/lib/python3.11/site-packages/pandas/_libs/tslibs/parsing.cpython-311-x86_64-linux-gnu.so
7fd650ef8000-7fd650eff000 rw-p 00065000 00:1f8 146028901912              /mnt/primary/conda-envs/semantic_uncertainty_export/lib/python3.11/site-packages/pandas/_libs/tslibs/parsing.cpython-311-x86_64-linux-gnu.so
7fd650eff000-7fd651000000 rw-p 00000000 00:00 0 
7fd651000000-7fd651200000 rw-p 00000000 00:00 0 
7fd651200000-7fd651400000 rw-p 00000000 00:00 0 
7fd651400000-7fd651600000 rw-p 00000000 00:00 0 
7fd651600000-7fd651601000 r--p 00000000 00:1f8 98787428873               /mnt/primary/conda-envs/semantic_uncertainty_export/lib/python3.11/site-packages/scipy/optimize/_lsap.cpython-311-x86_64-linux-gnu.so
7fd651601000-7fd651603000 r-xp 00001000 00:1f8 98787428873               /mnt/primary/conda-envs/semantic_uncertainty_export/lib/python3.11/site-packages/scipy/optimize/_lsap.cpython-311-x86_64-linux-gnu.so
7fd651603000-7fd651605000 r--p 00003000 00:1f8 98787428873               /mnt/primary/conda-envs/semantic_uncertainty_export/lib/python3.11/site-packages/scipy/optimize/_lsap.cpython-311-x86_64-linux-gnu.so
7fd651605000-7fd651606000 r--p 00004000 00:1f8 98787428873               /mnt/primary/conda-envs/semantic_uncertainty_export/lib/python3.11/site-packages/scipy/optimize/_lsap.cpython-311-x86_64-linux-gnu.so
7fd651606000-7fd651607000 rw-p 00005000 00:1f8 98787428873               /mnt/primary/conda-envs/semantic_uncertainty_export/lib/python3.11/site-packages/scipy/optimize/_lsap.cpython-311-x86_64-linux-gnu.so
7fd651607000-7fd65160a000 r--p 00000000 00:1f8 49458313786               /mnt/primary/conda-envs/semantic_uncertainty_export/lib/python3.11/site-packages/scipy/special/_comb.cpython-311-x86_64-linux-gnu.so
7fd65160a000-7fd65160e000 r-xp 00003000 00:1f8 49458313786               /mnt/primary/conda-envs/semantic_uncertainty_export/lib/python3.11/site-packages/scipy/special/_comb.cpython-311-x86_64-linux-gnu.so
7fd65160e000-7fd65160f000 r--p 00007000 00:1f8 49458313786               /mnt/primary/conda-envs/semantic_uncertainty_export/lib/python3.11/site-packages/scipy/special/_comb.cpython-311-x86_64-linux-gnu.so
7fd65160f000-7fd651610000 r--p 00007000 00:1f8 49458313786               /mnt/primary/conda-envs/semantic_uncertainty_export/lib/python3.11/site-packages/scipy/special/_comb.cpython-311-x86_64-linux-gnu.so
7fd651610000-7fd651611000 rw-p 00008000 00:1f8 49458313786               /mnt/primary/conda-envs/semantic_uncertainty_export/lib/python3.11/site-packages/scipy/special/_comb.cpython-311-x86_64-linux-gnu.so
7fd651611000-7fd651617000 r--p 00000000 00:1f8 147963220527              /mnt/primary/conda-envs/semantic_uncertainty_export/lib/python3.11/site-packages/pandas/_libs/tslibs/vectorized.cpython-311-x86_64-linux-gnu.so
7fd651617000-7fd65163c000 r-xp 00006000 00:1f8 147963220527              /mnt/primary/conda-envs/semantic_uncertainty_export/lib/python3.11/site-packages/pandas/_libs/tslibs/vectorized.cpython-311-x86_64-linux-gnu.so
7fd65163c000-7fd651643000 r--p 0002b000 00:1f8 147963220527              /mnt/primary/conda-envs/semantic_uncertainty_export/lib/python3.11/site-packages/pandas/_libs/tslibs/vectorized.cpython-311-x86_64-linux-gnu.so
7fd651643000-7fd651644000 r--p 00031000 00:1f8 147963220527              /mnt/primary/conda-envs/semantic_uncertainty_export/lib/python3.11/site-packages/pandas/_libs/tslibs/vectorized.cpython-311-x86_64-linux-gnu.so
7fd651644000-7fd651647000 rw-p 00032000 00:1f8 147963220527              /mnt/primary/conda-envs/semantic_uncertainty_export/lib/python3.11/site-packages/pandas/_libs/tslibs/vectorized.cpython-311-x86_64-linux-gnu.so
7fd651647000-7fd651648000 rw-p 00000000 00:00 0 
7fd651648000-7fd65164f000 r--p 00000000 00:1f8 146028901909              /mnt/primary/conda-envs/semantic_uncertainty_export/lib/python3.11/site-packages/pandas/_libs/tslibs/tzconversion.cpython-311-x86_64-linux-gnu.so
7fd65164f000-7fd651688000 r-xp 00007000 00:1f8 146028901909              /mnt/primary/conda-envs/semantic_uncertainty_export/lib/python3.11/site-packages/pandas/_libs/tslibs/tzconversion.cpython-311-x86_64-linux-gnu.so
7fd651688000-7fd651690000 r--p 00040000 00:1f8 146028901909              /mnt/primary/conda-envs/semantic_uncertainty_export/lib/python3.11/site-packages/pandas/_libs/tslibs/tzconversion.cpython-311-x86_64-linux-gnu.so
7fd651690000-7fd651691000 r--p 00047000 00:1f8 146028901909              /mnt/primary/conda-envs/semantic_uncertainty_export/lib/python3.11/site-packages/pandas/_libs/tslibs/tzconversion.cpython-311-x86_64-linux-gnu.so
7fd651691000-7fd651695000 rw-p 00048000 00:1f8 146028901909              /mnt/primary/conda-envs/semantic_uncertainty_export/lib/python3.11/site-packages/pandas/_libs/tslibs/tzconversion.cpython-311-x86_64-linux-gnu.so
7fd651695000-7fd651696000 rw-p 00000000 00:00 0 
7fd651696000-7fd65169e000 r--p 00000000 00:1f8 147963220530              /mnt/primary/conda-envs/semantic_uncertainty_export/lib/python3.11/site-packages/pandas/_libs/tslibs/fields.cpython-311-x86_64-linux-gnu.so
7fd65169e000-7fd6516d7000 r-xp 00008000 00:1f8 147963220530              /mnt/primary/conda-envs/semantic_uncertainty_export/lib/python3.11/site-packages/pandas/_libs/tslibs/fields.cpython-311-x86_64-linux-gnu.so
7fd6516d7000-7fd6516e0000 r--p 00041000 00:1f8 147963220530              /mnt/primary/conda-envs/semantic_uncertainty_export/lib/python3.11/site-packages/pandas/_libs/tslibs/fields.cpython-311-x86_64-linux-gnu.so
7fd6516e0000-7fd6516e1000 r--p 00049000 00:1f8 147963220530              /mnt/primary/conda-envs/semantic_uncertainty_export/lib/python3.11/site-packages/pandas/_libs/tslibs/fields.cpython-311-x86_64-linux-gnu.so
7fd6516e1000-7fd6516e6000 rw-p 0004a000 00:1f8 147963220530              /mnt/primary/conda-envs/semantic_uncertainty_export/lib/python3.11/site-packages/pandas/_libs/tslibs/fields.cpython-311-x86_64-linux-gnu.so
7fd6516e6000-7fd6516e7000 rw-p 00000000 00:00 0 
7fd6516e7000-7fd65189b000 r--p 00000000 00:1f8 169691131415              /mnt/primary/conda-envs/semantic_uncertainty_export/lib/python3.11/site-packages/pyarrow/libparquet.so.2000
7fd65189b000-7fd651d9c000 r-xp 001b4000 00:1f8 169691131415              /mnt/primary/conda-envs/semantic_uncertainty_export/lib/python3.11/site-packages/pyarrow/libparquet.so.2000
7fd651d9c000-7fd651efd000 r--p 006b5000 00:1f8 169691131415              /mnt/primary/conda-envs/semantic_uncertainty_export/lib/python3.11/site-packages/pyarrow/libparquet.so.2000
7fd651efd000-7fd651f7b000 r--p 00815000 00:1f8 169691131415              /mnt/primary/conda-envs/semantic_uncertainty_export/lib/python3.11/site-packages/pyarrow/libparquet.so.2000
7fd651f7b000-7fd651f89000 rw-p 00893000 00:1f8 169691131415              /mnt/primary/conda-envs/semantic_uncertainty_export/lib/python3.11/site-packages/pyarrow/libparquet.so.2000
7fd651f89000-7fd651f8c000 rw-p 00000000 00:00 0 
7fd651f8c000-7fd651fe6000 r--p 00000000 00:1f8 70925084685               /mnt/primary/conda-envs/semantic_uncertainty_export/lib/libmkl_vml_avx512.so.2
7fd651fe6000-7fd6527dd000 r-xp 0005a000 00:1f8 70925084685               /mnt/primary/conda-envs/semantic_uncertainty_export/lib/libmkl_vml_avx512.so.2
7fd6527dd000-7fd652cd2000 r--p 00851000 00:1f8 70925084685               /mnt/primary/conda-envs/semantic_uncertainty_export/lib/libmkl_vml_avx512.so.2
7fd652cd2000-7fd652cd3000 ---p 00d46000 00:1f8 70925084685               /mnt/primary/conda-envs/semantic_uncertainty_export/lib/libmkl_vml_avx512.so.2
7fd652cd3000-7fd652cd7000 r--p 00d46000 00:1f8 70925084685               /mnt/primary/conda-envs/semantic_uncertainty_export/lib/libmkl_vml_avx512.so.2
7fd652cd7000-7fd652cf0000 rw-p 00d4a000 00:1f8 70925084685               /mnt/primary/conda-envs/semantic_uncertainty_export/lib/libmkl_vml_avx512.so.2
7fd652cf0000-7fd652cf1000 rw-p 00000000 00:00 0 
7fd652cf1000-7fd652d10000 rw-p 00dbc000 00:1f8 70925084685               /mnt/primary/conda-envs/semantic_uncertainty_export/lib/libmkl_vml_avx512.so.2
7fd652d10000-7fd652f41000 r--p 00000000 00:1f8 70924951610               /mnt/primary/conda-envs/semantic_uncertainty_export/lib/libmkl_intel_lp64.so.2
7fd652f41000-7fd653a64000 r-xp 00231000 00:1f8 70924951610               /mnt/primary/conda-envs/semantic_uncertainty_export/lib/libmkl_intel_lp64.so.2
7fd653a64000-7fd653f22000 r--p 00d54000 00:1f8 70924951610               /mnt/primary/conda-envs/semantic_uncertainty_export/lib/libmkl_intel_lp64.so.2
7fd653f22000-7fd653f23000 ---p 01212000 00:1f8 70924951610               /mnt/primary/conda-envs/semantic_uncertainty_export/lib/libmkl_intel_lp64.so.2
7fd653f23000-7fd653f25000 r--p 01212000 00:1f8 70924951610               /mnt/primary/conda-envs/semantic_uncertainty_export/lib/libmkl_intel_lp64.so.2
7fd653f25000-7fd653f43000 rw-p 01214000 00:1f8 70924951610               /mnt/primary/conda-envs/semantic_uncertainty_export/lib/libmkl_intel_lp64.so.2
7fd653f43000-7fd653f4a000 rw-p 00000000 00:00 0 
7fd653f4a000-7fd654000000 rw-p 0144c000 00:1f8 70924951610               /mnt/primary/conda-envs/semantic_uncertainty_export/lib/libmkl_intel_lp64.so.2
7fd654000000-7fd654021000 rw-p 00000000 00:00 0 
7fd654021000-7fd658000000 ---p 00000000 00:00 0 
7fd658000000-7fd658004000 r--p 00000000 00:1f8 53859409459               /mnt/primary/conda-envs/semantic_uncertainty_export/lib/python3.11/site-packages/scipy/_lib/_ccallback_c.cpython-311-x86_64-linux-gnu.so
7fd658004000-7fd65800d000 r-xp 00004000 00:1f8 53859409459               /mnt/primary/conda-envs/semantic_uncertainty_export/lib/python3.11/site-packages/scipy/_lib/_ccallback_c.cpython-311-x86_64-linux-gnu.so
7fd65800d000-7fd65800f000 r--p 0000d000 00:1f8 53859409459               /mnt/primary/conda-envs/semantic_uncertainty_export/lib/python3.11/site-packages/scipy/_lib/_ccallback_c.cpython-311-x86_64-linux-gnu.so
7fd65800f000-7fd658010000 r--p 0000e000 00:1f8 53859409459               /mnt/primary/conda-envs/semantic_uncertainty_export/lib/python3.11/site-packages/scipy/_lib/_ccallback_c.cpython-311-x86_64-linux-gnu.so
7fd658010000-7fd658012000 rw-p 0000f000 00:1f8 53859409459               /mnt/primary/conda-envs/semantic_uncertainty_export/lib/python3.11/site-packages/scipy/_lib/_ccallback_c.cpython-311-x86_64-linux-gnu.so
7fd658012000-7fd658086000 r--p 00000000 00:1f8 169691131414              /mnt/primary/conda-envs/semantic_uncertainty_export/lib/python3.11/site-packages/pyarrow/libarrow_substrait.so.2000
7fd658086000-7fd6582c2000 r-xp 00074000 00:1f8 169691131414              /mnt/primary/conda-envs/semantic_uncertainty_export/lib/python3.11/site-packages/pyarrow/libarrow_substrait.so.2000
7fd6582c2000-7fd65837b000 r--p 002b0000 00:1f8 169691131414              /mnt/primary/conda-envs/semantic_uncertainty_export/lib/python3.11/site-packages/pyarrow/libarrow_substrait.so.2000
7fd65837b000-7fd65837c000 ---p 00369000 00:1f8 169691131414              /mnt/primary/conda-envs/semantic_uncertainty_export/lib/python3.11/site-packages/pyarrow/libarrow_substrait.so.2000
7fd65837c000-7fd65838e000 r--p 00369000 00:1f8 169691131414              /mnt/primary/conda-envs/semantic_uncertainty_export/lib/python3.11/site-packages/pyarrow/libarrow_substrait.so.2000
7fd65838e000-7fd658393000 rw-p 0037b000 00:1f8 169691131414              /mnt/primary/conda-envs/semantic_uncertainty_export/lib/python3.11/site-packages/pyarrow/libarrow_substrait.so.2000
7fd658393000-7fd658395000 rw-p 00000000 00:00 0 
7fd658395000-7fd6583e0000 r--p 00000000 00:1f8 169691131396              /mnt/primary/conda-envs/semantic_uncertainty_export/lib/python3.11/site-packages/pyarrow/lib.cpython-311-x86_64-linux-gnu.so
7fd6583e0000-7fd658661000 r-xp 0004b000 00:1f8 169691131396              /mnt/primary/conda-envs/semantic_uncertainty_export/lib/python3.11/site-packages/pyarrow/lib.cpython-311-x86_64-linux-gnu.so
7fd658661000-7fd658759000 r--p 002cc000 00:1f8 169691131396              /mnt/primary/conda-envs/semantic_uncertainty_export/lib/python3.11/site-packages/pyarrow/lib.cpython-311-x86_64-linux-gnu.so
7fd658759000-7fd65875b000 r--p 003c3000 00:1f8 169691131396              /mnt/primary/conda-envs/semantic_uncertainty_export/lib/python3.11/site-packages/pyarrow/lib.cpython-311-x86_64-linux-gnu.so
7fd65875b000-7fd658783000 rw-p 003c5000 00:1f8 169691131396              /mnt/primary/conda-envs/semantic_uncertainty_export/lib/python3.11/site-packages/pyarrow/lib.cpython-311-x86_64-linux-gnu.so
7fd658783000-7fd658791000 rw-p 00000000 00:00 0 
7fd658791000-7fd658b4b000 r--p 00000000 00:1f8 70924951612               /mnt/primary/conda-envs/semantic_uncertainty_export/lib/libmkl_intel_thread.so.2
7fd658b4b000-7fd65b307000 r-xp 003ba000 00:1f8 70924951612               /mnt/primary/conda-envs/semantic_uncertainty_export/lib/libmkl_intel_thread.so.2
7fd65b307000-7fd65b79c000 r--p 02b76000 00:1f8 70924951612               /mnt/primary/conda-envs/semantic_uncertainty_export/lib/libmkl_intel_thread.so.2
7fd65b79c000-7fd65b79d000 ---p 0300b000 00:1f8 70924951612               /mnt/primary/conda-envs/semantic_uncertainty_export/lib/libmkl_intel_thread.so.2
7fd65b79d000-7fd65b7a4000 r--p 0300b000 00:1f8 70924951612               /mnt/primary/conda-envs/semantic_uncertainty_export/lib/libmkl_intel_thread.so.2
7fd65b7a4000-7fd65bedd000 rw-p 03012000 00:1f8 70924951612               /mnt/primary/conda-envs/semantic_uncertainty_export/lib/libmkl_intel_thread.so.2
7fd65bedd000-7fd65bef7000 rw-p 00000000 00:00 0 
7fd65bef7000-7fd65c000000 rw-p 03de0000 00:1f8 70924951612               /mnt/primary/conda-envs/semantic_uncertainty_export/lib/libmkl_intel_thread.so.2
7fd65c000000-7fd65c021000 rw-p 00000000 00:00 0 
7fd65c021000-7fd660000000 ---p 00000000 00:00 0 
7fd660000000-7fd660002000 r--p 00000000 00:1f8 141832290834              /mnt/primary/conda-envs/semantic_uncertainty_export/lib/python3.11/site-packages/pandas/_libs/json.cpython-311-x86_64-linux-gnu.so
7fd660002000-7fd66000c000 r-xp 00002000 00:1f8 141832290834              /mnt/primary/conda-envs/semantic_uncertainty_export/lib/python3.11/site-packages/pandas/_libs/json.cpython-311-x86_64-linux-gnu.so
7fd66000c000-7fd660010000 r--p 0000c000 00:1f8 141832290834              /mnt/primary/conda-envs/semantic_uncertainty_export/lib/python3.11/site-packages/pandas/_libs/json.cpython-311-x86_64-linux-gnu.so
7fd660010000-7fd660011000 r--p 0000f000 00:1f8 141832290834              /mnt/primary/conda-envs/semantic_uncertainty_export/lib/python3.11/site-packages/pandas/_libs/json.cpython-311-x86_64-linux-gnu.so
7fd660011000-7fd660012000 rw-p 00010000 00:1f8 141832290834              /mnt/primary/conda-envs/semantic_uncertainty_export/lib/python3.11/site-packages/pandas/_libs/json.cpython-311-x86_64-linux-gnu.so
7fd660012000-7fd660014000 r--p 00000000 00:1f8 58046899230               /mnt/primary/conda-envs/semantic_uncertainty_export/lib/python3.11/site-packages/bottleneck/reduce.cpython-311-x86_64-linux-gnu.so
7fd660014000-7fd660026000 r-xp 00002000 00:1f8 58046899230               /mnt/primary/conda-envs/semantic_uncertainty_export/lib/python3.11/site-packages/bottleneck/reduce.cpython-311-x86_64-linux-gnu.so
7fd660026000-7fd660029000 r--p 00014000 00:1f8 58046899230               /mnt/primary/conda-envs/semantic_uncertainty_export/lib/python3.11/site-packages/bottleneck/reduce.cpython-311-x86_64-linux-gnu.so
7fd660029000-7fd66002a000 r--p 00016000 00:1f8 58046899230               /mnt/primary/conda-envs/semantic_uncertainty_export/lib/python3.11/site-packages/bottleneck/reduce.cpython-311-x86_64-linux-gnu.so
7fd66002a000-7fd66002e000 rw-p 00017000 00:1f8 58046899230               /mnt/primary/conda-envs/semantic_uncertainty_export/lib/python3.11/site-packages/bottleneck/reduce.cpython-311-x86_64-linux-gnu.so
7fd66002e000-7fd66003a000 r--p 00000000 00:1f8 146028901903              /mnt/primary/conda-envs/semantic_uncertainty_export/lib/python3.11/site-packages/pandas/_libs/tslibs/timedeltas.cpython-311-x86_64-linux-gnu.so
7fd66003a000-7fd6600a3000 r-xp 0000c000 00:1f8 146028901903              /mnt/primary/conda-envs/semantic_uncertainty_export/lib/python3.11/site-packages/pandas/_libs/tslibs/timedeltas.cpython-311-x86_64-linux-gnu.so
7fd6600a3000-7fd6600b5000 r--p 00075000 00:1f8 146028901903              /mnt/primary/conda-envs/semantic_uncertainty_export/lib/python3.11/site-packages/pandas/_libs/tslibs/timedeltas.cpython-311-x86_64-linux-gnu.so
7fd6600b5000-7fd6600b6000 r--p 00086000 00:1f8 146028901903              /mnt/primary/conda-envs/semantic_uncertainty_export/lib/python3.11/site-packages/pandas/_libs/tslibs/timedeltas.cpython-311-x86_64-linux-gnu.so
7fd6600b6000-7fd6600c0000 rw-p 00087000 00:1f8 146028901903              /mnt/primary/conda-envs/semantic_uncertainty_export/lib/python3.11/site-packages/pandas/_libs/tslibs/timedeltas.cpython-311-x86_64-linux-gnu.so
7fd6600c0000-7fd6601c1000 rw-p 00000000 00:00 0 
7fd6601c1000-7fd6604bd000 r--p 00000000 00:1f8 70925084674               /mnt/primary/conda-envs/semantic_uncertainty_export/lib/libmkl_rt.so.2
7fd6604bd000-7fd6609db000 r-xp 002fc000 00:1f8 70925084674               /mnt/primary/conda-envs/semantic_uncertainty_export/lib/libmkl_rt.so.2
7fd6609db000-7fd660ca0000 r--p 0081a000 00:1f8 70925084674               /mnt/primary/conda-envs/semantic_uncertainty_export/lib/libmkl_rt.so.2
7fd660ca0000-7fd660ca6000 r--p 00ade000 00:1f8 70925084674               /mnt/primary/conda-envs/semantic_uncertainty_export/lib/libmkl_rt.so.2
7fd660ca6000-7fd660ca8000 rw-p 00ae4000 00:1f8 70925084674               /mnt/primary/conda-envs/semantic_uncertainty_export/lib/libmkl_rt.so.2
7fd660ca8000-7fd660cd0000 rw-p 00000000 00:00 0 
7fd660cd0000-7fd660e00000 rw-p 00de7000 00:1f8 70925084674               /mnt/primary/conda-envs/semantic_uncertainty_export/lib/libmkl_rt.so.2
7fd660e00000-7fd660e01000 ---p 00000000 00:00 0 
7fd660e01000-7fd661601000 rw-p 00000000 00:00 0 
7fd661602000-7fd661604000 r--p 00000000 00:1f8 109564600855              /mnt/primary/conda-envs/semantic_uncertainty_export/lib/python3.11/site-packages/scipy/optimize/_highs/_highs_constants.cpython-311-x86_64-linux-gnu.so
7fd661604000-7fd661606000 r-xp 00002000 00:1f8 109564600855              /mnt/primary/conda-envs/semantic_uncertainty_export/lib/python3.11/site-packages/scipy/optimize/_highs/_highs_constants.cpython-311-x86_64-linux-gnu.so
7fd661606000-7fd661607000 r--p 00004000 00:1f8 109564600855              /mnt/primary/conda-envs/semantic_uncertainty_export/lib/python3.11/site-packages/scipy/optimize/_highs/_highs_constants.cpython-311-x86_64-linux-gnu.so
7fd661607000-7fd661608000 r--p 00004000 00:1f8 109564600855              /mnt/primary/conda-envs/semantic_uncertainty_export/lib/python3.11/site-packages/scipy/optimize/_highs/_highs_constants.cpython-311-x86_64-linux-gnu.so
7fd661608000-7fd661609000 rw-p 00005000 00:1f8 109564600855              /mnt/primary/conda-envs/semantic_uncertainty_export/lib/python3.11/site-packages/scipy/optimize/_highs/_highs_constants.cpython-311-x86_64-linux-gnu.so
7fd661609000-7fd66160c000 r--p 00000000 00:1f8 141832290854              /mnt/primary/conda-envs/semantic_uncertainty_export/lib/python3.11/site-packages/pandas/_libs/indexing.cpython-311-x86_64-linux-gnu.so
7fd66160c000-7fd661612000 r-xp 00003000 00:1f8 141832290854              /mnt/primary/conda-envs/semantic_uncertainty_export/lib/python3.11/site-packages/pandas/_libs/indexing.cpython-311-x86_64-linux-gnu.so
7fd661612000-7fd661614000 r--p 00009000 00:1f8 141832290854              /mnt/primary/conda-envs/semantic_uncertainty_export/lib/python3.11/site-packages/pandas/_libs/indexing.cpython-311-x86_64-linux-gnu.so
7fd661614000-7fd661615000 r--p 0000a000 00:1f8 141832290854              /mnt/primary/conda-envs/semantic_uncertainty_export/lib/python3.11/site-packages/pandas/_libs/indexing.cpython-311-x86_64-linux-gnu.so
7fd661615000-7fd661616000 rw-p 0000b000 00:1f8 141832290854              /mnt/primary/conda-envs/semantic_uncertainty_export/lib/python3.11/site-packages/pandas/_libs/indexing.cpython-311-x86_64-linux-gnu.so
7fd661616000-7fd661618000 r--p 00000000 00:1f8 58046899227               /mnt/primary/conda-envs/semantic_uncertainty_export/lib/python3.11/site-packages/bottleneck/move.cpython-311-x86_64-linux-gnu.so
7fd661618000-7fd661628000 r-xp 00002000 00:1f8 58046899227               /mnt/primary/conda-envs/semantic_uncertainty_export/lib/python3.11/site-packages/bottleneck/move.cpython-311-x86_64-linux-gnu.so
7fd661628000-7fd66162a000 r--p 00012000 00:1f8 58046899227               /mnt/primary/conda-envs/semantic_uncertainty_export/lib/python3.11/site-packages/bottleneck/move.cpython-311-x86_64-linux-gnu.so
7fd66162a000-7fd66162b000 r--p 00013000 00:1f8 58046899227               /mnt/primary/conda-envs/semantic_uncertainty_export/lib/python3.11/site-packages/bottleneck/move.cpython-311-x86_64-linux-gnu.so
7fd66162b000-7fd66162f000 rw-p 00014000 00:1f8 58046899227               /mnt/primary/conda-envs/semantic_uncertainty_export/lib/python3.11/site-packages/bottleneck/move.cpython-311-x86_64-linux-gnu.so
7fd66162f000-7fd661644000 r--p 00000000 00:1f8 141832290833              /mnt/primary/conda-envs/semantic_uncertainty_export/lib/python3.11/site-packages/pandas/_libs/hashtable.cpython-311-x86_64-linux-gnu.so
7fd661644000-7fd6617b1000 r-xp 00015000 00:1f8 141832290833              /mnt/primary/conda-envs/semantic_uncertainty_export/lib/python3.11/site-packages/pandas/_libs/hashtable.cpython-311-x86_64-linux-gnu.so
7fd6617b1000-7fd6617d7000 r--p 00182000 00:1f8 141832290833              /mnt/primary/conda-envs/semantic_uncertainty_export/lib/python3.11/site-packages/pandas/_libs/hashtable.cpython-311-x86_64-linux-gnu.so
7fd6617d7000-7fd6617d8000 r--p 001a7000 00:1f8 141832290833              /mnt/primary/conda-envs/semantic_uncertainty_export/lib/python3.11/site-packages/pandas/_libs/hashtable.cpython-311-x86_64-linux-gnu.so
7fd6617d8000-7fd6617fa000 rw-p 001a8000 00:1f8 141832290833              /mnt/primary/conda-envs/semantic_uncertainty_export/lib/python3.11/site-packages/pandas/_libs/hashtable.cpython-311-x86_64-linux-gnu.so
7fd6617fa000-7fd661800000 rw-p 00000000 00:00 0 
7fd662002000-7fd662003000 r--p 00000000 00:1f8 159264572988              /mnt/primary/conda-envs/semantic_uncertainty_export/lib/python3.11/site-packages/matplotlib/_c_internal_utils.cpython-311-x86_64-linux-gnu.so
7fd662003000-7fd662004000 r-xp 00001000 00:1f8 159264572988              /mnt/primary/conda-envs/semantic_uncertainty_export/lib/python3.11/site-packages/matplotlib/_c_internal_utils.cpython-311-x86_64-linux-gnu.so
7fd662004000-7fd662005000 r--p 00002000 00:1f8 159264572988              /mnt/primary/conda-envs/semantic_uncertainty_export/lib/python3.11/site-packages/matplotlib/_c_internal_utils.cpython-311-x86_64-linux-gnu.so
7fd662005000-7fd662006000 r--p 00002000 00:1f8 159264572988              /mnt/primary/conda-envs/semantic_uncertainty_export/lib/python3.11/site-packages/matplotlib/_c_internal_utils.cpython-311-x86_64-linux-gnu.so
7fd662006000-7fd662007000 rw-p 00003000 00:1f8 159264572988              /mnt/primary/conda-envs/semantic_uncertainty_export/lib/python3.11/site-packages/matplotlib/_c_internal_utils.cpython-311-x86_64-linux-gnu.so
7fd662007000-7fd662015000 r--p 00000000 00:1f8 146028901892              /mnt/primary/conda-envs/semantic_uncertainty_export/lib/python3.11/site-packages/pandas/_libs/tslibs/timestamps.cpython-311-x86_64-linux-gnu.so
7fd662015000-7fd662079000 r-xp 0000e000 00:1f8 146028901892              /mnt/primary/conda-envs/semantic_uncertainty_export/lib/python3.11/site-packages/pandas/_libs/tslibs/timestamps.cpython-311-x86_64-linux-gnu.so
7fd662079000-7fd662093000 r--p 00072000 00:1f8 146028901892              /mnt/primary/conda-envs/semantic_uncertainty_export/lib/python3.11/site-packages/pandas/_libs/tslibs/timestamps.cpython-311-x86_64-linux-gnu.so
7fd662093000-7fd662094000 r--p 0008b000 00:1f8 146028901892              /mnt/primary/conda-envs/semantic_uncertainty_export/lib/python3.11/site-packages/pandas/_libs/tslibs/timestamps.cpython-311-x86_64-linux-gnu.so
7fd662094000-7fd6620a4000 rw-p 0008c000 00:1f8 146028901892              /mnt/primary/conda-envs/semantic_uncertainty_export/lib/python3.11/site-packages/pandas/_libs/tslibs/timestamps.cpython-311-x86_64-linux-gnu.so
7fd6620a4000-7fd6620a6000 rw-p 00000000 00:00 0 
7fd6620a6000-7fd6620b5000 r--p 00000000 00:1f8 141832290878              /mnt/primary/conda-envs/semantic_uncertainty_export/lib/python3.11/site-packages/pandas/_libs/interval.cpython-311-x86_64-linux-gnu.so
7fd6620b5000-7fd6621cf000 r-xp 0000f000 00:1f8 141832290878              /mnt/primary/conda-envs/semantic_uncertainty_export/lib/python3.11/site-packages/pandas/_libs/interval.cpython-311-x86_64-linux-gnu.so
7fd6621cf000-7fd6621f1000 r--p 00129000 00:1f8 141832290878              /mnt/primary/conda-envs/semantic_uncertainty_export/lib/python3.11/site-packages/pandas/_libs/interval.cpython-311-x86_64-linux-gnu.so
7fd6621f1000-7fd6621f2000 r--p 0014a000 00:1f8 141832290878              /mnt/primary/conda-envs/semantic_uncertainty_export/lib/python3.11/site-packages/pandas/_libs/interval.cpython-311-x86_64-linux-gnu.so
7fd6621f2000-7fd6621fe000 rw-p 0014b000 00:1f8 141832290878              /mnt/primary/conda-envs/semantic_uncertainty_export/lib/python3.11/site-packages/pandas/_libs/interval.cpython-311-x86_64-linux-gnu.so
7fd6621fe000-7fd662200000 rw-p 00000000 00:00 0 
7fd662a02000-7fd662a03000 r--p 00000000 00:1f8 98787428908               /mnt/primary/conda-envs/semantic_uncertainty_export/lib/python3.11/site-packages/scipy/optimize/_zeros.cpython-311-x86_64-linux-gnu.so
7fd662a03000-7fd662a05000 r-xp 00001000 00:1f8 98787428908               /mnt/primary/conda-envs/semantic_uncertainty_export/lib/python3.11/site-packages/scipy/optimize/_zeros.cpython-311-x86_64-linux-gnu.so
7fd662a05000-7fd662a06000 r--p 00003000 00:1f8 98787428908               /mnt/primary/conda-envs/semantic_uncertainty_export/lib/python3.11/site-packages/scipy/optimize/_zeros.cpython-311-x86_64-linux-gnu.so
7fd662a06000-7fd662a07000 r--p 00003000 00:1f8 98787428908               /mnt/primary/conda-envs/semantic_uncertainty_export/lib/python3.11/site-packages/scipy/optimize/_zeros.cpython-311-x86_64-linux-gnu.so
7fd662a07000-7fd662a08000 rw-p 00004000 00:1f8 98787428908               /mnt/primary/conda-envs/semantic_uncertainty_export/lib/python3.11/site-packages/scipy/optimize/_zeros.cpython-311-x86_64-linux-gnu.so
7fd662a08000-7fd662a19000 r--p 00000000 00:1f8 147963220524              /mnt/primary/conda-envs/semantic_uncertainty_export/lib/python3.11/site-packages/pandas/_libs/tslibs/offsets.cpython-311-x86_64-linux-gnu.so
7fd662a19000-7fd662acd000 r-xp 00011000 00:1f8 147963220524              /mnt/primary/conda-envs/semantic_uncertainty_export/lib/python3.11/site-packages/pandas/_libs/tslibs/offsets.cpython-311-x86_64-linux-gnu.so
7fd662acd000-7fd662aea000 r--p 000c5000 00:1f8 147963220524              /mnt/primary/conda-envs/semantic_uncertainty_export/lib/python3.11/site-packages/pandas/_libs/tslibs/offsets.cpython-311-x86_64-linux-gnu.so
7fd662aea000-7fd662aeb000 r--p 000e1000 00:1f8 147963220524              /mnt/primary/conda-envs/semantic_uncertainty_export/lib/python3.11/site-packages/pandas/_libs/tslibs/offsets.cpython-311-x86_64-linux-gnu.so
7fd662aeb000-7fd662afd000 rw-p 000e2000 00:1f8 147963220524              /mnt/primary/conda-envs/semantic_uncertainty_export/lib/python3.11/site-packages/pandas/_libs/tslibs/offsets.cpython-311-x86_64-linux-gnu.so
7fd662afd000-7fd662c00000 rw-p 00000000 00:00 0 
7fd662c00000-7fd662c01000 ---p 00000000 00:00 0 
7fd662c01000-7fd663401000 rw-p 00000000 00:00 0 
7fd663404000-7fd66340b000 r--p 00000000 00:1f8 146028901911              /mnt/primary/conda-envs/semantic_uncertainty_export/lib/python3.11/site-packages/pandas/_libs/tslibs/timezones.cpython-311-x86_64-linux-gnu.so
7fd66340b000-7fd663439000 r-xp 00007000 00:1f8 146028901911              /mnt/primary/conda-envs/semantic_uncertainty_export/lib/python3.11/site-packages/pandas/_libs/tslibs/timezones.cpython-311-x86_64-linux-gnu.so
7fd663439000-7fd663441000 r--p 00035000 00:1f8 146028901911              /mnt/primary/conda-envs/semantic_uncertainty_export/lib/python3.11/site-packages/pandas/_libs/tslibs/timezones.cpython-311-x86_64-linux-gnu.so
7fd663441000-7fd663442000 r--p 0003c000 00:1f8 146028901911              /mnt/primary/conda-envs/semantic_uncertainty_export/lib/python3.11/site-packages/pandas/_libs/tslibs/timezones.cpython-311-x86_64-linux-gnu.so
7fd663442000-7fd663446000 rw-p 0003d000 00:1f8 146028901911              /mnt/primary/conda-envs/semantic_uncertainty_export/lib/python3.11/site-packages/pandas/_libs/tslibs/timezones.cpython-311-x86_64-linux-gnu.so
7fd663446000-7fd663447000 rw-p 00000000 00:00 0 
7fd663447000-7fd66344f000 r--p 00000000 00:1f8 146028901904              /mnt/primary/conda-envs/semantic_uncertainty_export/lib/python3.11/site-packages/pandas/_libs/tslibs/nattype.cpython-311-x86_64-linux-gnu.so
7fd66344f000-7fd66346d000 r-xp 00008000 00:1f8 146028901904              /mnt/primary/conda-envs/semantic_uncertainty_export/lib/python3.11/site-packages/pandas/_libs/tslibs/nattype.cpython-311-x86_64-linux-gnu.so
7fd66346d000-7fd663479000 r--p 00026000 00:1f8 146028901904              /mnt/primary/conda-envs/semantic_uncertainty_export/lib/python3.11/site-packages/pandas/_libs/tslibs/nattype.cpython-311-x86_64-linux-gnu.so
7fd663479000-7fd66347a000 ---p 00032000 00:1f8 146028901904              /mnt/primary/conda-envs/semantic_uncertainty_export/lib/python3.11/site-packages/pandas/_libs/tslibs/nattype.cpython-311-x86_64-linux-gnu.so
7fd66347a000-7fd66347b000 r--p 00032000 00:1f8 146028901904              /mnt/primary/conda-envs/semantic_uncertainty_export/lib/python3.11/site-packages/pandas/_libs/tslibs/nattype.cpython-311-x86_64-linux-gnu.so
7fd66347b000-7fd663480000 rw-p 00033000 00:1f8 146028901904              /mnt/primary/conda-envs/semantic_uncertainty_export/lib/python3.11/site-packages/pandas/_libs/tslibs/nattype.cpython-311-x86_64-linux-gnu.so
7fd663480000-7fd663481000 rw-p 00000000 00:00 0 
7fd663481000-7fd6634d9000 r--p 00000000 00:1f8 169691131402              /mnt/primary/conda-envs/semantic_uncertainty_export/lib/python3.11/site-packages/pyarrow/libarrow_acero.so.2000
7fd6634d9000-7fd6635be000 r-xp 00058000 00:1f8 169691131402              /mnt/primary/conda-envs/semantic_uncertainty_export/lib/python3.11/site-packages/pyarrow/libarrow_acero.so.2000
7fd6635be000-7fd6635f7000 r--p 0013d000 00:1f8 169691131402              /mnt/primary/conda-envs/semantic_uncertainty_export/lib/python3.11/site-packages/pyarrow/libarrow_acero.so.2000
7fd6635f7000-7fd6635f8000 ---p 00176000 00:1f8 169691131402              /mnt/primary/conda-envs/semantic_uncertainty_export/lib/python3.11/site-packages/pyarrow/libarrow_acero.so.2000
7fd6635f8000-7fd6635fd000 r--p 00176000 00:1f8 169691131402              /mnt/primary/conda-envs/semantic_uncertainty_export/lib/python3.11/site-packages/pyarrow/libarrow_acero.so.2000
7fd6635fd000-7fd663600000 rw-p 0017b000 00:1f8 169691131402              /mnt/primary/conda-envs/semantic_uncertainty_export/lib/python3.11/site-packages/pyarrow/libarrow_acero.so.2000
7fd663600000-7fd663601000 ---p 00000000 00:00 0 
7fd663601000-7fd663e01000 rw-p 00000000 00:00 0 
7fd663e01000-7fd663e04000 r--p 00000000 00:1f8 53859409458               /mnt/primary/conda-envs/semantic_uncertainty_export/lib/python3.11/site-packages/scipy/_lib/messagestream.cpython-311-x86_64-linux-gnu.so
7fd663e04000-7fd663e09000 r-xp 00003000 00:1f8 53859409458               /mnt/primary/conda-envs/semantic_uncertainty_export/lib/python3.11/site-packages/scipy/_lib/messagestream.cpython-311-x86_64-linux-gnu.so
7fd663e09000-7fd663e0b000 r--p 00008000 00:1f8 53859409458               /mnt/primary/conda-envs/semantic_uncertainty_export/lib/python3.11/site-packages/scipy/_lib/messagestream.cpython-311-x86_64-linux-gnu.so
7fd663e0b000-7fd663e0c000 r--p 00009000 00:1f8 53859409458               /mnt/primary/conda-envs/semantic_uncertainty_export/lib/python3.11/site-packages/scipy/_lib/messagestream.cpython-311-x86_64-linux-gnu.so
7fd663e0c000-7fd663e0d000 rw-p 0000a000 00:1f8 53859409458               /mnt/primary/conda-envs/semantic_uncertainty_export/lib/python3.11/site-packages/scipy/_lib/messagestream.cpython-311-x86_64-linux-gnu.so
7fd663e0d000-7fd663e11000 r--p 00000000 00:1f8 105315288609              /mnt/primary/conda-envs/semantic_uncertainty_export/lib/python3.11/site-packages/numexpr/interpreter.cpython-311-x86_64-linux-gnu.so
7fd663e11000-7fd663e2d000 r-xp 00004000 00:1f8 105315288609              /mnt/primary/conda-envs/semantic_uncertainty_export/lib/python3.11/site-packages/numexpr/interpreter.cpython-311-x86_64-linux-gnu.so
7fd663e2d000-7fd663e30000 r--p 00020000 00:1f8 105315288609              /mnt/primary/conda-envs/semantic_uncertainty_export/lib/python3.11/site-packages/numexpr/interpreter.cpython-311-x86_64-linux-gnu.so
7fd663e30000-7fd663e31000 ---p 00023000 00:1f8 105315288609              /mnt/primary/conda-envs/semantic_uncertainty_export/lib/python3.11/site-packages/numexpr/interpreter.cpython-311-x86_64-linux-gnu.so
7fd663e31000-7fd663e32000 r--p 00023000 00:1f8 105315288609              /mnt/primary/conda-envs/semantic_uncertainty_export/lib/python3.11/site-packages/numexpr/interpreter.cpython-311-x86_64-linux-gnu.so
7fd663e32000-7fd663e33000 rw-p 00024000 00:1f8 105315288609              /mnt/primary/conda-envs/semantic_uncertainty_export/lib/python3.11/site-packages/numexpr/interpreter.cpython-311-x86_64-linux-gnu.so
7fd663e33000-7fd663edc000 r--p 00000000 00:1f8 169691131403              /mnt/primary/conda-envs/semantic_uncertainty_export/lib/python3.11/site-packages/pyarrow/libarrow_dataset.so.2000
7fd663edc000-7fd663faf000 r-xp 000a9000 00:1f8 169691131403              /mnt/primary/conda-envs/semantic_uncertainty_export/lib/python3.11/site-packages/pyarrow/libarrow_dataset.so.2000
7fd663faf000-7fd663ff4000 r--p 0017c000 00:1f8 169691131403              /mnt/primary/conda-envs/semantic_uncertainty_export/lib/python3.11/site-packages/pyarrow/libarrow_dataset.so.2000
7fd663ff4000-7fd663ff5000 ---p 001c1000 00:1f8 169691131403              /mnt/primary/conda-envs/semantic_uncertainty_export/lib/python3.11/site-packages/pyarrow/libarrow_dataset.so.2000
7fd663ff5000-7fd663ffd000 r--p 001c1000 00:1f8 169691131403              /mnt/primary/conda-envs/semantic_uncertainty_export/lib/python3.11/site-packages/pyarrow/libarrow_dataset.so.2000
7fd663ffd000-7fd663fff000 rw-p 001c9000 00:1f8 169691131403              /mnt/primary/conda-envs/semantic_uncertainty_export/lib/python3.11/site-packages/pyarrow/libarrow_dataset.so.2000
7fd663fff000-7fd664000000 rw-p 00000000 00:00 0 
7fd664000000-7fd6640a0000 rw-p 00000000 00:00 0 
7fd6640a0000-7fd668000000 ---p 00000000 00:00 0 
7fd668000000-7fd668002000 r--p 00000000 00:1f8 58046899229               /mnt/primary/conda-envs/semantic_uncertainty_export/lib/python3.11/site-packages/bottleneck/nonreduce_axis.cpython-311-x86_64-linux-gnu.so
7fd668002000-7fd668008000 r-xp 00002000 00:1f8 58046899229               /mnt/primary/conda-envs/semantic_uncertainty_export/lib/python3.11/site-packages/bottleneck/nonreduce_axis.cpython-311-x86_64-linux-gnu.so
7fd668008000-7fd668009000 r--p 00008000 00:1f8 58046899229               /mnt/primary/conda-envs/semantic_uncertainty_export/lib/python3.11/site-packages/bottleneck/nonreduce_axis.cpython-311-x86_64-linux-gnu.so
7fd668009000-7fd66800a000 r--p 00008000 00:1f8 58046899229               /mnt/primary/conda-envs/semantic_uncertainty_export/lib/python3.11/site-packages/bottleneck/nonreduce_axis.cpython-311-x86_64-linux-gnu.so
7fd66800a000-7fd66800c000 rw-p 00009000 00:1f8 58046899229               /mnt/primary/conda-envs/semantic_uncertainty_export/lib/python3.11/site-packages/bottleneck/nonreduce_axis.cpython-311-x86_64-linux-gnu.so
7fd66800c000-7fd668013000 r--p 00000000 00:1f8 146028901893              /mnt/primary/conda-envs/semantic_uncertainty_export/lib/python3.11/site-packages/pandas/_libs/tslibs/conversion.cpython-311-x86_64-linux-gnu.so
7fd668013000-7fd66803d000 r-xp 00007000 00:1f8 146028901893              /mnt/primary/conda-envs/semantic_uncertainty_export/lib/python3.11/site-packages/pandas/_libs/tslibs/conversion.cpython-311-x86_64-linux-gnu.so
7fd66803d000-7fd668044000 r--p 00031000 00:1f8 146028901893              /mnt/primary/conda-envs/semantic_uncertainty_export/lib/python3.11/site-packages/pandas/_libs/tslibs/conversion.cpython-311-x86_64-linux-gnu.so
7fd668044000-7fd668045000 ---p 00038000 00:1f8 146028901893              /mnt/primary/conda-envs/semantic_uncertainty_export/lib/python3.11/site-packages/pandas/_libs/tslibs/conversion.cpython-311-x86_64-linux-gnu.so
7fd668045000-7fd668046000 r--p 00038000 00:1f8 146028901893              /mnt/primary/conda-envs/semantic_uncertainty_export/lib/python3.11/site-packages/pandas/_libs/tslibs/conversion.cpython-311-x86_64-linux-gnu.so
7fd668046000-7fd66804a000 rw-p 00039000 00:1f8 146028901893              /mnt/primary/conda-envs/semantic_uncertainty_export/lib/python3.11/site-packages/pandas/_libs/tslibs/conversion.cpython-311-x86_64-linux-gnu.so
7fd66804a000-7fd6680d7000 r--p 00000000 00:1f8 169691131406              /mnt/primary/conda-envs/semantic_uncertainty_export/lib/python3.11/site-packages/pyarrow/libarrow_python.so.2000
7fd6680d7000-7fd6681ef000 r-xp 0008d000 00:1f8 169691131406              /mnt/primary/conda-envs/semantic_uncertainty_export/lib/python3.11/site-packages/pyarrow/libarrow_python.so.2000
7fd6681ef000-7fd668233000 r--p 001a5000 00:1f8 169691131406              /mnt/primary/conda-envs/semantic_uncertainty_export/lib/python3.11/site-packages/pyarrow/libarrow_python.so.2000
7fd668233000-7fd66823f000 r--p 001e8000 00:1f8 169691131406              /mnt/primary/conda-envs/semantic_uncertainty_export/lib/python3.11/site-packages/pyarrow/libarrow_python.so.2000
7fd66823f000-7fd668242000 rw-p 001f4000 00:1f8 169691131406              /mnt/primary/conda-envs/semantic_uncertainty_export/lib/python3.11/site-packages/pyarrow/libarrow_python.so.2000
7fd668242000-7fd66826e000 r--p 00000000 00:1f8 163251150893              /mnt/primary/conda-envs/semantic_uncertainty_export/lib/python3.11/site-packages/numpy/core/_multiarray_umath.cpython-311-x86_64-linux-gnu.so
7fd66826e000-7fd66865c000 r-xp 0002c000 00:1f8 163251150893              /mnt/primary/conda-envs/semantic_uncertainty_export/lib/python3.11/site-packages/numpy/core/_multiarray_umath.cpython-311-x86_64-linux-gnu.so
7fd66865c000-7fd6687b9000 r--p 0041a000 00:1f8 163251150893              /mnt/primary/conda-envs/semantic_uncertainty_export/lib/python3.11/site-packages/numpy/core/_multiarray_umath.cpython-311-x86_64-linux-gnu.so
7fd6687b9000-7fd6687ba000 ---p 00577000 00:1f8 163251150893              /mnt/primary/conda-envs/semantic_uncertainty_export/lib/python3.11/site-packages/numpy/core/_multiarray_umath.cpython-311-x86_64-linux-gnu.so
7fd6687ba000-7fd6687be000 r--p 00577000 00:1f8 163251150893              /mnt/primary/conda-envs/semantic_uncertainty_export/lib/python3.11/site-packages/numpy/core/_multiarray_umath.cpython-311-x86_64-linux-gnu.so
7fd6687be000-7fd6687e0000 rw-p 0057b000 00:1f8 163251150893              /mnt/primary/conda-envs/semantic_uncertainty_export/lib/python3.11/site-packages/numpy/core/_multiarray_umath.cpython-311-x86_64-linux-gnu.so
7fd6687e0000-7fd668800000 rw-p 00000000 00:00 0 
7fd669002000-7fd669004000 r--p 00000000 00:1f8 45438459399               /mnt/primary/conda-envs/semantic_uncertainty_export/lib/python3.11/lib-dynload/mmap.cpython-311-x86_64-linux-gnu.so
7fd669004000-7fd669007000 r-xp 00002000 00:1f8 45438459399               /mnt/primary/conda-envs/semantic_uncertainty_export/lib/python3.11/lib-dynload/mmap.cpython-311-x86_64-linux-gnu.so
7fd669007000-7fd669009000 r--p 00005000 00:1f8 45438459399               /mnt/primary/conda-envs/semantic_uncertainty_export/lib/python3.11/lib-dynload/mmap.cpython-311-x86_64-linux-gnu.so
7fd669009000-7fd66900a000 r--p 00006000 00:1f8 45438459399               /mnt/primary/conda-envs/semantic_uncertainty_export/lib/python3.11/lib-dynload/mmap.cpython-311-x86_64-linux-gnu.so
7fd66900a000-7fd66900b000 rw-p 00007000 00:1f8 45438459399               /mnt/primary/conda-envs/semantic_uncertainty_export/lib/python3.11/lib-dynload/mmap.cpython-311-x86_64-linux-gnu.so
7fd66900b000-7fd66900f000 r--p 00000000 00:1f8 141832290862              /mnt/primary/conda-envs/semantic_uncertainty_export/lib/python3.11/site-packages/pandas/_libs/ops_dispatch.cpython-311-x86_64-linux-gnu.so
7fd66900f000-7fd669016000 r-xp 00004000 00:1f8 141832290862              /mnt/primary/conda-envs/semantic_uncertainty_export/lib/python3.11/site-packages/pandas/_libs/ops_dispatch.cpython-311-x86_64-linux-gnu.so
7fd669016000-7fd669018000 r--p 0000b000 00:1f8 141832290862              /mnt/primary/conda-envs/semantic_uncertainty_export/lib/python3.11/site-packages/pandas/_libs/ops_dispatch.cpython-311-x86_64-linux-gnu.so
7fd669018000-7fd669019000 r--p 0000c000 00:1f8 141832290862              /mnt/primary/conda-envs/semantic_uncertainty_export/lib/python3.11/site-packages/pandas/_libs/ops_dispatch.cpython-311-x86_64-linux-gnu.so
7fd669019000-7fd66901b000 rw-p 0000d000 00:1f8 141832290862              /mnt/primary/conda-envs/semantic_uncertainty_export/lib/python3.11/site-packages/pandas/_libs/ops_dispatch.cpython-311-x86_64-linux-gnu.so
7fd66901b000-7fd66901e000 r--p 00000000 00:1f8 141832290869              /mnt/primary/conda-envs/semantic_uncertainty_export/lib/python3.11/site-packages/pandas/_libs/properties.cpython-311-x86_64-linux-gnu.so
7fd66901e000-7fd669027000 r-xp 00003000 00:1f8 141832290869              /mnt/primary/conda-envs/semantic_uncertainty_export/lib/python3.11/site-packages/pandas/_libs/properties.cpython-311-x86_64-linux-gnu.so
7fd669027000-7fd669029000 r--p 0000c000 00:1f8 141832290869              /mnt/primary/conda-envs/semantic_uncertainty_export/lib/python3.11/site-packages/pandas/_libs/properties.cpython-311-x86_64-linux-gnu.so
7fd669029000-7fd66902a000 r--p 0000d000 00:1f8 141832290869              /mnt/primary/conda-envs/semantic_uncertainty_export/lib/python3.11/site-packages/pandas/_libs/properties.cpython-311-x86_64-linux-gnu.so
7fd66902a000-7fd66902c000 rw-p 0000e000 00:1f8 141832290869              /mnt/primary/conda-envs/semantic_uncertainty_export/lib/python3.11/site-packages/pandas/_libs/properties.cpython-311-x86_64-linux-gnu.so
7fd66902c000-7fd66912c000 rw-p 00000000 00:00 0 
7fd66912c000-7fd669134000 r--p 00000000 00:1f8 171102352957              /mnt/primary/conda-envs/semantic_uncertainty_export/lib/python3.11/site-packages/numpy/random/_generator.cpython-311-x86_64-linux-gnu.so
7fd669134000-7fd6691a7000 r-xp 00008000 00:1f8 171102352957              /mnt/primary/conda-envs/semantic_uncertainty_export/lib/python3.11/site-packages/numpy/random/_generator.cpython-311-x86_64-linux-gnu.so
7fd6691a7000-7fd6691fb000 r--p 0007b000 00:1f8 171102352957              /mnt/primary/conda-envs/semantic_uncertainty_export/lib/python3.11/site-packages/numpy/random/_generator.cpython-311-x86_64-linux-gnu.so
7fd6691fb000-7fd6691fc000 r--p 000ce000 00:1f8 171102352957              /mnt/primary/conda-envs/semantic_uncertainty_export/lib/python3.11/site-packages/numpy/random/_generator.cpython-311-x86_64-linux-gnu.so
7fd6691fc000-7fd6691fe000 rw-p 000cf000 00:1f8 171102352957              /mnt/primary/conda-envs/semantic_uncertainty_export/lib/python3.11/site-packages/numpy/random/_generator.cpython-311-x86_64-linux-gnu.so
7fd6691fe000-7fd669200000 rw-p 00000000 00:00 0 
7fd669a01000-7fd669a02000 r--p 00000000 00:1f8 45438356018               /mnt/primary/conda-envs/semantic_uncertainty_export/lib/python3.11/lib-dynload/_statistics.cpython-311-x86_64-linux-gnu.so
7fd669a02000-7fd669a03000 r-xp 00001000 00:1f8 45438356018               /mnt/primary/conda-envs/semantic_uncertainty_export/lib/python3.11/lib-dynload/_statistics.cpython-311-x86_64-linux-gnu.so
7fd669a03000-7fd669a04000 r--p 00002000 00:1f8 45438356018               /mnt/primary/conda-envs/semantic_uncertainty_export/lib/python3.11/lib-dynload/_statistics.cpython-311-x86_64-linux-gnu.so
7fd669a04000-7fd669a05000 r--p 00002000 00:1f8 45438356018               /mnt/primary/conda-envs/semantic_uncertainty_export/lib/python3.11/lib-dynload/_statistics.cpython-311-x86_64-linux-gnu.so
7fd669a05000-7fd669a06000 rw-p 00003000 00:1f8 45438356018               /mnt/primary/conda-envs/semantic_uncertainty_export/lib/python3.11/lib-dynload/_statistics.cpython-311-x86_64-linux-gnu.so
7fd669a06000-7fd669a07000 r--p 00000000 00:1f8 58046899228               /mnt/primary/conda-envs/semantic_uncertainty_export/lib/python3.11/site-packages/bottleneck/nonreduce.cpython-311-x86_64-linux-gnu.so
7fd669a07000-7fd669a09000 r-xp 00001000 00:1f8 58046899228               /mnt/primary/conda-envs/semantic_uncertainty_export/lib/python3.11/site-packages/bottleneck/nonreduce.cpython-311-x86_64-linux-gnu.so
7fd669a09000-7fd669a0a000 r--p 00003000 00:1f8 58046899228               /mnt/primary/conda-envs/semantic_uncertainty_export/lib/python3.11/site-packages/bottleneck/nonreduce.cpython-311-x86_64-linux-gnu.so
7fd669a0a000-7fd669a0b000 r--p 00003000 00:1f8 58046899228               /mnt/primary/conda-envs/semantic_uncertainty_export/lib/python3.11/site-packages/bottleneck/nonreduce.cpython-311-x86_64-linux-gnu.so
7fd669a0b000-7fd669a0c000 rw-p 00004000 00:1f8 58046899228               /mnt/primary/conda-envs/semantic_uncertainty_export/lib/python3.11/site-packages/bottleneck/nonreduce.cpython-311-x86_64-linux-gnu.so
7fd669a0c000-7fd669a0f000 r--p 00000000 00:1f8 146028901906              /mnt/primary/conda-envs/semantic_uncertainty_export/lib/python3.11/site-packages/pandas/_libs/tslibs/ccalendar.cpython-311-x86_64-linux-gnu.so
7fd669a0f000-7fd669a1a000 r-xp 00003000 00:1f8 146028901906              /mnt/primary/conda-envs/semantic_uncertainty_export/lib/python3.11/site-packages/pandas/_libs/tslibs/ccalendar.cpython-311-x86_64-linux-gnu.so
7fd669a1a000-7fd669a1c000 r--p 0000e000 00:1f8 146028901906              /mnt/primary/conda-envs/semantic_uncertainty_export/lib/python3.11/site-packages/pandas/_libs/tslibs/ccalendar.cpython-311-x86_64-linux-gnu.so
7fd669a1c000-7fd669a1d000 r--p 0000f000 00:1f8 146028901906              /mnt/primary/conda-envs/semantic_uncertainty_export/lib/python3.11/site-packages/pandas/_libs/tslibs/ccalendar.cpython-311-x86_64-linux-gnu.so
7fd669a1d000-7fd669a1f000 rw-p 00010000 00:1f8 146028901906              /mnt/primary/conda-envs/semantic_uncertainty_export/lib/python3.11/site-packages/pandas/_libs/tslibs/ccalendar.cpython-311-x86_64-linux-gnu.so
7fd669a1f000-7fd669a21000 r--p 00000000 00:1f8 45438356031               /mnt/primary/conda-envs/semantic_uncertainty_export/lib/python3.11/lib-dynload/_zoneinfo.cpython-311-x86_64-linux-gnu.so
7fd669a21000-7fd669a26000 r-xp 00002000 00:1f8 45438356031               /mnt/primary/conda-envs/semantic_uncertainty_export/lib/python3.11/lib-dynload/_zoneinfo.cpython-311-x86_64-linux-gnu.so
7fd669a26000-7fd669a27000 r--p 00007000 00:1f8 45438356031               /mnt/primary/conda-envs/semantic_uncertainty_export/lib/python3.11/lib-dynload/_zoneinfo.cpython-311-x86_64-linux-gnu.so
7fd669a27000-7fd669a28000 ---p 00008000 00:1f8 45438356031               /mnt/primary/conda-envs/semantic_uncertainty_export/lib/python3.11/lib-dynload/_zoneinfo.cpython-311-x86_64-linux-gnu.so
7fd669a28000-7fd669a29000 r--p 00008000 00:1f8 45438356031               /mnt/primary/conda-envs/semantic_uncertainty_export/lib/python3.11/lib-dynload/_zoneinfo.cpython-311-x86_64-linux-gnu.so
7fd669a29000-7fd669a2a000 rw-p 00009000 00:1f8 45438356031               /mnt/primary/conda-envs/semantic_uncertainty_export/lib/python3.11/lib-dynload/_zoneinfo.cpython-311-x86_64-linux-gnu.so
7fd669a2c000-7fd669a2d000 r--p 00000000 00:1f8 18670668801               /mnt/primary/conda-envs/semantic_uncertainty_export/lib/python3.11/site-packages/markupsafe/_speedups.cpython-311-x86_64-linux-gnu.so
7fd669a2d000-7fd669a2e000 r-xp 00001000 00:1f8 18670668801               /mnt/primary/conda-envs/semantic_uncertainty_export/lib/python3.11/site-packages/markupsafe/_speedups.cpython-311-x86_64-linux-gnu.so
7fd669a2e000-7fd669a2f000 r--p 00002000 00:1f8 18670668801               /mnt/primary/conda-envs/semantic_uncertainty_export/lib/python3.11/site-packages/markupsafe/_speedups.cpython-311-x86_64-linux-gnu.so
7fd669a2f000-7fd669a30000 r--p 00002000 00:1f8 18670668801               /mnt/primary/conda-envs/semantic_uncertainty_export/lib/python3.11/site-packages/markupsafe/_speedups.cpython-311-x86_64-linux-gnu.so
7fd669a30000-7fd669a31000 rw-p 00003000 00:1f8 18670668801               /mnt/primary/conda-envs/semantic_uncertainty_export/lib/python3.11/site-packages/markupsafe/_speedups.cpython-311-x86_64-linux-gnu.so
7fd669a31000-7fd669a32000 r--p 00000000 00:1f8 135391191608              /mnt/primary/conda-envs/semantic_uncertainty_export/lib/python3.11/site-packages/torch/_C.cpython-311-x86_64-linux-gnu.so
7fd669a32000-7fd669a33000 r-xp 00001000 00:1f8 135391191608              /mnt/primary/conda-envs/semantic_uncertainty_export/lib/python3.11/site-packages/torch/_C.cpython-311-x86_64-linux-gnu.so
7fd669a33000-7fd669a34000 r--p 00002000 00:1f8 135391191608              /mnt/primary/conda-envs/semantic_uncertainty_export/lib/python3.11/site-packages/torch/_C.cpython-311-x86_64-linux-gnu.so
7fd669a34000-7fd669a35000 r--p 00002000 00:1f8 135391191608              /mnt/primary/conda-envs/semantic_uncertainty_export/lib/python3.11/site-packages/torch/_C.cpython-311-x86_64-linux-gnu.so
7fd669a35000-7fd669a36000 rw-p 00003000 00:1f8 135391191608              /mnt/primary/conda-envs/semantic_uncertainty_export/lib/python3.11/site-packages/torch/_C.cpython-311-x86_64-linux-gnu.so
7fd669a36000-7fd669a37000 r--p 00000000 00:1f8 81779481649               /mnt/primary/conda-envs/semantic_uncertainty_export/lib/python3.11/site-packages/torch/lib/libtorch_global_deps.so
7fd669a37000-7fd669a38000 r-xp 00001000 00:1f8 81779481649               /mnt/primary/conda-envs/semantic_uncertainty_export/lib/python3.11/site-packages/torch/lib/libtorch_global_deps.so
7fd669a38000-7fd669a39000 r--p 00002000 00:1f8 81779481649               /mnt/primary/conda-envs/semantic_uncertainty_export/lib/python3.11/site-packages/torch/lib/libtorch_global_deps.so
7fd669a39000-7fd669a3a000 r--p 00002000 00:1f8 81779481649               /mnt/primary/conda-envs/semantic_uncertainty_export/lib/python3.11/site-packages/torch/lib/libtorch_global_deps.so
7fd669a3a000-7fd669a3b000 rw-p 00003000 00:1f8 81779481649               /mnt/primary/conda-envs/semantic_uncertainty_export/lib/python3.11/site-packages/torch/lib/libtorch_global_deps.so
7fd669a3b000-7fd669a3d000 r--p 00000000 00:1f8 120262025725              /mnt/primary/conda-envs/semantic_uncertainty_export/lib/python3.11/site-packages/sklearn/utils/_sorting.cpython-311-x86_64-linux-gnu.so
7fd669a3d000-7fd669a3f000 r-xp 00002000 00:1f8 120262025725              /mnt/primary/conda-envs/semantic_uncertainty_export/lib/python3.11/site-packages/sklearn/utils/_sorting.cpython-311-x86_64-linux-gnu.so
7fd669a3f000-7fd669a40000 r--p 00004000 00:1f8 120262025725              /mnt/primary/conda-envs/semantic_uncertainty_export/lib/python3.11/site-packages/sklearn/utils/_sorting.cpython-311-x86_64-linux-gnu.so
7fd669a40000-7fd669a41000 r--p 00004000 00:1f8 120262025725              /mnt/primary/conda-envs/semantic_uncertainty_export/lib/python3.11/site-packages/sklearn/utils/_sorting.cpython-311-x86_64-linux-gnu.so
7fd669a41000-7fd669a42000 rw-p 00005000 00:1f8 120262025725              /mnt/primary/conda-envs/semantic_uncertainty_export/lib/python3.11/site-packages/sklearn/utils/_sorting.cpython-311-x86_64-linux-gnu.so
7fd669a42000-7fd669a44000 rw-p 00007000 00:1f8 120262025725              /mnt/primary/conda-envs/semantic_uncertainty_export/lib/python3.11/site-packages/sklearn/utils/_sorting.cpython-311-x86_64-linux-gnu.so
7fd669a44000-7fd669a46000 r--p 00000000 00:1f8 120262026763              /mnt/primary/conda-envs/semantic_uncertainty_export/lib/python3.11/site-packages/sklearn/utils/_heap.cpython-311-x86_64-linux-gnu.so
7fd669a46000-7fd669a48000 r-xp 00002000 00:1f8 120262026763              /mnt/primary/conda-envs/semantic_uncertainty_export/lib/python3.11/site-packages/sklearn/utils/_heap.cpython-311-x86_64-linux-gnu.so
7fd669a48000-7fd669a49000 r--p 00004000 00:1f8 120262026763              /mnt/primary/conda-envs/semantic_uncertainty_export/lib/python3.11/site-packages/sklearn/utils/_heap.cpython-311-x86_64-linux-gnu.so
7fd669a49000-7fd669a4a000 r--p 00004000 00:1f8 120262026763              /mnt/primary/conda-envs/semantic_uncertainty_export/lib/python3.11/site-packages/sklearn/utils/_heap.cpython-311-x86_64-linux-gnu.so
7fd669a4a000-7fd669a4b000 rw-p 00005000 00:1f8 120262026763              /mnt/primary/conda-envs/semantic_uncertainty_export/lib/python3.11/site-packages/sklearn/utils/_heap.cpython-311-x86_64-linux-gnu.so
7fd669a4b000-7fd669a4d000 rw-p 00007000 00:1f8 120262026763              /mnt/primary/conda-envs/semantic_uncertainty_export/lib/python3.11/site-packages/sklearn/utils/_heap.cpython-311-x86_64-linux-gnu.so
7fd669a4d000-7fd669a53000 r--p 00000000 00:1f8 88099477524               /mnt/primary/conda-envs/semantic_uncertainty_export/lib/python3.11/site-packages/sklearn/metrics/cluster/_expected_mutual_info_fast.cpython-311-x86_64-linux-gnu.so
7fd669a53000-7fd669a6f000 r-xp 00006000 00:1f8 88099477524               /mnt/primary/conda-envs/semantic_uncertainty_export/lib/python3.11/site-packages/sklearn/metrics/cluster/_expected_mutual_info_fast.cpython-311-x86_64-linux-gnu.so
7fd669a6f000-7fd669a75000 r--p 00022000 00:1f8 88099477524               /mnt/primary/conda-envs/semantic_uncertainty_export/lib/python3.11/site-packages/sklearn/metrics/cluster/_expected_mutual_info_fast.cpython-311-x86_64-linux-gnu.so
7fd669a75000-7fd669a76000 r--p 00027000 00:1f8 88099477524               /mnt/primary/conda-envs/semantic_uncertainty_export/lib/python3.11/site-packages/sklearn/metrics/cluster/_expected_mutual_info_fast.cpython-311-x86_64-linux-gnu.so
7fd669a76000-7fd669a79000 rw-p 00028000 00:1f8 88099477524               /mnt/primary/conda-envs/semantic_uncertainty_export/lib/python3.11/site-packages/sklearn/metrics/cluster/_expected_mutual_info_fast.cpython-311-x86_64-linux-gnu.so
7fd669a79000-7fd669a7a000 rw-p 00000000 00:00 0 
7fd669a7a000-7fd669a7d000 rw-p 00034000 00:1f8 88099477524               /mnt/primary/conda-envs/semantic_uncertainty_export/lib/python3.11/site-packages/sklearn/metrics/cluster/_expected_mutual_info_fast.cpython-311-x86_64-linux-gnu.so
7fd669a7d000-7fd669a80000 r--p 00000000 00:1f8 120262026791              /mnt/primary/conda-envs/semantic_uncertainty_export/lib/python3.11/site-packages/sklearn/utils/_openmp_helpers.cpython-311-x86_64-linux-gnu.so
7fd669a80000-7fd669a84000 r-xp 00003000 00:1f8 120262026791              /mnt/primary/conda-envs/semantic_uncertainty_export/lib/python3.11/site-packages/sklearn/utils/_openmp_helpers.cpython-311-x86_64-linux-gnu.so
7fd669a84000-7fd669a85000 r--p 00007000 00:1f8 120262026791              /mnt/primary/conda-envs/semantic_uncertainty_export/lib/python3.11/site-packages/sklearn/utils/_openmp_helpers.cpython-311-x86_64-linux-gnu.so
7fd669a85000-7fd669a86000 r--p 00007000 00:1f8 120262026791              /mnt/primary/conda-envs/semantic_uncertainty_export/lib/python3.11/site-packages/sklearn/utils/_openmp_helpers.cpython-311-x86_64-linux-gnu.so
7fd669a86000-7fd669a87000 rw-p 00008000 00:1f8 120262026791              /mnt/primary/conda-envs/semantic_uncertainty_export/lib/python3.11/site-packages/sklearn/utils/_openmp_helpers.cpython-311-x86_64-linux-gnu.so
7fd669a87000-7fd669a8a000 rw-p 0000c000 00:1f8 120262026791              /mnt/primary/conda-envs/semantic_uncertainty_export/lib/python3.11/site-packages/sklearn/utils/_openmp_helpers.cpython-311-x86_64-linux-gnu.so
7fd669a8a000-7fd669a90000 r--p 00000000 00:1f8 120262026757              /mnt/primary/conda-envs/semantic_uncertainty_export/lib/python3.11/site-packages/sklearn/utils/murmurhash.cpython-311-x86_64-linux-gnu.so
7fd669a90000-7fd669aac000 r-xp 00006000 00:1f8 120262026757              /mnt/primary/conda-envs/semantic_uncertainty_export/lib/python3.11/site-packages/sklearn/utils/murmurhash.cpython-311-x86_64-linux-gnu.so
7fd669aac000-7fd669ab3000 r--p 00022000 00:1f8 120262026757              /mnt/primary/conda-envs/semantic_uncertainty_export/lib/python3.11/site-packages/sklearn/utils/murmurhash.cpython-311-x86_64-linux-gnu.so
7fd669ab3000-7fd669ab4000 r--p 00028000 00:1f8 120262026757              /mnt/primary/conda-envs/semantic_uncertainty_export/lib/python3.11/site-packages/sklearn/utils/murmurhash.cpython-311-x86_64-linux-gnu.so
7fd669ab4000-7fd669ab7000 rw-p 00029000 00:1f8 120262026757              /mnt/primary/conda-envs/semantic_uncertainty_export/lib/python3.11/site-packages/sklearn/utils/murmurhash.cpython-311-x86_64-linux-gnu.so
7fd669ab7000-7fd669ab8000 rw-p 00000000 00:00 0 
7fd669ab8000-7fd669abc000 rw-p 00035000 00:1f8 120262026757              /mnt/primary/conda-envs/semantic_uncertainty_export/lib/python3.11/site-packages/sklearn/utils/murmurhash.cpython-311-x86_64-linux-gnu.so
7fd669abc000-7fd669ac3000 r--p 00000000 00:1f8 120262026761              /mnt/primary/conda-envs/semantic_uncertainty_export/lib/python3.11/site-packages/sklearn/utils/_isfinite.cpython-311-x86_64-linux-gnu.so
7fd669ac3000-7fd669ae1000 r-xp 00007000 00:1f8 120262026761              /mnt/primary/conda-envs/semantic_uncertainty_export/lib/python3.11/site-packages/sklearn/utils/_isfinite.cpython-311-x86_64-linux-gnu.so
7fd669ae1000-7fd669ae8000 r--p 00025000 00:1f8 120262026761              /mnt/primary/conda-envs/semantic_uncertainty_export/lib/python3.11/site-packages/sklearn/utils/_isfinite.cpython-311-x86_64-linux-gnu.so
7fd669ae8000-7fd669ae9000 ---p 0002c000 00:1f8 120262026761              /mnt/primary/conda-envs/semantic_uncertainty_export/lib/python3.11/site-packages/sklearn/utils/_isfinite.cpython-311-x86_64-linux-gnu.so
7fd669ae9000-7fd669aea000 r--p 0002c000 00:1f8 120262026761              /mnt/primary/conda-envs/semantic_uncertainty_export/lib/python3.11/site-packages/sklearn/utils/_isfinite.cpython-311-x86_64-linux-gnu.so
7fd669aea000-7fd669aee000 rw-p 0002d000 00:1f8 120262026761              /mnt/primary/conda-envs/semantic_uncertainty_export/lib/python3.11/site-packages/sklearn/utils/_isfinite.cpython-311-x86_64-linux-gnu.so
7fd669aee000-7fd669af1000 rw-p 0003b000 00:1f8 120262026761              /mnt/primary/conda-envs/semantic_uncertainty_export/lib/python3.11/site-packages/sklearn/utils/_isfinite.cpython-311-x86_64-linux-gnu.so
7fd669af1000-7fd669af3000 r--p 00000000 00:1f8 45438356004               /mnt/primary/conda-envs/semantic_uncertainty_export/lib/python3.11/lib-dynload/_multiprocessing.cpython-311-x86_64-linux-gnu.so
7fd669af3000-7fd669af4000 r-xp 00002000 00:1f8 45438356004               /mnt/primary/conda-envs/semantic_uncertainty_export/lib/python3.11/lib-dynload/_multiprocessing.cpython-311-x86_64-linux-gnu.so
7fd669af4000-7fd669af5000 r--p 00003000 00:1f8 45438356004               /mnt/primary/conda-envs/semantic_uncertainty_export/lib/python3.11/lib-dynload/_multiprocessing.cpython-311-x86_64-linux-gnu.so
7fd669af5000-7fd669af6000 r--p 00003000 00:1f8 45438356004               /mnt/primary/conda-envs/semantic_uncertainty_export/lib/python3.11/lib-dynload/_multiprocessing.cpython-311-x86_64-linux-gnu.so
7fd669af6000-7fd669af7000 rw-p 00004000 00:1f8 45438356004               /mnt/primary/conda-envs/semantic_uncertainty_export/lib/python3.11/lib-dynload/_multiprocessing.cpython-311-x86_64-linux-gnu.so
7fd669af7000-7fd669af9000 r--p 00000000 00:1f8 24813113                  /mnt/primary/conda-envs/semantic_uncertainty_export/lib/python3.11/site-packages/sklearn/__check_build/_check_build.cpython-311-x86_64-linux-gnu.so
7fd669af9000-7fd669afb000 r-xp 00002000 00:1f8 24813113                  /mnt/primary/conda-envs/semantic_uncertainty_export/lib/python3.11/site-packages/sklearn/__check_build/_check_build.cpython-311-x86_64-linux-gnu.so
7fd669afb000-7fd669afc000 r--p 00004000 00:1f8 24813113                  /mnt/primary/conda-envs/semantic_uncertainty_export/lib/python3.11/site-packages/sklearn/__check_build/_check_build.cpython-311-x86_64-linux-gnu.so
7fd669afc000-7fd669afd000 r--p 00004000 00:1f8 24813113                  /mnt/primary/conda-envs/semantic_uncertainty_export/lib/python3.11/site-packages/sklearn/__check_build/_check_build.cpython-311-x86_64-linux-gnu.so
7fd669afd000-7fd669afe000 rw-p 00005000 00:1f8 24813113                  /mnt/primary/conda-envs/semantic_uncertainty_export/lib/python3.11/site-packages/sklearn/__check_build/_check_build.cpython-311-x86_64-linux-gnu.so
7fd669afe000-7fd669b00000 rw-p 00008000 00:1f8 24813113                  /mnt/primary/conda-envs/semantic_uncertainty_export/lib/python3.11/site-packages/sklearn/__check_build/_check_build.cpython-311-x86_64-linux-gnu.so
7fd669b00000-7fd669c00000 rw-p 00000000 00:00 0 
7fd66a405000-7fd66a408000 r--p 00000000 00:1f8 146028901897              /mnt/primary/conda-envs/semantic_uncertainty_export/lib/python3.11/site-packages/pandas/_libs/tslibs/base.cpython-311-x86_64-linux-gnu.so
7fd66a408000-7fd66a40d000 r-xp 00003000 00:1f8 146028901897              /mnt/primary/conda-envs/semantic_uncertainty_export/lib/python3.11/site-packages/pandas/_libs/tslibs/base.cpython-311-x86_64-linux-gnu.so
7fd66a40d000-7fd66a40f000 r--p 00008000 00:1f8 146028901897              /mnt/primary/conda-envs/semantic_uncertainty_export/lib/python3.11/site-packages/pandas/_libs/tslibs/base.cpython-311-x86_64-linux-gnu.so
7fd66a40f000-7fd66a410000 r--p 00009000 00:1f8 146028901897              /mnt/primary/conda-envs/semantic_uncertainty_export/lib/python3.11/site-packages/pandas/_libs/tslibs/base.cpython-311-x86_64-linux-gnu.so
7fd66a410000-7fd66a411000 rw-p 0000a000 00:1f8 146028901897              /mnt/primary/conda-envs/semantic_uncertainty_export/lib/python3.11/site-packages/pandas/_libs/tslibs/base.cpython-311-x86_64-linux-gnu.so
7fd66a411000-7fd66a415000 r--p 00000000 00:1f8 146028901910              /mnt/primary/conda-envs/semantic_uncertainty_export/lib/python3.11/site-packages/pandas/_libs/tslibs/np_datetime.cpython-311-x86_64-linux-gnu.so
7fd66a415000-7fd66a428000 r-xp 00004000 00:1f8 146028901910              /mnt/primary/conda-envs/semantic_uncertainty_export/lib/python3.11/site-packages/pandas/_libs/tslibs/np_datetime.cpython-311-x86_64-linux-gnu.so
7fd66a428000-7fd66a42c000 r--p 00017000 00:1f8 146028901910              /mnt/primary/conda-envs/semantic_uncertainty_export/lib/python3.11/site-packages/pandas/_libs/tslibs/np_datetime.cpython-311-x86_64-linux-gnu.so
7fd66a42c000-7fd66a42d000 r--p 0001a000 00:1f8 146028901910              /mnt/primary/conda-envs/semantic_uncertainty_export/lib/python3.11/site-packages/pandas/_libs/tslibs/np_datetime.cpython-311-x86_64-linux-gnu.so
7fd66a42d000-7fd66a42f000 rw-p 0001b000 00:1f8 146028901910              /mnt/primary/conda-envs/semantic_uncertainty_export/lib/python3.11/site-packages/pandas/_libs/tslibs/np_datetime.cpython-311-x86_64-linux-gnu.so
7fd66a42f000-7fd66a435000 r--p 00000000 00:1f8 146028901907              /mnt/primary/conda-envs/semantic_uncertainty_export/lib/python3.11/site-packages/pandas/_libs/tslibs/dtypes.cpython-311-x86_64-linux-gnu.so
7fd66a435000-7fd66a44d000 r-xp 00006000 00:1f8 146028901907              /mnt/primary/conda-envs/semantic_uncertainty_export/lib/python3.11/site-packages/pandas/_libs/tslibs/dtypes.cpython-311-x86_64-linux-gnu.so
7fd66a44d000-7fd66a452000 r--p 0001e000 00:1f8 146028901907              /mnt/primary/conda-envs/semantic_uncertainty_export/lib/python3.11/site-packages/pandas/_libs/tslibs/dtypes.cpython-311-x86_64-linux-gnu.so
7fd66a452000-7fd66a453000 r--p 00022000 00:1f8 146028901907              /mnt/primary/conda-envs/semantic_uncertainty_export/lib/python3.11/site-packages/pandas/_libs/tslibs/dtypes.cpython-311-x86_64-linux-gnu.so
7fd66a453000-7fd66a457000 rw-p 00023000 00:1f8 146028901907              /mnt/primary/conda-envs/semantic_uncertainty_export/lib/python3.11/site-packages/pandas/_libs/tslibs/dtypes.cpython-311-x86_64-linux-gnu.so
7fd66a457000-7fd66a45e000 r--p 00000000 00:1f8 141832290848              /mnt/primary/conda-envs/semantic_uncertainty_export/lib/python3.11/site-packages/pandas/_libs/missing.cpython-311-x86_64-linux-gnu.so
7fd66a45e000-7fd66a47e000 r-xp 00007000 00:1f8 141832290848              /mnt/primary/conda-envs/semantic_uncertainty_export/lib/python3.11/site-packages/pandas/_libs/missing.cpython-311-x86_64-linux-gnu.so
7fd66a47e000-7fd66a484000 r--p 00027000 00:1f8 141832290848              /mnt/primary/conda-envs/semantic_uncertainty_export/lib/python3.11/site-packages/pandas/_libs/missing.cpython-311-x86_64-linux-gnu.so
7fd66a484000-7fd66a485000 r--p 0002c000 00:1f8 141832290848              /mnt/primary/conda-envs/semantic_uncertainty_export/lib/python3.11/site-packages/pandas/_libs/missing.cpython-311-x86_64-linux-gnu.so
7fd66a485000-7fd66a489000 rw-p 0002d000 00:1f8 141832290848              /mnt/primary/conda-envs/semantic_uncertainty_export/lib/python3.11/site-packages/pandas/_libs/missing.cpython-311-x86_64-linux-gnu.so
7fd66a489000-7fd66a48a000 rw-p 00000000 00:00 0 
7fd66a48a000-7fd66a48c000 r--p 00000000 00:1f8 141832290876              /mnt/primary/conda-envs/semantic_uncertainty_export/lib/python3.11/site-packages/pandas/_libs/pandas_parser.cpython-311-x86_64-linux-gnu.so
7fd66a48c000-7fd66a492000 r-xp 00002000 00:1f8 141832290876              /mnt/primary/conda-envs/semantic_uncertainty_export/lib/python3.11/site-packages/pandas/_libs/pandas_parser.cpython-311-x86_64-linux-gnu.so
7fd66a492000-7fd66a494000 r--p 00008000 00:1f8 141832290876              /mnt/primary/conda-envs/semantic_uncertainty_export/lib/python3.11/site-packages/pandas/_libs/pandas_parser.cpython-311-x86_64-linux-gnu.so
7fd66a494000-7fd66a495000 r--p 00009000 00:1f8 141832290876              /mnt/primary/conda-envs/semantic_uncertainty_export/lib/python3.11/site-packages/pandas/_libs/pandas_parser.cpython-311-x86_64-linux-gnu.so
7fd66a495000-7fd66a496000 rw-p 0000a000 00:1f8 141832290876              /mnt/primary/conda-envs/semantic_uncertainty_export/lib/python3.11/site-packages/pandas/_libs/pandas_parser.cpython-311-x86_64-linux-gnu.so
7fd66a496000-7fd66a499000 r--p 00000000 00:1f8 171102376449              /mnt/primary/conda-envs/semantic_uncertainty_export/lib/python3.11/site-packages/numpy/random/_pcg64.cpython-311-x86_64-linux-gnu.so
7fd66a499000-7fd66a4a8000 r-xp 00003000 00:1f8 171102376449              /mnt/primary/conda-envs/semantic_uncertainty_export/lib/python3.11/site-packages/numpy/random/_pcg64.cpython-311-x86_64-linux-gnu.so
7fd66a4a8000-7fd66a4ad000 r--p 00012000 00:1f8 171102376449              /mnt/primary/conda-envs/semantic_uncertainty_export/lib/python3.11/site-packages/numpy/random/_pcg64.cpython-311-x86_64-linux-gnu.so
7fd66a4ad000-7fd66a4ae000 ---p 00017000 00:1f8 171102376449              /mnt/primary/conda-envs/semantic_uncertainty_export/lib/python3.11/site-packages/numpy/random/_pcg64.cpython-311-x86_64-linux-gnu.so
7fd66a4ae000-7fd66a4af000 r--p 00017000 00:1f8 171102376449              /mnt/primary/conda-envs/semantic_uncertainty_export/lib/python3.11/site-packages/numpy/random/_pcg64.cpython-311-x86_64-linux-gnu.so
7fd66a4af000-7fd66a4b0000 rw-p 00018000 00:1f8 171102376449              /mnt/primary/conda-envs/semantic_uncertainty_export/lib/python3.11/site-packages/numpy/random/_pcg64.cpython-311-x86_64-linux-gnu.so
7fd66a4b0000-7fd66a4b5000 r--p 00000000 00:1f8 171102352953              /mnt/primary/conda-envs/semantic_uncertainty_export/lib/python3.11/site-packages/numpy/random/_bounded_integers.cpython-311-x86_64-linux-gnu.so
7fd66a4b5000-7fd66a4f4000 r-xp 00005000 00:1f8 171102352953              /mnt/primary/conda-envs/semantic_uncertainty_export/lib/python3.11/site-packages/numpy/random/_bounded_integers.cpython-311-x86_64-linux-gnu.so
7fd66a4f4000-7fd66a4fd000 r--p 00044000 00:1f8 171102352953              /mnt/primary/conda-envs/semantic_uncertainty_export/lib/python3.11/site-packages/numpy/random/_bounded_integers.cpython-311-x86_64-linux-gnu.so
7fd66a4fd000-7fd66a4fe000 r--p 0004c000 00:1f8 171102352953              /mnt/primary/conda-envs/semantic_uncertainty_export/lib/python3.11/site-packages/numpy/random/_bounded_integers.cpython-311-x86_64-linux-gnu.so
7fd66a4fe000-7fd66a4ff000 rw-p 0004d000 00:1f8 171102352953              /mnt/primary/conda-envs/semantic_uncertainty_export/lib/python3.11/site-packages/numpy/random/_bounded_integers.cpython-311-x86_64-linux-gnu.so
7fd66a4ff000-7fd66a600000 rw-p 00000000 00:00 0 
7fd66ad01000-7fd66ad05000 ---p 00000000 00:00 0 
7fd66ad05000-7fd66ae01000 rw-p 00000000 00:00 0 
7fd66ae01000-7fd66ae04000 r--p 00000000 00:1f8 171102376454              /mnt/primary/conda-envs/semantic_uncertainty_export/lib/python3.11/site-packages/numpy/random/_sfc64.cpython-311-x86_64-linux-gnu.so
7fd66ae04000-7fd66ae0b000 r-xp 00003000 00:1f8 171102376454              /mnt/primary/conda-envs/semantic_uncertainty_export/lib/python3.11/site-packages/numpy/random/_sfc64.cpython-311-x86_64-linux-gnu.so
7fd66ae0b000-7fd66ae0e000 r--p 0000a000 00:1f8 171102376454              /mnt/primary/conda-envs/semantic_uncertainty_export/lib/python3.11/site-packages/numpy/random/_sfc64.cpython-311-x86_64-linux-gnu.so
7fd66ae0e000-7fd66ae0f000 r--p 0000c000 00:1f8 171102376454              /mnt/primary/conda-envs/semantic_uncertainty_export/lib/python3.11/site-packages/numpy/random/_sfc64.cpython-311-x86_64-linux-gnu.so
7fd66ae0f000-7fd66ae10000 rw-p 0000d000 00:1f8 171102376454              /mnt/primary/conda-envs/semantic_uncertainty_export/lib/python3.11/site-packages/numpy/random/_sfc64.cpython-311-x86_64-linux-gnu.so
7fd66ae10000-7fd66ae13000 r--p 00000000 00:1f8 171102376451              /mnt/primary/conda-envs/semantic_uncertainty_export/lib/python3.11/site-packages/numpy/random/_philox.cpython-311-x86_64-linux-gnu.so
7fd66ae13000-7fd66ae1d000 r-xp 00003000 00:1f8 171102376451              /mnt/primary/conda-envs/semantic_uncertainty_export/lib/python3.11/site-packages/numpy/random/_philox.cpython-311-x86_64-linux-gnu.so
7fd66ae1d000-7fd66ae21000 r--p 0000d000 00:1f8 171102376451              /mnt/primary/conda-envs/semantic_uncertainty_export/lib/python3.11/site-packages/numpy/random/_philox.cpython-311-x86_64-linux-gnu.so
7fd66ae21000-7fd66ae22000 ---p 00011000 00:1f8 171102376451              /mnt/primary/conda-envs/semantic_uncertainty_export/lib/python3.11/site-packages/numpy/random/_philox.cpython-311-x86_64-linux-gnu.so
7fd66ae22000-7fd66ae23000 r--p 00011000 00:1f8 171102376451              /mnt/primary/conda-envs/semantic_uncertainty_export/lib/python3.11/site-packages/numpy/random/_philox.cpython-311-x86_64-linux-gnu.so
7fd66ae23000-7fd66ae24000 rw-p 00012000 00:1f8 171102376451              /mnt/primary/conda-envs/semantic_uncertainty_export/lib/python3.11/site-packages/numpy/random/_philox.cpython-311-x86_64-linux-gnu.so
7fd66ae24000-7fd66ae28000 r--p 00000000 00:1f8 171102352955              /mnt/primary/conda-envs/semantic_uncertainty_export/lib/python3.11/site-packages/numpy/random/_common.cpython-311-x86_64-linux-gnu.so
7fd66ae28000-7fd66ae53000 r-xp 00004000 00:1f8 171102352955              /mnt/primary/conda-envs/semantic_uncertainty_export/lib/python3.11/site-packages/numpy/random/_common.cpython-311-x86_64-linux-gnu.so
7fd66ae53000-7fd66ae57000 r--p 0002f000 00:1f8 171102352955              /mnt/primary/conda-envs/semantic_uncertainty_export/lib/python3.11/site-packages/numpy/random/_common.cpython-311-x86_64-linux-gnu.so
7fd66ae57000-7fd66ae58000 ---p 00033000 00:1f8 171102352955              /mnt/primary/conda-envs/semantic_uncertainty_export/lib/python3.11/site-packages/numpy/random/_common.cpython-311-x86_64-linux-gnu.so
7fd66ae58000-7fd66ae59000 r--p 00033000 00:1f8 171102352955              /mnt/primary/conda-envs/semantic_uncertainty_export/lib/python3.11/site-packages/numpy/random/_common.cpython-311-x86_64-linux-gnu.so
7fd66ae59000-7fd66ae5a000 rw-p 00034000 00:1f8 171102352955              /mnt/primary/conda-envs/semantic_uncertainty_export/lib/python3.11/site-packages/numpy/random/_common.cpython-311-x86_64-linux-gnu.so
7fd66ae5a000-7fd66ae5b000 rw-p 00000000 00:00 0 
7fd66ae5b000-7fd66ae60000 r--p 00000000 00:1f8 171102376460              /mnt/primary/conda-envs/semantic_uncertainty_export/lib/python3.11/site-packages/numpy/random/mtrand.cpython-311-x86_64-linux-gnu.so
7fd66ae60000-7fd66aeac000 r-xp 00005000 00:1f8 171102376460              /mnt/primary/conda-envs/semantic_uncertainty_export/lib/python3.11/site-packages/numpy/random/mtrand.cpython-311-x86_64-linux-gnu.so
7fd66aeac000-7fd66aefc000 r--p 00051000 00:1f8 171102376460              /mnt/primary/conda-envs/semantic_uncertainty_export/lib/python3.11/site-packages/numpy/random/mtrand.cpython-311-x86_64-linux-gnu.so
7fd66aefc000-7fd66aefd000 r--p 000a0000 00:1f8 171102376460              /mnt/primary/conda-envs/semantic_uncertainty_export/lib/python3.11/site-packages/numpy/random/mtrand.cpython-311-x86_64-linux-gnu.so
7fd66aefd000-7fd66aefe000 rw-p 000a1000 00:1f8 171102376460              /mnt/primary/conda-envs/semantic_uncertainty_export/lib/python3.11/site-packages/numpy/random/mtrand.cpython-311-x86_64-linux-gnu.so
7fd66aefe000-7fd66b000000 rw-p 00000000 00:00 0 
7fd66b000000-7fd66b001000 ---p 00000000 00:00 0 
7fd66b001000-7fd66b801000 rw-p 00000000 00:00 0 
7fd66b801000-7fd66b803000 r--p 00000000 00:1f8 45438459397               /mnt/primary/conda-envs/semantic_uncertainty_export/lib/python3.11/lib-dynload/grp.cpython-311-x86_64-linux-gnu.so
7fd66b803000-7fd66b804000 r-xp 00002000 00:1f8 45438459397               /mnt/primary/conda-envs/semantic_uncertainty_export/lib/python3.11/lib-dynload/grp.cpython-311-x86_64-linux-gnu.so
7fd66b804000-7fd66b805000 r--p 00003000 00:1f8 45438459397               /mnt/primary/conda-envs/semantic_uncertainty_export/lib/python3.11/lib-dynload/grp.cpython-311-x86_64-linux-gnu.so
7fd66b805000-7fd66b806000 r--p 00003000 00:1f8 45438459397               /mnt/primary/conda-envs/semantic_uncertainty_export/lib/python3.11/lib-dynload/grp.cpython-311-x86_64-linux-gnu.so
7fd66b806000-7fd66b807000 rw-p 00004000 00:1f8 45438459397               /mnt/primary/conda-envs/semantic_uncertainty_export/lib/python3.11/lib-dynload/grp.cpython-311-x86_64-linux-gnu.so
7fd66b807000-7fd66b907000 rw-p 00000000 00:00 0 
7fd66b907000-7fd66b928000 r--p 00000000 00:1f8 70923272721               /mnt/primary/conda-envs/semantic_uncertainty_export/lib/libomp.so
7fd66b928000-7fd66b9c4000 r-xp 00021000 00:1f8 70923272721               /mnt/primary/conda-envs/semantic_uncertainty_export/lib/libomp.so
7fd66b9c4000-7fd66b9ee000 r--p 000bd000 00:1f8 70923272721               /mnt/primary/conda-envs/semantic_uncertainty_export/lib/libomp.so
7fd66b9ee000-7fd66b9ef000 ---p 000e7000 00:1f8 70923272721               /mnt/primary/conda-envs/semantic_uncertainty_export/lib/libomp.so
7fd66b9ef000-7fd66b9f0000 r--p 000e7000 00:1f8 70923272721               /mnt/primary/conda-envs/semantic_uncertainty_export/lib/libomp.so
7fd66b9f0000-7fd66b9f6000 rw-p 000e8000 00:1f8 70923272721               /mnt/primary/conda-envs/semantic_uncertainty_export/lib/libomp.so
7fd66b9f6000-7fd66ba00000 rw-p 00000000 00:00 0 
7fd66ba00000-7fd66ba01000 ---p 00000000 00:00 0 
7fd66ba01000-7fd66c201000 rw-p 00000000 00:00 0 
7fd66c201000-7fd66c202000 ---p 00000000 00:00 0 
7fd66c202000-7fd66c203000 r--p 00000000 00:00 0 
7fd66c203000-7fd66c204000 r--p 00000000 00:1f8 141832290861              /mnt/primary/conda-envs/semantic_uncertainty_export/lib/python3.11/site-packages/pandas/_libs/pandas_datetime.cpython-311-x86_64-linux-gnu.so
7fd66c204000-7fd66c209000 r-xp 00001000 00:1f8 141832290861              /mnt/primary/conda-envs/semantic_uncertainty_export/lib/python3.11/site-packages/pandas/_libs/pandas_datetime.cpython-311-x86_64-linux-gnu.so
7fd66c209000-7fd66c20a000 r--p 00006000 00:1f8 141832290861              /mnt/primary/conda-envs/semantic_uncertainty_export/lib/python3.11/site-packages/pandas/_libs/pandas_datetime.cpython-311-x86_64-linux-gnu.so
7fd66c20a000-7fd66c20b000 r--p 00006000 00:1f8 141832290861              /mnt/primary/conda-envs/semantic_uncertainty_export/lib/python3.11/site-packages/pandas/_libs/pandas_datetime.cpython-311-x86_64-linux-gnu.so
7fd66c20b000-7fd66c20c000 rw-p 00007000 00:1f8 141832290861              /mnt/primary/conda-envs/semantic_uncertainty_export/lib/python3.11/site-packages/pandas/_libs/pandas_datetime.cpython-311-x86_64-linux-gnu.so
7fd66c20c000-7fd66c20f000 r--p 00000000 00:1f8 171102352959              /mnt/primary/conda-envs/semantic_uncertainty_export/lib/python3.11/site-packages/numpy/random/_mt19937.cpython-311-x86_64-linux-gnu.so
7fd66c20f000-7fd66c21c000 r-xp 00003000 00:1f8 171102352959              /mnt/primary/conda-envs/semantic_uncertainty_export/lib/python3.11/site-packages/numpy/random/_mt19937.cpython-311-x86_64-linux-gnu.so
7fd66c21c000-7fd66c221000 r--p 00010000 00:1f8 171102352959              /mnt/primary/conda-envs/semantic_uncertainty_export/lib/python3.11/site-packages/numpy/random/_mt19937.cpython-311-x86_64-linux-gnu.so
7fd66c221000-7fd66c222000 r--p 00014000 00:1f8 171102352959              /mnt/primary/conda-envs/semantic_uncertainty_export/lib/python3.11/site-packages/numpy/random/_mt19937.cpython-311-x86_64-linux-gnu.so
7fd66c222000-7fd66c223000 rw-p 00015000 00:1f8 171102352959              /mnt/primary/conda-envs/semantic_uncertainty_export/lib/python3.11/site-packages/numpy/random/_mt19937.cpython-311-x86_64-linux-gnu.so
7fd66c223000-7fd66c228000 r--p 00000000 00:1f8 171102376456              /mnt/primary/conda-envs/semantic_uncertainty_export/lib/python3.11/site-packages/numpy/random/bit_generator.cpython-311-x86_64-linux-gnu.so
7fd66c228000-7fd66c246000 r-xp 00005000 00:1f8 171102376456              /mnt/primary/conda-envs/semantic_uncertainty_export/lib/python3.11/site-packages/numpy/random/bit_generator.cpython-311-x86_64-linux-gnu.so
7fd66c246000-7fd66c250000 r--p 00023000 00:1f8 171102376456              /mnt/primary/conda-envs/semantic_uncertainty_export/lib/python3.11/site-packages/numpy/random/bit_generator.cpython-311-x86_64-linux-gnu.so
7fd66c250000-7fd66c251000 r--p 0002c000 00:1f8 171102376456              /mnt/primary/conda-envs/semantic_uncertainty_export/lib/python3.11/site-packages/numpy/random/bit_generator.cpython-311-x86_64-linux-gnu.so
7fd66c251000-7fd66c253000 rw-p 0002d000 00:1f8 171102376456              /mnt/primary/conda-envs/semantic_uncertainty_export/lib/python3.11/site-packages/numpy/random/bit_generator.cpython-311-x86_64-linux-gnu.so
7fd66c253000-7fd66c254000 r--p 00000000 00:1f8 116697732662              /mnt/primary/conda-envs/semantic_uncertainty_export/lib/python3.11/site-packages/numpy/fft/_pocketfft_internal.cpython-311-x86_64-linux-gnu.so
7fd66c254000-7fd66c263000 r-xp 00001000 00:1f8 116697732662              /mnt/primary/conda-envs/semantic_uncertainty_export/lib/python3.11/site-packages/numpy/fft/_pocketfft_internal.cpython-311-x86_64-linux-gnu.so
7fd66c263000-7fd66c265000 r--p 00010000 00:1f8 116697732662              /mnt/primary/conda-envs/semantic_uncertainty_export/lib/python3.11/site-packages/numpy/fft/_pocketfft_internal.cpython-311-x86_64-linux-gnu.so
7fd66c265000-7fd66c266000 r--p 00011000 00:1f8 116697732662              /mnt/primary/conda-envs/semantic_uncertainty_export/lib/python3.11/site-packages/numpy/fft/_pocketfft_internal.cpython-311-x86_64-linux-gnu.so
7fd66c266000-7fd66c267000 rw-p 00012000 00:1f8 116697732662              /mnt/primary/conda-envs/semantic_uncertainty_export/lib/python3.11/site-packages/numpy/fft/_pocketfft_internal.cpython-311-x86_64-linux-gnu.so
7fd66c267000-7fd66c26e000 r--p 00000000 00:1f8 135391188019              /mnt/primary/conda-envs/semantic_uncertainty_export/lib/python3.11/site-packages/numpy/linalg/_umath_linalg.cpython-311-x86_64-linux-gnu.so
7fd66c26e000-7fd66c288000 r-xp 00007000 00:1f8 135391188019              /mnt/primary/conda-envs/semantic_uncertainty_export/lib/python3.11/site-packages/numpy/linalg/_umath_linalg.cpython-311-x86_64-linux-gnu.so
7fd66c288000-7fd66c28d000 r--p 00021000 00:1f8 135391188019              /mnt/primary/conda-envs/semantic_uncertainty_export/lib/python3.11/site-packages/numpy/linalg/_umath_linalg.cpython-311-x86_64-linux-gnu.so
7fd66c28d000-7fd66c28e000 r--p 00025000 00:1f8 135391188019              /mnt/primary/conda-envs/semantic_uncertainty_export/lib/python3.11/site-packages/numpy/linalg/_umath_linalg.cpython-311-x86_64-linux-gnu.so
7fd66c28e000-7fd66c28f000 rw-p 00026000 00:1f8 135391188019              /mnt/primary/conda-envs/semantic_uncertainty_export/lib/python3.11/site-packages/numpy/linalg/_umath_linalg.cpython-311-x86_64-linux-gnu.so
7fd66c28f000-7fd66c297000 r--p 00000000 00:1f8 163251150892              /mnt/primary/conda-envs/semantic_uncertainty_export/lib/python3.11/site-packages/numpy/core/_multiarray_tests.cpython-311-x86_64-linux-gnu.so
7fd66c297000-7fd66c2a6000 r-xp 00008000 00:1f8 163251150892              /mnt/primary/conda-envs/semantic_uncertainty_export/lib/python3.11/site-packages/numpy/core/_multiarray_tests.cpython-311-x86_64-linux-gnu.so
7fd66c2a6000-7fd66c2ab000 r--p 00017000 00:1f8 163251150892              /mnt/primary/conda-envs/semantic_uncertainty_export/lib/python3.11/site-packages/numpy/core/_multiarray_tests.cpython-311-x86_64-linux-gnu.so
7fd66c2ab000-7fd66c2ac000 ---p 0001c000 00:1f8 163251150892              /mnt/primary/conda-envs/semantic_uncertainty_export/lib/python3.11/site-packages/numpy/core/_multiarray_tests.cpython-311-x86_64-linux-gnu.so
7fd66c2ac000-7fd66c2ad000 r--p 0001c000 00:1f8 163251150892              /mnt/primary/conda-envs/semantic_uncertainty_export/lib/python3.11/site-packages/numpy/core/_multiarray_tests.cpython-311-x86_64-linux-gnu.so
7fd66c2ad000-7fd66c2ae000 rw-p 0001d000 00:1f8 163251150892              /mnt/primary/conda-envs/semantic_uncertainty_export/lib/python3.11/site-packages/numpy/core/_multiarray_tests.cpython-311-x86_64-linux-gnu.so
7fd66c2ae000-7fd66c2b4000 r--p 00000000 00:1f8 21511827990               /mnt/primary/conda-envs/semantic_uncertainty_export/lib/python3.11/site-packages/mkl/_py_mkl_service.cpython-311-x86_64-linux-gnu.so
7fd66c2b4000-7fd66c2c3000 r-xp 00006000 00:1f8 21511827990               /mnt/primary/conda-envs/semantic_uncertainty_export/lib/python3.11/site-packages/mkl/_py_mkl_service.cpython-311-x86_64-linux-gnu.so
7fd66c2c3000-7fd66c2c6000 r--p 00015000 00:1f8 21511827990               /mnt/primary/conda-envs/semantic_uncertainty_export/lib/python3.11/site-packages/mkl/_py_mkl_service.cpython-311-x86_64-linux-gnu.so
7fd66c2c6000-7fd66c2c7000 ---p 00018000 00:1f8 21511827990               /mnt/primary/conda-envs/semantic_uncertainty_export/lib/python3.11/site-packages/mkl/_py_mkl_service.cpython-311-x86_64-linux-gnu.so
7fd66c2c7000-7fd66c2c8000 r--p 00018000 00:1f8 21511827990               /mnt/primary/conda-envs/semantic_uncertainty_export/lib/python3.11/site-packages/mkl/_py_mkl_service.cpython-311-x86_64-linux-gnu.so
7fd66c2c8000-7fd66c2cc000 rw-p 00019000 00:1f8 21511827990               /mnt/primary/conda-envs/semantic_uncertainty_export/lib/python3.11/site-packages/mkl/_py_mkl_service.cpython-311-x86_64-linux-gnu.so
7fd66c2cc000-7fd66c2cd000 r--p 00000000 00:1f8 21511827989               /mnt/primary/conda-envs/semantic_uncertainty_export/lib/python3.11/site-packages/mkl/_mklinit.cpython-311-x86_64-linux-gnu.so
7fd66c2cd000-7fd66c2ce000 r-xp 00001000 00:1f8 21511827989               /mnt/primary/conda-envs/semantic_uncertainty_export/lib/python3.11/site-packages/mkl/_mklinit.cpython-311-x86_64-linux-gnu.so
7fd66c2ce000-7fd66c2cf000 r--p 00002000 00:1f8 21511827989               /mnt/primary/conda-envs/semantic_uncertainty_export/lib/python3.11/site-packages/mkl/_mklinit.cpython-311-x86_64-linux-gnu.so
7fd66c2cf000-7fd66c2d0000 r--p 00002000 00:1f8 21511827989               /mnt/primary/conda-envs/semantic_uncertainty_export/lib/python3.11/site-packages/mkl/_mklinit.cpython-311-x86_64-linux-gnu.so
7fd66c2d0000-7fd66c2d1000 rw-p 00003000 00:1f8 21511827989               /mnt/primary/conda-envs/semantic_uncertainty_export/lib/python3.11/site-packages/mkl/_mklinit.cpython-311-x86_64-linux-gnu.so
7fd66c2d1000-7fd66c2d5000 rw-p 00000000 00:00 0 
7fd66c2dd000-7fd66c2e5000 rw-p 00000000 00:00 0 
7fd66c2ed000-7fd66c6ed000 rw-p 00000000 00:00 0 
7fd66c6ed000-7fd66c6f5000 r--p 00000000 00:1f8 172121170462              /mnt/primary/conda-envs/semantic_uncertainty_export/lib/python3.11/site-packages/debugpy/_vendored/pydevd/_pydevd_bundle/pydevd_cython.cpython-311-x86_64-linux-gnu.so
7fd66c6f5000-7fd66c772000 r-xp 00008000 00:1f8 172121170462              /mnt/primary/conda-envs/semantic_uncertainty_export/lib/python3.11/site-packages/debugpy/_vendored/pydevd/_pydevd_bundle/pydevd_cython.cpython-311-x86_64-linux-gnu.so
7fd66c772000-7fd66c77b000 r--p 00085000 00:1f8 172121170462              /mnt/primary/conda-envs/semantic_uncertainty_export/lib/python3.11/site-packages/debugpy/_vendored/pydevd/_pydevd_bundle/pydevd_cython.cpython-311-x86_64-linux-gnu.so
7fd66c77b000-7fd66c77c000 r--p 0008d000 00:1f8 172121170462              /mnt/primary/conda-envs/semantic_uncertainty_export/lib/python3.11/site-packages/debugpy/_vendored/pydevd/_pydevd_bundle/pydevd_cython.cpython-311-x86_64-linux-gnu.so
7fd66c77c000-7fd66c782000 rw-p 0008e000 00:1f8 172121170462              /mnt/primary/conda-envs/semantic_uncertainty_export/lib/python3.11/site-packages/debugpy/_vendored/pydevd/_pydevd_bundle/pydevd_cython.cpython-311-x86_64-linux-gnu.so
7fd66c782000-7fd66c983000 rw-p 00000000 00:00 0 
7fd66c983000-7fd66c989000 r--p 00000000 00:1f8 45438459402               /mnt/primary/conda-envs/semantic_uncertainty_export/lib/python3.11/lib-dynload/pyexpat.cpython-311-x86_64-linux-gnu.so
7fd66c989000-7fd66c9b3000 r-xp 00006000 00:1f8 45438459402               /mnt/primary/conda-envs/semantic_uncertainty_export/lib/python3.11/lib-dynload/pyexpat.cpython-311-x86_64-linux-gnu.so
7fd66c9b3000-7fd66c9bf000 r--p 00030000 00:1f8 45438459402               /mnt/primary/conda-envs/semantic_uncertainty_export/lib/python3.11/lib-dynload/pyexpat.cpython-311-x86_64-linux-gnu.so
7fd66c9bf000-7fd66c9c2000 r--p 0003b000 00:1f8 45438459402               /mnt/primary/conda-envs/semantic_uncertainty_export/lib/python3.11/lib-dynload/pyexpat.cpython-311-x86_64-linux-gnu.so
7fd66c9c2000-7fd66c9c4000 rw-p 0003e000 00:1f8 45438459402               /mnt/primary/conda-envs/semantic_uncertainty_export/lib/python3.11/lib-dynload/pyexpat.cpython-311-x86_64-linux-gnu.so
7fd66c9c4000-7fd66cac4000 rw-p 00000000 00:00 0 
7fd66cac4000-7fd66cac6000 r--p 00000000 00:1f8 58047289889               /mnt/primary/conda-envs/semantic_uncertainty_export/lib/python3.11/site-packages/psutil/_psutil_posix.abi3.so
7fd66cac6000-7fd66cac8000 r-xp 00002000 00:1f8 58047289889               /mnt/primary/conda-envs/semantic_uncertainty_export/lib/python3.11/site-packages/psutil/_psutil_posix.abi3.so
7fd66cac8000-7fd66cac9000 r--p 00004000 00:1f8 58047289889               /mnt/primary/conda-envs/semantic_uncertainty_export/lib/python3.11/site-packages/psutil/_psutil_posix.abi3.so
7fd66cac9000-7fd66caca000 r--p 00004000 00:1f8 58047289889               /mnt/primary/conda-envs/semantic_uncertainty_export/lib/python3.11/site-packages/psutil/_psutil_posix.abi3.so
7fd66caca000-7fd66cacb000 rw-p 00005000 00:1f8 58047289889               /mnt/primary/conda-envs/semantic_uncertainty_export/lib/python3.11/site-packages/psutil/_psutil_posix.abi3.so
7fd66cacb000-7fd66cacd000 r--p 00000000 00:1f8 58047289890               /mnt/primary/conda-envs/semantic_uncertainty_export/lib/python3.11/site-packages/psutil/_psutil_linux.abi3.so
7fd66cacd000-7fd66cad0000 r-xp 00002000 00:1f8 58047289890               /mnt/primary/conda-envs/semantic_uncertainty_export/lib/python3.11/site-packages/psutil/_psutil_linux.abi3.so
7fd66cad0000-7fd66cad1000 r--p 00005000 00:1f8 58047289890               /mnt/primary/conda-envs/semantic_uncertainty_export/lib/python3.11/site-packages/psutil/_psutil_linux.abi3.so
7fd66cad1000-7fd66cad2000 r--p 00005000 00:1f8 58047289890               /mnt/primary/conda-envs/semantic_uncertainty_export/lib/python3.11/site-packages/psutil/_psutil_linux.abi3.so
7fd66cad2000-7fd66cad3000 rw-p 00006000 00:1f8 58047289890               /mnt/primary/conda-envs/semantic_uncertainty_export/lib/python3.11/site-packages/psutil/_psutil_linux.abi3.so
7fd66cad3000-7fd66cbd3000 rw-p 00000000 00:00 0 
7fd66cbd3000-7fd66cbd5000 r--p 00000000 00:1f8 45438356000               /mnt/primary/conda-envs/semantic_uncertainty_export/lib/python3.11/lib-dynload/_lsprof.cpython-311-x86_64-linux-gnu.so
7fd66cbd5000-7fd66cbd7000 r-xp 00002000 00:1f8 45438356000               /mnt/primary/conda-envs/semantic_uncertainty_export/lib/python3.11/lib-dynload/_lsprof.cpython-311-x86_64-linux-gnu.so
7fd66cbd7000-7fd66cbd8000 r--p 00004000 00:1f8 45438356000               /mnt/primary/conda-envs/semantic_uncertainty_export/lib/python3.11/lib-dynload/_lsprof.cpython-311-x86_64-linux-gnu.so
7fd66cbd8000-7fd66cbd9000 ---p 00005000 00:1f8 45438356000               /mnt/primary/conda-envs/semantic_uncertainty_export/lib/python3.11/lib-dynload/_lsprof.cpython-311-x86_64-linux-gnu.so
7fd66cbd9000-7fd66cbda000 r--p 00005000 00:1f8 45438356000               /mnt/primary/conda-envs/semantic_uncertainty_export/lib/python3.11/lib-dynload/_lsprof.cpython-311-x86_64-linux-gnu.so
7fd66cbda000-7fd66cbdb000 rw-p 00006000 00:1f8 45438356000               /mnt/primary/conda-envs/semantic_uncertainty_export/lib/python3.11/lib-dynload/_lsprof.cpython-311-x86_64-linux-gnu.so
7fd66cbdb000-7fd66cfdb000 rw-p 00000000 00:00 0 
7fd66cfdb000-7fd66cfde000 r--p 00000000 00:1f8 45438459409               /mnt/primary/conda-envs/semantic_uncertainty_export/lib/python3.11/lib-dynload/unicodedata.cpython-311-x86_64-linux-gnu.so
7fd66cfde000-7fd66cfe2000 r-xp 00003000 00:1f8 45438459409               /mnt/primary/conda-envs/semantic_uncertainty_export/lib/python3.11/lib-dynload/unicodedata.cpython-311-x86_64-linux-gnu.so
7fd66cfe2000-7fd66d0ee000 r--p 00007000 00:1f8 45438459409               /mnt/primary/conda-envs/semantic_uncertainty_export/lib/python3.11/lib-dynload/unicodedata.cpython-311-x86_64-linux-gnu.so
7fd66d0ee000-7fd66d0ef000 ---p 00113000 00:1f8 45438459409               /mnt/primary/conda-envs/semantic_uncertainty_export/lib/python3.11/lib-dynload/unicodedata.cpython-311-x86_64-linux-gnu.so
7fd66d0ef000-7fd66d0f0000 r--p 00113000 00:1f8 45438459409               /mnt/primary/conda-envs/semantic_uncertainty_export/lib/python3.11/lib-dynload/unicodedata.cpython-311-x86_64-linux-gnu.so
7fd66d0f0000-7fd66d0f1000 rw-p 00114000 00:1f8 45438459409               /mnt/primary/conda-envs/semantic_uncertainty_export/lib/python3.11/lib-dynload/unicodedata.cpython-311-x86_64-linux-gnu.so
7fd66d0f1000-7fd66d4f1000 rw-p 00000000 00:00 0 
7fd66d4f1000-7fd66d503000 r--p 00000000 00:1f8 70925084698               /mnt/primary/conda-envs/semantic_uncertainty_export/lib/libsqlite3.so.0.8.6
7fd66d503000-7fd66d603000 r-xp 00012000 00:1f8 70925084698               /mnt/primary/conda-envs/semantic_uncertainty_export/lib/libsqlite3.so.0.8.6
7fd66d603000-7fd66d637000 r--p 00112000 00:1f8 70925084698               /mnt/primary/conda-envs/semantic_uncertainty_export/lib/libsqlite3.so.0.8.6
7fd66d637000-7fd66d638000 ---p 00146000 00:1f8 70925084698               /mnt/primary/conda-envs/semantic_uncertainty_export/lib/libsqlite3.so.0.8.6
7fd66d638000-7fd66d63c000 r--p 00146000 00:1f8 70925084698               /mnt/primary/conda-envs/semantic_uncertainty_export/lib/libsqlite3.so.0.8.6
7fd66d63c000-7fd66d640000 rw-p 0014a000 00:1f8 70925084698               /mnt/primary/conda-envs/semantic_uncertainty_export/lib/libsqlite3.so.0.8.6
7fd66d640000-7fd66d648000 r--p 00000000 00:1f8 45438356016               /mnt/primary/conda-envs/semantic_uncertainty_export/lib/python3.11/lib-dynload/_sqlite3.cpython-311-x86_64-linux-gnu.so
7fd66d648000-7fd66d656000 r-xp 00008000 00:1f8 45438356016               /mnt/primary/conda-envs/semantic_uncertainty_export/lib/python3.11/lib-dynload/_sqlite3.cpython-311-x86_64-linux-gnu.so
7fd66d656000-7fd66d65d000 r--p 00016000 00:1f8 45438356016               /mnt/primary/conda-envs/semantic_uncertainty_export/lib/python3.11/lib-dynload/_sqlite3.cpython-311-x86_64-linux-gnu.so
7fd66d65d000-7fd66d65f000 r--p 0001c000 00:1f8 45438356016               /mnt/primary/conda-envs/semantic_uncertainty_export/lib/python3.11/lib-dynload/_sqlite3.cpython-311-x86_64-linux-gnu.so
7fd66d65f000-7fd66d661000 rw-p 0001e000 00:1f8 45438356016               /mnt/primary/conda-envs/semantic_uncertainty_export/lib/python3.11/lib-dynload/_sqlite3.cpython-311-x86_64-linux-gnu.so
7fd66d661000-7fd66d961000 rw-p 00000000 00:00 0 
7fd66d961000-7fd66d963000 r--p 00000000 00:1f8 45438459404               /mnt/primary/conda-envs/semantic_uncertainty_export/lib/python3.11/lib-dynload/resource.cpython-311-x86_64-linux-gnu.so
7fd66d963000-7fd66d964000 r-xp 00002000 00:1f8 45438459404               /mnt/primary/conda-envs/semantic_uncertainty_export/lib/python3.11/lib-dynload/resource.cpython-311-x86_64-linux-gnu.so
7fd66d964000-7fd66d965000 r--p 00003000 00:1f8 45438459404               /mnt/primary/conda-envs/semantic_uncertainty_export/lib/python3.11/lib-dynload/resource.cpython-311-x86_64-linux-gnu.so
7fd66d965000-7fd66d966000 r--p 00003000 00:1f8 45438459404               /mnt/primary/conda-envs/semantic_uncertainty_export/lib/python3.11/lib-dynload/resource.cpython-311-x86_64-linux-gnu.so
7fd66d966000-7fd66d967000 rw-p 00004000 00:1f8 45438459404               /mnt/primary/conda-envs/semantic_uncertainty_export/lib/python3.11/lib-dynload/resource.cpython-311-x86_64-linux-gnu.so
7fd66d967000-7fd66dc67000 rw-p 00000000 00:00 0 
7fd66dc67000-7fd66dc6a000 r--p 00000000 00:1f8 45438355989               /mnt/primary/conda-envs/semantic_uncertainty_export/lib/python3.11/lib-dynload/_csv.cpython-311-x86_64-linux-gnu.so
7fd66dc6a000-7fd66dc6f000 r-xp 00003000 00:1f8 45438355989               /mnt/primary/conda-envs/semantic_uncertainty_export/lib/python3.11/lib-dynload/_csv.cpython-311-x86_64-linux-gnu.so
7fd66dc6f000-7fd66dc72000 r--p 00008000 00:1f8 45438355989               /mnt/primary/conda-envs/semantic_uncertainty_export/lib/python3.11/lib-dynload/_csv.cpython-311-x86_64-linux-gnu.so
7fd66dc72000-7fd66dc73000 r--p 0000a000 00:1f8 45438355989               /mnt/primary/conda-envs/semantic_uncertainty_export/lib/python3.11/lib-dynload/_csv.cpython-311-x86_64-linux-gnu.so
7fd66dc73000-7fd66dc74000 rw-p 0000b000 00:1f8 45438355989               /mnt/primary/conda-envs/semantic_uncertainty_export/lib/python3.11/lib-dynload/_csv.cpython-311-x86_64-linux-gnu.so
7fd66dc74000-7fd66dc76000 r--p 00000000 00:1f8 70896380929               /mnt/primary/conda-envs/semantic_uncertainty_export/lib/libuuid.so.1.3.0
7fd66dc76000-7fd66dc7a000 r-xp 00002000 00:1f8 70896380929               /mnt/primary/conda-envs/semantic_uncertainty_export/lib/libuuid.so.1.3.0
7fd66dc7a000-7fd66dc7b000 r--p 00006000 00:1f8 70896380929               /mnt/primary/conda-envs/semantic_uncertainty_export/lib/libuuid.so.1.3.0
7fd66dc7b000-7fd66dc7c000 r--p 00006000 00:1f8 70896380929               /mnt/primary/conda-envs/semantic_uncertainty_export/lib/libuuid.so.1.3.0
7fd66dc7c000-7fd66dc7d000 rw-p 00007000 00:1f8 70896380929               /mnt/primary/conda-envs/semantic_uncertainty_export/lib/libuuid.so.1.3.0
7fd66dc7d000-7fd66dc7e000 r--p 00000000 00:1f8 45438356028               /mnt/primary/conda-envs/semantic_uncertainty_export/lib/python3.11/lib-dynload/_uuid.cpython-311-x86_64-linux-gnu.so
7fd66dc7e000-7fd66dc7f000 r-xp 00001000 00:1f8 45438356028               /mnt/primary/conda-envs/semantic_uncertainty_export/lib/python3.11/lib-dynload/_uuid.cpython-311-x86_64-linux-gnu.so
7fd66dc7f000-7fd66dc80000 r--p 00002000 00:1f8 45438356028               /mnt/primary/conda-envs/semantic_uncertainty_export/lib/python3.11/lib-dynload/_uuid.cpython-311-x86_64-linux-gnu.so
7fd66dc80000-7fd66dc81000 r--p 00002000 00:1f8 45438356028               /mnt/primary/conda-envs/semantic_uncertainty_export/lib/python3.11/lib-dynload/_uuid.cpython-311-x86_64-linux-gnu.so
7fd66dc81000-7fd66dc82000 rw-p 00003000 00:1f8 45438356028               /mnt/primary/conda-envs/semantic_uncertainty_export/lib/python3.11/lib-dynload/_uuid.cpython-311-x86_64-linux-gnu.so
7fd66dc82000-7fd66dc86000 r--p 00000000 00:1f8 70898552890               /mnt/primary/conda-envs/semantic_uncertainty_export/lib/liblzma.so.5.4.2
7fd66dc86000-7fd66dca3000 r-xp 00004000 00:1f8 70898552890               /mnt/primary/conda-envs/semantic_uncertainty_export/lib/liblzma.so.5.4.2
7fd66dca3000-7fd66dcaf000 r--p 00021000 00:1f8 70898552890               /mnt/primary/conda-envs/semantic_uncertainty_export/lib/liblzma.so.5.4.2
7fd66dcaf000-7fd66dcb0000 ---p 0002d000 00:1f8 70898552890               /mnt/primary/conda-envs/semantic_uncertainty_export/lib/liblzma.so.5.4.2
7fd66dcb0000-7fd66dcb1000 r--p 0002d000 00:1f8 70898552890               /mnt/primary/conda-envs/semantic_uncertainty_export/lib/liblzma.so.5.4.2
7fd66dcb1000-7fd66dcb2000 rw-p 0002e000 00:1f8 70898552890               /mnt/primary/conda-envs/semantic_uncertainty_export/lib/liblzma.so.5.4.2
7fd66dcb2000-7fd66dcb5000 r--p 00000000 00:1f8 45438356001               /mnt/primary/conda-envs/semantic_uncertainty_export/lib/python3.11/lib-dynload/_lzma.cpython-311-x86_64-linux-gnu.so
7fd66dcb5000-7fd66dcb9000 r-xp 00003000 00:1f8 45438356001               /mnt/primary/conda-envs/semantic_uncertainty_export/lib/python3.11/lib-dynload/_lzma.cpython-311-x86_64-linux-gnu.so
7fd66dcb9000-7fd66dcbc000 r--p 00007000 00:1f8 45438356001               /mnt/primary/conda-envs/semantic_uncertainty_export/lib/python3.11/lib-dynload/_lzma.cpython-311-x86_64-linux-gnu.so
7fd66dcbc000-7fd66dcbd000 r--p 00009000 00:1f8 45438356001               /mnt/primary/conda-envs/semantic_uncertainty_export/lib/python3.11/lib-dynload/_lzma.cpython-311-x86_64-linux-gnu.so
7fd66dcbd000-7fd66dcbe000 rw-p 0000a000 00:1f8 45438356001               /mnt/primary/conda-envs/semantic_uncertainty_export/lib/python3.11/lib-dynload/_lzma.cpython-311-x86_64-linux-gnu.so
7fd66dcbe000-7fd66dcc0000 r--p 00000000 00:1f8 70898522648               /mnt/primary/conda-envs/semantic_uncertainty_export/lib/libbz2.so.1.0.8
7fd66dcc0000-7fd66dcce000 r-xp 00002000 00:1f8 70898522648               /mnt/primary/conda-envs/semantic_uncertainty_export/lib/libbz2.so.1.0.8
7fd66dcce000-7fd66dcd0000 r--p 00010000 00:1f8 70898522648               /mnt/primary/conda-envs/semantic_uncertainty_export/lib/libbz2.so.1.0.8
7fd66dcd0000-7fd66dcd1000 r--p 00011000 00:1f8 70898522648               /mnt/primary/conda-envs/semantic_uncertainty_export/lib/libbz2.so.1.0.8
7fd66dcd1000-7fd66dcd2000 rw-p 00012000 00:1f8 70898522648               /mnt/primary/conda-envs/semantic_uncertainty_export/lib/libbz2.so.1.0.8
7fd66dcd2000-7fd66dcd4000 r--p 00000000 00:1f8 45438355980               /mnt/primary/conda-envs/semantic_uncertainty_export/lib/python3.11/lib-dynload/_bz2.cpython-311-x86_64-linux-gnu.so
7fd66dcd4000-7fd66dcd6000 r-xp 00002000 00:1f8 45438355980               /mnt/primary/conda-envs/semantic_uncertainty_export/lib/python3.11/lib-dynload/_bz2.cpython-311-x86_64-linux-gnu.so
7fd66dcd6000-7fd66dcd8000 r--p 00004000 00:1f8 45438355980               /mnt/primary/conda-envs/semantic_uncertainty_export/lib/python3.11/lib-dynload/_bz2.cpython-311-x86_64-linux-gnu.so
7fd66dcd8000-7fd66dcd9000 r--p 00005000 00:1f8 45438355980               /mnt/primary/conda-envs/semantic_uncertainty_export/lib/python3.11/lib-dynload/_bz2.cpython-311-x86_64-linux-gnu.so
7fd66dcd9000-7fd66dcda000 rw-p 00006000 00:1f8 45438355980               /mnt/primary/conda-envs/semantic_uncertainty_export/lib/python3.11/lib-dynload/_bz2.cpython-311-x86_64-linux-gnu.so
7fd66dcda000-7fd66ddda000 rw-p 00000000 00:00 0 
7fd66ddda000-7fd66dddd000 r--p 00000000 00:1f8 45438459408               /mnt/primary/conda-envs/semantic_uncertainty_export/lib/python3.11/lib-dynload/termios.cpython-311-x86_64-linux-gnu.so
7fd66dddd000-7fd66ddde000 r-xp 00003000 00:1f8 45438459408               /mnt/primary/conda-envs/semantic_uncertainty_export/lib/python3.11/lib-dynload/termios.cpython-311-x86_64-linux-gnu.so
7fd66ddde000-7fd66dde0000 r--p 00004000 00:1f8 45438459408               /mnt/primary/conda-envs/semantic_uncertainty_export/lib/python3.11/lib-dynload/termios.cpython-311-x86_64-linux-gnu.so
7fd66dde0000-7fd66dde1000 r--p 00005000 00:1f8 45438459408               /mnt/primary/conda-envs/semantic_uncertainty_export/lib/python3.11/lib-dynload/termios.cpython-311-x86_64-linux-gnu.so
7fd66dde1000-7fd66dde3000 rw-p 00006000 00:1f8 45438459408               /mnt/primary/conda-envs/semantic_uncertainty_export/lib/python3.11/lib-dynload/termios.cpython-311-x86_64-linux-gnu.so
7fd66dde3000-7fd66ddea000 r--p 00000000 00:1f8 45438355995               /mnt/primary/conda-envs/semantic_uncertainty_export/lib/python3.11/lib-dynload/_decimal.cpython-311-x86_64-linux-gnu.so
7fd66ddea000-7fd66de1b000 r-xp 00007000 00:1f8 45438355995               /mnt/primary/conda-envs/semantic_uncertainty_export/lib/python3.11/lib-dynload/_decimal.cpython-311-x86_64-linux-gnu.so
7fd66de1b000-7fd66de2b000 r--p 00038000 00:1f8 45438355995               /mnt/primary/conda-envs/semantic_uncertainty_export/lib/python3.11/lib-dynload/_decimal.cpython-311-x86_64-linux-gnu.so
7fd66de2b000-7fd66de2c000 ---p 00048000 00:1f8 45438355995               /mnt/primary/conda-envs/semantic_uncertainty_export/lib/python3.11/lib-dynload/_decimal.cpython-311-x86_64-linux-gnu.so
7fd66de2c000-7fd66de2d000 r--p 00048000 00:1f8 45438355995               /mnt/primary/conda-envs/semantic_uncertainty_export/lib/python3.11/lib-dynload/_decimal.cpython-311-x86_64-linux-gnu.so
7fd66de2d000-7fd66de30000 rw-p 00049000 00:1f8 45438355995               /mnt/primary/conda-envs/semantic_uncertainty_export/lib/python3.11/lib-dynload/_decimal.cpython-311-x86_64-linux-gnu.so
7fd66de30000-7fd66df30000 rw-p 00000000 00:00 0 
7fd66df30000-7fd66df40000 r--p 00000000 00:1f8 49723531811               /mnt/primary/conda-envs/semantic_uncertainty_export/lib/libtinfow.so.6.4
7fd66df40000-7fd66df5c000 r-xp 00010000 00:1f8 49723531811               /mnt/primary/conda-envs/semantic_uncertainty_export/lib/libtinfow.so.6.4
7fd66df5c000-7fd66df6d000 r--p 0002c000 00:1f8 49723531811               /mnt/primary/conda-envs/semantic_uncertainty_export/lib/libtinfow.so.6.4
7fd66df6d000-7fd66df71000 r--p 0003c000 00:1f8 49723531811               /mnt/primary/conda-envs/semantic_uncertainty_export/lib/libtinfow.so.6.4
7fd66df71000-7fd66df72000 rw-p 00040000 00:1f8 49723531811               /mnt/primary/conda-envs/semantic_uncertainty_export/lib/libtinfow.so.6.4
7fd66df72000-7fd66df7e000 r--p 00000000 00:1f8 70896380956               /mnt/primary/conda-envs/semantic_uncertainty_export/lib/libncursesw.so.6.4
7fd66df7e000-7fd66dfa3000 r-xp 0000c000 00:1f8 70896380956               /mnt/primary/conda-envs/semantic_uncertainty_export/lib/libncursesw.so.6.4
7fd66dfa3000-7fd66dfac000 r--p 00031000 00:1f8 70896380956               /mnt/primary/conda-envs/semantic_uncertainty_export/lib/libncursesw.so.6.4
7fd66dfac000-7fd66dfad000 r--p 00039000 00:1f8 70896380956               /mnt/primary/conda-envs/semantic_uncertainty_export/lib/libncursesw.so.6.4
7fd66dfad000-7fd66dfae000 rw-p 0003a000 00:1f8 70896380956               /mnt/primary/conda-envs/semantic_uncertainty_export/lib/libncursesw.so.6.4
7fd66dfae000-7fd66dfb6000 r--p 00000000 00:1f8 45438355992               /mnt/primary/conda-envs/semantic_uncertainty_export/lib/python3.11/lib-dynload/_curses.cpython-311-x86_64-linux-gnu.so
7fd66dfb6000-7fd66dfc3000 r-xp 00008000 00:1f8 45438355992               /mnt/primary/conda-envs/semantic_uncertainty_export/lib/python3.11/lib-dynload/_curses.cpython-311-x86_64-linux-gnu.so
7fd66dfc3000-7fd66dfce000 r--p 00015000 00:1f8 45438355992               /mnt/primary/conda-envs/semantic_uncertainty_export/lib/python3.11/lib-dynload/_curses.cpython-311-x86_64-linux-gnu.so
7fd66dfce000-7fd66dfcf000 r--p 0001f000 00:1f8 45438355992               /mnt/primary/conda-envs/semantic_uncertainty_export/lib/python3.11/lib-dynload/_curses.cpython-311-x86_64-linux-gnu.so
7fd66dfcf000-7fd66dfd1000 rw-p 00020000 00:1f8 45438355992               /mnt/primary/conda-envs/semantic_uncertainty_export/lib/python3.11/lib-dynload/_curses.cpython-311-x86_64-linux-gnu.so
7fd66dfd1000-7fd66dfd2000 r--p 00000000 00:1f8 68749703213               /mnt/primary/conda-envs/semantic_uncertainty_export/lib/python3.11/site-packages/tornado/speedups.abi3.so
7fd66dfd2000-7fd66dfd3000 r-xp 00001000 00:1f8 68749703213               /mnt/primary/conda-envs/semantic_uncertainty_export/lib/python3.11/site-packages/tornado/speedups.abi3.so
7fd66dfd3000-7fd66dfd4000 r--p 00002000 00:1f8 68749703213               /mnt/primary/conda-envs/semantic_uncertainty_export/lib/python3.11/site-packages/tornado/speedups.abi3.so
7fd66dfd4000-7fd66dfd5000 r--p 00002000 00:1f8 68749703213               /mnt/primary/conda-envs/semantic_uncertainty_export/lib/python3.11/site-packages/tornado/speedups.abi3.so
7fd66dfd5000-7fd66dfd6000 rw-p 00003000 00:1f8 68749703213               /mnt/primary/conda-envs/semantic_uncertainty_export/lib/python3.11/site-packages/tornado/speedups.abi3.so
7fd66dfd6000-7fd66dfd9000 r--p 00000000 00:1f8 45438459412               /mnt/primary/conda-envs/semantic_uncertainty_export/lib/python3.11/lib-dynload/zlib.cpython-311-x86_64-linux-gnu.so
7fd66dfd9000-7fd66dfdd000 r-xp 00003000 00:1f8 45438459412               /mnt/primary/conda-envs/semantic_uncertainty_export/lib/python3.11/lib-dynload/zlib.cpython-311-x86_64-linux-gnu.so
7fd66dfdd000-7fd66dfe0000 r--p 00007000 00:1f8 45438459412               /mnt/primary/conda-envs/semantic_uncertainty_export/lib/python3.11/lib-dynload/zlib.cpython-311-x86_64-linux-gnu.so
7fd66dfe0000-7fd66dfe1000 r--p 00009000 00:1f8 45438459412               /mnt/primary/conda-envs/semantic_uncertainty_export/lib/python3.11/lib-dynload/zlib.cpython-311-x86_64-linux-gnu.so
7fd66dfe1000-7fd66dfe2000 rw-p 0000a000 00:1f8 45438459412               /mnt/primary/conda-envs/semantic_uncertainty_export/lib/python3.11/lib-dynload/zlib.cpython-311-x86_64-linux-gnu.so
7fd66dfe2000-7fd66e0e2000 rw-p 00000000 00:00 0 
7fd66e0e2000-7fd66e0e7000 r--p 00000000 00:1f8 45438355994               /mnt/primary/conda-envs/semantic_uncertainty_export/lib/python3.11/lib-dynload/_datetime.cpython-311-x86_64-linux-gnu.so
7fd66e0e7000-7fd66e0f8000 r-xp 00005000 00:1f8 45438355994               /mnt/primary/conda-envs/semantic_uncertainty_export/lib/python3.11/lib-dynload/_datetime.cpython-311-x86_64-linux-gnu.so
7fd66e0f8000-7fd66e0fe000 r--p 00016000 00:1f8 45438355994               /mnt/primary/conda-envs/semantic_uncertainty_export/lib/python3.11/lib-dynload/_datetime.cpython-311-x86_64-linux-gnu.so
7fd66e0fe000-7fd66e0ff000 r--p 0001b000 00:1f8 45438355994               /mnt/primary/conda-envs/semantic_uncertainty_export/lib/python3.11/lib-dynload/_datetime.cpython-311-x86_64-linux-gnu.so
7fd66e0ff000-7fd66e101000 rw-p 0001c000 00:1f8 45438355994               /mnt/primary/conda-envs/semantic_uncertainty_export/lib/python3.11/lib-dynload/_datetime.cpython-311-x86_64-linux-gnu.so
7fd66e101000-7fd66e103000 r--p 00000000 00:1f8 45438355979               /mnt/primary/conda-envs/semantic_uncertainty_export/lib/python3.11/lib-dynload/_blake2.cpython-311-x86_64-linux-gnu.so
7fd66e103000-7fd66e10b000 r-xp 00002000 00:1f8 45438355979               /mnt/primary/conda-envs/semantic_uncertainty_export/lib/python3.11/lib-dynload/_blake2.cpython-311-x86_64-linux-gnu.so
7fd66e10b000-7fd66e10d000 r--p 0000a000 00:1f8 45438355979               /mnt/primary/conda-envs/semantic_uncertainty_export/lib/python3.11/lib-dynload/_blake2.cpython-311-x86_64-linux-gnu.so
7fd66e10d000-7fd66e10e000 r--p 0000b000 00:1f8 45438355979               /mnt/primary/conda-envs/semantic_uncertainty_export/lib/python3.11/lib-dynload/_blake2.cpython-311-x86_64-linux-gnu.so
7fd66e10e000-7fd66e10f000 rw-p 0000c000 00:1f8 45438355979               /mnt/primary/conda-envs/semantic_uncertainty_export/lib/python3.11/lib-dynload/_blake2.cpython-311-x86_64-linux-gnu.so
7fd66e10f000-7fd66e113000 r--p 00000000 00:1f8 45438355997               /mnt/primary/conda-envs/semantic_uncertainty_export/lib/python3.11/lib-dynload/_hashlib.cpython-311-x86_64-linux-gnu.so
7fd66e113000-7fd66e119000 r-xp 00004000 00:1f8 45438355997               /mnt/primary/conda-envs/semantic_uncertainty_export/lib/python3.11/lib-dynload/_hashlib.cpython-311-x86_64-linux-gnu.so
7fd66e119000-7fd66e11d000 r--p 0000a000 00:1f8 45438355997               /mnt/primary/conda-envs/semantic_uncertainty_export/lib/python3.11/lib-dynload/_hashlib.cpython-311-x86_64-linux-gnu.so
7fd66e11d000-7fd66e11e000 ---p 0000e000 00:1f8 45438355997               /mnt/primary/conda-envs/semantic_uncertainty_export/lib/python3.11/lib-dynload/_hashlib.cpython-311-x86_64-linux-gnu.so
7fd66e11e000-7fd66e11f000 r--p 0000e000 00:1f8 45438355997               /mnt/primary/conda-envs/semantic_uncertainty_export/lib/python3.11/lib-dynload/_hashlib.cpython-311-x86_64-linux-gnu.so
7fd66e11f000-7fd66e120000 rw-p 0000f000 00:1f8 45438355997               /mnt/primary/conda-envs/semantic_uncertainty_export/lib/python3.11/lib-dynload/_hashlib.cpython-311-x86_64-linux-gnu.so
7fd66e120000-7fd66e122000 r--p 00000000 00:1f8 45438356009               /mnt/primary/conda-envs/semantic_uncertainty_export/lib/python3.11/lib-dynload/_queue.cpython-311-x86_64-linux-gnu.so
7fd66e122000-7fd66e123000 r-xp 00002000 00:1f8 45438356009               /mnt/primary/conda-envs/semantic_uncertainty_export/lib/python3.11/lib-dynload/_queue.cpython-311-x86_64-linux-gnu.so
7fd66e123000-7fd66e124000 r--p 00003000 00:1f8 45438356009               /mnt/primary/conda-envs/semantic_uncertainty_export/lib/python3.11/lib-dynload/_queue.cpython-311-x86_64-linux-gnu.so
7fd66e124000-7fd66e125000 r--p 00003000 00:1f8 45438356009               /mnt/primary/conda-envs/semantic_uncertainty_export/lib/python3.11/lib-dynload/_queue.cpython-311-x86_64-linux-gnu.so
7fd66e125000-7fd66e126000 rw-p 00004000 00:1f8 45438356009               /mnt/primary/conda-envs/semantic_uncertainty_export/lib/python3.11/lib-dynload/_queue.cpython-311-x86_64-linux-gnu.so
7fd66e126000-7fd66e326000 rw-p 00000000 00:00 0 
7fd66e326000-7fd66e32b000 r--p 00000000 00:1f8 45438355977               /mnt/primary/conda-envs/semantic_uncertainty_export/lib/python3.11/lib-dynload/_asyncio.cpython-311-x86_64-linux-gnu.so
7fd66e32b000-7fd66e330000 r-xp 00005000 00:1f8 45438355977               /mnt/primary/conda-envs/semantic_uncertainty_export/lib/python3.11/lib-dynload/_asyncio.cpython-311-x86_64-linux-gnu.so
7fd66e330000-7fd66e334000 r--p 0000a000 00:1f8 45438355977               /mnt/primary/conda-envs/semantic_uncertainty_export/lib/python3.11/lib-dynload/_asyncio.cpython-311-x86_64-linux-gnu.so
7fd66e334000-7fd66e335000 r--p 0000d000 00:1f8 45438355977               /mnt/primary/conda-envs/semantic_uncertainty_export/lib/python3.11/lib-dynload/_asyncio.cpython-311-x86_64-linux-gnu.so
7fd66e335000-7fd66e337000 rw-p 0000e000 00:1f8 45438355977               /mnt/primary/conda-envs/semantic_uncertainty_export/lib/python3.11/lib-dynload/_asyncio.cpython-311-x86_64-linux-gnu.so
7fd66e337000-7fd66e338000 r--p 00000000 00:1f8 45438355987               /mnt/primary/conda-envs/semantic_uncertainty_export/lib/python3.11/lib-dynload/_contextvars.cpython-311-x86_64-linux-gnu.so
7fd66e338000-7fd66e339000 r-xp 00001000 00:1f8 45438355987               /mnt/primary/conda-envs/semantic_uncertainty_export/lib/python3.11/lib-dynload/_contextvars.cpython-311-x86_64-linux-gnu.so
7fd66e339000-7fd66e33a000 r--p 00002000 00:1f8 45438355987               /mnt/primary/conda-envs/semantic_uncertainty_export/lib/python3.11/lib-dynload/_contextvars.cpython-311-x86_64-linux-gnu.so
7fd66e33a000-7fd66e33b000 r--p 00002000 00:1f8 45438355987               /mnt/primary/conda-envs/semantic_uncertainty_export/lib/python3.11/lib-dynload/_contextvars.cpython-311-x86_64-linux-gnu.so
7fd66e33b000-7fd66e33c000 rw-p 00003000 00:1f8 45438355987               /mnt/primary/conda-envs/semantic_uncertainty_export/lib/python3.11/lib-dynload/_contextvars.cpython-311-x86_64-linux-gnu.so
7fd66e33c000-7fd66e33d000 r--p 00000000 00:1f8 45438356005               /mnt/primary/conda-envs/semantic_uncertainty_export/lib/python3.11/lib-dynload/_opcode.cpython-311-x86_64-linux-gnu.so
7fd66e33d000-7fd66e33e000 r-xp 00001000 00:1f8 45438356005               /mnt/primary/conda-envs/semantic_uncertainty_export/lib/python3.11/lib-dynload/_opcode.cpython-311-x86_64-linux-gnu.so
7fd66e33e000-7fd66e33f000 r--p 00002000 00:1f8 45438356005               /mnt/primary/conda-envs/semantic_uncertainty_export/lib/python3.11/lib-dynload/_opcode.cpython-311-x86_64-linux-gnu.so
7fd66e33f000-7fd66e340000 r--p 00002000 00:1f8 45438356005               /mnt/primary/conda-envs/semantic_uncertainty_export/lib/python3.11/lib-dynload/_opcode.cpython-311-x86_64-linux-gnu.so
7fd66e340000-7fd66e341000 rw-p 00003000 00:1f8 45438356005               /mnt/primary/conda-envs/semantic_uncertainty_export/lib/python3.11/lib-dynload/_opcode.cpython-311-x86_64-linux-gnu.so
7fd66e341000-7fd66e344000 r--p 00000000 00:1f8 70922420738               /mnt/primary/conda-envs/semantic_uncertainty_export/lib/libz.so.1.2.13
7fd66e344000-7fd66e356000 r-xp 00003000 00:1f8 70922420738               /mnt/primary/conda-envs/semantic_uncertainty_export/lib/libz.so.1.2.13
7fd66e356000-7fd66e35d000 r--p 00015000 00:1f8 70922420738               /mnt/primary/conda-envs/semantic_uncertainty_export/lib/libz.so.1.2.13
7fd66e35d000-7fd66e35e000 r--p 0001b000 00:1f8 70922420738               /mnt/primary/conda-envs/semantic_uncertainty_export/lib/libz.so.1.2.13
7fd66e35e000-7fd66e35f000 rw-p 0001c000 00:1f8 70922420738               /mnt/primary/conda-envs/semantic_uncertainty_export/lib/libz.so.1.2.13
7fd66e35f000-7fd66e361000 r--p 00000000 00:1f8 45438459394               /mnt/primary/conda-envs/semantic_uncertainty_export/lib/python3.11/lib-dynload/binascii.cpython-311-x86_64-linux-gnu.so
7fd66e361000-7fd66e365000 r-xp 00002000 00:1f8 45438459394               /mnt/primary/conda-envs/semantic_uncertainty_export/lib/python3.11/lib-dynload/binascii.cpython-311-x86_64-linux-gnu.so
7fd66e365000-7fd66e367000 r--p 00006000 00:1f8 45438459394               /mnt/primary/conda-envs/semantic_uncertainty_export/lib/python3.11/lib-dynload/binascii.cpython-311-x86_64-linux-gnu.so
7fd66e367000-7fd66e368000 r--p 00007000 00:1f8 45438459394               /mnt/primary/conda-envs/semantic_uncertainty_export/lib/python3.11/lib-dynload/binascii.cpython-311-x86_64-linux-gnu.so
7fd66e368000-7fd66e369000 rw-p 00008000 00:1f8 45438459394               /mnt/primary/conda-envs/semantic_uncertainty_export/lib/python3.11/lib-dynload/binascii.cpython-311-x86_64-linux-gnu.so
7fd66e369000-7fd66e469000 rw-p 00000000 00:00 0 
7fd66e469000-7fd66e521000 r--p 00000000 00:1f8 148237000223              /mnt/primary/conda-envs/semantic_uncertainty_export/lib/libcrypto.so.3
7fd66e521000-7fd66e76c000 r-xp 000b8000 00:1f8 148237000223              /mnt/primary/conda-envs/semantic_uncertainty_export/lib/libcrypto.so.3
7fd66e76c000-7fd66e843000 r--p 00303000 00:1f8 148237000223              /mnt/primary/conda-envs/semantic_uncertainty_export/lib/libcrypto.so.3
7fd66e843000-7fd66e844000 ---p 003da000 00:1f8 148237000223              /mnt/primary/conda-envs/semantic_uncertainty_export/lib/libcrypto.so.3
7fd66e844000-7fd66e89f000 r--p 003da000 00:1f8 148237000223              /mnt/primary/conda-envs/semantic_uncertainty_export/lib/libcrypto.so.3
7fd66e89f000-7fd66e8a2000 rw-p 00435000 00:1f8 148237000223              /mnt/primary/conda-envs/semantic_uncertainty_export/lib/libcrypto.so.3
7fd66e8a2000-7fd66e8a5000 rw-p 00000000 00:00 0 
7fd66e8a5000-7fd66e8c5000 r--p 00000000 00:1f8 70898552846               /mnt/primary/conda-envs/semantic_uncertainty_export/lib/libssl.so.3
7fd66e8c5000-7fd66e91b000 r-xp 00020000 00:1f8 70898552846               /mnt/primary/conda-envs/semantic_uncertainty_export/lib/libssl.so.3
7fd66e91b000-7fd66e939000 r--p 00076000 00:1f8 70898552846               /mnt/primary/conda-envs/semantic_uncertainty_export/lib/libssl.so.3
7fd66e939000-7fd66e93a000 ---p 00094000 00:1f8 70898552846               /mnt/primary/conda-envs/semantic_uncertainty_export/lib/libssl.so.3
7fd66e93a000-7fd66e944000 r--p 00094000 00:1f8 70898552846               /mnt/primary/conda-envs/semantic_uncertainty_export/lib/libssl.so.3
7fd66e944000-7fd66e948000 rw-p 0009e000 00:1f8 70898552846               /mnt/primary/conda-envs/semantic_uncertainty_export/lib/libssl.so.3
7fd66e948000-7fd66e95b000 r--p 00000000 00:1f8 45438356017               /mnt/primary/conda-envs/semantic_uncertainty_export/lib/python3.11/lib-dynload/_ssl.cpython-311-x86_64-linux-gnu.so
7fd66e95b000-7fd66e965000 r-xp 00013000 00:1f8 45438356017               /mnt/primary/conda-envs/semantic_uncertainty_export/lib/python3.11/lib-dynload/_ssl.cpython-311-x86_64-linux-gnu.so
7fd66e965000-7fd66e973000 r--p 0001d000 00:1f8 45438356017               /mnt/primary/conda-envs/semantic_uncertainty_export/lib/python3.11/lib-dynload/_ssl.cpython-311-x86_64-linux-gnu.so
7fd66e973000-7fd66e974000 ---p 0002b000 00:1f8 45438356017               /mnt/primary/conda-envs/semantic_uncertainty_export/lib/python3.11/lib-dynload/_ssl.cpython-311-x86_64-linux-gnu.so
7fd66e974000-7fd66e975000 r--p 0002b000 00:1f8 45438356017               /mnt/primary/conda-envs/semantic_uncertainty_export/lib/python3.11/lib-dynload/_ssl.cpython-311-x86_64-linux-gnu.so
7fd66e975000-7fd66e97d000 rw-p 0002c000 00:1f8 45438356017               /mnt/primary/conda-envs/semantic_uncertainty_export/lib/python3.11/lib-dynload/_ssl.cpython-311-x86_64-linux-gnu.so
7fd66e97d000-7fd66e981000 r--p 00000000 00:1f8 45438459392               /mnt/primary/conda-envs/semantic_uncertainty_export/lib/python3.11/lib-dynload/array.cpython-311-x86_64-linux-gnu.so
7fd66e981000-7fd66e988000 r-xp 00004000 00:1f8 45438459392               /mnt/primary/conda-envs/semantic_uncertainty_export/lib/python3.11/lib-dynload/array.cpython-311-x86_64-linux-gnu.so
7fd66e988000-7fd66e98c000 r--p 0000b000 00:1f8 45438459392               /mnt/primary/conda-envs/semantic_uncertainty_export/lib/python3.11/lib-dynload/array.cpython-311-x86_64-linux-gnu.so
7fd66e98c000-7fd66e98d000 ---p 0000f000 00:1f8 45438459392               /mnt/primary/conda-envs/semantic_uncertainty_export/lib/python3.11/lib-dynload/array.cpython-311-x86_64-linux-gnu.so
7fd66e98d000-7fd66e98e000 r--p 0000f000 00:1f8 45438459392               /mnt/primary/conda-envs/semantic_uncertainty_export/lib/python3.11/lib-dynload/array.cpython-311-x86_64-linux-gnu.so
7fd66e98e000-7fd66e98f000 rw-p 00010000 00:1f8 45438459392               /mnt/primary/conda-envs/semantic_uncertainty_export/lib/python3.11/lib-dynload/array.cpython-311-x86_64-linux-gnu.so
7fd66e98f000-7fd66e994000 r--p 00000000 00:1f8 45438356015               /mnt/primary/conda-envs/semantic_uncertainty_export/lib/python3.11/lib-dynload/_socket.cpython-311-x86_64-linux-gnu.so
7fd66e994000-7fd66e99d000 r-xp 00005000 00:1f8 45438356015               /mnt/primary/conda-envs/semantic_uncertainty_export/lib/python3.11/lib-dynload/_socket.cpython-311-x86_64-linux-gnu.so
7fd66e99d000-7fd66e9a5000 r--p 0000e000 00:1f8 45438356015               /mnt/primary/conda-envs/semantic_uncertainty_export/lib/python3.11/lib-dynload/_socket.cpython-311-x86_64-linux-gnu.so
7fd66e9a5000-7fd66e9a6000 ---p 00016000 00:1f8 45438356015               /mnt/primary/conda-envs/semantic_uncertainty_export/lib/python3.11/lib-dynload/_socket.cpython-311-x86_64-linux-gnu.so
7fd66e9a6000-7fd66e9a7000 r--p 00016000 00:1f8 45438356015               /mnt/primary/conda-envs/semantic_uncertainty_export/lib/python3.11/lib-dynload/_socket.cpython-311-x86_64-linux-gnu.so
7fd66e9a7000-7fd66e9a8000 rw-p 00017000 00:1f8 45438356015               /mnt/primary/conda-envs/semantic_uncertainty_export/lib/python3.11/lib-dynload/_socket.cpython-311-x86_64-linux-gnu.so
7fd66e9a8000-7fd66e9a9000 r--p 00000000 00:1f8 45438355998               /mnt/primary/conda-envs/semantic_uncertainty_export/lib/python3.11/lib-dynload/_heapq.cpython-311-x86_64-linux-gnu.so
7fd66e9a9000-7fd66e9ac000 r-xp 00001000 00:1f8 45438355998               /mnt/primary/conda-envs/semantic_uncertainty_export/lib/python3.11/lib-dynload/_heapq.cpython-311-x86_64-linux-gnu.so
7fd66e9ac000-7fd66e9af000 r--p 00004000 00:1f8 45438355998               /mnt/primary/conda-envs/semantic_uncertainty_export/lib/python3.11/lib-dynload/_heapq.cpython-311-x86_64-linux-gnu.so
7fd66e9af000-7fd66e9b0000 r--p 00006000 00:1f8 45438355998               /mnt/primary/conda-envs/semantic_uncertainty_export/lib/python3.11/lib-dynload/_heapq.cpython-311-x86_64-linux-gnu.so
7fd66e9b0000-7fd66e9b1000 rw-p 00007000 00:1f8 45438355998               /mnt/primary/conda-envs/semantic_uncertainty_export/lib/python3.11/lib-dynload/_heapq.cpython-311-x86_64-linux-gnu.so
7fd66e9b1000-7fd66eab1000 rw-p 00000000 00:00 0 
7fd66eab1000-7fd66eab4000 r--p 00000000 00:1f8 120262025252              /mnt/primary/conda-envs/semantic_uncertainty_export/lib/python3.11/site-packages/zmq/backend/cython/utils.cpython-311-x86_64-linux-gnu.so
7fd66eab4000-7fd66eabb000 r-xp 00003000 00:1f8 120262025252              /mnt/primary/conda-envs/semantic_uncertainty_export/lib/python3.11/site-packages/zmq/backend/cython/utils.cpython-311-x86_64-linux-gnu.so
7fd66eabb000-7fd66eabd000 r--p 0000a000 00:1f8 120262025252              /mnt/primary/conda-envs/semantic_uncertainty_export/lib/python3.11/site-packages/zmq/backend/cython/utils.cpython-311-x86_64-linux-gnu.so
7fd66eabd000-7fd66eabe000 r--p 0000b000 00:1f8 120262025252              /mnt/primary/conda-envs/semantic_uncertainty_export/lib/python3.11/site-packages/zmq/backend/cython/utils.cpython-311-x86_64-linux-gnu.so
7fd66eabe000-7fd66eabf000 rw-p 0000c000 00:1f8 120262025252              /mnt/primary/conda-envs/semantic_uncertainty_export/lib/python3.11/site-packages/zmq/backend/cython/utils.cpython-311-x86_64-linux-gnu.so
7fd66eabf000-7fd66eac2000 rw-p 0000e000 00:1f8 120262025252              /mnt/primary/conda-envs/semantic_uncertainty_export/lib/python3.11/site-packages/zmq/backend/cython/utils.cpython-311-x86_64-linux-gnu.so
7fd66eac2000-7fd66eac5000 r--p 00000000 00:1f8 120262025259              /mnt/primary/conda-envs/semantic_uncertainty_export/lib/python3.11/site-packages/zmq/backend/cython/error.cpython-311-x86_64-linux-gnu.so
7fd66eac5000-7fd66eaca000 r-xp 00003000 00:1f8 120262025259              /mnt/primary/conda-envs/semantic_uncertainty_export/lib/python3.11/site-packages/zmq/backend/cython/error.cpython-311-x86_64-linux-gnu.so
7fd66eaca000-7fd66eacc000 r--p 00008000 00:1f8 120262025259              /mnt/primary/conda-envs/semantic_uncertainty_export/lib/python3.11/site-packages/zmq/backend/cython/error.cpython-311-x86_64-linux-gnu.so
7fd66eacc000-7fd66eacd000 r--p 00009000 00:1f8 120262025259              /mnt/primary/conda-envs/semantic_uncertainty_export/lib/python3.11/site-packages/zmq/backend/cython/error.cpython-311-x86_64-linux-gnu.so
7fd66eacd000-7fd66eace000 rw-p 0000a000 00:1f8 120262025259              /mnt/primary/conda-envs/semantic_uncertainty_export/lib/python3.11/site-packages/zmq/backend/cython/error.cpython-311-x86_64-linux-gnu.so
7fd66eace000-7fd66ead1000 rw-p 0000c000 00:1f8 120262025259              /mnt/primary/conda-envs/semantic_uncertainty_export/lib/python3.11/site-packages/zmq/backend/cython/error.cpython-311-x86_64-linux-gnu.so
7fd66ead1000-7fd66ead4000 r--p 00000000 00:1f8 120262025253              /mnt/primary/conda-envs/semantic_uncertainty_export/lib/python3.11/site-packages/zmq/backend/cython/_version.cpython-311-x86_64-linux-gnu.so
7fd66ead4000-7fd66ead8000 r-xp 00003000 00:1f8 120262025253              /mnt/primary/conda-envs/semantic_uncertainty_export/lib/python3.11/site-packages/zmq/backend/cython/_version.cpython-311-x86_64-linux-gnu.so
7fd66ead8000-7fd66eada000 r--p 00007000 00:1f8 120262025253              /mnt/primary/conda-envs/semantic_uncertainty_export/lib/python3.11/site-packages/zmq/backend/cython/_version.cpython-311-x86_64-linux-gnu.so
7fd66eada000-7fd66eadb000 r--p 00008000 00:1f8 120262025253              /mnt/primary/conda-envs/semantic_uncertainty_export/lib/python3.11/site-packages/zmq/backend/cython/_version.cpython-311-x86_64-linux-gnu.so
7fd66eadb000-7fd66eadc000 rw-p 00009000 00:1f8 120262025253              /mnt/primary/conda-envs/semantic_uncertainty_export/lib/python3.11/site-packages/zmq/backend/cython/_version.cpython-311-x86_64-linux-gnu.so
7fd66eadc000-7fd66eade000 rw-p 0000b000 00:1f8 120262025253              /mnt/primary/conda-envs/semantic_uncertainty_export/lib/python3.11/site-packages/zmq/backend/cython/_version.cpython-311-x86_64-linux-gnu.so
7fd66eade000-7fd66eae1000 r--p 00000000 00:1f8 120262025257              /mnt/primary/conda-envs/semantic_uncertainty_export/lib/python3.11/site-packages/zmq/backend/cython/_proxy_steerable.cpython-311-x86_64-linux-gnu.so
7fd66eae1000-7fd66eae9000 r-xp 00003000 00:1f8 120262025257              /mnt/primary/conda-envs/semantic_uncertainty_export/lib/python3.11/site-packages/zmq/backend/cython/_proxy_steerable.cpython-311-x86_64-linux-gnu.so
7fd66eae9000-7fd66eaeb000 r--p 0000b000 00:1f8 120262025257              /mnt/primary/conda-envs/semantic_uncertainty_export/lib/python3.11/site-packages/zmq/backend/cython/_proxy_steerable.cpython-311-x86_64-linux-gnu.so
7fd66eaeb000-7fd66eaec000 r--p 0000c000 00:1f8 120262025257              /mnt/primary/conda-envs/semantic_uncertainty_export/lib/python3.11/site-packages/zmq/backend/cython/_proxy_steerable.cpython-311-x86_64-linux-gnu.so
7fd66eaec000-7fd66eaed000 rw-p 0000d000 00:1f8 120262025257              /mnt/primary/conda-envs/semantic_uncertainty_export/lib/python3.11/site-packages/zmq/backend/cython/_proxy_steerable.cpython-311-x86_64-linux-gnu.so
7fd66eaed000-7fd66eaf0000 rw-p 0000f000 00:1f8 120262025257              /mnt/primary/conda-envs/semantic_uncertainty_export/lib/python3.11/site-packages/zmq/backend/cython/_proxy_steerable.cpython-311-x86_64-linux-gnu.so
7fd66eaf0000-7fd66eaf3000 r--p 00000000 00:1f8 120262025260              /mnt/primary/conda-envs/semantic_uncertainty_export/lib/python3.11/site-packages/zmq/backend/cython/_poll.cpython-311-x86_64-linux-gnu.so
7fd66eaf3000-7fd66eb00000 r-xp 00003000 00:1f8 120262025260              /mnt/primary/conda-envs/semantic_uncertainty_export/lib/python3.11/site-packages/zmq/backend/cython/_poll.cpython-311-x86_64-linux-gnu.so
7fd66eb00000-7fd66eb03000 r--p 00010000 00:1f8 120262025260              /mnt/primary/conda-envs/semantic_uncertainty_export/lib/python3.11/site-packages/zmq/backend/cython/_poll.cpython-311-x86_64-linux-gnu.so
7fd66eb03000-7fd66eb04000 r--p 00012000 00:1f8 120262025260              /mnt/primary/conda-envs/semantic_uncertainty_export/lib/python3.11/site-packages/zmq/backend/cython/_poll.cpython-311-x86_64-linux-gnu.so
7fd66eb04000-7fd66eb05000 rw-p 00013000 00:1f8 120262025260              /mnt/primary/conda-envs/semantic_uncertainty_export/lib/python3.11/site-packages/zmq/backend/cython/_poll.cpython-311-x86_64-linux-gnu.so
7fd66eb05000-7fd66eb08000 rw-p 00015000 00:1f8 120262025260              /mnt/primary/conda-envs/semantic_uncertainty_export/lib/python3.11/site-packages/zmq/backend/cython/_poll.cpython-311-x86_64-linux-gnu.so
7fd66eb08000-7fd66eb0d000 r--p 00000000 00:1f8 45438356006               /mnt/primary/conda-envs/semantic_uncertainty_export/lib/python3.11/lib-dynload/_pickle.cpython-311-x86_64-linux-gnu.so
7fd66eb0d000-7fd66eb20000 r-xp 00005000 00:1f8 45438356006               /mnt/primary/conda-envs/semantic_uncertainty_export/lib/python3.11/lib-dynload/_pickle.cpython-311-x86_64-linux-gnu.so
7fd66eb20000-7fd66eb26000 r--p 00018000 00:1f8 45438356006               /mnt/primary/conda-envs/semantic_uncertainty_export/lib/python3.11/lib-dynload/_pickle.cpython-311-x86_64-linux-gnu.so
7fd66eb26000-7fd66eb27000 ---p 0001e000 00:1f8 45438356006               /mnt/primary/conda-envs/semantic_uncertainty_export/lib/python3.11/lib-dynload/_pickle.cpython-311-x86_64-linux-gnu.so
7fd66eb27000-7fd66eb28000 r--p 0001e000 00:1f8 45438356006               /mnt/primary/conda-envs/semantic_uncertainty_export/lib/python3.11/lib-dynload/_pickle.cpython-311-x86_64-linux-gnu.so
7fd66eb28000-7fd66eb29000 rw-p 0001f000 00:1f8 45438356006               /mnt/primary/conda-envs/semantic_uncertainty_export/lib/python3.11/lib-dynload/_pickle.cpython-311-x86_64-linux-gnu.so
7fd66eb29000-7fd66eb2b000 r--p 00000000 00:1f8 45438356014               /mnt/primary/conda-envs/semantic_uncertainty_export/lib/python3.11/lib-dynload/_sha512.cpython-311-x86_64-linux-gnu.so
7fd66eb2b000-7fd66eb30000 r-xp 00002000 00:1f8 45438356014               /mnt/primary/conda-envs/semantic_uncertainty_export/lib/python3.11/lib-dynload/_sha512.cpython-311-x86_64-linux-gnu.so
7fd66eb30000-7fd66eb31000 r--p 00007000 00:1f8 45438356014               /mnt/primary/conda-envs/semantic_uncertainty_export/lib/python3.11/lib-dynload/_sha512.cpython-311-x86_64-linux-gnu.so
7fd66eb31000-7fd66eb32000 r--p 00007000 00:1f8 45438356014               /mnt/primary/conda-envs/semantic_uncertainty_export/lib/python3.11/lib-dynload/_sha512.cpython-311-x86_64-linux-gnu.so
7fd66eb32000-7fd66eb33000 rw-p 00008000 00:1f8 45438356014               /mnt/primary/conda-envs/semantic_uncertainty_export/lib/python3.11/lib-dynload/_sha512.cpython-311-x86_64-linux-gnu.so
7fd66eb33000-7fd66eb35000 r--p 00000000 00:1f8 45438356010               /mnt/primary/conda-envs/semantic_uncertainty_export/lib/python3.11/lib-dynload/_random.cpython-311-x86_64-linux-gnu.so
7fd66eb35000-7fd66eb37000 r-xp 00002000 00:1f8 45438356010               /mnt/primary/conda-envs/semantic_uncertainty_export/lib/python3.11/lib-dynload/_random.cpython-311-x86_64-linux-gnu.so
7fd66eb37000-7fd66eb38000 r--p 00004000 00:1f8 45438356010               /mnt/primary/conda-envs/semantic_uncertainty_export/lib/python3.11/lib-dynload/_random.cpython-311-x86_64-linux-gnu.so
7fd66eb38000-7fd66eb39000 r--p 00004000 00:1f8 45438356010               /mnt/primary/conda-envs/semantic_uncertainty_export/lib/python3.11/lib-dynload/_random.cpython-311-x86_64-linux-gnu.so
7fd66eb39000-7fd66eb3a000 rw-p 00005000 00:1f8 45438356010               /mnt/primary/conda-envs/semantic_uncertainty_export/lib/python3.11/lib-dynload/_random.cpython-311-x86_64-linux-gnu.so
7fd66eb3a000-7fd66eb3e000 r--p 00000000 00:1f8 120262025255              /mnt/primary/conda-envs/semantic_uncertainty_export/lib/python3.11/site-packages/zmq/backend/cython/message.cpython-311-x86_64-linux-gnu.so
7fd66eb3e000-7fd66eb50000 r-xp 00004000 00:1f8 120262025255              /mnt/primary/conda-envs/semantic_uncertainty_export/lib/python3.11/site-packages/zmq/backend/cython/message.cpython-311-x86_64-linux-gnu.so
7fd66eb50000-7fd66eb54000 r--p 00016000 00:1f8 120262025255              /mnt/primary/conda-envs/semantic_uncertainty_export/lib/python3.11/site-packages/zmq/backend/cython/message.cpython-311-x86_64-linux-gnu.so
7fd66eb54000-7fd66eb55000 r--p 00019000 00:1f8 120262025255              /mnt/primary/conda-envs/semantic_uncertainty_export/lib/python3.11/site-packages/zmq/backend/cython/message.cpython-311-x86_64-linux-gnu.so
7fd66eb55000-7fd66eb5a000 rw-p 0001a000 00:1f8 120262025255              /mnt/primary/conda-envs/semantic_uncertainty_export/lib/python3.11/site-packages/zmq/backend/cython/message.cpython-311-x86_64-linux-gnu.so
7fd66eb5a000-7fd66eb5e000 r--p 00000000 00:1f8 120262025263              /mnt/primary/conda-envs/semantic_uncertainty_export/lib/python3.11/site-packages/zmq/backend/cython/socket.cpython-311-x86_64-linux-gnu.so
7fd66eb5e000-7fd66eb7b000 r-xp 00004000 00:1f8 120262025263              /mnt/primary/conda-envs/semantic_uncertainty_export/lib/python3.11/site-packages/zmq/backend/cython/socket.cpython-311-x86_64-linux-gnu.so
7fd66eb7b000-7fd66eb81000 r--p 00021000 00:1f8 120262025263              /mnt/primary/conda-envs/semantic_uncertainty_export/lib/python3.11/site-packages/zmq/backend/cython/socket.cpython-311-x86_64-linux-gnu.so
7fd66eb81000-7fd66eb82000 r--p 00026000 00:1f8 120262025263              /mnt/primary/conda-envs/semantic_uncertainty_export/lib/python3.11/site-packages/zmq/backend/cython/socket.cpython-311-x86_64-linux-gnu.so
7fd66eb82000-7fd66eb87000 rw-p 00027000 00:1f8 120262025263              /mnt/primary/conda-envs/semantic_uncertainty_export/lib/python3.11/site-packages/zmq/backend/cython/socket.cpython-311-x86_64-linux-gnu.so
7fd66eb87000-7fd66eb8b000 r--p 00000000 00:1f8 120262025258              /mnt/primary/conda-envs/semantic_uncertainty_export/lib/python3.11/site-packages/zmq/backend/cython/context.cpython-311-x86_64-linux-gnu.so
7fd66eb8b000-7fd66eb97000 r-xp 00004000 00:1f8 120262025258              /mnt/primary/conda-envs/semantic_uncertainty_export/lib/python3.11/site-packages/zmq/backend/cython/context.cpython-311-x86_64-linux-gnu.so
7fd66eb97000-7fd66eb9a000 r--p 00010000 00:1f8 120262025258              /mnt/primary/conda-envs/semantic_uncertainty_export/lib/python3.11/site-packages/zmq/backend/cython/context.cpython-311-x86_64-linux-gnu.so
7fd66eb9a000-7fd66eb9b000 r--p 00012000 00:1f8 120262025258              /mnt/primary/conda-envs/semantic_uncertainty_export/lib/python3.11/site-packages/zmq/backend/cython/context.cpython-311-x86_64-linux-gnu.so
7fd66eb9b000-7fd66eb9c000 rw-p 00013000 00:1f8 120262025258              /mnt/primary/conda-envs/semantic_uncertainty_export/lib/python3.11/site-packages/zmq/backend/cython/context.cpython-311-x86_64-linux-gnu.so
7fd66eb9c000-7fd66eb9d000 rw-p 00000000 00:00 0 
7fd66eb9d000-7fd66eba0000 rw-p 00015000 00:1f8 120262025258              /mnt/primary/conda-envs/semantic_uncertainty_export/lib/python3.11/site-packages/zmq/backend/cython/context.cpython-311-x86_64-linux-gnu.so
7fd66eba0000-7fd66eba3000 r--p 00000000 00:1f8 70896295971               /mnt/primary/conda-envs/semantic_uncertainty_export/lib/libgcc_s.so.1
7fd66eba3000-7fd66ebb5000 r-xp 00003000 00:1f8 70896295971               /mnt/primary/conda-envs/semantic_uncertainty_export/lib/libgcc_s.so.1
7fd66ebb5000-7fd66ebb8000 r--p 00015000 00:1f8 70896295971               /mnt/primary/conda-envs/semantic_uncertainty_export/lib/libgcc_s.so.1
7fd66ebb8000-7fd66ebb9000 r--p 00017000 00:1f8 70896295971               /mnt/primary/conda-envs/semantic_uncertainty_export/lib/libgcc_s.so.1
7fd66ebb9000-7fd66ebba000 rw-p 00018000 00:1f8 70896295971               /mnt/primary/conda-envs/semantic_uncertainty_export/lib/libgcc_s.so.1
7fd66ebba000-7fd66ec5b000 r--p 00000000 00:1f8 70896295960               /mnt/primary/conda-envs/semantic_uncertainty_export/lib/libstdc++.so.6.0.29
7fd66ec5b000-7fd66ed50000 r-xp 000a1000 00:1f8 70896295960               /mnt/primary/conda-envs/semantic_uncertainty_export/lib/libstdc++.so.6.0.29
7fd66ed50000-7fd66edbc000 r--p 00196000 00:1f8 70896295960               /mnt/primary/conda-envs/semantic_uncertainty_export/lib/libstdc++.so.6.0.29
7fd66edbc000-7fd66edbd000 ---p 00202000 00:1f8 70896295960               /mnt/primary/conda-envs/semantic_uncertainty_export/lib/libstdc++.so.6.0.29
7fd66edbd000-7fd66edc8000 r--p 00202000 00:1f8 70896295960               /mnt/primary/conda-envs/semantic_uncertainty_export/lib/libstdc++.so.6.0.29
7fd66edc8000-7fd66edcb000 rw-p 0020d000 00:1f8 70896295960               /mnt/primary/conda-envs/semantic_uncertainty_export/lib/libstdc++.so.6.0.29
7fd66edcb000-7fd66edce000 rw-p 00000000 00:00 0 
7fd66edce000-7fd66edda000 r--p 00000000 00:1f8 92348914178               /mnt/primary/conda-envs/semantic_uncertainty_export/lib/python3.11/site-packages/pyzmq.libs/libsodium-cb25555f.so.23.3.0
7fd66edda000-7fd66eedc000 r-xp 0000c000 00:1f8 92348914178               /mnt/primary/conda-envs/semantic_uncertainty_export/lib/python3.11/site-packages/pyzmq.libs/libsodium-cb25555f.so.23.3.0
7fd66eedc000-7fd66eef0000 r--p 0010e000 00:1f8 92348914178               /mnt/primary/conda-envs/semantic_uncertainty_export/lib/python3.11/site-packages/pyzmq.libs/libsodium-cb25555f.so.23.3.0
7fd66eef0000-7fd66eef1000 ---p 00122000 00:1f8 92348914178               /mnt/primary/conda-envs/semantic_uncertainty_export/lib/python3.11/site-packages/pyzmq.libs/libsodium-cb25555f.so.23.3.0
7fd66eef1000-7fd66eef2000 r--p 00122000 00:1f8 92348914178               /mnt/primary/conda-envs/semantic_uncertainty_export/lib/python3.11/site-packages/pyzmq.libs/libsodium-cb25555f.so.23.3.0
7fd66eef2000-7fd66eef3000 rw-p 00123000 00:1f8 92348914178               /mnt/primary/conda-envs/semantic_uncertainty_export/lib/python3.11/site-packages/pyzmq.libs/libsodium-cb25555f.so.23.3.0
7fd66eef3000-7fd66eefa000 rw-p 00125000 00:1f8 92348914178               /mnt/primary/conda-envs/semantic_uncertainty_export/lib/python3.11/site-packages/pyzmq.libs/libsodium-cb25555f.so.23.3.0
7fd66eefa000-7fd66eefb000 r--p 00000000 08:04 10034251                   /usr/lib/x86_64-linux-gnu/librt.so.1
7fd66eefb000-7fd66eefc000 r-xp 00001000 08:04 10034251                   /usr/lib/x86_64-linux-gnu/librt.so.1
7fd66eefc000-7fd66eefd000 r--p 00002000 08:04 10034251                   /usr/lib/x86_64-linux-gnu/librt.so.1
7fd66eefd000-7fd66eefe000 r--p 00002000 08:04 10034251                   /usr/lib/x86_64-linux-gnu/librt.so.1
7fd66eefe000-7fd66eeff000 rw-p 00003000 08:04 10034251                   /usr/lib/x86_64-linux-gnu/librt.so.1
7fd66eeff000-7fd66ef01000 r--p 00000000 00:1f8 45438355978               /mnt/primary/conda-envs/semantic_uncertainty_export/lib/python3.11/lib-dynload/_bisect.cpython-311-x86_64-linux-gnu.so
7fd66ef01000-7fd66ef03000 r-xp 00002000 00:1f8 45438355978               /mnt/primary/conda-envs/semantic_uncertainty_export/lib/python3.11/lib-dynload/_bisect.cpython-311-x86_64-linux-gnu.so
7fd66ef03000-7fd66ef04000 r--p 00004000 00:1f8 45438355978               /mnt/primary/conda-envs/semantic_uncertainty_export/lib/python3.11/lib-dynload/_bisect.cpython-311-x86_64-linux-gnu.so
7fd66ef04000-7fd66ef05000 r--p 00004000 00:1f8 45438355978               /mnt/primary/conda-envs/semantic_uncertainty_export/lib/python3.11/lib-dynload/_bisect.cpython-311-x86_64-linux-gnu.so
7fd66ef05000-7fd66ef06000 rw-p 00005000 00:1f8 45438355978               /mnt/primary/conda-envs/semantic_uncertainty_export/lib/python3.11/lib-dynload/_bisect.cpython-311-x86_64-linux-gnu.so
7fd66ef06000-7fd66ef1f000 r--p 00000000 00:1f8 92348914179               /mnt/primary/conda-envs/semantic_uncertainty_export/lib/python3.11/site-packages/pyzmq.libs/libzmq-f468291a.so.5.2.4
7fd66ef1f000-7fd66efb2000 r-xp 00019000 00:1f8 92348914179               /mnt/primary/conda-envs/semantic_uncertainty_export/lib/python3.11/site-packages/pyzmq.libs/libzmq-f468291a.so.5.2.4
7fd66efb2000-7fd66efed000 r--p 000ac000 00:1f8 92348914179               /mnt/primary/conda-envs/semantic_uncertainty_export/lib/python3.11/site-packages/pyzmq.libs/libzmq-f468291a.so.5.2.4
7fd66efed000-7fd66eff5000 r--p 000e6000 00:1f8 92348914179               /mnt/primary/conda-envs/semantic_uncertainty_export/lib/python3.11/site-packages/pyzmq.libs/libzmq-f468291a.so.5.2.4
7fd66eff5000-7fd66eff6000 rw-p 000ee000 00:1f8 92348914179               /mnt/primary/conda-envs/semantic_uncertainty_export/lib/python3.11/site-packages/pyzmq.libs/libzmq-f468291a.so.5.2.4
7fd66eff6000-7fd66effc000 rw-p 000f0000 00:1f8 92348914179               /mnt/primary/conda-envs/semantic_uncertainty_export/lib/python3.11/site-packages/pyzmq.libs/libzmq-f468291a.so.5.2.4
7fd66effc000-7fd66efff000 r--p 00000000 00:1f8 120262025247              /mnt/primary/conda-envs/semantic_uncertainty_export/lib/python3.11/site-packages/zmq/backend/cython/_device.cpython-311-x86_64-linux-gnu.so
7fd66efff000-7fd66f008000 r-xp 00003000 00:1f8 120262025247              /mnt/primary/conda-envs/semantic_uncertainty_export/lib/python3.11/site-packages/zmq/backend/cython/_device.cpython-311-x86_64-linux-gnu.so
7fd66f008000-7fd66f00a000 r--p 0000c000 00:1f8 120262025247              /mnt/primary/conda-envs/semantic_uncertainty_export/lib/python3.11/site-packages/zmq/backend/cython/_device.cpython-311-x86_64-linux-gnu.so
7fd66f00a000-7fd66f00b000 ---p 0000e000 00:1f8 120262025247              /mnt/primary/conda-envs/semantic_uncertainty_export/lib/python3.11/site-packages/zmq/backend/cython/_device.cpython-311-x86_64-linux-gnu.so
7fd66f00b000-7fd66f00c000 r--p 0000e000 00:1f8 120262025247              /mnt/primary/conda-envs/semantic_uncertainty_export/lib/python3.11/site-packages/zmq/backend/cython/_device.cpython-311-x86_64-linux-gnu.so
7fd66f00c000-7fd66f00d000 rw-p 0000f000 00:1f8 120262025247              /mnt/primary/conda-envs/semantic_uncertainty_export/lib/python3.11/site-packages/zmq/backend/cython/_device.cpython-311-x86_64-linux-gnu.so
7fd66f00d000-7fd66f010000 rw-p 00011000 00:1f8 120262025247              /mnt/primary/conda-envs/semantic_uncertainty_export/lib/python3.11/site-packages/zmq/backend/cython/_device.cpython-311-x86_64-linux-gnu.so
7fd66f010000-7fd66f110000 rw-p 00000000 00:00 0 
7fd66f110000-7fd66f114000 r--p 00000000 00:1f8 45438356019               /mnt/primary/conda-envs/semantic_uncertainty_export/lib/python3.11/lib-dynload/_struct.cpython-311-x86_64-linux-gnu.so
7fd66f114000-7fd66f119000 r-xp 00004000 00:1f8 45438356019               /mnt/primary/conda-envs/semantic_uncertainty_export/lib/python3.11/lib-dynload/_struct.cpython-311-x86_64-linux-gnu.so
7fd66f119000-7fd66f11d000 r--p 00009000 00:1f8 45438356019               /mnt/primary/conda-envs/semantic_uncertainty_export/lib/python3.11/lib-dynload/_struct.cpython-311-x86_64-linux-gnu.so
7fd66f11d000-7fd66f11e000 r--p 0000c000 00:1f8 45438356019               /mnt/primary/conda-envs/semantic_uncertainty_export/lib/python3.11/lib-dynload/_struct.cpython-311-x86_64-linux-gnu.so
7fd66f11e000-7fd66f11f000 rw-p 0000d000 00:1f8 45438356019               /mnt/primary/conda-envs/semantic_uncertainty_export/lib/python3.11/lib-dynload/_struct.cpython-311-x86_64-linux-gnu.so
7fd66f11f000-7fd66f122000 r--p 00000000 00:1f8 70898546206               /mnt/primary/conda-envs/semantic_uncertainty_export/lib/libffi.so.8.1.2
7fd66f122000-7fd66f12c000 r-xp 00003000 00:1f8 70898546206               /mnt/primary/conda-envs/semantic_uncertainty_export/lib/libffi.so.8.1.2
7fd66f12c000-7fd66f12e000 r--p 0000d000 00:1f8 70898546206               /mnt/primary/conda-envs/semantic_uncertainty_export/lib/libffi.so.8.1.2
7fd66f12e000-7fd66f12f000 r--p 0000e000 00:1f8 70898546206               /mnt/primary/conda-envs/semantic_uncertainty_export/lib/libffi.so.8.1.2
7fd66f12f000-7fd66f130000 rw-p 0000f000 00:1f8 70898546206               /mnt/primary/conda-envs/semantic_uncertainty_export/lib/libffi.so.8.1.2
7fd66f130000-7fd66f137000 r--p 00000000 00:1f8 45438355990               /mnt/primary/conda-envs/semantic_uncertainty_export/lib/python3.11/lib-dynload/_ctypes.cpython-311-x86_64-linux-gnu.so
7fd66f137000-7fd66f145000 r-xp 00007000 00:1f8 45438355990               /mnt/primary/conda-envs/semantic_uncertainty_export/lib/python3.11/lib-dynload/_ctypes.cpython-311-x86_64-linux-gnu.so
7fd66f145000-7fd66f14b000 r--p 00015000 00:1f8 45438355990               /mnt/primary/conda-envs/semantic_uncertainty_export/lib/python3.11/lib-dynload/_ctypes.cpython-311-x86_64-linux-gnu.so
7fd66f14b000-7fd66f14c000 ---p 0001b000 00:1f8 45438355990               /mnt/primary/conda-envs/semantic_uncertainty_export/lib/python3.11/lib-dynload/_ctypes.cpython-311-x86_64-linux-gnu.so
7fd66f14c000-7fd66f14d000 r--p 0001b000 00:1f8 45438355990               /mnt/primary/conda-envs/semantic_uncertainty_export/lib/python3.11/lib-dynload/_ctypes.cpython-311-x86_64-linux-gnu.so
7fd66f14d000-7fd66f151000 rw-p 0001c000 00:1f8 45438355990               /mnt/primary/conda-envs/semantic_uncertainty_export/lib/python3.11/lib-dynload/_ctypes.cpython-311-x86_64-linux-gnu.so
7fd66f151000-7fd66f155000 r--p 00000000 00:1f8 45438459398               /mnt/primary/conda-envs/semantic_uncertainty_export/lib/python3.11/lib-dynload/math.cpython-311-x86_64-linux-gnu.so
7fd66f155000-7fd66f15d000 r-xp 00004000 00:1f8 45438459398               /mnt/primary/conda-envs/semantic_uncertainty_export/lib/python3.11/lib-dynload/math.cpython-311-x86_64-linux-gnu.so
7fd66f15d000-7fd66f162000 r--p 0000c000 00:1f8 45438459398               /mnt/primary/conda-envs/semantic_uncertainty_export/lib/python3.11/lib-dynload/math.cpython-311-x86_64-linux-gnu.so
7fd66f162000-7fd66f163000 r--p 00010000 00:1f8 45438459398               /mnt/primary/conda-envs/semantic_uncertainty_export/lib/python3.11/lib-dynload/math.cpython-311-x86_64-linux-gnu.so
7fd66f163000-7fd66f164000 rw-p 00011000 00:1f8 45438459398               /mnt/primary/conda-envs/semantic_uncertainty_export/lib/python3.11/lib-dynload/math.cpython-311-x86_64-linux-gnu.so
7fd66f164000-7fd66f167000 r--p 00000000 00:1f8 45438459405               /mnt/primary/conda-envs/semantic_uncertainty_export/lib/python3.11/lib-dynload/select.cpython-311-x86_64-linux-gnu.so
7fd66f167000-7fd66f16a000 r-xp 00003000 00:1f8 45438459405               /mnt/primary/conda-envs/semantic_uncertainty_export/lib/python3.11/lib-dynload/select.cpython-311-x86_64-linux-gnu.so
7fd66f16a000-7fd66f16c000 r--p 00006000 00:1f8 45438459405               /mnt/primary/conda-envs/semantic_uncertainty_export/lib/python3.11/lib-dynload/select.cpython-311-x86_64-linux-gnu.so
7fd66f16c000-7fd66f16d000 ---p 00008000 00:1f8 45438459405               /mnt/primary/conda-envs/semantic_uncertainty_export/lib/python3.11/lib-dynload/select.cpython-311-x86_64-linux-gnu.so
7fd66f16d000-7fd66f16e000 r--p 00008000 00:1f8 45438459405               /mnt/primary/conda-envs/semantic_uncertainty_export/lib/python3.11/lib-dynload/select.cpython-311-x86_64-linux-gnu.so
7fd66f16e000-7fd66f16f000 rw-p 00009000 00:1f8 45438459405               /mnt/primary/conda-envs/semantic_uncertainty_export/lib/python3.11/lib-dynload/select.cpython-311-x86_64-linux-gnu.so
7fd66f16f000-7fd66f171000 r--p 00000000 00:1f8 45438356008               /mnt/primary/conda-envs/semantic_uncertainty_export/lib/python3.11/lib-dynload/_posixsubprocess.cpython-311-x86_64-linux-gnu.so
7fd66f171000-7fd66f174000 r-xp 00002000 00:1f8 45438356008               /mnt/primary/conda-envs/semantic_uncertainty_export/lib/python3.11/lib-dynload/_posixsubprocess.cpython-311-x86_64-linux-gnu.so
7fd66f174000-7fd66f175000 r--p 00005000 00:1f8 45438356008               /mnt/primary/conda-envs/semantic_uncertainty_export/lib/python3.11/lib-dynload/_posixsubprocess.cpython-311-x86_64-linux-gnu.so
7fd66f175000-7fd66f176000 r--p 00005000 00:1f8 45438356008               /mnt/primary/conda-envs/semantic_uncertainty_export/lib/python3.11/lib-dynload/_posixsubprocess.cpython-311-x86_64-linux-gnu.so
7fd66f176000-7fd66f177000 rw-p 00006000 00:1f8 45438356008               /mnt/primary/conda-envs/semantic_uncertainty_export/lib/python3.11/lib-dynload/_posixsubprocess.cpython-311-x86_64-linux-gnu.so
7fd66f177000-7fd66f179000 r--p 00000000 00:1f8 45438459396               /mnt/primary/conda-envs/semantic_uncertainty_export/lib/python3.11/lib-dynload/fcntl.cpython-311-x86_64-linux-gnu.so
7fd66f179000-7fd66f17b000 r-xp 00002000 00:1f8 45438459396               /mnt/primary/conda-envs/semantic_uncertainty_export/lib/python3.11/lib-dynload/fcntl.cpython-311-x86_64-linux-gnu.so
7fd66f17b000-7fd66f17d000 r--p 00004000 00:1f8 45438459396               /mnt/primary/conda-envs/semantic_uncertainty_export/lib/python3.11/lib-dynload/fcntl.cpython-311-x86_64-linux-gnu.so
7fd66f17d000-7fd66f17e000 r--p 00005000 00:1f8 45438459396               /mnt/primary/conda-envs/semantic_uncertainty_export/lib/python3.11/lib-dynload/fcntl.cpython-311-x86_64-linux-gnu.so
7fd66f17e000-7fd66f17f000 rw-p 00006000 00:1f8 45438459396               /mnt/primary/conda-envs/semantic_uncertainty_export/lib/python3.11/lib-dynload/fcntl.cpython-311-x86_64-linux-gnu.so
7fd66f17f000-7fd66f182000 r--p 00000000 00:1f8 45438355999               /mnt/primary/conda-envs/semantic_uncertainty_export/lib/python3.11/lib-dynload/_json.cpython-311-x86_64-linux-gnu.so
7fd66f182000-7fd66f188000 r-xp 00003000 00:1f8 45438355999               /mnt/primary/conda-envs/semantic_uncertainty_export/lib/python3.11/lib-dynload/_json.cpython-311-x86_64-linux-gnu.so
7fd66f188000-7fd66f18a000 r--p 00009000 00:1f8 45438355999               /mnt/primary/conda-envs/semantic_uncertainty_export/lib/python3.11/lib-dynload/_json.cpython-311-x86_64-linux-gnu.so
7fd66f18a000-7fd66f18b000 r--p 0000a000 00:1f8 45438355999               /mnt/primary/conda-envs/semantic_uncertainty_export/lib/python3.11/lib-dynload/_json.cpython-311-x86_64-linux-gnu.so
7fd66f18b000-7fd66f18c000 rw-p 0000b000 00:1f8 45438355999               /mnt/primary/conda-envs/semantic_uncertainty_export/lib/python3.11/lib-dynload/_json.cpython-311-x86_64-linux-gnu.so
7fd66f18c000-7fd66f18d000 r--p 00000000 00:1f8 45438356027               /mnt/primary/conda-envs/semantic_uncertainty_export/lib/python3.11/lib-dynload/_typing.cpython-311-x86_64-linux-gnu.so
7fd66f18d000-7fd66f18e000 r-xp 00001000 00:1f8 45438356027               /mnt/primary/conda-envs/semantic_uncertainty_export/lib/python3.11/lib-dynload/_typing.cpython-311-x86_64-linux-gnu.so
7fd66f18e000-7fd66f18f000 r--p 00002000 00:1f8 45438356027               /mnt/primary/conda-envs/semantic_uncertainty_export/lib/python3.11/lib-dynload/_typing.cpython-311-x86_64-linux-gnu.so
7fd66f18f000-7fd66f190000 r--p 00002000 00:1f8 45438356027               /mnt/primary/conda-envs/semantic_uncertainty_export/lib/python3.11/lib-dynload/_typing.cpython-311-x86_64-linux-gnu.so
7fd66f190000-7fd66f191000 rw-p 00003000 00:1f8 45438356027               /mnt/primary/conda-envs/semantic_uncertainty_export/lib/python3.11/lib-dynload/_typing.cpython-311-x86_64-linux-gnu.so
7fd66f191000-7fd66f391000 rw-p 00000000 00:00 0 
7fd66f395000-7fd66f4f7000 rw-p 00000000 00:00 0 
7fd66f4f7000-7fd66f54e000 r--p 00000000 08:04 1084263614                 /usr/lib/locale/C.utf8/LC_CTYPE
7fd66f54e000-7fd66f551000 rw-p 00000000 00:00 0 
7fd66f551000-7fd66f579000 r--p 00000000 08:04 10034111                   /usr/lib/x86_64-linux-gnu/libc.so.6
7fd66f579000-7fd66f70e000 r-xp 00028000 08:04 10034111                   /usr/lib/x86_64-linux-gnu/libc.so.6
7fd66f70e000-7fd66f766000 r--p 001bd000 08:04 10034111                   /usr/lib/x86_64-linux-gnu/libc.so.6
7fd66f766000-7fd66f767000 ---p 00215000 08:04 10034111                   /usr/lib/x86_64-linux-gnu/libc.so.6
7fd66f767000-7fd66f76b000 r--p 00215000 08:04 10034111                   /usr/lib/x86_64-linux-gnu/libc.so.6
7fd66f76b000-7fd66f76d000 rw-p 00219000 08:04 10034111                   /usr/lib/x86_64-linux-gnu/libc.so.6
7fd66f76d000-7fd66f77c000 rw-p 00000000 00:00 0 
7fd66f77c000-7fd66f78a000 r--p 00000000 08:04 10034214                   /usr/lib/x86_64-linux-gnu/libm.so.6
7fd66f78a000-7fd66f806000 r-xp 0000e000 08:04 10034214                   /usr/lib/x86_64-linux-gnu/libm.so.6
7fd66f806000-7fd66f861000 r--p 0008a000 08:04 10034214                   /usr/lib/x86_64-linux-gnu/libm.so.6
7fd66f861000-7fd66f862000 r--p 000e4000 08:04 10034214                   /usr/lib/x86_64-linux-gnu/libm.so.6
7fd66f862000-7fd66f863000 rw-p 000e5000 08:04 10034214                   /usr/lib/x86_64-linux-gnu/libm.so.6
7fd66f863000-7fd66f864000 r--p 00000000 08:04 10034268                   /usr/lib/x86_64-linux-gnu/libutil.so.1
7fd66f864000-7fd66f865000 r-xp 00001000 08:04 10034268                   /usr/lib/x86_64-linux-gnu/libutil.so.1
7fd66f865000-7fd66f866000 r--p 00002000 08:04 10034268                   /usr/lib/x86_64-linux-gnu/libutil.so.1
7fd66f866000-7fd66f867000 r--p 00002000 08:04 10034268                   /usr/lib/x86_64-linux-gnu/libutil.so.1
7fd66f867000-7fd66f868000 rw-p 00003000 08:04 10034268                   /usr/lib/x86_64-linux-gnu/libutil.so.1
7fd66f868000-7fd66f869000 r--p 00000000 08:04 10034189                   /usr/lib/x86_64-linux-gnu/libdl.so.2
7fd66f869000-7fd66f86a000 r-xp 00001000 08:04 10034189                   /usr/lib/x86_64-linux-gnu/libdl.so.2
7fd66f86a000-7fd66f86b000 r--p 00002000 08:04 10034189                   /usr/lib/x86_64-linux-gnu/libdl.so.2
7fd66f86b000-7fd66f86c000 r--p 00002000 08:04 10034189                   /usr/lib/x86_64-linux-gnu/libdl.so.2
7fd66f86c000-7fd66f86d000 rw-p 00003000 08:04 10034189                   /usr/lib/x86_64-linux-gnu/libdl.so.2
7fd66f86d000-7fd66f86e000 r--p 00000000 08:04 10034246                   /usr/lib/x86_64-linux-gnu/libpthread.so.0
7fd66f86e000-7fd66f86f000 r-xp 00001000 08:04 10034246                   /usr/lib/x86_64-linux-gnu/libpthread.so.0
7fd66f86f000-7fd66f870000 r--p 00002000 08:04 10034246                   /usr/lib/x86_64-linux-gnu/libpthread.so.0
7fd66f870000-7fd66f871000 r--p 00002000 08:04 10034246                   /usr/lib/x86_64-linux-gnu/libpthread.so.0
7fd66f871000-7fd66f872000 rw-p 00003000 08:04 10034246                   /usr/lib/x86_64-linux-gnu/libpthread.so.0
7fd66f872000-7fd66f879000 r--s 00000000 08:04 1084263961                 /usr/lib/x86_64-linux-gnu/gconv/gconv-modules.cache
7fd66f879000-7fd66f87b000 rw-p 00000000 00:00 0 
7fd66f87b000-7fd66f87d000 r--p 00000000 08:04 10034095                   /usr/lib/x86_64-linux-gnu/ld-linux-x86-64.so.2
7fd66f87d000-7fd66f8a7000 r-xp 00002000 08:04 10034095                   /usr/lib/x86_64-linux-gnu/ld-linux-x86-64.so.2
7fd66f8a7000-7fd66f8b2000 r--p 0002c000 08:04 10034095                   /usr/lib/x86_64-linux-gnu/ld-linux-x86-64.so.2
7fd66f8b3000-7fd66f8b5000 r--p 00037000 08:04 10034095                   /usr/lib/x86_64-linux-gnu/ld-linux-x86-64.so.2
7fd66f8b5000-7fd66f8b7000 rw-p 00039000 08:04 10034095                   /usr/lib/x86_64-linux-gnu/ld-linux-x86-64.so.2
7ffefb13c000-7ffefb140000 ---p 00000000 00:00 0 
7ffefb140000-7ffefb23c000 rw-p 00000000 00:00 0                          [stack]
7ffefb3f4000-7ffefb3f8000 r--p 00000000 00:00 0                          [vvar]
7ffefb3f8000-7ffefb3fa000 r-xp 00000000 00:00 0                          [vdso]
ffffffffff600000-ffffffffff601000 --xp 00000000 00:00 0                  [vsyscall]


VM Arguments:
java_command: jupyter[pyterrier]:/root/nfs/context_coherence/analysis/qpp_test.ipynb
java_class_path (initial): /root/.pyterrier/terrier-assemblies-5.11-jar-with-dependencies.jar:/root/.pyterrier/terrier-python-helper-0.0.8.jar:/opt/miniconda3/envs/semantic_uncertainty_export/lib/python3.11/site-packages/jnius/src
Launcher Type: generic

[Global flags]
     intx CICompilerCount                          = 15                                        {product} {ergonomic}
     uint ConcGCThreads                            = 6                                         {product} {ergonomic}
     uint G1ConcRefinementThreads                  = 23                                        {product} {ergonomic}
   size_t G1HeapRegionSize                         = 4194304                                   {product} {ergonomic}
    uintx GCDrainStackTargetSize                   = 64                                        {product} {ergonomic}
   size_t InitialHeapSize                          = 2147483648                                {product} {ergonomic}
   size_t MarkStackSize                            = 4194304                                   {product} {ergonomic}
   size_t MaxHeapSize                              = 32178700288                               {product} {ergonomic}
   size_t MaxNewSize                               = 19306381312                               {product} {ergonomic}
   size_t MinHeapDeltaBytes                        = 4194304                                   {product} {ergonomic}
    uintx NonNMethodCodeHeapSize                   = 8182140                                {pd product} {ergonomic}
    uintx NonProfiledCodeHeapSize                  = 121738050                              {pd product} {ergonomic}
    uintx ProfiledCodeHeapSize                     = 121738050                              {pd product} {ergonomic}
    uintx ReservedCodeCacheSize                    = 251658240                              {pd product} {ergonomic}
     bool SegmentedCodeCache                       = true                                      {product} {ergonomic}
     bool UseCompressedClassPointers               = true                                 {lp64_product} {ergonomic}
     bool UseCompressedOops                        = true                                 {lp64_product} {ergonomic}
     bool UseG1GC                                  = true                                      {product} {ergonomic}

Logging:
Log output configuration:
 #0: stdout all=warning uptime,level,tags
 #1: stderr all=off uptime,level,tags

Environment Variables:
PATH=/opt/miniconda3/envs/semantic_uncertainty_export/bin:/opt/miniconda3/condabin:/opt/miniconda3/bin:/usr/local/sbin:/usr/local/bin:/usr/sbin:/usr/bin:/sbin:/bin
LD_LIBRARY_PATH=/usr/local/nvidia/lib:/usr/local/nvidia/lib64
SHELL=/bin/bash
LC_CTYPE=C.UTF-8
TERM=xterm-color

Signal Handlers:
SIGSEGV: [libjvm.so+0xeaead0], sa_mask[0]=11111111011111111101111111111110, sa_flags=SA_RESTART|SA_SIGINFO
SIGBUS: [libjvm.so+0xeaead0], sa_mask[0]=11111111011111111101111111111110, sa_flags=SA_RESTART|SA_SIGINFO
SIGFPE: [libjvm.so+0xeaead0], sa_mask[0]=11111111011111111101111111111110, sa_flags=SA_RESTART|SA_SIGINFO
SIGPIPE: [libjvm.so+0xbf1430], sa_mask[0]=11111111011111111101111111111110, sa_flags=SA_RESTART|SA_SIGINFO
SIGXFSZ: [libjvm.so+0xbf1430], sa_mask[0]=11111111011111111101111111111110, sa_flags=SA_RESTART|SA_SIGINFO
SIGILL: [libjvm.so+0xeaead0], sa_mask[0]=11111111011111111101111111111110, sa_flags=SA_RESTART|SA_SIGINFO
SIGUSR2: [libjvm.so+0xbf12d0], sa_mask[0]=00000000000000000000000000000000, sa_flags=SA_RESTART|SA_SIGINFO
SIGHUP: [libjvm.so+0xbf1a90], sa_mask[0]=11111111011111111101111111111110, sa_flags=SA_RESTART|SA_SIGINFO
SIGINT: SIG_IGN, sa_mask[0]=00000000000000000000000000000000, sa_flags=SA_ONSTACK
SIGTERM: [libjvm.so+0xbf1a90], sa_mask[0]=11111111011111111101111111111110, sa_flags=SA_RESTART|SA_SIGINFO
SIGQUIT: [libjvm.so+0xbf1a90], sa_mask[0]=11111111011111111101111111111110, sa_flags=SA_RESTART|SA_SIGINFO


---------------  S Y S T E M  ---------------

OS:DISTRIB_ID=Ubuntu
DISTRIB_RELEASE=22.04
DISTRIB_CODENAME=jammy
DISTRIB_DESCRIPTION="Ubuntu 22.04.5 LTS"
uname:Linux 6.7.4-200.fc39.x86_64 #1 SMP PREEMPT_DYNAMIC Mon Feb  5 22:21:14 UTC 2024 x86_64
OS uptime: 28 days 5:41 hours
libc:glibc 2.35 NPTL 2.35 
rlimit (soft/hard): STACK 8192k/infinity , CORE infinity/infinity , NPROC 4194304/4194304 , NOFILE 1048576/1048576 , AS infinity/infinity , CPU infinity/infinity , DATA infinity/infinity , FSIZE infinity/infinity , MEMLOCK 8192k/8192k
load average:1.32 0.58 0.44

/proc/meminfo:
MemTotal:       527979860 kB
MemFree:        241152064 kB
MemAvailable:   501210784 kB
Buffers:            7084 kB
Cached:         258539240 kB
SwapCached:            0 kB
Active:         31638304 kB
Inactive:       244947184 kB
Active(anon):   18150288 kB
Inactive(anon):        0 kB
Active(file):   13488016 kB
Inactive(file): 244947184 kB
Unevictable:      358468 kB
Mlocked:          355396 kB
SwapTotal:             0 kB
SwapFree:              0 kB
Zswap:                 0 kB
Zswapped:              0 kB
Dirty:              1836 kB
Writeback:             0 kB
AnonPages:      18328132 kB
Mapped:          2393780 kB
Shmem:             94044 kB
KReclaimable:    5050344 kB
Slab:            7716284 kB
SReclaimable:    5050344 kB
SUnreclaim:      2665940 kB
KernelStack:       42512 kB
PageTables:       102860 kB
SecPageTables:         0 kB
NFS_Unstable:          0 kB
Bounce:                0 kB
WritebackTmp:          0 kB
CommitLimit:    263989928 kB
Committed_AS:   42955292 kB
VmallocTotal:   34359738367 kB
VmallocUsed:      414692 kB
VmallocChunk:          0 kB
Percpu:            85888 kB
HardwareCorrupted:     0 kB
AnonHugePages:     53248 kB
ShmemHugePages:        0 kB
ShmemPmdMapped:        0 kB
FileHugePages:    571392 kB
FilePmdMapped:         0 kB
CmaTotal:              0 kB
CmaFree:               0 kB
Unaccepted:            0 kB
HugePages_Total:       0
HugePages_Free:        0
HugePages_Rsvd:        0
HugePages_Surp:        0
Hugepagesize:       2048 kB
Hugetlb:               0 kB
DirectMap4k:     5948568 kB
DirectMap2M:    154103808 kB
DirectMap1G:    378535936 kB

/sys/kernel/mm/transparent_hugepage/enabled:
always [madvise] never
/sys/kernel/mm/transparent_hugepage/defrag (defrag/compaction efforts parameter):
always defer defer+madvise [madvise] never

Process Memory:
Virtual Size: 78541720K (peak: 325627912K)
Resident Set Size: 7171716K (peak: 7171716K) (anon: 6326380K, file: 845336K, shmem: 0K)
Swapped out: 0K

[error occurred during error reporting (printing OS information), id 0xb, SIGSEGV (0xb) at pc=0x00007fd66f5f1d98]

CPU:total 32 (initial active 32) (8 cores per cpu, 2 threads per core) family 6 model 85 stepping 7 microcode 0x5003604, cmov, cx8, fxsr, mmx, sse, sse2, sse3, ssse3, sse4.1, sse4.2, popcnt, avx, avx2, aes, clmul, erms, 3dnowpref, lzcnt, ht, tsc, tscinvbit, bmi1, bmi2, adx, evex, fma
CPU Model and flags from /proc/cpuinfo:
model name	: Intel(R) Xeon(R) Gold 6244 CPU @ 3.60GHz
flags		: fpu vme de pse tsc msr pae mce cx8 apic sep mtrr pge mca cmov pat pse36 clflush dts acpi mmx fxsr sse sse2 ss ht tm pbe syscall nx pdpe1gb rdtscp lm constant_tsc art arch_perfmon pebs bts rep_good nopl xtopology nonstop_tsc cpuid aperfmperf pni pclmulqdq dtes64 monitor ds_cpl vmx smx est tm2 ssse3 sdbg fma cx16 xtpr pdcm pcid dca sse4_1 sse4_2 x2apic movbe popcnt tsc_deadline_timer aes xsave avx f16c rdrand lahf_lm abm 3dnowprefetch cpuid_fault epb cat_l3 cdp_l3 ssbd mba ibrs ibpb stibp ibrs_enhanced tpr_shadow flexpriority ept vpid ept_ad fsgsbase tsc_adjust bmi1 avx2 smep bmi2 erms invpcid cqm mpx rdt_a avx512f avx512dq rdseed adx smap clflushopt clwb intel_pt avx512cd avx512bw avx512vl xsaveopt xsavec xgetbv1 xsaves cqm_llc cqm_occup_llc cqm_mbm_total cqm_mbm_local dtherm ida arat pln pts hwp hwp_act_window hwp_epp hwp_pkg_req vnmi pku ospke avx512_vnni md_clear flush_l1d arch_capabilities
Online cpus:
0-31
Offline cpus:

BIOS frequency limitation:
<Not Available>
Frequency switch latency (ns):
0
Available cpu frequencies:
<Not Available>
Current governor:
performance
Core performance/turbo boost:
<Not Available>

Memory: 4k page, physical 527979860k(241152064k free), swap 0k(0k free)

vm_info: OpenJDK 64-Bit Server VM (11.0.24+8-post-Ubuntu-1ubuntu322.04) for linux-amd64 JRE (11.0.24+8-post-Ubuntu-1ubuntu322.04), built on Jul 21 2024 21:19:53 by "unknown" with gcc 11.4.0

END.
