#
# A fatal error has been detected by the Java Runtime Environment:
#
#  SIGSEGV (0xb) at pc=0x00007f915aace3fc, pid=2819, tid=2884
#
# JRE version: OpenJDK Runtime Environment (11.0.27+6) (build 11.0.27+6-post-Ubuntu-0ubuntu122.04)
# Java VM: OpenJDK 64-Bit Server VM (11.0.27+6-post-Ubuntu-0ubuntu122.04, mixed mode, sharing, tiered, compressed oops, g1 gc, linux-amd64)
# Problematic frame:
# C  [libc.so.6+0x453fc]
#
# Core dump will be written. Default location: Core dumps may be processed with "/usr/lib/systemd/systemd-coredump %P %u %g %s %t %c %h" (or dumping to /mnt/primary/context_coherence/analysis/core.2819)
#
# If you would like to submit a bug report, please visit:
#   https://bugs.launchpad.net/ubuntu/+source/openjdk-lts
#

---------------  S U M M A R Y ------------

Command Line: jupyter[pyterrier]:/root/nfs/context_coherence/analysis/qpp_test.ipynb

Host: AMD Ryzen Threadripper PRO 5955WX 16-Cores, 32 cores, 220G, Ubuntu 22.04.5 LTS
Time: Mon May 12 09:49:35 2025 UTC elapsed time: 437.215062 seconds (0d 0h 7m 17s)

---------------  T H R E A D  ---------------

Current thread (0x000000008bc9a800):  VMThread "VM Thread" [stack: 0x00007f8f3cefe000,0x00007f8f3cffe000] [id=2884]

Stack: [0x00007f8f3cefe000,0x00007f8f3cffe000],  sp=0x00007f8f3cffc810,  free space=1018k
Native frames: (J=compiled Java code, A=aot compiled Java code, j=interpreted, Vv=VM code, C=native code)
C  [libc.so.6+0x453fc]


siginfo: si_signo: 11 (SIGSEGV), si_code: 128 (SI_KERNEL), si_addr: 0x0000000000000000

Register to memory mapping:

RAX=0x00007f915aca3cdf: <offset 0x000000000021acdf> in /usr/lib/x86_64-linux-gnu/libc.so.6 at 0x00007f915aa89000
RBX=0x0 is NULL
RCX=0x0000000000000001 is an unknown value
RDX=0x000ff22b59479be0 is an unknown value
RSP=0x00007f8f3cffc810 points into unknown readable memory: 0x00007f8f3cffc890 | 90 c8 ff 3c 8f 7f 00 00
RBP=0x000000000000008f is an unknown value
RSI=0x0 is NULL
RDI=0x00007f9095f82560: <offset 0x0000000024582560> in /opt/miniconda3/envs/semantic_uncertainty_export/lib/python3.11/site-packages/torch/lib/../../../../libcublasLt.so.11 at 0x00007f9071a00000
R8 =0x000000000000027d is an unknown value
R9 =0x000000000000000b is an unknown value
R10=0x00007f9078b52710: <offset 0x0000000007152710> in /opt/miniconda3/envs/semantic_uncertainty_export/lib/python3.11/site-packages/torch/lib/../../../../libcublasLt.so.11 at 0x00007f9071a00000
R11=0x0000000000000313 is an unknown value
R12=0x00007f915aca3838: <offset 0x000000000021a838> in /usr/lib/x86_64-linux-gnu/libc.so.6 at 0x00007f915aa89000
R13=0x0 is NULL
R14=0x00007f915aca4ee8: <offset 0x000000000021bee8> in /usr/lib/x86_64-linux-gnu/libc.so.6 at 0x00007f915aa89000
R15=0x000000000449bb70 points into unknown readable memory: 0x000000001ceb5470 | 70 54 eb 1c 00 00 00 00


Registers:
RAX=0x00007f915aca3cdf, RBX=0x0000000000000000, RCX=0x0000000000000001, RDX=0x000ff22b59479be0
RSP=0x00007f8f3cffc810, RBP=0x000000000000008f, RSI=0x0000000000000000, RDI=0x00007f9095f82560
R8 =0x000000000000027d, R9 =0x000000000000000b, R10=0x00007f9078b52710, R11=0x0000000000000313
R12=0x00007f915aca3838, R13=0x0000000000000000, R14=0x00007f915aca4ee8, R15=0x000000000449bb70
RIP=0x00007f915aace3fc, EFLAGS=0x0000000000010212, CSGSFS=0x002b000000000033, ERR=0x0000000000000000
  TRAPNO=0x000000000000000d

Top of Stack: (sp=0x00007f8f3cffc810)
0x00007f8f3cffc810:   00007f8f3cffc890 00007f8f4adddca8
0x00007f8f3cffc820:   0000000000000000 0000000100000000
0x00007f8f3cffc830:   000000008bc9a800 00007f8f4b1f7e80
0x00007f8f3cffc840:   00007f8f3cffc890 000000000000008f 

Instructions: (pc=0x00007f915aace3fc)
0x00007f915aace2fc:   75 22 48 c7 03 00 00 00 00 31 c0 87 05 bb 6b 1d
0x00007f915aace30c:   00 83 f8 01 7f 26 31 c0 5b c3 66 2e 0f 1f 84 00
0x00007f915aace31c:   00 00 00 00 e8 4b 30 fe ff 48 c7 05 88 6b 1d 00
0x00007f915aace32c:   00 00 00 00 eb cc 66 0f 1f 44 00 00 48 8d 3d 89
0x00007f915aace33c:   6b 1d 00 e8 bc bf 04 00 31 c0 5b c3 0f 1f 84 00
0x00007f915aace34c:   00 00 00 00 48 8d 3d 71 6b 1d 00 e8 d4 be 04 00
0x00007f915aace35c:   eb 88 66 90 f3 0f 1e fa 48 8b 05 15 4b 1d 00 8b
0x00007f915aace36c:   00 85 c0 75 0f e9 fa f7 ff ff 66 2e 0f 1f 84 00
0x00007f915aace37c:   00 00 00 00 31 c0 c3 66 2e 0f 1f 84 00 00 00 00
0x00007f915aace38c:   00 0f 1f 00 f3 0f 1e fa 41 57 41 56 41 55 41 54
0x00007f915aace39c:   49 89 f4 55 89 fd 53 48 83 ec 28 89 54 24 1c 84
0x00007f915aace3ac:   c9 0f 85 11 02 00 00 4c 8d 35 2e 6b 1d 00 31 c0
0x00007f915aace3bc:   ba 01 00 00 00 f0 41 0f b1 16 0f 85 02 02 00 00
0x00007f915aace3cc:   31 db 4d 8b 3c 24 4d 85 ff 0f 84 35 01 00 00 0f
0x00007f915aace3dc:   1f 44 00 00 49 8b 47 08 48 85 c0 0f 84 13 01 00
0x00007f915aace3ec:   00 48 83 e8 01 48 89 c2 49 89 47 08 48 c1 e2 05
0x00007f915aace3fc:   49 8b 4c 17 10 48 83 f9 03 0f 84 ad 00 00 00 48
0x00007f915aace40c:   83 f9 04 74 4f 48 83 f9 02 75 cd 4c 01 fa 48 8b
0x00007f915aace41c:   42 18 48 8b 72 20 89 da 48 c1 c8 11 64 48 33 04
0x00007f915aace42c:   25 30 00 00 00 41 87 16 83 fa 01 0f 8f 1b 01 00
0x00007f915aace43c:   00 89 ef ff d0 ba 01 00 00 00 89 d8 f0 41 0f b1
0x00007f915aace44c:   16 74 91 4c 89 f7 e8 d9 bd 04 00 eb 87 0f 1f 80
0x00007f915aace45c:   00 00 00 00 4c 01 fa 48 8b 42 18 4c 8b 6a 20 48
0x00007f915aace46c:   c7 42 10 00 00 00 00 89 da 48 c1 c8 11 64 48 33
0x00007f915aace47c:   04 25 30 00 00 00 41 87 16 83 fa 01 0f 8f 12 01
0x00007f915aace48c:   00 00 89 ee 4c 89 ef ff d0 ba 01 00 00 00 89 d8
0x00007f915aace49c:   f0 41 0f b1 16 0f 84 39 ff ff ff 4c 89 f7 e8 81
0x00007f915aace4ac:   bd 04 00 e9 2c ff ff ff 0f 1f 40 00 49 8b 44 17
0x00007f915aace4bc:   18 89 da 48 c1 c8 11 64 48 33 04 25 30 00 00 00
0x00007f915aace4cc:   41 87 16 83 fa 01 0f 8f a8 00 00 00 ff d0 ba 01
0x00007f915aace4dc:   00 00 00 89 d8 f0 41 0f b1 16 0f 84 f4 fe ff ff
0x00007f915aace4ec:   4c 89 f7 e8 3c bd 04 00 e9 e7 fe ff ff 0f 1f 80 


Stack slot to memory mapping:
stack at sp + 0 slots: 0x00007f8f3cffc890 points into unknown readable memory: 0x00007f8f3cffc990 | 90 c9 ff 3c 8f 7f 00 00
stack at sp + 1 slots: 0x00007f8f4adddca8: <offset 0x0000000000ebdca8> in /usr/lib/jvm/java-11-openjdk-amd64/lib/server/libjvm.so at 0x00007f8f49f20000
stack at sp + 2 slots: 0x0 is NULL
stack at sp + 3 slots: 0x0000000100000000 is an unknown value
stack at sp + 4 slots: 0x000000008bc9a800 points into unknown readable memory: 0x00007f8f4b16c338 | 38 c3 16 4b 8f 7f 00 00
stack at sp + 5 slots: 0x00007f8f4b1f7e80: <offset 0x00000000012d7e80> in /usr/lib/jvm/java-11-openjdk-amd64/lib/server/libjvm.so at 0x00007f8f49f20000
stack at sp + 6 slots: 0x00007f8f3cffc890 points into unknown readable memory: 0x00007f8f3cffc990 | 90 c9 ff 3c 8f 7f 00 00
stack at sp + 7 slots: 0x000000000000008f is an unknown value

VM_Operation (0x00007f9156400690): Exit, mode: safepoint, requested by thread 0x00007f8ea8001800


---------------  P R O C E S S  ---------------

Threads class SMR info:
_java_thread_list=0x00007f8ea80027d0, length=10, elements={
0x00000000888a1000, 0x000000008bc9b800, 0x000000008bc9d000, 0x000000008bc9e800,
0x000000008bc9f800, 0x000000008bca1000, 0x000000008bca2000, 0x000000008bca3800,
0x000000008bcb6000, 0x00007f8ea8001800
}

Java Threads: ( => current thread )
  0x00000000888a1000 JavaThread "main" [_thread_in_native, id=2819, stack(0x00007ffc513e5000,0x00007ffc514e5000)]
  0x000000008bc9b800 JavaThread "Reference Handler" daemon [_thread_blocked, id=2885, stack(0x00007f8f3c500000,0x00007f8f3c600000)]
  0x000000008bc9d000 JavaThread "Finalizer" daemon [_thread_blocked, id=2886, stack(0x00007f8f3c400000,0x00007f8f3c500000)]
  0x000000008bc9e800 JavaThread "Signal Dispatcher" daemon [_thread_blocked, id=2887, stack(0x00007f8f3c300000,0x00007f8f3c400000)]
  0x000000008bc9f800 JavaThread "Service Thread" daemon [_thread_blocked, id=2888, stack(0x00007f8f3c200000,0x00007f8f3c300000)]
  0x000000008bca1000 JavaThread "C2 CompilerThread0" daemon [_thread_blocked, id=2889, stack(0x00007f8f3be00000,0x00007f8f3bf00000)]
  0x000000008bca2000 JavaThread "C1 CompilerThread0" daemon [_thread_blocked, id=2890, stack(0x00007f8f2cd00000,0x00007f8f2ce00000)]
  0x000000008bca3800 JavaThread "Sweeper thread" daemon [_thread_blocked, id=2891, stack(0x00007f8f2cc00000,0x00007f8f2cd00000)]
  0x000000008bcb6000 JavaThread "Common-Cleaner" daemon [_thread_blocked, id=2894, stack(0x00007f8f2c8ff000,0x00007f8f2c9ff000)]
  0x00007f8ea8001800 JavaThread "SIGTERM handler" daemon [_thread_blocked, id=3258, stack(0x00007f9156302000,0x00007f9156402000)]

Other Threads:
=>0x000000008bc9a800 VMThread "VM Thread" [stack: 0x00007f8f3cefe000,0x00007f8f3cffe000] [id=2884]
  0x0000000088894800 GCTaskThread "GC Thread#0" [stack: 0x00007f8f415df000,0x00007f8f416df000] [id=2879]
  0x00007f8ec0001800 GCTaskThread "GC Thread#1" [stack: 0x00007f8f2c0ff000,0x00007f8f2c1ff000] [id=2901]
  0x00007f8ec0003000 GCTaskThread "GC Thread#2" [stack: 0x00007f8ee4700000,0x00007f8ee4800000] [id=2902]
  0x00007f8ec0004800 GCTaskThread "GC Thread#3" [stack: 0x00007f8ee45ff000,0x00007f8ee46ff000] [id=2903]
  0x00007f8ec0006800 GCTaskThread "GC Thread#4" [stack: 0x00007f8ee44fe000,0x00007f8ee45fe000] [id=2904]
  0x00007f8ec0008000 GCTaskThread "GC Thread#5" [stack: 0x00007f8ee43fd000,0x00007f8ee44fd000] [id=2905]
  0x00007f8ec000a000 GCTaskThread "GC Thread#6" [stack: 0x00007f8ee42fc000,0x00007f8ee43fc000] [id=2906]
  0x00007f8ec000b800 GCTaskThread "GC Thread#7" [stack: 0x00007f8ee41fb000,0x00007f8ee42fb000] [id=2907]
  0x00007f8ec000d000 GCTaskThread "GC Thread#8" [stack: 0x00007f8ee40fa000,0x00007f8ee41fa000] [id=2908]
  0x00007f8ec000f000 GCTaskThread "GC Thread#9" [stack: 0x00007f8edff00000,0x00007f8ee0000000] [id=2909]
  0x00007f8ec0010800 GCTaskThread "GC Thread#10" [stack: 0x00007f8eddd00000,0x00007f8edde00000] [id=2910]
  0x00007f8ec0012800 GCTaskThread "GC Thread#11" [stack: 0x00007f8eddbff000,0x00007f8eddcff000] [id=2911]
  0x00007f8ec0014000 GCTaskThread "GC Thread#12" [stack: 0x00007f8eddafe000,0x00007f8eddbfe000] [id=2912]
  0x00007f8ec0015800 GCTaskThread "GC Thread#13" [stack: 0x00007f8edd9fd000,0x00007f8eddafd000] [id=2913]
  0x00007f8ec0017800 GCTaskThread "GC Thread#14" [stack: 0x00007f8edd8fc000,0x00007f8edd9fc000] [id=2914]
  0x00007f8ec0019000 GCTaskThread "GC Thread#15" [stack: 0x00007f8edd7fb000,0x00007f8edd8fb000] [id=2915]
  0x00007f8ec001b000 GCTaskThread "GC Thread#16" [stack: 0x00007f8edd6fa000,0x00007f8edd7fa000] [id=2916]
  0x00007f8ec001c800 GCTaskThread "GC Thread#17" [stack: 0x00007f8edd5f9000,0x00007f8edd6f9000] [id=2917]
  0x00007f8ec001e800 GCTaskThread "GC Thread#18" [stack: 0x00007f8edd4f8000,0x00007f8edd5f8000] [id=2918]
  0x00007f8ec0020000 GCTaskThread "GC Thread#19" [stack: 0x00007f8edd3f7000,0x00007f8edd4f7000] [id=2919]
  0x00007f8ec0021800 GCTaskThread "GC Thread#20" [stack: 0x00007f8edd2f6000,0x00007f8edd3f6000] [id=2920]
  0x00007f8ec0023800 GCTaskThread "GC Thread#21" [stack: 0x00007f8edd1f5000,0x00007f8edd2f5000] [id=2921]
  0x00007f8ec0025000 GCTaskThread "GC Thread#22" [stack: 0x00007f8edd0f4000,0x00007f8edd1f4000] [id=2922]
  0x000000008889d800 ConcurrentGCThread "G1 Main Marker" [stack: 0x00007f8f414de000,0x00007f8f415de000] [id=2880]
  0x0000000088930000 ConcurrentGCThread "G1 Conc#0" [stack: 0x00007f8f3d700000,0x00007f8f3d800000] [id=2881]
  0x000000008bb13000 ConcurrentGCThread "G1 Refine#0" [stack: 0x00007f8f3d100000,0x00007f8f3d200000] [id=2882]
  0x000000008bb14000 ConcurrentGCThread "G1 Young RemSet Sampling" [stack: 0x00007f8f3cfff000,0x00007f8f3d0ff000] [id=2883]

Threads with active compile tasks:

VM state:at safepoint (shutting down)

VM Mutex/Monitor currently owned by a thread:  ([mutex/lock_event])
[0x0000000073d92be0] Threads_lock - owner thread: 0x000000008bc9a800

Heap address: 0x0000001000400000, size: 30688 MB, Compressed Oops mode: Non-zero disjoint base: 0x0000001000000000, Oop shift amount: 3
Narrow klass base: 0x0000000800000000, Narrow klass shift: 3
Compressed class space size: 1073741824 Address: 0x0000000840000000

Heap:
 garbage-first heap   total 2105344K, used 609330K [0x0000001000400000, 0x000000177e400000)
  region size 4096K, 120 young (491520K), 1 survivors (4096K)
 Metaspace       used 6070K, capacity 7528K, committed 7680K, reserved 1056768K
  class space    used 723K, capacity 1010K, committed 1024K, reserved 1048576K
Heap Regions: E=young(eden), S=young(survivor), O=old, HS=humongous(starts), HC=humongous(continues), CS=collection set, F=free, A=archive, TAMS=top-at-mark-start (previous, next)
|   0|0x0000001000400000, 0x0000001000800000, 0x0000001000800000|100%|HS|  |TAMS 0x0000001000400000, 0x0000001000400000| Complete 
|   1|0x0000001000800000, 0x0000001000c00000, 0x0000001000c00000|100%|HC|  |TAMS 0x0000001000800000, 0x0000001000800000| Complete 
|   2|0x0000001000c00000, 0x0000001001000000, 0x0000001001000000|100%|HS|  |TAMS 0x0000001000c00000, 0x0000001000c00000| Complete 
|   3|0x0000001001000000, 0x0000001001400000, 0x0000001001400000|100%|HC|  |TAMS 0x0000001001000000, 0x0000001001000000| Complete 
|   4|0x0000001001400000, 0x0000001001800000, 0x0000001001800000|100%|HC|  |TAMS 0x0000001001400000, 0x0000001001400000| Complete 
|   5|0x0000001001800000, 0x0000001001c00000, 0x0000001001c00000|100%|HC|  |TAMS 0x0000001001800000, 0x0000001001800000| Complete 
|   6|0x0000001001c00000, 0x0000001002000000, 0x0000001002000000|100%|HC|  |TAMS 0x0000001001c00000, 0x0000001001c00000| Complete 
|   7|0x0000001002000000, 0x0000001002400000, 0x0000001002400000|100%|HC|  |TAMS 0x0000001002000000, 0x0000001002000000| Complete 
|   8|0x0000001002400000, 0x0000001002800000, 0x0000001002800000|100%|HC|  |TAMS 0x0000001002400000, 0x0000001002400000| Complete 
|   9|0x0000001002800000, 0x0000001002c00000, 0x0000001002c00000|100%|HC|  |TAMS 0x0000001002800000, 0x0000001002800000| Complete 
|  10|0x0000001002c00000, 0x0000001003000000, 0x0000001003000000|100%|HC|  |TAMS 0x0000001002c00000, 0x0000001002c00000| Complete 
|  11|0x0000001003000000, 0x0000001003400000, 0x0000001003400000|100%|HS|  |TAMS 0x0000001003000000, 0x0000001003000000| Complete 
|  12|0x0000001003400000, 0x0000001003800000, 0x0000001003800000|100%|HC|  |TAMS 0x0000001003400000, 0x0000001003400000| Complete 
|  13|0x0000001003800000, 0x0000001003c00000, 0x0000001003c00000|100%|HS|  |TAMS 0x0000001003800000, 0x0000001003800000| Complete 
|  14|0x0000001003c00000, 0x0000001004000000, 0x0000001004000000|100%|HC|  |TAMS 0x0000001003c00000, 0x0000001003c00000| Complete 
|  15|0x0000001004000000, 0x0000001004400000, 0x0000001004400000|100%|HC|  |TAMS 0x0000001004000000, 0x0000001004000000| Complete 
|  16|0x0000001004400000, 0x0000001004800000, 0x0000001004800000|100%|HC|  |TAMS 0x0000001004400000, 0x0000001004400000| Complete 
|  17|0x0000001004800000, 0x0000001004c00000, 0x0000001004c00000|100%|HC|  |TAMS 0x0000001004800000, 0x0000001004800000| Complete 
|  18|0x0000001004c00000, 0x0000001005000000, 0x0000001005000000|100%|HC|  |TAMS 0x0000001004c00000, 0x0000001004c00000| Complete 
|  19|0x0000001005000000, 0x0000001005400000, 0x0000001005400000|100%|HC|  |TAMS 0x0000001005000000, 0x0000001005000000| Complete 
|  20|0x0000001005400000, 0x0000001005800000, 0x0000001005800000|100%|HC|  |TAMS 0x0000001005400000, 0x0000001005400000| Complete 
|  21|0x0000001005800000, 0x0000001005c00000, 0x0000001005c00000|100%|HC|  |TAMS 0x0000001005800000, 0x0000001005800000| Complete 
|  22|0x0000001005c00000, 0x0000001006000000, 0x0000001006000000|100%|HC|  |TAMS 0x0000001005c00000, 0x0000001005c00000| Complete 
|  23|0x0000001006000000, 0x0000001006400000, 0x0000001006400000|100%|HC|  |TAMS 0x0000001006000000, 0x0000001006000000| Complete 
|  24|0x0000001006400000, 0x0000001006800000, 0x0000001006800000|100%|HC|  |TAMS 0x0000001006400000, 0x0000001006400000| Complete 
|  25|0x0000001006800000, 0x0000001006c00000, 0x0000001006c00000|100%|HC|  |TAMS 0x0000001006800000, 0x0000001006800000| Complete 
|  26|0x0000001006c00000, 0x0000001007000000, 0x0000001007000000|100%|HC|  |TAMS 0x0000001006c00000, 0x0000001006c00000| Complete 
|  27|0x0000001007000000, 0x0000001007400000, 0x0000001007400000|100%|HC|  |TAMS 0x0000001007000000, 0x0000001007000000| Complete 
|  28|0x0000001007400000, 0x0000001007800000, 0x0000001007800000|100%|HC|  |TAMS 0x0000001007400000, 0x0000001007400000| Complete 
|  29|0x0000001007800000, 0x0000001007c00000, 0x0000001007c00000|100%|HC|  |TAMS 0x0000001007800000, 0x0000001007800000| Complete 
|  30|0x0000001007c00000, 0x0000001007c00000, 0x0000001008000000|  0%| F|  |TAMS 0x0000001007c00000, 0x0000001007c00000| Untracked 
|  31|0x0000001008000000, 0x0000001008000000, 0x0000001008400000|  0%| F|  |TAMS 0x0000001008000000, 0x0000001008000000| Untracked 
|  32|0x0000001008400000, 0x0000001008400000, 0x0000001008800000|  0%| F|  |TAMS 0x0000001008400000, 0x0000001008400000| Untracked 
|  33|0x0000001008800000, 0x0000001008800000, 0x0000001008c00000|  0%| F|  |TAMS 0x0000001008800000, 0x0000001008800000| Untracked 
|  34|0x0000001008c00000, 0x0000001008c00000, 0x0000001009000000|  0%| F|  |TAMS 0x0000001008c00000, 0x0000001008c00000| Untracked 
|  35|0x0000001009000000, 0x0000001009000000, 0x0000001009400000|  0%| F|  |TAMS 0x0000001009000000, 0x0000001009000000| Untracked 
|  36|0x0000001009400000, 0x0000001009400000, 0x0000001009800000|  0%| F|  |TAMS 0x0000001009400000, 0x0000001009400000| Untracked 
|  37|0x0000001009800000, 0x0000001009800000, 0x0000001009c00000|  0%| F|  |TAMS 0x0000001009800000, 0x0000001009800000| Untracked 
|  38|0x0000001009c00000, 0x0000001009c00000, 0x000000100a000000|  0%| F|  |TAMS 0x0000001009c00000, 0x0000001009c00000| Untracked 
|  39|0x000000100a000000, 0x000000100a000000, 0x000000100a400000|  0%| F|  |TAMS 0x000000100a000000, 0x000000100a000000| Untracked 
|  40|0x000000100a400000, 0x000000100a400000, 0x000000100a800000|  0%| F|  |TAMS 0x000000100a400000, 0x000000100a400000| Untracked 
|  41|0x000000100a800000, 0x000000100a800000, 0x000000100ac00000|  0%| F|  |TAMS 0x000000100a800000, 0x000000100a800000| Untracked 
|  42|0x000000100ac00000, 0x000000100ac00000, 0x000000100b000000|  0%| F|  |TAMS 0x000000100ac00000, 0x000000100ac00000| Untracked 
|  43|0x000000100b000000, 0x000000100b000000, 0x000000100b400000|  0%| F|  |TAMS 0x000000100b000000, 0x000000100b000000| Untracked 
|  44|0x000000100b400000, 0x000000100b400000, 0x000000100b800000|  0%| F|  |TAMS 0x000000100b400000, 0x000000100b400000| Untracked 
|  45|0x000000100b800000, 0x000000100b800000, 0x000000100bc00000|  0%| F|  |TAMS 0x000000100b800000, 0x000000100b800000| Untracked 
|  46|0x000000100bc00000, 0x000000100bc00000, 0x000000100c000000|  0%| F|  |TAMS 0x000000100bc00000, 0x000000100bc00000| Untracked 
|  47|0x000000100c000000, 0x000000100c000000, 0x000000100c400000|  0%| F|  |TAMS 0x000000100c000000, 0x000000100c000000| Untracked 
|  48|0x000000100c400000, 0x000000100c400000, 0x000000100c800000|  0%| F|  |TAMS 0x000000100c400000, 0x000000100c400000| Untracked 
|  49|0x000000100c800000, 0x000000100c800000, 0x000000100cc00000|  0%| F|  |TAMS 0x000000100c800000, 0x000000100c800000| Untracked 
|  50|0x000000100cc00000, 0x000000100cc00000, 0x000000100d000000|  0%| F|  |TAMS 0x000000100cc00000, 0x000000100cc00000| Untracked 
|  51|0x000000100d000000, 0x000000100d000000, 0x000000100d400000|  0%| F|  |TAMS 0x000000100d000000, 0x000000100d000000| Untracked 
|  52|0x000000100d400000, 0x000000100d400000, 0x000000100d800000|  0%| F|  |TAMS 0x000000100d400000, 0x000000100d400000| Untracked 
|  53|0x000000100d800000, 0x000000100d800000, 0x000000100dc00000|  0%| F|  |TAMS 0x000000100d800000, 0x000000100d800000| Untracked 
|  54|0x000000100dc00000, 0x000000100dc00000, 0x000000100e000000|  0%| F|  |TAMS 0x000000100dc00000, 0x000000100dc00000| Untracked 
|  55|0x000000100e000000, 0x000000100e000000, 0x000000100e400000|  0%| F|  |TAMS 0x000000100e000000, 0x000000100e000000| Untracked 
|  56|0x000000100e400000, 0x000000100e400000, 0x000000100e800000|  0%| F|  |TAMS 0x000000100e400000, 0x000000100e400000| Untracked 
|  57|0x000000100e800000, 0x000000100e800000, 0x000000100ec00000|  0%| F|  |TAMS 0x000000100e800000, 0x000000100e800000| Untracked 
|  58|0x000000100ec00000, 0x000000100ec00000, 0x000000100f000000|  0%| F|  |TAMS 0x000000100ec00000, 0x000000100ec00000| Untracked 
|  59|0x000000100f000000, 0x000000100f000000, 0x000000100f400000|  0%| F|  |TAMS 0x000000100f000000, 0x000000100f000000| Untracked 
|  60|0x000000100f400000, 0x000000100f400000, 0x000000100f800000|  0%| F|  |TAMS 0x000000100f400000, 0x000000100f400000| Untracked 
|  61|0x000000100f800000, 0x000000100f800000, 0x000000100fc00000|  0%| F|  |TAMS 0x000000100f800000, 0x000000100f800000| Untracked 
|  62|0x000000100fc00000, 0x000000100fc00000, 0x0000001010000000|  0%| F|  |TAMS 0x000000100fc00000, 0x000000100fc00000| Untracked 
|  63|0x0000001010000000, 0x0000001010000000, 0x0000001010400000|  0%| F|  |TAMS 0x0000001010000000, 0x0000001010000000| Untracked 
|  64|0x0000001010400000, 0x0000001010400000, 0x0000001010800000|  0%| F|  |TAMS 0x0000001010400000, 0x0000001010400000| Untracked 
|  65|0x0000001010800000, 0x0000001010800000, 0x0000001010c00000|  0%| F|  |TAMS 0x0000001010800000, 0x0000001010800000| Untracked 
|  66|0x0000001010c00000, 0x0000001010c00000, 0x0000001011000000|  0%| F|  |TAMS 0x0000001010c00000, 0x0000001010c00000| Untracked 
|  67|0x0000001011000000, 0x0000001011000000, 0x0000001011400000|  0%| F|  |TAMS 0x0000001011000000, 0x0000001011000000| Untracked 
|  68|0x0000001011400000, 0x0000001011400000, 0x0000001011800000|  0%| F|  |TAMS 0x0000001011400000, 0x0000001011400000| Untracked 
|  69|0x0000001011800000, 0x0000001011800000, 0x0000001011c00000|  0%| F|  |TAMS 0x0000001011800000, 0x0000001011800000| Untracked 
|  70|0x0000001011c00000, 0x0000001011c00000, 0x0000001012000000|  0%| F|  |TAMS 0x0000001011c00000, 0x0000001011c00000| Untracked 
|  71|0x0000001012000000, 0x0000001012000000, 0x0000001012400000|  0%| F|  |TAMS 0x0000001012000000, 0x0000001012000000| Untracked 
|  72|0x0000001012400000, 0x0000001012400000, 0x0000001012800000|  0%| F|  |TAMS 0x0000001012400000, 0x0000001012400000| Untracked 
|  73|0x0000001012800000, 0x0000001012800000, 0x0000001012c00000|  0%| F|  |TAMS 0x0000001012800000, 0x0000001012800000| Untracked 
|  74|0x0000001012c00000, 0x0000001012c00000, 0x0000001013000000|  0%| F|  |TAMS 0x0000001012c00000, 0x0000001012c00000| Untracked 
|  75|0x0000001013000000, 0x0000001013000000, 0x0000001013400000|  0%| F|  |TAMS 0x0000001013000000, 0x0000001013000000| Untracked 
|  76|0x0000001013400000, 0x0000001013400000, 0x0000001013800000|  0%| F|  |TAMS 0x0000001013400000, 0x0000001013400000| Untracked 
|  77|0x0000001013800000, 0x0000001013800000, 0x0000001013c00000|  0%| F|  |TAMS 0x0000001013800000, 0x0000001013800000| Untracked 
|  78|0x0000001013c00000, 0x0000001013c00000, 0x0000001014000000|  0%| F|  |TAMS 0x0000001013c00000, 0x0000001013c00000| Untracked 
|  79|0x0000001014000000, 0x0000001014000000, 0x0000001014400000|  0%| F|  |TAMS 0x0000001014000000, 0x0000001014000000| Untracked 
|  80|0x0000001014400000, 0x0000001014400000, 0x0000001014800000|  0%| F|  |TAMS 0x0000001014400000, 0x0000001014400000| Untracked 
|  81|0x0000001014800000, 0x0000001014800000, 0x0000001014c00000|  0%| F|  |TAMS 0x0000001014800000, 0x0000001014800000| Untracked 
|  82|0x0000001014c00000, 0x0000001014c00000, 0x0000001015000000|  0%| F|  |TAMS 0x0000001014c00000, 0x0000001014c00000| Untracked 
|  83|0x0000001015000000, 0x0000001015000000, 0x0000001015400000|  0%| F|  |TAMS 0x0000001015000000, 0x0000001015000000| Untracked 
|  84|0x0000001015400000, 0x0000001015400000, 0x0000001015800000|  0%| F|  |TAMS 0x0000001015400000, 0x0000001015400000| Untracked 
|  85|0x0000001015800000, 0x0000001015800000, 0x0000001015c00000|  0%| F|  |TAMS 0x0000001015800000, 0x0000001015800000| Untracked 
|  86|0x0000001015c00000, 0x0000001015c00000, 0x0000001016000000|  0%| F|  |TAMS 0x0000001015c00000, 0x0000001015c00000| Untracked 
|  87|0x0000001016000000, 0x0000001016000000, 0x0000001016400000|  0%| F|  |TAMS 0x0000001016000000, 0x0000001016000000| Untracked 
|  88|0x0000001016400000, 0x0000001016400000, 0x0000001016800000|  0%| F|  |TAMS 0x0000001016400000, 0x0000001016400000| Untracked 
|  89|0x0000001016800000, 0x0000001016800000, 0x0000001016c00000|  0%| F|  |TAMS 0x0000001016800000, 0x0000001016800000| Untracked 
|  90|0x0000001016c00000, 0x0000001016c00000, 0x0000001017000000|  0%| F|  |TAMS 0x0000001016c00000, 0x0000001016c00000| Untracked 
|  91|0x0000001017000000, 0x0000001017000000, 0x0000001017400000|  0%| F|  |TAMS 0x0000001017000000, 0x0000001017000000| Untracked 
|  92|0x0000001017400000, 0x0000001017400000, 0x0000001017800000|  0%| F|  |TAMS 0x0000001017400000, 0x0000001017400000| Untracked 
|  93|0x0000001017800000, 0x0000001017800000, 0x0000001017c00000|  0%| F|  |TAMS 0x0000001017800000, 0x0000001017800000| Untracked 
|  94|0x0000001017c00000, 0x0000001017c00000, 0x0000001018000000|  0%| F|  |TAMS 0x0000001017c00000, 0x0000001017c00000| Untracked 
|  95|0x0000001018000000, 0x0000001018000000, 0x0000001018400000|  0%| F|  |TAMS 0x0000001018000000, 0x0000001018000000| Untracked 
|  96|0x0000001018400000, 0x0000001018400000, 0x0000001018800000|  0%| F|  |TAMS 0x0000001018400000, 0x0000001018400000| Untracked 
|  97|0x0000001018800000, 0x0000001018800000, 0x0000001018c00000|  0%| F|  |TAMS 0x0000001018800000, 0x0000001018800000| Untracked 
|  98|0x0000001018c00000, 0x0000001018c00000, 0x0000001019000000|  0%| F|  |TAMS 0x0000001018c00000, 0x0000001018c00000| Untracked 
|  99|0x0000001019000000, 0x0000001019000000, 0x0000001019400000|  0%| F|  |TAMS 0x0000001019000000, 0x0000001019000000| Untracked 
| 100|0x0000001019400000, 0x0000001019400000, 0x0000001019800000|  0%| F|  |TAMS 0x0000001019400000, 0x0000001019400000| Untracked 
| 101|0x0000001019800000, 0x0000001019800000, 0x0000001019c00000|  0%| F|  |TAMS 0x0000001019800000, 0x0000001019800000| Untracked 
| 102|0x0000001019c00000, 0x0000001019c00000, 0x000000101a000000|  0%| F|  |TAMS 0x0000001019c00000, 0x0000001019c00000| Untracked 
| 103|0x000000101a000000, 0x000000101a000000, 0x000000101a400000|  0%| F|  |TAMS 0x000000101a000000, 0x000000101a000000| Untracked 
| 104|0x000000101a400000, 0x000000101a400000, 0x000000101a800000|  0%| F|  |TAMS 0x000000101a400000, 0x000000101a400000| Untracked 
| 105|0x000000101a800000, 0x000000101a800000, 0x000000101ac00000|  0%| F|  |TAMS 0x000000101a800000, 0x000000101a800000| Untracked 
| 106|0x000000101ac00000, 0x000000101ac00000, 0x000000101b000000|  0%| F|  |TAMS 0x000000101ac00000, 0x000000101ac00000| Untracked 
| 107|0x000000101b000000, 0x000000101b000000, 0x000000101b400000|  0%| F|  |TAMS 0x000000101b000000, 0x000000101b000000| Untracked 
| 108|0x000000101b400000, 0x000000101b400000, 0x000000101b800000|  0%| F|  |TAMS 0x000000101b400000, 0x000000101b400000| Untracked 
| 109|0x000000101b800000, 0x000000101b800000, 0x000000101bc00000|  0%| F|  |TAMS 0x000000101b800000, 0x000000101b800000| Untracked 
| 110|0x000000101bc00000, 0x000000101bc00000, 0x000000101c000000|  0%| F|  |TAMS 0x000000101bc00000, 0x000000101bc00000| Untracked 
| 111|0x000000101c000000, 0x000000101c000000, 0x000000101c400000|  0%| F|  |TAMS 0x000000101c000000, 0x000000101c000000| Untracked 
| 112|0x000000101c400000, 0x000000101c400000, 0x000000101c800000|  0%| F|  |TAMS 0x000000101c400000, 0x000000101c400000| Untracked 
| 113|0x000000101c800000, 0x000000101c800000, 0x000000101cc00000|  0%| F|  |TAMS 0x000000101c800000, 0x000000101c800000| Untracked 
| 114|0x000000101cc00000, 0x000000101cc00000, 0x000000101d000000|  0%| F|  |TAMS 0x000000101cc00000, 0x000000101cc00000| Untracked 
| 115|0x000000101d000000, 0x000000101d000000, 0x000000101d400000|  0%| F|  |TAMS 0x000000101d000000, 0x000000101d000000| Untracked 
| 116|0x000000101d400000, 0x000000101d400000, 0x000000101d800000|  0%| F|  |TAMS 0x000000101d400000, 0x000000101d400000| Untracked 
| 117|0x000000101d800000, 0x000000101d800000, 0x000000101dc00000|  0%| F|  |TAMS 0x000000101d800000, 0x000000101d800000| Untracked 
| 118|0x000000101dc00000, 0x000000101dc00000, 0x000000101e000000|  0%| F|  |TAMS 0x000000101dc00000, 0x000000101dc00000| Untracked 
| 119|0x000000101e000000, 0x000000101e000000, 0x000000101e400000|  0%| F|  |TAMS 0x000000101e000000, 0x000000101e000000| Untracked 
| 120|0x000000101e400000, 0x000000101e400000, 0x000000101e800000|  0%| F|  |TAMS 0x000000101e400000, 0x000000101e400000| Untracked 
| 121|0x000000101e800000, 0x000000101e800000, 0x000000101ec00000|  0%| F|  |TAMS 0x000000101e800000, 0x000000101e800000| Untracked 
| 122|0x000000101ec00000, 0x000000101ec00000, 0x000000101f000000|  0%| F|  |TAMS 0x000000101ec00000, 0x000000101ec00000| Untracked 
| 123|0x000000101f000000, 0x000000101f000000, 0x000000101f400000|  0%| F|  |TAMS 0x000000101f000000, 0x000000101f000000| Untracked 
| 124|0x000000101f400000, 0x000000101f400000, 0x000000101f800000|  0%| F|  |TAMS 0x000000101f400000, 0x000000101f400000| Untracked 
| 125|0x000000101f800000, 0x000000101f800000, 0x000000101fc00000|  0%| F|  |TAMS 0x000000101f800000, 0x000000101f800000| Untracked 
| 126|0x000000101fc00000, 0x000000101fc00000, 0x0000001020000000|  0%| F|  |TAMS 0x000000101fc00000, 0x000000101fc00000| Untracked 
| 127|0x0000001020000000, 0x0000001020000000, 0x0000001020400000|  0%| F|  |TAMS 0x0000001020000000, 0x0000001020000000| Untracked 
| 128|0x0000001020400000, 0x0000001020400000, 0x0000001020800000|  0%| F|  |TAMS 0x0000001020400000, 0x0000001020400000| Untracked 
| 129|0x0000001020800000, 0x0000001020800000, 0x0000001020c00000|  0%| F|  |TAMS 0x0000001020800000, 0x0000001020800000| Untracked 
| 130|0x0000001020c00000, 0x0000001020c00000, 0x0000001021000000|  0%| F|  |TAMS 0x0000001020c00000, 0x0000001020c00000| Untracked 
| 131|0x0000001021000000, 0x0000001021000000, 0x0000001021400000|  0%| F|  |TAMS 0x0000001021000000, 0x0000001021000000| Untracked 
| 132|0x0000001021400000, 0x0000001021400000, 0x0000001021800000|  0%| F|  |TAMS 0x0000001021400000, 0x0000001021400000| Untracked 
| 133|0x0000001021800000, 0x0000001021800000, 0x0000001021c00000|  0%| F|  |TAMS 0x0000001021800000, 0x0000001021800000| Untracked 
| 134|0x0000001021c00000, 0x0000001021c00000, 0x0000001022000000|  0%| F|  |TAMS 0x0000001021c00000, 0x0000001021c00000| Untracked 
| 135|0x0000001022000000, 0x0000001022000000, 0x0000001022400000|  0%| F|  |TAMS 0x0000001022000000, 0x0000001022000000| Untracked 
| 136|0x0000001022400000, 0x0000001022400000, 0x0000001022800000|  0%| F|  |TAMS 0x0000001022400000, 0x0000001022400000| Untracked 
| 137|0x0000001022800000, 0x0000001022800000, 0x0000001022c00000|  0%| F|  |TAMS 0x0000001022800000, 0x0000001022800000| Untracked 
| 138|0x0000001022c00000, 0x0000001022c00000, 0x0000001023000000|  0%| F|  |TAMS 0x0000001022c00000, 0x0000001022c00000| Untracked 
| 139|0x0000001023000000, 0x0000001023000000, 0x0000001023400000|  0%| F|  |TAMS 0x0000001023000000, 0x0000001023000000| Untracked 
| 140|0x0000001023400000, 0x0000001023400000, 0x0000001023800000|  0%| F|  |TAMS 0x0000001023400000, 0x0000001023400000| Untracked 
| 141|0x0000001023800000, 0x0000001023800000, 0x0000001023c00000|  0%| F|  |TAMS 0x0000001023800000, 0x0000001023800000| Untracked 
| 142|0x0000001023c00000, 0x0000001023c00000, 0x0000001024000000|  0%| F|  |TAMS 0x0000001023c00000, 0x0000001023c00000| Untracked 
| 143|0x0000001024000000, 0x0000001024000000, 0x0000001024400000|  0%| F|  |TAMS 0x0000001024000000, 0x0000001024000000| Untracked 
| 144|0x0000001024400000, 0x0000001024400000, 0x0000001024800000|  0%| F|  |TAMS 0x0000001024400000, 0x0000001024400000| Untracked 
| 145|0x0000001024800000, 0x0000001024800000, 0x0000001024c00000|  0%| F|  |TAMS 0x0000001024800000, 0x0000001024800000| Untracked 
| 146|0x0000001024c00000, 0x0000001024c00000, 0x0000001025000000|  0%| F|  |TAMS 0x0000001024c00000, 0x0000001024c00000| Untracked 
| 147|0x0000001025000000, 0x0000001025000000, 0x0000001025400000|  0%| F|  |TAMS 0x0000001025000000, 0x0000001025000000| Untracked 
| 148|0x0000001025400000, 0x0000001025400000, 0x0000001025800000|  0%| F|  |TAMS 0x0000001025400000, 0x0000001025400000| Untracked 
| 149|0x0000001025800000, 0x0000001025800000, 0x0000001025c00000|  0%| F|  |TAMS 0x0000001025800000, 0x0000001025800000| Untracked 
| 150|0x0000001025c00000, 0x0000001025c00000, 0x0000001026000000|  0%| F|  |TAMS 0x0000001025c00000, 0x0000001025c00000| Untracked 
| 151|0x0000001026000000, 0x0000001026000000, 0x0000001026400000|  0%| F|  |TAMS 0x0000001026000000, 0x0000001026000000| Untracked 
| 152|0x0000001026400000, 0x0000001026400000, 0x0000001026800000|  0%| F|  |TAMS 0x0000001026400000, 0x0000001026400000| Untracked 
| 153|0x0000001026800000, 0x0000001026800000, 0x0000001026c00000|  0%| F|  |TAMS 0x0000001026800000, 0x0000001026800000| Untracked 
| 154|0x0000001026c00000, 0x0000001026c00000, 0x0000001027000000|  0%| F|  |TAMS 0x0000001026c00000, 0x0000001026c00000| Untracked 
| 155|0x0000001027000000, 0x0000001027000000, 0x0000001027400000|  0%| F|  |TAMS 0x0000001027000000, 0x0000001027000000| Untracked 
| 156|0x0000001027400000, 0x0000001027400000, 0x0000001027800000|  0%| F|  |TAMS 0x0000001027400000, 0x0000001027400000| Untracked 
| 157|0x0000001027800000, 0x0000001027800000, 0x0000001027c00000|  0%| F|  |TAMS 0x0000001027800000, 0x0000001027800000| Untracked 
| 158|0x0000001027c00000, 0x0000001027c00000, 0x0000001028000000|  0%| F|  |TAMS 0x0000001027c00000, 0x0000001027c00000| Untracked 
| 159|0x0000001028000000, 0x0000001028000000, 0x0000001028400000|  0%| F|  |TAMS 0x0000001028000000, 0x0000001028000000| Untracked 
| 160|0x0000001028400000, 0x0000001028400000, 0x0000001028800000|  0%| F|  |TAMS 0x0000001028400000, 0x0000001028400000| Untracked 
| 161|0x0000001028800000, 0x0000001028800000, 0x0000001028c00000|  0%| F|  |TAMS 0x0000001028800000, 0x0000001028800000| Untracked 
| 162|0x0000001028c00000, 0x0000001028c00000, 0x0000001029000000|  0%| F|  |TAMS 0x0000001028c00000, 0x0000001028c00000| Untracked 
| 163|0x0000001029000000, 0x0000001029000000, 0x0000001029400000|  0%| F|  |TAMS 0x0000001029000000, 0x0000001029000000| Untracked 
| 164|0x0000001029400000, 0x0000001029400000, 0x0000001029800000|  0%| F|  |TAMS 0x0000001029400000, 0x0000001029400000| Untracked 
| 165|0x0000001029800000, 0x0000001029800000, 0x0000001029c00000|  0%| F|  |TAMS 0x0000001029800000, 0x0000001029800000| Untracked 
| 166|0x0000001029c00000, 0x0000001029c00000, 0x000000102a000000|  0%| F|  |TAMS 0x0000001029c00000, 0x0000001029c00000| Untracked 
| 167|0x000000102a000000, 0x000000102a000000, 0x000000102a400000|  0%| F|  |TAMS 0x000000102a000000, 0x000000102a000000| Untracked 
| 168|0x000000102a400000, 0x000000102a400000, 0x000000102a800000|  0%| F|  |TAMS 0x000000102a400000, 0x000000102a400000| Untracked 
| 169|0x000000102a800000, 0x000000102a800000, 0x000000102ac00000|  0%| F|  |TAMS 0x000000102a800000, 0x000000102a800000| Untracked 
| 170|0x000000102ac00000, 0x000000102ac00000, 0x000000102b000000|  0%| F|  |TAMS 0x000000102ac00000, 0x000000102ac00000| Untracked 
| 171|0x000000102b000000, 0x000000102b000000, 0x000000102b400000|  0%| F|  |TAMS 0x000000102b000000, 0x000000102b000000| Untracked 
| 172|0x000000102b400000, 0x000000102b400000, 0x000000102b800000|  0%| F|  |TAMS 0x000000102b400000, 0x000000102b400000| Untracked 
| 173|0x000000102b800000, 0x000000102b800000, 0x000000102bc00000|  0%| F|  |TAMS 0x000000102b800000, 0x000000102b800000| Untracked 
| 174|0x000000102bc00000, 0x000000102bc00000, 0x000000102c000000|  0%| F|  |TAMS 0x000000102bc00000, 0x000000102bc00000| Untracked 
| 175|0x000000102c000000, 0x000000102c000000, 0x000000102c400000|  0%| F|  |TAMS 0x000000102c000000, 0x000000102c000000| Untracked 
| 176|0x000000102c400000, 0x000000102c400000, 0x000000102c800000|  0%| F|  |TAMS 0x000000102c400000, 0x000000102c400000| Untracked 
| 177|0x000000102c800000, 0x000000102c800000, 0x000000102cc00000|  0%| F|  |TAMS 0x000000102c800000, 0x000000102c800000| Untracked 
| 178|0x000000102cc00000, 0x000000102cc00000, 0x000000102d000000|  0%| F|  |TAMS 0x000000102cc00000, 0x000000102cc00000| Untracked 
| 179|0x000000102d000000, 0x000000102d000000, 0x000000102d400000|  0%| F|  |TAMS 0x000000102d000000, 0x000000102d000000| Untracked 
| 180|0x000000102d400000, 0x000000102d400000, 0x000000102d800000|  0%| F|  |TAMS 0x000000102d400000, 0x000000102d400000| Untracked 
| 181|0x000000102d800000, 0x000000102d800000, 0x000000102dc00000|  0%| F|  |TAMS 0x000000102d800000, 0x000000102d800000| Untracked 
| 182|0x000000102dc00000, 0x000000102dc00000, 0x000000102e000000|  0%| F|  |TAMS 0x000000102dc00000, 0x000000102dc00000| Untracked 
| 183|0x000000102e000000, 0x000000102e000000, 0x000000102e400000|  0%| F|  |TAMS 0x000000102e000000, 0x000000102e000000| Untracked 
| 184|0x000000102e400000, 0x000000102e400000, 0x000000102e800000|  0%| F|  |TAMS 0x000000102e400000, 0x000000102e400000| Untracked 
| 185|0x000000102e800000, 0x000000102e800000, 0x000000102ec00000|  0%| F|  |TAMS 0x000000102e800000, 0x000000102e800000| Untracked 
| 186|0x000000102ec00000, 0x000000102ec00000, 0x000000102f000000|  0%| F|  |TAMS 0x000000102ec00000, 0x000000102ec00000| Untracked 
| 187|0x000000102f000000, 0x000000102f000000, 0x000000102f400000|  0%| F|  |TAMS 0x000000102f000000, 0x000000102f000000| Untracked 
| 188|0x000000102f400000, 0x000000102f400000, 0x000000102f800000|  0%| F|  |TAMS 0x000000102f400000, 0x000000102f400000| Untracked 
| 189|0x000000102f800000, 0x000000102f800000, 0x000000102fc00000|  0%| F|  |TAMS 0x000000102f800000, 0x000000102f800000| Untracked 
| 190|0x000000102fc00000, 0x000000102fc00000, 0x0000001030000000|  0%| F|  |TAMS 0x000000102fc00000, 0x000000102fc00000| Untracked 
| 191|0x0000001030000000, 0x0000001030000000, 0x0000001030400000|  0%| F|  |TAMS 0x0000001030000000, 0x0000001030000000| Untracked 
| 192|0x0000001030400000, 0x0000001030400000, 0x0000001030800000|  0%| F|  |TAMS 0x0000001030400000, 0x0000001030400000| Untracked 
| 193|0x0000001030800000, 0x0000001030800000, 0x0000001030c00000|  0%| F|  |TAMS 0x0000001030800000, 0x0000001030800000| Untracked 
| 194|0x0000001030c00000, 0x0000001030c00000, 0x0000001031000000|  0%| F|  |TAMS 0x0000001030c00000, 0x0000001030c00000| Untracked 
| 195|0x0000001031000000, 0x0000001031000000, 0x0000001031400000|  0%| F|  |TAMS 0x0000001031000000, 0x0000001031000000| Untracked 
| 196|0x0000001031400000, 0x0000001031400000, 0x0000001031800000|  0%| F|  |TAMS 0x0000001031400000, 0x0000001031400000| Untracked 
| 197|0x0000001031800000, 0x0000001031800000, 0x0000001031c00000|  0%| F|  |TAMS 0x0000001031800000, 0x0000001031800000| Untracked 
| 198|0x0000001031c00000, 0x0000001031c00000, 0x0000001032000000|  0%| F|  |TAMS 0x0000001031c00000, 0x0000001031c00000| Untracked 
| 199|0x0000001032000000, 0x0000001032000000, 0x0000001032400000|  0%| F|  |TAMS 0x0000001032000000, 0x0000001032000000| Untracked 
| 200|0x0000001032400000, 0x0000001032400000, 0x0000001032800000|  0%| F|  |TAMS 0x0000001032400000, 0x0000001032400000| Untracked 
| 201|0x0000001032800000, 0x0000001032800000, 0x0000001032c00000|  0%| F|  |TAMS 0x0000001032800000, 0x0000001032800000| Untracked 
| 202|0x0000001032c00000, 0x0000001032c00000, 0x0000001033000000|  0%| F|  |TAMS 0x0000001032c00000, 0x0000001032c00000| Untracked 
| 203|0x0000001033000000, 0x0000001033000000, 0x0000001033400000|  0%| F|  |TAMS 0x0000001033000000, 0x0000001033000000| Untracked 
| 204|0x0000001033400000, 0x0000001033400000, 0x0000001033800000|  0%| F|  |TAMS 0x0000001033400000, 0x0000001033400000| Untracked 
| 205|0x0000001033800000, 0x0000001033800000, 0x0000001033c00000|  0%| F|  |TAMS 0x0000001033800000, 0x0000001033800000| Untracked 
| 206|0x0000001033c00000, 0x0000001033c00000, 0x0000001034000000|  0%| F|  |TAMS 0x0000001033c00000, 0x0000001033c00000| Untracked 
| 207|0x0000001034000000, 0x0000001034000000, 0x0000001034400000|  0%| F|  |TAMS 0x0000001034000000, 0x0000001034000000| Untracked 
| 208|0x0000001034400000, 0x0000001034400000, 0x0000001034800000|  0%| F|  |TAMS 0x0000001034400000, 0x0000001034400000| Untracked 
| 209|0x0000001034800000, 0x0000001034800000, 0x0000001034c00000|  0%| F|  |TAMS 0x0000001034800000, 0x0000001034800000| Untracked 
| 210|0x0000001034c00000, 0x0000001034c00000, 0x0000001035000000|  0%| F|  |TAMS 0x0000001034c00000, 0x0000001034c00000| Untracked 
| 211|0x0000001035000000, 0x0000001035000000, 0x0000001035400000|  0%| F|  |TAMS 0x0000001035000000, 0x0000001035000000| Untracked 
| 212|0x0000001035400000, 0x0000001035400000, 0x0000001035800000|  0%| F|  |TAMS 0x0000001035400000, 0x0000001035400000| Untracked 
| 213|0x0000001035800000, 0x0000001035800000, 0x0000001035c00000|  0%| F|  |TAMS 0x0000001035800000, 0x0000001035800000| Untracked 
| 214|0x0000001035c00000, 0x0000001035c00000, 0x0000001036000000|  0%| F|  |TAMS 0x0000001035c00000, 0x0000001035c00000| Untracked 
| 215|0x0000001036000000, 0x0000001036000000, 0x0000001036400000|  0%| F|  |TAMS 0x0000001036000000, 0x0000001036000000| Untracked 
| 216|0x0000001036400000, 0x0000001036400000, 0x0000001036800000|  0%| F|  |TAMS 0x0000001036400000, 0x0000001036400000| Untracked 
| 217|0x0000001036800000, 0x0000001036800000, 0x0000001036c00000|  0%| F|  |TAMS 0x0000001036800000, 0x0000001036800000| Untracked 
| 218|0x0000001036c00000, 0x0000001036c00000, 0x0000001037000000|  0%| F|  |TAMS 0x0000001036c00000, 0x0000001036c00000| Untracked 
| 219|0x0000001037000000, 0x0000001037000000, 0x0000001037400000|  0%| F|  |TAMS 0x0000001037000000, 0x0000001037000000| Untracked 
| 220|0x0000001037400000, 0x0000001037400000, 0x0000001037800000|  0%| F|  |TAMS 0x0000001037400000, 0x0000001037400000| Untracked 
| 221|0x0000001037800000, 0x0000001037800000, 0x0000001037c00000|  0%| F|  |TAMS 0x0000001037800000, 0x0000001037800000| Untracked 
| 222|0x0000001037c00000, 0x0000001037c00000, 0x0000001038000000|  0%| F|  |TAMS 0x0000001037c00000, 0x0000001037c00000| Untracked 
| 223|0x0000001038000000, 0x0000001038000000, 0x0000001038400000|  0%| F|  |TAMS 0x0000001038000000, 0x0000001038000000| Untracked 
| 224|0x0000001038400000, 0x0000001038400000, 0x0000001038800000|  0%| F|  |TAMS 0x0000001038400000, 0x0000001038400000| Untracked 
| 225|0x0000001038800000, 0x0000001038800000, 0x0000001038c00000|  0%| F|  |TAMS 0x0000001038800000, 0x0000001038800000| Untracked 
| 226|0x0000001038c00000, 0x0000001038c00000, 0x0000001039000000|  0%| F|  |TAMS 0x0000001038c00000, 0x0000001038c00000| Untracked 
| 227|0x0000001039000000, 0x0000001039000000, 0x0000001039400000|  0%| F|  |TAMS 0x0000001039000000, 0x0000001039000000| Untracked 
| 228|0x0000001039400000, 0x0000001039400000, 0x0000001039800000|  0%| F|  |TAMS 0x0000001039400000, 0x0000001039400000| Untracked 
| 229|0x0000001039800000, 0x0000001039800000, 0x0000001039c00000|  0%| F|  |TAMS 0x0000001039800000, 0x0000001039800000| Untracked 
| 230|0x0000001039c00000, 0x0000001039c00000, 0x000000103a000000|  0%| F|  |TAMS 0x0000001039c00000, 0x0000001039c00000| Untracked 
| 231|0x000000103a000000, 0x000000103a000000, 0x000000103a400000|  0%| F|  |TAMS 0x000000103a000000, 0x000000103a000000| Untracked 
| 232|0x000000103a400000, 0x000000103a400000, 0x000000103a800000|  0%| F|  |TAMS 0x000000103a400000, 0x000000103a400000| Untracked 
| 233|0x000000103a800000, 0x000000103a800000, 0x000000103ac00000|  0%| F|  |TAMS 0x000000103a800000, 0x000000103a800000| Untracked 
| 234|0x000000103ac00000, 0x000000103ac00000, 0x000000103b000000|  0%| F|  |TAMS 0x000000103ac00000, 0x000000103ac00000| Untracked 
| 235|0x000000103b000000, 0x000000103b000000, 0x000000103b400000|  0%| F|  |TAMS 0x000000103b000000, 0x000000103b000000| Untracked 
| 236|0x000000103b400000, 0x000000103b400000, 0x000000103b800000|  0%| F|  |TAMS 0x000000103b400000, 0x000000103b400000| Untracked 
| 237|0x000000103b800000, 0x000000103b800000, 0x000000103bc00000|  0%| F|  |TAMS 0x000000103b800000, 0x000000103b800000| Untracked 
| 238|0x000000103bc00000, 0x000000103bc00000, 0x000000103c000000|  0%| F|  |TAMS 0x000000103bc00000, 0x000000103bc00000| Untracked 
| 239|0x000000103c000000, 0x000000103c000000, 0x000000103c400000|  0%| F|  |TAMS 0x000000103c000000, 0x000000103c000000| Untracked 
| 240|0x000000103c400000, 0x000000103c400000, 0x000000103c800000|  0%| F|  |TAMS 0x000000103c400000, 0x000000103c400000| Untracked 
| 241|0x000000103c800000, 0x000000103c800000, 0x000000103cc00000|  0%| F|  |TAMS 0x000000103c800000, 0x000000103c800000| Untracked 
| 242|0x000000103cc00000, 0x000000103cc00000, 0x000000103d000000|  0%| F|  |TAMS 0x000000103cc00000, 0x000000103cc00000| Untracked 
| 243|0x000000103d000000, 0x000000103d000000, 0x000000103d400000|  0%| F|  |TAMS 0x000000103d000000, 0x000000103d000000| Untracked 
| 244|0x000000103d400000, 0x000000103d400000, 0x000000103d800000|  0%| F|  |TAMS 0x000000103d400000, 0x000000103d400000| Untracked 
| 245|0x000000103d800000, 0x000000103d800000, 0x000000103dc00000|  0%| F|  |TAMS 0x000000103d800000, 0x000000103d800000| Untracked 
| 246|0x000000103dc00000, 0x000000103dc00000, 0x000000103e000000|  0%| F|  |TAMS 0x000000103dc00000, 0x000000103dc00000| Untracked 
| 247|0x000000103e000000, 0x000000103e000000, 0x000000103e400000|  0%| F|  |TAMS 0x000000103e000000, 0x000000103e000000| Untracked 
| 248|0x000000103e400000, 0x000000103e400000, 0x000000103e800000|  0%| F|  |TAMS 0x000000103e400000, 0x000000103e400000| Untracked 
| 249|0x000000103e800000, 0x000000103e800000, 0x000000103ec00000|  0%| F|  |TAMS 0x000000103e800000, 0x000000103e800000| Untracked 
| 250|0x000000103ec00000, 0x000000103ec00000, 0x000000103f000000|  0%| F|  |TAMS 0x000000103ec00000, 0x000000103ec00000| Untracked 
| 251|0x000000103f000000, 0x000000103f000000, 0x000000103f400000|  0%| F|  |TAMS 0x000000103f000000, 0x000000103f000000| Untracked 
| 252|0x000000103f400000, 0x000000103f400000, 0x000000103f800000|  0%| F|  |TAMS 0x000000103f400000, 0x000000103f400000| Untracked 
| 253|0x000000103f800000, 0x000000103f800000, 0x000000103fc00000|  0%| F|  |TAMS 0x000000103f800000, 0x000000103f800000| Untracked 
| 254|0x000000103fc00000, 0x000000103fc00000, 0x0000001040000000|  0%| F|  |TAMS 0x000000103fc00000, 0x000000103fc00000| Untracked 
| 255|0x0000001040000000, 0x0000001040000000, 0x0000001040400000|  0%| F|  |TAMS 0x0000001040000000, 0x0000001040000000| Untracked 
| 256|0x0000001040400000, 0x0000001040400000, 0x0000001040800000|  0%| F|  |TAMS 0x0000001040400000, 0x0000001040400000| Untracked 
| 257|0x0000001040800000, 0x0000001040800000, 0x0000001040c00000|  0%| F|  |TAMS 0x0000001040800000, 0x0000001040800000| Untracked 
| 258|0x0000001040c00000, 0x0000001040c00000, 0x0000001041000000|  0%| F|  |TAMS 0x0000001040c00000, 0x0000001040c00000| Untracked 
| 259|0x0000001041000000, 0x0000001041000000, 0x0000001041400000|  0%| F|  |TAMS 0x0000001041000000, 0x0000001041000000| Untracked 
| 260|0x0000001041400000, 0x0000001041400000, 0x0000001041800000|  0%| F|  |TAMS 0x0000001041400000, 0x0000001041400000| Untracked 
| 261|0x0000001041800000, 0x0000001041800000, 0x0000001041c00000|  0%| F|  |TAMS 0x0000001041800000, 0x0000001041800000| Untracked 
| 262|0x0000001041c00000, 0x0000001041c00000, 0x0000001042000000|  0%| F|  |TAMS 0x0000001041c00000, 0x0000001041c00000| Untracked 
| 263|0x0000001042000000, 0x0000001042000000, 0x0000001042400000|  0%| F|  |TAMS 0x0000001042000000, 0x0000001042000000| Untracked 
| 264|0x0000001042400000, 0x0000001042400000, 0x0000001042800000|  0%| F|  |TAMS 0x0000001042400000, 0x0000001042400000| Untracked 
| 265|0x0000001042800000, 0x0000001042800000, 0x0000001042c00000|  0%| F|  |TAMS 0x0000001042800000, 0x0000001042800000| Untracked 
| 266|0x0000001042c00000, 0x0000001042c00000, 0x0000001043000000|  0%| F|  |TAMS 0x0000001042c00000, 0x0000001042c00000| Untracked 
| 267|0x0000001043000000, 0x0000001043000000, 0x0000001043400000|  0%| F|  |TAMS 0x0000001043000000, 0x0000001043000000| Untracked 
| 268|0x0000001043400000, 0x0000001043400000, 0x0000001043800000|  0%| F|  |TAMS 0x0000001043400000, 0x0000001043400000| Untracked 
| 269|0x0000001043800000, 0x0000001043800000, 0x0000001043c00000|  0%| F|  |TAMS 0x0000001043800000, 0x0000001043800000| Untracked 
| 270|0x0000001043c00000, 0x0000001043c00000, 0x0000001044000000|  0%| F|  |TAMS 0x0000001043c00000, 0x0000001043c00000| Untracked 
| 271|0x0000001044000000, 0x0000001044000000, 0x0000001044400000|  0%| F|  |TAMS 0x0000001044000000, 0x0000001044000000| Untracked 
| 272|0x0000001044400000, 0x0000001044400000, 0x0000001044800000|  0%| F|  |TAMS 0x0000001044400000, 0x0000001044400000| Untracked 
| 273|0x0000001044800000, 0x0000001044800000, 0x0000001044c00000|  0%| F|  |TAMS 0x0000001044800000, 0x0000001044800000| Untracked 
| 274|0x0000001044c00000, 0x0000001044c00000, 0x0000001045000000|  0%| F|  |TAMS 0x0000001044c00000, 0x0000001044c00000| Untracked 
| 275|0x0000001045000000, 0x0000001045000000, 0x0000001045400000|  0%| F|  |TAMS 0x0000001045000000, 0x0000001045000000| Untracked 
| 276|0x0000001045400000, 0x0000001045400000, 0x0000001045800000|  0%| F|  |TAMS 0x0000001045400000, 0x0000001045400000| Untracked 
| 277|0x0000001045800000, 0x0000001045800000, 0x0000001045c00000|  0%| F|  |TAMS 0x0000001045800000, 0x0000001045800000| Untracked 
| 278|0x0000001045c00000, 0x0000001045c00000, 0x0000001046000000|  0%| F|  |TAMS 0x0000001045c00000, 0x0000001045c00000| Untracked 
| 279|0x0000001046000000, 0x0000001046000000, 0x0000001046400000|  0%| F|  |TAMS 0x0000001046000000, 0x0000001046000000| Untracked 
| 280|0x0000001046400000, 0x0000001046400000, 0x0000001046800000|  0%| F|  |TAMS 0x0000001046400000, 0x0000001046400000| Untracked 
| 281|0x0000001046800000, 0x0000001046800000, 0x0000001046c00000|  0%| F|  |TAMS 0x0000001046800000, 0x0000001046800000| Untracked 
| 282|0x0000001046c00000, 0x0000001046c00000, 0x0000001047000000|  0%| F|  |TAMS 0x0000001046c00000, 0x0000001046c00000| Untracked 
| 283|0x0000001047000000, 0x0000001047000000, 0x0000001047400000|  0%| F|  |TAMS 0x0000001047000000, 0x0000001047000000| Untracked 
| 284|0x0000001047400000, 0x0000001047400000, 0x0000001047800000|  0%| F|  |TAMS 0x0000001047400000, 0x0000001047400000| Untracked 
| 285|0x0000001047800000, 0x0000001047800000, 0x0000001047c00000|  0%| F|  |TAMS 0x0000001047800000, 0x0000001047800000| Untracked 
| 286|0x0000001047c00000, 0x0000001047c00000, 0x0000001048000000|  0%| F|  |TAMS 0x0000001047c00000, 0x0000001047c00000| Untracked 
| 287|0x0000001048000000, 0x0000001048000000, 0x0000001048400000|  0%| F|  |TAMS 0x0000001048000000, 0x0000001048000000| Untracked 
| 288|0x0000001048400000, 0x0000001048400000, 0x0000001048800000|  0%| F|  |TAMS 0x0000001048400000, 0x0000001048400000| Untracked 
| 289|0x0000001048800000, 0x0000001048800000, 0x0000001048c00000|  0%| F|  |TAMS 0x0000001048800000, 0x0000001048800000| Untracked 
| 290|0x0000001048c00000, 0x0000001048c00000, 0x0000001049000000|  0%| F|  |TAMS 0x0000001048c00000, 0x0000001048c00000| Untracked 
| 291|0x0000001049000000, 0x0000001049000000, 0x0000001049400000|  0%| F|  |TAMS 0x0000001049000000, 0x0000001049000000| Untracked 
| 292|0x0000001049400000, 0x0000001049400000, 0x0000001049800000|  0%| F|  |TAMS 0x0000001049400000, 0x0000001049400000| Untracked 
| 293|0x0000001049800000, 0x0000001049800000, 0x0000001049c00000|  0%| F|  |TAMS 0x0000001049800000, 0x0000001049800000| Untracked 
| 294|0x0000001049c00000, 0x0000001049c00000, 0x000000104a000000|  0%| F|  |TAMS 0x0000001049c00000, 0x0000001049c00000| Untracked 
| 295|0x000000104a000000, 0x000000104a000000, 0x000000104a400000|  0%| F|  |TAMS 0x000000104a000000, 0x000000104a000000| Untracked 
| 296|0x000000104a400000, 0x000000104a400000, 0x000000104a800000|  0%| F|  |TAMS 0x000000104a400000, 0x000000104a400000| Untracked 
| 297|0x000000104a800000, 0x000000104a800000, 0x000000104ac00000|  0%| F|  |TAMS 0x000000104a800000, 0x000000104a800000| Untracked 
| 298|0x000000104ac00000, 0x000000104ac00000, 0x000000104b000000|  0%| F|  |TAMS 0x000000104ac00000, 0x000000104ac00000| Untracked 
| 299|0x000000104b000000, 0x000000104b000000, 0x000000104b400000|  0%| F|  |TAMS 0x000000104b000000, 0x000000104b000000| Untracked 
| 300|0x000000104b400000, 0x000000104b400000, 0x000000104b800000|  0%| F|  |TAMS 0x000000104b400000, 0x000000104b400000| Untracked 
| 301|0x000000104b800000, 0x000000104b800000, 0x000000104bc00000|  0%| F|  |TAMS 0x000000104b800000, 0x000000104b800000| Untracked 
| 302|0x000000104bc00000, 0x000000104bc00000, 0x000000104c000000|  0%| F|  |TAMS 0x000000104bc00000, 0x000000104bc00000| Untracked 
| 303|0x000000104c000000, 0x000000104c000000, 0x000000104c400000|  0%| F|  |TAMS 0x000000104c000000, 0x000000104c000000| Untracked 
| 304|0x000000104c400000, 0x000000104c400000, 0x000000104c800000|  0%| F|  |TAMS 0x000000104c400000, 0x000000104c400000| Untracked 
| 305|0x000000104c800000, 0x000000104c800000, 0x000000104cc00000|  0%| F|  |TAMS 0x000000104c800000, 0x000000104c800000| Untracked 
| 306|0x000000104cc00000, 0x000000104cc00000, 0x000000104d000000|  0%| F|  |TAMS 0x000000104cc00000, 0x000000104cc00000| Untracked 
| 307|0x000000104d000000, 0x000000104d000000, 0x000000104d400000|  0%| F|  |TAMS 0x000000104d000000, 0x000000104d000000| Untracked 
| 308|0x000000104d400000, 0x000000104d400000, 0x000000104d800000|  0%| F|  |TAMS 0x000000104d400000, 0x000000104d400000| Untracked 
| 309|0x000000104d800000, 0x000000104d800000, 0x000000104dc00000|  0%| F|  |TAMS 0x000000104d800000, 0x000000104d800000| Untracked 
| 310|0x000000104dc00000, 0x000000104dc00000, 0x000000104e000000|  0%| F|  |TAMS 0x000000104dc00000, 0x000000104dc00000| Untracked 
| 311|0x000000104e000000, 0x000000104e000000, 0x000000104e400000|  0%| F|  |TAMS 0x000000104e000000, 0x000000104e000000| Untracked 
| 312|0x000000104e400000, 0x000000104e400000, 0x000000104e800000|  0%| F|  |TAMS 0x000000104e400000, 0x000000104e400000| Untracked 
| 313|0x000000104e800000, 0x000000104e800000, 0x000000104ec00000|  0%| F|  |TAMS 0x000000104e800000, 0x000000104e800000| Untracked 
| 314|0x000000104ec00000, 0x000000104ec00000, 0x000000104f000000|  0%| F|  |TAMS 0x000000104ec00000, 0x000000104ec00000| Untracked 
| 315|0x000000104f000000, 0x000000104f000000, 0x000000104f400000|  0%| F|  |TAMS 0x000000104f000000, 0x000000104f000000| Untracked 
| 316|0x000000104f400000, 0x000000104f400000, 0x000000104f800000|  0%| F|  |TAMS 0x000000104f400000, 0x000000104f400000| Untracked 
| 317|0x000000104f800000, 0x000000104f800000, 0x000000104fc00000|  0%| F|  |TAMS 0x000000104f800000, 0x000000104f800000| Untracked 
| 318|0x000000104fc00000, 0x000000104fc00000, 0x0000001050000000|  0%| F|  |TAMS 0x000000104fc00000, 0x000000104fc00000| Untracked 
| 319|0x0000001050000000, 0x0000001050000000, 0x0000001050400000|  0%| F|  |TAMS 0x0000001050000000, 0x0000001050000000| Untracked 
| 320|0x0000001050400000, 0x0000001050400000, 0x0000001050800000|  0%| F|  |TAMS 0x0000001050400000, 0x0000001050400000| Untracked 
| 321|0x0000001050800000, 0x0000001050800000, 0x0000001050c00000|  0%| F|  |TAMS 0x0000001050800000, 0x0000001050800000| Untracked 
| 322|0x0000001050c00000, 0x0000001050c00000, 0x0000001051000000|  0%| F|  |TAMS 0x0000001050c00000, 0x0000001050c00000| Untracked 
| 323|0x0000001051000000, 0x0000001051000000, 0x0000001051400000|  0%| F|  |TAMS 0x0000001051000000, 0x0000001051000000| Untracked 
| 324|0x0000001051400000, 0x0000001051400000, 0x0000001051800000|  0%| F|  |TAMS 0x0000001051400000, 0x0000001051400000| Untracked 
| 325|0x0000001051800000, 0x0000001051800000, 0x0000001051c00000|  0%| F|  |TAMS 0x0000001051800000, 0x0000001051800000| Untracked 
| 326|0x0000001051c00000, 0x0000001051c00000, 0x0000001052000000|  0%| F|  |TAMS 0x0000001051c00000, 0x0000001051c00000| Untracked 
| 327|0x0000001052000000, 0x0000001052000000, 0x0000001052400000|  0%| F|  |TAMS 0x0000001052000000, 0x0000001052000000| Untracked 
| 328|0x0000001052400000, 0x0000001052400000, 0x0000001052800000|  0%| F|  |TAMS 0x0000001052400000, 0x0000001052400000| Untracked 
| 329|0x0000001052800000, 0x0000001052800000, 0x0000001052c00000|  0%| F|  |TAMS 0x0000001052800000, 0x0000001052800000| Untracked 
| 330|0x0000001052c00000, 0x0000001052c00000, 0x0000001053000000|  0%| F|  |TAMS 0x0000001052c00000, 0x0000001052c00000| Untracked 
| 331|0x0000001053000000, 0x0000001053000000, 0x0000001053400000|  0%| F|  |TAMS 0x0000001053000000, 0x0000001053000000| Untracked 
| 332|0x0000001053400000, 0x0000001053400000, 0x0000001053800000|  0%| F|  |TAMS 0x0000001053400000, 0x0000001053400000| Untracked 
| 333|0x0000001053800000, 0x0000001053800000, 0x0000001053c00000|  0%| F|  |TAMS 0x0000001053800000, 0x0000001053800000| Untracked 
| 334|0x0000001053c00000, 0x0000001053c00000, 0x0000001054000000|  0%| F|  |TAMS 0x0000001053c00000, 0x0000001053c00000| Untracked 
| 335|0x0000001054000000, 0x0000001054000000, 0x0000001054400000|  0%| F|  |TAMS 0x0000001054000000, 0x0000001054000000| Untracked 
| 336|0x0000001054400000, 0x0000001054400000, 0x0000001054800000|  0%| F|  |TAMS 0x0000001054400000, 0x0000001054400000| Untracked 
| 337|0x0000001054800000, 0x0000001054800000, 0x0000001054c00000|  0%| F|  |TAMS 0x0000001054800000, 0x0000001054800000| Untracked 
| 338|0x0000001054c00000, 0x0000001054c00000, 0x0000001055000000|  0%| F|  |TAMS 0x0000001054c00000, 0x0000001054c00000| Untracked 
| 339|0x0000001055000000, 0x0000001055000000, 0x0000001055400000|  0%| F|  |TAMS 0x0000001055000000, 0x0000001055000000| Untracked 
| 340|0x0000001055400000, 0x0000001055400000, 0x0000001055800000|  0%| F|  |TAMS 0x0000001055400000, 0x0000001055400000| Untracked 
| 341|0x0000001055800000, 0x0000001055800000, 0x0000001055c00000|  0%| F|  |TAMS 0x0000001055800000, 0x0000001055800000| Untracked 
| 342|0x0000001055c00000, 0x0000001055c00000, 0x0000001056000000|  0%| F|  |TAMS 0x0000001055c00000, 0x0000001055c00000| Untracked 
| 343|0x0000001056000000, 0x0000001056000000, 0x0000001056400000|  0%| F|  |TAMS 0x0000001056000000, 0x0000001056000000| Untracked 
| 344|0x0000001056400000, 0x0000001056400000, 0x0000001056800000|  0%| F|  |TAMS 0x0000001056400000, 0x0000001056400000| Untracked 
| 345|0x0000001056800000, 0x0000001056800000, 0x0000001056c00000|  0%| F|  |TAMS 0x0000001056800000, 0x0000001056800000| Untracked 
| 346|0x0000001056c00000, 0x0000001056c00000, 0x0000001057000000|  0%| F|  |TAMS 0x0000001056c00000, 0x0000001056c00000| Untracked 
| 347|0x0000001057000000, 0x0000001057000000, 0x0000001057400000|  0%| F|  |TAMS 0x0000001057000000, 0x0000001057000000| Untracked 
| 348|0x0000001057400000, 0x0000001057400000, 0x0000001057800000|  0%| F|  |TAMS 0x0000001057400000, 0x0000001057400000| Untracked 
| 349|0x0000001057800000, 0x0000001057800000, 0x0000001057c00000|  0%| F|  |TAMS 0x0000001057800000, 0x0000001057800000| Untracked 
| 350|0x0000001057c00000, 0x0000001057c00000, 0x0000001058000000|  0%| F|  |TAMS 0x0000001057c00000, 0x0000001057c00000| Untracked 
| 351|0x0000001058000000, 0x0000001058000000, 0x0000001058400000|  0%| F|  |TAMS 0x0000001058000000, 0x0000001058000000| Untracked 
| 352|0x0000001058400000, 0x0000001058400000, 0x0000001058800000|  0%| F|  |TAMS 0x0000001058400000, 0x0000001058400000| Untracked 
| 353|0x0000001058800000, 0x0000001058800000, 0x0000001058c00000|  0%| F|  |TAMS 0x0000001058800000, 0x0000001058800000| Untracked 
| 354|0x0000001058c00000, 0x0000001058c00000, 0x0000001059000000|  0%| F|  |TAMS 0x0000001058c00000, 0x0000001058c00000| Untracked 
| 355|0x0000001059000000, 0x0000001059000000, 0x0000001059400000|  0%| F|  |TAMS 0x0000001059000000, 0x0000001059000000| Untracked 
| 356|0x0000001059400000, 0x0000001059400000, 0x0000001059800000|  0%| F|  |TAMS 0x0000001059400000, 0x0000001059400000| Untracked 
| 357|0x0000001059800000, 0x0000001059800000, 0x0000001059c00000|  0%| F|  |TAMS 0x0000001059800000, 0x0000001059800000| Untracked 
| 358|0x0000001059c00000, 0x0000001059c00000, 0x000000105a000000|  0%| F|  |TAMS 0x0000001059c00000, 0x0000001059c00000| Untracked 
| 359|0x000000105a000000, 0x000000105a000000, 0x000000105a400000|  0%| F|  |TAMS 0x000000105a000000, 0x000000105a000000| Untracked 
| 360|0x000000105a400000, 0x000000105a400000, 0x000000105a800000|  0%| F|  |TAMS 0x000000105a400000, 0x000000105a400000| Untracked 
| 361|0x000000105a800000, 0x000000105a800000, 0x000000105ac00000|  0%| F|  |TAMS 0x000000105a800000, 0x000000105a800000| Untracked 
| 362|0x000000105ac00000, 0x000000105ac00000, 0x000000105b000000|  0%| F|  |TAMS 0x000000105ac00000, 0x000000105ac00000| Untracked 
| 363|0x000000105b000000, 0x000000105b000000, 0x000000105b400000|  0%| F|  |TAMS 0x000000105b000000, 0x000000105b000000| Untracked 
| 364|0x000000105b400000, 0x000000105b400000, 0x000000105b800000|  0%| F|  |TAMS 0x000000105b400000, 0x000000105b400000| Untracked 
| 365|0x000000105b800000, 0x000000105b800000, 0x000000105bc00000|  0%| F|  |TAMS 0x000000105b800000, 0x000000105b800000| Untracked 
| 366|0x000000105bc00000, 0x000000105bc00000, 0x000000105c000000|  0%| F|  |TAMS 0x000000105bc00000, 0x000000105bc00000| Untracked 
| 367|0x000000105c000000, 0x000000105c000000, 0x000000105c400000|  0%| F|  |TAMS 0x000000105c000000, 0x000000105c000000| Untracked 
| 368|0x000000105c400000, 0x000000105c400000, 0x000000105c800000|  0%| F|  |TAMS 0x000000105c400000, 0x000000105c400000| Untracked 
| 369|0x000000105c800000, 0x000000105c800000, 0x000000105cc00000|  0%| F|  |TAMS 0x000000105c800000, 0x000000105c800000| Untracked 
| 370|0x000000105cc00000, 0x000000105cc00000, 0x000000105d000000|  0%| F|  |TAMS 0x000000105cc00000, 0x000000105cc00000| Untracked 
| 371|0x000000105d000000, 0x000000105d000000, 0x000000105d400000|  0%| F|  |TAMS 0x000000105d000000, 0x000000105d000000| Untracked 
| 372|0x000000105d400000, 0x000000105d400000, 0x000000105d800000|  0%| F|  |TAMS 0x000000105d400000, 0x000000105d400000| Untracked 
| 373|0x000000105d800000, 0x000000105d800000, 0x000000105dc00000|  0%| F|  |TAMS 0x000000105d800000, 0x000000105d800000| Untracked 
| 374|0x000000105dc00000, 0x000000105dc00000, 0x000000105e000000|  0%| F|  |TAMS 0x000000105dc00000, 0x000000105dc00000| Untracked 
| 375|0x000000105e000000, 0x000000105e000000, 0x000000105e400000|  0%| F|  |TAMS 0x000000105e000000, 0x000000105e000000| Untracked 
| 376|0x000000105e400000, 0x000000105e400000, 0x000000105e800000|  0%| F|  |TAMS 0x000000105e400000, 0x000000105e400000| Untracked 
| 377|0x000000105e800000, 0x000000105e800000, 0x000000105ec00000|  0%| F|  |TAMS 0x000000105e800000, 0x000000105e800000| Untracked 
| 378|0x000000105ec00000, 0x000000105ec00000, 0x000000105f000000|  0%| F|  |TAMS 0x000000105ec00000, 0x000000105ec00000| Untracked 
| 379|0x000000105f000000, 0x000000105f000000, 0x000000105f400000|  0%| F|  |TAMS 0x000000105f000000, 0x000000105f000000| Untracked 
| 380|0x000000105f400000, 0x000000105f400000, 0x000000105f800000|  0%| F|  |TAMS 0x000000105f400000, 0x000000105f400000| Untracked 
| 381|0x000000105f800000, 0x000000105f800000, 0x000000105fc00000|  0%| F|  |TAMS 0x000000105f800000, 0x000000105f800000| Untracked 
| 382|0x000000105fc00000, 0x000000105fc00000, 0x0000001060000000|  0%| F|  |TAMS 0x000000105fc00000, 0x000000105fc00000| Untracked 
| 383|0x0000001060000000, 0x0000001060000000, 0x0000001060400000|  0%| F|  |TAMS 0x0000001060000000, 0x0000001060000000| Untracked 
| 384|0x0000001060400000, 0x0000001060400000, 0x0000001060800000|  0%| F|  |TAMS 0x0000001060400000, 0x0000001060400000| Untracked 
| 385|0x0000001060800000, 0x0000001060800000, 0x0000001060c00000|  0%| F|  |TAMS 0x0000001060800000, 0x0000001060800000| Untracked 
| 386|0x0000001060c00000, 0x0000001060c00000, 0x0000001061000000|  0%| F|  |TAMS 0x0000001060c00000, 0x0000001060c00000| Untracked 
| 387|0x0000001061000000, 0x0000001061000000, 0x0000001061400000|  0%| F|  |TAMS 0x0000001061000000, 0x0000001061000000| Untracked 
| 388|0x0000001061400000, 0x0000001061400000, 0x0000001061800000|  0%| F|  |TAMS 0x0000001061400000, 0x0000001061400000| Untracked 
| 389|0x0000001061800000, 0x0000001061800000, 0x0000001061c00000|  0%| F|  |TAMS 0x0000001061800000, 0x0000001061800000| Untracked 
| 390|0x0000001061c00000, 0x0000001061c00000, 0x0000001062000000|  0%| F|  |TAMS 0x0000001061c00000, 0x0000001061c00000| Untracked 
| 391|0x0000001062000000, 0x0000001062000000, 0x0000001062400000|  0%| F|  |TAMS 0x0000001062000000, 0x0000001062000000| Untracked 
| 392|0x0000001062400000, 0x0000001062600800, 0x0000001062800000| 50%| E|  |TAMS 0x0000001062400000, 0x0000001062400000| Complete 
| 393|0x0000001062800000, 0x0000001062c00000, 0x0000001062c00000|100%| E|CS|TAMS 0x0000001062800000, 0x0000001062800000| Complete 
| 394|0x0000001062c00000, 0x0000001063000000, 0x0000001063000000|100%| E|CS|TAMS 0x0000001062c00000, 0x0000001062c00000| Complete 
| 395|0x0000001063000000, 0x0000001063400000, 0x0000001063400000|100%| E|CS|TAMS 0x0000001063000000, 0x0000001063000000| Complete 
| 396|0x0000001063400000, 0x0000001063800000, 0x0000001063800000|100%| E|CS|TAMS 0x0000001063400000, 0x0000001063400000| Complete 
| 397|0x0000001063800000, 0x0000001063c00000, 0x0000001063c00000|100%| E|CS|TAMS 0x0000001063800000, 0x0000001063800000| Complete 
| 398|0x0000001063c00000, 0x0000001064000000, 0x0000001064000000|100%| E|CS|TAMS 0x0000001063c00000, 0x0000001063c00000| Complete 
| 399|0x0000001064000000, 0x0000001064400000, 0x0000001064400000|100%| E|CS|TAMS 0x0000001064000000, 0x0000001064000000| Complete 
| 400|0x0000001064400000, 0x0000001064800000, 0x0000001064800000|100%| E|CS|TAMS 0x0000001064400000, 0x0000001064400000| Complete 
| 401|0x0000001064800000, 0x0000001064c00000, 0x0000001064c00000|100%| E|CS|TAMS 0x0000001064800000, 0x0000001064800000| Complete 
| 402|0x0000001064c00000, 0x0000001065000000, 0x0000001065000000|100%| E|CS|TAMS 0x0000001064c00000, 0x0000001064c00000| Complete 
| 403|0x0000001065000000, 0x0000001065400000, 0x0000001065400000|100%| E|CS|TAMS 0x0000001065000000, 0x0000001065000000| Complete 
| 404|0x0000001065400000, 0x0000001065800000, 0x0000001065800000|100%| E|CS|TAMS 0x0000001065400000, 0x0000001065400000| Complete 
| 405|0x0000001065800000, 0x0000001065c00000, 0x0000001065c00000|100%| E|CS|TAMS 0x0000001065800000, 0x0000001065800000| Complete 
| 406|0x0000001065c00000, 0x0000001066000000, 0x0000001066000000|100%| E|CS|TAMS 0x0000001065c00000, 0x0000001065c00000| Complete 
| 407|0x0000001066000000, 0x0000001066400000, 0x0000001066400000|100%| E|CS|TAMS 0x0000001066000000, 0x0000001066000000| Complete 
| 408|0x0000001066400000, 0x0000001066800000, 0x0000001066800000|100%| E|CS|TAMS 0x0000001066400000, 0x0000001066400000| Complete 
| 409|0x0000001066800000, 0x0000001066c00000, 0x0000001066c00000|100%| E|CS|TAMS 0x0000001066800000, 0x0000001066800000| Complete 
| 410|0x0000001066c00000, 0x0000001067000000, 0x0000001067000000|100%| E|CS|TAMS 0x0000001066c00000, 0x0000001066c00000| Complete 
| 411|0x0000001067000000, 0x0000001067400000, 0x0000001067400000|100%| E|CS|TAMS 0x0000001067000000, 0x0000001067000000| Complete 
| 412|0x0000001067400000, 0x0000001067800000, 0x0000001067800000|100%| E|CS|TAMS 0x0000001067400000, 0x0000001067400000| Complete 
| 413|0x0000001067800000, 0x0000001067c00000, 0x0000001067c00000|100%| E|CS|TAMS 0x0000001067800000, 0x0000001067800000| Complete 
| 414|0x0000001067c00000, 0x0000001068000000, 0x0000001068000000|100%| E|CS|TAMS 0x0000001067c00000, 0x0000001067c00000| Complete 
| 415|0x0000001068000000, 0x0000001068400000, 0x0000001068400000|100%| E|CS|TAMS 0x0000001068000000, 0x0000001068000000| Complete 
| 416|0x0000001068400000, 0x0000001068800000, 0x0000001068800000|100%| E|CS|TAMS 0x0000001068400000, 0x0000001068400000| Complete 
| 417|0x0000001068800000, 0x0000001068c00000, 0x0000001068c00000|100%| E|CS|TAMS 0x0000001068800000, 0x0000001068800000| Complete 
| 418|0x0000001068c00000, 0x0000001069000000, 0x0000001069000000|100%| E|CS|TAMS 0x0000001068c00000, 0x0000001068c00000| Complete 
| 419|0x0000001069000000, 0x0000001069400000, 0x0000001069400000|100%| E|CS|TAMS 0x0000001069000000, 0x0000001069000000| Complete 
| 420|0x0000001069400000, 0x0000001069800000, 0x0000001069800000|100%| E|CS|TAMS 0x0000001069400000, 0x0000001069400000| Complete 
| 421|0x0000001069800000, 0x0000001069c00000, 0x0000001069c00000|100%| E|CS|TAMS 0x0000001069800000, 0x0000001069800000| Complete 
| 422|0x0000001069c00000, 0x000000106a000000, 0x000000106a000000|100%| E|CS|TAMS 0x0000001069c00000, 0x0000001069c00000| Complete 
| 423|0x000000106a000000, 0x000000106a400000, 0x000000106a400000|100%| E|CS|TAMS 0x000000106a000000, 0x000000106a000000| Complete 
| 424|0x000000106a400000, 0x000000106a800000, 0x000000106a800000|100%| E|CS|TAMS 0x000000106a400000, 0x000000106a400000| Complete 
| 425|0x000000106a800000, 0x000000106ac00000, 0x000000106ac00000|100%| E|CS|TAMS 0x000000106a800000, 0x000000106a800000| Complete 
| 426|0x000000106ac00000, 0x000000106b000000, 0x000000106b000000|100%| E|CS|TAMS 0x000000106ac00000, 0x000000106ac00000| Complete 
| 427|0x000000106b000000, 0x000000106b400000, 0x000000106b400000|100%| E|CS|TAMS 0x000000106b000000, 0x000000106b000000| Complete 
| 428|0x000000106b400000, 0x000000106b800000, 0x000000106b800000|100%| E|CS|TAMS 0x000000106b400000, 0x000000106b400000| Complete 
| 429|0x000000106b800000, 0x000000106bc00000, 0x000000106bc00000|100%| E|CS|TAMS 0x000000106b800000, 0x000000106b800000| Complete 
| 430|0x000000106bc00000, 0x000000106c000000, 0x000000106c000000|100%| E|CS|TAMS 0x000000106bc00000, 0x000000106bc00000| Complete 
| 431|0x000000106c000000, 0x000000106c400000, 0x000000106c400000|100%| E|CS|TAMS 0x000000106c000000, 0x000000106c000000| Complete 
| 432|0x000000106c400000, 0x000000106c800000, 0x000000106c800000|100%| E|CS|TAMS 0x000000106c400000, 0x000000106c400000| Complete 
| 433|0x000000106c800000, 0x000000106cc00000, 0x000000106cc00000|100%| E|CS|TAMS 0x000000106c800000, 0x000000106c800000| Complete 
| 434|0x000000106cc00000, 0x000000106d000000, 0x000000106d000000|100%| E|CS|TAMS 0x000000106cc00000, 0x000000106cc00000| Complete 
| 435|0x000000106d000000, 0x000000106d400000, 0x000000106d400000|100%| E|CS|TAMS 0x000000106d000000, 0x000000106d000000| Complete 
| 436|0x000000106d400000, 0x000000106d800000, 0x000000106d800000|100%| E|CS|TAMS 0x000000106d400000, 0x000000106d400000| Complete 
| 437|0x000000106d800000, 0x000000106dc00000, 0x000000106dc00000|100%| E|CS|TAMS 0x000000106d800000, 0x000000106d800000| Complete 
| 438|0x000000106dc00000, 0x000000106e000000, 0x000000106e000000|100%| E|CS|TAMS 0x000000106dc00000, 0x000000106dc00000| Complete 
| 439|0x000000106e000000, 0x000000106e400000, 0x000000106e400000|100%| E|CS|TAMS 0x000000106e000000, 0x000000106e000000| Complete 
| 440|0x000000106e400000, 0x000000106e800000, 0x000000106e800000|100%| E|CS|TAMS 0x000000106e400000, 0x000000106e400000| Complete 
| 441|0x000000106e800000, 0x000000106ec00000, 0x000000106ec00000|100%| E|CS|TAMS 0x000000106e800000, 0x000000106e800000| Complete 
| 442|0x000000106ec00000, 0x000000106f000000, 0x000000106f000000|100%| E|CS|TAMS 0x000000106ec00000, 0x000000106ec00000| Complete 
| 443|0x000000106f000000, 0x000000106f400000, 0x000000106f400000|100%| E|CS|TAMS 0x000000106f000000, 0x000000106f000000| Complete 
| 444|0x000000106f400000, 0x000000106f800000, 0x000000106f800000|100%| E|CS|TAMS 0x000000106f400000, 0x000000106f400000| Complete 
| 445|0x000000106f800000, 0x000000106fc00000, 0x000000106fc00000|100%| E|CS|TAMS 0x000000106f800000, 0x000000106f800000| Complete 
| 446|0x000000106fc00000, 0x0000001070000000, 0x0000001070000000|100%| E|CS|TAMS 0x000000106fc00000, 0x000000106fc00000| Complete 
| 447|0x0000001070000000, 0x0000001070400000, 0x0000001070400000|100%| E|CS|TAMS 0x0000001070000000, 0x0000001070000000| Complete 
| 448|0x0000001070400000, 0x0000001070800000, 0x0000001070800000|100%| E|CS|TAMS 0x0000001070400000, 0x0000001070400000| Complete 
| 449|0x0000001070800000, 0x0000001070c00000, 0x0000001070c00000|100%| E|CS|TAMS 0x0000001070800000, 0x0000001070800000| Complete 
| 450|0x0000001070c00000, 0x0000001071000000, 0x0000001071000000|100%| E|CS|TAMS 0x0000001070c00000, 0x0000001070c00000| Complete 
| 451|0x0000001071000000, 0x0000001071400000, 0x0000001071400000|100%| E|CS|TAMS 0x0000001071000000, 0x0000001071000000| Complete 
| 452|0x0000001071400000, 0x0000001071800000, 0x0000001071800000|100%| E|CS|TAMS 0x0000001071400000, 0x0000001071400000| Complete 
| 453|0x0000001071800000, 0x0000001071c00000, 0x0000001071c00000|100%| E|CS|TAMS 0x0000001071800000, 0x0000001071800000| Complete 
| 454|0x0000001071c00000, 0x0000001072000000, 0x0000001072000000|100%| E|CS|TAMS 0x0000001071c00000, 0x0000001071c00000| Complete 
| 455|0x0000001072000000, 0x0000001072400000, 0x0000001072400000|100%| E|CS|TAMS 0x0000001072000000, 0x0000001072000000| Complete 
| 456|0x0000001072400000, 0x0000001072800000, 0x0000001072800000|100%| E|CS|TAMS 0x0000001072400000, 0x0000001072400000| Complete 
| 457|0x0000001072800000, 0x0000001072c00000, 0x0000001072c00000|100%| E|CS|TAMS 0x0000001072800000, 0x0000001072800000| Complete 
| 458|0x0000001072c00000, 0x0000001073000000, 0x0000001073000000|100%| E|CS|TAMS 0x0000001072c00000, 0x0000001072c00000| Complete 
| 459|0x0000001073000000, 0x0000001073400000, 0x0000001073400000|100%| E|CS|TAMS 0x0000001073000000, 0x0000001073000000| Complete 
| 460|0x0000001073400000, 0x0000001073800000, 0x0000001073800000|100%| E|CS|TAMS 0x0000001073400000, 0x0000001073400000| Complete 
| 461|0x0000001073800000, 0x0000001073c00000, 0x0000001073c00000|100%| E|CS|TAMS 0x0000001073800000, 0x0000001073800000| Complete 
| 462|0x0000001073c00000, 0x0000001074000000, 0x0000001074000000|100%| E|CS|TAMS 0x0000001073c00000, 0x0000001073c00000| Complete 
| 463|0x0000001074000000, 0x0000001074400000, 0x0000001074400000|100%| E|CS|TAMS 0x0000001074000000, 0x0000001074000000| Complete 
| 464|0x0000001074400000, 0x0000001074800000, 0x0000001074800000|100%| E|CS|TAMS 0x0000001074400000, 0x0000001074400000| Complete 
| 465|0x0000001074800000, 0x0000001074c00000, 0x0000001074c00000|100%| E|CS|TAMS 0x0000001074800000, 0x0000001074800000| Complete 
| 466|0x0000001074c00000, 0x0000001075000000, 0x0000001075000000|100%| E|CS|TAMS 0x0000001074c00000, 0x0000001074c00000| Complete 
| 467|0x0000001075000000, 0x0000001075400000, 0x0000001075400000|100%| E|CS|TAMS 0x0000001075000000, 0x0000001075000000| Complete 
| 468|0x0000001075400000, 0x0000001075800000, 0x0000001075800000|100%| E|CS|TAMS 0x0000001075400000, 0x0000001075400000| Complete 
| 469|0x0000001075800000, 0x0000001075c00000, 0x0000001075c00000|100%| E|CS|TAMS 0x0000001075800000, 0x0000001075800000| Complete 
| 470|0x0000001075c00000, 0x0000001076000000, 0x0000001076000000|100%| E|CS|TAMS 0x0000001075c00000, 0x0000001075c00000| Complete 
| 471|0x0000001076000000, 0x0000001076400000, 0x0000001076400000|100%| E|CS|TAMS 0x0000001076000000, 0x0000001076000000| Complete 
| 472|0x0000001076400000, 0x0000001076800000, 0x0000001076800000|100%| E|CS|TAMS 0x0000001076400000, 0x0000001076400000| Complete 
| 473|0x0000001076800000, 0x0000001076c00000, 0x0000001076c00000|100%| E|CS|TAMS 0x0000001076800000, 0x0000001076800000| Complete 
| 474|0x0000001076c00000, 0x0000001077000000, 0x0000001077000000|100%| E|CS|TAMS 0x0000001076c00000, 0x0000001076c00000| Complete 
| 475|0x0000001077000000, 0x0000001077400000, 0x0000001077400000|100%| E|CS|TAMS 0x0000001077000000, 0x0000001077000000| Complete 
| 476|0x0000001077400000, 0x0000001077800000, 0x0000001077800000|100%| E|CS|TAMS 0x0000001077400000, 0x0000001077400000| Complete 
| 477|0x0000001077800000, 0x0000001077c00000, 0x0000001077c00000|100%| E|CS|TAMS 0x0000001077800000, 0x0000001077800000| Complete 
| 478|0x0000001077c00000, 0x0000001078000000, 0x0000001078000000|100%| E|CS|TAMS 0x0000001077c00000, 0x0000001077c00000| Complete 
| 479|0x0000001078000000, 0x0000001078400000, 0x0000001078400000|100%| E|CS|TAMS 0x0000001078000000, 0x0000001078000000| Complete 
| 480|0x0000001078400000, 0x0000001078800000, 0x0000001078800000|100%| E|CS|TAMS 0x0000001078400000, 0x0000001078400000| Complete 
| 481|0x0000001078800000, 0x0000001078c00000, 0x0000001078c00000|100%| E|CS|TAMS 0x0000001078800000, 0x0000001078800000| Complete 
| 482|0x0000001078c00000, 0x0000001079000000, 0x0000001079000000|100%| E|CS|TAMS 0x0000001078c00000, 0x0000001078c00000| Complete 
| 483|0x0000001079000000, 0x0000001079400000, 0x0000001079400000|100%| E|CS|TAMS 0x0000001079000000, 0x0000001079000000| Complete 
| 484|0x0000001079400000, 0x0000001079800000, 0x0000001079800000|100%| E|CS|TAMS 0x0000001079400000, 0x0000001079400000| Complete 
| 485|0x0000001079800000, 0x0000001079c00000, 0x0000001079c00000|100%| E|CS|TAMS 0x0000001079800000, 0x0000001079800000| Complete 
| 486|0x0000001079c00000, 0x0000001079e58b08, 0x000000107a000000| 58%| S|CS|TAMS 0x0000001079c00000, 0x0000001079c00000| Complete 
| 487|0x000000107a000000, 0x000000107a400000, 0x000000107a400000|100%| E|CS|TAMS 0x000000107a000000, 0x000000107a000000| Complete 
| 488|0x000000107a400000, 0x000000107a800000, 0x000000107a800000|100%| E|CS|TAMS 0x000000107a400000, 0x000000107a400000| Complete 
| 489|0x000000107a800000, 0x000000107ac00000, 0x000000107ac00000|100%| E|CS|TAMS 0x000000107a800000, 0x000000107a800000| Complete 
| 490|0x000000107ac00000, 0x000000107b000000, 0x000000107b000000|100%| E|CS|TAMS 0x000000107ac00000, 0x000000107ac00000| Complete 
| 491|0x000000107b000000, 0x000000107b400000, 0x000000107b400000|100%| E|CS|TAMS 0x000000107b000000, 0x000000107b000000| Complete 
| 492|0x000000107b400000, 0x000000107b800000, 0x000000107b800000|100%| E|CS|TAMS 0x000000107b400000, 0x000000107b400000| Complete 
| 493|0x000000107b800000, 0x000000107bc00000, 0x000000107bc00000|100%| E|CS|TAMS 0x000000107b800000, 0x000000107b800000| Complete 
| 494|0x000000107bc00000, 0x000000107c000000, 0x000000107c000000|100%| E|CS|TAMS 0x000000107bc00000, 0x000000107bc00000| Complete 
| 495|0x000000107c000000, 0x000000107c400000, 0x000000107c400000|100%| E|CS|TAMS 0x000000107c000000, 0x000000107c000000| Complete 
| 496|0x000000107c400000, 0x000000107c800000, 0x000000107c800000|100%| E|CS|TAMS 0x000000107c400000, 0x000000107c400000| Complete 
| 497|0x000000107c800000, 0x000000107cc00000, 0x000000107cc00000|100%| E|CS|TAMS 0x000000107c800000, 0x000000107c800000| Complete 
| 498|0x000000107cc00000, 0x000000107d000000, 0x000000107d000000|100%| E|CS|TAMS 0x000000107cc00000, 0x000000107cc00000| Complete 
| 499|0x000000107d000000, 0x000000107d400000, 0x000000107d400000|100%| E|CS|TAMS 0x000000107d000000, 0x000000107d000000| Complete 
| 500|0x000000107d400000, 0x000000107d800000, 0x000000107d800000|100%| E|CS|TAMS 0x000000107d400000, 0x000000107d400000| Complete 
| 501|0x000000107d800000, 0x000000107dc00000, 0x000000107dc00000|100%| E|CS|TAMS 0x000000107d800000, 0x000000107d800000| Complete 
| 502|0x000000107dc00000, 0x000000107e000000, 0x000000107e000000|100%| E|CS|TAMS 0x000000107dc00000, 0x000000107dc00000| Complete 
| 503|0x000000107e000000, 0x000000107e400000, 0x000000107e400000|100%| E|CS|TAMS 0x000000107e000000, 0x000000107e000000| Complete 
| 504|0x000000107e400000, 0x000000107e800000, 0x000000107e800000|100%| E|CS|TAMS 0x000000107e400000, 0x000000107e400000| Complete 
| 505|0x000000107e800000, 0x000000107ec00000, 0x000000107ec00000|100%| E|CS|TAMS 0x000000107e800000, 0x000000107e800000| Complete 
| 506|0x000000107ec00000, 0x000000107f000000, 0x000000107f000000|100%| E|CS|TAMS 0x000000107ec00000, 0x000000107ec00000| Complete 
| 507|0x000000107f000000, 0x000000107f400000, 0x000000107f400000|100%| E|CS|TAMS 0x000000107f000000, 0x000000107f000000| Complete 
| 508|0x000000107f400000, 0x000000107f800000, 0x000000107f800000|100%| E|CS|TAMS 0x000000107f400000, 0x000000107f400000| Complete 
| 509|0x000000107f800000, 0x000000107fc00000, 0x000000107fc00000|100%| E|CS|TAMS 0x000000107f800000, 0x000000107f800000| Complete 
| 510|0x000000107fc00000, 0x0000001080000000, 0x0000001080000000|100%| E|CS|TAMS 0x000000107fc00000, 0x000000107fc00000| Complete 
| 511|0x0000001080000000, 0x0000001080400000, 0x0000001080400000|100%| E|CS|TAMS 0x0000001080000000, 0x0000001080000000| Complete 
|7670|0x000000177dc00000, 0x000000177dc48000, 0x000000177e000000|  7%|OA|  |TAMS 0x000000177dc00000, 0x000000177dc00000| Untracked 
|7671|0x000000177e000000, 0x000000177e06c000, 0x000000177e400000| 10%|CA|  |TAMS 0x000000177e000000, 0x000000177e000000| Untracked 

Card table byte_map: [0x00007f8f24400000,0x00007f8f27ff0000] _byte_map_base: 0x00007f8f1c3fe000

Marking Bits (Prev, Next): (CMBitMap*) 0x000000008892b9d8, (CMBitMap*) 0x000000008892ba10
 Prev Bits: [0x00007f8f02800000, 0x00007f8f20780000)
 Next Bits: [0x00007f8ee4800000, 0x00007f8f02780000)

Polling page: 0x00007f9155a01000

Metaspace:

Usage:
  Non-class:      6.37 MB capacity,     5.22 MB ( 82%) used,     1.09 MB ( 17%) free+waste,    51.12 KB ( <1%) overhead. 
      Class:   1010.00 KB capacity,   723.67 KB ( 72%) used,   259.08 KB ( 26%) free+waste,    27.25 KB (  3%) overhead. 
       Both:      7.35 MB capacity,     5.93 MB ( 81%) used,     1.35 MB ( 18%) free+waste,    78.38 KB (  1%) overhead. 

Virtual space:
  Non-class space:        8.00 MB reserved,       6.50 MB ( 81%) committed 
      Class space:        1.00 GB reserved,       1.00 MB ( <1%) committed 
             Both:        1.01 GB reserved,       7.50 MB ( <1%) committed 

Chunk freelists:
   Non-Class:  10.00 KB
       Class:  14.00 KB
        Both:  24.00 KB

MaxMetaspaceSize: unlimited
CompressedClassSpaceSize: 1.00 GB
Initial GC threshold: 20.80 MB
Current GC threshold: 20.80 MB
CDS: on

CodeHeap 'non-profiled nmethods': size=118884Kb used=681Kb max_used=681Kb free=118203Kb
 bounds [0x00007f8f349e7000, 0x00007f8f34c57000, 0x00007f8f3be00000]
CodeHeap 'profiled nmethods': size=118884Kb used=3191Kb max_used=3191Kb free=115692Kb
 bounds [0x00007f8f2d5ce000, 0x00007f8f2d8ee000, 0x00007f8f349e7000]
CodeHeap 'non-nmethods': size=7992Kb used=1218Kb max_used=3483Kb free=6773Kb
 bounds [0x00007f8f2ce00000, 0x00007f8f2d170000, 0x00007f8f2d5ce000]
 total_blobs=1999 nmethods=1503 adapters=410
 compilation: enabled
              stopped_count=0, restarted_count=0
 full_count=0

Compilation events (20 events):
Event: 54.275 Thread 0x00007f8e90276000 nmethod 1494 0x00007f8f2d8dee10 code [0x00007f8f2d8defe0, 0x00007f8f2d8df4a0]
Event: 54.275 Thread 0x000000008bca2000 nmethod 1493 0x00007f8f2d8df590 code [0x00007f8f2d8df780, 0x00007f8f2d8dfcc0]
Event: 54.581 Thread 0x00007f8e90276000 1495       3       org.apache.hadoop.io.Text::encode (64 bytes)
Event: 54.581 Thread 0x000000008bca2000 1496       3       java.nio.charset.CharsetEncoder::encode (136 bytes)
Event: 54.582 Thread 0x00007f8e90276000 nmethod 1495 0x00007f8f2d8dfe10 code [0x00007f8f2d8e0100, 0x00007f8f2d8e14b0]
Event: 54.582 Thread 0x000000008bca2000 nmethod 1496 0x00007f8f2d8e1a90 code [0x00007f8f2d8e1da0, 0x00007f8f2d8e30b0]
Event: 54.582 Thread 0x00007f8e90276000 1497       3       org.terrier.structures.collections.FSOrderedMapFile::containsKey (20 bytes)
Event: 54.582 Thread 0x00007f8e90276000 nmethod 1497 0x00007f8f2d8e3710 code [0x00007f8f2d8e38e0, 0x00007f8f2d8e3bc0]
Event: 54.626 Thread 0x000000008bca1000 1498       4       java.nio.ByteBuffer::flip (7 bytes)
Event: 54.627 Thread 0x000000008bca1000 nmethod 1498 0x00007f8f34a91110 code [0x00007f8f34a912a0, 0x00007f8f34a91338]
Event: 54.632 Thread 0x000000008bca2000 1499       3       org.terrier.terms.PorterStemmer::step1 (284 bytes)
Event: 54.632 Thread 0x00007f8e90276000 1500       3       org.terrier.terms.PorterStemmer::step3 (488 bytes)
Event: 54.633 Thread 0x000000008bca2000 nmethod 1499 0x00007f8f2d8e3c90 code [0x00007f8f2d8e3fc0, 0x00007f8f2d8e4d70]
Event: 54.633 Thread 0x000000008bca2000 1501       3       org.terrier.terms.PorterStemmer::step4 (176 bytes)
Event: 54.634 Thread 0x000000008bca2000 nmethod 1501 0x00007f8f2d8e5190 code [0x00007f8f2d8e5500, 0x00007f8f2d8e6280]
Event: 54.634 Thread 0x00007f8e90276000 nmethod 1500 0x00007f8f2d8e6610 code [0x00007f8f2d8e6ce0, 0x00007f8f2d8e9360]
Event: 54.634 Thread 0x00007f8e90276000 1502       3       org.terrier.terms.PorterStemmer::step5 (429 bytes)
Event: 54.634 Thread 0x000000008bca2000 1503       3       org.terrier.terms.PorterStemmer::step6 (104 bytes)
Event: 54.634 Thread 0x000000008bca2000 nmethod 1503 0x00007f8f2d8e9d10 code [0x00007f8f2d8e9f20, 0x00007f8f2d8ea450]
Event: 54.634 Thread 0x00007f8e90276000 nmethod 1502 0x00007f8f2d8ea610 code [0x00007f8f2d8ea980, 0x00007f8f2d8eba90]

GC Heap History (2 events):
Event: 0.308 GC heap before
{Heap before GC invocations=0 (full 0):
 garbage-first heap   total 2105344K, used 148176K [0x0000001000400000, 0x000000177e400000)
  region size 4096K, 25 young (102400K), 0 survivors (0K)
 Metaspace       used 3669K, capacity 6166K, committed 6400K, reserved 1056768K
  class space    used 430K, capacity 745K, committed 768K, reserved 1048576K
}
Event: 0.313 GC heap after
{Heap after GC invocations=1 (full 0):
 garbage-first heap   total 2105344K, used 48178K [0x0000001000400000, 0x000000177e400000)
  region size 4096K, 1 young (4096K), 1 survivors (4096K)
 Metaspace       used 3669K, capacity 6166K, committed 6400K, reserved 1056768K
  class space    used 430K, capacity 745K, committed 768K, reserved 1048576K
}

Deoptimization events (20 events):
Event: 51.320 Thread 0x00000000888a1000 Uncommon trap: trap_request=0xffffffde fr.pc=0x00007f8f34a3c4ec relative=0x0000000000000aac
Event: 51.320 Thread 0x00000000888a1000 Uncommon trap: reason=class_check action=maybe_recompile pc=0x00007f8f34a3c4ec method=java.io.DataInputStream.readFully([BII)V @ 34 c2
Event: 51.320 Thread 0x00000000888a1000 DEOPT PACKING pc=0x00007f8f34a3c4ec sp=0x00007ffc514e0410
Event: 51.320 Thread 0x00000000888a1000 DEOPT UNPACKING pc=0x00007f8f2ce49ea5 sp=0x00007ffc514e03f8 mode 2
Event: 51.339 Thread 0x00000000888a1000 Uncommon trap: trap_request=0xffffffde fr.pc=0x00007f8f34a3acd8 relative=0x0000000000000218
Event: 51.339 Thread 0x00000000888a1000 Uncommon trap: reason=class_check action=maybe_recompile pc=0x00007f8f34a3acd8 method=java.io.DataInputStream.readByte()B @ 4 c2
Event: 51.339 Thread 0x00000000888a1000 DEOPT PACKING pc=0x00007f8f34a3acd8 sp=0x00007ffc514e03f0
Event: 51.339 Thread 0x00000000888a1000 DEOPT UNPACKING pc=0x00007f8f2ce49ea5 sp=0x00007ffc514e03a8 mode 2
Event: 51.339 Thread 0x00000000888a1000 Uncommon trap: trap_request=0xffffffde fr.pc=0x00007f8f34a3c4ec relative=0x0000000000000aac
Event: 51.339 Thread 0x00000000888a1000 Uncommon trap: reason=class_check action=maybe_recompile pc=0x00007f8f34a3c4ec method=java.io.DataInputStream.readFully([BII)V @ 34 c2
Event: 51.339 Thread 0x00000000888a1000 DEOPT PACKING pc=0x00007f8f34a3c4ec sp=0x00007ffc514e0410
Event: 51.339 Thread 0x00000000888a1000 DEOPT UNPACKING pc=0x00007f8f2ce49ea5 sp=0x00007ffc514e03f8 mode 2
Event: 51.346 Thread 0x00000000888a1000 Uncommon trap: trap_request=0xffffffde fr.pc=0x00007f8f34a3acd8 relative=0x0000000000000218
Event: 51.346 Thread 0x00000000888a1000 Uncommon trap: reason=class_check action=maybe_recompile pc=0x00007f8f34a3acd8 method=java.io.DataInputStream.readByte()B @ 4 c2
Event: 51.346 Thread 0x00000000888a1000 DEOPT PACKING pc=0x00007f8f34a3acd8 sp=0x00007ffc514e03f0
Event: 51.346 Thread 0x00000000888a1000 DEOPT UNPACKING pc=0x00007f8f2ce49ea5 sp=0x00007ffc514e03a8 mode 2
Event: 51.346 Thread 0x00000000888a1000 Uncommon trap: trap_request=0xffffffde fr.pc=0x00007f8f34a3c4ec relative=0x0000000000000aac
Event: 51.346 Thread 0x00000000888a1000 Uncommon trap: reason=class_check action=maybe_recompile pc=0x00007f8f34a3c4ec method=java.io.DataInputStream.readFully([BII)V @ 34 c2
Event: 51.346 Thread 0x00000000888a1000 DEOPT PACKING pc=0x00007f8f34a3c4ec sp=0x00007ffc514e0410
Event: 51.346 Thread 0x00000000888a1000 DEOPT UNPACKING pc=0x00007f8f2ce49ea5 sp=0x00007ffc514e03f8 mode 2

Classes redefined (0 events):
No events

Internal exceptions (20 events):
Event: 0.198 Thread 0x00000000888a1000 Exception <a 'java/lang/NoSuchMethodError'{0x000000107f6f9b28}: 'java.lang.Object java.lang.invoke.DelegatingMethodHandle$Holder.reinvoke_L(java.lang.Object, int, int, int, java.lang.Object, java.lang.Object, java.lang.Object)'> (0x000000107f6f9b28) thrown at [./src/hotspot/share/interpreter/linkResolver.cpp, line 772]
Event: 0.198 Thread 0x00000000888a1000 Exception <a 'java/lang/NoSuchMethodError'{0x000000107f700f80}: 'java.lang.Object java.lang.invoke.DirectMethodHandle$Holder.invokeStatic(java.lang.Object, java.lang.Object, java.lang.Object, java.lang.Object, java.lang.Object, int)'> (0x000000107f700f80) thrown at [./src/hotspot/share/interpreter/linkResolver.cpp, line 772]
Event: 0.726 Thread 0x00000000888a1000 Exception <a 'java/lang/NoSuchMethodError'{0x00000010634f6460}: 'java.lang.Object java.lang.invoke.DirectMethodHandle$Holder.invokeSpecial(java.lang.Object, java.lang.Object, int, int, int, java.lang.Object, java.lang.Object, java.lang.Object, java.lang.Object)'> (0x00000010634f6460) thrown at [./src/hotspot/share/interpreter/linkResolver.cpp, line 772]
Event: 0.726 Thread 0x00000000888a1000 Exception <a 'java/lang/NoSuchMethodError'{0x00000010634f9c18}: 'java.lang.Object java.lang.invoke.DelegatingMethodHandle$Holder.reinvoke_L(java.lang.Object, int, int, int, java.lang.Object, java.lang.Object, java.lang.Object, java.lang.Object)'> (0x00000010634f9c18) thrown at [./src/hotspot/share/interpreter/linkResolver.cpp, line 772]
Event: 0.727 Thread 0x00000000888a1000 Exception <a 'java/lang/NoSuchMethodError'{0x000000106351be50}: 'java.lang.Object java.lang.invoke.DirectMethodHandle$Holder.invokeStatic(java.lang.Object, java.lang.Object, java.lang.Object, java.lang.Object, java.lang.Object, java.lang.Object, java.lang.Object, int)'> (0x000000106351be50) thrown at [./src/hotspot/share/interpreter/linkResolver.cpp, line 772]
Event: 0.752 Thread 0x00000000888a1000 Exception <a 'java/lang/NoSuchMethodError'{0x00000010636041f8}: <clinit>> (0x00000010636041f8) thrown at [./src/hotspot/share/prims/jni.cpp, line 1372]
Event: 0.889 Thread 0x00000000888a1000 Exception <a 'java/lang/NoSuchMethodError'{0x000000106375f9b0}: 'java.lang.Object java.lang.invoke.DirectMethodHandle$Holder.invokeSpecial(java.lang.Object, java.lang.Object, int, int, int, java.lang.Object, java.lang.Object, java.lang.Object, java.lang.Object, int)'> (0x000000106375f9b0) thrown at [./src/hotspot/share/interpreter/linkResolver.cpp, line 772]
Event: 0.889 Thread 0x00000000888a1000 Exception <a 'java/lang/NoSuchMethodError'{0x00000010637633a0}: 'java.lang.Object java.lang.invoke.DelegatingMethodHandle$Holder.reinvoke_L(java.lang.Object, int, int, int, java.lang.Object, java.lang.Object, java.lang.Object, java.lang.Object, int)'> (0x00000010637633a0) thrown at [./src/hotspot/share/interpreter/linkResolver.cpp, line 772]
Event: 0.891 Thread 0x00000000888a1000 Exception <a 'java/lang/NoSuchMethodError'{0x00000010637baf30}: 'java.lang.Object java.lang.invoke.DirectMethodHandle$Holder.invokeStatic(java.lang.Object, java.lang.Object, java.lang.Object, java.lang.Object, java.lang.Object, java.lang.Object, java.lang.Object, java.lang.Object, java.lang.Object, java.lang.Object, java.lang.Object, int, int, java.lang.Object, java.lang.Object, java.lang.Object)'> (0x00000010637baf30) thrown at [./src/hotspot/share/interpreter/linkResolver.cpp, line 772]
Event: 0.891 Thread 0x00000000888a1000 Exception <a 'java/lang/NoSuchMethodError'{0x00000010637c7cf8}: 'java.lang.Object java.lang.invoke.DirectMethodHandle$Holder.invokeSpecial(java.lang.Object, java.lang.Object, java.lang.Object, java.lang.Object, java.lang.Object, java.lang.Object, int)'> (0x00000010637c7cf8) thrown at [./src/hotspot/share/interpreter/linkResolver.cpp, line 772]
Event: 0.891 Thread 0x00000000888a1000 Exception <a 'java/lang/NoSuchMethodError'{0x00000010637cb390}: 'java.lang.Object java.lang.invoke.DelegatingMethodHandle$Holder.reinvoke_L(java.lang.Object, java.lang.Object, java.lang.Object, java.lang.Object, java.lang.Object, int)'> (0x00000010637cb390) thrown at [./src/hotspot/share/interpreter/linkResolver.cpp, line 772]
Event: 0.892 Thread 0x00000000888a1000 Exception <a 'java/lang/NoSuchMethodError'{0x00000010637d1cc0}: 'java.lang.Object java.lang.invoke.Invokers$Holder.linkToTargetMethod(java.lang.Object, java.lang.Object, java.lang.Object, java.lang.Object, int, java.lang.Object)'> (0x00000010637d1cc0) thrown at [./src/hotspot/share/interpreter/linkResolver.cpp, line 772]
Event: 0.893 Thread 0x00000000888a1000 Exception <a 'java/lang/NoSuchMethodError'{0x0000001063228f18}: 'java.lang.Object java.lang.invoke.Invokers$Holder.linkToTargetMethod(java.lang.Object, int, java.lang.Object)'> (0x0000001063228f18) thrown at [./src/hotspot/share/interpreter/linkResolver.cpp, line 772]
Event: 0.897 Thread 0x00000000888a1000 Exception <a 'java/lang/NoSuchMethodError'{0x0000001063300c68}: 'java.lang.Object java.lang.invoke.DirectMethodHandle$Holder.invokeSpecial(java.lang.Object, java.lang.Object, int, int, java.lang.Object, java.lang.Object, java.lang.Object)'> (0x0000001063300c68) thrown at [./src/hotspot/share/interpreter/linkResolver.cpp, line 772]
Event: 0.898 Thread 0x00000000888a1000 Exception <a 'java/lang/NoSuchMethodError'{0x00000010633041f8}: 'java.lang.Object java.lang.invoke.DelegatingMethodHandle$Holder.reinvoke_L(java.lang.Object, int, int, java.lang.Object, java.lang.Object, java.lang.Object)'> (0x00000010633041f8) thrown at [./src/hotspot/share/interpreter/linkResolver.cpp, line 772]
Event: 0.898 Thread 0x00000000888a1000 Exception <a 'java/lang/NoSuchMethodError'{0x0000001063311fd0}: 'java.lang.Object java.lang.invoke.DirectMethodHandle$Holder.invokeStatic(java.lang.Object, java.lang.Object, java.lang.Object, java.lang.Object, java.lang.Object, java.lang.Object, int)'> (0x0000001063311fd0) thrown at [./src/hotspot/share/interpreter/linkResolver.cpp, line 772]
Event: 0.898 Thread 0x00000000888a1000 Exception <a 'java/lang/NoSuchMethodError'{0x0000001063328778}: 'java.lang.Object java.lang.invoke.DirectMethodHandle$Holder.invokeStatic(java.lang.Object, java.lang.Object, java.lang.Object, java.lang.Object, java.lang.Object, java.lang.Object, int, int)'> (0x0000001063328778) thrown at [./src/hotspot/share/interpreter/linkResolver.cpp, line 772]
Event: 0.899 Thread 0x00000000888a1000 Exception <a 'java/lang/NoSuchMethodError'{0x00000010633400e8}: 'java.lang.Object java.lang.invoke.DirectMethodHandle$Holder.invokeStatic(java.lang.Object, java.lang.Object, java.lang.Object, java.lang.Object, java.lang.Object, java.lang.Object, int, int, java.lang.Object)'> (0x00000010633400e8) thrown at [./src/hotspot/share/interpreter/linkResolver.cpp, line 772]
Event: 0.899 Thread 0x00000000888a1000 Exception <a 'java/lang/NoSuchMethodError'{0x000000106335c850}: 'java.lang.Object java.lang.invoke.DirectMethodHandle$Holder.invokeStatic(java.lang.Object, java.lang.Object, java.lang.Object, java.lang.Object, java.lang.Object, java.lang.Object, int, int, java.lang.Object, java.lang.Object)'> (0x000000106335c850) thrown at [./src/hotspot/share/interpreter/linkResolver.cpp, line 772]
Event: 0.900 Thread 0x00000000888a1000 Exception <a 'java/lang/NoSuchMethodError'{0x00000010633778f0}: 'java.lang.Object java.lang.invoke.DirectMethodHandle$Holder.invokeStatic(java.lang.Object, java.lang.Object, java.lang.Object, java.lang.Object, java.lang.Object, java.lang.Object, int, int, java.lang.Object, java.lang.Object, java.lang.Object)'> (0x00000010633778f0) thrown at [./src/hotspot/share/interpreter/linkResolver.cpp, line 772]

Events (20 events):
Event: 51.420 loading class org/terrier/structures/collections/MapEntry done
Event: 51.871 Loaded shared library /usr/lib/jvm/java-11-openjdk-amd64/lib/libnio.so
Event: 52.007 Thread 0x00007f8e90025800 Thread added: 0x00007f8e90025800
Event: 52.007 Protecting memory [0x00007f8f2cb00000,0x00007f8f2cb04000] with protection modes 0
Event: 52.007 Thread 0x00007f8e90026800 Thread added: 0x00007f8e90026800
Event: 52.007 Protecting memory [0x00007f8f2c6ff000,0x00007f8f2c703000] with protection modes 0
Event: 52.007 Thread 0x00007f8e90027800 Thread added: 0x00007f8e90027800
Event: 52.007 Protecting memory [0x00007f8f2c5ff000,0x00007f8f2c603000] with protection modes 0
Event: 52.831 Thread 0x00007f8e90027800 Thread exited: 0x00007f8e90027800
Event: 52.831 Thread 0x00007f8e90026800 Thread exited: 0x00007f8e90026800
Event: 52.831 Thread 0x00007f8e90025800 Thread exited: 0x00007f8e90025800
Event: 54.220 Thread 0x00007f8e98115000 Thread added: 0x00007f8e98115000
Event: 54.220 Protecting memory [0x00007f8f2cb00000,0x00007f8f2cb04000] with protection modes 0
Event: 54.581 Thread 0x00007f8e98115000 Thread exited: 0x00007f8e98115000
Event: 59.634 Thread 0x00007f8e90276000 Thread exited: 0x00007f8e90276000
Event: 436.866 loading class jdk/internal/misc/Signal$1
Event: 436.866 loading class jdk/internal/misc/Signal$1 done
Event: 436.866 Thread 0x00007f8ea8001800 Thread added: 0x00007f8ea8001800
Event: 436.866 Protecting memory [0x00007f9156302000,0x00007f9156306000] with protection modes 0
Event: 436.867 Executing VM operation: Exit


Dynamic libraries:
00400000-0041f000 r--p 00000000 00:204 148237027901                      /mnt/primary/conda-envs/semantic_uncertainty_export/bin/python3.11
0041f000-00652000 r-xp 0001f000 00:204 148237027901                      /mnt/primary/conda-envs/semantic_uncertainty_export/bin/python3.11
00652000-00770000 r--p 00252000 00:204 148237027901                      /mnt/primary/conda-envs/semantic_uncertainty_export/bin/python3.11
00771000-00772000 r--p 00370000 00:204 148237027901                      /mnt/primary/conda-envs/semantic_uncertainty_export/bin/python3.11
00772000-008a2000 rw-p 00371000 00:204 148237027901                      /mnt/primary/conda-envs/semantic_uncertainty_export/bin/python3.11
008a2000-008e5000 rw-p 00000000 00:00 0 
00f52000-a5e57000 rw-p 00000000 00:00 0                                  [heap]
800000000-800002000 rwxp 00001000 08:04 1116478610                       /usr/lib/jvm/java-11-openjdk-amd64/lib/server/classes.jsa
800002000-8003ce000 rw-p 00003000 08:04 1116478610                       /usr/lib/jvm/java-11-openjdk-amd64/lib/server/classes.jsa
8003ce000-800aa5000 r--p 003cf000 08:04 1116478610                       /usr/lib/jvm/java-11-openjdk-amd64/lib/server/classes.jsa
800aa5000-800aa6000 rw-p 00aa6000 08:04 1116478610                       /usr/lib/jvm/java-11-openjdk-amd64/lib/server/classes.jsa
840000000-840100000 rw-p 00000000 00:00 0 
840100000-880000000 ---p 00000000 00:00 0 
1000000000-1000400000 ---p 00000000 00:00 0 
1000400000-1080400000 rw-p 00000000 00:00 0 
1080400000-177dc00000 ---p 00000000 00:00 0 
177dc00000-177dc48000 rw-p 00b13000 08:04 1116478610                     /usr/lib/jvm/java-11-openjdk-amd64/lib/server/classes.jsa
177dc48000-177e000000 rw-p 00000000 00:00 0 
177e000000-177e06c000 rw-p 00aa7000 08:04 1116478610                     /usr/lib/jvm/java-11-openjdk-amd64/lib/server/classes.jsa
177e06c000-177e400000 rw-p 00000000 00:00 0 
7f85bd038000-7f8c10000000 r--s 00000000 00:204 63912970756               /mnt/indices/msmarco-passage.tct-hnp.flex/vecs.f4
7f8c10000000-7f8c10021000 rw-p 00000000 00:00 0 
7f8c10021000-7f8c14000000 ---p 00000000 00:00 0 
7f8c18000000-7f8c1809c000 rw-p 00000000 00:00 0 
7f8c1809c000-7f8c1c000000 ---p 00000000 00:00 0 
7f8c20000000-7f8c200ab000 rw-p 00000000 00:00 0 
7f8c200ab000-7f8c24000000 ---p 00000000 00:00 0 
7f8c28000000-7f8c280ab000 rw-p 00000000 00:00 0 
7f8c280ab000-7f8c2c000000 ---p 00000000 00:00 0 
7f8c30000000-7f8c300ab000 rw-p 00000000 00:00 0 
7f8c300ab000-7f8c34000000 ---p 00000000 00:00 0 
7f8c38000000-7f8c380ab000 rw-p 00000000 00:00 0 
7f8c380ab000-7f8c3c000000 ---p 00000000 00:00 0 
7f8c40000000-7f8c4009c000 rw-p 00000000 00:00 0 
7f8c4009c000-7f8c44000000 ---p 00000000 00:00 0 
7f8c48000000-7f8c480ab000 rw-p 00000000 00:00 0 
7f8c480ab000-7f8c4c000000 ---p 00000000 00:00 0 
7f8c50000000-7f8c500ab000 rw-p 00000000 00:00 0 
7f8c500ab000-7f8c54000000 ---p 00000000 00:00 0 
7f8c58000000-7f8c580ab000 rw-p 00000000 00:00 0 
7f8c580ab000-7f8c5c000000 ---p 00000000 00:00 0 
7f8c60000000-7f8c600ab000 rw-p 00000000 00:00 0 
7f8c600ab000-7f8c64000000 ---p 00000000 00:00 0 
7f8c68000000-7f8c6809c000 rw-p 00000000 00:00 0 
7f8c6809c000-7f8c6c000000 ---p 00000000 00:00 0 
7f8c70000000-7f8c700ab000 rw-p 00000000 00:00 0 
7f8c700ab000-7f8c74000000 ---p 00000000 00:00 0 
7f8c78000000-7f8c780ab000 rw-p 00000000 00:00 0 
7f8c780ab000-7f8c7c000000 ---p 00000000 00:00 0 
7f8c80000000-7f8c800ab000 rw-p 00000000 00:00 0 
7f8c800ab000-7f8c84000000 ---p 00000000 00:00 0 
7f8c88000000-7f8c88021000 rw-p 00000000 00:00 0 
7f8c88021000-7f8c8c000000 ---p 00000000 00:00 0 
7f8c90000000-7f8c90021000 rw-p 00000000 00:00 0 
7f8c90021000-7f8c94000000 ---p 00000000 00:00 0 
7f8c98000000-7f8c98021000 rw-p 00000000 00:00 0 
7f8c98021000-7f8c9c000000 ---p 00000000 00:00 0 
7f8ca0000000-7f8ca0021000 rw-p 00000000 00:00 0 
7f8ca0021000-7f8ca4000000 ---p 00000000 00:00 0 
7f8ca8000000-7f8ca8021000 rw-p 00000000 00:00 0 
7f8ca8021000-7f8cac000000 ---p 00000000 00:00 0 
7f8cb0000000-7f8cb0021000 rw-p 00000000 00:00 0 
7f8cb0021000-7f8cb4000000 ---p 00000000 00:00 0 
7f8cb8000000-7f8cb8021000 rw-p 00000000 00:00 0 
7f8cb8021000-7f8cbc000000 ---p 00000000 00:00 0 
7f8cc0000000-7f8cc0021000 rw-p 00000000 00:00 0 
7f8cc0021000-7f8cc4000000 ---p 00000000 00:00 0 
7f8cc8000000-7f8cc8021000 rw-p 00000000 00:00 0 
7f8cc8021000-7f8ccc000000 ---p 00000000 00:00 0 
7f8cd0000000-7f8cd0021000 rw-p 00000000 00:00 0 
7f8cd0021000-7f8cd4000000 ---p 00000000 00:00 0 
7f8cd8000000-7f8cd8021000 rw-p 00000000 00:00 0 
7f8cd8021000-7f8cdc000000 ---p 00000000 00:00 0 
7f8ce0000000-7f8ce0021000 rw-p 00000000 00:00 0 
7f8ce0021000-7f8ce4000000 ---p 00000000 00:00 0 
7f8ce8000000-7f8ce8021000 rw-p 00000000 00:00 0 
7f8ce8021000-7f8cec000000 ---p 00000000 00:00 0 
7f8cf0000000-7f8cf0021000 rw-p 00000000 00:00 0 
7f8cf0021000-7f8cf4000000 ---p 00000000 00:00 0 
7f8cf8000000-7f8cf8021000 rw-p 00000000 00:00 0 
7f8cf8021000-7f8cfc000000 ---p 00000000 00:00 0 
7f8d00000000-7f8d00021000 rw-p 00000000 00:00 0 
7f8d00021000-7f8d04000000 ---p 00000000 00:00 0 
7f8d08000000-7f8d08021000 rw-p 00000000 00:00 0 
7f8d08021000-7f8d0c000000 ---p 00000000 00:00 0 
7f8d10000000-7f8d10021000 rw-p 00000000 00:00 0 
7f8d10021000-7f8d14000000 ---p 00000000 00:00 0 
7f8d18000000-7f8d18021000 rw-p 00000000 00:00 0 
7f8d18021000-7f8d1c000000 ---p 00000000 00:00 0 
7f8d20000000-7f8d20021000 rw-p 00000000 00:00 0 
7f8d20021000-7f8d24000000 ---p 00000000 00:00 0 
7f8d28000000-7f8d28021000 rw-p 00000000 00:00 0 
7f8d28021000-7f8d2c000000 ---p 00000000 00:00 0 
7f8d30000000-7f8d30021000 rw-p 00000000 00:00 0 
7f8d30021000-7f8d34000000 ---p 00000000 00:00 0 
7f8d38000000-7f8d38021000 rw-p 00000000 00:00 0 
7f8d38021000-7f8d3c000000 ---p 00000000 00:00 0 
7f8d40000000-7f8d40021000 rw-p 00000000 00:00 0 
7f8d40021000-7f8d44000000 ---p 00000000 00:00 0 
7f8d48000000-7f8d48021000 rw-p 00000000 00:00 0 
7f8d48021000-7f8d4c000000 ---p 00000000 00:00 0 
7f8d50000000-7f8d50021000 rw-p 00000000 00:00 0 
7f8d50021000-7f8d54000000 ---p 00000000 00:00 0 
7f8d58000000-7f8d58021000 rw-p 00000000 00:00 0 
7f8d58021000-7f8d5c000000 ---p 00000000 00:00 0 
7f8d60000000-7f8d60021000 rw-p 00000000 00:00 0 
7f8d60021000-7f8d64000000 ---p 00000000 00:00 0 
7f8d68000000-7f8d68021000 rw-p 00000000 00:00 0 
7f8d68021000-7f8d6c000000 ---p 00000000 00:00 0 
7f8d70000000-7f8d70021000 rw-p 00000000 00:00 0 
7f8d70021000-7f8d74000000 ---p 00000000 00:00 0 
7f8d75be4000-7f8d90000000 rw-p 00000000 00:202 71014558886               /mnt/llm/huggingface-cache/hub/models--castorini--tct_colbert-msmarco/blobs/938c6367f910ac55073b58413577da148f5f1104e247379e4241917282ad15a0
7f8d90000000-7f8d90021000 rw-p 00000000 00:00 0 
7f8d90021000-7f8d94000000 ---p 00000000 00:00 0 
7f8d98000000-7f8d98021000 rw-p 00000000 00:00 0 
7f8d98021000-7f8d9c000000 ---p 00000000 00:00 0 
7f8da0000000-7f8da0021000 rw-p 00000000 00:00 0 
7f8da0021000-7f8da4000000 ---p 00000000 00:00 0 
7f8da8000000-7f8da8021000 rw-p 00000000 00:00 0 
7f8da8021000-7f8dac000000 ---p 00000000 00:00 0 
7f8db0000000-7f8db0021000 rw-p 00000000 00:00 0 
7f8db0021000-7f8db4000000 ---p 00000000 00:00 0 
7f8db8000000-7f8db8021000 rw-p 00000000 00:00 0 
7f8db8021000-7f8dbc000000 ---p 00000000 00:00 0 
7f8dc0000000-7f8dc0021000 rw-p 00000000 00:00 0 
7f8dc0021000-7f8dc4000000 ---p 00000000 00:00 0 
7f8dc8000000-7f8dc8021000 rw-p 00000000 00:00 0 
7f8dc8021000-7f8dcc000000 ---p 00000000 00:00 0 
7f8dd0000000-7f8dd0021000 rw-p 00000000 00:00 0 
7f8dd0021000-7f8dd4000000 ---p 00000000 00:00 0 
7f8dd8000000-7f8dd8021000 rw-p 00000000 00:00 0 
7f8dd8021000-7f8ddc000000 ---p 00000000 00:00 0 
7f8de0000000-7f8de0021000 rw-p 00000000 00:00 0 
7f8de0021000-7f8de4000000 ---p 00000000 00:00 0 
7f8de8000000-7f8de8021000 rw-p 00000000 00:00 0 
7f8de8021000-7f8dec000000 ---p 00000000 00:00 0 
7f8df0000000-7f8df0021000 rw-p 00000000 00:00 0 
7f8df0021000-7f8df4000000 ---p 00000000 00:00 0 
7f8df8000000-7f8df8021000 rw-p 00000000 00:00 0 
7f8df8021000-7f8dfc000000 ---p 00000000 00:00 0 
7f8e00000000-7f8e00021000 rw-p 00000000 00:00 0 
7f8e00021000-7f8e04000000 ---p 00000000 00:00 0 
7f8e08000000-7f8e08021000 rw-p 00000000 00:00 0 
7f8e08021000-7f8e0c000000 ---p 00000000 00:00 0 
7f8e10000000-7f8e10021000 rw-p 00000000 00:00 0 
7f8e10021000-7f8e14000000 ---p 00000000 00:00 0 
7f8e18000000-7f8e18021000 rw-p 00000000 00:00 0 
7f8e18021000-7f8e1c000000 ---p 00000000 00:00 0 
7f8e20000000-7f8e20021000 rw-p 00000000 00:00 0 
7f8e20021000-7f8e24000000 ---p 00000000 00:00 0 
7f8e28000000-7f8e28021000 rw-p 00000000 00:00 0 
7f8e28021000-7f8e2c000000 ---p 00000000 00:00 0 
7f8e30000000-7f8e30021000 rw-p 00000000 00:00 0 
7f8e30021000-7f8e34000000 ---p 00000000 00:00 0 
7f8e38000000-7f8e38021000 rw-p 00000000 00:00 0 
7f8e38021000-7f8e3c000000 ---p 00000000 00:00 0 
7f8e40000000-7f8e40053000 rw-p 00000000 00:00 0 
7f8e40053000-7f8e44000000 ---p 00000000 00:00 0 
7f8e48000000-7f8e48055000 rw-p 00000000 00:00 0 
7f8e48055000-7f8e4c000000 ---p 00000000 00:00 0 
7f8e50000000-7f8e5011c000 rw-p 00000000 00:00 0 
7f8e5011c000-7f8e54000000 ---p 00000000 00:00 0 
7f8e58000000-7f8e5810f000 rw-p 00000000 00:00 0 
7f8e5810f000-7f8e5c000000 ---p 00000000 00:00 0 
7f8e60000000-7f8e60533000 rw-p 00000000 00:00 0 
7f8e60533000-7f8e64000000 ---p 00000000 00:00 0 
7f8e68000000-7f8e686f3000 rw-p 00000000 00:00 0 
7f8e686f3000-7f8e6c000000 ---p 00000000 00:00 0 
7f8e70000000-7f8e70021000 rw-p 00000000 00:00 0 
7f8e70021000-7f8e74000000 ---p 00000000 00:00 0 
7f8e78000000-7f8e78021000 rw-p 00000000 00:00 0 
7f8e78021000-7f8e7c000000 ---p 00000000 00:00 0 
7f8e80000000-7f8e80336000 rw-p 00000000 00:00 0 
7f8e80336000-7f8e84000000 ---p 00000000 00:00 0 
7f8e88000000-7f8e88021000 rw-p 00000000 00:00 0 
7f8e88021000-7f8e8c000000 ---p 00000000 00:00 0 
7f8e90000000-7f8e902f6000 rw-p 00000000 00:00 0 
7f8e902f6000-7f8e94000000 ---p 00000000 00:00 0 
7f8e98000000-7f8e98611000 rw-p 00000000 00:00 0 
7f8e98611000-7f8e9c000000 ---p 00000000 00:00 0 
7f8ea0000000-7f8ea0021000 rw-p 00000000 00:00 0 
7f8ea0021000-7f8ea4000000 ---p 00000000 00:00 0 
7f8ea8000000-7f8ea8021000 rw-p 00000000 00:00 0 
7f8ea8021000-7f8eac000000 ---p 00000000 00:00 0 
7f8eb0000000-7f8eb0021000 rw-p 00000000 00:00 0 
7f8eb0021000-7f8eb4000000 ---p 00000000 00:00 0 
7f8eb5800000-7f8eb5801000 ---p 00000000 00:00 0 
7f8eb5801000-7f8eb6002000 rw-p 00000000 00:00 0 
7f8eb6200000-7f8eb6201000 ---p 00000000 00:00 0 
7f8eb6201000-7f8eb6a02000 rw-p 00000000 00:00 0 
7f8eb6c00000-7f8eb6c01000 ---p 00000000 00:00 0 
7f8eb6c01000-7f8eb7402000 rw-p 00000000 00:00 0 
7f8eb7600000-7f8eb7601000 ---p 00000000 00:00 0 
7f8eb7601000-7f8eb7e02000 rw-p 00000000 00:00 0 
7f8eb8000000-7f8eb8021000 rw-p 00000000 00:00 0 
7f8eb8021000-7f8ebc000000 ---p 00000000 00:00 0 
7f8ebc400000-7f8ebc401000 ---p 00000000 00:00 0 
7f8ebc401000-7f8ebcc02000 rw-p 00000000 00:00 0 
7f8ebce00000-7f8ebce01000 ---p 00000000 00:00 0 
7f8ebce01000-7f8ebd602000 rw-p 00000000 00:00 0 
7f8ebd800000-7f8ebd801000 ---p 00000000 00:00 0 
7f8ebd801000-7f8ebe002000 rw-p 00000000 00:00 0 
7f8ebe200000-7f8ebe201000 ---p 00000000 00:00 0 
7f8ebe201000-7f8ebea02000 rw-p 00000000 00:00 0 
7f8ebec00000-7f8ebec01000 ---p 00000000 00:00 0 
7f8ebec01000-7f8ebf402000 rw-p 00000000 00:00 0 
7f8ebf600000-7f8ebf601000 ---p 00000000 00:00 0 
7f8ebf601000-7f8ebfe02000 rw-p 00000000 00:00 0 
7f8ec0000000-7f8ec0044000 rw-p 00000000 00:00 0 
7f8ec0044000-7f8ec4000000 ---p 00000000 00:00 0 
7f8ec4600000-7f8ec4601000 ---p 00000000 00:00 0 
7f8ec4601000-7f8ec4e02000 rw-p 00000000 00:00 0 
7f8ec5000000-7f8ec5001000 ---p 00000000 00:00 0 
7f8ec5001000-7f8ec5802000 rw-p 00000000 00:00 0 
7f8ec5a00000-7f8ec5a01000 ---p 00000000 00:00 0 
7f8ec5a01000-7f8ec6202000 rw-p 00000000 00:00 0 
7f8ec6400000-7f8ec6401000 ---p 00000000 00:00 0 
7f8ec6401000-7f8ec6c02000 rw-p 00000000 00:00 0 
7f8ec6e00000-7f8ec6e01000 ---p 00000000 00:00 0 
7f8ec6e01000-7f8ec7602000 rw-p 00000000 00:00 0 
7f8ec7800000-7f8ec7801000 ---p 00000000 00:00 0 
7f8ec7801000-7f8ec7a01000 rw-p 00000000 00:00 0 
7f8ec7c00000-7f8ec7c01000 ---p 00000000 00:00 0 
7f8ec7c01000-7f8ec7e01000 rw-p 00000000 00:00 0 
7f8ec8000000-7f8ec8021000 rw-p 00000000 00:00 0 
7f8ec8021000-7f8ecc000000 ---p 00000000 00:00 0 
7f8ecc400000-7f8ecc401000 ---p 00000000 00:00 0 
7f8ecc401000-7f8ecc601000 rw-p 00000000 00:00 0 
7f8ecc800000-7f8ecc801000 ---p 00000000 00:00 0 
7f8ecc801000-7f8ecca01000 rw-p 00000000 00:00 0 
7f8eccc00000-7f8eccc01000 ---p 00000000 00:00 0 
7f8eccc01000-7f8ecce01000 rw-p 00000000 00:00 0 
7f8ecd000000-7f8ecd001000 ---p 00000000 00:00 0 
7f8ecd001000-7f8ecd201000 rw-p 00000000 00:00 0 
7f8ecd400000-7f8ecd401000 ---p 00000000 00:00 0 
7f8ecd401000-7f8ecd601000 rw-p 00000000 00:00 0 
7f8ecd800000-7f8ecd801000 ---p 00000000 00:00 0 
7f8ecd801000-7f8ecda01000 rw-p 00000000 00:00 0 
7f8ecdc00000-7f8ecdc01000 ---p 00000000 00:00 0 
7f8ecdc01000-7f8ecde01000 rw-p 00000000 00:00 0 
7f8ece000000-7f8ece001000 ---p 00000000 00:00 0 
7f8ece001000-7f8ece201000 rw-p 00000000 00:00 0 
7f8ece400000-7f8ece401000 ---p 00000000 00:00 0 
7f8ece401000-7f8ece601000 rw-p 00000000 00:00 0 
7f8ece800000-7f8ece801000 ---p 00000000 00:00 0 
7f8ece801000-7f8ecea01000 rw-p 00000000 00:00 0 
7f8ecec00000-7f8ecec01000 ---p 00000000 00:00 0 
7f8ecec01000-7f8ecee01000 rw-p 00000000 00:00 0 
7f8ecf000000-7f8ecf001000 ---p 00000000 00:00 0 
7f8ecf001000-7f8ecf201000 rw-p 00000000 00:00 0 
7f8ecf400000-7f8ecf401000 ---p 00000000 00:00 0 
7f8ecf401000-7f8ecf601000 rw-p 00000000 00:00 0 
7f8ecf800000-7f8ecf801000 ---p 00000000 00:00 0 
7f8ecf801000-7f8ecfa01000 rw-p 00000000 00:00 0 
7f8ecfc00000-7f8ecfc01000 ---p 00000000 00:00 0 
7f8ecfc01000-7f8ecfe01000 rw-p 00000000 00:00 0 
7f8ed0000000-7f8ed0021000 rw-p 00000000 00:00 0 
7f8ed0021000-7f8ed4000000 ---p 00000000 00:00 0 
7f8ed4400000-7f8ed4401000 ---p 00000000 00:00 0 
7f8ed4401000-7f8ed4601000 rw-p 00000000 00:00 0 
7f8ed4800000-7f8ed4801000 ---p 00000000 00:00 0 
7f8ed4801000-7f8ed4a01000 rw-p 00000000 00:00 0 
7f8ed4c00000-7f8ed4c01000 ---p 00000000 00:00 0 
7f8ed4c01000-7f8ed4e01000 rw-p 00000000 00:00 0 
7f8ed5000000-7f8ed5001000 ---p 00000000 00:00 0 
7f8ed5001000-7f8ed5201000 rw-p 00000000 00:00 0 
7f8ed5400000-7f8ed5401000 ---p 00000000 00:00 0 
7f8ed5401000-7f8ed5601000 rw-p 00000000 00:00 0 
7f8ed5800000-7f8ed5801000 ---p 00000000 00:00 0 
7f8ed5801000-7f8ed5a01000 rw-p 00000000 00:00 0 
7f8ed5c00000-7f8ed5c01000 ---p 00000000 00:00 0 
7f8ed5c01000-7f8ed5e01000 rw-p 00000000 00:00 0 
7f8ed6000000-7f8ed6001000 ---p 00000000 00:00 0 
7f8ed6001000-7f8ed6201000 rw-p 00000000 00:00 0 
7f8ed6400000-7f8ed6401000 ---p 00000000 00:00 0 
7f8ed6401000-7f8ed6601000 rw-p 00000000 00:00 0 
7f8ed6800000-7f8ed6801000 ---p 00000000 00:00 0 
7f8ed6801000-7f8ed6a01000 rw-p 00000000 00:00 0 
7f8ed6c00000-7f8ed6c01000 ---p 00000000 00:00 0 
7f8ed6c01000-7f8ed6e01000 rw-p 00000000 00:00 0 
7f8ed7000000-7f8ed7001000 ---p 00000000 00:00 0 
7f8ed7001000-7f8ed7201000 rw-p 00000000 00:00 0 
7f8ed7400000-7f8ed7401000 ---p 00000000 00:00 0 
7f8ed7401000-7f8ed7601000 rw-p 00000000 00:00 0 
7f8ed7800000-7f8ed7801000 ---p 00000000 00:00 0 
7f8ed7801000-7f8ed7a01000 rw-p 00000000 00:00 0 
7f8ed7c00000-7f8ed7c01000 ---p 00000000 00:00 0 
7f8ed7c01000-7f8ed7e01000 rw-p 00000000 00:00 0 
7f8ed8000000-7f8ed8021000 rw-p 00000000 00:00 0 
7f8ed8021000-7f8edc000000 ---p 00000000 00:00 0 
7f8edcaf3000-7f8edd0f3000 rw-p 00000000 00:00 0 
7f8edd0f3000-7f8edd0f4000 ---p 00000000 00:00 0 
7f8edd0f4000-7f8edd1f4000 rw-p 00000000 00:00 0 
7f8edd1f4000-7f8edd1f5000 ---p 00000000 00:00 0 
7f8edd1f5000-7f8edd2f5000 rw-p 00000000 00:00 0 
7f8edd2f5000-7f8edd2f6000 ---p 00000000 00:00 0 
7f8edd2f6000-7f8edd3f6000 rw-p 00000000 00:00 0 
7f8edd3f6000-7f8edd3f7000 ---p 00000000 00:00 0 
7f8edd3f7000-7f8edd4f7000 rw-p 00000000 00:00 0 
7f8edd4f7000-7f8edd4f8000 ---p 00000000 00:00 0 
7f8edd4f8000-7f8edd5f8000 rw-p 00000000 00:00 0 
7f8edd5f8000-7f8edd5f9000 ---p 00000000 00:00 0 
7f8edd5f9000-7f8edd6f9000 rw-p 00000000 00:00 0 
7f8edd6f9000-7f8edd6fa000 ---p 00000000 00:00 0 
7f8edd6fa000-7f8edd7fa000 rw-p 00000000 00:00 0 
7f8edd7fa000-7f8edd7fb000 ---p 00000000 00:00 0 
7f8edd7fb000-7f8edd8fb000 rw-p 00000000 00:00 0 
7f8edd8fb000-7f8edd8fc000 ---p 00000000 00:00 0 
7f8edd8fc000-7f8edd9fc000 rw-p 00000000 00:00 0 
7f8edd9fc000-7f8edd9fd000 ---p 00000000 00:00 0 
7f8edd9fd000-7f8eddafd000 rw-p 00000000 00:00 0 
7f8eddafd000-7f8eddafe000 ---p 00000000 00:00 0 
7f8eddafe000-7f8eddbfe000 rw-p 00000000 00:00 0 
7f8eddbfe000-7f8eddbff000 ---p 00000000 00:00 0 
7f8eddbff000-7f8eddcff000 rw-p 00000000 00:00 0 
7f8eddcff000-7f8eddd00000 ---p 00000000 00:00 0 
7f8eddd00000-7f8edfe00000 rw-p 00000000 00:00 0 
7f8edfeff000-7f8edff00000 ---p 00000000 00:00 0 
7f8edff00000-7f8ee0000000 rw-p 00000000 00:00 0 
7f8ee0000000-7f8ee0021000 rw-p 00000000 00:00 0 
7f8ee0021000-7f8ee4000000 ---p 00000000 00:00 0 
7f8ee40f9000-7f8ee40fa000 ---p 00000000 00:00 0 
7f8ee40fa000-7f8ee41fa000 rw-p 00000000 00:00 0 
7f8ee41fa000-7f8ee41fb000 ---p 00000000 00:00 0 
7f8ee41fb000-7f8ee42fb000 rw-p 00000000 00:00 0 
7f8ee42fb000-7f8ee42fc000 ---p 00000000 00:00 0 
7f8ee42fc000-7f8ee43fc000 rw-p 00000000 00:00 0 
7f8ee43fc000-7f8ee43fd000 ---p 00000000 00:00 0 
7f8ee43fd000-7f8ee44fd000 rw-p 00000000 00:00 0 
7f8ee44fd000-7f8ee44fe000 ---p 00000000 00:00 0 
7f8ee44fe000-7f8ee45fe000 rw-p 00000000 00:00 0 
7f8ee45fe000-7f8ee45ff000 ---p 00000000 00:00 0 
7f8ee45ff000-7f8ee46ff000 rw-p 00000000 00:00 0 
7f8ee46ff000-7f8ee4700000 ---p 00000000 00:00 0 
7f8ee4700000-7f8ee6800000 rw-p 00000000 00:00 0 
7f8ee6800000-7f8f02760000 ---p 00000000 00:00 0 
7f8f02760000-7f8f02780000 rw-p 00000000 00:00 0 
7f8f02800000-7f8f04800000 rw-p 00000000 00:00 0 
7f8f04800000-7f8f20760000 ---p 00000000 00:00 0 
7f8f20760000-7f8f20780000 rw-p 00000000 00:00 0 
7f8f20800000-7f8f20c00000 rw-p 00000000 00:00 0 
7f8f20c00000-7f8f243ec000 ---p 00000000 00:00 0 
7f8f243ec000-7f8f243f0000 rw-p 00000000 00:00 0 
7f8f24400000-7f8f24800000 rw-p 00000000 00:00 0 
7f8f24800000-7f8f27fec000 ---p 00000000 00:00 0 
7f8f27fec000-7f8f27ff0000 rw-p 00000000 00:00 0 
7f8f28000000-7f8f28021000 rw-p 00000000 00:00 0 
7f8f28021000-7f8f2c000000 ---p 00000000 00:00 0 
7f8f2c0fe000-7f8f2c0ff000 ---p 00000000 00:00 0 
7f8f2c0ff000-7f8f2c1ff000 rw-p 00000000 00:00 0 
7f8f2c4ff000-7f8f2c5ff000 rw-p 00000000 00:00 0 
7f8f2c8ff000-7f8f2c903000 ---p 00000000 00:00 0 
7f8f2c903000-7f8f2c9ff000 rw-p 00000000 00:00 0 
7f8f2c9ff000-7f8f2ca00000 ---p 00000000 00:00 0 
7f8f2ca00000-7f8f2cb00000 rw-p 00000000 00:00 0 
7f8f2cc00000-7f8f2cc04000 ---p 00000000 00:00 0 
7f8f2cc04000-7f8f2cd00000 rw-p 00000000 00:00 0 
7f8f2cd00000-7f8f2cd04000 ---p 00000000 00:00 0 
7f8f2cd04000-7f8f2ce00000 rw-p 00000000 00:00 0 
7f8f2ce00000-7f8f2d170000 rwxp 00000000 00:00 0 
7f8f2d170000-7f8f2d5ce000 ---p 00000000 00:00 0 
7f8f2d5ce000-7f8f2d8ee000 rwxp 00000000 00:00 0 
7f8f2d8ee000-7f8f349e7000 ---p 00000000 00:00 0 
7f8f349e7000-7f8f34c57000 rwxp 00000000 00:00 0 
7f8f34c57000-7f8f3be00000 ---p 00000000 00:00 0 
7f8f3be00000-7f8f3be04000 ---p 00000000 00:00 0 
7f8f3be04000-7f8f3c200000 rw-p 00000000 00:00 0 
7f8f3c200000-7f8f3c204000 ---p 00000000 00:00 0 
7f8f3c204000-7f8f3c300000 rw-p 00000000 00:00 0 
7f8f3c300000-7f8f3c304000 ---p 00000000 00:00 0 
7f8f3c304000-7f8f3c400000 rw-p 00000000 00:00 0 
7f8f3c400000-7f8f3c404000 ---p 00000000 00:00 0 
7f8f3c404000-7f8f3c500000 rw-p 00000000 00:00 0 
7f8f3c500000-7f8f3c504000 ---p 00000000 00:00 0 
7f8f3c504000-7f8f3cc80000 rw-p 00000000 00:00 0 
7f8f3cc80000-7f8f3ce00000 ---p 00000000 00:00 0 
7f8f3cefd000-7f8f3cefe000 ---p 00000000 00:00 0 
7f8f3cefe000-7f8f3cffe000 rw-p 00000000 00:00 0 
7f8f3cffe000-7f8f3cfff000 ---p 00000000 00:00 0 
7f8f3cfff000-7f8f3d0ff000 rw-p 00000000 00:00 0 
7f8f3d0ff000-7f8f3d100000 ---p 00000000 00:00 0 
7f8f3d100000-7f8f3d6be000 rw-p 00000000 00:00 0 
7f8f3d6ff000-7f8f3d700000 ---p 00000000 00:00 0 
7f8f3d700000-7f8f3dc00000 rw-p 00000000 00:00 0 
7f8f3dc00000-7f8f413ec000 ---p 00000000 00:00 0 
7f8f413ec000-7f8f413f0000 rw-p 00000000 00:00 0 
7f8f414dd000-7f8f414de000 ---p 00000000 00:00 0 
7f8f414de000-7f8f415de000 rw-p 00000000 00:00 0 
7f8f415de000-7f8f415df000 ---p 00000000 00:00 0 
7f8f415df000-7f8f416df000 rw-p 00000000 00:00 0 
7f8f416df000-7f8f49f20000 r--s 00000000 08:04 1116478605                 /usr/lib/jvm/java-11-openjdk-amd64/lib/modules
7f8f49f20000-7f8f4a1a3000 r--p 00000000 08:04 1116478613                 /usr/lib/jvm/java-11-openjdk-amd64/lib/server/libjvm.so
7f8f4a1a3000-7f8f4ae4e000 r-xp 00283000 08:04 1116478613                 /usr/lib/jvm/java-11-openjdk-amd64/lib/server/libjvm.so
7f8f4ae4e000-7f8f4b0aa000 r--p 00f2e000 08:04 1116478613                 /usr/lib/jvm/java-11-openjdk-amd64/lib/server/libjvm.so
7f8f4b0aa000-7f8f4b16e000 r--p 01189000 08:04 1116478613                 /usr/lib/jvm/java-11-openjdk-amd64/lib/server/libjvm.so
7f8f4b16e000-7f8f4b1a9000 rw-p 0124d000 08:04 1116478613                 /usr/lib/jvm/java-11-openjdk-amd64/lib/server/libjvm.so
7f8f4b1a9000-7f8f852ab000 rw-p 00000000 00:00 0 
7f8f85300000-7f8f9a000000 rw-p 00000000 00:00 0 
7f8f9a000000-7f8fb7600000 rw-p 00000000 00:00 0 
7f8fb7600000-7f8fc9400000 rw-p 00000000 00:00 0 
7f8fc9400000-7f8fd8000000 rw-p 00000000 00:00 0 
7f8fd8000000-7f8fe0e00000 rw-p 00000000 00:00 0 
7f8fe0e00000-7f8fe8600000 rw-p 00000000 00:00 0 
7f8fe8600000-7f8fecc00000 rw-p 00000000 00:00 0 
7f8fecc00000-7f8ff0800000 rw-p 00000000 00:00 0 
7f8ff0800000-7f8ff2c00000 rw-p 00000000 00:00 0 
7f8ff2c00000-7f8ff4a00000 rw-p 00000000 00:00 0 
7f8ff4a00000-7f8ff5c00000 rw-p 00000000 00:00 0 
7f8ff5c00000-7f8ff6e00000 rw-p 00000000 00:00 0 
7f8ff6e00000-7f8ff7800000 rw-p 00000000 00:00 0 
7f8ff7800000-7f8ff7e00000 rw-p 00000000 00:00 0 
7f8ff7e00000-7f8ff8360000 r-xp 00000000 00:204 70897316877               /mnt/primary/conda-envs/semantic_uncertainty_export/lib/libnvjpeg.so.11.9.0.86
7f8ff8360000-7f8ff8560000 ---p 00560000 00:204 70897316877               /mnt/primary/conda-envs/semantic_uncertainty_export/lib/libnvjpeg.so.11.9.0.86
7f8ff8560000-7f8ff856c000 r--p 00560000 00:204 70897316877               /mnt/primary/conda-envs/semantic_uncertainty_export/lib/libnvjpeg.so.11.9.0.86
7f8ff856c000-7f8ff856d000 rw-p 0056c000 00:204 70897316877               /mnt/primary/conda-envs/semantic_uncertainty_export/lib/libnvjpeg.so.11.9.0.86
7f8ff856d000-7f8ff8572000 rw-p 00000000 00:00 0 
7f8ff8572000-7f8ff8574000 rw-p 0056e000 00:204 70897316877               /mnt/primary/conda-envs/semantic_uncertainty_export/lib/libnvjpeg.so.11.9.0.86
7f8ff8624000-7f8ff8824000 rw-p 00000000 00:00 0 
7f8ff8824000-7f8ff8885000 r--p 00000000 00:204 148237027876              /mnt/primary/conda-envs/semantic_uncertainty_export/lib/libavcodec.so.58.91.100
7f8ff8885000-7f8ff91eb000 r-xp 00061000 00:204 148237027876              /mnt/primary/conda-envs/semantic_uncertainty_export/lib/libavcodec.so.58.91.100
7f8ff91eb000-7f8ff96c7000 r--p 009c7000 00:204 148237027876              /mnt/primary/conda-envs/semantic_uncertainty_export/lib/libavcodec.so.58.91.100
7f8ff96c7000-7f8ff96ff000 r--p 00ea2000 00:204 148237027876              /mnt/primary/conda-envs/semantic_uncertainty_export/lib/libavcodec.so.58.91.100
7f8ff96ff000-7f8ff9729000 rw-p 00eda000 00:204 148237027876              /mnt/primary/conda-envs/semantic_uncertainty_export/lib/libavcodec.so.58.91.100
7f8ff9729000-7f8ff9d0b000 rw-p 00000000 00:00 0 
7f8ff9d0b000-7f8ff9d6d000 r--p 00000000 00:204 148282762794              /mnt/primary/conda-envs/semantic_uncertainty_export/lib/python3.11/site-packages/torchvision/_C.so
7f8ff9d6d000-7f8ff9e51000 r-xp 00062000 00:204 148282762794              /mnt/primary/conda-envs/semantic_uncertainty_export/lib/python3.11/site-packages/torchvision/_C.so
7f8ff9e51000-7f8ffa33b000 r--p 00146000 00:204 148282762794              /mnt/primary/conda-envs/semantic_uncertainty_export/lib/python3.11/site-packages/torchvision/_C.so
7f8ffa33b000-7f8ffa33e000 r--p 0062f000 00:204 148282762794              /mnt/primary/conda-envs/semantic_uncertainty_export/lib/python3.11/site-packages/torchvision/_C.so
7f8ffa33e000-7f8ffa342000 rw-p 00632000 00:204 148282762794              /mnt/primary/conda-envs/semantic_uncertainty_export/lib/python3.11/site-packages/torchvision/_C.so
7f8ffa342000-7f8ffa344000 rw-p 00000000 00:00 0 
7f8ffa344000-7f8ffa3dc000 r--p 00000000 00:204 129271016470              /mnt/primary/conda-envs/semantic_uncertainty_export/lib/python3.11/site-packages/tokenizers/tokenizers.abi3.so
7f8ffa3dc000-7f8ffa7d5000 r-xp 00098000 00:204 129271016470              /mnt/primary/conda-envs/semantic_uncertainty_export/lib/python3.11/site-packages/tokenizers/tokenizers.abi3.so
7f8ffa7d5000-7f8ffa977000 r--p 00491000 00:204 129271016470              /mnt/primary/conda-envs/semantic_uncertainty_export/lib/python3.11/site-packages/tokenizers/tokenizers.abi3.so
7f8ffa977000-7f8ffa978000 ---p 00633000 00:204 129271016470              /mnt/primary/conda-envs/semantic_uncertainty_export/lib/python3.11/site-packages/tokenizers/tokenizers.abi3.so
7f8ffa978000-7f8ffa9f8000 r--p 00633000 00:204 129271016470              /mnt/primary/conda-envs/semantic_uncertainty_export/lib/python3.11/site-packages/tokenizers/tokenizers.abi3.so
7f8ffa9f8000-7f8ffa9ff000 rw-p 006b3000 00:204 129271016470              /mnt/primary/conda-envs/semantic_uncertainty_export/lib/python3.11/site-packages/tokenizers/tokenizers.abi3.so
7f8ffa9ff000-7f8ffaa00000 rw-p 00000000 00:00 0 
7f8ffaa00000-7f8ffaa17000 r-xp 00000000 00:204 70925084694               /mnt/primary/conda-envs/semantic_uncertainty_export/lib/libmpc.so.3.1.0
7f8ffaa17000-7f8ffac17000 ---p 00017000 00:204 70925084694               /mnt/primary/conda-envs/semantic_uncertainty_export/lib/libmpc.so.3.1.0
7f8ffac17000-7f8ffac18000 r--p 00017000 00:204 70925084694               /mnt/primary/conda-envs/semantic_uncertainty_export/lib/libmpc.so.3.1.0
7f8ffac18000-7f8ffac19000 rw-p 00018000 00:204 70925084694               /mnt/primary/conda-envs/semantic_uncertainty_export/lib/libmpc.so.3.1.0
7f8ffad00000-7f8ffb000000 rw-p 00000000 00:00 0 
7f8ffb000000-7f8ffdc5a000 r-xp 00000000 00:204 70897288732               /mnt/primary/conda-envs/semantic_uncertainty_export/lib/libnvrtc.so.11.8.89
7f8ffdc5a000-7f8ffde59000 ---p 02c5a000 00:204 70897288732               /mnt/primary/conda-envs/semantic_uncertainty_export/lib/libnvrtc.so.11.8.89
7f8ffde59000-7f8ffe51c000 r--p 02c59000 00:204 70897288732               /mnt/primary/conda-envs/semantic_uncertainty_export/lib/libnvrtc.so.11.8.89
7f8ffe51c000-7f8ffe5e4000 rw-p 0331c000 00:204 70897288732               /mnt/primary/conda-envs/semantic_uncertainty_export/lib/libnvrtc.so.11.8.89
7f8ffe5e4000-7f8ffe6e4000 rw-p 00000000 00:00 0 
7f8ffe6e4000-7f8ffe6e6000 rw-p 033e4000 00:204 70897288732               /mnt/primary/conda-envs/semantic_uncertainty_export/lib/libnvrtc.so.11.8.89
7f8ffe724000-7f8ffea24000 rw-p 00000000 00:00 0 
7f8ffea24000-7f8ffeb1d000 r--p 00000000 00:204 81779481643               /mnt/primary/conda-envs/semantic_uncertainty_export/lib/python3.11/site-packages/torch/lib/libnvfuser_codegen.so
7f8ffeb1d000-7f8ffee97000 r-xp 000f9000 00:204 81779481643               /mnt/primary/conda-envs/semantic_uncertainty_export/lib/python3.11/site-packages/torch/lib/libnvfuser_codegen.so
7f8ffee97000-7f8ffefe0000 r--p 00473000 00:204 81779481643               /mnt/primary/conda-envs/semantic_uncertainty_export/lib/python3.11/site-packages/torch/lib/libnvfuser_codegen.so
7f8ffefe0000-7f8ffefe1000 ---p 005bc000 00:204 81779481643               /mnt/primary/conda-envs/semantic_uncertainty_export/lib/python3.11/site-packages/torch/lib/libnvfuser_codegen.so
7f8ffefe1000-7f8ffeff9000 r--p 005bc000 00:204 81779481643               /mnt/primary/conda-envs/semantic_uncertainty_export/lib/python3.11/site-packages/torch/lib/libnvfuser_codegen.so
7f8ffeff9000-7f8ffefff000 rw-p 005d4000 00:204 81779481643               /mnt/primary/conda-envs/semantic_uncertainty_export/lib/python3.11/site-packages/torch/lib/libnvfuser_codegen.so
7f8ffefff000-7f8fff000000 rw-p 00000000 00:00 0 
7f8fff000000-7f900fac0000 r-xp 00000000 00:204 70897288757               /mnt/primary/conda-envs/semantic_uncertainty_export/lib/libcusparse.so.11.7.5.86
7f900fac0000-7f900fcc0000 ---p 10ac0000 00:204 70897288757               /mnt/primary/conda-envs/semantic_uncertainty_export/lib/libcusparse.so.11.7.5.86
7f900fcc0000-7f900fccf000 r--p 10ac0000 00:204 70897288757               /mnt/primary/conda-envs/semantic_uncertainty_export/lib/libcusparse.so.11.7.5.86
7f900fccf000-7f900fcef000 rw-p 10acf000 00:204 70897288757               /mnt/primary/conda-envs/semantic_uncertainty_export/lib/libcusparse.so.11.7.5.86
7f900fcef000-7f900fcf8000 rw-p 00000000 00:00 0 
7f900fcf8000-7f900fcfd000 rw-p 10aef000 00:204 70897288757               /mnt/primary/conda-envs/semantic_uncertainty_export/lib/libcusparse.so.11.7.5.86
7f900fd00000-7f9010000000 rw-p 00000000 00:00 0 
7f9010000000-7f90105fe000 r-xp 00000000 00:204 81779481642               /mnt/primary/conda-envs/semantic_uncertainty_export/lib/python3.11/site-packages/torch/lib/libcupti-ae79a72e.so.11.8
7f90105fe000-7f90107fd000 ---p 005fe000 00:204 81779481642               /mnt/primary/conda-envs/semantic_uncertainty_export/lib/python3.11/site-packages/torch/lib/libcupti-ae79a72e.so.11.8
7f90107fd000-7f9010847000 r--p 005fd000 00:204 81779481642               /mnt/primary/conda-envs/semantic_uncertainty_export/lib/python3.11/site-packages/torch/lib/libcupti-ae79a72e.so.11.8
7f9010847000-7f90108de000 rw-p 00647000 00:204 81779481642               /mnt/primary/conda-envs/semantic_uncertainty_export/lib/python3.11/site-packages/torch/lib/libcupti-ae79a72e.so.11.8
7f90108de000-7f9010915000 rw-p 00000000 00:00 0 
7f9010915000-7f9010918000 rw-p 006de000 00:204 81779481642               /mnt/primary/conda-envs/semantic_uncertainty_export/lib/python3.11/site-packages/torch/lib/libcupti-ae79a72e.so.11.8
7f9010a00000-7f9010c00000 rw-p 00000000 00:00 0 
7f9010c00000-7f9010c24000 r-xp 00000000 00:204 81779481635               /mnt/primary/conda-envs/semantic_uncertainty_export/lib/python3.11/site-packages/torch/lib/libcudnn.so.8
7f9010c24000-7f9010e23000 ---p 00024000 00:204 81779481635               /mnt/primary/conda-envs/semantic_uncertainty_export/lib/python3.11/site-packages/torch/lib/libcudnn.so.8
7f9010e23000-7f9010e24000 r--p 00023000 00:204 81779481635               /mnt/primary/conda-envs/semantic_uncertainty_export/lib/python3.11/site-packages/torch/lib/libcudnn.so.8
7f9010e24000-7f9010e25000 rw-p 00024000 00:204 81779481635               /mnt/primary/conda-envs/semantic_uncertainty_export/lib/python3.11/site-packages/torch/lib/libcudnn.so.8
7f9010e25000-7f9010e26000 rw-p 00000000 00:00 0 
7f9010e26000-7f9010e29000 rw-p 00025000 00:204 81779481635               /mnt/primary/conda-envs/semantic_uncertainty_export/lib/python3.11/site-packages/torch/lib/libcudnn.so.8
7f9010eb0000-7f90111b0000 rw-p 00000000 00:00 0 
7f90111b0000-7f9011e02000 r--p 00000000 00:204 81779481647               /mnt/primary/conda-envs/semantic_uncertainty_export/lib/python3.11/site-packages/torch/lib/libtorch_cuda.so
7f9011e02000-7f90144a0000 r-xp 00c52000 00:204 81779481647               /mnt/primary/conda-envs/semantic_uncertainty_export/lib/python3.11/site-packages/torch/lib/libtorch_cuda.so
7f90144a0000-7f905d5c8000 r--p 032f0000 00:204 81779481647               /mnt/primary/conda-envs/semantic_uncertainty_export/lib/python3.11/site-packages/torch/lib/libtorch_cuda.so
7f905d5c8000-7f905d5c9000 ---p 4c418000 00:204 81779481647               /mnt/primary/conda-envs/semantic_uncertainty_export/lib/python3.11/site-packages/torch/lib/libtorch_cuda.so
7f905d5c9000-7f905d644000 r--p 4c418000 00:204 81779481647               /mnt/primary/conda-envs/semantic_uncertainty_export/lib/python3.11/site-packages/torch/lib/libtorch_cuda.so
7f905d644000-7f905d66d000 rw-p 4c493000 00:204 81779481647               /mnt/primary/conda-envs/semantic_uncertainty_export/lib/python3.11/site-packages/torch/lib/libtorch_cuda.so
7f905d66d000-7f905e396000 rw-p 00000000 00:00 0 
7f905e396000-7f905efaa000 r--p 00000000 00:204 81779481646               /mnt/primary/conda-envs/semantic_uncertainty_export/lib/python3.11/site-packages/torch/lib/libtorch_cpu.so
7f905efaa000-7f9067d1b000 r-xp 00c14000 00:204 81779481646               /mnt/primary/conda-envs/semantic_uncertainty_export/lib/python3.11/site-packages/torch/lib/libtorch_cpu.so
7f9067d1b000-7f9069b69000 r--p 09985000 00:204 81779481646               /mnt/primary/conda-envs/semantic_uncertainty_export/lib/python3.11/site-packages/torch/lib/libtorch_cpu.so
7f9069b69000-7f9069d5c000 r--p 0b7d2000 00:204 81779481646               /mnt/primary/conda-envs/semantic_uncertainty_export/lib/python3.11/site-packages/torch/lib/libtorch_cpu.so
7f9069d5c000-7f9069d95000 rw-p 0b9c5000 00:204 81779481646               /mnt/primary/conda-envs/semantic_uncertainty_export/lib/python3.11/site-packages/torch/lib/libtorch_cpu.so
7f9069d95000-7f9069e10000 rw-p 00000000 00:00 0 
7f9069e10000-7f906a316000 rw-p 104ec000 00:204 81779481646               /mnt/primary/conda-envs/semantic_uncertainty_export/lib/python3.11/site-packages/torch/lib/libtorch_cpu.so
7f906a316000-7f906a50f000 r--p 00000000 00:204 81779481650               /mnt/primary/conda-envs/semantic_uncertainty_export/lib/python3.11/site-packages/torch/lib/libtorch_python.so
7f906a50f000-7f906afe6000 r-xp 001f9000 00:204 81779481650               /mnt/primary/conda-envs/semantic_uncertainty_export/lib/python3.11/site-packages/torch/lib/libtorch_python.so
7f906afe6000-7f906b32d000 r--p 00cd0000 00:204 81779481650               /mnt/primary/conda-envs/semantic_uncertainty_export/lib/python3.11/site-packages/torch/lib/libtorch_python.so
7f906b32d000-7f906b32e000 ---p 01017000 00:204 81779481650               /mnt/primary/conda-envs/semantic_uncertainty_export/lib/python3.11/site-packages/torch/lib/libtorch_python.so
7f906b32e000-7f906b34a000 r--p 01017000 00:204 81779481650               /mnt/primary/conda-envs/semantic_uncertainty_export/lib/python3.11/site-packages/torch/lib/libtorch_python.so
7f906b34a000-7f906b39e000 rw-p 01033000 00:204 81779481650               /mnt/primary/conda-envs/semantic_uncertainty_export/lib/python3.11/site-packages/torch/lib/libtorch_python.so
7f906b39e000-7f906b400000 rw-p 00000000 00:00 0 
7f906b400000-7f906e499000 r-xp 00000000 08:04 1611306985                 /usr/local/cuda-12.2/targets/x86_64-linux/lib/libnvrtc.so.12.2.140
7f906e499000-7f906e698000 ---p 03099000 08:04 1611306985                 /usr/local/cuda-12.2/targets/x86_64-linux/lib/libnvrtc.so.12.2.140
7f906e698000-7f906ec83000 r--p 03098000 08:04 1611306985                 /usr/local/cuda-12.2/targets/x86_64-linux/lib/libnvrtc.so.12.2.140
7f906ec83000-7f906ed5a000 rw-p 03683000 08:04 1611306985                 /usr/local/cuda-12.2/targets/x86_64-linux/lib/libnvrtc.so.12.2.140
7f906ed5a000-7f906ee57000 rw-p 00000000 00:00 0 
7f906ee94000-7f906f194000 rw-p 00000000 00:00 0 
7f906f194000-7f906f275000 r--p 00000000 08:04 4604425                    /usr/lib/x86_64-linux-gnu/libcuda.so.535.154.05
7f906f275000-7f906f794000 r-xp 000e1000 08:04 4604425                    /usr/lib/x86_64-linux-gnu/libcuda.so.535.154.05
7f906f794000-7f9070c7a000 r--p 00600000 08:04 4604425                    /usr/lib/x86_64-linux-gnu/libcuda.so.535.154.05
7f9070c7a000-7f9070c93000 r--p 01ae5000 08:04 4604425                    /usr/lib/x86_64-linux-gnu/libcuda.so.535.154.05
7f9070c93000-7f9070d99000 rw-p 01afe000 08:04 4604425                    /usr/lib/x86_64-linux-gnu/libcuda.so.535.154.05
7f9070d99000-7f9070e00000 rw-p 00000000 00:00 0 
7f9070e00000-7f9070e08000 r-xp 00000000 00:204 70897288735               /mnt/primary/conda-envs/semantic_uncertainty_export/lib/libnvToolsExt.so.1.0.0
7f9070e08000-7f9071008000 ---p 00008000 00:204 70897288735               /mnt/primary/conda-envs/semantic_uncertainty_export/lib/libnvToolsExt.so.1.0.0
7f9071008000-7f9071009000 r--p 00008000 00:204 70897288735               /mnt/primary/conda-envs/semantic_uncertainty_export/lib/libnvToolsExt.so.1.0.0
7f9071009000-7f907100b000 rw-p 00009000 00:204 70897288735               /mnt/primary/conda-envs/semantic_uncertainty_export/lib/libnvToolsExt.so.1.0.0
7f9071079000-7f9071279000 rw-p 00000000 00:00 0 
7f9071279000-7f907128c000 r--p 00000000 00:204 148237000213              /mnt/primary/conda-envs/semantic_uncertainty_export/lib/libunistring.so.2.1.0
7f907128c000-7f90712c4000 r-xp 00013000 00:204 148237000213              /mnt/primary/conda-envs/semantic_uncertainty_export/lib/libunistring.so.2.1.0
7f90712c4000-7f90713fb000 r--p 0004b000 00:204 148237000213              /mnt/primary/conda-envs/semantic_uncertainty_export/lib/libunistring.so.2.1.0
7f90713fb000-7f90713ff000 r--p 00181000 00:204 148237000213              /mnt/primary/conda-envs/semantic_uncertainty_export/lib/libunistring.so.2.1.0
7f90713ff000-7f9071400000 rw-p 00185000 00:204 148237000213              /mnt/primary/conda-envs/semantic_uncertainty_export/lib/libunistring.so.2.1.0
7f9071400000-7f90714a0000 r-xp 00000000 00:204 70897288714               /mnt/primary/conda-envs/semantic_uncertainty_export/lib/libcudart.so.11.8.89
7f90714a0000-7f90716a0000 ---p 000a0000 00:204 70897288714               /mnt/primary/conda-envs/semantic_uncertainty_export/lib/libcudart.so.11.8.89
7f90716a0000-7f90716a5000 r--p 000a0000 00:204 70897288714               /mnt/primary/conda-envs/semantic_uncertainty_export/lib/libcudart.so.11.8.89
7f90716a5000-7f90716a6000 rw-p 000a5000 00:204 70897288714               /mnt/primary/conda-envs/semantic_uncertainty_export/lib/libcudart.so.11.8.89
7f90716a6000-7f90716a7000 rw-p 00000000 00:00 0 
7f90716a7000-7f90716ab000 rw-p 000a6000 00:204 70897288714               /mnt/primary/conda-envs/semantic_uncertainty_export/lib/libcudart.so.11.8.89
7f9071751000-7f9071762000 r--p 00000000 00:204 148237027881              /mnt/primary/conda-envs/semantic_uncertainty_export/lib/libavutil.so.56.51.100
7f9071762000-7f90717d4000 r-xp 00011000 00:204 148237027881              /mnt/primary/conda-envs/semantic_uncertainty_export/lib/libavutil.so.56.51.100
7f90717d4000-7f90717ec000 r--p 00083000 00:204 148237027881              /mnt/primary/conda-envs/semantic_uncertainty_export/lib/libavutil.so.56.51.100
7f90717ec000-7f90717ed000 ---p 0009b000 00:204 148237027881              /mnt/primary/conda-envs/semantic_uncertainty_export/lib/libavutil.so.56.51.100
7f90717ed000-7f90717f8000 r--p 0009b000 00:204 148237027881              /mnt/primary/conda-envs/semantic_uncertainty_export/lib/libavutil.so.56.51.100
7f90717f8000-7f90717f9000 rw-p 000a6000 00:204 148237027881              /mnt/primary/conda-envs/semantic_uncertainty_export/lib/libavutil.so.56.51.100
7f90717f9000-7f9071a00000 rw-p 00000000 00:00 0 
7f9071a00000-7f9092cfc000 r-xp 00000000 00:204 70897288739               /mnt/primary/conda-envs/semantic_uncertainty_export/lib/libcublasLt.so.11.11.3.6
7f9092cfc000-7f9092efc000 ---p 212fc000 00:204 70897288739               /mnt/primary/conda-envs/semantic_uncertainty_export/lib/libcublasLt.so.11.11.3.6
7f9092efc000-7f9093182000 r--p 212fc000 00:204 70897288739               /mnt/primary/conda-envs/semantic_uncertainty_export/lib/libcublasLt.so.11.11.3.6
7f9093182000-7f9093ff3000 rw-p 21582000 00:204 70897288739               /mnt/primary/conda-envs/semantic_uncertainty_export/lib/libcublasLt.so.11.11.3.6
7f9093ff3000-7f9095f86000 rw-p 00000000 00:00 0 
7f9095f86000-7f9095f8a000 rw-p 223f3000 00:204 70897288739               /mnt/primary/conda-envs/semantic_uncertainty_export/lib/libcublasLt.so.11.11.3.6
7f909607d000-7f90960b0000 r--p 00000000 00:204 148237001233              /mnt/primary/conda-envs/semantic_uncertainty_export/lib/libgnutls.so.30.28.1
7f90960b0000-7f9096195000 r-xp 00033000 00:204 148237001233              /mnt/primary/conda-envs/semantic_uncertainty_export/lib/libgnutls.so.30.28.1
7f9096195000-7f90961ed000 r--p 00118000 00:204 148237001233              /mnt/primary/conda-envs/semantic_uncertainty_export/lib/libgnutls.so.30.28.1
7f90961ed000-7f90961fd000 r--p 0016f000 00:204 148237001233              /mnt/primary/conda-envs/semantic_uncertainty_export/lib/libgnutls.so.30.28.1
7f90961fd000-7f90961ff000 rw-p 0017f000 00:204 148237001233              /mnt/primary/conda-envs/semantic_uncertainty_export/lib/libgnutls.so.30.28.1
7f90961ff000-7f9096200000 rw-p 00000000 00:00 0 
7f9096200000-7f909bc4b000 r-xp 00000000 00:204 70897288737               /mnt/primary/conda-envs/semantic_uncertainty_export/lib/libcublas.so.11.11.3.6
7f909bc4b000-7f909be4b000 ---p 05a4b000 00:204 70897288737               /mnt/primary/conda-envs/semantic_uncertainty_export/lib/libcublas.so.11.11.3.6
7f909be4b000-7f909be52000 r--p 05a4b000 00:204 70897288737               /mnt/primary/conda-envs/semantic_uncertainty_export/lib/libcublas.so.11.11.3.6
7f909be52000-7f909be57000 rw-p 05a52000 00:204 70897288737               /mnt/primary/conda-envs/semantic_uncertainty_export/lib/libcublas.so.11.11.3.6
7f909be57000-7f909be5e000 rw-p 00000000 00:00 0 
7f909be5e000-7f909be62000 rw-p 05a58000 00:204 70897288737               /mnt/primary/conda-envs/semantic_uncertainty_export/lib/libcublas.so.11.11.3.6
7f909be67000-7f909be9d000 r--p 00000000 00:204 70898552840               /mnt/primary/conda-envs/semantic_uncertainty_export/lib/libopenh264.so.2.1.1
7f909be9d000-7f909bf5d000 r-xp 00036000 00:204 70898552840               /mnt/primary/conda-envs/semantic_uncertainty_export/lib/libopenh264.so.2.1.1
7f909bf5d000-7f909bf85000 r--p 000f6000 00:204 70898552840               /mnt/primary/conda-envs/semantic_uncertainty_export/lib/libopenh264.so.2.1.1
7f909bf85000-7f909bf86000 ---p 0011e000 00:204 70898552840               /mnt/primary/conda-envs/semantic_uncertainty_export/lib/libopenh264.so.2.1.1
7f909bf86000-7f909bf8b000 r--p 0011e000 00:204 70898552840               /mnt/primary/conda-envs/semantic_uncertainty_export/lib/libopenh264.so.2.1.1
7f909bf8b000-7f909bf8c000 rw-p 00123000 00:204 70898552840               /mnt/primary/conda-envs/semantic_uncertainty_export/lib/libopenh264.so.2.1.1
7f909bf8c000-7f909bfc6000 r--p 00000000 00:204 148237027879              /mnt/primary/conda-envs/semantic_uncertainty_export/lib/libavformat.so.58.45.100
7f909bfc6000-7f909c15c000 r-xp 0003a000 00:204 148237027879              /mnt/primary/conda-envs/semantic_uncertainty_export/lib/libavformat.so.58.45.100
7f909c15c000-7f909c1ca000 r--p 001d0000 00:204 148237027879              /mnt/primary/conda-envs/semantic_uncertainty_export/lib/libavformat.so.58.45.100
7f909c1ca000-7f909c1e8000 r--p 0023d000 00:204 148237027879              /mnt/primary/conda-envs/semantic_uncertainty_export/lib/libavformat.so.58.45.100
7f909c1e8000-7f909c200000 rw-p 0025b000 00:204 148237027879              /mnt/primary/conda-envs/semantic_uncertainty_export/lib/libavformat.so.58.45.100
7f909c200000-7f90a099b000 r-xp 00000000 00:204 70897288751               /mnt/primary/conda-envs/semantic_uncertainty_export/lib/libcurand.so.10.3.4.52
7f90a099b000-7f90a0b9b000 ---p 0479b000 00:204 70897288751               /mnt/primary/conda-envs/semantic_uncertainty_export/lib/libcurand.so.10.3.4.52
7f90a0b9b000-7f90a0ba1000 r--p 0479b000 00:204 70897288751               /mnt/primary/conda-envs/semantic_uncertainty_export/lib/libcurand.so.10.3.4.52
7f90a0ba1000-7f90a1fcd000 rw-p 047a1000 00:204 70897288751               /mnt/primary/conda-envs/semantic_uncertainty_export/lib/libcurand.so.10.3.4.52
7f90a1fcd000-7f90a2605000 rw-p 00000000 00:00 0 
7f90a2605000-7f90a2606000 rw-p 05bcd000 00:204 70897288751               /mnt/primary/conda-envs/semantic_uncertainty_export/lib/libcurand.so.10.3.4.52
7f90a2700000-7f90a2a00000 rw-p 00000000 00:00 0 
7f90a2a00000-7f90a586f000 r-xp 00000000 00:204 70897288743               /mnt/primary/conda-envs/semantic_uncertainty_export/lib/libcufft.so.10.9.0.58
7f90a586f000-7f90a5a6f000 ---p 02e6f000 00:204 70897288743               /mnt/primary/conda-envs/semantic_uncertainty_export/lib/libcufft.so.10.9.0.58
7f90a5a6f000-7f90a5b03000 r--p 02e6f000 00:204 70897288743               /mnt/primary/conda-envs/semantic_uncertainty_export/lib/libcufft.so.10.9.0.58
7f90a5b03000-7f90b363a000 rw-p 02f03000 00:204 70897288743               /mnt/primary/conda-envs/semantic_uncertainty_export/lib/libcufft.so.10.9.0.58
7f90b363a000-7f90b38db000 rw-p 00000000 00:00 0 
7f90b38db000-7f90b38dd000 rw-p 10a3b000 00:204 70897288743               /mnt/primary/conda-envs/semantic_uncertainty_export/lib/libcufft.so.10.9.0.58
7f90b3980000-7f90b3b80000 rw-p 00000000 00:00 0 
7f90b3b80000-7f90b3d53000 r--p 00000000 00:204 70924951606               /mnt/primary/conda-envs/semantic_uncertainty_export/lib/libmkl_gnu_thread.so.2
7f90b3d53000-7f90b5529000 r-xp 001d3000 00:204 70924951606               /mnt/primary/conda-envs/semantic_uncertainty_export/lib/libmkl_gnu_thread.so.2
7f90b5529000-7f90b56cb000 r--p 019a9000 00:204 70924951606               /mnt/primary/conda-envs/semantic_uncertainty_export/lib/libmkl_gnu_thread.so.2
7f90b56cb000-7f90b56cf000 r--p 01b4a000 00:204 70924951606               /mnt/primary/conda-envs/semantic_uncertainty_export/lib/libmkl_gnu_thread.so.2
7f90b56cf000-7f90b571c000 rw-p 01b4e000 00:204 70924951606               /mnt/primary/conda-envs/semantic_uncertainty_export/lib/libmkl_gnu_thread.so.2
7f90b571c000-7f90b571d000 rw-p 00000000 00:00 0 
7f90b571d000-7f90b5800000 rw-p 01d98000 00:204 70924951606               /mnt/primary/conda-envs/semantic_uncertainty_export/lib/libmkl_gnu_thread.so.2
7f90b5800000-7f90b5825000 r-xp 00000000 00:204 135369460281              /mnt/primary/conda-envs/semantic_uncertainty_export/lib/python3.11/site-packages/scikit_learn.libs/libgomp-a34b3233.so.1.0.0
7f90b5825000-7f90b5a24000 ---p 00025000 00:204 135369460281              /mnt/primary/conda-envs/semantic_uncertainty_export/lib/python3.11/site-packages/scikit_learn.libs/libgomp-a34b3233.so.1.0.0
7f90b5a24000-7f90b5a25000 r--p 00024000 00:204 135369460281              /mnt/primary/conda-envs/semantic_uncertainty_export/lib/python3.11/site-packages/scikit_learn.libs/libgomp-a34b3233.so.1.0.0
7f90b5a25000-7f90b5a2a000 rw-p 00025000 00:204 135369460281              /mnt/primary/conda-envs/semantic_uncertainty_export/lib/python3.11/site-packages/scikit_learn.libs/libgomp-a34b3233.so.1.0.0
7f90b5b00000-7f90b5e00000 rw-p 00000000 00:00 0 
7f90b6200000-7f90b8200000 rw-p 00000000 00:00 0 
7f90b8200000-7f90b8400000 rw-p 00000000 00:00 0 
7f90b8400000-7f90ba400000 rw-p 00000000 00:00 0 
7f90ba400000-7f90ba600000 rw-p 00000000 00:00 0 
7f90ba600000-7f90ba601000 ---p 00000000 00:00 0 
7f90ba601000-7f90bae01000 rw-p 00000000 00:00 0 
7f90baf00000-7f90bb000000 rw-p 00000000 00:00 0 
7f90bb000000-7f90bd000000 rw-p 00000000 00:00 0 
7f90bd000000-7f90bd200000 rw-p 00000000 00:00 0 
7f90bd200000-7f90bd201000 ---p 00000000 00:00 0 
7f90bd201000-7f90bda01000 rw-p 00000000 00:00 0 
7f90bdb00000-7f90bdc00000 rw-p 00000000 00:00 0 
7f90bdc00000-7f90bfc00000 rw-p 00000000 00:00 0 
7f90bfc00000-7f90bfe00000 rw-p 00000000 00:00 0 
7f90bfe00000-7f90bfe01000 ---p 00000000 00:00 0 
7f90bfe01000-7f90c0601000 rw-p 00000000 00:00 0 
7f90c0700000-7f90c0800000 rw-p 00000000 00:00 0 
7f90c0800000-7f90c2800000 rw-p 00000000 00:00 0 
7f90c2800000-7f90c2a00000 rw-p 00000000 00:00 0 
7f90c2a00000-7f90c2a01000 ---p 00000000 00:00 0 
7f90c2a01000-7f90c3201000 rw-p 00000000 00:00 0 
7f90c3300000-7f90c3400000 rw-p 00000000 00:00 0 
7f90c3400000-7f90c5400000 rw-p 00000000 00:00 0 
7f90c5400000-7f90c5600000 rw-p 00000000 00:00 0 
7f90c5600000-7f90c5601000 ---p 00000000 00:00 0 
7f90c5601000-7f90c5e01000 rw-p 00000000 00:00 0 
7f90c5f00000-7f90c6000000 rw-p 00000000 00:00 0 
7f90c6000000-7f90c8000000 rw-p 00000000 00:00 0 
7f90c8000000-7f90c8200000 rw-p 00000000 00:00 0 
7f90c8200000-7f90c8201000 ---p 00000000 00:00 0 
7f90c8201000-7f90c8a01000 rw-p 00000000 00:00 0 
7f90c8a17000-7f90c8a1c000 rw-p 00000000 00:00 0 
7f90c8a1c000-7f90c8b00000 ---p 00000000 00:00 0 
7f90c8b00000-7f90c8c00000 rw-p 00000000 00:00 0 
7f90c8c00000-7f90cac00000 rw-p 00000000 00:00 0 
7f90cac00000-7f90cae00000 rw-p 00000000 00:00 0 
7f90cae00000-7f90cae01000 ---p 00000000 00:00 0 
7f90cae01000-7f90cb601000 rw-p 00000000 00:00 0 
7f90cb617000-7f90cb61e000 rw-p 00000000 00:00 0 
7f90cb61e000-7f90cb700000 ---p 00000000 00:00 0 
7f90cb700000-7f90cb800000 rw-p 00000000 00:00 0 
7f90cb800000-7f90cd800000 rw-p 00000000 00:00 0 
7f90cd800000-7f90cda00000 rw-p 00000000 00:00 0 
7f90cda00000-7f90cda01000 ---p 00000000 00:00 0 
7f90cda01000-7f90ce201000 rw-p 00000000 00:00 0 
7f90ce25a000-7f90ce261000 r--p 00000000 00:204 101037297702              /mnt/primary/conda-envs/semantic_uncertainty_export/lib/python3.11/site-packages/jnius/jnius.cpython-311-x86_64-linux-gnu.so
7f90ce261000-7f90ce2ea000 r-xp 00007000 00:204 101037297702              /mnt/primary/conda-envs/semantic_uncertainty_export/lib/python3.11/site-packages/jnius/jnius.cpython-311-x86_64-linux-gnu.so
7f90ce2ea000-7f90ce2f9000 r--p 00090000 00:204 101037297702              /mnt/primary/conda-envs/semantic_uncertainty_export/lib/python3.11/site-packages/jnius/jnius.cpython-311-x86_64-linux-gnu.so
7f90ce2f9000-7f90ce2fa000 ---p 0009f000 00:204 101037297702              /mnt/primary/conda-envs/semantic_uncertainty_export/lib/python3.11/site-packages/jnius/jnius.cpython-311-x86_64-linux-gnu.so
7f90ce2fa000-7f90ce2fb000 r--p 0009f000 00:204 101037297702              /mnt/primary/conda-envs/semantic_uncertainty_export/lib/python3.11/site-packages/jnius/jnius.cpython-311-x86_64-linux-gnu.so
7f90ce2fb000-7f90ce2ff000 rw-p 000a0000 00:204 101037297702              /mnt/primary/conda-envs/semantic_uncertainty_export/lib/python3.11/site-packages/jnius/jnius.cpython-311-x86_64-linux-gnu.so
7f90ce2ff000-7f90ce400000 rw-p 00000000 00:00 0 
7f90ce400000-7f90d0400000 rw-p 00000000 00:00 0 
7f90d0400000-7f90d0600000 rw-p 00000000 00:00 0 
7f90d0600000-7f90d0601000 ---p 00000000 00:00 0 
7f90d0601000-7f90d0e01000 rw-p 00000000 00:00 0 
7f90d0e69000-7f90d0e6e000 r--p 00000000 00:204 70898546218               /mnt/primary/conda-envs/semantic_uncertainty_export/lib/libjpeg.so.8.2.2
7f90d0e6e000-7f90d0ec3000 r-xp 00005000 00:204 70898546218               /mnt/primary/conda-envs/semantic_uncertainty_export/lib/libjpeg.so.8.2.2
7f90d0ec3000-7f90d0efe000 r--p 0005a000 00:204 70898546218               /mnt/primary/conda-envs/semantic_uncertainty_export/lib/libjpeg.so.8.2.2
7f90d0efe000-7f90d0eff000 r--p 00094000 00:204 70898546218               /mnt/primary/conda-envs/semantic_uncertainty_export/lib/libjpeg.so.8.2.2
7f90d0eff000-7f90d0f00000 rw-p 00095000 00:204 70898546218               /mnt/primary/conda-envs/semantic_uncertainty_export/lib/libjpeg.so.8.2.2
7f90d0f00000-7f90d1000000 rw-p 00000000 00:00 0 
7f90d1000000-7f90d3000000 rw-p 00000000 00:00 0 
7f90d3000000-7f90d3200000 rw-p 00000000 00:00 0 
7f90d3200000-7f90d5200000 rw-p 00000000 00:00 0 
7f90d5200000-7f90d5400000 rw-p 00000000 00:00 0 
7f90d5400000-7f90d5401000 ---p 00000000 00:00 0 
7f90d5401000-7f90d5c01000 rw-p 00000000 00:00 0 
7f90d5c38000-7f90d5c42000 r--p 00000000 00:204 148237001219              /mnt/primary/conda-envs/semantic_uncertainty_export/lib/libhogweed.so.6.4
7f90d5c42000-7f90d5c55000 r-xp 0000a000 00:204 148237001219              /mnt/primary/conda-envs/semantic_uncertainty_export/lib/libhogweed.so.6.4
7f90d5c55000-7f90d5c7f000 r--p 0001d000 00:204 148237001219              /mnt/primary/conda-envs/semantic_uncertainty_export/lib/libhogweed.so.6.4
7f90d5c7f000-7f90d5c81000 r--p 00046000 00:204 148237001219              /mnt/primary/conda-envs/semantic_uncertainty_export/lib/libhogweed.so.6.4
7f90d5c81000-7f90d5c82000 rw-p 00048000 00:204 148237001219              /mnt/primary/conda-envs/semantic_uncertainty_export/lib/libhogweed.so.6.4
7f90d5c82000-7f90d5c8d000 r--p 00000000 00:204 70898546190               /mnt/primary/conda-envs/semantic_uncertainty_export/lib/libmp3lame.so.0.0.0
7f90d5c8d000-7f90d5cbf000 r-xp 0000b000 00:204 70898546190               /mnt/primary/conda-envs/semantic_uncertainty_export/lib/libmp3lame.so.0.0.0
7f90d5cbf000-7f90d5ccf000 r--p 0003d000 00:204 70898546190               /mnt/primary/conda-envs/semantic_uncertainty_export/lib/libmp3lame.so.0.0.0
7f90d5ccf000-7f90d5cd0000 ---p 0004d000 00:204 70898546190               /mnt/primary/conda-envs/semantic_uncertainty_export/lib/libmp3lame.so.0.0.0
7f90d5cd0000-7f90d5cd2000 r--p 0004d000 00:204 70898546190               /mnt/primary/conda-envs/semantic_uncertainty_export/lib/libmp3lame.so.0.0.0
7f90d5cd2000-7f90d5cd3000 rw-p 0004f000 00:204 70898546190               /mnt/primary/conda-envs/semantic_uncertainty_export/lib/libmp3lame.so.0.0.0
7f90d5cd3000-7f90d5e00000 rw-p 00000000 00:00 0 
7f90d5e00000-7f90d5e01000 ---p 00000000 00:00 0 
7f90d5e01000-7f90d6601000 rw-p 00000000 00:00 0 
7f90d661a000-7f90d661d000 r--p 00000000 00:204 70898546215               /mnt/primary/conda-envs/semantic_uncertainty_export/lib/libiconv.so.2.6.1
7f90d661d000-7f90d6631000 r-xp 00003000 00:204 70898546215               /mnt/primary/conda-envs/semantic_uncertainty_export/lib/libiconv.so.2.6.1
7f90d6631000-7f90d66fd000 r--p 00017000 00:204 70898546215               /mnt/primary/conda-envs/semantic_uncertainty_export/lib/libiconv.so.2.6.1
7f90d66fd000-7f90d66ff000 r--p 000e2000 00:204 70898546215               /mnt/primary/conda-envs/semantic_uncertainty_export/lib/libiconv.so.2.6.1
7f90d66ff000-7f90d6700000 rw-p 000e4000 00:204 70898546215               /mnt/primary/conda-envs/semantic_uncertainty_export/lib/libiconv.so.2.6.1
7f90d6700000-7f90d6800000 rw-p 00000000 00:00 0 
7f90d6800000-7f90d8800000 rw-p 00000000 00:00 0 
7f90d8800000-7f90d8a00000 rw-p 00000000 00:00 0 
7f90d8a00000-7f90d8a01000 ---p 00000000 00:00 0 
7f90d8a01000-7f90d9201000 rw-p 00000000 00:00 0 
7f90d9226000-7f90d9234000 r--p 00000000 00:204 70923272732               /mnt/primary/conda-envs/semantic_uncertainty_export/lib/libnettle.so.8.4
7f90d9234000-7f90d9256000 r-xp 0000e000 00:204 70923272732               /mnt/primary/conda-envs/semantic_uncertainty_export/lib/libnettle.so.8.4
7f90d9256000-7f90d926c000 r--p 00030000 00:204 70923272732               /mnt/primary/conda-envs/semantic_uncertainty_export/lib/libnettle.so.8.4
7f90d926c000-7f90d926d000 ---p 00046000 00:204 70923272732               /mnt/primary/conda-envs/semantic_uncertainty_export/lib/libnettle.so.8.4
7f90d926d000-7f90d926f000 r--p 00046000 00:204 70923272732               /mnt/primary/conda-envs/semantic_uncertainty_export/lib/libnettle.so.8.4
7f90d926f000-7f90d9270000 rw-p 00048000 00:204 70923272732               /mnt/primary/conda-envs/semantic_uncertainty_export/lib/libnettle.so.8.4
7f90d9270000-7f90d9273000 r--p 00000000 00:204 148237027883              /mnt/primary/conda-envs/semantic_uncertainty_export/lib/libswscale.so.5.7.100
7f90d9273000-7f90d92e6000 r-xp 00003000 00:204 148237027883              /mnt/primary/conda-envs/semantic_uncertainty_export/lib/libswscale.so.5.7.100
7f90d92e6000-7f90d92f5000 r--p 00076000 00:204 148237027883              /mnt/primary/conda-envs/semantic_uncertainty_export/lib/libswscale.so.5.7.100
7f90d92f5000-7f90d92f6000 ---p 00085000 00:204 148237027883              /mnt/primary/conda-envs/semantic_uncertainty_export/lib/libswscale.so.5.7.100
7f90d92f6000-7f90d92f7000 r--p 00085000 00:204 148237027883              /mnt/primary/conda-envs/semantic_uncertainty_export/lib/libswscale.so.5.7.100
7f90d92f7000-7f90d92f8000 rw-p 00086000 00:204 148237027883              /mnt/primary/conda-envs/semantic_uncertainty_export/lib/libswscale.so.5.7.100
7f90d92f8000-7f90d9400000 rw-p 00000000 00:00 0 
7f90d9400000-7f90db400000 rw-p 00000000 00:00 0 
7f90db400000-7f90db600000 rw-p 00000000 00:00 0 
7f90db600000-7f90db601000 ---p 00000000 00:00 0 
7f90db601000-7f90dbe01000 rw-p 00000000 00:00 0 
7f90dbe28000-7f90dbe2c000 r--p 00000000 00:204 70922420791               /mnt/primary/conda-envs/semantic_uncertainty_export/lib/libidn2.so.0.3.8
7f90dbe2c000-7f90dbe31000 r-xp 00004000 00:204 70922420791               /mnt/primary/conda-envs/semantic_uncertainty_export/lib/libidn2.so.0.3.8
7f90dbe31000-7f90dbe78000 r--p 00009000 00:204 70922420791               /mnt/primary/conda-envs/semantic_uncertainty_export/lib/libidn2.so.0.3.8
7f90dbe78000-7f90dbe79000 ---p 00050000 00:204 70922420791               /mnt/primary/conda-envs/semantic_uncertainty_export/lib/libidn2.so.0.3.8
7f90dbe79000-7f90dbe7b000 r--p 00050000 00:204 70922420791               /mnt/primary/conda-envs/semantic_uncertainty_export/lib/libidn2.so.0.3.8
7f90dbe7b000-7f90dbe7c000 rw-p 00052000 00:204 70922420791               /mnt/primary/conda-envs/semantic_uncertainty_export/lib/libidn2.so.0.3.8
7f90dbe7c000-7f90dbea5000 r--p 00000000 00:204 148282762796              /mnt/primary/conda-envs/semantic_uncertainty_export/lib/python3.11/site-packages/torchvision/video_reader.so
7f90dbea5000-7f90dbee8000 r-xp 00029000 00:204 148282762796              /mnt/primary/conda-envs/semantic_uncertainty_export/lib/python3.11/site-packages/torchvision/video_reader.so
7f90dbee8000-7f90dbefb000 r--p 0006c000 00:204 148282762796              /mnt/primary/conda-envs/semantic_uncertainty_export/lib/python3.11/site-packages/torchvision/video_reader.so
7f90dbefb000-7f90dbefc000 ---p 0007f000 00:204 148282762796              /mnt/primary/conda-envs/semantic_uncertainty_export/lib/python3.11/site-packages/torchvision/video_reader.so
7f90dbefc000-7f90dbefe000 r--p 0007f000 00:204 148282762796              /mnt/primary/conda-envs/semantic_uncertainty_export/lib/python3.11/site-packages/torchvision/video_reader.so
7f90dbefe000-7f90dbf00000 rw-p 00081000 00:204 148282762796              /mnt/primary/conda-envs/semantic_uncertainty_export/lib/python3.11/site-packages/torchvision/video_reader.so
7f90dbf00000-7f90dc000000 rw-p 00000000 00:00 0 
7f90dc000000-7f90de000000 rw-p 00000000 00:00 0 
7f90de000000-7f90de200000 rw-p 00000000 00:00 0 
7f90de200000-7f90de201000 ---p 00000000 00:00 0 
7f90de201000-7f90dea01000 rw-p 00000000 00:00 0 
7f90dea19000-7f90dea27000 r--p 00000000 08:04 1116476803                 /usr/lib/jvm/java-11-openjdk-amd64/lib/libjava.so
7f90dea27000-7f90dea3d000 r-xp 0000e000 08:04 1116476803                 /usr/lib/jvm/java-11-openjdk-amd64/lib/libjava.so
7f90dea3d000-7f90dea44000 r--p 00024000 08:04 1116476803                 /usr/lib/jvm/java-11-openjdk-amd64/lib/libjava.so
7f90dea44000-7f90dea45000 r--p 0002a000 08:04 1116476803                 /usr/lib/jvm/java-11-openjdk-amd64/lib/libjava.so
7f90dea45000-7f90dea46000 rw-p 0002b000 08:04 1116476803                 /usr/lib/jvm/java-11-openjdk-amd64/lib/libjava.so
7f90dea46000-7f90dea47000 rw-p 00000000 00:00 0 
7f90dea47000-7f90dea55000 r--p 00000000 00:204 70923272751               /mnt/primary/conda-envs/semantic_uncertainty_export/lib/libfreetype.so.6.18.3
7f90dea55000-7f90deacf000 r-xp 0000e000 00:204 70923272751               /mnt/primary/conda-envs/semantic_uncertainty_export/lib/libfreetype.so.6.18.3
7f90deacf000-7f90deaf7000 r--p 00088000 00:204 70923272751               /mnt/primary/conda-envs/semantic_uncertainty_export/lib/libfreetype.so.6.18.3
7f90deaf7000-7f90deaf8000 ---p 000b0000 00:204 70923272751               /mnt/primary/conda-envs/semantic_uncertainty_export/lib/libfreetype.so.6.18.3
7f90deaf8000-7f90deaff000 r--p 000b0000 00:204 70923272751               /mnt/primary/conda-envs/semantic_uncertainty_export/lib/libfreetype.so.6.18.3
7f90deaff000-7f90deb00000 rw-p 000b7000 00:204 70923272751               /mnt/primary/conda-envs/semantic_uncertainty_export/lib/libfreetype.so.6.18.3
7f90deb00000-7f90dec00000 rw-p 00000000 00:00 0 
7f90dec00000-7f90e0c00000 rw-p 00000000 00:00 0 
7f90e0c00000-7f90e0e00000 rw-p 00000000 00:00 0 
7f90e0e00000-7f90e0e01000 ---p 00000000 00:00 0 
7f90e0e01000-7f90e1601000 rw-p 00000000 00:00 0 
7f90e1601000-7f90e160d000 r--p 00000000 00:204 148282762795              /mnt/primary/conda-envs/semantic_uncertainty_export/lib/python3.11/site-packages/torchvision/image.so
7f90e160d000-7f90e1621000 r-xp 0000c000 00:204 148282762795              /mnt/primary/conda-envs/semantic_uncertainty_export/lib/python3.11/site-packages/torchvision/image.so
7f90e1621000-7f90e1628000 r--p 00020000 00:204 148282762795              /mnt/primary/conda-envs/semantic_uncertainty_export/lib/python3.11/site-packages/torchvision/image.so
7f90e1628000-7f90e1629000 r--p 00026000 00:204 148282762795              /mnt/primary/conda-envs/semantic_uncertainty_export/lib/python3.11/site-packages/torchvision/image.so
7f90e1629000-7f90e162a000 rw-p 00027000 00:204 148282762795              /mnt/primary/conda-envs/semantic_uncertainty_export/lib/python3.11/site-packages/torchvision/image.so
7f90e162a000-7f90e1638000 r--p 00000000 00:204 46199363133               /mnt/primary/conda-envs/semantic_uncertainty_export/lib/python3.11/site-packages/safetensors/_safetensors_rust.abi3.so
7f90e1638000-7f90e16cc000 r-xp 0000e000 00:204 46199363133               /mnt/primary/conda-envs/semantic_uncertainty_export/lib/python3.11/site-packages/safetensors/_safetensors_rust.abi3.so
7f90e16cc000-7f90e16f6000 r--p 000a2000 00:204 46199363133               /mnt/primary/conda-envs/semantic_uncertainty_export/lib/python3.11/site-packages/safetensors/_safetensors_rust.abi3.so
7f90e16f6000-7f90e16f7000 ---p 000cc000 00:204 46199363133               /mnt/primary/conda-envs/semantic_uncertainty_export/lib/python3.11/site-packages/safetensors/_safetensors_rust.abi3.so
7f90e16f7000-7f90e16ff000 r--p 000cc000 00:204 46199363133               /mnt/primary/conda-envs/semantic_uncertainty_export/lib/python3.11/site-packages/safetensors/_safetensors_rust.abi3.so
7f90e16ff000-7f90e1700000 rw-p 000d4000 00:204 46199363133               /mnt/primary/conda-envs/semantic_uncertainty_export/lib/python3.11/site-packages/safetensors/_safetensors_rust.abi3.so
7f90e1700000-7f90e1800000 rw-p 00000000 00:00 0 
7f90e1800000-7f90e3800000 rw-p 00000000 00:00 0 
7f90e3800000-7f90e3a00000 rw-p 00000000 00:00 0 
7f90e3a00000-7f90e5a00000 rw-p 00000000 00:00 0 
7f90e5a00000-7f90e5c00000 rw-p 00000000 00:00 0 
7f90e5c00000-7f90e5c01000 ---p 00000000 00:00 0 
7f90e5c01000-7f90e6401000 rw-p 00000000 00:00 0 
7f90e6405000-7f90e6409000 r--p 00000000 08:04 1116478594                 /usr/lib/jvm/java-11-openjdk-amd64/lib/libnet.so
7f90e6409000-7f90e6417000 r-xp 00004000 08:04 1116478594                 /usr/lib/jvm/java-11-openjdk-amd64/lib/libnet.so
7f90e6417000-7f90e641b000 r--p 00012000 08:04 1116478594                 /usr/lib/jvm/java-11-openjdk-amd64/lib/libnet.so
7f90e641b000-7f90e641c000 r--p 00015000 08:04 1116478594                 /usr/lib/jvm/java-11-openjdk-amd64/lib/libnet.so
7f90e641c000-7f90e641d000 rw-p 00016000 08:04 1116478594                 /usr/lib/jvm/java-11-openjdk-amd64/lib/libnet.so
7f90e641d000-7f90e6423000 r--p 00000000 00:204 70923272704               /mnt/primary/conda-envs/semantic_uncertainty_export/lib/libpng16.so.16.39.0
7f90e6423000-7f90e644c000 r-xp 00006000 00:204 70923272704               /mnt/primary/conda-envs/semantic_uncertainty_export/lib/libpng16.so.16.39.0
7f90e644c000-7f90e6457000 r--p 0002f000 00:204 70923272704               /mnt/primary/conda-envs/semantic_uncertainty_export/lib/libpng16.so.16.39.0
7f90e6457000-7f90e6458000 ---p 0003a000 00:204 70923272704               /mnt/primary/conda-envs/semantic_uncertainty_export/lib/libpng16.so.16.39.0
7f90e6458000-7f90e6459000 r--p 0003a000 00:204 70923272704               /mnt/primary/conda-envs/semantic_uncertainty_export/lib/libpng16.so.16.39.0
7f90e6459000-7f90e645a000 rw-p 0003b000 00:204 70923272704               /mnt/primary/conda-envs/semantic_uncertainty_export/lib/libpng16.so.16.39.0
7f90e645a000-7f90e646d000 r--p 00000000 00:204 70898522666               /mnt/primary/conda-envs/semantic_uncertainty_export/lib/libgmp.so.10.4.1
7f90e646d000-7f90e64e5000 r-xp 00013000 00:204 70898522666               /mnt/primary/conda-envs/semantic_uncertainty_export/lib/libgmp.so.10.4.1
7f90e64e5000-7f90e64fc000 r--p 0008b000 00:204 70898522666               /mnt/primary/conda-envs/semantic_uncertainty_export/lib/libgmp.so.10.4.1
7f90e64fc000-7f90e64fd000 ---p 000a2000 00:204 70898522666               /mnt/primary/conda-envs/semantic_uncertainty_export/lib/libgmp.so.10.4.1
7f90e64fd000-7f90e64ff000 r--p 000a2000 00:204 70898522666               /mnt/primary/conda-envs/semantic_uncertainty_export/lib/libgmp.so.10.4.1
7f90e64ff000-7f90e6500000 rw-p 000a4000 00:204 70898522666               /mnt/primary/conda-envs/semantic_uncertainty_export/lib/libgmp.so.10.4.1
7f90e6500000-7f90e6600000 rw-p 00000000 00:00 0 
7f90e6600000-7f90e6601000 ---p 00000000 00:00 0 
7f90e6601000-7f90e6e01000 rw-p 00000000 00:00 0 
7f90e6e07000-7f90e6e0e000 r--p 00000000 08:04 1116478595                 /usr/lib/jvm/java-11-openjdk-amd64/lib/libnio.so
7f90e6e0e000-7f90e6e16000 r-xp 00007000 08:04 1116478595                 /usr/lib/jvm/java-11-openjdk-amd64/lib/libnio.so
7f90e6e16000-7f90e6e19000 r--p 0000f000 08:04 1116478595                 /usr/lib/jvm/java-11-openjdk-amd64/lib/libnio.so
7f90e6e19000-7f90e6e1a000 r--p 00011000 08:04 1116478595                 /usr/lib/jvm/java-11-openjdk-amd64/lib/libnio.so
7f90e6e1a000-7f90e6e1b000 rw-p 00012000 08:04 1116478595                 /usr/lib/jvm/java-11-openjdk-amd64/lib/libnio.so
7f90e6e1b000-7f90e6e1e000 r--p 00000000 00:204 148237027882              /mnt/primary/conda-envs/semantic_uncertainty_export/lib/libswresample.so.3.7.100
7f90e6e1e000-7f90e6e32000 r-xp 00003000 00:204 148237027882              /mnt/primary/conda-envs/semantic_uncertainty_export/lib/libswresample.so.3.7.100
7f90e6e32000-7f90e6e37000 r--p 00017000 00:204 148237027882              /mnt/primary/conda-envs/semantic_uncertainty_export/lib/libswresample.so.3.7.100
7f90e6e37000-7f90e6e39000 r--p 0001b000 00:204 148237027882              /mnt/primary/conda-envs/semantic_uncertainty_export/lib/libswresample.so.3.7.100
7f90e6e39000-7f90e6e3a000 rw-p 0001d000 00:204 148237027882              /mnt/primary/conda-envs/semantic_uncertainty_export/lib/libswresample.so.3.7.100
7f90e6e3a000-7f90e6e41000 r--p 00000000 00:204 170928539158              /mnt/primary/conda-envs/semantic_uncertainty_export/lib/python3.11/site-packages/yaml/_yaml.cpython-311-x86_64-linux-gnu.so
7f90e6e41000-7f90e6e68000 r-xp 00007000 00:204 170928539158              /mnt/primary/conda-envs/semantic_uncertainty_export/lib/python3.11/site-packages/yaml/_yaml.cpython-311-x86_64-linux-gnu.so
7f90e6e68000-7f90e6e6c000 r--p 0002e000 00:204 170928539158              /mnt/primary/conda-envs/semantic_uncertainty_export/lib/python3.11/site-packages/yaml/_yaml.cpython-311-x86_64-linux-gnu.so
7f90e6e6c000-7f90e6e6d000 r--p 00031000 00:204 170928539158              /mnt/primary/conda-envs/semantic_uncertainty_export/lib/python3.11/site-packages/yaml/_yaml.cpython-311-x86_64-linux-gnu.so
7f90e6e6d000-7f90e6e70000 rw-p 00032000 00:204 170928539158              /mnt/primary/conda-envs/semantic_uncertainty_export/lib/python3.11/site-packages/yaml/_yaml.cpython-311-x86_64-linux-gnu.so
7f90e6e70000-7f90e6e71000 rw-p 00000000 00:00 0 
7f90e6e71000-7f90e6e84000 r--p 00000000 00:204 156766326821              /mnt/primary/conda-envs/semantic_uncertainty_export/lib/python3.11/site-packages/gmpy2/gmpy2.cpython-311-x86_64-linux-gnu.so
7f90e6e84000-7f90e6ed8000 r-xp 00013000 00:204 156766326821              /mnt/primary/conda-envs/semantic_uncertainty_export/lib/python3.11/site-packages/gmpy2/gmpy2.cpython-311-x86_64-linux-gnu.so
7f90e6ed8000-7f90e6ef8000 r--p 00067000 00:204 156766326821              /mnt/primary/conda-envs/semantic_uncertainty_export/lib/python3.11/site-packages/gmpy2/gmpy2.cpython-311-x86_64-linux-gnu.so
7f90e6ef8000-7f90e6efa000 r--p 00086000 00:204 156766326821              /mnt/primary/conda-envs/semantic_uncertainty_export/lib/python3.11/site-packages/gmpy2/gmpy2.cpython-311-x86_64-linux-gnu.so
7f90e6efa000-7f90e6f00000 rw-p 00088000 00:204 156766326821              /mnt/primary/conda-envs/semantic_uncertainty_export/lib/python3.11/site-packages/gmpy2/gmpy2.cpython-311-x86_64-linux-gnu.so
7f90e6f00000-7f90e7000000 rw-p 00000000 00:00 0 
7f90e7000000-7f90e9000000 rw-p 00000000 00:00 0 
7f90e9000000-7f90e9200000 rw-p 00000000 00:00 0 
7f90e9200000-7f90e9201000 ---p 00000000 00:00 0 
7f90e9201000-7f90e9a01000 rw-p 00000000 00:00 0 
7f90e9a03000-7f90e9a05000 r--p 00000000 00:204 70898552892               /mnt/primary/conda-envs/semantic_uncertainty_export/lib/libyaml-0.so.2.0.9
7f90e9a05000-7f90e9a1b000 r-xp 00002000 00:204 70898552892               /mnt/primary/conda-envs/semantic_uncertainty_export/lib/libyaml-0.so.2.0.9
7f90e9a1b000-7f90e9a1e000 r--p 00018000 00:204 70898552892               /mnt/primary/conda-envs/semantic_uncertainty_export/lib/libyaml-0.so.2.0.9
7f90e9a1e000-7f90e9a1f000 ---p 0001b000 00:204 70898552892               /mnt/primary/conda-envs/semantic_uncertainty_export/lib/libyaml-0.so.2.0.9
7f90e9a1f000-7f90e9a20000 r--p 0001b000 00:204 70898552892               /mnt/primary/conda-envs/semantic_uncertainty_export/lib/libyaml-0.so.2.0.9
7f90e9a20000-7f90e9a21000 rw-p 0001c000 00:204 70898552892               /mnt/primary/conda-envs/semantic_uncertainty_export/lib/libyaml-0.so.2.0.9
7f90e9a21000-7f90e9b21000 rw-p 00000000 00:00 0 
7f90e9b21000-7f90e9b46000 r--p 00000000 00:204 81779481632               /mnt/primary/conda-envs/semantic_uncertainty_export/lib/python3.11/site-packages/torch/lib/libc10.so
7f90e9b46000-7f90e9bba000 r-xp 00025000 00:204 81779481632               /mnt/primary/conda-envs/semantic_uncertainty_export/lib/python3.11/site-packages/torch/lib/libc10.so
7f90e9bba000-7f90e9be1000 r--p 00099000 00:204 81779481632               /mnt/primary/conda-envs/semantic_uncertainty_export/lib/python3.11/site-packages/torch/lib/libc10.so
7f90e9be1000-7f90e9be2000 ---p 000c0000 00:204 81779481632               /mnt/primary/conda-envs/semantic_uncertainty_export/lib/python3.11/site-packages/torch/lib/libc10.so
7f90e9be2000-7f90e9be4000 r--p 000c0000 00:204 81779481632               /mnt/primary/conda-envs/semantic_uncertainty_export/lib/python3.11/site-packages/torch/lib/libc10.so
7f90e9be4000-7f90e9bea000 rw-p 000c2000 00:204 81779481632               /mnt/primary/conda-envs/semantic_uncertainty_export/lib/python3.11/site-packages/torch/lib/libc10.so
7f90e9bea000-7f90e9bed000 rw-p 00000000 00:00 0 
7f90e9bed000-7f90e9c00000 rw-p 000fa000 00:204 81779481632               /mnt/primary/conda-envs/semantic_uncertainty_export/lib/python3.11/site-packages/torch/lib/libc10.so
7f90e9c00000-7f90ebc00000 rw-p 00000000 00:00 0 
7f90ebc05000-7f90ebc12000 r--p 00000000 00:204 70923272727               /mnt/primary/conda-envs/semantic_uncertainty_export/lib/libmpfr.so.6.0.2
7f90ebc12000-7f90ebc6f000 r-xp 0000d000 00:204 70923272727               /mnt/primary/conda-envs/semantic_uncertainty_export/lib/libmpfr.so.6.0.2
7f90ebc6f000-7f90ebc80000 r--p 0006a000 00:204 70923272727               /mnt/primary/conda-envs/semantic_uncertainty_export/lib/libmpfr.so.6.0.2
7f90ebc80000-7f90ebc81000 ---p 0007b000 00:204 70923272727               /mnt/primary/conda-envs/semantic_uncertainty_export/lib/libmpfr.so.6.0.2
7f90ebc81000-7f90ebc83000 r--p 0007b000 00:204 70923272727               /mnt/primary/conda-envs/semantic_uncertainty_export/lib/libmpfr.so.6.0.2
7f90ebc83000-7f90ebc84000 rw-p 0007d000 00:204 70923272727               /mnt/primary/conda-envs/semantic_uncertainty_export/lib/libmpfr.so.6.0.2
7f90ebc84000-7f90ebc94000 r--p 00000000 00:204 81779481633               /mnt/primary/conda-envs/semantic_uncertainty_export/lib/python3.11/site-packages/torch/lib/libc10_cuda.so
7f90ebc94000-7f90ebce5000 r-xp 00010000 00:204 81779481633               /mnt/primary/conda-envs/semantic_uncertainty_export/lib/python3.11/site-packages/torch/lib/libc10_cuda.so
7f90ebce5000-7f90ebcf8000 r--p 00061000 00:204 81779481633               /mnt/primary/conda-envs/semantic_uncertainty_export/lib/python3.11/site-packages/torch/lib/libc10_cuda.so
7f90ebcf8000-7f90ebcf9000 ---p 00074000 00:204 81779481633               /mnt/primary/conda-envs/semantic_uncertainty_export/lib/python3.11/site-packages/torch/lib/libc10_cuda.so
7f90ebcf9000-7f90ebcfa000 r--p 00074000 00:204 81779481633               /mnt/primary/conda-envs/semantic_uncertainty_export/lib/python3.11/site-packages/torch/lib/libc10_cuda.so
7f90ebcfa000-7f90ebcfb000 rw-p 00075000 00:204 81779481633               /mnt/primary/conda-envs/semantic_uncertainty_export/lib/python3.11/site-packages/torch/lib/libc10_cuda.so
7f90ebcfb000-7f90ebe00000 rw-p 00000000 00:00 0 
7f90ebe00000-7f90ebe01000 ---p 00000000 00:00 0 
7f90ebe01000-7f90ec601000 rw-p 00000000 00:00 0 
7f90ec60b000-7f90ec60e000 r--p 00000000 00:204 137898457091              /mnt/primary/conda-envs/semantic_uncertainty_export/lib/python3.11/site-packages/lz4/block/_block.cpython-311-x86_64-linux-gnu.so
7f90ec60e000-7f90ec637000 r-xp 00003000 00:204 137898457091              /mnt/primary/conda-envs/semantic_uncertainty_export/lib/python3.11/site-packages/lz4/block/_block.cpython-311-x86_64-linux-gnu.so
7f90ec637000-7f90ec63a000 r--p 0002c000 00:204 137898457091              /mnt/primary/conda-envs/semantic_uncertainty_export/lib/python3.11/site-packages/lz4/block/_block.cpython-311-x86_64-linux-gnu.so
7f90ec63a000-7f90ec63b000 r--p 0002e000 00:204 137898457091              /mnt/primary/conda-envs/semantic_uncertainty_export/lib/python3.11/site-packages/lz4/block/_block.cpython-311-x86_64-linux-gnu.so
7f90ec63b000-7f90ec63c000 rw-p 0002f000 00:204 137898457091              /mnt/primary/conda-envs/semantic_uncertainty_export/lib/python3.11/site-packages/lz4/block/_block.cpython-311-x86_64-linux-gnu.so
7f90ec63c000-7f90ec647000 r--p 00000000 00:204 70896295962               /mnt/primary/conda-envs/semantic_uncertainty_export/lib/libgomp.so.1.0.0
7f90ec647000-7f90ec672000 r-xp 0000b000 00:204 70896295962               /mnt/primary/conda-envs/semantic_uncertainty_export/lib/libgomp.so.1.0.0
7f90ec672000-7f90ec67e000 r--p 00036000 00:204 70896295962               /mnt/primary/conda-envs/semantic_uncertainty_export/lib/libgomp.so.1.0.0
7f90ec67e000-7f90ec67f000 r--p 00041000 00:204 70896295962               /mnt/primary/conda-envs/semantic_uncertainty_export/lib/libgomp.so.1.0.0
7f90ec67f000-7f90ec680000 rw-p 00042000 00:204 70896295962               /mnt/primary/conda-envs/semantic_uncertainty_export/lib/libgomp.so.1.0.0
7f90ec680000-7f90ec687000 r--p 00000000 00:204 79668343311               /mnt/primary/conda-envs/semantic_uncertainty_export/lib/python3.11/site-packages/sklearn/metrics/_pairwise_fast.cpython-311-x86_64-linux-gnu.so
7f90ec687000-7f90ec6a8000 r-xp 00007000 00:204 79668343311               /mnt/primary/conda-envs/semantic_uncertainty_export/lib/python3.11/site-packages/sklearn/metrics/_pairwise_fast.cpython-311-x86_64-linux-gnu.so
7f90ec6a8000-7f90ec6b0000 r--p 00028000 00:204 79668343311               /mnt/primary/conda-envs/semantic_uncertainty_export/lib/python3.11/site-packages/sklearn/metrics/_pairwise_fast.cpython-311-x86_64-linux-gnu.so
7f90ec6b0000-7f90ec6b1000 r--p 0002f000 00:204 79668343311               /mnt/primary/conda-envs/semantic_uncertainty_export/lib/python3.11/site-packages/sklearn/metrics/_pairwise_fast.cpython-311-x86_64-linux-gnu.so
7f90ec6b1000-7f90ec6b5000 rw-p 00030000 00:204 79668343311               /mnt/primary/conda-envs/semantic_uncertainty_export/lib/python3.11/site-packages/sklearn/metrics/_pairwise_fast.cpython-311-x86_64-linux-gnu.so
7f90ec6b5000-7f90ec6b8000 rw-p 0003e000 00:204 79668343311               /mnt/primary/conda-envs/semantic_uncertainty_export/lib/python3.11/site-packages/sklearn/metrics/_pairwise_fast.cpython-311-x86_64-linux-gnu.so
7f90ec6b8000-7f90ec6c1000 r--p 00000000 00:204 85912917566               /mnt/primary/conda-envs/semantic_uncertainty_export/lib/python3.11/site-packages/sklearn/metrics/_pairwise_distances_reduction/_radius_neighbors.cpython-311-x86_64-linux-gnu.so
7f90ec6c1000-7f90ec6eb000 r-xp 00009000 00:204 85912917566               /mnt/primary/conda-envs/semantic_uncertainty_export/lib/python3.11/site-packages/sklearn/metrics/_pairwise_distances_reduction/_radius_neighbors.cpython-311-x86_64-linux-gnu.so
7f90ec6eb000-7f90ec6f5000 r--p 00033000 00:204 85912917566               /mnt/primary/conda-envs/semantic_uncertainty_export/lib/python3.11/site-packages/sklearn/metrics/_pairwise_distances_reduction/_radius_neighbors.cpython-311-x86_64-linux-gnu.so
7f90ec6f5000-7f90ec6f6000 ---p 0003d000 00:204 85912917566               /mnt/primary/conda-envs/semantic_uncertainty_export/lib/python3.11/site-packages/sklearn/metrics/_pairwise_distances_reduction/_radius_neighbors.cpython-311-x86_64-linux-gnu.so
7f90ec6f6000-7f90ec6f7000 r--p 0003d000 00:204 85912917566               /mnt/primary/conda-envs/semantic_uncertainty_export/lib/python3.11/site-packages/sklearn/metrics/_pairwise_distances_reduction/_radius_neighbors.cpython-311-x86_64-linux-gnu.so
7f90ec6f7000-7f90ec6fb000 rw-p 0003e000 00:204 85912917566               /mnt/primary/conda-envs/semantic_uncertainty_export/lib/python3.11/site-packages/sklearn/metrics/_pairwise_distances_reduction/_radius_neighbors.cpython-311-x86_64-linux-gnu.so
7f90ec6fb000-7f90ec6fc000 rw-p 00000000 00:00 0 
7f90ec6fc000-7f90ec700000 rw-p 00058000 00:204 85912917566               /mnt/primary/conda-envs/semantic_uncertainty_export/lib/python3.11/site-packages/sklearn/metrics/_pairwise_distances_reduction/_radius_neighbors.cpython-311-x86_64-linux-gnu.so
7f90ec700000-7f90ec800000 rw-p 00000000 00:00 0 
7f90ec800000-7f90ee800000 rw-p 00000000 00:00 0 
7f90ee800000-7f90eea00000 rw-p 00000000 00:00 0 
7f90eea00000-7f90f0a00000 rw-p 00000000 00:00 0 
7f90f0a00000-7f90f0c00000 rw-p 00000000 00:00 0 
7f90f0c00000-7f90f0c01000 ---p 00000000 00:00 0 
7f90f0c01000-7f90f1401000 rw-p 00000000 00:00 0 
7f90f140d000-7f90f1414000 r--p 00000000 00:204 85912917559               /mnt/primary/conda-envs/semantic_uncertainty_export/lib/python3.11/site-packages/sklearn/metrics/_pairwise_distances_reduction/_argkmin_classmode.cpython-311-x86_64-linux-gnu.so
7f90f1414000-7f90f1437000 r-xp 00007000 00:204 85912917559               /mnt/primary/conda-envs/semantic_uncertainty_export/lib/python3.11/site-packages/sklearn/metrics/_pairwise_distances_reduction/_argkmin_classmode.cpython-311-x86_64-linux-gnu.so
7f90f1437000-7f90f143f000 r--p 0002a000 00:204 85912917559               /mnt/primary/conda-envs/semantic_uncertainty_export/lib/python3.11/site-packages/sklearn/metrics/_pairwise_distances_reduction/_argkmin_classmode.cpython-311-x86_64-linux-gnu.so
7f90f143f000-7f90f1440000 ---p 00032000 00:204 85912917559               /mnt/primary/conda-envs/semantic_uncertainty_export/lib/python3.11/site-packages/sklearn/metrics/_pairwise_distances_reduction/_argkmin_classmode.cpython-311-x86_64-linux-gnu.so
7f90f1440000-7f90f1441000 r--p 00032000 00:204 85912917559               /mnt/primary/conda-envs/semantic_uncertainty_export/lib/python3.11/site-packages/sklearn/metrics/_pairwise_distances_reduction/_argkmin_classmode.cpython-311-x86_64-linux-gnu.so
7f90f1441000-7f90f1446000 rw-p 00033000 00:204 85912917559               /mnt/primary/conda-envs/semantic_uncertainty_export/lib/python3.11/site-packages/sklearn/metrics/_pairwise_distances_reduction/_argkmin_classmode.cpython-311-x86_64-linux-gnu.so
7f90f1446000-7f90f1449000 rw-p 00047000 00:204 85912917559               /mnt/primary/conda-envs/semantic_uncertainty_export/lib/python3.11/site-packages/sklearn/metrics/_pairwise_distances_reduction/_argkmin_classmode.cpython-311-x86_64-linux-gnu.so
7f90f1449000-7f90f1451000 r--p 00000000 00:204 85912917565               /mnt/primary/conda-envs/semantic_uncertainty_export/lib/python3.11/site-packages/sklearn/metrics/_pairwise_distances_reduction/_middle_term_computer.cpython-311-x86_64-linux-gnu.so
7f90f1451000-7f90f148f000 r-xp 00008000 00:204 85912917565               /mnt/primary/conda-envs/semantic_uncertainty_export/lib/python3.11/site-packages/sklearn/metrics/_pairwise_distances_reduction/_middle_term_computer.cpython-311-x86_64-linux-gnu.so
7f90f148f000-7f90f149b000 r--p 00046000 00:204 85912917565               /mnt/primary/conda-envs/semantic_uncertainty_export/lib/python3.11/site-packages/sklearn/metrics/_pairwise_distances_reduction/_middle_term_computer.cpython-311-x86_64-linux-gnu.so
7f90f149b000-7f90f149c000 ---p 00052000 00:204 85912917565               /mnt/primary/conda-envs/semantic_uncertainty_export/lib/python3.11/site-packages/sklearn/metrics/_pairwise_distances_reduction/_middle_term_computer.cpython-311-x86_64-linux-gnu.so
7f90f149c000-7f90f149d000 r--p 00052000 00:204 85912917565               /mnt/primary/conda-envs/semantic_uncertainty_export/lib/python3.11/site-packages/sklearn/metrics/_pairwise_distances_reduction/_middle_term_computer.cpython-311-x86_64-linux-gnu.so
7f90f149d000-7f90f14a2000 rw-p 00053000 00:204 85912917565               /mnt/primary/conda-envs/semantic_uncertainty_export/lib/python3.11/site-packages/sklearn/metrics/_pairwise_distances_reduction/_middle_term_computer.cpython-311-x86_64-linux-gnu.so
7f90f14a2000-7f90f14a3000 rw-p 00000000 00:00 0 
7f90f14a3000-7f90f14a8000 rw-p 00070000 00:204 85912917565               /mnt/primary/conda-envs/semantic_uncertainty_export/lib/python3.11/site-packages/sklearn/metrics/_pairwise_distances_reduction/_middle_term_computer.cpython-311-x86_64-linux-gnu.so
7f90f14a8000-7f90f14b0000 r--p 00000000 00:204 120262026753              /mnt/primary/conda-envs/semantic_uncertainty_export/lib/python3.11/site-packages/sklearn/utils/_cython_blas.cpython-311-x86_64-linux-gnu.so
7f90f14b0000-7f90f14ea000 r-xp 00008000 00:204 120262026753              /mnt/primary/conda-envs/semantic_uncertainty_export/lib/python3.11/site-packages/sklearn/utils/_cython_blas.cpython-311-x86_64-linux-gnu.so
7f90f14ea000-7f90f14f6000 r--p 00042000 00:204 120262026753              /mnt/primary/conda-envs/semantic_uncertainty_export/lib/python3.11/site-packages/sklearn/utils/_cython_blas.cpython-311-x86_64-linux-gnu.so
7f90f14f6000-7f90f14f7000 r--p 0004d000 00:204 120262026753              /mnt/primary/conda-envs/semantic_uncertainty_export/lib/python3.11/site-packages/sklearn/utils/_cython_blas.cpython-311-x86_64-linux-gnu.so
7f90f14f7000-7f90f14fc000 rw-p 0004e000 00:204 120262026753              /mnt/primary/conda-envs/semantic_uncertainty_export/lib/python3.11/site-packages/sklearn/utils/_cython_blas.cpython-311-x86_64-linux-gnu.so
7f90f14fc000-7f90f14fd000 rw-p 00000000 00:00 0 
7f90f14fd000-7f90f1500000 rw-p 00061000 00:204 120262026753              /mnt/primary/conda-envs/semantic_uncertainty_export/lib/python3.11/site-packages/sklearn/utils/_cython_blas.cpython-311-x86_64-linux-gnu.so
7f90f1500000-7f90f1600000 rw-p 00000000 00:00 0 
7f90f1600000-7f90f1601000 ---p 00000000 00:00 0 
7f90f1601000-7f90f1e01000 rw-p 00000000 00:00 0 
7f90f1e05000-7f90f1e11000 r--p 00000000 00:204 81779481645               /mnt/primary/conda-envs/semantic_uncertainty_export/lib/python3.11/site-packages/torch/lib/libtorch.so
7f90f1e11000-7f90f1e1c000 r-xp 0000c000 00:204 81779481645               /mnt/primary/conda-envs/semantic_uncertainty_export/lib/python3.11/site-packages/torch/lib/libtorch.so
7f90f1e1c000-7f90f1e21000 r--p 00017000 00:204 81779481645               /mnt/primary/conda-envs/semantic_uncertainty_export/lib/python3.11/site-packages/torch/lib/libtorch.so
7f90f1e21000-7f90f1e22000 ---p 0001c000 00:204 81779481645               /mnt/primary/conda-envs/semantic_uncertainty_export/lib/python3.11/site-packages/torch/lib/libtorch.so
7f90f1e22000-7f90f1e23000 r--p 0001c000 00:204 81779481645               /mnt/primary/conda-envs/semantic_uncertainty_export/lib/python3.11/site-packages/torch/lib/libtorch.so
7f90f1e23000-7f90f1e24000 rw-p 0001d000 00:204 81779481645               /mnt/primary/conda-envs/semantic_uncertainty_export/lib/python3.11/site-packages/torch/lib/libtorch.so
7f90f1e24000-7f90f1e2b000 r--p 00000000 00:204 85912917557               /mnt/primary/conda-envs/semantic_uncertainty_export/lib/python3.11/site-packages/sklearn/metrics/_pairwise_distances_reduction/_datasets_pair.cpython-311-x86_64-linux-gnu.so
7f90f1e2b000-7f90f1e67000 r-xp 00007000 00:204 85912917557               /mnt/primary/conda-envs/semantic_uncertainty_export/lib/python3.11/site-packages/sklearn/metrics/_pairwise_distances_reduction/_datasets_pair.cpython-311-x86_64-linux-gnu.so
7f90f1e67000-7f90f1e74000 r--p 00043000 00:204 85912917557               /mnt/primary/conda-envs/semantic_uncertainty_export/lib/python3.11/site-packages/sklearn/metrics/_pairwise_distances_reduction/_datasets_pair.cpython-311-x86_64-linux-gnu.so
7f90f1e74000-7f90f1e75000 r--p 0004f000 00:204 85912917557               /mnt/primary/conda-envs/semantic_uncertainty_export/lib/python3.11/site-packages/sklearn/metrics/_pairwise_distances_reduction/_datasets_pair.cpython-311-x86_64-linux-gnu.so
7f90f1e75000-7f90f1e7a000 rw-p 00050000 00:204 85912917557               /mnt/primary/conda-envs/semantic_uncertainty_export/lib/python3.11/site-packages/sklearn/metrics/_pairwise_distances_reduction/_datasets_pair.cpython-311-x86_64-linux-gnu.so
7f90f1e7a000-7f90f1e7b000 rw-p 00000000 00:00 0 
7f90f1e7b000-7f90f1e7e000 rw-p 0006f000 00:204 85912917557               /mnt/primary/conda-envs/semantic_uncertainty_export/lib/python3.11/site-packages/sklearn/metrics/_pairwise_distances_reduction/_datasets_pair.cpython-311-x86_64-linux-gnu.so
7f90f1e7e000-7f90f1e85000 r--p 00000000 00:204 85912917564               /mnt/primary/conda-envs/semantic_uncertainty_export/lib/python3.11/site-packages/sklearn/metrics/_pairwise_distances_reduction/_base.cpython-311-x86_64-linux-gnu.so
7f90f1e85000-7f90f1eaa000 r-xp 00007000 00:204 85912917564               /mnt/primary/conda-envs/semantic_uncertainty_export/lib/python3.11/site-packages/sklearn/metrics/_pairwise_distances_reduction/_base.cpython-311-x86_64-linux-gnu.so
7f90f1eaa000-7f90f1eb2000 r--p 0002c000 00:204 85912917564               /mnt/primary/conda-envs/semantic_uncertainty_export/lib/python3.11/site-packages/sklearn/metrics/_pairwise_distances_reduction/_base.cpython-311-x86_64-linux-gnu.so
7f90f1eb2000-7f90f1eb3000 r--p 00033000 00:204 85912917564               /mnt/primary/conda-envs/semantic_uncertainty_export/lib/python3.11/site-packages/sklearn/metrics/_pairwise_distances_reduction/_base.cpython-311-x86_64-linux-gnu.so
7f90f1eb3000-7f90f1eb7000 rw-p 00034000 00:204 85912917564               /mnt/primary/conda-envs/semantic_uncertainty_export/lib/python3.11/site-packages/sklearn/metrics/_pairwise_distances_reduction/_base.cpython-311-x86_64-linux-gnu.so
7f90f1eb7000-7f90f1ebc000 rw-p 0004a000 00:204 85912917564               /mnt/primary/conda-envs/semantic_uncertainty_export/lib/python3.11/site-packages/sklearn/metrics/_pairwise_distances_reduction/_base.cpython-311-x86_64-linux-gnu.so
7f90f1ebc000-7f90f1ec3000 r--p 00000000 00:204 85912917561               /mnt/primary/conda-envs/semantic_uncertainty_export/lib/python3.11/site-packages/sklearn/metrics/_pairwise_distances_reduction/_argkmin.cpython-311-x86_64-linux-gnu.so
7f90f1ec3000-7f90f1eec000 r-xp 00007000 00:204 85912917561               /mnt/primary/conda-envs/semantic_uncertainty_export/lib/python3.11/site-packages/sklearn/metrics/_pairwise_distances_reduction/_argkmin.cpython-311-x86_64-linux-gnu.so
7f90f1eec000-7f90f1ef5000 r--p 00030000 00:204 85912917561               /mnt/primary/conda-envs/semantic_uncertainty_export/lib/python3.11/site-packages/sklearn/metrics/_pairwise_distances_reduction/_argkmin.cpython-311-x86_64-linux-gnu.so
7f90f1ef5000-7f90f1ef6000 r--p 00038000 00:204 85912917561               /mnt/primary/conda-envs/semantic_uncertainty_export/lib/python3.11/site-packages/sklearn/metrics/_pairwise_distances_reduction/_argkmin.cpython-311-x86_64-linux-gnu.so
7f90f1ef6000-7f90f1efa000 rw-p 00039000 00:204 85912917561               /mnt/primary/conda-envs/semantic_uncertainty_export/lib/python3.11/site-packages/sklearn/metrics/_pairwise_distances_reduction/_argkmin.cpython-311-x86_64-linux-gnu.so
7f90f1efa000-7f90f1efb000 rw-p 00000000 00:00 0 
7f90f1efb000-7f90f1f00000 rw-p 00051000 00:204 85912917561               /mnt/primary/conda-envs/semantic_uncertainty_export/lib/python3.11/site-packages/sklearn/metrics/_pairwise_distances_reduction/_argkmin.cpython-311-x86_64-linux-gnu.so
7f90f1f00000-7f90f2000000 rw-p 00000000 00:00 0 
7f90f2000000-7f90f4000000 rw-p 00000000 00:00 0 
7f90f4000000-7f90f4200000 rw-p 00000000 00:00 0 
7f90f4200000-7f90f4201000 ---p 00000000 00:00 0 
7f90f4201000-7f90f4a01000 rw-p 00000000 00:00 0 
7f90f4a12000-7f90f4a1c000 r--p 00000000 00:204 79668343313               /mnt/primary/conda-envs/semantic_uncertainty_export/lib/python3.11/site-packages/sklearn/metrics/_dist_metrics.cpython-311-x86_64-linux-gnu.so
7f90f4a1c000-7f90f4a73000 r-xp 0000a000 00:204 79668343313               /mnt/primary/conda-envs/semantic_uncertainty_export/lib/python3.11/site-packages/sklearn/metrics/_dist_metrics.cpython-311-x86_64-linux-gnu.so
7f90f4a73000-7f90f4a87000 r--p 00061000 00:204 79668343313               /mnt/primary/conda-envs/semantic_uncertainty_export/lib/python3.11/site-packages/sklearn/metrics/_dist_metrics.cpython-311-x86_64-linux-gnu.so
7f90f4a87000-7f90f4a88000 r--p 00074000 00:204 79668343313               /mnt/primary/conda-envs/semantic_uncertainty_export/lib/python3.11/site-packages/sklearn/metrics/_dist_metrics.cpython-311-x86_64-linux-gnu.so
7f90f4a88000-7f90f4a93000 rw-p 00075000 00:204 79668343313               /mnt/primary/conda-envs/semantic_uncertainty_export/lib/python3.11/site-packages/sklearn/metrics/_dist_metrics.cpython-311-x86_64-linux-gnu.so
7f90f4a93000-7f90f4a95000 rw-p 00000000 00:00 0 
7f90f4a95000-7f90f4a98000 rw-p 0009c000 00:204 79668343313               /mnt/primary/conda-envs/semantic_uncertainty_export/lib/python3.11/site-packages/sklearn/metrics/_dist_metrics.cpython-311-x86_64-linux-gnu.so
7f90f4a98000-7f90f4aa0000 r--p 00000000 00:204 107408755242              /mnt/primary/conda-envs/semantic_uncertainty_export/lib/python3.11/site-packages/sklearn/preprocessing/_target_encoder_fast.cpython-311-x86_64-linux-gnu.so
7f90f4aa0000-7f90f4aec000 r-xp 00008000 00:204 107408755242              /mnt/primary/conda-envs/semantic_uncertainty_export/lib/python3.11/site-packages/sklearn/preprocessing/_target_encoder_fast.cpython-311-x86_64-linux-gnu.so
7f90f4aec000-7f90f4af5000 r--p 00054000 00:204 107408755242              /mnt/primary/conda-envs/semantic_uncertainty_export/lib/python3.11/site-packages/sklearn/preprocessing/_target_encoder_fast.cpython-311-x86_64-linux-gnu.so
7f90f4af5000-7f90f4af6000 r--p 0005c000 00:204 107408755242              /mnt/primary/conda-envs/semantic_uncertainty_export/lib/python3.11/site-packages/sklearn/preprocessing/_target_encoder_fast.cpython-311-x86_64-linux-gnu.so
7f90f4af6000-7f90f4afa000 rw-p 0005d000 00:204 107408755242              /mnt/primary/conda-envs/semantic_uncertainty_export/lib/python3.11/site-packages/sklearn/preprocessing/_target_encoder_fast.cpython-311-x86_64-linux-gnu.so
7f90f4afa000-7f90f4afb000 rw-p 00000000 00:00 0 
7f90f4afb000-7f90f4b00000 rw-p 0007c000 00:204 107408755242              /mnt/primary/conda-envs/semantic_uncertainty_export/lib/python3.11/site-packages/sklearn/preprocessing/_target_encoder_fast.cpython-311-x86_64-linux-gnu.so
7f90f4b00000-7f90f4c00000 rw-p 00000000 00:00 0 
7f90f4c00000-7f90f6c00000 rw-p 00000000 00:00 0 
7f90f6c00000-7f90f6e00000 rw-p 00000000 00:00 0 
7f90f6e00000-7f90f6e01000 ---p 00000000 00:00 0 
7f90f6e01000-7f90f7601000 rw-p 00000000 00:00 0 
7f90f7613000-7f90f761b000 r--p 00000000 00:204 107408755241              /mnt/primary/conda-envs/semantic_uncertainty_export/lib/python3.11/site-packages/sklearn/preprocessing/_csr_polynomial_expansion.cpython-311-x86_64-linux-gnu.so
7f90f761b000-7f90f764d000 r-xp 00008000 00:204 107408755241              /mnt/primary/conda-envs/semantic_uncertainty_export/lib/python3.11/site-packages/sklearn/preprocessing/_csr_polynomial_expansion.cpython-311-x86_64-linux-gnu.so
7f90f764d000-7f90f7656000 r--p 0003a000 00:204 107408755241              /mnt/primary/conda-envs/semantic_uncertainty_export/lib/python3.11/site-packages/sklearn/preprocessing/_csr_polynomial_expansion.cpython-311-x86_64-linux-gnu.so
7f90f7656000-7f90f7657000 r--p 00042000 00:204 107408755241              /mnt/primary/conda-envs/semantic_uncertainty_export/lib/python3.11/site-packages/sklearn/preprocessing/_csr_polynomial_expansion.cpython-311-x86_64-linux-gnu.so
7f90f7657000-7f90f765c000 rw-p 00043000 00:204 107408755241              /mnt/primary/conda-envs/semantic_uncertainty_export/lib/python3.11/site-packages/sklearn/preprocessing/_csr_polynomial_expansion.cpython-311-x86_64-linux-gnu.so
7f90f765c000-7f90f765d000 rw-p 00000000 00:00 0 
7f90f765d000-7f90f7660000 rw-p 00054000 00:204 107408755241              /mnt/primary/conda-envs/semantic_uncertainty_export/lib/python3.11/site-packages/sklearn/preprocessing/_csr_polynomial_expansion.cpython-311-x86_64-linux-gnu.so
7f90f7660000-7f90f7669000 r--p 00000000 00:204 120262026777              /mnt/primary/conda-envs/semantic_uncertainty_export/lib/python3.11/site-packages/sklearn/utils/sparsefuncs_fast.cpython-311-x86_64-linux-gnu.so
7f90f7669000-7f90f76e8000 r-xp 00009000 00:204 120262026777              /mnt/primary/conda-envs/semantic_uncertainty_export/lib/python3.11/site-packages/sklearn/utils/sparsefuncs_fast.cpython-311-x86_64-linux-gnu.so
7f90f76e8000-7f90f76f3000 r--p 00088000 00:204 120262026777              /mnt/primary/conda-envs/semantic_uncertainty_export/lib/python3.11/site-packages/sklearn/utils/sparsefuncs_fast.cpython-311-x86_64-linux-gnu.so
7f90f76f3000-7f90f76f4000 ---p 00093000 00:204 120262026777              /mnt/primary/conda-envs/semantic_uncertainty_export/lib/python3.11/site-packages/sklearn/utils/sparsefuncs_fast.cpython-311-x86_64-linux-gnu.so
7f90f76f4000-7f90f76f5000 r--p 00093000 00:204 120262026777              /mnt/primary/conda-envs/semantic_uncertainty_export/lib/python3.11/site-packages/sklearn/utils/sparsefuncs_fast.cpython-311-x86_64-linux-gnu.so
7f90f76f5000-7f90f76fb000 rw-p 00094000 00:204 120262026777              /mnt/primary/conda-envs/semantic_uncertainty_export/lib/python3.11/site-packages/sklearn/utils/sparsefuncs_fast.cpython-311-x86_64-linux-gnu.so
7f90f76fb000-7f90f76fd000 rw-p 00000000 00:00 0 
7f90f76fd000-7f90f7700000 rw-p 000ad000 00:204 120262026777              /mnt/primary/conda-envs/semantic_uncertainty_export/lib/python3.11/site-packages/sklearn/utils/sparsefuncs_fast.cpython-311-x86_64-linux-gnu.so
7f90f7700000-7f90f7800000 rw-p 00000000 00:00 0 
7f90f7800000-7f90f9800000 rw-p 00000000 00:00 0 
7f90f9800000-7f90f9a00000 rw-p 00000000 00:00 0 
7f90f9a00000-7f90fba00000 rw-p 00000000 00:00 0 
7f90fba00000-7f90fbc00000 rw-p 00000000 00:00 0 
7f90fbc00000-7f90fbc01000 ---p 00000000 00:00 0 
7f90fbc01000-7f90fc408000 rw-p 00000000 00:00 0 
7f90fc408000-7f90fc411000 ---p 00000000 00:00 0 
7f90fc411000-7f90fc415000 r--p 00000000 00:204 135689858102              /mnt/primary/conda-envs/semantic_uncertainty_export/lib/python3.11/site-packages/lz4/frame/_frame.cpython-311-x86_64-linux-gnu.so
7f90fc415000-7f90fc444000 r-xp 00004000 00:204 135689858102              /mnt/primary/conda-envs/semantic_uncertainty_export/lib/python3.11/site-packages/lz4/frame/_frame.cpython-311-x86_64-linux-gnu.so
7f90fc444000-7f90fc44b000 r--p 00033000 00:204 135689858102              /mnt/primary/conda-envs/semantic_uncertainty_export/lib/python3.11/site-packages/lz4/frame/_frame.cpython-311-x86_64-linux-gnu.so
7f90fc44b000-7f90fc44c000 r--p 00039000 00:204 135689858102              /mnt/primary/conda-envs/semantic_uncertainty_export/lib/python3.11/site-packages/lz4/frame/_frame.cpython-311-x86_64-linux-gnu.so
7f90fc44c000-7f90fc44d000 rw-p 0003a000 00:204 135689858102              /mnt/primary/conda-envs/semantic_uncertainty_export/lib/python3.11/site-packages/lz4/frame/_frame.cpython-311-x86_64-linux-gnu.so
7f90fc44d000-7f90fc450000 r--p 00000000 00:204 103089116719              /mnt/primary/conda-envs/semantic_uncertainty_export/lib/python3.11/site-packages/brotli/_brotli.abi3.so
7f90fc450000-7f90fc490000 r-xp 00003000 00:204 103089116719              /mnt/primary/conda-envs/semantic_uncertainty_export/lib/python3.11/site-packages/brotli/_brotli.abi3.so
7f90fc490000-7f90fc4fe000 r--p 00043000 00:204 103089116719              /mnt/primary/conda-envs/semantic_uncertainty_export/lib/python3.11/site-packages/brotli/_brotli.abi3.so
7f90fc4fe000-7f90fc4ff000 r--p 000b0000 00:204 103089116719              /mnt/primary/conda-envs/semantic_uncertainty_export/lib/python3.11/site-packages/brotli/_brotli.abi3.so
7f90fc4ff000-7f90fc500000 rw-p 000b1000 00:204 103089116719              /mnt/primary/conda-envs/semantic_uncertainty_export/lib/python3.11/site-packages/brotli/_brotli.abi3.so
7f90fc500000-7f90fc600000 rw-p 00000000 00:00 0 
7f90fc600000-7f90fc601000 ---p 00000000 00:00 0 
7f90fc601000-7f90fce01000 rw-p 00000000 00:00 0 
7f90fce07000-7f90fce0a000 r--p 00000000 00:204 70898546225               /mnt/primary/conda-envs/semantic_uncertainty_export/lib/libtasn1.so.6.6.3
7f90fce0a000-7f90fce16000 r-xp 00003000 00:204 70898546225               /mnt/primary/conda-envs/semantic_uncertainty_export/lib/libtasn1.so.6.6.3
7f90fce16000-7f90fce1a000 r--p 0000f000 00:204 70898546225               /mnt/primary/conda-envs/semantic_uncertainty_export/lib/libtasn1.so.6.6.3
7f90fce1a000-7f90fce1b000 ---p 00013000 00:204 70898546225               /mnt/primary/conda-envs/semantic_uncertainty_export/lib/libtasn1.so.6.6.3
7f90fce1b000-7f90fce1c000 r--p 00013000 00:204 70898546225               /mnt/primary/conda-envs/semantic_uncertainty_export/lib/libtasn1.so.6.6.3
7f90fce1c000-7f90fce1d000 rw-p 00014000 00:204 70898546225               /mnt/primary/conda-envs/semantic_uncertainty_export/lib/libtasn1.so.6.6.3
7f90fce1d000-7f90fce21000 r--p 00000000 00:204 120262026760              /mnt/primary/conda-envs/semantic_uncertainty_export/lib/python3.11/site-packages/sklearn/utils/_vector_sentinel.cpython-311-x86_64-linux-gnu.so
7f90fce21000-7f90fce30000 r-xp 00004000 00:204 120262026760              /mnt/primary/conda-envs/semantic_uncertainty_export/lib/python3.11/site-packages/sklearn/utils/_vector_sentinel.cpython-311-x86_64-linux-gnu.so
7f90fce30000-7f90fce34000 r--p 00013000 00:204 120262026760              /mnt/primary/conda-envs/semantic_uncertainty_export/lib/python3.11/site-packages/sklearn/utils/_vector_sentinel.cpython-311-x86_64-linux-gnu.so
7f90fce34000-7f90fce35000 r--p 00016000 00:204 120262026760              /mnt/primary/conda-envs/semantic_uncertainty_export/lib/python3.11/site-packages/sklearn/utils/_vector_sentinel.cpython-311-x86_64-linux-gnu.so
7f90fce35000-7f90fce37000 rw-p 00017000 00:204 120262026760              /mnt/primary/conda-envs/semantic_uncertainty_export/lib/python3.11/site-packages/sklearn/utils/_vector_sentinel.cpython-311-x86_64-linux-gnu.so
7f90fce37000-7f90fce39000 rw-p 00021000 00:204 120262026760              /mnt/primary/conda-envs/semantic_uncertainty_export/lib/python3.11/site-packages/sklearn/utils/_vector_sentinel.cpython-311-x86_64-linux-gnu.so
7f90fce39000-7f90fce49000 r--p 00000000 00:204 83815412257               /mnt/primary/conda-envs/semantic_uncertainty_export/lib/python3.11/site-packages/regex/_regex.cpython-311-x86_64-linux-gnu.so
7f90fce49000-7f90fce80000 r-xp 00010000 00:204 83815412257               /mnt/primary/conda-envs/semantic_uncertainty_export/lib/python3.11/site-packages/regex/_regex.cpython-311-x86_64-linux-gnu.so
7f90fce80000-7f90fcef6000 r--p 00047000 00:204 83815412257               /mnt/primary/conda-envs/semantic_uncertainty_export/lib/python3.11/site-packages/regex/_regex.cpython-311-x86_64-linux-gnu.so
7f90fcef6000-7f90fcef7000 r--p 000bc000 00:204 83815412257               /mnt/primary/conda-envs/semantic_uncertainty_export/lib/python3.11/site-packages/regex/_regex.cpython-311-x86_64-linux-gnu.so
7f90fcef7000-7f90fcf00000 rw-p 000bd000 00:204 83815412257               /mnt/primary/conda-envs/semantic_uncertainty_export/lib/python3.11/site-packages/regex/_regex.cpython-311-x86_64-linux-gnu.so
7f90fcf00000-7f90fd000000 rw-p 00000000 00:00 0 
7f90fd000000-7f90ff000000 rw-p 00000000 00:00 0 
7f90ff000000-7f90ff200000 rw-p 00000000 00:00 0 
7f90ff200000-7f90ff201000 ---p 00000000 00:00 0 
7f90ff201000-7f90ffa01000 rw-p 00000000 00:00 0 
7f90ffa01000-7f90ffa03000 r--p 00000000 08:04 1116478604                 /usr/lib/jvm/java-11-openjdk-amd64/lib/libzip.so
7f90ffa03000-7f90ffa08000 r-xp 00002000 08:04 1116478604                 /usr/lib/jvm/java-11-openjdk-amd64/lib/libzip.so
7f90ffa08000-7f90ffa0a000 r--p 00007000 08:04 1116478604                 /usr/lib/jvm/java-11-openjdk-amd64/lib/libzip.so
7f90ffa0a000-7f90ffa0b000 r--p 00008000 08:04 1116478604                 /usr/lib/jvm/java-11-openjdk-amd64/lib/libzip.so
7f90ffa0b000-7f90ffa0c000 rw-p 00009000 08:04 1116478604                 /usr/lib/jvm/java-11-openjdk-amd64/lib/libzip.so
7f90ffa0c000-7f90ffa11000 r--p 00000000 00:204 120262025723              /mnt/primary/conda-envs/semantic_uncertainty_export/lib/python3.11/site-packages/sklearn/utils/_logistic_sigmoid.cpython-311-x86_64-linux-gnu.so
7f90ffa11000-7f90ffa27000 r-xp 00005000 00:204 120262025723              /mnt/primary/conda-envs/semantic_uncertainty_export/lib/python3.11/site-packages/sklearn/utils/_logistic_sigmoid.cpython-311-x86_64-linux-gnu.so
7f90ffa27000-7f90ffa2d000 r--p 0001b000 00:204 120262025723              /mnt/primary/conda-envs/semantic_uncertainty_export/lib/python3.11/site-packages/sklearn/utils/_logistic_sigmoid.cpython-311-x86_64-linux-gnu.so
7f90ffa2d000-7f90ffa2e000 r--p 00020000 00:204 120262025723              /mnt/primary/conda-envs/semantic_uncertainty_export/lib/python3.11/site-packages/sklearn/utils/_logistic_sigmoid.cpython-311-x86_64-linux-gnu.so
7f90ffa2e000-7f90ffa31000 rw-p 00021000 00:204 120262025723              /mnt/primary/conda-envs/semantic_uncertainty_export/lib/python3.11/site-packages/sklearn/utils/_logistic_sigmoid.cpython-311-x86_64-linux-gnu.so
7f90ffa31000-7f90ffa34000 rw-p 0002b000 00:204 120262025723              /mnt/primary/conda-envs/semantic_uncertainty_export/lib/python3.11/site-packages/sklearn/utils/_logistic_sigmoid.cpython-311-x86_64-linux-gnu.so
7f90ffa34000-7f90ffb34000 rw-p 00000000 00:00 0 
7f90ffb34000-7f90ffb45000 r--p 00000000 00:204 159264572985              /mnt/primary/conda-envs/semantic_uncertainty_export/lib/python3.11/site-packages/matplotlib/ft2font.cpython-311-x86_64-linux-gnu.so
7f90ffb45000-7f90ffbcc000 r-xp 00011000 00:204 159264572985              /mnt/primary/conda-envs/semantic_uncertainty_export/lib/python3.11/site-packages/matplotlib/ft2font.cpython-311-x86_64-linux-gnu.so
7f90ffbcc000-7f90ffbf7000 r--p 00098000 00:204 159264572985              /mnt/primary/conda-envs/semantic_uncertainty_export/lib/python3.11/site-packages/matplotlib/ft2font.cpython-311-x86_64-linux-gnu.so
7f90ffbf7000-7f90ffbfd000 r--p 000c2000 00:204 159264572985              /mnt/primary/conda-envs/semantic_uncertainty_export/lib/python3.11/site-packages/matplotlib/ft2font.cpython-311-x86_64-linux-gnu.so
7f90ffbfd000-7f90ffbfe000 rw-p 000c8000 00:204 159264572985              /mnt/primary/conda-envs/semantic_uncertainty_export/lib/python3.11/site-packages/matplotlib/ft2font.cpython-311-x86_64-linux-gnu.so
7f90ffbfe000-7f90ffc00000 rw-p 00000000 00:00 0 
7f90ffc00000-7f9101c00000 rw-p 00000000 00:00 0 
7f9101c00000-7f9101e00000 rw-p 00000000 00:00 0 
7f9101e00000-7f9103e00000 rw-p 00000000 00:00 0 
7f9103e01000-7f9103e03000 r--p 00000000 08:04 1116476828                 /usr/lib/jvm/java-11-openjdk-amd64/lib/libjimage.so
7f9103e03000-7f9103e06000 r-xp 00002000 08:04 1116476828                 /usr/lib/jvm/java-11-openjdk-amd64/lib/libjimage.so
7f9103e06000-7f9103e07000 r--p 00005000 08:04 1116476828                 /usr/lib/jvm/java-11-openjdk-amd64/lib/libjimage.so
7f9103e07000-7f9103e08000 ---p 00006000 08:04 1116476828                 /usr/lib/jvm/java-11-openjdk-amd64/lib/libjimage.so
7f9103e08000-7f9103e09000 r--p 00006000 08:04 1116476828                 /usr/lib/jvm/java-11-openjdk-amd64/lib/libjimage.so
7f9103e09000-7f9103e0a000 rw-p 00007000 08:04 1116476828                 /usr/lib/jvm/java-11-openjdk-amd64/lib/libjimage.so
7f9103e0a000-7f9103e0c000 r--p 00000000 00:204 133230551071              /mnt/primary/conda-envs/semantic_uncertainty_export/lib/python3.11/site-packages/lz4/_version.cpython-311-x86_64-linux-gnu.so
7f9103e0c000-7f9103e25000 r-xp 00002000 00:204 133230551071              /mnt/primary/conda-envs/semantic_uncertainty_export/lib/python3.11/site-packages/lz4/_version.cpython-311-x86_64-linux-gnu.so
7f9103e25000-7f9103e26000 r--p 0001b000 00:204 133230551071              /mnt/primary/conda-envs/semantic_uncertainty_export/lib/python3.11/site-packages/lz4/_version.cpython-311-x86_64-linux-gnu.so
7f9103e26000-7f9103e27000 ---p 0001c000 00:204 133230551071              /mnt/primary/conda-envs/semantic_uncertainty_export/lib/python3.11/site-packages/lz4/_version.cpython-311-x86_64-linux-gnu.so
7f9103e27000-7f9103e28000 r--p 0001c000 00:204 133230551071              /mnt/primary/conda-envs/semantic_uncertainty_export/lib/python3.11/site-packages/lz4/_version.cpython-311-x86_64-linux-gnu.so
7f9103e28000-7f9103e29000 rw-p 0001d000 00:204 133230551071              /mnt/primary/conda-envs/semantic_uncertainty_export/lib/python3.11/site-packages/lz4/_version.cpython-311-x86_64-linux-gnu.so
7f9103e29000-7f9103e31000 r--p 00000000 00:204 98787895812               /mnt/primary/conda-envs/semantic_uncertainty_export/lib/python3.11/site-packages/_cffi_backend.cpython-311-x86_64-linux-gnu.so
7f9103e31000-7f9103e48000 r-xp 00008000 00:204 98787895812               /mnt/primary/conda-envs/semantic_uncertainty_export/lib/python3.11/site-packages/_cffi_backend.cpython-311-x86_64-linux-gnu.so
7f9103e48000-7f9103e53000 r--p 0001f000 00:204 98787895812               /mnt/primary/conda-envs/semantic_uncertainty_export/lib/python3.11/site-packages/_cffi_backend.cpython-311-x86_64-linux-gnu.so
7f9103e53000-7f9103e55000 r--p 00029000 00:204 98787895812               /mnt/primary/conda-envs/semantic_uncertainty_export/lib/python3.11/site-packages/_cffi_backend.cpython-311-x86_64-linux-gnu.so
7f9103e55000-7f9103e58000 rw-p 0002b000 00:204 98787895812               /mnt/primary/conda-envs/semantic_uncertainty_export/lib/python3.11/site-packages/_cffi_backend.cpython-311-x86_64-linux-gnu.so
7f9103e58000-7f9103e5b000 rw-p 00000000 00:00 0 
7f9103e5b000-7f9103e64000 r--p 00000000 00:204 159264572967              /mnt/primary/conda-envs/semantic_uncertainty_export/lib/python3.11/site-packages/matplotlib/_image.cpython-311-x86_64-linux-gnu.so
7f9103e64000-7f9103e8d000 r-xp 00009000 00:204 159264572967              /mnt/primary/conda-envs/semantic_uncertainty_export/lib/python3.11/site-packages/matplotlib/_image.cpython-311-x86_64-linux-gnu.so
7f9103e8d000-7f9103e93000 r--p 00032000 00:204 159264572967              /mnt/primary/conda-envs/semantic_uncertainty_export/lib/python3.11/site-packages/matplotlib/_image.cpython-311-x86_64-linux-gnu.so
7f9103e93000-7f9103e94000 r--p 00037000 00:204 159264572967              /mnt/primary/conda-envs/semantic_uncertainty_export/lib/python3.11/site-packages/matplotlib/_image.cpython-311-x86_64-linux-gnu.so
7f9103e94000-7f9103e95000 rw-p 00038000 00:204 159264572967              /mnt/primary/conda-envs/semantic_uncertainty_export/lib/python3.11/site-packages/matplotlib/_image.cpython-311-x86_64-linux-gnu.so
7f9103e95000-7f9103e96000 rw-p 00000000 00:00 0 
7f9103e96000-7f9103e9d000 r--p 00000000 00:204 165573261858              /mnt/primary/conda-envs/semantic_uncertainty_export/lib/python3.11/site-packages/kiwisolver/_cext.cpython-311-x86_64-linux-gnu.so
7f9103e9d000-7f9103ec1000 r-xp 00007000 00:204 165573261858              /mnt/primary/conda-envs/semantic_uncertainty_export/lib/python3.11/site-packages/kiwisolver/_cext.cpython-311-x86_64-linux-gnu.so
7f9103ec1000-7f9103ec7000 r--p 0002b000 00:204 165573261858              /mnt/primary/conda-envs/semantic_uncertainty_export/lib/python3.11/site-packages/kiwisolver/_cext.cpython-311-x86_64-linux-gnu.so
7f9103ec7000-7f9103ec8000 r--p 00030000 00:204 165573261858              /mnt/primary/conda-envs/semantic_uncertainty_export/lib/python3.11/site-packages/kiwisolver/_cext.cpython-311-x86_64-linux-gnu.so
7f9103ec8000-7f9103ec9000 rw-p 00031000 00:204 165573261858              /mnt/primary/conda-envs/semantic_uncertainty_export/lib/python3.11/site-packages/kiwisolver/_cext.cpython-311-x86_64-linux-gnu.so
7f9103ec9000-7f9103eca000 rw-p 00000000 00:00 0 
7f9103eca000-7f9103ed4000 r--p 00000000 00:204 159266954755              /mnt/primary/conda-envs/semantic_uncertainty_export/lib/python3.11/site-packages/matplotlib/_path.cpython-311-x86_64-linux-gnu.so
7f9103ed4000-7f9103ef6000 r-xp 0000a000 00:204 159266954755              /mnt/primary/conda-envs/semantic_uncertainty_export/lib/python3.11/site-packages/matplotlib/_path.cpython-311-x86_64-linux-gnu.so
7f9103ef6000-7f9103efd000 r--p 0002c000 00:204 159266954755              /mnt/primary/conda-envs/semantic_uncertainty_export/lib/python3.11/site-packages/matplotlib/_path.cpython-311-x86_64-linux-gnu.so
7f9103efd000-7f9103efe000 r--p 00032000 00:204 159266954755              /mnt/primary/conda-envs/semantic_uncertainty_export/lib/python3.11/site-packages/matplotlib/_path.cpython-311-x86_64-linux-gnu.so
7f9103efe000-7f9103eff000 rw-p 00033000 00:204 159266954755              /mnt/primary/conda-envs/semantic_uncertainty_export/lib/python3.11/site-packages/matplotlib/_path.cpython-311-x86_64-linux-gnu.so
7f9103eff000-7f9104000000 rw-p 00000000 00:00 0 
7f9104000000-7f9104021000 rw-p 00000000 00:00 0 
7f9104021000-7f9108000000 ---p 00000000 00:00 0 
7f9108002000-7f9108007000 r--p 00000000 08:04 1116478603                 /usr/lib/jvm/java-11-openjdk-amd64/lib/libverify.so
7f9108007000-7f910800e000 r-xp 00005000 08:04 1116478603                 /usr/lib/jvm/java-11-openjdk-amd64/lib/libverify.so
7f910800e000-7f9108010000 r--p 0000c000 08:04 1116478603                 /usr/lib/jvm/java-11-openjdk-amd64/lib/libverify.so
7f9108010000-7f9108012000 r--p 0000d000 08:04 1116478603                 /usr/lib/jvm/java-11-openjdk-amd64/lib/libverify.so
7f9108012000-7f9108013000 rw-p 0000f000 08:04 1116478603                 /usr/lib/jvm/java-11-openjdk-amd64/lib/libverify.so
7f9108013000-7f910801d000 r--p 00000000 00:204 70898546191               /mnt/primary/conda-envs/semantic_uncertainty_export/lib/libLerc.so
7f910801d000-7f91080a4000 r-xp 0000a000 00:204 70898546191               /mnt/primary/conda-envs/semantic_uncertainty_export/lib/libLerc.so
7f91080a4000-7f91080ac000 r--p 00091000 00:204 70898546191               /mnt/primary/conda-envs/semantic_uncertainty_export/lib/libLerc.so
7f91080ac000-7f91080ad000 ---p 00099000 00:204 70898546191               /mnt/primary/conda-envs/semantic_uncertainty_export/lib/libLerc.so
7f91080ad000-7f91080ae000 r--p 00099000 00:204 70898546191               /mnt/primary/conda-envs/semantic_uncertainty_export/lib/libLerc.so
7f91080ae000-7f91080af000 rw-p 0009a000 00:204 70898546191               /mnt/primary/conda-envs/semantic_uncertainty_export/lib/libLerc.so
7f91080af000-7f91080bd000 r--p 00000000 00:204 70923272745               /mnt/primary/conda-envs/semantic_uncertainty_export/lib/libzstd.so.1.5.5
7f91080bd000-7f91081a7000 r-xp 0000e000 00:204 70923272745               /mnt/primary/conda-envs/semantic_uncertainty_export/lib/libzstd.so.1.5.5
7f91081a7000-7f91081bc000 r--p 000f8000 00:204 70923272745               /mnt/primary/conda-envs/semantic_uncertainty_export/lib/libzstd.so.1.5.5
7f91081bc000-7f91081bd000 ---p 0010d000 00:204 70923272745               /mnt/primary/conda-envs/semantic_uncertainty_export/lib/libzstd.so.1.5.5
7f91081bd000-7f91081be000 r--p 0010d000 00:204 70923272745               /mnt/primary/conda-envs/semantic_uncertainty_export/lib/libzstd.so.1.5.5
7f91081be000-7f91081bf000 rw-p 0010e000 00:204 70923272745               /mnt/primary/conda-envs/semantic_uncertainty_export/lib/libzstd.so.1.5.5
7f91081bf000-7f91081c2000 r--p 00000000 00:204 70898546233               /mnt/primary/conda-envs/semantic_uncertainty_export/lib/libwebp.so.7.1.8
7f91081c2000-7f9108232000 r-xp 00003000 00:204 70898546233               /mnt/primary/conda-envs/semantic_uncertainty_export/lib/libwebp.so.7.1.8
7f9108232000-7f9108246000 r--p 00073000 00:204 70898546233               /mnt/primary/conda-envs/semantic_uncertainty_export/lib/libwebp.so.7.1.8
7f9108246000-7f9108247000 r--p 00086000 00:204 70898546233               /mnt/primary/conda-envs/semantic_uncertainty_export/lib/libwebp.so.7.1.8
7f9108247000-7f9108248000 rw-p 00087000 00:204 70898546233               /mnt/primary/conda-envs/semantic_uncertainty_export/lib/libwebp.so.7.1.8
7f9108248000-7f9108249000 rw-p 00000000 00:00 0 
7f9108249000-7f9108252000 r--p 00000000 00:204 70924951580               /mnt/primary/conda-envs/semantic_uncertainty_export/lib/libtiff.so.6.0.1
7f9108252000-7f91082a0000 r-xp 00009000 00:204 70924951580               /mnt/primary/conda-envs/semantic_uncertainty_export/lib/libtiff.so.6.0.1
7f91082a0000-7f91082d0000 r--p 00057000 00:204 70924951580               /mnt/primary/conda-envs/semantic_uncertainty_export/lib/libtiff.so.6.0.1
7f91082d0000-7f91082d1000 ---p 00087000 00:204 70924951580               /mnt/primary/conda-envs/semantic_uncertainty_export/lib/libtiff.so.6.0.1
7f91082d1000-7f91082d6000 r--p 00087000 00:204 70924951580               /mnt/primary/conda-envs/semantic_uncertainty_export/lib/libtiff.so.6.0.1
7f91082d6000-7f91082d7000 rw-p 0008c000 00:204 70924951580               /mnt/primary/conda-envs/semantic_uncertainty_export/lib/libtiff.so.6.0.1
7f91082d7000-7f91082e0000 r--p 00000000 00:204 70925107724               /mnt/primary/conda-envs/semantic_uncertainty_export/lib/libopenjp2.so.2.4.0
7f91082e0000-7f9108327000 r-xp 00009000 00:204 70925107724               /mnt/primary/conda-envs/semantic_uncertainty_export/lib/libopenjp2.so.2.4.0
7f9108327000-7f9108338000 r--p 00050000 00:204 70925107724               /mnt/primary/conda-envs/semantic_uncertainty_export/lib/libopenjp2.so.2.4.0
7f9108338000-7f910833a000 r--p 00060000 00:204 70925107724               /mnt/primary/conda-envs/semantic_uncertainty_export/lib/libopenjp2.so.2.4.0
7f910833a000-7f910833b000 rw-p 00062000 00:204 70925107724               /mnt/primary/conda-envs/semantic_uncertainty_export/lib/libopenjp2.so.2.4.0
7f910833b000-7f9108340000 r--p 00000000 00:204 70898546186               /mnt/primary/conda-envs/semantic_uncertainty_export/lib/libjpeg.so.9.5.0
7f9108340000-7f910836e000 r-xp 00005000 00:204 70898546186               /mnt/primary/conda-envs/semantic_uncertainty_export/lib/libjpeg.so.9.5.0
7f910836e000-7f9108377000 r--p 00033000 00:204 70898546186               /mnt/primary/conda-envs/semantic_uncertainty_export/lib/libjpeg.so.9.5.0
7f9108377000-7f9108378000 ---p 0003c000 00:204 70898546186               /mnt/primary/conda-envs/semantic_uncertainty_export/lib/libjpeg.so.9.5.0
7f9108378000-7f9108379000 r--p 0003c000 00:204 70898546186               /mnt/primary/conda-envs/semantic_uncertainty_export/lib/libjpeg.so.9.5.0
7f9108379000-7f910837a000 rw-p 0003d000 00:204 70898546186               /mnt/primary/conda-envs/semantic_uncertainty_export/lib/libjpeg.so.9.5.0
7f910837a000-7f910838f000 r--p 00000000 00:204 161061898268              /mnt/primary/conda-envs/semantic_uncertainty_export/lib/python3.11/site-packages/PIL/_imaging.cpython-311-x86_64-linux-gnu.so
7f910838f000-7f91083e8000 r-xp 00015000 00:204 161061898268              /mnt/primary/conda-envs/semantic_uncertainty_export/lib/python3.11/site-packages/PIL/_imaging.cpython-311-x86_64-linux-gnu.so
7f91083e8000-7f91083f8000 r--p 0006e000 00:204 161061898268              /mnt/primary/conda-envs/semantic_uncertainty_export/lib/python3.11/site-packages/PIL/_imaging.cpython-311-x86_64-linux-gnu.so
7f91083f8000-7f91083fd000 r--p 0007d000 00:204 161061898268              /mnt/primary/conda-envs/semantic_uncertainty_export/lib/python3.11/site-packages/PIL/_imaging.cpython-311-x86_64-linux-gnu.so
7f91083fd000-7f9108400000 rw-p 00082000 00:204 161061898268              /mnt/primary/conda-envs/semantic_uncertainty_export/lib/python3.11/site-packages/PIL/_imaging.cpython-311-x86_64-linux-gnu.so
7f9108400000-7f9108600000 rw-p 00000000 00:00 0 
7f9108600000-7f9108601000 ---p 00000000 00:00 0 
7f9108601000-7f9108e01000 rw-p 00000000 00:00 0 
7f9108e07000-7f9108e0a000 r--p 00000000 00:204 161061898270              /mnt/primary/conda-envs/semantic_uncertainty_export/lib/python3.11/site-packages/PIL/_imagingft.cpython-311-x86_64-linux-gnu.so
7f9108e0a000-7f9108e0d000 r-xp 00003000 00:204 161061898270              /mnt/primary/conda-envs/semantic_uncertainty_export/lib/python3.11/site-packages/PIL/_imagingft.cpython-311-x86_64-linux-gnu.so
7f9108e0d000-7f9108e0f000 r--p 00006000 00:204 161061898270              /mnt/primary/conda-envs/semantic_uncertainty_export/lib/python3.11/site-packages/PIL/_imagingft.cpython-311-x86_64-linux-gnu.so
7f9108e0f000-7f9108e10000 r--p 00007000 00:204 161061898270              /mnt/primary/conda-envs/semantic_uncertainty_export/lib/python3.11/site-packages/PIL/_imagingft.cpython-311-x86_64-linux-gnu.so
7f9108e10000-7f9108e11000 rw-p 00008000 00:204 161061898270              /mnt/primary/conda-envs/semantic_uncertainty_export/lib/python3.11/site-packages/PIL/_imagingft.cpython-311-x86_64-linux-gnu.so
7f9108e11000-7f9108e14000 r--p 00000000 00:204 81779481644               /mnt/primary/conda-envs/semantic_uncertainty_export/lib/python3.11/site-packages/torch/lib/libshm.so
7f9108e14000-7f9108e17000 r-xp 00003000 00:204 81779481644               /mnt/primary/conda-envs/semantic_uncertainty_export/lib/python3.11/site-packages/torch/lib/libshm.so
7f9108e17000-7f9108e18000 r--p 00006000 00:204 81779481644               /mnt/primary/conda-envs/semantic_uncertainty_export/lib/python3.11/site-packages/torch/lib/libshm.so
7f9108e18000-7f9108e19000 ---p 00007000 00:204 81779481644               /mnt/primary/conda-envs/semantic_uncertainty_export/lib/python3.11/site-packages/torch/lib/libshm.so
7f9108e19000-7f9108e1a000 r--p 00007000 00:204 81779481644               /mnt/primary/conda-envs/semantic_uncertainty_export/lib/python3.11/site-packages/torch/lib/libshm.so
7f9108e1a000-7f9108e1b000 rw-p 00008000 00:204 81779481644               /mnt/primary/conda-envs/semantic_uncertainty_export/lib/python3.11/site-packages/torch/lib/libshm.so
7f9108e1b000-7f9108e1c000 r--p 00000000 00:204 70898546196               /mnt/primary/conda-envs/semantic_uncertainty_export/lib/libdeflate.so.0
7f9108e1c000-7f9108e29000 r-xp 00001000 00:204 70898546196               /mnt/primary/conda-envs/semantic_uncertainty_export/lib/libdeflate.so.0
7f9108e29000-7f9108e2e000 r--p 0000e000 00:204 70898546196               /mnt/primary/conda-envs/semantic_uncertainty_export/lib/libdeflate.so.0
7f9108e2e000-7f9108e2f000 r--p 00012000 00:204 70898546196               /mnt/primary/conda-envs/semantic_uncertainty_export/lib/libdeflate.so.0
7f9108e2f000-7f9108e30000 rw-p 00013000 00:204 70898546196               /mnt/primary/conda-envs/semantic_uncertainty_export/lib/libdeflate.so.0
7f9108e30000-7f9108e37000 r--p 00000000 00:204 80070846498               /mnt/primary/conda-envs/semantic_uncertainty_export/lib/python3.11/site-packages/scipy/stats/_rcont/rcont.cpython-311-x86_64-linux-gnu.so
7f9108e37000-7f9108e5e000 r-xp 00007000 00:204 80070846498               /mnt/primary/conda-envs/semantic_uncertainty_export/lib/python3.11/site-packages/scipy/stats/_rcont/rcont.cpython-311-x86_64-linux-gnu.so
7f9108e5e000-7f9108e6c000 r--p 0002e000 00:204 80070846498               /mnt/primary/conda-envs/semantic_uncertainty_export/lib/python3.11/site-packages/scipy/stats/_rcont/rcont.cpython-311-x86_64-linux-gnu.so
7f9108e6c000-7f9108e6d000 r--p 0003b000 00:204 80070846498               /mnt/primary/conda-envs/semantic_uncertainty_export/lib/python3.11/site-packages/scipy/stats/_rcont/rcont.cpython-311-x86_64-linux-gnu.so
7f9108e6d000-7f9108e70000 rw-p 0003c000 00:204 80070846498               /mnt/primary/conda-envs/semantic_uncertainty_export/lib/python3.11/site-packages/scipy/stats/_rcont/rcont.cpython-311-x86_64-linux-gnu.so
7f9108e70000-7f9108e71000 rw-p 00000000 00:00 0 
7f9108e71000-7f9108e73000 r--p 00000000 00:204 73089433150               /mnt/primary/conda-envs/semantic_uncertainty_export/lib/python3.11/site-packages/scipy/stats/_mvn.cpython-311-x86_64-linux-gnu.so
7f9108e73000-7f9108e7c000 r-xp 00002000 00:204 73089433150               /mnt/primary/conda-envs/semantic_uncertainty_export/lib/python3.11/site-packages/scipy/stats/_mvn.cpython-311-x86_64-linux-gnu.so
7f9108e7c000-7f9108e82000 r--p 0000b000 00:204 73089433150               /mnt/primary/conda-envs/semantic_uncertainty_export/lib/python3.11/site-packages/scipy/stats/_mvn.cpython-311-x86_64-linux-gnu.so
7f9108e82000-7f9108e83000 r--p 00010000 00:204 73089433150               /mnt/primary/conda-envs/semantic_uncertainty_export/lib/python3.11/site-packages/scipy/stats/_mvn.cpython-311-x86_64-linux-gnu.so
7f9108e83000-7f9108e85000 rw-p 00011000 00:204 73089433150               /mnt/primary/conda-envs/semantic_uncertainty_export/lib/python3.11/site-packages/scipy/stats/_mvn.cpython-311-x86_64-linux-gnu.so
7f9108e85000-7f9108f7c000 rw-p 00000000 00:00 0 
7f9108f7c000-7f9108f83000 r--p 00000000 00:204 73089433130               /mnt/primary/conda-envs/semantic_uncertainty_export/lib/python3.11/site-packages/scipy/stats/_qmc_cy.cpython-311-x86_64-linux-gnu.so
7f9108f83000-7f9108fa8000 r-xp 00007000 00:204 73089433130               /mnt/primary/conda-envs/semantic_uncertainty_export/lib/python3.11/site-packages/scipy/stats/_qmc_cy.cpython-311-x86_64-linux-gnu.so
7f9108fa8000-7f9108fb0000 r--p 0002c000 00:204 73089433130               /mnt/primary/conda-envs/semantic_uncertainty_export/lib/python3.11/site-packages/scipy/stats/_qmc_cy.cpython-311-x86_64-linux-gnu.so
7f9108fb0000-7f9108fb1000 r--p 00033000 00:204 73089433130               /mnt/primary/conda-envs/semantic_uncertainty_export/lib/python3.11/site-packages/scipy/stats/_qmc_cy.cpython-311-x86_64-linux-gnu.so
7f9108fb1000-7f9108fb4000 rw-p 00034000 00:204 73089433130               /mnt/primary/conda-envs/semantic_uncertainty_export/lib/python3.11/site-packages/scipy/stats/_qmc_cy.cpython-311-x86_64-linux-gnu.so
7f9108fb4000-7f9108fb5000 rw-p 00000000 00:00 0 
7f9108fb5000-7f9108fbc000 r--p 00000000 00:204 73089433147               /mnt/primary/conda-envs/semantic_uncertainty_export/lib/python3.11/site-packages/scipy/stats/_sobol.cpython-311-x86_64-linux-gnu.so
7f9108fbc000-7f9108ff0000 r-xp 00007000 00:204 73089433147               /mnt/primary/conda-envs/semantic_uncertainty_export/lib/python3.11/site-packages/scipy/stats/_sobol.cpython-311-x86_64-linux-gnu.so
7f9108ff0000-7f9108ff9000 r--p 0003b000 00:204 73089433147               /mnt/primary/conda-envs/semantic_uncertainty_export/lib/python3.11/site-packages/scipy/stats/_sobol.cpython-311-x86_64-linux-gnu.so
7f9108ff9000-7f9108ffa000 r--p 00043000 00:204 73089433147               /mnt/primary/conda-envs/semantic_uncertainty_export/lib/python3.11/site-packages/scipy/stats/_sobol.cpython-311-x86_64-linux-gnu.so
7f9108ffa000-7f9108fff000 rw-p 00044000 00:204 73089433147               /mnt/primary/conda-envs/semantic_uncertainty_export/lib/python3.11/site-packages/scipy/stats/_sobol.cpython-311-x86_64-linux-gnu.so
7f9108fff000-7f9109000000 rw-p 00000000 00:00 0 
7f9109000000-7f910b000000 rw-p 00000000 00:00 0 
7f910b002000-7f910b102000 rw-p 00000000 00:00 0 
7f910b102000-7f910b109000 r--p 00000000 00:204 43233973784               /mnt/primary/conda-envs/semantic_uncertainty_export/lib/python3.11/site-packages/scipy/fft/_pocketfft/pypocketfft.cpython-311-x86_64-linux-gnu.so
7f910b109000-7f910b1e1000 r-xp 00007000 00:204 43233973784               /mnt/primary/conda-envs/semantic_uncertainty_export/lib/python3.11/site-packages/scipy/fft/_pocketfft/pypocketfft.cpython-311-x86_64-linux-gnu.so
7f910b1e1000-7f910b1fb000 r--p 000df000 00:204 43233973784               /mnt/primary/conda-envs/semantic_uncertainty_export/lib/python3.11/site-packages/scipy/fft/_pocketfft/pypocketfft.cpython-311-x86_64-linux-gnu.so
7f910b1fb000-7f910b1fc000 ---p 000f9000 00:204 43233973784               /mnt/primary/conda-envs/semantic_uncertainty_export/lib/python3.11/site-packages/scipy/fft/_pocketfft/pypocketfft.cpython-311-x86_64-linux-gnu.so
7f910b1fc000-7f910b1fd000 r--p 000f9000 00:204 43233973784               /mnt/primary/conda-envs/semantic_uncertainty_export/lib/python3.11/site-packages/scipy/fft/_pocketfft/pypocketfft.cpython-311-x86_64-linux-gnu.so
7f910b1fd000-7f910b1fe000 rw-p 000fa000 00:204 43233973784               /mnt/primary/conda-envs/semantic_uncertainty_export/lib/python3.11/site-packages/scipy/fft/_pocketfft/pypocketfft.cpython-311-x86_64-linux-gnu.so
7f910b1fe000-7f910b200000 rw-p 00000000 00:00 0 
7f910b200000-7f910b201000 ---p 00000000 00:00 0 
7f910b201000-7f910ba01000 rw-p 00000000 00:00 0 
7f910ba02000-7f910ba05000 r--p 00000000 00:204 45438356003               /mnt/primary/conda-envs/semantic_uncertainty_export/lib/python3.11/lib-dynload/_multibytecodec.cpython-311-x86_64-linux-gnu.so
7f910ba05000-7f910ba0b000 r-xp 00003000 00:204 45438356003               /mnt/primary/conda-envs/semantic_uncertainty_export/lib/python3.11/lib-dynload/_multibytecodec.cpython-311-x86_64-linux-gnu.so
7f910ba0b000-7f910ba0d000 r--p 00009000 00:204 45438356003               /mnt/primary/conda-envs/semantic_uncertainty_export/lib/python3.11/lib-dynload/_multibytecodec.cpython-311-x86_64-linux-gnu.so
7f910ba0d000-7f910ba0e000 ---p 0000b000 00:204 45438356003               /mnt/primary/conda-envs/semantic_uncertainty_export/lib/python3.11/lib-dynload/_multibytecodec.cpython-311-x86_64-linux-gnu.so
7f910ba0e000-7f910ba0f000 r--p 0000b000 00:204 45438356003               /mnt/primary/conda-envs/semantic_uncertainty_export/lib/python3.11/lib-dynload/_multibytecodec.cpython-311-x86_64-linux-gnu.so
7f910ba0f000-7f910ba10000 rw-p 0000c000 00:204 45438356003               /mnt/primary/conda-envs/semantic_uncertainty_export/lib/python3.11/lib-dynload/_multibytecodec.cpython-311-x86_64-linux-gnu.so
7f910ba10000-7f910ba14000 r--p 00000000 00:204 55935434274               /mnt/primary/conda-envs/semantic_uncertainty_export/lib/python3.11/site-packages/scipy/_lib/_uarray/_uarray.cpython-311-x86_64-linux-gnu.so
7f910ba14000-7f910ba26000 r-xp 00004000 00:204 55935434274               /mnt/primary/conda-envs/semantic_uncertainty_export/lib/python3.11/site-packages/scipy/_lib/_uarray/_uarray.cpython-311-x86_64-linux-gnu.so
7f910ba26000-7f910ba2c000 r--p 00016000 00:204 55935434274               /mnt/primary/conda-envs/semantic_uncertainty_export/lib/python3.11/site-packages/scipy/_lib/_uarray/_uarray.cpython-311-x86_64-linux-gnu.so
7f910ba2c000-7f910ba2d000 r--p 0001b000 00:204 55935434274               /mnt/primary/conda-envs/semantic_uncertainty_export/lib/python3.11/site-packages/scipy/_lib/_uarray/_uarray.cpython-311-x86_64-linux-gnu.so
7f910ba2d000-7f910ba2e000 rw-p 0001c000 00:204 55935434274               /mnt/primary/conda-envs/semantic_uncertainty_export/lib/python3.11/site-packages/scipy/_lib/_uarray/_uarray.cpython-311-x86_64-linux-gnu.so
7f910ba2e000-7f910bb2e000 rw-p 00000000 00:00 0 
7f910bb2e000-7f910bd1e000 r--p 00000000 00:204 70924951599               /mnt/primary/conda-envs/semantic_uncertainty_export/lib/libmkl_core.so.2
7f910bd1e000-7f910f442000 r-xp 001f0000 00:204 70924951599               /mnt/primary/conda-envs/semantic_uncertainty_export/lib/libmkl_core.so.2
7f910f442000-7f910feaf000 r--p 03914000 00:204 70924951599               /mnt/primary/conda-envs/semantic_uncertainty_export/lib/libmkl_core.so.2
7f910feaf000-7f910feb6000 r--p 04380000 00:204 70924951599               /mnt/primary/conda-envs/semantic_uncertainty_export/lib/libmkl_core.so.2
7f910feb6000-7f910fee6000 rw-p 04387000 00:204 70924951599               /mnt/primary/conda-envs/semantic_uncertainty_export/lib/libmkl_core.so.2
7f910fee6000-7f910ff0f000 rw-p 00000000 00:00 0 
7f910ff0f000-7f9110000000 rw-p 046cd000 00:204 70924951599               /mnt/primary/conda-envs/semantic_uncertainty_export/lib/libmkl_core.so.2
7f9110000000-7f9110021000 rw-p 00000000 00:00 0 
7f9110021000-7f9114000000 ---p 00000000 00:00 0 
7f9114006000-7f911400a000 r--p 00000000 00:204 45438355996               /mnt/primary/conda-envs/semantic_uncertainty_export/lib/python3.11/lib-dynload/_elementtree.cpython-311-x86_64-linux-gnu.so
7f911400a000-7f9114013000 r-xp 00004000 00:204 45438355996               /mnt/primary/conda-envs/semantic_uncertainty_export/lib/python3.11/lib-dynload/_elementtree.cpython-311-x86_64-linux-gnu.so
7f9114013000-7f9114017000 r--p 0000d000 00:204 45438355996               /mnt/primary/conda-envs/semantic_uncertainty_export/lib/python3.11/lib-dynload/_elementtree.cpython-311-x86_64-linux-gnu.so
7f9114017000-7f9114018000 r--p 00010000 00:204 45438355996               /mnt/primary/conda-envs/semantic_uncertainty_export/lib/python3.11/lib-dynload/_elementtree.cpython-311-x86_64-linux-gnu.so
7f9114018000-7f911401a000 rw-p 00011000 00:204 45438355996               /mnt/primary/conda-envs/semantic_uncertainty_export/lib/python3.11/lib-dynload/_elementtree.cpython-311-x86_64-linux-gnu.so
7f911401a000-7f911401e000 r--p 00000000 00:204 73089433136               /mnt/primary/conda-envs/semantic_uncertainty_export/lib/python3.11/site-packages/scipy/stats/_stats_pythran.cpython-311-x86_64-linux-gnu.so
7f911401e000-7f9114033000 r-xp 00004000 00:204 73089433136               /mnt/primary/conda-envs/semantic_uncertainty_export/lib/python3.11/site-packages/scipy/stats/_stats_pythran.cpython-311-x86_64-linux-gnu.so
7f9114033000-7f9114038000 r--p 00019000 00:204 73089433136               /mnt/primary/conda-envs/semantic_uncertainty_export/lib/python3.11/site-packages/scipy/stats/_stats_pythran.cpython-311-x86_64-linux-gnu.so
7f9114038000-7f9114039000 r--p 0001d000 00:204 73089433136               /mnt/primary/conda-envs/semantic_uncertainty_export/lib/python3.11/site-packages/scipy/stats/_stats_pythran.cpython-311-x86_64-linux-gnu.so
7f9114039000-7f911403a000 rw-p 0001e000 00:204 73089433136               /mnt/primary/conda-envs/semantic_uncertainty_export/lib/python3.11/site-packages/scipy/stats/_stats_pythran.cpython-311-x86_64-linux-gnu.so
7f911403a000-7f9114040000 r--p 00000000 00:204 73087765042               /mnt/primary/conda-envs/semantic_uncertainty_export/lib/python3.11/site-packages/scipy/stats/_biasedurn.cpython-311-x86_64-linux-gnu.so
7f9114040000-7f911406b000 r-xp 00006000 00:204 73087765042               /mnt/primary/conda-envs/semantic_uncertainty_export/lib/python3.11/site-packages/scipy/stats/_biasedurn.cpython-311-x86_64-linux-gnu.so
7f911406b000-7f911407b000 r--p 00031000 00:204 73087765042               /mnt/primary/conda-envs/semantic_uncertainty_export/lib/python3.11/site-packages/scipy/stats/_biasedurn.cpython-311-x86_64-linux-gnu.so
7f911407b000-7f911407c000 r--p 00040000 00:204 73087765042               /mnt/primary/conda-envs/semantic_uncertainty_export/lib/python3.11/site-packages/scipy/stats/_biasedurn.cpython-311-x86_64-linux-gnu.so
7f911407c000-7f911407f000 rw-p 00041000 00:204 73087765042               /mnt/primary/conda-envs/semantic_uncertainty_export/lib/python3.11/site-packages/scipy/stats/_biasedurn.cpython-311-x86_64-linux-gnu.so
7f911407f000-7f9114081000 rw-p 00000000 00:00 0 
7f9114081000-7f9114088000 r--p 00000000 00:204 126756728877              /mnt/primary/conda-envs/semantic_uncertainty_export/lib/python3.11/site-packages/scipy/interpolate/_rgi_cython.cpython-311-x86_64-linux-gnu.so
7f9114088000-7f91140af000 r-xp 00007000 00:204 126756728877              /mnt/primary/conda-envs/semantic_uncertainty_export/lib/python3.11/site-packages/scipy/interpolate/_rgi_cython.cpython-311-x86_64-linux-gnu.so
7f91140af000-7f91140b7000 r--p 0002e000 00:204 126756728877              /mnt/primary/conda-envs/semantic_uncertainty_export/lib/python3.11/site-packages/scipy/interpolate/_rgi_cython.cpython-311-x86_64-linux-gnu.so
7f91140b7000-7f91140b8000 r--p 00035000 00:204 126756728877              /mnt/primary/conda-envs/semantic_uncertainty_export/lib/python3.11/site-packages/scipy/interpolate/_rgi_cython.cpython-311-x86_64-linux-gnu.so
7f91140b8000-7f91140bc000 rw-p 00036000 00:204 126756728877              /mnt/primary/conda-envs/semantic_uncertainty_export/lib/python3.11/site-packages/scipy/interpolate/_rgi_cython.cpython-311-x86_64-linux-gnu.so
7f91140bc000-7f91140c0000 r--p 00000000 00:204 126726910078              /mnt/primary/conda-envs/semantic_uncertainty_export/lib/python3.11/site-packages/scipy/interpolate/_rbfinterp_pythran.cpython-311-x86_64-linux-gnu.so
7f91140c0000-7f91140ec000 r-xp 00004000 00:204 126726910078              /mnt/primary/conda-envs/semantic_uncertainty_export/lib/python3.11/site-packages/scipy/interpolate/_rbfinterp_pythran.cpython-311-x86_64-linux-gnu.so
7f91140ec000-7f91140f2000 r--p 00030000 00:204 126726910078              /mnt/primary/conda-envs/semantic_uncertainty_export/lib/python3.11/site-packages/scipy/interpolate/_rbfinterp_pythran.cpython-311-x86_64-linux-gnu.so
7f91140f2000-7f91140f3000 r--p 00035000 00:204 126726910078              /mnt/primary/conda-envs/semantic_uncertainty_export/lib/python3.11/site-packages/scipy/interpolate/_rbfinterp_pythran.cpython-311-x86_64-linux-gnu.so
7f91140f3000-7f91140f4000 rw-p 00036000 00:204 126726910078              /mnt/primary/conda-envs/semantic_uncertainty_export/lib/python3.11/site-packages/scipy/interpolate/_rbfinterp_pythran.cpython-311-x86_64-linux-gnu.so
7f91140f4000-7f91140fc000 r--p 00000000 00:204 126756728874              /mnt/primary/conda-envs/semantic_uncertainty_export/lib/python3.11/site-packages/scipy/interpolate/interpnd.cpython-311-x86_64-linux-gnu.so
7f91140fc000-7f911413c000 r-xp 00008000 00:204 126756728874              /mnt/primary/conda-envs/semantic_uncertainty_export/lib/python3.11/site-packages/scipy/interpolate/interpnd.cpython-311-x86_64-linux-gnu.so
7f911413c000-7f9114147000 r--p 00048000 00:204 126756728874              /mnt/primary/conda-envs/semantic_uncertainty_export/lib/python3.11/site-packages/scipy/interpolate/interpnd.cpython-311-x86_64-linux-gnu.so
7f9114147000-7f9114148000 r--p 00052000 00:204 126756728874              /mnt/primary/conda-envs/semantic_uncertainty_export/lib/python3.11/site-packages/scipy/interpolate/interpnd.cpython-311-x86_64-linux-gnu.so
7f9114148000-7f911414d000 rw-p 00053000 00:204 126756728874              /mnt/primary/conda-envs/semantic_uncertainty_export/lib/python3.11/site-packages/scipy/interpolate/interpnd.cpython-311-x86_64-linux-gnu.so
7f911414d000-7f911414e000 rw-p 00000000 00:00 0 
7f911414e000-7f9114156000 r--p 00000000 00:204 126756728871              /mnt/primary/conda-envs/semantic_uncertainty_export/lib/python3.11/site-packages/scipy/interpolate/_ppoly.cpython-311-x86_64-linux-gnu.so
7f9114156000-7f9114195000 r-xp 00008000 00:204 126756728871              /mnt/primary/conda-envs/semantic_uncertainty_export/lib/python3.11/site-packages/scipy/interpolate/_ppoly.cpython-311-x86_64-linux-gnu.so
7f9114195000-7f911419e000 r--p 00047000 00:204 126756728871              /mnt/primary/conda-envs/semantic_uncertainty_export/lib/python3.11/site-packages/scipy/interpolate/_ppoly.cpython-311-x86_64-linux-gnu.so
7f911419e000-7f911419f000 r--p 0004f000 00:204 126756728871              /mnt/primary/conda-envs/semantic_uncertainty_export/lib/python3.11/site-packages/scipy/interpolate/_ppoly.cpython-311-x86_64-linux-gnu.so
7f911419f000-7f91141a5000 rw-p 00050000 00:204 126756728871              /mnt/primary/conda-envs/semantic_uncertainty_export/lib/python3.11/site-packages/scipy/interpolate/_ppoly.cpython-311-x86_64-linux-gnu.so
7f91141a5000-7f91141a6000 rw-p 00000000 00:00 0 
7f91141a6000-7f91141ad000 r--p 00000000 00:204 126756728892              /mnt/primary/conda-envs/semantic_uncertainty_export/lib/python3.11/site-packages/scipy/interpolate/_bspl.cpython-311-x86_64-linux-gnu.so
7f91141ad000-7f91141e1000 r-xp 00007000 00:204 126756728892              /mnt/primary/conda-envs/semantic_uncertainty_export/lib/python3.11/site-packages/scipy/interpolate/_bspl.cpython-311-x86_64-linux-gnu.so
7f91141e1000-7f91141ea000 r--p 0003b000 00:204 126756728892              /mnt/primary/conda-envs/semantic_uncertainty_export/lib/python3.11/site-packages/scipy/interpolate/_bspl.cpython-311-x86_64-linux-gnu.so
7f91141ea000-7f91141eb000 r--p 00043000 00:204 126756728892              /mnt/primary/conda-envs/semantic_uncertainty_export/lib/python3.11/site-packages/scipy/interpolate/_bspl.cpython-311-x86_64-linux-gnu.so
7f91141eb000-7f91141f1000 rw-p 00044000 00:204 126756728892              /mnt/primary/conda-envs/semantic_uncertainty_export/lib/python3.11/site-packages/scipy/interpolate/_bspl.cpython-311-x86_64-linux-gnu.so
7f91141f1000-7f91141f2000 rw-p 00000000 00:00 0 
7f91141f2000-7f91141f6000 r--p 00000000 00:204 126756728880              /mnt/primary/conda-envs/semantic_uncertainty_export/lib/python3.11/site-packages/scipy/interpolate/dfitpack.cpython-311-x86_64-linux-gnu.so
7f91141f6000-7f9114232000 r-xp 00004000 00:204 126756728880              /mnt/primary/conda-envs/semantic_uncertainty_export/lib/python3.11/site-packages/scipy/interpolate/dfitpack.cpython-311-x86_64-linux-gnu.so
7f9114232000-7f911423d000 r--p 00040000 00:204 126756728880              /mnt/primary/conda-envs/semantic_uncertainty_export/lib/python3.11/site-packages/scipy/interpolate/dfitpack.cpython-311-x86_64-linux-gnu.so
7f911423d000-7f911423e000 ---p 0004b000 00:204 126756728880              /mnt/primary/conda-envs/semantic_uncertainty_export/lib/python3.11/site-packages/scipy/interpolate/dfitpack.cpython-311-x86_64-linux-gnu.so
7f911423e000-7f911423f000 r--p 0004b000 00:204 126756728880              /mnt/primary/conda-envs/semantic_uncertainty_export/lib/python3.11/site-packages/scipy/interpolate/dfitpack.cpython-311-x86_64-linux-gnu.so
7f911423f000-7f9114247000 rw-p 0004c000 00:204 126756728880              /mnt/primary/conda-envs/semantic_uncertainty_export/lib/python3.11/site-packages/scipy/interpolate/dfitpack.cpython-311-x86_64-linux-gnu.so
7f9114247000-7f9114249000 rw-p 00057000 00:204 126756728880              /mnt/primary/conda-envs/semantic_uncertainty_export/lib/python3.11/site-packages/scipy/interpolate/dfitpack.cpython-311-x86_64-linux-gnu.so
7f9114249000-7f911424a000 r--p 00000000 00:204 126756728894              /mnt/primary/conda-envs/semantic_uncertainty_export/lib/python3.11/site-packages/scipy/interpolate/_fitpack.cpython-311-x86_64-linux-gnu.so
7f911424a000-7f911425b000 r-xp 00001000 00:204 126756728894              /mnt/primary/conda-envs/semantic_uncertainty_export/lib/python3.11/site-packages/scipy/interpolate/_fitpack.cpython-311-x86_64-linux-gnu.so
7f911425b000-7f911425d000 r--p 00012000 00:204 126756728894              /mnt/primary/conda-envs/semantic_uncertainty_export/lib/python3.11/site-packages/scipy/interpolate/_fitpack.cpython-311-x86_64-linux-gnu.so
7f911425d000-7f911425e000 r--p 00013000 00:204 126756728894              /mnt/primary/conda-envs/semantic_uncertainty_export/lib/python3.11/site-packages/scipy/interpolate/_fitpack.cpython-311-x86_64-linux-gnu.so
7f911425e000-7f911425f000 rw-p 00014000 00:204 126756728894              /mnt/primary/conda-envs/semantic_uncertainty_export/lib/python3.11/site-packages/scipy/interpolate/_fitpack.cpython-311-x86_64-linux-gnu.so
7f911425f000-7f9114261000 rw-p 00016000 00:204 126756728894              /mnt/primary/conda-envs/semantic_uncertainty_export/lib/python3.11/site-packages/scipy/interpolate/_fitpack.cpython-311-x86_64-linux-gnu.so
7f9114261000-7f9114361000 rw-p 00000000 00:00 0 
7f9114361000-7f9114364000 r--p 00000000 00:204 81808996386               /mnt/primary/conda-envs/semantic_uncertainty_export/lib/python3.11/site-packages/scipy/stats/_boost/invgauss_ufunc.cpython-311-x86_64-linux-gnu.so
7f9114364000-7f911437d000 r-xp 00003000 00:204 81808996386               /mnt/primary/conda-envs/semantic_uncertainty_export/lib/python3.11/site-packages/scipy/stats/_boost/invgauss_ufunc.cpython-311-x86_64-linux-gnu.so
7f911437d000-7f9114382000 r--p 0001c000 00:204 81808996386               /mnt/primary/conda-envs/semantic_uncertainty_export/lib/python3.11/site-packages/scipy/stats/_boost/invgauss_ufunc.cpython-311-x86_64-linux-gnu.so
7f9114382000-7f9114383000 r--p 00020000 00:204 81808996386               /mnt/primary/conda-envs/semantic_uncertainty_export/lib/python3.11/site-packages/scipy/stats/_boost/invgauss_ufunc.cpython-311-x86_64-linux-gnu.so
7f9114383000-7f9114384000 rw-p 00021000 00:204 81808996386               /mnt/primary/conda-envs/semantic_uncertainty_export/lib/python3.11/site-packages/scipy/stats/_boost/invgauss_ufunc.cpython-311-x86_64-linux-gnu.so
7f9114384000-7f9114387000 r--p 00000000 00:204 81808996380               /mnt/primary/conda-envs/semantic_uncertainty_export/lib/python3.11/site-packages/scipy/stats/_boost/skewnorm_ufunc.cpython-311-x86_64-linux-gnu.so
7f9114387000-7f9114395000 r-xp 00003000 00:204 81808996380               /mnt/primary/conda-envs/semantic_uncertainty_export/lib/python3.11/site-packages/scipy/stats/_boost/skewnorm_ufunc.cpython-311-x86_64-linux-gnu.so
7f9114395000-7f9114398000 r--p 00011000 00:204 81808996380               /mnt/primary/conda-envs/semantic_uncertainty_export/lib/python3.11/site-packages/scipy/stats/_boost/skewnorm_ufunc.cpython-311-x86_64-linux-gnu.so
7f9114398000-7f9114399000 r--p 00013000 00:204 81808996380               /mnt/primary/conda-envs/semantic_uncertainty_export/lib/python3.11/site-packages/scipy/stats/_boost/skewnorm_ufunc.cpython-311-x86_64-linux-gnu.so
7f9114399000-7f911439a000 rw-p 00014000 00:204 81808996380               /mnt/primary/conda-envs/semantic_uncertainty_export/lib/python3.11/site-packages/scipy/stats/_boost/skewnorm_ufunc.cpython-311-x86_64-linux-gnu.so
7f911439a000-7f911439d000 r--p 00000000 00:204 81808996383               /mnt/primary/conda-envs/semantic_uncertainty_export/lib/python3.11/site-packages/scipy/stats/_boost/nct_ufunc.cpython-311-x86_64-linux-gnu.so
7f911439d000-7f91143c2000 r-xp 00003000 00:204 81808996383               /mnt/primary/conda-envs/semantic_uncertainty_export/lib/python3.11/site-packages/scipy/stats/_boost/nct_ufunc.cpython-311-x86_64-linux-gnu.so
7f91143c2000-7f91143c7000 r--p 00028000 00:204 81808996383               /mnt/primary/conda-envs/semantic_uncertainty_export/lib/python3.11/site-packages/scipy/stats/_boost/nct_ufunc.cpython-311-x86_64-linux-gnu.so
7f91143c7000-7f91143c8000 r--p 0002c000 00:204 81808996383               /mnt/primary/conda-envs/semantic_uncertainty_export/lib/python3.11/site-packages/scipy/stats/_boost/nct_ufunc.cpython-311-x86_64-linux-gnu.so
7f91143c8000-7f91143c9000 rw-p 0002d000 00:204 81808996383               /mnt/primary/conda-envs/semantic_uncertainty_export/lib/python3.11/site-packages/scipy/stats/_boost/nct_ufunc.cpython-311-x86_64-linux-gnu.so
7f91143c9000-7f91143cc000 r--p 00000000 00:204 81808996382               /mnt/primary/conda-envs/semantic_uncertainty_export/lib/python3.11/site-packages/scipy/stats/_boost/ncx2_ufunc.cpython-311-x86_64-linux-gnu.so
7f91143cc000-7f91143e6000 r-xp 00003000 00:204 81808996382               /mnt/primary/conda-envs/semantic_uncertainty_export/lib/python3.11/site-packages/scipy/stats/_boost/ncx2_ufunc.cpython-311-x86_64-linux-gnu.so
7f91143e6000-7f91143eb000 r--p 0001d000 00:204 81808996382               /mnt/primary/conda-envs/semantic_uncertainty_export/lib/python3.11/site-packages/scipy/stats/_boost/ncx2_ufunc.cpython-311-x86_64-linux-gnu.so
7f91143eb000-7f91143ec000 r--p 00021000 00:204 81808996382               /mnt/primary/conda-envs/semantic_uncertainty_export/lib/python3.11/site-packages/scipy/stats/_boost/ncx2_ufunc.cpython-311-x86_64-linux-gnu.so
7f91143ec000-7f91143ed000 rw-p 00022000 00:204 81808996382               /mnt/primary/conda-envs/semantic_uncertainty_export/lib/python3.11/site-packages/scipy/stats/_boost/ncx2_ufunc.cpython-311-x86_64-linux-gnu.so
7f91143ed000-7f91143f0000 r--p 00000000 00:204 81808996377               /mnt/primary/conda-envs/semantic_uncertainty_export/lib/python3.11/site-packages/scipy/stats/_boost/ncf_ufunc.cpython-311-x86_64-linux-gnu.so
7f91143f0000-7f911440a000 r-xp 00003000 00:204 81808996377               /mnt/primary/conda-envs/semantic_uncertainty_export/lib/python3.11/site-packages/scipy/stats/_boost/ncf_ufunc.cpython-311-x86_64-linux-gnu.so
7f911440a000-7f911440e000 r--p 0001d000 00:204 81808996377               /mnt/primary/conda-envs/semantic_uncertainty_export/lib/python3.11/site-packages/scipy/stats/_boost/ncf_ufunc.cpython-311-x86_64-linux-gnu.so
7f911440e000-7f911440f000 ---p 00021000 00:204 81808996377               /mnt/primary/conda-envs/semantic_uncertainty_export/lib/python3.11/site-packages/scipy/stats/_boost/ncf_ufunc.cpython-311-x86_64-linux-gnu.so
7f911440f000-7f9114410000 r--p 00021000 00:204 81808996377               /mnt/primary/conda-envs/semantic_uncertainty_export/lib/python3.11/site-packages/scipy/stats/_boost/ncf_ufunc.cpython-311-x86_64-linux-gnu.so
7f9114410000-7f9114411000 rw-p 00022000 00:204 81808996377               /mnt/primary/conda-envs/semantic_uncertainty_export/lib/python3.11/site-packages/scipy/stats/_boost/ncf_ufunc.cpython-311-x86_64-linux-gnu.so
7f9114411000-7f9114414000 r--p 00000000 00:204 81808996381               /mnt/primary/conda-envs/semantic_uncertainty_export/lib/python3.11/site-packages/scipy/stats/_boost/hypergeom_ufunc.cpython-311-x86_64-linux-gnu.so
7f9114414000-7f911441e000 r-xp 00003000 00:204 81808996381               /mnt/primary/conda-envs/semantic_uncertainty_export/lib/python3.11/site-packages/scipy/stats/_boost/hypergeom_ufunc.cpython-311-x86_64-linux-gnu.so
7f911441e000-7f9114426000 r--p 0000d000 00:204 81808996381               /mnt/primary/conda-envs/semantic_uncertainty_export/lib/python3.11/site-packages/scipy/stats/_boost/hypergeom_ufunc.cpython-311-x86_64-linux-gnu.so
7f9114426000-7f9114427000 r--p 00014000 00:204 81808996381               /mnt/primary/conda-envs/semantic_uncertainty_export/lib/python3.11/site-packages/scipy/stats/_boost/hypergeom_ufunc.cpython-311-x86_64-linux-gnu.so
7f9114427000-7f9114428000 rw-p 00015000 00:204 81808996381               /mnt/primary/conda-envs/semantic_uncertainty_export/lib/python3.11/site-packages/scipy/stats/_boost/hypergeom_ufunc.cpython-311-x86_64-linux-gnu.so
7f9114428000-7f911442b000 r--p 00000000 00:204 81808996379               /mnt/primary/conda-envs/semantic_uncertainty_export/lib/python3.11/site-packages/scipy/stats/_boost/nbinom_ufunc.cpython-311-x86_64-linux-gnu.so
7f911442b000-7f9114445000 r-xp 00003000 00:204 81808996379               /mnt/primary/conda-envs/semantic_uncertainty_export/lib/python3.11/site-packages/scipy/stats/_boost/nbinom_ufunc.cpython-311-x86_64-linux-gnu.so
7f9114445000-7f911444a000 r--p 0001d000 00:204 81808996379               /mnt/primary/conda-envs/semantic_uncertainty_export/lib/python3.11/site-packages/scipy/stats/_boost/nbinom_ufunc.cpython-311-x86_64-linux-gnu.so
7f911444a000-7f911444b000 r--p 00021000 00:204 81808996379               /mnt/primary/conda-envs/semantic_uncertainty_export/lib/python3.11/site-packages/scipy/stats/_boost/nbinom_ufunc.cpython-311-x86_64-linux-gnu.so
7f911444b000-7f911444c000 rw-p 00022000 00:204 81808996379               /mnt/primary/conda-envs/semantic_uncertainty_export/lib/python3.11/site-packages/scipy/stats/_boost/nbinom_ufunc.cpython-311-x86_64-linux-gnu.so
7f911444c000-7f9114463000 r--p 00000000 00:204 49458313760               /mnt/primary/conda-envs/semantic_uncertainty_export/lib/python3.11/site-packages/scipy/special/cython_special.cpython-311-x86_64-linux-gnu.so
7f9114463000-7f9114645000 r-xp 00017000 00:204 49458313760               /mnt/primary/conda-envs/semantic_uncertainty_export/lib/python3.11/site-packages/scipy/special/cython_special.cpython-311-x86_64-linux-gnu.so
7f9114645000-7f9114682000 r--p 001f9000 00:204 49458313760               /mnt/primary/conda-envs/semantic_uncertainty_export/lib/python3.11/site-packages/scipy/special/cython_special.cpython-311-x86_64-linux-gnu.so
7f9114682000-7f9114683000 r--p 00235000 00:204 49458313760               /mnt/primary/conda-envs/semantic_uncertainty_export/lib/python3.11/site-packages/scipy/special/cython_special.cpython-311-x86_64-linux-gnu.so
7f9114683000-7f9114695000 rw-p 00236000 00:204 49458313760               /mnt/primary/conda-envs/semantic_uncertainty_export/lib/python3.11/site-packages/scipy/special/cython_special.cpython-311-x86_64-linux-gnu.so
7f9114695000-7f9114696000 rw-p 00000000 00:00 0 
7f9114696000-7f911469a000 rw-p 002b3000 00:204 49458313760               /mnt/primary/conda-envs/semantic_uncertainty_export/lib/python3.11/site-packages/scipy/special/cython_special.cpython-311-x86_64-linux-gnu.so
7f911469a000-7f91146a9000 r--p 00000000 00:204 109564600854              /mnt/primary/conda-envs/semantic_uncertainty_export/lib/python3.11/site-packages/scipy/optimize/_highs/_highs_wrapper.cpython-311-x86_64-linux-gnu.so
7f91146a9000-7f9114989000 r-xp 0000f000 00:204 109564600854              /mnt/primary/conda-envs/semantic_uncertainty_export/lib/python3.11/site-packages/scipy/optimize/_highs/_highs_wrapper.cpython-311-x86_64-linux-gnu.so
7f9114989000-7f91149f2000 r--p 002ef000 00:204 109564600854              /mnt/primary/conda-envs/semantic_uncertainty_export/lib/python3.11/site-packages/scipy/optimize/_highs/_highs_wrapper.cpython-311-x86_64-linux-gnu.so
7f91149f2000-7f91149f3000 ---p 00358000 00:204 109564600854              /mnt/primary/conda-envs/semantic_uncertainty_export/lib/python3.11/site-packages/scipy/optimize/_highs/_highs_wrapper.cpython-311-x86_64-linux-gnu.so
7f91149f3000-7f91149f5000 r--p 00358000 00:204 109564600854              /mnt/primary/conda-envs/semantic_uncertainty_export/lib/python3.11/site-packages/scipy/optimize/_highs/_highs_wrapper.cpython-311-x86_64-linux-gnu.so
7f91149f5000-7f91149fc000 rw-p 0035a000 00:204 109564600854              /mnt/primary/conda-envs/semantic_uncertainty_export/lib/python3.11/site-packages/scipy/optimize/_highs/_highs_wrapper.cpython-311-x86_64-linux-gnu.so
7f91149fc000-7f9114a00000 rw-p 00000000 00:00 0 
7f9114a00000-7f9116a00000 rw-p 00000000 00:00 0 
7f9116a00000-7f9116c00000 rw-p 00000000 00:00 0 
7f9116c00000-7f9116c01000 ---p 00000000 00:00 0 
7f9116c01000-7f9117401000 rw-p 00000000 00:00 0 
7f9117403000-7f9117407000 r--p 00000000 00:204 131461243965              /mnt/primary/conda-envs/semantic_uncertainty_export/lib/python3.11/site-packages/wrapt/_wrappers.cpython-311-x86_64-linux-gnu.so
7f9117407000-7f911740c000 r-xp 00004000 00:204 131461243965              /mnt/primary/conda-envs/semantic_uncertainty_export/lib/python3.11/site-packages/wrapt/_wrappers.cpython-311-x86_64-linux-gnu.so
7f911740c000-7f911740e000 r--p 00009000 00:204 131461243965              /mnt/primary/conda-envs/semantic_uncertainty_export/lib/python3.11/site-packages/wrapt/_wrappers.cpython-311-x86_64-linux-gnu.so
7f911740e000-7f911740f000 r--p 0000a000 00:204 131461243965              /mnt/primary/conda-envs/semantic_uncertainty_export/lib/python3.11/site-packages/wrapt/_wrappers.cpython-311-x86_64-linux-gnu.so
7f911740f000-7f9117411000 rw-p 0000b000 00:204 131461243965              /mnt/primary/conda-envs/semantic_uncertainty_export/lib/python3.11/site-packages/wrapt/_wrappers.cpython-311-x86_64-linux-gnu.so
7f9117411000-7f9117414000 r--p 00000000 00:204 81808996378               /mnt/primary/conda-envs/semantic_uncertainty_export/lib/python3.11/site-packages/scipy/stats/_boost/binom_ufunc.cpython-311-x86_64-linux-gnu.so
7f9117414000-7f911742f000 r-xp 00003000 00:204 81808996378               /mnt/primary/conda-envs/semantic_uncertainty_export/lib/python3.11/site-packages/scipy/stats/_boost/binom_ufunc.cpython-311-x86_64-linux-gnu.so
7f911742f000-7f9117434000 r--p 0001e000 00:204 81808996378               /mnt/primary/conda-envs/semantic_uncertainty_export/lib/python3.11/site-packages/scipy/stats/_boost/binom_ufunc.cpython-311-x86_64-linux-gnu.so
7f9117434000-7f9117435000 r--p 00022000 00:204 81808996378               /mnt/primary/conda-envs/semantic_uncertainty_export/lib/python3.11/site-packages/scipy/stats/_boost/binom_ufunc.cpython-311-x86_64-linux-gnu.so
7f9117435000-7f9117436000 rw-p 00023000 00:204 81808996378               /mnt/primary/conda-envs/semantic_uncertainty_export/lib/python3.11/site-packages/scipy/stats/_boost/binom_ufunc.cpython-311-x86_64-linux-gnu.so
7f9117436000-7f911743a000 r--p 00000000 00:204 81808996384               /mnt/primary/conda-envs/semantic_uncertainty_export/lib/python3.11/site-packages/scipy/stats/_boost/beta_ufunc.cpython-311-x86_64-linux-gnu.so
7f911743a000-7f911745a000 r-xp 00004000 00:204 81808996384               /mnt/primary/conda-envs/semantic_uncertainty_export/lib/python3.11/site-packages/scipy/stats/_boost/beta_ufunc.cpython-311-x86_64-linux-gnu.so
7f911745a000-7f9117460000 r--p 00024000 00:204 81808996384               /mnt/primary/conda-envs/semantic_uncertainty_export/lib/python3.11/site-packages/scipy/stats/_boost/beta_ufunc.cpython-311-x86_64-linux-gnu.so
7f9117460000-7f9117461000 r--p 00029000 00:204 81808996384               /mnt/primary/conda-envs/semantic_uncertainty_export/lib/python3.11/site-packages/scipy/stats/_boost/beta_ufunc.cpython-311-x86_64-linux-gnu.so
7f9117461000-7f9117462000 rw-p 0002a000 00:204 81808996384               /mnt/primary/conda-envs/semantic_uncertainty_export/lib/python3.11/site-packages/scipy/stats/_boost/beta_ufunc.cpython-311-x86_64-linux-gnu.so
7f9117462000-7f911746c000 r--p 00000000 00:204 73089433127               /mnt/primary/conda-envs/semantic_uncertainty_export/lib/python3.11/site-packages/scipy/stats/_stats.cpython-311-x86_64-linux-gnu.so
7f911746c000-7f91174ea000 r-xp 0000a000 00:204 73089433127               /mnt/primary/conda-envs/semantic_uncertainty_export/lib/python3.11/site-packages/scipy/stats/_stats.cpython-311-x86_64-linux-gnu.so
7f91174ea000-7f91174f7000 r--p 00088000 00:204 73089433127               /mnt/primary/conda-envs/semantic_uncertainty_export/lib/python3.11/site-packages/scipy/stats/_stats.cpython-311-x86_64-linux-gnu.so
7f91174f7000-7f91174f8000 r--p 00094000 00:204 73089433127               /mnt/primary/conda-envs/semantic_uncertainty_export/lib/python3.11/site-packages/scipy/stats/_stats.cpython-311-x86_64-linux-gnu.so
7f91174f8000-7f91174ff000 rw-p 00095000 00:204 73089433127               /mnt/primary/conda-envs/semantic_uncertainty_export/lib/python3.11/site-packages/scipy/stats/_stats.cpython-311-x86_64-linux-gnu.so
7f91174ff000-7f9117600000 rw-p 00000000 00:00 0 
7f9117600000-7f9117601000 ---p 00000000 00:00 0 
7f9117601000-7f9117e01000 rw-p 00000000 00:00 0 
7f9117e05000-7f9117e08000 r--p 00000000 00:204 64698545180               /mnt/primary/conda-envs/semantic_uncertainty_export/lib/python3.11/site-packages/scipy/integrate/_lsoda.cpython-311-x86_64-linux-gnu.so
7f9117e08000-7f9117e15000 r-xp 00003000 00:204 64698545180               /mnt/primary/conda-envs/semantic_uncertainty_export/lib/python3.11/site-packages/scipy/integrate/_lsoda.cpython-311-x86_64-linux-gnu.so
7f9117e15000-7f9117e19000 r--p 00010000 00:204 64698545180               /mnt/primary/conda-envs/semantic_uncertainty_export/lib/python3.11/site-packages/scipy/integrate/_lsoda.cpython-311-x86_64-linux-gnu.so
7f9117e19000-7f9117e1a000 r--p 00013000 00:204 64698545180               /mnt/primary/conda-envs/semantic_uncertainty_export/lib/python3.11/site-packages/scipy/integrate/_lsoda.cpython-311-x86_64-linux-gnu.so
7f9117e1a000-7f9117e1c000 rw-p 00014000 00:204 64698545180               /mnt/primary/conda-envs/semantic_uncertainty_export/lib/python3.11/site-packages/scipy/integrate/_lsoda.cpython-311-x86_64-linux-gnu.so
7f9117e1c000-7f9117e1f000 rw-p 00018000 00:204 64698545180               /mnt/primary/conda-envs/semantic_uncertainty_export/lib/python3.11/site-packages/scipy/integrate/_lsoda.cpython-311-x86_64-linux-gnu.so
7f9117e1f000-7f9117e22000 r--p 00000000 00:204 64698545185               /mnt/primary/conda-envs/semantic_uncertainty_export/lib/python3.11/site-packages/scipy/integrate/_dop.cpython-311-x86_64-linux-gnu.so
7f9117e22000-7f9117e30000 r-xp 00003000 00:204 64698545185               /mnt/primary/conda-envs/semantic_uncertainty_export/lib/python3.11/site-packages/scipy/integrate/_dop.cpython-311-x86_64-linux-gnu.so
7f9117e30000-7f9117e34000 r--p 00011000 00:204 64698545185               /mnt/primary/conda-envs/semantic_uncertainty_export/lib/python3.11/site-packages/scipy/integrate/_dop.cpython-311-x86_64-linux-gnu.so
7f9117e34000-7f9117e35000 r--p 00014000 00:204 64698545185               /mnt/primary/conda-envs/semantic_uncertainty_export/lib/python3.11/site-packages/scipy/integrate/_dop.cpython-311-x86_64-linux-gnu.so
7f9117e35000-7f9117e37000 rw-p 00015000 00:204 64698545185               /mnt/primary/conda-envs/semantic_uncertainty_export/lib/python3.11/site-packages/scipy/integrate/_dop.cpython-311-x86_64-linux-gnu.so
7f9117e37000-7f9117e3a000 rw-p 00019000 00:204 64698545185               /mnt/primary/conda-envs/semantic_uncertainty_export/lib/python3.11/site-packages/scipy/integrate/_dop.cpython-311-x86_64-linux-gnu.so
7f9117e3a000-7f9117e3d000 r--p 00000000 00:204 64698545173               /mnt/primary/conda-envs/semantic_uncertainty_export/lib/python3.11/site-packages/scipy/integrate/_vode.cpython-311-x86_64-linux-gnu.so
7f9117e3d000-7f9117e55000 r-xp 00003000 00:204 64698545173               /mnt/primary/conda-envs/semantic_uncertainty_export/lib/python3.11/site-packages/scipy/integrate/_vode.cpython-311-x86_64-linux-gnu.so
7f9117e55000-7f9117e5b000 r--p 0001b000 00:204 64698545173               /mnt/primary/conda-envs/semantic_uncertainty_export/lib/python3.11/site-packages/scipy/integrate/_vode.cpython-311-x86_64-linux-gnu.so
7f9117e5b000-7f9117e5c000 r--p 00020000 00:204 64698545173               /mnt/primary/conda-envs/semantic_uncertainty_export/lib/python3.11/site-packages/scipy/integrate/_vode.cpython-311-x86_64-linux-gnu.so
7f9117e5c000-7f9117e5e000 rw-p 00021000 00:204 64698545173               /mnt/primary/conda-envs/semantic_uncertainty_export/lib/python3.11/site-packages/scipy/integrate/_vode.cpython-311-x86_64-linux-gnu.so
7f9117e5e000-7f9117e61000 rw-p 00026000 00:204 64698545173               /mnt/primary/conda-envs/semantic_uncertainty_export/lib/python3.11/site-packages/scipy/integrate/_vode.cpython-311-x86_64-linux-gnu.so
7f9117e61000-7f9117e63000 r--p 00000000 00:204 64698545177               /mnt/primary/conda-envs/semantic_uncertainty_export/lib/python3.11/site-packages/scipy/integrate/_quadpack.cpython-311-x86_64-linux-gnu.so
7f9117e63000-7f9117e76000 r-xp 00002000 00:204 64698545177               /mnt/primary/conda-envs/semantic_uncertainty_export/lib/python3.11/site-packages/scipy/integrate/_quadpack.cpython-311-x86_64-linux-gnu.so
7f9117e76000-7f9117e79000 r--p 00015000 00:204 64698545177               /mnt/primary/conda-envs/semantic_uncertainty_export/lib/python3.11/site-packages/scipy/integrate/_quadpack.cpython-311-x86_64-linux-gnu.so
7f9117e79000-7f9117e7a000 r--p 00017000 00:204 64698545177               /mnt/primary/conda-envs/semantic_uncertainty_export/lib/python3.11/site-packages/scipy/integrate/_quadpack.cpython-311-x86_64-linux-gnu.so
7f9117e7a000-7f9117e7b000 rw-p 00018000 00:204 64698545177               /mnt/primary/conda-envs/semantic_uncertainty_export/lib/python3.11/site-packages/scipy/integrate/_quadpack.cpython-311-x86_64-linux-gnu.so
7f9117e7b000-7f9117e7d000 rw-p 0001b000 00:204 64698545177               /mnt/primary/conda-envs/semantic_uncertainty_export/lib/python3.11/site-packages/scipy/integrate/_quadpack.cpython-311-x86_64-linux-gnu.so
7f9117e7d000-7f9117e7f000 r--p 00000000 00:204 64698545178               /mnt/primary/conda-envs/semantic_uncertainty_export/lib/python3.11/site-packages/scipy/integrate/_odepack.cpython-311-x86_64-linux-gnu.so
7f9117e7f000-7f9117e8a000 r-xp 00002000 00:204 64698545178               /mnt/primary/conda-envs/semantic_uncertainty_export/lib/python3.11/site-packages/scipy/integrate/_odepack.cpython-311-x86_64-linux-gnu.so
7f9117e8a000-7f9117e8d000 r--p 0000d000 00:204 64698545178               /mnt/primary/conda-envs/semantic_uncertainty_export/lib/python3.11/site-packages/scipy/integrate/_odepack.cpython-311-x86_64-linux-gnu.so
7f9117e8d000-7f9117e8e000 r--p 0000f000 00:204 64698545178               /mnt/primary/conda-envs/semantic_uncertainty_export/lib/python3.11/site-packages/scipy/integrate/_odepack.cpython-311-x86_64-linux-gnu.so
7f9117e8e000-7f9117e8f000 rw-p 00010000 00:204 64698545178               /mnt/primary/conda-envs/semantic_uncertainty_export/lib/python3.11/site-packages/scipy/integrate/_odepack.cpython-311-x86_64-linux-gnu.so
7f9117e8f000-7f9117e91000 rw-p 00013000 00:204 64698545178               /mnt/primary/conda-envs/semantic_uncertainty_export/lib/python3.11/site-packages/scipy/integrate/_odepack.cpython-311-x86_64-linux-gnu.so
7f9117e91000-7f9117e97000 r--p 00000000 00:204 19514561043               /mnt/primary/conda-envs/semantic_uncertainty_export/lib/python3.11/site-packages/scipy/linalg/_interpolative.cpython-311-x86_64-linux-gnu.so
7f9117e97000-7f9117eda000 r-xp 00006000 00:204 19514561043               /mnt/primary/conda-envs/semantic_uncertainty_export/lib/python3.11/site-packages/scipy/linalg/_interpolative.cpython-311-x86_64-linux-gnu.so
7f9117eda000-7f9117eec000 r--p 00049000 00:204 19514561043               /mnt/primary/conda-envs/semantic_uncertainty_export/lib/python3.11/site-packages/scipy/linalg/_interpolative.cpython-311-x86_64-linux-gnu.so
7f9117eec000-7f9117eed000 r--p 0005a000 00:204 19514561043               /mnt/primary/conda-envs/semantic_uncertainty_export/lib/python3.11/site-packages/scipy/linalg/_interpolative.cpython-311-x86_64-linux-gnu.so
7f9117eed000-7f9117efd000 rw-p 0005b000 00:204 19514561043               /mnt/primary/conda-envs/semantic_uncertainty_export/lib/python3.11/site-packages/scipy/linalg/_interpolative.cpython-311-x86_64-linux-gnu.so
7f9117efd000-7f9117f00000 rw-p 00072000 00:204 19514561043               /mnt/primary/conda-envs/semantic_uncertainty_export/lib/python3.11/site-packages/scipy/linalg/_interpolative.cpython-311-x86_64-linux-gnu.so
7f9117f00000-7f9118000000 rw-p 00000000 00:00 0 
7f9118000000-7f9118029000 rw-p 00000000 00:00 0 
7f9118029000-7f911c000000 ---p 00000000 00:00 0 
7f911c003000-7f911c00a000 r--p 00000000 00:204 98787428881               /mnt/primary/conda-envs/semantic_uncertainty_export/lib/python3.11/site-packages/scipy/optimize/_bglu_dense.cpython-311-x86_64-linux-gnu.so
7f911c00a000-7f911c03c000 r-xp 00007000 00:204 98787428881               /mnt/primary/conda-envs/semantic_uncertainty_export/lib/python3.11/site-packages/scipy/optimize/_bglu_dense.cpython-311-x86_64-linux-gnu.so
7f911c03c000-7f911c045000 r--p 00039000 00:204 98787428881               /mnt/primary/conda-envs/semantic_uncertainty_export/lib/python3.11/site-packages/scipy/optimize/_bglu_dense.cpython-311-x86_64-linux-gnu.so
7f911c045000-7f911c046000 r--p 00041000 00:204 98787428881               /mnt/primary/conda-envs/semantic_uncertainty_export/lib/python3.11/site-packages/scipy/optimize/_bglu_dense.cpython-311-x86_64-linux-gnu.so
7f911c046000-7f911c04b000 rw-p 00042000 00:204 98787428881               /mnt/primary/conda-envs/semantic_uncertainty_export/lib/python3.11/site-packages/scipy/optimize/_bglu_dense.cpython-311-x86_64-linux-gnu.so
7f911c04b000-7f911c050000 r--p 00000000 00:204 100942359064              /mnt/primary/conda-envs/semantic_uncertainty_export/lib/python3.11/site-packages/scipy/optimize/_lsq/givens_elimination.cpython-311-x86_64-linux-gnu.so
7f911c050000-7f911c06d000 r-xp 00005000 00:204 100942359064              /mnt/primary/conda-envs/semantic_uncertainty_export/lib/python3.11/site-packages/scipy/optimize/_lsq/givens_elimination.cpython-311-x86_64-linux-gnu.so
7f911c06d000-7f911c073000 r--p 00022000 00:204 100942359064              /mnt/primary/conda-envs/semantic_uncertainty_export/lib/python3.11/site-packages/scipy/optimize/_lsq/givens_elimination.cpython-311-x86_64-linux-gnu.so
7f911c073000-7f911c074000 r--p 00027000 00:204 100942359064              /mnt/primary/conda-envs/semantic_uncertainty_export/lib/python3.11/site-packages/scipy/optimize/_lsq/givens_elimination.cpython-311-x86_64-linux-gnu.so
7f911c074000-7f911c077000 rw-p 00028000 00:204 100942359064              /mnt/primary/conda-envs/semantic_uncertainty_export/lib/python3.11/site-packages/scipy/optimize/_lsq/givens_elimination.cpython-311-x86_64-linux-gnu.so
7f911c077000-7f911c079000 r--p 00000000 00:204 98787428893               /mnt/primary/conda-envs/semantic_uncertainty_export/lib/python3.11/site-packages/scipy/optimize/_minpack.cpython-311-x86_64-linux-gnu.so
7f911c079000-7f911c086000 r-xp 00002000 00:204 98787428893               /mnt/primary/conda-envs/semantic_uncertainty_export/lib/python3.11/site-packages/scipy/optimize/_minpack.cpython-311-x86_64-linux-gnu.so
7f911c086000-7f911c088000 r--p 0000f000 00:204 98787428893               /mnt/primary/conda-envs/semantic_uncertainty_export/lib/python3.11/site-packages/scipy/optimize/_minpack.cpython-311-x86_64-linux-gnu.so
7f911c088000-7f911c089000 r--p 00010000 00:204 98787428893               /mnt/primary/conda-envs/semantic_uncertainty_export/lib/python3.11/site-packages/scipy/optimize/_minpack.cpython-311-x86_64-linux-gnu.so
7f911c089000-7f911c08a000 rw-p 00011000 00:204 98787428893               /mnt/primary/conda-envs/semantic_uncertainty_export/lib/python3.11/site-packages/scipy/optimize/_minpack.cpython-311-x86_64-linux-gnu.so
7f911c08a000-7f911c08c000 r--p 00000000 00:204 98787428883               /mnt/primary/conda-envs/semantic_uncertainty_export/lib/python3.11/site-packages/scipy/optimize/_slsqp.cpython-311-x86_64-linux-gnu.so
7f911c08c000-7f911c098000 r-xp 00002000 00:204 98787428883               /mnt/primary/conda-envs/semantic_uncertainty_export/lib/python3.11/site-packages/scipy/optimize/_slsqp.cpython-311-x86_64-linux-gnu.so
7f911c098000-7f911c09b000 r--p 0000e000 00:204 98787428883               /mnt/primary/conda-envs/semantic_uncertainty_export/lib/python3.11/site-packages/scipy/optimize/_slsqp.cpython-311-x86_64-linux-gnu.so
7f911c09b000-7f911c09c000 r--p 00010000 00:204 98787428883               /mnt/primary/conda-envs/semantic_uncertainty_export/lib/python3.11/site-packages/scipy/optimize/_slsqp.cpython-311-x86_64-linux-gnu.so
7f911c09c000-7f911c09d000 rw-p 00011000 00:204 98787428883               /mnt/primary/conda-envs/semantic_uncertainty_export/lib/python3.11/site-packages/scipy/optimize/_slsqp.cpython-311-x86_64-linux-gnu.so
7f911c09d000-7f911c09f000 r--p 00000000 00:204 98787977275               /mnt/primary/conda-envs/semantic_uncertainty_export/lib/python3.11/site-packages/scipy/optimize/_cobyla.cpython-311-x86_64-linux-gnu.so
7f911c09f000-7f911c0ac000 r-xp 00002000 00:204 98787977275               /mnt/primary/conda-envs/semantic_uncertainty_export/lib/python3.11/site-packages/scipy/optimize/_cobyla.cpython-311-x86_64-linux-gnu.so
7f911c0ac000-7f911c0af000 r--p 0000f000 00:204 98787977275               /mnt/primary/conda-envs/semantic_uncertainty_export/lib/python3.11/site-packages/scipy/optimize/_cobyla.cpython-311-x86_64-linux-gnu.so
7f911c0af000-7f911c0b0000 r--p 00011000 00:204 98787977275               /mnt/primary/conda-envs/semantic_uncertainty_export/lib/python3.11/site-packages/scipy/optimize/_cobyla.cpython-311-x86_64-linux-gnu.so
7f911c0b0000-7f911c0b1000 rw-p 00012000 00:204 98787977275               /mnt/primary/conda-envs/semantic_uncertainty_export/lib/python3.11/site-packages/scipy/optimize/_cobyla.cpython-311-x86_64-linux-gnu.so
7f911c0b1000-7f911c0b3000 rw-p 00016000 00:204 98787977275               /mnt/primary/conda-envs/semantic_uncertainty_export/lib/python3.11/site-packages/scipy/optimize/_cobyla.cpython-311-x86_64-linux-gnu.so
7f911c0b3000-7f911c0b7000 r--p 00000000 00:204 98787351563               /mnt/primary/conda-envs/semantic_uncertainty_export/lib/python3.11/site-packages/scipy/optimize/_moduleTNC.cpython-311-x86_64-linux-gnu.so
7f911c0b7000-7f911c0cd000 r-xp 00004000 00:204 98787351563               /mnt/primary/conda-envs/semantic_uncertainty_export/lib/python3.11/site-packages/scipy/optimize/_moduleTNC.cpython-311-x86_64-linux-gnu.so
7f911c0cd000-7f911c0d0000 r--p 0001a000 00:204 98787351563               /mnt/primary/conda-envs/semantic_uncertainty_export/lib/python3.11/site-packages/scipy/optimize/_moduleTNC.cpython-311-x86_64-linux-gnu.so
7f911c0d0000-7f911c0d1000 r--p 0001c000 00:204 98787351563               /mnt/primary/conda-envs/semantic_uncertainty_export/lib/python3.11/site-packages/scipy/optimize/_moduleTNC.cpython-311-x86_64-linux-gnu.so
7f911c0d1000-7f911c0d3000 rw-p 0001d000 00:204 98787351563               /mnt/primary/conda-envs/semantic_uncertainty_export/lib/python3.11/site-packages/scipy/optimize/_moduleTNC.cpython-311-x86_64-linux-gnu.so
7f911c0d3000-7f911c0d5000 r--p 00000000 00:204 98787428911               /mnt/primary/conda-envs/semantic_uncertainty_export/lib/python3.11/site-packages/scipy/optimize/_lbfgsb.cpython-311-x86_64-linux-gnu.so
7f911c0d5000-7f911c0e5000 r-xp 00002000 00:204 98787428911               /mnt/primary/conda-envs/semantic_uncertainty_export/lib/python3.11/site-packages/scipy/optimize/_lbfgsb.cpython-311-x86_64-linux-gnu.so
7f911c0e5000-7f911c0e9000 r--p 00012000 00:204 98787428911               /mnt/primary/conda-envs/semantic_uncertainty_export/lib/python3.11/site-packages/scipy/optimize/_lbfgsb.cpython-311-x86_64-linux-gnu.so
7f911c0e9000-7f911c0ea000 r--p 00015000 00:204 98787428911               /mnt/primary/conda-envs/semantic_uncertainty_export/lib/python3.11/site-packages/scipy/optimize/_lbfgsb.cpython-311-x86_64-linux-gnu.so
7f911c0ea000-7f911c0eb000 rw-p 00016000 00:204 98787428911               /mnt/primary/conda-envs/semantic_uncertainty_export/lib/python3.11/site-packages/scipy/optimize/_lbfgsb.cpython-311-x86_64-linux-gnu.so
7f911c0eb000-7f911c0ed000 rw-p 0001a000 00:204 98787428911               /mnt/primary/conda-envs/semantic_uncertainty_export/lib/python3.11/site-packages/scipy/optimize/_lbfgsb.cpython-311-x86_64-linux-gnu.so
7f911c0ed000-7f911c0f7000 r--p 00000000 00:204 45447825451               /mnt/primary/conda-envs/semantic_uncertainty_export/lib/python3.11/site-packages/scipy/spatial/transform/_rotation.cpython-311-x86_64-linux-gnu.so
7f911c0f7000-7f911c164000 r-xp 0000a000 00:204 45447825451               /mnt/primary/conda-envs/semantic_uncertainty_export/lib/python3.11/site-packages/scipy/spatial/transform/_rotation.cpython-311-x86_64-linux-gnu.so
7f911c164000-7f911c17d000 r--p 00077000 00:204 45447825451               /mnt/primary/conda-envs/semantic_uncertainty_export/lib/python3.11/site-packages/scipy/spatial/transform/_rotation.cpython-311-x86_64-linux-gnu.so
7f911c17d000-7f911c17e000 r--p 0008f000 00:204 45447825451               /mnt/primary/conda-envs/semantic_uncertainty_export/lib/python3.11/site-packages/scipy/spatial/transform/_rotation.cpython-311-x86_64-linux-gnu.so
7f911c17e000-7f911c190000 rw-p 00090000 00:204 45447825451               /mnt/primary/conda-envs/semantic_uncertainty_export/lib/python3.11/site-packages/scipy/spatial/transform/_rotation.cpython-311-x86_64-linux-gnu.so
7f911c190000-7f911c192000 rw-p 00000000 00:00 0 
7f911c192000-7f911c198000 r--p 00000000 00:204 40842680353               /mnt/primary/conda-envs/semantic_uncertainty_export/lib/python3.11/site-packages/scipy/spatial/_distance_pybind.cpython-311-x86_64-linux-gnu.so
7f911c198000-7f911c1fd000 r-xp 00006000 00:204 40842680353               /mnt/primary/conda-envs/semantic_uncertainty_export/lib/python3.11/site-packages/scipy/spatial/_distance_pybind.cpython-311-x86_64-linux-gnu.so
7f911c1fd000-7f911c20d000 r--p 0006b000 00:204 40842680353               /mnt/primary/conda-envs/semantic_uncertainty_export/lib/python3.11/site-packages/scipy/spatial/_distance_pybind.cpython-311-x86_64-linux-gnu.so
7f911c20d000-7f911c20e000 ---p 0007b000 00:204 40842680353               /mnt/primary/conda-envs/semantic_uncertainty_export/lib/python3.11/site-packages/scipy/spatial/_distance_pybind.cpython-311-x86_64-linux-gnu.so
7f911c20e000-7f911c20f000 r--p 0007b000 00:204 40842680353               /mnt/primary/conda-envs/semantic_uncertainty_export/lib/python3.11/site-packages/scipy/spatial/_distance_pybind.cpython-311-x86_64-linux-gnu.so
7f911c20f000-7f911c210000 rw-p 0007c000 00:204 40842680353               /mnt/primary/conda-envs/semantic_uncertainty_export/lib/python3.11/site-packages/scipy/spatial/_distance_pybind.cpython-311-x86_64-linux-gnu.so
7f911c210000-7f911c213000 r--p 00000000 00:204 49458313779               /mnt/primary/conda-envs/semantic_uncertainty_export/lib/python3.11/site-packages/scipy/special/_specfun.cpython-311-x86_64-linux-gnu.so
7f911c213000-7f911c27a000 r-xp 00003000 00:204 49458313779               /mnt/primary/conda-envs/semantic_uncertainty_export/lib/python3.11/site-packages/scipy/special/_specfun.cpython-311-x86_64-linux-gnu.so
7f911c27a000-7f911c285000 r--p 0006a000 00:204 49458313779               /mnt/primary/conda-envs/semantic_uncertainty_export/lib/python3.11/site-packages/scipy/special/_specfun.cpython-311-x86_64-linux-gnu.so
7f911c285000-7f911c286000 r--p 00074000 00:204 49458313779               /mnt/primary/conda-envs/semantic_uncertainty_export/lib/python3.11/site-packages/scipy/special/_specfun.cpython-311-x86_64-linux-gnu.so
7f911c286000-7f911c28b000 rw-p 00075000 00:204 49458313779               /mnt/primary/conda-envs/semantic_uncertainty_export/lib/python3.11/site-packages/scipy/special/_specfun.cpython-311-x86_64-linux-gnu.so
7f911c28b000-7f911c28d000 rw-p 0007e000 00:204 49458313779               /mnt/primary/conda-envs/semantic_uncertainty_export/lib/python3.11/site-packages/scipy/special/_specfun.cpython-311-x86_64-linux-gnu.so
7f911c28d000-7f911c38d000 rw-p 00000000 00:00 0 
7f911c38d000-7f911c391000 r--p 00000000 00:204 49458313772               /mnt/primary/conda-envs/semantic_uncertainty_export/lib/python3.11/site-packages/scipy/special/_ufuncs_cxx.cpython-311-x86_64-linux-gnu.so
7f911c391000-7f911c3eb000 r-xp 00004000 00:204 49458313772               /mnt/primary/conda-envs/semantic_uncertainty_export/lib/python3.11/site-packages/scipy/special/_ufuncs_cxx.cpython-311-x86_64-linux-gnu.so
7f911c3eb000-7f911c3fd000 r--p 0005e000 00:204 49458313772               /mnt/primary/conda-envs/semantic_uncertainty_export/lib/python3.11/site-packages/scipy/special/_ufuncs_cxx.cpython-311-x86_64-linux-gnu.so
7f911c3fd000-7f911c3fe000 r--p 0006f000 00:204 49458313772               /mnt/primary/conda-envs/semantic_uncertainty_export/lib/python3.11/site-packages/scipy/special/_ufuncs_cxx.cpython-311-x86_64-linux-gnu.so
7f911c3fe000-7f911c3ff000 rw-p 00070000 00:204 49458313772               /mnt/primary/conda-envs/semantic_uncertainty_export/lib/python3.11/site-packages/scipy/special/_ufuncs_cxx.cpython-311-x86_64-linux-gnu.so
7f911c3ff000-7f911c400000 rw-p 00000000 00:00 0 
7f911c400000-7f911c401000 ---p 00000000 00:00 0 
7f911c401000-7f911cc01000 rw-p 00000000 00:00 0 
7f911cc07000-7f911cc08000 r--p 00000000 00:204 70898546230               /mnt/primary/conda-envs/semantic_uncertainty_export/lib/libsharpyuv.so.0.0.1
7f911cc08000-7f911cc0c000 r-xp 00001000 00:204 70898546230               /mnt/primary/conda-envs/semantic_uncertainty_export/lib/libsharpyuv.so.0.0.1
7f911cc0c000-7f911cc0d000 r--p 00005000 00:204 70898546230               /mnt/primary/conda-envs/semantic_uncertainty_export/lib/libsharpyuv.so.0.0.1
7f911cc0d000-7f911cc0e000 r--p 00005000 00:204 70898546230               /mnt/primary/conda-envs/semantic_uncertainty_export/lib/libsharpyuv.so.0.0.1
7f911cc0e000-7f911cc0f000 rw-p 00006000 00:204 70898546230               /mnt/primary/conda-envs/semantic_uncertainty_export/lib/libsharpyuv.so.0.0.1
7f911cc0f000-7f911cc10000 rw-p 00000000 00:00 0 
7f911cc10000-7f911cc17000 r--p 00000000 00:204 116031844998              /mnt/primary/conda-envs/semantic_uncertainty_export/lib/python3.11/site-packages/scipy/optimize/_trlib/_trlib.cpython-311-x86_64-linux-gnu.so
7f911cc17000-7f911cc4f000 r-xp 00007000 00:204 116031844998              /mnt/primary/conda-envs/semantic_uncertainty_export/lib/python3.11/site-packages/scipy/optimize/_trlib/_trlib.cpython-311-x86_64-linux-gnu.so
7f911cc4f000-7f911cc58000 r--p 0003f000 00:204 116031844998              /mnt/primary/conda-envs/semantic_uncertainty_export/lib/python3.11/site-packages/scipy/optimize/_trlib/_trlib.cpython-311-x86_64-linux-gnu.so
7f911cc58000-7f911cc59000 r--p 00047000 00:204 116031844998              /mnt/primary/conda-envs/semantic_uncertainty_export/lib/python3.11/site-packages/scipy/optimize/_trlib/_trlib.cpython-311-x86_64-linux-gnu.so
7f911cc59000-7f911cc5d000 rw-p 00048000 00:204 116031844998              /mnt/primary/conda-envs/semantic_uncertainty_export/lib/python3.11/site-packages/scipy/optimize/_trlib/_trlib.cpython-311-x86_64-linux-gnu.so
7f911cc5d000-7f911cc5e000 rw-p 00000000 00:00 0 
7f911cc5e000-7f911cc61000 rw-p 00057000 00:204 116031844998              /mnt/primary/conda-envs/semantic_uncertainty_export/lib/python3.11/site-packages/scipy/optimize/_trlib/_trlib.cpython-311-x86_64-linux-gnu.so
7f911cc61000-7f911cc6d000 r--p 00000000 00:204 49458313787               /mnt/primary/conda-envs/semantic_uncertainty_export/lib/python3.11/site-packages/scipy/special/_ufuncs.cpython-311-x86_64-linux-gnu.so
7f911cc6d000-7f911cd73000 r-xp 0000c000 00:204 49458313787               /mnt/primary/conda-envs/semantic_uncertainty_export/lib/python3.11/site-packages/scipy/special/_ufuncs.cpython-311-x86_64-linux-gnu.so
7f911cd73000-7f911cde7000 r--p 00112000 00:204 49458313787               /mnt/primary/conda-envs/semantic_uncertainty_export/lib/python3.11/site-packages/scipy/special/_ufuncs.cpython-311-x86_64-linux-gnu.so
7f911cde7000-7f911cde8000 ---p 00186000 00:204 49458313787               /mnt/primary/conda-envs/semantic_uncertainty_export/lib/python3.11/site-packages/scipy/special/_ufuncs.cpython-311-x86_64-linux-gnu.so
7f911cde8000-7f911cde9000 r--p 00186000 00:204 49458313787               /mnt/primary/conda-envs/semantic_uncertainty_export/lib/python3.11/site-packages/scipy/special/_ufuncs.cpython-311-x86_64-linux-gnu.so
7f911cde9000-7f911cdf3000 rw-p 00187000 00:204 49458313787               /mnt/primary/conda-envs/semantic_uncertainty_export/lib/python3.11/site-packages/scipy/special/_ufuncs.cpython-311-x86_64-linux-gnu.so
7f911cdf3000-7f911cdfc000 rw-p 00000000 00:00 0 
7f911cdfc000-7f911ce00000 rw-p 001f4000 00:204 49458313787               /mnt/primary/conda-envs/semantic_uncertainty_export/lib/python3.11/site-packages/scipy/special/_ufuncs.cpython-311-x86_64-linux-gnu.so
7f911ce00000-7f911ce3b000 r-xp 00000000 00:204 64698545192               /mnt/primary/conda-envs/semantic_uncertainty_export/lib/python3.11/site-packages/scipy.libs/libquadmath-96973f99.so.0.0.0
7f911ce3b000-7f911d03a000 ---p 0003b000 00:204 64698545192               /mnt/primary/conda-envs/semantic_uncertainty_export/lib/python3.11/site-packages/scipy.libs/libquadmath-96973f99.so.0.0.0
7f911d03a000-7f911d03b000 r--p 0003a000 00:204 64698545192               /mnt/primary/conda-envs/semantic_uncertainty_export/lib/python3.11/site-packages/scipy.libs/libquadmath-96973f99.so.0.0.0
7f911d03b000-7f911d03d000 rw-p 0003b000 00:204 64698545192               /mnt/primary/conda-envs/semantic_uncertainty_export/lib/python3.11/site-packages/scipy.libs/libquadmath-96973f99.so.0.0.0
7f911d03d000-7f911d03f000 r--p 00000000 00:204 73087765047               /mnt/primary/conda-envs/semantic_uncertainty_export/lib/python3.11/site-packages/scipy/stats/_statlib.cpython-311-x86_64-linux-gnu.so
7f911d03f000-7f911d045000 r-xp 00002000 00:204 73087765047               /mnt/primary/conda-envs/semantic_uncertainty_export/lib/python3.11/site-packages/scipy/stats/_statlib.cpython-311-x86_64-linux-gnu.so
7f911d045000-7f911d047000 r--p 00008000 00:204 73087765047               /mnt/primary/conda-envs/semantic_uncertainty_export/lib/python3.11/site-packages/scipy/stats/_statlib.cpython-311-x86_64-linux-gnu.so
7f911d047000-7f911d048000 r--p 00009000 00:204 73087765047               /mnt/primary/conda-envs/semantic_uncertainty_export/lib/python3.11/site-packages/scipy/stats/_statlib.cpython-311-x86_64-linux-gnu.so
7f911d048000-7f911d049000 rw-p 0000a000 00:204 73087765047               /mnt/primary/conda-envs/semantic_uncertainty_export/lib/python3.11/site-packages/scipy/stats/_statlib.cpython-311-x86_64-linux-gnu.so
7f911d049000-7f911d04c000 r--p 00000000 00:204 98787977279               /mnt/primary/conda-envs/semantic_uncertainty_export/lib/python3.11/site-packages/scipy/optimize/_group_columns.cpython-311-x86_64-linux-gnu.so
7f911d04c000-7f911d058000 r-xp 00003000 00:204 98787977279               /mnt/primary/conda-envs/semantic_uncertainty_export/lib/python3.11/site-packages/scipy/optimize/_group_columns.cpython-311-x86_64-linux-gnu.so
7f911d058000-7f911d05b000 r--p 0000f000 00:204 98787977279               /mnt/primary/conda-envs/semantic_uncertainty_export/lib/python3.11/site-packages/scipy/optimize/_group_columns.cpython-311-x86_64-linux-gnu.so
7f911d05b000-7f911d05c000 r--p 00011000 00:204 98787977279               /mnt/primary/conda-envs/semantic_uncertainty_export/lib/python3.11/site-packages/scipy/optimize/_group_columns.cpython-311-x86_64-linux-gnu.so
7f911d05c000-7f911d05d000 rw-p 00012000 00:204 98787977279               /mnt/primary/conda-envs/semantic_uncertainty_export/lib/python3.11/site-packages/scipy/optimize/_group_columns.cpython-311-x86_64-linux-gnu.so
7f911d05d000-7f911d064000 r--p 00000000 00:204 26467592191               /mnt/primary/conda-envs/semantic_uncertainty_export/lib/python3.11/site-packages/scipy/ndimage/_ni_label.cpython-311-x86_64-linux-gnu.so
7f911d064000-7f911d09e000 r-xp 00007000 00:204 26467592191               /mnt/primary/conda-envs/semantic_uncertainty_export/lib/python3.11/site-packages/scipy/ndimage/_ni_label.cpython-311-x86_64-linux-gnu.so
7f911d09e000-7f911d0a7000 r--p 00041000 00:204 26467592191               /mnt/primary/conda-envs/semantic_uncertainty_export/lib/python3.11/site-packages/scipy/ndimage/_ni_label.cpython-311-x86_64-linux-gnu.so
7f911d0a7000-7f911d0a8000 r--p 00049000 00:204 26467592191               /mnt/primary/conda-envs/semantic_uncertainty_export/lib/python3.11/site-packages/scipy/ndimage/_ni_label.cpython-311-x86_64-linux-gnu.so
7f911d0a8000-7f911d0ac000 rw-p 0004a000 00:204 26467592191               /mnt/primary/conda-envs/semantic_uncertainty_export/lib/python3.11/site-packages/scipy/ndimage/_ni_label.cpython-311-x86_64-linux-gnu.so
7f911d0ac000-7f911d0ad000 rw-p 00000000 00:00 0 
7f911d0ad000-7f911d0b3000 r--p 00000000 00:204 40842680345               /mnt/primary/conda-envs/semantic_uncertainty_export/lib/python3.11/site-packages/scipy/spatial/_hausdorff.cpython-311-x86_64-linux-gnu.so
7f911d0b3000-7f911d0d3000 r-xp 00006000 00:204 40842680345               /mnt/primary/conda-envs/semantic_uncertainty_export/lib/python3.11/site-packages/scipy/spatial/_hausdorff.cpython-311-x86_64-linux-gnu.so
7f911d0d3000-7f911d0d9000 r--p 00026000 00:204 40842680345               /mnt/primary/conda-envs/semantic_uncertainty_export/lib/python3.11/site-packages/scipy/spatial/_hausdorff.cpython-311-x86_64-linux-gnu.so
7f911d0d9000-7f911d0da000 r--p 0002b000 00:204 40842680345               /mnt/primary/conda-envs/semantic_uncertainty_export/lib/python3.11/site-packages/scipy/spatial/_hausdorff.cpython-311-x86_64-linux-gnu.so
7f911d0da000-7f911d0dd000 rw-p 0002c000 00:204 40842680345               /mnt/primary/conda-envs/semantic_uncertainty_export/lib/python3.11/site-packages/scipy/spatial/_hausdorff.cpython-311-x86_64-linux-gnu.so
7f911d0dd000-7f911d0e2000 r--p 00000000 00:204 40842680341               /mnt/primary/conda-envs/semantic_uncertainty_export/lib/python3.11/site-packages/scipy/spatial/_voronoi.cpython-311-x86_64-linux-gnu.so
7f911d0e2000-7f911d101000 r-xp 00005000 00:204 40842680341               /mnt/primary/conda-envs/semantic_uncertainty_export/lib/python3.11/site-packages/scipy/spatial/_voronoi.cpython-311-x86_64-linux-gnu.so
7f911d101000-7f911d107000 r--p 00024000 00:204 40842680341               /mnt/primary/conda-envs/semantic_uncertainty_export/lib/python3.11/site-packages/scipy/spatial/_voronoi.cpython-311-x86_64-linux-gnu.so
7f911d107000-7f911d108000 r--p 00029000 00:204 40842680341               /mnt/primary/conda-envs/semantic_uncertainty_export/lib/python3.11/site-packages/scipy/spatial/_voronoi.cpython-311-x86_64-linux-gnu.so
7f911d108000-7f911d10b000 rw-p 0002a000 00:204 40842680341               /mnt/primary/conda-envs/semantic_uncertainty_export/lib/python3.11/site-packages/scipy/spatial/_voronoi.cpython-311-x86_64-linux-gnu.so
7f911d10b000-7f911d116000 r--p 00000000 00:204 40842680355               /mnt/primary/conda-envs/semantic_uncertainty_export/lib/python3.11/site-packages/scipy/spatial/_qhull.cpython-311-x86_64-linux-gnu.so
7f911d116000-7f911d1cb000 r-xp 0000b000 00:204 40842680355               /mnt/primary/conda-envs/semantic_uncertainty_export/lib/python3.11/site-packages/scipy/spatial/_qhull.cpython-311-x86_64-linux-gnu.so
7f911d1cb000-7f911d1ff000 r--p 000c0000 00:204 40842680355               /mnt/primary/conda-envs/semantic_uncertainty_export/lib/python3.11/site-packages/scipy/spatial/_qhull.cpython-311-x86_64-linux-gnu.so
7f911d1ff000-7f911d200000 r--p 000f3000 00:204 40842680355               /mnt/primary/conda-envs/semantic_uncertainty_export/lib/python3.11/site-packages/scipy/spatial/_qhull.cpython-311-x86_64-linux-gnu.so
7f911d200000-7f911d209000 rw-p 000f4000 00:204 40842680355               /mnt/primary/conda-envs/semantic_uncertainty_export/lib/python3.11/site-packages/scipy/spatial/_qhull.cpython-311-x86_64-linux-gnu.so
7f911d209000-7f911d20a000 rw-p 00000000 00:00 0 
7f911d20a000-7f911d20f000 rw-p 00116000 00:204 40842680355               /mnt/primary/conda-envs/semantic_uncertainty_export/lib/python3.11/site-packages/scipy/spatial/_qhull.cpython-311-x86_64-linux-gnu.so
7f911d20f000-7f911d216000 r--p 00000000 00:204 163552721437              /mnt/primary/conda-envs/semantic_uncertainty_export/lib/python3.11/site-packages/scipy/sparse/csgraph/_reordering.cpython-311-x86_64-linux-gnu.so
7f911d216000-7f911d243000 r-xp 00007000 00:204 163552721437              /mnt/primary/conda-envs/semantic_uncertainty_export/lib/python3.11/site-packages/scipy/sparse/csgraph/_reordering.cpython-311-x86_64-linux-gnu.so
7f911d243000-7f911d24b000 r--p 00034000 00:204 163552721437              /mnt/primary/conda-envs/semantic_uncertainty_export/lib/python3.11/site-packages/scipy/sparse/csgraph/_reordering.cpython-311-x86_64-linux-gnu.so
7f911d24b000-7f911d24c000 r--p 0003b000 00:204 163552721437              /mnt/primary/conda-envs/semantic_uncertainty_export/lib/python3.11/site-packages/scipy/sparse/csgraph/_reordering.cpython-311-x86_64-linux-gnu.so
7f911d24c000-7f911d251000 rw-p 0003c000 00:204 163552721437              /mnt/primary/conda-envs/semantic_uncertainty_export/lib/python3.11/site-packages/scipy/sparse/csgraph/_reordering.cpython-311-x86_64-linux-gnu.so
7f911d251000-7f911d257000 r--p 00000000 00:204 163552721440              /mnt/primary/conda-envs/semantic_uncertainty_export/lib/python3.11/site-packages/scipy/sparse/csgraph/_matching.cpython-311-x86_64-linux-gnu.so
7f911d257000-7f911d287000 r-xp 00006000 00:204 163552721440              /mnt/primary/conda-envs/semantic_uncertainty_export/lib/python3.11/site-packages/scipy/sparse/csgraph/_matching.cpython-311-x86_64-linux-gnu.so
7f911d287000-7f911d290000 r--p 00036000 00:204 163552721440              /mnt/primary/conda-envs/semantic_uncertainty_export/lib/python3.11/site-packages/scipy/sparse/csgraph/_matching.cpython-311-x86_64-linux-gnu.so
7f911d290000-7f911d291000 ---p 0003f000 00:204 163552721440              /mnt/primary/conda-envs/semantic_uncertainty_export/lib/python3.11/site-packages/scipy/sparse/csgraph/_matching.cpython-311-x86_64-linux-gnu.so
7f911d291000-7f911d292000 r--p 0003f000 00:204 163552721440              /mnt/primary/conda-envs/semantic_uncertainty_export/lib/python3.11/site-packages/scipy/sparse/csgraph/_matching.cpython-311-x86_64-linux-gnu.so
7f911d292000-7f911d298000 rw-p 00040000 00:204 163552721440              /mnt/primary/conda-envs/semantic_uncertainty_export/lib/python3.11/site-packages/scipy/sparse/csgraph/_matching.cpython-311-x86_64-linux-gnu.so
7f911d298000-7f911d299000 rw-p 00000000 00:00 0 
7f911d299000-7f911d2a0000 r--p 00000000 00:204 163552721436              /mnt/primary/conda-envs/semantic_uncertainty_export/lib/python3.11/site-packages/scipy/sparse/csgraph/_flow.cpython-311-x86_64-linux-gnu.so
7f911d2a0000-7f911d2cf000 r-xp 00007000 00:204 163552721436              /mnt/primary/conda-envs/semantic_uncertainty_export/lib/python3.11/site-packages/scipy/sparse/csgraph/_flow.cpython-311-x86_64-linux-gnu.so
7f911d2cf000-7f911d2d8000 r--p 00036000 00:204 163552721436              /mnt/primary/conda-envs/semantic_uncertainty_export/lib/python3.11/site-packages/scipy/sparse/csgraph/_flow.cpython-311-x86_64-linux-gnu.so
7f911d2d8000-7f911d2d9000 ---p 0003f000 00:204 163552721436              /mnt/primary/conda-envs/semantic_uncertainty_export/lib/python3.11/site-packages/scipy/sparse/csgraph/_flow.cpython-311-x86_64-linux-gnu.so
7f911d2d9000-7f911d2da000 r--p 0003f000 00:204 163552721436              /mnt/primary/conda-envs/semantic_uncertainty_export/lib/python3.11/site-packages/scipy/sparse/csgraph/_flow.cpython-311-x86_64-linux-gnu.so
7f911d2da000-7f911d2e0000 rw-p 00040000 00:204 163552721436              /mnt/primary/conda-envs/semantic_uncertainty_export/lib/python3.11/site-packages/scipy/sparse/csgraph/_flow.cpython-311-x86_64-linux-gnu.so
7f911d2e0000-7f911d2e1000 rw-p 00000000 00:00 0 
7f911d2e1000-7f911d2e7000 r--p 00000000 00:204 163552721443              /mnt/primary/conda-envs/semantic_uncertainty_export/lib/python3.11/site-packages/scipy/sparse/csgraph/_min_spanning_tree.cpython-311-x86_64-linux-gnu.so
7f911d2e7000-7f911d309000 r-xp 00006000 00:204 163552721443              /mnt/primary/conda-envs/semantic_uncertainty_export/lib/python3.11/site-packages/scipy/sparse/csgraph/_min_spanning_tree.cpython-311-x86_64-linux-gnu.so
7f911d309000-7f911d310000 r--p 00028000 00:204 163552721443              /mnt/primary/conda-envs/semantic_uncertainty_export/lib/python3.11/site-packages/scipy/sparse/csgraph/_min_spanning_tree.cpython-311-x86_64-linux-gnu.so
7f911d310000-7f911d311000 r--p 0002e000 00:204 163552721443              /mnt/primary/conda-envs/semantic_uncertainty_export/lib/python3.11/site-packages/scipy/sparse/csgraph/_min_spanning_tree.cpython-311-x86_64-linux-gnu.so
7f911d311000-7f911d315000 rw-p 0002f000 00:204 163552721443              /mnt/primary/conda-envs/semantic_uncertainty_export/lib/python3.11/site-packages/scipy/sparse/csgraph/_min_spanning_tree.cpython-311-x86_64-linux-gnu.so
7f911d315000-7f911d31d000 r--p 00000000 00:204 163552721434              /mnt/primary/conda-envs/semantic_uncertainty_export/lib/python3.11/site-packages/scipy/sparse/csgraph/_traversal.cpython-311-x86_64-linux-gnu.so
7f911d31d000-7f911d380000 r-xp 00008000 00:204 163552721434              /mnt/primary/conda-envs/semantic_uncertainty_export/lib/python3.11/site-packages/scipy/sparse/csgraph/_traversal.cpython-311-x86_64-linux-gnu.so
7f911d380000-7f911d38d000 r--p 0006b000 00:204 163552721434              /mnt/primary/conda-envs/semantic_uncertainty_export/lib/python3.11/site-packages/scipy/sparse/csgraph/_traversal.cpython-311-x86_64-linux-gnu.so
7f911d38d000-7f911d38e000 r--p 00077000 00:204 163552721434              /mnt/primary/conda-envs/semantic_uncertainty_export/lib/python3.11/site-packages/scipy/sparse/csgraph/_traversal.cpython-311-x86_64-linux-gnu.so
7f911d38e000-7f911d395000 rw-p 00078000 00:204 163552721434              /mnt/primary/conda-envs/semantic_uncertainty_export/lib/python3.11/site-packages/scipy/sparse/csgraph/_traversal.cpython-311-x86_64-linux-gnu.so
7f911d395000-7f911d396000 rw-p 00000000 00:00 0 
7f911d396000-7f911d39d000 r--p 00000000 00:204 163552721435              /mnt/primary/conda-envs/semantic_uncertainty_export/lib/python3.11/site-packages/scipy/sparse/csgraph/_shortest_path.cpython-311-x86_64-linux-gnu.so
7f911d39d000-7f911d3e8000 r-xp 00007000 00:204 163552721435              /mnt/primary/conda-envs/semantic_uncertainty_export/lib/python3.11/site-packages/scipy/sparse/csgraph/_shortest_path.cpython-311-x86_64-linux-gnu.so
7f911d3e8000-7f911d3f5000 r--p 00052000 00:204 163552721435              /mnt/primary/conda-envs/semantic_uncertainty_export/lib/python3.11/site-packages/scipy/sparse/csgraph/_shortest_path.cpython-311-x86_64-linux-gnu.so
7f911d3f5000-7f911d3f6000 r--p 0005e000 00:204 163552721435              /mnt/primary/conda-envs/semantic_uncertainty_export/lib/python3.11/site-packages/scipy/sparse/csgraph/_shortest_path.cpython-311-x86_64-linux-gnu.so
7f911d3f6000-7f911d3ff000 rw-p 0005f000 00:204 163552721435              /mnt/primary/conda-envs/semantic_uncertainty_export/lib/python3.11/site-packages/scipy/sparse/csgraph/_shortest_path.cpython-311-x86_64-linux-gnu.so
7f911d3ff000-7f911d400000 rw-p 00000000 00:00 0 
7f911d400000-7f911d676000 r-xp 00000000 00:204 64698545191               /mnt/primary/conda-envs/semantic_uncertainty_export/lib/python3.11/site-packages/scipy.libs/libgfortran-040039e1.so.5.0.0
7f911d676000-7f911d875000 ---p 00276000 00:204 64698545191               /mnt/primary/conda-envs/semantic_uncertainty_export/lib/python3.11/site-packages/scipy.libs/libgfortran-040039e1.so.5.0.0
7f911d875000-7f911d876000 r--p 00275000 00:204 64698545191               /mnt/primary/conda-envs/semantic_uncertainty_export/lib/python3.11/site-packages/scipy.libs/libgfortran-040039e1.so.5.0.0
7f911d876000-7f911d878000 rw-p 00276000 00:204 64698545191               /mnt/primary/conda-envs/semantic_uncertainty_export/lib/python3.11/site-packages/scipy.libs/libgfortran-040039e1.so.5.0.0
7f911d878000-7f911d88d000 rw-p 0027b000 00:204 64698545191               /mnt/primary/conda-envs/semantic_uncertainty_export/lib/python3.11/site-packages/scipy.libs/libgfortran-040039e1.so.5.0.0
7f911d88d000-7f911d895000 rw-s 00000000 08:04 1620640602                 /tmp/hsperfdata_root/2819 (deleted)
7f911d895000-7f911d897000 r--p 00000000 00:204 77350671928               /mnt/primary/conda-envs/semantic_uncertainty_export/lib/python3.11/site-packages/scipy/stats/_levy_stable/levyst.cpython-311-x86_64-linux-gnu.so
7f911d897000-7f911d89a000 r-xp 00002000 00:204 77350671928               /mnt/primary/conda-envs/semantic_uncertainty_export/lib/python3.11/site-packages/scipy/stats/_levy_stable/levyst.cpython-311-x86_64-linux-gnu.so
7f911d89a000-7f911d89b000 r--p 00005000 00:204 77350671928               /mnt/primary/conda-envs/semantic_uncertainty_export/lib/python3.11/site-packages/scipy/stats/_levy_stable/levyst.cpython-311-x86_64-linux-gnu.so
7f911d89b000-7f911d89c000 ---p 00006000 00:204 77350671928               /mnt/primary/conda-envs/semantic_uncertainty_export/lib/python3.11/site-packages/scipy/stats/_levy_stable/levyst.cpython-311-x86_64-linux-gnu.so
7f911d89c000-7f911d89d000 r--p 00006000 00:204 77350671928               /mnt/primary/conda-envs/semantic_uncertainty_export/lib/python3.11/site-packages/scipy/stats/_levy_stable/levyst.cpython-311-x86_64-linux-gnu.so
7f911d89d000-7f911d89e000 rw-p 00007000 00:204 77350671928               /mnt/primary/conda-envs/semantic_uncertainty_export/lib/python3.11/site-packages/scipy/stats/_levy_stable/levyst.cpython-311-x86_64-linux-gnu.so
7f911d89e000-7f911d8a4000 r--p 00000000 00:204 150478618165              /mnt/primary/conda-envs/semantic_uncertainty_export/lib/python3.11/site-packages/scipy/sparse/linalg/_eigen/arpack/_arpack.cpython-311-x86_64-linux-gnu.so
7f911d8a4000-7f911d8f0000 r-xp 00006000 00:204 150478618165              /mnt/primary/conda-envs/semantic_uncertainty_export/lib/python3.11/site-packages/scipy/sparse/linalg/_eigen/arpack/_arpack.cpython-311-x86_64-linux-gnu.so
7f911d8f0000-7f911d900000 r--p 00052000 00:204 150478618165              /mnt/primary/conda-envs/semantic_uncertainty_export/lib/python3.11/site-packages/scipy/sparse/linalg/_eigen/arpack/_arpack.cpython-311-x86_64-linux-gnu.so
7f911d900000-7f911d901000 r--p 00061000 00:204 150478618165              /mnt/primary/conda-envs/semantic_uncertainty_export/lib/python3.11/site-packages/scipy/sparse/linalg/_eigen/arpack/_arpack.cpython-311-x86_64-linux-gnu.so
7f911d901000-7f911d90c000 rw-p 00062000 00:204 150478618165              /mnt/primary/conda-envs/semantic_uncertainty_export/lib/python3.11/site-packages/scipy/sparse/linalg/_eigen/arpack/_arpack.cpython-311-x86_64-linux-gnu.so
7f911d90c000-7f911d90d000 rw-p 00000000 00:00 0 
7f911d90d000-7f911d910000 rw-p 00075000 00:204 150478618165              /mnt/primary/conda-envs/semantic_uncertainty_export/lib/python3.11/site-packages/scipy/sparse/linalg/_eigen/arpack/_arpack.cpython-311-x86_64-linux-gnu.so
7f911d910000-7f911d913000 r--p 00000000 00:204 137518709806              /mnt/primary/conda-envs/semantic_uncertainty_export/lib/python3.11/site-packages/scipy/sparse/linalg/_dsolve/_superlu.cpython-311-x86_64-linux-gnu.so
7f911d913000-7f911d957000 r-xp 00003000 00:204 137518709806              /mnt/primary/conda-envs/semantic_uncertainty_export/lib/python3.11/site-packages/scipy/sparse/linalg/_dsolve/_superlu.cpython-311-x86_64-linux-gnu.so
7f911d957000-7f911d962000 r--p 00047000 00:204 137518709806              /mnt/primary/conda-envs/semantic_uncertainty_export/lib/python3.11/site-packages/scipy/sparse/linalg/_dsolve/_superlu.cpython-311-x86_64-linux-gnu.so
7f911d962000-7f911d963000 r--p 00051000 00:204 137518709806              /mnt/primary/conda-envs/semantic_uncertainty_export/lib/python3.11/site-packages/scipy/sparse/linalg/_dsolve/_superlu.cpython-311-x86_64-linux-gnu.so
7f911d963000-7f911d964000 rw-p 00052000 00:204 137518709806              /mnt/primary/conda-envs/semantic_uncertainty_export/lib/python3.11/site-packages/scipy/sparse/linalg/_dsolve/_superlu.cpython-311-x86_64-linux-gnu.so
7f911d964000-7f911d967000 rw-p 0005a000 00:204 137518709806              /mnt/primary/conda-envs/semantic_uncertainty_export/lib/python3.11/site-packages/scipy/sparse/linalg/_dsolve/_superlu.cpython-311-x86_64-linux-gnu.so
7f911d967000-7f911da67000 rw-p 00000000 00:00 0 
7f911da67000-7f911da8d000 r--p 00000000 00:204 19514561027               /mnt/primary/conda-envs/semantic_uncertainty_export/lib/python3.11/site-packages/scipy/linalg/_flapack.cpython-311-x86_64-linux-gnu.so
7f911da8d000-7f911db89000 r-xp 00026000 00:204 19514561027               /mnt/primary/conda-envs/semantic_uncertainty_export/lib/python3.11/site-packages/scipy/linalg/_flapack.cpython-311-x86_64-linux-gnu.so
7f911db89000-7f911dbf5000 r--p 00122000 00:204 19514561027               /mnt/primary/conda-envs/semantic_uncertainty_export/lib/python3.11/site-packages/scipy/linalg/_flapack.cpython-311-x86_64-linux-gnu.so
7f911dbf5000-7f911dbf6000 r--p 0018d000 00:204 19514561027               /mnt/primary/conda-envs/semantic_uncertainty_export/lib/python3.11/site-packages/scipy/linalg/_flapack.cpython-311-x86_64-linux-gnu.so
7f911dbf6000-7f911dc7e000 rw-p 0018e000 00:204 19514561027               /mnt/primary/conda-envs/semantic_uncertainty_export/lib/python3.11/site-packages/scipy/linalg/_flapack.cpython-311-x86_64-linux-gnu.so
7f911dc7e000-7f911dc85000 rw-p 0022e000 00:204 19514561027               /mnt/primary/conda-envs/semantic_uncertainty_export/lib/python3.11/site-packages/scipy/linalg/_flapack.cpython-311-x86_64-linux-gnu.so
7f911dc85000-7f911dd7f000 r--p 00000000 00:204 64698545190               /mnt/primary/conda-envs/semantic_uncertainty_export/lib/python3.11/site-packages/scipy.libs/libopenblasp-r0-23e5df77.3.21.dev.so
7f911dd7f000-7f911dd87000 r-xp 000fa000 00:204 64698545190               /mnt/primary/conda-envs/semantic_uncertainty_export/lib/python3.11/site-packages/scipy.libs/libopenblasp-r0-23e5df77.3.21.dev.so
7f911dd87000-7f911dd8d000 ---p 00102000 00:204 64698545190               /mnt/primary/conda-envs/semantic_uncertainty_export/lib/python3.11/site-packages/scipy.libs/libopenblasp-r0-23e5df77.3.21.dev.so
7f911dd8d000-7f911f845000 r-xp 00108000 00:204 64698545190               /mnt/primary/conda-envs/semantic_uncertainty_export/lib/python3.11/site-packages/scipy.libs/libopenblasp-r0-23e5df77.3.21.dev.so
7f911f845000-7f911fa3f000 r--p 01bc0000 00:204 64698545190               /mnt/primary/conda-envs/semantic_uncertainty_export/lib/python3.11/site-packages/scipy.libs/libopenblasp-r0-23e5df77.3.21.dev.so
7f911fa3f000-7f911fa40000 ---p 01dba000 00:204 64698545190               /mnt/primary/conda-envs/semantic_uncertainty_export/lib/python3.11/site-packages/scipy.libs/libopenblasp-r0-23e5df77.3.21.dev.so
7f911fa40000-7f911fa46000 r--p 01dba000 00:204 64698545190               /mnt/primary/conda-envs/semantic_uncertainty_export/lib/python3.11/site-packages/scipy.libs/libopenblasp-r0-23e5df77.3.21.dev.so
7f911fa46000-7f911fa5a000 rw-p 01dc0000 00:204 64698545190               /mnt/primary/conda-envs/semantic_uncertainty_export/lib/python3.11/site-packages/scipy.libs/libopenblasp-r0-23e5df77.3.21.dev.so
7f911fa5a000-7f911fa67000 rw-p 00000000 00:00 0 
7f911fa67000-7f911fb02000 rw-p 01ed4000 00:204 64698545190               /mnt/primary/conda-envs/semantic_uncertainty_export/lib/python3.11/site-packages/scipy.libs/libopenblasp-r0-23e5df77.3.21.dev.so
7f911fb02000-7f911fc02000 rw-p 00000000 00:00 0 
7f911fc02000-7f911fc05000 r--p 00000000 00:204 133230555182              /mnt/primary/conda-envs/semantic_uncertainty_export/lib/python3.11/site-packages/scipy/sparse/_sparsetools.cpython-311-x86_64-linux-gnu.so
7f911fc05000-7f911ffad000 r-xp 00003000 00:204 133230555182              /mnt/primary/conda-envs/semantic_uncertainty_export/lib/python3.11/site-packages/scipy/sparse/_sparsetools.cpython-311-x86_64-linux-gnu.so
7f911ffad000-7f911fffd000 r--p 003ab000 00:204 133230555182              /mnt/primary/conda-envs/semantic_uncertainty_export/lib/python3.11/site-packages/scipy/sparse/_sparsetools.cpython-311-x86_64-linux-gnu.so
7f911fffd000-7f911fffe000 ---p 003fb000 00:204 133230555182              /mnt/primary/conda-envs/semantic_uncertainty_export/lib/python3.11/site-packages/scipy/sparse/_sparsetools.cpython-311-x86_64-linux-gnu.so
7f911fffe000-7f911ffff000 r--p 003fb000 00:204 133230555182              /mnt/primary/conda-envs/semantic_uncertainty_export/lib/python3.11/site-packages/scipy/sparse/_sparsetools.cpython-311-x86_64-linux-gnu.so
7f911ffff000-7f9120000000 rw-p 003fc000 00:204 133230555182              /mnt/primary/conda-envs/semantic_uncertainty_export/lib/python3.11/site-packages/scipy/sparse/_sparsetools.cpython-311-x86_64-linux-gnu.so
7f9120000000-7f9120021000 rw-p 00000000 00:00 0 
7f9120021000-7f9124000000 ---p 00000000 00:00 0 
7f9124006000-7f9124007000 r--p 00000000 00:204 98787977270               /mnt/primary/conda-envs/semantic_uncertainty_export/lib/python3.11/site-packages/scipy/optimize/_direct.cpython-311-x86_64-linux-gnu.so
7f9124007000-7f912400d000 r-xp 00001000 00:204 98787977270               /mnt/primary/conda-envs/semantic_uncertainty_export/lib/python3.11/site-packages/scipy/optimize/_direct.cpython-311-x86_64-linux-gnu.so
7f912400d000-7f912400f000 r--p 00007000 00:204 98787977270               /mnt/primary/conda-envs/semantic_uncertainty_export/lib/python3.11/site-packages/scipy/optimize/_direct.cpython-311-x86_64-linux-gnu.so
7f912400f000-7f9124010000 r--p 00008000 00:204 98787977270               /mnt/primary/conda-envs/semantic_uncertainty_export/lib/python3.11/site-packages/scipy/optimize/_direct.cpython-311-x86_64-linux-gnu.so
7f9124010000-7f9124011000 rw-p 00009000 00:204 98787977270               /mnt/primary/conda-envs/semantic_uncertainty_export/lib/python3.11/site-packages/scipy/optimize/_direct.cpython-311-x86_64-linux-gnu.so
7f9124011000-7f9124016000 r--p 00000000 00:204 19514492990               /mnt/primary/conda-envs/semantic_uncertainty_export/lib/python3.11/site-packages/scipy/linalg/_decomp_update.cpython-311-x86_64-linux-gnu.so
7f9124016000-7f912404c000 r-xp 00005000 00:204 19514492990               /mnt/primary/conda-envs/semantic_uncertainty_export/lib/python3.11/site-packages/scipy/linalg/_decomp_update.cpython-311-x86_64-linux-gnu.so
7f912404c000-7f9124058000 r--p 0003b000 00:204 19514492990               /mnt/primary/conda-envs/semantic_uncertainty_export/lib/python3.11/site-packages/scipy/linalg/_decomp_update.cpython-311-x86_64-linux-gnu.so
7f9124058000-7f9124059000 r--p 00046000 00:204 19514492990               /mnt/primary/conda-envs/semantic_uncertainty_export/lib/python3.11/site-packages/scipy/linalg/_decomp_update.cpython-311-x86_64-linux-gnu.so
7f9124059000-7f912405f000 rw-p 00047000 00:204 19514492990               /mnt/primary/conda-envs/semantic_uncertainty_export/lib/python3.11/site-packages/scipy/linalg/_decomp_update.cpython-311-x86_64-linux-gnu.so
7f912405f000-7f9124066000 r--p 00000000 00:204 19514492985               /mnt/primary/conda-envs/semantic_uncertainty_export/lib/python3.11/site-packages/scipy/linalg/_matfuncs_expm.cpython-311-x86_64-linux-gnu.so
7f9124066000-7f91240ae000 r-xp 00007000 00:204 19514492985               /mnt/primary/conda-envs/semantic_uncertainty_export/lib/python3.11/site-packages/scipy/linalg/_matfuncs_expm.cpython-311-x86_64-linux-gnu.so
7f91240ae000-7f91240b9000 r--p 0004f000 00:204 19514492985               /mnt/primary/conda-envs/semantic_uncertainty_export/lib/python3.11/site-packages/scipy/linalg/_matfuncs_expm.cpython-311-x86_64-linux-gnu.so
7f91240b9000-7f91240ba000 r--p 00059000 00:204 19514492985               /mnt/primary/conda-envs/semantic_uncertainty_export/lib/python3.11/site-packages/scipy/linalg/_matfuncs_expm.cpython-311-x86_64-linux-gnu.so
7f91240ba000-7f91240bf000 rw-p 0005a000 00:204 19514492985               /mnt/primary/conda-envs/semantic_uncertainty_export/lib/python3.11/site-packages/scipy/linalg/_matfuncs_expm.cpython-311-x86_64-linux-gnu.so
7f91240bf000-7f91241c0000 rw-p 00000000 00:00 0 
7f91241c0000-7f91241ce000 r--p 00000000 00:204 141832290850              /mnt/primary/conda-envs/semantic_uncertainty_export/lib/python3.11/site-packages/pandas/_libs/join.cpython-311-x86_64-linux-gnu.so
7f91241ce000-7f91243dd000 r-xp 0000e000 00:204 141832290850              /mnt/primary/conda-envs/semantic_uncertainty_export/lib/python3.11/site-packages/pandas/_libs/join.cpython-311-x86_64-linux-gnu.so
7f91243dd000-7f91243f4000 r--p 0021d000 00:204 141832290850              /mnt/primary/conda-envs/semantic_uncertainty_export/lib/python3.11/site-packages/pandas/_libs/join.cpython-311-x86_64-linux-gnu.so
7f91243f4000-7f91243f5000 r--p 00233000 00:204 141832290850              /mnt/primary/conda-envs/semantic_uncertainty_export/lib/python3.11/site-packages/pandas/_libs/join.cpython-311-x86_64-linux-gnu.so
7f91243f5000-7f91243fd000 rw-p 00234000 00:204 141832290850              /mnt/primary/conda-envs/semantic_uncertainty_export/lib/python3.11/site-packages/pandas/_libs/join.cpython-311-x86_64-linux-gnu.so
7f91243fd000-7f9124400000 rw-p 00000000 00:00 0 
7f9124400000-7f9124401000 ---p 00000000 00:00 0 
7f9124401000-7f9124c01000 rw-p 00000000 00:00 0 
7f9124c03000-7f9124c05000 r--p 00000000 00:204 98787428872               /mnt/primary/conda-envs/semantic_uncertainty_export/lib/python3.11/site-packages/scipy/optimize/__nnls.cpython-311-x86_64-linux-gnu.so
7f9124c05000-7f9124c0a000 r-xp 00002000 00:204 98787428872               /mnt/primary/conda-envs/semantic_uncertainty_export/lib/python3.11/site-packages/scipy/optimize/__nnls.cpython-311-x86_64-linux-gnu.so
7f9124c0a000-7f9124c0c000 r--p 00007000 00:204 98787428872               /mnt/primary/conda-envs/semantic_uncertainty_export/lib/python3.11/site-packages/scipy/optimize/__nnls.cpython-311-x86_64-linux-gnu.so
7f9124c0c000-7f9124c0d000 r--p 00008000 00:204 98787428872               /mnt/primary/conda-envs/semantic_uncertainty_export/lib/python3.11/site-packages/scipy/optimize/__nnls.cpython-311-x86_64-linux-gnu.so
7f9124c0d000-7f9124c0e000 rw-p 00009000 00:204 98787428872               /mnt/primary/conda-envs/semantic_uncertainty_export/lib/python3.11/site-packages/scipy/optimize/__nnls.cpython-311-x86_64-linux-gnu.so
7f9124c0e000-7f9124c10000 rw-p 0000c000 00:204 98787428872               /mnt/primary/conda-envs/semantic_uncertainty_export/lib/python3.11/site-packages/scipy/optimize/__nnls.cpython-311-x86_64-linux-gnu.so
7f9124c10000-7f9124c12000 r--p 00000000 00:204 98787428892               /mnt/primary/conda-envs/semantic_uncertainty_export/lib/python3.11/site-packages/scipy/optimize/_minpack2.cpython-311-x86_64-linux-gnu.so
7f9124c12000-7f9124c18000 r-xp 00002000 00:204 98787428892               /mnt/primary/conda-envs/semantic_uncertainty_export/lib/python3.11/site-packages/scipy/optimize/_minpack2.cpython-311-x86_64-linux-gnu.so
7f9124c18000-7f9124c1a000 r--p 00008000 00:204 98787428892               /mnt/primary/conda-envs/semantic_uncertainty_export/lib/python3.11/site-packages/scipy/optimize/_minpack2.cpython-311-x86_64-linux-gnu.so
7f9124c1a000-7f9124c1b000 r--p 00009000 00:204 98787428892               /mnt/primary/conda-envs/semantic_uncertainty_export/lib/python3.11/site-packages/scipy/optimize/_minpack2.cpython-311-x86_64-linux-gnu.so
7f9124c1b000-7f9124c1c000 rw-p 0000a000 00:204 98787428892               /mnt/primary/conda-envs/semantic_uncertainty_export/lib/python3.11/site-packages/scipy/optimize/_minpack2.cpython-311-x86_64-linux-gnu.so
7f9124c1c000-7f9124c24000 r--p 00000000 00:204 19514561051               /mnt/primary/conda-envs/semantic_uncertainty_export/lib/python3.11/site-packages/scipy/linalg/cython_blas.cpython-311-x86_64-linux-gnu.so
7f9124c24000-7f9124c47000 r-xp 00008000 00:204 19514561051               /mnt/primary/conda-envs/semantic_uncertainty_export/lib/python3.11/site-packages/scipy/linalg/cython_blas.cpython-311-x86_64-linux-gnu.so
7f9124c47000-7f9124c54000 r--p 0002b000 00:204 19514561051               /mnt/primary/conda-envs/semantic_uncertainty_export/lib/python3.11/site-packages/scipy/linalg/cython_blas.cpython-311-x86_64-linux-gnu.so
7f9124c54000-7f9124c55000 r--p 00037000 00:204 19514561051               /mnt/primary/conda-envs/semantic_uncertainty_export/lib/python3.11/site-packages/scipy/linalg/cython_blas.cpython-311-x86_64-linux-gnu.so
7f9124c55000-7f9124c58000 rw-p 00038000 00:204 19514561051               /mnt/primary/conda-envs/semantic_uncertainty_export/lib/python3.11/site-packages/scipy/linalg/cython_blas.cpython-311-x86_64-linux-gnu.so
7f9124c58000-7f9124c59000 rw-p 00000000 00:00 0 
7f9124c59000-7f9124c5e000 rw-p 00047000 00:204 19514561051               /mnt/primary/conda-envs/semantic_uncertainty_export/lib/python3.11/site-packages/scipy/linalg/cython_blas.cpython-311-x86_64-linux-gnu.so
7f9124c5e000-7f9124c75000 r--p 00000000 00:204 19514561048               /mnt/primary/conda-envs/semantic_uncertainty_export/lib/python3.11/site-packages/scipy/linalg/cython_lapack.cpython-311-x86_64-linux-gnu.so
7f9124c75000-7f9124c91000 r-xp 00017000 00:204 19514561048               /mnt/primary/conda-envs/semantic_uncertainty_export/lib/python3.11/site-packages/scipy/linalg/cython_lapack.cpython-311-x86_64-linux-gnu.so
7f9124c91000-7f9124ce9000 r--p 00033000 00:204 19514561048               /mnt/primary/conda-envs/semantic_uncertainty_export/lib/python3.11/site-packages/scipy/linalg/cython_lapack.cpython-311-x86_64-linux-gnu.so
7f9124ce9000-7f9124cea000 ---p 0008b000 00:204 19514561048               /mnt/primary/conda-envs/semantic_uncertainty_export/lib/python3.11/site-packages/scipy/linalg/cython_lapack.cpython-311-x86_64-linux-gnu.so
7f9124cea000-7f9124ceb000 r--p 0008b000 00:204 19514561048               /mnt/primary/conda-envs/semantic_uncertainty_export/lib/python3.11/site-packages/scipy/linalg/cython_lapack.cpython-311-x86_64-linux-gnu.so
7f9124ceb000-7f9124cef000 rw-p 0008c000 00:204 19514561048               /mnt/primary/conda-envs/semantic_uncertainty_export/lib/python3.11/site-packages/scipy/linalg/cython_lapack.cpython-311-x86_64-linux-gnu.so
7f9124cef000-7f9124d00000 rw-p 000b8000 00:204 19514561048               /mnt/primary/conda-envs/semantic_uncertainty_export/lib/python3.11/site-packages/scipy/linalg/cython_lapack.cpython-311-x86_64-linux-gnu.so
7f9124d00000-7f9124e00000 rw-p 00000000 00:00 0 
7f9124e00000-7f9124e01000 ---p 00000000 00:00 0 
7f9124e01000-7f9125601000 rw-p 00000000 00:00 0 
7f9125605000-7f9125607000 r--p 00000000 00:204 26467592183               /mnt/primary/conda-envs/semantic_uncertainty_export/lib/python3.11/site-packages/scipy/ndimage/_nd_image.cpython-311-x86_64-linux-gnu.so
7f9125607000-7f9125624000 r-xp 00002000 00:204 26467592183               /mnt/primary/conda-envs/semantic_uncertainty_export/lib/python3.11/site-packages/scipy/ndimage/_nd_image.cpython-311-x86_64-linux-gnu.so
7f9125624000-7f9125627000 r--p 0001f000 00:204 26467592183               /mnt/primary/conda-envs/semantic_uncertainty_export/lib/python3.11/site-packages/scipy/ndimage/_nd_image.cpython-311-x86_64-linux-gnu.so
7f9125627000-7f9125628000 ---p 00022000 00:204 26467592183               /mnt/primary/conda-envs/semantic_uncertainty_export/lib/python3.11/site-packages/scipy/ndimage/_nd_image.cpython-311-x86_64-linux-gnu.so
7f9125628000-7f9125629000 r--p 00022000 00:204 26467592183               /mnt/primary/conda-envs/semantic_uncertainty_export/lib/python3.11/site-packages/scipy/ndimage/_nd_image.cpython-311-x86_64-linux-gnu.so
7f9125629000-7f912562a000 rw-p 00023000 00:204 26467592183               /mnt/primary/conda-envs/semantic_uncertainty_export/lib/python3.11/site-packages/scipy/ndimage/_nd_image.cpython-311-x86_64-linux-gnu.so
7f912562a000-7f9125630000 r--p 00000000 00:204 19514561026               /mnt/primary/conda-envs/semantic_uncertainty_export/lib/python3.11/site-packages/scipy/linalg/_matfuncs_sqrtm_triu.cpython-311-x86_64-linux-gnu.so
7f9125630000-7f9125654000 r-xp 00006000 00:204 19514561026               /mnt/primary/conda-envs/semantic_uncertainty_export/lib/python3.11/site-packages/scipy/linalg/_matfuncs_sqrtm_triu.cpython-311-x86_64-linux-gnu.so
7f9125654000-7f912565b000 r--p 0002a000 00:204 19514561026               /mnt/primary/conda-envs/semantic_uncertainty_export/lib/python3.11/site-packages/scipy/linalg/_matfuncs_sqrtm_triu.cpython-311-x86_64-linux-gnu.so
7f912565b000-7f912565c000 r--p 00030000 00:204 19514561026               /mnt/primary/conda-envs/semantic_uncertainty_export/lib/python3.11/site-packages/scipy/linalg/_matfuncs_sqrtm_triu.cpython-311-x86_64-linux-gnu.so
7f912565c000-7f912565f000 rw-p 00031000 00:204 19514561026               /mnt/primary/conda-envs/semantic_uncertainty_export/lib/python3.11/site-packages/scipy/linalg/_matfuncs_sqrtm_triu.cpython-311-x86_64-linux-gnu.so
7f912565f000-7f9125660000 rw-p 00000000 00:00 0 
7f9125660000-7f912566e000 r--p 00000000 00:204 19514561061               /mnt/primary/conda-envs/semantic_uncertainty_export/lib/python3.11/site-packages/scipy/linalg/_fblas.cpython-311-x86_64-linux-gnu.so
7f912566e000-7f91256b5000 r-xp 0000e000 00:204 19514561061               /mnt/primary/conda-envs/semantic_uncertainty_export/lib/python3.11/site-packages/scipy/linalg/_fblas.cpython-311-x86_64-linux-gnu.so
7f91256b5000-7f91256d6000 r--p 00055000 00:204 19514561061               /mnt/primary/conda-envs/semantic_uncertainty_export/lib/python3.11/site-packages/scipy/linalg/_fblas.cpython-311-x86_64-linux-gnu.so
7f91256d6000-7f91256d7000 r--p 00075000 00:204 19514561061               /mnt/primary/conda-envs/semantic_uncertainty_export/lib/python3.11/site-packages/scipy/linalg/_fblas.cpython-311-x86_64-linux-gnu.so
7f91256d7000-7f91256fd000 rw-p 00076000 00:204 19514561061               /mnt/primary/conda-envs/semantic_uncertainty_export/lib/python3.11/site-packages/scipy/linalg/_fblas.cpython-311-x86_64-linux-gnu.so
7f91256fd000-7f9125700000 rw-p 000a4000 00:204 19514561061               /mnt/primary/conda-envs/semantic_uncertainty_export/lib/python3.11/site-packages/scipy/linalg/_fblas.cpython-311-x86_64-linux-gnu.so
7f9125700000-7f9125800000 rw-p 00000000 00:00 0 
7f9125800000-7f9125801000 ---p 00000000 00:00 0 
7f9125801000-7f9126001000 rw-p 00000000 00:00 0 
7f9126005000-7f912600a000 r--p 00000000 00:204 19514561059               /mnt/primary/conda-envs/semantic_uncertainty_export/lib/python3.11/site-packages/scipy/linalg/_decomp_lu_cython.cpython-311-x86_64-linux-gnu.so
7f912600a000-7f912602f000 r-xp 00005000 00:204 19514561059               /mnt/primary/conda-envs/semantic_uncertainty_export/lib/python3.11/site-packages/scipy/linalg/_decomp_lu_cython.cpython-311-x86_64-linux-gnu.so
7f912602f000-7f9126036000 r--p 0002a000 00:204 19514561059               /mnt/primary/conda-envs/semantic_uncertainty_export/lib/python3.11/site-packages/scipy/linalg/_decomp_lu_cython.cpython-311-x86_64-linux-gnu.so
7f9126036000-7f9126037000 r--p 00030000 00:204 19514561059               /mnt/primary/conda-envs/semantic_uncertainty_export/lib/python3.11/site-packages/scipy/linalg/_decomp_lu_cython.cpython-311-x86_64-linux-gnu.so
7f9126037000-7f912603a000 rw-p 00031000 00:204 19514561059               /mnt/primary/conda-envs/semantic_uncertainty_export/lib/python3.11/site-packages/scipy/linalg/_decomp_lu_cython.cpython-311-x86_64-linux-gnu.so
7f912603a000-7f9126040000 r--p 00000000 00:204 19514561038               /mnt/primary/conda-envs/semantic_uncertainty_export/lib/python3.11/site-packages/scipy/linalg/_solve_toeplitz.cpython-311-x86_64-linux-gnu.so
7f9126040000-7f9126068000 r-xp 00006000 00:204 19514561038               /mnt/primary/conda-envs/semantic_uncertainty_export/lib/python3.11/site-packages/scipy/linalg/_solve_toeplitz.cpython-311-x86_64-linux-gnu.so
7f9126068000-7f912606f000 r--p 0002e000 00:204 19514561038               /mnt/primary/conda-envs/semantic_uncertainty_export/lib/python3.11/site-packages/scipy/linalg/_solve_toeplitz.cpython-311-x86_64-linux-gnu.so
7f912606f000-7f9126070000 r--p 00034000 00:204 19514561038               /mnt/primary/conda-envs/semantic_uncertainty_export/lib/python3.11/site-packages/scipy/linalg/_solve_toeplitz.cpython-311-x86_64-linux-gnu.so
7f9126070000-7f9126074000 rw-p 00035000 00:204 19514561038               /mnt/primary/conda-envs/semantic_uncertainty_export/lib/python3.11/site-packages/scipy/linalg/_solve_toeplitz.cpython-311-x86_64-linux-gnu.so
7f9126074000-7f912607e000 r--p 00000000 00:204 133230555197              /mnt/primary/conda-envs/semantic_uncertainty_export/lib/python3.11/site-packages/scipy/sparse/_csparsetools.cpython-311-x86_64-linux-gnu.so
7f912607e000-7f91260e9000 r-xp 0000a000 00:204 133230555197              /mnt/primary/conda-envs/semantic_uncertainty_export/lib/python3.11/site-packages/scipy/sparse/_csparsetools.cpython-311-x86_64-linux-gnu.so
7f91260e9000-7f91260f7000 r--p 00075000 00:204 133230555197              /mnt/primary/conda-envs/semantic_uncertainty_export/lib/python3.11/site-packages/scipy/sparse/_csparsetools.cpython-311-x86_64-linux-gnu.so
7f91260f7000-7f91260f8000 r--p 00082000 00:204 133230555197              /mnt/primary/conda-envs/semantic_uncertainty_export/lib/python3.11/site-packages/scipy/sparse/_csparsetools.cpython-311-x86_64-linux-gnu.so
7f91260f8000-7f91260ff000 rw-p 00083000 00:204 133230555197              /mnt/primary/conda-envs/semantic_uncertainty_export/lib/python3.11/site-packages/scipy/sparse/_csparsetools.cpython-311-x86_64-linux-gnu.so
7f91260ff000-7f9126200000 rw-p 00000000 00:00 0 
7f9126200000-7f9126201000 ---p 00000000 00:00 0 
7f9126201000-7f9126a01000 rw-p 00000000 00:00 0 
7f9126a05000-7f9126a09000 r--p 00000000 00:204 163552721433              /mnt/primary/conda-envs/semantic_uncertainty_export/lib/python3.11/site-packages/scipy/sparse/csgraph/_tools.cpython-311-x86_64-linux-gnu.so
7f9126a09000-7f9126a22000 r-xp 00004000 00:204 163552721433              /mnt/primary/conda-envs/semantic_uncertainty_export/lib/python3.11/site-packages/scipy/sparse/csgraph/_tools.cpython-311-x86_64-linux-gnu.so
7f9126a22000-7f9126a28000 r--p 0001d000 00:204 163552721433              /mnt/primary/conda-envs/semantic_uncertainty_export/lib/python3.11/site-packages/scipy/sparse/csgraph/_tools.cpython-311-x86_64-linux-gnu.so
7f9126a28000-7f9126a29000 ---p 00023000 00:204 163552721433              /mnt/primary/conda-envs/semantic_uncertainty_export/lib/python3.11/site-packages/scipy/sparse/csgraph/_tools.cpython-311-x86_64-linux-gnu.so
7f9126a29000-7f9126a2a000 r--p 00023000 00:204 163552721433              /mnt/primary/conda-envs/semantic_uncertainty_export/lib/python3.11/site-packages/scipy/sparse/csgraph/_tools.cpython-311-x86_64-linux-gnu.so
7f9126a2a000-7f9126a2f000 rw-p 00024000 00:204 163552721433              /mnt/primary/conda-envs/semantic_uncertainty_export/lib/python3.11/site-packages/scipy/sparse/csgraph/_tools.cpython-311-x86_64-linux-gnu.so
7f9126a2f000-7f9126a39000 r--p 00000000 00:204 40842680338               /mnt/primary/conda-envs/semantic_uncertainty_export/lib/python3.11/site-packages/scipy/spatial/_ckdtree.cpython-311-x86_64-linux-gnu.so
7f9126a39000-7f9126ada000 r-xp 0000a000 00:204 40842680338               /mnt/primary/conda-envs/semantic_uncertainty_export/lib/python3.11/site-packages/scipy/spatial/_ckdtree.cpython-311-x86_64-linux-gnu.so
7f9126ada000-7f9126af3000 r--p 000ab000 00:204 40842680338               /mnt/primary/conda-envs/semantic_uncertainty_export/lib/python3.11/site-packages/scipy/spatial/_ckdtree.cpython-311-x86_64-linux-gnu.so
7f9126af3000-7f9126af4000 r--p 000c3000 00:204 40842680338               /mnt/primary/conda-envs/semantic_uncertainty_export/lib/python3.11/site-packages/scipy/spatial/_ckdtree.cpython-311-x86_64-linux-gnu.so
7f9126af4000-7f9126aff000 rw-p 000c4000 00:204 40842680338               /mnt/primary/conda-envs/semantic_uncertainty_export/lib/python3.11/site-packages/scipy/spatial/_ckdtree.cpython-311-x86_64-linux-gnu.so
7f9126aff000-7f9126c00000 rw-p 00000000 00:00 0 
7f9126c00000-7f9126c01000 ---p 00000000 00:00 0 
7f9126c01000-7f9127401000 rw-p 00000000 00:00 0 
7f9127402000-7f9127414000 r--p 00000000 00:204 141832290874              /mnt/primary/conda-envs/semantic_uncertainty_export/lib/python3.11/site-packages/pandas/_libs/groupby.cpython-311-x86_64-linux-gnu.so
7f9127414000-7f91275c8000 r-xp 00012000 00:204 141832290874              /mnt/primary/conda-envs/semantic_uncertainty_export/lib/python3.11/site-packages/pandas/_libs/groupby.cpython-311-x86_64-linux-gnu.so
7f91275c8000-7f91275ed000 r--p 001c6000 00:204 141832290874              /mnt/primary/conda-envs/semantic_uncertainty_export/lib/python3.11/site-packages/pandas/_libs/groupby.cpython-311-x86_64-linux-gnu.so
7f91275ed000-7f91275ee000 ---p 001eb000 00:204 141832290874              /mnt/primary/conda-envs/semantic_uncertainty_export/lib/python3.11/site-packages/pandas/_libs/groupby.cpython-311-x86_64-linux-gnu.so
7f91275ee000-7f91275ef000 r--p 001eb000 00:204 141832290874              /mnt/primary/conda-envs/semantic_uncertainty_export/lib/python3.11/site-packages/pandas/_libs/groupby.cpython-311-x86_64-linux-gnu.so
7f91275ef000-7f91275fd000 rw-p 001ec000 00:204 141832290874              /mnt/primary/conda-envs/semantic_uncertainty_export/lib/python3.11/site-packages/pandas/_libs/groupby.cpython-311-x86_64-linux-gnu.so
7f91275fd000-7f9127600000 rw-p 00000000 00:00 0 
7f9127600000-7f9127601000 ---p 00000000 00:00 0 
7f9127601000-7f9127e01000 rw-p 00000000 00:00 0 
7f9127e03000-7f9127e0b000 r--p 00000000 00:204 19514561025               /mnt/primary/conda-envs/semantic_uncertainty_export/lib/python3.11/site-packages/scipy/linalg/_cythonized_array_utils.cpython-311-x86_64-linux-gnu.so
7f9127e0b000-7f9127e60000 r-xp 00008000 00:204 19514561025               /mnt/primary/conda-envs/semantic_uncertainty_export/lib/python3.11/site-packages/scipy/linalg/_cythonized_array_utils.cpython-311-x86_64-linux-gnu.so
7f9127e60000-7f9127e6c000 r--p 0005d000 00:204 19514561025               /mnt/primary/conda-envs/semantic_uncertainty_export/lib/python3.11/site-packages/scipy/linalg/_cythonized_array_utils.cpython-311-x86_64-linux-gnu.so
7f9127e6c000-7f9127e6d000 r--p 00068000 00:204 19514561025               /mnt/primary/conda-envs/semantic_uncertainty_export/lib/python3.11/site-packages/scipy/linalg/_cythonized_array_utils.cpython-311-x86_64-linux-gnu.so
7f9127e6d000-7f9127e73000 rw-p 00069000 00:204 19514561025               /mnt/primary/conda-envs/semantic_uncertainty_export/lib/python3.11/site-packages/scipy/linalg/_cythonized_array_utils.cpython-311-x86_64-linux-gnu.so
7f9127e73000-7f9127e74000 rw-p 00000000 00:00 0 
7f9127e74000-7f9127e7f000 r--p 00000000 00:204 141832290844              /mnt/primary/conda-envs/semantic_uncertainty_export/lib/python3.11/site-packages/pandas/_libs/parsers.cpython-311-x86_64-linux-gnu.so
7f9127e7f000-7f9127ee9000 r-xp 0000b000 00:204 141832290844              /mnt/primary/conda-envs/semantic_uncertainty_export/lib/python3.11/site-packages/pandas/_libs/parsers.cpython-311-x86_64-linux-gnu.so
7f9127ee9000-7f9127ef5000 r--p 00075000 00:204 141832290844              /mnt/primary/conda-envs/semantic_uncertainty_export/lib/python3.11/site-packages/pandas/_libs/parsers.cpython-311-x86_64-linux-gnu.so
7f9127ef5000-7f9127ef6000 ---p 00081000 00:204 141832290844              /mnt/primary/conda-envs/semantic_uncertainty_export/lib/python3.11/site-packages/pandas/_libs/parsers.cpython-311-x86_64-linux-gnu.so
7f9127ef6000-7f9127ef7000 r--p 00081000 00:204 141832290844              /mnt/primary/conda-envs/semantic_uncertainty_export/lib/python3.11/site-packages/pandas/_libs/parsers.cpython-311-x86_64-linux-gnu.so
7f9127ef7000-7f9127efe000 rw-p 00082000 00:204 141832290844              /mnt/primary/conda-envs/semantic_uncertainty_export/lib/python3.11/site-packages/pandas/_libs/parsers.cpython-311-x86_64-linux-gnu.so
7f9127efe000-7f9128000000 rw-p 00000000 00:00 0 
7f9128000000-7f9128021000 rw-p 00000000 00:00 0 
7f9128021000-7f912c000000 ---p 00000000 00:00 0 
7f912c000000-7f912c003000 r--p 00000000 00:204 49458313774               /mnt/primary/conda-envs/semantic_uncertainty_export/lib/python3.11/site-packages/scipy/special/_ellip_harm_2.cpython-311-x86_64-linux-gnu.so
7f912c003000-7f912c012000 r-xp 00003000 00:204 49458313774               /mnt/primary/conda-envs/semantic_uncertainty_export/lib/python3.11/site-packages/scipy/special/_ellip_harm_2.cpython-311-x86_64-linux-gnu.so
7f912c012000-7f912c014000 r--p 00012000 00:204 49458313774               /mnt/primary/conda-envs/semantic_uncertainty_export/lib/python3.11/site-packages/scipy/special/_ellip_harm_2.cpython-311-x86_64-linux-gnu.so
7f912c014000-7f912c015000 ---p 00014000 00:204 49458313774               /mnt/primary/conda-envs/semantic_uncertainty_export/lib/python3.11/site-packages/scipy/special/_ellip_harm_2.cpython-311-x86_64-linux-gnu.so
7f912c015000-7f912c016000 r--p 00014000 00:204 49458313774               /mnt/primary/conda-envs/semantic_uncertainty_export/lib/python3.11/site-packages/scipy/special/_ellip_harm_2.cpython-311-x86_64-linux-gnu.so
7f912c016000-7f912c017000 rw-p 00015000 00:204 49458313774               /mnt/primary/conda-envs/semantic_uncertainty_export/lib/python3.11/site-packages/scipy/special/_ellip_harm_2.cpython-311-x86_64-linux-gnu.so
7f912c017000-7f912c018000 rw-p 00000000 00:00 0 
7f912c018000-7f912c01b000 rw-p 0001a000 00:204 49458313774               /mnt/primary/conda-envs/semantic_uncertainty_export/lib/python3.11/site-packages/scipy/special/_ellip_harm_2.cpython-311-x86_64-linux-gnu.so
7f912c01b000-7f912c01f000 r--p 00000000 00:204 141825670163              /mnt/primary/conda-envs/semantic_uncertainty_export/lib/python3.11/site-packages/scipy/sparse/linalg/_isolve/_iterative.cpython-311-x86_64-linux-gnu.so
7f912c01f000-7f912c044000 r-xp 00004000 00:204 141825670163              /mnt/primary/conda-envs/semantic_uncertainty_export/lib/python3.11/site-packages/scipy/sparse/linalg/_isolve/_iterative.cpython-311-x86_64-linux-gnu.so
7f912c044000-7f912c04e000 r--p 00029000 00:204 141825670163              /mnt/primary/conda-envs/semantic_uncertainty_export/lib/python3.11/site-packages/scipy/sparse/linalg/_isolve/_iterative.cpython-311-x86_64-linux-gnu.so
7f912c04e000-7f912c04f000 r--p 00032000 00:204 141825670163              /mnt/primary/conda-envs/semantic_uncertainty_export/lib/python3.11/site-packages/scipy/sparse/linalg/_isolve/_iterative.cpython-311-x86_64-linux-gnu.so
7f912c04f000-7f912c056000 rw-p 00033000 00:204 141825670163              /mnt/primary/conda-envs/semantic_uncertainty_export/lib/python3.11/site-packages/scipy/sparse/linalg/_isolve/_iterative.cpython-311-x86_64-linux-gnu.so
7f912c056000-7f912c057000 rw-p 00000000 00:00 0 
7f912c057000-7f912c05a000 rw-p 00042000 00:204 141825670163              /mnt/primary/conda-envs/semantic_uncertainty_export/lib/python3.11/site-packages/scipy/sparse/linalg/_isolve/_iterative.cpython-311-x86_64-linux-gnu.so
7f912c05a000-7f912c061000 r--p 00000000 00:204 141832290858              /mnt/primary/conda-envs/semantic_uncertainty_export/lib/python3.11/site-packages/pandas/_libs/reshape.cpython-311-x86_64-linux-gnu.so
7f912c061000-7f912c090000 r-xp 00007000 00:204 141832290858              /mnt/primary/conda-envs/semantic_uncertainty_export/lib/python3.11/site-packages/pandas/_libs/reshape.cpython-311-x86_64-linux-gnu.so
7f912c090000-7f912c098000 r--p 00036000 00:204 141832290858              /mnt/primary/conda-envs/semantic_uncertainty_export/lib/python3.11/site-packages/pandas/_libs/reshape.cpython-311-x86_64-linux-gnu.so
7f912c098000-7f912c099000 r--p 0003d000 00:204 141832290858              /mnt/primary/conda-envs/semantic_uncertainty_export/lib/python3.11/site-packages/pandas/_libs/reshape.cpython-311-x86_64-linux-gnu.so
7f912c099000-7f912c09d000 rw-p 0003e000 00:204 141832290858              /mnt/primary/conda-envs/semantic_uncertainty_export/lib/python3.11/site-packages/pandas/_libs/reshape.cpython-311-x86_64-linux-gnu.so
7f912c09d000-7f912c09e000 rw-p 00000000 00:00 0 
7f912c09e000-7f912c0a7000 r--p 00000000 00:204 143899507729              /mnt/primary/conda-envs/semantic_uncertainty_export/lib/python3.11/site-packages/pandas/_libs/window/aggregations.cpython-311-x86_64-linux-gnu.so
7f912c0a7000-7f912c0ee000 r-xp 00009000 00:204 143899507729              /mnt/primary/conda-envs/semantic_uncertainty_export/lib/python3.11/site-packages/pandas/_libs/window/aggregations.cpython-311-x86_64-linux-gnu.so
7f912c0ee000-7f912c0f7000 r--p 00050000 00:204 143899507729              /mnt/primary/conda-envs/semantic_uncertainty_export/lib/python3.11/site-packages/pandas/_libs/window/aggregations.cpython-311-x86_64-linux-gnu.so
7f912c0f7000-7f912c0f8000 ---p 00059000 00:204 143899507729              /mnt/primary/conda-envs/semantic_uncertainty_export/lib/python3.11/site-packages/pandas/_libs/window/aggregations.cpython-311-x86_64-linux-gnu.so
7f912c0f8000-7f912c0f9000 r--p 00059000 00:204 143899507729              /mnt/primary/conda-envs/semantic_uncertainty_export/lib/python3.11/site-packages/pandas/_libs/window/aggregations.cpython-311-x86_64-linux-gnu.so
7f912c0f9000-7f912c0fe000 rw-p 0005a000 00:204 143899507729              /mnt/primary/conda-envs/semantic_uncertainty_export/lib/python3.11/site-packages/pandas/_libs/window/aggregations.cpython-311-x86_64-linux-gnu.so
7f912c0fe000-7f912c200000 rw-p 00000000 00:00 0 
7f912c200000-7f912c201000 ---p 00000000 00:00 0 
7f912c201000-7f912ca01000 rw-p 00000000 00:00 0 
7f912ca03000-7f912ca05000 r--p 00000000 00:204 40842680351               /mnt/primary/conda-envs/semantic_uncertainty_export/lib/python3.11/site-packages/scipy/spatial/_distance_wrap.cpython-311-x86_64-linux-gnu.so
7f912ca05000-7f912ca19000 r-xp 00002000 00:204 40842680351               /mnt/primary/conda-envs/semantic_uncertainty_export/lib/python3.11/site-packages/scipy/spatial/_distance_wrap.cpython-311-x86_64-linux-gnu.so
7f912ca19000-7f912ca1b000 r--p 00016000 00:204 40842680351               /mnt/primary/conda-envs/semantic_uncertainty_export/lib/python3.11/site-packages/scipy/spatial/_distance_wrap.cpython-311-x86_64-linux-gnu.so
7f912ca1b000-7f912ca1c000 ---p 00018000 00:204 40842680351               /mnt/primary/conda-envs/semantic_uncertainty_export/lib/python3.11/site-packages/scipy/spatial/_distance_wrap.cpython-311-x86_64-linux-gnu.so
7f912ca1c000-7f912ca1d000 r--p 00018000 00:204 40842680351               /mnt/primary/conda-envs/semantic_uncertainty_export/lib/python3.11/site-packages/scipy/spatial/_distance_wrap.cpython-311-x86_64-linux-gnu.so
7f912ca1d000-7f912ca1e000 rw-p 00019000 00:204 40842680351               /mnt/primary/conda-envs/semantic_uncertainty_export/lib/python3.11/site-packages/scipy/spatial/_distance_wrap.cpython-311-x86_64-linux-gnu.so
7f912ca1e000-7f912ca20000 r--p 00000000 00:204 19514561068               /mnt/primary/conda-envs/semantic_uncertainty_export/lib/python3.11/site-packages/scipy/linalg/_flinalg.cpython-311-x86_64-linux-gnu.so
7f912ca20000-7f912ca28000 r-xp 00002000 00:204 19514561068               /mnt/primary/conda-envs/semantic_uncertainty_export/lib/python3.11/site-packages/scipy/linalg/_flinalg.cpython-311-x86_64-linux-gnu.so
7f912ca28000-7f912ca2b000 r--p 0000a000 00:204 19514561068               /mnt/primary/conda-envs/semantic_uncertainty_export/lib/python3.11/site-packages/scipy/linalg/_flinalg.cpython-311-x86_64-linux-gnu.so
7f912ca2b000-7f912ca2c000 r--p 0000c000 00:204 19514561068               /mnt/primary/conda-envs/semantic_uncertainty_export/lib/python3.11/site-packages/scipy/linalg/_flinalg.cpython-311-x86_64-linux-gnu.so
7f912ca2c000-7f912ca2f000 rw-p 0000d000 00:204 19514561068               /mnt/primary/conda-envs/semantic_uncertainty_export/lib/python3.11/site-packages/scipy/linalg/_flinalg.cpython-311-x86_64-linux-gnu.so
7f912ca2f000-7f912ca31000 rw-p 00012000 00:204 19514561068               /mnt/primary/conda-envs/semantic_uncertainty_export/lib/python3.11/site-packages/scipy/linalg/_flinalg.cpython-311-x86_64-linux-gnu.so
7f912ca31000-7f912cb31000 rw-p 00000000 00:00 0 
7f912cb31000-7f912cfdf000 r--p 00000000 00:204 169691131401              /mnt/primary/conda-envs/semantic_uncertainty_export/lib/python3.11/site-packages/pyarrow/libarrow.so.2000
7f912cfdf000-7f912f395000 r-xp 004ae000 00:204 169691131401              /mnt/primary/conda-envs/semantic_uncertainty_export/lib/python3.11/site-packages/pyarrow/libarrow.so.2000
7f912f395000-7f912fc52000 r--p 02864000 00:204 169691131401              /mnt/primary/conda-envs/semantic_uncertainty_export/lib/python3.11/site-packages/pyarrow/libarrow.so.2000
7f912fc52000-7f912fd43000 r--p 03120000 00:204 169691131401              /mnt/primary/conda-envs/semantic_uncertainty_export/lib/python3.11/site-packages/pyarrow/libarrow.so.2000
7f912fd43000-7f912fd76000 rw-p 03211000 00:204 169691131401              /mnt/primary/conda-envs/semantic_uncertainty_export/lib/python3.11/site-packages/pyarrow/libarrow.so.2000
7f912fd76000-7f9130000000 rw-p 00000000 00:00 0 
7f9130000000-7f9130021000 rw-p 00000000 00:00 0 
7f9130021000-7f9134000000 ---p 00000000 00:00 0 
7f9134007000-7f913400b000 r--p 00000000 00:204 53859409459               /mnt/primary/conda-envs/semantic_uncertainty_export/lib/python3.11/site-packages/scipy/_lib/_ccallback_c.cpython-311-x86_64-linux-gnu.so
7f913400b000-7f9134014000 r-xp 00004000 00:204 53859409459               /mnt/primary/conda-envs/semantic_uncertainty_export/lib/python3.11/site-packages/scipy/_lib/_ccallback_c.cpython-311-x86_64-linux-gnu.so
7f9134014000-7f9134016000 r--p 0000d000 00:204 53859409459               /mnt/primary/conda-envs/semantic_uncertainty_export/lib/python3.11/site-packages/scipy/_lib/_ccallback_c.cpython-311-x86_64-linux-gnu.so
7f9134016000-7f9134017000 r--p 0000e000 00:204 53859409459               /mnt/primary/conda-envs/semantic_uncertainty_export/lib/python3.11/site-packages/scipy/_lib/_ccallback_c.cpython-311-x86_64-linux-gnu.so
7f9134017000-7f9134019000 rw-p 0000f000 00:204 53859409459               /mnt/primary/conda-envs/semantic_uncertainty_export/lib/python3.11/site-packages/scipy/_lib/_ccallback_c.cpython-311-x86_64-linux-gnu.so
7f9134019000-7f9134026000 r--p 00000000 00:204 141832290856              /mnt/primary/conda-envs/semantic_uncertainty_export/lib/python3.11/site-packages/pandas/_libs/index.cpython-311-x86_64-linux-gnu.so
7f9134026000-7f91340db000 r-xp 0000d000 00:204 141832290856              /mnt/primary/conda-envs/semantic_uncertainty_export/lib/python3.11/site-packages/pandas/_libs/index.cpython-311-x86_64-linux-gnu.so
7f91340db000-7f91340f1000 r--p 000c2000 00:204 141832290856              /mnt/primary/conda-envs/semantic_uncertainty_export/lib/python3.11/site-packages/pandas/_libs/index.cpython-311-x86_64-linux-gnu.so
7f91340f1000-7f91340f2000 r--p 000d7000 00:204 141832290856              /mnt/primary/conda-envs/semantic_uncertainty_export/lib/python3.11/site-packages/pandas/_libs/index.cpython-311-x86_64-linux-gnu.so
7f91340f2000-7f91340fe000 rw-p 000d8000 00:204 141832290856              /mnt/primary/conda-envs/semantic_uncertainty_export/lib/python3.11/site-packages/pandas/_libs/index.cpython-311-x86_64-linux-gnu.so
7f91340fe000-7f9134400000 rw-p 00000000 00:00 0 
7f9134400000-7f9134401000 ---p 00000000 00:00 0 
7f9134401000-7f9134c01000 rw-p 00000000 00:00 0 
7f9134c04000-7f9134c05000 r--p 00000000 00:204 98787428873               /mnt/primary/conda-envs/semantic_uncertainty_export/lib/python3.11/site-packages/scipy/optimize/_lsap.cpython-311-x86_64-linux-gnu.so
7f9134c05000-7f9134c07000 r-xp 00001000 00:204 98787428873               /mnt/primary/conda-envs/semantic_uncertainty_export/lib/python3.11/site-packages/scipy/optimize/_lsap.cpython-311-x86_64-linux-gnu.so
7f9134c07000-7f9134c09000 r--p 00003000 00:204 98787428873               /mnt/primary/conda-envs/semantic_uncertainty_export/lib/python3.11/site-packages/scipy/optimize/_lsap.cpython-311-x86_64-linux-gnu.so
7f9134c09000-7f9134c0a000 r--p 00004000 00:204 98787428873               /mnt/primary/conda-envs/semantic_uncertainty_export/lib/python3.11/site-packages/scipy/optimize/_lsap.cpython-311-x86_64-linux-gnu.so
7f9134c0a000-7f9134c0b000 rw-p 00005000 00:204 98787428873               /mnt/primary/conda-envs/semantic_uncertainty_export/lib/python3.11/site-packages/scipy/optimize/_lsap.cpython-311-x86_64-linux-gnu.so
7f9134c0b000-7f9134c0f000 r--p 00000000 00:204 141832290851              /mnt/primary/conda-envs/semantic_uncertainty_export/lib/python3.11/site-packages/pandas/_libs/testing.cpython-311-x86_64-linux-gnu.so
7f9134c0f000-7f9134c1f000 r-xp 00004000 00:204 141832290851              /mnt/primary/conda-envs/semantic_uncertainty_export/lib/python3.11/site-packages/pandas/_libs/testing.cpython-311-x86_64-linux-gnu.so
7f9134c1f000-7f9134c21000 r--p 00014000 00:204 141832290851              /mnt/primary/conda-envs/semantic_uncertainty_export/lib/python3.11/site-packages/pandas/_libs/testing.cpython-311-x86_64-linux-gnu.so
7f9134c21000-7f9134c22000 r--p 00015000 00:204 141832290851              /mnt/primary/conda-envs/semantic_uncertainty_export/lib/python3.11/site-packages/pandas/_libs/testing.cpython-311-x86_64-linux-gnu.so
7f9134c22000-7f9134c24000 rw-p 00016000 00:204 141832290851              /mnt/primary/conda-envs/semantic_uncertainty_export/lib/python3.11/site-packages/pandas/_libs/testing.cpython-311-x86_64-linux-gnu.so
7f9134c24000-7f9134c2d000 r--p 00000000 00:204 141832290865              /mnt/primary/conda-envs/semantic_uncertainty_export/lib/python3.11/site-packages/pandas/_libs/sparse.cpython-311-x86_64-linux-gnu.so
7f9134c2d000-7f9134ce9000 r-xp 00009000 00:204 141832290865              /mnt/primary/conda-envs/semantic_uncertainty_export/lib/python3.11/site-packages/pandas/_libs/sparse.cpython-311-x86_64-linux-gnu.so
7f9134ce9000-7f9134cf8000 r--p 000c5000 00:204 141832290865              /mnt/primary/conda-envs/semantic_uncertainty_export/lib/python3.11/site-packages/pandas/_libs/sparse.cpython-311-x86_64-linux-gnu.so
7f9134cf8000-7f9134cf9000 r--p 000d3000 00:204 141832290865              /mnt/primary/conda-envs/semantic_uncertainty_export/lib/python3.11/site-packages/pandas/_libs/sparse.cpython-311-x86_64-linux-gnu.so
7f9134cf9000-7f9134cff000 rw-p 000d4000 00:204 141832290865              /mnt/primary/conda-envs/semantic_uncertainty_export/lib/python3.11/site-packages/pandas/_libs/sparse.cpython-311-x86_64-linux-gnu.so
7f9134cff000-7f9134e00000 rw-p 00000000 00:00 0 
7f9134e00000-7f9134e01000 ---p 00000000 00:00 0 
7f9134e01000-7f9135601000 rw-p 00000000 00:00 0 
7f9135603000-7f9135608000 r--p 00000000 00:204 143899507730              /mnt/primary/conda-envs/semantic_uncertainty_export/lib/python3.11/site-packages/pandas/_libs/window/indexers.cpython-311-x86_64-linux-gnu.so
7f9135608000-7f9135627000 r-xp 00005000 00:204 143899507730              /mnt/primary/conda-envs/semantic_uncertainty_export/lib/python3.11/site-packages/pandas/_libs/window/indexers.cpython-311-x86_64-linux-gnu.so
7f9135627000-7f913562d000 r--p 00024000 00:204 143899507730              /mnt/primary/conda-envs/semantic_uncertainty_export/lib/python3.11/site-packages/pandas/_libs/window/indexers.cpython-311-x86_64-linux-gnu.so
7f913562d000-7f913562e000 r--p 00029000 00:204 143899507730              /mnt/primary/conda-envs/semantic_uncertainty_export/lib/python3.11/site-packages/pandas/_libs/window/indexers.cpython-311-x86_64-linux-gnu.so
7f913562e000-7f9135631000 rw-p 0002a000 00:204 143899507730              /mnt/primary/conda-envs/semantic_uncertainty_export/lib/python3.11/site-packages/pandas/_libs/window/indexers.cpython-311-x86_64-linux-gnu.so
7f9135631000-7f913563a000 r--p 00000000 00:204 141832290857              /mnt/primary/conda-envs/semantic_uncertainty_export/lib/python3.11/site-packages/pandas/_libs/internals.cpython-311-x86_64-linux-gnu.so
7f913563a000-7f9135680000 r-xp 00009000 00:204 141832290857              /mnt/primary/conda-envs/semantic_uncertainty_export/lib/python3.11/site-packages/pandas/_libs/internals.cpython-311-x86_64-linux-gnu.so
7f9135680000-7f913568b000 r--p 0004f000 00:204 141832290857              /mnt/primary/conda-envs/semantic_uncertainty_export/lib/python3.11/site-packages/pandas/_libs/internals.cpython-311-x86_64-linux-gnu.so
7f913568b000-7f913568c000 r--p 00059000 00:204 141832290857              /mnt/primary/conda-envs/semantic_uncertainty_export/lib/python3.11/site-packages/pandas/_libs/internals.cpython-311-x86_64-linux-gnu.so
7f913568c000-7f9135692000 rw-p 0005a000 00:204 141832290857              /mnt/primary/conda-envs/semantic_uncertainty_export/lib/python3.11/site-packages/pandas/_libs/internals.cpython-311-x86_64-linux-gnu.so
7f9135692000-7f9135694000 rw-p 00000000 00:00 0 
7f9135694000-7f913569b000 r--p 00000000 00:204 141832290837              /mnt/primary/conda-envs/semantic_uncertainty_export/lib/python3.11/site-packages/pandas/_libs/tslib.cpython-311-x86_64-linux-gnu.so
7f913569b000-7f91356d0000 r-xp 00007000 00:204 141832290837              /mnt/primary/conda-envs/semantic_uncertainty_export/lib/python3.11/site-packages/pandas/_libs/tslib.cpython-311-x86_64-linux-gnu.so
7f91356d0000-7f91356d8000 r--p 0003c000 00:204 141832290837              /mnt/primary/conda-envs/semantic_uncertainty_export/lib/python3.11/site-packages/pandas/_libs/tslib.cpython-311-x86_64-linux-gnu.so
7f91356d8000-7f91356d9000 r--p 00043000 00:204 141832290837              /mnt/primary/conda-envs/semantic_uncertainty_export/lib/python3.11/site-packages/pandas/_libs/tslib.cpython-311-x86_64-linux-gnu.so
7f91356d9000-7f91356de000 rw-p 00044000 00:204 141832290837              /mnt/primary/conda-envs/semantic_uncertainty_export/lib/python3.11/site-packages/pandas/_libs/tslib.cpython-311-x86_64-linux-gnu.so
7f91356de000-7f913570c000 r--p 00000000 00:204 170174514215              /mnt/primary/conda-envs/semantic_uncertainty_export/lib/python3.11/site-packages/pyarrow/_compute.cpython-311-x86_64-linux-gnu.so
7f913570c000-7f91357ad000 r-xp 0002e000 00:204 170174514215              /mnt/primary/conda-envs/semantic_uncertainty_export/lib/python3.11/site-packages/pyarrow/_compute.cpython-311-x86_64-linux-gnu.so
7f91357ad000-7f91357e0000 r--p 000cf000 00:204 170174514215              /mnt/primary/conda-envs/semantic_uncertainty_export/lib/python3.11/site-packages/pyarrow/_compute.cpython-311-x86_64-linux-gnu.so
7f91357e0000-7f91357e3000 r--p 00101000 00:204 170174514215              /mnt/primary/conda-envs/semantic_uncertainty_export/lib/python3.11/site-packages/pyarrow/_compute.cpython-311-x86_64-linux-gnu.so
7f91357e3000-7f91357f0000 rw-p 00104000 00:204 170174514215              /mnt/primary/conda-envs/semantic_uncertainty_export/lib/python3.11/site-packages/pyarrow/_compute.cpython-311-x86_64-linux-gnu.so
7f91357f0000-7f91357f4000 rw-p 00000000 00:00 0 
7f91357f4000-7f91358d3000 r--p 00000000 00:204 70924951600               /mnt/primary/conda-envs/semantic_uncertainty_export/lib/libmkl_def.so.2
7f91358d3000-7f9137e11000 r-xp 000df000 00:204 70924951600               /mnt/primary/conda-envs/semantic_uncertainty_export/lib/libmkl_def.so.2
7f9137e11000-7f9137f81000 r--p 0261d000 00:204 70924951600               /mnt/primary/conda-envs/semantic_uncertainty_export/lib/libmkl_def.so.2
7f9137f81000-7f9137f84000 r--p 0278c000 00:204 70924951600               /mnt/primary/conda-envs/semantic_uncertainty_export/lib/libmkl_def.so.2
7f9137f84000-7f9137f8a000 rw-p 0278f000 00:204 70924951600               /mnt/primary/conda-envs/semantic_uncertainty_export/lib/libmkl_def.so.2
7f9137f8a000-7f9137f8b000 rw-p 00000000 00:00 0 
7f9137f8b000-7f9138000000 rw-p 02888000 00:204 70924951600               /mnt/primary/conda-envs/semantic_uncertainty_export/lib/libmkl_def.so.2
7f9138000000-7f9138021000 rw-p 00000000 00:00 0 
7f9138021000-7f913c000000 ---p 00000000 00:00 0 
7f913c006000-7f913c009000 r--p 00000000 00:204 49458313786               /mnt/primary/conda-envs/semantic_uncertainty_export/lib/python3.11/site-packages/scipy/special/_comb.cpython-311-x86_64-linux-gnu.so
7f913c009000-7f913c00d000 r-xp 00003000 00:204 49458313786               /mnt/primary/conda-envs/semantic_uncertainty_export/lib/python3.11/site-packages/scipy/special/_comb.cpython-311-x86_64-linux-gnu.so
7f913c00d000-7f913c00e000 r--p 00007000 00:204 49458313786               /mnt/primary/conda-envs/semantic_uncertainty_export/lib/python3.11/site-packages/scipy/special/_comb.cpython-311-x86_64-linux-gnu.so
7f913c00e000-7f913c00f000 r--p 00007000 00:204 49458313786               /mnt/primary/conda-envs/semantic_uncertainty_export/lib/python3.11/site-packages/scipy/special/_comb.cpython-311-x86_64-linux-gnu.so
7f913c00f000-7f913c010000 rw-p 00008000 00:204 49458313786               /mnt/primary/conda-envs/semantic_uncertainty_export/lib/python3.11/site-packages/scipy/special/_comb.cpython-311-x86_64-linux-gnu.so
7f913c010000-7f913c017000 r--p 00000000 00:204 141832290863              /mnt/primary/conda-envs/semantic_uncertainty_export/lib/python3.11/site-packages/pandas/_libs/writers.cpython-311-x86_64-linux-gnu.so
7f913c017000-7f913c03b000 r-xp 00007000 00:204 141832290863              /mnt/primary/conda-envs/semantic_uncertainty_export/lib/python3.11/site-packages/pandas/_libs/writers.cpython-311-x86_64-linux-gnu.so
7f913c03b000-7f913c042000 r--p 0002b000 00:204 141832290863              /mnt/primary/conda-envs/semantic_uncertainty_export/lib/python3.11/site-packages/pandas/_libs/writers.cpython-311-x86_64-linux-gnu.so
7f913c042000-7f913c043000 r--p 00031000 00:204 141832290863              /mnt/primary/conda-envs/semantic_uncertainty_export/lib/python3.11/site-packages/pandas/_libs/writers.cpython-311-x86_64-linux-gnu.so
7f913c043000-7f913c047000 rw-p 00032000 00:204 141832290863              /mnt/primary/conda-envs/semantic_uncertainty_export/lib/python3.11/site-packages/pandas/_libs/writers.cpython-311-x86_64-linux-gnu.so
7f913c047000-7f913c048000 rw-p 00000000 00:00 0 
7f913c048000-7f913c04c000 r--p 00000000 00:204 141832290868              /mnt/primary/conda-envs/semantic_uncertainty_export/lib/python3.11/site-packages/pandas/_libs/arrays.cpython-311-x86_64-linux-gnu.so
7f913c04c000-7f913c05b000 r-xp 00004000 00:204 141832290868              /mnt/primary/conda-envs/semantic_uncertainty_export/lib/python3.11/site-packages/pandas/_libs/arrays.cpython-311-x86_64-linux-gnu.so
7f913c05b000-7f913c05e000 r--p 00013000 00:204 141832290868              /mnt/primary/conda-envs/semantic_uncertainty_export/lib/python3.11/site-packages/pandas/_libs/arrays.cpython-311-x86_64-linux-gnu.so
7f913c05e000-7f913c05f000 r--p 00015000 00:204 141832290868              /mnt/primary/conda-envs/semantic_uncertainty_export/lib/python3.11/site-packages/pandas/_libs/arrays.cpython-311-x86_64-linux-gnu.so
7f913c05f000-7f913c061000 rw-p 00016000 00:204 141832290868              /mnt/primary/conda-envs/semantic_uncertainty_export/lib/python3.11/site-packages/pandas/_libs/arrays.cpython-311-x86_64-linux-gnu.so
7f913c061000-7f913c067000 r--p 00000000 00:204 141832290855              /mnt/primary/conda-envs/semantic_uncertainty_export/lib/python3.11/site-packages/pandas/_libs/ops.cpython-311-x86_64-linux-gnu.so
7f913c067000-7f913c091000 r-xp 00006000 00:204 141832290855              /mnt/primary/conda-envs/semantic_uncertainty_export/lib/python3.11/site-packages/pandas/_libs/ops.cpython-311-x86_64-linux-gnu.so
7f913c091000-7f913c098000 r--p 00030000 00:204 141832290855              /mnt/primary/conda-envs/semantic_uncertainty_export/lib/python3.11/site-packages/pandas/_libs/ops.cpython-311-x86_64-linux-gnu.so
7f913c098000-7f913c099000 r--p 00036000 00:204 141832290855              /mnt/primary/conda-envs/semantic_uncertainty_export/lib/python3.11/site-packages/pandas/_libs/ops.cpython-311-x86_64-linux-gnu.so
7f913c099000-7f913c09d000 rw-p 00037000 00:204 141832290855              /mnt/primary/conda-envs/semantic_uncertainty_export/lib/python3.11/site-packages/pandas/_libs/ops.cpython-311-x86_64-linux-gnu.so
7f913c09d000-7f913c19d000 rw-p 00000000 00:00 0 
7f913c19d000-7f913c1ab000 r--p 00000000 00:204 141832290872              /mnt/primary/conda-envs/semantic_uncertainty_export/lib/python3.11/site-packages/pandas/_libs/lib.cpython-311-x86_64-linux-gnu.so
7f913c1ab000-7f913c232000 r-xp 0000e000 00:204 141832290872              /mnt/primary/conda-envs/semantic_uncertainty_export/lib/python3.11/site-packages/pandas/_libs/lib.cpython-311-x86_64-linux-gnu.so
7f913c232000-7f913c245000 r--p 00095000 00:204 141832290872              /mnt/primary/conda-envs/semantic_uncertainty_export/lib/python3.11/site-packages/pandas/_libs/lib.cpython-311-x86_64-linux-gnu.so
7f913c245000-7f913c246000 r--p 000a7000 00:204 141832290872              /mnt/primary/conda-envs/semantic_uncertainty_export/lib/python3.11/site-packages/pandas/_libs/lib.cpython-311-x86_64-linux-gnu.so
7f913c246000-7f913c255000 rw-p 000a8000 00:204 141832290872              /mnt/primary/conda-envs/semantic_uncertainty_export/lib/python3.11/site-packages/pandas/_libs/lib.cpython-311-x86_64-linux-gnu.so
7f913c255000-7f913c257000 rw-p 00000000 00:00 0 
7f913c257000-7f913c26a000 r--p 00000000 00:204 141832290870              /mnt/primary/conda-envs/semantic_uncertainty_export/lib/python3.11/site-packages/pandas/_libs/algos.cpython-311-x86_64-linux-gnu.so
7f913c26a000-7f913c41f000 r-xp 00013000 00:204 141832290870              /mnt/primary/conda-envs/semantic_uncertainty_export/lib/python3.11/site-packages/pandas/_libs/algos.cpython-311-x86_64-linux-gnu.so
7f913c41f000-7f913c442000 r--p 001c8000 00:204 141832290870              /mnt/primary/conda-envs/semantic_uncertainty_export/lib/python3.11/site-packages/pandas/_libs/algos.cpython-311-x86_64-linux-gnu.so
7f913c442000-7f913c443000 r--p 001ea000 00:204 141832290870              /mnt/primary/conda-envs/semantic_uncertainty_export/lib/python3.11/site-packages/pandas/_libs/algos.cpython-311-x86_64-linux-gnu.so
7f913c443000-7f913c450000 rw-p 001eb000 00:204 141832290870              /mnt/primary/conda-envs/semantic_uncertainty_export/lib/python3.11/site-packages/pandas/_libs/algos.cpython-311-x86_64-linux-gnu.so
7f913c450000-7f913c454000 rw-p 00000000 00:00 0 
7f913c454000-7f913c45f000 r--p 00000000 00:204 146028901890              /mnt/primary/conda-envs/semantic_uncertainty_export/lib/python3.11/site-packages/pandas/_libs/tslibs/period.cpython-311-x86_64-linux-gnu.so
7f913c45f000-7f913c4ae000 r-xp 0000b000 00:204 146028901890              /mnt/primary/conda-envs/semantic_uncertainty_export/lib/python3.11/site-packages/pandas/_libs/tslibs/period.cpython-311-x86_64-linux-gnu.so
7f913c4ae000-7f913c4c3000 r--p 0005a000 00:204 146028901890              /mnt/primary/conda-envs/semantic_uncertainty_export/lib/python3.11/site-packages/pandas/_libs/tslibs/period.cpython-311-x86_64-linux-gnu.so
7f913c4c3000-7f913c4c4000 r--p 0006e000 00:204 146028901890              /mnt/primary/conda-envs/semantic_uncertainty_export/lib/python3.11/site-packages/pandas/_libs/tslibs/period.cpython-311-x86_64-linux-gnu.so
7f913c4c4000-7f913c4ce000 rw-p 0006f000 00:204 146028901890              /mnt/primary/conda-envs/semantic_uncertainty_export/lib/python3.11/site-packages/pandas/_libs/tslibs/period.cpython-311-x86_64-linux-gnu.so
7f913c4ce000-7f913c4cf000 rw-p 00000000 00:00 0 
7f913c4cf000-7f913c4d8000 r--p 00000000 00:204 146028901896              /mnt/primary/conda-envs/semantic_uncertainty_export/lib/python3.11/site-packages/pandas/_libs/tslibs/strptime.cpython-311-x86_64-linux-gnu.so
7f913c4d8000-7f913c513000 r-xp 00009000 00:204 146028901896              /mnt/primary/conda-envs/semantic_uncertainty_export/lib/python3.11/site-packages/pandas/_libs/tslibs/strptime.cpython-311-x86_64-linux-gnu.so
7f913c513000-7f913c51c000 r--p 00044000 00:204 146028901896              /mnt/primary/conda-envs/semantic_uncertainty_export/lib/python3.11/site-packages/pandas/_libs/tslibs/strptime.cpython-311-x86_64-linux-gnu.so
7f913c51c000-7f913c51d000 r--p 0004c000 00:204 146028901896              /mnt/primary/conda-envs/semantic_uncertainty_export/lib/python3.11/site-packages/pandas/_libs/tslibs/strptime.cpython-311-x86_64-linux-gnu.so
7f913c51d000-7f913c522000 rw-p 0004d000 00:204 146028901896              /mnt/primary/conda-envs/semantic_uncertainty_export/lib/python3.11/site-packages/pandas/_libs/tslibs/strptime.cpython-311-x86_64-linux-gnu.so
7f913c522000-7f913c523000 rw-p 00000000 00:00 0 
7f913c523000-7f913c52d000 r--p 00000000 00:204 146028901912              /mnt/primary/conda-envs/semantic_uncertainty_export/lib/python3.11/site-packages/pandas/_libs/tslibs/parsing.cpython-311-x86_64-linux-gnu.so
7f913c52d000-7f913c57c000 r-xp 0000a000 00:204 146028901912              /mnt/primary/conda-envs/semantic_uncertainty_export/lib/python3.11/site-packages/pandas/_libs/tslibs/parsing.cpython-311-x86_64-linux-gnu.so
7f913c57c000-7f913c588000 r--p 00059000 00:204 146028901912              /mnt/primary/conda-envs/semantic_uncertainty_export/lib/python3.11/site-packages/pandas/_libs/tslibs/parsing.cpython-311-x86_64-linux-gnu.so
7f913c588000-7f913c589000 r--p 00064000 00:204 146028901912              /mnt/primary/conda-envs/semantic_uncertainty_export/lib/python3.11/site-packages/pandas/_libs/tslibs/parsing.cpython-311-x86_64-linux-gnu.so
7f913c589000-7f913c590000 rw-p 00065000 00:204 146028901912              /mnt/primary/conda-envs/semantic_uncertainty_export/lib/python3.11/site-packages/pandas/_libs/tslibs/parsing.cpython-311-x86_64-linux-gnu.so
7f913c590000-7f913c791000 rw-p 00000000 00:00 0 
7f913c791000-7f913cb4b000 r--p 00000000 00:204 70924951612               /mnt/primary/conda-envs/semantic_uncertainty_export/lib/libmkl_intel_thread.so.2
7f913cb4b000-7f913f307000 r-xp 003ba000 00:204 70924951612               /mnt/primary/conda-envs/semantic_uncertainty_export/lib/libmkl_intel_thread.so.2
7f913f307000-7f913f79c000 r--p 02b76000 00:204 70924951612               /mnt/primary/conda-envs/semantic_uncertainty_export/lib/libmkl_intel_thread.so.2
7f913f79c000-7f913f79d000 ---p 0300b000 00:204 70924951612               /mnt/primary/conda-envs/semantic_uncertainty_export/lib/libmkl_intel_thread.so.2
7f913f79d000-7f913f7a4000 r--p 0300b000 00:204 70924951612               /mnt/primary/conda-envs/semantic_uncertainty_export/lib/libmkl_intel_thread.so.2
7f913f7a4000-7f913fedd000 rw-p 03012000 00:204 70924951612               /mnt/primary/conda-envs/semantic_uncertainty_export/lib/libmkl_intel_thread.so.2
7f913fedd000-7f913fef7000 rw-p 00000000 00:00 0 
7f913fef7000-7f9140000000 rw-p 03de0000 00:204 70924951612               /mnt/primary/conda-envs/semantic_uncertainty_export/lib/libmkl_intel_thread.so.2
7f9140000000-7f9140021000 rw-p 00000000 00:00 0 
7f9140021000-7f9144000000 ---p 00000000 00:00 0 
7f9144000000-7f9144400000 rw-p 00000000 00:00 0 
7f9144400000-7f9144600000 rw-p 00000000 00:00 0 
7f9144600000-7f9144800000 rw-p 00000000 00:00 0 
7f9144800000-7f9144802000 r--p 00000000 00:204 45438459395               /mnt/primary/conda-envs/semantic_uncertainty_export/lib/python3.11/lib-dynload/cmath.cpython-311-x86_64-linux-gnu.so
7f9144802000-7f914480c000 r-xp 00002000 00:204 45438459395               /mnt/primary/conda-envs/semantic_uncertainty_export/lib/python3.11/lib-dynload/cmath.cpython-311-x86_64-linux-gnu.so
7f914480c000-7f914480e000 r--p 0000c000 00:204 45438459395               /mnt/primary/conda-envs/semantic_uncertainty_export/lib/python3.11/lib-dynload/cmath.cpython-311-x86_64-linux-gnu.so
7f914480e000-7f914480f000 ---p 0000e000 00:204 45438459395               /mnt/primary/conda-envs/semantic_uncertainty_export/lib/python3.11/lib-dynload/cmath.cpython-311-x86_64-linux-gnu.so
7f914480f000-7f9144810000 r--p 0000e000 00:204 45438459395               /mnt/primary/conda-envs/semantic_uncertainty_export/lib/python3.11/lib-dynload/cmath.cpython-311-x86_64-linux-gnu.so
7f9144810000-7f9144811000 rw-p 0000f000 00:204 45438459395               /mnt/primary/conda-envs/semantic_uncertainty_export/lib/python3.11/lib-dynload/cmath.cpython-311-x86_64-linux-gnu.so
7f9144811000-7f9144813000 rw-p 00000000 00:00 0 
7f9144813000-7f9144815000 r--p 00000000 00:204 58046899230               /mnt/primary/conda-envs/semantic_uncertainty_export/lib/python3.11/site-packages/bottleneck/reduce.cpython-311-x86_64-linux-gnu.so
7f9144815000-7f9144827000 r-xp 00002000 00:204 58046899230               /mnt/primary/conda-envs/semantic_uncertainty_export/lib/python3.11/site-packages/bottleneck/reduce.cpython-311-x86_64-linux-gnu.so
7f9144827000-7f914482a000 r--p 00014000 00:204 58046899230               /mnt/primary/conda-envs/semantic_uncertainty_export/lib/python3.11/site-packages/bottleneck/reduce.cpython-311-x86_64-linux-gnu.so
7f914482a000-7f914482b000 r--p 00016000 00:204 58046899230               /mnt/primary/conda-envs/semantic_uncertainty_export/lib/python3.11/site-packages/bottleneck/reduce.cpython-311-x86_64-linux-gnu.so
7f914482b000-7f914482f000 rw-p 00017000 00:204 58046899230               /mnt/primary/conda-envs/semantic_uncertainty_export/lib/python3.11/site-packages/bottleneck/reduce.cpython-311-x86_64-linux-gnu.so
7f914482f000-7f9144844000 r--p 00000000 00:204 141832290833              /mnt/primary/conda-envs/semantic_uncertainty_export/lib/python3.11/site-packages/pandas/_libs/hashtable.cpython-311-x86_64-linux-gnu.so
7f9144844000-7f91449b1000 r-xp 00015000 00:204 141832290833              /mnt/primary/conda-envs/semantic_uncertainty_export/lib/python3.11/site-packages/pandas/_libs/hashtable.cpython-311-x86_64-linux-gnu.so
7f91449b1000-7f91449d7000 r--p 00182000 00:204 141832290833              /mnt/primary/conda-envs/semantic_uncertainty_export/lib/python3.11/site-packages/pandas/_libs/hashtable.cpython-311-x86_64-linux-gnu.so
7f91449d7000-7f91449d8000 r--p 001a7000 00:204 141832290833              /mnt/primary/conda-envs/semantic_uncertainty_export/lib/python3.11/site-packages/pandas/_libs/hashtable.cpython-311-x86_64-linux-gnu.so
7f91449d8000-7f91449fa000 rw-p 001a8000 00:204 141832290833              /mnt/primary/conda-envs/semantic_uncertainty_export/lib/python3.11/site-packages/pandas/_libs/hashtable.cpython-311-x86_64-linux-gnu.so
7f91449fa000-7f9144a00000 rw-p 00000000 00:00 0 
7f9144a00000-7f9144c00000 rw-p 00000000 00:00 0 
7f9144c05000-7f9144c08000 r--p 00000000 00:204 53859409458               /mnt/primary/conda-envs/semantic_uncertainty_export/lib/python3.11/site-packages/scipy/_lib/messagestream.cpython-311-x86_64-linux-gnu.so
7f9144c08000-7f9144c0d000 r-xp 00003000 00:204 53859409458               /mnt/primary/conda-envs/semantic_uncertainty_export/lib/python3.11/site-packages/scipy/_lib/messagestream.cpython-311-x86_64-linux-gnu.so
7f9144c0d000-7f9144c0f000 r--p 00008000 00:204 53859409458               /mnt/primary/conda-envs/semantic_uncertainty_export/lib/python3.11/site-packages/scipy/_lib/messagestream.cpython-311-x86_64-linux-gnu.so
7f9144c0f000-7f9144c10000 r--p 00009000 00:204 53859409458               /mnt/primary/conda-envs/semantic_uncertainty_export/lib/python3.11/site-packages/scipy/_lib/messagestream.cpython-311-x86_64-linux-gnu.so
7f9144c10000-7f9144c11000 rw-p 0000a000 00:204 53859409458               /mnt/primary/conda-envs/semantic_uncertainty_export/lib/python3.11/site-packages/scipy/_lib/messagestream.cpython-311-x86_64-linux-gnu.so
7f9144c11000-7f9144c13000 r--p 00000000 00:204 58046899227               /mnt/primary/conda-envs/semantic_uncertainty_export/lib/python3.11/site-packages/bottleneck/move.cpython-311-x86_64-linux-gnu.so
7f9144c13000-7f9144c23000 r-xp 00002000 00:204 58046899227               /mnt/primary/conda-envs/semantic_uncertainty_export/lib/python3.11/site-packages/bottleneck/move.cpython-311-x86_64-linux-gnu.so
7f9144c23000-7f9144c25000 r--p 00012000 00:204 58046899227               /mnt/primary/conda-envs/semantic_uncertainty_export/lib/python3.11/site-packages/bottleneck/move.cpython-311-x86_64-linux-gnu.so
7f9144c25000-7f9144c26000 r--p 00013000 00:204 58046899227               /mnt/primary/conda-envs/semantic_uncertainty_export/lib/python3.11/site-packages/bottleneck/move.cpython-311-x86_64-linux-gnu.so
7f9144c26000-7f9144c2a000 rw-p 00014000 00:204 58046899227               /mnt/primary/conda-envs/semantic_uncertainty_export/lib/python3.11/site-packages/bottleneck/move.cpython-311-x86_64-linux-gnu.so
7f9144c2a000-7f9144c31000 r--p 00000000 00:204 146028901909              /mnt/primary/conda-envs/semantic_uncertainty_export/lib/python3.11/site-packages/pandas/_libs/tslibs/tzconversion.cpython-311-x86_64-linux-gnu.so
7f9144c31000-7f9144c6a000 r-xp 00007000 00:204 146028901909              /mnt/primary/conda-envs/semantic_uncertainty_export/lib/python3.11/site-packages/pandas/_libs/tslibs/tzconversion.cpython-311-x86_64-linux-gnu.so
7f9144c6a000-7f9144c72000 r--p 00040000 00:204 146028901909              /mnt/primary/conda-envs/semantic_uncertainty_export/lib/python3.11/site-packages/pandas/_libs/tslibs/tzconversion.cpython-311-x86_64-linux-gnu.so
7f9144c72000-7f9144c73000 r--p 00047000 00:204 146028901909              /mnt/primary/conda-envs/semantic_uncertainty_export/lib/python3.11/site-packages/pandas/_libs/tslibs/tzconversion.cpython-311-x86_64-linux-gnu.so
7f9144c73000-7f9144c77000 rw-p 00048000 00:204 146028901909              /mnt/primary/conda-envs/semantic_uncertainty_export/lib/python3.11/site-packages/pandas/_libs/tslibs/tzconversion.cpython-311-x86_64-linux-gnu.so
7f9144c77000-7f9144c78000 rw-p 00000000 00:00 0 
7f9144c78000-7f9144e2c000 r--p 00000000 00:204 169691131415              /mnt/primary/conda-envs/semantic_uncertainty_export/lib/python3.11/site-packages/pyarrow/libparquet.so.2000
7f9144e2c000-7f914532d000 r-xp 001b4000 00:204 169691131415              /mnt/primary/conda-envs/semantic_uncertainty_export/lib/python3.11/site-packages/pyarrow/libparquet.so.2000
7f914532d000-7f914548e000 r--p 006b5000 00:204 169691131415              /mnt/primary/conda-envs/semantic_uncertainty_export/lib/python3.11/site-packages/pyarrow/libparquet.so.2000
7f914548e000-7f914550c000 r--p 00815000 00:204 169691131415              /mnt/primary/conda-envs/semantic_uncertainty_export/lib/python3.11/site-packages/pyarrow/libparquet.so.2000
7f914550c000-7f914551a000 rw-p 00893000 00:204 169691131415              /mnt/primary/conda-envs/semantic_uncertainty_export/lib/python3.11/site-packages/pyarrow/libparquet.so.2000
7f914551a000-7f914551d000 rw-p 00000000 00:00 0 
7f914551d000-7f9145591000 r--p 00000000 00:204 169691131414              /mnt/primary/conda-envs/semantic_uncertainty_export/lib/python3.11/site-packages/pyarrow/libarrow_substrait.so.2000
7f9145591000-7f91457cd000 r-xp 00074000 00:204 169691131414              /mnt/primary/conda-envs/semantic_uncertainty_export/lib/python3.11/site-packages/pyarrow/libarrow_substrait.so.2000
7f91457cd000-7f9145886000 r--p 002b0000 00:204 169691131414              /mnt/primary/conda-envs/semantic_uncertainty_export/lib/python3.11/site-packages/pyarrow/libarrow_substrait.so.2000
7f9145886000-7f9145887000 ---p 00369000 00:204 169691131414              /mnt/primary/conda-envs/semantic_uncertainty_export/lib/python3.11/site-packages/pyarrow/libarrow_substrait.so.2000
7f9145887000-7f9145899000 r--p 00369000 00:204 169691131414              /mnt/primary/conda-envs/semantic_uncertainty_export/lib/python3.11/site-packages/pyarrow/libarrow_substrait.so.2000
7f9145899000-7f914589e000 rw-p 0037b000 00:204 169691131414              /mnt/primary/conda-envs/semantic_uncertainty_export/lib/python3.11/site-packages/pyarrow/libarrow_substrait.so.2000
7f914589e000-7f91458a0000 rw-p 00000000 00:00 0 
7f91458a0000-7f91458ef000 r--p 00000000 00:204 70925084687               /mnt/primary/conda-envs/semantic_uncertainty_export/lib/libmkl_vml_def.so.2
7f91458ef000-7f9145de7000 r-xp 0004f000 00:204 70925084687               /mnt/primary/conda-envs/semantic_uncertainty_export/lib/libmkl_vml_def.so.2
7f9145de7000-7f9146098000 r--p 00547000 00:204 70925084687               /mnt/primary/conda-envs/semantic_uncertainty_export/lib/libmkl_vml_def.so.2
7f9146098000-7f9146099000 ---p 007f8000 00:204 70925084687               /mnt/primary/conda-envs/semantic_uncertainty_export/lib/libmkl_vml_def.so.2
7f9146099000-7f914609c000 r--p 007f8000 00:204 70925084687               /mnt/primary/conda-envs/semantic_uncertainty_export/lib/libmkl_vml_def.so.2
7f914609c000-7f91460b6000 rw-p 007fb000 00:204 70925084687               /mnt/primary/conda-envs/semantic_uncertainty_export/lib/libmkl_vml_def.so.2
7f91460b6000-7f91460b7000 rw-p 00000000 00:00 0 
7f91460b7000-7f91460d1000 rw-p 0085f000 00:204 70925084687               /mnt/primary/conda-envs/semantic_uncertainty_export/lib/libmkl_vml_def.so.2
7f91460d1000-7f9146302000 r--p 00000000 00:204 70924951610               /mnt/primary/conda-envs/semantic_uncertainty_export/lib/libmkl_intel_lp64.so.2
7f9146302000-7f9146e25000 r-xp 00231000 00:204 70924951610               /mnt/primary/conda-envs/semantic_uncertainty_export/lib/libmkl_intel_lp64.so.2
7f9146e25000-7f91472e3000 r--p 00d54000 00:204 70924951610               /mnt/primary/conda-envs/semantic_uncertainty_export/lib/libmkl_intel_lp64.so.2
7f91472e3000-7f91472e4000 ---p 01212000 00:204 70924951610               /mnt/primary/conda-envs/semantic_uncertainty_export/lib/libmkl_intel_lp64.so.2
7f91472e4000-7f91472e6000 r--p 01212000 00:204 70924951610               /mnt/primary/conda-envs/semantic_uncertainty_export/lib/libmkl_intel_lp64.so.2
7f91472e6000-7f9147304000 rw-p 01214000 00:204 70924951610               /mnt/primary/conda-envs/semantic_uncertainty_export/lib/libmkl_intel_lp64.so.2
7f9147304000-7f914730b000 rw-p 00000000 00:00 0 
7f914730b000-7f91473c1000 rw-p 0144c000 00:204 70924951610               /mnt/primary/conda-envs/semantic_uncertainty_export/lib/libmkl_intel_lp64.so.2
7f91473c1000-7f91476bd000 r--p 00000000 00:204 70925084674               /mnt/primary/conda-envs/semantic_uncertainty_export/lib/libmkl_rt.so.2
7f91476bd000-7f9147bdb000 r-xp 002fc000 00:204 70925084674               /mnt/primary/conda-envs/semantic_uncertainty_export/lib/libmkl_rt.so.2
7f9147bdb000-7f9147ea0000 r--p 0081a000 00:204 70925084674               /mnt/primary/conda-envs/semantic_uncertainty_export/lib/libmkl_rt.so.2
7f9147ea0000-7f9147ea6000 r--p 00ade000 00:204 70925084674               /mnt/primary/conda-envs/semantic_uncertainty_export/lib/libmkl_rt.so.2
7f9147ea6000-7f9147ea8000 rw-p 00ae4000 00:204 70925084674               /mnt/primary/conda-envs/semantic_uncertainty_export/lib/libmkl_rt.so.2
7f9147ea8000-7f9147ed0000 rw-p 00000000 00:00 0 
7f9147ed0000-7f9148000000 rw-p 00de7000 00:204 70925084674               /mnt/primary/conda-envs/semantic_uncertainty_export/lib/libmkl_rt.so.2
7f9148000000-7f9148021000 rw-p 00000000 00:00 0 
7f9148021000-7f914c000000 ---p 00000000 00:00 0 
7f914c004000-7f914c04f000 r--p 00000000 00:204 169691131396              /mnt/primary/conda-envs/semantic_uncertainty_export/lib/python3.11/site-packages/pyarrow/lib.cpython-311-x86_64-linux-gnu.so
7f914c04f000-7f914c2d0000 r-xp 0004b000 00:204 169691131396              /mnt/primary/conda-envs/semantic_uncertainty_export/lib/python3.11/site-packages/pyarrow/lib.cpython-311-x86_64-linux-gnu.so
7f914c2d0000-7f914c3c8000 r--p 002cc000 00:204 169691131396              /mnt/primary/conda-envs/semantic_uncertainty_export/lib/python3.11/site-packages/pyarrow/lib.cpython-311-x86_64-linux-gnu.so
7f914c3c8000-7f914c3ca000 r--p 003c3000 00:204 169691131396              /mnt/primary/conda-envs/semantic_uncertainty_export/lib/python3.11/site-packages/pyarrow/lib.cpython-311-x86_64-linux-gnu.so
7f914c3ca000-7f914c3f2000 rw-p 003c5000 00:204 169691131396              /mnt/primary/conda-envs/semantic_uncertainty_export/lib/python3.11/site-packages/pyarrow/lib.cpython-311-x86_64-linux-gnu.so
7f914c3f2000-7f914c400000 rw-p 00000000 00:00 0 
7f914c400000-7f914c401000 ---p 00000000 00:00 0 
7f914c401000-7f914cc01000 rw-p 00000000 00:00 0 
7f914cc01000-7f914cc03000 r--p 00000000 00:204 141832290834              /mnt/primary/conda-envs/semantic_uncertainty_export/lib/python3.11/site-packages/pandas/_libs/json.cpython-311-x86_64-linux-gnu.so
7f914cc03000-7f914cc0d000 r-xp 00002000 00:204 141832290834              /mnt/primary/conda-envs/semantic_uncertainty_export/lib/python3.11/site-packages/pandas/_libs/json.cpython-311-x86_64-linux-gnu.so
7f914cc0d000-7f914cc11000 r--p 0000c000 00:204 141832290834              /mnt/primary/conda-envs/semantic_uncertainty_export/lib/python3.11/site-packages/pandas/_libs/json.cpython-311-x86_64-linux-gnu.so
7f914cc11000-7f914cc12000 r--p 0000f000 00:204 141832290834              /mnt/primary/conda-envs/semantic_uncertainty_export/lib/python3.11/site-packages/pandas/_libs/json.cpython-311-x86_64-linux-gnu.so
7f914cc12000-7f914cc13000 rw-p 00010000 00:204 141832290834              /mnt/primary/conda-envs/semantic_uncertainty_export/lib/python3.11/site-packages/pandas/_libs/json.cpython-311-x86_64-linux-gnu.so
7f914cc13000-7f914cc1f000 r--p 00000000 00:204 146028901903              /mnt/primary/conda-envs/semantic_uncertainty_export/lib/python3.11/site-packages/pandas/_libs/tslibs/timedeltas.cpython-311-x86_64-linux-gnu.so
7f914cc1f000-7f914cc88000 r-xp 0000c000 00:204 146028901903              /mnt/primary/conda-envs/semantic_uncertainty_export/lib/python3.11/site-packages/pandas/_libs/tslibs/timedeltas.cpython-311-x86_64-linux-gnu.so
7f914cc88000-7f914cc9a000 r--p 00075000 00:204 146028901903              /mnt/primary/conda-envs/semantic_uncertainty_export/lib/python3.11/site-packages/pandas/_libs/tslibs/timedeltas.cpython-311-x86_64-linux-gnu.so
7f914cc9a000-7f914cc9b000 r--p 00086000 00:204 146028901903              /mnt/primary/conda-envs/semantic_uncertainty_export/lib/python3.11/site-packages/pandas/_libs/tslibs/timedeltas.cpython-311-x86_64-linux-gnu.so
7f914cc9b000-7f914cca5000 rw-p 00087000 00:204 146028901903              /mnt/primary/conda-envs/semantic_uncertainty_export/lib/python3.11/site-packages/pandas/_libs/tslibs/timedeltas.cpython-311-x86_64-linux-gnu.so
7f914cca5000-7f914cca6000 rw-p 00000000 00:00 0 
7f914cca6000-7f914ccb5000 r--p 00000000 00:204 141832290878              /mnt/primary/conda-envs/semantic_uncertainty_export/lib/python3.11/site-packages/pandas/_libs/interval.cpython-311-x86_64-linux-gnu.so
7f914ccb5000-7f914cdcf000 r-xp 0000f000 00:204 141832290878              /mnt/primary/conda-envs/semantic_uncertainty_export/lib/python3.11/site-packages/pandas/_libs/interval.cpython-311-x86_64-linux-gnu.so
7f914cdcf000-7f914cdf1000 r--p 00129000 00:204 141832290878              /mnt/primary/conda-envs/semantic_uncertainty_export/lib/python3.11/site-packages/pandas/_libs/interval.cpython-311-x86_64-linux-gnu.so
7f914cdf1000-7f914cdf2000 r--p 0014a000 00:204 141832290878              /mnt/primary/conda-envs/semantic_uncertainty_export/lib/python3.11/site-packages/pandas/_libs/interval.cpython-311-x86_64-linux-gnu.so
7f914cdf2000-7f914cdfe000 rw-p 0014b000 00:204 141832290878              /mnt/primary/conda-envs/semantic_uncertainty_export/lib/python3.11/site-packages/pandas/_libs/interval.cpython-311-x86_64-linux-gnu.so
7f914cdfe000-7f914ce00000 rw-p 00000000 00:00 0 
7f914d603000-7f914d606000 r--p 00000000 00:204 141832290854              /mnt/primary/conda-envs/semantic_uncertainty_export/lib/python3.11/site-packages/pandas/_libs/indexing.cpython-311-x86_64-linux-gnu.so
7f914d606000-7f914d60c000 r-xp 00003000 00:204 141832290854              /mnt/primary/conda-envs/semantic_uncertainty_export/lib/python3.11/site-packages/pandas/_libs/indexing.cpython-311-x86_64-linux-gnu.so
7f914d60c000-7f914d60e000 r--p 00009000 00:204 141832290854              /mnt/primary/conda-envs/semantic_uncertainty_export/lib/python3.11/site-packages/pandas/_libs/indexing.cpython-311-x86_64-linux-gnu.so
7f914d60e000-7f914d60f000 r--p 0000a000 00:204 141832290854              /mnt/primary/conda-envs/semantic_uncertainty_export/lib/python3.11/site-packages/pandas/_libs/indexing.cpython-311-x86_64-linux-gnu.so
7f914d60f000-7f914d610000 rw-p 0000b000 00:204 141832290854              /mnt/primary/conda-envs/semantic_uncertainty_export/lib/python3.11/site-packages/pandas/_libs/indexing.cpython-311-x86_64-linux-gnu.so
7f914d610000-7f914d618000 r--p 00000000 00:204 147963220530              /mnt/primary/conda-envs/semantic_uncertainty_export/lib/python3.11/site-packages/pandas/_libs/tslibs/fields.cpython-311-x86_64-linux-gnu.so
7f914d618000-7f914d651000 r-xp 00008000 00:204 147963220530              /mnt/primary/conda-envs/semantic_uncertainty_export/lib/python3.11/site-packages/pandas/_libs/tslibs/fields.cpython-311-x86_64-linux-gnu.so
7f914d651000-7f914d65a000 r--p 00041000 00:204 147963220530              /mnt/primary/conda-envs/semantic_uncertainty_export/lib/python3.11/site-packages/pandas/_libs/tslibs/fields.cpython-311-x86_64-linux-gnu.so
7f914d65a000-7f914d65b000 r--p 00049000 00:204 147963220530              /mnt/primary/conda-envs/semantic_uncertainty_export/lib/python3.11/site-packages/pandas/_libs/tslibs/fields.cpython-311-x86_64-linux-gnu.so
7f914d65b000-7f914d660000 rw-p 0004a000 00:204 147963220530              /mnt/primary/conda-envs/semantic_uncertainty_export/lib/python3.11/site-packages/pandas/_libs/tslibs/fields.cpython-311-x86_64-linux-gnu.so
7f914d660000-7f914d661000 rw-p 00000000 00:00 0 
7f914d661000-7f914d66f000 r--p 00000000 00:204 146028901892              /mnt/primary/conda-envs/semantic_uncertainty_export/lib/python3.11/site-packages/pandas/_libs/tslibs/timestamps.cpython-311-x86_64-linux-gnu.so
7f914d66f000-7f914d6d3000 r-xp 0000e000 00:204 146028901892              /mnt/primary/conda-envs/semantic_uncertainty_export/lib/python3.11/site-packages/pandas/_libs/tslibs/timestamps.cpython-311-x86_64-linux-gnu.so
7f914d6d3000-7f914d6ed000 r--p 00072000 00:204 146028901892              /mnt/primary/conda-envs/semantic_uncertainty_export/lib/python3.11/site-packages/pandas/_libs/tslibs/timestamps.cpython-311-x86_64-linux-gnu.so
7f914d6ed000-7f914d6ee000 r--p 0008b000 00:204 146028901892              /mnt/primary/conda-envs/semantic_uncertainty_export/lib/python3.11/site-packages/pandas/_libs/tslibs/timestamps.cpython-311-x86_64-linux-gnu.so
7f914d6ee000-7f914d6fe000 rw-p 0008c000 00:204 146028901892              /mnt/primary/conda-envs/semantic_uncertainty_export/lib/python3.11/site-packages/pandas/_libs/tslibs/timestamps.cpython-311-x86_64-linux-gnu.so
7f914d6fe000-7f914d800000 rw-p 00000000 00:00 0 
7f914e002000-7f914e003000 r--p 00000000 00:204 159264572988              /mnt/primary/conda-envs/semantic_uncertainty_export/lib/python3.11/site-packages/matplotlib/_c_internal_utils.cpython-311-x86_64-linux-gnu.so
7f914e003000-7f914e004000 r-xp 00001000 00:204 159264572988              /mnt/primary/conda-envs/semantic_uncertainty_export/lib/python3.11/site-packages/matplotlib/_c_internal_utils.cpython-311-x86_64-linux-gnu.so
7f914e004000-7f914e005000 r--p 00002000 00:204 159264572988              /mnt/primary/conda-envs/semantic_uncertainty_export/lib/python3.11/site-packages/matplotlib/_c_internal_utils.cpython-311-x86_64-linux-gnu.so
7f914e005000-7f914e006000 r--p 00002000 00:204 159264572988              /mnt/primary/conda-envs/semantic_uncertainty_export/lib/python3.11/site-packages/matplotlib/_c_internal_utils.cpython-311-x86_64-linux-gnu.so
7f914e006000-7f914e007000 rw-p 00003000 00:204 159264572988              /mnt/primary/conda-envs/semantic_uncertainty_export/lib/python3.11/site-packages/matplotlib/_c_internal_utils.cpython-311-x86_64-linux-gnu.so
7f914e007000-7f914e00d000 r--p 00000000 00:204 147963220527              /mnt/primary/conda-envs/semantic_uncertainty_export/lib/python3.11/site-packages/pandas/_libs/tslibs/vectorized.cpython-311-x86_64-linux-gnu.so
7f914e00d000-7f914e032000 r-xp 00006000 00:204 147963220527              /mnt/primary/conda-envs/semantic_uncertainty_export/lib/python3.11/site-packages/pandas/_libs/tslibs/vectorized.cpython-311-x86_64-linux-gnu.so
7f914e032000-7f914e039000 r--p 0002b000 00:204 147963220527              /mnt/primary/conda-envs/semantic_uncertainty_export/lib/python3.11/site-packages/pandas/_libs/tslibs/vectorized.cpython-311-x86_64-linux-gnu.so
7f914e039000-7f914e03a000 r--p 00031000 00:204 147963220527              /mnt/primary/conda-envs/semantic_uncertainty_export/lib/python3.11/site-packages/pandas/_libs/tslibs/vectorized.cpython-311-x86_64-linux-gnu.so
7f914e03a000-7f914e03d000 rw-p 00032000 00:204 147963220527              /mnt/primary/conda-envs/semantic_uncertainty_export/lib/python3.11/site-packages/pandas/_libs/tslibs/vectorized.cpython-311-x86_64-linux-gnu.so
7f914e03d000-7f914e03e000 rw-p 00000000 00:00 0 
7f914e03e000-7f914e045000 r--p 00000000 00:204 146028901911              /mnt/primary/conda-envs/semantic_uncertainty_export/lib/python3.11/site-packages/pandas/_libs/tslibs/timezones.cpython-311-x86_64-linux-gnu.so
7f914e045000-7f914e073000 r-xp 00007000 00:204 146028901911              /mnt/primary/conda-envs/semantic_uncertainty_export/lib/python3.11/site-packages/pandas/_libs/tslibs/timezones.cpython-311-x86_64-linux-gnu.so
7f914e073000-7f914e07b000 r--p 00035000 00:204 146028901911              /mnt/primary/conda-envs/semantic_uncertainty_export/lib/python3.11/site-packages/pandas/_libs/tslibs/timezones.cpython-311-x86_64-linux-gnu.so
7f914e07b000-7f914e07c000 r--p 0003c000 00:204 146028901911              /mnt/primary/conda-envs/semantic_uncertainty_export/lib/python3.11/site-packages/pandas/_libs/tslibs/timezones.cpython-311-x86_64-linux-gnu.so
7f914e07c000-7f914e080000 rw-p 0003d000 00:204 146028901911              /mnt/primary/conda-envs/semantic_uncertainty_export/lib/python3.11/site-packages/pandas/_libs/tslibs/timezones.cpython-311-x86_64-linux-gnu.so
7f914e080000-7f914e081000 rw-p 00000000 00:00 0 
7f914e081000-7f914e0d9000 r--p 00000000 00:204 169691131402              /mnt/primary/conda-envs/semantic_uncertainty_export/lib/python3.11/site-packages/pyarrow/libarrow_acero.so.2000
7f914e0d9000-7f914e1be000 r-xp 00058000 00:204 169691131402              /mnt/primary/conda-envs/semantic_uncertainty_export/lib/python3.11/site-packages/pyarrow/libarrow_acero.so.2000
7f914e1be000-7f914e1f7000 r--p 0013d000 00:204 169691131402              /mnt/primary/conda-envs/semantic_uncertainty_export/lib/python3.11/site-packages/pyarrow/libarrow_acero.so.2000
7f914e1f7000-7f914e1f8000 ---p 00176000 00:204 169691131402              /mnt/primary/conda-envs/semantic_uncertainty_export/lib/python3.11/site-packages/pyarrow/libarrow_acero.so.2000
7f914e1f8000-7f914e1fd000 r--p 00176000 00:204 169691131402              /mnt/primary/conda-envs/semantic_uncertainty_export/lib/python3.11/site-packages/pyarrow/libarrow_acero.so.2000
7f914e1fd000-7f914e200000 rw-p 0017b000 00:204 169691131402              /mnt/primary/conda-envs/semantic_uncertainty_export/lib/python3.11/site-packages/pyarrow/libarrow_acero.so.2000
7f914e200000-7f914e201000 ---p 00000000 00:00 0 
7f914e201000-7f914ea01000 rw-p 00000000 00:00 0 
7f914ea04000-7f914ea06000 r--p 00000000 00:204 45438459399               /mnt/primary/conda-envs/semantic_uncertainty_export/lib/python3.11/lib-dynload/mmap.cpython-311-x86_64-linux-gnu.so
7f914ea06000-7f914ea09000 r-xp 00002000 00:204 45438459399               /mnt/primary/conda-envs/semantic_uncertainty_export/lib/python3.11/lib-dynload/mmap.cpython-311-x86_64-linux-gnu.so
7f914ea09000-7f914ea0b000 r--p 00005000 00:204 45438459399               /mnt/primary/conda-envs/semantic_uncertainty_export/lib/python3.11/lib-dynload/mmap.cpython-311-x86_64-linux-gnu.so
7f914ea0b000-7f914ea0c000 r--p 00006000 00:204 45438459399               /mnt/primary/conda-envs/semantic_uncertainty_export/lib/python3.11/lib-dynload/mmap.cpython-311-x86_64-linux-gnu.so
7f914ea0c000-7f914ea0d000 rw-p 00007000 00:204 45438459399               /mnt/primary/conda-envs/semantic_uncertainty_export/lib/python3.11/lib-dynload/mmap.cpython-311-x86_64-linux-gnu.so
7f914ea0d000-7f914ea11000 r--p 00000000 00:204 105315288609              /mnt/primary/conda-envs/semantic_uncertainty_export/lib/python3.11/site-packages/numexpr/interpreter.cpython-311-x86_64-linux-gnu.so
7f914ea11000-7f914ea2d000 r-xp 00004000 00:204 105315288609              /mnt/primary/conda-envs/semantic_uncertainty_export/lib/python3.11/site-packages/numexpr/interpreter.cpython-311-x86_64-linux-gnu.so
7f914ea2d000-7f914ea30000 r--p 00020000 00:204 105315288609              /mnt/primary/conda-envs/semantic_uncertainty_export/lib/python3.11/site-packages/numexpr/interpreter.cpython-311-x86_64-linux-gnu.so
7f914ea30000-7f914ea31000 ---p 00023000 00:204 105315288609              /mnt/primary/conda-envs/semantic_uncertainty_export/lib/python3.11/site-packages/numexpr/interpreter.cpython-311-x86_64-linux-gnu.so
7f914ea31000-7f914ea32000 r--p 00023000 00:204 105315288609              /mnt/primary/conda-envs/semantic_uncertainty_export/lib/python3.11/site-packages/numexpr/interpreter.cpython-311-x86_64-linux-gnu.so
7f914ea32000-7f914ea33000 rw-p 00024000 00:204 105315288609              /mnt/primary/conda-envs/semantic_uncertainty_export/lib/python3.11/site-packages/numexpr/interpreter.cpython-311-x86_64-linux-gnu.so
7f914ea33000-7f914eadc000 r--p 00000000 00:204 169691131403              /mnt/primary/conda-envs/semantic_uncertainty_export/lib/python3.11/site-packages/pyarrow/libarrow_dataset.so.2000
7f914eadc000-7f914ebaf000 r-xp 000a9000 00:204 169691131403              /mnt/primary/conda-envs/semantic_uncertainty_export/lib/python3.11/site-packages/pyarrow/libarrow_dataset.so.2000
7f914ebaf000-7f914ebf4000 r--p 0017c000 00:204 169691131403              /mnt/primary/conda-envs/semantic_uncertainty_export/lib/python3.11/site-packages/pyarrow/libarrow_dataset.so.2000
7f914ebf4000-7f914ebf5000 ---p 001c1000 00:204 169691131403              /mnt/primary/conda-envs/semantic_uncertainty_export/lib/python3.11/site-packages/pyarrow/libarrow_dataset.so.2000
7f914ebf5000-7f914ebfd000 r--p 001c1000 00:204 169691131403              /mnt/primary/conda-envs/semantic_uncertainty_export/lib/python3.11/site-packages/pyarrow/libarrow_dataset.so.2000
7f914ebfd000-7f914ebff000 rw-p 001c9000 00:204 169691131403              /mnt/primary/conda-envs/semantic_uncertainty_export/lib/python3.11/site-packages/pyarrow/libarrow_dataset.so.2000
7f914ebff000-7f914ec00000 rw-p 00000000 00:00 0 
7f914ec00000-7f914ec01000 ---p 00000000 00:00 0 
7f914ec01000-7f914f401000 rw-p 00000000 00:00 0 
7f914f401000-7f914f403000 r--p 00000000 00:204 109564600855              /mnt/primary/conda-envs/semantic_uncertainty_export/lib/python3.11/site-packages/scipy/optimize/_highs/_highs_constants.cpython-311-x86_64-linux-gnu.so
7f914f403000-7f914f405000 r-xp 00002000 00:204 109564600855              /mnt/primary/conda-envs/semantic_uncertainty_export/lib/python3.11/site-packages/scipy/optimize/_highs/_highs_constants.cpython-311-x86_64-linux-gnu.so
7f914f405000-7f914f406000 r--p 00004000 00:204 109564600855              /mnt/primary/conda-envs/semantic_uncertainty_export/lib/python3.11/site-packages/scipy/optimize/_highs/_highs_constants.cpython-311-x86_64-linux-gnu.so
7f914f406000-7f914f407000 r--p 00004000 00:204 109564600855              /mnt/primary/conda-envs/semantic_uncertainty_export/lib/python3.11/site-packages/scipy/optimize/_highs/_highs_constants.cpython-311-x86_64-linux-gnu.so
7f914f407000-7f914f408000 rw-p 00005000 00:204 109564600855              /mnt/primary/conda-envs/semantic_uncertainty_export/lib/python3.11/site-packages/scipy/optimize/_highs/_highs_constants.cpython-311-x86_64-linux-gnu.so
7f914f408000-7f914f495000 r--p 00000000 00:204 169691131406              /mnt/primary/conda-envs/semantic_uncertainty_export/lib/python3.11/site-packages/pyarrow/libarrow_python.so.2000
7f914f495000-7f914f5ad000 r-xp 0008d000 00:204 169691131406              /mnt/primary/conda-envs/semantic_uncertainty_export/lib/python3.11/site-packages/pyarrow/libarrow_python.so.2000
7f914f5ad000-7f914f5f1000 r--p 001a5000 00:204 169691131406              /mnt/primary/conda-envs/semantic_uncertainty_export/lib/python3.11/site-packages/pyarrow/libarrow_python.so.2000
7f914f5f1000-7f914f5fd000 r--p 001e8000 00:204 169691131406              /mnt/primary/conda-envs/semantic_uncertainty_export/lib/python3.11/site-packages/pyarrow/libarrow_python.so.2000
7f914f5fd000-7f914f600000 rw-p 001f4000 00:204 169691131406              /mnt/primary/conda-envs/semantic_uncertainty_export/lib/python3.11/site-packages/pyarrow/libarrow_python.so.2000
7f914fe02000-7f914fe03000 r--p 00000000 00:204 98787428908               /mnt/primary/conda-envs/semantic_uncertainty_export/lib/python3.11/site-packages/scipy/optimize/_zeros.cpython-311-x86_64-linux-gnu.so
7f914fe03000-7f914fe05000 r-xp 00001000 00:204 98787428908               /mnt/primary/conda-envs/semantic_uncertainty_export/lib/python3.11/site-packages/scipy/optimize/_zeros.cpython-311-x86_64-linux-gnu.so
7f914fe05000-7f914fe06000 r--p 00003000 00:204 98787428908               /mnt/primary/conda-envs/semantic_uncertainty_export/lib/python3.11/site-packages/scipy/optimize/_zeros.cpython-311-x86_64-linux-gnu.so
7f914fe06000-7f914fe07000 r--p 00003000 00:204 98787428908               /mnt/primary/conda-envs/semantic_uncertainty_export/lib/python3.11/site-packages/scipy/optimize/_zeros.cpython-311-x86_64-linux-gnu.so
7f914fe07000-7f914fe08000 rw-p 00004000 00:204 98787428908               /mnt/primary/conda-envs/semantic_uncertainty_export/lib/python3.11/site-packages/scipy/optimize/_zeros.cpython-311-x86_64-linux-gnu.so
7f914fe08000-7f914fe19000 r--p 00000000 00:204 147963220524              /mnt/primary/conda-envs/semantic_uncertainty_export/lib/python3.11/site-packages/pandas/_libs/tslibs/offsets.cpython-311-x86_64-linux-gnu.so
7f914fe19000-7f914fecd000 r-xp 00011000 00:204 147963220524              /mnt/primary/conda-envs/semantic_uncertainty_export/lib/python3.11/site-packages/pandas/_libs/tslibs/offsets.cpython-311-x86_64-linux-gnu.so
7f914fecd000-7f914feea000 r--p 000c5000 00:204 147963220524              /mnt/primary/conda-envs/semantic_uncertainty_export/lib/python3.11/site-packages/pandas/_libs/tslibs/offsets.cpython-311-x86_64-linux-gnu.so
7f914feea000-7f914feeb000 r--p 000e1000 00:204 147963220524              /mnt/primary/conda-envs/semantic_uncertainty_export/lib/python3.11/site-packages/pandas/_libs/tslibs/offsets.cpython-311-x86_64-linux-gnu.so
7f914feeb000-7f914fefd000 rw-p 000e2000 00:204 147963220524              /mnt/primary/conda-envs/semantic_uncertainty_export/lib/python3.11/site-packages/pandas/_libs/tslibs/offsets.cpython-311-x86_64-linux-gnu.so
7f914fefd000-7f9150000000 rw-p 00000000 00:00 0 
7f9150000000-7f9150085000 rw-p 00000000 00:00 0 
7f9150085000-7f9154000000 ---p 00000000 00:00 0 
7f9154001000-7f9154003000 r--p 00000000 00:204 58046899229               /mnt/primary/conda-envs/semantic_uncertainty_export/lib/python3.11/site-packages/bottleneck/nonreduce_axis.cpython-311-x86_64-linux-gnu.so
7f9154003000-7f9154009000 r-xp 00002000 00:204 58046899229               /mnt/primary/conda-envs/semantic_uncertainty_export/lib/python3.11/site-packages/bottleneck/nonreduce_axis.cpython-311-x86_64-linux-gnu.so
7f9154009000-7f915400a000 r--p 00008000 00:204 58046899229               /mnt/primary/conda-envs/semantic_uncertainty_export/lib/python3.11/site-packages/bottleneck/nonreduce_axis.cpython-311-x86_64-linux-gnu.so
7f915400a000-7f915400b000 r--p 00008000 00:204 58046899229               /mnt/primary/conda-envs/semantic_uncertainty_export/lib/python3.11/site-packages/bottleneck/nonreduce_axis.cpython-311-x86_64-linux-gnu.so
7f915400b000-7f915400d000 rw-p 00009000 00:204 58046899229               /mnt/primary/conda-envs/semantic_uncertainty_export/lib/python3.11/site-packages/bottleneck/nonreduce_axis.cpython-311-x86_64-linux-gnu.so
7f915400d000-7f915400e000 r--p 00000000 00:204 58046899228               /mnt/primary/conda-envs/semantic_uncertainty_export/lib/python3.11/site-packages/bottleneck/nonreduce.cpython-311-x86_64-linux-gnu.so
7f915400e000-7f9154010000 r-xp 00001000 00:204 58046899228               /mnt/primary/conda-envs/semantic_uncertainty_export/lib/python3.11/site-packages/bottleneck/nonreduce.cpython-311-x86_64-linux-gnu.so
7f9154010000-7f9154011000 r--p 00003000 00:204 58046899228               /mnt/primary/conda-envs/semantic_uncertainty_export/lib/python3.11/site-packages/bottleneck/nonreduce.cpython-311-x86_64-linux-gnu.so
7f9154011000-7f9154012000 r--p 00003000 00:204 58046899228               /mnt/primary/conda-envs/semantic_uncertainty_export/lib/python3.11/site-packages/bottleneck/nonreduce.cpython-311-x86_64-linux-gnu.so
7f9154012000-7f9154013000 rw-p 00004000 00:204 58046899228               /mnt/primary/conda-envs/semantic_uncertainty_export/lib/python3.11/site-packages/bottleneck/nonreduce.cpython-311-x86_64-linux-gnu.so
7f9154013000-7f9154017000 r--p 00000000 00:204 141832290862              /mnt/primary/conda-envs/semantic_uncertainty_export/lib/python3.11/site-packages/pandas/_libs/ops_dispatch.cpython-311-x86_64-linux-gnu.so
7f9154017000-7f915401e000 r-xp 00004000 00:204 141832290862              /mnt/primary/conda-envs/semantic_uncertainty_export/lib/python3.11/site-packages/pandas/_libs/ops_dispatch.cpython-311-x86_64-linux-gnu.so
7f915401e000-7f9154020000 r--p 0000b000 00:204 141832290862              /mnt/primary/conda-envs/semantic_uncertainty_export/lib/python3.11/site-packages/pandas/_libs/ops_dispatch.cpython-311-x86_64-linux-gnu.so
7f9154020000-7f9154021000 r--p 0000c000 00:204 141832290862              /mnt/primary/conda-envs/semantic_uncertainty_export/lib/python3.11/site-packages/pandas/_libs/ops_dispatch.cpython-311-x86_64-linux-gnu.so
7f9154021000-7f9154023000 rw-p 0000d000 00:204 141832290862              /mnt/primary/conda-envs/semantic_uncertainty_export/lib/python3.11/site-packages/pandas/_libs/ops_dispatch.cpython-311-x86_64-linux-gnu.so
7f9154023000-7f9154026000 r--p 00000000 00:204 141832290869              /mnt/primary/conda-envs/semantic_uncertainty_export/lib/python3.11/site-packages/pandas/_libs/properties.cpython-311-x86_64-linux-gnu.so
7f9154026000-7f915402f000 r-xp 00003000 00:204 141832290869              /mnt/primary/conda-envs/semantic_uncertainty_export/lib/python3.11/site-packages/pandas/_libs/properties.cpython-311-x86_64-linux-gnu.so
7f915402f000-7f9154031000 r--p 0000c000 00:204 141832290869              /mnt/primary/conda-envs/semantic_uncertainty_export/lib/python3.11/site-packages/pandas/_libs/properties.cpython-311-x86_64-linux-gnu.so
7f9154031000-7f9154032000 r--p 0000d000 00:204 141832290869              /mnt/primary/conda-envs/semantic_uncertainty_export/lib/python3.11/site-packages/pandas/_libs/properties.cpython-311-x86_64-linux-gnu.so
7f9154032000-7f9154034000 rw-p 0000e000 00:204 141832290869              /mnt/primary/conda-envs/semantic_uncertainty_export/lib/python3.11/site-packages/pandas/_libs/properties.cpython-311-x86_64-linux-gnu.so
7f9154034000-7f915403c000 r--p 00000000 00:204 146028901904              /mnt/primary/conda-envs/semantic_uncertainty_export/lib/python3.11/site-packages/pandas/_libs/tslibs/nattype.cpython-311-x86_64-linux-gnu.so
7f915403c000-7f915405a000 r-xp 00008000 00:204 146028901904              /mnt/primary/conda-envs/semantic_uncertainty_export/lib/python3.11/site-packages/pandas/_libs/tslibs/nattype.cpython-311-x86_64-linux-gnu.so
7f915405a000-7f9154066000 r--p 00026000 00:204 146028901904              /mnt/primary/conda-envs/semantic_uncertainty_export/lib/python3.11/site-packages/pandas/_libs/tslibs/nattype.cpython-311-x86_64-linux-gnu.so
7f9154066000-7f9154067000 ---p 00032000 00:204 146028901904              /mnt/primary/conda-envs/semantic_uncertainty_export/lib/python3.11/site-packages/pandas/_libs/tslibs/nattype.cpython-311-x86_64-linux-gnu.so
7f9154067000-7f9154068000 r--p 00032000 00:204 146028901904              /mnt/primary/conda-envs/semantic_uncertainty_export/lib/python3.11/site-packages/pandas/_libs/tslibs/nattype.cpython-311-x86_64-linux-gnu.so
7f9154068000-7f915406d000 rw-p 00033000 00:204 146028901904              /mnt/primary/conda-envs/semantic_uncertainty_export/lib/python3.11/site-packages/pandas/_libs/tslibs/nattype.cpython-311-x86_64-linux-gnu.so
7f915406d000-7f915406e000 rw-p 00000000 00:00 0 
7f915406e000-7f9154076000 r--p 00000000 00:204 171102352957              /mnt/primary/conda-envs/semantic_uncertainty_export/lib/python3.11/site-packages/numpy/random/_generator.cpython-311-x86_64-linux-gnu.so
7f9154076000-7f91540e9000 r-xp 00008000 00:204 171102352957              /mnt/primary/conda-envs/semantic_uncertainty_export/lib/python3.11/site-packages/numpy/random/_generator.cpython-311-x86_64-linux-gnu.so
7f91540e9000-7f915413d000 r--p 0007b000 00:204 171102352957              /mnt/primary/conda-envs/semantic_uncertainty_export/lib/python3.11/site-packages/numpy/random/_generator.cpython-311-x86_64-linux-gnu.so
7f915413d000-7f915413e000 r--p 000ce000 00:204 171102352957              /mnt/primary/conda-envs/semantic_uncertainty_export/lib/python3.11/site-packages/numpy/random/_generator.cpython-311-x86_64-linux-gnu.so
7f915413e000-7f9154140000 rw-p 000cf000 00:204 171102352957              /mnt/primary/conda-envs/semantic_uncertainty_export/lib/python3.11/site-packages/numpy/random/_generator.cpython-311-x86_64-linux-gnu.so
7f9154140000-7f9154242000 rw-p 00000000 00:00 0 
7f9154242000-7f915426e000 r--p 00000000 00:204 163251150893              /mnt/primary/conda-envs/semantic_uncertainty_export/lib/python3.11/site-packages/numpy/core/_multiarray_umath.cpython-311-x86_64-linux-gnu.so
7f915426e000-7f915465c000 r-xp 0002c000 00:204 163251150893              /mnt/primary/conda-envs/semantic_uncertainty_export/lib/python3.11/site-packages/numpy/core/_multiarray_umath.cpython-311-x86_64-linux-gnu.so
7f915465c000-7f91547b9000 r--p 0041a000 00:204 163251150893              /mnt/primary/conda-envs/semantic_uncertainty_export/lib/python3.11/site-packages/numpy/core/_multiarray_umath.cpython-311-x86_64-linux-gnu.so
7f91547b9000-7f91547ba000 ---p 00577000 00:204 163251150893              /mnt/primary/conda-envs/semantic_uncertainty_export/lib/python3.11/site-packages/numpy/core/_multiarray_umath.cpython-311-x86_64-linux-gnu.so
7f91547ba000-7f91547be000 r--p 00577000 00:204 163251150893              /mnt/primary/conda-envs/semantic_uncertainty_export/lib/python3.11/site-packages/numpy/core/_multiarray_umath.cpython-311-x86_64-linux-gnu.so
7f91547be000-7f91547e0000 rw-p 0057b000 00:204 163251150893              /mnt/primary/conda-envs/semantic_uncertainty_export/lib/python3.11/site-packages/numpy/core/_multiarray_umath.cpython-311-x86_64-linux-gnu.so
7f91547e0000-7f9154800000 rw-p 00000000 00:00 0 
7f9155001000-7f9155002000 r--p 00000000 00:204 45438356018               /mnt/primary/conda-envs/semantic_uncertainty_export/lib/python3.11/lib-dynload/_statistics.cpython-311-x86_64-linux-gnu.so
7f9155002000-7f9155003000 r-xp 00001000 00:204 45438356018               /mnt/primary/conda-envs/semantic_uncertainty_export/lib/python3.11/lib-dynload/_statistics.cpython-311-x86_64-linux-gnu.so
7f9155003000-7f9155004000 r--p 00002000 00:204 45438356018               /mnt/primary/conda-envs/semantic_uncertainty_export/lib/python3.11/lib-dynload/_statistics.cpython-311-x86_64-linux-gnu.so
7f9155004000-7f9155005000 r--p 00002000 00:204 45438356018               /mnt/primary/conda-envs/semantic_uncertainty_export/lib/python3.11/lib-dynload/_statistics.cpython-311-x86_64-linux-gnu.so
7f9155005000-7f9155006000 rw-p 00003000 00:204 45438356018               /mnt/primary/conda-envs/semantic_uncertainty_export/lib/python3.11/lib-dynload/_statistics.cpython-311-x86_64-linux-gnu.so
7f9155006000-7f9155009000 r--p 00000000 00:204 146028901906              /mnt/primary/conda-envs/semantic_uncertainty_export/lib/python3.11/site-packages/pandas/_libs/tslibs/ccalendar.cpython-311-x86_64-linux-gnu.so
7f9155009000-7f9155014000 r-xp 00003000 00:204 146028901906              /mnt/primary/conda-envs/semantic_uncertainty_export/lib/python3.11/site-packages/pandas/_libs/tslibs/ccalendar.cpython-311-x86_64-linux-gnu.so
7f9155014000-7f9155016000 r--p 0000e000 00:204 146028901906              /mnt/primary/conda-envs/semantic_uncertainty_export/lib/python3.11/site-packages/pandas/_libs/tslibs/ccalendar.cpython-311-x86_64-linux-gnu.so
7f9155016000-7f9155017000 r--p 0000f000 00:204 146028901906              /mnt/primary/conda-envs/semantic_uncertainty_export/lib/python3.11/site-packages/pandas/_libs/tslibs/ccalendar.cpython-311-x86_64-linux-gnu.so
7f9155017000-7f9155019000 rw-p 00010000 00:204 146028901906              /mnt/primary/conda-envs/semantic_uncertainty_export/lib/python3.11/site-packages/pandas/_libs/tslibs/ccalendar.cpython-311-x86_64-linux-gnu.so
7f9155019000-7f915501b000 r--p 00000000 00:204 45438459397               /mnt/primary/conda-envs/semantic_uncertainty_export/lib/python3.11/lib-dynload/grp.cpython-311-x86_64-linux-gnu.so
7f915501b000-7f915501c000 r-xp 00002000 00:204 45438459397               /mnt/primary/conda-envs/semantic_uncertainty_export/lib/python3.11/lib-dynload/grp.cpython-311-x86_64-linux-gnu.so
7f915501c000-7f915501d000 r--p 00003000 00:204 45438459397               /mnt/primary/conda-envs/semantic_uncertainty_export/lib/python3.11/lib-dynload/grp.cpython-311-x86_64-linux-gnu.so
7f915501d000-7f915501e000 r--p 00003000 00:204 45438459397               /mnt/primary/conda-envs/semantic_uncertainty_export/lib/python3.11/lib-dynload/grp.cpython-311-x86_64-linux-gnu.so
7f915501e000-7f915501f000 rw-p 00004000 00:204 45438459397               /mnt/primary/conda-envs/semantic_uncertainty_export/lib/python3.11/lib-dynload/grp.cpython-311-x86_64-linux-gnu.so
7f915501f000-7f9155021000 r--p 00000000 00:204 45438356031               /mnt/primary/conda-envs/semantic_uncertainty_export/lib/python3.11/lib-dynload/_zoneinfo.cpython-311-x86_64-linux-gnu.so
7f9155021000-7f9155026000 r-xp 00002000 00:204 45438356031               /mnt/primary/conda-envs/semantic_uncertainty_export/lib/python3.11/lib-dynload/_zoneinfo.cpython-311-x86_64-linux-gnu.so
7f9155026000-7f9155027000 r--p 00007000 00:204 45438356031               /mnt/primary/conda-envs/semantic_uncertainty_export/lib/python3.11/lib-dynload/_zoneinfo.cpython-311-x86_64-linux-gnu.so
7f9155027000-7f9155028000 ---p 00008000 00:204 45438356031               /mnt/primary/conda-envs/semantic_uncertainty_export/lib/python3.11/lib-dynload/_zoneinfo.cpython-311-x86_64-linux-gnu.so
7f9155028000-7f9155029000 r--p 00008000 00:204 45438356031               /mnt/primary/conda-envs/semantic_uncertainty_export/lib/python3.11/lib-dynload/_zoneinfo.cpython-311-x86_64-linux-gnu.so
7f9155029000-7f915502a000 rw-p 00009000 00:204 45438356031               /mnt/primary/conda-envs/semantic_uncertainty_export/lib/python3.11/lib-dynload/_zoneinfo.cpython-311-x86_64-linux-gnu.so
7f915502c000-7f915502d000 r--p 00000000 00:204 18670668801               /mnt/primary/conda-envs/semantic_uncertainty_export/lib/python3.11/site-packages/markupsafe/_speedups.cpython-311-x86_64-linux-gnu.so
7f915502d000-7f915502e000 r-xp 00001000 00:204 18670668801               /mnt/primary/conda-envs/semantic_uncertainty_export/lib/python3.11/site-packages/markupsafe/_speedups.cpython-311-x86_64-linux-gnu.so
7f915502e000-7f915502f000 r--p 00002000 00:204 18670668801               /mnt/primary/conda-envs/semantic_uncertainty_export/lib/python3.11/site-packages/markupsafe/_speedups.cpython-311-x86_64-linux-gnu.so
7f915502f000-7f9155030000 r--p 00002000 00:204 18670668801               /mnt/primary/conda-envs/semantic_uncertainty_export/lib/python3.11/site-packages/markupsafe/_speedups.cpython-311-x86_64-linux-gnu.so
7f9155030000-7f9155031000 rw-p 00003000 00:204 18670668801               /mnt/primary/conda-envs/semantic_uncertainty_export/lib/python3.11/site-packages/markupsafe/_speedups.cpython-311-x86_64-linux-gnu.so
7f9155031000-7f9155032000 r--p 00000000 00:204 135391191608              /mnt/primary/conda-envs/semantic_uncertainty_export/lib/python3.11/site-packages/torch/_C.cpython-311-x86_64-linux-gnu.so
7f9155032000-7f9155033000 r-xp 00001000 00:204 135391191608              /mnt/primary/conda-envs/semantic_uncertainty_export/lib/python3.11/site-packages/torch/_C.cpython-311-x86_64-linux-gnu.so
7f9155033000-7f9155034000 r--p 00002000 00:204 135391191608              /mnt/primary/conda-envs/semantic_uncertainty_export/lib/python3.11/site-packages/torch/_C.cpython-311-x86_64-linux-gnu.so
7f9155034000-7f9155035000 r--p 00002000 00:204 135391191608              /mnt/primary/conda-envs/semantic_uncertainty_export/lib/python3.11/site-packages/torch/_C.cpython-311-x86_64-linux-gnu.so
7f9155035000-7f9155036000 rw-p 00003000 00:204 135391191608              /mnt/primary/conda-envs/semantic_uncertainty_export/lib/python3.11/site-packages/torch/_C.cpython-311-x86_64-linux-gnu.so
7f9155036000-7f9155037000 r--p 00000000 00:204 81779481649               /mnt/primary/conda-envs/semantic_uncertainty_export/lib/python3.11/site-packages/torch/lib/libtorch_global_deps.so
7f9155037000-7f9155038000 r-xp 00001000 00:204 81779481649               /mnt/primary/conda-envs/semantic_uncertainty_export/lib/python3.11/site-packages/torch/lib/libtorch_global_deps.so
7f9155038000-7f9155039000 r--p 00002000 00:204 81779481649               /mnt/primary/conda-envs/semantic_uncertainty_export/lib/python3.11/site-packages/torch/lib/libtorch_global_deps.so
7f9155039000-7f915503a000 r--p 00002000 00:204 81779481649               /mnt/primary/conda-envs/semantic_uncertainty_export/lib/python3.11/site-packages/torch/lib/libtorch_global_deps.so
7f915503a000-7f915503b000 rw-p 00003000 00:204 81779481649               /mnt/primary/conda-envs/semantic_uncertainty_export/lib/python3.11/site-packages/torch/lib/libtorch_global_deps.so
7f915503b000-7f915503d000 r--p 00000000 00:204 120262025725              /mnt/primary/conda-envs/semantic_uncertainty_export/lib/python3.11/site-packages/sklearn/utils/_sorting.cpython-311-x86_64-linux-gnu.so
7f915503d000-7f915503f000 r-xp 00002000 00:204 120262025725              /mnt/primary/conda-envs/semantic_uncertainty_export/lib/python3.11/site-packages/sklearn/utils/_sorting.cpython-311-x86_64-linux-gnu.so
7f915503f000-7f9155040000 r--p 00004000 00:204 120262025725              /mnt/primary/conda-envs/semantic_uncertainty_export/lib/python3.11/site-packages/sklearn/utils/_sorting.cpython-311-x86_64-linux-gnu.so
7f9155040000-7f9155041000 r--p 00004000 00:204 120262025725              /mnt/primary/conda-envs/semantic_uncertainty_export/lib/python3.11/site-packages/sklearn/utils/_sorting.cpython-311-x86_64-linux-gnu.so
7f9155041000-7f9155042000 rw-p 00005000 00:204 120262025725              /mnt/primary/conda-envs/semantic_uncertainty_export/lib/python3.11/site-packages/sklearn/utils/_sorting.cpython-311-x86_64-linux-gnu.so
7f9155042000-7f9155044000 rw-p 00007000 00:204 120262025725              /mnt/primary/conda-envs/semantic_uncertainty_export/lib/python3.11/site-packages/sklearn/utils/_sorting.cpython-311-x86_64-linux-gnu.so
7f9155044000-7f9155046000 r--p 00000000 00:204 120262026763              /mnt/primary/conda-envs/semantic_uncertainty_export/lib/python3.11/site-packages/sklearn/utils/_heap.cpython-311-x86_64-linux-gnu.so
7f9155046000-7f9155048000 r-xp 00002000 00:204 120262026763              /mnt/primary/conda-envs/semantic_uncertainty_export/lib/python3.11/site-packages/sklearn/utils/_heap.cpython-311-x86_64-linux-gnu.so
7f9155048000-7f9155049000 r--p 00004000 00:204 120262026763              /mnt/primary/conda-envs/semantic_uncertainty_export/lib/python3.11/site-packages/sklearn/utils/_heap.cpython-311-x86_64-linux-gnu.so
7f9155049000-7f915504a000 r--p 00004000 00:204 120262026763              /mnt/primary/conda-envs/semantic_uncertainty_export/lib/python3.11/site-packages/sklearn/utils/_heap.cpython-311-x86_64-linux-gnu.so
7f915504a000-7f915504b000 rw-p 00005000 00:204 120262026763              /mnt/primary/conda-envs/semantic_uncertainty_export/lib/python3.11/site-packages/sklearn/utils/_heap.cpython-311-x86_64-linux-gnu.so
7f915504b000-7f915504d000 rw-p 00007000 00:204 120262026763              /mnt/primary/conda-envs/semantic_uncertainty_export/lib/python3.11/site-packages/sklearn/utils/_heap.cpython-311-x86_64-linux-gnu.so
7f915504d000-7f9155053000 r--p 00000000 00:204 88099477524               /mnt/primary/conda-envs/semantic_uncertainty_export/lib/python3.11/site-packages/sklearn/metrics/cluster/_expected_mutual_info_fast.cpython-311-x86_64-linux-gnu.so
7f9155053000-7f915506f000 r-xp 00006000 00:204 88099477524               /mnt/primary/conda-envs/semantic_uncertainty_export/lib/python3.11/site-packages/sklearn/metrics/cluster/_expected_mutual_info_fast.cpython-311-x86_64-linux-gnu.so
7f915506f000-7f9155075000 r--p 00022000 00:204 88099477524               /mnt/primary/conda-envs/semantic_uncertainty_export/lib/python3.11/site-packages/sklearn/metrics/cluster/_expected_mutual_info_fast.cpython-311-x86_64-linux-gnu.so
7f9155075000-7f9155076000 r--p 00027000 00:204 88099477524               /mnt/primary/conda-envs/semantic_uncertainty_export/lib/python3.11/site-packages/sklearn/metrics/cluster/_expected_mutual_info_fast.cpython-311-x86_64-linux-gnu.so
7f9155076000-7f9155079000 rw-p 00028000 00:204 88099477524               /mnt/primary/conda-envs/semantic_uncertainty_export/lib/python3.11/site-packages/sklearn/metrics/cluster/_expected_mutual_info_fast.cpython-311-x86_64-linux-gnu.so
7f9155079000-7f915507a000 rw-p 00000000 00:00 0 
7f915507a000-7f915507d000 rw-p 00034000 00:204 88099477524               /mnt/primary/conda-envs/semantic_uncertainty_export/lib/python3.11/site-packages/sklearn/metrics/cluster/_expected_mutual_info_fast.cpython-311-x86_64-linux-gnu.so
7f915507d000-7f9155080000 r--p 00000000 00:204 120262026791              /mnt/primary/conda-envs/semantic_uncertainty_export/lib/python3.11/site-packages/sklearn/utils/_openmp_helpers.cpython-311-x86_64-linux-gnu.so
7f9155080000-7f9155084000 r-xp 00003000 00:204 120262026791              /mnt/primary/conda-envs/semantic_uncertainty_export/lib/python3.11/site-packages/sklearn/utils/_openmp_helpers.cpython-311-x86_64-linux-gnu.so
7f9155084000-7f9155085000 r--p 00007000 00:204 120262026791              /mnt/primary/conda-envs/semantic_uncertainty_export/lib/python3.11/site-packages/sklearn/utils/_openmp_helpers.cpython-311-x86_64-linux-gnu.so
7f9155085000-7f9155086000 r--p 00007000 00:204 120262026791              /mnt/primary/conda-envs/semantic_uncertainty_export/lib/python3.11/site-packages/sklearn/utils/_openmp_helpers.cpython-311-x86_64-linux-gnu.so
7f9155086000-7f9155087000 rw-p 00008000 00:204 120262026791              /mnt/primary/conda-envs/semantic_uncertainty_export/lib/python3.11/site-packages/sklearn/utils/_openmp_helpers.cpython-311-x86_64-linux-gnu.so
7f9155087000-7f915508a000 rw-p 0000c000 00:204 120262026791              /mnt/primary/conda-envs/semantic_uncertainty_export/lib/python3.11/site-packages/sklearn/utils/_openmp_helpers.cpython-311-x86_64-linux-gnu.so
7f915508a000-7f9155090000 r--p 00000000 00:204 120262026757              /mnt/primary/conda-envs/semantic_uncertainty_export/lib/python3.11/site-packages/sklearn/utils/murmurhash.cpython-311-x86_64-linux-gnu.so
7f9155090000-7f91550ac000 r-xp 00006000 00:204 120262026757              /mnt/primary/conda-envs/semantic_uncertainty_export/lib/python3.11/site-packages/sklearn/utils/murmurhash.cpython-311-x86_64-linux-gnu.so
7f91550ac000-7f91550b3000 r--p 00022000 00:204 120262026757              /mnt/primary/conda-envs/semantic_uncertainty_export/lib/python3.11/site-packages/sklearn/utils/murmurhash.cpython-311-x86_64-linux-gnu.so
7f91550b3000-7f91550b4000 r--p 00028000 00:204 120262026757              /mnt/primary/conda-envs/semantic_uncertainty_export/lib/python3.11/site-packages/sklearn/utils/murmurhash.cpython-311-x86_64-linux-gnu.so
7f91550b4000-7f91550b7000 rw-p 00029000 00:204 120262026757              /mnt/primary/conda-envs/semantic_uncertainty_export/lib/python3.11/site-packages/sklearn/utils/murmurhash.cpython-311-x86_64-linux-gnu.so
7f91550b7000-7f91550b8000 rw-p 00000000 00:00 0 
7f91550b8000-7f91550bc000 rw-p 00035000 00:204 120262026757              /mnt/primary/conda-envs/semantic_uncertainty_export/lib/python3.11/site-packages/sklearn/utils/murmurhash.cpython-311-x86_64-linux-gnu.so
7f91550bc000-7f91550c3000 r--p 00000000 00:204 120262026761              /mnt/primary/conda-envs/semantic_uncertainty_export/lib/python3.11/site-packages/sklearn/utils/_isfinite.cpython-311-x86_64-linux-gnu.so
7f91550c3000-7f91550e1000 r-xp 00007000 00:204 120262026761              /mnt/primary/conda-envs/semantic_uncertainty_export/lib/python3.11/site-packages/sklearn/utils/_isfinite.cpython-311-x86_64-linux-gnu.so
7f91550e1000-7f91550e8000 r--p 00025000 00:204 120262026761              /mnt/primary/conda-envs/semantic_uncertainty_export/lib/python3.11/site-packages/sklearn/utils/_isfinite.cpython-311-x86_64-linux-gnu.so
7f91550e8000-7f91550e9000 ---p 0002c000 00:204 120262026761              /mnt/primary/conda-envs/semantic_uncertainty_export/lib/python3.11/site-packages/sklearn/utils/_isfinite.cpython-311-x86_64-linux-gnu.so
7f91550e9000-7f91550ea000 r--p 0002c000 00:204 120262026761              /mnt/primary/conda-envs/semantic_uncertainty_export/lib/python3.11/site-packages/sklearn/utils/_isfinite.cpython-311-x86_64-linux-gnu.so
7f91550ea000-7f91550ee000 rw-p 0002d000 00:204 120262026761              /mnt/primary/conda-envs/semantic_uncertainty_export/lib/python3.11/site-packages/sklearn/utils/_isfinite.cpython-311-x86_64-linux-gnu.so
7f91550ee000-7f91550f1000 rw-p 0003b000 00:204 120262026761              /mnt/primary/conda-envs/semantic_uncertainty_export/lib/python3.11/site-packages/sklearn/utils/_isfinite.cpython-311-x86_64-linux-gnu.so
7f91550f1000-7f91550f3000 r--p 00000000 00:204 45438356004               /mnt/primary/conda-envs/semantic_uncertainty_export/lib/python3.11/lib-dynload/_multiprocessing.cpython-311-x86_64-linux-gnu.so
7f91550f3000-7f91550f4000 r-xp 00002000 00:204 45438356004               /mnt/primary/conda-envs/semantic_uncertainty_export/lib/python3.11/lib-dynload/_multiprocessing.cpython-311-x86_64-linux-gnu.so
7f91550f4000-7f91550f5000 r--p 00003000 00:204 45438356004               /mnt/primary/conda-envs/semantic_uncertainty_export/lib/python3.11/lib-dynload/_multiprocessing.cpython-311-x86_64-linux-gnu.so
7f91550f5000-7f91550f6000 r--p 00003000 00:204 45438356004               /mnt/primary/conda-envs/semantic_uncertainty_export/lib/python3.11/lib-dynload/_multiprocessing.cpython-311-x86_64-linux-gnu.so
7f91550f6000-7f91550f7000 rw-p 00004000 00:204 45438356004               /mnt/primary/conda-envs/semantic_uncertainty_export/lib/python3.11/lib-dynload/_multiprocessing.cpython-311-x86_64-linux-gnu.so
7f91550f7000-7f91550f9000 r--p 00000000 00:204 24813113                  /mnt/primary/conda-envs/semantic_uncertainty_export/lib/python3.11/site-packages/sklearn/__check_build/_check_build.cpython-311-x86_64-linux-gnu.so
7f91550f9000-7f91550fb000 r-xp 00002000 00:204 24813113                  /mnt/primary/conda-envs/semantic_uncertainty_export/lib/python3.11/site-packages/sklearn/__check_build/_check_build.cpython-311-x86_64-linux-gnu.so
7f91550fb000-7f91550fc000 r--p 00004000 00:204 24813113                  /mnt/primary/conda-envs/semantic_uncertainty_export/lib/python3.11/site-packages/sklearn/__check_build/_check_build.cpython-311-x86_64-linux-gnu.so
7f91550fc000-7f91550fd000 r--p 00004000 00:204 24813113                  /mnt/primary/conda-envs/semantic_uncertainty_export/lib/python3.11/site-packages/sklearn/__check_build/_check_build.cpython-311-x86_64-linux-gnu.so
7f91550fd000-7f91550fe000 rw-p 00005000 00:204 24813113                  /mnt/primary/conda-envs/semantic_uncertainty_export/lib/python3.11/site-packages/sklearn/__check_build/_check_build.cpython-311-x86_64-linux-gnu.so
7f91550fe000-7f9155100000 rw-p 00008000 00:204 24813113                  /mnt/primary/conda-envs/semantic_uncertainty_export/lib/python3.11/site-packages/sklearn/__check_build/_check_build.cpython-311-x86_64-linux-gnu.so
7f9155100000-7f9155200000 rw-p 00000000 00:00 0 
7f9155a01000-7f9155a02000 ---p 00000000 00:00 0 
7f9155a02000-7f9155a03000 r--p 00000000 00:00 0 
7f9155a03000-7f9155a06000 r--p 00000000 00:204 146028901897              /mnt/primary/conda-envs/semantic_uncertainty_export/lib/python3.11/site-packages/pandas/_libs/tslibs/base.cpython-311-x86_64-linux-gnu.so
7f9155a06000-7f9155a0b000 r-xp 00003000 00:204 146028901897              /mnt/primary/conda-envs/semantic_uncertainty_export/lib/python3.11/site-packages/pandas/_libs/tslibs/base.cpython-311-x86_64-linux-gnu.so
7f9155a0b000-7f9155a0d000 r--p 00008000 00:204 146028901897              /mnt/primary/conda-envs/semantic_uncertainty_export/lib/python3.11/site-packages/pandas/_libs/tslibs/base.cpython-311-x86_64-linux-gnu.so
7f9155a0d000-7f9155a0e000 r--p 00009000 00:204 146028901897              /mnt/primary/conda-envs/semantic_uncertainty_export/lib/python3.11/site-packages/pandas/_libs/tslibs/base.cpython-311-x86_64-linux-gnu.so
7f9155a0e000-7f9155a0f000 rw-p 0000a000 00:204 146028901897              /mnt/primary/conda-envs/semantic_uncertainty_export/lib/python3.11/site-packages/pandas/_libs/tslibs/base.cpython-311-x86_64-linux-gnu.so
7f9155a0f000-7f9155a16000 r--p 00000000 00:204 146028901893              /mnt/primary/conda-envs/semantic_uncertainty_export/lib/python3.11/site-packages/pandas/_libs/tslibs/conversion.cpython-311-x86_64-linux-gnu.so
7f9155a16000-7f9155a40000 r-xp 00007000 00:204 146028901893              /mnt/primary/conda-envs/semantic_uncertainty_export/lib/python3.11/site-packages/pandas/_libs/tslibs/conversion.cpython-311-x86_64-linux-gnu.so
7f9155a40000-7f9155a47000 r--p 00031000 00:204 146028901893              /mnt/primary/conda-envs/semantic_uncertainty_export/lib/python3.11/site-packages/pandas/_libs/tslibs/conversion.cpython-311-x86_64-linux-gnu.so
7f9155a47000-7f9155a48000 ---p 00038000 00:204 146028901893              /mnt/primary/conda-envs/semantic_uncertainty_export/lib/python3.11/site-packages/pandas/_libs/tslibs/conversion.cpython-311-x86_64-linux-gnu.so
7f9155a48000-7f9155a49000 r--p 00038000 00:204 146028901893              /mnt/primary/conda-envs/semantic_uncertainty_export/lib/python3.11/site-packages/pandas/_libs/tslibs/conversion.cpython-311-x86_64-linux-gnu.so
7f9155a49000-7f9155a4d000 rw-p 00039000 00:204 146028901893              /mnt/primary/conda-envs/semantic_uncertainty_export/lib/python3.11/site-packages/pandas/_libs/tslibs/conversion.cpython-311-x86_64-linux-gnu.so
7f9155a4d000-7f9155a51000 r--p 00000000 00:204 146028901910              /mnt/primary/conda-envs/semantic_uncertainty_export/lib/python3.11/site-packages/pandas/_libs/tslibs/np_datetime.cpython-311-x86_64-linux-gnu.so
7f9155a51000-7f9155a64000 r-xp 00004000 00:204 146028901910              /mnt/primary/conda-envs/semantic_uncertainty_export/lib/python3.11/site-packages/pandas/_libs/tslibs/np_datetime.cpython-311-x86_64-linux-gnu.so
7f9155a64000-7f9155a68000 r--p 00017000 00:204 146028901910              /mnt/primary/conda-envs/semantic_uncertainty_export/lib/python3.11/site-packages/pandas/_libs/tslibs/np_datetime.cpython-311-x86_64-linux-gnu.so
7f9155a68000-7f9155a69000 r--p 0001a000 00:204 146028901910              /mnt/primary/conda-envs/semantic_uncertainty_export/lib/python3.11/site-packages/pandas/_libs/tslibs/np_datetime.cpython-311-x86_64-linux-gnu.so
7f9155a69000-7f9155a6b000 rw-p 0001b000 00:204 146028901910              /mnt/primary/conda-envs/semantic_uncertainty_export/lib/python3.11/site-packages/pandas/_libs/tslibs/np_datetime.cpython-311-x86_64-linux-gnu.so
7f9155a6b000-7f9155a71000 r--p 00000000 00:204 146028901907              /mnt/primary/conda-envs/semantic_uncertainty_export/lib/python3.11/site-packages/pandas/_libs/tslibs/dtypes.cpython-311-x86_64-linux-gnu.so
7f9155a71000-7f9155a89000 r-xp 00006000 00:204 146028901907              /mnt/primary/conda-envs/semantic_uncertainty_export/lib/python3.11/site-packages/pandas/_libs/tslibs/dtypes.cpython-311-x86_64-linux-gnu.so
7f9155a89000-7f9155a8e000 r--p 0001e000 00:204 146028901907              /mnt/primary/conda-envs/semantic_uncertainty_export/lib/python3.11/site-packages/pandas/_libs/tslibs/dtypes.cpython-311-x86_64-linux-gnu.so
7f9155a8e000-7f9155a8f000 r--p 00022000 00:204 146028901907              /mnt/primary/conda-envs/semantic_uncertainty_export/lib/python3.11/site-packages/pandas/_libs/tslibs/dtypes.cpython-311-x86_64-linux-gnu.so
7f9155a8f000-7f9155a93000 rw-p 00023000 00:204 146028901907              /mnt/primary/conda-envs/semantic_uncertainty_export/lib/python3.11/site-packages/pandas/_libs/tslibs/dtypes.cpython-311-x86_64-linux-gnu.so
7f9155a93000-7f9155a9a000 r--p 00000000 00:204 141832290848              /mnt/primary/conda-envs/semantic_uncertainty_export/lib/python3.11/site-packages/pandas/_libs/missing.cpython-311-x86_64-linux-gnu.so
7f9155a9a000-7f9155aba000 r-xp 00007000 00:204 141832290848              /mnt/primary/conda-envs/semantic_uncertainty_export/lib/python3.11/site-packages/pandas/_libs/missing.cpython-311-x86_64-linux-gnu.so
7f9155aba000-7f9155ac0000 r--p 00027000 00:204 141832290848              /mnt/primary/conda-envs/semantic_uncertainty_export/lib/python3.11/site-packages/pandas/_libs/missing.cpython-311-x86_64-linux-gnu.so
7f9155ac0000-7f9155ac1000 r--p 0002c000 00:204 141832290848              /mnt/primary/conda-envs/semantic_uncertainty_export/lib/python3.11/site-packages/pandas/_libs/missing.cpython-311-x86_64-linux-gnu.so
7f9155ac1000-7f9155ac5000 rw-p 0002d000 00:204 141832290848              /mnt/primary/conda-envs/semantic_uncertainty_export/lib/python3.11/site-packages/pandas/_libs/missing.cpython-311-x86_64-linux-gnu.so
7f9155ac5000-7f9155ac6000 rw-p 00000000 00:00 0 
7f9155ac6000-7f9155ac8000 r--p 00000000 00:204 141832290876              /mnt/primary/conda-envs/semantic_uncertainty_export/lib/python3.11/site-packages/pandas/_libs/pandas_parser.cpython-311-x86_64-linux-gnu.so
7f9155ac8000-7f9155ace000 r-xp 00002000 00:204 141832290876              /mnt/primary/conda-envs/semantic_uncertainty_export/lib/python3.11/site-packages/pandas/_libs/pandas_parser.cpython-311-x86_64-linux-gnu.so
7f9155ace000-7f9155ad0000 r--p 00008000 00:204 141832290876              /mnt/primary/conda-envs/semantic_uncertainty_export/lib/python3.11/site-packages/pandas/_libs/pandas_parser.cpython-311-x86_64-linux-gnu.so
7f9155ad0000-7f9155ad1000 r--p 00009000 00:204 141832290876              /mnt/primary/conda-envs/semantic_uncertainty_export/lib/python3.11/site-packages/pandas/_libs/pandas_parser.cpython-311-x86_64-linux-gnu.so
7f9155ad1000-7f9155ad2000 rw-p 0000a000 00:204 141832290876              /mnt/primary/conda-envs/semantic_uncertainty_export/lib/python3.11/site-packages/pandas/_libs/pandas_parser.cpython-311-x86_64-linux-gnu.so
7f9155ad2000-7f9155ad5000 r--p 00000000 00:204 171102376449              /mnt/primary/conda-envs/semantic_uncertainty_export/lib/python3.11/site-packages/numpy/random/_pcg64.cpython-311-x86_64-linux-gnu.so
7f9155ad5000-7f9155ae4000 r-xp 00003000 00:204 171102376449              /mnt/primary/conda-envs/semantic_uncertainty_export/lib/python3.11/site-packages/numpy/random/_pcg64.cpython-311-x86_64-linux-gnu.so
7f9155ae4000-7f9155ae9000 r--p 00012000 00:204 171102376449              /mnt/primary/conda-envs/semantic_uncertainty_export/lib/python3.11/site-packages/numpy/random/_pcg64.cpython-311-x86_64-linux-gnu.so
7f9155ae9000-7f9155aea000 ---p 00017000 00:204 171102376449              /mnt/primary/conda-envs/semantic_uncertainty_export/lib/python3.11/site-packages/numpy/random/_pcg64.cpython-311-x86_64-linux-gnu.so
7f9155aea000-7f9155aeb000 r--p 00017000 00:204 171102376449              /mnt/primary/conda-envs/semantic_uncertainty_export/lib/python3.11/site-packages/numpy/random/_pcg64.cpython-311-x86_64-linux-gnu.so
7f9155aeb000-7f9155aec000 rw-p 00018000 00:204 171102376449              /mnt/primary/conda-envs/semantic_uncertainty_export/lib/python3.11/site-packages/numpy/random/_pcg64.cpython-311-x86_64-linux-gnu.so
7f9155aec000-7f9155aef000 r--p 00000000 00:204 171102376451              /mnt/primary/conda-envs/semantic_uncertainty_export/lib/python3.11/site-packages/numpy/random/_philox.cpython-311-x86_64-linux-gnu.so
7f9155aef000-7f9155af9000 r-xp 00003000 00:204 171102376451              /mnt/primary/conda-envs/semantic_uncertainty_export/lib/python3.11/site-packages/numpy/random/_philox.cpython-311-x86_64-linux-gnu.so
7f9155af9000-7f9155afd000 r--p 0000d000 00:204 171102376451              /mnt/primary/conda-envs/semantic_uncertainty_export/lib/python3.11/site-packages/numpy/random/_philox.cpython-311-x86_64-linux-gnu.so
7f9155afd000-7f9155afe000 ---p 00011000 00:204 171102376451              /mnt/primary/conda-envs/semantic_uncertainty_export/lib/python3.11/site-packages/numpy/random/_philox.cpython-311-x86_64-linux-gnu.so
7f9155afe000-7f9155aff000 r--p 00011000 00:204 171102376451              /mnt/primary/conda-envs/semantic_uncertainty_export/lib/python3.11/site-packages/numpy/random/_philox.cpython-311-x86_64-linux-gnu.so
7f9155aff000-7f9155b00000 rw-p 00012000 00:204 171102376451              /mnt/primary/conda-envs/semantic_uncertainty_export/lib/python3.11/site-packages/numpy/random/_philox.cpython-311-x86_64-linux-gnu.so
7f9155b00000-7f9155c00000 rw-p 00000000 00:00 0 
7f9156302000-7f9156306000 ---p 00000000 00:00 0 
7f9156306000-7f9156402000 rw-p 00000000 00:00 0 
7f9156402000-7f9156403000 r--p 00000000 00:204 141832290861              /mnt/primary/conda-envs/semantic_uncertainty_export/lib/python3.11/site-packages/pandas/_libs/pandas_datetime.cpython-311-x86_64-linux-gnu.so
7f9156403000-7f9156408000 r-xp 00001000 00:204 141832290861              /mnt/primary/conda-envs/semantic_uncertainty_export/lib/python3.11/site-packages/pandas/_libs/pandas_datetime.cpython-311-x86_64-linux-gnu.so
7f9156408000-7f9156409000 r--p 00006000 00:204 141832290861              /mnt/primary/conda-envs/semantic_uncertainty_export/lib/python3.11/site-packages/pandas/_libs/pandas_datetime.cpython-311-x86_64-linux-gnu.so
7f9156409000-7f915640a000 r--p 00006000 00:204 141832290861              /mnt/primary/conda-envs/semantic_uncertainty_export/lib/python3.11/site-packages/pandas/_libs/pandas_datetime.cpython-311-x86_64-linux-gnu.so
7f915640a000-7f915640b000 rw-p 00007000 00:204 141832290861              /mnt/primary/conda-envs/semantic_uncertainty_export/lib/python3.11/site-packages/pandas/_libs/pandas_datetime.cpython-311-x86_64-linux-gnu.so
7f915640b000-7f9156410000 r--p 00000000 00:204 171102352953              /mnt/primary/conda-envs/semantic_uncertainty_export/lib/python3.11/site-packages/numpy/random/_bounded_integers.cpython-311-x86_64-linux-gnu.so
7f9156410000-7f915644f000 r-xp 00005000 00:204 171102352953              /mnt/primary/conda-envs/semantic_uncertainty_export/lib/python3.11/site-packages/numpy/random/_bounded_integers.cpython-311-x86_64-linux-gnu.so
7f915644f000-7f9156458000 r--p 00044000 00:204 171102352953              /mnt/primary/conda-envs/semantic_uncertainty_export/lib/python3.11/site-packages/numpy/random/_bounded_integers.cpython-311-x86_64-linux-gnu.so
7f9156458000-7f9156459000 r--p 0004c000 00:204 171102352953              /mnt/primary/conda-envs/semantic_uncertainty_export/lib/python3.11/site-packages/numpy/random/_bounded_integers.cpython-311-x86_64-linux-gnu.so
7f9156459000-7f915645a000 rw-p 0004d000 00:204 171102352953              /mnt/primary/conda-envs/semantic_uncertainty_export/lib/python3.11/site-packages/numpy/random/_bounded_integers.cpython-311-x86_64-linux-gnu.so
7f915645a000-7f915645b000 rw-p 00000000 00:00 0 
7f915645b000-7f9156460000 r--p 00000000 00:204 171102376460              /mnt/primary/conda-envs/semantic_uncertainty_export/lib/python3.11/site-packages/numpy/random/mtrand.cpython-311-x86_64-linux-gnu.so
7f9156460000-7f91564ac000 r-xp 00005000 00:204 171102376460              /mnt/primary/conda-envs/semantic_uncertainty_export/lib/python3.11/site-packages/numpy/random/mtrand.cpython-311-x86_64-linux-gnu.so
7f91564ac000-7f91564fc000 r--p 00051000 00:204 171102376460              /mnt/primary/conda-envs/semantic_uncertainty_export/lib/python3.11/site-packages/numpy/random/mtrand.cpython-311-x86_64-linux-gnu.so
7f91564fc000-7f91564fd000 r--p 000a0000 00:204 171102376460              /mnt/primary/conda-envs/semantic_uncertainty_export/lib/python3.11/site-packages/numpy/random/mtrand.cpython-311-x86_64-linux-gnu.so
7f91564fd000-7f91564fe000 rw-p 000a1000 00:204 171102376460              /mnt/primary/conda-envs/semantic_uncertainty_export/lib/python3.11/site-packages/numpy/random/mtrand.cpython-311-x86_64-linux-gnu.so
7f91564fe000-7f9156600000 rw-p 00000000 00:00 0 
7f9156600000-7f9156601000 ---p 00000000 00:00 0 
7f9156601000-7f9156e01000 rw-p 00000000 00:00 0 
7f9156e01000-7f9156e04000 r--p 00000000 00:204 171102376454              /mnt/primary/conda-envs/semantic_uncertainty_export/lib/python3.11/site-packages/numpy/random/_sfc64.cpython-311-x86_64-linux-gnu.so
7f9156e04000-7f9156e0b000 r-xp 00003000 00:204 171102376454              /mnt/primary/conda-envs/semantic_uncertainty_export/lib/python3.11/site-packages/numpy/random/_sfc64.cpython-311-x86_64-linux-gnu.so
7f9156e0b000-7f9156e0e000 r--p 0000a000 00:204 171102376454              /mnt/primary/conda-envs/semantic_uncertainty_export/lib/python3.11/site-packages/numpy/random/_sfc64.cpython-311-x86_64-linux-gnu.so
7f9156e0e000-7f9156e0f000 r--p 0000c000 00:204 171102376454              /mnt/primary/conda-envs/semantic_uncertainty_export/lib/python3.11/site-packages/numpy/random/_sfc64.cpython-311-x86_64-linux-gnu.so
7f9156e0f000-7f9156e10000 rw-p 0000d000 00:204 171102376454              /mnt/primary/conda-envs/semantic_uncertainty_export/lib/python3.11/site-packages/numpy/random/_sfc64.cpython-311-x86_64-linux-gnu.so
7f9156e10000-7f9156e13000 r--p 00000000 00:204 171102352959              /mnt/primary/conda-envs/semantic_uncertainty_export/lib/python3.11/site-packages/numpy/random/_mt19937.cpython-311-x86_64-linux-gnu.so
7f9156e13000-7f9156e20000 r-xp 00003000 00:204 171102352959              /mnt/primary/conda-envs/semantic_uncertainty_export/lib/python3.11/site-packages/numpy/random/_mt19937.cpython-311-x86_64-linux-gnu.so
7f9156e20000-7f9156e25000 r--p 00010000 00:204 171102352959              /mnt/primary/conda-envs/semantic_uncertainty_export/lib/python3.11/site-packages/numpy/random/_mt19937.cpython-311-x86_64-linux-gnu.so
7f9156e25000-7f9156e26000 r--p 00014000 00:204 171102352959              /mnt/primary/conda-envs/semantic_uncertainty_export/lib/python3.11/site-packages/numpy/random/_mt19937.cpython-311-x86_64-linux-gnu.so
7f9156e26000-7f9156e27000 rw-p 00015000 00:204 171102352959              /mnt/primary/conda-envs/semantic_uncertainty_export/lib/python3.11/site-packages/numpy/random/_mt19937.cpython-311-x86_64-linux-gnu.so
7f9156e27000-7f9156e2b000 r--p 00000000 00:204 171102352955              /mnt/primary/conda-envs/semantic_uncertainty_export/lib/python3.11/site-packages/numpy/random/_common.cpython-311-x86_64-linux-gnu.so
7f9156e2b000-7f9156e56000 r-xp 00004000 00:204 171102352955              /mnt/primary/conda-envs/semantic_uncertainty_export/lib/python3.11/site-packages/numpy/random/_common.cpython-311-x86_64-linux-gnu.so
7f9156e56000-7f9156e5a000 r--p 0002f000 00:204 171102352955              /mnt/primary/conda-envs/semantic_uncertainty_export/lib/python3.11/site-packages/numpy/random/_common.cpython-311-x86_64-linux-gnu.so
7f9156e5a000-7f9156e5b000 ---p 00033000 00:204 171102352955              /mnt/primary/conda-envs/semantic_uncertainty_export/lib/python3.11/site-packages/numpy/random/_common.cpython-311-x86_64-linux-gnu.so
7f9156e5b000-7f9156e5c000 r--p 00033000 00:204 171102352955              /mnt/primary/conda-envs/semantic_uncertainty_export/lib/python3.11/site-packages/numpy/random/_common.cpython-311-x86_64-linux-gnu.so
7f9156e5c000-7f9156e5d000 rw-p 00034000 00:204 171102352955              /mnt/primary/conda-envs/semantic_uncertainty_export/lib/python3.11/site-packages/numpy/random/_common.cpython-311-x86_64-linux-gnu.so
7f9156e5d000-7f9156e5e000 rw-p 00000000 00:00 0 
7f9156e5e000-7f9156e63000 r--p 00000000 00:204 171102376456              /mnt/primary/conda-envs/semantic_uncertainty_export/lib/python3.11/site-packages/numpy/random/bit_generator.cpython-311-x86_64-linux-gnu.so
7f9156e63000-7f9156e81000 r-xp 00005000 00:204 171102376456              /mnt/primary/conda-envs/semantic_uncertainty_export/lib/python3.11/site-packages/numpy/random/bit_generator.cpython-311-x86_64-linux-gnu.so
7f9156e81000-7f9156e8b000 r--p 00023000 00:204 171102376456              /mnt/primary/conda-envs/semantic_uncertainty_export/lib/python3.11/site-packages/numpy/random/bit_generator.cpython-311-x86_64-linux-gnu.so
7f9156e8b000-7f9156e8c000 r--p 0002c000 00:204 171102376456              /mnt/primary/conda-envs/semantic_uncertainty_export/lib/python3.11/site-packages/numpy/random/bit_generator.cpython-311-x86_64-linux-gnu.so
7f9156e8c000-7f9156e8e000 rw-p 0002d000 00:204 171102376456              /mnt/primary/conda-envs/semantic_uncertainty_export/lib/python3.11/site-packages/numpy/random/bit_generator.cpython-311-x86_64-linux-gnu.so
7f9156e8e000-7f9156e8f000 r--p 00000000 00:204 116697732662              /mnt/primary/conda-envs/semantic_uncertainty_export/lib/python3.11/site-packages/numpy/fft/_pocketfft_internal.cpython-311-x86_64-linux-gnu.so
7f9156e8f000-7f9156e9e000 r-xp 00001000 00:204 116697732662              /mnt/primary/conda-envs/semantic_uncertainty_export/lib/python3.11/site-packages/numpy/fft/_pocketfft_internal.cpython-311-x86_64-linux-gnu.so
7f9156e9e000-7f9156ea0000 r--p 00010000 00:204 116697732662              /mnt/primary/conda-envs/semantic_uncertainty_export/lib/python3.11/site-packages/numpy/fft/_pocketfft_internal.cpython-311-x86_64-linux-gnu.so
7f9156ea0000-7f9156ea1000 r--p 00011000 00:204 116697732662              /mnt/primary/conda-envs/semantic_uncertainty_export/lib/python3.11/site-packages/numpy/fft/_pocketfft_internal.cpython-311-x86_64-linux-gnu.so
7f9156ea1000-7f9156ea2000 rw-p 00012000 00:204 116697732662              /mnt/primary/conda-envs/semantic_uncertainty_export/lib/python3.11/site-packages/numpy/fft/_pocketfft_internal.cpython-311-x86_64-linux-gnu.so
7f9156ea2000-7f9156ea9000 r--p 00000000 00:204 135391188019              /mnt/primary/conda-envs/semantic_uncertainty_export/lib/python3.11/site-packages/numpy/linalg/_umath_linalg.cpython-311-x86_64-linux-gnu.so
7f9156ea9000-7f9156ec3000 r-xp 00007000 00:204 135391188019              /mnt/primary/conda-envs/semantic_uncertainty_export/lib/python3.11/site-packages/numpy/linalg/_umath_linalg.cpython-311-x86_64-linux-gnu.so
7f9156ec3000-7f9156ec8000 r--p 00021000 00:204 135391188019              /mnt/primary/conda-envs/semantic_uncertainty_export/lib/python3.11/site-packages/numpy/linalg/_umath_linalg.cpython-311-x86_64-linux-gnu.so
7f9156ec8000-7f9156ec9000 r--p 00025000 00:204 135391188019              /mnt/primary/conda-envs/semantic_uncertainty_export/lib/python3.11/site-packages/numpy/linalg/_umath_linalg.cpython-311-x86_64-linux-gnu.so
7f9156ec9000-7f9156eca000 rw-p 00026000 00:204 135391188019              /mnt/primary/conda-envs/semantic_uncertainty_export/lib/python3.11/site-packages/numpy/linalg/_umath_linalg.cpython-311-x86_64-linux-gnu.so
7f9156eca000-7f9156ed2000 r--p 00000000 00:204 163251150892              /mnt/primary/conda-envs/semantic_uncertainty_export/lib/python3.11/site-packages/numpy/core/_multiarray_tests.cpython-311-x86_64-linux-gnu.so
7f9156ed2000-7f9156ee1000 r-xp 00008000 00:204 163251150892              /mnt/primary/conda-envs/semantic_uncertainty_export/lib/python3.11/site-packages/numpy/core/_multiarray_tests.cpython-311-x86_64-linux-gnu.so
7f9156ee1000-7f9156ee6000 r--p 00017000 00:204 163251150892              /mnt/primary/conda-envs/semantic_uncertainty_export/lib/python3.11/site-packages/numpy/core/_multiarray_tests.cpython-311-x86_64-linux-gnu.so
7f9156ee6000-7f9156ee7000 ---p 0001c000 00:204 163251150892              /mnt/primary/conda-envs/semantic_uncertainty_export/lib/python3.11/site-packages/numpy/core/_multiarray_tests.cpython-311-x86_64-linux-gnu.so
7f9156ee7000-7f9156ee8000 r--p 0001c000 00:204 163251150892              /mnt/primary/conda-envs/semantic_uncertainty_export/lib/python3.11/site-packages/numpy/core/_multiarray_tests.cpython-311-x86_64-linux-gnu.so
7f9156ee8000-7f9156ee9000 rw-p 0001d000 00:204 163251150892              /mnt/primary/conda-envs/semantic_uncertainty_export/lib/python3.11/site-packages/numpy/core/_multiarray_tests.cpython-311-x86_64-linux-gnu.so
7f9156ee9000-7f9156eef000 r--p 00000000 00:204 21511827990               /mnt/primary/conda-envs/semantic_uncertainty_export/lib/python3.11/site-packages/mkl/_py_mkl_service.cpython-311-x86_64-linux-gnu.so
7f9156eef000-7f9156efe000 r-xp 00006000 00:204 21511827990               /mnt/primary/conda-envs/semantic_uncertainty_export/lib/python3.11/site-packages/mkl/_py_mkl_service.cpython-311-x86_64-linux-gnu.so
7f9156efe000-7f9156f01000 r--p 00015000 00:204 21511827990               /mnt/primary/conda-envs/semantic_uncertainty_export/lib/python3.11/site-packages/mkl/_py_mkl_service.cpython-311-x86_64-linux-gnu.so
7f9156f01000-7f9156f02000 ---p 00018000 00:204 21511827990               /mnt/primary/conda-envs/semantic_uncertainty_export/lib/python3.11/site-packages/mkl/_py_mkl_service.cpython-311-x86_64-linux-gnu.so
7f9156f02000-7f9156f03000 r--p 00018000 00:204 21511827990               /mnt/primary/conda-envs/semantic_uncertainty_export/lib/python3.11/site-packages/mkl/_py_mkl_service.cpython-311-x86_64-linux-gnu.so
7f9156f03000-7f9156f07000 rw-p 00019000 00:204 21511827990               /mnt/primary/conda-envs/semantic_uncertainty_export/lib/python3.11/site-packages/mkl/_py_mkl_service.cpython-311-x86_64-linux-gnu.so
7f9156f07000-7f9156f28000 r--p 00000000 00:204 70923272721               /mnt/primary/conda-envs/semantic_uncertainty_export/lib/libomp.so
7f9156f28000-7f9156fc4000 r-xp 00021000 00:204 70923272721               /mnt/primary/conda-envs/semantic_uncertainty_export/lib/libomp.so
7f9156fc4000-7f9156fee000 r--p 000bd000 00:204 70923272721               /mnt/primary/conda-envs/semantic_uncertainty_export/lib/libomp.so
7f9156fee000-7f9156fef000 ---p 000e7000 00:204 70923272721               /mnt/primary/conda-envs/semantic_uncertainty_export/lib/libomp.so
7f9156fef000-7f9156ff0000 r--p 000e7000 00:204 70923272721               /mnt/primary/conda-envs/semantic_uncertainty_export/lib/libomp.so
7f9156ff0000-7f9156ff6000 rw-p 000e8000 00:204 70923272721               /mnt/primary/conda-envs/semantic_uncertainty_export/lib/libomp.so
7f9156ff6000-7f9157000000 rw-p 00000000 00:00 0 
7f9157000000-7f9157001000 ---p 00000000 00:00 0 
7f9157001000-7f9157801000 rw-p 00000000 00:00 0 
7f9157801000-7f9157802000 r--p 00000000 00:204 21511827989               /mnt/primary/conda-envs/semantic_uncertainty_export/lib/python3.11/site-packages/mkl/_mklinit.cpython-311-x86_64-linux-gnu.so
7f9157802000-7f9157803000 r-xp 00001000 00:204 21511827989               /mnt/primary/conda-envs/semantic_uncertainty_export/lib/python3.11/site-packages/mkl/_mklinit.cpython-311-x86_64-linux-gnu.so
7f9157803000-7f9157804000 r--p 00002000 00:204 21511827989               /mnt/primary/conda-envs/semantic_uncertainty_export/lib/python3.11/site-packages/mkl/_mklinit.cpython-311-x86_64-linux-gnu.so
7f9157804000-7f9157805000 r--p 00002000 00:204 21511827989               /mnt/primary/conda-envs/semantic_uncertainty_export/lib/python3.11/site-packages/mkl/_mklinit.cpython-311-x86_64-linux-gnu.so
7f9157805000-7f9157806000 rw-p 00003000 00:204 21511827989               /mnt/primary/conda-envs/semantic_uncertainty_export/lib/python3.11/site-packages/mkl/_mklinit.cpython-311-x86_64-linux-gnu.so
7f9157806000-7f915790a000 rw-p 00000000 00:00 0 
7f9157912000-7f915791a000 rw-p 00000000 00:00 0 
7f9157922000-7f9157c22000 rw-p 00000000 00:00 0 
7f9157c22000-7f9157c2a000 r--p 00000000 00:204 172121170462              /mnt/primary/conda-envs/semantic_uncertainty_export/lib/python3.11/site-packages/debugpy/_vendored/pydevd/_pydevd_bundle/pydevd_cython.cpython-311-x86_64-linux-gnu.so
7f9157c2a000-7f9157ca7000 r-xp 00008000 00:204 172121170462              /mnt/primary/conda-envs/semantic_uncertainty_export/lib/python3.11/site-packages/debugpy/_vendored/pydevd/_pydevd_bundle/pydevd_cython.cpython-311-x86_64-linux-gnu.so
7f9157ca7000-7f9157cb0000 r--p 00085000 00:204 172121170462              /mnt/primary/conda-envs/semantic_uncertainty_export/lib/python3.11/site-packages/debugpy/_vendored/pydevd/_pydevd_bundle/pydevd_cython.cpython-311-x86_64-linux-gnu.so
7f9157cb0000-7f9157cb1000 r--p 0008d000 00:204 172121170462              /mnt/primary/conda-envs/semantic_uncertainty_export/lib/python3.11/site-packages/debugpy/_vendored/pydevd/_pydevd_bundle/pydevd_cython.cpython-311-x86_64-linux-gnu.so
7f9157cb1000-7f9157cb7000 rw-p 0008e000 00:204 172121170462              /mnt/primary/conda-envs/semantic_uncertainty_export/lib/python3.11/site-packages/debugpy/_vendored/pydevd/_pydevd_bundle/pydevd_cython.cpython-311-x86_64-linux-gnu.so
7f9157cb7000-7f9157eb8000 rw-p 00000000 00:00 0 
7f9157eb8000-7f9157ebe000 r--p 00000000 00:204 45438459402               /mnt/primary/conda-envs/semantic_uncertainty_export/lib/python3.11/lib-dynload/pyexpat.cpython-311-x86_64-linux-gnu.so
7f9157ebe000-7f9157ee8000 r-xp 00006000 00:204 45438459402               /mnt/primary/conda-envs/semantic_uncertainty_export/lib/python3.11/lib-dynload/pyexpat.cpython-311-x86_64-linux-gnu.so
7f9157ee8000-7f9157ef4000 r--p 00030000 00:204 45438459402               /mnt/primary/conda-envs/semantic_uncertainty_export/lib/python3.11/lib-dynload/pyexpat.cpython-311-x86_64-linux-gnu.so
7f9157ef4000-7f9157ef7000 r--p 0003b000 00:204 45438459402               /mnt/primary/conda-envs/semantic_uncertainty_export/lib/python3.11/lib-dynload/pyexpat.cpython-311-x86_64-linux-gnu.so
7f9157ef7000-7f9157ef9000 rw-p 0003e000 00:204 45438459402               /mnt/primary/conda-envs/semantic_uncertainty_export/lib/python3.11/lib-dynload/pyexpat.cpython-311-x86_64-linux-gnu.so
7f9157ef9000-7f9157ff9000 rw-p 00000000 00:00 0 
7f9157ff9000-7f9157ffb000 r--p 00000000 00:204 58047289889               /mnt/primary/conda-envs/semantic_uncertainty_export/lib/python3.11/site-packages/psutil/_psutil_posix.abi3.so
7f9157ffb000-7f9157ffd000 r-xp 00002000 00:204 58047289889               /mnt/primary/conda-envs/semantic_uncertainty_export/lib/python3.11/site-packages/psutil/_psutil_posix.abi3.so
7f9157ffd000-7f9157ffe000 r--p 00004000 00:204 58047289889               /mnt/primary/conda-envs/semantic_uncertainty_export/lib/python3.11/site-packages/psutil/_psutil_posix.abi3.so
7f9157ffe000-7f9157fff000 r--p 00004000 00:204 58047289889               /mnt/primary/conda-envs/semantic_uncertainty_export/lib/python3.11/site-packages/psutil/_psutil_posix.abi3.so
7f9157fff000-7f9158000000 rw-p 00005000 00:204 58047289889               /mnt/primary/conda-envs/semantic_uncertainty_export/lib/python3.11/site-packages/psutil/_psutil_posix.abi3.so
7f9158000000-7f9158002000 r--p 00000000 00:204 58047289890               /mnt/primary/conda-envs/semantic_uncertainty_export/lib/python3.11/site-packages/psutil/_psutil_linux.abi3.so
7f9158002000-7f9158005000 r-xp 00002000 00:204 58047289890               /mnt/primary/conda-envs/semantic_uncertainty_export/lib/python3.11/site-packages/psutil/_psutil_linux.abi3.so
7f9158005000-7f9158006000 r--p 00005000 00:204 58047289890               /mnt/primary/conda-envs/semantic_uncertainty_export/lib/python3.11/site-packages/psutil/_psutil_linux.abi3.so
7f9158006000-7f9158007000 r--p 00005000 00:204 58047289890               /mnt/primary/conda-envs/semantic_uncertainty_export/lib/python3.11/site-packages/psutil/_psutil_linux.abi3.so
7f9158007000-7f9158008000 rw-p 00006000 00:204 58047289890               /mnt/primary/conda-envs/semantic_uncertainty_export/lib/python3.11/site-packages/psutil/_psutil_linux.abi3.so
7f9158008000-7f9158108000 rw-p 00000000 00:00 0 
7f9158108000-7f915810a000 r--p 00000000 00:204 45438356000               /mnt/primary/conda-envs/semantic_uncertainty_export/lib/python3.11/lib-dynload/_lsprof.cpython-311-x86_64-linux-gnu.so
7f915810a000-7f915810c000 r-xp 00002000 00:204 45438356000               /mnt/primary/conda-envs/semantic_uncertainty_export/lib/python3.11/lib-dynload/_lsprof.cpython-311-x86_64-linux-gnu.so
7f915810c000-7f915810d000 r--p 00004000 00:204 45438356000               /mnt/primary/conda-envs/semantic_uncertainty_export/lib/python3.11/lib-dynload/_lsprof.cpython-311-x86_64-linux-gnu.so
7f915810d000-7f915810e000 ---p 00005000 00:204 45438356000               /mnt/primary/conda-envs/semantic_uncertainty_export/lib/python3.11/lib-dynload/_lsprof.cpython-311-x86_64-linux-gnu.so
7f915810e000-7f915810f000 r--p 00005000 00:204 45438356000               /mnt/primary/conda-envs/semantic_uncertainty_export/lib/python3.11/lib-dynload/_lsprof.cpython-311-x86_64-linux-gnu.so
7f915810f000-7f9158110000 rw-p 00006000 00:204 45438356000               /mnt/primary/conda-envs/semantic_uncertainty_export/lib/python3.11/lib-dynload/_lsprof.cpython-311-x86_64-linux-gnu.so
7f9158110000-7f9158510000 rw-p 00000000 00:00 0 
7f9158510000-7f9158513000 r--p 00000000 00:204 45438459409               /mnt/primary/conda-envs/semantic_uncertainty_export/lib/python3.11/lib-dynload/unicodedata.cpython-311-x86_64-linux-gnu.so
7f9158513000-7f9158517000 r-xp 00003000 00:204 45438459409               /mnt/primary/conda-envs/semantic_uncertainty_export/lib/python3.11/lib-dynload/unicodedata.cpython-311-x86_64-linux-gnu.so
7f9158517000-7f9158623000 r--p 00007000 00:204 45438459409               /mnt/primary/conda-envs/semantic_uncertainty_export/lib/python3.11/lib-dynload/unicodedata.cpython-311-x86_64-linux-gnu.so
7f9158623000-7f9158624000 ---p 00113000 00:204 45438459409               /mnt/primary/conda-envs/semantic_uncertainty_export/lib/python3.11/lib-dynload/unicodedata.cpython-311-x86_64-linux-gnu.so
7f9158624000-7f9158625000 r--p 00113000 00:204 45438459409               /mnt/primary/conda-envs/semantic_uncertainty_export/lib/python3.11/lib-dynload/unicodedata.cpython-311-x86_64-linux-gnu.so
7f9158625000-7f9158626000 rw-p 00114000 00:204 45438459409               /mnt/primary/conda-envs/semantic_uncertainty_export/lib/python3.11/lib-dynload/unicodedata.cpython-311-x86_64-linux-gnu.so
7f9158626000-7f9158a26000 rw-p 00000000 00:00 0 
7f9158a26000-7f9158a38000 r--p 00000000 00:204 70925084698               /mnt/primary/conda-envs/semantic_uncertainty_export/lib/libsqlite3.so.0.8.6
7f9158a38000-7f9158b38000 r-xp 00012000 00:204 70925084698               /mnt/primary/conda-envs/semantic_uncertainty_export/lib/libsqlite3.so.0.8.6
7f9158b38000-7f9158b6c000 r--p 00112000 00:204 70925084698               /mnt/primary/conda-envs/semantic_uncertainty_export/lib/libsqlite3.so.0.8.6
7f9158b6c000-7f9158b6d000 ---p 00146000 00:204 70925084698               /mnt/primary/conda-envs/semantic_uncertainty_export/lib/libsqlite3.so.0.8.6
7f9158b6d000-7f9158b71000 r--p 00146000 00:204 70925084698               /mnt/primary/conda-envs/semantic_uncertainty_export/lib/libsqlite3.so.0.8.6
7f9158b71000-7f9158b75000 rw-p 0014a000 00:204 70925084698               /mnt/primary/conda-envs/semantic_uncertainty_export/lib/libsqlite3.so.0.8.6
7f9158b75000-7f9158b7d000 r--p 00000000 00:204 45438356016               /mnt/primary/conda-envs/semantic_uncertainty_export/lib/python3.11/lib-dynload/_sqlite3.cpython-311-x86_64-linux-gnu.so
7f9158b7d000-7f9158b8b000 r-xp 00008000 00:204 45438356016               /mnt/primary/conda-envs/semantic_uncertainty_export/lib/python3.11/lib-dynload/_sqlite3.cpython-311-x86_64-linux-gnu.so
7f9158b8b000-7f9158b92000 r--p 00016000 00:204 45438356016               /mnt/primary/conda-envs/semantic_uncertainty_export/lib/python3.11/lib-dynload/_sqlite3.cpython-311-x86_64-linux-gnu.so
7f9158b92000-7f9158b94000 r--p 0001c000 00:204 45438356016               /mnt/primary/conda-envs/semantic_uncertainty_export/lib/python3.11/lib-dynload/_sqlite3.cpython-311-x86_64-linux-gnu.so
7f9158b94000-7f9158b96000 rw-p 0001e000 00:204 45438356016               /mnt/primary/conda-envs/semantic_uncertainty_export/lib/python3.11/lib-dynload/_sqlite3.cpython-311-x86_64-linux-gnu.so
7f9158b96000-7f9158e96000 rw-p 00000000 00:00 0 
7f9158e96000-7f9158e98000 r--p 00000000 00:204 45438459404               /mnt/primary/conda-envs/semantic_uncertainty_export/lib/python3.11/lib-dynload/resource.cpython-311-x86_64-linux-gnu.so
7f9158e98000-7f9158e99000 r-xp 00002000 00:204 45438459404               /mnt/primary/conda-envs/semantic_uncertainty_export/lib/python3.11/lib-dynload/resource.cpython-311-x86_64-linux-gnu.so
7f9158e99000-7f9158e9a000 r--p 00003000 00:204 45438459404               /mnt/primary/conda-envs/semantic_uncertainty_export/lib/python3.11/lib-dynload/resource.cpython-311-x86_64-linux-gnu.so
7f9158e9a000-7f9158e9b000 r--p 00003000 00:204 45438459404               /mnt/primary/conda-envs/semantic_uncertainty_export/lib/python3.11/lib-dynload/resource.cpython-311-x86_64-linux-gnu.so
7f9158e9b000-7f9158e9c000 rw-p 00004000 00:204 45438459404               /mnt/primary/conda-envs/semantic_uncertainty_export/lib/python3.11/lib-dynload/resource.cpython-311-x86_64-linux-gnu.so
7f9158e9c000-7f915919c000 rw-p 00000000 00:00 0 
7f915919c000-7f915919f000 r--p 00000000 00:204 45438355989               /mnt/primary/conda-envs/semantic_uncertainty_export/lib/python3.11/lib-dynload/_csv.cpython-311-x86_64-linux-gnu.so
7f915919f000-7f91591a4000 r-xp 00003000 00:204 45438355989               /mnt/primary/conda-envs/semantic_uncertainty_export/lib/python3.11/lib-dynload/_csv.cpython-311-x86_64-linux-gnu.so
7f91591a4000-7f91591a7000 r--p 00008000 00:204 45438355989               /mnt/primary/conda-envs/semantic_uncertainty_export/lib/python3.11/lib-dynload/_csv.cpython-311-x86_64-linux-gnu.so
7f91591a7000-7f91591a8000 r--p 0000a000 00:204 45438355989               /mnt/primary/conda-envs/semantic_uncertainty_export/lib/python3.11/lib-dynload/_csv.cpython-311-x86_64-linux-gnu.so
7f91591a8000-7f91591a9000 rw-p 0000b000 00:204 45438355989               /mnt/primary/conda-envs/semantic_uncertainty_export/lib/python3.11/lib-dynload/_csv.cpython-311-x86_64-linux-gnu.so
7f91591a9000-7f91591ab000 r--p 00000000 00:204 70896380929               /mnt/primary/conda-envs/semantic_uncertainty_export/lib/libuuid.so.1.3.0
7f91591ab000-7f91591af000 r-xp 00002000 00:204 70896380929               /mnt/primary/conda-envs/semantic_uncertainty_export/lib/libuuid.so.1.3.0
7f91591af000-7f91591b0000 r--p 00006000 00:204 70896380929               /mnt/primary/conda-envs/semantic_uncertainty_export/lib/libuuid.so.1.3.0
7f91591b0000-7f91591b1000 r--p 00006000 00:204 70896380929               /mnt/primary/conda-envs/semantic_uncertainty_export/lib/libuuid.so.1.3.0
7f91591b1000-7f91591b2000 rw-p 00007000 00:204 70896380929               /mnt/primary/conda-envs/semantic_uncertainty_export/lib/libuuid.so.1.3.0
7f91591b2000-7f91591b3000 r--p 00000000 00:204 45438356028               /mnt/primary/conda-envs/semantic_uncertainty_export/lib/python3.11/lib-dynload/_uuid.cpython-311-x86_64-linux-gnu.so
7f91591b3000-7f91591b4000 r-xp 00001000 00:204 45438356028               /mnt/primary/conda-envs/semantic_uncertainty_export/lib/python3.11/lib-dynload/_uuid.cpython-311-x86_64-linux-gnu.so
7f91591b4000-7f91591b5000 r--p 00002000 00:204 45438356028               /mnt/primary/conda-envs/semantic_uncertainty_export/lib/python3.11/lib-dynload/_uuid.cpython-311-x86_64-linux-gnu.so
7f91591b5000-7f91591b6000 r--p 00002000 00:204 45438356028               /mnt/primary/conda-envs/semantic_uncertainty_export/lib/python3.11/lib-dynload/_uuid.cpython-311-x86_64-linux-gnu.so
7f91591b6000-7f91591b7000 rw-p 00003000 00:204 45438356028               /mnt/primary/conda-envs/semantic_uncertainty_export/lib/python3.11/lib-dynload/_uuid.cpython-311-x86_64-linux-gnu.so
7f91591b7000-7f91591bb000 r--p 00000000 00:204 70898552890               /mnt/primary/conda-envs/semantic_uncertainty_export/lib/liblzma.so.5.4.2
7f91591bb000-7f91591d8000 r-xp 00004000 00:204 70898552890               /mnt/primary/conda-envs/semantic_uncertainty_export/lib/liblzma.so.5.4.2
7f91591d8000-7f91591e4000 r--p 00021000 00:204 70898552890               /mnt/primary/conda-envs/semantic_uncertainty_export/lib/liblzma.so.5.4.2
7f91591e4000-7f91591e5000 ---p 0002d000 00:204 70898552890               /mnt/primary/conda-envs/semantic_uncertainty_export/lib/liblzma.so.5.4.2
7f91591e5000-7f91591e6000 r--p 0002d000 00:204 70898552890               /mnt/primary/conda-envs/semantic_uncertainty_export/lib/liblzma.so.5.4.2
7f91591e6000-7f91591e7000 rw-p 0002e000 00:204 70898552890               /mnt/primary/conda-envs/semantic_uncertainty_export/lib/liblzma.so.5.4.2
7f91591e7000-7f91591ea000 r--p 00000000 00:204 45438356001               /mnt/primary/conda-envs/semantic_uncertainty_export/lib/python3.11/lib-dynload/_lzma.cpython-311-x86_64-linux-gnu.so
7f91591ea000-7f91591ee000 r-xp 00003000 00:204 45438356001               /mnt/primary/conda-envs/semantic_uncertainty_export/lib/python3.11/lib-dynload/_lzma.cpython-311-x86_64-linux-gnu.so
7f91591ee000-7f91591f1000 r--p 00007000 00:204 45438356001               /mnt/primary/conda-envs/semantic_uncertainty_export/lib/python3.11/lib-dynload/_lzma.cpython-311-x86_64-linux-gnu.so
7f91591f1000-7f91591f2000 r--p 00009000 00:204 45438356001               /mnt/primary/conda-envs/semantic_uncertainty_export/lib/python3.11/lib-dynload/_lzma.cpython-311-x86_64-linux-gnu.so
7f91591f2000-7f91591f3000 rw-p 0000a000 00:204 45438356001               /mnt/primary/conda-envs/semantic_uncertainty_export/lib/python3.11/lib-dynload/_lzma.cpython-311-x86_64-linux-gnu.so
7f91591f3000-7f91591f5000 r--p 00000000 00:204 70898522648               /mnt/primary/conda-envs/semantic_uncertainty_export/lib/libbz2.so.1.0.8
7f91591f5000-7f9159203000 r-xp 00002000 00:204 70898522648               /mnt/primary/conda-envs/semantic_uncertainty_export/lib/libbz2.so.1.0.8
7f9159203000-7f9159205000 r--p 00010000 00:204 70898522648               /mnt/primary/conda-envs/semantic_uncertainty_export/lib/libbz2.so.1.0.8
7f9159205000-7f9159206000 r--p 00011000 00:204 70898522648               /mnt/primary/conda-envs/semantic_uncertainty_export/lib/libbz2.so.1.0.8
7f9159206000-7f9159207000 rw-p 00012000 00:204 70898522648               /mnt/primary/conda-envs/semantic_uncertainty_export/lib/libbz2.so.1.0.8
7f9159207000-7f9159209000 r--p 00000000 00:204 45438355980               /mnt/primary/conda-envs/semantic_uncertainty_export/lib/python3.11/lib-dynload/_bz2.cpython-311-x86_64-linux-gnu.so
7f9159209000-7f915920b000 r-xp 00002000 00:204 45438355980               /mnt/primary/conda-envs/semantic_uncertainty_export/lib/python3.11/lib-dynload/_bz2.cpython-311-x86_64-linux-gnu.so
7f915920b000-7f915920d000 r--p 00004000 00:204 45438355980               /mnt/primary/conda-envs/semantic_uncertainty_export/lib/python3.11/lib-dynload/_bz2.cpython-311-x86_64-linux-gnu.so
7f915920d000-7f915920e000 r--p 00005000 00:204 45438355980               /mnt/primary/conda-envs/semantic_uncertainty_export/lib/python3.11/lib-dynload/_bz2.cpython-311-x86_64-linux-gnu.so
7f915920e000-7f915920f000 rw-p 00006000 00:204 45438355980               /mnt/primary/conda-envs/semantic_uncertainty_export/lib/python3.11/lib-dynload/_bz2.cpython-311-x86_64-linux-gnu.so
7f915920f000-7f915930f000 rw-p 00000000 00:00 0 
7f915930f000-7f9159312000 r--p 00000000 00:204 45438459408               /mnt/primary/conda-envs/semantic_uncertainty_export/lib/python3.11/lib-dynload/termios.cpython-311-x86_64-linux-gnu.so
7f9159312000-7f9159313000 r-xp 00003000 00:204 45438459408               /mnt/primary/conda-envs/semantic_uncertainty_export/lib/python3.11/lib-dynload/termios.cpython-311-x86_64-linux-gnu.so
7f9159313000-7f9159315000 r--p 00004000 00:204 45438459408               /mnt/primary/conda-envs/semantic_uncertainty_export/lib/python3.11/lib-dynload/termios.cpython-311-x86_64-linux-gnu.so
7f9159315000-7f9159316000 r--p 00005000 00:204 45438459408               /mnt/primary/conda-envs/semantic_uncertainty_export/lib/python3.11/lib-dynload/termios.cpython-311-x86_64-linux-gnu.so
7f9159316000-7f9159318000 rw-p 00006000 00:204 45438459408               /mnt/primary/conda-envs/semantic_uncertainty_export/lib/python3.11/lib-dynload/termios.cpython-311-x86_64-linux-gnu.so
7f9159318000-7f915931f000 r--p 00000000 00:204 45438355995               /mnt/primary/conda-envs/semantic_uncertainty_export/lib/python3.11/lib-dynload/_decimal.cpython-311-x86_64-linux-gnu.so
7f915931f000-7f9159350000 r-xp 00007000 00:204 45438355995               /mnt/primary/conda-envs/semantic_uncertainty_export/lib/python3.11/lib-dynload/_decimal.cpython-311-x86_64-linux-gnu.so
7f9159350000-7f9159360000 r--p 00038000 00:204 45438355995               /mnt/primary/conda-envs/semantic_uncertainty_export/lib/python3.11/lib-dynload/_decimal.cpython-311-x86_64-linux-gnu.so
7f9159360000-7f9159361000 ---p 00048000 00:204 45438355995               /mnt/primary/conda-envs/semantic_uncertainty_export/lib/python3.11/lib-dynload/_decimal.cpython-311-x86_64-linux-gnu.so
7f9159361000-7f9159362000 r--p 00048000 00:204 45438355995               /mnt/primary/conda-envs/semantic_uncertainty_export/lib/python3.11/lib-dynload/_decimal.cpython-311-x86_64-linux-gnu.so
7f9159362000-7f9159365000 rw-p 00049000 00:204 45438355995               /mnt/primary/conda-envs/semantic_uncertainty_export/lib/python3.11/lib-dynload/_decimal.cpython-311-x86_64-linux-gnu.so
7f9159365000-7f9159465000 rw-p 00000000 00:00 0 
7f9159465000-7f9159475000 r--p 00000000 00:204 49723531811               /mnt/primary/conda-envs/semantic_uncertainty_export/lib/libtinfow.so.6.4
7f9159475000-7f9159491000 r-xp 00010000 00:204 49723531811               /mnt/primary/conda-envs/semantic_uncertainty_export/lib/libtinfow.so.6.4
7f9159491000-7f91594a2000 r--p 0002c000 00:204 49723531811               /mnt/primary/conda-envs/semantic_uncertainty_export/lib/libtinfow.so.6.4
7f91594a2000-7f91594a6000 r--p 0003c000 00:204 49723531811               /mnt/primary/conda-envs/semantic_uncertainty_export/lib/libtinfow.so.6.4
7f91594a6000-7f91594a7000 rw-p 00040000 00:204 49723531811               /mnt/primary/conda-envs/semantic_uncertainty_export/lib/libtinfow.so.6.4
7f91594a7000-7f91594b3000 r--p 00000000 00:204 70896380956               /mnt/primary/conda-envs/semantic_uncertainty_export/lib/libncursesw.so.6.4
7f91594b3000-7f91594d8000 r-xp 0000c000 00:204 70896380956               /mnt/primary/conda-envs/semantic_uncertainty_export/lib/libncursesw.so.6.4
7f91594d8000-7f91594e1000 r--p 00031000 00:204 70896380956               /mnt/primary/conda-envs/semantic_uncertainty_export/lib/libncursesw.so.6.4
7f91594e1000-7f91594e2000 r--p 00039000 00:204 70896380956               /mnt/primary/conda-envs/semantic_uncertainty_export/lib/libncursesw.so.6.4
7f91594e2000-7f91594e3000 rw-p 0003a000 00:204 70896380956               /mnt/primary/conda-envs/semantic_uncertainty_export/lib/libncursesw.so.6.4
7f91594e3000-7f91594eb000 r--p 00000000 00:204 45438355992               /mnt/primary/conda-envs/semantic_uncertainty_export/lib/python3.11/lib-dynload/_curses.cpython-311-x86_64-linux-gnu.so
7f91594eb000-7f91594f8000 r-xp 00008000 00:204 45438355992               /mnt/primary/conda-envs/semantic_uncertainty_export/lib/python3.11/lib-dynload/_curses.cpython-311-x86_64-linux-gnu.so
7f91594f8000-7f9159503000 r--p 00015000 00:204 45438355992               /mnt/primary/conda-envs/semantic_uncertainty_export/lib/python3.11/lib-dynload/_curses.cpython-311-x86_64-linux-gnu.so
7f9159503000-7f9159504000 r--p 0001f000 00:204 45438355992               /mnt/primary/conda-envs/semantic_uncertainty_export/lib/python3.11/lib-dynload/_curses.cpython-311-x86_64-linux-gnu.so
7f9159504000-7f9159506000 rw-p 00020000 00:204 45438355992               /mnt/primary/conda-envs/semantic_uncertainty_export/lib/python3.11/lib-dynload/_curses.cpython-311-x86_64-linux-gnu.so
7f9159506000-7f9159507000 r--p 00000000 00:204 68749703213               /mnt/primary/conda-envs/semantic_uncertainty_export/lib/python3.11/site-packages/tornado/speedups.abi3.so
7f9159507000-7f9159508000 r-xp 00001000 00:204 68749703213               /mnt/primary/conda-envs/semantic_uncertainty_export/lib/python3.11/site-packages/tornado/speedups.abi3.so
7f9159508000-7f9159509000 r--p 00002000 00:204 68749703213               /mnt/primary/conda-envs/semantic_uncertainty_export/lib/python3.11/site-packages/tornado/speedups.abi3.so
7f9159509000-7f915950a000 r--p 00002000 00:204 68749703213               /mnt/primary/conda-envs/semantic_uncertainty_export/lib/python3.11/site-packages/tornado/speedups.abi3.so
7f915950a000-7f915950b000 rw-p 00003000 00:204 68749703213               /mnt/primary/conda-envs/semantic_uncertainty_export/lib/python3.11/site-packages/tornado/speedups.abi3.so
7f915950b000-7f915950e000 r--p 00000000 00:204 45438459412               /mnt/primary/conda-envs/semantic_uncertainty_export/lib/python3.11/lib-dynload/zlib.cpython-311-x86_64-linux-gnu.so
7f915950e000-7f9159512000 r-xp 00003000 00:204 45438459412               /mnt/primary/conda-envs/semantic_uncertainty_export/lib/python3.11/lib-dynload/zlib.cpython-311-x86_64-linux-gnu.so
7f9159512000-7f9159515000 r--p 00007000 00:204 45438459412               /mnt/primary/conda-envs/semantic_uncertainty_export/lib/python3.11/lib-dynload/zlib.cpython-311-x86_64-linux-gnu.so
7f9159515000-7f9159516000 r--p 00009000 00:204 45438459412               /mnt/primary/conda-envs/semantic_uncertainty_export/lib/python3.11/lib-dynload/zlib.cpython-311-x86_64-linux-gnu.so
7f9159516000-7f9159517000 rw-p 0000a000 00:204 45438459412               /mnt/primary/conda-envs/semantic_uncertainty_export/lib/python3.11/lib-dynload/zlib.cpython-311-x86_64-linux-gnu.so
7f9159517000-7f9159617000 rw-p 00000000 00:00 0 
7f9159617000-7f915961c000 r--p 00000000 00:204 45438355994               /mnt/primary/conda-envs/semantic_uncertainty_export/lib/python3.11/lib-dynload/_datetime.cpython-311-x86_64-linux-gnu.so
7f915961c000-7f915962d000 r-xp 00005000 00:204 45438355994               /mnt/primary/conda-envs/semantic_uncertainty_export/lib/python3.11/lib-dynload/_datetime.cpython-311-x86_64-linux-gnu.so
7f915962d000-7f9159633000 r--p 00016000 00:204 45438355994               /mnt/primary/conda-envs/semantic_uncertainty_export/lib/python3.11/lib-dynload/_datetime.cpython-311-x86_64-linux-gnu.so
7f9159633000-7f9159634000 r--p 0001b000 00:204 45438355994               /mnt/primary/conda-envs/semantic_uncertainty_export/lib/python3.11/lib-dynload/_datetime.cpython-311-x86_64-linux-gnu.so
7f9159634000-7f9159636000 rw-p 0001c000 00:204 45438355994               /mnt/primary/conda-envs/semantic_uncertainty_export/lib/python3.11/lib-dynload/_datetime.cpython-311-x86_64-linux-gnu.so
7f9159636000-7f9159638000 r--p 00000000 00:204 45438355979               /mnt/primary/conda-envs/semantic_uncertainty_export/lib/python3.11/lib-dynload/_blake2.cpython-311-x86_64-linux-gnu.so
7f9159638000-7f9159640000 r-xp 00002000 00:204 45438355979               /mnt/primary/conda-envs/semantic_uncertainty_export/lib/python3.11/lib-dynload/_blake2.cpython-311-x86_64-linux-gnu.so
7f9159640000-7f9159642000 r--p 0000a000 00:204 45438355979               /mnt/primary/conda-envs/semantic_uncertainty_export/lib/python3.11/lib-dynload/_blake2.cpython-311-x86_64-linux-gnu.so
7f9159642000-7f9159643000 r--p 0000b000 00:204 45438355979               /mnt/primary/conda-envs/semantic_uncertainty_export/lib/python3.11/lib-dynload/_blake2.cpython-311-x86_64-linux-gnu.so
7f9159643000-7f9159644000 rw-p 0000c000 00:204 45438355979               /mnt/primary/conda-envs/semantic_uncertainty_export/lib/python3.11/lib-dynload/_blake2.cpython-311-x86_64-linux-gnu.so
7f9159644000-7f9159648000 r--p 00000000 00:204 45438355997               /mnt/primary/conda-envs/semantic_uncertainty_export/lib/python3.11/lib-dynload/_hashlib.cpython-311-x86_64-linux-gnu.so
7f9159648000-7f915964e000 r-xp 00004000 00:204 45438355997               /mnt/primary/conda-envs/semantic_uncertainty_export/lib/python3.11/lib-dynload/_hashlib.cpython-311-x86_64-linux-gnu.so
7f915964e000-7f9159652000 r--p 0000a000 00:204 45438355997               /mnt/primary/conda-envs/semantic_uncertainty_export/lib/python3.11/lib-dynload/_hashlib.cpython-311-x86_64-linux-gnu.so
7f9159652000-7f9159653000 ---p 0000e000 00:204 45438355997               /mnt/primary/conda-envs/semantic_uncertainty_export/lib/python3.11/lib-dynload/_hashlib.cpython-311-x86_64-linux-gnu.so
7f9159653000-7f9159654000 r--p 0000e000 00:204 45438355997               /mnt/primary/conda-envs/semantic_uncertainty_export/lib/python3.11/lib-dynload/_hashlib.cpython-311-x86_64-linux-gnu.so
7f9159654000-7f9159655000 rw-p 0000f000 00:204 45438355997               /mnt/primary/conda-envs/semantic_uncertainty_export/lib/python3.11/lib-dynload/_hashlib.cpython-311-x86_64-linux-gnu.so
7f9159655000-7f9159657000 r--p 00000000 00:204 45438356009               /mnt/primary/conda-envs/semantic_uncertainty_export/lib/python3.11/lib-dynload/_queue.cpython-311-x86_64-linux-gnu.so
7f9159657000-7f9159658000 r-xp 00002000 00:204 45438356009               /mnt/primary/conda-envs/semantic_uncertainty_export/lib/python3.11/lib-dynload/_queue.cpython-311-x86_64-linux-gnu.so
7f9159658000-7f9159659000 r--p 00003000 00:204 45438356009               /mnt/primary/conda-envs/semantic_uncertainty_export/lib/python3.11/lib-dynload/_queue.cpython-311-x86_64-linux-gnu.so
7f9159659000-7f915965a000 r--p 00003000 00:204 45438356009               /mnt/primary/conda-envs/semantic_uncertainty_export/lib/python3.11/lib-dynload/_queue.cpython-311-x86_64-linux-gnu.so
7f915965a000-7f915965b000 rw-p 00004000 00:204 45438356009               /mnt/primary/conda-envs/semantic_uncertainty_export/lib/python3.11/lib-dynload/_queue.cpython-311-x86_64-linux-gnu.so
7f915965b000-7f915985b000 rw-p 00000000 00:00 0 
7f915985b000-7f9159860000 r--p 00000000 00:204 45438355977               /mnt/primary/conda-envs/semantic_uncertainty_export/lib/python3.11/lib-dynload/_asyncio.cpython-311-x86_64-linux-gnu.so
7f9159860000-7f9159865000 r-xp 00005000 00:204 45438355977               /mnt/primary/conda-envs/semantic_uncertainty_export/lib/python3.11/lib-dynload/_asyncio.cpython-311-x86_64-linux-gnu.so
7f9159865000-7f9159869000 r--p 0000a000 00:204 45438355977               /mnt/primary/conda-envs/semantic_uncertainty_export/lib/python3.11/lib-dynload/_asyncio.cpython-311-x86_64-linux-gnu.so
7f9159869000-7f915986a000 r--p 0000d000 00:204 45438355977               /mnt/primary/conda-envs/semantic_uncertainty_export/lib/python3.11/lib-dynload/_asyncio.cpython-311-x86_64-linux-gnu.so
7f915986a000-7f915986c000 rw-p 0000e000 00:204 45438355977               /mnt/primary/conda-envs/semantic_uncertainty_export/lib/python3.11/lib-dynload/_asyncio.cpython-311-x86_64-linux-gnu.so
7f915986c000-7f915986d000 r--p 00000000 00:204 45438355987               /mnt/primary/conda-envs/semantic_uncertainty_export/lib/python3.11/lib-dynload/_contextvars.cpython-311-x86_64-linux-gnu.so
7f915986d000-7f915986e000 r-xp 00001000 00:204 45438355987               /mnt/primary/conda-envs/semantic_uncertainty_export/lib/python3.11/lib-dynload/_contextvars.cpython-311-x86_64-linux-gnu.so
7f915986e000-7f915986f000 r--p 00002000 00:204 45438355987               /mnt/primary/conda-envs/semantic_uncertainty_export/lib/python3.11/lib-dynload/_contextvars.cpython-311-x86_64-linux-gnu.so
7f915986f000-7f9159870000 r--p 00002000 00:204 45438355987               /mnt/primary/conda-envs/semantic_uncertainty_export/lib/python3.11/lib-dynload/_contextvars.cpython-311-x86_64-linux-gnu.so
7f9159870000-7f9159871000 rw-p 00003000 00:204 45438355987               /mnt/primary/conda-envs/semantic_uncertainty_export/lib/python3.11/lib-dynload/_contextvars.cpython-311-x86_64-linux-gnu.so
7f9159871000-7f9159872000 r--p 00000000 00:204 45438356005               /mnt/primary/conda-envs/semantic_uncertainty_export/lib/python3.11/lib-dynload/_opcode.cpython-311-x86_64-linux-gnu.so
7f9159872000-7f9159873000 r-xp 00001000 00:204 45438356005               /mnt/primary/conda-envs/semantic_uncertainty_export/lib/python3.11/lib-dynload/_opcode.cpython-311-x86_64-linux-gnu.so
7f9159873000-7f9159874000 r--p 00002000 00:204 45438356005               /mnt/primary/conda-envs/semantic_uncertainty_export/lib/python3.11/lib-dynload/_opcode.cpython-311-x86_64-linux-gnu.so
7f9159874000-7f9159875000 r--p 00002000 00:204 45438356005               /mnt/primary/conda-envs/semantic_uncertainty_export/lib/python3.11/lib-dynload/_opcode.cpython-311-x86_64-linux-gnu.so
7f9159875000-7f9159876000 rw-p 00003000 00:204 45438356005               /mnt/primary/conda-envs/semantic_uncertainty_export/lib/python3.11/lib-dynload/_opcode.cpython-311-x86_64-linux-gnu.so
7f9159876000-7f9159879000 r--p 00000000 00:204 70922420738               /mnt/primary/conda-envs/semantic_uncertainty_export/lib/libz.so.1.2.13
7f9159879000-7f915988b000 r-xp 00003000 00:204 70922420738               /mnt/primary/conda-envs/semantic_uncertainty_export/lib/libz.so.1.2.13
7f915988b000-7f9159892000 r--p 00015000 00:204 70922420738               /mnt/primary/conda-envs/semantic_uncertainty_export/lib/libz.so.1.2.13
7f9159892000-7f9159893000 r--p 0001b000 00:204 70922420738               /mnt/primary/conda-envs/semantic_uncertainty_export/lib/libz.so.1.2.13
7f9159893000-7f9159894000 rw-p 0001c000 00:204 70922420738               /mnt/primary/conda-envs/semantic_uncertainty_export/lib/libz.so.1.2.13
7f9159894000-7f9159896000 r--p 00000000 00:204 45438459394               /mnt/primary/conda-envs/semantic_uncertainty_export/lib/python3.11/lib-dynload/binascii.cpython-311-x86_64-linux-gnu.so
7f9159896000-7f915989a000 r-xp 00002000 00:204 45438459394               /mnt/primary/conda-envs/semantic_uncertainty_export/lib/python3.11/lib-dynload/binascii.cpython-311-x86_64-linux-gnu.so
7f915989a000-7f915989c000 r--p 00006000 00:204 45438459394               /mnt/primary/conda-envs/semantic_uncertainty_export/lib/python3.11/lib-dynload/binascii.cpython-311-x86_64-linux-gnu.so
7f915989c000-7f915989d000 r--p 00007000 00:204 45438459394               /mnt/primary/conda-envs/semantic_uncertainty_export/lib/python3.11/lib-dynload/binascii.cpython-311-x86_64-linux-gnu.so
7f915989d000-7f915989e000 rw-p 00008000 00:204 45438459394               /mnt/primary/conda-envs/semantic_uncertainty_export/lib/python3.11/lib-dynload/binascii.cpython-311-x86_64-linux-gnu.so
7f915989e000-7f915999e000 rw-p 00000000 00:00 0 
7f915999e000-7f9159a56000 r--p 00000000 00:204 148237000223              /mnt/primary/conda-envs/semantic_uncertainty_export/lib/libcrypto.so.3
7f9159a56000-7f9159ca1000 r-xp 000b8000 00:204 148237000223              /mnt/primary/conda-envs/semantic_uncertainty_export/lib/libcrypto.so.3
7f9159ca1000-7f9159d78000 r--p 00303000 00:204 148237000223              /mnt/primary/conda-envs/semantic_uncertainty_export/lib/libcrypto.so.3
7f9159d78000-7f9159d79000 ---p 003da000 00:204 148237000223              /mnt/primary/conda-envs/semantic_uncertainty_export/lib/libcrypto.so.3
7f9159d79000-7f9159dd4000 r--p 003da000 00:204 148237000223              /mnt/primary/conda-envs/semantic_uncertainty_export/lib/libcrypto.so.3
7f9159dd4000-7f9159dd7000 rw-p 00435000 00:204 148237000223              /mnt/primary/conda-envs/semantic_uncertainty_export/lib/libcrypto.so.3
7f9159dd7000-7f9159dda000 rw-p 00000000 00:00 0 
7f9159dda000-7f9159dfa000 r--p 00000000 00:204 70898552846               /mnt/primary/conda-envs/semantic_uncertainty_export/lib/libssl.so.3
7f9159dfa000-7f9159e50000 r-xp 00020000 00:204 70898552846               /mnt/primary/conda-envs/semantic_uncertainty_export/lib/libssl.so.3
7f9159e50000-7f9159e6e000 r--p 00076000 00:204 70898552846               /mnt/primary/conda-envs/semantic_uncertainty_export/lib/libssl.so.3
7f9159e6e000-7f9159e6f000 ---p 00094000 00:204 70898552846               /mnt/primary/conda-envs/semantic_uncertainty_export/lib/libssl.so.3
7f9159e6f000-7f9159e79000 r--p 00094000 00:204 70898552846               /mnt/primary/conda-envs/semantic_uncertainty_export/lib/libssl.so.3
7f9159e79000-7f9159e7d000 rw-p 0009e000 00:204 70898552846               /mnt/primary/conda-envs/semantic_uncertainty_export/lib/libssl.so.3
7f9159e7d000-7f9159e90000 r--p 00000000 00:204 45438356017               /mnt/primary/conda-envs/semantic_uncertainty_export/lib/python3.11/lib-dynload/_ssl.cpython-311-x86_64-linux-gnu.so
7f9159e90000-7f9159e9a000 r-xp 00013000 00:204 45438356017               /mnt/primary/conda-envs/semantic_uncertainty_export/lib/python3.11/lib-dynload/_ssl.cpython-311-x86_64-linux-gnu.so
7f9159e9a000-7f9159ea8000 r--p 0001d000 00:204 45438356017               /mnt/primary/conda-envs/semantic_uncertainty_export/lib/python3.11/lib-dynload/_ssl.cpython-311-x86_64-linux-gnu.so
7f9159ea8000-7f9159ea9000 ---p 0002b000 00:204 45438356017               /mnt/primary/conda-envs/semantic_uncertainty_export/lib/python3.11/lib-dynload/_ssl.cpython-311-x86_64-linux-gnu.so
7f9159ea9000-7f9159eaa000 r--p 0002b000 00:204 45438356017               /mnt/primary/conda-envs/semantic_uncertainty_export/lib/python3.11/lib-dynload/_ssl.cpython-311-x86_64-linux-gnu.so
7f9159eaa000-7f9159eb2000 rw-p 0002c000 00:204 45438356017               /mnt/primary/conda-envs/semantic_uncertainty_export/lib/python3.11/lib-dynload/_ssl.cpython-311-x86_64-linux-gnu.so
7f9159eb2000-7f9159eb6000 r--p 00000000 00:204 45438459392               /mnt/primary/conda-envs/semantic_uncertainty_export/lib/python3.11/lib-dynload/array.cpython-311-x86_64-linux-gnu.so
7f9159eb6000-7f9159ebd000 r-xp 00004000 00:204 45438459392               /mnt/primary/conda-envs/semantic_uncertainty_export/lib/python3.11/lib-dynload/array.cpython-311-x86_64-linux-gnu.so
7f9159ebd000-7f9159ec1000 r--p 0000b000 00:204 45438459392               /mnt/primary/conda-envs/semantic_uncertainty_export/lib/python3.11/lib-dynload/array.cpython-311-x86_64-linux-gnu.so
7f9159ec1000-7f9159ec2000 ---p 0000f000 00:204 45438459392               /mnt/primary/conda-envs/semantic_uncertainty_export/lib/python3.11/lib-dynload/array.cpython-311-x86_64-linux-gnu.so
7f9159ec2000-7f9159ec3000 r--p 0000f000 00:204 45438459392               /mnt/primary/conda-envs/semantic_uncertainty_export/lib/python3.11/lib-dynload/array.cpython-311-x86_64-linux-gnu.so
7f9159ec3000-7f9159ec4000 rw-p 00010000 00:204 45438459392               /mnt/primary/conda-envs/semantic_uncertainty_export/lib/python3.11/lib-dynload/array.cpython-311-x86_64-linux-gnu.so
7f9159ec4000-7f9159ec9000 r--p 00000000 00:204 45438356015               /mnt/primary/conda-envs/semantic_uncertainty_export/lib/python3.11/lib-dynload/_socket.cpython-311-x86_64-linux-gnu.so
7f9159ec9000-7f9159ed2000 r-xp 00005000 00:204 45438356015               /mnt/primary/conda-envs/semantic_uncertainty_export/lib/python3.11/lib-dynload/_socket.cpython-311-x86_64-linux-gnu.so
7f9159ed2000-7f9159eda000 r--p 0000e000 00:204 45438356015               /mnt/primary/conda-envs/semantic_uncertainty_export/lib/python3.11/lib-dynload/_socket.cpython-311-x86_64-linux-gnu.so
7f9159eda000-7f9159edb000 ---p 00016000 00:204 45438356015               /mnt/primary/conda-envs/semantic_uncertainty_export/lib/python3.11/lib-dynload/_socket.cpython-311-x86_64-linux-gnu.so
7f9159edb000-7f9159edc000 r--p 00016000 00:204 45438356015               /mnt/primary/conda-envs/semantic_uncertainty_export/lib/python3.11/lib-dynload/_socket.cpython-311-x86_64-linux-gnu.so
7f9159edc000-7f9159edd000 rw-p 00017000 00:204 45438356015               /mnt/primary/conda-envs/semantic_uncertainty_export/lib/python3.11/lib-dynload/_socket.cpython-311-x86_64-linux-gnu.so
7f9159edd000-7f9159ede000 r--p 00000000 00:204 45438355998               /mnt/primary/conda-envs/semantic_uncertainty_export/lib/python3.11/lib-dynload/_heapq.cpython-311-x86_64-linux-gnu.so
7f9159ede000-7f9159ee1000 r-xp 00001000 00:204 45438355998               /mnt/primary/conda-envs/semantic_uncertainty_export/lib/python3.11/lib-dynload/_heapq.cpython-311-x86_64-linux-gnu.so
7f9159ee1000-7f9159ee4000 r--p 00004000 00:204 45438355998               /mnt/primary/conda-envs/semantic_uncertainty_export/lib/python3.11/lib-dynload/_heapq.cpython-311-x86_64-linux-gnu.so
7f9159ee4000-7f9159ee5000 r--p 00006000 00:204 45438355998               /mnt/primary/conda-envs/semantic_uncertainty_export/lib/python3.11/lib-dynload/_heapq.cpython-311-x86_64-linux-gnu.so
7f9159ee5000-7f9159ee6000 rw-p 00007000 00:204 45438355998               /mnt/primary/conda-envs/semantic_uncertainty_export/lib/python3.11/lib-dynload/_heapq.cpython-311-x86_64-linux-gnu.so
7f9159ee6000-7f9159fe6000 rw-p 00000000 00:00 0 
7f9159fe6000-7f9159fe9000 r--p 00000000 00:204 120262025252              /mnt/primary/conda-envs/semantic_uncertainty_export/lib/python3.11/site-packages/zmq/backend/cython/utils.cpython-311-x86_64-linux-gnu.so
7f9159fe9000-7f9159ff0000 r-xp 00003000 00:204 120262025252              /mnt/primary/conda-envs/semantic_uncertainty_export/lib/python3.11/site-packages/zmq/backend/cython/utils.cpython-311-x86_64-linux-gnu.so
7f9159ff0000-7f9159ff2000 r--p 0000a000 00:204 120262025252              /mnt/primary/conda-envs/semantic_uncertainty_export/lib/python3.11/site-packages/zmq/backend/cython/utils.cpython-311-x86_64-linux-gnu.so
7f9159ff2000-7f9159ff3000 r--p 0000b000 00:204 120262025252              /mnt/primary/conda-envs/semantic_uncertainty_export/lib/python3.11/site-packages/zmq/backend/cython/utils.cpython-311-x86_64-linux-gnu.so
7f9159ff3000-7f9159ff4000 rw-p 0000c000 00:204 120262025252              /mnt/primary/conda-envs/semantic_uncertainty_export/lib/python3.11/site-packages/zmq/backend/cython/utils.cpython-311-x86_64-linux-gnu.so
7f9159ff4000-7f9159ff7000 rw-p 0000e000 00:204 120262025252              /mnt/primary/conda-envs/semantic_uncertainty_export/lib/python3.11/site-packages/zmq/backend/cython/utils.cpython-311-x86_64-linux-gnu.so
7f9159ff7000-7f9159ffa000 r--p 00000000 00:204 120262025259              /mnt/primary/conda-envs/semantic_uncertainty_export/lib/python3.11/site-packages/zmq/backend/cython/error.cpython-311-x86_64-linux-gnu.so
7f9159ffa000-7f9159fff000 r-xp 00003000 00:204 120262025259              /mnt/primary/conda-envs/semantic_uncertainty_export/lib/python3.11/site-packages/zmq/backend/cython/error.cpython-311-x86_64-linux-gnu.so
7f9159fff000-7f915a001000 r--p 00008000 00:204 120262025259              /mnt/primary/conda-envs/semantic_uncertainty_export/lib/python3.11/site-packages/zmq/backend/cython/error.cpython-311-x86_64-linux-gnu.so
7f915a001000-7f915a002000 r--p 00009000 00:204 120262025259              /mnt/primary/conda-envs/semantic_uncertainty_export/lib/python3.11/site-packages/zmq/backend/cython/error.cpython-311-x86_64-linux-gnu.so
7f915a002000-7f915a003000 rw-p 0000a000 00:204 120262025259              /mnt/primary/conda-envs/semantic_uncertainty_export/lib/python3.11/site-packages/zmq/backend/cython/error.cpython-311-x86_64-linux-gnu.so
7f915a003000-7f915a006000 rw-p 0000c000 00:204 120262025259              /mnt/primary/conda-envs/semantic_uncertainty_export/lib/python3.11/site-packages/zmq/backend/cython/error.cpython-311-x86_64-linux-gnu.so
7f915a006000-7f915a009000 r--p 00000000 00:204 120262025253              /mnt/primary/conda-envs/semantic_uncertainty_export/lib/python3.11/site-packages/zmq/backend/cython/_version.cpython-311-x86_64-linux-gnu.so
7f915a009000-7f915a00d000 r-xp 00003000 00:204 120262025253              /mnt/primary/conda-envs/semantic_uncertainty_export/lib/python3.11/site-packages/zmq/backend/cython/_version.cpython-311-x86_64-linux-gnu.so
7f915a00d000-7f915a00f000 r--p 00007000 00:204 120262025253              /mnt/primary/conda-envs/semantic_uncertainty_export/lib/python3.11/site-packages/zmq/backend/cython/_version.cpython-311-x86_64-linux-gnu.so
7f915a00f000-7f915a010000 r--p 00008000 00:204 120262025253              /mnt/primary/conda-envs/semantic_uncertainty_export/lib/python3.11/site-packages/zmq/backend/cython/_version.cpython-311-x86_64-linux-gnu.so
7f915a010000-7f915a011000 rw-p 00009000 00:204 120262025253              /mnt/primary/conda-envs/semantic_uncertainty_export/lib/python3.11/site-packages/zmq/backend/cython/_version.cpython-311-x86_64-linux-gnu.so
7f915a011000-7f915a013000 rw-p 0000b000 00:204 120262025253              /mnt/primary/conda-envs/semantic_uncertainty_export/lib/python3.11/site-packages/zmq/backend/cython/_version.cpython-311-x86_64-linux-gnu.so
7f915a013000-7f915a016000 r--p 00000000 00:204 120262025257              /mnt/primary/conda-envs/semantic_uncertainty_export/lib/python3.11/site-packages/zmq/backend/cython/_proxy_steerable.cpython-311-x86_64-linux-gnu.so
7f915a016000-7f915a01e000 r-xp 00003000 00:204 120262025257              /mnt/primary/conda-envs/semantic_uncertainty_export/lib/python3.11/site-packages/zmq/backend/cython/_proxy_steerable.cpython-311-x86_64-linux-gnu.so
7f915a01e000-7f915a020000 r--p 0000b000 00:204 120262025257              /mnt/primary/conda-envs/semantic_uncertainty_export/lib/python3.11/site-packages/zmq/backend/cython/_proxy_steerable.cpython-311-x86_64-linux-gnu.so
7f915a020000-7f915a021000 r--p 0000c000 00:204 120262025257              /mnt/primary/conda-envs/semantic_uncertainty_export/lib/python3.11/site-packages/zmq/backend/cython/_proxy_steerable.cpython-311-x86_64-linux-gnu.so
7f915a021000-7f915a022000 rw-p 0000d000 00:204 120262025257              /mnt/primary/conda-envs/semantic_uncertainty_export/lib/python3.11/site-packages/zmq/backend/cython/_proxy_steerable.cpython-311-x86_64-linux-gnu.so
7f915a022000-7f915a025000 rw-p 0000f000 00:204 120262025257              /mnt/primary/conda-envs/semantic_uncertainty_export/lib/python3.11/site-packages/zmq/backend/cython/_proxy_steerable.cpython-311-x86_64-linux-gnu.so
7f915a025000-7f915a028000 r--p 00000000 00:204 120262025260              /mnt/primary/conda-envs/semantic_uncertainty_export/lib/python3.11/site-packages/zmq/backend/cython/_poll.cpython-311-x86_64-linux-gnu.so
7f915a028000-7f915a035000 r-xp 00003000 00:204 120262025260              /mnt/primary/conda-envs/semantic_uncertainty_export/lib/python3.11/site-packages/zmq/backend/cython/_poll.cpython-311-x86_64-linux-gnu.so
7f915a035000-7f915a038000 r--p 00010000 00:204 120262025260              /mnt/primary/conda-envs/semantic_uncertainty_export/lib/python3.11/site-packages/zmq/backend/cython/_poll.cpython-311-x86_64-linux-gnu.so
7f915a038000-7f915a039000 r--p 00012000 00:204 120262025260              /mnt/primary/conda-envs/semantic_uncertainty_export/lib/python3.11/site-packages/zmq/backend/cython/_poll.cpython-311-x86_64-linux-gnu.so
7f915a039000-7f915a03a000 rw-p 00013000 00:204 120262025260              /mnt/primary/conda-envs/semantic_uncertainty_export/lib/python3.11/site-packages/zmq/backend/cython/_poll.cpython-311-x86_64-linux-gnu.so
7f915a03a000-7f915a03d000 rw-p 00015000 00:204 120262025260              /mnt/primary/conda-envs/semantic_uncertainty_export/lib/python3.11/site-packages/zmq/backend/cython/_poll.cpython-311-x86_64-linux-gnu.so
7f915a03d000-7f915a042000 r--p 00000000 00:204 45438356006               /mnt/primary/conda-envs/semantic_uncertainty_export/lib/python3.11/lib-dynload/_pickle.cpython-311-x86_64-linux-gnu.so
7f915a042000-7f915a055000 r-xp 00005000 00:204 45438356006               /mnt/primary/conda-envs/semantic_uncertainty_export/lib/python3.11/lib-dynload/_pickle.cpython-311-x86_64-linux-gnu.so
7f915a055000-7f915a05b000 r--p 00018000 00:204 45438356006               /mnt/primary/conda-envs/semantic_uncertainty_export/lib/python3.11/lib-dynload/_pickle.cpython-311-x86_64-linux-gnu.so
7f915a05b000-7f915a05c000 ---p 0001e000 00:204 45438356006               /mnt/primary/conda-envs/semantic_uncertainty_export/lib/python3.11/lib-dynload/_pickle.cpython-311-x86_64-linux-gnu.so
7f915a05c000-7f915a05d000 r--p 0001e000 00:204 45438356006               /mnt/primary/conda-envs/semantic_uncertainty_export/lib/python3.11/lib-dynload/_pickle.cpython-311-x86_64-linux-gnu.so
7f915a05d000-7f915a05e000 rw-p 0001f000 00:204 45438356006               /mnt/primary/conda-envs/semantic_uncertainty_export/lib/python3.11/lib-dynload/_pickle.cpython-311-x86_64-linux-gnu.so
7f915a05e000-7f915a060000 r--p 00000000 00:204 45438356014               /mnt/primary/conda-envs/semantic_uncertainty_export/lib/python3.11/lib-dynload/_sha512.cpython-311-x86_64-linux-gnu.so
7f915a060000-7f915a065000 r-xp 00002000 00:204 45438356014               /mnt/primary/conda-envs/semantic_uncertainty_export/lib/python3.11/lib-dynload/_sha512.cpython-311-x86_64-linux-gnu.so
7f915a065000-7f915a066000 r--p 00007000 00:204 45438356014               /mnt/primary/conda-envs/semantic_uncertainty_export/lib/python3.11/lib-dynload/_sha512.cpython-311-x86_64-linux-gnu.so
7f915a066000-7f915a067000 r--p 00007000 00:204 45438356014               /mnt/primary/conda-envs/semantic_uncertainty_export/lib/python3.11/lib-dynload/_sha512.cpython-311-x86_64-linux-gnu.so
7f915a067000-7f915a068000 rw-p 00008000 00:204 45438356014               /mnt/primary/conda-envs/semantic_uncertainty_export/lib/python3.11/lib-dynload/_sha512.cpython-311-x86_64-linux-gnu.so
7f915a068000-7f915a06a000 r--p 00000000 00:204 45438356010               /mnt/primary/conda-envs/semantic_uncertainty_export/lib/python3.11/lib-dynload/_random.cpython-311-x86_64-linux-gnu.so
7f915a06a000-7f915a06c000 r-xp 00002000 00:204 45438356010               /mnt/primary/conda-envs/semantic_uncertainty_export/lib/python3.11/lib-dynload/_random.cpython-311-x86_64-linux-gnu.so
7f915a06c000-7f915a06d000 r--p 00004000 00:204 45438356010               /mnt/primary/conda-envs/semantic_uncertainty_export/lib/python3.11/lib-dynload/_random.cpython-311-x86_64-linux-gnu.so
7f915a06d000-7f915a06e000 r--p 00004000 00:204 45438356010               /mnt/primary/conda-envs/semantic_uncertainty_export/lib/python3.11/lib-dynload/_random.cpython-311-x86_64-linux-gnu.so
7f915a06e000-7f915a06f000 rw-p 00005000 00:204 45438356010               /mnt/primary/conda-envs/semantic_uncertainty_export/lib/python3.11/lib-dynload/_random.cpython-311-x86_64-linux-gnu.so
7f915a06f000-7f915a073000 r--p 00000000 00:204 120262025255              /mnt/primary/conda-envs/semantic_uncertainty_export/lib/python3.11/site-packages/zmq/backend/cython/message.cpython-311-x86_64-linux-gnu.so
7f915a073000-7f915a085000 r-xp 00004000 00:204 120262025255              /mnt/primary/conda-envs/semantic_uncertainty_export/lib/python3.11/site-packages/zmq/backend/cython/message.cpython-311-x86_64-linux-gnu.so
7f915a085000-7f915a089000 r--p 00016000 00:204 120262025255              /mnt/primary/conda-envs/semantic_uncertainty_export/lib/python3.11/site-packages/zmq/backend/cython/message.cpython-311-x86_64-linux-gnu.so
7f915a089000-7f915a08a000 r--p 00019000 00:204 120262025255              /mnt/primary/conda-envs/semantic_uncertainty_export/lib/python3.11/site-packages/zmq/backend/cython/message.cpython-311-x86_64-linux-gnu.so
7f915a08a000-7f915a08f000 rw-p 0001a000 00:204 120262025255              /mnt/primary/conda-envs/semantic_uncertainty_export/lib/python3.11/site-packages/zmq/backend/cython/message.cpython-311-x86_64-linux-gnu.so
7f915a08f000-7f915a093000 r--p 00000000 00:204 120262025263              /mnt/primary/conda-envs/semantic_uncertainty_export/lib/python3.11/site-packages/zmq/backend/cython/socket.cpython-311-x86_64-linux-gnu.so
7f915a093000-7f915a0b0000 r-xp 00004000 00:204 120262025263              /mnt/primary/conda-envs/semantic_uncertainty_export/lib/python3.11/site-packages/zmq/backend/cython/socket.cpython-311-x86_64-linux-gnu.so
7f915a0b0000-7f915a0b6000 r--p 00021000 00:204 120262025263              /mnt/primary/conda-envs/semantic_uncertainty_export/lib/python3.11/site-packages/zmq/backend/cython/socket.cpython-311-x86_64-linux-gnu.so
7f915a0b6000-7f915a0b7000 r--p 00026000 00:204 120262025263              /mnt/primary/conda-envs/semantic_uncertainty_export/lib/python3.11/site-packages/zmq/backend/cython/socket.cpython-311-x86_64-linux-gnu.so
7f915a0b7000-7f915a0bc000 rw-p 00027000 00:204 120262025263              /mnt/primary/conda-envs/semantic_uncertainty_export/lib/python3.11/site-packages/zmq/backend/cython/socket.cpython-311-x86_64-linux-gnu.so
7f915a0bc000-7f915a0c0000 r--p 00000000 00:204 120262025258              /mnt/primary/conda-envs/semantic_uncertainty_export/lib/python3.11/site-packages/zmq/backend/cython/context.cpython-311-x86_64-linux-gnu.so
7f915a0c0000-7f915a0cc000 r-xp 00004000 00:204 120262025258              /mnt/primary/conda-envs/semantic_uncertainty_export/lib/python3.11/site-packages/zmq/backend/cython/context.cpython-311-x86_64-linux-gnu.so
7f915a0cc000-7f915a0cf000 r--p 00010000 00:204 120262025258              /mnt/primary/conda-envs/semantic_uncertainty_export/lib/python3.11/site-packages/zmq/backend/cython/context.cpython-311-x86_64-linux-gnu.so
7f915a0cf000-7f915a0d0000 r--p 00012000 00:204 120262025258              /mnt/primary/conda-envs/semantic_uncertainty_export/lib/python3.11/site-packages/zmq/backend/cython/context.cpython-311-x86_64-linux-gnu.so
7f915a0d0000-7f915a0d1000 rw-p 00013000 00:204 120262025258              /mnt/primary/conda-envs/semantic_uncertainty_export/lib/python3.11/site-packages/zmq/backend/cython/context.cpython-311-x86_64-linux-gnu.so
7f915a0d1000-7f915a0d2000 rw-p 00000000 00:00 0 
7f915a0d2000-7f915a0d5000 rw-p 00015000 00:204 120262025258              /mnt/primary/conda-envs/semantic_uncertainty_export/lib/python3.11/site-packages/zmq/backend/cython/context.cpython-311-x86_64-linux-gnu.so
7f915a0d5000-7f915a0d8000 r--p 00000000 00:204 70896295971               /mnt/primary/conda-envs/semantic_uncertainty_export/lib/libgcc_s.so.1
7f915a0d8000-7f915a0ea000 r-xp 00003000 00:204 70896295971               /mnt/primary/conda-envs/semantic_uncertainty_export/lib/libgcc_s.so.1
7f915a0ea000-7f915a0ed000 r--p 00015000 00:204 70896295971               /mnt/primary/conda-envs/semantic_uncertainty_export/lib/libgcc_s.so.1
7f915a0ed000-7f915a0ee000 r--p 00017000 00:204 70896295971               /mnt/primary/conda-envs/semantic_uncertainty_export/lib/libgcc_s.so.1
7f915a0ee000-7f915a0ef000 rw-p 00018000 00:204 70896295971               /mnt/primary/conda-envs/semantic_uncertainty_export/lib/libgcc_s.so.1
7f915a0ef000-7f915a190000 r--p 00000000 00:204 70896295960               /mnt/primary/conda-envs/semantic_uncertainty_export/lib/libstdc++.so.6.0.29
7f915a190000-7f915a285000 r-xp 000a1000 00:204 70896295960               /mnt/primary/conda-envs/semantic_uncertainty_export/lib/libstdc++.so.6.0.29
7f915a285000-7f915a2f1000 r--p 00196000 00:204 70896295960               /mnt/primary/conda-envs/semantic_uncertainty_export/lib/libstdc++.so.6.0.29
7f915a2f1000-7f915a2f2000 ---p 00202000 00:204 70896295960               /mnt/primary/conda-envs/semantic_uncertainty_export/lib/libstdc++.so.6.0.29
7f915a2f2000-7f915a2fd000 r--p 00202000 00:204 70896295960               /mnt/primary/conda-envs/semantic_uncertainty_export/lib/libstdc++.so.6.0.29
7f915a2fd000-7f915a300000 rw-p 0020d000 00:204 70896295960               /mnt/primary/conda-envs/semantic_uncertainty_export/lib/libstdc++.so.6.0.29
7f915a300000-7f915a303000 rw-p 00000000 00:00 0 
7f915a303000-7f915a30f000 r--p 00000000 00:204 92348914178               /mnt/primary/conda-envs/semantic_uncertainty_export/lib/python3.11/site-packages/pyzmq.libs/libsodium-cb25555f.so.23.3.0
7f915a30f000-7f915a411000 r-xp 0000c000 00:204 92348914178               /mnt/primary/conda-envs/semantic_uncertainty_export/lib/python3.11/site-packages/pyzmq.libs/libsodium-cb25555f.so.23.3.0
7f915a411000-7f915a425000 r--p 0010e000 00:204 92348914178               /mnt/primary/conda-envs/semantic_uncertainty_export/lib/python3.11/site-packages/pyzmq.libs/libsodium-cb25555f.so.23.3.0
7f915a425000-7f915a426000 ---p 00122000 00:204 92348914178               /mnt/primary/conda-envs/semantic_uncertainty_export/lib/python3.11/site-packages/pyzmq.libs/libsodium-cb25555f.so.23.3.0
7f915a426000-7f915a427000 r--p 00122000 00:204 92348914178               /mnt/primary/conda-envs/semantic_uncertainty_export/lib/python3.11/site-packages/pyzmq.libs/libsodium-cb25555f.so.23.3.0
7f915a427000-7f915a428000 rw-p 00123000 00:204 92348914178               /mnt/primary/conda-envs/semantic_uncertainty_export/lib/python3.11/site-packages/pyzmq.libs/libsodium-cb25555f.so.23.3.0
7f915a428000-7f915a42f000 rw-p 00125000 00:204 92348914178               /mnt/primary/conda-envs/semantic_uncertainty_export/lib/python3.11/site-packages/pyzmq.libs/libsodium-cb25555f.so.23.3.0
7f915a42f000-7f915a430000 r--p 00000000 08:04 546782602                  /usr/lib/x86_64-linux-gnu/librt.so.1
7f915a430000-7f915a431000 r-xp 00001000 08:04 546782602                  /usr/lib/x86_64-linux-gnu/librt.so.1
7f915a431000-7f915a432000 r--p 00002000 08:04 546782602                  /usr/lib/x86_64-linux-gnu/librt.so.1
7f915a432000-7f915a433000 r--p 00002000 08:04 546782602                  /usr/lib/x86_64-linux-gnu/librt.so.1
7f915a433000-7f915a434000 rw-p 00003000 08:04 546782602                  /usr/lib/x86_64-linux-gnu/librt.so.1
7f915a435000-7f915a437000 r--p 00000000 00:204 45438355978               /mnt/primary/conda-envs/semantic_uncertainty_export/lib/python3.11/lib-dynload/_bisect.cpython-311-x86_64-linux-gnu.so
7f915a437000-7f915a439000 r-xp 00002000 00:204 45438355978               /mnt/primary/conda-envs/semantic_uncertainty_export/lib/python3.11/lib-dynload/_bisect.cpython-311-x86_64-linux-gnu.so
7f915a439000-7f915a43a000 r--p 00004000 00:204 45438355978               /mnt/primary/conda-envs/semantic_uncertainty_export/lib/python3.11/lib-dynload/_bisect.cpython-311-x86_64-linux-gnu.so
7f915a43a000-7f915a43b000 r--p 00004000 00:204 45438355978               /mnt/primary/conda-envs/semantic_uncertainty_export/lib/python3.11/lib-dynload/_bisect.cpython-311-x86_64-linux-gnu.so
7f915a43b000-7f915a43c000 rw-p 00005000 00:204 45438355978               /mnt/primary/conda-envs/semantic_uncertainty_export/lib/python3.11/lib-dynload/_bisect.cpython-311-x86_64-linux-gnu.so
7f915a43c000-7f915a455000 r--p 00000000 00:204 92348914179               /mnt/primary/conda-envs/semantic_uncertainty_export/lib/python3.11/site-packages/pyzmq.libs/libzmq-f468291a.so.5.2.4
7f915a455000-7f915a4e8000 r-xp 00019000 00:204 92348914179               /mnt/primary/conda-envs/semantic_uncertainty_export/lib/python3.11/site-packages/pyzmq.libs/libzmq-f468291a.so.5.2.4
7f915a4e8000-7f915a523000 r--p 000ac000 00:204 92348914179               /mnt/primary/conda-envs/semantic_uncertainty_export/lib/python3.11/site-packages/pyzmq.libs/libzmq-f468291a.so.5.2.4
7f915a523000-7f915a52b000 r--p 000e6000 00:204 92348914179               /mnt/primary/conda-envs/semantic_uncertainty_export/lib/python3.11/site-packages/pyzmq.libs/libzmq-f468291a.so.5.2.4
7f915a52b000-7f915a52c000 rw-p 000ee000 00:204 92348914179               /mnt/primary/conda-envs/semantic_uncertainty_export/lib/python3.11/site-packages/pyzmq.libs/libzmq-f468291a.so.5.2.4
7f915a52c000-7f915a532000 rw-p 000f0000 00:204 92348914179               /mnt/primary/conda-envs/semantic_uncertainty_export/lib/python3.11/site-packages/pyzmq.libs/libzmq-f468291a.so.5.2.4
7f915a532000-7f915a535000 r--p 00000000 00:204 120262025247              /mnt/primary/conda-envs/semantic_uncertainty_export/lib/python3.11/site-packages/zmq/backend/cython/_device.cpython-311-x86_64-linux-gnu.so
7f915a535000-7f915a53e000 r-xp 00003000 00:204 120262025247              /mnt/primary/conda-envs/semantic_uncertainty_export/lib/python3.11/site-packages/zmq/backend/cython/_device.cpython-311-x86_64-linux-gnu.so
7f915a53e000-7f915a540000 r--p 0000c000 00:204 120262025247              /mnt/primary/conda-envs/semantic_uncertainty_export/lib/python3.11/site-packages/zmq/backend/cython/_device.cpython-311-x86_64-linux-gnu.so
7f915a540000-7f915a541000 ---p 0000e000 00:204 120262025247              /mnt/primary/conda-envs/semantic_uncertainty_export/lib/python3.11/site-packages/zmq/backend/cython/_device.cpython-311-x86_64-linux-gnu.so
7f915a541000-7f915a542000 r--p 0000e000 00:204 120262025247              /mnt/primary/conda-envs/semantic_uncertainty_export/lib/python3.11/site-packages/zmq/backend/cython/_device.cpython-311-x86_64-linux-gnu.so
7f915a542000-7f915a543000 rw-p 0000f000 00:204 120262025247              /mnt/primary/conda-envs/semantic_uncertainty_export/lib/python3.11/site-packages/zmq/backend/cython/_device.cpython-311-x86_64-linux-gnu.so
7f915a543000-7f915a546000 rw-p 00011000 00:204 120262025247              /mnt/primary/conda-envs/semantic_uncertainty_export/lib/python3.11/site-packages/zmq/backend/cython/_device.cpython-311-x86_64-linux-gnu.so
7f915a546000-7f915a646000 rw-p 00000000 00:00 0 
7f915a646000-7f915a64a000 r--p 00000000 00:204 45438356019               /mnt/primary/conda-envs/semantic_uncertainty_export/lib/python3.11/lib-dynload/_struct.cpython-311-x86_64-linux-gnu.so
7f915a64a000-7f915a64f000 r-xp 00004000 00:204 45438356019               /mnt/primary/conda-envs/semantic_uncertainty_export/lib/python3.11/lib-dynload/_struct.cpython-311-x86_64-linux-gnu.so
7f915a64f000-7f915a653000 r--p 00009000 00:204 45438356019               /mnt/primary/conda-envs/semantic_uncertainty_export/lib/python3.11/lib-dynload/_struct.cpython-311-x86_64-linux-gnu.so
7f915a653000-7f915a654000 r--p 0000c000 00:204 45438356019               /mnt/primary/conda-envs/semantic_uncertainty_export/lib/python3.11/lib-dynload/_struct.cpython-311-x86_64-linux-gnu.so
7f915a654000-7f915a655000 rw-p 0000d000 00:204 45438356019               /mnt/primary/conda-envs/semantic_uncertainty_export/lib/python3.11/lib-dynload/_struct.cpython-311-x86_64-linux-gnu.so
7f915a655000-7f915a658000 r--p 00000000 00:204 70898546206               /mnt/primary/conda-envs/semantic_uncertainty_export/lib/libffi.so.8.1.2
7f915a658000-7f915a662000 r-xp 00003000 00:204 70898546206               /mnt/primary/conda-envs/semantic_uncertainty_export/lib/libffi.so.8.1.2
7f915a662000-7f915a664000 r--p 0000d000 00:204 70898546206               /mnt/primary/conda-envs/semantic_uncertainty_export/lib/libffi.so.8.1.2
7f915a664000-7f915a665000 r--p 0000e000 00:204 70898546206               /mnt/primary/conda-envs/semantic_uncertainty_export/lib/libffi.so.8.1.2
7f915a665000-7f915a666000 rw-p 0000f000 00:204 70898546206               /mnt/primary/conda-envs/semantic_uncertainty_export/lib/libffi.so.8.1.2
7f915a666000-7f915a66d000 r--p 00000000 00:204 45438355990               /mnt/primary/conda-envs/semantic_uncertainty_export/lib/python3.11/lib-dynload/_ctypes.cpython-311-x86_64-linux-gnu.so
7f915a66d000-7f915a67b000 r-xp 00007000 00:204 45438355990               /mnt/primary/conda-envs/semantic_uncertainty_export/lib/python3.11/lib-dynload/_ctypes.cpython-311-x86_64-linux-gnu.so
7f915a67b000-7f915a681000 r--p 00015000 00:204 45438355990               /mnt/primary/conda-envs/semantic_uncertainty_export/lib/python3.11/lib-dynload/_ctypes.cpython-311-x86_64-linux-gnu.so
7f915a681000-7f915a682000 ---p 0001b000 00:204 45438355990               /mnt/primary/conda-envs/semantic_uncertainty_export/lib/python3.11/lib-dynload/_ctypes.cpython-311-x86_64-linux-gnu.so
7f915a682000-7f915a683000 r--p 0001b000 00:204 45438355990               /mnt/primary/conda-envs/semantic_uncertainty_export/lib/python3.11/lib-dynload/_ctypes.cpython-311-x86_64-linux-gnu.so
7f915a683000-7f915a687000 rw-p 0001c000 00:204 45438355990               /mnt/primary/conda-envs/semantic_uncertainty_export/lib/python3.11/lib-dynload/_ctypes.cpython-311-x86_64-linux-gnu.so
7f915a687000-7f915a68b000 r--p 00000000 00:204 45438459398               /mnt/primary/conda-envs/semantic_uncertainty_export/lib/python3.11/lib-dynload/math.cpython-311-x86_64-linux-gnu.so
7f915a68b000-7f915a693000 r-xp 00004000 00:204 45438459398               /mnt/primary/conda-envs/semantic_uncertainty_export/lib/python3.11/lib-dynload/math.cpython-311-x86_64-linux-gnu.so
7f915a693000-7f915a698000 r--p 0000c000 00:204 45438459398               /mnt/primary/conda-envs/semantic_uncertainty_export/lib/python3.11/lib-dynload/math.cpython-311-x86_64-linux-gnu.so
7f915a698000-7f915a699000 r--p 00010000 00:204 45438459398               /mnt/primary/conda-envs/semantic_uncertainty_export/lib/python3.11/lib-dynload/math.cpython-311-x86_64-linux-gnu.so
7f915a699000-7f915a69a000 rw-p 00011000 00:204 45438459398               /mnt/primary/conda-envs/semantic_uncertainty_export/lib/python3.11/lib-dynload/math.cpython-311-x86_64-linux-gnu.so
7f915a69a000-7f915a69d000 r--p 00000000 00:204 45438459405               /mnt/primary/conda-envs/semantic_uncertainty_export/lib/python3.11/lib-dynload/select.cpython-311-x86_64-linux-gnu.so
7f915a69d000-7f915a6a0000 r-xp 00003000 00:204 45438459405               /mnt/primary/conda-envs/semantic_uncertainty_export/lib/python3.11/lib-dynload/select.cpython-311-x86_64-linux-gnu.so
7f915a6a0000-7f915a6a2000 r--p 00006000 00:204 45438459405               /mnt/primary/conda-envs/semantic_uncertainty_export/lib/python3.11/lib-dynload/select.cpython-311-x86_64-linux-gnu.so
7f915a6a2000-7f915a6a3000 ---p 00008000 00:204 45438459405               /mnt/primary/conda-envs/semantic_uncertainty_export/lib/python3.11/lib-dynload/select.cpython-311-x86_64-linux-gnu.so
7f915a6a3000-7f915a6a4000 r--p 00008000 00:204 45438459405               /mnt/primary/conda-envs/semantic_uncertainty_export/lib/python3.11/lib-dynload/select.cpython-311-x86_64-linux-gnu.so
7f915a6a4000-7f915a6a5000 rw-p 00009000 00:204 45438459405               /mnt/primary/conda-envs/semantic_uncertainty_export/lib/python3.11/lib-dynload/select.cpython-311-x86_64-linux-gnu.so
7f915a6a5000-7f915a6a7000 r--p 00000000 00:204 45438356008               /mnt/primary/conda-envs/semantic_uncertainty_export/lib/python3.11/lib-dynload/_posixsubprocess.cpython-311-x86_64-linux-gnu.so
7f915a6a7000-7f915a6aa000 r-xp 00002000 00:204 45438356008               /mnt/primary/conda-envs/semantic_uncertainty_export/lib/python3.11/lib-dynload/_posixsubprocess.cpython-311-x86_64-linux-gnu.so
7f915a6aa000-7f915a6ab000 r--p 00005000 00:204 45438356008               /mnt/primary/conda-envs/semantic_uncertainty_export/lib/python3.11/lib-dynload/_posixsubprocess.cpython-311-x86_64-linux-gnu.so
7f915a6ab000-7f915a6ac000 r--p 00005000 00:204 45438356008               /mnt/primary/conda-envs/semantic_uncertainty_export/lib/python3.11/lib-dynload/_posixsubprocess.cpython-311-x86_64-linux-gnu.so
7f915a6ac000-7f915a6ad000 rw-p 00006000 00:204 45438356008               /mnt/primary/conda-envs/semantic_uncertainty_export/lib/python3.11/lib-dynload/_posixsubprocess.cpython-311-x86_64-linux-gnu.so
7f915a6ad000-7f915a6af000 r--p 00000000 00:204 45438459396               /mnt/primary/conda-envs/semantic_uncertainty_export/lib/python3.11/lib-dynload/fcntl.cpython-311-x86_64-linux-gnu.so
7f915a6af000-7f915a6b1000 r-xp 00002000 00:204 45438459396               /mnt/primary/conda-envs/semantic_uncertainty_export/lib/python3.11/lib-dynload/fcntl.cpython-311-x86_64-linux-gnu.so
7f915a6b1000-7f915a6b3000 r--p 00004000 00:204 45438459396               /mnt/primary/conda-envs/semantic_uncertainty_export/lib/python3.11/lib-dynload/fcntl.cpython-311-x86_64-linux-gnu.so
7f915a6b3000-7f915a6b4000 r--p 00005000 00:204 45438459396               /mnt/primary/conda-envs/semantic_uncertainty_export/lib/python3.11/lib-dynload/fcntl.cpython-311-x86_64-linux-gnu.so
7f915a6b4000-7f915a6b5000 rw-p 00006000 00:204 45438459396               /mnt/primary/conda-envs/semantic_uncertainty_export/lib/python3.11/lib-dynload/fcntl.cpython-311-x86_64-linux-gnu.so
7f915a6b5000-7f915a6b8000 r--p 00000000 00:204 45438355999               /mnt/primary/conda-envs/semantic_uncertainty_export/lib/python3.11/lib-dynload/_json.cpython-311-x86_64-linux-gnu.so
7f915a6b8000-7f915a6be000 r-xp 00003000 00:204 45438355999               /mnt/primary/conda-envs/semantic_uncertainty_export/lib/python3.11/lib-dynload/_json.cpython-311-x86_64-linux-gnu.so
7f915a6be000-7f915a6c0000 r--p 00009000 00:204 45438355999               /mnt/primary/conda-envs/semantic_uncertainty_export/lib/python3.11/lib-dynload/_json.cpython-311-x86_64-linux-gnu.so
7f915a6c0000-7f915a6c1000 r--p 0000a000 00:204 45438355999               /mnt/primary/conda-envs/semantic_uncertainty_export/lib/python3.11/lib-dynload/_json.cpython-311-x86_64-linux-gnu.so
7f915a6c1000-7f915a6c2000 rw-p 0000b000 00:204 45438355999               /mnt/primary/conda-envs/semantic_uncertainty_export/lib/python3.11/lib-dynload/_json.cpython-311-x86_64-linux-gnu.so
7f915a6c2000-7f915a6c3000 r--p 00000000 00:204 45438356027               /mnt/primary/conda-envs/semantic_uncertainty_export/lib/python3.11/lib-dynload/_typing.cpython-311-x86_64-linux-gnu.so
7f915a6c3000-7f915a6c4000 r-xp 00001000 00:204 45438356027               /mnt/primary/conda-envs/semantic_uncertainty_export/lib/python3.11/lib-dynload/_typing.cpython-311-x86_64-linux-gnu.so
7f915a6c4000-7f915a6c5000 r--p 00002000 00:204 45438356027               /mnt/primary/conda-envs/semantic_uncertainty_export/lib/python3.11/lib-dynload/_typing.cpython-311-x86_64-linux-gnu.so
7f915a6c5000-7f915a6c6000 r--p 00002000 00:204 45438356027               /mnt/primary/conda-envs/semantic_uncertainty_export/lib/python3.11/lib-dynload/_typing.cpython-311-x86_64-linux-gnu.so
7f915a6c6000-7f915a6c7000 rw-p 00003000 00:204 45438356027               /mnt/primary/conda-envs/semantic_uncertainty_export/lib/python3.11/lib-dynload/_typing.cpython-311-x86_64-linux-gnu.so
7f915a6c7000-7f915a8c7000 rw-p 00000000 00:00 0 
7f915a8cb000-7f915aa2d000 rw-p 00000000 00:00 0 
7f915aa2d000-7f915aa84000 r--p 00000000 08:04 1087162691                 /usr/lib/locale/C.utf8/LC_CTYPE
7f915aa84000-7f915aa89000 rw-p 00000000 00:00 0 
7f915aa89000-7f915aab1000 r--p 00000000 08:04 546782462                  /usr/lib/x86_64-linux-gnu/libc.so.6
7f915aab1000-7f915ac46000 r-xp 00028000 08:04 546782462                  /usr/lib/x86_64-linux-gnu/libc.so.6
7f915ac46000-7f915ac9e000 r--p 001bd000 08:04 546782462                  /usr/lib/x86_64-linux-gnu/libc.so.6
7f915ac9e000-7f915ac9f000 ---p 00215000 08:04 546782462                  /usr/lib/x86_64-linux-gnu/libc.so.6
7f915ac9f000-7f915aca3000 r--p 00215000 08:04 546782462                  /usr/lib/x86_64-linux-gnu/libc.so.6
7f915aca3000-7f915aca5000 rw-p 00219000 08:04 546782462                  /usr/lib/x86_64-linux-gnu/libc.so.6
7f915aca5000-7f915acb2000 rw-p 00000000 00:00 0 
7f915acb2000-7f915acc0000 r--p 00000000 08:04 546782565                  /usr/lib/x86_64-linux-gnu/libm.so.6
7f915acc0000-7f915ad3c000 r-xp 0000e000 08:04 546782565                  /usr/lib/x86_64-linux-gnu/libm.so.6
7f915ad3c000-7f915ad97000 r--p 0008a000 08:04 546782565                  /usr/lib/x86_64-linux-gnu/libm.so.6
7f915ad97000-7f915ad98000 r--p 000e4000 08:04 546782565                  /usr/lib/x86_64-linux-gnu/libm.so.6
7f915ad98000-7f915ad99000 rw-p 000e5000 08:04 546782565                  /usr/lib/x86_64-linux-gnu/libm.so.6
7f915ad99000-7f915ad9a000 r--p 00000000 08:04 546782619                  /usr/lib/x86_64-linux-gnu/libutil.so.1
7f915ad9a000-7f915ad9b000 r-xp 00001000 08:04 546782619                  /usr/lib/x86_64-linux-gnu/libutil.so.1
7f915ad9b000-7f915ad9c000 r--p 00002000 08:04 546782619                  /usr/lib/x86_64-linux-gnu/libutil.so.1
7f915ad9c000-7f915ad9d000 r--p 00002000 08:04 546782619                  /usr/lib/x86_64-linux-gnu/libutil.so.1
7f915ad9d000-7f915ad9e000 rw-p 00003000 08:04 546782619                  /usr/lib/x86_64-linux-gnu/libutil.so.1
7f915ad9e000-7f915ad9f000 r--p 00000000 08:04 546782540                  /usr/lib/x86_64-linux-gnu/libdl.so.2
7f915ad9f000-7f915ada0000 r-xp 00001000 08:04 546782540                  /usr/lib/x86_64-linux-gnu/libdl.so.2
7f915ada0000-7f915ada1000 r--p 00002000 08:04 546782540                  /usr/lib/x86_64-linux-gnu/libdl.so.2
7f915ada1000-7f915ada2000 r--p 00002000 08:04 546782540                  /usr/lib/x86_64-linux-gnu/libdl.so.2
7f915ada2000-7f915ada3000 rw-p 00003000 08:04 546782540                  /usr/lib/x86_64-linux-gnu/libdl.so.2
7f915ada3000-7f915ada4000 r--p 00000000 08:04 546782597                  /usr/lib/x86_64-linux-gnu/libpthread.so.0
7f915ada4000-7f915ada5000 r-xp 00001000 08:04 546782597                  /usr/lib/x86_64-linux-gnu/libpthread.so.0
7f915ada5000-7f915ada6000 r--p 00002000 08:04 546782597                  /usr/lib/x86_64-linux-gnu/libpthread.so.0
7f915ada6000-7f915ada7000 r--p 00002000 08:04 546782597                  /usr/lib/x86_64-linux-gnu/libpthread.so.0
7f915ada7000-7f915ada8000 rw-p 00003000 08:04 546782597                  /usr/lib/x86_64-linux-gnu/libpthread.so.0
7f915ada9000-7f915adb0000 r--s 00000000 08:04 1087163038                 /usr/lib/x86_64-linux-gnu/gconv/gconv-modules.cache
7f915adb0000-7f915adb2000 rw-p 00000000 00:00 0 
7f915adb2000-7f915adb4000 r--p 00000000 08:04 546782446                  /usr/lib/x86_64-linux-gnu/ld-linux-x86-64.so.2
7f915adb4000-7f915adde000 r-xp 00002000 08:04 546782446                  /usr/lib/x86_64-linux-gnu/ld-linux-x86-64.so.2
7f915adde000-7f915ade9000 r--p 0002c000 08:04 546782446                  /usr/lib/x86_64-linux-gnu/ld-linux-x86-64.so.2
7f915adea000-7f915adec000 r--p 00037000 08:04 546782446                  /usr/lib/x86_64-linux-gnu/ld-linux-x86-64.so.2
7f915adec000-7f915adee000 rw-p 00039000 08:04 546782446                  /usr/lib/x86_64-linux-gnu/ld-linux-x86-64.so.2
7ffc513e5000-7ffc513e9000 ---p 00000000 00:00 0 
7ffc513e9000-7ffc514e5000 rw-p 00000000 00:00 0                          [stack]
7ffc5159b000-7ffc5159f000 r--p 00000000 00:00 0                          [vvar]
7ffc5159f000-7ffc515a1000 r-xp 00000000 00:00 0                          [vdso]
ffffffffff600000-ffffffffff601000 --xp 00000000 00:00 0                  [vsyscall]


VM Arguments:
java_command: jupyter[pyterrier]:/root/nfs/context_coherence/analysis/qpp_test.ipynb
java_class_path (initial): /root/.pyterrier/terrier-assemblies-5.11-jar-with-dependencies.jar:/root/.pyterrier/terrier-python-helper-0.0.8.jar:/opt/miniconda3/envs/semantic_uncertainty_export/lib/python3.11/site-packages/jnius/src
Launcher Type: generic

[Global flags]
     intx CICompilerCount                          = 15                                        {product} {ergonomic}
     uint ConcGCThreads                            = 6                                         {product} {ergonomic}
     uint G1ConcRefinementThreads                  = 23                                        {product} {ergonomic}
   size_t G1HeapRegionSize                         = 4194304                                   {product} {ergonomic}
    uintx GCDrainStackTargetSize                   = 64                                        {product} {ergonomic}
   size_t InitialHeapSize                          = 2147483648                                {product} {ergonomic}
   size_t MarkStackSize                            = 4194304                                   {product} {ergonomic}
   size_t MaxHeapSize                              = 32178700288                               {product} {ergonomic}
   size_t MaxNewSize                               = 19306381312                               {product} {ergonomic}
   size_t MinHeapDeltaBytes                        = 4194304                                   {product} {ergonomic}
    uintx NonNMethodCodeHeapSize                   = 8182140                                {pd product} {ergonomic}
    uintx NonProfiledCodeHeapSize                  = 121738050                              {pd product} {ergonomic}
    uintx ProfiledCodeHeapSize                     = 121738050                              {pd product} {ergonomic}
    uintx ReservedCodeCacheSize                    = 251658240                              {pd product} {ergonomic}
     bool SegmentedCodeCache                       = true                                      {product} {ergonomic}
     bool UseCompressedClassPointers               = true                                 {lp64_product} {ergonomic}
     bool UseCompressedOops                        = true                                 {lp64_product} {ergonomic}
     bool UseG1GC                                  = true                                      {product} {ergonomic}

Logging:
Log output configuration:
 #0: stdout all=warning uptime,level,tags
 #1: stderr all=off uptime,level,tags

Environment Variables:
PATH=/opt/miniconda3/envs/semantic_uncertainty_export/bin:/opt/miniconda3/condabin:/root/.cargo/bin:/opt/miniconda3/bin:/usr/local/sbin:/usr/local/bin:/usr/sbin:/usr/bin:/sbin:/bin
LD_LIBRARY_PATH=/usr/local/nvidia/lib:/usr/local/nvidia/lib64
SHELL=/bin/bash
LC_CTYPE=C.UTF-8
TERM=xterm-color

Signal Handlers:
SIGSEGV: [libjvm.so+0xebbd40], sa_mask[0]=11111111011111111101111111111110, sa_flags=SA_RESTART|SA_SIGINFO
SIGBUS: [libjvm.so+0xebbd40], sa_mask[0]=11111111011111111101111111111110, sa_flags=SA_RESTART|SA_SIGINFO
SIGFPE: [libjvm.so+0xebbd40], sa_mask[0]=11111111011111111101111111111110, sa_flags=SA_RESTART|SA_SIGINFO
SIGPIPE: [libjvm.so+0xbfe040], sa_mask[0]=11111111011111111101111111111110, sa_flags=SA_RESTART|SA_SIGINFO
SIGXFSZ: [libjvm.so+0xbfe040], sa_mask[0]=11111111011111111101111111111110, sa_flags=SA_RESTART|SA_SIGINFO
SIGILL: [libjvm.so+0xebbd40], sa_mask[0]=11111111011111111101111111111110, sa_flags=SA_RESTART|SA_SIGINFO
SIGUSR2: [libjvm.so+0xbfdee0], sa_mask[0]=00000000000000000000000000000000, sa_flags=SA_RESTART|SA_SIGINFO
SIGHUP: [libjvm.so+0xbfe6a0], sa_mask[0]=11111111011111111101111111111110, sa_flags=SA_RESTART|SA_SIGINFO
SIGINT: SIG_IGN, sa_mask[0]=00000000000000000000000000000000, sa_flags=SA_ONSTACK
SIGTERM: [libjvm.so+0xbfe6a0], sa_mask[0]=11111111011111111101111111111110, sa_flags=SA_RESTART|SA_SIGINFO
SIGQUIT: [libjvm.so+0xbfe6a0], sa_mask[0]=11111111011111111101111111111110, sa_flags=SA_RESTART|SA_SIGINFO


---------------  S Y S T E M  ---------------

OS:DISTRIB_ID=Ubuntu
DISTRIB_RELEASE=22.04
DISTRIB_CODENAME=jammy
DISTRIB_DESCRIPTION="Ubuntu 22.04.5 LTS"
uname:Linux 6.7.4-200.fc39.x86_64 #1 SMP PREEMPT_DYNAMIC Mon Feb  5 22:21:14 UTC 2024 x86_64
OS uptime: 10 days 20:15 hours
libc:glibc 2.35 NPTL 2.35 
rlimit (soft/hard): STACK 8192k/infinity , CORE infinity/infinity , NPROC 4194304/4194304 , NOFILE 1048576/1048576 , AS infinity/infinity , CPU infinity/infinity , DATA infinity/infinity , FSIZE infinity/infinity , MEMLOCK 8192k/8192k
load average:1.72 1.52 0.97

/proc/meminfo:
MemTotal:       230719576 kB
MemFree:         6264268 kB
MemAvailable:   211445484 kB
Buffers:          821608 kB
Cached:         203256268 kB
SwapCached:            0 kB
Active:         18778252 kB
Inactive:       198505424 kB
Active(anon):   13309292 kB
Inactive(anon):      780 kB
Active(file):    5468960 kB
Inactive(file): 198504644 kB
Unevictable:      177220 kB
Mlocked:          174148 kB
SwapTotal:             0 kB
SwapFree:              0 kB
Zswap:                 0 kB
Zswapped:              0 kB
Dirty:              2088 kB
Writeback:             0 kB
AnonPages:      13305844 kB
Mapped:          1973236 kB
Shmem:             91192 kB
KReclaimable:    3238084 kB
Slab:            5126428 kB
SReclaimable:    3238084 kB
SUnreclaim:      1888344 kB
KernelStack:       34608 kB
PageTables:        73012 kB
SecPageTables:         0 kB
NFS_Unstable:          0 kB
Bounce:                0 kB
WritebackTmp:          0 kB
CommitLimit:    115359788 kB
Committed_AS:   37319308 kB
VmallocTotal:   34359738367 kB
VmallocUsed:      288352 kB
VmallocChunk:          0 kB
Percpu:           384512 kB
HardwareCorrupted:     0 kB
AnonHugePages:     49152 kB
ShmemHugePages:        0 kB
ShmemPmdMapped:        0 kB
FileHugePages:   1138688 kB
FilePmdMapped:         0 kB
CmaTotal:              0 kB
CmaFree:               0 kB
Unaccepted:            0 kB
HugePages_Total:       0
HugePages_Free:        0
HugePages_Rsvd:        0
HugePages_Surp:        0
Hugepagesize:       2048 kB
Hugetlb:               0 kB
DirectMap4k:     6925212 kB
DirectMap2M:    85213184 kB
DirectMap1G:    142606336 kB

/sys/kernel/mm/transparent_hugepage/enabled:
always [madvise] never
/sys/kernel/mm/transparent_hugepage/defrag (defrag/compaction efforts parameter):
always defer defer+madvise [madvise] never

Process Memory:
Virtual Size: 78416560K (peak: 325601316K)
Resident Set Size: 7200640K (peak: 7200640K) (anon: 6328396K, file: 872244K, shmem: 0K)
Swapped out: 0K

[error occurred during error reporting (printing OS information), id 0xb, SIGSEGV (0xb) at pc=0x00007f915ab29d98]

CPU:total 32 (initial active 32) (32 cores per cpu, 2 threads per core) family 25 model 8 stepping 2 microcode 0xa008205, cmov, cx8, fxsr, mmx, sse, sse2, sse3, ssse3, sse4.1, sse4.2, popcnt, avx, avx2, aes, clmul, erms, mmxext, 3dnowpref, lzcnt, sse4a, ht, tsc, tscinvbit, tscinv, bmi1, bmi2, adx, sha, fma
CPU Model and flags from /proc/cpuinfo:
model name	: AMD Ryzen Threadripper PRO 5955WX 16-Cores
flags		: fpu vme de pse tsc msr pae mce cx8 apic sep mtrr pge mca cmov pat pse36 clflush mmx fxsr sse sse2 ht syscall nx mmxext fxsr_opt pdpe1gb rdtscp lm constant_tsc rep_good nopl nonstop_tsc cpuid extd_apicid aperfmperf rapl pni pclmulqdq monitor ssse3 fma cx16 pcid sse4_1 sse4_2 x2apic movbe popcnt aes xsave avx f16c rdrand lahf_lm cmp_legacy svm extapic cr8_legacy abm sse4a misalignsse 3dnowprefetch osvw ibs skinit wdt tce topoext perfctr_core perfctr_nb bpext perfctr_llc mwaitx cpb cat_l3 cdp_l3 hw_pstate ssbd mba ibrs ibpb stibp vmmcall fsgsbase bmi1 avx2 smep bmi2 erms invpcid cqm rdt_a rdseed adx smap clflushopt clwb sha_ni xsaveopt xsavec xgetbv1 xsaves cqm_llc cqm_occup_llc cqm_mbm_total cqm_mbm_local user_shstk clzero irperf xsaveerptr rdpru wbnoinvd amd_ppin brs arat npt lbrv svm_lock nrip_save tsc_scale vmcb_clean flushbyasid decodeassists pausefilter pfthreshold avic v_vmsave_vmload vgif v_spec_ctrl umip pku ospke vaes vpclmulqdq rdpid overflow_recov succor smca fsrm debug_swap
Online cpus:
0-31
Offline cpus:
32-127
BIOS frequency limitation:
4000000
Frequency switch latency (ns):
0
Available cpu frequencies:
4000000 2900000 1800000 
Current governor:
performance
Core performance/turbo boost:
1

Memory: 4k page, physical 230719576k(6264268k free), swap 0k(0k free)

vm_info: OpenJDK 64-Bit Server VM (11.0.27+6-post-Ubuntu-0ubuntu122.04) for linux-amd64 JRE (11.0.27+6-post-Ubuntu-0ubuntu122.04), built on Apr 21 2025 05:59:45 by "unknown" with gcc 11.4.0

END.
