#
# A fatal error has been detected by the Java Runtime Environment:
#
#  SIGSEGV (0xb) at pc=0x00007f2f22fdf3fc, pid=2427, tid=2586
#
# JRE version: OpenJDK Runtime Environment (11.0.27+6) (build 11.0.27+6-post-Ubuntu-0ubuntu122.04)
# Java VM: OpenJDK 64-Bit Server VM (11.0.27+6-post-Ubuntu-0ubuntu122.04, mixed mode, sharing, tiered, compressed oops, g1 gc, linux-amd64)
# Problematic frame:
# C  [libc.so.6+0x453fc]
#
# Core dump will be written. Default location: Core dumps may be processed with "/usr/lib/systemd/systemd-coredump %P %u %g %s %t %c %h" (or dumping to /mnt/primary/context_coherence/analysis/core.2427)
#
# If you would like to submit a bug report, please visit:
#   https://bugs.launchpad.net/ubuntu/+source/openjdk-lts
#

---------------  S U M M A R Y ------------

Command Line: jupyter[pyterrier]:/root/nfs/context_coherence/analysis/qpp_test.ipynb

Host: AMD Ryzen Threadripper PRO 5955WX 16-Cores, 32 cores, 220G, Ubuntu 22.04.5 LTS
Time: Mon May 12 09:42:01 2025 UTC elapsed time: 170.948140 seconds (0d 0h 2m 50s)

---------------  T H R E A D  ---------------

Current thread (0x000000008ce34800):  VMThread "VM Thread" [stack: 0x00007f2d052fe000,0x00007f2d053fe000] [id=2586]

Stack: [0x00007f2d052fe000,0x00007f2d053fe000],  sp=0x00007f2d053fc810,  free space=1018k
Native frames: (J=compiled Java code, A=aot compiled Java code, j=interpreted, Vv=VM code, C=native code)
C  [libc.so.6+0x453fc]


siginfo: si_signo: 11 (SIGSEGV), si_code: 128 (SI_KERNEL), si_addr: 0x0000000000000000

Register to memory mapping:

RAX=0x00007f2f231b4cdf: <offset 0x000000000021acdf> in /usr/lib/x86_64-linux-gnu/libc.so.6 at 0x00007f2f22f9a000
RBX=0x0 is NULL
RCX=0x0000000000000001 is an unknown value
RDX=0x000fe5e463699be0 is an unknown value
RSP=0x00007f2d053fc810 points into unknown readable memory: 0x00007f2d053fc890 | 90 c8 3f 05 2d 7f 00 00
RBP=0x000000000000008f is an unknown value
RSI=0x0 is NULL
RDI=0x00007f2dd7cf41c0: <offset 0x0000000010cf41c0> in /opt/miniconda3/envs/semantic_uncertainty_export/lib/python3.11/site-packages/torch/lib/../../../../libcusparse.so.11 at 0x00007f2dc7000000
R8 =0x000000000000002a is an unknown value
R9 =0x0000000000000001 is an unknown value
R10=0x00007f2dc877c650: <offset 0x000000000177c650> in /opt/miniconda3/envs/semantic_uncertainty_export/lib/python3.11/site-packages/torch/lib/../../../../libcusparse.so.11 at 0x00007f2dc7000000
R11=0x000000000000002f is an unknown value
R12=0x00007f2f231b4838: <offset 0x000000000021a838> in /usr/lib/x86_64-linux-gnu/libc.so.6 at 0x00007f2f22f9a000
R13=0x0 is NULL
R14=0x00007f2f231b5ee8: <offset 0x000000000021bee8> in /usr/lib/x86_64-linux-gnu/libc.so.6 at 0x00007f2f22f9a000
R15=0x00000000057c61f0 points into unknown readable memory: 0x0000000020b60e50 | 50 0e b6 20 00 00 00 00


Registers:
RAX=0x00007f2f231b4cdf, RBX=0x0000000000000000, RCX=0x0000000000000001, RDX=0x000fe5e463699be0
RSP=0x00007f2d053fc810, RBP=0x000000000000008f, RSI=0x0000000000000000, RDI=0x00007f2dd7cf41c0
R8 =0x000000000000002a, R9 =0x0000000000000001, R10=0x00007f2dc877c650, R11=0x000000000000002f
R12=0x00007f2f231b4838, R13=0x0000000000000000, R14=0x00007f2f231b5ee8, R15=0x00000000057c61f0
RIP=0x00007f2f22fdf3fc, EFLAGS=0x0000000000010212, CSGSFS=0x002b000000000033, ERR=0x0000000000000000
  TRAPNO=0x000000000000000d

Top of Stack: (sp=0x00007f2d053fc810)
0x00007f2d053fc810:   00007f2d053fc890 00007f2d131ddca8
0x00007f2d053fc820:   0000000000000000 0000000100000000
0x00007f2d053fc830:   000000008ce34800 00007f2d135f7e80
0x00007f2d053fc840:   00007f2d053fc890 000000000000008f 

Instructions: (pc=0x00007f2f22fdf3fc)
0x00007f2f22fdf2fc:   75 22 48 c7 03 00 00 00 00 31 c0 87 05 bb 6b 1d
0x00007f2f22fdf30c:   00 83 f8 01 7f 26 31 c0 5b c3 66 2e 0f 1f 84 00
0x00007f2f22fdf31c:   00 00 00 00 e8 4b 30 fe ff 48 c7 05 88 6b 1d 00
0x00007f2f22fdf32c:   00 00 00 00 eb cc 66 0f 1f 44 00 00 48 8d 3d 89
0x00007f2f22fdf33c:   6b 1d 00 e8 bc bf 04 00 31 c0 5b c3 0f 1f 84 00
0x00007f2f22fdf34c:   00 00 00 00 48 8d 3d 71 6b 1d 00 e8 d4 be 04 00
0x00007f2f22fdf35c:   eb 88 66 90 f3 0f 1e fa 48 8b 05 15 4b 1d 00 8b
0x00007f2f22fdf36c:   00 85 c0 75 0f e9 fa f7 ff ff 66 2e 0f 1f 84 00
0x00007f2f22fdf37c:   00 00 00 00 31 c0 c3 66 2e 0f 1f 84 00 00 00 00
0x00007f2f22fdf38c:   00 0f 1f 00 f3 0f 1e fa 41 57 41 56 41 55 41 54
0x00007f2f22fdf39c:   49 89 f4 55 89 fd 53 48 83 ec 28 89 54 24 1c 84
0x00007f2f22fdf3ac:   c9 0f 85 11 02 00 00 4c 8d 35 2e 6b 1d 00 31 c0
0x00007f2f22fdf3bc:   ba 01 00 00 00 f0 41 0f b1 16 0f 85 02 02 00 00
0x00007f2f22fdf3cc:   31 db 4d 8b 3c 24 4d 85 ff 0f 84 35 01 00 00 0f
0x00007f2f22fdf3dc:   1f 44 00 00 49 8b 47 08 48 85 c0 0f 84 13 01 00
0x00007f2f22fdf3ec:   00 48 83 e8 01 48 89 c2 49 89 47 08 48 c1 e2 05
0x00007f2f22fdf3fc:   49 8b 4c 17 10 48 83 f9 03 0f 84 ad 00 00 00 48
0x00007f2f22fdf40c:   83 f9 04 74 4f 48 83 f9 02 75 cd 4c 01 fa 48 8b
0x00007f2f22fdf41c:   42 18 48 8b 72 20 89 da 48 c1 c8 11 64 48 33 04
0x00007f2f22fdf42c:   25 30 00 00 00 41 87 16 83 fa 01 0f 8f 1b 01 00
0x00007f2f22fdf43c:   00 89 ef ff d0 ba 01 00 00 00 89 d8 f0 41 0f b1
0x00007f2f22fdf44c:   16 74 91 4c 89 f7 e8 d9 bd 04 00 eb 87 0f 1f 80
0x00007f2f22fdf45c:   00 00 00 00 4c 01 fa 48 8b 42 18 4c 8b 6a 20 48
0x00007f2f22fdf46c:   c7 42 10 00 00 00 00 89 da 48 c1 c8 11 64 48 33
0x00007f2f22fdf47c:   04 25 30 00 00 00 41 87 16 83 fa 01 0f 8f 12 01
0x00007f2f22fdf48c:   00 00 89 ee 4c 89 ef ff d0 ba 01 00 00 00 89 d8
0x00007f2f22fdf49c:   f0 41 0f b1 16 0f 84 39 ff ff ff 4c 89 f7 e8 81
0x00007f2f22fdf4ac:   bd 04 00 e9 2c ff ff ff 0f 1f 40 00 49 8b 44 17
0x00007f2f22fdf4bc:   18 89 da 48 c1 c8 11 64 48 33 04 25 30 00 00 00
0x00007f2f22fdf4cc:   41 87 16 83 fa 01 0f 8f a8 00 00 00 ff d0 ba 01
0x00007f2f22fdf4dc:   00 00 00 89 d8 f0 41 0f b1 16 0f 84 f4 fe ff ff
0x00007f2f22fdf4ec:   4c 89 f7 e8 3c bd 04 00 e9 e7 fe ff ff 0f 1f 80 


Stack slot to memory mapping:
stack at sp + 0 slots: 0x00007f2d053fc890 points into unknown readable memory: 0x00007f2d053fc990 | 90 c9 3f 05 2d 7f 00 00
stack at sp + 1 slots: 0x00007f2d131ddca8: <offset 0x0000000000ebdca8> in /usr/lib/jvm/java-11-openjdk-amd64/lib/server/libjvm.so at 0x00007f2d12320000
stack at sp + 2 slots: 0x0 is NULL
stack at sp + 3 slots: 0x0000000100000000 is an unknown value
stack at sp + 4 slots: 0x000000008ce34800 points into unknown readable memory: 0x00007f2d1356c338 | 38 c3 56 13 2d 7f 00 00
stack at sp + 5 slots: 0x00007f2d135f7e80: <offset 0x00000000012d7e80> in /usr/lib/jvm/java-11-openjdk-amd64/lib/server/libjvm.so at 0x00007f2d12320000
stack at sp + 6 slots: 0x00007f2d053fc890 points into unknown readable memory: 0x00007f2d053fc990 | 90 c9 3f 05 2d 7f 00 00
stack at sp + 7 slots: 0x000000000000008f is an unknown value

VM_Operation (0x00007f2f1ea01690): Exit, mode: safepoint, requested by thread 0x00007f2c70001800


---------------  P R O C E S S  ---------------

Threads class SMR info:
_java_thread_list=0x00007f2c700026b0, length=10, elements={
0x0000000089ace000, 0x000000008ce35800, 0x000000008ce36800, 0x000000008ce38000,
0x000000008ce39000, 0x000000008ce3a800, 0x000000008ce3c000, 0x000000008ce3d000,
0x000000008ce50000, 0x00007f2c70001800
}

Java Threads: ( => current thread )
  0x0000000089ace000 JavaThread "main" [_thread_in_native, id=2427, stack(0x00007ffdbadca000,0x00007ffdbaeca000)]
  0x000000008ce35800 JavaThread "Reference Handler" daemon [_thread_blocked, id=2587, stack(0x00007f2d04900000,0x00007f2d04a00000)]
  0x000000008ce36800 JavaThread "Finalizer" daemon [_thread_blocked, id=2588, stack(0x00007f2d04800000,0x00007f2d04900000)]
  0x000000008ce38000 JavaThread "Signal Dispatcher" daemon [_thread_blocked, id=2589, stack(0x00007f2d04700000,0x00007f2d04800000)]
  0x000000008ce39000 JavaThread "Service Thread" daemon [_thread_blocked, id=2590, stack(0x00007f2d04600000,0x00007f2d04700000)]
  0x000000008ce3a800 JavaThread "C2 CompilerThread0" daemon [_thread_blocked, id=2591, stack(0x00007f2d04200000,0x00007f2d04300000)]
  0x000000008ce3c000 JavaThread "C1 CompilerThread0" daemon [_thread_blocked, id=2592, stack(0x00007f2cf5100000,0x00007f2cf5200000)]
  0x000000008ce3d000 JavaThread "Sweeper thread" daemon [_thread_blocked, id=2593, stack(0x00007f2cf5000000,0x00007f2cf5100000)]
  0x000000008ce50000 JavaThread "Common-Cleaner" daemon [_thread_blocked, id=2596, stack(0x00007f2cf4cff000,0x00007f2cf4dff000)]
  0x00007f2c70001800 JavaThread "SIGTERM handler" daemon [_thread_blocked, id=2818, stack(0x00007f2f1e903000,0x00007f2f1ea03000)]

Other Threads:
=>0x000000008ce34800 VMThread "VM Thread" [stack: 0x00007f2d052fe000,0x00007f2d053fe000] [id=2586]
  0x0000000089acb000 GCTaskThread "GC Thread#0" [stack: 0x00007f2d099df000,0x00007f2d09adf000] [id=2581]
  0x00007f2c88001800 GCTaskThread "GC Thread#1" [stack: 0x00007f2cf45ff000,0x00007f2cf46ff000] [id=2602]
  0x00007f2c88003000 GCTaskThread "GC Thread#2" [stack: 0x00007f2cf44fe000,0x00007f2cf45fe000] [id=2603]
  0x00007f2c88004800 GCTaskThread "GC Thread#3" [stack: 0x00007f2cf43fd000,0x00007f2cf44fd000] [id=2604]
  0x00007f2c88006800 GCTaskThread "GC Thread#4" [stack: 0x00007f2cf42fc000,0x00007f2cf43fc000] [id=2605]
  0x00007f2c88008000 GCTaskThread "GC Thread#5" [stack: 0x00007f2cf41fb000,0x00007f2cf42fb000] [id=2606]
  0x00007f2c8800a000 GCTaskThread "GC Thread#6" [stack: 0x00007f2cf40fa000,0x00007f2cf41fa000] [id=2607]
  0x00007f2c8800b800 GCTaskThread "GC Thread#7" [stack: 0x00007f2cac700000,0x00007f2cac800000] [id=2608]
  0x00007f2c8800d000 GCTaskThread "GC Thread#8" [stack: 0x00007f2cac5ff000,0x00007f2cac6ff000] [id=2609]
  0x00007f2c8800f000 GCTaskThread "GC Thread#9" [stack: 0x00007f2cac4fe000,0x00007f2cac5fe000] [id=2610]
  0x00007f2c88010800 GCTaskThread "GC Thread#10" [stack: 0x00007f2cac3fd000,0x00007f2cac4fd000] [id=2611]
  0x00007f2c88012800 GCTaskThread "GC Thread#11" [stack: 0x00007f2cac2fc000,0x00007f2cac3fc000] [id=2612]
  0x00007f2c88014000 GCTaskThread "GC Thread#12" [stack: 0x00007f2cac1fb000,0x00007f2cac2fb000] [id=2613]
  0x00007f2c88015800 GCTaskThread "GC Thread#13" [stack: 0x00007f2cac0fa000,0x00007f2cac1fa000] [id=2614]
  0x00007f2c88017800 GCTaskThread "GC Thread#14" [stack: 0x00007f2ca7f00000,0x00007f2ca8000000] [id=2615]
  0x00007f2c88019000 GCTaskThread "GC Thread#15" [stack: 0x00007f2ca5d00000,0x00007f2ca5e00000] [id=2616]
  0x00007f2c8801b000 GCTaskThread "GC Thread#16" [stack: 0x00007f2ca5bff000,0x00007f2ca5cff000] [id=2617]
  0x00007f2c8801c800 GCTaskThread "GC Thread#17" [stack: 0x00007f2ca5afe000,0x00007f2ca5bfe000] [id=2618]
  0x00007f2c8801e800 GCTaskThread "GC Thread#18" [stack: 0x00007f2ca59fd000,0x00007f2ca5afd000] [id=2619]
  0x00007f2c88020000 GCTaskThread "GC Thread#19" [stack: 0x00007f2ca58fc000,0x00007f2ca59fc000] [id=2620]
  0x00007f2c88021800 GCTaskThread "GC Thread#20" [stack: 0x00007f2ca57fb000,0x00007f2ca58fb000] [id=2621]
  0x00007f2c88023800 GCTaskThread "GC Thread#21" [stack: 0x00007f2ca56fa000,0x00007f2ca57fa000] [id=2622]
  0x00007f2c88025800 GCTaskThread "GC Thread#22" [stack: 0x00007f2ca55f9000,0x00007f2ca56f9000] [id=2623]
  0x0000000089a2d000 ConcurrentGCThread "G1 Main Marker" [stack: 0x00007f2d098de000,0x00007f2d099de000] [id=2582]
  0x0000000089ac5000 ConcurrentGCThread "G1 Conc#0" [stack: 0x00007f2d05b00000,0x00007f2d05c00000] [id=2583]
  0x000000008ccac800 ConcurrentGCThread "G1 Refine#0" [stack: 0x00007f2d05500000,0x00007f2d05600000] [id=2584]
  0x000000008ccad800 ConcurrentGCThread "G1 Young RemSet Sampling" [stack: 0x00007f2d053ff000,0x00007f2d054ff000] [id=2585]

Threads with active compile tasks:

VM state:at safepoint (shutting down)

VM Mutex/Monitor currently owned by a thread:  ([mutex/lock_event])
[0x000000000ae60100] Threads_lock - owner thread: 0x000000008ce34800

Heap address: 0x0000001000400000, size: 30688 MB, Compressed Oops mode: Non-zero disjoint base: 0x0000001000000000, Oop shift amount: 3
Narrow klass base: 0x0000000800000000, Narrow klass shift: 3
Compressed class space size: 1073741824 Address: 0x0000000840000000

Heap:
 garbage-first heap   total 2105344K, used 601142K [0x0000001000400000, 0x000000177e400000)
  region size 4096K, 118 young (483328K), 1 survivors (4096K)
 Metaspace       used 5325K, capacity 7127K, committed 7168K, reserved 1056768K
  class space    used 671K, capacity 1006K, committed 1024K, reserved 1048576K
Heap Regions: E=young(eden), S=young(survivor), O=old, HS=humongous(starts), HC=humongous(continues), CS=collection set, F=free, A=archive, TAMS=top-at-mark-start (previous, next)
|   0|0x0000001000400000, 0x0000001000800000, 0x0000001000800000|100%|HS|  |TAMS 0x0000001000400000, 0x0000001000400000| Complete 
|   1|0x0000001000800000, 0x0000001000c00000, 0x0000001000c00000|100%|HC|  |TAMS 0x0000001000800000, 0x0000001000800000| Complete 
|   2|0x0000001000c00000, 0x0000001001000000, 0x0000001001000000|100%|HS|  |TAMS 0x0000001000c00000, 0x0000001000c00000| Complete 
|   3|0x0000001001000000, 0x0000001001400000, 0x0000001001400000|100%|HC|  |TAMS 0x0000001001000000, 0x0000001001000000| Complete 
|   4|0x0000001001400000, 0x0000001001800000, 0x0000001001800000|100%|HC|  |TAMS 0x0000001001400000, 0x0000001001400000| Complete 
|   5|0x0000001001800000, 0x0000001001c00000, 0x0000001001c00000|100%|HC|  |TAMS 0x0000001001800000, 0x0000001001800000| Complete 
|   6|0x0000001001c00000, 0x0000001002000000, 0x0000001002000000|100%|HC|  |TAMS 0x0000001001c00000, 0x0000001001c00000| Complete 
|   7|0x0000001002000000, 0x0000001002400000, 0x0000001002400000|100%|HC|  |TAMS 0x0000001002000000, 0x0000001002000000| Complete 
|   8|0x0000001002400000, 0x0000001002800000, 0x0000001002800000|100%|HC|  |TAMS 0x0000001002400000, 0x0000001002400000| Complete 
|   9|0x0000001002800000, 0x0000001002c00000, 0x0000001002c00000|100%|HC|  |TAMS 0x0000001002800000, 0x0000001002800000| Complete 
|  10|0x0000001002c00000, 0x0000001003000000, 0x0000001003000000|100%|HC|  |TAMS 0x0000001002c00000, 0x0000001002c00000| Complete 
|  11|0x0000001003000000, 0x0000001003400000, 0x0000001003400000|100%|HS|  |TAMS 0x0000001003000000, 0x0000001003000000| Complete 
|  12|0x0000001003400000, 0x0000001003800000, 0x0000001003800000|100%|HC|  |TAMS 0x0000001003400000, 0x0000001003400000| Complete 
|  13|0x0000001003800000, 0x0000001003c00000, 0x0000001003c00000|100%|HS|  |TAMS 0x0000001003800000, 0x0000001003800000| Complete 
|  14|0x0000001003c00000, 0x0000001004000000, 0x0000001004000000|100%|HC|  |TAMS 0x0000001003c00000, 0x0000001003c00000| Complete 
|  15|0x0000001004000000, 0x0000001004400000, 0x0000001004400000|100%|HC|  |TAMS 0x0000001004000000, 0x0000001004000000| Complete 
|  16|0x0000001004400000, 0x0000001004800000, 0x0000001004800000|100%|HC|  |TAMS 0x0000001004400000, 0x0000001004400000| Complete 
|  17|0x0000001004800000, 0x0000001004c00000, 0x0000001004c00000|100%|HC|  |TAMS 0x0000001004800000, 0x0000001004800000| Complete 
|  18|0x0000001004c00000, 0x0000001005000000, 0x0000001005000000|100%|HC|  |TAMS 0x0000001004c00000, 0x0000001004c00000| Complete 
|  19|0x0000001005000000, 0x0000001005400000, 0x0000001005400000|100%|HC|  |TAMS 0x0000001005000000, 0x0000001005000000| Complete 
|  20|0x0000001005400000, 0x0000001005800000, 0x0000001005800000|100%|HC|  |TAMS 0x0000001005400000, 0x0000001005400000| Complete 
|  21|0x0000001005800000, 0x0000001005c00000, 0x0000001005c00000|100%|HC|  |TAMS 0x0000001005800000, 0x0000001005800000| Complete 
|  22|0x0000001005c00000, 0x0000001006000000, 0x0000001006000000|100%|HC|  |TAMS 0x0000001005c00000, 0x0000001005c00000| Complete 
|  23|0x0000001006000000, 0x0000001006400000, 0x0000001006400000|100%|HC|  |TAMS 0x0000001006000000, 0x0000001006000000| Complete 
|  24|0x0000001006400000, 0x0000001006800000, 0x0000001006800000|100%|HC|  |TAMS 0x0000001006400000, 0x0000001006400000| Complete 
|  25|0x0000001006800000, 0x0000001006c00000, 0x0000001006c00000|100%|HC|  |TAMS 0x0000001006800000, 0x0000001006800000| Complete 
|  26|0x0000001006c00000, 0x0000001007000000, 0x0000001007000000|100%|HC|  |TAMS 0x0000001006c00000, 0x0000001006c00000| Complete 
|  27|0x0000001007000000, 0x0000001007400000, 0x0000001007400000|100%|HC|  |TAMS 0x0000001007000000, 0x0000001007000000| Complete 
|  28|0x0000001007400000, 0x0000001007800000, 0x0000001007800000|100%|HC|  |TAMS 0x0000001007400000, 0x0000001007400000| Complete 
|  29|0x0000001007800000, 0x0000001007c00000, 0x0000001007c00000|100%|HC|  |TAMS 0x0000001007800000, 0x0000001007800000| Complete 
|  30|0x0000001007c00000, 0x0000001007c00000, 0x0000001008000000|  0%| F|  |TAMS 0x0000001007c00000, 0x0000001007c00000| Untracked 
|  31|0x0000001008000000, 0x0000001008000000, 0x0000001008400000|  0%| F|  |TAMS 0x0000001008000000, 0x0000001008000000| Untracked 
|  32|0x0000001008400000, 0x0000001008400000, 0x0000001008800000|  0%| F|  |TAMS 0x0000001008400000, 0x0000001008400000| Untracked 
|  33|0x0000001008800000, 0x0000001008800000, 0x0000001008c00000|  0%| F|  |TAMS 0x0000001008800000, 0x0000001008800000| Untracked 
|  34|0x0000001008c00000, 0x0000001008c00000, 0x0000001009000000|  0%| F|  |TAMS 0x0000001008c00000, 0x0000001008c00000| Untracked 
|  35|0x0000001009000000, 0x0000001009000000, 0x0000001009400000|  0%| F|  |TAMS 0x0000001009000000, 0x0000001009000000| Untracked 
|  36|0x0000001009400000, 0x0000001009400000, 0x0000001009800000|  0%| F|  |TAMS 0x0000001009400000, 0x0000001009400000| Untracked 
|  37|0x0000001009800000, 0x0000001009800000, 0x0000001009c00000|  0%| F|  |TAMS 0x0000001009800000, 0x0000001009800000| Untracked 
|  38|0x0000001009c00000, 0x0000001009c00000, 0x000000100a000000|  0%| F|  |TAMS 0x0000001009c00000, 0x0000001009c00000| Untracked 
|  39|0x000000100a000000, 0x000000100a000000, 0x000000100a400000|  0%| F|  |TAMS 0x000000100a000000, 0x000000100a000000| Untracked 
|  40|0x000000100a400000, 0x000000100a400000, 0x000000100a800000|  0%| F|  |TAMS 0x000000100a400000, 0x000000100a400000| Untracked 
|  41|0x000000100a800000, 0x000000100a800000, 0x000000100ac00000|  0%| F|  |TAMS 0x000000100a800000, 0x000000100a800000| Untracked 
|  42|0x000000100ac00000, 0x000000100ac00000, 0x000000100b000000|  0%| F|  |TAMS 0x000000100ac00000, 0x000000100ac00000| Untracked 
|  43|0x000000100b000000, 0x000000100b000000, 0x000000100b400000|  0%| F|  |TAMS 0x000000100b000000, 0x000000100b000000| Untracked 
|  44|0x000000100b400000, 0x000000100b400000, 0x000000100b800000|  0%| F|  |TAMS 0x000000100b400000, 0x000000100b400000| Untracked 
|  45|0x000000100b800000, 0x000000100b800000, 0x000000100bc00000|  0%| F|  |TAMS 0x000000100b800000, 0x000000100b800000| Untracked 
|  46|0x000000100bc00000, 0x000000100bc00000, 0x000000100c000000|  0%| F|  |TAMS 0x000000100bc00000, 0x000000100bc00000| Untracked 
|  47|0x000000100c000000, 0x000000100c000000, 0x000000100c400000|  0%| F|  |TAMS 0x000000100c000000, 0x000000100c000000| Untracked 
|  48|0x000000100c400000, 0x000000100c400000, 0x000000100c800000|  0%| F|  |TAMS 0x000000100c400000, 0x000000100c400000| Untracked 
|  49|0x000000100c800000, 0x000000100c800000, 0x000000100cc00000|  0%| F|  |TAMS 0x000000100c800000, 0x000000100c800000| Untracked 
|  50|0x000000100cc00000, 0x000000100cc00000, 0x000000100d000000|  0%| F|  |TAMS 0x000000100cc00000, 0x000000100cc00000| Untracked 
|  51|0x000000100d000000, 0x000000100d000000, 0x000000100d400000|  0%| F|  |TAMS 0x000000100d000000, 0x000000100d000000| Untracked 
|  52|0x000000100d400000, 0x000000100d400000, 0x000000100d800000|  0%| F|  |TAMS 0x000000100d400000, 0x000000100d400000| Untracked 
|  53|0x000000100d800000, 0x000000100d800000, 0x000000100dc00000|  0%| F|  |TAMS 0x000000100d800000, 0x000000100d800000| Untracked 
|  54|0x000000100dc00000, 0x000000100dc00000, 0x000000100e000000|  0%| F|  |TAMS 0x000000100dc00000, 0x000000100dc00000| Untracked 
|  55|0x000000100e000000, 0x000000100e000000, 0x000000100e400000|  0%| F|  |TAMS 0x000000100e000000, 0x000000100e000000| Untracked 
|  56|0x000000100e400000, 0x000000100e400000, 0x000000100e800000|  0%| F|  |TAMS 0x000000100e400000, 0x000000100e400000| Untracked 
|  57|0x000000100e800000, 0x000000100e800000, 0x000000100ec00000|  0%| F|  |TAMS 0x000000100e800000, 0x000000100e800000| Untracked 
|  58|0x000000100ec00000, 0x000000100ec00000, 0x000000100f000000|  0%| F|  |TAMS 0x000000100ec00000, 0x000000100ec00000| Untracked 
|  59|0x000000100f000000, 0x000000100f000000, 0x000000100f400000|  0%| F|  |TAMS 0x000000100f000000, 0x000000100f000000| Untracked 
|  60|0x000000100f400000, 0x000000100f400000, 0x000000100f800000|  0%| F|  |TAMS 0x000000100f400000, 0x000000100f400000| Untracked 
|  61|0x000000100f800000, 0x000000100f800000, 0x000000100fc00000|  0%| F|  |TAMS 0x000000100f800000, 0x000000100f800000| Untracked 
|  62|0x000000100fc00000, 0x000000100fc00000, 0x0000001010000000|  0%| F|  |TAMS 0x000000100fc00000, 0x000000100fc00000| Untracked 
|  63|0x0000001010000000, 0x0000001010000000, 0x0000001010400000|  0%| F|  |TAMS 0x0000001010000000, 0x0000001010000000| Untracked 
|  64|0x0000001010400000, 0x0000001010400000, 0x0000001010800000|  0%| F|  |TAMS 0x0000001010400000, 0x0000001010400000| Untracked 
|  65|0x0000001010800000, 0x0000001010800000, 0x0000001010c00000|  0%| F|  |TAMS 0x0000001010800000, 0x0000001010800000| Untracked 
|  66|0x0000001010c00000, 0x0000001010c00000, 0x0000001011000000|  0%| F|  |TAMS 0x0000001010c00000, 0x0000001010c00000| Untracked 
|  67|0x0000001011000000, 0x0000001011000000, 0x0000001011400000|  0%| F|  |TAMS 0x0000001011000000, 0x0000001011000000| Untracked 
|  68|0x0000001011400000, 0x0000001011400000, 0x0000001011800000|  0%| F|  |TAMS 0x0000001011400000, 0x0000001011400000| Untracked 
|  69|0x0000001011800000, 0x0000001011800000, 0x0000001011c00000|  0%| F|  |TAMS 0x0000001011800000, 0x0000001011800000| Untracked 
|  70|0x0000001011c00000, 0x0000001011c00000, 0x0000001012000000|  0%| F|  |TAMS 0x0000001011c00000, 0x0000001011c00000| Untracked 
|  71|0x0000001012000000, 0x0000001012000000, 0x0000001012400000|  0%| F|  |TAMS 0x0000001012000000, 0x0000001012000000| Untracked 
|  72|0x0000001012400000, 0x0000001012400000, 0x0000001012800000|  0%| F|  |TAMS 0x0000001012400000, 0x0000001012400000| Untracked 
|  73|0x0000001012800000, 0x0000001012800000, 0x0000001012c00000|  0%| F|  |TAMS 0x0000001012800000, 0x0000001012800000| Untracked 
|  74|0x0000001012c00000, 0x0000001012c00000, 0x0000001013000000|  0%| F|  |TAMS 0x0000001012c00000, 0x0000001012c00000| Untracked 
|  75|0x0000001013000000, 0x0000001013000000, 0x0000001013400000|  0%| F|  |TAMS 0x0000001013000000, 0x0000001013000000| Untracked 
|  76|0x0000001013400000, 0x0000001013400000, 0x0000001013800000|  0%| F|  |TAMS 0x0000001013400000, 0x0000001013400000| Untracked 
|  77|0x0000001013800000, 0x0000001013800000, 0x0000001013c00000|  0%| F|  |TAMS 0x0000001013800000, 0x0000001013800000| Untracked 
|  78|0x0000001013c00000, 0x0000001013c00000, 0x0000001014000000|  0%| F|  |TAMS 0x0000001013c00000, 0x0000001013c00000| Untracked 
|  79|0x0000001014000000, 0x0000001014000000, 0x0000001014400000|  0%| F|  |TAMS 0x0000001014000000, 0x0000001014000000| Untracked 
|  80|0x0000001014400000, 0x0000001014400000, 0x0000001014800000|  0%| F|  |TAMS 0x0000001014400000, 0x0000001014400000| Untracked 
|  81|0x0000001014800000, 0x0000001014800000, 0x0000001014c00000|  0%| F|  |TAMS 0x0000001014800000, 0x0000001014800000| Untracked 
|  82|0x0000001014c00000, 0x0000001014c00000, 0x0000001015000000|  0%| F|  |TAMS 0x0000001014c00000, 0x0000001014c00000| Untracked 
|  83|0x0000001015000000, 0x0000001015000000, 0x0000001015400000|  0%| F|  |TAMS 0x0000001015000000, 0x0000001015000000| Untracked 
|  84|0x0000001015400000, 0x0000001015400000, 0x0000001015800000|  0%| F|  |TAMS 0x0000001015400000, 0x0000001015400000| Untracked 
|  85|0x0000001015800000, 0x0000001015800000, 0x0000001015c00000|  0%| F|  |TAMS 0x0000001015800000, 0x0000001015800000| Untracked 
|  86|0x0000001015c00000, 0x0000001015c00000, 0x0000001016000000|  0%| F|  |TAMS 0x0000001015c00000, 0x0000001015c00000| Untracked 
|  87|0x0000001016000000, 0x0000001016000000, 0x0000001016400000|  0%| F|  |TAMS 0x0000001016000000, 0x0000001016000000| Untracked 
|  88|0x0000001016400000, 0x0000001016400000, 0x0000001016800000|  0%| F|  |TAMS 0x0000001016400000, 0x0000001016400000| Untracked 
|  89|0x0000001016800000, 0x0000001016800000, 0x0000001016c00000|  0%| F|  |TAMS 0x0000001016800000, 0x0000001016800000| Untracked 
|  90|0x0000001016c00000, 0x0000001016c00000, 0x0000001017000000|  0%| F|  |TAMS 0x0000001016c00000, 0x0000001016c00000| Untracked 
|  91|0x0000001017000000, 0x0000001017000000, 0x0000001017400000|  0%| F|  |TAMS 0x0000001017000000, 0x0000001017000000| Untracked 
|  92|0x0000001017400000, 0x0000001017400000, 0x0000001017800000|  0%| F|  |TAMS 0x0000001017400000, 0x0000001017400000| Untracked 
|  93|0x0000001017800000, 0x0000001017800000, 0x0000001017c00000|  0%| F|  |TAMS 0x0000001017800000, 0x0000001017800000| Untracked 
|  94|0x0000001017c00000, 0x0000001017c00000, 0x0000001018000000|  0%| F|  |TAMS 0x0000001017c00000, 0x0000001017c00000| Untracked 
|  95|0x0000001018000000, 0x0000001018000000, 0x0000001018400000|  0%| F|  |TAMS 0x0000001018000000, 0x0000001018000000| Untracked 
|  96|0x0000001018400000, 0x0000001018400000, 0x0000001018800000|  0%| F|  |TAMS 0x0000001018400000, 0x0000001018400000| Untracked 
|  97|0x0000001018800000, 0x0000001018800000, 0x0000001018c00000|  0%| F|  |TAMS 0x0000001018800000, 0x0000001018800000| Untracked 
|  98|0x0000001018c00000, 0x0000001018c00000, 0x0000001019000000|  0%| F|  |TAMS 0x0000001018c00000, 0x0000001018c00000| Untracked 
|  99|0x0000001019000000, 0x0000001019000000, 0x0000001019400000|  0%| F|  |TAMS 0x0000001019000000, 0x0000001019000000| Untracked 
| 100|0x0000001019400000, 0x0000001019400000, 0x0000001019800000|  0%| F|  |TAMS 0x0000001019400000, 0x0000001019400000| Untracked 
| 101|0x0000001019800000, 0x0000001019800000, 0x0000001019c00000|  0%| F|  |TAMS 0x0000001019800000, 0x0000001019800000| Untracked 
| 102|0x0000001019c00000, 0x0000001019c00000, 0x000000101a000000|  0%| F|  |TAMS 0x0000001019c00000, 0x0000001019c00000| Untracked 
| 103|0x000000101a000000, 0x000000101a000000, 0x000000101a400000|  0%| F|  |TAMS 0x000000101a000000, 0x000000101a000000| Untracked 
| 104|0x000000101a400000, 0x000000101a400000, 0x000000101a800000|  0%| F|  |TAMS 0x000000101a400000, 0x000000101a400000| Untracked 
| 105|0x000000101a800000, 0x000000101a800000, 0x000000101ac00000|  0%| F|  |TAMS 0x000000101a800000, 0x000000101a800000| Untracked 
| 106|0x000000101ac00000, 0x000000101ac00000, 0x000000101b000000|  0%| F|  |TAMS 0x000000101ac00000, 0x000000101ac00000| Untracked 
| 107|0x000000101b000000, 0x000000101b000000, 0x000000101b400000|  0%| F|  |TAMS 0x000000101b000000, 0x000000101b000000| Untracked 
| 108|0x000000101b400000, 0x000000101b400000, 0x000000101b800000|  0%| F|  |TAMS 0x000000101b400000, 0x000000101b400000| Untracked 
| 109|0x000000101b800000, 0x000000101b800000, 0x000000101bc00000|  0%| F|  |TAMS 0x000000101b800000, 0x000000101b800000| Untracked 
| 110|0x000000101bc00000, 0x000000101bc00000, 0x000000101c000000|  0%| F|  |TAMS 0x000000101bc00000, 0x000000101bc00000| Untracked 
| 111|0x000000101c000000, 0x000000101c000000, 0x000000101c400000|  0%| F|  |TAMS 0x000000101c000000, 0x000000101c000000| Untracked 
| 112|0x000000101c400000, 0x000000101c400000, 0x000000101c800000|  0%| F|  |TAMS 0x000000101c400000, 0x000000101c400000| Untracked 
| 113|0x000000101c800000, 0x000000101c800000, 0x000000101cc00000|  0%| F|  |TAMS 0x000000101c800000, 0x000000101c800000| Untracked 
| 114|0x000000101cc00000, 0x000000101cc00000, 0x000000101d000000|  0%| F|  |TAMS 0x000000101cc00000, 0x000000101cc00000| Untracked 
| 115|0x000000101d000000, 0x000000101d000000, 0x000000101d400000|  0%| F|  |TAMS 0x000000101d000000, 0x000000101d000000| Untracked 
| 116|0x000000101d400000, 0x000000101d400000, 0x000000101d800000|  0%| F|  |TAMS 0x000000101d400000, 0x000000101d400000| Untracked 
| 117|0x000000101d800000, 0x000000101d800000, 0x000000101dc00000|  0%| F|  |TAMS 0x000000101d800000, 0x000000101d800000| Untracked 
| 118|0x000000101dc00000, 0x000000101dc00000, 0x000000101e000000|  0%| F|  |TAMS 0x000000101dc00000, 0x000000101dc00000| Untracked 
| 119|0x000000101e000000, 0x000000101e000000, 0x000000101e400000|  0%| F|  |TAMS 0x000000101e000000, 0x000000101e000000| Untracked 
| 120|0x000000101e400000, 0x000000101e400000, 0x000000101e800000|  0%| F|  |TAMS 0x000000101e400000, 0x000000101e400000| Untracked 
| 121|0x000000101e800000, 0x000000101e800000, 0x000000101ec00000|  0%| F|  |TAMS 0x000000101e800000, 0x000000101e800000| Untracked 
| 122|0x000000101ec00000, 0x000000101ec00000, 0x000000101f000000|  0%| F|  |TAMS 0x000000101ec00000, 0x000000101ec00000| Untracked 
| 123|0x000000101f000000, 0x000000101f000000, 0x000000101f400000|  0%| F|  |TAMS 0x000000101f000000, 0x000000101f000000| Untracked 
| 124|0x000000101f400000, 0x000000101f400000, 0x000000101f800000|  0%| F|  |TAMS 0x000000101f400000, 0x000000101f400000| Untracked 
| 125|0x000000101f800000, 0x000000101f800000, 0x000000101fc00000|  0%| F|  |TAMS 0x000000101f800000, 0x000000101f800000| Untracked 
| 126|0x000000101fc00000, 0x000000101fc00000, 0x0000001020000000|  0%| F|  |TAMS 0x000000101fc00000, 0x000000101fc00000| Untracked 
| 127|0x0000001020000000, 0x0000001020000000, 0x0000001020400000|  0%| F|  |TAMS 0x0000001020000000, 0x0000001020000000| Untracked 
| 128|0x0000001020400000, 0x0000001020400000, 0x0000001020800000|  0%| F|  |TAMS 0x0000001020400000, 0x0000001020400000| Untracked 
| 129|0x0000001020800000, 0x0000001020800000, 0x0000001020c00000|  0%| F|  |TAMS 0x0000001020800000, 0x0000001020800000| Untracked 
| 130|0x0000001020c00000, 0x0000001020c00000, 0x0000001021000000|  0%| F|  |TAMS 0x0000001020c00000, 0x0000001020c00000| Untracked 
| 131|0x0000001021000000, 0x0000001021000000, 0x0000001021400000|  0%| F|  |TAMS 0x0000001021000000, 0x0000001021000000| Untracked 
| 132|0x0000001021400000, 0x0000001021400000, 0x0000001021800000|  0%| F|  |TAMS 0x0000001021400000, 0x0000001021400000| Untracked 
| 133|0x0000001021800000, 0x0000001021800000, 0x0000001021c00000|  0%| F|  |TAMS 0x0000001021800000, 0x0000001021800000| Untracked 
| 134|0x0000001021c00000, 0x0000001021c00000, 0x0000001022000000|  0%| F|  |TAMS 0x0000001021c00000, 0x0000001021c00000| Untracked 
| 135|0x0000001022000000, 0x0000001022000000, 0x0000001022400000|  0%| F|  |TAMS 0x0000001022000000, 0x0000001022000000| Untracked 
| 136|0x0000001022400000, 0x0000001022400000, 0x0000001022800000|  0%| F|  |TAMS 0x0000001022400000, 0x0000001022400000| Untracked 
| 137|0x0000001022800000, 0x0000001022800000, 0x0000001022c00000|  0%| F|  |TAMS 0x0000001022800000, 0x0000001022800000| Untracked 
| 138|0x0000001022c00000, 0x0000001022c00000, 0x0000001023000000|  0%| F|  |TAMS 0x0000001022c00000, 0x0000001022c00000| Untracked 
| 139|0x0000001023000000, 0x0000001023000000, 0x0000001023400000|  0%| F|  |TAMS 0x0000001023000000, 0x0000001023000000| Untracked 
| 140|0x0000001023400000, 0x0000001023400000, 0x0000001023800000|  0%| F|  |TAMS 0x0000001023400000, 0x0000001023400000| Untracked 
| 141|0x0000001023800000, 0x0000001023800000, 0x0000001023c00000|  0%| F|  |TAMS 0x0000001023800000, 0x0000001023800000| Untracked 
| 142|0x0000001023c00000, 0x0000001023c00000, 0x0000001024000000|  0%| F|  |TAMS 0x0000001023c00000, 0x0000001023c00000| Untracked 
| 143|0x0000001024000000, 0x0000001024000000, 0x0000001024400000|  0%| F|  |TAMS 0x0000001024000000, 0x0000001024000000| Untracked 
| 144|0x0000001024400000, 0x0000001024400000, 0x0000001024800000|  0%| F|  |TAMS 0x0000001024400000, 0x0000001024400000| Untracked 
| 145|0x0000001024800000, 0x0000001024800000, 0x0000001024c00000|  0%| F|  |TAMS 0x0000001024800000, 0x0000001024800000| Untracked 
| 146|0x0000001024c00000, 0x0000001024c00000, 0x0000001025000000|  0%| F|  |TAMS 0x0000001024c00000, 0x0000001024c00000| Untracked 
| 147|0x0000001025000000, 0x0000001025000000, 0x0000001025400000|  0%| F|  |TAMS 0x0000001025000000, 0x0000001025000000| Untracked 
| 148|0x0000001025400000, 0x0000001025400000, 0x0000001025800000|  0%| F|  |TAMS 0x0000001025400000, 0x0000001025400000| Untracked 
| 149|0x0000001025800000, 0x0000001025800000, 0x0000001025c00000|  0%| F|  |TAMS 0x0000001025800000, 0x0000001025800000| Untracked 
| 150|0x0000001025c00000, 0x0000001025c00000, 0x0000001026000000|  0%| F|  |TAMS 0x0000001025c00000, 0x0000001025c00000| Untracked 
| 151|0x0000001026000000, 0x0000001026000000, 0x0000001026400000|  0%| F|  |TAMS 0x0000001026000000, 0x0000001026000000| Untracked 
| 152|0x0000001026400000, 0x0000001026400000, 0x0000001026800000|  0%| F|  |TAMS 0x0000001026400000, 0x0000001026400000| Untracked 
| 153|0x0000001026800000, 0x0000001026800000, 0x0000001026c00000|  0%| F|  |TAMS 0x0000001026800000, 0x0000001026800000| Untracked 
| 154|0x0000001026c00000, 0x0000001026c00000, 0x0000001027000000|  0%| F|  |TAMS 0x0000001026c00000, 0x0000001026c00000| Untracked 
| 155|0x0000001027000000, 0x0000001027000000, 0x0000001027400000|  0%| F|  |TAMS 0x0000001027000000, 0x0000001027000000| Untracked 
| 156|0x0000001027400000, 0x0000001027400000, 0x0000001027800000|  0%| F|  |TAMS 0x0000001027400000, 0x0000001027400000| Untracked 
| 157|0x0000001027800000, 0x0000001027800000, 0x0000001027c00000|  0%| F|  |TAMS 0x0000001027800000, 0x0000001027800000| Untracked 
| 158|0x0000001027c00000, 0x0000001027c00000, 0x0000001028000000|  0%| F|  |TAMS 0x0000001027c00000, 0x0000001027c00000| Untracked 
| 159|0x0000001028000000, 0x0000001028000000, 0x0000001028400000|  0%| F|  |TAMS 0x0000001028000000, 0x0000001028000000| Untracked 
| 160|0x0000001028400000, 0x0000001028400000, 0x0000001028800000|  0%| F|  |TAMS 0x0000001028400000, 0x0000001028400000| Untracked 
| 161|0x0000001028800000, 0x0000001028800000, 0x0000001028c00000|  0%| F|  |TAMS 0x0000001028800000, 0x0000001028800000| Untracked 
| 162|0x0000001028c00000, 0x0000001028c00000, 0x0000001029000000|  0%| F|  |TAMS 0x0000001028c00000, 0x0000001028c00000| Untracked 
| 163|0x0000001029000000, 0x0000001029000000, 0x0000001029400000|  0%| F|  |TAMS 0x0000001029000000, 0x0000001029000000| Untracked 
| 164|0x0000001029400000, 0x0000001029400000, 0x0000001029800000|  0%| F|  |TAMS 0x0000001029400000, 0x0000001029400000| Untracked 
| 165|0x0000001029800000, 0x0000001029800000, 0x0000001029c00000|  0%| F|  |TAMS 0x0000001029800000, 0x0000001029800000| Untracked 
| 166|0x0000001029c00000, 0x0000001029c00000, 0x000000102a000000|  0%| F|  |TAMS 0x0000001029c00000, 0x0000001029c00000| Untracked 
| 167|0x000000102a000000, 0x000000102a000000, 0x000000102a400000|  0%| F|  |TAMS 0x000000102a000000, 0x000000102a000000| Untracked 
| 168|0x000000102a400000, 0x000000102a400000, 0x000000102a800000|  0%| F|  |TAMS 0x000000102a400000, 0x000000102a400000| Untracked 
| 169|0x000000102a800000, 0x000000102a800000, 0x000000102ac00000|  0%| F|  |TAMS 0x000000102a800000, 0x000000102a800000| Untracked 
| 170|0x000000102ac00000, 0x000000102ac00000, 0x000000102b000000|  0%| F|  |TAMS 0x000000102ac00000, 0x000000102ac00000| Untracked 
| 171|0x000000102b000000, 0x000000102b000000, 0x000000102b400000|  0%| F|  |TAMS 0x000000102b000000, 0x000000102b000000| Untracked 
| 172|0x000000102b400000, 0x000000102b400000, 0x000000102b800000|  0%| F|  |TAMS 0x000000102b400000, 0x000000102b400000| Untracked 
| 173|0x000000102b800000, 0x000000102b800000, 0x000000102bc00000|  0%| F|  |TAMS 0x000000102b800000, 0x000000102b800000| Untracked 
| 174|0x000000102bc00000, 0x000000102bc00000, 0x000000102c000000|  0%| F|  |TAMS 0x000000102bc00000, 0x000000102bc00000| Untracked 
| 175|0x000000102c000000, 0x000000102c000000, 0x000000102c400000|  0%| F|  |TAMS 0x000000102c000000, 0x000000102c000000| Untracked 
| 176|0x000000102c400000, 0x000000102c400000, 0x000000102c800000|  0%| F|  |TAMS 0x000000102c400000, 0x000000102c400000| Untracked 
| 177|0x000000102c800000, 0x000000102c800000, 0x000000102cc00000|  0%| F|  |TAMS 0x000000102c800000, 0x000000102c800000| Untracked 
| 178|0x000000102cc00000, 0x000000102cc00000, 0x000000102d000000|  0%| F|  |TAMS 0x000000102cc00000, 0x000000102cc00000| Untracked 
| 179|0x000000102d000000, 0x000000102d000000, 0x000000102d400000|  0%| F|  |TAMS 0x000000102d000000, 0x000000102d000000| Untracked 
| 180|0x000000102d400000, 0x000000102d400000, 0x000000102d800000|  0%| F|  |TAMS 0x000000102d400000, 0x000000102d400000| Untracked 
| 181|0x000000102d800000, 0x000000102d800000, 0x000000102dc00000|  0%| F|  |TAMS 0x000000102d800000, 0x000000102d800000| Untracked 
| 182|0x000000102dc00000, 0x000000102dc00000, 0x000000102e000000|  0%| F|  |TAMS 0x000000102dc00000, 0x000000102dc00000| Untracked 
| 183|0x000000102e000000, 0x000000102e000000, 0x000000102e400000|  0%| F|  |TAMS 0x000000102e000000, 0x000000102e000000| Untracked 
| 184|0x000000102e400000, 0x000000102e400000, 0x000000102e800000|  0%| F|  |TAMS 0x000000102e400000, 0x000000102e400000| Untracked 
| 185|0x000000102e800000, 0x000000102e800000, 0x000000102ec00000|  0%| F|  |TAMS 0x000000102e800000, 0x000000102e800000| Untracked 
| 186|0x000000102ec00000, 0x000000102ec00000, 0x000000102f000000|  0%| F|  |TAMS 0x000000102ec00000, 0x000000102ec00000| Untracked 
| 187|0x000000102f000000, 0x000000102f000000, 0x000000102f400000|  0%| F|  |TAMS 0x000000102f000000, 0x000000102f000000| Untracked 
| 188|0x000000102f400000, 0x000000102f400000, 0x000000102f800000|  0%| F|  |TAMS 0x000000102f400000, 0x000000102f400000| Untracked 
| 189|0x000000102f800000, 0x000000102f800000, 0x000000102fc00000|  0%| F|  |TAMS 0x000000102f800000, 0x000000102f800000| Untracked 
| 190|0x000000102fc00000, 0x000000102fc00000, 0x0000001030000000|  0%| F|  |TAMS 0x000000102fc00000, 0x000000102fc00000| Untracked 
| 191|0x0000001030000000, 0x0000001030000000, 0x0000001030400000|  0%| F|  |TAMS 0x0000001030000000, 0x0000001030000000| Untracked 
| 192|0x0000001030400000, 0x0000001030400000, 0x0000001030800000|  0%| F|  |TAMS 0x0000001030400000, 0x0000001030400000| Untracked 
| 193|0x0000001030800000, 0x0000001030800000, 0x0000001030c00000|  0%| F|  |TAMS 0x0000001030800000, 0x0000001030800000| Untracked 
| 194|0x0000001030c00000, 0x0000001030c00000, 0x0000001031000000|  0%| F|  |TAMS 0x0000001030c00000, 0x0000001030c00000| Untracked 
| 195|0x0000001031000000, 0x0000001031000000, 0x0000001031400000|  0%| F|  |TAMS 0x0000001031000000, 0x0000001031000000| Untracked 
| 196|0x0000001031400000, 0x0000001031400000, 0x0000001031800000|  0%| F|  |TAMS 0x0000001031400000, 0x0000001031400000| Untracked 
| 197|0x0000001031800000, 0x0000001031800000, 0x0000001031c00000|  0%| F|  |TAMS 0x0000001031800000, 0x0000001031800000| Untracked 
| 198|0x0000001031c00000, 0x0000001031c00000, 0x0000001032000000|  0%| F|  |TAMS 0x0000001031c00000, 0x0000001031c00000| Untracked 
| 199|0x0000001032000000, 0x0000001032000000, 0x0000001032400000|  0%| F|  |TAMS 0x0000001032000000, 0x0000001032000000| Untracked 
| 200|0x0000001032400000, 0x0000001032400000, 0x0000001032800000|  0%| F|  |TAMS 0x0000001032400000, 0x0000001032400000| Untracked 
| 201|0x0000001032800000, 0x0000001032800000, 0x0000001032c00000|  0%| F|  |TAMS 0x0000001032800000, 0x0000001032800000| Untracked 
| 202|0x0000001032c00000, 0x0000001032c00000, 0x0000001033000000|  0%| F|  |TAMS 0x0000001032c00000, 0x0000001032c00000| Untracked 
| 203|0x0000001033000000, 0x0000001033000000, 0x0000001033400000|  0%| F|  |TAMS 0x0000001033000000, 0x0000001033000000| Untracked 
| 204|0x0000001033400000, 0x0000001033400000, 0x0000001033800000|  0%| F|  |TAMS 0x0000001033400000, 0x0000001033400000| Untracked 
| 205|0x0000001033800000, 0x0000001033800000, 0x0000001033c00000|  0%| F|  |TAMS 0x0000001033800000, 0x0000001033800000| Untracked 
| 206|0x0000001033c00000, 0x0000001033c00000, 0x0000001034000000|  0%| F|  |TAMS 0x0000001033c00000, 0x0000001033c00000| Untracked 
| 207|0x0000001034000000, 0x0000001034000000, 0x0000001034400000|  0%| F|  |TAMS 0x0000001034000000, 0x0000001034000000| Untracked 
| 208|0x0000001034400000, 0x0000001034400000, 0x0000001034800000|  0%| F|  |TAMS 0x0000001034400000, 0x0000001034400000| Untracked 
| 209|0x0000001034800000, 0x0000001034800000, 0x0000001034c00000|  0%| F|  |TAMS 0x0000001034800000, 0x0000001034800000| Untracked 
| 210|0x0000001034c00000, 0x0000001034c00000, 0x0000001035000000|  0%| F|  |TAMS 0x0000001034c00000, 0x0000001034c00000| Untracked 
| 211|0x0000001035000000, 0x0000001035000000, 0x0000001035400000|  0%| F|  |TAMS 0x0000001035000000, 0x0000001035000000| Untracked 
| 212|0x0000001035400000, 0x0000001035400000, 0x0000001035800000|  0%| F|  |TAMS 0x0000001035400000, 0x0000001035400000| Untracked 
| 213|0x0000001035800000, 0x0000001035800000, 0x0000001035c00000|  0%| F|  |TAMS 0x0000001035800000, 0x0000001035800000| Untracked 
| 214|0x0000001035c00000, 0x0000001035c00000, 0x0000001036000000|  0%| F|  |TAMS 0x0000001035c00000, 0x0000001035c00000| Untracked 
| 215|0x0000001036000000, 0x0000001036000000, 0x0000001036400000|  0%| F|  |TAMS 0x0000001036000000, 0x0000001036000000| Untracked 
| 216|0x0000001036400000, 0x0000001036400000, 0x0000001036800000|  0%| F|  |TAMS 0x0000001036400000, 0x0000001036400000| Untracked 
| 217|0x0000001036800000, 0x0000001036800000, 0x0000001036c00000|  0%| F|  |TAMS 0x0000001036800000, 0x0000001036800000| Untracked 
| 218|0x0000001036c00000, 0x0000001036c00000, 0x0000001037000000|  0%| F|  |TAMS 0x0000001036c00000, 0x0000001036c00000| Untracked 
| 219|0x0000001037000000, 0x0000001037000000, 0x0000001037400000|  0%| F|  |TAMS 0x0000001037000000, 0x0000001037000000| Untracked 
| 220|0x0000001037400000, 0x0000001037400000, 0x0000001037800000|  0%| F|  |TAMS 0x0000001037400000, 0x0000001037400000| Untracked 
| 221|0x0000001037800000, 0x0000001037800000, 0x0000001037c00000|  0%| F|  |TAMS 0x0000001037800000, 0x0000001037800000| Untracked 
| 222|0x0000001037c00000, 0x0000001037c00000, 0x0000001038000000|  0%| F|  |TAMS 0x0000001037c00000, 0x0000001037c00000| Untracked 
| 223|0x0000001038000000, 0x0000001038000000, 0x0000001038400000|  0%| F|  |TAMS 0x0000001038000000, 0x0000001038000000| Untracked 
| 224|0x0000001038400000, 0x0000001038400000, 0x0000001038800000|  0%| F|  |TAMS 0x0000001038400000, 0x0000001038400000| Untracked 
| 225|0x0000001038800000, 0x0000001038800000, 0x0000001038c00000|  0%| F|  |TAMS 0x0000001038800000, 0x0000001038800000| Untracked 
| 226|0x0000001038c00000, 0x0000001038c00000, 0x0000001039000000|  0%| F|  |TAMS 0x0000001038c00000, 0x0000001038c00000| Untracked 
| 227|0x0000001039000000, 0x0000001039000000, 0x0000001039400000|  0%| F|  |TAMS 0x0000001039000000, 0x0000001039000000| Untracked 
| 228|0x0000001039400000, 0x0000001039400000, 0x0000001039800000|  0%| F|  |TAMS 0x0000001039400000, 0x0000001039400000| Untracked 
| 229|0x0000001039800000, 0x0000001039800000, 0x0000001039c00000|  0%| F|  |TAMS 0x0000001039800000, 0x0000001039800000| Untracked 
| 230|0x0000001039c00000, 0x0000001039c00000, 0x000000103a000000|  0%| F|  |TAMS 0x0000001039c00000, 0x0000001039c00000| Untracked 
| 231|0x000000103a000000, 0x000000103a000000, 0x000000103a400000|  0%| F|  |TAMS 0x000000103a000000, 0x000000103a000000| Untracked 
| 232|0x000000103a400000, 0x000000103a400000, 0x000000103a800000|  0%| F|  |TAMS 0x000000103a400000, 0x000000103a400000| Untracked 
| 233|0x000000103a800000, 0x000000103a800000, 0x000000103ac00000|  0%| F|  |TAMS 0x000000103a800000, 0x000000103a800000| Untracked 
| 234|0x000000103ac00000, 0x000000103ac00000, 0x000000103b000000|  0%| F|  |TAMS 0x000000103ac00000, 0x000000103ac00000| Untracked 
| 235|0x000000103b000000, 0x000000103b000000, 0x000000103b400000|  0%| F|  |TAMS 0x000000103b000000, 0x000000103b000000| Untracked 
| 236|0x000000103b400000, 0x000000103b400000, 0x000000103b800000|  0%| F|  |TAMS 0x000000103b400000, 0x000000103b400000| Untracked 
| 237|0x000000103b800000, 0x000000103b800000, 0x000000103bc00000|  0%| F|  |TAMS 0x000000103b800000, 0x000000103b800000| Untracked 
| 238|0x000000103bc00000, 0x000000103bc00000, 0x000000103c000000|  0%| F|  |TAMS 0x000000103bc00000, 0x000000103bc00000| Untracked 
| 239|0x000000103c000000, 0x000000103c000000, 0x000000103c400000|  0%| F|  |TAMS 0x000000103c000000, 0x000000103c000000| Untracked 
| 240|0x000000103c400000, 0x000000103c400000, 0x000000103c800000|  0%| F|  |TAMS 0x000000103c400000, 0x000000103c400000| Untracked 
| 241|0x000000103c800000, 0x000000103c800000, 0x000000103cc00000|  0%| F|  |TAMS 0x000000103c800000, 0x000000103c800000| Untracked 
| 242|0x000000103cc00000, 0x000000103cc00000, 0x000000103d000000|  0%| F|  |TAMS 0x000000103cc00000, 0x000000103cc00000| Untracked 
| 243|0x000000103d000000, 0x000000103d000000, 0x000000103d400000|  0%| F|  |TAMS 0x000000103d000000, 0x000000103d000000| Untracked 
| 244|0x000000103d400000, 0x000000103d400000, 0x000000103d800000|  0%| F|  |TAMS 0x000000103d400000, 0x000000103d400000| Untracked 
| 245|0x000000103d800000, 0x000000103d800000, 0x000000103dc00000|  0%| F|  |TAMS 0x000000103d800000, 0x000000103d800000| Untracked 
| 246|0x000000103dc00000, 0x000000103dc00000, 0x000000103e000000|  0%| F|  |TAMS 0x000000103dc00000, 0x000000103dc00000| Untracked 
| 247|0x000000103e000000, 0x000000103e000000, 0x000000103e400000|  0%| F|  |TAMS 0x000000103e000000, 0x000000103e000000| Untracked 
| 248|0x000000103e400000, 0x000000103e400000, 0x000000103e800000|  0%| F|  |TAMS 0x000000103e400000, 0x000000103e400000| Untracked 
| 249|0x000000103e800000, 0x000000103e800000, 0x000000103ec00000|  0%| F|  |TAMS 0x000000103e800000, 0x000000103e800000| Untracked 
| 250|0x000000103ec00000, 0x000000103ec00000, 0x000000103f000000|  0%| F|  |TAMS 0x000000103ec00000, 0x000000103ec00000| Untracked 
| 251|0x000000103f000000, 0x000000103f000000, 0x000000103f400000|  0%| F|  |TAMS 0x000000103f000000, 0x000000103f000000| Untracked 
| 252|0x000000103f400000, 0x000000103f400000, 0x000000103f800000|  0%| F|  |TAMS 0x000000103f400000, 0x000000103f400000| Untracked 
| 253|0x000000103f800000, 0x000000103f800000, 0x000000103fc00000|  0%| F|  |TAMS 0x000000103f800000, 0x000000103f800000| Untracked 
| 254|0x000000103fc00000, 0x000000103fc00000, 0x0000001040000000|  0%| F|  |TAMS 0x000000103fc00000, 0x000000103fc00000| Untracked 
| 255|0x0000001040000000, 0x0000001040000000, 0x0000001040400000|  0%| F|  |TAMS 0x0000001040000000, 0x0000001040000000| Untracked 
| 256|0x0000001040400000, 0x0000001040400000, 0x0000001040800000|  0%| F|  |TAMS 0x0000001040400000, 0x0000001040400000| Untracked 
| 257|0x0000001040800000, 0x0000001040800000, 0x0000001040c00000|  0%| F|  |TAMS 0x0000001040800000, 0x0000001040800000| Untracked 
| 258|0x0000001040c00000, 0x0000001040c00000, 0x0000001041000000|  0%| F|  |TAMS 0x0000001040c00000, 0x0000001040c00000| Untracked 
| 259|0x0000001041000000, 0x0000001041000000, 0x0000001041400000|  0%| F|  |TAMS 0x0000001041000000, 0x0000001041000000| Untracked 
| 260|0x0000001041400000, 0x0000001041400000, 0x0000001041800000|  0%| F|  |TAMS 0x0000001041400000, 0x0000001041400000| Untracked 
| 261|0x0000001041800000, 0x0000001041800000, 0x0000001041c00000|  0%| F|  |TAMS 0x0000001041800000, 0x0000001041800000| Untracked 
| 262|0x0000001041c00000, 0x0000001041c00000, 0x0000001042000000|  0%| F|  |TAMS 0x0000001041c00000, 0x0000001041c00000| Untracked 
| 263|0x0000001042000000, 0x0000001042000000, 0x0000001042400000|  0%| F|  |TAMS 0x0000001042000000, 0x0000001042000000| Untracked 
| 264|0x0000001042400000, 0x0000001042400000, 0x0000001042800000|  0%| F|  |TAMS 0x0000001042400000, 0x0000001042400000| Untracked 
| 265|0x0000001042800000, 0x0000001042800000, 0x0000001042c00000|  0%| F|  |TAMS 0x0000001042800000, 0x0000001042800000| Untracked 
| 266|0x0000001042c00000, 0x0000001042c00000, 0x0000001043000000|  0%| F|  |TAMS 0x0000001042c00000, 0x0000001042c00000| Untracked 
| 267|0x0000001043000000, 0x0000001043000000, 0x0000001043400000|  0%| F|  |TAMS 0x0000001043000000, 0x0000001043000000| Untracked 
| 268|0x0000001043400000, 0x0000001043400000, 0x0000001043800000|  0%| F|  |TAMS 0x0000001043400000, 0x0000001043400000| Untracked 
| 269|0x0000001043800000, 0x0000001043800000, 0x0000001043c00000|  0%| F|  |TAMS 0x0000001043800000, 0x0000001043800000| Untracked 
| 270|0x0000001043c00000, 0x0000001043c00000, 0x0000001044000000|  0%| F|  |TAMS 0x0000001043c00000, 0x0000001043c00000| Untracked 
| 271|0x0000001044000000, 0x0000001044000000, 0x0000001044400000|  0%| F|  |TAMS 0x0000001044000000, 0x0000001044000000| Untracked 
| 272|0x0000001044400000, 0x0000001044400000, 0x0000001044800000|  0%| F|  |TAMS 0x0000001044400000, 0x0000001044400000| Untracked 
| 273|0x0000001044800000, 0x0000001044800000, 0x0000001044c00000|  0%| F|  |TAMS 0x0000001044800000, 0x0000001044800000| Untracked 
| 274|0x0000001044c00000, 0x0000001044c00000, 0x0000001045000000|  0%| F|  |TAMS 0x0000001044c00000, 0x0000001044c00000| Untracked 
| 275|0x0000001045000000, 0x0000001045000000, 0x0000001045400000|  0%| F|  |TAMS 0x0000001045000000, 0x0000001045000000| Untracked 
| 276|0x0000001045400000, 0x0000001045400000, 0x0000001045800000|  0%| F|  |TAMS 0x0000001045400000, 0x0000001045400000| Untracked 
| 277|0x0000001045800000, 0x0000001045800000, 0x0000001045c00000|  0%| F|  |TAMS 0x0000001045800000, 0x0000001045800000| Untracked 
| 278|0x0000001045c00000, 0x0000001045c00000, 0x0000001046000000|  0%| F|  |TAMS 0x0000001045c00000, 0x0000001045c00000| Untracked 
| 279|0x0000001046000000, 0x0000001046000000, 0x0000001046400000|  0%| F|  |TAMS 0x0000001046000000, 0x0000001046000000| Untracked 
| 280|0x0000001046400000, 0x0000001046400000, 0x0000001046800000|  0%| F|  |TAMS 0x0000001046400000, 0x0000001046400000| Untracked 
| 281|0x0000001046800000, 0x0000001046800000, 0x0000001046c00000|  0%| F|  |TAMS 0x0000001046800000, 0x0000001046800000| Untracked 
| 282|0x0000001046c00000, 0x0000001046c00000, 0x0000001047000000|  0%| F|  |TAMS 0x0000001046c00000, 0x0000001046c00000| Untracked 
| 283|0x0000001047000000, 0x0000001047000000, 0x0000001047400000|  0%| F|  |TAMS 0x0000001047000000, 0x0000001047000000| Untracked 
| 284|0x0000001047400000, 0x0000001047400000, 0x0000001047800000|  0%| F|  |TAMS 0x0000001047400000, 0x0000001047400000| Untracked 
| 285|0x0000001047800000, 0x0000001047800000, 0x0000001047c00000|  0%| F|  |TAMS 0x0000001047800000, 0x0000001047800000| Untracked 
| 286|0x0000001047c00000, 0x0000001047c00000, 0x0000001048000000|  0%| F|  |TAMS 0x0000001047c00000, 0x0000001047c00000| Untracked 
| 287|0x0000001048000000, 0x0000001048000000, 0x0000001048400000|  0%| F|  |TAMS 0x0000001048000000, 0x0000001048000000| Untracked 
| 288|0x0000001048400000, 0x0000001048400000, 0x0000001048800000|  0%| F|  |TAMS 0x0000001048400000, 0x0000001048400000| Untracked 
| 289|0x0000001048800000, 0x0000001048800000, 0x0000001048c00000|  0%| F|  |TAMS 0x0000001048800000, 0x0000001048800000| Untracked 
| 290|0x0000001048c00000, 0x0000001048c00000, 0x0000001049000000|  0%| F|  |TAMS 0x0000001048c00000, 0x0000001048c00000| Untracked 
| 291|0x0000001049000000, 0x0000001049000000, 0x0000001049400000|  0%| F|  |TAMS 0x0000001049000000, 0x0000001049000000| Untracked 
| 292|0x0000001049400000, 0x0000001049400000, 0x0000001049800000|  0%| F|  |TAMS 0x0000001049400000, 0x0000001049400000| Untracked 
| 293|0x0000001049800000, 0x0000001049800000, 0x0000001049c00000|  0%| F|  |TAMS 0x0000001049800000, 0x0000001049800000| Untracked 
| 294|0x0000001049c00000, 0x0000001049c00000, 0x000000104a000000|  0%| F|  |TAMS 0x0000001049c00000, 0x0000001049c00000| Untracked 
| 295|0x000000104a000000, 0x000000104a000000, 0x000000104a400000|  0%| F|  |TAMS 0x000000104a000000, 0x000000104a000000| Untracked 
| 296|0x000000104a400000, 0x000000104a400000, 0x000000104a800000|  0%| F|  |TAMS 0x000000104a400000, 0x000000104a400000| Untracked 
| 297|0x000000104a800000, 0x000000104a800000, 0x000000104ac00000|  0%| F|  |TAMS 0x000000104a800000, 0x000000104a800000| Untracked 
| 298|0x000000104ac00000, 0x000000104ac00000, 0x000000104b000000|  0%| F|  |TAMS 0x000000104ac00000, 0x000000104ac00000| Untracked 
| 299|0x000000104b000000, 0x000000104b000000, 0x000000104b400000|  0%| F|  |TAMS 0x000000104b000000, 0x000000104b000000| Untracked 
| 300|0x000000104b400000, 0x000000104b400000, 0x000000104b800000|  0%| F|  |TAMS 0x000000104b400000, 0x000000104b400000| Untracked 
| 301|0x000000104b800000, 0x000000104b800000, 0x000000104bc00000|  0%| F|  |TAMS 0x000000104b800000, 0x000000104b800000| Untracked 
| 302|0x000000104bc00000, 0x000000104bc00000, 0x000000104c000000|  0%| F|  |TAMS 0x000000104bc00000, 0x000000104bc00000| Untracked 
| 303|0x000000104c000000, 0x000000104c000000, 0x000000104c400000|  0%| F|  |TAMS 0x000000104c000000, 0x000000104c000000| Untracked 
| 304|0x000000104c400000, 0x000000104c400000, 0x000000104c800000|  0%| F|  |TAMS 0x000000104c400000, 0x000000104c400000| Untracked 
| 305|0x000000104c800000, 0x000000104c800000, 0x000000104cc00000|  0%| F|  |TAMS 0x000000104c800000, 0x000000104c800000| Untracked 
| 306|0x000000104cc00000, 0x000000104cc00000, 0x000000104d000000|  0%| F|  |TAMS 0x000000104cc00000, 0x000000104cc00000| Untracked 
| 307|0x000000104d000000, 0x000000104d000000, 0x000000104d400000|  0%| F|  |TAMS 0x000000104d000000, 0x000000104d000000| Untracked 
| 308|0x000000104d400000, 0x000000104d400000, 0x000000104d800000|  0%| F|  |TAMS 0x000000104d400000, 0x000000104d400000| Untracked 
| 309|0x000000104d800000, 0x000000104d800000, 0x000000104dc00000|  0%| F|  |TAMS 0x000000104d800000, 0x000000104d800000| Untracked 
| 310|0x000000104dc00000, 0x000000104dc00000, 0x000000104e000000|  0%| F|  |TAMS 0x000000104dc00000, 0x000000104dc00000| Untracked 
| 311|0x000000104e000000, 0x000000104e000000, 0x000000104e400000|  0%| F|  |TAMS 0x000000104e000000, 0x000000104e000000| Untracked 
| 312|0x000000104e400000, 0x000000104e400000, 0x000000104e800000|  0%| F|  |TAMS 0x000000104e400000, 0x000000104e400000| Untracked 
| 313|0x000000104e800000, 0x000000104e800000, 0x000000104ec00000|  0%| F|  |TAMS 0x000000104e800000, 0x000000104e800000| Untracked 
| 314|0x000000104ec00000, 0x000000104ec00000, 0x000000104f000000|  0%| F|  |TAMS 0x000000104ec00000, 0x000000104ec00000| Untracked 
| 315|0x000000104f000000, 0x000000104f000000, 0x000000104f400000|  0%| F|  |TAMS 0x000000104f000000, 0x000000104f000000| Untracked 
| 316|0x000000104f400000, 0x000000104f400000, 0x000000104f800000|  0%| F|  |TAMS 0x000000104f400000, 0x000000104f400000| Untracked 
| 317|0x000000104f800000, 0x000000104f800000, 0x000000104fc00000|  0%| F|  |TAMS 0x000000104f800000, 0x000000104f800000| Untracked 
| 318|0x000000104fc00000, 0x000000104fc00000, 0x0000001050000000|  0%| F|  |TAMS 0x000000104fc00000, 0x000000104fc00000| Untracked 
| 319|0x0000001050000000, 0x0000001050000000, 0x0000001050400000|  0%| F|  |TAMS 0x0000001050000000, 0x0000001050000000| Untracked 
| 320|0x0000001050400000, 0x0000001050400000, 0x0000001050800000|  0%| F|  |TAMS 0x0000001050400000, 0x0000001050400000| Untracked 
| 321|0x0000001050800000, 0x0000001050800000, 0x0000001050c00000|  0%| F|  |TAMS 0x0000001050800000, 0x0000001050800000| Untracked 
| 322|0x0000001050c00000, 0x0000001050c00000, 0x0000001051000000|  0%| F|  |TAMS 0x0000001050c00000, 0x0000001050c00000| Untracked 
| 323|0x0000001051000000, 0x0000001051000000, 0x0000001051400000|  0%| F|  |TAMS 0x0000001051000000, 0x0000001051000000| Untracked 
| 324|0x0000001051400000, 0x0000001051400000, 0x0000001051800000|  0%| F|  |TAMS 0x0000001051400000, 0x0000001051400000| Untracked 
| 325|0x0000001051800000, 0x0000001051800000, 0x0000001051c00000|  0%| F|  |TAMS 0x0000001051800000, 0x0000001051800000| Untracked 
| 326|0x0000001051c00000, 0x0000001051c00000, 0x0000001052000000|  0%| F|  |TAMS 0x0000001051c00000, 0x0000001051c00000| Untracked 
| 327|0x0000001052000000, 0x0000001052000000, 0x0000001052400000|  0%| F|  |TAMS 0x0000001052000000, 0x0000001052000000| Untracked 
| 328|0x0000001052400000, 0x0000001052400000, 0x0000001052800000|  0%| F|  |TAMS 0x0000001052400000, 0x0000001052400000| Untracked 
| 329|0x0000001052800000, 0x0000001052800000, 0x0000001052c00000|  0%| F|  |TAMS 0x0000001052800000, 0x0000001052800000| Untracked 
| 330|0x0000001052c00000, 0x0000001052c00000, 0x0000001053000000|  0%| F|  |TAMS 0x0000001052c00000, 0x0000001052c00000| Untracked 
| 331|0x0000001053000000, 0x0000001053000000, 0x0000001053400000|  0%| F|  |TAMS 0x0000001053000000, 0x0000001053000000| Untracked 
| 332|0x0000001053400000, 0x0000001053400000, 0x0000001053800000|  0%| F|  |TAMS 0x0000001053400000, 0x0000001053400000| Untracked 
| 333|0x0000001053800000, 0x0000001053800000, 0x0000001053c00000|  0%| F|  |TAMS 0x0000001053800000, 0x0000001053800000| Untracked 
| 334|0x0000001053c00000, 0x0000001053c00000, 0x0000001054000000|  0%| F|  |TAMS 0x0000001053c00000, 0x0000001053c00000| Untracked 
| 335|0x0000001054000000, 0x0000001054000000, 0x0000001054400000|  0%| F|  |TAMS 0x0000001054000000, 0x0000001054000000| Untracked 
| 336|0x0000001054400000, 0x0000001054400000, 0x0000001054800000|  0%| F|  |TAMS 0x0000001054400000, 0x0000001054400000| Untracked 
| 337|0x0000001054800000, 0x0000001054800000, 0x0000001054c00000|  0%| F|  |TAMS 0x0000001054800000, 0x0000001054800000| Untracked 
| 338|0x0000001054c00000, 0x0000001054c00000, 0x0000001055000000|  0%| F|  |TAMS 0x0000001054c00000, 0x0000001054c00000| Untracked 
| 339|0x0000001055000000, 0x0000001055000000, 0x0000001055400000|  0%| F|  |TAMS 0x0000001055000000, 0x0000001055000000| Untracked 
| 340|0x0000001055400000, 0x0000001055400000, 0x0000001055800000|  0%| F|  |TAMS 0x0000001055400000, 0x0000001055400000| Untracked 
| 341|0x0000001055800000, 0x0000001055800000, 0x0000001055c00000|  0%| F|  |TAMS 0x0000001055800000, 0x0000001055800000| Untracked 
| 342|0x0000001055c00000, 0x0000001055c00000, 0x0000001056000000|  0%| F|  |TAMS 0x0000001055c00000, 0x0000001055c00000| Untracked 
| 343|0x0000001056000000, 0x0000001056000000, 0x0000001056400000|  0%| F|  |TAMS 0x0000001056000000, 0x0000001056000000| Untracked 
| 344|0x0000001056400000, 0x0000001056400000, 0x0000001056800000|  0%| F|  |TAMS 0x0000001056400000, 0x0000001056400000| Untracked 
| 345|0x0000001056800000, 0x0000001056800000, 0x0000001056c00000|  0%| F|  |TAMS 0x0000001056800000, 0x0000001056800000| Untracked 
| 346|0x0000001056c00000, 0x0000001056c00000, 0x0000001057000000|  0%| F|  |TAMS 0x0000001056c00000, 0x0000001056c00000| Untracked 
| 347|0x0000001057000000, 0x0000001057000000, 0x0000001057400000|  0%| F|  |TAMS 0x0000001057000000, 0x0000001057000000| Untracked 
| 348|0x0000001057400000, 0x0000001057400000, 0x0000001057800000|  0%| F|  |TAMS 0x0000001057400000, 0x0000001057400000| Untracked 
| 349|0x0000001057800000, 0x0000001057800000, 0x0000001057c00000|  0%| F|  |TAMS 0x0000001057800000, 0x0000001057800000| Untracked 
| 350|0x0000001057c00000, 0x0000001057c00000, 0x0000001058000000|  0%| F|  |TAMS 0x0000001057c00000, 0x0000001057c00000| Untracked 
| 351|0x0000001058000000, 0x0000001058000000, 0x0000001058400000|  0%| F|  |TAMS 0x0000001058000000, 0x0000001058000000| Untracked 
| 352|0x0000001058400000, 0x0000001058400000, 0x0000001058800000|  0%| F|  |TAMS 0x0000001058400000, 0x0000001058400000| Untracked 
| 353|0x0000001058800000, 0x0000001058800000, 0x0000001058c00000|  0%| F|  |TAMS 0x0000001058800000, 0x0000001058800000| Untracked 
| 354|0x0000001058c00000, 0x0000001058c00000, 0x0000001059000000|  0%| F|  |TAMS 0x0000001058c00000, 0x0000001058c00000| Untracked 
| 355|0x0000001059000000, 0x0000001059000000, 0x0000001059400000|  0%| F|  |TAMS 0x0000001059000000, 0x0000001059000000| Untracked 
| 356|0x0000001059400000, 0x0000001059400000, 0x0000001059800000|  0%| F|  |TAMS 0x0000001059400000, 0x0000001059400000| Untracked 
| 357|0x0000001059800000, 0x0000001059800000, 0x0000001059c00000|  0%| F|  |TAMS 0x0000001059800000, 0x0000001059800000| Untracked 
| 358|0x0000001059c00000, 0x0000001059c00000, 0x000000105a000000|  0%| F|  |TAMS 0x0000001059c00000, 0x0000001059c00000| Untracked 
| 359|0x000000105a000000, 0x000000105a000000, 0x000000105a400000|  0%| F|  |TAMS 0x000000105a000000, 0x000000105a000000| Untracked 
| 360|0x000000105a400000, 0x000000105a400000, 0x000000105a800000|  0%| F|  |TAMS 0x000000105a400000, 0x000000105a400000| Untracked 
| 361|0x000000105a800000, 0x000000105a800000, 0x000000105ac00000|  0%| F|  |TAMS 0x000000105a800000, 0x000000105a800000| Untracked 
| 362|0x000000105ac00000, 0x000000105ac00000, 0x000000105b000000|  0%| F|  |TAMS 0x000000105ac00000, 0x000000105ac00000| Untracked 
| 363|0x000000105b000000, 0x000000105b000000, 0x000000105b400000|  0%| F|  |TAMS 0x000000105b000000, 0x000000105b000000| Untracked 
| 364|0x000000105b400000, 0x000000105b400000, 0x000000105b800000|  0%| F|  |TAMS 0x000000105b400000, 0x000000105b400000| Untracked 
| 365|0x000000105b800000, 0x000000105b800000, 0x000000105bc00000|  0%| F|  |TAMS 0x000000105b800000, 0x000000105b800000| Untracked 
| 366|0x000000105bc00000, 0x000000105bc00000, 0x000000105c000000|  0%| F|  |TAMS 0x000000105bc00000, 0x000000105bc00000| Untracked 
| 367|0x000000105c000000, 0x000000105c000000, 0x000000105c400000|  0%| F|  |TAMS 0x000000105c000000, 0x000000105c000000| Untracked 
| 368|0x000000105c400000, 0x000000105c400000, 0x000000105c800000|  0%| F|  |TAMS 0x000000105c400000, 0x000000105c400000| Untracked 
| 369|0x000000105c800000, 0x000000105c800000, 0x000000105cc00000|  0%| F|  |TAMS 0x000000105c800000, 0x000000105c800000| Untracked 
| 370|0x000000105cc00000, 0x000000105cc00000, 0x000000105d000000|  0%| F|  |TAMS 0x000000105cc00000, 0x000000105cc00000| Untracked 
| 371|0x000000105d000000, 0x000000105d000000, 0x000000105d400000|  0%| F|  |TAMS 0x000000105d000000, 0x000000105d000000| Untracked 
| 372|0x000000105d400000, 0x000000105d400000, 0x000000105d800000|  0%| F|  |TAMS 0x000000105d400000, 0x000000105d400000| Untracked 
| 373|0x000000105d800000, 0x000000105d800000, 0x000000105dc00000|  0%| F|  |TAMS 0x000000105d800000, 0x000000105d800000| Untracked 
| 374|0x000000105dc00000, 0x000000105dc00000, 0x000000105e000000|  0%| F|  |TAMS 0x000000105dc00000, 0x000000105dc00000| Untracked 
| 375|0x000000105e000000, 0x000000105e000000, 0x000000105e400000|  0%| F|  |TAMS 0x000000105e000000, 0x000000105e000000| Untracked 
| 376|0x000000105e400000, 0x000000105e400000, 0x000000105e800000|  0%| F|  |TAMS 0x000000105e400000, 0x000000105e400000| Untracked 
| 377|0x000000105e800000, 0x000000105e800000, 0x000000105ec00000|  0%| F|  |TAMS 0x000000105e800000, 0x000000105e800000| Untracked 
| 378|0x000000105ec00000, 0x000000105ec00000, 0x000000105f000000|  0%| F|  |TAMS 0x000000105ec00000, 0x000000105ec00000| Untracked 
| 379|0x000000105f000000, 0x000000105f000000, 0x000000105f400000|  0%| F|  |TAMS 0x000000105f000000, 0x000000105f000000| Untracked 
| 380|0x000000105f400000, 0x000000105f400000, 0x000000105f800000|  0%| F|  |TAMS 0x000000105f400000, 0x000000105f400000| Untracked 
| 381|0x000000105f800000, 0x000000105f800000, 0x000000105fc00000|  0%| F|  |TAMS 0x000000105f800000, 0x000000105f800000| Untracked 
| 382|0x000000105fc00000, 0x000000105fc00000, 0x0000001060000000|  0%| F|  |TAMS 0x000000105fc00000, 0x000000105fc00000| Untracked 
| 383|0x0000001060000000, 0x0000001060000000, 0x0000001060400000|  0%| F|  |TAMS 0x0000001060000000, 0x0000001060000000| Untracked 
| 384|0x0000001060400000, 0x0000001060400000, 0x0000001060800000|  0%| F|  |TAMS 0x0000001060400000, 0x0000001060400000| Untracked 
| 385|0x0000001060800000, 0x0000001060800000, 0x0000001060c00000|  0%| F|  |TAMS 0x0000001060800000, 0x0000001060800000| Untracked 
| 386|0x0000001060c00000, 0x0000001060c00000, 0x0000001061000000|  0%| F|  |TAMS 0x0000001060c00000, 0x0000001060c00000| Untracked 
| 387|0x0000001061000000, 0x0000001061000000, 0x0000001061400000|  0%| F|  |TAMS 0x0000001061000000, 0x0000001061000000| Untracked 
| 388|0x0000001061400000, 0x0000001061400000, 0x0000001061800000|  0%| F|  |TAMS 0x0000001061400000, 0x0000001061400000| Untracked 
| 389|0x0000001061800000, 0x0000001061800000, 0x0000001061c00000|  0%| F|  |TAMS 0x0000001061800000, 0x0000001061800000| Untracked 
| 390|0x0000001061c00000, 0x0000001061c00000, 0x0000001062000000|  0%| F|  |TAMS 0x0000001061c00000, 0x0000001061c00000| Untracked 
| 391|0x0000001062000000, 0x0000001062000000, 0x0000001062400000|  0%| F|  |TAMS 0x0000001062000000, 0x0000001062000000| Untracked 
| 392|0x0000001062400000, 0x0000001062400000, 0x0000001062800000|  0%| F|  |TAMS 0x0000001062400000, 0x0000001062400000| Untracked 
| 393|0x0000001062800000, 0x0000001062800000, 0x0000001062c00000|  0%| F|  |TAMS 0x0000001062800000, 0x0000001062800000| Untracked 
| 394|0x0000001062c00000, 0x0000001062c00800, 0x0000001063000000|  0%| E|  |TAMS 0x0000001062c00000, 0x0000001062c00000| Complete 
| 395|0x0000001063000000, 0x0000001063400000, 0x0000001063400000|100%| E|CS|TAMS 0x0000001063000000, 0x0000001063000000| Complete 
| 396|0x0000001063400000, 0x0000001063800000, 0x0000001063800000|100%| E|CS|TAMS 0x0000001063400000, 0x0000001063400000| Complete 
| 397|0x0000001063800000, 0x0000001063c00000, 0x0000001063c00000|100%| E|CS|TAMS 0x0000001063800000, 0x0000001063800000| Complete 
| 398|0x0000001063c00000, 0x0000001064000000, 0x0000001064000000|100%| E|CS|TAMS 0x0000001063c00000, 0x0000001063c00000| Complete 
| 399|0x0000001064000000, 0x0000001064400000, 0x0000001064400000|100%| E|CS|TAMS 0x0000001064000000, 0x0000001064000000| Complete 
| 400|0x0000001064400000, 0x0000001064800000, 0x0000001064800000|100%| E|CS|TAMS 0x0000001064400000, 0x0000001064400000| Complete 
| 401|0x0000001064800000, 0x0000001064c00000, 0x0000001064c00000|100%| E|CS|TAMS 0x0000001064800000, 0x0000001064800000| Complete 
| 402|0x0000001064c00000, 0x0000001065000000, 0x0000001065000000|100%| E|CS|TAMS 0x0000001064c00000, 0x0000001064c00000| Complete 
| 403|0x0000001065000000, 0x0000001065400000, 0x0000001065400000|100%| E|CS|TAMS 0x0000001065000000, 0x0000001065000000| Complete 
| 404|0x0000001065400000, 0x0000001065800000, 0x0000001065800000|100%| E|CS|TAMS 0x0000001065400000, 0x0000001065400000| Complete 
| 405|0x0000001065800000, 0x0000001065c00000, 0x0000001065c00000|100%| E|CS|TAMS 0x0000001065800000, 0x0000001065800000| Complete 
| 406|0x0000001065c00000, 0x0000001066000000, 0x0000001066000000|100%| E|CS|TAMS 0x0000001065c00000, 0x0000001065c00000| Complete 
| 407|0x0000001066000000, 0x0000001066400000, 0x0000001066400000|100%| E|CS|TAMS 0x0000001066000000, 0x0000001066000000| Complete 
| 408|0x0000001066400000, 0x0000001066800000, 0x0000001066800000|100%| E|CS|TAMS 0x0000001066400000, 0x0000001066400000| Complete 
| 409|0x0000001066800000, 0x0000001066c00000, 0x0000001066c00000|100%| E|CS|TAMS 0x0000001066800000, 0x0000001066800000| Complete 
| 410|0x0000001066c00000, 0x0000001067000000, 0x0000001067000000|100%| E|CS|TAMS 0x0000001066c00000, 0x0000001066c00000| Complete 
| 411|0x0000001067000000, 0x0000001067400000, 0x0000001067400000|100%| E|CS|TAMS 0x0000001067000000, 0x0000001067000000| Complete 
| 412|0x0000001067400000, 0x0000001067800000, 0x0000001067800000|100%| E|CS|TAMS 0x0000001067400000, 0x0000001067400000| Complete 
| 413|0x0000001067800000, 0x0000001067c00000, 0x0000001067c00000|100%| E|CS|TAMS 0x0000001067800000, 0x0000001067800000| Complete 
| 414|0x0000001067c00000, 0x0000001068000000, 0x0000001068000000|100%| E|CS|TAMS 0x0000001067c00000, 0x0000001067c00000| Complete 
| 415|0x0000001068000000, 0x0000001068400000, 0x0000001068400000|100%| E|CS|TAMS 0x0000001068000000, 0x0000001068000000| Complete 
| 416|0x0000001068400000, 0x0000001068800000, 0x0000001068800000|100%| E|CS|TAMS 0x0000001068400000, 0x0000001068400000| Complete 
| 417|0x0000001068800000, 0x0000001068c00000, 0x0000001068c00000|100%| E|CS|TAMS 0x0000001068800000, 0x0000001068800000| Complete 
| 418|0x0000001068c00000, 0x0000001069000000, 0x0000001069000000|100%| E|CS|TAMS 0x0000001068c00000, 0x0000001068c00000| Complete 
| 419|0x0000001069000000, 0x0000001069400000, 0x0000001069400000|100%| E|CS|TAMS 0x0000001069000000, 0x0000001069000000| Complete 
| 420|0x0000001069400000, 0x0000001069800000, 0x0000001069800000|100%| E|CS|TAMS 0x0000001069400000, 0x0000001069400000| Complete 
| 421|0x0000001069800000, 0x0000001069c00000, 0x0000001069c00000|100%| E|CS|TAMS 0x0000001069800000, 0x0000001069800000| Complete 
| 422|0x0000001069c00000, 0x000000106a000000, 0x000000106a000000|100%| E|CS|TAMS 0x0000001069c00000, 0x0000001069c00000| Complete 
| 423|0x000000106a000000, 0x000000106a400000, 0x000000106a400000|100%| E|CS|TAMS 0x000000106a000000, 0x000000106a000000| Complete 
| 424|0x000000106a400000, 0x000000106a800000, 0x000000106a800000|100%| E|CS|TAMS 0x000000106a400000, 0x000000106a400000| Complete 
| 425|0x000000106a800000, 0x000000106ac00000, 0x000000106ac00000|100%| E|CS|TAMS 0x000000106a800000, 0x000000106a800000| Complete 
| 426|0x000000106ac00000, 0x000000106b000000, 0x000000106b000000|100%| E|CS|TAMS 0x000000106ac00000, 0x000000106ac00000| Complete 
| 427|0x000000106b000000, 0x000000106b400000, 0x000000106b400000|100%| E|CS|TAMS 0x000000106b000000, 0x000000106b000000| Complete 
| 428|0x000000106b400000, 0x000000106b800000, 0x000000106b800000|100%| E|CS|TAMS 0x000000106b400000, 0x000000106b400000| Complete 
| 429|0x000000106b800000, 0x000000106bc00000, 0x000000106bc00000|100%| E|CS|TAMS 0x000000106b800000, 0x000000106b800000| Complete 
| 430|0x000000106bc00000, 0x000000106c000000, 0x000000106c000000|100%| E|CS|TAMS 0x000000106bc00000, 0x000000106bc00000| Complete 
| 431|0x000000106c000000, 0x000000106c400000, 0x000000106c400000|100%| E|CS|TAMS 0x000000106c000000, 0x000000106c000000| Complete 
| 432|0x000000106c400000, 0x000000106c800000, 0x000000106c800000|100%| E|CS|TAMS 0x000000106c400000, 0x000000106c400000| Complete 
| 433|0x000000106c800000, 0x000000106cc00000, 0x000000106cc00000|100%| E|CS|TAMS 0x000000106c800000, 0x000000106c800000| Complete 
| 434|0x000000106cc00000, 0x000000106d000000, 0x000000106d000000|100%| E|CS|TAMS 0x000000106cc00000, 0x000000106cc00000| Complete 
| 435|0x000000106d000000, 0x000000106d400000, 0x000000106d400000|100%| E|CS|TAMS 0x000000106d000000, 0x000000106d000000| Complete 
| 436|0x000000106d400000, 0x000000106d800000, 0x000000106d800000|100%| E|CS|TAMS 0x000000106d400000, 0x000000106d400000| Complete 
| 437|0x000000106d800000, 0x000000106dc00000, 0x000000106dc00000|100%| E|CS|TAMS 0x000000106d800000, 0x000000106d800000| Complete 
| 438|0x000000106dc00000, 0x000000106e000000, 0x000000106e000000|100%| E|CS|TAMS 0x000000106dc00000, 0x000000106dc00000| Complete 
| 439|0x000000106e000000, 0x000000106e400000, 0x000000106e400000|100%| E|CS|TAMS 0x000000106e000000, 0x000000106e000000| Complete 
| 440|0x000000106e400000, 0x000000106e800000, 0x000000106e800000|100%| E|CS|TAMS 0x000000106e400000, 0x000000106e400000| Complete 
| 441|0x000000106e800000, 0x000000106ec00000, 0x000000106ec00000|100%| E|CS|TAMS 0x000000106e800000, 0x000000106e800000| Complete 
| 442|0x000000106ec00000, 0x000000106f000000, 0x000000106f000000|100%| E|CS|TAMS 0x000000106ec00000, 0x000000106ec00000| Complete 
| 443|0x000000106f000000, 0x000000106f400000, 0x000000106f400000|100%| E|CS|TAMS 0x000000106f000000, 0x000000106f000000| Complete 
| 444|0x000000106f400000, 0x000000106f800000, 0x000000106f800000|100%| E|CS|TAMS 0x000000106f400000, 0x000000106f400000| Complete 
| 445|0x000000106f800000, 0x000000106fc00000, 0x000000106fc00000|100%| E|CS|TAMS 0x000000106f800000, 0x000000106f800000| Complete 
| 446|0x000000106fc00000, 0x0000001070000000, 0x0000001070000000|100%| E|CS|TAMS 0x000000106fc00000, 0x000000106fc00000| Complete 
| 447|0x0000001070000000, 0x0000001070400000, 0x0000001070400000|100%| E|CS|TAMS 0x0000001070000000, 0x0000001070000000| Complete 
| 448|0x0000001070400000, 0x0000001070800000, 0x0000001070800000|100%| E|CS|TAMS 0x0000001070400000, 0x0000001070400000| Complete 
| 449|0x0000001070800000, 0x0000001070c00000, 0x0000001070c00000|100%| E|CS|TAMS 0x0000001070800000, 0x0000001070800000| Complete 
| 450|0x0000001070c00000, 0x0000001071000000, 0x0000001071000000|100%| E|CS|TAMS 0x0000001070c00000, 0x0000001070c00000| Complete 
| 451|0x0000001071000000, 0x0000001071400000, 0x0000001071400000|100%| E|CS|TAMS 0x0000001071000000, 0x0000001071000000| Complete 
| 452|0x0000001071400000, 0x0000001071800000, 0x0000001071800000|100%| E|CS|TAMS 0x0000001071400000, 0x0000001071400000| Complete 
| 453|0x0000001071800000, 0x0000001071c00000, 0x0000001071c00000|100%| E|CS|TAMS 0x0000001071800000, 0x0000001071800000| Complete 
| 454|0x0000001071c00000, 0x0000001072000000, 0x0000001072000000|100%| E|CS|TAMS 0x0000001071c00000, 0x0000001071c00000| Complete 
| 455|0x0000001072000000, 0x0000001072400000, 0x0000001072400000|100%| E|CS|TAMS 0x0000001072000000, 0x0000001072000000| Complete 
| 456|0x0000001072400000, 0x0000001072800000, 0x0000001072800000|100%| E|CS|TAMS 0x0000001072400000, 0x0000001072400000| Complete 
| 457|0x0000001072800000, 0x0000001072c00000, 0x0000001072c00000|100%| E|CS|TAMS 0x0000001072800000, 0x0000001072800000| Complete 
| 458|0x0000001072c00000, 0x0000001073000000, 0x0000001073000000|100%| E|CS|TAMS 0x0000001072c00000, 0x0000001072c00000| Complete 
| 459|0x0000001073000000, 0x0000001073400000, 0x0000001073400000|100%| E|CS|TAMS 0x0000001073000000, 0x0000001073000000| Complete 
| 460|0x0000001073400000, 0x0000001073800000, 0x0000001073800000|100%| E|CS|TAMS 0x0000001073400000, 0x0000001073400000| Complete 
| 461|0x0000001073800000, 0x0000001073c00000, 0x0000001073c00000|100%| E|CS|TAMS 0x0000001073800000, 0x0000001073800000| Complete 
| 462|0x0000001073c00000, 0x0000001074000000, 0x0000001074000000|100%| E|CS|TAMS 0x0000001073c00000, 0x0000001073c00000| Complete 
| 463|0x0000001074000000, 0x0000001074400000, 0x0000001074400000|100%| E|CS|TAMS 0x0000001074000000, 0x0000001074000000| Complete 
| 464|0x0000001074400000, 0x0000001074800000, 0x0000001074800000|100%| E|CS|TAMS 0x0000001074400000, 0x0000001074400000| Complete 
| 465|0x0000001074800000, 0x0000001074c00000, 0x0000001074c00000|100%| E|CS|TAMS 0x0000001074800000, 0x0000001074800000| Complete 
| 466|0x0000001074c00000, 0x0000001075000000, 0x0000001075000000|100%| E|CS|TAMS 0x0000001074c00000, 0x0000001074c00000| Complete 
| 467|0x0000001075000000, 0x0000001075400000, 0x0000001075400000|100%| E|CS|TAMS 0x0000001075000000, 0x0000001075000000| Complete 
| 468|0x0000001075400000, 0x0000001075800000, 0x0000001075800000|100%| E|CS|TAMS 0x0000001075400000, 0x0000001075400000| Complete 
| 469|0x0000001075800000, 0x0000001075c00000, 0x0000001075c00000|100%| E|CS|TAMS 0x0000001075800000, 0x0000001075800000| Complete 
| 470|0x0000001075c00000, 0x0000001076000000, 0x0000001076000000|100%| E|CS|TAMS 0x0000001075c00000, 0x0000001075c00000| Complete 
| 471|0x0000001076000000, 0x0000001076400000, 0x0000001076400000|100%| E|CS|TAMS 0x0000001076000000, 0x0000001076000000| Complete 
| 472|0x0000001076400000, 0x0000001076800000, 0x0000001076800000|100%| E|CS|TAMS 0x0000001076400000, 0x0000001076400000| Complete 
| 473|0x0000001076800000, 0x0000001076c00000, 0x0000001076c00000|100%| E|CS|TAMS 0x0000001076800000, 0x0000001076800000| Complete 
| 474|0x0000001076c00000, 0x0000001077000000, 0x0000001077000000|100%| E|CS|TAMS 0x0000001076c00000, 0x0000001076c00000| Complete 
| 475|0x0000001077000000, 0x0000001077400000, 0x0000001077400000|100%| E|CS|TAMS 0x0000001077000000, 0x0000001077000000| Complete 
| 476|0x0000001077400000, 0x0000001077800000, 0x0000001077800000|100%| E|CS|TAMS 0x0000001077400000, 0x0000001077400000| Complete 
| 477|0x0000001077800000, 0x0000001077c00000, 0x0000001077c00000|100%| E|CS|TAMS 0x0000001077800000, 0x0000001077800000| Complete 
| 478|0x0000001077c00000, 0x0000001078000000, 0x0000001078000000|100%| E|CS|TAMS 0x0000001077c00000, 0x0000001077c00000| Complete 
| 479|0x0000001078000000, 0x0000001078400000, 0x0000001078400000|100%| E|CS|TAMS 0x0000001078000000, 0x0000001078000000| Complete 
| 480|0x0000001078400000, 0x0000001078800000, 0x0000001078800000|100%| E|CS|TAMS 0x0000001078400000, 0x0000001078400000| Complete 
| 481|0x0000001078800000, 0x0000001078c00000, 0x0000001078c00000|100%| E|CS|TAMS 0x0000001078800000, 0x0000001078800000| Complete 
| 482|0x0000001078c00000, 0x0000001079000000, 0x0000001079000000|100%| E|CS|TAMS 0x0000001078c00000, 0x0000001078c00000| Complete 
| 483|0x0000001079000000, 0x0000001079400000, 0x0000001079400000|100%| E|CS|TAMS 0x0000001079000000, 0x0000001079000000| Complete 
| 484|0x0000001079400000, 0x0000001079800000, 0x0000001079800000|100%| E|CS|TAMS 0x0000001079400000, 0x0000001079400000| Complete 
| 485|0x0000001079800000, 0x0000001079c00000, 0x0000001079c00000|100%| E|CS|TAMS 0x0000001079800000, 0x0000001079800000| Complete 
| 486|0x0000001079c00000, 0x0000001079e59958, 0x000000107a000000| 58%| S|CS|TAMS 0x0000001079c00000, 0x0000001079c00000| Complete 
| 487|0x000000107a000000, 0x000000107a400000, 0x000000107a400000|100%| E|CS|TAMS 0x000000107a000000, 0x000000107a000000| Complete 
| 488|0x000000107a400000, 0x000000107a800000, 0x000000107a800000|100%| E|CS|TAMS 0x000000107a400000, 0x000000107a400000| Complete 
| 489|0x000000107a800000, 0x000000107ac00000, 0x000000107ac00000|100%| E|CS|TAMS 0x000000107a800000, 0x000000107a800000| Complete 
| 490|0x000000107ac00000, 0x000000107b000000, 0x000000107b000000|100%| E|CS|TAMS 0x000000107ac00000, 0x000000107ac00000| Complete 
| 491|0x000000107b000000, 0x000000107b400000, 0x000000107b400000|100%| E|CS|TAMS 0x000000107b000000, 0x000000107b000000| Complete 
| 492|0x000000107b400000, 0x000000107b800000, 0x000000107b800000|100%| E|CS|TAMS 0x000000107b400000, 0x000000107b400000| Complete 
| 493|0x000000107b800000, 0x000000107bc00000, 0x000000107bc00000|100%| E|CS|TAMS 0x000000107b800000, 0x000000107b800000| Complete 
| 494|0x000000107bc00000, 0x000000107c000000, 0x000000107c000000|100%| E|CS|TAMS 0x000000107bc00000, 0x000000107bc00000| Complete 
| 495|0x000000107c000000, 0x000000107c400000, 0x000000107c400000|100%| E|CS|TAMS 0x000000107c000000, 0x000000107c000000| Complete 
| 496|0x000000107c400000, 0x000000107c800000, 0x000000107c800000|100%| E|CS|TAMS 0x000000107c400000, 0x000000107c400000| Complete 
| 497|0x000000107c800000, 0x000000107cc00000, 0x000000107cc00000|100%| E|CS|TAMS 0x000000107c800000, 0x000000107c800000| Complete 
| 498|0x000000107cc00000, 0x000000107d000000, 0x000000107d000000|100%| E|CS|TAMS 0x000000107cc00000, 0x000000107cc00000| Complete 
| 499|0x000000107d000000, 0x000000107d400000, 0x000000107d400000|100%| E|CS|TAMS 0x000000107d000000, 0x000000107d000000| Complete 
| 500|0x000000107d400000, 0x000000107d800000, 0x000000107d800000|100%| E|CS|TAMS 0x000000107d400000, 0x000000107d400000| Complete 
| 501|0x000000107d800000, 0x000000107dc00000, 0x000000107dc00000|100%| E|CS|TAMS 0x000000107d800000, 0x000000107d800000| Complete 
| 502|0x000000107dc00000, 0x000000107e000000, 0x000000107e000000|100%| E|CS|TAMS 0x000000107dc00000, 0x000000107dc00000| Complete 
| 503|0x000000107e000000, 0x000000107e400000, 0x000000107e400000|100%| E|CS|TAMS 0x000000107e000000, 0x000000107e000000| Complete 
| 504|0x000000107e400000, 0x000000107e800000, 0x000000107e800000|100%| E|CS|TAMS 0x000000107e400000, 0x000000107e400000| Complete 
| 505|0x000000107e800000, 0x000000107ec00000, 0x000000107ec00000|100%| E|CS|TAMS 0x000000107e800000, 0x000000107e800000| Complete 
| 506|0x000000107ec00000, 0x000000107f000000, 0x000000107f000000|100%| E|CS|TAMS 0x000000107ec00000, 0x000000107ec00000| Complete 
| 507|0x000000107f000000, 0x000000107f400000, 0x000000107f400000|100%| E|CS|TAMS 0x000000107f000000, 0x000000107f000000| Complete 
| 508|0x000000107f400000, 0x000000107f800000, 0x000000107f800000|100%| E|CS|TAMS 0x000000107f400000, 0x000000107f400000| Complete 
| 509|0x000000107f800000, 0x000000107fc00000, 0x000000107fc00000|100%| E|CS|TAMS 0x000000107f800000, 0x000000107f800000| Complete 
| 510|0x000000107fc00000, 0x0000001080000000, 0x0000001080000000|100%| E|CS|TAMS 0x000000107fc00000, 0x000000107fc00000| Complete 
| 511|0x0000001080000000, 0x0000001080400000, 0x0000001080400000|100%| E|CS|TAMS 0x0000001080000000, 0x0000001080000000| Complete 
|7670|0x000000177dc00000, 0x000000177dc48000, 0x000000177e000000|  7%|OA|  |TAMS 0x000000177dc00000, 0x000000177dc00000| Untracked 
|7671|0x000000177e000000, 0x000000177e06c000, 0x000000177e400000| 10%|CA|  |TAMS 0x000000177e000000, 0x000000177e000000| Untracked 

Card table byte_map: [0x00007f2cec400000,0x00007f2cefff0000] _byte_map_base: 0x00007f2ce43fe000

Marking Bits (Prev, Next): (CMBitMap*) 0x0000000089abec38, (CMBitMap*) 0x0000000089abec70
 Prev Bits: [0x00007f2cca800000, 0x00007f2ce8780000)
 Next Bits: [0x00007f2cac800000, 0x00007f2cca780000)

Polling page: 0x00007f2f1fe01000

Metaspace:

Usage:
  Non-class:      5.98 MB capacity,     4.54 MB ( 76%) used,     1.38 MB ( 23%) free+waste,    53.88 KB ( <1%) overhead. 
      Class:   1006.00 KB capacity,   671.37 KB ( 67%) used,   305.70 KB ( 30%) free+waste,    28.94 KB (  3%) overhead. 
       Both:      6.96 MB capacity,     5.20 MB ( 75%) used,     1.68 MB ( 24%) free+waste,    82.81 KB (  1%) overhead. 

Virtual space:
  Non-class space:        8.00 MB reserved,       6.00 MB ( 75%) committed 
      Class space:        1.00 GB reserved,       1.00 MB ( <1%) committed 
             Both:        1.01 GB reserved,       7.00 MB ( <1%) committed 

Chunk freelists:
   Non-Class:  23.00 KB
       Class:  0 bytes
        Both:  23.00 KB

MaxMetaspaceSize: unlimited
CompressedClassSpaceSize: 1.00 GB
Initial GC threshold: 20.80 MB
Current GC threshold: 20.80 MB
CDS: on

CodeHeap 'non-profiled nmethods': size=118884Kb used=572Kb max_used=572Kb free=118311Kb
 bounds [0x00007f2cfcde7000, 0x00007f2cfd057000, 0x00007f2d04200000]
CodeHeap 'profiled nmethods': size=118884Kb used=2825Kb max_used=2825Kb free=116058Kb
 bounds [0x00007f2cf59ce000, 0x00007f2cf5c9e000, 0x00007f2cfcde7000]
CodeHeap 'non-nmethods': size=7992Kb used=1221Kb max_used=2327Kb free=6770Kb
 bounds [0x00007f2cf5200000, 0x00007f2cf5470000, 0x00007f2cf59ce000]
 total_blobs=1752 nmethods=1257 adapters=408
 compilation: enabled
              stopped_count=0, restarted_count=0
 full_count=0

Compilation events (20 events):
Event: 3.513 Thread 0x000000008ce3c000 nmethod 1248 0x00007f2cf5c89290 code [0x00007f2cf5c89460, 0x00007f2cf5c89650]
Event: 3.513 Thread 0x000000008ce3c000 1249   !   3       java.util.zip.Inflater::needsInput (55 bytes)
Event: 3.513 Thread 0x000000008ce3c000 nmethod 1249 0x00007f2cf5c89710 code [0x00007f2cf5c898e0, 0x00007f2cf5c89db0]
Event: 3.513 Thread 0x000000008ce3c000 1250       3       java.util.ArrayDeque::poll (5 bytes)
Event: 3.513 Thread 0x000000008ce3c000 nmethod 1250 0x00007f2cf5c89f10 code [0x00007f2cf5c8a0c0, 0x00007f2cf5c8a220]
Event: 3.513 Thread 0x000000008ce3c000 1251       3       java.util.ArrayDeque::add (7 bytes)
Event: 3.513 Thread 0x000000008ce3c000 nmethod 1251 0x00007f2cf5c8a310 code [0x00007f2cf5c8a4c0, 0x00007f2cf5c8a620]
Event: 3.513 Thread 0x000000008ce3c000 1252       3       java.util.ArrayDeque::addLast (51 bytes)
Event: 3.514 Thread 0x000000008ce3c000 nmethod 1252 0x00007f2cf5c8a710 code [0x00007f2cf5c8a900, 0x00007f2cf5c8ae30]
Event: 3.514 Thread 0x000000008ce3c000 1253       3       java.util.regex.Pattern::atom (422 bytes)
Event: 3.515 Thread 0x000000008ce3c000 nmethod 1253 0x00007f2cf5c8b010 code [0x00007f2cf5c8b3c0, 0x00007f2cf5c8cdf0]
Event: 3.515 Thread 0x000000008ce3c000 1254       3       java.util.regex.Matcher::match (154 bytes)
Event: 3.515 Thread 0x000000008ce3a800 nmethod 1246 0x00007f2cfce75a90 code [0x00007f2cfce75c40, 0x00007f2cfce76038]
Event: 3.515 Thread 0x000000008ce3c000 nmethod 1254 0x00007f2cf5c8d610 code [0x00007f2cf5c8d800, 0x00007f2cf5c8ddf0]
Event: 3.515 Thread 0x000000008ce3c000 1256       3       java.util.regex.Pattern::skip (23 bytes)
Event: 3.515 Thread 0x000000008ce3c000 nmethod 1256 0x00007f2cf5c8e010 code [0x00007f2cf5c8e1c0, 0x00007f2cf5c8e310]
Event: 3.515 Thread 0x000000008ce3c000 1255       3       java.util.regex.Pattern$CharProperty::<init> (10 bytes)
Event: 3.515 Thread 0x000000008ce3c000 nmethod 1255 0x00007f2cf5c8e410 code [0x00007f2cf5c8e5e0, 0x00007f2cf5c8e8b0]
Event: 3.515 Thread 0x000000008ce3c000 1257       3       java.util.regex.Pattern::curly (115 bytes)
Event: 3.516 Thread 0x000000008ce3c000 nmethod 1257 0x00007f2cf5c8e990 code [0x00007f2cf5c8eca0, 0x00007f2cf5c90070]

GC Heap History (2 events):
Event: 0.734 GC heap before
{Heap before GC invocations=0 (full 0):
 garbage-first heap   total 2105344K, used 148176K [0x0000001000400000, 0x000000177e400000)
  region size 4096K, 25 young (102400K), 0 survivors (0K)
 Metaspace       used 3671K, capacity 6166K, committed 6400K, reserved 1056768K
  class space    used 430K, capacity 745K, committed 768K, reserved 1048576K
}
Event: 0.740 GC heap after
{Heap after GC invocations=1 (full 0):
 garbage-first heap   total 2105344K, used 48182K [0x0000001000400000, 0x000000177e400000)
  region size 4096K, 1 young (4096K), 1 survivors (4096K)
 Metaspace       used 3671K, capacity 6166K, committed 6400K, reserved 1056768K
  class space    used 430K, capacity 745K, committed 768K, reserved 1048576K
}

Deoptimization events (20 events):
Event: 2.794 Thread 0x0000000089ace000 Uncommon trap: trap_request=0xffffffde fr.pc=0x00007f2cfce393b4 relative=0x0000000000000514
Event: 2.794 Thread 0x0000000089ace000 Uncommon trap: reason=class_check action=maybe_recompile pc=0x00007f2cfce393b4 method=java.io.DataInputStream.readInt()I @ 4 c2
Event: 2.794 Thread 0x0000000089ace000 DEOPT PACKING pc=0x00007f2cfce393b4 sp=0x00007ffdbaec4750
Event: 2.794 Thread 0x0000000089ace000 DEOPT UNPACKING pc=0x00007f2cf5249ea5 sp=0x00007ffdbaec4710 mode 2
Event: 2.794 Thread 0x0000000089ace000 Uncommon trap: trap_request=0xffffffde fr.pc=0x00007f2cfce393b4 relative=0x0000000000000514
Event: 2.794 Thread 0x0000000089ace000 Uncommon trap: reason=class_check action=maybe_recompile pc=0x00007f2cfce393b4 method=java.io.DataInputStream.readInt()I @ 4 c2
Event: 2.794 Thread 0x0000000089ace000 DEOPT PACKING pc=0x00007f2cfce393b4 sp=0x00007ffdbaec4750
Event: 2.794 Thread 0x0000000089ace000 DEOPT UNPACKING pc=0x00007f2cf5249ea5 sp=0x00007ffdbaec4710 mode 2
Event: 2.794 Thread 0x0000000089ace000 Uncommon trap: trap_request=0xffffffde fr.pc=0x00007f2cfce393b4 relative=0x0000000000000514
Event: 2.794 Thread 0x0000000089ace000 Uncommon trap: reason=class_check action=maybe_recompile pc=0x00007f2cfce393b4 method=java.io.DataInputStream.readInt()I @ 4 c2
Event: 2.794 Thread 0x0000000089ace000 DEOPT PACKING pc=0x00007f2cfce393b4 sp=0x00007ffdbaec4750
Event: 2.794 Thread 0x0000000089ace000 DEOPT UNPACKING pc=0x00007f2cf5249ea5 sp=0x00007ffdbaec4710 mode 2
Event: 2.900 Thread 0x0000000089ace000 DEOPT PACKING pc=0x00007f2cf5c31e96 sp=0x00007ffdbaec4510
Event: 2.900 Thread 0x0000000089ace000 DEOPT UNPACKING pc=0x00007f2cf524a64a sp=0x00007ffdbaec3fe8 mode 0
Event: 3.477 Thread 0x0000000089ace000 Uncommon trap: trap_request=0xffffff4d fr.pc=0x00007f2cfce6ce74 relative=0x0000000000000294
Event: 3.477 Thread 0x0000000089ace000 Uncommon trap: reason=unstable_if action=reinterpret pc=0x00007f2cfce6ce74 method=org.terrier.structures.BaseCompressingMetaIndex.loadIndex(Lorg/terrier/structures/IndexOnDisk;Ljava/lang/String;)V @ 308 c2
Event: 3.477 Thread 0x0000000089ace000 DEOPT PACKING pc=0x00007f2cfce6ce74 sp=0x00007ffdbaec4b90
Event: 3.477 Thread 0x0000000089ace000 DEOPT UNPACKING pc=0x00007f2cf5249ea5 sp=0x00007ffdbaec4ae8 mode 2
Event: 3.487 Thread 0x0000000089ace000 DEOPT PACKING pc=0x00007f2cf5a988d9 sp=0x00007ffdbaec3500
Event: 3.487 Thread 0x0000000089ace000 DEOPT UNPACKING pc=0x00007f2cf524a64a sp=0x00007ffdbaec2998 mode 0

Classes redefined (0 events):
No events

Internal exceptions (20 events):
Event: 1.377 Thread 0x000000008cf3d800 Exception <a 'java/lang/NoSuchMethodError'{0x00000010756856b0}: 'java.lang.Object java.lang.invoke.DirectMethodHandle$Holder.invokeSpecial(java.lang.Object, java.lang.Object, java.lang.Object, int, java.lang.Object)'> (0x00000010756856b0) thrown at [./src/hotspot/share/interpreter/linkResolver.cpp, line 772]
Event: 1.377 Thread 0x000000008cf3d800 Exception <a 'java/lang/NoSuchMethodError'{0x00000010756888a0}: 'java.lang.Object java.lang.invoke.Invokers$Holder.linkToTargetMethod(java.lang.Object, int, java.lang.Object, java.lang.Object)'> (0x00000010756888a0) thrown at [./src/hotspot/share/interpreter/linkResolver.cpp, line 772]
Event: 2.690 Thread 0x0000000089ace000 Exception <a 'java/lang/NoSuchMethodError'{0x00000010634f6140}: 'java.lang.Object java.lang.invoke.DirectMethodHandle$Holder.invokeSpecial(java.lang.Object, java.lang.Object, int, int, int, java.lang.Object, java.lang.Object, java.lang.Object, java.lang.Object)'> (0x00000010634f6140) thrown at [./src/hotspot/share/interpreter/linkResolver.cpp, line 772]
Event: 2.691 Thread 0x0000000089ace000 Exception <a 'java/lang/NoSuchMethodError'{0x00000010634f98f8}: 'java.lang.Object java.lang.invoke.DelegatingMethodHandle$Holder.reinvoke_L(java.lang.Object, int, int, int, java.lang.Object, java.lang.Object, java.lang.Object, java.lang.Object)'> (0x00000010634f98f8) thrown at [./src/hotspot/share/interpreter/linkResolver.cpp, line 772]
Event: 2.692 Thread 0x0000000089ace000 Exception <a 'java/lang/NoSuchMethodError'{0x000000106351bb30}: 'java.lang.Object java.lang.invoke.DirectMethodHandle$Holder.invokeStatic(java.lang.Object, java.lang.Object, java.lang.Object, java.lang.Object, java.lang.Object, java.lang.Object, java.lang.Object, int)'> (0x000000106351bb30) thrown at [./src/hotspot/share/interpreter/linkResolver.cpp, line 772]
Event: 2.787 Thread 0x0000000089ace000 Exception <a 'java/lang/NoSuchMethodError'{0x0000001063603cd8}: <clinit>> (0x0000001063603cd8) thrown at [./src/hotspot/share/prims/jni.cpp, line 1372]
Event: 3.481 Thread 0x0000000089ace000 Exception <a 'java/lang/NoSuchMethodError'{0x000000106375f490}: 'java.lang.Object java.lang.invoke.DirectMethodHandle$Holder.invokeSpecial(java.lang.Object, java.lang.Object, int, int, int, java.lang.Object, java.lang.Object, java.lang.Object, java.lang.Object, int)'> (0x000000106375f490) thrown at [./src/hotspot/share/interpreter/linkResolver.cpp, line 772]
Event: 3.481 Thread 0x0000000089ace000 Exception <a 'java/lang/NoSuchMethodError'{0x0000001063762e80}: 'java.lang.Object java.lang.invoke.DelegatingMethodHandle$Holder.reinvoke_L(java.lang.Object, int, int, int, java.lang.Object, java.lang.Object, java.lang.Object, java.lang.Object, int)'> (0x0000001063762e80) thrown at [./src/hotspot/share/interpreter/linkResolver.cpp, line 772]
Event: 3.483 Thread 0x0000000089ace000 Exception <a 'java/lang/NoSuchMethodError'{0x00000010637baa10}: 'java.lang.Object java.lang.invoke.DirectMethodHandle$Holder.invokeStatic(java.lang.Object, java.lang.Object, java.lang.Object, java.lang.Object, java.lang.Object, java.lang.Object, java.lang.Object, java.lang.Object, java.lang.Object, java.lang.Object, java.lang.Object, int, int, java.lang.Object, java.lang.Object, java.lang.Object)'> (0x00000010637baa10) thrown at [./src/hotspot/share/interpreter/linkResolver.cpp, line 772]
Event: 3.483 Thread 0x0000000089ace000 Exception <a 'java/lang/NoSuchMethodError'{0x00000010637c77d8}: 'java.lang.Object java.lang.invoke.DirectMethodHandle$Holder.invokeSpecial(java.lang.Object, java.lang.Object, java.lang.Object, java.lang.Object, java.lang.Object, java.lang.Object, int)'> (0x00000010637c77d8) thrown at [./src/hotspot/share/interpreter/linkResolver.cpp, line 772]
Event: 3.483 Thread 0x0000000089ace000 Exception <a 'java/lang/NoSuchMethodError'{0x00000010637cae70}: 'java.lang.Object java.lang.invoke.DelegatingMethodHandle$Holder.reinvoke_L(java.lang.Object, java.lang.Object, java.lang.Object, java.lang.Object, java.lang.Object, int)'> (0x00000010637cae70) thrown at [./src/hotspot/share/interpreter/linkResolver.cpp, line 772]
Event: 3.483 Thread 0x0000000089ace000 Exception <a 'java/lang/NoSuchMethodError'{0x00000010637d17a0}: 'java.lang.Object java.lang.invoke.Invokers$Holder.linkToTargetMethod(java.lang.Object, java.lang.Object, java.lang.Object, java.lang.Object, int, java.lang.Object)'> (0x00000010637d17a0) thrown at [./src/hotspot/share/interpreter/linkResolver.cpp, line 772]
Event: 3.485 Thread 0x0000000089ace000 Exception <a 'java/lang/NoSuchMethodError'{0x0000001063028820}: 'java.lang.Object java.lang.invoke.Invokers$Holder.linkToTargetMethod(java.lang.Object, int, java.lang.Object)'> (0x0000001063028820) thrown at [./src/hotspot/share/interpreter/linkResolver.cpp, line 772]
Event: 3.490 Thread 0x0000000089ace000 Exception <a 'java/lang/NoSuchMethodError'{0x00000010631034e0}: 'java.lang.Object java.lang.invoke.DirectMethodHandle$Holder.invokeSpecial(java.lang.Object, java.lang.Object, int, int, java.lang.Object, java.lang.Object, java.lang.Object)'> (0x00000010631034e0) thrown at [./src/hotspot/share/interpreter/linkResolver.cpp, line 772]
Event: 3.490 Thread 0x0000000089ace000 Exception <a 'java/lang/NoSuchMethodError'{0x0000001063106a70}: 'java.lang.Object java.lang.invoke.DelegatingMethodHandle$Holder.reinvoke_L(java.lang.Object, int, int, java.lang.Object, java.lang.Object, java.lang.Object)'> (0x0000001063106a70) thrown at [./src/hotspot/share/interpreter/linkResolver.cpp, line 772]
Event: 3.490 Thread 0x0000000089ace000 Exception <a 'java/lang/NoSuchMethodError'{0x0000001063114848}: 'java.lang.Object java.lang.invoke.DirectMethodHandle$Holder.invokeStatic(java.lang.Object, java.lang.Object, java.lang.Object, java.lang.Object, java.lang.Object, java.lang.Object, int)'> (0x0000001063114848) thrown at [./src/hotspot/share/interpreter/linkResolver.cpp, line 772]
Event: 3.490 Thread 0x0000000089ace000 Exception <a 'java/lang/NoSuchMethodError'{0x000000106312aff0}: 'java.lang.Object java.lang.invoke.DirectMethodHandle$Holder.invokeStatic(java.lang.Object, java.lang.Object, java.lang.Object, java.lang.Object, java.lang.Object, java.lang.Object, int, int)'> (0x000000106312aff0) thrown at [./src/hotspot/share/interpreter/linkResolver.cpp, line 772]
Event: 3.491 Thread 0x0000000089ace000 Exception <a 'java/lang/NoSuchMethodError'{0x0000001063142960}: 'java.lang.Object java.lang.invoke.DirectMethodHandle$Holder.invokeStatic(java.lang.Object, java.lang.Object, java.lang.Object, java.lang.Object, java.lang.Object, java.lang.Object, int, int, java.lang.Object)'> (0x0000001063142960) thrown at [./src/hotspot/share/interpreter/linkResolver.cpp, line 772]
Event: 3.491 Thread 0x0000000089ace000 Exception <a 'java/lang/NoSuchMethodError'{0x000000106315c078}: 'java.lang.Object java.lang.invoke.DirectMethodHandle$Holder.invokeStatic(java.lang.Object, java.lang.Object, java.lang.Object, java.lang.Object, java.lang.Object, java.lang.Object, int, int, java.lang.Object, java.lang.Object)'> (0x000000106315c078) thrown at [./src/hotspot/share/interpreter/linkResolver.cpp, line 772]
Event: 3.492 Thread 0x0000000089ace000 Exception <a 'java/lang/NoSuchMethodError'{0x0000001063177118}: 'java.lang.Object java.lang.invoke.DirectMethodHandle$Holder.invokeStatic(java.lang.Object, java.lang.Object, java.lang.Object, java.lang.Object, java.lang.Object, java.lang.Object, int, int, java.lang.Object, java.lang.Object, java.lang.Object)'> (0x0000001063177118) thrown at [./src/hotspot/share/interpreter/linkResolver.cpp, line 772]

Events (20 events):
Event: 3.512 loading class org/terrier/structures/postings/bit/BasicIterablePosting
Event: 3.512 loading class org/terrier/structures/postings/bit/BasicIterablePosting done
Event: 3.512 loading class org/terrier/structures/postings/IterablePosting
Event: 3.512 loading class org/terrier/structures/postings/IterablePosting done
Event: 3.512 loading class org/terrier/structures/postings/BasicPostingImpl
Event: 3.512 loading class org/terrier/structures/postings/BasicPostingImpl done
Event: 3.512 loading class org/terrier/structures/postings/WritablePosting
Event: 3.512 loading class org/terrier/structures/postings/WritablePosting done
Event: 3.513 loading class org/terrier/compression/bit/BitInSeekable
Event: 3.513 loading class org/terrier/compression/bit/BitInSeekable done
Event: 3.513 loading class org/terrier/compression/bit/BitFileBuffered
Event: 3.513 loading class org/terrier/compression/bit/BitFileBuffered done
Event: 3.513 loading class org/terrier/compression/bit/BitIn
Event: 3.513 loading class org/terrier/compression/bit/BitIn done
Event: 8.515 Thread 0x00007f2c581e2800 Thread exited: 0x00007f2c581e2800
Event: 170.605 loading class jdk/internal/misc/Signal$1
Event: 170.605 loading class jdk/internal/misc/Signal$1 done
Event: 170.605 Thread 0x00007f2c70001800 Thread added: 0x00007f2c70001800
Event: 170.605 Protecting memory [0x00007f2f1e903000,0x00007f2f1e907000] with protection modes 0
Event: 170.605 Executing VM operation: Exit


Dynamic libraries:
00400000-0041f000 r--p 00000000 00:204 148237027901                      /mnt/primary/conda-envs/semantic_uncertainty_export/bin/python3.11
0041f000-00652000 r-xp 0001f000 00:204 148237027901                      /mnt/primary/conda-envs/semantic_uncertainty_export/bin/python3.11
00652000-00770000 r--p 00252000 00:204 148237027901                      /mnt/primary/conda-envs/semantic_uncertainty_export/bin/python3.11
00771000-00772000 r--p 00370000 00:204 148237027901                      /mnt/primary/conda-envs/semantic_uncertainty_export/bin/python3.11
00772000-008a2000 rw-p 00371000 00:204 148237027901                      /mnt/primary/conda-envs/semantic_uncertainty_export/bin/python3.11
008a2000-008e5000 rw-p 00000000 00:00 0 
0210b000-a779b000 rw-p 00000000 00:00 0                                  [heap]
800000000-800002000 rwxp 00001000 08:04 1116478610                       /usr/lib/jvm/java-11-openjdk-amd64/lib/server/classes.jsa
800002000-8003ce000 rw-p 00003000 08:04 1116478610                       /usr/lib/jvm/java-11-openjdk-amd64/lib/server/classes.jsa
8003ce000-800aa5000 r--p 003cf000 08:04 1116478610                       /usr/lib/jvm/java-11-openjdk-amd64/lib/server/classes.jsa
800aa5000-800aa6000 rw-p 00aa6000 08:04 1116478610                       /usr/lib/jvm/java-11-openjdk-amd64/lib/server/classes.jsa
840000000-840100000 rw-p 00000000 00:00 0 
840100000-880000000 ---p 00000000 00:00 0 
1000000000-1000400000 ---p 00000000 00:00 0 
1000400000-1080400000 rw-p 00000000 00:00 0 
1080400000-177dc00000 ---p 00000000 00:00 0 
177dc00000-177dc48000 rw-p 00b13000 08:04 1116478610                     /usr/lib/jvm/java-11-openjdk-amd64/lib/server/classes.jsa
177dc48000-177e000000 rw-p 00000000 00:00 0 
177e000000-177e06c000 rw-p 00aa7000 08:04 1116478610                     /usr/lib/jvm/java-11-openjdk-amd64/lib/server/classes.jsa
177e06c000-177e400000 rw-p 00000000 00:00 0 
7f2a00000000-7f2a00021000 rw-p 00000000 00:00 0 
7f2a00021000-7f2a04000000 ---p 00000000 00:00 0 
7f2a08000000-7f2a0809c000 rw-p 00000000 00:00 0 
7f2a0809c000-7f2a0c000000 ---p 00000000 00:00 0 
7f2a10000000-7f2a100ab000 rw-p 00000000 00:00 0 
7f2a100ab000-7f2a14000000 ---p 00000000 00:00 0 
7f2a18000000-7f2a180ab000 rw-p 00000000 00:00 0 
7f2a180ab000-7f2a1c000000 ---p 00000000 00:00 0 
7f2a20000000-7f2a200ab000 rw-p 00000000 00:00 0 
7f2a200ab000-7f2a24000000 ---p 00000000 00:00 0 
7f2a28000000-7f2a280ab000 rw-p 00000000 00:00 0 
7f2a280ab000-7f2a2c000000 ---p 00000000 00:00 0 
7f2a30000000-7f2a300ab000 rw-p 00000000 00:00 0 
7f2a300ab000-7f2a34000000 ---p 00000000 00:00 0 
7f2a38000000-7f2a380ab000 rw-p 00000000 00:00 0 
7f2a380ab000-7f2a3c000000 ---p 00000000 00:00 0 
7f2a40000000-7f2a400ab000 rw-p 00000000 00:00 0 
7f2a400ab000-7f2a44000000 ---p 00000000 00:00 0 
7f2a48000000-7f2a480ab000 rw-p 00000000 00:00 0 
7f2a480ab000-7f2a4c000000 ---p 00000000 00:00 0 
7f2a50000000-7f2a5009c000 rw-p 00000000 00:00 0 
7f2a5009c000-7f2a54000000 ---p 00000000 00:00 0 
7f2a58000000-7f2a580ab000 rw-p 00000000 00:00 0 
7f2a580ab000-7f2a5c000000 ---p 00000000 00:00 0 
7f2a60000000-7f2a600ab000 rw-p 00000000 00:00 0 
7f2a600ab000-7f2a64000000 ---p 00000000 00:00 0 
7f2a68000000-7f2a6809c000 rw-p 00000000 00:00 0 
7f2a6809c000-7f2a6c000000 ---p 00000000 00:00 0 
7f2a70000000-7f2a700ab000 rw-p 00000000 00:00 0 
7f2a700ab000-7f2a74000000 ---p 00000000 00:00 0 
7f2a78000000-7f2a78021000 rw-p 00000000 00:00 0 
7f2a78021000-7f2a7c000000 ---p 00000000 00:00 0 
7f2a80000000-7f2a80021000 rw-p 00000000 00:00 0 
7f2a80021000-7f2a84000000 ---p 00000000 00:00 0 
7f2a88000000-7f2a88021000 rw-p 00000000 00:00 0 
7f2a88021000-7f2a8c000000 ---p 00000000 00:00 0 
7f2a90000000-7f2a90021000 rw-p 00000000 00:00 0 
7f2a90021000-7f2a94000000 ---p 00000000 00:00 0 
7f2a98000000-7f2a98021000 rw-p 00000000 00:00 0 
7f2a98021000-7f2a9c000000 ---p 00000000 00:00 0 
7f2aa0000000-7f2aa0021000 rw-p 00000000 00:00 0 
7f2aa0021000-7f2aa4000000 ---p 00000000 00:00 0 
7f2aa8000000-7f2aa8021000 rw-p 00000000 00:00 0 
7f2aa8021000-7f2aac000000 ---p 00000000 00:00 0 
7f2ab0000000-7f2ab0021000 rw-p 00000000 00:00 0 
7f2ab0021000-7f2ab4000000 ---p 00000000 00:00 0 
7f2ab8000000-7f2ab8021000 rw-p 00000000 00:00 0 
7f2ab8021000-7f2abc000000 ---p 00000000 00:00 0 
7f2ac0000000-7f2ac0021000 rw-p 00000000 00:00 0 
7f2ac0021000-7f2ac4000000 ---p 00000000 00:00 0 
7f2ac8000000-7f2ac8021000 rw-p 00000000 00:00 0 
7f2ac8021000-7f2acc000000 ---p 00000000 00:00 0 
7f2ad0000000-7f2ad0021000 rw-p 00000000 00:00 0 
7f2ad0021000-7f2ad4000000 ---p 00000000 00:00 0 
7f2ad8000000-7f2ad8021000 rw-p 00000000 00:00 0 
7f2ad8021000-7f2adc000000 ---p 00000000 00:00 0 
7f2ae0000000-7f2ae0021000 rw-p 00000000 00:00 0 
7f2ae0021000-7f2ae4000000 ---p 00000000 00:00 0 
7f2ae8000000-7f2ae8021000 rw-p 00000000 00:00 0 
7f2ae8021000-7f2aec000000 ---p 00000000 00:00 0 
7f2af0000000-7f2af0021000 rw-p 00000000 00:00 0 
7f2af0021000-7f2af4000000 ---p 00000000 00:00 0 
7f2af8000000-7f2af8021000 rw-p 00000000 00:00 0 
7f2af8021000-7f2afc000000 ---p 00000000 00:00 0 
7f2b00000000-7f2b00021000 rw-p 00000000 00:00 0 
7f2b00021000-7f2b04000000 ---p 00000000 00:00 0 
7f2b08000000-7f2b08021000 rw-p 00000000 00:00 0 
7f2b08021000-7f2b0c000000 ---p 00000000 00:00 0 
7f2b10000000-7f2b10021000 rw-p 00000000 00:00 0 
7f2b10021000-7f2b14000000 ---p 00000000 00:00 0 
7f2b18000000-7f2b18021000 rw-p 00000000 00:00 0 
7f2b18021000-7f2b1c000000 ---p 00000000 00:00 0 
7f2b20000000-7f2b20021000 rw-p 00000000 00:00 0 
7f2b20021000-7f2b24000000 ---p 00000000 00:00 0 
7f2b28000000-7f2b28021000 rw-p 00000000 00:00 0 
7f2b28021000-7f2b2c000000 ---p 00000000 00:00 0 
7f2b30000000-7f2b30021000 rw-p 00000000 00:00 0 
7f2b30021000-7f2b34000000 ---p 00000000 00:00 0 
7f2b38000000-7f2b38021000 rw-p 00000000 00:00 0 
7f2b38021000-7f2b3c000000 ---p 00000000 00:00 0 
7f2b40000000-7f2b40021000 rw-p 00000000 00:00 0 
7f2b40021000-7f2b44000000 ---p 00000000 00:00 0 
7f2b45be4000-7f2b60000000 rw-p 00000000 00:202 71014558886               /mnt/llm/huggingface-cache/hub/models--castorini--tct_colbert-msmarco/blobs/938c6367f910ac55073b58413577da148f5f1104e247379e4241917282ad15a0
7f2b60000000-7f2b60021000 rw-p 00000000 00:00 0 
7f2b60021000-7f2b64000000 ---p 00000000 00:00 0 
7f2b68000000-7f2b68021000 rw-p 00000000 00:00 0 
7f2b68021000-7f2b6c000000 ---p 00000000 00:00 0 
7f2b70000000-7f2b70021000 rw-p 00000000 00:00 0 
7f2b70021000-7f2b74000000 ---p 00000000 00:00 0 
7f2b78000000-7f2b78021000 rw-p 00000000 00:00 0 
7f2b78021000-7f2b7c000000 ---p 00000000 00:00 0 
7f2b80000000-7f2b80021000 rw-p 00000000 00:00 0 
7f2b80021000-7f2b84000000 ---p 00000000 00:00 0 
7f2b88000000-7f2b88021000 rw-p 00000000 00:00 0 
7f2b88021000-7f2b8c000000 ---p 00000000 00:00 0 
7f2b90000000-7f2b90021000 rw-p 00000000 00:00 0 
7f2b90021000-7f2b94000000 ---p 00000000 00:00 0 
7f2b98000000-7f2b98021000 rw-p 00000000 00:00 0 
7f2b98021000-7f2b9c000000 ---p 00000000 00:00 0 
7f2ba0000000-7f2ba0021000 rw-p 00000000 00:00 0 
7f2ba0021000-7f2ba4000000 ---p 00000000 00:00 0 
7f2ba8000000-7f2ba8021000 rw-p 00000000 00:00 0 
7f2ba8021000-7f2bac000000 ---p 00000000 00:00 0 
7f2bb0000000-7f2bb0021000 rw-p 00000000 00:00 0 
7f2bb0021000-7f2bb4000000 ---p 00000000 00:00 0 
7f2bb8000000-7f2bb8021000 rw-p 00000000 00:00 0 
7f2bb8021000-7f2bbc000000 ---p 00000000 00:00 0 
7f2bc0000000-7f2bc0021000 rw-p 00000000 00:00 0 
7f2bc0021000-7f2bc4000000 ---p 00000000 00:00 0 
7f2bc8000000-7f2bc8021000 rw-p 00000000 00:00 0 
7f2bc8021000-7f2bcc000000 ---p 00000000 00:00 0 
7f2bd0000000-7f2bd0021000 rw-p 00000000 00:00 0 
7f2bd0021000-7f2bd4000000 ---p 00000000 00:00 0 
7f2bd8000000-7f2bd8021000 rw-p 00000000 00:00 0 
7f2bd8021000-7f2bdc000000 ---p 00000000 00:00 0 
7f2be0000000-7f2be0021000 rw-p 00000000 00:00 0 
7f2be0021000-7f2be4000000 ---p 00000000 00:00 0 
7f2be8000000-7f2be8021000 rw-p 00000000 00:00 0 
7f2be8021000-7f2bec000000 ---p 00000000 00:00 0 
7f2bf0000000-7f2bf0021000 rw-p 00000000 00:00 0 
7f2bf0021000-7f2bf4000000 ---p 00000000 00:00 0 
7f2bf8000000-7f2bf8021000 rw-p 00000000 00:00 0 
7f2bf8021000-7f2bfc000000 ---p 00000000 00:00 0 
7f2c00000000-7f2c00021000 rw-p 00000000 00:00 0 
7f2c00021000-7f2c04000000 ---p 00000000 00:00 0 
7f2c08000000-7f2c08021000 rw-p 00000000 00:00 0 
7f2c08021000-7f2c0c000000 ---p 00000000 00:00 0 
7f2c10000000-7f2c1007c000 rw-p 00000000 00:00 0 
7f2c1007c000-7f2c14000000 ---p 00000000 00:00 0 
7f2c18000000-7f2c18125000 rw-p 00000000 00:00 0 
7f2c18125000-7f2c1c000000 ---p 00000000 00:00 0 
7f2c20000000-7f2c2008e000 rw-p 00000000 00:00 0 
7f2c2008e000-7f2c24000000 ---p 00000000 00:00 0 
7f2c28000000-7f2c284cb000 rw-p 00000000 00:00 0 
7f2c284cb000-7f2c2c000000 ---p 00000000 00:00 0 
7f2c30000000-7f2c30518000 rw-p 00000000 00:00 0 
7f2c30518000-7f2c34000000 ---p 00000000 00:00 0 
7f2c38000000-7f2c38021000 rw-p 00000000 00:00 0 
7f2c38021000-7f2c3c000000 ---p 00000000 00:00 0 
7f2c40000000-7f2c40021000 rw-p 00000000 00:00 0 
7f2c40021000-7f2c44000000 ---p 00000000 00:00 0 
7f2c48000000-7f2c4820b000 rw-p 00000000 00:00 0 
7f2c4820b000-7f2c4c000000 ---p 00000000 00:00 0 
7f2c50000000-7f2c50021000 rw-p 00000000 00:00 0 
7f2c50021000-7f2c54000000 ---p 00000000 00:00 0 
7f2c58000000-7f2c58335000 rw-p 00000000 00:00 0 
7f2c58335000-7f2c5c000000 ---p 00000000 00:00 0 
7f2c60000000-7f2c6093e000 rw-p 00000000 00:00 0 
7f2c6093e000-7f2c64000000 ---p 00000000 00:00 0 
7f2c68000000-7f2c68021000 rw-p 00000000 00:00 0 
7f2c68021000-7f2c6c000000 ---p 00000000 00:00 0 
7f2c70000000-7f2c70021000 rw-p 00000000 00:00 0 
7f2c70021000-7f2c74000000 ---p 00000000 00:00 0 
7f2c78000000-7f2c78021000 rw-p 00000000 00:00 0 
7f2c78021000-7f2c7c000000 ---p 00000000 00:00 0 
7f2c7e200000-7f2c7e201000 ---p 00000000 00:00 0 
7f2c7e201000-7f2c7ea02000 rw-p 00000000 00:00 0 
7f2c7ec00000-7f2c7ec01000 ---p 00000000 00:00 0 
7f2c7ec01000-7f2c7f402000 rw-p 00000000 00:00 0 
7f2c7f600000-7f2c7f601000 ---p 00000000 00:00 0 
7f2c7f601000-7f2c7fe02000 rw-p 00000000 00:00 0 
7f2c80000000-7f2c80021000 rw-p 00000000 00:00 0 
7f2c80021000-7f2c84000000 ---p 00000000 00:00 0 
7f2c84400000-7f2c84401000 ---p 00000000 00:00 0 
7f2c84401000-7f2c84c02000 rw-p 00000000 00:00 0 
7f2c84e00000-7f2c84e01000 ---p 00000000 00:00 0 
7f2c84e01000-7f2c85602000 rw-p 00000000 00:00 0 
7f2c85800000-7f2c85801000 ---p 00000000 00:00 0 
7f2c85801000-7f2c86002000 rw-p 00000000 00:00 0 
7f2c86200000-7f2c86201000 ---p 00000000 00:00 0 
7f2c86201000-7f2c86a02000 rw-p 00000000 00:00 0 
7f2c86c00000-7f2c86c01000 ---p 00000000 00:00 0 
7f2c86c01000-7f2c87402000 rw-p 00000000 00:00 0 
7f2c87600000-7f2c87601000 ---p 00000000 00:00 0 
7f2c87601000-7f2c87e02000 rw-p 00000000 00:00 0 
7f2c88000000-7f2c88045000 rw-p 00000000 00:00 0 
7f2c88045000-7f2c8c000000 ---p 00000000 00:00 0 
7f2c8c400000-7f2c8c401000 ---p 00000000 00:00 0 
7f2c8c401000-7f2c8cc02000 rw-p 00000000 00:00 0 
7f2c8ce00000-7f2c8ce01000 ---p 00000000 00:00 0 
7f2c8ce01000-7f2c8d602000 rw-p 00000000 00:00 0 
7f2c8d800000-7f2c8d801000 ---p 00000000 00:00 0 
7f2c8d801000-7f2c8e002000 rw-p 00000000 00:00 0 
7f2c8e200000-7f2c8e201000 ---p 00000000 00:00 0 
7f2c8e201000-7f2c8ea02000 rw-p 00000000 00:00 0 
7f2c8ec00000-7f2c8ec01000 ---p 00000000 00:00 0 
7f2c8ec01000-7f2c8f402000 rw-p 00000000 00:00 0 
7f2c8f600000-7f2c8f601000 ---p 00000000 00:00 0 
7f2c8f601000-7f2c8fe02000 rw-p 00000000 00:00 0 
7f2c90000000-7f2c90021000 rw-p 00000000 00:00 0 
7f2c90021000-7f2c94000000 ---p 00000000 00:00 0 
7f2c94400000-7f2c94401000 ---p 00000000 00:00 0 
7f2c94401000-7f2c94601000 rw-p 00000000 00:00 0 
7f2c94800000-7f2c94801000 ---p 00000000 00:00 0 
7f2c94801000-7f2c94a01000 rw-p 00000000 00:00 0 
7f2c94c00000-7f2c94c01000 ---p 00000000 00:00 0 
7f2c94c01000-7f2c94e01000 rw-p 00000000 00:00 0 
7f2c95000000-7f2c95001000 ---p 00000000 00:00 0 
7f2c95001000-7f2c95201000 rw-p 00000000 00:00 0 
7f2c95400000-7f2c95401000 ---p 00000000 00:00 0 
7f2c95401000-7f2c95601000 rw-p 00000000 00:00 0 
7f2c95800000-7f2c95801000 ---p 00000000 00:00 0 
7f2c95801000-7f2c95a01000 rw-p 00000000 00:00 0 
7f2c95c00000-7f2c95c01000 ---p 00000000 00:00 0 
7f2c95c01000-7f2c95e01000 rw-p 00000000 00:00 0 
7f2c96000000-7f2c96001000 ---p 00000000 00:00 0 
7f2c96001000-7f2c96201000 rw-p 00000000 00:00 0 
7f2c96400000-7f2c96401000 ---p 00000000 00:00 0 
7f2c96401000-7f2c96601000 rw-p 00000000 00:00 0 
7f2c96800000-7f2c96801000 ---p 00000000 00:00 0 
7f2c96801000-7f2c96a01000 rw-p 00000000 00:00 0 
7f2c96c00000-7f2c96c01000 ---p 00000000 00:00 0 
7f2c96c01000-7f2c96e01000 rw-p 00000000 00:00 0 
7f2c97000000-7f2c97001000 ---p 00000000 00:00 0 
7f2c97001000-7f2c97201000 rw-p 00000000 00:00 0 
7f2c97400000-7f2c97401000 ---p 00000000 00:00 0 
7f2c97401000-7f2c97601000 rw-p 00000000 00:00 0 
7f2c97800000-7f2c97801000 ---p 00000000 00:00 0 
7f2c97801000-7f2c97a01000 rw-p 00000000 00:00 0 
7f2c97c00000-7f2c97c01000 ---p 00000000 00:00 0 
7f2c97c01000-7f2c97e01000 rw-p 00000000 00:00 0 
7f2c98000000-7f2c98021000 rw-p 00000000 00:00 0 
7f2c98021000-7f2c9c000000 ---p 00000000 00:00 0 
7f2c9c400000-7f2c9c401000 ---p 00000000 00:00 0 
7f2c9c401000-7f2c9c601000 rw-p 00000000 00:00 0 
7f2c9c800000-7f2c9c801000 ---p 00000000 00:00 0 
7f2c9c801000-7f2c9ca01000 rw-p 00000000 00:00 0 
7f2c9cc00000-7f2c9cc01000 ---p 00000000 00:00 0 
7f2c9cc01000-7f2c9ce01000 rw-p 00000000 00:00 0 
7f2c9d000000-7f2c9d001000 ---p 00000000 00:00 0 
7f2c9d001000-7f2c9d201000 rw-p 00000000 00:00 0 
7f2c9d400000-7f2c9d401000 ---p 00000000 00:00 0 
7f2c9d401000-7f2c9d601000 rw-p 00000000 00:00 0 
7f2c9d800000-7f2c9d801000 ---p 00000000 00:00 0 
7f2c9d801000-7f2c9da01000 rw-p 00000000 00:00 0 
7f2c9db00000-7f2c9dc00000 rw-p 00000000 00:00 0 
7f2c9dc00000-7f2c9dc01000 ---p 00000000 00:00 0 
7f2c9dc01000-7f2c9de01000 rw-p 00000000 00:00 0 
7f2c9df00000-7f2c9e000000 rw-p 00000000 00:00 0 
7f2c9e000000-7f2c9e001000 ---p 00000000 00:00 0 
7f2c9e001000-7f2c9e201000 rw-p 00000000 00:00 0 
7f2c9e300000-7f2c9e400000 rw-p 00000000 00:00 0 
7f2c9e400000-7f2c9e401000 ---p 00000000 00:00 0 
7f2c9e401000-7f2c9e601000 rw-p 00000000 00:00 0 
7f2c9e700000-7f2c9e800000 rw-p 00000000 00:00 0 
7f2c9e800000-7f2c9e801000 ---p 00000000 00:00 0 
7f2c9e801000-7f2c9ea01000 rw-p 00000000 00:00 0 
7f2c9eb00000-7f2c9ec00000 rw-p 00000000 00:00 0 
7f2c9ec00000-7f2c9ec01000 ---p 00000000 00:00 0 
7f2c9ec01000-7f2c9ee01000 rw-p 00000000 00:00 0 
7f2c9ef00000-7f2c9f000000 rw-p 00000000 00:00 0 
7f2c9f000000-7f2c9f001000 ---p 00000000 00:00 0 
7f2c9f001000-7f2c9f201000 rw-p 00000000 00:00 0 
7f2c9f400000-7f2c9f401000 ---p 00000000 00:00 0 
7f2c9f401000-7f2c9f601000 rw-p 00000000 00:00 0 
7f2c9f800000-7f2c9f801000 ---p 00000000 00:00 0 
7f2c9f801000-7f2c9fa01000 rw-p 00000000 00:00 0 
7f2c9fc00000-7f2c9fc01000 ---p 00000000 00:00 0 
7f2c9fc01000-7f2c9fe01000 rw-p 00000000 00:00 0 
7f2c9ff00000-7f2ca0000000 rw-p 00000000 00:00 0 
7f2ca0000000-7f2ca0021000 rw-p 00000000 00:00 0 
7f2ca0021000-7f2ca4000000 ---p 00000000 00:00 0 
7f2ca4000000-7f2ca4200000 rw-p 00000000 00:00 0 
7f2ca4200000-7f2ca4201000 ---p 00000000 00:00 0 
7f2ca4201000-7f2ca4401000 rw-p 00000000 00:00 0 
7f2ca4600000-7f2ca4601000 ---p 00000000 00:00 0 
7f2ca4601000-7f2ca4e01000 rw-p 00000000 00:00 0 
7f2ca4ff8000-7f2ca50f8000 rw-p 00000000 00:00 0 
7f2ca51f8000-7f2ca55f8000 rw-p 00000000 00:00 0 
7f2ca55f8000-7f2ca55f9000 ---p 00000000 00:00 0 
7f2ca55f9000-7f2ca56f9000 rw-p 00000000 00:00 0 
7f2ca56f9000-7f2ca56fa000 ---p 00000000 00:00 0 
7f2ca56fa000-7f2ca57fa000 rw-p 00000000 00:00 0 
7f2ca57fa000-7f2ca57fb000 ---p 00000000 00:00 0 
7f2ca57fb000-7f2ca58fb000 rw-p 00000000 00:00 0 
7f2ca58fb000-7f2ca58fc000 ---p 00000000 00:00 0 
7f2ca58fc000-7f2ca59fc000 rw-p 00000000 00:00 0 
7f2ca59fc000-7f2ca59fd000 ---p 00000000 00:00 0 
7f2ca59fd000-7f2ca5afd000 rw-p 00000000 00:00 0 
7f2ca5afd000-7f2ca5afe000 ---p 00000000 00:00 0 
7f2ca5afe000-7f2ca5bfe000 rw-p 00000000 00:00 0 
7f2ca5bfe000-7f2ca5bff000 ---p 00000000 00:00 0 
7f2ca5bff000-7f2ca5cff000 rw-p 00000000 00:00 0 
7f2ca5cff000-7f2ca5d00000 ---p 00000000 00:00 0 
7f2ca5d00000-7f2ca7e00000 rw-p 00000000 00:00 0 
7f2ca7eff000-7f2ca7f00000 ---p 00000000 00:00 0 
7f2ca7f00000-7f2ca8000000 rw-p 00000000 00:00 0 
7f2ca8000000-7f2ca8021000 rw-p 00000000 00:00 0 
7f2ca8021000-7f2cac000000 ---p 00000000 00:00 0 
7f2cac0f9000-7f2cac0fa000 ---p 00000000 00:00 0 
7f2cac0fa000-7f2cac1fa000 rw-p 00000000 00:00 0 
7f2cac1fa000-7f2cac1fb000 ---p 00000000 00:00 0 
7f2cac1fb000-7f2cac2fb000 rw-p 00000000 00:00 0 
7f2cac2fb000-7f2cac2fc000 ---p 00000000 00:00 0 
7f2cac2fc000-7f2cac3fc000 rw-p 00000000 00:00 0 
7f2cac3fc000-7f2cac3fd000 ---p 00000000 00:00 0 
7f2cac3fd000-7f2cac4fd000 rw-p 00000000 00:00 0 
7f2cac4fd000-7f2cac4fe000 ---p 00000000 00:00 0 
7f2cac4fe000-7f2cac5fe000 rw-p 00000000 00:00 0 
7f2cac5fe000-7f2cac5ff000 ---p 00000000 00:00 0 
7f2cac5ff000-7f2cac6ff000 rw-p 00000000 00:00 0 
7f2cac6ff000-7f2cac700000 ---p 00000000 00:00 0 
7f2cac700000-7f2cae800000 rw-p 00000000 00:00 0 
7f2cae800000-7f2cca760000 ---p 00000000 00:00 0 
7f2cca760000-7f2cca780000 rw-p 00000000 00:00 0 
7f2cca800000-7f2ccc800000 rw-p 00000000 00:00 0 
7f2ccc800000-7f2ce8760000 ---p 00000000 00:00 0 
7f2ce8760000-7f2ce8780000 rw-p 00000000 00:00 0 
7f2ce8800000-7f2ce8c00000 rw-p 00000000 00:00 0 
7f2ce8c00000-7f2cec3ec000 ---p 00000000 00:00 0 
7f2cec3ec000-7f2cec3f0000 rw-p 00000000 00:00 0 
7f2cec400000-7f2cec800000 rw-p 00000000 00:00 0 
7f2cec800000-7f2ceffec000 ---p 00000000 00:00 0 
7f2ceffec000-7f2cefff0000 rw-p 00000000 00:00 0 
7f2cf0000000-7f2cf0021000 rw-p 00000000 00:00 0 
7f2cf0021000-7f2cf4000000 ---p 00000000 00:00 0 
7f2cf40f9000-7f2cf40fa000 ---p 00000000 00:00 0 
7f2cf40fa000-7f2cf41fa000 rw-p 00000000 00:00 0 
7f2cf41fa000-7f2cf41fb000 ---p 00000000 00:00 0 
7f2cf41fb000-7f2cf42fb000 rw-p 00000000 00:00 0 
7f2cf42fb000-7f2cf42fc000 ---p 00000000 00:00 0 
7f2cf42fc000-7f2cf43fc000 rw-p 00000000 00:00 0 
7f2cf43fc000-7f2cf43fd000 ---p 00000000 00:00 0 
7f2cf43fd000-7f2cf44fd000 rw-p 00000000 00:00 0 
7f2cf44fd000-7f2cf44fe000 ---p 00000000 00:00 0 
7f2cf44fe000-7f2cf45fe000 rw-p 00000000 00:00 0 
7f2cf45fe000-7f2cf45ff000 ---p 00000000 00:00 0 
7f2cf45ff000-7f2cf46ff000 rw-p 00000000 00:00 0 
7f2cf48ff000-7f2cf49ff000 rw-p 00000000 00:00 0 
7f2cf4cff000-7f2cf4d03000 ---p 00000000 00:00 0 
7f2cf4d03000-7f2cf4dff000 rw-p 00000000 00:00 0 
7f2cf4dff000-7f2cf4e00000 ---p 00000000 00:00 0 
7f2cf4e00000-7f2cf4f00000 rw-p 00000000 00:00 0 
7f2cf5000000-7f2cf5004000 ---p 00000000 00:00 0 
7f2cf5004000-7f2cf5100000 rw-p 00000000 00:00 0 
7f2cf5100000-7f2cf5104000 ---p 00000000 00:00 0 
7f2cf5104000-7f2cf5200000 rw-p 00000000 00:00 0 
7f2cf5200000-7f2cf5470000 rwxp 00000000 00:00 0 
7f2cf5470000-7f2cf59ce000 ---p 00000000 00:00 0 
7f2cf59ce000-7f2cf5c9e000 rwxp 00000000 00:00 0 
7f2cf5c9e000-7f2cfcde7000 ---p 00000000 00:00 0 
7f2cfcde7000-7f2cfd057000 rwxp 00000000 00:00 0 
7f2cfd057000-7f2d04200000 ---p 00000000 00:00 0 
7f2d04200000-7f2d04204000 ---p 00000000 00:00 0 
7f2d04204000-7f2d04600000 rw-p 00000000 00:00 0 
7f2d04600000-7f2d04604000 ---p 00000000 00:00 0 
7f2d04604000-7f2d04700000 rw-p 00000000 00:00 0 
7f2d04700000-7f2d04704000 ---p 00000000 00:00 0 
7f2d04704000-7f2d04800000 rw-p 00000000 00:00 0 
7f2d04800000-7f2d04804000 ---p 00000000 00:00 0 
7f2d04804000-7f2d04900000 rw-p 00000000 00:00 0 
7f2d04900000-7f2d04904000 ---p 00000000 00:00 0 
7f2d04904000-7f2d05000000 rw-p 00000000 00:00 0 
7f2d05000000-7f2d05200000 ---p 00000000 00:00 0 
7f2d052fd000-7f2d052fe000 ---p 00000000 00:00 0 
7f2d052fe000-7f2d053fe000 rw-p 00000000 00:00 0 
7f2d053fe000-7f2d053ff000 ---p 00000000 00:00 0 
7f2d053ff000-7f2d054ff000 rw-p 00000000 00:00 0 
7f2d054ff000-7f2d05500000 ---p 00000000 00:00 0 
7f2d05500000-7f2d05abe000 rw-p 00000000 00:00 0 
7f2d05aff000-7f2d05b00000 ---p 00000000 00:00 0 
7f2d05b00000-7f2d06000000 rw-p 00000000 00:00 0 
7f2d06000000-7f2d097ec000 ---p 00000000 00:00 0 
7f2d097ec000-7f2d097f0000 rw-p 00000000 00:00 0 
7f2d098dd000-7f2d098de000 ---p 00000000 00:00 0 
7f2d098de000-7f2d099de000 rw-p 00000000 00:00 0 
7f2d099de000-7f2d099df000 ---p 00000000 00:00 0 
7f2d099df000-7f2d09adf000 rw-p 00000000 00:00 0 
7f2d09adf000-7f2d12320000 r--s 00000000 08:04 1116478605                 /usr/lib/jvm/java-11-openjdk-amd64/lib/modules
7f2d12320000-7f2d125a3000 r--p 00000000 08:04 1116478613                 /usr/lib/jvm/java-11-openjdk-amd64/lib/server/libjvm.so
7f2d125a3000-7f2d1324e000 r-xp 00283000 08:04 1116478613                 /usr/lib/jvm/java-11-openjdk-amd64/lib/server/libjvm.so
7f2d1324e000-7f2d134aa000 r--p 00f2e000 08:04 1116478613                 /usr/lib/jvm/java-11-openjdk-amd64/lib/server/libjvm.so
7f2d134aa000-7f2d1356e000 r--p 01189000 08:04 1116478613                 /usr/lib/jvm/java-11-openjdk-amd64/lib/server/libjvm.so
7f2d1356e000-7f2d135a9000 rw-p 0124d000 08:04 1116478613                 /usr/lib/jvm/java-11-openjdk-amd64/lib/server/libjvm.so
7f2d135a9000-7f2d4d6ab000 rw-p 00000000 00:00 0 
7f2d4d700000-7f2d62400000 rw-p 00000000 00:00 0 
7f2d62400000-7f2d7fa00000 rw-p 00000000 00:00 0 
7f2d7fa00000-7f2d91800000 rw-p 00000000 00:00 0 
7f2d91800000-7f2da0400000 rw-p 00000000 00:00 0 
7f2da0400000-7f2da9200000 rw-p 00000000 00:00 0 
7f2da9200000-7f2db0a00000 rw-p 00000000 00:00 0 
7f2db0a00000-7f2db5000000 rw-p 00000000 00:00 0 
7f2db5000000-7f2db8c00000 rw-p 00000000 00:00 0 
7f2db8c00000-7f2dbb000000 rw-p 00000000 00:00 0 
7f2dbb000000-7f2dbce00000 rw-p 00000000 00:00 0 
7f2dbce00000-7f2dbe000000 rw-p 00000000 00:00 0 
7f2dbe000000-7f2dbf000000 rw-p 00000000 00:00 0 
7f2dbf000000-7f2dbfa00000 rw-p 00000000 00:00 0 
7f2dbfa00000-7f2dbfe00000 rw-p 00000000 00:00 0 
7f2dbfe00000-7f2dc0360000 r-xp 00000000 00:204 70897316877               /mnt/primary/conda-envs/semantic_uncertainty_export/lib/libnvjpeg.so.11.9.0.86
7f2dc0360000-7f2dc0560000 ---p 00560000 00:204 70897316877               /mnt/primary/conda-envs/semantic_uncertainty_export/lib/libnvjpeg.so.11.9.0.86
7f2dc0560000-7f2dc056c000 r--p 00560000 00:204 70897316877               /mnt/primary/conda-envs/semantic_uncertainty_export/lib/libnvjpeg.so.11.9.0.86
7f2dc056c000-7f2dc056d000 rw-p 0056c000 00:204 70897316877               /mnt/primary/conda-envs/semantic_uncertainty_export/lib/libnvjpeg.so.11.9.0.86
7f2dc056d000-7f2dc0572000 rw-p 00000000 00:00 0 
7f2dc0572000-7f2dc0574000 rw-p 0056e000 00:204 70897316877               /mnt/primary/conda-envs/semantic_uncertainty_export/lib/libnvjpeg.so.11.9.0.86
7f2dc0624000-7f2dc0824000 rw-p 00000000 00:00 0 
7f2dc0824000-7f2dc0885000 r--p 00000000 00:204 148237027876              /mnt/primary/conda-envs/semantic_uncertainty_export/lib/libavcodec.so.58.91.100
7f2dc0885000-7f2dc11eb000 r-xp 00061000 00:204 148237027876              /mnt/primary/conda-envs/semantic_uncertainty_export/lib/libavcodec.so.58.91.100
7f2dc11eb000-7f2dc16c7000 r--p 009c7000 00:204 148237027876              /mnt/primary/conda-envs/semantic_uncertainty_export/lib/libavcodec.so.58.91.100
7f2dc16c7000-7f2dc16ff000 r--p 00ea2000 00:204 148237027876              /mnt/primary/conda-envs/semantic_uncertainty_export/lib/libavcodec.so.58.91.100
7f2dc16ff000-7f2dc1729000 rw-p 00eda000 00:204 148237027876              /mnt/primary/conda-envs/semantic_uncertainty_export/lib/libavcodec.so.58.91.100
7f2dc1729000-7f2dc1d0b000 rw-p 00000000 00:00 0 
7f2dc1d0b000-7f2dc1d6d000 r--p 00000000 00:204 148282762794              /mnt/primary/conda-envs/semantic_uncertainty_export/lib/python3.11/site-packages/torchvision/_C.so
7f2dc1d6d000-7f2dc1e51000 r-xp 00062000 00:204 148282762794              /mnt/primary/conda-envs/semantic_uncertainty_export/lib/python3.11/site-packages/torchvision/_C.so
7f2dc1e51000-7f2dc233b000 r--p 00146000 00:204 148282762794              /mnt/primary/conda-envs/semantic_uncertainty_export/lib/python3.11/site-packages/torchvision/_C.so
7f2dc233b000-7f2dc233e000 r--p 0062f000 00:204 148282762794              /mnt/primary/conda-envs/semantic_uncertainty_export/lib/python3.11/site-packages/torchvision/_C.so
7f2dc233e000-7f2dc2342000 rw-p 00632000 00:204 148282762794              /mnt/primary/conda-envs/semantic_uncertainty_export/lib/python3.11/site-packages/torchvision/_C.so
7f2dc2342000-7f2dc2344000 rw-p 00000000 00:00 0 
7f2dc2344000-7f2dc23dc000 r--p 00000000 00:204 129271016470              /mnt/primary/conda-envs/semantic_uncertainty_export/lib/python3.11/site-packages/tokenizers/tokenizers.abi3.so
7f2dc23dc000-7f2dc27d5000 r-xp 00098000 00:204 129271016470              /mnt/primary/conda-envs/semantic_uncertainty_export/lib/python3.11/site-packages/tokenizers/tokenizers.abi3.so
7f2dc27d5000-7f2dc2977000 r--p 00491000 00:204 129271016470              /mnt/primary/conda-envs/semantic_uncertainty_export/lib/python3.11/site-packages/tokenizers/tokenizers.abi3.so
7f2dc2977000-7f2dc2978000 ---p 00633000 00:204 129271016470              /mnt/primary/conda-envs/semantic_uncertainty_export/lib/python3.11/site-packages/tokenizers/tokenizers.abi3.so
7f2dc2978000-7f2dc29f8000 r--p 00633000 00:204 129271016470              /mnt/primary/conda-envs/semantic_uncertainty_export/lib/python3.11/site-packages/tokenizers/tokenizers.abi3.so
7f2dc29f8000-7f2dc29ff000 rw-p 006b3000 00:204 129271016470              /mnt/primary/conda-envs/semantic_uncertainty_export/lib/python3.11/site-packages/tokenizers/tokenizers.abi3.so
7f2dc29ff000-7f2dc2a00000 rw-p 00000000 00:00 0 
7f2dc2a00000-7f2dc2a17000 r-xp 00000000 00:204 70925084694               /mnt/primary/conda-envs/semantic_uncertainty_export/lib/libmpc.so.3.1.0
7f2dc2a17000-7f2dc2c17000 ---p 00017000 00:204 70925084694               /mnt/primary/conda-envs/semantic_uncertainty_export/lib/libmpc.so.3.1.0
7f2dc2c17000-7f2dc2c18000 r--p 00017000 00:204 70925084694               /mnt/primary/conda-envs/semantic_uncertainty_export/lib/libmpc.so.3.1.0
7f2dc2c18000-7f2dc2c19000 rw-p 00018000 00:204 70925084694               /mnt/primary/conda-envs/semantic_uncertainty_export/lib/libmpc.so.3.1.0
7f2dc2d00000-7f2dc3000000 rw-p 00000000 00:00 0 
7f2dc3000000-7f2dc5c5a000 r-xp 00000000 00:204 70897288732               /mnt/primary/conda-envs/semantic_uncertainty_export/lib/libnvrtc.so.11.8.89
7f2dc5c5a000-7f2dc5e59000 ---p 02c5a000 00:204 70897288732               /mnt/primary/conda-envs/semantic_uncertainty_export/lib/libnvrtc.so.11.8.89
7f2dc5e59000-7f2dc651c000 r--p 02c59000 00:204 70897288732               /mnt/primary/conda-envs/semantic_uncertainty_export/lib/libnvrtc.so.11.8.89
7f2dc651c000-7f2dc65e4000 rw-p 0331c000 00:204 70897288732               /mnt/primary/conda-envs/semantic_uncertainty_export/lib/libnvrtc.so.11.8.89
7f2dc65e4000-7f2dc66e4000 rw-p 00000000 00:00 0 
7f2dc66e4000-7f2dc66e6000 rw-p 033e4000 00:204 70897288732               /mnt/primary/conda-envs/semantic_uncertainty_export/lib/libnvrtc.so.11.8.89
7f2dc6724000-7f2dc6a24000 rw-p 00000000 00:00 0 
7f2dc6a24000-7f2dc6b1d000 r--p 00000000 00:204 81779481643               /mnt/primary/conda-envs/semantic_uncertainty_export/lib/python3.11/site-packages/torch/lib/libnvfuser_codegen.so
7f2dc6b1d000-7f2dc6e97000 r-xp 000f9000 00:204 81779481643               /mnt/primary/conda-envs/semantic_uncertainty_export/lib/python3.11/site-packages/torch/lib/libnvfuser_codegen.so
7f2dc6e97000-7f2dc6fe0000 r--p 00473000 00:204 81779481643               /mnt/primary/conda-envs/semantic_uncertainty_export/lib/python3.11/site-packages/torch/lib/libnvfuser_codegen.so
7f2dc6fe0000-7f2dc6fe1000 ---p 005bc000 00:204 81779481643               /mnt/primary/conda-envs/semantic_uncertainty_export/lib/python3.11/site-packages/torch/lib/libnvfuser_codegen.so
7f2dc6fe1000-7f2dc6ff9000 r--p 005bc000 00:204 81779481643               /mnt/primary/conda-envs/semantic_uncertainty_export/lib/python3.11/site-packages/torch/lib/libnvfuser_codegen.so
7f2dc6ff9000-7f2dc6fff000 rw-p 005d4000 00:204 81779481643               /mnt/primary/conda-envs/semantic_uncertainty_export/lib/python3.11/site-packages/torch/lib/libnvfuser_codegen.so
7f2dc6fff000-7f2dc7000000 rw-p 00000000 00:00 0 
7f2dc7000000-7f2dd7ac0000 r-xp 00000000 00:204 70897288757               /mnt/primary/conda-envs/semantic_uncertainty_export/lib/libcusparse.so.11.7.5.86
7f2dd7ac0000-7f2dd7cc0000 ---p 10ac0000 00:204 70897288757               /mnt/primary/conda-envs/semantic_uncertainty_export/lib/libcusparse.so.11.7.5.86
7f2dd7cc0000-7f2dd7ccf000 r--p 10ac0000 00:204 70897288757               /mnt/primary/conda-envs/semantic_uncertainty_export/lib/libcusparse.so.11.7.5.86
7f2dd7ccf000-7f2dd7cef000 rw-p 10acf000 00:204 70897288757               /mnt/primary/conda-envs/semantic_uncertainty_export/lib/libcusparse.so.11.7.5.86
7f2dd7cef000-7f2dd7cf8000 rw-p 00000000 00:00 0 
7f2dd7cf8000-7f2dd7cfd000 rw-p 10aef000 00:204 70897288757               /mnt/primary/conda-envs/semantic_uncertainty_export/lib/libcusparse.so.11.7.5.86
7f2dd7d00000-7f2dd8000000 rw-p 00000000 00:00 0 
7f2dd8000000-7f2dd85fe000 r-xp 00000000 00:204 81779481642               /mnt/primary/conda-envs/semantic_uncertainty_export/lib/python3.11/site-packages/torch/lib/libcupti-ae79a72e.so.11.8
7f2dd85fe000-7f2dd87fd000 ---p 005fe000 00:204 81779481642               /mnt/primary/conda-envs/semantic_uncertainty_export/lib/python3.11/site-packages/torch/lib/libcupti-ae79a72e.so.11.8
7f2dd87fd000-7f2dd8847000 r--p 005fd000 00:204 81779481642               /mnt/primary/conda-envs/semantic_uncertainty_export/lib/python3.11/site-packages/torch/lib/libcupti-ae79a72e.so.11.8
7f2dd8847000-7f2dd88de000 rw-p 00647000 00:204 81779481642               /mnt/primary/conda-envs/semantic_uncertainty_export/lib/python3.11/site-packages/torch/lib/libcupti-ae79a72e.so.11.8
7f2dd88de000-7f2dd8915000 rw-p 00000000 00:00 0 
7f2dd8915000-7f2dd8918000 rw-p 006de000 00:204 81779481642               /mnt/primary/conda-envs/semantic_uncertainty_export/lib/python3.11/site-packages/torch/lib/libcupti-ae79a72e.so.11.8
7f2dd8a00000-7f2dd8c00000 rw-p 00000000 00:00 0 
7f2dd8c00000-7f2dd8c24000 r-xp 00000000 00:204 81779481635               /mnt/primary/conda-envs/semantic_uncertainty_export/lib/python3.11/site-packages/torch/lib/libcudnn.so.8
7f2dd8c24000-7f2dd8e23000 ---p 00024000 00:204 81779481635               /mnt/primary/conda-envs/semantic_uncertainty_export/lib/python3.11/site-packages/torch/lib/libcudnn.so.8
7f2dd8e23000-7f2dd8e24000 r--p 00023000 00:204 81779481635               /mnt/primary/conda-envs/semantic_uncertainty_export/lib/python3.11/site-packages/torch/lib/libcudnn.so.8
7f2dd8e24000-7f2dd8e25000 rw-p 00024000 00:204 81779481635               /mnt/primary/conda-envs/semantic_uncertainty_export/lib/python3.11/site-packages/torch/lib/libcudnn.so.8
7f2dd8e25000-7f2dd8e26000 rw-p 00000000 00:00 0 
7f2dd8e26000-7f2dd8e29000 rw-p 00025000 00:204 81779481635               /mnt/primary/conda-envs/semantic_uncertainty_export/lib/python3.11/site-packages/torch/lib/libcudnn.so.8
7f2dd8eb0000-7f2dd91b0000 rw-p 00000000 00:00 0 
7f2dd91b0000-7f2dd9e02000 r--p 00000000 00:204 81779481647               /mnt/primary/conda-envs/semantic_uncertainty_export/lib/python3.11/site-packages/torch/lib/libtorch_cuda.so
7f2dd9e02000-7f2ddc4a0000 r-xp 00c52000 00:204 81779481647               /mnt/primary/conda-envs/semantic_uncertainty_export/lib/python3.11/site-packages/torch/lib/libtorch_cuda.so
7f2ddc4a0000-7f2e255c8000 r--p 032f0000 00:204 81779481647               /mnt/primary/conda-envs/semantic_uncertainty_export/lib/python3.11/site-packages/torch/lib/libtorch_cuda.so
7f2e255c8000-7f2e255c9000 ---p 4c418000 00:204 81779481647               /mnt/primary/conda-envs/semantic_uncertainty_export/lib/python3.11/site-packages/torch/lib/libtorch_cuda.so
7f2e255c9000-7f2e25644000 r--p 4c418000 00:204 81779481647               /mnt/primary/conda-envs/semantic_uncertainty_export/lib/python3.11/site-packages/torch/lib/libtorch_cuda.so
7f2e25644000-7f2e2566d000 rw-p 4c493000 00:204 81779481647               /mnt/primary/conda-envs/semantic_uncertainty_export/lib/python3.11/site-packages/torch/lib/libtorch_cuda.so
7f2e2566d000-7f2e26396000 rw-p 00000000 00:00 0 
7f2e26396000-7f2e26faa000 r--p 00000000 00:204 81779481646               /mnt/primary/conda-envs/semantic_uncertainty_export/lib/python3.11/site-packages/torch/lib/libtorch_cpu.so
7f2e26faa000-7f2e2fd1b000 r-xp 00c14000 00:204 81779481646               /mnt/primary/conda-envs/semantic_uncertainty_export/lib/python3.11/site-packages/torch/lib/libtorch_cpu.so
7f2e2fd1b000-7f2e31b69000 r--p 09985000 00:204 81779481646               /mnt/primary/conda-envs/semantic_uncertainty_export/lib/python3.11/site-packages/torch/lib/libtorch_cpu.so
7f2e31b69000-7f2e31d5c000 r--p 0b7d2000 00:204 81779481646               /mnt/primary/conda-envs/semantic_uncertainty_export/lib/python3.11/site-packages/torch/lib/libtorch_cpu.so
7f2e31d5c000-7f2e31d95000 rw-p 0b9c5000 00:204 81779481646               /mnt/primary/conda-envs/semantic_uncertainty_export/lib/python3.11/site-packages/torch/lib/libtorch_cpu.so
7f2e31d95000-7f2e31e10000 rw-p 00000000 00:00 0 
7f2e31e10000-7f2e32316000 rw-p 104ec000 00:204 81779481646               /mnt/primary/conda-envs/semantic_uncertainty_export/lib/python3.11/site-packages/torch/lib/libtorch_cpu.so
7f2e32316000-7f2e3250f000 r--p 00000000 00:204 81779481650               /mnt/primary/conda-envs/semantic_uncertainty_export/lib/python3.11/site-packages/torch/lib/libtorch_python.so
7f2e3250f000-7f2e32fe6000 r-xp 001f9000 00:204 81779481650               /mnt/primary/conda-envs/semantic_uncertainty_export/lib/python3.11/site-packages/torch/lib/libtorch_python.so
7f2e32fe6000-7f2e3332d000 r--p 00cd0000 00:204 81779481650               /mnt/primary/conda-envs/semantic_uncertainty_export/lib/python3.11/site-packages/torch/lib/libtorch_python.so
7f2e3332d000-7f2e3332e000 ---p 01017000 00:204 81779481650               /mnt/primary/conda-envs/semantic_uncertainty_export/lib/python3.11/site-packages/torch/lib/libtorch_python.so
7f2e3332e000-7f2e3334a000 r--p 01017000 00:204 81779481650               /mnt/primary/conda-envs/semantic_uncertainty_export/lib/python3.11/site-packages/torch/lib/libtorch_python.so
7f2e3334a000-7f2e3339e000 rw-p 01033000 00:204 81779481650               /mnt/primary/conda-envs/semantic_uncertainty_export/lib/python3.11/site-packages/torch/lib/libtorch_python.so
7f2e3339e000-7f2e33400000 rw-p 00000000 00:00 0 
7f2e33400000-7f2e36499000 r-xp 00000000 08:04 1611306985                 /usr/local/cuda-12.2/targets/x86_64-linux/lib/libnvrtc.so.12.2.140
7f2e36499000-7f2e36698000 ---p 03099000 08:04 1611306985                 /usr/local/cuda-12.2/targets/x86_64-linux/lib/libnvrtc.so.12.2.140
7f2e36698000-7f2e36c83000 r--p 03098000 08:04 1611306985                 /usr/local/cuda-12.2/targets/x86_64-linux/lib/libnvrtc.so.12.2.140
7f2e36c83000-7f2e36d5a000 rw-p 03683000 08:04 1611306985                 /usr/local/cuda-12.2/targets/x86_64-linux/lib/libnvrtc.so.12.2.140
7f2e36d5a000-7f2e36e57000 rw-p 00000000 00:00 0 
7f2e36e94000-7f2e37194000 rw-p 00000000 00:00 0 
7f2e37194000-7f2e37275000 r--p 00000000 08:04 4604425                    /usr/lib/x86_64-linux-gnu/libcuda.so.535.154.05
7f2e37275000-7f2e37794000 r-xp 000e1000 08:04 4604425                    /usr/lib/x86_64-linux-gnu/libcuda.so.535.154.05
7f2e37794000-7f2e38c7a000 r--p 00600000 08:04 4604425                    /usr/lib/x86_64-linux-gnu/libcuda.so.535.154.05
7f2e38c7a000-7f2e38c93000 r--p 01ae5000 08:04 4604425                    /usr/lib/x86_64-linux-gnu/libcuda.so.535.154.05
7f2e38c93000-7f2e38d99000 rw-p 01afe000 08:04 4604425                    /usr/lib/x86_64-linux-gnu/libcuda.so.535.154.05
7f2e38d99000-7f2e38e00000 rw-p 00000000 00:00 0 
7f2e38e00000-7f2e38e08000 r-xp 00000000 00:204 70897288735               /mnt/primary/conda-envs/semantic_uncertainty_export/lib/libnvToolsExt.so.1.0.0
7f2e38e08000-7f2e39008000 ---p 00008000 00:204 70897288735               /mnt/primary/conda-envs/semantic_uncertainty_export/lib/libnvToolsExt.so.1.0.0
7f2e39008000-7f2e39009000 r--p 00008000 00:204 70897288735               /mnt/primary/conda-envs/semantic_uncertainty_export/lib/libnvToolsExt.so.1.0.0
7f2e39009000-7f2e3900b000 rw-p 00009000 00:204 70897288735               /mnt/primary/conda-envs/semantic_uncertainty_export/lib/libnvToolsExt.so.1.0.0
7f2e39100000-7f2e39400000 rw-p 00000000 00:00 0 
7f2e39400000-7f2e394a0000 r-xp 00000000 00:204 70897288714               /mnt/primary/conda-envs/semantic_uncertainty_export/lib/libcudart.so.11.8.89
7f2e394a0000-7f2e396a0000 ---p 000a0000 00:204 70897288714               /mnt/primary/conda-envs/semantic_uncertainty_export/lib/libcudart.so.11.8.89
7f2e396a0000-7f2e396a5000 r--p 000a0000 00:204 70897288714               /mnt/primary/conda-envs/semantic_uncertainty_export/lib/libcudart.so.11.8.89
7f2e396a5000-7f2e396a6000 rw-p 000a5000 00:204 70897288714               /mnt/primary/conda-envs/semantic_uncertainty_export/lib/libcudart.so.11.8.89
7f2e396a6000-7f2e396a7000 rw-p 00000000 00:00 0 
7f2e396a7000-7f2e396ab000 rw-p 000a6000 00:204 70897288714               /mnt/primary/conda-envs/semantic_uncertainty_export/lib/libcudart.so.11.8.89
7f2e39700000-7f2e39a00000 rw-p 00000000 00:00 0 
7f2e39a00000-7f2e5acfc000 r-xp 00000000 00:204 70897288739               /mnt/primary/conda-envs/semantic_uncertainty_export/lib/libcublasLt.so.11.11.3.6
7f2e5acfc000-7f2e5aefc000 ---p 212fc000 00:204 70897288739               /mnt/primary/conda-envs/semantic_uncertainty_export/lib/libcublasLt.so.11.11.3.6
7f2e5aefc000-7f2e5b182000 r--p 212fc000 00:204 70897288739               /mnt/primary/conda-envs/semantic_uncertainty_export/lib/libcublasLt.so.11.11.3.6
7f2e5b182000-7f2e5bff3000 rw-p 21582000 00:204 70897288739               /mnt/primary/conda-envs/semantic_uncertainty_export/lib/libcublasLt.so.11.11.3.6
7f2e5bff3000-7f2e5df86000 rw-p 00000000 00:00 0 
7f2e5df86000-7f2e5df8a000 rw-p 223f3000 00:204 70897288739               /mnt/primary/conda-envs/semantic_uncertainty_export/lib/libcublasLt.so.11.11.3.6
7f2e5e079000-7f2e5e08c000 r--p 00000000 00:204 148237000213              /mnt/primary/conda-envs/semantic_uncertainty_export/lib/libunistring.so.2.1.0
7f2e5e08c000-7f2e5e0c4000 r-xp 00013000 00:204 148237000213              /mnt/primary/conda-envs/semantic_uncertainty_export/lib/libunistring.so.2.1.0
7f2e5e0c4000-7f2e5e1fb000 r--p 0004b000 00:204 148237000213              /mnt/primary/conda-envs/semantic_uncertainty_export/lib/libunistring.so.2.1.0
7f2e5e1fb000-7f2e5e1ff000 r--p 00181000 00:204 148237000213              /mnt/primary/conda-envs/semantic_uncertainty_export/lib/libunistring.so.2.1.0
7f2e5e1ff000-7f2e5e200000 rw-p 00185000 00:204 148237000213              /mnt/primary/conda-envs/semantic_uncertainty_export/lib/libunistring.so.2.1.0
7f2e5e200000-7f2e63c4b000 r-xp 00000000 00:204 70897288737               /mnt/primary/conda-envs/semantic_uncertainty_export/lib/libcublas.so.11.11.3.6
7f2e63c4b000-7f2e63e4b000 ---p 05a4b000 00:204 70897288737               /mnt/primary/conda-envs/semantic_uncertainty_export/lib/libcublas.so.11.11.3.6
7f2e63e4b000-7f2e63e52000 r--p 05a4b000 00:204 70897288737               /mnt/primary/conda-envs/semantic_uncertainty_export/lib/libcublas.so.11.11.3.6
7f2e63e52000-7f2e63e57000 rw-p 05a52000 00:204 70897288737               /mnt/primary/conda-envs/semantic_uncertainty_export/lib/libcublas.so.11.11.3.6
7f2e63e57000-7f2e63e5e000 rw-p 00000000 00:00 0 
7f2e63e5e000-7f2e63e62000 rw-p 05a58000 00:204 70897288737               /mnt/primary/conda-envs/semantic_uncertainty_export/lib/libcublas.so.11.11.3.6
7f2e63f51000-7f2e63f62000 r--p 00000000 00:204 148237027881              /mnt/primary/conda-envs/semantic_uncertainty_export/lib/libavutil.so.56.51.100
7f2e63f62000-7f2e63fd4000 r-xp 00011000 00:204 148237027881              /mnt/primary/conda-envs/semantic_uncertainty_export/lib/libavutil.so.56.51.100
7f2e63fd4000-7f2e63fec000 r--p 00083000 00:204 148237027881              /mnt/primary/conda-envs/semantic_uncertainty_export/lib/libavutil.so.56.51.100
7f2e63fec000-7f2e63fed000 ---p 0009b000 00:204 148237027881              /mnt/primary/conda-envs/semantic_uncertainty_export/lib/libavutil.so.56.51.100
7f2e63fed000-7f2e63ff8000 r--p 0009b000 00:204 148237027881              /mnt/primary/conda-envs/semantic_uncertainty_export/lib/libavutil.so.56.51.100
7f2e63ff8000-7f2e63ff9000 rw-p 000a6000 00:204 148237027881              /mnt/primary/conda-envs/semantic_uncertainty_export/lib/libavutil.so.56.51.100
7f2e63ff9000-7f2e64200000 rw-p 00000000 00:00 0 
7f2e64200000-7f2e6899b000 r-xp 00000000 00:204 70897288751               /mnt/primary/conda-envs/semantic_uncertainty_export/lib/libcurand.so.10.3.4.52
7f2e6899b000-7f2e68b9b000 ---p 0479b000 00:204 70897288751               /mnt/primary/conda-envs/semantic_uncertainty_export/lib/libcurand.so.10.3.4.52
7f2e68b9b000-7f2e68ba1000 r--p 0479b000 00:204 70897288751               /mnt/primary/conda-envs/semantic_uncertainty_export/lib/libcurand.so.10.3.4.52
7f2e68ba1000-7f2e69fcd000 rw-p 047a1000 00:204 70897288751               /mnt/primary/conda-envs/semantic_uncertainty_export/lib/libcurand.so.10.3.4.52
7f2e69fcd000-7f2e6a605000 rw-p 00000000 00:00 0 
7f2e6a605000-7f2e6a606000 rw-p 05bcd000 00:204 70897288751               /mnt/primary/conda-envs/semantic_uncertainty_export/lib/libcurand.so.10.3.4.52
7f2e6a609000-7f2e6a63c000 r--p 00000000 00:204 148237001233              /mnt/primary/conda-envs/semantic_uncertainty_export/lib/libgnutls.so.30.28.1
7f2e6a63c000-7f2e6a721000 r-xp 00033000 00:204 148237001233              /mnt/primary/conda-envs/semantic_uncertainty_export/lib/libgnutls.so.30.28.1
7f2e6a721000-7f2e6a779000 r--p 00118000 00:204 148237001233              /mnt/primary/conda-envs/semantic_uncertainty_export/lib/libgnutls.so.30.28.1
7f2e6a779000-7f2e6a789000 r--p 0016f000 00:204 148237001233              /mnt/primary/conda-envs/semantic_uncertainty_export/lib/libgnutls.so.30.28.1
7f2e6a789000-7f2e6a78b000 rw-p 0017f000 00:204 148237001233              /mnt/primary/conda-envs/semantic_uncertainty_export/lib/libgnutls.so.30.28.1
7f2e6a78b000-7f2e6a78c000 rw-p 00000000 00:00 0 
7f2e6a78c000-7f2e6a7c6000 r--p 00000000 00:204 148237027879              /mnt/primary/conda-envs/semantic_uncertainty_export/lib/libavformat.so.58.45.100
7f2e6a7c6000-7f2e6a95c000 r-xp 0003a000 00:204 148237027879              /mnt/primary/conda-envs/semantic_uncertainty_export/lib/libavformat.so.58.45.100
7f2e6a95c000-7f2e6a9ca000 r--p 001d0000 00:204 148237027879              /mnt/primary/conda-envs/semantic_uncertainty_export/lib/libavformat.so.58.45.100
7f2e6a9ca000-7f2e6a9e8000 r--p 0023d000 00:204 148237027879              /mnt/primary/conda-envs/semantic_uncertainty_export/lib/libavformat.so.58.45.100
7f2e6a9e8000-7f2e6aa00000 rw-p 0025b000 00:204 148237027879              /mnt/primary/conda-envs/semantic_uncertainty_export/lib/libavformat.so.58.45.100
7f2e6aa00000-7f2e6d86f000 r-xp 00000000 00:204 70897288743               /mnt/primary/conda-envs/semantic_uncertainty_export/lib/libcufft.so.10.9.0.58
7f2e6d86f000-7f2e6da6f000 ---p 02e6f000 00:204 70897288743               /mnt/primary/conda-envs/semantic_uncertainty_export/lib/libcufft.so.10.9.0.58
7f2e6da6f000-7f2e6db03000 r--p 02e6f000 00:204 70897288743               /mnt/primary/conda-envs/semantic_uncertainty_export/lib/libcufft.so.10.9.0.58
7f2e6db03000-7f2e7b63a000 rw-p 02f03000 00:204 70897288743               /mnt/primary/conda-envs/semantic_uncertainty_export/lib/libcufft.so.10.9.0.58
7f2e7b63a000-7f2e7b8db000 rw-p 00000000 00:00 0 
7f2e7b8db000-7f2e7b8dd000 rw-p 10a3b000 00:204 70897288743               /mnt/primary/conda-envs/semantic_uncertainty_export/lib/libcufft.so.10.9.0.58
7f2e7b95b000-7f2e7b991000 r--p 00000000 00:204 70898552840               /mnt/primary/conda-envs/semantic_uncertainty_export/lib/libopenh264.so.2.1.1
7f2e7b991000-7f2e7ba51000 r-xp 00036000 00:204 70898552840               /mnt/primary/conda-envs/semantic_uncertainty_export/lib/libopenh264.so.2.1.1
7f2e7ba51000-7f2e7ba79000 r--p 000f6000 00:204 70898552840               /mnt/primary/conda-envs/semantic_uncertainty_export/lib/libopenh264.so.2.1.1
7f2e7ba79000-7f2e7ba7a000 ---p 0011e000 00:204 70898552840               /mnt/primary/conda-envs/semantic_uncertainty_export/lib/libopenh264.so.2.1.1
7f2e7ba7a000-7f2e7ba7f000 r--p 0011e000 00:204 70898552840               /mnt/primary/conda-envs/semantic_uncertainty_export/lib/libopenh264.so.2.1.1
7f2e7ba7f000-7f2e7ba80000 rw-p 00123000 00:204 70898552840               /mnt/primary/conda-envs/semantic_uncertainty_export/lib/libopenh264.so.2.1.1
7f2e7ba80000-7f2e7bb80000 rw-p 00000000 00:00 0 
7f2e7bb80000-7f2e7bd53000 r--p 00000000 00:204 70924951606               /mnt/primary/conda-envs/semantic_uncertainty_export/lib/libmkl_gnu_thread.so.2
7f2e7bd53000-7f2e7d529000 r-xp 001d3000 00:204 70924951606               /mnt/primary/conda-envs/semantic_uncertainty_export/lib/libmkl_gnu_thread.so.2
7f2e7d529000-7f2e7d6cb000 r--p 019a9000 00:204 70924951606               /mnt/primary/conda-envs/semantic_uncertainty_export/lib/libmkl_gnu_thread.so.2
7f2e7d6cb000-7f2e7d6cf000 r--p 01b4a000 00:204 70924951606               /mnt/primary/conda-envs/semantic_uncertainty_export/lib/libmkl_gnu_thread.so.2
7f2e7d6cf000-7f2e7d71c000 rw-p 01b4e000 00:204 70924951606               /mnt/primary/conda-envs/semantic_uncertainty_export/lib/libmkl_gnu_thread.so.2
7f2e7d71c000-7f2e7d71d000 rw-p 00000000 00:00 0 
7f2e7d71d000-7f2e7d800000 rw-p 01d98000 00:204 70924951606               /mnt/primary/conda-envs/semantic_uncertainty_export/lib/libmkl_gnu_thread.so.2
7f2e7d800000-7f2e7d825000 r-xp 00000000 00:204 135369460281              /mnt/primary/conda-envs/semantic_uncertainty_export/lib/python3.11/site-packages/scikit_learn.libs/libgomp-a34b3233.so.1.0.0
7f2e7d825000-7f2e7da24000 ---p 00025000 00:204 135369460281              /mnt/primary/conda-envs/semantic_uncertainty_export/lib/python3.11/site-packages/scikit_learn.libs/libgomp-a34b3233.so.1.0.0
7f2e7da24000-7f2e7da25000 r--p 00024000 00:204 135369460281              /mnt/primary/conda-envs/semantic_uncertainty_export/lib/python3.11/site-packages/scikit_learn.libs/libgomp-a34b3233.so.1.0.0
7f2e7da25000-7f2e7da2a000 rw-p 00025000 00:204 135369460281              /mnt/primary/conda-envs/semantic_uncertainty_export/lib/python3.11/site-packages/scikit_learn.libs/libgomp-a34b3233.so.1.0.0
7f2e7db00000-7f2e7de00000 rw-p 00000000 00:00 0 
7f2e7e200000-7f2e80200000 rw-p 00000000 00:00 0 
7f2e80200000-7f2e80400000 rw-p 00000000 00:00 0 
7f2e80400000-7f2e82400000 rw-p 00000000 00:00 0 
7f2e82400000-7f2e82600000 rw-p 00000000 00:00 0 
7f2e82600000-7f2e82601000 ---p 00000000 00:00 0 
7f2e82601000-7f2e82e01000 rw-p 00000000 00:00 0 
7f2e82f00000-7f2e83000000 rw-p 00000000 00:00 0 
7f2e83000000-7f2e85000000 rw-p 00000000 00:00 0 
7f2e85000000-7f2e85200000 rw-p 00000000 00:00 0 
7f2e85200000-7f2e85201000 ---p 00000000 00:00 0 
7f2e85201000-7f2e85a01000 rw-p 00000000 00:00 0 
7f2e85b00000-7f2e85c00000 rw-p 00000000 00:00 0 
7f2e85c00000-7f2e87c00000 rw-p 00000000 00:00 0 
7f2e87c00000-7f2e87e00000 rw-p 00000000 00:00 0 
7f2e87e00000-7f2e87e01000 ---p 00000000 00:00 0 
7f2e87e01000-7f2e88601000 rw-p 00000000 00:00 0 
7f2e88700000-7f2e88800000 rw-p 00000000 00:00 0 
7f2e88800000-7f2e8a800000 rw-p 00000000 00:00 0 
7f2e8a800000-7f2e8aa00000 rw-p 00000000 00:00 0 
7f2e8aa00000-7f2e8aa01000 ---p 00000000 00:00 0 
7f2e8aa01000-7f2e8b201000 rw-p 00000000 00:00 0 
7f2e8b300000-7f2e8b400000 rw-p 00000000 00:00 0 
7f2e8b400000-7f2e8d400000 rw-p 00000000 00:00 0 
7f2e8d400000-7f2e8d600000 rw-p 00000000 00:00 0 
7f2e8d600000-7f2e8d601000 ---p 00000000 00:00 0 
7f2e8d601000-7f2e8de01000 rw-p 00000000 00:00 0 
7f2e8df00000-7f2e8e000000 rw-p 00000000 00:00 0 
7f2e8e000000-7f2e90000000 rw-p 00000000 00:00 0 
7f2e90000000-7f2e90200000 rw-p 00000000 00:00 0 
7f2e90200000-7f2e92200000 rw-p 00000000 00:00 0 
7f2e92200000-7f2e92400000 rw-p 00000000 00:00 0 
7f2e92400000-7f2e92401000 ---p 00000000 00:00 0 
7f2e92401000-7f2e92c01000 rw-p 00000000 00:00 0 
7f2e92d00000-7f2e92e00000 rw-p 00000000 00:00 0 
7f2e92e00000-7f2e92e01000 ---p 00000000 00:00 0 
7f2e92e01000-7f2e93601000 rw-p 00000000 00:00 0 
7f2e93617000-7f2e9361c000 rw-p 00000000 00:00 0 
7f2e9361c000-7f2e93700000 ---p 00000000 00:00 0 
7f2e93700000-7f2e93800000 rw-p 00000000 00:00 0 
7f2e93800000-7f2e95800000 rw-p 00000000 00:00 0 
7f2e95800000-7f2e95a00000 rw-p 00000000 00:00 0 
7f2e95a00000-7f2e95a01000 ---p 00000000 00:00 0 
7f2e95a01000-7f2e96201000 rw-p 00000000 00:00 0 
7f2e96217000-7f2e9621d000 rw-p 00000000 00:00 0 
7f2e9621d000-7f2e96300000 ---p 00000000 00:00 0 
7f2e96300000-7f2e96400000 rw-p 00000000 00:00 0 
7f2e96400000-7f2e98400000 rw-p 00000000 00:00 0 
7f2e98400000-7f2e98600000 rw-p 00000000 00:00 0 
7f2e98600000-7f2e98601000 ---p 00000000 00:00 0 
7f2e98601000-7f2e98e01000 rw-p 00000000 00:00 0 
7f2e98e5a000-7f2e98e61000 r--p 00000000 00:204 101037297702              /mnt/primary/conda-envs/semantic_uncertainty_export/lib/python3.11/site-packages/jnius/jnius.cpython-311-x86_64-linux-gnu.so
7f2e98e61000-7f2e98eea000 r-xp 00007000 00:204 101037297702              /mnt/primary/conda-envs/semantic_uncertainty_export/lib/python3.11/site-packages/jnius/jnius.cpython-311-x86_64-linux-gnu.so
7f2e98eea000-7f2e98ef9000 r--p 00090000 00:204 101037297702              /mnt/primary/conda-envs/semantic_uncertainty_export/lib/python3.11/site-packages/jnius/jnius.cpython-311-x86_64-linux-gnu.so
7f2e98ef9000-7f2e98efa000 ---p 0009f000 00:204 101037297702              /mnt/primary/conda-envs/semantic_uncertainty_export/lib/python3.11/site-packages/jnius/jnius.cpython-311-x86_64-linux-gnu.so
7f2e98efa000-7f2e98efb000 r--p 0009f000 00:204 101037297702              /mnt/primary/conda-envs/semantic_uncertainty_export/lib/python3.11/site-packages/jnius/jnius.cpython-311-x86_64-linux-gnu.so
7f2e98efb000-7f2e98eff000 rw-p 000a0000 00:204 101037297702              /mnt/primary/conda-envs/semantic_uncertainty_export/lib/python3.11/site-packages/jnius/jnius.cpython-311-x86_64-linux-gnu.so
7f2e98eff000-7f2e99000000 rw-p 00000000 00:00 0 
7f2e99000000-7f2e9b000000 rw-p 00000000 00:00 0 
7f2e9b000000-7f2e9b200000 rw-p 00000000 00:00 0 
7f2e9b200000-7f2e9b201000 ---p 00000000 00:00 0 
7f2e9b201000-7f2e9ba01000 rw-p 00000000 00:00 0 
7f2e9ba69000-7f2e9ba6e000 r--p 00000000 00:204 70898546218               /mnt/primary/conda-envs/semantic_uncertainty_export/lib/libjpeg.so.8.2.2
7f2e9ba6e000-7f2e9bac3000 r-xp 00005000 00:204 70898546218               /mnt/primary/conda-envs/semantic_uncertainty_export/lib/libjpeg.so.8.2.2
7f2e9bac3000-7f2e9bafe000 r--p 0005a000 00:204 70898546218               /mnt/primary/conda-envs/semantic_uncertainty_export/lib/libjpeg.so.8.2.2
7f2e9bafe000-7f2e9baff000 r--p 00094000 00:204 70898546218               /mnt/primary/conda-envs/semantic_uncertainty_export/lib/libjpeg.so.8.2.2
7f2e9baff000-7f2e9bb00000 rw-p 00095000 00:204 70898546218               /mnt/primary/conda-envs/semantic_uncertainty_export/lib/libjpeg.so.8.2.2
7f2e9bb00000-7f2e9bc00000 rw-p 00000000 00:00 0 
7f2e9bc00000-7f2e9dc00000 rw-p 00000000 00:00 0 
7f2e9dc00000-7f2e9de00000 rw-p 00000000 00:00 0 
7f2e9de00000-7f2e9de01000 ---p 00000000 00:00 0 
7f2e9de01000-7f2e9e601000 rw-p 00000000 00:00 0 
7f2e9e638000-7f2e9e642000 r--p 00000000 00:204 148237001219              /mnt/primary/conda-envs/semantic_uncertainty_export/lib/libhogweed.so.6.4
7f2e9e642000-7f2e9e655000 r-xp 0000a000 00:204 148237001219              /mnt/primary/conda-envs/semantic_uncertainty_export/lib/libhogweed.so.6.4
7f2e9e655000-7f2e9e67f000 r--p 0001d000 00:204 148237001219              /mnt/primary/conda-envs/semantic_uncertainty_export/lib/libhogweed.so.6.4
7f2e9e67f000-7f2e9e681000 r--p 00046000 00:204 148237001219              /mnt/primary/conda-envs/semantic_uncertainty_export/lib/libhogweed.so.6.4
7f2e9e681000-7f2e9e682000 rw-p 00048000 00:204 148237001219              /mnt/primary/conda-envs/semantic_uncertainty_export/lib/libhogweed.so.6.4
7f2e9e682000-7f2e9e68d000 r--p 00000000 00:204 70898546190               /mnt/primary/conda-envs/semantic_uncertainty_export/lib/libmp3lame.so.0.0.0
7f2e9e68d000-7f2e9e6bf000 r-xp 0000b000 00:204 70898546190               /mnt/primary/conda-envs/semantic_uncertainty_export/lib/libmp3lame.so.0.0.0
7f2e9e6bf000-7f2e9e6cf000 r--p 0003d000 00:204 70898546190               /mnt/primary/conda-envs/semantic_uncertainty_export/lib/libmp3lame.so.0.0.0
7f2e9e6cf000-7f2e9e6d0000 ---p 0004d000 00:204 70898546190               /mnt/primary/conda-envs/semantic_uncertainty_export/lib/libmp3lame.so.0.0.0
7f2e9e6d0000-7f2e9e6d2000 r--p 0004d000 00:204 70898546190               /mnt/primary/conda-envs/semantic_uncertainty_export/lib/libmp3lame.so.0.0.0
7f2e9e6d2000-7f2e9e6d3000 rw-p 0004f000 00:204 70898546190               /mnt/primary/conda-envs/semantic_uncertainty_export/lib/libmp3lame.so.0.0.0
7f2e9e6d3000-7f2e9e800000 rw-p 00000000 00:00 0 
7f2e9e800000-7f2ea0800000 rw-p 00000000 00:00 0 
7f2ea0800000-7f2ea0a00000 rw-p 00000000 00:00 0 
7f2ea0a00000-7f2ea0a01000 ---p 00000000 00:00 0 
7f2ea0a01000-7f2ea1201000 rw-p 00000000 00:00 0 
7f2ea121a000-7f2ea121d000 r--p 00000000 00:204 70898546215               /mnt/primary/conda-envs/semantic_uncertainty_export/lib/libiconv.so.2.6.1
7f2ea121d000-7f2ea1231000 r-xp 00003000 00:204 70898546215               /mnt/primary/conda-envs/semantic_uncertainty_export/lib/libiconv.so.2.6.1
7f2ea1231000-7f2ea12fd000 r--p 00017000 00:204 70898546215               /mnt/primary/conda-envs/semantic_uncertainty_export/lib/libiconv.so.2.6.1
7f2ea12fd000-7f2ea12ff000 r--p 000e2000 00:204 70898546215               /mnt/primary/conda-envs/semantic_uncertainty_export/lib/libiconv.so.2.6.1
7f2ea12ff000-7f2ea1300000 rw-p 000e4000 00:204 70898546215               /mnt/primary/conda-envs/semantic_uncertainty_export/lib/libiconv.so.2.6.1
7f2ea1300000-7f2ea1400000 rw-p 00000000 00:00 0 
7f2ea1400000-7f2ea3400000 rw-p 00000000 00:00 0 
7f2ea3400000-7f2ea3600000 rw-p 00000000 00:00 0 
7f2ea3600000-7f2ea3601000 ---p 00000000 00:00 0 
7f2ea3601000-7f2ea3e01000 rw-p 00000000 00:00 0 
7f2ea3e26000-7f2ea3e34000 r--p 00000000 00:204 70923272732               /mnt/primary/conda-envs/semantic_uncertainty_export/lib/libnettle.so.8.4
7f2ea3e34000-7f2ea3e56000 r-xp 0000e000 00:204 70923272732               /mnt/primary/conda-envs/semantic_uncertainty_export/lib/libnettle.so.8.4
7f2ea3e56000-7f2ea3e6c000 r--p 00030000 00:204 70923272732               /mnt/primary/conda-envs/semantic_uncertainty_export/lib/libnettle.so.8.4
7f2ea3e6c000-7f2ea3e6d000 ---p 00046000 00:204 70923272732               /mnt/primary/conda-envs/semantic_uncertainty_export/lib/libnettle.so.8.4
7f2ea3e6d000-7f2ea3e6f000 r--p 00046000 00:204 70923272732               /mnt/primary/conda-envs/semantic_uncertainty_export/lib/libnettle.so.8.4
7f2ea3e6f000-7f2ea3e70000 rw-p 00048000 00:204 70923272732               /mnt/primary/conda-envs/semantic_uncertainty_export/lib/libnettle.so.8.4
7f2ea3e70000-7f2ea3e73000 r--p 00000000 00:204 148237027883              /mnt/primary/conda-envs/semantic_uncertainty_export/lib/libswscale.so.5.7.100
7f2ea3e73000-7f2ea3ee6000 r-xp 00003000 00:204 148237027883              /mnt/primary/conda-envs/semantic_uncertainty_export/lib/libswscale.so.5.7.100
7f2ea3ee6000-7f2ea3ef5000 r--p 00076000 00:204 148237027883              /mnt/primary/conda-envs/semantic_uncertainty_export/lib/libswscale.so.5.7.100
7f2ea3ef5000-7f2ea3ef6000 ---p 00085000 00:204 148237027883              /mnt/primary/conda-envs/semantic_uncertainty_export/lib/libswscale.so.5.7.100
7f2ea3ef6000-7f2ea3ef7000 r--p 00085000 00:204 148237027883              /mnt/primary/conda-envs/semantic_uncertainty_export/lib/libswscale.so.5.7.100
7f2ea3ef7000-7f2ea3ef8000 rw-p 00086000 00:204 148237027883              /mnt/primary/conda-envs/semantic_uncertainty_export/lib/libswscale.so.5.7.100
7f2ea3ef8000-7f2ea4000000 rw-p 00000000 00:00 0 
7f2ea4000000-7f2ea6000000 rw-p 00000000 00:00 0 
7f2ea6000000-7f2ea6200000 rw-p 00000000 00:00 0 
7f2ea6200000-7f2ea6201000 ---p 00000000 00:00 0 
7f2ea6201000-7f2ea6a01000 rw-p 00000000 00:00 0 
7f2ea6a28000-7f2ea6a2c000 r--p 00000000 00:204 70922420791               /mnt/primary/conda-envs/semantic_uncertainty_export/lib/libidn2.so.0.3.8
7f2ea6a2c000-7f2ea6a31000 r-xp 00004000 00:204 70922420791               /mnt/primary/conda-envs/semantic_uncertainty_export/lib/libidn2.so.0.3.8
7f2ea6a31000-7f2ea6a78000 r--p 00009000 00:204 70922420791               /mnt/primary/conda-envs/semantic_uncertainty_export/lib/libidn2.so.0.3.8
7f2ea6a78000-7f2ea6a79000 ---p 00050000 00:204 70922420791               /mnt/primary/conda-envs/semantic_uncertainty_export/lib/libidn2.so.0.3.8
7f2ea6a79000-7f2ea6a7b000 r--p 00050000 00:204 70922420791               /mnt/primary/conda-envs/semantic_uncertainty_export/lib/libidn2.so.0.3.8
7f2ea6a7b000-7f2ea6a7c000 rw-p 00052000 00:204 70922420791               /mnt/primary/conda-envs/semantic_uncertainty_export/lib/libidn2.so.0.3.8
7f2ea6a7c000-7f2ea6aa5000 r--p 00000000 00:204 148282762796              /mnt/primary/conda-envs/semantic_uncertainty_export/lib/python3.11/site-packages/torchvision/video_reader.so
7f2ea6aa5000-7f2ea6ae8000 r-xp 00029000 00:204 148282762796              /mnt/primary/conda-envs/semantic_uncertainty_export/lib/python3.11/site-packages/torchvision/video_reader.so
7f2ea6ae8000-7f2ea6afb000 r--p 0006c000 00:204 148282762796              /mnt/primary/conda-envs/semantic_uncertainty_export/lib/python3.11/site-packages/torchvision/video_reader.so
7f2ea6afb000-7f2ea6afc000 ---p 0007f000 00:204 148282762796              /mnt/primary/conda-envs/semantic_uncertainty_export/lib/python3.11/site-packages/torchvision/video_reader.so
7f2ea6afc000-7f2ea6afe000 r--p 0007f000 00:204 148282762796              /mnt/primary/conda-envs/semantic_uncertainty_export/lib/python3.11/site-packages/torchvision/video_reader.so
7f2ea6afe000-7f2ea6b00000 rw-p 00081000 00:204 148282762796              /mnt/primary/conda-envs/semantic_uncertainty_export/lib/python3.11/site-packages/torchvision/video_reader.so
7f2ea6b00000-7f2ea6c00000 rw-p 00000000 00:00 0 
7f2ea6c00000-7f2ea8c00000 rw-p 00000000 00:00 0 
7f2ea8c00000-7f2ea8e00000 rw-p 00000000 00:00 0 
7f2ea8e00000-7f2ea8e01000 ---p 00000000 00:00 0 
7f2ea8e01000-7f2ea9601000 rw-p 00000000 00:00 0 
7f2ea9619000-7f2ea9627000 r--p 00000000 08:04 1116476803                 /usr/lib/jvm/java-11-openjdk-amd64/lib/libjava.so
7f2ea9627000-7f2ea963d000 r-xp 0000e000 08:04 1116476803                 /usr/lib/jvm/java-11-openjdk-amd64/lib/libjava.so
7f2ea963d000-7f2ea9644000 r--p 00024000 08:04 1116476803                 /usr/lib/jvm/java-11-openjdk-amd64/lib/libjava.so
7f2ea9644000-7f2ea9645000 r--p 0002a000 08:04 1116476803                 /usr/lib/jvm/java-11-openjdk-amd64/lib/libjava.so
7f2ea9645000-7f2ea9646000 rw-p 0002b000 08:04 1116476803                 /usr/lib/jvm/java-11-openjdk-amd64/lib/libjava.so
7f2ea9646000-7f2ea9647000 rw-p 00000000 00:00 0 
7f2ea9647000-7f2ea9655000 r--p 00000000 00:204 70923272751               /mnt/primary/conda-envs/semantic_uncertainty_export/lib/libfreetype.so.6.18.3
7f2ea9655000-7f2ea96cf000 r-xp 0000e000 00:204 70923272751               /mnt/primary/conda-envs/semantic_uncertainty_export/lib/libfreetype.so.6.18.3
7f2ea96cf000-7f2ea96f7000 r--p 00088000 00:204 70923272751               /mnt/primary/conda-envs/semantic_uncertainty_export/lib/libfreetype.so.6.18.3
7f2ea96f7000-7f2ea96f8000 ---p 000b0000 00:204 70923272751               /mnt/primary/conda-envs/semantic_uncertainty_export/lib/libfreetype.so.6.18.3
7f2ea96f8000-7f2ea96ff000 r--p 000b0000 00:204 70923272751               /mnt/primary/conda-envs/semantic_uncertainty_export/lib/libfreetype.so.6.18.3
7f2ea96ff000-7f2ea9700000 rw-p 000b7000 00:204 70923272751               /mnt/primary/conda-envs/semantic_uncertainty_export/lib/libfreetype.so.6.18.3
7f2ea9700000-7f2ea9800000 rw-p 00000000 00:00 0 
7f2ea9800000-7f2eab800000 rw-p 00000000 00:00 0 
7f2eab800000-7f2eaba00000 rw-p 00000000 00:00 0 
7f2eaba00000-7f2eaba01000 ---p 00000000 00:00 0 
7f2eaba01000-7f2eac201000 rw-p 00000000 00:00 0 
7f2eac212000-7f2eac216000 r--p 00000000 08:04 1116478594                 /usr/lib/jvm/java-11-openjdk-amd64/lib/libnet.so
7f2eac216000-7f2eac224000 r-xp 00004000 08:04 1116478594                 /usr/lib/jvm/java-11-openjdk-amd64/lib/libnet.so
7f2eac224000-7f2eac228000 r--p 00012000 08:04 1116478594                 /usr/lib/jvm/java-11-openjdk-amd64/lib/libnet.so
7f2eac228000-7f2eac229000 r--p 00015000 08:04 1116478594                 /usr/lib/jvm/java-11-openjdk-amd64/lib/libnet.so
7f2eac229000-7f2eac22a000 rw-p 00016000 08:04 1116478594                 /usr/lib/jvm/java-11-openjdk-amd64/lib/libnet.so
7f2eac22a000-7f2eac238000 r--p 00000000 00:204 46199363133               /mnt/primary/conda-envs/semantic_uncertainty_export/lib/python3.11/site-packages/safetensors/_safetensors_rust.abi3.so
7f2eac238000-7f2eac2cc000 r-xp 0000e000 00:204 46199363133               /mnt/primary/conda-envs/semantic_uncertainty_export/lib/python3.11/site-packages/safetensors/_safetensors_rust.abi3.so
7f2eac2cc000-7f2eac2f6000 r--p 000a2000 00:204 46199363133               /mnt/primary/conda-envs/semantic_uncertainty_export/lib/python3.11/site-packages/safetensors/_safetensors_rust.abi3.so
7f2eac2f6000-7f2eac2f7000 ---p 000cc000 00:204 46199363133               /mnt/primary/conda-envs/semantic_uncertainty_export/lib/python3.11/site-packages/safetensors/_safetensors_rust.abi3.so
7f2eac2f7000-7f2eac2ff000 r--p 000cc000 00:204 46199363133               /mnt/primary/conda-envs/semantic_uncertainty_export/lib/python3.11/site-packages/safetensors/_safetensors_rust.abi3.so
7f2eac2ff000-7f2eac300000 rw-p 000d4000 00:204 46199363133               /mnt/primary/conda-envs/semantic_uncertainty_export/lib/python3.11/site-packages/safetensors/_safetensors_rust.abi3.so
7f2eac300000-7f2eac400000 rw-p 00000000 00:00 0 
7f2eac400000-7f2eae400000 rw-p 00000000 00:00 0 
7f2eae400000-7f2eae600000 rw-p 00000000 00:00 0 
7f2eae600000-7f2eb0600000 rw-p 00000000 00:00 0 
7f2eb0600000-7f2eb0800000 rw-p 00000000 00:00 0 
7f2eb0800000-7f2eb0801000 ---p 00000000 00:00 0 
7f2eb0801000-7f2eb1001000 rw-p 00000000 00:00 0 
7f2eb1012000-7f2eb101e000 r--p 00000000 00:204 148282762795              /mnt/primary/conda-envs/semantic_uncertainty_export/lib/python3.11/site-packages/torchvision/image.so
7f2eb101e000-7f2eb1032000 r-xp 0000c000 00:204 148282762795              /mnt/primary/conda-envs/semantic_uncertainty_export/lib/python3.11/site-packages/torchvision/image.so
7f2eb1032000-7f2eb1039000 r--p 00020000 00:204 148282762795              /mnt/primary/conda-envs/semantic_uncertainty_export/lib/python3.11/site-packages/torchvision/image.so
7f2eb1039000-7f2eb103a000 r--p 00026000 00:204 148282762795              /mnt/primary/conda-envs/semantic_uncertainty_export/lib/python3.11/site-packages/torchvision/image.so
7f2eb103a000-7f2eb103b000 rw-p 00027000 00:204 148282762795              /mnt/primary/conda-envs/semantic_uncertainty_export/lib/python3.11/site-packages/torchvision/image.so
7f2eb103b000-7f2eb103e000 r--p 00000000 00:204 148237027882              /mnt/primary/conda-envs/semantic_uncertainty_export/lib/libswresample.so.3.7.100
7f2eb103e000-7f2eb1052000 r-xp 00003000 00:204 148237027882              /mnt/primary/conda-envs/semantic_uncertainty_export/lib/libswresample.so.3.7.100
7f2eb1052000-7f2eb1057000 r--p 00017000 00:204 148237027882              /mnt/primary/conda-envs/semantic_uncertainty_export/lib/libswresample.so.3.7.100
7f2eb1057000-7f2eb1059000 r--p 0001b000 00:204 148237027882              /mnt/primary/conda-envs/semantic_uncertainty_export/lib/libswresample.so.3.7.100
7f2eb1059000-7f2eb105a000 rw-p 0001d000 00:204 148237027882              /mnt/primary/conda-envs/semantic_uncertainty_export/lib/libswresample.so.3.7.100
7f2eb105a000-7f2eb106d000 r--p 00000000 00:204 70898522666               /mnt/primary/conda-envs/semantic_uncertainty_export/lib/libgmp.so.10.4.1
7f2eb106d000-7f2eb10e5000 r-xp 00013000 00:204 70898522666               /mnt/primary/conda-envs/semantic_uncertainty_export/lib/libgmp.so.10.4.1
7f2eb10e5000-7f2eb10fc000 r--p 0008b000 00:204 70898522666               /mnt/primary/conda-envs/semantic_uncertainty_export/lib/libgmp.so.10.4.1
7f2eb10fc000-7f2eb10fd000 ---p 000a2000 00:204 70898522666               /mnt/primary/conda-envs/semantic_uncertainty_export/lib/libgmp.so.10.4.1
7f2eb10fd000-7f2eb10ff000 r--p 000a2000 00:204 70898522666               /mnt/primary/conda-envs/semantic_uncertainty_export/lib/libgmp.so.10.4.1
7f2eb10ff000-7f2eb1100000 rw-p 000a4000 00:204 70898522666               /mnt/primary/conda-envs/semantic_uncertainty_export/lib/libgmp.so.10.4.1
7f2eb1100000-7f2eb1200000 rw-p 00000000 00:00 0 
7f2eb1200000-7f2eb1201000 ---p 00000000 00:00 0 
7f2eb1201000-7f2eb1a01000 rw-p 00000000 00:00 0 
7f2eb1a0d000-7f2eb1a13000 r--p 00000000 00:204 70923272704               /mnt/primary/conda-envs/semantic_uncertainty_export/lib/libpng16.so.16.39.0
7f2eb1a13000-7f2eb1a3c000 r-xp 00006000 00:204 70923272704               /mnt/primary/conda-envs/semantic_uncertainty_export/lib/libpng16.so.16.39.0
7f2eb1a3c000-7f2eb1a47000 r--p 0002f000 00:204 70923272704               /mnt/primary/conda-envs/semantic_uncertainty_export/lib/libpng16.so.16.39.0
7f2eb1a47000-7f2eb1a48000 ---p 0003a000 00:204 70923272704               /mnt/primary/conda-envs/semantic_uncertainty_export/lib/libpng16.so.16.39.0
7f2eb1a48000-7f2eb1a49000 r--p 0003a000 00:204 70923272704               /mnt/primary/conda-envs/semantic_uncertainty_export/lib/libpng16.so.16.39.0
7f2eb1a49000-7f2eb1a4a000 rw-p 0003b000 00:204 70923272704               /mnt/primary/conda-envs/semantic_uncertainty_export/lib/libpng16.so.16.39.0
7f2eb1a4a000-7f2eb1a51000 r--p 00000000 00:204 170928539158              /mnt/primary/conda-envs/semantic_uncertainty_export/lib/python3.11/site-packages/yaml/_yaml.cpython-311-x86_64-linux-gnu.so
7f2eb1a51000-7f2eb1a78000 r-xp 00007000 00:204 170928539158              /mnt/primary/conda-envs/semantic_uncertainty_export/lib/python3.11/site-packages/yaml/_yaml.cpython-311-x86_64-linux-gnu.so
7f2eb1a78000-7f2eb1a7c000 r--p 0002e000 00:204 170928539158              /mnt/primary/conda-envs/semantic_uncertainty_export/lib/python3.11/site-packages/yaml/_yaml.cpython-311-x86_64-linux-gnu.so
7f2eb1a7c000-7f2eb1a7d000 r--p 00031000 00:204 170928539158              /mnt/primary/conda-envs/semantic_uncertainty_export/lib/python3.11/site-packages/yaml/_yaml.cpython-311-x86_64-linux-gnu.so
7f2eb1a7d000-7f2eb1a80000 rw-p 00032000 00:204 170928539158              /mnt/primary/conda-envs/semantic_uncertainty_export/lib/python3.11/site-packages/yaml/_yaml.cpython-311-x86_64-linux-gnu.so
7f2eb1a80000-7f2eb1a81000 rw-p 00000000 00:00 0 
7f2eb1a81000-7f2eb1a8e000 r--p 00000000 00:204 70923272727               /mnt/primary/conda-envs/semantic_uncertainty_export/lib/libmpfr.so.6.0.2
7f2eb1a8e000-7f2eb1aeb000 r-xp 0000d000 00:204 70923272727               /mnt/primary/conda-envs/semantic_uncertainty_export/lib/libmpfr.so.6.0.2
7f2eb1aeb000-7f2eb1afc000 r--p 0006a000 00:204 70923272727               /mnt/primary/conda-envs/semantic_uncertainty_export/lib/libmpfr.so.6.0.2
7f2eb1afc000-7f2eb1afd000 ---p 0007b000 00:204 70923272727               /mnt/primary/conda-envs/semantic_uncertainty_export/lib/libmpfr.so.6.0.2
7f2eb1afd000-7f2eb1aff000 r--p 0007b000 00:204 70923272727               /mnt/primary/conda-envs/semantic_uncertainty_export/lib/libmpfr.so.6.0.2
7f2eb1aff000-7f2eb1b00000 rw-p 0007d000 00:204 70923272727               /mnt/primary/conda-envs/semantic_uncertainty_export/lib/libmpfr.so.6.0.2
7f2eb1b00000-7f2eb1c00000 rw-p 00000000 00:00 0 
7f2eb1c00000-7f2eb3c00000 rw-p 00000000 00:00 0 
7f2eb3c00000-7f2eb3e00000 rw-p 00000000 00:00 0 
7f2eb3e00000-7f2eb5e00000 rw-p 00000000 00:00 0 
7f2eb5e00000-7f2eb6000000 rw-p 00000000 00:00 0 
7f2eb6000000-7f2eb6001000 ---p 00000000 00:00 0 
7f2eb6001000-7f2eb6801000 rw-p 00000000 00:00 0 
7f2eb6816000-7f2eb6829000 r--p 00000000 00:204 156766326821              /mnt/primary/conda-envs/semantic_uncertainty_export/lib/python3.11/site-packages/gmpy2/gmpy2.cpython-311-x86_64-linux-gnu.so
7f2eb6829000-7f2eb687d000 r-xp 00013000 00:204 156766326821              /mnt/primary/conda-envs/semantic_uncertainty_export/lib/python3.11/site-packages/gmpy2/gmpy2.cpython-311-x86_64-linux-gnu.so
7f2eb687d000-7f2eb689d000 r--p 00067000 00:204 156766326821              /mnt/primary/conda-envs/semantic_uncertainty_export/lib/python3.11/site-packages/gmpy2/gmpy2.cpython-311-x86_64-linux-gnu.so
7f2eb689d000-7f2eb689f000 r--p 00086000 00:204 156766326821              /mnt/primary/conda-envs/semantic_uncertainty_export/lib/python3.11/site-packages/gmpy2/gmpy2.cpython-311-x86_64-linux-gnu.so
7f2eb689f000-7f2eb68a5000 rw-p 00088000 00:204 156766326821              /mnt/primary/conda-envs/semantic_uncertainty_export/lib/python3.11/site-packages/gmpy2/gmpy2.cpython-311-x86_64-linux-gnu.so
7f2eb68a5000-7f2eb68ca000 r--p 00000000 00:204 81779481632               /mnt/primary/conda-envs/semantic_uncertainty_export/lib/python3.11/site-packages/torch/lib/libc10.so
7f2eb68ca000-7f2eb693e000 r-xp 00025000 00:204 81779481632               /mnt/primary/conda-envs/semantic_uncertainty_export/lib/python3.11/site-packages/torch/lib/libc10.so
7f2eb693e000-7f2eb6965000 r--p 00099000 00:204 81779481632               /mnt/primary/conda-envs/semantic_uncertainty_export/lib/python3.11/site-packages/torch/lib/libc10.so
7f2eb6965000-7f2eb6966000 ---p 000c0000 00:204 81779481632               /mnt/primary/conda-envs/semantic_uncertainty_export/lib/python3.11/site-packages/torch/lib/libc10.so
7f2eb6966000-7f2eb6968000 r--p 000c0000 00:204 81779481632               /mnt/primary/conda-envs/semantic_uncertainty_export/lib/python3.11/site-packages/torch/lib/libc10.so
7f2eb6968000-7f2eb696e000 rw-p 000c2000 00:204 81779481632               /mnt/primary/conda-envs/semantic_uncertainty_export/lib/python3.11/site-packages/torch/lib/libc10.so
7f2eb696e000-7f2eb6971000 rw-p 00000000 00:00 0 
7f2eb6971000-7f2eb6984000 rw-p 000fa000 00:204 81779481632               /mnt/primary/conda-envs/semantic_uncertainty_export/lib/python3.11/site-packages/torch/lib/libc10.so
7f2eb6984000-7f2eb6994000 r--p 00000000 00:204 81779481633               /mnt/primary/conda-envs/semantic_uncertainty_export/lib/python3.11/site-packages/torch/lib/libc10_cuda.so
7f2eb6994000-7f2eb69e5000 r-xp 00010000 00:204 81779481633               /mnt/primary/conda-envs/semantic_uncertainty_export/lib/python3.11/site-packages/torch/lib/libc10_cuda.so
7f2eb69e5000-7f2eb69f8000 r--p 00061000 00:204 81779481633               /mnt/primary/conda-envs/semantic_uncertainty_export/lib/python3.11/site-packages/torch/lib/libc10_cuda.so
7f2eb69f8000-7f2eb69f9000 ---p 00074000 00:204 81779481633               /mnt/primary/conda-envs/semantic_uncertainty_export/lib/python3.11/site-packages/torch/lib/libc10_cuda.so
7f2eb69f9000-7f2eb69fa000 r--p 00074000 00:204 81779481633               /mnt/primary/conda-envs/semantic_uncertainty_export/lib/python3.11/site-packages/torch/lib/libc10_cuda.so
7f2eb69fa000-7f2eb69fb000 rw-p 00075000 00:204 81779481633               /mnt/primary/conda-envs/semantic_uncertainty_export/lib/python3.11/site-packages/torch/lib/libc10_cuda.so
7f2eb69fb000-7f2eb6a00000 rw-p 00000000 00:00 0 
7f2eb6a00000-7f2eb6a01000 ---p 00000000 00:00 0 
7f2eb6a01000-7f2eb7201000 rw-p 00000000 00:00 0 
7f2eb7202000-7f2eb7209000 r--p 00000000 08:04 1116478595                 /usr/lib/jvm/java-11-openjdk-amd64/lib/libnio.so
7f2eb7209000-7f2eb7211000 r-xp 00007000 08:04 1116478595                 /usr/lib/jvm/java-11-openjdk-amd64/lib/libnio.so
7f2eb7211000-7f2eb7214000 r--p 0000f000 08:04 1116478595                 /usr/lib/jvm/java-11-openjdk-amd64/lib/libnio.so
7f2eb7214000-7f2eb7215000 r--p 00011000 08:04 1116478595                 /usr/lib/jvm/java-11-openjdk-amd64/lib/libnio.so
7f2eb7215000-7f2eb7216000 rw-p 00012000 08:04 1116478595                 /usr/lib/jvm/java-11-openjdk-amd64/lib/libnio.so
7f2eb7216000-7f2eb7218000 r--p 00000000 00:204 70898552892               /mnt/primary/conda-envs/semantic_uncertainty_export/lib/libyaml-0.so.2.0.9
7f2eb7218000-7f2eb722e000 r-xp 00002000 00:204 70898552892               /mnt/primary/conda-envs/semantic_uncertainty_export/lib/libyaml-0.so.2.0.9
7f2eb722e000-7f2eb7231000 r--p 00018000 00:204 70898552892               /mnt/primary/conda-envs/semantic_uncertainty_export/lib/libyaml-0.so.2.0.9
7f2eb7231000-7f2eb7232000 ---p 0001b000 00:204 70898552892               /mnt/primary/conda-envs/semantic_uncertainty_export/lib/libyaml-0.so.2.0.9
7f2eb7232000-7f2eb7233000 r--p 0001b000 00:204 70898552892               /mnt/primary/conda-envs/semantic_uncertainty_export/lib/libyaml-0.so.2.0.9
7f2eb7233000-7f2eb7234000 rw-p 0001c000 00:204 70898552892               /mnt/primary/conda-envs/semantic_uncertainty_export/lib/libyaml-0.so.2.0.9
7f2eb7234000-7f2eb7237000 r--p 00000000 00:204 137898457091              /mnt/primary/conda-envs/semantic_uncertainty_export/lib/python3.11/site-packages/lz4/block/_block.cpython-311-x86_64-linux-gnu.so
7f2eb7237000-7f2eb7260000 r-xp 00003000 00:204 137898457091              /mnt/primary/conda-envs/semantic_uncertainty_export/lib/python3.11/site-packages/lz4/block/_block.cpython-311-x86_64-linux-gnu.so
7f2eb7260000-7f2eb7263000 r--p 0002c000 00:204 137898457091              /mnt/primary/conda-envs/semantic_uncertainty_export/lib/python3.11/site-packages/lz4/block/_block.cpython-311-x86_64-linux-gnu.so
7f2eb7263000-7f2eb7264000 r--p 0002e000 00:204 137898457091              /mnt/primary/conda-envs/semantic_uncertainty_export/lib/python3.11/site-packages/lz4/block/_block.cpython-311-x86_64-linux-gnu.so
7f2eb7264000-7f2eb7265000 rw-p 0002f000 00:204 137898457091              /mnt/primary/conda-envs/semantic_uncertainty_export/lib/python3.11/site-packages/lz4/block/_block.cpython-311-x86_64-linux-gnu.so
7f2eb7265000-7f2eb7271000 r--p 00000000 00:204 81779481645               /mnt/primary/conda-envs/semantic_uncertainty_export/lib/python3.11/site-packages/torch/lib/libtorch.so
7f2eb7271000-7f2eb727c000 r-xp 0000c000 00:204 81779481645               /mnt/primary/conda-envs/semantic_uncertainty_export/lib/python3.11/site-packages/torch/lib/libtorch.so
7f2eb727c000-7f2eb7281000 r--p 00017000 00:204 81779481645               /mnt/primary/conda-envs/semantic_uncertainty_export/lib/python3.11/site-packages/torch/lib/libtorch.so
7f2eb7281000-7f2eb7282000 ---p 0001c000 00:204 81779481645               /mnt/primary/conda-envs/semantic_uncertainty_export/lib/python3.11/site-packages/torch/lib/libtorch.so
7f2eb7282000-7f2eb7283000 r--p 0001c000 00:204 81779481645               /mnt/primary/conda-envs/semantic_uncertainty_export/lib/python3.11/site-packages/torch/lib/libtorch.so
7f2eb7283000-7f2eb7284000 rw-p 0001d000 00:204 81779481645               /mnt/primary/conda-envs/semantic_uncertainty_export/lib/python3.11/site-packages/torch/lib/libtorch.so
7f2eb7284000-7f2eb728f000 r--p 00000000 00:204 70896295962               /mnt/primary/conda-envs/semantic_uncertainty_export/lib/libgomp.so.1.0.0
7f2eb728f000-7f2eb72ba000 r-xp 0000b000 00:204 70896295962               /mnt/primary/conda-envs/semantic_uncertainty_export/lib/libgomp.so.1.0.0
7f2eb72ba000-7f2eb72c6000 r--p 00036000 00:204 70896295962               /mnt/primary/conda-envs/semantic_uncertainty_export/lib/libgomp.so.1.0.0
7f2eb72c6000-7f2eb72c7000 r--p 00041000 00:204 70896295962               /mnt/primary/conda-envs/semantic_uncertainty_export/lib/libgomp.so.1.0.0
7f2eb72c7000-7f2eb72c8000 rw-p 00042000 00:204 70896295962               /mnt/primary/conda-envs/semantic_uncertainty_export/lib/libgomp.so.1.0.0
7f2eb72c8000-7f2eb73c8000 rw-p 00000000 00:00 0 
7f2eb73c8000-7f2eb73cf000 r--p 00000000 00:204 79668343311               /mnt/primary/conda-envs/semantic_uncertainty_export/lib/python3.11/site-packages/sklearn/metrics/_pairwise_fast.cpython-311-x86_64-linux-gnu.so
7f2eb73cf000-7f2eb73f0000 r-xp 00007000 00:204 79668343311               /mnt/primary/conda-envs/semantic_uncertainty_export/lib/python3.11/site-packages/sklearn/metrics/_pairwise_fast.cpython-311-x86_64-linux-gnu.so
7f2eb73f0000-7f2eb73f8000 r--p 00028000 00:204 79668343311               /mnt/primary/conda-envs/semantic_uncertainty_export/lib/python3.11/site-packages/sklearn/metrics/_pairwise_fast.cpython-311-x86_64-linux-gnu.so
7f2eb73f8000-7f2eb73f9000 r--p 0002f000 00:204 79668343311               /mnt/primary/conda-envs/semantic_uncertainty_export/lib/python3.11/site-packages/sklearn/metrics/_pairwise_fast.cpython-311-x86_64-linux-gnu.so
7f2eb73f9000-7f2eb73fd000 rw-p 00030000 00:204 79668343311               /mnt/primary/conda-envs/semantic_uncertainty_export/lib/python3.11/site-packages/sklearn/metrics/_pairwise_fast.cpython-311-x86_64-linux-gnu.so
7f2eb73fd000-7f2eb7400000 rw-p 0003e000 00:204 79668343311               /mnt/primary/conda-envs/semantic_uncertainty_export/lib/python3.11/site-packages/sklearn/metrics/_pairwise_fast.cpython-311-x86_64-linux-gnu.so
7f2eb7400000-7f2eb9400000 rw-p 00000000 00:00 0 
7f2eb9400000-7f2eb9600000 rw-p 00000000 00:00 0 
7f2eb9600000-7f2ebb600000 rw-p 00000000 00:00 0 
7f2ebb600000-7f2ebb800000 rw-p 00000000 00:00 0 
7f2ebb800000-7f2ebb801000 ---p 00000000 00:00 0 
7f2ebb801000-7f2ebc001000 rw-p 00000000 00:00 0 
7f2ebc007000-7f2ebc00a000 r--p 00000000 00:204 70898546225               /mnt/primary/conda-envs/semantic_uncertainty_export/lib/libtasn1.so.6.6.3
7f2ebc00a000-7f2ebc016000 r-xp 00003000 00:204 70898546225               /mnt/primary/conda-envs/semantic_uncertainty_export/lib/libtasn1.so.6.6.3
7f2ebc016000-7f2ebc01a000 r--p 0000f000 00:204 70898546225               /mnt/primary/conda-envs/semantic_uncertainty_export/lib/libtasn1.so.6.6.3
7f2ebc01a000-7f2ebc01b000 ---p 00013000 00:204 70898546225               /mnt/primary/conda-envs/semantic_uncertainty_export/lib/libtasn1.so.6.6.3
7f2ebc01b000-7f2ebc01c000 r--p 00013000 00:204 70898546225               /mnt/primary/conda-envs/semantic_uncertainty_export/lib/libtasn1.so.6.6.3
7f2ebc01c000-7f2ebc01d000 rw-p 00014000 00:204 70898546225               /mnt/primary/conda-envs/semantic_uncertainty_export/lib/libtasn1.so.6.6.3
7f2ebc01d000-7f2ebc026000 r--p 00000000 00:204 85912917566               /mnt/primary/conda-envs/semantic_uncertainty_export/lib/python3.11/site-packages/sklearn/metrics/_pairwise_distances_reduction/_radius_neighbors.cpython-311-x86_64-linux-gnu.so
7f2ebc026000-7f2ebc050000 r-xp 00009000 00:204 85912917566               /mnt/primary/conda-envs/semantic_uncertainty_export/lib/python3.11/site-packages/sklearn/metrics/_pairwise_distances_reduction/_radius_neighbors.cpython-311-x86_64-linux-gnu.so
7f2ebc050000-7f2ebc05a000 r--p 00033000 00:204 85912917566               /mnt/primary/conda-envs/semantic_uncertainty_export/lib/python3.11/site-packages/sklearn/metrics/_pairwise_distances_reduction/_radius_neighbors.cpython-311-x86_64-linux-gnu.so
7f2ebc05a000-7f2ebc05b000 ---p 0003d000 00:204 85912917566               /mnt/primary/conda-envs/semantic_uncertainty_export/lib/python3.11/site-packages/sklearn/metrics/_pairwise_distances_reduction/_radius_neighbors.cpython-311-x86_64-linux-gnu.so
7f2ebc05b000-7f2ebc05c000 r--p 0003d000 00:204 85912917566               /mnt/primary/conda-envs/semantic_uncertainty_export/lib/python3.11/site-packages/sklearn/metrics/_pairwise_distances_reduction/_radius_neighbors.cpython-311-x86_64-linux-gnu.so
7f2ebc05c000-7f2ebc060000 rw-p 0003e000 00:204 85912917566               /mnt/primary/conda-envs/semantic_uncertainty_export/lib/python3.11/site-packages/sklearn/metrics/_pairwise_distances_reduction/_radius_neighbors.cpython-311-x86_64-linux-gnu.so
7f2ebc060000-7f2ebc061000 rw-p 00000000 00:00 0 
7f2ebc061000-7f2ebc065000 rw-p 00058000 00:204 85912917566               /mnt/primary/conda-envs/semantic_uncertainty_export/lib/python3.11/site-packages/sklearn/metrics/_pairwise_distances_reduction/_radius_neighbors.cpython-311-x86_64-linux-gnu.so
7f2ebc065000-7f2ebc06c000 r--p 00000000 00:204 85912917559               /mnt/primary/conda-envs/semantic_uncertainty_export/lib/python3.11/site-packages/sklearn/metrics/_pairwise_distances_reduction/_argkmin_classmode.cpython-311-x86_64-linux-gnu.so
7f2ebc06c000-7f2ebc08f000 r-xp 00007000 00:204 85912917559               /mnt/primary/conda-envs/semantic_uncertainty_export/lib/python3.11/site-packages/sklearn/metrics/_pairwise_distances_reduction/_argkmin_classmode.cpython-311-x86_64-linux-gnu.so
7f2ebc08f000-7f2ebc097000 r--p 0002a000 00:204 85912917559               /mnt/primary/conda-envs/semantic_uncertainty_export/lib/python3.11/site-packages/sklearn/metrics/_pairwise_distances_reduction/_argkmin_classmode.cpython-311-x86_64-linux-gnu.so
7f2ebc097000-7f2ebc098000 ---p 00032000 00:204 85912917559               /mnt/primary/conda-envs/semantic_uncertainty_export/lib/python3.11/site-packages/sklearn/metrics/_pairwise_distances_reduction/_argkmin_classmode.cpython-311-x86_64-linux-gnu.so
7f2ebc098000-7f2ebc099000 r--p 00032000 00:204 85912917559               /mnt/primary/conda-envs/semantic_uncertainty_export/lib/python3.11/site-packages/sklearn/metrics/_pairwise_distances_reduction/_argkmin_classmode.cpython-311-x86_64-linux-gnu.so
7f2ebc099000-7f2ebc09e000 rw-p 00033000 00:204 85912917559               /mnt/primary/conda-envs/semantic_uncertainty_export/lib/python3.11/site-packages/sklearn/metrics/_pairwise_distances_reduction/_argkmin_classmode.cpython-311-x86_64-linux-gnu.so
7f2ebc09e000-7f2ebc0a1000 rw-p 00047000 00:204 85912917559               /mnt/primary/conda-envs/semantic_uncertainty_export/lib/python3.11/site-packages/sklearn/metrics/_pairwise_distances_reduction/_argkmin_classmode.cpython-311-x86_64-linux-gnu.so
7f2ebc0a1000-7f2ebc0a9000 r--p 00000000 00:204 85912917565               /mnt/primary/conda-envs/semantic_uncertainty_export/lib/python3.11/site-packages/sklearn/metrics/_pairwise_distances_reduction/_middle_term_computer.cpython-311-x86_64-linux-gnu.so
7f2ebc0a9000-7f2ebc0e7000 r-xp 00008000 00:204 85912917565               /mnt/primary/conda-envs/semantic_uncertainty_export/lib/python3.11/site-packages/sklearn/metrics/_pairwise_distances_reduction/_middle_term_computer.cpython-311-x86_64-linux-gnu.so
7f2ebc0e7000-7f2ebc0f3000 r--p 00046000 00:204 85912917565               /mnt/primary/conda-envs/semantic_uncertainty_export/lib/python3.11/site-packages/sklearn/metrics/_pairwise_distances_reduction/_middle_term_computer.cpython-311-x86_64-linux-gnu.so
7f2ebc0f3000-7f2ebc0f4000 ---p 00052000 00:204 85912917565               /mnt/primary/conda-envs/semantic_uncertainty_export/lib/python3.11/site-packages/sklearn/metrics/_pairwise_distances_reduction/_middle_term_computer.cpython-311-x86_64-linux-gnu.so
7f2ebc0f4000-7f2ebc0f5000 r--p 00052000 00:204 85912917565               /mnt/primary/conda-envs/semantic_uncertainty_export/lib/python3.11/site-packages/sklearn/metrics/_pairwise_distances_reduction/_middle_term_computer.cpython-311-x86_64-linux-gnu.so
7f2ebc0f5000-7f2ebc0fa000 rw-p 00053000 00:204 85912917565               /mnt/primary/conda-envs/semantic_uncertainty_export/lib/python3.11/site-packages/sklearn/metrics/_pairwise_distances_reduction/_middle_term_computer.cpython-311-x86_64-linux-gnu.so
7f2ebc0fa000-7f2ebc0fb000 rw-p 00000000 00:00 0 
7f2ebc0fb000-7f2ebc100000 rw-p 00070000 00:204 85912917565               /mnt/primary/conda-envs/semantic_uncertainty_export/lib/python3.11/site-packages/sklearn/metrics/_pairwise_distances_reduction/_middle_term_computer.cpython-311-x86_64-linux-gnu.so
7f2ebc100000-7f2ebc200000 rw-p 00000000 00:00 0 
7f2ebc200000-7f2ebe200000 rw-p 00000000 00:00 0 
7f2ebe200000-7f2ebe400000 rw-p 00000000 00:00 0 
7f2ebe400000-7f2ebe401000 ---p 00000000 00:00 0 
7f2ebe401000-7f2ebec01000 rw-p 00000000 00:00 0 
7f2ebec10000-7f2ebec18000 r--p 00000000 00:204 120262026753              /mnt/primary/conda-envs/semantic_uncertainty_export/lib/python3.11/site-packages/sklearn/utils/_cython_blas.cpython-311-x86_64-linux-gnu.so
7f2ebec18000-7f2ebec52000 r-xp 00008000 00:204 120262026753              /mnt/primary/conda-envs/semantic_uncertainty_export/lib/python3.11/site-packages/sklearn/utils/_cython_blas.cpython-311-x86_64-linux-gnu.so
7f2ebec52000-7f2ebec5e000 r--p 00042000 00:204 120262026753              /mnt/primary/conda-envs/semantic_uncertainty_export/lib/python3.11/site-packages/sklearn/utils/_cython_blas.cpython-311-x86_64-linux-gnu.so
7f2ebec5e000-7f2ebec5f000 r--p 0004d000 00:204 120262026753              /mnt/primary/conda-envs/semantic_uncertainty_export/lib/python3.11/site-packages/sklearn/utils/_cython_blas.cpython-311-x86_64-linux-gnu.so
7f2ebec5f000-7f2ebec64000 rw-p 0004e000 00:204 120262026753              /mnt/primary/conda-envs/semantic_uncertainty_export/lib/python3.11/site-packages/sklearn/utils/_cython_blas.cpython-311-x86_64-linux-gnu.so
7f2ebec64000-7f2ebec65000 rw-p 00000000 00:00 0 
7f2ebec65000-7f2ebec68000 rw-p 00061000 00:204 120262026753              /mnt/primary/conda-envs/semantic_uncertainty_export/lib/python3.11/site-packages/sklearn/utils/_cython_blas.cpython-311-x86_64-linux-gnu.so
7f2ebec68000-7f2ebec6f000 r--p 00000000 00:204 85912917557               /mnt/primary/conda-envs/semantic_uncertainty_export/lib/python3.11/site-packages/sklearn/metrics/_pairwise_distances_reduction/_datasets_pair.cpython-311-x86_64-linux-gnu.so
7f2ebec6f000-7f2ebecab000 r-xp 00007000 00:204 85912917557               /mnt/primary/conda-envs/semantic_uncertainty_export/lib/python3.11/site-packages/sklearn/metrics/_pairwise_distances_reduction/_datasets_pair.cpython-311-x86_64-linux-gnu.so
7f2ebecab000-7f2ebecb8000 r--p 00043000 00:204 85912917557               /mnt/primary/conda-envs/semantic_uncertainty_export/lib/python3.11/site-packages/sklearn/metrics/_pairwise_distances_reduction/_datasets_pair.cpython-311-x86_64-linux-gnu.so
7f2ebecb8000-7f2ebecb9000 r--p 0004f000 00:204 85912917557               /mnt/primary/conda-envs/semantic_uncertainty_export/lib/python3.11/site-packages/sklearn/metrics/_pairwise_distances_reduction/_datasets_pair.cpython-311-x86_64-linux-gnu.so
7f2ebecb9000-7f2ebecbe000 rw-p 00050000 00:204 85912917557               /mnt/primary/conda-envs/semantic_uncertainty_export/lib/python3.11/site-packages/sklearn/metrics/_pairwise_distances_reduction/_datasets_pair.cpython-311-x86_64-linux-gnu.so
7f2ebecbe000-7f2ebecbf000 rw-p 00000000 00:00 0 
7f2ebecbf000-7f2ebecc2000 rw-p 0006f000 00:204 85912917557               /mnt/primary/conda-envs/semantic_uncertainty_export/lib/python3.11/site-packages/sklearn/metrics/_pairwise_distances_reduction/_datasets_pair.cpython-311-x86_64-linux-gnu.so
7f2ebecc2000-7f2ebecc9000 r--p 00000000 00:204 85912917564               /mnt/primary/conda-envs/semantic_uncertainty_export/lib/python3.11/site-packages/sklearn/metrics/_pairwise_distances_reduction/_base.cpython-311-x86_64-linux-gnu.so
7f2ebecc9000-7f2ebecee000 r-xp 00007000 00:204 85912917564               /mnt/primary/conda-envs/semantic_uncertainty_export/lib/python3.11/site-packages/sklearn/metrics/_pairwise_distances_reduction/_base.cpython-311-x86_64-linux-gnu.so
7f2ebecee000-7f2ebecf6000 r--p 0002c000 00:204 85912917564               /mnt/primary/conda-envs/semantic_uncertainty_export/lib/python3.11/site-packages/sklearn/metrics/_pairwise_distances_reduction/_base.cpython-311-x86_64-linux-gnu.so
7f2ebecf6000-7f2ebecf7000 r--p 00033000 00:204 85912917564               /mnt/primary/conda-envs/semantic_uncertainty_export/lib/python3.11/site-packages/sklearn/metrics/_pairwise_distances_reduction/_base.cpython-311-x86_64-linux-gnu.so
7f2ebecf7000-7f2ebecfb000 rw-p 00034000 00:204 85912917564               /mnt/primary/conda-envs/semantic_uncertainty_export/lib/python3.11/site-packages/sklearn/metrics/_pairwise_distances_reduction/_base.cpython-311-x86_64-linux-gnu.so
7f2ebecfb000-7f2ebed00000 rw-p 0004a000 00:204 85912917564               /mnt/primary/conda-envs/semantic_uncertainty_export/lib/python3.11/site-packages/sklearn/metrics/_pairwise_distances_reduction/_base.cpython-311-x86_64-linux-gnu.so
7f2ebed00000-7f2ebee00000 rw-p 00000000 00:00 0 
7f2ebee00000-7f2ebee01000 ---p 00000000 00:00 0 
7f2ebee01000-7f2ebf601000 rw-p 00000000 00:00 0 
7f2ebf602000-7f2ebf607000 rw-p 00000000 00:00 0 
7f2ebf607000-7f2ebf612000 ---p 00000000 00:00 0 
7f2ebf612000-7f2ebf61c000 r--p 00000000 00:204 79668343313               /mnt/primary/conda-envs/semantic_uncertainty_export/lib/python3.11/site-packages/sklearn/metrics/_dist_metrics.cpython-311-x86_64-linux-gnu.so
7f2ebf61c000-7f2ebf673000 r-xp 0000a000 00:204 79668343313               /mnt/primary/conda-envs/semantic_uncertainty_export/lib/python3.11/site-packages/sklearn/metrics/_dist_metrics.cpython-311-x86_64-linux-gnu.so
7f2ebf673000-7f2ebf687000 r--p 00061000 00:204 79668343313               /mnt/primary/conda-envs/semantic_uncertainty_export/lib/python3.11/site-packages/sklearn/metrics/_dist_metrics.cpython-311-x86_64-linux-gnu.so
7f2ebf687000-7f2ebf688000 r--p 00074000 00:204 79668343313               /mnt/primary/conda-envs/semantic_uncertainty_export/lib/python3.11/site-packages/sklearn/metrics/_dist_metrics.cpython-311-x86_64-linux-gnu.so
7f2ebf688000-7f2ebf693000 rw-p 00075000 00:204 79668343313               /mnt/primary/conda-envs/semantic_uncertainty_export/lib/python3.11/site-packages/sklearn/metrics/_dist_metrics.cpython-311-x86_64-linux-gnu.so
7f2ebf693000-7f2ebf695000 rw-p 00000000 00:00 0 
7f2ebf695000-7f2ebf698000 rw-p 0009c000 00:204 79668343313               /mnt/primary/conda-envs/semantic_uncertainty_export/lib/python3.11/site-packages/sklearn/metrics/_dist_metrics.cpython-311-x86_64-linux-gnu.so
7f2ebf698000-7f2ebf6a0000 r--p 00000000 00:204 107408755242              /mnt/primary/conda-envs/semantic_uncertainty_export/lib/python3.11/site-packages/sklearn/preprocessing/_target_encoder_fast.cpython-311-x86_64-linux-gnu.so
7f2ebf6a0000-7f2ebf6ec000 r-xp 00008000 00:204 107408755242              /mnt/primary/conda-envs/semantic_uncertainty_export/lib/python3.11/site-packages/sklearn/preprocessing/_target_encoder_fast.cpython-311-x86_64-linux-gnu.so
7f2ebf6ec000-7f2ebf6f5000 r--p 00054000 00:204 107408755242              /mnt/primary/conda-envs/semantic_uncertainty_export/lib/python3.11/site-packages/sklearn/preprocessing/_target_encoder_fast.cpython-311-x86_64-linux-gnu.so
7f2ebf6f5000-7f2ebf6f6000 r--p 0005c000 00:204 107408755242              /mnt/primary/conda-envs/semantic_uncertainty_export/lib/python3.11/site-packages/sklearn/preprocessing/_target_encoder_fast.cpython-311-x86_64-linux-gnu.so
7f2ebf6f6000-7f2ebf6fa000 rw-p 0005d000 00:204 107408755242              /mnt/primary/conda-envs/semantic_uncertainty_export/lib/python3.11/site-packages/sklearn/preprocessing/_target_encoder_fast.cpython-311-x86_64-linux-gnu.so
7f2ebf6fa000-7f2ebf6fb000 rw-p 00000000 00:00 0 
7f2ebf6fb000-7f2ebf700000 rw-p 0007c000 00:204 107408755242              /mnt/primary/conda-envs/semantic_uncertainty_export/lib/python3.11/site-packages/sklearn/preprocessing/_target_encoder_fast.cpython-311-x86_64-linux-gnu.so
7f2ebf700000-7f2ebf800000 rw-p 00000000 00:00 0 
7f2ebf800000-7f2ec1800000 rw-p 00000000 00:00 0 
7f2ec1800000-7f2ec1a00000 rw-p 00000000 00:00 0 
7f2ec1a00000-7f2ec3a00000 rw-p 00000000 00:00 0 
7f2ec3a00000-7f2ec3c00000 rw-p 00000000 00:00 0 
7f2ec3c00000-7f2ec5c00000 rw-p 00000000 00:00 0 
7f2ec5c00000-7f2ec5e00000 rw-p 00000000 00:00 0 
7f2ec5e00000-7f2ec5e01000 ---p 00000000 00:00 0 
7f2ec5e01000-7f2ec6601000 rw-p 00000000 00:00 0 
7f2ec6608000-7f2ec660a000 r--p 00000000 08:04 1116478604                 /usr/lib/jvm/java-11-openjdk-amd64/lib/libzip.so
7f2ec660a000-7f2ec660f000 r-xp 00002000 08:04 1116478604                 /usr/lib/jvm/java-11-openjdk-amd64/lib/libzip.so
7f2ec660f000-7f2ec6611000 r--p 00007000 08:04 1116478604                 /usr/lib/jvm/java-11-openjdk-amd64/lib/libzip.so
7f2ec6611000-7f2ec6612000 r--p 00008000 08:04 1116478604                 /usr/lib/jvm/java-11-openjdk-amd64/lib/libzip.so
7f2ec6612000-7f2ec6613000 rw-p 00009000 08:04 1116478604                 /usr/lib/jvm/java-11-openjdk-amd64/lib/libzip.so
7f2ec6613000-7f2ec661b000 r--p 00000000 00:204 107408755241              /mnt/primary/conda-envs/semantic_uncertainty_export/lib/python3.11/site-packages/sklearn/preprocessing/_csr_polynomial_expansion.cpython-311-x86_64-linux-gnu.so
7f2ec661b000-7f2ec664d000 r-xp 00008000 00:204 107408755241              /mnt/primary/conda-envs/semantic_uncertainty_export/lib/python3.11/site-packages/sklearn/preprocessing/_csr_polynomial_expansion.cpython-311-x86_64-linux-gnu.so
7f2ec664d000-7f2ec6656000 r--p 0003a000 00:204 107408755241              /mnt/primary/conda-envs/semantic_uncertainty_export/lib/python3.11/site-packages/sklearn/preprocessing/_csr_polynomial_expansion.cpython-311-x86_64-linux-gnu.so
7f2ec6656000-7f2ec6657000 r--p 00042000 00:204 107408755241              /mnt/primary/conda-envs/semantic_uncertainty_export/lib/python3.11/site-packages/sklearn/preprocessing/_csr_polynomial_expansion.cpython-311-x86_64-linux-gnu.so
7f2ec6657000-7f2ec665c000 rw-p 00043000 00:204 107408755241              /mnt/primary/conda-envs/semantic_uncertainty_export/lib/python3.11/site-packages/sklearn/preprocessing/_csr_polynomial_expansion.cpython-311-x86_64-linux-gnu.so
7f2ec665c000-7f2ec665d000 rw-p 00000000 00:00 0 
7f2ec665d000-7f2ec6660000 rw-p 00054000 00:204 107408755241              /mnt/primary/conda-envs/semantic_uncertainty_export/lib/python3.11/site-packages/sklearn/preprocessing/_csr_polynomial_expansion.cpython-311-x86_64-linux-gnu.so
7f2ec6660000-7f2ec6669000 r--p 00000000 00:204 120262026777              /mnt/primary/conda-envs/semantic_uncertainty_export/lib/python3.11/site-packages/sklearn/utils/sparsefuncs_fast.cpython-311-x86_64-linux-gnu.so
7f2ec6669000-7f2ec66e8000 r-xp 00009000 00:204 120262026777              /mnt/primary/conda-envs/semantic_uncertainty_export/lib/python3.11/site-packages/sklearn/utils/sparsefuncs_fast.cpython-311-x86_64-linux-gnu.so
7f2ec66e8000-7f2ec66f3000 r--p 00088000 00:204 120262026777              /mnt/primary/conda-envs/semantic_uncertainty_export/lib/python3.11/site-packages/sklearn/utils/sparsefuncs_fast.cpython-311-x86_64-linux-gnu.so
7f2ec66f3000-7f2ec66f4000 ---p 00093000 00:204 120262026777              /mnt/primary/conda-envs/semantic_uncertainty_export/lib/python3.11/site-packages/sklearn/utils/sparsefuncs_fast.cpython-311-x86_64-linux-gnu.so
7f2ec66f4000-7f2ec66f5000 r--p 00093000 00:204 120262026777              /mnt/primary/conda-envs/semantic_uncertainty_export/lib/python3.11/site-packages/sklearn/utils/sparsefuncs_fast.cpython-311-x86_64-linux-gnu.so
7f2ec66f5000-7f2ec66fb000 rw-p 00094000 00:204 120262026777              /mnt/primary/conda-envs/semantic_uncertainty_export/lib/python3.11/site-packages/sklearn/utils/sparsefuncs_fast.cpython-311-x86_64-linux-gnu.so
7f2ec66fb000-7f2ec66fd000 rw-p 00000000 00:00 0 
7f2ec66fd000-7f2ec6700000 rw-p 000ad000 00:204 120262026777              /mnt/primary/conda-envs/semantic_uncertainty_export/lib/python3.11/site-packages/sklearn/utils/sparsefuncs_fast.cpython-311-x86_64-linux-gnu.so
7f2ec6700000-7f2ec6800000 rw-p 00000000 00:00 0 
7f2ec6800000-7f2ec6801000 ---p 00000000 00:00 0 
7f2ec6801000-7f2ec7001000 rw-p 00000000 00:00 0 
7f2ec7001000-7f2ec7009000 rw-s 00000000 08:04 1620640602                 /tmp/hsperfdata_root/2427 (deleted)
7f2ec7009000-7f2ec7010000 r--p 00000000 00:204 85912917561               /mnt/primary/conda-envs/semantic_uncertainty_export/lib/python3.11/site-packages/sklearn/metrics/_pairwise_distances_reduction/_argkmin.cpython-311-x86_64-linux-gnu.so
7f2ec7010000-7f2ec7039000 r-xp 00007000 00:204 85912917561               /mnt/primary/conda-envs/semantic_uncertainty_export/lib/python3.11/site-packages/sklearn/metrics/_pairwise_distances_reduction/_argkmin.cpython-311-x86_64-linux-gnu.so
7f2ec7039000-7f2ec7042000 r--p 00030000 00:204 85912917561               /mnt/primary/conda-envs/semantic_uncertainty_export/lib/python3.11/site-packages/sklearn/metrics/_pairwise_distances_reduction/_argkmin.cpython-311-x86_64-linux-gnu.so
7f2ec7042000-7f2ec7043000 r--p 00038000 00:204 85912917561               /mnt/primary/conda-envs/semantic_uncertainty_export/lib/python3.11/site-packages/sklearn/metrics/_pairwise_distances_reduction/_argkmin.cpython-311-x86_64-linux-gnu.so
7f2ec7043000-7f2ec7047000 rw-p 00039000 00:204 85912917561               /mnt/primary/conda-envs/semantic_uncertainty_export/lib/python3.11/site-packages/sklearn/metrics/_pairwise_distances_reduction/_argkmin.cpython-311-x86_64-linux-gnu.so
7f2ec7047000-7f2ec7048000 rw-p 00000000 00:00 0 
7f2ec7048000-7f2ec704d000 rw-p 00051000 00:204 85912917561               /mnt/primary/conda-envs/semantic_uncertainty_export/lib/python3.11/site-packages/sklearn/metrics/_pairwise_distances_reduction/_argkmin.cpython-311-x86_64-linux-gnu.so
7f2ec704d000-7f2ec7050000 r--p 00000000 00:204 103089116719              /mnt/primary/conda-envs/semantic_uncertainty_export/lib/python3.11/site-packages/brotli/_brotli.abi3.so
7f2ec7050000-7f2ec7090000 r-xp 00003000 00:204 103089116719              /mnt/primary/conda-envs/semantic_uncertainty_export/lib/python3.11/site-packages/brotli/_brotli.abi3.so
7f2ec7090000-7f2ec70fe000 r--p 00043000 00:204 103089116719              /mnt/primary/conda-envs/semantic_uncertainty_export/lib/python3.11/site-packages/brotli/_brotli.abi3.so
7f2ec70fe000-7f2ec70ff000 r--p 000b0000 00:204 103089116719              /mnt/primary/conda-envs/semantic_uncertainty_export/lib/python3.11/site-packages/brotli/_brotli.abi3.so
7f2ec70ff000-7f2ec7100000 rw-p 000b1000 00:204 103089116719              /mnt/primary/conda-envs/semantic_uncertainty_export/lib/python3.11/site-packages/brotli/_brotli.abi3.so
7f2ec7100000-7f2ec7200000 rw-p 00000000 00:00 0 
7f2ec7200000-7f2ec7201000 ---p 00000000 00:00 0 
7f2ec7201000-7f2ec7a01000 rw-p 00000000 00:00 0 
7f2ec7a08000-7f2ec7a0a000 r--p 00000000 08:04 1116476828                 /usr/lib/jvm/java-11-openjdk-amd64/lib/libjimage.so
7f2ec7a0a000-7f2ec7a0d000 r-xp 00002000 08:04 1116476828                 /usr/lib/jvm/java-11-openjdk-amd64/lib/libjimage.so
7f2ec7a0d000-7f2ec7a0e000 r--p 00005000 08:04 1116476828                 /usr/lib/jvm/java-11-openjdk-amd64/lib/libjimage.so
7f2ec7a0e000-7f2ec7a0f000 ---p 00006000 08:04 1116476828                 /usr/lib/jvm/java-11-openjdk-amd64/lib/libjimage.so
7f2ec7a0f000-7f2ec7a10000 r--p 00006000 08:04 1116476828                 /usr/lib/jvm/java-11-openjdk-amd64/lib/libjimage.so
7f2ec7a10000-7f2ec7a11000 rw-p 00007000 08:04 1116476828                 /usr/lib/jvm/java-11-openjdk-amd64/lib/libjimage.so
7f2ec7a11000-7f2ec7a16000 r--p 00000000 00:204 120262025723              /mnt/primary/conda-envs/semantic_uncertainty_export/lib/python3.11/site-packages/sklearn/utils/_logistic_sigmoid.cpython-311-x86_64-linux-gnu.so
7f2ec7a16000-7f2ec7a2c000 r-xp 00005000 00:204 120262025723              /mnt/primary/conda-envs/semantic_uncertainty_export/lib/python3.11/site-packages/sklearn/utils/_logistic_sigmoid.cpython-311-x86_64-linux-gnu.so
7f2ec7a2c000-7f2ec7a32000 r--p 0001b000 00:204 120262025723              /mnt/primary/conda-envs/semantic_uncertainty_export/lib/python3.11/site-packages/sklearn/utils/_logistic_sigmoid.cpython-311-x86_64-linux-gnu.so
7f2ec7a32000-7f2ec7a33000 r--p 00020000 00:204 120262025723              /mnt/primary/conda-envs/semantic_uncertainty_export/lib/python3.11/site-packages/sklearn/utils/_logistic_sigmoid.cpython-311-x86_64-linux-gnu.so
7f2ec7a33000-7f2ec7a36000 rw-p 00021000 00:204 120262025723              /mnt/primary/conda-envs/semantic_uncertainty_export/lib/python3.11/site-packages/sklearn/utils/_logistic_sigmoid.cpython-311-x86_64-linux-gnu.so
7f2ec7a36000-7f2ec7a39000 rw-p 0002b000 00:204 120262025723              /mnt/primary/conda-envs/semantic_uncertainty_export/lib/python3.11/site-packages/sklearn/utils/_logistic_sigmoid.cpython-311-x86_64-linux-gnu.so
7f2ec7a39000-7f2ec7a49000 r--p 00000000 00:204 83815412257               /mnt/primary/conda-envs/semantic_uncertainty_export/lib/python3.11/site-packages/regex/_regex.cpython-311-x86_64-linux-gnu.so
7f2ec7a49000-7f2ec7a80000 r-xp 00010000 00:204 83815412257               /mnt/primary/conda-envs/semantic_uncertainty_export/lib/python3.11/site-packages/regex/_regex.cpython-311-x86_64-linux-gnu.so
7f2ec7a80000-7f2ec7af6000 r--p 00047000 00:204 83815412257               /mnt/primary/conda-envs/semantic_uncertainty_export/lib/python3.11/site-packages/regex/_regex.cpython-311-x86_64-linux-gnu.so
7f2ec7af6000-7f2ec7af7000 r--p 000bc000 00:204 83815412257               /mnt/primary/conda-envs/semantic_uncertainty_export/lib/python3.11/site-packages/regex/_regex.cpython-311-x86_64-linux-gnu.so
7f2ec7af7000-7f2ec7b00000 rw-p 000bd000 00:204 83815412257               /mnt/primary/conda-envs/semantic_uncertainty_export/lib/python3.11/site-packages/regex/_regex.cpython-311-x86_64-linux-gnu.so
7f2ec7b00000-7f2ec7c00000 rw-p 00000000 00:00 0 
7f2ec7c00000-7f2ec9c00000 rw-p 00000000 00:00 0 
7f2ec9c00000-7f2ec9e00000 rw-p 00000000 00:00 0 
7f2ec9e00000-7f2ecbe00000 rw-p 00000000 00:00 0 
7f2ecbe07000-7f2ecbe0b000 r--p 00000000 00:204 120262026760              /mnt/primary/conda-envs/semantic_uncertainty_export/lib/python3.11/site-packages/sklearn/utils/_vector_sentinel.cpython-311-x86_64-linux-gnu.so
7f2ecbe0b000-7f2ecbe1a000 r-xp 00004000 00:204 120262026760              /mnt/primary/conda-envs/semantic_uncertainty_export/lib/python3.11/site-packages/sklearn/utils/_vector_sentinel.cpython-311-x86_64-linux-gnu.so
7f2ecbe1a000-7f2ecbe1e000 r--p 00013000 00:204 120262026760              /mnt/primary/conda-envs/semantic_uncertainty_export/lib/python3.11/site-packages/sklearn/utils/_vector_sentinel.cpython-311-x86_64-linux-gnu.so
7f2ecbe1e000-7f2ecbe1f000 r--p 00016000 00:204 120262026760              /mnt/primary/conda-envs/semantic_uncertainty_export/lib/python3.11/site-packages/sklearn/utils/_vector_sentinel.cpython-311-x86_64-linux-gnu.so
7f2ecbe1f000-7f2ecbe21000 rw-p 00017000 00:204 120262026760              /mnt/primary/conda-envs/semantic_uncertainty_export/lib/python3.11/site-packages/sklearn/utils/_vector_sentinel.cpython-311-x86_64-linux-gnu.so
7f2ecbe21000-7f2ecbe23000 rw-p 00021000 00:204 120262026760              /mnt/primary/conda-envs/semantic_uncertainty_export/lib/python3.11/site-packages/sklearn/utils/_vector_sentinel.cpython-311-x86_64-linux-gnu.so
7f2ecbe23000-7f2ecbe27000 r--p 00000000 00:204 135689858102              /mnt/primary/conda-envs/semantic_uncertainty_export/lib/python3.11/site-packages/lz4/frame/_frame.cpython-311-x86_64-linux-gnu.so
7f2ecbe27000-7f2ecbe56000 r-xp 00004000 00:204 135689858102              /mnt/primary/conda-envs/semantic_uncertainty_export/lib/python3.11/site-packages/lz4/frame/_frame.cpython-311-x86_64-linux-gnu.so
7f2ecbe56000-7f2ecbe5d000 r--p 00033000 00:204 135689858102              /mnt/primary/conda-envs/semantic_uncertainty_export/lib/python3.11/site-packages/lz4/frame/_frame.cpython-311-x86_64-linux-gnu.so
7f2ecbe5d000-7f2ecbe5e000 r--p 00039000 00:204 135689858102              /mnt/primary/conda-envs/semantic_uncertainty_export/lib/python3.11/site-packages/lz4/frame/_frame.cpython-311-x86_64-linux-gnu.so
7f2ecbe5e000-7f2ecbe5f000 rw-p 0003a000 00:204 135689858102              /mnt/primary/conda-envs/semantic_uncertainty_export/lib/python3.11/site-packages/lz4/frame/_frame.cpython-311-x86_64-linux-gnu.so
7f2ecbe5f000-7f2ecbe67000 r--p 00000000 00:204 98787895812               /mnt/primary/conda-envs/semantic_uncertainty_export/lib/python3.11/site-packages/_cffi_backend.cpython-311-x86_64-linux-gnu.so
7f2ecbe67000-7f2ecbe7e000 r-xp 00008000 00:204 98787895812               /mnt/primary/conda-envs/semantic_uncertainty_export/lib/python3.11/site-packages/_cffi_backend.cpython-311-x86_64-linux-gnu.so
7f2ecbe7e000-7f2ecbe89000 r--p 0001f000 00:204 98787895812               /mnt/primary/conda-envs/semantic_uncertainty_export/lib/python3.11/site-packages/_cffi_backend.cpython-311-x86_64-linux-gnu.so
7f2ecbe89000-7f2ecbe8b000 r--p 00029000 00:204 98787895812               /mnt/primary/conda-envs/semantic_uncertainty_export/lib/python3.11/site-packages/_cffi_backend.cpython-311-x86_64-linux-gnu.so
7f2ecbe8b000-7f2ecbe8e000 rw-p 0002b000 00:204 98787895812               /mnt/primary/conda-envs/semantic_uncertainty_export/lib/python3.11/site-packages/_cffi_backend.cpython-311-x86_64-linux-gnu.so
7f2ecbe8e000-7f2ecbe91000 rw-p 00000000 00:00 0 
7f2ecbe91000-7f2ecbe9a000 r--p 00000000 00:204 159264572967              /mnt/primary/conda-envs/semantic_uncertainty_export/lib/python3.11/site-packages/matplotlib/_image.cpython-311-x86_64-linux-gnu.so
7f2ecbe9a000-7f2ecbec3000 r-xp 00009000 00:204 159264572967              /mnt/primary/conda-envs/semantic_uncertainty_export/lib/python3.11/site-packages/matplotlib/_image.cpython-311-x86_64-linux-gnu.so
7f2ecbec3000-7f2ecbec9000 r--p 00032000 00:204 159264572967              /mnt/primary/conda-envs/semantic_uncertainty_export/lib/python3.11/site-packages/matplotlib/_image.cpython-311-x86_64-linux-gnu.so
7f2ecbec9000-7f2ecbeca000 r--p 00037000 00:204 159264572967              /mnt/primary/conda-envs/semantic_uncertainty_export/lib/python3.11/site-packages/matplotlib/_image.cpython-311-x86_64-linux-gnu.so
7f2ecbeca000-7f2ecbecb000 rw-p 00038000 00:204 159264572967              /mnt/primary/conda-envs/semantic_uncertainty_export/lib/python3.11/site-packages/matplotlib/_image.cpython-311-x86_64-linux-gnu.so
7f2ecbecb000-7f2ecbfcc000 rw-p 00000000 00:00 0 
7f2ecbfcc000-7f2ecbfd3000 r--p 00000000 00:204 165573261858              /mnt/primary/conda-envs/semantic_uncertainty_export/lib/python3.11/site-packages/kiwisolver/_cext.cpython-311-x86_64-linux-gnu.so
7f2ecbfd3000-7f2ecbff7000 r-xp 00007000 00:204 165573261858              /mnt/primary/conda-envs/semantic_uncertainty_export/lib/python3.11/site-packages/kiwisolver/_cext.cpython-311-x86_64-linux-gnu.so
7f2ecbff7000-7f2ecbffd000 r--p 0002b000 00:204 165573261858              /mnt/primary/conda-envs/semantic_uncertainty_export/lib/python3.11/site-packages/kiwisolver/_cext.cpython-311-x86_64-linux-gnu.so
7f2ecbffd000-7f2ecbffe000 r--p 00030000 00:204 165573261858              /mnt/primary/conda-envs/semantic_uncertainty_export/lib/python3.11/site-packages/kiwisolver/_cext.cpython-311-x86_64-linux-gnu.so
7f2ecbffe000-7f2ecbfff000 rw-p 00031000 00:204 165573261858              /mnt/primary/conda-envs/semantic_uncertainty_export/lib/python3.11/site-packages/kiwisolver/_cext.cpython-311-x86_64-linux-gnu.so
7f2ecbfff000-7f2ecc000000 rw-p 00000000 00:00 0 
7f2ecc000000-7f2ecc021000 rw-p 00000000 00:00 0 
7f2ecc021000-7f2ed0000000 ---p 00000000 00:00 0 
7f2ed0005000-7f2ed0007000 r--p 00000000 00:204 133230551071              /mnt/primary/conda-envs/semantic_uncertainty_export/lib/python3.11/site-packages/lz4/_version.cpython-311-x86_64-linux-gnu.so
7f2ed0007000-7f2ed0020000 r-xp 00002000 00:204 133230551071              /mnt/primary/conda-envs/semantic_uncertainty_export/lib/python3.11/site-packages/lz4/_version.cpython-311-x86_64-linux-gnu.so
7f2ed0020000-7f2ed0021000 r--p 0001b000 00:204 133230551071              /mnt/primary/conda-envs/semantic_uncertainty_export/lib/python3.11/site-packages/lz4/_version.cpython-311-x86_64-linux-gnu.so
7f2ed0021000-7f2ed0022000 ---p 0001c000 00:204 133230551071              /mnt/primary/conda-envs/semantic_uncertainty_export/lib/python3.11/site-packages/lz4/_version.cpython-311-x86_64-linux-gnu.so
7f2ed0022000-7f2ed0023000 r--p 0001c000 00:204 133230551071              /mnt/primary/conda-envs/semantic_uncertainty_export/lib/python3.11/site-packages/lz4/_version.cpython-311-x86_64-linux-gnu.so
7f2ed0023000-7f2ed0024000 rw-p 0001d000 00:204 133230551071              /mnt/primary/conda-envs/semantic_uncertainty_export/lib/python3.11/site-packages/lz4/_version.cpython-311-x86_64-linux-gnu.so
7f2ed0024000-7f2ed0035000 r--p 00000000 00:204 159264572985              /mnt/primary/conda-envs/semantic_uncertainty_export/lib/python3.11/site-packages/matplotlib/ft2font.cpython-311-x86_64-linux-gnu.so
7f2ed0035000-7f2ed00bc000 r-xp 00011000 00:204 159264572985              /mnt/primary/conda-envs/semantic_uncertainty_export/lib/python3.11/site-packages/matplotlib/ft2font.cpython-311-x86_64-linux-gnu.so
7f2ed00bc000-7f2ed00e7000 r--p 00098000 00:204 159264572985              /mnt/primary/conda-envs/semantic_uncertainty_export/lib/python3.11/site-packages/matplotlib/ft2font.cpython-311-x86_64-linux-gnu.so
7f2ed00e7000-7f2ed00ed000 r--p 000c2000 00:204 159264572985              /mnt/primary/conda-envs/semantic_uncertainty_export/lib/python3.11/site-packages/matplotlib/ft2font.cpython-311-x86_64-linux-gnu.so
7f2ed00ed000-7f2ed00ee000 rw-p 000c8000 00:204 159264572985              /mnt/primary/conda-envs/semantic_uncertainty_export/lib/python3.11/site-packages/matplotlib/ft2font.cpython-311-x86_64-linux-gnu.so
7f2ed00ee000-7f2ed04f0000 rw-p 00000000 00:00 0 
7f2ed04f0000-7f2ed04fe000 r--p 00000000 00:204 70923272745               /mnt/primary/conda-envs/semantic_uncertainty_export/lib/libzstd.so.1.5.5
7f2ed04fe000-7f2ed05e8000 r-xp 0000e000 00:204 70923272745               /mnt/primary/conda-envs/semantic_uncertainty_export/lib/libzstd.so.1.5.5
7f2ed05e8000-7f2ed05fd000 r--p 000f8000 00:204 70923272745               /mnt/primary/conda-envs/semantic_uncertainty_export/lib/libzstd.so.1.5.5
7f2ed05fd000-7f2ed05fe000 ---p 0010d000 00:204 70923272745               /mnt/primary/conda-envs/semantic_uncertainty_export/lib/libzstd.so.1.5.5
7f2ed05fe000-7f2ed05ff000 r--p 0010d000 00:204 70923272745               /mnt/primary/conda-envs/semantic_uncertainty_export/lib/libzstd.so.1.5.5
7f2ed05ff000-7f2ed0600000 rw-p 0010e000 00:204 70923272745               /mnt/primary/conda-envs/semantic_uncertainty_export/lib/libzstd.so.1.5.5
7f2ed0600000-7f2ed0601000 ---p 00000000 00:00 0 
7f2ed0601000-7f2ed0e01000 rw-p 00000000 00:00 0 
7f2ed0e05000-7f2ed0e0a000 r--p 00000000 08:04 1116478603                 /usr/lib/jvm/java-11-openjdk-amd64/lib/libverify.so
7f2ed0e0a000-7f2ed0e11000 r-xp 00005000 08:04 1116478603                 /usr/lib/jvm/java-11-openjdk-amd64/lib/libverify.so
7f2ed0e11000-7f2ed0e13000 r--p 0000c000 08:04 1116478603                 /usr/lib/jvm/java-11-openjdk-amd64/lib/libverify.so
7f2ed0e13000-7f2ed0e15000 r--p 0000d000 08:04 1116478603                 /usr/lib/jvm/java-11-openjdk-amd64/lib/libverify.so
7f2ed0e15000-7f2ed0e16000 rw-p 0000f000 08:04 1116478603                 /usr/lib/jvm/java-11-openjdk-amd64/lib/libverify.so
7f2ed0e16000-7f2ed0e20000 r--p 00000000 00:204 159266954755              /mnt/primary/conda-envs/semantic_uncertainty_export/lib/python3.11/site-packages/matplotlib/_path.cpython-311-x86_64-linux-gnu.so
7f2ed0e20000-7f2ed0e42000 r-xp 0000a000 00:204 159266954755              /mnt/primary/conda-envs/semantic_uncertainty_export/lib/python3.11/site-packages/matplotlib/_path.cpython-311-x86_64-linux-gnu.so
7f2ed0e42000-7f2ed0e49000 r--p 0002c000 00:204 159266954755              /mnt/primary/conda-envs/semantic_uncertainty_export/lib/python3.11/site-packages/matplotlib/_path.cpython-311-x86_64-linux-gnu.so
7f2ed0e49000-7f2ed0e4a000 r--p 00032000 00:204 159266954755              /mnt/primary/conda-envs/semantic_uncertainty_export/lib/python3.11/site-packages/matplotlib/_path.cpython-311-x86_64-linux-gnu.so
7f2ed0e4a000-7f2ed0e4b000 rw-p 00033000 00:204 159266954755              /mnt/primary/conda-envs/semantic_uncertainty_export/lib/python3.11/site-packages/matplotlib/_path.cpython-311-x86_64-linux-gnu.so
7f2ed0e4b000-7f2ed0e4c000 rw-p 00000000 00:00 0 
7f2ed0e4c000-7f2ed0e56000 r--p 00000000 00:204 70898546191               /mnt/primary/conda-envs/semantic_uncertainty_export/lib/libLerc.so
7f2ed0e56000-7f2ed0edd000 r-xp 0000a000 00:204 70898546191               /mnt/primary/conda-envs/semantic_uncertainty_export/lib/libLerc.so
7f2ed0edd000-7f2ed0ee5000 r--p 00091000 00:204 70898546191               /mnt/primary/conda-envs/semantic_uncertainty_export/lib/libLerc.so
7f2ed0ee5000-7f2ed0ee6000 ---p 00099000 00:204 70898546191               /mnt/primary/conda-envs/semantic_uncertainty_export/lib/libLerc.so
7f2ed0ee6000-7f2ed0ee7000 r--p 00099000 00:204 70898546191               /mnt/primary/conda-envs/semantic_uncertainty_export/lib/libLerc.so
7f2ed0ee7000-7f2ed0ee8000 rw-p 0009a000 00:204 70898546191               /mnt/primary/conda-envs/semantic_uncertainty_export/lib/libLerc.so
7f2ed0ee8000-7f2ed0eeb000 r--p 00000000 00:204 70898546233               /mnt/primary/conda-envs/semantic_uncertainty_export/lib/libwebp.so.7.1.8
7f2ed0eeb000-7f2ed0f5b000 r-xp 00003000 00:204 70898546233               /mnt/primary/conda-envs/semantic_uncertainty_export/lib/libwebp.so.7.1.8
7f2ed0f5b000-7f2ed0f6f000 r--p 00073000 00:204 70898546233               /mnt/primary/conda-envs/semantic_uncertainty_export/lib/libwebp.so.7.1.8
7f2ed0f6f000-7f2ed0f70000 r--p 00086000 00:204 70898546233               /mnt/primary/conda-envs/semantic_uncertainty_export/lib/libwebp.so.7.1.8
7f2ed0f70000-7f2ed0f71000 rw-p 00087000 00:204 70898546233               /mnt/primary/conda-envs/semantic_uncertainty_export/lib/libwebp.so.7.1.8
7f2ed0f71000-7f2ed0f72000 rw-p 00000000 00:00 0 
7f2ed0f72000-7f2ed0f7b000 r--p 00000000 00:204 70924951580               /mnt/primary/conda-envs/semantic_uncertainty_export/lib/libtiff.so.6.0.1
7f2ed0f7b000-7f2ed0fc9000 r-xp 00009000 00:204 70924951580               /mnt/primary/conda-envs/semantic_uncertainty_export/lib/libtiff.so.6.0.1
7f2ed0fc9000-7f2ed0ff9000 r--p 00057000 00:204 70924951580               /mnt/primary/conda-envs/semantic_uncertainty_export/lib/libtiff.so.6.0.1
7f2ed0ff9000-7f2ed0ffa000 ---p 00087000 00:204 70924951580               /mnt/primary/conda-envs/semantic_uncertainty_export/lib/libtiff.so.6.0.1
7f2ed0ffa000-7f2ed0fff000 r--p 00087000 00:204 70924951580               /mnt/primary/conda-envs/semantic_uncertainty_export/lib/libtiff.so.6.0.1
7f2ed0fff000-7f2ed1000000 rw-p 0008c000 00:204 70924951580               /mnt/primary/conda-envs/semantic_uncertainty_export/lib/libtiff.so.6.0.1
7f2ed1000000-7f2ed1001000 ---p 00000000 00:00 0 
7f2ed1001000-7f2ed1801000 rw-p 00000000 00:00 0 
7f2ed1808000-7f2ed180b000 r--p 00000000 00:204 45438356003               /mnt/primary/conda-envs/semantic_uncertainty_export/lib/python3.11/lib-dynload/_multibytecodec.cpython-311-x86_64-linux-gnu.so
7f2ed180b000-7f2ed1811000 r-xp 00003000 00:204 45438356003               /mnt/primary/conda-envs/semantic_uncertainty_export/lib/python3.11/lib-dynload/_multibytecodec.cpython-311-x86_64-linux-gnu.so
7f2ed1811000-7f2ed1813000 r--p 00009000 00:204 45438356003               /mnt/primary/conda-envs/semantic_uncertainty_export/lib/python3.11/lib-dynload/_multibytecodec.cpython-311-x86_64-linux-gnu.so
7f2ed1813000-7f2ed1814000 ---p 0000b000 00:204 45438356003               /mnt/primary/conda-envs/semantic_uncertainty_export/lib/python3.11/lib-dynload/_multibytecodec.cpython-311-x86_64-linux-gnu.so
7f2ed1814000-7f2ed1815000 r--p 0000b000 00:204 45438356003               /mnt/primary/conda-envs/semantic_uncertainty_export/lib/python3.11/lib-dynload/_multibytecodec.cpython-311-x86_64-linux-gnu.so
7f2ed1815000-7f2ed1816000 rw-p 0000c000 00:204 45438356003               /mnt/primary/conda-envs/semantic_uncertainty_export/lib/python3.11/lib-dynload/_multibytecodec.cpython-311-x86_64-linux-gnu.so
7f2ed1816000-7f2ed181f000 r--p 00000000 00:204 70925107724               /mnt/primary/conda-envs/semantic_uncertainty_export/lib/libopenjp2.so.2.4.0
7f2ed181f000-7f2ed1866000 r-xp 00009000 00:204 70925107724               /mnt/primary/conda-envs/semantic_uncertainty_export/lib/libopenjp2.so.2.4.0
7f2ed1866000-7f2ed1877000 r--p 00050000 00:204 70925107724               /mnt/primary/conda-envs/semantic_uncertainty_export/lib/libopenjp2.so.2.4.0
7f2ed1877000-7f2ed1879000 r--p 00060000 00:204 70925107724               /mnt/primary/conda-envs/semantic_uncertainty_export/lib/libopenjp2.so.2.4.0
7f2ed1879000-7f2ed187a000 rw-p 00062000 00:204 70925107724               /mnt/primary/conda-envs/semantic_uncertainty_export/lib/libopenjp2.so.2.4.0
7f2ed187a000-7f2ed188f000 r--p 00000000 00:204 161061898268              /mnt/primary/conda-envs/semantic_uncertainty_export/lib/python3.11/site-packages/PIL/_imaging.cpython-311-x86_64-linux-gnu.so
7f2ed188f000-7f2ed18e8000 r-xp 00015000 00:204 161061898268              /mnt/primary/conda-envs/semantic_uncertainty_export/lib/python3.11/site-packages/PIL/_imaging.cpython-311-x86_64-linux-gnu.so
7f2ed18e8000-7f2ed18f8000 r--p 0006e000 00:204 161061898268              /mnt/primary/conda-envs/semantic_uncertainty_export/lib/python3.11/site-packages/PIL/_imaging.cpython-311-x86_64-linux-gnu.so
7f2ed18f8000-7f2ed18fd000 r--p 0007d000 00:204 161061898268              /mnt/primary/conda-envs/semantic_uncertainty_export/lib/python3.11/site-packages/PIL/_imaging.cpython-311-x86_64-linux-gnu.so
7f2ed18fd000-7f2ed1900000 rw-p 00082000 00:204 161061898268              /mnt/primary/conda-envs/semantic_uncertainty_export/lib/python3.11/site-packages/PIL/_imaging.cpython-311-x86_64-linux-gnu.so
7f2ed1900000-7f2ed1a00000 rw-p 00000000 00:00 0 
7f2ed1a00000-7f2ed3a00000 rw-p 00000000 00:00 0 
7f2ed3a01000-7f2ed3a04000 r--p 00000000 00:204 161061898270              /mnt/primary/conda-envs/semantic_uncertainty_export/lib/python3.11/site-packages/PIL/_imagingft.cpython-311-x86_64-linux-gnu.so
7f2ed3a04000-7f2ed3a07000 r-xp 00003000 00:204 161061898270              /mnt/primary/conda-envs/semantic_uncertainty_export/lib/python3.11/site-packages/PIL/_imagingft.cpython-311-x86_64-linux-gnu.so
7f2ed3a07000-7f2ed3a09000 r--p 00006000 00:204 161061898270              /mnt/primary/conda-envs/semantic_uncertainty_export/lib/python3.11/site-packages/PIL/_imagingft.cpython-311-x86_64-linux-gnu.so
7f2ed3a09000-7f2ed3a0a000 r--p 00007000 00:204 161061898270              /mnt/primary/conda-envs/semantic_uncertainty_export/lib/python3.11/site-packages/PIL/_imagingft.cpython-311-x86_64-linux-gnu.so
7f2ed3a0a000-7f2ed3a0b000 rw-p 00008000 00:204 161061898270              /mnt/primary/conda-envs/semantic_uncertainty_export/lib/python3.11/site-packages/PIL/_imagingft.cpython-311-x86_64-linux-gnu.so
7f2ed3a0b000-7f2ed3a0f000 r--p 00000000 00:204 131461243965              /mnt/primary/conda-envs/semantic_uncertainty_export/lib/python3.11/site-packages/wrapt/_wrappers.cpython-311-x86_64-linux-gnu.so
7f2ed3a0f000-7f2ed3a14000 r-xp 00004000 00:204 131461243965              /mnt/primary/conda-envs/semantic_uncertainty_export/lib/python3.11/site-packages/wrapt/_wrappers.cpython-311-x86_64-linux-gnu.so
7f2ed3a14000-7f2ed3a16000 r--p 00009000 00:204 131461243965              /mnt/primary/conda-envs/semantic_uncertainty_export/lib/python3.11/site-packages/wrapt/_wrappers.cpython-311-x86_64-linux-gnu.so
7f2ed3a16000-7f2ed3a17000 r--p 0000a000 00:204 131461243965              /mnt/primary/conda-envs/semantic_uncertainty_export/lib/python3.11/site-packages/wrapt/_wrappers.cpython-311-x86_64-linux-gnu.so
7f2ed3a17000-7f2ed3a19000 rw-p 0000b000 00:204 131461243965              /mnt/primary/conda-envs/semantic_uncertainty_export/lib/python3.11/site-packages/wrapt/_wrappers.cpython-311-x86_64-linux-gnu.so
7f2ed3a19000-7f2ed3a1a000 r--p 00000000 00:204 70898546196               /mnt/primary/conda-envs/semantic_uncertainty_export/lib/libdeflate.so.0
7f2ed3a1a000-7f2ed3a27000 r-xp 00001000 00:204 70898546196               /mnt/primary/conda-envs/semantic_uncertainty_export/lib/libdeflate.so.0
7f2ed3a27000-7f2ed3a2c000 r--p 0000e000 00:204 70898546196               /mnt/primary/conda-envs/semantic_uncertainty_export/lib/libdeflate.so.0
7f2ed3a2c000-7f2ed3a2d000 r--p 00012000 00:204 70898546196               /mnt/primary/conda-envs/semantic_uncertainty_export/lib/libdeflate.so.0
7f2ed3a2d000-7f2ed3a2e000 rw-p 00013000 00:204 70898546196               /mnt/primary/conda-envs/semantic_uncertainty_export/lib/libdeflate.so.0
7f2ed3a2e000-7f2ed3b2e000 rw-p 00000000 00:00 0 
7f2ed3b2e000-7f2ed3d1e000 r--p 00000000 00:204 70924951599               /mnt/primary/conda-envs/semantic_uncertainty_export/lib/libmkl_core.so.2
7f2ed3d1e000-7f2ed7442000 r-xp 001f0000 00:204 70924951599               /mnt/primary/conda-envs/semantic_uncertainty_export/lib/libmkl_core.so.2
7f2ed7442000-7f2ed7eaf000 r--p 03914000 00:204 70924951599               /mnt/primary/conda-envs/semantic_uncertainty_export/lib/libmkl_core.so.2
7f2ed7eaf000-7f2ed7eb6000 r--p 04380000 00:204 70924951599               /mnt/primary/conda-envs/semantic_uncertainty_export/lib/libmkl_core.so.2
7f2ed7eb6000-7f2ed7ee6000 rw-p 04387000 00:204 70924951599               /mnt/primary/conda-envs/semantic_uncertainty_export/lib/libmkl_core.so.2
7f2ed7ee6000-7f2ed7f0f000 rw-p 00000000 00:00 0 
7f2ed7f0f000-7f2ed8000000 rw-p 046cd000 00:204 70924951599               /mnt/primary/conda-envs/semantic_uncertainty_export/lib/libmkl_core.so.2
7f2ed8000000-7f2ed8021000 rw-p 00000000 00:00 0 
7f2ed8021000-7f2edc000000 ---p 00000000 00:00 0 
7f2edc007000-7f2edc00c000 r--p 00000000 00:204 70898546186               /mnt/primary/conda-envs/semantic_uncertainty_export/lib/libjpeg.so.9.5.0
7f2edc00c000-7f2edc03a000 r-xp 00005000 00:204 70898546186               /mnt/primary/conda-envs/semantic_uncertainty_export/lib/libjpeg.so.9.5.0
7f2edc03a000-7f2edc043000 r--p 00033000 00:204 70898546186               /mnt/primary/conda-envs/semantic_uncertainty_export/lib/libjpeg.so.9.5.0
7f2edc043000-7f2edc044000 ---p 0003c000 00:204 70898546186               /mnt/primary/conda-envs/semantic_uncertainty_export/lib/libjpeg.so.9.5.0
7f2edc044000-7f2edc045000 r--p 0003c000 00:204 70898546186               /mnt/primary/conda-envs/semantic_uncertainty_export/lib/libjpeg.so.9.5.0
7f2edc045000-7f2edc046000 rw-p 0003d000 00:204 70898546186               /mnt/primary/conda-envs/semantic_uncertainty_export/lib/libjpeg.so.9.5.0
7f2edc046000-7f2edc04a000 r--p 00000000 00:204 45438355996               /mnt/primary/conda-envs/semantic_uncertainty_export/lib/python3.11/lib-dynload/_elementtree.cpython-311-x86_64-linux-gnu.so
7f2edc04a000-7f2edc053000 r-xp 00004000 00:204 45438355996               /mnt/primary/conda-envs/semantic_uncertainty_export/lib/python3.11/lib-dynload/_elementtree.cpython-311-x86_64-linux-gnu.so
7f2edc053000-7f2edc057000 r--p 0000d000 00:204 45438355996               /mnt/primary/conda-envs/semantic_uncertainty_export/lib/python3.11/lib-dynload/_elementtree.cpython-311-x86_64-linux-gnu.so
7f2edc057000-7f2edc058000 r--p 00010000 00:204 45438355996               /mnt/primary/conda-envs/semantic_uncertainty_export/lib/python3.11/lib-dynload/_elementtree.cpython-311-x86_64-linux-gnu.so
7f2edc058000-7f2edc05a000 rw-p 00011000 00:204 45438355996               /mnt/primary/conda-envs/semantic_uncertainty_export/lib/python3.11/lib-dynload/_elementtree.cpython-311-x86_64-linux-gnu.so
7f2edc05a000-7f2edc061000 r--p 00000000 00:204 80070846498               /mnt/primary/conda-envs/semantic_uncertainty_export/lib/python3.11/site-packages/scipy/stats/_rcont/rcont.cpython-311-x86_64-linux-gnu.so
7f2edc061000-7f2edc088000 r-xp 00007000 00:204 80070846498               /mnt/primary/conda-envs/semantic_uncertainty_export/lib/python3.11/site-packages/scipy/stats/_rcont/rcont.cpython-311-x86_64-linux-gnu.so
7f2edc088000-7f2edc096000 r--p 0002e000 00:204 80070846498               /mnt/primary/conda-envs/semantic_uncertainty_export/lib/python3.11/site-packages/scipy/stats/_rcont/rcont.cpython-311-x86_64-linux-gnu.so
7f2edc096000-7f2edc097000 r--p 0003b000 00:204 80070846498               /mnt/primary/conda-envs/semantic_uncertainty_export/lib/python3.11/site-packages/scipy/stats/_rcont/rcont.cpython-311-x86_64-linux-gnu.so
7f2edc097000-7f2edc09a000 rw-p 0003c000 00:204 80070846498               /mnt/primary/conda-envs/semantic_uncertainty_export/lib/python3.11/site-packages/scipy/stats/_rcont/rcont.cpython-311-x86_64-linux-gnu.so
7f2edc09a000-7f2edc09b000 rw-p 00000000 00:00 0 
7f2edc09b000-7f2edc09d000 r--p 00000000 00:204 73089433150               /mnt/primary/conda-envs/semantic_uncertainty_export/lib/python3.11/site-packages/scipy/stats/_mvn.cpython-311-x86_64-linux-gnu.so
7f2edc09d000-7f2edc0a6000 r-xp 00002000 00:204 73089433150               /mnt/primary/conda-envs/semantic_uncertainty_export/lib/python3.11/site-packages/scipy/stats/_mvn.cpython-311-x86_64-linux-gnu.so
7f2edc0a6000-7f2edc0ac000 r--p 0000b000 00:204 73089433150               /mnt/primary/conda-envs/semantic_uncertainty_export/lib/python3.11/site-packages/scipy/stats/_mvn.cpython-311-x86_64-linux-gnu.so
7f2edc0ac000-7f2edc0ad000 r--p 00010000 00:204 73089433150               /mnt/primary/conda-envs/semantic_uncertainty_export/lib/python3.11/site-packages/scipy/stats/_mvn.cpython-311-x86_64-linux-gnu.so
7f2edc0ad000-7f2edc0af000 rw-p 00011000 00:204 73089433150               /mnt/primary/conda-envs/semantic_uncertainty_export/lib/python3.11/site-packages/scipy/stats/_mvn.cpython-311-x86_64-linux-gnu.so
7f2edc0af000-7f2edc1a6000 rw-p 00000000 00:00 0 
7f2edc1a6000-7f2edc1ad000 r--p 00000000 00:204 73089433130               /mnt/primary/conda-envs/semantic_uncertainty_export/lib/python3.11/site-packages/scipy/stats/_qmc_cy.cpython-311-x86_64-linux-gnu.so
7f2edc1ad000-7f2edc1d2000 r-xp 00007000 00:204 73089433130               /mnt/primary/conda-envs/semantic_uncertainty_export/lib/python3.11/site-packages/scipy/stats/_qmc_cy.cpython-311-x86_64-linux-gnu.so
7f2edc1d2000-7f2edc1da000 r--p 0002c000 00:204 73089433130               /mnt/primary/conda-envs/semantic_uncertainty_export/lib/python3.11/site-packages/scipy/stats/_qmc_cy.cpython-311-x86_64-linux-gnu.so
7f2edc1da000-7f2edc1db000 r--p 00033000 00:204 73089433130               /mnt/primary/conda-envs/semantic_uncertainty_export/lib/python3.11/site-packages/scipy/stats/_qmc_cy.cpython-311-x86_64-linux-gnu.so
7f2edc1db000-7f2edc1de000 rw-p 00034000 00:204 73089433130               /mnt/primary/conda-envs/semantic_uncertainty_export/lib/python3.11/site-packages/scipy/stats/_qmc_cy.cpython-311-x86_64-linux-gnu.so
7f2edc1de000-7f2edc1df000 rw-p 00000000 00:00 0 
7f2edc1df000-7f2edc1e6000 r--p 00000000 00:204 73089433147               /mnt/primary/conda-envs/semantic_uncertainty_export/lib/python3.11/site-packages/scipy/stats/_sobol.cpython-311-x86_64-linux-gnu.so
7f2edc1e6000-7f2edc21a000 r-xp 00007000 00:204 73089433147               /mnt/primary/conda-envs/semantic_uncertainty_export/lib/python3.11/site-packages/scipy/stats/_sobol.cpython-311-x86_64-linux-gnu.so
7f2edc21a000-7f2edc223000 r--p 0003b000 00:204 73089433147               /mnt/primary/conda-envs/semantic_uncertainty_export/lib/python3.11/site-packages/scipy/stats/_sobol.cpython-311-x86_64-linux-gnu.so
7f2edc223000-7f2edc224000 r--p 00043000 00:204 73089433147               /mnt/primary/conda-envs/semantic_uncertainty_export/lib/python3.11/site-packages/scipy/stats/_sobol.cpython-311-x86_64-linux-gnu.so
7f2edc224000-7f2edc229000 rw-p 00044000 00:204 73089433147               /mnt/primary/conda-envs/semantic_uncertainty_export/lib/python3.11/site-packages/scipy/stats/_sobol.cpython-311-x86_64-linux-gnu.so
7f2edc229000-7f2edc32a000 rw-p 00000000 00:00 0 
7f2edc32a000-7f2edc331000 r--p 00000000 00:204 43233973784               /mnt/primary/conda-envs/semantic_uncertainty_export/lib/python3.11/site-packages/scipy/fft/_pocketfft/pypocketfft.cpython-311-x86_64-linux-gnu.so
7f2edc331000-7f2edc409000 r-xp 00007000 00:204 43233973784               /mnt/primary/conda-envs/semantic_uncertainty_export/lib/python3.11/site-packages/scipy/fft/_pocketfft/pypocketfft.cpython-311-x86_64-linux-gnu.so
7f2edc409000-7f2edc423000 r--p 000df000 00:204 43233973784               /mnt/primary/conda-envs/semantic_uncertainty_export/lib/python3.11/site-packages/scipy/fft/_pocketfft/pypocketfft.cpython-311-x86_64-linux-gnu.so
7f2edc423000-7f2edc424000 ---p 000f9000 00:204 43233973784               /mnt/primary/conda-envs/semantic_uncertainty_export/lib/python3.11/site-packages/scipy/fft/_pocketfft/pypocketfft.cpython-311-x86_64-linux-gnu.so
7f2edc424000-7f2edc425000 r--p 000f9000 00:204 43233973784               /mnt/primary/conda-envs/semantic_uncertainty_export/lib/python3.11/site-packages/scipy/fft/_pocketfft/pypocketfft.cpython-311-x86_64-linux-gnu.so
7f2edc425000-7f2edc426000 rw-p 000fa000 00:204 43233973784               /mnt/primary/conda-envs/semantic_uncertainty_export/lib/python3.11/site-packages/scipy/fft/_pocketfft/pypocketfft.cpython-311-x86_64-linux-gnu.so
7f2edc426000-7f2edc428000 rw-p 00000000 00:00 0 
7f2edc428000-7f2edc42c000 r--p 00000000 00:204 55935434274               /mnt/primary/conda-envs/semantic_uncertainty_export/lib/python3.11/site-packages/scipy/_lib/_uarray/_uarray.cpython-311-x86_64-linux-gnu.so
7f2edc42c000-7f2edc43e000 r-xp 00004000 00:204 55935434274               /mnt/primary/conda-envs/semantic_uncertainty_export/lib/python3.11/site-packages/scipy/_lib/_uarray/_uarray.cpython-311-x86_64-linux-gnu.so
7f2edc43e000-7f2edc444000 r--p 00016000 00:204 55935434274               /mnt/primary/conda-envs/semantic_uncertainty_export/lib/python3.11/site-packages/scipy/_lib/_uarray/_uarray.cpython-311-x86_64-linux-gnu.so
7f2edc444000-7f2edc445000 r--p 0001b000 00:204 55935434274               /mnt/primary/conda-envs/semantic_uncertainty_export/lib/python3.11/site-packages/scipy/_lib/_uarray/_uarray.cpython-311-x86_64-linux-gnu.so
7f2edc445000-7f2edc446000 rw-p 0001c000 00:204 55935434274               /mnt/primary/conda-envs/semantic_uncertainty_export/lib/python3.11/site-packages/scipy/_lib/_uarray/_uarray.cpython-311-x86_64-linux-gnu.so
7f2edc446000-7f2edc546000 rw-p 00000000 00:00 0 
7f2edc546000-7f2edc54c000 r--p 00000000 00:204 73087765042               /mnt/primary/conda-envs/semantic_uncertainty_export/lib/python3.11/site-packages/scipy/stats/_biasedurn.cpython-311-x86_64-linux-gnu.so
7f2edc54c000-7f2edc577000 r-xp 00006000 00:204 73087765042               /mnt/primary/conda-envs/semantic_uncertainty_export/lib/python3.11/site-packages/scipy/stats/_biasedurn.cpython-311-x86_64-linux-gnu.so
7f2edc577000-7f2edc587000 r--p 00031000 00:204 73087765042               /mnt/primary/conda-envs/semantic_uncertainty_export/lib/python3.11/site-packages/scipy/stats/_biasedurn.cpython-311-x86_64-linux-gnu.so
7f2edc587000-7f2edc588000 r--p 00040000 00:204 73087765042               /mnt/primary/conda-envs/semantic_uncertainty_export/lib/python3.11/site-packages/scipy/stats/_biasedurn.cpython-311-x86_64-linux-gnu.so
7f2edc588000-7f2edc58b000 rw-p 00041000 00:204 73087765042               /mnt/primary/conda-envs/semantic_uncertainty_export/lib/python3.11/site-packages/scipy/stats/_biasedurn.cpython-311-x86_64-linux-gnu.so
7f2edc58b000-7f2edc58d000 rw-p 00000000 00:00 0 
7f2edc58d000-7f2edc594000 r--p 00000000 00:204 126756728877              /mnt/primary/conda-envs/semantic_uncertainty_export/lib/python3.11/site-packages/scipy/interpolate/_rgi_cython.cpython-311-x86_64-linux-gnu.so
7f2edc594000-7f2edc5bb000 r-xp 00007000 00:204 126756728877              /mnt/primary/conda-envs/semantic_uncertainty_export/lib/python3.11/site-packages/scipy/interpolate/_rgi_cython.cpython-311-x86_64-linux-gnu.so
7f2edc5bb000-7f2edc5c3000 r--p 0002e000 00:204 126756728877              /mnt/primary/conda-envs/semantic_uncertainty_export/lib/python3.11/site-packages/scipy/interpolate/_rgi_cython.cpython-311-x86_64-linux-gnu.so
7f2edc5c3000-7f2edc5c4000 r--p 00035000 00:204 126756728877              /mnt/primary/conda-envs/semantic_uncertainty_export/lib/python3.11/site-packages/scipy/interpolate/_rgi_cython.cpython-311-x86_64-linux-gnu.so
7f2edc5c4000-7f2edc5c8000 rw-p 00036000 00:204 126756728877              /mnt/primary/conda-envs/semantic_uncertainty_export/lib/python3.11/site-packages/scipy/interpolate/_rgi_cython.cpython-311-x86_64-linux-gnu.so
7f2edc5c8000-7f2edc5cc000 r--p 00000000 00:204 126726910078              /mnt/primary/conda-envs/semantic_uncertainty_export/lib/python3.11/site-packages/scipy/interpolate/_rbfinterp_pythran.cpython-311-x86_64-linux-gnu.so
7f2edc5cc000-7f2edc5f8000 r-xp 00004000 00:204 126726910078              /mnt/primary/conda-envs/semantic_uncertainty_export/lib/python3.11/site-packages/scipy/interpolate/_rbfinterp_pythran.cpython-311-x86_64-linux-gnu.so
7f2edc5f8000-7f2edc5fe000 r--p 00030000 00:204 126726910078              /mnt/primary/conda-envs/semantic_uncertainty_export/lib/python3.11/site-packages/scipy/interpolate/_rbfinterp_pythran.cpython-311-x86_64-linux-gnu.so
7f2edc5fe000-7f2edc5ff000 r--p 00035000 00:204 126726910078              /mnt/primary/conda-envs/semantic_uncertainty_export/lib/python3.11/site-packages/scipy/interpolate/_rbfinterp_pythran.cpython-311-x86_64-linux-gnu.so
7f2edc5ff000-7f2edc600000 rw-p 00036000 00:204 126726910078              /mnt/primary/conda-envs/semantic_uncertainty_export/lib/python3.11/site-packages/scipy/interpolate/_rbfinterp_pythran.cpython-311-x86_64-linux-gnu.so
7f2edc600000-7f2edc608000 r--p 00000000 00:204 126756728874              /mnt/primary/conda-envs/semantic_uncertainty_export/lib/python3.11/site-packages/scipy/interpolate/interpnd.cpython-311-x86_64-linux-gnu.so
7f2edc608000-7f2edc648000 r-xp 00008000 00:204 126756728874              /mnt/primary/conda-envs/semantic_uncertainty_export/lib/python3.11/site-packages/scipy/interpolate/interpnd.cpython-311-x86_64-linux-gnu.so
7f2edc648000-7f2edc653000 r--p 00048000 00:204 126756728874              /mnt/primary/conda-envs/semantic_uncertainty_export/lib/python3.11/site-packages/scipy/interpolate/interpnd.cpython-311-x86_64-linux-gnu.so
7f2edc653000-7f2edc654000 r--p 00052000 00:204 126756728874              /mnt/primary/conda-envs/semantic_uncertainty_export/lib/python3.11/site-packages/scipy/interpolate/interpnd.cpython-311-x86_64-linux-gnu.so
7f2edc654000-7f2edc659000 rw-p 00053000 00:204 126756728874              /mnt/primary/conda-envs/semantic_uncertainty_export/lib/python3.11/site-packages/scipy/interpolate/interpnd.cpython-311-x86_64-linux-gnu.so
7f2edc659000-7f2edc65a000 rw-p 00000000 00:00 0 
7f2edc65a000-7f2edc662000 r--p 00000000 00:204 126756728871              /mnt/primary/conda-envs/semantic_uncertainty_export/lib/python3.11/site-packages/scipy/interpolate/_ppoly.cpython-311-x86_64-linux-gnu.so
7f2edc662000-7f2edc6a1000 r-xp 00008000 00:204 126756728871              /mnt/primary/conda-envs/semantic_uncertainty_export/lib/python3.11/site-packages/scipy/interpolate/_ppoly.cpython-311-x86_64-linux-gnu.so
7f2edc6a1000-7f2edc6aa000 r--p 00047000 00:204 126756728871              /mnt/primary/conda-envs/semantic_uncertainty_export/lib/python3.11/site-packages/scipy/interpolate/_ppoly.cpython-311-x86_64-linux-gnu.so
7f2edc6aa000-7f2edc6ab000 r--p 0004f000 00:204 126756728871              /mnt/primary/conda-envs/semantic_uncertainty_export/lib/python3.11/site-packages/scipy/interpolate/_ppoly.cpython-311-x86_64-linux-gnu.so
7f2edc6ab000-7f2edc6b1000 rw-p 00050000 00:204 126756728871              /mnt/primary/conda-envs/semantic_uncertainty_export/lib/python3.11/site-packages/scipy/interpolate/_ppoly.cpython-311-x86_64-linux-gnu.so
7f2edc6b1000-7f2edc7b2000 rw-p 00000000 00:00 0 
7f2edc7b2000-7f2edc7c9000 r--p 00000000 00:204 49458313760               /mnt/primary/conda-envs/semantic_uncertainty_export/lib/python3.11/site-packages/scipy/special/cython_special.cpython-311-x86_64-linux-gnu.so
7f2edc7c9000-7f2edc9ab000 r-xp 00017000 00:204 49458313760               /mnt/primary/conda-envs/semantic_uncertainty_export/lib/python3.11/site-packages/scipy/special/cython_special.cpython-311-x86_64-linux-gnu.so
7f2edc9ab000-7f2edc9e8000 r--p 001f9000 00:204 49458313760               /mnt/primary/conda-envs/semantic_uncertainty_export/lib/python3.11/site-packages/scipy/special/cython_special.cpython-311-x86_64-linux-gnu.so
7f2edc9e8000-7f2edc9e9000 r--p 00235000 00:204 49458313760               /mnt/primary/conda-envs/semantic_uncertainty_export/lib/python3.11/site-packages/scipy/special/cython_special.cpython-311-x86_64-linux-gnu.so
7f2edc9e9000-7f2edc9fb000 rw-p 00236000 00:204 49458313760               /mnt/primary/conda-envs/semantic_uncertainty_export/lib/python3.11/site-packages/scipy/special/cython_special.cpython-311-x86_64-linux-gnu.so
7f2edc9fb000-7f2edc9fc000 rw-p 00000000 00:00 0 
7f2edc9fc000-7f2edca00000 rw-p 002b3000 00:204 49458313760               /mnt/primary/conda-envs/semantic_uncertainty_export/lib/python3.11/site-packages/scipy/special/cython_special.cpython-311-x86_64-linux-gnu.so
7f2edca00000-7f2edea00000 rw-p 00000000 00:00 0 
7f2edea00000-7f2edea04000 r--p 00000000 00:204 73089433136               /mnt/primary/conda-envs/semantic_uncertainty_export/lib/python3.11/site-packages/scipy/stats/_stats_pythran.cpython-311-x86_64-linux-gnu.so
7f2edea04000-7f2edea19000 r-xp 00004000 00:204 73089433136               /mnt/primary/conda-envs/semantic_uncertainty_export/lib/python3.11/site-packages/scipy/stats/_stats_pythran.cpython-311-x86_64-linux-gnu.so
7f2edea19000-7f2edea1e000 r--p 00019000 00:204 73089433136               /mnt/primary/conda-envs/semantic_uncertainty_export/lib/python3.11/site-packages/scipy/stats/_stats_pythran.cpython-311-x86_64-linux-gnu.so
7f2edea1e000-7f2edea1f000 r--p 0001d000 00:204 73089433136               /mnt/primary/conda-envs/semantic_uncertainty_export/lib/python3.11/site-packages/scipy/stats/_stats_pythran.cpython-311-x86_64-linux-gnu.so
7f2edea1f000-7f2edea20000 rw-p 0001e000 00:204 73089433136               /mnt/primary/conda-envs/semantic_uncertainty_export/lib/python3.11/site-packages/scipy/stats/_stats_pythran.cpython-311-x86_64-linux-gnu.so
7f2edea20000-7f2edea27000 r--p 00000000 00:204 126756728892              /mnt/primary/conda-envs/semantic_uncertainty_export/lib/python3.11/site-packages/scipy/interpolate/_bspl.cpython-311-x86_64-linux-gnu.so
7f2edea27000-7f2edea5b000 r-xp 00007000 00:204 126756728892              /mnt/primary/conda-envs/semantic_uncertainty_export/lib/python3.11/site-packages/scipy/interpolate/_bspl.cpython-311-x86_64-linux-gnu.so
7f2edea5b000-7f2edea64000 r--p 0003b000 00:204 126756728892              /mnt/primary/conda-envs/semantic_uncertainty_export/lib/python3.11/site-packages/scipy/interpolate/_bspl.cpython-311-x86_64-linux-gnu.so
7f2edea64000-7f2edea65000 r--p 00043000 00:204 126756728892              /mnt/primary/conda-envs/semantic_uncertainty_export/lib/python3.11/site-packages/scipy/interpolate/_bspl.cpython-311-x86_64-linux-gnu.so
7f2edea65000-7f2edea6b000 rw-p 00044000 00:204 126756728892              /mnt/primary/conda-envs/semantic_uncertainty_export/lib/python3.11/site-packages/scipy/interpolate/_bspl.cpython-311-x86_64-linux-gnu.so
7f2edea6b000-7f2edea6c000 rw-p 00000000 00:00 0 
7f2edea6c000-7f2edea70000 r--p 00000000 00:204 126756728880              /mnt/primary/conda-envs/semantic_uncertainty_export/lib/python3.11/site-packages/scipy/interpolate/dfitpack.cpython-311-x86_64-linux-gnu.so
7f2edea70000-7f2edeaac000 r-xp 00004000 00:204 126756728880              /mnt/primary/conda-envs/semantic_uncertainty_export/lib/python3.11/site-packages/scipy/interpolate/dfitpack.cpython-311-x86_64-linux-gnu.so
7f2edeaac000-7f2edeab7000 r--p 00040000 00:204 126756728880              /mnt/primary/conda-envs/semantic_uncertainty_export/lib/python3.11/site-packages/scipy/interpolate/dfitpack.cpython-311-x86_64-linux-gnu.so
7f2edeab7000-7f2edeab8000 ---p 0004b000 00:204 126756728880              /mnt/primary/conda-envs/semantic_uncertainty_export/lib/python3.11/site-packages/scipy/interpolate/dfitpack.cpython-311-x86_64-linux-gnu.so
7f2edeab8000-7f2edeab9000 r--p 0004b000 00:204 126756728880              /mnt/primary/conda-envs/semantic_uncertainty_export/lib/python3.11/site-packages/scipy/interpolate/dfitpack.cpython-311-x86_64-linux-gnu.so
7f2edeab9000-7f2edeac1000 rw-p 0004c000 00:204 126756728880              /mnt/primary/conda-envs/semantic_uncertainty_export/lib/python3.11/site-packages/scipy/interpolate/dfitpack.cpython-311-x86_64-linux-gnu.so
7f2edeac1000-7f2edeac3000 rw-p 00057000 00:204 126756728880              /mnt/primary/conda-envs/semantic_uncertainty_export/lib/python3.11/site-packages/scipy/interpolate/dfitpack.cpython-311-x86_64-linux-gnu.so
7f2edeac3000-7f2edeac4000 r--p 00000000 00:204 126756728894              /mnt/primary/conda-envs/semantic_uncertainty_export/lib/python3.11/site-packages/scipy/interpolate/_fitpack.cpython-311-x86_64-linux-gnu.so
7f2edeac4000-7f2edead5000 r-xp 00001000 00:204 126756728894              /mnt/primary/conda-envs/semantic_uncertainty_export/lib/python3.11/site-packages/scipy/interpolate/_fitpack.cpython-311-x86_64-linux-gnu.so
7f2edead5000-7f2edead7000 r--p 00012000 00:204 126756728894              /mnt/primary/conda-envs/semantic_uncertainty_export/lib/python3.11/site-packages/scipy/interpolate/_fitpack.cpython-311-x86_64-linux-gnu.so
7f2edead7000-7f2edead8000 r--p 00013000 00:204 126756728894              /mnt/primary/conda-envs/semantic_uncertainty_export/lib/python3.11/site-packages/scipy/interpolate/_fitpack.cpython-311-x86_64-linux-gnu.so
7f2edead8000-7f2edead9000 rw-p 00014000 00:204 126756728894              /mnt/primary/conda-envs/semantic_uncertainty_export/lib/python3.11/site-packages/scipy/interpolate/_fitpack.cpython-311-x86_64-linux-gnu.so
7f2edead9000-7f2edeadb000 rw-p 00016000 00:204 126756728894              /mnt/primary/conda-envs/semantic_uncertainty_export/lib/python3.11/site-packages/scipy/interpolate/_fitpack.cpython-311-x86_64-linux-gnu.so
7f2edeadb000-7f2edeade000 r--p 00000000 00:204 81808996386               /mnt/primary/conda-envs/semantic_uncertainty_export/lib/python3.11/site-packages/scipy/stats/_boost/invgauss_ufunc.cpython-311-x86_64-linux-gnu.so
7f2edeade000-7f2edeaf7000 r-xp 00003000 00:204 81808996386               /mnt/primary/conda-envs/semantic_uncertainty_export/lib/python3.11/site-packages/scipy/stats/_boost/invgauss_ufunc.cpython-311-x86_64-linux-gnu.so
7f2edeaf7000-7f2edeafc000 r--p 0001c000 00:204 81808996386               /mnt/primary/conda-envs/semantic_uncertainty_export/lib/python3.11/site-packages/scipy/stats/_boost/invgauss_ufunc.cpython-311-x86_64-linux-gnu.so
7f2edeafc000-7f2edeafd000 r--p 00020000 00:204 81808996386               /mnt/primary/conda-envs/semantic_uncertainty_export/lib/python3.11/site-packages/scipy/stats/_boost/invgauss_ufunc.cpython-311-x86_64-linux-gnu.so
7f2edeafd000-7f2edeafe000 rw-p 00021000 00:204 81808996386               /mnt/primary/conda-envs/semantic_uncertainty_export/lib/python3.11/site-packages/scipy/stats/_boost/invgauss_ufunc.cpython-311-x86_64-linux-gnu.so
7f2edeafe000-7f2edeb01000 r--p 00000000 00:204 81808996380               /mnt/primary/conda-envs/semantic_uncertainty_export/lib/python3.11/site-packages/scipy/stats/_boost/skewnorm_ufunc.cpython-311-x86_64-linux-gnu.so
7f2edeb01000-7f2edeb0f000 r-xp 00003000 00:204 81808996380               /mnt/primary/conda-envs/semantic_uncertainty_export/lib/python3.11/site-packages/scipy/stats/_boost/skewnorm_ufunc.cpython-311-x86_64-linux-gnu.so
7f2edeb0f000-7f2edeb12000 r--p 00011000 00:204 81808996380               /mnt/primary/conda-envs/semantic_uncertainty_export/lib/python3.11/site-packages/scipy/stats/_boost/skewnorm_ufunc.cpython-311-x86_64-linux-gnu.so
7f2edeb12000-7f2edeb13000 r--p 00013000 00:204 81808996380               /mnt/primary/conda-envs/semantic_uncertainty_export/lib/python3.11/site-packages/scipy/stats/_boost/skewnorm_ufunc.cpython-311-x86_64-linux-gnu.so
7f2edeb13000-7f2edeb14000 rw-p 00014000 00:204 81808996380               /mnt/primary/conda-envs/semantic_uncertainty_export/lib/python3.11/site-packages/scipy/stats/_boost/skewnorm_ufunc.cpython-311-x86_64-linux-gnu.so
7f2edeb14000-7f2edeb17000 r--p 00000000 00:204 81808996383               /mnt/primary/conda-envs/semantic_uncertainty_export/lib/python3.11/site-packages/scipy/stats/_boost/nct_ufunc.cpython-311-x86_64-linux-gnu.so
7f2edeb17000-7f2edeb3c000 r-xp 00003000 00:204 81808996383               /mnt/primary/conda-envs/semantic_uncertainty_export/lib/python3.11/site-packages/scipy/stats/_boost/nct_ufunc.cpython-311-x86_64-linux-gnu.so
7f2edeb3c000-7f2edeb41000 r--p 00028000 00:204 81808996383               /mnt/primary/conda-envs/semantic_uncertainty_export/lib/python3.11/site-packages/scipy/stats/_boost/nct_ufunc.cpython-311-x86_64-linux-gnu.so
7f2edeb41000-7f2edeb42000 r--p 0002c000 00:204 81808996383               /mnt/primary/conda-envs/semantic_uncertainty_export/lib/python3.11/site-packages/scipy/stats/_boost/nct_ufunc.cpython-311-x86_64-linux-gnu.so
7f2edeb42000-7f2edeb43000 rw-p 0002d000 00:204 81808996383               /mnt/primary/conda-envs/semantic_uncertainty_export/lib/python3.11/site-packages/scipy/stats/_boost/nct_ufunc.cpython-311-x86_64-linux-gnu.so
7f2edeb43000-7f2edeb46000 r--p 00000000 00:204 81808996382               /mnt/primary/conda-envs/semantic_uncertainty_export/lib/python3.11/site-packages/scipy/stats/_boost/ncx2_ufunc.cpython-311-x86_64-linux-gnu.so
7f2edeb46000-7f2edeb60000 r-xp 00003000 00:204 81808996382               /mnt/primary/conda-envs/semantic_uncertainty_export/lib/python3.11/site-packages/scipy/stats/_boost/ncx2_ufunc.cpython-311-x86_64-linux-gnu.so
7f2edeb60000-7f2edeb65000 r--p 0001d000 00:204 81808996382               /mnt/primary/conda-envs/semantic_uncertainty_export/lib/python3.11/site-packages/scipy/stats/_boost/ncx2_ufunc.cpython-311-x86_64-linux-gnu.so
7f2edeb65000-7f2edeb66000 r--p 00021000 00:204 81808996382               /mnt/primary/conda-envs/semantic_uncertainty_export/lib/python3.11/site-packages/scipy/stats/_boost/ncx2_ufunc.cpython-311-x86_64-linux-gnu.so
7f2edeb66000-7f2edeb67000 rw-p 00022000 00:204 81808996382               /mnt/primary/conda-envs/semantic_uncertainty_export/lib/python3.11/site-packages/scipy/stats/_boost/ncx2_ufunc.cpython-311-x86_64-linux-gnu.so
7f2edeb67000-7f2edeb6a000 r--p 00000000 00:204 81808996377               /mnt/primary/conda-envs/semantic_uncertainty_export/lib/python3.11/site-packages/scipy/stats/_boost/ncf_ufunc.cpython-311-x86_64-linux-gnu.so
7f2edeb6a000-7f2edeb84000 r-xp 00003000 00:204 81808996377               /mnt/primary/conda-envs/semantic_uncertainty_export/lib/python3.11/site-packages/scipy/stats/_boost/ncf_ufunc.cpython-311-x86_64-linux-gnu.so
7f2edeb84000-7f2edeb88000 r--p 0001d000 00:204 81808996377               /mnt/primary/conda-envs/semantic_uncertainty_export/lib/python3.11/site-packages/scipy/stats/_boost/ncf_ufunc.cpython-311-x86_64-linux-gnu.so
7f2edeb88000-7f2edeb89000 ---p 00021000 00:204 81808996377               /mnt/primary/conda-envs/semantic_uncertainty_export/lib/python3.11/site-packages/scipy/stats/_boost/ncf_ufunc.cpython-311-x86_64-linux-gnu.so
7f2edeb89000-7f2edeb8a000 r--p 00021000 00:204 81808996377               /mnt/primary/conda-envs/semantic_uncertainty_export/lib/python3.11/site-packages/scipy/stats/_boost/ncf_ufunc.cpython-311-x86_64-linux-gnu.so
7f2edeb8a000-7f2edeb8b000 rw-p 00022000 00:204 81808996377               /mnt/primary/conda-envs/semantic_uncertainty_export/lib/python3.11/site-packages/scipy/stats/_boost/ncf_ufunc.cpython-311-x86_64-linux-gnu.so
7f2edeb8b000-7f2edeb8e000 r--p 00000000 00:204 81808996379               /mnt/primary/conda-envs/semantic_uncertainty_export/lib/python3.11/site-packages/scipy/stats/_boost/nbinom_ufunc.cpython-311-x86_64-linux-gnu.so
7f2edeb8e000-7f2edeba8000 r-xp 00003000 00:204 81808996379               /mnt/primary/conda-envs/semantic_uncertainty_export/lib/python3.11/site-packages/scipy/stats/_boost/nbinom_ufunc.cpython-311-x86_64-linux-gnu.so
7f2edeba8000-7f2edebad000 r--p 0001d000 00:204 81808996379               /mnt/primary/conda-envs/semantic_uncertainty_export/lib/python3.11/site-packages/scipy/stats/_boost/nbinom_ufunc.cpython-311-x86_64-linux-gnu.so
7f2edebad000-7f2edebae000 r--p 00021000 00:204 81808996379               /mnt/primary/conda-envs/semantic_uncertainty_export/lib/python3.11/site-packages/scipy/stats/_boost/nbinom_ufunc.cpython-311-x86_64-linux-gnu.so
7f2edebae000-7f2edebaf000 rw-p 00022000 00:204 81808996379               /mnt/primary/conda-envs/semantic_uncertainty_export/lib/python3.11/site-packages/scipy/stats/_boost/nbinom_ufunc.cpython-311-x86_64-linux-gnu.so
7f2edebaf000-7f2edebb2000 r--p 00000000 00:204 81808996378               /mnt/primary/conda-envs/semantic_uncertainty_export/lib/python3.11/site-packages/scipy/stats/_boost/binom_ufunc.cpython-311-x86_64-linux-gnu.so
7f2edebb2000-7f2edebcd000 r-xp 00003000 00:204 81808996378               /mnt/primary/conda-envs/semantic_uncertainty_export/lib/python3.11/site-packages/scipy/stats/_boost/binom_ufunc.cpython-311-x86_64-linux-gnu.so
7f2edebcd000-7f2edebd2000 r--p 0001e000 00:204 81808996378               /mnt/primary/conda-envs/semantic_uncertainty_export/lib/python3.11/site-packages/scipy/stats/_boost/binom_ufunc.cpython-311-x86_64-linux-gnu.so
7f2edebd2000-7f2edebd3000 r--p 00022000 00:204 81808996378               /mnt/primary/conda-envs/semantic_uncertainty_export/lib/python3.11/site-packages/scipy/stats/_boost/binom_ufunc.cpython-311-x86_64-linux-gnu.so
7f2edebd3000-7f2edebd4000 rw-p 00023000 00:204 81808996378               /mnt/primary/conda-envs/semantic_uncertainty_export/lib/python3.11/site-packages/scipy/stats/_boost/binom_ufunc.cpython-311-x86_64-linux-gnu.so
7f2edebd4000-7f2edebd8000 r--p 00000000 00:204 81808996384               /mnt/primary/conda-envs/semantic_uncertainty_export/lib/python3.11/site-packages/scipy/stats/_boost/beta_ufunc.cpython-311-x86_64-linux-gnu.so
7f2edebd8000-7f2edebf8000 r-xp 00004000 00:204 81808996384               /mnt/primary/conda-envs/semantic_uncertainty_export/lib/python3.11/site-packages/scipy/stats/_boost/beta_ufunc.cpython-311-x86_64-linux-gnu.so
7f2edebf8000-7f2edebfe000 r--p 00024000 00:204 81808996384               /mnt/primary/conda-envs/semantic_uncertainty_export/lib/python3.11/site-packages/scipy/stats/_boost/beta_ufunc.cpython-311-x86_64-linux-gnu.so
7f2edebfe000-7f2edebff000 r--p 00029000 00:204 81808996384               /mnt/primary/conda-envs/semantic_uncertainty_export/lib/python3.11/site-packages/scipy/stats/_boost/beta_ufunc.cpython-311-x86_64-linux-gnu.so
7f2edebff000-7f2edec00000 rw-p 0002a000 00:204 81808996384               /mnt/primary/conda-envs/semantic_uncertainty_export/lib/python3.11/site-packages/scipy/stats/_boost/beta_ufunc.cpython-311-x86_64-linux-gnu.so
7f2edec00000-7f2edec01000 ---p 00000000 00:00 0 
7f2edec01000-7f2edf401000 rw-p 00000000 00:00 0 
7f2edf406000-7f2edf410000 r--p 00000000 00:204 73089433127               /mnt/primary/conda-envs/semantic_uncertainty_export/lib/python3.11/site-packages/scipy/stats/_stats.cpython-311-x86_64-linux-gnu.so
7f2edf410000-7f2edf48e000 r-xp 0000a000 00:204 73089433127               /mnt/primary/conda-envs/semantic_uncertainty_export/lib/python3.11/site-packages/scipy/stats/_stats.cpython-311-x86_64-linux-gnu.so
7f2edf48e000-7f2edf49b000 r--p 00088000 00:204 73089433127               /mnt/primary/conda-envs/semantic_uncertainty_export/lib/python3.11/site-packages/scipy/stats/_stats.cpython-311-x86_64-linux-gnu.so
7f2edf49b000-7f2edf49c000 r--p 00094000 00:204 73089433127               /mnt/primary/conda-envs/semantic_uncertainty_export/lib/python3.11/site-packages/scipy/stats/_stats.cpython-311-x86_64-linux-gnu.so
7f2edf49c000-7f2edf4a3000 rw-p 00095000 00:204 73089433127               /mnt/primary/conda-envs/semantic_uncertainty_export/lib/python3.11/site-packages/scipy/stats/_stats.cpython-311-x86_64-linux-gnu.so
7f2edf4a3000-7f2edf5a4000 rw-p 00000000 00:00 0 
7f2edf5a4000-7f2edf5a7000 r--p 00000000 00:204 64698545180               /mnt/primary/conda-envs/semantic_uncertainty_export/lib/python3.11/site-packages/scipy/integrate/_lsoda.cpython-311-x86_64-linux-gnu.so
7f2edf5a7000-7f2edf5b4000 r-xp 00003000 00:204 64698545180               /mnt/primary/conda-envs/semantic_uncertainty_export/lib/python3.11/site-packages/scipy/integrate/_lsoda.cpython-311-x86_64-linux-gnu.so
7f2edf5b4000-7f2edf5b8000 r--p 00010000 00:204 64698545180               /mnt/primary/conda-envs/semantic_uncertainty_export/lib/python3.11/site-packages/scipy/integrate/_lsoda.cpython-311-x86_64-linux-gnu.so
7f2edf5b8000-7f2edf5b9000 r--p 00013000 00:204 64698545180               /mnt/primary/conda-envs/semantic_uncertainty_export/lib/python3.11/site-packages/scipy/integrate/_lsoda.cpython-311-x86_64-linux-gnu.so
7f2edf5b9000-7f2edf5bb000 rw-p 00014000 00:204 64698545180               /mnt/primary/conda-envs/semantic_uncertainty_export/lib/python3.11/site-packages/scipy/integrate/_lsoda.cpython-311-x86_64-linux-gnu.so
7f2edf5bb000-7f2edf5be000 rw-p 00018000 00:204 64698545180               /mnt/primary/conda-envs/semantic_uncertainty_export/lib/python3.11/site-packages/scipy/integrate/_lsoda.cpython-311-x86_64-linux-gnu.so
7f2edf5be000-7f2edf5c1000 r--p 00000000 00:204 64698545185               /mnt/primary/conda-envs/semantic_uncertainty_export/lib/python3.11/site-packages/scipy/integrate/_dop.cpython-311-x86_64-linux-gnu.so
7f2edf5c1000-7f2edf5cf000 r-xp 00003000 00:204 64698545185               /mnt/primary/conda-envs/semantic_uncertainty_export/lib/python3.11/site-packages/scipy/integrate/_dop.cpython-311-x86_64-linux-gnu.so
7f2edf5cf000-7f2edf5d3000 r--p 00011000 00:204 64698545185               /mnt/primary/conda-envs/semantic_uncertainty_export/lib/python3.11/site-packages/scipy/integrate/_dop.cpython-311-x86_64-linux-gnu.so
7f2edf5d3000-7f2edf5d4000 r--p 00014000 00:204 64698545185               /mnt/primary/conda-envs/semantic_uncertainty_export/lib/python3.11/site-packages/scipy/integrate/_dop.cpython-311-x86_64-linux-gnu.so
7f2edf5d4000-7f2edf5d6000 rw-p 00015000 00:204 64698545185               /mnt/primary/conda-envs/semantic_uncertainty_export/lib/python3.11/site-packages/scipy/integrate/_dop.cpython-311-x86_64-linux-gnu.so
7f2edf5d6000-7f2edf5d9000 rw-p 00019000 00:204 64698545185               /mnt/primary/conda-envs/semantic_uncertainty_export/lib/python3.11/site-packages/scipy/integrate/_dop.cpython-311-x86_64-linux-gnu.so
7f2edf5d9000-7f2edf5dc000 r--p 00000000 00:204 64698545173               /mnt/primary/conda-envs/semantic_uncertainty_export/lib/python3.11/site-packages/scipy/integrate/_vode.cpython-311-x86_64-linux-gnu.so
7f2edf5dc000-7f2edf5f4000 r-xp 00003000 00:204 64698545173               /mnt/primary/conda-envs/semantic_uncertainty_export/lib/python3.11/site-packages/scipy/integrate/_vode.cpython-311-x86_64-linux-gnu.so
7f2edf5f4000-7f2edf5fa000 r--p 0001b000 00:204 64698545173               /mnt/primary/conda-envs/semantic_uncertainty_export/lib/python3.11/site-packages/scipy/integrate/_vode.cpython-311-x86_64-linux-gnu.so
7f2edf5fa000-7f2edf5fb000 r--p 00020000 00:204 64698545173               /mnt/primary/conda-envs/semantic_uncertainty_export/lib/python3.11/site-packages/scipy/integrate/_vode.cpython-311-x86_64-linux-gnu.so
7f2edf5fb000-7f2edf5fd000 rw-p 00021000 00:204 64698545173               /mnt/primary/conda-envs/semantic_uncertainty_export/lib/python3.11/site-packages/scipy/integrate/_vode.cpython-311-x86_64-linux-gnu.so
7f2edf5fd000-7f2edf600000 rw-p 00026000 00:204 64698545173               /mnt/primary/conda-envs/semantic_uncertainty_export/lib/python3.11/site-packages/scipy/integrate/_vode.cpython-311-x86_64-linux-gnu.so
7f2edf600000-7f2edf601000 ---p 00000000 00:00 0 
7f2edf601000-7f2edfe01000 rw-p 00000000 00:00 0 
7f2edfe02000-7f2edfe05000 r--p 00000000 00:204 81808996381               /mnt/primary/conda-envs/semantic_uncertainty_export/lib/python3.11/site-packages/scipy/stats/_boost/hypergeom_ufunc.cpython-311-x86_64-linux-gnu.so
7f2edfe05000-7f2edfe0f000 r-xp 00003000 00:204 81808996381               /mnt/primary/conda-envs/semantic_uncertainty_export/lib/python3.11/site-packages/scipy/stats/_boost/hypergeom_ufunc.cpython-311-x86_64-linux-gnu.so
7f2edfe0f000-7f2edfe17000 r--p 0000d000 00:204 81808996381               /mnt/primary/conda-envs/semantic_uncertainty_export/lib/python3.11/site-packages/scipy/stats/_boost/hypergeom_ufunc.cpython-311-x86_64-linux-gnu.so
7f2edfe17000-7f2edfe18000 r--p 00014000 00:204 81808996381               /mnt/primary/conda-envs/semantic_uncertainty_export/lib/python3.11/site-packages/scipy/stats/_boost/hypergeom_ufunc.cpython-311-x86_64-linux-gnu.so
7f2edfe18000-7f2edfe19000 rw-p 00015000 00:204 81808996381               /mnt/primary/conda-envs/semantic_uncertainty_export/lib/python3.11/site-packages/scipy/stats/_boost/hypergeom_ufunc.cpython-311-x86_64-linux-gnu.so
7f2edfe19000-7f2edfe1b000 r--p 00000000 00:204 64698545177               /mnt/primary/conda-envs/semantic_uncertainty_export/lib/python3.11/site-packages/scipy/integrate/_quadpack.cpython-311-x86_64-linux-gnu.so
7f2edfe1b000-7f2edfe2e000 r-xp 00002000 00:204 64698545177               /mnt/primary/conda-envs/semantic_uncertainty_export/lib/python3.11/site-packages/scipy/integrate/_quadpack.cpython-311-x86_64-linux-gnu.so
7f2edfe2e000-7f2edfe31000 r--p 00015000 00:204 64698545177               /mnt/primary/conda-envs/semantic_uncertainty_export/lib/python3.11/site-packages/scipy/integrate/_quadpack.cpython-311-x86_64-linux-gnu.so
7f2edfe31000-7f2edfe32000 r--p 00017000 00:204 64698545177               /mnt/primary/conda-envs/semantic_uncertainty_export/lib/python3.11/site-packages/scipy/integrate/_quadpack.cpython-311-x86_64-linux-gnu.so
7f2edfe32000-7f2edfe33000 rw-p 00018000 00:204 64698545177               /mnt/primary/conda-envs/semantic_uncertainty_export/lib/python3.11/site-packages/scipy/integrate/_quadpack.cpython-311-x86_64-linux-gnu.so
7f2edfe33000-7f2edfe35000 rw-p 0001b000 00:204 64698545177               /mnt/primary/conda-envs/semantic_uncertainty_export/lib/python3.11/site-packages/scipy/integrate/_quadpack.cpython-311-x86_64-linux-gnu.so
7f2edfe35000-7f2edfe37000 r--p 00000000 00:204 64698545178               /mnt/primary/conda-envs/semantic_uncertainty_export/lib/python3.11/site-packages/scipy/integrate/_odepack.cpython-311-x86_64-linux-gnu.so
7f2edfe37000-7f2edfe42000 r-xp 00002000 00:204 64698545178               /mnt/primary/conda-envs/semantic_uncertainty_export/lib/python3.11/site-packages/scipy/integrate/_odepack.cpython-311-x86_64-linux-gnu.so
7f2edfe42000-7f2edfe45000 r--p 0000d000 00:204 64698545178               /mnt/primary/conda-envs/semantic_uncertainty_export/lib/python3.11/site-packages/scipy/integrate/_odepack.cpython-311-x86_64-linux-gnu.so
7f2edfe45000-7f2edfe46000 r--p 0000f000 00:204 64698545178               /mnt/primary/conda-envs/semantic_uncertainty_export/lib/python3.11/site-packages/scipy/integrate/_odepack.cpython-311-x86_64-linux-gnu.so
7f2edfe46000-7f2edfe47000 rw-p 00010000 00:204 64698545178               /mnt/primary/conda-envs/semantic_uncertainty_export/lib/python3.11/site-packages/scipy/integrate/_odepack.cpython-311-x86_64-linux-gnu.so
7f2edfe47000-7f2edfe49000 rw-p 00013000 00:204 64698545178               /mnt/primary/conda-envs/semantic_uncertainty_export/lib/python3.11/site-packages/scipy/integrate/_odepack.cpython-311-x86_64-linux-gnu.so
7f2edfe49000-7f2edff49000 rw-p 00000000 00:00 0 
7f2edff49000-7f2edff50000 r--p 00000000 00:204 98787428881               /mnt/primary/conda-envs/semantic_uncertainty_export/lib/python3.11/site-packages/scipy/optimize/_bglu_dense.cpython-311-x86_64-linux-gnu.so
7f2edff50000-7f2edff82000 r-xp 00007000 00:204 98787428881               /mnt/primary/conda-envs/semantic_uncertainty_export/lib/python3.11/site-packages/scipy/optimize/_bglu_dense.cpython-311-x86_64-linux-gnu.so
7f2edff82000-7f2edff8b000 r--p 00039000 00:204 98787428881               /mnt/primary/conda-envs/semantic_uncertainty_export/lib/python3.11/site-packages/scipy/optimize/_bglu_dense.cpython-311-x86_64-linux-gnu.so
7f2edff8b000-7f2edff8c000 r--p 00041000 00:204 98787428881               /mnt/primary/conda-envs/semantic_uncertainty_export/lib/python3.11/site-packages/scipy/optimize/_bglu_dense.cpython-311-x86_64-linux-gnu.so
7f2edff8c000-7f2edff91000 rw-p 00042000 00:204 98787428881               /mnt/primary/conda-envs/semantic_uncertainty_export/lib/python3.11/site-packages/scipy/optimize/_bglu_dense.cpython-311-x86_64-linux-gnu.so
7f2edff91000-7f2edff97000 r--p 00000000 00:204 19514561043               /mnt/primary/conda-envs/semantic_uncertainty_export/lib/python3.11/site-packages/scipy/linalg/_interpolative.cpython-311-x86_64-linux-gnu.so
7f2edff97000-7f2edffda000 r-xp 00006000 00:204 19514561043               /mnt/primary/conda-envs/semantic_uncertainty_export/lib/python3.11/site-packages/scipy/linalg/_interpolative.cpython-311-x86_64-linux-gnu.so
7f2edffda000-7f2edffec000 r--p 00049000 00:204 19514561043               /mnt/primary/conda-envs/semantic_uncertainty_export/lib/python3.11/site-packages/scipy/linalg/_interpolative.cpython-311-x86_64-linux-gnu.so
7f2edffec000-7f2edffed000 r--p 0005a000 00:204 19514561043               /mnt/primary/conda-envs/semantic_uncertainty_export/lib/python3.11/site-packages/scipy/linalg/_interpolative.cpython-311-x86_64-linux-gnu.so
7f2edffed000-7f2edfffd000 rw-p 0005b000 00:204 19514561043               /mnt/primary/conda-envs/semantic_uncertainty_export/lib/python3.11/site-packages/scipy/linalg/_interpolative.cpython-311-x86_64-linux-gnu.so
7f2edfffd000-7f2ee0000000 rw-p 00072000 00:204 19514561043               /mnt/primary/conda-envs/semantic_uncertainty_export/lib/python3.11/site-packages/scipy/linalg/_interpolative.cpython-311-x86_64-linux-gnu.so
7f2ee0000000-7f2ee0029000 rw-p 00000000 00:00 0 
7f2ee0029000-7f2ee4000000 ---p 00000000 00:00 0 
7f2ee4000000-7f2ee4003000 r--p 00000000 00:204 81779481644               /mnt/primary/conda-envs/semantic_uncertainty_export/lib/python3.11/site-packages/torch/lib/libshm.so
7f2ee4003000-7f2ee4006000 r-xp 00003000 00:204 81779481644               /mnt/primary/conda-envs/semantic_uncertainty_export/lib/python3.11/site-packages/torch/lib/libshm.so
7f2ee4006000-7f2ee4007000 r--p 00006000 00:204 81779481644               /mnt/primary/conda-envs/semantic_uncertainty_export/lib/python3.11/site-packages/torch/lib/libshm.so
7f2ee4007000-7f2ee4008000 ---p 00007000 00:204 81779481644               /mnt/primary/conda-envs/semantic_uncertainty_export/lib/python3.11/site-packages/torch/lib/libshm.so
7f2ee4008000-7f2ee4009000 r--p 00007000 00:204 81779481644               /mnt/primary/conda-envs/semantic_uncertainty_export/lib/python3.11/site-packages/torch/lib/libshm.so
7f2ee4009000-7f2ee400a000 rw-p 00008000 00:204 81779481644               /mnt/primary/conda-envs/semantic_uncertainty_export/lib/python3.11/site-packages/torch/lib/libshm.so
7f2ee400a000-7f2ee400b000 r--p 00000000 00:204 70898546230               /mnt/primary/conda-envs/semantic_uncertainty_export/lib/libsharpyuv.so.0.0.1
7f2ee400b000-7f2ee400f000 r-xp 00001000 00:204 70898546230               /mnt/primary/conda-envs/semantic_uncertainty_export/lib/libsharpyuv.so.0.0.1
7f2ee400f000-7f2ee4010000 r--p 00005000 00:204 70898546230               /mnt/primary/conda-envs/semantic_uncertainty_export/lib/libsharpyuv.so.0.0.1
7f2ee4010000-7f2ee4011000 r--p 00005000 00:204 70898546230               /mnt/primary/conda-envs/semantic_uncertainty_export/lib/libsharpyuv.so.0.0.1
7f2ee4011000-7f2ee4012000 rw-p 00006000 00:204 70898546230               /mnt/primary/conda-envs/semantic_uncertainty_export/lib/libsharpyuv.so.0.0.1
7f2ee4012000-7f2ee4013000 rw-p 00000000 00:00 0 
7f2ee4013000-7f2ee4022000 r--p 00000000 00:204 109564600854              /mnt/primary/conda-envs/semantic_uncertainty_export/lib/python3.11/site-packages/scipy/optimize/_highs/_highs_wrapper.cpython-311-x86_64-linux-gnu.so
7f2ee4022000-7f2ee4302000 r-xp 0000f000 00:204 109564600854              /mnt/primary/conda-envs/semantic_uncertainty_export/lib/python3.11/site-packages/scipy/optimize/_highs/_highs_wrapper.cpython-311-x86_64-linux-gnu.so
7f2ee4302000-7f2ee436b000 r--p 002ef000 00:204 109564600854              /mnt/primary/conda-envs/semantic_uncertainty_export/lib/python3.11/site-packages/scipy/optimize/_highs/_highs_wrapper.cpython-311-x86_64-linux-gnu.so
7f2ee436b000-7f2ee436c000 ---p 00358000 00:204 109564600854              /mnt/primary/conda-envs/semantic_uncertainty_export/lib/python3.11/site-packages/scipy/optimize/_highs/_highs_wrapper.cpython-311-x86_64-linux-gnu.so
7f2ee436c000-7f2ee436e000 r--p 00358000 00:204 109564600854              /mnt/primary/conda-envs/semantic_uncertainty_export/lib/python3.11/site-packages/scipy/optimize/_highs/_highs_wrapper.cpython-311-x86_64-linux-gnu.so
7f2ee436e000-7f2ee4375000 rw-p 0035a000 00:204 109564600854              /mnt/primary/conda-envs/semantic_uncertainty_export/lib/python3.11/site-packages/scipy/optimize/_highs/_highs_wrapper.cpython-311-x86_64-linux-gnu.so
7f2ee4375000-7f2ee4379000 rw-p 00000000 00:00 0 
7f2ee4379000-7f2ee437e000 r--p 00000000 00:204 100942359064              /mnt/primary/conda-envs/semantic_uncertainty_export/lib/python3.11/site-packages/scipy/optimize/_lsq/givens_elimination.cpython-311-x86_64-linux-gnu.so
7f2ee437e000-7f2ee439b000 r-xp 00005000 00:204 100942359064              /mnt/primary/conda-envs/semantic_uncertainty_export/lib/python3.11/site-packages/scipy/optimize/_lsq/givens_elimination.cpython-311-x86_64-linux-gnu.so
7f2ee439b000-7f2ee43a1000 r--p 00022000 00:204 100942359064              /mnt/primary/conda-envs/semantic_uncertainty_export/lib/python3.11/site-packages/scipy/optimize/_lsq/givens_elimination.cpython-311-x86_64-linux-gnu.so
7f2ee43a1000-7f2ee43a2000 r--p 00027000 00:204 100942359064              /mnt/primary/conda-envs/semantic_uncertainty_export/lib/python3.11/site-packages/scipy/optimize/_lsq/givens_elimination.cpython-311-x86_64-linux-gnu.so
7f2ee43a2000-7f2ee43a5000 rw-p 00028000 00:204 100942359064              /mnt/primary/conda-envs/semantic_uncertainty_export/lib/python3.11/site-packages/scipy/optimize/_lsq/givens_elimination.cpython-311-x86_64-linux-gnu.so
7f2ee43a5000-7f2ee43a7000 r--p 00000000 00:204 98787428893               /mnt/primary/conda-envs/semantic_uncertainty_export/lib/python3.11/site-packages/scipy/optimize/_minpack.cpython-311-x86_64-linux-gnu.so
7f2ee43a7000-7f2ee43b4000 r-xp 00002000 00:204 98787428893               /mnt/primary/conda-envs/semantic_uncertainty_export/lib/python3.11/site-packages/scipy/optimize/_minpack.cpython-311-x86_64-linux-gnu.so
7f2ee43b4000-7f2ee43b6000 r--p 0000f000 00:204 98787428893               /mnt/primary/conda-envs/semantic_uncertainty_export/lib/python3.11/site-packages/scipy/optimize/_minpack.cpython-311-x86_64-linux-gnu.so
7f2ee43b6000-7f2ee43b7000 r--p 00010000 00:204 98787428893               /mnt/primary/conda-envs/semantic_uncertainty_export/lib/python3.11/site-packages/scipy/optimize/_minpack.cpython-311-x86_64-linux-gnu.so
7f2ee43b7000-7f2ee43b8000 rw-p 00011000 00:204 98787428893               /mnt/primary/conda-envs/semantic_uncertainty_export/lib/python3.11/site-packages/scipy/optimize/_minpack.cpython-311-x86_64-linux-gnu.so
7f2ee43b8000-7f2ee43ba000 r--p 00000000 00:204 98787428883               /mnt/primary/conda-envs/semantic_uncertainty_export/lib/python3.11/site-packages/scipy/optimize/_slsqp.cpython-311-x86_64-linux-gnu.so
7f2ee43ba000-7f2ee43c6000 r-xp 00002000 00:204 98787428883               /mnt/primary/conda-envs/semantic_uncertainty_export/lib/python3.11/site-packages/scipy/optimize/_slsqp.cpython-311-x86_64-linux-gnu.so
7f2ee43c6000-7f2ee43c9000 r--p 0000e000 00:204 98787428883               /mnt/primary/conda-envs/semantic_uncertainty_export/lib/python3.11/site-packages/scipy/optimize/_slsqp.cpython-311-x86_64-linux-gnu.so
7f2ee43c9000-7f2ee43ca000 r--p 00010000 00:204 98787428883               /mnt/primary/conda-envs/semantic_uncertainty_export/lib/python3.11/site-packages/scipy/optimize/_slsqp.cpython-311-x86_64-linux-gnu.so
7f2ee43ca000-7f2ee43cb000 rw-p 00011000 00:204 98787428883               /mnt/primary/conda-envs/semantic_uncertainty_export/lib/python3.11/site-packages/scipy/optimize/_slsqp.cpython-311-x86_64-linux-gnu.so
7f2ee43cb000-7f2ee43cd000 r--p 00000000 00:204 98787977275               /mnt/primary/conda-envs/semantic_uncertainty_export/lib/python3.11/site-packages/scipy/optimize/_cobyla.cpython-311-x86_64-linux-gnu.so
7f2ee43cd000-7f2ee43da000 r-xp 00002000 00:204 98787977275               /mnt/primary/conda-envs/semantic_uncertainty_export/lib/python3.11/site-packages/scipy/optimize/_cobyla.cpython-311-x86_64-linux-gnu.so
7f2ee43da000-7f2ee43dd000 r--p 0000f000 00:204 98787977275               /mnt/primary/conda-envs/semantic_uncertainty_export/lib/python3.11/site-packages/scipy/optimize/_cobyla.cpython-311-x86_64-linux-gnu.so
7f2ee43dd000-7f2ee43de000 r--p 00011000 00:204 98787977275               /mnt/primary/conda-envs/semantic_uncertainty_export/lib/python3.11/site-packages/scipy/optimize/_cobyla.cpython-311-x86_64-linux-gnu.so
7f2ee43de000-7f2ee43df000 rw-p 00012000 00:204 98787977275               /mnt/primary/conda-envs/semantic_uncertainty_export/lib/python3.11/site-packages/scipy/optimize/_cobyla.cpython-311-x86_64-linux-gnu.so
7f2ee43df000-7f2ee43e1000 rw-p 00016000 00:204 98787977275               /mnt/primary/conda-envs/semantic_uncertainty_export/lib/python3.11/site-packages/scipy/optimize/_cobyla.cpython-311-x86_64-linux-gnu.so
7f2ee43e1000-7f2ee43e5000 r--p 00000000 00:204 98787351563               /mnt/primary/conda-envs/semantic_uncertainty_export/lib/python3.11/site-packages/scipy/optimize/_moduleTNC.cpython-311-x86_64-linux-gnu.so
7f2ee43e5000-7f2ee43fb000 r-xp 00004000 00:204 98787351563               /mnt/primary/conda-envs/semantic_uncertainty_export/lib/python3.11/site-packages/scipy/optimize/_moduleTNC.cpython-311-x86_64-linux-gnu.so
7f2ee43fb000-7f2ee43fe000 r--p 0001a000 00:204 98787351563               /mnt/primary/conda-envs/semantic_uncertainty_export/lib/python3.11/site-packages/scipy/optimize/_moduleTNC.cpython-311-x86_64-linux-gnu.so
7f2ee43fe000-7f2ee43ff000 r--p 0001c000 00:204 98787351563               /mnt/primary/conda-envs/semantic_uncertainty_export/lib/python3.11/site-packages/scipy/optimize/_moduleTNC.cpython-311-x86_64-linux-gnu.so
7f2ee43ff000-7f2ee4401000 rw-p 0001d000 00:204 98787351563               /mnt/primary/conda-envs/semantic_uncertainty_export/lib/python3.11/site-packages/scipy/optimize/_moduleTNC.cpython-311-x86_64-linux-gnu.so
7f2ee4401000-7f2ee4403000 r--p 00000000 00:204 98787428911               /mnt/primary/conda-envs/semantic_uncertainty_export/lib/python3.11/site-packages/scipy/optimize/_lbfgsb.cpython-311-x86_64-linux-gnu.so
7f2ee4403000-7f2ee4413000 r-xp 00002000 00:204 98787428911               /mnt/primary/conda-envs/semantic_uncertainty_export/lib/python3.11/site-packages/scipy/optimize/_lbfgsb.cpython-311-x86_64-linux-gnu.so
7f2ee4413000-7f2ee4417000 r--p 00012000 00:204 98787428911               /mnt/primary/conda-envs/semantic_uncertainty_export/lib/python3.11/site-packages/scipy/optimize/_lbfgsb.cpython-311-x86_64-linux-gnu.so
7f2ee4417000-7f2ee4418000 r--p 00015000 00:204 98787428911               /mnt/primary/conda-envs/semantic_uncertainty_export/lib/python3.11/site-packages/scipy/optimize/_lbfgsb.cpython-311-x86_64-linux-gnu.so
7f2ee4418000-7f2ee4419000 rw-p 00016000 00:204 98787428911               /mnt/primary/conda-envs/semantic_uncertainty_export/lib/python3.11/site-packages/scipy/optimize/_lbfgsb.cpython-311-x86_64-linux-gnu.so
7f2ee4419000-7f2ee441b000 rw-p 0001a000 00:204 98787428911               /mnt/primary/conda-envs/semantic_uncertainty_export/lib/python3.11/site-packages/scipy/optimize/_lbfgsb.cpython-311-x86_64-linux-gnu.so
7f2ee441b000-7f2ee451b000 rw-p 00000000 00:00 0 
7f2ee451b000-7f2ee4522000 r--p 00000000 00:204 116031844998              /mnt/primary/conda-envs/semantic_uncertainty_export/lib/python3.11/site-packages/scipy/optimize/_trlib/_trlib.cpython-311-x86_64-linux-gnu.so
7f2ee4522000-7f2ee455a000 r-xp 00007000 00:204 116031844998              /mnt/primary/conda-envs/semantic_uncertainty_export/lib/python3.11/site-packages/scipy/optimize/_trlib/_trlib.cpython-311-x86_64-linux-gnu.so
7f2ee455a000-7f2ee4563000 r--p 0003f000 00:204 116031844998              /mnt/primary/conda-envs/semantic_uncertainty_export/lib/python3.11/site-packages/scipy/optimize/_trlib/_trlib.cpython-311-x86_64-linux-gnu.so
7f2ee4563000-7f2ee4564000 r--p 00047000 00:204 116031844998              /mnt/primary/conda-envs/semantic_uncertainty_export/lib/python3.11/site-packages/scipy/optimize/_trlib/_trlib.cpython-311-x86_64-linux-gnu.so
7f2ee4564000-7f2ee4568000 rw-p 00048000 00:204 116031844998              /mnt/primary/conda-envs/semantic_uncertainty_export/lib/python3.11/site-packages/scipy/optimize/_trlib/_trlib.cpython-311-x86_64-linux-gnu.so
7f2ee4568000-7f2ee4569000 rw-p 00000000 00:00 0 
7f2ee4569000-7f2ee456c000 rw-p 00057000 00:204 116031844998              /mnt/primary/conda-envs/semantic_uncertainty_export/lib/python3.11/site-packages/scipy/optimize/_trlib/_trlib.cpython-311-x86_64-linux-gnu.so
7f2ee456c000-7f2ee4573000 r--p 00000000 00:204 26467592191               /mnt/primary/conda-envs/semantic_uncertainty_export/lib/python3.11/site-packages/scipy/ndimage/_ni_label.cpython-311-x86_64-linux-gnu.so
7f2ee4573000-7f2ee45ad000 r-xp 00007000 00:204 26467592191               /mnt/primary/conda-envs/semantic_uncertainty_export/lib/python3.11/site-packages/scipy/ndimage/_ni_label.cpython-311-x86_64-linux-gnu.so
7f2ee45ad000-7f2ee45b6000 r--p 00041000 00:204 26467592191               /mnt/primary/conda-envs/semantic_uncertainty_export/lib/python3.11/site-packages/scipy/ndimage/_ni_label.cpython-311-x86_64-linux-gnu.so
7f2ee45b6000-7f2ee45b7000 r--p 00049000 00:204 26467592191               /mnt/primary/conda-envs/semantic_uncertainty_export/lib/python3.11/site-packages/scipy/ndimage/_ni_label.cpython-311-x86_64-linux-gnu.so
7f2ee45b7000-7f2ee45bb000 rw-p 0004a000 00:204 26467592191               /mnt/primary/conda-envs/semantic_uncertainty_export/lib/python3.11/site-packages/scipy/ndimage/_ni_label.cpython-311-x86_64-linux-gnu.so
7f2ee45bb000-7f2ee46bc000 rw-p 00000000 00:00 0 
7f2ee46bc000-7f2ee46c6000 r--p 00000000 00:204 45447825451               /mnt/primary/conda-envs/semantic_uncertainty_export/lib/python3.11/site-packages/scipy/spatial/transform/_rotation.cpython-311-x86_64-linux-gnu.so
7f2ee46c6000-7f2ee4733000 r-xp 0000a000 00:204 45447825451               /mnt/primary/conda-envs/semantic_uncertainty_export/lib/python3.11/site-packages/scipy/spatial/transform/_rotation.cpython-311-x86_64-linux-gnu.so
7f2ee4733000-7f2ee474c000 r--p 00077000 00:204 45447825451               /mnt/primary/conda-envs/semantic_uncertainty_export/lib/python3.11/site-packages/scipy/spatial/transform/_rotation.cpython-311-x86_64-linux-gnu.so
7f2ee474c000-7f2ee474d000 r--p 0008f000 00:204 45447825451               /mnt/primary/conda-envs/semantic_uncertainty_export/lib/python3.11/site-packages/scipy/spatial/transform/_rotation.cpython-311-x86_64-linux-gnu.so
7f2ee474d000-7f2ee475f000 rw-p 00090000 00:204 45447825451               /mnt/primary/conda-envs/semantic_uncertainty_export/lib/python3.11/site-packages/scipy/spatial/transform/_rotation.cpython-311-x86_64-linux-gnu.so
7f2ee475f000-7f2ee4761000 rw-p 00000000 00:00 0 
7f2ee4761000-7f2ee476d000 r--p 00000000 00:204 49458313787               /mnt/primary/conda-envs/semantic_uncertainty_export/lib/python3.11/site-packages/scipy/special/_ufuncs.cpython-311-x86_64-linux-gnu.so
7f2ee476d000-7f2ee4873000 r-xp 0000c000 00:204 49458313787               /mnt/primary/conda-envs/semantic_uncertainty_export/lib/python3.11/site-packages/scipy/special/_ufuncs.cpython-311-x86_64-linux-gnu.so
7f2ee4873000-7f2ee48e7000 r--p 00112000 00:204 49458313787               /mnt/primary/conda-envs/semantic_uncertainty_export/lib/python3.11/site-packages/scipy/special/_ufuncs.cpython-311-x86_64-linux-gnu.so
7f2ee48e7000-7f2ee48e8000 ---p 00186000 00:204 49458313787               /mnt/primary/conda-envs/semantic_uncertainty_export/lib/python3.11/site-packages/scipy/special/_ufuncs.cpython-311-x86_64-linux-gnu.so
7f2ee48e8000-7f2ee48e9000 r--p 00186000 00:204 49458313787               /mnt/primary/conda-envs/semantic_uncertainty_export/lib/python3.11/site-packages/scipy/special/_ufuncs.cpython-311-x86_64-linux-gnu.so
7f2ee48e9000-7f2ee48f3000 rw-p 00187000 00:204 49458313787               /mnt/primary/conda-envs/semantic_uncertainty_export/lib/python3.11/site-packages/scipy/special/_ufuncs.cpython-311-x86_64-linux-gnu.so
7f2ee48f3000-7f2ee48fc000 rw-p 00000000 00:00 0 
7f2ee48fc000-7f2ee4900000 rw-p 001f4000 00:204 49458313787               /mnt/primary/conda-envs/semantic_uncertainty_export/lib/python3.11/site-packages/scipy/special/_ufuncs.cpython-311-x86_64-linux-gnu.so
7f2ee4900000-7f2ee4a00000 rw-p 00000000 00:00 0 
7f2ee4a00000-7f2ee4a01000 ---p 00000000 00:00 0 
7f2ee4a01000-7f2ee5201000 rw-p 00000000 00:00 0 
7f2ee5201000-7f2ee5207000 r--p 00000000 00:204 40842680353               /mnt/primary/conda-envs/semantic_uncertainty_export/lib/python3.11/site-packages/scipy/spatial/_distance_pybind.cpython-311-x86_64-linux-gnu.so
7f2ee5207000-7f2ee526c000 r-xp 00006000 00:204 40842680353               /mnt/primary/conda-envs/semantic_uncertainty_export/lib/python3.11/site-packages/scipy/spatial/_distance_pybind.cpython-311-x86_64-linux-gnu.so
7f2ee526c000-7f2ee527c000 r--p 0006b000 00:204 40842680353               /mnt/primary/conda-envs/semantic_uncertainty_export/lib/python3.11/site-packages/scipy/spatial/_distance_pybind.cpython-311-x86_64-linux-gnu.so
7f2ee527c000-7f2ee527d000 ---p 0007b000 00:204 40842680353               /mnt/primary/conda-envs/semantic_uncertainty_export/lib/python3.11/site-packages/scipy/spatial/_distance_pybind.cpython-311-x86_64-linux-gnu.so
7f2ee527d000-7f2ee527e000 r--p 0007b000 00:204 40842680353               /mnt/primary/conda-envs/semantic_uncertainty_export/lib/python3.11/site-packages/scipy/spatial/_distance_pybind.cpython-311-x86_64-linux-gnu.so
7f2ee527e000-7f2ee527f000 rw-p 0007c000 00:204 40842680353               /mnt/primary/conda-envs/semantic_uncertainty_export/lib/python3.11/site-packages/scipy/spatial/_distance_pybind.cpython-311-x86_64-linux-gnu.so
7f2ee527f000-7f2ee5282000 r--p 00000000 00:204 49458313779               /mnt/primary/conda-envs/semantic_uncertainty_export/lib/python3.11/site-packages/scipy/special/_specfun.cpython-311-x86_64-linux-gnu.so
7f2ee5282000-7f2ee52e9000 r-xp 00003000 00:204 49458313779               /mnt/primary/conda-envs/semantic_uncertainty_export/lib/python3.11/site-packages/scipy/special/_specfun.cpython-311-x86_64-linux-gnu.so
7f2ee52e9000-7f2ee52f4000 r--p 0006a000 00:204 49458313779               /mnt/primary/conda-envs/semantic_uncertainty_export/lib/python3.11/site-packages/scipy/special/_specfun.cpython-311-x86_64-linux-gnu.so
7f2ee52f4000-7f2ee52f5000 r--p 00074000 00:204 49458313779               /mnt/primary/conda-envs/semantic_uncertainty_export/lib/python3.11/site-packages/scipy/special/_specfun.cpython-311-x86_64-linux-gnu.so
7f2ee52f5000-7f2ee52fa000 rw-p 00075000 00:204 49458313779               /mnt/primary/conda-envs/semantic_uncertainty_export/lib/python3.11/site-packages/scipy/special/_specfun.cpython-311-x86_64-linux-gnu.so
7f2ee52fa000-7f2ee52fc000 rw-p 0007e000 00:204 49458313779               /mnt/primary/conda-envs/semantic_uncertainty_export/lib/python3.11/site-packages/scipy/special/_specfun.cpython-311-x86_64-linux-gnu.so
7f2ee52fc000-7f2ee5307000 r--p 00000000 00:204 40842680355               /mnt/primary/conda-envs/semantic_uncertainty_export/lib/python3.11/site-packages/scipy/spatial/_qhull.cpython-311-x86_64-linux-gnu.so
7f2ee5307000-7f2ee53bc000 r-xp 0000b000 00:204 40842680355               /mnt/primary/conda-envs/semantic_uncertainty_export/lib/python3.11/site-packages/scipy/spatial/_qhull.cpython-311-x86_64-linux-gnu.so
7f2ee53bc000-7f2ee53f0000 r--p 000c0000 00:204 40842680355               /mnt/primary/conda-envs/semantic_uncertainty_export/lib/python3.11/site-packages/scipy/spatial/_qhull.cpython-311-x86_64-linux-gnu.so
7f2ee53f0000-7f2ee53f1000 r--p 000f3000 00:204 40842680355               /mnt/primary/conda-envs/semantic_uncertainty_export/lib/python3.11/site-packages/scipy/spatial/_qhull.cpython-311-x86_64-linux-gnu.so
7f2ee53f1000-7f2ee53fa000 rw-p 000f4000 00:204 40842680355               /mnt/primary/conda-envs/semantic_uncertainty_export/lib/python3.11/site-packages/scipy/spatial/_qhull.cpython-311-x86_64-linux-gnu.so
7f2ee53fa000-7f2ee53fb000 rw-p 00000000 00:00 0 
7f2ee53fb000-7f2ee5400000 rw-p 00116000 00:204 40842680355               /mnt/primary/conda-envs/semantic_uncertainty_export/lib/python3.11/site-packages/scipy/spatial/_qhull.cpython-311-x86_64-linux-gnu.so
7f2ee5400000-7f2ee543b000 r-xp 00000000 00:204 64698545192               /mnt/primary/conda-envs/semantic_uncertainty_export/lib/python3.11/site-packages/scipy.libs/libquadmath-96973f99.so.0.0.0
7f2ee543b000-7f2ee563a000 ---p 0003b000 00:204 64698545192               /mnt/primary/conda-envs/semantic_uncertainty_export/lib/python3.11/site-packages/scipy.libs/libquadmath-96973f99.so.0.0.0
7f2ee563a000-7f2ee563b000 r--p 0003a000 00:204 64698545192               /mnt/primary/conda-envs/semantic_uncertainty_export/lib/python3.11/site-packages/scipy.libs/libquadmath-96973f99.so.0.0.0
7f2ee563b000-7f2ee563d000 rw-p 0003b000 00:204 64698545192               /mnt/primary/conda-envs/semantic_uncertainty_export/lib/python3.11/site-packages/scipy.libs/libquadmath-96973f99.so.0.0.0
7f2ee563e000-7f2ee5641000 r--p 00000000 00:204 98787977279               /mnt/primary/conda-envs/semantic_uncertainty_export/lib/python3.11/site-packages/scipy/optimize/_group_columns.cpython-311-x86_64-linux-gnu.so
7f2ee5641000-7f2ee564d000 r-xp 00003000 00:204 98787977279               /mnt/primary/conda-envs/semantic_uncertainty_export/lib/python3.11/site-packages/scipy/optimize/_group_columns.cpython-311-x86_64-linux-gnu.so
7f2ee564d000-7f2ee5650000 r--p 0000f000 00:204 98787977279               /mnt/primary/conda-envs/semantic_uncertainty_export/lib/python3.11/site-packages/scipy/optimize/_group_columns.cpython-311-x86_64-linux-gnu.so
7f2ee5650000-7f2ee5651000 r--p 00011000 00:204 98787977279               /mnt/primary/conda-envs/semantic_uncertainty_export/lib/python3.11/site-packages/scipy/optimize/_group_columns.cpython-311-x86_64-linux-gnu.so
7f2ee5651000-7f2ee5652000 rw-p 00012000 00:204 98787977279               /mnt/primary/conda-envs/semantic_uncertainty_export/lib/python3.11/site-packages/scipy/optimize/_group_columns.cpython-311-x86_64-linux-gnu.so
7f2ee5652000-7f2ee5654000 r--p 00000000 00:204 26467592183               /mnt/primary/conda-envs/semantic_uncertainty_export/lib/python3.11/site-packages/scipy/ndimage/_nd_image.cpython-311-x86_64-linux-gnu.so
7f2ee5654000-7f2ee5671000 r-xp 00002000 00:204 26467592183               /mnt/primary/conda-envs/semantic_uncertainty_export/lib/python3.11/site-packages/scipy/ndimage/_nd_image.cpython-311-x86_64-linux-gnu.so
7f2ee5671000-7f2ee5674000 r--p 0001f000 00:204 26467592183               /mnt/primary/conda-envs/semantic_uncertainty_export/lib/python3.11/site-packages/scipy/ndimage/_nd_image.cpython-311-x86_64-linux-gnu.so
7f2ee5674000-7f2ee5675000 ---p 00022000 00:204 26467592183               /mnt/primary/conda-envs/semantic_uncertainty_export/lib/python3.11/site-packages/scipy/ndimage/_nd_image.cpython-311-x86_64-linux-gnu.so
7f2ee5675000-7f2ee5676000 r--p 00022000 00:204 26467592183               /mnt/primary/conda-envs/semantic_uncertainty_export/lib/python3.11/site-packages/scipy/ndimage/_nd_image.cpython-311-x86_64-linux-gnu.so
7f2ee5676000-7f2ee5677000 rw-p 00023000 00:204 26467592183               /mnt/primary/conda-envs/semantic_uncertainty_export/lib/python3.11/site-packages/scipy/ndimage/_nd_image.cpython-311-x86_64-linux-gnu.so
7f2ee5677000-7f2ee567b000 r--p 00000000 00:204 49458313772               /mnt/primary/conda-envs/semantic_uncertainty_export/lib/python3.11/site-packages/scipy/special/_ufuncs_cxx.cpython-311-x86_64-linux-gnu.so
7f2ee567b000-7f2ee56d5000 r-xp 00004000 00:204 49458313772               /mnt/primary/conda-envs/semantic_uncertainty_export/lib/python3.11/site-packages/scipy/special/_ufuncs_cxx.cpython-311-x86_64-linux-gnu.so
7f2ee56d5000-7f2ee56e7000 r--p 0005e000 00:204 49458313772               /mnt/primary/conda-envs/semantic_uncertainty_export/lib/python3.11/site-packages/scipy/special/_ufuncs_cxx.cpython-311-x86_64-linux-gnu.so
7f2ee56e7000-7f2ee56e8000 r--p 0006f000 00:204 49458313772               /mnt/primary/conda-envs/semantic_uncertainty_export/lib/python3.11/site-packages/scipy/special/_ufuncs_cxx.cpython-311-x86_64-linux-gnu.so
7f2ee56e8000-7f2ee56e9000 rw-p 00070000 00:204 49458313772               /mnt/primary/conda-envs/semantic_uncertainty_export/lib/python3.11/site-packages/scipy/special/_ufuncs_cxx.cpython-311-x86_64-linux-gnu.so
7f2ee56e9000-7f2ee56ea000 rw-p 00000000 00:00 0 
7f2ee56ea000-7f2ee56f1000 r--p 00000000 00:204 163552721437              /mnt/primary/conda-envs/semantic_uncertainty_export/lib/python3.11/site-packages/scipy/sparse/csgraph/_reordering.cpython-311-x86_64-linux-gnu.so
7f2ee56f1000-7f2ee571e000 r-xp 00007000 00:204 163552721437              /mnt/primary/conda-envs/semantic_uncertainty_export/lib/python3.11/site-packages/scipy/sparse/csgraph/_reordering.cpython-311-x86_64-linux-gnu.so
7f2ee571e000-7f2ee5726000 r--p 00034000 00:204 163552721437              /mnt/primary/conda-envs/semantic_uncertainty_export/lib/python3.11/site-packages/scipy/sparse/csgraph/_reordering.cpython-311-x86_64-linux-gnu.so
7f2ee5726000-7f2ee5727000 r--p 0003b000 00:204 163552721437              /mnt/primary/conda-envs/semantic_uncertainty_export/lib/python3.11/site-packages/scipy/sparse/csgraph/_reordering.cpython-311-x86_64-linux-gnu.so
7f2ee5727000-7f2ee572c000 rw-p 0003c000 00:204 163552721437              /mnt/primary/conda-envs/semantic_uncertainty_export/lib/python3.11/site-packages/scipy/sparse/csgraph/_reordering.cpython-311-x86_64-linux-gnu.so
7f2ee572c000-7f2ee5732000 r--p 00000000 00:204 163552721440              /mnt/primary/conda-envs/semantic_uncertainty_export/lib/python3.11/site-packages/scipy/sparse/csgraph/_matching.cpython-311-x86_64-linux-gnu.so
7f2ee5732000-7f2ee5762000 r-xp 00006000 00:204 163552721440              /mnt/primary/conda-envs/semantic_uncertainty_export/lib/python3.11/site-packages/scipy/sparse/csgraph/_matching.cpython-311-x86_64-linux-gnu.so
7f2ee5762000-7f2ee576b000 r--p 00036000 00:204 163552721440              /mnt/primary/conda-envs/semantic_uncertainty_export/lib/python3.11/site-packages/scipy/sparse/csgraph/_matching.cpython-311-x86_64-linux-gnu.so
7f2ee576b000-7f2ee576c000 ---p 0003f000 00:204 163552721440              /mnt/primary/conda-envs/semantic_uncertainty_export/lib/python3.11/site-packages/scipy/sparse/csgraph/_matching.cpython-311-x86_64-linux-gnu.so
7f2ee576c000-7f2ee576d000 r--p 0003f000 00:204 163552721440              /mnt/primary/conda-envs/semantic_uncertainty_export/lib/python3.11/site-packages/scipy/sparse/csgraph/_matching.cpython-311-x86_64-linux-gnu.so
7f2ee576d000-7f2ee5773000 rw-p 00040000 00:204 163552721440              /mnt/primary/conda-envs/semantic_uncertainty_export/lib/python3.11/site-packages/scipy/sparse/csgraph/_matching.cpython-311-x86_64-linux-gnu.so
7f2ee5773000-7f2ee5774000 rw-p 00000000 00:00 0 
7f2ee5774000-7f2ee577b000 r--p 00000000 00:204 163552721436              /mnt/primary/conda-envs/semantic_uncertainty_export/lib/python3.11/site-packages/scipy/sparse/csgraph/_flow.cpython-311-x86_64-linux-gnu.so
7f2ee577b000-7f2ee57aa000 r-xp 00007000 00:204 163552721436              /mnt/primary/conda-envs/semantic_uncertainty_export/lib/python3.11/site-packages/scipy/sparse/csgraph/_flow.cpython-311-x86_64-linux-gnu.so
7f2ee57aa000-7f2ee57b3000 r--p 00036000 00:204 163552721436              /mnt/primary/conda-envs/semantic_uncertainty_export/lib/python3.11/site-packages/scipy/sparse/csgraph/_flow.cpython-311-x86_64-linux-gnu.so
7f2ee57b3000-7f2ee57b4000 ---p 0003f000 00:204 163552721436              /mnt/primary/conda-envs/semantic_uncertainty_export/lib/python3.11/site-packages/scipy/sparse/csgraph/_flow.cpython-311-x86_64-linux-gnu.so
7f2ee57b4000-7f2ee57b5000 r--p 0003f000 00:204 163552721436              /mnt/primary/conda-envs/semantic_uncertainty_export/lib/python3.11/site-packages/scipy/sparse/csgraph/_flow.cpython-311-x86_64-linux-gnu.so
7f2ee57b5000-7f2ee57bb000 rw-p 00040000 00:204 163552721436              /mnt/primary/conda-envs/semantic_uncertainty_export/lib/python3.11/site-packages/scipy/sparse/csgraph/_flow.cpython-311-x86_64-linux-gnu.so
7f2ee57bb000-7f2ee57bc000 rw-p 00000000 00:00 0 
7f2ee57bc000-7f2ee57c4000 r--p 00000000 00:204 163552721434              /mnt/primary/conda-envs/semantic_uncertainty_export/lib/python3.11/site-packages/scipy/sparse/csgraph/_traversal.cpython-311-x86_64-linux-gnu.so
7f2ee57c4000-7f2ee5827000 r-xp 00008000 00:204 163552721434              /mnt/primary/conda-envs/semantic_uncertainty_export/lib/python3.11/site-packages/scipy/sparse/csgraph/_traversal.cpython-311-x86_64-linux-gnu.so
7f2ee5827000-7f2ee5834000 r--p 0006b000 00:204 163552721434              /mnt/primary/conda-envs/semantic_uncertainty_export/lib/python3.11/site-packages/scipy/sparse/csgraph/_traversal.cpython-311-x86_64-linux-gnu.so
7f2ee5834000-7f2ee5835000 r--p 00077000 00:204 163552721434              /mnt/primary/conda-envs/semantic_uncertainty_export/lib/python3.11/site-packages/scipy/sparse/csgraph/_traversal.cpython-311-x86_64-linux-gnu.so
7f2ee5835000-7f2ee583c000 rw-p 00078000 00:204 163552721434              /mnt/primary/conda-envs/semantic_uncertainty_export/lib/python3.11/site-packages/scipy/sparse/csgraph/_traversal.cpython-311-x86_64-linux-gnu.so
7f2ee583c000-7f2ee583d000 rw-p 00000000 00:00 0 
7f2ee583d000-7f2ee5844000 r--p 00000000 00:204 163552721435              /mnt/primary/conda-envs/semantic_uncertainty_export/lib/python3.11/site-packages/scipy/sparse/csgraph/_shortest_path.cpython-311-x86_64-linux-gnu.so
7f2ee5844000-7f2ee588f000 r-xp 00007000 00:204 163552721435              /mnt/primary/conda-envs/semantic_uncertainty_export/lib/python3.11/site-packages/scipy/sparse/csgraph/_shortest_path.cpython-311-x86_64-linux-gnu.so
7f2ee588f000-7f2ee589c000 r--p 00052000 00:204 163552721435              /mnt/primary/conda-envs/semantic_uncertainty_export/lib/python3.11/site-packages/scipy/sparse/csgraph/_shortest_path.cpython-311-x86_64-linux-gnu.so
7f2ee589c000-7f2ee589d000 r--p 0005e000 00:204 163552721435              /mnt/primary/conda-envs/semantic_uncertainty_export/lib/python3.11/site-packages/scipy/sparse/csgraph/_shortest_path.cpython-311-x86_64-linux-gnu.so
7f2ee589d000-7f2ee58a6000 rw-p 0005f000 00:204 163552721435              /mnt/primary/conda-envs/semantic_uncertainty_export/lib/python3.11/site-packages/scipy/sparse/csgraph/_shortest_path.cpython-311-x86_64-linux-gnu.so
7f2ee58a6000-7f2ee58a7000 rw-p 00000000 00:00 0 
7f2ee58a7000-7f2ee58ad000 r--p 00000000 00:204 150478618165              /mnt/primary/conda-envs/semantic_uncertainty_export/lib/python3.11/site-packages/scipy/sparse/linalg/_eigen/arpack/_arpack.cpython-311-x86_64-linux-gnu.so
7f2ee58ad000-7f2ee58f9000 r-xp 00006000 00:204 150478618165              /mnt/primary/conda-envs/semantic_uncertainty_export/lib/python3.11/site-packages/scipy/sparse/linalg/_eigen/arpack/_arpack.cpython-311-x86_64-linux-gnu.so
7f2ee58f9000-7f2ee5909000 r--p 00052000 00:204 150478618165              /mnt/primary/conda-envs/semantic_uncertainty_export/lib/python3.11/site-packages/scipy/sparse/linalg/_eigen/arpack/_arpack.cpython-311-x86_64-linux-gnu.so
7f2ee5909000-7f2ee590a000 r--p 00061000 00:204 150478618165              /mnt/primary/conda-envs/semantic_uncertainty_export/lib/python3.11/site-packages/scipy/sparse/linalg/_eigen/arpack/_arpack.cpython-311-x86_64-linux-gnu.so
7f2ee590a000-7f2ee5915000 rw-p 00062000 00:204 150478618165              /mnt/primary/conda-envs/semantic_uncertainty_export/lib/python3.11/site-packages/scipy/sparse/linalg/_eigen/arpack/_arpack.cpython-311-x86_64-linux-gnu.so
7f2ee5915000-7f2ee5916000 rw-p 00000000 00:00 0 
7f2ee5916000-7f2ee5919000 rw-p 00075000 00:204 150478618165              /mnt/primary/conda-envs/semantic_uncertainty_export/lib/python3.11/site-packages/scipy/sparse/linalg/_eigen/arpack/_arpack.cpython-311-x86_64-linux-gnu.so
7f2ee5919000-7f2ee591c000 r--p 00000000 00:204 137518709806              /mnt/primary/conda-envs/semantic_uncertainty_export/lib/python3.11/site-packages/scipy/sparse/linalg/_dsolve/_superlu.cpython-311-x86_64-linux-gnu.so
7f2ee591c000-7f2ee5960000 r-xp 00003000 00:204 137518709806              /mnt/primary/conda-envs/semantic_uncertainty_export/lib/python3.11/site-packages/scipy/sparse/linalg/_dsolve/_superlu.cpython-311-x86_64-linux-gnu.so
7f2ee5960000-7f2ee596b000 r--p 00047000 00:204 137518709806              /mnt/primary/conda-envs/semantic_uncertainty_export/lib/python3.11/site-packages/scipy/sparse/linalg/_dsolve/_superlu.cpython-311-x86_64-linux-gnu.so
7f2ee596b000-7f2ee596c000 r--p 00051000 00:204 137518709806              /mnt/primary/conda-envs/semantic_uncertainty_export/lib/python3.11/site-packages/scipy/sparse/linalg/_dsolve/_superlu.cpython-311-x86_64-linux-gnu.so
7f2ee596c000-7f2ee596d000 rw-p 00052000 00:204 137518709806              /mnt/primary/conda-envs/semantic_uncertainty_export/lib/python3.11/site-packages/scipy/sparse/linalg/_dsolve/_superlu.cpython-311-x86_64-linux-gnu.so
7f2ee596d000-7f2ee5970000 rw-p 0005a000 00:204 137518709806              /mnt/primary/conda-envs/semantic_uncertainty_export/lib/python3.11/site-packages/scipy/sparse/linalg/_dsolve/_superlu.cpython-311-x86_64-linux-gnu.so
7f2ee5970000-7f2ee5975000 r--p 00000000 00:204 19514492990               /mnt/primary/conda-envs/semantic_uncertainty_export/lib/python3.11/site-packages/scipy/linalg/_decomp_update.cpython-311-x86_64-linux-gnu.so
7f2ee5975000-7f2ee59ab000 r-xp 00005000 00:204 19514492990               /mnt/primary/conda-envs/semantic_uncertainty_export/lib/python3.11/site-packages/scipy/linalg/_decomp_update.cpython-311-x86_64-linux-gnu.so
7f2ee59ab000-7f2ee59b7000 r--p 0003b000 00:204 19514492990               /mnt/primary/conda-envs/semantic_uncertainty_export/lib/python3.11/site-packages/scipy/linalg/_decomp_update.cpython-311-x86_64-linux-gnu.so
7f2ee59b7000-7f2ee59b8000 r--p 00046000 00:204 19514492990               /mnt/primary/conda-envs/semantic_uncertainty_export/lib/python3.11/site-packages/scipy/linalg/_decomp_update.cpython-311-x86_64-linux-gnu.so
7f2ee59b8000-7f2ee59be000 rw-p 00047000 00:204 19514492990               /mnt/primary/conda-envs/semantic_uncertainty_export/lib/python3.11/site-packages/scipy/linalg/_decomp_update.cpython-311-x86_64-linux-gnu.so
7f2ee59be000-7f2ee59c6000 r--p 00000000 00:204 19514561051               /mnt/primary/conda-envs/semantic_uncertainty_export/lib/python3.11/site-packages/scipy/linalg/cython_blas.cpython-311-x86_64-linux-gnu.so
7f2ee59c6000-7f2ee59e9000 r-xp 00008000 00:204 19514561051               /mnt/primary/conda-envs/semantic_uncertainty_export/lib/python3.11/site-packages/scipy/linalg/cython_blas.cpython-311-x86_64-linux-gnu.so
7f2ee59e9000-7f2ee59f6000 r--p 0002b000 00:204 19514561051               /mnt/primary/conda-envs/semantic_uncertainty_export/lib/python3.11/site-packages/scipy/linalg/cython_blas.cpython-311-x86_64-linux-gnu.so
7f2ee59f6000-7f2ee59f7000 r--p 00037000 00:204 19514561051               /mnt/primary/conda-envs/semantic_uncertainty_export/lib/python3.11/site-packages/scipy/linalg/cython_blas.cpython-311-x86_64-linux-gnu.so
7f2ee59f7000-7f2ee59fa000 rw-p 00038000 00:204 19514561051               /mnt/primary/conda-envs/semantic_uncertainty_export/lib/python3.11/site-packages/scipy/linalg/cython_blas.cpython-311-x86_64-linux-gnu.so
7f2ee59fa000-7f2ee59fb000 rw-p 00000000 00:00 0 
7f2ee59fb000-7f2ee5a00000 rw-p 00047000 00:204 19514561051               /mnt/primary/conda-envs/semantic_uncertainty_export/lib/python3.11/site-packages/scipy/linalg/cython_blas.cpython-311-x86_64-linux-gnu.so
7f2ee5a00000-7f2ee5c76000 r-xp 00000000 00:204 64698545191               /mnt/primary/conda-envs/semantic_uncertainty_export/lib/python3.11/site-packages/scipy.libs/libgfortran-040039e1.so.5.0.0
7f2ee5c76000-7f2ee5e75000 ---p 00276000 00:204 64698545191               /mnt/primary/conda-envs/semantic_uncertainty_export/lib/python3.11/site-packages/scipy.libs/libgfortran-040039e1.so.5.0.0
7f2ee5e75000-7f2ee5e76000 r--p 00275000 00:204 64698545191               /mnt/primary/conda-envs/semantic_uncertainty_export/lib/python3.11/site-packages/scipy.libs/libgfortran-040039e1.so.5.0.0
7f2ee5e76000-7f2ee5e78000 rw-p 00276000 00:204 64698545191               /mnt/primary/conda-envs/semantic_uncertainty_export/lib/python3.11/site-packages/scipy.libs/libgfortran-040039e1.so.5.0.0
7f2ee5e78000-7f2ee5e8d000 rw-p 0027b000 00:204 64698545191               /mnt/primary/conda-envs/semantic_uncertainty_export/lib/python3.11/site-packages/scipy.libs/libgfortran-040039e1.so.5.0.0
7f2ee5e92000-7f2ee5e94000 r--p 00000000 00:204 73087765047               /mnt/primary/conda-envs/semantic_uncertainty_export/lib/python3.11/site-packages/scipy/stats/_statlib.cpython-311-x86_64-linux-gnu.so
7f2ee5e94000-7f2ee5e9a000 r-xp 00002000 00:204 73087765047               /mnt/primary/conda-envs/semantic_uncertainty_export/lib/python3.11/site-packages/scipy/stats/_statlib.cpython-311-x86_64-linux-gnu.so
7f2ee5e9a000-7f2ee5e9c000 r--p 00008000 00:204 73087765047               /mnt/primary/conda-envs/semantic_uncertainty_export/lib/python3.11/site-packages/scipy/stats/_statlib.cpython-311-x86_64-linux-gnu.so
7f2ee5e9c000-7f2ee5e9d000 r--p 00009000 00:204 73087765047               /mnt/primary/conda-envs/semantic_uncertainty_export/lib/python3.11/site-packages/scipy/stats/_statlib.cpython-311-x86_64-linux-gnu.so
7f2ee5e9d000-7f2ee5e9e000 rw-p 0000a000 00:204 73087765047               /mnt/primary/conda-envs/semantic_uncertainty_export/lib/python3.11/site-packages/scipy/stats/_statlib.cpython-311-x86_64-linux-gnu.so
7f2ee5e9e000-7f2ee5ea4000 r--p 00000000 00:204 40842680345               /mnt/primary/conda-envs/semantic_uncertainty_export/lib/python3.11/site-packages/scipy/spatial/_hausdorff.cpython-311-x86_64-linux-gnu.so
7f2ee5ea4000-7f2ee5ec4000 r-xp 00006000 00:204 40842680345               /mnt/primary/conda-envs/semantic_uncertainty_export/lib/python3.11/site-packages/scipy/spatial/_hausdorff.cpython-311-x86_64-linux-gnu.so
7f2ee5ec4000-7f2ee5eca000 r--p 00026000 00:204 40842680345               /mnt/primary/conda-envs/semantic_uncertainty_export/lib/python3.11/site-packages/scipy/spatial/_hausdorff.cpython-311-x86_64-linux-gnu.so
7f2ee5eca000-7f2ee5ecb000 r--p 0002b000 00:204 40842680345               /mnt/primary/conda-envs/semantic_uncertainty_export/lib/python3.11/site-packages/scipy/spatial/_hausdorff.cpython-311-x86_64-linux-gnu.so
7f2ee5ecb000-7f2ee5ece000 rw-p 0002c000 00:204 40842680345               /mnt/primary/conda-envs/semantic_uncertainty_export/lib/python3.11/site-packages/scipy/spatial/_hausdorff.cpython-311-x86_64-linux-gnu.so
7f2ee5ece000-7f2ee5ed5000 r--p 00000000 00:204 19514492985               /mnt/primary/conda-envs/semantic_uncertainty_export/lib/python3.11/site-packages/scipy/linalg/_matfuncs_expm.cpython-311-x86_64-linux-gnu.so
7f2ee5ed5000-7f2ee5f1d000 r-xp 00007000 00:204 19514492985               /mnt/primary/conda-envs/semantic_uncertainty_export/lib/python3.11/site-packages/scipy/linalg/_matfuncs_expm.cpython-311-x86_64-linux-gnu.so
7f2ee5f1d000-7f2ee5f28000 r--p 0004f000 00:204 19514492985               /mnt/primary/conda-envs/semantic_uncertainty_export/lib/python3.11/site-packages/scipy/linalg/_matfuncs_expm.cpython-311-x86_64-linux-gnu.so
7f2ee5f28000-7f2ee5f29000 r--p 00059000 00:204 19514492985               /mnt/primary/conda-envs/semantic_uncertainty_export/lib/python3.11/site-packages/scipy/linalg/_matfuncs_expm.cpython-311-x86_64-linux-gnu.so
7f2ee5f29000-7f2ee5f2e000 rw-p 0005a000 00:204 19514492985               /mnt/primary/conda-envs/semantic_uncertainty_export/lib/python3.11/site-packages/scipy/linalg/_matfuncs_expm.cpython-311-x86_64-linux-gnu.so
7f2ee5f2e000-7f2ee5f2f000 rw-p 00000000 00:00 0 
7f2ee5f2f000-7f2ee5f35000 r--p 00000000 00:204 19514561026               /mnt/primary/conda-envs/semantic_uncertainty_export/lib/python3.11/site-packages/scipy/linalg/_matfuncs_sqrtm_triu.cpython-311-x86_64-linux-gnu.so
7f2ee5f35000-7f2ee5f59000 r-xp 00006000 00:204 19514561026               /mnt/primary/conda-envs/semantic_uncertainty_export/lib/python3.11/site-packages/scipy/linalg/_matfuncs_sqrtm_triu.cpython-311-x86_64-linux-gnu.so
7f2ee5f59000-7f2ee5f60000 r--p 0002a000 00:204 19514561026               /mnt/primary/conda-envs/semantic_uncertainty_export/lib/python3.11/site-packages/scipy/linalg/_matfuncs_sqrtm_triu.cpython-311-x86_64-linux-gnu.so
7f2ee5f60000-7f2ee5f61000 r--p 00030000 00:204 19514561026               /mnt/primary/conda-envs/semantic_uncertainty_export/lib/python3.11/site-packages/scipy/linalg/_matfuncs_sqrtm_triu.cpython-311-x86_64-linux-gnu.so
7f2ee5f61000-7f2ee5f64000 rw-p 00031000 00:204 19514561026               /mnt/primary/conda-envs/semantic_uncertainty_export/lib/python3.11/site-packages/scipy/linalg/_matfuncs_sqrtm_triu.cpython-311-x86_64-linux-gnu.so
7f2ee5f64000-7f2ee5f65000 rw-p 00000000 00:00 0 
7f2ee5f65000-7f2ee5f8b000 r--p 00000000 00:204 19514561027               /mnt/primary/conda-envs/semantic_uncertainty_export/lib/python3.11/site-packages/scipy/linalg/_flapack.cpython-311-x86_64-linux-gnu.so
7f2ee5f8b000-7f2ee6087000 r-xp 00026000 00:204 19514561027               /mnt/primary/conda-envs/semantic_uncertainty_export/lib/python3.11/site-packages/scipy/linalg/_flapack.cpython-311-x86_64-linux-gnu.so
7f2ee6087000-7f2ee60f3000 r--p 00122000 00:204 19514561027               /mnt/primary/conda-envs/semantic_uncertainty_export/lib/python3.11/site-packages/scipy/linalg/_flapack.cpython-311-x86_64-linux-gnu.so
7f2ee60f3000-7f2ee60f4000 r--p 0018d000 00:204 19514561027               /mnt/primary/conda-envs/semantic_uncertainty_export/lib/python3.11/site-packages/scipy/linalg/_flapack.cpython-311-x86_64-linux-gnu.so
7f2ee60f4000-7f2ee617c000 rw-p 0018e000 00:204 19514561027               /mnt/primary/conda-envs/semantic_uncertainty_export/lib/python3.11/site-packages/scipy/linalg/_flapack.cpython-311-x86_64-linux-gnu.so
7f2ee617c000-7f2ee6183000 rw-p 0022e000 00:204 19514561027               /mnt/primary/conda-envs/semantic_uncertainty_export/lib/python3.11/site-packages/scipy/linalg/_flapack.cpython-311-x86_64-linux-gnu.so
7f2ee6183000-7f2ee627d000 r--p 00000000 00:204 64698545190               /mnt/primary/conda-envs/semantic_uncertainty_export/lib/python3.11/site-packages/scipy.libs/libopenblasp-r0-23e5df77.3.21.dev.so
7f2ee627d000-7f2ee6285000 r-xp 000fa000 00:204 64698545190               /mnt/primary/conda-envs/semantic_uncertainty_export/lib/python3.11/site-packages/scipy.libs/libopenblasp-r0-23e5df77.3.21.dev.so
7f2ee6285000-7f2ee628b000 ---p 00102000 00:204 64698545190               /mnt/primary/conda-envs/semantic_uncertainty_export/lib/python3.11/site-packages/scipy.libs/libopenblasp-r0-23e5df77.3.21.dev.so
7f2ee628b000-7f2ee7d43000 r-xp 00108000 00:204 64698545190               /mnt/primary/conda-envs/semantic_uncertainty_export/lib/python3.11/site-packages/scipy.libs/libopenblasp-r0-23e5df77.3.21.dev.so
7f2ee7d43000-7f2ee7f3d000 r--p 01bc0000 00:204 64698545190               /mnt/primary/conda-envs/semantic_uncertainty_export/lib/python3.11/site-packages/scipy.libs/libopenblasp-r0-23e5df77.3.21.dev.so
7f2ee7f3d000-7f2ee7f3e000 ---p 01dba000 00:204 64698545190               /mnt/primary/conda-envs/semantic_uncertainty_export/lib/python3.11/site-packages/scipy.libs/libopenblasp-r0-23e5df77.3.21.dev.so
7f2ee7f3e000-7f2ee7f44000 r--p 01dba000 00:204 64698545190               /mnt/primary/conda-envs/semantic_uncertainty_export/lib/python3.11/site-packages/scipy.libs/libopenblasp-r0-23e5df77.3.21.dev.so
7f2ee7f44000-7f2ee7f58000 rw-p 01dc0000 00:204 64698545190               /mnt/primary/conda-envs/semantic_uncertainty_export/lib/python3.11/site-packages/scipy.libs/libopenblasp-r0-23e5df77.3.21.dev.so
7f2ee7f58000-7f2ee7f65000 rw-p 00000000 00:00 0 
7f2ee7f65000-7f2ee8000000 rw-p 01ed4000 00:204 64698545190               /mnt/primary/conda-envs/semantic_uncertainty_export/lib/python3.11/site-packages/scipy.libs/libopenblasp-r0-23e5df77.3.21.dev.so
7f2ee8000000-7f2ee8021000 rw-p 00000000 00:00 0 
7f2ee8021000-7f2eec000000 ---p 00000000 00:00 0 
7f2eec002000-7f2eec005000 r--p 00000000 00:204 133230555182              /mnt/primary/conda-envs/semantic_uncertainty_export/lib/python3.11/site-packages/scipy/sparse/_sparsetools.cpython-311-x86_64-linux-gnu.so
7f2eec005000-7f2eec3ad000 r-xp 00003000 00:204 133230555182              /mnt/primary/conda-envs/semantic_uncertainty_export/lib/python3.11/site-packages/scipy/sparse/_sparsetools.cpython-311-x86_64-linux-gnu.so
7f2eec3ad000-7f2eec3fd000 r--p 003ab000 00:204 133230555182              /mnt/primary/conda-envs/semantic_uncertainty_export/lib/python3.11/site-packages/scipy/sparse/_sparsetools.cpython-311-x86_64-linux-gnu.so
7f2eec3fd000-7f2eec3fe000 ---p 003fb000 00:204 133230555182              /mnt/primary/conda-envs/semantic_uncertainty_export/lib/python3.11/site-packages/scipy/sparse/_sparsetools.cpython-311-x86_64-linux-gnu.so
7f2eec3fe000-7f2eec3ff000 r--p 003fb000 00:204 133230555182              /mnt/primary/conda-envs/semantic_uncertainty_export/lib/python3.11/site-packages/scipy/sparse/_sparsetools.cpython-311-x86_64-linux-gnu.so
7f2eec3ff000-7f2eec400000 rw-p 003fc000 00:204 133230555182              /mnt/primary/conda-envs/semantic_uncertainty_export/lib/python3.11/site-packages/scipy/sparse/_sparsetools.cpython-311-x86_64-linux-gnu.so
7f2eec400000-7f2eec401000 ---p 00000000 00:00 0 
7f2eec401000-7f2eecc01000 rw-p 00000000 00:00 0 
7f2eecc03000-7f2eecc04000 r--p 00000000 00:204 98787977270               /mnt/primary/conda-envs/semantic_uncertainty_export/lib/python3.11/site-packages/scipy/optimize/_direct.cpython-311-x86_64-linux-gnu.so
7f2eecc04000-7f2eecc0a000 r-xp 00001000 00:204 98787977270               /mnt/primary/conda-envs/semantic_uncertainty_export/lib/python3.11/site-packages/scipy/optimize/_direct.cpython-311-x86_64-linux-gnu.so
7f2eecc0a000-7f2eecc0c000 r--p 00007000 00:204 98787977270               /mnt/primary/conda-envs/semantic_uncertainty_export/lib/python3.11/site-packages/scipy/optimize/_direct.cpython-311-x86_64-linux-gnu.so
7f2eecc0c000-7f2eecc0d000 r--p 00008000 00:204 98787977270               /mnt/primary/conda-envs/semantic_uncertainty_export/lib/python3.11/site-packages/scipy/optimize/_direct.cpython-311-x86_64-linux-gnu.so
7f2eecc0d000-7f2eecc0e000 rw-p 00009000 00:204 98787977270               /mnt/primary/conda-envs/semantic_uncertainty_export/lib/python3.11/site-packages/scipy/optimize/_direct.cpython-311-x86_64-linux-gnu.so
7f2eecc0e000-7f2eecc11000 r--p 00000000 00:204 49458313774               /mnt/primary/conda-envs/semantic_uncertainty_export/lib/python3.11/site-packages/scipy/special/_ellip_harm_2.cpython-311-x86_64-linux-gnu.so
7f2eecc11000-7f2eecc20000 r-xp 00003000 00:204 49458313774               /mnt/primary/conda-envs/semantic_uncertainty_export/lib/python3.11/site-packages/scipy/special/_ellip_harm_2.cpython-311-x86_64-linux-gnu.so
7f2eecc20000-7f2eecc22000 r--p 00012000 00:204 49458313774               /mnt/primary/conda-envs/semantic_uncertainty_export/lib/python3.11/site-packages/scipy/special/_ellip_harm_2.cpython-311-x86_64-linux-gnu.so
7f2eecc22000-7f2eecc23000 ---p 00014000 00:204 49458313774               /mnt/primary/conda-envs/semantic_uncertainty_export/lib/python3.11/site-packages/scipy/special/_ellip_harm_2.cpython-311-x86_64-linux-gnu.so
7f2eecc23000-7f2eecc24000 r--p 00014000 00:204 49458313774               /mnt/primary/conda-envs/semantic_uncertainty_export/lib/python3.11/site-packages/scipy/special/_ellip_harm_2.cpython-311-x86_64-linux-gnu.so
7f2eecc24000-7f2eecc25000 rw-p 00015000 00:204 49458313774               /mnt/primary/conda-envs/semantic_uncertainty_export/lib/python3.11/site-packages/scipy/special/_ellip_harm_2.cpython-311-x86_64-linux-gnu.so
7f2eecc25000-7f2eecc26000 rw-p 00000000 00:00 0 
7f2eecc26000-7f2eecc29000 rw-p 0001a000 00:204 49458313774               /mnt/primary/conda-envs/semantic_uncertainty_export/lib/python3.11/site-packages/scipy/special/_ellip_harm_2.cpython-311-x86_64-linux-gnu.so
7f2eecc29000-7f2eecc2e000 r--p 00000000 00:204 19514561059               /mnt/primary/conda-envs/semantic_uncertainty_export/lib/python3.11/site-packages/scipy/linalg/_decomp_lu_cython.cpython-311-x86_64-linux-gnu.so
7f2eecc2e000-7f2eecc53000 r-xp 00005000 00:204 19514561059               /mnt/primary/conda-envs/semantic_uncertainty_export/lib/python3.11/site-packages/scipy/linalg/_decomp_lu_cython.cpython-311-x86_64-linux-gnu.so
7f2eecc53000-7f2eecc5a000 r--p 0002a000 00:204 19514561059               /mnt/primary/conda-envs/semantic_uncertainty_export/lib/python3.11/site-packages/scipy/linalg/_decomp_lu_cython.cpython-311-x86_64-linux-gnu.so
7f2eecc5a000-7f2eecc5b000 r--p 00030000 00:204 19514561059               /mnt/primary/conda-envs/semantic_uncertainty_export/lib/python3.11/site-packages/scipy/linalg/_decomp_lu_cython.cpython-311-x86_64-linux-gnu.so
7f2eecc5b000-7f2eecc5e000 rw-p 00031000 00:204 19514561059               /mnt/primary/conda-envs/semantic_uncertainty_export/lib/python3.11/site-packages/scipy/linalg/_decomp_lu_cython.cpython-311-x86_64-linux-gnu.so
7f2eecc5e000-7f2eecd5e000 rw-p 00000000 00:00 0 
7f2eecd5e000-7f2eecd75000 r--p 00000000 00:204 19514561048               /mnt/primary/conda-envs/semantic_uncertainty_export/lib/python3.11/site-packages/scipy/linalg/cython_lapack.cpython-311-x86_64-linux-gnu.so
7f2eecd75000-7f2eecd91000 r-xp 00017000 00:204 19514561048               /mnt/primary/conda-envs/semantic_uncertainty_export/lib/python3.11/site-packages/scipy/linalg/cython_lapack.cpython-311-x86_64-linux-gnu.so
7f2eecd91000-7f2eecde9000 r--p 00033000 00:204 19514561048               /mnt/primary/conda-envs/semantic_uncertainty_export/lib/python3.11/site-packages/scipy/linalg/cython_lapack.cpython-311-x86_64-linux-gnu.so
7f2eecde9000-7f2eecdea000 ---p 0008b000 00:204 19514561048               /mnt/primary/conda-envs/semantic_uncertainty_export/lib/python3.11/site-packages/scipy/linalg/cython_lapack.cpython-311-x86_64-linux-gnu.so
7f2eecdea000-7f2eecdeb000 r--p 0008b000 00:204 19514561048               /mnt/primary/conda-envs/semantic_uncertainty_export/lib/python3.11/site-packages/scipy/linalg/cython_lapack.cpython-311-x86_64-linux-gnu.so
7f2eecdeb000-7f2eecdef000 rw-p 0008c000 00:204 19514561048               /mnt/primary/conda-envs/semantic_uncertainty_export/lib/python3.11/site-packages/scipy/linalg/cython_lapack.cpython-311-x86_64-linux-gnu.so
7f2eecdef000-7f2eece00000 rw-p 000b8000 00:204 19514561048               /mnt/primary/conda-envs/semantic_uncertainty_export/lib/python3.11/site-packages/scipy/linalg/cython_lapack.cpython-311-x86_64-linux-gnu.so
7f2eece00000-7f2eece01000 ---p 00000000 00:00 0 
7f2eece01000-7f2eed601000 rw-p 00000000 00:00 0 
7f2eed602000-7f2eed604000 r--p 00000000 00:204 77350671928               /mnt/primary/conda-envs/semantic_uncertainty_export/lib/python3.11/site-packages/scipy/stats/_levy_stable/levyst.cpython-311-x86_64-linux-gnu.so
7f2eed604000-7f2eed607000 r-xp 00002000 00:204 77350671928               /mnt/primary/conda-envs/semantic_uncertainty_export/lib/python3.11/site-packages/scipy/stats/_levy_stable/levyst.cpython-311-x86_64-linux-gnu.so
7f2eed607000-7f2eed608000 r--p 00005000 00:204 77350671928               /mnt/primary/conda-envs/semantic_uncertainty_export/lib/python3.11/site-packages/scipy/stats/_levy_stable/levyst.cpython-311-x86_64-linux-gnu.so
7f2eed608000-7f2eed609000 ---p 00006000 00:204 77350671928               /mnt/primary/conda-envs/semantic_uncertainty_export/lib/python3.11/site-packages/scipy/stats/_levy_stable/levyst.cpython-311-x86_64-linux-gnu.so
7f2eed609000-7f2eed60a000 r--p 00006000 00:204 77350671928               /mnt/primary/conda-envs/semantic_uncertainty_export/lib/python3.11/site-packages/scipy/stats/_levy_stable/levyst.cpython-311-x86_64-linux-gnu.so
7f2eed60a000-7f2eed60b000 rw-p 00007000 00:204 77350671928               /mnt/primary/conda-envs/semantic_uncertainty_export/lib/python3.11/site-packages/scipy/stats/_levy_stable/levyst.cpython-311-x86_64-linux-gnu.so
7f2eed60b000-7f2eed60d000 r--p 00000000 00:204 40842680351               /mnt/primary/conda-envs/semantic_uncertainty_export/lib/python3.11/site-packages/scipy/spatial/_distance_wrap.cpython-311-x86_64-linux-gnu.so
7f2eed60d000-7f2eed621000 r-xp 00002000 00:204 40842680351               /mnt/primary/conda-envs/semantic_uncertainty_export/lib/python3.11/site-packages/scipy/spatial/_distance_wrap.cpython-311-x86_64-linux-gnu.so
7f2eed621000-7f2eed623000 r--p 00016000 00:204 40842680351               /mnt/primary/conda-envs/semantic_uncertainty_export/lib/python3.11/site-packages/scipy/spatial/_distance_wrap.cpython-311-x86_64-linux-gnu.so
7f2eed623000-7f2eed624000 ---p 00018000 00:204 40842680351               /mnt/primary/conda-envs/semantic_uncertainty_export/lib/python3.11/site-packages/scipy/spatial/_distance_wrap.cpython-311-x86_64-linux-gnu.so
7f2eed624000-7f2eed625000 r--p 00018000 00:204 40842680351               /mnt/primary/conda-envs/semantic_uncertainty_export/lib/python3.11/site-packages/scipy/spatial/_distance_wrap.cpython-311-x86_64-linux-gnu.so
7f2eed625000-7f2eed626000 rw-p 00019000 00:204 40842680351               /mnt/primary/conda-envs/semantic_uncertainty_export/lib/python3.11/site-packages/scipy/spatial/_distance_wrap.cpython-311-x86_64-linux-gnu.so
7f2eed626000-7f2eed62c000 r--p 00000000 00:204 19514561038               /mnt/primary/conda-envs/semantic_uncertainty_export/lib/python3.11/site-packages/scipy/linalg/_solve_toeplitz.cpython-311-x86_64-linux-gnu.so
7f2eed62c000-7f2eed654000 r-xp 00006000 00:204 19514561038               /mnt/primary/conda-envs/semantic_uncertainty_export/lib/python3.11/site-packages/scipy/linalg/_solve_toeplitz.cpython-311-x86_64-linux-gnu.so
7f2eed654000-7f2eed65b000 r--p 0002e000 00:204 19514561038               /mnt/primary/conda-envs/semantic_uncertainty_export/lib/python3.11/site-packages/scipy/linalg/_solve_toeplitz.cpython-311-x86_64-linux-gnu.so
7f2eed65b000-7f2eed65c000 r--p 00034000 00:204 19514561038               /mnt/primary/conda-envs/semantic_uncertainty_export/lib/python3.11/site-packages/scipy/linalg/_solve_toeplitz.cpython-311-x86_64-linux-gnu.so
7f2eed65c000-7f2eed660000 rw-p 00035000 00:204 19514561038               /mnt/primary/conda-envs/semantic_uncertainty_export/lib/python3.11/site-packages/scipy/linalg/_solve_toeplitz.cpython-311-x86_64-linux-gnu.so
7f2eed660000-7f2eed66e000 r--p 00000000 00:204 19514561061               /mnt/primary/conda-envs/semantic_uncertainty_export/lib/python3.11/site-packages/scipy/linalg/_fblas.cpython-311-x86_64-linux-gnu.so
7f2eed66e000-7f2eed6b5000 r-xp 0000e000 00:204 19514561061               /mnt/primary/conda-envs/semantic_uncertainty_export/lib/python3.11/site-packages/scipy/linalg/_fblas.cpython-311-x86_64-linux-gnu.so
7f2eed6b5000-7f2eed6d6000 r--p 00055000 00:204 19514561061               /mnt/primary/conda-envs/semantic_uncertainty_export/lib/python3.11/site-packages/scipy/linalg/_fblas.cpython-311-x86_64-linux-gnu.so
7f2eed6d6000-7f2eed6d7000 r--p 00075000 00:204 19514561061               /mnt/primary/conda-envs/semantic_uncertainty_export/lib/python3.11/site-packages/scipy/linalg/_fblas.cpython-311-x86_64-linux-gnu.so
7f2eed6d7000-7f2eed6fd000 rw-p 00076000 00:204 19514561061               /mnt/primary/conda-envs/semantic_uncertainty_export/lib/python3.11/site-packages/scipy/linalg/_fblas.cpython-311-x86_64-linux-gnu.so
7f2eed6fd000-7f2eed700000 rw-p 000a4000 00:204 19514561061               /mnt/primary/conda-envs/semantic_uncertainty_export/lib/python3.11/site-packages/scipy/linalg/_fblas.cpython-311-x86_64-linux-gnu.so
7f2eed700000-7f2eed800000 rw-p 00000000 00:00 0 
7f2eed800000-7f2eed801000 ---p 00000000 00:00 0 
7f2eed801000-7f2eee001000 rw-p 00000000 00:00 0 
7f2eee003000-7f2eee00b000 r--p 00000000 00:204 19514561025               /mnt/primary/conda-envs/semantic_uncertainty_export/lib/python3.11/site-packages/scipy/linalg/_cythonized_array_utils.cpython-311-x86_64-linux-gnu.so
7f2eee00b000-7f2eee060000 r-xp 00008000 00:204 19514561025               /mnt/primary/conda-envs/semantic_uncertainty_export/lib/python3.11/site-packages/scipy/linalg/_cythonized_array_utils.cpython-311-x86_64-linux-gnu.so
7f2eee060000-7f2eee06c000 r--p 0005d000 00:204 19514561025               /mnt/primary/conda-envs/semantic_uncertainty_export/lib/python3.11/site-packages/scipy/linalg/_cythonized_array_utils.cpython-311-x86_64-linux-gnu.so
7f2eee06c000-7f2eee06d000 r--p 00068000 00:204 19514561025               /mnt/primary/conda-envs/semantic_uncertainty_export/lib/python3.11/site-packages/scipy/linalg/_cythonized_array_utils.cpython-311-x86_64-linux-gnu.so
7f2eee06d000-7f2eee073000 rw-p 00069000 00:204 19514561025               /mnt/primary/conda-envs/semantic_uncertainty_export/lib/python3.11/site-packages/scipy/linalg/_cythonized_array_utils.cpython-311-x86_64-linux-gnu.so
7f2eee073000-7f2eee074000 rw-p 00000000 00:00 0 
7f2eee074000-7f2eee07e000 r--p 00000000 00:204 133230555197              /mnt/primary/conda-envs/semantic_uncertainty_export/lib/python3.11/site-packages/scipy/sparse/_csparsetools.cpython-311-x86_64-linux-gnu.so
7f2eee07e000-7f2eee0e9000 r-xp 0000a000 00:204 133230555197              /mnt/primary/conda-envs/semantic_uncertainty_export/lib/python3.11/site-packages/scipy/sparse/_csparsetools.cpython-311-x86_64-linux-gnu.so
7f2eee0e9000-7f2eee0f7000 r--p 00075000 00:204 133230555197              /mnt/primary/conda-envs/semantic_uncertainty_export/lib/python3.11/site-packages/scipy/sparse/_csparsetools.cpython-311-x86_64-linux-gnu.so
7f2eee0f7000-7f2eee0f8000 r--p 00082000 00:204 133230555197              /mnt/primary/conda-envs/semantic_uncertainty_export/lib/python3.11/site-packages/scipy/sparse/_csparsetools.cpython-311-x86_64-linux-gnu.so
7f2eee0f8000-7f2eee0ff000 rw-p 00083000 00:204 133230555197              /mnt/primary/conda-envs/semantic_uncertainty_export/lib/python3.11/site-packages/scipy/sparse/_csparsetools.cpython-311-x86_64-linux-gnu.so
7f2eee0ff000-7f2eee200000 rw-p 00000000 00:00 0 
7f2eee200000-7f2eee201000 ---p 00000000 00:00 0 
7f2eee201000-7f2eeea01000 rw-p 00000000 00:00 0 
7f2eeea01000-7f2eeea06000 r--p 00000000 00:204 40842680341               /mnt/primary/conda-envs/semantic_uncertainty_export/lib/python3.11/site-packages/scipy/spatial/_voronoi.cpython-311-x86_64-linux-gnu.so
7f2eeea06000-7f2eeea25000 r-xp 00005000 00:204 40842680341               /mnt/primary/conda-envs/semantic_uncertainty_export/lib/python3.11/site-packages/scipy/spatial/_voronoi.cpython-311-x86_64-linux-gnu.so
7f2eeea25000-7f2eeea2b000 r--p 00024000 00:204 40842680341               /mnt/primary/conda-envs/semantic_uncertainty_export/lib/python3.11/site-packages/scipy/spatial/_voronoi.cpython-311-x86_64-linux-gnu.so
7f2eeea2b000-7f2eeea2c000 r--p 00029000 00:204 40842680341               /mnt/primary/conda-envs/semantic_uncertainty_export/lib/python3.11/site-packages/scipy/spatial/_voronoi.cpython-311-x86_64-linux-gnu.so
7f2eeea2c000-7f2eeea2f000 rw-p 0002a000 00:204 40842680341               /mnt/primary/conda-envs/semantic_uncertainty_export/lib/python3.11/site-packages/scipy/spatial/_voronoi.cpython-311-x86_64-linux-gnu.so
7f2eeea2f000-7f2eeea39000 r--p 00000000 00:204 40842680338               /mnt/primary/conda-envs/semantic_uncertainty_export/lib/python3.11/site-packages/scipy/spatial/_ckdtree.cpython-311-x86_64-linux-gnu.so
7f2eeea39000-7f2eeeada000 r-xp 0000a000 00:204 40842680338               /mnt/primary/conda-envs/semantic_uncertainty_export/lib/python3.11/site-packages/scipy/spatial/_ckdtree.cpython-311-x86_64-linux-gnu.so
7f2eeeada000-7f2eeeaf3000 r--p 000ab000 00:204 40842680338               /mnt/primary/conda-envs/semantic_uncertainty_export/lib/python3.11/site-packages/scipy/spatial/_ckdtree.cpython-311-x86_64-linux-gnu.so
7f2eeeaf3000-7f2eeeaf4000 r--p 000c3000 00:204 40842680338               /mnt/primary/conda-envs/semantic_uncertainty_export/lib/python3.11/site-packages/scipy/spatial/_ckdtree.cpython-311-x86_64-linux-gnu.so
7f2eeeaf4000-7f2eeeaff000 rw-p 000c4000 00:204 40842680338               /mnt/primary/conda-envs/semantic_uncertainty_export/lib/python3.11/site-packages/scipy/spatial/_ckdtree.cpython-311-x86_64-linux-gnu.so
7f2eeeaff000-7f2eeec00000 rw-p 00000000 00:00 0 
7f2eeec00000-7f2eeec01000 ---p 00000000 00:00 0 
7f2eeec01000-7f2eef401000 rw-p 00000000 00:00 0 
7f2eef401000-7f2eef407000 r--p 00000000 00:204 163552721443              /mnt/primary/conda-envs/semantic_uncertainty_export/lib/python3.11/site-packages/scipy/sparse/csgraph/_min_spanning_tree.cpython-311-x86_64-linux-gnu.so
7f2eef407000-7f2eef429000 r-xp 00006000 00:204 163552721443              /mnt/primary/conda-envs/semantic_uncertainty_export/lib/python3.11/site-packages/scipy/sparse/csgraph/_min_spanning_tree.cpython-311-x86_64-linux-gnu.so
7f2eef429000-7f2eef430000 r--p 00028000 00:204 163552721443              /mnt/primary/conda-envs/semantic_uncertainty_export/lib/python3.11/site-packages/scipy/sparse/csgraph/_min_spanning_tree.cpython-311-x86_64-linux-gnu.so
7f2eef430000-7f2eef431000 r--p 0002e000 00:204 163552721443              /mnt/primary/conda-envs/semantic_uncertainty_export/lib/python3.11/site-packages/scipy/sparse/csgraph/_min_spanning_tree.cpython-311-x86_64-linux-gnu.so
7f2eef431000-7f2eef435000 rw-p 0002f000 00:204 163552721443              /mnt/primary/conda-envs/semantic_uncertainty_export/lib/python3.11/site-packages/scipy/sparse/csgraph/_min_spanning_tree.cpython-311-x86_64-linux-gnu.so
7f2eef435000-7f2eef439000 r--p 00000000 00:204 141825670163              /mnt/primary/conda-envs/semantic_uncertainty_export/lib/python3.11/site-packages/scipy/sparse/linalg/_isolve/_iterative.cpython-311-x86_64-linux-gnu.so
7f2eef439000-7f2eef45e000 r-xp 00004000 00:204 141825670163              /mnt/primary/conda-envs/semantic_uncertainty_export/lib/python3.11/site-packages/scipy/sparse/linalg/_isolve/_iterative.cpython-311-x86_64-linux-gnu.so
7f2eef45e000-7f2eef468000 r--p 00029000 00:204 141825670163              /mnt/primary/conda-envs/semantic_uncertainty_export/lib/python3.11/site-packages/scipy/sparse/linalg/_isolve/_iterative.cpython-311-x86_64-linux-gnu.so
7f2eef468000-7f2eef469000 r--p 00032000 00:204 141825670163              /mnt/primary/conda-envs/semantic_uncertainty_export/lib/python3.11/site-packages/scipy/sparse/linalg/_isolve/_iterative.cpython-311-x86_64-linux-gnu.so
7f2eef469000-7f2eef470000 rw-p 00033000 00:204 141825670163              /mnt/primary/conda-envs/semantic_uncertainty_export/lib/python3.11/site-packages/scipy/sparse/linalg/_isolve/_iterative.cpython-311-x86_64-linux-gnu.so
7f2eef470000-7f2eef471000 rw-p 00000000 00:00 0 
7f2eef471000-7f2eef474000 rw-p 00042000 00:204 141825670163              /mnt/primary/conda-envs/semantic_uncertainty_export/lib/python3.11/site-packages/scipy/sparse/linalg/_isolve/_iterative.cpython-311-x86_64-linux-gnu.so
7f2eef474000-7f2eef574000 rw-p 00000000 00:00 0 
7f2eef574000-7f2eef57f000 r--p 00000000 00:204 141832290844              /mnt/primary/conda-envs/semantic_uncertainty_export/lib/python3.11/site-packages/pandas/_libs/parsers.cpython-311-x86_64-linux-gnu.so
7f2eef57f000-7f2eef5e9000 r-xp 0000b000 00:204 141832290844              /mnt/primary/conda-envs/semantic_uncertainty_export/lib/python3.11/site-packages/pandas/_libs/parsers.cpython-311-x86_64-linux-gnu.so
7f2eef5e9000-7f2eef5f5000 r--p 00075000 00:204 141832290844              /mnt/primary/conda-envs/semantic_uncertainty_export/lib/python3.11/site-packages/pandas/_libs/parsers.cpython-311-x86_64-linux-gnu.so
7f2eef5f5000-7f2eef5f6000 ---p 00081000 00:204 141832290844              /mnt/primary/conda-envs/semantic_uncertainty_export/lib/python3.11/site-packages/pandas/_libs/parsers.cpython-311-x86_64-linux-gnu.so
7f2eef5f6000-7f2eef5f7000 r--p 00081000 00:204 141832290844              /mnt/primary/conda-envs/semantic_uncertainty_export/lib/python3.11/site-packages/pandas/_libs/parsers.cpython-311-x86_64-linux-gnu.so
7f2eef5f7000-7f2eef5fe000 rw-p 00082000 00:204 141832290844              /mnt/primary/conda-envs/semantic_uncertainty_export/lib/python3.11/site-packages/pandas/_libs/parsers.cpython-311-x86_64-linux-gnu.so
7f2eef5fe000-7f2eef600000 rw-p 00000000 00:00 0 
7f2eef600000-7f2eef601000 ---p 00000000 00:00 0 
7f2eef601000-7f2eefe01000 rw-p 00000000 00:00 0 
7f2eefe02000-7f2eefe14000 r--p 00000000 00:204 141832290874              /mnt/primary/conda-envs/semantic_uncertainty_export/lib/python3.11/site-packages/pandas/_libs/groupby.cpython-311-x86_64-linux-gnu.so
7f2eefe14000-7f2eeffc8000 r-xp 00012000 00:204 141832290874              /mnt/primary/conda-envs/semantic_uncertainty_export/lib/python3.11/site-packages/pandas/_libs/groupby.cpython-311-x86_64-linux-gnu.so
7f2eeffc8000-7f2eeffed000 r--p 001c6000 00:204 141832290874              /mnt/primary/conda-envs/semantic_uncertainty_export/lib/python3.11/site-packages/pandas/_libs/groupby.cpython-311-x86_64-linux-gnu.so
7f2eeffed000-7f2eeffee000 ---p 001eb000 00:204 141832290874              /mnt/primary/conda-envs/semantic_uncertainty_export/lib/python3.11/site-packages/pandas/_libs/groupby.cpython-311-x86_64-linux-gnu.so
7f2eeffee000-7f2eeffef000 r--p 001eb000 00:204 141832290874              /mnt/primary/conda-envs/semantic_uncertainty_export/lib/python3.11/site-packages/pandas/_libs/groupby.cpython-311-x86_64-linux-gnu.so
7f2eeffef000-7f2eefffd000 rw-p 001ec000 00:204 141832290874              /mnt/primary/conda-envs/semantic_uncertainty_export/lib/python3.11/site-packages/pandas/_libs/groupby.cpython-311-x86_64-linux-gnu.so
7f2eefffd000-7f2ef0000000 rw-p 00000000 00:00 0 
7f2ef0000000-7f2ef0021000 rw-p 00000000 00:00 0 
7f2ef0021000-7f2ef4000000 ---p 00000000 00:00 0 
7f2ef4000000-7f2ef4200000 rw-p 00000000 00:00 0 
7f2ef4200000-7f2ef4201000 ---p 00000000 00:00 0 
7f2ef4201000-7f2ef4a01000 rw-p 00000000 00:00 0 
7f2ef4a07000-7f2ef4a0b000 r--p 00000000 00:204 163552721433              /mnt/primary/conda-envs/semantic_uncertainty_export/lib/python3.11/site-packages/scipy/sparse/csgraph/_tools.cpython-311-x86_64-linux-gnu.so
7f2ef4a0b000-7f2ef4a24000 r-xp 00004000 00:204 163552721433              /mnt/primary/conda-envs/semantic_uncertainty_export/lib/python3.11/site-packages/scipy/sparse/csgraph/_tools.cpython-311-x86_64-linux-gnu.so
7f2ef4a24000-7f2ef4a2a000 r--p 0001d000 00:204 163552721433              /mnt/primary/conda-envs/semantic_uncertainty_export/lib/python3.11/site-packages/scipy/sparse/csgraph/_tools.cpython-311-x86_64-linux-gnu.so
7f2ef4a2a000-7f2ef4a2b000 ---p 00023000 00:204 163552721433              /mnt/primary/conda-envs/semantic_uncertainty_export/lib/python3.11/site-packages/scipy/sparse/csgraph/_tools.cpython-311-x86_64-linux-gnu.so
7f2ef4a2b000-7f2ef4a2c000 r--p 00023000 00:204 163552721433              /mnt/primary/conda-envs/semantic_uncertainty_export/lib/python3.11/site-packages/scipy/sparse/csgraph/_tools.cpython-311-x86_64-linux-gnu.so
7f2ef4a2c000-7f2ef4a31000 rw-p 00024000 00:204 163552721433              /mnt/primary/conda-envs/semantic_uncertainty_export/lib/python3.11/site-packages/scipy/sparse/csgraph/_tools.cpython-311-x86_64-linux-gnu.so
7f2ef4a31000-7f2ef4b31000 rw-p 00000000 00:00 0 
7f2ef4b31000-7f2ef4fdf000 r--p 00000000 00:204 169691131401              /mnt/primary/conda-envs/semantic_uncertainty_export/lib/python3.11/site-packages/pyarrow/libarrow.so.2000
7f2ef4fdf000-7f2ef7395000 r-xp 004ae000 00:204 169691131401              /mnt/primary/conda-envs/semantic_uncertainty_export/lib/python3.11/site-packages/pyarrow/libarrow.so.2000
7f2ef7395000-7f2ef7c52000 r--p 02864000 00:204 169691131401              /mnt/primary/conda-envs/semantic_uncertainty_export/lib/python3.11/site-packages/pyarrow/libarrow.so.2000
7f2ef7c52000-7f2ef7d43000 r--p 03120000 00:204 169691131401              /mnt/primary/conda-envs/semantic_uncertainty_export/lib/python3.11/site-packages/pyarrow/libarrow.so.2000
7f2ef7d43000-7f2ef7d76000 rw-p 03211000 00:204 169691131401              /mnt/primary/conda-envs/semantic_uncertainty_export/lib/python3.11/site-packages/pyarrow/libarrow.so.2000
7f2ef7d76000-7f2ef8000000 rw-p 00000000 00:00 0 
7f2ef8000000-7f2ef8021000 rw-p 00000000 00:00 0 
7f2ef8021000-7f2efc000000 ---p 00000000 00:00 0 
7f2efc001000-7f2efc003000 r--p 00000000 00:204 98787428872               /mnt/primary/conda-envs/semantic_uncertainty_export/lib/python3.11/site-packages/scipy/optimize/__nnls.cpython-311-x86_64-linux-gnu.so
7f2efc003000-7f2efc008000 r-xp 00002000 00:204 98787428872               /mnt/primary/conda-envs/semantic_uncertainty_export/lib/python3.11/site-packages/scipy/optimize/__nnls.cpython-311-x86_64-linux-gnu.so
7f2efc008000-7f2efc00a000 r--p 00007000 00:204 98787428872               /mnt/primary/conda-envs/semantic_uncertainty_export/lib/python3.11/site-packages/scipy/optimize/__nnls.cpython-311-x86_64-linux-gnu.so
7f2efc00a000-7f2efc00b000 r--p 00008000 00:204 98787428872               /mnt/primary/conda-envs/semantic_uncertainty_export/lib/python3.11/site-packages/scipy/optimize/__nnls.cpython-311-x86_64-linux-gnu.so
7f2efc00b000-7f2efc00c000 rw-p 00009000 00:204 98787428872               /mnt/primary/conda-envs/semantic_uncertainty_export/lib/python3.11/site-packages/scipy/optimize/__nnls.cpython-311-x86_64-linux-gnu.so
7f2efc00c000-7f2efc00e000 rw-p 0000c000 00:204 98787428872               /mnt/primary/conda-envs/semantic_uncertainty_export/lib/python3.11/site-packages/scipy/optimize/__nnls.cpython-311-x86_64-linux-gnu.so
7f2efc00e000-7f2efc010000 r--p 00000000 00:204 19514561068               /mnt/primary/conda-envs/semantic_uncertainty_export/lib/python3.11/site-packages/scipy/linalg/_flinalg.cpython-311-x86_64-linux-gnu.so
7f2efc010000-7f2efc018000 r-xp 00002000 00:204 19514561068               /mnt/primary/conda-envs/semantic_uncertainty_export/lib/python3.11/site-packages/scipy/linalg/_flinalg.cpython-311-x86_64-linux-gnu.so
7f2efc018000-7f2efc01b000 r--p 0000a000 00:204 19514561068               /mnt/primary/conda-envs/semantic_uncertainty_export/lib/python3.11/site-packages/scipy/linalg/_flinalg.cpython-311-x86_64-linux-gnu.so
7f2efc01b000-7f2efc01c000 r--p 0000c000 00:204 19514561068               /mnt/primary/conda-envs/semantic_uncertainty_export/lib/python3.11/site-packages/scipy/linalg/_flinalg.cpython-311-x86_64-linux-gnu.so
7f2efc01c000-7f2efc01f000 rw-p 0000d000 00:204 19514561068               /mnt/primary/conda-envs/semantic_uncertainty_export/lib/python3.11/site-packages/scipy/linalg/_flinalg.cpython-311-x86_64-linux-gnu.so
7f2efc01f000-7f2efc021000 rw-p 00012000 00:204 19514561068               /mnt/primary/conda-envs/semantic_uncertainty_export/lib/python3.11/site-packages/scipy/linalg/_flinalg.cpython-311-x86_64-linux-gnu.so
7f2efc021000-7f2efc025000 r--p 00000000 00:204 53859409459               /mnt/primary/conda-envs/semantic_uncertainty_export/lib/python3.11/site-packages/scipy/_lib/_ccallback_c.cpython-311-x86_64-linux-gnu.so
7f2efc025000-7f2efc02e000 r-xp 00004000 00:204 53859409459               /mnt/primary/conda-envs/semantic_uncertainty_export/lib/python3.11/site-packages/scipy/_lib/_ccallback_c.cpython-311-x86_64-linux-gnu.so
7f2efc02e000-7f2efc030000 r--p 0000d000 00:204 53859409459               /mnt/primary/conda-envs/semantic_uncertainty_export/lib/python3.11/site-packages/scipy/_lib/_ccallback_c.cpython-311-x86_64-linux-gnu.so
7f2efc030000-7f2efc031000 r--p 0000e000 00:204 53859409459               /mnt/primary/conda-envs/semantic_uncertainty_export/lib/python3.11/site-packages/scipy/_lib/_ccallback_c.cpython-311-x86_64-linux-gnu.so
7f2efc031000-7f2efc033000 rw-p 0000f000 00:204 53859409459               /mnt/primary/conda-envs/semantic_uncertainty_export/lib/python3.11/site-packages/scipy/_lib/_ccallback_c.cpython-311-x86_64-linux-gnu.so
7f2efc033000-7f2efc03a000 r--p 00000000 00:204 141832290858              /mnt/primary/conda-envs/semantic_uncertainty_export/lib/python3.11/site-packages/pandas/_libs/reshape.cpython-311-x86_64-linux-gnu.so
7f2efc03a000-7f2efc069000 r-xp 00007000 00:204 141832290858              /mnt/primary/conda-envs/semantic_uncertainty_export/lib/python3.11/site-packages/pandas/_libs/reshape.cpython-311-x86_64-linux-gnu.so
7f2efc069000-7f2efc071000 r--p 00036000 00:204 141832290858              /mnt/primary/conda-envs/semantic_uncertainty_export/lib/python3.11/site-packages/pandas/_libs/reshape.cpython-311-x86_64-linux-gnu.so
7f2efc071000-7f2efc072000 r--p 0003d000 00:204 141832290858              /mnt/primary/conda-envs/semantic_uncertainty_export/lib/python3.11/site-packages/pandas/_libs/reshape.cpython-311-x86_64-linux-gnu.so
7f2efc072000-7f2efc076000 rw-p 0003e000 00:204 141832290858              /mnt/primary/conda-envs/semantic_uncertainty_export/lib/python3.11/site-packages/pandas/_libs/reshape.cpython-311-x86_64-linux-gnu.so
7f2efc076000-7f2efc077000 rw-p 00000000 00:00 0 
7f2efc077000-7f2efc080000 r--p 00000000 00:204 143899507729              /mnt/primary/conda-envs/semantic_uncertainty_export/lib/python3.11/site-packages/pandas/_libs/window/aggregations.cpython-311-x86_64-linux-gnu.so
7f2efc080000-7f2efc0c7000 r-xp 00009000 00:204 143899507729              /mnt/primary/conda-envs/semantic_uncertainty_export/lib/python3.11/site-packages/pandas/_libs/window/aggregations.cpython-311-x86_64-linux-gnu.so
7f2efc0c7000-7f2efc0d0000 r--p 00050000 00:204 143899507729              /mnt/primary/conda-envs/semantic_uncertainty_export/lib/python3.11/site-packages/pandas/_libs/window/aggregations.cpython-311-x86_64-linux-gnu.so
7f2efc0d0000-7f2efc0d1000 ---p 00059000 00:204 143899507729              /mnt/primary/conda-envs/semantic_uncertainty_export/lib/python3.11/site-packages/pandas/_libs/window/aggregations.cpython-311-x86_64-linux-gnu.so
7f2efc0d1000-7f2efc0d2000 r--p 00059000 00:204 143899507729              /mnt/primary/conda-envs/semantic_uncertainty_export/lib/python3.11/site-packages/pandas/_libs/window/aggregations.cpython-311-x86_64-linux-gnu.so
7f2efc0d2000-7f2efc0d7000 rw-p 0005a000 00:204 143899507729              /mnt/primary/conda-envs/semantic_uncertainty_export/lib/python3.11/site-packages/pandas/_libs/window/aggregations.cpython-311-x86_64-linux-gnu.so
7f2efc0d7000-7f2efc1d9000 rw-p 00000000 00:00 0 
7f2efc1d9000-7f2efc1e7000 r--p 00000000 00:204 141832290850              /mnt/primary/conda-envs/semantic_uncertainty_export/lib/python3.11/site-packages/pandas/_libs/join.cpython-311-x86_64-linux-gnu.so
7f2efc1e7000-7f2efc3f6000 r-xp 0000e000 00:204 141832290850              /mnt/primary/conda-envs/semantic_uncertainty_export/lib/python3.11/site-packages/pandas/_libs/join.cpython-311-x86_64-linux-gnu.so
7f2efc3f6000-7f2efc40d000 r--p 0021d000 00:204 141832290850              /mnt/primary/conda-envs/semantic_uncertainty_export/lib/python3.11/site-packages/pandas/_libs/join.cpython-311-x86_64-linux-gnu.so
7f2efc40d000-7f2efc40e000 r--p 00233000 00:204 141832290850              /mnt/primary/conda-envs/semantic_uncertainty_export/lib/python3.11/site-packages/pandas/_libs/join.cpython-311-x86_64-linux-gnu.so
7f2efc40e000-7f2efc416000 rw-p 00234000 00:204 141832290850              /mnt/primary/conda-envs/semantic_uncertainty_export/lib/python3.11/site-packages/pandas/_libs/join.cpython-311-x86_64-linux-gnu.so
7f2efc416000-7f2efc519000 rw-p 00000000 00:00 0 
7f2efc519000-7f2efc526000 r--p 00000000 00:204 141832290856              /mnt/primary/conda-envs/semantic_uncertainty_export/lib/python3.11/site-packages/pandas/_libs/index.cpython-311-x86_64-linux-gnu.so
7f2efc526000-7f2efc5db000 r-xp 0000d000 00:204 141832290856              /mnt/primary/conda-envs/semantic_uncertainty_export/lib/python3.11/site-packages/pandas/_libs/index.cpython-311-x86_64-linux-gnu.so
7f2efc5db000-7f2efc5f1000 r--p 000c2000 00:204 141832290856              /mnt/primary/conda-envs/semantic_uncertainty_export/lib/python3.11/site-packages/pandas/_libs/index.cpython-311-x86_64-linux-gnu.so
7f2efc5f1000-7f2efc5f2000 r--p 000d7000 00:204 141832290856              /mnt/primary/conda-envs/semantic_uncertainty_export/lib/python3.11/site-packages/pandas/_libs/index.cpython-311-x86_64-linux-gnu.so
7f2efc5f2000-7f2efc5fe000 rw-p 000d8000 00:204 141832290856              /mnt/primary/conda-envs/semantic_uncertainty_export/lib/python3.11/site-packages/pandas/_libs/index.cpython-311-x86_64-linux-gnu.so
7f2efc5fe000-7f2efca00000 rw-p 00000000 00:00 0 
7f2efca00000-7f2efca01000 ---p 00000000 00:00 0 
7f2efca01000-7f2efd201000 rw-p 00000000 00:00 0 
7f2efd202000-7f2efd204000 r--p 00000000 00:204 98787428892               /mnt/primary/conda-envs/semantic_uncertainty_export/lib/python3.11/site-packages/scipy/optimize/_minpack2.cpython-311-x86_64-linux-gnu.so
7f2efd204000-7f2efd20a000 r-xp 00002000 00:204 98787428892               /mnt/primary/conda-envs/semantic_uncertainty_export/lib/python3.11/site-packages/scipy/optimize/_minpack2.cpython-311-x86_64-linux-gnu.so
7f2efd20a000-7f2efd20c000 r--p 00008000 00:204 98787428892               /mnt/primary/conda-envs/semantic_uncertainty_export/lib/python3.11/site-packages/scipy/optimize/_minpack2.cpython-311-x86_64-linux-gnu.so
7f2efd20c000-7f2efd20d000 r--p 00009000 00:204 98787428892               /mnt/primary/conda-envs/semantic_uncertainty_export/lib/python3.11/site-packages/scipy/optimize/_minpack2.cpython-311-x86_64-linux-gnu.so
7f2efd20d000-7f2efd20e000 rw-p 0000a000 00:204 98787428892               /mnt/primary/conda-envs/semantic_uncertainty_export/lib/python3.11/site-packages/scipy/optimize/_minpack2.cpython-311-x86_64-linux-gnu.so
7f2efd20e000-7f2efd217000 r--p 00000000 00:204 141832290865              /mnt/primary/conda-envs/semantic_uncertainty_export/lib/python3.11/site-packages/pandas/_libs/sparse.cpython-311-x86_64-linux-gnu.so
7f2efd217000-7f2efd2d3000 r-xp 00009000 00:204 141832290865              /mnt/primary/conda-envs/semantic_uncertainty_export/lib/python3.11/site-packages/pandas/_libs/sparse.cpython-311-x86_64-linux-gnu.so
7f2efd2d3000-7f2efd2e2000 r--p 000c5000 00:204 141832290865              /mnt/primary/conda-envs/semantic_uncertainty_export/lib/python3.11/site-packages/pandas/_libs/sparse.cpython-311-x86_64-linux-gnu.so
7f2efd2e2000-7f2efd2e3000 r--p 000d3000 00:204 141832290865              /mnt/primary/conda-envs/semantic_uncertainty_export/lib/python3.11/site-packages/pandas/_libs/sparse.cpython-311-x86_64-linux-gnu.so
7f2efd2e3000-7f2efd2e9000 rw-p 000d4000 00:204 141832290865              /mnt/primary/conda-envs/semantic_uncertainty_export/lib/python3.11/site-packages/pandas/_libs/sparse.cpython-311-x86_64-linux-gnu.so
7f2efd2e9000-7f2efd2ea000 rw-p 00000000 00:00 0 
7f2efd2ea000-7f2efd318000 r--p 00000000 00:204 170174514215              /mnt/primary/conda-envs/semantic_uncertainty_export/lib/python3.11/site-packages/pyarrow/_compute.cpython-311-x86_64-linux-gnu.so
7f2efd318000-7f2efd3b9000 r-xp 0002e000 00:204 170174514215              /mnt/primary/conda-envs/semantic_uncertainty_export/lib/python3.11/site-packages/pyarrow/_compute.cpython-311-x86_64-linux-gnu.so
7f2efd3b9000-7f2efd3ec000 r--p 000cf000 00:204 170174514215              /mnt/primary/conda-envs/semantic_uncertainty_export/lib/python3.11/site-packages/pyarrow/_compute.cpython-311-x86_64-linux-gnu.so
7f2efd3ec000-7f2efd3ef000 r--p 00101000 00:204 170174514215              /mnt/primary/conda-envs/semantic_uncertainty_export/lib/python3.11/site-packages/pyarrow/_compute.cpython-311-x86_64-linux-gnu.so
7f2efd3ef000-7f2efd3fc000 rw-p 00104000 00:204 170174514215              /mnt/primary/conda-envs/semantic_uncertainty_export/lib/python3.11/site-packages/pyarrow/_compute.cpython-311-x86_64-linux-gnu.so
7f2efd3fc000-7f2efd400000 rw-p 00000000 00:00 0 
7f2efd400000-7f2efd401000 ---p 00000000 00:00 0 
7f2efd401000-7f2efdc01000 rw-p 00000000 00:00 0 
7f2efdc08000-7f2efdc0b000 r--p 00000000 00:204 49458313786               /mnt/primary/conda-envs/semantic_uncertainty_export/lib/python3.11/site-packages/scipy/special/_comb.cpython-311-x86_64-linux-gnu.so
7f2efdc0b000-7f2efdc0f000 r-xp 00003000 00:204 49458313786               /mnt/primary/conda-envs/semantic_uncertainty_export/lib/python3.11/site-packages/scipy/special/_comb.cpython-311-x86_64-linux-gnu.so
7f2efdc0f000-7f2efdc10000 r--p 00007000 00:204 49458313786               /mnt/primary/conda-envs/semantic_uncertainty_export/lib/python3.11/site-packages/scipy/special/_comb.cpython-311-x86_64-linux-gnu.so
7f2efdc10000-7f2efdc11000 r--p 00007000 00:204 49458313786               /mnt/primary/conda-envs/semantic_uncertainty_export/lib/python3.11/site-packages/scipy/special/_comb.cpython-311-x86_64-linux-gnu.so
7f2efdc11000-7f2efdc12000 rw-p 00008000 00:204 49458313786               /mnt/primary/conda-envs/semantic_uncertainty_export/lib/python3.11/site-packages/scipy/special/_comb.cpython-311-x86_64-linux-gnu.so
7f2efdc12000-7f2efdc14000 r--p 00000000 00:204 45438459395               /mnt/primary/conda-envs/semantic_uncertainty_export/lib/python3.11/lib-dynload/cmath.cpython-311-x86_64-linux-gnu.so
7f2efdc14000-7f2efdc1e000 r-xp 00002000 00:204 45438459395               /mnt/primary/conda-envs/semantic_uncertainty_export/lib/python3.11/lib-dynload/cmath.cpython-311-x86_64-linux-gnu.so
7f2efdc1e000-7f2efdc20000 r--p 0000c000 00:204 45438459395               /mnt/primary/conda-envs/semantic_uncertainty_export/lib/python3.11/lib-dynload/cmath.cpython-311-x86_64-linux-gnu.so
7f2efdc20000-7f2efdc21000 ---p 0000e000 00:204 45438459395               /mnt/primary/conda-envs/semantic_uncertainty_export/lib/python3.11/lib-dynload/cmath.cpython-311-x86_64-linux-gnu.so
7f2efdc21000-7f2efdc22000 r--p 0000e000 00:204 45438459395               /mnt/primary/conda-envs/semantic_uncertainty_export/lib/python3.11/lib-dynload/cmath.cpython-311-x86_64-linux-gnu.so
7f2efdc22000-7f2efdc23000 rw-p 0000f000 00:204 45438459395               /mnt/primary/conda-envs/semantic_uncertainty_export/lib/python3.11/lib-dynload/cmath.cpython-311-x86_64-linux-gnu.so
7f2efdc23000-7f2efdc25000 rw-p 00000000 00:00 0 
7f2efdc25000-7f2efdc2a000 r--p 00000000 00:204 143899507730              /mnt/primary/conda-envs/semantic_uncertainty_export/lib/python3.11/site-packages/pandas/_libs/window/indexers.cpython-311-x86_64-linux-gnu.so
7f2efdc2a000-7f2efdc49000 r-xp 00005000 00:204 143899507730              /mnt/primary/conda-envs/semantic_uncertainty_export/lib/python3.11/site-packages/pandas/_libs/window/indexers.cpython-311-x86_64-linux-gnu.so
7f2efdc49000-7f2efdc4f000 r--p 00024000 00:204 143899507730              /mnt/primary/conda-envs/semantic_uncertainty_export/lib/python3.11/site-packages/pandas/_libs/window/indexers.cpython-311-x86_64-linux-gnu.so
7f2efdc4f000-7f2efdc50000 r--p 00029000 00:204 143899507730              /mnt/primary/conda-envs/semantic_uncertainty_export/lib/python3.11/site-packages/pandas/_libs/window/indexers.cpython-311-x86_64-linux-gnu.so
7f2efdc50000-7f2efdc53000 rw-p 0002a000 00:204 143899507730              /mnt/primary/conda-envs/semantic_uncertainty_export/lib/python3.11/site-packages/pandas/_libs/window/indexers.cpython-311-x86_64-linux-gnu.so
7f2efdc53000-7f2efdc5c000 r--p 00000000 00:204 141832290857              /mnt/primary/conda-envs/semantic_uncertainty_export/lib/python3.11/site-packages/pandas/_libs/internals.cpython-311-x86_64-linux-gnu.so
7f2efdc5c000-7f2efdca2000 r-xp 00009000 00:204 141832290857              /mnt/primary/conda-envs/semantic_uncertainty_export/lib/python3.11/site-packages/pandas/_libs/internals.cpython-311-x86_64-linux-gnu.so
7f2efdca2000-7f2efdcad000 r--p 0004f000 00:204 141832290857              /mnt/primary/conda-envs/semantic_uncertainty_export/lib/python3.11/site-packages/pandas/_libs/internals.cpython-311-x86_64-linux-gnu.so
7f2efdcad000-7f2efdcae000 r--p 00059000 00:204 141832290857              /mnt/primary/conda-envs/semantic_uncertainty_export/lib/python3.11/site-packages/pandas/_libs/internals.cpython-311-x86_64-linux-gnu.so
7f2efdcae000-7f2efdcb4000 rw-p 0005a000 00:204 141832290857              /mnt/primary/conda-envs/semantic_uncertainty_export/lib/python3.11/site-packages/pandas/_libs/internals.cpython-311-x86_64-linux-gnu.so
7f2efdcb4000-7f2efdcb6000 rw-p 00000000 00:00 0 
7f2efdcb6000-7f2efdcbd000 r--p 00000000 00:204 141832290837              /mnt/primary/conda-envs/semantic_uncertainty_export/lib/python3.11/site-packages/pandas/_libs/tslib.cpython-311-x86_64-linux-gnu.so
7f2efdcbd000-7f2efdcf2000 r-xp 00007000 00:204 141832290837              /mnt/primary/conda-envs/semantic_uncertainty_export/lib/python3.11/site-packages/pandas/_libs/tslib.cpython-311-x86_64-linux-gnu.so
7f2efdcf2000-7f2efdcfa000 r--p 0003c000 00:204 141832290837              /mnt/primary/conda-envs/semantic_uncertainty_export/lib/python3.11/site-packages/pandas/_libs/tslib.cpython-311-x86_64-linux-gnu.so
7f2efdcfa000-7f2efdcfb000 r--p 00043000 00:204 141832290837              /mnt/primary/conda-envs/semantic_uncertainty_export/lib/python3.11/site-packages/pandas/_libs/tslib.cpython-311-x86_64-linux-gnu.so
7f2efdcfb000-7f2efdd00000 rw-p 00044000 00:204 141832290837              /mnt/primary/conda-envs/semantic_uncertainty_export/lib/python3.11/site-packages/pandas/_libs/tslib.cpython-311-x86_64-linux-gnu.so
7f2efdd00000-7f2efde00000 rw-p 00000000 00:00 0 
7f2efde00000-7f2efe200000 rw-p 00000000 00:00 0 
7f2efe203000-7f2efe216000 r--p 00000000 00:204 141832290870              /mnt/primary/conda-envs/semantic_uncertainty_export/lib/python3.11/site-packages/pandas/_libs/algos.cpython-311-x86_64-linux-gnu.so
7f2efe216000-7f2efe3cb000 r-xp 00013000 00:204 141832290870              /mnt/primary/conda-envs/semantic_uncertainty_export/lib/python3.11/site-packages/pandas/_libs/algos.cpython-311-x86_64-linux-gnu.so
7f2efe3cb000-7f2efe3ee000 r--p 001c8000 00:204 141832290870              /mnt/primary/conda-envs/semantic_uncertainty_export/lib/python3.11/site-packages/pandas/_libs/algos.cpython-311-x86_64-linux-gnu.so
7f2efe3ee000-7f2efe3ef000 r--p 001ea000 00:204 141832290870              /mnt/primary/conda-envs/semantic_uncertainty_export/lib/python3.11/site-packages/pandas/_libs/algos.cpython-311-x86_64-linux-gnu.so
7f2efe3ef000-7f2efe3fc000 rw-p 001eb000 00:204 141832290870              /mnt/primary/conda-envs/semantic_uncertainty_export/lib/python3.11/site-packages/pandas/_libs/algos.cpython-311-x86_64-linux-gnu.so
7f2efe3fc000-7f2efe400000 rw-p 00000000 00:00 0 
7f2efe400000-7f2efe600000 rw-p 00000000 00:00 0 
7f2efe603000-7f2efe60a000 r--p 00000000 00:204 141832290863              /mnt/primary/conda-envs/semantic_uncertainty_export/lib/python3.11/site-packages/pandas/_libs/writers.cpython-311-x86_64-linux-gnu.so
7f2efe60a000-7f2efe62e000 r-xp 00007000 00:204 141832290863              /mnt/primary/conda-envs/semantic_uncertainty_export/lib/python3.11/site-packages/pandas/_libs/writers.cpython-311-x86_64-linux-gnu.so
7f2efe62e000-7f2efe635000 r--p 0002b000 00:204 141832290863              /mnt/primary/conda-envs/semantic_uncertainty_export/lib/python3.11/site-packages/pandas/_libs/writers.cpython-311-x86_64-linux-gnu.so
7f2efe635000-7f2efe636000 r--p 00031000 00:204 141832290863              /mnt/primary/conda-envs/semantic_uncertainty_export/lib/python3.11/site-packages/pandas/_libs/writers.cpython-311-x86_64-linux-gnu.so
7f2efe636000-7f2efe63a000 rw-p 00032000 00:204 141832290863              /mnt/primary/conda-envs/semantic_uncertainty_export/lib/python3.11/site-packages/pandas/_libs/writers.cpython-311-x86_64-linux-gnu.so
7f2efe63a000-7f2efe63b000 rw-p 00000000 00:00 0 
7f2efe63b000-7f2efe641000 r--p 00000000 00:204 141832290855              /mnt/primary/conda-envs/semantic_uncertainty_export/lib/python3.11/site-packages/pandas/_libs/ops.cpython-311-x86_64-linux-gnu.so
7f2efe641000-7f2efe66b000 r-xp 00006000 00:204 141832290855              /mnt/primary/conda-envs/semantic_uncertainty_export/lib/python3.11/site-packages/pandas/_libs/ops.cpython-311-x86_64-linux-gnu.so
7f2efe66b000-7f2efe672000 r--p 00030000 00:204 141832290855              /mnt/primary/conda-envs/semantic_uncertainty_export/lib/python3.11/site-packages/pandas/_libs/ops.cpython-311-x86_64-linux-gnu.so
7f2efe672000-7f2efe673000 r--p 00036000 00:204 141832290855              /mnt/primary/conda-envs/semantic_uncertainty_export/lib/python3.11/site-packages/pandas/_libs/ops.cpython-311-x86_64-linux-gnu.so
7f2efe673000-7f2efe677000 rw-p 00037000 00:204 141832290855              /mnt/primary/conda-envs/semantic_uncertainty_export/lib/python3.11/site-packages/pandas/_libs/ops.cpython-311-x86_64-linux-gnu.so
7f2efe677000-7f2efe685000 r--p 00000000 00:204 141832290872              /mnt/primary/conda-envs/semantic_uncertainty_export/lib/python3.11/site-packages/pandas/_libs/lib.cpython-311-x86_64-linux-gnu.so
7f2efe685000-7f2efe70c000 r-xp 0000e000 00:204 141832290872              /mnt/primary/conda-envs/semantic_uncertainty_export/lib/python3.11/site-packages/pandas/_libs/lib.cpython-311-x86_64-linux-gnu.so
7f2efe70c000-7f2efe71f000 r--p 00095000 00:204 141832290872              /mnt/primary/conda-envs/semantic_uncertainty_export/lib/python3.11/site-packages/pandas/_libs/lib.cpython-311-x86_64-linux-gnu.so
7f2efe71f000-7f2efe720000 r--p 000a7000 00:204 141832290872              /mnt/primary/conda-envs/semantic_uncertainty_export/lib/python3.11/site-packages/pandas/_libs/lib.cpython-311-x86_64-linux-gnu.so
7f2efe720000-7f2efe72f000 rw-p 000a8000 00:204 141832290872              /mnt/primary/conda-envs/semantic_uncertainty_export/lib/python3.11/site-packages/pandas/_libs/lib.cpython-311-x86_64-linux-gnu.so
7f2efe72f000-7f2efe731000 rw-p 00000000 00:00 0 
7f2efe731000-7f2efe73c000 r--p 00000000 00:204 146028901890              /mnt/primary/conda-envs/semantic_uncertainty_export/lib/python3.11/site-packages/pandas/_libs/tslibs/period.cpython-311-x86_64-linux-gnu.so
7f2efe73c000-7f2efe78b000 r-xp 0000b000 00:204 146028901890              /mnt/primary/conda-envs/semantic_uncertainty_export/lib/python3.11/site-packages/pandas/_libs/tslibs/period.cpython-311-x86_64-linux-gnu.so
7f2efe78b000-7f2efe7a0000 r--p 0005a000 00:204 146028901890              /mnt/primary/conda-envs/semantic_uncertainty_export/lib/python3.11/site-packages/pandas/_libs/tslibs/period.cpython-311-x86_64-linux-gnu.so
7f2efe7a0000-7f2efe7a1000 r--p 0006e000 00:204 146028901890              /mnt/primary/conda-envs/semantic_uncertainty_export/lib/python3.11/site-packages/pandas/_libs/tslibs/period.cpython-311-x86_64-linux-gnu.so
7f2efe7a1000-7f2efe7ab000 rw-p 0006f000 00:204 146028901890              /mnt/primary/conda-envs/semantic_uncertainty_export/lib/python3.11/site-packages/pandas/_libs/tslibs/period.cpython-311-x86_64-linux-gnu.so
7f2efe7ab000-7f2efe7ac000 rw-p 00000000 00:00 0 
7f2efe7ac000-7f2efe7b5000 r--p 00000000 00:204 146028901896              /mnt/primary/conda-envs/semantic_uncertainty_export/lib/python3.11/site-packages/pandas/_libs/tslibs/strptime.cpython-311-x86_64-linux-gnu.so
7f2efe7b5000-7f2efe7f0000 r-xp 00009000 00:204 146028901896              /mnt/primary/conda-envs/semantic_uncertainty_export/lib/python3.11/site-packages/pandas/_libs/tslibs/strptime.cpython-311-x86_64-linux-gnu.so
7f2efe7f0000-7f2efe7f9000 r--p 00044000 00:204 146028901896              /mnt/primary/conda-envs/semantic_uncertainty_export/lib/python3.11/site-packages/pandas/_libs/tslibs/strptime.cpython-311-x86_64-linux-gnu.so
7f2efe7f9000-7f2efe7fa000 r--p 0004c000 00:204 146028901896              /mnt/primary/conda-envs/semantic_uncertainty_export/lib/python3.11/site-packages/pandas/_libs/tslibs/strptime.cpython-311-x86_64-linux-gnu.so
7f2efe7fa000-7f2efe7ff000 rw-p 0004d000 00:204 146028901896              /mnt/primary/conda-envs/semantic_uncertainty_export/lib/python3.11/site-packages/pandas/_libs/tslibs/strptime.cpython-311-x86_64-linux-gnu.so
7f2efe7ff000-7f2efe800000 rw-p 00000000 00:00 0 
7f2efe800000-7f2efea00000 rw-p 00000000 00:00 0 
7f2efea02000-7f2efea08000 r--p 00000000 00:204 147963220527              /mnt/primary/conda-envs/semantic_uncertainty_export/lib/python3.11/site-packages/pandas/_libs/tslibs/vectorized.cpython-311-x86_64-linux-gnu.so
7f2efea08000-7f2efea2d000 r-xp 00006000 00:204 147963220527              /mnt/primary/conda-envs/semantic_uncertainty_export/lib/python3.11/site-packages/pandas/_libs/tslibs/vectorized.cpython-311-x86_64-linux-gnu.so
7f2efea2d000-7f2efea34000 r--p 0002b000 00:204 147963220527              /mnt/primary/conda-envs/semantic_uncertainty_export/lib/python3.11/site-packages/pandas/_libs/tslibs/vectorized.cpython-311-x86_64-linux-gnu.so
7f2efea34000-7f2efea35000 r--p 00031000 00:204 147963220527              /mnt/primary/conda-envs/semantic_uncertainty_export/lib/python3.11/site-packages/pandas/_libs/tslibs/vectorized.cpython-311-x86_64-linux-gnu.so
7f2efea35000-7f2efea38000 rw-p 00032000 00:204 147963220527              /mnt/primary/conda-envs/semantic_uncertainty_export/lib/python3.11/site-packages/pandas/_libs/tslibs/vectorized.cpython-311-x86_64-linux-gnu.so
7f2efea38000-7f2efea39000 rw-p 00000000 00:00 0 
7f2efea39000-7f2efea43000 r--p 00000000 00:204 146028901912              /mnt/primary/conda-envs/semantic_uncertainty_export/lib/python3.11/site-packages/pandas/_libs/tslibs/parsing.cpython-311-x86_64-linux-gnu.so
7f2efea43000-7f2efea92000 r-xp 0000a000 00:204 146028901912              /mnt/primary/conda-envs/semantic_uncertainty_export/lib/python3.11/site-packages/pandas/_libs/tslibs/parsing.cpython-311-x86_64-linux-gnu.so
7f2efea92000-7f2efea9e000 r--p 00059000 00:204 146028901912              /mnt/primary/conda-envs/semantic_uncertainty_export/lib/python3.11/site-packages/pandas/_libs/tslibs/parsing.cpython-311-x86_64-linux-gnu.so
7f2efea9e000-7f2efea9f000 r--p 00064000 00:204 146028901912              /mnt/primary/conda-envs/semantic_uncertainty_export/lib/python3.11/site-packages/pandas/_libs/tslibs/parsing.cpython-311-x86_64-linux-gnu.so
7f2efea9f000-7f2efeaa6000 rw-p 00065000 00:204 146028901912              /mnt/primary/conda-envs/semantic_uncertainty_export/lib/python3.11/site-packages/pandas/_libs/tslibs/parsing.cpython-311-x86_64-linux-gnu.so
7f2efeaa6000-7f2efeba7000 rw-p 00000000 00:00 0 
7f2efeba7000-7f2efed5b000 r--p 00000000 00:204 169691131415              /mnt/primary/conda-envs/semantic_uncertainty_export/lib/python3.11/site-packages/pyarrow/libparquet.so.2000
7f2efed5b000-7f2eff25c000 r-xp 001b4000 00:204 169691131415              /mnt/primary/conda-envs/semantic_uncertainty_export/lib/python3.11/site-packages/pyarrow/libparquet.so.2000
7f2eff25c000-7f2eff3bd000 r--p 006b5000 00:204 169691131415              /mnt/primary/conda-envs/semantic_uncertainty_export/lib/python3.11/site-packages/pyarrow/libparquet.so.2000
7f2eff3bd000-7f2eff43b000 r--p 00815000 00:204 169691131415              /mnt/primary/conda-envs/semantic_uncertainty_export/lib/python3.11/site-packages/pyarrow/libparquet.so.2000
7f2eff43b000-7f2eff449000 rw-p 00893000 00:204 169691131415              /mnt/primary/conda-envs/semantic_uncertainty_export/lib/python3.11/site-packages/pyarrow/libparquet.so.2000
7f2eff449000-7f2eff44c000 rw-p 00000000 00:00 0 
7f2eff44c000-7f2eff4c0000 r--p 00000000 00:204 169691131414              /mnt/primary/conda-envs/semantic_uncertainty_export/lib/python3.11/site-packages/pyarrow/libarrow_substrait.so.2000
7f2eff4c0000-7f2eff6fc000 r-xp 00074000 00:204 169691131414              /mnt/primary/conda-envs/semantic_uncertainty_export/lib/python3.11/site-packages/pyarrow/libarrow_substrait.so.2000
7f2eff6fc000-7f2eff7b5000 r--p 002b0000 00:204 169691131414              /mnt/primary/conda-envs/semantic_uncertainty_export/lib/python3.11/site-packages/pyarrow/libarrow_substrait.so.2000
7f2eff7b5000-7f2eff7b6000 ---p 00369000 00:204 169691131414              /mnt/primary/conda-envs/semantic_uncertainty_export/lib/python3.11/site-packages/pyarrow/libarrow_substrait.so.2000
7f2eff7b6000-7f2eff7c8000 r--p 00369000 00:204 169691131414              /mnt/primary/conda-envs/semantic_uncertainty_export/lib/python3.11/site-packages/pyarrow/libarrow_substrait.so.2000
7f2eff7c8000-7f2eff7cd000 rw-p 0037b000 00:204 169691131414              /mnt/primary/conda-envs/semantic_uncertainty_export/lib/python3.11/site-packages/pyarrow/libarrow_substrait.so.2000
7f2eff7cd000-7f2eff7cf000 rw-p 00000000 00:00 0 
7f2eff7cf000-7f2eff81e000 r--p 00000000 00:204 70925084687               /mnt/primary/conda-envs/semantic_uncertainty_export/lib/libmkl_vml_def.so.2
7f2eff81e000-7f2effd16000 r-xp 0004f000 00:204 70925084687               /mnt/primary/conda-envs/semantic_uncertainty_export/lib/libmkl_vml_def.so.2
7f2effd16000-7f2efffc7000 r--p 00547000 00:204 70925084687               /mnt/primary/conda-envs/semantic_uncertainty_export/lib/libmkl_vml_def.so.2
7f2efffc7000-7f2efffc8000 ---p 007f8000 00:204 70925084687               /mnt/primary/conda-envs/semantic_uncertainty_export/lib/libmkl_vml_def.so.2
7f2efffc8000-7f2efffcb000 r--p 007f8000 00:204 70925084687               /mnt/primary/conda-envs/semantic_uncertainty_export/lib/libmkl_vml_def.so.2
7f2efffcb000-7f2efffe5000 rw-p 007fb000 00:204 70925084687               /mnt/primary/conda-envs/semantic_uncertainty_export/lib/libmkl_vml_def.so.2
7f2efffe5000-7f2efffe6000 rw-p 00000000 00:00 0 
7f2efffe6000-7f2f00000000 rw-p 0085f000 00:204 70925084687               /mnt/primary/conda-envs/semantic_uncertainty_export/lib/libmkl_vml_def.so.2
7f2f00000000-7f2f00021000 rw-p 00000000 00:00 0 
7f2f00021000-7f2f04000000 ---p 00000000 00:00 0 
7f2f04001000-7f2f04002000 r--p 00000000 00:204 98787428873               /mnt/primary/conda-envs/semantic_uncertainty_export/lib/python3.11/site-packages/scipy/optimize/_lsap.cpython-311-x86_64-linux-gnu.so
7f2f04002000-7f2f04004000 r-xp 00001000 00:204 98787428873               /mnt/primary/conda-envs/semantic_uncertainty_export/lib/python3.11/site-packages/scipy/optimize/_lsap.cpython-311-x86_64-linux-gnu.so
7f2f04004000-7f2f04006000 r--p 00003000 00:204 98787428873               /mnt/primary/conda-envs/semantic_uncertainty_export/lib/python3.11/site-packages/scipy/optimize/_lsap.cpython-311-x86_64-linux-gnu.so
7f2f04006000-7f2f04007000 r--p 00004000 00:204 98787428873               /mnt/primary/conda-envs/semantic_uncertainty_export/lib/python3.11/site-packages/scipy/optimize/_lsap.cpython-311-x86_64-linux-gnu.so
7f2f04007000-7f2f04008000 rw-p 00005000 00:204 98787428873               /mnt/primary/conda-envs/semantic_uncertainty_export/lib/python3.11/site-packages/scipy/optimize/_lsap.cpython-311-x86_64-linux-gnu.so
7f2f04008000-7f2f04108000 rw-p 00000000 00:00 0 
7f2f04108000-7f2f04153000 r--p 00000000 00:204 169691131396              /mnt/primary/conda-envs/semantic_uncertainty_export/lib/python3.11/site-packages/pyarrow/lib.cpython-311-x86_64-linux-gnu.so
7f2f04153000-7f2f043d4000 r-xp 0004b000 00:204 169691131396              /mnt/primary/conda-envs/semantic_uncertainty_export/lib/python3.11/site-packages/pyarrow/lib.cpython-311-x86_64-linux-gnu.so
7f2f043d4000-7f2f044cc000 r--p 002cc000 00:204 169691131396              /mnt/primary/conda-envs/semantic_uncertainty_export/lib/python3.11/site-packages/pyarrow/lib.cpython-311-x86_64-linux-gnu.so
7f2f044cc000-7f2f044ce000 r--p 003c3000 00:204 169691131396              /mnt/primary/conda-envs/semantic_uncertainty_export/lib/python3.11/site-packages/pyarrow/lib.cpython-311-x86_64-linux-gnu.so
7f2f044ce000-7f2f044f6000 rw-p 003c5000 00:204 169691131396              /mnt/primary/conda-envs/semantic_uncertainty_export/lib/python3.11/site-packages/pyarrow/lib.cpython-311-x86_64-linux-gnu.so
7f2f044f6000-7f2f04504000 rw-p 00000000 00:00 0 
7f2f04504000-7f2f045e3000 r--p 00000000 00:204 70924951600               /mnt/primary/conda-envs/semantic_uncertainty_export/lib/libmkl_def.so.2
7f2f045e3000-7f2f06b21000 r-xp 000df000 00:204 70924951600               /mnt/primary/conda-envs/semantic_uncertainty_export/lib/libmkl_def.so.2
7f2f06b21000-7f2f06c91000 r--p 0261d000 00:204 70924951600               /mnt/primary/conda-envs/semantic_uncertainty_export/lib/libmkl_def.so.2
7f2f06c91000-7f2f06c94000 r--p 0278c000 00:204 70924951600               /mnt/primary/conda-envs/semantic_uncertainty_export/lib/libmkl_def.so.2
7f2f06c94000-7f2f06c9a000 rw-p 0278f000 00:204 70924951600               /mnt/primary/conda-envs/semantic_uncertainty_export/lib/libmkl_def.so.2
7f2f06c9a000-7f2f06c9b000 rw-p 00000000 00:00 0 
7f2f06c9b000-7f2f06d10000 rw-p 02888000 00:204 70924951600               /mnt/primary/conda-envs/semantic_uncertainty_export/lib/libmkl_def.so.2
7f2f06d10000-7f2f06f41000 r--p 00000000 00:204 70924951610               /mnt/primary/conda-envs/semantic_uncertainty_export/lib/libmkl_intel_lp64.so.2
7f2f06f41000-7f2f07a64000 r-xp 00231000 00:204 70924951610               /mnt/primary/conda-envs/semantic_uncertainty_export/lib/libmkl_intel_lp64.so.2
7f2f07a64000-7f2f07f22000 r--p 00d54000 00:204 70924951610               /mnt/primary/conda-envs/semantic_uncertainty_export/lib/libmkl_intel_lp64.so.2
7f2f07f22000-7f2f07f23000 ---p 01212000 00:204 70924951610               /mnt/primary/conda-envs/semantic_uncertainty_export/lib/libmkl_intel_lp64.so.2
7f2f07f23000-7f2f07f25000 r--p 01212000 00:204 70924951610               /mnt/primary/conda-envs/semantic_uncertainty_export/lib/libmkl_intel_lp64.so.2
7f2f07f25000-7f2f07f43000 rw-p 01214000 00:204 70924951610               /mnt/primary/conda-envs/semantic_uncertainty_export/lib/libmkl_intel_lp64.so.2
7f2f07f43000-7f2f07f4a000 rw-p 00000000 00:00 0 
7f2f07f4a000-7f2f08000000 rw-p 0144c000 00:204 70924951610               /mnt/primary/conda-envs/semantic_uncertainty_export/lib/libmkl_intel_lp64.so.2
7f2f08000000-7f2f08021000 rw-p 00000000 00:00 0 
7f2f08021000-7f2f0c000000 ---p 00000000 00:00 0 
7f2f0c002000-7f2f0c006000 r--p 00000000 00:204 141832290851              /mnt/primary/conda-envs/semantic_uncertainty_export/lib/python3.11/site-packages/pandas/_libs/testing.cpython-311-x86_64-linux-gnu.so
7f2f0c006000-7f2f0c016000 r-xp 00004000 00:204 141832290851              /mnt/primary/conda-envs/semantic_uncertainty_export/lib/python3.11/site-packages/pandas/_libs/testing.cpython-311-x86_64-linux-gnu.so
7f2f0c016000-7f2f0c018000 r--p 00014000 00:204 141832290851              /mnt/primary/conda-envs/semantic_uncertainty_export/lib/python3.11/site-packages/pandas/_libs/testing.cpython-311-x86_64-linux-gnu.so
7f2f0c018000-7f2f0c019000 r--p 00015000 00:204 141832290851              /mnt/primary/conda-envs/semantic_uncertainty_export/lib/python3.11/site-packages/pandas/_libs/testing.cpython-311-x86_64-linux-gnu.so
7f2f0c019000-7f2f0c01b000 rw-p 00016000 00:204 141832290851              /mnt/primary/conda-envs/semantic_uncertainty_export/lib/python3.11/site-packages/pandas/_libs/testing.cpython-311-x86_64-linux-gnu.so
7f2f0c01b000-7f2f0c01f000 r--p 00000000 00:204 141832290868              /mnt/primary/conda-envs/semantic_uncertainty_export/lib/python3.11/site-packages/pandas/_libs/arrays.cpython-311-x86_64-linux-gnu.so
7f2f0c01f000-7f2f0c02e000 r-xp 00004000 00:204 141832290868              /mnt/primary/conda-envs/semantic_uncertainty_export/lib/python3.11/site-packages/pandas/_libs/arrays.cpython-311-x86_64-linux-gnu.so
7f2f0c02e000-7f2f0c031000 r--p 00013000 00:204 141832290868              /mnt/primary/conda-envs/semantic_uncertainty_export/lib/python3.11/site-packages/pandas/_libs/arrays.cpython-311-x86_64-linux-gnu.so
7f2f0c031000-7f2f0c032000 r--p 00015000 00:204 141832290868              /mnt/primary/conda-envs/semantic_uncertainty_export/lib/python3.11/site-packages/pandas/_libs/arrays.cpython-311-x86_64-linux-gnu.so
7f2f0c032000-7f2f0c034000 rw-p 00016000 00:204 141832290868              /mnt/primary/conda-envs/semantic_uncertainty_export/lib/python3.11/site-packages/pandas/_libs/arrays.cpython-311-x86_64-linux-gnu.so
7f2f0c034000-7f2f0c03b000 r--p 00000000 00:204 146028901909              /mnt/primary/conda-envs/semantic_uncertainty_export/lib/python3.11/site-packages/pandas/_libs/tslibs/tzconversion.cpython-311-x86_64-linux-gnu.so
7f2f0c03b000-7f2f0c074000 r-xp 00007000 00:204 146028901909              /mnt/primary/conda-envs/semantic_uncertainty_export/lib/python3.11/site-packages/pandas/_libs/tslibs/tzconversion.cpython-311-x86_64-linux-gnu.so
7f2f0c074000-7f2f0c07c000 r--p 00040000 00:204 146028901909              /mnt/primary/conda-envs/semantic_uncertainty_export/lib/python3.11/site-packages/pandas/_libs/tslibs/tzconversion.cpython-311-x86_64-linux-gnu.so
7f2f0c07c000-7f2f0c07d000 r--p 00047000 00:204 146028901909              /mnt/primary/conda-envs/semantic_uncertainty_export/lib/python3.11/site-packages/pandas/_libs/tslibs/tzconversion.cpython-311-x86_64-linux-gnu.so
7f2f0c07d000-7f2f0c081000 rw-p 00048000 00:204 146028901909              /mnt/primary/conda-envs/semantic_uncertainty_export/lib/python3.11/site-packages/pandas/_libs/tslibs/tzconversion.cpython-311-x86_64-linux-gnu.so
7f2f0c081000-7f2f0c082000 rw-p 00000000 00:00 0 
7f2f0c082000-7f2f0c08a000 r--p 00000000 00:204 147963220530              /mnt/primary/conda-envs/semantic_uncertainty_export/lib/python3.11/site-packages/pandas/_libs/tslibs/fields.cpython-311-x86_64-linux-gnu.so
7f2f0c08a000-7f2f0c0c3000 r-xp 00008000 00:204 147963220530              /mnt/primary/conda-envs/semantic_uncertainty_export/lib/python3.11/site-packages/pandas/_libs/tslibs/fields.cpython-311-x86_64-linux-gnu.so
7f2f0c0c3000-7f2f0c0cc000 r--p 00041000 00:204 147963220530              /mnt/primary/conda-envs/semantic_uncertainty_export/lib/python3.11/site-packages/pandas/_libs/tslibs/fields.cpython-311-x86_64-linux-gnu.so
7f2f0c0cc000-7f2f0c0cd000 r--p 00049000 00:204 147963220530              /mnt/primary/conda-envs/semantic_uncertainty_export/lib/python3.11/site-packages/pandas/_libs/tslibs/fields.cpython-311-x86_64-linux-gnu.so
7f2f0c0cd000-7f2f0c0d2000 rw-p 0004a000 00:204 147963220530              /mnt/primary/conda-envs/semantic_uncertainty_export/lib/python3.11/site-packages/pandas/_libs/tslibs/fields.cpython-311-x86_64-linux-gnu.so
7f2f0c0d2000-7f2f0c1d3000 rw-p 00000000 00:00 0 
7f2f0c1d3000-7f2f0c1ff000 r--p 00000000 00:204 163251150893              /mnt/primary/conda-envs/semantic_uncertainty_export/lib/python3.11/site-packages/numpy/core/_multiarray_umath.cpython-311-x86_64-linux-gnu.so
7f2f0c1ff000-7f2f0c5ed000 r-xp 0002c000 00:204 163251150893              /mnt/primary/conda-envs/semantic_uncertainty_export/lib/python3.11/site-packages/numpy/core/_multiarray_umath.cpython-311-x86_64-linux-gnu.so
7f2f0c5ed000-7f2f0c74a000 r--p 0041a000 00:204 163251150893              /mnt/primary/conda-envs/semantic_uncertainty_export/lib/python3.11/site-packages/numpy/core/_multiarray_umath.cpython-311-x86_64-linux-gnu.so
7f2f0c74a000-7f2f0c74b000 ---p 00577000 00:204 163251150893              /mnt/primary/conda-envs/semantic_uncertainty_export/lib/python3.11/site-packages/numpy/core/_multiarray_umath.cpython-311-x86_64-linux-gnu.so
7f2f0c74b000-7f2f0c74f000 r--p 00577000 00:204 163251150893              /mnt/primary/conda-envs/semantic_uncertainty_export/lib/python3.11/site-packages/numpy/core/_multiarray_umath.cpython-311-x86_64-linux-gnu.so
7f2f0c74f000-7f2f0c771000 rw-p 0057b000 00:204 163251150893              /mnt/primary/conda-envs/semantic_uncertainty_export/lib/python3.11/site-packages/numpy/core/_multiarray_umath.cpython-311-x86_64-linux-gnu.so
7f2f0c771000-7f2f0c791000 rw-p 00000000 00:00 0 
7f2f0c791000-7f2f0cb4b000 r--p 00000000 00:204 70924951612               /mnt/primary/conda-envs/semantic_uncertainty_export/lib/libmkl_intel_thread.so.2
7f2f0cb4b000-7f2f0f307000 r-xp 003ba000 00:204 70924951612               /mnt/primary/conda-envs/semantic_uncertainty_export/lib/libmkl_intel_thread.so.2
7f2f0f307000-7f2f0f79c000 r--p 02b76000 00:204 70924951612               /mnt/primary/conda-envs/semantic_uncertainty_export/lib/libmkl_intel_thread.so.2
7f2f0f79c000-7f2f0f79d000 ---p 0300b000 00:204 70924951612               /mnt/primary/conda-envs/semantic_uncertainty_export/lib/libmkl_intel_thread.so.2
7f2f0f79d000-7f2f0f7a4000 r--p 0300b000 00:204 70924951612               /mnt/primary/conda-envs/semantic_uncertainty_export/lib/libmkl_intel_thread.so.2
7f2f0f7a4000-7f2f0fedd000 rw-p 03012000 00:204 70924951612               /mnt/primary/conda-envs/semantic_uncertainty_export/lib/libmkl_intel_thread.so.2
7f2f0fedd000-7f2f0fef7000 rw-p 00000000 00:00 0 
7f2f0fef7000-7f2f10000000 rw-p 03de0000 00:204 70924951612               /mnt/primary/conda-envs/semantic_uncertainty_export/lib/libmkl_intel_thread.so.2
7f2f10000000-7f2f10021000 rw-p 00000000 00:00 0 
7f2f10021000-7f2f14000000 ---p 00000000 00:00 0 
7f2f14000000-7f2f14002000 r--p 00000000 00:204 141832290834              /mnt/primary/conda-envs/semantic_uncertainty_export/lib/python3.11/site-packages/pandas/_libs/json.cpython-311-x86_64-linux-gnu.so
7f2f14002000-7f2f1400c000 r-xp 00002000 00:204 141832290834              /mnt/primary/conda-envs/semantic_uncertainty_export/lib/python3.11/site-packages/pandas/_libs/json.cpython-311-x86_64-linux-gnu.so
7f2f1400c000-7f2f14010000 r--p 0000c000 00:204 141832290834              /mnt/primary/conda-envs/semantic_uncertainty_export/lib/python3.11/site-packages/pandas/_libs/json.cpython-311-x86_64-linux-gnu.so
7f2f14010000-7f2f14011000 r--p 0000f000 00:204 141832290834              /mnt/primary/conda-envs/semantic_uncertainty_export/lib/python3.11/site-packages/pandas/_libs/json.cpython-311-x86_64-linux-gnu.so
7f2f14011000-7f2f14012000 rw-p 00010000 00:204 141832290834              /mnt/primary/conda-envs/semantic_uncertainty_export/lib/python3.11/site-packages/pandas/_libs/json.cpython-311-x86_64-linux-gnu.so
7f2f14012000-7f2f14014000 r--p 00000000 00:204 58046899230               /mnt/primary/conda-envs/semantic_uncertainty_export/lib/python3.11/site-packages/bottleneck/reduce.cpython-311-x86_64-linux-gnu.so
7f2f14014000-7f2f14026000 r-xp 00002000 00:204 58046899230               /mnt/primary/conda-envs/semantic_uncertainty_export/lib/python3.11/site-packages/bottleneck/reduce.cpython-311-x86_64-linux-gnu.so
7f2f14026000-7f2f14029000 r--p 00014000 00:204 58046899230               /mnt/primary/conda-envs/semantic_uncertainty_export/lib/python3.11/site-packages/bottleneck/reduce.cpython-311-x86_64-linux-gnu.so
7f2f14029000-7f2f1402a000 r--p 00016000 00:204 58046899230               /mnt/primary/conda-envs/semantic_uncertainty_export/lib/python3.11/site-packages/bottleneck/reduce.cpython-311-x86_64-linux-gnu.so
7f2f1402a000-7f2f1402e000 rw-p 00017000 00:204 58046899230               /mnt/primary/conda-envs/semantic_uncertainty_export/lib/python3.11/site-packages/bottleneck/reduce.cpython-311-x86_64-linux-gnu.so
7f2f1402e000-7f2f1403a000 r--p 00000000 00:204 146028901903              /mnt/primary/conda-envs/semantic_uncertainty_export/lib/python3.11/site-packages/pandas/_libs/tslibs/timedeltas.cpython-311-x86_64-linux-gnu.so
7f2f1403a000-7f2f140a3000 r-xp 0000c000 00:204 146028901903              /mnt/primary/conda-envs/semantic_uncertainty_export/lib/python3.11/site-packages/pandas/_libs/tslibs/timedeltas.cpython-311-x86_64-linux-gnu.so
7f2f140a3000-7f2f140b5000 r--p 00075000 00:204 146028901903              /mnt/primary/conda-envs/semantic_uncertainty_export/lib/python3.11/site-packages/pandas/_libs/tslibs/timedeltas.cpython-311-x86_64-linux-gnu.so
7f2f140b5000-7f2f140b6000 r--p 00086000 00:204 146028901903              /mnt/primary/conda-envs/semantic_uncertainty_export/lib/python3.11/site-packages/pandas/_libs/tslibs/timedeltas.cpython-311-x86_64-linux-gnu.so
7f2f140b6000-7f2f140c0000 rw-p 00087000 00:204 146028901903              /mnt/primary/conda-envs/semantic_uncertainty_export/lib/python3.11/site-packages/pandas/_libs/tslibs/timedeltas.cpython-311-x86_64-linux-gnu.so
7f2f140c0000-7f2f141c1000 rw-p 00000000 00:00 0 
7f2f141c1000-7f2f144bd000 r--p 00000000 00:204 70925084674               /mnt/primary/conda-envs/semantic_uncertainty_export/lib/libmkl_rt.so.2
7f2f144bd000-7f2f149db000 r-xp 002fc000 00:204 70925084674               /mnt/primary/conda-envs/semantic_uncertainty_export/lib/libmkl_rt.so.2
7f2f149db000-7f2f14ca0000 r--p 0081a000 00:204 70925084674               /mnt/primary/conda-envs/semantic_uncertainty_export/lib/libmkl_rt.so.2
7f2f14ca0000-7f2f14ca6000 r--p 00ade000 00:204 70925084674               /mnt/primary/conda-envs/semantic_uncertainty_export/lib/libmkl_rt.so.2
7f2f14ca6000-7f2f14ca8000 rw-p 00ae4000 00:204 70925084674               /mnt/primary/conda-envs/semantic_uncertainty_export/lib/libmkl_rt.so.2
7f2f14ca8000-7f2f14cd0000 rw-p 00000000 00:00 0 
7f2f14cd0000-7f2f14e00000 rw-p 00de7000 00:204 70925084674               /mnt/primary/conda-envs/semantic_uncertainty_export/lib/libmkl_rt.so.2
7f2f14e00000-7f2f14e01000 ---p 00000000 00:00 0 
7f2f14e01000-7f2f15601000 rw-p 00000000 00:00 0 
7f2f15602000-7f2f15604000 r--p 00000000 00:204 109564600855              /mnt/primary/conda-envs/semantic_uncertainty_export/lib/python3.11/site-packages/scipy/optimize/_highs/_highs_constants.cpython-311-x86_64-linux-gnu.so
7f2f15604000-7f2f15606000 r-xp 00002000 00:204 109564600855              /mnt/primary/conda-envs/semantic_uncertainty_export/lib/python3.11/site-packages/scipy/optimize/_highs/_highs_constants.cpython-311-x86_64-linux-gnu.so
7f2f15606000-7f2f15607000 r--p 00004000 00:204 109564600855              /mnt/primary/conda-envs/semantic_uncertainty_export/lib/python3.11/site-packages/scipy/optimize/_highs/_highs_constants.cpython-311-x86_64-linux-gnu.so
7f2f15607000-7f2f15608000 r--p 00004000 00:204 109564600855              /mnt/primary/conda-envs/semantic_uncertainty_export/lib/python3.11/site-packages/scipy/optimize/_highs/_highs_constants.cpython-311-x86_64-linux-gnu.so
7f2f15608000-7f2f15609000 rw-p 00005000 00:204 109564600855              /mnt/primary/conda-envs/semantic_uncertainty_export/lib/python3.11/site-packages/scipy/optimize/_highs/_highs_constants.cpython-311-x86_64-linux-gnu.so
7f2f15609000-7f2f1560c000 r--p 00000000 00:204 141832290854              /mnt/primary/conda-envs/semantic_uncertainty_export/lib/python3.11/site-packages/pandas/_libs/indexing.cpython-311-x86_64-linux-gnu.so
7f2f1560c000-7f2f15612000 r-xp 00003000 00:204 141832290854              /mnt/primary/conda-envs/semantic_uncertainty_export/lib/python3.11/site-packages/pandas/_libs/indexing.cpython-311-x86_64-linux-gnu.so
7f2f15612000-7f2f15614000 r--p 00009000 00:204 141832290854              /mnt/primary/conda-envs/semantic_uncertainty_export/lib/python3.11/site-packages/pandas/_libs/indexing.cpython-311-x86_64-linux-gnu.so
7f2f15614000-7f2f15615000 r--p 0000a000 00:204 141832290854              /mnt/primary/conda-envs/semantic_uncertainty_export/lib/python3.11/site-packages/pandas/_libs/indexing.cpython-311-x86_64-linux-gnu.so
7f2f15615000-7f2f15616000 rw-p 0000b000 00:204 141832290854              /mnt/primary/conda-envs/semantic_uncertainty_export/lib/python3.11/site-packages/pandas/_libs/indexing.cpython-311-x86_64-linux-gnu.so
7f2f15616000-7f2f15618000 r--p 00000000 00:204 58046899227               /mnt/primary/conda-envs/semantic_uncertainty_export/lib/python3.11/site-packages/bottleneck/move.cpython-311-x86_64-linux-gnu.so
7f2f15618000-7f2f15628000 r-xp 00002000 00:204 58046899227               /mnt/primary/conda-envs/semantic_uncertainty_export/lib/python3.11/site-packages/bottleneck/move.cpython-311-x86_64-linux-gnu.so
7f2f15628000-7f2f1562a000 r--p 00012000 00:204 58046899227               /mnt/primary/conda-envs/semantic_uncertainty_export/lib/python3.11/site-packages/bottleneck/move.cpython-311-x86_64-linux-gnu.so
7f2f1562a000-7f2f1562b000 r--p 00013000 00:204 58046899227               /mnt/primary/conda-envs/semantic_uncertainty_export/lib/python3.11/site-packages/bottleneck/move.cpython-311-x86_64-linux-gnu.so
7f2f1562b000-7f2f1562f000 rw-p 00014000 00:204 58046899227               /mnt/primary/conda-envs/semantic_uncertainty_export/lib/python3.11/site-packages/bottleneck/move.cpython-311-x86_64-linux-gnu.so
7f2f1562f000-7f2f15644000 r--p 00000000 00:204 141832290833              /mnt/primary/conda-envs/semantic_uncertainty_export/lib/python3.11/site-packages/pandas/_libs/hashtable.cpython-311-x86_64-linux-gnu.so
7f2f15644000-7f2f157b1000 r-xp 00015000 00:204 141832290833              /mnt/primary/conda-envs/semantic_uncertainty_export/lib/python3.11/site-packages/pandas/_libs/hashtable.cpython-311-x86_64-linux-gnu.so
7f2f157b1000-7f2f157d7000 r--p 00182000 00:204 141832290833              /mnt/primary/conda-envs/semantic_uncertainty_export/lib/python3.11/site-packages/pandas/_libs/hashtable.cpython-311-x86_64-linux-gnu.so
7f2f157d7000-7f2f157d8000 r--p 001a7000 00:204 141832290833              /mnt/primary/conda-envs/semantic_uncertainty_export/lib/python3.11/site-packages/pandas/_libs/hashtable.cpython-311-x86_64-linux-gnu.so
7f2f157d8000-7f2f157fa000 rw-p 001a8000 00:204 141832290833              /mnt/primary/conda-envs/semantic_uncertainty_export/lib/python3.11/site-packages/pandas/_libs/hashtable.cpython-311-x86_64-linux-gnu.so
7f2f157fa000-7f2f15800000 rw-p 00000000 00:00 0 
7f2f16002000-7f2f16003000 r--p 00000000 00:204 159264572988              /mnt/primary/conda-envs/semantic_uncertainty_export/lib/python3.11/site-packages/matplotlib/_c_internal_utils.cpython-311-x86_64-linux-gnu.so
7f2f16003000-7f2f16004000 r-xp 00001000 00:204 159264572988              /mnt/primary/conda-envs/semantic_uncertainty_export/lib/python3.11/site-packages/matplotlib/_c_internal_utils.cpython-311-x86_64-linux-gnu.so
7f2f16004000-7f2f16005000 r--p 00002000 00:204 159264572988              /mnt/primary/conda-envs/semantic_uncertainty_export/lib/python3.11/site-packages/matplotlib/_c_internal_utils.cpython-311-x86_64-linux-gnu.so
7f2f16005000-7f2f16006000 r--p 00002000 00:204 159264572988              /mnt/primary/conda-envs/semantic_uncertainty_export/lib/python3.11/site-packages/matplotlib/_c_internal_utils.cpython-311-x86_64-linux-gnu.so
7f2f16006000-7f2f16007000 rw-p 00003000 00:204 159264572988              /mnt/primary/conda-envs/semantic_uncertainty_export/lib/python3.11/site-packages/matplotlib/_c_internal_utils.cpython-311-x86_64-linux-gnu.so
7f2f16007000-7f2f16015000 r--p 00000000 00:204 146028901892              /mnt/primary/conda-envs/semantic_uncertainty_export/lib/python3.11/site-packages/pandas/_libs/tslibs/timestamps.cpython-311-x86_64-linux-gnu.so
7f2f16015000-7f2f16079000 r-xp 0000e000 00:204 146028901892              /mnt/primary/conda-envs/semantic_uncertainty_export/lib/python3.11/site-packages/pandas/_libs/tslibs/timestamps.cpython-311-x86_64-linux-gnu.so
7f2f16079000-7f2f16093000 r--p 00072000 00:204 146028901892              /mnt/primary/conda-envs/semantic_uncertainty_export/lib/python3.11/site-packages/pandas/_libs/tslibs/timestamps.cpython-311-x86_64-linux-gnu.so
7f2f16093000-7f2f16094000 r--p 0008b000 00:204 146028901892              /mnt/primary/conda-envs/semantic_uncertainty_export/lib/python3.11/site-packages/pandas/_libs/tslibs/timestamps.cpython-311-x86_64-linux-gnu.so
7f2f16094000-7f2f160a4000 rw-p 0008c000 00:204 146028901892              /mnt/primary/conda-envs/semantic_uncertainty_export/lib/python3.11/site-packages/pandas/_libs/tslibs/timestamps.cpython-311-x86_64-linux-gnu.so
7f2f160a4000-7f2f160a6000 rw-p 00000000 00:00 0 
7f2f160a6000-7f2f160b5000 r--p 00000000 00:204 141832290878              /mnt/primary/conda-envs/semantic_uncertainty_export/lib/python3.11/site-packages/pandas/_libs/interval.cpython-311-x86_64-linux-gnu.so
7f2f160b5000-7f2f161cf000 r-xp 0000f000 00:204 141832290878              /mnt/primary/conda-envs/semantic_uncertainty_export/lib/python3.11/site-packages/pandas/_libs/interval.cpython-311-x86_64-linux-gnu.so
7f2f161cf000-7f2f161f1000 r--p 00129000 00:204 141832290878              /mnt/primary/conda-envs/semantic_uncertainty_export/lib/python3.11/site-packages/pandas/_libs/interval.cpython-311-x86_64-linux-gnu.so
7f2f161f1000-7f2f161f2000 r--p 0014a000 00:204 141832290878              /mnt/primary/conda-envs/semantic_uncertainty_export/lib/python3.11/site-packages/pandas/_libs/interval.cpython-311-x86_64-linux-gnu.so
7f2f161f2000-7f2f161fe000 rw-p 0014b000 00:204 141832290878              /mnt/primary/conda-envs/semantic_uncertainty_export/lib/python3.11/site-packages/pandas/_libs/interval.cpython-311-x86_64-linux-gnu.so
7f2f161fe000-7f2f16200000 rw-p 00000000 00:00 0 
7f2f16a02000-7f2f16a03000 r--p 00000000 00:204 98787428908               /mnt/primary/conda-envs/semantic_uncertainty_export/lib/python3.11/site-packages/scipy/optimize/_zeros.cpython-311-x86_64-linux-gnu.so
7f2f16a03000-7f2f16a05000 r-xp 00001000 00:204 98787428908               /mnt/primary/conda-envs/semantic_uncertainty_export/lib/python3.11/site-packages/scipy/optimize/_zeros.cpython-311-x86_64-linux-gnu.so
7f2f16a05000-7f2f16a06000 r--p 00003000 00:204 98787428908               /mnt/primary/conda-envs/semantic_uncertainty_export/lib/python3.11/site-packages/scipy/optimize/_zeros.cpython-311-x86_64-linux-gnu.so
7f2f16a06000-7f2f16a07000 r--p 00003000 00:204 98787428908               /mnt/primary/conda-envs/semantic_uncertainty_export/lib/python3.11/site-packages/scipy/optimize/_zeros.cpython-311-x86_64-linux-gnu.so
7f2f16a07000-7f2f16a08000 rw-p 00004000 00:204 98787428908               /mnt/primary/conda-envs/semantic_uncertainty_export/lib/python3.11/site-packages/scipy/optimize/_zeros.cpython-311-x86_64-linux-gnu.so
7f2f16a08000-7f2f16a19000 r--p 00000000 00:204 147963220524              /mnt/primary/conda-envs/semantic_uncertainty_export/lib/python3.11/site-packages/pandas/_libs/tslibs/offsets.cpython-311-x86_64-linux-gnu.so
7f2f16a19000-7f2f16acd000 r-xp 00011000 00:204 147963220524              /mnt/primary/conda-envs/semantic_uncertainty_export/lib/python3.11/site-packages/pandas/_libs/tslibs/offsets.cpython-311-x86_64-linux-gnu.so
7f2f16acd000-7f2f16aea000 r--p 000c5000 00:204 147963220524              /mnt/primary/conda-envs/semantic_uncertainty_export/lib/python3.11/site-packages/pandas/_libs/tslibs/offsets.cpython-311-x86_64-linux-gnu.so
7f2f16aea000-7f2f16aeb000 r--p 000e1000 00:204 147963220524              /mnt/primary/conda-envs/semantic_uncertainty_export/lib/python3.11/site-packages/pandas/_libs/tslibs/offsets.cpython-311-x86_64-linux-gnu.so
7f2f16aeb000-7f2f16afd000 rw-p 000e2000 00:204 147963220524              /mnt/primary/conda-envs/semantic_uncertainty_export/lib/python3.11/site-packages/pandas/_libs/tslibs/offsets.cpython-311-x86_64-linux-gnu.so
7f2f16afd000-7f2f16c00000 rw-p 00000000 00:00 0 
7f2f16c00000-7f2f16c01000 ---p 00000000 00:00 0 
7f2f16c01000-7f2f17401000 rw-p 00000000 00:00 0 
7f2f17404000-7f2f1740b000 r--p 00000000 00:204 146028901911              /mnt/primary/conda-envs/semantic_uncertainty_export/lib/python3.11/site-packages/pandas/_libs/tslibs/timezones.cpython-311-x86_64-linux-gnu.so
7f2f1740b000-7f2f17439000 r-xp 00007000 00:204 146028901911              /mnt/primary/conda-envs/semantic_uncertainty_export/lib/python3.11/site-packages/pandas/_libs/tslibs/timezones.cpython-311-x86_64-linux-gnu.so
7f2f17439000-7f2f17441000 r--p 00035000 00:204 146028901911              /mnt/primary/conda-envs/semantic_uncertainty_export/lib/python3.11/site-packages/pandas/_libs/tslibs/timezones.cpython-311-x86_64-linux-gnu.so
7f2f17441000-7f2f17442000 r--p 0003c000 00:204 146028901911              /mnt/primary/conda-envs/semantic_uncertainty_export/lib/python3.11/site-packages/pandas/_libs/tslibs/timezones.cpython-311-x86_64-linux-gnu.so
7f2f17442000-7f2f17446000 rw-p 0003d000 00:204 146028901911              /mnt/primary/conda-envs/semantic_uncertainty_export/lib/python3.11/site-packages/pandas/_libs/tslibs/timezones.cpython-311-x86_64-linux-gnu.so
7f2f17446000-7f2f17447000 rw-p 00000000 00:00 0 
7f2f17447000-7f2f1744f000 r--p 00000000 00:204 146028901904              /mnt/primary/conda-envs/semantic_uncertainty_export/lib/python3.11/site-packages/pandas/_libs/tslibs/nattype.cpython-311-x86_64-linux-gnu.so
7f2f1744f000-7f2f1746d000 r-xp 00008000 00:204 146028901904              /mnt/primary/conda-envs/semantic_uncertainty_export/lib/python3.11/site-packages/pandas/_libs/tslibs/nattype.cpython-311-x86_64-linux-gnu.so
7f2f1746d000-7f2f17479000 r--p 00026000 00:204 146028901904              /mnt/primary/conda-envs/semantic_uncertainty_export/lib/python3.11/site-packages/pandas/_libs/tslibs/nattype.cpython-311-x86_64-linux-gnu.so
7f2f17479000-7f2f1747a000 ---p 00032000 00:204 146028901904              /mnt/primary/conda-envs/semantic_uncertainty_export/lib/python3.11/site-packages/pandas/_libs/tslibs/nattype.cpython-311-x86_64-linux-gnu.so
7f2f1747a000-7f2f1747b000 r--p 00032000 00:204 146028901904              /mnt/primary/conda-envs/semantic_uncertainty_export/lib/python3.11/site-packages/pandas/_libs/tslibs/nattype.cpython-311-x86_64-linux-gnu.so
7f2f1747b000-7f2f17480000 rw-p 00033000 00:204 146028901904              /mnt/primary/conda-envs/semantic_uncertainty_export/lib/python3.11/site-packages/pandas/_libs/tslibs/nattype.cpython-311-x86_64-linux-gnu.so
7f2f17480000-7f2f17481000 rw-p 00000000 00:00 0 
7f2f17481000-7f2f174d9000 r--p 00000000 00:204 169691131402              /mnt/primary/conda-envs/semantic_uncertainty_export/lib/python3.11/site-packages/pyarrow/libarrow_acero.so.2000
7f2f174d9000-7f2f175be000 r-xp 00058000 00:204 169691131402              /mnt/primary/conda-envs/semantic_uncertainty_export/lib/python3.11/site-packages/pyarrow/libarrow_acero.so.2000
7f2f175be000-7f2f175f7000 r--p 0013d000 00:204 169691131402              /mnt/primary/conda-envs/semantic_uncertainty_export/lib/python3.11/site-packages/pyarrow/libarrow_acero.so.2000
7f2f175f7000-7f2f175f8000 ---p 00176000 00:204 169691131402              /mnt/primary/conda-envs/semantic_uncertainty_export/lib/python3.11/site-packages/pyarrow/libarrow_acero.so.2000
7f2f175f8000-7f2f175fd000 r--p 00176000 00:204 169691131402              /mnt/primary/conda-envs/semantic_uncertainty_export/lib/python3.11/site-packages/pyarrow/libarrow_acero.so.2000
7f2f175fd000-7f2f17600000 rw-p 0017b000 00:204 169691131402              /mnt/primary/conda-envs/semantic_uncertainty_export/lib/python3.11/site-packages/pyarrow/libarrow_acero.so.2000
7f2f17600000-7f2f17601000 ---p 00000000 00:00 0 
7f2f17601000-7f2f17e01000 rw-p 00000000 00:00 0 
7f2f17e01000-7f2f17e04000 r--p 00000000 00:204 53859409458               /mnt/primary/conda-envs/semantic_uncertainty_export/lib/python3.11/site-packages/scipy/_lib/messagestream.cpython-311-x86_64-linux-gnu.so
7f2f17e04000-7f2f17e09000 r-xp 00003000 00:204 53859409458               /mnt/primary/conda-envs/semantic_uncertainty_export/lib/python3.11/site-packages/scipy/_lib/messagestream.cpython-311-x86_64-linux-gnu.so
7f2f17e09000-7f2f17e0b000 r--p 00008000 00:204 53859409458               /mnt/primary/conda-envs/semantic_uncertainty_export/lib/python3.11/site-packages/scipy/_lib/messagestream.cpython-311-x86_64-linux-gnu.so
7f2f17e0b000-7f2f17e0c000 r--p 00009000 00:204 53859409458               /mnt/primary/conda-envs/semantic_uncertainty_export/lib/python3.11/site-packages/scipy/_lib/messagestream.cpython-311-x86_64-linux-gnu.so
7f2f17e0c000-7f2f17e0d000 rw-p 0000a000 00:204 53859409458               /mnt/primary/conda-envs/semantic_uncertainty_export/lib/python3.11/site-packages/scipy/_lib/messagestream.cpython-311-x86_64-linux-gnu.so
7f2f17e0d000-7f2f17e11000 r--p 00000000 00:204 105315288609              /mnt/primary/conda-envs/semantic_uncertainty_export/lib/python3.11/site-packages/numexpr/interpreter.cpython-311-x86_64-linux-gnu.so
7f2f17e11000-7f2f17e2d000 r-xp 00004000 00:204 105315288609              /mnt/primary/conda-envs/semantic_uncertainty_export/lib/python3.11/site-packages/numexpr/interpreter.cpython-311-x86_64-linux-gnu.so
7f2f17e2d000-7f2f17e30000 r--p 00020000 00:204 105315288609              /mnt/primary/conda-envs/semantic_uncertainty_export/lib/python3.11/site-packages/numexpr/interpreter.cpython-311-x86_64-linux-gnu.so
7f2f17e30000-7f2f17e31000 ---p 00023000 00:204 105315288609              /mnt/primary/conda-envs/semantic_uncertainty_export/lib/python3.11/site-packages/numexpr/interpreter.cpython-311-x86_64-linux-gnu.so
7f2f17e31000-7f2f17e32000 r--p 00023000 00:204 105315288609              /mnt/primary/conda-envs/semantic_uncertainty_export/lib/python3.11/site-packages/numexpr/interpreter.cpython-311-x86_64-linux-gnu.so
7f2f17e32000-7f2f17e33000 rw-p 00024000 00:204 105315288609              /mnt/primary/conda-envs/semantic_uncertainty_export/lib/python3.11/site-packages/numexpr/interpreter.cpython-311-x86_64-linux-gnu.so
7f2f17e33000-7f2f17edc000 r--p 00000000 00:204 169691131403              /mnt/primary/conda-envs/semantic_uncertainty_export/lib/python3.11/site-packages/pyarrow/libarrow_dataset.so.2000
7f2f17edc000-7f2f17faf000 r-xp 000a9000 00:204 169691131403              /mnt/primary/conda-envs/semantic_uncertainty_export/lib/python3.11/site-packages/pyarrow/libarrow_dataset.so.2000
7f2f17faf000-7f2f17ff4000 r--p 0017c000 00:204 169691131403              /mnt/primary/conda-envs/semantic_uncertainty_export/lib/python3.11/site-packages/pyarrow/libarrow_dataset.so.2000
7f2f17ff4000-7f2f17ff5000 ---p 001c1000 00:204 169691131403              /mnt/primary/conda-envs/semantic_uncertainty_export/lib/python3.11/site-packages/pyarrow/libarrow_dataset.so.2000
7f2f17ff5000-7f2f17ffd000 r--p 001c1000 00:204 169691131403              /mnt/primary/conda-envs/semantic_uncertainty_export/lib/python3.11/site-packages/pyarrow/libarrow_dataset.so.2000
7f2f17ffd000-7f2f17fff000 rw-p 001c9000 00:204 169691131403              /mnt/primary/conda-envs/semantic_uncertainty_export/lib/python3.11/site-packages/pyarrow/libarrow_dataset.so.2000
7f2f17fff000-7f2f18000000 rw-p 00000000 00:00 0 
7f2f18000000-7f2f18520000 rw-p 00000000 00:00 0 
7f2f18520000-7f2f1c000000 ---p 00000000 00:00 0 
7f2f1c002000-7f2f1c003000 r--p 00000000 00:204 45438356018               /mnt/primary/conda-envs/semantic_uncertainty_export/lib/python3.11/lib-dynload/_statistics.cpython-311-x86_64-linux-gnu.so
7f2f1c003000-7f2f1c004000 r-xp 00001000 00:204 45438356018               /mnt/primary/conda-envs/semantic_uncertainty_export/lib/python3.11/lib-dynload/_statistics.cpython-311-x86_64-linux-gnu.so
7f2f1c004000-7f2f1c005000 r--p 00002000 00:204 45438356018               /mnt/primary/conda-envs/semantic_uncertainty_export/lib/python3.11/lib-dynload/_statistics.cpython-311-x86_64-linux-gnu.so
7f2f1c005000-7f2f1c006000 r--p 00002000 00:204 45438356018               /mnt/primary/conda-envs/semantic_uncertainty_export/lib/python3.11/lib-dynload/_statistics.cpython-311-x86_64-linux-gnu.so
7f2f1c006000-7f2f1c007000 rw-p 00003000 00:204 45438356018               /mnt/primary/conda-envs/semantic_uncertainty_export/lib/python3.11/lib-dynload/_statistics.cpython-311-x86_64-linux-gnu.so
7f2f1c007000-7f2f1c009000 r--p 00000000 00:204 58046899229               /mnt/primary/conda-envs/semantic_uncertainty_export/lib/python3.11/site-packages/bottleneck/nonreduce_axis.cpython-311-x86_64-linux-gnu.so
7f2f1c009000-7f2f1c00f000 r-xp 00002000 00:204 58046899229               /mnt/primary/conda-envs/semantic_uncertainty_export/lib/python3.11/site-packages/bottleneck/nonreduce_axis.cpython-311-x86_64-linux-gnu.so
7f2f1c00f000-7f2f1c010000 r--p 00008000 00:204 58046899229               /mnt/primary/conda-envs/semantic_uncertainty_export/lib/python3.11/site-packages/bottleneck/nonreduce_axis.cpython-311-x86_64-linux-gnu.so
7f2f1c010000-7f2f1c011000 r--p 00008000 00:204 58046899229               /mnt/primary/conda-envs/semantic_uncertainty_export/lib/python3.11/site-packages/bottleneck/nonreduce_axis.cpython-311-x86_64-linux-gnu.so
7f2f1c011000-7f2f1c013000 rw-p 00009000 00:204 58046899229               /mnt/primary/conda-envs/semantic_uncertainty_export/lib/python3.11/site-packages/bottleneck/nonreduce_axis.cpython-311-x86_64-linux-gnu.so
7f2f1c013000-7f2f1c017000 r--p 00000000 00:204 141832290862              /mnt/primary/conda-envs/semantic_uncertainty_export/lib/python3.11/site-packages/pandas/_libs/ops_dispatch.cpython-311-x86_64-linux-gnu.so
7f2f1c017000-7f2f1c01e000 r-xp 00004000 00:204 141832290862              /mnt/primary/conda-envs/semantic_uncertainty_export/lib/python3.11/site-packages/pandas/_libs/ops_dispatch.cpython-311-x86_64-linux-gnu.so
7f2f1c01e000-7f2f1c020000 r--p 0000b000 00:204 141832290862              /mnt/primary/conda-envs/semantic_uncertainty_export/lib/python3.11/site-packages/pandas/_libs/ops_dispatch.cpython-311-x86_64-linux-gnu.so
7f2f1c020000-7f2f1c021000 r--p 0000c000 00:204 141832290862              /mnt/primary/conda-envs/semantic_uncertainty_export/lib/python3.11/site-packages/pandas/_libs/ops_dispatch.cpython-311-x86_64-linux-gnu.so
7f2f1c021000-7f2f1c023000 rw-p 0000d000 00:204 141832290862              /mnt/primary/conda-envs/semantic_uncertainty_export/lib/python3.11/site-packages/pandas/_libs/ops_dispatch.cpython-311-x86_64-linux-gnu.so
7f2f1c023000-7f2f1c026000 r--p 00000000 00:204 141832290869              /mnt/primary/conda-envs/semantic_uncertainty_export/lib/python3.11/site-packages/pandas/_libs/properties.cpython-311-x86_64-linux-gnu.so
7f2f1c026000-7f2f1c02f000 r-xp 00003000 00:204 141832290869              /mnt/primary/conda-envs/semantic_uncertainty_export/lib/python3.11/site-packages/pandas/_libs/properties.cpython-311-x86_64-linux-gnu.so
7f2f1c02f000-7f2f1c031000 r--p 0000c000 00:204 141832290869              /mnt/primary/conda-envs/semantic_uncertainty_export/lib/python3.11/site-packages/pandas/_libs/properties.cpython-311-x86_64-linux-gnu.so
7f2f1c031000-7f2f1c032000 r--p 0000d000 00:204 141832290869              /mnt/primary/conda-envs/semantic_uncertainty_export/lib/python3.11/site-packages/pandas/_libs/properties.cpython-311-x86_64-linux-gnu.so
7f2f1c032000-7f2f1c034000 rw-p 0000e000 00:204 141832290869              /mnt/primary/conda-envs/semantic_uncertainty_export/lib/python3.11/site-packages/pandas/_libs/properties.cpython-311-x86_64-linux-gnu.so
7f2f1c034000-7f2f1c0c1000 r--p 00000000 00:204 169691131406              /mnt/primary/conda-envs/semantic_uncertainty_export/lib/python3.11/site-packages/pyarrow/libarrow_python.so.2000
7f2f1c0c1000-7f2f1c1d9000 r-xp 0008d000 00:204 169691131406              /mnt/primary/conda-envs/semantic_uncertainty_export/lib/python3.11/site-packages/pyarrow/libarrow_python.so.2000
7f2f1c1d9000-7f2f1c21d000 r--p 001a5000 00:204 169691131406              /mnt/primary/conda-envs/semantic_uncertainty_export/lib/python3.11/site-packages/pyarrow/libarrow_python.so.2000
7f2f1c21d000-7f2f1c229000 r--p 001e8000 00:204 169691131406              /mnt/primary/conda-envs/semantic_uncertainty_export/lib/python3.11/site-packages/pyarrow/libarrow_python.so.2000
7f2f1c229000-7f2f1c22c000 rw-p 001f4000 00:204 169691131406              /mnt/primary/conda-envs/semantic_uncertainty_export/lib/python3.11/site-packages/pyarrow/libarrow_python.so.2000
7f2f1c22c000-7f2f1c32c000 rw-p 00000000 00:00 0 
7f2f1c32c000-7f2f1c334000 r--p 00000000 00:204 171102352957              /mnt/primary/conda-envs/semantic_uncertainty_export/lib/python3.11/site-packages/numpy/random/_generator.cpython-311-x86_64-linux-gnu.so
7f2f1c334000-7f2f1c3a7000 r-xp 00008000 00:204 171102352957              /mnt/primary/conda-envs/semantic_uncertainty_export/lib/python3.11/site-packages/numpy/random/_generator.cpython-311-x86_64-linux-gnu.so
7f2f1c3a7000-7f2f1c3fb000 r--p 0007b000 00:204 171102352957              /mnt/primary/conda-envs/semantic_uncertainty_export/lib/python3.11/site-packages/numpy/random/_generator.cpython-311-x86_64-linux-gnu.so
7f2f1c3fb000-7f2f1c3fc000 r--p 000ce000 00:204 171102352957              /mnt/primary/conda-envs/semantic_uncertainty_export/lib/python3.11/site-packages/numpy/random/_generator.cpython-311-x86_64-linux-gnu.so
7f2f1c3fc000-7f2f1c3fe000 rw-p 000cf000 00:204 171102352957              /mnt/primary/conda-envs/semantic_uncertainty_export/lib/python3.11/site-packages/numpy/random/_generator.cpython-311-x86_64-linux-gnu.so
7f2f1c3fe000-7f2f1c400000 rw-p 00000000 00:00 0 
7f2f1cc03000-7f2f1cc05000 r--p 00000000 00:204 45438459399               /mnt/primary/conda-envs/semantic_uncertainty_export/lib/python3.11/lib-dynload/mmap.cpython-311-x86_64-linux-gnu.so
7f2f1cc05000-7f2f1cc08000 r-xp 00002000 00:204 45438459399               /mnt/primary/conda-envs/semantic_uncertainty_export/lib/python3.11/lib-dynload/mmap.cpython-311-x86_64-linux-gnu.so
7f2f1cc08000-7f2f1cc0a000 r--p 00005000 00:204 45438459399               /mnt/primary/conda-envs/semantic_uncertainty_export/lib/python3.11/lib-dynload/mmap.cpython-311-x86_64-linux-gnu.so
7f2f1cc0a000-7f2f1cc0b000 r--p 00006000 00:204 45438459399               /mnt/primary/conda-envs/semantic_uncertainty_export/lib/python3.11/lib-dynload/mmap.cpython-311-x86_64-linux-gnu.so
7f2f1cc0b000-7f2f1cc0c000 rw-p 00007000 00:204 45438459399               /mnt/primary/conda-envs/semantic_uncertainty_export/lib/python3.11/lib-dynload/mmap.cpython-311-x86_64-linux-gnu.so
7f2f1cc0c000-7f2f1cc0f000 r--p 00000000 00:204 146028901906              /mnt/primary/conda-envs/semantic_uncertainty_export/lib/python3.11/site-packages/pandas/_libs/tslibs/ccalendar.cpython-311-x86_64-linux-gnu.so
7f2f1cc0f000-7f2f1cc1a000 r-xp 00003000 00:204 146028901906              /mnt/primary/conda-envs/semantic_uncertainty_export/lib/python3.11/site-packages/pandas/_libs/tslibs/ccalendar.cpython-311-x86_64-linux-gnu.so
7f2f1cc1a000-7f2f1cc1c000 r--p 0000e000 00:204 146028901906              /mnt/primary/conda-envs/semantic_uncertainty_export/lib/python3.11/site-packages/pandas/_libs/tslibs/ccalendar.cpython-311-x86_64-linux-gnu.so
7f2f1cc1c000-7f2f1cc1d000 r--p 0000f000 00:204 146028901906              /mnt/primary/conda-envs/semantic_uncertainty_export/lib/python3.11/site-packages/pandas/_libs/tslibs/ccalendar.cpython-311-x86_64-linux-gnu.so
7f2f1cc1d000-7f2f1cc1f000 rw-p 00010000 00:204 146028901906              /mnt/primary/conda-envs/semantic_uncertainty_export/lib/python3.11/site-packages/pandas/_libs/tslibs/ccalendar.cpython-311-x86_64-linux-gnu.so
7f2f1cc1f000-7f2f1cc21000 r--p 00000000 00:204 45438356031               /mnt/primary/conda-envs/semantic_uncertainty_export/lib/python3.11/lib-dynload/_zoneinfo.cpython-311-x86_64-linux-gnu.so
7f2f1cc21000-7f2f1cc26000 r-xp 00002000 00:204 45438356031               /mnt/primary/conda-envs/semantic_uncertainty_export/lib/python3.11/lib-dynload/_zoneinfo.cpython-311-x86_64-linux-gnu.so
7f2f1cc26000-7f2f1cc27000 r--p 00007000 00:204 45438356031               /mnt/primary/conda-envs/semantic_uncertainty_export/lib/python3.11/lib-dynload/_zoneinfo.cpython-311-x86_64-linux-gnu.so
7f2f1cc27000-7f2f1cc28000 ---p 00008000 00:204 45438356031               /mnt/primary/conda-envs/semantic_uncertainty_export/lib/python3.11/lib-dynload/_zoneinfo.cpython-311-x86_64-linux-gnu.so
7f2f1cc28000-7f2f1cc29000 r--p 00008000 00:204 45438356031               /mnt/primary/conda-envs/semantic_uncertainty_export/lib/python3.11/lib-dynload/_zoneinfo.cpython-311-x86_64-linux-gnu.so
7f2f1cc29000-7f2f1cc2a000 rw-p 00009000 00:204 45438356031               /mnt/primary/conda-envs/semantic_uncertainty_export/lib/python3.11/lib-dynload/_zoneinfo.cpython-311-x86_64-linux-gnu.so
7f2f1cc2c000-7f2f1cc2d000 r--p 00000000 00:204 18670668801               /mnt/primary/conda-envs/semantic_uncertainty_export/lib/python3.11/site-packages/markupsafe/_speedups.cpython-311-x86_64-linux-gnu.so
7f2f1cc2d000-7f2f1cc2e000 r-xp 00001000 00:204 18670668801               /mnt/primary/conda-envs/semantic_uncertainty_export/lib/python3.11/site-packages/markupsafe/_speedups.cpython-311-x86_64-linux-gnu.so
7f2f1cc2e000-7f2f1cc2f000 r--p 00002000 00:204 18670668801               /mnt/primary/conda-envs/semantic_uncertainty_export/lib/python3.11/site-packages/markupsafe/_speedups.cpython-311-x86_64-linux-gnu.so
7f2f1cc2f000-7f2f1cc30000 r--p 00002000 00:204 18670668801               /mnt/primary/conda-envs/semantic_uncertainty_export/lib/python3.11/site-packages/markupsafe/_speedups.cpython-311-x86_64-linux-gnu.so
7f2f1cc30000-7f2f1cc31000 rw-p 00003000 00:204 18670668801               /mnt/primary/conda-envs/semantic_uncertainty_export/lib/python3.11/site-packages/markupsafe/_speedups.cpython-311-x86_64-linux-gnu.so
7f2f1cc31000-7f2f1cc32000 r--p 00000000 00:204 135391191608              /mnt/primary/conda-envs/semantic_uncertainty_export/lib/python3.11/site-packages/torch/_C.cpython-311-x86_64-linux-gnu.so
7f2f1cc32000-7f2f1cc33000 r-xp 00001000 00:204 135391191608              /mnt/primary/conda-envs/semantic_uncertainty_export/lib/python3.11/site-packages/torch/_C.cpython-311-x86_64-linux-gnu.so
7f2f1cc33000-7f2f1cc34000 r--p 00002000 00:204 135391191608              /mnt/primary/conda-envs/semantic_uncertainty_export/lib/python3.11/site-packages/torch/_C.cpython-311-x86_64-linux-gnu.so
7f2f1cc34000-7f2f1cc35000 r--p 00002000 00:204 135391191608              /mnt/primary/conda-envs/semantic_uncertainty_export/lib/python3.11/site-packages/torch/_C.cpython-311-x86_64-linux-gnu.so
7f2f1cc35000-7f2f1cc36000 rw-p 00003000 00:204 135391191608              /mnt/primary/conda-envs/semantic_uncertainty_export/lib/python3.11/site-packages/torch/_C.cpython-311-x86_64-linux-gnu.so
7f2f1cc36000-7f2f1cc37000 r--p 00000000 00:204 81779481649               /mnt/primary/conda-envs/semantic_uncertainty_export/lib/python3.11/site-packages/torch/lib/libtorch_global_deps.so
7f2f1cc37000-7f2f1cc38000 r-xp 00001000 00:204 81779481649               /mnt/primary/conda-envs/semantic_uncertainty_export/lib/python3.11/site-packages/torch/lib/libtorch_global_deps.so
7f2f1cc38000-7f2f1cc39000 r--p 00002000 00:204 81779481649               /mnt/primary/conda-envs/semantic_uncertainty_export/lib/python3.11/site-packages/torch/lib/libtorch_global_deps.so
7f2f1cc39000-7f2f1cc3a000 r--p 00002000 00:204 81779481649               /mnt/primary/conda-envs/semantic_uncertainty_export/lib/python3.11/site-packages/torch/lib/libtorch_global_deps.so
7f2f1cc3a000-7f2f1cc3b000 rw-p 00003000 00:204 81779481649               /mnt/primary/conda-envs/semantic_uncertainty_export/lib/python3.11/site-packages/torch/lib/libtorch_global_deps.so
7f2f1cc3b000-7f2f1cc3d000 r--p 00000000 00:204 120262025725              /mnt/primary/conda-envs/semantic_uncertainty_export/lib/python3.11/site-packages/sklearn/utils/_sorting.cpython-311-x86_64-linux-gnu.so
7f2f1cc3d000-7f2f1cc3f000 r-xp 00002000 00:204 120262025725              /mnt/primary/conda-envs/semantic_uncertainty_export/lib/python3.11/site-packages/sklearn/utils/_sorting.cpython-311-x86_64-linux-gnu.so
7f2f1cc3f000-7f2f1cc40000 r--p 00004000 00:204 120262025725              /mnt/primary/conda-envs/semantic_uncertainty_export/lib/python3.11/site-packages/sklearn/utils/_sorting.cpython-311-x86_64-linux-gnu.so
7f2f1cc40000-7f2f1cc41000 r--p 00004000 00:204 120262025725              /mnt/primary/conda-envs/semantic_uncertainty_export/lib/python3.11/site-packages/sklearn/utils/_sorting.cpython-311-x86_64-linux-gnu.so
7f2f1cc41000-7f2f1cc42000 rw-p 00005000 00:204 120262025725              /mnt/primary/conda-envs/semantic_uncertainty_export/lib/python3.11/site-packages/sklearn/utils/_sorting.cpython-311-x86_64-linux-gnu.so
7f2f1cc42000-7f2f1cc44000 rw-p 00007000 00:204 120262025725              /mnt/primary/conda-envs/semantic_uncertainty_export/lib/python3.11/site-packages/sklearn/utils/_sorting.cpython-311-x86_64-linux-gnu.so
7f2f1cc44000-7f2f1cc46000 r--p 00000000 00:204 120262026763              /mnt/primary/conda-envs/semantic_uncertainty_export/lib/python3.11/site-packages/sklearn/utils/_heap.cpython-311-x86_64-linux-gnu.so
7f2f1cc46000-7f2f1cc48000 r-xp 00002000 00:204 120262026763              /mnt/primary/conda-envs/semantic_uncertainty_export/lib/python3.11/site-packages/sklearn/utils/_heap.cpython-311-x86_64-linux-gnu.so
7f2f1cc48000-7f2f1cc49000 r--p 00004000 00:204 120262026763              /mnt/primary/conda-envs/semantic_uncertainty_export/lib/python3.11/site-packages/sklearn/utils/_heap.cpython-311-x86_64-linux-gnu.so
7f2f1cc49000-7f2f1cc4a000 r--p 00004000 00:204 120262026763              /mnt/primary/conda-envs/semantic_uncertainty_export/lib/python3.11/site-packages/sklearn/utils/_heap.cpython-311-x86_64-linux-gnu.so
7f2f1cc4a000-7f2f1cc4b000 rw-p 00005000 00:204 120262026763              /mnt/primary/conda-envs/semantic_uncertainty_export/lib/python3.11/site-packages/sklearn/utils/_heap.cpython-311-x86_64-linux-gnu.so
7f2f1cc4b000-7f2f1cc4d000 rw-p 00007000 00:204 120262026763              /mnt/primary/conda-envs/semantic_uncertainty_export/lib/python3.11/site-packages/sklearn/utils/_heap.cpython-311-x86_64-linux-gnu.so
7f2f1cc4d000-7f2f1cc53000 r--p 00000000 00:204 88099477524               /mnt/primary/conda-envs/semantic_uncertainty_export/lib/python3.11/site-packages/sklearn/metrics/cluster/_expected_mutual_info_fast.cpython-311-x86_64-linux-gnu.so
7f2f1cc53000-7f2f1cc6f000 r-xp 00006000 00:204 88099477524               /mnt/primary/conda-envs/semantic_uncertainty_export/lib/python3.11/site-packages/sklearn/metrics/cluster/_expected_mutual_info_fast.cpython-311-x86_64-linux-gnu.so
7f2f1cc6f000-7f2f1cc75000 r--p 00022000 00:204 88099477524               /mnt/primary/conda-envs/semantic_uncertainty_export/lib/python3.11/site-packages/sklearn/metrics/cluster/_expected_mutual_info_fast.cpython-311-x86_64-linux-gnu.so
7f2f1cc75000-7f2f1cc76000 r--p 00027000 00:204 88099477524               /mnt/primary/conda-envs/semantic_uncertainty_export/lib/python3.11/site-packages/sklearn/metrics/cluster/_expected_mutual_info_fast.cpython-311-x86_64-linux-gnu.so
7f2f1cc76000-7f2f1cc79000 rw-p 00028000 00:204 88099477524               /mnt/primary/conda-envs/semantic_uncertainty_export/lib/python3.11/site-packages/sklearn/metrics/cluster/_expected_mutual_info_fast.cpython-311-x86_64-linux-gnu.so
7f2f1cc79000-7f2f1cc7a000 rw-p 00000000 00:00 0 
7f2f1cc7a000-7f2f1cc7d000 rw-p 00034000 00:204 88099477524               /mnt/primary/conda-envs/semantic_uncertainty_export/lib/python3.11/site-packages/sklearn/metrics/cluster/_expected_mutual_info_fast.cpython-311-x86_64-linux-gnu.so
7f2f1cc7d000-7f2f1cc80000 r--p 00000000 00:204 120262026791              /mnt/primary/conda-envs/semantic_uncertainty_export/lib/python3.11/site-packages/sklearn/utils/_openmp_helpers.cpython-311-x86_64-linux-gnu.so
7f2f1cc80000-7f2f1cc84000 r-xp 00003000 00:204 120262026791              /mnt/primary/conda-envs/semantic_uncertainty_export/lib/python3.11/site-packages/sklearn/utils/_openmp_helpers.cpython-311-x86_64-linux-gnu.so
7f2f1cc84000-7f2f1cc85000 r--p 00007000 00:204 120262026791              /mnt/primary/conda-envs/semantic_uncertainty_export/lib/python3.11/site-packages/sklearn/utils/_openmp_helpers.cpython-311-x86_64-linux-gnu.so
7f2f1cc85000-7f2f1cc86000 r--p 00007000 00:204 120262026791              /mnt/primary/conda-envs/semantic_uncertainty_export/lib/python3.11/site-packages/sklearn/utils/_openmp_helpers.cpython-311-x86_64-linux-gnu.so
7f2f1cc86000-7f2f1cc87000 rw-p 00008000 00:204 120262026791              /mnt/primary/conda-envs/semantic_uncertainty_export/lib/python3.11/site-packages/sklearn/utils/_openmp_helpers.cpython-311-x86_64-linux-gnu.so
7f2f1cc87000-7f2f1cc8a000 rw-p 0000c000 00:204 120262026791              /mnt/primary/conda-envs/semantic_uncertainty_export/lib/python3.11/site-packages/sklearn/utils/_openmp_helpers.cpython-311-x86_64-linux-gnu.so
7f2f1cc8a000-7f2f1cc90000 r--p 00000000 00:204 120262026757              /mnt/primary/conda-envs/semantic_uncertainty_export/lib/python3.11/site-packages/sklearn/utils/murmurhash.cpython-311-x86_64-linux-gnu.so
7f2f1cc90000-7f2f1ccac000 r-xp 00006000 00:204 120262026757              /mnt/primary/conda-envs/semantic_uncertainty_export/lib/python3.11/site-packages/sklearn/utils/murmurhash.cpython-311-x86_64-linux-gnu.so
7f2f1ccac000-7f2f1ccb3000 r--p 00022000 00:204 120262026757              /mnt/primary/conda-envs/semantic_uncertainty_export/lib/python3.11/site-packages/sklearn/utils/murmurhash.cpython-311-x86_64-linux-gnu.so
7f2f1ccb3000-7f2f1ccb4000 r--p 00028000 00:204 120262026757              /mnt/primary/conda-envs/semantic_uncertainty_export/lib/python3.11/site-packages/sklearn/utils/murmurhash.cpython-311-x86_64-linux-gnu.so
7f2f1ccb4000-7f2f1ccb7000 rw-p 00029000 00:204 120262026757              /mnt/primary/conda-envs/semantic_uncertainty_export/lib/python3.11/site-packages/sklearn/utils/murmurhash.cpython-311-x86_64-linux-gnu.so
7f2f1ccb7000-7f2f1ccb8000 rw-p 00000000 00:00 0 
7f2f1ccb8000-7f2f1ccbc000 rw-p 00035000 00:204 120262026757              /mnt/primary/conda-envs/semantic_uncertainty_export/lib/python3.11/site-packages/sklearn/utils/murmurhash.cpython-311-x86_64-linux-gnu.so
7f2f1ccbc000-7f2f1ccc3000 r--p 00000000 00:204 120262026761              /mnt/primary/conda-envs/semantic_uncertainty_export/lib/python3.11/site-packages/sklearn/utils/_isfinite.cpython-311-x86_64-linux-gnu.so
7f2f1ccc3000-7f2f1cce1000 r-xp 00007000 00:204 120262026761              /mnt/primary/conda-envs/semantic_uncertainty_export/lib/python3.11/site-packages/sklearn/utils/_isfinite.cpython-311-x86_64-linux-gnu.so
7f2f1cce1000-7f2f1cce8000 r--p 00025000 00:204 120262026761              /mnt/primary/conda-envs/semantic_uncertainty_export/lib/python3.11/site-packages/sklearn/utils/_isfinite.cpython-311-x86_64-linux-gnu.so
7f2f1cce8000-7f2f1cce9000 ---p 0002c000 00:204 120262026761              /mnt/primary/conda-envs/semantic_uncertainty_export/lib/python3.11/site-packages/sklearn/utils/_isfinite.cpython-311-x86_64-linux-gnu.so
7f2f1cce9000-7f2f1ccea000 r--p 0002c000 00:204 120262026761              /mnt/primary/conda-envs/semantic_uncertainty_export/lib/python3.11/site-packages/sklearn/utils/_isfinite.cpython-311-x86_64-linux-gnu.so
7f2f1ccea000-7f2f1ccee000 rw-p 0002d000 00:204 120262026761              /mnt/primary/conda-envs/semantic_uncertainty_export/lib/python3.11/site-packages/sklearn/utils/_isfinite.cpython-311-x86_64-linux-gnu.so
7f2f1ccee000-7f2f1ccf1000 rw-p 0003b000 00:204 120262026761              /mnt/primary/conda-envs/semantic_uncertainty_export/lib/python3.11/site-packages/sklearn/utils/_isfinite.cpython-311-x86_64-linux-gnu.so
7f2f1ccf1000-7f2f1ccf3000 r--p 00000000 00:204 45438356004               /mnt/primary/conda-envs/semantic_uncertainty_export/lib/python3.11/lib-dynload/_multiprocessing.cpython-311-x86_64-linux-gnu.so
7f2f1ccf3000-7f2f1ccf4000 r-xp 00002000 00:204 45438356004               /mnt/primary/conda-envs/semantic_uncertainty_export/lib/python3.11/lib-dynload/_multiprocessing.cpython-311-x86_64-linux-gnu.so
7f2f1ccf4000-7f2f1ccf5000 r--p 00003000 00:204 45438356004               /mnt/primary/conda-envs/semantic_uncertainty_export/lib/python3.11/lib-dynload/_multiprocessing.cpython-311-x86_64-linux-gnu.so
7f2f1ccf5000-7f2f1ccf6000 r--p 00003000 00:204 45438356004               /mnt/primary/conda-envs/semantic_uncertainty_export/lib/python3.11/lib-dynload/_multiprocessing.cpython-311-x86_64-linux-gnu.so
7f2f1ccf6000-7f2f1ccf7000 rw-p 00004000 00:204 45438356004               /mnt/primary/conda-envs/semantic_uncertainty_export/lib/python3.11/lib-dynload/_multiprocessing.cpython-311-x86_64-linux-gnu.so
7f2f1ccf7000-7f2f1ccf9000 r--p 00000000 00:204 24813113                  /mnt/primary/conda-envs/semantic_uncertainty_export/lib/python3.11/site-packages/sklearn/__check_build/_check_build.cpython-311-x86_64-linux-gnu.so
7f2f1ccf9000-7f2f1ccfb000 r-xp 00002000 00:204 24813113                  /mnt/primary/conda-envs/semantic_uncertainty_export/lib/python3.11/site-packages/sklearn/__check_build/_check_build.cpython-311-x86_64-linux-gnu.so
7f2f1ccfb000-7f2f1ccfc000 r--p 00004000 00:204 24813113                  /mnt/primary/conda-envs/semantic_uncertainty_export/lib/python3.11/site-packages/sklearn/__check_build/_check_build.cpython-311-x86_64-linux-gnu.so
7f2f1ccfc000-7f2f1ccfd000 r--p 00004000 00:204 24813113                  /mnt/primary/conda-envs/semantic_uncertainty_export/lib/python3.11/site-packages/sklearn/__check_build/_check_build.cpython-311-x86_64-linux-gnu.so
7f2f1ccfd000-7f2f1ccfe000 rw-p 00005000 00:204 24813113                  /mnt/primary/conda-envs/semantic_uncertainty_export/lib/python3.11/site-packages/sklearn/__check_build/_check_build.cpython-311-x86_64-linux-gnu.so
7f2f1ccfe000-7f2f1cd00000 rw-p 00008000 00:204 24813113                  /mnt/primary/conda-envs/semantic_uncertainty_export/lib/python3.11/site-packages/sklearn/__check_build/_check_build.cpython-311-x86_64-linux-gnu.so
7f2f1cd00000-7f2f1ce00000 rw-p 00000000 00:00 0 
7f2f1d603000-7f2f1d606000 r--p 00000000 00:204 146028901897              /mnt/primary/conda-envs/semantic_uncertainty_export/lib/python3.11/site-packages/pandas/_libs/tslibs/base.cpython-311-x86_64-linux-gnu.so
7f2f1d606000-7f2f1d60b000 r-xp 00003000 00:204 146028901897              /mnt/primary/conda-envs/semantic_uncertainty_export/lib/python3.11/site-packages/pandas/_libs/tslibs/base.cpython-311-x86_64-linux-gnu.so
7f2f1d60b000-7f2f1d60d000 r--p 00008000 00:204 146028901897              /mnt/primary/conda-envs/semantic_uncertainty_export/lib/python3.11/site-packages/pandas/_libs/tslibs/base.cpython-311-x86_64-linux-gnu.so
7f2f1d60d000-7f2f1d60e000 r--p 00009000 00:204 146028901897              /mnt/primary/conda-envs/semantic_uncertainty_export/lib/python3.11/site-packages/pandas/_libs/tslibs/base.cpython-311-x86_64-linux-gnu.so
7f2f1d60e000-7f2f1d60f000 rw-p 0000a000 00:204 146028901897              /mnt/primary/conda-envs/semantic_uncertainty_export/lib/python3.11/site-packages/pandas/_libs/tslibs/base.cpython-311-x86_64-linux-gnu.so
7f2f1d60f000-7f2f1d616000 r--p 00000000 00:204 146028901893              /mnt/primary/conda-envs/semantic_uncertainty_export/lib/python3.11/site-packages/pandas/_libs/tslibs/conversion.cpython-311-x86_64-linux-gnu.so
7f2f1d616000-7f2f1d640000 r-xp 00007000 00:204 146028901893              /mnt/primary/conda-envs/semantic_uncertainty_export/lib/python3.11/site-packages/pandas/_libs/tslibs/conversion.cpython-311-x86_64-linux-gnu.so
7f2f1d640000-7f2f1d647000 r--p 00031000 00:204 146028901893              /mnt/primary/conda-envs/semantic_uncertainty_export/lib/python3.11/site-packages/pandas/_libs/tslibs/conversion.cpython-311-x86_64-linux-gnu.so
7f2f1d647000-7f2f1d648000 ---p 00038000 00:204 146028901893              /mnt/primary/conda-envs/semantic_uncertainty_export/lib/python3.11/site-packages/pandas/_libs/tslibs/conversion.cpython-311-x86_64-linux-gnu.so
7f2f1d648000-7f2f1d649000 r--p 00038000 00:204 146028901893              /mnt/primary/conda-envs/semantic_uncertainty_export/lib/python3.11/site-packages/pandas/_libs/tslibs/conversion.cpython-311-x86_64-linux-gnu.so
7f2f1d649000-7f2f1d64d000 rw-p 00039000 00:204 146028901893              /mnt/primary/conda-envs/semantic_uncertainty_export/lib/python3.11/site-packages/pandas/_libs/tslibs/conversion.cpython-311-x86_64-linux-gnu.so
7f2f1d64d000-7f2f1d651000 r--p 00000000 00:204 146028901910              /mnt/primary/conda-envs/semantic_uncertainty_export/lib/python3.11/site-packages/pandas/_libs/tslibs/np_datetime.cpython-311-x86_64-linux-gnu.so
7f2f1d651000-7f2f1d664000 r-xp 00004000 00:204 146028901910              /mnt/primary/conda-envs/semantic_uncertainty_export/lib/python3.11/site-packages/pandas/_libs/tslibs/np_datetime.cpython-311-x86_64-linux-gnu.so
7f2f1d664000-7f2f1d668000 r--p 00017000 00:204 146028901910              /mnt/primary/conda-envs/semantic_uncertainty_export/lib/python3.11/site-packages/pandas/_libs/tslibs/np_datetime.cpython-311-x86_64-linux-gnu.so
7f2f1d668000-7f2f1d669000 r--p 0001a000 00:204 146028901910              /mnt/primary/conda-envs/semantic_uncertainty_export/lib/python3.11/site-packages/pandas/_libs/tslibs/np_datetime.cpython-311-x86_64-linux-gnu.so
7f2f1d669000-7f2f1d66b000 rw-p 0001b000 00:204 146028901910              /mnt/primary/conda-envs/semantic_uncertainty_export/lib/python3.11/site-packages/pandas/_libs/tslibs/np_datetime.cpython-311-x86_64-linux-gnu.so
7f2f1d66b000-7f2f1d671000 r--p 00000000 00:204 146028901907              /mnt/primary/conda-envs/semantic_uncertainty_export/lib/python3.11/site-packages/pandas/_libs/tslibs/dtypes.cpython-311-x86_64-linux-gnu.so
7f2f1d671000-7f2f1d689000 r-xp 00006000 00:204 146028901907              /mnt/primary/conda-envs/semantic_uncertainty_export/lib/python3.11/site-packages/pandas/_libs/tslibs/dtypes.cpython-311-x86_64-linux-gnu.so
7f2f1d689000-7f2f1d68e000 r--p 0001e000 00:204 146028901907              /mnt/primary/conda-envs/semantic_uncertainty_export/lib/python3.11/site-packages/pandas/_libs/tslibs/dtypes.cpython-311-x86_64-linux-gnu.so
7f2f1d68e000-7f2f1d68f000 r--p 00022000 00:204 146028901907              /mnt/primary/conda-envs/semantic_uncertainty_export/lib/python3.11/site-packages/pandas/_libs/tslibs/dtypes.cpython-311-x86_64-linux-gnu.so
7f2f1d68f000-7f2f1d693000 rw-p 00023000 00:204 146028901907              /mnt/primary/conda-envs/semantic_uncertainty_export/lib/python3.11/site-packages/pandas/_libs/tslibs/dtypes.cpython-311-x86_64-linux-gnu.so
7f2f1d693000-7f2f1d69a000 r--p 00000000 00:204 141832290848              /mnt/primary/conda-envs/semantic_uncertainty_export/lib/python3.11/site-packages/pandas/_libs/missing.cpython-311-x86_64-linux-gnu.so
7f2f1d69a000-7f2f1d6ba000 r-xp 00007000 00:204 141832290848              /mnt/primary/conda-envs/semantic_uncertainty_export/lib/python3.11/site-packages/pandas/_libs/missing.cpython-311-x86_64-linux-gnu.so
7f2f1d6ba000-7f2f1d6c0000 r--p 00027000 00:204 141832290848              /mnt/primary/conda-envs/semantic_uncertainty_export/lib/python3.11/site-packages/pandas/_libs/missing.cpython-311-x86_64-linux-gnu.so
7f2f1d6c0000-7f2f1d6c1000 r--p 0002c000 00:204 141832290848              /mnt/primary/conda-envs/semantic_uncertainty_export/lib/python3.11/site-packages/pandas/_libs/missing.cpython-311-x86_64-linux-gnu.so
7f2f1d6c1000-7f2f1d6c5000 rw-p 0002d000 00:204 141832290848              /mnt/primary/conda-envs/semantic_uncertainty_export/lib/python3.11/site-packages/pandas/_libs/missing.cpython-311-x86_64-linux-gnu.so
7f2f1d6c5000-7f2f1d6c6000 rw-p 00000000 00:00 0 
7f2f1d6c6000-7f2f1d6c8000 r--p 00000000 00:204 141832290876              /mnt/primary/conda-envs/semantic_uncertainty_export/lib/python3.11/site-packages/pandas/_libs/pandas_parser.cpython-311-x86_64-linux-gnu.so
7f2f1d6c8000-7f2f1d6ce000 r-xp 00002000 00:204 141832290876              /mnt/primary/conda-envs/semantic_uncertainty_export/lib/python3.11/site-packages/pandas/_libs/pandas_parser.cpython-311-x86_64-linux-gnu.so
7f2f1d6ce000-7f2f1d6d0000 r--p 00008000 00:204 141832290876              /mnt/primary/conda-envs/semantic_uncertainty_export/lib/python3.11/site-packages/pandas/_libs/pandas_parser.cpython-311-x86_64-linux-gnu.so
7f2f1d6d0000-7f2f1d6d1000 r--p 00009000 00:204 141832290876              /mnt/primary/conda-envs/semantic_uncertainty_export/lib/python3.11/site-packages/pandas/_libs/pandas_parser.cpython-311-x86_64-linux-gnu.so
7f2f1d6d1000-7f2f1d6d2000 rw-p 0000a000 00:204 141832290876              /mnt/primary/conda-envs/semantic_uncertainty_export/lib/python3.11/site-packages/pandas/_libs/pandas_parser.cpython-311-x86_64-linux-gnu.so
7f2f1d6d2000-7f2f1d6d5000 r--p 00000000 00:204 171102376449              /mnt/primary/conda-envs/semantic_uncertainty_export/lib/python3.11/site-packages/numpy/random/_pcg64.cpython-311-x86_64-linux-gnu.so
7f2f1d6d5000-7f2f1d6e4000 r-xp 00003000 00:204 171102376449              /mnt/primary/conda-envs/semantic_uncertainty_export/lib/python3.11/site-packages/numpy/random/_pcg64.cpython-311-x86_64-linux-gnu.so
7f2f1d6e4000-7f2f1d6e9000 r--p 00012000 00:204 171102376449              /mnt/primary/conda-envs/semantic_uncertainty_export/lib/python3.11/site-packages/numpy/random/_pcg64.cpython-311-x86_64-linux-gnu.so
7f2f1d6e9000-7f2f1d6ea000 ---p 00017000 00:204 171102376449              /mnt/primary/conda-envs/semantic_uncertainty_export/lib/python3.11/site-packages/numpy/random/_pcg64.cpython-311-x86_64-linux-gnu.so
7f2f1d6ea000-7f2f1d6eb000 r--p 00017000 00:204 171102376449              /mnt/primary/conda-envs/semantic_uncertainty_export/lib/python3.11/site-packages/numpy/random/_pcg64.cpython-311-x86_64-linux-gnu.so
7f2f1d6eb000-7f2f1d6ec000 rw-p 00018000 00:204 171102376449              /mnt/primary/conda-envs/semantic_uncertainty_export/lib/python3.11/site-packages/numpy/random/_pcg64.cpython-311-x86_64-linux-gnu.so
7f2f1d6ec000-7f2f1d6ef000 r--p 00000000 00:204 171102376451              /mnt/primary/conda-envs/semantic_uncertainty_export/lib/python3.11/site-packages/numpy/random/_philox.cpython-311-x86_64-linux-gnu.so
7f2f1d6ef000-7f2f1d6f9000 r-xp 00003000 00:204 171102376451              /mnt/primary/conda-envs/semantic_uncertainty_export/lib/python3.11/site-packages/numpy/random/_philox.cpython-311-x86_64-linux-gnu.so
7f2f1d6f9000-7f2f1d6fd000 r--p 0000d000 00:204 171102376451              /mnt/primary/conda-envs/semantic_uncertainty_export/lib/python3.11/site-packages/numpy/random/_philox.cpython-311-x86_64-linux-gnu.so
7f2f1d6fd000-7f2f1d6fe000 ---p 00011000 00:204 171102376451              /mnt/primary/conda-envs/semantic_uncertainty_export/lib/python3.11/site-packages/numpy/random/_philox.cpython-311-x86_64-linux-gnu.so
7f2f1d6fe000-7f2f1d6ff000 r--p 00011000 00:204 171102376451              /mnt/primary/conda-envs/semantic_uncertainty_export/lib/python3.11/site-packages/numpy/random/_philox.cpython-311-x86_64-linux-gnu.so
7f2f1d6ff000-7f2f1d700000 rw-p 00012000 00:204 171102376451              /mnt/primary/conda-envs/semantic_uncertainty_export/lib/python3.11/site-packages/numpy/random/_philox.cpython-311-x86_64-linux-gnu.so
7f2f1d700000-7f2f1d800000 rw-p 00000000 00:00 0 
7f2f1e002000-7f2f1e003000 r--p 00000000 00:204 141832290861              /mnt/primary/conda-envs/semantic_uncertainty_export/lib/python3.11/site-packages/pandas/_libs/pandas_datetime.cpython-311-x86_64-linux-gnu.so
7f2f1e003000-7f2f1e008000 r-xp 00001000 00:204 141832290861              /mnt/primary/conda-envs/semantic_uncertainty_export/lib/python3.11/site-packages/pandas/_libs/pandas_datetime.cpython-311-x86_64-linux-gnu.so
7f2f1e008000-7f2f1e009000 r--p 00006000 00:204 141832290861              /mnt/primary/conda-envs/semantic_uncertainty_export/lib/python3.11/site-packages/pandas/_libs/pandas_datetime.cpython-311-x86_64-linux-gnu.so
7f2f1e009000-7f2f1e00a000 r--p 00006000 00:204 141832290861              /mnt/primary/conda-envs/semantic_uncertainty_export/lib/python3.11/site-packages/pandas/_libs/pandas_datetime.cpython-311-x86_64-linux-gnu.so
7f2f1e00a000-7f2f1e00b000 rw-p 00007000 00:204 141832290861              /mnt/primary/conda-envs/semantic_uncertainty_export/lib/python3.11/site-packages/pandas/_libs/pandas_datetime.cpython-311-x86_64-linux-gnu.so
7f2f1e00b000-7f2f1e010000 r--p 00000000 00:204 171102352953              /mnt/primary/conda-envs/semantic_uncertainty_export/lib/python3.11/site-packages/numpy/random/_bounded_integers.cpython-311-x86_64-linux-gnu.so
7f2f1e010000-7f2f1e04f000 r-xp 00005000 00:204 171102352953              /mnt/primary/conda-envs/semantic_uncertainty_export/lib/python3.11/site-packages/numpy/random/_bounded_integers.cpython-311-x86_64-linux-gnu.so
7f2f1e04f000-7f2f1e058000 r--p 00044000 00:204 171102352953              /mnt/primary/conda-envs/semantic_uncertainty_export/lib/python3.11/site-packages/numpy/random/_bounded_integers.cpython-311-x86_64-linux-gnu.so
7f2f1e058000-7f2f1e059000 r--p 0004c000 00:204 171102352953              /mnt/primary/conda-envs/semantic_uncertainty_export/lib/python3.11/site-packages/numpy/random/_bounded_integers.cpython-311-x86_64-linux-gnu.so
7f2f1e059000-7f2f1e05a000 rw-p 0004d000 00:204 171102352953              /mnt/primary/conda-envs/semantic_uncertainty_export/lib/python3.11/site-packages/numpy/random/_bounded_integers.cpython-311-x86_64-linux-gnu.so
7f2f1e05a000-7f2f1e05b000 rw-p 00000000 00:00 0 
7f2f1e05b000-7f2f1e060000 r--p 00000000 00:204 171102376460              /mnt/primary/conda-envs/semantic_uncertainty_export/lib/python3.11/site-packages/numpy/random/mtrand.cpython-311-x86_64-linux-gnu.so
7f2f1e060000-7f2f1e0ac000 r-xp 00005000 00:204 171102376460              /mnt/primary/conda-envs/semantic_uncertainty_export/lib/python3.11/site-packages/numpy/random/mtrand.cpython-311-x86_64-linux-gnu.so
7f2f1e0ac000-7f2f1e0fc000 r--p 00051000 00:204 171102376460              /mnt/primary/conda-envs/semantic_uncertainty_export/lib/python3.11/site-packages/numpy/random/mtrand.cpython-311-x86_64-linux-gnu.so
7f2f1e0fc000-7f2f1e0fd000 r--p 000a0000 00:204 171102376460              /mnt/primary/conda-envs/semantic_uncertainty_export/lib/python3.11/site-packages/numpy/random/mtrand.cpython-311-x86_64-linux-gnu.so
7f2f1e0fd000-7f2f1e0fe000 rw-p 000a1000 00:204 171102376460              /mnt/primary/conda-envs/semantic_uncertainty_export/lib/python3.11/site-packages/numpy/random/mtrand.cpython-311-x86_64-linux-gnu.so
7f2f1e0fe000-7f2f1e200000 rw-p 00000000 00:00 0 
7f2f1e903000-7f2f1e907000 ---p 00000000 00:00 0 
7f2f1e907000-7f2f1ea03000 rw-p 00000000 00:00 0 
7f2f1ea03000-7f2f1ea04000 r--p 00000000 00:204 58046899228               /mnt/primary/conda-envs/semantic_uncertainty_export/lib/python3.11/site-packages/bottleneck/nonreduce.cpython-311-x86_64-linux-gnu.so
7f2f1ea04000-7f2f1ea06000 r-xp 00001000 00:204 58046899228               /mnt/primary/conda-envs/semantic_uncertainty_export/lib/python3.11/site-packages/bottleneck/nonreduce.cpython-311-x86_64-linux-gnu.so
7f2f1ea06000-7f2f1ea07000 r--p 00003000 00:204 58046899228               /mnt/primary/conda-envs/semantic_uncertainty_export/lib/python3.11/site-packages/bottleneck/nonreduce.cpython-311-x86_64-linux-gnu.so
7f2f1ea07000-7f2f1ea08000 r--p 00003000 00:204 58046899228               /mnt/primary/conda-envs/semantic_uncertainty_export/lib/python3.11/site-packages/bottleneck/nonreduce.cpython-311-x86_64-linux-gnu.so
7f2f1ea08000-7f2f1ea09000 rw-p 00004000 00:204 58046899228               /mnt/primary/conda-envs/semantic_uncertainty_export/lib/python3.11/site-packages/bottleneck/nonreduce.cpython-311-x86_64-linux-gnu.so
7f2f1ea09000-7f2f1ea0c000 r--p 00000000 00:204 171102352959              /mnt/primary/conda-envs/semantic_uncertainty_export/lib/python3.11/site-packages/numpy/random/_mt19937.cpython-311-x86_64-linux-gnu.so
7f2f1ea0c000-7f2f1ea19000 r-xp 00003000 00:204 171102352959              /mnt/primary/conda-envs/semantic_uncertainty_export/lib/python3.11/site-packages/numpy/random/_mt19937.cpython-311-x86_64-linux-gnu.so
7f2f1ea19000-7f2f1ea1e000 r--p 00010000 00:204 171102352959              /mnt/primary/conda-envs/semantic_uncertainty_export/lib/python3.11/site-packages/numpy/random/_mt19937.cpython-311-x86_64-linux-gnu.so
7f2f1ea1e000-7f2f1ea1f000 r--p 00014000 00:204 171102352959              /mnt/primary/conda-envs/semantic_uncertainty_export/lib/python3.11/site-packages/numpy/random/_mt19937.cpython-311-x86_64-linux-gnu.so
7f2f1ea1f000-7f2f1ea20000 rw-p 00015000 00:204 171102352959              /mnt/primary/conda-envs/semantic_uncertainty_export/lib/python3.11/site-packages/numpy/random/_mt19937.cpython-311-x86_64-linux-gnu.so
7f2f1ea20000-7f2f1ea24000 r--p 00000000 00:204 171102352955              /mnt/primary/conda-envs/semantic_uncertainty_export/lib/python3.11/site-packages/numpy/random/_common.cpython-311-x86_64-linux-gnu.so
7f2f1ea24000-7f2f1ea4f000 r-xp 00004000 00:204 171102352955              /mnt/primary/conda-envs/semantic_uncertainty_export/lib/python3.11/site-packages/numpy/random/_common.cpython-311-x86_64-linux-gnu.so
7f2f1ea4f000-7f2f1ea53000 r--p 0002f000 00:204 171102352955              /mnt/primary/conda-envs/semantic_uncertainty_export/lib/python3.11/site-packages/numpy/random/_common.cpython-311-x86_64-linux-gnu.so
7f2f1ea53000-7f2f1ea54000 ---p 00033000 00:204 171102352955              /mnt/primary/conda-envs/semantic_uncertainty_export/lib/python3.11/site-packages/numpy/random/_common.cpython-311-x86_64-linux-gnu.so
7f2f1ea54000-7f2f1ea55000 r--p 00033000 00:204 171102352955              /mnt/primary/conda-envs/semantic_uncertainty_export/lib/python3.11/site-packages/numpy/random/_common.cpython-311-x86_64-linux-gnu.so
7f2f1ea55000-7f2f1ea56000 rw-p 00034000 00:204 171102352955              /mnt/primary/conda-envs/semantic_uncertainty_export/lib/python3.11/site-packages/numpy/random/_common.cpython-311-x86_64-linux-gnu.so
7f2f1ea56000-7f2f1ea57000 rw-p 00000000 00:00 0 
7f2f1ea57000-7f2f1ea5c000 r--p 00000000 00:204 171102376456              /mnt/primary/conda-envs/semantic_uncertainty_export/lib/python3.11/site-packages/numpy/random/bit_generator.cpython-311-x86_64-linux-gnu.so
7f2f1ea5c000-7f2f1ea7a000 r-xp 00005000 00:204 171102376456              /mnt/primary/conda-envs/semantic_uncertainty_export/lib/python3.11/site-packages/numpy/random/bit_generator.cpython-311-x86_64-linux-gnu.so
7f2f1ea7a000-7f2f1ea84000 r--p 00023000 00:204 171102376456              /mnt/primary/conda-envs/semantic_uncertainty_export/lib/python3.11/site-packages/numpy/random/bit_generator.cpython-311-x86_64-linux-gnu.so
7f2f1ea84000-7f2f1ea85000 r--p 0002c000 00:204 171102376456              /mnt/primary/conda-envs/semantic_uncertainty_export/lib/python3.11/site-packages/numpy/random/bit_generator.cpython-311-x86_64-linux-gnu.so
7f2f1ea85000-7f2f1ea87000 rw-p 0002d000 00:204 171102376456              /mnt/primary/conda-envs/semantic_uncertainty_export/lib/python3.11/site-packages/numpy/random/bit_generator.cpython-311-x86_64-linux-gnu.so
7f2f1ea87000-7f2f1ea88000 r--p 00000000 00:204 116697732662              /mnt/primary/conda-envs/semantic_uncertainty_export/lib/python3.11/site-packages/numpy/fft/_pocketfft_internal.cpython-311-x86_64-linux-gnu.so
7f2f1ea88000-7f2f1ea97000 r-xp 00001000 00:204 116697732662              /mnt/primary/conda-envs/semantic_uncertainty_export/lib/python3.11/site-packages/numpy/fft/_pocketfft_internal.cpython-311-x86_64-linux-gnu.so
7f2f1ea97000-7f2f1ea99000 r--p 00010000 00:204 116697732662              /mnt/primary/conda-envs/semantic_uncertainty_export/lib/python3.11/site-packages/numpy/fft/_pocketfft_internal.cpython-311-x86_64-linux-gnu.so
7f2f1ea99000-7f2f1ea9a000 r--p 00011000 00:204 116697732662              /mnt/primary/conda-envs/semantic_uncertainty_export/lib/python3.11/site-packages/numpy/fft/_pocketfft_internal.cpython-311-x86_64-linux-gnu.so
7f2f1ea9a000-7f2f1ea9b000 rw-p 00012000 00:204 116697732662              /mnt/primary/conda-envs/semantic_uncertainty_export/lib/python3.11/site-packages/numpy/fft/_pocketfft_internal.cpython-311-x86_64-linux-gnu.so
7f2f1ea9b000-7f2f1eaa2000 r--p 00000000 00:204 135391188019              /mnt/primary/conda-envs/semantic_uncertainty_export/lib/python3.11/site-packages/numpy/linalg/_umath_linalg.cpython-311-x86_64-linux-gnu.so
7f2f1eaa2000-7f2f1eabc000 r-xp 00007000 00:204 135391188019              /mnt/primary/conda-envs/semantic_uncertainty_export/lib/python3.11/site-packages/numpy/linalg/_umath_linalg.cpython-311-x86_64-linux-gnu.so
7f2f1eabc000-7f2f1eac1000 r--p 00021000 00:204 135391188019              /mnt/primary/conda-envs/semantic_uncertainty_export/lib/python3.11/site-packages/numpy/linalg/_umath_linalg.cpython-311-x86_64-linux-gnu.so
7f2f1eac1000-7f2f1eac2000 r--p 00025000 00:204 135391188019              /mnt/primary/conda-envs/semantic_uncertainty_export/lib/python3.11/site-packages/numpy/linalg/_umath_linalg.cpython-311-x86_64-linux-gnu.so
7f2f1eac2000-7f2f1eac3000 rw-p 00026000 00:204 135391188019              /mnt/primary/conda-envs/semantic_uncertainty_export/lib/python3.11/site-packages/numpy/linalg/_umath_linalg.cpython-311-x86_64-linux-gnu.so
7f2f1eac3000-7f2f1eacb000 r--p 00000000 00:204 163251150892              /mnt/primary/conda-envs/semantic_uncertainty_export/lib/python3.11/site-packages/numpy/core/_multiarray_tests.cpython-311-x86_64-linux-gnu.so
7f2f1eacb000-7f2f1eada000 r-xp 00008000 00:204 163251150892              /mnt/primary/conda-envs/semantic_uncertainty_export/lib/python3.11/site-packages/numpy/core/_multiarray_tests.cpython-311-x86_64-linux-gnu.so
7f2f1eada000-7f2f1eadf000 r--p 00017000 00:204 163251150892              /mnt/primary/conda-envs/semantic_uncertainty_export/lib/python3.11/site-packages/numpy/core/_multiarray_tests.cpython-311-x86_64-linux-gnu.so
7f2f1eadf000-7f2f1eae0000 ---p 0001c000 00:204 163251150892              /mnt/primary/conda-envs/semantic_uncertainty_export/lib/python3.11/site-packages/numpy/core/_multiarray_tests.cpython-311-x86_64-linux-gnu.so
7f2f1eae0000-7f2f1eae1000 r--p 0001c000 00:204 163251150892              /mnt/primary/conda-envs/semantic_uncertainty_export/lib/python3.11/site-packages/numpy/core/_multiarray_tests.cpython-311-x86_64-linux-gnu.so
7f2f1eae1000-7f2f1eae2000 rw-p 0001d000 00:204 163251150892              /mnt/primary/conda-envs/semantic_uncertainty_export/lib/python3.11/site-packages/numpy/core/_multiarray_tests.cpython-311-x86_64-linux-gnu.so
7f2f1eae2000-7f2f1ebe2000 rw-p 00000000 00:00 0 
7f2f1ebe2000-7f2f1ebe8000 r--p 00000000 00:204 21511827990               /mnt/primary/conda-envs/semantic_uncertainty_export/lib/python3.11/site-packages/mkl/_py_mkl_service.cpython-311-x86_64-linux-gnu.so
7f2f1ebe8000-7f2f1ebf7000 r-xp 00006000 00:204 21511827990               /mnt/primary/conda-envs/semantic_uncertainty_export/lib/python3.11/site-packages/mkl/_py_mkl_service.cpython-311-x86_64-linux-gnu.so
7f2f1ebf7000-7f2f1ebfa000 r--p 00015000 00:204 21511827990               /mnt/primary/conda-envs/semantic_uncertainty_export/lib/python3.11/site-packages/mkl/_py_mkl_service.cpython-311-x86_64-linux-gnu.so
7f2f1ebfa000-7f2f1ebfb000 ---p 00018000 00:204 21511827990               /mnt/primary/conda-envs/semantic_uncertainty_export/lib/python3.11/site-packages/mkl/_py_mkl_service.cpython-311-x86_64-linux-gnu.so
7f2f1ebfb000-7f2f1ebfc000 r--p 00018000 00:204 21511827990               /mnt/primary/conda-envs/semantic_uncertainty_export/lib/python3.11/site-packages/mkl/_py_mkl_service.cpython-311-x86_64-linux-gnu.so
7f2f1ebfc000-7f2f1ec00000 rw-p 00019000 00:204 21511827990               /mnt/primary/conda-envs/semantic_uncertainty_export/lib/python3.11/site-packages/mkl/_py_mkl_service.cpython-311-x86_64-linux-gnu.so
7f2f1ec00000-7f2f1ec01000 ---p 00000000 00:00 0 
7f2f1ec01000-7f2f1f401000 rw-p 00000000 00:00 0 
7f2f1f401000-7f2f1f403000 r--p 00000000 00:204 45438459397               /mnt/primary/conda-envs/semantic_uncertainty_export/lib/python3.11/lib-dynload/grp.cpython-311-x86_64-linux-gnu.so
7f2f1f403000-7f2f1f404000 r-xp 00002000 00:204 45438459397               /mnt/primary/conda-envs/semantic_uncertainty_export/lib/python3.11/lib-dynload/grp.cpython-311-x86_64-linux-gnu.so
7f2f1f404000-7f2f1f405000 r--p 00003000 00:204 45438459397               /mnt/primary/conda-envs/semantic_uncertainty_export/lib/python3.11/lib-dynload/grp.cpython-311-x86_64-linux-gnu.so
7f2f1f405000-7f2f1f406000 r--p 00003000 00:204 45438459397               /mnt/primary/conda-envs/semantic_uncertainty_export/lib/python3.11/lib-dynload/grp.cpython-311-x86_64-linux-gnu.so
7f2f1f406000-7f2f1f407000 rw-p 00004000 00:204 45438459397               /mnt/primary/conda-envs/semantic_uncertainty_export/lib/python3.11/lib-dynload/grp.cpython-311-x86_64-linux-gnu.so
7f2f1f407000-7f2f1f428000 r--p 00000000 00:204 70923272721               /mnt/primary/conda-envs/semantic_uncertainty_export/lib/libomp.so
7f2f1f428000-7f2f1f4c4000 r-xp 00021000 00:204 70923272721               /mnt/primary/conda-envs/semantic_uncertainty_export/lib/libomp.so
7f2f1f4c4000-7f2f1f4ee000 r--p 000bd000 00:204 70923272721               /mnt/primary/conda-envs/semantic_uncertainty_export/lib/libomp.so
7f2f1f4ee000-7f2f1f4ef000 ---p 000e7000 00:204 70923272721               /mnt/primary/conda-envs/semantic_uncertainty_export/lib/libomp.so
7f2f1f4ef000-7f2f1f4f0000 r--p 000e7000 00:204 70923272721               /mnt/primary/conda-envs/semantic_uncertainty_export/lib/libomp.so
7f2f1f4f0000-7f2f1f4f6000 rw-p 000e8000 00:204 70923272721               /mnt/primary/conda-envs/semantic_uncertainty_export/lib/libomp.so
7f2f1f4f6000-7f2f1f600000 rw-p 00000000 00:00 0 
7f2f1f600000-7f2f1f601000 ---p 00000000 00:00 0 
7f2f1f601000-7f2f1fe01000 rw-p 00000000 00:00 0 
7f2f1fe01000-7f2f1fe02000 ---p 00000000 00:00 0 
7f2f1fe02000-7f2f1fe03000 r--p 00000000 00:00 0 
7f2f1fe03000-7f2f1fe06000 r--p 00000000 00:204 171102376454              /mnt/primary/conda-envs/semantic_uncertainty_export/lib/python3.11/site-packages/numpy/random/_sfc64.cpython-311-x86_64-linux-gnu.so
7f2f1fe06000-7f2f1fe0d000 r-xp 00003000 00:204 171102376454              /mnt/primary/conda-envs/semantic_uncertainty_export/lib/python3.11/site-packages/numpy/random/_sfc64.cpython-311-x86_64-linux-gnu.so
7f2f1fe0d000-7f2f1fe10000 r--p 0000a000 00:204 171102376454              /mnt/primary/conda-envs/semantic_uncertainty_export/lib/python3.11/site-packages/numpy/random/_sfc64.cpython-311-x86_64-linux-gnu.so
7f2f1fe10000-7f2f1fe11000 r--p 0000c000 00:204 171102376454              /mnt/primary/conda-envs/semantic_uncertainty_export/lib/python3.11/site-packages/numpy/random/_sfc64.cpython-311-x86_64-linux-gnu.so
7f2f1fe11000-7f2f1fe12000 rw-p 0000d000 00:204 171102376454              /mnt/primary/conda-envs/semantic_uncertainty_export/lib/python3.11/site-packages/numpy/random/_sfc64.cpython-311-x86_64-linux-gnu.so
7f2f1fe12000-7f2f1fe13000 r--p 00000000 00:204 21511827989               /mnt/primary/conda-envs/semantic_uncertainty_export/lib/python3.11/site-packages/mkl/_mklinit.cpython-311-x86_64-linux-gnu.so
7f2f1fe13000-7f2f1fe14000 r-xp 00001000 00:204 21511827989               /mnt/primary/conda-envs/semantic_uncertainty_export/lib/python3.11/site-packages/mkl/_mklinit.cpython-311-x86_64-linux-gnu.so
7f2f1fe14000-7f2f1fe15000 r--p 00002000 00:204 21511827989               /mnt/primary/conda-envs/semantic_uncertainty_export/lib/python3.11/site-packages/mkl/_mklinit.cpython-311-x86_64-linux-gnu.so
7f2f1fe15000-7f2f1fe16000 r--p 00002000 00:204 21511827989               /mnt/primary/conda-envs/semantic_uncertainty_export/lib/python3.11/site-packages/mkl/_mklinit.cpython-311-x86_64-linux-gnu.so
7f2f1fe16000-7f2f1fe17000 rw-p 00003000 00:204 21511827989               /mnt/primary/conda-envs/semantic_uncertainty_export/lib/python3.11/site-packages/mkl/_mklinit.cpython-311-x86_64-linux-gnu.so
7f2f1fe17000-7f2f1fe1b000 rw-p 00000000 00:00 0 
7f2f1fe23000-7f2f1fe2b000 rw-p 00000000 00:00 0 
7f2f1fe33000-7f2f20133000 rw-p 00000000 00:00 0 
7f2f20133000-7f2f2013b000 r--p 00000000 00:204 172121170462              /mnt/primary/conda-envs/semantic_uncertainty_export/lib/python3.11/site-packages/debugpy/_vendored/pydevd/_pydevd_bundle/pydevd_cython.cpython-311-x86_64-linux-gnu.so
7f2f2013b000-7f2f201b8000 r-xp 00008000 00:204 172121170462              /mnt/primary/conda-envs/semantic_uncertainty_export/lib/python3.11/site-packages/debugpy/_vendored/pydevd/_pydevd_bundle/pydevd_cython.cpython-311-x86_64-linux-gnu.so
7f2f201b8000-7f2f201c1000 r--p 00085000 00:204 172121170462              /mnt/primary/conda-envs/semantic_uncertainty_export/lib/python3.11/site-packages/debugpy/_vendored/pydevd/_pydevd_bundle/pydevd_cython.cpython-311-x86_64-linux-gnu.so
7f2f201c1000-7f2f201c2000 r--p 0008d000 00:204 172121170462              /mnt/primary/conda-envs/semantic_uncertainty_export/lib/python3.11/site-packages/debugpy/_vendored/pydevd/_pydevd_bundle/pydevd_cython.cpython-311-x86_64-linux-gnu.so
7f2f201c2000-7f2f201c8000 rw-p 0008e000 00:204 172121170462              /mnt/primary/conda-envs/semantic_uncertainty_export/lib/python3.11/site-packages/debugpy/_vendored/pydevd/_pydevd_bundle/pydevd_cython.cpython-311-x86_64-linux-gnu.so
7f2f201c8000-7f2f203c9000 rw-p 00000000 00:00 0 
7f2f203c9000-7f2f203cf000 r--p 00000000 00:204 45438459402               /mnt/primary/conda-envs/semantic_uncertainty_export/lib/python3.11/lib-dynload/pyexpat.cpython-311-x86_64-linux-gnu.so
7f2f203cf000-7f2f203f9000 r-xp 00006000 00:204 45438459402               /mnt/primary/conda-envs/semantic_uncertainty_export/lib/python3.11/lib-dynload/pyexpat.cpython-311-x86_64-linux-gnu.so
7f2f203f9000-7f2f20405000 r--p 00030000 00:204 45438459402               /mnt/primary/conda-envs/semantic_uncertainty_export/lib/python3.11/lib-dynload/pyexpat.cpython-311-x86_64-linux-gnu.so
7f2f20405000-7f2f20408000 r--p 0003b000 00:204 45438459402               /mnt/primary/conda-envs/semantic_uncertainty_export/lib/python3.11/lib-dynload/pyexpat.cpython-311-x86_64-linux-gnu.so
7f2f20408000-7f2f2040a000 rw-p 0003e000 00:204 45438459402               /mnt/primary/conda-envs/semantic_uncertainty_export/lib/python3.11/lib-dynload/pyexpat.cpython-311-x86_64-linux-gnu.so
7f2f2040a000-7f2f2050a000 rw-p 00000000 00:00 0 
7f2f2050a000-7f2f2050c000 r--p 00000000 00:204 58047289889               /mnt/primary/conda-envs/semantic_uncertainty_export/lib/python3.11/site-packages/psutil/_psutil_posix.abi3.so
7f2f2050c000-7f2f2050e000 r-xp 00002000 00:204 58047289889               /mnt/primary/conda-envs/semantic_uncertainty_export/lib/python3.11/site-packages/psutil/_psutil_posix.abi3.so
7f2f2050e000-7f2f2050f000 r--p 00004000 00:204 58047289889               /mnt/primary/conda-envs/semantic_uncertainty_export/lib/python3.11/site-packages/psutil/_psutil_posix.abi3.so
7f2f2050f000-7f2f20510000 r--p 00004000 00:204 58047289889               /mnt/primary/conda-envs/semantic_uncertainty_export/lib/python3.11/site-packages/psutil/_psutil_posix.abi3.so
7f2f20510000-7f2f20511000 rw-p 00005000 00:204 58047289889               /mnt/primary/conda-envs/semantic_uncertainty_export/lib/python3.11/site-packages/psutil/_psutil_posix.abi3.so
7f2f20511000-7f2f20513000 r--p 00000000 00:204 58047289890               /mnt/primary/conda-envs/semantic_uncertainty_export/lib/python3.11/site-packages/psutil/_psutil_linux.abi3.so
7f2f20513000-7f2f20516000 r-xp 00002000 00:204 58047289890               /mnt/primary/conda-envs/semantic_uncertainty_export/lib/python3.11/site-packages/psutil/_psutil_linux.abi3.so
7f2f20516000-7f2f20517000 r--p 00005000 00:204 58047289890               /mnt/primary/conda-envs/semantic_uncertainty_export/lib/python3.11/site-packages/psutil/_psutil_linux.abi3.so
7f2f20517000-7f2f20518000 r--p 00005000 00:204 58047289890               /mnt/primary/conda-envs/semantic_uncertainty_export/lib/python3.11/site-packages/psutil/_psutil_linux.abi3.so
7f2f20518000-7f2f20519000 rw-p 00006000 00:204 58047289890               /mnt/primary/conda-envs/semantic_uncertainty_export/lib/python3.11/site-packages/psutil/_psutil_linux.abi3.so
7f2f20519000-7f2f20619000 rw-p 00000000 00:00 0 
7f2f20619000-7f2f2061b000 r--p 00000000 00:204 45438356000               /mnt/primary/conda-envs/semantic_uncertainty_export/lib/python3.11/lib-dynload/_lsprof.cpython-311-x86_64-linux-gnu.so
7f2f2061b000-7f2f2061d000 r-xp 00002000 00:204 45438356000               /mnt/primary/conda-envs/semantic_uncertainty_export/lib/python3.11/lib-dynload/_lsprof.cpython-311-x86_64-linux-gnu.so
7f2f2061d000-7f2f2061e000 r--p 00004000 00:204 45438356000               /mnt/primary/conda-envs/semantic_uncertainty_export/lib/python3.11/lib-dynload/_lsprof.cpython-311-x86_64-linux-gnu.so
7f2f2061e000-7f2f2061f000 ---p 00005000 00:204 45438356000               /mnt/primary/conda-envs/semantic_uncertainty_export/lib/python3.11/lib-dynload/_lsprof.cpython-311-x86_64-linux-gnu.so
7f2f2061f000-7f2f20620000 r--p 00005000 00:204 45438356000               /mnt/primary/conda-envs/semantic_uncertainty_export/lib/python3.11/lib-dynload/_lsprof.cpython-311-x86_64-linux-gnu.so
7f2f20620000-7f2f20621000 rw-p 00006000 00:204 45438356000               /mnt/primary/conda-envs/semantic_uncertainty_export/lib/python3.11/lib-dynload/_lsprof.cpython-311-x86_64-linux-gnu.so
7f2f20621000-7f2f20a21000 rw-p 00000000 00:00 0 
7f2f20a21000-7f2f20a24000 r--p 00000000 00:204 45438459409               /mnt/primary/conda-envs/semantic_uncertainty_export/lib/python3.11/lib-dynload/unicodedata.cpython-311-x86_64-linux-gnu.so
7f2f20a24000-7f2f20a28000 r-xp 00003000 00:204 45438459409               /mnt/primary/conda-envs/semantic_uncertainty_export/lib/python3.11/lib-dynload/unicodedata.cpython-311-x86_64-linux-gnu.so
7f2f20a28000-7f2f20b34000 r--p 00007000 00:204 45438459409               /mnt/primary/conda-envs/semantic_uncertainty_export/lib/python3.11/lib-dynload/unicodedata.cpython-311-x86_64-linux-gnu.so
7f2f20b34000-7f2f20b35000 ---p 00113000 00:204 45438459409               /mnt/primary/conda-envs/semantic_uncertainty_export/lib/python3.11/lib-dynload/unicodedata.cpython-311-x86_64-linux-gnu.so
7f2f20b35000-7f2f20b36000 r--p 00113000 00:204 45438459409               /mnt/primary/conda-envs/semantic_uncertainty_export/lib/python3.11/lib-dynload/unicodedata.cpython-311-x86_64-linux-gnu.so
7f2f20b36000-7f2f20b37000 rw-p 00114000 00:204 45438459409               /mnt/primary/conda-envs/semantic_uncertainty_export/lib/python3.11/lib-dynload/unicodedata.cpython-311-x86_64-linux-gnu.so
7f2f20b37000-7f2f20f37000 rw-p 00000000 00:00 0 
7f2f20f37000-7f2f20f49000 r--p 00000000 00:204 70925084698               /mnt/primary/conda-envs/semantic_uncertainty_export/lib/libsqlite3.so.0.8.6
7f2f20f49000-7f2f21049000 r-xp 00012000 00:204 70925084698               /mnt/primary/conda-envs/semantic_uncertainty_export/lib/libsqlite3.so.0.8.6
7f2f21049000-7f2f2107d000 r--p 00112000 00:204 70925084698               /mnt/primary/conda-envs/semantic_uncertainty_export/lib/libsqlite3.so.0.8.6
7f2f2107d000-7f2f2107e000 ---p 00146000 00:204 70925084698               /mnt/primary/conda-envs/semantic_uncertainty_export/lib/libsqlite3.so.0.8.6
7f2f2107e000-7f2f21082000 r--p 00146000 00:204 70925084698               /mnt/primary/conda-envs/semantic_uncertainty_export/lib/libsqlite3.so.0.8.6
7f2f21082000-7f2f21086000 rw-p 0014a000 00:204 70925084698               /mnt/primary/conda-envs/semantic_uncertainty_export/lib/libsqlite3.so.0.8.6
7f2f21086000-7f2f2108e000 r--p 00000000 00:204 45438356016               /mnt/primary/conda-envs/semantic_uncertainty_export/lib/python3.11/lib-dynload/_sqlite3.cpython-311-x86_64-linux-gnu.so
7f2f2108e000-7f2f2109c000 r-xp 00008000 00:204 45438356016               /mnt/primary/conda-envs/semantic_uncertainty_export/lib/python3.11/lib-dynload/_sqlite3.cpython-311-x86_64-linux-gnu.so
7f2f2109c000-7f2f210a3000 r--p 00016000 00:204 45438356016               /mnt/primary/conda-envs/semantic_uncertainty_export/lib/python3.11/lib-dynload/_sqlite3.cpython-311-x86_64-linux-gnu.so
7f2f210a3000-7f2f210a5000 r--p 0001c000 00:204 45438356016               /mnt/primary/conda-envs/semantic_uncertainty_export/lib/python3.11/lib-dynload/_sqlite3.cpython-311-x86_64-linux-gnu.so
7f2f210a5000-7f2f210a7000 rw-p 0001e000 00:204 45438356016               /mnt/primary/conda-envs/semantic_uncertainty_export/lib/python3.11/lib-dynload/_sqlite3.cpython-311-x86_64-linux-gnu.so
7f2f210a7000-7f2f213a7000 rw-p 00000000 00:00 0 
7f2f213a7000-7f2f213a9000 r--p 00000000 00:204 45438459404               /mnt/primary/conda-envs/semantic_uncertainty_export/lib/python3.11/lib-dynload/resource.cpython-311-x86_64-linux-gnu.so
7f2f213a9000-7f2f213aa000 r-xp 00002000 00:204 45438459404               /mnt/primary/conda-envs/semantic_uncertainty_export/lib/python3.11/lib-dynload/resource.cpython-311-x86_64-linux-gnu.so
7f2f213aa000-7f2f213ab000 r--p 00003000 00:204 45438459404               /mnt/primary/conda-envs/semantic_uncertainty_export/lib/python3.11/lib-dynload/resource.cpython-311-x86_64-linux-gnu.so
7f2f213ab000-7f2f213ac000 r--p 00003000 00:204 45438459404               /mnt/primary/conda-envs/semantic_uncertainty_export/lib/python3.11/lib-dynload/resource.cpython-311-x86_64-linux-gnu.so
7f2f213ac000-7f2f213ad000 rw-p 00004000 00:204 45438459404               /mnt/primary/conda-envs/semantic_uncertainty_export/lib/python3.11/lib-dynload/resource.cpython-311-x86_64-linux-gnu.so
7f2f213ad000-7f2f216ad000 rw-p 00000000 00:00 0 
7f2f216ad000-7f2f216b0000 r--p 00000000 00:204 45438355989               /mnt/primary/conda-envs/semantic_uncertainty_export/lib/python3.11/lib-dynload/_csv.cpython-311-x86_64-linux-gnu.so
7f2f216b0000-7f2f216b5000 r-xp 00003000 00:204 45438355989               /mnt/primary/conda-envs/semantic_uncertainty_export/lib/python3.11/lib-dynload/_csv.cpython-311-x86_64-linux-gnu.so
7f2f216b5000-7f2f216b8000 r--p 00008000 00:204 45438355989               /mnt/primary/conda-envs/semantic_uncertainty_export/lib/python3.11/lib-dynload/_csv.cpython-311-x86_64-linux-gnu.so
7f2f216b8000-7f2f216b9000 r--p 0000a000 00:204 45438355989               /mnt/primary/conda-envs/semantic_uncertainty_export/lib/python3.11/lib-dynload/_csv.cpython-311-x86_64-linux-gnu.so
7f2f216b9000-7f2f216ba000 rw-p 0000b000 00:204 45438355989               /mnt/primary/conda-envs/semantic_uncertainty_export/lib/python3.11/lib-dynload/_csv.cpython-311-x86_64-linux-gnu.so
7f2f216ba000-7f2f216bc000 r--p 00000000 00:204 70896380929               /mnt/primary/conda-envs/semantic_uncertainty_export/lib/libuuid.so.1.3.0
7f2f216bc000-7f2f216c0000 r-xp 00002000 00:204 70896380929               /mnt/primary/conda-envs/semantic_uncertainty_export/lib/libuuid.so.1.3.0
7f2f216c0000-7f2f216c1000 r--p 00006000 00:204 70896380929               /mnt/primary/conda-envs/semantic_uncertainty_export/lib/libuuid.so.1.3.0
7f2f216c1000-7f2f216c2000 r--p 00006000 00:204 70896380929               /mnt/primary/conda-envs/semantic_uncertainty_export/lib/libuuid.so.1.3.0
7f2f216c2000-7f2f216c3000 rw-p 00007000 00:204 70896380929               /mnt/primary/conda-envs/semantic_uncertainty_export/lib/libuuid.so.1.3.0
7f2f216c3000-7f2f216c4000 r--p 00000000 00:204 45438356028               /mnt/primary/conda-envs/semantic_uncertainty_export/lib/python3.11/lib-dynload/_uuid.cpython-311-x86_64-linux-gnu.so
7f2f216c4000-7f2f216c5000 r-xp 00001000 00:204 45438356028               /mnt/primary/conda-envs/semantic_uncertainty_export/lib/python3.11/lib-dynload/_uuid.cpython-311-x86_64-linux-gnu.so
7f2f216c5000-7f2f216c6000 r--p 00002000 00:204 45438356028               /mnt/primary/conda-envs/semantic_uncertainty_export/lib/python3.11/lib-dynload/_uuid.cpython-311-x86_64-linux-gnu.so
7f2f216c6000-7f2f216c7000 r--p 00002000 00:204 45438356028               /mnt/primary/conda-envs/semantic_uncertainty_export/lib/python3.11/lib-dynload/_uuid.cpython-311-x86_64-linux-gnu.so
7f2f216c7000-7f2f216c8000 rw-p 00003000 00:204 45438356028               /mnt/primary/conda-envs/semantic_uncertainty_export/lib/python3.11/lib-dynload/_uuid.cpython-311-x86_64-linux-gnu.so
7f2f216c8000-7f2f216cc000 r--p 00000000 00:204 70898552890               /mnt/primary/conda-envs/semantic_uncertainty_export/lib/liblzma.so.5.4.2
7f2f216cc000-7f2f216e9000 r-xp 00004000 00:204 70898552890               /mnt/primary/conda-envs/semantic_uncertainty_export/lib/liblzma.so.5.4.2
7f2f216e9000-7f2f216f5000 r--p 00021000 00:204 70898552890               /mnt/primary/conda-envs/semantic_uncertainty_export/lib/liblzma.so.5.4.2
7f2f216f5000-7f2f216f6000 ---p 0002d000 00:204 70898552890               /mnt/primary/conda-envs/semantic_uncertainty_export/lib/liblzma.so.5.4.2
7f2f216f6000-7f2f216f7000 r--p 0002d000 00:204 70898552890               /mnt/primary/conda-envs/semantic_uncertainty_export/lib/liblzma.so.5.4.2
7f2f216f7000-7f2f216f8000 rw-p 0002e000 00:204 70898552890               /mnt/primary/conda-envs/semantic_uncertainty_export/lib/liblzma.so.5.4.2
7f2f216f8000-7f2f216fb000 r--p 00000000 00:204 45438356001               /mnt/primary/conda-envs/semantic_uncertainty_export/lib/python3.11/lib-dynload/_lzma.cpython-311-x86_64-linux-gnu.so
7f2f216fb000-7f2f216ff000 r-xp 00003000 00:204 45438356001               /mnt/primary/conda-envs/semantic_uncertainty_export/lib/python3.11/lib-dynload/_lzma.cpython-311-x86_64-linux-gnu.so
7f2f216ff000-7f2f21702000 r--p 00007000 00:204 45438356001               /mnt/primary/conda-envs/semantic_uncertainty_export/lib/python3.11/lib-dynload/_lzma.cpython-311-x86_64-linux-gnu.so
7f2f21702000-7f2f21703000 r--p 00009000 00:204 45438356001               /mnt/primary/conda-envs/semantic_uncertainty_export/lib/python3.11/lib-dynload/_lzma.cpython-311-x86_64-linux-gnu.so
7f2f21703000-7f2f21704000 rw-p 0000a000 00:204 45438356001               /mnt/primary/conda-envs/semantic_uncertainty_export/lib/python3.11/lib-dynload/_lzma.cpython-311-x86_64-linux-gnu.so
7f2f21704000-7f2f21706000 r--p 00000000 00:204 70898522648               /mnt/primary/conda-envs/semantic_uncertainty_export/lib/libbz2.so.1.0.8
7f2f21706000-7f2f21714000 r-xp 00002000 00:204 70898522648               /mnt/primary/conda-envs/semantic_uncertainty_export/lib/libbz2.so.1.0.8
7f2f21714000-7f2f21716000 r--p 00010000 00:204 70898522648               /mnt/primary/conda-envs/semantic_uncertainty_export/lib/libbz2.so.1.0.8
7f2f21716000-7f2f21717000 r--p 00011000 00:204 70898522648               /mnt/primary/conda-envs/semantic_uncertainty_export/lib/libbz2.so.1.0.8
7f2f21717000-7f2f21718000 rw-p 00012000 00:204 70898522648               /mnt/primary/conda-envs/semantic_uncertainty_export/lib/libbz2.so.1.0.8
7f2f21718000-7f2f2171a000 r--p 00000000 00:204 45438355980               /mnt/primary/conda-envs/semantic_uncertainty_export/lib/python3.11/lib-dynload/_bz2.cpython-311-x86_64-linux-gnu.so
7f2f2171a000-7f2f2171c000 r-xp 00002000 00:204 45438355980               /mnt/primary/conda-envs/semantic_uncertainty_export/lib/python3.11/lib-dynload/_bz2.cpython-311-x86_64-linux-gnu.so
7f2f2171c000-7f2f2171e000 r--p 00004000 00:204 45438355980               /mnt/primary/conda-envs/semantic_uncertainty_export/lib/python3.11/lib-dynload/_bz2.cpython-311-x86_64-linux-gnu.so
7f2f2171e000-7f2f2171f000 r--p 00005000 00:204 45438355980               /mnt/primary/conda-envs/semantic_uncertainty_export/lib/python3.11/lib-dynload/_bz2.cpython-311-x86_64-linux-gnu.so
7f2f2171f000-7f2f21720000 rw-p 00006000 00:204 45438355980               /mnt/primary/conda-envs/semantic_uncertainty_export/lib/python3.11/lib-dynload/_bz2.cpython-311-x86_64-linux-gnu.so
7f2f21720000-7f2f21820000 rw-p 00000000 00:00 0 
7f2f21820000-7f2f21823000 r--p 00000000 00:204 45438459408               /mnt/primary/conda-envs/semantic_uncertainty_export/lib/python3.11/lib-dynload/termios.cpython-311-x86_64-linux-gnu.so
7f2f21823000-7f2f21824000 r-xp 00003000 00:204 45438459408               /mnt/primary/conda-envs/semantic_uncertainty_export/lib/python3.11/lib-dynload/termios.cpython-311-x86_64-linux-gnu.so
7f2f21824000-7f2f21826000 r--p 00004000 00:204 45438459408               /mnt/primary/conda-envs/semantic_uncertainty_export/lib/python3.11/lib-dynload/termios.cpython-311-x86_64-linux-gnu.so
7f2f21826000-7f2f21827000 r--p 00005000 00:204 45438459408               /mnt/primary/conda-envs/semantic_uncertainty_export/lib/python3.11/lib-dynload/termios.cpython-311-x86_64-linux-gnu.so
7f2f21827000-7f2f21829000 rw-p 00006000 00:204 45438459408               /mnt/primary/conda-envs/semantic_uncertainty_export/lib/python3.11/lib-dynload/termios.cpython-311-x86_64-linux-gnu.so
7f2f21829000-7f2f21830000 r--p 00000000 00:204 45438355995               /mnt/primary/conda-envs/semantic_uncertainty_export/lib/python3.11/lib-dynload/_decimal.cpython-311-x86_64-linux-gnu.so
7f2f21830000-7f2f21861000 r-xp 00007000 00:204 45438355995               /mnt/primary/conda-envs/semantic_uncertainty_export/lib/python3.11/lib-dynload/_decimal.cpython-311-x86_64-linux-gnu.so
7f2f21861000-7f2f21871000 r--p 00038000 00:204 45438355995               /mnt/primary/conda-envs/semantic_uncertainty_export/lib/python3.11/lib-dynload/_decimal.cpython-311-x86_64-linux-gnu.so
7f2f21871000-7f2f21872000 ---p 00048000 00:204 45438355995               /mnt/primary/conda-envs/semantic_uncertainty_export/lib/python3.11/lib-dynload/_decimal.cpython-311-x86_64-linux-gnu.so
7f2f21872000-7f2f21873000 r--p 00048000 00:204 45438355995               /mnt/primary/conda-envs/semantic_uncertainty_export/lib/python3.11/lib-dynload/_decimal.cpython-311-x86_64-linux-gnu.so
7f2f21873000-7f2f21876000 rw-p 00049000 00:204 45438355995               /mnt/primary/conda-envs/semantic_uncertainty_export/lib/python3.11/lib-dynload/_decimal.cpython-311-x86_64-linux-gnu.so
7f2f21876000-7f2f21976000 rw-p 00000000 00:00 0 
7f2f21976000-7f2f21986000 r--p 00000000 00:204 49723531811               /mnt/primary/conda-envs/semantic_uncertainty_export/lib/libtinfow.so.6.4
7f2f21986000-7f2f219a2000 r-xp 00010000 00:204 49723531811               /mnt/primary/conda-envs/semantic_uncertainty_export/lib/libtinfow.so.6.4
7f2f219a2000-7f2f219b3000 r--p 0002c000 00:204 49723531811               /mnt/primary/conda-envs/semantic_uncertainty_export/lib/libtinfow.so.6.4
7f2f219b3000-7f2f219b7000 r--p 0003c000 00:204 49723531811               /mnt/primary/conda-envs/semantic_uncertainty_export/lib/libtinfow.so.6.4
7f2f219b7000-7f2f219b8000 rw-p 00040000 00:204 49723531811               /mnt/primary/conda-envs/semantic_uncertainty_export/lib/libtinfow.so.6.4
7f2f219b8000-7f2f219c4000 r--p 00000000 00:204 70896380956               /mnt/primary/conda-envs/semantic_uncertainty_export/lib/libncursesw.so.6.4
7f2f219c4000-7f2f219e9000 r-xp 0000c000 00:204 70896380956               /mnt/primary/conda-envs/semantic_uncertainty_export/lib/libncursesw.so.6.4
7f2f219e9000-7f2f219f2000 r--p 00031000 00:204 70896380956               /mnt/primary/conda-envs/semantic_uncertainty_export/lib/libncursesw.so.6.4
7f2f219f2000-7f2f219f3000 r--p 00039000 00:204 70896380956               /mnt/primary/conda-envs/semantic_uncertainty_export/lib/libncursesw.so.6.4
7f2f219f3000-7f2f219f4000 rw-p 0003a000 00:204 70896380956               /mnt/primary/conda-envs/semantic_uncertainty_export/lib/libncursesw.so.6.4
7f2f219f4000-7f2f219fc000 r--p 00000000 00:204 45438355992               /mnt/primary/conda-envs/semantic_uncertainty_export/lib/python3.11/lib-dynload/_curses.cpython-311-x86_64-linux-gnu.so
7f2f219fc000-7f2f21a09000 r-xp 00008000 00:204 45438355992               /mnt/primary/conda-envs/semantic_uncertainty_export/lib/python3.11/lib-dynload/_curses.cpython-311-x86_64-linux-gnu.so
7f2f21a09000-7f2f21a14000 r--p 00015000 00:204 45438355992               /mnt/primary/conda-envs/semantic_uncertainty_export/lib/python3.11/lib-dynload/_curses.cpython-311-x86_64-linux-gnu.so
7f2f21a14000-7f2f21a15000 r--p 0001f000 00:204 45438355992               /mnt/primary/conda-envs/semantic_uncertainty_export/lib/python3.11/lib-dynload/_curses.cpython-311-x86_64-linux-gnu.so
7f2f21a15000-7f2f21a17000 rw-p 00020000 00:204 45438355992               /mnt/primary/conda-envs/semantic_uncertainty_export/lib/python3.11/lib-dynload/_curses.cpython-311-x86_64-linux-gnu.so
7f2f21a17000-7f2f21a18000 r--p 00000000 00:204 68749703213               /mnt/primary/conda-envs/semantic_uncertainty_export/lib/python3.11/site-packages/tornado/speedups.abi3.so
7f2f21a18000-7f2f21a19000 r-xp 00001000 00:204 68749703213               /mnt/primary/conda-envs/semantic_uncertainty_export/lib/python3.11/site-packages/tornado/speedups.abi3.so
7f2f21a19000-7f2f21a1a000 r--p 00002000 00:204 68749703213               /mnt/primary/conda-envs/semantic_uncertainty_export/lib/python3.11/site-packages/tornado/speedups.abi3.so
7f2f21a1a000-7f2f21a1b000 r--p 00002000 00:204 68749703213               /mnt/primary/conda-envs/semantic_uncertainty_export/lib/python3.11/site-packages/tornado/speedups.abi3.so
7f2f21a1b000-7f2f21a1c000 rw-p 00003000 00:204 68749703213               /mnt/primary/conda-envs/semantic_uncertainty_export/lib/python3.11/site-packages/tornado/speedups.abi3.so
7f2f21a1c000-7f2f21a1f000 r--p 00000000 00:204 45438459412               /mnt/primary/conda-envs/semantic_uncertainty_export/lib/python3.11/lib-dynload/zlib.cpython-311-x86_64-linux-gnu.so
7f2f21a1f000-7f2f21a23000 r-xp 00003000 00:204 45438459412               /mnt/primary/conda-envs/semantic_uncertainty_export/lib/python3.11/lib-dynload/zlib.cpython-311-x86_64-linux-gnu.so
7f2f21a23000-7f2f21a26000 r--p 00007000 00:204 45438459412               /mnt/primary/conda-envs/semantic_uncertainty_export/lib/python3.11/lib-dynload/zlib.cpython-311-x86_64-linux-gnu.so
7f2f21a26000-7f2f21a27000 r--p 00009000 00:204 45438459412               /mnt/primary/conda-envs/semantic_uncertainty_export/lib/python3.11/lib-dynload/zlib.cpython-311-x86_64-linux-gnu.so
7f2f21a27000-7f2f21a28000 rw-p 0000a000 00:204 45438459412               /mnt/primary/conda-envs/semantic_uncertainty_export/lib/python3.11/lib-dynload/zlib.cpython-311-x86_64-linux-gnu.so
7f2f21a28000-7f2f21b28000 rw-p 00000000 00:00 0 
7f2f21b28000-7f2f21b2d000 r--p 00000000 00:204 45438355994               /mnt/primary/conda-envs/semantic_uncertainty_export/lib/python3.11/lib-dynload/_datetime.cpython-311-x86_64-linux-gnu.so
7f2f21b2d000-7f2f21b3e000 r-xp 00005000 00:204 45438355994               /mnt/primary/conda-envs/semantic_uncertainty_export/lib/python3.11/lib-dynload/_datetime.cpython-311-x86_64-linux-gnu.so
7f2f21b3e000-7f2f21b44000 r--p 00016000 00:204 45438355994               /mnt/primary/conda-envs/semantic_uncertainty_export/lib/python3.11/lib-dynload/_datetime.cpython-311-x86_64-linux-gnu.so
7f2f21b44000-7f2f21b45000 r--p 0001b000 00:204 45438355994               /mnt/primary/conda-envs/semantic_uncertainty_export/lib/python3.11/lib-dynload/_datetime.cpython-311-x86_64-linux-gnu.so
7f2f21b45000-7f2f21b47000 rw-p 0001c000 00:204 45438355994               /mnt/primary/conda-envs/semantic_uncertainty_export/lib/python3.11/lib-dynload/_datetime.cpython-311-x86_64-linux-gnu.so
7f2f21b47000-7f2f21b49000 r--p 00000000 00:204 45438355979               /mnt/primary/conda-envs/semantic_uncertainty_export/lib/python3.11/lib-dynload/_blake2.cpython-311-x86_64-linux-gnu.so
7f2f21b49000-7f2f21b51000 r-xp 00002000 00:204 45438355979               /mnt/primary/conda-envs/semantic_uncertainty_export/lib/python3.11/lib-dynload/_blake2.cpython-311-x86_64-linux-gnu.so
7f2f21b51000-7f2f21b53000 r--p 0000a000 00:204 45438355979               /mnt/primary/conda-envs/semantic_uncertainty_export/lib/python3.11/lib-dynload/_blake2.cpython-311-x86_64-linux-gnu.so
7f2f21b53000-7f2f21b54000 r--p 0000b000 00:204 45438355979               /mnt/primary/conda-envs/semantic_uncertainty_export/lib/python3.11/lib-dynload/_blake2.cpython-311-x86_64-linux-gnu.so
7f2f21b54000-7f2f21b55000 rw-p 0000c000 00:204 45438355979               /mnt/primary/conda-envs/semantic_uncertainty_export/lib/python3.11/lib-dynload/_blake2.cpython-311-x86_64-linux-gnu.so
7f2f21b55000-7f2f21b59000 r--p 00000000 00:204 45438355997               /mnt/primary/conda-envs/semantic_uncertainty_export/lib/python3.11/lib-dynload/_hashlib.cpython-311-x86_64-linux-gnu.so
7f2f21b59000-7f2f21b5f000 r-xp 00004000 00:204 45438355997               /mnt/primary/conda-envs/semantic_uncertainty_export/lib/python3.11/lib-dynload/_hashlib.cpython-311-x86_64-linux-gnu.so
7f2f21b5f000-7f2f21b63000 r--p 0000a000 00:204 45438355997               /mnt/primary/conda-envs/semantic_uncertainty_export/lib/python3.11/lib-dynload/_hashlib.cpython-311-x86_64-linux-gnu.so
7f2f21b63000-7f2f21b64000 ---p 0000e000 00:204 45438355997               /mnt/primary/conda-envs/semantic_uncertainty_export/lib/python3.11/lib-dynload/_hashlib.cpython-311-x86_64-linux-gnu.so
7f2f21b64000-7f2f21b65000 r--p 0000e000 00:204 45438355997               /mnt/primary/conda-envs/semantic_uncertainty_export/lib/python3.11/lib-dynload/_hashlib.cpython-311-x86_64-linux-gnu.so
7f2f21b65000-7f2f21b66000 rw-p 0000f000 00:204 45438355997               /mnt/primary/conda-envs/semantic_uncertainty_export/lib/python3.11/lib-dynload/_hashlib.cpython-311-x86_64-linux-gnu.so
7f2f21b66000-7f2f21b68000 r--p 00000000 00:204 45438356009               /mnt/primary/conda-envs/semantic_uncertainty_export/lib/python3.11/lib-dynload/_queue.cpython-311-x86_64-linux-gnu.so
7f2f21b68000-7f2f21b69000 r-xp 00002000 00:204 45438356009               /mnt/primary/conda-envs/semantic_uncertainty_export/lib/python3.11/lib-dynload/_queue.cpython-311-x86_64-linux-gnu.so
7f2f21b69000-7f2f21b6a000 r--p 00003000 00:204 45438356009               /mnt/primary/conda-envs/semantic_uncertainty_export/lib/python3.11/lib-dynload/_queue.cpython-311-x86_64-linux-gnu.so
7f2f21b6a000-7f2f21b6b000 r--p 00003000 00:204 45438356009               /mnt/primary/conda-envs/semantic_uncertainty_export/lib/python3.11/lib-dynload/_queue.cpython-311-x86_64-linux-gnu.so
7f2f21b6b000-7f2f21b6c000 rw-p 00004000 00:204 45438356009               /mnt/primary/conda-envs/semantic_uncertainty_export/lib/python3.11/lib-dynload/_queue.cpython-311-x86_64-linux-gnu.so
7f2f21b6c000-7f2f21d6c000 rw-p 00000000 00:00 0 
7f2f21d6c000-7f2f21d71000 r--p 00000000 00:204 45438355977               /mnt/primary/conda-envs/semantic_uncertainty_export/lib/python3.11/lib-dynload/_asyncio.cpython-311-x86_64-linux-gnu.so
7f2f21d71000-7f2f21d76000 r-xp 00005000 00:204 45438355977               /mnt/primary/conda-envs/semantic_uncertainty_export/lib/python3.11/lib-dynload/_asyncio.cpython-311-x86_64-linux-gnu.so
7f2f21d76000-7f2f21d7a000 r--p 0000a000 00:204 45438355977               /mnt/primary/conda-envs/semantic_uncertainty_export/lib/python3.11/lib-dynload/_asyncio.cpython-311-x86_64-linux-gnu.so
7f2f21d7a000-7f2f21d7b000 r--p 0000d000 00:204 45438355977               /mnt/primary/conda-envs/semantic_uncertainty_export/lib/python3.11/lib-dynload/_asyncio.cpython-311-x86_64-linux-gnu.so
7f2f21d7b000-7f2f21d7d000 rw-p 0000e000 00:204 45438355977               /mnt/primary/conda-envs/semantic_uncertainty_export/lib/python3.11/lib-dynload/_asyncio.cpython-311-x86_64-linux-gnu.so
7f2f21d7d000-7f2f21d7e000 r--p 00000000 00:204 45438355987               /mnt/primary/conda-envs/semantic_uncertainty_export/lib/python3.11/lib-dynload/_contextvars.cpython-311-x86_64-linux-gnu.so
7f2f21d7e000-7f2f21d7f000 r-xp 00001000 00:204 45438355987               /mnt/primary/conda-envs/semantic_uncertainty_export/lib/python3.11/lib-dynload/_contextvars.cpython-311-x86_64-linux-gnu.so
7f2f21d7f000-7f2f21d80000 r--p 00002000 00:204 45438355987               /mnt/primary/conda-envs/semantic_uncertainty_export/lib/python3.11/lib-dynload/_contextvars.cpython-311-x86_64-linux-gnu.so
7f2f21d80000-7f2f21d81000 r--p 00002000 00:204 45438355987               /mnt/primary/conda-envs/semantic_uncertainty_export/lib/python3.11/lib-dynload/_contextvars.cpython-311-x86_64-linux-gnu.so
7f2f21d81000-7f2f21d82000 rw-p 00003000 00:204 45438355987               /mnt/primary/conda-envs/semantic_uncertainty_export/lib/python3.11/lib-dynload/_contextvars.cpython-311-x86_64-linux-gnu.so
7f2f21d82000-7f2f21d83000 r--p 00000000 00:204 45438356005               /mnt/primary/conda-envs/semantic_uncertainty_export/lib/python3.11/lib-dynload/_opcode.cpython-311-x86_64-linux-gnu.so
7f2f21d83000-7f2f21d84000 r-xp 00001000 00:204 45438356005               /mnt/primary/conda-envs/semantic_uncertainty_export/lib/python3.11/lib-dynload/_opcode.cpython-311-x86_64-linux-gnu.so
7f2f21d84000-7f2f21d85000 r--p 00002000 00:204 45438356005               /mnt/primary/conda-envs/semantic_uncertainty_export/lib/python3.11/lib-dynload/_opcode.cpython-311-x86_64-linux-gnu.so
7f2f21d85000-7f2f21d86000 r--p 00002000 00:204 45438356005               /mnt/primary/conda-envs/semantic_uncertainty_export/lib/python3.11/lib-dynload/_opcode.cpython-311-x86_64-linux-gnu.so
7f2f21d86000-7f2f21d87000 rw-p 00003000 00:204 45438356005               /mnt/primary/conda-envs/semantic_uncertainty_export/lib/python3.11/lib-dynload/_opcode.cpython-311-x86_64-linux-gnu.so
7f2f21d87000-7f2f21d8a000 r--p 00000000 00:204 70922420738               /mnt/primary/conda-envs/semantic_uncertainty_export/lib/libz.so.1.2.13
7f2f21d8a000-7f2f21d9c000 r-xp 00003000 00:204 70922420738               /mnt/primary/conda-envs/semantic_uncertainty_export/lib/libz.so.1.2.13
7f2f21d9c000-7f2f21da3000 r--p 00015000 00:204 70922420738               /mnt/primary/conda-envs/semantic_uncertainty_export/lib/libz.so.1.2.13
7f2f21da3000-7f2f21da4000 r--p 0001b000 00:204 70922420738               /mnt/primary/conda-envs/semantic_uncertainty_export/lib/libz.so.1.2.13
7f2f21da4000-7f2f21da5000 rw-p 0001c000 00:204 70922420738               /mnt/primary/conda-envs/semantic_uncertainty_export/lib/libz.so.1.2.13
7f2f21da5000-7f2f21da7000 r--p 00000000 00:204 45438459394               /mnt/primary/conda-envs/semantic_uncertainty_export/lib/python3.11/lib-dynload/binascii.cpython-311-x86_64-linux-gnu.so
7f2f21da7000-7f2f21dab000 r-xp 00002000 00:204 45438459394               /mnt/primary/conda-envs/semantic_uncertainty_export/lib/python3.11/lib-dynload/binascii.cpython-311-x86_64-linux-gnu.so
7f2f21dab000-7f2f21dad000 r--p 00006000 00:204 45438459394               /mnt/primary/conda-envs/semantic_uncertainty_export/lib/python3.11/lib-dynload/binascii.cpython-311-x86_64-linux-gnu.so
7f2f21dad000-7f2f21dae000 r--p 00007000 00:204 45438459394               /mnt/primary/conda-envs/semantic_uncertainty_export/lib/python3.11/lib-dynload/binascii.cpython-311-x86_64-linux-gnu.so
7f2f21dae000-7f2f21daf000 rw-p 00008000 00:204 45438459394               /mnt/primary/conda-envs/semantic_uncertainty_export/lib/python3.11/lib-dynload/binascii.cpython-311-x86_64-linux-gnu.so
7f2f21daf000-7f2f21eaf000 rw-p 00000000 00:00 0 
7f2f21eaf000-7f2f21f67000 r--p 00000000 00:204 148237000223              /mnt/primary/conda-envs/semantic_uncertainty_export/lib/libcrypto.so.3
7f2f21f67000-7f2f221b2000 r-xp 000b8000 00:204 148237000223              /mnt/primary/conda-envs/semantic_uncertainty_export/lib/libcrypto.so.3
7f2f221b2000-7f2f22289000 r--p 00303000 00:204 148237000223              /mnt/primary/conda-envs/semantic_uncertainty_export/lib/libcrypto.so.3
7f2f22289000-7f2f2228a000 ---p 003da000 00:204 148237000223              /mnt/primary/conda-envs/semantic_uncertainty_export/lib/libcrypto.so.3
7f2f2228a000-7f2f222e5000 r--p 003da000 00:204 148237000223              /mnt/primary/conda-envs/semantic_uncertainty_export/lib/libcrypto.so.3
7f2f222e5000-7f2f222e8000 rw-p 00435000 00:204 148237000223              /mnt/primary/conda-envs/semantic_uncertainty_export/lib/libcrypto.so.3
7f2f222e8000-7f2f222eb000 rw-p 00000000 00:00 0 
7f2f222eb000-7f2f2230b000 r--p 00000000 00:204 70898552846               /mnt/primary/conda-envs/semantic_uncertainty_export/lib/libssl.so.3
7f2f2230b000-7f2f22361000 r-xp 00020000 00:204 70898552846               /mnt/primary/conda-envs/semantic_uncertainty_export/lib/libssl.so.3
7f2f22361000-7f2f2237f000 r--p 00076000 00:204 70898552846               /mnt/primary/conda-envs/semantic_uncertainty_export/lib/libssl.so.3
7f2f2237f000-7f2f22380000 ---p 00094000 00:204 70898552846               /mnt/primary/conda-envs/semantic_uncertainty_export/lib/libssl.so.3
7f2f22380000-7f2f2238a000 r--p 00094000 00:204 70898552846               /mnt/primary/conda-envs/semantic_uncertainty_export/lib/libssl.so.3
7f2f2238a000-7f2f2238e000 rw-p 0009e000 00:204 70898552846               /mnt/primary/conda-envs/semantic_uncertainty_export/lib/libssl.so.3
7f2f2238e000-7f2f223a1000 r--p 00000000 00:204 45438356017               /mnt/primary/conda-envs/semantic_uncertainty_export/lib/python3.11/lib-dynload/_ssl.cpython-311-x86_64-linux-gnu.so
7f2f223a1000-7f2f223ab000 r-xp 00013000 00:204 45438356017               /mnt/primary/conda-envs/semantic_uncertainty_export/lib/python3.11/lib-dynload/_ssl.cpython-311-x86_64-linux-gnu.so
7f2f223ab000-7f2f223b9000 r--p 0001d000 00:204 45438356017               /mnt/primary/conda-envs/semantic_uncertainty_export/lib/python3.11/lib-dynload/_ssl.cpython-311-x86_64-linux-gnu.so
7f2f223b9000-7f2f223ba000 ---p 0002b000 00:204 45438356017               /mnt/primary/conda-envs/semantic_uncertainty_export/lib/python3.11/lib-dynload/_ssl.cpython-311-x86_64-linux-gnu.so
7f2f223ba000-7f2f223bb000 r--p 0002b000 00:204 45438356017               /mnt/primary/conda-envs/semantic_uncertainty_export/lib/python3.11/lib-dynload/_ssl.cpython-311-x86_64-linux-gnu.so
7f2f223bb000-7f2f223c3000 rw-p 0002c000 00:204 45438356017               /mnt/primary/conda-envs/semantic_uncertainty_export/lib/python3.11/lib-dynload/_ssl.cpython-311-x86_64-linux-gnu.so
7f2f223c3000-7f2f223c7000 r--p 00000000 00:204 45438459392               /mnt/primary/conda-envs/semantic_uncertainty_export/lib/python3.11/lib-dynload/array.cpython-311-x86_64-linux-gnu.so
7f2f223c7000-7f2f223ce000 r-xp 00004000 00:204 45438459392               /mnt/primary/conda-envs/semantic_uncertainty_export/lib/python3.11/lib-dynload/array.cpython-311-x86_64-linux-gnu.so
7f2f223ce000-7f2f223d2000 r--p 0000b000 00:204 45438459392               /mnt/primary/conda-envs/semantic_uncertainty_export/lib/python3.11/lib-dynload/array.cpython-311-x86_64-linux-gnu.so
7f2f223d2000-7f2f223d3000 ---p 0000f000 00:204 45438459392               /mnt/primary/conda-envs/semantic_uncertainty_export/lib/python3.11/lib-dynload/array.cpython-311-x86_64-linux-gnu.so
7f2f223d3000-7f2f223d4000 r--p 0000f000 00:204 45438459392               /mnt/primary/conda-envs/semantic_uncertainty_export/lib/python3.11/lib-dynload/array.cpython-311-x86_64-linux-gnu.so
7f2f223d4000-7f2f223d5000 rw-p 00010000 00:204 45438459392               /mnt/primary/conda-envs/semantic_uncertainty_export/lib/python3.11/lib-dynload/array.cpython-311-x86_64-linux-gnu.so
7f2f223d5000-7f2f223da000 r--p 00000000 00:204 45438356015               /mnt/primary/conda-envs/semantic_uncertainty_export/lib/python3.11/lib-dynload/_socket.cpython-311-x86_64-linux-gnu.so
7f2f223da000-7f2f223e3000 r-xp 00005000 00:204 45438356015               /mnt/primary/conda-envs/semantic_uncertainty_export/lib/python3.11/lib-dynload/_socket.cpython-311-x86_64-linux-gnu.so
7f2f223e3000-7f2f223eb000 r--p 0000e000 00:204 45438356015               /mnt/primary/conda-envs/semantic_uncertainty_export/lib/python3.11/lib-dynload/_socket.cpython-311-x86_64-linux-gnu.so
7f2f223eb000-7f2f223ec000 ---p 00016000 00:204 45438356015               /mnt/primary/conda-envs/semantic_uncertainty_export/lib/python3.11/lib-dynload/_socket.cpython-311-x86_64-linux-gnu.so
7f2f223ec000-7f2f223ed000 r--p 00016000 00:204 45438356015               /mnt/primary/conda-envs/semantic_uncertainty_export/lib/python3.11/lib-dynload/_socket.cpython-311-x86_64-linux-gnu.so
7f2f223ed000-7f2f223ee000 rw-p 00017000 00:204 45438356015               /mnt/primary/conda-envs/semantic_uncertainty_export/lib/python3.11/lib-dynload/_socket.cpython-311-x86_64-linux-gnu.so
7f2f223ee000-7f2f223ef000 r--p 00000000 00:204 45438355998               /mnt/primary/conda-envs/semantic_uncertainty_export/lib/python3.11/lib-dynload/_heapq.cpython-311-x86_64-linux-gnu.so
7f2f223ef000-7f2f223f2000 r-xp 00001000 00:204 45438355998               /mnt/primary/conda-envs/semantic_uncertainty_export/lib/python3.11/lib-dynload/_heapq.cpython-311-x86_64-linux-gnu.so
7f2f223f2000-7f2f223f5000 r--p 00004000 00:204 45438355998               /mnt/primary/conda-envs/semantic_uncertainty_export/lib/python3.11/lib-dynload/_heapq.cpython-311-x86_64-linux-gnu.so
7f2f223f5000-7f2f223f6000 r--p 00006000 00:204 45438355998               /mnt/primary/conda-envs/semantic_uncertainty_export/lib/python3.11/lib-dynload/_heapq.cpython-311-x86_64-linux-gnu.so
7f2f223f6000-7f2f223f7000 rw-p 00007000 00:204 45438355998               /mnt/primary/conda-envs/semantic_uncertainty_export/lib/python3.11/lib-dynload/_heapq.cpython-311-x86_64-linux-gnu.so
7f2f223f7000-7f2f224f7000 rw-p 00000000 00:00 0 
7f2f224f7000-7f2f224fa000 r--p 00000000 00:204 120262025252              /mnt/primary/conda-envs/semantic_uncertainty_export/lib/python3.11/site-packages/zmq/backend/cython/utils.cpython-311-x86_64-linux-gnu.so
7f2f224fa000-7f2f22501000 r-xp 00003000 00:204 120262025252              /mnt/primary/conda-envs/semantic_uncertainty_export/lib/python3.11/site-packages/zmq/backend/cython/utils.cpython-311-x86_64-linux-gnu.so
7f2f22501000-7f2f22503000 r--p 0000a000 00:204 120262025252              /mnt/primary/conda-envs/semantic_uncertainty_export/lib/python3.11/site-packages/zmq/backend/cython/utils.cpython-311-x86_64-linux-gnu.so
7f2f22503000-7f2f22504000 r--p 0000b000 00:204 120262025252              /mnt/primary/conda-envs/semantic_uncertainty_export/lib/python3.11/site-packages/zmq/backend/cython/utils.cpython-311-x86_64-linux-gnu.so
7f2f22504000-7f2f22505000 rw-p 0000c000 00:204 120262025252              /mnt/primary/conda-envs/semantic_uncertainty_export/lib/python3.11/site-packages/zmq/backend/cython/utils.cpython-311-x86_64-linux-gnu.so
7f2f22505000-7f2f22508000 rw-p 0000e000 00:204 120262025252              /mnt/primary/conda-envs/semantic_uncertainty_export/lib/python3.11/site-packages/zmq/backend/cython/utils.cpython-311-x86_64-linux-gnu.so
7f2f22508000-7f2f2250b000 r--p 00000000 00:204 120262025259              /mnt/primary/conda-envs/semantic_uncertainty_export/lib/python3.11/site-packages/zmq/backend/cython/error.cpython-311-x86_64-linux-gnu.so
7f2f2250b000-7f2f22510000 r-xp 00003000 00:204 120262025259              /mnt/primary/conda-envs/semantic_uncertainty_export/lib/python3.11/site-packages/zmq/backend/cython/error.cpython-311-x86_64-linux-gnu.so
7f2f22510000-7f2f22512000 r--p 00008000 00:204 120262025259              /mnt/primary/conda-envs/semantic_uncertainty_export/lib/python3.11/site-packages/zmq/backend/cython/error.cpython-311-x86_64-linux-gnu.so
7f2f22512000-7f2f22513000 r--p 00009000 00:204 120262025259              /mnt/primary/conda-envs/semantic_uncertainty_export/lib/python3.11/site-packages/zmq/backend/cython/error.cpython-311-x86_64-linux-gnu.so
7f2f22513000-7f2f22514000 rw-p 0000a000 00:204 120262025259              /mnt/primary/conda-envs/semantic_uncertainty_export/lib/python3.11/site-packages/zmq/backend/cython/error.cpython-311-x86_64-linux-gnu.so
7f2f22514000-7f2f22517000 rw-p 0000c000 00:204 120262025259              /mnt/primary/conda-envs/semantic_uncertainty_export/lib/python3.11/site-packages/zmq/backend/cython/error.cpython-311-x86_64-linux-gnu.so
7f2f22517000-7f2f2251a000 r--p 00000000 00:204 120262025253              /mnt/primary/conda-envs/semantic_uncertainty_export/lib/python3.11/site-packages/zmq/backend/cython/_version.cpython-311-x86_64-linux-gnu.so
7f2f2251a000-7f2f2251e000 r-xp 00003000 00:204 120262025253              /mnt/primary/conda-envs/semantic_uncertainty_export/lib/python3.11/site-packages/zmq/backend/cython/_version.cpython-311-x86_64-linux-gnu.so
7f2f2251e000-7f2f22520000 r--p 00007000 00:204 120262025253              /mnt/primary/conda-envs/semantic_uncertainty_export/lib/python3.11/site-packages/zmq/backend/cython/_version.cpython-311-x86_64-linux-gnu.so
7f2f22520000-7f2f22521000 r--p 00008000 00:204 120262025253              /mnt/primary/conda-envs/semantic_uncertainty_export/lib/python3.11/site-packages/zmq/backend/cython/_version.cpython-311-x86_64-linux-gnu.so
7f2f22521000-7f2f22522000 rw-p 00009000 00:204 120262025253              /mnt/primary/conda-envs/semantic_uncertainty_export/lib/python3.11/site-packages/zmq/backend/cython/_version.cpython-311-x86_64-linux-gnu.so
7f2f22522000-7f2f22524000 rw-p 0000b000 00:204 120262025253              /mnt/primary/conda-envs/semantic_uncertainty_export/lib/python3.11/site-packages/zmq/backend/cython/_version.cpython-311-x86_64-linux-gnu.so
7f2f22524000-7f2f22527000 r--p 00000000 00:204 120262025257              /mnt/primary/conda-envs/semantic_uncertainty_export/lib/python3.11/site-packages/zmq/backend/cython/_proxy_steerable.cpython-311-x86_64-linux-gnu.so
7f2f22527000-7f2f2252f000 r-xp 00003000 00:204 120262025257              /mnt/primary/conda-envs/semantic_uncertainty_export/lib/python3.11/site-packages/zmq/backend/cython/_proxy_steerable.cpython-311-x86_64-linux-gnu.so
7f2f2252f000-7f2f22531000 r--p 0000b000 00:204 120262025257              /mnt/primary/conda-envs/semantic_uncertainty_export/lib/python3.11/site-packages/zmq/backend/cython/_proxy_steerable.cpython-311-x86_64-linux-gnu.so
7f2f22531000-7f2f22532000 r--p 0000c000 00:204 120262025257              /mnt/primary/conda-envs/semantic_uncertainty_export/lib/python3.11/site-packages/zmq/backend/cython/_proxy_steerable.cpython-311-x86_64-linux-gnu.so
7f2f22532000-7f2f22533000 rw-p 0000d000 00:204 120262025257              /mnt/primary/conda-envs/semantic_uncertainty_export/lib/python3.11/site-packages/zmq/backend/cython/_proxy_steerable.cpython-311-x86_64-linux-gnu.so
7f2f22533000-7f2f22536000 rw-p 0000f000 00:204 120262025257              /mnt/primary/conda-envs/semantic_uncertainty_export/lib/python3.11/site-packages/zmq/backend/cython/_proxy_steerable.cpython-311-x86_64-linux-gnu.so
7f2f22536000-7f2f22539000 r--p 00000000 00:204 120262025260              /mnt/primary/conda-envs/semantic_uncertainty_export/lib/python3.11/site-packages/zmq/backend/cython/_poll.cpython-311-x86_64-linux-gnu.so
7f2f22539000-7f2f22546000 r-xp 00003000 00:204 120262025260              /mnt/primary/conda-envs/semantic_uncertainty_export/lib/python3.11/site-packages/zmq/backend/cython/_poll.cpython-311-x86_64-linux-gnu.so
7f2f22546000-7f2f22549000 r--p 00010000 00:204 120262025260              /mnt/primary/conda-envs/semantic_uncertainty_export/lib/python3.11/site-packages/zmq/backend/cython/_poll.cpython-311-x86_64-linux-gnu.so
7f2f22549000-7f2f2254a000 r--p 00012000 00:204 120262025260              /mnt/primary/conda-envs/semantic_uncertainty_export/lib/python3.11/site-packages/zmq/backend/cython/_poll.cpython-311-x86_64-linux-gnu.so
7f2f2254a000-7f2f2254b000 rw-p 00013000 00:204 120262025260              /mnt/primary/conda-envs/semantic_uncertainty_export/lib/python3.11/site-packages/zmq/backend/cython/_poll.cpython-311-x86_64-linux-gnu.so
7f2f2254b000-7f2f2254e000 rw-p 00015000 00:204 120262025260              /mnt/primary/conda-envs/semantic_uncertainty_export/lib/python3.11/site-packages/zmq/backend/cython/_poll.cpython-311-x86_64-linux-gnu.so
7f2f2254e000-7f2f22553000 r--p 00000000 00:204 45438356006               /mnt/primary/conda-envs/semantic_uncertainty_export/lib/python3.11/lib-dynload/_pickle.cpython-311-x86_64-linux-gnu.so
7f2f22553000-7f2f22566000 r-xp 00005000 00:204 45438356006               /mnt/primary/conda-envs/semantic_uncertainty_export/lib/python3.11/lib-dynload/_pickle.cpython-311-x86_64-linux-gnu.so
7f2f22566000-7f2f2256c000 r--p 00018000 00:204 45438356006               /mnt/primary/conda-envs/semantic_uncertainty_export/lib/python3.11/lib-dynload/_pickle.cpython-311-x86_64-linux-gnu.so
7f2f2256c000-7f2f2256d000 ---p 0001e000 00:204 45438356006               /mnt/primary/conda-envs/semantic_uncertainty_export/lib/python3.11/lib-dynload/_pickle.cpython-311-x86_64-linux-gnu.so
7f2f2256d000-7f2f2256e000 r--p 0001e000 00:204 45438356006               /mnt/primary/conda-envs/semantic_uncertainty_export/lib/python3.11/lib-dynload/_pickle.cpython-311-x86_64-linux-gnu.so
7f2f2256e000-7f2f2256f000 rw-p 0001f000 00:204 45438356006               /mnt/primary/conda-envs/semantic_uncertainty_export/lib/python3.11/lib-dynload/_pickle.cpython-311-x86_64-linux-gnu.so
7f2f2256f000-7f2f22571000 r--p 00000000 00:204 45438356014               /mnt/primary/conda-envs/semantic_uncertainty_export/lib/python3.11/lib-dynload/_sha512.cpython-311-x86_64-linux-gnu.so
7f2f22571000-7f2f22576000 r-xp 00002000 00:204 45438356014               /mnt/primary/conda-envs/semantic_uncertainty_export/lib/python3.11/lib-dynload/_sha512.cpython-311-x86_64-linux-gnu.so
7f2f22576000-7f2f22577000 r--p 00007000 00:204 45438356014               /mnt/primary/conda-envs/semantic_uncertainty_export/lib/python3.11/lib-dynload/_sha512.cpython-311-x86_64-linux-gnu.so
7f2f22577000-7f2f22578000 r--p 00007000 00:204 45438356014               /mnt/primary/conda-envs/semantic_uncertainty_export/lib/python3.11/lib-dynload/_sha512.cpython-311-x86_64-linux-gnu.so
7f2f22578000-7f2f22579000 rw-p 00008000 00:204 45438356014               /mnt/primary/conda-envs/semantic_uncertainty_export/lib/python3.11/lib-dynload/_sha512.cpython-311-x86_64-linux-gnu.so
7f2f22579000-7f2f2257b000 r--p 00000000 00:204 45438356010               /mnt/primary/conda-envs/semantic_uncertainty_export/lib/python3.11/lib-dynload/_random.cpython-311-x86_64-linux-gnu.so
7f2f2257b000-7f2f2257d000 r-xp 00002000 00:204 45438356010               /mnt/primary/conda-envs/semantic_uncertainty_export/lib/python3.11/lib-dynload/_random.cpython-311-x86_64-linux-gnu.so
7f2f2257d000-7f2f2257e000 r--p 00004000 00:204 45438356010               /mnt/primary/conda-envs/semantic_uncertainty_export/lib/python3.11/lib-dynload/_random.cpython-311-x86_64-linux-gnu.so
7f2f2257e000-7f2f2257f000 r--p 00004000 00:204 45438356010               /mnt/primary/conda-envs/semantic_uncertainty_export/lib/python3.11/lib-dynload/_random.cpython-311-x86_64-linux-gnu.so
7f2f2257f000-7f2f22580000 rw-p 00005000 00:204 45438356010               /mnt/primary/conda-envs/semantic_uncertainty_export/lib/python3.11/lib-dynload/_random.cpython-311-x86_64-linux-gnu.so
7f2f22580000-7f2f22584000 r--p 00000000 00:204 120262025255              /mnt/primary/conda-envs/semantic_uncertainty_export/lib/python3.11/site-packages/zmq/backend/cython/message.cpython-311-x86_64-linux-gnu.so
7f2f22584000-7f2f22596000 r-xp 00004000 00:204 120262025255              /mnt/primary/conda-envs/semantic_uncertainty_export/lib/python3.11/site-packages/zmq/backend/cython/message.cpython-311-x86_64-linux-gnu.so
7f2f22596000-7f2f2259a000 r--p 00016000 00:204 120262025255              /mnt/primary/conda-envs/semantic_uncertainty_export/lib/python3.11/site-packages/zmq/backend/cython/message.cpython-311-x86_64-linux-gnu.so
7f2f2259a000-7f2f2259b000 r--p 00019000 00:204 120262025255              /mnt/primary/conda-envs/semantic_uncertainty_export/lib/python3.11/site-packages/zmq/backend/cython/message.cpython-311-x86_64-linux-gnu.so
7f2f2259b000-7f2f225a0000 rw-p 0001a000 00:204 120262025255              /mnt/primary/conda-envs/semantic_uncertainty_export/lib/python3.11/site-packages/zmq/backend/cython/message.cpython-311-x86_64-linux-gnu.so
7f2f225a0000-7f2f225a4000 r--p 00000000 00:204 120262025263              /mnt/primary/conda-envs/semantic_uncertainty_export/lib/python3.11/site-packages/zmq/backend/cython/socket.cpython-311-x86_64-linux-gnu.so
7f2f225a4000-7f2f225c1000 r-xp 00004000 00:204 120262025263              /mnt/primary/conda-envs/semantic_uncertainty_export/lib/python3.11/site-packages/zmq/backend/cython/socket.cpython-311-x86_64-linux-gnu.so
7f2f225c1000-7f2f225c7000 r--p 00021000 00:204 120262025263              /mnt/primary/conda-envs/semantic_uncertainty_export/lib/python3.11/site-packages/zmq/backend/cython/socket.cpython-311-x86_64-linux-gnu.so
7f2f225c7000-7f2f225c8000 r--p 00026000 00:204 120262025263              /mnt/primary/conda-envs/semantic_uncertainty_export/lib/python3.11/site-packages/zmq/backend/cython/socket.cpython-311-x86_64-linux-gnu.so
7f2f225c8000-7f2f225cd000 rw-p 00027000 00:204 120262025263              /mnt/primary/conda-envs/semantic_uncertainty_export/lib/python3.11/site-packages/zmq/backend/cython/socket.cpython-311-x86_64-linux-gnu.so
7f2f225cd000-7f2f225d1000 r--p 00000000 00:204 120262025258              /mnt/primary/conda-envs/semantic_uncertainty_export/lib/python3.11/site-packages/zmq/backend/cython/context.cpython-311-x86_64-linux-gnu.so
7f2f225d1000-7f2f225dd000 r-xp 00004000 00:204 120262025258              /mnt/primary/conda-envs/semantic_uncertainty_export/lib/python3.11/site-packages/zmq/backend/cython/context.cpython-311-x86_64-linux-gnu.so
7f2f225dd000-7f2f225e0000 r--p 00010000 00:204 120262025258              /mnt/primary/conda-envs/semantic_uncertainty_export/lib/python3.11/site-packages/zmq/backend/cython/context.cpython-311-x86_64-linux-gnu.so
7f2f225e0000-7f2f225e1000 r--p 00012000 00:204 120262025258              /mnt/primary/conda-envs/semantic_uncertainty_export/lib/python3.11/site-packages/zmq/backend/cython/context.cpython-311-x86_64-linux-gnu.so
7f2f225e1000-7f2f225e2000 rw-p 00013000 00:204 120262025258              /mnt/primary/conda-envs/semantic_uncertainty_export/lib/python3.11/site-packages/zmq/backend/cython/context.cpython-311-x86_64-linux-gnu.so
7f2f225e2000-7f2f225e3000 rw-p 00000000 00:00 0 
7f2f225e3000-7f2f225e6000 rw-p 00015000 00:204 120262025258              /mnt/primary/conda-envs/semantic_uncertainty_export/lib/python3.11/site-packages/zmq/backend/cython/context.cpython-311-x86_64-linux-gnu.so
7f2f225e6000-7f2f225e9000 r--p 00000000 00:204 70896295971               /mnt/primary/conda-envs/semantic_uncertainty_export/lib/libgcc_s.so.1
7f2f225e9000-7f2f225fb000 r-xp 00003000 00:204 70896295971               /mnt/primary/conda-envs/semantic_uncertainty_export/lib/libgcc_s.so.1
7f2f225fb000-7f2f225fe000 r--p 00015000 00:204 70896295971               /mnt/primary/conda-envs/semantic_uncertainty_export/lib/libgcc_s.so.1
7f2f225fe000-7f2f225ff000 r--p 00017000 00:204 70896295971               /mnt/primary/conda-envs/semantic_uncertainty_export/lib/libgcc_s.so.1
7f2f225ff000-7f2f22600000 rw-p 00018000 00:204 70896295971               /mnt/primary/conda-envs/semantic_uncertainty_export/lib/libgcc_s.so.1
7f2f22600000-7f2f226a1000 r--p 00000000 00:204 70896295960               /mnt/primary/conda-envs/semantic_uncertainty_export/lib/libstdc++.so.6.0.29
7f2f226a1000-7f2f22796000 r-xp 000a1000 00:204 70896295960               /mnt/primary/conda-envs/semantic_uncertainty_export/lib/libstdc++.so.6.0.29
7f2f22796000-7f2f22802000 r--p 00196000 00:204 70896295960               /mnt/primary/conda-envs/semantic_uncertainty_export/lib/libstdc++.so.6.0.29
7f2f22802000-7f2f22803000 ---p 00202000 00:204 70896295960               /mnt/primary/conda-envs/semantic_uncertainty_export/lib/libstdc++.so.6.0.29
7f2f22803000-7f2f2280e000 r--p 00202000 00:204 70896295960               /mnt/primary/conda-envs/semantic_uncertainty_export/lib/libstdc++.so.6.0.29
7f2f2280e000-7f2f22811000 rw-p 0020d000 00:204 70896295960               /mnt/primary/conda-envs/semantic_uncertainty_export/lib/libstdc++.so.6.0.29
7f2f22811000-7f2f22814000 rw-p 00000000 00:00 0 
7f2f22814000-7f2f22820000 r--p 00000000 00:204 92348914178               /mnt/primary/conda-envs/semantic_uncertainty_export/lib/python3.11/site-packages/pyzmq.libs/libsodium-cb25555f.so.23.3.0
7f2f22820000-7f2f22922000 r-xp 0000c000 00:204 92348914178               /mnt/primary/conda-envs/semantic_uncertainty_export/lib/python3.11/site-packages/pyzmq.libs/libsodium-cb25555f.so.23.3.0
7f2f22922000-7f2f22936000 r--p 0010e000 00:204 92348914178               /mnt/primary/conda-envs/semantic_uncertainty_export/lib/python3.11/site-packages/pyzmq.libs/libsodium-cb25555f.so.23.3.0
7f2f22936000-7f2f22937000 ---p 00122000 00:204 92348914178               /mnt/primary/conda-envs/semantic_uncertainty_export/lib/python3.11/site-packages/pyzmq.libs/libsodium-cb25555f.so.23.3.0
7f2f22937000-7f2f22938000 r--p 00122000 00:204 92348914178               /mnt/primary/conda-envs/semantic_uncertainty_export/lib/python3.11/site-packages/pyzmq.libs/libsodium-cb25555f.so.23.3.0
7f2f22938000-7f2f22939000 rw-p 00123000 00:204 92348914178               /mnt/primary/conda-envs/semantic_uncertainty_export/lib/python3.11/site-packages/pyzmq.libs/libsodium-cb25555f.so.23.3.0
7f2f22939000-7f2f22940000 rw-p 00125000 00:204 92348914178               /mnt/primary/conda-envs/semantic_uncertainty_export/lib/python3.11/site-packages/pyzmq.libs/libsodium-cb25555f.so.23.3.0
7f2f22940000-7f2f22941000 r--p 00000000 08:04 546782602                  /usr/lib/x86_64-linux-gnu/librt.so.1
7f2f22941000-7f2f22942000 r-xp 00001000 08:04 546782602                  /usr/lib/x86_64-linux-gnu/librt.so.1
7f2f22942000-7f2f22943000 r--p 00002000 08:04 546782602                  /usr/lib/x86_64-linux-gnu/librt.so.1
7f2f22943000-7f2f22944000 r--p 00002000 08:04 546782602                  /usr/lib/x86_64-linux-gnu/librt.so.1
7f2f22944000-7f2f22945000 rw-p 00003000 08:04 546782602                  /usr/lib/x86_64-linux-gnu/librt.so.1
7f2f22946000-7f2f22948000 r--p 00000000 00:204 45438355978               /mnt/primary/conda-envs/semantic_uncertainty_export/lib/python3.11/lib-dynload/_bisect.cpython-311-x86_64-linux-gnu.so
7f2f22948000-7f2f2294a000 r-xp 00002000 00:204 45438355978               /mnt/primary/conda-envs/semantic_uncertainty_export/lib/python3.11/lib-dynload/_bisect.cpython-311-x86_64-linux-gnu.so
7f2f2294a000-7f2f2294b000 r--p 00004000 00:204 45438355978               /mnt/primary/conda-envs/semantic_uncertainty_export/lib/python3.11/lib-dynload/_bisect.cpython-311-x86_64-linux-gnu.so
7f2f2294b000-7f2f2294c000 r--p 00004000 00:204 45438355978               /mnt/primary/conda-envs/semantic_uncertainty_export/lib/python3.11/lib-dynload/_bisect.cpython-311-x86_64-linux-gnu.so
7f2f2294c000-7f2f2294d000 rw-p 00005000 00:204 45438355978               /mnt/primary/conda-envs/semantic_uncertainty_export/lib/python3.11/lib-dynload/_bisect.cpython-311-x86_64-linux-gnu.so
7f2f2294d000-7f2f22966000 r--p 00000000 00:204 92348914179               /mnt/primary/conda-envs/semantic_uncertainty_export/lib/python3.11/site-packages/pyzmq.libs/libzmq-f468291a.so.5.2.4
7f2f22966000-7f2f229f9000 r-xp 00019000 00:204 92348914179               /mnt/primary/conda-envs/semantic_uncertainty_export/lib/python3.11/site-packages/pyzmq.libs/libzmq-f468291a.so.5.2.4
7f2f229f9000-7f2f22a34000 r--p 000ac000 00:204 92348914179               /mnt/primary/conda-envs/semantic_uncertainty_export/lib/python3.11/site-packages/pyzmq.libs/libzmq-f468291a.so.5.2.4
7f2f22a34000-7f2f22a3c000 r--p 000e6000 00:204 92348914179               /mnt/primary/conda-envs/semantic_uncertainty_export/lib/python3.11/site-packages/pyzmq.libs/libzmq-f468291a.so.5.2.4
7f2f22a3c000-7f2f22a3d000 rw-p 000ee000 00:204 92348914179               /mnt/primary/conda-envs/semantic_uncertainty_export/lib/python3.11/site-packages/pyzmq.libs/libzmq-f468291a.so.5.2.4
7f2f22a3d000-7f2f22a43000 rw-p 000f0000 00:204 92348914179               /mnt/primary/conda-envs/semantic_uncertainty_export/lib/python3.11/site-packages/pyzmq.libs/libzmq-f468291a.so.5.2.4
7f2f22a43000-7f2f22a46000 r--p 00000000 00:204 120262025247              /mnt/primary/conda-envs/semantic_uncertainty_export/lib/python3.11/site-packages/zmq/backend/cython/_device.cpython-311-x86_64-linux-gnu.so
7f2f22a46000-7f2f22a4f000 r-xp 00003000 00:204 120262025247              /mnt/primary/conda-envs/semantic_uncertainty_export/lib/python3.11/site-packages/zmq/backend/cython/_device.cpython-311-x86_64-linux-gnu.so
7f2f22a4f000-7f2f22a51000 r--p 0000c000 00:204 120262025247              /mnt/primary/conda-envs/semantic_uncertainty_export/lib/python3.11/site-packages/zmq/backend/cython/_device.cpython-311-x86_64-linux-gnu.so
7f2f22a51000-7f2f22a52000 ---p 0000e000 00:204 120262025247              /mnt/primary/conda-envs/semantic_uncertainty_export/lib/python3.11/site-packages/zmq/backend/cython/_device.cpython-311-x86_64-linux-gnu.so
7f2f22a52000-7f2f22a53000 r--p 0000e000 00:204 120262025247              /mnt/primary/conda-envs/semantic_uncertainty_export/lib/python3.11/site-packages/zmq/backend/cython/_device.cpython-311-x86_64-linux-gnu.so
7f2f22a53000-7f2f22a54000 rw-p 0000f000 00:204 120262025247              /mnt/primary/conda-envs/semantic_uncertainty_export/lib/python3.11/site-packages/zmq/backend/cython/_device.cpython-311-x86_64-linux-gnu.so
7f2f22a54000-7f2f22a57000 rw-p 00011000 00:204 120262025247              /mnt/primary/conda-envs/semantic_uncertainty_export/lib/python3.11/site-packages/zmq/backend/cython/_device.cpython-311-x86_64-linux-gnu.so
7f2f22a57000-7f2f22b57000 rw-p 00000000 00:00 0 
7f2f22b57000-7f2f22b5b000 r--p 00000000 00:204 45438356019               /mnt/primary/conda-envs/semantic_uncertainty_export/lib/python3.11/lib-dynload/_struct.cpython-311-x86_64-linux-gnu.so
7f2f22b5b000-7f2f22b60000 r-xp 00004000 00:204 45438356019               /mnt/primary/conda-envs/semantic_uncertainty_export/lib/python3.11/lib-dynload/_struct.cpython-311-x86_64-linux-gnu.so
7f2f22b60000-7f2f22b64000 r--p 00009000 00:204 45438356019               /mnt/primary/conda-envs/semantic_uncertainty_export/lib/python3.11/lib-dynload/_struct.cpython-311-x86_64-linux-gnu.so
7f2f22b64000-7f2f22b65000 r--p 0000c000 00:204 45438356019               /mnt/primary/conda-envs/semantic_uncertainty_export/lib/python3.11/lib-dynload/_struct.cpython-311-x86_64-linux-gnu.so
7f2f22b65000-7f2f22b66000 rw-p 0000d000 00:204 45438356019               /mnt/primary/conda-envs/semantic_uncertainty_export/lib/python3.11/lib-dynload/_struct.cpython-311-x86_64-linux-gnu.so
7f2f22b66000-7f2f22b69000 r--p 00000000 00:204 70898546206               /mnt/primary/conda-envs/semantic_uncertainty_export/lib/libffi.so.8.1.2
7f2f22b69000-7f2f22b73000 r-xp 00003000 00:204 70898546206               /mnt/primary/conda-envs/semantic_uncertainty_export/lib/libffi.so.8.1.2
7f2f22b73000-7f2f22b75000 r--p 0000d000 00:204 70898546206               /mnt/primary/conda-envs/semantic_uncertainty_export/lib/libffi.so.8.1.2
7f2f22b75000-7f2f22b76000 r--p 0000e000 00:204 70898546206               /mnt/primary/conda-envs/semantic_uncertainty_export/lib/libffi.so.8.1.2
7f2f22b76000-7f2f22b77000 rw-p 0000f000 00:204 70898546206               /mnt/primary/conda-envs/semantic_uncertainty_export/lib/libffi.so.8.1.2
7f2f22b77000-7f2f22b7e000 r--p 00000000 00:204 45438355990               /mnt/primary/conda-envs/semantic_uncertainty_export/lib/python3.11/lib-dynload/_ctypes.cpython-311-x86_64-linux-gnu.so
7f2f22b7e000-7f2f22b8c000 r-xp 00007000 00:204 45438355990               /mnt/primary/conda-envs/semantic_uncertainty_export/lib/python3.11/lib-dynload/_ctypes.cpython-311-x86_64-linux-gnu.so
7f2f22b8c000-7f2f22b92000 r--p 00015000 00:204 45438355990               /mnt/primary/conda-envs/semantic_uncertainty_export/lib/python3.11/lib-dynload/_ctypes.cpython-311-x86_64-linux-gnu.so
7f2f22b92000-7f2f22b93000 ---p 0001b000 00:204 45438355990               /mnt/primary/conda-envs/semantic_uncertainty_export/lib/python3.11/lib-dynload/_ctypes.cpython-311-x86_64-linux-gnu.so
7f2f22b93000-7f2f22b94000 r--p 0001b000 00:204 45438355990               /mnt/primary/conda-envs/semantic_uncertainty_export/lib/python3.11/lib-dynload/_ctypes.cpython-311-x86_64-linux-gnu.so
7f2f22b94000-7f2f22b98000 rw-p 0001c000 00:204 45438355990               /mnt/primary/conda-envs/semantic_uncertainty_export/lib/python3.11/lib-dynload/_ctypes.cpython-311-x86_64-linux-gnu.so
7f2f22b98000-7f2f22b9c000 r--p 00000000 00:204 45438459398               /mnt/primary/conda-envs/semantic_uncertainty_export/lib/python3.11/lib-dynload/math.cpython-311-x86_64-linux-gnu.so
7f2f22b9c000-7f2f22ba4000 r-xp 00004000 00:204 45438459398               /mnt/primary/conda-envs/semantic_uncertainty_export/lib/python3.11/lib-dynload/math.cpython-311-x86_64-linux-gnu.so
7f2f22ba4000-7f2f22ba9000 r--p 0000c000 00:204 45438459398               /mnt/primary/conda-envs/semantic_uncertainty_export/lib/python3.11/lib-dynload/math.cpython-311-x86_64-linux-gnu.so
7f2f22ba9000-7f2f22baa000 r--p 00010000 00:204 45438459398               /mnt/primary/conda-envs/semantic_uncertainty_export/lib/python3.11/lib-dynload/math.cpython-311-x86_64-linux-gnu.so
7f2f22baa000-7f2f22bab000 rw-p 00011000 00:204 45438459398               /mnt/primary/conda-envs/semantic_uncertainty_export/lib/python3.11/lib-dynload/math.cpython-311-x86_64-linux-gnu.so
7f2f22bab000-7f2f22bae000 r--p 00000000 00:204 45438459405               /mnt/primary/conda-envs/semantic_uncertainty_export/lib/python3.11/lib-dynload/select.cpython-311-x86_64-linux-gnu.so
7f2f22bae000-7f2f22bb1000 r-xp 00003000 00:204 45438459405               /mnt/primary/conda-envs/semantic_uncertainty_export/lib/python3.11/lib-dynload/select.cpython-311-x86_64-linux-gnu.so
7f2f22bb1000-7f2f22bb3000 r--p 00006000 00:204 45438459405               /mnt/primary/conda-envs/semantic_uncertainty_export/lib/python3.11/lib-dynload/select.cpython-311-x86_64-linux-gnu.so
7f2f22bb3000-7f2f22bb4000 ---p 00008000 00:204 45438459405               /mnt/primary/conda-envs/semantic_uncertainty_export/lib/python3.11/lib-dynload/select.cpython-311-x86_64-linux-gnu.so
7f2f22bb4000-7f2f22bb5000 r--p 00008000 00:204 45438459405               /mnt/primary/conda-envs/semantic_uncertainty_export/lib/python3.11/lib-dynload/select.cpython-311-x86_64-linux-gnu.so
7f2f22bb5000-7f2f22bb6000 rw-p 00009000 00:204 45438459405               /mnt/primary/conda-envs/semantic_uncertainty_export/lib/python3.11/lib-dynload/select.cpython-311-x86_64-linux-gnu.so
7f2f22bb6000-7f2f22bb8000 r--p 00000000 00:204 45438356008               /mnt/primary/conda-envs/semantic_uncertainty_export/lib/python3.11/lib-dynload/_posixsubprocess.cpython-311-x86_64-linux-gnu.so
7f2f22bb8000-7f2f22bbb000 r-xp 00002000 00:204 45438356008               /mnt/primary/conda-envs/semantic_uncertainty_export/lib/python3.11/lib-dynload/_posixsubprocess.cpython-311-x86_64-linux-gnu.so
7f2f22bbb000-7f2f22bbc000 r--p 00005000 00:204 45438356008               /mnt/primary/conda-envs/semantic_uncertainty_export/lib/python3.11/lib-dynload/_posixsubprocess.cpython-311-x86_64-linux-gnu.so
7f2f22bbc000-7f2f22bbd000 r--p 00005000 00:204 45438356008               /mnt/primary/conda-envs/semantic_uncertainty_export/lib/python3.11/lib-dynload/_posixsubprocess.cpython-311-x86_64-linux-gnu.so
7f2f22bbd000-7f2f22bbe000 rw-p 00006000 00:204 45438356008               /mnt/primary/conda-envs/semantic_uncertainty_export/lib/python3.11/lib-dynload/_posixsubprocess.cpython-311-x86_64-linux-gnu.so
7f2f22bbe000-7f2f22bc0000 r--p 00000000 00:204 45438459396               /mnt/primary/conda-envs/semantic_uncertainty_export/lib/python3.11/lib-dynload/fcntl.cpython-311-x86_64-linux-gnu.so
7f2f22bc0000-7f2f22bc2000 r-xp 00002000 00:204 45438459396               /mnt/primary/conda-envs/semantic_uncertainty_export/lib/python3.11/lib-dynload/fcntl.cpython-311-x86_64-linux-gnu.so
7f2f22bc2000-7f2f22bc4000 r--p 00004000 00:204 45438459396               /mnt/primary/conda-envs/semantic_uncertainty_export/lib/python3.11/lib-dynload/fcntl.cpython-311-x86_64-linux-gnu.so
7f2f22bc4000-7f2f22bc5000 r--p 00005000 00:204 45438459396               /mnt/primary/conda-envs/semantic_uncertainty_export/lib/python3.11/lib-dynload/fcntl.cpython-311-x86_64-linux-gnu.so
7f2f22bc5000-7f2f22bc6000 rw-p 00006000 00:204 45438459396               /mnt/primary/conda-envs/semantic_uncertainty_export/lib/python3.11/lib-dynload/fcntl.cpython-311-x86_64-linux-gnu.so
7f2f22bc6000-7f2f22bc9000 r--p 00000000 00:204 45438355999               /mnt/primary/conda-envs/semantic_uncertainty_export/lib/python3.11/lib-dynload/_json.cpython-311-x86_64-linux-gnu.so
7f2f22bc9000-7f2f22bcf000 r-xp 00003000 00:204 45438355999               /mnt/primary/conda-envs/semantic_uncertainty_export/lib/python3.11/lib-dynload/_json.cpython-311-x86_64-linux-gnu.so
7f2f22bcf000-7f2f22bd1000 r--p 00009000 00:204 45438355999               /mnt/primary/conda-envs/semantic_uncertainty_export/lib/python3.11/lib-dynload/_json.cpython-311-x86_64-linux-gnu.so
7f2f22bd1000-7f2f22bd2000 r--p 0000a000 00:204 45438355999               /mnt/primary/conda-envs/semantic_uncertainty_export/lib/python3.11/lib-dynload/_json.cpython-311-x86_64-linux-gnu.so
7f2f22bd2000-7f2f22bd3000 rw-p 0000b000 00:204 45438355999               /mnt/primary/conda-envs/semantic_uncertainty_export/lib/python3.11/lib-dynload/_json.cpython-311-x86_64-linux-gnu.so
7f2f22bd3000-7f2f22bd4000 r--p 00000000 00:204 45438356027               /mnt/primary/conda-envs/semantic_uncertainty_export/lib/python3.11/lib-dynload/_typing.cpython-311-x86_64-linux-gnu.so
7f2f22bd4000-7f2f22bd5000 r-xp 00001000 00:204 45438356027               /mnt/primary/conda-envs/semantic_uncertainty_export/lib/python3.11/lib-dynload/_typing.cpython-311-x86_64-linux-gnu.so
7f2f22bd5000-7f2f22bd6000 r--p 00002000 00:204 45438356027               /mnt/primary/conda-envs/semantic_uncertainty_export/lib/python3.11/lib-dynload/_typing.cpython-311-x86_64-linux-gnu.so
7f2f22bd6000-7f2f22bd7000 r--p 00002000 00:204 45438356027               /mnt/primary/conda-envs/semantic_uncertainty_export/lib/python3.11/lib-dynload/_typing.cpython-311-x86_64-linux-gnu.so
7f2f22bd7000-7f2f22bd8000 rw-p 00003000 00:204 45438356027               /mnt/primary/conda-envs/semantic_uncertainty_export/lib/python3.11/lib-dynload/_typing.cpython-311-x86_64-linux-gnu.so
7f2f22bd8000-7f2f22dd8000 rw-p 00000000 00:00 0 
7f2f22ddc000-7f2f22f3e000 rw-p 00000000 00:00 0 
7f2f22f3e000-7f2f22f95000 r--p 00000000 08:04 1087162691                 /usr/lib/locale/C.utf8/LC_CTYPE
7f2f22f95000-7f2f22f9a000 rw-p 00000000 00:00 0 
7f2f22f9a000-7f2f22fc2000 r--p 00000000 08:04 546782462                  /usr/lib/x86_64-linux-gnu/libc.so.6
7f2f22fc2000-7f2f23157000 r-xp 00028000 08:04 546782462                  /usr/lib/x86_64-linux-gnu/libc.so.6
7f2f23157000-7f2f231af000 r--p 001bd000 08:04 546782462                  /usr/lib/x86_64-linux-gnu/libc.so.6
7f2f231af000-7f2f231b0000 ---p 00215000 08:04 546782462                  /usr/lib/x86_64-linux-gnu/libc.so.6
7f2f231b0000-7f2f231b4000 r--p 00215000 08:04 546782462                  /usr/lib/x86_64-linux-gnu/libc.so.6
7f2f231b4000-7f2f231b6000 rw-p 00219000 08:04 546782462                  /usr/lib/x86_64-linux-gnu/libc.so.6
7f2f231b6000-7f2f231c3000 rw-p 00000000 00:00 0 
7f2f231c3000-7f2f231d1000 r--p 00000000 08:04 546782565                  /usr/lib/x86_64-linux-gnu/libm.so.6
7f2f231d1000-7f2f2324d000 r-xp 0000e000 08:04 546782565                  /usr/lib/x86_64-linux-gnu/libm.so.6
7f2f2324d000-7f2f232a8000 r--p 0008a000 08:04 546782565                  /usr/lib/x86_64-linux-gnu/libm.so.6
7f2f232a8000-7f2f232a9000 r--p 000e4000 08:04 546782565                  /usr/lib/x86_64-linux-gnu/libm.so.6
7f2f232a9000-7f2f232aa000 rw-p 000e5000 08:04 546782565                  /usr/lib/x86_64-linux-gnu/libm.so.6
7f2f232aa000-7f2f232ab000 r--p 00000000 08:04 546782619                  /usr/lib/x86_64-linux-gnu/libutil.so.1
7f2f232ab000-7f2f232ac000 r-xp 00001000 08:04 546782619                  /usr/lib/x86_64-linux-gnu/libutil.so.1
7f2f232ac000-7f2f232ad000 r--p 00002000 08:04 546782619                  /usr/lib/x86_64-linux-gnu/libutil.so.1
7f2f232ad000-7f2f232ae000 r--p 00002000 08:04 546782619                  /usr/lib/x86_64-linux-gnu/libutil.so.1
7f2f232ae000-7f2f232af000 rw-p 00003000 08:04 546782619                  /usr/lib/x86_64-linux-gnu/libutil.so.1
7f2f232af000-7f2f232b0000 r--p 00000000 08:04 546782540                  /usr/lib/x86_64-linux-gnu/libdl.so.2
7f2f232b0000-7f2f232b1000 r-xp 00001000 08:04 546782540                  /usr/lib/x86_64-linux-gnu/libdl.so.2
7f2f232b1000-7f2f232b2000 r--p 00002000 08:04 546782540                  /usr/lib/x86_64-linux-gnu/libdl.so.2
7f2f232b2000-7f2f232b3000 r--p 00002000 08:04 546782540                  /usr/lib/x86_64-linux-gnu/libdl.so.2
7f2f232b3000-7f2f232b4000 rw-p 00003000 08:04 546782540                  /usr/lib/x86_64-linux-gnu/libdl.so.2
7f2f232b4000-7f2f232b5000 r--p 00000000 08:04 546782597                  /usr/lib/x86_64-linux-gnu/libpthread.so.0
7f2f232b5000-7f2f232b6000 r-xp 00001000 08:04 546782597                  /usr/lib/x86_64-linux-gnu/libpthread.so.0
7f2f232b6000-7f2f232b7000 r--p 00002000 08:04 546782597                  /usr/lib/x86_64-linux-gnu/libpthread.so.0
7f2f232b7000-7f2f232b8000 r--p 00002000 08:04 546782597                  /usr/lib/x86_64-linux-gnu/libpthread.so.0
7f2f232b8000-7f2f232b9000 rw-p 00003000 08:04 546782597                  /usr/lib/x86_64-linux-gnu/libpthread.so.0
7f2f232ba000-7f2f232c1000 r--s 00000000 08:04 1087163038                 /usr/lib/x86_64-linux-gnu/gconv/gconv-modules.cache
7f2f232c1000-7f2f232c3000 rw-p 00000000 00:00 0 
7f2f232c3000-7f2f232c5000 r--p 00000000 08:04 546782446                  /usr/lib/x86_64-linux-gnu/ld-linux-x86-64.so.2
7f2f232c5000-7f2f232ef000 r-xp 00002000 08:04 546782446                  /usr/lib/x86_64-linux-gnu/ld-linux-x86-64.so.2
7f2f232ef000-7f2f232fa000 r--p 0002c000 08:04 546782446                  /usr/lib/x86_64-linux-gnu/ld-linux-x86-64.so.2
7f2f232fb000-7f2f232fd000 r--p 00037000 08:04 546782446                  /usr/lib/x86_64-linux-gnu/ld-linux-x86-64.so.2
7f2f232fd000-7f2f232ff000 rw-p 00039000 08:04 546782446                  /usr/lib/x86_64-linux-gnu/ld-linux-x86-64.so.2
7ffdbadca000-7ffdbadce000 ---p 00000000 00:00 0 
7ffdbadce000-7ffdbaeca000 rw-p 00000000 00:00 0                          [stack]
7ffdbaefd000-7ffdbaf01000 r--p 00000000 00:00 0                          [vvar]
7ffdbaf01000-7ffdbaf03000 r-xp 00000000 00:00 0                          [vdso]
ffffffffff600000-ffffffffff601000 --xp 00000000 00:00 0                  [vsyscall]


VM Arguments:
java_command: jupyter[pyterrier]:/root/nfs/context_coherence/analysis/qpp_test.ipynb
java_class_path (initial): /root/.pyterrier/terrier-assemblies-5.11-jar-with-dependencies.jar:/root/.pyterrier/terrier-python-helper-0.0.8.jar:/opt/miniconda3/envs/semantic_uncertainty_export/lib/python3.11/site-packages/jnius/src
Launcher Type: generic

[Global flags]
     intx CICompilerCount                          = 15                                        {product} {ergonomic}
     uint ConcGCThreads                            = 6                                         {product} {ergonomic}
     uint G1ConcRefinementThreads                  = 23                                        {product} {ergonomic}
   size_t G1HeapRegionSize                         = 4194304                                   {product} {ergonomic}
    uintx GCDrainStackTargetSize                   = 64                                        {product} {ergonomic}
   size_t InitialHeapSize                          = 2147483648                                {product} {ergonomic}
   size_t MarkStackSize                            = 4194304                                   {product} {ergonomic}
   size_t MaxHeapSize                              = 32178700288                               {product} {ergonomic}
   size_t MaxNewSize                               = 19306381312                               {product} {ergonomic}
   size_t MinHeapDeltaBytes                        = 4194304                                   {product} {ergonomic}
    uintx NonNMethodCodeHeapSize                   = 8182140                                {pd product} {ergonomic}
    uintx NonProfiledCodeHeapSize                  = 121738050                              {pd product} {ergonomic}
    uintx ProfiledCodeHeapSize                     = 121738050                              {pd product} {ergonomic}
    uintx ReservedCodeCacheSize                    = 251658240                              {pd product} {ergonomic}
     bool SegmentedCodeCache                       = true                                      {product} {ergonomic}
     bool UseCompressedClassPointers               = true                                 {lp64_product} {ergonomic}
     bool UseCompressedOops                        = true                                 {lp64_product} {ergonomic}
     bool UseG1GC                                  = true                                      {product} {ergonomic}

Logging:
Log output configuration:
 #0: stdout all=warning uptime,level,tags
 #1: stderr all=off uptime,level,tags

Environment Variables:
PATH=/opt/miniconda3/envs/semantic_uncertainty_export/bin:/opt/miniconda3/condabin:/root/.cargo/bin:/opt/miniconda3/bin:/usr/local/sbin:/usr/local/bin:/usr/sbin:/usr/bin:/sbin:/bin
LD_LIBRARY_PATH=/usr/local/nvidia/lib:/usr/local/nvidia/lib64
SHELL=/bin/bash
LC_CTYPE=C.UTF-8
TERM=xterm-color

Signal Handlers:
SIGSEGV: [libjvm.so+0xebbd40], sa_mask[0]=11111111011111111101111111111110, sa_flags=SA_RESTART|SA_SIGINFO
SIGBUS: [libjvm.so+0xebbd40], sa_mask[0]=11111111011111111101111111111110, sa_flags=SA_RESTART|SA_SIGINFO
SIGFPE: [libjvm.so+0xebbd40], sa_mask[0]=11111111011111111101111111111110, sa_flags=SA_RESTART|SA_SIGINFO
SIGPIPE: [libjvm.so+0xbfe040], sa_mask[0]=11111111011111111101111111111110, sa_flags=SA_RESTART|SA_SIGINFO
SIGXFSZ: [libjvm.so+0xbfe040], sa_mask[0]=11111111011111111101111111111110, sa_flags=SA_RESTART|SA_SIGINFO
SIGILL: [libjvm.so+0xebbd40], sa_mask[0]=11111111011111111101111111111110, sa_flags=SA_RESTART|SA_SIGINFO
SIGUSR2: [libjvm.so+0xbfdee0], sa_mask[0]=00000000000000000000000000000000, sa_flags=SA_RESTART|SA_SIGINFO
SIGHUP: [libjvm.so+0xbfe6a0], sa_mask[0]=11111111011111111101111111111110, sa_flags=SA_RESTART|SA_SIGINFO
SIGINT: SIG_IGN, sa_mask[0]=00000000000000000000000000000000, sa_flags=SA_ONSTACK
SIGTERM: [libjvm.so+0xbfe6a0], sa_mask[0]=11111111011111111101111111111110, sa_flags=SA_RESTART|SA_SIGINFO
SIGQUIT: [libjvm.so+0xbfe6a0], sa_mask[0]=11111111011111111101111111111110, sa_flags=SA_RESTART|SA_SIGINFO


---------------  S Y S T E M  ---------------

OS:DISTRIB_ID=Ubuntu
DISTRIB_RELEASE=22.04
DISTRIB_CODENAME=jammy
DISTRIB_DESCRIPTION="Ubuntu 22.04.5 LTS"
uname:Linux 6.7.4-200.fc39.x86_64 #1 SMP PREEMPT_DYNAMIC Mon Feb  5 22:21:14 UTC 2024 x86_64
OS uptime: 10 days 20:07 hours
libc:glibc 2.35 NPTL 2.35 
rlimit (soft/hard): STACK 8192k/infinity , CORE infinity/infinity , NPROC 4194304/4194304 , NOFILE 1048576/1048576 , AS infinity/infinity , CPU infinity/infinity , DATA infinity/infinity , FSIZE infinity/infinity , MEMLOCK 8192k/8192k
load average:0.24 0.32 0.29

/proc/meminfo:
MemTotal:       230719576 kB
MemFree:         1629044 kB
MemAvailable:   211410040 kB
Buffers:          840028 kB
Cached:         207843512 kB
SwapCached:            0 kB
Active:         18003428 kB
Inactive:       203892680 kB
Active(anon):   13258760 kB
Inactive(anon):    58580 kB
Active(file):    4744668 kB
Inactive(file): 203834100 kB
Unevictable:      177220 kB
Mlocked:          174148 kB
SwapTotal:             0 kB
SwapFree:              0 kB
Zswap:                 0 kB
Zswapped:              0 kB
Dirty:              1088 kB
Writeback:             0 kB
AnonPages:      13313384 kB
Mapped:          1727060 kB
Shmem:             91188 kB
KReclaimable:    3232700 kB
Slab:            5124128 kB
SReclaimable:    3232700 kB
SUnreclaim:      1891428 kB
KernelStack:       34752 kB
PageTables:        61256 kB
SecPageTables:         0 kB
NFS_Unstable:          0 kB
Bounce:                0 kB
WritebackTmp:          0 kB
CommitLimit:    115359788 kB
Committed_AS:   37339496 kB
VmallocTotal:   34359738367 kB
VmallocUsed:      288448 kB
VmallocChunk:          0 kB
Percpu:           384512 kB
HardwareCorrupted:     0 kB
AnonHugePages:     49152 kB
ShmemHugePages:        0 kB
ShmemPmdMapped:        0 kB
FileHugePages:   1183744 kB
FilePmdMapped:         0 kB
CmaTotal:              0 kB
CmaFree:               0 kB
Unaccepted:            0 kB
HugePages_Total:       0
HugePages_Free:        0
HugePages_Rsvd:        0
HugePages_Surp:        0
Hugepagesize:       2048 kB
Hugetlb:               0 kB
DirectMap4k:     6925212 kB
DirectMap2M:    85213184 kB
DirectMap1G:    142606336 kB

/sys/kernel/mm/transparent_hugepage/enabled:
always [madvise] never
/sys/kernel/mm/transparent_hugepage/defrag (defrag/compaction efforts parameter):
always defer defer+madvise [madvise] never

Process Memory:
Virtual Size: 51585468K (peak: 325601192K)
Resident Set Size: 6962888K (peak: 6962888K) (anon: 6335476K, file: 627412K, shmem: 0K)
Swapped out: 0K

[error occurred during error reporting (printing OS information), id 0xb, SIGSEGV (0xb) at pc=0x00007f2f2303ad98]

CPU:total 32 (initial active 32) (32 cores per cpu, 2 threads per core) family 25 model 8 stepping 2 microcode 0xa008205, cmov, cx8, fxsr, mmx, sse, sse2, sse3, ssse3, sse4.1, sse4.2, popcnt, avx, avx2, aes, clmul, erms, mmxext, 3dnowpref, lzcnt, sse4a, ht, tsc, tscinvbit, tscinv, bmi1, bmi2, adx, sha, fma
CPU Model and flags from /proc/cpuinfo:
model name	: AMD Ryzen Threadripper PRO 5955WX 16-Cores
flags		: fpu vme de pse tsc msr pae mce cx8 apic sep mtrr pge mca cmov pat pse36 clflush mmx fxsr sse sse2 ht syscall nx mmxext fxsr_opt pdpe1gb rdtscp lm constant_tsc rep_good nopl nonstop_tsc cpuid extd_apicid aperfmperf rapl pni pclmulqdq monitor ssse3 fma cx16 pcid sse4_1 sse4_2 x2apic movbe popcnt aes xsave avx f16c rdrand lahf_lm cmp_legacy svm extapic cr8_legacy abm sse4a misalignsse 3dnowprefetch osvw ibs skinit wdt tce topoext perfctr_core perfctr_nb bpext perfctr_llc mwaitx cpb cat_l3 cdp_l3 hw_pstate ssbd mba ibrs ibpb stibp vmmcall fsgsbase bmi1 avx2 smep bmi2 erms invpcid cqm rdt_a rdseed adx smap clflushopt clwb sha_ni xsaveopt xsavec xgetbv1 xsaves cqm_llc cqm_occup_llc cqm_mbm_total cqm_mbm_local user_shstk clzero irperf xsaveerptr rdpru wbnoinvd amd_ppin brs arat npt lbrv svm_lock nrip_save tsc_scale vmcb_clean flushbyasid decodeassists pausefilter pfthreshold avic v_vmsave_vmload vgif v_spec_ctrl umip pku ospke vaes vpclmulqdq rdpid overflow_recov succor smca fsrm debug_swap
Online cpus:
0-31
Offline cpus:
32-127
BIOS frequency limitation:
4000000
Frequency switch latency (ns):
0
Available cpu frequencies:
4000000 2900000 1800000 
Current governor:
performance
Core performance/turbo boost:
1

Memory: 4k page, physical 230719576k(1629044k free), swap 0k(0k free)

vm_info: OpenJDK 64-Bit Server VM (11.0.27+6-post-Ubuntu-0ubuntu122.04) for linux-amd64 JRE (11.0.27+6-post-Ubuntu-0ubuntu122.04), built on Apr 21 2025 05:59:45 by "unknown" with gcc 11.4.0

END.
