#
# A fatal error has been detected by the Java Runtime Environment:
#
#  SIGSEGV (0xb) at pc=0x00007f32da9ae3fc, pid=14127, tid=14127
#
# JRE version: OpenJDK Runtime Environment (11.0.27+6) (build 11.0.27+6-post-Ubuntu-0ubuntu122.04)
# Java VM: OpenJDK 64-Bit Server VM (11.0.27+6-post-Ubuntu-0ubuntu122.04, mixed mode, sharing, tiered, compressed oops, g1 gc, linux-amd64)
# Problematic frame:
# C  [libc.so.6+0x453fc]
#
# Core dump will be written. Default location: Core dumps may be processed with "/usr/lib/systemd/systemd-coredump %P %u %g %s %t %c %h" (or dumping to /mnt/primary/utility_prediction/analysis/core.14127)
#
# If you would like to submit a bug report, please visit:
#   https://bugs.launchpad.net/ubuntu/+source/openjdk-lts
# The crash happened outside the Java Virtual Machine in native code.
# See problematic frame for where to report the bug.
#

---------------  S U M M A R Y ------------

Command Line: jupyter[pyterrier]:/root/nfs/utility_prediction/analysis/qpp_test-perplexity.ipynb

Host: AMD Ryzen Threadripper PRO 5955WX 16-Cores, 32 cores, 64G, Ubuntu 22.04.5 LTS
Time: Mon Jun  9 21:08:16 2025 UTC elapsed time: 116.049615 seconds (0d 0h 1m 56s)

---------------  T H R E A D  ---------------

Current thread (0x000000000c6b5800):  JavaThread "main" [_thread_in_native, id=14127, stack(0x00007ffeec468000,0x00007ffeec568000)]

Stack: [0x00007ffeec468000,0x00007ffeec568000],  sp=0x00007ffeec5642b0,  free space=1008k
Native frames: (J=compiled Java code, A=aot compiled Java code, j=interpreted, Vv=VM code, C=native code)
C  [libc.so.6+0x453fc]


siginfo: si_signo: 11 (SIGSEGV), si_code: 128 (SI_KERNEL), si_addr: 0x0000000000000000

Register to memory mapping:

RAX=0x00007f32dab83cdf: <offset 0x000000000021acdf> in /usr/lib/x86_64-linux-gnu/libc.so.6 at 0x00007f32da969000
RBX=0x0 is NULL
RCX=0x0000000000000004 is an unknown value
RDX=0x000fe65b57079be0 is an unknown value
RSP=0x00007ffeec5642b0 is pointing into the stack for thread: 0x000000000c6b5800
RBP=0x0 is NULL
RSI=0x0 is NULL
RDI=0x00007f31e99a8740: <offset 0x0000000003ba8740> in /opt/miniconda3/envs/semantic_uncertainty_export/lib/python3.11/site-packages/nvidia/cuda_nvrtc/lib/libnvrtc.so.12 at 0x00007f31e5e00000
R8 =0x0000000004c45650 points into unknown readable memory: 0x0000000065c0f5e0 | e0 f5 c0 65 00 00 00 00
R9 =0x00000000000000ca is an unknown value
R10=0x0000000088fff985 points into unknown readable memory: 00 00 00
R11=0x8f583dc1239f3c03 is an unknown value
R12=0x00007f32dab83838: <offset 0x000000000021a838> in /usr/lib/x86_64-linux-gnu/libc.so.6 at 0x00007f32da969000
R13=0x00007f31e99a8740: <offset 0x0000000003ba8740> in /opt/miniconda3/envs/semantic_uncertainty_export/lib/python3.11/site-packages/nvidia/cuda_nvrtc/lib/libnvrtc.so.12 at 0x00007f31e5e00000
R14=0x00007f32dab84ee8: <offset 0x000000000021bee8> in /usr/lib/x86_64-linux-gnu/libc.so.6 at 0x00007f32da969000
R15=0x0000000005389410 points into unknown readable memory: 0x00000000057a2c10 | 10 2c 7a 05 00 00 00 00


Registers:
RAX=0x00007f32dab83cdf, RBX=0x0000000000000000, RCX=0x0000000000000004, RDX=0x000fe65b57079be0
RSP=0x00007ffeec5642b0, RBP=0x0000000000000000, RSI=0x0000000000000000, RDI=0x00007f31e99a8740
R8 =0x0000000004c45650, R9 =0x00000000000000ca, R10=0x0000000088fff985, R11=0x8f583dc1239f3c03
R12=0x00007f32dab83838, R13=0x00007f31e99a8740, R14=0x00007f32dab84ee8, R15=0x0000000005389410
RIP=0x00007f32da9ae3fc, EFLAGS=0x0000000000010212, CSGSFS=0x002b000000000033, ERR=0x0000000000000000
  TRAPNO=0x000000000000000d

Top of Stack: (sp=0x00007ffeec5642b0)
0x00007ffeec5642b0:   0000000000000005 00007ffeec564428
0x00007ffeec5642c0:   00000000005b6d70 0000000100000000
0x00007ffeec5642d0:   00007f32daccc040 0000000000000000
0x00007ffeec5642e0:   0000000000000005 00007ffeec564428 

Instructions: (pc=0x00007f32da9ae3fc)
0x00007f32da9ae2fc:   75 22 48 c7 03 00 00 00 00 31 c0 87 05 bb 6b 1d
0x00007f32da9ae30c:   00 83 f8 01 7f 26 31 c0 5b c3 66 2e 0f 1f 84 00
0x00007f32da9ae31c:   00 00 00 00 e8 4b 30 fe ff 48 c7 05 88 6b 1d 00
0x00007f32da9ae32c:   00 00 00 00 eb cc 66 0f 1f 44 00 00 48 8d 3d 89
0x00007f32da9ae33c:   6b 1d 00 e8 bc bf 04 00 31 c0 5b c3 0f 1f 84 00
0x00007f32da9ae34c:   00 00 00 00 48 8d 3d 71 6b 1d 00 e8 d4 be 04 00
0x00007f32da9ae35c:   eb 88 66 90 f3 0f 1e fa 48 8b 05 15 4b 1d 00 8b
0x00007f32da9ae36c:   00 85 c0 75 0f e9 fa f7 ff ff 66 2e 0f 1f 84 00
0x00007f32da9ae37c:   00 00 00 00 31 c0 c3 66 2e 0f 1f 84 00 00 00 00
0x00007f32da9ae38c:   00 0f 1f 00 f3 0f 1e fa 41 57 41 56 41 55 41 54
0x00007f32da9ae39c:   49 89 f4 55 89 fd 53 48 83 ec 28 89 54 24 1c 84
0x00007f32da9ae3ac:   c9 0f 85 11 02 00 00 4c 8d 35 2e 6b 1d 00 31 c0
0x00007f32da9ae3bc:   ba 01 00 00 00 f0 41 0f b1 16 0f 85 02 02 00 00
0x00007f32da9ae3cc:   31 db 4d 8b 3c 24 4d 85 ff 0f 84 35 01 00 00 0f
0x00007f32da9ae3dc:   1f 44 00 00 49 8b 47 08 48 85 c0 0f 84 13 01 00
0x00007f32da9ae3ec:   00 48 83 e8 01 48 89 c2 49 89 47 08 48 c1 e2 05
0x00007f32da9ae3fc:   49 8b 4c 17 10 48 83 f9 03 0f 84 ad 00 00 00 48
0x00007f32da9ae40c:   83 f9 04 74 4f 48 83 f9 02 75 cd 4c 01 fa 48 8b
0x00007f32da9ae41c:   42 18 48 8b 72 20 89 da 48 c1 c8 11 64 48 33 04
0x00007f32da9ae42c:   25 30 00 00 00 41 87 16 83 fa 01 0f 8f 1b 01 00
0x00007f32da9ae43c:   00 89 ef ff d0 ba 01 00 00 00 89 d8 f0 41 0f b1
0x00007f32da9ae44c:   16 74 91 4c 89 f7 e8 d9 bd 04 00 eb 87 0f 1f 80
0x00007f32da9ae45c:   00 00 00 00 4c 01 fa 48 8b 42 18 4c 8b 6a 20 48
0x00007f32da9ae46c:   c7 42 10 00 00 00 00 89 da 48 c1 c8 11 64 48 33
0x00007f32da9ae47c:   04 25 30 00 00 00 41 87 16 83 fa 01 0f 8f 12 01
0x00007f32da9ae48c:   00 00 89 ee 4c 89 ef ff d0 ba 01 00 00 00 89 d8
0x00007f32da9ae49c:   f0 41 0f b1 16 0f 84 39 ff ff ff 4c 89 f7 e8 81
0x00007f32da9ae4ac:   bd 04 00 e9 2c ff ff ff 0f 1f 40 00 49 8b 44 17
0x00007f32da9ae4bc:   18 89 da 48 c1 c8 11 64 48 33 04 25 30 00 00 00
0x00007f32da9ae4cc:   41 87 16 83 fa 01 0f 8f a8 00 00 00 ff d0 ba 01
0x00007f32da9ae4dc:   00 00 00 89 d8 f0 41 0f b1 16 0f 84 f4 fe ff ff
0x00007f32da9ae4ec:   4c 89 f7 e8 3c bd 04 00 e9 e7 fe ff ff 0f 1f 80 


Stack slot to memory mapping:
stack at sp + 0 slots: 0x0000000000000005 is an unknown value
stack at sp + 1 slots: 0x00007ffeec564428 is pointing into the stack for thread: 0x000000000c6b5800
stack at sp + 2 slots: 0x00000000005b6d70: <offset 0x00000000001b6d70> in python at 0x0000000000400000
stack at sp + 3 slots: 0x0000000100000000 is an unknown value
stack at sp + 4 slots: 0x00007f32daccc040: _rtld_global+0x0000000000000000 in /lib64/ld-linux-x86-64.so.2 at 0x00007f32dac92000
stack at sp + 5 slots: 0x0 is NULL
stack at sp + 6 slots: 0x0000000000000005 is an unknown value
stack at sp + 7 slots: 0x00007ffeec564428 is pointing into the stack for thread: 0x000000000c6b5800


---------------  P R O C E S S  ---------------

Threads class SMR info:
_java_thread_list=0x00007f2fbc125fb0, length=9, elements={
0x000000000c6b5800, 0x000000008bb4b000, 0x000000008bb4c000, 0x000000008bb4f000,
0x000000008bb50800, 0x000000008bb51800, 0x000000008bb53000, 0x000000008bb7e800,
0x00007f2ff4001800
}

Java Threads: ( => current thread )
=>0x000000000c6b5800 JavaThread "main" [_thread_in_native, id=14127, stack(0x00007ffeec468000,0x00007ffeec568000)]
  0x000000008bb4b000 JavaThread "Reference Handler" daemon [_thread_blocked, id=14281, stack(0x00007f306a7ff000,0x00007f306a8ff000)]
  0x000000008bb4c000 JavaThread "Finalizer" daemon [_thread_blocked, id=14282, stack(0x00007f306a6ff000,0x00007f306a7ff000)]
  0x000000008bb4f000 JavaThread "Service Thread" daemon [_thread_blocked, id=14284, stack(0x00007f306a4ff000,0x00007f306a5ff000)]
  0x000000008bb50800 JavaThread "C2 CompilerThread0" daemon [_thread_blocked, id=14285, stack(0x00007f306a3ff000,0x00007f306a4ff000)]
  0x000000008bb51800 JavaThread "C1 CompilerThread0" daemon [_thread_blocked, id=14286, stack(0x00007f306a2ff000,0x00007f306a3ff000)]
  0x000000008bb53000 JavaThread "Sweeper thread" daemon [_thread_blocked, id=14287, stack(0x00007f306a1ff000,0x00007f306a2ff000)]
  0x000000008bb7e800 JavaThread "Common-Cleaner" daemon [_thread_blocked, id=14289, stack(0x00007f3069ffe000,0x00007f306a0fe000)]
  0x00007f2ff4001800 JavaThread "SIGTERM handler" daemon [_thread_blocked, id=14506, stack(0x00007f32d6101000,0x00007f32d6201000)]

Other Threads:
  0x000000008bb4a000 VMThread "VM Thread" [stack: 0x00007f306a900000,0x00007f306aa00000] [id=14280]
  0x000000000c6a6800 GCTaskThread "GC Thread#0" [stack: 0x00007f306f9df000,0x00007f306fadf000] [id=14275]
  0x00007f300c001800 GCTaskThread "GC Thread#1" [stack: 0x00007f3069bfe000,0x00007f3069cfe000] [id=14293]
  0x00007f300c003000 GCTaskThread "GC Thread#2" [stack: 0x00007f3069afd000,0x00007f3069bfd000] [id=14294]
  0x00007f300c004800 GCTaskThread "GC Thread#3" [stack: 0x00007f30699fc000,0x00007f3069afc000] [id=14295]
  0x00007f300c006800 GCTaskThread "GC Thread#4" [stack: 0x00007f30698fb000,0x00007f30699fb000] [id=14296]
  0x00007f300c008000 GCTaskThread "GC Thread#5" [stack: 0x00007f305a100000,0x00007f305a200000] [id=14297]
  0x00007f300c00a000 GCTaskThread "GC Thread#6" [stack: 0x00007f3053f00000,0x00007f3054000000] [id=14298]
  0x00007f300c00b800 GCTaskThread "GC Thread#7" [stack: 0x00007f3043d00000,0x00007f3043e00000] [id=14299]
  0x000000000c6bc800 ConcurrentGCThread "G1 Main Marker" [stack: 0x00007f306d700000,0x00007f306d800000] [id=14276]
  0x000000000c6b4000 ConcurrentGCThread "G1 Conc#0" [stack: 0x00007f306b500000,0x00007f306b600000] [id=14277]
  0x000000008b9d6000 ConcurrentGCThread "G1 Refine#0" [stack: 0x00007f306b3ff000,0x00007f306b4ff000] [id=14278]
  0x000000008b9d7000 ConcurrentGCThread "G1 Young RemSet Sampling" [stack: 0x00007f306b2fe000,0x00007f306b3fe000] [id=14279]

Threads with active compile tasks:

VM state:at safepoint (shutting down)

VM Mutex/Monitor currently owned by a thread:  ([mutex/lock_event])
[0x000000007d225980] Threads_lock - owner thread: 0x000000008bb4a000

Heap address: 0x0000000400000000, size: 16384 MB, Compressed Oops mode: Zero based, Oop shift amount: 3
Narrow klass base: 0x0000000800000000, Narrow klass shift: 3
Compressed class space size: 1073741824 Address: 0x0000000840000000

Heap:
 garbage-first heap   total 1056768K, used 654373K [0x0000000400000000, 0x0000000800000000)
  region size 4096K, 131 young (536576K), 1 survivors (4096K)
 Metaspace       used 6006K, capacity 7528K, committed 7680K, reserved 1056768K
  class space    used 723K, capacity 1010K, committed 1024K, reserved 1048576K
Heap Regions: E=young(eden), S=young(survivor), O=old, HS=humongous(starts), HC=humongous(continues), CS=collection set, F=free, A=archive, TAMS=top-at-mark-start (previous, next)
|   0|0x0000000400000000, 0x0000000400400000, 0x0000000400400000|100%|HS|  |TAMS 0x0000000400000000, 0x0000000400000000| Complete 
|   1|0x0000000400400000, 0x0000000400800000, 0x0000000400800000|100%|HC|  |TAMS 0x0000000400400000, 0x0000000400400000| Complete 
|   2|0x0000000400800000, 0x0000000400c00000, 0x0000000400c00000|100%|HS|  |TAMS 0x0000000400800000, 0x0000000400800000| Complete 
|   3|0x0000000400c00000, 0x0000000401000000, 0x0000000401000000|100%|HC|  |TAMS 0x0000000400c00000, 0x0000000400c00000| Complete 
|   4|0x0000000401000000, 0x0000000401400000, 0x0000000401400000|100%|HC|  |TAMS 0x0000000401000000, 0x0000000401000000| Complete 
|   5|0x0000000401400000, 0x0000000401800000, 0x0000000401800000|100%|HC|  |TAMS 0x0000000401400000, 0x0000000401400000| Complete 
|   6|0x0000000401800000, 0x0000000401c00000, 0x0000000401c00000|100%|HC|  |TAMS 0x0000000401800000, 0x0000000401800000| Complete 
|   7|0x0000000401c00000, 0x0000000402000000, 0x0000000402000000|100%|HC|  |TAMS 0x0000000401c00000, 0x0000000401c00000| Complete 
|   8|0x0000000402000000, 0x0000000402400000, 0x0000000402400000|100%|HC|  |TAMS 0x0000000402000000, 0x0000000402000000| Complete 
|   9|0x0000000402400000, 0x0000000402800000, 0x0000000402800000|100%|HC|  |TAMS 0x0000000402400000, 0x0000000402400000| Complete 
|  10|0x0000000402800000, 0x0000000402c00000, 0x0000000402c00000|100%|HC|  |TAMS 0x0000000402800000, 0x0000000402800000| Complete 
|  11|0x0000000402c00000, 0x0000000403000000, 0x0000000403000000|100%|HS|  |TAMS 0x0000000402c00000, 0x0000000402c00000| Complete 
|  12|0x0000000403000000, 0x0000000403400000, 0x0000000403400000|100%|HC|  |TAMS 0x0000000403000000, 0x0000000403000000| Complete 
|  13|0x0000000403400000, 0x0000000403800000, 0x0000000403800000|100%|HS|  |TAMS 0x0000000403400000, 0x0000000403400000| Complete 
|  14|0x0000000403800000, 0x0000000403c00000, 0x0000000403c00000|100%|HC|  |TAMS 0x0000000403800000, 0x0000000403800000| Complete 
|  15|0x0000000403c00000, 0x0000000404000000, 0x0000000404000000|100%|HC|  |TAMS 0x0000000403c00000, 0x0000000403c00000| Complete 
|  16|0x0000000404000000, 0x0000000404400000, 0x0000000404400000|100%|HC|  |TAMS 0x0000000404000000, 0x0000000404000000| Complete 
|  17|0x0000000404400000, 0x0000000404800000, 0x0000000404800000|100%|HC|  |TAMS 0x0000000404400000, 0x0000000404400000| Complete 
|  18|0x0000000404800000, 0x0000000404c00000, 0x0000000404c00000|100%|HC|  |TAMS 0x0000000404800000, 0x0000000404800000| Complete 
|  19|0x0000000404c00000, 0x0000000405000000, 0x0000000405000000|100%|HC|  |TAMS 0x0000000404c00000, 0x0000000404c00000| Complete 
|  20|0x0000000405000000, 0x0000000405400000, 0x0000000405400000|100%|HC|  |TAMS 0x0000000405000000, 0x0000000405000000| Complete 
|  21|0x0000000405400000, 0x0000000405800000, 0x0000000405800000|100%|HC|  |TAMS 0x0000000405400000, 0x0000000405400000| Complete 
|  22|0x0000000405800000, 0x0000000405c00000, 0x0000000405c00000|100%|HC|  |TAMS 0x0000000405800000, 0x0000000405800000| Complete 
|  23|0x0000000405c00000, 0x0000000406000000, 0x0000000406000000|100%|HC|  |TAMS 0x0000000405c00000, 0x0000000405c00000| Complete 
|  24|0x0000000406000000, 0x0000000406400000, 0x0000000406400000|100%|HC|  |TAMS 0x0000000406000000, 0x0000000406000000| Complete 
|  25|0x0000000406400000, 0x0000000406800000, 0x0000000406800000|100%|HC|  |TAMS 0x0000000406400000, 0x0000000406400000| Complete 
|  26|0x0000000406800000, 0x0000000406c00000, 0x0000000406c00000|100%|HC|  |TAMS 0x0000000406800000, 0x0000000406800000| Complete 
|  27|0x0000000406c00000, 0x0000000407000000, 0x0000000407000000|100%|HC|  |TAMS 0x0000000406c00000, 0x0000000406c00000| Complete 
|  28|0x0000000407000000, 0x0000000407400000, 0x0000000407400000|100%|HC|  |TAMS 0x0000000407000000, 0x0000000407000000| Complete 
|  29|0x0000000407400000, 0x0000000407800000, 0x0000000407800000|100%|HC|  |TAMS 0x0000000407400000, 0x0000000407400000| Complete 
|  30|0x0000000407800000, 0x0000000407800000, 0x0000000407c00000|  0%| F|  |TAMS 0x0000000407800000, 0x0000000407800000| Untracked 
|  31|0x0000000407c00000, 0x0000000407c00000, 0x0000000408000000|  0%| F|  |TAMS 0x0000000407c00000, 0x0000000407c00000| Untracked 
|  32|0x0000000408000000, 0x0000000408000000, 0x0000000408400000|  0%| F|  |TAMS 0x0000000408000000, 0x0000000408000000| Untracked 
|  33|0x0000000408400000, 0x0000000408400000, 0x0000000408800000|  0%| F|  |TAMS 0x0000000408400000, 0x0000000408400000| Untracked 
|  34|0x0000000408800000, 0x0000000408800000, 0x0000000408c00000|  0%| F|  |TAMS 0x0000000408800000, 0x0000000408800000| Untracked 
|  35|0x0000000408c00000, 0x0000000408c00000, 0x0000000409000000|  0%| F|  |TAMS 0x0000000408c00000, 0x0000000408c00000| Untracked 
|  36|0x0000000409000000, 0x0000000409000000, 0x0000000409400000|  0%| F|  |TAMS 0x0000000409000000, 0x0000000409000000| Untracked 
|  37|0x0000000409400000, 0x0000000409400000, 0x0000000409800000|  0%| F|  |TAMS 0x0000000409400000, 0x0000000409400000| Untracked 
|  38|0x0000000409800000, 0x0000000409800000, 0x0000000409c00000|  0%| F|  |TAMS 0x0000000409800000, 0x0000000409800000| Untracked 
|  39|0x0000000409c00000, 0x0000000409c00000, 0x000000040a000000|  0%| F|  |TAMS 0x0000000409c00000, 0x0000000409c00000| Untracked 
|  40|0x000000040a000000, 0x000000040a000000, 0x000000040a400000|  0%| F|  |TAMS 0x000000040a000000, 0x000000040a000000| Untracked 
|  41|0x000000040a400000, 0x000000040a400000, 0x000000040a800000|  0%| F|  |TAMS 0x000000040a400000, 0x000000040a400000| Untracked 
|  42|0x000000040a800000, 0x000000040a800000, 0x000000040ac00000|  0%| F|  |TAMS 0x000000040a800000, 0x000000040a800000| Untracked 
|  43|0x000000040ac00000, 0x000000040ac00000, 0x000000040b000000|  0%| F|  |TAMS 0x000000040ac00000, 0x000000040ac00000| Untracked 
|  44|0x000000040b000000, 0x000000040b000000, 0x000000040b400000|  0%| F|  |TAMS 0x000000040b000000, 0x000000040b000000| Untracked 
|  45|0x000000040b400000, 0x000000040b400000, 0x000000040b800000|  0%| F|  |TAMS 0x000000040b400000, 0x000000040b400000| Untracked 
|  46|0x000000040b800000, 0x000000040b800000, 0x000000040bc00000|  0%| F|  |TAMS 0x000000040b800000, 0x000000040b800000| Untracked 
|  47|0x000000040bc00000, 0x000000040bc00000, 0x000000040c000000|  0%| F|  |TAMS 0x000000040bc00000, 0x000000040bc00000| Untracked 
|  48|0x000000040c000000, 0x000000040c000000, 0x000000040c400000|  0%| F|  |TAMS 0x000000040c000000, 0x000000040c000000| Untracked 
|  49|0x000000040c400000, 0x000000040c400000, 0x000000040c800000|  0%| F|  |TAMS 0x000000040c400000, 0x000000040c400000| Untracked 
|  50|0x000000040c800000, 0x000000040c800000, 0x000000040cc00000|  0%| F|  |TAMS 0x000000040c800000, 0x000000040c800000| Untracked 
|  51|0x000000040cc00000, 0x000000040cc00000, 0x000000040d000000|  0%| F|  |TAMS 0x000000040cc00000, 0x000000040cc00000| Untracked 
|  52|0x000000040d000000, 0x000000040d000000, 0x000000040d400000|  0%| F|  |TAMS 0x000000040d000000, 0x000000040d000000| Untracked 
|  53|0x000000040d400000, 0x000000040d400000, 0x000000040d800000|  0%| F|  |TAMS 0x000000040d400000, 0x000000040d400000| Untracked 
|  54|0x000000040d800000, 0x000000040d800000, 0x000000040dc00000|  0%| F|  |TAMS 0x000000040d800000, 0x000000040d800000| Untracked 
|  55|0x000000040dc00000, 0x000000040dc00000, 0x000000040e000000|  0%| F|  |TAMS 0x000000040dc00000, 0x000000040dc00000| Untracked 
|  56|0x000000040e000000, 0x000000040e000000, 0x000000040e400000|  0%| F|  |TAMS 0x000000040e000000, 0x000000040e000000| Untracked 
|  57|0x000000040e400000, 0x000000040e400000, 0x000000040e800000|  0%| F|  |TAMS 0x000000040e400000, 0x000000040e400000| Untracked 
|  58|0x000000040e800000, 0x000000040e800000, 0x000000040ec00000|  0%| F|  |TAMS 0x000000040e800000, 0x000000040e800000| Untracked 
|  59|0x000000040ec00000, 0x000000040ec00000, 0x000000040f000000|  0%| F|  |TAMS 0x000000040ec00000, 0x000000040ec00000| Untracked 
|  60|0x000000040f000000, 0x000000040f000000, 0x000000040f400000|  0%| F|  |TAMS 0x000000040f000000, 0x000000040f000000| Untracked 
|  61|0x000000040f400000, 0x000000040f400000, 0x000000040f800000|  0%| F|  |TAMS 0x000000040f400000, 0x000000040f400000| Untracked 
|  62|0x000000040f800000, 0x000000040f800000, 0x000000040fc00000|  0%| F|  |TAMS 0x000000040f800000, 0x000000040f800000| Untracked 
|  63|0x000000040fc00000, 0x000000040fc00000, 0x0000000410000000|  0%| F|  |TAMS 0x000000040fc00000, 0x000000040fc00000| Untracked 
|  64|0x0000000410000000, 0x0000000410000000, 0x0000000410400000|  0%| F|  |TAMS 0x0000000410000000, 0x0000000410000000| Untracked 
|  65|0x0000000410400000, 0x0000000410400000, 0x0000000410800000|  0%| F|  |TAMS 0x0000000410400000, 0x0000000410400000| Untracked 
|  66|0x0000000410800000, 0x0000000410800000, 0x0000000410c00000|  0%| F|  |TAMS 0x0000000410800000, 0x0000000410800000| Untracked 
|  67|0x0000000410c00000, 0x0000000410c00000, 0x0000000411000000|  0%| F|  |TAMS 0x0000000410c00000, 0x0000000410c00000| Untracked 
|  68|0x0000000411000000, 0x0000000411000000, 0x0000000411400000|  0%| F|  |TAMS 0x0000000411000000, 0x0000000411000000| Untracked 
|  69|0x0000000411400000, 0x0000000411400000, 0x0000000411800000|  0%| F|  |TAMS 0x0000000411400000, 0x0000000411400000| Untracked 
|  70|0x0000000411800000, 0x0000000411800000, 0x0000000411c00000|  0%| F|  |TAMS 0x0000000411800000, 0x0000000411800000| Untracked 
|  71|0x0000000411c00000, 0x0000000411c00000, 0x0000000412000000|  0%| F|  |TAMS 0x0000000411c00000, 0x0000000411c00000| Untracked 
|  72|0x0000000412000000, 0x0000000412000000, 0x0000000412400000|  0%| F|  |TAMS 0x0000000412000000, 0x0000000412000000| Untracked 
|  73|0x0000000412400000, 0x0000000412400000, 0x0000000412800000|  0%| F|  |TAMS 0x0000000412400000, 0x0000000412400000| Untracked 
|  74|0x0000000412800000, 0x0000000412800000, 0x0000000412c00000|  0%| F|  |TAMS 0x0000000412800000, 0x0000000412800000| Untracked 
|  75|0x0000000412c00000, 0x0000000412c00000, 0x0000000413000000|  0%| F|  |TAMS 0x0000000412c00000, 0x0000000412c00000| Untracked 
|  76|0x0000000413000000, 0x0000000413000000, 0x0000000413400000|  0%| F|  |TAMS 0x0000000413000000, 0x0000000413000000| Untracked 
|  77|0x0000000413400000, 0x0000000413400000, 0x0000000413800000|  0%| F|  |TAMS 0x0000000413400000, 0x0000000413400000| Untracked 
|  78|0x0000000413800000, 0x0000000413800000, 0x0000000413c00000|  0%| F|  |TAMS 0x0000000413800000, 0x0000000413800000| Untracked 
|  79|0x0000000413c00000, 0x0000000413c00000, 0x0000000414000000|  0%| F|  |TAMS 0x0000000413c00000, 0x0000000413c00000| Untracked 
|  80|0x0000000414000000, 0x0000000414000000, 0x0000000414400000|  0%| F|  |TAMS 0x0000000414000000, 0x0000000414000000| Untracked 
|  81|0x0000000414400000, 0x0000000414400000, 0x0000000414800000|  0%| F|  |TAMS 0x0000000414400000, 0x0000000414400000| Untracked 
|  82|0x0000000414800000, 0x0000000414800000, 0x0000000414c00000|  0%| F|  |TAMS 0x0000000414800000, 0x0000000414800000| Untracked 
|  83|0x0000000414c00000, 0x0000000414c00000, 0x0000000415000000|  0%| F|  |TAMS 0x0000000414c00000, 0x0000000414c00000| Untracked 
|  84|0x0000000415000000, 0x0000000415000000, 0x0000000415400000|  0%| F|  |TAMS 0x0000000415000000, 0x0000000415000000| Untracked 
|  85|0x0000000415400000, 0x0000000415400000, 0x0000000415800000|  0%| F|  |TAMS 0x0000000415400000, 0x0000000415400000| Untracked 
|  86|0x0000000415800000, 0x0000000415800000, 0x0000000415c00000|  0%| F|  |TAMS 0x0000000415800000, 0x0000000415800000| Untracked 
|  87|0x0000000415c00000, 0x0000000415c00000, 0x0000000416000000|  0%| F|  |TAMS 0x0000000415c00000, 0x0000000415c00000| Untracked 
|  88|0x0000000416000000, 0x0000000416000000, 0x0000000416400000|  0%| F|  |TAMS 0x0000000416000000, 0x0000000416000000| Untracked 
|  89|0x0000000416400000, 0x0000000416400000, 0x0000000416800000|  0%| F|  |TAMS 0x0000000416400000, 0x0000000416400000| Untracked 
|  90|0x0000000416800000, 0x0000000416800000, 0x0000000416c00000|  0%| F|  |TAMS 0x0000000416800000, 0x0000000416800000| Untracked 
|  91|0x0000000416c00000, 0x0000000416c00000, 0x0000000417000000|  0%| F|  |TAMS 0x0000000416c00000, 0x0000000416c00000| Untracked 
|  92|0x0000000417000000, 0x0000000417000000, 0x0000000417400000|  0%| F|  |TAMS 0x0000000417000000, 0x0000000417000000| Untracked 
|  93|0x0000000417400000, 0x0000000417400000, 0x0000000417800000|  0%| F|  |TAMS 0x0000000417400000, 0x0000000417400000| Untracked 
|  94|0x0000000417800000, 0x0000000417800000, 0x0000000417c00000|  0%| F|  |TAMS 0x0000000417800000, 0x0000000417800000| Untracked 
|  95|0x0000000417c00000, 0x0000000417c00000, 0x0000000418000000|  0%| F|  |TAMS 0x0000000417c00000, 0x0000000417c00000| Untracked 
|  96|0x0000000418000000, 0x0000000418000000, 0x0000000418400000|  0%| F|  |TAMS 0x0000000418000000, 0x0000000418000000| Untracked 
|  97|0x0000000418400000, 0x0000000418400000, 0x0000000418800000|  0%| F|  |TAMS 0x0000000418400000, 0x0000000418400000| Untracked 
|  98|0x0000000418800000, 0x0000000418800000, 0x0000000418c00000|  0%| F|  |TAMS 0x0000000418800000, 0x0000000418800000| Untracked 
|  99|0x0000000418c00000, 0x0000000418c00000, 0x0000000419000000|  0%| F|  |TAMS 0x0000000418c00000, 0x0000000418c00000| Untracked 
| 100|0x0000000419000000, 0x0000000419000000, 0x0000000419400000|  0%| F|  |TAMS 0x0000000419000000, 0x0000000419000000| Untracked 
| 101|0x0000000419400000, 0x0000000419400000, 0x0000000419800000|  0%| F|  |TAMS 0x0000000419400000, 0x0000000419400000| Untracked 
| 102|0x0000000419800000, 0x0000000419800000, 0x0000000419c00000|  0%| F|  |TAMS 0x0000000419800000, 0x0000000419800000| Untracked 
| 103|0x0000000419c00000, 0x0000000419c00000, 0x000000041a000000|  0%| F|  |TAMS 0x0000000419c00000, 0x0000000419c00000| Untracked 
| 104|0x000000041a000000, 0x000000041a000000, 0x000000041a400000|  0%| F|  |TAMS 0x000000041a000000, 0x000000041a000000| Untracked 
| 105|0x000000041a400000, 0x000000041a400000, 0x000000041a800000|  0%| F|  |TAMS 0x000000041a400000, 0x000000041a400000| Untracked 
| 106|0x000000041a800000, 0x000000041a800000, 0x000000041ac00000|  0%| F|  |TAMS 0x000000041a800000, 0x000000041a800000| Untracked 
| 107|0x000000041ac00000, 0x000000041ac00000, 0x000000041b000000|  0%| F|  |TAMS 0x000000041ac00000, 0x000000041ac00000| Untracked 
| 108|0x000000041b000000, 0x000000041b000000, 0x000000041b400000|  0%| F|  |TAMS 0x000000041b000000, 0x000000041b000000| Untracked 
| 109|0x000000041b400000, 0x000000041b400000, 0x000000041b800000|  0%| F|  |TAMS 0x000000041b400000, 0x000000041b400000| Untracked 
| 110|0x000000041b800000, 0x000000041b800000, 0x000000041bc00000|  0%| F|  |TAMS 0x000000041b800000, 0x000000041b800000| Untracked 
| 111|0x000000041bc00000, 0x000000041bc00000, 0x000000041c000000|  0%| F|  |TAMS 0x000000041bc00000, 0x000000041bc00000| Untracked 
| 112|0x000000041c000000, 0x000000041c000000, 0x000000041c400000|  0%| F|  |TAMS 0x000000041c000000, 0x000000041c000000| Untracked 
| 113|0x000000041c400000, 0x000000041c400000, 0x000000041c800000|  0%| F|  |TAMS 0x000000041c400000, 0x000000041c400000| Untracked 
| 114|0x000000041c800000, 0x000000041c800000, 0x000000041cc00000|  0%| F|  |TAMS 0x000000041c800000, 0x000000041c800000| Untracked 
| 115|0x000000041cc00000, 0x000000041cc00000, 0x000000041d000000|  0%| F|  |TAMS 0x000000041cc00000, 0x000000041cc00000| Untracked 
| 116|0x000000041d000000, 0x000000041d000000, 0x000000041d400000|  0%| F|  |TAMS 0x000000041d000000, 0x000000041d000000| Untracked 
| 117|0x000000041d400000, 0x000000041d400000, 0x000000041d800000|  0%| F|  |TAMS 0x000000041d400000, 0x000000041d400000| Untracked 
| 118|0x000000041d800000, 0x000000041d800000, 0x000000041dc00000|  0%| F|  |TAMS 0x000000041d800000, 0x000000041d800000| Untracked 
| 119|0x000000041dc00000, 0x000000041dc00000, 0x000000041e000000|  0%| F|  |TAMS 0x000000041dc00000, 0x000000041dc00000| Untracked 
| 120|0x000000041e000000, 0x000000041e000000, 0x000000041e400000|  0%| F|  |TAMS 0x000000041e000000, 0x000000041e000000| Untracked 
| 121|0x000000041e400000, 0x000000041e400000, 0x000000041e800000|  0%| F|  |TAMS 0x000000041e400000, 0x000000041e400000| Untracked 
| 122|0x000000041e800000, 0x000000041e800000, 0x000000041ec00000|  0%| F|  |TAMS 0x000000041e800000, 0x000000041e800000| Untracked 
| 123|0x000000041ec00000, 0x000000041ec00000, 0x000000041f000000|  0%| F|  |TAMS 0x000000041ec00000, 0x000000041ec00000| Untracked 
| 124|0x000000041f000000, 0x000000041f000000, 0x000000041f400000|  0%| F|  |TAMS 0x000000041f000000, 0x000000041f000000| Untracked 
| 125|0x000000041f400000, 0x000000041f400800, 0x000000041f800000|  0%| E|  |TAMS 0x000000041f400000, 0x000000041f400000| Complete 
| 126|0x000000041f800000, 0x000000041fc00000, 0x000000041fc00000|100%| E|CS|TAMS 0x000000041f800000, 0x000000041f800000| Complete 
| 127|0x000000041fc00000, 0x0000000420000000, 0x0000000420000000|100%| E|CS|TAMS 0x000000041fc00000, 0x000000041fc00000| Complete 
| 128|0x0000000420000000, 0x0000000420400000, 0x0000000420400000|100%| E|CS|TAMS 0x0000000420000000, 0x0000000420000000| Complete 
| 129|0x0000000420400000, 0x0000000420800000, 0x0000000420800000|100%| E|CS|TAMS 0x0000000420400000, 0x0000000420400000| Complete 
| 130|0x0000000420800000, 0x0000000420c00000, 0x0000000420c00000|100%| E|CS|TAMS 0x0000000420800000, 0x0000000420800000| Complete 
| 131|0x0000000420c00000, 0x0000000421000000, 0x0000000421000000|100%| E|CS|TAMS 0x0000000420c00000, 0x0000000420c00000| Complete 
| 132|0x0000000421000000, 0x0000000421400000, 0x0000000421400000|100%| E|CS|TAMS 0x0000000421000000, 0x0000000421000000| Complete 
| 133|0x0000000421400000, 0x0000000421800000, 0x0000000421800000|100%| E|CS|TAMS 0x0000000421400000, 0x0000000421400000| Complete 
| 134|0x0000000421800000, 0x0000000421c00000, 0x0000000421c00000|100%| E|CS|TAMS 0x0000000421800000, 0x0000000421800000| Complete 
| 135|0x0000000421c00000, 0x0000000422000000, 0x0000000422000000|100%| E|CS|TAMS 0x0000000421c00000, 0x0000000421c00000| Complete 
| 136|0x0000000422000000, 0x0000000422400000, 0x0000000422400000|100%| E|CS|TAMS 0x0000000422000000, 0x0000000422000000| Complete 
| 137|0x0000000422400000, 0x0000000422800000, 0x0000000422800000|100%| E|CS|TAMS 0x0000000422400000, 0x0000000422400000| Complete 
| 138|0x0000000422800000, 0x0000000422c00000, 0x0000000422c00000|100%| E|CS|TAMS 0x0000000422800000, 0x0000000422800000| Complete 
| 139|0x0000000422c00000, 0x0000000423000000, 0x0000000423000000|100%| E|CS|TAMS 0x0000000422c00000, 0x0000000422c00000| Complete 
| 140|0x0000000423000000, 0x0000000423400000, 0x0000000423400000|100%| E|CS|TAMS 0x0000000423000000, 0x0000000423000000| Complete 
| 141|0x0000000423400000, 0x0000000423800000, 0x0000000423800000|100%| E|CS|TAMS 0x0000000423400000, 0x0000000423400000| Complete 
| 142|0x0000000423800000, 0x0000000423c00000, 0x0000000423c00000|100%| E|CS|TAMS 0x0000000423800000, 0x0000000423800000| Complete 
| 143|0x0000000423c00000, 0x0000000424000000, 0x0000000424000000|100%| E|CS|TAMS 0x0000000423c00000, 0x0000000423c00000| Complete 
| 144|0x0000000424000000, 0x0000000424400000, 0x0000000424400000|100%| E|CS|TAMS 0x0000000424000000, 0x0000000424000000| Complete 
| 145|0x0000000424400000, 0x0000000424800000, 0x0000000424800000|100%| E|CS|TAMS 0x0000000424400000, 0x0000000424400000| Complete 
| 146|0x0000000424800000, 0x0000000424c00000, 0x0000000424c00000|100%| E|CS|TAMS 0x0000000424800000, 0x0000000424800000| Complete 
| 147|0x0000000424c00000, 0x0000000425000000, 0x0000000425000000|100%| E|CS|TAMS 0x0000000424c00000, 0x0000000424c00000| Complete 
| 148|0x0000000425000000, 0x0000000425400000, 0x0000000425400000|100%| E|CS|TAMS 0x0000000425000000, 0x0000000425000000| Complete 
| 149|0x0000000425400000, 0x0000000425800000, 0x0000000425800000|100%| E|CS|TAMS 0x0000000425400000, 0x0000000425400000| Complete 
| 150|0x0000000425800000, 0x0000000425c00000, 0x0000000425c00000|100%| E|CS|TAMS 0x0000000425800000, 0x0000000425800000| Complete 
| 151|0x0000000425c00000, 0x0000000426000000, 0x0000000426000000|100%| E|CS|TAMS 0x0000000425c00000, 0x0000000425c00000| Complete 
| 152|0x0000000426000000, 0x0000000426400000, 0x0000000426400000|100%| E|CS|TAMS 0x0000000426000000, 0x0000000426000000| Complete 
| 153|0x0000000426400000, 0x0000000426800000, 0x0000000426800000|100%| E|CS|TAMS 0x0000000426400000, 0x0000000426400000| Complete 
| 154|0x0000000426800000, 0x0000000426c00000, 0x0000000426c00000|100%| E|CS|TAMS 0x0000000426800000, 0x0000000426800000| Complete 
| 155|0x0000000426c00000, 0x0000000427000000, 0x0000000427000000|100%| E|CS|TAMS 0x0000000426c00000, 0x0000000426c00000| Complete 
| 156|0x0000000427000000, 0x0000000427400000, 0x0000000427400000|100%| E|CS|TAMS 0x0000000427000000, 0x0000000427000000| Complete 
| 157|0x0000000427400000, 0x0000000427800000, 0x0000000427800000|100%| E|CS|TAMS 0x0000000427400000, 0x0000000427400000| Complete 
| 158|0x0000000427800000, 0x0000000427c00000, 0x0000000427c00000|100%| E|CS|TAMS 0x0000000427800000, 0x0000000427800000| Complete 
| 159|0x0000000427c00000, 0x0000000428000000, 0x0000000428000000|100%| E|CS|TAMS 0x0000000427c00000, 0x0000000427c00000| Complete 
| 160|0x0000000428000000, 0x0000000428400000, 0x0000000428400000|100%| E|CS|TAMS 0x0000000428000000, 0x0000000428000000| Complete 
| 161|0x0000000428400000, 0x0000000428800000, 0x0000000428800000|100%| E|CS|TAMS 0x0000000428400000, 0x0000000428400000| Complete 
| 162|0x0000000428800000, 0x0000000428c00000, 0x0000000428c00000|100%| E|CS|TAMS 0x0000000428800000, 0x0000000428800000| Complete 
| 163|0x0000000428c00000, 0x0000000429000000, 0x0000000429000000|100%| E|CS|TAMS 0x0000000428c00000, 0x0000000428c00000| Complete 
| 164|0x0000000429000000, 0x0000000429400000, 0x0000000429400000|100%| E|CS|TAMS 0x0000000429000000, 0x0000000429000000| Complete 
| 165|0x0000000429400000, 0x0000000429800000, 0x0000000429800000|100%| E|CS|TAMS 0x0000000429400000, 0x0000000429400000| Complete 
| 166|0x0000000429800000, 0x0000000429c00000, 0x0000000429c00000|100%| E|CS|TAMS 0x0000000429800000, 0x0000000429800000| Complete 
| 167|0x0000000429c00000, 0x000000042a000000, 0x000000042a000000|100%| E|CS|TAMS 0x0000000429c00000, 0x0000000429c00000| Complete 
| 168|0x000000042a000000, 0x000000042a400000, 0x000000042a400000|100%| E|CS|TAMS 0x000000042a000000, 0x000000042a000000| Complete 
| 169|0x000000042a400000, 0x000000042a800000, 0x000000042a800000|100%| E|CS|TAMS 0x000000042a400000, 0x000000042a400000| Complete 
| 170|0x000000042a800000, 0x000000042ac00000, 0x000000042ac00000|100%| E|CS|TAMS 0x000000042a800000, 0x000000042a800000| Complete 
| 171|0x000000042ac00000, 0x000000042b000000, 0x000000042b000000|100%| E|CS|TAMS 0x000000042ac00000, 0x000000042ac00000| Complete 
| 172|0x000000042b000000, 0x000000042b400000, 0x000000042b400000|100%| E|CS|TAMS 0x000000042b000000, 0x000000042b000000| Complete 
| 173|0x000000042b400000, 0x000000042b800000, 0x000000042b800000|100%| E|CS|TAMS 0x000000042b400000, 0x000000042b400000| Complete 
| 174|0x000000042b800000, 0x000000042bc00000, 0x000000042bc00000|100%| E|CS|TAMS 0x000000042b800000, 0x000000042b800000| Complete 
| 175|0x000000042bc00000, 0x000000042c000000, 0x000000042c000000|100%| E|CS|TAMS 0x000000042bc00000, 0x000000042bc00000| Complete 
| 176|0x000000042c000000, 0x000000042c400000, 0x000000042c400000|100%| E|CS|TAMS 0x000000042c000000, 0x000000042c000000| Complete 
| 177|0x000000042c400000, 0x000000042c800000, 0x000000042c800000|100%| E|CS|TAMS 0x000000042c400000, 0x000000042c400000| Complete 
| 178|0x000000042c800000, 0x000000042cc00000, 0x000000042cc00000|100%| E|CS|TAMS 0x000000042c800000, 0x000000042c800000| Complete 
| 179|0x000000042cc00000, 0x000000042d000000, 0x000000042d000000|100%| E|CS|TAMS 0x000000042cc00000, 0x000000042cc00000| Complete 
| 180|0x000000042d000000, 0x000000042d400000, 0x000000042d400000|100%| E|CS|TAMS 0x000000042d000000, 0x000000042d000000| Complete 
| 181|0x000000042d400000, 0x000000042d800000, 0x000000042d800000|100%| E|CS|TAMS 0x000000042d400000, 0x000000042d400000| Complete 
| 182|0x000000042d800000, 0x000000042dc00000, 0x000000042dc00000|100%| E|CS|TAMS 0x000000042d800000, 0x000000042d800000| Complete 
| 183|0x000000042dc00000, 0x000000042e000000, 0x000000042e000000|100%| E|CS|TAMS 0x000000042dc00000, 0x000000042dc00000| Complete 
| 184|0x000000042e000000, 0x000000042e400000, 0x000000042e400000|100%| E|CS|TAMS 0x000000042e000000, 0x000000042e000000| Complete 
| 185|0x000000042e400000, 0x000000042e800000, 0x000000042e800000|100%| E|CS|TAMS 0x000000042e400000, 0x000000042e400000| Complete 
| 186|0x000000042e800000, 0x000000042ec00000, 0x000000042ec00000|100%| E|CS|TAMS 0x000000042e800000, 0x000000042e800000| Complete 
| 187|0x000000042ec00000, 0x000000042f000000, 0x000000042f000000|100%| E|CS|TAMS 0x000000042ec00000, 0x000000042ec00000| Complete 
| 188|0x000000042f000000, 0x000000042f400000, 0x000000042f400000|100%| E|CS|TAMS 0x000000042f000000, 0x000000042f000000| Complete 
| 189|0x000000042f400000, 0x000000042f800000, 0x000000042f800000|100%| E|CS|TAMS 0x000000042f400000, 0x000000042f400000| Complete 
| 190|0x000000042f800000, 0x000000042fc00000, 0x000000042fc00000|100%| E|CS|TAMS 0x000000042f800000, 0x000000042f800000| Complete 
| 191|0x000000042fc00000, 0x0000000430000000, 0x0000000430000000|100%| E|CS|TAMS 0x000000042fc00000, 0x000000042fc00000| Complete 
| 192|0x0000000430000000, 0x0000000430400000, 0x0000000430400000|100%| E|CS|TAMS 0x0000000430000000, 0x0000000430000000| Complete 
| 193|0x0000000430400000, 0x0000000430800000, 0x0000000430800000|100%| E|CS|TAMS 0x0000000430400000, 0x0000000430400000| Complete 
| 194|0x0000000430800000, 0x0000000430c00000, 0x0000000430c00000|100%| E|CS|TAMS 0x0000000430800000, 0x0000000430800000| Complete 
| 195|0x0000000430c00000, 0x0000000431000000, 0x0000000431000000|100%| E|CS|TAMS 0x0000000430c00000, 0x0000000430c00000| Complete 
| 196|0x0000000431000000, 0x0000000431400000, 0x0000000431400000|100%| E|CS|TAMS 0x0000000431000000, 0x0000000431000000| Complete 
| 197|0x0000000431400000, 0x0000000431800000, 0x0000000431800000|100%| E|CS|TAMS 0x0000000431400000, 0x0000000431400000| Complete 
| 198|0x0000000431800000, 0x0000000431c00000, 0x0000000431c00000|100%| E|CS|TAMS 0x0000000431800000, 0x0000000431800000| Complete 
| 199|0x0000000431c00000, 0x0000000432000000, 0x0000000432000000|100%| E|CS|TAMS 0x0000000431c00000, 0x0000000431c00000| Complete 
| 200|0x0000000432000000, 0x0000000432400000, 0x0000000432400000|100%| E|CS|TAMS 0x0000000432000000, 0x0000000432000000| Complete 
| 201|0x0000000432400000, 0x0000000432800000, 0x0000000432800000|100%| E|CS|TAMS 0x0000000432400000, 0x0000000432400000| Complete 
| 202|0x0000000432800000, 0x0000000432c00000, 0x0000000432c00000|100%| E|CS|TAMS 0x0000000432800000, 0x0000000432800000| Complete 
| 203|0x0000000432c00000, 0x0000000433000000, 0x0000000433000000|100%| E|CS|TAMS 0x0000000432c00000, 0x0000000432c00000| Complete 
| 204|0x0000000433000000, 0x0000000433400000, 0x0000000433400000|100%| E|CS|TAMS 0x0000000433000000, 0x0000000433000000| Complete 
| 205|0x0000000433400000, 0x0000000433800000, 0x0000000433800000|100%| E|CS|TAMS 0x0000000433400000, 0x0000000433400000| Complete 
| 206|0x0000000433800000, 0x0000000433c00000, 0x0000000433c00000|100%| E|CS|TAMS 0x0000000433800000, 0x0000000433800000| Complete 
| 207|0x0000000433c00000, 0x0000000434000000, 0x0000000434000000|100%| E|CS|TAMS 0x0000000433c00000, 0x0000000433c00000| Complete 
| 208|0x0000000434000000, 0x0000000434400000, 0x0000000434400000|100%| E|CS|TAMS 0x0000000434000000, 0x0000000434000000| Complete 
| 209|0x0000000434400000, 0x0000000434800000, 0x0000000434800000|100%| E|CS|TAMS 0x0000000434400000, 0x0000000434400000| Complete 
| 210|0x0000000434800000, 0x0000000434c00000, 0x0000000434c00000|100%| E|CS|TAMS 0x0000000434800000, 0x0000000434800000| Complete 
| 211|0x0000000434c00000, 0x0000000435000000, 0x0000000435000000|100%| E|CS|TAMS 0x0000000434c00000, 0x0000000434c00000| Complete 
| 212|0x0000000435000000, 0x0000000435400000, 0x0000000435400000|100%| E|CS|TAMS 0x0000000435000000, 0x0000000435000000| Complete 
| 213|0x0000000435400000, 0x0000000435800000, 0x0000000435800000|100%| E|CS|TAMS 0x0000000435400000, 0x0000000435400000| Complete 
| 214|0x0000000435800000, 0x0000000435c00000, 0x0000000435c00000|100%| E|CS|TAMS 0x0000000435800000, 0x0000000435800000| Complete 
| 215|0x0000000435c00000, 0x0000000436000000, 0x0000000436000000|100%| E|CS|TAMS 0x0000000435c00000, 0x0000000435c00000| Complete 
| 216|0x0000000436000000, 0x0000000436400000, 0x0000000436400000|100%| E|CS|TAMS 0x0000000436000000, 0x0000000436000000| Complete 
| 217|0x0000000436400000, 0x0000000436800000, 0x0000000436800000|100%| E|CS|TAMS 0x0000000436400000, 0x0000000436400000| Complete 
| 218|0x0000000436800000, 0x0000000436c00000, 0x0000000436c00000|100%| E|CS|TAMS 0x0000000436800000, 0x0000000436800000| Complete 
| 219|0x0000000436c00000, 0x0000000437000000, 0x0000000437000000|100%| E|CS|TAMS 0x0000000436c00000, 0x0000000436c00000| Complete 
| 220|0x0000000437000000, 0x0000000437400000, 0x0000000437400000|100%| E|CS|TAMS 0x0000000437000000, 0x0000000437000000| Complete 
| 221|0x0000000437400000, 0x0000000437800000, 0x0000000437800000|100%| E|CS|TAMS 0x0000000437400000, 0x0000000437400000| Complete 
| 222|0x0000000437800000, 0x0000000437c00000, 0x0000000437c00000|100%| E|CS|TAMS 0x0000000437800000, 0x0000000437800000| Complete 
| 223|0x0000000437c00000, 0x0000000438000000, 0x0000000438000000|100%| E|CS|TAMS 0x0000000437c00000, 0x0000000437c00000| Complete 
| 224|0x0000000438000000, 0x0000000438400000, 0x0000000438400000|100%| E|CS|TAMS 0x0000000438000000, 0x0000000438000000| Complete 
| 225|0x0000000438400000, 0x0000000438800000, 0x0000000438800000|100%| E|CS|TAMS 0x0000000438400000, 0x0000000438400000| Complete 
| 226|0x0000000438800000, 0x0000000438c00000, 0x0000000438c00000|100%| E|CS|TAMS 0x0000000438800000, 0x0000000438800000| Complete 
| 227|0x0000000438c00000, 0x0000000439000000, 0x0000000439000000|100%| E|CS|TAMS 0x0000000438c00000, 0x0000000438c00000| Complete 
| 228|0x0000000439000000, 0x0000000439400000, 0x0000000439400000|100%| E|CS|TAMS 0x0000000439000000, 0x0000000439000000| Complete 
| 229|0x0000000439400000, 0x0000000439800000, 0x0000000439800000|100%| E|CS|TAMS 0x0000000439400000, 0x0000000439400000| Complete 
| 230|0x0000000439800000, 0x0000000439c00000, 0x0000000439c00000|100%| E|CS|TAMS 0x0000000439800000, 0x0000000439800000| Complete 
| 231|0x0000000439c00000, 0x000000043a000000, 0x000000043a000000|100%| E|CS|TAMS 0x0000000439c00000, 0x0000000439c00000| Complete 
| 232|0x000000043a000000, 0x000000043a400000, 0x000000043a400000|100%| E|CS|TAMS 0x000000043a000000, 0x000000043a000000| Complete 
| 233|0x000000043a400000, 0x000000043a800000, 0x000000043a800000|100%| E|CS|TAMS 0x000000043a400000, 0x000000043a400000| Complete 
| 234|0x000000043a800000, 0x000000043ac00000, 0x000000043ac00000|100%| E|CS|TAMS 0x000000043a800000, 0x000000043a800000| Complete 
| 235|0x000000043ac00000, 0x000000043b000000, 0x000000043b000000|100%| E|CS|TAMS 0x000000043ac00000, 0x000000043ac00000| Complete 
| 236|0x000000043b000000, 0x000000043b400000, 0x000000043b400000|100%| E|CS|TAMS 0x000000043b000000, 0x000000043b000000| Complete 
| 237|0x000000043b400000, 0x000000043b800000, 0x000000043b800000|100%| E|CS|TAMS 0x000000043b400000, 0x000000043b400000| Complete 
| 238|0x000000043b800000, 0x000000043bc00000, 0x000000043bc00000|100%| E|CS|TAMS 0x000000043b800000, 0x000000043b800000| Complete 
| 239|0x000000043bc00000, 0x000000043c000000, 0x000000043c000000|100%| E|CS|TAMS 0x000000043bc00000, 0x000000043bc00000| Complete 
| 240|0x000000043c000000, 0x000000043c400000, 0x000000043c400000|100%| E|CS|TAMS 0x000000043c000000, 0x000000043c000000| Complete 
| 241|0x000000043c400000, 0x000000043c800000, 0x000000043c800000|100%| E|CS|TAMS 0x000000043c400000, 0x000000043c400000| Complete 
| 242|0x000000043c800000, 0x000000043cc00000, 0x000000043cc00000|100%| E|CS|TAMS 0x000000043c800000, 0x000000043c800000| Complete 
| 243|0x000000043cc00000, 0x000000043ce55548, 0x000000043d000000| 58%| S|CS|TAMS 0x000000043cc00000, 0x000000043cc00000| Complete 
| 244|0x000000043d000000, 0x000000043d400000, 0x000000043d400000|100%| E|CS|TAMS 0x000000043d000000, 0x000000043d000000| Complete 
| 245|0x000000043d400000, 0x000000043d800000, 0x000000043d800000|100%| E|CS|TAMS 0x000000043d400000, 0x000000043d400000| Complete 
| 246|0x000000043d800000, 0x000000043dc00000, 0x000000043dc00000|100%| E|CS|TAMS 0x000000043d800000, 0x000000043d800000| Complete 
| 247|0x000000043dc00000, 0x000000043e000000, 0x000000043e000000|100%| E|CS|TAMS 0x000000043dc00000, 0x000000043dc00000| Complete 
| 248|0x000000043e000000, 0x000000043e400000, 0x000000043e400000|100%| E|CS|TAMS 0x000000043e000000, 0x000000043e000000| Complete 
| 249|0x000000043e400000, 0x000000043e800000, 0x000000043e800000|100%| E|CS|TAMS 0x000000043e400000, 0x000000043e400000| Complete 
| 250|0x000000043e800000, 0x000000043ec00000, 0x000000043ec00000|100%| E|CS|TAMS 0x000000043e800000, 0x000000043e800000| Complete 
| 251|0x000000043ec00000, 0x000000043f000000, 0x000000043f000000|100%| E|CS|TAMS 0x000000043ec00000, 0x000000043ec00000| Complete 
| 252|0x000000043f000000, 0x000000043f400000, 0x000000043f400000|100%| E|CS|TAMS 0x000000043f000000, 0x000000043f000000| Complete 
| 253|0x000000043f400000, 0x000000043f800000, 0x000000043f800000|100%| E|CS|TAMS 0x000000043f400000, 0x000000043f400000| Complete 
| 254|0x000000043f800000, 0x000000043fc00000, 0x000000043fc00000|100%| E|CS|TAMS 0x000000043f800000, 0x000000043f800000| Complete 
| 255|0x000000043fc00000, 0x0000000440000000, 0x0000000440000000|100%| E|CS|TAMS 0x000000043fc00000, 0x000000043fc00000| Complete 
|3838|0x00000007bf800000, 0x00000007bf848000, 0x00000007bfc00000|  7%|OA|  |TAMS 0x00000007bf800000, 0x00000007bf800000| Untracked 
|3839|0x00000007bfc00000, 0x00000007bfc6c000, 0x00000007c0000000| 10%|CA|  |TAMS 0x00000007bfc00000, 0x00000007bfc00000| Untracked 

Card table byte_map: [0x00007f306b600000,0x00007f306d600000] _byte_map_base: 0x00007f3069600000

Marking Bits (Prev, Next): (CMBitMap*) 0x000000000c6b8b28, (CMBitMap*) 0x000000000c6b8b60
 Prev Bits: [0x00007f3043e00000, 0x00007f3053e00000)
 Next Bits: [0x00007f3033c00000, 0x00007f3043c00000)

Polling page: 0x00007f32d6c01000

Metaspace:

Usage:
  Non-class:      6.37 MB capacity,     5.16 MB ( 81%) used,     1.16 MB ( 18%) free+waste,    51.12 KB ( <1%) overhead. 
      Class:   1010.00 KB capacity,   723.67 KB ( 72%) used,   259.08 KB ( 26%) free+waste,    27.25 KB (  3%) overhead. 
       Both:      7.35 MB capacity,     5.87 MB ( 80%) used,     1.41 MB ( 19%) free+waste,    78.38 KB (  1%) overhead. 

Virtual space:
  Non-class space:        8.00 MB reserved,       6.50 MB ( 81%) committed 
      Class space:        1.00 GB reserved,       1.00 MB ( <1%) committed 
             Both:        1.01 GB reserved,       7.50 MB ( <1%) committed 

Chunk freelists:
   Non-Class:  10.00 KB
       Class:  14.00 KB
        Both:  24.00 KB

MaxMetaspaceSize: unlimited
CompressedClassSpaceSize: 1.00 GB
Initial GC threshold: 20.80 MB
Current GC threshold: 20.80 MB
CDS: on

CodeHeap 'non-profiled nmethods': size=120032Kb used=668Kb max_used=668Kb free=119363Kb
 bounds [0x00007f3061cc8000, 0x00007f3061f38000, 0x00007f3069200000]
CodeHeap 'profiled nmethods': size=120028Kb used=2780Kb max_used=2780Kb free=117247Kb
 bounds [0x00007f305a791000, 0x00007f305aa51000, 0x00007f3061cc8000]
CodeHeap 'non-nmethods': size=5700Kb used=1215Kb max_used=1245Kb free=4484Kb
 bounds [0x00007f305a200000, 0x00007f305a470000, 0x00007f305a791000]
 total_blobs=1871 nmethods=1375 adapters=410
 compilation: enabled
              stopped_count=0, restarted_count=0
 full_count=0

Compilation events (20 events):
Event: 8.977 Thread 0x000000008bb51800 1368       3       org.terrier.structures.collections.FSOrderedMapFile::get (6 bytes)
Event: 8.977 Thread 0x000000008bb51800 nmethod 1368 0x00007f305aa3df90 code [0x00007f305aa3e180, 0x00007f305aa3e680]
Event: 8.977 Thread 0x000000008bb51800 1369       3       org.terrier.structures.collections.FSOrderedMapFile::get (28 bytes)
Event: 8.977 Thread 0x000000008bb51800 nmethod 1369 0x00007f305aa3e810 code [0x00007f305aa3e9e0, 0x00007f305aa3ee80]
Event: 8.978 Thread 0x000000008bb50800 nmethod 1354 0x00007f3061d6dd90 code [0x00007f3061d6df20, 0x00007f3061d6e178]
Event: 8.978 Thread 0x000000008bb50800 1361       4       java.nio.ByteBuffer::flip (7 bytes)
Event: 8.978 Thread 0x000000008bb50800 nmethod 1361 0x00007f3061d6e290 code [0x00007f3061d6e420, 0x00007f3061d6e4b8]
Event: 8.980 Thread 0x00007f2fdc1c9000 nmethod 1355 0x00007f3061d6e590 code [0x00007f3061d6e740, 0x00007f3061d6eab8]
Event: 8.983 Thread 0x000000008bb51800 1370       3       org.terrier.terms.PorterStemmer::step1 (284 bytes)
Event: 8.983 Thread 0x000000008bb51800 nmethod 1370 0x00007f305aa3ef90 code [0x00007f305aa3f2c0, 0x00007f305aa40050]
Event: 8.983 Thread 0x000000008bb51800 1371       3       org.terrier.terms.PorterStemmer::step3 (488 bytes)
Event: 8.984 Thread 0x000000008bb51800 nmethod 1371 0x00007f305aa40410 code [0x00007f305aa40ae0, 0x00007f305aa43160]
Event: 8.984 Thread 0x000000008bb51800 1372       3       org.terrier.terms.PorterStemmer::step4 (176 bytes)
Event: 8.985 Thread 0x000000008bb51800 nmethod 1372 0x00007f305aa43b10 code [0x00007f305aa43e80, 0x00007f305aa44c00]
Event: 8.985 Thread 0x000000008bb51800 1373       3       org.terrier.terms.PorterStemmer::step5 (429 bytes)
Event: 8.985 Thread 0x000000008bb51800 nmethod 1373 0x00007f305aa44f90 code [0x00007f305aa45300, 0x00007f305aa46410]
Event: 9.000 Thread 0x000000008bb51800 1374       3       java.nio.charset.CharsetEncoder::encode (136 bytes)
Event: 9.000 Thread 0x000000008bb50800 1375       4       java.nio.Buffer::remaining (20 bytes)
Event: 9.000 Thread 0x000000008bb50800 nmethod 1375 0x00007f3061d6ed90 code [0x00007f3061d6ef20, 0x00007f3061d6efb8]
Event: 9.000 Thread 0x000000008bb51800 nmethod 1374 0x00007f305aa46710 code [0x00007f305aa46a20, 0x00007f305aa47cd0]

GC Heap History (2 events):
Event: 0.263 GC heap before
{Heap before GC invocations=0 (full 0):
 garbage-first heap   total 1056768K, used 94928K [0x0000000400000000, 0x0000000800000000)
  region size 4096K, 12 young (49152K), 0 survivors (0K)
 Metaspace       used 3596K, capacity 6166K, committed 6400K, reserved 1056768K
  class space    used 429K, capacity 745K, committed 768K, reserved 1048576K
}
Event: 0.266 GC heap after
{Heap after GC invocations=1 (full 0):
 garbage-first heap   total 1056768K, used 48165K [0x0000000400000000, 0x0000000800000000)
  region size 4096K, 1 young (4096K), 1 survivors (4096K)
 Metaspace       used 3596K, capacity 6166K, committed 6400K, reserved 1056768K
  class space    used 429K, capacity 745K, committed 768K, reserved 1048576K
}

Deoptimization events (20 events):
Event: 8.886 Thread 0x000000000c6b5800 Uncommon trap: trap_request=0xffffffde fr.pc=0x00007f3061d18a18 relative=0x0000000000000a58
Event: 8.886 Thread 0x000000000c6b5800 Uncommon trap: reason=class_check action=maybe_recompile pc=0x00007f3061d18a18 method=java.io.DataInputStream.readFully([BII)V @ 34 c2
Event: 8.886 Thread 0x000000000c6b5800 DEOPT PACKING pc=0x00007f3061d18a18 sp=0x00007ffeec561a80
Event: 8.886 Thread 0x000000000c6b5800 DEOPT UNPACKING pc=0x00007f305a249ea5 sp=0x00007ffeec561a68 mode 2
Event: 8.886 Thread 0x000000000c6b5800 Uncommon trap: trap_request=0xffffffde fr.pc=0x00007f3061d1aca0 relative=0x0000000000000160
Event: 8.886 Thread 0x000000000c6b5800 Uncommon trap: reason=class_check action=maybe_recompile pc=0x00007f3061d1aca0 method=java.io.DataInputStream.readByte()B @ 4 c2
Event: 8.886 Thread 0x000000000c6b5800 DEOPT PACKING pc=0x00007f3061d1aca0 sp=0x00007ffeec561a50
Event: 8.886 Thread 0x000000000c6b5800 DEOPT UNPACKING pc=0x00007f305a249ea5 sp=0x00007ffeec561a18 mode 2
Event: 8.886 Thread 0x000000000c6b5800 Uncommon trap: trap_request=0xffffffde fr.pc=0x00007f3061d18a18 relative=0x0000000000000a58
Event: 8.886 Thread 0x000000000c6b5800 Uncommon trap: reason=class_check action=maybe_recompile pc=0x00007f3061d18a18 method=java.io.DataInputStream.readFully([BII)V @ 34 c2
Event: 8.886 Thread 0x000000000c6b5800 DEOPT PACKING pc=0x00007f3061d18a18 sp=0x00007ffeec561a80
Event: 8.886 Thread 0x000000000c6b5800 DEOPT UNPACKING pc=0x00007f305a249ea5 sp=0x00007ffeec561a68 mode 2
Event: 8.886 Thread 0x000000000c6b5800 Uncommon trap: trap_request=0xffffffde fr.pc=0x00007f3061d1aca0 relative=0x0000000000000160
Event: 8.886 Thread 0x000000000c6b5800 Uncommon trap: reason=class_check action=maybe_recompile pc=0x00007f3061d1aca0 method=java.io.DataInputStream.readByte()B @ 4 c2
Event: 8.886 Thread 0x000000000c6b5800 DEOPT PACKING pc=0x00007f3061d1aca0 sp=0x00007ffeec561a50
Event: 8.886 Thread 0x000000000c6b5800 DEOPT UNPACKING pc=0x00007f305a249ea5 sp=0x00007ffeec561a18 mode 2
Event: 8.886 Thread 0x000000000c6b5800 Uncommon trap: trap_request=0xffffffde fr.pc=0x00007f3061d18a18 relative=0x0000000000000a58
Event: 8.886 Thread 0x000000000c6b5800 Uncommon trap: reason=class_check action=maybe_recompile pc=0x00007f3061d18a18 method=java.io.DataInputStream.readFully([BII)V @ 34 c2
Event: 8.886 Thread 0x000000000c6b5800 DEOPT PACKING pc=0x00007f3061d18a18 sp=0x00007ffeec561a80
Event: 8.886 Thread 0x000000000c6b5800 DEOPT UNPACKING pc=0x00007f305a249ea5 sp=0x00007ffeec561a68 mode 2

Classes redefined (0 events):
No events

Internal exceptions (20 events):
Event: 0.198 Thread 0x000000000c6b5800 Exception <a 'java/lang/NoSuchMethodError'{0x000000043f6e9ef0}: 'java.lang.Object java.lang.invoke.DelegatingMethodHandle$Holder.reinvoke_L(java.lang.Object, int, int, int, java.lang.Object, java.lang.Object, java.lang.Object)'> (0x000000043f6e9ef0) thrown at [./src/hotspot/share/interpreter/linkResolver.cpp, line 772]
Event: 0.198 Thread 0x000000000c6b5800 Exception <a 'java/lang/NoSuchMethodError'{0x000000043f6f1348}: 'java.lang.Object java.lang.invoke.DirectMethodHandle$Holder.invokeStatic(java.lang.Object, java.lang.Object, java.lang.Object, java.lang.Object, java.lang.Object, int)'> (0x000000043f6f1348) thrown at [./src/hotspot/share/interpreter/linkResolver.cpp, line 772]
Event: 0.708 Thread 0x000000000c6b5800 Exception <a 'java/lang/NoSuchMethodError'{0x00000004200e9488}: 'java.lang.Object java.lang.invoke.DirectMethodHandle$Holder.invokeSpecial(java.lang.Object, java.lang.Object, int, int, int, java.lang.Object, java.lang.Object, java.lang.Object, java.lang.Object)'> (0x00000004200e9488) thrown at [./src/hotspot/share/interpreter/linkResolver.cpp, line 772]
Event: 0.708 Thread 0x000000000c6b5800 Exception <a 'java/lang/NoSuchMethodError'{0x00000004200ecc40}: 'java.lang.Object java.lang.invoke.DelegatingMethodHandle$Holder.reinvoke_L(java.lang.Object, int, int, int, java.lang.Object, java.lang.Object, java.lang.Object, java.lang.Object)'> (0x00000004200ecc40) thrown at [./src/hotspot/share/interpreter/linkResolver.cpp, line 772]
Event: 0.709 Thread 0x000000000c6b5800 Exception <a 'java/lang/NoSuchMethodError'{0x000000042010ee78}: 'java.lang.Object java.lang.invoke.DirectMethodHandle$Holder.invokeStatic(java.lang.Object, java.lang.Object, java.lang.Object, java.lang.Object, java.lang.Object, java.lang.Object, java.lang.Object, int)'> (0x000000042010ee78) thrown at [./src/hotspot/share/interpreter/linkResolver.cpp, line 772]
Event: 0.734 Thread 0x000000000c6b5800 Exception <a 'java/lang/NoSuchMethodError'{0x00000004201f6f78}: <clinit>> (0x00000004201f6f78) thrown at [./src/hotspot/share/prims/jni.cpp, line 1372]
Event: 0.865 Thread 0x000000000c6b5800 Exception <a 'java/lang/NoSuchMethodError'{0x0000000420352980}: 'java.lang.Object java.lang.invoke.DirectMethodHandle$Holder.invokeSpecial(java.lang.Object, java.lang.Object, int, int, int, java.lang.Object, java.lang.Object, java.lang.Object, java.lang.Object, int)'> (0x0000000420352980) thrown at [./src/hotspot/share/interpreter/linkResolver.cpp, line 772]
Event: 0.865 Thread 0x000000000c6b5800 Exception <a 'java/lang/NoSuchMethodError'{0x0000000420356370}: 'java.lang.Object java.lang.invoke.DelegatingMethodHandle$Holder.reinvoke_L(java.lang.Object, int, int, int, java.lang.Object, java.lang.Object, java.lang.Object, java.lang.Object, int)'> (0x0000000420356370) thrown at [./src/hotspot/share/interpreter/linkResolver.cpp, line 772]
Event: 0.867 Thread 0x000000000c6b5800 Exception <a 'java/lang/NoSuchMethodError'{0x00000004203adf00}: 'java.lang.Object java.lang.invoke.DirectMethodHandle$Holder.invokeStatic(java.lang.Object, java.lang.Object, java.lang.Object, java.lang.Object, java.lang.Object, java.lang.Object, java.lang.Object, java.lang.Object, java.lang.Object, java.lang.Object, java.lang.Object, int, int, java.lang.Object, java.lang.Object, java.lang.Object)'> (0x00000004203adf00) thrown at [./src/hotspot/share/interpreter/linkResolver.cpp, line 772]
Event: 0.867 Thread 0x000000000c6b5800 Exception <a 'java/lang/NoSuchMethodError'{0x00000004203bacc8}: 'java.lang.Object java.lang.invoke.DirectMethodHandle$Holder.invokeSpecial(java.lang.Object, java.lang.Object, java.lang.Object, java.lang.Object, java.lang.Object, java.lang.Object, int)'> (0x00000004203bacc8) thrown at [./src/hotspot/share/interpreter/linkResolver.cpp, line 772]
Event: 0.867 Thread 0x000000000c6b5800 Exception <a 'java/lang/NoSuchMethodError'{0x00000004203be360}: 'java.lang.Object java.lang.invoke.DelegatingMethodHandle$Holder.reinvoke_L(java.lang.Object, java.lang.Object, java.lang.Object, java.lang.Object, java.lang.Object, int)'> (0x00000004203be360) thrown at [./src/hotspot/share/interpreter/linkResolver.cpp, line 772]
Event: 0.867 Thread 0x000000000c6b5800 Exception <a 'java/lang/NoSuchMethodError'{0x00000004203c4c90}: 'java.lang.Object java.lang.invoke.Invokers$Holder.linkToTargetMethod(java.lang.Object, java.lang.Object, java.lang.Object, java.lang.Object, int, java.lang.Object)'> (0x00000004203c4c90) thrown at [./src/hotspot/share/interpreter/linkResolver.cpp, line 772]
Event: 0.869 Thread 0x000000000c6b5800 Exception <a 'java/lang/NoSuchMethodError'{0x000000041fc1bf18}: 'java.lang.Object java.lang.invoke.Invokers$Holder.linkToTargetMethod(java.lang.Object, int, java.lang.Object)'> (0x000000041fc1bf18) thrown at [./src/hotspot/share/interpreter/linkResolver.cpp, line 772]
Event: 0.873 Thread 0x000000000c6b5800 Exception <a 'java/lang/NoSuchMethodError'{0x000000041fcf3c68}: 'java.lang.Object java.lang.invoke.DirectMethodHandle$Holder.invokeSpecial(java.lang.Object, java.lang.Object, int, int, java.lang.Object, java.lang.Object, java.lang.Object)'> (0x000000041fcf3c68) thrown at [./src/hotspot/share/interpreter/linkResolver.cpp, line 772]
Event: 0.873 Thread 0x000000000c6b5800 Exception <a 'java/lang/NoSuchMethodError'{0x000000041fcf71f8}: 'java.lang.Object java.lang.invoke.DelegatingMethodHandle$Holder.reinvoke_L(java.lang.Object, int, int, java.lang.Object, java.lang.Object, java.lang.Object)'> (0x000000041fcf71f8) thrown at [./src/hotspot/share/interpreter/linkResolver.cpp, line 772]
Event: 0.874 Thread 0x000000000c6b5800 Exception <a 'java/lang/NoSuchMethodError'{0x000000041fd04fd0}: 'java.lang.Object java.lang.invoke.DirectMethodHandle$Holder.invokeStatic(java.lang.Object, java.lang.Object, java.lang.Object, java.lang.Object, java.lang.Object, java.lang.Object, int)'> (0x000000041fd04fd0) thrown at [./src/hotspot/share/interpreter/linkResolver.cpp, line 772]
Event: 0.874 Thread 0x000000000c6b5800 Exception <a 'java/lang/NoSuchMethodError'{0x000000041fd1b778}: 'java.lang.Object java.lang.invoke.DirectMethodHandle$Holder.invokeStatic(java.lang.Object, java.lang.Object, java.lang.Object, java.lang.Object, java.lang.Object, java.lang.Object, int, int)'> (0x000000041fd1b778) thrown at [./src/hotspot/share/interpreter/linkResolver.cpp, line 772]
Event: 0.875 Thread 0x000000000c6b5800 Exception <a 'java/lang/NoSuchMethodError'{0x000000041fd330e8}: 'java.lang.Object java.lang.invoke.DirectMethodHandle$Holder.invokeStatic(java.lang.Object, java.lang.Object, java.lang.Object, java.lang.Object, java.lang.Object, java.lang.Object, int, int, java.lang.Object)'> (0x000000041fd330e8) thrown at [./src/hotspot/share/interpreter/linkResolver.cpp, line 772]
Event: 0.875 Thread 0x000000000c6b5800 Exception <a 'java/lang/NoSuchMethodError'{0x000000041fd4f850}: 'java.lang.Object java.lang.invoke.DirectMethodHandle$Holder.invokeStatic(java.lang.Object, java.lang.Object, java.lang.Object, java.lang.Object, java.lang.Object, java.lang.Object, int, int, java.lang.Object, java.lang.Object)'> (0x000000041fd4f850) thrown at [./src/hotspot/share/interpreter/linkResolver.cpp, line 772]
Event: 0.876 Thread 0x000000000c6b5800 Exception <a 'java/lang/NoSuchMethodError'{0x000000041fd6a8f0}: 'java.lang.Object java.lang.invoke.DirectMethodHandle$Holder.invokeStatic(java.lang.Object, java.lang.Object, java.lang.Object, java.lang.Object, java.lang.Object, java.lang.Object, int, int, java.lang.Object, java.lang.Object, java.lang.Object)'> (0x000000041fd6a8f0) thrown at [./src/hotspot/share/interpreter/linkResolver.cpp, line 772]

Events (20 events):
Event: 8.885 loading class jdk/internal/reflect/UnsafeQualifiedStaticObjectFieldAccessorImpl
Event: 8.885 loading class jdk/internal/reflect/UnsafeQualifiedStaticObjectFieldAccessorImpl done
Event: 8.885 loading class com/google/common/primitives/UnsignedBytes
Event: 8.885 loading class com/google/common/primitives/UnsignedBytes done
Event: 8.886 loading class org/terrier/structures/collections/FSOrderedMapFile$MapFileEntry
Event: 8.886 loading class org/terrier/structures/collections/FSOrderedMapFile$MapFileEntry done
Event: 8.886 loading class org/terrier/structures/collections/FSOrderedMapFile$OrderedMapEntry
Event: 8.886 loading class org/terrier/structures/collections/FSOrderedMapFile$OrderedMapEntry done
Event: 8.886 loading class org/terrier/structures/collections/MapEntry
Event: 8.886 loading class org/terrier/structures/collections/MapEntry done
Event: 8.894 Loaded shared library /usr/lib/jvm/java-11-openjdk-amd64/lib/libnio.so
Event: 8.949 Thread 0x00007f2fdc1c9000 Thread added: 0x00007f2fdc1c9000
Event: 8.949 Protecting memory [0x00007f3069efe000,0x00007f3069f02000] with protection modes 0
Event: 14.000 Thread 0x00007f2fdc1c9000 Thread exited: 0x00007f2fdc1c9000
Event: 115.722 loading class jdk/internal/misc/Signal$1
Event: 115.722 loading class jdk/internal/misc/Signal$1 done
Event: 115.722 Thread 0x00007f2ff4001800 Thread added: 0x00007f2ff4001800
Event: 115.722 Protecting memory [0x00007f32d6101000,0x00007f32d6105000] with protection modes 0
Event: 115.722 Executing VM operation: Exit
Event: 115.722 Thread 0x000000008bb4d800 Thread exited: 0x000000008bb4d800


Dynamic libraries:
00400000-0041f000 r--p 00000000 00:216 148237027901                      /mnt/primary/conda-envs/semantic_uncertainty_export/bin/python3.11
0041f000-00652000 r-xp 0001f000 00:216 148237027901                      /mnt/primary/conda-envs/semantic_uncertainty_export/bin/python3.11
00652000-00770000 r--p 00252000 00:216 148237027901                      /mnt/primary/conda-envs/semantic_uncertainty_export/bin/python3.11
00771000-00772000 r--p 00370000 00:216 148237027901                      /mnt/primary/conda-envs/semantic_uncertainty_export/bin/python3.11
00772000-008a2000 rw-p 00371000 00:216 148237027901                      /mnt/primary/conda-envs/semantic_uncertainty_export/bin/python3.11
008a2000-008e5000 rw-p 00000000 00:00 0 
02020000-a0b78000 rw-p 00000000 00:00 0                                  [heap]
400000000-440000000 rw-p 00000000 00:00 0 
440000000-7bf800000 ---p 00000000 00:00 0 
7bf800000-7bf848000 rw-p 00b13000 08:04 1102532937                       /usr/lib/jvm/java-11-openjdk-amd64/lib/server/classes.jsa
7bf848000-7bfc00000 rw-p 00000000 00:00 0 
7bfc00000-7bfc6c000 rw-p 00aa7000 08:04 1102532937                       /usr/lib/jvm/java-11-openjdk-amd64/lib/server/classes.jsa
7bfc6c000-7c0000000 rw-p 00000000 00:00 0 
7c0000000-800000000 ---p 00000000 00:00 0 
800000000-800002000 rwxp 00001000 08:04 1102532937                       /usr/lib/jvm/java-11-openjdk-amd64/lib/server/classes.jsa
800002000-8003ce000 rw-p 00003000 08:04 1102532937                       /usr/lib/jvm/java-11-openjdk-amd64/lib/server/classes.jsa
8003ce000-800aa5000 r--p 003cf000 08:04 1102532937                       /usr/lib/jvm/java-11-openjdk-amd64/lib/server/classes.jsa
800aa5000-800aa6000 rw-p 00aa6000 08:04 1102532937                       /usr/lib/jvm/java-11-openjdk-amd64/lib/server/classes.jsa
840000000-840100000 rw-p 00000000 00:00 0 
840100000-880000000 ---p 00000000 00:00 0 
7f284d038000-7f2ea0000000 r--s 00000000 00:216 109784839181              /mnt/primary/get_res/e5_msmarco_index.flex/vecs.f4
7f2ea0000000-7f2ea0021000 rw-p 00000000 00:00 0 
7f2ea0021000-7f2ea4000000 ---p 00000000 00:00 0 
7f2ea8000000-7f2ea80a5000 rw-p 00000000 00:00 0 
7f2ea80a5000-7f2eac000000 ---p 00000000 00:00 0 
7f2eb0000000-7f2eb0096000 rw-p 00000000 00:00 0 
7f2eb0096000-7f2eb4000000 ---p 00000000 00:00 0 
7f2eb8000000-7f2eb80a5000 rw-p 00000000 00:00 0 
7f2eb80a5000-7f2ebc000000 ---p 00000000 00:00 0 
7f2ec0000000-7f2ec00d2000 rw-p 00000000 00:00 0 
7f2ec00d2000-7f2ec4000000 ---p 00000000 00:00 0 
7f2ec8000000-7f2ec80d2000 rw-p 00000000 00:00 0 
7f2ec80d2000-7f2ecc000000 ---p 00000000 00:00 0 
7f2ed0000000-7f2ed0109000 rw-p 00000000 00:00 0 
7f2ed0109000-7f2ed4000000 ---p 00000000 00:00 0 
7f2ed8000000-7f2ed8121000 rw-p 00000000 00:00 0 
7f2ed8121000-7f2edc000000 ---p 00000000 00:00 0 
7f2ee0000000-7f2ee0121000 rw-p 00000000 00:00 0 
7f2ee0121000-7f2ee4000000 ---p 00000000 00:00 0 
7f2ee8000000-7f2ee8121000 rw-p 00000000 00:00 0 
7f2ee8121000-7f2eec000000 ---p 00000000 00:00 0 
7f2ef0000000-7f2ef0121000 rw-p 00000000 00:00 0 
7f2ef0121000-7f2ef4000000 ---p 00000000 00:00 0 
7f2ef8000000-7f2ef8121000 rw-p 00000000 00:00 0 
7f2ef8121000-7f2efc000000 ---p 00000000 00:00 0 
7f2f00000000-7f2f00109000 rw-p 00000000 00:00 0 
7f2f00109000-7f2f04000000 ---p 00000000 00:00 0 
7f2f08000000-7f2f08121000 rw-p 00000000 00:00 0 
7f2f08121000-7f2f0c000000 ---p 00000000 00:00 0 
7f2f10000000-7f2f10121000 rw-p 00000000 00:00 0 
7f2f10121000-7f2f14000000 ---p 00000000 00:00 0 
7f2f18000000-7f2f18021000 rw-p 00000000 00:00 0 
7f2f18021000-7f2f1c000000 ---p 00000000 00:00 0 
7f2f20000000-7f2f20021000 rw-p 00000000 00:00 0 
7f2f20021000-7f2f24000000 ---p 00000000 00:00 0 
7f2f28000000-7f2f28021000 rw-p 00000000 00:00 0 
7f2f28021000-7f2f2c000000 ---p 00000000 00:00 0 
7f2f30000000-7f2f30021000 rw-p 00000000 00:00 0 
7f2f30021000-7f2f34000000 ---p 00000000 00:00 0 
7f2f38000000-7f2f38021000 rw-p 00000000 00:00 0 
7f2f38021000-7f2f3c000000 ---p 00000000 00:00 0 
7f2f3fcaa000-7f2f59e55000 rw-p 00000000 00:264 40803430146               /mnt/llm/huggingface-cache/hub/models--intfloat--e5-base-v2/blobs/d0d559c47d5f71b1d280b13b62a2657f3e3bc70c0786f9ab91a36545e6a8f693
7f2f5c000000-7f2f5c021000 rw-p 00000000 00:00 0 
7f2f5c021000-7f2f60000000 ---p 00000000 00:00 0 
7f2f64000000-7f2f64021000 rw-p 00000000 00:00 0 
7f2f64021000-7f2f68000000 ---p 00000000 00:00 0 
7f2f6c000000-7f2f6c021000 rw-p 00000000 00:00 0 
7f2f6c021000-7f2f70000000 ---p 00000000 00:00 0 
7f2f74000000-7f2f74021000 rw-p 00000000 00:00 0 
7f2f74021000-7f2f78000000 ---p 00000000 00:00 0 
7f2f7c000000-7f2f7c021000 rw-p 00000000 00:00 0 
7f2f7c021000-7f2f80000000 ---p 00000000 00:00 0 
7f2f84000000-7f2f84021000 rw-p 00000000 00:00 0 
7f2f84021000-7f2f88000000 ---p 00000000 00:00 0 
7f2f8c000000-7f2f8c021000 rw-p 00000000 00:00 0 
7f2f8c021000-7f2f90000000 ---p 00000000 00:00 0 
7f2f94000000-7f2f94021000 rw-p 00000000 00:00 0 
7f2f94021000-7f2f98000000 ---p 00000000 00:00 0 
7f2f9c000000-7f2f9c021000 rw-p 00000000 00:00 0 
7f2f9c021000-7f2fa0000000 ---p 00000000 00:00 0 
7f2fa4000000-7f2fa4021000 rw-p 00000000 00:00 0 
7f2fa4021000-7f2fa8000000 ---p 00000000 00:00 0 
7f2fac000000-7f2fac448000 rw-p 00000000 00:00 0 
7f2fac448000-7f2fb0000000 ---p 00000000 00:00 0 
7f2fb4000000-7f2fb4021000 rw-p 00000000 00:00 0 
7f2fb4021000-7f2fb8000000 ---p 00000000 00:00 0 
7f2fbc000000-7f2fbc843000 rw-p 00000000 00:00 0 
7f2fbc843000-7f2fc0000000 ---p 00000000 00:00 0 
7f2fc4000000-7f2fc4021000 rw-p 00000000 00:00 0 
7f2fc4021000-7f2fc8000000 ---p 00000000 00:00 0 
7f2fcc000000-7f2fcc021000 rw-p 00000000 00:00 0 
7f2fcc021000-7f2fd0000000 ---p 00000000 00:00 0 
7f2fd4000000-7f2fd4021000 rw-p 00000000 00:00 0 
7f2fd4021000-7f2fd8000000 ---p 00000000 00:00 0 
7f2fdc000000-7f2fdc586000 rw-p 00000000 00:00 0 
7f2fdc586000-7f2fe0000000 ---p 00000000 00:00 0 
7f2fe4000000-7f2fe479b000 rw-p 00000000 00:00 0 
7f2fe479b000-7f2fe8000000 ---p 00000000 00:00 0 
7f2fec000000-7f2fec021000 rw-p 00000000 00:00 0 
7f2fec021000-7f2ff0000000 ---p 00000000 00:00 0 
7f2ff4000000-7f2ff4021000 rw-p 00000000 00:00 0 
7f2ff4021000-7f2ff8000000 ---p 00000000 00:00 0 
7f2ffc000000-7f2ffc021000 rw-p 00000000 00:00 0 
7f2ffc021000-7f3000000000 ---p 00000000 00:00 0 
7f3004000000-7f3004021000 rw-p 00000000 00:00 0 
7f3004021000-7f3008000000 ---p 00000000 00:00 0 
7f300c000000-7f300c021000 rw-p 00000000 00:00 0 
7f300c021000-7f3010000000 ---p 00000000 00:00 0 
7f3011400000-7f3013400000 rw-p 00000000 00:00 0 
7f3013600000-7f3013601000 ---p 00000000 00:00 0 
7f3013601000-7f3013e01000 rw-p 00000000 00:00 0 
7f3014000000-7f3014021000 rw-p 00000000 00:00 0 
7f3014021000-7f3018000000 ---p 00000000 00:00 0 
7f3018400000-7f3018401000 ---p 00000000 00:00 0 
7f3018401000-7f3018c01000 rw-p 00000000 00:00 0 
7f3018e00000-7f3018e01000 ---p 00000000 00:00 0 
7f3018e01000-7f3019601000 rw-p 00000000 00:00 0 
7f3019800000-7f3019801000 ---p 00000000 00:00 0 
7f3019801000-7f301a001000 rw-p 00000000 00:00 0 
7f301a200000-7f301a201000 ---p 00000000 00:00 0 
7f301a201000-7f301aa01000 rw-p 00000000 00:00 0 
7f301ac00000-7f301ac01000 ---p 00000000 00:00 0 
7f301ac01000-7f301b401000 rw-p 00000000 00:00 0 
7f301b600000-7f301b601000 ---p 00000000 00:00 0 
7f301b601000-7f301be01000 rw-p 00000000 00:00 0 
7f301c000000-7f301c021000 rw-p 00000000 00:00 0 
7f301c021000-7f3020000000 ---p 00000000 00:00 0 
7f3020400000-7f3020401000 ---p 00000000 00:00 0 
7f3020401000-7f3020c01000 rw-p 00000000 00:00 0 
7f3020e00000-7f3020e01000 ---p 00000000 00:00 0 
7f3020e01000-7f3021601000 rw-p 00000000 00:00 0 
7f3021800000-7f3021801000 ---p 00000000 00:00 0 
7f3021801000-7f3022001000 rw-p 00000000 00:00 0 
7f3022200000-7f3022201000 ---p 00000000 00:00 0 
7f3022201000-7f3022a01000 rw-p 00000000 00:00 0 
7f3022c00000-7f3022c01000 ---p 00000000 00:00 0 
7f3022c01000-7f3023401000 rw-p 00000000 00:00 0 
7f3023600000-7f3023601000 ---p 00000000 00:00 0 
7f3023601000-7f3023e01000 rw-p 00000000 00:00 0 
7f3024000000-7f3024021000 rw-p 00000000 00:00 0 
7f3024021000-7f3028000000 ---p 00000000 00:00 0 
7f3028200000-7f3028201000 ---p 00000000 00:00 0 
7f3028201000-7f3028a01000 rw-p 00000000 00:00 0 
7f3028c00000-7f3028c01000 ---p 00000000 00:00 0 
7f3028c01000-7f3029401000 rw-p 00000000 00:00 0 
7f3029600000-7f3029601000 ---p 00000000 00:00 0 
7f3029601000-7f3029801000 rw-p 00000000 00:00 0 
7f3029a00000-7f3029a01000 ---p 00000000 00:00 0 
7f3029a01000-7f3029c01000 rw-p 00000000 00:00 0 
7f3029e00000-7f3029e01000 ---p 00000000 00:00 0 
7f3029e01000-7f302a001000 rw-p 00000000 00:00 0 
7f302a200000-7f302a201000 ---p 00000000 00:00 0 
7f302a201000-7f302a401000 rw-p 00000000 00:00 0 
7f302a600000-7f302a601000 ---p 00000000 00:00 0 
7f302a601000-7f302a801000 rw-p 00000000 00:00 0 
7f302aa00000-7f302aa01000 ---p 00000000 00:00 0 
7f302aa01000-7f302ac01000 rw-p 00000000 00:00 0 
7f302ae00000-7f302ae01000 ---p 00000000 00:00 0 
7f302ae01000-7f302b001000 rw-p 00000000 00:00 0 
7f302b200000-7f302b201000 ---p 00000000 00:00 0 
7f302b201000-7f302b401000 rw-p 00000000 00:00 0 
7f302c000000-7f302c021000 rw-p 00000000 00:00 0 
7f302c021000-7f3030000000 ---p 00000000 00:00 0 
7f3030100000-7f3030400000 rw-p 00000000 00:00 0 
7f3030d00000-7f3030e00000 rw-p 00000000 00:00 0 
7f3030f00000-7f3033a00000 rw-p 00000000 00:00 0 
7f3033a00000-7f3034c00000 rw-p 00000000 00:00 0 
7f3034c00000-7f3042be0000 ---p 00000000 00:00 0 
7f3042be0000-7f3042c00000 rw-p 00000000 00:00 0 
7f3042c00000-7f3043c00000 ---p 00000000 00:00 0 
7f3043cff000-7f3043d00000 ---p 00000000 00:00 0 
7f3043d00000-7f3044e00000 rw-p 00000000 00:00 0 
7f3044e00000-7f3052de0000 ---p 00000000 00:00 0 
7f3052de0000-7f3052e00000 rw-p 00000000 00:00 0 
7f3052e00000-7f3053e00000 ---p 00000000 00:00 0 
7f3053eff000-7f3053f00000 ---p 00000000 00:00 0 
7f3053f00000-7f3054000000 rw-p 00000000 00:00 0 
7f3054000000-7f3054021000 rw-p 00000000 00:00 0 
7f3054021000-7f3058000000 ---p 00000000 00:00 0 
7f3058000000-7f3058200000 rw-p 00000000 00:00 0 
7f3058200000-7f3059dfc000 ---p 00000000 00:00 0 
7f3059dfc000-7f3059e00000 rw-p 00000000 00:00 0 
7f3059e00000-7f305a000000 ---p 00000000 00:00 0 
7f305a0ff000-7f305a100000 ---p 00000000 00:00 0 
7f305a100000-7f305a200000 rw-p 00000000 00:00 0 
7f305a200000-7f305a470000 rwxp 00000000 00:00 0 
7f305a470000-7f305a791000 ---p 00000000 00:00 0 
7f305a791000-7f305aa51000 rwxp 00000000 00:00 0 
7f305aa51000-7f3061cc8000 ---p 00000000 00:00 0 
7f3061cc8000-7f3061f38000 rwxp 00000000 00:00 0 
7f3061f38000-7f3069200000 ---p 00000000 00:00 0 
7f3069200000-7f3069800000 rw-p 00000000 00:00 0 
7f30698fa000-7f30698fb000 ---p 00000000 00:00 0 
7f30698fb000-7f30699fb000 rw-p 00000000 00:00 0 
7f30699fb000-7f30699fc000 ---p 00000000 00:00 0 
7f30699fc000-7f3069afc000 rw-p 00000000 00:00 0 
7f3069afc000-7f3069afd000 ---p 00000000 00:00 0 
7f3069afd000-7f3069bfd000 rw-p 00000000 00:00 0 
7f3069bfd000-7f3069bfe000 ---p 00000000 00:00 0 
7f3069bfe000-7f3069cfe000 rw-p 00000000 00:00 0 
7f3069ffe000-7f306a002000 ---p 00000000 00:00 0 
7f306a002000-7f306a0fe000 rw-p 00000000 00:00 0 
7f306a0fe000-7f306a0ff000 ---p 00000000 00:00 0 
7f306a0ff000-7f306a1ff000 rw-p 00000000 00:00 0 
7f306a1ff000-7f306a203000 ---p 00000000 00:00 0 
7f306a203000-7f306a2ff000 rw-p 00000000 00:00 0 
7f306a2ff000-7f306a303000 ---p 00000000 00:00 0 
7f306a303000-7f306a3ff000 rw-p 00000000 00:00 0 
7f306a3ff000-7f306a403000 ---p 00000000 00:00 0 
7f306a403000-7f306a4ff000 rw-p 00000000 00:00 0 
7f306a4ff000-7f306a503000 ---p 00000000 00:00 0 
7f306a503000-7f306a5ff000 rw-p 00000000 00:00 0 
7f306a5ff000-7f306a603000 ---p 00000000 00:00 0 
7f306a603000-7f306a6ff000 rw-p 00000000 00:00 0 
7f306a6ff000-7f306a703000 ---p 00000000 00:00 0 
7f306a703000-7f306a7ff000 rw-p 00000000 00:00 0 
7f306a7ff000-7f306a803000 ---p 00000000 00:00 0 
7f306a803000-7f306a8ff000 rw-p 00000000 00:00 0 
7f306a8ff000-7f306a900000 ---p 00000000 00:00 0 
7f306a900000-7f306b080000 rw-p 00000000 00:00 0 
7f306b080000-7f306b200000 ---p 00000000 00:00 0 
7f306b2fd000-7f306b2fe000 ---p 00000000 00:00 0 
7f306b2fe000-7f306b3fe000 rw-p 00000000 00:00 0 
7f306b3fe000-7f306b3ff000 ---p 00000000 00:00 0 
7f306b3ff000-7f306b4ff000 rw-p 00000000 00:00 0 
7f306b4ff000-7f306b500000 ---p 00000000 00:00 0 
7f306b500000-7f306b800000 rw-p 00000000 00:00 0 
7f306b800000-7f306d3fc000 ---p 00000000 00:00 0 
7f306d3fc000-7f306d400000 rw-p 00000000 00:00 0 
7f306d400000-7f306d600000 ---p 00000000 00:00 0 
7f306d6ff000-7f306d700000 ---p 00000000 00:00 0 
7f306d700000-7f306da00000 rw-p 00000000 00:00 0 
7f306da00000-7f306f5fc000 ---p 00000000 00:00 0 
7f306f5fc000-7f306f600000 rw-p 00000000 00:00 0 
7f306f600000-7f306f800000 ---p 00000000 00:00 0 
7f306f8d5000-7f306f9de000 rw-p 00000000 00:00 0 
7f306f9de000-7f306f9df000 ---p 00000000 00:00 0 
7f306f9df000-7f306fadf000 rw-p 00000000 00:00 0 
7f306fadf000-7f3078320000 r--s 00000000 08:04 1102532932                 /usr/lib/jvm/java-11-openjdk-amd64/lib/modules
7f3078320000-7f30785a3000 r--p 00000000 08:04 1102532939                 /usr/lib/jvm/java-11-openjdk-amd64/lib/server/libjvm.so
7f30785a3000-7f307924e000 r-xp 00283000 08:04 1102532939                 /usr/lib/jvm/java-11-openjdk-amd64/lib/server/libjvm.so
7f307924e000-7f30794aa000 r--p 00f2e000 08:04 1102532939                 /usr/lib/jvm/java-11-openjdk-amd64/lib/server/libjvm.so
7f30794aa000-7f307956e000 r--p 01189000 08:04 1102532939                 /usr/lib/jvm/java-11-openjdk-amd64/lib/server/libjvm.so
7f307956e000-7f30795a9000 rw-p 0124d000 08:04 1102532939                 /usr/lib/jvm/java-11-openjdk-amd64/lib/server/libjvm.so
7f30795a9000-7f30b26ab000 rw-p 00000000 00:00 0 
7f30b2700000-7f30c7400000 rw-p 00000000 00:00 0 
7f30c7400000-7f30e4a00000 rw-p 00000000 00:00 0 
7f30e4a00000-7f30f6800000 rw-p 00000000 00:00 0 
7f30f6800000-7f3105400000 rw-p 00000000 00:00 0 
7f3105400000-7f310e400000 rw-p 00000000 00:00 0 
7f310e400000-7f3115a00000 rw-p 00000000 00:00 0 
7f3115a00000-7f311a200000 rw-p 00000000 00:00 0 
7f311a200000-7f311d200000 rw-p 00000000 00:00 0 
7f311d200000-7f311e200000 rw-p 00000000 00:00 0 
7f311e200000-7f311fa00000 rw-p 00000000 00:00 0 
7f3120200000-7f31202a7000 r-xp 00000000 00:216 40842127927               /mnt/primary/conda-envs/semantic_uncertainty_export/lib/python3.11/site-packages/torchvision.libs/libcudart.41118559.so.12
7f31202a7000-7f31204a7000 ---p 000a7000 00:216 40842127927               /mnt/primary/conda-envs/semantic_uncertainty_export/lib/python3.11/site-packages/torchvision.libs/libcudart.41118559.so.12
7f31204a7000-7f31204ac000 r--p 000a7000 00:216 40842127927               /mnt/primary/conda-envs/semantic_uncertainty_export/lib/python3.11/site-packages/torchvision.libs/libcudart.41118559.so.12
7f31204ac000-7f31204ad000 rw-p 000ac000 00:216 40842127927               /mnt/primary/conda-envs/semantic_uncertainty_export/lib/python3.11/site-packages/torchvision.libs/libcudart.41118559.so.12
7f31204ad000-7f31204af000 rw-p 00000000 00:00 0 
7f3120500000-7f3120800000 rw-p 00000000 00:00 0 
7f3120800000-7f3120e5b000 r-xp 00000000 00:216 40842127926               /mnt/primary/conda-envs/semantic_uncertainty_export/lib/python3.11/site-packages/torchvision.libs/libnvjpeg.02b6d700.so.12
7f3120e5b000-7f312105b000 ---p 0065b000 00:216 40842127926               /mnt/primary/conda-envs/semantic_uncertainty_export/lib/python3.11/site-packages/torchvision.libs/libnvjpeg.02b6d700.so.12
7f312105b000-7f3121068000 r--p 0065b000 00:216 40842127926               /mnt/primary/conda-envs/semantic_uncertainty_export/lib/python3.11/site-packages/torchvision.libs/libnvjpeg.02b6d700.so.12
7f3121068000-7f3121069000 rw-p 00668000 00:216 40842127926               /mnt/primary/conda-envs/semantic_uncertainty_export/lib/python3.11/site-packages/torchvision.libs/libnvjpeg.02b6d700.so.12
7f3121069000-7f312106e000 rw-p 00000000 00:00 0 
7f312115f000-7f312145f000 rw-p 00000000 00:00 0 
7f312145f000-7f31214cb000 r--p 00000000 00:216 6459568143                /mnt/primary/conda-envs/semantic_uncertainty_export/lib/python3.11/site-packages/torchvision/_C.so
7f31214cb000-7f31215e2000 r-xp 0006c000 00:216 6459568143                /mnt/primary/conda-envs/semantic_uncertainty_export/lib/python3.11/site-packages/torchvision/_C.so
7f31215e2000-7f3121b29000 r--p 00183000 00:216 6459568143                /mnt/primary/conda-envs/semantic_uncertainty_export/lib/python3.11/site-packages/torchvision/_C.so
7f3121b29000-7f3121b2c000 r--p 006c9000 00:216 6459568143                /mnt/primary/conda-envs/semantic_uncertainty_export/lib/python3.11/site-packages/torchvision/_C.so
7f3121b2c000-7f3121b31000 rw-p 006cc000 00:216 6459568143                /mnt/primary/conda-envs/semantic_uncertainty_export/lib/python3.11/site-packages/torchvision/_C.so
7f3121b31000-7f3121b32000 rw-p 00000000 00:00 0 
7f3121b32000-7f3124a37000 r--p 00000000 00:216 146124788238              /mnt/primary/conda-envs/semantic_uncertainty_export/lib/python3.11/site-packages/triton/_C/libtriton.so
7f3124a37000-7f3128f43000 r-xp 02f04000 00:216 146124788238              /mnt/primary/conda-envs/semantic_uncertainty_export/lib/python3.11/site-packages/triton/_C/libtriton.so
7f3128f43000-7f3129163000 r--p 0740f000 00:216 146124788238              /mnt/primary/conda-envs/semantic_uncertainty_export/lib/python3.11/site-packages/triton/_C/libtriton.so
7f3129163000-7f3129182000 rw-p 0762e000 00:216 146124788238              /mnt/primary/conda-envs/semantic_uncertainty_export/lib/python3.11/site-packages/triton/_C/libtriton.so
7f3129182000-7f3129200000 rw-p 00000000 00:00 0 
7f3129200000-7f3129217000 r-xp 00000000 00:216 70925084694               /mnt/primary/conda-envs/semantic_uncertainty_export/lib/libmpc.so.3.1.0
7f3129217000-7f3129417000 ---p 00017000 00:216 70925084694               /mnt/primary/conda-envs/semantic_uncertainty_export/lib/libmpc.so.3.1.0
7f3129417000-7f3129418000 r--p 00017000 00:216 70925084694               /mnt/primary/conda-envs/semantic_uncertainty_export/lib/libmpc.so.3.1.0
7f3129418000-7f3129419000 rw-p 00018000 00:216 70925084694               /mnt/primary/conda-envs/semantic_uncertainty_export/lib/libmpc.so.3.1.0
7f31294d8000-7f31296d8000 rw-p 00000000 00:00 0 
7f31296d8000-7f3129770000 r--p 00000000 00:216 129271016470              /mnt/primary/conda-envs/semantic_uncertainty_export/lib/python3.11/site-packages/tokenizers/tokenizers.abi3.so
7f3129770000-7f3129b69000 r-xp 00098000 00:216 129271016470              /mnt/primary/conda-envs/semantic_uncertainty_export/lib/python3.11/site-packages/tokenizers/tokenizers.abi3.so
7f3129b69000-7f3129d0b000 r--p 00491000 00:216 129271016470              /mnt/primary/conda-envs/semantic_uncertainty_export/lib/python3.11/site-packages/tokenizers/tokenizers.abi3.so
7f3129d0b000-7f3129d0c000 ---p 00633000 00:216 129271016470              /mnt/primary/conda-envs/semantic_uncertainty_export/lib/python3.11/site-packages/tokenizers/tokenizers.abi3.so
7f3129d0c000-7f3129d8c000 r--p 00633000 00:216 129271016470              /mnt/primary/conda-envs/semantic_uncertainty_export/lib/python3.11/site-packages/tokenizers/tokenizers.abi3.so
7f3129d8c000-7f3129d93000 rw-p 006b3000 00:216 129271016470              /mnt/primary/conda-envs/semantic_uncertainty_export/lib/python3.11/site-packages/tokenizers/tokenizers.abi3.so
7f3129d93000-7f3129d94000 rw-p 00000000 00:00 0 
7f312ba00000-7f3139fc0000 r-xp 00000000 00:216 143899638847              /mnt/primary/conda-envs/semantic_uncertainty_export/lib/python3.11/site-packages/nvidia/nccl/lib/libnccl.so.2
7f3139fc0000-7f313a1c0000 ---p 0e5c0000 00:216 143899638847              /mnt/primary/conda-envs/semantic_uncertainty_export/lib/python3.11/site-packages/nvidia/nccl/lib/libnccl.so.2
7f313a1c0000-7f313a1c9000 r--p 0e5c0000 00:216 143899638847              /mnt/primary/conda-envs/semantic_uncertainty_export/lib/python3.11/site-packages/nvidia/nccl/lib/libnccl.so.2
7f313a1c9000-7f313a1d5000 rw-p 0e5c9000 00:216 143899638847              /mnt/primary/conda-envs/semantic_uncertainty_export/lib/python3.11/site-packages/nvidia/nccl/lib/libnccl.so.2
7f313a1d5000-7f313a1eb000 rw-p 00000000 00:00 0 
7f313a200000-7f313a400000 rw-p 00000000 00:00 0 
7f313a400000-7f3150da6000 r-xp 00000000 00:216 120298834490              /mnt/primary/conda-envs/semantic_uncertainty_export/lib/python3.11/site-packages/nvidia/cublas/lib/libcublasLt.so.12
7f3150da6000-7f3150fa6000 ---p 169a6000 00:216 120298834490              /mnt/primary/conda-envs/semantic_uncertainty_export/lib/python3.11/site-packages/nvidia/cublas/lib/libcublasLt.so.12
7f3150fa6000-7f31511da000 r--p 169a6000 00:216 120298834490              /mnt/primary/conda-envs/semantic_uncertainty_export/lib/python3.11/site-packages/nvidia/cublas/lib/libcublasLt.so.12
7f31511da000-7f3154b77000 rw-p 16bda000 00:216 120298834490              /mnt/primary/conda-envs/semantic_uncertainty_export/lib/python3.11/site-packages/nvidia/cublas/lib/libcublasLt.so.12
7f3154b77000-7f315835c000 rw-p 00000000 00:00 0 
7f3158400000-7f3158600000 rw-p 00000000 00:00 0 
7f3158600000-7f315ee74000 r-xp 00000000 00:216 120298834489              /mnt/primary/conda-envs/semantic_uncertainty_export/lib/python3.11/site-packages/nvidia/cublas/lib/libcublas.so.12
7f315ee74000-7f315f074000 ---p 06874000 00:216 120298834489              /mnt/primary/conda-envs/semantic_uncertainty_export/lib/python3.11/site-packages/nvidia/cublas/lib/libcublas.so.12
7f315f074000-7f315f080000 r--p 06874000 00:216 120298834489              /mnt/primary/conda-envs/semantic_uncertainty_export/lib/python3.11/site-packages/nvidia/cublas/lib/libcublas.so.12
7f315f080000-7f315f087000 rw-p 06880000 00:216 120298834489              /mnt/primary/conda-envs/semantic_uncertainty_export/lib/python3.11/site-packages/nvidia/cublas/lib/libcublas.so.12
7f315f087000-7f315f092000 rw-p 00000000 00:00 0 
7f315f100000-7f315f400000 rw-p 00000000 00:00 0 
7f315f400000-7f3163bdc000 r-xp 00000000 00:216 169745903141              /mnt/primary/conda-envs/semantic_uncertainty_export/lib/python3.11/site-packages/nvidia/curand/lib/libcurand.so.10
7f3163bdc000-7f3163ddc000 ---p 047dc000 00:216 169745903141              /mnt/primary/conda-envs/semantic_uncertainty_export/lib/python3.11/site-packages/nvidia/curand/lib/libcurand.so.10
7f3163ddc000-7f3163de2000 r--p 047dc000 00:216 169745903141              /mnt/primary/conda-envs/semantic_uncertainty_export/lib/python3.11/site-packages/nvidia/curand/lib/libcurand.so.10
7f3163de2000-7f316520e000 rw-p 047e2000 00:216 169745903141              /mnt/primary/conda-envs/semantic_uncertainty_export/lib/python3.11/site-packages/nvidia/curand/lib/libcurand.so.10
7f316520e000-7f3165846000 rw-p 00000000 00:00 0 
7f3165900000-7f3165c00000 rw-p 00000000 00:00 0 
7f3165c00000-7f3172435000 r-xp 00000000 00:216 70896496682               /mnt/primary/conda-envs/semantic_uncertainty_export/lib/python3.11/site-packages/cusparselt/lib/libcusparseLt.so.0
7f3172435000-7f3172635000 ---p 0c835000 00:216 70896496682               /mnt/primary/conda-envs/semantic_uncertainty_export/lib/python3.11/site-packages/cusparselt/lib/libcusparseLt.so.0
7f3172635000-7f3172657000 r--p 0c835000 00:216 70896496682               /mnt/primary/conda-envs/semantic_uncertainty_export/lib/python3.11/site-packages/cusparselt/lib/libcusparseLt.so.0
7f3172657000-7f317265d000 rw-p 0c857000 00:216 70896496682               /mnt/primary/conda-envs/semantic_uncertainty_export/lib/python3.11/site-packages/cusparselt/lib/libcusparseLt.so.0
7f317265d000-7f317284e000 rw-p 00000000 00:00 0 
7f317284e000-7f3172ab1000 rw-p 0c85e000 00:216 70896496682               /mnt/primary/conda-envs/semantic_uncertainty_export/lib/python3.11/site-packages/cusparselt/lib/libcusparseLt.so.0
7f3172b00000-7f3172e00000 rw-p 00000000 00:00 0 
7f3172e00000-7f31737b1000 r-xp 00000000 00:216 17729992762               /mnt/primary/conda-envs/semantic_uncertainty_export/lib/python3.11/site-packages/nvidia/cufft/lib/libcufft.so.11
7f31737b1000-7f31739b0000 ---p 009b1000 00:216 17729992762               /mnt/primary/conda-envs/semantic_uncertainty_export/lib/python3.11/site-packages/nvidia/cufft/lib/libcufft.so.11
7f31739b0000-7f31739bd000 r--p 009b0000 00:216 17729992762               /mnt/primary/conda-envs/semantic_uncertainty_export/lib/python3.11/site-packages/nvidia/cufft/lib/libcufft.so.11
7f31739bd000-7f3184752000 rw-p 009bd000 00:216 17729992762               /mnt/primary/conda-envs/semantic_uncertainty_export/lib/python3.11/site-packages/nvidia/cufft/lib/libcufft.so.11
7f3184752000-7f31849fd000 rw-p 00000000 00:00 0 
7f3184a00000-7f3184c00000 rw-p 00000000 00:00 0 
7f3184c00000-7f3195819000 r-xp 00000000 00:216 143899615269              /mnt/primary/conda-envs/semantic_uncertainty_export/lib/python3.11/site-packages/nvidia/cusparse/lib/libcusparse.so.12
7f3195819000-7f3195a19000 ---p 10c19000 00:216 143899615269              /mnt/primary/conda-envs/semantic_uncertainty_export/lib/python3.11/site-packages/nvidia/cusparse/lib/libcusparse.so.12
7f3195a19000-7f3195a28000 r--p 10c19000 00:216 143899615269              /mnt/primary/conda-envs/semantic_uncertainty_export/lib/python3.11/site-packages/nvidia/cusparse/lib/libcusparse.so.12
7f3195a28000-7f3195a44000 rw-p 10c28000 00:216 143899615269              /mnt/primary/conda-envs/semantic_uncertainty_export/lib/python3.11/site-packages/nvidia/cusparse/lib/libcusparse.so.12
7f3195a44000-7f3195a49000 rw-p 00000000 00:00 0 
7f3195a49000-7f3195a4e000 rw-p 10c44000 00:216 143899615269              /mnt/primary/conda-envs/semantic_uncertainty_export/lib/python3.11/site-packages/nvidia/cusparse/lib/libcusparse.so.12
7f3195b00000-7f3195e00000 rw-p 00000000 00:00 0 
7f3195e00000-7f319647e000 r-xp 00000000 00:216 96637973519               /mnt/primary/conda-envs/semantic_uncertainty_export/lib/python3.11/site-packages/nvidia/cuda_cupti/lib/libcupti.so.12
7f319647e000-7f319667d000 ---p 0067e000 00:216 96637973519               /mnt/primary/conda-envs/semantic_uncertainty_export/lib/python3.11/site-packages/nvidia/cuda_cupti/lib/libcupti.so.12
7f319667d000-7f31966cc000 r--p 0067d000 00:216 96637973519               /mnt/primary/conda-envs/semantic_uncertainty_export/lib/python3.11/site-packages/nvidia/cuda_cupti/lib/libcupti.so.12
7f31966cc000-7f3196764000 rw-p 006cc000 00:216 96637973519               /mnt/primary/conda-envs/semantic_uncertainty_export/lib/python3.11/site-packages/nvidia/cuda_cupti/lib/libcupti.so.12
7f3196764000-7f319679d000 rw-p 00000000 00:00 0 
7f3196800000-7f3196a00000 rw-p 00000000 00:00 0 
7f3196a00000-7f3196a18000 r-xp 00000000 00:216 167873169951              /mnt/primary/conda-envs/semantic_uncertainty_export/lib/python3.11/site-packages/nvidia/cudnn/lib/libcudnn.so.9
7f3196a18000-7f3196c18000 ---p 00018000 00:216 167873169951              /mnt/primary/conda-envs/semantic_uncertainty_export/lib/python3.11/site-packages/nvidia/cudnn/lib/libcudnn.so.9
7f3196c18000-7f3196c19000 r--p 00018000 00:216 167873169951              /mnt/primary/conda-envs/semantic_uncertainty_export/lib/python3.11/site-packages/nvidia/cudnn/lib/libcudnn.so.9
7f3196c19000-7f3196c1a000 rw-p 00019000 00:216 167873169951              /mnt/primary/conda-envs/semantic_uncertainty_export/lib/python3.11/site-packages/nvidia/cudnn/lib/libcudnn.so.9
7f3196c1d000-7f3196e1d000 rw-p 00000000 00:00 0 
7f3196e1d000-7f3197c15000 r--p 00000000 00:216 97122185266               /mnt/primary/conda-envs/semantic_uncertainty_export/lib/python3.11/site-packages/torch/lib/libtorch_cuda.so
7f3197c15000-7f319a9ec000 r-xp 00df8000 00:216 97122185266               /mnt/primary/conda-envs/semantic_uncertainty_export/lib/python3.11/site-packages/torch/lib/libtorch_cuda.so
7f319a9ec000-7f31ca703000 r--p 03bcf000 00:216 97122185266               /mnt/primary/conda-envs/semantic_uncertainty_export/lib/python3.11/site-packages/torch/lib/libtorch_cuda.so
7f31ca703000-7f31ca773000 r--p 338e5000 00:216 97122185266               /mnt/primary/conda-envs/semantic_uncertainty_export/lib/python3.11/site-packages/torch/lib/libtorch_cuda.so
7f31ca773000-7f31ca796000 rw-p 33955000 00:216 97122185266               /mnt/primary/conda-envs/semantic_uncertainty_export/lib/python3.11/site-packages/torch/lib/libtorch_cuda.so
7f31ca796000-7f31cb4a9000 rw-p 00000000 00:00 0 
7f31cb4a9000-7f31cbfc5000 rw-p 351bb000 00:216 97122185266               /mnt/primary/conda-envs/semantic_uncertainty_export/lib/python3.11/site-packages/torch/lib/libtorch_cuda.so
7f31cbfc5000-7f31ccfa1000 r--p 00000000 00:216 97122185265               /mnt/primary/conda-envs/semantic_uncertainty_export/lib/python3.11/site-packages/torch/lib/libtorch_cpu.so
7f31ccfa1000-7f31dd706000 r-xp 00fdc000 00:216 97122185265               /mnt/primary/conda-envs/semantic_uncertainty_export/lib/python3.11/site-packages/torch/lib/libtorch_cpu.so
7f31dd706000-7f31e0088000 r--p 11741000 00:216 97122185265               /mnt/primary/conda-envs/semantic_uncertainty_export/lib/python3.11/site-packages/torch/lib/libtorch_cpu.so
7f31e0088000-7f31e0089000 ---p 140c3000 00:216 97122185265               /mnt/primary/conda-envs/semantic_uncertainty_export/lib/python3.11/site-packages/torch/lib/libtorch_cpu.so
7f31e0089000-7f31e02e1000 r--p 140c3000 00:216 97122185265               /mnt/primary/conda-envs/semantic_uncertainty_export/lib/python3.11/site-packages/torch/lib/libtorch_cpu.so
7f31e02e1000-7f31e039e000 rw-p 1431b000 00:216 97122185265               /mnt/primary/conda-envs/semantic_uncertainty_export/lib/python3.11/site-packages/torch/lib/libtorch_cpu.so
7f31e039e000-7f31e0445000 rw-p 00000000 00:00 0 
7f31e0445000-7f31e1081000 rw-p 19928000 00:216 97122185265               /mnt/primary/conda-envs/semantic_uncertainty_export/lib/python3.11/site-packages/torch/lib/libtorch_cpu.so
7f31e1081000-7f31e131a000 r--p 00000000 00:216 97122185269               /mnt/primary/conda-envs/semantic_uncertainty_export/lib/python3.11/site-packages/torch/lib/libtorch_python.so
7f31e131a000-7f31e1fbf000 r-xp 00299000 00:216 97122185269               /mnt/primary/conda-envs/semantic_uncertainty_export/lib/python3.11/site-packages/torch/lib/libtorch_python.so
7f31e1fbf000-7f31e23a2000 r--p 00f3e000 00:216 97122185269               /mnt/primary/conda-envs/semantic_uncertainty_export/lib/python3.11/site-packages/torch/lib/libtorch_python.so
7f31e23a2000-7f31e23a3000 ---p 01321000 00:216 97122185269               /mnt/primary/conda-envs/semantic_uncertainty_export/lib/python3.11/site-packages/torch/lib/libtorch_python.so
7f31e23a3000-7f31e23c4000 r--p 01321000 00:216 97122185269               /mnt/primary/conda-envs/semantic_uncertainty_export/lib/python3.11/site-packages/torch/lib/libtorch_python.so
7f31e23c4000-7f31e2425000 rw-p 01342000 00:216 97122185269               /mnt/primary/conda-envs/semantic_uncertainty_export/lib/python3.11/site-packages/torch/lib/libtorch_python.so
7f31e2425000-7f31e248e000 rw-p 00000000 00:00 0 
7f31e248e000-7f31e2600000 rw-p 01ac0000 00:216 97122185269               /mnt/primary/conda-envs/semantic_uncertainty_export/lib/python3.11/site-packages/torch/lib/libtorch_python.so
7f31e2600000-7f31e52dd000 r-xp 00000000 00:216 120298834486              /mnt/primary/conda-envs/semantic_uncertainty_export/lib/python3.11/site-packages/nvidia/nvjitlink/lib/libnvJitLink.so.12
7f31e52dd000-7f31e54dd000 ---p 02cdd000 00:216 120298834486              /mnt/primary/conda-envs/semantic_uncertainty_export/lib/python3.11/site-packages/nvidia/nvjitlink/lib/libnvJitLink.so.12
7f31e54dd000-7f31e5aaa000 r--p 02cdd000 00:216 120298834486              /mnt/primary/conda-envs/semantic_uncertainty_export/lib/python3.11/site-packages/nvidia/nvjitlink/lib/libnvJitLink.so.12
7f31e5aaa000-7f31e5b1d000 rw-p 032aa000 00:216 120298834486              /mnt/primary/conda-envs/semantic_uncertainty_export/lib/python3.11/site-packages/nvidia/nvjitlink/lib/libnvJitLink.so.12
7f31e5b1d000-7f31e5b93000 rw-p 00000000 00:00 0 
7f31e5c00000-7f31e5e00000 rw-p 00000000 00:00 0 
7f31e5e00000-7f31e9098000 r-xp 00000000 00:216 68748723239               /mnt/primary/conda-envs/semantic_uncertainty_export/lib/python3.11/site-packages/nvidia/cuda_nvrtc/lib/libnvrtc.so.12
7f31e9098000-7f31e9298000 ---p 03298000 00:216 68748723239               /mnt/primary/conda-envs/semantic_uncertainty_export/lib/python3.11/site-packages/nvidia/cuda_nvrtc/lib/libnvrtc.so.12
7f31e9298000-7f31e98b7000 r--p 03298000 00:216 68748723239               /mnt/primary/conda-envs/semantic_uncertainty_export/lib/python3.11/site-packages/nvidia/cuda_nvrtc/lib/libnvrtc.so.12
7f31e98b7000-7f31e999c000 rw-p 038b7000 00:216 68748723239               /mnt/primary/conda-envs/semantic_uncertainty_export/lib/python3.11/site-packages/nvidia/cuda_nvrtc/lib/libnvrtc.so.12
7f31e999c000-7f31e9a9b000 rw-p 00000000 00:00 0 
7f31e9a9b000-7f31e9a9d000 rw-p 0399d000 00:216 68748723239               /mnt/primary/conda-envs/semantic_uncertainty_export/lib/python3.11/site-packages/nvidia/cuda_nvrtc/lib/libnvrtc.so.12
7f31e9b00000-7f31e9e00000 rw-p 00000000 00:00 0 
7f31e9e00000-7f31e9e25000 r-xp 00000000 00:216 97122185270               /mnt/primary/conda-envs/semantic_uncertainty_export/lib/python3.11/site-packages/torch/lib/libgomp-a34b3233.so.1
7f31e9e25000-7f31ea024000 ---p 00025000 00:216 97122185270               /mnt/primary/conda-envs/semantic_uncertainty_export/lib/python3.11/site-packages/torch/lib/libgomp-a34b3233.so.1
7f31ea024000-7f31ea025000 r--p 00024000 00:216 97122185270               /mnt/primary/conda-envs/semantic_uncertainty_export/lib/python3.11/site-packages/torch/lib/libgomp-a34b3233.so.1
7f31ea025000-7f31ea02a000 rw-p 00025000 00:216 97122185270               /mnt/primary/conda-envs/semantic_uncertainty_export/lib/python3.11/site-packages/torch/lib/libgomp-a34b3233.so.1
7f31ea100000-7f31ea400000 rw-p 00000000 00:00 0 
7f31ea400000-7f31ea4a7000 r-xp 00000000 00:216 45447825420               /mnt/primary/conda-envs/semantic_uncertainty_export/lib/python3.11/site-packages/nvidia/cuda_runtime/lib/libcudart.so.12
7f31ea4a7000-7f31ea6a7000 ---p 000a7000 00:216 45447825420               /mnt/primary/conda-envs/semantic_uncertainty_export/lib/python3.11/site-packages/nvidia/cuda_runtime/lib/libcudart.so.12
7f31ea6a7000-7f31ea6ac000 r--p 000a7000 00:216 45447825420               /mnt/primary/conda-envs/semantic_uncertainty_export/lib/python3.11/site-packages/nvidia/cuda_runtime/lib/libcudart.so.12
7f31ea6ac000-7f31ea6ad000 rw-p 000ac000 00:216 45447825420               /mnt/primary/conda-envs/semantic_uncertainty_export/lib/python3.11/site-packages/nvidia/cuda_runtime/lib/libcudart.so.12
7f31ea6ad000-7f31ea6af000 rw-p 00000000 00:00 0 
7f31ea700000-7f31eaa00000 rw-p 00000000 00:00 0 
7f31eaa00000-7f31eaa25000 r-xp 00000000 00:216 135369460281              /mnt/primary/conda-envs/semantic_uncertainty_export/lib/python3.11/site-packages/scikit_learn.libs/libgomp-a34b3233.so.1.0.0
7f31eaa25000-7f31eac24000 ---p 00025000 00:216 135369460281              /mnt/primary/conda-envs/semantic_uncertainty_export/lib/python3.11/site-packages/scikit_learn.libs/libgomp-a34b3233.so.1.0.0
7f31eac24000-7f31eac25000 r--p 00024000 00:216 135369460281              /mnt/primary/conda-envs/semantic_uncertainty_export/lib/python3.11/site-packages/scikit_learn.libs/libgomp-a34b3233.so.1.0.0
7f31eac25000-7f31eac2a000 rw-p 00025000 00:216 135369460281              /mnt/primary/conda-envs/semantic_uncertainty_export/lib/python3.11/site-packages/scikit_learn.libs/libgomp-a34b3233.so.1.0.0
7f31ead00000-7f31eb000000 rw-p 00000000 00:00 0 
7f31eb000000-7f31ed000000 rw-p 00000000 00:00 0 
7f31ed000000-7f31ed200000 rw-p 00000000 00:00 0 
7f31ed200000-7f31ef200000 rw-p 00000000 00:00 0 
7f31ef200000-7f31ef400000 rw-p 00000000 00:00 0 
7f31ef400000-7f31ef401000 ---p 00000000 00:00 0 
7f31ef401000-7f31efc01000 rw-p 00000000 00:00 0 
7f31efd00000-7f31efe00000 rw-p 00000000 00:00 0 
7f31efe00000-7f31f1e00000 rw-p 00000000 00:00 0 
7f31f1e00000-7f31f2000000 rw-p 00000000 00:00 0 
7f31f2000000-7f31f2001000 ---p 00000000 00:00 0 
7f31f2001000-7f31f2801000 rw-p 00000000 00:00 0 
7f31f2900000-7f31f2a00000 rw-p 00000000 00:00 0 
7f31f2a00000-7f31f4a00000 rw-p 00000000 00:00 0 
7f31f4a00000-7f31f4c00000 rw-p 00000000 00:00 0 
7f31f4c00000-7f31f4c01000 ---p 00000000 00:00 0 
7f31f4c01000-7f31f5401000 rw-p 00000000 00:00 0 
7f31f5500000-7f31f5600000 rw-p 00000000 00:00 0 
7f31f5600000-7f31f7600000 rw-p 00000000 00:00 0 
7f31f7600000-7f31f7800000 rw-p 00000000 00:00 0 
7f31f7800000-7f31f7801000 ---p 00000000 00:00 0 
7f31f7801000-7f31f8001000 rw-p 00000000 00:00 0 
7f31f8100000-7f31f8200000 rw-p 00000000 00:00 0 
7f31f8200000-7f31fa200000 rw-p 00000000 00:00 0 
7f31fa200000-7f31fa400000 rw-p 00000000 00:00 0 
7f31fa400000-7f31fa401000 ---p 00000000 00:00 0 
7f31fa401000-7f31fac01000 rw-p 00000000 00:00 0 
7f31fad00000-7f31fae00000 rw-p 00000000 00:00 0 
7f31fae00000-7f31fce00000 rw-p 00000000 00:00 0 
7f31fce00000-7f31fd000000 rw-p 00000000 00:00 0 
7f31fd000000-7f31fd001000 ---p 00000000 00:00 0 
7f31fd001000-7f31fd801000 rw-p 00000000 00:00 0 
7f31fd900000-7f31fda00000 rw-p 00000000 00:00 0 
7f31fda00000-7f31ffa00000 rw-p 00000000 00:00 0 
7f31ffa00000-7f31ffc00000 rw-p 00000000 00:00 0 
7f31ffc00000-7f31ffc01000 ---p 00000000 00:00 0 
7f31ffc01000-7f3200401000 rw-p 00000000 00:00 0 
7f3200500000-7f3200600000 rw-p 00000000 00:00 0 
7f3200600000-7f3202600000 rw-p 00000000 00:00 0 
7f3202600000-7f3202800000 rw-p 00000000 00:00 0 
7f3202800000-7f3202801000 ---p 00000000 00:00 0 
7f3202801000-7f3203001000 rw-p 00000000 00:00 0 
7f3203100000-7f3203200000 rw-p 00000000 00:00 0 
7f3203200000-7f3205200000 rw-p 00000000 00:00 0 
7f3205200000-7f3205400000 rw-p 00000000 00:00 0 
7f3205400000-7f3205401000 ---p 00000000 00:00 0 
7f3205401000-7f3205c01000 rw-p 00000000 00:00 0 
7f3205d00000-7f3205e00000 rw-p 00000000 00:00 0 
7f3205e00000-7f3207e00000 rw-p 00000000 00:00 0 
7f3207e00000-7f3208000000 rw-p 00000000 00:00 0 
7f3208000000-7f320a000000 rw-p 00000000 00:00 0 
7f320a000000-7f320a200000 rw-p 00000000 00:00 0 
7f320a200000-7f320a201000 ---p 00000000 00:00 0 
7f320a201000-7f320aa01000 rw-p 00000000 00:00 0 
7f320ab00000-7f320ac00000 rw-p 00000000 00:00 0 
7f320ac00000-7f320ac01000 ---p 00000000 00:00 0 
7f320ac01000-7f320b401000 rw-p 00000000 00:00 0 
7f320b500000-7f320b600000 rw-p 00000000 00:00 0 
7f320b600000-7f320d600000 rw-p 00000000 00:00 0 
7f320d600000-7f320d800000 rw-p 00000000 00:00 0 
7f320d800000-7f320d801000 ---p 00000000 00:00 0 
7f320d801000-7f320e001000 rw-p 00000000 00:00 0 
7f320e100000-7f320e200000 rw-p 00000000 00:00 0 
7f320e200000-7f3210200000 rw-p 00000000 00:00 0 
7f3210200000-7f3210400000 rw-p 00000000 00:00 0 
7f3210400000-7f3210401000 ---p 00000000 00:00 0 
7f3210401000-7f3210c01000 rw-p 00000000 00:00 0 
7f3210d00000-7f3210e00000 rw-p 00000000 00:00 0 
7f3210e00000-7f3212e00000 rw-p 00000000 00:00 0 
7f3212e00000-7f3213000000 rw-p 00000000 00:00 0 
7f3213000000-7f3213001000 ---p 00000000 00:00 0 
7f3213001000-7f3213801000 rw-p 00000000 00:00 0 
7f3213900000-7f3213a00000 rw-p 00000000 00:00 0 
7f3213a00000-7f3215a00000 rw-p 00000000 00:00 0 
7f3215a00000-7f3215c00000 rw-p 00000000 00:00 0 
7f3215c00000-7f3215c01000 ---p 00000000 00:00 0 
7f3215c01000-7f3216401000 rw-p 00000000 00:00 0 
7f3216500000-7f3216600000 rw-p 00000000 00:00 0 
7f3216600000-7f3218600000 rw-p 00000000 00:00 0 
7f3218600000-7f3218800000 rw-p 00000000 00:00 0 
7f3218800000-7f321a800000 rw-p 00000000 00:00 0 
7f321a800000-7f321aa00000 rw-p 00000000 00:00 0 
7f321aa00000-7f321aa01000 ---p 00000000 00:00 0 
7f321aa01000-7f321b201000 rw-p 00000000 00:00 0 
7f321b300000-7f321b400000 rw-p 00000000 00:00 0 
7f321b400000-7f321b401000 ---p 00000000 00:00 0 
7f321b401000-7f321bc01000 rw-p 00000000 00:00 0 
7f321bd00000-7f321be00000 rw-p 00000000 00:00 0 
7f321be00000-7f321de00000 rw-p 00000000 00:00 0 
7f321de00000-7f321e000000 rw-p 00000000 00:00 0 
7f321e000000-7f321e001000 ---p 00000000 00:00 0 
7f321e001000-7f321e801000 rw-p 00000000 00:00 0 
7f321e900000-7f321ea00000 rw-p 00000000 00:00 0 
7f321ea00000-7f3220a00000 rw-p 00000000 00:00 0 
7f3220a00000-7f3220c00000 rw-p 00000000 00:00 0 
7f3220c00000-7f3220c01000 ---p 00000000 00:00 0 
7f3220c01000-7f3221401000 rw-p 00000000 00:00 0 
7f3221500000-7f3221600000 rw-p 00000000 00:00 0 
7f3221600000-7f3223600000 rw-p 00000000 00:00 0 
7f3223600000-7f3223800000 rw-p 00000000 00:00 0 
7f3223800000-7f3225800000 rw-p 00000000 00:00 0 
7f3225800000-7f3225a00000 rw-p 00000000 00:00 0 
7f3225a00000-7f3225a01000 ---p 00000000 00:00 0 
7f3225a01000-7f3226201000 rw-p 00000000 00:00 0 
7f3226300000-7f3226400000 rw-p 00000000 00:00 0 
7f3226400000-7f3226401000 ---p 00000000 00:00 0 
7f3226401000-7f3226c01000 rw-p 00000000 00:00 0 
7f3226d00000-7f3226e00000 rw-p 00000000 00:00 0 
7f3226e00000-7f3228e00000 rw-p 00000000 00:00 0 
7f3228e00000-7f3229000000 rw-p 00000000 00:00 0 
7f3229000000-7f3229001000 ---p 00000000 00:00 0 
7f3229001000-7f3229801000 rw-p 00000000 00:00 0 
7f3229900000-7f3229a00000 rw-p 00000000 00:00 0 
7f3229a00000-7f322ba00000 rw-p 00000000 00:00 0 
7f322ba00000-7f322bc00000 rw-p 00000000 00:00 0 
7f322bc00000-7f322dc00000 rw-p 00000000 00:00 0 
7f322dc00000-7f322de00000 rw-p 00000000 00:00 0 
7f322de00000-7f322de01000 ---p 00000000 00:00 0 
7f322de01000-7f322e601000 rw-p 00000000 00:00 0 
7f322e700000-7f322e800000 rw-p 00000000 00:00 0 
7f322e800000-7f3230800000 rw-p 00000000 00:00 0 
7f3230800000-7f3230a00000 rw-p 00000000 00:00 0 
7f3230a00000-7f3230a01000 ---p 00000000 00:00 0 
7f3230a01000-7f3231201000 rw-p 00000000 00:00 0 
7f3231300000-7f3231400000 rw-p 00000000 00:00 0 
7f3231400000-7f3233400000 rw-p 00000000 00:00 0 
7f3233400000-7f3233600000 rw-p 00000000 00:00 0 
7f3233600000-7f3233601000 ---p 00000000 00:00 0 
7f3233601000-7f3233e01000 rw-p 00000000 00:00 0 
7f3233f00000-7f3234000000 rw-p 00000000 00:00 0 
7f3234000000-7f3234001000 ---p 00000000 00:00 0 
7f3234001000-7f3234801000 rw-p 00000000 00:00 0 
7f3234900000-7f3234a00000 rw-p 00000000 00:00 0 
7f3234a00000-7f3236a00000 rw-p 00000000 00:00 0 
7f3236a00000-7f3236c00000 rw-p 00000000 00:00 0 
7f3236c00000-7f3236c01000 ---p 00000000 00:00 0 
7f3236c01000-7f3237401000 rw-p 00000000 00:00 0 
7f3237500000-7f3237600000 rw-p 00000000 00:00 0 
7f3237600000-7f3239600000 rw-p 00000000 00:00 0 
7f3239600000-7f3239800000 rw-p 00000000 00:00 0 
7f3239800000-7f323b800000 rw-p 00000000 00:00 0 
7f323b800000-7f323ba00000 rw-p 00000000 00:00 0 
7f323ba00000-7f323ba01000 ---p 00000000 00:00 0 
7f323ba01000-7f323c201000 rw-p 00000000 00:00 0 
7f323c300000-7f323c400000 rw-p 00000000 00:00 0 
7f323c400000-7f323c401000 ---p 00000000 00:00 0 
7f323c401000-7f323cc01000 rw-p 00000000 00:00 0 
7f323cd00000-7f323ce00000 rw-p 00000000 00:00 0 
7f323ce00000-7f323ee00000 rw-p 00000000 00:00 0 
7f323ee00000-7f323f000000 rw-p 00000000 00:00 0 
7f323f000000-7f323f001000 ---p 00000000 00:00 0 
7f323f001000-7f323f801000 rw-p 00000000 00:00 0 
7f323f900000-7f323fa00000 rw-p 00000000 00:00 0 
7f323fa00000-7f323fa01000 ---p 00000000 00:00 0 
7f323fa01000-7f3240201000 rw-p 00000000 00:00 0 
7f3240283000-7f3240383000 rw-p 00000000 00:00 0 
7f3240383000-7f324047d000 r--p 00000000 00:216 64698545190               /mnt/primary/conda-envs/semantic_uncertainty_export/lib/python3.11/site-packages/scipy.libs/libopenblasp-r0-23e5df77.3.21.dev.so
7f324047d000-7f3240485000 r-xp 000fa000 00:216 64698545190               /mnt/primary/conda-envs/semantic_uncertainty_export/lib/python3.11/site-packages/scipy.libs/libopenblasp-r0-23e5df77.3.21.dev.so
7f3240485000-7f324048b000 ---p 00102000 00:216 64698545190               /mnt/primary/conda-envs/semantic_uncertainty_export/lib/python3.11/site-packages/scipy.libs/libopenblasp-r0-23e5df77.3.21.dev.so
7f324048b000-7f3241f43000 r-xp 00108000 00:216 64698545190               /mnt/primary/conda-envs/semantic_uncertainty_export/lib/python3.11/site-packages/scipy.libs/libopenblasp-r0-23e5df77.3.21.dev.so
7f3241f43000-7f324213d000 r--p 01bc0000 00:216 64698545190               /mnt/primary/conda-envs/semantic_uncertainty_export/lib/python3.11/site-packages/scipy.libs/libopenblasp-r0-23e5df77.3.21.dev.so
7f324213d000-7f324213e000 ---p 01dba000 00:216 64698545190               /mnt/primary/conda-envs/semantic_uncertainty_export/lib/python3.11/site-packages/scipy.libs/libopenblasp-r0-23e5df77.3.21.dev.so
7f324213e000-7f3242144000 r--p 01dba000 00:216 64698545190               /mnt/primary/conda-envs/semantic_uncertainty_export/lib/python3.11/site-packages/scipy.libs/libopenblasp-r0-23e5df77.3.21.dev.so
7f3242144000-7f3242158000 rw-p 01dc0000 00:216 64698545190               /mnt/primary/conda-envs/semantic_uncertainty_export/lib/python3.11/site-packages/scipy.libs/libopenblasp-r0-23e5df77.3.21.dev.so
7f3242158000-7f3242165000 rw-p 00000000 00:00 0 
7f3242165000-7f3242200000 rw-p 01ed4000 00:216 64698545190               /mnt/primary/conda-envs/semantic_uncertainty_export/lib/python3.11/site-packages/scipy.libs/libopenblasp-r0-23e5df77.3.21.dev.so
7f3242200000-7f3242201000 ---p 00000000 00:00 0 
7f3242201000-7f3242a01000 rw-p 00000000 00:00 0 
7f3242b00000-7f3242c00000 rw-p 00000000 00:00 0 
7f3242c00000-7f3242c01000 ---p 00000000 00:00 0 
7f3242c01000-7f3243401000 rw-p 00000000 00:00 0 
7f3243500000-7f3243600000 rw-p 00000000 00:00 0 
7f3243600000-7f3243601000 ---p 00000000 00:00 0 
7f3243601000-7f3243e01000 rw-p 00000000 00:00 0 
7f3243f00000-7f3244000000 rw-p 00000000 00:00 0 
7f3244000000-7f3244021000 rw-p 00000000 00:00 0 
7f3244021000-7f3248000000 ---p 00000000 00:00 0 
7f3248000000-7f3248600000 rw-p 00000000 00:00 0 
7f3248600000-7f3248a00000 rw-p 00000000 00:00 0 
7f3248a00000-7f3248a01000 ---p 00000000 00:00 0 
7f3248a01000-7f3249201000 rw-p 00000000 00:00 0 
7f3249300000-7f3249400000 rw-p 00000000 00:00 0 
7f3249400000-7f3249401000 ---p 00000000 00:00 0 
7f3249401000-7f3249c01000 rw-p 00000000 00:00 0 
7f3249d00000-7f3249e00000 rw-p 00000000 00:00 0 
7f3249e00000-7f3249e01000 ---p 00000000 00:00 0 
7f3249e01000-7f324a601000 rw-p 00000000 00:00 0 
7f324a700000-7f324a800000 rw-p 00000000 00:00 0 
7f324a800000-7f324a801000 ---p 00000000 00:00 0 
7f324a801000-7f324b001000 rw-p 00000000 00:00 0 
7f324b100000-7f324b200000 rw-p 00000000 00:00 0 
7f324b200000-7f324b201000 ---p 00000000 00:00 0 
7f324b201000-7f324ba01000 rw-p 00000000 00:00 0 
7f324bb00000-7f324bc00000 rw-p 00000000 00:00 0 
7f324bc00000-7f324bc01000 ---p 00000000 00:00 0 
7f324bc01000-7f324c401000 rw-p 00000000 00:00 0 
7f324c431000-7f324c531000 rw-p 00000000 00:00 0 
7f324c531000-7f324c9df000 r--p 00000000 00:216 169691131401              /mnt/primary/conda-envs/semantic_uncertainty_export/lib/python3.11/site-packages/pyarrow/libarrow.so.2000
7f324c9df000-7f324ed95000 r-xp 004ae000 00:216 169691131401              /mnt/primary/conda-envs/semantic_uncertainty_export/lib/python3.11/site-packages/pyarrow/libarrow.so.2000
7f324ed95000-7f324f652000 r--p 02864000 00:216 169691131401              /mnt/primary/conda-envs/semantic_uncertainty_export/lib/python3.11/site-packages/pyarrow/libarrow.so.2000
7f324f652000-7f324f743000 r--p 03120000 00:216 169691131401              /mnt/primary/conda-envs/semantic_uncertainty_export/lib/python3.11/site-packages/pyarrow/libarrow.so.2000
7f324f743000-7f324f776000 rw-p 03211000 00:216 169691131401              /mnt/primary/conda-envs/semantic_uncertainty_export/lib/python3.11/site-packages/pyarrow/libarrow.so.2000
7f324f776000-7f324fa00000 rw-p 00000000 00:00 0 
7f324fa00000-7f3251a00000 rw-p 00000000 00:00 0 
7f3251a00000-7f3251c00000 rw-p 00000000 00:00 0 
7f3251c00000-7f3253c00000 rw-p 00000000 00:00 0 
7f3253c00000-7f3253e00000 rw-p 00000000 00:00 0 
7f3253e00000-7f3253e01000 ---p 00000000 00:00 0 
7f3253e01000-7f3254601000 rw-p 00000000 00:00 0 
7f3254700000-7f3254800000 rw-p 00000000 00:00 0 
7f3254800000-7f3256800000 rw-p 00000000 00:00 0 
7f3256800000-7f3256a00000 rw-p 00000000 00:00 0 
7f3256a00000-7f3256a01000 ---p 00000000 00:00 0 
7f3256a01000-7f3257201000 rw-p 00000000 00:00 0 
7f3257300000-7f3257400000 rw-p 00000000 00:00 0 
7f3257400000-7f3259400000 rw-p 00000000 00:00 0 
7f3259400000-7f3259600000 rw-p 00000000 00:00 0 
7f3259600000-7f3259601000 ---p 00000000 00:00 0 
7f3259601000-7f3259e01000 rw-p 00000000 00:00 0 
7f3259e1b000-7f3259e26000 r--p 00000000 00:216 88132007956               /mnt/primary/conda-envs/semantic_uncertainty_export/lib/python3.11/site-packages/aiohttp/_http_parser.cpython-311-x86_64-linux-gnu.so
7f3259e26000-7f3259e76000 r-xp 0000b000 00:216 88132007956               /mnt/primary/conda-envs/semantic_uncertainty_export/lib/python3.11/site-packages/aiohttp/_http_parser.cpython-311-x86_64-linux-gnu.so
7f3259e76000-7f3259e80000 r--p 0005b000 00:216 88132007956               /mnt/primary/conda-envs/semantic_uncertainty_export/lib/python3.11/site-packages/aiohttp/_http_parser.cpython-311-x86_64-linux-gnu.so
7f3259e80000-7f3259e81000 ---p 00065000 00:216 88132007956               /mnt/primary/conda-envs/semantic_uncertainty_export/lib/python3.11/site-packages/aiohttp/_http_parser.cpython-311-x86_64-linux-gnu.so
7f3259e81000-7f3259e82000 r--p 00065000 00:216 88132007956               /mnt/primary/conda-envs/semantic_uncertainty_export/lib/python3.11/site-packages/aiohttp/_http_parser.cpython-311-x86_64-linux-gnu.so
7f3259e82000-7f3259e86000 rw-p 00066000 00:216 88132007956               /mnt/primary/conda-envs/semantic_uncertainty_export/lib/python3.11/site-packages/aiohttp/_http_parser.cpython-311-x86_64-linux-gnu.so
7f3259e86000-7f3259e89000 rw-p 00000000 00:00 0 
7f3259e89000-7f3259e98000 r--p 00000000 00:216 170174611469              /mnt/primary/conda-envs/semantic_uncertainty_export/lib/python3.11/site-packages/pyarrow/_parquet.cpython-311-x86_64-linux-gnu.so
7f3259e98000-7f3259ee5000 r-xp 0000f000 00:216 170174611469              /mnt/primary/conda-envs/semantic_uncertainty_export/lib/python3.11/site-packages/pyarrow/_parquet.cpython-311-x86_64-linux-gnu.so
7f3259ee5000-7f3259ef8000 r--p 0005c000 00:216 170174611469              /mnt/primary/conda-envs/semantic_uncertainty_export/lib/python3.11/site-packages/pyarrow/_parquet.cpython-311-x86_64-linux-gnu.so
7f3259ef8000-7f3259ef9000 r--p 0006e000 00:216 170174611469              /mnt/primary/conda-envs/semantic_uncertainty_export/lib/python3.11/site-packages/pyarrow/_parquet.cpython-311-x86_64-linux-gnu.so
7f3259ef9000-7f3259efe000 rw-p 0006f000 00:216 170174611469              /mnt/primary/conda-envs/semantic_uncertainty_export/lib/python3.11/site-packages/pyarrow/_parquet.cpython-311-x86_64-linux-gnu.so
7f3259efe000-7f325a000000 rw-p 00000000 00:00 0 
7f325a000000-7f325c000000 rw-p 00000000 00:00 0 
7f325c000000-7f325c200000 rw-p 00000000 00:00 0 
7f325c200000-7f325c201000 ---p 00000000 00:00 0 
7f325c201000-7f325ca01000 rw-p 00000000 00:00 0 
7f325ca15000-7f325ca1a000 rw-p 00000000 00:00 0 
7f325ca1a000-7f325cb00000 ---p 00000000 00:00 0 
7f325cb00000-7f325cc00000 rw-p 00000000 00:00 0 
7f325cc00000-7f325ec00000 rw-p 00000000 00:00 0 
7f325ec00000-7f325ee00000 rw-p 00000000 00:00 0 
7f325ee00000-7f325ee01000 ---p 00000000 00:00 0 
7f325ee01000-7f325f601000 rw-p 00000000 00:00 0 
7f325f615000-7f325f61b000 rw-p 00000000 00:00 0 
7f325f61b000-7f325f700000 ---p 00000000 00:00 0 
7f325f700000-7f325f800000 rw-p 00000000 00:00 0 
7f325f800000-7f3261800000 rw-p 00000000 00:00 0 
7f3261800000-7f3261a00000 rw-p 00000000 00:00 0 
7f3261a00000-7f3261a01000 ---p 00000000 00:00 0 
7f3261a01000-7f3262201000 rw-p 00000000 00:00 0 
7f326225a000-7f3262261000 r--p 00000000 00:216 101037297702              /mnt/primary/conda-envs/semantic_uncertainty_export/lib/python3.11/site-packages/jnius/jnius.cpython-311-x86_64-linux-gnu.so
7f3262261000-7f32622ea000 r-xp 00007000 00:216 101037297702              /mnt/primary/conda-envs/semantic_uncertainty_export/lib/python3.11/site-packages/jnius/jnius.cpython-311-x86_64-linux-gnu.so
7f32622ea000-7f32622f9000 r--p 00090000 00:216 101037297702              /mnt/primary/conda-envs/semantic_uncertainty_export/lib/python3.11/site-packages/jnius/jnius.cpython-311-x86_64-linux-gnu.so
7f32622f9000-7f32622fa000 ---p 0009f000 00:216 101037297702              /mnt/primary/conda-envs/semantic_uncertainty_export/lib/python3.11/site-packages/jnius/jnius.cpython-311-x86_64-linux-gnu.so
7f32622fa000-7f32622fb000 r--p 0009f000 00:216 101037297702              /mnt/primary/conda-envs/semantic_uncertainty_export/lib/python3.11/site-packages/jnius/jnius.cpython-311-x86_64-linux-gnu.so
7f32622fb000-7f32622ff000 rw-p 000a0000 00:216 101037297702              /mnt/primary/conda-envs/semantic_uncertainty_export/lib/python3.11/site-packages/jnius/jnius.cpython-311-x86_64-linux-gnu.so
7f32622ff000-7f3262400000 rw-p 00000000 00:00 0 
7f3262400000-7f3264400000 rw-p 00000000 00:00 0 
7f3264400000-7f3264600000 rw-p 00000000 00:00 0 
7f3264600000-7f3264601000 ---p 00000000 00:00 0 
7f3264601000-7f3264e01000 rw-p 00000000 00:00 0 
7f3264e5c000-7f3264e5f000 r--p 00000000 00:216 40842127925               /mnt/primary/conda-envs/semantic_uncertainty_export/lib/python3.11/site-packages/torchvision.libs/libwebp.54a0d02a.so.7
7f3264e5f000-7f3264ee9000 r-xp 00003000 00:216 40842127925               /mnt/primary/conda-envs/semantic_uncertainty_export/lib/python3.11/site-packages/torchvision.libs/libwebp.54a0d02a.so.7
7f3264ee9000-7f3264efc000 r--p 0008d000 00:216 40842127925               /mnt/primary/conda-envs/semantic_uncertainty_export/lib/python3.11/site-packages/torchvision.libs/libwebp.54a0d02a.so.7
7f3264efc000-7f3264efd000 r--p 000a0000 00:216 40842127925               /mnt/primary/conda-envs/semantic_uncertainty_export/lib/python3.11/site-packages/torchvision.libs/libwebp.54a0d02a.so.7
7f3264efd000-7f3264efe000 rw-p 000a1000 00:216 40842127925               /mnt/primary/conda-envs/semantic_uncertainty_export/lib/python3.11/site-packages/torchvision.libs/libwebp.54a0d02a.so.7
7f3264efe000-7f3264eff000 rw-p 00000000 00:00 0 
7f3264eff000-7f3264f00000 rw-p 000ad000 00:216 40842127925               /mnt/primary/conda-envs/semantic_uncertainty_export/lib/python3.11/site-packages/torchvision.libs/libwebp.54a0d02a.so.7
7f3264f00000-7f3265000000 rw-p 00000000 00:00 0 
7f3265000000-7f3267000000 rw-p 00000000 00:00 0 
7f3267000000-7f3267200000 rw-p 00000000 00:00 0 
7f3267200000-7f3267201000 ---p 00000000 00:00 0 
7f3267201000-7f3267a01000 rw-p 00000000 00:00 0 
7f3267a69000-7f3267a6e000 r--p 00000000 00:216 40842127924               /mnt/primary/conda-envs/semantic_uncertainty_export/lib/python3.11/site-packages/torchvision.libs/libjpeg.1c1c4b09.so.8
7f3267a6e000-7f3267ac3000 r-xp 00005000 00:216 40842127924               /mnt/primary/conda-envs/semantic_uncertainty_export/lib/python3.11/site-packages/torchvision.libs/libjpeg.1c1c4b09.so.8
7f3267ac3000-7f3267afe000 r--p 0005a000 00:216 40842127924               /mnt/primary/conda-envs/semantic_uncertainty_export/lib/python3.11/site-packages/torchvision.libs/libjpeg.1c1c4b09.so.8
7f3267afe000-7f3267aff000 r--p 00094000 00:216 40842127924               /mnt/primary/conda-envs/semantic_uncertainty_export/lib/python3.11/site-packages/torchvision.libs/libjpeg.1c1c4b09.so.8
7f3267aff000-7f3267b00000 rw-p 00095000 00:216 40842127924               /mnt/primary/conda-envs/semantic_uncertainty_export/lib/python3.11/site-packages/torchvision.libs/libjpeg.1c1c4b09.so.8
7f3267b00000-7f3267c00000 rw-p 00000000 00:00 0 
7f3267c00000-7f3269c00000 rw-p 00000000 00:00 0 
7f3269c00000-7f3269e00000 rw-p 00000000 00:00 0 
7f3269e00000-7f3269e01000 ---p 00000000 00:00 0 
7f3269e01000-7f326a601000 rw-p 00000000 00:00 0 
7f326a61d000-7f326a622000 r--p 00000000 00:216 170174611463              /mnt/primary/conda-envs/semantic_uncertainty_export/lib/python3.11/site-packages/pyarrow/_json.cpython-311-x86_64-linux-gnu.so
7f326a622000-7f326a632000 r-xp 00005000 00:216 170174611463              /mnt/primary/conda-envs/semantic_uncertainty_export/lib/python3.11/site-packages/pyarrow/_json.cpython-311-x86_64-linux-gnu.so
7f326a632000-7f326a637000 r--p 00015000 00:216 170174611463              /mnt/primary/conda-envs/semantic_uncertainty_export/lib/python3.11/site-packages/pyarrow/_json.cpython-311-x86_64-linux-gnu.so
7f326a637000-7f326a638000 r--p 00019000 00:216 170174611463              /mnt/primary/conda-envs/semantic_uncertainty_export/lib/python3.11/site-packages/pyarrow/_json.cpython-311-x86_64-linux-gnu.so
7f326a638000-7f326a63a000 rw-p 0001a000 00:216 170174611463              /mnt/primary/conda-envs/semantic_uncertainty_export/lib/python3.11/site-packages/pyarrow/_json.cpython-311-x86_64-linux-gnu.so
7f326a63a000-7f326a63d000 r--p 00000000 00:216 105315167804              /mnt/primary/conda-envs/semantic_uncertainty_export/lib/python3.11/site-packages/xxhash/_xxhash.cpython-311-x86_64-linux-gnu.so
7f326a63d000-7f326a640000 r-xp 00003000 00:216 105315167804              /mnt/primary/conda-envs/semantic_uncertainty_export/lib/python3.11/site-packages/xxhash/_xxhash.cpython-311-x86_64-linux-gnu.so
7f326a640000-7f326a643000 r--p 00006000 00:216 105315167804              /mnt/primary/conda-envs/semantic_uncertainty_export/lib/python3.11/site-packages/xxhash/_xxhash.cpython-311-x86_64-linux-gnu.so
7f326a643000-7f326a644000 r--p 00008000 00:216 105315167804              /mnt/primary/conda-envs/semantic_uncertainty_export/lib/python3.11/site-packages/xxhash/_xxhash.cpython-311-x86_64-linux-gnu.so
7f326a644000-7f326a646000 rw-p 00009000 00:216 105315167804              /mnt/primary/conda-envs/semantic_uncertainty_export/lib/python3.11/site-packages/xxhash/_xxhash.cpython-311-x86_64-linux-gnu.so
7f326a646000-7f326a64a000 r--p 00000000 00:216 133230548005              /mnt/primary/conda-envs/semantic_uncertainty_export/lib/python3.11/site-packages/frozenlist/_frozenlist.cpython-311-x86_64-linux-gnu.so
7f326a64a000-7f326a653000 r-xp 00004000 00:216 133230548005              /mnt/primary/conda-envs/semantic_uncertainty_export/lib/python3.11/site-packages/frozenlist/_frozenlist.cpython-311-x86_64-linux-gnu.so
7f326a653000-7f326a656000 r--p 0000d000 00:216 133230548005              /mnt/primary/conda-envs/semantic_uncertainty_export/lib/python3.11/site-packages/frozenlist/_frozenlist.cpython-311-x86_64-linux-gnu.so
7f326a656000-7f326a657000 r--p 0000f000 00:216 133230548005              /mnt/primary/conda-envs/semantic_uncertainty_export/lib/python3.11/site-packages/frozenlist/_frozenlist.cpython-311-x86_64-linux-gnu.so
7f326a657000-7f326a658000 rw-p 00010000 00:216 133230548005              /mnt/primary/conda-envs/semantic_uncertainty_export/lib/python3.11/site-packages/frozenlist/_frozenlist.cpython-311-x86_64-linux-gnu.so
7f326a658000-7f326a659000 rw-p 00000000 00:00 0 
7f326a659000-7f326a65d000 r--p 00000000 00:216 81779444225               /mnt/primary/conda-envs/semantic_uncertainty_export/lib/python3.11/site-packages/yarl/_quoting_c.cpython-311-x86_64-linux-gnu.so
7f326a65d000-7f326a66a000 r-xp 00004000 00:216 81779444225               /mnt/primary/conda-envs/semantic_uncertainty_export/lib/python3.11/site-packages/yarl/_quoting_c.cpython-311-x86_64-linux-gnu.so
7f326a66a000-7f326a66d000 r--p 00011000 00:216 81779444225               /mnt/primary/conda-envs/semantic_uncertainty_export/lib/python3.11/site-packages/yarl/_quoting_c.cpython-311-x86_64-linux-gnu.so
7f326a66d000-7f326a66e000 r--p 00013000 00:216 81779444225               /mnt/primary/conda-envs/semantic_uncertainty_export/lib/python3.11/site-packages/yarl/_quoting_c.cpython-311-x86_64-linux-gnu.so
7f326a66e000-7f326a66f000 rw-p 00014000 00:216 81779444225               /mnt/primary/conda-envs/semantic_uncertainty_export/lib/python3.11/site-packages/yarl/_quoting_c.cpython-311-x86_64-linux-gnu.so
7f326a66f000-7f326a672000 rw-p 00000000 00:00 0 
7f326a672000-7f326a688000 r--p 00000000 00:216 6459568149                /mnt/primary/conda-envs/semantic_uncertainty_export/lib/python3.11/site-packages/torchvision/image.so
7f326a688000-7f326a6b4000 r-xp 00016000 00:216 6459568149                /mnt/primary/conda-envs/semantic_uncertainty_export/lib/python3.11/site-packages/torchvision/image.so
7f326a6b4000-7f326a6c5000 r--p 00042000 00:216 6459568149                /mnt/primary/conda-envs/semantic_uncertainty_export/lib/python3.11/site-packages/torchvision/image.so
7f326a6c5000-7f326a6c6000 r--p 00053000 00:216 6459568149                /mnt/primary/conda-envs/semantic_uncertainty_export/lib/python3.11/site-packages/torchvision/image.so
7f326a6c6000-7f326a6c7000 rw-p 00054000 00:216 6459568149                /mnt/primary/conda-envs/semantic_uncertainty_export/lib/python3.11/site-packages/torchvision/image.so
7f326a6c7000-7f326a6c8000 rw-p 00000000 00:00 0 
7f326a6c8000-7f326a700000 rw-p 0006b000 00:216 6459568149                /mnt/primary/conda-envs/semantic_uncertainty_export/lib/python3.11/site-packages/torchvision/image.so
7f326a700000-7f326a800000 rw-p 00000000 00:00 0 
7f326a800000-7f326c800000 rw-p 00000000 00:00 0 
7f326c800000-7f326ca00000 rw-p 00000000 00:00 0 
7f326ca00000-7f326ca01000 ---p 00000000 00:00 0 
7f326ca01000-7f326d201000 rw-p 00000000 00:00 0 
7f326d207000-7f326d20a000 r--p 00000000 00:216 88132007958               /mnt/primary/conda-envs/semantic_uncertainty_export/lib/python3.11/site-packages/aiohttp/_http_writer.cpython-311-x86_64-linux-gnu.so
7f326d20a000-7f326d210000 r-xp 00003000 00:216 88132007958               /mnt/primary/conda-envs/semantic_uncertainty_export/lib/python3.11/site-packages/aiohttp/_http_writer.cpython-311-x86_64-linux-gnu.so
7f326d210000-7f326d212000 r--p 00009000 00:216 88132007958               /mnt/primary/conda-envs/semantic_uncertainty_export/lib/python3.11/site-packages/aiohttp/_http_writer.cpython-311-x86_64-linux-gnu.so
7f326d212000-7f326d213000 r--p 0000a000 00:216 88132007958               /mnt/primary/conda-envs/semantic_uncertainty_export/lib/python3.11/site-packages/aiohttp/_http_writer.cpython-311-x86_64-linux-gnu.so
7f326d213000-7f326d214000 rw-p 0000b000 00:216 88132007958               /mnt/primary/conda-envs/semantic_uncertainty_export/lib/python3.11/site-packages/aiohttp/_http_writer.cpython-311-x86_64-linux-gnu.so
7f326d214000-7f326d218000 rw-p 00000000 00:00 0 
7f326d218000-7f326d21e000 r--p 00000000 00:216 170174611478              /mnt/primary/conda-envs/semantic_uncertainty_export/lib/python3.11/site-packages/pyarrow/_s3fs.cpython-311-x86_64-linux-gnu.so
7f326d21e000-7f326d23b000 r-xp 00006000 00:216 170174611478              /mnt/primary/conda-envs/semantic_uncertainty_export/lib/python3.11/site-packages/pyarrow/_s3fs.cpython-311-x86_64-linux-gnu.so
7f326d23b000-7f326d243000 r--p 00023000 00:216 170174611478              /mnt/primary/conda-envs/semantic_uncertainty_export/lib/python3.11/site-packages/pyarrow/_s3fs.cpython-311-x86_64-linux-gnu.so
7f326d243000-7f326d244000 r--p 0002a000 00:216 170174611478              /mnt/primary/conda-envs/semantic_uncertainty_export/lib/python3.11/site-packages/pyarrow/_s3fs.cpython-311-x86_64-linux-gnu.so
7f326d244000-7f326d246000 rw-p 0002b000 00:216 170174611478              /mnt/primary/conda-envs/semantic_uncertainty_export/lib/python3.11/site-packages/pyarrow/_s3fs.cpython-311-x86_64-linux-gnu.so
7f326d246000-7f326d247000 rw-p 00000000 00:00 0 
7f326d247000-7f326d255000 r--p 00000000 00:216 70923272751               /mnt/primary/conda-envs/semantic_uncertainty_export/lib/libfreetype.so.6.18.3
7f326d255000-7f326d2cf000 r-xp 0000e000 00:216 70923272751               /mnt/primary/conda-envs/semantic_uncertainty_export/lib/libfreetype.so.6.18.3
7f326d2cf000-7f326d2f7000 r--p 00088000 00:216 70923272751               /mnt/primary/conda-envs/semantic_uncertainty_export/lib/libfreetype.so.6.18.3
7f326d2f7000-7f326d2f8000 ---p 000b0000 00:216 70923272751               /mnt/primary/conda-envs/semantic_uncertainty_export/lib/libfreetype.so.6.18.3
7f326d2f8000-7f326d2ff000 r--p 000b0000 00:216 70923272751               /mnt/primary/conda-envs/semantic_uncertainty_export/lib/libfreetype.so.6.18.3
7f326d2ff000-7f326d300000 rw-p 000b7000 00:216 70923272751               /mnt/primary/conda-envs/semantic_uncertainty_export/lib/libfreetype.so.6.18.3
7f326d300000-7f326d400000 rw-p 00000000 00:00 0 
7f326d400000-7f326f400000 rw-p 00000000 00:00 0 
7f326f400000-7f326f600000 rw-p 00000000 00:00 0 
7f326f600000-7f326f601000 ---p 00000000 00:00 0 
7f326f601000-7f326fe01000 rw-p 00000000 00:00 0 
7f326fe01000-7f326fe03000 r--p 00000000 00:216 70898552886               /mnt/primary/conda-envs/semantic_uncertainty_export/lib/libxxhash.so.0.8.0
7f326fe03000-7f326fe09000 r-xp 00002000 00:216 70898552886               /mnt/primary/conda-envs/semantic_uncertainty_export/lib/libxxhash.so.0.8.0
7f326fe09000-7f326fe0a000 r--p 00008000 00:216 70898552886               /mnt/primary/conda-envs/semantic_uncertainty_export/lib/libxxhash.so.0.8.0
7f326fe0a000-7f326fe0b000 r--p 00008000 00:216 70898552886               /mnt/primary/conda-envs/semantic_uncertainty_export/lib/libxxhash.so.0.8.0
7f326fe0b000-7f326fe0c000 rw-p 00009000 00:216 70898552886               /mnt/primary/conda-envs/semantic_uncertainty_export/lib/libxxhash.so.0.8.0
7f326fe0c000-7f326fe11000 r--p 00000000 00:216 170174611458              /mnt/primary/conda-envs/semantic_uncertainty_export/lib/python3.11/site-packages/pyarrow/_gcsfs.cpython-311-x86_64-linux-gnu.so
7f326fe11000-7f326fe20000 r-xp 00005000 00:216 170174611458              /mnt/primary/conda-envs/semantic_uncertainty_export/lib/python3.11/site-packages/pyarrow/_gcsfs.cpython-311-x86_64-linux-gnu.so
7f326fe20000-7f326fe24000 r--p 00014000 00:216 170174611458              /mnt/primary/conda-envs/semantic_uncertainty_export/lib/python3.11/site-packages/pyarrow/_gcsfs.cpython-311-x86_64-linux-gnu.so
7f326fe24000-7f326fe25000 ---p 00018000 00:216 170174611458              /mnt/primary/conda-envs/semantic_uncertainty_export/lib/python3.11/site-packages/pyarrow/_gcsfs.cpython-311-x86_64-linux-gnu.so
7f326fe25000-7f326fe26000 r--p 00018000 00:216 170174611458              /mnt/primary/conda-envs/semantic_uncertainty_export/lib/python3.11/site-packages/pyarrow/_gcsfs.cpython-311-x86_64-linux-gnu.so
7f326fe26000-7f326fe27000 rw-p 00019000 00:216 170174611458              /mnt/primary/conda-envs/semantic_uncertainty_export/lib/python3.11/site-packages/pyarrow/_gcsfs.cpython-311-x86_64-linux-gnu.so
7f326fe27000-7f326fe28000 rw-p 00000000 00:00 0 
7f326fe28000-7f326fe2d000 r--p 00000000 00:216 170174611461              /mnt/primary/conda-envs/semantic_uncertainty_export/lib/python3.11/site-packages/pyarrow/_hdfs.cpython-311-x86_64-linux-gnu.so
7f326fe2d000-7f326fe3c000 r-xp 00005000 00:216 170174611461              /mnt/primary/conda-envs/semantic_uncertainty_export/lib/python3.11/site-packages/pyarrow/_hdfs.cpython-311-x86_64-linux-gnu.so
7f326fe3c000-7f326fe40000 r--p 00014000 00:216 170174611461              /mnt/primary/conda-envs/semantic_uncertainty_export/lib/python3.11/site-packages/pyarrow/_hdfs.cpython-311-x86_64-linux-gnu.so
7f326fe40000-7f326fe41000 r--p 00017000 00:216 170174611461              /mnt/primary/conda-envs/semantic_uncertainty_export/lib/python3.11/site-packages/pyarrow/_hdfs.cpython-311-x86_64-linux-gnu.so
7f326fe41000-7f326fe42000 rw-p 00018000 00:216 170174611461              /mnt/primary/conda-envs/semantic_uncertainty_export/lib/python3.11/site-packages/pyarrow/_hdfs.cpython-311-x86_64-linux-gnu.so
7f326fe42000-7f326fe43000 rw-p 00000000 00:00 0 
7f326fe43000-7f326fe47000 r--p 00000000 00:216 170174514213              /mnt/primary/conda-envs/semantic_uncertainty_export/lib/python3.11/site-packages/pyarrow/_azurefs.cpython-311-x86_64-linux-gnu.so
7f326fe47000-7f326fe53000 r-xp 00004000 00:216 170174514213              /mnt/primary/conda-envs/semantic_uncertainty_export/lib/python3.11/site-packages/pyarrow/_azurefs.cpython-311-x86_64-linux-gnu.so
7f326fe53000-7f326fe57000 r--p 00010000 00:216 170174514213              /mnt/primary/conda-envs/semantic_uncertainty_export/lib/python3.11/site-packages/pyarrow/_azurefs.cpython-311-x86_64-linux-gnu.so
7f326fe57000-7f326fe58000 r--p 00013000 00:216 170174514213              /mnt/primary/conda-envs/semantic_uncertainty_export/lib/python3.11/site-packages/pyarrow/_azurefs.cpython-311-x86_64-linux-gnu.so
7f326fe58000-7f326fe59000 rw-p 00014000 00:216 170174514213              /mnt/primary/conda-envs/semantic_uncertainty_export/lib/python3.11/site-packages/pyarrow/_azurefs.cpython-311-x86_64-linux-gnu.so
7f326fe59000-7f326fe5a000 rw-p 00000000 00:00 0 
7f326fe5a000-7f326fe6d000 r--p 00000000 00:216 70898522666               /mnt/primary/conda-envs/semantic_uncertainty_export/lib/libgmp.so.10.4.1
7f326fe6d000-7f326fee5000 r-xp 00013000 00:216 70898522666               /mnt/primary/conda-envs/semantic_uncertainty_export/lib/libgmp.so.10.4.1
7f326fee5000-7f326fefc000 r--p 0008b000 00:216 70898522666               /mnt/primary/conda-envs/semantic_uncertainty_export/lib/libgmp.so.10.4.1
7f326fefc000-7f326fefd000 ---p 000a2000 00:216 70898522666               /mnt/primary/conda-envs/semantic_uncertainty_export/lib/libgmp.so.10.4.1
7f326fefd000-7f326feff000 r--p 000a2000 00:216 70898522666               /mnt/primary/conda-envs/semantic_uncertainty_export/lib/libgmp.so.10.4.1
7f326feff000-7f326ff00000 rw-p 000a4000 00:216 70898522666               /mnt/primary/conda-envs/semantic_uncertainty_export/lib/libgmp.so.10.4.1
7f326ff00000-7f3270000000 rw-p 00000000 00:00 0 
7f3270000000-7f3272000000 rw-p 00000000 00:00 0 
7f3272000000-7f3272200000 rw-p 00000000 00:00 0 
7f3272200000-7f3272201000 ---p 00000000 00:00 0 
7f3272201000-7f3272a01000 rw-p 00000000 00:00 0 
7f3272a07000-7f3272a14000 r--p 00000000 00:216 170174514239              /mnt/primary/conda-envs/semantic_uncertainty_export/lib/python3.11/site-packages/pyarrow/_fs.cpython-311-x86_64-linux-gnu.so
7f3272a14000-7f3272a4e000 r-xp 0000d000 00:216 170174514239              /mnt/primary/conda-envs/semantic_uncertainty_export/lib/python3.11/site-packages/pyarrow/_fs.cpython-311-x86_64-linux-gnu.so
7f3272a4e000-7f3272a63000 r--p 00047000 00:216 170174514239              /mnt/primary/conda-envs/semantic_uncertainty_export/lib/python3.11/site-packages/pyarrow/_fs.cpython-311-x86_64-linux-gnu.so
7f3272a63000-7f3272a64000 r--p 0005b000 00:216 170174514239              /mnt/primary/conda-envs/semantic_uncertainty_export/lib/python3.11/site-packages/pyarrow/_fs.cpython-311-x86_64-linux-gnu.so
7f3272a64000-7f3272a67000 rw-p 0005c000 00:216 170174514239              /mnt/primary/conda-envs/semantic_uncertainty_export/lib/python3.11/site-packages/pyarrow/_fs.cpython-311-x86_64-linux-gnu.so
7f3272a67000-7f3272a69000 rw-p 00000000 00:00 0 
7f3272a69000-7f3272a6d000 r--p 00000000 08:04 1102532921                 /usr/lib/jvm/java-11-openjdk-amd64/lib/libnet.so
7f3272a6d000-7f3272a7b000 r-xp 00004000 08:04 1102532921                 /usr/lib/jvm/java-11-openjdk-amd64/lib/libnet.so
7f3272a7b000-7f3272a7f000 r--p 00012000 08:04 1102532921                 /usr/lib/jvm/java-11-openjdk-amd64/lib/libnet.so
7f3272a7f000-7f3272a80000 r--p 00015000 08:04 1102532921                 /usr/lib/jvm/java-11-openjdk-amd64/lib/libnet.so
7f3272a80000-7f3272a81000 rw-p 00016000 08:04 1102532921                 /usr/lib/jvm/java-11-openjdk-amd64/lib/libnet.so
7f3272a81000-7f3272a8e000 r--p 00000000 00:216 70923272727               /mnt/primary/conda-envs/semantic_uncertainty_export/lib/libmpfr.so.6.0.2
7f3272a8e000-7f3272aeb000 r-xp 0000d000 00:216 70923272727               /mnt/primary/conda-envs/semantic_uncertainty_export/lib/libmpfr.so.6.0.2
7f3272aeb000-7f3272afc000 r--p 0006a000 00:216 70923272727               /mnt/primary/conda-envs/semantic_uncertainty_export/lib/libmpfr.so.6.0.2
7f3272afc000-7f3272afd000 ---p 0007b000 00:216 70923272727               /mnt/primary/conda-envs/semantic_uncertainty_export/lib/libmpfr.so.6.0.2
7f3272afd000-7f3272aff000 r--p 0007b000 00:216 70923272727               /mnt/primary/conda-envs/semantic_uncertainty_export/lib/libmpfr.so.6.0.2
7f3272aff000-7f3272b00000 rw-p 0007d000 00:216 70923272727               /mnt/primary/conda-envs/semantic_uncertainty_export/lib/libmpfr.so.6.0.2
7f3272b00000-7f3272c00000 rw-p 00000000 00:00 0 
7f3272c00000-7f3274c00000 rw-p 00000000 00:00 0 
7f3274c00000-7f3274e00000 rw-p 00000000 00:00 0 
7f3274e00000-7f3274e01000 ---p 00000000 00:00 0 
7f3274e01000-7f3275601000 rw-p 00000000 00:00 0 
7f3275603000-7f3275611000 r--p 00000000 08:04 1102532909                 /usr/lib/jvm/java-11-openjdk-amd64/lib/libjava.so
7f3275611000-7f3275627000 r-xp 0000e000 08:04 1102532909                 /usr/lib/jvm/java-11-openjdk-amd64/lib/libjava.so
7f3275627000-7f327562e000 r--p 00024000 08:04 1102532909                 /usr/lib/jvm/java-11-openjdk-amd64/lib/libjava.so
7f327562e000-7f327562f000 r--p 0002a000 08:04 1102532909                 /usr/lib/jvm/java-11-openjdk-amd64/lib/libjava.so
7f327562f000-7f3275630000 rw-p 0002b000 08:04 1102532909                 /usr/lib/jvm/java-11-openjdk-amd64/lib/libjava.so
7f3275630000-7f3275631000 rw-p 00000000 00:00 0 
7f3275631000-7f3275637000 r--p 00000000 00:216 40842127923               /mnt/primary/conda-envs/semantic_uncertainty_export/lib/python3.11/site-packages/torchvision.libs/libpng16.0364a1db.so.16
7f3275637000-7f3275660000 r-xp 00006000 00:216 40842127923               /mnt/primary/conda-envs/semantic_uncertainty_export/lib/python3.11/site-packages/torchvision.libs/libpng16.0364a1db.so.16
7f3275660000-7f327566b000 r--p 0002f000 00:216 40842127923               /mnt/primary/conda-envs/semantic_uncertainty_export/lib/python3.11/site-packages/torchvision.libs/libpng16.0364a1db.so.16
7f327566b000-7f327566c000 ---p 0003a000 00:216 40842127923               /mnt/primary/conda-envs/semantic_uncertainty_export/lib/python3.11/site-packages/torchvision.libs/libpng16.0364a1db.so.16
7f327566c000-7f327566d000 r--p 0003a000 00:216 40842127923               /mnt/primary/conda-envs/semantic_uncertainty_export/lib/python3.11/site-packages/torchvision.libs/libpng16.0364a1db.so.16
7f327566d000-7f327566e000 rw-p 0003b000 00:216 40842127923               /mnt/primary/conda-envs/semantic_uncertainty_export/lib/python3.11/site-packages/torchvision.libs/libpng16.0364a1db.so.16
7f327566e000-7f3275671000 rw-p 00042000 00:216 40842127923               /mnt/primary/conda-envs/semantic_uncertainty_export/lib/python3.11/site-packages/torchvision.libs/libpng16.0364a1db.so.16
7f3275671000-7f3275684000 r--p 00000000 00:216 156766326821              /mnt/primary/conda-envs/semantic_uncertainty_export/lib/python3.11/site-packages/gmpy2/gmpy2.cpython-311-x86_64-linux-gnu.so
7f3275684000-7f32756d8000 r-xp 00013000 00:216 156766326821              /mnt/primary/conda-envs/semantic_uncertainty_export/lib/python3.11/site-packages/gmpy2/gmpy2.cpython-311-x86_64-linux-gnu.so
7f32756d8000-7f32756f8000 r--p 00067000 00:216 156766326821              /mnt/primary/conda-envs/semantic_uncertainty_export/lib/python3.11/site-packages/gmpy2/gmpy2.cpython-311-x86_64-linux-gnu.so
7f32756f8000-7f32756fa000 r--p 00086000 00:216 156766326821              /mnt/primary/conda-envs/semantic_uncertainty_export/lib/python3.11/site-packages/gmpy2/gmpy2.cpython-311-x86_64-linux-gnu.so
7f32756fa000-7f3275700000 rw-p 00088000 00:216 156766326821              /mnt/primary/conda-envs/semantic_uncertainty_export/lib/python3.11/site-packages/gmpy2/gmpy2.cpython-311-x86_64-linux-gnu.so
7f3275700000-7f3275800000 rw-p 00000000 00:00 0 
7f3275800000-7f3277800000 rw-p 00000000 00:00 0 
7f3277808000-7f3277816000 r--p 00000000 00:216 46199363133               /mnt/primary/conda-envs/semantic_uncertainty_export/lib/python3.11/site-packages/safetensors/_safetensors_rust.abi3.so
7f3277816000-7f32778aa000 r-xp 0000e000 00:216 46199363133               /mnt/primary/conda-envs/semantic_uncertainty_export/lib/python3.11/site-packages/safetensors/_safetensors_rust.abi3.so
7f32778aa000-7f32778d4000 r--p 000a2000 00:216 46199363133               /mnt/primary/conda-envs/semantic_uncertainty_export/lib/python3.11/site-packages/safetensors/_safetensors_rust.abi3.so
7f32778d4000-7f32778d5000 ---p 000cc000 00:216 46199363133               /mnt/primary/conda-envs/semantic_uncertainty_export/lib/python3.11/site-packages/safetensors/_safetensors_rust.abi3.so
7f32778d5000-7f32778dd000 r--p 000cc000 00:216 46199363133               /mnt/primary/conda-envs/semantic_uncertainty_export/lib/python3.11/site-packages/safetensors/_safetensors_rust.abi3.so
7f32778dd000-7f32778de000 rw-p 000d4000 00:216 46199363133               /mnt/primary/conda-envs/semantic_uncertainty_export/lib/python3.11/site-packages/safetensors/_safetensors_rust.abi3.so
7f32778de000-7f327790d000 r--p 00000000 00:216 97122185260               /mnt/primary/conda-envs/semantic_uncertainty_export/lib/python3.11/site-packages/torch/lib/libc10.so
7f327790d000-7f32779a8000 r-xp 0002f000 00:216 97122185260               /mnt/primary/conda-envs/semantic_uncertainty_export/lib/python3.11/site-packages/torch/lib/libc10.so
7f32779a8000-7f32779db000 r--p 000ca000 00:216 97122185260               /mnt/primary/conda-envs/semantic_uncertainty_export/lib/python3.11/site-packages/torch/lib/libc10.so
7f32779db000-7f32779de000 r--p 000fc000 00:216 97122185260               /mnt/primary/conda-envs/semantic_uncertainty_export/lib/python3.11/site-packages/torch/lib/libc10.so
7f32779de000-7f32779e4000 rw-p 000ff000 00:216 97122185260               /mnt/primary/conda-envs/semantic_uncertainty_export/lib/python3.11/site-packages/torch/lib/libc10.so
7f32779e4000-7f32779e7000 rw-p 00000000 00:00 0 
7f32779e7000-7f3277a00000 rw-p 0014b000 00:216 97122185260               /mnt/primary/conda-envs/semantic_uncertainty_export/lib/python3.11/site-packages/torch/lib/libc10.so
7f3277a00000-7f3277a01000 ---p 00000000 00:00 0 
7f3277a01000-7f3278201000 rw-p 00000000 00:00 0 
7f327820a000-7f327820d000 r--p 00000000 00:216 40842127928               /mnt/primary/conda-envs/semantic_uncertainty_export/lib/python3.11/site-packages/torchvision.libs/libz.d13a2644.so.1
7f327820d000-7f327821f000 r-xp 00003000 00:216 40842127928               /mnt/primary/conda-envs/semantic_uncertainty_export/lib/python3.11/site-packages/torchvision.libs/libz.d13a2644.so.1
7f327821f000-7f3278226000 r--p 00015000 00:216 40842127928               /mnt/primary/conda-envs/semantic_uncertainty_export/lib/python3.11/site-packages/torchvision.libs/libz.d13a2644.so.1
7f3278226000-7f3278227000 r--p 0001b000 00:216 40842127928               /mnt/primary/conda-envs/semantic_uncertainty_export/lib/python3.11/site-packages/torchvision.libs/libz.d13a2644.so.1
7f3278227000-7f3278228000 rw-p 0001c000 00:216 40842127928               /mnt/primary/conda-envs/semantic_uncertainty_export/lib/python3.11/site-packages/torchvision.libs/libz.d13a2644.so.1
7f3278228000-7f327822e000 r--p 00000000 00:216 70923272704               /mnt/primary/conda-envs/semantic_uncertainty_export/lib/libpng16.so.16.39.0
7f327822e000-7f3278257000 r-xp 00006000 00:216 70923272704               /mnt/primary/conda-envs/semantic_uncertainty_export/lib/libpng16.so.16.39.0
7f3278257000-7f3278262000 r--p 0002f000 00:216 70923272704               /mnt/primary/conda-envs/semantic_uncertainty_export/lib/libpng16.so.16.39.0
7f3278262000-7f3278263000 ---p 0003a000 00:216 70923272704               /mnt/primary/conda-envs/semantic_uncertainty_export/lib/libpng16.so.16.39.0
7f3278263000-7f3278264000 r--p 0003a000 00:216 70923272704               /mnt/primary/conda-envs/semantic_uncertainty_export/lib/libpng16.so.16.39.0
7f3278264000-7f3278265000 rw-p 0003b000 00:216 70923272704               /mnt/primary/conda-envs/semantic_uncertainty_export/lib/libpng16.so.16.39.0
7f3278265000-7f3278267000 r--p 00000000 00:216 70898552892               /mnt/primary/conda-envs/semantic_uncertainty_export/lib/libyaml-0.so.2.0.9
7f3278267000-7f327827d000 r-xp 00002000 00:216 70898552892               /mnt/primary/conda-envs/semantic_uncertainty_export/lib/libyaml-0.so.2.0.9
7f327827d000-7f3278280000 r--p 00018000 00:216 70898552892               /mnt/primary/conda-envs/semantic_uncertainty_export/lib/libyaml-0.so.2.0.9
7f3278280000-7f3278281000 ---p 0001b000 00:216 70898552892               /mnt/primary/conda-envs/semantic_uncertainty_export/lib/libyaml-0.so.2.0.9
7f3278281000-7f3278282000 r--p 0001b000 00:216 70898552892               /mnt/primary/conda-envs/semantic_uncertainty_export/lib/libyaml-0.so.2.0.9
7f3278282000-7f3278283000 rw-p 0001c000 00:216 70898552892               /mnt/primary/conda-envs/semantic_uncertainty_export/lib/libyaml-0.so.2.0.9
7f3278283000-7f327828a000 r--p 00000000 00:216 170928539158              /mnt/primary/conda-envs/semantic_uncertainty_export/lib/python3.11/site-packages/yaml/_yaml.cpython-311-x86_64-linux-gnu.so
7f327828a000-7f32782b1000 r-xp 00007000 00:216 170928539158              /mnt/primary/conda-envs/semantic_uncertainty_export/lib/python3.11/site-packages/yaml/_yaml.cpython-311-x86_64-linux-gnu.so
7f32782b1000-7f32782b5000 r--p 0002e000 00:216 170928539158              /mnt/primary/conda-envs/semantic_uncertainty_export/lib/python3.11/site-packages/yaml/_yaml.cpython-311-x86_64-linux-gnu.so
7f32782b5000-7f32782b6000 r--p 00031000 00:216 170928539158              /mnt/primary/conda-envs/semantic_uncertainty_export/lib/python3.11/site-packages/yaml/_yaml.cpython-311-x86_64-linux-gnu.so
7f32782b6000-7f32782b9000 rw-p 00032000 00:216 170928539158              /mnt/primary/conda-envs/semantic_uncertainty_export/lib/python3.11/site-packages/yaml/_yaml.cpython-311-x86_64-linux-gnu.so
7f32782b9000-7f32782ba000 rw-p 00000000 00:00 0 
7f32782ba000-7f32782bd000 r--p 00000000 00:216 137898457091              /mnt/primary/conda-envs/semantic_uncertainty_export/lib/python3.11/site-packages/lz4/block/_block.cpython-311-x86_64-linux-gnu.so
7f32782bd000-7f32782e6000 r-xp 00003000 00:216 137898457091              /mnt/primary/conda-envs/semantic_uncertainty_export/lib/python3.11/site-packages/lz4/block/_block.cpython-311-x86_64-linux-gnu.so
7f32782e6000-7f32782e9000 r--p 0002c000 00:216 137898457091              /mnt/primary/conda-envs/semantic_uncertainty_export/lib/python3.11/site-packages/lz4/block/_block.cpython-311-x86_64-linux-gnu.so
7f32782e9000-7f32782ea000 r--p 0002e000 00:216 137898457091              /mnt/primary/conda-envs/semantic_uncertainty_export/lib/python3.11/site-packages/lz4/block/_block.cpython-311-x86_64-linux-gnu.so
7f32782ea000-7f32782eb000 rw-p 0002f000 00:216 137898457091              /mnt/primary/conda-envs/semantic_uncertainty_export/lib/python3.11/site-packages/lz4/block/_block.cpython-311-x86_64-linux-gnu.so
7f32782eb000-7f32782fd000 r--p 00000000 00:216 97122185261               /mnt/primary/conda-envs/semantic_uncertainty_export/lib/python3.11/site-packages/torch/lib/libc10_cuda.so
7f32782fd000-7f3278359000 r-xp 00012000 00:216 97122185261               /mnt/primary/conda-envs/semantic_uncertainty_export/lib/python3.11/site-packages/torch/lib/libc10_cuda.so
7f3278359000-7f327836f000 r--p 0006e000 00:216 97122185261               /mnt/primary/conda-envs/semantic_uncertainty_export/lib/python3.11/site-packages/torch/lib/libc10_cuda.so
7f327836f000-7f3278370000 ---p 00084000 00:216 97122185261               /mnt/primary/conda-envs/semantic_uncertainty_export/lib/python3.11/site-packages/torch/lib/libc10_cuda.so
7f3278370000-7f3278371000 r--p 00084000 00:216 97122185261               /mnt/primary/conda-envs/semantic_uncertainty_export/lib/python3.11/site-packages/torch/lib/libc10_cuda.so
7f3278371000-7f3278372000 rw-p 00085000 00:216 97122185261               /mnt/primary/conda-envs/semantic_uncertainty_export/lib/python3.11/site-packages/torch/lib/libc10_cuda.so
7f3278372000-7f3278398000 rw-p 00000000 00:00 0 
7f3278398000-7f32783a2000 rw-p 000a7000 00:216 97122185261               /mnt/primary/conda-envs/semantic_uncertainty_export/lib/python3.11/site-packages/torch/lib/libc10_cuda.so
7f32783a2000-7f32783ae000 r--p 00000000 00:216 97122185264               /mnt/primary/conda-envs/semantic_uncertainty_export/lib/python3.11/site-packages/torch/lib/libtorch.so
7f32783ae000-7f32783b9000 r-xp 0000c000 00:216 97122185264               /mnt/primary/conda-envs/semantic_uncertainty_export/lib/python3.11/site-packages/torch/lib/libtorch.so
7f32783b9000-7f32783be000 r--p 00017000 00:216 97122185264               /mnt/primary/conda-envs/semantic_uncertainty_export/lib/python3.11/site-packages/torch/lib/libtorch.so
7f32783be000-7f32783bf000 ---p 0001c000 00:216 97122185264               /mnt/primary/conda-envs/semantic_uncertainty_export/lib/python3.11/site-packages/torch/lib/libtorch.so
7f32783bf000-7f32783c0000 r--p 0001c000 00:216 97122185264               /mnt/primary/conda-envs/semantic_uncertainty_export/lib/python3.11/site-packages/torch/lib/libtorch.so
7f32783c0000-7f32783c1000 rw-p 0001d000 00:216 97122185264               /mnt/primary/conda-envs/semantic_uncertainty_export/lib/python3.11/site-packages/torch/lib/libtorch.so
7f32783c1000-7f32783c8000 rw-p 00029000 00:216 97122185264               /mnt/primary/conda-envs/semantic_uncertainty_export/lib/python3.11/site-packages/torch/lib/libtorch.so
7f32783c8000-7f32783cf000 r--p 00000000 00:216 79668343311               /mnt/primary/conda-envs/semantic_uncertainty_export/lib/python3.11/site-packages/sklearn/metrics/_pairwise_fast.cpython-311-x86_64-linux-gnu.so
7f32783cf000-7f32783f0000 r-xp 00007000 00:216 79668343311               /mnt/primary/conda-envs/semantic_uncertainty_export/lib/python3.11/site-packages/sklearn/metrics/_pairwise_fast.cpython-311-x86_64-linux-gnu.so
7f32783f0000-7f32783f8000 r--p 00028000 00:216 79668343311               /mnt/primary/conda-envs/semantic_uncertainty_export/lib/python3.11/site-packages/sklearn/metrics/_pairwise_fast.cpython-311-x86_64-linux-gnu.so
7f32783f8000-7f32783f9000 r--p 0002f000 00:216 79668343311               /mnt/primary/conda-envs/semantic_uncertainty_export/lib/python3.11/site-packages/sklearn/metrics/_pairwise_fast.cpython-311-x86_64-linux-gnu.so
7f32783f9000-7f32783fd000 rw-p 00030000 00:216 79668343311               /mnt/primary/conda-envs/semantic_uncertainty_export/lib/python3.11/site-packages/sklearn/metrics/_pairwise_fast.cpython-311-x86_64-linux-gnu.so
7f32783fd000-7f3278400000 rw-p 0003e000 00:216 79668343311               /mnt/primary/conda-envs/semantic_uncertainty_export/lib/python3.11/site-packages/sklearn/metrics/_pairwise_fast.cpython-311-x86_64-linux-gnu.so
7f3278400000-7f327a400000 rw-p 00000000 00:00 0 
7f327a401000-7f327a404000 r--p 00000000 00:216 88132007960               /mnt/primary/conda-envs/semantic_uncertainty_export/lib/python3.11/site-packages/aiohttp/_websocket.cpython-311-x86_64-linux-gnu.so
7f327a404000-7f327a406000 r-xp 00003000 00:216 88132007960               /mnt/primary/conda-envs/semantic_uncertainty_export/lib/python3.11/site-packages/aiohttp/_websocket.cpython-311-x86_64-linux-gnu.so
7f327a406000-7f327a407000 r--p 00005000 00:216 88132007960               /mnt/primary/conda-envs/semantic_uncertainty_export/lib/python3.11/site-packages/aiohttp/_websocket.cpython-311-x86_64-linux-gnu.so
7f327a407000-7f327a408000 r--p 00005000 00:216 88132007960               /mnt/primary/conda-envs/semantic_uncertainty_export/lib/python3.11/site-packages/aiohttp/_websocket.cpython-311-x86_64-linux-gnu.so
7f327a408000-7f327a409000 rw-p 00006000 00:216 88132007960               /mnt/primary/conda-envs/semantic_uncertainty_export/lib/python3.11/site-packages/aiohttp/_websocket.cpython-311-x86_64-linux-gnu.so
7f327a409000-7f327a410000 r--p 00000000 08:04 1102532922                 /usr/lib/jvm/java-11-openjdk-amd64/lib/libnio.so
7f327a410000-7f327a418000 r-xp 00007000 08:04 1102532922                 /usr/lib/jvm/java-11-openjdk-amd64/lib/libnio.so
7f327a418000-7f327a41b000 r--p 0000f000 08:04 1102532922                 /usr/lib/jvm/java-11-openjdk-amd64/lib/libnio.so
7f327a41b000-7f327a41c000 r--p 00011000 08:04 1102532922                 /usr/lib/jvm/java-11-openjdk-amd64/lib/libnio.so
7f327a41c000-7f327a41d000 rw-p 00012000 08:04 1102532922                 /usr/lib/jvm/java-11-openjdk-amd64/lib/libnio.so
7f327a41d000-7f327a51d000 rw-p 00000000 00:00 0 
7f327a51d000-7f327a526000 r--p 00000000 00:216 85912917566               /mnt/primary/conda-envs/semantic_uncertainty_export/lib/python3.11/site-packages/sklearn/metrics/_pairwise_distances_reduction/_radius_neighbors.cpython-311-x86_64-linux-gnu.so
7f327a526000-7f327a550000 r-xp 00009000 00:216 85912917566               /mnt/primary/conda-envs/semantic_uncertainty_export/lib/python3.11/site-packages/sklearn/metrics/_pairwise_distances_reduction/_radius_neighbors.cpython-311-x86_64-linux-gnu.so
7f327a550000-7f327a55a000 r--p 00033000 00:216 85912917566               /mnt/primary/conda-envs/semantic_uncertainty_export/lib/python3.11/site-packages/sklearn/metrics/_pairwise_distances_reduction/_radius_neighbors.cpython-311-x86_64-linux-gnu.so
7f327a55a000-7f327a55b000 ---p 0003d000 00:216 85912917566               /mnt/primary/conda-envs/semantic_uncertainty_export/lib/python3.11/site-packages/sklearn/metrics/_pairwise_distances_reduction/_radius_neighbors.cpython-311-x86_64-linux-gnu.so
7f327a55b000-7f327a55c000 r--p 0003d000 00:216 85912917566               /mnt/primary/conda-envs/semantic_uncertainty_export/lib/python3.11/site-packages/sklearn/metrics/_pairwise_distances_reduction/_radius_neighbors.cpython-311-x86_64-linux-gnu.so
7f327a55c000-7f327a560000 rw-p 0003e000 00:216 85912917566               /mnt/primary/conda-envs/semantic_uncertainty_export/lib/python3.11/site-packages/sklearn/metrics/_pairwise_distances_reduction/_radius_neighbors.cpython-311-x86_64-linux-gnu.so
7f327a560000-7f327a561000 rw-p 00000000 00:00 0 
7f327a561000-7f327a565000 rw-p 00058000 00:216 85912917566               /mnt/primary/conda-envs/semantic_uncertainty_export/lib/python3.11/site-packages/sklearn/metrics/_pairwise_distances_reduction/_radius_neighbors.cpython-311-x86_64-linux-gnu.so
7f327a565000-7f327a56c000 r--p 00000000 00:216 85912917559               /mnt/primary/conda-envs/semantic_uncertainty_export/lib/python3.11/site-packages/sklearn/metrics/_pairwise_distances_reduction/_argkmin_classmode.cpython-311-x86_64-linux-gnu.so
7f327a56c000-7f327a58f000 r-xp 00007000 00:216 85912917559               /mnt/primary/conda-envs/semantic_uncertainty_export/lib/python3.11/site-packages/sklearn/metrics/_pairwise_distances_reduction/_argkmin_classmode.cpython-311-x86_64-linux-gnu.so
7f327a58f000-7f327a597000 r--p 0002a000 00:216 85912917559               /mnt/primary/conda-envs/semantic_uncertainty_export/lib/python3.11/site-packages/sklearn/metrics/_pairwise_distances_reduction/_argkmin_classmode.cpython-311-x86_64-linux-gnu.so
7f327a597000-7f327a598000 ---p 00032000 00:216 85912917559               /mnt/primary/conda-envs/semantic_uncertainty_export/lib/python3.11/site-packages/sklearn/metrics/_pairwise_distances_reduction/_argkmin_classmode.cpython-311-x86_64-linux-gnu.so
7f327a598000-7f327a599000 r--p 00032000 00:216 85912917559               /mnt/primary/conda-envs/semantic_uncertainty_export/lib/python3.11/site-packages/sklearn/metrics/_pairwise_distances_reduction/_argkmin_classmode.cpython-311-x86_64-linux-gnu.so
7f327a599000-7f327a59e000 rw-p 00033000 00:216 85912917559               /mnt/primary/conda-envs/semantic_uncertainty_export/lib/python3.11/site-packages/sklearn/metrics/_pairwise_distances_reduction/_argkmin_classmode.cpython-311-x86_64-linux-gnu.so
7f327a59e000-7f327a5a1000 rw-p 00047000 00:216 85912917559               /mnt/primary/conda-envs/semantic_uncertainty_export/lib/python3.11/site-packages/sklearn/metrics/_pairwise_distances_reduction/_argkmin_classmode.cpython-311-x86_64-linux-gnu.so
7f327a5a1000-7f327a5a9000 r--p 00000000 00:216 85912917565               /mnt/primary/conda-envs/semantic_uncertainty_export/lib/python3.11/site-packages/sklearn/metrics/_pairwise_distances_reduction/_middle_term_computer.cpython-311-x86_64-linux-gnu.so
7f327a5a9000-7f327a5e7000 r-xp 00008000 00:216 85912917565               /mnt/primary/conda-envs/semantic_uncertainty_export/lib/python3.11/site-packages/sklearn/metrics/_pairwise_distances_reduction/_middle_term_computer.cpython-311-x86_64-linux-gnu.so
7f327a5e7000-7f327a5f3000 r--p 00046000 00:216 85912917565               /mnt/primary/conda-envs/semantic_uncertainty_export/lib/python3.11/site-packages/sklearn/metrics/_pairwise_distances_reduction/_middle_term_computer.cpython-311-x86_64-linux-gnu.so
7f327a5f3000-7f327a5f4000 ---p 00052000 00:216 85912917565               /mnt/primary/conda-envs/semantic_uncertainty_export/lib/python3.11/site-packages/sklearn/metrics/_pairwise_distances_reduction/_middle_term_computer.cpython-311-x86_64-linux-gnu.so
7f327a5f4000-7f327a5f5000 r--p 00052000 00:216 85912917565               /mnt/primary/conda-envs/semantic_uncertainty_export/lib/python3.11/site-packages/sklearn/metrics/_pairwise_distances_reduction/_middle_term_computer.cpython-311-x86_64-linux-gnu.so
7f327a5f5000-7f327a5fa000 rw-p 00053000 00:216 85912917565               /mnt/primary/conda-envs/semantic_uncertainty_export/lib/python3.11/site-packages/sklearn/metrics/_pairwise_distances_reduction/_middle_term_computer.cpython-311-x86_64-linux-gnu.so
7f327a5fa000-7f327a5fb000 rw-p 00000000 00:00 0 
7f327a5fb000-7f327a600000 rw-p 00070000 00:216 85912917565               /mnt/primary/conda-envs/semantic_uncertainty_export/lib/python3.11/site-packages/sklearn/metrics/_pairwise_distances_reduction/_middle_term_computer.cpython-311-x86_64-linux-gnu.so
7f327a600000-7f327a601000 ---p 00000000 00:00 0 
7f327a601000-7f327ae01000 rw-p 00000000 00:00 0 
7f327ae04000-7f327ae07000 r--p 00000000 00:216 88132007953               /mnt/primary/conda-envs/semantic_uncertainty_export/lib/python3.11/site-packages/aiohttp/_helpers.cpython-311-x86_64-linux-gnu.so
7f327ae07000-7f327ae0c000 r-xp 00003000 00:216 88132007953               /mnt/primary/conda-envs/semantic_uncertainty_export/lib/python3.11/site-packages/aiohttp/_helpers.cpython-311-x86_64-linux-gnu.so
7f327ae0c000-7f327ae0e000 r--p 00008000 00:216 88132007953               /mnt/primary/conda-envs/semantic_uncertainty_export/lib/python3.11/site-packages/aiohttp/_helpers.cpython-311-x86_64-linux-gnu.so
7f327ae0e000-7f327ae0f000 r--p 00009000 00:216 88132007953               /mnt/primary/conda-envs/semantic_uncertainty_export/lib/python3.11/site-packages/aiohttp/_helpers.cpython-311-x86_64-linux-gnu.so
7f327ae0f000-7f327ae10000 rw-p 0000a000 00:216 88132007953               /mnt/primary/conda-envs/semantic_uncertainty_export/lib/python3.11/site-packages/aiohttp/_helpers.cpython-311-x86_64-linux-gnu.so
7f327ae10000-7f327ae18000 r--p 00000000 00:216 120262026753              /mnt/primary/conda-envs/semantic_uncertainty_export/lib/python3.11/site-packages/sklearn/utils/_cython_blas.cpython-311-x86_64-linux-gnu.so
7f327ae18000-7f327ae52000 r-xp 00008000 00:216 120262026753              /mnt/primary/conda-envs/semantic_uncertainty_export/lib/python3.11/site-packages/sklearn/utils/_cython_blas.cpython-311-x86_64-linux-gnu.so
7f327ae52000-7f327ae5e000 r--p 00042000 00:216 120262026753              /mnt/primary/conda-envs/semantic_uncertainty_export/lib/python3.11/site-packages/sklearn/utils/_cython_blas.cpython-311-x86_64-linux-gnu.so
7f327ae5e000-7f327ae5f000 r--p 0004d000 00:216 120262026753              /mnt/primary/conda-envs/semantic_uncertainty_export/lib/python3.11/site-packages/sklearn/utils/_cython_blas.cpython-311-x86_64-linux-gnu.so
7f327ae5f000-7f327ae64000 rw-p 0004e000 00:216 120262026753              /mnt/primary/conda-envs/semantic_uncertainty_export/lib/python3.11/site-packages/sklearn/utils/_cython_blas.cpython-311-x86_64-linux-gnu.so
7f327ae64000-7f327ae65000 rw-p 00000000 00:00 0 
7f327ae65000-7f327ae68000 rw-p 00061000 00:216 120262026753              /mnt/primary/conda-envs/semantic_uncertainty_export/lib/python3.11/site-packages/sklearn/utils/_cython_blas.cpython-311-x86_64-linux-gnu.so
7f327ae68000-7f327ae6f000 r--p 00000000 00:216 85912917557               /mnt/primary/conda-envs/semantic_uncertainty_export/lib/python3.11/site-packages/sklearn/metrics/_pairwise_distances_reduction/_datasets_pair.cpython-311-x86_64-linux-gnu.so
7f327ae6f000-7f327aeab000 r-xp 00007000 00:216 85912917557               /mnt/primary/conda-envs/semantic_uncertainty_export/lib/python3.11/site-packages/sklearn/metrics/_pairwise_distances_reduction/_datasets_pair.cpython-311-x86_64-linux-gnu.so
7f327aeab000-7f327aeb8000 r--p 00043000 00:216 85912917557               /mnt/primary/conda-envs/semantic_uncertainty_export/lib/python3.11/site-packages/sklearn/metrics/_pairwise_distances_reduction/_datasets_pair.cpython-311-x86_64-linux-gnu.so
7f327aeb8000-7f327aeb9000 r--p 0004f000 00:216 85912917557               /mnt/primary/conda-envs/semantic_uncertainty_export/lib/python3.11/site-packages/sklearn/metrics/_pairwise_distances_reduction/_datasets_pair.cpython-311-x86_64-linux-gnu.so
7f327aeb9000-7f327aebe000 rw-p 00050000 00:216 85912917557               /mnt/primary/conda-envs/semantic_uncertainty_export/lib/python3.11/site-packages/sklearn/metrics/_pairwise_distances_reduction/_datasets_pair.cpython-311-x86_64-linux-gnu.so
7f327aebe000-7f327aebf000 rw-p 00000000 00:00 0 
7f327aebf000-7f327aec2000 rw-p 0006f000 00:216 85912917557               /mnt/primary/conda-envs/semantic_uncertainty_export/lib/python3.11/site-packages/sklearn/metrics/_pairwise_distances_reduction/_datasets_pair.cpython-311-x86_64-linux-gnu.so
7f327aec2000-7f327aec9000 r--p 00000000 00:216 85912917564               /mnt/primary/conda-envs/semantic_uncertainty_export/lib/python3.11/site-packages/sklearn/metrics/_pairwise_distances_reduction/_base.cpython-311-x86_64-linux-gnu.so
7f327aec9000-7f327aeee000 r-xp 00007000 00:216 85912917564               /mnt/primary/conda-envs/semantic_uncertainty_export/lib/python3.11/site-packages/sklearn/metrics/_pairwise_distances_reduction/_base.cpython-311-x86_64-linux-gnu.so
7f327aeee000-7f327aef6000 r--p 0002c000 00:216 85912917564               /mnt/primary/conda-envs/semantic_uncertainty_export/lib/python3.11/site-packages/sklearn/metrics/_pairwise_distances_reduction/_base.cpython-311-x86_64-linux-gnu.so
7f327aef6000-7f327aef7000 r--p 00033000 00:216 85912917564               /mnt/primary/conda-envs/semantic_uncertainty_export/lib/python3.11/site-packages/sklearn/metrics/_pairwise_distances_reduction/_base.cpython-311-x86_64-linux-gnu.so
7f327aef7000-7f327aefb000 rw-p 00034000 00:216 85912917564               /mnt/primary/conda-envs/semantic_uncertainty_export/lib/python3.11/site-packages/sklearn/metrics/_pairwise_distances_reduction/_base.cpython-311-x86_64-linux-gnu.so
7f327aefb000-7f327af00000 rw-p 0004a000 00:216 85912917564               /mnt/primary/conda-envs/semantic_uncertainty_export/lib/python3.11/site-packages/sklearn/metrics/_pairwise_distances_reduction/_base.cpython-311-x86_64-linux-gnu.so
7f327af00000-7f327b000000 rw-p 00000000 00:00 0 
7f327b000000-7f327d000000 rw-p 00000000 00:00 0 
7f327d000000-7f327d200000 rw-p 00000000 00:00 0 
7f327d200000-7f327f200000 rw-p 00000000 00:00 0 
7f327f200000-7f327f400000 rw-p 00000000 00:00 0 
7f327f400000-7f327f401000 ---p 00000000 00:00 0 
7f327f401000-7f327fc01000 rw-p 00000000 00:00 0 
7f327fc01000-7f327fc05000 r--p 00000000 00:216 55935102981               /mnt/primary/conda-envs/semantic_uncertainty_export/lib/python3.11/site-packages/multidict/_multidict.cpython-311-x86_64-linux-gnu.so
7f327fc05000-7f327fc0c000 r-xp 00004000 00:216 55935102981               /mnt/primary/conda-envs/semantic_uncertainty_export/lib/python3.11/site-packages/multidict/_multidict.cpython-311-x86_64-linux-gnu.so
7f327fc0c000-7f327fc0f000 r--p 0000b000 00:216 55935102981               /mnt/primary/conda-envs/semantic_uncertainty_export/lib/python3.11/site-packages/multidict/_multidict.cpython-311-x86_64-linux-gnu.so
7f327fc0f000-7f327fc10000 r--p 0000d000 00:216 55935102981               /mnt/primary/conda-envs/semantic_uncertainty_export/lib/python3.11/site-packages/multidict/_multidict.cpython-311-x86_64-linux-gnu.so
7f327fc10000-7f327fc12000 rw-p 0000e000 00:216 55935102981               /mnt/primary/conda-envs/semantic_uncertainty_export/lib/python3.11/site-packages/multidict/_multidict.cpython-311-x86_64-linux-gnu.so
7f327fc12000-7f327fc1c000 r--p 00000000 00:216 79668343313               /mnt/primary/conda-envs/semantic_uncertainty_export/lib/python3.11/site-packages/sklearn/metrics/_dist_metrics.cpython-311-x86_64-linux-gnu.so
7f327fc1c000-7f327fc73000 r-xp 0000a000 00:216 79668343313               /mnt/primary/conda-envs/semantic_uncertainty_export/lib/python3.11/site-packages/sklearn/metrics/_dist_metrics.cpython-311-x86_64-linux-gnu.so
7f327fc73000-7f327fc87000 r--p 00061000 00:216 79668343313               /mnt/primary/conda-envs/semantic_uncertainty_export/lib/python3.11/site-packages/sklearn/metrics/_dist_metrics.cpython-311-x86_64-linux-gnu.so
7f327fc87000-7f327fc88000 r--p 00074000 00:216 79668343313               /mnt/primary/conda-envs/semantic_uncertainty_export/lib/python3.11/site-packages/sklearn/metrics/_dist_metrics.cpython-311-x86_64-linux-gnu.so
7f327fc88000-7f327fc93000 rw-p 00075000 00:216 79668343313               /mnt/primary/conda-envs/semantic_uncertainty_export/lib/python3.11/site-packages/sklearn/metrics/_dist_metrics.cpython-311-x86_64-linux-gnu.so
7f327fc93000-7f327fc95000 rw-p 00000000 00:00 0 
7f327fc95000-7f327fc98000 rw-p 0009c000 00:216 79668343313               /mnt/primary/conda-envs/semantic_uncertainty_export/lib/python3.11/site-packages/sklearn/metrics/_dist_metrics.cpython-311-x86_64-linux-gnu.so
7f327fc98000-7f327fca0000 r--p 00000000 00:216 107408755242              /mnt/primary/conda-envs/semantic_uncertainty_export/lib/python3.11/site-packages/sklearn/preprocessing/_target_encoder_fast.cpython-311-x86_64-linux-gnu.so
7f327fca0000-7f327fcec000 r-xp 00008000 00:216 107408755242              /mnt/primary/conda-envs/semantic_uncertainty_export/lib/python3.11/site-packages/sklearn/preprocessing/_target_encoder_fast.cpython-311-x86_64-linux-gnu.so
7f327fcec000-7f327fcf5000 r--p 00054000 00:216 107408755242              /mnt/primary/conda-envs/semantic_uncertainty_export/lib/python3.11/site-packages/sklearn/preprocessing/_target_encoder_fast.cpython-311-x86_64-linux-gnu.so
7f327fcf5000-7f327fcf6000 r--p 0005c000 00:216 107408755242              /mnt/primary/conda-envs/semantic_uncertainty_export/lib/python3.11/site-packages/sklearn/preprocessing/_target_encoder_fast.cpython-311-x86_64-linux-gnu.so
7f327fcf6000-7f327fcfa000 rw-p 0005d000 00:216 107408755242              /mnt/primary/conda-envs/semantic_uncertainty_export/lib/python3.11/site-packages/sklearn/preprocessing/_target_encoder_fast.cpython-311-x86_64-linux-gnu.so
7f327fcfa000-7f327fcfb000 rw-p 00000000 00:00 0 
7f327fcfb000-7f327fd00000 rw-p 0007c000 00:216 107408755242              /mnt/primary/conda-envs/semantic_uncertainty_export/lib/python3.11/site-packages/sklearn/preprocessing/_target_encoder_fast.cpython-311-x86_64-linux-gnu.so
7f327fd00000-7f327fe00000 rw-p 00000000 00:00 0 
7f327fe00000-7f327fe01000 ---p 00000000 00:00 0 
7f327fe01000-7f3280601000 rw-p 00000000 00:00 0 
7f3280605000-7f328060a000 rw-p 00000000 00:00 0 
7f328060a000-7f3280611000 ---p 00000000 00:00 0 
7f3280611000-7f3280613000 r--p 00000000 08:04 1102532931                 /usr/lib/jvm/java-11-openjdk-amd64/lib/libzip.so
7f3280613000-7f3280618000 r-xp 00002000 08:04 1102532931                 /usr/lib/jvm/java-11-openjdk-amd64/lib/libzip.so
7f3280618000-7f328061a000 r--p 00007000 08:04 1102532931                 /usr/lib/jvm/java-11-openjdk-amd64/lib/libzip.so
7f328061a000-7f328061b000 r--p 00008000 08:04 1102532931                 /usr/lib/jvm/java-11-openjdk-amd64/lib/libzip.so
7f328061b000-7f328061c000 rw-p 00009000 08:04 1102532931                 /usr/lib/jvm/java-11-openjdk-amd64/lib/libzip.so
7f328061c000-7f3280623000 r--p 00000000 00:216 85912917561               /mnt/primary/conda-envs/semantic_uncertainty_export/lib/python3.11/site-packages/sklearn/metrics/_pairwise_distances_reduction/_argkmin.cpython-311-x86_64-linux-gnu.so
7f3280623000-7f328064c000 r-xp 00007000 00:216 85912917561               /mnt/primary/conda-envs/semantic_uncertainty_export/lib/python3.11/site-packages/sklearn/metrics/_pairwise_distances_reduction/_argkmin.cpython-311-x86_64-linux-gnu.so
7f328064c000-7f3280655000 r--p 00030000 00:216 85912917561               /mnt/primary/conda-envs/semantic_uncertainty_export/lib/python3.11/site-packages/sklearn/metrics/_pairwise_distances_reduction/_argkmin.cpython-311-x86_64-linux-gnu.so
7f3280655000-7f3280656000 r--p 00038000 00:216 85912917561               /mnt/primary/conda-envs/semantic_uncertainty_export/lib/python3.11/site-packages/sklearn/metrics/_pairwise_distances_reduction/_argkmin.cpython-311-x86_64-linux-gnu.so
7f3280656000-7f328065a000 rw-p 00039000 00:216 85912917561               /mnt/primary/conda-envs/semantic_uncertainty_export/lib/python3.11/site-packages/sklearn/metrics/_pairwise_distances_reduction/_argkmin.cpython-311-x86_64-linux-gnu.so
7f328065a000-7f328065b000 rw-p 00000000 00:00 0 
7f328065b000-7f3280660000 rw-p 00051000 00:216 85912917561               /mnt/primary/conda-envs/semantic_uncertainty_export/lib/python3.11/site-packages/sklearn/metrics/_pairwise_distances_reduction/_argkmin.cpython-311-x86_64-linux-gnu.so
7f3280660000-7f3280669000 r--p 00000000 00:216 120262026777              /mnt/primary/conda-envs/semantic_uncertainty_export/lib/python3.11/site-packages/sklearn/utils/sparsefuncs_fast.cpython-311-x86_64-linux-gnu.so
7f3280669000-7f32806e8000 r-xp 00009000 00:216 120262026777              /mnt/primary/conda-envs/semantic_uncertainty_export/lib/python3.11/site-packages/sklearn/utils/sparsefuncs_fast.cpython-311-x86_64-linux-gnu.so
7f32806e8000-7f32806f3000 r--p 00088000 00:216 120262026777              /mnt/primary/conda-envs/semantic_uncertainty_export/lib/python3.11/site-packages/sklearn/utils/sparsefuncs_fast.cpython-311-x86_64-linux-gnu.so
7f32806f3000-7f32806f4000 ---p 00093000 00:216 120262026777              /mnt/primary/conda-envs/semantic_uncertainty_export/lib/python3.11/site-packages/sklearn/utils/sparsefuncs_fast.cpython-311-x86_64-linux-gnu.so
7f32806f4000-7f32806f5000 r--p 00093000 00:216 120262026777              /mnt/primary/conda-envs/semantic_uncertainty_export/lib/python3.11/site-packages/sklearn/utils/sparsefuncs_fast.cpython-311-x86_64-linux-gnu.so
7f32806f5000-7f32806fb000 rw-p 00094000 00:216 120262026777              /mnt/primary/conda-envs/semantic_uncertainty_export/lib/python3.11/site-packages/sklearn/utils/sparsefuncs_fast.cpython-311-x86_64-linux-gnu.so
7f32806fb000-7f32806fd000 rw-p 00000000 00:00 0 
7f32806fd000-7f3280700000 rw-p 000ad000 00:216 120262026777              /mnt/primary/conda-envs/semantic_uncertainty_export/lib/python3.11/site-packages/sklearn/utils/sparsefuncs_fast.cpython-311-x86_64-linux-gnu.so
7f3280700000-7f3280800000 rw-p 00000000 00:00 0 
7f3280800000-7f3282800000 rw-p 00000000 00:00 0 
7f3282800000-7f3282a00000 rw-p 00000000 00:00 0 
7f3282a00000-7f3284a00000 rw-p 00000000 00:00 0 
7f3284a00000-7f3284c00000 rw-p 00000000 00:00 0 
7f3284c00000-7f3284c01000 ---p 00000000 00:00 0 
7f3284c01000-7f3285401000 rw-p 00000000 00:00 0 
7f3285403000-7f3285408000 r--p 00000000 08:04 1102532930                 /usr/lib/jvm/java-11-openjdk-amd64/lib/libverify.so
7f3285408000-7f328540f000 r-xp 00005000 08:04 1102532930                 /usr/lib/jvm/java-11-openjdk-amd64/lib/libverify.so
7f328540f000-7f3285411000 r--p 0000c000 08:04 1102532930                 /usr/lib/jvm/java-11-openjdk-amd64/lib/libverify.so
7f3285411000-7f3285413000 r--p 0000d000 08:04 1102532930                 /usr/lib/jvm/java-11-openjdk-amd64/lib/libverify.so
7f3285413000-7f3285414000 rw-p 0000f000 08:04 1102532930                 /usr/lib/jvm/java-11-openjdk-amd64/lib/libverify.so
7f3285414000-7f3285418000 r--p 00000000 00:216 120262026760              /mnt/primary/conda-envs/semantic_uncertainty_export/lib/python3.11/site-packages/sklearn/utils/_vector_sentinel.cpython-311-x86_64-linux-gnu.so
7f3285418000-7f3285427000 r-xp 00004000 00:216 120262026760              /mnt/primary/conda-envs/semantic_uncertainty_export/lib/python3.11/site-packages/sklearn/utils/_vector_sentinel.cpython-311-x86_64-linux-gnu.so
7f3285427000-7f328542b000 r--p 00013000 00:216 120262026760              /mnt/primary/conda-envs/semantic_uncertainty_export/lib/python3.11/site-packages/sklearn/utils/_vector_sentinel.cpython-311-x86_64-linux-gnu.so
7f328542b000-7f328542c000 r--p 00016000 00:216 120262026760              /mnt/primary/conda-envs/semantic_uncertainty_export/lib/python3.11/site-packages/sklearn/utils/_vector_sentinel.cpython-311-x86_64-linux-gnu.so
7f328542c000-7f328542e000 rw-p 00017000 00:216 120262026760              /mnt/primary/conda-envs/semantic_uncertainty_export/lib/python3.11/site-packages/sklearn/utils/_vector_sentinel.cpython-311-x86_64-linux-gnu.so
7f328542e000-7f3285430000 rw-p 00021000 00:216 120262026760              /mnt/primary/conda-envs/semantic_uncertainty_export/lib/python3.11/site-packages/sklearn/utils/_vector_sentinel.cpython-311-x86_64-linux-gnu.so
7f3285430000-7f3285438000 r--p 00000000 00:216 107408755241              /mnt/primary/conda-envs/semantic_uncertainty_export/lib/python3.11/site-packages/sklearn/preprocessing/_csr_polynomial_expansion.cpython-311-x86_64-linux-gnu.so
7f3285438000-7f328546a000 r-xp 00008000 00:216 107408755241              /mnt/primary/conda-envs/semantic_uncertainty_export/lib/python3.11/site-packages/sklearn/preprocessing/_csr_polynomial_expansion.cpython-311-x86_64-linux-gnu.so
7f328546a000-7f3285473000 r--p 0003a000 00:216 107408755241              /mnt/primary/conda-envs/semantic_uncertainty_export/lib/python3.11/site-packages/sklearn/preprocessing/_csr_polynomial_expansion.cpython-311-x86_64-linux-gnu.so
7f3285473000-7f3285474000 r--p 00042000 00:216 107408755241              /mnt/primary/conda-envs/semantic_uncertainty_export/lib/python3.11/site-packages/sklearn/preprocessing/_csr_polynomial_expansion.cpython-311-x86_64-linux-gnu.so
7f3285474000-7f3285479000 rw-p 00043000 00:216 107408755241              /mnt/primary/conda-envs/semantic_uncertainty_export/lib/python3.11/site-packages/sklearn/preprocessing/_csr_polynomial_expansion.cpython-311-x86_64-linux-gnu.so
7f3285479000-7f328547a000 rw-p 00000000 00:00 0 
7f328547a000-7f328547d000 rw-p 00054000 00:216 107408755241              /mnt/primary/conda-envs/semantic_uncertainty_export/lib/python3.11/site-packages/sklearn/preprocessing/_csr_polynomial_expansion.cpython-311-x86_64-linux-gnu.so
7f328547d000-7f3285482000 r--p 00000000 00:216 120262025723              /mnt/primary/conda-envs/semantic_uncertainty_export/lib/python3.11/site-packages/sklearn/utils/_logistic_sigmoid.cpython-311-x86_64-linux-gnu.so
7f3285482000-7f3285498000 r-xp 00005000 00:216 120262025723              /mnt/primary/conda-envs/semantic_uncertainty_export/lib/python3.11/site-packages/sklearn/utils/_logistic_sigmoid.cpython-311-x86_64-linux-gnu.so
7f3285498000-7f328549e000 r--p 0001b000 00:216 120262025723              /mnt/primary/conda-envs/semantic_uncertainty_export/lib/python3.11/site-packages/sklearn/utils/_logistic_sigmoid.cpython-311-x86_64-linux-gnu.so
7f328549e000-7f328549f000 r--p 00020000 00:216 120262025723              /mnt/primary/conda-envs/semantic_uncertainty_export/lib/python3.11/site-packages/sklearn/utils/_logistic_sigmoid.cpython-311-x86_64-linux-gnu.so
7f328549f000-7f32854a2000 rw-p 00021000 00:216 120262025723              /mnt/primary/conda-envs/semantic_uncertainty_export/lib/python3.11/site-packages/sklearn/utils/_logistic_sigmoid.cpython-311-x86_64-linux-gnu.so
7f32854a2000-7f32854a5000 rw-p 0002b000 00:216 120262025723              /mnt/primary/conda-envs/semantic_uncertainty_export/lib/python3.11/site-packages/sklearn/utils/_logistic_sigmoid.cpython-311-x86_64-linux-gnu.so
7f32854a5000-7f32854a9000 r--p 00000000 00:216 135689858102              /mnt/primary/conda-envs/semantic_uncertainty_export/lib/python3.11/site-packages/lz4/frame/_frame.cpython-311-x86_64-linux-gnu.so
7f32854a9000-7f32854d8000 r-xp 00004000 00:216 135689858102              /mnt/primary/conda-envs/semantic_uncertainty_export/lib/python3.11/site-packages/lz4/frame/_frame.cpython-311-x86_64-linux-gnu.so
7f32854d8000-7f32854df000 r--p 00033000 00:216 135689858102              /mnt/primary/conda-envs/semantic_uncertainty_export/lib/python3.11/site-packages/lz4/frame/_frame.cpython-311-x86_64-linux-gnu.so
7f32854df000-7f32854e0000 r--p 00039000 00:216 135689858102              /mnt/primary/conda-envs/semantic_uncertainty_export/lib/python3.11/site-packages/lz4/frame/_frame.cpython-311-x86_64-linux-gnu.so
7f32854e0000-7f32854e1000 rw-p 0003a000 00:216 135689858102              /mnt/primary/conda-envs/semantic_uncertainty_export/lib/python3.11/site-packages/lz4/frame/_frame.cpython-311-x86_64-linux-gnu.so
7f32854e1000-7f32854e3000 r--p 00000000 00:216 133230551071              /mnt/primary/conda-envs/semantic_uncertainty_export/lib/python3.11/site-packages/lz4/_version.cpython-311-x86_64-linux-gnu.so
7f32854e3000-7f32854fc000 r-xp 00002000 00:216 133230551071              /mnt/primary/conda-envs/semantic_uncertainty_export/lib/python3.11/site-packages/lz4/_version.cpython-311-x86_64-linux-gnu.so
7f32854fc000-7f32854fd000 r--p 0001b000 00:216 133230551071              /mnt/primary/conda-envs/semantic_uncertainty_export/lib/python3.11/site-packages/lz4/_version.cpython-311-x86_64-linux-gnu.so
7f32854fd000-7f32854fe000 ---p 0001c000 00:216 133230551071              /mnt/primary/conda-envs/semantic_uncertainty_export/lib/python3.11/site-packages/lz4/_version.cpython-311-x86_64-linux-gnu.so
7f32854fe000-7f32854ff000 r--p 0001c000 00:216 133230551071              /mnt/primary/conda-envs/semantic_uncertainty_export/lib/python3.11/site-packages/lz4/_version.cpython-311-x86_64-linux-gnu.so
7f32854ff000-7f3285500000 rw-p 0001d000 00:216 133230551071              /mnt/primary/conda-envs/semantic_uncertainty_export/lib/python3.11/site-packages/lz4/_version.cpython-311-x86_64-linux-gnu.so
7f3285500000-7f3285600000 rw-p 00000000 00:00 0 
7f3285600000-7f3287600000 rw-p 00000000 00:00 0 
7f3287607000-7f328760f000 r--p 00000000 00:216 98787895812               /mnt/primary/conda-envs/semantic_uncertainty_export/lib/python3.11/site-packages/_cffi_backend.cpython-311-x86_64-linux-gnu.so
7f328760f000-7f3287626000 r-xp 00008000 00:216 98787895812               /mnt/primary/conda-envs/semantic_uncertainty_export/lib/python3.11/site-packages/_cffi_backend.cpython-311-x86_64-linux-gnu.so
7f3287626000-7f3287631000 r--p 0001f000 00:216 98787895812               /mnt/primary/conda-envs/semantic_uncertainty_export/lib/python3.11/site-packages/_cffi_backend.cpython-311-x86_64-linux-gnu.so
7f3287631000-7f3287633000 r--p 00029000 00:216 98787895812               /mnt/primary/conda-envs/semantic_uncertainty_export/lib/python3.11/site-packages/_cffi_backend.cpython-311-x86_64-linux-gnu.so
7f3287633000-7f3287636000 rw-p 0002b000 00:216 98787895812               /mnt/primary/conda-envs/semantic_uncertainty_export/lib/python3.11/site-packages/_cffi_backend.cpython-311-x86_64-linux-gnu.so
7f3287636000-7f3287739000 rw-p 00000000 00:00 0 
7f3287739000-7f3287749000 r--p 00000000 00:216 83815412257               /mnt/primary/conda-envs/semantic_uncertainty_export/lib/python3.11/site-packages/regex/_regex.cpython-311-x86_64-linux-gnu.so
7f3287749000-7f3287780000 r-xp 00010000 00:216 83815412257               /mnt/primary/conda-envs/semantic_uncertainty_export/lib/python3.11/site-packages/regex/_regex.cpython-311-x86_64-linux-gnu.so
7f3287780000-7f32877f6000 r--p 00047000 00:216 83815412257               /mnt/primary/conda-envs/semantic_uncertainty_export/lib/python3.11/site-packages/regex/_regex.cpython-311-x86_64-linux-gnu.so
7f32877f6000-7f32877f7000 r--p 000bc000 00:216 83815412257               /mnt/primary/conda-envs/semantic_uncertainty_export/lib/python3.11/site-packages/regex/_regex.cpython-311-x86_64-linux-gnu.so
7f32877f7000-7f3287800000 rw-p 000bd000 00:216 83815412257               /mnt/primary/conda-envs/semantic_uncertainty_export/lib/python3.11/site-packages/regex/_regex.cpython-311-x86_64-linux-gnu.so
7f3287800000-7f3289800000 rw-p 00000000 00:00 0 
7f3289800000-7f3289a00000 rw-p 00000000 00:00 0 
7f3289a00000-7f328ba00000 rw-p 00000000 00:00 0 
7f328ba00000-7f328bc00000 rw-p 00000000 00:00 0 
7f328bc00000-7f328dc00000 rw-p 00000000 00:00 0 
7f328dc00000-7f328dc08000 rw-s 00000000 08:04 572159747                  /tmp/hsperfdata_root/14127 (deleted)
7f328dc08000-7f328dc09000 r--p 00000000 00:216 40842127929               /mnt/primary/conda-envs/semantic_uncertainty_export/lib/python3.11/site-packages/torchvision.libs/libsharpyuv.5c41a003.so.0
7f328dc09000-7f328dc0e000 r-xp 00001000 00:216 40842127929               /mnt/primary/conda-envs/semantic_uncertainty_export/lib/python3.11/site-packages/torchvision.libs/libsharpyuv.5c41a003.so.0
7f328dc0e000-7f328dc0f000 r--p 00006000 00:216 40842127929               /mnt/primary/conda-envs/semantic_uncertainty_export/lib/python3.11/site-packages/torchvision.libs/libsharpyuv.5c41a003.so.0
7f328dc0f000-7f328dc10000 r--p 00006000 00:216 40842127929               /mnt/primary/conda-envs/semantic_uncertainty_export/lib/python3.11/site-packages/torchvision.libs/libsharpyuv.5c41a003.so.0
7f328dc10000-7f328dc11000 rw-p 00007000 00:216 40842127929               /mnt/primary/conda-envs/semantic_uncertainty_export/lib/python3.11/site-packages/torchvision.libs/libsharpyuv.5c41a003.so.0
7f328dc11000-7f328dc12000 rw-p 00000000 00:00 0 
7f328dc12000-7f328dc15000 r--p 00000000 00:216 103089116719              /mnt/primary/conda-envs/semantic_uncertainty_export/lib/python3.11/site-packages/brotli/_brotli.abi3.so
7f328dc15000-7f328dc55000 r-xp 00003000 00:216 103089116719              /mnt/primary/conda-envs/semantic_uncertainty_export/lib/python3.11/site-packages/brotli/_brotli.abi3.so
7f328dc55000-7f328dcc3000 r--p 00043000 00:216 103089116719              /mnt/primary/conda-envs/semantic_uncertainty_export/lib/python3.11/site-packages/brotli/_brotli.abi3.so
7f328dcc3000-7f328dcc4000 r--p 000b0000 00:216 103089116719              /mnt/primary/conda-envs/semantic_uncertainty_export/lib/python3.11/site-packages/brotli/_brotli.abi3.so
7f328dcc4000-7f328dcc5000 rw-p 000b1000 00:216 103089116719              /mnt/primary/conda-envs/semantic_uncertainty_export/lib/python3.11/site-packages/brotli/_brotli.abi3.so
7f328dcc5000-7f328dcce000 r--p 00000000 00:216 159264572967              /mnt/primary/conda-envs/semantic_uncertainty_export/lib/python3.11/site-packages/matplotlib/_image.cpython-311-x86_64-linux-gnu.so
7f328dcce000-7f328dcf7000 r-xp 00009000 00:216 159264572967              /mnt/primary/conda-envs/semantic_uncertainty_export/lib/python3.11/site-packages/matplotlib/_image.cpython-311-x86_64-linux-gnu.so
7f328dcf7000-7f328dcfd000 r--p 00032000 00:216 159264572967              /mnt/primary/conda-envs/semantic_uncertainty_export/lib/python3.11/site-packages/matplotlib/_image.cpython-311-x86_64-linux-gnu.so
7f328dcfd000-7f328dcfe000 r--p 00037000 00:216 159264572967              /mnt/primary/conda-envs/semantic_uncertainty_export/lib/python3.11/site-packages/matplotlib/_image.cpython-311-x86_64-linux-gnu.so
7f328dcfe000-7f328dcff000 rw-p 00038000 00:216 159264572967              /mnt/primary/conda-envs/semantic_uncertainty_export/lib/python3.11/site-packages/matplotlib/_image.cpython-311-x86_64-linux-gnu.so
7f328dcff000-7f328de00000 rw-p 00000000 00:00 0 
7f328de00000-7f328fe00000 rw-p 00000000 00:00 0 
7f328fe00000-7f3290000000 rw-p 00000000 00:00 0 
7f3290000000-7f3290021000 rw-p 00000000 00:00 0 
7f3290021000-7f3294000000 ---p 00000000 00:00 0 
7f3294006000-7f3294106000 rw-p 00000000 00:00 0 
7f3294106000-7f329410d000 r--p 00000000 00:216 165573261858              /mnt/primary/conda-envs/semantic_uncertainty_export/lib/python3.11/site-packages/kiwisolver/_cext.cpython-311-x86_64-linux-gnu.so
7f329410d000-7f3294131000 r-xp 00007000 00:216 165573261858              /mnt/primary/conda-envs/semantic_uncertainty_export/lib/python3.11/site-packages/kiwisolver/_cext.cpython-311-x86_64-linux-gnu.so
7f3294131000-7f3294137000 r--p 0002b000 00:216 165573261858              /mnt/primary/conda-envs/semantic_uncertainty_export/lib/python3.11/site-packages/kiwisolver/_cext.cpython-311-x86_64-linux-gnu.so
7f3294137000-7f3294138000 r--p 00030000 00:216 165573261858              /mnt/primary/conda-envs/semantic_uncertainty_export/lib/python3.11/site-packages/kiwisolver/_cext.cpython-311-x86_64-linux-gnu.so
7f3294138000-7f3294139000 rw-p 00031000 00:216 165573261858              /mnt/primary/conda-envs/semantic_uncertainty_export/lib/python3.11/site-packages/kiwisolver/_cext.cpython-311-x86_64-linux-gnu.so
7f3294139000-7f329413a000 rw-p 00000000 00:00 0 
7f329413a000-7f329414b000 r--p 00000000 00:216 159264572985              /mnt/primary/conda-envs/semantic_uncertainty_export/lib/python3.11/site-packages/matplotlib/ft2font.cpython-311-x86_64-linux-gnu.so
7f329414b000-7f32941d2000 r-xp 00011000 00:216 159264572985              /mnt/primary/conda-envs/semantic_uncertainty_export/lib/python3.11/site-packages/matplotlib/ft2font.cpython-311-x86_64-linux-gnu.so
7f32941d2000-7f32941fd000 r--p 00098000 00:216 159264572985              /mnt/primary/conda-envs/semantic_uncertainty_export/lib/python3.11/site-packages/matplotlib/ft2font.cpython-311-x86_64-linux-gnu.so
7f32941fd000-7f3294203000 r--p 000c2000 00:216 159264572985              /mnt/primary/conda-envs/semantic_uncertainty_export/lib/python3.11/site-packages/matplotlib/ft2font.cpython-311-x86_64-linux-gnu.so
7f3294203000-7f3294204000 rw-p 000c8000 00:216 159264572985              /mnt/primary/conda-envs/semantic_uncertainty_export/lib/python3.11/site-packages/matplotlib/ft2font.cpython-311-x86_64-linux-gnu.so
7f3294204000-7f3294506000 rw-p 00000000 00:00 0 
7f3294506000-7f3294510000 r--p 00000000 00:216 159266954755              /mnt/primary/conda-envs/semantic_uncertainty_export/lib/python3.11/site-packages/matplotlib/_path.cpython-311-x86_64-linux-gnu.so
7f3294510000-7f3294532000 r-xp 0000a000 00:216 159266954755              /mnt/primary/conda-envs/semantic_uncertainty_export/lib/python3.11/site-packages/matplotlib/_path.cpython-311-x86_64-linux-gnu.so
7f3294532000-7f3294539000 r--p 0002c000 00:216 159266954755              /mnt/primary/conda-envs/semantic_uncertainty_export/lib/python3.11/site-packages/matplotlib/_path.cpython-311-x86_64-linux-gnu.so
7f3294539000-7f329453a000 r--p 00032000 00:216 159266954755              /mnt/primary/conda-envs/semantic_uncertainty_export/lib/python3.11/site-packages/matplotlib/_path.cpython-311-x86_64-linux-gnu.so
7f329453a000-7f329453b000 rw-p 00033000 00:216 159266954755              /mnt/primary/conda-envs/semantic_uncertainty_export/lib/python3.11/site-packages/matplotlib/_path.cpython-311-x86_64-linux-gnu.so
7f329453b000-7f329463c000 rw-p 00000000 00:00 0 
7f329463c000-7f3294646000 r--p 00000000 00:216 70898546191               /mnt/primary/conda-envs/semantic_uncertainty_export/lib/libLerc.so
7f3294646000-7f32946cd000 r-xp 0000a000 00:216 70898546191               /mnt/primary/conda-envs/semantic_uncertainty_export/lib/libLerc.so
7f32946cd000-7f32946d5000 r--p 00091000 00:216 70898546191               /mnt/primary/conda-envs/semantic_uncertainty_export/lib/libLerc.so
7f32946d5000-7f32946d6000 ---p 00099000 00:216 70898546191               /mnt/primary/conda-envs/semantic_uncertainty_export/lib/libLerc.so
7f32946d6000-7f32946d7000 r--p 00099000 00:216 70898546191               /mnt/primary/conda-envs/semantic_uncertainty_export/lib/libLerc.so
7f32946d7000-7f32946d8000 rw-p 0009a000 00:216 70898546191               /mnt/primary/conda-envs/semantic_uncertainty_export/lib/libLerc.so
7f32946d8000-7f32946e6000 r--p 00000000 00:216 70923272745               /mnt/primary/conda-envs/semantic_uncertainty_export/lib/libzstd.so.1.5.5
7f32946e6000-7f32947d0000 r-xp 0000e000 00:216 70923272745               /mnt/primary/conda-envs/semantic_uncertainty_export/lib/libzstd.so.1.5.5
7f32947d0000-7f32947e5000 r--p 000f8000 00:216 70923272745               /mnt/primary/conda-envs/semantic_uncertainty_export/lib/libzstd.so.1.5.5
7f32947e5000-7f32947e6000 ---p 0010d000 00:216 70923272745               /mnt/primary/conda-envs/semantic_uncertainty_export/lib/libzstd.so.1.5.5
7f32947e6000-7f32947e7000 r--p 0010d000 00:216 70923272745               /mnt/primary/conda-envs/semantic_uncertainty_export/lib/libzstd.so.1.5.5
7f32947e7000-7f32947e8000 rw-p 0010e000 00:216 70923272745               /mnt/primary/conda-envs/semantic_uncertainty_export/lib/libzstd.so.1.5.5
7f32947e8000-7f32947eb000 r--p 00000000 00:216 70898546233               /mnt/primary/conda-envs/semantic_uncertainty_export/lib/libwebp.so.7.1.8
7f32947eb000-7f329485b000 r-xp 00003000 00:216 70898546233               /mnt/primary/conda-envs/semantic_uncertainty_export/lib/libwebp.so.7.1.8
7f329485b000-7f329486f000 r--p 00073000 00:216 70898546233               /mnt/primary/conda-envs/semantic_uncertainty_export/lib/libwebp.so.7.1.8
7f329486f000-7f3294870000 r--p 00086000 00:216 70898546233               /mnt/primary/conda-envs/semantic_uncertainty_export/lib/libwebp.so.7.1.8
7f3294870000-7f3294871000 rw-p 00087000 00:216 70898546233               /mnt/primary/conda-envs/semantic_uncertainty_export/lib/libwebp.so.7.1.8
7f3294871000-7f3294872000 rw-p 00000000 00:00 0 
7f3294872000-7f329487b000 r--p 00000000 00:216 70924951580               /mnt/primary/conda-envs/semantic_uncertainty_export/lib/libtiff.so.6.0.1
7f329487b000-7f32948c9000 r-xp 00009000 00:216 70924951580               /mnt/primary/conda-envs/semantic_uncertainty_export/lib/libtiff.so.6.0.1
7f32948c9000-7f32948f9000 r--p 00057000 00:216 70924951580               /mnt/primary/conda-envs/semantic_uncertainty_export/lib/libtiff.so.6.0.1
7f32948f9000-7f32948fa000 ---p 00087000 00:216 70924951580               /mnt/primary/conda-envs/semantic_uncertainty_export/lib/libtiff.so.6.0.1
7f32948fa000-7f32948ff000 r--p 00087000 00:216 70924951580               /mnt/primary/conda-envs/semantic_uncertainty_export/lib/libtiff.so.6.0.1
7f32948ff000-7f3294900000 rw-p 0008c000 00:216 70924951580               /mnt/primary/conda-envs/semantic_uncertainty_export/lib/libtiff.so.6.0.1
7f3294900000-7f3294a00000 rw-p 00000000 00:00 0 
7f3294a00000-7f3294a01000 ---p 00000000 00:00 0 
7f3294a01000-7f3295201000 rw-p 00000000 00:00 0 
7f3295201000-7f3295203000 r--p 00000000 08:04 1102532913                 /usr/lib/jvm/java-11-openjdk-amd64/lib/libjimage.so
7f3295203000-7f3295206000 r-xp 00002000 08:04 1102532913                 /usr/lib/jvm/java-11-openjdk-amd64/lib/libjimage.so
7f3295206000-7f3295207000 r--p 00005000 08:04 1102532913                 /usr/lib/jvm/java-11-openjdk-amd64/lib/libjimage.so
7f3295207000-7f3295208000 ---p 00006000 08:04 1102532913                 /usr/lib/jvm/java-11-openjdk-amd64/lib/libjimage.so
7f3295208000-7f3295209000 r--p 00006000 08:04 1102532913                 /usr/lib/jvm/java-11-openjdk-amd64/lib/libjimage.so
7f3295209000-7f329520a000 rw-p 00007000 08:04 1102532913                 /usr/lib/jvm/java-11-openjdk-amd64/lib/libjimage.so
7f329520a000-7f329520d000 r--p 00000000 00:216 97122185263               /mnt/primary/conda-envs/semantic_uncertainty_export/lib/python3.11/site-packages/torch/lib/libshm.so
7f329520d000-7f3295210000 r-xp 00003000 00:216 97122185263               /mnt/primary/conda-envs/semantic_uncertainty_export/lib/python3.11/site-packages/torch/lib/libshm.so
7f3295210000-7f3295211000 r--p 00006000 00:216 97122185263               /mnt/primary/conda-envs/semantic_uncertainty_export/lib/python3.11/site-packages/torch/lib/libshm.so
7f3295211000-7f3295212000 ---p 00007000 00:216 97122185263               /mnt/primary/conda-envs/semantic_uncertainty_export/lib/python3.11/site-packages/torch/lib/libshm.so
7f3295212000-7f3295213000 r--p 00007000 00:216 97122185263               /mnt/primary/conda-envs/semantic_uncertainty_export/lib/python3.11/site-packages/torch/lib/libshm.so
7f3295213000-7f3295214000 rw-p 00008000 00:216 97122185263               /mnt/primary/conda-envs/semantic_uncertainty_export/lib/python3.11/site-packages/torch/lib/libshm.so
7f3295214000-7f3295216000 rw-p 0000b000 00:216 97122185263               /mnt/primary/conda-envs/semantic_uncertainty_export/lib/python3.11/site-packages/torch/lib/libshm.so
7f3295216000-7f329521f000 r--p 00000000 00:216 70925107724               /mnt/primary/conda-envs/semantic_uncertainty_export/lib/libopenjp2.so.2.4.0
7f329521f000-7f3295266000 r-xp 00009000 00:216 70925107724               /mnt/primary/conda-envs/semantic_uncertainty_export/lib/libopenjp2.so.2.4.0
7f3295266000-7f3295277000 r--p 00050000 00:216 70925107724               /mnt/primary/conda-envs/semantic_uncertainty_export/lib/libopenjp2.so.2.4.0
7f3295277000-7f3295279000 r--p 00060000 00:216 70925107724               /mnt/primary/conda-envs/semantic_uncertainty_export/lib/libopenjp2.so.2.4.0
7f3295279000-7f329527a000 rw-p 00062000 00:216 70925107724               /mnt/primary/conda-envs/semantic_uncertainty_export/lib/libopenjp2.so.2.4.0
7f329527a000-7f329528f000 r--p 00000000 00:216 161061898268              /mnt/primary/conda-envs/semantic_uncertainty_export/lib/python3.11/site-packages/PIL/_imaging.cpython-311-x86_64-linux-gnu.so
7f329528f000-7f32952e8000 r-xp 00015000 00:216 161061898268              /mnt/primary/conda-envs/semantic_uncertainty_export/lib/python3.11/site-packages/PIL/_imaging.cpython-311-x86_64-linux-gnu.so
7f32952e8000-7f32952f8000 r--p 0006e000 00:216 161061898268              /mnt/primary/conda-envs/semantic_uncertainty_export/lib/python3.11/site-packages/PIL/_imaging.cpython-311-x86_64-linux-gnu.so
7f32952f8000-7f32952fd000 r--p 0007d000 00:216 161061898268              /mnt/primary/conda-envs/semantic_uncertainty_export/lib/python3.11/site-packages/PIL/_imaging.cpython-311-x86_64-linux-gnu.so
7f32952fd000-7f3295300000 rw-p 00082000 00:216 161061898268              /mnt/primary/conda-envs/semantic_uncertainty_export/lib/python3.11/site-packages/PIL/_imaging.cpython-311-x86_64-linux-gnu.so
7f3295300000-7f3295400000 rw-p 00000000 00:00 0 
7f3295400000-7f3295401000 ---p 00000000 00:00 0 
7f3295401000-7f3295c01000 rw-p 00000000 00:00 0 
7f3295c01000-7f3295c04000 r--p 00000000 00:216 161061898270              /mnt/primary/conda-envs/semantic_uncertainty_export/lib/python3.11/site-packages/PIL/_imagingft.cpython-311-x86_64-linux-gnu.so
7f3295c04000-7f3295c07000 r-xp 00003000 00:216 161061898270              /mnt/primary/conda-envs/semantic_uncertainty_export/lib/python3.11/site-packages/PIL/_imagingft.cpython-311-x86_64-linux-gnu.so
7f3295c07000-7f3295c09000 r--p 00006000 00:216 161061898270              /mnt/primary/conda-envs/semantic_uncertainty_export/lib/python3.11/site-packages/PIL/_imagingft.cpython-311-x86_64-linux-gnu.so
7f3295c09000-7f3295c0a000 r--p 00007000 00:216 161061898270              /mnt/primary/conda-envs/semantic_uncertainty_export/lib/python3.11/site-packages/PIL/_imagingft.cpython-311-x86_64-linux-gnu.so
7f3295c0a000-7f3295c0b000 rw-p 00008000 00:216 161061898270              /mnt/primary/conda-envs/semantic_uncertainty_export/lib/python3.11/site-packages/PIL/_imagingft.cpython-311-x86_64-linux-gnu.so
7f3295c0b000-7f3295c0e000 r--p 00000000 00:216 45438356003               /mnt/primary/conda-envs/semantic_uncertainty_export/lib/python3.11/lib-dynload/_multibytecodec.cpython-311-x86_64-linux-gnu.so
7f3295c0e000-7f3295c14000 r-xp 00003000 00:216 45438356003               /mnt/primary/conda-envs/semantic_uncertainty_export/lib/python3.11/lib-dynload/_multibytecodec.cpython-311-x86_64-linux-gnu.so
7f3295c14000-7f3295c16000 r--p 00009000 00:216 45438356003               /mnt/primary/conda-envs/semantic_uncertainty_export/lib/python3.11/lib-dynload/_multibytecodec.cpython-311-x86_64-linux-gnu.so
7f3295c16000-7f3295c17000 ---p 0000b000 00:216 45438356003               /mnt/primary/conda-envs/semantic_uncertainty_export/lib/python3.11/lib-dynload/_multibytecodec.cpython-311-x86_64-linux-gnu.so
7f3295c17000-7f3295c18000 r--p 0000b000 00:216 45438356003               /mnt/primary/conda-envs/semantic_uncertainty_export/lib/python3.11/lib-dynload/_multibytecodec.cpython-311-x86_64-linux-gnu.so
7f3295c18000-7f3295c19000 rw-p 0000c000 00:216 45438356003               /mnt/primary/conda-envs/semantic_uncertainty_export/lib/python3.11/lib-dynload/_multibytecodec.cpython-311-x86_64-linux-gnu.so
7f3295c19000-7f3295c1d000 r--p 00000000 00:216 131461243965              /mnt/primary/conda-envs/semantic_uncertainty_export/lib/python3.11/site-packages/wrapt/_wrappers.cpython-311-x86_64-linux-gnu.so
7f3295c1d000-7f3295c22000 r-xp 00004000 00:216 131461243965              /mnt/primary/conda-envs/semantic_uncertainty_export/lib/python3.11/site-packages/wrapt/_wrappers.cpython-311-x86_64-linux-gnu.so
7f3295c22000-7f3295c24000 r--p 00009000 00:216 131461243965              /mnt/primary/conda-envs/semantic_uncertainty_export/lib/python3.11/site-packages/wrapt/_wrappers.cpython-311-x86_64-linux-gnu.so
7f3295c24000-7f3295c25000 r--p 0000a000 00:216 131461243965              /mnt/primary/conda-envs/semantic_uncertainty_export/lib/python3.11/site-packages/wrapt/_wrappers.cpython-311-x86_64-linux-gnu.so
7f3295c25000-7f3295c27000 rw-p 0000b000 00:216 131461243965              /mnt/primary/conda-envs/semantic_uncertainty_export/lib/python3.11/site-packages/wrapt/_wrappers.cpython-311-x86_64-linux-gnu.so
7f3295c27000-7f3295c28000 r--p 00000000 00:216 70898546196               /mnt/primary/conda-envs/semantic_uncertainty_export/lib/libdeflate.so.0
7f3295c28000-7f3295c35000 r-xp 00001000 00:216 70898546196               /mnt/primary/conda-envs/semantic_uncertainty_export/lib/libdeflate.so.0
7f3295c35000-7f3295c3a000 r--p 0000e000 00:216 70898546196               /mnt/primary/conda-envs/semantic_uncertainty_export/lib/libdeflate.so.0
7f3295c3a000-7f3295c3b000 r--p 00012000 00:216 70898546196               /mnt/primary/conda-envs/semantic_uncertainty_export/lib/libdeflate.so.0
7f3295c3b000-7f3295c3c000 rw-p 00013000 00:216 70898546196               /mnt/primary/conda-envs/semantic_uncertainty_export/lib/libdeflate.so.0
7f3295c3c000-7f3295c41000 r--p 00000000 00:216 70898546186               /mnt/primary/conda-envs/semantic_uncertainty_export/lib/libjpeg.so.9.5.0
7f3295c41000-7f3295c6f000 r-xp 00005000 00:216 70898546186               /mnt/primary/conda-envs/semantic_uncertainty_export/lib/libjpeg.so.9.5.0
7f3295c6f000-7f3295c78000 r--p 00033000 00:216 70898546186               /mnt/primary/conda-envs/semantic_uncertainty_export/lib/libjpeg.so.9.5.0
7f3295c78000-7f3295c79000 ---p 0003c000 00:216 70898546186               /mnt/primary/conda-envs/semantic_uncertainty_export/lib/libjpeg.so.9.5.0
7f3295c79000-7f3295c7a000 r--p 0003c000 00:216 70898546186               /mnt/primary/conda-envs/semantic_uncertainty_export/lib/libjpeg.so.9.5.0
7f3295c7a000-7f3295c7b000 rw-p 0003d000 00:216 70898546186               /mnt/primary/conda-envs/semantic_uncertainty_export/lib/libjpeg.so.9.5.0
7f3295c7b000-7f3295c82000 r--p 00000000 00:216 80070846498               /mnt/primary/conda-envs/semantic_uncertainty_export/lib/python3.11/site-packages/scipy/stats/_rcont/rcont.cpython-311-x86_64-linux-gnu.so
7f3295c82000-7f3295ca9000 r-xp 00007000 00:216 80070846498               /mnt/primary/conda-envs/semantic_uncertainty_export/lib/python3.11/site-packages/scipy/stats/_rcont/rcont.cpython-311-x86_64-linux-gnu.so
7f3295ca9000-7f3295cb7000 r--p 0002e000 00:216 80070846498               /mnt/primary/conda-envs/semantic_uncertainty_export/lib/python3.11/site-packages/scipy/stats/_rcont/rcont.cpython-311-x86_64-linux-gnu.so
7f3295cb7000-7f3295cb8000 r--p 0003b000 00:216 80070846498               /mnt/primary/conda-envs/semantic_uncertainty_export/lib/python3.11/site-packages/scipy/stats/_rcont/rcont.cpython-311-x86_64-linux-gnu.so
7f3295cb8000-7f3295cbb000 rw-p 0003c000 00:216 80070846498               /mnt/primary/conda-envs/semantic_uncertainty_export/lib/python3.11/site-packages/scipy/stats/_rcont/rcont.cpython-311-x86_64-linux-gnu.so
7f3295cbb000-7f3295cbc000 rw-p 00000000 00:00 0 
7f3295cbc000-7f3295cbe000 r--p 00000000 00:216 73089433150               /mnt/primary/conda-envs/semantic_uncertainty_export/lib/python3.11/site-packages/scipy/stats/_mvn.cpython-311-x86_64-linux-gnu.so
7f3295cbe000-7f3295cc7000 r-xp 00002000 00:216 73089433150               /mnt/primary/conda-envs/semantic_uncertainty_export/lib/python3.11/site-packages/scipy/stats/_mvn.cpython-311-x86_64-linux-gnu.so
7f3295cc7000-7f3295ccd000 r--p 0000b000 00:216 73089433150               /mnt/primary/conda-envs/semantic_uncertainty_export/lib/python3.11/site-packages/scipy/stats/_mvn.cpython-311-x86_64-linux-gnu.so
7f3295ccd000-7f3295cce000 r--p 00010000 00:216 73089433150               /mnt/primary/conda-envs/semantic_uncertainty_export/lib/python3.11/site-packages/scipy/stats/_mvn.cpython-311-x86_64-linux-gnu.so
7f3295cce000-7f3295cd0000 rw-p 00011000 00:216 73089433150               /mnt/primary/conda-envs/semantic_uncertainty_export/lib/python3.11/site-packages/scipy/stats/_mvn.cpython-311-x86_64-linux-gnu.so
7f3295cd0000-7f3295dc7000 rw-p 00000000 00:00 0 
7f3295dc7000-7f3295dce000 r--p 00000000 00:216 73089433130               /mnt/primary/conda-envs/semantic_uncertainty_export/lib/python3.11/site-packages/scipy/stats/_qmc_cy.cpython-311-x86_64-linux-gnu.so
7f3295dce000-7f3295df3000 r-xp 00007000 00:216 73089433130               /mnt/primary/conda-envs/semantic_uncertainty_export/lib/python3.11/site-packages/scipy/stats/_qmc_cy.cpython-311-x86_64-linux-gnu.so
7f3295df3000-7f3295dfb000 r--p 0002c000 00:216 73089433130               /mnt/primary/conda-envs/semantic_uncertainty_export/lib/python3.11/site-packages/scipy/stats/_qmc_cy.cpython-311-x86_64-linux-gnu.so
7f3295dfb000-7f3295dfc000 r--p 00033000 00:216 73089433130               /mnt/primary/conda-envs/semantic_uncertainty_export/lib/python3.11/site-packages/scipy/stats/_qmc_cy.cpython-311-x86_64-linux-gnu.so
7f3295dfc000-7f3295dff000 rw-p 00034000 00:216 73089433130               /mnt/primary/conda-envs/semantic_uncertainty_export/lib/python3.11/site-packages/scipy/stats/_qmc_cy.cpython-311-x86_64-linux-gnu.so
7f3295dff000-7f3295e00000 rw-p 00000000 00:00 0 
7f3295e00000-7f3297e00000 rw-p 00000000 00:00 0 
7f3297e02000-7f3297f02000 rw-p 00000000 00:00 0 
7f3297f02000-7f3297f09000 r--p 00000000 00:216 43233973784               /mnt/primary/conda-envs/semantic_uncertainty_export/lib/python3.11/site-packages/scipy/fft/_pocketfft/pypocketfft.cpython-311-x86_64-linux-gnu.so
7f3297f09000-7f3297fe1000 r-xp 00007000 00:216 43233973784               /mnt/primary/conda-envs/semantic_uncertainty_export/lib/python3.11/site-packages/scipy/fft/_pocketfft/pypocketfft.cpython-311-x86_64-linux-gnu.so
7f3297fe1000-7f3297ffb000 r--p 000df000 00:216 43233973784               /mnt/primary/conda-envs/semantic_uncertainty_export/lib/python3.11/site-packages/scipy/fft/_pocketfft/pypocketfft.cpython-311-x86_64-linux-gnu.so
7f3297ffb000-7f3297ffc000 ---p 000f9000 00:216 43233973784               /mnt/primary/conda-envs/semantic_uncertainty_export/lib/python3.11/site-packages/scipy/fft/_pocketfft/pypocketfft.cpython-311-x86_64-linux-gnu.so
7f3297ffc000-7f3297ffd000 r--p 000f9000 00:216 43233973784               /mnt/primary/conda-envs/semantic_uncertainty_export/lib/python3.11/site-packages/scipy/fft/_pocketfft/pypocketfft.cpython-311-x86_64-linux-gnu.so
7f3297ffd000-7f3297ffe000 rw-p 000fa000 00:216 43233973784               /mnt/primary/conda-envs/semantic_uncertainty_export/lib/python3.11/site-packages/scipy/fft/_pocketfft/pypocketfft.cpython-311-x86_64-linux-gnu.so
7f3297ffe000-7f3298000000 rw-p 00000000 00:00 0 
7f3298000000-7f3298029000 rw-p 00000000 00:00 0 
7f3298029000-7f329c000000 ---p 00000000 00:00 0 
7f329c002000-7f329c003000 r--p 00000000 00:216 70898546230               /mnt/primary/conda-envs/semantic_uncertainty_export/lib/libsharpyuv.so.0.0.1
7f329c003000-7f329c007000 r-xp 00001000 00:216 70898546230               /mnt/primary/conda-envs/semantic_uncertainty_export/lib/libsharpyuv.so.0.0.1
7f329c007000-7f329c008000 r--p 00005000 00:216 70898546230               /mnt/primary/conda-envs/semantic_uncertainty_export/lib/libsharpyuv.so.0.0.1
7f329c008000-7f329c009000 r--p 00005000 00:216 70898546230               /mnt/primary/conda-envs/semantic_uncertainty_export/lib/libsharpyuv.so.0.0.1
7f329c009000-7f329c00a000 rw-p 00006000 00:216 70898546230               /mnt/primary/conda-envs/semantic_uncertainty_export/lib/libsharpyuv.so.0.0.1
7f329c00a000-7f329c00b000 rw-p 00000000 00:00 0 
7f329c00b000-7f329c012000 r--p 00000000 00:216 73089433147               /mnt/primary/conda-envs/semantic_uncertainty_export/lib/python3.11/site-packages/scipy/stats/_sobol.cpython-311-x86_64-linux-gnu.so
7f329c012000-7f329c046000 r-xp 00007000 00:216 73089433147               /mnt/primary/conda-envs/semantic_uncertainty_export/lib/python3.11/site-packages/scipy/stats/_sobol.cpython-311-x86_64-linux-gnu.so
7f329c046000-7f329c04f000 r--p 0003b000 00:216 73089433147               /mnt/primary/conda-envs/semantic_uncertainty_export/lib/python3.11/site-packages/scipy/stats/_sobol.cpython-311-x86_64-linux-gnu.so
7f329c04f000-7f329c050000 r--p 00043000 00:216 73089433147               /mnt/primary/conda-envs/semantic_uncertainty_export/lib/python3.11/site-packages/scipy/stats/_sobol.cpython-311-x86_64-linux-gnu.so
7f329c050000-7f329c055000 rw-p 00044000 00:216 73089433147               /mnt/primary/conda-envs/semantic_uncertainty_export/lib/python3.11/site-packages/scipy/stats/_sobol.cpython-311-x86_64-linux-gnu.so
7f329c055000-7f329c056000 rw-p 00000000 00:00 0 
7f329c056000-7f329c05a000 r--p 00000000 00:216 55935434274               /mnt/primary/conda-envs/semantic_uncertainty_export/lib/python3.11/site-packages/scipy/_lib/_uarray/_uarray.cpython-311-x86_64-linux-gnu.so
7f329c05a000-7f329c06c000 r-xp 00004000 00:216 55935434274               /mnt/primary/conda-envs/semantic_uncertainty_export/lib/python3.11/site-packages/scipy/_lib/_uarray/_uarray.cpython-311-x86_64-linux-gnu.so
7f329c06c000-7f329c072000 r--p 00016000 00:216 55935434274               /mnt/primary/conda-envs/semantic_uncertainty_export/lib/python3.11/site-packages/scipy/_lib/_uarray/_uarray.cpython-311-x86_64-linux-gnu.so
7f329c072000-7f329c073000 r--p 0001b000 00:216 55935434274               /mnt/primary/conda-envs/semantic_uncertainty_export/lib/python3.11/site-packages/scipy/_lib/_uarray/_uarray.cpython-311-x86_64-linux-gnu.so
7f329c073000-7f329c074000 rw-p 0001c000 00:216 55935434274               /mnt/primary/conda-envs/semantic_uncertainty_export/lib/python3.11/site-packages/scipy/_lib/_uarray/_uarray.cpython-311-x86_64-linux-gnu.so
7f329c074000-7f329c078000 r--p 00000000 00:216 73089433136               /mnt/primary/conda-envs/semantic_uncertainty_export/lib/python3.11/site-packages/scipy/stats/_stats_pythran.cpython-311-x86_64-linux-gnu.so
7f329c078000-7f329c08d000 r-xp 00004000 00:216 73089433136               /mnt/primary/conda-envs/semantic_uncertainty_export/lib/python3.11/site-packages/scipy/stats/_stats_pythran.cpython-311-x86_64-linux-gnu.so
7f329c08d000-7f329c092000 r--p 00019000 00:216 73089433136               /mnt/primary/conda-envs/semantic_uncertainty_export/lib/python3.11/site-packages/scipy/stats/_stats_pythran.cpython-311-x86_64-linux-gnu.so
7f329c092000-7f329c093000 r--p 0001d000 00:216 73089433136               /mnt/primary/conda-envs/semantic_uncertainty_export/lib/python3.11/site-packages/scipy/stats/_stats_pythran.cpython-311-x86_64-linux-gnu.so
7f329c093000-7f329c094000 rw-p 0001e000 00:216 73089433136               /mnt/primary/conda-envs/semantic_uncertainty_export/lib/python3.11/site-packages/scipy/stats/_stats_pythran.cpython-311-x86_64-linux-gnu.so
7f329c094000-7f329c194000 rw-p 00000000 00:00 0 
7f329c194000-7f329c19a000 r--p 00000000 00:216 73087765042               /mnt/primary/conda-envs/semantic_uncertainty_export/lib/python3.11/site-packages/scipy/stats/_biasedurn.cpython-311-x86_64-linux-gnu.so
7f329c19a000-7f329c1c5000 r-xp 00006000 00:216 73087765042               /mnt/primary/conda-envs/semantic_uncertainty_export/lib/python3.11/site-packages/scipy/stats/_biasedurn.cpython-311-x86_64-linux-gnu.so
7f329c1c5000-7f329c1d5000 r--p 00031000 00:216 73087765042               /mnt/primary/conda-envs/semantic_uncertainty_export/lib/python3.11/site-packages/scipy/stats/_biasedurn.cpython-311-x86_64-linux-gnu.so
7f329c1d5000-7f329c1d6000 r--p 00040000 00:216 73087765042               /mnt/primary/conda-envs/semantic_uncertainty_export/lib/python3.11/site-packages/scipy/stats/_biasedurn.cpython-311-x86_64-linux-gnu.so
7f329c1d6000-7f329c1d9000 rw-p 00041000 00:216 73087765042               /mnt/primary/conda-envs/semantic_uncertainty_export/lib/python3.11/site-packages/scipy/stats/_biasedurn.cpython-311-x86_64-linux-gnu.so
7f329c1d9000-7f329c1db000 rw-p 00000000 00:00 0 
7f329c1db000-7f329c1e2000 r--p 00000000 00:216 126756728877              /mnt/primary/conda-envs/semantic_uncertainty_export/lib/python3.11/site-packages/scipy/interpolate/_rgi_cython.cpython-311-x86_64-linux-gnu.so
7f329c1e2000-7f329c209000 r-xp 00007000 00:216 126756728877              /mnt/primary/conda-envs/semantic_uncertainty_export/lib/python3.11/site-packages/scipy/interpolate/_rgi_cython.cpython-311-x86_64-linux-gnu.so
7f329c209000-7f329c211000 r--p 0002e000 00:216 126756728877              /mnt/primary/conda-envs/semantic_uncertainty_export/lib/python3.11/site-packages/scipy/interpolate/_rgi_cython.cpython-311-x86_64-linux-gnu.so
7f329c211000-7f329c212000 r--p 00035000 00:216 126756728877              /mnt/primary/conda-envs/semantic_uncertainty_export/lib/python3.11/site-packages/scipy/interpolate/_rgi_cython.cpython-311-x86_64-linux-gnu.so
7f329c212000-7f329c216000 rw-p 00036000 00:216 126756728877              /mnt/primary/conda-envs/semantic_uncertainty_export/lib/python3.11/site-packages/scipy/interpolate/_rgi_cython.cpython-311-x86_64-linux-gnu.so
7f329c216000-7f329c21a000 r--p 00000000 00:216 126726910078              /mnt/primary/conda-envs/semantic_uncertainty_export/lib/python3.11/site-packages/scipy/interpolate/_rbfinterp_pythran.cpython-311-x86_64-linux-gnu.so
7f329c21a000-7f329c246000 r-xp 00004000 00:216 126726910078              /mnt/primary/conda-envs/semantic_uncertainty_export/lib/python3.11/site-packages/scipy/interpolate/_rbfinterp_pythran.cpython-311-x86_64-linux-gnu.so
7f329c246000-7f329c24c000 r--p 00030000 00:216 126726910078              /mnt/primary/conda-envs/semantic_uncertainty_export/lib/python3.11/site-packages/scipy/interpolate/_rbfinterp_pythran.cpython-311-x86_64-linux-gnu.so
7f329c24c000-7f329c24d000 r--p 00035000 00:216 126726910078              /mnt/primary/conda-envs/semantic_uncertainty_export/lib/python3.11/site-packages/scipy/interpolate/_rbfinterp_pythran.cpython-311-x86_64-linux-gnu.so
7f329c24d000-7f329c24e000 rw-p 00036000 00:216 126726910078              /mnt/primary/conda-envs/semantic_uncertainty_export/lib/python3.11/site-packages/scipy/interpolate/_rbfinterp_pythran.cpython-311-x86_64-linux-gnu.so
7f329c24e000-7f329c256000 r--p 00000000 00:216 126756728874              /mnt/primary/conda-envs/semantic_uncertainty_export/lib/python3.11/site-packages/scipy/interpolate/interpnd.cpython-311-x86_64-linux-gnu.so
7f329c256000-7f329c296000 r-xp 00008000 00:216 126756728874              /mnt/primary/conda-envs/semantic_uncertainty_export/lib/python3.11/site-packages/scipy/interpolate/interpnd.cpython-311-x86_64-linux-gnu.so
7f329c296000-7f329c2a1000 r--p 00048000 00:216 126756728874              /mnt/primary/conda-envs/semantic_uncertainty_export/lib/python3.11/site-packages/scipy/interpolate/interpnd.cpython-311-x86_64-linux-gnu.so
7f329c2a1000-7f329c2a2000 r--p 00052000 00:216 126756728874              /mnt/primary/conda-envs/semantic_uncertainty_export/lib/python3.11/site-packages/scipy/interpolate/interpnd.cpython-311-x86_64-linux-gnu.so
7f329c2a2000-7f329c2a7000 rw-p 00053000 00:216 126756728874              /mnt/primary/conda-envs/semantic_uncertainty_export/lib/python3.11/site-packages/scipy/interpolate/interpnd.cpython-311-x86_64-linux-gnu.so
7f329c2a7000-7f329c2a8000 rw-p 00000000 00:00 0 
7f329c2a8000-7f329c2b0000 r--p 00000000 00:216 126756728871              /mnt/primary/conda-envs/semantic_uncertainty_export/lib/python3.11/site-packages/scipy/interpolate/_ppoly.cpython-311-x86_64-linux-gnu.so
7f329c2b0000-7f329c2ef000 r-xp 00008000 00:216 126756728871              /mnt/primary/conda-envs/semantic_uncertainty_export/lib/python3.11/site-packages/scipy/interpolate/_ppoly.cpython-311-x86_64-linux-gnu.so
7f329c2ef000-7f329c2f8000 r--p 00047000 00:216 126756728871              /mnt/primary/conda-envs/semantic_uncertainty_export/lib/python3.11/site-packages/scipy/interpolate/_ppoly.cpython-311-x86_64-linux-gnu.so
7f329c2f8000-7f329c2f9000 r--p 0004f000 00:216 126756728871              /mnt/primary/conda-envs/semantic_uncertainty_export/lib/python3.11/site-packages/scipy/interpolate/_ppoly.cpython-311-x86_64-linux-gnu.so
7f329c2f9000-7f329c2ff000 rw-p 00050000 00:216 126756728871              /mnt/primary/conda-envs/semantic_uncertainty_export/lib/python3.11/site-packages/scipy/interpolate/_ppoly.cpython-311-x86_64-linux-gnu.so
7f329c2ff000-7f329c300000 rw-p 00000000 00:00 0 
7f329c300000-7f329c307000 r--p 00000000 00:216 126756728892              /mnt/primary/conda-envs/semantic_uncertainty_export/lib/python3.11/site-packages/scipy/interpolate/_bspl.cpython-311-x86_64-linux-gnu.so
7f329c307000-7f329c33b000 r-xp 00007000 00:216 126756728892              /mnt/primary/conda-envs/semantic_uncertainty_export/lib/python3.11/site-packages/scipy/interpolate/_bspl.cpython-311-x86_64-linux-gnu.so
7f329c33b000-7f329c344000 r--p 0003b000 00:216 126756728892              /mnt/primary/conda-envs/semantic_uncertainty_export/lib/python3.11/site-packages/scipy/interpolate/_bspl.cpython-311-x86_64-linux-gnu.so
7f329c344000-7f329c345000 r--p 00043000 00:216 126756728892              /mnt/primary/conda-envs/semantic_uncertainty_export/lib/python3.11/site-packages/scipy/interpolate/_bspl.cpython-311-x86_64-linux-gnu.so
7f329c345000-7f329c34b000 rw-p 00044000 00:216 126756728892              /mnt/primary/conda-envs/semantic_uncertainty_export/lib/python3.11/site-packages/scipy/interpolate/_bspl.cpython-311-x86_64-linux-gnu.so
7f329c34b000-7f329c44c000 rw-p 00000000 00:00 0 
7f329c44c000-7f329c463000 r--p 00000000 00:216 49458313760               /mnt/primary/conda-envs/semantic_uncertainty_export/lib/python3.11/site-packages/scipy/special/cython_special.cpython-311-x86_64-linux-gnu.so
7f329c463000-7f329c645000 r-xp 00017000 00:216 49458313760               /mnt/primary/conda-envs/semantic_uncertainty_export/lib/python3.11/site-packages/scipy/special/cython_special.cpython-311-x86_64-linux-gnu.so
7f329c645000-7f329c682000 r--p 001f9000 00:216 49458313760               /mnt/primary/conda-envs/semantic_uncertainty_export/lib/python3.11/site-packages/scipy/special/cython_special.cpython-311-x86_64-linux-gnu.so
7f329c682000-7f329c683000 r--p 00235000 00:216 49458313760               /mnt/primary/conda-envs/semantic_uncertainty_export/lib/python3.11/site-packages/scipy/special/cython_special.cpython-311-x86_64-linux-gnu.so
7f329c683000-7f329c695000 rw-p 00236000 00:216 49458313760               /mnt/primary/conda-envs/semantic_uncertainty_export/lib/python3.11/site-packages/scipy/special/cython_special.cpython-311-x86_64-linux-gnu.so
7f329c695000-7f329c696000 rw-p 00000000 00:00 0 
7f329c696000-7f329c69a000 rw-p 002b3000 00:216 49458313760               /mnt/primary/conda-envs/semantic_uncertainty_export/lib/python3.11/site-packages/scipy/special/cython_special.cpython-311-x86_64-linux-gnu.so
7f329c69a000-7f329c6a9000 r--p 00000000 00:216 109564600854              /mnt/primary/conda-envs/semantic_uncertainty_export/lib/python3.11/site-packages/scipy/optimize/_highs/_highs_wrapper.cpython-311-x86_64-linux-gnu.so
7f329c6a9000-7f329c989000 r-xp 0000f000 00:216 109564600854              /mnt/primary/conda-envs/semantic_uncertainty_export/lib/python3.11/site-packages/scipy/optimize/_highs/_highs_wrapper.cpython-311-x86_64-linux-gnu.so
7f329c989000-7f329c9f2000 r--p 002ef000 00:216 109564600854              /mnt/primary/conda-envs/semantic_uncertainty_export/lib/python3.11/site-packages/scipy/optimize/_highs/_highs_wrapper.cpython-311-x86_64-linux-gnu.so
7f329c9f2000-7f329c9f3000 ---p 00358000 00:216 109564600854              /mnt/primary/conda-envs/semantic_uncertainty_export/lib/python3.11/site-packages/scipy/optimize/_highs/_highs_wrapper.cpython-311-x86_64-linux-gnu.so
7f329c9f3000-7f329c9f5000 r--p 00358000 00:216 109564600854              /mnt/primary/conda-envs/semantic_uncertainty_export/lib/python3.11/site-packages/scipy/optimize/_highs/_highs_wrapper.cpython-311-x86_64-linux-gnu.so
7f329c9f5000-7f329c9fc000 rw-p 0035a000 00:216 109564600854              /mnt/primary/conda-envs/semantic_uncertainty_export/lib/python3.11/site-packages/scipy/optimize/_highs/_highs_wrapper.cpython-311-x86_64-linux-gnu.so
7f329c9fc000-7f329ca00000 rw-p 00000000 00:00 0 
7f329ca00000-7f329ca01000 ---p 00000000 00:00 0 
7f329ca01000-7f329d201000 rw-p 00000000 00:00 0 
7f329d207000-7f329d20b000 r--p 00000000 00:216 45438355996               /mnt/primary/conda-envs/semantic_uncertainty_export/lib/python3.11/lib-dynload/_elementtree.cpython-311-x86_64-linux-gnu.so
7f329d20b000-7f329d214000 r-xp 00004000 00:216 45438355996               /mnt/primary/conda-envs/semantic_uncertainty_export/lib/python3.11/lib-dynload/_elementtree.cpython-311-x86_64-linux-gnu.so
7f329d214000-7f329d218000 r--p 0000d000 00:216 45438355996               /mnt/primary/conda-envs/semantic_uncertainty_export/lib/python3.11/lib-dynload/_elementtree.cpython-311-x86_64-linux-gnu.so
7f329d218000-7f329d219000 r--p 00010000 00:216 45438355996               /mnt/primary/conda-envs/semantic_uncertainty_export/lib/python3.11/lib-dynload/_elementtree.cpython-311-x86_64-linux-gnu.so
7f329d219000-7f329d21b000 rw-p 00011000 00:216 45438355996               /mnt/primary/conda-envs/semantic_uncertainty_export/lib/python3.11/lib-dynload/_elementtree.cpython-311-x86_64-linux-gnu.so
7f329d21b000-7f329d21f000 r--p 00000000 00:216 126756728880              /mnt/primary/conda-envs/semantic_uncertainty_export/lib/python3.11/site-packages/scipy/interpolate/dfitpack.cpython-311-x86_64-linux-gnu.so
7f329d21f000-7f329d25b000 r-xp 00004000 00:216 126756728880              /mnt/primary/conda-envs/semantic_uncertainty_export/lib/python3.11/site-packages/scipy/interpolate/dfitpack.cpython-311-x86_64-linux-gnu.so
7f329d25b000-7f329d266000 r--p 00040000 00:216 126756728880              /mnt/primary/conda-envs/semantic_uncertainty_export/lib/python3.11/site-packages/scipy/interpolate/dfitpack.cpython-311-x86_64-linux-gnu.so
7f329d266000-7f329d267000 ---p 0004b000 00:216 126756728880              /mnt/primary/conda-envs/semantic_uncertainty_export/lib/python3.11/site-packages/scipy/interpolate/dfitpack.cpython-311-x86_64-linux-gnu.so
7f329d267000-7f329d268000 r--p 0004b000 00:216 126756728880              /mnt/primary/conda-envs/semantic_uncertainty_export/lib/python3.11/site-packages/scipy/interpolate/dfitpack.cpython-311-x86_64-linux-gnu.so
7f329d268000-7f329d270000 rw-p 0004c000 00:216 126756728880              /mnt/primary/conda-envs/semantic_uncertainty_export/lib/python3.11/site-packages/scipy/interpolate/dfitpack.cpython-311-x86_64-linux-gnu.so
7f329d270000-7f329d272000 rw-p 00057000 00:216 126756728880              /mnt/primary/conda-envs/semantic_uncertainty_export/lib/python3.11/site-packages/scipy/interpolate/dfitpack.cpython-311-x86_64-linux-gnu.so
7f329d272000-7f329d273000 r--p 00000000 00:216 126756728894              /mnt/primary/conda-envs/semantic_uncertainty_export/lib/python3.11/site-packages/scipy/interpolate/_fitpack.cpython-311-x86_64-linux-gnu.so
7f329d273000-7f329d284000 r-xp 00001000 00:216 126756728894              /mnt/primary/conda-envs/semantic_uncertainty_export/lib/python3.11/site-packages/scipy/interpolate/_fitpack.cpython-311-x86_64-linux-gnu.so
7f329d284000-7f329d286000 r--p 00012000 00:216 126756728894              /mnt/primary/conda-envs/semantic_uncertainty_export/lib/python3.11/site-packages/scipy/interpolate/_fitpack.cpython-311-x86_64-linux-gnu.so
7f329d286000-7f329d287000 r--p 00013000 00:216 126756728894              /mnt/primary/conda-envs/semantic_uncertainty_export/lib/python3.11/site-packages/scipy/interpolate/_fitpack.cpython-311-x86_64-linux-gnu.so
7f329d287000-7f329d288000 rw-p 00014000 00:216 126756728894              /mnt/primary/conda-envs/semantic_uncertainty_export/lib/python3.11/site-packages/scipy/interpolate/_fitpack.cpython-311-x86_64-linux-gnu.so
7f329d288000-7f329d28a000 rw-p 00016000 00:216 126756728894              /mnt/primary/conda-envs/semantic_uncertainty_export/lib/python3.11/site-packages/scipy/interpolate/_fitpack.cpython-311-x86_64-linux-gnu.so
7f329d28a000-7f329d28d000 r--p 00000000 00:216 81808996386               /mnt/primary/conda-envs/semantic_uncertainty_export/lib/python3.11/site-packages/scipy/stats/_boost/invgauss_ufunc.cpython-311-x86_64-linux-gnu.so
7f329d28d000-7f329d2a6000 r-xp 00003000 00:216 81808996386               /mnt/primary/conda-envs/semantic_uncertainty_export/lib/python3.11/site-packages/scipy/stats/_boost/invgauss_ufunc.cpython-311-x86_64-linux-gnu.so
7f329d2a6000-7f329d2ab000 r--p 0001c000 00:216 81808996386               /mnt/primary/conda-envs/semantic_uncertainty_export/lib/python3.11/site-packages/scipy/stats/_boost/invgauss_ufunc.cpython-311-x86_64-linux-gnu.so
7f329d2ab000-7f329d2ac000 r--p 00020000 00:216 81808996386               /mnt/primary/conda-envs/semantic_uncertainty_export/lib/python3.11/site-packages/scipy/stats/_boost/invgauss_ufunc.cpython-311-x86_64-linux-gnu.so
7f329d2ac000-7f329d2ad000 rw-p 00021000 00:216 81808996386               /mnt/primary/conda-envs/semantic_uncertainty_export/lib/python3.11/site-packages/scipy/stats/_boost/invgauss_ufunc.cpython-311-x86_64-linux-gnu.so
7f329d2ad000-7f329d2b0000 r--p 00000000 00:216 81808996383               /mnt/primary/conda-envs/semantic_uncertainty_export/lib/python3.11/site-packages/scipy/stats/_boost/nct_ufunc.cpython-311-x86_64-linux-gnu.so
7f329d2b0000-7f329d2d5000 r-xp 00003000 00:216 81808996383               /mnt/primary/conda-envs/semantic_uncertainty_export/lib/python3.11/site-packages/scipy/stats/_boost/nct_ufunc.cpython-311-x86_64-linux-gnu.so
7f329d2d5000-7f329d2da000 r--p 00028000 00:216 81808996383               /mnt/primary/conda-envs/semantic_uncertainty_export/lib/python3.11/site-packages/scipy/stats/_boost/nct_ufunc.cpython-311-x86_64-linux-gnu.so
7f329d2da000-7f329d2db000 r--p 0002c000 00:216 81808996383               /mnt/primary/conda-envs/semantic_uncertainty_export/lib/python3.11/site-packages/scipy/stats/_boost/nct_ufunc.cpython-311-x86_64-linux-gnu.so
7f329d2db000-7f329d2dc000 rw-p 0002d000 00:216 81808996383               /mnt/primary/conda-envs/semantic_uncertainty_export/lib/python3.11/site-packages/scipy/stats/_boost/nct_ufunc.cpython-311-x86_64-linux-gnu.so
7f329d2dc000-7f329d2df000 r--p 00000000 00:216 81808996382               /mnt/primary/conda-envs/semantic_uncertainty_export/lib/python3.11/site-packages/scipy/stats/_boost/ncx2_ufunc.cpython-311-x86_64-linux-gnu.so
7f329d2df000-7f329d2f9000 r-xp 00003000 00:216 81808996382               /mnt/primary/conda-envs/semantic_uncertainty_export/lib/python3.11/site-packages/scipy/stats/_boost/ncx2_ufunc.cpython-311-x86_64-linux-gnu.so
7f329d2f9000-7f329d2fe000 r--p 0001d000 00:216 81808996382               /mnt/primary/conda-envs/semantic_uncertainty_export/lib/python3.11/site-packages/scipy/stats/_boost/ncx2_ufunc.cpython-311-x86_64-linux-gnu.so
7f329d2fe000-7f329d2ff000 r--p 00021000 00:216 81808996382               /mnt/primary/conda-envs/semantic_uncertainty_export/lib/python3.11/site-packages/scipy/stats/_boost/ncx2_ufunc.cpython-311-x86_64-linux-gnu.so
7f329d2ff000-7f329d300000 rw-p 00022000 00:216 81808996382               /mnt/primary/conda-envs/semantic_uncertainty_export/lib/python3.11/site-packages/scipy/stats/_boost/ncx2_ufunc.cpython-311-x86_64-linux-gnu.so
7f329d300000-7f329d400000 rw-p 00000000 00:00 0 
7f329d400000-7f329d401000 ---p 00000000 00:00 0 
7f329d401000-7f329dc01000 rw-p 00000000 00:00 0 
7f329dc04000-7f329dc07000 r--p 00000000 00:216 81808996380               /mnt/primary/conda-envs/semantic_uncertainty_export/lib/python3.11/site-packages/scipy/stats/_boost/skewnorm_ufunc.cpython-311-x86_64-linux-gnu.so
7f329dc07000-7f329dc15000 r-xp 00003000 00:216 81808996380               /mnt/primary/conda-envs/semantic_uncertainty_export/lib/python3.11/site-packages/scipy/stats/_boost/skewnorm_ufunc.cpython-311-x86_64-linux-gnu.so
7f329dc15000-7f329dc18000 r--p 00011000 00:216 81808996380               /mnt/primary/conda-envs/semantic_uncertainty_export/lib/python3.11/site-packages/scipy/stats/_boost/skewnorm_ufunc.cpython-311-x86_64-linux-gnu.so
7f329dc18000-7f329dc19000 r--p 00013000 00:216 81808996380               /mnt/primary/conda-envs/semantic_uncertainty_export/lib/python3.11/site-packages/scipy/stats/_boost/skewnorm_ufunc.cpython-311-x86_64-linux-gnu.so
7f329dc19000-7f329dc1a000 rw-p 00014000 00:216 81808996380               /mnt/primary/conda-envs/semantic_uncertainty_export/lib/python3.11/site-packages/scipy/stats/_boost/skewnorm_ufunc.cpython-311-x86_64-linux-gnu.so
7f329dc1a000-7f329dc1d000 r--p 00000000 00:216 81808996377               /mnt/primary/conda-envs/semantic_uncertainty_export/lib/python3.11/site-packages/scipy/stats/_boost/ncf_ufunc.cpython-311-x86_64-linux-gnu.so
7f329dc1d000-7f329dc37000 r-xp 00003000 00:216 81808996377               /mnt/primary/conda-envs/semantic_uncertainty_export/lib/python3.11/site-packages/scipy/stats/_boost/ncf_ufunc.cpython-311-x86_64-linux-gnu.so
7f329dc37000-7f329dc3b000 r--p 0001d000 00:216 81808996377               /mnt/primary/conda-envs/semantic_uncertainty_export/lib/python3.11/site-packages/scipy/stats/_boost/ncf_ufunc.cpython-311-x86_64-linux-gnu.so
7f329dc3b000-7f329dc3c000 ---p 00021000 00:216 81808996377               /mnt/primary/conda-envs/semantic_uncertainty_export/lib/python3.11/site-packages/scipy/stats/_boost/ncf_ufunc.cpython-311-x86_64-linux-gnu.so
7f329dc3c000-7f329dc3d000 r--p 00021000 00:216 81808996377               /mnt/primary/conda-envs/semantic_uncertainty_export/lib/python3.11/site-packages/scipy/stats/_boost/ncf_ufunc.cpython-311-x86_64-linux-gnu.so
7f329dc3d000-7f329dc3e000 rw-p 00022000 00:216 81808996377               /mnt/primary/conda-envs/semantic_uncertainty_export/lib/python3.11/site-packages/scipy/stats/_boost/ncf_ufunc.cpython-311-x86_64-linux-gnu.so
7f329dc3e000-7f329dc41000 r--p 00000000 00:216 81808996379               /mnt/primary/conda-envs/semantic_uncertainty_export/lib/python3.11/site-packages/scipy/stats/_boost/nbinom_ufunc.cpython-311-x86_64-linux-gnu.so
7f329dc41000-7f329dc5b000 r-xp 00003000 00:216 81808996379               /mnt/primary/conda-envs/semantic_uncertainty_export/lib/python3.11/site-packages/scipy/stats/_boost/nbinom_ufunc.cpython-311-x86_64-linux-gnu.so
7f329dc5b000-7f329dc60000 r--p 0001d000 00:216 81808996379               /mnt/primary/conda-envs/semantic_uncertainty_export/lib/python3.11/site-packages/scipy/stats/_boost/nbinom_ufunc.cpython-311-x86_64-linux-gnu.so
7f329dc60000-7f329dc61000 r--p 00021000 00:216 81808996379               /mnt/primary/conda-envs/semantic_uncertainty_export/lib/python3.11/site-packages/scipy/stats/_boost/nbinom_ufunc.cpython-311-x86_64-linux-gnu.so
7f329dc61000-7f329dc62000 rw-p 00022000 00:216 81808996379               /mnt/primary/conda-envs/semantic_uncertainty_export/lib/python3.11/site-packages/scipy/stats/_boost/nbinom_ufunc.cpython-311-x86_64-linux-gnu.so
7f329dc62000-7f329dc6c000 r--p 00000000 00:216 73089433127               /mnt/primary/conda-envs/semantic_uncertainty_export/lib/python3.11/site-packages/scipy/stats/_stats.cpython-311-x86_64-linux-gnu.so
7f329dc6c000-7f329dcea000 r-xp 0000a000 00:216 73089433127               /mnt/primary/conda-envs/semantic_uncertainty_export/lib/python3.11/site-packages/scipy/stats/_stats.cpython-311-x86_64-linux-gnu.so
7f329dcea000-7f329dcf7000 r--p 00088000 00:216 73089433127               /mnt/primary/conda-envs/semantic_uncertainty_export/lib/python3.11/site-packages/scipy/stats/_stats.cpython-311-x86_64-linux-gnu.so
7f329dcf7000-7f329dcf8000 r--p 00094000 00:216 73089433127               /mnt/primary/conda-envs/semantic_uncertainty_export/lib/python3.11/site-packages/scipy/stats/_stats.cpython-311-x86_64-linux-gnu.so
7f329dcf8000-7f329dcff000 rw-p 00095000 00:216 73089433127               /mnt/primary/conda-envs/semantic_uncertainty_export/lib/python3.11/site-packages/scipy/stats/_stats.cpython-311-x86_64-linux-gnu.so
7f329dcff000-7f329de00000 rw-p 00000000 00:00 0 
7f329de00000-7f329fe00000 rw-p 00000000 00:00 0 
7f329fe03000-7f329fe06000 r--p 00000000 00:216 81808996381               /mnt/primary/conda-envs/semantic_uncertainty_export/lib/python3.11/site-packages/scipy/stats/_boost/hypergeom_ufunc.cpython-311-x86_64-linux-gnu.so
7f329fe06000-7f329fe10000 r-xp 00003000 00:216 81808996381               /mnt/primary/conda-envs/semantic_uncertainty_export/lib/python3.11/site-packages/scipy/stats/_boost/hypergeom_ufunc.cpython-311-x86_64-linux-gnu.so
7f329fe10000-7f329fe18000 r--p 0000d000 00:216 81808996381               /mnt/primary/conda-envs/semantic_uncertainty_export/lib/python3.11/site-packages/scipy/stats/_boost/hypergeom_ufunc.cpython-311-x86_64-linux-gnu.so
7f329fe18000-7f329fe19000 r--p 00014000 00:216 81808996381               /mnt/primary/conda-envs/semantic_uncertainty_export/lib/python3.11/site-packages/scipy/stats/_boost/hypergeom_ufunc.cpython-311-x86_64-linux-gnu.so
7f329fe19000-7f329fe1a000 rw-p 00015000 00:216 81808996381               /mnt/primary/conda-envs/semantic_uncertainty_export/lib/python3.11/site-packages/scipy/stats/_boost/hypergeom_ufunc.cpython-311-x86_64-linux-gnu.so
7f329fe1a000-7f329fe1d000 r--p 00000000 00:216 81808996378               /mnt/primary/conda-envs/semantic_uncertainty_export/lib/python3.11/site-packages/scipy/stats/_boost/binom_ufunc.cpython-311-x86_64-linux-gnu.so
7f329fe1d000-7f329fe38000 r-xp 00003000 00:216 81808996378               /mnt/primary/conda-envs/semantic_uncertainty_export/lib/python3.11/site-packages/scipy/stats/_boost/binom_ufunc.cpython-311-x86_64-linux-gnu.so
7f329fe38000-7f329fe3d000 r--p 0001e000 00:216 81808996378               /mnt/primary/conda-envs/semantic_uncertainty_export/lib/python3.11/site-packages/scipy/stats/_boost/binom_ufunc.cpython-311-x86_64-linux-gnu.so
7f329fe3d000-7f329fe3e000 r--p 00022000 00:216 81808996378               /mnt/primary/conda-envs/semantic_uncertainty_export/lib/python3.11/site-packages/scipy/stats/_boost/binom_ufunc.cpython-311-x86_64-linux-gnu.so
7f329fe3e000-7f329fe3f000 rw-p 00023000 00:216 81808996378               /mnt/primary/conda-envs/semantic_uncertainty_export/lib/python3.11/site-packages/scipy/stats/_boost/binom_ufunc.cpython-311-x86_64-linux-gnu.so
7f329fe3f000-7f329fe43000 r--p 00000000 00:216 81808996384               /mnt/primary/conda-envs/semantic_uncertainty_export/lib/python3.11/site-packages/scipy/stats/_boost/beta_ufunc.cpython-311-x86_64-linux-gnu.so
7f329fe43000-7f329fe63000 r-xp 00004000 00:216 81808996384               /mnt/primary/conda-envs/semantic_uncertainty_export/lib/python3.11/site-packages/scipy/stats/_boost/beta_ufunc.cpython-311-x86_64-linux-gnu.so
7f329fe63000-7f329fe69000 r--p 00024000 00:216 81808996384               /mnt/primary/conda-envs/semantic_uncertainty_export/lib/python3.11/site-packages/scipy/stats/_boost/beta_ufunc.cpython-311-x86_64-linux-gnu.so
7f329fe69000-7f329fe6a000 r--p 00029000 00:216 81808996384               /mnt/primary/conda-envs/semantic_uncertainty_export/lib/python3.11/site-packages/scipy/stats/_boost/beta_ufunc.cpython-311-x86_64-linux-gnu.so
7f329fe6a000-7f329fe6b000 rw-p 0002a000 00:216 81808996384               /mnt/primary/conda-envs/semantic_uncertainty_export/lib/python3.11/site-packages/scipy/stats/_boost/beta_ufunc.cpython-311-x86_64-linux-gnu.so
7f329fe6b000-7f329fe6e000 r--p 00000000 00:216 64698545180               /mnt/primary/conda-envs/semantic_uncertainty_export/lib/python3.11/site-packages/scipy/integrate/_lsoda.cpython-311-x86_64-linux-gnu.so
7f329fe6e000-7f329fe7b000 r-xp 00003000 00:216 64698545180               /mnt/primary/conda-envs/semantic_uncertainty_export/lib/python3.11/site-packages/scipy/integrate/_lsoda.cpython-311-x86_64-linux-gnu.so
7f329fe7b000-7f329fe7f000 r--p 00010000 00:216 64698545180               /mnt/primary/conda-envs/semantic_uncertainty_export/lib/python3.11/site-packages/scipy/integrate/_lsoda.cpython-311-x86_64-linux-gnu.so
7f329fe7f000-7f329fe80000 r--p 00013000 00:216 64698545180               /mnt/primary/conda-envs/semantic_uncertainty_export/lib/python3.11/site-packages/scipy/integrate/_lsoda.cpython-311-x86_64-linux-gnu.so
7f329fe80000-7f329fe82000 rw-p 00014000 00:216 64698545180               /mnt/primary/conda-envs/semantic_uncertainty_export/lib/python3.11/site-packages/scipy/integrate/_lsoda.cpython-311-x86_64-linux-gnu.so
7f329fe82000-7f329fe85000 rw-p 00018000 00:216 64698545180               /mnt/primary/conda-envs/semantic_uncertainty_export/lib/python3.11/site-packages/scipy/integrate/_lsoda.cpython-311-x86_64-linux-gnu.so
7f329fe85000-7f329fe88000 r--p 00000000 00:216 64698545185               /mnt/primary/conda-envs/semantic_uncertainty_export/lib/python3.11/site-packages/scipy/integrate/_dop.cpython-311-x86_64-linux-gnu.so
7f329fe88000-7f329fe96000 r-xp 00003000 00:216 64698545185               /mnt/primary/conda-envs/semantic_uncertainty_export/lib/python3.11/site-packages/scipy/integrate/_dop.cpython-311-x86_64-linux-gnu.so
7f329fe96000-7f329fe9a000 r--p 00011000 00:216 64698545185               /mnt/primary/conda-envs/semantic_uncertainty_export/lib/python3.11/site-packages/scipy/integrate/_dop.cpython-311-x86_64-linux-gnu.so
7f329fe9a000-7f329fe9b000 r--p 00014000 00:216 64698545185               /mnt/primary/conda-envs/semantic_uncertainty_export/lib/python3.11/site-packages/scipy/integrate/_dop.cpython-311-x86_64-linux-gnu.so
7f329fe9b000-7f329fe9d000 rw-p 00015000 00:216 64698545185               /mnt/primary/conda-envs/semantic_uncertainty_export/lib/python3.11/site-packages/scipy/integrate/_dop.cpython-311-x86_64-linux-gnu.so
7f329fe9d000-7f329fea0000 rw-p 00019000 00:216 64698545185               /mnt/primary/conda-envs/semantic_uncertainty_export/lib/python3.11/site-packages/scipy/integrate/_dop.cpython-311-x86_64-linux-gnu.so
7f329fea0000-7f329fea3000 r--p 00000000 00:216 64698545173               /mnt/primary/conda-envs/semantic_uncertainty_export/lib/python3.11/site-packages/scipy/integrate/_vode.cpython-311-x86_64-linux-gnu.so
7f329fea3000-7f329febb000 r-xp 00003000 00:216 64698545173               /mnt/primary/conda-envs/semantic_uncertainty_export/lib/python3.11/site-packages/scipy/integrate/_vode.cpython-311-x86_64-linux-gnu.so
7f329febb000-7f329fec1000 r--p 0001b000 00:216 64698545173               /mnt/primary/conda-envs/semantic_uncertainty_export/lib/python3.11/site-packages/scipy/integrate/_vode.cpython-311-x86_64-linux-gnu.so
7f329fec1000-7f329fec2000 r--p 00020000 00:216 64698545173               /mnt/primary/conda-envs/semantic_uncertainty_export/lib/python3.11/site-packages/scipy/integrate/_vode.cpython-311-x86_64-linux-gnu.so
7f329fec2000-7f329fec4000 rw-p 00021000 00:216 64698545173               /mnt/primary/conda-envs/semantic_uncertainty_export/lib/python3.11/site-packages/scipy/integrate/_vode.cpython-311-x86_64-linux-gnu.so
7f329fec4000-7f329fec7000 rw-p 00026000 00:216 64698545173               /mnt/primary/conda-envs/semantic_uncertainty_export/lib/python3.11/site-packages/scipy/integrate/_vode.cpython-311-x86_64-linux-gnu.so
7f329fec7000-7f329fec9000 r--p 00000000 00:216 64698545177               /mnt/primary/conda-envs/semantic_uncertainty_export/lib/python3.11/site-packages/scipy/integrate/_quadpack.cpython-311-x86_64-linux-gnu.so
7f329fec9000-7f329fedc000 r-xp 00002000 00:216 64698545177               /mnt/primary/conda-envs/semantic_uncertainty_export/lib/python3.11/site-packages/scipy/integrate/_quadpack.cpython-311-x86_64-linux-gnu.so
7f329fedc000-7f329fedf000 r--p 00015000 00:216 64698545177               /mnt/primary/conda-envs/semantic_uncertainty_export/lib/python3.11/site-packages/scipy/integrate/_quadpack.cpython-311-x86_64-linux-gnu.so
7f329fedf000-7f329fee0000 r--p 00017000 00:216 64698545177               /mnt/primary/conda-envs/semantic_uncertainty_export/lib/python3.11/site-packages/scipy/integrate/_quadpack.cpython-311-x86_64-linux-gnu.so
7f329fee0000-7f329fee1000 rw-p 00018000 00:216 64698545177               /mnt/primary/conda-envs/semantic_uncertainty_export/lib/python3.11/site-packages/scipy/integrate/_quadpack.cpython-311-x86_64-linux-gnu.so
7f329fee1000-7f329fee3000 rw-p 0001b000 00:216 64698545177               /mnt/primary/conda-envs/semantic_uncertainty_export/lib/python3.11/site-packages/scipy/integrate/_quadpack.cpython-311-x86_64-linux-gnu.so
7f329fee3000-7f329fee5000 r--p 00000000 00:216 64698545178               /mnt/primary/conda-envs/semantic_uncertainty_export/lib/python3.11/site-packages/scipy/integrate/_odepack.cpython-311-x86_64-linux-gnu.so
7f329fee5000-7f329fef0000 r-xp 00002000 00:216 64698545178               /mnt/primary/conda-envs/semantic_uncertainty_export/lib/python3.11/site-packages/scipy/integrate/_odepack.cpython-311-x86_64-linux-gnu.so
7f329fef0000-7f329fef3000 r--p 0000d000 00:216 64698545178               /mnt/primary/conda-envs/semantic_uncertainty_export/lib/python3.11/site-packages/scipy/integrate/_odepack.cpython-311-x86_64-linux-gnu.so
7f329fef3000-7f329fef4000 r--p 0000f000 00:216 64698545178               /mnt/primary/conda-envs/semantic_uncertainty_export/lib/python3.11/site-packages/scipy/integrate/_odepack.cpython-311-x86_64-linux-gnu.so
7f329fef4000-7f329fef5000 rw-p 00010000 00:216 64698545178               /mnt/primary/conda-envs/semantic_uncertainty_export/lib/python3.11/site-packages/scipy/integrate/_odepack.cpython-311-x86_64-linux-gnu.so
7f329fef5000-7f329fef7000 rw-p 00013000 00:216 64698545178               /mnt/primary/conda-envs/semantic_uncertainty_export/lib/python3.11/site-packages/scipy/integrate/_odepack.cpython-311-x86_64-linux-gnu.so
7f329fef7000-7f329fefe000 r--p 00000000 00:216 98787428881               /mnt/primary/conda-envs/semantic_uncertainty_export/lib/python3.11/site-packages/scipy/optimize/_bglu_dense.cpython-311-x86_64-linux-gnu.so
7f329fefe000-7f329ff30000 r-xp 00007000 00:216 98787428881               /mnt/primary/conda-envs/semantic_uncertainty_export/lib/python3.11/site-packages/scipy/optimize/_bglu_dense.cpython-311-x86_64-linux-gnu.so
7f329ff30000-7f329ff39000 r--p 00039000 00:216 98787428881               /mnt/primary/conda-envs/semantic_uncertainty_export/lib/python3.11/site-packages/scipy/optimize/_bglu_dense.cpython-311-x86_64-linux-gnu.so
7f329ff39000-7f329ff3a000 r--p 00041000 00:216 98787428881               /mnt/primary/conda-envs/semantic_uncertainty_export/lib/python3.11/site-packages/scipy/optimize/_bglu_dense.cpython-311-x86_64-linux-gnu.so
7f329ff3a000-7f329ff3f000 rw-p 00042000 00:216 98787428881               /mnt/primary/conda-envs/semantic_uncertainty_export/lib/python3.11/site-packages/scipy/optimize/_bglu_dense.cpython-311-x86_64-linux-gnu.so
7f329ff3f000-7f329ff45000 r--p 00000000 00:216 19514561043               /mnt/primary/conda-envs/semantic_uncertainty_export/lib/python3.11/site-packages/scipy/linalg/_interpolative.cpython-311-x86_64-linux-gnu.so
7f329ff45000-7f329ff88000 r-xp 00006000 00:216 19514561043               /mnt/primary/conda-envs/semantic_uncertainty_export/lib/python3.11/site-packages/scipy/linalg/_interpolative.cpython-311-x86_64-linux-gnu.so
7f329ff88000-7f329ff9a000 r--p 00049000 00:216 19514561043               /mnt/primary/conda-envs/semantic_uncertainty_export/lib/python3.11/site-packages/scipy/linalg/_interpolative.cpython-311-x86_64-linux-gnu.so
7f329ff9a000-7f329ff9b000 r--p 0005a000 00:216 19514561043               /mnt/primary/conda-envs/semantic_uncertainty_export/lib/python3.11/site-packages/scipy/linalg/_interpolative.cpython-311-x86_64-linux-gnu.so
7f329ff9b000-7f329ffab000 rw-p 0005b000 00:216 19514561043               /mnt/primary/conda-envs/semantic_uncertainty_export/lib/python3.11/site-packages/scipy/linalg/_interpolative.cpython-311-x86_64-linux-gnu.so
7f329ffab000-7f329ffae000 rw-p 00072000 00:216 19514561043               /mnt/primary/conda-envs/semantic_uncertainty_export/lib/python3.11/site-packages/scipy/linalg/_interpolative.cpython-311-x86_64-linux-gnu.so
7f329ffae000-7f329ffb3000 r--p 00000000 00:216 100942359064              /mnt/primary/conda-envs/semantic_uncertainty_export/lib/python3.11/site-packages/scipy/optimize/_lsq/givens_elimination.cpython-311-x86_64-linux-gnu.so
7f329ffb3000-7f329ffd0000 r-xp 00005000 00:216 100942359064              /mnt/primary/conda-envs/semantic_uncertainty_export/lib/python3.11/site-packages/scipy/optimize/_lsq/givens_elimination.cpython-311-x86_64-linux-gnu.so
7f329ffd0000-7f329ffd6000 r--p 00022000 00:216 100942359064              /mnt/primary/conda-envs/semantic_uncertainty_export/lib/python3.11/site-packages/scipy/optimize/_lsq/givens_elimination.cpython-311-x86_64-linux-gnu.so
7f329ffd6000-7f329ffd7000 r--p 00027000 00:216 100942359064              /mnt/primary/conda-envs/semantic_uncertainty_export/lib/python3.11/site-packages/scipy/optimize/_lsq/givens_elimination.cpython-311-x86_64-linux-gnu.so
7f329ffd7000-7f329ffda000 rw-p 00028000 00:216 100942359064              /mnt/primary/conda-envs/semantic_uncertainty_export/lib/python3.11/site-packages/scipy/optimize/_lsq/givens_elimination.cpython-311-x86_64-linux-gnu.so
7f329ffda000-7f329ffdc000 r--p 00000000 00:216 98787428893               /mnt/primary/conda-envs/semantic_uncertainty_export/lib/python3.11/site-packages/scipy/optimize/_minpack.cpython-311-x86_64-linux-gnu.so
7f329ffdc000-7f329ffe9000 r-xp 00002000 00:216 98787428893               /mnt/primary/conda-envs/semantic_uncertainty_export/lib/python3.11/site-packages/scipy/optimize/_minpack.cpython-311-x86_64-linux-gnu.so
7f329ffe9000-7f329ffeb000 r--p 0000f000 00:216 98787428893               /mnt/primary/conda-envs/semantic_uncertainty_export/lib/python3.11/site-packages/scipy/optimize/_minpack.cpython-311-x86_64-linux-gnu.so
7f329ffeb000-7f329ffec000 r--p 00010000 00:216 98787428893               /mnt/primary/conda-envs/semantic_uncertainty_export/lib/python3.11/site-packages/scipy/optimize/_minpack.cpython-311-x86_64-linux-gnu.so
7f329ffec000-7f329ffed000 rw-p 00011000 00:216 98787428893               /mnt/primary/conda-envs/semantic_uncertainty_export/lib/python3.11/site-packages/scipy/optimize/_minpack.cpython-311-x86_64-linux-gnu.so
7f329ffed000-7f329ffef000 r--p 00000000 00:216 98787428883               /mnt/primary/conda-envs/semantic_uncertainty_export/lib/python3.11/site-packages/scipy/optimize/_slsqp.cpython-311-x86_64-linux-gnu.so
7f329ffef000-7f329fffb000 r-xp 00002000 00:216 98787428883               /mnt/primary/conda-envs/semantic_uncertainty_export/lib/python3.11/site-packages/scipy/optimize/_slsqp.cpython-311-x86_64-linux-gnu.so
7f329fffb000-7f329fffe000 r--p 0000e000 00:216 98787428883               /mnt/primary/conda-envs/semantic_uncertainty_export/lib/python3.11/site-packages/scipy/optimize/_slsqp.cpython-311-x86_64-linux-gnu.so
7f329fffe000-7f329ffff000 r--p 00010000 00:216 98787428883               /mnt/primary/conda-envs/semantic_uncertainty_export/lib/python3.11/site-packages/scipy/optimize/_slsqp.cpython-311-x86_64-linux-gnu.so
7f329ffff000-7f32a0000000 rw-p 00011000 00:216 98787428883               /mnt/primary/conda-envs/semantic_uncertainty_export/lib/python3.11/site-packages/scipy/optimize/_slsqp.cpython-311-x86_64-linux-gnu.so
7f32a0000000-7f32a0021000 rw-p 00000000 00:00 0 
7f32a0021000-7f32a4000000 ---p 00000000 00:00 0 
7f32a4000000-7f32a4004000 r--p 00000000 00:216 98787351563               /mnt/primary/conda-envs/semantic_uncertainty_export/lib/python3.11/site-packages/scipy/optimize/_moduleTNC.cpython-311-x86_64-linux-gnu.so
7f32a4004000-7f32a401a000 r-xp 00004000 00:216 98787351563               /mnt/primary/conda-envs/semantic_uncertainty_export/lib/python3.11/site-packages/scipy/optimize/_moduleTNC.cpython-311-x86_64-linux-gnu.so
7f32a401a000-7f32a401d000 r--p 0001a000 00:216 98787351563               /mnt/primary/conda-envs/semantic_uncertainty_export/lib/python3.11/site-packages/scipy/optimize/_moduleTNC.cpython-311-x86_64-linux-gnu.so
7f32a401d000-7f32a401e000 r--p 0001c000 00:216 98787351563               /mnt/primary/conda-envs/semantic_uncertainty_export/lib/python3.11/site-packages/scipy/optimize/_moduleTNC.cpython-311-x86_64-linux-gnu.so
7f32a401e000-7f32a4020000 rw-p 0001d000 00:216 98787351563               /mnt/primary/conda-envs/semantic_uncertainty_export/lib/python3.11/site-packages/scipy/optimize/_moduleTNC.cpython-311-x86_64-linux-gnu.so
7f32a4020000-7f32a4120000 rw-p 00000000 00:00 0 
7f32a4120000-7f32a4127000 r--p 00000000 00:216 116031844998              /mnt/primary/conda-envs/semantic_uncertainty_export/lib/python3.11/site-packages/scipy/optimize/_trlib/_trlib.cpython-311-x86_64-linux-gnu.so
7f32a4127000-7f32a415f000 r-xp 00007000 00:216 116031844998              /mnt/primary/conda-envs/semantic_uncertainty_export/lib/python3.11/site-packages/scipy/optimize/_trlib/_trlib.cpython-311-x86_64-linux-gnu.so
7f32a415f000-7f32a4168000 r--p 0003f000 00:216 116031844998              /mnt/primary/conda-envs/semantic_uncertainty_export/lib/python3.11/site-packages/scipy/optimize/_trlib/_trlib.cpython-311-x86_64-linux-gnu.so
7f32a4168000-7f32a4169000 r--p 00047000 00:216 116031844998              /mnt/primary/conda-envs/semantic_uncertainty_export/lib/python3.11/site-packages/scipy/optimize/_trlib/_trlib.cpython-311-x86_64-linux-gnu.so
7f32a4169000-7f32a416d000 rw-p 00048000 00:216 116031844998              /mnt/primary/conda-envs/semantic_uncertainty_export/lib/python3.11/site-packages/scipy/optimize/_trlib/_trlib.cpython-311-x86_64-linux-gnu.so
7f32a416d000-7f32a416e000 rw-p 00000000 00:00 0 
7f32a416e000-7f32a4171000 rw-p 00057000 00:216 116031844998              /mnt/primary/conda-envs/semantic_uncertainty_export/lib/python3.11/site-packages/scipy/optimize/_trlib/_trlib.cpython-311-x86_64-linux-gnu.so
7f32a4171000-7f32a4178000 r--p 00000000 00:216 26467592191               /mnt/primary/conda-envs/semantic_uncertainty_export/lib/python3.11/site-packages/scipy/ndimage/_ni_label.cpython-311-x86_64-linux-gnu.so
7f32a4178000-7f32a41b2000 r-xp 00007000 00:216 26467592191               /mnt/primary/conda-envs/semantic_uncertainty_export/lib/python3.11/site-packages/scipy/ndimage/_ni_label.cpython-311-x86_64-linux-gnu.so
7f32a41b2000-7f32a41bb000 r--p 00041000 00:216 26467592191               /mnt/primary/conda-envs/semantic_uncertainty_export/lib/python3.11/site-packages/scipy/ndimage/_ni_label.cpython-311-x86_64-linux-gnu.so
7f32a41bb000-7f32a41bc000 r--p 00049000 00:216 26467592191               /mnt/primary/conda-envs/semantic_uncertainty_export/lib/python3.11/site-packages/scipy/ndimage/_ni_label.cpython-311-x86_64-linux-gnu.so
7f32a41bc000-7f32a41c0000 rw-p 0004a000 00:216 26467592191               /mnt/primary/conda-envs/semantic_uncertainty_export/lib/python3.11/site-packages/scipy/ndimage/_ni_label.cpython-311-x86_64-linux-gnu.so
7f32a41c0000-7f32a42c1000 rw-p 00000000 00:00 0 
7f32a42c1000-7f32a42cb000 r--p 00000000 00:216 45447825451               /mnt/primary/conda-envs/semantic_uncertainty_export/lib/python3.11/site-packages/scipy/spatial/transform/_rotation.cpython-311-x86_64-linux-gnu.so
7f32a42cb000-7f32a4338000 r-xp 0000a000 00:216 45447825451               /mnt/primary/conda-envs/semantic_uncertainty_export/lib/python3.11/site-packages/scipy/spatial/transform/_rotation.cpython-311-x86_64-linux-gnu.so
7f32a4338000-7f32a4351000 r--p 00077000 00:216 45447825451               /mnt/primary/conda-envs/semantic_uncertainty_export/lib/python3.11/site-packages/scipy/spatial/transform/_rotation.cpython-311-x86_64-linux-gnu.so
7f32a4351000-7f32a4352000 r--p 0008f000 00:216 45447825451               /mnt/primary/conda-envs/semantic_uncertainty_export/lib/python3.11/site-packages/scipy/spatial/transform/_rotation.cpython-311-x86_64-linux-gnu.so
7f32a4352000-7f32a4364000 rw-p 00090000 00:216 45447825451               /mnt/primary/conda-envs/semantic_uncertainty_export/lib/python3.11/site-packages/scipy/spatial/transform/_rotation.cpython-311-x86_64-linux-gnu.so
7f32a4364000-7f32a4366000 rw-p 00000000 00:00 0 
7f32a4366000-7f32a436c000 r--p 00000000 00:216 40842680353               /mnt/primary/conda-envs/semantic_uncertainty_export/lib/python3.11/site-packages/scipy/spatial/_distance_pybind.cpython-311-x86_64-linux-gnu.so
7f32a436c000-7f32a43d1000 r-xp 00006000 00:216 40842680353               /mnt/primary/conda-envs/semantic_uncertainty_export/lib/python3.11/site-packages/scipy/spatial/_distance_pybind.cpython-311-x86_64-linux-gnu.so
7f32a43d1000-7f32a43e1000 r--p 0006b000 00:216 40842680353               /mnt/primary/conda-envs/semantic_uncertainty_export/lib/python3.11/site-packages/scipy/spatial/_distance_pybind.cpython-311-x86_64-linux-gnu.so
7f32a43e1000-7f32a43e2000 ---p 0007b000 00:216 40842680353               /mnt/primary/conda-envs/semantic_uncertainty_export/lib/python3.11/site-packages/scipy/spatial/_distance_pybind.cpython-311-x86_64-linux-gnu.so
7f32a43e2000-7f32a43e3000 r--p 0007b000 00:216 40842680353               /mnt/primary/conda-envs/semantic_uncertainty_export/lib/python3.11/site-packages/scipy/spatial/_distance_pybind.cpython-311-x86_64-linux-gnu.so
7f32a43e3000-7f32a43e4000 rw-p 0007c000 00:216 40842680353               /mnt/primary/conda-envs/semantic_uncertainty_export/lib/python3.11/site-packages/scipy/spatial/_distance_pybind.cpython-311-x86_64-linux-gnu.so
7f32a43e4000-7f32a440a000 r--p 00000000 00:216 19514561027               /mnt/primary/conda-envs/semantic_uncertainty_export/lib/python3.11/site-packages/scipy/linalg/_flapack.cpython-311-x86_64-linux-gnu.so
7f32a440a000-7f32a4506000 r-xp 00026000 00:216 19514561027               /mnt/primary/conda-envs/semantic_uncertainty_export/lib/python3.11/site-packages/scipy/linalg/_flapack.cpython-311-x86_64-linux-gnu.so
7f32a4506000-7f32a4572000 r--p 00122000 00:216 19514561027               /mnt/primary/conda-envs/semantic_uncertainty_export/lib/python3.11/site-packages/scipy/linalg/_flapack.cpython-311-x86_64-linux-gnu.so
7f32a4572000-7f32a4573000 r--p 0018d000 00:216 19514561027               /mnt/primary/conda-envs/semantic_uncertainty_export/lib/python3.11/site-packages/scipy/linalg/_flapack.cpython-311-x86_64-linux-gnu.so
7f32a4573000-7f32a45fb000 rw-p 0018e000 00:216 19514561027               /mnt/primary/conda-envs/semantic_uncertainty_export/lib/python3.11/site-packages/scipy/linalg/_flapack.cpython-311-x86_64-linux-gnu.so
7f32a45fb000-7f32a4602000 rw-p 0022e000 00:216 19514561027               /mnt/primary/conda-envs/semantic_uncertainty_export/lib/python3.11/site-packages/scipy/linalg/_flapack.cpython-311-x86_64-linux-gnu.so
7f32a4602000-7f32a4605000 r--p 00000000 00:216 133230555182              /mnt/primary/conda-envs/semantic_uncertainty_export/lib/python3.11/site-packages/scipy/sparse/_sparsetools.cpython-311-x86_64-linux-gnu.so
7f32a4605000-7f32a49ad000 r-xp 00003000 00:216 133230555182              /mnt/primary/conda-envs/semantic_uncertainty_export/lib/python3.11/site-packages/scipy/sparse/_sparsetools.cpython-311-x86_64-linux-gnu.so
7f32a49ad000-7f32a49fd000 r--p 003ab000 00:216 133230555182              /mnt/primary/conda-envs/semantic_uncertainty_export/lib/python3.11/site-packages/scipy/sparse/_sparsetools.cpython-311-x86_64-linux-gnu.so
7f32a49fd000-7f32a49fe000 ---p 003fb000 00:216 133230555182              /mnt/primary/conda-envs/semantic_uncertainty_export/lib/python3.11/site-packages/scipy/sparse/_sparsetools.cpython-311-x86_64-linux-gnu.so
7f32a49fe000-7f32a49ff000 r--p 003fb000 00:216 133230555182              /mnt/primary/conda-envs/semantic_uncertainty_export/lib/python3.11/site-packages/scipy/sparse/_sparsetools.cpython-311-x86_64-linux-gnu.so
7f32a49ff000-7f32a4a00000 rw-p 003fc000 00:216 133230555182              /mnt/primary/conda-envs/semantic_uncertainty_export/lib/python3.11/site-packages/scipy/sparse/_sparsetools.cpython-311-x86_64-linux-gnu.so
7f32a4a00000-7f32a4a01000 ---p 00000000 00:00 0 
7f32a4a01000-7f32a5201000 rw-p 00000000 00:00 0 
7f32a5204000-7f32a5206000 r--p 00000000 00:216 73087765047               /mnt/primary/conda-envs/semantic_uncertainty_export/lib/python3.11/site-packages/scipy/stats/_statlib.cpython-311-x86_64-linux-gnu.so
7f32a5206000-7f32a520c000 r-xp 00002000 00:216 73087765047               /mnt/primary/conda-envs/semantic_uncertainty_export/lib/python3.11/site-packages/scipy/stats/_statlib.cpython-311-x86_64-linux-gnu.so
7f32a520c000-7f32a520e000 r--p 00008000 00:216 73087765047               /mnt/primary/conda-envs/semantic_uncertainty_export/lib/python3.11/site-packages/scipy/stats/_statlib.cpython-311-x86_64-linux-gnu.so
7f32a520e000-7f32a520f000 r--p 00009000 00:216 73087765047               /mnt/primary/conda-envs/semantic_uncertainty_export/lib/python3.11/site-packages/scipy/stats/_statlib.cpython-311-x86_64-linux-gnu.so
7f32a520f000-7f32a5210000 rw-p 0000a000 00:216 73087765047               /mnt/primary/conda-envs/semantic_uncertainty_export/lib/python3.11/site-packages/scipy/stats/_statlib.cpython-311-x86_64-linux-gnu.so
7f32a5210000-7f32a5213000 r--p 00000000 00:216 49458313779               /mnt/primary/conda-envs/semantic_uncertainty_export/lib/python3.11/site-packages/scipy/special/_specfun.cpython-311-x86_64-linux-gnu.so
7f32a5213000-7f32a527a000 r-xp 00003000 00:216 49458313779               /mnt/primary/conda-envs/semantic_uncertainty_export/lib/python3.11/site-packages/scipy/special/_specfun.cpython-311-x86_64-linux-gnu.so
7f32a527a000-7f32a5285000 r--p 0006a000 00:216 49458313779               /mnt/primary/conda-envs/semantic_uncertainty_export/lib/python3.11/site-packages/scipy/special/_specfun.cpython-311-x86_64-linux-gnu.so
7f32a5285000-7f32a5286000 r--p 00074000 00:216 49458313779               /mnt/primary/conda-envs/semantic_uncertainty_export/lib/python3.11/site-packages/scipy/special/_specfun.cpython-311-x86_64-linux-gnu.so
7f32a5286000-7f32a528b000 rw-p 00075000 00:216 49458313779               /mnt/primary/conda-envs/semantic_uncertainty_export/lib/python3.11/site-packages/scipy/special/_specfun.cpython-311-x86_64-linux-gnu.so
7f32a528b000-7f32a528d000 rw-p 0007e000 00:216 49458313779               /mnt/primary/conda-envs/semantic_uncertainty_export/lib/python3.11/site-packages/scipy/special/_specfun.cpython-311-x86_64-linux-gnu.so
7f32a528d000-7f32a5291000 r--p 00000000 00:216 49458313772               /mnt/primary/conda-envs/semantic_uncertainty_export/lib/python3.11/site-packages/scipy/special/_ufuncs_cxx.cpython-311-x86_64-linux-gnu.so
7f32a5291000-7f32a52eb000 r-xp 00004000 00:216 49458313772               /mnt/primary/conda-envs/semantic_uncertainty_export/lib/python3.11/site-packages/scipy/special/_ufuncs_cxx.cpython-311-x86_64-linux-gnu.so
7f32a52eb000-7f32a52fd000 r--p 0005e000 00:216 49458313772               /mnt/primary/conda-envs/semantic_uncertainty_export/lib/python3.11/site-packages/scipy/special/_ufuncs_cxx.cpython-311-x86_64-linux-gnu.so
7f32a52fd000-7f32a52fe000 r--p 0006f000 00:216 49458313772               /mnt/primary/conda-envs/semantic_uncertainty_export/lib/python3.11/site-packages/scipy/special/_ufuncs_cxx.cpython-311-x86_64-linux-gnu.so
7f32a52fe000-7f32a52ff000 rw-p 00070000 00:216 49458313772               /mnt/primary/conda-envs/semantic_uncertainty_export/lib/python3.11/site-packages/scipy/special/_ufuncs_cxx.cpython-311-x86_64-linux-gnu.so
7f32a52ff000-7f32a5400000 rw-p 00000000 00:00 0 
7f32a5400000-7f32a5401000 ---p 00000000 00:00 0 
7f32a5401000-7f32a5c01000 rw-p 00000000 00:00 0 
7f32a5c01000-7f32a5c03000 r--p 00000000 00:216 98787977275               /mnt/primary/conda-envs/semantic_uncertainty_export/lib/python3.11/site-packages/scipy/optimize/_cobyla.cpython-311-x86_64-linux-gnu.so
7f32a5c03000-7f32a5c10000 r-xp 00002000 00:216 98787977275               /mnt/primary/conda-envs/semantic_uncertainty_export/lib/python3.11/site-packages/scipy/optimize/_cobyla.cpython-311-x86_64-linux-gnu.so
7f32a5c10000-7f32a5c13000 r--p 0000f000 00:216 98787977275               /mnt/primary/conda-envs/semantic_uncertainty_export/lib/python3.11/site-packages/scipy/optimize/_cobyla.cpython-311-x86_64-linux-gnu.so
7f32a5c13000-7f32a5c14000 r--p 00011000 00:216 98787977275               /mnt/primary/conda-envs/semantic_uncertainty_export/lib/python3.11/site-packages/scipy/optimize/_cobyla.cpython-311-x86_64-linux-gnu.so
7f32a5c14000-7f32a5c15000 rw-p 00012000 00:216 98787977275               /mnt/primary/conda-envs/semantic_uncertainty_export/lib/python3.11/site-packages/scipy/optimize/_cobyla.cpython-311-x86_64-linux-gnu.so
7f32a5c15000-7f32a5c17000 rw-p 00016000 00:216 98787977275               /mnt/primary/conda-envs/semantic_uncertainty_export/lib/python3.11/site-packages/scipy/optimize/_cobyla.cpython-311-x86_64-linux-gnu.so
7f32a5c17000-7f32a5c19000 r--p 00000000 00:216 98787428911               /mnt/primary/conda-envs/semantic_uncertainty_export/lib/python3.11/site-packages/scipy/optimize/_lbfgsb.cpython-311-x86_64-linux-gnu.so
7f32a5c19000-7f32a5c29000 r-xp 00002000 00:216 98787428911               /mnt/primary/conda-envs/semantic_uncertainty_export/lib/python3.11/site-packages/scipy/optimize/_lbfgsb.cpython-311-x86_64-linux-gnu.so
7f32a5c29000-7f32a5c2d000 r--p 00012000 00:216 98787428911               /mnt/primary/conda-envs/semantic_uncertainty_export/lib/python3.11/site-packages/scipy/optimize/_lbfgsb.cpython-311-x86_64-linux-gnu.so
7f32a5c2d000-7f32a5c2e000 r--p 00015000 00:216 98787428911               /mnt/primary/conda-envs/semantic_uncertainty_export/lib/python3.11/site-packages/scipy/optimize/_lbfgsb.cpython-311-x86_64-linux-gnu.so
7f32a5c2e000-7f32a5c2f000 rw-p 00016000 00:216 98787428911               /mnt/primary/conda-envs/semantic_uncertainty_export/lib/python3.11/site-packages/scipy/optimize/_lbfgsb.cpython-311-x86_64-linux-gnu.so
7f32a5c2f000-7f32a5c31000 rw-p 0001a000 00:216 98787428911               /mnt/primary/conda-envs/semantic_uncertainty_export/lib/python3.11/site-packages/scipy/optimize/_lbfgsb.cpython-311-x86_64-linux-gnu.so
7f32a5c31000-7f32a5c3d000 r--p 00000000 00:216 49458313787               /mnt/primary/conda-envs/semantic_uncertainty_export/lib/python3.11/site-packages/scipy/special/_ufuncs.cpython-311-x86_64-linux-gnu.so
7f32a5c3d000-7f32a5d43000 r-xp 0000c000 00:216 49458313787               /mnt/primary/conda-envs/semantic_uncertainty_export/lib/python3.11/site-packages/scipy/special/_ufuncs.cpython-311-x86_64-linux-gnu.so
7f32a5d43000-7f32a5db7000 r--p 00112000 00:216 49458313787               /mnt/primary/conda-envs/semantic_uncertainty_export/lib/python3.11/site-packages/scipy/special/_ufuncs.cpython-311-x86_64-linux-gnu.so
7f32a5db7000-7f32a5db8000 ---p 00186000 00:216 49458313787               /mnt/primary/conda-envs/semantic_uncertainty_export/lib/python3.11/site-packages/scipy/special/_ufuncs.cpython-311-x86_64-linux-gnu.so
7f32a5db8000-7f32a5db9000 r--p 00186000 00:216 49458313787               /mnt/primary/conda-envs/semantic_uncertainty_export/lib/python3.11/site-packages/scipy/special/_ufuncs.cpython-311-x86_64-linux-gnu.so
7f32a5db9000-7f32a5dc3000 rw-p 00187000 00:216 49458313787               /mnt/primary/conda-envs/semantic_uncertainty_export/lib/python3.11/site-packages/scipy/special/_ufuncs.cpython-311-x86_64-linux-gnu.so
7f32a5dc3000-7f32a5dcc000 rw-p 00000000 00:00 0 
7f32a5dcc000-7f32a5dd0000 rw-p 001f4000 00:216 49458313787               /mnt/primary/conda-envs/semantic_uncertainty_export/lib/python3.11/site-packages/scipy/special/_ufuncs.cpython-311-x86_64-linux-gnu.so
7f32a5dd0000-7f32a5dd6000 r--p 00000000 00:216 40842680345               /mnt/primary/conda-envs/semantic_uncertainty_export/lib/python3.11/site-packages/scipy/spatial/_hausdorff.cpython-311-x86_64-linux-gnu.so
7f32a5dd6000-7f32a5df6000 r-xp 00006000 00:216 40842680345               /mnt/primary/conda-envs/semantic_uncertainty_export/lib/python3.11/site-packages/scipy/spatial/_hausdorff.cpython-311-x86_64-linux-gnu.so
7f32a5df6000-7f32a5dfc000 r--p 00026000 00:216 40842680345               /mnt/primary/conda-envs/semantic_uncertainty_export/lib/python3.11/site-packages/scipy/spatial/_hausdorff.cpython-311-x86_64-linux-gnu.so
7f32a5dfc000-7f32a5dfd000 r--p 0002b000 00:216 40842680345               /mnt/primary/conda-envs/semantic_uncertainty_export/lib/python3.11/site-packages/scipy/spatial/_hausdorff.cpython-311-x86_64-linux-gnu.so
7f32a5dfd000-7f32a5e00000 rw-p 0002c000 00:216 40842680345               /mnt/primary/conda-envs/semantic_uncertainty_export/lib/python3.11/site-packages/scipy/spatial/_hausdorff.cpython-311-x86_64-linux-gnu.so
7f32a5e00000-7f32a7e00000 rw-p 00000000 00:00 0 
7f32a7e05000-7f32a7e07000 r--p 00000000 00:216 26467592183               /mnt/primary/conda-envs/semantic_uncertainty_export/lib/python3.11/site-packages/scipy/ndimage/_nd_image.cpython-311-x86_64-linux-gnu.so
7f32a7e07000-7f32a7e24000 r-xp 00002000 00:216 26467592183               /mnt/primary/conda-envs/semantic_uncertainty_export/lib/python3.11/site-packages/scipy/ndimage/_nd_image.cpython-311-x86_64-linux-gnu.so
7f32a7e24000-7f32a7e27000 r--p 0001f000 00:216 26467592183               /mnt/primary/conda-envs/semantic_uncertainty_export/lib/python3.11/site-packages/scipy/ndimage/_nd_image.cpython-311-x86_64-linux-gnu.so
7f32a7e27000-7f32a7e28000 ---p 00022000 00:216 26467592183               /mnt/primary/conda-envs/semantic_uncertainty_export/lib/python3.11/site-packages/scipy/ndimage/_nd_image.cpython-311-x86_64-linux-gnu.so
7f32a7e28000-7f32a7e29000 r--p 00022000 00:216 26467592183               /mnt/primary/conda-envs/semantic_uncertainty_export/lib/python3.11/site-packages/scipy/ndimage/_nd_image.cpython-311-x86_64-linux-gnu.so
7f32a7e29000-7f32a7e2a000 rw-p 00023000 00:216 26467592183               /mnt/primary/conda-envs/semantic_uncertainty_export/lib/python3.11/site-packages/scipy/ndimage/_nd_image.cpython-311-x86_64-linux-gnu.so
7f32a7e2a000-7f32a7e35000 r--p 00000000 00:216 40842680355               /mnt/primary/conda-envs/semantic_uncertainty_export/lib/python3.11/site-packages/scipy/spatial/_qhull.cpython-311-x86_64-linux-gnu.so
7f32a7e35000-7f32a7eea000 r-xp 0000b000 00:216 40842680355               /mnt/primary/conda-envs/semantic_uncertainty_export/lib/python3.11/site-packages/scipy/spatial/_qhull.cpython-311-x86_64-linux-gnu.so
7f32a7eea000-7f32a7f1e000 r--p 000c0000 00:216 40842680355               /mnt/primary/conda-envs/semantic_uncertainty_export/lib/python3.11/site-packages/scipy/spatial/_qhull.cpython-311-x86_64-linux-gnu.so
7f32a7f1e000-7f32a7f1f000 r--p 000f3000 00:216 40842680355               /mnt/primary/conda-envs/semantic_uncertainty_export/lib/python3.11/site-packages/scipy/spatial/_qhull.cpython-311-x86_64-linux-gnu.so
7f32a7f1f000-7f32a7f28000 rw-p 000f4000 00:216 40842680355               /mnt/primary/conda-envs/semantic_uncertainty_export/lib/python3.11/site-packages/scipy/spatial/_qhull.cpython-311-x86_64-linux-gnu.so
7f32a7f28000-7f32a7f29000 rw-p 00000000 00:00 0 
7f32a7f29000-7f32a7f2e000 rw-p 00116000 00:216 40842680355               /mnt/primary/conda-envs/semantic_uncertainty_export/lib/python3.11/site-packages/scipy/spatial/_qhull.cpython-311-x86_64-linux-gnu.so
7f32a7f2e000-7f32a7f35000 r--p 00000000 00:216 163552721437              /mnt/primary/conda-envs/semantic_uncertainty_export/lib/python3.11/site-packages/scipy/sparse/csgraph/_reordering.cpython-311-x86_64-linux-gnu.so
7f32a7f35000-7f32a7f62000 r-xp 00007000 00:216 163552721437              /mnt/primary/conda-envs/semantic_uncertainty_export/lib/python3.11/site-packages/scipy/sparse/csgraph/_reordering.cpython-311-x86_64-linux-gnu.so
7f32a7f62000-7f32a7f6a000 r--p 00034000 00:216 163552721437              /mnt/primary/conda-envs/semantic_uncertainty_export/lib/python3.11/site-packages/scipy/sparse/csgraph/_reordering.cpython-311-x86_64-linux-gnu.so
7f32a7f6a000-7f32a7f6b000 r--p 0003b000 00:216 163552721437              /mnt/primary/conda-envs/semantic_uncertainty_export/lib/python3.11/site-packages/scipy/sparse/csgraph/_reordering.cpython-311-x86_64-linux-gnu.so
7f32a7f6b000-7f32a7f70000 rw-p 0003c000 00:216 163552721437              /mnt/primary/conda-envs/semantic_uncertainty_export/lib/python3.11/site-packages/scipy/sparse/csgraph/_reordering.cpython-311-x86_64-linux-gnu.so
7f32a7f70000-7f32a7f76000 r--p 00000000 00:216 163552721440              /mnt/primary/conda-envs/semantic_uncertainty_export/lib/python3.11/site-packages/scipy/sparse/csgraph/_matching.cpython-311-x86_64-linux-gnu.so
7f32a7f76000-7f32a7fa6000 r-xp 00006000 00:216 163552721440              /mnt/primary/conda-envs/semantic_uncertainty_export/lib/python3.11/site-packages/scipy/sparse/csgraph/_matching.cpython-311-x86_64-linux-gnu.so
7f32a7fa6000-7f32a7faf000 r--p 00036000 00:216 163552721440              /mnt/primary/conda-envs/semantic_uncertainty_export/lib/python3.11/site-packages/scipy/sparse/csgraph/_matching.cpython-311-x86_64-linux-gnu.so
7f32a7faf000-7f32a7fb0000 ---p 0003f000 00:216 163552721440              /mnt/primary/conda-envs/semantic_uncertainty_export/lib/python3.11/site-packages/scipy/sparse/csgraph/_matching.cpython-311-x86_64-linux-gnu.so
7f32a7fb0000-7f32a7fb1000 r--p 0003f000 00:216 163552721440              /mnt/primary/conda-envs/semantic_uncertainty_export/lib/python3.11/site-packages/scipy/sparse/csgraph/_matching.cpython-311-x86_64-linux-gnu.so
7f32a7fb1000-7f32a7fb7000 rw-p 00040000 00:216 163552721440              /mnt/primary/conda-envs/semantic_uncertainty_export/lib/python3.11/site-packages/scipy/sparse/csgraph/_matching.cpython-311-x86_64-linux-gnu.so
7f32a7fb7000-7f32a7fb8000 rw-p 00000000 00:00 0 
7f32a7fb8000-7f32a7fbf000 r--p 00000000 00:216 163552721436              /mnt/primary/conda-envs/semantic_uncertainty_export/lib/python3.11/site-packages/scipy/sparse/csgraph/_flow.cpython-311-x86_64-linux-gnu.so
7f32a7fbf000-7f32a7fee000 r-xp 00007000 00:216 163552721436              /mnt/primary/conda-envs/semantic_uncertainty_export/lib/python3.11/site-packages/scipy/sparse/csgraph/_flow.cpython-311-x86_64-linux-gnu.so
7f32a7fee000-7f32a7ff7000 r--p 00036000 00:216 163552721436              /mnt/primary/conda-envs/semantic_uncertainty_export/lib/python3.11/site-packages/scipy/sparse/csgraph/_flow.cpython-311-x86_64-linux-gnu.so
7f32a7ff7000-7f32a7ff8000 ---p 0003f000 00:216 163552721436              /mnt/primary/conda-envs/semantic_uncertainty_export/lib/python3.11/site-packages/scipy/sparse/csgraph/_flow.cpython-311-x86_64-linux-gnu.so
7f32a7ff8000-7f32a7ff9000 r--p 0003f000 00:216 163552721436              /mnt/primary/conda-envs/semantic_uncertainty_export/lib/python3.11/site-packages/scipy/sparse/csgraph/_flow.cpython-311-x86_64-linux-gnu.so
7f32a7ff9000-7f32a7fff000 rw-p 00040000 00:216 163552721436              /mnt/primary/conda-envs/semantic_uncertainty_export/lib/python3.11/site-packages/scipy/sparse/csgraph/_flow.cpython-311-x86_64-linux-gnu.so
7f32a7fff000-7f32a8000000 rw-p 00000000 00:00 0 
7f32a8000000-7f32a8021000 rw-p 00000000 00:00 0 
7f32a8021000-7f32ac000000 ---p 00000000 00:00 0 
7f32ac001000-7f32ac006000 r--p 00000000 00:216 40842680341               /mnt/primary/conda-envs/semantic_uncertainty_export/lib/python3.11/site-packages/scipy/spatial/_voronoi.cpython-311-x86_64-linux-gnu.so
7f32ac006000-7f32ac025000 r-xp 00005000 00:216 40842680341               /mnt/primary/conda-envs/semantic_uncertainty_export/lib/python3.11/site-packages/scipy/spatial/_voronoi.cpython-311-x86_64-linux-gnu.so
7f32ac025000-7f32ac02b000 r--p 00024000 00:216 40842680341               /mnt/primary/conda-envs/semantic_uncertainty_export/lib/python3.11/site-packages/scipy/spatial/_voronoi.cpython-311-x86_64-linux-gnu.so
7f32ac02b000-7f32ac02c000 r--p 00029000 00:216 40842680341               /mnt/primary/conda-envs/semantic_uncertainty_export/lib/python3.11/site-packages/scipy/spatial/_voronoi.cpython-311-x86_64-linux-gnu.so
7f32ac02c000-7f32ac02f000 rw-p 0002a000 00:216 40842680341               /mnt/primary/conda-envs/semantic_uncertainty_export/lib/python3.11/site-packages/scipy/spatial/_voronoi.cpython-311-x86_64-linux-gnu.so
7f32ac02f000-7f32ac035000 r--p 00000000 00:216 163552721443              /mnt/primary/conda-envs/semantic_uncertainty_export/lib/python3.11/site-packages/scipy/sparse/csgraph/_min_spanning_tree.cpython-311-x86_64-linux-gnu.so
7f32ac035000-7f32ac057000 r-xp 00006000 00:216 163552721443              /mnt/primary/conda-envs/semantic_uncertainty_export/lib/python3.11/site-packages/scipy/sparse/csgraph/_min_spanning_tree.cpython-311-x86_64-linux-gnu.so
7f32ac057000-7f32ac05e000 r--p 00028000 00:216 163552721443              /mnt/primary/conda-envs/semantic_uncertainty_export/lib/python3.11/site-packages/scipy/sparse/csgraph/_min_spanning_tree.cpython-311-x86_64-linux-gnu.so
7f32ac05e000-7f32ac05f000 r--p 0002e000 00:216 163552721443              /mnt/primary/conda-envs/semantic_uncertainty_export/lib/python3.11/site-packages/scipy/sparse/csgraph/_min_spanning_tree.cpython-311-x86_64-linux-gnu.so
7f32ac05f000-7f32ac063000 rw-p 0002f000 00:216 163552721443              /mnt/primary/conda-envs/semantic_uncertainty_export/lib/python3.11/site-packages/scipy/sparse/csgraph/_min_spanning_tree.cpython-311-x86_64-linux-gnu.so
7f32ac063000-7f32ac06b000 r--p 00000000 00:216 163552721434              /mnt/primary/conda-envs/semantic_uncertainty_export/lib/python3.11/site-packages/scipy/sparse/csgraph/_traversal.cpython-311-x86_64-linux-gnu.so
7f32ac06b000-7f32ac0ce000 r-xp 00008000 00:216 163552721434              /mnt/primary/conda-envs/semantic_uncertainty_export/lib/python3.11/site-packages/scipy/sparse/csgraph/_traversal.cpython-311-x86_64-linux-gnu.so
7f32ac0ce000-7f32ac0db000 r--p 0006b000 00:216 163552721434              /mnt/primary/conda-envs/semantic_uncertainty_export/lib/python3.11/site-packages/scipy/sparse/csgraph/_traversal.cpython-311-x86_64-linux-gnu.so
7f32ac0db000-7f32ac0dc000 r--p 00077000 00:216 163552721434              /mnt/primary/conda-envs/semantic_uncertainty_export/lib/python3.11/site-packages/scipy/sparse/csgraph/_traversal.cpython-311-x86_64-linux-gnu.so
7f32ac0dc000-7f32ac0e3000 rw-p 00078000 00:216 163552721434              /mnt/primary/conda-envs/semantic_uncertainty_export/lib/python3.11/site-packages/scipy/sparse/csgraph/_traversal.cpython-311-x86_64-linux-gnu.so
7f32ac0e3000-7f32ac0e4000 rw-p 00000000 00:00 0 
7f32ac0e4000-7f32ac0eb000 r--p 00000000 00:216 163552721435              /mnt/primary/conda-envs/semantic_uncertainty_export/lib/python3.11/site-packages/scipy/sparse/csgraph/_shortest_path.cpython-311-x86_64-linux-gnu.so
7f32ac0eb000-7f32ac136000 r-xp 00007000 00:216 163552721435              /mnt/primary/conda-envs/semantic_uncertainty_export/lib/python3.11/site-packages/scipy/sparse/csgraph/_shortest_path.cpython-311-x86_64-linux-gnu.so
7f32ac136000-7f32ac143000 r--p 00052000 00:216 163552721435              /mnt/primary/conda-envs/semantic_uncertainty_export/lib/python3.11/site-packages/scipy/sparse/csgraph/_shortest_path.cpython-311-x86_64-linux-gnu.so
7f32ac143000-7f32ac144000 r--p 0005e000 00:216 163552721435              /mnt/primary/conda-envs/semantic_uncertainty_export/lib/python3.11/site-packages/scipy/sparse/csgraph/_shortest_path.cpython-311-x86_64-linux-gnu.so
7f32ac144000-7f32ac14d000 rw-p 0005f000 00:216 163552721435              /mnt/primary/conda-envs/semantic_uncertainty_export/lib/python3.11/site-packages/scipy/sparse/csgraph/_shortest_path.cpython-311-x86_64-linux-gnu.so
7f32ac14d000-7f32ac14e000 rw-p 00000000 00:00 0 
7f32ac14e000-7f32ac154000 r--p 00000000 00:216 150478618165              /mnt/primary/conda-envs/semantic_uncertainty_export/lib/python3.11/site-packages/scipy/sparse/linalg/_eigen/arpack/_arpack.cpython-311-x86_64-linux-gnu.so
7f32ac154000-7f32ac1a0000 r-xp 00006000 00:216 150478618165              /mnt/primary/conda-envs/semantic_uncertainty_export/lib/python3.11/site-packages/scipy/sparse/linalg/_eigen/arpack/_arpack.cpython-311-x86_64-linux-gnu.so
7f32ac1a0000-7f32ac1b0000 r--p 00052000 00:216 150478618165              /mnt/primary/conda-envs/semantic_uncertainty_export/lib/python3.11/site-packages/scipy/sparse/linalg/_eigen/arpack/_arpack.cpython-311-x86_64-linux-gnu.so
7f32ac1b0000-7f32ac1b1000 r--p 00061000 00:216 150478618165              /mnt/primary/conda-envs/semantic_uncertainty_export/lib/python3.11/site-packages/scipy/sparse/linalg/_eigen/arpack/_arpack.cpython-311-x86_64-linux-gnu.so
7f32ac1b1000-7f32ac1bc000 rw-p 00062000 00:216 150478618165              /mnt/primary/conda-envs/semantic_uncertainty_export/lib/python3.11/site-packages/scipy/sparse/linalg/_eigen/arpack/_arpack.cpython-311-x86_64-linux-gnu.so
7f32ac1bc000-7f32ac1bd000 rw-p 00000000 00:00 0 
7f32ac1bd000-7f32ac1c0000 rw-p 00075000 00:216 150478618165              /mnt/primary/conda-envs/semantic_uncertainty_export/lib/python3.11/site-packages/scipy/sparse/linalg/_eigen/arpack/_arpack.cpython-311-x86_64-linux-gnu.so
7f32ac1c0000-7f32ac1ce000 r--p 00000000 00:216 141832290850              /mnt/primary/conda-envs/semantic_uncertainty_export/lib/python3.11/site-packages/pandas/_libs/join.cpython-311-x86_64-linux-gnu.so
7f32ac1ce000-7f32ac3dd000 r-xp 0000e000 00:216 141832290850              /mnt/primary/conda-envs/semantic_uncertainty_export/lib/python3.11/site-packages/pandas/_libs/join.cpython-311-x86_64-linux-gnu.so
7f32ac3dd000-7f32ac3f4000 r--p 0021d000 00:216 141832290850              /mnt/primary/conda-envs/semantic_uncertainty_export/lib/python3.11/site-packages/pandas/_libs/join.cpython-311-x86_64-linux-gnu.so
7f32ac3f4000-7f32ac3f5000 r--p 00233000 00:216 141832290850              /mnt/primary/conda-envs/semantic_uncertainty_export/lib/python3.11/site-packages/pandas/_libs/join.cpython-311-x86_64-linux-gnu.so
7f32ac3f5000-7f32ac3fd000 rw-p 00234000 00:216 141832290850              /mnt/primary/conda-envs/semantic_uncertainty_export/lib/python3.11/site-packages/pandas/_libs/join.cpython-311-x86_64-linux-gnu.so
7f32ac3fd000-7f32ac400000 rw-p 00000000 00:00 0 
7f32ac400000-7f32ac800000 rw-p 00000000 00:00 0 
7f32ac805000-7f32ac808000 r--p 00000000 00:216 98787977279               /mnt/primary/conda-envs/semantic_uncertainty_export/lib/python3.11/site-packages/scipy/optimize/_group_columns.cpython-311-x86_64-linux-gnu.so
7f32ac808000-7f32ac814000 r-xp 00003000 00:216 98787977279               /mnt/primary/conda-envs/semantic_uncertainty_export/lib/python3.11/site-packages/scipy/optimize/_group_columns.cpython-311-x86_64-linux-gnu.so
7f32ac814000-7f32ac817000 r--p 0000f000 00:216 98787977279               /mnt/primary/conda-envs/semantic_uncertainty_export/lib/python3.11/site-packages/scipy/optimize/_group_columns.cpython-311-x86_64-linux-gnu.so
7f32ac817000-7f32ac818000 r--p 00011000 00:216 98787977279               /mnt/primary/conda-envs/semantic_uncertainty_export/lib/python3.11/site-packages/scipy/optimize/_group_columns.cpython-311-x86_64-linux-gnu.so
7f32ac818000-7f32ac819000 rw-p 00012000 00:216 98787977279               /mnt/primary/conda-envs/semantic_uncertainty_export/lib/python3.11/site-packages/scipy/optimize/_group_columns.cpython-311-x86_64-linux-gnu.so
7f32ac819000-7f32ac81c000 r--p 00000000 00:216 137518709806              /mnt/primary/conda-envs/semantic_uncertainty_export/lib/python3.11/site-packages/scipy/sparse/linalg/_dsolve/_superlu.cpython-311-x86_64-linux-gnu.so
7f32ac81c000-7f32ac860000 r-xp 00003000 00:216 137518709806              /mnt/primary/conda-envs/semantic_uncertainty_export/lib/python3.11/site-packages/scipy/sparse/linalg/_dsolve/_superlu.cpython-311-x86_64-linux-gnu.so
7f32ac860000-7f32ac86b000 r--p 00047000 00:216 137518709806              /mnt/primary/conda-envs/semantic_uncertainty_export/lib/python3.11/site-packages/scipy/sparse/linalg/_dsolve/_superlu.cpython-311-x86_64-linux-gnu.so
7f32ac86b000-7f32ac86c000 r--p 00051000 00:216 137518709806              /mnt/primary/conda-envs/semantic_uncertainty_export/lib/python3.11/site-packages/scipy/sparse/linalg/_dsolve/_superlu.cpython-311-x86_64-linux-gnu.so
7f32ac86c000-7f32ac86d000 rw-p 00052000 00:216 137518709806              /mnt/primary/conda-envs/semantic_uncertainty_export/lib/python3.11/site-packages/scipy/sparse/linalg/_dsolve/_superlu.cpython-311-x86_64-linux-gnu.so
7f32ac86d000-7f32ac870000 rw-p 0005a000 00:216 137518709806              /mnt/primary/conda-envs/semantic_uncertainty_export/lib/python3.11/site-packages/scipy/sparse/linalg/_dsolve/_superlu.cpython-311-x86_64-linux-gnu.so
7f32ac870000-7f32ac875000 r--p 00000000 00:216 19514492990               /mnt/primary/conda-envs/semantic_uncertainty_export/lib/python3.11/site-packages/scipy/linalg/_decomp_update.cpython-311-x86_64-linux-gnu.so
7f32ac875000-7f32ac8ab000 r-xp 00005000 00:216 19514492990               /mnt/primary/conda-envs/semantic_uncertainty_export/lib/python3.11/site-packages/scipy/linalg/_decomp_update.cpython-311-x86_64-linux-gnu.so
7f32ac8ab000-7f32ac8b7000 r--p 0003b000 00:216 19514492990               /mnt/primary/conda-envs/semantic_uncertainty_export/lib/python3.11/site-packages/scipy/linalg/_decomp_update.cpython-311-x86_64-linux-gnu.so
7f32ac8b7000-7f32ac8b8000 r--p 00046000 00:216 19514492990               /mnt/primary/conda-envs/semantic_uncertainty_export/lib/python3.11/site-packages/scipy/linalg/_decomp_update.cpython-311-x86_64-linux-gnu.so
7f32ac8b8000-7f32ac8be000 rw-p 00047000 00:216 19514492990               /mnt/primary/conda-envs/semantic_uncertainty_export/lib/python3.11/site-packages/scipy/linalg/_decomp_update.cpython-311-x86_64-linux-gnu.so
7f32ac8be000-7f32ac8c6000 r--p 00000000 00:216 19514561051               /mnt/primary/conda-envs/semantic_uncertainty_export/lib/python3.11/site-packages/scipy/linalg/cython_blas.cpython-311-x86_64-linux-gnu.so
7f32ac8c6000-7f32ac8e9000 r-xp 00008000 00:216 19514561051               /mnt/primary/conda-envs/semantic_uncertainty_export/lib/python3.11/site-packages/scipy/linalg/cython_blas.cpython-311-x86_64-linux-gnu.so
7f32ac8e9000-7f32ac8f6000 r--p 0002b000 00:216 19514561051               /mnt/primary/conda-envs/semantic_uncertainty_export/lib/python3.11/site-packages/scipy/linalg/cython_blas.cpython-311-x86_64-linux-gnu.so
7f32ac8f6000-7f32ac8f7000 r--p 00037000 00:216 19514561051               /mnt/primary/conda-envs/semantic_uncertainty_export/lib/python3.11/site-packages/scipy/linalg/cython_blas.cpython-311-x86_64-linux-gnu.so
7f32ac8f7000-7f32ac8fa000 rw-p 00038000 00:216 19514561051               /mnt/primary/conda-envs/semantic_uncertainty_export/lib/python3.11/site-packages/scipy/linalg/cython_blas.cpython-311-x86_64-linux-gnu.so
7f32ac8fa000-7f32ac8fb000 rw-p 00000000 00:00 0 
7f32ac8fb000-7f32ac900000 rw-p 00047000 00:216 19514561051               /mnt/primary/conda-envs/semantic_uncertainty_export/lib/python3.11/site-packages/scipy/linalg/cython_blas.cpython-311-x86_64-linux-gnu.so
7f32ac900000-7f32aca00000 rw-p 00000000 00:00 0 
7f32aca00000-7f32aca01000 ---p 00000000 00:00 0 
7f32aca01000-7f32ad201000 rw-p 00000000 00:00 0 
7f32ad206000-7f32ad209000 r--p 00000000 00:216 49458313774               /mnt/primary/conda-envs/semantic_uncertainty_export/lib/python3.11/site-packages/scipy/special/_ellip_harm_2.cpython-311-x86_64-linux-gnu.so
7f32ad209000-7f32ad218000 r-xp 00003000 00:216 49458313774               /mnt/primary/conda-envs/semantic_uncertainty_export/lib/python3.11/site-packages/scipy/special/_ellip_harm_2.cpython-311-x86_64-linux-gnu.so
7f32ad218000-7f32ad21a000 r--p 00012000 00:216 49458313774               /mnt/primary/conda-envs/semantic_uncertainty_export/lib/python3.11/site-packages/scipy/special/_ellip_harm_2.cpython-311-x86_64-linux-gnu.so
7f32ad21a000-7f32ad21b000 ---p 00014000 00:216 49458313774               /mnt/primary/conda-envs/semantic_uncertainty_export/lib/python3.11/site-packages/scipy/special/_ellip_harm_2.cpython-311-x86_64-linux-gnu.so
7f32ad21b000-7f32ad21c000 r--p 00014000 00:216 49458313774               /mnt/primary/conda-envs/semantic_uncertainty_export/lib/python3.11/site-packages/scipy/special/_ellip_harm_2.cpython-311-x86_64-linux-gnu.so
7f32ad21c000-7f32ad21d000 rw-p 00015000 00:216 49458313774               /mnt/primary/conda-envs/semantic_uncertainty_export/lib/python3.11/site-packages/scipy/special/_ellip_harm_2.cpython-311-x86_64-linux-gnu.so
7f32ad21d000-7f32ad21e000 rw-p 00000000 00:00 0 
7f32ad21e000-7f32ad221000 rw-p 0001a000 00:216 49458313774               /mnt/primary/conda-envs/semantic_uncertainty_export/lib/python3.11/site-packages/scipy/special/_ellip_harm_2.cpython-311-x86_64-linux-gnu.so
7f32ad221000-7f32ad228000 r--p 00000000 00:216 19514492985               /mnt/primary/conda-envs/semantic_uncertainty_export/lib/python3.11/site-packages/scipy/linalg/_matfuncs_expm.cpython-311-x86_64-linux-gnu.so
7f32ad228000-7f32ad270000 r-xp 00007000 00:216 19514492985               /mnt/primary/conda-envs/semantic_uncertainty_export/lib/python3.11/site-packages/scipy/linalg/_matfuncs_expm.cpython-311-x86_64-linux-gnu.so
7f32ad270000-7f32ad27b000 r--p 0004f000 00:216 19514492985               /mnt/primary/conda-envs/semantic_uncertainty_export/lib/python3.11/site-packages/scipy/linalg/_matfuncs_expm.cpython-311-x86_64-linux-gnu.so
7f32ad27b000-7f32ad27c000 r--p 00059000 00:216 19514492985               /mnt/primary/conda-envs/semantic_uncertainty_export/lib/python3.11/site-packages/scipy/linalg/_matfuncs_expm.cpython-311-x86_64-linux-gnu.so
7f32ad27c000-7f32ad281000 rw-p 0005a000 00:216 19514492985               /mnt/primary/conda-envs/semantic_uncertainty_export/lib/python3.11/site-packages/scipy/linalg/_matfuncs_expm.cpython-311-x86_64-linux-gnu.so
7f32ad281000-7f32ad282000 rw-p 00000000 00:00 0 
7f32ad282000-7f32ad288000 r--p 00000000 00:216 19514561026               /mnt/primary/conda-envs/semantic_uncertainty_export/lib/python3.11/site-packages/scipy/linalg/_matfuncs_sqrtm_triu.cpython-311-x86_64-linux-gnu.so
7f32ad288000-7f32ad2ac000 r-xp 00006000 00:216 19514561026               /mnt/primary/conda-envs/semantic_uncertainty_export/lib/python3.11/site-packages/scipy/linalg/_matfuncs_sqrtm_triu.cpython-311-x86_64-linux-gnu.so
7f32ad2ac000-7f32ad2b3000 r--p 0002a000 00:216 19514561026               /mnt/primary/conda-envs/semantic_uncertainty_export/lib/python3.11/site-packages/scipy/linalg/_matfuncs_sqrtm_triu.cpython-311-x86_64-linux-gnu.so
7f32ad2b3000-7f32ad2b4000 r--p 00030000 00:216 19514561026               /mnt/primary/conda-envs/semantic_uncertainty_export/lib/python3.11/site-packages/scipy/linalg/_matfuncs_sqrtm_triu.cpython-311-x86_64-linux-gnu.so
7f32ad2b4000-7f32ad2b7000 rw-p 00031000 00:216 19514561026               /mnt/primary/conda-envs/semantic_uncertainty_export/lib/python3.11/site-packages/scipy/linalg/_matfuncs_sqrtm_triu.cpython-311-x86_64-linux-gnu.so
7f32ad2b7000-7f32ad2b8000 rw-p 00000000 00:00 0 
7f32ad2b8000-7f32ad2bd000 r--p 00000000 00:216 19514561059               /mnt/primary/conda-envs/semantic_uncertainty_export/lib/python3.11/site-packages/scipy/linalg/_decomp_lu_cython.cpython-311-x86_64-linux-gnu.so
7f32ad2bd000-7f32ad2e2000 r-xp 00005000 00:216 19514561059               /mnt/primary/conda-envs/semantic_uncertainty_export/lib/python3.11/site-packages/scipy/linalg/_decomp_lu_cython.cpython-311-x86_64-linux-gnu.so
7f32ad2e2000-7f32ad2e9000 r--p 0002a000 00:216 19514561059               /mnt/primary/conda-envs/semantic_uncertainty_export/lib/python3.11/site-packages/scipy/linalg/_decomp_lu_cython.cpython-311-x86_64-linux-gnu.so
7f32ad2e9000-7f32ad2ea000 r--p 00030000 00:216 19514561059               /mnt/primary/conda-envs/semantic_uncertainty_export/lib/python3.11/site-packages/scipy/linalg/_decomp_lu_cython.cpython-311-x86_64-linux-gnu.so
7f32ad2ea000-7f32ad2ed000 rw-p 00031000 00:216 19514561059               /mnt/primary/conda-envs/semantic_uncertainty_export/lib/python3.11/site-packages/scipy/linalg/_decomp_lu_cython.cpython-311-x86_64-linux-gnu.so
7f32ad2ed000-7f32ad304000 r--p 00000000 00:216 19514561048               /mnt/primary/conda-envs/semantic_uncertainty_export/lib/python3.11/site-packages/scipy/linalg/cython_lapack.cpython-311-x86_64-linux-gnu.so
7f32ad304000-7f32ad320000 r-xp 00017000 00:216 19514561048               /mnt/primary/conda-envs/semantic_uncertainty_export/lib/python3.11/site-packages/scipy/linalg/cython_lapack.cpython-311-x86_64-linux-gnu.so
7f32ad320000-7f32ad378000 r--p 00033000 00:216 19514561048               /mnt/primary/conda-envs/semantic_uncertainty_export/lib/python3.11/site-packages/scipy/linalg/cython_lapack.cpython-311-x86_64-linux-gnu.so
7f32ad378000-7f32ad379000 ---p 0008b000 00:216 19514561048               /mnt/primary/conda-envs/semantic_uncertainty_export/lib/python3.11/site-packages/scipy/linalg/cython_lapack.cpython-311-x86_64-linux-gnu.so
7f32ad379000-7f32ad37a000 r--p 0008b000 00:216 19514561048               /mnt/primary/conda-envs/semantic_uncertainty_export/lib/python3.11/site-packages/scipy/linalg/cython_lapack.cpython-311-x86_64-linux-gnu.so
7f32ad37a000-7f32ad37e000 rw-p 0008c000 00:216 19514561048               /mnt/primary/conda-envs/semantic_uncertainty_export/lib/python3.11/site-packages/scipy/linalg/cython_lapack.cpython-311-x86_64-linux-gnu.so
7f32ad37e000-7f32ad38f000 rw-p 000b8000 00:216 19514561048               /mnt/primary/conda-envs/semantic_uncertainty_export/lib/python3.11/site-packages/scipy/linalg/cython_lapack.cpython-311-x86_64-linux-gnu.so
7f32ad38f000-7f32ad397000 r--p 00000000 00:216 19514561025               /mnt/primary/conda-envs/semantic_uncertainty_export/lib/python3.11/site-packages/scipy/linalg/_cythonized_array_utils.cpython-311-x86_64-linux-gnu.so
7f32ad397000-7f32ad3ec000 r-xp 00008000 00:216 19514561025               /mnt/primary/conda-envs/semantic_uncertainty_export/lib/python3.11/site-packages/scipy/linalg/_cythonized_array_utils.cpython-311-x86_64-linux-gnu.so
7f32ad3ec000-7f32ad3f8000 r--p 0005d000 00:216 19514561025               /mnt/primary/conda-envs/semantic_uncertainty_export/lib/python3.11/site-packages/scipy/linalg/_cythonized_array_utils.cpython-311-x86_64-linux-gnu.so
7f32ad3f8000-7f32ad3f9000 r--p 00068000 00:216 19514561025               /mnt/primary/conda-envs/semantic_uncertainty_export/lib/python3.11/site-packages/scipy/linalg/_cythonized_array_utils.cpython-311-x86_64-linux-gnu.so
7f32ad3f9000-7f32ad3ff000 rw-p 00069000 00:216 19514561025               /mnt/primary/conda-envs/semantic_uncertainty_export/lib/python3.11/site-packages/scipy/linalg/_cythonized_array_utils.cpython-311-x86_64-linux-gnu.so
7f32ad3ff000-7f32ad400000 rw-p 00000000 00:00 0 
7f32ad400000-7f32af400000 rw-p 00000000 00:00 0 
7f32af400000-7f32af401000 r--p 00000000 00:216 98787977270               /mnt/primary/conda-envs/semantic_uncertainty_export/lib/python3.11/site-packages/scipy/optimize/_direct.cpython-311-x86_64-linux-gnu.so
7f32af401000-7f32af407000 r-xp 00001000 00:216 98787977270               /mnt/primary/conda-envs/semantic_uncertainty_export/lib/python3.11/site-packages/scipy/optimize/_direct.cpython-311-x86_64-linux-gnu.so
7f32af407000-7f32af409000 r--p 00007000 00:216 98787977270               /mnt/primary/conda-envs/semantic_uncertainty_export/lib/python3.11/site-packages/scipy/optimize/_direct.cpython-311-x86_64-linux-gnu.so
7f32af409000-7f32af40a000 r--p 00008000 00:216 98787977270               /mnt/primary/conda-envs/semantic_uncertainty_export/lib/python3.11/site-packages/scipy/optimize/_direct.cpython-311-x86_64-linux-gnu.so
7f32af40a000-7f32af40b000 rw-p 00009000 00:216 98787977270               /mnt/primary/conda-envs/semantic_uncertainty_export/lib/python3.11/site-packages/scipy/optimize/_direct.cpython-311-x86_64-linux-gnu.so
7f32af40b000-7f32af40d000 r--p 00000000 00:216 40842680351               /mnt/primary/conda-envs/semantic_uncertainty_export/lib/python3.11/site-packages/scipy/spatial/_distance_wrap.cpython-311-x86_64-linux-gnu.so
7f32af40d000-7f32af421000 r-xp 00002000 00:216 40842680351               /mnt/primary/conda-envs/semantic_uncertainty_export/lib/python3.11/site-packages/scipy/spatial/_distance_wrap.cpython-311-x86_64-linux-gnu.so
7f32af421000-7f32af423000 r--p 00016000 00:216 40842680351               /mnt/primary/conda-envs/semantic_uncertainty_export/lib/python3.11/site-packages/scipy/spatial/_distance_wrap.cpython-311-x86_64-linux-gnu.so
7f32af423000-7f32af424000 ---p 00018000 00:216 40842680351               /mnt/primary/conda-envs/semantic_uncertainty_export/lib/python3.11/site-packages/scipy/spatial/_distance_wrap.cpython-311-x86_64-linux-gnu.so
7f32af424000-7f32af425000 r--p 00018000 00:216 40842680351               /mnt/primary/conda-envs/semantic_uncertainty_export/lib/python3.11/site-packages/scipy/spatial/_distance_wrap.cpython-311-x86_64-linux-gnu.so
7f32af425000-7f32af426000 rw-p 00019000 00:216 40842680351               /mnt/primary/conda-envs/semantic_uncertainty_export/lib/python3.11/site-packages/scipy/spatial/_distance_wrap.cpython-311-x86_64-linux-gnu.so
7f32af426000-7f32af42c000 r--p 00000000 00:216 19514561038               /mnt/primary/conda-envs/semantic_uncertainty_export/lib/python3.11/site-packages/scipy/linalg/_solve_toeplitz.cpython-311-x86_64-linux-gnu.so
7f32af42c000-7f32af454000 r-xp 00006000 00:216 19514561038               /mnt/primary/conda-envs/semantic_uncertainty_export/lib/python3.11/site-packages/scipy/linalg/_solve_toeplitz.cpython-311-x86_64-linux-gnu.so
7f32af454000-7f32af45b000 r--p 0002e000 00:216 19514561038               /mnt/primary/conda-envs/semantic_uncertainty_export/lib/python3.11/site-packages/scipy/linalg/_solve_toeplitz.cpython-311-x86_64-linux-gnu.so
7f32af45b000-7f32af45c000 r--p 00034000 00:216 19514561038               /mnt/primary/conda-envs/semantic_uncertainty_export/lib/python3.11/site-packages/scipy/linalg/_solve_toeplitz.cpython-311-x86_64-linux-gnu.so
7f32af45c000-7f32af460000 rw-p 00035000 00:216 19514561038               /mnt/primary/conda-envs/semantic_uncertainty_export/lib/python3.11/site-packages/scipy/linalg/_solve_toeplitz.cpython-311-x86_64-linux-gnu.so
7f32af460000-7f32af46e000 r--p 00000000 00:216 19514561061               /mnt/primary/conda-envs/semantic_uncertainty_export/lib/python3.11/site-packages/scipy/linalg/_fblas.cpython-311-x86_64-linux-gnu.so
7f32af46e000-7f32af4b5000 r-xp 0000e000 00:216 19514561061               /mnt/primary/conda-envs/semantic_uncertainty_export/lib/python3.11/site-packages/scipy/linalg/_fblas.cpython-311-x86_64-linux-gnu.so
7f32af4b5000-7f32af4d6000 r--p 00055000 00:216 19514561061               /mnt/primary/conda-envs/semantic_uncertainty_export/lib/python3.11/site-packages/scipy/linalg/_fblas.cpython-311-x86_64-linux-gnu.so
7f32af4d6000-7f32af4d7000 r--p 00075000 00:216 19514561061               /mnt/primary/conda-envs/semantic_uncertainty_export/lib/python3.11/site-packages/scipy/linalg/_fblas.cpython-311-x86_64-linux-gnu.so
7f32af4d7000-7f32af4fd000 rw-p 00076000 00:216 19514561061               /mnt/primary/conda-envs/semantic_uncertainty_export/lib/python3.11/site-packages/scipy/linalg/_fblas.cpython-311-x86_64-linux-gnu.so
7f32af4fd000-7f32af500000 rw-p 000a4000 00:216 19514561061               /mnt/primary/conda-envs/semantic_uncertainty_export/lib/python3.11/site-packages/scipy/linalg/_fblas.cpython-311-x86_64-linux-gnu.so
7f32af500000-7f32af600000 rw-p 00000000 00:00 0 
7f32af600000-7f32af601000 ---p 00000000 00:00 0 
7f32af601000-7f32afe01000 rw-p 00000000 00:00 0 
7f32afe02000-7f32afe04000 r--p 00000000 00:216 77350671928               /mnt/primary/conda-envs/semantic_uncertainty_export/lib/python3.11/site-packages/scipy/stats/_levy_stable/levyst.cpython-311-x86_64-linux-gnu.so
7f32afe04000-7f32afe07000 r-xp 00002000 00:216 77350671928               /mnt/primary/conda-envs/semantic_uncertainty_export/lib/python3.11/site-packages/scipy/stats/_levy_stable/levyst.cpython-311-x86_64-linux-gnu.so
7f32afe07000-7f32afe08000 r--p 00005000 00:216 77350671928               /mnt/primary/conda-envs/semantic_uncertainty_export/lib/python3.11/site-packages/scipy/stats/_levy_stable/levyst.cpython-311-x86_64-linux-gnu.so
7f32afe08000-7f32afe09000 ---p 00006000 00:216 77350671928               /mnt/primary/conda-envs/semantic_uncertainty_export/lib/python3.11/site-packages/scipy/stats/_levy_stable/levyst.cpython-311-x86_64-linux-gnu.so
7f32afe09000-7f32afe0a000 r--p 00006000 00:216 77350671928               /mnt/primary/conda-envs/semantic_uncertainty_export/lib/python3.11/site-packages/scipy/stats/_levy_stable/levyst.cpython-311-x86_64-linux-gnu.so
7f32afe0a000-7f32afe0b000 rw-p 00007000 00:216 77350671928               /mnt/primary/conda-envs/semantic_uncertainty_export/lib/python3.11/site-packages/scipy/stats/_levy_stable/levyst.cpython-311-x86_64-linux-gnu.so
7f32afe0b000-7f32afe0f000 r--p 00000000 00:216 163552721433              /mnt/primary/conda-envs/semantic_uncertainty_export/lib/python3.11/site-packages/scipy/sparse/csgraph/_tools.cpython-311-x86_64-linux-gnu.so
7f32afe0f000-7f32afe28000 r-xp 00004000 00:216 163552721433              /mnt/primary/conda-envs/semantic_uncertainty_export/lib/python3.11/site-packages/scipy/sparse/csgraph/_tools.cpython-311-x86_64-linux-gnu.so
7f32afe28000-7f32afe2e000 r--p 0001d000 00:216 163552721433              /mnt/primary/conda-envs/semantic_uncertainty_export/lib/python3.11/site-packages/scipy/sparse/csgraph/_tools.cpython-311-x86_64-linux-gnu.so
7f32afe2e000-7f32afe2f000 ---p 00023000 00:216 163552721433              /mnt/primary/conda-envs/semantic_uncertainty_export/lib/python3.11/site-packages/scipy/sparse/csgraph/_tools.cpython-311-x86_64-linux-gnu.so
7f32afe2f000-7f32afe30000 r--p 00023000 00:216 163552721433              /mnt/primary/conda-envs/semantic_uncertainty_export/lib/python3.11/site-packages/scipy/sparse/csgraph/_tools.cpython-311-x86_64-linux-gnu.so
7f32afe30000-7f32afe35000 rw-p 00024000 00:216 163552721433              /mnt/primary/conda-envs/semantic_uncertainty_export/lib/python3.11/site-packages/scipy/sparse/csgraph/_tools.cpython-311-x86_64-linux-gnu.so
7f32afe35000-7f32afe39000 r--p 00000000 00:216 141825670163              /mnt/primary/conda-envs/semantic_uncertainty_export/lib/python3.11/site-packages/scipy/sparse/linalg/_isolve/_iterative.cpython-311-x86_64-linux-gnu.so
7f32afe39000-7f32afe5e000 r-xp 00004000 00:216 141825670163              /mnt/primary/conda-envs/semantic_uncertainty_export/lib/python3.11/site-packages/scipy/sparse/linalg/_isolve/_iterative.cpython-311-x86_64-linux-gnu.so
7f32afe5e000-7f32afe68000 r--p 00029000 00:216 141825670163              /mnt/primary/conda-envs/semantic_uncertainty_export/lib/python3.11/site-packages/scipy/sparse/linalg/_isolve/_iterative.cpython-311-x86_64-linux-gnu.so
7f32afe68000-7f32afe69000 r--p 00032000 00:216 141825670163              /mnt/primary/conda-envs/semantic_uncertainty_export/lib/python3.11/site-packages/scipy/sparse/linalg/_isolve/_iterative.cpython-311-x86_64-linux-gnu.so
7f32afe69000-7f32afe70000 rw-p 00033000 00:216 141825670163              /mnt/primary/conda-envs/semantic_uncertainty_export/lib/python3.11/site-packages/scipy/sparse/linalg/_isolve/_iterative.cpython-311-x86_64-linux-gnu.so
7f32afe70000-7f32afe71000 rw-p 00000000 00:00 0 
7f32afe71000-7f32afe74000 rw-p 00042000 00:216 141825670163              /mnt/primary/conda-envs/semantic_uncertainty_export/lib/python3.11/site-packages/scipy/sparse/linalg/_isolve/_iterative.cpython-311-x86_64-linux-gnu.so
7f32afe74000-7f32afe7e000 r--p 00000000 00:216 133230555197              /mnt/primary/conda-envs/semantic_uncertainty_export/lib/python3.11/site-packages/scipy/sparse/_csparsetools.cpython-311-x86_64-linux-gnu.so
7f32afe7e000-7f32afee9000 r-xp 0000a000 00:216 133230555197              /mnt/primary/conda-envs/semantic_uncertainty_export/lib/python3.11/site-packages/scipy/sparse/_csparsetools.cpython-311-x86_64-linux-gnu.so
7f32afee9000-7f32afef7000 r--p 00075000 00:216 133230555197              /mnt/primary/conda-envs/semantic_uncertainty_export/lib/python3.11/site-packages/scipy/sparse/_csparsetools.cpython-311-x86_64-linux-gnu.so
7f32afef7000-7f32afef8000 r--p 00082000 00:216 133230555197              /mnt/primary/conda-envs/semantic_uncertainty_export/lib/python3.11/site-packages/scipy/sparse/_csparsetools.cpython-311-x86_64-linux-gnu.so
7f32afef8000-7f32afeff000 rw-p 00083000 00:216 133230555197              /mnt/primary/conda-envs/semantic_uncertainty_export/lib/python3.11/site-packages/scipy/sparse/_csparsetools.cpython-311-x86_64-linux-gnu.so
7f32afeff000-7f32b0000000 rw-p 00000000 00:00 0 
7f32b0000000-7f32b0021000 rw-p 00000000 00:00 0 
7f32b0021000-7f32b4000000 ---p 00000000 00:00 0 
7f32b4000000-7f32b4200000 rw-p 00000000 00:00 0 
7f32b4200000-7f32b4400000 rw-p 00000000 00:00 0 
7f32b4403000-7f32b4405000 r--p 00000000 00:216 19514561068               /mnt/primary/conda-envs/semantic_uncertainty_export/lib/python3.11/site-packages/scipy/linalg/_flinalg.cpython-311-x86_64-linux-gnu.so
7f32b4405000-7f32b440d000 r-xp 00002000 00:216 19514561068               /mnt/primary/conda-envs/semantic_uncertainty_export/lib/python3.11/site-packages/scipy/linalg/_flinalg.cpython-311-x86_64-linux-gnu.so
7f32b440d000-7f32b4410000 r--p 0000a000 00:216 19514561068               /mnt/primary/conda-envs/semantic_uncertainty_export/lib/python3.11/site-packages/scipy/linalg/_flinalg.cpython-311-x86_64-linux-gnu.so
7f32b4410000-7f32b4411000 r--p 0000c000 00:216 19514561068               /mnt/primary/conda-envs/semantic_uncertainty_export/lib/python3.11/site-packages/scipy/linalg/_flinalg.cpython-311-x86_64-linux-gnu.so
7f32b4411000-7f32b4414000 rw-p 0000d000 00:216 19514561068               /mnt/primary/conda-envs/semantic_uncertainty_export/lib/python3.11/site-packages/scipy/linalg/_flinalg.cpython-311-x86_64-linux-gnu.so
7f32b4414000-7f32b4416000 rw-p 00012000 00:216 19514561068               /mnt/primary/conda-envs/semantic_uncertainty_export/lib/python3.11/site-packages/scipy/linalg/_flinalg.cpython-311-x86_64-linux-gnu.so
7f32b4416000-7f32b4420000 r--p 00000000 00:216 40842680338               /mnt/primary/conda-envs/semantic_uncertainty_export/lib/python3.11/site-packages/scipy/spatial/_ckdtree.cpython-311-x86_64-linux-gnu.so
7f32b4420000-7f32b44c1000 r-xp 0000a000 00:216 40842680338               /mnt/primary/conda-envs/semantic_uncertainty_export/lib/python3.11/site-packages/scipy/spatial/_ckdtree.cpython-311-x86_64-linux-gnu.so
7f32b44c1000-7f32b44da000 r--p 000ab000 00:216 40842680338               /mnt/primary/conda-envs/semantic_uncertainty_export/lib/python3.11/site-packages/scipy/spatial/_ckdtree.cpython-311-x86_64-linux-gnu.so
7f32b44da000-7f32b44db000 r--p 000c3000 00:216 40842680338               /mnt/primary/conda-envs/semantic_uncertainty_export/lib/python3.11/site-packages/scipy/spatial/_ckdtree.cpython-311-x86_64-linux-gnu.so
7f32b44db000-7f32b44e6000 rw-p 000c4000 00:216 40842680338               /mnt/primary/conda-envs/semantic_uncertainty_export/lib/python3.11/site-packages/scipy/spatial/_ckdtree.cpython-311-x86_64-linux-gnu.so
7f32b44e6000-7f32b44e7000 rw-p 00000000 00:00 0 
7f32b44e7000-7f32b44eb000 r--p 00000000 00:216 141832290851              /mnt/primary/conda-envs/semantic_uncertainty_export/lib/python3.11/site-packages/pandas/_libs/testing.cpython-311-x86_64-linux-gnu.so
7f32b44eb000-7f32b44fb000 r-xp 00004000 00:216 141832290851              /mnt/primary/conda-envs/semantic_uncertainty_export/lib/python3.11/site-packages/pandas/_libs/testing.cpython-311-x86_64-linux-gnu.so
7f32b44fb000-7f32b44fd000 r--p 00014000 00:216 141832290851              /mnt/primary/conda-envs/semantic_uncertainty_export/lib/python3.11/site-packages/pandas/_libs/testing.cpython-311-x86_64-linux-gnu.so
7f32b44fd000-7f32b44fe000 r--p 00015000 00:216 141832290851              /mnt/primary/conda-envs/semantic_uncertainty_export/lib/python3.11/site-packages/pandas/_libs/testing.cpython-311-x86_64-linux-gnu.so
7f32b44fe000-7f32b4500000 rw-p 00016000 00:216 141832290851              /mnt/primary/conda-envs/semantic_uncertainty_export/lib/python3.11/site-packages/pandas/_libs/testing.cpython-311-x86_64-linux-gnu.so
7f32b4500000-7f32b4600000 rw-p 00000000 00:00 0 
7f32b4600000-7f32b4800000 rw-p 00000000 00:00 0 
7f32b4802000-7f32b4814000 r--p 00000000 00:216 141832290874              /mnt/primary/conda-envs/semantic_uncertainty_export/lib/python3.11/site-packages/pandas/_libs/groupby.cpython-311-x86_64-linux-gnu.so
7f32b4814000-7f32b49c8000 r-xp 00012000 00:216 141832290874              /mnt/primary/conda-envs/semantic_uncertainty_export/lib/python3.11/site-packages/pandas/_libs/groupby.cpython-311-x86_64-linux-gnu.so
7f32b49c8000-7f32b49ed000 r--p 001c6000 00:216 141832290874              /mnt/primary/conda-envs/semantic_uncertainty_export/lib/python3.11/site-packages/pandas/_libs/groupby.cpython-311-x86_64-linux-gnu.so
7f32b49ed000-7f32b49ee000 ---p 001eb000 00:216 141832290874              /mnt/primary/conda-envs/semantic_uncertainty_export/lib/python3.11/site-packages/pandas/_libs/groupby.cpython-311-x86_64-linux-gnu.so
7f32b49ee000-7f32b49ef000 r--p 001eb000 00:216 141832290874              /mnt/primary/conda-envs/semantic_uncertainty_export/lib/python3.11/site-packages/pandas/_libs/groupby.cpython-311-x86_64-linux-gnu.so
7f32b49ef000-7f32b49fd000 rw-p 001ec000 00:216 141832290874              /mnt/primary/conda-envs/semantic_uncertainty_export/lib/python3.11/site-packages/pandas/_libs/groupby.cpython-311-x86_64-linux-gnu.so
7f32b49fd000-7f32b4a00000 rw-p 00000000 00:00 0 
7f32b4a00000-7f32b6a00000 rw-p 00000000 00:00 0 
7f32b6a00000-7f32b6c00000 rw-p 00000000 00:00 0 
7f32b6c00000-7f32b6c01000 ---p 00000000 00:00 0 
7f32b6c01000-7f32b7401000 rw-p 00000000 00:00 0 
7f32b7405000-7f32b7407000 r--p 00000000 00:216 98787428872               /mnt/primary/conda-envs/semantic_uncertainty_export/lib/python3.11/site-packages/scipy/optimize/__nnls.cpython-311-x86_64-linux-gnu.so
7f32b7407000-7f32b740c000 r-xp 00002000 00:216 98787428872               /mnt/primary/conda-envs/semantic_uncertainty_export/lib/python3.11/site-packages/scipy/optimize/__nnls.cpython-311-x86_64-linux-gnu.so
7f32b740c000-7f32b740e000 r--p 00007000 00:216 98787428872               /mnt/primary/conda-envs/semantic_uncertainty_export/lib/python3.11/site-packages/scipy/optimize/__nnls.cpython-311-x86_64-linux-gnu.so
7f32b740e000-7f32b740f000 r--p 00008000 00:216 98787428872               /mnt/primary/conda-envs/semantic_uncertainty_export/lib/python3.11/site-packages/scipy/optimize/__nnls.cpython-311-x86_64-linux-gnu.so
7f32b740f000-7f32b7410000 rw-p 00009000 00:216 98787428872               /mnt/primary/conda-envs/semantic_uncertainty_export/lib/python3.11/site-packages/scipy/optimize/__nnls.cpython-311-x86_64-linux-gnu.so
7f32b7410000-7f32b7412000 rw-p 0000c000 00:216 98787428872               /mnt/primary/conda-envs/semantic_uncertainty_export/lib/python3.11/site-packages/scipy/optimize/__nnls.cpython-311-x86_64-linux-gnu.so
7f32b7412000-7f32b741d000 r--p 00000000 00:216 141832290844              /mnt/primary/conda-envs/semantic_uncertainty_export/lib/python3.11/site-packages/pandas/_libs/parsers.cpython-311-x86_64-linux-gnu.so
7f32b741d000-7f32b7487000 r-xp 0000b000 00:216 141832290844              /mnt/primary/conda-envs/semantic_uncertainty_export/lib/python3.11/site-packages/pandas/_libs/parsers.cpython-311-x86_64-linux-gnu.so
7f32b7487000-7f32b7493000 r--p 00075000 00:216 141832290844              /mnt/primary/conda-envs/semantic_uncertainty_export/lib/python3.11/site-packages/pandas/_libs/parsers.cpython-311-x86_64-linux-gnu.so
7f32b7493000-7f32b7494000 ---p 00081000 00:216 141832290844              /mnt/primary/conda-envs/semantic_uncertainty_export/lib/python3.11/site-packages/pandas/_libs/parsers.cpython-311-x86_64-linux-gnu.so
7f32b7494000-7f32b7495000 r--p 00081000 00:216 141832290844              /mnt/primary/conda-envs/semantic_uncertainty_export/lib/python3.11/site-packages/pandas/_libs/parsers.cpython-311-x86_64-linux-gnu.so
7f32b7495000-7f32b749c000 rw-p 00082000 00:216 141832290844              /mnt/primary/conda-envs/semantic_uncertainty_export/lib/python3.11/site-packages/pandas/_libs/parsers.cpython-311-x86_64-linux-gnu.so
7f32b749c000-7f32b749e000 rw-p 00000000 00:00 0 
7f32b749e000-7f32b74a7000 r--p 00000000 00:216 143899507729              /mnt/primary/conda-envs/semantic_uncertainty_export/lib/python3.11/site-packages/pandas/_libs/window/aggregations.cpython-311-x86_64-linux-gnu.so
7f32b74a7000-7f32b74ee000 r-xp 00009000 00:216 143899507729              /mnt/primary/conda-envs/semantic_uncertainty_export/lib/python3.11/site-packages/pandas/_libs/window/aggregations.cpython-311-x86_64-linux-gnu.so
7f32b74ee000-7f32b74f7000 r--p 00050000 00:216 143899507729              /mnt/primary/conda-envs/semantic_uncertainty_export/lib/python3.11/site-packages/pandas/_libs/window/aggregations.cpython-311-x86_64-linux-gnu.so
7f32b74f7000-7f32b74f8000 ---p 00059000 00:216 143899507729              /mnt/primary/conda-envs/semantic_uncertainty_export/lib/python3.11/site-packages/pandas/_libs/window/aggregations.cpython-311-x86_64-linux-gnu.so
7f32b74f8000-7f32b74f9000 r--p 00059000 00:216 143899507729              /mnt/primary/conda-envs/semantic_uncertainty_export/lib/python3.11/site-packages/pandas/_libs/window/aggregations.cpython-311-x86_64-linux-gnu.so
7f32b74f9000-7f32b74fe000 rw-p 0005a000 00:216 143899507729              /mnt/primary/conda-envs/semantic_uncertainty_export/lib/python3.11/site-packages/pandas/_libs/window/aggregations.cpython-311-x86_64-linux-gnu.so
7f32b74fe000-7f32b7600000 rw-p 00000000 00:00 0 
7f32b7600000-7f32b7601000 ---p 00000000 00:00 0 
7f32b7601000-7f32b7e01000 rw-p 00000000 00:00 0 
7f32b7e02000-7f32b7e03000 r--p 00000000 00:216 45438356007               /mnt/primary/conda-envs/semantic_uncertainty_export/lib/python3.11/lib-dynload/_posixshmem.cpython-311-x86_64-linux-gnu.so
7f32b7e03000-7f32b7e04000 r-xp 00001000 00:216 45438356007               /mnt/primary/conda-envs/semantic_uncertainty_export/lib/python3.11/lib-dynload/_posixshmem.cpython-311-x86_64-linux-gnu.so
7f32b7e04000-7f32b7e05000 r--p 00002000 00:216 45438356007               /mnt/primary/conda-envs/semantic_uncertainty_export/lib/python3.11/lib-dynload/_posixshmem.cpython-311-x86_64-linux-gnu.so
7f32b7e05000-7f32b7e06000 r--p 00002000 00:216 45438356007               /mnt/primary/conda-envs/semantic_uncertainty_export/lib/python3.11/lib-dynload/_posixshmem.cpython-311-x86_64-linux-gnu.so
7f32b7e06000-7f32b7e07000 rw-p 00003000 00:216 45438356007               /mnt/primary/conda-envs/semantic_uncertainty_export/lib/python3.11/lib-dynload/_posixshmem.cpython-311-x86_64-linux-gnu.so
7f32b7e07000-7f32b7e0b000 r--p 00000000 00:216 53859409459               /mnt/primary/conda-envs/semantic_uncertainty_export/lib/python3.11/site-packages/scipy/_lib/_ccallback_c.cpython-311-x86_64-linux-gnu.so
7f32b7e0b000-7f32b7e14000 r-xp 00004000 00:216 53859409459               /mnt/primary/conda-envs/semantic_uncertainty_export/lib/python3.11/site-packages/scipy/_lib/_ccallback_c.cpython-311-x86_64-linux-gnu.so
7f32b7e14000-7f32b7e16000 r--p 0000d000 00:216 53859409459               /mnt/primary/conda-envs/semantic_uncertainty_export/lib/python3.11/site-packages/scipy/_lib/_ccallback_c.cpython-311-x86_64-linux-gnu.so
7f32b7e16000-7f32b7e17000 r--p 0000e000 00:216 53859409459               /mnt/primary/conda-envs/semantic_uncertainty_export/lib/python3.11/site-packages/scipy/_lib/_ccallback_c.cpython-311-x86_64-linux-gnu.so
7f32b7e17000-7f32b7e19000 rw-p 0000f000 00:216 53859409459               /mnt/primary/conda-envs/semantic_uncertainty_export/lib/python3.11/site-packages/scipy/_lib/_ccallback_c.cpython-311-x86_64-linux-gnu.so
7f32b7e19000-7f32b7e26000 r--p 00000000 00:216 141832290856              /mnt/primary/conda-envs/semantic_uncertainty_export/lib/python3.11/site-packages/pandas/_libs/index.cpython-311-x86_64-linux-gnu.so
7f32b7e26000-7f32b7edb000 r-xp 0000d000 00:216 141832290856              /mnt/primary/conda-envs/semantic_uncertainty_export/lib/python3.11/site-packages/pandas/_libs/index.cpython-311-x86_64-linux-gnu.so
7f32b7edb000-7f32b7ef1000 r--p 000c2000 00:216 141832290856              /mnt/primary/conda-envs/semantic_uncertainty_export/lib/python3.11/site-packages/pandas/_libs/index.cpython-311-x86_64-linux-gnu.so
7f32b7ef1000-7f32b7ef2000 r--p 000d7000 00:216 141832290856              /mnt/primary/conda-envs/semantic_uncertainty_export/lib/python3.11/site-packages/pandas/_libs/index.cpython-311-x86_64-linux-gnu.so
7f32b7ef2000-7f32b7efe000 rw-p 000d8000 00:216 141832290856              /mnt/primary/conda-envs/semantic_uncertainty_export/lib/python3.11/site-packages/pandas/_libs/index.cpython-311-x86_64-linux-gnu.so
7f32b7efe000-7f32b8000000 rw-p 00000000 00:00 0 
7f32b8000000-7f32b8021000 rw-p 00000000 00:00 0 
7f32b8021000-7f32bc000000 ---p 00000000 00:00 0 
7f32bc004000-7f32bc006000 r--p 00000000 00:216 45438459395               /mnt/primary/conda-envs/semantic_uncertainty_export/lib/python3.11/lib-dynload/cmath.cpython-311-x86_64-linux-gnu.so
7f32bc006000-7f32bc010000 r-xp 00002000 00:216 45438459395               /mnt/primary/conda-envs/semantic_uncertainty_export/lib/python3.11/lib-dynload/cmath.cpython-311-x86_64-linux-gnu.so
7f32bc010000-7f32bc012000 r--p 0000c000 00:216 45438459395               /mnt/primary/conda-envs/semantic_uncertainty_export/lib/python3.11/lib-dynload/cmath.cpython-311-x86_64-linux-gnu.so
7f32bc012000-7f32bc013000 ---p 0000e000 00:216 45438459395               /mnt/primary/conda-envs/semantic_uncertainty_export/lib/python3.11/lib-dynload/cmath.cpython-311-x86_64-linux-gnu.so
7f32bc013000-7f32bc014000 r--p 0000e000 00:216 45438459395               /mnt/primary/conda-envs/semantic_uncertainty_export/lib/python3.11/lib-dynload/cmath.cpython-311-x86_64-linux-gnu.so
7f32bc014000-7f32bc015000 rw-p 0000f000 00:216 45438459395               /mnt/primary/conda-envs/semantic_uncertainty_export/lib/python3.11/lib-dynload/cmath.cpython-311-x86_64-linux-gnu.so
7f32bc015000-7f32bc017000 rw-p 00000000 00:00 0 
7f32bc017000-7f32bc01e000 r--p 00000000 00:216 141832290858              /mnt/primary/conda-envs/semantic_uncertainty_export/lib/python3.11/site-packages/pandas/_libs/reshape.cpython-311-x86_64-linux-gnu.so
7f32bc01e000-7f32bc04d000 r-xp 00007000 00:216 141832290858              /mnt/primary/conda-envs/semantic_uncertainty_export/lib/python3.11/site-packages/pandas/_libs/reshape.cpython-311-x86_64-linux-gnu.so
7f32bc04d000-7f32bc055000 r--p 00036000 00:216 141832290858              /mnt/primary/conda-envs/semantic_uncertainty_export/lib/python3.11/site-packages/pandas/_libs/reshape.cpython-311-x86_64-linux-gnu.so
7f32bc055000-7f32bc056000 r--p 0003d000 00:216 141832290858              /mnt/primary/conda-envs/semantic_uncertainty_export/lib/python3.11/site-packages/pandas/_libs/reshape.cpython-311-x86_64-linux-gnu.so
7f32bc056000-7f32bc05a000 rw-p 0003e000 00:216 141832290858              /mnt/primary/conda-envs/semantic_uncertainty_export/lib/python3.11/site-packages/pandas/_libs/reshape.cpython-311-x86_64-linux-gnu.so
7f32bc05a000-7f32bc15b000 rw-p 00000000 00:00 0 
7f32bc15b000-7f32bc30f000 r--p 00000000 00:216 169691131415              /mnt/primary/conda-envs/semantic_uncertainty_export/lib/python3.11/site-packages/pyarrow/libparquet.so.2000
7f32bc30f000-7f32bc810000 r-xp 001b4000 00:216 169691131415              /mnt/primary/conda-envs/semantic_uncertainty_export/lib/python3.11/site-packages/pyarrow/libparquet.so.2000
7f32bc810000-7f32bc971000 r--p 006b5000 00:216 169691131415              /mnt/primary/conda-envs/semantic_uncertainty_export/lib/python3.11/site-packages/pyarrow/libparquet.so.2000
7f32bc971000-7f32bc9ef000 r--p 00815000 00:216 169691131415              /mnt/primary/conda-envs/semantic_uncertainty_export/lib/python3.11/site-packages/pyarrow/libparquet.so.2000
7f32bc9ef000-7f32bc9fd000 rw-p 00893000 00:216 169691131415              /mnt/primary/conda-envs/semantic_uncertainty_export/lib/python3.11/site-packages/pyarrow/libparquet.so.2000
7f32bc9fd000-7f32bca00000 rw-p 00000000 00:00 0 
7f32bca00000-7f32bca01000 ---p 00000000 00:00 0 
7f32bca01000-7f32bd201000 rw-p 00000000 00:00 0 
7f32bd201000-7f32bd202000 r--p 00000000 00:216 18670668801               /mnt/primary/conda-envs/semantic_uncertainty_export/lib/python3.11/site-packages/markupsafe/_speedups.cpython-311-x86_64-linux-gnu.so
7f32bd202000-7f32bd203000 r-xp 00001000 00:216 18670668801               /mnt/primary/conda-envs/semantic_uncertainty_export/lib/python3.11/site-packages/markupsafe/_speedups.cpython-311-x86_64-linux-gnu.so
7f32bd203000-7f32bd204000 r--p 00002000 00:216 18670668801               /mnt/primary/conda-envs/semantic_uncertainty_export/lib/python3.11/site-packages/markupsafe/_speedups.cpython-311-x86_64-linux-gnu.so
7f32bd204000-7f32bd205000 r--p 00002000 00:216 18670668801               /mnt/primary/conda-envs/semantic_uncertainty_export/lib/python3.11/site-packages/markupsafe/_speedups.cpython-311-x86_64-linux-gnu.so
7f32bd205000-7f32bd206000 rw-p 00003000 00:216 18670668801               /mnt/primary/conda-envs/semantic_uncertainty_export/lib/python3.11/site-packages/markupsafe/_speedups.cpython-311-x86_64-linux-gnu.so
7f32bd206000-7f32bd208000 r--p 00000000 00:216 98787428892               /mnt/primary/conda-envs/semantic_uncertainty_export/lib/python3.11/site-packages/scipy/optimize/_minpack2.cpython-311-x86_64-linux-gnu.so
7f32bd208000-7f32bd20e000 r-xp 00002000 00:216 98787428892               /mnt/primary/conda-envs/semantic_uncertainty_export/lib/python3.11/site-packages/scipy/optimize/_minpack2.cpython-311-x86_64-linux-gnu.so
7f32bd20e000-7f32bd210000 r--p 00008000 00:216 98787428892               /mnt/primary/conda-envs/semantic_uncertainty_export/lib/python3.11/site-packages/scipy/optimize/_minpack2.cpython-311-x86_64-linux-gnu.so
7f32bd210000-7f32bd211000 r--p 00009000 00:216 98787428892               /mnt/primary/conda-envs/semantic_uncertainty_export/lib/python3.11/site-packages/scipy/optimize/_minpack2.cpython-311-x86_64-linux-gnu.so
7f32bd211000-7f32bd212000 rw-p 0000a000 00:216 98787428892               /mnt/primary/conda-envs/semantic_uncertainty_export/lib/python3.11/site-packages/scipy/optimize/_minpack2.cpython-311-x86_64-linux-gnu.so
7f32bd212000-7f32bd214000 r--p 00000000 00:216 141832290834              /mnt/primary/conda-envs/semantic_uncertainty_export/lib/python3.11/site-packages/pandas/_libs/json.cpython-311-x86_64-linux-gnu.so
7f32bd214000-7f32bd21e000 r-xp 00002000 00:216 141832290834              /mnt/primary/conda-envs/semantic_uncertainty_export/lib/python3.11/site-packages/pandas/_libs/json.cpython-311-x86_64-linux-gnu.so
7f32bd21e000-7f32bd222000 r--p 0000c000 00:216 141832290834              /mnt/primary/conda-envs/semantic_uncertainty_export/lib/python3.11/site-packages/pandas/_libs/json.cpython-311-x86_64-linux-gnu.so
7f32bd222000-7f32bd223000 r--p 0000f000 00:216 141832290834              /mnt/primary/conda-envs/semantic_uncertainty_export/lib/python3.11/site-packages/pandas/_libs/json.cpython-311-x86_64-linux-gnu.so
7f32bd223000-7f32bd224000 rw-p 00010000 00:216 141832290834              /mnt/primary/conda-envs/semantic_uncertainty_export/lib/python3.11/site-packages/pandas/_libs/json.cpython-311-x86_64-linux-gnu.so
7f32bd224000-7f32bd22d000 r--p 00000000 00:216 141832290865              /mnt/primary/conda-envs/semantic_uncertainty_export/lib/python3.11/site-packages/pandas/_libs/sparse.cpython-311-x86_64-linux-gnu.so
7f32bd22d000-7f32bd2e9000 r-xp 00009000 00:216 141832290865              /mnt/primary/conda-envs/semantic_uncertainty_export/lib/python3.11/site-packages/pandas/_libs/sparse.cpython-311-x86_64-linux-gnu.so
7f32bd2e9000-7f32bd2f8000 r--p 000c5000 00:216 141832290865              /mnt/primary/conda-envs/semantic_uncertainty_export/lib/python3.11/site-packages/pandas/_libs/sparse.cpython-311-x86_64-linux-gnu.so
7f32bd2f8000-7f32bd2f9000 r--p 000d3000 00:216 141832290865              /mnt/primary/conda-envs/semantic_uncertainty_export/lib/python3.11/site-packages/pandas/_libs/sparse.cpython-311-x86_64-linux-gnu.so
7f32bd2f9000-7f32bd2ff000 rw-p 000d4000 00:216 141832290865              /mnt/primary/conda-envs/semantic_uncertainty_export/lib/python3.11/site-packages/pandas/_libs/sparse.cpython-311-x86_64-linux-gnu.so
7f32bd2ff000-7f32bd400000 rw-p 00000000 00:00 0 
7f32bd400000-7f32bf400000 rw-p 00000000 00:00 0 
7f32bf400000-7f32bf600000 rw-p 00000000 00:00 0 
7f32bf600000-7f32bf601000 ---p 00000000 00:00 0 
7f32bf601000-7f32bfe01000 rw-p 00000000 00:00 0 
7f32bfe05000-7f32bfe08000 r--p 00000000 00:216 49458313786               /mnt/primary/conda-envs/semantic_uncertainty_export/lib/python3.11/site-packages/scipy/special/_comb.cpython-311-x86_64-linux-gnu.so
7f32bfe08000-7f32bfe0c000 r-xp 00003000 00:216 49458313786               /mnt/primary/conda-envs/semantic_uncertainty_export/lib/python3.11/site-packages/scipy/special/_comb.cpython-311-x86_64-linux-gnu.so
7f32bfe0c000-7f32bfe0d000 r--p 00007000 00:216 49458313786               /mnt/primary/conda-envs/semantic_uncertainty_export/lib/python3.11/site-packages/scipy/special/_comb.cpython-311-x86_64-linux-gnu.so
7f32bfe0d000-7f32bfe0e000 r--p 00007000 00:216 49458313786               /mnt/primary/conda-envs/semantic_uncertainty_export/lib/python3.11/site-packages/scipy/special/_comb.cpython-311-x86_64-linux-gnu.so
7f32bfe0e000-7f32bfe0f000 rw-p 00008000 00:216 49458313786               /mnt/primary/conda-envs/semantic_uncertainty_export/lib/python3.11/site-packages/scipy/special/_comb.cpython-311-x86_64-linux-gnu.so
7f32bfe0f000-7f32bfe14000 r--p 00000000 00:216 143899507730              /mnt/primary/conda-envs/semantic_uncertainty_export/lib/python3.11/site-packages/pandas/_libs/window/indexers.cpython-311-x86_64-linux-gnu.so
7f32bfe14000-7f32bfe33000 r-xp 00005000 00:216 143899507730              /mnt/primary/conda-envs/semantic_uncertainty_export/lib/python3.11/site-packages/pandas/_libs/window/indexers.cpython-311-x86_64-linux-gnu.so
7f32bfe33000-7f32bfe39000 r--p 00024000 00:216 143899507730              /mnt/primary/conda-envs/semantic_uncertainty_export/lib/python3.11/site-packages/pandas/_libs/window/indexers.cpython-311-x86_64-linux-gnu.so
7f32bfe39000-7f32bfe3a000 r--p 00029000 00:216 143899507730              /mnt/primary/conda-envs/semantic_uncertainty_export/lib/python3.11/site-packages/pandas/_libs/window/indexers.cpython-311-x86_64-linux-gnu.so
7f32bfe3a000-7f32bfe3d000 rw-p 0002a000 00:216 143899507730              /mnt/primary/conda-envs/semantic_uncertainty_export/lib/python3.11/site-packages/pandas/_libs/window/indexers.cpython-311-x86_64-linux-gnu.so
7f32bfe3d000-7f32bfe46000 r--p 00000000 00:216 141832290857              /mnt/primary/conda-envs/semantic_uncertainty_export/lib/python3.11/site-packages/pandas/_libs/internals.cpython-311-x86_64-linux-gnu.so
7f32bfe46000-7f32bfe8c000 r-xp 00009000 00:216 141832290857              /mnt/primary/conda-envs/semantic_uncertainty_export/lib/python3.11/site-packages/pandas/_libs/internals.cpython-311-x86_64-linux-gnu.so
7f32bfe8c000-7f32bfe97000 r--p 0004f000 00:216 141832290857              /mnt/primary/conda-envs/semantic_uncertainty_export/lib/python3.11/site-packages/pandas/_libs/internals.cpython-311-x86_64-linux-gnu.so
7f32bfe97000-7f32bfe98000 r--p 00059000 00:216 141832290857              /mnt/primary/conda-envs/semantic_uncertainty_export/lib/python3.11/site-packages/pandas/_libs/internals.cpython-311-x86_64-linux-gnu.so
7f32bfe98000-7f32bfe9e000 rw-p 0005a000 00:216 141832290857              /mnt/primary/conda-envs/semantic_uncertainty_export/lib/python3.11/site-packages/pandas/_libs/internals.cpython-311-x86_64-linux-gnu.so
7f32bfe9e000-7f32bfea0000 rw-p 00000000 00:00 0 
7f32bfea0000-7f32bfea7000 r--p 00000000 00:216 141832290837              /mnt/primary/conda-envs/semantic_uncertainty_export/lib/python3.11/site-packages/pandas/_libs/tslib.cpython-311-x86_64-linux-gnu.so
7f32bfea7000-7f32bfedc000 r-xp 00007000 00:216 141832290837              /mnt/primary/conda-envs/semantic_uncertainty_export/lib/python3.11/site-packages/pandas/_libs/tslib.cpython-311-x86_64-linux-gnu.so
7f32bfedc000-7f32bfee4000 r--p 0003c000 00:216 141832290837              /mnt/primary/conda-envs/semantic_uncertainty_export/lib/python3.11/site-packages/pandas/_libs/tslib.cpython-311-x86_64-linux-gnu.so
7f32bfee4000-7f32bfee5000 r--p 00043000 00:216 141832290837              /mnt/primary/conda-envs/semantic_uncertainty_export/lib/python3.11/site-packages/pandas/_libs/tslib.cpython-311-x86_64-linux-gnu.so
7f32bfee5000-7f32bfeea000 rw-p 00044000 00:216 141832290837              /mnt/primary/conda-envs/semantic_uncertainty_export/lib/python3.11/site-packages/pandas/_libs/tslib.cpython-311-x86_64-linux-gnu.so
7f32bfeea000-7f32bff18000 r--p 00000000 00:216 170174514215              /mnt/primary/conda-envs/semantic_uncertainty_export/lib/python3.11/site-packages/pyarrow/_compute.cpython-311-x86_64-linux-gnu.so
7f32bff18000-7f32bffb9000 r-xp 0002e000 00:216 170174514215              /mnt/primary/conda-envs/semantic_uncertainty_export/lib/python3.11/site-packages/pyarrow/_compute.cpython-311-x86_64-linux-gnu.so
7f32bffb9000-7f32bffec000 r--p 000cf000 00:216 170174514215              /mnt/primary/conda-envs/semantic_uncertainty_export/lib/python3.11/site-packages/pyarrow/_compute.cpython-311-x86_64-linux-gnu.so
7f32bffec000-7f32bffef000 r--p 00101000 00:216 170174514215              /mnt/primary/conda-envs/semantic_uncertainty_export/lib/python3.11/site-packages/pyarrow/_compute.cpython-311-x86_64-linux-gnu.so
7f32bffef000-7f32bfffc000 rw-p 00104000 00:216 170174514215              /mnt/primary/conda-envs/semantic_uncertainty_export/lib/python3.11/site-packages/pyarrow/_compute.cpython-311-x86_64-linux-gnu.so
7f32bfffc000-7f32c0000000 rw-p 00000000 00:00 0 
7f32c0000000-7f32c0021000 rw-p 00000000 00:00 0 
7f32c0021000-7f32c4000000 ---p 00000000 00:00 0 
7f32c4002000-7f32c4005000 r--p 00000000 00:216 53859409458               /mnt/primary/conda-envs/semantic_uncertainty_export/lib/python3.11/site-packages/scipy/_lib/messagestream.cpython-311-x86_64-linux-gnu.so
7f32c4005000-7f32c400a000 r-xp 00003000 00:216 53859409458               /mnt/primary/conda-envs/semantic_uncertainty_export/lib/python3.11/site-packages/scipy/_lib/messagestream.cpython-311-x86_64-linux-gnu.so
7f32c400a000-7f32c400c000 r--p 00008000 00:216 53859409458               /mnt/primary/conda-envs/semantic_uncertainty_export/lib/python3.11/site-packages/scipy/_lib/messagestream.cpython-311-x86_64-linux-gnu.so
7f32c400c000-7f32c400d000 r--p 00009000 00:216 53859409458               /mnt/primary/conda-envs/semantic_uncertainty_export/lib/python3.11/site-packages/scipy/_lib/messagestream.cpython-311-x86_64-linux-gnu.so
7f32c400d000-7f32c400e000 rw-p 0000a000 00:216 53859409458               /mnt/primary/conda-envs/semantic_uncertainty_export/lib/python3.11/site-packages/scipy/_lib/messagestream.cpython-311-x86_64-linux-gnu.so
7f32c400e000-7f32c4015000 r--p 00000000 00:216 141832290863              /mnt/primary/conda-envs/semantic_uncertainty_export/lib/python3.11/site-packages/pandas/_libs/writers.cpython-311-x86_64-linux-gnu.so
7f32c4015000-7f32c4039000 r-xp 00007000 00:216 141832290863              /mnt/primary/conda-envs/semantic_uncertainty_export/lib/python3.11/site-packages/pandas/_libs/writers.cpython-311-x86_64-linux-gnu.so
7f32c4039000-7f32c4040000 r--p 0002b000 00:216 141832290863              /mnt/primary/conda-envs/semantic_uncertainty_export/lib/python3.11/site-packages/pandas/_libs/writers.cpython-311-x86_64-linux-gnu.so
7f32c4040000-7f32c4041000 r--p 00031000 00:216 141832290863              /mnt/primary/conda-envs/semantic_uncertainty_export/lib/python3.11/site-packages/pandas/_libs/writers.cpython-311-x86_64-linux-gnu.so
7f32c4041000-7f32c4045000 rw-p 00032000 00:216 141832290863              /mnt/primary/conda-envs/semantic_uncertainty_export/lib/python3.11/site-packages/pandas/_libs/writers.cpython-311-x86_64-linux-gnu.so
7f32c4045000-7f32c4146000 rw-p 00000000 00:00 0 
7f32c4146000-7f32c4154000 r--p 00000000 00:216 141832290872              /mnt/primary/conda-envs/semantic_uncertainty_export/lib/python3.11/site-packages/pandas/_libs/lib.cpython-311-x86_64-linux-gnu.so
7f32c4154000-7f32c41db000 r-xp 0000e000 00:216 141832290872              /mnt/primary/conda-envs/semantic_uncertainty_export/lib/python3.11/site-packages/pandas/_libs/lib.cpython-311-x86_64-linux-gnu.so
7f32c41db000-7f32c41ee000 r--p 00095000 00:216 141832290872              /mnt/primary/conda-envs/semantic_uncertainty_export/lib/python3.11/site-packages/pandas/_libs/lib.cpython-311-x86_64-linux-gnu.so
7f32c41ee000-7f32c41ef000 r--p 000a7000 00:216 141832290872              /mnt/primary/conda-envs/semantic_uncertainty_export/lib/python3.11/site-packages/pandas/_libs/lib.cpython-311-x86_64-linux-gnu.so
7f32c41ef000-7f32c41fe000 rw-p 000a8000 00:216 141832290872              /mnt/primary/conda-envs/semantic_uncertainty_export/lib/python3.11/site-packages/pandas/_libs/lib.cpython-311-x86_64-linux-gnu.so
7f32c41fe000-7f32c4200000 rw-p 00000000 00:00 0 
7f32c4200000-7f32c4201000 ---p 00000000 00:00 0 
7f32c4201000-7f32c4a01000 rw-p 00000000 00:00 0 
7f32c4a03000-7f32c4a16000 r--p 00000000 00:216 141832290870              /mnt/primary/conda-envs/semantic_uncertainty_export/lib/python3.11/site-packages/pandas/_libs/algos.cpython-311-x86_64-linux-gnu.so
7f32c4a16000-7f32c4bcb000 r-xp 00013000 00:216 141832290870              /mnt/primary/conda-envs/semantic_uncertainty_export/lib/python3.11/site-packages/pandas/_libs/algos.cpython-311-x86_64-linux-gnu.so
7f32c4bcb000-7f32c4bee000 r--p 001c8000 00:216 141832290870              /mnt/primary/conda-envs/semantic_uncertainty_export/lib/python3.11/site-packages/pandas/_libs/algos.cpython-311-x86_64-linux-gnu.so
7f32c4bee000-7f32c4bef000 r--p 001ea000 00:216 141832290870              /mnt/primary/conda-envs/semantic_uncertainty_export/lib/python3.11/site-packages/pandas/_libs/algos.cpython-311-x86_64-linux-gnu.so
7f32c4bef000-7f32c4bfc000 rw-p 001eb000 00:216 141832290870              /mnt/primary/conda-envs/semantic_uncertainty_export/lib/python3.11/site-packages/pandas/_libs/algos.cpython-311-x86_64-linux-gnu.so
7f32c4bfc000-7f32c4c00000 rw-p 00000000 00:00 0 
7f32c4c00000-7f32c4c3b000 r-xp 00000000 00:216 103483982907              /mnt/primary/conda-envs/semantic_uncertainty_export/lib/python3.11/site-packages/numpy.libs/libquadmath-96973f99.so.0.0.0
7f32c4c3b000-7f32c4e3a000 ---p 0003b000 00:216 103483982907              /mnt/primary/conda-envs/semantic_uncertainty_export/lib/python3.11/site-packages/numpy.libs/libquadmath-96973f99.so.0.0.0
7f32c4e3a000-7f32c4e3b000 r--p 0003a000 00:216 103483982907              /mnt/primary/conda-envs/semantic_uncertainty_export/lib/python3.11/site-packages/numpy.libs/libquadmath-96973f99.so.0.0.0
7f32c4e3b000-7f32c4e3d000 rw-p 0003b000 00:216 103483982907              /mnt/primary/conda-envs/semantic_uncertainty_export/lib/python3.11/site-packages/numpy.libs/libquadmath-96973f99.so.0.0.0
7f32c4e40000-7f32c4e44000 r--p 00000000 00:216 141832290868              /mnt/primary/conda-envs/semantic_uncertainty_export/lib/python3.11/site-packages/pandas/_libs/arrays.cpython-311-x86_64-linux-gnu.so
7f32c4e44000-7f32c4e53000 r-xp 00004000 00:216 141832290868              /mnt/primary/conda-envs/semantic_uncertainty_export/lib/python3.11/site-packages/pandas/_libs/arrays.cpython-311-x86_64-linux-gnu.so
7f32c4e53000-7f32c4e56000 r--p 00013000 00:216 141832290868              /mnt/primary/conda-envs/semantic_uncertainty_export/lib/python3.11/site-packages/pandas/_libs/arrays.cpython-311-x86_64-linux-gnu.so
7f32c4e56000-7f32c4e57000 r--p 00015000 00:216 141832290868              /mnt/primary/conda-envs/semantic_uncertainty_export/lib/python3.11/site-packages/pandas/_libs/arrays.cpython-311-x86_64-linux-gnu.so
7f32c4e57000-7f32c4e59000 rw-p 00016000 00:216 141832290868              /mnt/primary/conda-envs/semantic_uncertainty_export/lib/python3.11/site-packages/pandas/_libs/arrays.cpython-311-x86_64-linux-gnu.so
7f32c4e59000-7f32c4e5b000 r--p 00000000 00:216 58046899230               /mnt/primary/conda-envs/semantic_uncertainty_export/lib/python3.11/site-packages/bottleneck/reduce.cpython-311-x86_64-linux-gnu.so
7f32c4e5b000-7f32c4e6d000 r-xp 00002000 00:216 58046899230               /mnt/primary/conda-envs/semantic_uncertainty_export/lib/python3.11/site-packages/bottleneck/reduce.cpython-311-x86_64-linux-gnu.so
7f32c4e6d000-7f32c4e70000 r--p 00014000 00:216 58046899230               /mnt/primary/conda-envs/semantic_uncertainty_export/lib/python3.11/site-packages/bottleneck/reduce.cpython-311-x86_64-linux-gnu.so
7f32c4e70000-7f32c4e71000 r--p 00016000 00:216 58046899230               /mnt/primary/conda-envs/semantic_uncertainty_export/lib/python3.11/site-packages/bottleneck/reduce.cpython-311-x86_64-linux-gnu.so
7f32c4e71000-7f32c4e75000 rw-p 00017000 00:216 58046899230               /mnt/primary/conda-envs/semantic_uncertainty_export/lib/python3.11/site-packages/bottleneck/reduce.cpython-311-x86_64-linux-gnu.so
7f32c4e75000-7f32c4e80000 r--p 00000000 00:216 146028901890              /mnt/primary/conda-envs/semantic_uncertainty_export/lib/python3.11/site-packages/pandas/_libs/tslibs/period.cpython-311-x86_64-linux-gnu.so
7f32c4e80000-7f32c4ecf000 r-xp 0000b000 00:216 146028901890              /mnt/primary/conda-envs/semantic_uncertainty_export/lib/python3.11/site-packages/pandas/_libs/tslibs/period.cpython-311-x86_64-linux-gnu.so
7f32c4ecf000-7f32c4ee4000 r--p 0005a000 00:216 146028901890              /mnt/primary/conda-envs/semantic_uncertainty_export/lib/python3.11/site-packages/pandas/_libs/tslibs/period.cpython-311-x86_64-linux-gnu.so
7f32c4ee4000-7f32c4ee5000 r--p 0006e000 00:216 146028901890              /mnt/primary/conda-envs/semantic_uncertainty_export/lib/python3.11/site-packages/pandas/_libs/tslibs/period.cpython-311-x86_64-linux-gnu.so
7f32c4ee5000-7f32c4eef000 rw-p 0006f000 00:216 146028901890              /mnt/primary/conda-envs/semantic_uncertainty_export/lib/python3.11/site-packages/pandas/_libs/tslibs/period.cpython-311-x86_64-linux-gnu.so
7f32c4eef000-7f32c4ef0000 rw-p 00000000 00:00 0 
7f32c4ef0000-7f32c4ef9000 r--p 00000000 00:216 146028901896              /mnt/primary/conda-envs/semantic_uncertainty_export/lib/python3.11/site-packages/pandas/_libs/tslibs/strptime.cpython-311-x86_64-linux-gnu.so
7f32c4ef9000-7f32c4f34000 r-xp 00009000 00:216 146028901896              /mnt/primary/conda-envs/semantic_uncertainty_export/lib/python3.11/site-packages/pandas/_libs/tslibs/strptime.cpython-311-x86_64-linux-gnu.so
7f32c4f34000-7f32c4f3d000 r--p 00044000 00:216 146028901896              /mnt/primary/conda-envs/semantic_uncertainty_export/lib/python3.11/site-packages/pandas/_libs/tslibs/strptime.cpython-311-x86_64-linux-gnu.so
7f32c4f3d000-7f32c4f3e000 r--p 0004c000 00:216 146028901896              /mnt/primary/conda-envs/semantic_uncertainty_export/lib/python3.11/site-packages/pandas/_libs/tslibs/strptime.cpython-311-x86_64-linux-gnu.so
7f32c4f3e000-7f32c4f43000 rw-p 0004d000 00:216 146028901896              /mnt/primary/conda-envs/semantic_uncertainty_export/lib/python3.11/site-packages/pandas/_libs/tslibs/strptime.cpython-311-x86_64-linux-gnu.so
7f32c4f43000-7f32c4f44000 rw-p 00000000 00:00 0 
7f32c4f44000-7f32c4f4e000 r--p 00000000 00:216 146028901912              /mnt/primary/conda-envs/semantic_uncertainty_export/lib/python3.11/site-packages/pandas/_libs/tslibs/parsing.cpython-311-x86_64-linux-gnu.so
7f32c4f4e000-7f32c4f9d000 r-xp 0000a000 00:216 146028901912              /mnt/primary/conda-envs/semantic_uncertainty_export/lib/python3.11/site-packages/pandas/_libs/tslibs/parsing.cpython-311-x86_64-linux-gnu.so
7f32c4f9d000-7f32c4fa9000 r--p 00059000 00:216 146028901912              /mnt/primary/conda-envs/semantic_uncertainty_export/lib/python3.11/site-packages/pandas/_libs/tslibs/parsing.cpython-311-x86_64-linux-gnu.so
7f32c4fa9000-7f32c4faa000 r--p 00064000 00:216 146028901912              /mnt/primary/conda-envs/semantic_uncertainty_export/lib/python3.11/site-packages/pandas/_libs/tslibs/parsing.cpython-311-x86_64-linux-gnu.so
7f32c4faa000-7f32c4fb1000 rw-p 00065000 00:216 146028901912              /mnt/primary/conda-envs/semantic_uncertainty_export/lib/python3.11/site-packages/pandas/_libs/tslibs/parsing.cpython-311-x86_64-linux-gnu.so
7f32c4fb1000-7f32c4fb2000 rw-p 00000000 00:00 0 
7f32c4fb2000-7f32c4fb9000 r--p 00000000 00:216 146028901909              /mnt/primary/conda-envs/semantic_uncertainty_export/lib/python3.11/site-packages/pandas/_libs/tslibs/tzconversion.cpython-311-x86_64-linux-gnu.so
7f32c4fb9000-7f32c4ff2000 r-xp 00007000 00:216 146028901909              /mnt/primary/conda-envs/semantic_uncertainty_export/lib/python3.11/site-packages/pandas/_libs/tslibs/tzconversion.cpython-311-x86_64-linux-gnu.so
7f32c4ff2000-7f32c4ffa000 r--p 00040000 00:216 146028901909              /mnt/primary/conda-envs/semantic_uncertainty_export/lib/python3.11/site-packages/pandas/_libs/tslibs/tzconversion.cpython-311-x86_64-linux-gnu.so
7f32c4ffa000-7f32c4ffb000 r--p 00047000 00:216 146028901909              /mnt/primary/conda-envs/semantic_uncertainty_export/lib/python3.11/site-packages/pandas/_libs/tslibs/tzconversion.cpython-311-x86_64-linux-gnu.so
7f32c4ffb000-7f32c4fff000 rw-p 00048000 00:216 146028901909              /mnt/primary/conda-envs/semantic_uncertainty_export/lib/python3.11/site-packages/pandas/_libs/tslibs/tzconversion.cpython-311-x86_64-linux-gnu.so
7f32c4fff000-7f32c5200000 rw-p 00000000 00:00 0 
7f32c5200000-7f32c5476000 r-xp 00000000 00:216 103483982908              /mnt/primary/conda-envs/semantic_uncertainty_export/lib/python3.11/site-packages/numpy.libs/libgfortran-040039e1.so.5.0.0
7f32c5476000-7f32c5675000 ---p 00276000 00:216 103483982908              /mnt/primary/conda-envs/semantic_uncertainty_export/lib/python3.11/site-packages/numpy.libs/libgfortran-040039e1.so.5.0.0
7f32c5675000-7f32c5676000 r--p 00275000 00:216 103483982908              /mnt/primary/conda-envs/semantic_uncertainty_export/lib/python3.11/site-packages/numpy.libs/libgfortran-040039e1.so.5.0.0
7f32c5676000-7f32c5678000 rw-p 00276000 00:216 103483982908              /mnt/primary/conda-envs/semantic_uncertainty_export/lib/python3.11/site-packages/numpy.libs/libgfortran-040039e1.so.5.0.0
7f32c5678000-7f32c568d000 rw-p 0027b000 00:216 103483982908              /mnt/primary/conda-envs/semantic_uncertainty_export/lib/python3.11/site-packages/numpy.libs/libgfortran-040039e1.so.5.0.0
7f32c5690000-7f32c5692000 r--p 00000000 00:216 45438459399               /mnt/primary/conda-envs/semantic_uncertainty_export/lib/python3.11/lib-dynload/mmap.cpython-311-x86_64-linux-gnu.so
7f32c5692000-7f32c5695000 r-xp 00002000 00:216 45438459399               /mnt/primary/conda-envs/semantic_uncertainty_export/lib/python3.11/lib-dynload/mmap.cpython-311-x86_64-linux-gnu.so
7f32c5695000-7f32c5697000 r--p 00005000 00:216 45438459399               /mnt/primary/conda-envs/semantic_uncertainty_export/lib/python3.11/lib-dynload/mmap.cpython-311-x86_64-linux-gnu.so
7f32c5697000-7f32c5698000 r--p 00006000 00:216 45438459399               /mnt/primary/conda-envs/semantic_uncertainty_export/lib/python3.11/lib-dynload/mmap.cpython-311-x86_64-linux-gnu.so
7f32c5698000-7f32c5699000 rw-p 00007000 00:216 45438459399               /mnt/primary/conda-envs/semantic_uncertainty_export/lib/python3.11/lib-dynload/mmap.cpython-311-x86_64-linux-gnu.so
7f32c5699000-7f32c569f000 r--p 00000000 00:216 141832290855              /mnt/primary/conda-envs/semantic_uncertainty_export/lib/python3.11/site-packages/pandas/_libs/ops.cpython-311-x86_64-linux-gnu.so
7f32c569f000-7f32c56c9000 r-xp 00006000 00:216 141832290855              /mnt/primary/conda-envs/semantic_uncertainty_export/lib/python3.11/site-packages/pandas/_libs/ops.cpython-311-x86_64-linux-gnu.so
7f32c56c9000-7f32c56d0000 r--p 00030000 00:216 141832290855              /mnt/primary/conda-envs/semantic_uncertainty_export/lib/python3.11/site-packages/pandas/_libs/ops.cpython-311-x86_64-linux-gnu.so
7f32c56d0000-7f32c56d1000 r--p 00036000 00:216 141832290855              /mnt/primary/conda-envs/semantic_uncertainty_export/lib/python3.11/site-packages/pandas/_libs/ops.cpython-311-x86_64-linux-gnu.so
7f32c56d1000-7f32c56d5000 rw-p 00037000 00:216 141832290855              /mnt/primary/conda-envs/semantic_uncertainty_export/lib/python3.11/site-packages/pandas/_libs/ops.cpython-311-x86_64-linux-gnu.so
7f32c56d5000-7f32c56dd000 r--p 00000000 00:216 147963220530              /mnt/primary/conda-envs/semantic_uncertainty_export/lib/python3.11/site-packages/pandas/_libs/tslibs/fields.cpython-311-x86_64-linux-gnu.so
7f32c56dd000-7f32c5716000 r-xp 00008000 00:216 147963220530              /mnt/primary/conda-envs/semantic_uncertainty_export/lib/python3.11/site-packages/pandas/_libs/tslibs/fields.cpython-311-x86_64-linux-gnu.so
7f32c5716000-7f32c571f000 r--p 00041000 00:216 147963220530              /mnt/primary/conda-envs/semantic_uncertainty_export/lib/python3.11/site-packages/pandas/_libs/tslibs/fields.cpython-311-x86_64-linux-gnu.so
7f32c571f000-7f32c5720000 r--p 00049000 00:216 147963220530              /mnt/primary/conda-envs/semantic_uncertainty_export/lib/python3.11/site-packages/pandas/_libs/tslibs/fields.cpython-311-x86_64-linux-gnu.so
7f32c5720000-7f32c5725000 rw-p 0004a000 00:216 147963220530              /mnt/primary/conda-envs/semantic_uncertainty_export/lib/python3.11/site-packages/pandas/_libs/tslibs/fields.cpython-311-x86_64-linux-gnu.so
7f32c5725000-7f32c5826000 rw-p 00000000 00:00 0 
7f32c5826000-7f32c5832000 r--p 00000000 00:216 146028901903              /mnt/primary/conda-envs/semantic_uncertainty_export/lib/python3.11/site-packages/pandas/_libs/tslibs/timedeltas.cpython-311-x86_64-linux-gnu.so
7f32c5832000-7f32c589b000 r-xp 0000c000 00:216 146028901903              /mnt/primary/conda-envs/semantic_uncertainty_export/lib/python3.11/site-packages/pandas/_libs/tslibs/timedeltas.cpython-311-x86_64-linux-gnu.so
7f32c589b000-7f32c58ad000 r--p 00075000 00:216 146028901903              /mnt/primary/conda-envs/semantic_uncertainty_export/lib/python3.11/site-packages/pandas/_libs/tslibs/timedeltas.cpython-311-x86_64-linux-gnu.so
7f32c58ad000-7f32c58ae000 r--p 00086000 00:216 146028901903              /mnt/primary/conda-envs/semantic_uncertainty_export/lib/python3.11/site-packages/pandas/_libs/tslibs/timedeltas.cpython-311-x86_64-linux-gnu.so
7f32c58ae000-7f32c58b8000 rw-p 00087000 00:216 146028901903              /mnt/primary/conda-envs/semantic_uncertainty_export/lib/python3.11/site-packages/pandas/_libs/tslibs/timedeltas.cpython-311-x86_64-linux-gnu.so
7f32c58b8000-7f32c58b9000 rw-p 00000000 00:00 0 
7f32c58b9000-7f32c59c3000 r--p 00000000 00:216 103483982906              /mnt/primary/conda-envs/semantic_uncertainty_export/lib/python3.11/site-packages/numpy.libs/libopenblas64_p-r0-0cf96a72.3.23.dev.so
7f32c59c3000-7f32c59cb000 r-xp 0010a000 00:216 103483982906              /mnt/primary/conda-envs/semantic_uncertainty_export/lib/python3.11/site-packages/numpy.libs/libopenblas64_p-r0-0cf96a72.3.23.dev.so
7f32c59cb000-7f32c59d1000 ---p 00112000 00:216 103483982906              /mnt/primary/conda-envs/semantic_uncertainty_export/lib/python3.11/site-packages/numpy.libs/libopenblas64_p-r0-0cf96a72.3.23.dev.so
7f32c59d1000-7f32c7652000 r-xp 00118000 00:216 103483982906              /mnt/primary/conda-envs/semantic_uncertainty_export/lib/python3.11/site-packages/numpy.libs/libopenblas64_p-r0-0cf96a72.3.23.dev.so
7f32c7652000-7f32c7862000 r--p 01d99000 00:216 103483982906              /mnt/primary/conda-envs/semantic_uncertainty_export/lib/python3.11/site-packages/numpy.libs/libopenblas64_p-r0-0cf96a72.3.23.dev.so
7f32c7862000-7f32c7863000 ---p 01fa9000 00:216 103483982906              /mnt/primary/conda-envs/semantic_uncertainty_export/lib/python3.11/site-packages/numpy.libs/libopenblas64_p-r0-0cf96a72.3.23.dev.so
7f32c7863000-7f32c7869000 r--p 01fa9000 00:216 103483982906              /mnt/primary/conda-envs/semantic_uncertainty_export/lib/python3.11/site-packages/numpy.libs/libopenblas64_p-r0-0cf96a72.3.23.dev.so
7f32c7869000-7f32c7880000 rw-p 01faf000 00:216 103483982906              /mnt/primary/conda-envs/semantic_uncertainty_export/lib/python3.11/site-packages/numpy.libs/libopenblas64_p-r0-0cf96a72.3.23.dev.so
7f32c7880000-7f32c788c000 rw-p 00000000 00:00 0 
7f32c788c000-7f32c7938000 rw-p 020d4000 00:216 103483982906              /mnt/primary/conda-envs/semantic_uncertainty_export/lib/python3.11/site-packages/numpy.libs/libopenblas64_p-r0-0cf96a72.3.23.dev.so
7f32c7938000-7f32c7963000 r--p 00000000 00:216 142613141027              /mnt/primary/conda-envs/semantic_uncertainty_export/lib/python3.11/site-packages/numpy/core/_multiarray_umath.cpython-311-x86_64-linux-gnu.so
7f32c7963000-7f32c7e3c000 r-xp 0002b000 00:216 142613141027              /mnt/primary/conda-envs/semantic_uncertainty_export/lib/python3.11/site-packages/numpy/core/_multiarray_umath.cpython-311-x86_64-linux-gnu.so
7f32c7e3c000-7f32c7fb0000 r--p 00504000 00:216 142613141027              /mnt/primary/conda-envs/semantic_uncertainty_export/lib/python3.11/site-packages/numpy/core/_multiarray_umath.cpython-311-x86_64-linux-gnu.so
7f32c7fb0000-7f32c7fb2000 r--p 00677000 00:216 142613141027              /mnt/primary/conda-envs/semantic_uncertainty_export/lib/python3.11/site-packages/numpy/core/_multiarray_umath.cpython-311-x86_64-linux-gnu.so
7f32c7fb2000-7f32c7fd5000 rw-p 00679000 00:216 142613141027              /mnt/primary/conda-envs/semantic_uncertainty_export/lib/python3.11/site-packages/numpy/core/_multiarray_umath.cpython-311-x86_64-linux-gnu.so
7f32c7fd5000-7f32c7ff5000 rw-p 00000000 00:00 0 
7f32c7ff5000-7f32c8000000 rw-p 00705000 00:216 142613141027              /mnt/primary/conda-envs/semantic_uncertainty_export/lib/python3.11/site-packages/numpy/core/_multiarray_umath.cpython-311-x86_64-linux-gnu.so
7f32c8000000-7f32c8021000 rw-p 00000000 00:00 0 
7f32c8021000-7f32cc000000 ---p 00000000 00:00 0 
7f32cc003000-7f32cc009000 r--p 00000000 00:216 147963220527              /mnt/primary/conda-envs/semantic_uncertainty_export/lib/python3.11/site-packages/pandas/_libs/tslibs/vectorized.cpython-311-x86_64-linux-gnu.so
7f32cc009000-7f32cc02e000 r-xp 00006000 00:216 147963220527              /mnt/primary/conda-envs/semantic_uncertainty_export/lib/python3.11/site-packages/pandas/_libs/tslibs/vectorized.cpython-311-x86_64-linux-gnu.so
7f32cc02e000-7f32cc035000 r--p 0002b000 00:216 147963220527              /mnt/primary/conda-envs/semantic_uncertainty_export/lib/python3.11/site-packages/pandas/_libs/tslibs/vectorized.cpython-311-x86_64-linux-gnu.so
7f32cc035000-7f32cc036000 r--p 00031000 00:216 147963220527              /mnt/primary/conda-envs/semantic_uncertainty_export/lib/python3.11/site-packages/pandas/_libs/tslibs/vectorized.cpython-311-x86_64-linux-gnu.so
7f32cc036000-7f32cc039000 rw-p 00032000 00:216 147963220527              /mnt/primary/conda-envs/semantic_uncertainty_export/lib/python3.11/site-packages/pandas/_libs/tslibs/vectorized.cpython-311-x86_64-linux-gnu.so
7f32cc039000-7f32cc03a000 rw-p 00000000 00:00 0 
7f32cc03a000-7f32cc041000 r--p 00000000 00:216 146028901911              /mnt/primary/conda-envs/semantic_uncertainty_export/lib/python3.11/site-packages/pandas/_libs/tslibs/timezones.cpython-311-x86_64-linux-gnu.so
7f32cc041000-7f32cc06f000 r-xp 00007000 00:216 146028901911              /mnt/primary/conda-envs/semantic_uncertainty_export/lib/python3.11/site-packages/pandas/_libs/tslibs/timezones.cpython-311-x86_64-linux-gnu.so
7f32cc06f000-7f32cc077000 r--p 00035000 00:216 146028901911              /mnt/primary/conda-envs/semantic_uncertainty_export/lib/python3.11/site-packages/pandas/_libs/tslibs/timezones.cpython-311-x86_64-linux-gnu.so
7f32cc077000-7f32cc078000 r--p 0003c000 00:216 146028901911              /mnt/primary/conda-envs/semantic_uncertainty_export/lib/python3.11/site-packages/pandas/_libs/tslibs/timezones.cpython-311-x86_64-linux-gnu.so
7f32cc078000-7f32cc07c000 rw-p 0003d000 00:216 146028901911              /mnt/primary/conda-envs/semantic_uncertainty_export/lib/python3.11/site-packages/pandas/_libs/tslibs/timezones.cpython-311-x86_64-linux-gnu.so
7f32cc07c000-7f32cc07d000 rw-p 00000000 00:00 0 
7f32cc07d000-7f32cc0f1000 r--p 00000000 00:216 169691131414              /mnt/primary/conda-envs/semantic_uncertainty_export/lib/python3.11/site-packages/pyarrow/libarrow_substrait.so.2000
7f32cc0f1000-7f32cc32d000 r-xp 00074000 00:216 169691131414              /mnt/primary/conda-envs/semantic_uncertainty_export/lib/python3.11/site-packages/pyarrow/libarrow_substrait.so.2000
7f32cc32d000-7f32cc3e6000 r--p 002b0000 00:216 169691131414              /mnt/primary/conda-envs/semantic_uncertainty_export/lib/python3.11/site-packages/pyarrow/libarrow_substrait.so.2000
7f32cc3e6000-7f32cc3e7000 ---p 00369000 00:216 169691131414              /mnt/primary/conda-envs/semantic_uncertainty_export/lib/python3.11/site-packages/pyarrow/libarrow_substrait.so.2000
7f32cc3e7000-7f32cc3f9000 r--p 00369000 00:216 169691131414              /mnt/primary/conda-envs/semantic_uncertainty_export/lib/python3.11/site-packages/pyarrow/libarrow_substrait.so.2000
7f32cc3f9000-7f32cc3fe000 rw-p 0037b000 00:216 169691131414              /mnt/primary/conda-envs/semantic_uncertainty_export/lib/python3.11/site-packages/pyarrow/libarrow_substrait.so.2000
7f32cc3fe000-7f32cc400000 rw-p 00000000 00:00 0 
7f32cc400000-7f32cc401000 ---p 00000000 00:00 0 
7f32cc401000-7f32ccc01000 rw-p 00000000 00:00 0 
7f32ccc01000-7f32ccc02000 r--p 00000000 00:216 98787428873               /mnt/primary/conda-envs/semantic_uncertainty_export/lib/python3.11/site-packages/scipy/optimize/_lsap.cpython-311-x86_64-linux-gnu.so
7f32ccc02000-7f32ccc04000 r-xp 00001000 00:216 98787428873               /mnt/primary/conda-envs/semantic_uncertainty_export/lib/python3.11/site-packages/scipy/optimize/_lsap.cpython-311-x86_64-linux-gnu.so
7f32ccc04000-7f32ccc06000 r--p 00003000 00:216 98787428873               /mnt/primary/conda-envs/semantic_uncertainty_export/lib/python3.11/site-packages/scipy/optimize/_lsap.cpython-311-x86_64-linux-gnu.so
7f32ccc06000-7f32ccc07000 r--p 00004000 00:216 98787428873               /mnt/primary/conda-envs/semantic_uncertainty_export/lib/python3.11/site-packages/scipy/optimize/_lsap.cpython-311-x86_64-linux-gnu.so
7f32ccc07000-7f32ccc08000 rw-p 00005000 00:216 98787428873               /mnt/primary/conda-envs/semantic_uncertainty_export/lib/python3.11/site-packages/scipy/optimize/_lsap.cpython-311-x86_64-linux-gnu.so
7f32ccc08000-7f32ccd08000 rw-p 00000000 00:00 0 
7f32ccd08000-7f32ccd19000 r--p 00000000 00:216 147963220524              /mnt/primary/conda-envs/semantic_uncertainty_export/lib/python3.11/site-packages/pandas/_libs/tslibs/offsets.cpython-311-x86_64-linux-gnu.so
7f32ccd19000-7f32ccdcd000 r-xp 00011000 00:216 147963220524              /mnt/primary/conda-envs/semantic_uncertainty_export/lib/python3.11/site-packages/pandas/_libs/tslibs/offsets.cpython-311-x86_64-linux-gnu.so
7f32ccdcd000-7f32ccdea000 r--p 000c5000 00:216 147963220524              /mnt/primary/conda-envs/semantic_uncertainty_export/lib/python3.11/site-packages/pandas/_libs/tslibs/offsets.cpython-311-x86_64-linux-gnu.so
7f32ccdea000-7f32ccdeb000 r--p 000e1000 00:216 147963220524              /mnt/primary/conda-envs/semantic_uncertainty_export/lib/python3.11/site-packages/pandas/_libs/tslibs/offsets.cpython-311-x86_64-linux-gnu.so
7f32ccdeb000-7f32ccdfd000 rw-p 000e2000 00:216 147963220524              /mnt/primary/conda-envs/semantic_uncertainty_export/lib/python3.11/site-packages/pandas/_libs/tslibs/offsets.cpython-311-x86_64-linux-gnu.so
7f32ccdfd000-7f32cce00000 rw-p 00000000 00:00 0 
7f32cd602000-7f32cd604000 r--p 00000000 00:216 109564600855              /mnt/primary/conda-envs/semantic_uncertainty_export/lib/python3.11/site-packages/scipy/optimize/_highs/_highs_constants.cpython-311-x86_64-linux-gnu.so
7f32cd604000-7f32cd606000 r-xp 00002000 00:216 109564600855              /mnt/primary/conda-envs/semantic_uncertainty_export/lib/python3.11/site-packages/scipy/optimize/_highs/_highs_constants.cpython-311-x86_64-linux-gnu.so
7f32cd606000-7f32cd607000 r--p 00004000 00:216 109564600855              /mnt/primary/conda-envs/semantic_uncertainty_export/lib/python3.11/site-packages/scipy/optimize/_highs/_highs_constants.cpython-311-x86_64-linux-gnu.so
7f32cd607000-7f32cd608000 r--p 00004000 00:216 109564600855              /mnt/primary/conda-envs/semantic_uncertainty_export/lib/python3.11/site-packages/scipy/optimize/_highs/_highs_constants.cpython-311-x86_64-linux-gnu.so
7f32cd608000-7f32cd609000 rw-p 00005000 00:216 109564600855              /mnt/primary/conda-envs/semantic_uncertainty_export/lib/python3.11/site-packages/scipy/optimize/_highs/_highs_constants.cpython-311-x86_64-linux-gnu.so
7f32cd609000-7f32cd60c000 r--p 00000000 00:216 141832290854              /mnt/primary/conda-envs/semantic_uncertainty_export/lib/python3.11/site-packages/pandas/_libs/indexing.cpython-311-x86_64-linux-gnu.so
7f32cd60c000-7f32cd612000 r-xp 00003000 00:216 141832290854              /mnt/primary/conda-envs/semantic_uncertainty_export/lib/python3.11/site-packages/pandas/_libs/indexing.cpython-311-x86_64-linux-gnu.so
7f32cd612000-7f32cd614000 r--p 00009000 00:216 141832290854              /mnt/primary/conda-envs/semantic_uncertainty_export/lib/python3.11/site-packages/pandas/_libs/indexing.cpython-311-x86_64-linux-gnu.so
7f32cd614000-7f32cd615000 r--p 0000a000 00:216 141832290854              /mnt/primary/conda-envs/semantic_uncertainty_export/lib/python3.11/site-packages/pandas/_libs/indexing.cpython-311-x86_64-linux-gnu.so
7f32cd615000-7f32cd616000 rw-p 0000b000 00:216 141832290854              /mnt/primary/conda-envs/semantic_uncertainty_export/lib/python3.11/site-packages/pandas/_libs/indexing.cpython-311-x86_64-linux-gnu.so
7f32cd616000-7f32cd618000 r--p 00000000 00:216 58046899227               /mnt/primary/conda-envs/semantic_uncertainty_export/lib/python3.11/site-packages/bottleneck/move.cpython-311-x86_64-linux-gnu.so
7f32cd618000-7f32cd628000 r-xp 00002000 00:216 58046899227               /mnt/primary/conda-envs/semantic_uncertainty_export/lib/python3.11/site-packages/bottleneck/move.cpython-311-x86_64-linux-gnu.so
7f32cd628000-7f32cd62a000 r--p 00012000 00:216 58046899227               /mnt/primary/conda-envs/semantic_uncertainty_export/lib/python3.11/site-packages/bottleneck/move.cpython-311-x86_64-linux-gnu.so
7f32cd62a000-7f32cd62b000 r--p 00013000 00:216 58046899227               /mnt/primary/conda-envs/semantic_uncertainty_export/lib/python3.11/site-packages/bottleneck/move.cpython-311-x86_64-linux-gnu.so
7f32cd62b000-7f32cd62f000 rw-p 00014000 00:216 58046899227               /mnt/primary/conda-envs/semantic_uncertainty_export/lib/python3.11/site-packages/bottleneck/move.cpython-311-x86_64-linux-gnu.so
7f32cd62f000-7f32cd644000 r--p 00000000 00:216 141832290833              /mnt/primary/conda-envs/semantic_uncertainty_export/lib/python3.11/site-packages/pandas/_libs/hashtable.cpython-311-x86_64-linux-gnu.so
7f32cd644000-7f32cd7b1000 r-xp 00015000 00:216 141832290833              /mnt/primary/conda-envs/semantic_uncertainty_export/lib/python3.11/site-packages/pandas/_libs/hashtable.cpython-311-x86_64-linux-gnu.so
7f32cd7b1000-7f32cd7d7000 r--p 00182000 00:216 141832290833              /mnt/primary/conda-envs/semantic_uncertainty_export/lib/python3.11/site-packages/pandas/_libs/hashtable.cpython-311-x86_64-linux-gnu.so
7f32cd7d7000-7f32cd7d8000 r--p 001a7000 00:216 141832290833              /mnt/primary/conda-envs/semantic_uncertainty_export/lib/python3.11/site-packages/pandas/_libs/hashtable.cpython-311-x86_64-linux-gnu.so
7f32cd7d8000-7f32cd7fa000 rw-p 001a8000 00:216 141832290833              /mnt/primary/conda-envs/semantic_uncertainty_export/lib/python3.11/site-packages/pandas/_libs/hashtable.cpython-311-x86_64-linux-gnu.so
7f32cd7fa000-7f32cd800000 rw-p 00000000 00:00 0 
7f32ce002000-7f32ce003000 r--p 00000000 00:216 159264572988              /mnt/primary/conda-envs/semantic_uncertainty_export/lib/python3.11/site-packages/matplotlib/_c_internal_utils.cpython-311-x86_64-linux-gnu.so
7f32ce003000-7f32ce004000 r-xp 00001000 00:216 159264572988              /mnt/primary/conda-envs/semantic_uncertainty_export/lib/python3.11/site-packages/matplotlib/_c_internal_utils.cpython-311-x86_64-linux-gnu.so
7f32ce004000-7f32ce005000 r--p 00002000 00:216 159264572988              /mnt/primary/conda-envs/semantic_uncertainty_export/lib/python3.11/site-packages/matplotlib/_c_internal_utils.cpython-311-x86_64-linux-gnu.so
7f32ce005000-7f32ce006000 r--p 00002000 00:216 159264572988              /mnt/primary/conda-envs/semantic_uncertainty_export/lib/python3.11/site-packages/matplotlib/_c_internal_utils.cpython-311-x86_64-linux-gnu.so
7f32ce006000-7f32ce007000 rw-p 00003000 00:216 159264572988              /mnt/primary/conda-envs/semantic_uncertainty_export/lib/python3.11/site-packages/matplotlib/_c_internal_utils.cpython-311-x86_64-linux-gnu.so
7f32ce007000-7f32ce015000 r--p 00000000 00:216 146028901892              /mnt/primary/conda-envs/semantic_uncertainty_export/lib/python3.11/site-packages/pandas/_libs/tslibs/timestamps.cpython-311-x86_64-linux-gnu.so
7f32ce015000-7f32ce079000 r-xp 0000e000 00:216 146028901892              /mnt/primary/conda-envs/semantic_uncertainty_export/lib/python3.11/site-packages/pandas/_libs/tslibs/timestamps.cpython-311-x86_64-linux-gnu.so
7f32ce079000-7f32ce093000 r--p 00072000 00:216 146028901892              /mnt/primary/conda-envs/semantic_uncertainty_export/lib/python3.11/site-packages/pandas/_libs/tslibs/timestamps.cpython-311-x86_64-linux-gnu.so
7f32ce093000-7f32ce094000 r--p 0008b000 00:216 146028901892              /mnt/primary/conda-envs/semantic_uncertainty_export/lib/python3.11/site-packages/pandas/_libs/tslibs/timestamps.cpython-311-x86_64-linux-gnu.so
7f32ce094000-7f32ce0a4000 rw-p 0008c000 00:216 146028901892              /mnt/primary/conda-envs/semantic_uncertainty_export/lib/python3.11/site-packages/pandas/_libs/tslibs/timestamps.cpython-311-x86_64-linux-gnu.so
7f32ce0a4000-7f32ce0a6000 rw-p 00000000 00:00 0 
7f32ce0a6000-7f32ce0b5000 r--p 00000000 00:216 141832290878              /mnt/primary/conda-envs/semantic_uncertainty_export/lib/python3.11/site-packages/pandas/_libs/interval.cpython-311-x86_64-linux-gnu.so
7f32ce0b5000-7f32ce1cf000 r-xp 0000f000 00:216 141832290878              /mnt/primary/conda-envs/semantic_uncertainty_export/lib/python3.11/site-packages/pandas/_libs/interval.cpython-311-x86_64-linux-gnu.so
7f32ce1cf000-7f32ce1f1000 r--p 00129000 00:216 141832290878              /mnt/primary/conda-envs/semantic_uncertainty_export/lib/python3.11/site-packages/pandas/_libs/interval.cpython-311-x86_64-linux-gnu.so
7f32ce1f1000-7f32ce1f2000 r--p 0014a000 00:216 141832290878              /mnt/primary/conda-envs/semantic_uncertainty_export/lib/python3.11/site-packages/pandas/_libs/interval.cpython-311-x86_64-linux-gnu.so
7f32ce1f2000-7f32ce1fe000 rw-p 0014b000 00:216 141832290878              /mnt/primary/conda-envs/semantic_uncertainty_export/lib/python3.11/site-packages/pandas/_libs/interval.cpython-311-x86_64-linux-gnu.so
7f32ce1fe000-7f32ce200000 rw-p 00000000 00:00 0 
7f32ce200000-7f32ce201000 ---p 00000000 00:00 0 
7f32ce201000-7f32cea01000 rw-p 00000000 00:00 0 
7f32cea03000-7f32cea04000 r--p 00000000 00:216 98787428908               /mnt/primary/conda-envs/semantic_uncertainty_export/lib/python3.11/site-packages/scipy/optimize/_zeros.cpython-311-x86_64-linux-gnu.so
7f32cea04000-7f32cea06000 r-xp 00001000 00:216 98787428908               /mnt/primary/conda-envs/semantic_uncertainty_export/lib/python3.11/site-packages/scipy/optimize/_zeros.cpython-311-x86_64-linux-gnu.so
7f32cea06000-7f32cea07000 r--p 00003000 00:216 98787428908               /mnt/primary/conda-envs/semantic_uncertainty_export/lib/python3.11/site-packages/scipy/optimize/_zeros.cpython-311-x86_64-linux-gnu.so
7f32cea07000-7f32cea08000 r--p 00003000 00:216 98787428908               /mnt/primary/conda-envs/semantic_uncertainty_export/lib/python3.11/site-packages/scipy/optimize/_zeros.cpython-311-x86_64-linux-gnu.so
7f32cea08000-7f32cea09000 rw-p 00004000 00:216 98787428908               /mnt/primary/conda-envs/semantic_uncertainty_export/lib/python3.11/site-packages/scipy/optimize/_zeros.cpython-311-x86_64-linux-gnu.so
7f32cea09000-7f32cea11000 r--p 00000000 00:216 146028901904              /mnt/primary/conda-envs/semantic_uncertainty_export/lib/python3.11/site-packages/pandas/_libs/tslibs/nattype.cpython-311-x86_64-linux-gnu.so
7f32cea11000-7f32cea2f000 r-xp 00008000 00:216 146028901904              /mnt/primary/conda-envs/semantic_uncertainty_export/lib/python3.11/site-packages/pandas/_libs/tslibs/nattype.cpython-311-x86_64-linux-gnu.so
7f32cea2f000-7f32cea3b000 r--p 00026000 00:216 146028901904              /mnt/primary/conda-envs/semantic_uncertainty_export/lib/python3.11/site-packages/pandas/_libs/tslibs/nattype.cpython-311-x86_64-linux-gnu.so
7f32cea3b000-7f32cea3c000 ---p 00032000 00:216 146028901904              /mnt/primary/conda-envs/semantic_uncertainty_export/lib/python3.11/site-packages/pandas/_libs/tslibs/nattype.cpython-311-x86_64-linux-gnu.so
7f32cea3c000-7f32cea3d000 r--p 00032000 00:216 146028901904              /mnt/primary/conda-envs/semantic_uncertainty_export/lib/python3.11/site-packages/pandas/_libs/tslibs/nattype.cpython-311-x86_64-linux-gnu.so
7f32cea3d000-7f32cea42000 rw-p 00033000 00:216 146028901904              /mnt/primary/conda-envs/semantic_uncertainty_export/lib/python3.11/site-packages/pandas/_libs/tslibs/nattype.cpython-311-x86_64-linux-gnu.so
7f32cea42000-7f32cea43000 rw-p 00000000 00:00 0 
7f32cea43000-7f32cea4a000 r--p 00000000 00:216 146028901893              /mnt/primary/conda-envs/semantic_uncertainty_export/lib/python3.11/site-packages/pandas/_libs/tslibs/conversion.cpython-311-x86_64-linux-gnu.so
7f32cea4a000-7f32cea74000 r-xp 00007000 00:216 146028901893              /mnt/primary/conda-envs/semantic_uncertainty_export/lib/python3.11/site-packages/pandas/_libs/tslibs/conversion.cpython-311-x86_64-linux-gnu.so
7f32cea74000-7f32cea7b000 r--p 00031000 00:216 146028901893              /mnt/primary/conda-envs/semantic_uncertainty_export/lib/python3.11/site-packages/pandas/_libs/tslibs/conversion.cpython-311-x86_64-linux-gnu.so
7f32cea7b000-7f32cea7c000 ---p 00038000 00:216 146028901893              /mnt/primary/conda-envs/semantic_uncertainty_export/lib/python3.11/site-packages/pandas/_libs/tslibs/conversion.cpython-311-x86_64-linux-gnu.so
7f32cea7c000-7f32cea7d000 r--p 00038000 00:216 146028901893              /mnt/primary/conda-envs/semantic_uncertainty_export/lib/python3.11/site-packages/pandas/_libs/tslibs/conversion.cpython-311-x86_64-linux-gnu.so
7f32cea7d000-7f32cea81000 rw-p 00039000 00:216 146028901893              /mnt/primary/conda-envs/semantic_uncertainty_export/lib/python3.11/site-packages/pandas/_libs/tslibs/conversion.cpython-311-x86_64-linux-gnu.so
7f32cea81000-7f32cead9000 r--p 00000000 00:216 169691131402              /mnt/primary/conda-envs/semantic_uncertainty_export/lib/python3.11/site-packages/pyarrow/libarrow_acero.so.2000
7f32cead9000-7f32cebbe000 r-xp 00058000 00:216 169691131402              /mnt/primary/conda-envs/semantic_uncertainty_export/lib/python3.11/site-packages/pyarrow/libarrow_acero.so.2000
7f32cebbe000-7f32cebf7000 r--p 0013d000 00:216 169691131402              /mnt/primary/conda-envs/semantic_uncertainty_export/lib/python3.11/site-packages/pyarrow/libarrow_acero.so.2000
7f32cebf7000-7f32cebf8000 ---p 00176000 00:216 169691131402              /mnt/primary/conda-envs/semantic_uncertainty_export/lib/python3.11/site-packages/pyarrow/libarrow_acero.so.2000
7f32cebf8000-7f32cebfd000 r--p 00176000 00:216 169691131402              /mnt/primary/conda-envs/semantic_uncertainty_export/lib/python3.11/site-packages/pyarrow/libarrow_acero.so.2000
7f32cebfd000-7f32cec00000 rw-p 0017b000 00:216 169691131402              /mnt/primary/conda-envs/semantic_uncertainty_export/lib/python3.11/site-packages/pyarrow/libarrow_acero.so.2000
7f32cec00000-7f32cec01000 ---p 00000000 00:00 0 
7f32cec01000-7f32cf401000 rw-p 00000000 00:00 0 
7f32cf401000-7f32cf403000 r--p 00000000 00:216 58046899229               /mnt/primary/conda-envs/semantic_uncertainty_export/lib/python3.11/site-packages/bottleneck/nonreduce_axis.cpython-311-x86_64-linux-gnu.so
7f32cf403000-7f32cf409000 r-xp 00002000 00:216 58046899229               /mnt/primary/conda-envs/semantic_uncertainty_export/lib/python3.11/site-packages/bottleneck/nonreduce_axis.cpython-311-x86_64-linux-gnu.so
7f32cf409000-7f32cf40a000 r--p 00008000 00:216 58046899229               /mnt/primary/conda-envs/semantic_uncertainty_export/lib/python3.11/site-packages/bottleneck/nonreduce_axis.cpython-311-x86_64-linux-gnu.so
7f32cf40a000-7f32cf40b000 r--p 00008000 00:216 58046899229               /mnt/primary/conda-envs/semantic_uncertainty_export/lib/python3.11/site-packages/bottleneck/nonreduce_axis.cpython-311-x86_64-linux-gnu.so
7f32cf40b000-7f32cf40d000 rw-p 00009000 00:216 58046899229               /mnt/primary/conda-envs/semantic_uncertainty_export/lib/python3.11/site-packages/bottleneck/nonreduce_axis.cpython-311-x86_64-linux-gnu.so
7f32cf40d000-7f32cf411000 r--p 00000000 00:216 105315288609              /mnt/primary/conda-envs/semantic_uncertainty_export/lib/python3.11/site-packages/numexpr/interpreter.cpython-311-x86_64-linux-gnu.so
7f32cf411000-7f32cf42d000 r-xp 00004000 00:216 105315288609              /mnt/primary/conda-envs/semantic_uncertainty_export/lib/python3.11/site-packages/numexpr/interpreter.cpython-311-x86_64-linux-gnu.so
7f32cf42d000-7f32cf430000 r--p 00020000 00:216 105315288609              /mnt/primary/conda-envs/semantic_uncertainty_export/lib/python3.11/site-packages/numexpr/interpreter.cpython-311-x86_64-linux-gnu.so
7f32cf430000-7f32cf431000 ---p 00023000 00:216 105315288609              /mnt/primary/conda-envs/semantic_uncertainty_export/lib/python3.11/site-packages/numexpr/interpreter.cpython-311-x86_64-linux-gnu.so
7f32cf431000-7f32cf432000 r--p 00023000 00:216 105315288609              /mnt/primary/conda-envs/semantic_uncertainty_export/lib/python3.11/site-packages/numexpr/interpreter.cpython-311-x86_64-linux-gnu.so
7f32cf432000-7f32cf433000 rw-p 00024000 00:216 105315288609              /mnt/primary/conda-envs/semantic_uncertainty_export/lib/python3.11/site-packages/numexpr/interpreter.cpython-311-x86_64-linux-gnu.so
7f32cf433000-7f32cf4dc000 r--p 00000000 00:216 169691131403              /mnt/primary/conda-envs/semantic_uncertainty_export/lib/python3.11/site-packages/pyarrow/libarrow_dataset.so.2000
7f32cf4dc000-7f32cf5af000 r-xp 000a9000 00:216 169691131403              /mnt/primary/conda-envs/semantic_uncertainty_export/lib/python3.11/site-packages/pyarrow/libarrow_dataset.so.2000
7f32cf5af000-7f32cf5f4000 r--p 0017c000 00:216 169691131403              /mnt/primary/conda-envs/semantic_uncertainty_export/lib/python3.11/site-packages/pyarrow/libarrow_dataset.so.2000
7f32cf5f4000-7f32cf5f5000 ---p 001c1000 00:216 169691131403              /mnt/primary/conda-envs/semantic_uncertainty_export/lib/python3.11/site-packages/pyarrow/libarrow_dataset.so.2000
7f32cf5f5000-7f32cf5fd000 r--p 001c1000 00:216 169691131403              /mnt/primary/conda-envs/semantic_uncertainty_export/lib/python3.11/site-packages/pyarrow/libarrow_dataset.so.2000
7f32cf5fd000-7f32cf5ff000 rw-p 001c9000 00:216 169691131403              /mnt/primary/conda-envs/semantic_uncertainty_export/lib/python3.11/site-packages/pyarrow/libarrow_dataset.so.2000
7f32cf5ff000-7f32cf600000 rw-p 00000000 00:00 0 
7f32cfe02000-7f32cfe03000 r--p 00000000 00:216 58046899228               /mnt/primary/conda-envs/semantic_uncertainty_export/lib/python3.11/site-packages/bottleneck/nonreduce.cpython-311-x86_64-linux-gnu.so
7f32cfe03000-7f32cfe05000 r-xp 00001000 00:216 58046899228               /mnt/primary/conda-envs/semantic_uncertainty_export/lib/python3.11/site-packages/bottleneck/nonreduce.cpython-311-x86_64-linux-gnu.so
7f32cfe05000-7f32cfe06000 r--p 00003000 00:216 58046899228               /mnt/primary/conda-envs/semantic_uncertainty_export/lib/python3.11/site-packages/bottleneck/nonreduce.cpython-311-x86_64-linux-gnu.so
7f32cfe06000-7f32cfe07000 r--p 00003000 00:216 58046899228               /mnt/primary/conda-envs/semantic_uncertainty_export/lib/python3.11/site-packages/bottleneck/nonreduce.cpython-311-x86_64-linux-gnu.so
7f32cfe07000-7f32cfe08000 rw-p 00004000 00:216 58046899228               /mnt/primary/conda-envs/semantic_uncertainty_export/lib/python3.11/site-packages/bottleneck/nonreduce.cpython-311-x86_64-linux-gnu.so
7f32cfe08000-7f32cfe95000 r--p 00000000 00:216 169691131406              /mnt/primary/conda-envs/semantic_uncertainty_export/lib/python3.11/site-packages/pyarrow/libarrow_python.so.2000
7f32cfe95000-7f32cffad000 r-xp 0008d000 00:216 169691131406              /mnt/primary/conda-envs/semantic_uncertainty_export/lib/python3.11/site-packages/pyarrow/libarrow_python.so.2000
7f32cffad000-7f32cfff1000 r--p 001a5000 00:216 169691131406              /mnt/primary/conda-envs/semantic_uncertainty_export/lib/python3.11/site-packages/pyarrow/libarrow_python.so.2000
7f32cfff1000-7f32cfffd000 r--p 001e8000 00:216 169691131406              /mnt/primary/conda-envs/semantic_uncertainty_export/lib/python3.11/site-packages/pyarrow/libarrow_python.so.2000
7f32cfffd000-7f32d0000000 rw-p 001f4000 00:216 169691131406              /mnt/primary/conda-envs/semantic_uncertainty_export/lib/python3.11/site-packages/pyarrow/libarrow_python.so.2000
7f32d0000000-7f32d00ad000 rw-p 00000000 00:00 0 
7f32d00ad000-7f32d4000000 ---p 00000000 00:00 0 
7f32d4004000-7f32d4104000 rw-p 00000000 00:00 0 
7f32d4104000-7f32d414f000 r--p 00000000 00:216 169691131396              /mnt/primary/conda-envs/semantic_uncertainty_export/lib/python3.11/site-packages/pyarrow/lib.cpython-311-x86_64-linux-gnu.so
7f32d414f000-7f32d43d0000 r-xp 0004b000 00:216 169691131396              /mnt/primary/conda-envs/semantic_uncertainty_export/lib/python3.11/site-packages/pyarrow/lib.cpython-311-x86_64-linux-gnu.so
7f32d43d0000-7f32d44c8000 r--p 002cc000 00:216 169691131396              /mnt/primary/conda-envs/semantic_uncertainty_export/lib/python3.11/site-packages/pyarrow/lib.cpython-311-x86_64-linux-gnu.so
7f32d44c8000-7f32d44ca000 r--p 003c3000 00:216 169691131396              /mnt/primary/conda-envs/semantic_uncertainty_export/lib/python3.11/site-packages/pyarrow/lib.cpython-311-x86_64-linux-gnu.so
7f32d44ca000-7f32d44f2000 rw-p 003c5000 00:216 169691131396              /mnt/primary/conda-envs/semantic_uncertainty_export/lib/python3.11/site-packages/pyarrow/lib.cpython-311-x86_64-linux-gnu.so
7f32d44f2000-7f32d4600000 rw-p 00000000 00:00 0 
7f32d4e01000-7f32d4e02000 r--p 00000000 00:216 45438356018               /mnt/primary/conda-envs/semantic_uncertainty_export/lib/python3.11/lib-dynload/_statistics.cpython-311-x86_64-linux-gnu.so
7f32d4e02000-7f32d4e03000 r-xp 00001000 00:216 45438356018               /mnt/primary/conda-envs/semantic_uncertainty_export/lib/python3.11/lib-dynload/_statistics.cpython-311-x86_64-linux-gnu.so
7f32d4e03000-7f32d4e04000 r--p 00002000 00:216 45438356018               /mnt/primary/conda-envs/semantic_uncertainty_export/lib/python3.11/lib-dynload/_statistics.cpython-311-x86_64-linux-gnu.so
7f32d4e04000-7f32d4e05000 r--p 00002000 00:216 45438356018               /mnt/primary/conda-envs/semantic_uncertainty_export/lib/python3.11/lib-dynload/_statistics.cpython-311-x86_64-linux-gnu.so
7f32d4e05000-7f32d4e06000 rw-p 00003000 00:216 45438356018               /mnt/primary/conda-envs/semantic_uncertainty_export/lib/python3.11/lib-dynload/_statistics.cpython-311-x86_64-linux-gnu.so
7f32d4e06000-7f32d4e09000 r--p 00000000 00:216 141832290869              /mnt/primary/conda-envs/semantic_uncertainty_export/lib/python3.11/site-packages/pandas/_libs/properties.cpython-311-x86_64-linux-gnu.so
7f32d4e09000-7f32d4e12000 r-xp 00003000 00:216 141832290869              /mnt/primary/conda-envs/semantic_uncertainty_export/lib/python3.11/site-packages/pandas/_libs/properties.cpython-311-x86_64-linux-gnu.so
7f32d4e12000-7f32d4e14000 r--p 0000c000 00:216 141832290869              /mnt/primary/conda-envs/semantic_uncertainty_export/lib/python3.11/site-packages/pandas/_libs/properties.cpython-311-x86_64-linux-gnu.so
7f32d4e14000-7f32d4e15000 r--p 0000d000 00:216 141832290869              /mnt/primary/conda-envs/semantic_uncertainty_export/lib/python3.11/site-packages/pandas/_libs/properties.cpython-311-x86_64-linux-gnu.so
7f32d4e15000-7f32d4e17000 rw-p 0000e000 00:216 141832290869              /mnt/primary/conda-envs/semantic_uncertainty_export/lib/python3.11/site-packages/pandas/_libs/properties.cpython-311-x86_64-linux-gnu.so
7f32d4e17000-7f32d4e1a000 r--p 00000000 00:216 146028901906              /mnt/primary/conda-envs/semantic_uncertainty_export/lib/python3.11/site-packages/pandas/_libs/tslibs/ccalendar.cpython-311-x86_64-linux-gnu.so
7f32d4e1a000-7f32d4e25000 r-xp 00003000 00:216 146028901906              /mnt/primary/conda-envs/semantic_uncertainty_export/lib/python3.11/site-packages/pandas/_libs/tslibs/ccalendar.cpython-311-x86_64-linux-gnu.so
7f32d4e25000-7f32d4e27000 r--p 0000e000 00:216 146028901906              /mnt/primary/conda-envs/semantic_uncertainty_export/lib/python3.11/site-packages/pandas/_libs/tslibs/ccalendar.cpython-311-x86_64-linux-gnu.so
7f32d4e27000-7f32d4e28000 r--p 0000f000 00:216 146028901906              /mnt/primary/conda-envs/semantic_uncertainty_export/lib/python3.11/site-packages/pandas/_libs/tslibs/ccalendar.cpython-311-x86_64-linux-gnu.so
7f32d4e28000-7f32d4e2a000 rw-p 00010000 00:216 146028901906              /mnt/primary/conda-envs/semantic_uncertainty_export/lib/python3.11/site-packages/pandas/_libs/tslibs/ccalendar.cpython-311-x86_64-linux-gnu.so
7f32d4e2e000-7f32d4e2f000 r--p 00000000 00:216 58045527585               /mnt/primary/conda-envs/semantic_uncertainty_export/lib/python3.11/site-packages/torch/_C.cpython-311-x86_64-linux-gnu.so
7f32d4e2f000-7f32d4e30000 r-xp 00001000 00:216 58045527585               /mnt/primary/conda-envs/semantic_uncertainty_export/lib/python3.11/site-packages/torch/_C.cpython-311-x86_64-linux-gnu.so
7f32d4e30000-7f32d4e31000 r--p 00002000 00:216 58045527585               /mnt/primary/conda-envs/semantic_uncertainty_export/lib/python3.11/site-packages/torch/_C.cpython-311-x86_64-linux-gnu.so
7f32d4e31000-7f32d4e32000 r--p 00002000 00:216 58045527585               /mnt/primary/conda-envs/semantic_uncertainty_export/lib/python3.11/site-packages/torch/_C.cpython-311-x86_64-linux-gnu.so
7f32d4e32000-7f32d4e33000 rw-p 00003000 00:216 58045527585               /mnt/primary/conda-envs/semantic_uncertainty_export/lib/python3.11/site-packages/torch/_C.cpython-311-x86_64-linux-gnu.so
7f32d4e33000-7f32d4e34000 rw-p 00009000 00:216 58045527585               /mnt/primary/conda-envs/semantic_uncertainty_export/lib/python3.11/site-packages/torch/_C.cpython-311-x86_64-linux-gnu.so
7f32d4e34000-7f32d4e35000 r--p 00000000 00:216 97122185268               /mnt/primary/conda-envs/semantic_uncertainty_export/lib/python3.11/site-packages/torch/lib/libtorch_global_deps.so
7f32d4e35000-7f32d4e36000 r-xp 00001000 00:216 97122185268               /mnt/primary/conda-envs/semantic_uncertainty_export/lib/python3.11/site-packages/torch/lib/libtorch_global_deps.so
7f32d4e36000-7f32d4e37000 r--p 00002000 00:216 97122185268               /mnt/primary/conda-envs/semantic_uncertainty_export/lib/python3.11/site-packages/torch/lib/libtorch_global_deps.so
7f32d4e37000-7f32d4e38000 r--p 00002000 00:216 97122185268               /mnt/primary/conda-envs/semantic_uncertainty_export/lib/python3.11/site-packages/torch/lib/libtorch_global_deps.so
7f32d4e38000-7f32d4e3b000 rw-p 00003000 00:216 97122185268               /mnt/primary/conda-envs/semantic_uncertainty_export/lib/python3.11/site-packages/torch/lib/libtorch_global_deps.so
7f32d4e3b000-7f32d4e3d000 r--p 00000000 00:216 120262025725              /mnt/primary/conda-envs/semantic_uncertainty_export/lib/python3.11/site-packages/sklearn/utils/_sorting.cpython-311-x86_64-linux-gnu.so
7f32d4e3d000-7f32d4e3f000 r-xp 00002000 00:216 120262025725              /mnt/primary/conda-envs/semantic_uncertainty_export/lib/python3.11/site-packages/sklearn/utils/_sorting.cpython-311-x86_64-linux-gnu.so
7f32d4e3f000-7f32d4e40000 r--p 00004000 00:216 120262025725              /mnt/primary/conda-envs/semantic_uncertainty_export/lib/python3.11/site-packages/sklearn/utils/_sorting.cpython-311-x86_64-linux-gnu.so
7f32d4e40000-7f32d4e41000 r--p 00004000 00:216 120262025725              /mnt/primary/conda-envs/semantic_uncertainty_export/lib/python3.11/site-packages/sklearn/utils/_sorting.cpython-311-x86_64-linux-gnu.so
7f32d4e41000-7f32d4e42000 rw-p 00005000 00:216 120262025725              /mnt/primary/conda-envs/semantic_uncertainty_export/lib/python3.11/site-packages/sklearn/utils/_sorting.cpython-311-x86_64-linux-gnu.so
7f32d4e42000-7f32d4e44000 rw-p 00007000 00:216 120262025725              /mnt/primary/conda-envs/semantic_uncertainty_export/lib/python3.11/site-packages/sklearn/utils/_sorting.cpython-311-x86_64-linux-gnu.so
7f32d4e44000-7f32d4e46000 r--p 00000000 00:216 120262026763              /mnt/primary/conda-envs/semantic_uncertainty_export/lib/python3.11/site-packages/sklearn/utils/_heap.cpython-311-x86_64-linux-gnu.so
7f32d4e46000-7f32d4e48000 r-xp 00002000 00:216 120262026763              /mnt/primary/conda-envs/semantic_uncertainty_export/lib/python3.11/site-packages/sklearn/utils/_heap.cpython-311-x86_64-linux-gnu.so
7f32d4e48000-7f32d4e49000 r--p 00004000 00:216 120262026763              /mnt/primary/conda-envs/semantic_uncertainty_export/lib/python3.11/site-packages/sklearn/utils/_heap.cpython-311-x86_64-linux-gnu.so
7f32d4e49000-7f32d4e4a000 r--p 00004000 00:216 120262026763              /mnt/primary/conda-envs/semantic_uncertainty_export/lib/python3.11/site-packages/sklearn/utils/_heap.cpython-311-x86_64-linux-gnu.so
7f32d4e4a000-7f32d4e4b000 rw-p 00005000 00:216 120262026763              /mnt/primary/conda-envs/semantic_uncertainty_export/lib/python3.11/site-packages/sklearn/utils/_heap.cpython-311-x86_64-linux-gnu.so
7f32d4e4b000-7f32d4e4d000 rw-p 00007000 00:216 120262026763              /mnt/primary/conda-envs/semantic_uncertainty_export/lib/python3.11/site-packages/sklearn/utils/_heap.cpython-311-x86_64-linux-gnu.so
7f32d4e4d000-7f32d4e53000 r--p 00000000 00:216 88099477524               /mnt/primary/conda-envs/semantic_uncertainty_export/lib/python3.11/site-packages/sklearn/metrics/cluster/_expected_mutual_info_fast.cpython-311-x86_64-linux-gnu.so
7f32d4e53000-7f32d4e6f000 r-xp 00006000 00:216 88099477524               /mnt/primary/conda-envs/semantic_uncertainty_export/lib/python3.11/site-packages/sklearn/metrics/cluster/_expected_mutual_info_fast.cpython-311-x86_64-linux-gnu.so
7f32d4e6f000-7f32d4e75000 r--p 00022000 00:216 88099477524               /mnt/primary/conda-envs/semantic_uncertainty_export/lib/python3.11/site-packages/sklearn/metrics/cluster/_expected_mutual_info_fast.cpython-311-x86_64-linux-gnu.so
7f32d4e75000-7f32d4e76000 r--p 00027000 00:216 88099477524               /mnt/primary/conda-envs/semantic_uncertainty_export/lib/python3.11/site-packages/sklearn/metrics/cluster/_expected_mutual_info_fast.cpython-311-x86_64-linux-gnu.so
7f32d4e76000-7f32d4e79000 rw-p 00028000 00:216 88099477524               /mnt/primary/conda-envs/semantic_uncertainty_export/lib/python3.11/site-packages/sklearn/metrics/cluster/_expected_mutual_info_fast.cpython-311-x86_64-linux-gnu.so
7f32d4e79000-7f32d4e7a000 rw-p 00000000 00:00 0 
7f32d4e7a000-7f32d4e7d000 rw-p 00034000 00:216 88099477524               /mnt/primary/conda-envs/semantic_uncertainty_export/lib/python3.11/site-packages/sklearn/metrics/cluster/_expected_mutual_info_fast.cpython-311-x86_64-linux-gnu.so
7f32d4e7d000-7f32d4e80000 r--p 00000000 00:216 120262026791              /mnt/primary/conda-envs/semantic_uncertainty_export/lib/python3.11/site-packages/sklearn/utils/_openmp_helpers.cpython-311-x86_64-linux-gnu.so
7f32d4e80000-7f32d4e84000 r-xp 00003000 00:216 120262026791              /mnt/primary/conda-envs/semantic_uncertainty_export/lib/python3.11/site-packages/sklearn/utils/_openmp_helpers.cpython-311-x86_64-linux-gnu.so
7f32d4e84000-7f32d4e85000 r--p 00007000 00:216 120262026791              /mnt/primary/conda-envs/semantic_uncertainty_export/lib/python3.11/site-packages/sklearn/utils/_openmp_helpers.cpython-311-x86_64-linux-gnu.so
7f32d4e85000-7f32d4e86000 r--p 00007000 00:216 120262026791              /mnt/primary/conda-envs/semantic_uncertainty_export/lib/python3.11/site-packages/sklearn/utils/_openmp_helpers.cpython-311-x86_64-linux-gnu.so
7f32d4e86000-7f32d4e87000 rw-p 00008000 00:216 120262026791              /mnt/primary/conda-envs/semantic_uncertainty_export/lib/python3.11/site-packages/sklearn/utils/_openmp_helpers.cpython-311-x86_64-linux-gnu.so
7f32d4e87000-7f32d4e8a000 rw-p 0000c000 00:216 120262026791              /mnt/primary/conda-envs/semantic_uncertainty_export/lib/python3.11/site-packages/sklearn/utils/_openmp_helpers.cpython-311-x86_64-linux-gnu.so
7f32d4e8a000-7f32d4e90000 r--p 00000000 00:216 120262026757              /mnt/primary/conda-envs/semantic_uncertainty_export/lib/python3.11/site-packages/sklearn/utils/murmurhash.cpython-311-x86_64-linux-gnu.so
7f32d4e90000-7f32d4eac000 r-xp 00006000 00:216 120262026757              /mnt/primary/conda-envs/semantic_uncertainty_export/lib/python3.11/site-packages/sklearn/utils/murmurhash.cpython-311-x86_64-linux-gnu.so
7f32d4eac000-7f32d4eb3000 r--p 00022000 00:216 120262026757              /mnt/primary/conda-envs/semantic_uncertainty_export/lib/python3.11/site-packages/sklearn/utils/murmurhash.cpython-311-x86_64-linux-gnu.so
7f32d4eb3000-7f32d4eb4000 r--p 00028000 00:216 120262026757              /mnt/primary/conda-envs/semantic_uncertainty_export/lib/python3.11/site-packages/sklearn/utils/murmurhash.cpython-311-x86_64-linux-gnu.so
7f32d4eb4000-7f32d4eb7000 rw-p 00029000 00:216 120262026757              /mnt/primary/conda-envs/semantic_uncertainty_export/lib/python3.11/site-packages/sklearn/utils/murmurhash.cpython-311-x86_64-linux-gnu.so
7f32d4eb7000-7f32d4eb8000 rw-p 00000000 00:00 0 
7f32d4eb8000-7f32d4ebc000 rw-p 00035000 00:216 120262026757              /mnt/primary/conda-envs/semantic_uncertainty_export/lib/python3.11/site-packages/sklearn/utils/murmurhash.cpython-311-x86_64-linux-gnu.so
7f32d4ebc000-7f32d4ec3000 r--p 00000000 00:216 120262026761              /mnt/primary/conda-envs/semantic_uncertainty_export/lib/python3.11/site-packages/sklearn/utils/_isfinite.cpython-311-x86_64-linux-gnu.so
7f32d4ec3000-7f32d4ee1000 r-xp 00007000 00:216 120262026761              /mnt/primary/conda-envs/semantic_uncertainty_export/lib/python3.11/site-packages/sklearn/utils/_isfinite.cpython-311-x86_64-linux-gnu.so
7f32d4ee1000-7f32d4ee8000 r--p 00025000 00:216 120262026761              /mnt/primary/conda-envs/semantic_uncertainty_export/lib/python3.11/site-packages/sklearn/utils/_isfinite.cpython-311-x86_64-linux-gnu.so
7f32d4ee8000-7f32d4ee9000 ---p 0002c000 00:216 120262026761              /mnt/primary/conda-envs/semantic_uncertainty_export/lib/python3.11/site-packages/sklearn/utils/_isfinite.cpython-311-x86_64-linux-gnu.so
7f32d4ee9000-7f32d4eea000 r--p 0002c000 00:216 120262026761              /mnt/primary/conda-envs/semantic_uncertainty_export/lib/python3.11/site-packages/sklearn/utils/_isfinite.cpython-311-x86_64-linux-gnu.so
7f32d4eea000-7f32d4eee000 rw-p 0002d000 00:216 120262026761              /mnt/primary/conda-envs/semantic_uncertainty_export/lib/python3.11/site-packages/sklearn/utils/_isfinite.cpython-311-x86_64-linux-gnu.so
7f32d4eee000-7f32d4ef1000 rw-p 0003b000 00:216 120262026761              /mnt/primary/conda-envs/semantic_uncertainty_export/lib/python3.11/site-packages/sklearn/utils/_isfinite.cpython-311-x86_64-linux-gnu.so
7f32d4ef1000-7f32d4ef3000 r--p 00000000 00:216 45438356004               /mnt/primary/conda-envs/semantic_uncertainty_export/lib/python3.11/lib-dynload/_multiprocessing.cpython-311-x86_64-linux-gnu.so
7f32d4ef3000-7f32d4ef4000 r-xp 00002000 00:216 45438356004               /mnt/primary/conda-envs/semantic_uncertainty_export/lib/python3.11/lib-dynload/_multiprocessing.cpython-311-x86_64-linux-gnu.so
7f32d4ef4000-7f32d4ef5000 r--p 00003000 00:216 45438356004               /mnt/primary/conda-envs/semantic_uncertainty_export/lib/python3.11/lib-dynload/_multiprocessing.cpython-311-x86_64-linux-gnu.so
7f32d4ef5000-7f32d4ef6000 r--p 00003000 00:216 45438356004               /mnt/primary/conda-envs/semantic_uncertainty_export/lib/python3.11/lib-dynload/_multiprocessing.cpython-311-x86_64-linux-gnu.so
7f32d4ef6000-7f32d4ef7000 rw-p 00004000 00:216 45438356004               /mnt/primary/conda-envs/semantic_uncertainty_export/lib/python3.11/lib-dynload/_multiprocessing.cpython-311-x86_64-linux-gnu.so
7f32d4ef7000-7f32d4ef9000 r--p 00000000 00:216 24813113                  /mnt/primary/conda-envs/semantic_uncertainty_export/lib/python3.11/site-packages/sklearn/__check_build/_check_build.cpython-311-x86_64-linux-gnu.so
7f32d4ef9000-7f32d4efb000 r-xp 00002000 00:216 24813113                  /mnt/primary/conda-envs/semantic_uncertainty_export/lib/python3.11/site-packages/sklearn/__check_build/_check_build.cpython-311-x86_64-linux-gnu.so
7f32d4efb000-7f32d4efc000 r--p 00004000 00:216 24813113                  /mnt/primary/conda-envs/semantic_uncertainty_export/lib/python3.11/site-packages/sklearn/__check_build/_check_build.cpython-311-x86_64-linux-gnu.so
7f32d4efc000-7f32d4efd000 r--p 00004000 00:216 24813113                  /mnt/primary/conda-envs/semantic_uncertainty_export/lib/python3.11/site-packages/sklearn/__check_build/_check_build.cpython-311-x86_64-linux-gnu.so
7f32d4efd000-7f32d4efe000 rw-p 00005000 00:216 24813113                  /mnt/primary/conda-envs/semantic_uncertainty_export/lib/python3.11/site-packages/sklearn/__check_build/_check_build.cpython-311-x86_64-linux-gnu.so
7f32d4efe000-7f32d4f00000 rw-p 00008000 00:216 24813113                  /mnt/primary/conda-envs/semantic_uncertainty_export/lib/python3.11/site-packages/sklearn/__check_build/_check_build.cpython-311-x86_64-linux-gnu.so
7f32d4f00000-7f32d5000000 rw-p 00000000 00:00 0 
7f32d5801000-7f32d5805000 r--p 00000000 00:216 141832290862              /mnt/primary/conda-envs/semantic_uncertainty_export/lib/python3.11/site-packages/pandas/_libs/ops_dispatch.cpython-311-x86_64-linux-gnu.so
7f32d5805000-7f32d580c000 r-xp 00004000 00:216 141832290862              /mnt/primary/conda-envs/semantic_uncertainty_export/lib/python3.11/site-packages/pandas/_libs/ops_dispatch.cpython-311-x86_64-linux-gnu.so
7f32d580c000-7f32d580e000 r--p 0000b000 00:216 141832290862              /mnt/primary/conda-envs/semantic_uncertainty_export/lib/python3.11/site-packages/pandas/_libs/ops_dispatch.cpython-311-x86_64-linux-gnu.so
7f32d580e000-7f32d580f000 r--p 0000c000 00:216 141832290862              /mnt/primary/conda-envs/semantic_uncertainty_export/lib/python3.11/site-packages/pandas/_libs/ops_dispatch.cpython-311-x86_64-linux-gnu.so
7f32d580f000-7f32d5811000 rw-p 0000d000 00:216 141832290862              /mnt/primary/conda-envs/semantic_uncertainty_export/lib/python3.11/site-packages/pandas/_libs/ops_dispatch.cpython-311-x86_64-linux-gnu.so
7f32d5811000-7f32d5814000 r--p 00000000 00:216 146028901897              /mnt/primary/conda-envs/semantic_uncertainty_export/lib/python3.11/site-packages/pandas/_libs/tslibs/base.cpython-311-x86_64-linux-gnu.so
7f32d5814000-7f32d5819000 r-xp 00003000 00:216 146028901897              /mnt/primary/conda-envs/semantic_uncertainty_export/lib/python3.11/site-packages/pandas/_libs/tslibs/base.cpython-311-x86_64-linux-gnu.so
7f32d5819000-7f32d581b000 r--p 00008000 00:216 146028901897              /mnt/primary/conda-envs/semantic_uncertainty_export/lib/python3.11/site-packages/pandas/_libs/tslibs/base.cpython-311-x86_64-linux-gnu.so
7f32d581b000-7f32d581c000 r--p 00009000 00:216 146028901897              /mnt/primary/conda-envs/semantic_uncertainty_export/lib/python3.11/site-packages/pandas/_libs/tslibs/base.cpython-311-x86_64-linux-gnu.so
7f32d581c000-7f32d581d000 rw-p 0000a000 00:216 146028901897              /mnt/primary/conda-envs/semantic_uncertainty_export/lib/python3.11/site-packages/pandas/_libs/tslibs/base.cpython-311-x86_64-linux-gnu.so
7f32d581d000-7f32d5824000 r--p 00000000 00:216 118502671435              /mnt/primary/conda-envs/semantic_uncertainty_export/lib/python3.11/site-packages/numpy/random/_generator.cpython-311-x86_64-linux-gnu.so
7f32d5824000-7f32d58a7000 r-xp 00007000 00:216 118502671435              /mnt/primary/conda-envs/semantic_uncertainty_export/lib/python3.11/site-packages/numpy/random/_generator.cpython-311-x86_64-linux-gnu.so
7f32d58a7000-7f32d58fb000 r--p 0008a000 00:216 118502671435              /mnt/primary/conda-envs/semantic_uncertainty_export/lib/python3.11/site-packages/numpy/random/_generator.cpython-311-x86_64-linux-gnu.so
7f32d58fb000-7f32d58fc000 r--p 000dd000 00:216 118502671435              /mnt/primary/conda-envs/semantic_uncertainty_export/lib/python3.11/site-packages/numpy/random/_generator.cpython-311-x86_64-linux-gnu.so
7f32d58fc000-7f32d58fe000 rw-p 000de000 00:216 118502671435              /mnt/primary/conda-envs/semantic_uncertainty_export/lib/python3.11/site-packages/numpy/random/_generator.cpython-311-x86_64-linux-gnu.so
7f32d58fe000-7f32d5a00000 rw-p 00000000 00:00 0 
7f32d6101000-7f32d6105000 ---p 00000000 00:00 0 
7f32d6105000-7f32d6201000 rw-p 00000000 00:00 0 
7f32d6201000-7f32d6203000 r--p 00000000 00:216 45438356031               /mnt/primary/conda-envs/semantic_uncertainty_export/lib/python3.11/lib-dynload/_zoneinfo.cpython-311-x86_64-linux-gnu.so
7f32d6203000-7f32d6208000 r-xp 00002000 00:216 45438356031               /mnt/primary/conda-envs/semantic_uncertainty_export/lib/python3.11/lib-dynload/_zoneinfo.cpython-311-x86_64-linux-gnu.so
7f32d6208000-7f32d6209000 r--p 00007000 00:216 45438356031               /mnt/primary/conda-envs/semantic_uncertainty_export/lib/python3.11/lib-dynload/_zoneinfo.cpython-311-x86_64-linux-gnu.so
7f32d6209000-7f32d620a000 ---p 00008000 00:216 45438356031               /mnt/primary/conda-envs/semantic_uncertainty_export/lib/python3.11/lib-dynload/_zoneinfo.cpython-311-x86_64-linux-gnu.so
7f32d620a000-7f32d620b000 r--p 00008000 00:216 45438356031               /mnt/primary/conda-envs/semantic_uncertainty_export/lib/python3.11/lib-dynload/_zoneinfo.cpython-311-x86_64-linux-gnu.so
7f32d620b000-7f32d620c000 rw-p 00009000 00:216 45438356031               /mnt/primary/conda-envs/semantic_uncertainty_export/lib/python3.11/lib-dynload/_zoneinfo.cpython-311-x86_64-linux-gnu.so
7f32d620c000-7f32d6210000 r--p 00000000 00:216 146028901910              /mnt/primary/conda-envs/semantic_uncertainty_export/lib/python3.11/site-packages/pandas/_libs/tslibs/np_datetime.cpython-311-x86_64-linux-gnu.so
7f32d6210000-7f32d6223000 r-xp 00004000 00:216 146028901910              /mnt/primary/conda-envs/semantic_uncertainty_export/lib/python3.11/site-packages/pandas/_libs/tslibs/np_datetime.cpython-311-x86_64-linux-gnu.so
7f32d6223000-7f32d6227000 r--p 00017000 00:216 146028901910              /mnt/primary/conda-envs/semantic_uncertainty_export/lib/python3.11/site-packages/pandas/_libs/tslibs/np_datetime.cpython-311-x86_64-linux-gnu.so
7f32d6227000-7f32d6228000 r--p 0001a000 00:216 146028901910              /mnt/primary/conda-envs/semantic_uncertainty_export/lib/python3.11/site-packages/pandas/_libs/tslibs/np_datetime.cpython-311-x86_64-linux-gnu.so
7f32d6228000-7f32d622a000 rw-p 0001b000 00:216 146028901910              /mnt/primary/conda-envs/semantic_uncertainty_export/lib/python3.11/site-packages/pandas/_libs/tslibs/np_datetime.cpython-311-x86_64-linux-gnu.so
7f32d622a000-7f32d6230000 r--p 00000000 00:216 146028901907              /mnt/primary/conda-envs/semantic_uncertainty_export/lib/python3.11/site-packages/pandas/_libs/tslibs/dtypes.cpython-311-x86_64-linux-gnu.so
7f32d6230000-7f32d6248000 r-xp 00006000 00:216 146028901907              /mnt/primary/conda-envs/semantic_uncertainty_export/lib/python3.11/site-packages/pandas/_libs/tslibs/dtypes.cpython-311-x86_64-linux-gnu.so
7f32d6248000-7f32d624d000 r--p 0001e000 00:216 146028901907              /mnt/primary/conda-envs/semantic_uncertainty_export/lib/python3.11/site-packages/pandas/_libs/tslibs/dtypes.cpython-311-x86_64-linux-gnu.so
7f32d624d000-7f32d624e000 r--p 00022000 00:216 146028901907              /mnt/primary/conda-envs/semantic_uncertainty_export/lib/python3.11/site-packages/pandas/_libs/tslibs/dtypes.cpython-311-x86_64-linux-gnu.so
7f32d624e000-7f32d6252000 rw-p 00023000 00:216 146028901907              /mnt/primary/conda-envs/semantic_uncertainty_export/lib/python3.11/site-packages/pandas/_libs/tslibs/dtypes.cpython-311-x86_64-linux-gnu.so
7f32d6252000-7f32d6259000 r--p 00000000 00:216 141832290848              /mnt/primary/conda-envs/semantic_uncertainty_export/lib/python3.11/site-packages/pandas/_libs/missing.cpython-311-x86_64-linux-gnu.so
7f32d6259000-7f32d6279000 r-xp 00007000 00:216 141832290848              /mnt/primary/conda-envs/semantic_uncertainty_export/lib/python3.11/site-packages/pandas/_libs/missing.cpython-311-x86_64-linux-gnu.so
7f32d6279000-7f32d627f000 r--p 00027000 00:216 141832290848              /mnt/primary/conda-envs/semantic_uncertainty_export/lib/python3.11/site-packages/pandas/_libs/missing.cpython-311-x86_64-linux-gnu.so
7f32d627f000-7f32d6280000 r--p 0002c000 00:216 141832290848              /mnt/primary/conda-envs/semantic_uncertainty_export/lib/python3.11/site-packages/pandas/_libs/missing.cpython-311-x86_64-linux-gnu.so
7f32d6280000-7f32d6284000 rw-p 0002d000 00:216 141832290848              /mnt/primary/conda-envs/semantic_uncertainty_export/lib/python3.11/site-packages/pandas/_libs/missing.cpython-311-x86_64-linux-gnu.so
7f32d6284000-7f32d6285000 rw-p 00000000 00:00 0 
7f32d6285000-7f32d6286000 r--p 00000000 00:216 141832290861              /mnt/primary/conda-envs/semantic_uncertainty_export/lib/python3.11/site-packages/pandas/_libs/pandas_datetime.cpython-311-x86_64-linux-gnu.so
7f32d6286000-7f32d628b000 r-xp 00001000 00:216 141832290861              /mnt/primary/conda-envs/semantic_uncertainty_export/lib/python3.11/site-packages/pandas/_libs/pandas_datetime.cpython-311-x86_64-linux-gnu.so
7f32d628b000-7f32d628c000 r--p 00006000 00:216 141832290861              /mnt/primary/conda-envs/semantic_uncertainty_export/lib/python3.11/site-packages/pandas/_libs/pandas_datetime.cpython-311-x86_64-linux-gnu.so
7f32d628c000-7f32d628d000 r--p 00006000 00:216 141832290861              /mnt/primary/conda-envs/semantic_uncertainty_export/lib/python3.11/site-packages/pandas/_libs/pandas_datetime.cpython-311-x86_64-linux-gnu.so
7f32d628d000-7f32d628e000 rw-p 00007000 00:216 141832290861              /mnt/primary/conda-envs/semantic_uncertainty_export/lib/python3.11/site-packages/pandas/_libs/pandas_datetime.cpython-311-x86_64-linux-gnu.so
7f32d628e000-7f32d6291000 r--p 00000000 00:216 118502671425              /mnt/primary/conda-envs/semantic_uncertainty_export/lib/python3.11/site-packages/numpy/random/_pcg64.cpython-311-x86_64-linux-gnu.so
7f32d6291000-7f32d62a3000 r-xp 00003000 00:216 118502671425              /mnt/primary/conda-envs/semantic_uncertainty_export/lib/python3.11/site-packages/numpy/random/_pcg64.cpython-311-x86_64-linux-gnu.so
7f32d62a3000-7f32d62a8000 r--p 00015000 00:216 118502671425              /mnt/primary/conda-envs/semantic_uncertainty_export/lib/python3.11/site-packages/numpy/random/_pcg64.cpython-311-x86_64-linux-gnu.so
7f32d62a8000-7f32d62a9000 r--p 00019000 00:216 118502671425              /mnt/primary/conda-envs/semantic_uncertainty_export/lib/python3.11/site-packages/numpy/random/_pcg64.cpython-311-x86_64-linux-gnu.so
7f32d62a9000-7f32d62aa000 rw-p 0001a000 00:216 118502671425              /mnt/primary/conda-envs/semantic_uncertainty_export/lib/python3.11/site-packages/numpy/random/_pcg64.cpython-311-x86_64-linux-gnu.so
7f32d62aa000-7f32d62ae000 r--p 00000000 00:216 118502671429              /mnt/primary/conda-envs/semantic_uncertainty_export/lib/python3.11/site-packages/numpy/random/_bounded_integers.cpython-311-x86_64-linux-gnu.so
7f32d62ae000-7f32d62f4000 r-xp 00004000 00:216 118502671429              /mnt/primary/conda-envs/semantic_uncertainty_export/lib/python3.11/site-packages/numpy/random/_bounded_integers.cpython-311-x86_64-linux-gnu.so
7f32d62f4000-7f32d62fd000 r--p 0004a000 00:216 118502671429              /mnt/primary/conda-envs/semantic_uncertainty_export/lib/python3.11/site-packages/numpy/random/_bounded_integers.cpython-311-x86_64-linux-gnu.so
7f32d62fd000-7f32d62fe000 r--p 00052000 00:216 118502671429              /mnt/primary/conda-envs/semantic_uncertainty_export/lib/python3.11/site-packages/numpy/random/_bounded_integers.cpython-311-x86_64-linux-gnu.so
7f32d62fe000-7f32d62ff000 rw-p 00053000 00:216 118502671429              /mnt/primary/conda-envs/semantic_uncertainty_export/lib/python3.11/site-packages/numpy/random/_bounded_integers.cpython-311-x86_64-linux-gnu.so
7f32d62ff000-7f32d6400000 rw-p 00000000 00:00 0 
7f32d6400000-7f32d6401000 ---p 00000000 00:00 0 
7f32d6401000-7f32d6c01000 rw-p 00000000 00:00 0 
7f32d6c01000-7f32d6c02000 ---p 00000000 00:00 0 
7f32d6c02000-7f32d6c03000 r--p 00000000 00:00 0 
7f32d6c03000-7f32d6c05000 r--p 00000000 00:216 45438459397               /mnt/primary/conda-envs/semantic_uncertainty_export/lib/python3.11/lib-dynload/grp.cpython-311-x86_64-linux-gnu.so
7f32d6c05000-7f32d6c06000 r-xp 00002000 00:216 45438459397               /mnt/primary/conda-envs/semantic_uncertainty_export/lib/python3.11/lib-dynload/grp.cpython-311-x86_64-linux-gnu.so
7f32d6c06000-7f32d6c07000 r--p 00003000 00:216 45438459397               /mnt/primary/conda-envs/semantic_uncertainty_export/lib/python3.11/lib-dynload/grp.cpython-311-x86_64-linux-gnu.so
7f32d6c07000-7f32d6c08000 r--p 00003000 00:216 45438459397               /mnt/primary/conda-envs/semantic_uncertainty_export/lib/python3.11/lib-dynload/grp.cpython-311-x86_64-linux-gnu.so
7f32d6c08000-7f32d6c09000 rw-p 00004000 00:216 45438459397               /mnt/primary/conda-envs/semantic_uncertainty_export/lib/python3.11/lib-dynload/grp.cpython-311-x86_64-linux-gnu.so
7f32d6c09000-7f32d6c0c000 r--p 00000000 00:216 119235855375              /mnt/primary/conda-envs/semantic_uncertainty_export/lib/python3.11/site-packages/numpy/random/_sfc64.cpython-311-x86_64-linux-gnu.so
7f32d6c0c000-7f32d6c15000 r-xp 00003000 00:216 119235855375              /mnt/primary/conda-envs/semantic_uncertainty_export/lib/python3.11/site-packages/numpy/random/_sfc64.cpython-311-x86_64-linux-gnu.so
7f32d6c15000-7f32d6c18000 r--p 0000c000 00:216 119235855375              /mnt/primary/conda-envs/semantic_uncertainty_export/lib/python3.11/site-packages/numpy/random/_sfc64.cpython-311-x86_64-linux-gnu.so
7f32d6c18000-7f32d6c19000 r--p 0000e000 00:216 119235855375              /mnt/primary/conda-envs/semantic_uncertainty_export/lib/python3.11/site-packages/numpy/random/_sfc64.cpython-311-x86_64-linux-gnu.so
7f32d6c19000-7f32d6c1a000 rw-p 0000f000 00:216 119235855375              /mnt/primary/conda-envs/semantic_uncertainty_export/lib/python3.11/site-packages/numpy/random/_sfc64.cpython-311-x86_64-linux-gnu.so
7f32d6c1a000-7f32d6c1d000 r--p 00000000 00:216 119235855376              /mnt/primary/conda-envs/semantic_uncertainty_export/lib/python3.11/site-packages/numpy/random/_philox.cpython-311-x86_64-linux-gnu.so
7f32d6c1d000-7f32d6c2c000 r-xp 00003000 00:216 119235855376              /mnt/primary/conda-envs/semantic_uncertainty_export/lib/python3.11/site-packages/numpy/random/_philox.cpython-311-x86_64-linux-gnu.so
7f32d6c2c000-7f32d6c30000 r--p 00012000 00:216 119235855376              /mnt/primary/conda-envs/semantic_uncertainty_export/lib/python3.11/site-packages/numpy/random/_philox.cpython-311-x86_64-linux-gnu.so
7f32d6c30000-7f32d6c31000 r--p 00015000 00:216 119235855376              /mnt/primary/conda-envs/semantic_uncertainty_export/lib/python3.11/site-packages/numpy/random/_philox.cpython-311-x86_64-linux-gnu.so
7f32d6c31000-7f32d6c32000 rw-p 00016000 00:216 119235855376              /mnt/primary/conda-envs/semantic_uncertainty_export/lib/python3.11/site-packages/numpy/random/_philox.cpython-311-x86_64-linux-gnu.so
7f32d6c32000-7f32d6c35000 r--p 00000000 00:216 118502671430              /mnt/primary/conda-envs/semantic_uncertainty_export/lib/python3.11/site-packages/numpy/random/_mt19937.cpython-311-x86_64-linux-gnu.so
7f32d6c35000-7f32d6c46000 r-xp 00003000 00:216 118502671430              /mnt/primary/conda-envs/semantic_uncertainty_export/lib/python3.11/site-packages/numpy/random/_mt19937.cpython-311-x86_64-linux-gnu.so
7f32d6c46000-7f32d6c4b000 r--p 00014000 00:216 118502671430              /mnt/primary/conda-envs/semantic_uncertainty_export/lib/python3.11/site-packages/numpy/random/_mt19937.cpython-311-x86_64-linux-gnu.so
7f32d6c4b000-7f32d6c4c000 r--p 00018000 00:216 118502671430              /mnt/primary/conda-envs/semantic_uncertainty_export/lib/python3.11/site-packages/numpy/random/_mt19937.cpython-311-x86_64-linux-gnu.so
7f32d6c4c000-7f32d6c4d000 rw-p 00019000 00:216 118502671430              /mnt/primary/conda-envs/semantic_uncertainty_export/lib/python3.11/site-packages/numpy/random/_mt19937.cpython-311-x86_64-linux-gnu.so
7f32d6c4d000-7f32d6c52000 r--p 00000000 00:216 118502671437              /mnt/primary/conda-envs/semantic_uncertainty_export/lib/python3.11/site-packages/numpy/random/mtrand.cpython-311-x86_64-linux-gnu.so
7f32d6c52000-7f32d6cab000 r-xp 00005000 00:216 118502671437              /mnt/primary/conda-envs/semantic_uncertainty_export/lib/python3.11/site-packages/numpy/random/mtrand.cpython-311-x86_64-linux-gnu.so
7f32d6cab000-7f32d6cfc000 r--p 0005e000 00:216 118502671437              /mnt/primary/conda-envs/semantic_uncertainty_export/lib/python3.11/site-packages/numpy/random/mtrand.cpython-311-x86_64-linux-gnu.so
7f32d6cfc000-7f32d6cfd000 r--p 000ae000 00:216 118502671437              /mnt/primary/conda-envs/semantic_uncertainty_export/lib/python3.11/site-packages/numpy/random/mtrand.cpython-311-x86_64-linux-gnu.so
7f32d6cfd000-7f32d6cfe000 rw-p 000af000 00:216 118502671437              /mnt/primary/conda-envs/semantic_uncertainty_export/lib/python3.11/site-packages/numpy/random/mtrand.cpython-311-x86_64-linux-gnu.so
7f32d6cfe000-7f32d6e00000 rw-p 00000000 00:00 0 
7f32d6e00000-7f32d6e01000 ---p 00000000 00:00 0 
7f32d6e01000-7f32d7601000 rw-p 00000000 00:00 0 
7f32d7602000-7f32d7604000 r--p 00000000 00:216 141832290876              /mnt/primary/conda-envs/semantic_uncertainty_export/lib/python3.11/site-packages/pandas/_libs/pandas_parser.cpython-311-x86_64-linux-gnu.so
7f32d7604000-7f32d760a000 r-xp 00002000 00:216 141832290876              /mnt/primary/conda-envs/semantic_uncertainty_export/lib/python3.11/site-packages/pandas/_libs/pandas_parser.cpython-311-x86_64-linux-gnu.so
7f32d760a000-7f32d760c000 r--p 00008000 00:216 141832290876              /mnt/primary/conda-envs/semantic_uncertainty_export/lib/python3.11/site-packages/pandas/_libs/pandas_parser.cpython-311-x86_64-linux-gnu.so
7f32d760c000-7f32d760d000 r--p 00009000 00:216 141832290876              /mnt/primary/conda-envs/semantic_uncertainty_export/lib/python3.11/site-packages/pandas/_libs/pandas_parser.cpython-311-x86_64-linux-gnu.so
7f32d760d000-7f32d760e000 rw-p 0000a000 00:216 141832290876              /mnt/primary/conda-envs/semantic_uncertainty_export/lib/python3.11/site-packages/pandas/_libs/pandas_parser.cpython-311-x86_64-linux-gnu.so
7f32d760e000-7f32d7612000 r--p 00000000 00:216 118502671436              /mnt/primary/conda-envs/semantic_uncertainty_export/lib/python3.11/site-packages/numpy/random/_common.cpython-311-x86_64-linux-gnu.so
7f32d7612000-7f32d7644000 r-xp 00004000 00:216 118502671436              /mnt/primary/conda-envs/semantic_uncertainty_export/lib/python3.11/site-packages/numpy/random/_common.cpython-311-x86_64-linux-gnu.so
7f32d7644000-7f32d7648000 r--p 00036000 00:216 118502671436              /mnt/primary/conda-envs/semantic_uncertainty_export/lib/python3.11/site-packages/numpy/random/_common.cpython-311-x86_64-linux-gnu.so
7f32d7648000-7f32d7649000 ---p 0003a000 00:216 118502671436              /mnt/primary/conda-envs/semantic_uncertainty_export/lib/python3.11/site-packages/numpy/random/_common.cpython-311-x86_64-linux-gnu.so
7f32d7649000-7f32d764a000 r--p 0003a000 00:216 118502671436              /mnt/primary/conda-envs/semantic_uncertainty_export/lib/python3.11/site-packages/numpy/random/_common.cpython-311-x86_64-linux-gnu.so
7f32d764a000-7f32d764b000 rw-p 0003b000 00:216 118502671436              /mnt/primary/conda-envs/semantic_uncertainty_export/lib/python3.11/site-packages/numpy/random/_common.cpython-311-x86_64-linux-gnu.so
7f32d764b000-7f32d764c000 rw-p 00000000 00:00 0 
7f32d764c000-7f32d7651000 r--p 00000000 00:216 118502671427              /mnt/primary/conda-envs/semantic_uncertainty_export/lib/python3.11/site-packages/numpy/random/bit_generator.cpython-311-x86_64-linux-gnu.so
7f32d7651000-7f32d7674000 r-xp 00005000 00:216 118502671427              /mnt/primary/conda-envs/semantic_uncertainty_export/lib/python3.11/site-packages/numpy/random/bit_generator.cpython-311-x86_64-linux-gnu.so
7f32d7674000-7f32d767e000 r--p 00028000 00:216 118502671427              /mnt/primary/conda-envs/semantic_uncertainty_export/lib/python3.11/site-packages/numpy/random/bit_generator.cpython-311-x86_64-linux-gnu.so
7f32d767e000-7f32d767f000 r--p 00031000 00:216 118502671427              /mnt/primary/conda-envs/semantic_uncertainty_export/lib/python3.11/site-packages/numpy/random/bit_generator.cpython-311-x86_64-linux-gnu.so
7f32d767f000-7f32d7681000 rw-p 00032000 00:216 118502671427              /mnt/primary/conda-envs/semantic_uncertainty_export/lib/python3.11/site-packages/numpy/random/bit_generator.cpython-311-x86_64-linux-gnu.so
7f32d7681000-7f32d7682000 rw-p 00000000 00:00 0 
7f32d7682000-7f32d7683000 r--p 00000000 00:216 56240088113               /mnt/primary/conda-envs/semantic_uncertainty_export/lib/python3.11/site-packages/numpy/fft/_pocketfft_internal.cpython-311-x86_64-linux-gnu.so
7f32d7683000-7f32d7696000 r-xp 00001000 00:216 56240088113               /mnt/primary/conda-envs/semantic_uncertainty_export/lib/python3.11/site-packages/numpy/fft/_pocketfft_internal.cpython-311-x86_64-linux-gnu.so
7f32d7696000-7f32d7698000 r--p 00014000 00:216 56240088113               /mnt/primary/conda-envs/semantic_uncertainty_export/lib/python3.11/site-packages/numpy/fft/_pocketfft_internal.cpython-311-x86_64-linux-gnu.so
7f32d7698000-7f32d7699000 r--p 00015000 00:216 56240088113               /mnt/primary/conda-envs/semantic_uncertainty_export/lib/python3.11/site-packages/numpy/fft/_pocketfft_internal.cpython-311-x86_64-linux-gnu.so
7f32d7699000-7f32d769a000 rw-p 00016000 00:216 56240088113               /mnt/primary/conda-envs/semantic_uncertainty_export/lib/python3.11/site-packages/numpy/fft/_pocketfft_internal.cpython-311-x86_64-linux-gnu.so
7f32d769a000-7f32d76a0000 r--p 00000000 00:216 163283469321              /mnt/primary/conda-envs/semantic_uncertainty_export/lib/python3.11/site-packages/numpy/linalg/_umath_linalg.cpython-311-x86_64-linux-gnu.so
7f32d76a0000-7f32d76bb000 r-xp 00006000 00:216 163283469321              /mnt/primary/conda-envs/semantic_uncertainty_export/lib/python3.11/site-packages/numpy/linalg/_umath_linalg.cpython-311-x86_64-linux-gnu.so
7f32d76bb000-7f32d76c0000 r--p 00021000 00:216 163283469321              /mnt/primary/conda-envs/semantic_uncertainty_export/lib/python3.11/site-packages/numpy/linalg/_umath_linalg.cpython-311-x86_64-linux-gnu.so
7f32d76c0000-7f32d76c1000 r--p 00025000 00:216 163283469321              /mnt/primary/conda-envs/semantic_uncertainty_export/lib/python3.11/site-packages/numpy/linalg/_umath_linalg.cpython-311-x86_64-linux-gnu.so
7f32d76c1000-7f32d76c2000 rw-p 00026000 00:216 163283469321              /mnt/primary/conda-envs/semantic_uncertainty_export/lib/python3.11/site-packages/numpy/linalg/_umath_linalg.cpython-311-x86_64-linux-gnu.so
7f32d76c2000-7f32d76c5000 rw-p 0002d000 00:216 163283469321              /mnt/primary/conda-envs/semantic_uncertainty_export/lib/python3.11/site-packages/numpy/linalg/_umath_linalg.cpython-311-x86_64-linux-gnu.so
7f32d76c5000-7f32d76cc000 r--p 00000000 00:216 142613141013              /mnt/primary/conda-envs/semantic_uncertainty_export/lib/python3.11/site-packages/numpy/core/_multiarray_tests.cpython-311-x86_64-linux-gnu.so
7f32d76cc000-7f32d76dd000 r-xp 00007000 00:216 142613141013              /mnt/primary/conda-envs/semantic_uncertainty_export/lib/python3.11/site-packages/numpy/core/_multiarray_tests.cpython-311-x86_64-linux-gnu.so
7f32d76dd000-7f32d76e2000 r--p 00018000 00:216 142613141013              /mnt/primary/conda-envs/semantic_uncertainty_export/lib/python3.11/site-packages/numpy/core/_multiarray_tests.cpython-311-x86_64-linux-gnu.so
7f32d76e2000-7f32d76e3000 ---p 0001d000 00:216 142613141013              /mnt/primary/conda-envs/semantic_uncertainty_export/lib/python3.11/site-packages/numpy/core/_multiarray_tests.cpython-311-x86_64-linux-gnu.so
7f32d76e3000-7f32d76e4000 r--p 0001d000 00:216 142613141013              /mnt/primary/conda-envs/semantic_uncertainty_export/lib/python3.11/site-packages/numpy/core/_multiarray_tests.cpython-311-x86_64-linux-gnu.so
7f32d76e4000-7f32d76e6000 rw-p 0001e000 00:216 142613141013              /mnt/primary/conda-envs/semantic_uncertainty_export/lib/python3.11/site-packages/numpy/core/_multiarray_tests.cpython-311-x86_64-linux-gnu.so
7f32d76e6000-7f32d76ea000 rw-p 00000000 00:00 0 
7f32d76f2000-7f32d76fa000 rw-p 00000000 00:00 0 
7f32d7702000-7f32d7b02000 rw-p 00000000 00:00 0 
7f32d7b02000-7f32d7b0a000 r--p 00000000 00:216 172121170462              /mnt/primary/conda-envs/semantic_uncertainty_export/lib/python3.11/site-packages/debugpy/_vendored/pydevd/_pydevd_bundle/pydevd_cython.cpython-311-x86_64-linux-gnu.so
7f32d7b0a000-7f32d7b87000 r-xp 00008000 00:216 172121170462              /mnt/primary/conda-envs/semantic_uncertainty_export/lib/python3.11/site-packages/debugpy/_vendored/pydevd/_pydevd_bundle/pydevd_cython.cpython-311-x86_64-linux-gnu.so
7f32d7b87000-7f32d7b90000 r--p 00085000 00:216 172121170462              /mnt/primary/conda-envs/semantic_uncertainty_export/lib/python3.11/site-packages/debugpy/_vendored/pydevd/_pydevd_bundle/pydevd_cython.cpython-311-x86_64-linux-gnu.so
7f32d7b90000-7f32d7b91000 r--p 0008d000 00:216 172121170462              /mnt/primary/conda-envs/semantic_uncertainty_export/lib/python3.11/site-packages/debugpy/_vendored/pydevd/_pydevd_bundle/pydevd_cython.cpython-311-x86_64-linux-gnu.so
7f32d7b91000-7f32d7b97000 rw-p 0008e000 00:216 172121170462              /mnt/primary/conda-envs/semantic_uncertainty_export/lib/python3.11/site-packages/debugpy/_vendored/pydevd/_pydevd_bundle/pydevd_cython.cpython-311-x86_64-linux-gnu.so
7f32d7b97000-7f32d7d98000 rw-p 00000000 00:00 0 
7f32d7d98000-7f32d7d9e000 r--p 00000000 00:216 45438459402               /mnt/primary/conda-envs/semantic_uncertainty_export/lib/python3.11/lib-dynload/pyexpat.cpython-311-x86_64-linux-gnu.so
7f32d7d9e000-7f32d7dc8000 r-xp 00006000 00:216 45438459402               /mnt/primary/conda-envs/semantic_uncertainty_export/lib/python3.11/lib-dynload/pyexpat.cpython-311-x86_64-linux-gnu.so
7f32d7dc8000-7f32d7dd4000 r--p 00030000 00:216 45438459402               /mnt/primary/conda-envs/semantic_uncertainty_export/lib/python3.11/lib-dynload/pyexpat.cpython-311-x86_64-linux-gnu.so
7f32d7dd4000-7f32d7dd7000 r--p 0003b000 00:216 45438459402               /mnt/primary/conda-envs/semantic_uncertainty_export/lib/python3.11/lib-dynload/pyexpat.cpython-311-x86_64-linux-gnu.so
7f32d7dd7000-7f32d7dd9000 rw-p 0003e000 00:216 45438459402               /mnt/primary/conda-envs/semantic_uncertainty_export/lib/python3.11/lib-dynload/pyexpat.cpython-311-x86_64-linux-gnu.so
7f32d7dd9000-7f32d7ed9000 rw-p 00000000 00:00 0 
7f32d7ed9000-7f32d7edb000 r--p 00000000 00:216 58047289889               /mnt/primary/conda-envs/semantic_uncertainty_export/lib/python3.11/site-packages/psutil/_psutil_posix.abi3.so
7f32d7edb000-7f32d7edd000 r-xp 00002000 00:216 58047289889               /mnt/primary/conda-envs/semantic_uncertainty_export/lib/python3.11/site-packages/psutil/_psutil_posix.abi3.so
7f32d7edd000-7f32d7ede000 r--p 00004000 00:216 58047289889               /mnt/primary/conda-envs/semantic_uncertainty_export/lib/python3.11/site-packages/psutil/_psutil_posix.abi3.so
7f32d7ede000-7f32d7edf000 r--p 00004000 00:216 58047289889               /mnt/primary/conda-envs/semantic_uncertainty_export/lib/python3.11/site-packages/psutil/_psutil_posix.abi3.so
7f32d7edf000-7f32d7ee0000 rw-p 00005000 00:216 58047289889               /mnt/primary/conda-envs/semantic_uncertainty_export/lib/python3.11/site-packages/psutil/_psutil_posix.abi3.so
7f32d7ee0000-7f32d7ee2000 r--p 00000000 00:216 58047289890               /mnt/primary/conda-envs/semantic_uncertainty_export/lib/python3.11/site-packages/psutil/_psutil_linux.abi3.so
7f32d7ee2000-7f32d7ee5000 r-xp 00002000 00:216 58047289890               /mnt/primary/conda-envs/semantic_uncertainty_export/lib/python3.11/site-packages/psutil/_psutil_linux.abi3.so
7f32d7ee5000-7f32d7ee6000 r--p 00005000 00:216 58047289890               /mnt/primary/conda-envs/semantic_uncertainty_export/lib/python3.11/site-packages/psutil/_psutil_linux.abi3.so
7f32d7ee6000-7f32d7ee7000 r--p 00005000 00:216 58047289890               /mnt/primary/conda-envs/semantic_uncertainty_export/lib/python3.11/site-packages/psutil/_psutil_linux.abi3.so
7f32d7ee7000-7f32d7ee8000 rw-p 00006000 00:216 58047289890               /mnt/primary/conda-envs/semantic_uncertainty_export/lib/python3.11/site-packages/psutil/_psutil_linux.abi3.so
7f32d7ee8000-7f32d7fe8000 rw-p 00000000 00:00 0 
7f32d7fe8000-7f32d7fea000 r--p 00000000 00:216 45438356000               /mnt/primary/conda-envs/semantic_uncertainty_export/lib/python3.11/lib-dynload/_lsprof.cpython-311-x86_64-linux-gnu.so
7f32d7fea000-7f32d7fec000 r-xp 00002000 00:216 45438356000               /mnt/primary/conda-envs/semantic_uncertainty_export/lib/python3.11/lib-dynload/_lsprof.cpython-311-x86_64-linux-gnu.so
7f32d7fec000-7f32d7fed000 r--p 00004000 00:216 45438356000               /mnt/primary/conda-envs/semantic_uncertainty_export/lib/python3.11/lib-dynload/_lsprof.cpython-311-x86_64-linux-gnu.so
7f32d7fed000-7f32d7fee000 ---p 00005000 00:216 45438356000               /mnt/primary/conda-envs/semantic_uncertainty_export/lib/python3.11/lib-dynload/_lsprof.cpython-311-x86_64-linux-gnu.so
7f32d7fee000-7f32d7fef000 r--p 00005000 00:216 45438356000               /mnt/primary/conda-envs/semantic_uncertainty_export/lib/python3.11/lib-dynload/_lsprof.cpython-311-x86_64-linux-gnu.so
7f32d7fef000-7f32d7ff0000 rw-p 00006000 00:216 45438356000               /mnt/primary/conda-envs/semantic_uncertainty_export/lib/python3.11/lib-dynload/_lsprof.cpython-311-x86_64-linux-gnu.so
7f32d7ff0000-7f32d83f0000 rw-p 00000000 00:00 0 
7f32d83f0000-7f32d83f3000 r--p 00000000 00:216 45438459409               /mnt/primary/conda-envs/semantic_uncertainty_export/lib/python3.11/lib-dynload/unicodedata.cpython-311-x86_64-linux-gnu.so
7f32d83f3000-7f32d83f7000 r-xp 00003000 00:216 45438459409               /mnt/primary/conda-envs/semantic_uncertainty_export/lib/python3.11/lib-dynload/unicodedata.cpython-311-x86_64-linux-gnu.so
7f32d83f7000-7f32d8503000 r--p 00007000 00:216 45438459409               /mnt/primary/conda-envs/semantic_uncertainty_export/lib/python3.11/lib-dynload/unicodedata.cpython-311-x86_64-linux-gnu.so
7f32d8503000-7f32d8504000 ---p 00113000 00:216 45438459409               /mnt/primary/conda-envs/semantic_uncertainty_export/lib/python3.11/lib-dynload/unicodedata.cpython-311-x86_64-linux-gnu.so
7f32d8504000-7f32d8505000 r--p 00113000 00:216 45438459409               /mnt/primary/conda-envs/semantic_uncertainty_export/lib/python3.11/lib-dynload/unicodedata.cpython-311-x86_64-linux-gnu.so
7f32d8505000-7f32d8506000 rw-p 00114000 00:216 45438459409               /mnt/primary/conda-envs/semantic_uncertainty_export/lib/python3.11/lib-dynload/unicodedata.cpython-311-x86_64-linux-gnu.so
7f32d8506000-7f32d8906000 rw-p 00000000 00:00 0 
7f32d8906000-7f32d8918000 r--p 00000000 00:216 70925084698               /mnt/primary/conda-envs/semantic_uncertainty_export/lib/libsqlite3.so.0.8.6
7f32d8918000-7f32d8a18000 r-xp 00012000 00:216 70925084698               /mnt/primary/conda-envs/semantic_uncertainty_export/lib/libsqlite3.so.0.8.6
7f32d8a18000-7f32d8a4c000 r--p 00112000 00:216 70925084698               /mnt/primary/conda-envs/semantic_uncertainty_export/lib/libsqlite3.so.0.8.6
7f32d8a4c000-7f32d8a4d000 ---p 00146000 00:216 70925084698               /mnt/primary/conda-envs/semantic_uncertainty_export/lib/libsqlite3.so.0.8.6
7f32d8a4d000-7f32d8a51000 r--p 00146000 00:216 70925084698               /mnt/primary/conda-envs/semantic_uncertainty_export/lib/libsqlite3.so.0.8.6
7f32d8a51000-7f32d8a55000 rw-p 0014a000 00:216 70925084698               /mnt/primary/conda-envs/semantic_uncertainty_export/lib/libsqlite3.so.0.8.6
7f32d8a55000-7f32d8a5d000 r--p 00000000 00:216 45438356016               /mnt/primary/conda-envs/semantic_uncertainty_export/lib/python3.11/lib-dynload/_sqlite3.cpython-311-x86_64-linux-gnu.so
7f32d8a5d000-7f32d8a6b000 r-xp 00008000 00:216 45438356016               /mnt/primary/conda-envs/semantic_uncertainty_export/lib/python3.11/lib-dynload/_sqlite3.cpython-311-x86_64-linux-gnu.so
7f32d8a6b000-7f32d8a72000 r--p 00016000 00:216 45438356016               /mnt/primary/conda-envs/semantic_uncertainty_export/lib/python3.11/lib-dynload/_sqlite3.cpython-311-x86_64-linux-gnu.so
7f32d8a72000-7f32d8a74000 r--p 0001c000 00:216 45438356016               /mnt/primary/conda-envs/semantic_uncertainty_export/lib/python3.11/lib-dynload/_sqlite3.cpython-311-x86_64-linux-gnu.so
7f32d8a74000-7f32d8a76000 rw-p 0001e000 00:216 45438356016               /mnt/primary/conda-envs/semantic_uncertainty_export/lib/python3.11/lib-dynload/_sqlite3.cpython-311-x86_64-linux-gnu.so
7f32d8a76000-7f32d8d76000 rw-p 00000000 00:00 0 
7f32d8d76000-7f32d8d78000 r--p 00000000 00:216 45438459404               /mnt/primary/conda-envs/semantic_uncertainty_export/lib/python3.11/lib-dynload/resource.cpython-311-x86_64-linux-gnu.so
7f32d8d78000-7f32d8d79000 r-xp 00002000 00:216 45438459404               /mnt/primary/conda-envs/semantic_uncertainty_export/lib/python3.11/lib-dynload/resource.cpython-311-x86_64-linux-gnu.so
7f32d8d79000-7f32d8d7a000 r--p 00003000 00:216 45438459404               /mnt/primary/conda-envs/semantic_uncertainty_export/lib/python3.11/lib-dynload/resource.cpython-311-x86_64-linux-gnu.so
7f32d8d7a000-7f32d8d7b000 r--p 00003000 00:216 45438459404               /mnt/primary/conda-envs/semantic_uncertainty_export/lib/python3.11/lib-dynload/resource.cpython-311-x86_64-linux-gnu.so
7f32d8d7b000-7f32d8d7c000 rw-p 00004000 00:216 45438459404               /mnt/primary/conda-envs/semantic_uncertainty_export/lib/python3.11/lib-dynload/resource.cpython-311-x86_64-linux-gnu.so
7f32d8d7c000-7f32d907c000 rw-p 00000000 00:00 0 
7f32d907c000-7f32d907f000 r--p 00000000 00:216 45438355989               /mnt/primary/conda-envs/semantic_uncertainty_export/lib/python3.11/lib-dynload/_csv.cpython-311-x86_64-linux-gnu.so
7f32d907f000-7f32d9084000 r-xp 00003000 00:216 45438355989               /mnt/primary/conda-envs/semantic_uncertainty_export/lib/python3.11/lib-dynload/_csv.cpython-311-x86_64-linux-gnu.so
7f32d9084000-7f32d9087000 r--p 00008000 00:216 45438355989               /mnt/primary/conda-envs/semantic_uncertainty_export/lib/python3.11/lib-dynload/_csv.cpython-311-x86_64-linux-gnu.so
7f32d9087000-7f32d9088000 r--p 0000a000 00:216 45438355989               /mnt/primary/conda-envs/semantic_uncertainty_export/lib/python3.11/lib-dynload/_csv.cpython-311-x86_64-linux-gnu.so
7f32d9088000-7f32d9089000 rw-p 0000b000 00:216 45438355989               /mnt/primary/conda-envs/semantic_uncertainty_export/lib/python3.11/lib-dynload/_csv.cpython-311-x86_64-linux-gnu.so
7f32d9089000-7f32d908b000 r--p 00000000 00:216 70896380929               /mnt/primary/conda-envs/semantic_uncertainty_export/lib/libuuid.so.1.3.0
7f32d908b000-7f32d908f000 r-xp 00002000 00:216 70896380929               /mnt/primary/conda-envs/semantic_uncertainty_export/lib/libuuid.so.1.3.0
7f32d908f000-7f32d9090000 r--p 00006000 00:216 70896380929               /mnt/primary/conda-envs/semantic_uncertainty_export/lib/libuuid.so.1.3.0
7f32d9090000-7f32d9091000 r--p 00006000 00:216 70896380929               /mnt/primary/conda-envs/semantic_uncertainty_export/lib/libuuid.so.1.3.0
7f32d9091000-7f32d9092000 rw-p 00007000 00:216 70896380929               /mnt/primary/conda-envs/semantic_uncertainty_export/lib/libuuid.so.1.3.0
7f32d9092000-7f32d9093000 r--p 00000000 00:216 45438356028               /mnt/primary/conda-envs/semantic_uncertainty_export/lib/python3.11/lib-dynload/_uuid.cpython-311-x86_64-linux-gnu.so
7f32d9093000-7f32d9094000 r-xp 00001000 00:216 45438356028               /mnt/primary/conda-envs/semantic_uncertainty_export/lib/python3.11/lib-dynload/_uuid.cpython-311-x86_64-linux-gnu.so
7f32d9094000-7f32d9095000 r--p 00002000 00:216 45438356028               /mnt/primary/conda-envs/semantic_uncertainty_export/lib/python3.11/lib-dynload/_uuid.cpython-311-x86_64-linux-gnu.so
7f32d9095000-7f32d9096000 r--p 00002000 00:216 45438356028               /mnt/primary/conda-envs/semantic_uncertainty_export/lib/python3.11/lib-dynload/_uuid.cpython-311-x86_64-linux-gnu.so
7f32d9096000-7f32d9097000 rw-p 00003000 00:216 45438356028               /mnt/primary/conda-envs/semantic_uncertainty_export/lib/python3.11/lib-dynload/_uuid.cpython-311-x86_64-linux-gnu.so
7f32d9097000-7f32d909b000 r--p 00000000 00:216 70898552890               /mnt/primary/conda-envs/semantic_uncertainty_export/lib/liblzma.so.5.4.2
7f32d909b000-7f32d90b8000 r-xp 00004000 00:216 70898552890               /mnt/primary/conda-envs/semantic_uncertainty_export/lib/liblzma.so.5.4.2
7f32d90b8000-7f32d90c4000 r--p 00021000 00:216 70898552890               /mnt/primary/conda-envs/semantic_uncertainty_export/lib/liblzma.so.5.4.2
7f32d90c4000-7f32d90c5000 ---p 0002d000 00:216 70898552890               /mnt/primary/conda-envs/semantic_uncertainty_export/lib/liblzma.so.5.4.2
7f32d90c5000-7f32d90c6000 r--p 0002d000 00:216 70898552890               /mnt/primary/conda-envs/semantic_uncertainty_export/lib/liblzma.so.5.4.2
7f32d90c6000-7f32d90c7000 rw-p 0002e000 00:216 70898552890               /mnt/primary/conda-envs/semantic_uncertainty_export/lib/liblzma.so.5.4.2
7f32d90c7000-7f32d90ca000 r--p 00000000 00:216 45438356001               /mnt/primary/conda-envs/semantic_uncertainty_export/lib/python3.11/lib-dynload/_lzma.cpython-311-x86_64-linux-gnu.so
7f32d90ca000-7f32d90ce000 r-xp 00003000 00:216 45438356001               /mnt/primary/conda-envs/semantic_uncertainty_export/lib/python3.11/lib-dynload/_lzma.cpython-311-x86_64-linux-gnu.so
7f32d90ce000-7f32d90d1000 r--p 00007000 00:216 45438356001               /mnt/primary/conda-envs/semantic_uncertainty_export/lib/python3.11/lib-dynload/_lzma.cpython-311-x86_64-linux-gnu.so
7f32d90d1000-7f32d90d2000 r--p 00009000 00:216 45438356001               /mnt/primary/conda-envs/semantic_uncertainty_export/lib/python3.11/lib-dynload/_lzma.cpython-311-x86_64-linux-gnu.so
7f32d90d2000-7f32d90d3000 rw-p 0000a000 00:216 45438356001               /mnt/primary/conda-envs/semantic_uncertainty_export/lib/python3.11/lib-dynload/_lzma.cpython-311-x86_64-linux-gnu.so
7f32d90d3000-7f32d90d5000 r--p 00000000 00:216 70898522648               /mnt/primary/conda-envs/semantic_uncertainty_export/lib/libbz2.so.1.0.8
7f32d90d5000-7f32d90e3000 r-xp 00002000 00:216 70898522648               /mnt/primary/conda-envs/semantic_uncertainty_export/lib/libbz2.so.1.0.8
7f32d90e3000-7f32d90e5000 r--p 00010000 00:216 70898522648               /mnt/primary/conda-envs/semantic_uncertainty_export/lib/libbz2.so.1.0.8
7f32d90e5000-7f32d90e6000 r--p 00011000 00:216 70898522648               /mnt/primary/conda-envs/semantic_uncertainty_export/lib/libbz2.so.1.0.8
7f32d90e6000-7f32d90e7000 rw-p 00012000 00:216 70898522648               /mnt/primary/conda-envs/semantic_uncertainty_export/lib/libbz2.so.1.0.8
7f32d90e7000-7f32d90e9000 r--p 00000000 00:216 45438355980               /mnt/primary/conda-envs/semantic_uncertainty_export/lib/python3.11/lib-dynload/_bz2.cpython-311-x86_64-linux-gnu.so
7f32d90e9000-7f32d90eb000 r-xp 00002000 00:216 45438355980               /mnt/primary/conda-envs/semantic_uncertainty_export/lib/python3.11/lib-dynload/_bz2.cpython-311-x86_64-linux-gnu.so
7f32d90eb000-7f32d90ed000 r--p 00004000 00:216 45438355980               /mnt/primary/conda-envs/semantic_uncertainty_export/lib/python3.11/lib-dynload/_bz2.cpython-311-x86_64-linux-gnu.so
7f32d90ed000-7f32d90ee000 r--p 00005000 00:216 45438355980               /mnt/primary/conda-envs/semantic_uncertainty_export/lib/python3.11/lib-dynload/_bz2.cpython-311-x86_64-linux-gnu.so
7f32d90ee000-7f32d90ef000 rw-p 00006000 00:216 45438355980               /mnt/primary/conda-envs/semantic_uncertainty_export/lib/python3.11/lib-dynload/_bz2.cpython-311-x86_64-linux-gnu.so
7f32d90ef000-7f32d91ef000 rw-p 00000000 00:00 0 
7f32d91ef000-7f32d91f2000 r--p 00000000 00:216 45438459408               /mnt/primary/conda-envs/semantic_uncertainty_export/lib/python3.11/lib-dynload/termios.cpython-311-x86_64-linux-gnu.so
7f32d91f2000-7f32d91f3000 r-xp 00003000 00:216 45438459408               /mnt/primary/conda-envs/semantic_uncertainty_export/lib/python3.11/lib-dynload/termios.cpython-311-x86_64-linux-gnu.so
7f32d91f3000-7f32d91f5000 r--p 00004000 00:216 45438459408               /mnt/primary/conda-envs/semantic_uncertainty_export/lib/python3.11/lib-dynload/termios.cpython-311-x86_64-linux-gnu.so
7f32d91f5000-7f32d91f6000 r--p 00005000 00:216 45438459408               /mnt/primary/conda-envs/semantic_uncertainty_export/lib/python3.11/lib-dynload/termios.cpython-311-x86_64-linux-gnu.so
7f32d91f6000-7f32d91f8000 rw-p 00006000 00:216 45438459408               /mnt/primary/conda-envs/semantic_uncertainty_export/lib/python3.11/lib-dynload/termios.cpython-311-x86_64-linux-gnu.so
7f32d91f8000-7f32d91ff000 r--p 00000000 00:216 45438355995               /mnt/primary/conda-envs/semantic_uncertainty_export/lib/python3.11/lib-dynload/_decimal.cpython-311-x86_64-linux-gnu.so
7f32d91ff000-7f32d9230000 r-xp 00007000 00:216 45438355995               /mnt/primary/conda-envs/semantic_uncertainty_export/lib/python3.11/lib-dynload/_decimal.cpython-311-x86_64-linux-gnu.so
7f32d9230000-7f32d9240000 r--p 00038000 00:216 45438355995               /mnt/primary/conda-envs/semantic_uncertainty_export/lib/python3.11/lib-dynload/_decimal.cpython-311-x86_64-linux-gnu.so
7f32d9240000-7f32d9241000 ---p 00048000 00:216 45438355995               /mnt/primary/conda-envs/semantic_uncertainty_export/lib/python3.11/lib-dynload/_decimal.cpython-311-x86_64-linux-gnu.so
7f32d9241000-7f32d9242000 r--p 00048000 00:216 45438355995               /mnt/primary/conda-envs/semantic_uncertainty_export/lib/python3.11/lib-dynload/_decimal.cpython-311-x86_64-linux-gnu.so
7f32d9242000-7f32d9245000 rw-p 00049000 00:216 45438355995               /mnt/primary/conda-envs/semantic_uncertainty_export/lib/python3.11/lib-dynload/_decimal.cpython-311-x86_64-linux-gnu.so
7f32d9245000-7f32d9345000 rw-p 00000000 00:00 0 
7f32d9345000-7f32d9355000 r--p 00000000 00:216 49723531811               /mnt/primary/conda-envs/semantic_uncertainty_export/lib/libtinfow.so.6.4
7f32d9355000-7f32d9371000 r-xp 00010000 00:216 49723531811               /mnt/primary/conda-envs/semantic_uncertainty_export/lib/libtinfow.so.6.4
7f32d9371000-7f32d9382000 r--p 0002c000 00:216 49723531811               /mnt/primary/conda-envs/semantic_uncertainty_export/lib/libtinfow.so.6.4
7f32d9382000-7f32d9386000 r--p 0003c000 00:216 49723531811               /mnt/primary/conda-envs/semantic_uncertainty_export/lib/libtinfow.so.6.4
7f32d9386000-7f32d9387000 rw-p 00040000 00:216 49723531811               /mnt/primary/conda-envs/semantic_uncertainty_export/lib/libtinfow.so.6.4
7f32d9387000-7f32d9393000 r--p 00000000 00:216 70896380956               /mnt/primary/conda-envs/semantic_uncertainty_export/lib/libncursesw.so.6.4
7f32d9393000-7f32d93b8000 r-xp 0000c000 00:216 70896380956               /mnt/primary/conda-envs/semantic_uncertainty_export/lib/libncursesw.so.6.4
7f32d93b8000-7f32d93c1000 r--p 00031000 00:216 70896380956               /mnt/primary/conda-envs/semantic_uncertainty_export/lib/libncursesw.so.6.4
7f32d93c1000-7f32d93c2000 r--p 00039000 00:216 70896380956               /mnt/primary/conda-envs/semantic_uncertainty_export/lib/libncursesw.so.6.4
7f32d93c2000-7f32d93c3000 rw-p 0003a000 00:216 70896380956               /mnt/primary/conda-envs/semantic_uncertainty_export/lib/libncursesw.so.6.4
7f32d93c3000-7f32d93cb000 r--p 00000000 00:216 45438355992               /mnt/primary/conda-envs/semantic_uncertainty_export/lib/python3.11/lib-dynload/_curses.cpython-311-x86_64-linux-gnu.so
7f32d93cb000-7f32d93d8000 r-xp 00008000 00:216 45438355992               /mnt/primary/conda-envs/semantic_uncertainty_export/lib/python3.11/lib-dynload/_curses.cpython-311-x86_64-linux-gnu.so
7f32d93d8000-7f32d93e3000 r--p 00015000 00:216 45438355992               /mnt/primary/conda-envs/semantic_uncertainty_export/lib/python3.11/lib-dynload/_curses.cpython-311-x86_64-linux-gnu.so
7f32d93e3000-7f32d93e4000 r--p 0001f000 00:216 45438355992               /mnt/primary/conda-envs/semantic_uncertainty_export/lib/python3.11/lib-dynload/_curses.cpython-311-x86_64-linux-gnu.so
7f32d93e4000-7f32d93e6000 rw-p 00020000 00:216 45438355992               /mnt/primary/conda-envs/semantic_uncertainty_export/lib/python3.11/lib-dynload/_curses.cpython-311-x86_64-linux-gnu.so
7f32d93e6000-7f32d93e7000 r--p 00000000 00:216 68749703213               /mnt/primary/conda-envs/semantic_uncertainty_export/lib/python3.11/site-packages/tornado/speedups.abi3.so
7f32d93e7000-7f32d93e8000 r-xp 00001000 00:216 68749703213               /mnt/primary/conda-envs/semantic_uncertainty_export/lib/python3.11/site-packages/tornado/speedups.abi3.so
7f32d93e8000-7f32d93e9000 r--p 00002000 00:216 68749703213               /mnt/primary/conda-envs/semantic_uncertainty_export/lib/python3.11/site-packages/tornado/speedups.abi3.so
7f32d93e9000-7f32d93ea000 r--p 00002000 00:216 68749703213               /mnt/primary/conda-envs/semantic_uncertainty_export/lib/python3.11/site-packages/tornado/speedups.abi3.so
7f32d93ea000-7f32d93eb000 rw-p 00003000 00:216 68749703213               /mnt/primary/conda-envs/semantic_uncertainty_export/lib/python3.11/site-packages/tornado/speedups.abi3.so
7f32d93eb000-7f32d93ee000 r--p 00000000 00:216 45438459412               /mnt/primary/conda-envs/semantic_uncertainty_export/lib/python3.11/lib-dynload/zlib.cpython-311-x86_64-linux-gnu.so
7f32d93ee000-7f32d93f2000 r-xp 00003000 00:216 45438459412               /mnt/primary/conda-envs/semantic_uncertainty_export/lib/python3.11/lib-dynload/zlib.cpython-311-x86_64-linux-gnu.so
7f32d93f2000-7f32d93f5000 r--p 00007000 00:216 45438459412               /mnt/primary/conda-envs/semantic_uncertainty_export/lib/python3.11/lib-dynload/zlib.cpython-311-x86_64-linux-gnu.so
7f32d93f5000-7f32d93f6000 r--p 00009000 00:216 45438459412               /mnt/primary/conda-envs/semantic_uncertainty_export/lib/python3.11/lib-dynload/zlib.cpython-311-x86_64-linux-gnu.so
7f32d93f6000-7f32d93f7000 rw-p 0000a000 00:216 45438459412               /mnt/primary/conda-envs/semantic_uncertainty_export/lib/python3.11/lib-dynload/zlib.cpython-311-x86_64-linux-gnu.so
7f32d93f7000-7f32d93fc000 r--p 00000000 00:216 45438355994               /mnt/primary/conda-envs/semantic_uncertainty_export/lib/python3.11/lib-dynload/_datetime.cpython-311-x86_64-linux-gnu.so
7f32d93fc000-7f32d940d000 r-xp 00005000 00:216 45438355994               /mnt/primary/conda-envs/semantic_uncertainty_export/lib/python3.11/lib-dynload/_datetime.cpython-311-x86_64-linux-gnu.so
7f32d940d000-7f32d9413000 r--p 00016000 00:216 45438355994               /mnt/primary/conda-envs/semantic_uncertainty_export/lib/python3.11/lib-dynload/_datetime.cpython-311-x86_64-linux-gnu.so
7f32d9413000-7f32d9414000 r--p 0001b000 00:216 45438355994               /mnt/primary/conda-envs/semantic_uncertainty_export/lib/python3.11/lib-dynload/_datetime.cpython-311-x86_64-linux-gnu.so
7f32d9414000-7f32d9416000 rw-p 0001c000 00:216 45438355994               /mnt/primary/conda-envs/semantic_uncertainty_export/lib/python3.11/lib-dynload/_datetime.cpython-311-x86_64-linux-gnu.so
7f32d9416000-7f32d9516000 rw-p 00000000 00:00 0 
7f32d9516000-7f32d9518000 r--p 00000000 00:216 45438355979               /mnt/primary/conda-envs/semantic_uncertainty_export/lib/python3.11/lib-dynload/_blake2.cpython-311-x86_64-linux-gnu.so
7f32d9518000-7f32d9520000 r-xp 00002000 00:216 45438355979               /mnt/primary/conda-envs/semantic_uncertainty_export/lib/python3.11/lib-dynload/_blake2.cpython-311-x86_64-linux-gnu.so
7f32d9520000-7f32d9522000 r--p 0000a000 00:216 45438355979               /mnt/primary/conda-envs/semantic_uncertainty_export/lib/python3.11/lib-dynload/_blake2.cpython-311-x86_64-linux-gnu.so
7f32d9522000-7f32d9523000 r--p 0000b000 00:216 45438355979               /mnt/primary/conda-envs/semantic_uncertainty_export/lib/python3.11/lib-dynload/_blake2.cpython-311-x86_64-linux-gnu.so
7f32d9523000-7f32d9524000 rw-p 0000c000 00:216 45438355979               /mnt/primary/conda-envs/semantic_uncertainty_export/lib/python3.11/lib-dynload/_blake2.cpython-311-x86_64-linux-gnu.so
7f32d9524000-7f32d9528000 r--p 00000000 00:216 45438355997               /mnt/primary/conda-envs/semantic_uncertainty_export/lib/python3.11/lib-dynload/_hashlib.cpython-311-x86_64-linux-gnu.so
7f32d9528000-7f32d952e000 r-xp 00004000 00:216 45438355997               /mnt/primary/conda-envs/semantic_uncertainty_export/lib/python3.11/lib-dynload/_hashlib.cpython-311-x86_64-linux-gnu.so
7f32d952e000-7f32d9532000 r--p 0000a000 00:216 45438355997               /mnt/primary/conda-envs/semantic_uncertainty_export/lib/python3.11/lib-dynload/_hashlib.cpython-311-x86_64-linux-gnu.so
7f32d9532000-7f32d9533000 ---p 0000e000 00:216 45438355997               /mnt/primary/conda-envs/semantic_uncertainty_export/lib/python3.11/lib-dynload/_hashlib.cpython-311-x86_64-linux-gnu.so
7f32d9533000-7f32d9534000 r--p 0000e000 00:216 45438355997               /mnt/primary/conda-envs/semantic_uncertainty_export/lib/python3.11/lib-dynload/_hashlib.cpython-311-x86_64-linux-gnu.so
7f32d9534000-7f32d9535000 rw-p 0000f000 00:216 45438355997               /mnt/primary/conda-envs/semantic_uncertainty_export/lib/python3.11/lib-dynload/_hashlib.cpython-311-x86_64-linux-gnu.so
7f32d9535000-7f32d9537000 r--p 00000000 00:216 45438356009               /mnt/primary/conda-envs/semantic_uncertainty_export/lib/python3.11/lib-dynload/_queue.cpython-311-x86_64-linux-gnu.so
7f32d9537000-7f32d9538000 r-xp 00002000 00:216 45438356009               /mnt/primary/conda-envs/semantic_uncertainty_export/lib/python3.11/lib-dynload/_queue.cpython-311-x86_64-linux-gnu.so
7f32d9538000-7f32d9539000 r--p 00003000 00:216 45438356009               /mnt/primary/conda-envs/semantic_uncertainty_export/lib/python3.11/lib-dynload/_queue.cpython-311-x86_64-linux-gnu.so
7f32d9539000-7f32d953a000 r--p 00003000 00:216 45438356009               /mnt/primary/conda-envs/semantic_uncertainty_export/lib/python3.11/lib-dynload/_queue.cpython-311-x86_64-linux-gnu.so
7f32d953a000-7f32d953b000 rw-p 00004000 00:216 45438356009               /mnt/primary/conda-envs/semantic_uncertainty_export/lib/python3.11/lib-dynload/_queue.cpython-311-x86_64-linux-gnu.so
7f32d953b000-7f32d973b000 rw-p 00000000 00:00 0 
7f32d973b000-7f32d9740000 r--p 00000000 00:216 45438355977               /mnt/primary/conda-envs/semantic_uncertainty_export/lib/python3.11/lib-dynload/_asyncio.cpython-311-x86_64-linux-gnu.so
7f32d9740000-7f32d9745000 r-xp 00005000 00:216 45438355977               /mnt/primary/conda-envs/semantic_uncertainty_export/lib/python3.11/lib-dynload/_asyncio.cpython-311-x86_64-linux-gnu.so
7f32d9745000-7f32d9749000 r--p 0000a000 00:216 45438355977               /mnt/primary/conda-envs/semantic_uncertainty_export/lib/python3.11/lib-dynload/_asyncio.cpython-311-x86_64-linux-gnu.so
7f32d9749000-7f32d974a000 r--p 0000d000 00:216 45438355977               /mnt/primary/conda-envs/semantic_uncertainty_export/lib/python3.11/lib-dynload/_asyncio.cpython-311-x86_64-linux-gnu.so
7f32d974a000-7f32d974c000 rw-p 0000e000 00:216 45438355977               /mnt/primary/conda-envs/semantic_uncertainty_export/lib/python3.11/lib-dynload/_asyncio.cpython-311-x86_64-linux-gnu.so
7f32d974c000-7f32d974d000 r--p 00000000 00:216 45438355987               /mnt/primary/conda-envs/semantic_uncertainty_export/lib/python3.11/lib-dynload/_contextvars.cpython-311-x86_64-linux-gnu.so
7f32d974d000-7f32d974e000 r-xp 00001000 00:216 45438355987               /mnt/primary/conda-envs/semantic_uncertainty_export/lib/python3.11/lib-dynload/_contextvars.cpython-311-x86_64-linux-gnu.so
7f32d974e000-7f32d974f000 r--p 00002000 00:216 45438355987               /mnt/primary/conda-envs/semantic_uncertainty_export/lib/python3.11/lib-dynload/_contextvars.cpython-311-x86_64-linux-gnu.so
7f32d974f000-7f32d9750000 r--p 00002000 00:216 45438355987               /mnt/primary/conda-envs/semantic_uncertainty_export/lib/python3.11/lib-dynload/_contextvars.cpython-311-x86_64-linux-gnu.so
7f32d9750000-7f32d9751000 rw-p 00003000 00:216 45438355987               /mnt/primary/conda-envs/semantic_uncertainty_export/lib/python3.11/lib-dynload/_contextvars.cpython-311-x86_64-linux-gnu.so
7f32d9751000-7f32d9752000 r--p 00000000 00:216 45438356005               /mnt/primary/conda-envs/semantic_uncertainty_export/lib/python3.11/lib-dynload/_opcode.cpython-311-x86_64-linux-gnu.so
7f32d9752000-7f32d9753000 r-xp 00001000 00:216 45438356005               /mnt/primary/conda-envs/semantic_uncertainty_export/lib/python3.11/lib-dynload/_opcode.cpython-311-x86_64-linux-gnu.so
7f32d9753000-7f32d9754000 r--p 00002000 00:216 45438356005               /mnt/primary/conda-envs/semantic_uncertainty_export/lib/python3.11/lib-dynload/_opcode.cpython-311-x86_64-linux-gnu.so
7f32d9754000-7f32d9755000 r--p 00002000 00:216 45438356005               /mnt/primary/conda-envs/semantic_uncertainty_export/lib/python3.11/lib-dynload/_opcode.cpython-311-x86_64-linux-gnu.so
7f32d9755000-7f32d9756000 rw-p 00003000 00:216 45438356005               /mnt/primary/conda-envs/semantic_uncertainty_export/lib/python3.11/lib-dynload/_opcode.cpython-311-x86_64-linux-gnu.so
7f32d9756000-7f32d9759000 r--p 00000000 00:216 70922420738               /mnt/primary/conda-envs/semantic_uncertainty_export/lib/libz.so.1.2.13
7f32d9759000-7f32d976b000 r-xp 00003000 00:216 70922420738               /mnt/primary/conda-envs/semantic_uncertainty_export/lib/libz.so.1.2.13
7f32d976b000-7f32d9772000 r--p 00015000 00:216 70922420738               /mnt/primary/conda-envs/semantic_uncertainty_export/lib/libz.so.1.2.13
7f32d9772000-7f32d9773000 r--p 0001b000 00:216 70922420738               /mnt/primary/conda-envs/semantic_uncertainty_export/lib/libz.so.1.2.13
7f32d9773000-7f32d9774000 rw-p 0001c000 00:216 70922420738               /mnt/primary/conda-envs/semantic_uncertainty_export/lib/libz.so.1.2.13
7f32d9774000-7f32d9776000 r--p 00000000 00:216 45438459394               /mnt/primary/conda-envs/semantic_uncertainty_export/lib/python3.11/lib-dynload/binascii.cpython-311-x86_64-linux-gnu.so
7f32d9776000-7f32d977a000 r-xp 00002000 00:216 45438459394               /mnt/primary/conda-envs/semantic_uncertainty_export/lib/python3.11/lib-dynload/binascii.cpython-311-x86_64-linux-gnu.so
7f32d977a000-7f32d977c000 r--p 00006000 00:216 45438459394               /mnt/primary/conda-envs/semantic_uncertainty_export/lib/python3.11/lib-dynload/binascii.cpython-311-x86_64-linux-gnu.so
7f32d977c000-7f32d977d000 r--p 00007000 00:216 45438459394               /mnt/primary/conda-envs/semantic_uncertainty_export/lib/python3.11/lib-dynload/binascii.cpython-311-x86_64-linux-gnu.so
7f32d977d000-7f32d977e000 rw-p 00008000 00:216 45438459394               /mnt/primary/conda-envs/semantic_uncertainty_export/lib/python3.11/lib-dynload/binascii.cpython-311-x86_64-linux-gnu.so
7f32d977e000-7f32d987e000 rw-p 00000000 00:00 0 
7f32d987e000-7f32d9936000 r--p 00000000 00:216 148237000223              /mnt/primary/conda-envs/semantic_uncertainty_export/lib/libcrypto.so.3
7f32d9936000-7f32d9b81000 r-xp 000b8000 00:216 148237000223              /mnt/primary/conda-envs/semantic_uncertainty_export/lib/libcrypto.so.3
7f32d9b81000-7f32d9c58000 r--p 00303000 00:216 148237000223              /mnt/primary/conda-envs/semantic_uncertainty_export/lib/libcrypto.so.3
7f32d9c58000-7f32d9c59000 ---p 003da000 00:216 148237000223              /mnt/primary/conda-envs/semantic_uncertainty_export/lib/libcrypto.so.3
7f32d9c59000-7f32d9cb4000 r--p 003da000 00:216 148237000223              /mnt/primary/conda-envs/semantic_uncertainty_export/lib/libcrypto.so.3
7f32d9cb4000-7f32d9cb7000 rw-p 00435000 00:216 148237000223              /mnt/primary/conda-envs/semantic_uncertainty_export/lib/libcrypto.so.3
7f32d9cb7000-7f32d9cba000 rw-p 00000000 00:00 0 
7f32d9cba000-7f32d9cda000 r--p 00000000 00:216 70898552846               /mnt/primary/conda-envs/semantic_uncertainty_export/lib/libssl.so.3
7f32d9cda000-7f32d9d30000 r-xp 00020000 00:216 70898552846               /mnt/primary/conda-envs/semantic_uncertainty_export/lib/libssl.so.3
7f32d9d30000-7f32d9d4e000 r--p 00076000 00:216 70898552846               /mnt/primary/conda-envs/semantic_uncertainty_export/lib/libssl.so.3
7f32d9d4e000-7f32d9d4f000 ---p 00094000 00:216 70898552846               /mnt/primary/conda-envs/semantic_uncertainty_export/lib/libssl.so.3
7f32d9d4f000-7f32d9d59000 r--p 00094000 00:216 70898552846               /mnt/primary/conda-envs/semantic_uncertainty_export/lib/libssl.so.3
7f32d9d59000-7f32d9d5d000 rw-p 0009e000 00:216 70898552846               /mnt/primary/conda-envs/semantic_uncertainty_export/lib/libssl.so.3
7f32d9d5d000-7f32d9d70000 r--p 00000000 00:216 45438356017               /mnt/primary/conda-envs/semantic_uncertainty_export/lib/python3.11/lib-dynload/_ssl.cpython-311-x86_64-linux-gnu.so
7f32d9d70000-7f32d9d7a000 r-xp 00013000 00:216 45438356017               /mnt/primary/conda-envs/semantic_uncertainty_export/lib/python3.11/lib-dynload/_ssl.cpython-311-x86_64-linux-gnu.so
7f32d9d7a000-7f32d9d88000 r--p 0001d000 00:216 45438356017               /mnt/primary/conda-envs/semantic_uncertainty_export/lib/python3.11/lib-dynload/_ssl.cpython-311-x86_64-linux-gnu.so
7f32d9d88000-7f32d9d89000 ---p 0002b000 00:216 45438356017               /mnt/primary/conda-envs/semantic_uncertainty_export/lib/python3.11/lib-dynload/_ssl.cpython-311-x86_64-linux-gnu.so
7f32d9d89000-7f32d9d8a000 r--p 0002b000 00:216 45438356017               /mnt/primary/conda-envs/semantic_uncertainty_export/lib/python3.11/lib-dynload/_ssl.cpython-311-x86_64-linux-gnu.so
7f32d9d8a000-7f32d9d92000 rw-p 0002c000 00:216 45438356017               /mnt/primary/conda-envs/semantic_uncertainty_export/lib/python3.11/lib-dynload/_ssl.cpython-311-x86_64-linux-gnu.so
7f32d9d92000-7f32d9d96000 r--p 00000000 00:216 45438459392               /mnt/primary/conda-envs/semantic_uncertainty_export/lib/python3.11/lib-dynload/array.cpython-311-x86_64-linux-gnu.so
7f32d9d96000-7f32d9d9d000 r-xp 00004000 00:216 45438459392               /mnt/primary/conda-envs/semantic_uncertainty_export/lib/python3.11/lib-dynload/array.cpython-311-x86_64-linux-gnu.so
7f32d9d9d000-7f32d9da1000 r--p 0000b000 00:216 45438459392               /mnt/primary/conda-envs/semantic_uncertainty_export/lib/python3.11/lib-dynload/array.cpython-311-x86_64-linux-gnu.so
7f32d9da1000-7f32d9da2000 ---p 0000f000 00:216 45438459392               /mnt/primary/conda-envs/semantic_uncertainty_export/lib/python3.11/lib-dynload/array.cpython-311-x86_64-linux-gnu.so
7f32d9da2000-7f32d9da3000 r--p 0000f000 00:216 45438459392               /mnt/primary/conda-envs/semantic_uncertainty_export/lib/python3.11/lib-dynload/array.cpython-311-x86_64-linux-gnu.so
7f32d9da3000-7f32d9da4000 rw-p 00010000 00:216 45438459392               /mnt/primary/conda-envs/semantic_uncertainty_export/lib/python3.11/lib-dynload/array.cpython-311-x86_64-linux-gnu.so
7f32d9da4000-7f32d9da9000 r--p 00000000 00:216 45438356015               /mnt/primary/conda-envs/semantic_uncertainty_export/lib/python3.11/lib-dynload/_socket.cpython-311-x86_64-linux-gnu.so
7f32d9da9000-7f32d9db2000 r-xp 00005000 00:216 45438356015               /mnt/primary/conda-envs/semantic_uncertainty_export/lib/python3.11/lib-dynload/_socket.cpython-311-x86_64-linux-gnu.so
7f32d9db2000-7f32d9dba000 r--p 0000e000 00:216 45438356015               /mnt/primary/conda-envs/semantic_uncertainty_export/lib/python3.11/lib-dynload/_socket.cpython-311-x86_64-linux-gnu.so
7f32d9dba000-7f32d9dbb000 ---p 00016000 00:216 45438356015               /mnt/primary/conda-envs/semantic_uncertainty_export/lib/python3.11/lib-dynload/_socket.cpython-311-x86_64-linux-gnu.so
7f32d9dbb000-7f32d9dbc000 r--p 00016000 00:216 45438356015               /mnt/primary/conda-envs/semantic_uncertainty_export/lib/python3.11/lib-dynload/_socket.cpython-311-x86_64-linux-gnu.so
7f32d9dbc000-7f32d9dbd000 rw-p 00017000 00:216 45438356015               /mnt/primary/conda-envs/semantic_uncertainty_export/lib/python3.11/lib-dynload/_socket.cpython-311-x86_64-linux-gnu.so
7f32d9dbd000-7f32d9dbe000 r--p 00000000 00:216 45438355998               /mnt/primary/conda-envs/semantic_uncertainty_export/lib/python3.11/lib-dynload/_heapq.cpython-311-x86_64-linux-gnu.so
7f32d9dbe000-7f32d9dc1000 r-xp 00001000 00:216 45438355998               /mnt/primary/conda-envs/semantic_uncertainty_export/lib/python3.11/lib-dynload/_heapq.cpython-311-x86_64-linux-gnu.so
7f32d9dc1000-7f32d9dc4000 r--p 00004000 00:216 45438355998               /mnt/primary/conda-envs/semantic_uncertainty_export/lib/python3.11/lib-dynload/_heapq.cpython-311-x86_64-linux-gnu.so
7f32d9dc4000-7f32d9dc5000 r--p 00006000 00:216 45438355998               /mnt/primary/conda-envs/semantic_uncertainty_export/lib/python3.11/lib-dynload/_heapq.cpython-311-x86_64-linux-gnu.so
7f32d9dc5000-7f32d9dc6000 rw-p 00007000 00:216 45438355998               /mnt/primary/conda-envs/semantic_uncertainty_export/lib/python3.11/lib-dynload/_heapq.cpython-311-x86_64-linux-gnu.so
7f32d9dc6000-7f32d9ec6000 rw-p 00000000 00:00 0 
7f32d9ec6000-7f32d9ec9000 r--p 00000000 00:216 120262025252              /mnt/primary/conda-envs/semantic_uncertainty_export/lib/python3.11/site-packages/zmq/backend/cython/utils.cpython-311-x86_64-linux-gnu.so
7f32d9ec9000-7f32d9ed0000 r-xp 00003000 00:216 120262025252              /mnt/primary/conda-envs/semantic_uncertainty_export/lib/python3.11/site-packages/zmq/backend/cython/utils.cpython-311-x86_64-linux-gnu.so
7f32d9ed0000-7f32d9ed2000 r--p 0000a000 00:216 120262025252              /mnt/primary/conda-envs/semantic_uncertainty_export/lib/python3.11/site-packages/zmq/backend/cython/utils.cpython-311-x86_64-linux-gnu.so
7f32d9ed2000-7f32d9ed3000 r--p 0000b000 00:216 120262025252              /mnt/primary/conda-envs/semantic_uncertainty_export/lib/python3.11/site-packages/zmq/backend/cython/utils.cpython-311-x86_64-linux-gnu.so
7f32d9ed3000-7f32d9ed4000 rw-p 0000c000 00:216 120262025252              /mnt/primary/conda-envs/semantic_uncertainty_export/lib/python3.11/site-packages/zmq/backend/cython/utils.cpython-311-x86_64-linux-gnu.so
7f32d9ed4000-7f32d9ed7000 rw-p 0000e000 00:216 120262025252              /mnt/primary/conda-envs/semantic_uncertainty_export/lib/python3.11/site-packages/zmq/backend/cython/utils.cpython-311-x86_64-linux-gnu.so
7f32d9ed7000-7f32d9eda000 r--p 00000000 00:216 120262025259              /mnt/primary/conda-envs/semantic_uncertainty_export/lib/python3.11/site-packages/zmq/backend/cython/error.cpython-311-x86_64-linux-gnu.so
7f32d9eda000-7f32d9edf000 r-xp 00003000 00:216 120262025259              /mnt/primary/conda-envs/semantic_uncertainty_export/lib/python3.11/site-packages/zmq/backend/cython/error.cpython-311-x86_64-linux-gnu.so
7f32d9edf000-7f32d9ee1000 r--p 00008000 00:216 120262025259              /mnt/primary/conda-envs/semantic_uncertainty_export/lib/python3.11/site-packages/zmq/backend/cython/error.cpython-311-x86_64-linux-gnu.so
7f32d9ee1000-7f32d9ee2000 r--p 00009000 00:216 120262025259              /mnt/primary/conda-envs/semantic_uncertainty_export/lib/python3.11/site-packages/zmq/backend/cython/error.cpython-311-x86_64-linux-gnu.so
7f32d9ee2000-7f32d9ee3000 rw-p 0000a000 00:216 120262025259              /mnt/primary/conda-envs/semantic_uncertainty_export/lib/python3.11/site-packages/zmq/backend/cython/error.cpython-311-x86_64-linux-gnu.so
7f32d9ee3000-7f32d9ee6000 rw-p 0000c000 00:216 120262025259              /mnt/primary/conda-envs/semantic_uncertainty_export/lib/python3.11/site-packages/zmq/backend/cython/error.cpython-311-x86_64-linux-gnu.so
7f32d9ee6000-7f32d9ee9000 r--p 00000000 00:216 120262025253              /mnt/primary/conda-envs/semantic_uncertainty_export/lib/python3.11/site-packages/zmq/backend/cython/_version.cpython-311-x86_64-linux-gnu.so
7f32d9ee9000-7f32d9eed000 r-xp 00003000 00:216 120262025253              /mnt/primary/conda-envs/semantic_uncertainty_export/lib/python3.11/site-packages/zmq/backend/cython/_version.cpython-311-x86_64-linux-gnu.so
7f32d9eed000-7f32d9eef000 r--p 00007000 00:216 120262025253              /mnt/primary/conda-envs/semantic_uncertainty_export/lib/python3.11/site-packages/zmq/backend/cython/_version.cpython-311-x86_64-linux-gnu.so
7f32d9eef000-7f32d9ef0000 r--p 00008000 00:216 120262025253              /mnt/primary/conda-envs/semantic_uncertainty_export/lib/python3.11/site-packages/zmq/backend/cython/_version.cpython-311-x86_64-linux-gnu.so
7f32d9ef0000-7f32d9ef1000 rw-p 00009000 00:216 120262025253              /mnt/primary/conda-envs/semantic_uncertainty_export/lib/python3.11/site-packages/zmq/backend/cython/_version.cpython-311-x86_64-linux-gnu.so
7f32d9ef1000-7f32d9ef3000 rw-p 0000b000 00:216 120262025253              /mnt/primary/conda-envs/semantic_uncertainty_export/lib/python3.11/site-packages/zmq/backend/cython/_version.cpython-311-x86_64-linux-gnu.so
7f32d9ef3000-7f32d9ef6000 r--p 00000000 00:216 120262025257              /mnt/primary/conda-envs/semantic_uncertainty_export/lib/python3.11/site-packages/zmq/backend/cython/_proxy_steerable.cpython-311-x86_64-linux-gnu.so
7f32d9ef6000-7f32d9efe000 r-xp 00003000 00:216 120262025257              /mnt/primary/conda-envs/semantic_uncertainty_export/lib/python3.11/site-packages/zmq/backend/cython/_proxy_steerable.cpython-311-x86_64-linux-gnu.so
7f32d9efe000-7f32d9f00000 r--p 0000b000 00:216 120262025257              /mnt/primary/conda-envs/semantic_uncertainty_export/lib/python3.11/site-packages/zmq/backend/cython/_proxy_steerable.cpython-311-x86_64-linux-gnu.so
7f32d9f00000-7f32d9f01000 r--p 0000c000 00:216 120262025257              /mnt/primary/conda-envs/semantic_uncertainty_export/lib/python3.11/site-packages/zmq/backend/cython/_proxy_steerable.cpython-311-x86_64-linux-gnu.so
7f32d9f01000-7f32d9f02000 rw-p 0000d000 00:216 120262025257              /mnt/primary/conda-envs/semantic_uncertainty_export/lib/python3.11/site-packages/zmq/backend/cython/_proxy_steerable.cpython-311-x86_64-linux-gnu.so
7f32d9f02000-7f32d9f05000 rw-p 0000f000 00:216 120262025257              /mnt/primary/conda-envs/semantic_uncertainty_export/lib/python3.11/site-packages/zmq/backend/cython/_proxy_steerable.cpython-311-x86_64-linux-gnu.so
7f32d9f05000-7f32d9f08000 r--p 00000000 00:216 120262025260              /mnt/primary/conda-envs/semantic_uncertainty_export/lib/python3.11/site-packages/zmq/backend/cython/_poll.cpython-311-x86_64-linux-gnu.so
7f32d9f08000-7f32d9f15000 r-xp 00003000 00:216 120262025260              /mnt/primary/conda-envs/semantic_uncertainty_export/lib/python3.11/site-packages/zmq/backend/cython/_poll.cpython-311-x86_64-linux-gnu.so
7f32d9f15000-7f32d9f18000 r--p 00010000 00:216 120262025260              /mnt/primary/conda-envs/semantic_uncertainty_export/lib/python3.11/site-packages/zmq/backend/cython/_poll.cpython-311-x86_64-linux-gnu.so
7f32d9f18000-7f32d9f19000 r--p 00012000 00:216 120262025260              /mnt/primary/conda-envs/semantic_uncertainty_export/lib/python3.11/site-packages/zmq/backend/cython/_poll.cpython-311-x86_64-linux-gnu.so
7f32d9f19000-7f32d9f1a000 rw-p 00013000 00:216 120262025260              /mnt/primary/conda-envs/semantic_uncertainty_export/lib/python3.11/site-packages/zmq/backend/cython/_poll.cpython-311-x86_64-linux-gnu.so
7f32d9f1a000-7f32d9f1d000 rw-p 00015000 00:216 120262025260              /mnt/primary/conda-envs/semantic_uncertainty_export/lib/python3.11/site-packages/zmq/backend/cython/_poll.cpython-311-x86_64-linux-gnu.so
7f32d9f1d000-7f32d9f22000 r--p 00000000 00:216 45438356006               /mnt/primary/conda-envs/semantic_uncertainty_export/lib/python3.11/lib-dynload/_pickle.cpython-311-x86_64-linux-gnu.so
7f32d9f22000-7f32d9f35000 r-xp 00005000 00:216 45438356006               /mnt/primary/conda-envs/semantic_uncertainty_export/lib/python3.11/lib-dynload/_pickle.cpython-311-x86_64-linux-gnu.so
7f32d9f35000-7f32d9f3b000 r--p 00018000 00:216 45438356006               /mnt/primary/conda-envs/semantic_uncertainty_export/lib/python3.11/lib-dynload/_pickle.cpython-311-x86_64-linux-gnu.so
7f32d9f3b000-7f32d9f3c000 ---p 0001e000 00:216 45438356006               /mnt/primary/conda-envs/semantic_uncertainty_export/lib/python3.11/lib-dynload/_pickle.cpython-311-x86_64-linux-gnu.so
7f32d9f3c000-7f32d9f3d000 r--p 0001e000 00:216 45438356006               /mnt/primary/conda-envs/semantic_uncertainty_export/lib/python3.11/lib-dynload/_pickle.cpython-311-x86_64-linux-gnu.so
7f32d9f3d000-7f32d9f3e000 rw-p 0001f000 00:216 45438356006               /mnt/primary/conda-envs/semantic_uncertainty_export/lib/python3.11/lib-dynload/_pickle.cpython-311-x86_64-linux-gnu.so
7f32d9f3e000-7f32d9f40000 r--p 00000000 00:216 45438356014               /mnt/primary/conda-envs/semantic_uncertainty_export/lib/python3.11/lib-dynload/_sha512.cpython-311-x86_64-linux-gnu.so
7f32d9f40000-7f32d9f45000 r-xp 00002000 00:216 45438356014               /mnt/primary/conda-envs/semantic_uncertainty_export/lib/python3.11/lib-dynload/_sha512.cpython-311-x86_64-linux-gnu.so
7f32d9f45000-7f32d9f46000 r--p 00007000 00:216 45438356014               /mnt/primary/conda-envs/semantic_uncertainty_export/lib/python3.11/lib-dynload/_sha512.cpython-311-x86_64-linux-gnu.so
7f32d9f46000-7f32d9f47000 r--p 00007000 00:216 45438356014               /mnt/primary/conda-envs/semantic_uncertainty_export/lib/python3.11/lib-dynload/_sha512.cpython-311-x86_64-linux-gnu.so
7f32d9f47000-7f32d9f48000 rw-p 00008000 00:216 45438356014               /mnt/primary/conda-envs/semantic_uncertainty_export/lib/python3.11/lib-dynload/_sha512.cpython-311-x86_64-linux-gnu.so
7f32d9f48000-7f32d9f4a000 r--p 00000000 00:216 45438356010               /mnt/primary/conda-envs/semantic_uncertainty_export/lib/python3.11/lib-dynload/_random.cpython-311-x86_64-linux-gnu.so
7f32d9f4a000-7f32d9f4c000 r-xp 00002000 00:216 45438356010               /mnt/primary/conda-envs/semantic_uncertainty_export/lib/python3.11/lib-dynload/_random.cpython-311-x86_64-linux-gnu.so
7f32d9f4c000-7f32d9f4d000 r--p 00004000 00:216 45438356010               /mnt/primary/conda-envs/semantic_uncertainty_export/lib/python3.11/lib-dynload/_random.cpython-311-x86_64-linux-gnu.so
7f32d9f4d000-7f32d9f4e000 r--p 00004000 00:216 45438356010               /mnt/primary/conda-envs/semantic_uncertainty_export/lib/python3.11/lib-dynload/_random.cpython-311-x86_64-linux-gnu.so
7f32d9f4e000-7f32d9f4f000 rw-p 00005000 00:216 45438356010               /mnt/primary/conda-envs/semantic_uncertainty_export/lib/python3.11/lib-dynload/_random.cpython-311-x86_64-linux-gnu.so
7f32d9f4f000-7f32d9f53000 r--p 00000000 00:216 120262025255              /mnt/primary/conda-envs/semantic_uncertainty_export/lib/python3.11/site-packages/zmq/backend/cython/message.cpython-311-x86_64-linux-gnu.so
7f32d9f53000-7f32d9f65000 r-xp 00004000 00:216 120262025255              /mnt/primary/conda-envs/semantic_uncertainty_export/lib/python3.11/site-packages/zmq/backend/cython/message.cpython-311-x86_64-linux-gnu.so
7f32d9f65000-7f32d9f69000 r--p 00016000 00:216 120262025255              /mnt/primary/conda-envs/semantic_uncertainty_export/lib/python3.11/site-packages/zmq/backend/cython/message.cpython-311-x86_64-linux-gnu.so
7f32d9f69000-7f32d9f6a000 r--p 00019000 00:216 120262025255              /mnt/primary/conda-envs/semantic_uncertainty_export/lib/python3.11/site-packages/zmq/backend/cython/message.cpython-311-x86_64-linux-gnu.so
7f32d9f6a000-7f32d9f6f000 rw-p 0001a000 00:216 120262025255              /mnt/primary/conda-envs/semantic_uncertainty_export/lib/python3.11/site-packages/zmq/backend/cython/message.cpython-311-x86_64-linux-gnu.so
7f32d9f6f000-7f32d9f73000 r--p 00000000 00:216 120262025263              /mnt/primary/conda-envs/semantic_uncertainty_export/lib/python3.11/site-packages/zmq/backend/cython/socket.cpython-311-x86_64-linux-gnu.so
7f32d9f73000-7f32d9f90000 r-xp 00004000 00:216 120262025263              /mnt/primary/conda-envs/semantic_uncertainty_export/lib/python3.11/site-packages/zmq/backend/cython/socket.cpython-311-x86_64-linux-gnu.so
7f32d9f90000-7f32d9f96000 r--p 00021000 00:216 120262025263              /mnt/primary/conda-envs/semantic_uncertainty_export/lib/python3.11/site-packages/zmq/backend/cython/socket.cpython-311-x86_64-linux-gnu.so
7f32d9f96000-7f32d9f97000 r--p 00026000 00:216 120262025263              /mnt/primary/conda-envs/semantic_uncertainty_export/lib/python3.11/site-packages/zmq/backend/cython/socket.cpython-311-x86_64-linux-gnu.so
7f32d9f97000-7f32d9f9c000 rw-p 00027000 00:216 120262025263              /mnt/primary/conda-envs/semantic_uncertainty_export/lib/python3.11/site-packages/zmq/backend/cython/socket.cpython-311-x86_64-linux-gnu.so
7f32d9f9c000-7f32d9fa0000 r--p 00000000 00:216 120262025258              /mnt/primary/conda-envs/semantic_uncertainty_export/lib/python3.11/site-packages/zmq/backend/cython/context.cpython-311-x86_64-linux-gnu.so
7f32d9fa0000-7f32d9fac000 r-xp 00004000 00:216 120262025258              /mnt/primary/conda-envs/semantic_uncertainty_export/lib/python3.11/site-packages/zmq/backend/cython/context.cpython-311-x86_64-linux-gnu.so
7f32d9fac000-7f32d9faf000 r--p 00010000 00:216 120262025258              /mnt/primary/conda-envs/semantic_uncertainty_export/lib/python3.11/site-packages/zmq/backend/cython/context.cpython-311-x86_64-linux-gnu.so
7f32d9faf000-7f32d9fb0000 r--p 00012000 00:216 120262025258              /mnt/primary/conda-envs/semantic_uncertainty_export/lib/python3.11/site-packages/zmq/backend/cython/context.cpython-311-x86_64-linux-gnu.so
7f32d9fb0000-7f32d9fb1000 rw-p 00013000 00:216 120262025258              /mnt/primary/conda-envs/semantic_uncertainty_export/lib/python3.11/site-packages/zmq/backend/cython/context.cpython-311-x86_64-linux-gnu.so
7f32d9fb1000-7f32d9fb2000 rw-p 00000000 00:00 0 
7f32d9fb2000-7f32d9fb5000 rw-p 00015000 00:216 120262025258              /mnt/primary/conda-envs/semantic_uncertainty_export/lib/python3.11/site-packages/zmq/backend/cython/context.cpython-311-x86_64-linux-gnu.so
7f32d9fb5000-7f32d9fb8000 r--p 00000000 00:216 70896295971               /mnt/primary/conda-envs/semantic_uncertainty_export/lib/libgcc_s.so.1
7f32d9fb8000-7f32d9fca000 r-xp 00003000 00:216 70896295971               /mnt/primary/conda-envs/semantic_uncertainty_export/lib/libgcc_s.so.1
7f32d9fca000-7f32d9fcd000 r--p 00015000 00:216 70896295971               /mnt/primary/conda-envs/semantic_uncertainty_export/lib/libgcc_s.so.1
7f32d9fcd000-7f32d9fce000 r--p 00017000 00:216 70896295971               /mnt/primary/conda-envs/semantic_uncertainty_export/lib/libgcc_s.so.1
7f32d9fce000-7f32d9fcf000 rw-p 00018000 00:216 70896295971               /mnt/primary/conda-envs/semantic_uncertainty_export/lib/libgcc_s.so.1
7f32d9fcf000-7f32da070000 r--p 00000000 00:216 70896295960               /mnt/primary/conda-envs/semantic_uncertainty_export/lib/libstdc++.so.6.0.29
7f32da070000-7f32da165000 r-xp 000a1000 00:216 70896295960               /mnt/primary/conda-envs/semantic_uncertainty_export/lib/libstdc++.so.6.0.29
7f32da165000-7f32da1d1000 r--p 00196000 00:216 70896295960               /mnt/primary/conda-envs/semantic_uncertainty_export/lib/libstdc++.so.6.0.29
7f32da1d1000-7f32da1d2000 ---p 00202000 00:216 70896295960               /mnt/primary/conda-envs/semantic_uncertainty_export/lib/libstdc++.so.6.0.29
7f32da1d2000-7f32da1dd000 r--p 00202000 00:216 70896295960               /mnt/primary/conda-envs/semantic_uncertainty_export/lib/libstdc++.so.6.0.29
7f32da1dd000-7f32da1e0000 rw-p 0020d000 00:216 70896295960               /mnt/primary/conda-envs/semantic_uncertainty_export/lib/libstdc++.so.6.0.29
7f32da1e0000-7f32da1e3000 rw-p 00000000 00:00 0 
7f32da1e3000-7f32da1ef000 r--p 00000000 00:216 92348914178               /mnt/primary/conda-envs/semantic_uncertainty_export/lib/python3.11/site-packages/pyzmq.libs/libsodium-cb25555f.so.23.3.0
7f32da1ef000-7f32da2f1000 r-xp 0000c000 00:216 92348914178               /mnt/primary/conda-envs/semantic_uncertainty_export/lib/python3.11/site-packages/pyzmq.libs/libsodium-cb25555f.so.23.3.0
7f32da2f1000-7f32da305000 r--p 0010e000 00:216 92348914178               /mnt/primary/conda-envs/semantic_uncertainty_export/lib/python3.11/site-packages/pyzmq.libs/libsodium-cb25555f.so.23.3.0
7f32da305000-7f32da306000 ---p 00122000 00:216 92348914178               /mnt/primary/conda-envs/semantic_uncertainty_export/lib/python3.11/site-packages/pyzmq.libs/libsodium-cb25555f.so.23.3.0
7f32da306000-7f32da307000 r--p 00122000 00:216 92348914178               /mnt/primary/conda-envs/semantic_uncertainty_export/lib/python3.11/site-packages/pyzmq.libs/libsodium-cb25555f.so.23.3.0
7f32da307000-7f32da308000 rw-p 00123000 00:216 92348914178               /mnt/primary/conda-envs/semantic_uncertainty_export/lib/python3.11/site-packages/pyzmq.libs/libsodium-cb25555f.so.23.3.0
7f32da308000-7f32da30f000 rw-p 00125000 00:216 92348914178               /mnt/primary/conda-envs/semantic_uncertainty_export/lib/python3.11/site-packages/pyzmq.libs/libsodium-cb25555f.so.23.3.0
7f32da30f000-7f32da310000 r--p 00000000 08:04 9893961                    /usr/lib/x86_64-linux-gnu/librt.so.1
7f32da310000-7f32da311000 r-xp 00001000 08:04 9893961                    /usr/lib/x86_64-linux-gnu/librt.so.1
7f32da311000-7f32da312000 r--p 00002000 08:04 9893961                    /usr/lib/x86_64-linux-gnu/librt.so.1
7f32da312000-7f32da313000 r--p 00002000 08:04 9893961                    /usr/lib/x86_64-linux-gnu/librt.so.1
7f32da313000-7f32da314000 rw-p 00003000 08:04 9893961                    /usr/lib/x86_64-linux-gnu/librt.so.1
7f32da315000-7f32da317000 r--p 00000000 00:216 45438355978               /mnt/primary/conda-envs/semantic_uncertainty_export/lib/python3.11/lib-dynload/_bisect.cpython-311-x86_64-linux-gnu.so
7f32da317000-7f32da319000 r-xp 00002000 00:216 45438355978               /mnt/primary/conda-envs/semantic_uncertainty_export/lib/python3.11/lib-dynload/_bisect.cpython-311-x86_64-linux-gnu.so
7f32da319000-7f32da31a000 r--p 00004000 00:216 45438355978               /mnt/primary/conda-envs/semantic_uncertainty_export/lib/python3.11/lib-dynload/_bisect.cpython-311-x86_64-linux-gnu.so
7f32da31a000-7f32da31b000 r--p 00004000 00:216 45438355978               /mnt/primary/conda-envs/semantic_uncertainty_export/lib/python3.11/lib-dynload/_bisect.cpython-311-x86_64-linux-gnu.so
7f32da31b000-7f32da31c000 rw-p 00005000 00:216 45438355978               /mnt/primary/conda-envs/semantic_uncertainty_export/lib/python3.11/lib-dynload/_bisect.cpython-311-x86_64-linux-gnu.so
7f32da31c000-7f32da335000 r--p 00000000 00:216 92348914179               /mnt/primary/conda-envs/semantic_uncertainty_export/lib/python3.11/site-packages/pyzmq.libs/libzmq-f468291a.so.5.2.4
7f32da335000-7f32da3c8000 r-xp 00019000 00:216 92348914179               /mnt/primary/conda-envs/semantic_uncertainty_export/lib/python3.11/site-packages/pyzmq.libs/libzmq-f468291a.so.5.2.4
7f32da3c8000-7f32da403000 r--p 000ac000 00:216 92348914179               /mnt/primary/conda-envs/semantic_uncertainty_export/lib/python3.11/site-packages/pyzmq.libs/libzmq-f468291a.so.5.2.4
7f32da403000-7f32da40b000 r--p 000e6000 00:216 92348914179               /mnt/primary/conda-envs/semantic_uncertainty_export/lib/python3.11/site-packages/pyzmq.libs/libzmq-f468291a.so.5.2.4
7f32da40b000-7f32da40c000 rw-p 000ee000 00:216 92348914179               /mnt/primary/conda-envs/semantic_uncertainty_export/lib/python3.11/site-packages/pyzmq.libs/libzmq-f468291a.so.5.2.4
7f32da40c000-7f32da412000 rw-p 000f0000 00:216 92348914179               /mnt/primary/conda-envs/semantic_uncertainty_export/lib/python3.11/site-packages/pyzmq.libs/libzmq-f468291a.so.5.2.4
7f32da412000-7f32da415000 r--p 00000000 00:216 120262025247              /mnt/primary/conda-envs/semantic_uncertainty_export/lib/python3.11/site-packages/zmq/backend/cython/_device.cpython-311-x86_64-linux-gnu.so
7f32da415000-7f32da41e000 r-xp 00003000 00:216 120262025247              /mnt/primary/conda-envs/semantic_uncertainty_export/lib/python3.11/site-packages/zmq/backend/cython/_device.cpython-311-x86_64-linux-gnu.so
7f32da41e000-7f32da420000 r--p 0000c000 00:216 120262025247              /mnt/primary/conda-envs/semantic_uncertainty_export/lib/python3.11/site-packages/zmq/backend/cython/_device.cpython-311-x86_64-linux-gnu.so
7f32da420000-7f32da421000 ---p 0000e000 00:216 120262025247              /mnt/primary/conda-envs/semantic_uncertainty_export/lib/python3.11/site-packages/zmq/backend/cython/_device.cpython-311-x86_64-linux-gnu.so
7f32da421000-7f32da422000 r--p 0000e000 00:216 120262025247              /mnt/primary/conda-envs/semantic_uncertainty_export/lib/python3.11/site-packages/zmq/backend/cython/_device.cpython-311-x86_64-linux-gnu.so
7f32da422000-7f32da423000 rw-p 0000f000 00:216 120262025247              /mnt/primary/conda-envs/semantic_uncertainty_export/lib/python3.11/site-packages/zmq/backend/cython/_device.cpython-311-x86_64-linux-gnu.so
7f32da423000-7f32da426000 rw-p 00011000 00:216 120262025247              /mnt/primary/conda-envs/semantic_uncertainty_export/lib/python3.11/site-packages/zmq/backend/cython/_device.cpython-311-x86_64-linux-gnu.so
7f32da426000-7f32da526000 rw-p 00000000 00:00 0 
7f32da526000-7f32da52a000 r--p 00000000 00:216 45438356019               /mnt/primary/conda-envs/semantic_uncertainty_export/lib/python3.11/lib-dynload/_struct.cpython-311-x86_64-linux-gnu.so
7f32da52a000-7f32da52f000 r-xp 00004000 00:216 45438356019               /mnt/primary/conda-envs/semantic_uncertainty_export/lib/python3.11/lib-dynload/_struct.cpython-311-x86_64-linux-gnu.so
7f32da52f000-7f32da533000 r--p 00009000 00:216 45438356019               /mnt/primary/conda-envs/semantic_uncertainty_export/lib/python3.11/lib-dynload/_struct.cpython-311-x86_64-linux-gnu.so
7f32da533000-7f32da534000 r--p 0000c000 00:216 45438356019               /mnt/primary/conda-envs/semantic_uncertainty_export/lib/python3.11/lib-dynload/_struct.cpython-311-x86_64-linux-gnu.so
7f32da534000-7f32da535000 rw-p 0000d000 00:216 45438356019               /mnt/primary/conda-envs/semantic_uncertainty_export/lib/python3.11/lib-dynload/_struct.cpython-311-x86_64-linux-gnu.so
7f32da535000-7f32da538000 r--p 00000000 00:216 70898546206               /mnt/primary/conda-envs/semantic_uncertainty_export/lib/libffi.so.8.1.2
7f32da538000-7f32da542000 r-xp 00003000 00:216 70898546206               /mnt/primary/conda-envs/semantic_uncertainty_export/lib/libffi.so.8.1.2
7f32da542000-7f32da544000 r--p 0000d000 00:216 70898546206               /mnt/primary/conda-envs/semantic_uncertainty_export/lib/libffi.so.8.1.2
7f32da544000-7f32da545000 r--p 0000e000 00:216 70898546206               /mnt/primary/conda-envs/semantic_uncertainty_export/lib/libffi.so.8.1.2
7f32da545000-7f32da546000 rw-p 0000f000 00:216 70898546206               /mnt/primary/conda-envs/semantic_uncertainty_export/lib/libffi.so.8.1.2
7f32da546000-7f32da54d000 r--p 00000000 00:216 45438355990               /mnt/primary/conda-envs/semantic_uncertainty_export/lib/python3.11/lib-dynload/_ctypes.cpython-311-x86_64-linux-gnu.so
7f32da54d000-7f32da55b000 r-xp 00007000 00:216 45438355990               /mnt/primary/conda-envs/semantic_uncertainty_export/lib/python3.11/lib-dynload/_ctypes.cpython-311-x86_64-linux-gnu.so
7f32da55b000-7f32da561000 r--p 00015000 00:216 45438355990               /mnt/primary/conda-envs/semantic_uncertainty_export/lib/python3.11/lib-dynload/_ctypes.cpython-311-x86_64-linux-gnu.so
7f32da561000-7f32da562000 ---p 0001b000 00:216 45438355990               /mnt/primary/conda-envs/semantic_uncertainty_export/lib/python3.11/lib-dynload/_ctypes.cpython-311-x86_64-linux-gnu.so
7f32da562000-7f32da563000 r--p 0001b000 00:216 45438355990               /mnt/primary/conda-envs/semantic_uncertainty_export/lib/python3.11/lib-dynload/_ctypes.cpython-311-x86_64-linux-gnu.so
7f32da563000-7f32da567000 rw-p 0001c000 00:216 45438355990               /mnt/primary/conda-envs/semantic_uncertainty_export/lib/python3.11/lib-dynload/_ctypes.cpython-311-x86_64-linux-gnu.so
7f32da567000-7f32da56b000 r--p 00000000 00:216 45438459398               /mnt/primary/conda-envs/semantic_uncertainty_export/lib/python3.11/lib-dynload/math.cpython-311-x86_64-linux-gnu.so
7f32da56b000-7f32da573000 r-xp 00004000 00:216 45438459398               /mnt/primary/conda-envs/semantic_uncertainty_export/lib/python3.11/lib-dynload/math.cpython-311-x86_64-linux-gnu.so
7f32da573000-7f32da578000 r--p 0000c000 00:216 45438459398               /mnt/primary/conda-envs/semantic_uncertainty_export/lib/python3.11/lib-dynload/math.cpython-311-x86_64-linux-gnu.so
7f32da578000-7f32da579000 r--p 00010000 00:216 45438459398               /mnt/primary/conda-envs/semantic_uncertainty_export/lib/python3.11/lib-dynload/math.cpython-311-x86_64-linux-gnu.so
7f32da579000-7f32da57a000 rw-p 00011000 00:216 45438459398               /mnt/primary/conda-envs/semantic_uncertainty_export/lib/python3.11/lib-dynload/math.cpython-311-x86_64-linux-gnu.so
7f32da57a000-7f32da57d000 r--p 00000000 00:216 45438459405               /mnt/primary/conda-envs/semantic_uncertainty_export/lib/python3.11/lib-dynload/select.cpython-311-x86_64-linux-gnu.so
7f32da57d000-7f32da580000 r-xp 00003000 00:216 45438459405               /mnt/primary/conda-envs/semantic_uncertainty_export/lib/python3.11/lib-dynload/select.cpython-311-x86_64-linux-gnu.so
7f32da580000-7f32da582000 r--p 00006000 00:216 45438459405               /mnt/primary/conda-envs/semantic_uncertainty_export/lib/python3.11/lib-dynload/select.cpython-311-x86_64-linux-gnu.so
7f32da582000-7f32da583000 ---p 00008000 00:216 45438459405               /mnt/primary/conda-envs/semantic_uncertainty_export/lib/python3.11/lib-dynload/select.cpython-311-x86_64-linux-gnu.so
7f32da583000-7f32da584000 r--p 00008000 00:216 45438459405               /mnt/primary/conda-envs/semantic_uncertainty_export/lib/python3.11/lib-dynload/select.cpython-311-x86_64-linux-gnu.so
7f32da584000-7f32da585000 rw-p 00009000 00:216 45438459405               /mnt/primary/conda-envs/semantic_uncertainty_export/lib/python3.11/lib-dynload/select.cpython-311-x86_64-linux-gnu.so
7f32da585000-7f32da587000 r--p 00000000 00:216 45438356008               /mnt/primary/conda-envs/semantic_uncertainty_export/lib/python3.11/lib-dynload/_posixsubprocess.cpython-311-x86_64-linux-gnu.so
7f32da587000-7f32da58a000 r-xp 00002000 00:216 45438356008               /mnt/primary/conda-envs/semantic_uncertainty_export/lib/python3.11/lib-dynload/_posixsubprocess.cpython-311-x86_64-linux-gnu.so
7f32da58a000-7f32da58b000 r--p 00005000 00:216 45438356008               /mnt/primary/conda-envs/semantic_uncertainty_export/lib/python3.11/lib-dynload/_posixsubprocess.cpython-311-x86_64-linux-gnu.so
7f32da58b000-7f32da58c000 r--p 00005000 00:216 45438356008               /mnt/primary/conda-envs/semantic_uncertainty_export/lib/python3.11/lib-dynload/_posixsubprocess.cpython-311-x86_64-linux-gnu.so
7f32da58c000-7f32da58d000 rw-p 00006000 00:216 45438356008               /mnt/primary/conda-envs/semantic_uncertainty_export/lib/python3.11/lib-dynload/_posixsubprocess.cpython-311-x86_64-linux-gnu.so
7f32da58d000-7f32da58f000 r--p 00000000 00:216 45438459396               /mnt/primary/conda-envs/semantic_uncertainty_export/lib/python3.11/lib-dynload/fcntl.cpython-311-x86_64-linux-gnu.so
7f32da58f000-7f32da591000 r-xp 00002000 00:216 45438459396               /mnt/primary/conda-envs/semantic_uncertainty_export/lib/python3.11/lib-dynload/fcntl.cpython-311-x86_64-linux-gnu.so
7f32da591000-7f32da593000 r--p 00004000 00:216 45438459396               /mnt/primary/conda-envs/semantic_uncertainty_export/lib/python3.11/lib-dynload/fcntl.cpython-311-x86_64-linux-gnu.so
7f32da593000-7f32da594000 r--p 00005000 00:216 45438459396               /mnt/primary/conda-envs/semantic_uncertainty_export/lib/python3.11/lib-dynload/fcntl.cpython-311-x86_64-linux-gnu.so
7f32da594000-7f32da595000 rw-p 00006000 00:216 45438459396               /mnt/primary/conda-envs/semantic_uncertainty_export/lib/python3.11/lib-dynload/fcntl.cpython-311-x86_64-linux-gnu.so
7f32da595000-7f32da598000 r--p 00000000 00:216 45438355999               /mnt/primary/conda-envs/semantic_uncertainty_export/lib/python3.11/lib-dynload/_json.cpython-311-x86_64-linux-gnu.so
7f32da598000-7f32da59e000 r-xp 00003000 00:216 45438355999               /mnt/primary/conda-envs/semantic_uncertainty_export/lib/python3.11/lib-dynload/_json.cpython-311-x86_64-linux-gnu.so
7f32da59e000-7f32da5a0000 r--p 00009000 00:216 45438355999               /mnt/primary/conda-envs/semantic_uncertainty_export/lib/python3.11/lib-dynload/_json.cpython-311-x86_64-linux-gnu.so
7f32da5a0000-7f32da5a1000 r--p 0000a000 00:216 45438355999               /mnt/primary/conda-envs/semantic_uncertainty_export/lib/python3.11/lib-dynload/_json.cpython-311-x86_64-linux-gnu.so
7f32da5a1000-7f32da5a2000 rw-p 0000b000 00:216 45438355999               /mnt/primary/conda-envs/semantic_uncertainty_export/lib/python3.11/lib-dynload/_json.cpython-311-x86_64-linux-gnu.so
7f32da5a2000-7f32da5a3000 r--p 00000000 00:216 45438356027               /mnt/primary/conda-envs/semantic_uncertainty_export/lib/python3.11/lib-dynload/_typing.cpython-311-x86_64-linux-gnu.so
7f32da5a3000-7f32da5a4000 r-xp 00001000 00:216 45438356027               /mnt/primary/conda-envs/semantic_uncertainty_export/lib/python3.11/lib-dynload/_typing.cpython-311-x86_64-linux-gnu.so
7f32da5a4000-7f32da5a5000 r--p 00002000 00:216 45438356027               /mnt/primary/conda-envs/semantic_uncertainty_export/lib/python3.11/lib-dynload/_typing.cpython-311-x86_64-linux-gnu.so
7f32da5a5000-7f32da5a6000 r--p 00002000 00:216 45438356027               /mnt/primary/conda-envs/semantic_uncertainty_export/lib/python3.11/lib-dynload/_typing.cpython-311-x86_64-linux-gnu.so
7f32da5a6000-7f32da5a7000 rw-p 00003000 00:216 45438356027               /mnt/primary/conda-envs/semantic_uncertainty_export/lib/python3.11/lib-dynload/_typing.cpython-311-x86_64-linux-gnu.so
7f32da5a7000-7f32da7a7000 rw-p 00000000 00:00 0 
7f32da7ab000-7f32da90d000 rw-p 00000000 00:00 0 
7f32da90d000-7f32da964000 r--p 00000000 08:04 542079172                  /usr/lib/locale/C.utf8/LC_CTYPE
7f32da964000-7f32da969000 rw-p 00000000 00:00 0 
7f32da969000-7f32da991000 r--p 00000000 08:04 9893821                    /usr/lib/x86_64-linux-gnu/libc.so.6
7f32da991000-7f32dab26000 r-xp 00028000 08:04 9893821                    /usr/lib/x86_64-linux-gnu/libc.so.6
7f32dab26000-7f32dab7e000 r--p 001bd000 08:04 9893821                    /usr/lib/x86_64-linux-gnu/libc.so.6
7f32dab7e000-7f32dab7f000 ---p 00215000 08:04 9893821                    /usr/lib/x86_64-linux-gnu/libc.so.6
7f32dab7f000-7f32dab83000 r--p 00215000 08:04 9893821                    /usr/lib/x86_64-linux-gnu/libc.so.6
7f32dab83000-7f32dab85000 rw-p 00219000 08:04 9893821                    /usr/lib/x86_64-linux-gnu/libc.so.6
7f32dab85000-7f32dab92000 rw-p 00000000 00:00 0 
7f32dab92000-7f32daba0000 r--p 00000000 08:04 9893924                    /usr/lib/x86_64-linux-gnu/libm.so.6
7f32daba0000-7f32dac1c000 r-xp 0000e000 08:04 9893924                    /usr/lib/x86_64-linux-gnu/libm.so.6
7f32dac1c000-7f32dac77000 r--p 0008a000 08:04 9893924                    /usr/lib/x86_64-linux-gnu/libm.so.6
7f32dac77000-7f32dac78000 r--p 000e4000 08:04 9893924                    /usr/lib/x86_64-linux-gnu/libm.so.6
7f32dac78000-7f32dac79000 rw-p 000e5000 08:04 9893924                    /usr/lib/x86_64-linux-gnu/libm.so.6
7f32dac79000-7f32dac7a000 r--p 00000000 08:04 9893978                    /usr/lib/x86_64-linux-gnu/libutil.so.1
7f32dac7a000-7f32dac7b000 r-xp 00001000 08:04 9893978                    /usr/lib/x86_64-linux-gnu/libutil.so.1
7f32dac7b000-7f32dac7c000 r--p 00002000 08:04 9893978                    /usr/lib/x86_64-linux-gnu/libutil.so.1
7f32dac7c000-7f32dac7d000 r--p 00002000 08:04 9893978                    /usr/lib/x86_64-linux-gnu/libutil.so.1
7f32dac7d000-7f32dac7e000 rw-p 00003000 08:04 9893978                    /usr/lib/x86_64-linux-gnu/libutil.so.1
7f32dac7e000-7f32dac7f000 r--p 00000000 08:04 9893899                    /usr/lib/x86_64-linux-gnu/libdl.so.2
7f32dac7f000-7f32dac80000 r-xp 00001000 08:04 9893899                    /usr/lib/x86_64-linux-gnu/libdl.so.2
7f32dac80000-7f32dac81000 r--p 00002000 08:04 9893899                    /usr/lib/x86_64-linux-gnu/libdl.so.2
7f32dac81000-7f32dac82000 r--p 00002000 08:04 9893899                    /usr/lib/x86_64-linux-gnu/libdl.so.2
7f32dac82000-7f32dac83000 rw-p 00003000 08:04 9893899                    /usr/lib/x86_64-linux-gnu/libdl.so.2
7f32dac83000-7f32dac84000 r--p 00000000 08:04 9893956                    /usr/lib/x86_64-linux-gnu/libpthread.so.0
7f32dac84000-7f32dac85000 r-xp 00001000 08:04 9893956                    /usr/lib/x86_64-linux-gnu/libpthread.so.0
7f32dac85000-7f32dac86000 r--p 00002000 08:04 9893956                    /usr/lib/x86_64-linux-gnu/libpthread.so.0
7f32dac86000-7f32dac87000 r--p 00002000 08:04 9893956                    /usr/lib/x86_64-linux-gnu/libpthread.so.0
7f32dac87000-7f32dac88000 rw-p 00003000 08:04 9893956                    /usr/lib/x86_64-linux-gnu/libpthread.so.0
7f32dac89000-7f32dac90000 r--s 00000000 08:04 542079519                  /usr/lib/x86_64-linux-gnu/gconv/gconv-modules.cache
7f32dac90000-7f32dac92000 rw-p 00000000 00:00 0 
7f32dac92000-7f32dac94000 r--p 00000000 08:04 9893805                    /usr/lib/x86_64-linux-gnu/ld-linux-x86-64.so.2
7f32dac94000-7f32dacbe000 r-xp 00002000 08:04 9893805                    /usr/lib/x86_64-linux-gnu/ld-linux-x86-64.so.2
7f32dacbe000-7f32dacc9000 r--p 0002c000 08:04 9893805                    /usr/lib/x86_64-linux-gnu/ld-linux-x86-64.so.2
7f32dacc9000-7f32dacca000 rw-s 00000000 00:2b6 270                       /dev/shm/sem.9UZ2Nv (deleted)
7f32dacca000-7f32daccc000 r--p 00037000 08:04 9893805                    /usr/lib/x86_64-linux-gnu/ld-linux-x86-64.so.2
7f32daccc000-7f32dacce000 rw-p 00039000 08:04 9893805                    /usr/lib/x86_64-linux-gnu/ld-linux-x86-64.so.2
7ffeec468000-7ffeec46c000 ---p 00000000 00:00 0 
7ffeec46c000-7ffeec568000 rw-p 00000000 00:00 0                          [stack]
7ffeec5f3000-7ffeec5f7000 r--p 00000000 00:00 0                          [vvar]
7ffeec5f7000-7ffeec5f9000 r-xp 00000000 00:00 0                          [vdso]
ffffffffff600000-ffffffffff601000 --xp 00000000 00:00 0                  [vsyscall]


VM Arguments:
java_command: jupyter[pyterrier]:/root/nfs/utility_prediction/analysis/qpp_test-perplexity.ipynb
java_class_path (initial): /root/.pyterrier/terrier-assemblies-5.11-jar-with-dependencies.jar:/root/.pyterrier/terrier-python-helper-0.0.8.jar:/opt/miniconda3/envs/semantic_uncertainty_export/lib/python3.11/site-packages/jnius/src
Launcher Type: generic

[Global flags]
     intx CICompilerCount                          = 4                                         {product} {ergonomic}
     uint ConcGCThreads                            = 2                                         {product} {ergonomic}
     uint G1ConcRefinementThreads                  = 8                                         {product} {ergonomic}
   size_t G1HeapRegionSize                         = 4194304                                   {product} {ergonomic}
    uintx GCDrainStackTargetSize                   = 64                                        {product} {ergonomic}
   size_t InitialHeapSize                          = 1073741824                                {product} {ergonomic}
   size_t MarkStackSize                            = 4194304                                   {product} {ergonomic}
   size_t MaxHeapSize                              = 17179869184                               {product} {ergonomic}
   size_t MaxNewSize                               = 10305404928                               {product} {ergonomic}
   size_t MinHeapDeltaBytes                        = 4194304                                   {product} {ergonomic}
    uintx NonNMethodCodeHeapSize                   = 5836300                                {pd product} {ergonomic}
    uintx NonProfiledCodeHeapSize                  = 122910970                              {pd product} {ergonomic}
    uintx ProfiledCodeHeapSize                     = 122910970                              {pd product} {ergonomic}
    uintx ReservedCodeCacheSize                    = 251658240                              {pd product} {ergonomic}
     bool SegmentedCodeCache                       = true                                      {product} {ergonomic}
     bool UseCompressedClassPointers               = true                                 {lp64_product} {ergonomic}
     bool UseCompressedOops                        = true                                 {lp64_product} {ergonomic}
     bool UseG1GC                                  = true                                      {product} {ergonomic}

Logging:
Log output configuration:
 #0: stdout all=warning uptime,level,tags
 #1: stderr all=off uptime,level,tags

Environment Variables:
PATH=/opt/miniconda3/envs/semantic_uncertainty_export/bin:/opt/miniconda3/condabin:/root/.cargo/bin:/opt/miniconda3/bin:/usr/local/sbin:/usr/local/bin:/usr/sbin:/usr/bin:/sbin:/bin
LD_LIBRARY_PATH=/usr/local/nvidia/lib:/usr/local/nvidia/lib64
SHELL=/bin/bash
LC_CTYPE=C.UTF-8
TERM=xterm-color

Signal Handlers:
SIGSEGV: [libjvm.so+0xebbd40], sa_mask[0]=11111111011111111101111111111110, sa_flags=SA_RESTART|SA_SIGINFO
SIGBUS: [libjvm.so+0xebbd40], sa_mask[0]=11111111011111111101111111111110, sa_flags=SA_RESTART|SA_SIGINFO
SIGFPE: [libjvm.so+0xebbd40], sa_mask[0]=11111111011111111101111111111110, sa_flags=SA_RESTART|SA_SIGINFO
SIGPIPE: [libjvm.so+0xbfe040], sa_mask[0]=11111111011111111101111111111110, sa_flags=SA_RESTART|SA_SIGINFO
SIGXFSZ: [libjvm.so+0xbfe040], sa_mask[0]=11111111011111111101111111111110, sa_flags=SA_RESTART|SA_SIGINFO
SIGILL: [libjvm.so+0xebbd40], sa_mask[0]=11111111011111111101111111111110, sa_flags=SA_RESTART|SA_SIGINFO
SIGUSR2: [libjvm.so+0xbfdee0], sa_mask[0]=00000000000000000000000000000000, sa_flags=SA_RESTART|SA_SIGINFO
SIGHUP: [libjvm.so+0xbfe6a0], sa_mask[0]=11111111011111111101111111111110, sa_flags=SA_RESTART|SA_SIGINFO
SIGINT: SIG_IGN, sa_mask[0]=00000000000000000000000000000000, sa_flags=SA_ONSTACK
SIGTERM: [libjvm.so+0xbfe6a0], sa_mask[0]=11111111011111111101111111111110, sa_flags=SA_RESTART|SA_SIGINFO
SIGQUIT: [libjvm.so+0xbfe6a0], sa_mask[0]=11111111011111111101111111111110, sa_flags=SA_RESTART|SA_SIGINFO


---------------  S Y S T E M  ---------------

OS:DISTRIB_ID=Ubuntu
DISTRIB_RELEASE=22.04
DISTRIB_CODENAME=jammy
DISTRIB_DESCRIPTION="Ubuntu 22.04.5 LTS"
uname:Linux 6.7.4-200.fc39.x86_64 #1 SMP PREEMPT_DYNAMIC Mon Feb  5 22:21:14 UTC 2024 x86_64
OS uptime: 10 days 10:58 hours
libc:glibc 2.35 NPTL 2.35 
rlimit (soft/hard): STACK 8192k/infinity , CORE infinity/infinity , NPROC 4194304/4194304 , NOFILE 1048576/1048576 , AS infinity/infinity , CPU infinity/infinity , DATA infinity/infinity , FSIZE infinity/infinity , MEMLOCK 8192k/8192k
load average:1.41 1.82 1.02

/proc/meminfo:
MemTotal:       230719556 kB
MemFree:        36455084 kB
MemAvailable:   195194728 kB
Buffers:         1756084 kB
Cached:         110641828 kB
SwapCached:            0 kB
Active:         38115896 kB
Inactive:       98824400 kB
Active(anon):   24379892 kB
Inactive(anon):   303284 kB
Active(file):   13736004 kB
Inactive(file): 98521116 kB
Unevictable:      205396 kB
Mlocked:          202324 kB
SwapTotal:             0 kB
SwapFree:              0 kB
Zswap:                 0 kB
Zswapped:              0 kB
Dirty:             12724 kB
Writeback:             0 kB
AnonPages:      24735532 kB
Mapped:          2246500 kB
Shmem:            113804 kB
KReclaimable:   48529380 kB
Slab:           54953624 kB
SReclaimable:   48529380 kB
SUnreclaim:      6424244 kB
KernelStack:       43968 kB
PageTables:       112788 kB
SecPageTables:         0 kB
NFS_Unstable:          0 kB
Bounce:                0 kB
WritebackTmp:          0 kB
CommitLimit:    115359776 kB
Committed_AS:   53774636 kB
VmallocTotal:   34359738367 kB
VmallocUsed:      305436 kB
VmallocChunk:          0 kB
Percpu:           554496 kB
HardwareCorrupted:     0 kB
AnonHugePages:     34816 kB
ShmemHugePages:        0 kB
ShmemPmdMapped:        0 kB
FileHugePages:   1134592 kB
FilePmdMapped:         0 kB
CmaTotal:              0 kB
CmaFree:               0 kB
Unaccepted:            0 kB
HugePages_Total:       0
HugePages_Free:        0
HugePages_Rsvd:        0
HugePages_Surp:        0
Hugepagesize:       2048 kB
Hugetlb:               0 kB
DirectMap4k:    14939036 kB
DirectMap2M:    199882752 kB
DirectMap1G:    19922944 kB

/sys/kernel/mm/transparent_hugepage/enabled:
always [madvise] never
/sys/kernel/mm/transparent_hugepage/defrag (defrag/compaction efforts parameter):
always defer defer+madvise [madvise] never

Process Memory:
Virtual Size: 61676508K (peak: 61784948K)
Resident Set Size: 7034164K (peak: 7034164K) (anon: 6099020K, file: 935144K, shmem: 0K)
Swapped out: 0K
C-Heap outstanding allocations: 2400825K, retained: 486126K
glibc malloc tunables: (default)

/proc/sys/kernel/threads-max (system-wide limit on the number of threads):
1801758
/proc/sys/vm/max_map_count (maximum number of memory map areas a process may have):
262144
/proc/sys/kernel/pid_max (system-wide limit on number of process identifiers):
4194304

container (cgroup) information:
container_type: cgroupv2
cpu_cpuset_cpus: not supported
cpu_memory_nodes: not supported
active_processor_count: 8
cpu_quota: 800000
cpu_period: 100000
cpu_shares: 8192
memory_limit_in_bytes: 67108864 k
memory_and_swap_limit_in_bytes: 67108864 k
memory_soft_limit_in_bytes: unlimited
memory_usage_in_bytes: 31060752 k
memory_max_usage_in_bytes: not supported
memory_swap_current_in_bytes: unlimited
memory_swap_max_limit_in_bytes: unlimited
maximum number of tasks: 270263
current number of tasks: 318

Steal ticks since vm start: 0
Steal ticks percentage since vm start:  0.000

CPU:total 32 (initial active 8) (32 cores per cpu, 2 threads per core) family 25 model 8 stepping 2 microcode 0xa008205, cmov, cx8, fxsr, mmx, sse, sse2, sse3, ssse3, sse4.1, sse4.2, popcnt, avx, avx2, aes, clmul, erms, mmxext, 3dnowpref, lzcnt, sse4a, ht, tsc, tscinvbit, tscinv, bmi1, bmi2, adx, sha, fma
CPU Model and flags from /proc/cpuinfo:
model name	: AMD Ryzen Threadripper PRO 5955WX 16-Cores
flags		: fpu vme de pse tsc msr pae mce cx8 apic sep mtrr pge mca cmov pat pse36 clflush mmx fxsr sse sse2 ht syscall nx mmxext fxsr_opt pdpe1gb rdtscp lm constant_tsc rep_good nopl nonstop_tsc cpuid extd_apicid aperfmperf rapl pni pclmulqdq monitor ssse3 fma cx16 pcid sse4_1 sse4_2 x2apic movbe popcnt aes xsave avx f16c rdrand lahf_lm cmp_legacy svm extapic cr8_legacy abm sse4a misalignsse 3dnowprefetch osvw ibs skinit wdt tce topoext perfctr_core perfctr_nb bpext perfctr_llc mwaitx cpb cat_l3 cdp_l3 hw_pstate ssbd mba ibrs ibpb stibp vmmcall fsgsbase bmi1 avx2 smep bmi2 erms invpcid cqm rdt_a rdseed adx smap clflushopt clwb sha_ni xsaveopt xsavec xgetbv1 xsaves cqm_llc cqm_occup_llc cqm_mbm_total cqm_mbm_local user_shstk clzero irperf xsaveerptr rdpru wbnoinvd amd_ppin brs arat npt lbrv svm_lock nrip_save tsc_scale vmcb_clean flushbyasid decodeassists pausefilter pfthreshold avic v_vmsave_vmload vgif v_spec_ctrl umip pku ospke vaes vpclmulqdq rdpid overflow_recov succor smca fsrm debug_swap
Online cpus:
0-31
Offline cpus:
32-127
BIOS frequency limitation:
4000000
Frequency switch latency (ns):
0
Available cpu frequencies:
4000000 2900000 1800000 
Current governor:
performance
Core performance/turbo boost:
1

Memory: 4k page, physical 67108864k(36048112k free), swap 0k(0k free)

vm_info: OpenJDK 64-Bit Server VM (11.0.27+6-post-Ubuntu-0ubuntu122.04) for linux-amd64 JRE (11.0.27+6-post-Ubuntu-0ubuntu122.04), built on Apr 21 2025 05:59:45 by "unknown" with gcc 11.4.0

END.
