#
# A fatal error has been detected by the Java Runtime Environment:
#
#  SIGSEGV (0xb) at pc=0x00000000004f8e90, pid=266317, tid=266317
#
# JRE version: OpenJDK Runtime Environment (11.0.27+6) (build 11.0.27+6-post-Ubuntu-0ubuntu122.04)
# Java VM: OpenJDK 64-Bit Server VM (11.0.27+6-post-Ubuntu-0ubuntu122.04, mixed mode, sharing, tiered, compressed oops, g1 gc, linux-amd64)
# Problematic frame:
# C  [python+0xf8e90]
#
# Core dump will be written. Default location: Core dumps may be processed with "/usr/lib/systemd/systemd-coredump %P %u %g %s %t %c %h" (or dumping to /mnt/primary/utility_prediction/analysis/core.266317)
#
# If you would like to submit a bug report, please visit:
#   https://bugs.launchpad.net/ubuntu/+source/openjdk-lts
# The crash happened outside the Java Virtual Machine in native code.
# See problematic frame for where to report the bug.
#

---------------  S U M M A R Y ------------

Command Line: jupyter[pyterrier]:/root/nfs/utility_prediction/analysis/qpp_test-perplexity.ipynb

Host: Intel(R) Xeon(R) Gold 6244 CPU @ 3.60GHz, 32 cores, 503G, Ubuntu 22.04.5 LTS
Time: Wed Jul 30 10:13:26 2025 UTC elapsed time: 159148.725868 seconds (1d 20h 12m 28s)

---------------  T H R E A D  ---------------

Current thread (0x000000000be41800):  JavaThread "main" [_thread_in_native, id=266317, stack(0x00007ffc897c9000,0x00007ffc898c9000)]

Stack: [0x00007ffc897c9000,0x00007ffc898c9000],  sp=0x00007ffc898c3e28,  free space=1003k
Native frames: (J=compiled Java code, A=aot compiled Java code, j=interpreted, Vv=VM code, C=native code)
C  [python+0xf8e90]


siginfo: si_signo: 11 (SIGSEGV), si_code: 1 (SEGV_MAPERR), si_addr: 0x0000000000000081

Register to memory mapping:

RAX=0x0000000007f2eb90 points into unknown readable memory: 0x00000000088f37f0 | f0 37 8f 08 00 00 00 00
RBX=0x00007fd03c691260 points into unknown readable memory: 0x0000000000000005 | 05 00 00 00 00 00 00 00
RCX=0x0000000000000005 is an unknown value
RDX=0x00007fd03c691260 points into unknown readable memory: 0x0000000000000005 | 05 00 00 00 00 00 00 00
RSP=0x00007ffc898c3e28 is pointing into the stack for thread: 0x000000000be41800
RBP=0x00000000004f8e90: <offset 0x00000000000f8e90> in python at 0x0000000000400000
RSI=0x00007fd03c691260 points into unknown readable memory: 0x0000000000000005 | 05 00 00 00 00 00 00 00
RDI=0x0000000000000079 is an unknown value
R8 =0x0 is NULL
R9 =0x00007fd03c679e40 points into unknown readable memory: 0x00007fd03c62edf0 | f0 ed 62 3c d0 7f 00 00
R10=0x0000000000860f60: PyType_Type+0x0000000000000000 in python at 0x0000000000400000
R11=0x0000000000000020 is an unknown value
R12=0x00007fd03c691260 points into unknown readable memory: 0x0000000000000005 | 05 00 00 00 00 00 00 00
R13=0x0000000000864a80: PyCFunction_Type+0x0000000000000000 in python at 0x0000000000400000
R14=0x00007ffc898c3f20 is pointing into the stack for thread: 0x000000000be41800
R15=0x0000000000000003 is an unknown value


Registers:
RAX=0x0000000007f2eb90, RBX=0x00007fd03c691260, RCX=0x0000000000000005, RDX=0x00007fd03c691260
RSP=0x00007ffc898c3e28, RBP=0x00000000004f8e90, RSI=0x00007fd03c691260, RDI=0x0000000000000079
R8 =0x0000000000000000, R9 =0x00007fd03c679e40, R10=0x0000000000860f60, R11=0x0000000000000020
R12=0x00007fd03c691260, R13=0x0000000000864a80, R14=0x00007ffc898c3f20, R15=0x0000000000000003
RIP=0x00000000004f8e90, EFLAGS=0x0000000000010202, CSGSFS=0x002b000000000033, ERR=0x0000000000000004
  TRAPNO=0x000000000000000e

Top of Stack: (sp=0x00007ffc898c3e28)
0x00007ffc898c3e28:   00000000004f9076 00007fd03c687b30
0x00007ffc898c3e38:   00000000008879e8 00007fd03c691250
0x00007ffc898c3e48:   00000000008879e8 00007ffc898c3f20
0x00007ffc898c3e58:   00000000004f8b2f 00000000008879e8 

Instructions: (pc=0x00000000004f8e90)
0x00000000004f8d90:   41 ff d5 85 c0 75 8d 49 8d 5c 24 fc 49 83 fc 03
0x00000000004f8da0:   74 80 49 8b 7f f8 48 85 ff 0f 84 c8 00 00 00 4c
0x00000000004f8db0:   89 f6 41 ff d5 85 c0 0f 85 67 ff ff ff 49 8d 5c
0x00000000004f8dc0:   24 fb 49 83 fc 04 0f 84 56 ff ff ff 49 8b 7f f0
0x00000000004f8dd0:   48 85 ff 0f 84 9e 00 00 00 4c 89 f6 41 ff d5 85
0x00000000004f8de0:   c0 0f 85 3d ff ff ff 49 8d 5c 24 fa 49 83 fc 05
0x00000000004f8df0:   0f 84 2c ff ff ff 48 8b 7c dd 18 48 85 ff 74 77
0x00000000004f8e00:   4c 89 f6 41 ff d5 85 c0 0f 85 16 ff ff ff 48 83
0x00000000004f8e10:   eb 01 73 e2 e9 09 ff ff ff 0f 1f 80 00 00 00 00
0x00000000004f8e20:   4c 8b b8 48 01 00 00 4d 85 ff 75 2c 49 8b 44 24
0x00000000004f8e30:   f8 a8 02 0f 84 e3 fe ff ff 48 83 e8 04 49 89 44
0x00000000004f8e40:   24 f8 48 83 eb 01 0f 83 b0 fe ff ff e9 d1 fe ff
0x00000000004f8e50:   ff 0f 1f 80 00 00 00 00 49 81 ff 10 8f 4f 00 75
0x00000000004f8e60:   1e 41 8b 84 24 a8 00 00 00 25 00 02 00 00 85 c0
0x00000000004f8e70:   75 ba e9 a5 fe ff ff 49 89 dc e9 6c fe ff ff 4c
0x00000000004f8e80:   89 e7 41 ff d7 eb e7 66 0f 1f 84 00 00 00 00 00
0x00000000004f8e90:   48 8b 47 08 f6 80 a9 00 00 00 40 75 03 31 c0 c3
0x00000000004f8ea0:   48 8b 80 48 01 00 00 48 85 c0 75 14 48 8b 47 f8
0x00000000004f8eb0:   a8 02 74 e9 48 83 e8 04 48 89 47 f8 31 c0 c3 90
0x00000000004f8ec0:   48 3d 10 8f 4f 00 75 12 8b 97 a8 00 00 00 81 e2
0x00000000004f8ed0:   00 02 00 00 85 d2 75 d4 eb c3 48 83 ec 18 48 89
0x00000000004f8ee0:   7c 24 08 ff d0 48 8b 7c 24 08 85 c0 74 10 48 8b
0x00000000004f8ef0:   47 f8 a8 02 74 08 48 83 e8 04 48 89 47 f8 31 c0
0x00000000004f8f00:   48 83 c4 18 c3 66 66 2e 0f 1f 84 00 00 00 00 00
0x00000000004f8f10:   48 8b 87 a8 00 00 00 25 00 02 00 00 c3 0f 1f 00
0x00000000004f8f20:   41 54 49 89 d4 55 48 89 f5 53 48 89 fb 48 83 ec
0x00000000004f8f30:   10 48 8b 47 10 f6 40 11 02 0f 85 25 01 00 00 48
0x00000000004f8f40:   8b 7b 18 48 85 ff 0f 84 f9 00 00 00 48 81 fd 90
0x00000000004f8f50:   8e 4f 00 75 33 48 8b 57 08 f6 82 a9 00 00 00 40
0x00000000004f8f60:   75 4e 48 8b 7b 20 48 85 ff 74 0d 48 8b 4f 08 f6
0x00000000004f8f70:   81 a9 00 00 00 40 75 68 31 c0 48 83 c4 10 5b 5d
0x00000000004f8f80:   41 5c c3 0f 1f 44 00 00 4c 89 e6 ff d5 85 c0 75 


Stack slot to memory mapping:
stack at sp + 0 slots: 0x00000000004f9076: <offset 0x00000000000f9076> in python at 0x0000000000400000
stack at sp + 1 slots: 0x00007fd03c687b30 points into unknown readable memory: 0x00007fd03c691250 | 50 12 69 3c d0 7f 00 00
stack at sp + 2 slots: 0x00000000008879e8: _PyRuntime+0x000000000000e908 in python at 0x0000000000400000
stack at sp + 3 slots: 0x00007fd03c691250 points into unknown readable memory: 0x00007fd03c6a97f0 | f0 97 6a 3c d0 7f 00 00
stack at sp + 4 slots: 0x00000000008879e8: _PyRuntime+0x000000000000e908 in python at 0x0000000000400000
stack at sp + 5 slots: 0x00007ffc898c3f20 is pointing into the stack for thread: 0x000000000be41800
stack at sp + 6 slots: 0x00000000004f8b2f: <offset 0x00000000000f8b2f> in python at 0x0000000000400000
stack at sp + 7 slots: 0x00000000008879e8: _PyRuntime+0x000000000000e908 in python at 0x0000000000400000


---------------  P R O C E S S  ---------------

Threads class SMR info:
_java_thread_list=0x00007fcc48001080, length=9, elements={
0x000000000be41800, 0x000000008dbab800, 0x000000008dbac800, 0x000000008dbaf800,
0x000000008dbb0800, 0x000000008dbb2000, 0x000000008dbb3800, 0x000000008dbd2000,
0x00007fcd94001800
}

Java Threads: ( => current thread )
=>0x000000000be41800 JavaThread "main" [_thread_in_native, id=266317, stack(0x00007ffc897c9000,0x00007ffc898c9000)]
  0x000000008dbab800 JavaThread "Reference Handler" daemon [_thread_blocked, id=266495, stack(0x00007fce2bb00000,0x00007fce2bc00000)]
  0x000000008dbac800 JavaThread "Finalizer" daemon [_thread_blocked, id=266496, stack(0x00007fce2ba00000,0x00007fce2bb00000)]
  0x000000008dbaf800 JavaThread "Service Thread" daemon [_thread_blocked, id=266498, stack(0x00007fce2b800000,0x00007fce2b900000)]
  0x000000008dbb0800 JavaThread "C2 CompilerThread0" daemon [_thread_blocked, id=266499, stack(0x00007fce2b700000,0x00007fce2b800000)]
  0x000000008dbb2000 JavaThread "C1 CompilerThread0" daemon [_thread_blocked, id=266500, stack(0x00007fce2b600000,0x00007fce2b700000)]
  0x000000008dbb3800 JavaThread "Sweeper thread" daemon [_thread_blocked, id=266501, stack(0x00007fce2b500000,0x00007fce2b600000)]
  0x000000008dbd2000 JavaThread "Common-Cleaner" daemon [_thread_blocked, id=266504, stack(0x00007fce2b1ff000,0x00007fce2b2ff000)]
  0x00007fcd94001800 JavaThread "SIGTERM handler" daemon [_thread_blocked, id=940743, stack(0x00007fce2b0ff000,0x00007fce2b1ff000)]

Other Threads:
  0x000000008dbaa800 VMThread "VM Thread" [stack: 0x00007fce2c4fe000,0x00007fce2c5fe000] [id=266494]
  0x000000000be39800 GCTaskThread "GC Thread#0" [stack: 0x00007fce30bdf000,0x00007fce30cdf000] [id=266489]
  0x00007fcdac001800 GCTaskThread "GC Thread#1" [stack: 0x00007fce2a9ff000,0x00007fce2aaff000] [id=266513]
  0x00007fcdac003000 GCTaskThread "GC Thread#2" [stack: 0x00007fce2a8fe000,0x00007fce2a9fe000] [id=266514]
  0x00007fcdac004800 GCTaskThread "GC Thread#3" [stack: 0x00007fce2a300000,0x00007fce2a400000] [id=266515]
  0x00007fcdac006800 GCTaskThread "GC Thread#4" [stack: 0x00007fce1b100000,0x00007fce1b200000] [id=266516]
  0x00007fcdac008000 GCTaskThread "GC Thread#5" [stack: 0x00007fce18f00000,0x00007fce19000000] [id=266517]
  0x00007fcdac00a000 GCTaskThread "GC Thread#6" [stack: 0x00007fce18dff000,0x00007fce18eff000] [id=266518]
  0x00007fcdac00b800 GCTaskThread "GC Thread#7" [stack: 0x00007fce18cfe000,0x00007fce18dfe000] [id=266519]
  0x00007fcdac00d800 GCTaskThread "GC Thread#8" [stack: 0x00007fce18bfd000,0x00007fce18cfd000] [id=266520]
  0x00007fcdac00f000 GCTaskThread "GC Thread#9" [stack: 0x00007fce18afc000,0x00007fce18bfc000] [id=266521]
  0x00007fcdac010800 GCTaskThread "GC Thread#10" [stack: 0x00007fce189fb000,0x00007fce18afb000] [id=266522]
  0x00007fcdac012800 GCTaskThread "GC Thread#11" [stack: 0x00007fce188fa000,0x00007fce189fa000] [id=266523]
  0x00007fcdac014000 GCTaskThread "GC Thread#12" [stack: 0x00007fce187f9000,0x00007fce188f9000] [id=266524]
  0x00007fcdac016000 GCTaskThread "GC Thread#13" [stack: 0x00007fce186f8000,0x00007fce187f8000] [id=266525]
  0x00007fcdac017800 GCTaskThread "GC Thread#14" [stack: 0x00007fce185f7000,0x00007fce186f7000] [id=266526]
  0x00007fcdac019800 GCTaskThread "GC Thread#15" [stack: 0x00007fce184f6000,0x00007fce185f6000] [id=266527]
  0x00007fcdac01b000 GCTaskThread "GC Thread#16" [stack: 0x00007fce183f5000,0x00007fce184f5000] [id=266528]
  0x00007fcdac01c800 GCTaskThread "GC Thread#17" [stack: 0x00007fce182f4000,0x00007fce183f4000] [id=266529]
  0x00007fcdac01e800 GCTaskThread "GC Thread#18" [stack: 0x00007fce181f3000,0x00007fce182f3000] [id=266530]
  0x00007fcdac020000 GCTaskThread "GC Thread#19" [stack: 0x00007fce180f2000,0x00007fce181f2000] [id=266531]
  0x00007fcdac022000 GCTaskThread "GC Thread#20" [stack: 0x00007fcdd0700000,0x00007fcdd0800000] [id=266532]
  0x00007fcdac023800 GCTaskThread "GC Thread#21" [stack: 0x00007fcdd05ff000,0x00007fcdd06ff000] [id=266533]
  0x00007fcdac025800 GCTaskThread "GC Thread#22" [stack: 0x00007fcdd04fe000,0x00007fcdd05fe000] [id=266534]
  0x000000000be45800 ConcurrentGCThread "G1 Main Marker" [stack: 0x00007fce30ade000,0x00007fce30bde000] [id=266490]
  0x000000000be5c800 ConcurrentGCThread "G1 Conc#0" [stack: 0x00007fce2cd00000,0x00007fce2ce00000] [id=266491]
  0x000000008da22000 ConcurrentGCThread "G1 Refine#0" [stack: 0x00007fce2c700000,0x00007fce2c800000] [id=266492]
  0x000000008da23000 ConcurrentGCThread "G1 Young RemSet Sampling" [stack: 0x00007fce2c5ff000,0x00007fce2c6ff000] [id=266493]

Threads with active compile tasks:

VM state:at safepoint (shutting down)

VM Mutex/Monitor currently owned by a thread:  ([mutex/lock_event])
[0x000000006985baf0] Threads_lock - owner thread: 0x000000008dbaa800

Heap address: 0x0000001000400000, size: 30688 MB, Compressed Oops mode: Non-zero disjoint base: 0x0000001000000000, Oop shift amount: 3
Narrow klass base: 0x0000000800000000, Narrow klass shift: 3
Compressed class space size: 1073741824 Address: 0x0000000840000000

Heap:
 garbage-first heap   total 2105344K, used 942085K [0x0000001000400000, 0x000000177e400000)
  region size 4096K, 199 young (815104K), 1 survivors (4096K)
 Metaspace       used 6355K, capacity 7681K, committed 7808K, reserved 1056768K
  class space    used 747K, capacity 1053K, committed 1152K, reserved 1048576K
Heap Regions: E=young(eden), S=young(survivor), O=old, HS=humongous(starts), HC=humongous(continues), CS=collection set, F=free, A=archive, TAMS=top-at-mark-start (previous, next)
|   0|0x0000001000400000, 0x0000001000800000, 0x0000001000800000|100%|HS|  |TAMS 0x0000001000400000, 0x0000001000400000| Complete 
|   1|0x0000001000800000, 0x0000001000c00000, 0x0000001000c00000|100%|HC|  |TAMS 0x0000001000800000, 0x0000001000800000| Complete 
|   2|0x0000001000c00000, 0x0000001001000000, 0x0000001001000000|100%|HS|  |TAMS 0x0000001000c00000, 0x0000001000c00000| Complete 
|   3|0x0000001001000000, 0x0000001001400000, 0x0000001001400000|100%|HS|  |TAMS 0x0000001001000000, 0x0000001001000000| Complete 
|   4|0x0000001001400000, 0x0000001001800000, 0x0000001001800000|100%|HC|  |TAMS 0x0000001001400000, 0x0000001001400000| Complete 
|   5|0x0000001001800000, 0x0000001001c00000, 0x0000001001c00000|100%|HC|  |TAMS 0x0000001001800000, 0x0000001001800000| Complete 
|   6|0x0000001001c00000, 0x0000001002000000, 0x0000001002000000|100%|HC|  |TAMS 0x0000001001c00000, 0x0000001001c00000| Complete 
|   7|0x0000001002000000, 0x0000001002400000, 0x0000001002400000|100%|HC|  |TAMS 0x0000001002000000, 0x0000001002000000| Complete 
|   8|0x0000001002400000, 0x0000001002800000, 0x0000001002800000|100%|HC|  |TAMS 0x0000001002400000, 0x0000001002400000| Complete 
|   9|0x0000001002800000, 0x0000001002c00000, 0x0000001002c00000|100%|HS|  |TAMS 0x0000001002800000, 0x0000001002800000| Complete 
|  10|0x0000001002c00000, 0x0000001003000000, 0x0000001003000000|100%|HC|  |TAMS 0x0000001002c00000, 0x0000001002c00000| Complete 
|  11|0x0000001003000000, 0x0000001003400000, 0x0000001003400000|100%|HC|  |TAMS 0x0000001003000000, 0x0000001003000000| Complete 
|  12|0x0000001003400000, 0x0000001003800000, 0x0000001003800000|100%|HS|  |TAMS 0x0000001003400000, 0x0000001003400000| Complete 
|  13|0x0000001003800000, 0x0000001003c00000, 0x0000001003c00000|100%|HS|  |TAMS 0x0000001003800000, 0x0000001003800000| Complete 
|  14|0x0000001003c00000, 0x0000001004000000, 0x0000001004000000|100%|HC|  |TAMS 0x0000001003c00000, 0x0000001003c00000| Complete 
|  15|0x0000001004000000, 0x0000001004400000, 0x0000001004400000|100%|HC|  |TAMS 0x0000001004000000, 0x0000001004000000| Complete 
|  16|0x0000001004400000, 0x0000001004800000, 0x0000001004800000|100%|HC|  |TAMS 0x0000001004400000, 0x0000001004400000| Complete 
|  17|0x0000001004800000, 0x0000001004c00000, 0x0000001004c00000|100%|HC|  |TAMS 0x0000001004800000, 0x0000001004800000| Complete 
|  18|0x0000001004c00000, 0x0000001005000000, 0x0000001005000000|100%|HC|  |TAMS 0x0000001004c00000, 0x0000001004c00000| Complete 
|  19|0x0000001005000000, 0x0000001005000000, 0x0000001005400000|  0%| F|  |TAMS 0x0000001005000000, 0x0000001005000000| Untracked 
|  20|0x0000001005400000, 0x0000001005400000, 0x0000001005800000|  0%| F|  |TAMS 0x0000001005400000, 0x0000001005400000| Untracked 
|  21|0x0000001005800000, 0x0000001005800000, 0x0000001005c00000|  0%| F|  |TAMS 0x0000001005800000, 0x0000001005800000| Untracked 
|  22|0x0000001005c00000, 0x0000001005c00000, 0x0000001006000000|  0%| F|  |TAMS 0x0000001005c00000, 0x0000001005c00000| Untracked 
|  23|0x0000001006000000, 0x0000001006000000, 0x0000001006400000|  0%| F|  |TAMS 0x0000001006000000, 0x0000001006000000| Untracked 
|  24|0x0000001006400000, 0x0000001006400000, 0x0000001006800000|  0%| F|  |TAMS 0x0000001006400000, 0x0000001006400000| Untracked 
|  25|0x0000001006800000, 0x0000001006800000, 0x0000001006c00000|  0%| F|  |TAMS 0x0000001006800000, 0x0000001006800000| Untracked 
|  26|0x0000001006c00000, 0x0000001006c00000, 0x0000001007000000|  0%| F|  |TAMS 0x0000001006c00000, 0x0000001006c00000| Untracked 
|  27|0x0000001007000000, 0x0000001007000000, 0x0000001007400000|  0%| F|  |TAMS 0x0000001007000000, 0x0000001007000000| Untracked 
|  28|0x0000001007400000, 0x0000001007400000, 0x0000001007800000|  0%| F|  |TAMS 0x0000001007400000, 0x0000001007400000| Untracked 
|  29|0x0000001007800000, 0x0000001007800000, 0x0000001007c00000|  0%| F|  |TAMS 0x0000001007800000, 0x0000001007800000| Untracked 
|  30|0x0000001007c00000, 0x0000001007c00000, 0x0000001008000000|  0%| F|  |TAMS 0x0000001007c00000, 0x0000001007c00000| Untracked 
|  31|0x0000001008000000, 0x0000001008000000, 0x0000001008400000|  0%| F|  |TAMS 0x0000001008000000, 0x0000001008000000| Untracked 
|  32|0x0000001008400000, 0x0000001008800000, 0x0000001008800000|100%|HS|  |TAMS 0x0000001008400000, 0x0000001008400000| Complete 
|  33|0x0000001008800000, 0x0000001008c00000, 0x0000001008c00000|100%|HC|  |TAMS 0x0000001008800000, 0x0000001008800000| Complete 
|  34|0x0000001008c00000, 0x0000001009000000, 0x0000001009000000|100%|HC|  |TAMS 0x0000001008c00000, 0x0000001008c00000| Complete 
|  35|0x0000001009000000, 0x0000001009400000, 0x0000001009400000|100%|HS|  |TAMS 0x0000001009000000, 0x0000001009000000| Complete 
|  36|0x0000001009400000, 0x0000001009800000, 0x0000001009800000|100%|HS|  |TAMS 0x0000001009400000, 0x0000001009400000| Complete 
|  37|0x0000001009800000, 0x0000001009c00000, 0x0000001009c00000|100%|HC|  |TAMS 0x0000001009800000, 0x0000001009800000| Complete 
|  38|0x0000001009c00000, 0x000000100a000000, 0x000000100a000000|100%|HC|  |TAMS 0x0000001009c00000, 0x0000001009c00000| Complete 
|  39|0x000000100a000000, 0x000000100a400000, 0x000000100a400000|100%|HC|  |TAMS 0x000000100a000000, 0x000000100a000000| Complete 
|  40|0x000000100a400000, 0x000000100a800000, 0x000000100a800000|100%|HC|  |TAMS 0x000000100a400000, 0x000000100a400000| Complete 
|  41|0x000000100a800000, 0x000000100ac00000, 0x000000100ac00000|100%|HC|  |TAMS 0x000000100a800000, 0x000000100a800000| Complete 
|  42|0x000000100ac00000, 0x000000100b000000, 0x000000100b000000|100%|HS|  |TAMS 0x000000100ac00000, 0x000000100ac00000| Complete 
|  43|0x000000100b000000, 0x000000100b400000, 0x000000100b400000|100%|HC|  |TAMS 0x000000100b000000, 0x000000100b000000| Complete 
|  44|0x000000100b400000, 0x000000100b800000, 0x000000100b800000|100%|HC|  |TAMS 0x000000100b400000, 0x000000100b400000| Complete 
|  45|0x000000100b800000, 0x000000100b800000, 0x000000100bc00000|  0%| F|  |TAMS 0x000000100b800000, 0x000000100b800000| Untracked 
|  46|0x000000100bc00000, 0x000000100bc00000, 0x000000100c000000|  0%| F|  |TAMS 0x000000100bc00000, 0x000000100bc00000| Untracked 
|  47|0x000000100c000000, 0x000000100c000000, 0x000000100c400000|  0%| F|  |TAMS 0x000000100c000000, 0x000000100c000000| Untracked 
|  48|0x000000100c400000, 0x000000100c400000, 0x000000100c800000|  0%| F|  |TAMS 0x000000100c400000, 0x000000100c400000| Untracked 
|  49|0x000000100c800000, 0x000000100c800000, 0x000000100cc00000|  0%| F|  |TAMS 0x000000100c800000, 0x000000100c800000| Untracked 
|  50|0x000000100cc00000, 0x000000100cc00000, 0x000000100d000000|  0%| F|  |TAMS 0x000000100cc00000, 0x000000100cc00000| Untracked 
|  51|0x000000100d000000, 0x000000100d000000, 0x000000100d400000|  0%| F|  |TAMS 0x000000100d000000, 0x000000100d000000| Untracked 
|  52|0x000000100d400000, 0x000000100d400000, 0x000000100d800000|  0%| F|  |TAMS 0x000000100d400000, 0x000000100d400000| Untracked 
|  53|0x000000100d800000, 0x000000100d800000, 0x000000100dc00000|  0%| F|  |TAMS 0x000000100d800000, 0x000000100d800000| Untracked 
|  54|0x000000100dc00000, 0x000000100dc00000, 0x000000100e000000|  0%| F|  |TAMS 0x000000100dc00000, 0x000000100dc00000| Untracked 
|  55|0x000000100e000000, 0x000000100e000000, 0x000000100e400000|  0%| F|  |TAMS 0x000000100e000000, 0x000000100e000000| Untracked 
|  56|0x000000100e400000, 0x000000100e400000, 0x000000100e800000|  0%| F|  |TAMS 0x000000100e400000, 0x000000100e400000| Untracked 
|  57|0x000000100e800000, 0x000000100e800000, 0x000000100ec00000|  0%| F|  |TAMS 0x000000100e800000, 0x000000100e800000| Untracked 
|  58|0x000000100ec00000, 0x000000100ec00000, 0x000000100f000000|  0%| F|  |TAMS 0x000000100ec00000, 0x000000100ec00000| Untracked 
|  59|0x000000100f000000, 0x000000100f000000, 0x000000100f400000|  0%| F|  |TAMS 0x000000100f000000, 0x000000100f000000| Untracked 
|  60|0x000000100f400000, 0x000000100f400000, 0x000000100f800000|  0%| F|  |TAMS 0x000000100f400000, 0x000000100f400000| Untracked 
|  61|0x000000100f800000, 0x000000100f800000, 0x000000100fc00000|  0%| F|  |TAMS 0x000000100f800000, 0x000000100f800000| Untracked 
|  62|0x000000100fc00000, 0x000000100fc00000, 0x0000001010000000|  0%| F|  |TAMS 0x000000100fc00000, 0x000000100fc00000| Untracked 
|  63|0x0000001010000000, 0x0000001010000000, 0x0000001010400000|  0%| F|  |TAMS 0x0000001010000000, 0x0000001010000000| Untracked 
|  64|0x0000001010400000, 0x0000001010400000, 0x0000001010800000|  0%| F|  |TAMS 0x0000001010400000, 0x0000001010400000| Untracked 
|  65|0x0000001010800000, 0x0000001010800000, 0x0000001010c00000|  0%| F|  |TAMS 0x0000001010800000, 0x0000001010800000| Untracked 
|  66|0x0000001010c00000, 0x0000001010c00000, 0x0000001011000000|  0%| F|  |TAMS 0x0000001010c00000, 0x0000001010c00000| Untracked 
|  67|0x0000001011000000, 0x0000001011000000, 0x0000001011400000|  0%| F|  |TAMS 0x0000001011000000, 0x0000001011000000| Untracked 
|  68|0x0000001011400000, 0x0000001011400000, 0x0000001011800000|  0%| F|  |TAMS 0x0000001011400000, 0x0000001011400000| Untracked 
|  69|0x0000001011800000, 0x0000001011800000, 0x0000001011c00000|  0%| F|  |TAMS 0x0000001011800000, 0x0000001011800000| Untracked 
|  70|0x0000001011c00000, 0x0000001011c00000, 0x0000001012000000|  0%| F|  |TAMS 0x0000001011c00000, 0x0000001011c00000| Untracked 
|  71|0x0000001012000000, 0x0000001012000000, 0x0000001012400000|  0%| F|  |TAMS 0x0000001012000000, 0x0000001012000000| Untracked 
|  72|0x0000001012400000, 0x0000001012400000, 0x0000001012800000|  0%| F|  |TAMS 0x0000001012400000, 0x0000001012400000| Untracked 
|  73|0x0000001012800000, 0x0000001012800000, 0x0000001012c00000|  0%| F|  |TAMS 0x0000001012800000, 0x0000001012800000| Untracked 
|  74|0x0000001012c00000, 0x0000001012c00000, 0x0000001013000000|  0%| F|  |TAMS 0x0000001012c00000, 0x0000001012c00000| Untracked 
|  75|0x0000001013000000, 0x0000001013000000, 0x0000001013400000|  0%| F|  |TAMS 0x0000001013000000, 0x0000001013000000| Untracked 
|  76|0x0000001013400000, 0x0000001013400000, 0x0000001013800000|  0%| F|  |TAMS 0x0000001013400000, 0x0000001013400000| Untracked 
|  77|0x0000001013800000, 0x0000001013800000, 0x0000001013c00000|  0%| F|  |TAMS 0x0000001013800000, 0x0000001013800000| Untracked 
|  78|0x0000001013c00000, 0x0000001013c00000, 0x0000001014000000|  0%| F|  |TAMS 0x0000001013c00000, 0x0000001013c00000| Untracked 
|  79|0x0000001014000000, 0x0000001014000000, 0x0000001014400000|  0%| F|  |TAMS 0x0000001014000000, 0x0000001014000000| Untracked 
|  80|0x0000001014400000, 0x0000001014400000, 0x0000001014800000|  0%| F|  |TAMS 0x0000001014400000, 0x0000001014400000| Untracked 
|  81|0x0000001014800000, 0x0000001014800000, 0x0000001014c00000|  0%| F|  |TAMS 0x0000001014800000, 0x0000001014800000| Untracked 
|  82|0x0000001014c00000, 0x0000001014c00000, 0x0000001015000000|  0%| F|  |TAMS 0x0000001014c00000, 0x0000001014c00000| Untracked 
|  83|0x0000001015000000, 0x0000001015000000, 0x0000001015400000|  0%| F|  |TAMS 0x0000001015000000, 0x0000001015000000| Untracked 
|  84|0x0000001015400000, 0x0000001015400000, 0x0000001015800000|  0%| F|  |TAMS 0x0000001015400000, 0x0000001015400000| Untracked 
|  85|0x0000001015800000, 0x0000001015800000, 0x0000001015c00000|  0%| F|  |TAMS 0x0000001015800000, 0x0000001015800000| Untracked 
|  86|0x0000001015c00000, 0x0000001015c00000, 0x0000001016000000|  0%| F|  |TAMS 0x0000001015c00000, 0x0000001015c00000| Untracked 
|  87|0x0000001016000000, 0x0000001016000000, 0x0000001016400000|  0%| F|  |TAMS 0x0000001016000000, 0x0000001016000000| Untracked 
|  88|0x0000001016400000, 0x0000001016400000, 0x0000001016800000|  0%| F|  |TAMS 0x0000001016400000, 0x0000001016400000| Untracked 
|  89|0x0000001016800000, 0x0000001016800000, 0x0000001016c00000|  0%| F|  |TAMS 0x0000001016800000, 0x0000001016800000| Untracked 
|  90|0x0000001016c00000, 0x0000001016c00000, 0x0000001017000000|  0%| F|  |TAMS 0x0000001016c00000, 0x0000001016c00000| Untracked 
|  91|0x0000001017000000, 0x0000001017000000, 0x0000001017400000|  0%| F|  |TAMS 0x0000001017000000, 0x0000001017000000| Untracked 
|  92|0x0000001017400000, 0x0000001017400000, 0x0000001017800000|  0%| F|  |TAMS 0x0000001017400000, 0x0000001017400000| Untracked 
|  93|0x0000001017800000, 0x0000001017800000, 0x0000001017c00000|  0%| F|  |TAMS 0x0000001017800000, 0x0000001017800000| Untracked 
|  94|0x0000001017c00000, 0x0000001017c00000, 0x0000001018000000|  0%| F|  |TAMS 0x0000001017c00000, 0x0000001017c00000| Untracked 
|  95|0x0000001018000000, 0x0000001018000000, 0x0000001018400000|  0%| F|  |TAMS 0x0000001018000000, 0x0000001018000000| Untracked 
|  96|0x0000001018400000, 0x0000001018400000, 0x0000001018800000|  0%| F|  |TAMS 0x0000001018400000, 0x0000001018400000| Untracked 
|  97|0x0000001018800000, 0x0000001018800000, 0x0000001018c00000|  0%| F|  |TAMS 0x0000001018800000, 0x0000001018800000| Untracked 
|  98|0x0000001018c00000, 0x0000001018c00000, 0x0000001019000000|  0%| F|  |TAMS 0x0000001018c00000, 0x0000001018c00000| Untracked 
|  99|0x0000001019000000, 0x0000001019000000, 0x0000001019400000|  0%| F|  |TAMS 0x0000001019000000, 0x0000001019000000| Untracked 
| 100|0x0000001019400000, 0x0000001019400000, 0x0000001019800000|  0%| F|  |TAMS 0x0000001019400000, 0x0000001019400000| Untracked 
| 101|0x0000001019800000, 0x0000001019800000, 0x0000001019c00000|  0%| F|  |TAMS 0x0000001019800000, 0x0000001019800000| Untracked 
| 102|0x0000001019c00000, 0x0000001019c00000, 0x000000101a000000|  0%| F|  |TAMS 0x0000001019c00000, 0x0000001019c00000| Untracked 
| 103|0x000000101a000000, 0x000000101a000000, 0x000000101a400000|  0%| F|  |TAMS 0x000000101a000000, 0x000000101a000000| Untracked 
| 104|0x000000101a400000, 0x000000101a400000, 0x000000101a800000|  0%| F|  |TAMS 0x000000101a400000, 0x000000101a400000| Untracked 
| 105|0x000000101a800000, 0x000000101a800000, 0x000000101ac00000|  0%| F|  |TAMS 0x000000101a800000, 0x000000101a800000| Untracked 
| 106|0x000000101ac00000, 0x000000101ac00000, 0x000000101b000000|  0%| F|  |TAMS 0x000000101ac00000, 0x000000101ac00000| Untracked 
| 107|0x000000101b000000, 0x000000101b000000, 0x000000101b400000|  0%| F|  |TAMS 0x000000101b000000, 0x000000101b000000| Untracked 
| 108|0x000000101b400000, 0x000000101b400000, 0x000000101b800000|  0%| F|  |TAMS 0x000000101b400000, 0x000000101b400000| Untracked 
| 109|0x000000101b800000, 0x000000101b800000, 0x000000101bc00000|  0%| F|  |TAMS 0x000000101b800000, 0x000000101b800000| Untracked 
| 110|0x000000101bc00000, 0x000000101bc00000, 0x000000101c000000|  0%| F|  |TAMS 0x000000101bc00000, 0x000000101bc00000| Untracked 
| 111|0x000000101c000000, 0x000000101c000000, 0x000000101c400000|  0%| F|  |TAMS 0x000000101c000000, 0x000000101c000000| Untracked 
| 112|0x000000101c400000, 0x000000101c400000, 0x000000101c800000|  0%| F|  |TAMS 0x000000101c400000, 0x000000101c400000| Untracked 
| 113|0x000000101c800000, 0x000000101c800000, 0x000000101cc00000|  0%| F|  |TAMS 0x000000101c800000, 0x000000101c800000| Untracked 
| 114|0x000000101cc00000, 0x000000101cc00000, 0x000000101d000000|  0%| F|  |TAMS 0x000000101cc00000, 0x000000101cc00000| Untracked 
| 115|0x000000101d000000, 0x000000101d000000, 0x000000101d400000|  0%| F|  |TAMS 0x000000101d000000, 0x000000101d000000| Untracked 
| 116|0x000000101d400000, 0x000000101d400000, 0x000000101d800000|  0%| F|  |TAMS 0x000000101d400000, 0x000000101d400000| Untracked 
| 117|0x000000101d800000, 0x000000101d800000, 0x000000101dc00000|  0%| F|  |TAMS 0x000000101d800000, 0x000000101d800000| Untracked 
| 118|0x000000101dc00000, 0x000000101dc00000, 0x000000101e000000|  0%| F|  |TAMS 0x000000101dc00000, 0x000000101dc00000| Untracked 
| 119|0x000000101e000000, 0x000000101e000000, 0x000000101e400000|  0%| F|  |TAMS 0x000000101e000000, 0x000000101e000000| Untracked 
| 120|0x000000101e400000, 0x000000101e400000, 0x000000101e800000|  0%| F|  |TAMS 0x000000101e400000, 0x000000101e400000| Untracked 
| 121|0x000000101e800000, 0x000000101e800000, 0x000000101ec00000|  0%| F|  |TAMS 0x000000101e800000, 0x000000101e800000| Untracked 
| 122|0x000000101ec00000, 0x000000101ec00000, 0x000000101f000000|  0%| F|  |TAMS 0x000000101ec00000, 0x000000101ec00000| Untracked 
| 123|0x000000101f000000, 0x000000101f000000, 0x000000101f400000|  0%| F|  |TAMS 0x000000101f000000, 0x000000101f000000| Untracked 
| 124|0x000000101f400000, 0x000000101f400000, 0x000000101f800000|  0%| F|  |TAMS 0x000000101f400000, 0x000000101f400000| Untracked 
| 125|0x000000101f800000, 0x000000101f800000, 0x000000101fc00000|  0%| F|  |TAMS 0x000000101f800000, 0x000000101f800000| Untracked 
| 126|0x000000101fc00000, 0x000000101fc00000, 0x0000001020000000|  0%| F|  |TAMS 0x000000101fc00000, 0x000000101fc00000| Untracked 
| 127|0x0000001020000000, 0x0000001020000000, 0x0000001020400000|  0%| F|  |TAMS 0x0000001020000000, 0x0000001020000000| Untracked 
| 128|0x0000001020400000, 0x0000001020400000, 0x0000001020800000|  0%| F|  |TAMS 0x0000001020400000, 0x0000001020400000| Untracked 
| 129|0x0000001020800000, 0x0000001020800000, 0x0000001020c00000|  0%| F|  |TAMS 0x0000001020800000, 0x0000001020800000| Untracked 
| 130|0x0000001020c00000, 0x0000001020c00000, 0x0000001021000000|  0%| F|  |TAMS 0x0000001020c00000, 0x0000001020c00000| Untracked 
| 131|0x0000001021000000, 0x0000001021000000, 0x0000001021400000|  0%| F|  |TAMS 0x0000001021000000, 0x0000001021000000| Untracked 
| 132|0x0000001021400000, 0x0000001021400000, 0x0000001021800000|  0%| F|  |TAMS 0x0000001021400000, 0x0000001021400000| Untracked 
| 133|0x0000001021800000, 0x0000001021800000, 0x0000001021c00000|  0%| F|  |TAMS 0x0000001021800000, 0x0000001021800000| Untracked 
| 134|0x0000001021c00000, 0x0000001021c00000, 0x0000001022000000|  0%| F|  |TAMS 0x0000001021c00000, 0x0000001021c00000| Untracked 
| 135|0x0000001022000000, 0x0000001022000000, 0x0000001022400000|  0%| F|  |TAMS 0x0000001022000000, 0x0000001022000000| Untracked 
| 136|0x0000001022400000, 0x0000001022400000, 0x0000001022800000|  0%| F|  |TAMS 0x0000001022400000, 0x0000001022400000| Untracked 
| 137|0x0000001022800000, 0x0000001022800000, 0x0000001022c00000|  0%| F|  |TAMS 0x0000001022800000, 0x0000001022800000| Untracked 
| 138|0x0000001022c00000, 0x0000001022c00000, 0x0000001023000000|  0%| F|  |TAMS 0x0000001022c00000, 0x0000001022c00000| Untracked 
| 139|0x0000001023000000, 0x0000001023000000, 0x0000001023400000|  0%| F|  |TAMS 0x0000001023000000, 0x0000001023000000| Untracked 
| 140|0x0000001023400000, 0x0000001023400000, 0x0000001023800000|  0%| F|  |TAMS 0x0000001023400000, 0x0000001023400000| Untracked 
| 141|0x0000001023800000, 0x0000001023800000, 0x0000001023c00000|  0%| F|  |TAMS 0x0000001023800000, 0x0000001023800000| Untracked 
| 142|0x0000001023c00000, 0x0000001023c00000, 0x0000001024000000|  0%| F|  |TAMS 0x0000001023c00000, 0x0000001023c00000| Untracked 
| 143|0x0000001024000000, 0x0000001024000000, 0x0000001024400000|  0%| F|  |TAMS 0x0000001024000000, 0x0000001024000000| Untracked 
| 144|0x0000001024400000, 0x0000001024400000, 0x0000001024800000|  0%| F|  |TAMS 0x0000001024400000, 0x0000001024400000| Untracked 
| 145|0x0000001024800000, 0x0000001024800000, 0x0000001024c00000|  0%| F|  |TAMS 0x0000001024800000, 0x0000001024800000| Untracked 
| 146|0x0000001024c00000, 0x0000001024c00000, 0x0000001025000000|  0%| F|  |TAMS 0x0000001024c00000, 0x0000001024c00000| Untracked 
| 147|0x0000001025000000, 0x0000001025000000, 0x0000001025400000|  0%| F|  |TAMS 0x0000001025000000, 0x0000001025000000| Untracked 
| 148|0x0000001025400000, 0x0000001025400000, 0x0000001025800000|  0%| F|  |TAMS 0x0000001025400000, 0x0000001025400000| Untracked 
| 149|0x0000001025800000, 0x0000001025800000, 0x0000001025c00000|  0%| F|  |TAMS 0x0000001025800000, 0x0000001025800000| Untracked 
| 150|0x0000001025c00000, 0x0000001025c00000, 0x0000001026000000|  0%| F|  |TAMS 0x0000001025c00000, 0x0000001025c00000| Untracked 
| 151|0x0000001026000000, 0x0000001026000000, 0x0000001026400000|  0%| F|  |TAMS 0x0000001026000000, 0x0000001026000000| Untracked 
| 152|0x0000001026400000, 0x0000001026400000, 0x0000001026800000|  0%| F|  |TAMS 0x0000001026400000, 0x0000001026400000| Untracked 
| 153|0x0000001026800000, 0x0000001026800000, 0x0000001026c00000|  0%| F|  |TAMS 0x0000001026800000, 0x0000001026800000| Untracked 
| 154|0x0000001026c00000, 0x0000001026c00000, 0x0000001027000000|  0%| F|  |TAMS 0x0000001026c00000, 0x0000001026c00000| Untracked 
| 155|0x0000001027000000, 0x0000001027000000, 0x0000001027400000|  0%| F|  |TAMS 0x0000001027000000, 0x0000001027000000| Untracked 
| 156|0x0000001027400000, 0x0000001027400000, 0x0000001027800000|  0%| F|  |TAMS 0x0000001027400000, 0x0000001027400000| Untracked 
| 157|0x0000001027800000, 0x0000001027800000, 0x0000001027c00000|  0%| F|  |TAMS 0x0000001027800000, 0x0000001027800000| Untracked 
| 158|0x0000001027c00000, 0x0000001027c00000, 0x0000001028000000|  0%| F|  |TAMS 0x0000001027c00000, 0x0000001027c00000| Untracked 
| 159|0x0000001028000000, 0x0000001028000000, 0x0000001028400000|  0%| F|  |TAMS 0x0000001028000000, 0x0000001028000000| Untracked 
| 160|0x0000001028400000, 0x0000001028400000, 0x0000001028800000|  0%| F|  |TAMS 0x0000001028400000, 0x0000001028400000| Untracked 
| 161|0x0000001028800000, 0x0000001028800000, 0x0000001028c00000|  0%| F|  |TAMS 0x0000001028800000, 0x0000001028800000| Untracked 
| 162|0x0000001028c00000, 0x0000001028c00000, 0x0000001029000000|  0%| F|  |TAMS 0x0000001028c00000, 0x0000001028c00000| Untracked 
| 163|0x0000001029000000, 0x0000001029000000, 0x0000001029400000|  0%| F|  |TAMS 0x0000001029000000, 0x0000001029000000| Untracked 
| 164|0x0000001029400000, 0x0000001029400000, 0x0000001029800000|  0%| F|  |TAMS 0x0000001029400000, 0x0000001029400000| Untracked 
| 165|0x0000001029800000, 0x0000001029800000, 0x0000001029c00000|  0%| F|  |TAMS 0x0000001029800000, 0x0000001029800000| Untracked 
| 166|0x0000001029c00000, 0x0000001029c00000, 0x000000102a000000|  0%| F|  |TAMS 0x0000001029c00000, 0x0000001029c00000| Untracked 
| 167|0x000000102a000000, 0x000000102a000000, 0x000000102a400000|  0%| F|  |TAMS 0x000000102a000000, 0x000000102a000000| Untracked 
| 168|0x000000102a400000, 0x000000102a400000, 0x000000102a800000|  0%| F|  |TAMS 0x000000102a400000, 0x000000102a400000| Untracked 
| 169|0x000000102a800000, 0x000000102a800000, 0x000000102ac00000|  0%| F|  |TAMS 0x000000102a800000, 0x000000102a800000| Untracked 
| 170|0x000000102ac00000, 0x000000102ac00000, 0x000000102b000000|  0%| F|  |TAMS 0x000000102ac00000, 0x000000102ac00000| Untracked 
| 171|0x000000102b000000, 0x000000102b000000, 0x000000102b400000|  0%| F|  |TAMS 0x000000102b000000, 0x000000102b000000| Untracked 
| 172|0x000000102b400000, 0x000000102b400000, 0x000000102b800000|  0%| F|  |TAMS 0x000000102b400000, 0x000000102b400000| Untracked 
| 173|0x000000102b800000, 0x000000102b800000, 0x000000102bc00000|  0%| F|  |TAMS 0x000000102b800000, 0x000000102b800000| Untracked 
| 174|0x000000102bc00000, 0x000000102bc00000, 0x000000102c000000|  0%| F|  |TAMS 0x000000102bc00000, 0x000000102bc00000| Untracked 
| 175|0x000000102c000000, 0x000000102c000000, 0x000000102c400000|  0%| F|  |TAMS 0x000000102c000000, 0x000000102c000000| Untracked 
| 176|0x000000102c400000, 0x000000102c400000, 0x000000102c800000|  0%| F|  |TAMS 0x000000102c400000, 0x000000102c400000| Untracked 
| 177|0x000000102c800000, 0x000000102c800000, 0x000000102cc00000|  0%| F|  |TAMS 0x000000102c800000, 0x000000102c800000| Untracked 
| 178|0x000000102cc00000, 0x000000102cc00000, 0x000000102d000000|  0%| F|  |TAMS 0x000000102cc00000, 0x000000102cc00000| Untracked 
| 179|0x000000102d000000, 0x000000102d000000, 0x000000102d400000|  0%| F|  |TAMS 0x000000102d000000, 0x000000102d000000| Untracked 
| 180|0x000000102d400000, 0x000000102d400000, 0x000000102d800000|  0%| F|  |TAMS 0x000000102d400000, 0x000000102d400000| Untracked 
| 181|0x000000102d800000, 0x000000102d800000, 0x000000102dc00000|  0%| F|  |TAMS 0x000000102d800000, 0x000000102d800000| Untracked 
| 182|0x000000102dc00000, 0x000000102dc00000, 0x000000102e000000|  0%| F|  |TAMS 0x000000102dc00000, 0x000000102dc00000| Untracked 
| 183|0x000000102e000000, 0x000000102e000000, 0x000000102e400000|  0%| F|  |TAMS 0x000000102e000000, 0x000000102e000000| Untracked 
| 184|0x000000102e400000, 0x000000102e400000, 0x000000102e800000|  0%| F|  |TAMS 0x000000102e400000, 0x000000102e400000| Untracked 
| 185|0x000000102e800000, 0x000000102e800000, 0x000000102ec00000|  0%| F|  |TAMS 0x000000102e800000, 0x000000102e800000| Untracked 
| 186|0x000000102ec00000, 0x000000102ec00000, 0x000000102f000000|  0%| F|  |TAMS 0x000000102ec00000, 0x000000102ec00000| Untracked 
| 187|0x000000102f000000, 0x000000102f000000, 0x000000102f400000|  0%| F|  |TAMS 0x000000102f000000, 0x000000102f000000| Untracked 
| 188|0x000000102f400000, 0x000000102f400000, 0x000000102f800000|  0%| F|  |TAMS 0x000000102f400000, 0x000000102f400000| Untracked 
| 189|0x000000102f800000, 0x000000102f800000, 0x000000102fc00000|  0%| F|  |TAMS 0x000000102f800000, 0x000000102f800000| Untracked 
| 190|0x000000102fc00000, 0x000000102fc00000, 0x0000001030000000|  0%| F|  |TAMS 0x000000102fc00000, 0x000000102fc00000| Untracked 
| 191|0x0000001030000000, 0x0000001030000000, 0x0000001030400000|  0%| F|  |TAMS 0x0000001030000000, 0x0000001030000000| Untracked 
| 192|0x0000001030400000, 0x0000001030400000, 0x0000001030800000|  0%| F|  |TAMS 0x0000001030400000, 0x0000001030400000| Untracked 
| 193|0x0000001030800000, 0x0000001030800000, 0x0000001030c00000|  0%| F|  |TAMS 0x0000001030800000, 0x0000001030800000| Untracked 
| 194|0x0000001030c00000, 0x0000001030c00000, 0x0000001031000000|  0%| F|  |TAMS 0x0000001030c00000, 0x0000001030c00000| Untracked 
| 195|0x0000001031000000, 0x0000001031000000, 0x0000001031400000|  0%| F|  |TAMS 0x0000001031000000, 0x0000001031000000| Untracked 
| 196|0x0000001031400000, 0x0000001031400000, 0x0000001031800000|  0%| F|  |TAMS 0x0000001031400000, 0x0000001031400000| Untracked 
| 197|0x0000001031800000, 0x0000001031800000, 0x0000001031c00000|  0%| F|  |TAMS 0x0000001031800000, 0x0000001031800000| Untracked 
| 198|0x0000001031c00000, 0x0000001031c00000, 0x0000001032000000|  0%| F|  |TAMS 0x0000001031c00000, 0x0000001031c00000| Untracked 
| 199|0x0000001032000000, 0x0000001032000000, 0x0000001032400000|  0%| F|  |TAMS 0x0000001032000000, 0x0000001032000000| Untracked 
| 200|0x0000001032400000, 0x0000001032400000, 0x0000001032800000|  0%| F|  |TAMS 0x0000001032400000, 0x0000001032400000| Untracked 
| 201|0x0000001032800000, 0x0000001032800000, 0x0000001032c00000|  0%| F|  |TAMS 0x0000001032800000, 0x0000001032800000| Untracked 
| 202|0x0000001032c00000, 0x0000001032c00000, 0x0000001033000000|  0%| F|  |TAMS 0x0000001032c00000, 0x0000001032c00000| Untracked 
| 203|0x0000001033000000, 0x0000001033000000, 0x0000001033400000|  0%| F|  |TAMS 0x0000001033000000, 0x0000001033000000| Untracked 
| 204|0x0000001033400000, 0x000000103374d410, 0x0000001033800000| 82%| S|CS|TAMS 0x0000001033400000, 0x0000001033400000| Complete 
| 205|0x0000001033800000, 0x0000001033800000, 0x0000001033c00000|  0%| F|  |TAMS 0x0000001033800000, 0x0000001033800000| Untracked 
| 206|0x0000001033c00000, 0x0000001033c00000, 0x0000001034000000|  0%| F|  |TAMS 0x0000001033c00000, 0x0000001033c00000| Untracked 
| 207|0x0000001034000000, 0x0000001034000000, 0x0000001034400000|  0%| F|  |TAMS 0x0000001034000000, 0x0000001034000000| Untracked 
| 208|0x0000001034400000, 0x0000001034400000, 0x0000001034800000|  0%| F|  |TAMS 0x0000001034400000, 0x0000001034400000| Untracked 
| 209|0x0000001034800000, 0x0000001034800000, 0x0000001034c00000|  0%| F|  |TAMS 0x0000001034800000, 0x0000001034800000| Untracked 
| 210|0x0000001034c00000, 0x0000001034c00000, 0x0000001035000000|  0%| F|  |TAMS 0x0000001034c00000, 0x0000001034c00000| Untracked 
| 211|0x0000001035000000, 0x0000001035000000, 0x0000001035400000|  0%| F|  |TAMS 0x0000001035000000, 0x0000001035000000| Untracked 
| 212|0x0000001035400000, 0x0000001035400000, 0x0000001035800000|  0%| F|  |TAMS 0x0000001035400000, 0x0000001035400000| Untracked 
| 213|0x0000001035800000, 0x0000001035800000, 0x0000001035c00000|  0%| F|  |TAMS 0x0000001035800000, 0x0000001035800000| Untracked 
| 214|0x0000001035c00000, 0x0000001035c00000, 0x0000001036000000|  0%| F|  |TAMS 0x0000001035c00000, 0x0000001035c00000| Untracked 
| 215|0x0000001036000000, 0x0000001036000000, 0x0000001036400000|  0%| F|  |TAMS 0x0000001036000000, 0x0000001036000000| Untracked 
| 216|0x0000001036400000, 0x0000001036400000, 0x0000001036800000|  0%| F|  |TAMS 0x0000001036400000, 0x0000001036400000| Untracked 
| 217|0x0000001036800000, 0x0000001036800000, 0x0000001036c00000|  0%| F|  |TAMS 0x0000001036800000, 0x0000001036800000| Untracked 
| 218|0x0000001036c00000, 0x0000001036c00000, 0x0000001037000000|  0%| F|  |TAMS 0x0000001036c00000, 0x0000001036c00000| Untracked 
| 219|0x0000001037000000, 0x0000001037000000, 0x0000001037400000|  0%| F|  |TAMS 0x0000001037000000, 0x0000001037000000| Untracked 
| 220|0x0000001037400000, 0x0000001037400000, 0x0000001037800000|  0%| F|  |TAMS 0x0000001037400000, 0x0000001037400000| Untracked 
| 221|0x0000001037800000, 0x0000001037800000, 0x0000001037c00000|  0%| F|  |TAMS 0x0000001037800000, 0x0000001037800000| Untracked 
| 222|0x0000001037c00000, 0x0000001037c00000, 0x0000001038000000|  0%| F|  |TAMS 0x0000001037c00000, 0x0000001037c00000| Untracked 
| 223|0x0000001038000000, 0x0000001038000000, 0x0000001038400000|  0%| F|  |TAMS 0x0000001038000000, 0x0000001038000000| Untracked 
| 224|0x0000001038400000, 0x0000001038400000, 0x0000001038800000|  0%| F|  |TAMS 0x0000001038400000, 0x0000001038400000| Untracked 
| 225|0x0000001038800000, 0x0000001038800000, 0x0000001038c00000|  0%| F|  |TAMS 0x0000001038800000, 0x0000001038800000| Untracked 
| 226|0x0000001038c00000, 0x0000001038c00000, 0x0000001039000000|  0%| F|  |TAMS 0x0000001038c00000, 0x0000001038c00000| Untracked 
| 227|0x0000001039000000, 0x0000001039000000, 0x0000001039400000|  0%| F|  |TAMS 0x0000001039000000, 0x0000001039000000| Untracked 
| 228|0x0000001039400000, 0x0000001039400000, 0x0000001039800000|  0%| F|  |TAMS 0x0000001039400000, 0x0000001039400000| Untracked 
| 229|0x0000001039800000, 0x0000001039800000, 0x0000001039c00000|  0%| F|  |TAMS 0x0000001039800000, 0x0000001039800000| Untracked 
| 230|0x0000001039c00000, 0x0000001039c00000, 0x000000103a000000|  0%| F|  |TAMS 0x0000001039c00000, 0x0000001039c00000| Untracked 
| 231|0x000000103a000000, 0x000000103a000000, 0x000000103a400000|  0%| F|  |TAMS 0x000000103a000000, 0x000000103a000000| Untracked 
| 232|0x000000103a400000, 0x000000103a400000, 0x000000103a800000|  0%| F|  |TAMS 0x000000103a400000, 0x000000103a400000| Untracked 
| 233|0x000000103a800000, 0x000000103a800000, 0x000000103ac00000|  0%| F|  |TAMS 0x000000103a800000, 0x000000103a800000| Untracked 
| 234|0x000000103ac00000, 0x000000103ac00000, 0x000000103b000000|  0%| F|  |TAMS 0x000000103ac00000, 0x000000103ac00000| Untracked 
| 235|0x000000103b000000, 0x000000103b000000, 0x000000103b400000|  0%| F|  |TAMS 0x000000103b000000, 0x000000103b000000| Untracked 
| 236|0x000000103b400000, 0x000000103b400000, 0x000000103b800000|  0%| F|  |TAMS 0x000000103b400000, 0x000000103b400000| Untracked 
| 237|0x000000103b800000, 0x000000103b800000, 0x000000103bc00000|  0%| F|  |TAMS 0x000000103b800000, 0x000000103b800000| Untracked 
| 238|0x000000103bc00000, 0x000000103bc00000, 0x000000103c000000|  0%| F|  |TAMS 0x000000103bc00000, 0x000000103bc00000| Untracked 
| 239|0x000000103c000000, 0x000000103c000000, 0x000000103c400000|  0%| F|  |TAMS 0x000000103c000000, 0x000000103c000000| Untracked 
| 240|0x000000103c400000, 0x000000103c400000, 0x000000103c800000|  0%| F|  |TAMS 0x000000103c400000, 0x000000103c400000| Untracked 
| 241|0x000000103c800000, 0x000000103c800000, 0x000000103cc00000|  0%| F|  |TAMS 0x000000103c800000, 0x000000103c800000| Untracked 
| 242|0x000000103cc00000, 0x000000103cc00000, 0x000000103d000000|  0%| F|  |TAMS 0x000000103cc00000, 0x000000103cc00000| Untracked 
| 243|0x000000103d000000, 0x000000103d000000, 0x000000103d400000|  0%| F|  |TAMS 0x000000103d000000, 0x000000103d000000| Untracked 
| 244|0x000000103d400000, 0x000000103d400000, 0x000000103d800000|  0%| F|  |TAMS 0x000000103d400000, 0x000000103d400000| Untracked 
| 245|0x000000103d800000, 0x000000103d800000, 0x000000103dc00000|  0%| F|  |TAMS 0x000000103d800000, 0x000000103d800000| Untracked 
| 246|0x000000103dc00000, 0x000000103dc00000, 0x000000103e000000|  0%| F|  |TAMS 0x000000103dc00000, 0x000000103dc00000| Untracked 
| 247|0x000000103e000000, 0x000000103e000000, 0x000000103e400000|  0%| F|  |TAMS 0x000000103e000000, 0x000000103e000000| Untracked 
| 248|0x000000103e400000, 0x000000103e400000, 0x000000103e800000|  0%| F|  |TAMS 0x000000103e400000, 0x000000103e400000| Untracked 
| 249|0x000000103e800000, 0x000000103e800000, 0x000000103ec00000|  0%| F|  |TAMS 0x000000103e800000, 0x000000103e800000| Untracked 
| 250|0x000000103ec00000, 0x000000103ec00000, 0x000000103f000000|  0%| F|  |TAMS 0x000000103ec00000, 0x000000103ec00000| Untracked 
| 251|0x000000103f000000, 0x000000103f000000, 0x000000103f400000|  0%| F|  |TAMS 0x000000103f000000, 0x000000103f000000| Untracked 
| 252|0x000000103f400000, 0x000000103f400000, 0x000000103f800000|  0%| F|  |TAMS 0x000000103f400000, 0x000000103f400000| Untracked 
| 253|0x000000103f800000, 0x000000103f800000, 0x000000103fc00000|  0%| F|  |TAMS 0x000000103f800000, 0x000000103f800000| Untracked 
| 254|0x000000103fc00000, 0x000000103fc00000, 0x0000001040000000|  0%| F|  |TAMS 0x000000103fc00000, 0x000000103fc00000| Untracked 
| 255|0x0000001040000000, 0x0000001040000000, 0x0000001040400000|  0%| F|  |TAMS 0x0000001040000000, 0x0000001040000000| Untracked 
| 256|0x0000001040400000, 0x0000001040400000, 0x0000001040800000|  0%| F|  |TAMS 0x0000001040400000, 0x0000001040400000| Untracked 
| 257|0x0000001040800000, 0x0000001040800000, 0x0000001040c00000|  0%| F|  |TAMS 0x0000001040800000, 0x0000001040800000| Untracked 
| 258|0x0000001040c00000, 0x0000001040c00000, 0x0000001041000000|  0%| F|  |TAMS 0x0000001040c00000, 0x0000001040c00000| Untracked 
| 259|0x0000001041000000, 0x0000001041000000, 0x0000001041400000|  0%| F|  |TAMS 0x0000001041000000, 0x0000001041000000| Untracked 
| 260|0x0000001041400000, 0x0000001041400000, 0x0000001041800000|  0%| F|  |TAMS 0x0000001041400000, 0x0000001041400000| Untracked 
| 261|0x0000001041800000, 0x0000001041800000, 0x0000001041c00000|  0%| F|  |TAMS 0x0000001041800000, 0x0000001041800000| Untracked 
| 262|0x0000001041c00000, 0x0000001041c00000, 0x0000001042000000|  0%| F|  |TAMS 0x0000001041c00000, 0x0000001041c00000| Untracked 
| 263|0x0000001042000000, 0x0000001042000000, 0x0000001042400000|  0%| F|  |TAMS 0x0000001042000000, 0x0000001042000000| Untracked 
| 264|0x0000001042400000, 0x0000001042400000, 0x0000001042800000|  0%| F|  |TAMS 0x0000001042400000, 0x0000001042400000| Untracked 
| 265|0x0000001042800000, 0x0000001042800000, 0x0000001042c00000|  0%| F|  |TAMS 0x0000001042800000, 0x0000001042800000| Untracked 
| 266|0x0000001042c00000, 0x0000001042c00000, 0x0000001043000000|  0%| F|  |TAMS 0x0000001042c00000, 0x0000001042c00000| Untracked 
| 267|0x0000001043000000, 0x0000001043000000, 0x0000001043400000|  0%| F|  |TAMS 0x0000001043000000, 0x0000001043000000| Untracked 
| 268|0x0000001043400000, 0x0000001043400000, 0x0000001043800000|  0%| F|  |TAMS 0x0000001043400000, 0x0000001043400000| Untracked 
| 269|0x0000001043800000, 0x0000001043800000, 0x0000001043c00000|  0%| F|  |TAMS 0x0000001043800000, 0x0000001043800000| Untracked 
| 270|0x0000001043c00000, 0x0000001043c00000, 0x0000001044000000|  0%| F|  |TAMS 0x0000001043c00000, 0x0000001043c00000| Untracked 
| 271|0x0000001044000000, 0x0000001044000000, 0x0000001044400000|  0%| F|  |TAMS 0x0000001044000000, 0x0000001044000000| Untracked 
| 272|0x0000001044400000, 0x0000001044400000, 0x0000001044800000|  0%| F|  |TAMS 0x0000001044400000, 0x0000001044400000| Untracked 
| 273|0x0000001044800000, 0x0000001044800000, 0x0000001044c00000|  0%| F|  |TAMS 0x0000001044800000, 0x0000001044800000| Untracked 
| 274|0x0000001044c00000, 0x0000001044c00000, 0x0000001045000000|  0%| F|  |TAMS 0x0000001044c00000, 0x0000001044c00000| Untracked 
| 275|0x0000001045000000, 0x0000001045000000, 0x0000001045400000|  0%| F|  |TAMS 0x0000001045000000, 0x0000001045000000| Untracked 
| 276|0x0000001045400000, 0x0000001045400000, 0x0000001045800000|  0%| F|  |TAMS 0x0000001045400000, 0x0000001045400000| Untracked 
| 277|0x0000001045800000, 0x0000001045800000, 0x0000001045c00000|  0%| F|  |TAMS 0x0000001045800000, 0x0000001045800000| Untracked 
| 278|0x0000001045c00000, 0x0000001045c00000, 0x0000001046000000|  0%| F|  |TAMS 0x0000001045c00000, 0x0000001045c00000| Untracked 
| 279|0x0000001046000000, 0x0000001046000000, 0x0000001046400000|  0%| F|  |TAMS 0x0000001046000000, 0x0000001046000000| Untracked 
| 280|0x0000001046400000, 0x0000001046400000, 0x0000001046800000|  0%| F|  |TAMS 0x0000001046400000, 0x0000001046400000| Untracked 
| 281|0x0000001046800000, 0x0000001046800000, 0x0000001046c00000|  0%| F|  |TAMS 0x0000001046800000, 0x0000001046800000| Untracked 
| 282|0x0000001046c00000, 0x0000001046c00000, 0x0000001047000000|  0%| F|  |TAMS 0x0000001046c00000, 0x0000001046c00000| Untracked 
| 283|0x0000001047000000, 0x0000001047000000, 0x0000001047400000|  0%| F|  |TAMS 0x0000001047000000, 0x0000001047000000| Untracked 
| 284|0x0000001047400000, 0x0000001047400000, 0x0000001047800000|  0%| F|  |TAMS 0x0000001047400000, 0x0000001047400000| Untracked 
| 285|0x0000001047800000, 0x0000001047800000, 0x0000001047c00000|  0%| F|  |TAMS 0x0000001047800000, 0x0000001047800000| Untracked 
| 286|0x0000001047c00000, 0x0000001047c00000, 0x0000001048000000|  0%| F|  |TAMS 0x0000001047c00000, 0x0000001047c00000| Untracked 
| 287|0x0000001048000000, 0x0000001048000000, 0x0000001048400000|  0%| F|  |TAMS 0x0000001048000000, 0x0000001048000000| Untracked 
| 288|0x0000001048400000, 0x0000001048400000, 0x0000001048800000|  0%| F|  |TAMS 0x0000001048400000, 0x0000001048400000| Untracked 
| 289|0x0000001048800000, 0x0000001048800000, 0x0000001048c00000|  0%| F|  |TAMS 0x0000001048800000, 0x0000001048800000| Untracked 
| 290|0x0000001048c00000, 0x0000001048c00000, 0x0000001049000000|  0%| F|  |TAMS 0x0000001048c00000, 0x0000001048c00000| Untracked 
| 291|0x0000001049000000, 0x0000001049000000, 0x0000001049400000|  0%| F|  |TAMS 0x0000001049000000, 0x0000001049000000| Untracked 
| 292|0x0000001049400000, 0x0000001049400000, 0x0000001049800000|  0%| F|  |TAMS 0x0000001049400000, 0x0000001049400000| Untracked 
| 293|0x0000001049800000, 0x0000001049800000, 0x0000001049c00000|  0%| F|  |TAMS 0x0000001049800000, 0x0000001049800000| Untracked 
| 294|0x0000001049c00000, 0x0000001049c00000, 0x000000104a000000|  0%| F|  |TAMS 0x0000001049c00000, 0x0000001049c00000| Untracked 
| 295|0x000000104a000000, 0x000000104a000000, 0x000000104a400000|  0%| F|  |TAMS 0x000000104a000000, 0x000000104a000000| Untracked 
| 296|0x000000104a400000, 0x000000104a400000, 0x000000104a800000|  0%| F|  |TAMS 0x000000104a400000, 0x000000104a400000| Untracked 
| 297|0x000000104a800000, 0x000000104a800000, 0x000000104ac00000|  0%| F|  |TAMS 0x000000104a800000, 0x000000104a800000| Untracked 
| 298|0x000000104ac00000, 0x000000104ac00000, 0x000000104b000000|  0%| F|  |TAMS 0x000000104ac00000, 0x000000104ac00000| Untracked 
| 299|0x000000104b000000, 0x000000104b000000, 0x000000104b400000|  0%| F|  |TAMS 0x000000104b000000, 0x000000104b000000| Untracked 
| 300|0x000000104b400000, 0x000000104b400000, 0x000000104b800000|  0%| F|  |TAMS 0x000000104b400000, 0x000000104b400000| Untracked 
| 301|0x000000104b800000, 0x000000104b800000, 0x000000104bc00000|  0%| F|  |TAMS 0x000000104b800000, 0x000000104b800000| Untracked 
| 302|0x000000104bc00000, 0x000000104bc00000, 0x000000104c000000|  0%| F|  |TAMS 0x000000104bc00000, 0x000000104bc00000| Untracked 
| 303|0x000000104c000000, 0x000000104c000000, 0x000000104c400000|  0%| F|  |TAMS 0x000000104c000000, 0x000000104c000000| Untracked 
| 304|0x000000104c400000, 0x000000104c400000, 0x000000104c800000|  0%| F|  |TAMS 0x000000104c400000, 0x000000104c400000| Untracked 
| 305|0x000000104c800000, 0x000000104c800000, 0x000000104cc00000|  0%| F|  |TAMS 0x000000104c800000, 0x000000104c800000| Untracked 
| 306|0x000000104cc00000, 0x000000104cc00000, 0x000000104d000000|  0%| F|  |TAMS 0x000000104cc00000, 0x000000104cc00000| Untracked 
| 307|0x000000104d000000, 0x000000104d000000, 0x000000104d400000|  0%| F|  |TAMS 0x000000104d000000, 0x000000104d000000| Untracked 
| 308|0x000000104d400000, 0x000000104d400000, 0x000000104d800000|  0%| F|  |TAMS 0x000000104d400000, 0x000000104d400000| Untracked 
| 309|0x000000104d800000, 0x000000104d800000, 0x000000104dc00000|  0%| F|  |TAMS 0x000000104d800000, 0x000000104d800000| Untracked 
| 310|0x000000104dc00000, 0x000000104dc00000, 0x000000104e000000|  0%| F|  |TAMS 0x000000104dc00000, 0x000000104dc00000| Untracked 
| 311|0x000000104e000000, 0x000000104e000000, 0x000000104e400000|  0%| F|  |TAMS 0x000000104e000000, 0x000000104e000000| Untracked 
| 312|0x000000104e400000, 0x000000104e400000, 0x000000104e800000|  0%| F|  |TAMS 0x000000104e400000, 0x000000104e400000| Untracked 
| 313|0x000000104e800000, 0x000000104e800000, 0x000000104ec00000|  0%| F|  |TAMS 0x000000104e800000, 0x000000104e800000| Untracked 
| 314|0x000000104ec00000, 0x000000104ec00800, 0x000000104f000000|  0%| E|  |TAMS 0x000000104ec00000, 0x000000104ec00000| Complete 
| 315|0x000000104f000000, 0x000000104f400000, 0x000000104f400000|100%| E|CS|TAMS 0x000000104f000000, 0x000000104f000000| Complete 
| 316|0x000000104f400000, 0x000000104f800000, 0x000000104f800000|100%| E|CS|TAMS 0x000000104f400000, 0x000000104f400000| Complete 
| 317|0x000000104f800000, 0x000000104fc00000, 0x000000104fc00000|100%| E|CS|TAMS 0x000000104f800000, 0x000000104f800000| Complete 
| 318|0x000000104fc00000, 0x0000001050000000, 0x0000001050000000|100%| E|CS|TAMS 0x000000104fc00000, 0x000000104fc00000| Complete 
| 319|0x0000001050000000, 0x0000001050400000, 0x0000001050400000|100%| E|CS|TAMS 0x0000001050000000, 0x0000001050000000| Complete 
| 320|0x0000001050400000, 0x0000001050800000, 0x0000001050800000|100%| E|CS|TAMS 0x0000001050400000, 0x0000001050400000| Complete 
| 321|0x0000001050800000, 0x0000001050c00000, 0x0000001050c00000|100%| E|CS|TAMS 0x0000001050800000, 0x0000001050800000| Complete 
| 322|0x0000001050c00000, 0x0000001051000000, 0x0000001051000000|100%| E|CS|TAMS 0x0000001050c00000, 0x0000001050c00000| Complete 
| 323|0x0000001051000000, 0x0000001051400000, 0x0000001051400000|100%| E|CS|TAMS 0x0000001051000000, 0x0000001051000000| Complete 
| 324|0x0000001051400000, 0x0000001051800000, 0x0000001051800000|100%| E|CS|TAMS 0x0000001051400000, 0x0000001051400000| Complete 
| 325|0x0000001051800000, 0x0000001051c00000, 0x0000001051c00000|100%| E|CS|TAMS 0x0000001051800000, 0x0000001051800000| Complete 
| 326|0x0000001051c00000, 0x0000001052000000, 0x0000001052000000|100%| E|CS|TAMS 0x0000001051c00000, 0x0000001051c00000| Complete 
| 327|0x0000001052000000, 0x0000001052400000, 0x0000001052400000|100%| E|CS|TAMS 0x0000001052000000, 0x0000001052000000| Complete 
| 328|0x0000001052400000, 0x0000001052800000, 0x0000001052800000|100%| E|CS|TAMS 0x0000001052400000, 0x0000001052400000| Complete 
| 329|0x0000001052800000, 0x0000001052c00000, 0x0000001052c00000|100%| E|CS|TAMS 0x0000001052800000, 0x0000001052800000| Complete 
| 330|0x0000001052c00000, 0x0000001053000000, 0x0000001053000000|100%| E|CS|TAMS 0x0000001052c00000, 0x0000001052c00000| Complete 
| 331|0x0000001053000000, 0x0000001053400000, 0x0000001053400000|100%| E|CS|TAMS 0x0000001053000000, 0x0000001053000000| Complete 
| 332|0x0000001053400000, 0x0000001053800000, 0x0000001053800000|100%| E|CS|TAMS 0x0000001053400000, 0x0000001053400000| Complete 
| 333|0x0000001053800000, 0x0000001053c00000, 0x0000001053c00000|100%| E|CS|TAMS 0x0000001053800000, 0x0000001053800000| Complete 
| 334|0x0000001053c00000, 0x0000001054000000, 0x0000001054000000|100%| E|CS|TAMS 0x0000001053c00000, 0x0000001053c00000| Complete 
| 335|0x0000001054000000, 0x0000001054400000, 0x0000001054400000|100%| E|CS|TAMS 0x0000001054000000, 0x0000001054000000| Complete 
| 336|0x0000001054400000, 0x0000001054800000, 0x0000001054800000|100%| E|CS|TAMS 0x0000001054400000, 0x0000001054400000| Complete 
| 337|0x0000001054800000, 0x0000001054c00000, 0x0000001054c00000|100%| E|CS|TAMS 0x0000001054800000, 0x0000001054800000| Complete 
| 338|0x0000001054c00000, 0x0000001055000000, 0x0000001055000000|100%| E|CS|TAMS 0x0000001054c00000, 0x0000001054c00000| Complete 
| 339|0x0000001055000000, 0x0000001055400000, 0x0000001055400000|100%| E|CS|TAMS 0x0000001055000000, 0x0000001055000000| Complete 
| 340|0x0000001055400000, 0x0000001055800000, 0x0000001055800000|100%| E|CS|TAMS 0x0000001055400000, 0x0000001055400000| Complete 
| 341|0x0000001055800000, 0x0000001055c00000, 0x0000001055c00000|100%| E|CS|TAMS 0x0000001055800000, 0x0000001055800000| Complete 
| 342|0x0000001055c00000, 0x0000001056000000, 0x0000001056000000|100%| E|CS|TAMS 0x0000001055c00000, 0x0000001055c00000| Complete 
| 343|0x0000001056000000, 0x0000001056400000, 0x0000001056400000|100%| E|CS|TAMS 0x0000001056000000, 0x0000001056000000| Complete 
| 344|0x0000001056400000, 0x0000001056800000, 0x0000001056800000|100%| E|CS|TAMS 0x0000001056400000, 0x0000001056400000| Complete 
| 345|0x0000001056800000, 0x0000001056c00000, 0x0000001056c00000|100%| E|CS|TAMS 0x0000001056800000, 0x0000001056800000| Complete 
| 346|0x0000001056c00000, 0x0000001057000000, 0x0000001057000000|100%| E|CS|TAMS 0x0000001056c00000, 0x0000001056c00000| Complete 
| 347|0x0000001057000000, 0x0000001057400000, 0x0000001057400000|100%| E|CS|TAMS 0x0000001057000000, 0x0000001057000000| Complete 
| 348|0x0000001057400000, 0x0000001057800000, 0x0000001057800000|100%| E|CS|TAMS 0x0000001057400000, 0x0000001057400000| Complete 
| 349|0x0000001057800000, 0x0000001057c00000, 0x0000001057c00000|100%| E|CS|TAMS 0x0000001057800000, 0x0000001057800000| Complete 
| 350|0x0000001057c00000, 0x0000001058000000, 0x0000001058000000|100%| E|CS|TAMS 0x0000001057c00000, 0x0000001057c00000| Complete 
| 351|0x0000001058000000, 0x0000001058400000, 0x0000001058400000|100%| E|CS|TAMS 0x0000001058000000, 0x0000001058000000| Complete 
| 352|0x0000001058400000, 0x0000001058800000, 0x0000001058800000|100%| E|CS|TAMS 0x0000001058400000, 0x0000001058400000| Complete 
| 353|0x0000001058800000, 0x0000001058c00000, 0x0000001058c00000|100%| E|CS|TAMS 0x0000001058800000, 0x0000001058800000| Complete 
| 354|0x0000001058c00000, 0x0000001059000000, 0x0000001059000000|100%| E|CS|TAMS 0x0000001058c00000, 0x0000001058c00000| Complete 
| 355|0x0000001059000000, 0x0000001059400000, 0x0000001059400000|100%| E|CS|TAMS 0x0000001059000000, 0x0000001059000000| Complete 
| 356|0x0000001059400000, 0x0000001059800000, 0x0000001059800000|100%| E|CS|TAMS 0x0000001059400000, 0x0000001059400000| Complete 
| 357|0x0000001059800000, 0x0000001059c00000, 0x0000001059c00000|100%| E|CS|TAMS 0x0000001059800000, 0x0000001059800000| Complete 
| 358|0x0000001059c00000, 0x000000105a000000, 0x000000105a000000|100%| E|CS|TAMS 0x0000001059c00000, 0x0000001059c00000| Complete 
| 359|0x000000105a000000, 0x000000105a400000, 0x000000105a400000|100%| E|CS|TAMS 0x000000105a000000, 0x000000105a000000| Complete 
| 360|0x000000105a400000, 0x000000105a800000, 0x000000105a800000|100%| E|CS|TAMS 0x000000105a400000, 0x000000105a400000| Complete 
| 361|0x000000105a800000, 0x000000105ac00000, 0x000000105ac00000|100%| E|CS|TAMS 0x000000105a800000, 0x000000105a800000| Complete 
| 362|0x000000105ac00000, 0x000000105b000000, 0x000000105b000000|100%| E|CS|TAMS 0x000000105ac00000, 0x000000105ac00000| Complete 
| 363|0x000000105b000000, 0x000000105b400000, 0x000000105b400000|100%| E|CS|TAMS 0x000000105b000000, 0x000000105b000000| Complete 
| 364|0x000000105b400000, 0x000000105b800000, 0x000000105b800000|100%| E|CS|TAMS 0x000000105b400000, 0x000000105b400000| Complete 
| 365|0x000000105b800000, 0x000000105bc00000, 0x000000105bc00000|100%| E|CS|TAMS 0x000000105b800000, 0x000000105b800000| Complete 
| 366|0x000000105bc00000, 0x000000105c000000, 0x000000105c000000|100%| E|CS|TAMS 0x000000105bc00000, 0x000000105bc00000| Complete 
| 367|0x000000105c000000, 0x000000105c400000, 0x000000105c400000|100%| E|CS|TAMS 0x000000105c000000, 0x000000105c000000| Complete 
| 368|0x000000105c400000, 0x000000105c800000, 0x000000105c800000|100%| E|CS|TAMS 0x000000105c400000, 0x000000105c400000| Complete 
| 369|0x000000105c800000, 0x000000105cc00000, 0x000000105cc00000|100%| E|CS|TAMS 0x000000105c800000, 0x000000105c800000| Complete 
| 370|0x000000105cc00000, 0x000000105d000000, 0x000000105d000000|100%| E|CS|TAMS 0x000000105cc00000, 0x000000105cc00000| Complete 
| 371|0x000000105d000000, 0x000000105d400000, 0x000000105d400000|100%| E|CS|TAMS 0x000000105d000000, 0x000000105d000000| Complete 
| 372|0x000000105d400000, 0x000000105d800000, 0x000000105d800000|100%| E|CS|TAMS 0x000000105d400000, 0x000000105d400000| Complete 
| 373|0x000000105d800000, 0x000000105dc00000, 0x000000105dc00000|100%| E|CS|TAMS 0x000000105d800000, 0x000000105d800000| Complete 
| 374|0x000000105dc00000, 0x000000105e000000, 0x000000105e000000|100%| E|CS|TAMS 0x000000105dc00000, 0x000000105dc00000| Complete 
| 375|0x000000105e000000, 0x000000105e400000, 0x000000105e400000|100%| E|CS|TAMS 0x000000105e000000, 0x000000105e000000| Complete 
| 376|0x000000105e400000, 0x000000105e800000, 0x000000105e800000|100%| E|CS|TAMS 0x000000105e400000, 0x000000105e400000| Complete 
| 377|0x000000105e800000, 0x000000105ec00000, 0x000000105ec00000|100%| E|CS|TAMS 0x000000105e800000, 0x000000105e800000| Complete 
| 378|0x000000105ec00000, 0x000000105f000000, 0x000000105f000000|100%| E|CS|TAMS 0x000000105ec00000, 0x000000105ec00000| Complete 
| 379|0x000000105f000000, 0x000000105f400000, 0x000000105f400000|100%| E|CS|TAMS 0x000000105f000000, 0x000000105f000000| Complete 
| 380|0x000000105f400000, 0x000000105f800000, 0x000000105f800000|100%| E|CS|TAMS 0x000000105f400000, 0x000000105f400000| Complete 
| 381|0x000000105f800000, 0x000000105fc00000, 0x000000105fc00000|100%| E|CS|TAMS 0x000000105f800000, 0x000000105f800000| Complete 
| 382|0x000000105fc00000, 0x0000001060000000, 0x0000001060000000|100%| E|CS|TAMS 0x000000105fc00000, 0x000000105fc00000| Complete 
| 383|0x0000001060000000, 0x0000001060400000, 0x0000001060400000|100%| E|CS|TAMS 0x0000001060000000, 0x0000001060000000| Complete 
| 384|0x0000001060400000, 0x0000001060800000, 0x0000001060800000|100%| E|CS|TAMS 0x0000001060400000, 0x0000001060400000| Complete 
| 385|0x0000001060800000, 0x0000001060c00000, 0x0000001060c00000|100%| E|CS|TAMS 0x0000001060800000, 0x0000001060800000| Complete 
| 386|0x0000001060c00000, 0x0000001061000000, 0x0000001061000000|100%| E|CS|TAMS 0x0000001060c00000, 0x0000001060c00000| Complete 
| 387|0x0000001061000000, 0x0000001061400000, 0x0000001061400000|100%| E|CS|TAMS 0x0000001061000000, 0x0000001061000000| Complete 
| 388|0x0000001061400000, 0x0000001061800000, 0x0000001061800000|100%| E|CS|TAMS 0x0000001061400000, 0x0000001061400000| Complete 
| 389|0x0000001061800000, 0x0000001061c00000, 0x0000001061c00000|100%| E|CS|TAMS 0x0000001061800000, 0x0000001061800000| Complete 
| 390|0x0000001061c00000, 0x0000001062000000, 0x0000001062000000|100%| E|CS|TAMS 0x0000001061c00000, 0x0000001061c00000| Complete 
| 391|0x0000001062000000, 0x0000001062400000, 0x0000001062400000|100%| E|CS|TAMS 0x0000001062000000, 0x0000001062000000| Complete 
| 392|0x0000001062400000, 0x0000001062800000, 0x0000001062800000|100%| E|CS|TAMS 0x0000001062400000, 0x0000001062400000| Complete 
| 393|0x0000001062800000, 0x0000001062c00000, 0x0000001062c00000|100%| E|CS|TAMS 0x0000001062800000, 0x0000001062800000| Complete 
| 394|0x0000001062c00000, 0x0000001063000000, 0x0000001063000000|100%| E|CS|TAMS 0x0000001062c00000, 0x0000001062c00000| Complete 
| 395|0x0000001063000000, 0x0000001063400000, 0x0000001063400000|100%| E|CS|TAMS 0x0000001063000000, 0x0000001063000000| Complete 
| 396|0x0000001063400000, 0x0000001063800000, 0x0000001063800000|100%| E|CS|TAMS 0x0000001063400000, 0x0000001063400000| Complete 
| 397|0x0000001063800000, 0x0000001063c00000, 0x0000001063c00000|100%| E|CS|TAMS 0x0000001063800000, 0x0000001063800000| Complete 
| 398|0x0000001063c00000, 0x0000001064000000, 0x0000001064000000|100%| E|CS|TAMS 0x0000001063c00000, 0x0000001063c00000| Complete 
| 399|0x0000001064000000, 0x0000001064400000, 0x0000001064400000|100%| E|CS|TAMS 0x0000001064000000, 0x0000001064000000| Complete 
| 400|0x0000001064400000, 0x0000001064800000, 0x0000001064800000|100%| E|CS|TAMS 0x0000001064400000, 0x0000001064400000| Complete 
| 401|0x0000001064800000, 0x0000001064c00000, 0x0000001064c00000|100%| E|CS|TAMS 0x0000001064800000, 0x0000001064800000| Complete 
| 402|0x0000001064c00000, 0x0000001065000000, 0x0000001065000000|100%| E|CS|TAMS 0x0000001064c00000, 0x0000001064c00000| Complete 
| 403|0x0000001065000000, 0x0000001065400000, 0x0000001065400000|100%| E|CS|TAMS 0x0000001065000000, 0x0000001065000000| Complete 
| 404|0x0000001065400000, 0x0000001065800000, 0x0000001065800000|100%| E|CS|TAMS 0x0000001065400000, 0x0000001065400000| Complete 
| 405|0x0000001065800000, 0x0000001065c00000, 0x0000001065c00000|100%| E|CS|TAMS 0x0000001065800000, 0x0000001065800000| Complete 
| 406|0x0000001065c00000, 0x0000001066000000, 0x0000001066000000|100%| E|CS|TAMS 0x0000001065c00000, 0x0000001065c00000| Complete 
| 407|0x0000001066000000, 0x0000001066400000, 0x0000001066400000|100%| E|CS|TAMS 0x0000001066000000, 0x0000001066000000| Complete 
| 408|0x0000001066400000, 0x0000001066800000, 0x0000001066800000|100%| E|CS|TAMS 0x0000001066400000, 0x0000001066400000| Complete 
| 409|0x0000001066800000, 0x0000001066c00000, 0x0000001066c00000|100%| E|CS|TAMS 0x0000001066800000, 0x0000001066800000| Complete 
| 410|0x0000001066c00000, 0x0000001067000000, 0x0000001067000000|100%| E|CS|TAMS 0x0000001066c00000, 0x0000001066c00000| Complete 
| 411|0x0000001067000000, 0x0000001067400000, 0x0000001067400000|100%| E|CS|TAMS 0x0000001067000000, 0x0000001067000000| Complete 
| 412|0x0000001067400000, 0x0000001067800000, 0x0000001067800000|100%| E|CS|TAMS 0x0000001067400000, 0x0000001067400000| Complete 
| 413|0x0000001067800000, 0x0000001067c00000, 0x0000001067c00000|100%| E|CS|TAMS 0x0000001067800000, 0x0000001067800000| Complete 
| 414|0x0000001067c00000, 0x0000001068000000, 0x0000001068000000|100%| E|CS|TAMS 0x0000001067c00000, 0x0000001067c00000| Complete 
| 415|0x0000001068000000, 0x0000001068400000, 0x0000001068400000|100%| E|CS|TAMS 0x0000001068000000, 0x0000001068000000| Complete 
| 416|0x0000001068400000, 0x0000001068800000, 0x0000001068800000|100%| E|CS|TAMS 0x0000001068400000, 0x0000001068400000| Complete 
| 417|0x0000001068800000, 0x0000001068c00000, 0x0000001068c00000|100%| E|CS|TAMS 0x0000001068800000, 0x0000001068800000| Complete 
| 418|0x0000001068c00000, 0x0000001069000000, 0x0000001069000000|100%| E|CS|TAMS 0x0000001068c00000, 0x0000001068c00000| Complete 
| 419|0x0000001069000000, 0x0000001069400000, 0x0000001069400000|100%| E|CS|TAMS 0x0000001069000000, 0x0000001069000000| Complete 
| 420|0x0000001069400000, 0x0000001069800000, 0x0000001069800000|100%| E|CS|TAMS 0x0000001069400000, 0x0000001069400000| Complete 
| 421|0x0000001069800000, 0x0000001069c00000, 0x0000001069c00000|100%| E|CS|TAMS 0x0000001069800000, 0x0000001069800000| Complete 
| 422|0x0000001069c00000, 0x000000106a000000, 0x000000106a000000|100%| E|CS|TAMS 0x0000001069c00000, 0x0000001069c00000| Complete 
| 423|0x000000106a000000, 0x000000106a400000, 0x000000106a400000|100%| E|CS|TAMS 0x000000106a000000, 0x000000106a000000| Complete 
| 424|0x000000106a400000, 0x000000106a800000, 0x000000106a800000|100%| E|CS|TAMS 0x000000106a400000, 0x000000106a400000| Complete 
| 425|0x000000106a800000, 0x000000106ac00000, 0x000000106ac00000|100%| E|CS|TAMS 0x000000106a800000, 0x000000106a800000| Complete 
| 426|0x000000106ac00000, 0x000000106b000000, 0x000000106b000000|100%| E|CS|TAMS 0x000000106ac00000, 0x000000106ac00000| Complete 
| 427|0x000000106b000000, 0x000000106b400000, 0x000000106b400000|100%| E|CS|TAMS 0x000000106b000000, 0x000000106b000000| Complete 
| 428|0x000000106b400000, 0x000000106b800000, 0x000000106b800000|100%| E|CS|TAMS 0x000000106b400000, 0x000000106b400000| Complete 
| 429|0x000000106b800000, 0x000000106bc00000, 0x000000106bc00000|100%| E|CS|TAMS 0x000000106b800000, 0x000000106b800000| Complete 
| 430|0x000000106bc00000, 0x000000106c000000, 0x000000106c000000|100%| E|CS|TAMS 0x000000106bc00000, 0x000000106bc00000| Complete 
| 431|0x000000106c000000, 0x000000106c400000, 0x000000106c400000|100%| E|CS|TAMS 0x000000106c000000, 0x000000106c000000| Complete 
| 432|0x000000106c400000, 0x000000106c800000, 0x000000106c800000|100%| E|CS|TAMS 0x000000106c400000, 0x000000106c400000| Complete 
| 433|0x000000106c800000, 0x000000106cc00000, 0x000000106cc00000|100%| E|CS|TAMS 0x000000106c800000, 0x000000106c800000| Complete 
| 434|0x000000106cc00000, 0x000000106d000000, 0x000000106d000000|100%| E|CS|TAMS 0x000000106cc00000, 0x000000106cc00000| Complete 
| 435|0x000000106d000000, 0x000000106d400000, 0x000000106d400000|100%| E|CS|TAMS 0x000000106d000000, 0x000000106d000000| Complete 
| 436|0x000000106d400000, 0x000000106d800000, 0x000000106d800000|100%| E|CS|TAMS 0x000000106d400000, 0x000000106d400000| Complete 
| 437|0x000000106d800000, 0x000000106dc00000, 0x000000106dc00000|100%| E|CS|TAMS 0x000000106d800000, 0x000000106d800000| Complete 
| 438|0x000000106dc00000, 0x000000106e000000, 0x000000106e000000|100%| E|CS|TAMS 0x000000106dc00000, 0x000000106dc00000| Complete 
| 439|0x000000106e000000, 0x000000106e400000, 0x000000106e400000|100%| E|CS|TAMS 0x000000106e000000, 0x000000106e000000| Complete 
| 440|0x000000106e400000, 0x000000106e800000, 0x000000106e800000|100%| E|CS|TAMS 0x000000106e400000, 0x000000106e400000| Complete 
| 441|0x000000106e800000, 0x000000106ec00000, 0x000000106ec00000|100%| E|CS|TAMS 0x000000106e800000, 0x000000106e800000| Complete 
| 442|0x000000106ec00000, 0x000000106f000000, 0x000000106f000000|100%| E|CS|TAMS 0x000000106ec00000, 0x000000106ec00000| Complete 
| 443|0x000000106f000000, 0x000000106f400000, 0x000000106f400000|100%| E|CS|TAMS 0x000000106f000000, 0x000000106f000000| Complete 
| 444|0x000000106f400000, 0x000000106f800000, 0x000000106f800000|100%| E|CS|TAMS 0x000000106f400000, 0x000000106f400000| Complete 
| 445|0x000000106f800000, 0x000000106fc00000, 0x000000106fc00000|100%| E|CS|TAMS 0x000000106f800000, 0x000000106f800000| Complete 
| 446|0x000000106fc00000, 0x0000001070000000, 0x0000001070000000|100%| E|CS|TAMS 0x000000106fc00000, 0x000000106fc00000| Complete 
| 447|0x0000001070000000, 0x0000001070400000, 0x0000001070400000|100%| E|CS|TAMS 0x0000001070000000, 0x0000001070000000| Complete 
| 448|0x0000001070400000, 0x0000001070800000, 0x0000001070800000|100%| E|CS|TAMS 0x0000001070400000, 0x0000001070400000| Complete 
| 449|0x0000001070800000, 0x0000001070c00000, 0x0000001070c00000|100%| E|CS|TAMS 0x0000001070800000, 0x0000001070800000| Complete 
| 450|0x0000001070c00000, 0x0000001071000000, 0x0000001071000000|100%| E|CS|TAMS 0x0000001070c00000, 0x0000001070c00000| Complete 
| 451|0x0000001071000000, 0x0000001071400000, 0x0000001071400000|100%| E|CS|TAMS 0x0000001071000000, 0x0000001071000000| Complete 
| 452|0x0000001071400000, 0x0000001071800000, 0x0000001071800000|100%| E|CS|TAMS 0x0000001071400000, 0x0000001071400000| Complete 
| 453|0x0000001071800000, 0x0000001071c00000, 0x0000001071c00000|100%| E|CS|TAMS 0x0000001071800000, 0x0000001071800000| Complete 
| 454|0x0000001071c00000, 0x0000001072000000, 0x0000001072000000|100%| E|CS|TAMS 0x0000001071c00000, 0x0000001071c00000| Complete 
| 455|0x0000001072000000, 0x0000001072400000, 0x0000001072400000|100%| E|CS|TAMS 0x0000001072000000, 0x0000001072000000| Complete 
| 456|0x0000001072400000, 0x0000001072800000, 0x0000001072800000|100%| E|CS|TAMS 0x0000001072400000, 0x0000001072400000| Complete 
| 457|0x0000001072800000, 0x0000001072c00000, 0x0000001072c00000|100%| E|CS|TAMS 0x0000001072800000, 0x0000001072800000| Complete 
| 458|0x0000001072c00000, 0x0000001073000000, 0x0000001073000000|100%| E|CS|TAMS 0x0000001072c00000, 0x0000001072c00000| Complete 
| 459|0x0000001073000000, 0x0000001073400000, 0x0000001073400000|100%| E|CS|TAMS 0x0000001073000000, 0x0000001073000000| Complete 
| 460|0x0000001073400000, 0x0000001073800000, 0x0000001073800000|100%| E|CS|TAMS 0x0000001073400000, 0x0000001073400000| Complete 
| 461|0x0000001073800000, 0x0000001073c00000, 0x0000001073c00000|100%| E|CS|TAMS 0x0000001073800000, 0x0000001073800000| Complete 
| 462|0x0000001073c00000, 0x0000001074000000, 0x0000001074000000|100%| E|CS|TAMS 0x0000001073c00000, 0x0000001073c00000| Complete 
| 463|0x0000001074000000, 0x0000001074400000, 0x0000001074400000|100%| E|CS|TAMS 0x0000001074000000, 0x0000001074000000| Complete 
| 464|0x0000001074400000, 0x0000001074800000, 0x0000001074800000|100%| E|CS|TAMS 0x0000001074400000, 0x0000001074400000| Complete 
| 465|0x0000001074800000, 0x0000001074c00000, 0x0000001074c00000|100%| E|CS|TAMS 0x0000001074800000, 0x0000001074800000| Complete 
| 466|0x0000001074c00000, 0x0000001075000000, 0x0000001075000000|100%| E|CS|TAMS 0x0000001074c00000, 0x0000001074c00000| Complete 
| 467|0x0000001075000000, 0x0000001075400000, 0x0000001075400000|100%| E|CS|TAMS 0x0000001075000000, 0x0000001075000000| Complete 
| 468|0x0000001075400000, 0x0000001075800000, 0x0000001075800000|100%| E|CS|TAMS 0x0000001075400000, 0x0000001075400000| Complete 
| 469|0x0000001075800000, 0x0000001075c00000, 0x0000001075c00000|100%| E|CS|TAMS 0x0000001075800000, 0x0000001075800000| Complete 
| 470|0x0000001075c00000, 0x0000001076000000, 0x0000001076000000|100%| E|CS|TAMS 0x0000001075c00000, 0x0000001075c00000| Complete 
| 471|0x0000001076000000, 0x0000001076400000, 0x0000001076400000|100%| E|CS|TAMS 0x0000001076000000, 0x0000001076000000| Complete 
| 472|0x0000001076400000, 0x0000001076800000, 0x0000001076800000|100%| E|CS|TAMS 0x0000001076400000, 0x0000001076400000| Complete 
| 473|0x0000001076800000, 0x0000001076c00000, 0x0000001076c00000|100%| E|CS|TAMS 0x0000001076800000, 0x0000001076800000| Complete 
| 474|0x0000001076c00000, 0x0000001077000000, 0x0000001077000000|100%| E|CS|TAMS 0x0000001076c00000, 0x0000001076c00000| Complete 
| 475|0x0000001077000000, 0x0000001077400000, 0x0000001077400000|100%| E|CS|TAMS 0x0000001077000000, 0x0000001077000000| Complete 
| 476|0x0000001077400000, 0x0000001077800000, 0x0000001077800000|100%| E|CS|TAMS 0x0000001077400000, 0x0000001077400000| Complete 
| 477|0x0000001077800000, 0x0000001077c00000, 0x0000001077c00000|100%| E|CS|TAMS 0x0000001077800000, 0x0000001077800000| Complete 
| 478|0x0000001077c00000, 0x0000001078000000, 0x0000001078000000|100%| E|CS|TAMS 0x0000001077c00000, 0x0000001077c00000| Complete 
| 479|0x0000001078000000, 0x0000001078400000, 0x0000001078400000|100%| E|CS|TAMS 0x0000001078000000, 0x0000001078000000| Complete 
| 480|0x0000001078400000, 0x0000001078800000, 0x0000001078800000|100%| E|CS|TAMS 0x0000001078400000, 0x0000001078400000| Complete 
| 481|0x0000001078800000, 0x0000001078c00000, 0x0000001078c00000|100%| E|CS|TAMS 0x0000001078800000, 0x0000001078800000| Complete 
| 482|0x0000001078c00000, 0x0000001079000000, 0x0000001079000000|100%| E|CS|TAMS 0x0000001078c00000, 0x0000001078c00000| Complete 
| 483|0x0000001079000000, 0x0000001079400000, 0x0000001079400000|100%| E|CS|TAMS 0x0000001079000000, 0x0000001079000000| Complete 
| 484|0x0000001079400000, 0x0000001079800000, 0x0000001079800000|100%| E|CS|TAMS 0x0000001079400000, 0x0000001079400000| Complete 
| 485|0x0000001079800000, 0x0000001079c00000, 0x0000001079c00000|100%| E|CS|TAMS 0x0000001079800000, 0x0000001079800000| Complete 
| 486|0x0000001079c00000, 0x000000107a000000, 0x000000107a000000|100%| E|CS|TAMS 0x0000001079c00000, 0x0000001079c00000| Complete 
| 487|0x000000107a000000, 0x000000107a400000, 0x000000107a400000|100%| E|CS|TAMS 0x000000107a000000, 0x000000107a000000| Complete 
| 488|0x000000107a400000, 0x000000107a800000, 0x000000107a800000|100%| E|CS|TAMS 0x000000107a400000, 0x000000107a400000| Complete 
| 489|0x000000107a800000, 0x000000107ac00000, 0x000000107ac00000|100%| E|CS|TAMS 0x000000107a800000, 0x000000107a800000| Complete 
| 490|0x000000107ac00000, 0x000000107b000000, 0x000000107b000000|100%| E|CS|TAMS 0x000000107ac00000, 0x000000107ac00000| Complete 
| 491|0x000000107b000000, 0x000000107b400000, 0x000000107b400000|100%| E|CS|TAMS 0x000000107b000000, 0x000000107b000000| Complete 
| 492|0x000000107b400000, 0x000000107b800000, 0x000000107b800000|100%| E|CS|TAMS 0x000000107b400000, 0x000000107b400000| Complete 
| 493|0x000000107b800000, 0x000000107bc00000, 0x000000107bc00000|100%| E|CS|TAMS 0x000000107b800000, 0x000000107b800000| Complete 
| 494|0x000000107bc00000, 0x000000107c000000, 0x000000107c000000|100%| E|CS|TAMS 0x000000107bc00000, 0x000000107bc00000| Complete 
| 495|0x000000107c000000, 0x000000107c400000, 0x000000107c400000|100%| E|CS|TAMS 0x000000107c000000, 0x000000107c000000| Complete 
| 496|0x000000107c400000, 0x000000107c800000, 0x000000107c800000|100%| E|CS|TAMS 0x000000107c400000, 0x000000107c400000| Complete 
| 497|0x000000107c800000, 0x000000107cc00000, 0x000000107cc00000|100%| E|CS|TAMS 0x000000107c800000, 0x000000107c800000| Complete 
| 498|0x000000107cc00000, 0x000000107d000000, 0x000000107d000000|100%| E|CS|TAMS 0x000000107cc00000, 0x000000107cc00000| Complete 
| 499|0x000000107d000000, 0x000000107d400000, 0x000000107d400000|100%| E|CS|TAMS 0x000000107d000000, 0x000000107d000000| Complete 
| 500|0x000000107d400000, 0x000000107d800000, 0x000000107d800000|100%| E|CS|TAMS 0x000000107d400000, 0x000000107d400000| Complete 
| 501|0x000000107d800000, 0x000000107dc00000, 0x000000107dc00000|100%| E|CS|TAMS 0x000000107d800000, 0x000000107d800000| Complete 
| 502|0x000000107dc00000, 0x000000107e000000, 0x000000107e000000|100%| E|CS|TAMS 0x000000107dc00000, 0x000000107dc00000| Complete 
| 503|0x000000107e000000, 0x000000107e400000, 0x000000107e400000|100%| E|CS|TAMS 0x000000107e000000, 0x000000107e000000| Complete 
| 504|0x000000107e400000, 0x000000107e800000, 0x000000107e800000|100%| E|CS|TAMS 0x000000107e400000, 0x000000107e400000| Complete 
| 505|0x000000107e800000, 0x000000107ec00000, 0x000000107ec00000|100%| E|CS|TAMS 0x000000107e800000, 0x000000107e800000| Complete 
| 506|0x000000107ec00000, 0x000000107f000000, 0x000000107f000000|100%| E|CS|TAMS 0x000000107ec00000, 0x000000107ec00000| Complete 
| 507|0x000000107f000000, 0x000000107f400000, 0x000000107f400000|100%| E|CS|TAMS 0x000000107f000000, 0x000000107f000000| Complete 
| 508|0x000000107f400000, 0x000000107f800000, 0x000000107f800000|100%| E|CS|TAMS 0x000000107f400000, 0x000000107f400000| Complete 
| 509|0x000000107f800000, 0x000000107fc00000, 0x000000107fc00000|100%| E|CS|TAMS 0x000000107f800000, 0x000000107f800000| Complete 
| 510|0x000000107fc00000, 0x0000001080000000, 0x0000001080000000|100%| E|CS|TAMS 0x000000107fc00000, 0x000000107fc00000| Complete 
| 511|0x0000001080000000, 0x0000001080400000, 0x0000001080400000|100%| E|CS|TAMS 0x0000001080000000, 0x0000001080000000| Complete 
|7670|0x000000177dc00000, 0x000000177dc48000, 0x000000177e000000|  7%|OA|  |TAMS 0x000000177dc00000, 0x000000177dc00000| Untracked 
|7671|0x000000177e000000, 0x000000177e06c000, 0x000000177e400000| 10%|CA|  |TAMS 0x000000177e000000, 0x000000177e000000| Untracked 

Card table byte_map: [0x00007fce10400000,0x00007fce13ff0000] _byte_map_base: 0x00007fce083fe000

Marking Bits (Prev, Next): (CMBitMap*) 0x000000000be3a1e8, (CMBitMap*) 0x000000000be3a220
 Prev Bits: [0x00007fcdee800000, 0x00007fce0c780000)
 Next Bits: [0x00007fcdd0800000, 0x00007fcdee780000)

Polling page: 0x00007fd099801000

Metaspace:

Usage:
  Non-class:      6.47 MB capacity,     5.48 MB ( 85%) used,   964.11 KB ( 15%) free+waste,    56.31 KB ( <1%) overhead. 
      Class:      1.03 MB capacity,   747.69 KB ( 71%) used,   275.38 KB ( 26%) free+waste,    29.94 KB (  3%) overhead. 
       Both:      7.50 MB capacity,     6.21 MB ( 83%) used,     1.21 MB ( 16%) free+waste,    86.25 KB (  1%) overhead. 

Virtual space:
  Non-class space:        8.00 MB reserved,       6.50 MB ( 81%) committed 
      Class space:        1.00 GB reserved,       1.12 MB ( <1%) committed 
             Both:        1.01 GB reserved,       7.62 MB ( <1%) committed 

Chunk freelists:
   Non-Class:  0 bytes
       Class:  3.00 KB
        Both:  3.00 KB

MaxMetaspaceSize: unlimited
CompressedClassSpaceSize: 1.00 GB
Initial GC threshold: 20.80 MB
Current GC threshold: 20.80 MB
CDS: on

CodeHeap 'non-profiled nmethods': size=118884Kb used=1315Kb max_used=1315Kb free=117568Kb
 bounds [0x00007fce22de7000, 0x00007fce23057000, 0x00007fce2a200000]
CodeHeap 'profiled nmethods': size=118884Kb used=4232Kb max_used=4232Kb free=114651Kb
 bounds [0x00007fce1b9ce000, 0x00007fce1bdfe000, 0x00007fce22de7000]
CodeHeap 'non-nmethods': size=7992Kb used=1234Kb max_used=2947Kb free=6757Kb
 bounds [0x00007fce1b200000, 0x00007fce1b570000, 0x00007fce1b9ce000]
 total_blobs=2356 nmethods=1851 adapters=418
 compilation: enabled
              stopped_count=0, restarted_count=0
 full_count=0

Compilation events (20 events):
Event: 4303.791 Thread 0x000000008dbb2000 1841       3       org.terrier.utility.Files::getFileSystem (79 bytes)
Event: 4303.792 Thread 0x000000008dbb2000 nmethod 1841 0x00007fce1bdea990 code [0x00007fce1bdeace0, 0x00007fce1bdec030]
Event: 4303.792 Thread 0x000000008dbb2000 1842       3       org.terrier.utility.io.LocalFileSystem::normalise (9 bytes)
Event: 4303.792 Thread 0x000000008dbb2000 nmethod 1842 0x00007fce1bdec610 code [0x00007fce1bdec800, 0x00007fce1bdecb20]
Event: 4303.792 Thread 0x000000008dbb2000 1843       3       java.lang.String::replaceFirst (13 bytes)
Event: 4303.792 Thread 0x000000008dbb2000 nmethod 1843 0x00007fce1bdecd10 code [0x00007fce1bdecf00, 0x00007fce1bded1c0]
Event: 4303.792 Thread 0x000000008dbb2000 1844       3       java.util.regex.Matcher::replaceFirst (62 bytes)
Event: 4303.792 Thread 0x000000008dbb2000 nmethod 1844 0x00007fce1bded310 code [0x00007fce1bded5c0, 0x00007fce1bdee1b0]
Event: 4303.843 Thread 0x000000008dbb2000 1845       3       java.lang.String::trim (35 bytes)
Event: 4303.843 Thread 0x000000008dbb2000 nmethod 1845 0x00007fce1bdee590 code [0x00007fce1bdee760, 0x00007fce1bdeea70]
Event: 4303.843 Thread 0x000000008dbb2000 1846       3       java.lang.StringLatin1::trim (76 bytes)
Event: 4303.843 Thread 0x000000008dbb2000 nmethod 1846 0x00007fce1bdeeb90 code [0x00007fce1bdeeda0, 0x00007fce1bdef380]
Event: 4661.994 Thread 0x000000008dbb2000 1847   !   3       jdk.internal.ref.PhantomCleanable::isListEmpty (34 bytes)
Event: 4661.994 Thread 0x000000008dbb2000 nmethod 1847 0x00007fce1bdef590 code [0x00007fce1bdef740, 0x00007fce1bdefab0]
Event: 4661.994 Thread 0x000000008dbb2000 1848       3       jdk.internal.misc.InnocuousThread::eraseThreadLocals (23 bytes)
Event: 4661.994 Thread 0x000000008dbb2000 nmethod 1848 0x00007fce1bdefc10 code [0x00007fce1bdefdc0, 0x00007fce1bdefff0]
Event: 66102.098 Thread 0x000000008dbb0800 1850       4       jdk.internal.misc.InnocuousThread::eraseThreadLocals (23 bytes)
Event: 66102.099 Thread 0x000000008dbb0800 nmethod 1850 0x00007fce22f2f690 code [0x00007fce22f2f820, 0x00007fce22f2f938]
Event: 140322.231 Thread 0x000000008dbb0800 1851       4       java.lang.ref.ReferenceQueue::reallyPoll (65 bytes)
Event: 140322.233 Thread 0x000000008dbb0800 nmethod 1851 0x00007fce22f2f990 code [0x00007fce22f2fb40, 0x00007fce22f2fec8]

GC Heap History (16 events):
Event: 0.896 GC heap before
{Heap before GC invocations=0 (full 0):
 garbage-first heap   total 2105344K, used 148176K [0x0000001000400000, 0x000000177e400000)
  region size 4096K, 25 young (102400K), 0 survivors (0K)
 Metaspace       used 3671K, capacity 6166K, committed 6400K, reserved 1056768K
  class space    used 430K, capacity 745K, committed 768K, reserved 1048576K
}
Event: 0.903 GC heap after
{Heap after GC invocations=1 (full 0):
 garbage-first heap   total 2105344K, used 48181K [0x0000001000400000, 0x000000177e400000)
  region size 4096K, 1 young (4096K), 1 survivors (4096K)
 Metaspace       used 3671K, capacity 6166K, committed 6400K, reserved 1056768K
  class space    used 430K, capacity 745K, committed 768K, reserved 1048576K
}
Event: 203.017 GC heap before
{Heap before GC invocations=1 (full 0):
 garbage-first heap   total 2105344K, used 1530933K [0x0000001000400000, 0x000000177e400000)
  region size 4096K, 307 young (1257472K), 1 survivors (4096K)
 Metaspace       used 6192K, capacity 7626K, committed 7808K, reserved 1056768K
  class space    used 742K, capacity 1044K, committed 1152K, reserved 1048576K
}
Event: 203.025 GC heap after
{Heap after GC invocations=2 (full 0):
 garbage-first heap   total 2105344K, used 163718K [0x0000001000400000, 0x000000177e400000)
  region size 4096K, 1 young (4096K), 1 survivors (4096K)
 Metaspace       used 6192K, capacity 7626K, committed 7808K, reserved 1056768K
  class space    used 742K, capacity 1044K, committed 1152K, reserved 1048576K
}
Event: 301.413 GC heap before
{Heap before GC invocations=2 (full 0):
 garbage-first heap   total 2105344K, used 1609606K [0x0000001000400000, 0x000000177e400000)
  region size 4096K, 307 young (1257472K), 1 survivors (4096K)
 Metaspace       used 6206K, capacity 7626K, committed 7808K, reserved 1056768K
  class space    used 742K, capacity 1044K, committed 1152K, reserved 1048576K
}
Event: 301.419 GC heap after
{Heap after GC invocations=3 (full 0):
 garbage-first heap   total 2105344K, used 126865K [0x0000001000400000, 0x000000177e400000)
  region size 4096K, 1 young (4096K), 1 survivors (4096K)
 Metaspace       used 6206K, capacity 7626K, committed 7808K, reserved 1056768K
  class space    used 742K, capacity 1044K, committed 1152K, reserved 1048576K
}
Event: 471.886 GC heap before
{Heap before GC invocations=3 (full 0):
 garbage-first heap   total 2105344K, used 1531793K [0x0000001000400000, 0x000000177e400000)
  region size 4096K, 307 young (1257472K), 1 survivors (4096K)
 Metaspace       used 6210K, capacity 7627K, committed 7808K, reserved 1056768K
  class space    used 742K, capacity 1044K, committed 1152K, reserved 1048576K
}
Event: 471.891 GC heap after
{Heap after GC invocations=4 (full 0):
 garbage-first heap   total 2105344K, used 163791K [0x0000001000400000, 0x000000177e400000)
  region size 4096K, 1 young (4096K), 1 survivors (4096K)
 Metaspace       used 6210K, capacity 7627K, committed 7808K, reserved 1056768K
  class space    used 742K, capacity 1044K, committed 1152K, reserved 1048576K
}
Event: 649.622 GC heap before
{Heap before GC invocations=4 (full 0):
 garbage-first heap   total 2105344K, used 1646543K [0x0000001000400000, 0x000000177e400000)
  region size 4096K, 307 young (1257472K), 1 survivors (4096K)
 Metaspace       used 6263K, capacity 7627K, committed 7808K, reserved 1056768K
  class space    used 742K, capacity 1044K, committed 1152K, reserved 1048576K
}
Event: 649.629 GC heap after
{Heap after GC invocations=5 (full 0):
 garbage-first heap   total 2105344K, used 163823K [0x0000001000400000, 0x000000177e400000)
  region size 4096K, 1 young (4096K), 1 survivors (4096K)
 Metaspace       used 6263K, capacity 7627K, committed 7808K, reserved 1056768K
  class space    used 742K, capacity 1044K, committed 1152K, reserved 1048576K
}
Event: 846.790 GC heap before
{Heap before GC invocations=5 (full 0):
 garbage-first heap   total 2105344K, used 1650671K [0x0000001000400000, 0x000000177e400000)
  region size 4096K, 307 young (1257472K), 1 survivors (4096K)
 Metaspace       used 6279K, capacity 7633K, committed 7808K, reserved 1056768K
  class space    used 742K, capacity 1045K, committed 1152K, reserved 1048576K
}
Event: 846.797 GC heap after
{Heap after GC invocations=6 (full 0):
 garbage-first heap   total 2105344K, used 53198K [0x0000001000400000, 0x000000177e400000)
  region size 4096K, 1 young (4096K), 1 survivors (4096K)
 Metaspace       used 6279K, capacity 7633K, committed 7808K, reserved 1056768K
  class space    used 742K, capacity 1045K, committed 1152K, reserved 1048576K
}
Event: 2233.511 GC heap before
{Heap before GC invocations=6 (full 0):
 garbage-first heap   total 2105344K, used 1429454K [0x0000001000400000, 0x000000177e400000)
  region size 4096K, 307 young (1257472K), 1 survivors (4096K)
 Metaspace       used 6294K, capacity 7633K, committed 7808K, reserved 1056768K
  class space    used 742K, capacity 1045K, committed 1152K, reserved 1048576K
}
Event: 2233.516 GC heap after
{Heap after GC invocations=7 (full 0):
 garbage-first heap   total 2105344K, used 53192K [0x0000001000400000, 0x000000177e400000)
  region size 4096K, 1 young (4096K), 1 survivors (4096K)
 Metaspace       used 6294K, capacity 7633K, committed 7808K, reserved 1056768K
  class space    used 742K, capacity 1045K, committed 1152K, reserved 1048576K
}
Event: 4181.986 GC heap before
{Heap before GC invocations=7 (full 0):
 garbage-first heap   total 2105344K, used 1441736K [0x0000001000400000, 0x000000177e400000)
  region size 4096K, 307 young (1257472K), 1 survivors (4096K)
 Metaspace       used 6345K, capacity 7681K, committed 7808K, reserved 1056768K
  class space    used 747K, capacity 1053K, committed 1152K, reserved 1048576K
}
Event: 4181.992 GC heap after
{Heap after GC invocations=8 (full 0):
 garbage-first heap   total 2105344K, used 65541K [0x0000001000400000, 0x000000177e400000)
  region size 4096K, 1 young (4096K), 1 survivors (4096K)
 Metaspace       used 6345K, capacity 7681K, committed 7808K, reserved 1056768K
  class space    used 747K, capacity 1053K, committed 1152K, reserved 1048576K
}

Deoptimization events (20 events):
Event: 3079.692 Thread 0x000000000be41800 Uncommon trap: trap_request=0xffffff4d fr.pc=0x00007fce22ea4bb0 relative=0x0000000000000170
Event: 3079.692 Thread 0x000000000be41800 Uncommon trap: reason=unstable_if action=reinterpret pc=0x00007fce22ea4bb0 method=java.nio.charset.CoderResult.isOverflow()Z @ 5 c2
Event: 3079.692 Thread 0x000000000be41800 DEOPT PACKING pc=0x00007fce22ea4bb0 sp=0x00007ffc898c1b80
Event: 3079.693 Thread 0x000000000be41800 DEOPT UNPACKING pc=0x00007fce1b2082a5 sp=0x00007ffc898c1ad0 mode 2
Event: 3079.693 Thread 0x000000000be41800 Uncommon trap: trap_request=0xffffff4d fr.pc=0x00007fce22e861dc relative=0x00000000000001fc
Event: 3079.693 Thread 0x000000000be41800 Uncommon trap: reason=unstable_if action=reinterpret pc=0x00007fce22e861dc method=java.nio.HeapByteBuffer.put(Ljava/nio/ByteBuffer;)Ljava/nio/ByteBuffer; @ 4 c2
Event: 3079.693 Thread 0x000000000be41800 DEOPT PACKING pc=0x00007fce22e861dc sp=0x00007ffc898c1b70
Event: 3079.693 Thread 0x000000000be41800 DEOPT UNPACKING pc=0x00007fce1b2082a5 sp=0x00007ffc898c1b40 mode 2
Event: 3079.833 Thread 0x000000000be41800 Uncommon trap: trap_request=0xffffff4d fr.pc=0x00007fce22e10208 relative=0x00000000000002e8
Event: 3079.833 Thread 0x000000000be41800 Uncommon trap: reason=unstable_if action=reinterpret pc=0x00007fce22e10208 method=java.lang.StringUTF16.compress([CI[BII)I @ 20 c2
Event: 3079.833 Thread 0x000000000be41800 DEOPT PACKING pc=0x00007fce22e10208 sp=0x00007ffc898c1b70
Event: 3079.833 Thread 0x000000000be41800 DEOPT UNPACKING pc=0x00007fce1b2082a5 sp=0x00007ffc898c1b10 mode 2
Event: 3081.727 Thread 0x000000000be41800 Uncommon trap: trap_request=0xffffff4d fr.pc=0x00007fce22f18f70 relative=0x00000000000018b0
Event: 3081.727 Thread 0x000000000be41800 Uncommon trap: reason=unstable_if action=reinterpret pc=0x00007fce22f18f70 method=org.apache.hadoop.io.Text.bytesToCodePoint(Ljava/nio/ByteBuffer;)I @ 34 c2
Event: 3081.727 Thread 0x000000000be41800 DEOPT PACKING pc=0x00007fce22f18f70 sp=0x00007ffc898c1df0
Event: 3081.727 Thread 0x000000000be41800 DEOPT UNPACKING pc=0x00007fce1b2082a5 sp=0x00007ffc898c1c10 mode 2
Event: 3081.728 Thread 0x000000000be41800 Uncommon trap: trap_request=0xffffff4d fr.pc=0x00007fce22f1b274 relative=0x0000000000000134
Event: 3081.728 Thread 0x000000000be41800 Uncommon trap: reason=unstable_if action=reinterpret pc=0x00007fce22f1b274 method=org.apache.hadoop.io.Text.bytesToCodePoint(Ljava/nio/ByteBuffer;)I @ 34 c2
Event: 3081.728 Thread 0x000000000be41800 DEOPT PACKING pc=0x00007fce22f1b274 sp=0x00007ffc898c1cf0
Event: 3081.728 Thread 0x000000000be41800 DEOPT UNPACKING pc=0x00007fce1b2082a5 sp=0x00007ffc898c1c30 mode 2

Classes redefined (0 events):
No events

Internal exceptions (20 events):
Event: 1.653 Thread 0x000000008dce8800 Exception <a 'java/lang/NoSuchMethodError'{0x0000001068c850f0}: 'java.lang.Object java.lang.invoke.DirectMethodHandle$Holder.invokeSpecial(java.lang.Object, java.lang.Object, java.lang.Object, int, java.lang.Object)'> (0x0000001068c850f0) thrown at [./src/hotspot/share/interpreter/linkResolver.cpp, line 772]
Event: 1.653 Thread 0x000000008dce8800 Exception <a 'java/lang/NoSuchMethodError'{0x0000001068c882e0}: 'java.lang.Object java.lang.invoke.Invokers$Holder.linkToTargetMethod(java.lang.Object, int, java.lang.Object, java.lang.Object)'> (0x0000001068c882e0) thrown at [./src/hotspot/share/interpreter/linkResolver.cpp, line 772]
Event: 2.378 Thread 0x000000000be41800 Exception <a 'java/lang/NoSuchMethodError'{0x00000010634f6140}: 'java.lang.Object java.lang.invoke.DirectMethodHandle$Holder.invokeSpecial(java.lang.Object, java.lang.Object, int, int, int, java.lang.Object, java.lang.Object, java.lang.Object, java.lang.Object)'> (0x00000010634f6140) thrown at [./src/hotspot/share/interpreter/linkResolver.cpp, line 772]
Event: 2.378 Thread 0x000000000be41800 Exception <a 'java/lang/NoSuchMethodError'{0x00000010634f98f8}: 'java.lang.Object java.lang.invoke.DelegatingMethodHandle$Holder.reinvoke_L(java.lang.Object, int, int, int, java.lang.Object, java.lang.Object, java.lang.Object, java.lang.Object)'> (0x00000010634f98f8) thrown at [./src/hotspot/share/interpreter/linkResolver.cpp, line 772]
Event: 2.380 Thread 0x000000000be41800 Exception <a 'java/lang/NoSuchMethodError'{0x000000106351bb30}: 'java.lang.Object java.lang.invoke.DirectMethodHandle$Holder.invokeStatic(java.lang.Object, java.lang.Object, java.lang.Object, java.lang.Object, java.lang.Object, java.lang.Object, java.lang.Object, int)'> (0x000000106351bb30) thrown at [./src/hotspot/share/interpreter/linkResolver.cpp, line 772]
Event: 2.703 Thread 0x000000000be41800 Exception <a 'java/lang/NoSuchMethodError'{0x0000001063603cd8}: <clinit>> (0x0000001063603cd8) thrown at [./src/hotspot/share/prims/jni.cpp, line 1372]
Event: 3.166 Thread 0x000000000be41800 Exception <a 'java/lang/NoSuchMethodError'{0x000000106375f490}: 'java.lang.Object java.lang.invoke.DirectMethodHandle$Holder.invokeSpecial(java.lang.Object, java.lang.Object, int, int, int, java.lang.Object, java.lang.Object, java.lang.Object, java.lang.Object, int)'> (0x000000106375f490) thrown at [./src/hotspot/share/interpreter/linkResolver.cpp, line 772]
Event: 3.166 Thread 0x000000000be41800 Exception <a 'java/lang/NoSuchMethodError'{0x0000001063762e80}: 'java.lang.Object java.lang.invoke.DelegatingMethodHandle$Holder.reinvoke_L(java.lang.Object, int, int, int, java.lang.Object, java.lang.Object, java.lang.Object, java.lang.Object, int)'> (0x0000001063762e80) thrown at [./src/hotspot/share/interpreter/linkResolver.cpp, line 772]
Event: 3.169 Thread 0x000000000be41800 Exception <a 'java/lang/NoSuchMethodError'{0x00000010637baa10}: 'java.lang.Object java.lang.invoke.DirectMethodHandle$Holder.invokeStatic(java.lang.Object, java.lang.Object, java.lang.Object, java.lang.Object, java.lang.Object, java.lang.Object, java.lang.Object, java.lang.Object, java.lang.Object, java.lang.Object, java.lang.Object, int, int, java.lang.Object, java.lang.Object, java.lang.Object)'> (0x00000010637baa10) thrown at [./src/hotspot/share/interpreter/linkResolver.cpp, line 772]
Event: 3.169 Thread 0x000000000be41800 Exception <a 'java/lang/NoSuchMethodError'{0x00000010637c77d8}: 'java.lang.Object java.lang.invoke.DirectMethodHandle$Holder.invokeSpecial(java.lang.Object, java.lang.Object, java.lang.Object, java.lang.Object, java.lang.Object, java.lang.Object, int)'> (0x00000010637c77d8) thrown at [./src/hotspot/share/interpreter/linkResolver.cpp, line 772]
Event: 3.169 Thread 0x000000000be41800 Exception <a 'java/lang/NoSuchMethodError'{0x00000010637cae70}: 'java.lang.Object java.lang.invoke.DelegatingMethodHandle$Holder.reinvoke_L(java.lang.Object, java.lang.Object, java.lang.Object, java.lang.Object, java.lang.Object, int)'> (0x00000010637cae70) thrown at [./src/hotspot/share/interpreter/linkResolver.cpp, line 772]
Event: 3.169 Thread 0x000000000be41800 Exception <a 'java/lang/NoSuchMethodError'{0x00000010637d17a0}: 'java.lang.Object java.lang.invoke.Invokers$Holder.linkToTargetMethod(java.lang.Object, java.lang.Object, java.lang.Object, java.lang.Object, int, java.lang.Object)'> (0x00000010637d17a0) thrown at [./src/hotspot/share/interpreter/linkResolver.cpp, line 772]
Event: 3.172 Thread 0x000000000be41800 Exception <a 'java/lang/NoSuchMethodError'{0x0000001063228820}: 'java.lang.Object java.lang.invoke.Invokers$Holder.linkToTargetMethod(java.lang.Object, int, java.lang.Object)'> (0x0000001063228820) thrown at [./src/hotspot/share/interpreter/linkResolver.cpp, line 772]
Event: 3.179 Thread 0x000000000be41800 Exception <a 'java/lang/NoSuchMethodError'{0x00000010633034e0}: 'java.lang.Object java.lang.invoke.DirectMethodHandle$Holder.invokeSpecial(java.lang.Object, java.lang.Object, int, int, java.lang.Object, java.lang.Object, java.lang.Object)'> (0x00000010633034e0) thrown at [./src/hotspot/share/interpreter/linkResolver.cpp, line 772]
Event: 3.179 Thread 0x000000000be41800 Exception <a 'java/lang/NoSuchMethodError'{0x0000001063306a70}: 'java.lang.Object java.lang.invoke.DelegatingMethodHandle$Holder.reinvoke_L(java.lang.Object, int, int, java.lang.Object, java.lang.Object, java.lang.Object)'> (0x0000001063306a70) thrown at [./src/hotspot/share/interpreter/linkResolver.cpp, line 772]
Event: 3.180 Thread 0x000000000be41800 Exception <a 'java/lang/NoSuchMethodError'{0x0000001063314848}: 'java.lang.Object java.lang.invoke.DirectMethodHandle$Holder.invokeStatic(java.lang.Object, java.lang.Object, java.lang.Object, java.lang.Object, java.lang.Object, java.lang.Object, int)'> (0x0000001063314848) thrown at [./src/hotspot/share/interpreter/linkResolver.cpp, line 772]
Event: 3.180 Thread 0x000000000be41800 Exception <a 'java/lang/NoSuchMethodError'{0x000000106332aff0}: 'java.lang.Object java.lang.invoke.DirectMethodHandle$Holder.invokeStatic(java.lang.Object, java.lang.Object, java.lang.Object, java.lang.Object, java.lang.Object, java.lang.Object, int, int)'> (0x000000106332aff0) thrown at [./src/hotspot/share/interpreter/linkResolver.cpp, line 772]
Event: 3.181 Thread 0x000000000be41800 Exception <a 'java/lang/NoSuchMethodError'{0x0000001063342960}: 'java.lang.Object java.lang.invoke.DirectMethodHandle$Holder.invokeStatic(java.lang.Object, java.lang.Object, java.lang.Object, java.lang.Object, java.lang.Object, java.lang.Object, int, int, java.lang.Object)'> (0x0000001063342960) thrown at [./src/hotspot/share/interpreter/linkResolver.cpp, line 772]
Event: 3.181 Thread 0x000000000be41800 Exception <a 'java/lang/NoSuchMethodError'{0x000000106335c078}: 'java.lang.Object java.lang.invoke.DirectMethodHandle$Holder.invokeStatic(java.lang.Object, java.lang.Object, java.lang.Object, java.lang.Object, java.lang.Object, java.lang.Object, int, int, java.lang.Object, java.lang.Object)'> (0x000000106335c078) thrown at [./src/hotspot/share/interpreter/linkResolver.cpp, line 772]
Event: 3.182 Thread 0x000000000be41800 Exception <a 'java/lang/NoSuchMethodError'{0x0000001063377118}: 'java.lang.Object java.lang.invoke.DirectMethodHandle$Holder.invokeStatic(java.lang.Object, java.lang.Object, java.lang.Object, java.lang.Object, java.lang.Object, java.lang.Object, int, int, java.lang.Object, java.lang.Object, java.lang.Object)'> (0x0000001063377118) thrown at [./src/hotspot/share/interpreter/linkResolver.cpp, line 772]

Events (20 events):
Event: 3079.692 Executing VM operation: RevokeBias
Event: 3079.692 Executing VM operation: RevokeBias done
Event: 4181.984 Thread 0x00000000b1cea000 Thread added: 0x00000000b1cea000
Event: 4181.984 Protecting memory [0x00007fce2b0ff000,0x00007fce2b103000] with protection modes 0
Event: 4181.986 Executing VM operation: G1CollectForAllocation
Event: 4181.992 Executing VM operation: G1CollectForAllocation done
Event: 4182.984 Executing VM operation: RevokeBias
Event: 4182.984 Executing VM operation: RevokeBias done
Event: 4182.984 Thread 0x00000000b1cea000 Thread exited: 0x00000000b1cea000
Event: 4303.560 Thread 0x00000000a2cca000 Thread added: 0x00000000a2cca000
Event: 4303.560 Protecting memory [0x00007fce2b0ff000,0x00007fce2b103000] with protection modes 0
Event: 4304.561 Executing VM operation: RevokeBias
Event: 4304.561 Executing VM operation: RevokeBias done
Event: 4304.561 Thread 0x00000000a2cca000 Thread exited: 0x00000000a2cca000
Event: 159146.452 loading class jdk/internal/misc/Signal$1
Event: 159146.452 loading class jdk/internal/misc/Signal$1 done
Event: 159146.452 Thread 0x00007fcd94001800 Thread added: 0x00007fcd94001800
Event: 159146.452 Protecting memory [0x00007fce2b0ff000,0x00007fce2b103000] with protection modes 0
Event: 159146.452 Thread 0x000000008dbae000 Thread exited: 0x000000008dbae000
Event: 159146.452 Executing VM operation: Exit


Dynamic libraries:
00400000-0041f000 r--p 00000000 00:19d 148237027901                      /mnt/primary/conda-envs/semantic_uncertainty_export/bin/python3.11
0041f000-00652000 r-xp 0001f000 00:19d 148237027901                      /mnt/primary/conda-envs/semantic_uncertainty_export/bin/python3.11
00652000-00770000 r--p 00252000 00:19d 148237027901                      /mnt/primary/conda-envs/semantic_uncertainty_export/bin/python3.11
00771000-00772000 r--p 00370000 00:19d 148237027901                      /mnt/primary/conda-envs/semantic_uncertainty_export/bin/python3.11
00772000-008a2000 rw-p 00371000 00:19d 148237027901                      /mnt/primary/conda-envs/semantic_uncertainty_export/bin/python3.11
008a2000-008e5000 rw-p 00000000 00:00 0 
010b6000-89e2c000 rw-p 00000000 00:00 0                                  [heap]
89e2c000-8a36b000 rw-p 00000000 00:00 0                                  [heap]
8a36b000-8abec000 rw-p 00000000 00:00 0                                  [heap]
8abec000-8c0e7000 rw-p 00000000 00:00 0                                  [heap]
8c0e7000-8c3ec000 rw-p 00000000 00:00 0                                  [heap]
8c3ec000-8ce6a000 rw-p 00000000 00:00 0                                  [heap]
8ce6a000-8cfec000 rw-p 00000000 00:00 0                                  [heap]
8cfec000-8da6a000 rw-p 00000000 00:00 0                                  [heap]
8da6a000-8dfa8000 rw-p 00000000 00:00 0                                  [heap]
8dfa8000-8f4a4000 rw-p 00000000 00:00 0                                  [heap]
8f4a4000-8f9e3000 rw-p 00000000 00:00 0                                  [heap]
8f9e3000-8ff22000 rw-p 00000000 00:00 0                                  [heap]
8ff22000-90460000 rw-p 00000000 00:00 0                                  [heap]
90460000-90ede000 rw-p 00000000 00:00 0                                  [heap]
90ede000-9199f000 rw-p 00000000 00:00 0                                  [heap]
9199f000-9241d000 rw-p 00000000 00:00 0                                  [heap]
9241d000-95564000 rw-p 00000000 00:00 0                                  [heap]
95564000-95aa3000 rw-p 00000000 00:00 0                                  [heap]
95aa3000-97064000 rw-p 00000000 00:00 0                                  [heap]
97064000-975a3000 rw-p 00000000 00:00 0                                  [heap]
975a3000-984a4000 rw-p 00000000 00:00 0                                  [heap]
984a4000-989e3000 rw-p 00000000 00:00 0                                  [heap]
989e3000-99224000 rw-p 00000000 00:00 0                                  [heap]
99224000-99763000 rw-p 00000000 00:00 0                                  [heap]
99763000-99b24000 rw-p 00000000 00:00 0                                  [heap]
99b24000-9a063000 rw-p 00000000 00:00 0                                  [heap]
9a063000-a2224000 rw-p 00000000 00:00 0                                  [heap]
a2224000-a2763000 rw-p 00000000 00:00 0                                  [heap]
a2763000-a2b24000 rw-p 00000000 00:00 0                                  [heap]
a2b24000-a3063000 rw-p 00000000 00:00 0                                  [heap]
a3063000-a3424000 rw-p 00000000 00:00 0                                  [heap]
a3424000-a3963000 rw-p 00000000 00:00 0                                  [heap]
a3963000-a3d24000 rw-p 00000000 00:00 0                                  [heap]
a3d24000-a4263000 rw-p 00000000 00:00 0                                  [heap]
a4263000-a4624000 rw-p 00000000 00:00 0                                  [heap]
a4624000-a55e1000 rw-p 00000000 00:00 0                                  [heap]
a55e1000-aa535000 rw-p 00000000 00:00 0                                  [heap]
aa535000-aafb2000 rw-p 00000000 00:00 0                                  [heap]
aafb2000-ab133000 rw-p 00000000 00:00 0                                  [heap]
ab133000-aed6d000 rw-p 00000000 00:00 0                                  [heap]
aed6d000-b4134000 rw-p 00000000 00:00 0                                  [heap]
b4134000-b4154000 rw-p 00000000 00:00 0                                  [heap]
b4154000-c3728000 rw-p 00000000 00:00 0                                  [heap]
c3728000-c8368000 rw-p 00000000 00:00 0                                  [heap]
c8368000-c97fe000 rw-p 00000000 00:00 0                                  [heap]
c97fe000-cb00b000 rw-p 00000000 00:00 0                                  [heap]
cb00b000-cbbbb000 rw-p 00000000 00:00 0                                  [heap]
cbbbb000-ccf43000 rw-p 00000000 00:00 0                                  [heap]
ccf43000-cd03e000 rw-p 00000000 00:00 0                                  [heap]
cd03e000-cd8c1000 rw-p 00000000 00:00 0                                  [heap]
cd8c1000-cd93c000 rw-p 00000000 00:00 0                                  [heap]
cd93c000-ce140000 rw-p 00000000 00:00 0                                  [heap]
ce140000-ce1ba000 rw-p 00000000 00:00 0                                  [heap]
ce1ba000-cfc41000 rw-p 00000000 00:00 0                                  [heap]
cfc41000-cfd3c000 rw-p 00000000 00:00 0                                  [heap]
cfd3c000-d2d57000 rw-p 00000000 00:00 0                                  [heap]
d2d57000-d54ff000 rw-p 00000000 00:00 0                                  [heap]
d54ff000-d5901000 rw-p 00000000 00:00 0                                  [heap]
d5901000-d7230000 rw-p 00000000 00:00 0                                  [heap]
d7230000-d7a35000 rw-p 00000000 00:00 0                                  [heap]
d7a35000-d81cf000 rw-p 00000000 00:00 0                                  [heap]
d81cf000-d85d1000 rw-p 00000000 00:00 0                                  [heap]
d85d1000-d965f000 rw-p 00000000 00:00 0                                  [heap]
200000000-200200000 ---p 00000000 00:00 0 
200200000-200400000 rw-s 00000000 00:1d6 464                             /dev/nvidia2
200400000-203c00000 rw-s 00000000 00:1d6 457                             /dev/nvidiactl
203c00000-204a00000 ---p 00000000 00:00 0 
204a00000-204c00000 rw-s 00000000 00:1d6 457                             /dev/nvidiactl
204c00000-204e00000 rw-s 00000000 00:1d6 457                             /dev/nvidiactl
204e00000-205000000 rw-s 00000000 00:1d6 457                             /dev/nvidiactl
205000000-205200000 rw-s 205000000 00:1d6 470                            /dev/nvidia-uvm
205200000-205400000 rw-s 00000000 00:1d6 457                             /dev/nvidiactl
205400000-205600000 ---p 00000000 00:00 0 
205600000-205800000 rw-s 00000000 00:1d6 457                             /dev/nvidiactl
205800000-205a00000 ---p 00000000 00:00 0 
205a00000-205c00000 rw-s 00000000 00:01 10431                            /dev/zero (deleted)
205c00000-300200000 ---p 00000000 00:00 0 
800000000-800002000 rwxp 00001000 08:04 1084193463                       /usr/lib/jvm/java-11-openjdk-amd64/lib/server/classes.jsa
800002000-8003ce000 rw-p 00003000 08:04 1084193463                       /usr/lib/jvm/java-11-openjdk-amd64/lib/server/classes.jsa
8003ce000-800aa5000 r--p 003cf000 08:04 1084193463                       /usr/lib/jvm/java-11-openjdk-amd64/lib/server/classes.jsa
800aa5000-800aa6000 rw-p 00aa6000 08:04 1084193463                       /usr/lib/jvm/java-11-openjdk-amd64/lib/server/classes.jsa
840000000-840120000 rw-p 00000000 00:00 0 
840120000-880000000 ---p 00000000 00:00 0 
1000000000-1000400000 ---p 00000000 00:00 0 
1000400000-1080400000 rw-p 00000000 00:00 0 
1080400000-177dc00000 ---p 00000000 00:00 0 
177dc00000-177dc48000 rw-p 00b13000 08:04 1084193463                     /usr/lib/jvm/java-11-openjdk-amd64/lib/server/classes.jsa
177dc48000-177e000000 rw-p 00000000 00:00 0 
177e000000-177e06c000 rw-p 00aa7000 08:04 1084193463                     /usr/lib/jvm/java-11-openjdk-amd64/lib/server/classes.jsa
177e06c000-177e400000 rw-p 00000000 00:00 0 
10000000000-10004000000 ---p 00000000 00:00 0 
7fbda4000000-7fbda6000000 ---p 00000000 00:00 0 
7fbda8000000-7fbdaa000000 ---p 00000000 00:00 0 
7fbdac000000-7fbdae000000 ---p 00000000 00:00 0 
7fbdb0000000-7fbdb2000000 ---p 00000000 00:00 0 
7fbdb4000000-7fbdb6000000 ---p 00000000 00:00 0 
7fbdb8000000-7fbdba000000 ---p 00000000 00:00 0 
7fbdbc000000-7fbdbe000000 ---p 00000000 00:00 0 
7fbdc0000000-7fbdc2000000 ---p 00000000 00:00 0 
7fbdc4000000-7fbdc6000000 ---p 00000000 00:00 0 
7fbde4000000-7fbde6000000 ---p 00000000 00:00 0 
7fbde8000000-7fbdea000000 ---p 00000000 00:00 0 
7fbdec000000-7fbdee000000 ---p 00000000 00:00 0 
7fbdf0000000-7fbdf2000000 ---p 00000000 00:00 0 
7fbdf4000000-7fbdf6000000 ---p 00000000 00:00 0 
7fbdf8000000-7fbdfa000000 ---p 00000000 00:00 0 
7fc44e000000-7fc450000000 ---p 00000000 00:00 0 
7fc452000000-7fc454000000 ---p 00000000 00:00 0 
7fc456000000-7fc458000000 ---p 00000000 00:00 0 
7fc45a000000-7fc45c000000 ---p 00000000 00:00 0 
7fc45e000000-7fc460000000 ---p 00000000 00:00 0 
7fc462000000-7fc464000000 ---p 00000000 00:00 0 
7fc466000000-7fc468000000 ---p 00000000 00:00 0 
7fc46a000000-7fc46c000000 ---p 00000000 00:00 0 
7fc46e000000-7fc470000000 ---p 00000000 00:00 0 
7fc472000000-7fc474000000 ---p 00000000 00:00 0 
7fc476000000-7fc478000000 ---p 00000000 00:00 0 
7fc47a000000-7fc47c000000 ---p 00000000 00:00 0 
7fc47e000000-7fc480000000 ---p 00000000 00:00 0 
7fc482000000-7fc484000000 ---p 00000000 00:00 0 
7fc488000000-7fc48a000000 ---p 00000000 00:00 0 
7fc48c000000-7fc48e000000 ---p 00000000 00:00 0 
7fc490000000-7fc492000000 ---p 00000000 00:00 0 
7fc494000000-7fc49a000000 ---p 00000000 00:00 0 
7fc49c000000-7fc49c021000 rw-p 00000000 00:00 0 
7fc49c021000-7fc4a0000000 ---p 00000000 00:00 0 
7fc4a2000000-7fc4a4000000 ---p 00000000 00:00 0 
7fc4a6000000-7fc4a8000000 ---p 00000000 00:00 0 
7fc4aa000000-7fc4ac000000 ---p 00000000 00:00 0 
7fc4ae000000-7fc4b0000000 ---p 00000000 00:00 0 
7fc4b2000000-7fc4b8000000 ---p 00000000 00:00 0 
7fcb0c000000-7fcb14a00000 ---p 00000000 00:00 0 
7fcb14a00000-7fcb14c00000 rw-s 00000000 00:01 30943                      /dev/zero (deleted)
7fcb14c00000-7fcb14e41000 rw-s 00000000 00:01 30944                      /dev/zero (deleted)
7fcb14e41000-7fcb15000000 ---p 00000000 00:00 0 
7fcb15000000-7fcb15200000 rw-s 00000000 00:01 30945                      /dev/zero (deleted)
7fcb15200000-7fcb16000000 ---p 00000000 00:00 0 
7fcb18000000-7fcb18021000 rw-p 00000000 00:00 0 
7fcb18021000-7fcb1c000000 ---p 00000000 00:00 0 
7fcb20000000-7fcb20021000 rw-p 00000000 00:00 0 
7fcb20021000-7fcb24000000 ---p 00000000 00:00 0 
7fcb28000000-7fcb28021000 rw-p 00000000 00:00 0 
7fcb28021000-7fcb2c000000 ---p 00000000 00:00 0 
7fcb30000000-7fcb30021000 rw-p 00000000 00:00 0 
7fcb30021000-7fcb34000000 ---p 00000000 00:00 0 
7fcb38000000-7fcb38021000 rw-p 00000000 00:00 0 
7fcb38021000-7fcb3c000000 ---p 00000000 00:00 0 
7fcb40000000-7fcb40021000 rw-p 00000000 00:00 0 
7fcb40021000-7fcb44000000 ---p 00000000 00:00 0 
7fcb48000000-7fcb48021000 rw-p 00000000 00:00 0 
7fcb48021000-7fcb4c000000 ---p 00000000 00:00 0 
7fcb50000000-7fcb50021000 rw-p 00000000 00:00 0 
7fcb50021000-7fcb54000000 ---p 00000000 00:00 0 
7fcb58000000-7fcb58021000 rw-p 00000000 00:00 0 
7fcb58021000-7fcb5c000000 ---p 00000000 00:00 0 
7fcb60000000-7fcb60021000 rw-p 00000000 00:00 0 
7fcb60021000-7fcb64000000 ---p 00000000 00:00 0 
7fcb68000000-7fcb68021000 rw-p 00000000 00:00 0 
7fcb68021000-7fcb6c000000 ---p 00000000 00:00 0 
7fcb70000000-7fcb70021000 rw-p 00000000 00:00 0 
7fcb70021000-7fcb74000000 ---p 00000000 00:00 0 
7fcb78000000-7fcb78021000 rw-p 00000000 00:00 0 
7fcb78021000-7fcb7c000000 ---p 00000000 00:00 0 
7fcb80000000-7fcb80021000 rw-p 00000000 00:00 0 
7fcb80021000-7fcb84000000 ---p 00000000 00:00 0 
7fcb88000000-7fcb88021000 rw-p 00000000 00:00 0 
7fcb88021000-7fcb8c000000 ---p 00000000 00:00 0 
7fcb90000000-7fcb90021000 rw-p 00000000 00:00 0 
7fcb90021000-7fcb94000000 ---p 00000000 00:00 0 
7fcb98000000-7fcb98021000 rw-p 00000000 00:00 0 
7fcb98021000-7fcb9c000000 ---p 00000000 00:00 0 
7fcba0000000-7fcba0021000 rw-p 00000000 00:00 0 
7fcba0021000-7fcba4000000 ---p 00000000 00:00 0 
7fcba8000000-7fcba8021000 rw-p 00000000 00:00 0 
7fcba8021000-7fcbac000000 ---p 00000000 00:00 0 
7fcbb0000000-7fcbb0021000 rw-p 00000000 00:00 0 
7fcbb0021000-7fcbb4000000 ---p 00000000 00:00 0 
7fcbb8000000-7fcbb8021000 rw-p 00000000 00:00 0 
7fcbb8021000-7fcbbc000000 ---p 00000000 00:00 0 
7fcbc0000000-7fcbc0021000 rw-p 00000000 00:00 0 
7fcbc0021000-7fcbc4000000 ---p 00000000 00:00 0 
7fcbc8000000-7fcbc8021000 rw-p 00000000 00:00 0 
7fcbc8021000-7fcbcc000000 ---p 00000000 00:00 0 
7fcbd0000000-7fcbd0021000 rw-p 00000000 00:00 0 
7fcbd0021000-7fcbd4000000 ---p 00000000 00:00 0 
7fcbd8000000-7fcbda000000 ---p 00000000 00:00 0 
7fcbdc000000-7fcbde000000 ---p 00000000 00:00 0 
7fcbe0000000-7fcbe2000000 ---p 00000000 00:00 0 
7fcbe4000000-7fcbe6000000 ---p 00000000 00:00 0 
7fcbe8000000-7fcbea000000 ---p 00000000 00:00 0 
7fcbec000000-7fcbee000000 ---p 00000000 00:00 0 
7fcbf0000000-7fcbf2000000 ---p 00000000 00:00 0 
7fcbf4000000-7fcbf6000000 ---p 00000000 00:00 0 
7fcbf8000000-7fcbfa000000 ---p 00000000 00:00 0 
7fcbfc000000-7fcbfe000000 ---p 00000000 00:00 0 
7fcc00000000-7fcc02000000 ---p 00000000 00:00 0 
7fcc04000000-7fcc06000000 ---p 00000000 00:00 0 
7fcc08000000-7fcc0a000000 ---p 00000000 00:00 0 
7fcc0c000000-7fcc0e000000 ---p 00000000 00:00 0 
7fcc10000000-7fcc12000000 ---p 00000000 00:00 0 
7fcc14000000-7fcc16000000 ---p 00000000 00:00 0 
7fcc18000000-7fcc1a000000 ---p 00000000 00:00 0 
7fcc1c000000-7fcc1c021000 rw-p 00000000 00:00 0 
7fcc1c021000-7fcc20000000 ---p 00000000 00:00 0 
7fcc24000000-7fcc24021000 rw-p 00000000 00:00 0 
7fcc24021000-7fcc28000000 ---p 00000000 00:00 0 
7fcc2c000000-7fcc2c021000 rw-p 00000000 00:00 0 
7fcc2c021000-7fcc30000000 ---p 00000000 00:00 0 
7fcc34000000-7fcc34021000 rw-p 00000000 00:00 0 
7fcc34021000-7fcc38000000 ---p 00000000 00:00 0 
7fcc3a000000-7fcc3c000000 ---p 00000000 00:00 0 
7fcc3e000000-7fcc44000000 ---p 00000000 00:00 0 
7fcc48000000-7fcc48132000 rw-p 00000000 00:00 0 
7fcc48132000-7fcc4c000000 ---p 00000000 00:00 0 
7fcc50000000-7fcc60000000 ---p 00000000 00:00 0 
7fcc62000000-7fcc64000000 ---p 00000000 00:00 0 
7fcc66000000-7fcc68000000 ---p 00000000 00:00 0 
7fcc6a000000-7fcc6a400000 ---p 00000000 00:00 0 
7fcc6a400000-7fcc6a600000 rw-s 00000000 00:1d6 457                       /dev/nvidiactl
7fcc6a600000-7fcc6a800000 rw-s 00000000 00:01 10428                      /dev/zero (deleted)
7fcc6a800000-7fcc6aa00000 rw-s 00000000 00:01 10429                      /dev/zero (deleted)
7fcc6aa00000-7fcc6b000000 ---p 00000000 00:00 0 
7fcc6b000000-7fcc6b200000 rw-s 00000000 00:1d6 457                       /dev/nvidiactl
7fcc6b200000-7fcc6b400000 rw-s 00000000 00:01 10432                      /dev/zero (deleted)
7fcc6b400000-7fcc6b4e7000 rw-s 00000000 00:1d6 457                       /dev/nvidiactl
7fcc6b4e7000-7fcc6c000000 ---p 00000000 00:00 0 
7fcc6de00000-7fcc73e00000 ---p 00000000 00:00 0 
7fcc74000000-7fcc74021000 rw-p 00000000 00:00 0 
7fcc74021000-7fcc78000000 ---p 00000000 00:00 0 
7fcc7c000000-7fcc7c021000 rw-p 00000000 00:00 0 
7fcc7c021000-7fcc80000000 ---p 00000000 00:00 0 
7fcc84000000-7fcc84021000 rw-p 00000000 00:00 0 
7fcc84021000-7fcc88000000 ---p 00000000 00:00 0 
7fcc8c000000-7fcc8c021000 rw-p 00000000 00:00 0 
7fcc8c021000-7fcc90000000 ---p 00000000 00:00 0 
7fcc94000000-7fcc94021000 rw-p 00000000 00:00 0 
7fcc94021000-7fcc98000000 ---p 00000000 00:00 0 
7fcc9c000000-7fcc9c021000 rw-p 00000000 00:00 0 
7fcc9c021000-7fcca0000000 ---p 00000000 00:00 0 
7fcca4000000-7fcca4021000 rw-p 00000000 00:00 0 
7fcca4021000-7fcca8000000 ---p 00000000 00:00 0 
7fccac000000-7fccac021000 rw-p 00000000 00:00 0 
7fccac021000-7fccb0000000 ---p 00000000 00:00 0 
7fccb4000000-7fccb4021000 rw-p 00000000 00:00 0 
7fccb4021000-7fccb8000000 ---p 00000000 00:00 0 
7fccbc000000-7fccbc021000 rw-p 00000000 00:00 0 
7fccbc021000-7fccc0000000 ---p 00000000 00:00 0 
7fccc4000000-7fccc4021000 rw-p 00000000 00:00 0 
7fccc4021000-7fccc8000000 ---p 00000000 00:00 0 
7fcccc000000-7fcccc021000 rw-p 00000000 00:00 0 
7fcccc021000-7fccd0000000 ---p 00000000 00:00 0 
7fccd4000000-7fccd4021000 rw-p 00000000 00:00 0 
7fccd4021000-7fccd8000000 ---p 00000000 00:00 0 
7fccdc000000-7fccdc021000 rw-p 00000000 00:00 0 
7fccdc021000-7fcce0000000 ---p 00000000 00:00 0 
7fcce4000000-7fcce4021000 rw-p 00000000 00:00 0 
7fcce4021000-7fcce8000000 ---p 00000000 00:00 0 
7fccec000000-7fccec021000 rw-p 00000000 00:00 0 
7fccec021000-7fccf0000000 ---p 00000000 00:00 0 
7fccf4000000-7fccf4021000 rw-p 00000000 00:00 0 
7fccf4021000-7fccf8000000 ---p 00000000 00:00 0 
7fccfc000000-7fccfc021000 rw-p 00000000 00:00 0 
7fccfc021000-7fcd00000000 ---p 00000000 00:00 0 
7fcd04000000-7fcd04021000 rw-p 00000000 00:00 0 
7fcd04021000-7fcd08000000 ---p 00000000 00:00 0 
7fcd0c000000-7fcd0c021000 rw-p 00000000 00:00 0 
7fcd0c021000-7fcd10000000 ---p 00000000 00:00 0 
7fcd14000000-7fcd14021000 rw-p 00000000 00:00 0 
7fcd14021000-7fcd18000000 ---p 00000000 00:00 0 
7fcd1c000000-7fcd1c021000 rw-p 00000000 00:00 0 
7fcd1c021000-7fcd20000000 ---p 00000000 00:00 0 
7fcd24000000-7fcd241c7000 rw-p 00000000 00:00 0 
7fcd241c7000-7fcd28000000 ---p 00000000 00:00 0 
7fcd2c000000-7fcd2c06c000 rw-p 00000000 00:00 0 
7fcd2c06c000-7fcd30000000 ---p 00000000 00:00 0 
7fcd34000000-7fcd34109000 rw-p 00000000 00:00 0 
7fcd34109000-7fcd38000000 ---p 00000000 00:00 0 
7fcd3c000000-7fcd3c211000 rw-p 00000000 00:00 0 
7fcd3c211000-7fcd40000000 ---p 00000000 00:00 0 
7fcd44000000-7fcd44070000 rw-p 00000000 00:00 0 
7fcd44070000-7fcd48000000 ---p 00000000 00:00 0 
7fcd4c000000-7fcd4c1b1000 rw-p 00000000 00:00 0 
7fcd4c1b1000-7fcd50000000 ---p 00000000 00:00 0 
7fcd54000000-7fcd54588000 rw-p 00000000 00:00 0 
7fcd54588000-7fcd58000000 ---p 00000000 00:00 0 
7fcd5c000000-7fcd5c021000 rw-p 00000000 00:00 0 
7fcd5c021000-7fcd60000000 ---p 00000000 00:00 0 
7fcd64000000-7fcd64021000 rw-p 00000000 00:00 0 
7fcd64021000-7fcd68000000 ---p 00000000 00:00 0 
7fcd6c000000-7fcd6c54e000 rw-p 00000000 00:00 0 
7fcd6c54e000-7fcd70000000 ---p 00000000 00:00 0 
7fcd74000000-7fcd74021000 rw-p 00000000 00:00 0 
7fcd74021000-7fcd78000000 ---p 00000000 00:00 0 
7fcd7c000000-7fcd7c31f000 rw-p 00000000 00:00 0 
7fcd7c31f000-7fcd80000000 ---p 00000000 00:00 0 
7fcd84000000-7fcd8592a000 rw-p 00000000 00:00 0 
7fcd8592a000-7fcd88000000 ---p 00000000 00:00 0 
7fcd8c000000-7fcd8c021000 rw-p 00000000 00:00 0 
7fcd8c021000-7fcd90000000 ---p 00000000 00:00 0 
7fcd94000000-7fcd94021000 rw-p 00000000 00:00 0 
7fcd94021000-7fcd98000000 ---p 00000000 00:00 0 
7fcd9c000000-7fcd9c021000 rw-p 00000000 00:00 0 
7fcd9c021000-7fcda0000000 ---p 00000000 00:00 0 
7fcda4000000-7fcda4021000 rw-p 00000000 00:00 0 
7fcda4021000-7fcda8000000 ---p 00000000 00:00 0 
7fcda9600000-7fcdab600000 rw-p 00000000 00:00 0 
7fcdab800000-7fcdab801000 ---p 00000000 00:00 0 
7fcdab801000-7fcdaba01000 rw-p 00000000 00:00 0 
7fcdabc00000-7fcdabc01000 ---p 00000000 00:00 0 
7fcdabc01000-7fcdabe01000 rw-p 00000000 00:00 0 
7fcdac000000-7fcdac03a000 rw-p 00000000 00:00 0 
7fcdac03a000-7fcdb0000000 ---p 00000000 00:00 0 
7fcdb0400000-7fcdb0401000 ---p 00000000 00:00 0 
7fcdb0401000-7fcdb0601000 rw-p 00000000 00:00 0 
7fcdb0800000-7fcdb0801000 ---p 00000000 00:00 0 
7fcdb0801000-7fcdb0a01000 rw-p 00000000 00:00 0 
7fcdb0c00000-7fcdb0c01000 ---p 00000000 00:00 0 
7fcdb0c01000-7fcdb0e01000 rw-p 00000000 00:00 0 
7fcdb1000000-7fcdb1001000 ---p 00000000 00:00 0 
7fcdb1001000-7fcdb1201000 rw-p 00000000 00:00 0 
7fcdb1400000-7fcdb1401000 ---p 00000000 00:00 0 
7fcdb1401000-7fcdb1601000 rw-p 00000000 00:00 0 
7fcdb1800000-7fcdb1801000 ---p 00000000 00:00 0 
7fcdb1801000-7fcdb1a01000 rw-p 00000000 00:00 0 
7fcdb1c00000-7fcdb1c01000 ---p 00000000 00:00 0 
7fcdb1c01000-7fcdb1e01000 rw-p 00000000 00:00 0 
7fcdb2000000-7fcdb2001000 ---p 00000000 00:00 0 
7fcdb2001000-7fcdb2201000 rw-p 00000000 00:00 0 
7fcdb2400000-7fcdb2401000 ---p 00000000 00:00 0 
7fcdb2401000-7fcdb2601000 rw-p 00000000 00:00 0 
7fcdb2800000-7fcdb2801000 ---p 00000000 00:00 0 
7fcdb2801000-7fcdb2a01000 rw-p 00000000 00:00 0 
7fcdb2c00000-7fcdb2c01000 ---p 00000000 00:00 0 
7fcdb2c01000-7fcdb2e01000 rw-p 00000000 00:00 0 
7fcdb3000000-7fcdb3001000 ---p 00000000 00:00 0 
7fcdb3001000-7fcdb3201000 rw-p 00000000 00:00 0 
7fcdb3400000-7fcdb3401000 ---p 00000000 00:00 0 
7fcdb3401000-7fcdb3601000 rw-p 00000000 00:00 0 
7fcdb3800000-7fcdb3801000 ---p 00000000 00:00 0 
7fcdb3801000-7fcdb3a01000 rw-p 00000000 00:00 0 
7fcdb3c00000-7fcdb3c01000 ---p 00000000 00:00 0 
7fcdb3c01000-7fcdb3e01000 rw-p 00000000 00:00 0 
7fcdb4000000-7fcdb4021000 rw-p 00000000 00:00 0 
7fcdb4021000-7fcdb8000000 ---p 00000000 00:00 0 
7fcdb8200000-7fcdb8201000 ---p 00000000 00:00 0 
7fcdb8201000-7fcdb8401000 rw-p 00000000 00:00 0 
7fcdb8600000-7fcdb8601000 ---p 00000000 00:00 0 
7fcdb8601000-7fcdb8801000 rw-p 00000000 00:00 0 
7fcdb8a00000-7fcdb8a01000 ---p 00000000 00:00 0 
7fcdb8a01000-7fcdb8c01000 rw-p 00000000 00:00 0 
7fcdb8e00000-7fcdb8e01000 ---p 00000000 00:00 0 
7fcdb8e01000-7fcdb9001000 rw-p 00000000 00:00 0 
7fcdb9200000-7fcdb9201000 ---p 00000000 00:00 0 
7fcdb9201000-7fcdb9401000 rw-p 00000000 00:00 0 
7fcdb9600000-7fcdb9601000 ---p 00000000 00:00 0 
7fcdb9601000-7fcdb9801000 rw-p 00000000 00:00 0 
7fcdb9a00000-7fcdb9a01000 ---p 00000000 00:00 0 
7fcdb9a01000-7fcdb9c01000 rw-p 00000000 00:00 0 
7fcdb9e00000-7fcdb9e01000 ---p 00000000 00:00 0 
7fcdb9e01000-7fcdba001000 rw-p 00000000 00:00 0 
7fcdba200000-7fcdba201000 ---p 00000000 00:00 0 
7fcdba201000-7fcdba401000 rw-p 00000000 00:00 0 
7fcdba600000-7fcdba601000 ---p 00000000 00:00 0 
7fcdba601000-7fcdba801000 rw-p 00000000 00:00 0 
7fcdbaa00000-7fcdbaa01000 ---p 00000000 00:00 0 
7fcdbaa01000-7fcdbac01000 rw-p 00000000 00:00 0 
7fcdbae00000-7fcdbae01000 ---p 00000000 00:00 0 
7fcdbae01000-7fcdbb001000 rw-p 00000000 00:00 0 
7fcdbb200000-7fcdbb201000 ---p 00000000 00:00 0 
7fcdbb201000-7fcdbb401000 rw-p 00000000 00:00 0 
7fcdbc000000-7fcdbc021000 rw-p 00000000 00:00 0 
7fcdbc021000-7fcdc0000000 ---p 00000000 00:00 0 
7fcdc0200000-7fcdc0201000 ---p 00000000 00:00 0 
7fcdc0201000-7fcdc0401000 rw-p 00000000 00:00 0 
7fcdc0600000-7fcdc0601000 ---p 00000000 00:00 0 
7fcdc0601000-7fcdc0801000 rw-p 00000000 00:00 0 
7fcdc0a00000-7fcdc0a01000 ---p 00000000 00:00 0 
7fcdc0a01000-7fcdc1201000 rw-p 00000000 00:00 0 
7fcdc1400000-7fcdc1401000 rw-s 00000000 00:1d6 457                       /dev/nvidiactl
7fcdc1401000-7fcdc1402000 rw-s 00000000 00:1d6 457                       /dev/nvidiactl
7fcdc1402000-7fcdc1403000 rw-s 00000000 00:1d6 457                       /dev/nvidiactl
7fcdc1403000-7fcdc1404000 rw-s 00000000 00:1d6 457                       /dev/nvidiactl
7fcdc1404000-7fcdc1405000 rw-s 00000000 00:1d6 457                       /dev/nvidiactl
7fcdc1405000-7fcdc1406000 rw-s 00000000 00:1d6 457                       /dev/nvidiactl
7fcdc1406000-7fcdc1407000 rw-s 00000000 00:1d6 457                       /dev/nvidiactl
7fcdc1407000-7fcdc1408000 rw-s 00000000 00:1d6 457                       /dev/nvidiactl
7fcdc1408000-7fcdc1409000 rw-s 00000000 00:1d6 457                       /dev/nvidiactl
7fcdc1409000-7fcdc140a000 rw-s 00000000 00:1d6 457                       /dev/nvidiactl
7fcdc140a000-7fcdc140b000 rw-s 00000000 00:1d6 457                       /dev/nvidiactl
7fcdc140b000-7fcdc140c000 rw-s 00000000 00:1d6 457                       /dev/nvidiactl
7fcdc140c000-7fcdc140d000 rw-s 00000000 00:1d6 457                       /dev/nvidiactl
7fcdc140d000-7fcdc140e000 rw-s 00000000 00:1d6 457                       /dev/nvidiactl
7fcdc140e000-7fcdc140f000 rw-s 00000000 00:1d6 457                       /dev/nvidiactl
7fcdc140f000-7fcdc1410000 rw-s 00000000 00:1d6 457                       /dev/nvidiactl
7fcdc1410000-7fcdc1411000 rw-s 00000000 00:1d6 457                       /dev/nvidiactl
7fcdc1411000-7fcdc1412000 rw-s 00000000 00:1d6 457                       /dev/nvidiactl
7fcdc1412000-7fcdc1413000 rw-s 00000000 00:1d6 457                       /dev/nvidiactl
7fcdc1413000-7fcdc1414000 rw-s 00000000 00:1d6 457                       /dev/nvidiactl
7fcdc1414000-7fcdc16a1000 ---p 00000000 00:00 0 
7fcdc1800000-7fcdc19a8000 r-xp 00000000 08:04 3224986743                 /usr/lib/x86_64-linux-gnu/libnvidia-ml.so.535.154.05
7fcdc19a8000-7fcdc1ba7000 ---p 001a8000 08:04 3224986743                 /usr/lib/x86_64-linux-gnu/libnvidia-ml.so.535.154.05
7fcdc1ba7000-7fcdc1bd7000 r--p 001a7000 08:04 3224986743                 /usr/lib/x86_64-linux-gnu/libnvidia-ml.so.535.154.05
7fcdc1bd7000-7fcdc1bd9000 rw-p 001d7000 08:04 3224986743                 /usr/lib/x86_64-linux-gnu/libnvidia-ml.so.535.154.05
7fcdc1bd9000-7fcdc27cd000 rw-p 00000000 00:00 0 
7fcdc2800000-7fcdc2a00000 rw-s 00000000 00:01 10430                      /dev/zero (deleted)
7fcdc3300000-7fcdc3400000 rw-p 00000000 00:00 0 
7fcdc3400000-7fcdc3401000 ---p 00000000 00:00 0 
7fcdc3401000-7fcdc3c01000 rw-p 00000000 00:00 0 
7fcdc3d00000-7fcdc3e00000 rw-p 00000000 00:00 0 
7fcdc3f00000-7fcdc4000000 rw-p 00000000 00:00 0 
7fcdc4000000-7fcdc4021000 rw-p 00000000 00:00 0 
7fcdc4021000-7fcdc8000000 ---p 00000000 00:00 0 
7fcdc8000000-7fcdc8c00000 rw-p 00000000 00:00 0 
7fcdc8c00000-7fcdc8c01000 ---p 00000000 00:00 0 
7fcdc8c01000-7fcdc9401000 rw-p 00000000 00:00 0 
7fcdc9500000-7fcdc9600000 rw-p 00000000 00:00 0 
7fcdc9600000-7fcdc98a1000 ---p 00000000 00:00 0 
7fcdc9900000-7fcdca000000 rw-p 00000000 00:00 0 
7fcdcae00000-7fcdcaf00000 rw-p 00000000 00:00 0 
7fcdcb200000-7fcdcb300000 rw-p 00000000 00:00 0 
7fcdcb600000-7fcdcb700000 rw-p 00000000 00:00 0 
7fcdcb700000-7fcdcb800000 rw-p 00000000 00:00 0 
7fcdcb900000-7fcdcba00000 rw-p 00000000 00:00 0 
7fcdcbb00000-7fcdcbd00000 rw-p 00000000 00:00 0 
7fcdcbe00000-7fcdcc000000 rw-p 00000000 00:00 0 
7fcdcc000000-7fcdcc021000 rw-p 00000000 00:00 0 
7fcdcc021000-7fcdd0000000 ---p 00000000 00:00 0 
7fcdd00fd000-7fcdd01fd000 rw-p 00000000 00:00 0 
7fcdd04fd000-7fcdd04fe000 ---p 00000000 00:00 0 
7fcdd04fe000-7fcdd05fe000 rw-p 00000000 00:00 0 
7fcdd05fe000-7fcdd05ff000 ---p 00000000 00:00 0 
7fcdd05ff000-7fcdd06ff000 rw-p 00000000 00:00 0 
7fcdd06ff000-7fcdd0700000 ---p 00000000 00:00 0 
7fcdd0700000-7fcdd2800000 rw-p 00000000 00:00 0 
7fcdd2800000-7fcdee760000 ---p 00000000 00:00 0 
7fcdee760000-7fcdee780000 rw-p 00000000 00:00 0 
7fcdee800000-7fcdf0800000 rw-p 00000000 00:00 0 
7fcdf0800000-7fce0c760000 ---p 00000000 00:00 0 
7fce0c760000-7fce0c780000 rw-p 00000000 00:00 0 
7fce0c800000-7fce0cc00000 rw-p 00000000 00:00 0 
7fce0cc00000-7fce103ec000 ---p 00000000 00:00 0 
7fce103ec000-7fce103f0000 rw-p 00000000 00:00 0 
7fce10400000-7fce10800000 rw-p 00000000 00:00 0 
7fce10800000-7fce13fec000 ---p 00000000 00:00 0 
7fce13fec000-7fce13ff0000 rw-p 00000000 00:00 0 
7fce14000000-7fce14021000 rw-p 00000000 00:00 0 
7fce14021000-7fce18000000 ---p 00000000 00:00 0 
7fce180f1000-7fce180f2000 ---p 00000000 00:00 0 
7fce180f2000-7fce181f2000 rw-p 00000000 00:00 0 
7fce181f2000-7fce181f3000 ---p 00000000 00:00 0 
7fce181f3000-7fce182f3000 rw-p 00000000 00:00 0 
7fce182f3000-7fce182f4000 ---p 00000000 00:00 0 
7fce182f4000-7fce183f4000 rw-p 00000000 00:00 0 
7fce183f4000-7fce183f5000 ---p 00000000 00:00 0 
7fce183f5000-7fce184f5000 rw-p 00000000 00:00 0 
7fce184f5000-7fce184f6000 ---p 00000000 00:00 0 
7fce184f6000-7fce185f6000 rw-p 00000000 00:00 0 
7fce185f6000-7fce185f7000 ---p 00000000 00:00 0 
7fce185f7000-7fce186f7000 rw-p 00000000 00:00 0 
7fce186f7000-7fce186f8000 ---p 00000000 00:00 0 
7fce186f8000-7fce187f8000 rw-p 00000000 00:00 0 
7fce187f8000-7fce187f9000 ---p 00000000 00:00 0 
7fce187f9000-7fce188f9000 rw-p 00000000 00:00 0 
7fce188f9000-7fce188fa000 ---p 00000000 00:00 0 
7fce188fa000-7fce189fa000 rw-p 00000000 00:00 0 
7fce189fa000-7fce189fb000 ---p 00000000 00:00 0 
7fce189fb000-7fce18afb000 rw-p 00000000 00:00 0 
7fce18afb000-7fce18afc000 ---p 00000000 00:00 0 
7fce18afc000-7fce18bfc000 rw-p 00000000 00:00 0 
7fce18bfc000-7fce18bfd000 ---p 00000000 00:00 0 
7fce18bfd000-7fce18cfd000 rw-p 00000000 00:00 0 
7fce18cfd000-7fce18cfe000 ---p 00000000 00:00 0 
7fce18cfe000-7fce18dfe000 rw-p 00000000 00:00 0 
7fce18dfe000-7fce18dff000 ---p 00000000 00:00 0 
7fce18dff000-7fce18eff000 rw-p 00000000 00:00 0 
7fce18eff000-7fce18f00000 ---p 00000000 00:00 0 
7fce18f00000-7fce1b000000 rw-p 00000000 00:00 0 
7fce1b0ff000-7fce1b100000 ---p 00000000 00:00 0 
7fce1b100000-7fce1b200000 rw-p 00000000 00:00 0 
7fce1b200000-7fce1b570000 rwxp 00000000 00:00 0 
7fce1b570000-7fce1b9ce000 ---p 00000000 00:00 0 
7fce1b9ce000-7fce1bdfe000 rwxp 00000000 00:00 0 
7fce1bdfe000-7fce22de7000 ---p 00000000 00:00 0 
7fce22de7000-7fce23057000 rwxp 00000000 00:00 0 
7fce23057000-7fce2a200000 ---p 00000000 00:00 0 
7fce2a2ff000-7fce2a300000 ---p 00000000 00:00 0 
7fce2a300000-7fce2a800000 rw-p 00000000 00:00 0 
7fce2a8fd000-7fce2a8fe000 ---p 00000000 00:00 0 
7fce2a8fe000-7fce2a9fe000 rw-p 00000000 00:00 0 
7fce2a9fe000-7fce2a9ff000 ---p 00000000 00:00 0 
7fce2a9ff000-7fce2aaff000 rw-p 00000000 00:00 0 
7fce2b0ff000-7fce2b103000 ---p 00000000 00:00 0 
7fce2b103000-7fce2b1ff000 rw-p 00000000 00:00 0 
7fce2b1ff000-7fce2b203000 ---p 00000000 00:00 0 
7fce2b203000-7fce2b2ff000 rw-p 00000000 00:00 0 
7fce2b500000-7fce2b504000 ---p 00000000 00:00 0 
7fce2b504000-7fce2b600000 rw-p 00000000 00:00 0 
7fce2b600000-7fce2b604000 ---p 00000000 00:00 0 
7fce2b604000-7fce2b700000 rw-p 00000000 00:00 0 
7fce2b700000-7fce2b704000 ---p 00000000 00:00 0 
7fce2b704000-7fce2b800000 rw-p 00000000 00:00 0 
7fce2b800000-7fce2b804000 ---p 00000000 00:00 0 
7fce2b804000-7fce2b900000 rw-p 00000000 00:00 0 
7fce2ba00000-7fce2ba04000 ---p 00000000 00:00 0 
7fce2ba04000-7fce2bb00000 rw-p 00000000 00:00 0 
7fce2bb00000-7fce2bb04000 ---p 00000000 00:00 0 
7fce2bb04000-7fce2c280000 rw-p 00000000 00:00 0 
7fce2c280000-7fce2c400000 ---p 00000000 00:00 0 
7fce2c4fd000-7fce2c4fe000 ---p 00000000 00:00 0 
7fce2c4fe000-7fce2c5fe000 rw-p 00000000 00:00 0 
7fce2c800000-7fce2ccbe000 rw-p 00000000 00:00 0 
7fce2ccff000-7fce2cd00000 ---p 00000000 00:00 0 
7fce2cd00000-7fce2d200000 rw-p 00000000 00:00 0 
7fce2d200000-7fce309ec000 ---p 00000000 00:00 0 
7fce309ec000-7fce309f0000 rw-p 00000000 00:00 0 
7fce30bde000-7fce30bdf000 ---p 00000000 00:00 0 
7fce30bdf000-7fce30cdf000 rw-p 00000000 00:00 0 
7fce30cdf000-7fce39520000 r--s 00000000 08:04 1084193458                 /usr/lib/jvm/java-11-openjdk-amd64/lib/modules
7fce39520000-7fce397a3000 r--p 00000000 08:04 1084193465                 /usr/lib/jvm/java-11-openjdk-amd64/lib/server/libjvm.so
7fce397a3000-7fce3a44e000 r-xp 00283000 08:04 1084193465                 /usr/lib/jvm/java-11-openjdk-amd64/lib/server/libjvm.so
7fce3a44e000-7fce3a6aa000 r--p 00f2e000 08:04 1084193465                 /usr/lib/jvm/java-11-openjdk-amd64/lib/server/libjvm.so
7fce3a6aa000-7fce3a76e000 r--p 01189000 08:04 1084193465                 /usr/lib/jvm/java-11-openjdk-amd64/lib/server/libjvm.so
7fce3a76e000-7fce3a7a9000 rw-p 0124d000 08:04 1084193465                 /usr/lib/jvm/java-11-openjdk-amd64/lib/server/libjvm.so
7fce3a7a9000-7fce738ab000 rw-p 00000000 00:00 0 
7fce73900000-7fce88600000 rw-p 00000000 00:00 0 
7fce88600000-7fcea5c00000 rw-p 00000000 00:00 0 
7fcea5c00000-7fceb7a00000 rw-p 00000000 00:00 0 
7fceb7a00000-7fcec6400000 rw-p 00000000 00:00 0 
7fcec6400000-7fcecf400000 rw-p 00000000 00:00 0 
7fcecf400000-7fced6a00000 rw-p 00000000 00:00 0 
7fced6a00000-7fcedb200000 rw-p 00000000 00:00 0 
7fcedb200000-7fcedee00000 rw-p 00000000 00:00 0 
7fcedee00000-7fcee0e00000 rw-p 00000000 00:00 0 
7fcee0e00000-7fcee1800000 rw-p 00000000 00:00 0 
7fcee1800000-7fcee2d56000 rw-p 00000000 00:00 0 
7fcee2e00000-7fcee2ea7000 r-xp 00000000 00:19d 40842127927               /mnt/primary/conda-envs/semantic_uncertainty_export/lib/python3.11/site-packages/torchvision.libs/libcudart.41118559.so.12
7fcee2ea7000-7fcee30a7000 ---p 000a7000 00:19d 40842127927               /mnt/primary/conda-envs/semantic_uncertainty_export/lib/python3.11/site-packages/torchvision.libs/libcudart.41118559.so.12
7fcee30a7000-7fcee30ac000 r--p 000a7000 00:19d 40842127927               /mnt/primary/conda-envs/semantic_uncertainty_export/lib/python3.11/site-packages/torchvision.libs/libcudart.41118559.so.12
7fcee30ac000-7fcee30ad000 rw-p 000ac000 00:19d 40842127927               /mnt/primary/conda-envs/semantic_uncertainty_export/lib/python3.11/site-packages/torchvision.libs/libcudart.41118559.so.12
7fcee30ad000-7fcee30af000 rw-p 00000000 00:00 0 
7fcee3100000-7fcee3400000 rw-p 00000000 00:00 0 
7fcee3400000-7fcee3a5b000 r-xp 00000000 00:19d 40842127926               /mnt/primary/conda-envs/semantic_uncertainty_export/lib/python3.11/site-packages/torchvision.libs/libnvjpeg.02b6d700.so.12
7fcee3a5b000-7fcee3c5b000 ---p 0065b000 00:19d 40842127926               /mnt/primary/conda-envs/semantic_uncertainty_export/lib/python3.11/site-packages/torchvision.libs/libnvjpeg.02b6d700.so.12
7fcee3c5b000-7fcee3c68000 r--p 0065b000 00:19d 40842127926               /mnt/primary/conda-envs/semantic_uncertainty_export/lib/python3.11/site-packages/torchvision.libs/libnvjpeg.02b6d700.so.12
7fcee3c68000-7fcee3c69000 rw-p 00668000 00:19d 40842127926               /mnt/primary/conda-envs/semantic_uncertainty_export/lib/python3.11/site-packages/torchvision.libs/libnvjpeg.02b6d700.so.12
7fcee3c69000-7fcee3c6e000 rw-p 00000000 00:00 0 
7fcee3d5f000-7fcee405f000 rw-p 00000000 00:00 0 
7fcee405f000-7fcee40cb000 r--p 00000000 00:19d 6459568143                /mnt/primary/conda-envs/semantic_uncertainty_export/lib/python3.11/site-packages/torchvision/_C.so
7fcee40cb000-7fcee41e2000 r-xp 0006c000 00:19d 6459568143                /mnt/primary/conda-envs/semantic_uncertainty_export/lib/python3.11/site-packages/torchvision/_C.so
7fcee41e2000-7fcee4729000 r--p 00183000 00:19d 6459568143                /mnt/primary/conda-envs/semantic_uncertainty_export/lib/python3.11/site-packages/torchvision/_C.so
7fcee4729000-7fcee472c000 r--p 006c9000 00:19d 6459568143                /mnt/primary/conda-envs/semantic_uncertainty_export/lib/python3.11/site-packages/torchvision/_C.so
7fcee472c000-7fcee4731000 rw-p 006cc000 00:19d 6459568143                /mnt/primary/conda-envs/semantic_uncertainty_export/lib/python3.11/site-packages/torchvision/_C.so
7fcee4731000-7fcee4732000 rw-p 00000000 00:00 0 
7fcee4732000-7fcee7637000 r--p 00000000 00:19d 146124788238              /mnt/primary/conda-envs/semantic_uncertainty_export/lib/python3.11/site-packages/triton/_C/libtriton.so
7fcee7637000-7fceebb43000 r-xp 02f04000 00:19d 146124788238              /mnt/primary/conda-envs/semantic_uncertainty_export/lib/python3.11/site-packages/triton/_C/libtriton.so
7fceebb43000-7fceebd63000 r--p 0740f000 00:19d 146124788238              /mnt/primary/conda-envs/semantic_uncertainty_export/lib/python3.11/site-packages/triton/_C/libtriton.so
7fceebd63000-7fceebd82000 rw-p 0762e000 00:19d 146124788238              /mnt/primary/conda-envs/semantic_uncertainty_export/lib/python3.11/site-packages/triton/_C/libtriton.so
7fceebd82000-7fceebe00000 rw-p 00000000 00:00 0 
7fceebe00000-7fceebe17000 r-xp 00000000 00:19d 70925084694               /mnt/primary/conda-envs/semantic_uncertainty_export/lib/libmpc.so.3.1.0
7fceebe17000-7fceec017000 ---p 00017000 00:19d 70925084694               /mnt/primary/conda-envs/semantic_uncertainty_export/lib/libmpc.so.3.1.0
7fceec017000-7fceec018000 r--p 00017000 00:19d 70925084694               /mnt/primary/conda-envs/semantic_uncertainty_export/lib/libmpc.so.3.1.0
7fceec018000-7fceec019000 rw-p 00018000 00:19d 70925084694               /mnt/primary/conda-envs/semantic_uncertainty_export/lib/libmpc.so.3.1.0
7fceec0d8000-7fceec2d8000 rw-p 00000000 00:00 0 
7fceec2d8000-7fceec370000 r--p 00000000 00:19d 129271016470              /mnt/primary/conda-envs/semantic_uncertainty_export/lib/python3.11/site-packages/tokenizers/tokenizers.abi3.so
7fceec370000-7fceec769000 r-xp 00098000 00:19d 129271016470              /mnt/primary/conda-envs/semantic_uncertainty_export/lib/python3.11/site-packages/tokenizers/tokenizers.abi3.so
7fceec769000-7fceec90b000 r--p 00491000 00:19d 129271016470              /mnt/primary/conda-envs/semantic_uncertainty_export/lib/python3.11/site-packages/tokenizers/tokenizers.abi3.so
7fceec90b000-7fceec90c000 ---p 00633000 00:19d 129271016470              /mnt/primary/conda-envs/semantic_uncertainty_export/lib/python3.11/site-packages/tokenizers/tokenizers.abi3.so
7fceec90c000-7fceec98c000 r--p 00633000 00:19d 129271016470              /mnt/primary/conda-envs/semantic_uncertainty_export/lib/python3.11/site-packages/tokenizers/tokenizers.abi3.so
7fceec98c000-7fceec993000 rw-p 006b3000 00:19d 129271016470              /mnt/primary/conda-envs/semantic_uncertainty_export/lib/python3.11/site-packages/tokenizers/tokenizers.abi3.so
7fceec993000-7fceec994000 rw-p 00000000 00:00 0 
7fceec994000-7fceeca75000 r--p 00000000 08:04 3224986711                 /usr/lib/x86_64-linux-gnu/libcuda.so.535.154.05
7fceeca75000-7fceecf94000 r-xp 000e1000 08:04 3224986711                 /usr/lib/x86_64-linux-gnu/libcuda.so.535.154.05
7fceecf94000-7fceee47a000 r--p 00600000 08:04 3224986711                 /usr/lib/x86_64-linux-gnu/libcuda.so.535.154.05
7fceee47a000-7fceee493000 r--p 01ae5000 08:04 3224986711                 /usr/lib/x86_64-linux-gnu/libcuda.so.535.154.05
7fceee493000-7fceee599000 rw-p 01afe000 08:04 3224986711                 /usr/lib/x86_64-linux-gnu/libcuda.so.535.154.05
7fceee599000-7fceee600000 rw-p 00000000 00:00 0 
7fceee600000-7fcefcbc0000 r-xp 00000000 00:19d 143899638847              /mnt/primary/conda-envs/semantic_uncertainty_export/lib/python3.11/site-packages/nvidia/nccl/lib/libnccl.so.2
7fcefcbc0000-7fcefcdc0000 ---p 0e5c0000 00:19d 143899638847              /mnt/primary/conda-envs/semantic_uncertainty_export/lib/python3.11/site-packages/nvidia/nccl/lib/libnccl.so.2
7fcefcdc0000-7fcefcdc9000 r--p 0e5c0000 00:19d 143899638847              /mnt/primary/conda-envs/semantic_uncertainty_export/lib/python3.11/site-packages/nvidia/nccl/lib/libnccl.so.2
7fcefcdc9000-7fcefcdd5000 rw-p 0e5c9000 00:19d 143899638847              /mnt/primary/conda-envs/semantic_uncertainty_export/lib/python3.11/site-packages/nvidia/nccl/lib/libnccl.so.2
7fcefcdd5000-7fcefcdeb000 rw-p 00000000 00:00 0 
7fcefce00000-7fcefd000000 rw-p 00000000 00:00 0 
7fcefd000000-7fcf139a6000 r-xp 00000000 00:19d 120298834490              /mnt/primary/conda-envs/semantic_uncertainty_export/lib/python3.11/site-packages/nvidia/cublas/lib/libcublasLt.so.12
7fcf139a6000-7fcf13ba6000 ---p 169a6000 00:19d 120298834490              /mnt/primary/conda-envs/semantic_uncertainty_export/lib/python3.11/site-packages/nvidia/cublas/lib/libcublasLt.so.12
7fcf13ba6000-7fcf13dda000 r--p 169a6000 00:19d 120298834490              /mnt/primary/conda-envs/semantic_uncertainty_export/lib/python3.11/site-packages/nvidia/cublas/lib/libcublasLt.so.12
7fcf13dda000-7fcf17777000 rw-p 16bda000 00:19d 120298834490              /mnt/primary/conda-envs/semantic_uncertainty_export/lib/python3.11/site-packages/nvidia/cublas/lib/libcublasLt.so.12
7fcf17777000-7fcf1af5c000 rw-p 00000000 00:00 0 
7fcf1b000000-7fcf1b200000 rw-p 00000000 00:00 0 
7fcf1b200000-7fcf21a74000 r-xp 00000000 00:19d 120298834489              /mnt/primary/conda-envs/semantic_uncertainty_export/lib/python3.11/site-packages/nvidia/cublas/lib/libcublas.so.12
7fcf21a74000-7fcf21c74000 ---p 06874000 00:19d 120298834489              /mnt/primary/conda-envs/semantic_uncertainty_export/lib/python3.11/site-packages/nvidia/cublas/lib/libcublas.so.12
7fcf21c74000-7fcf21c80000 r--p 06874000 00:19d 120298834489              /mnt/primary/conda-envs/semantic_uncertainty_export/lib/python3.11/site-packages/nvidia/cublas/lib/libcublas.so.12
7fcf21c80000-7fcf21c87000 rw-p 06880000 00:19d 120298834489              /mnt/primary/conda-envs/semantic_uncertainty_export/lib/python3.11/site-packages/nvidia/cublas/lib/libcublas.so.12
7fcf21c87000-7fcf21c92000 rw-p 00000000 00:00 0 
7fcf21d00000-7fcf22000000 rw-p 00000000 00:00 0 
7fcf22000000-7fcf267dc000 r-xp 00000000 00:19d 169745903141              /mnt/primary/conda-envs/semantic_uncertainty_export/lib/python3.11/site-packages/nvidia/curand/lib/libcurand.so.10
7fcf267dc000-7fcf269dc000 ---p 047dc000 00:19d 169745903141              /mnt/primary/conda-envs/semantic_uncertainty_export/lib/python3.11/site-packages/nvidia/curand/lib/libcurand.so.10
7fcf269dc000-7fcf269e2000 r--p 047dc000 00:19d 169745903141              /mnt/primary/conda-envs/semantic_uncertainty_export/lib/python3.11/site-packages/nvidia/curand/lib/libcurand.so.10
7fcf269e2000-7fcf27e0e000 rw-p 047e2000 00:19d 169745903141              /mnt/primary/conda-envs/semantic_uncertainty_export/lib/python3.11/site-packages/nvidia/curand/lib/libcurand.so.10
7fcf27e0e000-7fcf28446000 rw-p 00000000 00:00 0 
7fcf28500000-7fcf28800000 rw-p 00000000 00:00 0 
7fcf28800000-7fcf35035000 r-xp 00000000 00:19d 70896496682               /mnt/primary/conda-envs/semantic_uncertainty_export/lib/python3.11/site-packages/cusparselt/lib/libcusparseLt.so.0
7fcf35035000-7fcf35235000 ---p 0c835000 00:19d 70896496682               /mnt/primary/conda-envs/semantic_uncertainty_export/lib/python3.11/site-packages/cusparselt/lib/libcusparseLt.so.0
7fcf35235000-7fcf35257000 r--p 0c835000 00:19d 70896496682               /mnt/primary/conda-envs/semantic_uncertainty_export/lib/python3.11/site-packages/cusparselt/lib/libcusparseLt.so.0
7fcf35257000-7fcf3525d000 rw-p 0c857000 00:19d 70896496682               /mnt/primary/conda-envs/semantic_uncertainty_export/lib/python3.11/site-packages/cusparselt/lib/libcusparseLt.so.0
7fcf3525d000-7fcf3544e000 rw-p 00000000 00:00 0 
7fcf3544e000-7fcf356b1000 rw-p 0c85e000 00:19d 70896496682               /mnt/primary/conda-envs/semantic_uncertainty_export/lib/python3.11/site-packages/cusparselt/lib/libcusparseLt.so.0
7fcf35700000-7fcf35a00000 rw-p 00000000 00:00 0 
7fcf35a00000-7fcf363b1000 r-xp 00000000 00:19d 17729992762               /mnt/primary/conda-envs/semantic_uncertainty_export/lib/python3.11/site-packages/nvidia/cufft/lib/libcufft.so.11
7fcf363b1000-7fcf365b0000 ---p 009b1000 00:19d 17729992762               /mnt/primary/conda-envs/semantic_uncertainty_export/lib/python3.11/site-packages/nvidia/cufft/lib/libcufft.so.11
7fcf365b0000-7fcf365bd000 r--p 009b0000 00:19d 17729992762               /mnt/primary/conda-envs/semantic_uncertainty_export/lib/python3.11/site-packages/nvidia/cufft/lib/libcufft.so.11
7fcf365bd000-7fcf47352000 rw-p 009bd000 00:19d 17729992762               /mnt/primary/conda-envs/semantic_uncertainty_export/lib/python3.11/site-packages/nvidia/cufft/lib/libcufft.so.11
7fcf47352000-7fcf475fd000 rw-p 00000000 00:00 0 
7fcf47600000-7fcf47800000 rw-p 00000000 00:00 0 
7fcf47800000-7fcf58419000 r-xp 00000000 00:19d 143899615269              /mnt/primary/conda-envs/semantic_uncertainty_export/lib/python3.11/site-packages/nvidia/cusparse/lib/libcusparse.so.12
7fcf58419000-7fcf58619000 ---p 10c19000 00:19d 143899615269              /mnt/primary/conda-envs/semantic_uncertainty_export/lib/python3.11/site-packages/nvidia/cusparse/lib/libcusparse.so.12
7fcf58619000-7fcf58628000 r--p 10c19000 00:19d 143899615269              /mnt/primary/conda-envs/semantic_uncertainty_export/lib/python3.11/site-packages/nvidia/cusparse/lib/libcusparse.so.12
7fcf58628000-7fcf58644000 rw-p 10c28000 00:19d 143899615269              /mnt/primary/conda-envs/semantic_uncertainty_export/lib/python3.11/site-packages/nvidia/cusparse/lib/libcusparse.so.12
7fcf58644000-7fcf58649000 rw-p 00000000 00:00 0 
7fcf58649000-7fcf5864e000 rw-p 10c44000 00:19d 143899615269              /mnt/primary/conda-envs/semantic_uncertainty_export/lib/python3.11/site-packages/nvidia/cusparse/lib/libcusparse.so.12
7fcf58700000-7fcf58a00000 rw-p 00000000 00:00 0 
7fcf58a00000-7fcf5907e000 r-xp 00000000 00:19d 96637973519               /mnt/primary/conda-envs/semantic_uncertainty_export/lib/python3.11/site-packages/nvidia/cuda_cupti/lib/libcupti.so.12
7fcf5907e000-7fcf5927d000 ---p 0067e000 00:19d 96637973519               /mnt/primary/conda-envs/semantic_uncertainty_export/lib/python3.11/site-packages/nvidia/cuda_cupti/lib/libcupti.so.12
7fcf5927d000-7fcf592cc000 r--p 0067d000 00:19d 96637973519               /mnt/primary/conda-envs/semantic_uncertainty_export/lib/python3.11/site-packages/nvidia/cuda_cupti/lib/libcupti.so.12
7fcf592cc000-7fcf59364000 rw-p 006cc000 00:19d 96637973519               /mnt/primary/conda-envs/semantic_uncertainty_export/lib/python3.11/site-packages/nvidia/cuda_cupti/lib/libcupti.so.12
7fcf59364000-7fcf5939d000 rw-p 00000000 00:00 0 
7fcf59400000-7fcf59600000 rw-p 00000000 00:00 0 
7fcf59600000-7fcf59618000 r-xp 00000000 00:19d 167873169951              /mnt/primary/conda-envs/semantic_uncertainty_export/lib/python3.11/site-packages/nvidia/cudnn/lib/libcudnn.so.9
7fcf59618000-7fcf59818000 ---p 00018000 00:19d 167873169951              /mnt/primary/conda-envs/semantic_uncertainty_export/lib/python3.11/site-packages/nvidia/cudnn/lib/libcudnn.so.9
7fcf59818000-7fcf59819000 r--p 00018000 00:19d 167873169951              /mnt/primary/conda-envs/semantic_uncertainty_export/lib/python3.11/site-packages/nvidia/cudnn/lib/libcudnn.so.9
7fcf59819000-7fcf5981a000 rw-p 00019000 00:19d 167873169951              /mnt/primary/conda-envs/semantic_uncertainty_export/lib/python3.11/site-packages/nvidia/cudnn/lib/libcudnn.so.9
7fcf5981d000-7fcf59a1d000 rw-p 00000000 00:00 0 
7fcf59a1d000-7fcf5a815000 r--p 00000000 00:19d 97122185266               /mnt/primary/conda-envs/semantic_uncertainty_export/lib/python3.11/site-packages/torch/lib/libtorch_cuda.so
7fcf5a815000-7fcf5d5ec000 r-xp 00df8000 00:19d 97122185266               /mnt/primary/conda-envs/semantic_uncertainty_export/lib/python3.11/site-packages/torch/lib/libtorch_cuda.so
7fcf5d5ec000-7fcf8d303000 r--p 03bcf000 00:19d 97122185266               /mnt/primary/conda-envs/semantic_uncertainty_export/lib/python3.11/site-packages/torch/lib/libtorch_cuda.so
7fcf8d303000-7fcf8d373000 r--p 338e5000 00:19d 97122185266               /mnt/primary/conda-envs/semantic_uncertainty_export/lib/python3.11/site-packages/torch/lib/libtorch_cuda.so
7fcf8d373000-7fcf8d396000 rw-p 33955000 00:19d 97122185266               /mnt/primary/conda-envs/semantic_uncertainty_export/lib/python3.11/site-packages/torch/lib/libtorch_cuda.so
7fcf8d396000-7fcf8e0a9000 rw-p 00000000 00:00 0 
7fcf8e0a9000-7fcf8ebc5000 rw-p 351bb000 00:19d 97122185266               /mnt/primary/conda-envs/semantic_uncertainty_export/lib/python3.11/site-packages/torch/lib/libtorch_cuda.so
7fcf8ebc5000-7fcf8fba1000 r--p 00000000 00:19d 97122185265               /mnt/primary/conda-envs/semantic_uncertainty_export/lib/python3.11/site-packages/torch/lib/libtorch_cpu.so
7fcf8fba1000-7fcfa0306000 r-xp 00fdc000 00:19d 97122185265               /mnt/primary/conda-envs/semantic_uncertainty_export/lib/python3.11/site-packages/torch/lib/libtorch_cpu.so
7fcfa0306000-7fcfa2c88000 r--p 11741000 00:19d 97122185265               /mnt/primary/conda-envs/semantic_uncertainty_export/lib/python3.11/site-packages/torch/lib/libtorch_cpu.so
7fcfa2c88000-7fcfa2c89000 ---p 140c3000 00:19d 97122185265               /mnt/primary/conda-envs/semantic_uncertainty_export/lib/python3.11/site-packages/torch/lib/libtorch_cpu.so
7fcfa2c89000-7fcfa2ee1000 r--p 140c3000 00:19d 97122185265               /mnt/primary/conda-envs/semantic_uncertainty_export/lib/python3.11/site-packages/torch/lib/libtorch_cpu.so
7fcfa2ee1000-7fcfa2f9e000 rw-p 1431b000 00:19d 97122185265               /mnt/primary/conda-envs/semantic_uncertainty_export/lib/python3.11/site-packages/torch/lib/libtorch_cpu.so
7fcfa2f9e000-7fcfa3045000 rw-p 00000000 00:00 0 
7fcfa3045000-7fcfa3c81000 rw-p 19928000 00:19d 97122185265               /mnt/primary/conda-envs/semantic_uncertainty_export/lib/python3.11/site-packages/torch/lib/libtorch_cpu.so
7fcfa3c81000-7fcfa3f1a000 r--p 00000000 00:19d 97122185269               /mnt/primary/conda-envs/semantic_uncertainty_export/lib/python3.11/site-packages/torch/lib/libtorch_python.so
7fcfa3f1a000-7fcfa4bbf000 r-xp 00299000 00:19d 97122185269               /mnt/primary/conda-envs/semantic_uncertainty_export/lib/python3.11/site-packages/torch/lib/libtorch_python.so
7fcfa4bbf000-7fcfa4fa2000 r--p 00f3e000 00:19d 97122185269               /mnt/primary/conda-envs/semantic_uncertainty_export/lib/python3.11/site-packages/torch/lib/libtorch_python.so
7fcfa4fa2000-7fcfa4fa3000 ---p 01321000 00:19d 97122185269               /mnt/primary/conda-envs/semantic_uncertainty_export/lib/python3.11/site-packages/torch/lib/libtorch_python.so
7fcfa4fa3000-7fcfa4fc4000 r--p 01321000 00:19d 97122185269               /mnt/primary/conda-envs/semantic_uncertainty_export/lib/python3.11/site-packages/torch/lib/libtorch_python.so
7fcfa4fc4000-7fcfa5025000 rw-p 01342000 00:19d 97122185269               /mnt/primary/conda-envs/semantic_uncertainty_export/lib/python3.11/site-packages/torch/lib/libtorch_python.so
7fcfa5025000-7fcfa508e000 rw-p 00000000 00:00 0 
7fcfa508e000-7fcfa5200000 rw-p 01ac0000 00:19d 97122185269               /mnt/primary/conda-envs/semantic_uncertainty_export/lib/python3.11/site-packages/torch/lib/libtorch_python.so
7fcfa5200000-7fcfa7edd000 r-xp 00000000 00:19d 120298834486              /mnt/primary/conda-envs/semantic_uncertainty_export/lib/python3.11/site-packages/nvidia/nvjitlink/lib/libnvJitLink.so.12
7fcfa7edd000-7fcfa80dd000 ---p 02cdd000 00:19d 120298834486              /mnt/primary/conda-envs/semantic_uncertainty_export/lib/python3.11/site-packages/nvidia/nvjitlink/lib/libnvJitLink.so.12
7fcfa80dd000-7fcfa86aa000 r--p 02cdd000 00:19d 120298834486              /mnt/primary/conda-envs/semantic_uncertainty_export/lib/python3.11/site-packages/nvidia/nvjitlink/lib/libnvJitLink.so.12
7fcfa86aa000-7fcfa871d000 rw-p 032aa000 00:19d 120298834486              /mnt/primary/conda-envs/semantic_uncertainty_export/lib/python3.11/site-packages/nvidia/nvjitlink/lib/libnvJitLink.so.12
7fcfa871d000-7fcfa8793000 rw-p 00000000 00:00 0 
7fcfa8800000-7fcfa8a00000 rw-p 00000000 00:00 0 
7fcfa8a00000-7fcfabc98000 r-xp 00000000 00:19d 68748723239               /mnt/primary/conda-envs/semantic_uncertainty_export/lib/python3.11/site-packages/nvidia/cuda_nvrtc/lib/libnvrtc.so.12
7fcfabc98000-7fcfabe98000 ---p 03298000 00:19d 68748723239               /mnt/primary/conda-envs/semantic_uncertainty_export/lib/python3.11/site-packages/nvidia/cuda_nvrtc/lib/libnvrtc.so.12
7fcfabe98000-7fcfac4b7000 r--p 03298000 00:19d 68748723239               /mnt/primary/conda-envs/semantic_uncertainty_export/lib/python3.11/site-packages/nvidia/cuda_nvrtc/lib/libnvrtc.so.12
7fcfac4b7000-7fcfac59c000 rw-p 038b7000 00:19d 68748723239               /mnt/primary/conda-envs/semantic_uncertainty_export/lib/python3.11/site-packages/nvidia/cuda_nvrtc/lib/libnvrtc.so.12
7fcfac59c000-7fcfac69b000 rw-p 00000000 00:00 0 
7fcfac69b000-7fcfac69d000 rw-p 0399d000 00:19d 68748723239               /mnt/primary/conda-envs/semantic_uncertainty_export/lib/python3.11/site-packages/nvidia/cuda_nvrtc/lib/libnvrtc.so.12
7fcfac700000-7fcfaca00000 rw-p 00000000 00:00 0 
7fcfaca00000-7fcfaca25000 r-xp 00000000 00:19d 97122185270               /mnt/primary/conda-envs/semantic_uncertainty_export/lib/python3.11/site-packages/torch/lib/libgomp-a34b3233.so.1
7fcfaca25000-7fcfacc24000 ---p 00025000 00:19d 97122185270               /mnt/primary/conda-envs/semantic_uncertainty_export/lib/python3.11/site-packages/torch/lib/libgomp-a34b3233.so.1
7fcfacc24000-7fcfacc25000 r--p 00024000 00:19d 97122185270               /mnt/primary/conda-envs/semantic_uncertainty_export/lib/python3.11/site-packages/torch/lib/libgomp-a34b3233.so.1
7fcfacc25000-7fcfacc2a000 rw-p 00025000 00:19d 97122185270               /mnt/primary/conda-envs/semantic_uncertainty_export/lib/python3.11/site-packages/torch/lib/libgomp-a34b3233.so.1
7fcfacd00000-7fcfad000000 rw-p 00000000 00:00 0 
7fcfad000000-7fcfad0a7000 r-xp 00000000 00:19d 45447825420               /mnt/primary/conda-envs/semantic_uncertainty_export/lib/python3.11/site-packages/nvidia/cuda_runtime/lib/libcudart.so.12
7fcfad0a7000-7fcfad2a7000 ---p 000a7000 00:19d 45447825420               /mnt/primary/conda-envs/semantic_uncertainty_export/lib/python3.11/site-packages/nvidia/cuda_runtime/lib/libcudart.so.12
7fcfad2a7000-7fcfad2ac000 r--p 000a7000 00:19d 45447825420               /mnt/primary/conda-envs/semantic_uncertainty_export/lib/python3.11/site-packages/nvidia/cuda_runtime/lib/libcudart.so.12
7fcfad2ac000-7fcfad2ad000 rw-p 000ac000 00:19d 45447825420               /mnt/primary/conda-envs/semantic_uncertainty_export/lib/python3.11/site-packages/nvidia/cuda_runtime/lib/libcudart.so.12
7fcfad2ad000-7fcfad2af000 rw-p 00000000 00:00 0 
7fcfad2ce000-7fcfad3ce000 rw-p 00000000 00:00 0 
7fcfad3ce000-7fcfad3e2000 r--p 00000000 00:19d 6461578755                /mnt/primary/conda-envs/semantic_uncertainty_export/lib/python3.11/site-packages/sklearn/_loss/_loss.cpython-311-x86_64-linux-gnu.so
7fcfad3e2000-7fcfad5c6000 r-xp 00014000 00:19d 6461578755                /mnt/primary/conda-envs/semantic_uncertainty_export/lib/python3.11/site-packages/sklearn/_loss/_loss.cpython-311-x86_64-linux-gnu.so
7fcfad5c6000-7fcfad5ed000 r--p 001f8000 00:19d 6461578755                /mnt/primary/conda-envs/semantic_uncertainty_export/lib/python3.11/site-packages/sklearn/_loss/_loss.cpython-311-x86_64-linux-gnu.so
7fcfad5ed000-7fcfad5ee000 r--p 0021e000 00:19d 6461578755                /mnt/primary/conda-envs/semantic_uncertainty_export/lib/python3.11/site-packages/sklearn/_loss/_loss.cpython-311-x86_64-linux-gnu.so
7fcfad5ee000-7fcfad5fb000 rw-p 0021f000 00:19d 6461578755                /mnt/primary/conda-envs/semantic_uncertainty_export/lib/python3.11/site-packages/sklearn/_loss/_loss.cpython-311-x86_64-linux-gnu.so
7fcfad5fb000-7fcfad5fd000 rw-p 00000000 00:00 0 
7fcfad5fd000-7fcfad600000 rw-p 0025b000 00:19d 6461578755                /mnt/primary/conda-envs/semantic_uncertainty_export/lib/python3.11/site-packages/sklearn/_loss/_loss.cpython-311-x86_64-linux-gnu.so
7fcfad600000-7fcfad625000 r-xp 00000000 00:19d 135369460281              /mnt/primary/conda-envs/semantic_uncertainty_export/lib/python3.11/site-packages/scikit_learn.libs/libgomp-a34b3233.so.1.0.0
7fcfad625000-7fcfad824000 ---p 00025000 00:19d 135369460281              /mnt/primary/conda-envs/semantic_uncertainty_export/lib/python3.11/site-packages/scikit_learn.libs/libgomp-a34b3233.so.1.0.0
7fcfad824000-7fcfad825000 r--p 00024000 00:19d 135369460281              /mnt/primary/conda-envs/semantic_uncertainty_export/lib/python3.11/site-packages/scikit_learn.libs/libgomp-a34b3233.so.1.0.0
7fcfad825000-7fcfad82a000 rw-p 00025000 00:19d 135369460281              /mnt/primary/conda-envs/semantic_uncertainty_export/lib/python3.11/site-packages/scikit_learn.libs/libgomp-a34b3233.so.1.0.0
7fcfad830000-7fcfad930000 rw-p 00000000 00:00 0 
7fcfad930000-7fcfad98e000 r--p 00000000 00:19d 38797892153               /mnt/primary/conda-envs/semantic_uncertainty_export/lib/python3.11/site-packages/sentencepiece/_sentencepiece.cpython-311-x86_64-linux-gnu.so
7fcfad98e000-7fcfadabc000 r-xp 0005e000 00:19d 38797892153               /mnt/primary/conda-envs/semantic_uncertainty_export/lib/python3.11/site-packages/sentencepiece/_sentencepiece.cpython-311-x86_64-linux-gnu.so
7fcfadabc000-7fcfadbf7000 r--p 0018c000 00:19d 38797892153               /mnt/primary/conda-envs/semantic_uncertainty_export/lib/python3.11/site-packages/sentencepiece/_sentencepiece.cpython-311-x86_64-linux-gnu.so
7fcfadbf7000-7fcfadbfb000 r--p 002c6000 00:19d 38797892153               /mnt/primary/conda-envs/semantic_uncertainty_export/lib/python3.11/site-packages/sentencepiece/_sentencepiece.cpython-311-x86_64-linux-gnu.so
7fcfadbfb000-7fcfadbff000 rw-p 002ca000 00:19d 38797892153               /mnt/primary/conda-envs/semantic_uncertainty_export/lib/python3.11/site-packages/sentencepiece/_sentencepiece.cpython-311-x86_64-linux-gnu.so
7fcfadbff000-7fcfadc00000 rw-p 00000000 00:00 0 
7fcfadc00000-7fcfafc00000 rw-p 00000000 00:00 0 
7fcfafc00000-7fcfafe00000 rw-p 00000000 00:00 0 
7fcfafe00000-7fcfb1e00000 rw-p 00000000 00:00 0 
7fcfb1e00000-7fcfb2000000 rw-p 00000000 00:00 0 
7fcfb2000000-7fcfb2001000 ---p 00000000 00:00 0 
7fcfb2001000-7fcfb2801000 rw-p 00000000 00:00 0 
7fcfb2900000-7fcfb2a00000 rw-p 00000000 00:00 0 
7fcfb2a00000-7fcfb4a00000 rw-p 00000000 00:00 0 
7fcfb4a00000-7fcfb4c00000 rw-p 00000000 00:00 0 
7fcfb4c00000-7fcfb4c01000 ---p 00000000 00:00 0 
7fcfb4c01000-7fcfb5401000 rw-p 00000000 00:00 0 
7fcfb5500000-7fcfb5600000 rw-p 00000000 00:00 0 
7fcfb5600000-7fcfb7600000 rw-p 00000000 00:00 0 
7fcfb7600000-7fcfb7800000 rw-p 00000000 00:00 0 
7fcfb7800000-7fcfb7801000 ---p 00000000 00:00 0 
7fcfb7801000-7fcfb8001000 rw-p 00000000 00:00 0 
7fcfb8100000-7fcfb8200000 rw-p 00000000 00:00 0 
7fcfb8200000-7fcfba200000 rw-p 00000000 00:00 0 
7fcfba200000-7fcfba400000 rw-p 00000000 00:00 0 
7fcfba400000-7fcfba401000 ---p 00000000 00:00 0 
7fcfba401000-7fcfbac01000 rw-p 00000000 00:00 0 
7fcfbad00000-7fcfbae00000 rw-p 00000000 00:00 0 
7fcfbae00000-7fcfbce00000 rw-p 00000000 00:00 0 
7fcfbce00000-7fcfbd000000 rw-p 00000000 00:00 0 
7fcfbd000000-7fcfbd001000 ---p 00000000 00:00 0 
7fcfbd001000-7fcfbd801000 rw-p 00000000 00:00 0 
7fcfbd900000-7fcfbda00000 rw-p 00000000 00:00 0 
7fcfbda00000-7fcfbfa00000 rw-p 00000000 00:00 0 
7fcfbfa00000-7fcfbfc00000 rw-p 00000000 00:00 0 
7fcfbfc00000-7fcfbfc01000 ---p 00000000 00:00 0 
7fcfbfc01000-7fcfc0401000 rw-p 00000000 00:00 0 
7fcfc0500000-7fcfc0600000 rw-p 00000000 00:00 0 
7fcfc0600000-7fcfc2600000 rw-p 00000000 00:00 0 
7fcfc2600000-7fcfc2800000 rw-p 00000000 00:00 0 
7fcfc2800000-7fcfc2801000 ---p 00000000 00:00 0 
7fcfc2801000-7fcfc3001000 rw-p 00000000 00:00 0 
7fcfc3100000-7fcfc3200000 rw-p 00000000 00:00 0 
7fcfc3200000-7fcfc5200000 rw-p 00000000 00:00 0 
7fcfc5200000-7fcfc5400000 rw-p 00000000 00:00 0 
7fcfc5400000-7fcfc5401000 ---p 00000000 00:00 0 
7fcfc5401000-7fcfc5c01000 rw-p 00000000 00:00 0 
7fcfc5d00000-7fcfc5e00000 rw-p 00000000 00:00 0 
7fcfc5e00000-7fcfc7e00000 rw-p 00000000 00:00 0 
7fcfc7e00000-7fcfc8000000 rw-p 00000000 00:00 0 
7fcfc8000000-7fcfc8001000 ---p 00000000 00:00 0 
7fcfc8001000-7fcfc8801000 rw-p 00000000 00:00 0 
7fcfc8900000-7fcfc8a00000 rw-p 00000000 00:00 0 
7fcfc8a00000-7fcfcaa00000 rw-p 00000000 00:00 0 
7fcfcaa00000-7fcfcac00000 rw-p 00000000 00:00 0 
7fcfcac00000-7fcfcac01000 ---p 00000000 00:00 0 
7fcfcac01000-7fcfcb401000 rw-p 00000000 00:00 0 
7fcfcb500000-7fcfcb600000 rw-p 00000000 00:00 0 
7fcfcb600000-7fcfcd600000 rw-p 00000000 00:00 0 
7fcfcd600000-7fcfcd800000 rw-p 00000000 00:00 0 
7fcfcd800000-7fcfcd801000 ---p 00000000 00:00 0 
7fcfcd801000-7fcfce001000 rw-p 00000000 00:00 0 
7fcfce100000-7fcfce200000 rw-p 00000000 00:00 0 
7fcfce200000-7fcfd0200000 rw-p 00000000 00:00 0 
7fcfd0200000-7fcfd0400000 rw-p 00000000 00:00 0 
7fcfd0400000-7fcfd0401000 ---p 00000000 00:00 0 
7fcfd0401000-7fcfd0c01000 rw-p 00000000 00:00 0 
7fcfd0d00000-7fcfd0e00000 rw-p 00000000 00:00 0 
7fcfd0e00000-7fcfd2e00000 rw-p 00000000 00:00 0 
7fcfd2e00000-7fcfd3000000 rw-p 00000000 00:00 0 
7fcfd3000000-7fcfd5000000 rw-p 00000000 00:00 0 
7fcfd5000000-7fcfd5200000 rw-p 00000000 00:00 0 
7fcfd5200000-7fcfd7200000 rw-p 00000000 00:00 0 
7fcfd7200000-7fcfd7400000 rw-p 00000000 00:00 0 
7fcfd7400000-7fcfd9400000 rw-p 00000000 00:00 0 
7fcfd9400000-7fcfd9600000 rw-p 00000000 00:00 0 
7fcfd9600000-7fcfdb600000 rw-p 00000000 00:00 0 
7fcfdb600000-7fcfdb800000 rw-p 00000000 00:00 0 
7fcfdb800000-7fcfdb801000 ---p 00000000 00:00 0 
7fcfdb801000-7fcfdc001000 rw-p 00000000 00:00 0 
7fcfdc0c0000-7fcfdc0d9000 r--p 00000000 08:04 2160640075                 /usr/lib/x86_64-linux-gnu/libX11.so.6.4.0
7fcfdc0d9000-7fcfdc165000 r-xp 00019000 08:04 2160640075                 /usr/lib/x86_64-linux-gnu/libX11.so.6.4.0
7fcfdc165000-7fcfdc1fa000 r--p 000a5000 08:04 2160640075                 /usr/lib/x86_64-linux-gnu/libX11.so.6.4.0
7fcfdc1fa000-7fcfdc1fb000 ---p 0013a000 08:04 2160640075                 /usr/lib/x86_64-linux-gnu/libX11.so.6.4.0
7fcfdc1fb000-7fcfdc1fc000 r--p 0013a000 08:04 2160640075                 /usr/lib/x86_64-linux-gnu/libX11.so.6.4.0
7fcfdc1fc000-7fcfdc200000 rw-p 0013b000 08:04 2160640075                 /usr/lib/x86_64-linux-gnu/libX11.so.6.4.0
7fcfdc200000-7fcfde200000 rw-p 00000000 00:00 0 
7fcfde23f000-7fcfde26b000 r--p 00000000 00:19d 148237001223              /mnt/primary/conda-envs/semantic_uncertainty_export/lib/libtcl8.6.so
7fcfde26b000-7fcfde3a9000 r-xp 0002c000 00:19d 148237001223              /mnt/primary/conda-envs/semantic_uncertainty_export/lib/libtcl8.6.so
7fcfde3a9000-7fcfde3ee000 r--p 0016a000 00:19d 148237001223              /mnt/primary/conda-envs/semantic_uncertainty_export/lib/libtcl8.6.so
7fcfde3ee000-7fcfde3fe000 r--p 001ae000 00:19d 148237001223              /mnt/primary/conda-envs/semantic_uncertainty_export/lib/libtcl8.6.so
7fcfde3fe000-7fcfde3ff000 rw-p 001be000 00:19d 148237001223              /mnt/primary/conda-envs/semantic_uncertainty_export/lib/libtcl8.6.so
7fcfde3ff000-7fcfde400000 rw-p 00000000 00:00 0 
7fcfde400000-7fcfde401000 ---p 00000000 00:00 0 
7fcfde401000-7fcfdec01000 rw-p 00000000 00:00 0 
7fcfdec98000-7fcfdeccd000 r--p 00000000 00:19d 70923272735               /mnt/primary/conda-envs/semantic_uncertainty_export/lib/libtk8.6.so
7fcfdeccd000-7fcfdedac000 r-xp 00035000 00:19d 70923272735               /mnt/primary/conda-envs/semantic_uncertainty_export/lib/libtk8.6.so
7fcfdedac000-7fcfdede0000 r--p 00114000 00:19d 70923272735               /mnt/primary/conda-envs/semantic_uncertainty_export/lib/libtk8.6.so
7fcfdede0000-7fcfdedf7000 r--p 00147000 00:19d 70923272735               /mnt/primary/conda-envs/semantic_uncertainty_export/lib/libtk8.6.so
7fcfdedf7000-7fcfdedff000 rw-p 0015e000 00:19d 70923272735               /mnt/primary/conda-envs/semantic_uncertainty_export/lib/libtk8.6.so
7fcfdedff000-7fcfdee00000 rw-p 00000000 00:00 0 
7fcfdee00000-7fcfdee01000 ---p 00000000 00:00 0 
7fcfdee01000-7fcfdf601000 rw-p 00000000 00:00 0 
7fcfdf700000-7fcfdf800000 rw-p 00000000 00:00 0 
7fcfdf800000-7fcfdf801000 ---p 00000000 00:00 0 
7fcfdf801000-7fcfe0001000 rw-p 00000000 00:00 0 
7fcfe0100000-7fcfe0200000 rw-p 00000000 00:00 0 
7fcfe0200000-7fcfe2200000 rw-p 00000000 00:00 0 
7fcfe2200000-7fcfe2400000 rw-p 00000000 00:00 0 
7fcfe2400000-7fcfe2401000 ---p 00000000 00:00 0 
7fcfe2401000-7fcfe2c01000 rw-p 00000000 00:00 0 
7fcfe2d00000-7fcfe2e00000 rw-p 00000000 00:00 0 
7fcfe2e00000-7fcfe2e01000 ---p 00000000 00:00 0 
7fcfe2e01000-7fcfe3601000 rw-p 00000000 00:00 0 
7fcfe3700000-7fcfe3800000 rw-p 00000000 00:00 0 
7fcfe3800000-7fcfe3801000 ---p 00000000 00:00 0 
7fcfe3801000-7fcfe4001000 rw-p 00000000 00:00 0 
7fcfe4100000-7fcfe4200000 rw-p 00000000 00:00 0 
7fcfe4200000-7fcfe6200000 rw-p 00000000 00:00 0 
7fcfe6200000-7fcfe6400000 rw-p 00000000 00:00 0 
7fcfe6400000-7fcfe6401000 ---p 00000000 00:00 0 
7fcfe6401000-7fcfe6c01000 rw-p 00000000 00:00 0 
7fcfe6d00000-7fcfe6e00000 rw-p 00000000 00:00 0 
7fcfe6e00000-7fcfe8e00000 rw-p 00000000 00:00 0 
7fcfe8e00000-7fcfe9000000 rw-p 00000000 00:00 0 
7fcfe9000000-7fcfeb000000 rw-p 00000000 00:00 0 
7fcfeb000000-7fcfeb200000 rw-p 00000000 00:00 0 
7fcfeb200000-7fcfeb201000 ---p 00000000 00:00 0 
7fcfeb201000-7fcfeba01000 rw-p 00000000 00:00 0 
7fcfebb00000-7fcfebc00000 rw-p 00000000 00:00 0 
7fcfebc00000-7fcfebc01000 ---p 00000000 00:00 0 
7fcfebc01000-7fcfec401000 rw-p 00000000 00:00 0 
7fcfec500000-7fcfec600000 rw-p 00000000 00:00 0 
7fcfec600000-7fcfee600000 rw-p 00000000 00:00 0 
7fcfee600000-7fcfee800000 rw-p 00000000 00:00 0 
7fcfee800000-7fcfee801000 ---p 00000000 00:00 0 
7fcfee801000-7fcfef001000 rw-p 00000000 00:00 0 
7fcfef100000-7fcfef200000 rw-p 00000000 00:00 0 
7fcfef200000-7fcff1200000 rw-p 00000000 00:00 0 
7fcff1200000-7fcff1400000 rw-p 00000000 00:00 0 
7fcff1400000-7fcff1401000 ---p 00000000 00:00 0 
7fcff1401000-7fcff1c01000 rw-p 00000000 00:00 0 
7fcff1d00000-7fcff1e00000 rw-p 00000000 00:00 0 
7fcff1e00000-7fcff3e00000 rw-p 00000000 00:00 0 
7fcff3e00000-7fcff4000000 rw-p 00000000 00:00 0 
7fcff4000000-7fcff4001000 ---p 00000000 00:00 0 
7fcff4001000-7fcff4801000 rw-p 00000000 00:00 0 
7fcff4900000-7fcff4a00000 rw-p 00000000 00:00 0 
7fcff4a00000-7fcff6a00000 rw-p 00000000 00:00 0 
7fcff6a00000-7fcff6c00000 rw-p 00000000 00:00 0 
7fcff6c00000-7fcff6c01000 ---p 00000000 00:00 0 
7fcff6c01000-7fcff7401000 rw-p 00000000 00:00 0 
7fcff7500000-7fcff7600000 rw-p 00000000 00:00 0 
7fcff7600000-7fcff9600000 rw-p 00000000 00:00 0 
7fcff9600000-7fcff9800000 rw-p 00000000 00:00 0 
7fcff9800000-7fcff9801000 ---p 00000000 00:00 0 
7fcff9801000-7fcffa001000 rw-p 00000000 00:00 0 
7fcffa100000-7fcffa200000 rw-p 00000000 00:00 0 
7fcffa200000-7fcffc200000 rw-p 00000000 00:00 0 
7fcffc200000-7fcffc400000 rw-p 00000000 00:00 0 
7fcffc400000-7fcffc401000 ---p 00000000 00:00 0 
7fcffc401000-7fcffcc01000 rw-p 00000000 00:00 0 
7fcffcd00000-7fcffce00000 rw-p 00000000 00:00 0 
7fcffce00000-7fcffee00000 rw-p 00000000 00:00 0 
7fcffee00000-7fcfff000000 rw-p 00000000 00:00 0 
7fcfff000000-7fd001000000 rw-p 00000000 00:00 0 
7fd001000000-7fd001200000 rw-p 00000000 00:00 0 
7fd001200000-7fd001201000 ---p 00000000 00:00 0 
7fd001201000-7fd001a01000 rw-p 00000000 00:00 0 
7fd001b00000-7fd001c00000 rw-p 00000000 00:00 0 
7fd001c00000-7fd001c01000 ---p 00000000 00:00 0 
7fd001c01000-7fd002401000 rw-p 00000000 00:00 0 
7fd002500000-7fd002600000 rw-p 00000000 00:00 0 
7fd002600000-7fd002601000 ---p 00000000 00:00 0 
7fd002601000-7fd002e01000 rw-p 00000000 00:00 0 
7fd002e83000-7fd002f83000 rw-p 00000000 00:00 0 
7fd002f83000-7fd00307d000 r--p 00000000 00:19d 64698545190               /mnt/primary/conda-envs/semantic_uncertainty_export/lib/python3.11/site-packages/scipy.libs/libopenblasp-r0-23e5df77.3.21.dev.so
7fd00307d000-7fd003085000 r-xp 000fa000 00:19d 64698545190               /mnt/primary/conda-envs/semantic_uncertainty_export/lib/python3.11/site-packages/scipy.libs/libopenblasp-r0-23e5df77.3.21.dev.so
7fd003085000-7fd00308b000 ---p 00102000 00:19d 64698545190               /mnt/primary/conda-envs/semantic_uncertainty_export/lib/python3.11/site-packages/scipy.libs/libopenblasp-r0-23e5df77.3.21.dev.so
7fd00308b000-7fd004b43000 r-xp 00108000 00:19d 64698545190               /mnt/primary/conda-envs/semantic_uncertainty_export/lib/python3.11/site-packages/scipy.libs/libopenblasp-r0-23e5df77.3.21.dev.so
7fd004b43000-7fd004d3d000 r--p 01bc0000 00:19d 64698545190               /mnt/primary/conda-envs/semantic_uncertainty_export/lib/python3.11/site-packages/scipy.libs/libopenblasp-r0-23e5df77.3.21.dev.so
7fd004d3d000-7fd004d3e000 ---p 01dba000 00:19d 64698545190               /mnt/primary/conda-envs/semantic_uncertainty_export/lib/python3.11/site-packages/scipy.libs/libopenblasp-r0-23e5df77.3.21.dev.so
7fd004d3e000-7fd004d44000 r--p 01dba000 00:19d 64698545190               /mnt/primary/conda-envs/semantic_uncertainty_export/lib/python3.11/site-packages/scipy.libs/libopenblasp-r0-23e5df77.3.21.dev.so
7fd004d44000-7fd004d58000 rw-p 01dc0000 00:19d 64698545190               /mnt/primary/conda-envs/semantic_uncertainty_export/lib/python3.11/site-packages/scipy.libs/libopenblasp-r0-23e5df77.3.21.dev.so
7fd004d58000-7fd004d65000 rw-p 00000000 00:00 0 
7fd004d65000-7fd004e00000 rw-p 01ed4000 00:19d 64698545190               /mnt/primary/conda-envs/semantic_uncertainty_export/lib/python3.11/site-packages/scipy.libs/libopenblasp-r0-23e5df77.3.21.dev.so
7fd004e00000-7fd004e01000 ---p 00000000 00:00 0 
7fd004e01000-7fd005601000 rw-p 00000000 00:00 0 
7fd005700000-7fd005800000 rw-p 00000000 00:00 0 
7fd005800000-7fd005801000 ---p 00000000 00:00 0 
7fd005801000-7fd006001000 rw-p 00000000 00:00 0 
7fd006100000-7fd006200000 rw-p 00000000 00:00 0 
7fd006200000-7fd006201000 ---p 00000000 00:00 0 
7fd006201000-7fd006a01000 rw-p 00000000 00:00 0 
7fd006a75000-7fd006a7a000 r--p 00000000 00:19d 170174611463              /mnt/primary/conda-envs/semantic_uncertainty_export/lib/python3.11/site-packages/pyarrow/_json.cpython-311-x86_64-linux-gnu.so
7fd006a7a000-7fd006a8a000 r-xp 00005000 00:19d 170174611463              /mnt/primary/conda-envs/semantic_uncertainty_export/lib/python3.11/site-packages/pyarrow/_json.cpython-311-x86_64-linux-gnu.so
7fd006a8a000-7fd006a8f000 r--p 00015000 00:19d 170174611463              /mnt/primary/conda-envs/semantic_uncertainty_export/lib/python3.11/site-packages/pyarrow/_json.cpython-311-x86_64-linux-gnu.so
7fd006a8f000-7fd006a90000 r--p 00019000 00:19d 170174611463              /mnt/primary/conda-envs/semantic_uncertainty_export/lib/python3.11/site-packages/pyarrow/_json.cpython-311-x86_64-linux-gnu.so
7fd006a90000-7fd006a92000 rw-p 0001a000 00:19d 170174611463              /mnt/primary/conda-envs/semantic_uncertainty_export/lib/python3.11/site-packages/pyarrow/_json.cpython-311-x86_64-linux-gnu.so
7fd006a92000-7fd006a9d000 r--p 00000000 00:19d 88132007956               /mnt/primary/conda-envs/semantic_uncertainty_export/lib/python3.11/site-packages/aiohttp/_http_parser.cpython-311-x86_64-linux-gnu.so
7fd006a9d000-7fd006aed000 r-xp 0000b000 00:19d 88132007956               /mnt/primary/conda-envs/semantic_uncertainty_export/lib/python3.11/site-packages/aiohttp/_http_parser.cpython-311-x86_64-linux-gnu.so
7fd006aed000-7fd006af7000 r--p 0005b000 00:19d 88132007956               /mnt/primary/conda-envs/semantic_uncertainty_export/lib/python3.11/site-packages/aiohttp/_http_parser.cpython-311-x86_64-linux-gnu.so
7fd006af7000-7fd006af8000 ---p 00065000 00:19d 88132007956               /mnt/primary/conda-envs/semantic_uncertainty_export/lib/python3.11/site-packages/aiohttp/_http_parser.cpython-311-x86_64-linux-gnu.so
7fd006af8000-7fd006af9000 r--p 00065000 00:19d 88132007956               /mnt/primary/conda-envs/semantic_uncertainty_export/lib/python3.11/site-packages/aiohttp/_http_parser.cpython-311-x86_64-linux-gnu.so
7fd006af9000-7fd006afd000 rw-p 00066000 00:19d 88132007956               /mnt/primary/conda-envs/semantic_uncertainty_export/lib/python3.11/site-packages/aiohttp/_http_parser.cpython-311-x86_64-linux-gnu.so
7fd006afd000-7fd006c00000 rw-p 00000000 00:00 0 
7fd006c00000-7fd006c01000 ---p 00000000 00:00 0 
7fd006c01000-7fd007401000 rw-p 00000000 00:00 0 
7fd00741c000-7fd00741e000 r--p 00000000 00:19d 70898552886               /mnt/primary/conda-envs/semantic_uncertainty_export/lib/libxxhash.so.0.8.0
7fd00741e000-7fd007424000 r-xp 00002000 00:19d 70898552886               /mnt/primary/conda-envs/semantic_uncertainty_export/lib/libxxhash.so.0.8.0
7fd007424000-7fd007425000 r--p 00008000 00:19d 70898552886               /mnt/primary/conda-envs/semantic_uncertainty_export/lib/libxxhash.so.0.8.0
7fd007425000-7fd007426000 r--p 00008000 00:19d 70898552886               /mnt/primary/conda-envs/semantic_uncertainty_export/lib/libxxhash.so.0.8.0
7fd007426000-7fd007427000 rw-p 00009000 00:19d 70898552886               /mnt/primary/conda-envs/semantic_uncertainty_export/lib/libxxhash.so.0.8.0
7fd007427000-7fd007434000 r--p 00000000 00:19d 170174514239              /mnt/primary/conda-envs/semantic_uncertainty_export/lib/python3.11/site-packages/pyarrow/_fs.cpython-311-x86_64-linux-gnu.so
7fd007434000-7fd00746e000 r-xp 0000d000 00:19d 170174514239              /mnt/primary/conda-envs/semantic_uncertainty_export/lib/python3.11/site-packages/pyarrow/_fs.cpython-311-x86_64-linux-gnu.so
7fd00746e000-7fd007483000 r--p 00047000 00:19d 170174514239              /mnt/primary/conda-envs/semantic_uncertainty_export/lib/python3.11/site-packages/pyarrow/_fs.cpython-311-x86_64-linux-gnu.so
7fd007483000-7fd007484000 r--p 0005b000 00:19d 170174514239              /mnt/primary/conda-envs/semantic_uncertainty_export/lib/python3.11/site-packages/pyarrow/_fs.cpython-311-x86_64-linux-gnu.so
7fd007484000-7fd007487000 rw-p 0005c000 00:19d 170174514239              /mnt/primary/conda-envs/semantic_uncertainty_export/lib/python3.11/site-packages/pyarrow/_fs.cpython-311-x86_64-linux-gnu.so
7fd007487000-7fd007489000 rw-p 00000000 00:00 0 
7fd007489000-7fd007498000 r--p 00000000 00:19d 170174611469              /mnt/primary/conda-envs/semantic_uncertainty_export/lib/python3.11/site-packages/pyarrow/_parquet.cpython-311-x86_64-linux-gnu.so
7fd007498000-7fd0074e5000 r-xp 0000f000 00:19d 170174611469              /mnt/primary/conda-envs/semantic_uncertainty_export/lib/python3.11/site-packages/pyarrow/_parquet.cpython-311-x86_64-linux-gnu.so
7fd0074e5000-7fd0074f8000 r--p 0005c000 00:19d 170174611469              /mnt/primary/conda-envs/semantic_uncertainty_export/lib/python3.11/site-packages/pyarrow/_parquet.cpython-311-x86_64-linux-gnu.so
7fd0074f8000-7fd0074f9000 r--p 0006e000 00:19d 170174611469              /mnt/primary/conda-envs/semantic_uncertainty_export/lib/python3.11/site-packages/pyarrow/_parquet.cpython-311-x86_64-linux-gnu.so
7fd0074f9000-7fd0074fe000 rw-p 0006f000 00:19d 170174611469              /mnt/primary/conda-envs/semantic_uncertainty_export/lib/python3.11/site-packages/pyarrow/_parquet.cpython-311-x86_64-linux-gnu.so
7fd0074fe000-7fd007600000 rw-p 00000000 00:00 0 
7fd007600000-7fd007601000 ---p 00000000 00:00 0 
7fd007601000-7fd007e01000 rw-p 00000000 00:00 0 
7fd007e04000-7fd007e08000 r--p 00000000 00:19d 133230548005              /mnt/primary/conda-envs/semantic_uncertainty_export/lib/python3.11/site-packages/frozenlist/_frozenlist.cpython-311-x86_64-linux-gnu.so
7fd007e08000-7fd007e11000 r-xp 00004000 00:19d 133230548005              /mnt/primary/conda-envs/semantic_uncertainty_export/lib/python3.11/site-packages/frozenlist/_frozenlist.cpython-311-x86_64-linux-gnu.so
7fd007e11000-7fd007e14000 r--p 0000d000 00:19d 133230548005              /mnt/primary/conda-envs/semantic_uncertainty_export/lib/python3.11/site-packages/frozenlist/_frozenlist.cpython-311-x86_64-linux-gnu.so
7fd007e14000-7fd007e15000 r--p 0000f000 00:19d 133230548005              /mnt/primary/conda-envs/semantic_uncertainty_export/lib/python3.11/site-packages/frozenlist/_frozenlist.cpython-311-x86_64-linux-gnu.so
7fd007e15000-7fd007e16000 rw-p 00010000 00:19d 133230548005              /mnt/primary/conda-envs/semantic_uncertainty_export/lib/python3.11/site-packages/frozenlist/_frozenlist.cpython-311-x86_64-linux-gnu.so
7fd007e16000-7fd007e1c000 rw-p 00000000 00:00 0 
7fd007e1c000-7fd007f00000 ---p 00000000 00:00 0 
7fd007f00000-7fd008000000 rw-p 00000000 00:00 0 
7fd008000000-7fd008021000 rw-p 00000000 00:00 0 
7fd008021000-7fd00c000000 ---p 00000000 00:00 0 
7fd00c000000-7fd00c200000 rw-p 00000000 00:00 0 
7fd00c200000-7fd00c600000 rw-p 00000000 00:00 0 
7fd00c600000-7fd00c601000 ---p 00000000 00:00 0 
7fd00c601000-7fd00ce01000 rw-p 00000000 00:00 0 
7fd00ce06000-7fd00ce09000 r--p 00000000 00:19d 88132007958               /mnt/primary/conda-envs/semantic_uncertainty_export/lib/python3.11/site-packages/aiohttp/_http_writer.cpython-311-x86_64-linux-gnu.so
7fd00ce09000-7fd00ce0f000 r-xp 00003000 00:19d 88132007958               /mnt/primary/conda-envs/semantic_uncertainty_export/lib/python3.11/site-packages/aiohttp/_http_writer.cpython-311-x86_64-linux-gnu.so
7fd00ce0f000-7fd00ce11000 r--p 00009000 00:19d 88132007958               /mnt/primary/conda-envs/semantic_uncertainty_export/lib/python3.11/site-packages/aiohttp/_http_writer.cpython-311-x86_64-linux-gnu.so
7fd00ce11000-7fd00ce12000 r--p 0000a000 00:19d 88132007958               /mnt/primary/conda-envs/semantic_uncertainty_export/lib/python3.11/site-packages/aiohttp/_http_writer.cpython-311-x86_64-linux-gnu.so
7fd00ce12000-7fd00ce13000 rw-p 0000b000 00:19d 88132007958               /mnt/primary/conda-envs/semantic_uncertainty_export/lib/python3.11/site-packages/aiohttp/_http_writer.cpython-311-x86_64-linux-gnu.so
7fd00ce13000-7fd00ce20000 rw-p 00000000 00:00 0 
7fd00ce20000-7fd00cf00000 ---p 00000000 00:00 0 
7fd00cf00000-7fd00d000000 rw-p 00000000 00:00 0 
7fd00d000000-7fd00d001000 ---p 00000000 00:00 0 
7fd00d001000-7fd00d801000 rw-p 00000000 00:00 0 
7fd00d801000-7fd00d805000 r--p 00000000 00:19d 81779444225               /mnt/primary/conda-envs/semantic_uncertainty_export/lib/python3.11/site-packages/yarl/_quoting_c.cpython-311-x86_64-linux-gnu.so
7fd00d805000-7fd00d812000 r-xp 00004000 00:19d 81779444225               /mnt/primary/conda-envs/semantic_uncertainty_export/lib/python3.11/site-packages/yarl/_quoting_c.cpython-311-x86_64-linux-gnu.so
7fd00d812000-7fd00d815000 r--p 00011000 00:19d 81779444225               /mnt/primary/conda-envs/semantic_uncertainty_export/lib/python3.11/site-packages/yarl/_quoting_c.cpython-311-x86_64-linux-gnu.so
7fd00d815000-7fd00d816000 r--p 00013000 00:19d 81779444225               /mnt/primary/conda-envs/semantic_uncertainty_export/lib/python3.11/site-packages/yarl/_quoting_c.cpython-311-x86_64-linux-gnu.so
7fd00d816000-7fd00d817000 rw-p 00014000 00:19d 81779444225               /mnt/primary/conda-envs/semantic_uncertainty_export/lib/python3.11/site-packages/yarl/_quoting_c.cpython-311-x86_64-linux-gnu.so
7fd00d817000-7fd00d81a000 rw-p 00000000 00:00 0 
7fd00d81a000-7fd00d81e000 r--p 00000000 00:19d 55935102981               /mnt/primary/conda-envs/semantic_uncertainty_export/lib/python3.11/site-packages/multidict/_multidict.cpython-311-x86_64-linux-gnu.so
7fd00d81e000-7fd00d825000 r-xp 00004000 00:19d 55935102981               /mnt/primary/conda-envs/semantic_uncertainty_export/lib/python3.11/site-packages/multidict/_multidict.cpython-311-x86_64-linux-gnu.so
7fd00d825000-7fd00d828000 r--p 0000b000 00:19d 55935102981               /mnt/primary/conda-envs/semantic_uncertainty_export/lib/python3.11/site-packages/multidict/_multidict.cpython-311-x86_64-linux-gnu.so
7fd00d828000-7fd00d829000 r--p 0000d000 00:19d 55935102981               /mnt/primary/conda-envs/semantic_uncertainty_export/lib/python3.11/site-packages/multidict/_multidict.cpython-311-x86_64-linux-gnu.so
7fd00d829000-7fd00d82b000 rw-p 0000e000 00:19d 55935102981               /mnt/primary/conda-envs/semantic_uncertainty_export/lib/python3.11/site-packages/multidict/_multidict.cpython-311-x86_64-linux-gnu.so
7fd00d82b000-7fd00d831000 r--p 00000000 00:19d 170174611478              /mnt/primary/conda-envs/semantic_uncertainty_export/lib/python3.11/site-packages/pyarrow/_s3fs.cpython-311-x86_64-linux-gnu.so
7fd00d831000-7fd00d84e000 r-xp 00006000 00:19d 170174611478              /mnt/primary/conda-envs/semantic_uncertainty_export/lib/python3.11/site-packages/pyarrow/_s3fs.cpython-311-x86_64-linux-gnu.so
7fd00d84e000-7fd00d856000 r--p 00023000 00:19d 170174611478              /mnt/primary/conda-envs/semantic_uncertainty_export/lib/python3.11/site-packages/pyarrow/_s3fs.cpython-311-x86_64-linux-gnu.so
7fd00d856000-7fd00d857000 r--p 0002a000 00:19d 170174611478              /mnt/primary/conda-envs/semantic_uncertainty_export/lib/python3.11/site-packages/pyarrow/_s3fs.cpython-311-x86_64-linux-gnu.so
7fd00d857000-7fd00d859000 rw-p 0002b000 00:19d 170174611478              /mnt/primary/conda-envs/semantic_uncertainty_export/lib/python3.11/site-packages/pyarrow/_s3fs.cpython-311-x86_64-linux-gnu.so
7fd00d859000-7fd00d85a000 rw-p 00000000 00:00 0 
7fd00d85a000-7fd00d861000 r--p 00000000 00:19d 101037297702              /mnt/primary/conda-envs/semantic_uncertainty_export/lib/python3.11/site-packages/jnius/jnius.cpython-311-x86_64-linux-gnu.so
7fd00d861000-7fd00d8ea000 r-xp 00007000 00:19d 101037297702              /mnt/primary/conda-envs/semantic_uncertainty_export/lib/python3.11/site-packages/jnius/jnius.cpython-311-x86_64-linux-gnu.so
7fd00d8ea000-7fd00d8f9000 r--p 00090000 00:19d 101037297702              /mnt/primary/conda-envs/semantic_uncertainty_export/lib/python3.11/site-packages/jnius/jnius.cpython-311-x86_64-linux-gnu.so
7fd00d8f9000-7fd00d8fa000 ---p 0009f000 00:19d 101037297702              /mnt/primary/conda-envs/semantic_uncertainty_export/lib/python3.11/site-packages/jnius/jnius.cpython-311-x86_64-linux-gnu.so
7fd00d8fa000-7fd00d8fb000 r--p 0009f000 00:19d 101037297702              /mnt/primary/conda-envs/semantic_uncertainty_export/lib/python3.11/site-packages/jnius/jnius.cpython-311-x86_64-linux-gnu.so
7fd00d8fb000-7fd00d8ff000 rw-p 000a0000 00:19d 101037297702              /mnt/primary/conda-envs/semantic_uncertainty_export/lib/python3.11/site-packages/jnius/jnius.cpython-311-x86_64-linux-gnu.so
7fd00d8ff000-7fd00da00000 rw-p 00000000 00:00 0 
7fd00da00000-7fd00da01000 ---p 00000000 00:00 0 
7fd00da01000-7fd00e201000 rw-p 00000000 00:00 0 
7fd00e209000-7fd00e20e000 r--p 00000000 00:19d 170174611458              /mnt/primary/conda-envs/semantic_uncertainty_export/lib/python3.11/site-packages/pyarrow/_gcsfs.cpython-311-x86_64-linux-gnu.so
7fd00e20e000-7fd00e21d000 r-xp 00005000 00:19d 170174611458              /mnt/primary/conda-envs/semantic_uncertainty_export/lib/python3.11/site-packages/pyarrow/_gcsfs.cpython-311-x86_64-linux-gnu.so
7fd00e21d000-7fd00e221000 r--p 00014000 00:19d 170174611458              /mnt/primary/conda-envs/semantic_uncertainty_export/lib/python3.11/site-packages/pyarrow/_gcsfs.cpython-311-x86_64-linux-gnu.so
7fd00e221000-7fd00e222000 ---p 00018000 00:19d 170174611458              /mnt/primary/conda-envs/semantic_uncertainty_export/lib/python3.11/site-packages/pyarrow/_gcsfs.cpython-311-x86_64-linux-gnu.so
7fd00e222000-7fd00e223000 r--p 00018000 00:19d 170174611458              /mnt/primary/conda-envs/semantic_uncertainty_export/lib/python3.11/site-packages/pyarrow/_gcsfs.cpython-311-x86_64-linux-gnu.so
7fd00e223000-7fd00e224000 rw-p 00019000 00:19d 170174611458              /mnt/primary/conda-envs/semantic_uncertainty_export/lib/python3.11/site-packages/pyarrow/_gcsfs.cpython-311-x86_64-linux-gnu.so
7fd00e224000-7fd00e225000 rw-p 00000000 00:00 0 
7fd00e225000-7fd00e22a000 r--p 00000000 00:19d 170174611461              /mnt/primary/conda-envs/semantic_uncertainty_export/lib/python3.11/site-packages/pyarrow/_hdfs.cpython-311-x86_64-linux-gnu.so
7fd00e22a000-7fd00e239000 r-xp 00005000 00:19d 170174611461              /mnt/primary/conda-envs/semantic_uncertainty_export/lib/python3.11/site-packages/pyarrow/_hdfs.cpython-311-x86_64-linux-gnu.so
7fd00e239000-7fd00e23d000 r--p 00014000 00:19d 170174611461              /mnt/primary/conda-envs/semantic_uncertainty_export/lib/python3.11/site-packages/pyarrow/_hdfs.cpython-311-x86_64-linux-gnu.so
7fd00e23d000-7fd00e23e000 r--p 00017000 00:19d 170174611461              /mnt/primary/conda-envs/semantic_uncertainty_export/lib/python3.11/site-packages/pyarrow/_hdfs.cpython-311-x86_64-linux-gnu.so
7fd00e23e000-7fd00e23f000 rw-p 00018000 00:19d 170174611461              /mnt/primary/conda-envs/semantic_uncertainty_export/lib/python3.11/site-packages/pyarrow/_hdfs.cpython-311-x86_64-linux-gnu.so
7fd00e23f000-7fd00e240000 rw-p 00000000 00:00 0 
7fd00e240000-7fd00e244000 r--p 00000000 00:19d 170174514213              /mnt/primary/conda-envs/semantic_uncertainty_export/lib/python3.11/site-packages/pyarrow/_azurefs.cpython-311-x86_64-linux-gnu.so
7fd00e244000-7fd00e250000 r-xp 00004000 00:19d 170174514213              /mnt/primary/conda-envs/semantic_uncertainty_export/lib/python3.11/site-packages/pyarrow/_azurefs.cpython-311-x86_64-linux-gnu.so
7fd00e250000-7fd00e254000 r--p 00010000 00:19d 170174514213              /mnt/primary/conda-envs/semantic_uncertainty_export/lib/python3.11/site-packages/pyarrow/_azurefs.cpython-311-x86_64-linux-gnu.so
7fd00e254000-7fd00e255000 r--p 00013000 00:19d 170174514213              /mnt/primary/conda-envs/semantic_uncertainty_export/lib/python3.11/site-packages/pyarrow/_azurefs.cpython-311-x86_64-linux-gnu.so
7fd00e255000-7fd00e256000 rw-p 00014000 00:19d 170174514213              /mnt/primary/conda-envs/semantic_uncertainty_export/lib/python3.11/site-packages/pyarrow/_azurefs.cpython-311-x86_64-linux-gnu.so
7fd00e256000-7fd00e257000 rw-p 00000000 00:00 0 
7fd00e257000-7fd00e261000 r--p 00000000 00:19d 24812979731               /mnt/primary/conda-envs/semantic_uncertainty_export/lib/python3.11/site-packages/sklearn/datasets/_svmlight_format_fast.cpython-311-x86_64-linux-gnu.so
7fd00e261000-7fd00e2b5000 r-xp 0000a000 00:19d 24812979731               /mnt/primary/conda-envs/semantic_uncertainty_export/lib/python3.11/site-packages/sklearn/datasets/_svmlight_format_fast.cpython-311-x86_64-linux-gnu.so
7fd00e2b5000-7fd00e2c0000 r--p 0005e000 00:19d 24812979731               /mnt/primary/conda-envs/semantic_uncertainty_export/lib/python3.11/site-packages/sklearn/datasets/_svmlight_format_fast.cpython-311-x86_64-linux-gnu.so
7fd00e2c0000-7fd00e2c1000 ---p 00069000 00:19d 24812979731               /mnt/primary/conda-envs/semantic_uncertainty_export/lib/python3.11/site-packages/sklearn/datasets/_svmlight_format_fast.cpython-311-x86_64-linux-gnu.so
7fd00e2c1000-7fd00e2c2000 r--p 00069000 00:19d 24812979731               /mnt/primary/conda-envs/semantic_uncertainty_export/lib/python3.11/site-packages/sklearn/datasets/_svmlight_format_fast.cpython-311-x86_64-linux-gnu.so
7fd00e2c2000-7fd00e2c9000 rw-p 0006a000 00:19d 24812979731               /mnt/primary/conda-envs/semantic_uncertainty_export/lib/python3.11/site-packages/sklearn/datasets/_svmlight_format_fast.cpython-311-x86_64-linux-gnu.so
7fd00e2c9000-7fd00e2ca000 rw-p 00000000 00:00 0 
7fd00e2ca000-7fd00e2cf000 rw-p 00082000 00:19d 24812979731               /mnt/primary/conda-envs/semantic_uncertainty_export/lib/python3.11/site-packages/sklearn/datasets/_svmlight_format_fast.cpython-311-x86_64-linux-gnu.so
7fd00e2cf000-7fd00e2d5000 r--p 00000000 00:19d 9146289165                /mnt/primary/conda-envs/semantic_uncertainty_export/lib/python3.11/site-packages/scipy/io/matlab/_mio5_utils.cpython-311-x86_64-linux-gnu.so
7fd00e2d5000-7fd00e2f5000 r-xp 00006000 00:19d 9146289165                /mnt/primary/conda-envs/semantic_uncertainty_export/lib/python3.11/site-packages/scipy/io/matlab/_mio5_utils.cpython-311-x86_64-linux-gnu.so
7fd00e2f5000-7fd00e2fb000 r--p 00026000 00:19d 9146289165                /mnt/primary/conda-envs/semantic_uncertainty_export/lib/python3.11/site-packages/scipy/io/matlab/_mio5_utils.cpython-311-x86_64-linux-gnu.so
7fd00e2fb000-7fd00e2fc000 r--p 0002b000 00:19d 9146289165                /mnt/primary/conda-envs/semantic_uncertainty_export/lib/python3.11/site-packages/scipy/io/matlab/_mio5_utils.cpython-311-x86_64-linux-gnu.so
7fd00e2fc000-7fd00e300000 rw-p 0002c000 00:19d 9146289165                /mnt/primary/conda-envs/semantic_uncertainty_export/lib/python3.11/site-packages/scipy/io/matlab/_mio5_utils.cpython-311-x86_64-linux-gnu.so
7fd00e300000-7fd00e400000 rw-p 00000000 00:00 0 
7fd00e400000-7fd00e401000 ---p 00000000 00:00 0 
7fd00e401000-7fd00ec01000 rw-p 00000000 00:00 0 
7fd00ec03000-7fd00ec11000 r--p 00000000 08:04 1084193435                 /usr/lib/jvm/java-11-openjdk-amd64/lib/libjava.so
7fd00ec11000-7fd00ec27000 r-xp 0000e000 08:04 1084193435                 /usr/lib/jvm/java-11-openjdk-amd64/lib/libjava.so
7fd00ec27000-7fd00ec2e000 r--p 00024000 08:04 1084193435                 /usr/lib/jvm/java-11-openjdk-amd64/lib/libjava.so
7fd00ec2e000-7fd00ec2f000 r--p 0002a000 08:04 1084193435                 /usr/lib/jvm/java-11-openjdk-amd64/lib/libjava.so
7fd00ec2f000-7fd00ec30000 rw-p 0002b000 08:04 1084193435                 /usr/lib/jvm/java-11-openjdk-amd64/lib/libjava.so
7fd00ec30000-7fd00ed31000 rw-p 00000000 00:00 0 
7fd00ed31000-7fd00f1df000 r--p 00000000 00:19d 169691131401              /mnt/primary/conda-envs/semantic_uncertainty_export/lib/python3.11/site-packages/pyarrow/libarrow.so.2000
7fd00f1df000-7fd011595000 r-xp 004ae000 00:19d 169691131401              /mnt/primary/conda-envs/semantic_uncertainty_export/lib/python3.11/site-packages/pyarrow/libarrow.so.2000
7fd011595000-7fd011e52000 r--p 02864000 00:19d 169691131401              /mnt/primary/conda-envs/semantic_uncertainty_export/lib/python3.11/site-packages/pyarrow/libarrow.so.2000
7fd011e52000-7fd011f43000 r--p 03120000 00:19d 169691131401              /mnt/primary/conda-envs/semantic_uncertainty_export/lib/python3.11/site-packages/pyarrow/libarrow.so.2000
7fd011f43000-7fd011f76000 rw-p 03211000 00:19d 169691131401              /mnt/primary/conda-envs/semantic_uncertainty_export/lib/python3.11/site-packages/pyarrow/libarrow.so.2000
7fd011f76000-7fd012200000 rw-p 00000000 00:00 0 
7fd012200000-7fd014200000 rw-p 00000000 00:00 0 
7fd014200000-7fd014400000 rw-p 00000000 00:00 0 
7fd014400000-7fd016400000 rw-p 00000000 00:00 0 
7fd016400000-7fd016600000 rw-p 00000000 00:00 0 
7fd016600000-7fd016601000 ---p 00000000 00:00 0 
7fd016601000-7fd016e01000 rw-p 00000000 00:00 0 
7fd016e06000-7fd016e0a000 r--p 00000000 08:04 1084193447                 /usr/lib/jvm/java-11-openjdk-amd64/lib/libnet.so
7fd016e0a000-7fd016e18000 r-xp 00004000 08:04 1084193447                 /usr/lib/jvm/java-11-openjdk-amd64/lib/libnet.so
7fd016e18000-7fd016e1c000 r--p 00012000 08:04 1084193447                 /usr/lib/jvm/java-11-openjdk-amd64/lib/libnet.so
7fd016e1c000-7fd016e1d000 r--p 00015000 08:04 1084193447                 /usr/lib/jvm/java-11-openjdk-amd64/lib/libnet.so
7fd016e1d000-7fd016e1e000 rw-p 00016000 08:04 1084193447                 /usr/lib/jvm/java-11-openjdk-amd64/lib/libnet.so
7fd016e1e000-7fd016e2a000 r--p 00000000 00:19d 15919094291               /mnt/primary/conda-envs/semantic_uncertainty_export/lib/python3.11/site-packages/sklearn/svm/_libsvm_sparse.cpython-311-x86_64-linux-gnu.so
7fd016e2a000-7fd016e72000 r-xp 0000c000 00:19d 15919094291               /mnt/primary/conda-envs/semantic_uncertainty_export/lib/python3.11/site-packages/sklearn/svm/_libsvm_sparse.cpython-311-x86_64-linux-gnu.so
7fd016e72000-7fd016e7e000 r--p 00054000 00:19d 15919094291               /mnt/primary/conda-envs/semantic_uncertainty_export/lib/python3.11/site-packages/sklearn/svm/_libsvm_sparse.cpython-311-x86_64-linux-gnu.so
7fd016e7e000-7fd016e7f000 r--p 0005f000 00:19d 15919094291               /mnt/primary/conda-envs/semantic_uncertainty_export/lib/python3.11/site-packages/sklearn/svm/_libsvm_sparse.cpython-311-x86_64-linux-gnu.so
7fd016e7f000-7fd016e83000 rw-p 00060000 00:19d 15919094291               /mnt/primary/conda-envs/semantic_uncertainty_export/lib/python3.11/site-packages/sklearn/svm/_libsvm_sparse.cpython-311-x86_64-linux-gnu.so
7fd016e83000-7fd016e85000 rw-p 00000000 00:00 0 
7fd016e85000-7fd016e8b000 rw-p 000d3000 00:19d 15919094291               /mnt/primary/conda-envs/semantic_uncertainty_export/lib/python3.11/site-packages/sklearn/svm/_libsvm_sparse.cpython-311-x86_64-linux-gnu.so
7fd016e8b000-7fd016e97000 r--p 00000000 00:19d 15919095334               /mnt/primary/conda-envs/semantic_uncertainty_export/lib/python3.11/site-packages/sklearn/svm/_libsvm.cpython-311-x86_64-linux-gnu.so
7fd016e97000-7fd016ee4000 r-xp 0000c000 00:19d 15919095334               /mnt/primary/conda-envs/semantic_uncertainty_export/lib/python3.11/site-packages/sklearn/svm/_libsvm.cpython-311-x86_64-linux-gnu.so
7fd016ee4000-7fd016eef000 r--p 00059000 00:19d 15919095334               /mnt/primary/conda-envs/semantic_uncertainty_export/lib/python3.11/site-packages/sklearn/svm/_libsvm.cpython-311-x86_64-linux-gnu.so
7fd016eef000-7fd016ef0000 ---p 00064000 00:19d 15919095334               /mnt/primary/conda-envs/semantic_uncertainty_export/lib/python3.11/site-packages/sklearn/svm/_libsvm.cpython-311-x86_64-linux-gnu.so
7fd016ef0000-7fd016ef1000 r--p 00064000 00:19d 15919095334               /mnt/primary/conda-envs/semantic_uncertainty_export/lib/python3.11/site-packages/sklearn/svm/_libsvm.cpython-311-x86_64-linux-gnu.so
7fd016ef1000-7fd016ef7000 rw-p 00065000 00:19d 15919095334               /mnt/primary/conda-envs/semantic_uncertainty_export/lib/python3.11/site-packages/sklearn/svm/_libsvm.cpython-311-x86_64-linux-gnu.so
7fd016ef7000-7fd016efa000 rw-p 00000000 00:00 0 
7fd016efa000-7fd016f00000 rw-p 000db000 00:19d 15919095334               /mnt/primary/conda-envs/semantic_uncertainty_export/lib/python3.11/site-packages/sklearn/svm/_libsvm.cpython-311-x86_64-linux-gnu.so
7fd016f00000-7fd017000000 rw-p 00000000 00:00 0 
7fd017000000-7fd019000000 rw-p 00000000 00:00 0 
7fd019000000-7fd019200000 rw-p 00000000 00:00 0 
7fd019200000-7fd019201000 ---p 00000000 00:00 0 
7fd019201000-7fd019a01000 rw-p 00000000 00:00 0 
7fd019a02000-7fd019a05000 r--p 00000000 00:19d 105315167804              /mnt/primary/conda-envs/semantic_uncertainty_export/lib/python3.11/site-packages/xxhash/_xxhash.cpython-311-x86_64-linux-gnu.so
7fd019a05000-7fd019a08000 r-xp 00003000 00:19d 105315167804              /mnt/primary/conda-envs/semantic_uncertainty_export/lib/python3.11/site-packages/xxhash/_xxhash.cpython-311-x86_64-linux-gnu.so
7fd019a08000-7fd019a0b000 r--p 00006000 00:19d 105315167804              /mnt/primary/conda-envs/semantic_uncertainty_export/lib/python3.11/site-packages/xxhash/_xxhash.cpython-311-x86_64-linux-gnu.so
7fd019a0b000-7fd019a0c000 r--p 00008000 00:19d 105315167804              /mnt/primary/conda-envs/semantic_uncertainty_export/lib/python3.11/site-packages/xxhash/_xxhash.cpython-311-x86_64-linux-gnu.so
7fd019a0c000-7fd019a0e000 rw-p 00009000 00:19d 105315167804              /mnt/primary/conda-envs/semantic_uncertainty_export/lib/python3.11/site-packages/xxhash/_xxhash.cpython-311-x86_64-linux-gnu.so
7fd019a0e000-7fd019a13000 r--p 00000000 00:19d 120262025718              /mnt/primary/conda-envs/semantic_uncertainty_export/lib/python3.11/site-packages/sklearn/utils/_weight_vector.cpython-311-x86_64-linux-gnu.so
7fd019a13000-7fd019a2b000 r-xp 00005000 00:19d 120262025718              /mnt/primary/conda-envs/semantic_uncertainty_export/lib/python3.11/site-packages/sklearn/utils/_weight_vector.cpython-311-x86_64-linux-gnu.so
7fd019a2b000-7fd019a32000 r--p 0001d000 00:19d 120262025718              /mnt/primary/conda-envs/semantic_uncertainty_export/lib/python3.11/site-packages/sklearn/utils/_weight_vector.cpython-311-x86_64-linux-gnu.so
7fd019a32000-7fd019a33000 r--p 00023000 00:19d 120262025718              /mnt/primary/conda-envs/semantic_uncertainty_export/lib/python3.11/site-packages/sklearn/utils/_weight_vector.cpython-311-x86_64-linux-gnu.so
7fd019a33000-7fd019a36000 rw-p 00024000 00:19d 120262025718              /mnt/primary/conda-envs/semantic_uncertainty_export/lib/python3.11/site-packages/sklearn/utils/_weight_vector.cpython-311-x86_64-linux-gnu.so
7fd019a36000-7fd019a39000 rw-p 0002f000 00:19d 120262025718              /mnt/primary/conda-envs/semantic_uncertainty_export/lib/python3.11/site-packages/sklearn/utils/_weight_vector.cpython-311-x86_64-linux-gnu.so
7fd019a39000-7fd019a49000 r--p 00000000 00:19d 83815412257               /mnt/primary/conda-envs/semantic_uncertainty_export/lib/python3.11/site-packages/regex/_regex.cpython-311-x86_64-linux-gnu.so
7fd019a49000-7fd019a80000 r-xp 00010000 00:19d 83815412257               /mnt/primary/conda-envs/semantic_uncertainty_export/lib/python3.11/site-packages/regex/_regex.cpython-311-x86_64-linux-gnu.so
7fd019a80000-7fd019af6000 r--p 00047000 00:19d 83815412257               /mnt/primary/conda-envs/semantic_uncertainty_export/lib/python3.11/site-packages/regex/_regex.cpython-311-x86_64-linux-gnu.so
7fd019af6000-7fd019af7000 r--p 000bc000 00:19d 83815412257               /mnt/primary/conda-envs/semantic_uncertainty_export/lib/python3.11/site-packages/regex/_regex.cpython-311-x86_64-linux-gnu.so
7fd019af7000-7fd019b00000 rw-p 000bd000 00:19d 83815412257               /mnt/primary/conda-envs/semantic_uncertainty_export/lib/python3.11/site-packages/regex/_regex.cpython-311-x86_64-linux-gnu.so
7fd019b00000-7fd019c00000 rw-p 00000000 00:00 0 
7fd019c00000-7fd01bc00000 rw-p 00000000 00:00 0 
7fd01bc00000-7fd01be00000 rw-p 00000000 00:00 0 
7fd01be00000-7fd01be01000 ---p 00000000 00:00 0 
7fd01be01000-7fd01c601000 rw-p 00000000 00:00 0 
7fd01c603000-7fd01c613000 -w-s 00000000 00:1d6 464                       /dev/nvidia2
7fd01c613000-7fd01c61b000 r--p 00000000 00:19d 131444978198              /mnt/primary/conda-envs/semantic_uncertainty_export/lib/python3.11/site-packages/sklearn/linear_model/_sgd_fast.cpython-311-x86_64-linux-gnu.so
7fd01c61b000-7fd01c646000 r-xp 00008000 00:19d 131444978198              /mnt/primary/conda-envs/semantic_uncertainty_export/lib/python3.11/site-packages/sklearn/linear_model/_sgd_fast.cpython-311-x86_64-linux-gnu.so
7fd01c646000-7fd01c650000 r--p 00033000 00:19d 131444978198              /mnt/primary/conda-envs/semantic_uncertainty_export/lib/python3.11/site-packages/sklearn/linear_model/_sgd_fast.cpython-311-x86_64-linux-gnu.so
7fd01c650000-7fd01c651000 r--p 0003c000 00:19d 131444978198              /mnt/primary/conda-envs/semantic_uncertainty_export/lib/python3.11/site-packages/sklearn/linear_model/_sgd_fast.cpython-311-x86_64-linux-gnu.so
7fd01c651000-7fd01c658000 rw-p 0003d000 00:19d 131444978198              /mnt/primary/conda-envs/semantic_uncertainty_export/lib/python3.11/site-packages/sklearn/linear_model/_sgd_fast.cpython-311-x86_64-linux-gnu.so
7fd01c658000-7fd01c659000 rw-p 00000000 00:00 0 
7fd01c659000-7fd01c65c000 rw-p 00052000 00:19d 131444978198              /mnt/primary/conda-envs/semantic_uncertainty_export/lib/python3.11/site-packages/sklearn/linear_model/_sgd_fast.cpython-311-x86_64-linux-gnu.so
7fd01c65c000-7fd01c65f000 r--p 00000000 00:19d 40842127925               /mnt/primary/conda-envs/semantic_uncertainty_export/lib/python3.11/site-packages/torchvision.libs/libwebp.54a0d02a.so.7
7fd01c65f000-7fd01c6e9000 r-xp 00003000 00:19d 40842127925               /mnt/primary/conda-envs/semantic_uncertainty_export/lib/python3.11/site-packages/torchvision.libs/libwebp.54a0d02a.so.7
7fd01c6e9000-7fd01c6fc000 r--p 0008d000 00:19d 40842127925               /mnt/primary/conda-envs/semantic_uncertainty_export/lib/python3.11/site-packages/torchvision.libs/libwebp.54a0d02a.so.7
7fd01c6fc000-7fd01c6fd000 r--p 000a0000 00:19d 40842127925               /mnt/primary/conda-envs/semantic_uncertainty_export/lib/python3.11/site-packages/torchvision.libs/libwebp.54a0d02a.so.7
7fd01c6fd000-7fd01c6fe000 rw-p 000a1000 00:19d 40842127925               /mnt/primary/conda-envs/semantic_uncertainty_export/lib/python3.11/site-packages/torchvision.libs/libwebp.54a0d02a.so.7
7fd01c6fe000-7fd01c6ff000 rw-p 00000000 00:00 0 
7fd01c6ff000-7fd01c700000 rw-p 000ad000 00:19d 40842127925               /mnt/primary/conda-envs/semantic_uncertainty_export/lib/python3.11/site-packages/torchvision.libs/libwebp.54a0d02a.so.7
7fd01c700000-7fd01c800000 rw-p 00000000 00:00 0 
7fd01c800000-7fd01e800000 rw-p 00000000 00:00 0 
7fd01e800000-7fd01ea00000 rw-p 00000000 00:00 0 
7fd01ea00000-7fd01ea01000 ---p 00000000 00:00 0 
7fd01ea01000-7fd01f201000 rw-p 00000000 00:00 0 
7fd01f206000-7fd01f20d000 r--p 00000000 08:04 1084193448                 /usr/lib/jvm/java-11-openjdk-amd64/lib/libnio.so
7fd01f20d000-7fd01f215000 r-xp 00007000 08:04 1084193448                 /usr/lib/jvm/java-11-openjdk-amd64/lib/libnio.so
7fd01f215000-7fd01f218000 r--p 0000f000 08:04 1084193448                 /usr/lib/jvm/java-11-openjdk-amd64/lib/libnio.so
7fd01f218000-7fd01f219000 r--p 00011000 08:04 1084193448                 /usr/lib/jvm/java-11-openjdk-amd64/lib/libnio.so
7fd01f219000-7fd01f21a000 rw-p 00012000 08:04 1084193448                 /usr/lib/jvm/java-11-openjdk-amd64/lib/libnio.so
7fd01f21a000-7fd01f221000 rw-p 00000000 00:00 0 
7fd01f221000-7fd01f22a000 ---p 00000000 00:00 0 
7fd01f22a000-7fd01f231000 r--p 00000000 00:19d 131444978188              /mnt/primary/conda-envs/semantic_uncertainty_export/lib/python3.11/site-packages/sklearn/linear_model/_sag_fast.cpython-311-x86_64-linux-gnu.so
7fd01f231000-7fd01f257000 r-xp 00007000 00:19d 131444978188              /mnt/primary/conda-envs/semantic_uncertainty_export/lib/python3.11/site-packages/sklearn/linear_model/_sag_fast.cpython-311-x86_64-linux-gnu.so
7fd01f257000-7fd01f25f000 r--p 0002d000 00:19d 131444978188              /mnt/primary/conda-envs/semantic_uncertainty_export/lib/python3.11/site-packages/sklearn/linear_model/_sag_fast.cpython-311-x86_64-linux-gnu.so
7fd01f25f000-7fd01f260000 r--p 00034000 00:19d 131444978188              /mnt/primary/conda-envs/semantic_uncertainty_export/lib/python3.11/site-packages/sklearn/linear_model/_sag_fast.cpython-311-x86_64-linux-gnu.so
7fd01f260000-7fd01f265000 rw-p 00035000 00:19d 131444978188              /mnt/primary/conda-envs/semantic_uncertainty_export/lib/python3.11/site-packages/sklearn/linear_model/_sag_fast.cpython-311-x86_64-linux-gnu.so
7fd01f265000-7fd01f266000 rw-p 00000000 00:00 0 
7fd01f266000-7fd01f269000 rw-p 00045000 00:19d 131444978188              /mnt/primary/conda-envs/semantic_uncertainty_export/lib/python3.11/site-packages/sklearn/linear_model/_sag_fast.cpython-311-x86_64-linux-gnu.so
7fd01f269000-7fd01f26e000 r--p 00000000 00:19d 40842127924               /mnt/primary/conda-envs/semantic_uncertainty_export/lib/python3.11/site-packages/torchvision.libs/libjpeg.1c1c4b09.so.8
7fd01f26e000-7fd01f2c3000 r-xp 00005000 00:19d 40842127924               /mnt/primary/conda-envs/semantic_uncertainty_export/lib/python3.11/site-packages/torchvision.libs/libjpeg.1c1c4b09.so.8
7fd01f2c3000-7fd01f2fe000 r--p 0005a000 00:19d 40842127924               /mnt/primary/conda-envs/semantic_uncertainty_export/lib/python3.11/site-packages/torchvision.libs/libjpeg.1c1c4b09.so.8
7fd01f2fe000-7fd01f2ff000 r--p 00094000 00:19d 40842127924               /mnt/primary/conda-envs/semantic_uncertainty_export/lib/python3.11/site-packages/torchvision.libs/libjpeg.1c1c4b09.so.8
7fd01f2ff000-7fd01f300000 rw-p 00095000 00:19d 40842127924               /mnt/primary/conda-envs/semantic_uncertainty_export/lib/python3.11/site-packages/torchvision.libs/libjpeg.1c1c4b09.so.8
7fd01f300000-7fd01f400000 rw-p 00000000 00:00 0 
7fd01f400000-7fd021400000 rw-p 00000000 00:00 0 
7fd021400000-7fd021600000 rw-p 00000000 00:00 0 
7fd021600000-7fd021601000 ---p 00000000 00:00 0 
7fd021601000-7fd021e01000 rw-p 00000000 00:00 0 
7fd021e04000-7fd021e07000 r--p 00000000 00:19d 88132007953               /mnt/primary/conda-envs/semantic_uncertainty_export/lib/python3.11/site-packages/aiohttp/_helpers.cpython-311-x86_64-linux-gnu.so
7fd021e07000-7fd021e0c000 r-xp 00003000 00:19d 88132007953               /mnt/primary/conda-envs/semantic_uncertainty_export/lib/python3.11/site-packages/aiohttp/_helpers.cpython-311-x86_64-linux-gnu.so
7fd021e0c000-7fd021e0e000 r--p 00008000 00:19d 88132007953               /mnt/primary/conda-envs/semantic_uncertainty_export/lib/python3.11/site-packages/aiohttp/_helpers.cpython-311-x86_64-linux-gnu.so
7fd021e0e000-7fd021e0f000 r--p 00009000 00:19d 88132007953               /mnt/primary/conda-envs/semantic_uncertainty_export/lib/python3.11/site-packages/aiohttp/_helpers.cpython-311-x86_64-linux-gnu.so
7fd021e0f000-7fd021e10000 rw-p 0000a000 00:19d 88132007953               /mnt/primary/conda-envs/semantic_uncertainty_export/lib/python3.11/site-packages/aiohttp/_helpers.cpython-311-x86_64-linux-gnu.so
7fd021e10000-7fd021e18000 r--p 00000000 00:19d 131444978192              /mnt/primary/conda-envs/semantic_uncertainty_export/lib/python3.11/site-packages/sklearn/linear_model/_cd_fast.cpython-311-x86_64-linux-gnu.so
7fd021e18000-7fd021e5d000 r-xp 00008000 00:19d 131444978192              /mnt/primary/conda-envs/semantic_uncertainty_export/lib/python3.11/site-packages/sklearn/linear_model/_cd_fast.cpython-311-x86_64-linux-gnu.so
7fd021e5d000-7fd021e67000 r--p 0004d000 00:19d 131444978192              /mnt/primary/conda-envs/semantic_uncertainty_export/lib/python3.11/site-packages/sklearn/linear_model/_cd_fast.cpython-311-x86_64-linux-gnu.so
7fd021e67000-7fd021e68000 ---p 00057000 00:19d 131444978192              /mnt/primary/conda-envs/semantic_uncertainty_export/lib/python3.11/site-packages/sklearn/linear_model/_cd_fast.cpython-311-x86_64-linux-gnu.so
7fd021e68000-7fd021e69000 r--p 00057000 00:19d 131444978192              /mnt/primary/conda-envs/semantic_uncertainty_export/lib/python3.11/site-packages/sklearn/linear_model/_cd_fast.cpython-311-x86_64-linux-gnu.so
7fd021e69000-7fd021e6e000 rw-p 00058000 00:19d 131444978192              /mnt/primary/conda-envs/semantic_uncertainty_export/lib/python3.11/site-packages/sklearn/linear_model/_cd_fast.cpython-311-x86_64-linux-gnu.so
7fd021e6e000-7fd021e6f000 rw-p 00000000 00:00 0 
7fd021e6f000-7fd021e72000 rw-p 0006c000 00:19d 131444978192              /mnt/primary/conda-envs/semantic_uncertainty_export/lib/python3.11/site-packages/sklearn/linear_model/_cd_fast.cpython-311-x86_64-linux-gnu.so
7fd021e72000-7fd021e88000 r--p 00000000 00:19d 6459568149                /mnt/primary/conda-envs/semantic_uncertainty_export/lib/python3.11/site-packages/torchvision/image.so
7fd021e88000-7fd021eb4000 r-xp 00016000 00:19d 6459568149                /mnt/primary/conda-envs/semantic_uncertainty_export/lib/python3.11/site-packages/torchvision/image.so
7fd021eb4000-7fd021ec5000 r--p 00042000 00:19d 6459568149                /mnt/primary/conda-envs/semantic_uncertainty_export/lib/python3.11/site-packages/torchvision/image.so
7fd021ec5000-7fd021ec6000 r--p 00053000 00:19d 6459568149                /mnt/primary/conda-envs/semantic_uncertainty_export/lib/python3.11/site-packages/torchvision/image.so
7fd021ec6000-7fd021ec7000 rw-p 00054000 00:19d 6459568149                /mnt/primary/conda-envs/semantic_uncertainty_export/lib/python3.11/site-packages/torchvision/image.so
7fd021ec7000-7fd021ec8000 rw-p 00000000 00:00 0 
7fd021ec8000-7fd021f00000 rw-p 0006b000 00:19d 6459568149                /mnt/primary/conda-envs/semantic_uncertainty_export/lib/python3.11/site-packages/torchvision/image.so
7fd021f00000-7fd022000000 rw-p 00000000 00:00 0 
7fd022000000-7fd024000000 rw-p 00000000 00:00 0 
7fd024000000-7fd024200000 rw-p 00000000 00:00 0 
7fd024200000-7fd024201000 ---p 00000000 00:00 0 
7fd024201000-7fd024a01000 rw-p 00000000 00:00 0 
7fd024a07000-7fd024a0f000 r--p 00000000 00:19d 15919094292               /mnt/primary/conda-envs/semantic_uncertainty_export/lib/python3.11/site-packages/sklearn/svm/_liblinear.cpython-311-x86_64-linux-gnu.so
7fd024a0f000-7fd024a34000 r-xp 00008000 00:19d 15919094292               /mnt/primary/conda-envs/semantic_uncertainty_export/lib/python3.11/site-packages/sklearn/svm/_liblinear.cpython-311-x86_64-linux-gnu.so
7fd024a34000-7fd024a3c000 r--p 0002d000 00:19d 15919094292               /mnt/primary/conda-envs/semantic_uncertainty_export/lib/python3.11/site-packages/sklearn/svm/_liblinear.cpython-311-x86_64-linux-gnu.so
7fd024a3c000-7fd024a3d000 ---p 00035000 00:19d 15919094292               /mnt/primary/conda-envs/semantic_uncertainty_export/lib/python3.11/site-packages/sklearn/svm/_liblinear.cpython-311-x86_64-linux-gnu.so
7fd024a3d000-7fd024a3e000 r--p 00035000 00:19d 15919094292               /mnt/primary/conda-envs/semantic_uncertainty_export/lib/python3.11/site-packages/sklearn/svm/_liblinear.cpython-311-x86_64-linux-gnu.so
7fd024a3e000-7fd024a41000 rw-p 00036000 00:19d 15919094292               /mnt/primary/conda-envs/semantic_uncertainty_export/lib/python3.11/site-packages/sklearn/svm/_liblinear.cpython-311-x86_64-linux-gnu.so
7fd024a41000-7fd024a43000 rw-p 00000000 00:00 0 
7fd024a43000-7fd024a47000 rw-p 0007c000 00:19d 15919094292               /mnt/primary/conda-envs/semantic_uncertainty_export/lib/python3.11/site-packages/sklearn/svm/_liblinear.cpython-311-x86_64-linux-gnu.so
7fd024a47000-7fd024a55000 r--p 00000000 00:19d 70923272751               /mnt/primary/conda-envs/semantic_uncertainty_export/lib/libfreetype.so.6.18.3
7fd024a55000-7fd024acf000 r-xp 0000e000 00:19d 70923272751               /mnt/primary/conda-envs/semantic_uncertainty_export/lib/libfreetype.so.6.18.3
7fd024acf000-7fd024af7000 r--p 00088000 00:19d 70923272751               /mnt/primary/conda-envs/semantic_uncertainty_export/lib/libfreetype.so.6.18.3
7fd024af7000-7fd024af8000 ---p 000b0000 00:19d 70923272751               /mnt/primary/conda-envs/semantic_uncertainty_export/lib/libfreetype.so.6.18.3
7fd024af8000-7fd024aff000 r--p 000b0000 00:19d 70923272751               /mnt/primary/conda-envs/semantic_uncertainty_export/lib/libfreetype.so.6.18.3
7fd024aff000-7fd024b00000 rw-p 000b7000 00:19d 70923272751               /mnt/primary/conda-envs/semantic_uncertainty_export/lib/libfreetype.so.6.18.3
7fd024b00000-7fd024c00000 rw-p 00000000 00:00 0 
7fd024c00000-7fd026c00000 rw-p 00000000 00:00 0 
7fd026c00000-7fd026e00000 rw-p 00000000 00:00 0 
7fd026e00000-7fd028e00000 rw-p 00000000 00:00 0 
7fd028e00000-7fd029000000 rw-p 00000000 00:00 0 
7fd029000000-7fd02b000000 rw-p 00000000 00:00 0 
7fd02b000000-7fd02b200000 rw-p 00000000 00:00 0 
7fd02b200000-7fd02d200000 rw-p 00000000 00:00 0 
7fd02d200000-7fd02d400000 rw-p 00000000 00:00 0 
7fd02d400000-7fd02f400000 rw-p 00000000 00:00 0 
7fd02f400000-7fd02f600000 rw-p 00000000 00:00 0 
7fd02f600000-7fd02f601000 ---p 00000000 00:00 0 
7fd02f601000-7fd02fe01000 rw-p 00000000 00:00 0 
7fd02fe0b000-7fd02fe0f000 r--p 00000000 00:19d 9146289185                /mnt/primary/conda-envs/semantic_uncertainty_export/lib/python3.11/site-packages/scipy/io/matlab/_streams.cpython-311-x86_64-linux-gnu.so
7fd02fe0f000-7fd02fe21000 r-xp 00004000 00:19d 9146289185                /mnt/primary/conda-envs/semantic_uncertainty_export/lib/python3.11/site-packages/scipy/io/matlab/_streams.cpython-311-x86_64-linux-gnu.so
7fd02fe21000-7fd02fe24000 r--p 00016000 00:19d 9146289185                /mnt/primary/conda-envs/semantic_uncertainty_export/lib/python3.11/site-packages/scipy/io/matlab/_streams.cpython-311-x86_64-linux-gnu.so
7fd02fe24000-7fd02fe25000 ---p 00019000 00:19d 9146289185                /mnt/primary/conda-envs/semantic_uncertainty_export/lib/python3.11/site-packages/scipy/io/matlab/_streams.cpython-311-x86_64-linux-gnu.so
7fd02fe25000-7fd02fe26000 r--p 00019000 00:19d 9146289185                /mnt/primary/conda-envs/semantic_uncertainty_export/lib/python3.11/site-packages/scipy/io/matlab/_streams.cpython-311-x86_64-linux-gnu.so
7fd02fe26000-7fd02fe28000 rw-p 0001a000 00:19d 9146289185                /mnt/primary/conda-envs/semantic_uncertainty_export/lib/python3.11/site-packages/scipy/io/matlab/_streams.cpython-311-x86_64-linux-gnu.so
7fd02fe28000-7fd02fe2e000 r--p 00000000 00:19d 120262026788              /mnt/primary/conda-envs/semantic_uncertainty_export/lib/python3.11/site-packages/sklearn/utils/arrayfuncs.cpython-311-x86_64-linux-gnu.so
7fd02fe2e000-7fd02fe4b000 r-xp 00006000 00:19d 120262026788              /mnt/primary/conda-envs/semantic_uncertainty_export/lib/python3.11/site-packages/sklearn/utils/arrayfuncs.cpython-311-x86_64-linux-gnu.so
7fd02fe4b000-7fd02fe52000 r--p 00023000 00:19d 120262026788              /mnt/primary/conda-envs/semantic_uncertainty_export/lib/python3.11/site-packages/sklearn/utils/arrayfuncs.cpython-311-x86_64-linux-gnu.so
7fd02fe52000-7fd02fe53000 r--p 00029000 00:19d 120262026788              /mnt/primary/conda-envs/semantic_uncertainty_export/lib/python3.11/site-packages/sklearn/utils/arrayfuncs.cpython-311-x86_64-linux-gnu.so
7fd02fe53000-7fd02fe56000 rw-p 0002a000 00:19d 120262026788              /mnt/primary/conda-envs/semantic_uncertainty_export/lib/python3.11/site-packages/sklearn/utils/arrayfuncs.cpython-311-x86_64-linux-gnu.so
7fd02fe56000-7fd02fe57000 rw-p 00000000 00:00 0 
7fd02fe57000-7fd02fe5a000 rw-p 00037000 00:19d 120262026788              /mnt/primary/conda-envs/semantic_uncertainty_export/lib/python3.11/site-packages/sklearn/utils/arrayfuncs.cpython-311-x86_64-linux-gnu.so
7fd02fe5a000-7fd02fe6d000 r--p 00000000 00:19d 70898522666               /mnt/primary/conda-envs/semantic_uncertainty_export/lib/libgmp.so.10.4.1
7fd02fe6d000-7fd02fee5000 r-xp 00013000 00:19d 70898522666               /mnt/primary/conda-envs/semantic_uncertainty_export/lib/libgmp.so.10.4.1
7fd02fee5000-7fd02fefc000 r--p 0008b000 00:19d 70898522666               /mnt/primary/conda-envs/semantic_uncertainty_export/lib/libgmp.so.10.4.1
7fd02fefc000-7fd02fefd000 ---p 000a2000 00:19d 70898522666               /mnt/primary/conda-envs/semantic_uncertainty_export/lib/libgmp.so.10.4.1
7fd02fefd000-7fd02feff000 r--p 000a2000 00:19d 70898522666               /mnt/primary/conda-envs/semantic_uncertainty_export/lib/libgmp.so.10.4.1
7fd02feff000-7fd02ff00000 rw-p 000a4000 00:19d 70898522666               /mnt/primary/conda-envs/semantic_uncertainty_export/lib/libgmp.so.10.4.1
7fd02ff00000-7fd030000000 rw-p 00000000 00:00 0 
7fd030000000-7fd032000000 rw-p 00000000 00:00 0 
7fd032000000-7fd032200000 rw-p 00000000 00:00 0 
7fd032200000-7fd034200000 rw-p 00000000 00:00 0 
7fd034200000-7fd034400000 rw-p 00000000 00:00 0 
7fd034400000-7fd034401000 ---p 00000000 00:00 0 
7fd034401000-7fd034c01000 rw-p 00000000 00:00 0 
7fd034c06000-7fd034c08000 r--p 00000000 08:04 1084193457                 /usr/lib/jvm/java-11-openjdk-amd64/lib/libzip.so
7fd034c08000-7fd034c0d000 r-xp 00002000 08:04 1084193457                 /usr/lib/jvm/java-11-openjdk-amd64/lib/libzip.so
7fd034c0d000-7fd034c0f000 r--p 00007000 08:04 1084193457                 /usr/lib/jvm/java-11-openjdk-amd64/lib/libzip.so
7fd034c0f000-7fd034c10000 r--p 00008000 08:04 1084193457                 /usr/lib/jvm/java-11-openjdk-amd64/lib/libzip.so
7fd034c10000-7fd034c11000 rw-p 00009000 08:04 1084193457                 /usr/lib/jvm/java-11-openjdk-amd64/lib/libzip.so
7fd034c11000-7fd034c17000 r--p 00000000 00:19d 120262026790              /mnt/primary/conda-envs/semantic_uncertainty_export/lib/python3.11/site-packages/sklearn/utils/_random.cpython-311-x86_64-linux-gnu.so
7fd034c17000-7fd034c33000 r-xp 00006000 00:19d 120262026790              /mnt/primary/conda-envs/semantic_uncertainty_export/lib/python3.11/site-packages/sklearn/utils/_random.cpython-311-x86_64-linux-gnu.so
7fd034c33000-7fd034c3a000 r--p 00022000 00:19d 120262026790              /mnt/primary/conda-envs/semantic_uncertainty_export/lib/python3.11/site-packages/sklearn/utils/_random.cpython-311-x86_64-linux-gnu.so
7fd034c3a000-7fd034c3b000 r--p 00028000 00:19d 120262026790              /mnt/primary/conda-envs/semantic_uncertainty_export/lib/python3.11/site-packages/sklearn/utils/_random.cpython-311-x86_64-linux-gnu.so
7fd034c3b000-7fd034c3f000 rw-p 00029000 00:19d 120262026790              /mnt/primary/conda-envs/semantic_uncertainty_export/lib/python3.11/site-packages/sklearn/utils/_random.cpython-311-x86_64-linux-gnu.so
7fd034c3f000-7fd034c40000 rw-p 00000000 00:00 0 
7fd034c40000-7fd034c43000 rw-p 00036000 00:19d 120262026790              /mnt/primary/conda-envs/semantic_uncertainty_export/lib/python3.11/site-packages/sklearn/utils/_random.cpython-311-x86_64-linux-gnu.so
7fd034c43000-7fd034c49000 r--p 00000000 00:19d 120262026785              /mnt/primary/conda-envs/semantic_uncertainty_export/lib/python3.11/site-packages/sklearn/utils/_seq_dataset.cpython-311-x86_64-linux-gnu.so
7fd034c49000-7fd034c6f000 r-xp 00006000 00:19d 120262026785              /mnt/primary/conda-envs/semantic_uncertainty_export/lib/python3.11/site-packages/sklearn/utils/_seq_dataset.cpython-311-x86_64-linux-gnu.so
7fd034c6f000-7fd034c77000 r--p 0002c000 00:19d 120262026785              /mnt/primary/conda-envs/semantic_uncertainty_export/lib/python3.11/site-packages/sklearn/utils/_seq_dataset.cpython-311-x86_64-linux-gnu.so
7fd034c77000-7fd034c78000 ---p 00034000 00:19d 120262026785              /mnt/primary/conda-envs/semantic_uncertainty_export/lib/python3.11/site-packages/sklearn/utils/_seq_dataset.cpython-311-x86_64-linux-gnu.so
7fd034c78000-7fd034c79000 r--p 00034000 00:19d 120262026785              /mnt/primary/conda-envs/semantic_uncertainty_export/lib/python3.11/site-packages/sklearn/utils/_seq_dataset.cpython-311-x86_64-linux-gnu.so
7fd034c79000-7fd034c7d000 rw-p 00035000 00:19d 120262026785              /mnt/primary/conda-envs/semantic_uncertainty_export/lib/python3.11/site-packages/sklearn/utils/_seq_dataset.cpython-311-x86_64-linux-gnu.so
7fd034c7d000-7fd034c7e000 rw-p 00000000 00:00 0 
7fd034c7e000-7fd034c81000 rw-p 00044000 00:19d 120262026785              /mnt/primary/conda-envs/semantic_uncertainty_export/lib/python3.11/site-packages/sklearn/utils/_seq_dataset.cpython-311-x86_64-linux-gnu.so
7fd034c81000-7fd034c8e000 r--p 00000000 00:19d 70923272727               /mnt/primary/conda-envs/semantic_uncertainty_export/lib/libmpfr.so.6.0.2
7fd034c8e000-7fd034ceb000 r-xp 0000d000 00:19d 70923272727               /mnt/primary/conda-envs/semantic_uncertainty_export/lib/libmpfr.so.6.0.2
7fd034ceb000-7fd034cfc000 r--p 0006a000 00:19d 70923272727               /mnt/primary/conda-envs/semantic_uncertainty_export/lib/libmpfr.so.6.0.2
7fd034cfc000-7fd034cfd000 ---p 0007b000 00:19d 70923272727               /mnt/primary/conda-envs/semantic_uncertainty_export/lib/libmpfr.so.6.0.2
7fd034cfd000-7fd034cff000 r--p 0007b000 00:19d 70923272727               /mnt/primary/conda-envs/semantic_uncertainty_export/lib/libmpfr.so.6.0.2
7fd034cff000-7fd034d00000 rw-p 0007d000 00:19d 70923272727               /mnt/primary/conda-envs/semantic_uncertainty_export/lib/libmpfr.so.6.0.2
7fd034d00000-7fd034e00000 rw-p 00000000 00:00 0 
7fd034e00000-7fd036e00000 rw-p 00000000 00:00 0 
7fd036e00000-7fd037000000 rw-p 00000000 00:00 0 
7fd037000000-7fd037001000 ---p 00000000 00:00 0 
7fd037001000-7fd037801000 rw-p 00000000 00:00 0 
7fd037807000-7fd037812000 r--p 00000000 08:04 2160640468                 /usr/lib/x86_64-linux-gnu/libxcb.so.1.1.0
7fd037812000-7fd037826000 r-xp 0000b000 08:04 2160640468                 /usr/lib/x86_64-linux-gnu/libxcb.so.1.1.0
7fd037826000-7fd03782f000 r--p 0001f000 08:04 2160640468                 /usr/lib/x86_64-linux-gnu/libxcb.so.1.1.0
7fd03782f000-7fd037830000 r--p 00027000 08:04 2160640468                 /usr/lib/x86_64-linux-gnu/libxcb.so.1.1.0
7fd037830000-7fd037831000 rw-p 00028000 08:04 2160640468                 /usr/lib/x86_64-linux-gnu/libxcb.so.1.1.0
7fd037831000-7fd037837000 r--p 00000000 00:19d 40842127923               /mnt/primary/conda-envs/semantic_uncertainty_export/lib/python3.11/site-packages/torchvision.libs/libpng16.0364a1db.so.16
7fd037837000-7fd037860000 r-xp 00006000 00:19d 40842127923               /mnt/primary/conda-envs/semantic_uncertainty_export/lib/python3.11/site-packages/torchvision.libs/libpng16.0364a1db.so.16
7fd037860000-7fd03786b000 r--p 0002f000 00:19d 40842127923               /mnt/primary/conda-envs/semantic_uncertainty_export/lib/python3.11/site-packages/torchvision.libs/libpng16.0364a1db.so.16
7fd03786b000-7fd03786c000 ---p 0003a000 00:19d 40842127923               /mnt/primary/conda-envs/semantic_uncertainty_export/lib/python3.11/site-packages/torchvision.libs/libpng16.0364a1db.so.16
7fd03786c000-7fd03786d000 r--p 0003a000 00:19d 40842127923               /mnt/primary/conda-envs/semantic_uncertainty_export/lib/python3.11/site-packages/torchvision.libs/libpng16.0364a1db.so.16
7fd03786d000-7fd03786e000 rw-p 0003b000 00:19d 40842127923               /mnt/primary/conda-envs/semantic_uncertainty_export/lib/python3.11/site-packages/torchvision.libs/libpng16.0364a1db.so.16
7fd03786e000-7fd037871000 rw-p 00042000 00:19d 40842127923               /mnt/primary/conda-envs/semantic_uncertainty_export/lib/python3.11/site-packages/torchvision.libs/libpng16.0364a1db.so.16
7fd037871000-7fd037884000 r--p 00000000 00:19d 156766326821              /mnt/primary/conda-envs/semantic_uncertainty_export/lib/python3.11/site-packages/gmpy2/gmpy2.cpython-311-x86_64-linux-gnu.so
7fd037884000-7fd0378d8000 r-xp 00013000 00:19d 156766326821              /mnt/primary/conda-envs/semantic_uncertainty_export/lib/python3.11/site-packages/gmpy2/gmpy2.cpython-311-x86_64-linux-gnu.so
7fd0378d8000-7fd0378f8000 r--p 00067000 00:19d 156766326821              /mnt/primary/conda-envs/semantic_uncertainty_export/lib/python3.11/site-packages/gmpy2/gmpy2.cpython-311-x86_64-linux-gnu.so
7fd0378f8000-7fd0378fa000 r--p 00086000 00:19d 156766326821              /mnt/primary/conda-envs/semantic_uncertainty_export/lib/python3.11/site-packages/gmpy2/gmpy2.cpython-311-x86_64-linux-gnu.so
7fd0378fa000-7fd037900000 rw-p 00088000 00:19d 156766326821              /mnt/primary/conda-envs/semantic_uncertainty_export/lib/python3.11/site-packages/gmpy2/gmpy2.cpython-311-x86_64-linux-gnu.so
7fd037900000-7fd037a00000 rw-p 00000000 00:00 0 
7fd037a00000-7fd037a01000 ---p 00000000 00:00 0 
7fd037a01000-7fd038201000 rw-p 00000000 00:00 0 
7fd038206000-7fd03820b000 r--p 00000000 08:04 1084193456                 /usr/lib/jvm/java-11-openjdk-amd64/lib/libverify.so
7fd03820b000-7fd038212000 r-xp 00005000 08:04 1084193456                 /usr/lib/jvm/java-11-openjdk-amd64/lib/libverify.so
7fd038212000-7fd038214000 r--p 0000c000 08:04 1084193456                 /usr/lib/jvm/java-11-openjdk-amd64/lib/libverify.so
7fd038214000-7fd038216000 r--p 0000d000 08:04 1084193456                 /usr/lib/jvm/java-11-openjdk-amd64/lib/libverify.so
7fd038216000-7fd038217000 rw-p 0000f000 08:04 1084193456                 /usr/lib/jvm/java-11-openjdk-amd64/lib/libverify.so
7fd038217000-7fd03821b000 r--p 00000000 00:19d 170497442877              /mnt/primary/conda-envs/semantic_uncertainty_export/lib/python3.11/site-packages/sklearn/feature_extraction/_hashing_fast.cpython-311-x86_64-linux-gnu.so
7fd03821b000-7fd038223000 r-xp 00004000 00:19d 170497442877              /mnt/primary/conda-envs/semantic_uncertainty_export/lib/python3.11/site-packages/sklearn/feature_extraction/_hashing_fast.cpython-311-x86_64-linux-gnu.so
7fd038223000-7fd038225000 r--p 0000c000 00:19d 170497442877              /mnt/primary/conda-envs/semantic_uncertainty_export/lib/python3.11/site-packages/sklearn/feature_extraction/_hashing_fast.cpython-311-x86_64-linux-gnu.so
7fd038225000-7fd038226000 r--p 0000d000 00:19d 170497442877              /mnt/primary/conda-envs/semantic_uncertainty_export/lib/python3.11/site-packages/sklearn/feature_extraction/_hashing_fast.cpython-311-x86_64-linux-gnu.so
7fd038226000-7fd038227000 rw-p 0000e000 00:19d 170497442877              /mnt/primary/conda-envs/semantic_uncertainty_export/lib/python3.11/site-packages/sklearn/feature_extraction/_hashing_fast.cpython-311-x86_64-linux-gnu.so
7fd038227000-7fd03822a000 rw-p 00014000 00:19d 170497442877              /mnt/primary/conda-envs/semantic_uncertainty_export/lib/python3.11/site-packages/sklearn/feature_extraction/_hashing_fast.cpython-311-x86_64-linux-gnu.so
7fd03822a000-7fd038238000 r--p 00000000 00:19d 46199363133               /mnt/primary/conda-envs/semantic_uncertainty_export/lib/python3.11/site-packages/safetensors/_safetensors_rust.abi3.so
7fd038238000-7fd0382cc000 r-xp 0000e000 00:19d 46199363133               /mnt/primary/conda-envs/semantic_uncertainty_export/lib/python3.11/site-packages/safetensors/_safetensors_rust.abi3.so
7fd0382cc000-7fd0382f6000 r--p 000a2000 00:19d 46199363133               /mnt/primary/conda-envs/semantic_uncertainty_export/lib/python3.11/site-packages/safetensors/_safetensors_rust.abi3.so
7fd0382f6000-7fd0382f7000 ---p 000cc000 00:19d 46199363133               /mnt/primary/conda-envs/semantic_uncertainty_export/lib/python3.11/site-packages/safetensors/_safetensors_rust.abi3.so
7fd0382f7000-7fd0382ff000 r--p 000cc000 00:19d 46199363133               /mnt/primary/conda-envs/semantic_uncertainty_export/lib/python3.11/site-packages/safetensors/_safetensors_rust.abi3.so
7fd0382ff000-7fd038300000 rw-p 000d4000 00:19d 46199363133               /mnt/primary/conda-envs/semantic_uncertainty_export/lib/python3.11/site-packages/safetensors/_safetensors_rust.abi3.so
7fd038300000-7fd038400000 rw-p 00000000 00:00 0 
7fd038400000-7fd03a400000 rw-p 00000000 00:00 0 
7fd03a404000-7fd03a406000 r--p 00000000 00:19d 9146289176                /mnt/primary/conda-envs/semantic_uncertainty_export/lib/python3.11/site-packages/scipy/io/matlab/_mio_utils.cpython-311-x86_64-linux-gnu.so
7fd03a406000-7fd03a40b000 r-xp 00002000 00:19d 9146289176                /mnt/primary/conda-envs/semantic_uncertainty_export/lib/python3.11/site-packages/scipy/io/matlab/_mio_utils.cpython-311-x86_64-linux-gnu.so
7fd03a40b000-7fd03a40c000 r--p 00007000 00:19d 9146289176                /mnt/primary/conda-envs/semantic_uncertainty_export/lib/python3.11/site-packages/scipy/io/matlab/_mio_utils.cpython-311-x86_64-linux-gnu.so
7fd03a40c000-7fd03a40d000 ---p 00008000 00:19d 9146289176                /mnt/primary/conda-envs/semantic_uncertainty_export/lib/python3.11/site-packages/scipy/io/matlab/_mio_utils.cpython-311-x86_64-linux-gnu.so
7fd03a40d000-7fd03a40e000 r--p 00008000 00:19d 9146289176                /mnt/primary/conda-envs/semantic_uncertainty_export/lib/python3.11/site-packages/scipy/io/matlab/_mio_utils.cpython-311-x86_64-linux-gnu.so
7fd03a40e000-7fd03a40f000 rw-p 00009000 00:19d 9146289176                /mnt/primary/conda-envs/semantic_uncertainty_export/lib/python3.11/site-packages/scipy/io/matlab/_mio_utils.cpython-311-x86_64-linux-gnu.so
7fd03a40f000-7fd03a413000 r--p 00000000 08:04 2160640151                 /usr/lib/x86_64-linux-gnu/libbsd.so.0.11.5
7fd03a413000-7fd03a420000 r-xp 00004000 08:04 2160640151                 /usr/lib/x86_64-linux-gnu/libbsd.so.0.11.5
7fd03a420000-7fd03a423000 r--p 00011000 08:04 2160640151                 /usr/lib/x86_64-linux-gnu/libbsd.so.0.11.5
7fd03a423000-7fd03a424000 ---p 00014000 08:04 2160640151                 /usr/lib/x86_64-linux-gnu/libbsd.so.0.11.5
7fd03a424000-7fd03a425000 r--p 00014000 08:04 2160640151                 /usr/lib/x86_64-linux-gnu/libbsd.so.0.11.5
7fd03a425000-7fd03a426000 rw-p 00015000 08:04 2160640151                 /usr/lib/x86_64-linux-gnu/libbsd.so.0.11.5
7fd03a426000-7fd03a427000 rw-p 00000000 00:00 0 
7fd03a427000-7fd03a456000 r--p 00000000 00:19d 97122185260               /mnt/primary/conda-envs/semantic_uncertainty_export/lib/python3.11/site-packages/torch/lib/libc10.so
7fd03a456000-7fd03a4f1000 r-xp 0002f000 00:19d 97122185260               /mnt/primary/conda-envs/semantic_uncertainty_export/lib/python3.11/site-packages/torch/lib/libc10.so
7fd03a4f1000-7fd03a524000 r--p 000ca000 00:19d 97122185260               /mnt/primary/conda-envs/semantic_uncertainty_export/lib/python3.11/site-packages/torch/lib/libc10.so
7fd03a524000-7fd03a527000 r--p 000fc000 00:19d 97122185260               /mnt/primary/conda-envs/semantic_uncertainty_export/lib/python3.11/site-packages/torch/lib/libc10.so
7fd03a527000-7fd03a52d000 rw-p 000ff000 00:19d 97122185260               /mnt/primary/conda-envs/semantic_uncertainty_export/lib/python3.11/site-packages/torch/lib/libc10.so
7fd03a52d000-7fd03a530000 rw-p 00000000 00:00 0 
7fd03a530000-7fd03a549000 rw-p 0014b000 00:19d 97122185260               /mnt/primary/conda-envs/semantic_uncertainty_export/lib/python3.11/site-packages/torch/lib/libc10.so
7fd03a549000-7fd03a55b000 r--p 00000000 00:19d 97122185261               /mnt/primary/conda-envs/semantic_uncertainty_export/lib/python3.11/site-packages/torch/lib/libc10_cuda.so
7fd03a55b000-7fd03a5b7000 r-xp 00012000 00:19d 97122185261               /mnt/primary/conda-envs/semantic_uncertainty_export/lib/python3.11/site-packages/torch/lib/libc10_cuda.so
7fd03a5b7000-7fd03a5cd000 r--p 0006e000 00:19d 97122185261               /mnt/primary/conda-envs/semantic_uncertainty_export/lib/python3.11/site-packages/torch/lib/libc10_cuda.so
7fd03a5cd000-7fd03a5ce000 ---p 00084000 00:19d 97122185261               /mnt/primary/conda-envs/semantic_uncertainty_export/lib/python3.11/site-packages/torch/lib/libc10_cuda.so
7fd03a5ce000-7fd03a5cf000 r--p 00084000 00:19d 97122185261               /mnt/primary/conda-envs/semantic_uncertainty_export/lib/python3.11/site-packages/torch/lib/libc10_cuda.so
7fd03a5cf000-7fd03a5d0000 rw-p 00085000 00:19d 97122185261               /mnt/primary/conda-envs/semantic_uncertainty_export/lib/python3.11/site-packages/torch/lib/libc10_cuda.so
7fd03a5d0000-7fd03a5f6000 rw-p 00000000 00:00 0 
7fd03a5f6000-7fd03a600000 rw-p 000a7000 00:19d 97122185261               /mnt/primary/conda-envs/semantic_uncertainty_export/lib/python3.11/site-packages/torch/lib/libc10_cuda.so
7fd03a600000-7fd03c600000 rw-p 00000000 00:00 0 
7fd03c600000-7fd03c800000 rw-p 00000000 00:00 0 
7fd03c800000-7fd03e800000 rw-p 00000000 00:00 0 
7fd03e800000-7fd03ea00000 rw-p 00000000 00:00 0 
7fd03ea00000-7fd03ea01000 ---p 00000000 00:00 0 
7fd03ea01000-7fd03f201000 rw-p 00000000 00:00 0 
7fd03f202000-7fd03f205000 r--p 00000000 00:19d 88132007960               /mnt/primary/conda-envs/semantic_uncertainty_export/lib/python3.11/site-packages/aiohttp/_websocket.cpython-311-x86_64-linux-gnu.so
7fd03f205000-7fd03f207000 r-xp 00003000 00:19d 88132007960               /mnt/primary/conda-envs/semantic_uncertainty_export/lib/python3.11/site-packages/aiohttp/_websocket.cpython-311-x86_64-linux-gnu.so
7fd03f207000-7fd03f208000 r--p 00005000 00:19d 88132007960               /mnt/primary/conda-envs/semantic_uncertainty_export/lib/python3.11/site-packages/aiohttp/_websocket.cpython-311-x86_64-linux-gnu.so
7fd03f208000-7fd03f209000 r--p 00005000 00:19d 88132007960               /mnt/primary/conda-envs/semantic_uncertainty_export/lib/python3.11/site-packages/aiohttp/_websocket.cpython-311-x86_64-linux-gnu.so
7fd03f209000-7fd03f20a000 rw-p 00006000 00:19d 88132007960               /mnt/primary/conda-envs/semantic_uncertainty_export/lib/python3.11/site-packages/aiohttp/_websocket.cpython-311-x86_64-linux-gnu.so
7fd03f20a000-7fd03f20c000 r--p 00000000 08:04 2160640294                 /usr/lib/x86_64-linux-gnu/libmd.so.0.0.5
7fd03f20c000-7fd03f213000 r-xp 00002000 08:04 2160640294                 /usr/lib/x86_64-linux-gnu/libmd.so.0.0.5
7fd03f213000-7fd03f215000 r--p 00009000 08:04 2160640294                 /usr/lib/x86_64-linux-gnu/libmd.so.0.0.5
7fd03f215000-7fd03f216000 r--p 0000a000 08:04 2160640294                 /usr/lib/x86_64-linux-gnu/libmd.so.0.0.5
7fd03f216000-7fd03f217000 rw-p 0000b000 08:04 2160640294                 /usr/lib/x86_64-linux-gnu/libmd.so.0.0.5
7fd03f217000-7fd03f21a000 r--p 00000000 00:19d 40842127928               /mnt/primary/conda-envs/semantic_uncertainty_export/lib/python3.11/site-packages/torchvision.libs/libz.d13a2644.so.1
7fd03f21a000-7fd03f22c000 r-xp 00003000 00:19d 40842127928               /mnt/primary/conda-envs/semantic_uncertainty_export/lib/python3.11/site-packages/torchvision.libs/libz.d13a2644.so.1
7fd03f22c000-7fd03f233000 r--p 00015000 00:19d 40842127928               /mnt/primary/conda-envs/semantic_uncertainty_export/lib/python3.11/site-packages/torchvision.libs/libz.d13a2644.so.1
7fd03f233000-7fd03f234000 r--p 0001b000 00:19d 40842127928               /mnt/primary/conda-envs/semantic_uncertainty_export/lib/python3.11/site-packages/torchvision.libs/libz.d13a2644.so.1
7fd03f234000-7fd03f235000 rw-p 0001c000 00:19d 40842127928               /mnt/primary/conda-envs/semantic_uncertainty_export/lib/python3.11/site-packages/torchvision.libs/libz.d13a2644.so.1
7fd03f235000-7fd03f23b000 r--p 00000000 00:19d 70923272704               /mnt/primary/conda-envs/semantic_uncertainty_export/lib/libpng16.so.16.39.0
7fd03f23b000-7fd03f264000 r-xp 00006000 00:19d 70923272704               /mnt/primary/conda-envs/semantic_uncertainty_export/lib/libpng16.so.16.39.0
7fd03f264000-7fd03f26f000 r--p 0002f000 00:19d 70923272704               /mnt/primary/conda-envs/semantic_uncertainty_export/lib/libpng16.so.16.39.0
7fd03f26f000-7fd03f270000 ---p 0003a000 00:19d 70923272704               /mnt/primary/conda-envs/semantic_uncertainty_export/lib/libpng16.so.16.39.0
7fd03f270000-7fd03f271000 r--p 0003a000 00:19d 70923272704               /mnt/primary/conda-envs/semantic_uncertainty_export/lib/libpng16.so.16.39.0
7fd03f271000-7fd03f272000 rw-p 0003b000 00:19d 70923272704               /mnt/primary/conda-envs/semantic_uncertainty_export/lib/libpng16.so.16.39.0
7fd03f272000-7fd03f279000 r--p 00000000 00:19d 170928539158              /mnt/primary/conda-envs/semantic_uncertainty_export/lib/python3.11/site-packages/yaml/_yaml.cpython-311-x86_64-linux-gnu.so
7fd03f279000-7fd03f2a0000 r-xp 00007000 00:19d 170928539158              /mnt/primary/conda-envs/semantic_uncertainty_export/lib/python3.11/site-packages/yaml/_yaml.cpython-311-x86_64-linux-gnu.so
7fd03f2a0000-7fd03f2a4000 r--p 0002e000 00:19d 170928539158              /mnt/primary/conda-envs/semantic_uncertainty_export/lib/python3.11/site-packages/yaml/_yaml.cpython-311-x86_64-linux-gnu.so
7fd03f2a4000-7fd03f2a5000 r--p 00031000 00:19d 170928539158              /mnt/primary/conda-envs/semantic_uncertainty_export/lib/python3.11/site-packages/yaml/_yaml.cpython-311-x86_64-linux-gnu.so
7fd03f2a5000-7fd03f2a8000 rw-p 00032000 00:19d 170928539158              /mnt/primary/conda-envs/semantic_uncertainty_export/lib/python3.11/site-packages/yaml/_yaml.cpython-311-x86_64-linux-gnu.so
7fd03f2a8000-7fd03f2a9000 rw-p 00000000 00:00 0 
7fd03f2a9000-7fd03f2b5000 r--p 00000000 00:19d 97122185264               /mnt/primary/conda-envs/semantic_uncertainty_export/lib/python3.11/site-packages/torch/lib/libtorch.so
7fd03f2b5000-7fd03f2c0000 r-xp 0000c000 00:19d 97122185264               /mnt/primary/conda-envs/semantic_uncertainty_export/lib/python3.11/site-packages/torch/lib/libtorch.so
7fd03f2c0000-7fd03f2c5000 r--p 00017000 00:19d 97122185264               /mnt/primary/conda-envs/semantic_uncertainty_export/lib/python3.11/site-packages/torch/lib/libtorch.so
7fd03f2c5000-7fd03f2c6000 ---p 0001c000 00:19d 97122185264               /mnt/primary/conda-envs/semantic_uncertainty_export/lib/python3.11/site-packages/torch/lib/libtorch.so
7fd03f2c6000-7fd03f2c7000 r--p 0001c000 00:19d 97122185264               /mnt/primary/conda-envs/semantic_uncertainty_export/lib/python3.11/site-packages/torch/lib/libtorch.so
7fd03f2c7000-7fd03f2c8000 rw-p 0001d000 00:19d 97122185264               /mnt/primary/conda-envs/semantic_uncertainty_export/lib/python3.11/site-packages/torch/lib/libtorch.so
7fd03f2c8000-7fd03f2cf000 rw-p 00029000 00:19d 97122185264               /mnt/primary/conda-envs/semantic_uncertainty_export/lib/python3.11/site-packages/torch/lib/libtorch.so
7fd03f2cf000-7fd03f2d2000 r--p 00000000 00:19d 137898457091              /mnt/primary/conda-envs/semantic_uncertainty_export/lib/python3.11/site-packages/lz4/block/_block.cpython-311-x86_64-linux-gnu.so
7fd03f2d2000-7fd03f2fb000 r-xp 00003000 00:19d 137898457091              /mnt/primary/conda-envs/semantic_uncertainty_export/lib/python3.11/site-packages/lz4/block/_block.cpython-311-x86_64-linux-gnu.so
7fd03f2fb000-7fd03f2fe000 r--p 0002c000 00:19d 137898457091              /mnt/primary/conda-envs/semantic_uncertainty_export/lib/python3.11/site-packages/lz4/block/_block.cpython-311-x86_64-linux-gnu.so
7fd03f2fe000-7fd03f2ff000 r--p 0002e000 00:19d 137898457091              /mnt/primary/conda-envs/semantic_uncertainty_export/lib/python3.11/site-packages/lz4/block/_block.cpython-311-x86_64-linux-gnu.so
7fd03f2ff000-7fd03f300000 rw-p 0002f000 00:19d 137898457091              /mnt/primary/conda-envs/semantic_uncertainty_export/lib/python3.11/site-packages/lz4/block/_block.cpython-311-x86_64-linux-gnu.so
7fd03f300000-7fd03f400000 rw-p 00000000 00:00 0 
7fd03f400000-7fd041400000 rw-p 00000000 00:00 0 
7fd041400000-7fd041600000 rw-p 00000000 00:00 0 
7fd041600000-7fd043600000 rw-p 00000000 00:00 0 
7fd043600000-7fd043800000 rw-p 00000000 00:00 0 
7fd043800000-7fd043801000 ---p 00000000 00:00 0 
7fd043801000-7fd044001000 rw-p 00000000 00:00 0 
7fd044003000-7fd044005000 r--p 00000000 00:19d 70898552892               /mnt/primary/conda-envs/semantic_uncertainty_export/lib/libyaml-0.so.2.0.9
7fd044005000-7fd04401b000 r-xp 00002000 00:19d 70898552892               /mnt/primary/conda-envs/semantic_uncertainty_export/lib/libyaml-0.so.2.0.9
7fd04401b000-7fd04401e000 r--p 00018000 00:19d 70898552892               /mnt/primary/conda-envs/semantic_uncertainty_export/lib/libyaml-0.so.2.0.9
7fd04401e000-7fd04401f000 ---p 0001b000 00:19d 70898552892               /mnt/primary/conda-envs/semantic_uncertainty_export/lib/libyaml-0.so.2.0.9
7fd04401f000-7fd044020000 r--p 0001b000 00:19d 70898552892               /mnt/primary/conda-envs/semantic_uncertainty_export/lib/libyaml-0.so.2.0.9
7fd044020000-7fd044021000 rw-p 0001c000 00:19d 70898552892               /mnt/primary/conda-envs/semantic_uncertainty_export/lib/libyaml-0.so.2.0.9
7fd044021000-7fd044028000 r--p 00000000 00:19d 79668343311               /mnt/primary/conda-envs/semantic_uncertainty_export/lib/python3.11/site-packages/sklearn/metrics/_pairwise_fast.cpython-311-x86_64-linux-gnu.so
7fd044028000-7fd044049000 r-xp 00007000 00:19d 79668343311               /mnt/primary/conda-envs/semantic_uncertainty_export/lib/python3.11/site-packages/sklearn/metrics/_pairwise_fast.cpython-311-x86_64-linux-gnu.so
7fd044049000-7fd044051000 r--p 00028000 00:19d 79668343311               /mnt/primary/conda-envs/semantic_uncertainty_export/lib/python3.11/site-packages/sklearn/metrics/_pairwise_fast.cpython-311-x86_64-linux-gnu.so
7fd044051000-7fd044052000 r--p 0002f000 00:19d 79668343311               /mnt/primary/conda-envs/semantic_uncertainty_export/lib/python3.11/site-packages/sklearn/metrics/_pairwise_fast.cpython-311-x86_64-linux-gnu.so
7fd044052000-7fd044056000 rw-p 00030000 00:19d 79668343311               /mnt/primary/conda-envs/semantic_uncertainty_export/lib/python3.11/site-packages/sklearn/metrics/_pairwise_fast.cpython-311-x86_64-linux-gnu.so
7fd044056000-7fd044059000 rw-p 0003e000 00:19d 79668343311               /mnt/primary/conda-envs/semantic_uncertainty_export/lib/python3.11/site-packages/sklearn/metrics/_pairwise_fast.cpython-311-x86_64-linux-gnu.so
7fd044059000-7fd044062000 r--p 00000000 00:19d 85912917566               /mnt/primary/conda-envs/semantic_uncertainty_export/lib/python3.11/site-packages/sklearn/metrics/_pairwise_distances_reduction/_radius_neighbors.cpython-311-x86_64-linux-gnu.so
7fd044062000-7fd04408c000 r-xp 00009000 00:19d 85912917566               /mnt/primary/conda-envs/semantic_uncertainty_export/lib/python3.11/site-packages/sklearn/metrics/_pairwise_distances_reduction/_radius_neighbors.cpython-311-x86_64-linux-gnu.so
7fd04408c000-7fd044096000 r--p 00033000 00:19d 85912917566               /mnt/primary/conda-envs/semantic_uncertainty_export/lib/python3.11/site-packages/sklearn/metrics/_pairwise_distances_reduction/_radius_neighbors.cpython-311-x86_64-linux-gnu.so
7fd044096000-7fd044097000 ---p 0003d000 00:19d 85912917566               /mnt/primary/conda-envs/semantic_uncertainty_export/lib/python3.11/site-packages/sklearn/metrics/_pairwise_distances_reduction/_radius_neighbors.cpython-311-x86_64-linux-gnu.so
7fd044097000-7fd044098000 r--p 0003d000 00:19d 85912917566               /mnt/primary/conda-envs/semantic_uncertainty_export/lib/python3.11/site-packages/sklearn/metrics/_pairwise_distances_reduction/_radius_neighbors.cpython-311-x86_64-linux-gnu.so
7fd044098000-7fd04409c000 rw-p 0003e000 00:19d 85912917566               /mnt/primary/conda-envs/semantic_uncertainty_export/lib/python3.11/site-packages/sklearn/metrics/_pairwise_distances_reduction/_radius_neighbors.cpython-311-x86_64-linux-gnu.so
7fd04409c000-7fd04409d000 rw-p 00000000 00:00 0 
7fd04409d000-7fd0440a1000 rw-p 00058000 00:19d 85912917566               /mnt/primary/conda-envs/semantic_uncertainty_export/lib/python3.11/site-packages/sklearn/metrics/_pairwise_distances_reduction/_radius_neighbors.cpython-311-x86_64-linux-gnu.so
7fd0440a1000-7fd0440a9000 r--p 00000000 00:19d 85912917565               /mnt/primary/conda-envs/semantic_uncertainty_export/lib/python3.11/site-packages/sklearn/metrics/_pairwise_distances_reduction/_middle_term_computer.cpython-311-x86_64-linux-gnu.so
7fd0440a9000-7fd0440e7000 r-xp 00008000 00:19d 85912917565               /mnt/primary/conda-envs/semantic_uncertainty_export/lib/python3.11/site-packages/sklearn/metrics/_pairwise_distances_reduction/_middle_term_computer.cpython-311-x86_64-linux-gnu.so
7fd0440e7000-7fd0440f3000 r--p 00046000 00:19d 85912917565               /mnt/primary/conda-envs/semantic_uncertainty_export/lib/python3.11/site-packages/sklearn/metrics/_pairwise_distances_reduction/_middle_term_computer.cpython-311-x86_64-linux-gnu.so
7fd0440f3000-7fd0440f4000 ---p 00052000 00:19d 85912917565               /mnt/primary/conda-envs/semantic_uncertainty_export/lib/python3.11/site-packages/sklearn/metrics/_pairwise_distances_reduction/_middle_term_computer.cpython-311-x86_64-linux-gnu.so
7fd0440f4000-7fd0440f5000 r--p 00052000 00:19d 85912917565               /mnt/primary/conda-envs/semantic_uncertainty_export/lib/python3.11/site-packages/sklearn/metrics/_pairwise_distances_reduction/_middle_term_computer.cpython-311-x86_64-linux-gnu.so
7fd0440f5000-7fd0440fa000 rw-p 00053000 00:19d 85912917565               /mnt/primary/conda-envs/semantic_uncertainty_export/lib/python3.11/site-packages/sklearn/metrics/_pairwise_distances_reduction/_middle_term_computer.cpython-311-x86_64-linux-gnu.so
7fd0440fa000-7fd0440fb000 rw-p 00000000 00:00 0 
7fd0440fb000-7fd044100000 rw-p 00070000 00:19d 85912917565               /mnt/primary/conda-envs/semantic_uncertainty_export/lib/python3.11/site-packages/sklearn/metrics/_pairwise_distances_reduction/_middle_term_computer.cpython-311-x86_64-linux-gnu.so
7fd044100000-7fd044200000 rw-p 00000000 00:00 0 
7fd044200000-7fd044201000 ---p 00000000 00:00 0 
7fd044201000-7fd044a01000 rw-p 00000000 00:00 0 
7fd044a01000-7fd044a03000 r--p 00000000 08:04 1084193439                 /usr/lib/jvm/java-11-openjdk-amd64/lib/libjimage.so
7fd044a03000-7fd044a06000 r-xp 00002000 08:04 1084193439                 /usr/lib/jvm/java-11-openjdk-amd64/lib/libjimage.so
7fd044a06000-7fd044a07000 r--p 00005000 08:04 1084193439                 /usr/lib/jvm/java-11-openjdk-amd64/lib/libjimage.so
7fd044a07000-7fd044a08000 ---p 00006000 08:04 1084193439                 /usr/lib/jvm/java-11-openjdk-amd64/lib/libjimage.so
7fd044a08000-7fd044a09000 r--p 00006000 08:04 1084193439                 /usr/lib/jvm/java-11-openjdk-amd64/lib/libjimage.so
7fd044a09000-7fd044a0a000 rw-p 00007000 08:04 1084193439                 /usr/lib/jvm/java-11-openjdk-amd64/lib/libjimage.so
7fd044a0a000-7fd044a0c000 r--p 00000000 08:04 2160640092                 /usr/lib/x86_64-linux-gnu/libXdmcp.so.6.0.0
7fd044a0c000-7fd044a0e000 r-xp 00002000 08:04 2160640092                 /usr/lib/x86_64-linux-gnu/libXdmcp.so.6.0.0
7fd044a0e000-7fd044a10000 r--p 00004000 08:04 2160640092                 /usr/lib/x86_64-linux-gnu/libXdmcp.so.6.0.0
7fd044a10000-7fd044a11000 r--p 00005000 08:04 2160640092                 /usr/lib/x86_64-linux-gnu/libXdmcp.so.6.0.0
7fd044a11000-7fd044a12000 rw-p 00006000 08:04 2160640092                 /usr/lib/x86_64-linux-gnu/libXdmcp.so.6.0.0
7fd044a12000-7fd044a19000 r--p 00000000 00:19d 85912917559               /mnt/primary/conda-envs/semantic_uncertainty_export/lib/python3.11/site-packages/sklearn/metrics/_pairwise_distances_reduction/_argkmin_classmode.cpython-311-x86_64-linux-gnu.so
7fd044a19000-7fd044a3c000 r-xp 00007000 00:19d 85912917559               /mnt/primary/conda-envs/semantic_uncertainty_export/lib/python3.11/site-packages/sklearn/metrics/_pairwise_distances_reduction/_argkmin_classmode.cpython-311-x86_64-linux-gnu.so
7fd044a3c000-7fd044a44000 r--p 0002a000 00:19d 85912917559               /mnt/primary/conda-envs/semantic_uncertainty_export/lib/python3.11/site-packages/sklearn/metrics/_pairwise_distances_reduction/_argkmin_classmode.cpython-311-x86_64-linux-gnu.so
7fd044a44000-7fd044a45000 ---p 00032000 00:19d 85912917559               /mnt/primary/conda-envs/semantic_uncertainty_export/lib/python3.11/site-packages/sklearn/metrics/_pairwise_distances_reduction/_argkmin_classmode.cpython-311-x86_64-linux-gnu.so
7fd044a45000-7fd044a46000 r--p 00032000 00:19d 85912917559               /mnt/primary/conda-envs/semantic_uncertainty_export/lib/python3.11/site-packages/sklearn/metrics/_pairwise_distances_reduction/_argkmin_classmode.cpython-311-x86_64-linux-gnu.so
7fd044a46000-7fd044a4b000 rw-p 00033000 00:19d 85912917559               /mnt/primary/conda-envs/semantic_uncertainty_export/lib/python3.11/site-packages/sklearn/metrics/_pairwise_distances_reduction/_argkmin_classmode.cpython-311-x86_64-linux-gnu.so
7fd044a4b000-7fd044a4e000 rw-p 00047000 00:19d 85912917559               /mnt/primary/conda-envs/semantic_uncertainty_export/lib/python3.11/site-packages/sklearn/metrics/_pairwise_distances_reduction/_argkmin_classmode.cpython-311-x86_64-linux-gnu.so
7fd044a4e000-7fd044a56000 r--p 00000000 00:19d 120262026753              /mnt/primary/conda-envs/semantic_uncertainty_export/lib/python3.11/site-packages/sklearn/utils/_cython_blas.cpython-311-x86_64-linux-gnu.so
7fd044a56000-7fd044a90000 r-xp 00008000 00:19d 120262026753              /mnt/primary/conda-envs/semantic_uncertainty_export/lib/python3.11/site-packages/sklearn/utils/_cython_blas.cpython-311-x86_64-linux-gnu.so
7fd044a90000-7fd044a9c000 r--p 00042000 00:19d 120262026753              /mnt/primary/conda-envs/semantic_uncertainty_export/lib/python3.11/site-packages/sklearn/utils/_cython_blas.cpython-311-x86_64-linux-gnu.so
7fd044a9c000-7fd044a9d000 r--p 0004d000 00:19d 120262026753              /mnt/primary/conda-envs/semantic_uncertainty_export/lib/python3.11/site-packages/sklearn/utils/_cython_blas.cpython-311-x86_64-linux-gnu.so
7fd044a9d000-7fd044aa2000 rw-p 0004e000 00:19d 120262026753              /mnt/primary/conda-envs/semantic_uncertainty_export/lib/python3.11/site-packages/sklearn/utils/_cython_blas.cpython-311-x86_64-linux-gnu.so
7fd044aa2000-7fd044aa3000 rw-p 00000000 00:00 0 
7fd044aa3000-7fd044aa6000 rw-p 00061000 00:19d 120262026753              /mnt/primary/conda-envs/semantic_uncertainty_export/lib/python3.11/site-packages/sklearn/utils/_cython_blas.cpython-311-x86_64-linux-gnu.so
7fd044aa6000-7fd044aad000 r--p 00000000 00:19d 85912917557               /mnt/primary/conda-envs/semantic_uncertainty_export/lib/python3.11/site-packages/sklearn/metrics/_pairwise_distances_reduction/_datasets_pair.cpython-311-x86_64-linux-gnu.so
7fd044aad000-7fd044ae9000 r-xp 00007000 00:19d 85912917557               /mnt/primary/conda-envs/semantic_uncertainty_export/lib/python3.11/site-packages/sklearn/metrics/_pairwise_distances_reduction/_datasets_pair.cpython-311-x86_64-linux-gnu.so
7fd044ae9000-7fd044af6000 r--p 00043000 00:19d 85912917557               /mnt/primary/conda-envs/semantic_uncertainty_export/lib/python3.11/site-packages/sklearn/metrics/_pairwise_distances_reduction/_datasets_pair.cpython-311-x86_64-linux-gnu.so
7fd044af6000-7fd044af7000 r--p 0004f000 00:19d 85912917557               /mnt/primary/conda-envs/semantic_uncertainty_export/lib/python3.11/site-packages/sklearn/metrics/_pairwise_distances_reduction/_datasets_pair.cpython-311-x86_64-linux-gnu.so
7fd044af7000-7fd044afc000 rw-p 00050000 00:19d 85912917557               /mnt/primary/conda-envs/semantic_uncertainty_export/lib/python3.11/site-packages/sklearn/metrics/_pairwise_distances_reduction/_datasets_pair.cpython-311-x86_64-linux-gnu.so
7fd044afc000-7fd044afd000 rw-p 00000000 00:00 0 
7fd044afd000-7fd044b00000 rw-p 0006f000 00:19d 85912917557               /mnt/primary/conda-envs/semantic_uncertainty_export/lib/python3.11/site-packages/sklearn/metrics/_pairwise_distances_reduction/_datasets_pair.cpython-311-x86_64-linux-gnu.so
7fd044b00000-7fd044c00000 rw-p 00000000 00:00 0 
7fd044c00000-7fd044c01000 ---p 00000000 00:00 0 
7fd044c01000-7fd045401000 rw-p 00000000 00:00 0 
7fd045404000-7fd045405000 r--p 00000000 08:04 2160640079                 /usr/lib/x86_64-linux-gnu/libXau.so.6.0.0
7fd045405000-7fd045407000 r-xp 00001000 08:04 2160640079                 /usr/lib/x86_64-linux-gnu/libXau.so.6.0.0
7fd045407000-7fd045408000 r--p 00003000 08:04 2160640079                 /usr/lib/x86_64-linux-gnu/libXau.so.6.0.0
7fd045408000-7fd045409000 r--p 00003000 08:04 2160640079                 /usr/lib/x86_64-linux-gnu/libXau.so.6.0.0
7fd045409000-7fd04540a000 rw-p 00004000 08:04 2160640079                 /usr/lib/x86_64-linux-gnu/libXau.so.6.0.0
7fd04540a000-7fd045412000 rw-s 00000000 08:04 3221616639                 /tmp/hsperfdata_root/266317 (deleted)
7fd045412000-7fd04541c000 r--p 00000000 00:19d 79668343313               /mnt/primary/conda-envs/semantic_uncertainty_export/lib/python3.11/site-packages/sklearn/metrics/_dist_metrics.cpython-311-x86_64-linux-gnu.so
7fd04541c000-7fd045473000 r-xp 0000a000 00:19d 79668343313               /mnt/primary/conda-envs/semantic_uncertainty_export/lib/python3.11/site-packages/sklearn/metrics/_dist_metrics.cpython-311-x86_64-linux-gnu.so
7fd045473000-7fd045487000 r--p 00061000 00:19d 79668343313               /mnt/primary/conda-envs/semantic_uncertainty_export/lib/python3.11/site-packages/sklearn/metrics/_dist_metrics.cpython-311-x86_64-linux-gnu.so
7fd045487000-7fd045488000 r--p 00074000 00:19d 79668343313               /mnt/primary/conda-envs/semantic_uncertainty_export/lib/python3.11/site-packages/sklearn/metrics/_dist_metrics.cpython-311-x86_64-linux-gnu.so
7fd045488000-7fd045493000 rw-p 00075000 00:19d 79668343313               /mnt/primary/conda-envs/semantic_uncertainty_export/lib/python3.11/site-packages/sklearn/metrics/_dist_metrics.cpython-311-x86_64-linux-gnu.so
7fd045493000-7fd045495000 rw-p 00000000 00:00 0 
7fd045495000-7fd045498000 rw-p 0009c000 00:19d 79668343313               /mnt/primary/conda-envs/semantic_uncertainty_export/lib/python3.11/site-packages/sklearn/metrics/_dist_metrics.cpython-311-x86_64-linux-gnu.so
7fd045498000-7fd0454a0000 r--p 00000000 00:19d 107408755242              /mnt/primary/conda-envs/semantic_uncertainty_export/lib/python3.11/site-packages/sklearn/preprocessing/_target_encoder_fast.cpython-311-x86_64-linux-gnu.so
7fd0454a0000-7fd0454ec000 r-xp 00008000 00:19d 107408755242              /mnt/primary/conda-envs/semantic_uncertainty_export/lib/python3.11/site-packages/sklearn/preprocessing/_target_encoder_fast.cpython-311-x86_64-linux-gnu.so
7fd0454ec000-7fd0454f5000 r--p 00054000 00:19d 107408755242              /mnt/primary/conda-envs/semantic_uncertainty_export/lib/python3.11/site-packages/sklearn/preprocessing/_target_encoder_fast.cpython-311-x86_64-linux-gnu.so
7fd0454f5000-7fd0454f6000 r--p 0005c000 00:19d 107408755242              /mnt/primary/conda-envs/semantic_uncertainty_export/lib/python3.11/site-packages/sklearn/preprocessing/_target_encoder_fast.cpython-311-x86_64-linux-gnu.so
7fd0454f6000-7fd0454fa000 rw-p 0005d000 00:19d 107408755242              /mnt/primary/conda-envs/semantic_uncertainty_export/lib/python3.11/site-packages/sklearn/preprocessing/_target_encoder_fast.cpython-311-x86_64-linux-gnu.so
7fd0454fa000-7fd0454fb000 rw-p 00000000 00:00 0 
7fd0454fb000-7fd045500000 rw-p 0007c000 00:19d 107408755242              /mnt/primary/conda-envs/semantic_uncertainty_export/lib/python3.11/site-packages/sklearn/preprocessing/_target_encoder_fast.cpython-311-x86_64-linux-gnu.so
7fd045500000-7fd045600000 rw-p 00000000 00:00 0 
7fd045600000-7fd047600000 rw-p 00000000 00:00 0 
7fd047600000-7fd047800000 rw-p 00000000 00:00 0 
7fd047800000-7fd047801000 ---p 00000000 00:00 0 
7fd047801000-7fd048001000 rw-p 00000000 00:00 0 
7fd048006000-7fd04800b000 r--p 00000000 00:19d 45438356026               /mnt/primary/conda-envs/semantic_uncertainty_export/lib/python3.11/lib-dynload/_tkinter.cpython-311-x86_64-linux-gnu.so
7fd04800b000-7fd048011000 r-xp 00005000 00:19d 45438356026               /mnt/primary/conda-envs/semantic_uncertainty_export/lib/python3.11/lib-dynload/_tkinter.cpython-311-x86_64-linux-gnu.so
7fd048011000-7fd048014000 r--p 0000b000 00:19d 45438356026               /mnt/primary/conda-envs/semantic_uncertainty_export/lib/python3.11/lib-dynload/_tkinter.cpython-311-x86_64-linux-gnu.so
7fd048014000-7fd048015000 r--p 0000d000 00:19d 45438356026               /mnt/primary/conda-envs/semantic_uncertainty_export/lib/python3.11/lib-dynload/_tkinter.cpython-311-x86_64-linux-gnu.so
7fd048015000-7fd048016000 rw-p 0000e000 00:19d 45438356026               /mnt/primary/conda-envs/semantic_uncertainty_export/lib/python3.11/lib-dynload/_tkinter.cpython-311-x86_64-linux-gnu.so
7fd048016000-7fd048019000 r--p 00000000 00:19d 97122185263               /mnt/primary/conda-envs/semantic_uncertainty_export/lib/python3.11/site-packages/torch/lib/libshm.so
7fd048019000-7fd04801c000 r-xp 00003000 00:19d 97122185263               /mnt/primary/conda-envs/semantic_uncertainty_export/lib/python3.11/site-packages/torch/lib/libshm.so
7fd04801c000-7fd04801d000 r--p 00006000 00:19d 97122185263               /mnt/primary/conda-envs/semantic_uncertainty_export/lib/python3.11/site-packages/torch/lib/libshm.so
7fd04801d000-7fd04801e000 ---p 00007000 00:19d 97122185263               /mnt/primary/conda-envs/semantic_uncertainty_export/lib/python3.11/site-packages/torch/lib/libshm.so
7fd04801e000-7fd04801f000 r--p 00007000 00:19d 97122185263               /mnt/primary/conda-envs/semantic_uncertainty_export/lib/python3.11/site-packages/torch/lib/libshm.so
7fd04801f000-7fd048020000 rw-p 00008000 00:19d 97122185263               /mnt/primary/conda-envs/semantic_uncertainty_export/lib/python3.11/site-packages/torch/lib/libshm.so
7fd048020000-7fd048022000 rw-p 0000b000 00:19d 97122185263               /mnt/primary/conda-envs/semantic_uncertainty_export/lib/python3.11/site-packages/torch/lib/libshm.so
7fd048022000-7fd048029000 r--p 00000000 00:19d 85912917564               /mnt/primary/conda-envs/semantic_uncertainty_export/lib/python3.11/site-packages/sklearn/metrics/_pairwise_distances_reduction/_base.cpython-311-x86_64-linux-gnu.so
7fd048029000-7fd04804e000 r-xp 00007000 00:19d 85912917564               /mnt/primary/conda-envs/semantic_uncertainty_export/lib/python3.11/site-packages/sklearn/metrics/_pairwise_distances_reduction/_base.cpython-311-x86_64-linux-gnu.so
7fd04804e000-7fd048056000 r--p 0002c000 00:19d 85912917564               /mnt/primary/conda-envs/semantic_uncertainty_export/lib/python3.11/site-packages/sklearn/metrics/_pairwise_distances_reduction/_base.cpython-311-x86_64-linux-gnu.so
7fd048056000-7fd048057000 r--p 00033000 00:19d 85912917564               /mnt/primary/conda-envs/semantic_uncertainty_export/lib/python3.11/site-packages/sklearn/metrics/_pairwise_distances_reduction/_base.cpython-311-x86_64-linux-gnu.so
7fd048057000-7fd04805b000 rw-p 00034000 00:19d 85912917564               /mnt/primary/conda-envs/semantic_uncertainty_export/lib/python3.11/site-packages/sklearn/metrics/_pairwise_distances_reduction/_base.cpython-311-x86_64-linux-gnu.so
7fd04805b000-7fd048060000 rw-p 0004a000 00:19d 85912917564               /mnt/primary/conda-envs/semantic_uncertainty_export/lib/python3.11/site-packages/sklearn/metrics/_pairwise_distances_reduction/_base.cpython-311-x86_64-linux-gnu.so
7fd048060000-7fd048069000 r--p 00000000 00:19d 120262026777              /mnt/primary/conda-envs/semantic_uncertainty_export/lib/python3.11/site-packages/sklearn/utils/sparsefuncs_fast.cpython-311-x86_64-linux-gnu.so
7fd048069000-7fd0480e8000 r-xp 00009000 00:19d 120262026777              /mnt/primary/conda-envs/semantic_uncertainty_export/lib/python3.11/site-packages/sklearn/utils/sparsefuncs_fast.cpython-311-x86_64-linux-gnu.so
7fd0480e8000-7fd0480f3000 r--p 00088000 00:19d 120262026777              /mnt/primary/conda-envs/semantic_uncertainty_export/lib/python3.11/site-packages/sklearn/utils/sparsefuncs_fast.cpython-311-x86_64-linux-gnu.so
7fd0480f3000-7fd0480f4000 ---p 00093000 00:19d 120262026777              /mnt/primary/conda-envs/semantic_uncertainty_export/lib/python3.11/site-packages/sklearn/utils/sparsefuncs_fast.cpython-311-x86_64-linux-gnu.so
7fd0480f4000-7fd0480f5000 r--p 00093000 00:19d 120262026777              /mnt/primary/conda-envs/semantic_uncertainty_export/lib/python3.11/site-packages/sklearn/utils/sparsefuncs_fast.cpython-311-x86_64-linux-gnu.so
7fd0480f5000-7fd0480fb000 rw-p 00094000 00:19d 120262026777              /mnt/primary/conda-envs/semantic_uncertainty_export/lib/python3.11/site-packages/sklearn/utils/sparsefuncs_fast.cpython-311-x86_64-linux-gnu.so
7fd0480fb000-7fd0480fd000 rw-p 00000000 00:00 0 
7fd0480fd000-7fd048100000 rw-p 000ad000 00:19d 120262026777              /mnt/primary/conda-envs/semantic_uncertainty_export/lib/python3.11/site-packages/sklearn/utils/sparsefuncs_fast.cpython-311-x86_64-linux-gnu.so
7fd048100000-7fd048200000 rw-p 00000000 00:00 0 
7fd048200000-7fd04a200000 rw-p 00000000 00:00 0 
7fd04a200000-7fd04a400000 rw-p 00000000 00:00 0 
7fd04a400000-7fd04a401000 ---p 00000000 00:00 0 
7fd04a401000-7fd04ac01000 rw-p 00000000 00:00 0 
7fd04ac01000-7fd04ac02000 r--p 00000000 00:19d 40842127929               /mnt/primary/conda-envs/semantic_uncertainty_export/lib/python3.11/site-packages/torchvision.libs/libsharpyuv.5c41a003.so.0
7fd04ac02000-7fd04ac07000 r-xp 00001000 00:19d 40842127929               /mnt/primary/conda-envs/semantic_uncertainty_export/lib/python3.11/site-packages/torchvision.libs/libsharpyuv.5c41a003.so.0
7fd04ac07000-7fd04ac08000 r--p 00006000 00:19d 40842127929               /mnt/primary/conda-envs/semantic_uncertainty_export/lib/python3.11/site-packages/torchvision.libs/libsharpyuv.5c41a003.so.0
7fd04ac08000-7fd04ac09000 r--p 00006000 00:19d 40842127929               /mnt/primary/conda-envs/semantic_uncertainty_export/lib/python3.11/site-packages/torchvision.libs/libsharpyuv.5c41a003.so.0
7fd04ac09000-7fd04ac0a000 rw-p 00007000 00:19d 40842127929               /mnt/primary/conda-envs/semantic_uncertainty_export/lib/python3.11/site-packages/torchvision.libs/libsharpyuv.5c41a003.so.0
7fd04ac0a000-7fd04ac0b000 rw-p 00000000 00:00 0 
7fd04ac0b000-7fd04ac12000 r--p 00000000 00:19d 85912917561               /mnt/primary/conda-envs/semantic_uncertainty_export/lib/python3.11/site-packages/sklearn/metrics/_pairwise_distances_reduction/_argkmin.cpython-311-x86_64-linux-gnu.so
7fd04ac12000-7fd04ac3b000 r-xp 00007000 00:19d 85912917561               /mnt/primary/conda-envs/semantic_uncertainty_export/lib/python3.11/site-packages/sklearn/metrics/_pairwise_distances_reduction/_argkmin.cpython-311-x86_64-linux-gnu.so
7fd04ac3b000-7fd04ac44000 r--p 00030000 00:19d 85912917561               /mnt/primary/conda-envs/semantic_uncertainty_export/lib/python3.11/site-packages/sklearn/metrics/_pairwise_distances_reduction/_argkmin.cpython-311-x86_64-linux-gnu.so
7fd04ac44000-7fd04ac45000 r--p 00038000 00:19d 85912917561               /mnt/primary/conda-envs/semantic_uncertainty_export/lib/python3.11/site-packages/sklearn/metrics/_pairwise_distances_reduction/_argkmin.cpython-311-x86_64-linux-gnu.so
7fd04ac45000-7fd04ac49000 rw-p 00039000 00:19d 85912917561               /mnt/primary/conda-envs/semantic_uncertainty_export/lib/python3.11/site-packages/sklearn/metrics/_pairwise_distances_reduction/_argkmin.cpython-311-x86_64-linux-gnu.so
7fd04ac49000-7fd04ac4a000 rw-p 00000000 00:00 0 
7fd04ac4a000-7fd04ac4f000 rw-p 00051000 00:19d 85912917561               /mnt/primary/conda-envs/semantic_uncertainty_export/lib/python3.11/site-packages/sklearn/metrics/_pairwise_distances_reduction/_argkmin.cpython-311-x86_64-linux-gnu.so
7fd04ac4f000-7fd04ac57000 r--p 00000000 00:19d 107408755241              /mnt/primary/conda-envs/semantic_uncertainty_export/lib/python3.11/site-packages/sklearn/preprocessing/_csr_polynomial_expansion.cpython-311-x86_64-linux-gnu.so
7fd04ac57000-7fd04ac89000 r-xp 00008000 00:19d 107408755241              /mnt/primary/conda-envs/semantic_uncertainty_export/lib/python3.11/site-packages/sklearn/preprocessing/_csr_polynomial_expansion.cpython-311-x86_64-linux-gnu.so
7fd04ac89000-7fd04ac92000 r--p 0003a000 00:19d 107408755241              /mnt/primary/conda-envs/semantic_uncertainty_export/lib/python3.11/site-packages/sklearn/preprocessing/_csr_polynomial_expansion.cpython-311-x86_64-linux-gnu.so
7fd04ac92000-7fd04ac93000 r--p 00042000 00:19d 107408755241              /mnt/primary/conda-envs/semantic_uncertainty_export/lib/python3.11/site-packages/sklearn/preprocessing/_csr_polynomial_expansion.cpython-311-x86_64-linux-gnu.so
7fd04ac93000-7fd04ac98000 rw-p 00043000 00:19d 107408755241              /mnt/primary/conda-envs/semantic_uncertainty_export/lib/python3.11/site-packages/sklearn/preprocessing/_csr_polynomial_expansion.cpython-311-x86_64-linux-gnu.so
7fd04ac98000-7fd04ac99000 rw-p 00000000 00:00 0 
7fd04ac99000-7fd04ac9c000 rw-p 00054000 00:19d 107408755241              /mnt/primary/conda-envs/semantic_uncertainty_export/lib/python3.11/site-packages/sklearn/preprocessing/_csr_polynomial_expansion.cpython-311-x86_64-linux-gnu.so
7fd04ac9c000-7fd04aca1000 r--p 00000000 00:19d 120262025723              /mnt/primary/conda-envs/semantic_uncertainty_export/lib/python3.11/site-packages/sklearn/utils/_logistic_sigmoid.cpython-311-x86_64-linux-gnu.so
7fd04aca1000-7fd04acb7000 r-xp 00005000 00:19d 120262025723              /mnt/primary/conda-envs/semantic_uncertainty_export/lib/python3.11/site-packages/sklearn/utils/_logistic_sigmoid.cpython-311-x86_64-linux-gnu.so
7fd04acb7000-7fd04acbd000 r--p 0001b000 00:19d 120262025723              /mnt/primary/conda-envs/semantic_uncertainty_export/lib/python3.11/site-packages/sklearn/utils/_logistic_sigmoid.cpython-311-x86_64-linux-gnu.so
7fd04acbd000-7fd04acbe000 r--p 00020000 00:19d 120262025723              /mnt/primary/conda-envs/semantic_uncertainty_export/lib/python3.11/site-packages/sklearn/utils/_logistic_sigmoid.cpython-311-x86_64-linux-gnu.so
7fd04acbe000-7fd04acc1000 rw-p 00021000 00:19d 120262025723              /mnt/primary/conda-envs/semantic_uncertainty_export/lib/python3.11/site-packages/sklearn/utils/_logistic_sigmoid.cpython-311-x86_64-linux-gnu.so
7fd04acc1000-7fd04acc4000 rw-p 0002b000 00:19d 120262025723              /mnt/primary/conda-envs/semantic_uncertainty_export/lib/python3.11/site-packages/sklearn/utils/_logistic_sigmoid.cpython-311-x86_64-linux-gnu.so
7fd04acc4000-7fd04acc8000 r--p 00000000 00:19d 135689858102              /mnt/primary/conda-envs/semantic_uncertainty_export/lib/python3.11/site-packages/lz4/frame/_frame.cpython-311-x86_64-linux-gnu.so
7fd04acc8000-7fd04acf7000 r-xp 00004000 00:19d 135689858102              /mnt/primary/conda-envs/semantic_uncertainty_export/lib/python3.11/site-packages/lz4/frame/_frame.cpython-311-x86_64-linux-gnu.so
7fd04acf7000-7fd04acfe000 r--p 00033000 00:19d 135689858102              /mnt/primary/conda-envs/semantic_uncertainty_export/lib/python3.11/site-packages/lz4/frame/_frame.cpython-311-x86_64-linux-gnu.so
7fd04acfe000-7fd04acff000 r--p 00039000 00:19d 135689858102              /mnt/primary/conda-envs/semantic_uncertainty_export/lib/python3.11/site-packages/lz4/frame/_frame.cpython-311-x86_64-linux-gnu.so
7fd04acff000-7fd04ad00000 rw-p 0003a000 00:19d 135689858102              /mnt/primary/conda-envs/semantic_uncertainty_export/lib/python3.11/site-packages/lz4/frame/_frame.cpython-311-x86_64-linux-gnu.so
7fd04ad00000-7fd04ae00000 rw-p 00000000 00:00 0 
7fd04ae00000-7fd04ae01000 ---p 00000000 00:00 0 
7fd04ae01000-7fd04b601000 rw-p 00000000 00:00 0 
7fd04b604000-7fd04b608000 r--p 00000000 00:19d 120262026760              /mnt/primary/conda-envs/semantic_uncertainty_export/lib/python3.11/site-packages/sklearn/utils/_vector_sentinel.cpython-311-x86_64-linux-gnu.so
7fd04b608000-7fd04b617000 r-xp 00004000 00:19d 120262026760              /mnt/primary/conda-envs/semantic_uncertainty_export/lib/python3.11/site-packages/sklearn/utils/_vector_sentinel.cpython-311-x86_64-linux-gnu.so
7fd04b617000-7fd04b61b000 r--p 00013000 00:19d 120262026760              /mnt/primary/conda-envs/semantic_uncertainty_export/lib/python3.11/site-packages/sklearn/utils/_vector_sentinel.cpython-311-x86_64-linux-gnu.so
7fd04b61b000-7fd04b61c000 r--p 00016000 00:19d 120262026760              /mnt/primary/conda-envs/semantic_uncertainty_export/lib/python3.11/site-packages/sklearn/utils/_vector_sentinel.cpython-311-x86_64-linux-gnu.so
7fd04b61c000-7fd04b61e000 rw-p 00017000 00:19d 120262026760              /mnt/primary/conda-envs/semantic_uncertainty_export/lib/python3.11/site-packages/sklearn/utils/_vector_sentinel.cpython-311-x86_64-linux-gnu.so
7fd04b61e000-7fd04b620000 rw-p 00021000 00:19d 120262026760              /mnt/primary/conda-envs/semantic_uncertainty_export/lib/python3.11/site-packages/sklearn/utils/_vector_sentinel.cpython-311-x86_64-linux-gnu.so
7fd04b620000-7fd04b622000 r--p 00000000 00:19d 133230551071              /mnt/primary/conda-envs/semantic_uncertainty_export/lib/python3.11/site-packages/lz4/_version.cpython-311-x86_64-linux-gnu.so
7fd04b622000-7fd04b63b000 r-xp 00002000 00:19d 133230551071              /mnt/primary/conda-envs/semantic_uncertainty_export/lib/python3.11/site-packages/lz4/_version.cpython-311-x86_64-linux-gnu.so
7fd04b63b000-7fd04b63c000 r--p 0001b000 00:19d 133230551071              /mnt/primary/conda-envs/semantic_uncertainty_export/lib/python3.11/site-packages/lz4/_version.cpython-311-x86_64-linux-gnu.so
7fd04b63c000-7fd04b63d000 ---p 0001c000 00:19d 133230551071              /mnt/primary/conda-envs/semantic_uncertainty_export/lib/python3.11/site-packages/lz4/_version.cpython-311-x86_64-linux-gnu.so
7fd04b63d000-7fd04b63e000 r--p 0001c000 00:19d 133230551071              /mnt/primary/conda-envs/semantic_uncertainty_export/lib/python3.11/site-packages/lz4/_version.cpython-311-x86_64-linux-gnu.so
7fd04b63e000-7fd04b63f000 rw-p 0001d000 00:19d 133230551071              /mnt/primary/conda-envs/semantic_uncertainty_export/lib/python3.11/site-packages/lz4/_version.cpython-311-x86_64-linux-gnu.so
7fd04b63f000-7fd04b642000 r--p 00000000 00:19d 45438356003               /mnt/primary/conda-envs/semantic_uncertainty_export/lib/python3.11/lib-dynload/_multibytecodec.cpython-311-x86_64-linux-gnu.so
7fd04b642000-7fd04b648000 r-xp 00003000 00:19d 45438356003               /mnt/primary/conda-envs/semantic_uncertainty_export/lib/python3.11/lib-dynload/_multibytecodec.cpython-311-x86_64-linux-gnu.so
7fd04b648000-7fd04b64a000 r--p 00009000 00:19d 45438356003               /mnt/primary/conda-envs/semantic_uncertainty_export/lib/python3.11/lib-dynload/_multibytecodec.cpython-311-x86_64-linux-gnu.so
7fd04b64a000-7fd04b64b000 ---p 0000b000 00:19d 45438356003               /mnt/primary/conda-envs/semantic_uncertainty_export/lib/python3.11/lib-dynload/_multibytecodec.cpython-311-x86_64-linux-gnu.so
7fd04b64b000-7fd04b64c000 r--p 0000b000 00:19d 45438356003               /mnt/primary/conda-envs/semantic_uncertainty_export/lib/python3.11/lib-dynload/_multibytecodec.cpython-311-x86_64-linux-gnu.so
7fd04b64c000-7fd04b64d000 rw-p 0000c000 00:19d 45438356003               /mnt/primary/conda-envs/semantic_uncertainty_export/lib/python3.11/lib-dynload/_multibytecodec.cpython-311-x86_64-linux-gnu.so
7fd04b64d000-7fd04b650000 r--p 00000000 00:19d 103089116719              /mnt/primary/conda-envs/semantic_uncertainty_export/lib/python3.11/site-packages/brotli/_brotli.abi3.so
7fd04b650000-7fd04b690000 r-xp 00003000 00:19d 103089116719              /mnt/primary/conda-envs/semantic_uncertainty_export/lib/python3.11/site-packages/brotli/_brotli.abi3.so
7fd04b690000-7fd04b6fe000 r--p 00043000 00:19d 103089116719              /mnt/primary/conda-envs/semantic_uncertainty_export/lib/python3.11/site-packages/brotli/_brotli.abi3.so
7fd04b6fe000-7fd04b6ff000 r--p 000b0000 00:19d 103089116719              /mnt/primary/conda-envs/semantic_uncertainty_export/lib/python3.11/site-packages/brotli/_brotli.abi3.so
7fd04b6ff000-7fd04b700000 rw-p 000b1000 00:19d 103089116719              /mnt/primary/conda-envs/semantic_uncertainty_export/lib/python3.11/site-packages/brotli/_brotli.abi3.so
7fd04b700000-7fd04b800000 rw-p 00000000 00:00 0 
7fd04b800000-7fd04d800000 rw-p 00000000 00:00 0 
7fd04d800000-7fd04da00000 rw-p 00000000 00:00 0 
7fd04da00000-7fd04fa00000 rw-p 00000000 00:00 0 
7fd04fa02000-7fd04fa0a000 r--p 00000000 00:19d 98787895812               /mnt/primary/conda-envs/semantic_uncertainty_export/lib/python3.11/site-packages/_cffi_backend.cpython-311-x86_64-linux-gnu.so
7fd04fa0a000-7fd04fa21000 r-xp 00008000 00:19d 98787895812               /mnt/primary/conda-envs/semantic_uncertainty_export/lib/python3.11/site-packages/_cffi_backend.cpython-311-x86_64-linux-gnu.so
7fd04fa21000-7fd04fa2c000 r--p 0001f000 00:19d 98787895812               /mnt/primary/conda-envs/semantic_uncertainty_export/lib/python3.11/site-packages/_cffi_backend.cpython-311-x86_64-linux-gnu.so
7fd04fa2c000-7fd04fa2e000 r--p 00029000 00:19d 98787895812               /mnt/primary/conda-envs/semantic_uncertainty_export/lib/python3.11/site-packages/_cffi_backend.cpython-311-x86_64-linux-gnu.so
7fd04fa2e000-7fd04fa31000 rw-p 0002b000 00:19d 98787895812               /mnt/primary/conda-envs/semantic_uncertainty_export/lib/python3.11/site-packages/_cffi_backend.cpython-311-x86_64-linux-gnu.so
7fd04fa31000-7fd04fb34000 rw-p 00000000 00:00 0 
7fd04fb34000-7fd04fb45000 r--p 00000000 00:19d 159264572985              /mnt/primary/conda-envs/semantic_uncertainty_export/lib/python3.11/site-packages/matplotlib/ft2font.cpython-311-x86_64-linux-gnu.so
7fd04fb45000-7fd04fbcc000 r-xp 00011000 00:19d 159264572985              /mnt/primary/conda-envs/semantic_uncertainty_export/lib/python3.11/site-packages/matplotlib/ft2font.cpython-311-x86_64-linux-gnu.so
7fd04fbcc000-7fd04fbf7000 r--p 00098000 00:19d 159264572985              /mnt/primary/conda-envs/semantic_uncertainty_export/lib/python3.11/site-packages/matplotlib/ft2font.cpython-311-x86_64-linux-gnu.so
7fd04fbf7000-7fd04fbfd000 r--p 000c2000 00:19d 159264572985              /mnt/primary/conda-envs/semantic_uncertainty_export/lib/python3.11/site-packages/matplotlib/ft2font.cpython-311-x86_64-linux-gnu.so
7fd04fbfd000-7fd04fbfe000 rw-p 000c8000 00:19d 159264572985              /mnt/primary/conda-envs/semantic_uncertainty_export/lib/python3.11/site-packages/matplotlib/ft2font.cpython-311-x86_64-linux-gnu.so
7fd04fbfe000-7fd04fc00000 rw-p 00000000 00:00 0 
7fd04fc00000-7fd051c00000 rw-p 00000000 00:00 0 
7fd051c00000-7fd051e00000 rw-p 00000000 00:00 0 
7fd051e00000-7fd053e00000 rw-p 00000000 00:00 0 
7fd053e00000-7fd054000000 rw-p 00000000 00:00 0 
7fd054000000-7fd054021000 rw-p 00000000 00:00 0 
7fd054021000-7fd058000000 ---p 00000000 00:00 0 
7fd058001000-7fd058005000 r--p 00000000 00:19d 131461243965              /mnt/primary/conda-envs/semantic_uncertainty_export/lib/python3.11/site-packages/wrapt/_wrappers.cpython-311-x86_64-linux-gnu.so
7fd058005000-7fd05800a000 r-xp 00004000 00:19d 131461243965              /mnt/primary/conda-envs/semantic_uncertainty_export/lib/python3.11/site-packages/wrapt/_wrappers.cpython-311-x86_64-linux-gnu.so
7fd05800a000-7fd05800c000 r--p 00009000 00:19d 131461243965              /mnt/primary/conda-envs/semantic_uncertainty_export/lib/python3.11/site-packages/wrapt/_wrappers.cpython-311-x86_64-linux-gnu.so
7fd05800c000-7fd05800d000 r--p 0000a000 00:19d 131461243965              /mnt/primary/conda-envs/semantic_uncertainty_export/lib/python3.11/site-packages/wrapt/_wrappers.cpython-311-x86_64-linux-gnu.so
7fd05800d000-7fd05800f000 rw-p 0000b000 00:19d 131461243965              /mnt/primary/conda-envs/semantic_uncertainty_export/lib/python3.11/site-packages/wrapt/_wrappers.cpython-311-x86_64-linux-gnu.so
7fd05800f000-7fd058018000 r--p 00000000 00:19d 159264572967              /mnt/primary/conda-envs/semantic_uncertainty_export/lib/python3.11/site-packages/matplotlib/_image.cpython-311-x86_64-linux-gnu.so
7fd058018000-7fd058041000 r-xp 00009000 00:19d 159264572967              /mnt/primary/conda-envs/semantic_uncertainty_export/lib/python3.11/site-packages/matplotlib/_image.cpython-311-x86_64-linux-gnu.so
7fd058041000-7fd058047000 r--p 00032000 00:19d 159264572967              /mnt/primary/conda-envs/semantic_uncertainty_export/lib/python3.11/site-packages/matplotlib/_image.cpython-311-x86_64-linux-gnu.so
7fd058047000-7fd058048000 r--p 00037000 00:19d 159264572967              /mnt/primary/conda-envs/semantic_uncertainty_export/lib/python3.11/site-packages/matplotlib/_image.cpython-311-x86_64-linux-gnu.so
7fd058048000-7fd058049000 rw-p 00038000 00:19d 159264572967              /mnt/primary/conda-envs/semantic_uncertainty_export/lib/python3.11/site-packages/matplotlib/_image.cpython-311-x86_64-linux-gnu.so
7fd058049000-7fd05804a000 rw-p 00000000 00:00 0 
7fd05804a000-7fd058051000 r--p 00000000 00:19d 165573261858              /mnt/primary/conda-envs/semantic_uncertainty_export/lib/python3.11/site-packages/kiwisolver/_cext.cpython-311-x86_64-linux-gnu.so
7fd058051000-7fd058075000 r-xp 00007000 00:19d 165573261858              /mnt/primary/conda-envs/semantic_uncertainty_export/lib/python3.11/site-packages/kiwisolver/_cext.cpython-311-x86_64-linux-gnu.so
7fd058075000-7fd05807b000 r--p 0002b000 00:19d 165573261858              /mnt/primary/conda-envs/semantic_uncertainty_export/lib/python3.11/site-packages/kiwisolver/_cext.cpython-311-x86_64-linux-gnu.so
7fd05807b000-7fd05807c000 r--p 00030000 00:19d 165573261858              /mnt/primary/conda-envs/semantic_uncertainty_export/lib/python3.11/site-packages/kiwisolver/_cext.cpython-311-x86_64-linux-gnu.so
7fd05807c000-7fd05807d000 rw-p 00031000 00:19d 165573261858              /mnt/primary/conda-envs/semantic_uncertainty_export/lib/python3.11/site-packages/kiwisolver/_cext.cpython-311-x86_64-linux-gnu.so
7fd05807d000-7fd05807e000 rw-p 00000000 00:00 0 
7fd05807e000-7fd058088000 r--p 00000000 00:19d 159266954755              /mnt/primary/conda-envs/semantic_uncertainty_export/lib/python3.11/site-packages/matplotlib/_path.cpython-311-x86_64-linux-gnu.so
7fd058088000-7fd0580aa000 r-xp 0000a000 00:19d 159266954755              /mnt/primary/conda-envs/semantic_uncertainty_export/lib/python3.11/site-packages/matplotlib/_path.cpython-311-x86_64-linux-gnu.so
7fd0580aa000-7fd0580b1000 r--p 0002c000 00:19d 159266954755              /mnt/primary/conda-envs/semantic_uncertainty_export/lib/python3.11/site-packages/matplotlib/_path.cpython-311-x86_64-linux-gnu.so
7fd0580b1000-7fd0580b2000 r--p 00032000 00:19d 159266954755              /mnt/primary/conda-envs/semantic_uncertainty_export/lib/python3.11/site-packages/matplotlib/_path.cpython-311-x86_64-linux-gnu.so
7fd0580b2000-7fd0580b3000 rw-p 00033000 00:19d 159266954755              /mnt/primary/conda-envs/semantic_uncertainty_export/lib/python3.11/site-packages/matplotlib/_path.cpython-311-x86_64-linux-gnu.so
7fd0580b3000-7fd0580b4000 rw-p 00000000 00:00 0 
7fd0580b4000-7fd0580b5000 r--p 00000000 00:19d 70898546196               /mnt/primary/conda-envs/semantic_uncertainty_export/lib/libdeflate.so.0
7fd0580b5000-7fd0580c2000 r-xp 00001000 00:19d 70898546196               /mnt/primary/conda-envs/semantic_uncertainty_export/lib/libdeflate.so.0
7fd0580c2000-7fd0580c7000 r--p 0000e000 00:19d 70898546196               /mnt/primary/conda-envs/semantic_uncertainty_export/lib/libdeflate.so.0
7fd0580c7000-7fd0580c8000 r--p 00012000 00:19d 70898546196               /mnt/primary/conda-envs/semantic_uncertainty_export/lib/libdeflate.so.0
7fd0580c8000-7fd0580c9000 rw-p 00013000 00:19d 70898546196               /mnt/primary/conda-envs/semantic_uncertainty_export/lib/libdeflate.so.0
7fd0580c9000-7fd0580d3000 r--p 00000000 00:19d 70898546191               /mnt/primary/conda-envs/semantic_uncertainty_export/lib/libLerc.so
7fd0580d3000-7fd05815a000 r-xp 0000a000 00:19d 70898546191               /mnt/primary/conda-envs/semantic_uncertainty_export/lib/libLerc.so
7fd05815a000-7fd058162000 r--p 00091000 00:19d 70898546191               /mnt/primary/conda-envs/semantic_uncertainty_export/lib/libLerc.so
7fd058162000-7fd058163000 ---p 00099000 00:19d 70898546191               /mnt/primary/conda-envs/semantic_uncertainty_export/lib/libLerc.so
7fd058163000-7fd058164000 r--p 00099000 00:19d 70898546191               /mnt/primary/conda-envs/semantic_uncertainty_export/lib/libLerc.so
7fd058164000-7fd058165000 rw-p 0009a000 00:19d 70898546191               /mnt/primary/conda-envs/semantic_uncertainty_export/lib/libLerc.so
7fd058165000-7fd058173000 r--p 00000000 00:19d 70923272745               /mnt/primary/conda-envs/semantic_uncertainty_export/lib/libzstd.so.1.5.5
7fd058173000-7fd05825d000 r-xp 0000e000 00:19d 70923272745               /mnt/primary/conda-envs/semantic_uncertainty_export/lib/libzstd.so.1.5.5
7fd05825d000-7fd058272000 r--p 000f8000 00:19d 70923272745               /mnt/primary/conda-envs/semantic_uncertainty_export/lib/libzstd.so.1.5.5
7fd058272000-7fd058273000 ---p 0010d000 00:19d 70923272745               /mnt/primary/conda-envs/semantic_uncertainty_export/lib/libzstd.so.1.5.5
7fd058273000-7fd058274000 r--p 0010d000 00:19d 70923272745               /mnt/primary/conda-envs/semantic_uncertainty_export/lib/libzstd.so.1.5.5
7fd058274000-7fd058275000 rw-p 0010e000 00:19d 70923272745               /mnt/primary/conda-envs/semantic_uncertainty_export/lib/libzstd.so.1.5.5
7fd058275000-7fd058278000 r--p 00000000 00:19d 70898546233               /mnt/primary/conda-envs/semantic_uncertainty_export/lib/libwebp.so.7.1.8
7fd058278000-7fd0582e8000 r-xp 00003000 00:19d 70898546233               /mnt/primary/conda-envs/semantic_uncertainty_export/lib/libwebp.so.7.1.8
7fd0582e8000-7fd0582fc000 r--p 00073000 00:19d 70898546233               /mnt/primary/conda-envs/semantic_uncertainty_export/lib/libwebp.so.7.1.8
7fd0582fc000-7fd0582fd000 r--p 00086000 00:19d 70898546233               /mnt/primary/conda-envs/semantic_uncertainty_export/lib/libwebp.so.7.1.8
7fd0582fd000-7fd0582fe000 rw-p 00087000 00:19d 70898546233               /mnt/primary/conda-envs/semantic_uncertainty_export/lib/libwebp.so.7.1.8
7fd0582fe000-7fd0582ff000 rw-p 00000000 00:00 0 
7fd0582ff000-7fd058308000 r--p 00000000 00:19d 70924951580               /mnt/primary/conda-envs/semantic_uncertainty_export/lib/libtiff.so.6.0.1
7fd058308000-7fd058356000 r-xp 00009000 00:19d 70924951580               /mnt/primary/conda-envs/semantic_uncertainty_export/lib/libtiff.so.6.0.1
7fd058356000-7fd058386000 r--p 00057000 00:19d 70924951580               /mnt/primary/conda-envs/semantic_uncertainty_export/lib/libtiff.so.6.0.1
7fd058386000-7fd058387000 ---p 00087000 00:19d 70924951580               /mnt/primary/conda-envs/semantic_uncertainty_export/lib/libtiff.so.6.0.1
7fd058387000-7fd05838c000 r--p 00087000 00:19d 70924951580               /mnt/primary/conda-envs/semantic_uncertainty_export/lib/libtiff.so.6.0.1
7fd05838c000-7fd05838d000 rw-p 0008c000 00:19d 70924951580               /mnt/primary/conda-envs/semantic_uncertainty_export/lib/libtiff.so.6.0.1
7fd05838d000-7fd058396000 r--p 00000000 00:19d 70925107724               /mnt/primary/conda-envs/semantic_uncertainty_export/lib/libopenjp2.so.2.4.0
7fd058396000-7fd0583dd000 r-xp 00009000 00:19d 70925107724               /mnt/primary/conda-envs/semantic_uncertainty_export/lib/libopenjp2.so.2.4.0
7fd0583dd000-7fd0583ee000 r--p 00050000 00:19d 70925107724               /mnt/primary/conda-envs/semantic_uncertainty_export/lib/libopenjp2.so.2.4.0
7fd0583ee000-7fd0583f0000 r--p 00060000 00:19d 70925107724               /mnt/primary/conda-envs/semantic_uncertainty_export/lib/libopenjp2.so.2.4.0
7fd0583f0000-7fd0583f1000 rw-p 00062000 00:19d 70925107724               /mnt/primary/conda-envs/semantic_uncertainty_export/lib/libopenjp2.so.2.4.0
7fd0583f1000-7fd0583f6000 r--p 00000000 00:19d 70898546186               /mnt/primary/conda-envs/semantic_uncertainty_export/lib/libjpeg.so.9.5.0
7fd0583f6000-7fd058424000 r-xp 00005000 00:19d 70898546186               /mnt/primary/conda-envs/semantic_uncertainty_export/lib/libjpeg.so.9.5.0
7fd058424000-7fd05842d000 r--p 00033000 00:19d 70898546186               /mnt/primary/conda-envs/semantic_uncertainty_export/lib/libjpeg.so.9.5.0
7fd05842d000-7fd05842e000 ---p 0003c000 00:19d 70898546186               /mnt/primary/conda-envs/semantic_uncertainty_export/lib/libjpeg.so.9.5.0
7fd05842e000-7fd05842f000 r--p 0003c000 00:19d 70898546186               /mnt/primary/conda-envs/semantic_uncertainty_export/lib/libjpeg.so.9.5.0
7fd05842f000-7fd058430000 rw-p 0003d000 00:19d 70898546186               /mnt/primary/conda-envs/semantic_uncertainty_export/lib/libjpeg.so.9.5.0
7fd058430000-7fd058445000 r--p 00000000 00:19d 161061898268              /mnt/primary/conda-envs/semantic_uncertainty_export/lib/python3.11/site-packages/PIL/_imaging.cpython-311-x86_64-linux-gnu.so
7fd058445000-7fd05849e000 r-xp 00015000 00:19d 161061898268              /mnt/primary/conda-envs/semantic_uncertainty_export/lib/python3.11/site-packages/PIL/_imaging.cpython-311-x86_64-linux-gnu.so
7fd05849e000-7fd0584ae000 r--p 0006e000 00:19d 161061898268              /mnt/primary/conda-envs/semantic_uncertainty_export/lib/python3.11/site-packages/PIL/_imaging.cpython-311-x86_64-linux-gnu.so
7fd0584ae000-7fd0584b3000 r--p 0007d000 00:19d 161061898268              /mnt/primary/conda-envs/semantic_uncertainty_export/lib/python3.11/site-packages/PIL/_imaging.cpython-311-x86_64-linux-gnu.so
7fd0584b3000-7fd0584b6000 rw-p 00082000 00:19d 161061898268              /mnt/primary/conda-envs/semantic_uncertainty_export/lib/python3.11/site-packages/PIL/_imaging.cpython-311-x86_64-linux-gnu.so
7fd0584b6000-7fd0585b6000 rw-p 00000000 00:00 0 
7fd0585b6000-7fd0585bd000 r--p 00000000 00:19d 80070846498               /mnt/primary/conda-envs/semantic_uncertainty_export/lib/python3.11/site-packages/scipy/stats/_rcont/rcont.cpython-311-x86_64-linux-gnu.so
7fd0585bd000-7fd0585e4000 r-xp 00007000 00:19d 80070846498               /mnt/primary/conda-envs/semantic_uncertainty_export/lib/python3.11/site-packages/scipy/stats/_rcont/rcont.cpython-311-x86_64-linux-gnu.so
7fd0585e4000-7fd0585f2000 r--p 0002e000 00:19d 80070846498               /mnt/primary/conda-envs/semantic_uncertainty_export/lib/python3.11/site-packages/scipy/stats/_rcont/rcont.cpython-311-x86_64-linux-gnu.so
7fd0585f2000-7fd0585f3000 r--p 0003b000 00:19d 80070846498               /mnt/primary/conda-envs/semantic_uncertainty_export/lib/python3.11/site-packages/scipy/stats/_rcont/rcont.cpython-311-x86_64-linux-gnu.so
7fd0585f3000-7fd0585f6000 rw-p 0003c000 00:19d 80070846498               /mnt/primary/conda-envs/semantic_uncertainty_export/lib/python3.11/site-packages/scipy/stats/_rcont/rcont.cpython-311-x86_64-linux-gnu.so
7fd0585f6000-7fd0586f7000 rw-p 00000000 00:00 0 
7fd0586f7000-7fd0586f9000 r--p 00000000 00:19d 73089433150               /mnt/primary/conda-envs/semantic_uncertainty_export/lib/python3.11/site-packages/scipy/stats/_mvn.cpython-311-x86_64-linux-gnu.so
7fd0586f9000-7fd058702000 r-xp 00002000 00:19d 73089433150               /mnt/primary/conda-envs/semantic_uncertainty_export/lib/python3.11/site-packages/scipy/stats/_mvn.cpython-311-x86_64-linux-gnu.so
7fd058702000-7fd058708000 r--p 0000b000 00:19d 73089433150               /mnt/primary/conda-envs/semantic_uncertainty_export/lib/python3.11/site-packages/scipy/stats/_mvn.cpython-311-x86_64-linux-gnu.so
7fd058708000-7fd058709000 r--p 00010000 00:19d 73089433150               /mnt/primary/conda-envs/semantic_uncertainty_export/lib/python3.11/site-packages/scipy/stats/_mvn.cpython-311-x86_64-linux-gnu.so
7fd058709000-7fd05870b000 rw-p 00011000 00:19d 73089433150               /mnt/primary/conda-envs/semantic_uncertainty_export/lib/python3.11/site-packages/scipy/stats/_mvn.cpython-311-x86_64-linux-gnu.so
7fd05870b000-7fd058902000 rw-p 00000000 00:00 0 
7fd058902000-7fd058909000 r--p 00000000 00:19d 43233973784               /mnt/primary/conda-envs/semantic_uncertainty_export/lib/python3.11/site-packages/scipy/fft/_pocketfft/pypocketfft.cpython-311-x86_64-linux-gnu.so
7fd058909000-7fd0589e1000 r-xp 00007000 00:19d 43233973784               /mnt/primary/conda-envs/semantic_uncertainty_export/lib/python3.11/site-packages/scipy/fft/_pocketfft/pypocketfft.cpython-311-x86_64-linux-gnu.so
7fd0589e1000-7fd0589fb000 r--p 000df000 00:19d 43233973784               /mnt/primary/conda-envs/semantic_uncertainty_export/lib/python3.11/site-packages/scipy/fft/_pocketfft/pypocketfft.cpython-311-x86_64-linux-gnu.so
7fd0589fb000-7fd0589fc000 ---p 000f9000 00:19d 43233973784               /mnt/primary/conda-envs/semantic_uncertainty_export/lib/python3.11/site-packages/scipy/fft/_pocketfft/pypocketfft.cpython-311-x86_64-linux-gnu.so
7fd0589fc000-7fd0589fd000 r--p 000f9000 00:19d 43233973784               /mnt/primary/conda-envs/semantic_uncertainty_export/lib/python3.11/site-packages/scipy/fft/_pocketfft/pypocketfft.cpython-311-x86_64-linux-gnu.so
7fd0589fd000-7fd0589fe000 rw-p 000fa000 00:19d 43233973784               /mnt/primary/conda-envs/semantic_uncertainty_export/lib/python3.11/site-packages/scipy/fft/_pocketfft/pypocketfft.cpython-311-x86_64-linux-gnu.so
7fd0589fe000-7fd058a00000 rw-p 00000000 00:00 0 
7fd058a00000-7fd058a01000 ---p 00000000 00:00 0 
7fd058a01000-7fd059201000 rw-p 00000000 00:00 0 
7fd059202000-7fd059205000 r--p 00000000 00:19d 161061898270              /mnt/primary/conda-envs/semantic_uncertainty_export/lib/python3.11/site-packages/PIL/_imagingft.cpython-311-x86_64-linux-gnu.so
7fd059205000-7fd059208000 r-xp 00003000 00:19d 161061898270              /mnt/primary/conda-envs/semantic_uncertainty_export/lib/python3.11/site-packages/PIL/_imagingft.cpython-311-x86_64-linux-gnu.so
7fd059208000-7fd05920a000 r--p 00006000 00:19d 161061898270              /mnt/primary/conda-envs/semantic_uncertainty_export/lib/python3.11/site-packages/PIL/_imagingft.cpython-311-x86_64-linux-gnu.so
7fd05920a000-7fd05920b000 r--p 00007000 00:19d 161061898270              /mnt/primary/conda-envs/semantic_uncertainty_export/lib/python3.11/site-packages/PIL/_imagingft.cpython-311-x86_64-linux-gnu.so
7fd05920b000-7fd05920c000 rw-p 00008000 00:19d 161061898270              /mnt/primary/conda-envs/semantic_uncertainty_export/lib/python3.11/site-packages/PIL/_imagingft.cpython-311-x86_64-linux-gnu.so
7fd05920c000-7fd05920d000 r--p 00000000 00:19d 70898546230               /mnt/primary/conda-envs/semantic_uncertainty_export/lib/libsharpyuv.so.0.0.1
7fd05920d000-7fd059211000 r-xp 00001000 00:19d 70898546230               /mnt/primary/conda-envs/semantic_uncertainty_export/lib/libsharpyuv.so.0.0.1
7fd059211000-7fd059212000 r--p 00005000 00:19d 70898546230               /mnt/primary/conda-envs/semantic_uncertainty_export/lib/libsharpyuv.so.0.0.1
7fd059212000-7fd059213000 r--p 00005000 00:19d 70898546230               /mnt/primary/conda-envs/semantic_uncertainty_export/lib/libsharpyuv.so.0.0.1
7fd059213000-7fd059214000 rw-p 00006000 00:19d 70898546230               /mnt/primary/conda-envs/semantic_uncertainty_export/lib/libsharpyuv.so.0.0.1
7fd059214000-7fd059215000 rw-p 00000000 00:00 0 
7fd059215000-7fd05921c000 r--p 00000000 00:19d 73089433130               /mnt/primary/conda-envs/semantic_uncertainty_export/lib/python3.11/site-packages/scipy/stats/_qmc_cy.cpython-311-x86_64-linux-gnu.so
7fd05921c000-7fd059241000 r-xp 00007000 00:19d 73089433130               /mnt/primary/conda-envs/semantic_uncertainty_export/lib/python3.11/site-packages/scipy/stats/_qmc_cy.cpython-311-x86_64-linux-gnu.so
7fd059241000-7fd059249000 r--p 0002c000 00:19d 73089433130               /mnt/primary/conda-envs/semantic_uncertainty_export/lib/python3.11/site-packages/scipy/stats/_qmc_cy.cpython-311-x86_64-linux-gnu.so
7fd059249000-7fd05924a000 r--p 00033000 00:19d 73089433130               /mnt/primary/conda-envs/semantic_uncertainty_export/lib/python3.11/site-packages/scipy/stats/_qmc_cy.cpython-311-x86_64-linux-gnu.so
7fd05924a000-7fd05924d000 rw-p 00034000 00:19d 73089433130               /mnt/primary/conda-envs/semantic_uncertainty_export/lib/python3.11/site-packages/scipy/stats/_qmc_cy.cpython-311-x86_64-linux-gnu.so
7fd05924d000-7fd05924e000 rw-p 00000000 00:00 0 
7fd05924e000-7fd059255000 r--p 00000000 00:19d 73089433147               /mnt/primary/conda-envs/semantic_uncertainty_export/lib/python3.11/site-packages/scipy/stats/_sobol.cpython-311-x86_64-linux-gnu.so
7fd059255000-7fd059289000 r-xp 00007000 00:19d 73089433147               /mnt/primary/conda-envs/semantic_uncertainty_export/lib/python3.11/site-packages/scipy/stats/_sobol.cpython-311-x86_64-linux-gnu.so
7fd059289000-7fd059292000 r--p 0003b000 00:19d 73089433147               /mnt/primary/conda-envs/semantic_uncertainty_export/lib/python3.11/site-packages/scipy/stats/_sobol.cpython-311-x86_64-linux-gnu.so
7fd059292000-7fd059293000 r--p 00043000 00:19d 73089433147               /mnt/primary/conda-envs/semantic_uncertainty_export/lib/python3.11/site-packages/scipy/stats/_sobol.cpython-311-x86_64-linux-gnu.so
7fd059293000-7fd059298000 rw-p 00044000 00:19d 73089433147               /mnt/primary/conda-envs/semantic_uncertainty_export/lib/python3.11/site-packages/scipy/stats/_sobol.cpython-311-x86_64-linux-gnu.so
7fd059298000-7fd059299000 rw-p 00000000 00:00 0 
7fd059299000-7fd05929d000 r--p 00000000 00:19d 73089433136               /mnt/primary/conda-envs/semantic_uncertainty_export/lib/python3.11/site-packages/scipy/stats/_stats_pythran.cpython-311-x86_64-linux-gnu.so
7fd05929d000-7fd0592b2000 r-xp 00004000 00:19d 73089433136               /mnt/primary/conda-envs/semantic_uncertainty_export/lib/python3.11/site-packages/scipy/stats/_stats_pythran.cpython-311-x86_64-linux-gnu.so
7fd0592b2000-7fd0592b7000 r--p 00019000 00:19d 73089433136               /mnt/primary/conda-envs/semantic_uncertainty_export/lib/python3.11/site-packages/scipy/stats/_stats_pythran.cpython-311-x86_64-linux-gnu.so
7fd0592b7000-7fd0592b8000 r--p 0001d000 00:19d 73089433136               /mnt/primary/conda-envs/semantic_uncertainty_export/lib/python3.11/site-packages/scipy/stats/_stats_pythran.cpython-311-x86_64-linux-gnu.so
7fd0592b8000-7fd0592b9000 rw-p 0001e000 00:19d 73089433136               /mnt/primary/conda-envs/semantic_uncertainty_export/lib/python3.11/site-packages/scipy/stats/_stats_pythran.cpython-311-x86_64-linux-gnu.so
7fd0592b9000-7fd0592bf000 r--p 00000000 00:19d 73087765042               /mnt/primary/conda-envs/semantic_uncertainty_export/lib/python3.11/site-packages/scipy/stats/_biasedurn.cpython-311-x86_64-linux-gnu.so
7fd0592bf000-7fd0592ea000 r-xp 00006000 00:19d 73087765042               /mnt/primary/conda-envs/semantic_uncertainty_export/lib/python3.11/site-packages/scipy/stats/_biasedurn.cpython-311-x86_64-linux-gnu.so
7fd0592ea000-7fd0592fa000 r--p 00031000 00:19d 73087765042               /mnt/primary/conda-envs/semantic_uncertainty_export/lib/python3.11/site-packages/scipy/stats/_biasedurn.cpython-311-x86_64-linux-gnu.so
7fd0592fa000-7fd0592fb000 r--p 00040000 00:19d 73087765042               /mnt/primary/conda-envs/semantic_uncertainty_export/lib/python3.11/site-packages/scipy/stats/_biasedurn.cpython-311-x86_64-linux-gnu.so
7fd0592fb000-7fd0592fe000 rw-p 00041000 00:19d 73087765042               /mnt/primary/conda-envs/semantic_uncertainty_export/lib/python3.11/site-packages/scipy/stats/_biasedurn.cpython-311-x86_64-linux-gnu.so
7fd0592fe000-7fd059400000 rw-p 00000000 00:00 0 
7fd059400000-7fd059401000 ---p 00000000 00:00 0 
7fd059401000-7fd059c01000 rw-p 00000000 00:00 0 
7fd059c02000-7fd059c06000 r--p 00000000 00:19d 55935434274               /mnt/primary/conda-envs/semantic_uncertainty_export/lib/python3.11/site-packages/scipy/_lib/_uarray/_uarray.cpython-311-x86_64-linux-gnu.so
7fd059c06000-7fd059c18000 r-xp 00004000 00:19d 55935434274               /mnt/primary/conda-envs/semantic_uncertainty_export/lib/python3.11/site-packages/scipy/_lib/_uarray/_uarray.cpython-311-x86_64-linux-gnu.so
7fd059c18000-7fd059c1e000 r--p 00016000 00:19d 55935434274               /mnt/primary/conda-envs/semantic_uncertainty_export/lib/python3.11/site-packages/scipy/_lib/_uarray/_uarray.cpython-311-x86_64-linux-gnu.so
7fd059c1e000-7fd059c1f000 r--p 0001b000 00:19d 55935434274               /mnt/primary/conda-envs/semantic_uncertainty_export/lib/python3.11/site-packages/scipy/_lib/_uarray/_uarray.cpython-311-x86_64-linux-gnu.so
7fd059c1f000-7fd059c20000 rw-p 0001c000 00:19d 55935434274               /mnt/primary/conda-envs/semantic_uncertainty_export/lib/python3.11/site-packages/scipy/_lib/_uarray/_uarray.cpython-311-x86_64-linux-gnu.so
7fd059c20000-7fd059c27000 r--p 00000000 00:19d 126756728877              /mnt/primary/conda-envs/semantic_uncertainty_export/lib/python3.11/site-packages/scipy/interpolate/_rgi_cython.cpython-311-x86_64-linux-gnu.so
7fd059c27000-7fd059c4e000 r-xp 00007000 00:19d 126756728877              /mnt/primary/conda-envs/semantic_uncertainty_export/lib/python3.11/site-packages/scipy/interpolate/_rgi_cython.cpython-311-x86_64-linux-gnu.so
7fd059c4e000-7fd059c56000 r--p 0002e000 00:19d 126756728877              /mnt/primary/conda-envs/semantic_uncertainty_export/lib/python3.11/site-packages/scipy/interpolate/_rgi_cython.cpython-311-x86_64-linux-gnu.so
7fd059c56000-7fd059c57000 r--p 00035000 00:19d 126756728877              /mnt/primary/conda-envs/semantic_uncertainty_export/lib/python3.11/site-packages/scipy/interpolate/_rgi_cython.cpython-311-x86_64-linux-gnu.so
7fd059c57000-7fd059c5b000 rw-p 00036000 00:19d 126756728877              /mnt/primary/conda-envs/semantic_uncertainty_export/lib/python3.11/site-packages/scipy/interpolate/_rgi_cython.cpython-311-x86_64-linux-gnu.so
7fd059c5b000-7fd059c5f000 r--p 00000000 00:19d 126726910078              /mnt/primary/conda-envs/semantic_uncertainty_export/lib/python3.11/site-packages/scipy/interpolate/_rbfinterp_pythran.cpython-311-x86_64-linux-gnu.so
7fd059c5f000-7fd059c8b000 r-xp 00004000 00:19d 126726910078              /mnt/primary/conda-envs/semantic_uncertainty_export/lib/python3.11/site-packages/scipy/interpolate/_rbfinterp_pythran.cpython-311-x86_64-linux-gnu.so
7fd059c8b000-7fd059c91000 r--p 00030000 00:19d 126726910078              /mnt/primary/conda-envs/semantic_uncertainty_export/lib/python3.11/site-packages/scipy/interpolate/_rbfinterp_pythran.cpython-311-x86_64-linux-gnu.so
7fd059c91000-7fd059c92000 r--p 00035000 00:19d 126726910078              /mnt/primary/conda-envs/semantic_uncertainty_export/lib/python3.11/site-packages/scipy/interpolate/_rbfinterp_pythran.cpython-311-x86_64-linux-gnu.so
7fd059c92000-7fd059c93000 rw-p 00036000 00:19d 126726910078              /mnt/primary/conda-envs/semantic_uncertainty_export/lib/python3.11/site-packages/scipy/interpolate/_rbfinterp_pythran.cpython-311-x86_64-linux-gnu.so
7fd059c93000-7fd059c9b000 r--p 00000000 00:19d 126756728874              /mnt/primary/conda-envs/semantic_uncertainty_export/lib/python3.11/site-packages/scipy/interpolate/interpnd.cpython-311-x86_64-linux-gnu.so
7fd059c9b000-7fd059cdb000 r-xp 00008000 00:19d 126756728874              /mnt/primary/conda-envs/semantic_uncertainty_export/lib/python3.11/site-packages/scipy/interpolate/interpnd.cpython-311-x86_64-linux-gnu.so
7fd059cdb000-7fd059ce6000 r--p 00048000 00:19d 126756728874              /mnt/primary/conda-envs/semantic_uncertainty_export/lib/python3.11/site-packages/scipy/interpolate/interpnd.cpython-311-x86_64-linux-gnu.so
7fd059ce6000-7fd059ce7000 r--p 00052000 00:19d 126756728874              /mnt/primary/conda-envs/semantic_uncertainty_export/lib/python3.11/site-packages/scipy/interpolate/interpnd.cpython-311-x86_64-linux-gnu.so
7fd059ce7000-7fd059cec000 rw-p 00053000 00:19d 126756728874              /mnt/primary/conda-envs/semantic_uncertainty_export/lib/python3.11/site-packages/scipy/interpolate/interpnd.cpython-311-x86_64-linux-gnu.so
7fd059cec000-7fd059ced000 rw-p 00000000 00:00 0 
7fd059ced000-7fd059cf5000 r--p 00000000 00:19d 126756728871              /mnt/primary/conda-envs/semantic_uncertainty_export/lib/python3.11/site-packages/scipy/interpolate/_ppoly.cpython-311-x86_64-linux-gnu.so
7fd059cf5000-7fd059d34000 r-xp 00008000 00:19d 126756728871              /mnt/primary/conda-envs/semantic_uncertainty_export/lib/python3.11/site-packages/scipy/interpolate/_ppoly.cpython-311-x86_64-linux-gnu.so
7fd059d34000-7fd059d3d000 r--p 00047000 00:19d 126756728871              /mnt/primary/conda-envs/semantic_uncertainty_export/lib/python3.11/site-packages/scipy/interpolate/_ppoly.cpython-311-x86_64-linux-gnu.so
7fd059d3d000-7fd059d3e000 r--p 0004f000 00:19d 126756728871              /mnt/primary/conda-envs/semantic_uncertainty_export/lib/python3.11/site-packages/scipy/interpolate/_ppoly.cpython-311-x86_64-linux-gnu.so
7fd059d3e000-7fd059d44000 rw-p 00050000 00:19d 126756728871              /mnt/primary/conda-envs/semantic_uncertainty_export/lib/python3.11/site-packages/scipy/interpolate/_ppoly.cpython-311-x86_64-linux-gnu.so
7fd059d44000-7fd059d45000 rw-p 00000000 00:00 0 
7fd059d45000-7fd059d4c000 r--p 00000000 00:19d 126756728892              /mnt/primary/conda-envs/semantic_uncertainty_export/lib/python3.11/site-packages/scipy/interpolate/_bspl.cpython-311-x86_64-linux-gnu.so
7fd059d4c000-7fd059d80000 r-xp 00007000 00:19d 126756728892              /mnt/primary/conda-envs/semantic_uncertainty_export/lib/python3.11/site-packages/scipy/interpolate/_bspl.cpython-311-x86_64-linux-gnu.so
7fd059d80000-7fd059d89000 r--p 0003b000 00:19d 126756728892              /mnt/primary/conda-envs/semantic_uncertainty_export/lib/python3.11/site-packages/scipy/interpolate/_bspl.cpython-311-x86_64-linux-gnu.so
7fd059d89000-7fd059d8a000 r--p 00043000 00:19d 126756728892              /mnt/primary/conda-envs/semantic_uncertainty_export/lib/python3.11/site-packages/scipy/interpolate/_bspl.cpython-311-x86_64-linux-gnu.so
7fd059d8a000-7fd059d90000 rw-p 00044000 00:19d 126756728892              /mnt/primary/conda-envs/semantic_uncertainty_export/lib/python3.11/site-packages/scipy/interpolate/_bspl.cpython-311-x86_64-linux-gnu.so
7fd059d90000-7fd059d91000 rw-p 00000000 00:00 0 
7fd059d91000-7fd059d95000 r--p 00000000 00:19d 126756728880              /mnt/primary/conda-envs/semantic_uncertainty_export/lib/python3.11/site-packages/scipy/interpolate/dfitpack.cpython-311-x86_64-linux-gnu.so
7fd059d95000-7fd059dd1000 r-xp 00004000 00:19d 126756728880              /mnt/primary/conda-envs/semantic_uncertainty_export/lib/python3.11/site-packages/scipy/interpolate/dfitpack.cpython-311-x86_64-linux-gnu.so
7fd059dd1000-7fd059ddc000 r--p 00040000 00:19d 126756728880              /mnt/primary/conda-envs/semantic_uncertainty_export/lib/python3.11/site-packages/scipy/interpolate/dfitpack.cpython-311-x86_64-linux-gnu.so
7fd059ddc000-7fd059ddd000 ---p 0004b000 00:19d 126756728880              /mnt/primary/conda-envs/semantic_uncertainty_export/lib/python3.11/site-packages/scipy/interpolate/dfitpack.cpython-311-x86_64-linux-gnu.so
7fd059ddd000-7fd059dde000 r--p 0004b000 00:19d 126756728880              /mnt/primary/conda-envs/semantic_uncertainty_export/lib/python3.11/site-packages/scipy/interpolate/dfitpack.cpython-311-x86_64-linux-gnu.so
7fd059dde000-7fd059de6000 rw-p 0004c000 00:19d 126756728880              /mnt/primary/conda-envs/semantic_uncertainty_export/lib/python3.11/site-packages/scipy/interpolate/dfitpack.cpython-311-x86_64-linux-gnu.so
7fd059de6000-7fd059de8000 rw-p 00057000 00:19d 126756728880              /mnt/primary/conda-envs/semantic_uncertainty_export/lib/python3.11/site-packages/scipy/interpolate/dfitpack.cpython-311-x86_64-linux-gnu.so
7fd059de8000-7fd059de9000 r--p 00000000 00:19d 126756728894              /mnt/primary/conda-envs/semantic_uncertainty_export/lib/python3.11/site-packages/scipy/interpolate/_fitpack.cpython-311-x86_64-linux-gnu.so
7fd059de9000-7fd059dfa000 r-xp 00001000 00:19d 126756728894              /mnt/primary/conda-envs/semantic_uncertainty_export/lib/python3.11/site-packages/scipy/interpolate/_fitpack.cpython-311-x86_64-linux-gnu.so
7fd059dfa000-7fd059dfc000 r--p 00012000 00:19d 126756728894              /mnt/primary/conda-envs/semantic_uncertainty_export/lib/python3.11/site-packages/scipy/interpolate/_fitpack.cpython-311-x86_64-linux-gnu.so
7fd059dfc000-7fd059dfd000 r--p 00013000 00:19d 126756728894              /mnt/primary/conda-envs/semantic_uncertainty_export/lib/python3.11/site-packages/scipy/interpolate/_fitpack.cpython-311-x86_64-linux-gnu.so
7fd059dfd000-7fd059dfe000 rw-p 00014000 00:19d 126756728894              /mnt/primary/conda-envs/semantic_uncertainty_export/lib/python3.11/site-packages/scipy/interpolate/_fitpack.cpython-311-x86_64-linux-gnu.so
7fd059dfe000-7fd059e00000 rw-p 00016000 00:19d 126756728894              /mnt/primary/conda-envs/semantic_uncertainty_export/lib/python3.11/site-packages/scipy/interpolate/_fitpack.cpython-311-x86_64-linux-gnu.so
7fd059e00000-7fd05be00000 rw-p 00000000 00:00 0 
7fd05be01000-7fd05be05000 r--p 00000000 00:19d 45438355996               /mnt/primary/conda-envs/semantic_uncertainty_export/lib/python3.11/lib-dynload/_elementtree.cpython-311-x86_64-linux-gnu.so
7fd05be05000-7fd05be0e000 r-xp 00004000 00:19d 45438355996               /mnt/primary/conda-envs/semantic_uncertainty_export/lib/python3.11/lib-dynload/_elementtree.cpython-311-x86_64-linux-gnu.so
7fd05be0e000-7fd05be12000 r--p 0000d000 00:19d 45438355996               /mnt/primary/conda-envs/semantic_uncertainty_export/lib/python3.11/lib-dynload/_elementtree.cpython-311-x86_64-linux-gnu.so
7fd05be12000-7fd05be13000 r--p 00010000 00:19d 45438355996               /mnt/primary/conda-envs/semantic_uncertainty_export/lib/python3.11/lib-dynload/_elementtree.cpython-311-x86_64-linux-gnu.so
7fd05be13000-7fd05be15000 rw-p 00011000 00:19d 45438355996               /mnt/primary/conda-envs/semantic_uncertainty_export/lib/python3.11/lib-dynload/_elementtree.cpython-311-x86_64-linux-gnu.so
7fd05be15000-7fd05bf15000 rw-p 00000000 00:00 0 
7fd05bf15000-7fd05bf18000 r--p 00000000 00:19d 81808996386               /mnt/primary/conda-envs/semantic_uncertainty_export/lib/python3.11/site-packages/scipy/stats/_boost/invgauss_ufunc.cpython-311-x86_64-linux-gnu.so
7fd05bf18000-7fd05bf31000 r-xp 00003000 00:19d 81808996386               /mnt/primary/conda-envs/semantic_uncertainty_export/lib/python3.11/site-packages/scipy/stats/_boost/invgauss_ufunc.cpython-311-x86_64-linux-gnu.so
7fd05bf31000-7fd05bf36000 r--p 0001c000 00:19d 81808996386               /mnt/primary/conda-envs/semantic_uncertainty_export/lib/python3.11/site-packages/scipy/stats/_boost/invgauss_ufunc.cpython-311-x86_64-linux-gnu.so
7fd05bf36000-7fd05bf37000 r--p 00020000 00:19d 81808996386               /mnt/primary/conda-envs/semantic_uncertainty_export/lib/python3.11/site-packages/scipy/stats/_boost/invgauss_ufunc.cpython-311-x86_64-linux-gnu.so
7fd05bf37000-7fd05bf38000 rw-p 00021000 00:19d 81808996386               /mnt/primary/conda-envs/semantic_uncertainty_export/lib/python3.11/site-packages/scipy/stats/_boost/invgauss_ufunc.cpython-311-x86_64-linux-gnu.so
7fd05bf38000-7fd05bf3b000 r--p 00000000 00:19d 81808996380               /mnt/primary/conda-envs/semantic_uncertainty_export/lib/python3.11/site-packages/scipy/stats/_boost/skewnorm_ufunc.cpython-311-x86_64-linux-gnu.so
7fd05bf3b000-7fd05bf49000 r-xp 00003000 00:19d 81808996380               /mnt/primary/conda-envs/semantic_uncertainty_export/lib/python3.11/site-packages/scipy/stats/_boost/skewnorm_ufunc.cpython-311-x86_64-linux-gnu.so
7fd05bf49000-7fd05bf4c000 r--p 00011000 00:19d 81808996380               /mnt/primary/conda-envs/semantic_uncertainty_export/lib/python3.11/site-packages/scipy/stats/_boost/skewnorm_ufunc.cpython-311-x86_64-linux-gnu.so
7fd05bf4c000-7fd05bf4d000 r--p 00013000 00:19d 81808996380               /mnt/primary/conda-envs/semantic_uncertainty_export/lib/python3.11/site-packages/scipy/stats/_boost/skewnorm_ufunc.cpython-311-x86_64-linux-gnu.so
7fd05bf4d000-7fd05bf4e000 rw-p 00014000 00:19d 81808996380               /mnt/primary/conda-envs/semantic_uncertainty_export/lib/python3.11/site-packages/scipy/stats/_boost/skewnorm_ufunc.cpython-311-x86_64-linux-gnu.so
7fd05bf4e000-7fd05bf51000 r--p 00000000 00:19d 81808996383               /mnt/primary/conda-envs/semantic_uncertainty_export/lib/python3.11/site-packages/scipy/stats/_boost/nct_ufunc.cpython-311-x86_64-linux-gnu.so
7fd05bf51000-7fd05bf76000 r-xp 00003000 00:19d 81808996383               /mnt/primary/conda-envs/semantic_uncertainty_export/lib/python3.11/site-packages/scipy/stats/_boost/nct_ufunc.cpython-311-x86_64-linux-gnu.so
7fd05bf76000-7fd05bf7b000 r--p 00028000 00:19d 81808996383               /mnt/primary/conda-envs/semantic_uncertainty_export/lib/python3.11/site-packages/scipy/stats/_boost/nct_ufunc.cpython-311-x86_64-linux-gnu.so
7fd05bf7b000-7fd05bf7c000 r--p 0002c000 00:19d 81808996383               /mnt/primary/conda-envs/semantic_uncertainty_export/lib/python3.11/site-packages/scipy/stats/_boost/nct_ufunc.cpython-311-x86_64-linux-gnu.so
7fd05bf7c000-7fd05bf7d000 rw-p 0002d000 00:19d 81808996383               /mnt/primary/conda-envs/semantic_uncertainty_export/lib/python3.11/site-packages/scipy/stats/_boost/nct_ufunc.cpython-311-x86_64-linux-gnu.so
7fd05bf7d000-7fd05bf80000 r--p 00000000 00:19d 81808996382               /mnt/primary/conda-envs/semantic_uncertainty_export/lib/python3.11/site-packages/scipy/stats/_boost/ncx2_ufunc.cpython-311-x86_64-linux-gnu.so
7fd05bf80000-7fd05bf9a000 r-xp 00003000 00:19d 81808996382               /mnt/primary/conda-envs/semantic_uncertainty_export/lib/python3.11/site-packages/scipy/stats/_boost/ncx2_ufunc.cpython-311-x86_64-linux-gnu.so
7fd05bf9a000-7fd05bf9f000 r--p 0001d000 00:19d 81808996382               /mnt/primary/conda-envs/semantic_uncertainty_export/lib/python3.11/site-packages/scipy/stats/_boost/ncx2_ufunc.cpython-311-x86_64-linux-gnu.so
7fd05bf9f000-7fd05bfa0000 r--p 00021000 00:19d 81808996382               /mnt/primary/conda-envs/semantic_uncertainty_export/lib/python3.11/site-packages/scipy/stats/_boost/ncx2_ufunc.cpython-311-x86_64-linux-gnu.so
7fd05bfa0000-7fd05bfa1000 rw-p 00022000 00:19d 81808996382               /mnt/primary/conda-envs/semantic_uncertainty_export/lib/python3.11/site-packages/scipy/stats/_boost/ncx2_ufunc.cpython-311-x86_64-linux-gnu.so
7fd05bfa1000-7fd05bfa4000 r--p 00000000 00:19d 81808996377               /mnt/primary/conda-envs/semantic_uncertainty_export/lib/python3.11/site-packages/scipy/stats/_boost/ncf_ufunc.cpython-311-x86_64-linux-gnu.so
7fd05bfa4000-7fd05bfbe000 r-xp 00003000 00:19d 81808996377               /mnt/primary/conda-envs/semantic_uncertainty_export/lib/python3.11/site-packages/scipy/stats/_boost/ncf_ufunc.cpython-311-x86_64-linux-gnu.so
7fd05bfbe000-7fd05bfc2000 r--p 0001d000 00:19d 81808996377               /mnt/primary/conda-envs/semantic_uncertainty_export/lib/python3.11/site-packages/scipy/stats/_boost/ncf_ufunc.cpython-311-x86_64-linux-gnu.so
7fd05bfc2000-7fd05bfc3000 ---p 00021000 00:19d 81808996377               /mnt/primary/conda-envs/semantic_uncertainty_export/lib/python3.11/site-packages/scipy/stats/_boost/ncf_ufunc.cpython-311-x86_64-linux-gnu.so
7fd05bfc3000-7fd05bfc4000 r--p 00021000 00:19d 81808996377               /mnt/primary/conda-envs/semantic_uncertainty_export/lib/python3.11/site-packages/scipy/stats/_boost/ncf_ufunc.cpython-311-x86_64-linux-gnu.so
7fd05bfc4000-7fd05bfc5000 rw-p 00022000 00:19d 81808996377               /mnt/primary/conda-envs/semantic_uncertainty_export/lib/python3.11/site-packages/scipy/stats/_boost/ncf_ufunc.cpython-311-x86_64-linux-gnu.so
7fd05bfc5000-7fd05bfc8000 r--p 00000000 00:19d 81808996381               /mnt/primary/conda-envs/semantic_uncertainty_export/lib/python3.11/site-packages/scipy/stats/_boost/hypergeom_ufunc.cpython-311-x86_64-linux-gnu.so
7fd05bfc8000-7fd05bfd2000 r-xp 00003000 00:19d 81808996381               /mnt/primary/conda-envs/semantic_uncertainty_export/lib/python3.11/site-packages/scipy/stats/_boost/hypergeom_ufunc.cpython-311-x86_64-linux-gnu.so
7fd05bfd2000-7fd05bfda000 r--p 0000d000 00:19d 81808996381               /mnt/primary/conda-envs/semantic_uncertainty_export/lib/python3.11/site-packages/scipy/stats/_boost/hypergeom_ufunc.cpython-311-x86_64-linux-gnu.so
7fd05bfda000-7fd05bfdb000 r--p 00014000 00:19d 81808996381               /mnt/primary/conda-envs/semantic_uncertainty_export/lib/python3.11/site-packages/scipy/stats/_boost/hypergeom_ufunc.cpython-311-x86_64-linux-gnu.so
7fd05bfdb000-7fd05bfdc000 rw-p 00015000 00:19d 81808996381               /mnt/primary/conda-envs/semantic_uncertainty_export/lib/python3.11/site-packages/scipy/stats/_boost/hypergeom_ufunc.cpython-311-x86_64-linux-gnu.so
7fd05bfdc000-7fd05bfdf000 r--p 00000000 00:19d 81808996379               /mnt/primary/conda-envs/semantic_uncertainty_export/lib/python3.11/site-packages/scipy/stats/_boost/nbinom_ufunc.cpython-311-x86_64-linux-gnu.so
7fd05bfdf000-7fd05bff9000 r-xp 00003000 00:19d 81808996379               /mnt/primary/conda-envs/semantic_uncertainty_export/lib/python3.11/site-packages/scipy/stats/_boost/nbinom_ufunc.cpython-311-x86_64-linux-gnu.so
7fd05bff9000-7fd05bffe000 r--p 0001d000 00:19d 81808996379               /mnt/primary/conda-envs/semantic_uncertainty_export/lib/python3.11/site-packages/scipy/stats/_boost/nbinom_ufunc.cpython-311-x86_64-linux-gnu.so
7fd05bffe000-7fd05bfff000 r--p 00021000 00:19d 81808996379               /mnt/primary/conda-envs/semantic_uncertainty_export/lib/python3.11/site-packages/scipy/stats/_boost/nbinom_ufunc.cpython-311-x86_64-linux-gnu.so
7fd05bfff000-7fd05c000000 rw-p 00022000 00:19d 81808996379               /mnt/primary/conda-envs/semantic_uncertainty_export/lib/python3.11/site-packages/scipy/stats/_boost/nbinom_ufunc.cpython-311-x86_64-linux-gnu.so
7fd05c000000-7fd05c029000 rw-p 00000000 00:00 0 
7fd05c029000-7fd060000000 ---p 00000000 00:00 0 
7fd060001000-7fd060004000 r--p 00000000 00:19d 81808996378               /mnt/primary/conda-envs/semantic_uncertainty_export/lib/python3.11/site-packages/scipy/stats/_boost/binom_ufunc.cpython-311-x86_64-linux-gnu.so
7fd060004000-7fd06001f000 r-xp 00003000 00:19d 81808996378               /mnt/primary/conda-envs/semantic_uncertainty_export/lib/python3.11/site-packages/scipy/stats/_boost/binom_ufunc.cpython-311-x86_64-linux-gnu.so
7fd06001f000-7fd060024000 r--p 0001e000 00:19d 81808996378               /mnt/primary/conda-envs/semantic_uncertainty_export/lib/python3.11/site-packages/scipy/stats/_boost/binom_ufunc.cpython-311-x86_64-linux-gnu.so
7fd060024000-7fd060025000 r--p 00022000 00:19d 81808996378               /mnt/primary/conda-envs/semantic_uncertainty_export/lib/python3.11/site-packages/scipy/stats/_boost/binom_ufunc.cpython-311-x86_64-linux-gnu.so
7fd060025000-7fd060026000 rw-p 00023000 00:19d 81808996378               /mnt/primary/conda-envs/semantic_uncertainty_export/lib/python3.11/site-packages/scipy/stats/_boost/binom_ufunc.cpython-311-x86_64-linux-gnu.so
7fd060026000-7fd06002a000 r--p 00000000 00:19d 81808996384               /mnt/primary/conda-envs/semantic_uncertainty_export/lib/python3.11/site-packages/scipy/stats/_boost/beta_ufunc.cpython-311-x86_64-linux-gnu.so
7fd06002a000-7fd06004a000 r-xp 00004000 00:19d 81808996384               /mnt/primary/conda-envs/semantic_uncertainty_export/lib/python3.11/site-packages/scipy/stats/_boost/beta_ufunc.cpython-311-x86_64-linux-gnu.so
7fd06004a000-7fd060050000 r--p 00024000 00:19d 81808996384               /mnt/primary/conda-envs/semantic_uncertainty_export/lib/python3.11/site-packages/scipy/stats/_boost/beta_ufunc.cpython-311-x86_64-linux-gnu.so
7fd060050000-7fd060051000 r--p 00029000 00:19d 81808996384               /mnt/primary/conda-envs/semantic_uncertainty_export/lib/python3.11/site-packages/scipy/stats/_boost/beta_ufunc.cpython-311-x86_64-linux-gnu.so
7fd060051000-7fd060052000 rw-p 0002a000 00:19d 81808996384               /mnt/primary/conda-envs/semantic_uncertainty_export/lib/python3.11/site-packages/scipy/stats/_boost/beta_ufunc.cpython-311-x86_64-linux-gnu.so
7fd060052000-7fd060069000 r--p 00000000 00:19d 49458313760               /mnt/primary/conda-envs/semantic_uncertainty_export/lib/python3.11/site-packages/scipy/special/cython_special.cpython-311-x86_64-linux-gnu.so
7fd060069000-7fd06024b000 r-xp 00017000 00:19d 49458313760               /mnt/primary/conda-envs/semantic_uncertainty_export/lib/python3.11/site-packages/scipy/special/cython_special.cpython-311-x86_64-linux-gnu.so
7fd06024b000-7fd060288000 r--p 001f9000 00:19d 49458313760               /mnt/primary/conda-envs/semantic_uncertainty_export/lib/python3.11/site-packages/scipy/special/cython_special.cpython-311-x86_64-linux-gnu.so
7fd060288000-7fd060289000 r--p 00235000 00:19d 49458313760               /mnt/primary/conda-envs/semantic_uncertainty_export/lib/python3.11/site-packages/scipy/special/cython_special.cpython-311-x86_64-linux-gnu.so
7fd060289000-7fd06029b000 rw-p 00236000 00:19d 49458313760               /mnt/primary/conda-envs/semantic_uncertainty_export/lib/python3.11/site-packages/scipy/special/cython_special.cpython-311-x86_64-linux-gnu.so
7fd06029b000-7fd06029c000 rw-p 00000000 00:00 0 
7fd06029c000-7fd0602a0000 rw-p 002b3000 00:19d 49458313760               /mnt/primary/conda-envs/semantic_uncertainty_export/lib/python3.11/site-packages/scipy/special/cython_special.cpython-311-x86_64-linux-gnu.so
7fd0602a0000-7fd0602aa000 r--p 00000000 00:19d 73089433127               /mnt/primary/conda-envs/semantic_uncertainty_export/lib/python3.11/site-packages/scipy/stats/_stats.cpython-311-x86_64-linux-gnu.so
7fd0602aa000-7fd060328000 r-xp 0000a000 00:19d 73089433127               /mnt/primary/conda-envs/semantic_uncertainty_export/lib/python3.11/site-packages/scipy/stats/_stats.cpython-311-x86_64-linux-gnu.so
7fd060328000-7fd060335000 r--p 00088000 00:19d 73089433127               /mnt/primary/conda-envs/semantic_uncertainty_export/lib/python3.11/site-packages/scipy/stats/_stats.cpython-311-x86_64-linux-gnu.so
7fd060335000-7fd060336000 r--p 00094000 00:19d 73089433127               /mnt/primary/conda-envs/semantic_uncertainty_export/lib/python3.11/site-packages/scipy/stats/_stats.cpython-311-x86_64-linux-gnu.so
7fd060336000-7fd06033d000 rw-p 00095000 00:19d 73089433127               /mnt/primary/conda-envs/semantic_uncertainty_export/lib/python3.11/site-packages/scipy/stats/_stats.cpython-311-x86_64-linux-gnu.so
7fd06033d000-7fd06043e000 rw-p 00000000 00:00 0 
7fd06043e000-7fd060441000 r--p 00000000 00:19d 64698545180               /mnt/primary/conda-envs/semantic_uncertainty_export/lib/python3.11/site-packages/scipy/integrate/_lsoda.cpython-311-x86_64-linux-gnu.so
7fd060441000-7fd06044e000 r-xp 00003000 00:19d 64698545180               /mnt/primary/conda-envs/semantic_uncertainty_export/lib/python3.11/site-packages/scipy/integrate/_lsoda.cpython-311-x86_64-linux-gnu.so
7fd06044e000-7fd060452000 r--p 00010000 00:19d 64698545180               /mnt/primary/conda-envs/semantic_uncertainty_export/lib/python3.11/site-packages/scipy/integrate/_lsoda.cpython-311-x86_64-linux-gnu.so
7fd060452000-7fd060453000 r--p 00013000 00:19d 64698545180               /mnt/primary/conda-envs/semantic_uncertainty_export/lib/python3.11/site-packages/scipy/integrate/_lsoda.cpython-311-x86_64-linux-gnu.so
7fd060453000-7fd060455000 rw-p 00014000 00:19d 64698545180               /mnt/primary/conda-envs/semantic_uncertainty_export/lib/python3.11/site-packages/scipy/integrate/_lsoda.cpython-311-x86_64-linux-gnu.so
7fd060455000-7fd060458000 rw-p 00018000 00:19d 64698545180               /mnt/primary/conda-envs/semantic_uncertainty_export/lib/python3.11/site-packages/scipy/integrate/_lsoda.cpython-311-x86_64-linux-gnu.so
7fd060458000-7fd06045b000 r--p 00000000 00:19d 64698545185               /mnt/primary/conda-envs/semantic_uncertainty_export/lib/python3.11/site-packages/scipy/integrate/_dop.cpython-311-x86_64-linux-gnu.so
7fd06045b000-7fd060469000 r-xp 00003000 00:19d 64698545185               /mnt/primary/conda-envs/semantic_uncertainty_export/lib/python3.11/site-packages/scipy/integrate/_dop.cpython-311-x86_64-linux-gnu.so
7fd060469000-7fd06046d000 r--p 00011000 00:19d 64698545185               /mnt/primary/conda-envs/semantic_uncertainty_export/lib/python3.11/site-packages/scipy/integrate/_dop.cpython-311-x86_64-linux-gnu.so
7fd06046d000-7fd06046e000 r--p 00014000 00:19d 64698545185               /mnt/primary/conda-envs/semantic_uncertainty_export/lib/python3.11/site-packages/scipy/integrate/_dop.cpython-311-x86_64-linux-gnu.so
7fd06046e000-7fd060470000 rw-p 00015000 00:19d 64698545185               /mnt/primary/conda-envs/semantic_uncertainty_export/lib/python3.11/site-packages/scipy/integrate/_dop.cpython-311-x86_64-linux-gnu.so
7fd060470000-7fd060473000 rw-p 00019000 00:19d 64698545185               /mnt/primary/conda-envs/semantic_uncertainty_export/lib/python3.11/site-packages/scipy/integrate/_dop.cpython-311-x86_64-linux-gnu.so
7fd060473000-7fd060476000 r--p 00000000 00:19d 64698545173               /mnt/primary/conda-envs/semantic_uncertainty_export/lib/python3.11/site-packages/scipy/integrate/_vode.cpython-311-x86_64-linux-gnu.so
7fd060476000-7fd06048e000 r-xp 00003000 00:19d 64698545173               /mnt/primary/conda-envs/semantic_uncertainty_export/lib/python3.11/site-packages/scipy/integrate/_vode.cpython-311-x86_64-linux-gnu.so
7fd06048e000-7fd060494000 r--p 0001b000 00:19d 64698545173               /mnt/primary/conda-envs/semantic_uncertainty_export/lib/python3.11/site-packages/scipy/integrate/_vode.cpython-311-x86_64-linux-gnu.so
7fd060494000-7fd060495000 r--p 00020000 00:19d 64698545173               /mnt/primary/conda-envs/semantic_uncertainty_export/lib/python3.11/site-packages/scipy/integrate/_vode.cpython-311-x86_64-linux-gnu.so
7fd060495000-7fd060497000 rw-p 00021000 00:19d 64698545173               /mnt/primary/conda-envs/semantic_uncertainty_export/lib/python3.11/site-packages/scipy/integrate/_vode.cpython-311-x86_64-linux-gnu.so
7fd060497000-7fd06049a000 rw-p 00026000 00:19d 64698545173               /mnt/primary/conda-envs/semantic_uncertainty_export/lib/python3.11/site-packages/scipy/integrate/_vode.cpython-311-x86_64-linux-gnu.so
7fd06049a000-7fd06059a000 rw-p 00000000 00:00 0 
7fd06059a000-7fd0605a9000 r--p 00000000 00:19d 109564600854              /mnt/primary/conda-envs/semantic_uncertainty_export/lib/python3.11/site-packages/scipy/optimize/_highs/_highs_wrapper.cpython-311-x86_64-linux-gnu.so
7fd0605a9000-7fd060889000 r-xp 0000f000 00:19d 109564600854              /mnt/primary/conda-envs/semantic_uncertainty_export/lib/python3.11/site-packages/scipy/optimize/_highs/_highs_wrapper.cpython-311-x86_64-linux-gnu.so
7fd060889000-7fd0608f2000 r--p 002ef000 00:19d 109564600854              /mnt/primary/conda-envs/semantic_uncertainty_export/lib/python3.11/site-packages/scipy/optimize/_highs/_highs_wrapper.cpython-311-x86_64-linux-gnu.so
7fd0608f2000-7fd0608f3000 ---p 00358000 00:19d 109564600854              /mnt/primary/conda-envs/semantic_uncertainty_export/lib/python3.11/site-packages/scipy/optimize/_highs/_highs_wrapper.cpython-311-x86_64-linux-gnu.so
7fd0608f3000-7fd0608f5000 r--p 00358000 00:19d 109564600854              /mnt/primary/conda-envs/semantic_uncertainty_export/lib/python3.11/site-packages/scipy/optimize/_highs/_highs_wrapper.cpython-311-x86_64-linux-gnu.so
7fd0608f5000-7fd0608fc000 rw-p 0035a000 00:19d 109564600854              /mnt/primary/conda-envs/semantic_uncertainty_export/lib/python3.11/site-packages/scipy/optimize/_highs/_highs_wrapper.cpython-311-x86_64-linux-gnu.so
7fd0608fc000-7fd060a00000 rw-p 00000000 00:00 0 
7fd060a00000-7fd060a01000 ---p 00000000 00:00 0 
7fd060a01000-7fd061201000 rw-p 00000000 00:00 0 
7fd061201000-7fd061203000 r--p 00000000 00:19d 64698545177               /mnt/primary/conda-envs/semantic_uncertainty_export/lib/python3.11/site-packages/scipy/integrate/_quadpack.cpython-311-x86_64-linux-gnu.so
7fd061203000-7fd061216000 r-xp 00002000 00:19d 64698545177               /mnt/primary/conda-envs/semantic_uncertainty_export/lib/python3.11/site-packages/scipy/integrate/_quadpack.cpython-311-x86_64-linux-gnu.so
7fd061216000-7fd061219000 r--p 00015000 00:19d 64698545177               /mnt/primary/conda-envs/semantic_uncertainty_export/lib/python3.11/site-packages/scipy/integrate/_quadpack.cpython-311-x86_64-linux-gnu.so
7fd061219000-7fd06121a000 r--p 00017000 00:19d 64698545177               /mnt/primary/conda-envs/semantic_uncertainty_export/lib/python3.11/site-packages/scipy/integrate/_quadpack.cpython-311-x86_64-linux-gnu.so
7fd06121a000-7fd06121b000 rw-p 00018000 00:19d 64698545177               /mnt/primary/conda-envs/semantic_uncertainty_export/lib/python3.11/site-packages/scipy/integrate/_quadpack.cpython-311-x86_64-linux-gnu.so
7fd06121b000-7fd06121d000 rw-p 0001b000 00:19d 64698545177               /mnt/primary/conda-envs/semantic_uncertainty_export/lib/python3.11/site-packages/scipy/integrate/_quadpack.cpython-311-x86_64-linux-gnu.so
7fd06121d000-7fd061224000 r--p 00000000 00:19d 98787428881               /mnt/primary/conda-envs/semantic_uncertainty_export/lib/python3.11/site-packages/scipy/optimize/_bglu_dense.cpython-311-x86_64-linux-gnu.so
7fd061224000-7fd061256000 r-xp 00007000 00:19d 98787428881               /mnt/primary/conda-envs/semantic_uncertainty_export/lib/python3.11/site-packages/scipy/optimize/_bglu_dense.cpython-311-x86_64-linux-gnu.so
7fd061256000-7fd06125f000 r--p 00039000 00:19d 98787428881               /mnt/primary/conda-envs/semantic_uncertainty_export/lib/python3.11/site-packages/scipy/optimize/_bglu_dense.cpython-311-x86_64-linux-gnu.so
7fd06125f000-7fd061260000 r--p 00041000 00:19d 98787428881               /mnt/primary/conda-envs/semantic_uncertainty_export/lib/python3.11/site-packages/scipy/optimize/_bglu_dense.cpython-311-x86_64-linux-gnu.so
7fd061260000-7fd061265000 rw-p 00042000 00:19d 98787428881               /mnt/primary/conda-envs/semantic_uncertainty_export/lib/python3.11/site-packages/scipy/optimize/_bglu_dense.cpython-311-x86_64-linux-gnu.so
7fd061265000-7fd06126b000 r--p 00000000 00:19d 19514561043               /mnt/primary/conda-envs/semantic_uncertainty_export/lib/python3.11/site-packages/scipy/linalg/_interpolative.cpython-311-x86_64-linux-gnu.so
7fd06126b000-7fd0612ae000 r-xp 00006000 00:19d 19514561043               /mnt/primary/conda-envs/semantic_uncertainty_export/lib/python3.11/site-packages/scipy/linalg/_interpolative.cpython-311-x86_64-linux-gnu.so
7fd0612ae000-7fd0612c0000 r--p 00049000 00:19d 19514561043               /mnt/primary/conda-envs/semantic_uncertainty_export/lib/python3.11/site-packages/scipy/linalg/_interpolative.cpython-311-x86_64-linux-gnu.so
7fd0612c0000-7fd0612c1000 r--p 0005a000 00:19d 19514561043               /mnt/primary/conda-envs/semantic_uncertainty_export/lib/python3.11/site-packages/scipy/linalg/_interpolative.cpython-311-x86_64-linux-gnu.so
7fd0612c1000-7fd0612d1000 rw-p 0005b000 00:19d 19514561043               /mnt/primary/conda-envs/semantic_uncertainty_export/lib/python3.11/site-packages/scipy/linalg/_interpolative.cpython-311-x86_64-linux-gnu.so
7fd0612d1000-7fd0612d4000 rw-p 00072000 00:19d 19514561043               /mnt/primary/conda-envs/semantic_uncertainty_export/lib/python3.11/site-packages/scipy/linalg/_interpolative.cpython-311-x86_64-linux-gnu.so
7fd0612d4000-7fd0612d9000 r--p 00000000 00:19d 100942359064              /mnt/primary/conda-envs/semantic_uncertainty_export/lib/python3.11/site-packages/scipy/optimize/_lsq/givens_elimination.cpython-311-x86_64-linux-gnu.so
7fd0612d9000-7fd0612f6000 r-xp 00005000 00:19d 100942359064              /mnt/primary/conda-envs/semantic_uncertainty_export/lib/python3.11/site-packages/scipy/optimize/_lsq/givens_elimination.cpython-311-x86_64-linux-gnu.so
7fd0612f6000-7fd0612fc000 r--p 00022000 00:19d 100942359064              /mnt/primary/conda-envs/semantic_uncertainty_export/lib/python3.11/site-packages/scipy/optimize/_lsq/givens_elimination.cpython-311-x86_64-linux-gnu.so
7fd0612fc000-7fd0612fd000 r--p 00027000 00:19d 100942359064              /mnt/primary/conda-envs/semantic_uncertainty_export/lib/python3.11/site-packages/scipy/optimize/_lsq/givens_elimination.cpython-311-x86_64-linux-gnu.so
7fd0612fd000-7fd061300000 rw-p 00028000 00:19d 100942359064              /mnt/primary/conda-envs/semantic_uncertainty_export/lib/python3.11/site-packages/scipy/optimize/_lsq/givens_elimination.cpython-311-x86_64-linux-gnu.so
7fd061300000-7fd061400000 rw-p 00000000 00:00 0 
7fd061400000-7fd061401000 ---p 00000000 00:00 0 
7fd061401000-7fd061c01000 rw-p 00000000 00:00 0 
7fd061c06000-7fd061c08000 r--p 00000000 00:19d 64698545178               /mnt/primary/conda-envs/semantic_uncertainty_export/lib/python3.11/site-packages/scipy/integrate/_odepack.cpython-311-x86_64-linux-gnu.so
7fd061c08000-7fd061c13000 r-xp 00002000 00:19d 64698545178               /mnt/primary/conda-envs/semantic_uncertainty_export/lib/python3.11/site-packages/scipy/integrate/_odepack.cpython-311-x86_64-linux-gnu.so
7fd061c13000-7fd061c16000 r--p 0000d000 00:19d 64698545178               /mnt/primary/conda-envs/semantic_uncertainty_export/lib/python3.11/site-packages/scipy/integrate/_odepack.cpython-311-x86_64-linux-gnu.so
7fd061c16000-7fd061c17000 r--p 0000f000 00:19d 64698545178               /mnt/primary/conda-envs/semantic_uncertainty_export/lib/python3.11/site-packages/scipy/integrate/_odepack.cpython-311-x86_64-linux-gnu.so
7fd061c17000-7fd061c18000 rw-p 00010000 00:19d 64698545178               /mnt/primary/conda-envs/semantic_uncertainty_export/lib/python3.11/site-packages/scipy/integrate/_odepack.cpython-311-x86_64-linux-gnu.so
7fd061c18000-7fd061c1a000 rw-p 00013000 00:19d 64698545178               /mnt/primary/conda-envs/semantic_uncertainty_export/lib/python3.11/site-packages/scipy/integrate/_odepack.cpython-311-x86_64-linux-gnu.so
7fd061c1a000-7fd061c1c000 r--p 00000000 00:19d 98787428893               /mnt/primary/conda-envs/semantic_uncertainty_export/lib/python3.11/site-packages/scipy/optimize/_minpack.cpython-311-x86_64-linux-gnu.so
7fd061c1c000-7fd061c29000 r-xp 00002000 00:19d 98787428893               /mnt/primary/conda-envs/semantic_uncertainty_export/lib/python3.11/site-packages/scipy/optimize/_minpack.cpython-311-x86_64-linux-gnu.so
7fd061c29000-7fd061c2b000 r--p 0000f000 00:19d 98787428893               /mnt/primary/conda-envs/semantic_uncertainty_export/lib/python3.11/site-packages/scipy/optimize/_minpack.cpython-311-x86_64-linux-gnu.so
7fd061c2b000-7fd061c2c000 r--p 00010000 00:19d 98787428893               /mnt/primary/conda-envs/semantic_uncertainty_export/lib/python3.11/site-packages/scipy/optimize/_minpack.cpython-311-x86_64-linux-gnu.so
7fd061c2c000-7fd061c2d000 rw-p 00011000 00:19d 98787428893               /mnt/primary/conda-envs/semantic_uncertainty_export/lib/python3.11/site-packages/scipy/optimize/_minpack.cpython-311-x86_64-linux-gnu.so
7fd061c2d000-7fd061c2f000 r--p 00000000 00:19d 98787428883               /mnt/primary/conda-envs/semantic_uncertainty_export/lib/python3.11/site-packages/scipy/optimize/_slsqp.cpython-311-x86_64-linux-gnu.so
7fd061c2f000-7fd061c3b000 r-xp 00002000 00:19d 98787428883               /mnt/primary/conda-envs/semantic_uncertainty_export/lib/python3.11/site-packages/scipy/optimize/_slsqp.cpython-311-x86_64-linux-gnu.so
7fd061c3b000-7fd061c3e000 r--p 0000e000 00:19d 98787428883               /mnt/primary/conda-envs/semantic_uncertainty_export/lib/python3.11/site-packages/scipy/optimize/_slsqp.cpython-311-x86_64-linux-gnu.so
7fd061c3e000-7fd061c3f000 r--p 00010000 00:19d 98787428883               /mnt/primary/conda-envs/semantic_uncertainty_export/lib/python3.11/site-packages/scipy/optimize/_slsqp.cpython-311-x86_64-linux-gnu.so
7fd061c3f000-7fd061c40000 rw-p 00011000 00:19d 98787428883               /mnt/primary/conda-envs/semantic_uncertainty_export/lib/python3.11/site-packages/scipy/optimize/_slsqp.cpython-311-x86_64-linux-gnu.so
7fd061c40000-7fd061c44000 r--p 00000000 00:19d 98787351563               /mnt/primary/conda-envs/semantic_uncertainty_export/lib/python3.11/site-packages/scipy/optimize/_moduleTNC.cpython-311-x86_64-linux-gnu.so
7fd061c44000-7fd061c5a000 r-xp 00004000 00:19d 98787351563               /mnt/primary/conda-envs/semantic_uncertainty_export/lib/python3.11/site-packages/scipy/optimize/_moduleTNC.cpython-311-x86_64-linux-gnu.so
7fd061c5a000-7fd061c5d000 r--p 0001a000 00:19d 98787351563               /mnt/primary/conda-envs/semantic_uncertainty_export/lib/python3.11/site-packages/scipy/optimize/_moduleTNC.cpython-311-x86_64-linux-gnu.so
7fd061c5d000-7fd061c5e000 r--p 0001c000 00:19d 98787351563               /mnt/primary/conda-envs/semantic_uncertainty_export/lib/python3.11/site-packages/scipy/optimize/_moduleTNC.cpython-311-x86_64-linux-gnu.so
7fd061c5e000-7fd061c60000 rw-p 0001d000 00:19d 98787351563               /mnt/primary/conda-envs/semantic_uncertainty_export/lib/python3.11/site-packages/scipy/optimize/_moduleTNC.cpython-311-x86_64-linux-gnu.so
7fd061c60000-7fd061c6a000 r--p 00000000 00:19d 45447825451               /mnt/primary/conda-envs/semantic_uncertainty_export/lib/python3.11/site-packages/scipy/spatial/transform/_rotation.cpython-311-x86_64-linux-gnu.so
7fd061c6a000-7fd061cd7000 r-xp 0000a000 00:19d 45447825451               /mnt/primary/conda-envs/semantic_uncertainty_export/lib/python3.11/site-packages/scipy/spatial/transform/_rotation.cpython-311-x86_64-linux-gnu.so
7fd061cd7000-7fd061cf0000 r--p 00077000 00:19d 45447825451               /mnt/primary/conda-envs/semantic_uncertainty_export/lib/python3.11/site-packages/scipy/spatial/transform/_rotation.cpython-311-x86_64-linux-gnu.so
7fd061cf0000-7fd061cf1000 r--p 0008f000 00:19d 45447825451               /mnt/primary/conda-envs/semantic_uncertainty_export/lib/python3.11/site-packages/scipy/spatial/transform/_rotation.cpython-311-x86_64-linux-gnu.so
7fd061cf1000-7fd061d03000 rw-p 00090000 00:19d 45447825451               /mnt/primary/conda-envs/semantic_uncertainty_export/lib/python3.11/site-packages/scipy/spatial/transform/_rotation.cpython-311-x86_64-linux-gnu.so
7fd061d03000-7fd061d05000 rw-p 00000000 00:00 0 
7fd061d05000-7fd061d0b000 r--p 00000000 00:19d 40842680353               /mnt/primary/conda-envs/semantic_uncertainty_export/lib/python3.11/site-packages/scipy/spatial/_distance_pybind.cpython-311-x86_64-linux-gnu.so
7fd061d0b000-7fd061d70000 r-xp 00006000 00:19d 40842680353               /mnt/primary/conda-envs/semantic_uncertainty_export/lib/python3.11/site-packages/scipy/spatial/_distance_pybind.cpython-311-x86_64-linux-gnu.so
7fd061d70000-7fd061d80000 r--p 0006b000 00:19d 40842680353               /mnt/primary/conda-envs/semantic_uncertainty_export/lib/python3.11/site-packages/scipy/spatial/_distance_pybind.cpython-311-x86_64-linux-gnu.so
7fd061d80000-7fd061d81000 ---p 0007b000 00:19d 40842680353               /mnt/primary/conda-envs/semantic_uncertainty_export/lib/python3.11/site-packages/scipy/spatial/_distance_pybind.cpython-311-x86_64-linux-gnu.so
7fd061d81000-7fd061d82000 r--p 0007b000 00:19d 40842680353               /mnt/primary/conda-envs/semantic_uncertainty_export/lib/python3.11/site-packages/scipy/spatial/_distance_pybind.cpython-311-x86_64-linux-gnu.so
7fd061d82000-7fd061d83000 rw-p 0007c000 00:19d 40842680353               /mnt/primary/conda-envs/semantic_uncertainty_export/lib/python3.11/site-packages/scipy/spatial/_distance_pybind.cpython-311-x86_64-linux-gnu.so
7fd061d83000-7fd061d86000 r--p 00000000 00:19d 49458313779               /mnt/primary/conda-envs/semantic_uncertainty_export/lib/python3.11/site-packages/scipy/special/_specfun.cpython-311-x86_64-linux-gnu.so
7fd061d86000-7fd061ded000 r-xp 00003000 00:19d 49458313779               /mnt/primary/conda-envs/semantic_uncertainty_export/lib/python3.11/site-packages/scipy/special/_specfun.cpython-311-x86_64-linux-gnu.so
7fd061ded000-7fd061df8000 r--p 0006a000 00:19d 49458313779               /mnt/primary/conda-envs/semantic_uncertainty_export/lib/python3.11/site-packages/scipy/special/_specfun.cpython-311-x86_64-linux-gnu.so
7fd061df8000-7fd061df9000 r--p 00074000 00:19d 49458313779               /mnt/primary/conda-envs/semantic_uncertainty_export/lib/python3.11/site-packages/scipy/special/_specfun.cpython-311-x86_64-linux-gnu.so
7fd061df9000-7fd061dfe000 rw-p 00075000 00:19d 49458313779               /mnt/primary/conda-envs/semantic_uncertainty_export/lib/python3.11/site-packages/scipy/special/_specfun.cpython-311-x86_64-linux-gnu.so
7fd061dfe000-7fd061e00000 rw-p 0007e000 00:19d 49458313779               /mnt/primary/conda-envs/semantic_uncertainty_export/lib/python3.11/site-packages/scipy/special/_specfun.cpython-311-x86_64-linux-gnu.so
7fd061e00000-7fd063e00000 rw-p 00000000 00:00 0 
7fd063e04000-7fd063e06000 r--p 00000000 00:19d 73087765047               /mnt/primary/conda-envs/semantic_uncertainty_export/lib/python3.11/site-packages/scipy/stats/_statlib.cpython-311-x86_64-linux-gnu.so
7fd063e06000-7fd063e0c000 r-xp 00002000 00:19d 73087765047               /mnt/primary/conda-envs/semantic_uncertainty_export/lib/python3.11/site-packages/scipy/stats/_statlib.cpython-311-x86_64-linux-gnu.so
7fd063e0c000-7fd063e0e000 r--p 00008000 00:19d 73087765047               /mnt/primary/conda-envs/semantic_uncertainty_export/lib/python3.11/site-packages/scipy/stats/_statlib.cpython-311-x86_64-linux-gnu.so
7fd063e0e000-7fd063e0f000 r--p 00009000 00:19d 73087765047               /mnt/primary/conda-envs/semantic_uncertainty_export/lib/python3.11/site-packages/scipy/stats/_statlib.cpython-311-x86_64-linux-gnu.so
7fd063e0f000-7fd063e10000 rw-p 0000a000 00:19d 73087765047               /mnt/primary/conda-envs/semantic_uncertainty_export/lib/python3.11/site-packages/scipy/stats/_statlib.cpython-311-x86_64-linux-gnu.so
7fd063e10000-7fd063e17000 r--p 00000000 00:19d 116031844998              /mnt/primary/conda-envs/semantic_uncertainty_export/lib/python3.11/site-packages/scipy/optimize/_trlib/_trlib.cpython-311-x86_64-linux-gnu.so
7fd063e17000-7fd063e4f000 r-xp 00007000 00:19d 116031844998              /mnt/primary/conda-envs/semantic_uncertainty_export/lib/python3.11/site-packages/scipy/optimize/_trlib/_trlib.cpython-311-x86_64-linux-gnu.so
7fd063e4f000-7fd063e58000 r--p 0003f000 00:19d 116031844998              /mnt/primary/conda-envs/semantic_uncertainty_export/lib/python3.11/site-packages/scipy/optimize/_trlib/_trlib.cpython-311-x86_64-linux-gnu.so
7fd063e58000-7fd063e59000 r--p 00047000 00:19d 116031844998              /mnt/primary/conda-envs/semantic_uncertainty_export/lib/python3.11/site-packages/scipy/optimize/_trlib/_trlib.cpython-311-x86_64-linux-gnu.so
7fd063e59000-7fd063e5d000 rw-p 00048000 00:19d 116031844998              /mnt/primary/conda-envs/semantic_uncertainty_export/lib/python3.11/site-packages/scipy/optimize/_trlib/_trlib.cpython-311-x86_64-linux-gnu.so
7fd063e5d000-7fd063e5e000 rw-p 00000000 00:00 0 
7fd063e5e000-7fd063e61000 rw-p 00057000 00:19d 116031844998              /mnt/primary/conda-envs/semantic_uncertainty_export/lib/python3.11/site-packages/scipy/optimize/_trlib/_trlib.cpython-311-x86_64-linux-gnu.so
7fd063e61000-7fd063e6d000 r--p 00000000 00:19d 49458313787               /mnt/primary/conda-envs/semantic_uncertainty_export/lib/python3.11/site-packages/scipy/special/_ufuncs.cpython-311-x86_64-linux-gnu.so
7fd063e6d000-7fd063f73000 r-xp 0000c000 00:19d 49458313787               /mnt/primary/conda-envs/semantic_uncertainty_export/lib/python3.11/site-packages/scipy/special/_ufuncs.cpython-311-x86_64-linux-gnu.so
7fd063f73000-7fd063fe7000 r--p 00112000 00:19d 49458313787               /mnt/primary/conda-envs/semantic_uncertainty_export/lib/python3.11/site-packages/scipy/special/_ufuncs.cpython-311-x86_64-linux-gnu.so
7fd063fe7000-7fd063fe8000 ---p 00186000 00:19d 49458313787               /mnt/primary/conda-envs/semantic_uncertainty_export/lib/python3.11/site-packages/scipy/special/_ufuncs.cpython-311-x86_64-linux-gnu.so
7fd063fe8000-7fd063fe9000 r--p 00186000 00:19d 49458313787               /mnt/primary/conda-envs/semantic_uncertainty_export/lib/python3.11/site-packages/scipy/special/_ufuncs.cpython-311-x86_64-linux-gnu.so
7fd063fe9000-7fd063ff3000 rw-p 00187000 00:19d 49458313787               /mnt/primary/conda-envs/semantic_uncertainty_export/lib/python3.11/site-packages/scipy/special/_ufuncs.cpython-311-x86_64-linux-gnu.so
7fd063ff3000-7fd063ffc000 rw-p 00000000 00:00 0 
7fd063ffc000-7fd064000000 rw-p 001f4000 00:19d 49458313787               /mnt/primary/conda-envs/semantic_uncertainty_export/lib/python3.11/site-packages/scipy/special/_ufuncs.cpython-311-x86_64-linux-gnu.so
7fd064000000-7fd064027000 rw-p 00000000 00:00 0 
7fd064027000-7fd068000000 ---p 00000000 00:00 0 
7fd068001000-7fd068003000 r--p 00000000 00:19d 98787977275               /mnt/primary/conda-envs/semantic_uncertainty_export/lib/python3.11/site-packages/scipy/optimize/_cobyla.cpython-311-x86_64-linux-gnu.so
7fd068003000-7fd068010000 r-xp 00002000 00:19d 98787977275               /mnt/primary/conda-envs/semantic_uncertainty_export/lib/python3.11/site-packages/scipy/optimize/_cobyla.cpython-311-x86_64-linux-gnu.so
7fd068010000-7fd068013000 r--p 0000f000 00:19d 98787977275               /mnt/primary/conda-envs/semantic_uncertainty_export/lib/python3.11/site-packages/scipy/optimize/_cobyla.cpython-311-x86_64-linux-gnu.so
7fd068013000-7fd068014000 r--p 00011000 00:19d 98787977275               /mnt/primary/conda-envs/semantic_uncertainty_export/lib/python3.11/site-packages/scipy/optimize/_cobyla.cpython-311-x86_64-linux-gnu.so
7fd068014000-7fd068015000 rw-p 00012000 00:19d 98787977275               /mnt/primary/conda-envs/semantic_uncertainty_export/lib/python3.11/site-packages/scipy/optimize/_cobyla.cpython-311-x86_64-linux-gnu.so
7fd068015000-7fd068017000 rw-p 00016000 00:19d 98787977275               /mnt/primary/conda-envs/semantic_uncertainty_export/lib/python3.11/site-packages/scipy/optimize/_cobyla.cpython-311-x86_64-linux-gnu.so
7fd068017000-7fd068019000 r--p 00000000 00:19d 98787428911               /mnt/primary/conda-envs/semantic_uncertainty_export/lib/python3.11/site-packages/scipy/optimize/_lbfgsb.cpython-311-x86_64-linux-gnu.so
7fd068019000-7fd068029000 r-xp 00002000 00:19d 98787428911               /mnt/primary/conda-envs/semantic_uncertainty_export/lib/python3.11/site-packages/scipy/optimize/_lbfgsb.cpython-311-x86_64-linux-gnu.so
7fd068029000-7fd06802d000 r--p 00012000 00:19d 98787428911               /mnt/primary/conda-envs/semantic_uncertainty_export/lib/python3.11/site-packages/scipy/optimize/_lbfgsb.cpython-311-x86_64-linux-gnu.so
7fd06802d000-7fd06802e000 r--p 00015000 00:19d 98787428911               /mnt/primary/conda-envs/semantic_uncertainty_export/lib/python3.11/site-packages/scipy/optimize/_lbfgsb.cpython-311-x86_64-linux-gnu.so
7fd06802e000-7fd06802f000 rw-p 00016000 00:19d 98787428911               /mnt/primary/conda-envs/semantic_uncertainty_export/lib/python3.11/site-packages/scipy/optimize/_lbfgsb.cpython-311-x86_64-linux-gnu.so
7fd06802f000-7fd068031000 rw-p 0001a000 00:19d 98787428911               /mnt/primary/conda-envs/semantic_uncertainty_export/lib/python3.11/site-packages/scipy/optimize/_lbfgsb.cpython-311-x86_64-linux-gnu.so
7fd068031000-7fd068035000 r--p 00000000 00:19d 49458313772               /mnt/primary/conda-envs/semantic_uncertainty_export/lib/python3.11/site-packages/scipy/special/_ufuncs_cxx.cpython-311-x86_64-linux-gnu.so
7fd068035000-7fd06808f000 r-xp 00004000 00:19d 49458313772               /mnt/primary/conda-envs/semantic_uncertainty_export/lib/python3.11/site-packages/scipy/special/_ufuncs_cxx.cpython-311-x86_64-linux-gnu.so
7fd06808f000-7fd0680a1000 r--p 0005e000 00:19d 49458313772               /mnt/primary/conda-envs/semantic_uncertainty_export/lib/python3.11/site-packages/scipy/special/_ufuncs_cxx.cpython-311-x86_64-linux-gnu.so
7fd0680a1000-7fd0680a2000 r--p 0006f000 00:19d 49458313772               /mnt/primary/conda-envs/semantic_uncertainty_export/lib/python3.11/site-packages/scipy/special/_ufuncs_cxx.cpython-311-x86_64-linux-gnu.so
7fd0680a2000-7fd0680a3000 rw-p 00070000 00:19d 49458313772               /mnt/primary/conda-envs/semantic_uncertainty_export/lib/python3.11/site-packages/scipy/special/_ufuncs_cxx.cpython-311-x86_64-linux-gnu.so
7fd0680a3000-7fd0681a4000 rw-p 00000000 00:00 0 
7fd0681a4000-7fd0681ca000 r--p 00000000 00:19d 19514561027               /mnt/primary/conda-envs/semantic_uncertainty_export/lib/python3.11/site-packages/scipy/linalg/_flapack.cpython-311-x86_64-linux-gnu.so
7fd0681ca000-7fd0682c6000 r-xp 00026000 00:19d 19514561027               /mnt/primary/conda-envs/semantic_uncertainty_export/lib/python3.11/site-packages/scipy/linalg/_flapack.cpython-311-x86_64-linux-gnu.so
7fd0682c6000-7fd068332000 r--p 00122000 00:19d 19514561027               /mnt/primary/conda-envs/semantic_uncertainty_export/lib/python3.11/site-packages/scipy/linalg/_flapack.cpython-311-x86_64-linux-gnu.so
7fd068332000-7fd068333000 r--p 0018d000 00:19d 19514561027               /mnt/primary/conda-envs/semantic_uncertainty_export/lib/python3.11/site-packages/scipy/linalg/_flapack.cpython-311-x86_64-linux-gnu.so
7fd068333000-7fd0683bb000 rw-p 0018e000 00:19d 19514561027               /mnt/primary/conda-envs/semantic_uncertainty_export/lib/python3.11/site-packages/scipy/linalg/_flapack.cpython-311-x86_64-linux-gnu.so
7fd0683bb000-7fd0683c2000 rw-p 0022e000 00:19d 19514561027               /mnt/primary/conda-envs/semantic_uncertainty_export/lib/python3.11/site-packages/scipy/linalg/_flapack.cpython-311-x86_64-linux-gnu.so
7fd0683c2000-7fd0683c5000 r--p 00000000 00:19d 133230555182              /mnt/primary/conda-envs/semantic_uncertainty_export/lib/python3.11/site-packages/scipy/sparse/_sparsetools.cpython-311-x86_64-linux-gnu.so
7fd0683c5000-7fd06876d000 r-xp 00003000 00:19d 133230555182              /mnt/primary/conda-envs/semantic_uncertainty_export/lib/python3.11/site-packages/scipy/sparse/_sparsetools.cpython-311-x86_64-linux-gnu.so
7fd06876d000-7fd0687bd000 r--p 003ab000 00:19d 133230555182              /mnt/primary/conda-envs/semantic_uncertainty_export/lib/python3.11/site-packages/scipy/sparse/_sparsetools.cpython-311-x86_64-linux-gnu.so
7fd0687bd000-7fd0687be000 ---p 003fb000 00:19d 133230555182              /mnt/primary/conda-envs/semantic_uncertainty_export/lib/python3.11/site-packages/scipy/sparse/_sparsetools.cpython-311-x86_64-linux-gnu.so
7fd0687be000-7fd0687bf000 r--p 003fb000 00:19d 133230555182              /mnt/primary/conda-envs/semantic_uncertainty_export/lib/python3.11/site-packages/scipy/sparse/_sparsetools.cpython-311-x86_64-linux-gnu.so
7fd0687bf000-7fd0687c0000 rw-p 003fc000 00:19d 133230555182              /mnt/primary/conda-envs/semantic_uncertainty_export/lib/python3.11/site-packages/scipy/sparse/_sparsetools.cpython-311-x86_64-linux-gnu.so
7fd0687c0000-7fd0687ce000 r--p 00000000 00:19d 141832290850              /mnt/primary/conda-envs/semantic_uncertainty_export/lib/python3.11/site-packages/pandas/_libs/join.cpython-311-x86_64-linux-gnu.so
7fd0687ce000-7fd0689dd000 r-xp 0000e000 00:19d 141832290850              /mnt/primary/conda-envs/semantic_uncertainty_export/lib/python3.11/site-packages/pandas/_libs/join.cpython-311-x86_64-linux-gnu.so
7fd0689dd000-7fd0689f4000 r--p 0021d000 00:19d 141832290850              /mnt/primary/conda-envs/semantic_uncertainty_export/lib/python3.11/site-packages/pandas/_libs/join.cpython-311-x86_64-linux-gnu.so
7fd0689f4000-7fd0689f5000 r--p 00233000 00:19d 141832290850              /mnt/primary/conda-envs/semantic_uncertainty_export/lib/python3.11/site-packages/pandas/_libs/join.cpython-311-x86_64-linux-gnu.so
7fd0689f5000-7fd0689fd000 rw-p 00234000 00:19d 141832290850              /mnt/primary/conda-envs/semantic_uncertainty_export/lib/python3.11/site-packages/pandas/_libs/join.cpython-311-x86_64-linux-gnu.so
7fd0689fd000-7fd068a00000 rw-p 00000000 00:00 0 
7fd068a00000-7fd068a01000 ---p 00000000 00:00 0 
7fd068a01000-7fd069201000 rw-p 00000000 00:00 0 
7fd069201000-7fd069202000 r--p 00000000 00:19d 98787977270               /mnt/primary/conda-envs/semantic_uncertainty_export/lib/python3.11/site-packages/scipy/optimize/_direct.cpython-311-x86_64-linux-gnu.so
7fd069202000-7fd069208000 r-xp 00001000 00:19d 98787977270               /mnt/primary/conda-envs/semantic_uncertainty_export/lib/python3.11/site-packages/scipy/optimize/_direct.cpython-311-x86_64-linux-gnu.so
7fd069208000-7fd06920a000 r--p 00007000 00:19d 98787977270               /mnt/primary/conda-envs/semantic_uncertainty_export/lib/python3.11/site-packages/scipy/optimize/_direct.cpython-311-x86_64-linux-gnu.so
7fd06920a000-7fd06920b000 r--p 00008000 00:19d 98787977270               /mnt/primary/conda-envs/semantic_uncertainty_export/lib/python3.11/site-packages/scipy/optimize/_direct.cpython-311-x86_64-linux-gnu.so
7fd06920b000-7fd06920c000 rw-p 00009000 00:19d 98787977270               /mnt/primary/conda-envs/semantic_uncertainty_export/lib/python3.11/site-packages/scipy/optimize/_direct.cpython-311-x86_64-linux-gnu.so
7fd06920c000-7fd069213000 r--p 00000000 00:19d 26467592191               /mnt/primary/conda-envs/semantic_uncertainty_export/lib/python3.11/site-packages/scipy/ndimage/_ni_label.cpython-311-x86_64-linux-gnu.so
7fd069213000-7fd06924d000 r-xp 00007000 00:19d 26467592191               /mnt/primary/conda-envs/semantic_uncertainty_export/lib/python3.11/site-packages/scipy/ndimage/_ni_label.cpython-311-x86_64-linux-gnu.so
7fd06924d000-7fd069256000 r--p 00041000 00:19d 26467592191               /mnt/primary/conda-envs/semantic_uncertainty_export/lib/python3.11/site-packages/scipy/ndimage/_ni_label.cpython-311-x86_64-linux-gnu.so
7fd069256000-7fd069257000 r--p 00049000 00:19d 26467592191               /mnt/primary/conda-envs/semantic_uncertainty_export/lib/python3.11/site-packages/scipy/ndimage/_ni_label.cpython-311-x86_64-linux-gnu.so
7fd069257000-7fd06925b000 rw-p 0004a000 00:19d 26467592191               /mnt/primary/conda-envs/semantic_uncertainty_export/lib/python3.11/site-packages/scipy/ndimage/_ni_label.cpython-311-x86_64-linux-gnu.so
7fd06925b000-7fd06925c000 rw-p 00000000 00:00 0 
7fd06925c000-7fd069262000 r--p 00000000 00:19d 40842680345               /mnt/primary/conda-envs/semantic_uncertainty_export/lib/python3.11/site-packages/scipy/spatial/_hausdorff.cpython-311-x86_64-linux-gnu.so
7fd069262000-7fd069282000 r-xp 00006000 00:19d 40842680345               /mnt/primary/conda-envs/semantic_uncertainty_export/lib/python3.11/site-packages/scipy/spatial/_hausdorff.cpython-311-x86_64-linux-gnu.so
7fd069282000-7fd069288000 r--p 00026000 00:19d 40842680345               /mnt/primary/conda-envs/semantic_uncertainty_export/lib/python3.11/site-packages/scipy/spatial/_hausdorff.cpython-311-x86_64-linux-gnu.so
7fd069288000-7fd069289000 r--p 0002b000 00:19d 40842680345               /mnt/primary/conda-envs/semantic_uncertainty_export/lib/python3.11/site-packages/scipy/spatial/_hausdorff.cpython-311-x86_64-linux-gnu.so
7fd069289000-7fd06928c000 rw-p 0002c000 00:19d 40842680345               /mnt/primary/conda-envs/semantic_uncertainty_export/lib/python3.11/site-packages/scipy/spatial/_hausdorff.cpython-311-x86_64-linux-gnu.so
7fd06928c000-7fd069291000 r--p 00000000 00:19d 40842680341               /mnt/primary/conda-envs/semantic_uncertainty_export/lib/python3.11/site-packages/scipy/spatial/_voronoi.cpython-311-x86_64-linux-gnu.so
7fd069291000-7fd0692b0000 r-xp 00005000 00:19d 40842680341               /mnt/primary/conda-envs/semantic_uncertainty_export/lib/python3.11/site-packages/scipy/spatial/_voronoi.cpython-311-x86_64-linux-gnu.so
7fd0692b0000-7fd0692b6000 r--p 00024000 00:19d 40842680341               /mnt/primary/conda-envs/semantic_uncertainty_export/lib/python3.11/site-packages/scipy/spatial/_voronoi.cpython-311-x86_64-linux-gnu.so
7fd0692b6000-7fd0692b7000 r--p 00029000 00:19d 40842680341               /mnt/primary/conda-envs/semantic_uncertainty_export/lib/python3.11/site-packages/scipy/spatial/_voronoi.cpython-311-x86_64-linux-gnu.so
7fd0692b7000-7fd0692ba000 rw-p 0002a000 00:19d 40842680341               /mnt/primary/conda-envs/semantic_uncertainty_export/lib/python3.11/site-packages/scipy/spatial/_voronoi.cpython-311-x86_64-linux-gnu.so
7fd0692ba000-7fd0692c5000 r--p 00000000 00:19d 40842680355               /mnt/primary/conda-envs/semantic_uncertainty_export/lib/python3.11/site-packages/scipy/spatial/_qhull.cpython-311-x86_64-linux-gnu.so
7fd0692c5000-7fd06937a000 r-xp 0000b000 00:19d 40842680355               /mnt/primary/conda-envs/semantic_uncertainty_export/lib/python3.11/site-packages/scipy/spatial/_qhull.cpython-311-x86_64-linux-gnu.so
7fd06937a000-7fd0693ae000 r--p 000c0000 00:19d 40842680355               /mnt/primary/conda-envs/semantic_uncertainty_export/lib/python3.11/site-packages/scipy/spatial/_qhull.cpython-311-x86_64-linux-gnu.so
7fd0693ae000-7fd0693af000 r--p 000f3000 00:19d 40842680355               /mnt/primary/conda-envs/semantic_uncertainty_export/lib/python3.11/site-packages/scipy/spatial/_qhull.cpython-311-x86_64-linux-gnu.so
7fd0693af000-7fd0693b8000 rw-p 000f4000 00:19d 40842680355               /mnt/primary/conda-envs/semantic_uncertainty_export/lib/python3.11/site-packages/scipy/spatial/_qhull.cpython-311-x86_64-linux-gnu.so
7fd0693b8000-7fd0693b9000 rw-p 00000000 00:00 0 
7fd0693b9000-7fd0693be000 rw-p 00116000 00:19d 40842680355               /mnt/primary/conda-envs/semantic_uncertainty_export/lib/python3.11/site-packages/scipy/spatial/_qhull.cpython-311-x86_64-linux-gnu.so
7fd0693be000-7fd0693c5000 r--p 00000000 00:19d 163552721437              /mnt/primary/conda-envs/semantic_uncertainty_export/lib/python3.11/site-packages/scipy/sparse/csgraph/_reordering.cpython-311-x86_64-linux-gnu.so
7fd0693c5000-7fd0693f2000 r-xp 00007000 00:19d 163552721437              /mnt/primary/conda-envs/semantic_uncertainty_export/lib/python3.11/site-packages/scipy/sparse/csgraph/_reordering.cpython-311-x86_64-linux-gnu.so
7fd0693f2000-7fd0693fa000 r--p 00034000 00:19d 163552721437              /mnt/primary/conda-envs/semantic_uncertainty_export/lib/python3.11/site-packages/scipy/sparse/csgraph/_reordering.cpython-311-x86_64-linux-gnu.so
7fd0693fa000-7fd0693fb000 r--p 0003b000 00:19d 163552721437              /mnt/primary/conda-envs/semantic_uncertainty_export/lib/python3.11/site-packages/scipy/sparse/csgraph/_reordering.cpython-311-x86_64-linux-gnu.so
7fd0693fb000-7fd069400000 rw-p 0003c000 00:19d 163552721437              /mnt/primary/conda-envs/semantic_uncertainty_export/lib/python3.11/site-packages/scipy/sparse/csgraph/_reordering.cpython-311-x86_64-linux-gnu.so
7fd069400000-7fd069401000 ---p 00000000 00:00 0 
7fd069401000-7fd069c01000 rw-p 00000000 00:00 0 
7fd069c06000-7fd069c08000 r--p 00000000 00:19d 98787428872               /mnt/primary/conda-envs/semantic_uncertainty_export/lib/python3.11/site-packages/scipy/optimize/__nnls.cpython-311-x86_64-linux-gnu.so
7fd069c08000-7fd069c0d000 r-xp 00002000 00:19d 98787428872               /mnt/primary/conda-envs/semantic_uncertainty_export/lib/python3.11/site-packages/scipy/optimize/__nnls.cpython-311-x86_64-linux-gnu.so
7fd069c0d000-7fd069c0f000 r--p 00007000 00:19d 98787428872               /mnt/primary/conda-envs/semantic_uncertainty_export/lib/python3.11/site-packages/scipy/optimize/__nnls.cpython-311-x86_64-linux-gnu.so
7fd069c0f000-7fd069c10000 r--p 00008000 00:19d 98787428872               /mnt/primary/conda-envs/semantic_uncertainty_export/lib/python3.11/site-packages/scipy/optimize/__nnls.cpython-311-x86_64-linux-gnu.so
7fd069c10000-7fd069c11000 rw-p 00009000 00:19d 98787428872               /mnt/primary/conda-envs/semantic_uncertainty_export/lib/python3.11/site-packages/scipy/optimize/__nnls.cpython-311-x86_64-linux-gnu.so
7fd069c11000-7fd069c13000 rw-p 0000c000 00:19d 98787428872               /mnt/primary/conda-envs/semantic_uncertainty_export/lib/python3.11/site-packages/scipy/optimize/__nnls.cpython-311-x86_64-linux-gnu.so
7fd069c13000-7fd069c16000 r--p 00000000 00:19d 98787977279               /mnt/primary/conda-envs/semantic_uncertainty_export/lib/python3.11/site-packages/scipy/optimize/_group_columns.cpython-311-x86_64-linux-gnu.so
7fd069c16000-7fd069c22000 r-xp 00003000 00:19d 98787977279               /mnt/primary/conda-envs/semantic_uncertainty_export/lib/python3.11/site-packages/scipy/optimize/_group_columns.cpython-311-x86_64-linux-gnu.so
7fd069c22000-7fd069c25000 r--p 0000f000 00:19d 98787977279               /mnt/primary/conda-envs/semantic_uncertainty_export/lib/python3.11/site-packages/scipy/optimize/_group_columns.cpython-311-x86_64-linux-gnu.so
7fd069c25000-7fd069c26000 r--p 00011000 00:19d 98787977279               /mnt/primary/conda-envs/semantic_uncertainty_export/lib/python3.11/site-packages/scipy/optimize/_group_columns.cpython-311-x86_64-linux-gnu.so
7fd069c26000-7fd069c27000 rw-p 00012000 00:19d 98787977279               /mnt/primary/conda-envs/semantic_uncertainty_export/lib/python3.11/site-packages/scipy/optimize/_group_columns.cpython-311-x86_64-linux-gnu.so
7fd069c27000-7fd069c2d000 r--p 00000000 00:19d 163552721440              /mnt/primary/conda-envs/semantic_uncertainty_export/lib/python3.11/site-packages/scipy/sparse/csgraph/_matching.cpython-311-x86_64-linux-gnu.so
7fd069c2d000-7fd069c5d000 r-xp 00006000 00:19d 163552721440              /mnt/primary/conda-envs/semantic_uncertainty_export/lib/python3.11/site-packages/scipy/sparse/csgraph/_matching.cpython-311-x86_64-linux-gnu.so
7fd069c5d000-7fd069c66000 r--p 00036000 00:19d 163552721440              /mnt/primary/conda-envs/semantic_uncertainty_export/lib/python3.11/site-packages/scipy/sparse/csgraph/_matching.cpython-311-x86_64-linux-gnu.so
7fd069c66000-7fd069c67000 ---p 0003f000 00:19d 163552721440              /mnt/primary/conda-envs/semantic_uncertainty_export/lib/python3.11/site-packages/scipy/sparse/csgraph/_matching.cpython-311-x86_64-linux-gnu.so
7fd069c67000-7fd069c68000 r--p 0003f000 00:19d 163552721440              /mnt/primary/conda-envs/semantic_uncertainty_export/lib/python3.11/site-packages/scipy/sparse/csgraph/_matching.cpython-311-x86_64-linux-gnu.so
7fd069c68000-7fd069c6e000 rw-p 00040000 00:19d 163552721440              /mnt/primary/conda-envs/semantic_uncertainty_export/lib/python3.11/site-packages/scipy/sparse/csgraph/_matching.cpython-311-x86_64-linux-gnu.so
7fd069c6e000-7fd069c6f000 rw-p 00000000 00:00 0 
7fd069c6f000-7fd069c76000 r--p 00000000 00:19d 163552721436              /mnt/primary/conda-envs/semantic_uncertainty_export/lib/python3.11/site-packages/scipy/sparse/csgraph/_flow.cpython-311-x86_64-linux-gnu.so
7fd069c76000-7fd069ca5000 r-xp 00007000 00:19d 163552721436              /mnt/primary/conda-envs/semantic_uncertainty_export/lib/python3.11/site-packages/scipy/sparse/csgraph/_flow.cpython-311-x86_64-linux-gnu.so
7fd069ca5000-7fd069cae000 r--p 00036000 00:19d 163552721436              /mnt/primary/conda-envs/semantic_uncertainty_export/lib/python3.11/site-packages/scipy/sparse/csgraph/_flow.cpython-311-x86_64-linux-gnu.so
7fd069cae000-7fd069caf000 ---p 0003f000 00:19d 163552721436              /mnt/primary/conda-envs/semantic_uncertainty_export/lib/python3.11/site-packages/scipy/sparse/csgraph/_flow.cpython-311-x86_64-linux-gnu.so
7fd069caf000-7fd069cb0000 r--p 0003f000 00:19d 163552721436              /mnt/primary/conda-envs/semantic_uncertainty_export/lib/python3.11/site-packages/scipy/sparse/csgraph/_flow.cpython-311-x86_64-linux-gnu.so
7fd069cb0000-7fd069cb6000 rw-p 00040000 00:19d 163552721436              /mnt/primary/conda-envs/semantic_uncertainty_export/lib/python3.11/site-packages/scipy/sparse/csgraph/_flow.cpython-311-x86_64-linux-gnu.so
7fd069cb6000-7fd069cb7000 rw-p 00000000 00:00 0 
7fd069cb7000-7fd069cbd000 r--p 00000000 00:19d 163552721443              /mnt/primary/conda-envs/semantic_uncertainty_export/lib/python3.11/site-packages/scipy/sparse/csgraph/_min_spanning_tree.cpython-311-x86_64-linux-gnu.so
7fd069cbd000-7fd069cdf000 r-xp 00006000 00:19d 163552721443              /mnt/primary/conda-envs/semantic_uncertainty_export/lib/python3.11/site-packages/scipy/sparse/csgraph/_min_spanning_tree.cpython-311-x86_64-linux-gnu.so
7fd069cdf000-7fd069ce6000 r--p 00028000 00:19d 163552721443              /mnt/primary/conda-envs/semantic_uncertainty_export/lib/python3.11/site-packages/scipy/sparse/csgraph/_min_spanning_tree.cpython-311-x86_64-linux-gnu.so
7fd069ce6000-7fd069ce7000 r--p 0002e000 00:19d 163552721443              /mnt/primary/conda-envs/semantic_uncertainty_export/lib/python3.11/site-packages/scipy/sparse/csgraph/_min_spanning_tree.cpython-311-x86_64-linux-gnu.so
7fd069ce7000-7fd069ceb000 rw-p 0002f000 00:19d 163552721443              /mnt/primary/conda-envs/semantic_uncertainty_export/lib/python3.11/site-packages/scipy/sparse/csgraph/_min_spanning_tree.cpython-311-x86_64-linux-gnu.so
7fd069ceb000-7fd069cf3000 r--p 00000000 00:19d 163552721434              /mnt/primary/conda-envs/semantic_uncertainty_export/lib/python3.11/site-packages/scipy/sparse/csgraph/_traversal.cpython-311-x86_64-linux-gnu.so
7fd069cf3000-7fd069d56000 r-xp 00008000 00:19d 163552721434              /mnt/primary/conda-envs/semantic_uncertainty_export/lib/python3.11/site-packages/scipy/sparse/csgraph/_traversal.cpython-311-x86_64-linux-gnu.so
7fd069d56000-7fd069d63000 r--p 0006b000 00:19d 163552721434              /mnt/primary/conda-envs/semantic_uncertainty_export/lib/python3.11/site-packages/scipy/sparse/csgraph/_traversal.cpython-311-x86_64-linux-gnu.so
7fd069d63000-7fd069d64000 r--p 00077000 00:19d 163552721434              /mnt/primary/conda-envs/semantic_uncertainty_export/lib/python3.11/site-packages/scipy/sparse/csgraph/_traversal.cpython-311-x86_64-linux-gnu.so
7fd069d64000-7fd069d6b000 rw-p 00078000 00:19d 163552721434              /mnt/primary/conda-envs/semantic_uncertainty_export/lib/python3.11/site-packages/scipy/sparse/csgraph/_traversal.cpython-311-x86_64-linux-gnu.so
7fd069d6b000-7fd069d6c000 rw-p 00000000 00:00 0 
7fd069d6c000-7fd069d70000 r--p 00000000 00:19d 163552721433              /mnt/primary/conda-envs/semantic_uncertainty_export/lib/python3.11/site-packages/scipy/sparse/csgraph/_tools.cpython-311-x86_64-linux-gnu.so
7fd069d70000-7fd069d89000 r-xp 00004000 00:19d 163552721433              /mnt/primary/conda-envs/semantic_uncertainty_export/lib/python3.11/site-packages/scipy/sparse/csgraph/_tools.cpython-311-x86_64-linux-gnu.so
7fd069d89000-7fd069d8f000 r--p 0001d000 00:19d 163552721433              /mnt/primary/conda-envs/semantic_uncertainty_export/lib/python3.11/site-packages/scipy/sparse/csgraph/_tools.cpython-311-x86_64-linux-gnu.so
7fd069d8f000-7fd069d90000 ---p 00023000 00:19d 163552721433              /mnt/primary/conda-envs/semantic_uncertainty_export/lib/python3.11/site-packages/scipy/sparse/csgraph/_tools.cpython-311-x86_64-linux-gnu.so
7fd069d90000-7fd069d91000 r--p 00023000 00:19d 163552721433              /mnt/primary/conda-envs/semantic_uncertainty_export/lib/python3.11/site-packages/scipy/sparse/csgraph/_tools.cpython-311-x86_64-linux-gnu.so
7fd069d91000-7fd069d96000 rw-p 00024000 00:19d 163552721433              /mnt/primary/conda-envs/semantic_uncertainty_export/lib/python3.11/site-packages/scipy/sparse/csgraph/_tools.cpython-311-x86_64-linux-gnu.so
7fd069d96000-7fd069d9d000 r--p 00000000 00:19d 163552721435              /mnt/primary/conda-envs/semantic_uncertainty_export/lib/python3.11/site-packages/scipy/sparse/csgraph/_shortest_path.cpython-311-x86_64-linux-gnu.so
7fd069d9d000-7fd069de8000 r-xp 00007000 00:19d 163552721435              /mnt/primary/conda-envs/semantic_uncertainty_export/lib/python3.11/site-packages/scipy/sparse/csgraph/_shortest_path.cpython-311-x86_64-linux-gnu.so
7fd069de8000-7fd069df5000 r--p 00052000 00:19d 163552721435              /mnt/primary/conda-envs/semantic_uncertainty_export/lib/python3.11/site-packages/scipy/sparse/csgraph/_shortest_path.cpython-311-x86_64-linux-gnu.so
7fd069df5000-7fd069df6000 r--p 0005e000 00:19d 163552721435              /mnt/primary/conda-envs/semantic_uncertainty_export/lib/python3.11/site-packages/scipy/sparse/csgraph/_shortest_path.cpython-311-x86_64-linux-gnu.so
7fd069df6000-7fd069dff000 rw-p 0005f000 00:19d 163552721435              /mnt/primary/conda-envs/semantic_uncertainty_export/lib/python3.11/site-packages/scipy/sparse/csgraph/_shortest_path.cpython-311-x86_64-linux-gnu.so
7fd069dff000-7fd069e00000 rw-p 00000000 00:00 0 
7fd069e00000-7fd06be00000 rw-p 00000000 00:00 0 
7fd06be04000-7fd06be06000 r--p 00000000 00:19d 98787428892               /mnt/primary/conda-envs/semantic_uncertainty_export/lib/python3.11/site-packages/scipy/optimize/_minpack2.cpython-311-x86_64-linux-gnu.so
7fd06be06000-7fd06be0c000 r-xp 00002000 00:19d 98787428892               /mnt/primary/conda-envs/semantic_uncertainty_export/lib/python3.11/site-packages/scipy/optimize/_minpack2.cpython-311-x86_64-linux-gnu.so
7fd06be0c000-7fd06be0e000 r--p 00008000 00:19d 98787428892               /mnt/primary/conda-envs/semantic_uncertainty_export/lib/python3.11/site-packages/scipy/optimize/_minpack2.cpython-311-x86_64-linux-gnu.so
7fd06be0e000-7fd06be0f000 r--p 00009000 00:19d 98787428892               /mnt/primary/conda-envs/semantic_uncertainty_export/lib/python3.11/site-packages/scipy/optimize/_minpack2.cpython-311-x86_64-linux-gnu.so
7fd06be0f000-7fd06be10000 rw-p 0000a000 00:19d 98787428892               /mnt/primary/conda-envs/semantic_uncertainty_export/lib/python3.11/site-packages/scipy/optimize/_minpack2.cpython-311-x86_64-linux-gnu.so
7fd06be10000-7fd06be16000 r--p 00000000 00:19d 150478618165              /mnt/primary/conda-envs/semantic_uncertainty_export/lib/python3.11/site-packages/scipy/sparse/linalg/_eigen/arpack/_arpack.cpython-311-x86_64-linux-gnu.so
7fd06be16000-7fd06be62000 r-xp 00006000 00:19d 150478618165              /mnt/primary/conda-envs/semantic_uncertainty_export/lib/python3.11/site-packages/scipy/sparse/linalg/_eigen/arpack/_arpack.cpython-311-x86_64-linux-gnu.so
7fd06be62000-7fd06be72000 r--p 00052000 00:19d 150478618165              /mnt/primary/conda-envs/semantic_uncertainty_export/lib/python3.11/site-packages/scipy/sparse/linalg/_eigen/arpack/_arpack.cpython-311-x86_64-linux-gnu.so
7fd06be72000-7fd06be73000 r--p 00061000 00:19d 150478618165              /mnt/primary/conda-envs/semantic_uncertainty_export/lib/python3.11/site-packages/scipy/sparse/linalg/_eigen/arpack/_arpack.cpython-311-x86_64-linux-gnu.so
7fd06be73000-7fd06be7e000 rw-p 00062000 00:19d 150478618165              /mnt/primary/conda-envs/semantic_uncertainty_export/lib/python3.11/site-packages/scipy/sparse/linalg/_eigen/arpack/_arpack.cpython-311-x86_64-linux-gnu.so
7fd06be7e000-7fd06be7f000 rw-p 00000000 00:00 0 
7fd06be7f000-7fd06be82000 rw-p 00075000 00:19d 150478618165              /mnt/primary/conda-envs/semantic_uncertainty_export/lib/python3.11/site-packages/scipy/sparse/linalg/_eigen/arpack/_arpack.cpython-311-x86_64-linux-gnu.so
7fd06be82000-7fd06be85000 r--p 00000000 00:19d 137518709806              /mnt/primary/conda-envs/semantic_uncertainty_export/lib/python3.11/site-packages/scipy/sparse/linalg/_dsolve/_superlu.cpython-311-x86_64-linux-gnu.so
7fd06be85000-7fd06bec9000 r-xp 00003000 00:19d 137518709806              /mnt/primary/conda-envs/semantic_uncertainty_export/lib/python3.11/site-packages/scipy/sparse/linalg/_dsolve/_superlu.cpython-311-x86_64-linux-gnu.so
7fd06bec9000-7fd06bed4000 r--p 00047000 00:19d 137518709806              /mnt/primary/conda-envs/semantic_uncertainty_export/lib/python3.11/site-packages/scipy/sparse/linalg/_dsolve/_superlu.cpython-311-x86_64-linux-gnu.so
7fd06bed4000-7fd06bed5000 r--p 00051000 00:19d 137518709806              /mnt/primary/conda-envs/semantic_uncertainty_export/lib/python3.11/site-packages/scipy/sparse/linalg/_dsolve/_superlu.cpython-311-x86_64-linux-gnu.so
7fd06bed5000-7fd06bed6000 rw-p 00052000 00:19d 137518709806              /mnt/primary/conda-envs/semantic_uncertainty_export/lib/python3.11/site-packages/scipy/sparse/linalg/_dsolve/_superlu.cpython-311-x86_64-linux-gnu.so
7fd06bed6000-7fd06bed9000 rw-p 0005a000 00:19d 137518709806              /mnt/primary/conda-envs/semantic_uncertainty_export/lib/python3.11/site-packages/scipy/sparse/linalg/_dsolve/_superlu.cpython-311-x86_64-linux-gnu.so
7fd06bed9000-7fd06bede000 r--p 00000000 00:19d 19514492990               /mnt/primary/conda-envs/semantic_uncertainty_export/lib/python3.11/site-packages/scipy/linalg/_decomp_update.cpython-311-x86_64-linux-gnu.so
7fd06bede000-7fd06bf14000 r-xp 00005000 00:19d 19514492990               /mnt/primary/conda-envs/semantic_uncertainty_export/lib/python3.11/site-packages/scipy/linalg/_decomp_update.cpython-311-x86_64-linux-gnu.so
7fd06bf14000-7fd06bf20000 r--p 0003b000 00:19d 19514492990               /mnt/primary/conda-envs/semantic_uncertainty_export/lib/python3.11/site-packages/scipy/linalg/_decomp_update.cpython-311-x86_64-linux-gnu.so
7fd06bf20000-7fd06bf21000 r--p 00046000 00:19d 19514492990               /mnt/primary/conda-envs/semantic_uncertainty_export/lib/python3.11/site-packages/scipy/linalg/_decomp_update.cpython-311-x86_64-linux-gnu.so
7fd06bf21000-7fd06bf27000 rw-p 00047000 00:19d 19514492990               /mnt/primary/conda-envs/semantic_uncertainty_export/lib/python3.11/site-packages/scipy/linalg/_decomp_update.cpython-311-x86_64-linux-gnu.so
7fd06bf27000-7fd06bf2f000 r--p 00000000 00:19d 19514561051               /mnt/primary/conda-envs/semantic_uncertainty_export/lib/python3.11/site-packages/scipy/linalg/cython_blas.cpython-311-x86_64-linux-gnu.so
7fd06bf2f000-7fd06bf52000 r-xp 00008000 00:19d 19514561051               /mnt/primary/conda-envs/semantic_uncertainty_export/lib/python3.11/site-packages/scipy/linalg/cython_blas.cpython-311-x86_64-linux-gnu.so
7fd06bf52000-7fd06bf5f000 r--p 0002b000 00:19d 19514561051               /mnt/primary/conda-envs/semantic_uncertainty_export/lib/python3.11/site-packages/scipy/linalg/cython_blas.cpython-311-x86_64-linux-gnu.so
7fd06bf5f000-7fd06bf60000 r--p 00037000 00:19d 19514561051               /mnt/primary/conda-envs/semantic_uncertainty_export/lib/python3.11/site-packages/scipy/linalg/cython_blas.cpython-311-x86_64-linux-gnu.so
7fd06bf60000-7fd06bf63000 rw-p 00038000 00:19d 19514561051               /mnt/primary/conda-envs/semantic_uncertainty_export/lib/python3.11/site-packages/scipy/linalg/cython_blas.cpython-311-x86_64-linux-gnu.so
7fd06bf63000-7fd06bf64000 rw-p 00000000 00:00 0 
7fd06bf64000-7fd06bf69000 rw-p 00047000 00:19d 19514561051               /mnt/primary/conda-envs/semantic_uncertainty_export/lib/python3.11/site-packages/scipy/linalg/cython_blas.cpython-311-x86_64-linux-gnu.so
7fd06bf69000-7fd06bf70000 r--p 00000000 00:19d 19514492985               /mnt/primary/conda-envs/semantic_uncertainty_export/lib/python3.11/site-packages/scipy/linalg/_matfuncs_expm.cpython-311-x86_64-linux-gnu.so
7fd06bf70000-7fd06bfb8000 r-xp 00007000 00:19d 19514492985               /mnt/primary/conda-envs/semantic_uncertainty_export/lib/python3.11/site-packages/scipy/linalg/_matfuncs_expm.cpython-311-x86_64-linux-gnu.so
7fd06bfb8000-7fd06bfc3000 r--p 0004f000 00:19d 19514492985               /mnt/primary/conda-envs/semantic_uncertainty_export/lib/python3.11/site-packages/scipy/linalg/_matfuncs_expm.cpython-311-x86_64-linux-gnu.so
7fd06bfc3000-7fd06bfc4000 r--p 00059000 00:19d 19514492985               /mnt/primary/conda-envs/semantic_uncertainty_export/lib/python3.11/site-packages/scipy/linalg/_matfuncs_expm.cpython-311-x86_64-linux-gnu.so
7fd06bfc4000-7fd06bfc9000 rw-p 0005a000 00:19d 19514492985               /mnt/primary/conda-envs/semantic_uncertainty_export/lib/python3.11/site-packages/scipy/linalg/_matfuncs_expm.cpython-311-x86_64-linux-gnu.so
7fd06bfc9000-7fd06bfca000 rw-p 00000000 00:00 0 
7fd06bfca000-7fd06bfd0000 r--p 00000000 00:19d 19514561026               /mnt/primary/conda-envs/semantic_uncertainty_export/lib/python3.11/site-packages/scipy/linalg/_matfuncs_sqrtm_triu.cpython-311-x86_64-linux-gnu.so
7fd06bfd0000-7fd06bff4000 r-xp 00006000 00:19d 19514561026               /mnt/primary/conda-envs/semantic_uncertainty_export/lib/python3.11/site-packages/scipy/linalg/_matfuncs_sqrtm_triu.cpython-311-x86_64-linux-gnu.so
7fd06bff4000-7fd06bffb000 r--p 0002a000 00:19d 19514561026               /mnt/primary/conda-envs/semantic_uncertainty_export/lib/python3.11/site-packages/scipy/linalg/_matfuncs_sqrtm_triu.cpython-311-x86_64-linux-gnu.so
7fd06bffb000-7fd06bffc000 r--p 00030000 00:19d 19514561026               /mnt/primary/conda-envs/semantic_uncertainty_export/lib/python3.11/site-packages/scipy/linalg/_matfuncs_sqrtm_triu.cpython-311-x86_64-linux-gnu.so
7fd06bffc000-7fd06bfff000 rw-p 00031000 00:19d 19514561026               /mnt/primary/conda-envs/semantic_uncertainty_export/lib/python3.11/site-packages/scipy/linalg/_matfuncs_sqrtm_triu.cpython-311-x86_64-linux-gnu.so
7fd06bfff000-7fd06c000000 rw-p 00000000 00:00 0 
7fd06c000000-7fd06c021000 rw-p 00000000 00:00 0 
7fd06c021000-7fd070000000 ---p 00000000 00:00 0 
7fd070000000-7fd070400000 rw-p 00000000 00:00 0 
7fd070404000-7fd070406000 r--p 00000000 00:19d 26467592183               /mnt/primary/conda-envs/semantic_uncertainty_export/lib/python3.11/site-packages/scipy/ndimage/_nd_image.cpython-311-x86_64-linux-gnu.so
7fd070406000-7fd070423000 r-xp 00002000 00:19d 26467592183               /mnt/primary/conda-envs/semantic_uncertainty_export/lib/python3.11/site-packages/scipy/ndimage/_nd_image.cpython-311-x86_64-linux-gnu.so
7fd070423000-7fd070426000 r--p 0001f000 00:19d 26467592183               /mnt/primary/conda-envs/semantic_uncertainty_export/lib/python3.11/site-packages/scipy/ndimage/_nd_image.cpython-311-x86_64-linux-gnu.so
7fd070426000-7fd070427000 ---p 00022000 00:19d 26467592183               /mnt/primary/conda-envs/semantic_uncertainty_export/lib/python3.11/site-packages/scipy/ndimage/_nd_image.cpython-311-x86_64-linux-gnu.so
7fd070427000-7fd070428000 r--p 00022000 00:19d 26467592183               /mnt/primary/conda-envs/semantic_uncertainty_export/lib/python3.11/site-packages/scipy/ndimage/_nd_image.cpython-311-x86_64-linux-gnu.so
7fd070428000-7fd070429000 rw-p 00023000 00:19d 26467592183               /mnt/primary/conda-envs/semantic_uncertainty_export/lib/python3.11/site-packages/scipy/ndimage/_nd_image.cpython-311-x86_64-linux-gnu.so
7fd070429000-7fd07042e000 r--p 00000000 00:19d 19514561059               /mnt/primary/conda-envs/semantic_uncertainty_export/lib/python3.11/site-packages/scipy/linalg/_decomp_lu_cython.cpython-311-x86_64-linux-gnu.so
7fd07042e000-7fd070453000 r-xp 00005000 00:19d 19514561059               /mnt/primary/conda-envs/semantic_uncertainty_export/lib/python3.11/site-packages/scipy/linalg/_decomp_lu_cython.cpython-311-x86_64-linux-gnu.so
7fd070453000-7fd07045a000 r--p 0002a000 00:19d 19514561059               /mnt/primary/conda-envs/semantic_uncertainty_export/lib/python3.11/site-packages/scipy/linalg/_decomp_lu_cython.cpython-311-x86_64-linux-gnu.so
7fd07045a000-7fd07045b000 r--p 00030000 00:19d 19514561059               /mnt/primary/conda-envs/semantic_uncertainty_export/lib/python3.11/site-packages/scipy/linalg/_decomp_lu_cython.cpython-311-x86_64-linux-gnu.so
7fd07045b000-7fd07045e000 rw-p 00031000 00:19d 19514561059               /mnt/primary/conda-envs/semantic_uncertainty_export/lib/python3.11/site-packages/scipy/linalg/_decomp_lu_cython.cpython-311-x86_64-linux-gnu.so
7fd07045e000-7fd07055e000 rw-p 00000000 00:00 0 
7fd07055e000-7fd070575000 r--p 00000000 00:19d 19514561048               /mnt/primary/conda-envs/semantic_uncertainty_export/lib/python3.11/site-packages/scipy/linalg/cython_lapack.cpython-311-x86_64-linux-gnu.so
7fd070575000-7fd070591000 r-xp 00017000 00:19d 19514561048               /mnt/primary/conda-envs/semantic_uncertainty_export/lib/python3.11/site-packages/scipy/linalg/cython_lapack.cpython-311-x86_64-linux-gnu.so
7fd070591000-7fd0705e9000 r--p 00033000 00:19d 19514561048               /mnt/primary/conda-envs/semantic_uncertainty_export/lib/python3.11/site-packages/scipy/linalg/cython_lapack.cpython-311-x86_64-linux-gnu.so
7fd0705e9000-7fd0705ea000 ---p 0008b000 00:19d 19514561048               /mnt/primary/conda-envs/semantic_uncertainty_export/lib/python3.11/site-packages/scipy/linalg/cython_lapack.cpython-311-x86_64-linux-gnu.so
7fd0705ea000-7fd0705eb000 r--p 0008b000 00:19d 19514561048               /mnt/primary/conda-envs/semantic_uncertainty_export/lib/python3.11/site-packages/scipy/linalg/cython_lapack.cpython-311-x86_64-linux-gnu.so
7fd0705eb000-7fd0705ef000 rw-p 0008c000 00:19d 19514561048               /mnt/primary/conda-envs/semantic_uncertainty_export/lib/python3.11/site-packages/scipy/linalg/cython_lapack.cpython-311-x86_64-linux-gnu.so
7fd0705ef000-7fd070600000 rw-p 000b8000 00:19d 19514561048               /mnt/primary/conda-envs/semantic_uncertainty_export/lib/python3.11/site-packages/scipy/linalg/cython_lapack.cpython-311-x86_64-linux-gnu.so
7fd070600000-7fd070800000 rw-p 00000000 00:00 0 
7fd070800000-7fd070a00000 rw-p 00000000 00:00 0 
7fd070a00000-7fd070a01000 ---p 00000000 00:00 0 
7fd070a01000-7fd071201000 rw-p 00000000 00:00 0 
7fd071202000-7fd071204000 r--p 00000000 00:19d 77350671928               /mnt/primary/conda-envs/semantic_uncertainty_export/lib/python3.11/site-packages/scipy/stats/_levy_stable/levyst.cpython-311-x86_64-linux-gnu.so
7fd071204000-7fd071207000 r-xp 00002000 00:19d 77350671928               /mnt/primary/conda-envs/semantic_uncertainty_export/lib/python3.11/site-packages/scipy/stats/_levy_stable/levyst.cpython-311-x86_64-linux-gnu.so
7fd071207000-7fd071208000 r--p 00005000 00:19d 77350671928               /mnt/primary/conda-envs/semantic_uncertainty_export/lib/python3.11/site-packages/scipy/stats/_levy_stable/levyst.cpython-311-x86_64-linux-gnu.so
7fd071208000-7fd071209000 ---p 00006000 00:19d 77350671928               /mnt/primary/conda-envs/semantic_uncertainty_export/lib/python3.11/site-packages/scipy/stats/_levy_stable/levyst.cpython-311-x86_64-linux-gnu.so
7fd071209000-7fd07120a000 r--p 00006000 00:19d 77350671928               /mnt/primary/conda-envs/semantic_uncertainty_export/lib/python3.11/site-packages/scipy/stats/_levy_stable/levyst.cpython-311-x86_64-linux-gnu.so
7fd07120a000-7fd07120b000 rw-p 00007000 00:19d 77350671928               /mnt/primary/conda-envs/semantic_uncertainty_export/lib/python3.11/site-packages/scipy/stats/_levy_stable/levyst.cpython-311-x86_64-linux-gnu.so
7fd07120b000-7fd07120e000 r--p 00000000 00:19d 49458313774               /mnt/primary/conda-envs/semantic_uncertainty_export/lib/python3.11/site-packages/scipy/special/_ellip_harm_2.cpython-311-x86_64-linux-gnu.so
7fd07120e000-7fd07121d000 r-xp 00003000 00:19d 49458313774               /mnt/primary/conda-envs/semantic_uncertainty_export/lib/python3.11/site-packages/scipy/special/_ellip_harm_2.cpython-311-x86_64-linux-gnu.so
7fd07121d000-7fd07121f000 r--p 00012000 00:19d 49458313774               /mnt/primary/conda-envs/semantic_uncertainty_export/lib/python3.11/site-packages/scipy/special/_ellip_harm_2.cpython-311-x86_64-linux-gnu.so
7fd07121f000-7fd071220000 ---p 00014000 00:19d 49458313774               /mnt/primary/conda-envs/semantic_uncertainty_export/lib/python3.11/site-packages/scipy/special/_ellip_harm_2.cpython-311-x86_64-linux-gnu.so
7fd071220000-7fd071221000 r--p 00014000 00:19d 49458313774               /mnt/primary/conda-envs/semantic_uncertainty_export/lib/python3.11/site-packages/scipy/special/_ellip_harm_2.cpython-311-x86_64-linux-gnu.so
7fd071221000-7fd071222000 rw-p 00015000 00:19d 49458313774               /mnt/primary/conda-envs/semantic_uncertainty_export/lib/python3.11/site-packages/scipy/special/_ellip_harm_2.cpython-311-x86_64-linux-gnu.so
7fd071222000-7fd071223000 rw-p 00000000 00:00 0 
7fd071223000-7fd071226000 rw-p 0001a000 00:19d 49458313774               /mnt/primary/conda-envs/semantic_uncertainty_export/lib/python3.11/site-packages/scipy/special/_ellip_harm_2.cpython-311-x86_64-linux-gnu.so
7fd071226000-7fd07122c000 r--p 00000000 00:19d 19514561038               /mnt/primary/conda-envs/semantic_uncertainty_export/lib/python3.11/site-packages/scipy/linalg/_solve_toeplitz.cpython-311-x86_64-linux-gnu.so
7fd07122c000-7fd071254000 r-xp 00006000 00:19d 19514561038               /mnt/primary/conda-envs/semantic_uncertainty_export/lib/python3.11/site-packages/scipy/linalg/_solve_toeplitz.cpython-311-x86_64-linux-gnu.so
7fd071254000-7fd07125b000 r--p 0002e000 00:19d 19514561038               /mnt/primary/conda-envs/semantic_uncertainty_export/lib/python3.11/site-packages/scipy/linalg/_solve_toeplitz.cpython-311-x86_64-linux-gnu.so
7fd07125b000-7fd07125c000 r--p 00034000 00:19d 19514561038               /mnt/primary/conda-envs/semantic_uncertainty_export/lib/python3.11/site-packages/scipy/linalg/_solve_toeplitz.cpython-311-x86_64-linux-gnu.so
7fd07125c000-7fd071260000 rw-p 00035000 00:19d 19514561038               /mnt/primary/conda-envs/semantic_uncertainty_export/lib/python3.11/site-packages/scipy/linalg/_solve_toeplitz.cpython-311-x86_64-linux-gnu.so
7fd071260000-7fd07126e000 r--p 00000000 00:19d 19514561061               /mnt/primary/conda-envs/semantic_uncertainty_export/lib/python3.11/site-packages/scipy/linalg/_fblas.cpython-311-x86_64-linux-gnu.so
7fd07126e000-7fd0712b5000 r-xp 0000e000 00:19d 19514561061               /mnt/primary/conda-envs/semantic_uncertainty_export/lib/python3.11/site-packages/scipy/linalg/_fblas.cpython-311-x86_64-linux-gnu.so
7fd0712b5000-7fd0712d6000 r--p 00055000 00:19d 19514561061               /mnt/primary/conda-envs/semantic_uncertainty_export/lib/python3.11/site-packages/scipy/linalg/_fblas.cpython-311-x86_64-linux-gnu.so
7fd0712d6000-7fd0712d7000 r--p 00075000 00:19d 19514561061               /mnt/primary/conda-envs/semantic_uncertainty_export/lib/python3.11/site-packages/scipy/linalg/_fblas.cpython-311-x86_64-linux-gnu.so
7fd0712d7000-7fd0712fd000 rw-p 00076000 00:19d 19514561061               /mnt/primary/conda-envs/semantic_uncertainty_export/lib/python3.11/site-packages/scipy/linalg/_fblas.cpython-311-x86_64-linux-gnu.so
7fd0712fd000-7fd071300000 rw-p 000a4000 00:19d 19514561061               /mnt/primary/conda-envs/semantic_uncertainty_export/lib/python3.11/site-packages/scipy/linalg/_fblas.cpython-311-x86_64-linux-gnu.so
7fd071300000-7fd071400000 rw-p 00000000 00:00 0 
7fd071400000-7fd071401000 ---p 00000000 00:00 0 
7fd071401000-7fd071c01000 rw-p 00000000 00:00 0 
7fd071c03000-7fd071c0b000 r--p 00000000 00:19d 19514561025               /mnt/primary/conda-envs/semantic_uncertainty_export/lib/python3.11/site-packages/scipy/linalg/_cythonized_array_utils.cpython-311-x86_64-linux-gnu.so
7fd071c0b000-7fd071c60000 r-xp 00008000 00:19d 19514561025               /mnt/primary/conda-envs/semantic_uncertainty_export/lib/python3.11/site-packages/scipy/linalg/_cythonized_array_utils.cpython-311-x86_64-linux-gnu.so
7fd071c60000-7fd071c6c000 r--p 0005d000 00:19d 19514561025               /mnt/primary/conda-envs/semantic_uncertainty_export/lib/python3.11/site-packages/scipy/linalg/_cythonized_array_utils.cpython-311-x86_64-linux-gnu.so
7fd071c6c000-7fd071c6d000 r--p 00068000 00:19d 19514561025               /mnt/primary/conda-envs/semantic_uncertainty_export/lib/python3.11/site-packages/scipy/linalg/_cythonized_array_utils.cpython-311-x86_64-linux-gnu.so
7fd071c6d000-7fd071c73000 rw-p 00069000 00:19d 19514561025               /mnt/primary/conda-envs/semantic_uncertainty_export/lib/python3.11/site-packages/scipy/linalg/_cythonized_array_utils.cpython-311-x86_64-linux-gnu.so
7fd071c73000-7fd071c74000 rw-p 00000000 00:00 0 
7fd071c74000-7fd071c7e000 r--p 00000000 00:19d 133230555197              /mnt/primary/conda-envs/semantic_uncertainty_export/lib/python3.11/site-packages/scipy/sparse/_csparsetools.cpython-311-x86_64-linux-gnu.so
7fd071c7e000-7fd071ce9000 r-xp 0000a000 00:19d 133230555197              /mnt/primary/conda-envs/semantic_uncertainty_export/lib/python3.11/site-packages/scipy/sparse/_csparsetools.cpython-311-x86_64-linux-gnu.so
7fd071ce9000-7fd071cf7000 r--p 00075000 00:19d 133230555197              /mnt/primary/conda-envs/semantic_uncertainty_export/lib/python3.11/site-packages/scipy/sparse/_csparsetools.cpython-311-x86_64-linux-gnu.so
7fd071cf7000-7fd071cf8000 r--p 00082000 00:19d 133230555197              /mnt/primary/conda-envs/semantic_uncertainty_export/lib/python3.11/site-packages/scipy/sparse/_csparsetools.cpython-311-x86_64-linux-gnu.so
7fd071cf8000-7fd071cff000 rw-p 00083000 00:19d 133230555197              /mnt/primary/conda-envs/semantic_uncertainty_export/lib/python3.11/site-packages/scipy/sparse/_csparsetools.cpython-311-x86_64-linux-gnu.so
7fd071cff000-7fd071e00000 rw-p 00000000 00:00 0 
7fd071e00000-7fd073e00000 rw-p 00000000 00:00 0 
7fd073e02000-7fd073e14000 r--p 00000000 00:19d 141832290874              /mnt/primary/conda-envs/semantic_uncertainty_export/lib/python3.11/site-packages/pandas/_libs/groupby.cpython-311-x86_64-linux-gnu.so
7fd073e14000-7fd073fc8000 r-xp 00012000 00:19d 141832290874              /mnt/primary/conda-envs/semantic_uncertainty_export/lib/python3.11/site-packages/pandas/_libs/groupby.cpython-311-x86_64-linux-gnu.so
7fd073fc8000-7fd073fed000 r--p 001c6000 00:19d 141832290874              /mnt/primary/conda-envs/semantic_uncertainty_export/lib/python3.11/site-packages/pandas/_libs/groupby.cpython-311-x86_64-linux-gnu.so
7fd073fed000-7fd073fee000 ---p 001eb000 00:19d 141832290874              /mnt/primary/conda-envs/semantic_uncertainty_export/lib/python3.11/site-packages/pandas/_libs/groupby.cpython-311-x86_64-linux-gnu.so
7fd073fee000-7fd073fef000 r--p 001eb000 00:19d 141832290874              /mnt/primary/conda-envs/semantic_uncertainty_export/lib/python3.11/site-packages/pandas/_libs/groupby.cpython-311-x86_64-linux-gnu.so
7fd073fef000-7fd073ffd000 rw-p 001ec000 00:19d 141832290874              /mnt/primary/conda-envs/semantic_uncertainty_export/lib/python3.11/site-packages/pandas/_libs/groupby.cpython-311-x86_64-linux-gnu.so
7fd073ffd000-7fd074000000 rw-p 00000000 00:00 0 
7fd074000000-7fd074021000 rw-p 00000000 00:00 0 
7fd074021000-7fd078000000 ---p 00000000 00:00 0 
7fd078001000-7fd078003000 r--p 00000000 00:19d 40842680351               /mnt/primary/conda-envs/semantic_uncertainty_export/lib/python3.11/site-packages/scipy/spatial/_distance_wrap.cpython-311-x86_64-linux-gnu.so
7fd078003000-7fd078017000 r-xp 00002000 00:19d 40842680351               /mnt/primary/conda-envs/semantic_uncertainty_export/lib/python3.11/site-packages/scipy/spatial/_distance_wrap.cpython-311-x86_64-linux-gnu.so
7fd078017000-7fd078019000 r--p 00016000 00:19d 40842680351               /mnt/primary/conda-envs/semantic_uncertainty_export/lib/python3.11/site-packages/scipy/spatial/_distance_wrap.cpython-311-x86_64-linux-gnu.so
7fd078019000-7fd07801a000 ---p 00018000 00:19d 40842680351               /mnt/primary/conda-envs/semantic_uncertainty_export/lib/python3.11/site-packages/scipy/spatial/_distance_wrap.cpython-311-x86_64-linux-gnu.so
7fd07801a000-7fd07801b000 r--p 00018000 00:19d 40842680351               /mnt/primary/conda-envs/semantic_uncertainty_export/lib/python3.11/site-packages/scipy/spatial/_distance_wrap.cpython-311-x86_64-linux-gnu.so
7fd07801b000-7fd07801c000 rw-p 00019000 00:19d 40842680351               /mnt/primary/conda-envs/semantic_uncertainty_export/lib/python3.11/site-packages/scipy/spatial/_distance_wrap.cpython-311-x86_64-linux-gnu.so
7fd07801c000-7fd078020000 r--p 00000000 00:19d 141825670163              /mnt/primary/conda-envs/semantic_uncertainty_export/lib/python3.11/site-packages/scipy/sparse/linalg/_isolve/_iterative.cpython-311-x86_64-linux-gnu.so
7fd078020000-7fd078045000 r-xp 00004000 00:19d 141825670163              /mnt/primary/conda-envs/semantic_uncertainty_export/lib/python3.11/site-packages/scipy/sparse/linalg/_isolve/_iterative.cpython-311-x86_64-linux-gnu.so
7fd078045000-7fd07804f000 r--p 00029000 00:19d 141825670163              /mnt/primary/conda-envs/semantic_uncertainty_export/lib/python3.11/site-packages/scipy/sparse/linalg/_isolve/_iterative.cpython-311-x86_64-linux-gnu.so
7fd07804f000-7fd078050000 r--p 00032000 00:19d 141825670163              /mnt/primary/conda-envs/semantic_uncertainty_export/lib/python3.11/site-packages/scipy/sparse/linalg/_isolve/_iterative.cpython-311-x86_64-linux-gnu.so
7fd078050000-7fd078057000 rw-p 00033000 00:19d 141825670163              /mnt/primary/conda-envs/semantic_uncertainty_export/lib/python3.11/site-packages/scipy/sparse/linalg/_isolve/_iterative.cpython-311-x86_64-linux-gnu.so
7fd078057000-7fd078058000 rw-p 00000000 00:00 0 
7fd078058000-7fd07805b000 rw-p 00042000 00:19d 141825670163              /mnt/primary/conda-envs/semantic_uncertainty_export/lib/python3.11/site-packages/scipy/sparse/linalg/_isolve/_iterative.cpython-311-x86_64-linux-gnu.so
7fd07805b000-7fd07815b000 rw-p 00000000 00:00 0 
7fd07815b000-7fd07830f000 r--p 00000000 00:19d 169691131415              /mnt/primary/conda-envs/semantic_uncertainty_export/lib/python3.11/site-packages/pyarrow/libparquet.so.2000
7fd07830f000-7fd078810000 r-xp 001b4000 00:19d 169691131415              /mnt/primary/conda-envs/semantic_uncertainty_export/lib/python3.11/site-packages/pyarrow/libparquet.so.2000
7fd078810000-7fd078971000 r--p 006b5000 00:19d 169691131415              /mnt/primary/conda-envs/semantic_uncertainty_export/lib/python3.11/site-packages/pyarrow/libparquet.so.2000
7fd078971000-7fd0789ef000 r--p 00815000 00:19d 169691131415              /mnt/primary/conda-envs/semantic_uncertainty_export/lib/python3.11/site-packages/pyarrow/libparquet.so.2000
7fd0789ef000-7fd0789fd000 rw-p 00893000 00:19d 169691131415              /mnt/primary/conda-envs/semantic_uncertainty_export/lib/python3.11/site-packages/pyarrow/libparquet.so.2000
7fd0789fd000-7fd078a00000 rw-p 00000000 00:00 0 
7fd078a00000-7fd078a01000 ---p 00000000 00:00 0 
7fd078a01000-7fd079201000 rw-p 00000000 00:00 0 
7fd079203000-7fd079204000 r--p 00000000 00:19d 98787428873               /mnt/primary/conda-envs/semantic_uncertainty_export/lib/python3.11/site-packages/scipy/optimize/_lsap.cpython-311-x86_64-linux-gnu.so
7fd079204000-7fd079206000 r-xp 00001000 00:19d 98787428873               /mnt/primary/conda-envs/semantic_uncertainty_export/lib/python3.11/site-packages/scipy/optimize/_lsap.cpython-311-x86_64-linux-gnu.so
7fd079206000-7fd079208000 r--p 00003000 00:19d 98787428873               /mnt/primary/conda-envs/semantic_uncertainty_export/lib/python3.11/site-packages/scipy/optimize/_lsap.cpython-311-x86_64-linux-gnu.so
7fd079208000-7fd079209000 r--p 00004000 00:19d 98787428873               /mnt/primary/conda-envs/semantic_uncertainty_export/lib/python3.11/site-packages/scipy/optimize/_lsap.cpython-311-x86_64-linux-gnu.so
7fd079209000-7fd07920a000 rw-p 00005000 00:19d 98787428873               /mnt/primary/conda-envs/semantic_uncertainty_export/lib/python3.11/site-packages/scipy/optimize/_lsap.cpython-311-x86_64-linux-gnu.so
7fd07920a000-7fd07920c000 r--p 00000000 00:19d 19514561068               /mnt/primary/conda-envs/semantic_uncertainty_export/lib/python3.11/site-packages/scipy/linalg/_flinalg.cpython-311-x86_64-linux-gnu.so
7fd07920c000-7fd079214000 r-xp 00002000 00:19d 19514561068               /mnt/primary/conda-envs/semantic_uncertainty_export/lib/python3.11/site-packages/scipy/linalg/_flinalg.cpython-311-x86_64-linux-gnu.so
7fd079214000-7fd079217000 r--p 0000a000 00:19d 19514561068               /mnt/primary/conda-envs/semantic_uncertainty_export/lib/python3.11/site-packages/scipy/linalg/_flinalg.cpython-311-x86_64-linux-gnu.so
7fd079217000-7fd079218000 r--p 0000c000 00:19d 19514561068               /mnt/primary/conda-envs/semantic_uncertainty_export/lib/python3.11/site-packages/scipy/linalg/_flinalg.cpython-311-x86_64-linux-gnu.so
7fd079218000-7fd07921b000 rw-p 0000d000 00:19d 19514561068               /mnt/primary/conda-envs/semantic_uncertainty_export/lib/python3.11/site-packages/scipy/linalg/_flinalg.cpython-311-x86_64-linux-gnu.so
7fd07921b000-7fd07921d000 rw-p 00012000 00:19d 19514561068               /mnt/primary/conda-envs/semantic_uncertainty_export/lib/python3.11/site-packages/scipy/linalg/_flinalg.cpython-311-x86_64-linux-gnu.so
7fd07921d000-7fd079227000 r--p 00000000 00:19d 40842680338               /mnt/primary/conda-envs/semantic_uncertainty_export/lib/python3.11/site-packages/scipy/spatial/_ckdtree.cpython-311-x86_64-linux-gnu.so
7fd079227000-7fd0792c8000 r-xp 0000a000 00:19d 40842680338               /mnt/primary/conda-envs/semantic_uncertainty_export/lib/python3.11/site-packages/scipy/spatial/_ckdtree.cpython-311-x86_64-linux-gnu.so
7fd0792c8000-7fd0792e1000 r--p 000ab000 00:19d 40842680338               /mnt/primary/conda-envs/semantic_uncertainty_export/lib/python3.11/site-packages/scipy/spatial/_ckdtree.cpython-311-x86_64-linux-gnu.so
7fd0792e1000-7fd0792e2000 r--p 000c3000 00:19d 40842680338               /mnt/primary/conda-envs/semantic_uncertainty_export/lib/python3.11/site-packages/scipy/spatial/_ckdtree.cpython-311-x86_64-linux-gnu.so
7fd0792e2000-7fd0792ed000 rw-p 000c4000 00:19d 40842680338               /mnt/primary/conda-envs/semantic_uncertainty_export/lib/python3.11/site-packages/scipy/spatial/_ckdtree.cpython-311-x86_64-linux-gnu.so
7fd0792ed000-7fd0792ee000 rw-p 00000000 00:00 0 
7fd0792ee000-7fd0792f2000 r--p 00000000 00:19d 53859409459               /mnt/primary/conda-envs/semantic_uncertainty_export/lib/python3.11/site-packages/scipy/_lib/_ccallback_c.cpython-311-x86_64-linux-gnu.so
7fd0792f2000-7fd0792fb000 r-xp 00004000 00:19d 53859409459               /mnt/primary/conda-envs/semantic_uncertainty_export/lib/python3.11/site-packages/scipy/_lib/_ccallback_c.cpython-311-x86_64-linux-gnu.so
7fd0792fb000-7fd0792fd000 r--p 0000d000 00:19d 53859409459               /mnt/primary/conda-envs/semantic_uncertainty_export/lib/python3.11/site-packages/scipy/_lib/_ccallback_c.cpython-311-x86_64-linux-gnu.so
7fd0792fd000-7fd0792fe000 r--p 0000e000 00:19d 53859409459               /mnt/primary/conda-envs/semantic_uncertainty_export/lib/python3.11/site-packages/scipy/_lib/_ccallback_c.cpython-311-x86_64-linux-gnu.so
7fd0792fe000-7fd079300000 rw-p 0000f000 00:19d 53859409459               /mnt/primary/conda-envs/semantic_uncertainty_export/lib/python3.11/site-packages/scipy/_lib/_ccallback_c.cpython-311-x86_64-linux-gnu.so
7fd079300000-7fd079400000 rw-p 00000000 00:00 0 
7fd079400000-7fd079401000 ---p 00000000 00:00 0 
7fd079401000-7fd079c01000 rw-p 00000000 00:00 0 
7fd079c02000-7fd079c0d000 r--p 00000000 00:19d 141832290844              /mnt/primary/conda-envs/semantic_uncertainty_export/lib/python3.11/site-packages/pandas/_libs/parsers.cpython-311-x86_64-linux-gnu.so
7fd079c0d000-7fd079c77000 r-xp 0000b000 00:19d 141832290844              /mnt/primary/conda-envs/semantic_uncertainty_export/lib/python3.11/site-packages/pandas/_libs/parsers.cpython-311-x86_64-linux-gnu.so
7fd079c77000-7fd079c83000 r--p 00075000 00:19d 141832290844              /mnt/primary/conda-envs/semantic_uncertainty_export/lib/python3.11/site-packages/pandas/_libs/parsers.cpython-311-x86_64-linux-gnu.so
7fd079c83000-7fd079c84000 ---p 00081000 00:19d 141832290844              /mnt/primary/conda-envs/semantic_uncertainty_export/lib/python3.11/site-packages/pandas/_libs/parsers.cpython-311-x86_64-linux-gnu.so
7fd079c84000-7fd079c85000 r--p 00081000 00:19d 141832290844              /mnt/primary/conda-envs/semantic_uncertainty_export/lib/python3.11/site-packages/pandas/_libs/parsers.cpython-311-x86_64-linux-gnu.so
7fd079c85000-7fd079c8c000 rw-p 00082000 00:19d 141832290844              /mnt/primary/conda-envs/semantic_uncertainty_export/lib/python3.11/site-packages/pandas/_libs/parsers.cpython-311-x86_64-linux-gnu.so
7fd079c8c000-7fd079c8e000 rw-p 00000000 00:00 0 
7fd079c8e000-7fd079c95000 r--p 00000000 00:19d 141832290858              /mnt/primary/conda-envs/semantic_uncertainty_export/lib/python3.11/site-packages/pandas/_libs/reshape.cpython-311-x86_64-linux-gnu.so
7fd079c95000-7fd079cc4000 r-xp 00007000 00:19d 141832290858              /mnt/primary/conda-envs/semantic_uncertainty_export/lib/python3.11/site-packages/pandas/_libs/reshape.cpython-311-x86_64-linux-gnu.so
7fd079cc4000-7fd079ccc000 r--p 00036000 00:19d 141832290858              /mnt/primary/conda-envs/semantic_uncertainty_export/lib/python3.11/site-packages/pandas/_libs/reshape.cpython-311-x86_64-linux-gnu.so
7fd079ccc000-7fd079ccd000 r--p 0003d000 00:19d 141832290858              /mnt/primary/conda-envs/semantic_uncertainty_export/lib/python3.11/site-packages/pandas/_libs/reshape.cpython-311-x86_64-linux-gnu.so
7fd079ccd000-7fd079cd1000 rw-p 0003e000 00:19d 141832290858              /mnt/primary/conda-envs/semantic_uncertainty_export/lib/python3.11/site-packages/pandas/_libs/reshape.cpython-311-x86_64-linux-gnu.so
7fd079cd1000-7fd079cd2000 rw-p 00000000 00:00 0 
7fd079cd2000-7fd079cd7000 r--p 00000000 00:19d 143899507730              /mnt/primary/conda-envs/semantic_uncertainty_export/lib/python3.11/site-packages/pandas/_libs/window/indexers.cpython-311-x86_64-linux-gnu.so
7fd079cd7000-7fd079cf6000 r-xp 00005000 00:19d 143899507730              /mnt/primary/conda-envs/semantic_uncertainty_export/lib/python3.11/site-packages/pandas/_libs/window/indexers.cpython-311-x86_64-linux-gnu.so
7fd079cf6000-7fd079cfc000 r--p 00024000 00:19d 143899507730              /mnt/primary/conda-envs/semantic_uncertainty_export/lib/python3.11/site-packages/pandas/_libs/window/indexers.cpython-311-x86_64-linux-gnu.so
7fd079cfc000-7fd079cfd000 r--p 00029000 00:19d 143899507730              /mnt/primary/conda-envs/semantic_uncertainty_export/lib/python3.11/site-packages/pandas/_libs/window/indexers.cpython-311-x86_64-linux-gnu.so
7fd079cfd000-7fd079d00000 rw-p 0002a000 00:19d 143899507730              /mnt/primary/conda-envs/semantic_uncertainty_export/lib/python3.11/site-packages/pandas/_libs/window/indexers.cpython-311-x86_64-linux-gnu.so
7fd079d00000-7fd079e00000 rw-p 00000000 00:00 0 
7fd079e00000-7fd07be00000 rw-p 00000000 00:00 0 
7fd07be03000-7fd07be0c000 r--p 00000000 00:19d 143899507729              /mnt/primary/conda-envs/semantic_uncertainty_export/lib/python3.11/site-packages/pandas/_libs/window/aggregations.cpython-311-x86_64-linux-gnu.so
7fd07be0c000-7fd07be53000 r-xp 00009000 00:19d 143899507729              /mnt/primary/conda-envs/semantic_uncertainty_export/lib/python3.11/site-packages/pandas/_libs/window/aggregations.cpython-311-x86_64-linux-gnu.so
7fd07be53000-7fd07be5c000 r--p 00050000 00:19d 143899507729              /mnt/primary/conda-envs/semantic_uncertainty_export/lib/python3.11/site-packages/pandas/_libs/window/aggregations.cpython-311-x86_64-linux-gnu.so
7fd07be5c000-7fd07be5d000 ---p 00059000 00:19d 143899507729              /mnt/primary/conda-envs/semantic_uncertainty_export/lib/python3.11/site-packages/pandas/_libs/window/aggregations.cpython-311-x86_64-linux-gnu.so
7fd07be5d000-7fd07be5e000 r--p 00059000 00:19d 143899507729              /mnt/primary/conda-envs/semantic_uncertainty_export/lib/python3.11/site-packages/pandas/_libs/window/aggregations.cpython-311-x86_64-linux-gnu.so
7fd07be5e000-7fd07be63000 rw-p 0005a000 00:19d 143899507729              /mnt/primary/conda-envs/semantic_uncertainty_export/lib/python3.11/site-packages/pandas/_libs/window/aggregations.cpython-311-x86_64-linux-gnu.so
7fd07be63000-7fd07be65000 rw-p 00000000 00:00 0 
7fd07be65000-7fd07be6c000 r--p 00000000 00:19d 141832290863              /mnt/primary/conda-envs/semantic_uncertainty_export/lib/python3.11/site-packages/pandas/_libs/writers.cpython-311-x86_64-linux-gnu.so
7fd07be6c000-7fd07be90000 r-xp 00007000 00:19d 141832290863              /mnt/primary/conda-envs/semantic_uncertainty_export/lib/python3.11/site-packages/pandas/_libs/writers.cpython-311-x86_64-linux-gnu.so
7fd07be90000-7fd07be97000 r--p 0002b000 00:19d 141832290863              /mnt/primary/conda-envs/semantic_uncertainty_export/lib/python3.11/site-packages/pandas/_libs/writers.cpython-311-x86_64-linux-gnu.so
7fd07be97000-7fd07be98000 r--p 00031000 00:19d 141832290863              /mnt/primary/conda-envs/semantic_uncertainty_export/lib/python3.11/site-packages/pandas/_libs/writers.cpython-311-x86_64-linux-gnu.so
7fd07be98000-7fd07be9c000 rw-p 00032000 00:19d 141832290863              /mnt/primary/conda-envs/semantic_uncertainty_export/lib/python3.11/site-packages/pandas/_libs/writers.cpython-311-x86_64-linux-gnu.so
7fd07be9c000-7fd07bf9d000 rw-p 00000000 00:00 0 
7fd07bf9d000-7fd07bfa6000 r--p 00000000 00:19d 141832290857              /mnt/primary/conda-envs/semantic_uncertainty_export/lib/python3.11/site-packages/pandas/_libs/internals.cpython-311-x86_64-linux-gnu.so
7fd07bfa6000-7fd07bfec000 r-xp 00009000 00:19d 141832290857              /mnt/primary/conda-envs/semantic_uncertainty_export/lib/python3.11/site-packages/pandas/_libs/internals.cpython-311-x86_64-linux-gnu.so
7fd07bfec000-7fd07bff7000 r--p 0004f000 00:19d 141832290857              /mnt/primary/conda-envs/semantic_uncertainty_export/lib/python3.11/site-packages/pandas/_libs/internals.cpython-311-x86_64-linux-gnu.so
7fd07bff7000-7fd07bff8000 r--p 00059000 00:19d 141832290857              /mnt/primary/conda-envs/semantic_uncertainty_export/lib/python3.11/site-packages/pandas/_libs/internals.cpython-311-x86_64-linux-gnu.so
7fd07bff8000-7fd07bffe000 rw-p 0005a000 00:19d 141832290857              /mnt/primary/conda-envs/semantic_uncertainty_export/lib/python3.11/site-packages/pandas/_libs/internals.cpython-311-x86_64-linux-gnu.so
7fd07bffe000-7fd07c000000 rw-p 00000000 00:00 0 
7fd07c000000-7fd07c021000 rw-p 00000000 00:00 0 
7fd07c021000-7fd080000000 ---p 00000000 00:00 0 
7fd080000000-7fd080200000 rw-p 00000000 00:00 0 
7fd080200000-7fd080201000 ---p 00000000 00:00 0 
7fd080201000-7fd080a01000 rw-p 00000000 00:00 0 
7fd080a01000-7fd080a02000 r--p 00000000 00:19d 45438356007               /mnt/primary/conda-envs/semantic_uncertainty_export/lib/python3.11/lib-dynload/_posixshmem.cpython-311-x86_64-linux-gnu.so
7fd080a02000-7fd080a03000 r-xp 00001000 00:19d 45438356007               /mnt/primary/conda-envs/semantic_uncertainty_export/lib/python3.11/lib-dynload/_posixshmem.cpython-311-x86_64-linux-gnu.so
7fd080a03000-7fd080a04000 r--p 00002000 00:19d 45438356007               /mnt/primary/conda-envs/semantic_uncertainty_export/lib/python3.11/lib-dynload/_posixshmem.cpython-311-x86_64-linux-gnu.so
7fd080a04000-7fd080a05000 r--p 00002000 00:19d 45438356007               /mnt/primary/conda-envs/semantic_uncertainty_export/lib/python3.11/lib-dynload/_posixshmem.cpython-311-x86_64-linux-gnu.so
7fd080a05000-7fd080a06000 rw-p 00003000 00:19d 45438356007               /mnt/primary/conda-envs/semantic_uncertainty_export/lib/python3.11/lib-dynload/_posixshmem.cpython-311-x86_64-linux-gnu.so
7fd080a06000-7fd080a08000 r--p 00000000 00:19d 45438459395               /mnt/primary/conda-envs/semantic_uncertainty_export/lib/python3.11/lib-dynload/cmath.cpython-311-x86_64-linux-gnu.so
7fd080a08000-7fd080a12000 r-xp 00002000 00:19d 45438459395               /mnt/primary/conda-envs/semantic_uncertainty_export/lib/python3.11/lib-dynload/cmath.cpython-311-x86_64-linux-gnu.so
7fd080a12000-7fd080a14000 r--p 0000c000 00:19d 45438459395               /mnt/primary/conda-envs/semantic_uncertainty_export/lib/python3.11/lib-dynload/cmath.cpython-311-x86_64-linux-gnu.so
7fd080a14000-7fd080a15000 ---p 0000e000 00:19d 45438459395               /mnt/primary/conda-envs/semantic_uncertainty_export/lib/python3.11/lib-dynload/cmath.cpython-311-x86_64-linux-gnu.so
7fd080a15000-7fd080a16000 r--p 0000e000 00:19d 45438459395               /mnt/primary/conda-envs/semantic_uncertainty_export/lib/python3.11/lib-dynload/cmath.cpython-311-x86_64-linux-gnu.so
7fd080a16000-7fd080a17000 rw-p 0000f000 00:19d 45438459395               /mnt/primary/conda-envs/semantic_uncertainty_export/lib/python3.11/lib-dynload/cmath.cpython-311-x86_64-linux-gnu.so
7fd080a17000-7fd080a19000 rw-p 00000000 00:00 0 
7fd080a19000-7fd080a26000 r--p 00000000 00:19d 141832290856              /mnt/primary/conda-envs/semantic_uncertainty_export/lib/python3.11/site-packages/pandas/_libs/index.cpython-311-x86_64-linux-gnu.so
7fd080a26000-7fd080adb000 r-xp 0000d000 00:19d 141832290856              /mnt/primary/conda-envs/semantic_uncertainty_export/lib/python3.11/site-packages/pandas/_libs/index.cpython-311-x86_64-linux-gnu.so
7fd080adb000-7fd080af1000 r--p 000c2000 00:19d 141832290856              /mnt/primary/conda-envs/semantic_uncertainty_export/lib/python3.11/site-packages/pandas/_libs/index.cpython-311-x86_64-linux-gnu.so
7fd080af1000-7fd080af2000 r--p 000d7000 00:19d 141832290856              /mnt/primary/conda-envs/semantic_uncertainty_export/lib/python3.11/site-packages/pandas/_libs/index.cpython-311-x86_64-linux-gnu.so
7fd080af2000-7fd080afe000 rw-p 000d8000 00:19d 141832290856              /mnt/primary/conda-envs/semantic_uncertainty_export/lib/python3.11/site-packages/pandas/_libs/index.cpython-311-x86_64-linux-gnu.so
7fd080afe000-7fd080c00000 rw-p 00000000 00:00 0 
7fd080c00000-7fd080c01000 ---p 00000000 00:00 0 
7fd080c01000-7fd081401000 rw-p 00000000 00:00 0 
7fd081401000-7fd081404000 r--p 00000000 00:19d 49458313786               /mnt/primary/conda-envs/semantic_uncertainty_export/lib/python3.11/site-packages/scipy/special/_comb.cpython-311-x86_64-linux-gnu.so
7fd081404000-7fd081408000 r-xp 00003000 00:19d 49458313786               /mnt/primary/conda-envs/semantic_uncertainty_export/lib/python3.11/site-packages/scipy/special/_comb.cpython-311-x86_64-linux-gnu.so
7fd081408000-7fd081409000 r--p 00007000 00:19d 49458313786               /mnt/primary/conda-envs/semantic_uncertainty_export/lib/python3.11/site-packages/scipy/special/_comb.cpython-311-x86_64-linux-gnu.so
7fd081409000-7fd08140a000 r--p 00007000 00:19d 49458313786               /mnt/primary/conda-envs/semantic_uncertainty_export/lib/python3.11/site-packages/scipy/special/_comb.cpython-311-x86_64-linux-gnu.so
7fd08140a000-7fd08140b000 rw-p 00008000 00:19d 49458313786               /mnt/primary/conda-envs/semantic_uncertainty_export/lib/python3.11/site-packages/scipy/special/_comb.cpython-311-x86_64-linux-gnu.so
7fd08140b000-7fd08140f000 r--p 00000000 00:19d 141832290851              /mnt/primary/conda-envs/semantic_uncertainty_export/lib/python3.11/site-packages/pandas/_libs/testing.cpython-311-x86_64-linux-gnu.so
7fd08140f000-7fd08141f000 r-xp 00004000 00:19d 141832290851              /mnt/primary/conda-envs/semantic_uncertainty_export/lib/python3.11/site-packages/pandas/_libs/testing.cpython-311-x86_64-linux-gnu.so
7fd08141f000-7fd081421000 r--p 00014000 00:19d 141832290851              /mnt/primary/conda-envs/semantic_uncertainty_export/lib/python3.11/site-packages/pandas/_libs/testing.cpython-311-x86_64-linux-gnu.so
7fd081421000-7fd081422000 r--p 00015000 00:19d 141832290851              /mnt/primary/conda-envs/semantic_uncertainty_export/lib/python3.11/site-packages/pandas/_libs/testing.cpython-311-x86_64-linux-gnu.so
7fd081422000-7fd081424000 rw-p 00016000 00:19d 141832290851              /mnt/primary/conda-envs/semantic_uncertainty_export/lib/python3.11/site-packages/pandas/_libs/testing.cpython-311-x86_64-linux-gnu.so
7fd081424000-7fd08142d000 r--p 00000000 00:19d 141832290865              /mnt/primary/conda-envs/semantic_uncertainty_export/lib/python3.11/site-packages/pandas/_libs/sparse.cpython-311-x86_64-linux-gnu.so
7fd08142d000-7fd0814e9000 r-xp 00009000 00:19d 141832290865              /mnt/primary/conda-envs/semantic_uncertainty_export/lib/python3.11/site-packages/pandas/_libs/sparse.cpython-311-x86_64-linux-gnu.so
7fd0814e9000-7fd0814f8000 r--p 000c5000 00:19d 141832290865              /mnt/primary/conda-envs/semantic_uncertainty_export/lib/python3.11/site-packages/pandas/_libs/sparse.cpython-311-x86_64-linux-gnu.so
7fd0814f8000-7fd0814f9000 r--p 000d3000 00:19d 141832290865              /mnt/primary/conda-envs/semantic_uncertainty_export/lib/python3.11/site-packages/pandas/_libs/sparse.cpython-311-x86_64-linux-gnu.so
7fd0814f9000-7fd0814ff000 rw-p 000d4000 00:19d 141832290865              /mnt/primary/conda-envs/semantic_uncertainty_export/lib/python3.11/site-packages/pandas/_libs/sparse.cpython-311-x86_64-linux-gnu.so
7fd0814ff000-7fd081600000 rw-p 00000000 00:00 0 
7fd081600000-7fd081601000 ---p 00000000 00:00 0 
7fd081601000-7fd081e01000 rw-p 00000000 00:00 0 
7fd081e02000-7fd081e04000 r--p 00000000 00:19d 141832290834              /mnt/primary/conda-envs/semantic_uncertainty_export/lib/python3.11/site-packages/pandas/_libs/json.cpython-311-x86_64-linux-gnu.so
7fd081e04000-7fd081e0e000 r-xp 00002000 00:19d 141832290834              /mnt/primary/conda-envs/semantic_uncertainty_export/lib/python3.11/site-packages/pandas/_libs/json.cpython-311-x86_64-linux-gnu.so
7fd081e0e000-7fd081e12000 r--p 0000c000 00:19d 141832290834              /mnt/primary/conda-envs/semantic_uncertainty_export/lib/python3.11/site-packages/pandas/_libs/json.cpython-311-x86_64-linux-gnu.so
7fd081e12000-7fd081e13000 r--p 0000f000 00:19d 141832290834              /mnt/primary/conda-envs/semantic_uncertainty_export/lib/python3.11/site-packages/pandas/_libs/json.cpython-311-x86_64-linux-gnu.so
7fd081e13000-7fd081e14000 rw-p 00010000 00:19d 141832290834              /mnt/primary/conda-envs/semantic_uncertainty_export/lib/python3.11/site-packages/pandas/_libs/json.cpython-311-x86_64-linux-gnu.so
7fd081e14000-7fd081e17000 r--p 00000000 00:19d 141832290854              /mnt/primary/conda-envs/semantic_uncertainty_export/lib/python3.11/site-packages/pandas/_libs/indexing.cpython-311-x86_64-linux-gnu.so
7fd081e17000-7fd081e1d000 r-xp 00003000 00:19d 141832290854              /mnt/primary/conda-envs/semantic_uncertainty_export/lib/python3.11/site-packages/pandas/_libs/indexing.cpython-311-x86_64-linux-gnu.so
7fd081e1d000-7fd081e1f000 r--p 00009000 00:19d 141832290854              /mnt/primary/conda-envs/semantic_uncertainty_export/lib/python3.11/site-packages/pandas/_libs/indexing.cpython-311-x86_64-linux-gnu.so
7fd081e1f000-7fd081e20000 r--p 0000a000 00:19d 141832290854              /mnt/primary/conda-envs/semantic_uncertainty_export/lib/python3.11/site-packages/pandas/_libs/indexing.cpython-311-x86_64-linux-gnu.so
7fd081e20000-7fd081e21000 rw-p 0000b000 00:19d 141832290854              /mnt/primary/conda-envs/semantic_uncertainty_export/lib/python3.11/site-packages/pandas/_libs/indexing.cpython-311-x86_64-linux-gnu.so
7fd081e21000-7fd081e28000 r--p 00000000 00:19d 141832290837              /mnt/primary/conda-envs/semantic_uncertainty_export/lib/python3.11/site-packages/pandas/_libs/tslib.cpython-311-x86_64-linux-gnu.so
7fd081e28000-7fd081e5d000 r-xp 00007000 00:19d 141832290837              /mnt/primary/conda-envs/semantic_uncertainty_export/lib/python3.11/site-packages/pandas/_libs/tslib.cpython-311-x86_64-linux-gnu.so
7fd081e5d000-7fd081e65000 r--p 0003c000 00:19d 141832290837              /mnt/primary/conda-envs/semantic_uncertainty_export/lib/python3.11/site-packages/pandas/_libs/tslib.cpython-311-x86_64-linux-gnu.so
7fd081e65000-7fd081e66000 r--p 00043000 00:19d 141832290837              /mnt/primary/conda-envs/semantic_uncertainty_export/lib/python3.11/site-packages/pandas/_libs/tslib.cpython-311-x86_64-linux-gnu.so
7fd081e66000-7fd081e6b000 rw-p 00044000 00:19d 141832290837              /mnt/primary/conda-envs/semantic_uncertainty_export/lib/python3.11/site-packages/pandas/_libs/tslib.cpython-311-x86_64-linux-gnu.so
7fd081e6b000-7fd081e99000 r--p 00000000 00:19d 170174514215              /mnt/primary/conda-envs/semantic_uncertainty_export/lib/python3.11/site-packages/pyarrow/_compute.cpython-311-x86_64-linux-gnu.so
7fd081e99000-7fd081f3a000 r-xp 0002e000 00:19d 170174514215              /mnt/primary/conda-envs/semantic_uncertainty_export/lib/python3.11/site-packages/pyarrow/_compute.cpython-311-x86_64-linux-gnu.so
7fd081f3a000-7fd081f6d000 r--p 000cf000 00:19d 170174514215              /mnt/primary/conda-envs/semantic_uncertainty_export/lib/python3.11/site-packages/pyarrow/_compute.cpython-311-x86_64-linux-gnu.so
7fd081f6d000-7fd081f70000 r--p 00101000 00:19d 170174514215              /mnt/primary/conda-envs/semantic_uncertainty_export/lib/python3.11/site-packages/pyarrow/_compute.cpython-311-x86_64-linux-gnu.so
7fd081f70000-7fd081f7d000 rw-p 00104000 00:19d 170174514215              /mnt/primary/conda-envs/semantic_uncertainty_export/lib/python3.11/site-packages/pyarrow/_compute.cpython-311-x86_64-linux-gnu.so
7fd081f7d000-7fd081f81000 rw-p 00000000 00:00 0 
7fd081f81000-7fd08208b000 r--p 00000000 00:19d 103483982906              /mnt/primary/conda-envs/semantic_uncertainty_export/lib/python3.11/site-packages/numpy.libs/libopenblas64_p-r0-0cf96a72.3.23.dev.so
7fd08208b000-7fd082093000 r-xp 0010a000 00:19d 103483982906              /mnt/primary/conda-envs/semantic_uncertainty_export/lib/python3.11/site-packages/numpy.libs/libopenblas64_p-r0-0cf96a72.3.23.dev.so
7fd082093000-7fd082099000 ---p 00112000 00:19d 103483982906              /mnt/primary/conda-envs/semantic_uncertainty_export/lib/python3.11/site-packages/numpy.libs/libopenblas64_p-r0-0cf96a72.3.23.dev.so
7fd082099000-7fd083d1a000 r-xp 00118000 00:19d 103483982906              /mnt/primary/conda-envs/semantic_uncertainty_export/lib/python3.11/site-packages/numpy.libs/libopenblas64_p-r0-0cf96a72.3.23.dev.so
7fd083d1a000-7fd083f2a000 r--p 01d99000 00:19d 103483982906              /mnt/primary/conda-envs/semantic_uncertainty_export/lib/python3.11/site-packages/numpy.libs/libopenblas64_p-r0-0cf96a72.3.23.dev.so
7fd083f2a000-7fd083f2b000 ---p 01fa9000 00:19d 103483982906              /mnt/primary/conda-envs/semantic_uncertainty_export/lib/python3.11/site-packages/numpy.libs/libopenblas64_p-r0-0cf96a72.3.23.dev.so
7fd083f2b000-7fd083f31000 r--p 01fa9000 00:19d 103483982906              /mnt/primary/conda-envs/semantic_uncertainty_export/lib/python3.11/site-packages/numpy.libs/libopenblas64_p-r0-0cf96a72.3.23.dev.so
7fd083f31000-7fd083f48000 rw-p 01faf000 00:19d 103483982906              /mnt/primary/conda-envs/semantic_uncertainty_export/lib/python3.11/site-packages/numpy.libs/libopenblas64_p-r0-0cf96a72.3.23.dev.so
7fd083f48000-7fd083f54000 rw-p 00000000 00:00 0 
7fd083f54000-7fd084000000 rw-p 020d4000 00:19d 103483982906              /mnt/primary/conda-envs/semantic_uncertainty_export/lib/python3.11/site-packages/numpy.libs/libopenblas64_p-r0-0cf96a72.3.23.dev.so
7fd084000000-7fd084021000 rw-p 00000000 00:00 0 
7fd084021000-7fd088000000 ---p 00000000 00:00 0 
7fd088000000-7fd088200000 rw-p 00000000 00:00 0 
7fd088200000-7fd088400000 rw-p 00000000 00:00 0 
7fd088400000-7fd088401000 ---p 00000000 00:00 0 
7fd088401000-7fd088c01000 rw-p 00000000 00:00 0 
7fd088c03000-7fd088c16000 r--p 00000000 00:19d 141832290870              /mnt/primary/conda-envs/semantic_uncertainty_export/lib/python3.11/site-packages/pandas/_libs/algos.cpython-311-x86_64-linux-gnu.so
7fd088c16000-7fd088dcb000 r-xp 00013000 00:19d 141832290870              /mnt/primary/conda-envs/semantic_uncertainty_export/lib/python3.11/site-packages/pandas/_libs/algos.cpython-311-x86_64-linux-gnu.so
7fd088dcb000-7fd088dee000 r--p 001c8000 00:19d 141832290870              /mnt/primary/conda-envs/semantic_uncertainty_export/lib/python3.11/site-packages/pandas/_libs/algos.cpython-311-x86_64-linux-gnu.so
7fd088dee000-7fd088def000 r--p 001ea000 00:19d 141832290870              /mnt/primary/conda-envs/semantic_uncertainty_export/lib/python3.11/site-packages/pandas/_libs/algos.cpython-311-x86_64-linux-gnu.so
7fd088def000-7fd088dfc000 rw-p 001eb000 00:19d 141832290870              /mnt/primary/conda-envs/semantic_uncertainty_export/lib/python3.11/site-packages/pandas/_libs/algos.cpython-311-x86_64-linux-gnu.so
7fd088dfc000-7fd088e00000 rw-p 00000000 00:00 0 
7fd088e00000-7fd088e3b000 r-xp 00000000 00:19d 103483982907              /mnt/primary/conda-envs/semantic_uncertainty_export/lib/python3.11/site-packages/numpy.libs/libquadmath-96973f99.so.0.0.0
7fd088e3b000-7fd08903a000 ---p 0003b000 00:19d 103483982907              /mnt/primary/conda-envs/semantic_uncertainty_export/lib/python3.11/site-packages/numpy.libs/libquadmath-96973f99.so.0.0.0
7fd08903a000-7fd08903b000 r--p 0003a000 00:19d 103483982907              /mnt/primary/conda-envs/semantic_uncertainty_export/lib/python3.11/site-packages/numpy.libs/libquadmath-96973f99.so.0.0.0
7fd08903b000-7fd08903d000 rw-p 0003b000 00:19d 103483982907              /mnt/primary/conda-envs/semantic_uncertainty_export/lib/python3.11/site-packages/numpy.libs/libquadmath-96973f99.so.0.0.0
7fd089041000-7fd089047000 r--p 00000000 00:19d 141832290855              /mnt/primary/conda-envs/semantic_uncertainty_export/lib/python3.11/site-packages/pandas/_libs/ops.cpython-311-x86_64-linux-gnu.so
7fd089047000-7fd089071000 r-xp 00006000 00:19d 141832290855              /mnt/primary/conda-envs/semantic_uncertainty_export/lib/python3.11/site-packages/pandas/_libs/ops.cpython-311-x86_64-linux-gnu.so
7fd089071000-7fd089078000 r--p 00030000 00:19d 141832290855              /mnt/primary/conda-envs/semantic_uncertainty_export/lib/python3.11/site-packages/pandas/_libs/ops.cpython-311-x86_64-linux-gnu.so
7fd089078000-7fd089079000 r--p 00036000 00:19d 141832290855              /mnt/primary/conda-envs/semantic_uncertainty_export/lib/python3.11/site-packages/pandas/_libs/ops.cpython-311-x86_64-linux-gnu.so
7fd089079000-7fd08907d000 rw-p 00037000 00:19d 141832290855              /mnt/primary/conda-envs/semantic_uncertainty_export/lib/python3.11/site-packages/pandas/_libs/ops.cpython-311-x86_64-linux-gnu.so
7fd08907d000-7fd0890f1000 r--p 00000000 00:19d 169691131414              /mnt/primary/conda-envs/semantic_uncertainty_export/lib/python3.11/site-packages/pyarrow/libarrow_substrait.so.2000
7fd0890f1000-7fd08932d000 r-xp 00074000 00:19d 169691131414              /mnt/primary/conda-envs/semantic_uncertainty_export/lib/python3.11/site-packages/pyarrow/libarrow_substrait.so.2000
7fd08932d000-7fd0893e6000 r--p 002b0000 00:19d 169691131414              /mnt/primary/conda-envs/semantic_uncertainty_export/lib/python3.11/site-packages/pyarrow/libarrow_substrait.so.2000
7fd0893e6000-7fd0893e7000 ---p 00369000 00:19d 169691131414              /mnt/primary/conda-envs/semantic_uncertainty_export/lib/python3.11/site-packages/pyarrow/libarrow_substrait.so.2000
7fd0893e7000-7fd0893f9000 r--p 00369000 00:19d 169691131414              /mnt/primary/conda-envs/semantic_uncertainty_export/lib/python3.11/site-packages/pyarrow/libarrow_substrait.so.2000
7fd0893f9000-7fd0893fe000 rw-p 0037b000 00:19d 169691131414              /mnt/primary/conda-envs/semantic_uncertainty_export/lib/python3.11/site-packages/pyarrow/libarrow_substrait.so.2000
7fd0893fe000-7fd089400000 rw-p 00000000 00:00 0 
7fd089400000-7fd089676000 r-xp 00000000 00:19d 103483982908              /mnt/primary/conda-envs/semantic_uncertainty_export/lib/python3.11/site-packages/numpy.libs/libgfortran-040039e1.so.5.0.0
7fd089676000-7fd089875000 ---p 00276000 00:19d 103483982908              /mnt/primary/conda-envs/semantic_uncertainty_export/lib/python3.11/site-packages/numpy.libs/libgfortran-040039e1.so.5.0.0
7fd089875000-7fd089876000 r--p 00275000 00:19d 103483982908              /mnt/primary/conda-envs/semantic_uncertainty_export/lib/python3.11/site-packages/numpy.libs/libgfortran-040039e1.so.5.0.0
7fd089876000-7fd089878000 rw-p 00276000 00:19d 103483982908              /mnt/primary/conda-envs/semantic_uncertainty_export/lib/python3.11/site-packages/numpy.libs/libgfortran-040039e1.so.5.0.0
7fd089878000-7fd08988d000 rw-p 0027b000 00:19d 103483982908              /mnt/primary/conda-envs/semantic_uncertainty_export/lib/python3.11/site-packages/numpy.libs/libgfortran-040039e1.so.5.0.0
7fd08988e000-7fd08988f000 r--p 00000000 00:19d 18670668801               /mnt/primary/conda-envs/semantic_uncertainty_export/lib/python3.11/site-packages/markupsafe/_speedups.cpython-311-x86_64-linux-gnu.so
7fd08988f000-7fd089890000 r-xp 00001000 00:19d 18670668801               /mnt/primary/conda-envs/semantic_uncertainty_export/lib/python3.11/site-packages/markupsafe/_speedups.cpython-311-x86_64-linux-gnu.so
7fd089890000-7fd089891000 r--p 00002000 00:19d 18670668801               /mnt/primary/conda-envs/semantic_uncertainty_export/lib/python3.11/site-packages/markupsafe/_speedups.cpython-311-x86_64-linux-gnu.so
7fd089891000-7fd089892000 r--p 00002000 00:19d 18670668801               /mnt/primary/conda-envs/semantic_uncertainty_export/lib/python3.11/site-packages/markupsafe/_speedups.cpython-311-x86_64-linux-gnu.so
7fd089892000-7fd089893000 rw-p 00003000 00:19d 18670668801               /mnt/primary/conda-envs/semantic_uncertainty_export/lib/python3.11/site-packages/markupsafe/_speedups.cpython-311-x86_64-linux-gnu.so
7fd089893000-7fd089895000 r--p 00000000 00:19d 58046899230               /mnt/primary/conda-envs/semantic_uncertainty_export/lib/python3.11/site-packages/bottleneck/reduce.cpython-311-x86_64-linux-gnu.so
7fd089895000-7fd0898a7000 r-xp 00002000 00:19d 58046899230               /mnt/primary/conda-envs/semantic_uncertainty_export/lib/python3.11/site-packages/bottleneck/reduce.cpython-311-x86_64-linux-gnu.so
7fd0898a7000-7fd0898aa000 r--p 00014000 00:19d 58046899230               /mnt/primary/conda-envs/semantic_uncertainty_export/lib/python3.11/site-packages/bottleneck/reduce.cpython-311-x86_64-linux-gnu.so
7fd0898aa000-7fd0898ab000 r--p 00016000 00:19d 58046899230               /mnt/primary/conda-envs/semantic_uncertainty_export/lib/python3.11/site-packages/bottleneck/reduce.cpython-311-x86_64-linux-gnu.so
7fd0898ab000-7fd0898af000 rw-p 00017000 00:19d 58046899230               /mnt/primary/conda-envs/semantic_uncertainty_export/lib/python3.11/site-packages/bottleneck/reduce.cpython-311-x86_64-linux-gnu.so
7fd0898af000-7fd0898bd000 r--p 00000000 00:19d 141832290872              /mnt/primary/conda-envs/semantic_uncertainty_export/lib/python3.11/site-packages/pandas/_libs/lib.cpython-311-x86_64-linux-gnu.so
7fd0898bd000-7fd089944000 r-xp 0000e000 00:19d 141832290872              /mnt/primary/conda-envs/semantic_uncertainty_export/lib/python3.11/site-packages/pandas/_libs/lib.cpython-311-x86_64-linux-gnu.so
7fd089944000-7fd089957000 r--p 00095000 00:19d 141832290872              /mnt/primary/conda-envs/semantic_uncertainty_export/lib/python3.11/site-packages/pandas/_libs/lib.cpython-311-x86_64-linux-gnu.so
7fd089957000-7fd089958000 r--p 000a7000 00:19d 141832290872              /mnt/primary/conda-envs/semantic_uncertainty_export/lib/python3.11/site-packages/pandas/_libs/lib.cpython-311-x86_64-linux-gnu.so
7fd089958000-7fd089967000 rw-p 000a8000 00:19d 141832290872              /mnt/primary/conda-envs/semantic_uncertainty_export/lib/python3.11/site-packages/pandas/_libs/lib.cpython-311-x86_64-linux-gnu.so
7fd089967000-7fd089969000 rw-p 00000000 00:00 0 
7fd089969000-7fd089974000 r--p 00000000 00:19d 146028901890              /mnt/primary/conda-envs/semantic_uncertainty_export/lib/python3.11/site-packages/pandas/_libs/tslibs/period.cpython-311-x86_64-linux-gnu.so
7fd089974000-7fd0899c3000 r-xp 0000b000 00:19d 146028901890              /mnt/primary/conda-envs/semantic_uncertainty_export/lib/python3.11/site-packages/pandas/_libs/tslibs/period.cpython-311-x86_64-linux-gnu.so
7fd0899c3000-7fd0899d8000 r--p 0005a000 00:19d 146028901890              /mnt/primary/conda-envs/semantic_uncertainty_export/lib/python3.11/site-packages/pandas/_libs/tslibs/period.cpython-311-x86_64-linux-gnu.so
7fd0899d8000-7fd0899d9000 r--p 0006e000 00:19d 146028901890              /mnt/primary/conda-envs/semantic_uncertainty_export/lib/python3.11/site-packages/pandas/_libs/tslibs/period.cpython-311-x86_64-linux-gnu.so
7fd0899d9000-7fd0899e3000 rw-p 0006f000 00:19d 146028901890              /mnt/primary/conda-envs/semantic_uncertainty_export/lib/python3.11/site-packages/pandas/_libs/tslibs/period.cpython-311-x86_64-linux-gnu.so
7fd0899e3000-7fd0899e4000 rw-p 00000000 00:00 0 
7fd0899e4000-7fd0899ed000 r--p 00000000 00:19d 146028901896              /mnt/primary/conda-envs/semantic_uncertainty_export/lib/python3.11/site-packages/pandas/_libs/tslibs/strptime.cpython-311-x86_64-linux-gnu.so
7fd0899ed000-7fd089a28000 r-xp 00009000 00:19d 146028901896              /mnt/primary/conda-envs/semantic_uncertainty_export/lib/python3.11/site-packages/pandas/_libs/tslibs/strptime.cpython-311-x86_64-linux-gnu.so
7fd089a28000-7fd089a31000 r--p 00044000 00:19d 146028901896              /mnt/primary/conda-envs/semantic_uncertainty_export/lib/python3.11/site-packages/pandas/_libs/tslibs/strptime.cpython-311-x86_64-linux-gnu.so
7fd089a31000-7fd089a32000 r--p 0004c000 00:19d 146028901896              /mnt/primary/conda-envs/semantic_uncertainty_export/lib/python3.11/site-packages/pandas/_libs/tslibs/strptime.cpython-311-x86_64-linux-gnu.so
7fd089a32000-7fd089a37000 rw-p 0004d000 00:19d 146028901896              /mnt/primary/conda-envs/semantic_uncertainty_export/lib/python3.11/site-packages/pandas/_libs/tslibs/strptime.cpython-311-x86_64-linux-gnu.so
7fd089a37000-7fd089b38000 rw-p 00000000 00:00 0 
7fd089b38000-7fd089b63000 r--p 00000000 00:19d 142613141027              /mnt/primary/conda-envs/semantic_uncertainty_export/lib/python3.11/site-packages/numpy/core/_multiarray_umath.cpython-311-x86_64-linux-gnu.so
7fd089b63000-7fd08a03c000 r-xp 0002b000 00:19d 142613141027              /mnt/primary/conda-envs/semantic_uncertainty_export/lib/python3.11/site-packages/numpy/core/_multiarray_umath.cpython-311-x86_64-linux-gnu.so
7fd08a03c000-7fd08a1b0000 r--p 00504000 00:19d 142613141027              /mnt/primary/conda-envs/semantic_uncertainty_export/lib/python3.11/site-packages/numpy/core/_multiarray_umath.cpython-311-x86_64-linux-gnu.so
7fd08a1b0000-7fd08a1b2000 r--p 00677000 00:19d 142613141027              /mnt/primary/conda-envs/semantic_uncertainty_export/lib/python3.11/site-packages/numpy/core/_multiarray_umath.cpython-311-x86_64-linux-gnu.so
7fd08a1b2000-7fd08a1d5000 rw-p 00679000 00:19d 142613141027              /mnt/primary/conda-envs/semantic_uncertainty_export/lib/python3.11/site-packages/numpy/core/_multiarray_umath.cpython-311-x86_64-linux-gnu.so
7fd08a1d5000-7fd08a1f5000 rw-p 00000000 00:00 0 
7fd08a1f5000-7fd08a200000 rw-p 00705000 00:19d 142613141027              /mnt/primary/conda-envs/semantic_uncertainty_export/lib/python3.11/site-packages/numpy/core/_multiarray_umath.cpython-311-x86_64-linux-gnu.so
7fd08a200000-7fd08a201000 ---p 00000000 00:00 0 
7fd08a201000-7fd08aa01000 rw-p 00000000 00:00 0 
7fd08aa01000-7fd08aa04000 r--p 00000000 00:19d 53859409458               /mnt/primary/conda-envs/semantic_uncertainty_export/lib/python3.11/site-packages/scipy/_lib/messagestream.cpython-311-x86_64-linux-gnu.so
7fd08aa04000-7fd08aa09000 r-xp 00003000 00:19d 53859409458               /mnt/primary/conda-envs/semantic_uncertainty_export/lib/python3.11/site-packages/scipy/_lib/messagestream.cpython-311-x86_64-linux-gnu.so
7fd08aa09000-7fd08aa0b000 r--p 00008000 00:19d 53859409458               /mnt/primary/conda-envs/semantic_uncertainty_export/lib/python3.11/site-packages/scipy/_lib/messagestream.cpython-311-x86_64-linux-gnu.so
7fd08aa0b000-7fd08aa0c000 r--p 00009000 00:19d 53859409458               /mnt/primary/conda-envs/semantic_uncertainty_export/lib/python3.11/site-packages/scipy/_lib/messagestream.cpython-311-x86_64-linux-gnu.so
7fd08aa0c000-7fd08aa0d000 rw-p 0000a000 00:19d 53859409458               /mnt/primary/conda-envs/semantic_uncertainty_export/lib/python3.11/site-packages/scipy/_lib/messagestream.cpython-311-x86_64-linux-gnu.so
7fd08aa0d000-7fd08aa13000 r--p 00000000 00:19d 147963220527              /mnt/primary/conda-envs/semantic_uncertainty_export/lib/python3.11/site-packages/pandas/_libs/tslibs/vectorized.cpython-311-x86_64-linux-gnu.so
7fd08aa13000-7fd08aa38000 r-xp 00006000 00:19d 147963220527              /mnt/primary/conda-envs/semantic_uncertainty_export/lib/python3.11/site-packages/pandas/_libs/tslibs/vectorized.cpython-311-x86_64-linux-gnu.so
7fd08aa38000-7fd08aa3f000 r--p 0002b000 00:19d 147963220527              /mnt/primary/conda-envs/semantic_uncertainty_export/lib/python3.11/site-packages/pandas/_libs/tslibs/vectorized.cpython-311-x86_64-linux-gnu.so
7fd08aa3f000-7fd08aa40000 r--p 00031000 00:19d 147963220527              /mnt/primary/conda-envs/semantic_uncertainty_export/lib/python3.11/site-packages/pandas/_libs/tslibs/vectorized.cpython-311-x86_64-linux-gnu.so
7fd08aa40000-7fd08aa43000 rw-p 00032000 00:19d 147963220527              /mnt/primary/conda-envs/semantic_uncertainty_export/lib/python3.11/site-packages/pandas/_libs/tslibs/vectorized.cpython-311-x86_64-linux-gnu.so
7fd08aa43000-7fd08aa44000 rw-p 00000000 00:00 0 
7fd08aa44000-7fd08aa4e000 r--p 00000000 00:19d 146028901912              /mnt/primary/conda-envs/semantic_uncertainty_export/lib/python3.11/site-packages/pandas/_libs/tslibs/parsing.cpython-311-x86_64-linux-gnu.so
7fd08aa4e000-7fd08aa9d000 r-xp 0000a000 00:19d 146028901912              /mnt/primary/conda-envs/semantic_uncertainty_export/lib/python3.11/site-packages/pandas/_libs/tslibs/parsing.cpython-311-x86_64-linux-gnu.so
7fd08aa9d000-7fd08aaa9000 r--p 00059000 00:19d 146028901912              /mnt/primary/conda-envs/semantic_uncertainty_export/lib/python3.11/site-packages/pandas/_libs/tslibs/parsing.cpython-311-x86_64-linux-gnu.so
7fd08aaa9000-7fd08aaaa000 r--p 00064000 00:19d 146028901912              /mnt/primary/conda-envs/semantic_uncertainty_export/lib/python3.11/site-packages/pandas/_libs/tslibs/parsing.cpython-311-x86_64-linux-gnu.so
7fd08aaaa000-7fd08aab1000 rw-p 00065000 00:19d 146028901912              /mnt/primary/conda-envs/semantic_uncertainty_export/lib/python3.11/site-packages/pandas/_libs/tslibs/parsing.cpython-311-x86_64-linux-gnu.so
7fd08aab1000-7fd08aab2000 rw-p 00000000 00:00 0 
7fd08aab2000-7fd08aab9000 r--p 00000000 00:19d 146028901909              /mnt/primary/conda-envs/semantic_uncertainty_export/lib/python3.11/site-packages/pandas/_libs/tslibs/tzconversion.cpython-311-x86_64-linux-gnu.so
7fd08aab9000-7fd08aaf2000 r-xp 00007000 00:19d 146028901909              /mnt/primary/conda-envs/semantic_uncertainty_export/lib/python3.11/site-packages/pandas/_libs/tslibs/tzconversion.cpython-311-x86_64-linux-gnu.so
7fd08aaf2000-7fd08aafa000 r--p 00040000 00:19d 146028901909              /mnt/primary/conda-envs/semantic_uncertainty_export/lib/python3.11/site-packages/pandas/_libs/tslibs/tzconversion.cpython-311-x86_64-linux-gnu.so
7fd08aafa000-7fd08aafb000 r--p 00047000 00:19d 146028901909              /mnt/primary/conda-envs/semantic_uncertainty_export/lib/python3.11/site-packages/pandas/_libs/tslibs/tzconversion.cpython-311-x86_64-linux-gnu.so
7fd08aafb000-7fd08aaff000 rw-p 00048000 00:19d 146028901909              /mnt/primary/conda-envs/semantic_uncertainty_export/lib/python3.11/site-packages/pandas/_libs/tslibs/tzconversion.cpython-311-x86_64-linux-gnu.so
7fd08aaff000-7fd08ac00000 rw-p 00000000 00:00 0 
7fd08b403000-7fd08b407000 r--p 00000000 00:19d 141832290868              /mnt/primary/conda-envs/semantic_uncertainty_export/lib/python3.11/site-packages/pandas/_libs/arrays.cpython-311-x86_64-linux-gnu.so
7fd08b407000-7fd08b416000 r-xp 00004000 00:19d 141832290868              /mnt/primary/conda-envs/semantic_uncertainty_export/lib/python3.11/site-packages/pandas/_libs/arrays.cpython-311-x86_64-linux-gnu.so
7fd08b416000-7fd08b419000 r--p 00013000 00:19d 141832290868              /mnt/primary/conda-envs/semantic_uncertainty_export/lib/python3.11/site-packages/pandas/_libs/arrays.cpython-311-x86_64-linux-gnu.so
7fd08b419000-7fd08b41a000 r--p 00015000 00:19d 141832290868              /mnt/primary/conda-envs/semantic_uncertainty_export/lib/python3.11/site-packages/pandas/_libs/arrays.cpython-311-x86_64-linux-gnu.so
7fd08b41a000-7fd08b41c000 rw-p 00016000 00:19d 141832290868              /mnt/primary/conda-envs/semantic_uncertainty_export/lib/python3.11/site-packages/pandas/_libs/arrays.cpython-311-x86_64-linux-gnu.so
7fd08b41c000-7fd08b424000 r--p 00000000 00:19d 147963220530              /mnt/primary/conda-envs/semantic_uncertainty_export/lib/python3.11/site-packages/pandas/_libs/tslibs/fields.cpython-311-x86_64-linux-gnu.so
7fd08b424000-7fd08b45d000 r-xp 00008000 00:19d 147963220530              /mnt/primary/conda-envs/semantic_uncertainty_export/lib/python3.11/site-packages/pandas/_libs/tslibs/fields.cpython-311-x86_64-linux-gnu.so
7fd08b45d000-7fd08b466000 r--p 00041000 00:19d 147963220530              /mnt/primary/conda-envs/semantic_uncertainty_export/lib/python3.11/site-packages/pandas/_libs/tslibs/fields.cpython-311-x86_64-linux-gnu.so
7fd08b466000-7fd08b467000 r--p 00049000 00:19d 147963220530              /mnt/primary/conda-envs/semantic_uncertainty_export/lib/python3.11/site-packages/pandas/_libs/tslibs/fields.cpython-311-x86_64-linux-gnu.so
7fd08b467000-7fd08b46c000 rw-p 0004a000 00:19d 147963220530              /mnt/primary/conda-envs/semantic_uncertainty_export/lib/python3.11/site-packages/pandas/_libs/tslibs/fields.cpython-311-x86_64-linux-gnu.so
7fd08b46c000-7fd08b56d000 rw-p 00000000 00:00 0 
7fd08b56d000-7fd08b579000 r--p 00000000 00:19d 146028901903              /mnt/primary/conda-envs/semantic_uncertainty_export/lib/python3.11/site-packages/pandas/_libs/tslibs/timedeltas.cpython-311-x86_64-linux-gnu.so
7fd08b579000-7fd08b5e2000 r-xp 0000c000 00:19d 146028901903              /mnt/primary/conda-envs/semantic_uncertainty_export/lib/python3.11/site-packages/pandas/_libs/tslibs/timedeltas.cpython-311-x86_64-linux-gnu.so
7fd08b5e2000-7fd08b5f4000 r--p 00075000 00:19d 146028901903              /mnt/primary/conda-envs/semantic_uncertainty_export/lib/python3.11/site-packages/pandas/_libs/tslibs/timedeltas.cpython-311-x86_64-linux-gnu.so
7fd08b5f4000-7fd08b5f5000 r--p 00086000 00:19d 146028901903              /mnt/primary/conda-envs/semantic_uncertainty_export/lib/python3.11/site-packages/pandas/_libs/tslibs/timedeltas.cpython-311-x86_64-linux-gnu.so
7fd08b5f5000-7fd08b5ff000 rw-p 00087000 00:19d 146028901903              /mnt/primary/conda-envs/semantic_uncertainty_export/lib/python3.11/site-packages/pandas/_libs/tslibs/timedeltas.cpython-311-x86_64-linux-gnu.so
7fd08b5ff000-7fd08b600000 rw-p 00000000 00:00 0 
7fd08be01000-7fd08be03000 r--p 00000000 00:19d 109564600855              /mnt/primary/conda-envs/semantic_uncertainty_export/lib/python3.11/site-packages/scipy/optimize/_highs/_highs_constants.cpython-311-x86_64-linux-gnu.so
7fd08be03000-7fd08be05000 r-xp 00002000 00:19d 109564600855              /mnt/primary/conda-envs/semantic_uncertainty_export/lib/python3.11/site-packages/scipy/optimize/_highs/_highs_constants.cpython-311-x86_64-linux-gnu.so
7fd08be05000-7fd08be06000 r--p 00004000 00:19d 109564600855              /mnt/primary/conda-envs/semantic_uncertainty_export/lib/python3.11/site-packages/scipy/optimize/_highs/_highs_constants.cpython-311-x86_64-linux-gnu.so
7fd08be06000-7fd08be07000 r--p 00004000 00:19d 109564600855              /mnt/primary/conda-envs/semantic_uncertainty_export/lib/python3.11/site-packages/scipy/optimize/_highs/_highs_constants.cpython-311-x86_64-linux-gnu.so
7fd08be07000-7fd08be08000 rw-p 00005000 00:19d 109564600855              /mnt/primary/conda-envs/semantic_uncertainty_export/lib/python3.11/site-packages/scipy/optimize/_highs/_highs_constants.cpython-311-x86_64-linux-gnu.so
7fd08be08000-7fd08be19000 r--p 00000000 00:19d 147963220524              /mnt/primary/conda-envs/semantic_uncertainty_export/lib/python3.11/site-packages/pandas/_libs/tslibs/offsets.cpython-311-x86_64-linux-gnu.so
7fd08be19000-7fd08becd000 r-xp 00011000 00:19d 147963220524              /mnt/primary/conda-envs/semantic_uncertainty_export/lib/python3.11/site-packages/pandas/_libs/tslibs/offsets.cpython-311-x86_64-linux-gnu.so
7fd08becd000-7fd08beea000 r--p 000c5000 00:19d 147963220524              /mnt/primary/conda-envs/semantic_uncertainty_export/lib/python3.11/site-packages/pandas/_libs/tslibs/offsets.cpython-311-x86_64-linux-gnu.so
7fd08beea000-7fd08beeb000 r--p 000e1000 00:19d 147963220524              /mnt/primary/conda-envs/semantic_uncertainty_export/lib/python3.11/site-packages/pandas/_libs/tslibs/offsets.cpython-311-x86_64-linux-gnu.so
7fd08beeb000-7fd08befd000 rw-p 000e2000 00:19d 147963220524              /mnt/primary/conda-envs/semantic_uncertainty_export/lib/python3.11/site-packages/pandas/_libs/tslibs/offsets.cpython-311-x86_64-linux-gnu.so
7fd08befd000-7fd08c000000 rw-p 00000000 00:00 0 
7fd08c000000-7fd08c021000 rw-p 00000000 00:00 0 
7fd08c021000-7fd090000000 ---p 00000000 00:00 0 
7fd090004000-7fd09004f000 r--p 00000000 00:19d 169691131396              /mnt/primary/conda-envs/semantic_uncertainty_export/lib/python3.11/site-packages/pyarrow/lib.cpython-311-x86_64-linux-gnu.so
7fd09004f000-7fd0902d0000 r-xp 0004b000 00:19d 169691131396              /mnt/primary/conda-envs/semantic_uncertainty_export/lib/python3.11/site-packages/pyarrow/lib.cpython-311-x86_64-linux-gnu.so
7fd0902d0000-7fd0903c8000 r--p 002cc000 00:19d 169691131396              /mnt/primary/conda-envs/semantic_uncertainty_export/lib/python3.11/site-packages/pyarrow/lib.cpython-311-x86_64-linux-gnu.so
7fd0903c8000-7fd0903ca000 r--p 003c3000 00:19d 169691131396              /mnt/primary/conda-envs/semantic_uncertainty_export/lib/python3.11/site-packages/pyarrow/lib.cpython-311-x86_64-linux-gnu.so
7fd0903ca000-7fd0903f2000 rw-p 003c5000 00:19d 169691131396              /mnt/primary/conda-envs/semantic_uncertainty_export/lib/python3.11/site-packages/pyarrow/lib.cpython-311-x86_64-linux-gnu.so
7fd0903f2000-7fd090400000 rw-p 00000000 00:00 0 
7fd090400000-7fd090401000 ---p 00000000 00:00 0 
7fd090401000-7fd090c01000 rw-p 00000000 00:00 0 
7fd090c04000-7fd090c05000 r--p 00000000 00:19d 98787428908               /mnt/primary/conda-envs/semantic_uncertainty_export/lib/python3.11/site-packages/scipy/optimize/_zeros.cpython-311-x86_64-linux-gnu.so
7fd090c05000-7fd090c07000 r-xp 00001000 00:19d 98787428908               /mnt/primary/conda-envs/semantic_uncertainty_export/lib/python3.11/site-packages/scipy/optimize/_zeros.cpython-311-x86_64-linux-gnu.so
7fd090c07000-7fd090c08000 r--p 00003000 00:19d 98787428908               /mnt/primary/conda-envs/semantic_uncertainty_export/lib/python3.11/site-packages/scipy/optimize/_zeros.cpython-311-x86_64-linux-gnu.so
7fd090c08000-7fd090c09000 r--p 00003000 00:19d 98787428908               /mnt/primary/conda-envs/semantic_uncertainty_export/lib/python3.11/site-packages/scipy/optimize/_zeros.cpython-311-x86_64-linux-gnu.so
7fd090c09000-7fd090c0a000 rw-p 00004000 00:19d 98787428908               /mnt/primary/conda-envs/semantic_uncertainty_export/lib/python3.11/site-packages/scipy/optimize/_zeros.cpython-311-x86_64-linux-gnu.so
7fd090c0a000-7fd090c0c000 r--p 00000000 00:19d 58046899229               /mnt/primary/conda-envs/semantic_uncertainty_export/lib/python3.11/site-packages/bottleneck/nonreduce_axis.cpython-311-x86_64-linux-gnu.so
7fd090c0c000-7fd090c12000 r-xp 00002000 00:19d 58046899229               /mnt/primary/conda-envs/semantic_uncertainty_export/lib/python3.11/site-packages/bottleneck/nonreduce_axis.cpython-311-x86_64-linux-gnu.so
7fd090c12000-7fd090c13000 r--p 00008000 00:19d 58046899229               /mnt/primary/conda-envs/semantic_uncertainty_export/lib/python3.11/site-packages/bottleneck/nonreduce_axis.cpython-311-x86_64-linux-gnu.so
7fd090c13000-7fd090c14000 r--p 00008000 00:19d 58046899229               /mnt/primary/conda-envs/semantic_uncertainty_export/lib/python3.11/site-packages/bottleneck/nonreduce_axis.cpython-311-x86_64-linux-gnu.so
7fd090c14000-7fd090c16000 rw-p 00009000 00:19d 58046899229               /mnt/primary/conda-envs/semantic_uncertainty_export/lib/python3.11/site-packages/bottleneck/nonreduce_axis.cpython-311-x86_64-linux-gnu.so
7fd090c16000-7fd090c18000 r--p 00000000 00:19d 58046899227               /mnt/primary/conda-envs/semantic_uncertainty_export/lib/python3.11/site-packages/bottleneck/move.cpython-311-x86_64-linux-gnu.so
7fd090c18000-7fd090c28000 r-xp 00002000 00:19d 58046899227               /mnt/primary/conda-envs/semantic_uncertainty_export/lib/python3.11/site-packages/bottleneck/move.cpython-311-x86_64-linux-gnu.so
7fd090c28000-7fd090c2a000 r--p 00012000 00:19d 58046899227               /mnt/primary/conda-envs/semantic_uncertainty_export/lib/python3.11/site-packages/bottleneck/move.cpython-311-x86_64-linux-gnu.so
7fd090c2a000-7fd090c2b000 r--p 00013000 00:19d 58046899227               /mnt/primary/conda-envs/semantic_uncertainty_export/lib/python3.11/site-packages/bottleneck/move.cpython-311-x86_64-linux-gnu.so
7fd090c2b000-7fd090c2f000 rw-p 00014000 00:19d 58046899227               /mnt/primary/conda-envs/semantic_uncertainty_export/lib/python3.11/site-packages/bottleneck/move.cpython-311-x86_64-linux-gnu.so
7fd090c2f000-7fd090c44000 r--p 00000000 00:19d 141832290833              /mnt/primary/conda-envs/semantic_uncertainty_export/lib/python3.11/site-packages/pandas/_libs/hashtable.cpython-311-x86_64-linux-gnu.so
7fd090c44000-7fd090db1000 r-xp 00015000 00:19d 141832290833              /mnt/primary/conda-envs/semantic_uncertainty_export/lib/python3.11/site-packages/pandas/_libs/hashtable.cpython-311-x86_64-linux-gnu.so
7fd090db1000-7fd090dd7000 r--p 00182000 00:19d 141832290833              /mnt/primary/conda-envs/semantic_uncertainty_export/lib/python3.11/site-packages/pandas/_libs/hashtable.cpython-311-x86_64-linux-gnu.so
7fd090dd7000-7fd090dd8000 r--p 001a7000 00:19d 141832290833              /mnt/primary/conda-envs/semantic_uncertainty_export/lib/python3.11/site-packages/pandas/_libs/hashtable.cpython-311-x86_64-linux-gnu.so
7fd090dd8000-7fd090dfa000 rw-p 001a8000 00:19d 141832290833              /mnt/primary/conda-envs/semantic_uncertainty_export/lib/python3.11/site-packages/pandas/_libs/hashtable.cpython-311-x86_64-linux-gnu.so
7fd090dfa000-7fd090e00000 rw-p 00000000 00:00 0 
7fd090e00000-7fd090e01000 ---p 00000000 00:00 0 
7fd090e01000-7fd091601000 rw-p 00000000 00:00 0 
7fd091603000-7fd091607000 r--p 00000000 00:19d 105315288609              /mnt/primary/conda-envs/semantic_uncertainty_export/lib/python3.11/site-packages/numexpr/interpreter.cpython-311-x86_64-linux-gnu.so
7fd091607000-7fd091623000 r-xp 00004000 00:19d 105315288609              /mnt/primary/conda-envs/semantic_uncertainty_export/lib/python3.11/site-packages/numexpr/interpreter.cpython-311-x86_64-linux-gnu.so
7fd091623000-7fd091626000 r--p 00020000 00:19d 105315288609              /mnt/primary/conda-envs/semantic_uncertainty_export/lib/python3.11/site-packages/numexpr/interpreter.cpython-311-x86_64-linux-gnu.so
7fd091626000-7fd091627000 ---p 00023000 00:19d 105315288609              /mnt/primary/conda-envs/semantic_uncertainty_export/lib/python3.11/site-packages/numexpr/interpreter.cpython-311-x86_64-linux-gnu.so
7fd091627000-7fd091628000 r--p 00023000 00:19d 105315288609              /mnt/primary/conda-envs/semantic_uncertainty_export/lib/python3.11/site-packages/numexpr/interpreter.cpython-311-x86_64-linux-gnu.so
7fd091628000-7fd091629000 rw-p 00024000 00:19d 105315288609              /mnt/primary/conda-envs/semantic_uncertainty_export/lib/python3.11/site-packages/numexpr/interpreter.cpython-311-x86_64-linux-gnu.so
7fd091629000-7fd091630000 r--p 00000000 00:19d 146028901911              /mnt/primary/conda-envs/semantic_uncertainty_export/lib/python3.11/site-packages/pandas/_libs/tslibs/timezones.cpython-311-x86_64-linux-gnu.so
7fd091630000-7fd09165e000 r-xp 00007000 00:19d 146028901911              /mnt/primary/conda-envs/semantic_uncertainty_export/lib/python3.11/site-packages/pandas/_libs/tslibs/timezones.cpython-311-x86_64-linux-gnu.so
7fd09165e000-7fd091666000 r--p 00035000 00:19d 146028901911              /mnt/primary/conda-envs/semantic_uncertainty_export/lib/python3.11/site-packages/pandas/_libs/tslibs/timezones.cpython-311-x86_64-linux-gnu.so
7fd091666000-7fd091667000 r--p 0003c000 00:19d 146028901911              /mnt/primary/conda-envs/semantic_uncertainty_export/lib/python3.11/site-packages/pandas/_libs/tslibs/timezones.cpython-311-x86_64-linux-gnu.so
7fd091667000-7fd09166b000 rw-p 0003d000 00:19d 146028901911              /mnt/primary/conda-envs/semantic_uncertainty_export/lib/python3.11/site-packages/pandas/_libs/tslibs/timezones.cpython-311-x86_64-linux-gnu.so
7fd09166b000-7fd09166c000 rw-p 00000000 00:00 0 
7fd09166c000-7fd091674000 r--p 00000000 00:19d 146028901904              /mnt/primary/conda-envs/semantic_uncertainty_export/lib/python3.11/site-packages/pandas/_libs/tslibs/nattype.cpython-311-x86_64-linux-gnu.so
7fd091674000-7fd091692000 r-xp 00008000 00:19d 146028901904              /mnt/primary/conda-envs/semantic_uncertainty_export/lib/python3.11/site-packages/pandas/_libs/tslibs/nattype.cpython-311-x86_64-linux-gnu.so
7fd091692000-7fd09169e000 r--p 00026000 00:19d 146028901904              /mnt/primary/conda-envs/semantic_uncertainty_export/lib/python3.11/site-packages/pandas/_libs/tslibs/nattype.cpython-311-x86_64-linux-gnu.so
7fd09169e000-7fd09169f000 ---p 00032000 00:19d 146028901904              /mnt/primary/conda-envs/semantic_uncertainty_export/lib/python3.11/site-packages/pandas/_libs/tslibs/nattype.cpython-311-x86_64-linux-gnu.so
7fd09169f000-7fd0916a0000 r--p 00032000 00:19d 146028901904              /mnt/primary/conda-envs/semantic_uncertainty_export/lib/python3.11/site-packages/pandas/_libs/tslibs/nattype.cpython-311-x86_64-linux-gnu.so
7fd0916a0000-7fd0916a5000 rw-p 00033000 00:19d 146028901904              /mnt/primary/conda-envs/semantic_uncertainty_export/lib/python3.11/site-packages/pandas/_libs/tslibs/nattype.cpython-311-x86_64-linux-gnu.so
7fd0916a5000-7fd0916a6000 rw-p 00000000 00:00 0 
7fd0916a6000-7fd0916b5000 r--p 00000000 00:19d 141832290878              /mnt/primary/conda-envs/semantic_uncertainty_export/lib/python3.11/site-packages/pandas/_libs/interval.cpython-311-x86_64-linux-gnu.so
7fd0916b5000-7fd0917cf000 r-xp 0000f000 00:19d 141832290878              /mnt/primary/conda-envs/semantic_uncertainty_export/lib/python3.11/site-packages/pandas/_libs/interval.cpython-311-x86_64-linux-gnu.so
7fd0917cf000-7fd0917f1000 r--p 00129000 00:19d 141832290878              /mnt/primary/conda-envs/semantic_uncertainty_export/lib/python3.11/site-packages/pandas/_libs/interval.cpython-311-x86_64-linux-gnu.so
7fd0917f1000-7fd0917f2000 r--p 0014a000 00:19d 141832290878              /mnt/primary/conda-envs/semantic_uncertainty_export/lib/python3.11/site-packages/pandas/_libs/interval.cpython-311-x86_64-linux-gnu.so
7fd0917f2000-7fd0917fe000 rw-p 0014b000 00:19d 141832290878              /mnt/primary/conda-envs/semantic_uncertainty_export/lib/python3.11/site-packages/pandas/_libs/interval.cpython-311-x86_64-linux-gnu.so
7fd0917fe000-7fd091800000 rw-p 00000000 00:00 0 
7fd092002000-7fd092006000 r--p 00000000 00:19d 141832290862              /mnt/primary/conda-envs/semantic_uncertainty_export/lib/python3.11/site-packages/pandas/_libs/ops_dispatch.cpython-311-x86_64-linux-gnu.so
7fd092006000-7fd09200d000 r-xp 00004000 00:19d 141832290862              /mnt/primary/conda-envs/semantic_uncertainty_export/lib/python3.11/site-packages/pandas/_libs/ops_dispatch.cpython-311-x86_64-linux-gnu.so
7fd09200d000-7fd09200f000 r--p 0000b000 00:19d 141832290862              /mnt/primary/conda-envs/semantic_uncertainty_export/lib/python3.11/site-packages/pandas/_libs/ops_dispatch.cpython-311-x86_64-linux-gnu.so
7fd09200f000-7fd092010000 r--p 0000c000 00:19d 141832290862              /mnt/primary/conda-envs/semantic_uncertainty_export/lib/python3.11/site-packages/pandas/_libs/ops_dispatch.cpython-311-x86_64-linux-gnu.so
7fd092010000-7fd092012000 rw-p 0000d000 00:19d 141832290862              /mnt/primary/conda-envs/semantic_uncertainty_export/lib/python3.11/site-packages/pandas/_libs/ops_dispatch.cpython-311-x86_64-linux-gnu.so
7fd092012000-7fd092015000 r--p 00000000 00:19d 141832290869              /mnt/primary/conda-envs/semantic_uncertainty_export/lib/python3.11/site-packages/pandas/_libs/properties.cpython-311-x86_64-linux-gnu.so
7fd092015000-7fd09201e000 r-xp 00003000 00:19d 141832290869              /mnt/primary/conda-envs/semantic_uncertainty_export/lib/python3.11/site-packages/pandas/_libs/properties.cpython-311-x86_64-linux-gnu.so
7fd09201e000-7fd092020000 r--p 0000c000 00:19d 141832290869              /mnt/primary/conda-envs/semantic_uncertainty_export/lib/python3.11/site-packages/pandas/_libs/properties.cpython-311-x86_64-linux-gnu.so
7fd092020000-7fd092021000 r--p 0000d000 00:19d 141832290869              /mnt/primary/conda-envs/semantic_uncertainty_export/lib/python3.11/site-packages/pandas/_libs/properties.cpython-311-x86_64-linux-gnu.so
7fd092021000-7fd092023000 rw-p 0000e000 00:19d 141832290869              /mnt/primary/conda-envs/semantic_uncertainty_export/lib/python3.11/site-packages/pandas/_libs/properties.cpython-311-x86_64-linux-gnu.so
7fd092023000-7fd092031000 r--p 00000000 00:19d 146028901892              /mnt/primary/conda-envs/semantic_uncertainty_export/lib/python3.11/site-packages/pandas/_libs/tslibs/timestamps.cpython-311-x86_64-linux-gnu.so
7fd092031000-7fd092095000 r-xp 0000e000 00:19d 146028901892              /mnt/primary/conda-envs/semantic_uncertainty_export/lib/python3.11/site-packages/pandas/_libs/tslibs/timestamps.cpython-311-x86_64-linux-gnu.so
7fd092095000-7fd0920af000 r--p 00072000 00:19d 146028901892              /mnt/primary/conda-envs/semantic_uncertainty_export/lib/python3.11/site-packages/pandas/_libs/tslibs/timestamps.cpython-311-x86_64-linux-gnu.so
7fd0920af000-7fd0920b0000 r--p 0008b000 00:19d 146028901892              /mnt/primary/conda-envs/semantic_uncertainty_export/lib/python3.11/site-packages/pandas/_libs/tslibs/timestamps.cpython-311-x86_64-linux-gnu.so
7fd0920b0000-7fd0920c0000 rw-p 0008c000 00:19d 146028901892              /mnt/primary/conda-envs/semantic_uncertainty_export/lib/python3.11/site-packages/pandas/_libs/tslibs/timestamps.cpython-311-x86_64-linux-gnu.so
7fd0920c0000-7fd0920c2000 rw-p 00000000 00:00 0 
7fd0920c2000-7fd0920c9000 r--p 00000000 00:19d 146028901893              /mnt/primary/conda-envs/semantic_uncertainty_export/lib/python3.11/site-packages/pandas/_libs/tslibs/conversion.cpython-311-x86_64-linux-gnu.so
7fd0920c9000-7fd0920f3000 r-xp 00007000 00:19d 146028901893              /mnt/primary/conda-envs/semantic_uncertainty_export/lib/python3.11/site-packages/pandas/_libs/tslibs/conversion.cpython-311-x86_64-linux-gnu.so
7fd0920f3000-7fd0920fa000 r--p 00031000 00:19d 146028901893              /mnt/primary/conda-envs/semantic_uncertainty_export/lib/python3.11/site-packages/pandas/_libs/tslibs/conversion.cpython-311-x86_64-linux-gnu.so
7fd0920fa000-7fd0920fb000 ---p 00038000 00:19d 146028901893              /mnt/primary/conda-envs/semantic_uncertainty_export/lib/python3.11/site-packages/pandas/_libs/tslibs/conversion.cpython-311-x86_64-linux-gnu.so
7fd0920fb000-7fd0920fc000 r--p 00038000 00:19d 146028901893              /mnt/primary/conda-envs/semantic_uncertainty_export/lib/python3.11/site-packages/pandas/_libs/tslibs/conversion.cpython-311-x86_64-linux-gnu.so
7fd0920fc000-7fd092100000 rw-p 00039000 00:19d 146028901893              /mnt/primary/conda-envs/semantic_uncertainty_export/lib/python3.11/site-packages/pandas/_libs/tslibs/conversion.cpython-311-x86_64-linux-gnu.so
7fd092100000-7fd092200000 rw-p 00000000 00:00 0 
7fd092a01000-7fd092a02000 r--p 00000000 00:19d 159264572988              /mnt/primary/conda-envs/semantic_uncertainty_export/lib/python3.11/site-packages/matplotlib/_c_internal_utils.cpython-311-x86_64-linux-gnu.so
7fd092a02000-7fd092a03000 r-xp 00001000 00:19d 159264572988              /mnt/primary/conda-envs/semantic_uncertainty_export/lib/python3.11/site-packages/matplotlib/_c_internal_utils.cpython-311-x86_64-linux-gnu.so
7fd092a03000-7fd092a04000 r--p 00002000 00:19d 159264572988              /mnt/primary/conda-envs/semantic_uncertainty_export/lib/python3.11/site-packages/matplotlib/_c_internal_utils.cpython-311-x86_64-linux-gnu.so
7fd092a04000-7fd092a05000 r--p 00002000 00:19d 159264572988              /mnt/primary/conda-envs/semantic_uncertainty_export/lib/python3.11/site-packages/matplotlib/_c_internal_utils.cpython-311-x86_64-linux-gnu.so
7fd092a05000-7fd092a06000 rw-p 00003000 00:19d 159264572988              /mnt/primary/conda-envs/semantic_uncertainty_export/lib/python3.11/site-packages/matplotlib/_c_internal_utils.cpython-311-x86_64-linux-gnu.so
7fd092a06000-7fd092a09000 r--p 00000000 00:19d 146028901906              /mnt/primary/conda-envs/semantic_uncertainty_export/lib/python3.11/site-packages/pandas/_libs/tslibs/ccalendar.cpython-311-x86_64-linux-gnu.so
7fd092a09000-7fd092a14000 r-xp 00003000 00:19d 146028901906              /mnt/primary/conda-envs/semantic_uncertainty_export/lib/python3.11/site-packages/pandas/_libs/tslibs/ccalendar.cpython-311-x86_64-linux-gnu.so
7fd092a14000-7fd092a16000 r--p 0000e000 00:19d 146028901906              /mnt/primary/conda-envs/semantic_uncertainty_export/lib/python3.11/site-packages/pandas/_libs/tslibs/ccalendar.cpython-311-x86_64-linux-gnu.so
7fd092a16000-7fd092a17000 r--p 0000f000 00:19d 146028901906              /mnt/primary/conda-envs/semantic_uncertainty_export/lib/python3.11/site-packages/pandas/_libs/tslibs/ccalendar.cpython-311-x86_64-linux-gnu.so
7fd092a17000-7fd092a19000 rw-p 00010000 00:19d 146028901906              /mnt/primary/conda-envs/semantic_uncertainty_export/lib/python3.11/site-packages/pandas/_libs/tslibs/ccalendar.cpython-311-x86_64-linux-gnu.so
7fd092a19000-7fd092a1b000 r--p 00000000 00:19d 45438356031               /mnt/primary/conda-envs/semantic_uncertainty_export/lib/python3.11/lib-dynload/_zoneinfo.cpython-311-x86_64-linux-gnu.so
7fd092a1b000-7fd092a20000 r-xp 00002000 00:19d 45438356031               /mnt/primary/conda-envs/semantic_uncertainty_export/lib/python3.11/lib-dynload/_zoneinfo.cpython-311-x86_64-linux-gnu.so
7fd092a20000-7fd092a21000 r--p 00007000 00:19d 45438356031               /mnt/primary/conda-envs/semantic_uncertainty_export/lib/python3.11/lib-dynload/_zoneinfo.cpython-311-x86_64-linux-gnu.so
7fd092a21000-7fd092a22000 ---p 00008000 00:19d 45438356031               /mnt/primary/conda-envs/semantic_uncertainty_export/lib/python3.11/lib-dynload/_zoneinfo.cpython-311-x86_64-linux-gnu.so
7fd092a22000-7fd092a23000 r--p 00008000 00:19d 45438356031               /mnt/primary/conda-envs/semantic_uncertainty_export/lib/python3.11/lib-dynload/_zoneinfo.cpython-311-x86_64-linux-gnu.so
7fd092a23000-7fd092a24000 rw-p 00009000 00:19d 45438356031               /mnt/primary/conda-envs/semantic_uncertainty_export/lib/python3.11/lib-dynload/_zoneinfo.cpython-311-x86_64-linux-gnu.so
7fd092a24000-7fd092a27000 r--p 00000000 00:19d 146028901897              /mnt/primary/conda-envs/semantic_uncertainty_export/lib/python3.11/site-packages/pandas/_libs/tslibs/base.cpython-311-x86_64-linux-gnu.so
7fd092a27000-7fd092a2c000 r-xp 00003000 00:19d 146028901897              /mnt/primary/conda-envs/semantic_uncertainty_export/lib/python3.11/site-packages/pandas/_libs/tslibs/base.cpython-311-x86_64-linux-gnu.so
7fd092a2c000-7fd092a2e000 r--p 00008000 00:19d 146028901897              /mnt/primary/conda-envs/semantic_uncertainty_export/lib/python3.11/site-packages/pandas/_libs/tslibs/base.cpython-311-x86_64-linux-gnu.so
7fd092a2e000-7fd092a2f000 r--p 00009000 00:19d 146028901897              /mnt/primary/conda-envs/semantic_uncertainty_export/lib/python3.11/site-packages/pandas/_libs/tslibs/base.cpython-311-x86_64-linux-gnu.so
7fd092a2f000-7fd092a30000 rw-p 0000a000 00:19d 146028901897              /mnt/primary/conda-envs/semantic_uncertainty_export/lib/python3.11/site-packages/pandas/_libs/tslibs/base.cpython-311-x86_64-linux-gnu.so
7fd092a30000-7fd092a34000 r--p 00000000 00:19d 146028901910              /mnt/primary/conda-envs/semantic_uncertainty_export/lib/python3.11/site-packages/pandas/_libs/tslibs/np_datetime.cpython-311-x86_64-linux-gnu.so
7fd092a34000-7fd092a47000 r-xp 00004000 00:19d 146028901910              /mnt/primary/conda-envs/semantic_uncertainty_export/lib/python3.11/site-packages/pandas/_libs/tslibs/np_datetime.cpython-311-x86_64-linux-gnu.so
7fd092a47000-7fd092a4b000 r--p 00017000 00:19d 146028901910              /mnt/primary/conda-envs/semantic_uncertainty_export/lib/python3.11/site-packages/pandas/_libs/tslibs/np_datetime.cpython-311-x86_64-linux-gnu.so
7fd092a4b000-7fd092a4c000 r--p 0001a000 00:19d 146028901910              /mnt/primary/conda-envs/semantic_uncertainty_export/lib/python3.11/site-packages/pandas/_libs/tslibs/np_datetime.cpython-311-x86_64-linux-gnu.so
7fd092a4c000-7fd092a4e000 rw-p 0001b000 00:19d 146028901910              /mnt/primary/conda-envs/semantic_uncertainty_export/lib/python3.11/site-packages/pandas/_libs/tslibs/np_datetime.cpython-311-x86_64-linux-gnu.so
7fd092a4e000-7fd092a55000 r--p 00000000 00:19d 141832290848              /mnt/primary/conda-envs/semantic_uncertainty_export/lib/python3.11/site-packages/pandas/_libs/missing.cpython-311-x86_64-linux-gnu.so
7fd092a55000-7fd092a75000 r-xp 00007000 00:19d 141832290848              /mnt/primary/conda-envs/semantic_uncertainty_export/lib/python3.11/site-packages/pandas/_libs/missing.cpython-311-x86_64-linux-gnu.so
7fd092a75000-7fd092a7b000 r--p 00027000 00:19d 141832290848              /mnt/primary/conda-envs/semantic_uncertainty_export/lib/python3.11/site-packages/pandas/_libs/missing.cpython-311-x86_64-linux-gnu.so
7fd092a7b000-7fd092a7c000 r--p 0002c000 00:19d 141832290848              /mnt/primary/conda-envs/semantic_uncertainty_export/lib/python3.11/site-packages/pandas/_libs/missing.cpython-311-x86_64-linux-gnu.so
7fd092a7c000-7fd092a80000 rw-p 0002d000 00:19d 141832290848              /mnt/primary/conda-envs/semantic_uncertainty_export/lib/python3.11/site-packages/pandas/_libs/missing.cpython-311-x86_64-linux-gnu.so
7fd092a80000-7fd092a81000 rw-p 00000000 00:00 0 
7fd092a81000-7fd092ad9000 r--p 00000000 00:19d 169691131402              /mnt/primary/conda-envs/semantic_uncertainty_export/lib/python3.11/site-packages/pyarrow/libarrow_acero.so.2000
7fd092ad9000-7fd092bbe000 r-xp 00058000 00:19d 169691131402              /mnt/primary/conda-envs/semantic_uncertainty_export/lib/python3.11/site-packages/pyarrow/libarrow_acero.so.2000
7fd092bbe000-7fd092bf7000 r--p 0013d000 00:19d 169691131402              /mnt/primary/conda-envs/semantic_uncertainty_export/lib/python3.11/site-packages/pyarrow/libarrow_acero.so.2000
7fd092bf7000-7fd092bf8000 ---p 00176000 00:19d 169691131402              /mnt/primary/conda-envs/semantic_uncertainty_export/lib/python3.11/site-packages/pyarrow/libarrow_acero.so.2000
7fd092bf8000-7fd092bfd000 r--p 00176000 00:19d 169691131402              /mnt/primary/conda-envs/semantic_uncertainty_export/lib/python3.11/site-packages/pyarrow/libarrow_acero.so.2000
7fd092bfd000-7fd092c00000 rw-p 0017b000 00:19d 169691131402              /mnt/primary/conda-envs/semantic_uncertainty_export/lib/python3.11/site-packages/pyarrow/libarrow_acero.so.2000
7fd093402000-7fd093404000 r--p 00000000 00:19d 45438459399               /mnt/primary/conda-envs/semantic_uncertainty_export/lib/python3.11/lib-dynload/mmap.cpython-311-x86_64-linux-gnu.so
7fd093404000-7fd093407000 r-xp 00002000 00:19d 45438459399               /mnt/primary/conda-envs/semantic_uncertainty_export/lib/python3.11/lib-dynload/mmap.cpython-311-x86_64-linux-gnu.so
7fd093407000-7fd093409000 r--p 00005000 00:19d 45438459399               /mnt/primary/conda-envs/semantic_uncertainty_export/lib/python3.11/lib-dynload/mmap.cpython-311-x86_64-linux-gnu.so
7fd093409000-7fd09340a000 r--p 00006000 00:19d 45438459399               /mnt/primary/conda-envs/semantic_uncertainty_export/lib/python3.11/lib-dynload/mmap.cpython-311-x86_64-linux-gnu.so
7fd09340a000-7fd09340b000 rw-p 00007000 00:19d 45438459399               /mnt/primary/conda-envs/semantic_uncertainty_export/lib/python3.11/lib-dynload/mmap.cpython-311-x86_64-linux-gnu.so
7fd09340b000-7fd093411000 r--p 00000000 00:19d 146028901907              /mnt/primary/conda-envs/semantic_uncertainty_export/lib/python3.11/site-packages/pandas/_libs/tslibs/dtypes.cpython-311-x86_64-linux-gnu.so
7fd093411000-7fd093429000 r-xp 00006000 00:19d 146028901907              /mnt/primary/conda-envs/semantic_uncertainty_export/lib/python3.11/site-packages/pandas/_libs/tslibs/dtypes.cpython-311-x86_64-linux-gnu.so
7fd093429000-7fd09342e000 r--p 0001e000 00:19d 146028901907              /mnt/primary/conda-envs/semantic_uncertainty_export/lib/python3.11/site-packages/pandas/_libs/tslibs/dtypes.cpython-311-x86_64-linux-gnu.so
7fd09342e000-7fd09342f000 r--p 00022000 00:19d 146028901907              /mnt/primary/conda-envs/semantic_uncertainty_export/lib/python3.11/site-packages/pandas/_libs/tslibs/dtypes.cpython-311-x86_64-linux-gnu.so
7fd09342f000-7fd093433000 rw-p 00023000 00:19d 146028901907              /mnt/primary/conda-envs/semantic_uncertainty_export/lib/python3.11/site-packages/pandas/_libs/tslibs/dtypes.cpython-311-x86_64-linux-gnu.so
7fd093433000-7fd0934dc000 r--p 00000000 00:19d 169691131403              /mnt/primary/conda-envs/semantic_uncertainty_export/lib/python3.11/site-packages/pyarrow/libarrow_dataset.so.2000
7fd0934dc000-7fd0935af000 r-xp 000a9000 00:19d 169691131403              /mnt/primary/conda-envs/semantic_uncertainty_export/lib/python3.11/site-packages/pyarrow/libarrow_dataset.so.2000
7fd0935af000-7fd0935f4000 r--p 0017c000 00:19d 169691131403              /mnt/primary/conda-envs/semantic_uncertainty_export/lib/python3.11/site-packages/pyarrow/libarrow_dataset.so.2000
7fd0935f4000-7fd0935f5000 ---p 001c1000 00:19d 169691131403              /mnt/primary/conda-envs/semantic_uncertainty_export/lib/python3.11/site-packages/pyarrow/libarrow_dataset.so.2000
7fd0935f5000-7fd0935fd000 r--p 001c1000 00:19d 169691131403              /mnt/primary/conda-envs/semantic_uncertainty_export/lib/python3.11/site-packages/pyarrow/libarrow_dataset.so.2000
7fd0935fd000-7fd0935ff000 rw-p 001c9000 00:19d 169691131403              /mnt/primary/conda-envs/semantic_uncertainty_export/lib/python3.11/site-packages/pyarrow/libarrow_dataset.so.2000
7fd0935ff000-7fd093600000 rw-p 00000000 00:00 0 
7fd093e03000-7fd093e04000 r--p 00000000 00:19d 45438356018               /mnt/primary/conda-envs/semantic_uncertainty_export/lib/python3.11/lib-dynload/_statistics.cpython-311-x86_64-linux-gnu.so
7fd093e04000-7fd093e05000 r-xp 00001000 00:19d 45438356018               /mnt/primary/conda-envs/semantic_uncertainty_export/lib/python3.11/lib-dynload/_statistics.cpython-311-x86_64-linux-gnu.so
7fd093e05000-7fd093e06000 r--p 00002000 00:19d 45438356018               /mnt/primary/conda-envs/semantic_uncertainty_export/lib/python3.11/lib-dynload/_statistics.cpython-311-x86_64-linux-gnu.so
7fd093e06000-7fd093e07000 r--p 00002000 00:19d 45438356018               /mnt/primary/conda-envs/semantic_uncertainty_export/lib/python3.11/lib-dynload/_statistics.cpython-311-x86_64-linux-gnu.so
7fd093e07000-7fd093e08000 rw-p 00003000 00:19d 45438356018               /mnt/primary/conda-envs/semantic_uncertainty_export/lib/python3.11/lib-dynload/_statistics.cpython-311-x86_64-linux-gnu.so
7fd093e08000-7fd093e95000 r--p 00000000 00:19d 169691131406              /mnt/primary/conda-envs/semantic_uncertainty_export/lib/python3.11/site-packages/pyarrow/libarrow_python.so.2000
7fd093e95000-7fd093fad000 r-xp 0008d000 00:19d 169691131406              /mnt/primary/conda-envs/semantic_uncertainty_export/lib/python3.11/site-packages/pyarrow/libarrow_python.so.2000
7fd093fad000-7fd093ff1000 r--p 001a5000 00:19d 169691131406              /mnt/primary/conda-envs/semantic_uncertainty_export/lib/python3.11/site-packages/pyarrow/libarrow_python.so.2000
7fd093ff1000-7fd093ffd000 r--p 001e8000 00:19d 169691131406              /mnt/primary/conda-envs/semantic_uncertainty_export/lib/python3.11/site-packages/pyarrow/libarrow_python.so.2000
7fd093ffd000-7fd094000000 rw-p 001f4000 00:19d 169691131406              /mnt/primary/conda-envs/semantic_uncertainty_export/lib/python3.11/site-packages/pyarrow/libarrow_python.so.2000
7fd094000000-7fd0940f7000 rw-p 00000000 00:00 0 
7fd0940f7000-7fd098000000 ---p 00000000 00:00 0 
7fd098002000-7fd098003000 r--p 00000000 00:19d 58046899228               /mnt/primary/conda-envs/semantic_uncertainty_export/lib/python3.11/site-packages/bottleneck/nonreduce.cpython-311-x86_64-linux-gnu.so
7fd098003000-7fd098005000 r-xp 00001000 00:19d 58046899228               /mnt/primary/conda-envs/semantic_uncertainty_export/lib/python3.11/site-packages/bottleneck/nonreduce.cpython-311-x86_64-linux-gnu.so
7fd098005000-7fd098006000 r--p 00003000 00:19d 58046899228               /mnt/primary/conda-envs/semantic_uncertainty_export/lib/python3.11/site-packages/bottleneck/nonreduce.cpython-311-x86_64-linux-gnu.so
7fd098006000-7fd098007000 r--p 00003000 00:19d 58046899228               /mnt/primary/conda-envs/semantic_uncertainty_export/lib/python3.11/site-packages/bottleneck/nonreduce.cpython-311-x86_64-linux-gnu.so
7fd098007000-7fd098008000 rw-p 00004000 00:19d 58046899228               /mnt/primary/conda-envs/semantic_uncertainty_export/lib/python3.11/site-packages/bottleneck/nonreduce.cpython-311-x86_64-linux-gnu.so
7fd098008000-7fd098009000 r--p 00000000 00:19d 141832290861              /mnt/primary/conda-envs/semantic_uncertainty_export/lib/python3.11/site-packages/pandas/_libs/pandas_datetime.cpython-311-x86_64-linux-gnu.so
7fd098009000-7fd09800e000 r-xp 00001000 00:19d 141832290861              /mnt/primary/conda-envs/semantic_uncertainty_export/lib/python3.11/site-packages/pandas/_libs/pandas_datetime.cpython-311-x86_64-linux-gnu.so
7fd09800e000-7fd09800f000 r--p 00006000 00:19d 141832290861              /mnt/primary/conda-envs/semantic_uncertainty_export/lib/python3.11/site-packages/pandas/_libs/pandas_datetime.cpython-311-x86_64-linux-gnu.so
7fd09800f000-7fd098010000 r--p 00006000 00:19d 141832290861              /mnt/primary/conda-envs/semantic_uncertainty_export/lib/python3.11/site-packages/pandas/_libs/pandas_datetime.cpython-311-x86_64-linux-gnu.so
7fd098010000-7fd098011000 rw-p 00007000 00:19d 141832290861              /mnt/primary/conda-envs/semantic_uncertainty_export/lib/python3.11/site-packages/pandas/_libs/pandas_datetime.cpython-311-x86_64-linux-gnu.so
7fd098011000-7fd098013000 r--p 00000000 00:19d 141832290876              /mnt/primary/conda-envs/semantic_uncertainty_export/lib/python3.11/site-packages/pandas/_libs/pandas_parser.cpython-311-x86_64-linux-gnu.so
7fd098013000-7fd098019000 r-xp 00002000 00:19d 141832290876              /mnt/primary/conda-envs/semantic_uncertainty_export/lib/python3.11/site-packages/pandas/_libs/pandas_parser.cpython-311-x86_64-linux-gnu.so
7fd098019000-7fd09801b000 r--p 00008000 00:19d 141832290876              /mnt/primary/conda-envs/semantic_uncertainty_export/lib/python3.11/site-packages/pandas/_libs/pandas_parser.cpython-311-x86_64-linux-gnu.so
7fd09801b000-7fd09801c000 r--p 00009000 00:19d 141832290876              /mnt/primary/conda-envs/semantic_uncertainty_export/lib/python3.11/site-packages/pandas/_libs/pandas_parser.cpython-311-x86_64-linux-gnu.so
7fd09801c000-7fd09801d000 rw-p 0000a000 00:19d 141832290876              /mnt/primary/conda-envs/semantic_uncertainty_export/lib/python3.11/site-packages/pandas/_libs/pandas_parser.cpython-311-x86_64-linux-gnu.so
7fd09801d000-7fd09811d000 rw-p 00000000 00:00 0 
7fd09811d000-7fd098124000 r--p 00000000 00:19d 118502671435              /mnt/primary/conda-envs/semantic_uncertainty_export/lib/python3.11/site-packages/numpy/random/_generator.cpython-311-x86_64-linux-gnu.so
7fd098124000-7fd0981a7000 r-xp 00007000 00:19d 118502671435              /mnt/primary/conda-envs/semantic_uncertainty_export/lib/python3.11/site-packages/numpy/random/_generator.cpython-311-x86_64-linux-gnu.so
7fd0981a7000-7fd0981fb000 r--p 0008a000 00:19d 118502671435              /mnt/primary/conda-envs/semantic_uncertainty_export/lib/python3.11/site-packages/numpy/random/_generator.cpython-311-x86_64-linux-gnu.so
7fd0981fb000-7fd0981fc000 r--p 000dd000 00:19d 118502671435              /mnt/primary/conda-envs/semantic_uncertainty_export/lib/python3.11/site-packages/numpy/random/_generator.cpython-311-x86_64-linux-gnu.so
7fd0981fc000-7fd0981fe000 rw-p 000de000 00:19d 118502671435              /mnt/primary/conda-envs/semantic_uncertainty_export/lib/python3.11/site-packages/numpy/random/_generator.cpython-311-x86_64-linux-gnu.so
7fd0981fe000-7fd098200000 rw-p 00000000 00:00 0 
7fd098200000-7fd098203000 r--p 00000000 00:19d 119235855375              /mnt/primary/conda-envs/semantic_uncertainty_export/lib/python3.11/site-packages/numpy/random/_sfc64.cpython-311-x86_64-linux-gnu.so
7fd098203000-7fd09820c000 r-xp 00003000 00:19d 119235855375              /mnt/primary/conda-envs/semantic_uncertainty_export/lib/python3.11/site-packages/numpy/random/_sfc64.cpython-311-x86_64-linux-gnu.so
7fd09820c000-7fd09820f000 r--p 0000c000 00:19d 119235855375              /mnt/primary/conda-envs/semantic_uncertainty_export/lib/python3.11/site-packages/numpy/random/_sfc64.cpython-311-x86_64-linux-gnu.so
7fd09820f000-7fd098210000 r--p 0000e000 00:19d 119235855375              /mnt/primary/conda-envs/semantic_uncertainty_export/lib/python3.11/site-packages/numpy/random/_sfc64.cpython-311-x86_64-linux-gnu.so
7fd098210000-7fd098211000 rw-p 0000f000 00:19d 119235855375              /mnt/primary/conda-envs/semantic_uncertainty_export/lib/python3.11/site-packages/numpy/random/_sfc64.cpython-311-x86_64-linux-gnu.so
7fd098211000-7fd098214000 r--p 00000000 00:19d 118502671425              /mnt/primary/conda-envs/semantic_uncertainty_export/lib/python3.11/site-packages/numpy/random/_pcg64.cpython-311-x86_64-linux-gnu.so
7fd098214000-7fd098226000 r-xp 00003000 00:19d 118502671425              /mnt/primary/conda-envs/semantic_uncertainty_export/lib/python3.11/site-packages/numpy/random/_pcg64.cpython-311-x86_64-linux-gnu.so
7fd098226000-7fd09822b000 r--p 00015000 00:19d 118502671425              /mnt/primary/conda-envs/semantic_uncertainty_export/lib/python3.11/site-packages/numpy/random/_pcg64.cpython-311-x86_64-linux-gnu.so
7fd09822b000-7fd09822c000 r--p 00019000 00:19d 118502671425              /mnt/primary/conda-envs/semantic_uncertainty_export/lib/python3.11/site-packages/numpy/random/_pcg64.cpython-311-x86_64-linux-gnu.so
7fd09822c000-7fd09822d000 rw-p 0001a000 00:19d 118502671425              /mnt/primary/conda-envs/semantic_uncertainty_export/lib/python3.11/site-packages/numpy/random/_pcg64.cpython-311-x86_64-linux-gnu.so
7fd09822d000-7fd098230000 r--p 00000000 00:19d 119235855376              /mnt/primary/conda-envs/semantic_uncertainty_export/lib/python3.11/site-packages/numpy/random/_philox.cpython-311-x86_64-linux-gnu.so
7fd098230000-7fd09823f000 r-xp 00003000 00:19d 119235855376              /mnt/primary/conda-envs/semantic_uncertainty_export/lib/python3.11/site-packages/numpy/random/_philox.cpython-311-x86_64-linux-gnu.so
7fd09823f000-7fd098243000 r--p 00012000 00:19d 119235855376              /mnt/primary/conda-envs/semantic_uncertainty_export/lib/python3.11/site-packages/numpy/random/_philox.cpython-311-x86_64-linux-gnu.so
7fd098243000-7fd098244000 r--p 00015000 00:19d 119235855376              /mnt/primary/conda-envs/semantic_uncertainty_export/lib/python3.11/site-packages/numpy/random/_philox.cpython-311-x86_64-linux-gnu.so
7fd098244000-7fd098245000 rw-p 00016000 00:19d 119235855376              /mnt/primary/conda-envs/semantic_uncertainty_export/lib/python3.11/site-packages/numpy/random/_philox.cpython-311-x86_64-linux-gnu.so
7fd098245000-7fd098248000 r--p 00000000 00:19d 118502671430              /mnt/primary/conda-envs/semantic_uncertainty_export/lib/python3.11/site-packages/numpy/random/_mt19937.cpython-311-x86_64-linux-gnu.so
7fd098248000-7fd098259000 r-xp 00003000 00:19d 118502671430              /mnt/primary/conda-envs/semantic_uncertainty_export/lib/python3.11/site-packages/numpy/random/_mt19937.cpython-311-x86_64-linux-gnu.so
7fd098259000-7fd09825e000 r--p 00014000 00:19d 118502671430              /mnt/primary/conda-envs/semantic_uncertainty_export/lib/python3.11/site-packages/numpy/random/_mt19937.cpython-311-x86_64-linux-gnu.so
7fd09825e000-7fd09825f000 r--p 00018000 00:19d 118502671430              /mnt/primary/conda-envs/semantic_uncertainty_export/lib/python3.11/site-packages/numpy/random/_mt19937.cpython-311-x86_64-linux-gnu.so
7fd09825f000-7fd098260000 rw-p 00019000 00:19d 118502671430              /mnt/primary/conda-envs/semantic_uncertainty_export/lib/python3.11/site-packages/numpy/random/_mt19937.cpython-311-x86_64-linux-gnu.so
7fd098260000-7fd098264000 r--p 00000000 00:19d 118502671429              /mnt/primary/conda-envs/semantic_uncertainty_export/lib/python3.11/site-packages/numpy/random/_bounded_integers.cpython-311-x86_64-linux-gnu.so
7fd098264000-7fd0982aa000 r-xp 00004000 00:19d 118502671429              /mnt/primary/conda-envs/semantic_uncertainty_export/lib/python3.11/site-packages/numpy/random/_bounded_integers.cpython-311-x86_64-linux-gnu.so
7fd0982aa000-7fd0982b3000 r--p 0004a000 00:19d 118502671429              /mnt/primary/conda-envs/semantic_uncertainty_export/lib/python3.11/site-packages/numpy/random/_bounded_integers.cpython-311-x86_64-linux-gnu.so
7fd0982b3000-7fd0982b4000 r--p 00052000 00:19d 118502671429              /mnt/primary/conda-envs/semantic_uncertainty_export/lib/python3.11/site-packages/numpy/random/_bounded_integers.cpython-311-x86_64-linux-gnu.so
7fd0982b4000-7fd0982b5000 rw-p 00053000 00:19d 118502671429              /mnt/primary/conda-envs/semantic_uncertainty_export/lib/python3.11/site-packages/numpy/random/_bounded_integers.cpython-311-x86_64-linux-gnu.so
7fd0982b5000-7fd0982b6000 rw-p 00000000 00:00 0 
7fd0982b6000-7fd0982ba000 r--p 00000000 00:19d 118502671436              /mnt/primary/conda-envs/semantic_uncertainty_export/lib/python3.11/site-packages/numpy/random/_common.cpython-311-x86_64-linux-gnu.so
7fd0982ba000-7fd0982ec000 r-xp 00004000 00:19d 118502671436              /mnt/primary/conda-envs/semantic_uncertainty_export/lib/python3.11/site-packages/numpy/random/_common.cpython-311-x86_64-linux-gnu.so
7fd0982ec000-7fd0982f0000 r--p 00036000 00:19d 118502671436              /mnt/primary/conda-envs/semantic_uncertainty_export/lib/python3.11/site-packages/numpy/random/_common.cpython-311-x86_64-linux-gnu.so
7fd0982f0000-7fd0982f1000 ---p 0003a000 00:19d 118502671436              /mnt/primary/conda-envs/semantic_uncertainty_export/lib/python3.11/site-packages/numpy/random/_common.cpython-311-x86_64-linux-gnu.so
7fd0982f1000-7fd0982f2000 r--p 0003a000 00:19d 118502671436              /mnt/primary/conda-envs/semantic_uncertainty_export/lib/python3.11/site-packages/numpy/random/_common.cpython-311-x86_64-linux-gnu.so
7fd0982f2000-7fd0982f3000 rw-p 0003b000 00:19d 118502671436              /mnt/primary/conda-envs/semantic_uncertainty_export/lib/python3.11/site-packages/numpy/random/_common.cpython-311-x86_64-linux-gnu.so
7fd0982f3000-7fd0982f4000 rw-p 00000000 00:00 0 
7fd0982f4000-7fd0982f9000 r--p 00000000 00:19d 118502671427              /mnt/primary/conda-envs/semantic_uncertainty_export/lib/python3.11/site-packages/numpy/random/bit_generator.cpython-311-x86_64-linux-gnu.so
7fd0982f9000-7fd09831c000 r-xp 00005000 00:19d 118502671427              /mnt/primary/conda-envs/semantic_uncertainty_export/lib/python3.11/site-packages/numpy/random/bit_generator.cpython-311-x86_64-linux-gnu.so
7fd09831c000-7fd098326000 r--p 00028000 00:19d 118502671427              /mnt/primary/conda-envs/semantic_uncertainty_export/lib/python3.11/site-packages/numpy/random/bit_generator.cpython-311-x86_64-linux-gnu.so
7fd098326000-7fd098327000 r--p 00031000 00:19d 118502671427              /mnt/primary/conda-envs/semantic_uncertainty_export/lib/python3.11/site-packages/numpy/random/bit_generator.cpython-311-x86_64-linux-gnu.so
7fd098327000-7fd098329000 rw-p 00032000 00:19d 118502671427              /mnt/primary/conda-envs/semantic_uncertainty_export/lib/python3.11/site-packages/numpy/random/bit_generator.cpython-311-x86_64-linux-gnu.so
7fd098329000-7fd09832a000 rw-p 00000000 00:00 0 
7fd09832e000-7fd09832f000 r--p 00000000 00:19d 58045527585               /mnt/primary/conda-envs/semantic_uncertainty_export/lib/python3.11/site-packages/torch/_C.cpython-311-x86_64-linux-gnu.so
7fd09832f000-7fd098330000 r-xp 00001000 00:19d 58045527585               /mnt/primary/conda-envs/semantic_uncertainty_export/lib/python3.11/site-packages/torch/_C.cpython-311-x86_64-linux-gnu.so
7fd098330000-7fd098331000 r--p 00002000 00:19d 58045527585               /mnt/primary/conda-envs/semantic_uncertainty_export/lib/python3.11/site-packages/torch/_C.cpython-311-x86_64-linux-gnu.so
7fd098331000-7fd098332000 r--p 00002000 00:19d 58045527585               /mnt/primary/conda-envs/semantic_uncertainty_export/lib/python3.11/site-packages/torch/_C.cpython-311-x86_64-linux-gnu.so
7fd098332000-7fd098333000 rw-p 00003000 00:19d 58045527585               /mnt/primary/conda-envs/semantic_uncertainty_export/lib/python3.11/site-packages/torch/_C.cpython-311-x86_64-linux-gnu.so
7fd098333000-7fd098334000 rw-p 00009000 00:19d 58045527585               /mnt/primary/conda-envs/semantic_uncertainty_export/lib/python3.11/site-packages/torch/_C.cpython-311-x86_64-linux-gnu.so
7fd098334000-7fd098335000 r--p 00000000 00:19d 97122185268               /mnt/primary/conda-envs/semantic_uncertainty_export/lib/python3.11/site-packages/torch/lib/libtorch_global_deps.so
7fd098335000-7fd098336000 r-xp 00001000 00:19d 97122185268               /mnt/primary/conda-envs/semantic_uncertainty_export/lib/python3.11/site-packages/torch/lib/libtorch_global_deps.so
7fd098336000-7fd098337000 r--p 00002000 00:19d 97122185268               /mnt/primary/conda-envs/semantic_uncertainty_export/lib/python3.11/site-packages/torch/lib/libtorch_global_deps.so
7fd098337000-7fd098338000 r--p 00002000 00:19d 97122185268               /mnt/primary/conda-envs/semantic_uncertainty_export/lib/python3.11/site-packages/torch/lib/libtorch_global_deps.so
7fd098338000-7fd09833b000 rw-p 00003000 00:19d 97122185268               /mnt/primary/conda-envs/semantic_uncertainty_export/lib/python3.11/site-packages/torch/lib/libtorch_global_deps.so
7fd09833b000-7fd09833d000 r--p 00000000 00:19d 120262025725              /mnt/primary/conda-envs/semantic_uncertainty_export/lib/python3.11/site-packages/sklearn/utils/_sorting.cpython-311-x86_64-linux-gnu.so
7fd09833d000-7fd09833f000 r-xp 00002000 00:19d 120262025725              /mnt/primary/conda-envs/semantic_uncertainty_export/lib/python3.11/site-packages/sklearn/utils/_sorting.cpython-311-x86_64-linux-gnu.so
7fd09833f000-7fd098340000 r--p 00004000 00:19d 120262025725              /mnt/primary/conda-envs/semantic_uncertainty_export/lib/python3.11/site-packages/sklearn/utils/_sorting.cpython-311-x86_64-linux-gnu.so
7fd098340000-7fd098341000 r--p 00004000 00:19d 120262025725              /mnt/primary/conda-envs/semantic_uncertainty_export/lib/python3.11/site-packages/sklearn/utils/_sorting.cpython-311-x86_64-linux-gnu.so
7fd098341000-7fd098342000 rw-p 00005000 00:19d 120262025725              /mnt/primary/conda-envs/semantic_uncertainty_export/lib/python3.11/site-packages/sklearn/utils/_sorting.cpython-311-x86_64-linux-gnu.so
7fd098342000-7fd098344000 rw-p 00007000 00:19d 120262025725              /mnt/primary/conda-envs/semantic_uncertainty_export/lib/python3.11/site-packages/sklearn/utils/_sorting.cpython-311-x86_64-linux-gnu.so
7fd098344000-7fd098346000 r--p 00000000 00:19d 120262026763              /mnt/primary/conda-envs/semantic_uncertainty_export/lib/python3.11/site-packages/sklearn/utils/_heap.cpython-311-x86_64-linux-gnu.so
7fd098346000-7fd098348000 r-xp 00002000 00:19d 120262026763              /mnt/primary/conda-envs/semantic_uncertainty_export/lib/python3.11/site-packages/sklearn/utils/_heap.cpython-311-x86_64-linux-gnu.so
7fd098348000-7fd098349000 r--p 00004000 00:19d 120262026763              /mnt/primary/conda-envs/semantic_uncertainty_export/lib/python3.11/site-packages/sklearn/utils/_heap.cpython-311-x86_64-linux-gnu.so
7fd098349000-7fd09834a000 r--p 00004000 00:19d 120262026763              /mnt/primary/conda-envs/semantic_uncertainty_export/lib/python3.11/site-packages/sklearn/utils/_heap.cpython-311-x86_64-linux-gnu.so
7fd09834a000-7fd09834b000 rw-p 00005000 00:19d 120262026763              /mnt/primary/conda-envs/semantic_uncertainty_export/lib/python3.11/site-packages/sklearn/utils/_heap.cpython-311-x86_64-linux-gnu.so
7fd09834b000-7fd09834d000 rw-p 00007000 00:19d 120262026763              /mnt/primary/conda-envs/semantic_uncertainty_export/lib/python3.11/site-packages/sklearn/utils/_heap.cpython-311-x86_64-linux-gnu.so
7fd09834d000-7fd098353000 r--p 00000000 00:19d 88099477524               /mnt/primary/conda-envs/semantic_uncertainty_export/lib/python3.11/site-packages/sklearn/metrics/cluster/_expected_mutual_info_fast.cpython-311-x86_64-linux-gnu.so
7fd098353000-7fd09836f000 r-xp 00006000 00:19d 88099477524               /mnt/primary/conda-envs/semantic_uncertainty_export/lib/python3.11/site-packages/sklearn/metrics/cluster/_expected_mutual_info_fast.cpython-311-x86_64-linux-gnu.so
7fd09836f000-7fd098375000 r--p 00022000 00:19d 88099477524               /mnt/primary/conda-envs/semantic_uncertainty_export/lib/python3.11/site-packages/sklearn/metrics/cluster/_expected_mutual_info_fast.cpython-311-x86_64-linux-gnu.so
7fd098375000-7fd098376000 r--p 00027000 00:19d 88099477524               /mnt/primary/conda-envs/semantic_uncertainty_export/lib/python3.11/site-packages/sklearn/metrics/cluster/_expected_mutual_info_fast.cpython-311-x86_64-linux-gnu.so
7fd098376000-7fd098379000 rw-p 00028000 00:19d 88099477524               /mnt/primary/conda-envs/semantic_uncertainty_export/lib/python3.11/site-packages/sklearn/metrics/cluster/_expected_mutual_info_fast.cpython-311-x86_64-linux-gnu.so
7fd098379000-7fd09837a000 rw-p 00000000 00:00 0 
7fd09837a000-7fd09837d000 rw-p 00034000 00:19d 88099477524               /mnt/primary/conda-envs/semantic_uncertainty_export/lib/python3.11/site-packages/sklearn/metrics/cluster/_expected_mutual_info_fast.cpython-311-x86_64-linux-gnu.so
7fd09837d000-7fd098380000 r--p 00000000 00:19d 120262026791              /mnt/primary/conda-envs/semantic_uncertainty_export/lib/python3.11/site-packages/sklearn/utils/_openmp_helpers.cpython-311-x86_64-linux-gnu.so
7fd098380000-7fd098384000 r-xp 00003000 00:19d 120262026791              /mnt/primary/conda-envs/semantic_uncertainty_export/lib/python3.11/site-packages/sklearn/utils/_openmp_helpers.cpython-311-x86_64-linux-gnu.so
7fd098384000-7fd098385000 r--p 00007000 00:19d 120262026791              /mnt/primary/conda-envs/semantic_uncertainty_export/lib/python3.11/site-packages/sklearn/utils/_openmp_helpers.cpython-311-x86_64-linux-gnu.so
7fd098385000-7fd098386000 r--p 00007000 00:19d 120262026791              /mnt/primary/conda-envs/semantic_uncertainty_export/lib/python3.11/site-packages/sklearn/utils/_openmp_helpers.cpython-311-x86_64-linux-gnu.so
7fd098386000-7fd098387000 rw-p 00008000 00:19d 120262026791              /mnt/primary/conda-envs/semantic_uncertainty_export/lib/python3.11/site-packages/sklearn/utils/_openmp_helpers.cpython-311-x86_64-linux-gnu.so
7fd098387000-7fd09838a000 rw-p 0000c000 00:19d 120262026791              /mnt/primary/conda-envs/semantic_uncertainty_export/lib/python3.11/site-packages/sklearn/utils/_openmp_helpers.cpython-311-x86_64-linux-gnu.so
7fd09838a000-7fd098390000 r--p 00000000 00:19d 120262026757              /mnt/primary/conda-envs/semantic_uncertainty_export/lib/python3.11/site-packages/sklearn/utils/murmurhash.cpython-311-x86_64-linux-gnu.so
7fd098390000-7fd0983ac000 r-xp 00006000 00:19d 120262026757              /mnt/primary/conda-envs/semantic_uncertainty_export/lib/python3.11/site-packages/sklearn/utils/murmurhash.cpython-311-x86_64-linux-gnu.so
7fd0983ac000-7fd0983b3000 r--p 00022000 00:19d 120262026757              /mnt/primary/conda-envs/semantic_uncertainty_export/lib/python3.11/site-packages/sklearn/utils/murmurhash.cpython-311-x86_64-linux-gnu.so
7fd0983b3000-7fd0983b4000 r--p 00028000 00:19d 120262026757              /mnt/primary/conda-envs/semantic_uncertainty_export/lib/python3.11/site-packages/sklearn/utils/murmurhash.cpython-311-x86_64-linux-gnu.so
7fd0983b4000-7fd0983b7000 rw-p 00029000 00:19d 120262026757              /mnt/primary/conda-envs/semantic_uncertainty_export/lib/python3.11/site-packages/sklearn/utils/murmurhash.cpython-311-x86_64-linux-gnu.so
7fd0983b7000-7fd0983b8000 rw-p 00000000 00:00 0 
7fd0983b8000-7fd0983bc000 rw-p 00035000 00:19d 120262026757              /mnt/primary/conda-envs/semantic_uncertainty_export/lib/python3.11/site-packages/sklearn/utils/murmurhash.cpython-311-x86_64-linux-gnu.so
7fd0983bc000-7fd0983c3000 r--p 00000000 00:19d 120262026761              /mnt/primary/conda-envs/semantic_uncertainty_export/lib/python3.11/site-packages/sklearn/utils/_isfinite.cpython-311-x86_64-linux-gnu.so
7fd0983c3000-7fd0983e1000 r-xp 00007000 00:19d 120262026761              /mnt/primary/conda-envs/semantic_uncertainty_export/lib/python3.11/site-packages/sklearn/utils/_isfinite.cpython-311-x86_64-linux-gnu.so
7fd0983e1000-7fd0983e8000 r--p 00025000 00:19d 120262026761              /mnt/primary/conda-envs/semantic_uncertainty_export/lib/python3.11/site-packages/sklearn/utils/_isfinite.cpython-311-x86_64-linux-gnu.so
7fd0983e8000-7fd0983e9000 ---p 0002c000 00:19d 120262026761              /mnt/primary/conda-envs/semantic_uncertainty_export/lib/python3.11/site-packages/sklearn/utils/_isfinite.cpython-311-x86_64-linux-gnu.so
7fd0983e9000-7fd0983ea000 r--p 0002c000 00:19d 120262026761              /mnt/primary/conda-envs/semantic_uncertainty_export/lib/python3.11/site-packages/sklearn/utils/_isfinite.cpython-311-x86_64-linux-gnu.so
7fd0983ea000-7fd0983ee000 rw-p 0002d000 00:19d 120262026761              /mnt/primary/conda-envs/semantic_uncertainty_export/lib/python3.11/site-packages/sklearn/utils/_isfinite.cpython-311-x86_64-linux-gnu.so
7fd0983ee000-7fd0983f1000 rw-p 0003b000 00:19d 120262026761              /mnt/primary/conda-envs/semantic_uncertainty_export/lib/python3.11/site-packages/sklearn/utils/_isfinite.cpython-311-x86_64-linux-gnu.so
7fd0983f1000-7fd0983f3000 r--p 00000000 00:19d 45438356004               /mnt/primary/conda-envs/semantic_uncertainty_export/lib/python3.11/lib-dynload/_multiprocessing.cpython-311-x86_64-linux-gnu.so
7fd0983f3000-7fd0983f4000 r-xp 00002000 00:19d 45438356004               /mnt/primary/conda-envs/semantic_uncertainty_export/lib/python3.11/lib-dynload/_multiprocessing.cpython-311-x86_64-linux-gnu.so
7fd0983f4000-7fd0983f5000 r--p 00003000 00:19d 45438356004               /mnt/primary/conda-envs/semantic_uncertainty_export/lib/python3.11/lib-dynload/_multiprocessing.cpython-311-x86_64-linux-gnu.so
7fd0983f5000-7fd0983f6000 r--p 00003000 00:19d 45438356004               /mnt/primary/conda-envs/semantic_uncertainty_export/lib/python3.11/lib-dynload/_multiprocessing.cpython-311-x86_64-linux-gnu.so
7fd0983f6000-7fd0983f7000 rw-p 00004000 00:19d 45438356004               /mnt/primary/conda-envs/semantic_uncertainty_export/lib/python3.11/lib-dynload/_multiprocessing.cpython-311-x86_64-linux-gnu.so
7fd0983f7000-7fd0983f9000 r--p 00000000 00:19d 24813113                  /mnt/primary/conda-envs/semantic_uncertainty_export/lib/python3.11/site-packages/sklearn/__check_build/_check_build.cpython-311-x86_64-linux-gnu.so
7fd0983f9000-7fd0983fb000 r-xp 00002000 00:19d 24813113                  /mnt/primary/conda-envs/semantic_uncertainty_export/lib/python3.11/site-packages/sklearn/__check_build/_check_build.cpython-311-x86_64-linux-gnu.so
7fd0983fb000-7fd0983fc000 r--p 00004000 00:19d 24813113                  /mnt/primary/conda-envs/semantic_uncertainty_export/lib/python3.11/site-packages/sklearn/__check_build/_check_build.cpython-311-x86_64-linux-gnu.so
7fd0983fc000-7fd0983fd000 r--p 00004000 00:19d 24813113                  /mnt/primary/conda-envs/semantic_uncertainty_export/lib/python3.11/site-packages/sklearn/__check_build/_check_build.cpython-311-x86_64-linux-gnu.so
7fd0983fd000-7fd0983fe000 rw-p 00005000 00:19d 24813113                  /mnt/primary/conda-envs/semantic_uncertainty_export/lib/python3.11/site-packages/sklearn/__check_build/_check_build.cpython-311-x86_64-linux-gnu.so
7fd0983fe000-7fd098400000 rw-p 00008000 00:19d 24813113                  /mnt/primary/conda-envs/semantic_uncertainty_export/lib/python3.11/site-packages/sklearn/__check_build/_check_build.cpython-311-x86_64-linux-gnu.so
7fd098400000-7fd098600000 rw-p 00000000 00:00 0 
7fd098e01000-7fd098e06000 r--p 00000000 00:19d 118502671437              /mnt/primary/conda-envs/semantic_uncertainty_export/lib/python3.11/site-packages/numpy/random/mtrand.cpython-311-x86_64-linux-gnu.so
7fd098e06000-7fd098e5f000 r-xp 00005000 00:19d 118502671437              /mnt/primary/conda-envs/semantic_uncertainty_export/lib/python3.11/site-packages/numpy/random/mtrand.cpython-311-x86_64-linux-gnu.so
7fd098e5f000-7fd098eb0000 r--p 0005e000 00:19d 118502671437              /mnt/primary/conda-envs/semantic_uncertainty_export/lib/python3.11/site-packages/numpy/random/mtrand.cpython-311-x86_64-linux-gnu.so
7fd098eb0000-7fd098eb1000 r--p 000ae000 00:19d 118502671437              /mnt/primary/conda-envs/semantic_uncertainty_export/lib/python3.11/site-packages/numpy/random/mtrand.cpython-311-x86_64-linux-gnu.so
7fd098eb1000-7fd098eb2000 rw-p 000af000 00:19d 118502671437              /mnt/primary/conda-envs/semantic_uncertainty_export/lib/python3.11/site-packages/numpy/random/mtrand.cpython-311-x86_64-linux-gnu.so
7fd098eb2000-7fd098eb4000 rw-p 00000000 00:00 0 
7fd098eb4000-7fd098eba000 r--p 00000000 00:19d 163283469321              /mnt/primary/conda-envs/semantic_uncertainty_export/lib/python3.11/site-packages/numpy/linalg/_umath_linalg.cpython-311-x86_64-linux-gnu.so
7fd098eba000-7fd098ed5000 r-xp 00006000 00:19d 163283469321              /mnt/primary/conda-envs/semantic_uncertainty_export/lib/python3.11/site-packages/numpy/linalg/_umath_linalg.cpython-311-x86_64-linux-gnu.so
7fd098ed5000-7fd098eda000 r--p 00021000 00:19d 163283469321              /mnt/primary/conda-envs/semantic_uncertainty_export/lib/python3.11/site-packages/numpy/linalg/_umath_linalg.cpython-311-x86_64-linux-gnu.so
7fd098eda000-7fd098edb000 r--p 00025000 00:19d 163283469321              /mnt/primary/conda-envs/semantic_uncertainty_export/lib/python3.11/site-packages/numpy/linalg/_umath_linalg.cpython-311-x86_64-linux-gnu.so
7fd098edb000-7fd098edc000 rw-p 00026000 00:19d 163283469321              /mnt/primary/conda-envs/semantic_uncertainty_export/lib/python3.11/site-packages/numpy/linalg/_umath_linalg.cpython-311-x86_64-linux-gnu.so
7fd098edc000-7fd098edf000 rw-p 0002d000 00:19d 163283469321              /mnt/primary/conda-envs/semantic_uncertainty_export/lib/python3.11/site-packages/numpy/linalg/_umath_linalg.cpython-311-x86_64-linux-gnu.so
7fd098edf000-7fd098ee6000 r--p 00000000 00:19d 142613141013              /mnt/primary/conda-envs/semantic_uncertainty_export/lib/python3.11/site-packages/numpy/core/_multiarray_tests.cpython-311-x86_64-linux-gnu.so
7fd098ee6000-7fd098ef7000 r-xp 00007000 00:19d 142613141013              /mnt/primary/conda-envs/semantic_uncertainty_export/lib/python3.11/site-packages/numpy/core/_multiarray_tests.cpython-311-x86_64-linux-gnu.so
7fd098ef7000-7fd098efc000 r--p 00018000 00:19d 142613141013              /mnt/primary/conda-envs/semantic_uncertainty_export/lib/python3.11/site-packages/numpy/core/_multiarray_tests.cpython-311-x86_64-linux-gnu.so
7fd098efc000-7fd098efd000 ---p 0001d000 00:19d 142613141013              /mnt/primary/conda-envs/semantic_uncertainty_export/lib/python3.11/site-packages/numpy/core/_multiarray_tests.cpython-311-x86_64-linux-gnu.so
7fd098efd000-7fd098efe000 r--p 0001d000 00:19d 142613141013              /mnt/primary/conda-envs/semantic_uncertainty_export/lib/python3.11/site-packages/numpy/core/_multiarray_tests.cpython-311-x86_64-linux-gnu.so
7fd098efe000-7fd098f00000 rw-p 0001e000 00:19d 142613141013              /mnt/primary/conda-envs/semantic_uncertainty_export/lib/python3.11/site-packages/numpy/core/_multiarray_tests.cpython-311-x86_64-linux-gnu.so
7fd098f00000-7fd099000000 rw-p 00000000 00:00 0 
7fd099000000-7fd099001000 ---p 00000000 00:00 0 
7fd099001000-7fd099801000 rw-p 00000000 00:00 0 
7fd099801000-7fd099802000 ---p 00000000 00:00 0 
7fd099802000-7fd099803000 r--p 00000000 00:00 0 
7fd099803000-7fd099805000 r--p 00000000 00:19d 45438459397               /mnt/primary/conda-envs/semantic_uncertainty_export/lib/python3.11/lib-dynload/grp.cpython-311-x86_64-linux-gnu.so
7fd099805000-7fd099806000 r-xp 00002000 00:19d 45438459397               /mnt/primary/conda-envs/semantic_uncertainty_export/lib/python3.11/lib-dynload/grp.cpython-311-x86_64-linux-gnu.so
7fd099806000-7fd099807000 r--p 00003000 00:19d 45438459397               /mnt/primary/conda-envs/semantic_uncertainty_export/lib/python3.11/lib-dynload/grp.cpython-311-x86_64-linux-gnu.so
7fd099807000-7fd099808000 r--p 00003000 00:19d 45438459397               /mnt/primary/conda-envs/semantic_uncertainty_export/lib/python3.11/lib-dynload/grp.cpython-311-x86_64-linux-gnu.so
7fd099808000-7fd099809000 rw-p 00004000 00:19d 45438459397               /mnt/primary/conda-envs/semantic_uncertainty_export/lib/python3.11/lib-dynload/grp.cpython-311-x86_64-linux-gnu.so
7fd099809000-7fd09980a000 r--p 00000000 00:19d 56240088113               /mnt/primary/conda-envs/semantic_uncertainty_export/lib/python3.11/site-packages/numpy/fft/_pocketfft_internal.cpython-311-x86_64-linux-gnu.so
7fd09980a000-7fd09981d000 r-xp 00001000 00:19d 56240088113               /mnt/primary/conda-envs/semantic_uncertainty_export/lib/python3.11/site-packages/numpy/fft/_pocketfft_internal.cpython-311-x86_64-linux-gnu.so
7fd09981d000-7fd09981f000 r--p 00014000 00:19d 56240088113               /mnt/primary/conda-envs/semantic_uncertainty_export/lib/python3.11/site-packages/numpy/fft/_pocketfft_internal.cpython-311-x86_64-linux-gnu.so
7fd09981f000-7fd099820000 r--p 00015000 00:19d 56240088113               /mnt/primary/conda-envs/semantic_uncertainty_export/lib/python3.11/site-packages/numpy/fft/_pocketfft_internal.cpython-311-x86_64-linux-gnu.so
7fd099820000-7fd099821000 rw-p 00016000 00:19d 56240088113               /mnt/primary/conda-envs/semantic_uncertainty_export/lib/python3.11/site-packages/numpy/fft/_pocketfft_internal.cpython-311-x86_64-linux-gnu.so
7fd099821000-7fd099925000 rw-p 00000000 00:00 0 
7fd099931000-7fd099935000 rw-p 00000000 00:00 0 
7fd09993d000-7fd099d3d000 rw-p 00000000 00:00 0 
7fd099d3d000-7fd099d45000 r--p 00000000 00:19d 172121170462              /mnt/primary/conda-envs/semantic_uncertainty_export/lib/python3.11/site-packages/debugpy/_vendored/pydevd/_pydevd_bundle/pydevd_cython.cpython-311-x86_64-linux-gnu.so
7fd099d45000-7fd099dc2000 r-xp 00008000 00:19d 172121170462              /mnt/primary/conda-envs/semantic_uncertainty_export/lib/python3.11/site-packages/debugpy/_vendored/pydevd/_pydevd_bundle/pydevd_cython.cpython-311-x86_64-linux-gnu.so
7fd099dc2000-7fd099dcb000 r--p 00085000 00:19d 172121170462              /mnt/primary/conda-envs/semantic_uncertainty_export/lib/python3.11/site-packages/debugpy/_vendored/pydevd/_pydevd_bundle/pydevd_cython.cpython-311-x86_64-linux-gnu.so
7fd099dcb000-7fd099dcc000 r--p 0008d000 00:19d 172121170462              /mnt/primary/conda-envs/semantic_uncertainty_export/lib/python3.11/site-packages/debugpy/_vendored/pydevd/_pydevd_bundle/pydevd_cython.cpython-311-x86_64-linux-gnu.so
7fd099dcc000-7fd099dd2000 rw-p 0008e000 00:19d 172121170462              /mnt/primary/conda-envs/semantic_uncertainty_export/lib/python3.11/site-packages/debugpy/_vendored/pydevd/_pydevd_bundle/pydevd_cython.cpython-311-x86_64-linux-gnu.so
7fd099dd2000-7fd099fd3000 rw-p 00000000 00:00 0 
7fd099fd3000-7fd099fd9000 r--p 00000000 00:19d 45438459402               /mnt/primary/conda-envs/semantic_uncertainty_export/lib/python3.11/lib-dynload/pyexpat.cpython-311-x86_64-linux-gnu.so
7fd099fd9000-7fd09a003000 r-xp 00006000 00:19d 45438459402               /mnt/primary/conda-envs/semantic_uncertainty_export/lib/python3.11/lib-dynload/pyexpat.cpython-311-x86_64-linux-gnu.so
7fd09a003000-7fd09a00f000 r--p 00030000 00:19d 45438459402               /mnt/primary/conda-envs/semantic_uncertainty_export/lib/python3.11/lib-dynload/pyexpat.cpython-311-x86_64-linux-gnu.so
7fd09a00f000-7fd09a012000 r--p 0003b000 00:19d 45438459402               /mnt/primary/conda-envs/semantic_uncertainty_export/lib/python3.11/lib-dynload/pyexpat.cpython-311-x86_64-linux-gnu.so
7fd09a012000-7fd09a014000 rw-p 0003e000 00:19d 45438459402               /mnt/primary/conda-envs/semantic_uncertainty_export/lib/python3.11/lib-dynload/pyexpat.cpython-311-x86_64-linux-gnu.so
7fd09a014000-7fd09a114000 rw-p 00000000 00:00 0 
7fd09a114000-7fd09a116000 r--p 00000000 00:19d 58047289889               /mnt/primary/conda-envs/semantic_uncertainty_export/lib/python3.11/site-packages/psutil/_psutil_posix.abi3.so
7fd09a116000-7fd09a118000 r-xp 00002000 00:19d 58047289889               /mnt/primary/conda-envs/semantic_uncertainty_export/lib/python3.11/site-packages/psutil/_psutil_posix.abi3.so
7fd09a118000-7fd09a119000 r--p 00004000 00:19d 58047289889               /mnt/primary/conda-envs/semantic_uncertainty_export/lib/python3.11/site-packages/psutil/_psutil_posix.abi3.so
7fd09a119000-7fd09a11a000 r--p 00004000 00:19d 58047289889               /mnt/primary/conda-envs/semantic_uncertainty_export/lib/python3.11/site-packages/psutil/_psutil_posix.abi3.so
7fd09a11a000-7fd09a11b000 rw-p 00005000 00:19d 58047289889               /mnt/primary/conda-envs/semantic_uncertainty_export/lib/python3.11/site-packages/psutil/_psutil_posix.abi3.so
7fd09a11b000-7fd09a11d000 r--p 00000000 00:19d 58047289890               /mnt/primary/conda-envs/semantic_uncertainty_export/lib/python3.11/site-packages/psutil/_psutil_linux.abi3.so
7fd09a11d000-7fd09a120000 r-xp 00002000 00:19d 58047289890               /mnt/primary/conda-envs/semantic_uncertainty_export/lib/python3.11/site-packages/psutil/_psutil_linux.abi3.so
7fd09a120000-7fd09a121000 r--p 00005000 00:19d 58047289890               /mnt/primary/conda-envs/semantic_uncertainty_export/lib/python3.11/site-packages/psutil/_psutil_linux.abi3.so
7fd09a121000-7fd09a122000 r--p 00005000 00:19d 58047289890               /mnt/primary/conda-envs/semantic_uncertainty_export/lib/python3.11/site-packages/psutil/_psutil_linux.abi3.so
7fd09a122000-7fd09a123000 rw-p 00006000 00:19d 58047289890               /mnt/primary/conda-envs/semantic_uncertainty_export/lib/python3.11/site-packages/psutil/_psutil_linux.abi3.so
7fd09a123000-7fd09a223000 rw-p 00000000 00:00 0 
7fd09a223000-7fd09a225000 r--p 00000000 00:19d 45438356000               /mnt/primary/conda-envs/semantic_uncertainty_export/lib/python3.11/lib-dynload/_lsprof.cpython-311-x86_64-linux-gnu.so
7fd09a225000-7fd09a227000 r-xp 00002000 00:19d 45438356000               /mnt/primary/conda-envs/semantic_uncertainty_export/lib/python3.11/lib-dynload/_lsprof.cpython-311-x86_64-linux-gnu.so
7fd09a227000-7fd09a228000 r--p 00004000 00:19d 45438356000               /mnt/primary/conda-envs/semantic_uncertainty_export/lib/python3.11/lib-dynload/_lsprof.cpython-311-x86_64-linux-gnu.so
7fd09a228000-7fd09a229000 ---p 00005000 00:19d 45438356000               /mnt/primary/conda-envs/semantic_uncertainty_export/lib/python3.11/lib-dynload/_lsprof.cpython-311-x86_64-linux-gnu.so
7fd09a229000-7fd09a22a000 r--p 00005000 00:19d 45438356000               /mnt/primary/conda-envs/semantic_uncertainty_export/lib/python3.11/lib-dynload/_lsprof.cpython-311-x86_64-linux-gnu.so
7fd09a22a000-7fd09a22b000 rw-p 00006000 00:19d 45438356000               /mnt/primary/conda-envs/semantic_uncertainty_export/lib/python3.11/lib-dynload/_lsprof.cpython-311-x86_64-linux-gnu.so
7fd09a22b000-7fd09a62b000 rw-p 00000000 00:00 0 
7fd09a62b000-7fd09a62e000 r--p 00000000 00:19d 45438459409               /mnt/primary/conda-envs/semantic_uncertainty_export/lib/python3.11/lib-dynload/unicodedata.cpython-311-x86_64-linux-gnu.so
7fd09a62e000-7fd09a632000 r-xp 00003000 00:19d 45438459409               /mnt/primary/conda-envs/semantic_uncertainty_export/lib/python3.11/lib-dynload/unicodedata.cpython-311-x86_64-linux-gnu.so
7fd09a632000-7fd09a73e000 r--p 00007000 00:19d 45438459409               /mnt/primary/conda-envs/semantic_uncertainty_export/lib/python3.11/lib-dynload/unicodedata.cpython-311-x86_64-linux-gnu.so
7fd09a73e000-7fd09a73f000 ---p 00113000 00:19d 45438459409               /mnt/primary/conda-envs/semantic_uncertainty_export/lib/python3.11/lib-dynload/unicodedata.cpython-311-x86_64-linux-gnu.so
7fd09a73f000-7fd09a740000 r--p 00113000 00:19d 45438459409               /mnt/primary/conda-envs/semantic_uncertainty_export/lib/python3.11/lib-dynload/unicodedata.cpython-311-x86_64-linux-gnu.so
7fd09a740000-7fd09a741000 rw-p 00114000 00:19d 45438459409               /mnt/primary/conda-envs/semantic_uncertainty_export/lib/python3.11/lib-dynload/unicodedata.cpython-311-x86_64-linux-gnu.so
7fd09a741000-7fd09ab41000 rw-p 00000000 00:00 0 
7fd09ab41000-7fd09ab53000 r--p 00000000 00:19d 70925084698               /mnt/primary/conda-envs/semantic_uncertainty_export/lib/libsqlite3.so.0.8.6
7fd09ab53000-7fd09ac53000 r-xp 00012000 00:19d 70925084698               /mnt/primary/conda-envs/semantic_uncertainty_export/lib/libsqlite3.so.0.8.6
7fd09ac53000-7fd09ac87000 r--p 00112000 00:19d 70925084698               /mnt/primary/conda-envs/semantic_uncertainty_export/lib/libsqlite3.so.0.8.6
7fd09ac87000-7fd09ac88000 ---p 00146000 00:19d 70925084698               /mnt/primary/conda-envs/semantic_uncertainty_export/lib/libsqlite3.so.0.8.6
7fd09ac88000-7fd09ac8c000 r--p 00146000 00:19d 70925084698               /mnt/primary/conda-envs/semantic_uncertainty_export/lib/libsqlite3.so.0.8.6
7fd09ac8c000-7fd09ac90000 rw-p 0014a000 00:19d 70925084698               /mnt/primary/conda-envs/semantic_uncertainty_export/lib/libsqlite3.so.0.8.6
7fd09ac90000-7fd09ac98000 r--p 00000000 00:19d 45438356016               /mnt/primary/conda-envs/semantic_uncertainty_export/lib/python3.11/lib-dynload/_sqlite3.cpython-311-x86_64-linux-gnu.so
7fd09ac98000-7fd09aca6000 r-xp 00008000 00:19d 45438356016               /mnt/primary/conda-envs/semantic_uncertainty_export/lib/python3.11/lib-dynload/_sqlite3.cpython-311-x86_64-linux-gnu.so
7fd09aca6000-7fd09acad000 r--p 00016000 00:19d 45438356016               /mnt/primary/conda-envs/semantic_uncertainty_export/lib/python3.11/lib-dynload/_sqlite3.cpython-311-x86_64-linux-gnu.so
7fd09acad000-7fd09acaf000 r--p 0001c000 00:19d 45438356016               /mnt/primary/conda-envs/semantic_uncertainty_export/lib/python3.11/lib-dynload/_sqlite3.cpython-311-x86_64-linux-gnu.so
7fd09acaf000-7fd09acb1000 rw-p 0001e000 00:19d 45438356016               /mnt/primary/conda-envs/semantic_uncertainty_export/lib/python3.11/lib-dynload/_sqlite3.cpython-311-x86_64-linux-gnu.so
7fd09acb1000-7fd09afb1000 rw-p 00000000 00:00 0 
7fd09afb1000-7fd09afb3000 r--p 00000000 00:19d 45438459404               /mnt/primary/conda-envs/semantic_uncertainty_export/lib/python3.11/lib-dynload/resource.cpython-311-x86_64-linux-gnu.so
7fd09afb3000-7fd09afb4000 r-xp 00002000 00:19d 45438459404               /mnt/primary/conda-envs/semantic_uncertainty_export/lib/python3.11/lib-dynload/resource.cpython-311-x86_64-linux-gnu.so
7fd09afb4000-7fd09afb5000 r--p 00003000 00:19d 45438459404               /mnt/primary/conda-envs/semantic_uncertainty_export/lib/python3.11/lib-dynload/resource.cpython-311-x86_64-linux-gnu.so
7fd09afb5000-7fd09afb6000 r--p 00003000 00:19d 45438459404               /mnt/primary/conda-envs/semantic_uncertainty_export/lib/python3.11/lib-dynload/resource.cpython-311-x86_64-linux-gnu.so
7fd09afb6000-7fd09afb7000 rw-p 00004000 00:19d 45438459404               /mnt/primary/conda-envs/semantic_uncertainty_export/lib/python3.11/lib-dynload/resource.cpython-311-x86_64-linux-gnu.so
7fd09afb7000-7fd09b2b7000 rw-p 00000000 00:00 0 
7fd09b2b7000-7fd09b2ba000 r--p 00000000 00:19d 45438355989               /mnt/primary/conda-envs/semantic_uncertainty_export/lib/python3.11/lib-dynload/_csv.cpython-311-x86_64-linux-gnu.so
7fd09b2ba000-7fd09b2bf000 r-xp 00003000 00:19d 45438355989               /mnt/primary/conda-envs/semantic_uncertainty_export/lib/python3.11/lib-dynload/_csv.cpython-311-x86_64-linux-gnu.so
7fd09b2bf000-7fd09b2c2000 r--p 00008000 00:19d 45438355989               /mnt/primary/conda-envs/semantic_uncertainty_export/lib/python3.11/lib-dynload/_csv.cpython-311-x86_64-linux-gnu.so
7fd09b2c2000-7fd09b2c3000 r--p 0000a000 00:19d 45438355989               /mnt/primary/conda-envs/semantic_uncertainty_export/lib/python3.11/lib-dynload/_csv.cpython-311-x86_64-linux-gnu.so
7fd09b2c3000-7fd09b2c4000 rw-p 0000b000 00:19d 45438355989               /mnt/primary/conda-envs/semantic_uncertainty_export/lib/python3.11/lib-dynload/_csv.cpython-311-x86_64-linux-gnu.so
7fd09b2c4000-7fd09b2c6000 r--p 00000000 00:19d 70896380929               /mnt/primary/conda-envs/semantic_uncertainty_export/lib/libuuid.so.1.3.0
7fd09b2c6000-7fd09b2ca000 r-xp 00002000 00:19d 70896380929               /mnt/primary/conda-envs/semantic_uncertainty_export/lib/libuuid.so.1.3.0
7fd09b2ca000-7fd09b2cb000 r--p 00006000 00:19d 70896380929               /mnt/primary/conda-envs/semantic_uncertainty_export/lib/libuuid.so.1.3.0
7fd09b2cb000-7fd09b2cc000 r--p 00006000 00:19d 70896380929               /mnt/primary/conda-envs/semantic_uncertainty_export/lib/libuuid.so.1.3.0
7fd09b2cc000-7fd09b2cd000 rw-p 00007000 00:19d 70896380929               /mnt/primary/conda-envs/semantic_uncertainty_export/lib/libuuid.so.1.3.0
7fd09b2cd000-7fd09b2ce000 r--p 00000000 00:19d 45438356028               /mnt/primary/conda-envs/semantic_uncertainty_export/lib/python3.11/lib-dynload/_uuid.cpython-311-x86_64-linux-gnu.so
7fd09b2ce000-7fd09b2cf000 r-xp 00001000 00:19d 45438356028               /mnt/primary/conda-envs/semantic_uncertainty_export/lib/python3.11/lib-dynload/_uuid.cpython-311-x86_64-linux-gnu.so
7fd09b2cf000-7fd09b2d0000 r--p 00002000 00:19d 45438356028               /mnt/primary/conda-envs/semantic_uncertainty_export/lib/python3.11/lib-dynload/_uuid.cpython-311-x86_64-linux-gnu.so
7fd09b2d0000-7fd09b2d1000 r--p 00002000 00:19d 45438356028               /mnt/primary/conda-envs/semantic_uncertainty_export/lib/python3.11/lib-dynload/_uuid.cpython-311-x86_64-linux-gnu.so
7fd09b2d1000-7fd09b2d2000 rw-p 00003000 00:19d 45438356028               /mnt/primary/conda-envs/semantic_uncertainty_export/lib/python3.11/lib-dynload/_uuid.cpython-311-x86_64-linux-gnu.so
7fd09b2d2000-7fd09b2d6000 r--p 00000000 00:19d 70898552890               /mnt/primary/conda-envs/semantic_uncertainty_export/lib/liblzma.so.5.4.2
7fd09b2d6000-7fd09b2f3000 r-xp 00004000 00:19d 70898552890               /mnt/primary/conda-envs/semantic_uncertainty_export/lib/liblzma.so.5.4.2
7fd09b2f3000-7fd09b2ff000 r--p 00021000 00:19d 70898552890               /mnt/primary/conda-envs/semantic_uncertainty_export/lib/liblzma.so.5.4.2
7fd09b2ff000-7fd09b300000 ---p 0002d000 00:19d 70898552890               /mnt/primary/conda-envs/semantic_uncertainty_export/lib/liblzma.so.5.4.2
7fd09b300000-7fd09b301000 r--p 0002d000 00:19d 70898552890               /mnt/primary/conda-envs/semantic_uncertainty_export/lib/liblzma.so.5.4.2
7fd09b301000-7fd09b302000 rw-p 0002e000 00:19d 70898552890               /mnt/primary/conda-envs/semantic_uncertainty_export/lib/liblzma.so.5.4.2
7fd09b302000-7fd09b305000 r--p 00000000 00:19d 45438356001               /mnt/primary/conda-envs/semantic_uncertainty_export/lib/python3.11/lib-dynload/_lzma.cpython-311-x86_64-linux-gnu.so
7fd09b305000-7fd09b309000 r-xp 00003000 00:19d 45438356001               /mnt/primary/conda-envs/semantic_uncertainty_export/lib/python3.11/lib-dynload/_lzma.cpython-311-x86_64-linux-gnu.so
7fd09b309000-7fd09b30c000 r--p 00007000 00:19d 45438356001               /mnt/primary/conda-envs/semantic_uncertainty_export/lib/python3.11/lib-dynload/_lzma.cpython-311-x86_64-linux-gnu.so
7fd09b30c000-7fd09b30d000 r--p 00009000 00:19d 45438356001               /mnt/primary/conda-envs/semantic_uncertainty_export/lib/python3.11/lib-dynload/_lzma.cpython-311-x86_64-linux-gnu.so
7fd09b30d000-7fd09b30e000 rw-p 0000a000 00:19d 45438356001               /mnt/primary/conda-envs/semantic_uncertainty_export/lib/python3.11/lib-dynload/_lzma.cpython-311-x86_64-linux-gnu.so
7fd09b30e000-7fd09b310000 r--p 00000000 00:19d 70898522648               /mnt/primary/conda-envs/semantic_uncertainty_export/lib/libbz2.so.1.0.8
7fd09b310000-7fd09b31e000 r-xp 00002000 00:19d 70898522648               /mnt/primary/conda-envs/semantic_uncertainty_export/lib/libbz2.so.1.0.8
7fd09b31e000-7fd09b320000 r--p 00010000 00:19d 70898522648               /mnt/primary/conda-envs/semantic_uncertainty_export/lib/libbz2.so.1.0.8
7fd09b320000-7fd09b321000 r--p 00011000 00:19d 70898522648               /mnt/primary/conda-envs/semantic_uncertainty_export/lib/libbz2.so.1.0.8
7fd09b321000-7fd09b322000 rw-p 00012000 00:19d 70898522648               /mnt/primary/conda-envs/semantic_uncertainty_export/lib/libbz2.so.1.0.8
7fd09b322000-7fd09b324000 r--p 00000000 00:19d 45438355980               /mnt/primary/conda-envs/semantic_uncertainty_export/lib/python3.11/lib-dynload/_bz2.cpython-311-x86_64-linux-gnu.so
7fd09b324000-7fd09b326000 r-xp 00002000 00:19d 45438355980               /mnt/primary/conda-envs/semantic_uncertainty_export/lib/python3.11/lib-dynload/_bz2.cpython-311-x86_64-linux-gnu.so
7fd09b326000-7fd09b328000 r--p 00004000 00:19d 45438355980               /mnt/primary/conda-envs/semantic_uncertainty_export/lib/python3.11/lib-dynload/_bz2.cpython-311-x86_64-linux-gnu.so
7fd09b328000-7fd09b329000 r--p 00005000 00:19d 45438355980               /mnt/primary/conda-envs/semantic_uncertainty_export/lib/python3.11/lib-dynload/_bz2.cpython-311-x86_64-linux-gnu.so
7fd09b329000-7fd09b32a000 rw-p 00006000 00:19d 45438355980               /mnt/primary/conda-envs/semantic_uncertainty_export/lib/python3.11/lib-dynload/_bz2.cpython-311-x86_64-linux-gnu.so
7fd09b32a000-7fd09b42a000 rw-p 00000000 00:00 0 
7fd09b42a000-7fd09b42d000 r--p 00000000 00:19d 45438459408               /mnt/primary/conda-envs/semantic_uncertainty_export/lib/python3.11/lib-dynload/termios.cpython-311-x86_64-linux-gnu.so
7fd09b42d000-7fd09b42e000 r-xp 00003000 00:19d 45438459408               /mnt/primary/conda-envs/semantic_uncertainty_export/lib/python3.11/lib-dynload/termios.cpython-311-x86_64-linux-gnu.so
7fd09b42e000-7fd09b430000 r--p 00004000 00:19d 45438459408               /mnt/primary/conda-envs/semantic_uncertainty_export/lib/python3.11/lib-dynload/termios.cpython-311-x86_64-linux-gnu.so
7fd09b430000-7fd09b431000 r--p 00005000 00:19d 45438459408               /mnt/primary/conda-envs/semantic_uncertainty_export/lib/python3.11/lib-dynload/termios.cpython-311-x86_64-linux-gnu.so
7fd09b431000-7fd09b433000 rw-p 00006000 00:19d 45438459408               /mnt/primary/conda-envs/semantic_uncertainty_export/lib/python3.11/lib-dynload/termios.cpython-311-x86_64-linux-gnu.so
7fd09b433000-7fd09b43a000 r--p 00000000 00:19d 45438355995               /mnt/primary/conda-envs/semantic_uncertainty_export/lib/python3.11/lib-dynload/_decimal.cpython-311-x86_64-linux-gnu.so
7fd09b43a000-7fd09b46b000 r-xp 00007000 00:19d 45438355995               /mnt/primary/conda-envs/semantic_uncertainty_export/lib/python3.11/lib-dynload/_decimal.cpython-311-x86_64-linux-gnu.so
7fd09b46b000-7fd09b47b000 r--p 00038000 00:19d 45438355995               /mnt/primary/conda-envs/semantic_uncertainty_export/lib/python3.11/lib-dynload/_decimal.cpython-311-x86_64-linux-gnu.so
7fd09b47b000-7fd09b47c000 ---p 00048000 00:19d 45438355995               /mnt/primary/conda-envs/semantic_uncertainty_export/lib/python3.11/lib-dynload/_decimal.cpython-311-x86_64-linux-gnu.so
7fd09b47c000-7fd09b47d000 r--p 00048000 00:19d 45438355995               /mnt/primary/conda-envs/semantic_uncertainty_export/lib/python3.11/lib-dynload/_decimal.cpython-311-x86_64-linux-gnu.so
7fd09b47d000-7fd09b480000 rw-p 00049000 00:19d 45438355995               /mnt/primary/conda-envs/semantic_uncertainty_export/lib/python3.11/lib-dynload/_decimal.cpython-311-x86_64-linux-gnu.so
7fd09b480000-7fd09b580000 rw-p 00000000 00:00 0 
7fd09b580000-7fd09b590000 r--p 00000000 00:19d 49723531811               /mnt/primary/conda-envs/semantic_uncertainty_export/lib/libtinfow.so.6.4
7fd09b590000-7fd09b5ac000 r-xp 00010000 00:19d 49723531811               /mnt/primary/conda-envs/semantic_uncertainty_export/lib/libtinfow.so.6.4
7fd09b5ac000-7fd09b5bd000 r--p 0002c000 00:19d 49723531811               /mnt/primary/conda-envs/semantic_uncertainty_export/lib/libtinfow.so.6.4
7fd09b5bd000-7fd09b5c1000 r--p 0003c000 00:19d 49723531811               /mnt/primary/conda-envs/semantic_uncertainty_export/lib/libtinfow.so.6.4
7fd09b5c1000-7fd09b5c2000 rw-p 00040000 00:19d 49723531811               /mnt/primary/conda-envs/semantic_uncertainty_export/lib/libtinfow.so.6.4
7fd09b5c2000-7fd09b5ce000 r--p 00000000 00:19d 70896380956               /mnt/primary/conda-envs/semantic_uncertainty_export/lib/libncursesw.so.6.4
7fd09b5ce000-7fd09b5f3000 r-xp 0000c000 00:19d 70896380956               /mnt/primary/conda-envs/semantic_uncertainty_export/lib/libncursesw.so.6.4
7fd09b5f3000-7fd09b5fc000 r--p 00031000 00:19d 70896380956               /mnt/primary/conda-envs/semantic_uncertainty_export/lib/libncursesw.so.6.4
7fd09b5fc000-7fd09b5fd000 r--p 00039000 00:19d 70896380956               /mnt/primary/conda-envs/semantic_uncertainty_export/lib/libncursesw.so.6.4
7fd09b5fd000-7fd09b5fe000 rw-p 0003a000 00:19d 70896380956               /mnt/primary/conda-envs/semantic_uncertainty_export/lib/libncursesw.so.6.4
7fd09b5fe000-7fd09b606000 r--p 00000000 00:19d 45438355992               /mnt/primary/conda-envs/semantic_uncertainty_export/lib/python3.11/lib-dynload/_curses.cpython-311-x86_64-linux-gnu.so
7fd09b606000-7fd09b613000 r-xp 00008000 00:19d 45438355992               /mnt/primary/conda-envs/semantic_uncertainty_export/lib/python3.11/lib-dynload/_curses.cpython-311-x86_64-linux-gnu.so
7fd09b613000-7fd09b61e000 r--p 00015000 00:19d 45438355992               /mnt/primary/conda-envs/semantic_uncertainty_export/lib/python3.11/lib-dynload/_curses.cpython-311-x86_64-linux-gnu.so
7fd09b61e000-7fd09b61f000 r--p 0001f000 00:19d 45438355992               /mnt/primary/conda-envs/semantic_uncertainty_export/lib/python3.11/lib-dynload/_curses.cpython-311-x86_64-linux-gnu.so
7fd09b61f000-7fd09b621000 rw-p 00020000 00:19d 45438355992               /mnt/primary/conda-envs/semantic_uncertainty_export/lib/python3.11/lib-dynload/_curses.cpython-311-x86_64-linux-gnu.so
7fd09b621000-7fd09b622000 r--p 00000000 00:19d 68749703213               /mnt/primary/conda-envs/semantic_uncertainty_export/lib/python3.11/site-packages/tornado/speedups.abi3.so
7fd09b622000-7fd09b623000 r-xp 00001000 00:19d 68749703213               /mnt/primary/conda-envs/semantic_uncertainty_export/lib/python3.11/site-packages/tornado/speedups.abi3.so
7fd09b623000-7fd09b624000 r--p 00002000 00:19d 68749703213               /mnt/primary/conda-envs/semantic_uncertainty_export/lib/python3.11/site-packages/tornado/speedups.abi3.so
7fd09b624000-7fd09b625000 r--p 00002000 00:19d 68749703213               /mnt/primary/conda-envs/semantic_uncertainty_export/lib/python3.11/site-packages/tornado/speedups.abi3.so
7fd09b625000-7fd09b626000 rw-p 00003000 00:19d 68749703213               /mnt/primary/conda-envs/semantic_uncertainty_export/lib/python3.11/site-packages/tornado/speedups.abi3.so
7fd09b626000-7fd09b629000 r--p 00000000 00:19d 45438459412               /mnt/primary/conda-envs/semantic_uncertainty_export/lib/python3.11/lib-dynload/zlib.cpython-311-x86_64-linux-gnu.so
7fd09b629000-7fd09b62d000 r-xp 00003000 00:19d 45438459412               /mnt/primary/conda-envs/semantic_uncertainty_export/lib/python3.11/lib-dynload/zlib.cpython-311-x86_64-linux-gnu.so
7fd09b62d000-7fd09b630000 r--p 00007000 00:19d 45438459412               /mnt/primary/conda-envs/semantic_uncertainty_export/lib/python3.11/lib-dynload/zlib.cpython-311-x86_64-linux-gnu.so
7fd09b630000-7fd09b631000 r--p 00009000 00:19d 45438459412               /mnt/primary/conda-envs/semantic_uncertainty_export/lib/python3.11/lib-dynload/zlib.cpython-311-x86_64-linux-gnu.so
7fd09b631000-7fd09b632000 rw-p 0000a000 00:19d 45438459412               /mnt/primary/conda-envs/semantic_uncertainty_export/lib/python3.11/lib-dynload/zlib.cpython-311-x86_64-linux-gnu.so
7fd09b632000-7fd09b637000 r--p 00000000 00:19d 45438355994               /mnt/primary/conda-envs/semantic_uncertainty_export/lib/python3.11/lib-dynload/_datetime.cpython-311-x86_64-linux-gnu.so
7fd09b637000-7fd09b648000 r-xp 00005000 00:19d 45438355994               /mnt/primary/conda-envs/semantic_uncertainty_export/lib/python3.11/lib-dynload/_datetime.cpython-311-x86_64-linux-gnu.so
7fd09b648000-7fd09b64e000 r--p 00016000 00:19d 45438355994               /mnt/primary/conda-envs/semantic_uncertainty_export/lib/python3.11/lib-dynload/_datetime.cpython-311-x86_64-linux-gnu.so
7fd09b64e000-7fd09b64f000 r--p 0001b000 00:19d 45438355994               /mnt/primary/conda-envs/semantic_uncertainty_export/lib/python3.11/lib-dynload/_datetime.cpython-311-x86_64-linux-gnu.so
7fd09b64f000-7fd09b651000 rw-p 0001c000 00:19d 45438355994               /mnt/primary/conda-envs/semantic_uncertainty_export/lib/python3.11/lib-dynload/_datetime.cpython-311-x86_64-linux-gnu.so
7fd09b651000-7fd09b751000 rw-p 00000000 00:00 0 
7fd09b751000-7fd09b753000 r--p 00000000 00:19d 45438355979               /mnt/primary/conda-envs/semantic_uncertainty_export/lib/python3.11/lib-dynload/_blake2.cpython-311-x86_64-linux-gnu.so
7fd09b753000-7fd09b75b000 r-xp 00002000 00:19d 45438355979               /mnt/primary/conda-envs/semantic_uncertainty_export/lib/python3.11/lib-dynload/_blake2.cpython-311-x86_64-linux-gnu.so
7fd09b75b000-7fd09b75d000 r--p 0000a000 00:19d 45438355979               /mnt/primary/conda-envs/semantic_uncertainty_export/lib/python3.11/lib-dynload/_blake2.cpython-311-x86_64-linux-gnu.so
7fd09b75d000-7fd09b75e000 r--p 0000b000 00:19d 45438355979               /mnt/primary/conda-envs/semantic_uncertainty_export/lib/python3.11/lib-dynload/_blake2.cpython-311-x86_64-linux-gnu.so
7fd09b75e000-7fd09b75f000 rw-p 0000c000 00:19d 45438355979               /mnt/primary/conda-envs/semantic_uncertainty_export/lib/python3.11/lib-dynload/_blake2.cpython-311-x86_64-linux-gnu.so
7fd09b75f000-7fd09b763000 r--p 00000000 00:19d 45438355997               /mnt/primary/conda-envs/semantic_uncertainty_export/lib/python3.11/lib-dynload/_hashlib.cpython-311-x86_64-linux-gnu.so
7fd09b763000-7fd09b769000 r-xp 00004000 00:19d 45438355997               /mnt/primary/conda-envs/semantic_uncertainty_export/lib/python3.11/lib-dynload/_hashlib.cpython-311-x86_64-linux-gnu.so
7fd09b769000-7fd09b76d000 r--p 0000a000 00:19d 45438355997               /mnt/primary/conda-envs/semantic_uncertainty_export/lib/python3.11/lib-dynload/_hashlib.cpython-311-x86_64-linux-gnu.so
7fd09b76d000-7fd09b76e000 ---p 0000e000 00:19d 45438355997               /mnt/primary/conda-envs/semantic_uncertainty_export/lib/python3.11/lib-dynload/_hashlib.cpython-311-x86_64-linux-gnu.so
7fd09b76e000-7fd09b76f000 r--p 0000e000 00:19d 45438355997               /mnt/primary/conda-envs/semantic_uncertainty_export/lib/python3.11/lib-dynload/_hashlib.cpython-311-x86_64-linux-gnu.so
7fd09b76f000-7fd09b770000 rw-p 0000f000 00:19d 45438355997               /mnt/primary/conda-envs/semantic_uncertainty_export/lib/python3.11/lib-dynload/_hashlib.cpython-311-x86_64-linux-gnu.so
7fd09b770000-7fd09b772000 r--p 00000000 00:19d 45438356009               /mnt/primary/conda-envs/semantic_uncertainty_export/lib/python3.11/lib-dynload/_queue.cpython-311-x86_64-linux-gnu.so
7fd09b772000-7fd09b773000 r-xp 00002000 00:19d 45438356009               /mnt/primary/conda-envs/semantic_uncertainty_export/lib/python3.11/lib-dynload/_queue.cpython-311-x86_64-linux-gnu.so
7fd09b773000-7fd09b774000 r--p 00003000 00:19d 45438356009               /mnt/primary/conda-envs/semantic_uncertainty_export/lib/python3.11/lib-dynload/_queue.cpython-311-x86_64-linux-gnu.so
7fd09b774000-7fd09b775000 r--p 00003000 00:19d 45438356009               /mnt/primary/conda-envs/semantic_uncertainty_export/lib/python3.11/lib-dynload/_queue.cpython-311-x86_64-linux-gnu.so
7fd09b775000-7fd09b776000 rw-p 00004000 00:19d 45438356009               /mnt/primary/conda-envs/semantic_uncertainty_export/lib/python3.11/lib-dynload/_queue.cpython-311-x86_64-linux-gnu.so
7fd09b776000-7fd09b976000 rw-p 00000000 00:00 0 
7fd09b976000-7fd09b97b000 r--p 00000000 00:19d 45438355977               /mnt/primary/conda-envs/semantic_uncertainty_export/lib/python3.11/lib-dynload/_asyncio.cpython-311-x86_64-linux-gnu.so
7fd09b97b000-7fd09b980000 r-xp 00005000 00:19d 45438355977               /mnt/primary/conda-envs/semantic_uncertainty_export/lib/python3.11/lib-dynload/_asyncio.cpython-311-x86_64-linux-gnu.so
7fd09b980000-7fd09b984000 r--p 0000a000 00:19d 45438355977               /mnt/primary/conda-envs/semantic_uncertainty_export/lib/python3.11/lib-dynload/_asyncio.cpython-311-x86_64-linux-gnu.so
7fd09b984000-7fd09b985000 r--p 0000d000 00:19d 45438355977               /mnt/primary/conda-envs/semantic_uncertainty_export/lib/python3.11/lib-dynload/_asyncio.cpython-311-x86_64-linux-gnu.so
7fd09b985000-7fd09b987000 rw-p 0000e000 00:19d 45438355977               /mnt/primary/conda-envs/semantic_uncertainty_export/lib/python3.11/lib-dynload/_asyncio.cpython-311-x86_64-linux-gnu.so
7fd09b987000-7fd09b988000 r--p 00000000 00:19d 45438355987               /mnt/primary/conda-envs/semantic_uncertainty_export/lib/python3.11/lib-dynload/_contextvars.cpython-311-x86_64-linux-gnu.so
7fd09b988000-7fd09b989000 r-xp 00001000 00:19d 45438355987               /mnt/primary/conda-envs/semantic_uncertainty_export/lib/python3.11/lib-dynload/_contextvars.cpython-311-x86_64-linux-gnu.so
7fd09b989000-7fd09b98a000 r--p 00002000 00:19d 45438355987               /mnt/primary/conda-envs/semantic_uncertainty_export/lib/python3.11/lib-dynload/_contextvars.cpython-311-x86_64-linux-gnu.so
7fd09b98a000-7fd09b98b000 r--p 00002000 00:19d 45438355987               /mnt/primary/conda-envs/semantic_uncertainty_export/lib/python3.11/lib-dynload/_contextvars.cpython-311-x86_64-linux-gnu.so
7fd09b98b000-7fd09b98c000 rw-p 00003000 00:19d 45438355987               /mnt/primary/conda-envs/semantic_uncertainty_export/lib/python3.11/lib-dynload/_contextvars.cpython-311-x86_64-linux-gnu.so
7fd09b98c000-7fd09b98d000 r--p 00000000 00:19d 45438356005               /mnt/primary/conda-envs/semantic_uncertainty_export/lib/python3.11/lib-dynload/_opcode.cpython-311-x86_64-linux-gnu.so
7fd09b98d000-7fd09b98e000 r-xp 00001000 00:19d 45438356005               /mnt/primary/conda-envs/semantic_uncertainty_export/lib/python3.11/lib-dynload/_opcode.cpython-311-x86_64-linux-gnu.so
7fd09b98e000-7fd09b98f000 r--p 00002000 00:19d 45438356005               /mnt/primary/conda-envs/semantic_uncertainty_export/lib/python3.11/lib-dynload/_opcode.cpython-311-x86_64-linux-gnu.so
7fd09b98f000-7fd09b990000 r--p 00002000 00:19d 45438356005               /mnt/primary/conda-envs/semantic_uncertainty_export/lib/python3.11/lib-dynload/_opcode.cpython-311-x86_64-linux-gnu.so
7fd09b990000-7fd09b991000 rw-p 00003000 00:19d 45438356005               /mnt/primary/conda-envs/semantic_uncertainty_export/lib/python3.11/lib-dynload/_opcode.cpython-311-x86_64-linux-gnu.so
7fd09b991000-7fd09b994000 r--p 00000000 00:19d 70922420738               /mnt/primary/conda-envs/semantic_uncertainty_export/lib/libz.so.1.2.13
7fd09b994000-7fd09b9a6000 r-xp 00003000 00:19d 70922420738               /mnt/primary/conda-envs/semantic_uncertainty_export/lib/libz.so.1.2.13
7fd09b9a6000-7fd09b9ad000 r--p 00015000 00:19d 70922420738               /mnt/primary/conda-envs/semantic_uncertainty_export/lib/libz.so.1.2.13
7fd09b9ad000-7fd09b9ae000 r--p 0001b000 00:19d 70922420738               /mnt/primary/conda-envs/semantic_uncertainty_export/lib/libz.so.1.2.13
7fd09b9ae000-7fd09b9af000 rw-p 0001c000 00:19d 70922420738               /mnt/primary/conda-envs/semantic_uncertainty_export/lib/libz.so.1.2.13
7fd09b9af000-7fd09b9b1000 r--p 00000000 00:19d 45438459394               /mnt/primary/conda-envs/semantic_uncertainty_export/lib/python3.11/lib-dynload/binascii.cpython-311-x86_64-linux-gnu.so
7fd09b9b1000-7fd09b9b5000 r-xp 00002000 00:19d 45438459394               /mnt/primary/conda-envs/semantic_uncertainty_export/lib/python3.11/lib-dynload/binascii.cpython-311-x86_64-linux-gnu.so
7fd09b9b5000-7fd09b9b7000 r--p 00006000 00:19d 45438459394               /mnt/primary/conda-envs/semantic_uncertainty_export/lib/python3.11/lib-dynload/binascii.cpython-311-x86_64-linux-gnu.so
7fd09b9b7000-7fd09b9b8000 r--p 00007000 00:19d 45438459394               /mnt/primary/conda-envs/semantic_uncertainty_export/lib/python3.11/lib-dynload/binascii.cpython-311-x86_64-linux-gnu.so
7fd09b9b8000-7fd09b9b9000 rw-p 00008000 00:19d 45438459394               /mnt/primary/conda-envs/semantic_uncertainty_export/lib/python3.11/lib-dynload/binascii.cpython-311-x86_64-linux-gnu.so
7fd09b9b9000-7fd09bab9000 rw-p 00000000 00:00 0 
7fd09bab9000-7fd09bb71000 r--p 00000000 00:19d 148237000223              /mnt/primary/conda-envs/semantic_uncertainty_export/lib/libcrypto.so.3
7fd09bb71000-7fd09bdbc000 r-xp 000b8000 00:19d 148237000223              /mnt/primary/conda-envs/semantic_uncertainty_export/lib/libcrypto.so.3
7fd09bdbc000-7fd09be93000 r--p 00303000 00:19d 148237000223              /mnt/primary/conda-envs/semantic_uncertainty_export/lib/libcrypto.so.3
7fd09be93000-7fd09be94000 ---p 003da000 00:19d 148237000223              /mnt/primary/conda-envs/semantic_uncertainty_export/lib/libcrypto.so.3
7fd09be94000-7fd09beef000 r--p 003da000 00:19d 148237000223              /mnt/primary/conda-envs/semantic_uncertainty_export/lib/libcrypto.so.3
7fd09beef000-7fd09bef2000 rw-p 00435000 00:19d 148237000223              /mnt/primary/conda-envs/semantic_uncertainty_export/lib/libcrypto.so.3
7fd09bef2000-7fd09bef5000 rw-p 00000000 00:00 0 
7fd09bef5000-7fd09bf15000 r--p 00000000 00:19d 70898552846               /mnt/primary/conda-envs/semantic_uncertainty_export/lib/libssl.so.3
7fd09bf15000-7fd09bf6b000 r-xp 00020000 00:19d 70898552846               /mnt/primary/conda-envs/semantic_uncertainty_export/lib/libssl.so.3
7fd09bf6b000-7fd09bf89000 r--p 00076000 00:19d 70898552846               /mnt/primary/conda-envs/semantic_uncertainty_export/lib/libssl.so.3
7fd09bf89000-7fd09bf8a000 ---p 00094000 00:19d 70898552846               /mnt/primary/conda-envs/semantic_uncertainty_export/lib/libssl.so.3
7fd09bf8a000-7fd09bf94000 r--p 00094000 00:19d 70898552846               /mnt/primary/conda-envs/semantic_uncertainty_export/lib/libssl.so.3
7fd09bf94000-7fd09bf98000 rw-p 0009e000 00:19d 70898552846               /mnt/primary/conda-envs/semantic_uncertainty_export/lib/libssl.so.3
7fd09bf98000-7fd09bfab000 r--p 00000000 00:19d 45438356017               /mnt/primary/conda-envs/semantic_uncertainty_export/lib/python3.11/lib-dynload/_ssl.cpython-311-x86_64-linux-gnu.so
7fd09bfab000-7fd09bfb5000 r-xp 00013000 00:19d 45438356017               /mnt/primary/conda-envs/semantic_uncertainty_export/lib/python3.11/lib-dynload/_ssl.cpython-311-x86_64-linux-gnu.so
7fd09bfb5000-7fd09bfc3000 r--p 0001d000 00:19d 45438356017               /mnt/primary/conda-envs/semantic_uncertainty_export/lib/python3.11/lib-dynload/_ssl.cpython-311-x86_64-linux-gnu.so
7fd09bfc3000-7fd09bfc4000 ---p 0002b000 00:19d 45438356017               /mnt/primary/conda-envs/semantic_uncertainty_export/lib/python3.11/lib-dynload/_ssl.cpython-311-x86_64-linux-gnu.so
7fd09bfc4000-7fd09bfc5000 r--p 0002b000 00:19d 45438356017               /mnt/primary/conda-envs/semantic_uncertainty_export/lib/python3.11/lib-dynload/_ssl.cpython-311-x86_64-linux-gnu.so
7fd09bfc5000-7fd09bfcd000 rw-p 0002c000 00:19d 45438356017               /mnt/primary/conda-envs/semantic_uncertainty_export/lib/python3.11/lib-dynload/_ssl.cpython-311-x86_64-linux-gnu.so
7fd09bfcd000-7fd09bfd1000 r--p 00000000 00:19d 45438459392               /mnt/primary/conda-envs/semantic_uncertainty_export/lib/python3.11/lib-dynload/array.cpython-311-x86_64-linux-gnu.so
7fd09bfd1000-7fd09bfd8000 r-xp 00004000 00:19d 45438459392               /mnt/primary/conda-envs/semantic_uncertainty_export/lib/python3.11/lib-dynload/array.cpython-311-x86_64-linux-gnu.so
7fd09bfd8000-7fd09bfdc000 r--p 0000b000 00:19d 45438459392               /mnt/primary/conda-envs/semantic_uncertainty_export/lib/python3.11/lib-dynload/array.cpython-311-x86_64-linux-gnu.so
7fd09bfdc000-7fd09bfdd000 ---p 0000f000 00:19d 45438459392               /mnt/primary/conda-envs/semantic_uncertainty_export/lib/python3.11/lib-dynload/array.cpython-311-x86_64-linux-gnu.so
7fd09bfdd000-7fd09bfde000 r--p 0000f000 00:19d 45438459392               /mnt/primary/conda-envs/semantic_uncertainty_export/lib/python3.11/lib-dynload/array.cpython-311-x86_64-linux-gnu.so
7fd09bfde000-7fd09bfdf000 rw-p 00010000 00:19d 45438459392               /mnt/primary/conda-envs/semantic_uncertainty_export/lib/python3.11/lib-dynload/array.cpython-311-x86_64-linux-gnu.so
7fd09bfdf000-7fd09bfe4000 r--p 00000000 00:19d 45438356015               /mnt/primary/conda-envs/semantic_uncertainty_export/lib/python3.11/lib-dynload/_socket.cpython-311-x86_64-linux-gnu.so
7fd09bfe4000-7fd09bfed000 r-xp 00005000 00:19d 45438356015               /mnt/primary/conda-envs/semantic_uncertainty_export/lib/python3.11/lib-dynload/_socket.cpython-311-x86_64-linux-gnu.so
7fd09bfed000-7fd09bff5000 r--p 0000e000 00:19d 45438356015               /mnt/primary/conda-envs/semantic_uncertainty_export/lib/python3.11/lib-dynload/_socket.cpython-311-x86_64-linux-gnu.so
7fd09bff5000-7fd09bff6000 ---p 00016000 00:19d 45438356015               /mnt/primary/conda-envs/semantic_uncertainty_export/lib/python3.11/lib-dynload/_socket.cpython-311-x86_64-linux-gnu.so
7fd09bff6000-7fd09bff7000 r--p 00016000 00:19d 45438356015               /mnt/primary/conda-envs/semantic_uncertainty_export/lib/python3.11/lib-dynload/_socket.cpython-311-x86_64-linux-gnu.so
7fd09bff7000-7fd09bff8000 rw-p 00017000 00:19d 45438356015               /mnt/primary/conda-envs/semantic_uncertainty_export/lib/python3.11/lib-dynload/_socket.cpython-311-x86_64-linux-gnu.so
7fd09bff8000-7fd09bff9000 r--p 00000000 00:19d 45438355998               /mnt/primary/conda-envs/semantic_uncertainty_export/lib/python3.11/lib-dynload/_heapq.cpython-311-x86_64-linux-gnu.so
7fd09bff9000-7fd09bffc000 r-xp 00001000 00:19d 45438355998               /mnt/primary/conda-envs/semantic_uncertainty_export/lib/python3.11/lib-dynload/_heapq.cpython-311-x86_64-linux-gnu.so
7fd09bffc000-7fd09bfff000 r--p 00004000 00:19d 45438355998               /mnt/primary/conda-envs/semantic_uncertainty_export/lib/python3.11/lib-dynload/_heapq.cpython-311-x86_64-linux-gnu.so
7fd09bfff000-7fd09c000000 r--p 00006000 00:19d 45438355998               /mnt/primary/conda-envs/semantic_uncertainty_export/lib/python3.11/lib-dynload/_heapq.cpython-311-x86_64-linux-gnu.so
7fd09c000000-7fd09c001000 rw-p 00007000 00:19d 45438355998               /mnt/primary/conda-envs/semantic_uncertainty_export/lib/python3.11/lib-dynload/_heapq.cpython-311-x86_64-linux-gnu.so
7fd09c001000-7fd09c101000 rw-p 00000000 00:00 0 
7fd09c101000-7fd09c104000 r--p 00000000 00:19d 120262025252              /mnt/primary/conda-envs/semantic_uncertainty_export/lib/python3.11/site-packages/zmq/backend/cython/utils.cpython-311-x86_64-linux-gnu.so
7fd09c104000-7fd09c10b000 r-xp 00003000 00:19d 120262025252              /mnt/primary/conda-envs/semantic_uncertainty_export/lib/python3.11/site-packages/zmq/backend/cython/utils.cpython-311-x86_64-linux-gnu.so
7fd09c10b000-7fd09c10d000 r--p 0000a000 00:19d 120262025252              /mnt/primary/conda-envs/semantic_uncertainty_export/lib/python3.11/site-packages/zmq/backend/cython/utils.cpython-311-x86_64-linux-gnu.so
7fd09c10d000-7fd09c10e000 r--p 0000b000 00:19d 120262025252              /mnt/primary/conda-envs/semantic_uncertainty_export/lib/python3.11/site-packages/zmq/backend/cython/utils.cpython-311-x86_64-linux-gnu.so
7fd09c10e000-7fd09c10f000 rw-p 0000c000 00:19d 120262025252              /mnt/primary/conda-envs/semantic_uncertainty_export/lib/python3.11/site-packages/zmq/backend/cython/utils.cpython-311-x86_64-linux-gnu.so
7fd09c10f000-7fd09c112000 rw-p 0000e000 00:19d 120262025252              /mnt/primary/conda-envs/semantic_uncertainty_export/lib/python3.11/site-packages/zmq/backend/cython/utils.cpython-311-x86_64-linux-gnu.so
7fd09c112000-7fd09c115000 r--p 00000000 00:19d 120262025259              /mnt/primary/conda-envs/semantic_uncertainty_export/lib/python3.11/site-packages/zmq/backend/cython/error.cpython-311-x86_64-linux-gnu.so
7fd09c115000-7fd09c11a000 r-xp 00003000 00:19d 120262025259              /mnt/primary/conda-envs/semantic_uncertainty_export/lib/python3.11/site-packages/zmq/backend/cython/error.cpython-311-x86_64-linux-gnu.so
7fd09c11a000-7fd09c11c000 r--p 00008000 00:19d 120262025259              /mnt/primary/conda-envs/semantic_uncertainty_export/lib/python3.11/site-packages/zmq/backend/cython/error.cpython-311-x86_64-linux-gnu.so
7fd09c11c000-7fd09c11d000 r--p 00009000 00:19d 120262025259              /mnt/primary/conda-envs/semantic_uncertainty_export/lib/python3.11/site-packages/zmq/backend/cython/error.cpython-311-x86_64-linux-gnu.so
7fd09c11d000-7fd09c11e000 rw-p 0000a000 00:19d 120262025259              /mnt/primary/conda-envs/semantic_uncertainty_export/lib/python3.11/site-packages/zmq/backend/cython/error.cpython-311-x86_64-linux-gnu.so
7fd09c11e000-7fd09c121000 rw-p 0000c000 00:19d 120262025259              /mnt/primary/conda-envs/semantic_uncertainty_export/lib/python3.11/site-packages/zmq/backend/cython/error.cpython-311-x86_64-linux-gnu.so
7fd09c121000-7fd09c124000 r--p 00000000 00:19d 120262025253              /mnt/primary/conda-envs/semantic_uncertainty_export/lib/python3.11/site-packages/zmq/backend/cython/_version.cpython-311-x86_64-linux-gnu.so
7fd09c124000-7fd09c128000 r-xp 00003000 00:19d 120262025253              /mnt/primary/conda-envs/semantic_uncertainty_export/lib/python3.11/site-packages/zmq/backend/cython/_version.cpython-311-x86_64-linux-gnu.so
7fd09c128000-7fd09c12a000 r--p 00007000 00:19d 120262025253              /mnt/primary/conda-envs/semantic_uncertainty_export/lib/python3.11/site-packages/zmq/backend/cython/_version.cpython-311-x86_64-linux-gnu.so
7fd09c12a000-7fd09c12b000 r--p 00008000 00:19d 120262025253              /mnt/primary/conda-envs/semantic_uncertainty_export/lib/python3.11/site-packages/zmq/backend/cython/_version.cpython-311-x86_64-linux-gnu.so
7fd09c12b000-7fd09c12c000 rw-p 00009000 00:19d 120262025253              /mnt/primary/conda-envs/semantic_uncertainty_export/lib/python3.11/site-packages/zmq/backend/cython/_version.cpython-311-x86_64-linux-gnu.so
7fd09c12c000-7fd09c12e000 rw-p 0000b000 00:19d 120262025253              /mnt/primary/conda-envs/semantic_uncertainty_export/lib/python3.11/site-packages/zmq/backend/cython/_version.cpython-311-x86_64-linux-gnu.so
7fd09c12e000-7fd09c131000 r--p 00000000 00:19d 120262025257              /mnt/primary/conda-envs/semantic_uncertainty_export/lib/python3.11/site-packages/zmq/backend/cython/_proxy_steerable.cpython-311-x86_64-linux-gnu.so
7fd09c131000-7fd09c139000 r-xp 00003000 00:19d 120262025257              /mnt/primary/conda-envs/semantic_uncertainty_export/lib/python3.11/site-packages/zmq/backend/cython/_proxy_steerable.cpython-311-x86_64-linux-gnu.so
7fd09c139000-7fd09c13b000 r--p 0000b000 00:19d 120262025257              /mnt/primary/conda-envs/semantic_uncertainty_export/lib/python3.11/site-packages/zmq/backend/cython/_proxy_steerable.cpython-311-x86_64-linux-gnu.so
7fd09c13b000-7fd09c13c000 r--p 0000c000 00:19d 120262025257              /mnt/primary/conda-envs/semantic_uncertainty_export/lib/python3.11/site-packages/zmq/backend/cython/_proxy_steerable.cpython-311-x86_64-linux-gnu.so
7fd09c13c000-7fd09c13d000 rw-p 0000d000 00:19d 120262025257              /mnt/primary/conda-envs/semantic_uncertainty_export/lib/python3.11/site-packages/zmq/backend/cython/_proxy_steerable.cpython-311-x86_64-linux-gnu.so
7fd09c13d000-7fd09c140000 rw-p 0000f000 00:19d 120262025257              /mnt/primary/conda-envs/semantic_uncertainty_export/lib/python3.11/site-packages/zmq/backend/cython/_proxy_steerable.cpython-311-x86_64-linux-gnu.so
7fd09c140000-7fd09c143000 r--p 00000000 00:19d 120262025260              /mnt/primary/conda-envs/semantic_uncertainty_export/lib/python3.11/site-packages/zmq/backend/cython/_poll.cpython-311-x86_64-linux-gnu.so
7fd09c143000-7fd09c150000 r-xp 00003000 00:19d 120262025260              /mnt/primary/conda-envs/semantic_uncertainty_export/lib/python3.11/site-packages/zmq/backend/cython/_poll.cpython-311-x86_64-linux-gnu.so
7fd09c150000-7fd09c153000 r--p 00010000 00:19d 120262025260              /mnt/primary/conda-envs/semantic_uncertainty_export/lib/python3.11/site-packages/zmq/backend/cython/_poll.cpython-311-x86_64-linux-gnu.so
7fd09c153000-7fd09c154000 r--p 00012000 00:19d 120262025260              /mnt/primary/conda-envs/semantic_uncertainty_export/lib/python3.11/site-packages/zmq/backend/cython/_poll.cpython-311-x86_64-linux-gnu.so
7fd09c154000-7fd09c155000 rw-p 00013000 00:19d 120262025260              /mnt/primary/conda-envs/semantic_uncertainty_export/lib/python3.11/site-packages/zmq/backend/cython/_poll.cpython-311-x86_64-linux-gnu.so
7fd09c155000-7fd09c158000 rw-p 00015000 00:19d 120262025260              /mnt/primary/conda-envs/semantic_uncertainty_export/lib/python3.11/site-packages/zmq/backend/cython/_poll.cpython-311-x86_64-linux-gnu.so
7fd09c158000-7fd09c15d000 r--p 00000000 00:19d 45438356006               /mnt/primary/conda-envs/semantic_uncertainty_export/lib/python3.11/lib-dynload/_pickle.cpython-311-x86_64-linux-gnu.so
7fd09c15d000-7fd09c170000 r-xp 00005000 00:19d 45438356006               /mnt/primary/conda-envs/semantic_uncertainty_export/lib/python3.11/lib-dynload/_pickle.cpython-311-x86_64-linux-gnu.so
7fd09c170000-7fd09c176000 r--p 00018000 00:19d 45438356006               /mnt/primary/conda-envs/semantic_uncertainty_export/lib/python3.11/lib-dynload/_pickle.cpython-311-x86_64-linux-gnu.so
7fd09c176000-7fd09c177000 ---p 0001e000 00:19d 45438356006               /mnt/primary/conda-envs/semantic_uncertainty_export/lib/python3.11/lib-dynload/_pickle.cpython-311-x86_64-linux-gnu.so
7fd09c177000-7fd09c178000 r--p 0001e000 00:19d 45438356006               /mnt/primary/conda-envs/semantic_uncertainty_export/lib/python3.11/lib-dynload/_pickle.cpython-311-x86_64-linux-gnu.so
7fd09c178000-7fd09c179000 rw-p 0001f000 00:19d 45438356006               /mnt/primary/conda-envs/semantic_uncertainty_export/lib/python3.11/lib-dynload/_pickle.cpython-311-x86_64-linux-gnu.so
7fd09c179000-7fd09c17b000 r--p 00000000 00:19d 45438356014               /mnt/primary/conda-envs/semantic_uncertainty_export/lib/python3.11/lib-dynload/_sha512.cpython-311-x86_64-linux-gnu.so
7fd09c17b000-7fd09c180000 r-xp 00002000 00:19d 45438356014               /mnt/primary/conda-envs/semantic_uncertainty_export/lib/python3.11/lib-dynload/_sha512.cpython-311-x86_64-linux-gnu.so
7fd09c180000-7fd09c181000 r--p 00007000 00:19d 45438356014               /mnt/primary/conda-envs/semantic_uncertainty_export/lib/python3.11/lib-dynload/_sha512.cpython-311-x86_64-linux-gnu.so
7fd09c181000-7fd09c182000 r--p 00007000 00:19d 45438356014               /mnt/primary/conda-envs/semantic_uncertainty_export/lib/python3.11/lib-dynload/_sha512.cpython-311-x86_64-linux-gnu.so
7fd09c182000-7fd09c183000 rw-p 00008000 00:19d 45438356014               /mnt/primary/conda-envs/semantic_uncertainty_export/lib/python3.11/lib-dynload/_sha512.cpython-311-x86_64-linux-gnu.so
7fd09c183000-7fd09c185000 r--p 00000000 00:19d 45438356010               /mnt/primary/conda-envs/semantic_uncertainty_export/lib/python3.11/lib-dynload/_random.cpython-311-x86_64-linux-gnu.so
7fd09c185000-7fd09c187000 r-xp 00002000 00:19d 45438356010               /mnt/primary/conda-envs/semantic_uncertainty_export/lib/python3.11/lib-dynload/_random.cpython-311-x86_64-linux-gnu.so
7fd09c187000-7fd09c188000 r--p 00004000 00:19d 45438356010               /mnt/primary/conda-envs/semantic_uncertainty_export/lib/python3.11/lib-dynload/_random.cpython-311-x86_64-linux-gnu.so
7fd09c188000-7fd09c189000 r--p 00004000 00:19d 45438356010               /mnt/primary/conda-envs/semantic_uncertainty_export/lib/python3.11/lib-dynload/_random.cpython-311-x86_64-linux-gnu.so
7fd09c189000-7fd09c18a000 rw-p 00005000 00:19d 45438356010               /mnt/primary/conda-envs/semantic_uncertainty_export/lib/python3.11/lib-dynload/_random.cpython-311-x86_64-linux-gnu.so
7fd09c18a000-7fd09c18e000 r--p 00000000 00:19d 120262025255              /mnt/primary/conda-envs/semantic_uncertainty_export/lib/python3.11/site-packages/zmq/backend/cython/message.cpython-311-x86_64-linux-gnu.so
7fd09c18e000-7fd09c1a0000 r-xp 00004000 00:19d 120262025255              /mnt/primary/conda-envs/semantic_uncertainty_export/lib/python3.11/site-packages/zmq/backend/cython/message.cpython-311-x86_64-linux-gnu.so
7fd09c1a0000-7fd09c1a4000 r--p 00016000 00:19d 120262025255              /mnt/primary/conda-envs/semantic_uncertainty_export/lib/python3.11/site-packages/zmq/backend/cython/message.cpython-311-x86_64-linux-gnu.so
7fd09c1a4000-7fd09c1a5000 r--p 00019000 00:19d 120262025255              /mnt/primary/conda-envs/semantic_uncertainty_export/lib/python3.11/site-packages/zmq/backend/cython/message.cpython-311-x86_64-linux-gnu.so
7fd09c1a5000-7fd09c1aa000 rw-p 0001a000 00:19d 120262025255              /mnt/primary/conda-envs/semantic_uncertainty_export/lib/python3.11/site-packages/zmq/backend/cython/message.cpython-311-x86_64-linux-gnu.so
7fd09c1aa000-7fd09c1ae000 r--p 00000000 00:19d 120262025263              /mnt/primary/conda-envs/semantic_uncertainty_export/lib/python3.11/site-packages/zmq/backend/cython/socket.cpython-311-x86_64-linux-gnu.so
7fd09c1ae000-7fd09c1cb000 r-xp 00004000 00:19d 120262025263              /mnt/primary/conda-envs/semantic_uncertainty_export/lib/python3.11/site-packages/zmq/backend/cython/socket.cpython-311-x86_64-linux-gnu.so
7fd09c1cb000-7fd09c1d1000 r--p 00021000 00:19d 120262025263              /mnt/primary/conda-envs/semantic_uncertainty_export/lib/python3.11/site-packages/zmq/backend/cython/socket.cpython-311-x86_64-linux-gnu.so
7fd09c1d1000-7fd09c1d2000 r--p 00026000 00:19d 120262025263              /mnt/primary/conda-envs/semantic_uncertainty_export/lib/python3.11/site-packages/zmq/backend/cython/socket.cpython-311-x86_64-linux-gnu.so
7fd09c1d2000-7fd09c1d7000 rw-p 00027000 00:19d 120262025263              /mnt/primary/conda-envs/semantic_uncertainty_export/lib/python3.11/site-packages/zmq/backend/cython/socket.cpython-311-x86_64-linux-gnu.so
7fd09c1d7000-7fd09c1db000 r--p 00000000 00:19d 120262025258              /mnt/primary/conda-envs/semantic_uncertainty_export/lib/python3.11/site-packages/zmq/backend/cython/context.cpython-311-x86_64-linux-gnu.so
7fd09c1db000-7fd09c1e7000 r-xp 00004000 00:19d 120262025258              /mnt/primary/conda-envs/semantic_uncertainty_export/lib/python3.11/site-packages/zmq/backend/cython/context.cpython-311-x86_64-linux-gnu.so
7fd09c1e7000-7fd09c1ea000 r--p 00010000 00:19d 120262025258              /mnt/primary/conda-envs/semantic_uncertainty_export/lib/python3.11/site-packages/zmq/backend/cython/context.cpython-311-x86_64-linux-gnu.so
7fd09c1ea000-7fd09c1eb000 r--p 00012000 00:19d 120262025258              /mnt/primary/conda-envs/semantic_uncertainty_export/lib/python3.11/site-packages/zmq/backend/cython/context.cpython-311-x86_64-linux-gnu.so
7fd09c1eb000-7fd09c1ec000 rw-p 00013000 00:19d 120262025258              /mnt/primary/conda-envs/semantic_uncertainty_export/lib/python3.11/site-packages/zmq/backend/cython/context.cpython-311-x86_64-linux-gnu.so
7fd09c1ec000-7fd09c1ed000 rw-p 00000000 00:00 0 
7fd09c1ed000-7fd09c1f0000 rw-p 00015000 00:19d 120262025258              /mnt/primary/conda-envs/semantic_uncertainty_export/lib/python3.11/site-packages/zmq/backend/cython/context.cpython-311-x86_64-linux-gnu.so
7fd09c1f0000-7fd09c1f3000 r--p 00000000 00:19d 70896295971               /mnt/primary/conda-envs/semantic_uncertainty_export/lib/libgcc_s.so.1
7fd09c1f3000-7fd09c205000 r-xp 00003000 00:19d 70896295971               /mnt/primary/conda-envs/semantic_uncertainty_export/lib/libgcc_s.so.1
7fd09c205000-7fd09c208000 r--p 00015000 00:19d 70896295971               /mnt/primary/conda-envs/semantic_uncertainty_export/lib/libgcc_s.so.1
7fd09c208000-7fd09c209000 r--p 00017000 00:19d 70896295971               /mnt/primary/conda-envs/semantic_uncertainty_export/lib/libgcc_s.so.1
7fd09c209000-7fd09c20a000 rw-p 00018000 00:19d 70896295971               /mnt/primary/conda-envs/semantic_uncertainty_export/lib/libgcc_s.so.1
7fd09c20a000-7fd09c2ab000 r--p 00000000 00:19d 70896295960               /mnt/primary/conda-envs/semantic_uncertainty_export/lib/libstdc++.so.6.0.29
7fd09c2ab000-7fd09c3a0000 r-xp 000a1000 00:19d 70896295960               /mnt/primary/conda-envs/semantic_uncertainty_export/lib/libstdc++.so.6.0.29
7fd09c3a0000-7fd09c40c000 r--p 00196000 00:19d 70896295960               /mnt/primary/conda-envs/semantic_uncertainty_export/lib/libstdc++.so.6.0.29
7fd09c40c000-7fd09c40d000 ---p 00202000 00:19d 70896295960               /mnt/primary/conda-envs/semantic_uncertainty_export/lib/libstdc++.so.6.0.29
7fd09c40d000-7fd09c418000 r--p 00202000 00:19d 70896295960               /mnt/primary/conda-envs/semantic_uncertainty_export/lib/libstdc++.so.6.0.29
7fd09c418000-7fd09c41b000 rw-p 0020d000 00:19d 70896295960               /mnt/primary/conda-envs/semantic_uncertainty_export/lib/libstdc++.so.6.0.29
7fd09c41b000-7fd09c41e000 rw-p 00000000 00:00 0 
7fd09c41e000-7fd09c42a000 r--p 00000000 00:19d 92348914178               /mnt/primary/conda-envs/semantic_uncertainty_export/lib/python3.11/site-packages/pyzmq.libs/libsodium-cb25555f.so.23.3.0
7fd09c42a000-7fd09c52c000 r-xp 0000c000 00:19d 92348914178               /mnt/primary/conda-envs/semantic_uncertainty_export/lib/python3.11/site-packages/pyzmq.libs/libsodium-cb25555f.so.23.3.0
7fd09c52c000-7fd09c540000 r--p 0010e000 00:19d 92348914178               /mnt/primary/conda-envs/semantic_uncertainty_export/lib/python3.11/site-packages/pyzmq.libs/libsodium-cb25555f.so.23.3.0
7fd09c540000-7fd09c541000 ---p 00122000 00:19d 92348914178               /mnt/primary/conda-envs/semantic_uncertainty_export/lib/python3.11/site-packages/pyzmq.libs/libsodium-cb25555f.so.23.3.0
7fd09c541000-7fd09c542000 r--p 00122000 00:19d 92348914178               /mnt/primary/conda-envs/semantic_uncertainty_export/lib/python3.11/site-packages/pyzmq.libs/libsodium-cb25555f.so.23.3.0
7fd09c542000-7fd09c543000 rw-p 00123000 00:19d 92348914178               /mnt/primary/conda-envs/semantic_uncertainty_export/lib/python3.11/site-packages/pyzmq.libs/libsodium-cb25555f.so.23.3.0
7fd09c543000-7fd09c54a000 rw-p 00125000 00:19d 92348914178               /mnt/primary/conda-envs/semantic_uncertainty_export/lib/python3.11/site-packages/pyzmq.libs/libsodium-cb25555f.so.23.3.0
7fd09c54a000-7fd09c54b000 r--p 00000000 08:04 5470099                    /usr/lib/x86_64-linux-gnu/librt.so.1
7fd09c54b000-7fd09c54c000 r-xp 00001000 08:04 5470099                    /usr/lib/x86_64-linux-gnu/librt.so.1
7fd09c54c000-7fd09c54d000 r--p 00002000 08:04 5470099                    /usr/lib/x86_64-linux-gnu/librt.so.1
7fd09c54d000-7fd09c54e000 r--p 00002000 08:04 5470099                    /usr/lib/x86_64-linux-gnu/librt.so.1
7fd09c54e000-7fd09c54f000 rw-p 00003000 08:04 5470099                    /usr/lib/x86_64-linux-gnu/librt.so.1
7fd09c550000-7fd09c552000 r--p 00000000 00:19d 45438355978               /mnt/primary/conda-envs/semantic_uncertainty_export/lib/python3.11/lib-dynload/_bisect.cpython-311-x86_64-linux-gnu.so
7fd09c552000-7fd09c554000 r-xp 00002000 00:19d 45438355978               /mnt/primary/conda-envs/semantic_uncertainty_export/lib/python3.11/lib-dynload/_bisect.cpython-311-x86_64-linux-gnu.so
7fd09c554000-7fd09c555000 r--p 00004000 00:19d 45438355978               /mnt/primary/conda-envs/semantic_uncertainty_export/lib/python3.11/lib-dynload/_bisect.cpython-311-x86_64-linux-gnu.so
7fd09c555000-7fd09c556000 r--p 00004000 00:19d 45438355978               /mnt/primary/conda-envs/semantic_uncertainty_export/lib/python3.11/lib-dynload/_bisect.cpython-311-x86_64-linux-gnu.so
7fd09c556000-7fd09c557000 rw-p 00005000 00:19d 45438355978               /mnt/primary/conda-envs/semantic_uncertainty_export/lib/python3.11/lib-dynload/_bisect.cpython-311-x86_64-linux-gnu.so
7fd09c557000-7fd09c570000 r--p 00000000 00:19d 92348914179               /mnt/primary/conda-envs/semantic_uncertainty_export/lib/python3.11/site-packages/pyzmq.libs/libzmq-f468291a.so.5.2.4
7fd09c570000-7fd09c603000 r-xp 00019000 00:19d 92348914179               /mnt/primary/conda-envs/semantic_uncertainty_export/lib/python3.11/site-packages/pyzmq.libs/libzmq-f468291a.so.5.2.4
7fd09c603000-7fd09c63e000 r--p 000ac000 00:19d 92348914179               /mnt/primary/conda-envs/semantic_uncertainty_export/lib/python3.11/site-packages/pyzmq.libs/libzmq-f468291a.so.5.2.4
7fd09c63e000-7fd09c646000 r--p 000e6000 00:19d 92348914179               /mnt/primary/conda-envs/semantic_uncertainty_export/lib/python3.11/site-packages/pyzmq.libs/libzmq-f468291a.so.5.2.4
7fd09c646000-7fd09c647000 rw-p 000ee000 00:19d 92348914179               /mnt/primary/conda-envs/semantic_uncertainty_export/lib/python3.11/site-packages/pyzmq.libs/libzmq-f468291a.so.5.2.4
7fd09c647000-7fd09c64d000 rw-p 000f0000 00:19d 92348914179               /mnt/primary/conda-envs/semantic_uncertainty_export/lib/python3.11/site-packages/pyzmq.libs/libzmq-f468291a.so.5.2.4
7fd09c64d000-7fd09c650000 r--p 00000000 00:19d 120262025247              /mnt/primary/conda-envs/semantic_uncertainty_export/lib/python3.11/site-packages/zmq/backend/cython/_device.cpython-311-x86_64-linux-gnu.so
7fd09c650000-7fd09c659000 r-xp 00003000 00:19d 120262025247              /mnt/primary/conda-envs/semantic_uncertainty_export/lib/python3.11/site-packages/zmq/backend/cython/_device.cpython-311-x86_64-linux-gnu.so
7fd09c659000-7fd09c65b000 r--p 0000c000 00:19d 120262025247              /mnt/primary/conda-envs/semantic_uncertainty_export/lib/python3.11/site-packages/zmq/backend/cython/_device.cpython-311-x86_64-linux-gnu.so
7fd09c65b000-7fd09c65c000 ---p 0000e000 00:19d 120262025247              /mnt/primary/conda-envs/semantic_uncertainty_export/lib/python3.11/site-packages/zmq/backend/cython/_device.cpython-311-x86_64-linux-gnu.so
7fd09c65c000-7fd09c65d000 r--p 0000e000 00:19d 120262025247              /mnt/primary/conda-envs/semantic_uncertainty_export/lib/python3.11/site-packages/zmq/backend/cython/_device.cpython-311-x86_64-linux-gnu.so
7fd09c65d000-7fd09c65e000 rw-p 0000f000 00:19d 120262025247              /mnt/primary/conda-envs/semantic_uncertainty_export/lib/python3.11/site-packages/zmq/backend/cython/_device.cpython-311-x86_64-linux-gnu.so
7fd09c65e000-7fd09c661000 rw-p 00011000 00:19d 120262025247              /mnt/primary/conda-envs/semantic_uncertainty_export/lib/python3.11/site-packages/zmq/backend/cython/_device.cpython-311-x86_64-linux-gnu.so
7fd09c661000-7fd09c761000 rw-p 00000000 00:00 0 
7fd09c761000-7fd09c765000 r--p 00000000 00:19d 45438356019               /mnt/primary/conda-envs/semantic_uncertainty_export/lib/python3.11/lib-dynload/_struct.cpython-311-x86_64-linux-gnu.so
7fd09c765000-7fd09c76a000 r-xp 00004000 00:19d 45438356019               /mnt/primary/conda-envs/semantic_uncertainty_export/lib/python3.11/lib-dynload/_struct.cpython-311-x86_64-linux-gnu.so
7fd09c76a000-7fd09c76e000 r--p 00009000 00:19d 45438356019               /mnt/primary/conda-envs/semantic_uncertainty_export/lib/python3.11/lib-dynload/_struct.cpython-311-x86_64-linux-gnu.so
7fd09c76e000-7fd09c76f000 r--p 0000c000 00:19d 45438356019               /mnt/primary/conda-envs/semantic_uncertainty_export/lib/python3.11/lib-dynload/_struct.cpython-311-x86_64-linux-gnu.so
7fd09c76f000-7fd09c770000 rw-p 0000d000 00:19d 45438356019               /mnt/primary/conda-envs/semantic_uncertainty_export/lib/python3.11/lib-dynload/_struct.cpython-311-x86_64-linux-gnu.so
7fd09c770000-7fd09c773000 r--p 00000000 00:19d 70898546206               /mnt/primary/conda-envs/semantic_uncertainty_export/lib/libffi.so.8.1.2
7fd09c773000-7fd09c77d000 r-xp 00003000 00:19d 70898546206               /mnt/primary/conda-envs/semantic_uncertainty_export/lib/libffi.so.8.1.2
7fd09c77d000-7fd09c77f000 r--p 0000d000 00:19d 70898546206               /mnt/primary/conda-envs/semantic_uncertainty_export/lib/libffi.so.8.1.2
7fd09c77f000-7fd09c780000 r--p 0000e000 00:19d 70898546206               /mnt/primary/conda-envs/semantic_uncertainty_export/lib/libffi.so.8.1.2
7fd09c780000-7fd09c781000 rw-p 0000f000 00:19d 70898546206               /mnt/primary/conda-envs/semantic_uncertainty_export/lib/libffi.so.8.1.2
7fd09c781000-7fd09c788000 r--p 00000000 00:19d 45438355990               /mnt/primary/conda-envs/semantic_uncertainty_export/lib/python3.11/lib-dynload/_ctypes.cpython-311-x86_64-linux-gnu.so
7fd09c788000-7fd09c796000 r-xp 00007000 00:19d 45438355990               /mnt/primary/conda-envs/semantic_uncertainty_export/lib/python3.11/lib-dynload/_ctypes.cpython-311-x86_64-linux-gnu.so
7fd09c796000-7fd09c79c000 r--p 00015000 00:19d 45438355990               /mnt/primary/conda-envs/semantic_uncertainty_export/lib/python3.11/lib-dynload/_ctypes.cpython-311-x86_64-linux-gnu.so
7fd09c79c000-7fd09c79d000 ---p 0001b000 00:19d 45438355990               /mnt/primary/conda-envs/semantic_uncertainty_export/lib/python3.11/lib-dynload/_ctypes.cpython-311-x86_64-linux-gnu.so
7fd09c79d000-7fd09c79e000 r--p 0001b000 00:19d 45438355990               /mnt/primary/conda-envs/semantic_uncertainty_export/lib/python3.11/lib-dynload/_ctypes.cpython-311-x86_64-linux-gnu.so
7fd09c79e000-7fd09c7a2000 rw-p 0001c000 00:19d 45438355990               /mnt/primary/conda-envs/semantic_uncertainty_export/lib/python3.11/lib-dynload/_ctypes.cpython-311-x86_64-linux-gnu.so
7fd09c7a2000-7fd09c7a6000 r--p 00000000 00:19d 45438459398               /mnt/primary/conda-envs/semantic_uncertainty_export/lib/python3.11/lib-dynload/math.cpython-311-x86_64-linux-gnu.so
7fd09c7a6000-7fd09c7ae000 r-xp 00004000 00:19d 45438459398               /mnt/primary/conda-envs/semantic_uncertainty_export/lib/python3.11/lib-dynload/math.cpython-311-x86_64-linux-gnu.so
7fd09c7ae000-7fd09c7b3000 r--p 0000c000 00:19d 45438459398               /mnt/primary/conda-envs/semantic_uncertainty_export/lib/python3.11/lib-dynload/math.cpython-311-x86_64-linux-gnu.so
7fd09c7b3000-7fd09c7b4000 r--p 00010000 00:19d 45438459398               /mnt/primary/conda-envs/semantic_uncertainty_export/lib/python3.11/lib-dynload/math.cpython-311-x86_64-linux-gnu.so
7fd09c7b4000-7fd09c7b5000 rw-p 00011000 00:19d 45438459398               /mnt/primary/conda-envs/semantic_uncertainty_export/lib/python3.11/lib-dynload/math.cpython-311-x86_64-linux-gnu.so
7fd09c7b5000-7fd09c7b8000 r--p 00000000 00:19d 45438459405               /mnt/primary/conda-envs/semantic_uncertainty_export/lib/python3.11/lib-dynload/select.cpython-311-x86_64-linux-gnu.so
7fd09c7b8000-7fd09c7bb000 r-xp 00003000 00:19d 45438459405               /mnt/primary/conda-envs/semantic_uncertainty_export/lib/python3.11/lib-dynload/select.cpython-311-x86_64-linux-gnu.so
7fd09c7bb000-7fd09c7bd000 r--p 00006000 00:19d 45438459405               /mnt/primary/conda-envs/semantic_uncertainty_export/lib/python3.11/lib-dynload/select.cpython-311-x86_64-linux-gnu.so
7fd09c7bd000-7fd09c7be000 ---p 00008000 00:19d 45438459405               /mnt/primary/conda-envs/semantic_uncertainty_export/lib/python3.11/lib-dynload/select.cpython-311-x86_64-linux-gnu.so
7fd09c7be000-7fd09c7bf000 r--p 00008000 00:19d 45438459405               /mnt/primary/conda-envs/semantic_uncertainty_export/lib/python3.11/lib-dynload/select.cpython-311-x86_64-linux-gnu.so
7fd09c7bf000-7fd09c7c0000 rw-p 00009000 00:19d 45438459405               /mnt/primary/conda-envs/semantic_uncertainty_export/lib/python3.11/lib-dynload/select.cpython-311-x86_64-linux-gnu.so
7fd09c7c0000-7fd09c7c2000 r--p 00000000 00:19d 45438356008               /mnt/primary/conda-envs/semantic_uncertainty_export/lib/python3.11/lib-dynload/_posixsubprocess.cpython-311-x86_64-linux-gnu.so
7fd09c7c2000-7fd09c7c5000 r-xp 00002000 00:19d 45438356008               /mnt/primary/conda-envs/semantic_uncertainty_export/lib/python3.11/lib-dynload/_posixsubprocess.cpython-311-x86_64-linux-gnu.so
7fd09c7c5000-7fd09c7c6000 r--p 00005000 00:19d 45438356008               /mnt/primary/conda-envs/semantic_uncertainty_export/lib/python3.11/lib-dynload/_posixsubprocess.cpython-311-x86_64-linux-gnu.so
7fd09c7c6000-7fd09c7c7000 r--p 00005000 00:19d 45438356008               /mnt/primary/conda-envs/semantic_uncertainty_export/lib/python3.11/lib-dynload/_posixsubprocess.cpython-311-x86_64-linux-gnu.so
7fd09c7c7000-7fd09c7c8000 rw-p 00006000 00:19d 45438356008               /mnt/primary/conda-envs/semantic_uncertainty_export/lib/python3.11/lib-dynload/_posixsubprocess.cpython-311-x86_64-linux-gnu.so
7fd09c7c8000-7fd09c7ca000 r--p 00000000 00:19d 45438459396               /mnt/primary/conda-envs/semantic_uncertainty_export/lib/python3.11/lib-dynload/fcntl.cpython-311-x86_64-linux-gnu.so
7fd09c7ca000-7fd09c7cc000 r-xp 00002000 00:19d 45438459396               /mnt/primary/conda-envs/semantic_uncertainty_export/lib/python3.11/lib-dynload/fcntl.cpython-311-x86_64-linux-gnu.so
7fd09c7cc000-7fd09c7ce000 r--p 00004000 00:19d 45438459396               /mnt/primary/conda-envs/semantic_uncertainty_export/lib/python3.11/lib-dynload/fcntl.cpython-311-x86_64-linux-gnu.so
7fd09c7ce000-7fd09c7cf000 r--p 00005000 00:19d 45438459396               /mnt/primary/conda-envs/semantic_uncertainty_export/lib/python3.11/lib-dynload/fcntl.cpython-311-x86_64-linux-gnu.so
7fd09c7cf000-7fd09c7d0000 rw-p 00006000 00:19d 45438459396               /mnt/primary/conda-envs/semantic_uncertainty_export/lib/python3.11/lib-dynload/fcntl.cpython-311-x86_64-linux-gnu.so
7fd09c7d0000-7fd09c7d3000 r--p 00000000 00:19d 45438355999               /mnt/primary/conda-envs/semantic_uncertainty_export/lib/python3.11/lib-dynload/_json.cpython-311-x86_64-linux-gnu.so
7fd09c7d3000-7fd09c7d9000 r-xp 00003000 00:19d 45438355999               /mnt/primary/conda-envs/semantic_uncertainty_export/lib/python3.11/lib-dynload/_json.cpython-311-x86_64-linux-gnu.so
7fd09c7d9000-7fd09c7db000 r--p 00009000 00:19d 45438355999               /mnt/primary/conda-envs/semantic_uncertainty_export/lib/python3.11/lib-dynload/_json.cpython-311-x86_64-linux-gnu.so
7fd09c7db000-7fd09c7dc000 r--p 0000a000 00:19d 45438355999               /mnt/primary/conda-envs/semantic_uncertainty_export/lib/python3.11/lib-dynload/_json.cpython-311-x86_64-linux-gnu.so
7fd09c7dc000-7fd09c7dd000 rw-p 0000b000 00:19d 45438355999               /mnt/primary/conda-envs/semantic_uncertainty_export/lib/python3.11/lib-dynload/_json.cpython-311-x86_64-linux-gnu.so
7fd09c7dd000-7fd09c7de000 r--p 00000000 00:19d 45438356027               /mnt/primary/conda-envs/semantic_uncertainty_export/lib/python3.11/lib-dynload/_typing.cpython-311-x86_64-linux-gnu.so
7fd09c7de000-7fd09c7df000 r-xp 00001000 00:19d 45438356027               /mnt/primary/conda-envs/semantic_uncertainty_export/lib/python3.11/lib-dynload/_typing.cpython-311-x86_64-linux-gnu.so
7fd09c7df000-7fd09c7e0000 r--p 00002000 00:19d 45438356027               /mnt/primary/conda-envs/semantic_uncertainty_export/lib/python3.11/lib-dynload/_typing.cpython-311-x86_64-linux-gnu.so
7fd09c7e0000-7fd09c7e1000 r--p 00002000 00:19d 45438356027               /mnt/primary/conda-envs/semantic_uncertainty_export/lib/python3.11/lib-dynload/_typing.cpython-311-x86_64-linux-gnu.so
7fd09c7e1000-7fd09c7e2000 rw-p 00003000 00:19d 45438356027               /mnt/primary/conda-envs/semantic_uncertainty_export/lib/python3.11/lib-dynload/_typing.cpython-311-x86_64-linux-gnu.so
7fd09c7e2000-7fd09cb48000 rw-p 00000000 00:00 0 
7fd09cb48000-7fd09cb9f000 r--p 00000000 08:04 1080784748                 /usr/lib/locale/C.utf8/LC_CTYPE
7fd09cb9f000-7fd09cba2000 rw-p 00000000 00:00 0 
7fd09cba2000-7fd09cbca000 r--p 00000000 08:04 5470023                    /usr/lib/x86_64-linux-gnu/libc.so.6
7fd09cbca000-7fd09cd5f000 r-xp 00028000 08:04 5470023                    /usr/lib/x86_64-linux-gnu/libc.so.6
7fd09cd5f000-7fd09cdb7000 r--p 001bd000 08:04 5470023                    /usr/lib/x86_64-linux-gnu/libc.so.6
7fd09cdb7000-7fd09cdb8000 ---p 00215000 08:04 5470023                    /usr/lib/x86_64-linux-gnu/libc.so.6
7fd09cdb8000-7fd09cdbc000 r--p 00215000 08:04 5470023                    /usr/lib/x86_64-linux-gnu/libc.so.6
7fd09cdbc000-7fd09cdbe000 rw-p 00219000 08:04 5470023                    /usr/lib/x86_64-linux-gnu/libc.so.6
7fd09cdbe000-7fd09cdcd000 rw-p 00000000 00:00 0 
7fd09cdcd000-7fd09cddb000 r--p 00000000 08:04 5470062                    /usr/lib/x86_64-linux-gnu/libm.so.6
7fd09cddb000-7fd09ce57000 r-xp 0000e000 08:04 5470062                    /usr/lib/x86_64-linux-gnu/libm.so.6
7fd09ce57000-7fd09ceb2000 r--p 0008a000 08:04 5470062                    /usr/lib/x86_64-linux-gnu/libm.so.6
7fd09ceb2000-7fd09ceb3000 r--p 000e4000 08:04 5470062                    /usr/lib/x86_64-linux-gnu/libm.so.6
7fd09ceb3000-7fd09ceb4000 rw-p 000e5000 08:04 5470062                    /usr/lib/x86_64-linux-gnu/libm.so.6
7fd09ceb4000-7fd09ceb5000 r--p 00000000 08:04 5470116                    /usr/lib/x86_64-linux-gnu/libutil.so.1
7fd09ceb5000-7fd09ceb6000 r-xp 00001000 08:04 5470116                    /usr/lib/x86_64-linux-gnu/libutil.so.1
7fd09ceb6000-7fd09ceb7000 r--p 00002000 08:04 5470116                    /usr/lib/x86_64-linux-gnu/libutil.so.1
7fd09ceb7000-7fd09ceb8000 r--p 00002000 08:04 5470116                    /usr/lib/x86_64-linux-gnu/libutil.so.1
7fd09ceb8000-7fd09ceb9000 rw-p 00003000 08:04 5470116                    /usr/lib/x86_64-linux-gnu/libutil.so.1
7fd09ceb9000-7fd09ceba000 r--p 00000000 08:04 5470037                    /usr/lib/x86_64-linux-gnu/libdl.so.2
7fd09ceba000-7fd09cebb000 r-xp 00001000 08:04 5470037                    /usr/lib/x86_64-linux-gnu/libdl.so.2
7fd09cebb000-7fd09cebc000 r--p 00002000 08:04 5470037                    /usr/lib/x86_64-linux-gnu/libdl.so.2
7fd09cebc000-7fd09cebd000 r--p 00002000 08:04 5470037                    /usr/lib/x86_64-linux-gnu/libdl.so.2
7fd09cebd000-7fd09cebe000 rw-p 00003000 08:04 5470037                    /usr/lib/x86_64-linux-gnu/libdl.so.2
7fd09cebe000-7fd09cebf000 r--p 00000000 08:04 5470094                    /usr/lib/x86_64-linux-gnu/libpthread.so.0
7fd09cebf000-7fd09cec0000 r-xp 00001000 08:04 5470094                    /usr/lib/x86_64-linux-gnu/libpthread.so.0
7fd09cec0000-7fd09cec1000 r--p 00002000 08:04 5470094                    /usr/lib/x86_64-linux-gnu/libpthread.so.0
7fd09cec1000-7fd09cec2000 r--p 00002000 08:04 5470094                    /usr/lib/x86_64-linux-gnu/libpthread.so.0
7fd09cec2000-7fd09cec3000 rw-p 00003000 08:04 5470094                    /usr/lib/x86_64-linux-gnu/libpthread.so.0
7fd09cec4000-7fd09cecb000 r--s 00000000 08:04 1080785094                 /usr/lib/x86_64-linux-gnu/gconv/gconv-modules.cache
7fd09cecb000-7fd09cecd000 rw-p 00000000 00:00 0 
7fd09cecd000-7fd09cecf000 r--p 00000000 08:04 5469943                    /usr/lib/x86_64-linux-gnu/ld-linux-x86-64.so.2
7fd09cecf000-7fd09cef9000 r-xp 00002000 08:04 5469943                    /usr/lib/x86_64-linux-gnu/ld-linux-x86-64.so.2
7fd09cef9000-7fd09cf04000 r--p 0002c000 08:04 5469943                    /usr/lib/x86_64-linux-gnu/ld-linux-x86-64.so.2
7fd09cf04000-7fd09cf05000 rw-s 00000000 00:16f 524                       /dev/shm/sem.qr3NLu (deleted)
7fd09cf05000-7fd09cf07000 r--p 00037000 08:04 5469943                    /usr/lib/x86_64-linux-gnu/ld-linux-x86-64.so.2
7fd09cf07000-7fd09cf09000 rw-p 00039000 08:04 5469943                    /usr/lib/x86_64-linux-gnu/ld-linux-x86-64.so.2
7ffc897c9000-7ffc897cd000 ---p 00000000 00:00 0 
7ffc897cd000-7ffc898c9000 rw-p 00000000 00:00 0                          [stack]
7ffc899f1000-7ffc899f5000 r--p 00000000 00:00 0                          [vvar]
7ffc899f5000-7ffc899f7000 r-xp 00000000 00:00 0                          [vdso]
ffffffffff600000-ffffffffff601000 --xp 00000000 00:00 0                  [vsyscall]


VM Arguments:
java_command: jupyter[pyterrier]:/root/nfs/utility_prediction/analysis/qpp_test-perplexity.ipynb
java_class_path (initial): /root/.pyterrier/terrier-assemblies-5.11-jar-with-dependencies.jar:/root/.pyterrier/terrier-python-helper-0.0.8.jar:/opt/miniconda3/envs/semantic_uncertainty_export/lib/python3.11/site-packages/jnius/src
Launcher Type: generic

[Global flags]
     intx CICompilerCount                          = 15                                        {product} {ergonomic}
     uint ConcGCThreads                            = 6                                         {product} {ergonomic}
     uint G1ConcRefinementThreads                  = 23                                        {product} {ergonomic}
   size_t G1HeapRegionSize                         = 4194304                                   {product} {ergonomic}
    uintx GCDrainStackTargetSize                   = 64                                        {product} {ergonomic}
   size_t InitialHeapSize                          = 2147483648                                {product} {ergonomic}
   size_t MarkStackSize                            = 4194304                                   {product} {ergonomic}
   size_t MaxHeapSize                              = 32178700288                               {product} {ergonomic}
   size_t MaxNewSize                               = 19306381312                               {product} {ergonomic}
   size_t MinHeapDeltaBytes                        = 4194304                                   {product} {ergonomic}
    uintx NonNMethodCodeHeapSize                   = 8182140                                {pd product} {ergonomic}
    uintx NonProfiledCodeHeapSize                  = 121738050                              {pd product} {ergonomic}
    uintx ProfiledCodeHeapSize                     = 121738050                              {pd product} {ergonomic}
    uintx ReservedCodeCacheSize                    = 251658240                              {pd product} {ergonomic}
     bool SegmentedCodeCache                       = true                                      {product} {ergonomic}
     bool UseCompressedClassPointers               = true                                 {lp64_product} {ergonomic}
     bool UseCompressedOops                        = true                                 {lp64_product} {ergonomic}
     bool UseG1GC                                  = true                                      {product} {ergonomic}

Logging:
Log output configuration:
 #0: stdout all=warning uptime,level,tags
 #1: stderr all=off uptime,level,tags

Environment Variables:
PATH=/opt/miniconda3/envs/semantic_uncertainty_export/bin:/opt/miniconda3/condabin:/root/.cargo/bin:/opt/miniconda3/bin:/usr/local/sbin:/usr/local/bin:/usr/sbin:/usr/bin:/sbin:/bin
LD_LIBRARY_PATH=/usr/local/nvidia/lib:/usr/local/nvidia/lib64
SHELL=/bin/bash
LC_CTYPE=C.UTF-8
TERM=xterm-color

Signal Handlers:
SIGSEGV: [libjvm.so+0xebbd40], sa_mask[0]=11111111011111111101111111111110, sa_flags=SA_RESTART|SA_SIGINFO
SIGBUS: [libjvm.so+0xebbd40], sa_mask[0]=11111111011111111101111111111110, sa_flags=SA_RESTART|SA_SIGINFO
SIGFPE: [libjvm.so+0xebbd40], sa_mask[0]=11111111011111111101111111111110, sa_flags=SA_RESTART|SA_SIGINFO
SIGPIPE: [libjvm.so+0xbfe040], sa_mask[0]=11111111011111111101111111111110, sa_flags=SA_RESTART|SA_SIGINFO
SIGXFSZ: [libjvm.so+0xbfe040], sa_mask[0]=11111111011111111101111111111110, sa_flags=SA_RESTART|SA_SIGINFO
SIGILL: [libjvm.so+0xebbd40], sa_mask[0]=11111111011111111101111111111110, sa_flags=SA_RESTART|SA_SIGINFO
SIGUSR2: [libjvm.so+0xbfdee0], sa_mask[0]=00000000000000000000000000000000, sa_flags=SA_RESTART|SA_SIGINFO
SIGHUP: [libjvm.so+0xbfe6a0], sa_mask[0]=11111111011111111101111111111110, sa_flags=SA_RESTART|SA_SIGINFO
SIGINT: SIG_IGN, sa_mask[0]=00000000000000000000000000000000, sa_flags=SA_ONSTACK
SIGTERM: [libjvm.so+0xbfe6a0], sa_mask[0]=11111111011111111101111111111110, sa_flags=SA_RESTART|SA_SIGINFO
SIGQUIT: [libjvm.so+0xbfe6a0], sa_mask[0]=11111111011111111101111111111110, sa_flags=SA_RESTART|SA_SIGINFO


---------------  S Y S T E M  ---------------

OS:DISTRIB_ID=Ubuntu
DISTRIB_RELEASE=22.04
DISTRIB_CODENAME=jammy
DISTRIB_DESCRIPTION="Ubuntu 22.04.5 LTS"
uname:Linux 6.7.4-200.fc39.x86_64 #1 SMP PREEMPT_DYNAMIC Mon Feb  5 22:21:14 UTC 2024 x86_64
OS uptime: 43 days 18:54 hours
libc:glibc 2.35 NPTL 2.35 
rlimit (soft/hard): STACK 8192k/infinity , CORE infinity/infinity , NPROC 4194304/4194304 , NOFILE 1048576/1048576 , AS infinity/infinity , CPU infinity/infinity , DATA infinity/infinity , FSIZE infinity/infinity , MEMLOCK 8192k/8192k
load average:12.43 10.20 9.83

/proc/meminfo:
MemTotal:       527979248 kB
MemFree:        49536092 kB
MemAvailable:   418803036 kB
Buffers:         2487220 kB
Cached:         367245412 kB
SwapCached:            0 kB
Active:         230135200 kB
Inactive:       236041716 kB
Active(anon):   81979836 kB
Inactive(anon): 15241700 kB
Active(file):   148155364 kB
Inactive(file): 220800016 kB
Unevictable:      249308 kB
Mlocked:          246236 kB
SwapTotal:             0 kB
SwapFree:              0 kB
Zswap:                 0 kB
Zswapped:              0 kB
Dirty:           3672664 kB
Writeback:             0 kB
AnonPages:      96652928 kB
Mapped:          3093780 kB
Shmem:            762220 kB
KReclaimable:    3808204 kB
Slab:            5136956 kB
SReclaimable:    3808204 kB
SUnreclaim:      1328752 kB
KernelStack:       47072 kB
PageTables:       253796 kB
SecPageTables:         0 kB
NFS_Unstable:          0 kB
Bounce:                0 kB
WritebackTmp:          0 kB
CommitLimit:    263989624 kB
Committed_AS:   142860760 kB
VmallocTotal:   34359738367 kB
VmallocUsed:      448600 kB
VmallocChunk:          0 kB
Percpu:            87936 kB
HardwareCorrupted:     0 kB
AnonHugePages:   2899968 kB
ShmemHugePages:        0 kB
ShmemPmdMapped:        0 kB
FileHugePages:   4352000 kB
FilePmdMapped:      2048 kB
CmaTotal:              0 kB
CmaFree:               0 kB
Unaccepted:            0 kB
HugePages_Total:       0
HugePages_Free:        0
HugePages_Rsvd:        0
HugePages_Surp:        0
Hugepagesize:       2048 kB
Hugetlb:               0 kB
DirectMap4k:    12653384 kB
DirectMap2M:    248061952 kB
DirectMap1G:    277872640 kB

/sys/kernel/mm/transparent_hugepage/enabled:
always [madvise] never
/sys/kernel/mm/transparent_hugepage/defrag (defrag/compaction efforts parameter):
always defer defer+madvise [madvise] never

Process Memory:
Virtual Size: 59639704K (peak: 327013680K)
Resident Set Size: 8549724K (peak: 33069884K) (anon: 8123748K, file: 409336K, shmem: 16640K)
Swapped out: 0K
C-Heap outstanding allocations: 2854634K, retained: 997981K
glibc malloc tunables: (default)

/proc/sys/kernel/threads-max (system-wide limit on the number of threads):
4124100
/proc/sys/vm/max_map_count (maximum number of memory map areas a process may have):
262144
/proc/sys/kernel/pid_max (system-wide limit on number of process identifiers):
4194304

container (cgroup) information:
container_type: cgroupv2
cpu_cpuset_cpus: not supported
cpu_memory_nodes: not supported
active_processor_count: 32
cpu_quota: no quota
cpu_period: 100000
cpu_shares: 2048
memory_limit_in_bytes: unlimited
memory_and_swap_limit_in_bytes: unlimited
memory_soft_limit_in_bytes: unlimited
memory_usage_in_bytes: 89393484 k
memory_max_usage_in_bytes: not supported
memory_swap_current_in_bytes: unlimited
memory_swap_max_limit_in_bytes: unlimited
maximum number of tasks: 618615
current number of tasks: 645

Steal ticks since vm start: 0
Steal ticks percentage since vm start:  0.000

CPU:total 32 (initial active 32) (8 cores per cpu, 2 threads per core) family 6 model 85 stepping 7 microcode 0x5003604, cmov, cx8, fxsr, mmx, sse, sse2, sse3, ssse3, sse4.1, sse4.2, popcnt, avx, avx2, aes, clmul, erms, 3dnowpref, lzcnt, ht, tsc, tscinvbit, bmi1, bmi2, adx, evex, fma
CPU Model and flags from /proc/cpuinfo:
model name	: Intel(R) Xeon(R) Gold 6244 CPU @ 3.60GHz
flags		: fpu vme de pse tsc msr pae mce cx8 apic sep mtrr pge mca cmov pat pse36 clflush dts acpi mmx fxsr sse sse2 ss ht tm pbe syscall nx pdpe1gb rdtscp lm constant_tsc art arch_perfmon pebs bts rep_good nopl xtopology nonstop_tsc cpuid aperfmperf pni pclmulqdq dtes64 monitor ds_cpl vmx smx est tm2 ssse3 sdbg fma cx16 xtpr pdcm pcid dca sse4_1 sse4_2 x2apic movbe popcnt tsc_deadline_timer aes xsave avx f16c rdrand lahf_lm abm 3dnowprefetch cpuid_fault epb cat_l3 cdp_l3 intel_ppin ssbd mba ibrs ibpb stibp ibrs_enhanced tpr_shadow flexpriority ept vpid ept_ad fsgsbase tsc_adjust bmi1 avx2 smep bmi2 erms invpcid cqm mpx rdt_a avx512f avx512dq rdseed adx smap clflushopt clwb intel_pt avx512cd avx512bw avx512vl xsaveopt xsavec xgetbv1 xsaves cqm_llc cqm_occup_llc cqm_mbm_total cqm_mbm_local dtherm ida arat pln pts hwp hwp_act_window hwp_epp hwp_pkg_req vnmi pku ospke avx512_vnni md_clear flush_l1d arch_capabilities
Online cpus:
0-31
Offline cpus:

BIOS frequency limitation:
<Not Available>
Frequency switch latency (ns):
0
Available cpu frequencies:
<Not Available>
Current governor:
performance
Core performance/turbo boost:
<Not Available>

Memory: 4k page, physical 527979248k(49533644k free), swap 0k(0k free)

vm_info: OpenJDK 64-Bit Server VM (11.0.27+6-post-Ubuntu-0ubuntu122.04) for linux-amd64 JRE (11.0.27+6-post-Ubuntu-0ubuntu122.04), built on Apr 21 2025 05:59:45 by "unknown" with gcc 11.4.0

END.
