#
# A fatal error has been detected by the Java Runtime Environment:
#
#  SIGSEGV (0xb) at pc=0x00007fb1d6d063fc, pid=27053, tid=27053
#
# JRE version: OpenJDK Runtime Environment (11.0.24+8) (build 11.0.24+8-post-Ubuntu-1ubuntu322.04)
# Java VM: OpenJDK 64-Bit Server VM (11.0.24+8-post-Ubuntu-1ubuntu322.04, mixed mode, sharing, tiered, compressed oops, g1 gc, linux-amd64)
# Problematic frame:
# C  [libc.so.6+0x453fc]
#
# Core dump will be written. Default location: Core dumps may be processed with "/usr/lib/systemd/systemd-coredump %P %u %g %s %t %c %h" (or dumping to /mnt/primary/context_coherence/analysis/core.27053)
#
# If you would like to submit a bug report, please visit:
#   https://bugs.launchpad.net/ubuntu/+source/openjdk-lts
# The crash happened outside the Java Virtual Machine in native code.
# See problematic frame for where to report the bug.
#

---------------  S U M M A R Y ------------

Command Line: jupyter[pyterrier]:/root/nfs/context_coherence/analysis/qpp_test.ipynb

Host: Intel(R) Xeon(R) Gold 6244 CPU @ 3.60GHz, 32 cores, 503G, Ubuntu 22.04.5 LTS
Time: Fri May  9 20:13:39 2025 UTC elapsed time: 32.575424 seconds (0d 0h 0m 32s)

---------------  T H R E A D  ---------------

Current thread (0x0000000089966000):  JavaThread "main" [_thread_in_native, id=27053, stack(0x00007fff5c676000,0x00007fff5c776000)]

Stack: [0x00007fff5c676000,0x00007fff5c776000],  sp=0x00007fff5c774340,  free space=1016k
Native frames: (J=compiled Java code, A=aot compiled Java code, j=interpreted, Vv=VM code, C=native code)
C  [libc.so.6+0x453fc]


siginfo: si_signo: 11 (SIGSEGV), si_code: 128 (SI_KERNEL), si_addr: 0x0000000000000000

Register to memory mapping:

RAX=0x00007fb1d6edbcdf: <offset 0x000000000021acdf> in /usr/lib/x86_64-linux-gnu/libc.so.6 at 0x00007fb1d6cc1000
RBX=0x0 is NULL
RCX=0x00007fb1d6d5225b: __lll_lock_wait_private+0x000000000000002b in /usr/lib/x86_64-linux-gnu/libc.so.6 at 0x00007fb1d6cc1000
RDX=0x000ff63addb79be0 is an unknown value
RSP=0x00007fff5c774340 is pointing into the stack for thread: 0x0000000089966000
RBP=0x0 is NULL
RSI=0x0000000000000080 is an unknown value
RDI=0x00007fb1d6edcee8: <offset 0x000000000021bee8> in /usr/lib/x86_64-linux-gnu/libc.so.6 at 0x00007fb1d6cc1000
R8 =0x00000000000001ca is an unknown value
R9 =0x0000000000000001 is an unknown value
R10=0x0 is NULL
R11=0x0000000000000246 is an unknown value
R12=0x00007fb1d6edb838: <offset 0x000000000021a838> in /usr/lib/x86_64-linux-gnu/libc.so.6 at 0x00007fb1d6cc1000
R13=0x00007fb11052baa8: <offset 0x000000002432baa8> in /opt/miniconda3/envs/semantic_uncertainty_export/lib/python3.11/site-packages/torch/lib/../../../../libcublasLt.so.11 at 0x00007fb0ec200000
R14=0x00007fb1d6edcee8: <offset 0x000000000021bee8> in /usr/lib/x86_64-linux-gnu/libc.so.6 at 0x00007fb1d6cc1000
R15=0x00000000056e92f0 points into unknown readable memory: 0x000000001d6224a0 | a0 24 62 1d 00 00 00 00


Registers:
RAX=0x00007fb1d6edbcdf, RBX=0x0000000000000000, RCX=0x00007fb1d6d5225b, RDX=0x000ff63addb79be0
RSP=0x00007fff5c774340, RBP=0x0000000000000000, RSI=0x0000000000000080, RDI=0x00007fb1d6edcee8
R8 =0x00000000000001ca, R9 =0x0000000000000001, R10=0x0000000000000000, R11=0x0000000000000246
R12=0x00007fb1d6edb838, R13=0x00007fb11052baa8, R14=0x00007fb1d6edcee8, R15=0x00000000056e92f0
RIP=0x00007fb1d6d063fc, EFLAGS=0x0000000000010202, CSGSFS=0x002b000000000033, ERR=0x0000000000000000
  TRAPNO=0x000000000000000d

Top of Stack: (sp=0x00007fff5c774340)
0x00007fff5c774340:   0000000000000005 00007fb0f1c79e70
0x00007fff5c774350:   00000000005b6d70 0000000100000000
0x00007fff5c774360:   00007fb1d7025040 0000000000000000
0x00007fff5c774370:   0000000000000005 00007fff5c7744b8 

Instructions: (pc=0x00007fb1d6d063fc)
0x00007fb1d6d062fc:   75 22 48 c7 03 00 00 00 00 31 c0 87 05 bb 6b 1d
0x00007fb1d6d0630c:   00 83 f8 01 7f 26 31 c0 5b c3 66 2e 0f 1f 84 00
0x00007fb1d6d0631c:   00 00 00 00 e8 4b 30 fe ff 48 c7 05 88 6b 1d 00
0x00007fb1d6d0632c:   00 00 00 00 eb cc 66 0f 1f 44 00 00 48 8d 3d 89
0x00007fb1d6d0633c:   6b 1d 00 e8 bc bf 04 00 31 c0 5b c3 0f 1f 84 00
0x00007fb1d6d0634c:   00 00 00 00 48 8d 3d 71 6b 1d 00 e8 d4 be 04 00
0x00007fb1d6d0635c:   eb 88 66 90 f3 0f 1e fa 48 8b 05 15 4b 1d 00 8b
0x00007fb1d6d0636c:   00 85 c0 75 0f e9 fa f7 ff ff 66 2e 0f 1f 84 00
0x00007fb1d6d0637c:   00 00 00 00 31 c0 c3 66 2e 0f 1f 84 00 00 00 00
0x00007fb1d6d0638c:   00 0f 1f 00 f3 0f 1e fa 41 57 41 56 41 55 41 54
0x00007fb1d6d0639c:   49 89 f4 55 89 fd 53 48 83 ec 28 89 54 24 1c 84
0x00007fb1d6d063ac:   c9 0f 85 11 02 00 00 4c 8d 35 2e 6b 1d 00 31 c0
0x00007fb1d6d063bc:   ba 01 00 00 00 f0 41 0f b1 16 0f 85 02 02 00 00
0x00007fb1d6d063cc:   31 db 4d 8b 3c 24 4d 85 ff 0f 84 35 01 00 00 0f
0x00007fb1d6d063dc:   1f 44 00 00 49 8b 47 08 48 85 c0 0f 84 13 01 00
0x00007fb1d6d063ec:   00 48 83 e8 01 48 89 c2 49 89 47 08 48 c1 e2 05
0x00007fb1d6d063fc:   49 8b 4c 17 10 48 83 f9 03 0f 84 ad 00 00 00 48
0x00007fb1d6d0640c:   83 f9 04 74 4f 48 83 f9 02 75 cd 4c 01 fa 48 8b
0x00007fb1d6d0641c:   42 18 48 8b 72 20 89 da 48 c1 c8 11 64 48 33 04
0x00007fb1d6d0642c:   25 30 00 00 00 41 87 16 83 fa 01 0f 8f 1b 01 00
0x00007fb1d6d0643c:   00 89 ef ff d0 ba 01 00 00 00 89 d8 f0 41 0f b1
0x00007fb1d6d0644c:   16 74 91 4c 89 f7 e8 d9 bd 04 00 eb 87 0f 1f 80
0x00007fb1d6d0645c:   00 00 00 00 4c 01 fa 48 8b 42 18 4c 8b 6a 20 48
0x00007fb1d6d0646c:   c7 42 10 00 00 00 00 89 da 48 c1 c8 11 64 48 33
0x00007fb1d6d0647c:   04 25 30 00 00 00 41 87 16 83 fa 01 0f 8f 12 01
0x00007fb1d6d0648c:   00 00 89 ee 4c 89 ef ff d0 ba 01 00 00 00 89 d8
0x00007fb1d6d0649c:   f0 41 0f b1 16 0f 84 39 ff ff ff 4c 89 f7 e8 81
0x00007fb1d6d064ac:   bd 04 00 e9 2c ff ff ff 0f 1f 40 00 49 8b 44 17
0x00007fb1d6d064bc:   18 89 da 48 c1 c8 11 64 48 33 04 25 30 00 00 00
0x00007fb1d6d064cc:   41 87 16 83 fa 01 0f 8f a8 00 00 00 ff d0 ba 01
0x00007fb1d6d064dc:   00 00 00 89 d8 f0 41 0f b1 16 0f 84 f4 fe ff ff
0x00007fb1d6d064ec:   4c 89 f7 e8 3c bd 04 00 e9 e7 fe ff ff 0f 1f 80 


Stack slot to memory mapping:
stack at sp + 0 slots: 0x0000000000000005 is an unknown value
stack at sp + 1 slots: 0x00007fb0f1c79e70: <offset 0x0000000005a79e70> in /opt/miniconda3/envs/semantic_uncertainty_export/lib/python3.11/site-packages/torch/lib/../../../../libcublasLt.so.11 at 0x00007fb0ec200000
stack at sp + 2 slots: 0x00000000005b6d70: <offset 0x00000000001b6d70> in python at 0x0000000000400000
stack at sp + 3 slots: 0x0000000100000000 is an unknown value
stack at sp + 4 slots: 0x00007fb1d7025040: _rtld_global+0x0000000000000000 in /lib64/ld-linux-x86-64.so.2 at 0x00007fb1d6feb000
stack at sp + 5 slots: 0x0 is NULL
stack at sp + 6 slots: 0x0000000000000005 is an unknown value
stack at sp + 7 slots: 0x00007fff5c7744b8 is pointing into the stack for thread: 0x0000000089966000


---------------  P R O C E S S  ---------------

Threads class SMR info:
_java_thread_list=0x00007faef82a0ff0, length=9, elements={
0x0000000089966000, 0x000000008cdab000, 0x000000008cdac000, 0x000000008cdaf000,
0x000000008cdb0000, 0x000000008cdb1800, 0x000000008cdb2800, 0x000000008cdc5800,
0x00007faf20001800
}

Java Threads: ( => current thread )
=>0x0000000089966000 JavaThread "main" [_thread_in_native, id=27053, stack(0x00007fff5c676000,0x00007fff5c776000)]
  0x000000008cdab000 JavaThread "Reference Handler" daemon [_thread_blocked, id=27122, stack(0x00007fafb6bff000,0x00007fafb6cff000)]
  0x000000008cdac000 JavaThread "Finalizer" daemon [_thread_blocked, id=27123, stack(0x00007fafb6aff000,0x00007fafb6bff000)]
  0x000000008cdaf000 JavaThread "Service Thread" daemon [_thread_blocked, id=27125, stack(0x00007fafb68ff000,0x00007fafb69ff000)]
  0x000000008cdb0000 JavaThread "C2 CompilerThread0" daemon [_thread_blocked, id=27126, stack(0x00007fafb6400000,0x00007fafb6500000)]
  0x000000008cdb1800 JavaThread "C1 CompilerThread0" daemon [_thread_blocked, id=27127, stack(0x00007fafa7300000,0x00007fafa7400000)]
  0x000000008cdb2800 JavaThread "Sweeper thread" daemon [_thread_blocked, id=27128, stack(0x00007fafa7200000,0x00007fafa7300000)]
  0x000000008cdc5800 JavaThread "Common-Cleaner" daemon [_thread_blocked, id=27131, stack(0x00007fafa4eff000,0x00007fafa4fff000)]
  0x00007faf20001800 JavaThread "SIGTERM handler" daemon [_thread_blocked, id=27271, stack(0x00007fb1d2503000,0x00007fb1d2603000)]

Other Threads:
  0x000000008cdaa000 VMThread "VM Thread" [stack: 0x00007fafb6d00000,0x00007fafb6e00000] [id=27121]
  0x0000000089ab0000 GCTaskThread "GC Thread#0" [stack: 0x00007fafbbbfc000,0x00007fafbbcfc000] [id=27116]
  0x00007faf38001800 GCTaskThread "GC Thread#1" [stack: 0x00007fafa48ff000,0x00007fafa49ff000] [id=27137]
  0x00007faf38003000 GCTaskThread "GC Thread#2" [stack: 0x00007fafa47fe000,0x00007fafa48fe000] [id=27138]
  0x00007faf38004800 GCTaskThread "GC Thread#3" [stack: 0x00007fafa46fd000,0x00007fafa47fd000] [id=27139]
  0x00007faf38006800 GCTaskThread "GC Thread#4" [stack: 0x00007fafa45fc000,0x00007fafa46fc000] [id=27140]
  0x00007faf38008000 GCTaskThread "GC Thread#5" [stack: 0x00007fafa44fb000,0x00007fafa45fb000] [id=27141]
  0x00007faf3800a000 GCTaskThread "GC Thread#6" [stack: 0x00007fafa43fa000,0x00007fafa44fa000] [id=27142]
  0x00007faf3800b800 GCTaskThread "GC Thread#7" [stack: 0x00007fafa42f9000,0x00007fafa43f9000] [id=27143]
  0x00007faf3800d000 GCTaskThread "GC Thread#8" [stack: 0x00007fafa41f8000,0x00007fafa42f8000] [id=27144]
  0x00007faf3800f000 GCTaskThread "GC Thread#9" [stack: 0x00007fafa40f7000,0x00007fafa41f7000] [id=27145]
  0x00007faf38010800 GCTaskThread "GC Thread#10" [stack: 0x00007faf5c700000,0x00007faf5c800000] [id=27146]
  0x00007faf38012800 GCTaskThread "GC Thread#11" [stack: 0x00007faf5c5ff000,0x00007faf5c6ff000] [id=27147]
  0x00007faf38014000 GCTaskThread "GC Thread#12" [stack: 0x00007faf5c4fe000,0x00007faf5c5fe000] [id=27148]
  0x00007faf38015800 GCTaskThread "GC Thread#13" [stack: 0x00007faf5c3fd000,0x00007faf5c4fd000] [id=27149]
  0x00007faf38017800 GCTaskThread "GC Thread#14" [stack: 0x00007faf5c2fc000,0x00007faf5c3fc000] [id=27150]
  0x00007faf38019000 GCTaskThread "GC Thread#15" [stack: 0x00007faf5c1fb000,0x00007faf5c2fb000] [id=27151]
  0x00007faf3801b000 GCTaskThread "GC Thread#16" [stack: 0x00007faf5c0fa000,0x00007faf5c1fa000] [id=27152]
  0x00007faf3801c800 GCTaskThread "GC Thread#17" [stack: 0x00007faf57f00000,0x00007faf58000000] [id=27153]
  0x00007faf3801e800 GCTaskThread "GC Thread#18" [stack: 0x00007faf57dff000,0x00007faf57eff000] [id=27154]
  0x00007faf38020000 GCTaskThread "GC Thread#19" [stack: 0x00007faf57cfe000,0x00007faf57dfe000] [id=27155]
  0x00007faf38021800 GCTaskThread "GC Thread#20" [stack: 0x00007faf57bfd000,0x00007faf57cfd000] [id=27156]
  0x00007faf38023800 GCTaskThread "GC Thread#21" [stack: 0x00007faf57afc000,0x00007faf57bfc000] [id=27157]
  0x00007faf38025000 GCTaskThread "GC Thread#22" [stack: 0x00007faf579fb000,0x00007faf57afb000] [id=27158]
  0x000000008996c800 ConcurrentGCThread "G1 Main Marker" [stack: 0x00007fafb7f00000,0x00007fafb8000000] [id=27117]
  0x0000000089b2f800 ConcurrentGCThread "G1 Conc#0" [stack: 0x00007fafb7900000,0x00007fafb7a00000] [id=27118]
  0x000000008cc22000 ConcurrentGCThread "G1 Refine#0" [stack: 0x00007fafb77ff000,0x00007fafb78ff000] [id=27119]
  0x000000008cc23000 ConcurrentGCThread "G1 Young RemSet Sampling" [stack: 0x00007fafb76fe000,0x00007fafb77fe000] [id=27120]

Threads with active compile tasks:

VM state:at safepoint (shutting down)

VM Mutex/Monitor currently owned by a thread:  ([mutex/lock_event])
[0x0000000080ba82f0] Threads_lock - owner thread: 0x000000008cdaa000

Heap address: 0x0000001000400000, size: 30688 MB, Compressed Oops mode: Non-zero disjoint base: 0x0000001000000000, Oop shift amount: 3
Narrow klass base: 0x0000000800000000, Narrow klass shift: 3
Compressed class space size: 1073741824 Address: 0x0000000840000000

Heap:
 garbage-first heap   total 2105344K, used 601144K [0x0000001000400000, 0x000000177e400000)
  region size 4096K, 118 young (483328K), 1 survivors (4096K)
 Metaspace       used 6057K, capacity 7528K, committed 7680K, reserved 1056768K
  class space    used 723K, capacity 1010K, committed 1024K, reserved 1048576K
Heap Regions: E=young(eden), S=young(survivor), O=old, HS=humongous(starts), HC=humongous(continues), CS=collection set, F=free, A=archive, TAMS=top-at-mark-start (previous, next)
|   0|0x0000001000400000, 0x0000001000800000, 0x0000001000800000|100%|HS|  |TAMS 0x0000001000400000, 0x0000001000400000| Complete 
|   1|0x0000001000800000, 0x0000001000c00000, 0x0000001000c00000|100%|HC|  |TAMS 0x0000001000800000, 0x0000001000800000| Complete 
|   2|0x0000001000c00000, 0x0000001001000000, 0x0000001001000000|100%|HS|  |TAMS 0x0000001000c00000, 0x0000001000c00000| Complete 
|   3|0x0000001001000000, 0x0000001001400000, 0x0000001001400000|100%|HC|  |TAMS 0x0000001001000000, 0x0000001001000000| Complete 
|   4|0x0000001001400000, 0x0000001001800000, 0x0000001001800000|100%|HC|  |TAMS 0x0000001001400000, 0x0000001001400000| Complete 
|   5|0x0000001001800000, 0x0000001001c00000, 0x0000001001c00000|100%|HC|  |TAMS 0x0000001001800000, 0x0000001001800000| Complete 
|   6|0x0000001001c00000, 0x0000001002000000, 0x0000001002000000|100%|HC|  |TAMS 0x0000001001c00000, 0x0000001001c00000| Complete 
|   7|0x0000001002000000, 0x0000001002400000, 0x0000001002400000|100%|HC|  |TAMS 0x0000001002000000, 0x0000001002000000| Complete 
|   8|0x0000001002400000, 0x0000001002800000, 0x0000001002800000|100%|HC|  |TAMS 0x0000001002400000, 0x0000001002400000| Complete 
|   9|0x0000001002800000, 0x0000001002c00000, 0x0000001002c00000|100%|HC|  |TAMS 0x0000001002800000, 0x0000001002800000| Complete 
|  10|0x0000001002c00000, 0x0000001003000000, 0x0000001003000000|100%|HC|  |TAMS 0x0000001002c00000, 0x0000001002c00000| Complete 
|  11|0x0000001003000000, 0x0000001003400000, 0x0000001003400000|100%|HS|  |TAMS 0x0000001003000000, 0x0000001003000000| Complete 
|  12|0x0000001003400000, 0x0000001003800000, 0x0000001003800000|100%|HC|  |TAMS 0x0000001003400000, 0x0000001003400000| Complete 
|  13|0x0000001003800000, 0x0000001003c00000, 0x0000001003c00000|100%|HS|  |TAMS 0x0000001003800000, 0x0000001003800000| Complete 
|  14|0x0000001003c00000, 0x0000001004000000, 0x0000001004000000|100%|HC|  |TAMS 0x0000001003c00000, 0x0000001003c00000| Complete 
|  15|0x0000001004000000, 0x0000001004400000, 0x0000001004400000|100%|HC|  |TAMS 0x0000001004000000, 0x0000001004000000| Complete 
|  16|0x0000001004400000, 0x0000001004800000, 0x0000001004800000|100%|HC|  |TAMS 0x0000001004400000, 0x0000001004400000| Complete 
|  17|0x0000001004800000, 0x0000001004c00000, 0x0000001004c00000|100%|HC|  |TAMS 0x0000001004800000, 0x0000001004800000| Complete 
|  18|0x0000001004c00000, 0x0000001005000000, 0x0000001005000000|100%|HC|  |TAMS 0x0000001004c00000, 0x0000001004c00000| Complete 
|  19|0x0000001005000000, 0x0000001005400000, 0x0000001005400000|100%|HC|  |TAMS 0x0000001005000000, 0x0000001005000000| Complete 
|  20|0x0000001005400000, 0x0000001005800000, 0x0000001005800000|100%|HC|  |TAMS 0x0000001005400000, 0x0000001005400000| Complete 
|  21|0x0000001005800000, 0x0000001005c00000, 0x0000001005c00000|100%|HC|  |TAMS 0x0000001005800000, 0x0000001005800000| Complete 
|  22|0x0000001005c00000, 0x0000001006000000, 0x0000001006000000|100%|HC|  |TAMS 0x0000001005c00000, 0x0000001005c00000| Complete 
|  23|0x0000001006000000, 0x0000001006400000, 0x0000001006400000|100%|HC|  |TAMS 0x0000001006000000, 0x0000001006000000| Complete 
|  24|0x0000001006400000, 0x0000001006800000, 0x0000001006800000|100%|HC|  |TAMS 0x0000001006400000, 0x0000001006400000| Complete 
|  25|0x0000001006800000, 0x0000001006c00000, 0x0000001006c00000|100%|HC|  |TAMS 0x0000001006800000, 0x0000001006800000| Complete 
|  26|0x0000001006c00000, 0x0000001007000000, 0x0000001007000000|100%|HC|  |TAMS 0x0000001006c00000, 0x0000001006c00000| Complete 
|  27|0x0000001007000000, 0x0000001007400000, 0x0000001007400000|100%|HC|  |TAMS 0x0000001007000000, 0x0000001007000000| Complete 
|  28|0x0000001007400000, 0x0000001007800000, 0x0000001007800000|100%|HC|  |TAMS 0x0000001007400000, 0x0000001007400000| Complete 
|  29|0x0000001007800000, 0x0000001007c00000, 0x0000001007c00000|100%|HC|  |TAMS 0x0000001007800000, 0x0000001007800000| Complete 
|  30|0x0000001007c00000, 0x0000001007c00000, 0x0000001008000000|  0%| F|  |TAMS 0x0000001007c00000, 0x0000001007c00000| Untracked 
|  31|0x0000001008000000, 0x0000001008000000, 0x0000001008400000|  0%| F|  |TAMS 0x0000001008000000, 0x0000001008000000| Untracked 
|  32|0x0000001008400000, 0x0000001008400000, 0x0000001008800000|  0%| F|  |TAMS 0x0000001008400000, 0x0000001008400000| Untracked 
|  33|0x0000001008800000, 0x0000001008800000, 0x0000001008c00000|  0%| F|  |TAMS 0x0000001008800000, 0x0000001008800000| Untracked 
|  34|0x0000001008c00000, 0x0000001008c00000, 0x0000001009000000|  0%| F|  |TAMS 0x0000001008c00000, 0x0000001008c00000| Untracked 
|  35|0x0000001009000000, 0x0000001009000000, 0x0000001009400000|  0%| F|  |TAMS 0x0000001009000000, 0x0000001009000000| Untracked 
|  36|0x0000001009400000, 0x0000001009400000, 0x0000001009800000|  0%| F|  |TAMS 0x0000001009400000, 0x0000001009400000| Untracked 
|  37|0x0000001009800000, 0x0000001009800000, 0x0000001009c00000|  0%| F|  |TAMS 0x0000001009800000, 0x0000001009800000| Untracked 
|  38|0x0000001009c00000, 0x0000001009c00000, 0x000000100a000000|  0%| F|  |TAMS 0x0000001009c00000, 0x0000001009c00000| Untracked 
|  39|0x000000100a000000, 0x000000100a000000, 0x000000100a400000|  0%| F|  |TAMS 0x000000100a000000, 0x000000100a000000| Untracked 
|  40|0x000000100a400000, 0x000000100a400000, 0x000000100a800000|  0%| F|  |TAMS 0x000000100a400000, 0x000000100a400000| Untracked 
|  41|0x000000100a800000, 0x000000100a800000, 0x000000100ac00000|  0%| F|  |TAMS 0x000000100a800000, 0x000000100a800000| Untracked 
|  42|0x000000100ac00000, 0x000000100ac00000, 0x000000100b000000|  0%| F|  |TAMS 0x000000100ac00000, 0x000000100ac00000| Untracked 
|  43|0x000000100b000000, 0x000000100b000000, 0x000000100b400000|  0%| F|  |TAMS 0x000000100b000000, 0x000000100b000000| Untracked 
|  44|0x000000100b400000, 0x000000100b400000, 0x000000100b800000|  0%| F|  |TAMS 0x000000100b400000, 0x000000100b400000| Untracked 
|  45|0x000000100b800000, 0x000000100b800000, 0x000000100bc00000|  0%| F|  |TAMS 0x000000100b800000, 0x000000100b800000| Untracked 
|  46|0x000000100bc00000, 0x000000100bc00000, 0x000000100c000000|  0%| F|  |TAMS 0x000000100bc00000, 0x000000100bc00000| Untracked 
|  47|0x000000100c000000, 0x000000100c000000, 0x000000100c400000|  0%| F|  |TAMS 0x000000100c000000, 0x000000100c000000| Untracked 
|  48|0x000000100c400000, 0x000000100c400000, 0x000000100c800000|  0%| F|  |TAMS 0x000000100c400000, 0x000000100c400000| Untracked 
|  49|0x000000100c800000, 0x000000100c800000, 0x000000100cc00000|  0%| F|  |TAMS 0x000000100c800000, 0x000000100c800000| Untracked 
|  50|0x000000100cc00000, 0x000000100cc00000, 0x000000100d000000|  0%| F|  |TAMS 0x000000100cc00000, 0x000000100cc00000| Untracked 
|  51|0x000000100d000000, 0x000000100d000000, 0x000000100d400000|  0%| F|  |TAMS 0x000000100d000000, 0x000000100d000000| Untracked 
|  52|0x000000100d400000, 0x000000100d400000, 0x000000100d800000|  0%| F|  |TAMS 0x000000100d400000, 0x000000100d400000| Untracked 
|  53|0x000000100d800000, 0x000000100d800000, 0x000000100dc00000|  0%| F|  |TAMS 0x000000100d800000, 0x000000100d800000| Untracked 
|  54|0x000000100dc00000, 0x000000100dc00000, 0x000000100e000000|  0%| F|  |TAMS 0x000000100dc00000, 0x000000100dc00000| Untracked 
|  55|0x000000100e000000, 0x000000100e000000, 0x000000100e400000|  0%| F|  |TAMS 0x000000100e000000, 0x000000100e000000| Untracked 
|  56|0x000000100e400000, 0x000000100e400000, 0x000000100e800000|  0%| F|  |TAMS 0x000000100e400000, 0x000000100e400000| Untracked 
|  57|0x000000100e800000, 0x000000100e800000, 0x000000100ec00000|  0%| F|  |TAMS 0x000000100e800000, 0x000000100e800000| Untracked 
|  58|0x000000100ec00000, 0x000000100ec00000, 0x000000100f000000|  0%| F|  |TAMS 0x000000100ec00000, 0x000000100ec00000| Untracked 
|  59|0x000000100f000000, 0x000000100f000000, 0x000000100f400000|  0%| F|  |TAMS 0x000000100f000000, 0x000000100f000000| Untracked 
|  60|0x000000100f400000, 0x000000100f400000, 0x000000100f800000|  0%| F|  |TAMS 0x000000100f400000, 0x000000100f400000| Untracked 
|  61|0x000000100f800000, 0x000000100f800000, 0x000000100fc00000|  0%| F|  |TAMS 0x000000100f800000, 0x000000100f800000| Untracked 
|  62|0x000000100fc00000, 0x000000100fc00000, 0x0000001010000000|  0%| F|  |TAMS 0x000000100fc00000, 0x000000100fc00000| Untracked 
|  63|0x0000001010000000, 0x0000001010000000, 0x0000001010400000|  0%| F|  |TAMS 0x0000001010000000, 0x0000001010000000| Untracked 
|  64|0x0000001010400000, 0x0000001010400000, 0x0000001010800000|  0%| F|  |TAMS 0x0000001010400000, 0x0000001010400000| Untracked 
|  65|0x0000001010800000, 0x0000001010800000, 0x0000001010c00000|  0%| F|  |TAMS 0x0000001010800000, 0x0000001010800000| Untracked 
|  66|0x0000001010c00000, 0x0000001010c00000, 0x0000001011000000|  0%| F|  |TAMS 0x0000001010c00000, 0x0000001010c00000| Untracked 
|  67|0x0000001011000000, 0x0000001011000000, 0x0000001011400000|  0%| F|  |TAMS 0x0000001011000000, 0x0000001011000000| Untracked 
|  68|0x0000001011400000, 0x0000001011400000, 0x0000001011800000|  0%| F|  |TAMS 0x0000001011400000, 0x0000001011400000| Untracked 
|  69|0x0000001011800000, 0x0000001011800000, 0x0000001011c00000|  0%| F|  |TAMS 0x0000001011800000, 0x0000001011800000| Untracked 
|  70|0x0000001011c00000, 0x0000001011c00000, 0x0000001012000000|  0%| F|  |TAMS 0x0000001011c00000, 0x0000001011c00000| Untracked 
|  71|0x0000001012000000, 0x0000001012000000, 0x0000001012400000|  0%| F|  |TAMS 0x0000001012000000, 0x0000001012000000| Untracked 
|  72|0x0000001012400000, 0x0000001012400000, 0x0000001012800000|  0%| F|  |TAMS 0x0000001012400000, 0x0000001012400000| Untracked 
|  73|0x0000001012800000, 0x0000001012800000, 0x0000001012c00000|  0%| F|  |TAMS 0x0000001012800000, 0x0000001012800000| Untracked 
|  74|0x0000001012c00000, 0x0000001012c00000, 0x0000001013000000|  0%| F|  |TAMS 0x0000001012c00000, 0x0000001012c00000| Untracked 
|  75|0x0000001013000000, 0x0000001013000000, 0x0000001013400000|  0%| F|  |TAMS 0x0000001013000000, 0x0000001013000000| Untracked 
|  76|0x0000001013400000, 0x0000001013400000, 0x0000001013800000|  0%| F|  |TAMS 0x0000001013400000, 0x0000001013400000| Untracked 
|  77|0x0000001013800000, 0x0000001013800000, 0x0000001013c00000|  0%| F|  |TAMS 0x0000001013800000, 0x0000001013800000| Untracked 
|  78|0x0000001013c00000, 0x0000001013c00000, 0x0000001014000000|  0%| F|  |TAMS 0x0000001013c00000, 0x0000001013c00000| Untracked 
|  79|0x0000001014000000, 0x0000001014000000, 0x0000001014400000|  0%| F|  |TAMS 0x0000001014000000, 0x0000001014000000| Untracked 
|  80|0x0000001014400000, 0x0000001014400000, 0x0000001014800000|  0%| F|  |TAMS 0x0000001014400000, 0x0000001014400000| Untracked 
|  81|0x0000001014800000, 0x0000001014800000, 0x0000001014c00000|  0%| F|  |TAMS 0x0000001014800000, 0x0000001014800000| Untracked 
|  82|0x0000001014c00000, 0x0000001014c00000, 0x0000001015000000|  0%| F|  |TAMS 0x0000001014c00000, 0x0000001014c00000| Untracked 
|  83|0x0000001015000000, 0x0000001015000000, 0x0000001015400000|  0%| F|  |TAMS 0x0000001015000000, 0x0000001015000000| Untracked 
|  84|0x0000001015400000, 0x0000001015400000, 0x0000001015800000|  0%| F|  |TAMS 0x0000001015400000, 0x0000001015400000| Untracked 
|  85|0x0000001015800000, 0x0000001015800000, 0x0000001015c00000|  0%| F|  |TAMS 0x0000001015800000, 0x0000001015800000| Untracked 
|  86|0x0000001015c00000, 0x0000001015c00000, 0x0000001016000000|  0%| F|  |TAMS 0x0000001015c00000, 0x0000001015c00000| Untracked 
|  87|0x0000001016000000, 0x0000001016000000, 0x0000001016400000|  0%| F|  |TAMS 0x0000001016000000, 0x0000001016000000| Untracked 
|  88|0x0000001016400000, 0x0000001016400000, 0x0000001016800000|  0%| F|  |TAMS 0x0000001016400000, 0x0000001016400000| Untracked 
|  89|0x0000001016800000, 0x0000001016800000, 0x0000001016c00000|  0%| F|  |TAMS 0x0000001016800000, 0x0000001016800000| Untracked 
|  90|0x0000001016c00000, 0x0000001016c00000, 0x0000001017000000|  0%| F|  |TAMS 0x0000001016c00000, 0x0000001016c00000| Untracked 
|  91|0x0000001017000000, 0x0000001017000000, 0x0000001017400000|  0%| F|  |TAMS 0x0000001017000000, 0x0000001017000000| Untracked 
|  92|0x0000001017400000, 0x0000001017400000, 0x0000001017800000|  0%| F|  |TAMS 0x0000001017400000, 0x0000001017400000| Untracked 
|  93|0x0000001017800000, 0x0000001017800000, 0x0000001017c00000|  0%| F|  |TAMS 0x0000001017800000, 0x0000001017800000| Untracked 
|  94|0x0000001017c00000, 0x0000001017c00000, 0x0000001018000000|  0%| F|  |TAMS 0x0000001017c00000, 0x0000001017c00000| Untracked 
|  95|0x0000001018000000, 0x0000001018000000, 0x0000001018400000|  0%| F|  |TAMS 0x0000001018000000, 0x0000001018000000| Untracked 
|  96|0x0000001018400000, 0x0000001018400000, 0x0000001018800000|  0%| F|  |TAMS 0x0000001018400000, 0x0000001018400000| Untracked 
|  97|0x0000001018800000, 0x0000001018800000, 0x0000001018c00000|  0%| F|  |TAMS 0x0000001018800000, 0x0000001018800000| Untracked 
|  98|0x0000001018c00000, 0x0000001018c00000, 0x0000001019000000|  0%| F|  |TAMS 0x0000001018c00000, 0x0000001018c00000| Untracked 
|  99|0x0000001019000000, 0x0000001019000000, 0x0000001019400000|  0%| F|  |TAMS 0x0000001019000000, 0x0000001019000000| Untracked 
| 100|0x0000001019400000, 0x0000001019400000, 0x0000001019800000|  0%| F|  |TAMS 0x0000001019400000, 0x0000001019400000| Untracked 
| 101|0x0000001019800000, 0x0000001019800000, 0x0000001019c00000|  0%| F|  |TAMS 0x0000001019800000, 0x0000001019800000| Untracked 
| 102|0x0000001019c00000, 0x0000001019c00000, 0x000000101a000000|  0%| F|  |TAMS 0x0000001019c00000, 0x0000001019c00000| Untracked 
| 103|0x000000101a000000, 0x000000101a000000, 0x000000101a400000|  0%| F|  |TAMS 0x000000101a000000, 0x000000101a000000| Untracked 
| 104|0x000000101a400000, 0x000000101a400000, 0x000000101a800000|  0%| F|  |TAMS 0x000000101a400000, 0x000000101a400000| Untracked 
| 105|0x000000101a800000, 0x000000101a800000, 0x000000101ac00000|  0%| F|  |TAMS 0x000000101a800000, 0x000000101a800000| Untracked 
| 106|0x000000101ac00000, 0x000000101ac00000, 0x000000101b000000|  0%| F|  |TAMS 0x000000101ac00000, 0x000000101ac00000| Untracked 
| 107|0x000000101b000000, 0x000000101b000000, 0x000000101b400000|  0%| F|  |TAMS 0x000000101b000000, 0x000000101b000000| Untracked 
| 108|0x000000101b400000, 0x000000101b400000, 0x000000101b800000|  0%| F|  |TAMS 0x000000101b400000, 0x000000101b400000| Untracked 
| 109|0x000000101b800000, 0x000000101b800000, 0x000000101bc00000|  0%| F|  |TAMS 0x000000101b800000, 0x000000101b800000| Untracked 
| 110|0x000000101bc00000, 0x000000101bc00000, 0x000000101c000000|  0%| F|  |TAMS 0x000000101bc00000, 0x000000101bc00000| Untracked 
| 111|0x000000101c000000, 0x000000101c000000, 0x000000101c400000|  0%| F|  |TAMS 0x000000101c000000, 0x000000101c000000| Untracked 
| 112|0x000000101c400000, 0x000000101c400000, 0x000000101c800000|  0%| F|  |TAMS 0x000000101c400000, 0x000000101c400000| Untracked 
| 113|0x000000101c800000, 0x000000101c800000, 0x000000101cc00000|  0%| F|  |TAMS 0x000000101c800000, 0x000000101c800000| Untracked 
| 114|0x000000101cc00000, 0x000000101cc00000, 0x000000101d000000|  0%| F|  |TAMS 0x000000101cc00000, 0x000000101cc00000| Untracked 
| 115|0x000000101d000000, 0x000000101d000000, 0x000000101d400000|  0%| F|  |TAMS 0x000000101d000000, 0x000000101d000000| Untracked 
| 116|0x000000101d400000, 0x000000101d400000, 0x000000101d800000|  0%| F|  |TAMS 0x000000101d400000, 0x000000101d400000| Untracked 
| 117|0x000000101d800000, 0x000000101d800000, 0x000000101dc00000|  0%| F|  |TAMS 0x000000101d800000, 0x000000101d800000| Untracked 
| 118|0x000000101dc00000, 0x000000101dc00000, 0x000000101e000000|  0%| F|  |TAMS 0x000000101dc00000, 0x000000101dc00000| Untracked 
| 119|0x000000101e000000, 0x000000101e000000, 0x000000101e400000|  0%| F|  |TAMS 0x000000101e000000, 0x000000101e000000| Untracked 
| 120|0x000000101e400000, 0x000000101e400000, 0x000000101e800000|  0%| F|  |TAMS 0x000000101e400000, 0x000000101e400000| Untracked 
| 121|0x000000101e800000, 0x000000101e800000, 0x000000101ec00000|  0%| F|  |TAMS 0x000000101e800000, 0x000000101e800000| Untracked 
| 122|0x000000101ec00000, 0x000000101ec00000, 0x000000101f000000|  0%| F|  |TAMS 0x000000101ec00000, 0x000000101ec00000| Untracked 
| 123|0x000000101f000000, 0x000000101f000000, 0x000000101f400000|  0%| F|  |TAMS 0x000000101f000000, 0x000000101f000000| Untracked 
| 124|0x000000101f400000, 0x000000101f400000, 0x000000101f800000|  0%| F|  |TAMS 0x000000101f400000, 0x000000101f400000| Untracked 
| 125|0x000000101f800000, 0x000000101f800000, 0x000000101fc00000|  0%| F|  |TAMS 0x000000101f800000, 0x000000101f800000| Untracked 
| 126|0x000000101fc00000, 0x000000101fc00000, 0x0000001020000000|  0%| F|  |TAMS 0x000000101fc00000, 0x000000101fc00000| Untracked 
| 127|0x0000001020000000, 0x0000001020000000, 0x0000001020400000|  0%| F|  |TAMS 0x0000001020000000, 0x0000001020000000| Untracked 
| 128|0x0000001020400000, 0x0000001020400000, 0x0000001020800000|  0%| F|  |TAMS 0x0000001020400000, 0x0000001020400000| Untracked 
| 129|0x0000001020800000, 0x0000001020800000, 0x0000001020c00000|  0%| F|  |TAMS 0x0000001020800000, 0x0000001020800000| Untracked 
| 130|0x0000001020c00000, 0x0000001020c00000, 0x0000001021000000|  0%| F|  |TAMS 0x0000001020c00000, 0x0000001020c00000| Untracked 
| 131|0x0000001021000000, 0x0000001021000000, 0x0000001021400000|  0%| F|  |TAMS 0x0000001021000000, 0x0000001021000000| Untracked 
| 132|0x0000001021400000, 0x0000001021400000, 0x0000001021800000|  0%| F|  |TAMS 0x0000001021400000, 0x0000001021400000| Untracked 
| 133|0x0000001021800000, 0x0000001021800000, 0x0000001021c00000|  0%| F|  |TAMS 0x0000001021800000, 0x0000001021800000| Untracked 
| 134|0x0000001021c00000, 0x0000001021c00000, 0x0000001022000000|  0%| F|  |TAMS 0x0000001021c00000, 0x0000001021c00000| Untracked 
| 135|0x0000001022000000, 0x0000001022000000, 0x0000001022400000|  0%| F|  |TAMS 0x0000001022000000, 0x0000001022000000| Untracked 
| 136|0x0000001022400000, 0x0000001022400000, 0x0000001022800000|  0%| F|  |TAMS 0x0000001022400000, 0x0000001022400000| Untracked 
| 137|0x0000001022800000, 0x0000001022800000, 0x0000001022c00000|  0%| F|  |TAMS 0x0000001022800000, 0x0000001022800000| Untracked 
| 138|0x0000001022c00000, 0x0000001022c00000, 0x0000001023000000|  0%| F|  |TAMS 0x0000001022c00000, 0x0000001022c00000| Untracked 
| 139|0x0000001023000000, 0x0000001023000000, 0x0000001023400000|  0%| F|  |TAMS 0x0000001023000000, 0x0000001023000000| Untracked 
| 140|0x0000001023400000, 0x0000001023400000, 0x0000001023800000|  0%| F|  |TAMS 0x0000001023400000, 0x0000001023400000| Untracked 
| 141|0x0000001023800000, 0x0000001023800000, 0x0000001023c00000|  0%| F|  |TAMS 0x0000001023800000, 0x0000001023800000| Untracked 
| 142|0x0000001023c00000, 0x0000001023c00000, 0x0000001024000000|  0%| F|  |TAMS 0x0000001023c00000, 0x0000001023c00000| Untracked 
| 143|0x0000001024000000, 0x0000001024000000, 0x0000001024400000|  0%| F|  |TAMS 0x0000001024000000, 0x0000001024000000| Untracked 
| 144|0x0000001024400000, 0x0000001024400000, 0x0000001024800000|  0%| F|  |TAMS 0x0000001024400000, 0x0000001024400000| Untracked 
| 145|0x0000001024800000, 0x0000001024800000, 0x0000001024c00000|  0%| F|  |TAMS 0x0000001024800000, 0x0000001024800000| Untracked 
| 146|0x0000001024c00000, 0x0000001024c00000, 0x0000001025000000|  0%| F|  |TAMS 0x0000001024c00000, 0x0000001024c00000| Untracked 
| 147|0x0000001025000000, 0x0000001025000000, 0x0000001025400000|  0%| F|  |TAMS 0x0000001025000000, 0x0000001025000000| Untracked 
| 148|0x0000001025400000, 0x0000001025400000, 0x0000001025800000|  0%| F|  |TAMS 0x0000001025400000, 0x0000001025400000| Untracked 
| 149|0x0000001025800000, 0x0000001025800000, 0x0000001025c00000|  0%| F|  |TAMS 0x0000001025800000, 0x0000001025800000| Untracked 
| 150|0x0000001025c00000, 0x0000001025c00000, 0x0000001026000000|  0%| F|  |TAMS 0x0000001025c00000, 0x0000001025c00000| Untracked 
| 151|0x0000001026000000, 0x0000001026000000, 0x0000001026400000|  0%| F|  |TAMS 0x0000001026000000, 0x0000001026000000| Untracked 
| 152|0x0000001026400000, 0x0000001026400000, 0x0000001026800000|  0%| F|  |TAMS 0x0000001026400000, 0x0000001026400000| Untracked 
| 153|0x0000001026800000, 0x0000001026800000, 0x0000001026c00000|  0%| F|  |TAMS 0x0000001026800000, 0x0000001026800000| Untracked 
| 154|0x0000001026c00000, 0x0000001026c00000, 0x0000001027000000|  0%| F|  |TAMS 0x0000001026c00000, 0x0000001026c00000| Untracked 
| 155|0x0000001027000000, 0x0000001027000000, 0x0000001027400000|  0%| F|  |TAMS 0x0000001027000000, 0x0000001027000000| Untracked 
| 156|0x0000001027400000, 0x0000001027400000, 0x0000001027800000|  0%| F|  |TAMS 0x0000001027400000, 0x0000001027400000| Untracked 
| 157|0x0000001027800000, 0x0000001027800000, 0x0000001027c00000|  0%| F|  |TAMS 0x0000001027800000, 0x0000001027800000| Untracked 
| 158|0x0000001027c00000, 0x0000001027c00000, 0x0000001028000000|  0%| F|  |TAMS 0x0000001027c00000, 0x0000001027c00000| Untracked 
| 159|0x0000001028000000, 0x0000001028000000, 0x0000001028400000|  0%| F|  |TAMS 0x0000001028000000, 0x0000001028000000| Untracked 
| 160|0x0000001028400000, 0x0000001028400000, 0x0000001028800000|  0%| F|  |TAMS 0x0000001028400000, 0x0000001028400000| Untracked 
| 161|0x0000001028800000, 0x0000001028800000, 0x0000001028c00000|  0%| F|  |TAMS 0x0000001028800000, 0x0000001028800000| Untracked 
| 162|0x0000001028c00000, 0x0000001028c00000, 0x0000001029000000|  0%| F|  |TAMS 0x0000001028c00000, 0x0000001028c00000| Untracked 
| 163|0x0000001029000000, 0x0000001029000000, 0x0000001029400000|  0%| F|  |TAMS 0x0000001029000000, 0x0000001029000000| Untracked 
| 164|0x0000001029400000, 0x0000001029400000, 0x0000001029800000|  0%| F|  |TAMS 0x0000001029400000, 0x0000001029400000| Untracked 
| 165|0x0000001029800000, 0x0000001029800000, 0x0000001029c00000|  0%| F|  |TAMS 0x0000001029800000, 0x0000001029800000| Untracked 
| 166|0x0000001029c00000, 0x0000001029c00000, 0x000000102a000000|  0%| F|  |TAMS 0x0000001029c00000, 0x0000001029c00000| Untracked 
| 167|0x000000102a000000, 0x000000102a000000, 0x000000102a400000|  0%| F|  |TAMS 0x000000102a000000, 0x000000102a000000| Untracked 
| 168|0x000000102a400000, 0x000000102a400000, 0x000000102a800000|  0%| F|  |TAMS 0x000000102a400000, 0x000000102a400000| Untracked 
| 169|0x000000102a800000, 0x000000102a800000, 0x000000102ac00000|  0%| F|  |TAMS 0x000000102a800000, 0x000000102a800000| Untracked 
| 170|0x000000102ac00000, 0x000000102ac00000, 0x000000102b000000|  0%| F|  |TAMS 0x000000102ac00000, 0x000000102ac00000| Untracked 
| 171|0x000000102b000000, 0x000000102b000000, 0x000000102b400000|  0%| F|  |TAMS 0x000000102b000000, 0x000000102b000000| Untracked 
| 172|0x000000102b400000, 0x000000102b400000, 0x000000102b800000|  0%| F|  |TAMS 0x000000102b400000, 0x000000102b400000| Untracked 
| 173|0x000000102b800000, 0x000000102b800000, 0x000000102bc00000|  0%| F|  |TAMS 0x000000102b800000, 0x000000102b800000| Untracked 
| 174|0x000000102bc00000, 0x000000102bc00000, 0x000000102c000000|  0%| F|  |TAMS 0x000000102bc00000, 0x000000102bc00000| Untracked 
| 175|0x000000102c000000, 0x000000102c000000, 0x000000102c400000|  0%| F|  |TAMS 0x000000102c000000, 0x000000102c000000| Untracked 
| 176|0x000000102c400000, 0x000000102c400000, 0x000000102c800000|  0%| F|  |TAMS 0x000000102c400000, 0x000000102c400000| Untracked 
| 177|0x000000102c800000, 0x000000102c800000, 0x000000102cc00000|  0%| F|  |TAMS 0x000000102c800000, 0x000000102c800000| Untracked 
| 178|0x000000102cc00000, 0x000000102cc00000, 0x000000102d000000|  0%| F|  |TAMS 0x000000102cc00000, 0x000000102cc00000| Untracked 
| 179|0x000000102d000000, 0x000000102d000000, 0x000000102d400000|  0%| F|  |TAMS 0x000000102d000000, 0x000000102d000000| Untracked 
| 180|0x000000102d400000, 0x000000102d400000, 0x000000102d800000|  0%| F|  |TAMS 0x000000102d400000, 0x000000102d400000| Untracked 
| 181|0x000000102d800000, 0x000000102d800000, 0x000000102dc00000|  0%| F|  |TAMS 0x000000102d800000, 0x000000102d800000| Untracked 
| 182|0x000000102dc00000, 0x000000102dc00000, 0x000000102e000000|  0%| F|  |TAMS 0x000000102dc00000, 0x000000102dc00000| Untracked 
| 183|0x000000102e000000, 0x000000102e000000, 0x000000102e400000|  0%| F|  |TAMS 0x000000102e000000, 0x000000102e000000| Untracked 
| 184|0x000000102e400000, 0x000000102e400000, 0x000000102e800000|  0%| F|  |TAMS 0x000000102e400000, 0x000000102e400000| Untracked 
| 185|0x000000102e800000, 0x000000102e800000, 0x000000102ec00000|  0%| F|  |TAMS 0x000000102e800000, 0x000000102e800000| Untracked 
| 186|0x000000102ec00000, 0x000000102ec00000, 0x000000102f000000|  0%| F|  |TAMS 0x000000102ec00000, 0x000000102ec00000| Untracked 
| 187|0x000000102f000000, 0x000000102f000000, 0x000000102f400000|  0%| F|  |TAMS 0x000000102f000000, 0x000000102f000000| Untracked 
| 188|0x000000102f400000, 0x000000102f400000, 0x000000102f800000|  0%| F|  |TAMS 0x000000102f400000, 0x000000102f400000| Untracked 
| 189|0x000000102f800000, 0x000000102f800000, 0x000000102fc00000|  0%| F|  |TAMS 0x000000102f800000, 0x000000102f800000| Untracked 
| 190|0x000000102fc00000, 0x000000102fc00000, 0x0000001030000000|  0%| F|  |TAMS 0x000000102fc00000, 0x000000102fc00000| Untracked 
| 191|0x0000001030000000, 0x0000001030000000, 0x0000001030400000|  0%| F|  |TAMS 0x0000001030000000, 0x0000001030000000| Untracked 
| 192|0x0000001030400000, 0x0000001030400000, 0x0000001030800000|  0%| F|  |TAMS 0x0000001030400000, 0x0000001030400000| Untracked 
| 193|0x0000001030800000, 0x0000001030800000, 0x0000001030c00000|  0%| F|  |TAMS 0x0000001030800000, 0x0000001030800000| Untracked 
| 194|0x0000001030c00000, 0x0000001030c00000, 0x0000001031000000|  0%| F|  |TAMS 0x0000001030c00000, 0x0000001030c00000| Untracked 
| 195|0x0000001031000000, 0x0000001031000000, 0x0000001031400000|  0%| F|  |TAMS 0x0000001031000000, 0x0000001031000000| Untracked 
| 196|0x0000001031400000, 0x0000001031400000, 0x0000001031800000|  0%| F|  |TAMS 0x0000001031400000, 0x0000001031400000| Untracked 
| 197|0x0000001031800000, 0x0000001031800000, 0x0000001031c00000|  0%| F|  |TAMS 0x0000001031800000, 0x0000001031800000| Untracked 
| 198|0x0000001031c00000, 0x0000001031c00000, 0x0000001032000000|  0%| F|  |TAMS 0x0000001031c00000, 0x0000001031c00000| Untracked 
| 199|0x0000001032000000, 0x0000001032000000, 0x0000001032400000|  0%| F|  |TAMS 0x0000001032000000, 0x0000001032000000| Untracked 
| 200|0x0000001032400000, 0x0000001032400000, 0x0000001032800000|  0%| F|  |TAMS 0x0000001032400000, 0x0000001032400000| Untracked 
| 201|0x0000001032800000, 0x0000001032800000, 0x0000001032c00000|  0%| F|  |TAMS 0x0000001032800000, 0x0000001032800000| Untracked 
| 202|0x0000001032c00000, 0x0000001032c00000, 0x0000001033000000|  0%| F|  |TAMS 0x0000001032c00000, 0x0000001032c00000| Untracked 
| 203|0x0000001033000000, 0x0000001033000000, 0x0000001033400000|  0%| F|  |TAMS 0x0000001033000000, 0x0000001033000000| Untracked 
| 204|0x0000001033400000, 0x0000001033400000, 0x0000001033800000|  0%| F|  |TAMS 0x0000001033400000, 0x0000001033400000| Untracked 
| 205|0x0000001033800000, 0x0000001033800000, 0x0000001033c00000|  0%| F|  |TAMS 0x0000001033800000, 0x0000001033800000| Untracked 
| 206|0x0000001033c00000, 0x0000001033c00000, 0x0000001034000000|  0%| F|  |TAMS 0x0000001033c00000, 0x0000001033c00000| Untracked 
| 207|0x0000001034000000, 0x0000001034000000, 0x0000001034400000|  0%| F|  |TAMS 0x0000001034000000, 0x0000001034000000| Untracked 
| 208|0x0000001034400000, 0x0000001034400000, 0x0000001034800000|  0%| F|  |TAMS 0x0000001034400000, 0x0000001034400000| Untracked 
| 209|0x0000001034800000, 0x0000001034800000, 0x0000001034c00000|  0%| F|  |TAMS 0x0000001034800000, 0x0000001034800000| Untracked 
| 210|0x0000001034c00000, 0x0000001034c00000, 0x0000001035000000|  0%| F|  |TAMS 0x0000001034c00000, 0x0000001034c00000| Untracked 
| 211|0x0000001035000000, 0x0000001035000000, 0x0000001035400000|  0%| F|  |TAMS 0x0000001035000000, 0x0000001035000000| Untracked 
| 212|0x0000001035400000, 0x0000001035400000, 0x0000001035800000|  0%| F|  |TAMS 0x0000001035400000, 0x0000001035400000| Untracked 
| 213|0x0000001035800000, 0x0000001035800000, 0x0000001035c00000|  0%| F|  |TAMS 0x0000001035800000, 0x0000001035800000| Untracked 
| 214|0x0000001035c00000, 0x0000001035c00000, 0x0000001036000000|  0%| F|  |TAMS 0x0000001035c00000, 0x0000001035c00000| Untracked 
| 215|0x0000001036000000, 0x0000001036000000, 0x0000001036400000|  0%| F|  |TAMS 0x0000001036000000, 0x0000001036000000| Untracked 
| 216|0x0000001036400000, 0x0000001036400000, 0x0000001036800000|  0%| F|  |TAMS 0x0000001036400000, 0x0000001036400000| Untracked 
| 217|0x0000001036800000, 0x0000001036800000, 0x0000001036c00000|  0%| F|  |TAMS 0x0000001036800000, 0x0000001036800000| Untracked 
| 218|0x0000001036c00000, 0x0000001036c00000, 0x0000001037000000|  0%| F|  |TAMS 0x0000001036c00000, 0x0000001036c00000| Untracked 
| 219|0x0000001037000000, 0x0000001037000000, 0x0000001037400000|  0%| F|  |TAMS 0x0000001037000000, 0x0000001037000000| Untracked 
| 220|0x0000001037400000, 0x0000001037400000, 0x0000001037800000|  0%| F|  |TAMS 0x0000001037400000, 0x0000001037400000| Untracked 
| 221|0x0000001037800000, 0x0000001037800000, 0x0000001037c00000|  0%| F|  |TAMS 0x0000001037800000, 0x0000001037800000| Untracked 
| 222|0x0000001037c00000, 0x0000001037c00000, 0x0000001038000000|  0%| F|  |TAMS 0x0000001037c00000, 0x0000001037c00000| Untracked 
| 223|0x0000001038000000, 0x0000001038000000, 0x0000001038400000|  0%| F|  |TAMS 0x0000001038000000, 0x0000001038000000| Untracked 
| 224|0x0000001038400000, 0x0000001038400000, 0x0000001038800000|  0%| F|  |TAMS 0x0000001038400000, 0x0000001038400000| Untracked 
| 225|0x0000001038800000, 0x0000001038800000, 0x0000001038c00000|  0%| F|  |TAMS 0x0000001038800000, 0x0000001038800000| Untracked 
| 226|0x0000001038c00000, 0x0000001038c00000, 0x0000001039000000|  0%| F|  |TAMS 0x0000001038c00000, 0x0000001038c00000| Untracked 
| 227|0x0000001039000000, 0x0000001039000000, 0x0000001039400000|  0%| F|  |TAMS 0x0000001039000000, 0x0000001039000000| Untracked 
| 228|0x0000001039400000, 0x0000001039400000, 0x0000001039800000|  0%| F|  |TAMS 0x0000001039400000, 0x0000001039400000| Untracked 
| 229|0x0000001039800000, 0x0000001039800000, 0x0000001039c00000|  0%| F|  |TAMS 0x0000001039800000, 0x0000001039800000| Untracked 
| 230|0x0000001039c00000, 0x0000001039c00000, 0x000000103a000000|  0%| F|  |TAMS 0x0000001039c00000, 0x0000001039c00000| Untracked 
| 231|0x000000103a000000, 0x000000103a000000, 0x000000103a400000|  0%| F|  |TAMS 0x000000103a000000, 0x000000103a000000| Untracked 
| 232|0x000000103a400000, 0x000000103a400000, 0x000000103a800000|  0%| F|  |TAMS 0x000000103a400000, 0x000000103a400000| Untracked 
| 233|0x000000103a800000, 0x000000103a800000, 0x000000103ac00000|  0%| F|  |TAMS 0x000000103a800000, 0x000000103a800000| Untracked 
| 234|0x000000103ac00000, 0x000000103ac00000, 0x000000103b000000|  0%| F|  |TAMS 0x000000103ac00000, 0x000000103ac00000| Untracked 
| 235|0x000000103b000000, 0x000000103b000000, 0x000000103b400000|  0%| F|  |TAMS 0x000000103b000000, 0x000000103b000000| Untracked 
| 236|0x000000103b400000, 0x000000103b400000, 0x000000103b800000|  0%| F|  |TAMS 0x000000103b400000, 0x000000103b400000| Untracked 
| 237|0x000000103b800000, 0x000000103b800000, 0x000000103bc00000|  0%| F|  |TAMS 0x000000103b800000, 0x000000103b800000| Untracked 
| 238|0x000000103bc00000, 0x000000103bc00000, 0x000000103c000000|  0%| F|  |TAMS 0x000000103bc00000, 0x000000103bc00000| Untracked 
| 239|0x000000103c000000, 0x000000103c000000, 0x000000103c400000|  0%| F|  |TAMS 0x000000103c000000, 0x000000103c000000| Untracked 
| 240|0x000000103c400000, 0x000000103c400000, 0x000000103c800000|  0%| F|  |TAMS 0x000000103c400000, 0x000000103c400000| Untracked 
| 241|0x000000103c800000, 0x000000103c800000, 0x000000103cc00000|  0%| F|  |TAMS 0x000000103c800000, 0x000000103c800000| Untracked 
| 242|0x000000103cc00000, 0x000000103cc00000, 0x000000103d000000|  0%| F|  |TAMS 0x000000103cc00000, 0x000000103cc00000| Untracked 
| 243|0x000000103d000000, 0x000000103d000000, 0x000000103d400000|  0%| F|  |TAMS 0x000000103d000000, 0x000000103d000000| Untracked 
| 244|0x000000103d400000, 0x000000103d400000, 0x000000103d800000|  0%| F|  |TAMS 0x000000103d400000, 0x000000103d400000| Untracked 
| 245|0x000000103d800000, 0x000000103d800000, 0x000000103dc00000|  0%| F|  |TAMS 0x000000103d800000, 0x000000103d800000| Untracked 
| 246|0x000000103dc00000, 0x000000103dc00000, 0x000000103e000000|  0%| F|  |TAMS 0x000000103dc00000, 0x000000103dc00000| Untracked 
| 247|0x000000103e000000, 0x000000103e000000, 0x000000103e400000|  0%| F|  |TAMS 0x000000103e000000, 0x000000103e000000| Untracked 
| 248|0x000000103e400000, 0x000000103e400000, 0x000000103e800000|  0%| F|  |TAMS 0x000000103e400000, 0x000000103e400000| Untracked 
| 249|0x000000103e800000, 0x000000103e800000, 0x000000103ec00000|  0%| F|  |TAMS 0x000000103e800000, 0x000000103e800000| Untracked 
| 250|0x000000103ec00000, 0x000000103ec00000, 0x000000103f000000|  0%| F|  |TAMS 0x000000103ec00000, 0x000000103ec00000| Untracked 
| 251|0x000000103f000000, 0x000000103f000000, 0x000000103f400000|  0%| F|  |TAMS 0x000000103f000000, 0x000000103f000000| Untracked 
| 252|0x000000103f400000, 0x000000103f400000, 0x000000103f800000|  0%| F|  |TAMS 0x000000103f400000, 0x000000103f400000| Untracked 
| 253|0x000000103f800000, 0x000000103f800000, 0x000000103fc00000|  0%| F|  |TAMS 0x000000103f800000, 0x000000103f800000| Untracked 
| 254|0x000000103fc00000, 0x000000103fc00000, 0x0000001040000000|  0%| F|  |TAMS 0x000000103fc00000, 0x000000103fc00000| Untracked 
| 255|0x0000001040000000, 0x0000001040000000, 0x0000001040400000|  0%| F|  |TAMS 0x0000001040000000, 0x0000001040000000| Untracked 
| 256|0x0000001040400000, 0x0000001040400000, 0x0000001040800000|  0%| F|  |TAMS 0x0000001040400000, 0x0000001040400000| Untracked 
| 257|0x0000001040800000, 0x0000001040800000, 0x0000001040c00000|  0%| F|  |TAMS 0x0000001040800000, 0x0000001040800000| Untracked 
| 258|0x0000001040c00000, 0x0000001040c00000, 0x0000001041000000|  0%| F|  |TAMS 0x0000001040c00000, 0x0000001040c00000| Untracked 
| 259|0x0000001041000000, 0x0000001041000000, 0x0000001041400000|  0%| F|  |TAMS 0x0000001041000000, 0x0000001041000000| Untracked 
| 260|0x0000001041400000, 0x0000001041400000, 0x0000001041800000|  0%| F|  |TAMS 0x0000001041400000, 0x0000001041400000| Untracked 
| 261|0x0000001041800000, 0x0000001041800000, 0x0000001041c00000|  0%| F|  |TAMS 0x0000001041800000, 0x0000001041800000| Untracked 
| 262|0x0000001041c00000, 0x0000001041c00000, 0x0000001042000000|  0%| F|  |TAMS 0x0000001041c00000, 0x0000001041c00000| Untracked 
| 263|0x0000001042000000, 0x0000001042000000, 0x0000001042400000|  0%| F|  |TAMS 0x0000001042000000, 0x0000001042000000| Untracked 
| 264|0x0000001042400000, 0x0000001042400000, 0x0000001042800000|  0%| F|  |TAMS 0x0000001042400000, 0x0000001042400000| Untracked 
| 265|0x0000001042800000, 0x0000001042800000, 0x0000001042c00000|  0%| F|  |TAMS 0x0000001042800000, 0x0000001042800000| Untracked 
| 266|0x0000001042c00000, 0x0000001042c00000, 0x0000001043000000|  0%| F|  |TAMS 0x0000001042c00000, 0x0000001042c00000| Untracked 
| 267|0x0000001043000000, 0x0000001043000000, 0x0000001043400000|  0%| F|  |TAMS 0x0000001043000000, 0x0000001043000000| Untracked 
| 268|0x0000001043400000, 0x0000001043400000, 0x0000001043800000|  0%| F|  |TAMS 0x0000001043400000, 0x0000001043400000| Untracked 
| 269|0x0000001043800000, 0x0000001043800000, 0x0000001043c00000|  0%| F|  |TAMS 0x0000001043800000, 0x0000001043800000| Untracked 
| 270|0x0000001043c00000, 0x0000001043c00000, 0x0000001044000000|  0%| F|  |TAMS 0x0000001043c00000, 0x0000001043c00000| Untracked 
| 271|0x0000001044000000, 0x0000001044000000, 0x0000001044400000|  0%| F|  |TAMS 0x0000001044000000, 0x0000001044000000| Untracked 
| 272|0x0000001044400000, 0x0000001044400000, 0x0000001044800000|  0%| F|  |TAMS 0x0000001044400000, 0x0000001044400000| Untracked 
| 273|0x0000001044800000, 0x0000001044800000, 0x0000001044c00000|  0%| F|  |TAMS 0x0000001044800000, 0x0000001044800000| Untracked 
| 274|0x0000001044c00000, 0x0000001044c00000, 0x0000001045000000|  0%| F|  |TAMS 0x0000001044c00000, 0x0000001044c00000| Untracked 
| 275|0x0000001045000000, 0x0000001045000000, 0x0000001045400000|  0%| F|  |TAMS 0x0000001045000000, 0x0000001045000000| Untracked 
| 276|0x0000001045400000, 0x0000001045400000, 0x0000001045800000|  0%| F|  |TAMS 0x0000001045400000, 0x0000001045400000| Untracked 
| 277|0x0000001045800000, 0x0000001045800000, 0x0000001045c00000|  0%| F|  |TAMS 0x0000001045800000, 0x0000001045800000| Untracked 
| 278|0x0000001045c00000, 0x0000001045c00000, 0x0000001046000000|  0%| F|  |TAMS 0x0000001045c00000, 0x0000001045c00000| Untracked 
| 279|0x0000001046000000, 0x0000001046000000, 0x0000001046400000|  0%| F|  |TAMS 0x0000001046000000, 0x0000001046000000| Untracked 
| 280|0x0000001046400000, 0x0000001046400000, 0x0000001046800000|  0%| F|  |TAMS 0x0000001046400000, 0x0000001046400000| Untracked 
| 281|0x0000001046800000, 0x0000001046800000, 0x0000001046c00000|  0%| F|  |TAMS 0x0000001046800000, 0x0000001046800000| Untracked 
| 282|0x0000001046c00000, 0x0000001046c00000, 0x0000001047000000|  0%| F|  |TAMS 0x0000001046c00000, 0x0000001046c00000| Untracked 
| 283|0x0000001047000000, 0x0000001047000000, 0x0000001047400000|  0%| F|  |TAMS 0x0000001047000000, 0x0000001047000000| Untracked 
| 284|0x0000001047400000, 0x0000001047400000, 0x0000001047800000|  0%| F|  |TAMS 0x0000001047400000, 0x0000001047400000| Untracked 
| 285|0x0000001047800000, 0x0000001047800000, 0x0000001047c00000|  0%| F|  |TAMS 0x0000001047800000, 0x0000001047800000| Untracked 
| 286|0x0000001047c00000, 0x0000001047c00000, 0x0000001048000000|  0%| F|  |TAMS 0x0000001047c00000, 0x0000001047c00000| Untracked 
| 287|0x0000001048000000, 0x0000001048000000, 0x0000001048400000|  0%| F|  |TAMS 0x0000001048000000, 0x0000001048000000| Untracked 
| 288|0x0000001048400000, 0x0000001048400000, 0x0000001048800000|  0%| F|  |TAMS 0x0000001048400000, 0x0000001048400000| Untracked 
| 289|0x0000001048800000, 0x0000001048800000, 0x0000001048c00000|  0%| F|  |TAMS 0x0000001048800000, 0x0000001048800000| Untracked 
| 290|0x0000001048c00000, 0x0000001048c00000, 0x0000001049000000|  0%| F|  |TAMS 0x0000001048c00000, 0x0000001048c00000| Untracked 
| 291|0x0000001049000000, 0x0000001049000000, 0x0000001049400000|  0%| F|  |TAMS 0x0000001049000000, 0x0000001049000000| Untracked 
| 292|0x0000001049400000, 0x0000001049400000, 0x0000001049800000|  0%| F|  |TAMS 0x0000001049400000, 0x0000001049400000| Untracked 
| 293|0x0000001049800000, 0x0000001049800000, 0x0000001049c00000|  0%| F|  |TAMS 0x0000001049800000, 0x0000001049800000| Untracked 
| 294|0x0000001049c00000, 0x0000001049c00000, 0x000000104a000000|  0%| F|  |TAMS 0x0000001049c00000, 0x0000001049c00000| Untracked 
| 295|0x000000104a000000, 0x000000104a000000, 0x000000104a400000|  0%| F|  |TAMS 0x000000104a000000, 0x000000104a000000| Untracked 
| 296|0x000000104a400000, 0x000000104a400000, 0x000000104a800000|  0%| F|  |TAMS 0x000000104a400000, 0x000000104a400000| Untracked 
| 297|0x000000104a800000, 0x000000104a800000, 0x000000104ac00000|  0%| F|  |TAMS 0x000000104a800000, 0x000000104a800000| Untracked 
| 298|0x000000104ac00000, 0x000000104ac00000, 0x000000104b000000|  0%| F|  |TAMS 0x000000104ac00000, 0x000000104ac00000| Untracked 
| 299|0x000000104b000000, 0x000000104b000000, 0x000000104b400000|  0%| F|  |TAMS 0x000000104b000000, 0x000000104b000000| Untracked 
| 300|0x000000104b400000, 0x000000104b400000, 0x000000104b800000|  0%| F|  |TAMS 0x000000104b400000, 0x000000104b400000| Untracked 
| 301|0x000000104b800000, 0x000000104b800000, 0x000000104bc00000|  0%| F|  |TAMS 0x000000104b800000, 0x000000104b800000| Untracked 
| 302|0x000000104bc00000, 0x000000104bc00000, 0x000000104c000000|  0%| F|  |TAMS 0x000000104bc00000, 0x000000104bc00000| Untracked 
| 303|0x000000104c000000, 0x000000104c000000, 0x000000104c400000|  0%| F|  |TAMS 0x000000104c000000, 0x000000104c000000| Untracked 
| 304|0x000000104c400000, 0x000000104c400000, 0x000000104c800000|  0%| F|  |TAMS 0x000000104c400000, 0x000000104c400000| Untracked 
| 305|0x000000104c800000, 0x000000104c800000, 0x000000104cc00000|  0%| F|  |TAMS 0x000000104c800000, 0x000000104c800000| Untracked 
| 306|0x000000104cc00000, 0x000000104cc00000, 0x000000104d000000|  0%| F|  |TAMS 0x000000104cc00000, 0x000000104cc00000| Untracked 
| 307|0x000000104d000000, 0x000000104d000000, 0x000000104d400000|  0%| F|  |TAMS 0x000000104d000000, 0x000000104d000000| Untracked 
| 308|0x000000104d400000, 0x000000104d400000, 0x000000104d800000|  0%| F|  |TAMS 0x000000104d400000, 0x000000104d400000| Untracked 
| 309|0x000000104d800000, 0x000000104d800000, 0x000000104dc00000|  0%| F|  |TAMS 0x000000104d800000, 0x000000104d800000| Untracked 
| 310|0x000000104dc00000, 0x000000104dc00000, 0x000000104e000000|  0%| F|  |TAMS 0x000000104dc00000, 0x000000104dc00000| Untracked 
| 311|0x000000104e000000, 0x000000104e000000, 0x000000104e400000|  0%| F|  |TAMS 0x000000104e000000, 0x000000104e000000| Untracked 
| 312|0x000000104e400000, 0x000000104e400000, 0x000000104e800000|  0%| F|  |TAMS 0x000000104e400000, 0x000000104e400000| Untracked 
| 313|0x000000104e800000, 0x000000104e800000, 0x000000104ec00000|  0%| F|  |TAMS 0x000000104e800000, 0x000000104e800000| Untracked 
| 314|0x000000104ec00000, 0x000000104ec00000, 0x000000104f000000|  0%| F|  |TAMS 0x000000104ec00000, 0x000000104ec00000| Untracked 
| 315|0x000000104f000000, 0x000000104f000000, 0x000000104f400000|  0%| F|  |TAMS 0x000000104f000000, 0x000000104f000000| Untracked 
| 316|0x000000104f400000, 0x000000104f400000, 0x000000104f800000|  0%| F|  |TAMS 0x000000104f400000, 0x000000104f400000| Untracked 
| 317|0x000000104f800000, 0x000000104f800000, 0x000000104fc00000|  0%| F|  |TAMS 0x000000104f800000, 0x000000104f800000| Untracked 
| 318|0x000000104fc00000, 0x000000104fc00000, 0x0000001050000000|  0%| F|  |TAMS 0x000000104fc00000, 0x000000104fc00000| Untracked 
| 319|0x0000001050000000, 0x0000001050000000, 0x0000001050400000|  0%| F|  |TAMS 0x0000001050000000, 0x0000001050000000| Untracked 
| 320|0x0000001050400000, 0x0000001050400000, 0x0000001050800000|  0%| F|  |TAMS 0x0000001050400000, 0x0000001050400000| Untracked 
| 321|0x0000001050800000, 0x0000001050800000, 0x0000001050c00000|  0%| F|  |TAMS 0x0000001050800000, 0x0000001050800000| Untracked 
| 322|0x0000001050c00000, 0x0000001050c00000, 0x0000001051000000|  0%| F|  |TAMS 0x0000001050c00000, 0x0000001050c00000| Untracked 
| 323|0x0000001051000000, 0x0000001051000000, 0x0000001051400000|  0%| F|  |TAMS 0x0000001051000000, 0x0000001051000000| Untracked 
| 324|0x0000001051400000, 0x0000001051400000, 0x0000001051800000|  0%| F|  |TAMS 0x0000001051400000, 0x0000001051400000| Untracked 
| 325|0x0000001051800000, 0x0000001051800000, 0x0000001051c00000|  0%| F|  |TAMS 0x0000001051800000, 0x0000001051800000| Untracked 
| 326|0x0000001051c00000, 0x0000001051c00000, 0x0000001052000000|  0%| F|  |TAMS 0x0000001051c00000, 0x0000001051c00000| Untracked 
| 327|0x0000001052000000, 0x0000001052000000, 0x0000001052400000|  0%| F|  |TAMS 0x0000001052000000, 0x0000001052000000| Untracked 
| 328|0x0000001052400000, 0x0000001052400000, 0x0000001052800000|  0%| F|  |TAMS 0x0000001052400000, 0x0000001052400000| Untracked 
| 329|0x0000001052800000, 0x0000001052800000, 0x0000001052c00000|  0%| F|  |TAMS 0x0000001052800000, 0x0000001052800000| Untracked 
| 330|0x0000001052c00000, 0x0000001052c00000, 0x0000001053000000|  0%| F|  |TAMS 0x0000001052c00000, 0x0000001052c00000| Untracked 
| 331|0x0000001053000000, 0x0000001053000000, 0x0000001053400000|  0%| F|  |TAMS 0x0000001053000000, 0x0000001053000000| Untracked 
| 332|0x0000001053400000, 0x0000001053400000, 0x0000001053800000|  0%| F|  |TAMS 0x0000001053400000, 0x0000001053400000| Untracked 
| 333|0x0000001053800000, 0x0000001053800000, 0x0000001053c00000|  0%| F|  |TAMS 0x0000001053800000, 0x0000001053800000| Untracked 
| 334|0x0000001053c00000, 0x0000001053c00000, 0x0000001054000000|  0%| F|  |TAMS 0x0000001053c00000, 0x0000001053c00000| Untracked 
| 335|0x0000001054000000, 0x0000001054000000, 0x0000001054400000|  0%| F|  |TAMS 0x0000001054000000, 0x0000001054000000| Untracked 
| 336|0x0000001054400000, 0x0000001054400000, 0x0000001054800000|  0%| F|  |TAMS 0x0000001054400000, 0x0000001054400000| Untracked 
| 337|0x0000001054800000, 0x0000001054800000, 0x0000001054c00000|  0%| F|  |TAMS 0x0000001054800000, 0x0000001054800000| Untracked 
| 338|0x0000001054c00000, 0x0000001054c00000, 0x0000001055000000|  0%| F|  |TAMS 0x0000001054c00000, 0x0000001054c00000| Untracked 
| 339|0x0000001055000000, 0x0000001055000000, 0x0000001055400000|  0%| F|  |TAMS 0x0000001055000000, 0x0000001055000000| Untracked 
| 340|0x0000001055400000, 0x0000001055400000, 0x0000001055800000|  0%| F|  |TAMS 0x0000001055400000, 0x0000001055400000| Untracked 
| 341|0x0000001055800000, 0x0000001055800000, 0x0000001055c00000|  0%| F|  |TAMS 0x0000001055800000, 0x0000001055800000| Untracked 
| 342|0x0000001055c00000, 0x0000001055c00000, 0x0000001056000000|  0%| F|  |TAMS 0x0000001055c00000, 0x0000001055c00000| Untracked 
| 343|0x0000001056000000, 0x0000001056000000, 0x0000001056400000|  0%| F|  |TAMS 0x0000001056000000, 0x0000001056000000| Untracked 
| 344|0x0000001056400000, 0x0000001056400000, 0x0000001056800000|  0%| F|  |TAMS 0x0000001056400000, 0x0000001056400000| Untracked 
| 345|0x0000001056800000, 0x0000001056800000, 0x0000001056c00000|  0%| F|  |TAMS 0x0000001056800000, 0x0000001056800000| Untracked 
| 346|0x0000001056c00000, 0x0000001056c00000, 0x0000001057000000|  0%| F|  |TAMS 0x0000001056c00000, 0x0000001056c00000| Untracked 
| 347|0x0000001057000000, 0x0000001057000000, 0x0000001057400000|  0%| F|  |TAMS 0x0000001057000000, 0x0000001057000000| Untracked 
| 348|0x0000001057400000, 0x0000001057400000, 0x0000001057800000|  0%| F|  |TAMS 0x0000001057400000, 0x0000001057400000| Untracked 
| 349|0x0000001057800000, 0x0000001057800000, 0x0000001057c00000|  0%| F|  |TAMS 0x0000001057800000, 0x0000001057800000| Untracked 
| 350|0x0000001057c00000, 0x0000001057c00000, 0x0000001058000000|  0%| F|  |TAMS 0x0000001057c00000, 0x0000001057c00000| Untracked 
| 351|0x0000001058000000, 0x0000001058000000, 0x0000001058400000|  0%| F|  |TAMS 0x0000001058000000, 0x0000001058000000| Untracked 
| 352|0x0000001058400000, 0x0000001058400000, 0x0000001058800000|  0%| F|  |TAMS 0x0000001058400000, 0x0000001058400000| Untracked 
| 353|0x0000001058800000, 0x0000001058800000, 0x0000001058c00000|  0%| F|  |TAMS 0x0000001058800000, 0x0000001058800000| Untracked 
| 354|0x0000001058c00000, 0x0000001058c00000, 0x0000001059000000|  0%| F|  |TAMS 0x0000001058c00000, 0x0000001058c00000| Untracked 
| 355|0x0000001059000000, 0x0000001059000000, 0x0000001059400000|  0%| F|  |TAMS 0x0000001059000000, 0x0000001059000000| Untracked 
| 356|0x0000001059400000, 0x0000001059400000, 0x0000001059800000|  0%| F|  |TAMS 0x0000001059400000, 0x0000001059400000| Untracked 
| 357|0x0000001059800000, 0x0000001059800000, 0x0000001059c00000|  0%| F|  |TAMS 0x0000001059800000, 0x0000001059800000| Untracked 
| 358|0x0000001059c00000, 0x0000001059c00000, 0x000000105a000000|  0%| F|  |TAMS 0x0000001059c00000, 0x0000001059c00000| Untracked 
| 359|0x000000105a000000, 0x000000105a000000, 0x000000105a400000|  0%| F|  |TAMS 0x000000105a000000, 0x000000105a000000| Untracked 
| 360|0x000000105a400000, 0x000000105a400000, 0x000000105a800000|  0%| F|  |TAMS 0x000000105a400000, 0x000000105a400000| Untracked 
| 361|0x000000105a800000, 0x000000105a800000, 0x000000105ac00000|  0%| F|  |TAMS 0x000000105a800000, 0x000000105a800000| Untracked 
| 362|0x000000105ac00000, 0x000000105ac00000, 0x000000105b000000|  0%| F|  |TAMS 0x000000105ac00000, 0x000000105ac00000| Untracked 
| 363|0x000000105b000000, 0x000000105b000000, 0x000000105b400000|  0%| F|  |TAMS 0x000000105b000000, 0x000000105b000000| Untracked 
| 364|0x000000105b400000, 0x000000105b400000, 0x000000105b800000|  0%| F|  |TAMS 0x000000105b400000, 0x000000105b400000| Untracked 
| 365|0x000000105b800000, 0x000000105b800000, 0x000000105bc00000|  0%| F|  |TAMS 0x000000105b800000, 0x000000105b800000| Untracked 
| 366|0x000000105bc00000, 0x000000105bc00000, 0x000000105c000000|  0%| F|  |TAMS 0x000000105bc00000, 0x000000105bc00000| Untracked 
| 367|0x000000105c000000, 0x000000105c000000, 0x000000105c400000|  0%| F|  |TAMS 0x000000105c000000, 0x000000105c000000| Untracked 
| 368|0x000000105c400000, 0x000000105c400000, 0x000000105c800000|  0%| F|  |TAMS 0x000000105c400000, 0x000000105c400000| Untracked 
| 369|0x000000105c800000, 0x000000105c800000, 0x000000105cc00000|  0%| F|  |TAMS 0x000000105c800000, 0x000000105c800000| Untracked 
| 370|0x000000105cc00000, 0x000000105cc00000, 0x000000105d000000|  0%| F|  |TAMS 0x000000105cc00000, 0x000000105cc00000| Untracked 
| 371|0x000000105d000000, 0x000000105d000000, 0x000000105d400000|  0%| F|  |TAMS 0x000000105d000000, 0x000000105d000000| Untracked 
| 372|0x000000105d400000, 0x000000105d400000, 0x000000105d800000|  0%| F|  |TAMS 0x000000105d400000, 0x000000105d400000| Untracked 
| 373|0x000000105d800000, 0x000000105d800000, 0x000000105dc00000|  0%| F|  |TAMS 0x000000105d800000, 0x000000105d800000| Untracked 
| 374|0x000000105dc00000, 0x000000105dc00000, 0x000000105e000000|  0%| F|  |TAMS 0x000000105dc00000, 0x000000105dc00000| Untracked 
| 375|0x000000105e000000, 0x000000105e000000, 0x000000105e400000|  0%| F|  |TAMS 0x000000105e000000, 0x000000105e000000| Untracked 
| 376|0x000000105e400000, 0x000000105e400000, 0x000000105e800000|  0%| F|  |TAMS 0x000000105e400000, 0x000000105e400000| Untracked 
| 377|0x000000105e800000, 0x000000105e800000, 0x000000105ec00000|  0%| F|  |TAMS 0x000000105e800000, 0x000000105e800000| Untracked 
| 378|0x000000105ec00000, 0x000000105ec00000, 0x000000105f000000|  0%| F|  |TAMS 0x000000105ec00000, 0x000000105ec00000| Untracked 
| 379|0x000000105f000000, 0x000000105f000000, 0x000000105f400000|  0%| F|  |TAMS 0x000000105f000000, 0x000000105f000000| Untracked 
| 380|0x000000105f400000, 0x000000105f400000, 0x000000105f800000|  0%| F|  |TAMS 0x000000105f400000, 0x000000105f400000| Untracked 
| 381|0x000000105f800000, 0x000000105f800000, 0x000000105fc00000|  0%| F|  |TAMS 0x000000105f800000, 0x000000105f800000| Untracked 
| 382|0x000000105fc00000, 0x000000105fc00000, 0x0000001060000000|  0%| F|  |TAMS 0x000000105fc00000, 0x000000105fc00000| Untracked 
| 383|0x0000001060000000, 0x0000001060000000, 0x0000001060400000|  0%| F|  |TAMS 0x0000001060000000, 0x0000001060000000| Untracked 
| 384|0x0000001060400000, 0x0000001060400000, 0x0000001060800000|  0%| F|  |TAMS 0x0000001060400000, 0x0000001060400000| Untracked 
| 385|0x0000001060800000, 0x0000001060800000, 0x0000001060c00000|  0%| F|  |TAMS 0x0000001060800000, 0x0000001060800000| Untracked 
| 386|0x0000001060c00000, 0x0000001060c00000, 0x0000001061000000|  0%| F|  |TAMS 0x0000001060c00000, 0x0000001060c00000| Untracked 
| 387|0x0000001061000000, 0x0000001061000000, 0x0000001061400000|  0%| F|  |TAMS 0x0000001061000000, 0x0000001061000000| Untracked 
| 388|0x0000001061400000, 0x0000001061400000, 0x0000001061800000|  0%| F|  |TAMS 0x0000001061400000, 0x0000001061400000| Untracked 
| 389|0x0000001061800000, 0x0000001061800000, 0x0000001061c00000|  0%| F|  |TAMS 0x0000001061800000, 0x0000001061800000| Untracked 
| 390|0x0000001061c00000, 0x0000001061c00000, 0x0000001062000000|  0%| F|  |TAMS 0x0000001061c00000, 0x0000001061c00000| Untracked 
| 391|0x0000001062000000, 0x0000001062000000, 0x0000001062400000|  0%| F|  |TAMS 0x0000001062000000, 0x0000001062000000| Untracked 
| 392|0x0000001062400000, 0x0000001062400000, 0x0000001062800000|  0%| F|  |TAMS 0x0000001062400000, 0x0000001062400000| Untracked 
| 393|0x0000001062800000, 0x0000001062800000, 0x0000001062c00000|  0%| F|  |TAMS 0x0000001062800000, 0x0000001062800000| Untracked 
| 394|0x0000001062c00000, 0x0000001063000000, 0x0000001063000000|100%| E|  |TAMS 0x0000001062c00000, 0x0000001062c00000| Complete 
| 395|0x0000001063000000, 0x0000001063400000, 0x0000001063400000|100%| E|CS|TAMS 0x0000001063000000, 0x0000001063000000| Complete 
| 396|0x0000001063400000, 0x0000001063800000, 0x0000001063800000|100%| E|CS|TAMS 0x0000001063400000, 0x0000001063400000| Complete 
| 397|0x0000001063800000, 0x0000001063c00000, 0x0000001063c00000|100%| E|CS|TAMS 0x0000001063800000, 0x0000001063800000| Complete 
| 398|0x0000001063c00000, 0x0000001064000000, 0x0000001064000000|100%| E|CS|TAMS 0x0000001063c00000, 0x0000001063c00000| Complete 
| 399|0x0000001064000000, 0x0000001064400000, 0x0000001064400000|100%| E|CS|TAMS 0x0000001064000000, 0x0000001064000000| Complete 
| 400|0x0000001064400000, 0x0000001064800000, 0x0000001064800000|100%| E|CS|TAMS 0x0000001064400000, 0x0000001064400000| Complete 
| 401|0x0000001064800000, 0x0000001064c00000, 0x0000001064c00000|100%| E|CS|TAMS 0x0000001064800000, 0x0000001064800000| Complete 
| 402|0x0000001064c00000, 0x0000001065000000, 0x0000001065000000|100%| E|CS|TAMS 0x0000001064c00000, 0x0000001064c00000| Complete 
| 403|0x0000001065000000, 0x0000001065400000, 0x0000001065400000|100%| E|CS|TAMS 0x0000001065000000, 0x0000001065000000| Complete 
| 404|0x0000001065400000, 0x0000001065800000, 0x0000001065800000|100%| E|CS|TAMS 0x0000001065400000, 0x0000001065400000| Complete 
| 405|0x0000001065800000, 0x0000001065c00000, 0x0000001065c00000|100%| E|CS|TAMS 0x0000001065800000, 0x0000001065800000| Complete 
| 406|0x0000001065c00000, 0x0000001066000000, 0x0000001066000000|100%| E|CS|TAMS 0x0000001065c00000, 0x0000001065c00000| Complete 
| 407|0x0000001066000000, 0x0000001066400000, 0x0000001066400000|100%| E|CS|TAMS 0x0000001066000000, 0x0000001066000000| Complete 
| 408|0x0000001066400000, 0x0000001066800000, 0x0000001066800000|100%| E|CS|TAMS 0x0000001066400000, 0x0000001066400000| Complete 
| 409|0x0000001066800000, 0x0000001066c00000, 0x0000001066c00000|100%| E|CS|TAMS 0x0000001066800000, 0x0000001066800000| Complete 
| 410|0x0000001066c00000, 0x0000001067000000, 0x0000001067000000|100%| E|CS|TAMS 0x0000001066c00000, 0x0000001066c00000| Complete 
| 411|0x0000001067000000, 0x0000001067400000, 0x0000001067400000|100%| E|CS|TAMS 0x0000001067000000, 0x0000001067000000| Complete 
| 412|0x0000001067400000, 0x0000001067800000, 0x0000001067800000|100%| E|CS|TAMS 0x0000001067400000, 0x0000001067400000| Complete 
| 413|0x0000001067800000, 0x0000001067c00000, 0x0000001067c00000|100%| E|CS|TAMS 0x0000001067800000, 0x0000001067800000| Complete 
| 414|0x0000001067c00000, 0x0000001068000000, 0x0000001068000000|100%| E|CS|TAMS 0x0000001067c00000, 0x0000001067c00000| Complete 
| 415|0x0000001068000000, 0x0000001068400000, 0x0000001068400000|100%| E|CS|TAMS 0x0000001068000000, 0x0000001068000000| Complete 
| 416|0x0000001068400000, 0x0000001068800000, 0x0000001068800000|100%| E|CS|TAMS 0x0000001068400000, 0x0000001068400000| Complete 
| 417|0x0000001068800000, 0x0000001068c00000, 0x0000001068c00000|100%| E|CS|TAMS 0x0000001068800000, 0x0000001068800000| Complete 
| 418|0x0000001068c00000, 0x0000001069000000, 0x0000001069000000|100%| E|CS|TAMS 0x0000001068c00000, 0x0000001068c00000| Complete 
| 419|0x0000001069000000, 0x0000001069400000, 0x0000001069400000|100%| E|CS|TAMS 0x0000001069000000, 0x0000001069000000| Complete 
| 420|0x0000001069400000, 0x0000001069800000, 0x0000001069800000|100%| E|CS|TAMS 0x0000001069400000, 0x0000001069400000| Complete 
| 421|0x0000001069800000, 0x0000001069c00000, 0x0000001069c00000|100%| E|CS|TAMS 0x0000001069800000, 0x0000001069800000| Complete 
| 422|0x0000001069c00000, 0x000000106a000000, 0x000000106a000000|100%| E|CS|TAMS 0x0000001069c00000, 0x0000001069c00000| Complete 
| 423|0x000000106a000000, 0x000000106a400000, 0x000000106a400000|100%| E|CS|TAMS 0x000000106a000000, 0x000000106a000000| Complete 
| 424|0x000000106a400000, 0x000000106a800000, 0x000000106a800000|100%| E|CS|TAMS 0x000000106a400000, 0x000000106a400000| Complete 
| 425|0x000000106a800000, 0x000000106ac00000, 0x000000106ac00000|100%| E|CS|TAMS 0x000000106a800000, 0x000000106a800000| Complete 
| 426|0x000000106ac00000, 0x000000106b000000, 0x000000106b000000|100%| E|CS|TAMS 0x000000106ac00000, 0x000000106ac00000| Complete 
| 427|0x000000106b000000, 0x000000106b400000, 0x000000106b400000|100%| E|CS|TAMS 0x000000106b000000, 0x000000106b000000| Complete 
| 428|0x000000106b400000, 0x000000106b800000, 0x000000106b800000|100%| E|CS|TAMS 0x000000106b400000, 0x000000106b400000| Complete 
| 429|0x000000106b800000, 0x000000106bc00000, 0x000000106bc00000|100%| E|CS|TAMS 0x000000106b800000, 0x000000106b800000| Complete 
| 430|0x000000106bc00000, 0x000000106c000000, 0x000000106c000000|100%| E|CS|TAMS 0x000000106bc00000, 0x000000106bc00000| Complete 
| 431|0x000000106c000000, 0x000000106c400000, 0x000000106c400000|100%| E|CS|TAMS 0x000000106c000000, 0x000000106c000000| Complete 
| 432|0x000000106c400000, 0x000000106c800000, 0x000000106c800000|100%| E|CS|TAMS 0x000000106c400000, 0x000000106c400000| Complete 
| 433|0x000000106c800000, 0x000000106cc00000, 0x000000106cc00000|100%| E|CS|TAMS 0x000000106c800000, 0x000000106c800000| Complete 
| 434|0x000000106cc00000, 0x000000106d000000, 0x000000106d000000|100%| E|CS|TAMS 0x000000106cc00000, 0x000000106cc00000| Complete 
| 435|0x000000106d000000, 0x000000106d400000, 0x000000106d400000|100%| E|CS|TAMS 0x000000106d000000, 0x000000106d000000| Complete 
| 436|0x000000106d400000, 0x000000106d800000, 0x000000106d800000|100%| E|CS|TAMS 0x000000106d400000, 0x000000106d400000| Complete 
| 437|0x000000106d800000, 0x000000106dc00000, 0x000000106dc00000|100%| E|CS|TAMS 0x000000106d800000, 0x000000106d800000| Complete 
| 438|0x000000106dc00000, 0x000000106e000000, 0x000000106e000000|100%| E|CS|TAMS 0x000000106dc00000, 0x000000106dc00000| Complete 
| 439|0x000000106e000000, 0x000000106e400000, 0x000000106e400000|100%| E|CS|TAMS 0x000000106e000000, 0x000000106e000000| Complete 
| 440|0x000000106e400000, 0x000000106e800000, 0x000000106e800000|100%| E|CS|TAMS 0x000000106e400000, 0x000000106e400000| Complete 
| 441|0x000000106e800000, 0x000000106ec00000, 0x000000106ec00000|100%| E|CS|TAMS 0x000000106e800000, 0x000000106e800000| Complete 
| 442|0x000000106ec00000, 0x000000106f000000, 0x000000106f000000|100%| E|CS|TAMS 0x000000106ec00000, 0x000000106ec00000| Complete 
| 443|0x000000106f000000, 0x000000106f400000, 0x000000106f400000|100%| E|CS|TAMS 0x000000106f000000, 0x000000106f000000| Complete 
| 444|0x000000106f400000, 0x000000106f800000, 0x000000106f800000|100%| E|CS|TAMS 0x000000106f400000, 0x000000106f400000| Complete 
| 445|0x000000106f800000, 0x000000106fc00000, 0x000000106fc00000|100%| E|CS|TAMS 0x000000106f800000, 0x000000106f800000| Complete 
| 446|0x000000106fc00000, 0x0000001070000000, 0x0000001070000000|100%| E|CS|TAMS 0x000000106fc00000, 0x000000106fc00000| Complete 
| 447|0x0000001070000000, 0x0000001070400000, 0x0000001070400000|100%| E|CS|TAMS 0x0000001070000000, 0x0000001070000000| Complete 
| 448|0x0000001070400000, 0x0000001070800000, 0x0000001070800000|100%| E|CS|TAMS 0x0000001070400000, 0x0000001070400000| Complete 
| 449|0x0000001070800000, 0x0000001070c00000, 0x0000001070c00000|100%| E|CS|TAMS 0x0000001070800000, 0x0000001070800000| Complete 
| 450|0x0000001070c00000, 0x0000001071000000, 0x0000001071000000|100%| E|CS|TAMS 0x0000001070c00000, 0x0000001070c00000| Complete 
| 451|0x0000001071000000, 0x0000001071400000, 0x0000001071400000|100%| E|CS|TAMS 0x0000001071000000, 0x0000001071000000| Complete 
| 452|0x0000001071400000, 0x0000001071800000, 0x0000001071800000|100%| E|CS|TAMS 0x0000001071400000, 0x0000001071400000| Complete 
| 453|0x0000001071800000, 0x0000001071c00000, 0x0000001071c00000|100%| E|CS|TAMS 0x0000001071800000, 0x0000001071800000| Complete 
| 454|0x0000001071c00000, 0x0000001072000000, 0x0000001072000000|100%| E|CS|TAMS 0x0000001071c00000, 0x0000001071c00000| Complete 
| 455|0x0000001072000000, 0x0000001072400000, 0x0000001072400000|100%| E|CS|TAMS 0x0000001072000000, 0x0000001072000000| Complete 
| 456|0x0000001072400000, 0x0000001072800000, 0x0000001072800000|100%| E|CS|TAMS 0x0000001072400000, 0x0000001072400000| Complete 
| 457|0x0000001072800000, 0x0000001072c00000, 0x0000001072c00000|100%| E|CS|TAMS 0x0000001072800000, 0x0000001072800000| Complete 
| 458|0x0000001072c00000, 0x0000001073000000, 0x0000001073000000|100%| E|CS|TAMS 0x0000001072c00000, 0x0000001072c00000| Complete 
| 459|0x0000001073000000, 0x0000001073400000, 0x0000001073400000|100%| E|CS|TAMS 0x0000001073000000, 0x0000001073000000| Complete 
| 460|0x0000001073400000, 0x0000001073800000, 0x0000001073800000|100%| E|CS|TAMS 0x0000001073400000, 0x0000001073400000| Complete 
| 461|0x0000001073800000, 0x0000001073c00000, 0x0000001073c00000|100%| E|CS|TAMS 0x0000001073800000, 0x0000001073800000| Complete 
| 462|0x0000001073c00000, 0x0000001074000000, 0x0000001074000000|100%| E|CS|TAMS 0x0000001073c00000, 0x0000001073c00000| Complete 
| 463|0x0000001074000000, 0x0000001074400000, 0x0000001074400000|100%| E|CS|TAMS 0x0000001074000000, 0x0000001074000000| Complete 
| 464|0x0000001074400000, 0x0000001074800000, 0x0000001074800000|100%| E|CS|TAMS 0x0000001074400000, 0x0000001074400000| Complete 
| 465|0x0000001074800000, 0x0000001074c00000, 0x0000001074c00000|100%| E|CS|TAMS 0x0000001074800000, 0x0000001074800000| Complete 
| 466|0x0000001074c00000, 0x0000001075000000, 0x0000001075000000|100%| E|CS|TAMS 0x0000001074c00000, 0x0000001074c00000| Complete 
| 467|0x0000001075000000, 0x0000001075400000, 0x0000001075400000|100%| E|CS|TAMS 0x0000001075000000, 0x0000001075000000| Complete 
| 468|0x0000001075400000, 0x0000001075800000, 0x0000001075800000|100%| E|CS|TAMS 0x0000001075400000, 0x0000001075400000| Complete 
| 469|0x0000001075800000, 0x0000001075c00000, 0x0000001075c00000|100%| E|CS|TAMS 0x0000001075800000, 0x0000001075800000| Complete 
| 470|0x0000001075c00000, 0x0000001076000000, 0x0000001076000000|100%| E|CS|TAMS 0x0000001075c00000, 0x0000001075c00000| Complete 
| 471|0x0000001076000000, 0x0000001076400000, 0x0000001076400000|100%| E|CS|TAMS 0x0000001076000000, 0x0000001076000000| Complete 
| 472|0x0000001076400000, 0x0000001076800000, 0x0000001076800000|100%| E|CS|TAMS 0x0000001076400000, 0x0000001076400000| Complete 
| 473|0x0000001076800000, 0x0000001076c00000, 0x0000001076c00000|100%| E|CS|TAMS 0x0000001076800000, 0x0000001076800000| Complete 
| 474|0x0000001076c00000, 0x0000001077000000, 0x0000001077000000|100%| E|CS|TAMS 0x0000001076c00000, 0x0000001076c00000| Complete 
| 475|0x0000001077000000, 0x0000001077400000, 0x0000001077400000|100%| E|CS|TAMS 0x0000001077000000, 0x0000001077000000| Complete 
| 476|0x0000001077400000, 0x0000001077800000, 0x0000001077800000|100%| E|CS|TAMS 0x0000001077400000, 0x0000001077400000| Complete 
| 477|0x0000001077800000, 0x0000001077c00000, 0x0000001077c00000|100%| E|CS|TAMS 0x0000001077800000, 0x0000001077800000| Complete 
| 478|0x0000001077c00000, 0x0000001078000000, 0x0000001078000000|100%| E|CS|TAMS 0x0000001077c00000, 0x0000001077c00000| Complete 
| 479|0x0000001078000000, 0x0000001078400000, 0x0000001078400000|100%| E|CS|TAMS 0x0000001078000000, 0x0000001078000000| Complete 
| 480|0x0000001078400000, 0x0000001078800000, 0x0000001078800000|100%| E|CS|TAMS 0x0000001078400000, 0x0000001078400000| Complete 
| 481|0x0000001078800000, 0x0000001078c00000, 0x0000001078c00000|100%| E|CS|TAMS 0x0000001078800000, 0x0000001078800000| Complete 
| 482|0x0000001078c00000, 0x0000001079000000, 0x0000001079000000|100%| E|CS|TAMS 0x0000001078c00000, 0x0000001078c00000| Complete 
| 483|0x0000001079000000, 0x0000001079400000, 0x0000001079400000|100%| E|CS|TAMS 0x0000001079000000, 0x0000001079000000| Complete 
| 484|0x0000001079400000, 0x0000001079800000, 0x0000001079800000|100%| E|CS|TAMS 0x0000001079400000, 0x0000001079400000| Complete 
| 485|0x0000001079800000, 0x0000001079c00000, 0x0000001079c00000|100%| E|CS|TAMS 0x0000001079800000, 0x0000001079800000| Complete 
| 486|0x0000001079c00000, 0x0000001079e5a348, 0x000000107a000000| 58%| S|CS|TAMS 0x0000001079c00000, 0x0000001079c00000| Complete 
| 487|0x000000107a000000, 0x000000107a400000, 0x000000107a400000|100%| E|CS|TAMS 0x000000107a000000, 0x000000107a000000| Complete 
| 488|0x000000107a400000, 0x000000107a800000, 0x000000107a800000|100%| E|CS|TAMS 0x000000107a400000, 0x000000107a400000| Complete 
| 489|0x000000107a800000, 0x000000107ac00000, 0x000000107ac00000|100%| E|CS|TAMS 0x000000107a800000, 0x000000107a800000| Complete 
| 490|0x000000107ac00000, 0x000000107b000000, 0x000000107b000000|100%| E|CS|TAMS 0x000000107ac00000, 0x000000107ac00000| Complete 
| 491|0x000000107b000000, 0x000000107b400000, 0x000000107b400000|100%| E|CS|TAMS 0x000000107b000000, 0x000000107b000000| Complete 
| 492|0x000000107b400000, 0x000000107b800000, 0x000000107b800000|100%| E|CS|TAMS 0x000000107b400000, 0x000000107b400000| Complete 
| 493|0x000000107b800000, 0x000000107bc00000, 0x000000107bc00000|100%| E|CS|TAMS 0x000000107b800000, 0x000000107b800000| Complete 
| 494|0x000000107bc00000, 0x000000107c000000, 0x000000107c000000|100%| E|CS|TAMS 0x000000107bc00000, 0x000000107bc00000| Complete 
| 495|0x000000107c000000, 0x000000107c400000, 0x000000107c400000|100%| E|CS|TAMS 0x000000107c000000, 0x000000107c000000| Complete 
| 496|0x000000107c400000, 0x000000107c800000, 0x000000107c800000|100%| E|CS|TAMS 0x000000107c400000, 0x000000107c400000| Complete 
| 497|0x000000107c800000, 0x000000107cc00000, 0x000000107cc00000|100%| E|CS|TAMS 0x000000107c800000, 0x000000107c800000| Complete 
| 498|0x000000107cc00000, 0x000000107d000000, 0x000000107d000000|100%| E|CS|TAMS 0x000000107cc00000, 0x000000107cc00000| Complete 
| 499|0x000000107d000000, 0x000000107d400000, 0x000000107d400000|100%| E|CS|TAMS 0x000000107d000000, 0x000000107d000000| Complete 
| 500|0x000000107d400000, 0x000000107d800000, 0x000000107d800000|100%| E|CS|TAMS 0x000000107d400000, 0x000000107d400000| Complete 
| 501|0x000000107d800000, 0x000000107dc00000, 0x000000107dc00000|100%| E|CS|TAMS 0x000000107d800000, 0x000000107d800000| Complete 
| 502|0x000000107dc00000, 0x000000107e000000, 0x000000107e000000|100%| E|CS|TAMS 0x000000107dc00000, 0x000000107dc00000| Complete 
| 503|0x000000107e000000, 0x000000107e400000, 0x000000107e400000|100%| E|CS|TAMS 0x000000107e000000, 0x000000107e000000| Complete 
| 504|0x000000107e400000, 0x000000107e800000, 0x000000107e800000|100%| E|CS|TAMS 0x000000107e400000, 0x000000107e400000| Complete 
| 505|0x000000107e800000, 0x000000107ec00000, 0x000000107ec00000|100%| E|CS|TAMS 0x000000107e800000, 0x000000107e800000| Complete 
| 506|0x000000107ec00000, 0x000000107f000000, 0x000000107f000000|100%| E|CS|TAMS 0x000000107ec00000, 0x000000107ec00000| Complete 
| 507|0x000000107f000000, 0x000000107f400000, 0x000000107f400000|100%| E|CS|TAMS 0x000000107f000000, 0x000000107f000000| Complete 
| 508|0x000000107f400000, 0x000000107f800000, 0x000000107f800000|100%| E|CS|TAMS 0x000000107f400000, 0x000000107f400000| Complete 
| 509|0x000000107f800000, 0x000000107fc00000, 0x000000107fc00000|100%| E|CS|TAMS 0x000000107f800000, 0x000000107f800000| Complete 
| 510|0x000000107fc00000, 0x0000001080000000, 0x0000001080000000|100%| E|CS|TAMS 0x000000107fc00000, 0x000000107fc00000| Complete 
| 511|0x0000001080000000, 0x0000001080400000, 0x0000001080400000|100%| E|CS|TAMS 0x0000001080000000, 0x0000001080000000| Complete 
|7670|0x000000177dc00000, 0x000000177dc48000, 0x000000177e000000|  7%|OA|  |TAMS 0x000000177dc00000, 0x000000177dc00000| Untracked 
|7671|0x000000177e000000, 0x000000177e06c000, 0x000000177e400000| 10%|CA|  |TAMS 0x000000177e000000, 0x000000177e000000| Untracked 

Card table byte_map: [0x00007faf9c400000,0x00007faf9fff0000] _byte_map_base: 0x00007faf943fe000

Marking Bits (Prev, Next): (CMBitMap*) 0x0000000089abbca8, (CMBitMap*) 0x0000000089abbce0
 Prev Bits: [0x00007faf7a800000, 0x00007faf98780000)
 Next Bits: [0x00007faf5c800000, 0x00007faf7a780000)

Polling page: 0x00007fb1d2603000

Metaspace:

Usage:
  Non-class:      6.37 MB capacity,     5.21 MB ( 82%) used,     1.11 MB ( 17%) free+waste,    51.12 KB ( <1%) overhead. 
      Class:   1010.00 KB capacity,   723.67 KB ( 72%) used,   259.08 KB ( 26%) free+waste,    27.25 KB (  3%) overhead. 
       Both:      7.35 MB capacity,     5.92 MB ( 80%) used,     1.36 MB ( 18%) free+waste,    78.38 KB (  1%) overhead. 

Virtual space:
  Non-class space:        8.00 MB reserved,       6.50 MB ( 81%) committed 
      Class space:        1.00 GB reserved,       1.00 MB ( <1%) committed 
             Both:        1.01 GB reserved,       7.50 MB ( <1%) committed 

Chunk freelists:
   Non-Class:  10.00 KB
       Class:  14.00 KB
        Both:  24.00 KB

MaxMetaspaceSize: unlimited
CompressedClassSpaceSize: 1.00 GB
Initial GC threshold: 20.80 MB
Current GC threshold: 20.80 MB
CDS: on

CodeHeap 'non-profiled nmethods': size=118884Kb used=749Kb max_used=749Kb free=118134Kb
 bounds [0x00007fafaefe7000, 0x00007fafaf257000, 0x00007fafb6400000]
CodeHeap 'profiled nmethods': size=118884Kb used=3130Kb max_used=3130Kb free=115753Kb
 bounds [0x00007fafa7bce000, 0x00007fafa7ede000, 0x00007fafaefe7000]
CodeHeap 'non-nmethods': size=7992Kb used=1227Kb max_used=3508Kb free=6764Kb
 bounds [0x00007fafa7400000, 0x00007fafa7780000, 0x00007fafa7bce000]
 total_blobs=2015 nmethods=1519 adapters=410
 compilation: enabled
              stopped_count=0, restarted_count=0
 full_count=0

Compilation events (20 events):
Event: 6.655 Thread 0x00007fa64002b800 1510       4       org.apache.hadoop.io.WritableUtils::readVLong (79 bytes)
Event: 6.658 Thread 0x000000008cdb0000 nmethod 1513 0x00007fafaf096c90 code [0x00007fafaf096e40, 0x00007fafaf0971b8]
Event: 6.658 Thread 0x000000008cdb0000 1472       4       sun.nio.ch.FileDispatcherImpl::pread (10 bytes)
Event: 6.658 Thread 0x000000008cdb0000 nmethod 1472 0x00007fafaf097490 code [0x00007fafaf097620, 0x00007fafaf0976c8]
Event: 6.659 Thread 0x00007fa64002a000 nmethod 1506 0x00007fafaf097790 code [0x00007fafaf0979c0, 0x00007fafaf098920]
Event: 6.659 Thread 0x00007fa64002b800 nmethod 1510 0x00007fafaf099390 code [0x00007fafaf099560, 0x00007fafaf099c68]
Event: 6.661 Thread 0x00007faef82a1800 nmethod 1507 0x00007fafaf099f90 code [0x00007fafaf09a1a0, 0x00007fafaf09b000]
Event: 6.677 Thread 0x00007faef826c800 1514       3       org.terrier.structures.collections.FSOrderedMapFile::containsKey (20 bytes)
Event: 6.677 Thread 0x00007faef826c800 nmethod 1514 0x00007fafa7ed4490 code [0x00007fafa7ed4660, 0x00007fafa7ed4940]
Event: 6.685 Thread 0x00007faef8256800 1515       3       org.terrier.terms.PorterStemmer::step1 (284 bytes)
Event: 6.685 Thread 0x00007faef826c800 1516       3       org.terrier.terms.PorterStemmer::step3 (488 bytes)
Event: 6.685 Thread 0x00007faf0806e800 1517       3       org.terrier.terms.PorterStemmer::step4 (176 bytes)
Event: 6.685 Thread 0x000000008cdb1800 1518       3       org.terrier.terms.PorterStemmer::step5 (429 bytes)
Event: 6.685 Thread 0x00007faef8255800 1519       3       org.terrier.terms.PorterStemmer::step6 (104 bytes)
Event: 6.686 Thread 0x00007faef8256800 nmethod 1515 0x00007fafa7ed4a10 code [0x00007fafa7ed4d40, 0x00007fafa7ed5af0]
Event: 6.686 Thread 0x00007faef8255800 nmethod 1519 0x00007fafa7ed5f10 code [0x00007fafa7ed6120, 0x00007fafa7ed6650]
Event: 6.686 Thread 0x00007faf0806e800 nmethod 1517 0x00007fafa7ed6810 code [0x00007fafa7ed6b80, 0x00007fafa7ed7900]
Event: 6.686 Thread 0x000000008cdb1800 nmethod 1518 0x00007fafa7ed7c90 code [0x00007fafa7ed8000, 0x00007fafa7ed9110]
Event: 6.686 Thread 0x00007faef829f800 nmethod 1502 0x00007fafaf09b910 code [0x00007fafaf09bc00, 0x00007fafaf09e6d0]
Event: 6.687 Thread 0x00007faef826c800 nmethod 1516 0x00007fafa7ed9410 code [0x00007fafa7ed9ae0, 0x00007fafa7edc160]

GC Heap History (2 events):
Event: 0.433 GC heap before
{Heap before GC invocations=0 (full 0):
 garbage-first heap   total 2105344K, used 148176K [0x0000001000400000, 0x000000177e400000)
  region size 4096K, 25 young (102400K), 0 survivors (0K)
 Metaspace       used 3661K, capacity 6166K, committed 6400K, reserved 1056768K
  class space    used 430K, capacity 745K, committed 768K, reserved 1048576K
}
Event: 0.440 GC heap after
{Heap after GC invocations=1 (full 0):
 garbage-first heap   total 2105344K, used 48184K [0x0000001000400000, 0x000000177e400000)
  region size 4096K, 1 young (4096K), 1 survivors (4096K)
 Metaspace       used 3661K, capacity 6166K, committed 6400K, reserved 1056768K
  class space    used 430K, capacity 745K, committed 768K, reserved 1048576K
}

Deoptimization events (20 events):
Event: 6.560 Thread 0x0000000089966000 Uncommon trap: trap_request=0xffffffde fr.pc=0x00007fafaf03cf7c relative=0x0000000000000bbc
Event: 6.560 Thread 0x0000000089966000 Uncommon trap: reason=class_check action=maybe_recompile pc=0x00007fafaf03cf7c method=java.io.DataInputStream.readFully([BII)V @ 34 c2
Event: 6.560 Thread 0x0000000089966000 DEOPT PACKING pc=0x00007fafaf03cf7c sp=0x00007fff5c771b00
Event: 6.560 Thread 0x0000000089966000 DEOPT UNPACKING pc=0x00007fafa74082a5 sp=0x00007fff5c771b08 mode 2
Event: 6.560 Thread 0x0000000089966000 Uncommon trap: trap_request=0xffffffde fr.pc=0x00007fafaf03bd58 relative=0x0000000000000218
Event: 6.560 Thread 0x0000000089966000 Uncommon trap: reason=class_check action=maybe_recompile pc=0x00007fafaf03bd58 method=java.io.DataInputStream.readByte()B @ 4 c2
Event: 6.560 Thread 0x0000000089966000 DEOPT PACKING pc=0x00007fafaf03bd58 sp=0x00007fff5c771b00
Event: 6.560 Thread 0x0000000089966000 DEOPT UNPACKING pc=0x00007fafa74082a5 sp=0x00007fff5c771ab8 mode 2
Event: 6.560 Thread 0x0000000089966000 Uncommon trap: trap_request=0xffffffde fr.pc=0x00007fafaf03cf7c relative=0x0000000000000bbc
Event: 6.560 Thread 0x0000000089966000 Uncommon trap: reason=class_check action=maybe_recompile pc=0x00007fafaf03cf7c method=java.io.DataInputStream.readFully([BII)V @ 34 c2
Event: 6.560 Thread 0x0000000089966000 DEOPT PACKING pc=0x00007fafaf03cf7c sp=0x00007fff5c771b00
Event: 6.560 Thread 0x0000000089966000 DEOPT UNPACKING pc=0x00007fafa74082a5 sp=0x00007fff5c771b08 mode 2
Event: 6.560 Thread 0x0000000089966000 Uncommon trap: trap_request=0xffffffde fr.pc=0x00007fafaf03bd58 relative=0x0000000000000218
Event: 6.560 Thread 0x0000000089966000 Uncommon trap: reason=class_check action=maybe_recompile pc=0x00007fafaf03bd58 method=java.io.DataInputStream.readByte()B @ 4 c2
Event: 6.560 Thread 0x0000000089966000 DEOPT PACKING pc=0x00007fafaf03bd58 sp=0x00007fff5c771b00
Event: 6.560 Thread 0x0000000089966000 DEOPT UNPACKING pc=0x00007fafa74082a5 sp=0x00007fff5c771ab8 mode 2
Event: 6.560 Thread 0x0000000089966000 Uncommon trap: trap_request=0xffffffde fr.pc=0x00007fafaf03cf7c relative=0x0000000000000bbc
Event: 6.560 Thread 0x0000000089966000 Uncommon trap: reason=class_check action=maybe_recompile pc=0x00007fafaf03cf7c method=java.io.DataInputStream.readFully([BII)V @ 34 c2
Event: 6.560 Thread 0x0000000089966000 DEOPT PACKING pc=0x00007fafaf03cf7c sp=0x00007fff5c771b00
Event: 6.560 Thread 0x0000000089966000 DEOPT UNPACKING pc=0x00007fafa74082a5 sp=0x00007fff5c771b08 mode 2

Classes redefined (0 events):
No events

Internal exceptions (20 events):
Event: 0.247 Thread 0x0000000089966000 Exception <a 'java/lang/NoSuchMethodError'{0x000000107fafd090}: 'java.lang.Object java.lang.invoke.DelegatingMethodHandle$Holder.reinvoke_L(java.lang.Object, int, int, int, java.lang.Object, java.lang.Object, java.lang.Object)'> (0x000000107fafd090) thrown at [./src/hotspot/share/interpreter/linkResolver.cpp, line 772]
Event: 0.248 Thread 0x0000000089966000 Exception <a 'java/lang/NoSuchMethodError'{0x000000107fb044e8}: 'java.lang.Object java.lang.invoke.DirectMethodHandle$Holder.invokeStatic(java.lang.Object, java.lang.Object, java.lang.Object, java.lang.Object, java.lang.Object, int)'> (0x000000107fb044e8) thrown at [./src/hotspot/share/interpreter/linkResolver.cpp, line 772]
Event: 1.120 Thread 0x0000000089966000 Exception <a 'java/lang/NoSuchMethodError'{0x00000010638f7a98}: 'java.lang.Object java.lang.invoke.DirectMethodHandle$Holder.invokeSpecial(java.lang.Object, java.lang.Object, int, int, int, java.lang.Object, java.lang.Object, java.lang.Object, java.lang.Object)'> (0x00000010638f7a98) thrown at [./src/hotspot/share/interpreter/linkResolver.cpp, line 772]
Event: 1.120 Thread 0x0000000089966000 Exception <a 'java/lang/NoSuchMethodError'{0x00000010638fb250}: 'java.lang.Object java.lang.invoke.DelegatingMethodHandle$Holder.reinvoke_L(java.lang.Object, int, int, int, java.lang.Object, java.lang.Object, java.lang.Object, java.lang.Object)'> (0x00000010638fb250) thrown at [./src/hotspot/share/interpreter/linkResolver.cpp, line 772]
Event: 1.122 Thread 0x0000000089966000 Exception <a 'java/lang/NoSuchMethodError'{0x000000106391d488}: 'java.lang.Object java.lang.invoke.DirectMethodHandle$Holder.invokeStatic(java.lang.Object, java.lang.Object, java.lang.Object, java.lang.Object, java.lang.Object, java.lang.Object, java.lang.Object, int)'> (0x000000106391d488) thrown at [./src/hotspot/share/interpreter/linkResolver.cpp, line 772]
Event: 1.159 Thread 0x0000000089966000 Exception <a 'java/lang/NoSuchMethodError'{0x0000001063a05840}: <clinit>> (0x0000001063a05840) thrown at [./src/hotspot/share/prims/jni.cpp, line 1372]
Event: 1.406 Thread 0x0000000089966000 Exception <a 'java/lang/NoSuchMethodError'{0x0000001063b60ff8}: 'java.lang.Object java.lang.invoke.DirectMethodHandle$Holder.invokeSpecial(java.lang.Object, java.lang.Object, int, int, int, java.lang.Object, java.lang.Object, java.lang.Object, java.lang.Object, int)'> (0x0000001063b60ff8) thrown at [./src/hotspot/share/interpreter/linkResolver.cpp, line 772]
Event: 1.406 Thread 0x0000000089966000 Exception <a 'java/lang/NoSuchMethodError'{0x0000001063b649e8}: 'java.lang.Object java.lang.invoke.DelegatingMethodHandle$Holder.reinvoke_L(java.lang.Object, int, int, int, java.lang.Object, java.lang.Object, java.lang.Object, java.lang.Object, int)'> (0x0000001063b649e8) thrown at [./src/hotspot/share/interpreter/linkResolver.cpp, line 772]
Event: 1.409 Thread 0x0000000089966000 Exception <a 'java/lang/NoSuchMethodError'{0x0000001063bbc578}: 'java.lang.Object java.lang.invoke.DirectMethodHandle$Holder.invokeStatic(java.lang.Object, java.lang.Object, java.lang.Object, java.lang.Object, java.lang.Object, java.lang.Object, java.lang.Object, java.lang.Object, java.lang.Object, java.lang.Object, java.lang.Object, int, int, java.lang.Object, java.lang.Object, java.lang.Object)'> (0x0000001063bbc578) thrown at [./src/hotspot/share/interpreter/linkResolver.cpp, line 772]
Event: 1.409 Thread 0x0000000089966000 Exception <a 'java/lang/NoSuchMethodError'{0x0000001063bc9340}: 'java.lang.Object java.lang.invoke.DirectMethodHandle$Holder.invokeSpecial(java.lang.Object, java.lang.Object, java.lang.Object, java.lang.Object, java.lang.Object, java.lang.Object, int)'> (0x0000001063bc9340) thrown at [./src/hotspot/share/interpreter/linkResolver.cpp, line 772]
Event: 1.409 Thread 0x0000000089966000 Exception <a 'java/lang/NoSuchMethodError'{0x0000001063bcc9d8}: 'java.lang.Object java.lang.invoke.DelegatingMethodHandle$Holder.reinvoke_L(java.lang.Object, java.lang.Object, java.lang.Object, java.lang.Object, java.lang.Object, int)'> (0x0000001063bcc9d8) thrown at [./src/hotspot/share/interpreter/linkResolver.cpp, line 772]
Event: 1.410 Thread 0x0000000089966000 Exception <a 'java/lang/NoSuchMethodError'{0x0000001063bd3308}: 'java.lang.Object java.lang.invoke.Invokers$Holder.linkToTargetMethod(java.lang.Object, java.lang.Object, java.lang.Object, java.lang.Object, int, java.lang.Object)'> (0x0000001063bd3308) thrown at [./src/hotspot/share/interpreter/linkResolver.cpp, line 772]
Event: 1.411 Thread 0x0000000089966000 Exception <a 'java/lang/NoSuchMethodError'{0x000000106342a578}: 'java.lang.Object java.lang.invoke.Invokers$Holder.linkToTargetMethod(java.lang.Object, int, java.lang.Object)'> (0x000000106342a578) thrown at [./src/hotspot/share/interpreter/linkResolver.cpp, line 772]
Event: 1.417 Thread 0x0000000089966000 Exception <a 'java/lang/NoSuchMethodError'{0x00000010635022c8}: 'java.lang.Object java.lang.invoke.DirectMethodHandle$Holder.invokeSpecial(java.lang.Object, java.lang.Object, int, int, java.lang.Object, java.lang.Object, java.lang.Object)'> (0x00000010635022c8) thrown at [./src/hotspot/share/interpreter/linkResolver.cpp, line 772]
Event: 1.418 Thread 0x0000000089966000 Exception <a 'java/lang/NoSuchMethodError'{0x0000001063505858}: 'java.lang.Object java.lang.invoke.DelegatingMethodHandle$Holder.reinvoke_L(java.lang.Object, int, int, java.lang.Object, java.lang.Object, java.lang.Object)'> (0x0000001063505858) thrown at [./src/hotspot/share/interpreter/linkResolver.cpp, line 772]
Event: 1.418 Thread 0x0000000089966000 Exception <a 'java/lang/NoSuchMethodError'{0x0000001063513630}: 'java.lang.Object java.lang.invoke.DirectMethodHandle$Holder.invokeStatic(java.lang.Object, java.lang.Object, java.lang.Object, java.lang.Object, java.lang.Object, java.lang.Object, int)'> (0x0000001063513630) thrown at [./src/hotspot/share/interpreter/linkResolver.cpp, line 772]
Event: 1.419 Thread 0x0000000089966000 Exception <a 'java/lang/NoSuchMethodError'{0x0000001063529dd8}: 'java.lang.Object java.lang.invoke.DirectMethodHandle$Holder.invokeStatic(java.lang.Object, java.lang.Object, java.lang.Object, java.lang.Object, java.lang.Object, java.lang.Object, int, int)'> (0x0000001063529dd8) thrown at [./src/hotspot/share/interpreter/linkResolver.cpp, line 772]
Event: 1.419 Thread 0x0000000089966000 Exception <a 'java/lang/NoSuchMethodError'{0x0000001063541748}: 'java.lang.Object java.lang.invoke.DirectMethodHandle$Holder.invokeStatic(java.lang.Object, java.lang.Object, java.lang.Object, java.lang.Object, java.lang.Object, java.lang.Object, int, int, java.lang.Object)'> (0x0000001063541748) thrown at [./src/hotspot/share/interpreter/linkResolver.cpp, line 772]
Event: 1.420 Thread 0x0000000089966000 Exception <a 'java/lang/NoSuchMethodError'{0x000000106355dd50}: 'java.lang.Object java.lang.invoke.DirectMethodHandle$Holder.invokeStatic(java.lang.Object, java.lang.Object, java.lang.Object, java.lang.Object, java.lang.Object, java.lang.Object, int, int, java.lang.Object, java.lang.Object)'> (0x000000106355dd50) thrown at [./src/hotspot/share/interpreter/linkResolver.cpp, line 772]
Event: 1.421 Thread 0x0000000089966000 Exception <a 'java/lang/NoSuchMethodError'{0x0000001063578df0}: 'java.lang.Object java.lang.invoke.DirectMethodHandle$Holder.invokeStatic(java.lang.Object, java.lang.Object, java.lang.Object, java.lang.Object, java.lang.Object, java.lang.Object, int, int, java.lang.Object, java.lang.Object, java.lang.Object)'> (0x0000001063578df0) thrown at [./src/hotspot/share/interpreter/linkResolver.cpp, line 772]

Events (20 events):
Event: 6.634 Thread 0x00007fa64002b800 Thread added: 0x00007fa64002b800
Event: 6.634 Protecting memory [0x00007fafa49ff000,0x00007fafa4a03000] with protection modes 0
Event: 6.645 Thread 0x00007faef829f800 Thread added: 0x00007faef829f800
Event: 6.645 Protecting memory [0x00007faf574fa000,0x00007faf574fe000] with protection modes 0
Event: 6.646 Thread 0x00007faef82a1800 Thread added: 0x00007faef82a1800
Event: 6.646 Protecting memory [0x00007faf573fa000,0x00007faf573fe000] with protection modes 0
Event: 11.686 Thread 0x00007faef82a1800 Thread exited: 0x00007faef82a1800
Event: 11.686 Thread 0x00007faef829f800 Thread exited: 0x00007faef829f800
Event: 11.687 Thread 0x00007faef826c800 Thread exited: 0x00007faef826c800
Event: 16.686 Thread 0x00007fa64002b800 Thread exited: 0x00007fa64002b800
Event: 16.686 Thread 0x00007faef8256800 Thread exited: 0x00007faef8256800
Event: 16.686 Thread 0x00007faef8255800 Thread exited: 0x00007faef8255800
Event: 21.686 Thread 0x00007fa64002a000 Thread exited: 0x00007fa64002a000
Event: 21.686 Thread 0x00007faf0806e800 Thread exited: 0x00007faf0806e800
Event: 32.245 loading class jdk/internal/misc/Signal$1
Event: 32.245 loading class jdk/internal/misc/Signal$1 done
Event: 32.246 Thread 0x00007faf20001800 Thread added: 0x00007faf20001800
Event: 32.246 Protecting memory [0x00007fb1d2503000,0x00007fb1d2507000] with protection modes 0
Event: 32.246 Thread 0x000000008cdad800 Thread exited: 0x000000008cdad800
Event: 32.246 Executing VM operation: Exit


Dynamic libraries:
00400000-0041f000 r--p 00000000 00:1f8 148237027901                      /mnt/primary/conda-envs/semantic_uncertainty_export/bin/python3.11
0041f000-00652000 r-xp 0001f000 00:1f8 148237027901                      /mnt/primary/conda-envs/semantic_uncertainty_export/bin/python3.11
00652000-00770000 r--p 00252000 00:1f8 148237027901                      /mnt/primary/conda-envs/semantic_uncertainty_export/bin/python3.11
00771000-00772000 r--p 00370000 00:1f8 148237027901                      /mnt/primary/conda-envs/semantic_uncertainty_export/bin/python3.11
00772000-008a2000 rw-p 00371000 00:1f8 148237027901                      /mnt/primary/conda-envs/semantic_uncertainty_export/bin/python3.11
008a2000-008e5000 rw-p 00000000 00:00 0 
0229e000-a528c000 rw-p 00000000 00:00 0                                  [heap]
800000000-800002000 rwxp 00001000 08:04 3232185267                       /usr/lib/jvm/java-11-openjdk-amd64/lib/server/classes.jsa
800002000-8003ce000 rw-p 00003000 08:04 3232185267                       /usr/lib/jvm/java-11-openjdk-amd64/lib/server/classes.jsa
8003ce000-800aa5000 r--p 003cf000 08:04 3232185267                       /usr/lib/jvm/java-11-openjdk-amd64/lib/server/classes.jsa
800aa5000-800aa6000 rw-p 00aa6000 08:04 3232185267                       /usr/lib/jvm/java-11-openjdk-amd64/lib/server/classes.jsa
840000000-840100000 rw-p 00000000 00:00 0 
840100000-880000000 ---p 00000000 00:00 0 
1000000000-1000400000 ---p 00000000 00:00 0 
1000400000-1080400000 rw-p 00000000 00:00 0 
1080400000-177dc00000 ---p 00000000 00:00 0 
177dc00000-177dc48000 rw-p 00b13000 08:04 3232185267                     /usr/lib/jvm/java-11-openjdk-amd64/lib/server/classes.jsa
177dc48000-177e000000 rw-p 00000000 00:00 0 
177e000000-177e06c000 rw-p 00aa7000 08:04 3232185267                     /usr/lib/jvm/java-11-openjdk-amd64/lib/server/classes.jsa
177e06c000-177e400000 rw-p 00000000 00:00 0 
7fa620000000-7fa6200f0000 rw-p 00000000 00:00 0 
7fa6200f0000-7fa624000000 ---p 00000000 00:00 0 
7fa628000000-7fa62821a000 rw-p 00000000 00:00 0 
7fa62821a000-7fa62c000000 ---p 00000000 00:00 0 
7fa630000000-7fa63016f000 rw-p 00000000 00:00 0 
7fa63016f000-7fa634000000 ---p 00000000 00:00 0 
7fa638000000-7fa638191000 rw-p 00000000 00:00 0 
7fa638191000-7fa63c000000 ---p 00000000 00:00 0 
7fa640000000-7fa64007e000 rw-p 00000000 00:00 0 
7fa64007e000-7fa644000000 ---p 00000000 00:00 0 
7fa648000000-7fa64808b000 rw-p 00000000 00:00 0 
7fa64808b000-7fa64c000000 ---p 00000000 00:00 0 
7fa64d038000-7faca0000000 r--s 00000000 00:1f8 63912970756               /mnt/indices/msmarco-passage.tct-hnp.flex/vecs.f4
7faca0000000-7faca0418000 rw-p 00000000 00:00 0 
7faca0418000-7faca4000000 ---p 00000000 00:00 0 
7faca8000000-7faca841c000 rw-p 00000000 00:00 0 
7faca841c000-7facac000000 ---p 00000000 00:00 0 
7facb0000000-7facb041c000 rw-p 00000000 00:00 0 
7facb041c000-7facb4000000 ---p 00000000 00:00 0 
7facb8000000-7facb841c000 rw-p 00000000 00:00 0 
7facb841c000-7facbc000000 ---p 00000000 00:00 0 
7facc0000000-7facc041c000 rw-p 00000000 00:00 0 
7facc041c000-7facc4000000 ---p 00000000 00:00 0 
7facc8000000-7facc841c000 rw-p 00000000 00:00 0 
7facc841c000-7faccc000000 ---p 00000000 00:00 0 
7facd0000000-7facd041c000 rw-p 00000000 00:00 0 
7facd041c000-7facd4000000 ---p 00000000 00:00 0 
7facd8000000-7facd841c000 rw-p 00000000 00:00 0 
7facd841c000-7facdc000000 ---p 00000000 00:00 0 
7face0000000-7face041c000 rw-p 00000000 00:00 0 
7face041c000-7face4000000 ---p 00000000 00:00 0 
7face8000000-7face841c000 rw-p 00000000 00:00 0 
7face841c000-7facec000000 ---p 00000000 00:00 0 
7facf0000000-7facf041c000 rw-p 00000000 00:00 0 
7facf041c000-7facf4000000 ---p 00000000 00:00 0 
7facf8000000-7facf841c000 rw-p 00000000 00:00 0 
7facf841c000-7facfc000000 ---p 00000000 00:00 0 
7fad00000000-7fad0041c000 rw-p 00000000 00:00 0 
7fad0041c000-7fad04000000 ---p 00000000 00:00 0 
7fad08000000-7fad0841c000 rw-p 00000000 00:00 0 
7fad0841c000-7fad0c000000 ---p 00000000 00:00 0 
7fad10000000-7fad1041c000 rw-p 00000000 00:00 0 
7fad1041c000-7fad14000000 ---p 00000000 00:00 0 
7fad18000000-7fad18021000 rw-p 00000000 00:00 0 
7fad18021000-7fad1c000000 ---p 00000000 00:00 0 
7fad20000000-7fad20021000 rw-p 00000000 00:00 0 
7fad20021000-7fad24000000 ---p 00000000 00:00 0 
7fad28000000-7fad28021000 rw-p 00000000 00:00 0 
7fad28021000-7fad2c000000 ---p 00000000 00:00 0 
7fad30000000-7fad30021000 rw-p 00000000 00:00 0 
7fad30021000-7fad34000000 ---p 00000000 00:00 0 
7fad38000000-7fad38021000 rw-p 00000000 00:00 0 
7fad38021000-7fad3c000000 ---p 00000000 00:00 0 
7fad40000000-7fad40021000 rw-p 00000000 00:00 0 
7fad40021000-7fad44000000 ---p 00000000 00:00 0 
7fad48000000-7fad48021000 rw-p 00000000 00:00 0 
7fad48021000-7fad4c000000 ---p 00000000 00:00 0 
7fad50000000-7fad50021000 rw-p 00000000 00:00 0 
7fad50021000-7fad54000000 ---p 00000000 00:00 0 
7fad58000000-7fad58021000 rw-p 00000000 00:00 0 
7fad58021000-7fad5c000000 ---p 00000000 00:00 0 
7fad60000000-7fad60021000 rw-p 00000000 00:00 0 
7fad60021000-7fad64000000 ---p 00000000 00:00 0 
7fad68000000-7fad68021000 rw-p 00000000 00:00 0 
7fad68021000-7fad6c000000 ---p 00000000 00:00 0 
7fad70000000-7fad70021000 rw-p 00000000 00:00 0 
7fad70021000-7fad74000000 ---p 00000000 00:00 0 
7fad78000000-7fad78021000 rw-p 00000000 00:00 0 
7fad78021000-7fad7c000000 ---p 00000000 00:00 0 
7fad80000000-7fad80021000 rw-p 00000000 00:00 0 
7fad80021000-7fad84000000 ---p 00000000 00:00 0 
7fad88000000-7fad88021000 rw-p 00000000 00:00 0 
7fad88021000-7fad8c000000 ---p 00000000 00:00 0 
7fad90000000-7fad90021000 rw-p 00000000 00:00 0 
7fad90021000-7fad94000000 ---p 00000000 00:00 0 
7fad98000000-7fad98021000 rw-p 00000000 00:00 0 
7fad98021000-7fad9c000000 ---p 00000000 00:00 0 
7fada0000000-7fada0021000 rw-p 00000000 00:00 0 
7fada0021000-7fada4000000 ---p 00000000 00:00 0 
7fada8000000-7fada8021000 rw-p 00000000 00:00 0 
7fada8021000-7fadac000000 ---p 00000000 00:00 0 
7fadb0000000-7fadb0021000 rw-p 00000000 00:00 0 
7fadb0021000-7fadb4000000 ---p 00000000 00:00 0 
7fadb8000000-7fadb8021000 rw-p 00000000 00:00 0 
7fadb8021000-7fadbc000000 ---p 00000000 00:00 0 
7fadc0000000-7fadc0021000 rw-p 00000000 00:00 0 
7fadc0021000-7fadc4000000 ---p 00000000 00:00 0 
7fadc8000000-7fadc8021000 rw-p 00000000 00:00 0 
7fadc8021000-7fadcc000000 ---p 00000000 00:00 0 
7fadd0000000-7fadd0021000 rw-p 00000000 00:00 0 
7fadd0021000-7fadd4000000 ---p 00000000 00:00 0 
7fadd8000000-7fadd8021000 rw-p 00000000 00:00 0 
7fadd8021000-7faddc000000 ---p 00000000 00:00 0 
7fade0000000-7fade0021000 rw-p 00000000 00:00 0 
7fade0021000-7fade4000000 ---p 00000000 00:00 0 
7fade8000000-7fade8021000 rw-p 00000000 00:00 0 
7fade8021000-7fadec000000 ---p 00000000 00:00 0 
7fadf0000000-7fadf0021000 rw-p 00000000 00:00 0 
7fadf0021000-7fadf4000000 ---p 00000000 00:00 0 
7fadf5be4000-7fae10000000 rw-p 00000000 00:1f3 71014558886               /mnt/llm/huggingface-cache/hub/models--castorini--tct_colbert-msmarco/blobs/938c6367f910ac55073b58413577da148f5f1104e247379e4241917282ad15a0
7fae10000000-7fae10021000 rw-p 00000000 00:00 0 
7fae10021000-7fae14000000 ---p 00000000 00:00 0 
7fae18000000-7fae18021000 rw-p 00000000 00:00 0 
7fae18021000-7fae1c000000 ---p 00000000 00:00 0 
7fae20000000-7fae20021000 rw-p 00000000 00:00 0 
7fae20021000-7fae24000000 ---p 00000000 00:00 0 
7fae28000000-7fae28021000 rw-p 00000000 00:00 0 
7fae28021000-7fae2c000000 ---p 00000000 00:00 0 
7fae30000000-7fae30021000 rw-p 00000000 00:00 0 
7fae30021000-7fae34000000 ---p 00000000 00:00 0 
7fae38000000-7fae38021000 rw-p 00000000 00:00 0 
7fae38021000-7fae3c000000 ---p 00000000 00:00 0 
7fae40000000-7fae40021000 rw-p 00000000 00:00 0 
7fae40021000-7fae44000000 ---p 00000000 00:00 0 
7fae48000000-7fae48021000 rw-p 00000000 00:00 0 
7fae48021000-7fae4c000000 ---p 00000000 00:00 0 
7fae50000000-7fae50021000 rw-p 00000000 00:00 0 
7fae50021000-7fae54000000 ---p 00000000 00:00 0 
7fae58000000-7fae58021000 rw-p 00000000 00:00 0 
7fae58021000-7fae5c000000 ---p 00000000 00:00 0 
7fae60000000-7fae60021000 rw-p 00000000 00:00 0 
7fae60021000-7fae64000000 ---p 00000000 00:00 0 
7fae68000000-7fae68021000 rw-p 00000000 00:00 0 
7fae68021000-7fae6c000000 ---p 00000000 00:00 0 
7fae70000000-7fae70021000 rw-p 00000000 00:00 0 
7fae70021000-7fae74000000 ---p 00000000 00:00 0 
7fae78000000-7fae78021000 rw-p 00000000 00:00 0 
7fae78021000-7fae7c000000 ---p 00000000 00:00 0 
7fae80000000-7fae80021000 rw-p 00000000 00:00 0 
7fae80021000-7fae84000000 ---p 00000000 00:00 0 
7fae88000000-7fae88021000 rw-p 00000000 00:00 0 
7fae88021000-7fae8c000000 ---p 00000000 00:00 0 
7fae90000000-7fae90021000 rw-p 00000000 00:00 0 
7fae90021000-7fae94000000 ---p 00000000 00:00 0 
7fae98000000-7fae98021000 rw-p 00000000 00:00 0 
7fae98021000-7fae9c000000 ---p 00000000 00:00 0 
7faea0000000-7faea0021000 rw-p 00000000 00:00 0 
7faea0021000-7faea4000000 ---p 00000000 00:00 0 
7faea8000000-7faea8021000 rw-p 00000000 00:00 0 
7faea8021000-7faeac000000 ---p 00000000 00:00 0 
7faeb0000000-7faeb0021000 rw-p 00000000 00:00 0 
7faeb0021000-7faeb4000000 ---p 00000000 00:00 0 
7faeb8000000-7faeb8021000 rw-p 00000000 00:00 0 
7faeb8021000-7faebc000000 ---p 00000000 00:00 0 
7faec0000000-7faec012f000 rw-p 00000000 00:00 0 
7faec012f000-7faec4000000 ---p 00000000 00:00 0 
7faec8000000-7faec810a000 rw-p 00000000 00:00 0 
7faec810a000-7faecc000000 ---p 00000000 00:00 0 
7faed0000000-7faed0021000 rw-p 00000000 00:00 0 
7faed0021000-7faed4000000 ---p 00000000 00:00 0 
7faed8000000-7faed856d000 rw-p 00000000 00:00 0 
7faed856d000-7faedc000000 ---p 00000000 00:00 0 
7faee0000000-7faee0948000 rw-p 00000000 00:00 0 
7faee0948000-7faee4000000 ---p 00000000 00:00 0 
7faee8000000-7faee8021000 rw-p 00000000 00:00 0 
7faee8021000-7faeec000000 ---p 00000000 00:00 0 
7faef0000000-7faef0021000 rw-p 00000000 00:00 0 
7faef0021000-7faef4000000 ---p 00000000 00:00 0 
7faef8000000-7faef82b4000 rw-p 00000000 00:00 0 
7faef82b4000-7faefc000000 ---p 00000000 00:00 0 
7faf00000000-7faf00021000 rw-p 00000000 00:00 0 
7faf00021000-7faf04000000 ---p 00000000 00:00 0 
7faf08000000-7faf082a3000 rw-p 00000000 00:00 0 
7faf082a3000-7faf0c000000 ---p 00000000 00:00 0 
7faf10000000-7faf107b2000 rw-p 00000000 00:00 0 
7faf107b2000-7faf14000000 ---p 00000000 00:00 0 
7faf18000000-7faf18021000 rw-p 00000000 00:00 0 
7faf18021000-7faf1c000000 ---p 00000000 00:00 0 
7faf20000000-7faf20021000 rw-p 00000000 00:00 0 
7faf20021000-7faf24000000 ---p 00000000 00:00 0 
7faf28000000-7faf28021000 rw-p 00000000 00:00 0 
7faf28021000-7faf2c000000 ---p 00000000 00:00 0 
7faf30000000-7faf30021000 rw-p 00000000 00:00 0 
7faf30021000-7faf34000000 ---p 00000000 00:00 0 
7faf34400000-7faf34401000 ---p 00000000 00:00 0 
7faf34401000-7faf34c02000 rw-p 00000000 00:00 0 
7faf34e00000-7faf34e01000 ---p 00000000 00:00 0 
7faf34e01000-7faf35602000 rw-p 00000000 00:00 0 
7faf35800000-7faf35801000 ---p 00000000 00:00 0 
7faf35801000-7faf36002000 rw-p 00000000 00:00 0 
7faf36200000-7faf36201000 ---p 00000000 00:00 0 
7faf36201000-7faf36a02000 rw-p 00000000 00:00 0 
7faf36c00000-7faf36c01000 ---p 00000000 00:00 0 
7faf36c01000-7faf37402000 rw-p 00000000 00:00 0 
7faf37600000-7faf37601000 ---p 00000000 00:00 0 
7faf37601000-7faf37e02000 rw-p 00000000 00:00 0 
7faf38000000-7faf38029000 rw-p 00000000 00:00 0 
7faf38029000-7faf3c000000 ---p 00000000 00:00 0 
7faf3c400000-7faf3c401000 ---p 00000000 00:00 0 
7faf3c401000-7faf3cc02000 rw-p 00000000 00:00 0 
7faf3ce00000-7faf3ce01000 ---p 00000000 00:00 0 
7faf3ce01000-7faf3d602000 rw-p 00000000 00:00 0 
7faf3d800000-7faf3d801000 ---p 00000000 00:00 0 
7faf3d801000-7faf3e002000 rw-p 00000000 00:00 0 
7faf3e200000-7faf3e201000 ---p 00000000 00:00 0 
7faf3e201000-7faf3ea02000 rw-p 00000000 00:00 0 
7faf3ec00000-7faf3ec01000 ---p 00000000 00:00 0 
7faf3ec01000-7faf3f402000 rw-p 00000000 00:00 0 
7faf3f600000-7faf3f601000 ---p 00000000 00:00 0 
7faf3f601000-7faf3fe02000 rw-p 00000000 00:00 0 
7faf40000000-7faf40021000 rw-p 00000000 00:00 0 
7faf40021000-7faf44000000 ---p 00000000 00:00 0 
7faf44600000-7faf44601000 ---p 00000000 00:00 0 
7faf44601000-7faf44e02000 rw-p 00000000 00:00 0 
7faf45000000-7faf45001000 ---p 00000000 00:00 0 
7faf45001000-7faf45802000 rw-p 00000000 00:00 0 
7faf45a00000-7faf45a01000 ---p 00000000 00:00 0 
7faf45a01000-7faf46202000 rw-p 00000000 00:00 0 
7faf46400000-7faf46401000 ---p 00000000 00:00 0 
7faf46401000-7faf46601000 rw-p 00000000 00:00 0 
7faf46800000-7faf46801000 ---p 00000000 00:00 0 
7faf46801000-7faf46a01000 rw-p 00000000 00:00 0 
7faf46c00000-7faf46c01000 ---p 00000000 00:00 0 
7faf46c01000-7faf46e01000 rw-p 00000000 00:00 0 
7faf47000000-7faf47001000 ---p 00000000 00:00 0 
7faf47001000-7faf47201000 rw-p 00000000 00:00 0 
7faf47400000-7faf47401000 ---p 00000000 00:00 0 
7faf47401000-7faf47601000 rw-p 00000000 00:00 0 
7faf47800000-7faf47801000 ---p 00000000 00:00 0 
7faf47801000-7faf47a01000 rw-p 00000000 00:00 0 
7faf47c00000-7faf47c01000 ---p 00000000 00:00 0 
7faf47c01000-7faf47e01000 rw-p 00000000 00:00 0 
7faf48000000-7faf48021000 rw-p 00000000 00:00 0 
7faf48021000-7faf4c000000 ---p 00000000 00:00 0 
7faf4c400000-7faf4c401000 ---p 00000000 00:00 0 
7faf4c401000-7faf4c601000 rw-p 00000000 00:00 0 
7faf4c800000-7faf4c801000 ---p 00000000 00:00 0 
7faf4c801000-7faf4ca01000 rw-p 00000000 00:00 0 
7faf4cc00000-7faf4cc01000 ---p 00000000 00:00 0 
7faf4cc01000-7faf4ce01000 rw-p 00000000 00:00 0 
7faf4d000000-7faf4d001000 ---p 00000000 00:00 0 
7faf4d001000-7faf4d201000 rw-p 00000000 00:00 0 
7faf4d400000-7faf4d401000 ---p 00000000 00:00 0 
7faf4d401000-7faf4d601000 rw-p 00000000 00:00 0 
7faf4d800000-7faf4d801000 ---p 00000000 00:00 0 
7faf4d801000-7faf4da01000 rw-p 00000000 00:00 0 
7faf4dc00000-7faf4dc01000 ---p 00000000 00:00 0 
7faf4dc01000-7faf4de01000 rw-p 00000000 00:00 0 
7faf4e000000-7faf4e001000 ---p 00000000 00:00 0 
7faf4e001000-7faf4e201000 rw-p 00000000 00:00 0 
7faf4e400000-7faf4e401000 ---p 00000000 00:00 0 
7faf4e401000-7faf4e601000 rw-p 00000000 00:00 0 
7faf4e800000-7faf4e801000 ---p 00000000 00:00 0 
7faf4e801000-7faf4ea01000 rw-p 00000000 00:00 0 
7faf4ec00000-7faf4ec01000 ---p 00000000 00:00 0 
7faf4ec01000-7faf4ee01000 rw-p 00000000 00:00 0 
7faf4f000000-7faf4f001000 ---p 00000000 00:00 0 
7faf4f001000-7faf4f201000 rw-p 00000000 00:00 0 
7faf4f400000-7faf4f401000 ---p 00000000 00:00 0 
7faf4f401000-7faf4f601000 rw-p 00000000 00:00 0 
7faf4f800000-7faf4f801000 ---p 00000000 00:00 0 
7faf4f801000-7faf4fa01000 rw-p 00000000 00:00 0 
7faf4fc00000-7faf4fc01000 ---p 00000000 00:00 0 
7faf4fc01000-7faf4fe01000 rw-p 00000000 00:00 0 
7faf50000000-7faf50021000 rw-p 00000000 00:00 0 
7faf50021000-7faf54000000 ---p 00000000 00:00 0 
7faf54200000-7faf54201000 ---p 00000000 00:00 0 
7faf54201000-7faf54401000 rw-p 00000000 00:00 0 
7faf54600000-7faf54601000 ---p 00000000 00:00 0 
7faf54601000-7faf54801000 rw-p 00000000 00:00 0 
7faf54a00000-7faf54a01000 ---p 00000000 00:00 0 
7faf54a01000-7faf54c01000 rw-p 00000000 00:00 0 
7faf54e00000-7faf54e01000 ---p 00000000 00:00 0 
7faf54e01000-7faf55001000 rw-p 00000000 00:00 0 
7faf55200000-7faf55201000 ---p 00000000 00:00 0 
7faf55201000-7faf55401000 rw-p 00000000 00:00 0 
7faf55600000-7faf55601000 ---p 00000000 00:00 0 
7faf55601000-7faf55801000 rw-p 00000000 00:00 0 
7faf55900000-7faf55a00000 rw-p 00000000 00:00 0 
7faf55a00000-7faf55a01000 ---p 00000000 00:00 0 
7faf55a01000-7faf55c01000 rw-p 00000000 00:00 0 
7faf55d00000-7faf55e00000 rw-p 00000000 00:00 0 
7faf55e00000-7faf55e01000 ---p 00000000 00:00 0 
7faf55e01000-7faf56001000 rw-p 00000000 00:00 0 
7faf56200000-7faf56201000 ---p 00000000 00:00 0 
7faf56201000-7faf56401000 rw-p 00000000 00:00 0 
7faf56500000-7faf56600000 rw-p 00000000 00:00 0 
7faf56600000-7faf56601000 ---p 00000000 00:00 0 
7faf56601000-7faf56801000 rw-p 00000000 00:00 0 
7faf56900000-7faf56a00000 rw-p 00000000 00:00 0 
7faf572fa000-7faf573fa000 rw-p 00000000 00:00 0 
7faf575fa000-7faf579fa000 rw-p 00000000 00:00 0 
7faf579fa000-7faf579fb000 ---p 00000000 00:00 0 
7faf579fb000-7faf57afb000 rw-p 00000000 00:00 0 
7faf57afb000-7faf57afc000 ---p 00000000 00:00 0 
7faf57afc000-7faf57bfc000 rw-p 00000000 00:00 0 
7faf57bfc000-7faf57bfd000 ---p 00000000 00:00 0 
7faf57bfd000-7faf57cfd000 rw-p 00000000 00:00 0 
7faf57cfd000-7faf57cfe000 ---p 00000000 00:00 0 
7faf57cfe000-7faf57dfe000 rw-p 00000000 00:00 0 
7faf57dfe000-7faf57dff000 ---p 00000000 00:00 0 
7faf57dff000-7faf57eff000 rw-p 00000000 00:00 0 
7faf57eff000-7faf57f00000 ---p 00000000 00:00 0 
7faf57f00000-7faf58000000 rw-p 00000000 00:00 0 
7faf58000000-7faf58021000 rw-p 00000000 00:00 0 
7faf58021000-7faf5c000000 ---p 00000000 00:00 0 
7faf5c0f9000-7faf5c0fa000 ---p 00000000 00:00 0 
7faf5c0fa000-7faf5c1fa000 rw-p 00000000 00:00 0 
7faf5c1fa000-7faf5c1fb000 ---p 00000000 00:00 0 
7faf5c1fb000-7faf5c2fb000 rw-p 00000000 00:00 0 
7faf5c2fb000-7faf5c2fc000 ---p 00000000 00:00 0 
7faf5c2fc000-7faf5c3fc000 rw-p 00000000 00:00 0 
7faf5c3fc000-7faf5c3fd000 ---p 00000000 00:00 0 
7faf5c3fd000-7faf5c4fd000 rw-p 00000000 00:00 0 
7faf5c4fd000-7faf5c4fe000 ---p 00000000 00:00 0 
7faf5c4fe000-7faf5c5fe000 rw-p 00000000 00:00 0 
7faf5c5fe000-7faf5c5ff000 ---p 00000000 00:00 0 
7faf5c5ff000-7faf5c6ff000 rw-p 00000000 00:00 0 
7faf5c6ff000-7faf5c700000 ---p 00000000 00:00 0 
7faf5c700000-7faf5e800000 rw-p 00000000 00:00 0 
7faf5e800000-7faf7a760000 ---p 00000000 00:00 0 
7faf7a760000-7faf7a780000 rw-p 00000000 00:00 0 
7faf7a800000-7faf7c800000 rw-p 00000000 00:00 0 
7faf7c800000-7faf98760000 ---p 00000000 00:00 0 
7faf98760000-7faf98780000 rw-p 00000000 00:00 0 
7faf98800000-7faf98c00000 rw-p 00000000 00:00 0 
7faf98c00000-7faf9c3ec000 ---p 00000000 00:00 0 
7faf9c3ec000-7faf9c3f0000 rw-p 00000000 00:00 0 
7faf9c400000-7faf9c800000 rw-p 00000000 00:00 0 
7faf9c800000-7faf9ffec000 ---p 00000000 00:00 0 
7faf9ffec000-7faf9fff0000 rw-p 00000000 00:00 0 
7fafa0000000-7fafa0021000 rw-p 00000000 00:00 0 
7fafa0021000-7fafa4000000 ---p 00000000 00:00 0 
7fafa40f6000-7fafa40f7000 ---p 00000000 00:00 0 
7fafa40f7000-7fafa41f7000 rw-p 00000000 00:00 0 
7fafa41f7000-7fafa41f8000 ---p 00000000 00:00 0 
7fafa41f8000-7fafa42f8000 rw-p 00000000 00:00 0 
7fafa42f8000-7fafa42f9000 ---p 00000000 00:00 0 
7fafa42f9000-7fafa43f9000 rw-p 00000000 00:00 0 
7fafa43f9000-7fafa43fa000 ---p 00000000 00:00 0 
7fafa43fa000-7fafa44fa000 rw-p 00000000 00:00 0 
7fafa44fa000-7fafa44fb000 ---p 00000000 00:00 0 
7fafa44fb000-7fafa45fb000 rw-p 00000000 00:00 0 
7fafa45fb000-7fafa45fc000 ---p 00000000 00:00 0 
7fafa45fc000-7fafa46fc000 rw-p 00000000 00:00 0 
7fafa46fc000-7fafa46fd000 ---p 00000000 00:00 0 
7fafa46fd000-7fafa47fd000 rw-p 00000000 00:00 0 
7fafa47fd000-7fafa47fe000 ---p 00000000 00:00 0 
7fafa47fe000-7fafa48fe000 rw-p 00000000 00:00 0 
7fafa48fe000-7fafa48ff000 ---p 00000000 00:00 0 
7fafa48ff000-7fafa49ff000 rw-p 00000000 00:00 0 
7fafa4eff000-7fafa4f03000 ---p 00000000 00:00 0 
7fafa4f03000-7fafa4fff000 rw-p 00000000 00:00 0 
7fafa4fff000-7fafa5000000 ---p 00000000 00:00 0 
7fafa5000000-7fafa5100000 rw-p 00000000 00:00 0 
7fafa5200000-7fafa7200000 rw-p 00000000 00:00 0 
7fafa7200000-7fafa7204000 ---p 00000000 00:00 0 
7fafa7204000-7fafa7300000 rw-p 00000000 00:00 0 
7fafa7300000-7fafa7304000 ---p 00000000 00:00 0 
7fafa7304000-7fafa7400000 rw-p 00000000 00:00 0 
7fafa7400000-7fafa7780000 rwxp 00000000 00:00 0 
7fafa7780000-7fafa7bce000 ---p 00000000 00:00 0 
7fafa7bce000-7fafa7ede000 rwxp 00000000 00:00 0 
7fafa7ede000-7fafaefe7000 ---p 00000000 00:00 0 
7fafaefe7000-7fafaf257000 rwxp 00000000 00:00 0 
7fafaf257000-7fafb6400000 ---p 00000000 00:00 0 
7fafb6400000-7fafb6404000 ---p 00000000 00:00 0 
7fafb6404000-7fafb6800000 rw-p 00000000 00:00 0 
7fafb68ff000-7fafb6903000 ---p 00000000 00:00 0 
7fafb6903000-7fafb69ff000 rw-p 00000000 00:00 0 
7fafb69ff000-7fafb6a03000 ---p 00000000 00:00 0 
7fafb6a03000-7fafb6aff000 rw-p 00000000 00:00 0 
7fafb6aff000-7fafb6b03000 ---p 00000000 00:00 0 
7fafb6b03000-7fafb6bff000 rw-p 00000000 00:00 0 
7fafb6bff000-7fafb6c03000 ---p 00000000 00:00 0 
7fafb6c03000-7fafb6cff000 rw-p 00000000 00:00 0 
7fafb6cff000-7fafb6d00000 ---p 00000000 00:00 0 
7fafb6d00000-7fafb7480000 rw-p 00000000 00:00 0 
7fafb7480000-7fafb7600000 ---p 00000000 00:00 0 
7fafb76fd000-7fafb76fe000 ---p 00000000 00:00 0 
7fafb76fe000-7fafb77fe000 rw-p 00000000 00:00 0 
7fafb77fe000-7fafb77ff000 ---p 00000000 00:00 0 
7fafb77ff000-7fafb78ff000 rw-p 00000000 00:00 0 
7fafb78ff000-7fafb7900000 ---p 00000000 00:00 0 
7fafb7900000-7fafb7ebe000 rw-p 00000000 00:00 0 
7fafb7eff000-7fafb7f00000 ---p 00000000 00:00 0 
7fafb7f00000-7fafb8400000 rw-p 00000000 00:00 0 
7fafb8400000-7fafbbbec000 ---p 00000000 00:00 0 
7fafbbbec000-7fafbbbf0000 rw-p 00000000 00:00 0 
7fafbbbfb000-7fafbbbfc000 ---p 00000000 00:00 0 
7fafbbbfc000-7fafbbcfc000 rw-p 00000000 00:00 0 
7fafbbcfc000-7fafc452d000 r--s 00000000 08:04 3232185262                 /usr/lib/jvm/java-11-openjdk-amd64/lib/modules
7fafc452d000-7fafc47b0000 r--p 00000000 08:04 3232185269                 /usr/lib/jvm/java-11-openjdk-amd64/lib/server/libjvm.so
7fafc47b0000-7fafc544e000 r-xp 00283000 08:04 3232185269                 /usr/lib/jvm/java-11-openjdk-amd64/lib/server/libjvm.so
7fafc544e000-7fafc56aa000 r--p 00f21000 08:04 3232185269                 /usr/lib/jvm/java-11-openjdk-amd64/lib/server/libjvm.so
7fafc56aa000-7fafc576e000 r--p 0117c000 08:04 3232185269                 /usr/lib/jvm/java-11-openjdk-amd64/lib/server/libjvm.so
7fafc576e000-7fafc57a9000 rw-p 01240000 08:04 3232185269                 /usr/lib/jvm/java-11-openjdk-amd64/lib/server/libjvm.so
7fafc57a9000-7fafff8ab000 rw-p 00000000 00:00 0 
7fafff900000-7fb014600000 rw-p 00000000 00:00 0 
7fb014600000-7fb031c00000 rw-p 00000000 00:00 0 
7fb031c00000-7fb043a00000 rw-p 00000000 00:00 0 
7fb043a00000-7fb052600000 rw-p 00000000 00:00 0 
7fb052600000-7fb05b400000 rw-p 00000000 00:00 0 
7fb05b400000-7fb062c00000 rw-p 00000000 00:00 0 
7fb062c00000-7fb067200000 rw-p 00000000 00:00 0 
7fb067200000-7fb06ae00000 rw-p 00000000 00:00 0 
7fb06ae00000-7fb06d200000 rw-p 00000000 00:00 0 
7fb06d200000-7fb06f000000 rw-p 00000000 00:00 0 
7fb06f000000-7fb070200000 rw-p 00000000 00:00 0 
7fb070200000-7fb071200000 rw-p 00000000 00:00 0 
7fb071200000-7fb071e00000 rw-p 00000000 00:00 0 
7fb071e00000-7fb072600000 rw-p 00000000 00:00 0 
7fb072600000-7fb072b60000 r-xp 00000000 00:1f8 70897316877               /mnt/primary/conda-envs/semantic_uncertainty_export/lib/libnvjpeg.so.11.9.0.86
7fb072b60000-7fb072d60000 ---p 00560000 00:1f8 70897316877               /mnt/primary/conda-envs/semantic_uncertainty_export/lib/libnvjpeg.so.11.9.0.86
7fb072d60000-7fb072d6c000 r--p 00560000 00:1f8 70897316877               /mnt/primary/conda-envs/semantic_uncertainty_export/lib/libnvjpeg.so.11.9.0.86
7fb072d6c000-7fb072d6d000 rw-p 0056c000 00:1f8 70897316877               /mnt/primary/conda-envs/semantic_uncertainty_export/lib/libnvjpeg.so.11.9.0.86
7fb072d6d000-7fb072d72000 rw-p 00000000 00:00 0 
7fb072d72000-7fb072d74000 rw-p 0056e000 00:1f8 70897316877               /mnt/primary/conda-envs/semantic_uncertainty_export/lib/libnvjpeg.so.11.9.0.86
7fb072e24000-7fb073024000 rw-p 00000000 00:00 0 
7fb073024000-7fb073085000 r--p 00000000 00:1f8 148237027876              /mnt/primary/conda-envs/semantic_uncertainty_export/lib/libavcodec.so.58.91.100
7fb073085000-7fb0739eb000 r-xp 00061000 00:1f8 148237027876              /mnt/primary/conda-envs/semantic_uncertainty_export/lib/libavcodec.so.58.91.100
7fb0739eb000-7fb073ec7000 r--p 009c7000 00:1f8 148237027876              /mnt/primary/conda-envs/semantic_uncertainty_export/lib/libavcodec.so.58.91.100
7fb073ec7000-7fb073eff000 r--p 00ea2000 00:1f8 148237027876              /mnt/primary/conda-envs/semantic_uncertainty_export/lib/libavcodec.so.58.91.100
7fb073eff000-7fb073f29000 rw-p 00eda000 00:1f8 148237027876              /mnt/primary/conda-envs/semantic_uncertainty_export/lib/libavcodec.so.58.91.100
7fb073f29000-7fb07450b000 rw-p 00000000 00:00 0 
7fb07450b000-7fb07456d000 r--p 00000000 00:1f8 148282762794              /mnt/primary/conda-envs/semantic_uncertainty_export/lib/python3.11/site-packages/torchvision/_C.so
7fb07456d000-7fb074651000 r-xp 00062000 00:1f8 148282762794              /mnt/primary/conda-envs/semantic_uncertainty_export/lib/python3.11/site-packages/torchvision/_C.so
7fb074651000-7fb074b3b000 r--p 00146000 00:1f8 148282762794              /mnt/primary/conda-envs/semantic_uncertainty_export/lib/python3.11/site-packages/torchvision/_C.so
7fb074b3b000-7fb074b3e000 r--p 0062f000 00:1f8 148282762794              /mnt/primary/conda-envs/semantic_uncertainty_export/lib/python3.11/site-packages/torchvision/_C.so
7fb074b3e000-7fb074b42000 rw-p 00632000 00:1f8 148282762794              /mnt/primary/conda-envs/semantic_uncertainty_export/lib/python3.11/site-packages/torchvision/_C.so
7fb074b42000-7fb074b44000 rw-p 00000000 00:00 0 
7fb074b44000-7fb074bdc000 r--p 00000000 00:1f8 129271016470              /mnt/primary/conda-envs/semantic_uncertainty_export/lib/python3.11/site-packages/tokenizers/tokenizers.abi3.so
7fb074bdc000-7fb074fd5000 r-xp 00098000 00:1f8 129271016470              /mnt/primary/conda-envs/semantic_uncertainty_export/lib/python3.11/site-packages/tokenizers/tokenizers.abi3.so
7fb074fd5000-7fb075177000 r--p 00491000 00:1f8 129271016470              /mnt/primary/conda-envs/semantic_uncertainty_export/lib/python3.11/site-packages/tokenizers/tokenizers.abi3.so
7fb075177000-7fb075178000 ---p 00633000 00:1f8 129271016470              /mnt/primary/conda-envs/semantic_uncertainty_export/lib/python3.11/site-packages/tokenizers/tokenizers.abi3.so
7fb075178000-7fb0751f8000 r--p 00633000 00:1f8 129271016470              /mnt/primary/conda-envs/semantic_uncertainty_export/lib/python3.11/site-packages/tokenizers/tokenizers.abi3.so
7fb0751f8000-7fb0751ff000 rw-p 006b3000 00:1f8 129271016470              /mnt/primary/conda-envs/semantic_uncertainty_export/lib/python3.11/site-packages/tokenizers/tokenizers.abi3.so
7fb0751ff000-7fb075200000 rw-p 00000000 00:00 0 
7fb075200000-7fb075217000 r-xp 00000000 00:1f8 70925084694               /mnt/primary/conda-envs/semantic_uncertainty_export/lib/libmpc.so.3.1.0
7fb075217000-7fb075417000 ---p 00017000 00:1f8 70925084694               /mnt/primary/conda-envs/semantic_uncertainty_export/lib/libmpc.so.3.1.0
7fb075417000-7fb075418000 r--p 00017000 00:1f8 70925084694               /mnt/primary/conda-envs/semantic_uncertainty_export/lib/libmpc.so.3.1.0
7fb075418000-7fb075419000 rw-p 00018000 00:1f8 70925084694               /mnt/primary/conda-envs/semantic_uncertainty_export/lib/libmpc.so.3.1.0
7fb075500000-7fb075800000 rw-p 00000000 00:00 0 
7fb075800000-7fb07845a000 r-xp 00000000 00:1f8 70897288732               /mnt/primary/conda-envs/semantic_uncertainty_export/lib/libnvrtc.so.11.8.89
7fb07845a000-7fb078659000 ---p 02c5a000 00:1f8 70897288732               /mnt/primary/conda-envs/semantic_uncertainty_export/lib/libnvrtc.so.11.8.89
7fb078659000-7fb078d1c000 r--p 02c59000 00:1f8 70897288732               /mnt/primary/conda-envs/semantic_uncertainty_export/lib/libnvrtc.so.11.8.89
7fb078d1c000-7fb078de4000 rw-p 0331c000 00:1f8 70897288732               /mnt/primary/conda-envs/semantic_uncertainty_export/lib/libnvrtc.so.11.8.89
7fb078de4000-7fb078ee4000 rw-p 00000000 00:00 0 
7fb078ee4000-7fb078ee6000 rw-p 033e4000 00:1f8 70897288732               /mnt/primary/conda-envs/semantic_uncertainty_export/lib/libnvrtc.so.11.8.89
7fb078f24000-7fb079224000 rw-p 00000000 00:00 0 
7fb079224000-7fb07931d000 r--p 00000000 00:1f8 81779481643               /mnt/primary/conda-envs/semantic_uncertainty_export/lib/python3.11/site-packages/torch/lib/libnvfuser_codegen.so
7fb07931d000-7fb079697000 r-xp 000f9000 00:1f8 81779481643               /mnt/primary/conda-envs/semantic_uncertainty_export/lib/python3.11/site-packages/torch/lib/libnvfuser_codegen.so
7fb079697000-7fb0797e0000 r--p 00473000 00:1f8 81779481643               /mnt/primary/conda-envs/semantic_uncertainty_export/lib/python3.11/site-packages/torch/lib/libnvfuser_codegen.so
7fb0797e0000-7fb0797e1000 ---p 005bc000 00:1f8 81779481643               /mnt/primary/conda-envs/semantic_uncertainty_export/lib/python3.11/site-packages/torch/lib/libnvfuser_codegen.so
7fb0797e1000-7fb0797f9000 r--p 005bc000 00:1f8 81779481643               /mnt/primary/conda-envs/semantic_uncertainty_export/lib/python3.11/site-packages/torch/lib/libnvfuser_codegen.so
7fb0797f9000-7fb0797ff000 rw-p 005d4000 00:1f8 81779481643               /mnt/primary/conda-envs/semantic_uncertainty_export/lib/python3.11/site-packages/torch/lib/libnvfuser_codegen.so
7fb0797ff000-7fb079800000 rw-p 00000000 00:00 0 
7fb079800000-7fb08a2c0000 r-xp 00000000 00:1f8 70897288757               /mnt/primary/conda-envs/semantic_uncertainty_export/lib/libcusparse.so.11.7.5.86
7fb08a2c0000-7fb08a4c0000 ---p 10ac0000 00:1f8 70897288757               /mnt/primary/conda-envs/semantic_uncertainty_export/lib/libcusparse.so.11.7.5.86
7fb08a4c0000-7fb08a4cf000 r--p 10ac0000 00:1f8 70897288757               /mnt/primary/conda-envs/semantic_uncertainty_export/lib/libcusparse.so.11.7.5.86
7fb08a4cf000-7fb08a4ef000 rw-p 10acf000 00:1f8 70897288757               /mnt/primary/conda-envs/semantic_uncertainty_export/lib/libcusparse.so.11.7.5.86
7fb08a4ef000-7fb08a4f8000 rw-p 00000000 00:00 0 
7fb08a4f8000-7fb08a4fd000 rw-p 10aef000 00:1f8 70897288757               /mnt/primary/conda-envs/semantic_uncertainty_export/lib/libcusparse.so.11.7.5.86
7fb08a500000-7fb08a800000 rw-p 00000000 00:00 0 
7fb08a800000-7fb08adfe000 r-xp 00000000 00:1f8 81779481642               /mnt/primary/conda-envs/semantic_uncertainty_export/lib/python3.11/site-packages/torch/lib/libcupti-ae79a72e.so.11.8
7fb08adfe000-7fb08affd000 ---p 005fe000 00:1f8 81779481642               /mnt/primary/conda-envs/semantic_uncertainty_export/lib/python3.11/site-packages/torch/lib/libcupti-ae79a72e.so.11.8
7fb08affd000-7fb08b047000 r--p 005fd000 00:1f8 81779481642               /mnt/primary/conda-envs/semantic_uncertainty_export/lib/python3.11/site-packages/torch/lib/libcupti-ae79a72e.so.11.8
7fb08b047000-7fb08b0de000 rw-p 00647000 00:1f8 81779481642               /mnt/primary/conda-envs/semantic_uncertainty_export/lib/python3.11/site-packages/torch/lib/libcupti-ae79a72e.so.11.8
7fb08b0de000-7fb08b115000 rw-p 00000000 00:00 0 
7fb08b115000-7fb08b118000 rw-p 006de000 00:1f8 81779481642               /mnt/primary/conda-envs/semantic_uncertainty_export/lib/python3.11/site-packages/torch/lib/libcupti-ae79a72e.so.11.8
7fb08b200000-7fb08b400000 rw-p 00000000 00:00 0 
7fb08b400000-7fb08b424000 r-xp 00000000 00:1f8 81779481635               /mnt/primary/conda-envs/semantic_uncertainty_export/lib/python3.11/site-packages/torch/lib/libcudnn.so.8
7fb08b424000-7fb08b623000 ---p 00024000 00:1f8 81779481635               /mnt/primary/conda-envs/semantic_uncertainty_export/lib/python3.11/site-packages/torch/lib/libcudnn.so.8
7fb08b623000-7fb08b624000 r--p 00023000 00:1f8 81779481635               /mnt/primary/conda-envs/semantic_uncertainty_export/lib/python3.11/site-packages/torch/lib/libcudnn.so.8
7fb08b624000-7fb08b625000 rw-p 00024000 00:1f8 81779481635               /mnt/primary/conda-envs/semantic_uncertainty_export/lib/python3.11/site-packages/torch/lib/libcudnn.so.8
7fb08b625000-7fb08b626000 rw-p 00000000 00:00 0 
7fb08b626000-7fb08b629000 rw-p 00025000 00:1f8 81779481635               /mnt/primary/conda-envs/semantic_uncertainty_export/lib/python3.11/site-packages/torch/lib/libcudnn.so.8
7fb08b6b0000-7fb08b9b0000 rw-p 00000000 00:00 0 
7fb08b9b0000-7fb08c602000 r--p 00000000 00:1f8 81779481647               /mnt/primary/conda-envs/semantic_uncertainty_export/lib/python3.11/site-packages/torch/lib/libtorch_cuda.so
7fb08c602000-7fb08eca0000 r-xp 00c52000 00:1f8 81779481647               /mnt/primary/conda-envs/semantic_uncertainty_export/lib/python3.11/site-packages/torch/lib/libtorch_cuda.so
7fb08eca0000-7fb0d7dc8000 r--p 032f0000 00:1f8 81779481647               /mnt/primary/conda-envs/semantic_uncertainty_export/lib/python3.11/site-packages/torch/lib/libtorch_cuda.so
7fb0d7dc8000-7fb0d7dc9000 ---p 4c418000 00:1f8 81779481647               /mnt/primary/conda-envs/semantic_uncertainty_export/lib/python3.11/site-packages/torch/lib/libtorch_cuda.so
7fb0d7dc9000-7fb0d7e44000 r--p 4c418000 00:1f8 81779481647               /mnt/primary/conda-envs/semantic_uncertainty_export/lib/python3.11/site-packages/torch/lib/libtorch_cuda.so
7fb0d7e44000-7fb0d7e6d000 rw-p 4c493000 00:1f8 81779481647               /mnt/primary/conda-envs/semantic_uncertainty_export/lib/python3.11/site-packages/torch/lib/libtorch_cuda.so
7fb0d7e6d000-7fb0d8b96000 rw-p 00000000 00:00 0 
7fb0d8b96000-7fb0d97aa000 r--p 00000000 00:1f8 81779481646               /mnt/primary/conda-envs/semantic_uncertainty_export/lib/python3.11/site-packages/torch/lib/libtorch_cpu.so
7fb0d97aa000-7fb0e251b000 r-xp 00c14000 00:1f8 81779481646               /mnt/primary/conda-envs/semantic_uncertainty_export/lib/python3.11/site-packages/torch/lib/libtorch_cpu.so
7fb0e251b000-7fb0e4369000 r--p 09985000 00:1f8 81779481646               /mnt/primary/conda-envs/semantic_uncertainty_export/lib/python3.11/site-packages/torch/lib/libtorch_cpu.so
7fb0e4369000-7fb0e455c000 r--p 0b7d2000 00:1f8 81779481646               /mnt/primary/conda-envs/semantic_uncertainty_export/lib/python3.11/site-packages/torch/lib/libtorch_cpu.so
7fb0e455c000-7fb0e4595000 rw-p 0b9c5000 00:1f8 81779481646               /mnt/primary/conda-envs/semantic_uncertainty_export/lib/python3.11/site-packages/torch/lib/libtorch_cpu.so
7fb0e4595000-7fb0e4610000 rw-p 00000000 00:00 0 
7fb0e4610000-7fb0e4b16000 rw-p 104ec000 00:1f8 81779481646               /mnt/primary/conda-envs/semantic_uncertainty_export/lib/python3.11/site-packages/torch/lib/libtorch_cpu.so
7fb0e4b16000-7fb0e4d0f000 r--p 00000000 00:1f8 81779481650               /mnt/primary/conda-envs/semantic_uncertainty_export/lib/python3.11/site-packages/torch/lib/libtorch_python.so
7fb0e4d0f000-7fb0e57e6000 r-xp 001f9000 00:1f8 81779481650               /mnt/primary/conda-envs/semantic_uncertainty_export/lib/python3.11/site-packages/torch/lib/libtorch_python.so
7fb0e57e6000-7fb0e5b2d000 r--p 00cd0000 00:1f8 81779481650               /mnt/primary/conda-envs/semantic_uncertainty_export/lib/python3.11/site-packages/torch/lib/libtorch_python.so
7fb0e5b2d000-7fb0e5b2e000 ---p 01017000 00:1f8 81779481650               /mnt/primary/conda-envs/semantic_uncertainty_export/lib/python3.11/site-packages/torch/lib/libtorch_python.so
7fb0e5b2e000-7fb0e5b4a000 r--p 01017000 00:1f8 81779481650               /mnt/primary/conda-envs/semantic_uncertainty_export/lib/python3.11/site-packages/torch/lib/libtorch_python.so
7fb0e5b4a000-7fb0e5b9e000 rw-p 01033000 00:1f8 81779481650               /mnt/primary/conda-envs/semantic_uncertainty_export/lib/python3.11/site-packages/torch/lib/libtorch_python.so
7fb0e5b9e000-7fb0e5c00000 rw-p 00000000 00:00 0 
7fb0e9694000-7fb0e9994000 rw-p 00000000 00:00 0 
7fb0eb600000-7fb0eb608000 r-xp 00000000 00:1f8 70897288735               /mnt/primary/conda-envs/semantic_uncertainty_export/lib/libnvToolsExt.so.1.0.0
7fb0eb608000-7fb0eb808000 ---p 00008000 00:1f8 70897288735               /mnt/primary/conda-envs/semantic_uncertainty_export/lib/libnvToolsExt.so.1.0.0
7fb0eb808000-7fb0eb809000 r--p 00008000 00:1f8 70897288735               /mnt/primary/conda-envs/semantic_uncertainty_export/lib/libnvToolsExt.so.1.0.0
7fb0eb809000-7fb0eb80b000 rw-p 00009000 00:1f8 70897288735               /mnt/primary/conda-envs/semantic_uncertainty_export/lib/libnvToolsExt.so.1.0.0
7fb0eb8f6000-7fb0eb909000 r--p 00000000 00:1f8 148237000213              /mnt/primary/conda-envs/semantic_uncertainty_export/lib/libunistring.so.2.1.0
7fb0eb909000-7fb0eb941000 r-xp 00013000 00:1f8 148237000213              /mnt/primary/conda-envs/semantic_uncertainty_export/lib/libunistring.so.2.1.0
7fb0eb941000-7fb0eba78000 r--p 0004b000 00:1f8 148237000213              /mnt/primary/conda-envs/semantic_uncertainty_export/lib/libunistring.so.2.1.0
7fb0eba78000-7fb0eba7c000 r--p 00181000 00:1f8 148237000213              /mnt/primary/conda-envs/semantic_uncertainty_export/lib/libunistring.so.2.1.0
7fb0eba7c000-7fb0eba7d000 rw-p 00185000 00:1f8 148237000213              /mnt/primary/conda-envs/semantic_uncertainty_export/lib/libunistring.so.2.1.0
7fb0eba7d000-7fb0ebab0000 r--p 00000000 00:1f8 148237001233              /mnt/primary/conda-envs/semantic_uncertainty_export/lib/libgnutls.so.30.28.1
7fb0ebab0000-7fb0ebb95000 r-xp 00033000 00:1f8 148237001233              /mnt/primary/conda-envs/semantic_uncertainty_export/lib/libgnutls.so.30.28.1
7fb0ebb95000-7fb0ebbed000 r--p 00118000 00:1f8 148237001233              /mnt/primary/conda-envs/semantic_uncertainty_export/lib/libgnutls.so.30.28.1
7fb0ebbed000-7fb0ebbfd000 r--p 0016f000 00:1f8 148237001233              /mnt/primary/conda-envs/semantic_uncertainty_export/lib/libgnutls.so.30.28.1
7fb0ebbfd000-7fb0ebbff000 rw-p 0017f000 00:1f8 148237001233              /mnt/primary/conda-envs/semantic_uncertainty_export/lib/libgnutls.so.30.28.1
7fb0ebbff000-7fb0ebc00000 rw-p 00000000 00:00 0 
7fb0ebc00000-7fb0ebca0000 r-xp 00000000 00:1f8 70897288714               /mnt/primary/conda-envs/semantic_uncertainty_export/lib/libcudart.so.11.8.89
7fb0ebca0000-7fb0ebea0000 ---p 000a0000 00:1f8 70897288714               /mnt/primary/conda-envs/semantic_uncertainty_export/lib/libcudart.so.11.8.89
7fb0ebea0000-7fb0ebea5000 r--p 000a0000 00:1f8 70897288714               /mnt/primary/conda-envs/semantic_uncertainty_export/lib/libcudart.so.11.8.89
7fb0ebea5000-7fb0ebea6000 rw-p 000a5000 00:1f8 70897288714               /mnt/primary/conda-envs/semantic_uncertainty_export/lib/libcudart.so.11.8.89
7fb0ebea6000-7fb0ebea7000 rw-p 00000000 00:00 0 
7fb0ebea7000-7fb0ebeab000 rw-p 000a6000 00:1f8 70897288714               /mnt/primary/conda-envs/semantic_uncertainty_export/lib/libcudart.so.11.8.89
7fb0ebf51000-7fb0ebf62000 r--p 00000000 00:1f8 148237027881              /mnt/primary/conda-envs/semantic_uncertainty_export/lib/libavutil.so.56.51.100
7fb0ebf62000-7fb0ebfd4000 r-xp 00011000 00:1f8 148237027881              /mnt/primary/conda-envs/semantic_uncertainty_export/lib/libavutil.so.56.51.100
7fb0ebfd4000-7fb0ebfec000 r--p 00083000 00:1f8 148237027881              /mnt/primary/conda-envs/semantic_uncertainty_export/lib/libavutil.so.56.51.100
7fb0ebfec000-7fb0ebfed000 ---p 0009b000 00:1f8 148237027881              /mnt/primary/conda-envs/semantic_uncertainty_export/lib/libavutil.so.56.51.100
7fb0ebfed000-7fb0ebff8000 r--p 0009b000 00:1f8 148237027881              /mnt/primary/conda-envs/semantic_uncertainty_export/lib/libavutil.so.56.51.100
7fb0ebff8000-7fb0ebff9000 rw-p 000a6000 00:1f8 148237027881              /mnt/primary/conda-envs/semantic_uncertainty_export/lib/libavutil.so.56.51.100
7fb0ebff9000-7fb0ec200000 rw-p 00000000 00:00 0 
7fb0ec200000-7fb10d4fc000 r-xp 00000000 00:1f8 70897288739               /mnt/primary/conda-envs/semantic_uncertainty_export/lib/libcublasLt.so.11.11.3.6
7fb10d4fc000-7fb10d6fc000 ---p 212fc000 00:1f8 70897288739               /mnt/primary/conda-envs/semantic_uncertainty_export/lib/libcublasLt.so.11.11.3.6
7fb10d6fc000-7fb10d982000 r--p 212fc000 00:1f8 70897288739               /mnt/primary/conda-envs/semantic_uncertainty_export/lib/libcublasLt.so.11.11.3.6
7fb10d982000-7fb10e7f3000 rw-p 21582000 00:1f8 70897288739               /mnt/primary/conda-envs/semantic_uncertainty_export/lib/libcublasLt.so.11.11.3.6
7fb10e7f3000-7fb110786000 rw-p 00000000 00:00 0 
7fb110786000-7fb11078a000 rw-p 223f3000 00:1f8 70897288739               /mnt/primary/conda-envs/semantic_uncertainty_export/lib/libcublasLt.so.11.11.3.6
7fb11078c000-7fb1107c6000 r--p 00000000 00:1f8 148237027879              /mnt/primary/conda-envs/semantic_uncertainty_export/lib/libavformat.so.58.45.100
7fb1107c6000-7fb11095c000 r-xp 0003a000 00:1f8 148237027879              /mnt/primary/conda-envs/semantic_uncertainty_export/lib/libavformat.so.58.45.100
7fb11095c000-7fb1109ca000 r--p 001d0000 00:1f8 148237027879              /mnt/primary/conda-envs/semantic_uncertainty_export/lib/libavformat.so.58.45.100
7fb1109ca000-7fb1109e8000 r--p 0023d000 00:1f8 148237027879              /mnt/primary/conda-envs/semantic_uncertainty_export/lib/libavformat.so.58.45.100
7fb1109e8000-7fb110a00000 rw-p 0025b000 00:1f8 148237027879              /mnt/primary/conda-envs/semantic_uncertainty_export/lib/libavformat.so.58.45.100
7fb110a00000-7fb11644b000 r-xp 00000000 00:1f8 70897288737               /mnt/primary/conda-envs/semantic_uncertainty_export/lib/libcublas.so.11.11.3.6
7fb11644b000-7fb11664b000 ---p 05a4b000 00:1f8 70897288737               /mnt/primary/conda-envs/semantic_uncertainty_export/lib/libcublas.so.11.11.3.6
7fb11664b000-7fb116652000 r--p 05a4b000 00:1f8 70897288737               /mnt/primary/conda-envs/semantic_uncertainty_export/lib/libcublas.so.11.11.3.6
7fb116652000-7fb116657000 rw-p 05a52000 00:1f8 70897288737               /mnt/primary/conda-envs/semantic_uncertainty_export/lib/libcublas.so.11.11.3.6
7fb116657000-7fb11665e000 rw-p 00000000 00:00 0 
7fb11665e000-7fb116662000 rw-p 05a58000 00:1f8 70897288737               /mnt/primary/conda-envs/semantic_uncertainty_export/lib/libcublas.so.11.11.3.6
7fb1166db000-7fb116711000 r--p 00000000 00:1f8 70898552840               /mnt/primary/conda-envs/semantic_uncertainty_export/lib/libopenh264.so.2.1.1
7fb116711000-7fb1167d1000 r-xp 00036000 00:1f8 70898552840               /mnt/primary/conda-envs/semantic_uncertainty_export/lib/libopenh264.so.2.1.1
7fb1167d1000-7fb1167f9000 r--p 000f6000 00:1f8 70898552840               /mnt/primary/conda-envs/semantic_uncertainty_export/lib/libopenh264.so.2.1.1
7fb1167f9000-7fb1167fa000 ---p 0011e000 00:1f8 70898552840               /mnt/primary/conda-envs/semantic_uncertainty_export/lib/libopenh264.so.2.1.1
7fb1167fa000-7fb1167ff000 r--p 0011e000 00:1f8 70898552840               /mnt/primary/conda-envs/semantic_uncertainty_export/lib/libopenh264.so.2.1.1
7fb1167ff000-7fb116800000 rw-p 00123000 00:1f8 70898552840               /mnt/primary/conda-envs/semantic_uncertainty_export/lib/libopenh264.so.2.1.1
7fb116800000-7fb116a00000 rw-p 00000000 00:00 0 
7fb116a00000-7fb11b19b000 r-xp 00000000 00:1f8 70897288751               /mnt/primary/conda-envs/semantic_uncertainty_export/lib/libcurand.so.10.3.4.52
7fb11b19b000-7fb11b39b000 ---p 0479b000 00:1f8 70897288751               /mnt/primary/conda-envs/semantic_uncertainty_export/lib/libcurand.so.10.3.4.52
7fb11b39b000-7fb11b3a1000 r--p 0479b000 00:1f8 70897288751               /mnt/primary/conda-envs/semantic_uncertainty_export/lib/libcurand.so.10.3.4.52
7fb11b3a1000-7fb11c7cd000 rw-p 047a1000 00:1f8 70897288751               /mnt/primary/conda-envs/semantic_uncertainty_export/lib/libcurand.so.10.3.4.52
7fb11c7cd000-7fb11ce05000 rw-p 00000000 00:00 0 
7fb11ce05000-7fb11ce06000 rw-p 05bcd000 00:1f8 70897288751               /mnt/primary/conda-envs/semantic_uncertainty_export/lib/libcurand.so.10.3.4.52
7fb11cf00000-7fb11d200000 rw-p 00000000 00:00 0 
7fb11d200000-7fb12006f000 r-xp 00000000 00:1f8 70897288743               /mnt/primary/conda-envs/semantic_uncertainty_export/lib/libcufft.so.10.9.0.58
7fb12006f000-7fb12026f000 ---p 02e6f000 00:1f8 70897288743               /mnt/primary/conda-envs/semantic_uncertainty_export/lib/libcufft.so.10.9.0.58
7fb12026f000-7fb120303000 r--p 02e6f000 00:1f8 70897288743               /mnt/primary/conda-envs/semantic_uncertainty_export/lib/libcufft.so.10.9.0.58
7fb120303000-7fb12de3a000 rw-p 02f03000 00:1f8 70897288743               /mnt/primary/conda-envs/semantic_uncertainty_export/lib/libcufft.so.10.9.0.58
7fb12de3a000-7fb12e0db000 rw-p 00000000 00:00 0 
7fb12e0db000-7fb12e0dd000 rw-p 10a3b000 00:1f8 70897288743               /mnt/primary/conda-envs/semantic_uncertainty_export/lib/libcufft.so.10.9.0.58
7fb12e180000-7fb12e380000 rw-p 00000000 00:00 0 
7fb12e380000-7fb12e553000 r--p 00000000 00:1f8 70924951606               /mnt/primary/conda-envs/semantic_uncertainty_export/lib/libmkl_gnu_thread.so.2
7fb12e553000-7fb12fd29000 r-xp 001d3000 00:1f8 70924951606               /mnt/primary/conda-envs/semantic_uncertainty_export/lib/libmkl_gnu_thread.so.2
7fb12fd29000-7fb12fecb000 r--p 019a9000 00:1f8 70924951606               /mnt/primary/conda-envs/semantic_uncertainty_export/lib/libmkl_gnu_thread.so.2
7fb12fecb000-7fb12fecf000 r--p 01b4a000 00:1f8 70924951606               /mnt/primary/conda-envs/semantic_uncertainty_export/lib/libmkl_gnu_thread.so.2
7fb12fecf000-7fb12ff1c000 rw-p 01b4e000 00:1f8 70924951606               /mnt/primary/conda-envs/semantic_uncertainty_export/lib/libmkl_gnu_thread.so.2
7fb12ff1c000-7fb12ff1d000 rw-p 00000000 00:00 0 
7fb12ff1d000-7fb130000000 rw-p 01d98000 00:1f8 70924951606               /mnt/primary/conda-envs/semantic_uncertainty_export/lib/libmkl_gnu_thread.so.2
7fb130000000-7fb130025000 r-xp 00000000 00:1f8 135369460281              /mnt/primary/conda-envs/semantic_uncertainty_export/lib/python3.11/site-packages/scikit_learn.libs/libgomp-a34b3233.so.1.0.0
7fb130025000-7fb130224000 ---p 00025000 00:1f8 135369460281              /mnt/primary/conda-envs/semantic_uncertainty_export/lib/python3.11/site-packages/scikit_learn.libs/libgomp-a34b3233.so.1.0.0
7fb130224000-7fb130225000 r--p 00024000 00:1f8 135369460281              /mnt/primary/conda-envs/semantic_uncertainty_export/lib/python3.11/site-packages/scikit_learn.libs/libgomp-a34b3233.so.1.0.0
7fb130225000-7fb13022a000 rw-p 00025000 00:1f8 135369460281              /mnt/primary/conda-envs/semantic_uncertainty_export/lib/python3.11/site-packages/scikit_learn.libs/libgomp-a34b3233.so.1.0.0
7fb130300000-7fb130600000 rw-p 00000000 00:00 0 
7fb130a00000-7fb132a00000 rw-p 00000000 00:00 0 
7fb132a00000-7fb132c00000 rw-p 00000000 00:00 0 
7fb132c00000-7fb134c00000 rw-p 00000000 00:00 0 
7fb134c00000-7fb134e00000 rw-p 00000000 00:00 0 
7fb134e00000-7fb134e01000 ---p 00000000 00:00 0 
7fb134e01000-7fb135601000 rw-p 00000000 00:00 0 
7fb135700000-7fb135800000 rw-p 00000000 00:00 0 
7fb135800000-7fb137800000 rw-p 00000000 00:00 0 
7fb137800000-7fb137a00000 rw-p 00000000 00:00 0 
7fb137a00000-7fb137a01000 ---p 00000000 00:00 0 
7fb137a01000-7fb138201000 rw-p 00000000 00:00 0 
7fb138300000-7fb138400000 rw-p 00000000 00:00 0 
7fb138400000-7fb13a400000 rw-p 00000000 00:00 0 
7fb13a400000-7fb13a600000 rw-p 00000000 00:00 0 
7fb13a600000-7fb13a601000 ---p 00000000 00:00 0 
7fb13a601000-7fb13ae01000 rw-p 00000000 00:00 0 
7fb13af00000-7fb13b000000 rw-p 00000000 00:00 0 
7fb13b000000-7fb13d000000 rw-p 00000000 00:00 0 
7fb13d000000-7fb13d200000 rw-p 00000000 00:00 0 
7fb13d200000-7fb13d201000 ---p 00000000 00:00 0 
7fb13d201000-7fb13da01000 rw-p 00000000 00:00 0 
7fb13db00000-7fb13dc00000 rw-p 00000000 00:00 0 
7fb13dc00000-7fb13fc00000 rw-p 00000000 00:00 0 
7fb13fc00000-7fb13fe00000 rw-p 00000000 00:00 0 
7fb13fe00000-7fb13fe01000 ---p 00000000 00:00 0 
7fb13fe01000-7fb140601000 rw-p 00000000 00:00 0 
7fb140700000-7fb140800000 rw-p 00000000 00:00 0 
7fb140800000-7fb142800000 rw-p 00000000 00:00 0 
7fb142800000-7fb142a00000 rw-p 00000000 00:00 0 
7fb142a00000-7fb142a01000 ---p 00000000 00:00 0 
7fb142a01000-7fb143201000 rw-p 00000000 00:00 0 
7fb143217000-7fb14321c000 rw-p 00000000 00:00 0 
7fb14321c000-7fb143300000 ---p 00000000 00:00 0 
7fb143300000-7fb143400000 rw-p 00000000 00:00 0 
7fb143400000-7fb145400000 rw-p 00000000 00:00 0 
7fb145400000-7fb145600000 rw-p 00000000 00:00 0 
7fb145600000-7fb145601000 ---p 00000000 00:00 0 
7fb145601000-7fb145e01000 rw-p 00000000 00:00 0 
7fb145e17000-7fb145e1e000 rw-p 00000000 00:00 0 
7fb145e1e000-7fb145f00000 ---p 00000000 00:00 0 
7fb145f00000-7fb146000000 rw-p 00000000 00:00 0 
7fb146000000-7fb148000000 rw-p 00000000 00:00 0 
7fb148000000-7fb148200000 rw-p 00000000 00:00 0 
7fb148200000-7fb148201000 ---p 00000000 00:00 0 
7fb148201000-7fb148a01000 rw-p 00000000 00:00 0 
7fb148a5a000-7fb148a61000 r--p 00000000 00:1f8 101037297702              /mnt/primary/conda-envs/semantic_uncertainty_export/lib/python3.11/site-packages/jnius/jnius.cpython-311-x86_64-linux-gnu.so
7fb148a61000-7fb148aea000 r-xp 00007000 00:1f8 101037297702              /mnt/primary/conda-envs/semantic_uncertainty_export/lib/python3.11/site-packages/jnius/jnius.cpython-311-x86_64-linux-gnu.so
7fb148aea000-7fb148af9000 r--p 00090000 00:1f8 101037297702              /mnt/primary/conda-envs/semantic_uncertainty_export/lib/python3.11/site-packages/jnius/jnius.cpython-311-x86_64-linux-gnu.so
7fb148af9000-7fb148afa000 ---p 0009f000 00:1f8 101037297702              /mnt/primary/conda-envs/semantic_uncertainty_export/lib/python3.11/site-packages/jnius/jnius.cpython-311-x86_64-linux-gnu.so
7fb148afa000-7fb148afb000 r--p 0009f000 00:1f8 101037297702              /mnt/primary/conda-envs/semantic_uncertainty_export/lib/python3.11/site-packages/jnius/jnius.cpython-311-x86_64-linux-gnu.so
7fb148afb000-7fb148aff000 rw-p 000a0000 00:1f8 101037297702              /mnt/primary/conda-envs/semantic_uncertainty_export/lib/python3.11/site-packages/jnius/jnius.cpython-311-x86_64-linux-gnu.so
7fb148aff000-7fb148c00000 rw-p 00000000 00:00 0 
7fb148c00000-7fb14ac00000 rw-p 00000000 00:00 0 
7fb14ac00000-7fb14ae00000 rw-p 00000000 00:00 0 
7fb14ae00000-7fb14ae01000 ---p 00000000 00:00 0 
7fb14ae01000-7fb14b601000 rw-p 00000000 00:00 0 
7fb14b669000-7fb14b66e000 r--p 00000000 00:1f8 70898546218               /mnt/primary/conda-envs/semantic_uncertainty_export/lib/libjpeg.so.8.2.2
7fb14b66e000-7fb14b6c3000 r-xp 00005000 00:1f8 70898546218               /mnt/primary/conda-envs/semantic_uncertainty_export/lib/libjpeg.so.8.2.2
7fb14b6c3000-7fb14b6fe000 r--p 0005a000 00:1f8 70898546218               /mnt/primary/conda-envs/semantic_uncertainty_export/lib/libjpeg.so.8.2.2
7fb14b6fe000-7fb14b6ff000 r--p 00094000 00:1f8 70898546218               /mnt/primary/conda-envs/semantic_uncertainty_export/lib/libjpeg.so.8.2.2
7fb14b6ff000-7fb14b700000 rw-p 00095000 00:1f8 70898546218               /mnt/primary/conda-envs/semantic_uncertainty_export/lib/libjpeg.so.8.2.2
7fb14b700000-7fb14b800000 rw-p 00000000 00:00 0 
7fb14b800000-7fb14d800000 rw-p 00000000 00:00 0 
7fb14d800000-7fb14da00000 rw-p 00000000 00:00 0 
7fb14da00000-7fb14fa00000 rw-p 00000000 00:00 0 
7fb14fa00000-7fb14fc00000 rw-p 00000000 00:00 0 
7fb14fc00000-7fb151c00000 rw-p 00000000 00:00 0 
7fb151c00000-7fb151e00000 rw-p 00000000 00:00 0 
7fb151e00000-7fb151e01000 ---p 00000000 00:00 0 
7fb151e01000-7fb152601000 rw-p 00000000 00:00 0 
7fb152638000-7fb152642000 r--p 00000000 00:1f8 148237001219              /mnt/primary/conda-envs/semantic_uncertainty_export/lib/libhogweed.so.6.4
7fb152642000-7fb152655000 r-xp 0000a000 00:1f8 148237001219              /mnt/primary/conda-envs/semantic_uncertainty_export/lib/libhogweed.so.6.4
7fb152655000-7fb15267f000 r--p 0001d000 00:1f8 148237001219              /mnt/primary/conda-envs/semantic_uncertainty_export/lib/libhogweed.so.6.4
7fb15267f000-7fb152681000 r--p 00046000 00:1f8 148237001219              /mnt/primary/conda-envs/semantic_uncertainty_export/lib/libhogweed.so.6.4
7fb152681000-7fb152682000 rw-p 00048000 00:1f8 148237001219              /mnt/primary/conda-envs/semantic_uncertainty_export/lib/libhogweed.so.6.4
7fb152682000-7fb15268d000 r--p 00000000 00:1f8 70898546190               /mnt/primary/conda-envs/semantic_uncertainty_export/lib/libmp3lame.so.0.0.0
7fb15268d000-7fb1526bf000 r-xp 0000b000 00:1f8 70898546190               /mnt/primary/conda-envs/semantic_uncertainty_export/lib/libmp3lame.so.0.0.0
7fb1526bf000-7fb1526cf000 r--p 0003d000 00:1f8 70898546190               /mnt/primary/conda-envs/semantic_uncertainty_export/lib/libmp3lame.so.0.0.0
7fb1526cf000-7fb1526d0000 ---p 0004d000 00:1f8 70898546190               /mnt/primary/conda-envs/semantic_uncertainty_export/lib/libmp3lame.so.0.0.0
7fb1526d0000-7fb1526d2000 r--p 0004d000 00:1f8 70898546190               /mnt/primary/conda-envs/semantic_uncertainty_export/lib/libmp3lame.so.0.0.0
7fb1526d2000-7fb1526d3000 rw-p 0004f000 00:1f8 70898546190               /mnt/primary/conda-envs/semantic_uncertainty_export/lib/libmp3lame.so.0.0.0
7fb1526d3000-7fb152800000 rw-p 00000000 00:00 0 
7fb152800000-7fb154800000 rw-p 00000000 00:00 0 
7fb154800000-7fb154a00000 rw-p 00000000 00:00 0 
7fb154a00000-7fb154a01000 ---p 00000000 00:00 0 
7fb154a01000-7fb155201000 rw-p 00000000 00:00 0 
7fb15521a000-7fb15521d000 r--p 00000000 00:1f8 70898546215               /mnt/primary/conda-envs/semantic_uncertainty_export/lib/libiconv.so.2.6.1
7fb15521d000-7fb155231000 r-xp 00003000 00:1f8 70898546215               /mnt/primary/conda-envs/semantic_uncertainty_export/lib/libiconv.so.2.6.1
7fb155231000-7fb1552fd000 r--p 00017000 00:1f8 70898546215               /mnt/primary/conda-envs/semantic_uncertainty_export/lib/libiconv.so.2.6.1
7fb1552fd000-7fb1552ff000 r--p 000e2000 00:1f8 70898546215               /mnt/primary/conda-envs/semantic_uncertainty_export/lib/libiconv.so.2.6.1
7fb1552ff000-7fb155300000 rw-p 000e4000 00:1f8 70898546215               /mnt/primary/conda-envs/semantic_uncertainty_export/lib/libiconv.so.2.6.1
7fb155300000-7fb155400000 rw-p 00000000 00:00 0 
7fb155400000-7fb157400000 rw-p 00000000 00:00 0 
7fb157400000-7fb157600000 rw-p 00000000 00:00 0 
7fb157600000-7fb157601000 ---p 00000000 00:00 0 
7fb157601000-7fb157e01000 rw-p 00000000 00:00 0 
7fb157e26000-7fb157e34000 r--p 00000000 00:1f8 70923272732               /mnt/primary/conda-envs/semantic_uncertainty_export/lib/libnettle.so.8.4
7fb157e34000-7fb157e56000 r-xp 0000e000 00:1f8 70923272732               /mnt/primary/conda-envs/semantic_uncertainty_export/lib/libnettle.so.8.4
7fb157e56000-7fb157e6c000 r--p 00030000 00:1f8 70923272732               /mnt/primary/conda-envs/semantic_uncertainty_export/lib/libnettle.so.8.4
7fb157e6c000-7fb157e6d000 ---p 00046000 00:1f8 70923272732               /mnt/primary/conda-envs/semantic_uncertainty_export/lib/libnettle.so.8.4
7fb157e6d000-7fb157e6f000 r--p 00046000 00:1f8 70923272732               /mnt/primary/conda-envs/semantic_uncertainty_export/lib/libnettle.so.8.4
7fb157e6f000-7fb157e70000 rw-p 00048000 00:1f8 70923272732               /mnt/primary/conda-envs/semantic_uncertainty_export/lib/libnettle.so.8.4
7fb157e70000-7fb157e73000 r--p 00000000 00:1f8 148237027883              /mnt/primary/conda-envs/semantic_uncertainty_export/lib/libswscale.so.5.7.100
7fb157e73000-7fb157ee6000 r-xp 00003000 00:1f8 148237027883              /mnt/primary/conda-envs/semantic_uncertainty_export/lib/libswscale.so.5.7.100
7fb157ee6000-7fb157ef5000 r--p 00076000 00:1f8 148237027883              /mnt/primary/conda-envs/semantic_uncertainty_export/lib/libswscale.so.5.7.100
7fb157ef5000-7fb157ef6000 ---p 00085000 00:1f8 148237027883              /mnt/primary/conda-envs/semantic_uncertainty_export/lib/libswscale.so.5.7.100
7fb157ef6000-7fb157ef7000 r--p 00085000 00:1f8 148237027883              /mnt/primary/conda-envs/semantic_uncertainty_export/lib/libswscale.so.5.7.100
7fb157ef7000-7fb157ef8000 rw-p 00086000 00:1f8 148237027883              /mnt/primary/conda-envs/semantic_uncertainty_export/lib/libswscale.so.5.7.100
7fb157ef8000-7fb158000000 rw-p 00000000 00:00 0 
7fb158000000-7fb15a000000 rw-p 00000000 00:00 0 
7fb15a000000-7fb15a200000 rw-p 00000000 00:00 0 
7fb15a200000-7fb15a201000 ---p 00000000 00:00 0 
7fb15a201000-7fb15aa01000 rw-p 00000000 00:00 0 
7fb15aa28000-7fb15aa2c000 r--p 00000000 00:1f8 70922420791               /mnt/primary/conda-envs/semantic_uncertainty_export/lib/libidn2.so.0.3.8
7fb15aa2c000-7fb15aa31000 r-xp 00004000 00:1f8 70922420791               /mnt/primary/conda-envs/semantic_uncertainty_export/lib/libidn2.so.0.3.8
7fb15aa31000-7fb15aa78000 r--p 00009000 00:1f8 70922420791               /mnt/primary/conda-envs/semantic_uncertainty_export/lib/libidn2.so.0.3.8
7fb15aa78000-7fb15aa79000 ---p 00050000 00:1f8 70922420791               /mnt/primary/conda-envs/semantic_uncertainty_export/lib/libidn2.so.0.3.8
7fb15aa79000-7fb15aa7b000 r--p 00050000 00:1f8 70922420791               /mnt/primary/conda-envs/semantic_uncertainty_export/lib/libidn2.so.0.3.8
7fb15aa7b000-7fb15aa7c000 rw-p 00052000 00:1f8 70922420791               /mnt/primary/conda-envs/semantic_uncertainty_export/lib/libidn2.so.0.3.8
7fb15aa7c000-7fb15aaa5000 r--p 00000000 00:1f8 148282762796              /mnt/primary/conda-envs/semantic_uncertainty_export/lib/python3.11/site-packages/torchvision/video_reader.so
7fb15aaa5000-7fb15aae8000 r-xp 00029000 00:1f8 148282762796              /mnt/primary/conda-envs/semantic_uncertainty_export/lib/python3.11/site-packages/torchvision/video_reader.so
7fb15aae8000-7fb15aafb000 r--p 0006c000 00:1f8 148282762796              /mnt/primary/conda-envs/semantic_uncertainty_export/lib/python3.11/site-packages/torchvision/video_reader.so
7fb15aafb000-7fb15aafc000 ---p 0007f000 00:1f8 148282762796              /mnt/primary/conda-envs/semantic_uncertainty_export/lib/python3.11/site-packages/torchvision/video_reader.so
7fb15aafc000-7fb15aafe000 r--p 0007f000 00:1f8 148282762796              /mnt/primary/conda-envs/semantic_uncertainty_export/lib/python3.11/site-packages/torchvision/video_reader.so
7fb15aafe000-7fb15ab00000 rw-p 00081000 00:1f8 148282762796              /mnt/primary/conda-envs/semantic_uncertainty_export/lib/python3.11/site-packages/torchvision/video_reader.so
7fb15ab00000-7fb15ac00000 rw-p 00000000 00:00 0 
7fb15ac00000-7fb15cc00000 rw-p 00000000 00:00 0 
7fb15cc00000-7fb15ce00000 rw-p 00000000 00:00 0 
7fb15ce00000-7fb15ce01000 ---p 00000000 00:00 0 
7fb15ce01000-7fb15d601000 rw-p 00000000 00:00 0 
7fb15d601000-7fb15d605000 r--p 00000000 08:04 3232185251                 /usr/lib/jvm/java-11-openjdk-amd64/lib/libnet.so
7fb15d605000-7fb15d613000 r-xp 00004000 08:04 3232185251                 /usr/lib/jvm/java-11-openjdk-amd64/lib/libnet.so
7fb15d613000-7fb15d617000 r--p 00012000 08:04 3232185251                 /usr/lib/jvm/java-11-openjdk-amd64/lib/libnet.so
7fb15d617000-7fb15d618000 r--p 00015000 08:04 3232185251                 /usr/lib/jvm/java-11-openjdk-amd64/lib/libnet.so
7fb15d618000-7fb15d619000 rw-p 00016000 08:04 3232185251                 /usr/lib/jvm/java-11-openjdk-amd64/lib/libnet.so
7fb15d619000-7fb15d627000 r--p 00000000 08:04 3232185239                 /usr/lib/jvm/java-11-openjdk-amd64/lib/libjava.so
7fb15d627000-7fb15d63d000 r-xp 0000e000 08:04 3232185239                 /usr/lib/jvm/java-11-openjdk-amd64/lib/libjava.so
7fb15d63d000-7fb15d644000 r--p 00024000 08:04 3232185239                 /usr/lib/jvm/java-11-openjdk-amd64/lib/libjava.so
7fb15d644000-7fb15d645000 r--p 0002a000 08:04 3232185239                 /usr/lib/jvm/java-11-openjdk-amd64/lib/libjava.so
7fb15d645000-7fb15d646000 rw-p 0002b000 08:04 3232185239                 /usr/lib/jvm/java-11-openjdk-amd64/lib/libjava.so
7fb15d646000-7fb15d647000 rw-p 00000000 00:00 0 
7fb15d647000-7fb15d655000 r--p 00000000 00:1f8 70923272751               /mnt/primary/conda-envs/semantic_uncertainty_export/lib/libfreetype.so.6.18.3
7fb15d655000-7fb15d6cf000 r-xp 0000e000 00:1f8 70923272751               /mnt/primary/conda-envs/semantic_uncertainty_export/lib/libfreetype.so.6.18.3
7fb15d6cf000-7fb15d6f7000 r--p 00088000 00:1f8 70923272751               /mnt/primary/conda-envs/semantic_uncertainty_export/lib/libfreetype.so.6.18.3
7fb15d6f7000-7fb15d6f8000 ---p 000b0000 00:1f8 70923272751               /mnt/primary/conda-envs/semantic_uncertainty_export/lib/libfreetype.so.6.18.3
7fb15d6f8000-7fb15d6ff000 r--p 000b0000 00:1f8 70923272751               /mnt/primary/conda-envs/semantic_uncertainty_export/lib/libfreetype.so.6.18.3
7fb15d6ff000-7fb15d700000 rw-p 000b7000 00:1f8 70923272751               /mnt/primary/conda-envs/semantic_uncertainty_export/lib/libfreetype.so.6.18.3
7fb15d700000-7fb15d800000 rw-p 00000000 00:00 0 
7fb15d800000-7fb15d801000 ---p 00000000 00:00 0 
7fb15d801000-7fb15e001000 rw-p 00000000 00:00 0 
7fb15e001000-7fb15e00d000 r--p 00000000 00:1f8 148282762795              /mnt/primary/conda-envs/semantic_uncertainty_export/lib/python3.11/site-packages/torchvision/image.so
7fb15e00d000-7fb15e021000 r-xp 0000c000 00:1f8 148282762795              /mnt/primary/conda-envs/semantic_uncertainty_export/lib/python3.11/site-packages/torchvision/image.so
7fb15e021000-7fb15e028000 r--p 00020000 00:1f8 148282762795              /mnt/primary/conda-envs/semantic_uncertainty_export/lib/python3.11/site-packages/torchvision/image.so
7fb15e028000-7fb15e029000 r--p 00026000 00:1f8 148282762795              /mnt/primary/conda-envs/semantic_uncertainty_export/lib/python3.11/site-packages/torchvision/image.so
7fb15e029000-7fb15e02a000 rw-p 00027000 00:1f8 148282762795              /mnt/primary/conda-envs/semantic_uncertainty_export/lib/python3.11/site-packages/torchvision/image.so
7fb15e02a000-7fb15e038000 r--p 00000000 00:1f8 46199363133               /mnt/primary/conda-envs/semantic_uncertainty_export/lib/python3.11/site-packages/safetensors/_safetensors_rust.abi3.so
7fb15e038000-7fb15e0cc000 r-xp 0000e000 00:1f8 46199363133               /mnt/primary/conda-envs/semantic_uncertainty_export/lib/python3.11/site-packages/safetensors/_safetensors_rust.abi3.so
7fb15e0cc000-7fb15e0f6000 r--p 000a2000 00:1f8 46199363133               /mnt/primary/conda-envs/semantic_uncertainty_export/lib/python3.11/site-packages/safetensors/_safetensors_rust.abi3.so
7fb15e0f6000-7fb15e0f7000 ---p 000cc000 00:1f8 46199363133               /mnt/primary/conda-envs/semantic_uncertainty_export/lib/python3.11/site-packages/safetensors/_safetensors_rust.abi3.so
7fb15e0f7000-7fb15e0ff000 r--p 000cc000 00:1f8 46199363133               /mnt/primary/conda-envs/semantic_uncertainty_export/lib/python3.11/site-packages/safetensors/_safetensors_rust.abi3.so
7fb15e0ff000-7fb15e100000 rw-p 000d4000 00:1f8 46199363133               /mnt/primary/conda-envs/semantic_uncertainty_export/lib/python3.11/site-packages/safetensors/_safetensors_rust.abi3.so
7fb15e100000-7fb15e200000 rw-p 00000000 00:00 0 
7fb15e200000-7fb15e201000 ---p 00000000 00:00 0 
7fb15e201000-7fb15ea01000 rw-p 00000000 00:00 0 
7fb15ea09000-7fb15ea10000 r--p 00000000 08:04 3232185252                 /usr/lib/jvm/java-11-openjdk-amd64/lib/libnio.so
7fb15ea10000-7fb15ea18000 r-xp 00007000 08:04 3232185252                 /usr/lib/jvm/java-11-openjdk-amd64/lib/libnio.so
7fb15ea18000-7fb15ea1b000 r--p 0000f000 08:04 3232185252                 /usr/lib/jvm/java-11-openjdk-amd64/lib/libnio.so
7fb15ea1b000-7fb15ea1c000 r--p 00011000 08:04 3232185252                 /usr/lib/jvm/java-11-openjdk-amd64/lib/libnio.so
7fb15ea1c000-7fb15ea1d000 rw-p 00012000 08:04 3232185252                 /usr/lib/jvm/java-11-openjdk-amd64/lib/libnio.so
7fb15ea1d000-7fb15ea23000 r--p 00000000 00:1f8 70923272704               /mnt/primary/conda-envs/semantic_uncertainty_export/lib/libpng16.so.16.39.0
7fb15ea23000-7fb15ea4c000 r-xp 00006000 00:1f8 70923272704               /mnt/primary/conda-envs/semantic_uncertainty_export/lib/libpng16.so.16.39.0
7fb15ea4c000-7fb15ea57000 r--p 0002f000 00:1f8 70923272704               /mnt/primary/conda-envs/semantic_uncertainty_export/lib/libpng16.so.16.39.0
7fb15ea57000-7fb15ea58000 ---p 0003a000 00:1f8 70923272704               /mnt/primary/conda-envs/semantic_uncertainty_export/lib/libpng16.so.16.39.0
7fb15ea58000-7fb15ea59000 r--p 0003a000 00:1f8 70923272704               /mnt/primary/conda-envs/semantic_uncertainty_export/lib/libpng16.so.16.39.0
7fb15ea59000-7fb15ea5a000 rw-p 0003b000 00:1f8 70923272704               /mnt/primary/conda-envs/semantic_uncertainty_export/lib/libpng16.so.16.39.0
7fb15ea5a000-7fb15ea6d000 r--p 00000000 00:1f8 70898522666               /mnt/primary/conda-envs/semantic_uncertainty_export/lib/libgmp.so.10.4.1
7fb15ea6d000-7fb15eae5000 r-xp 00013000 00:1f8 70898522666               /mnt/primary/conda-envs/semantic_uncertainty_export/lib/libgmp.so.10.4.1
7fb15eae5000-7fb15eafc000 r--p 0008b000 00:1f8 70898522666               /mnt/primary/conda-envs/semantic_uncertainty_export/lib/libgmp.so.10.4.1
7fb15eafc000-7fb15eafd000 ---p 000a2000 00:1f8 70898522666               /mnt/primary/conda-envs/semantic_uncertainty_export/lib/libgmp.so.10.4.1
7fb15eafd000-7fb15eaff000 r--p 000a2000 00:1f8 70898522666               /mnt/primary/conda-envs/semantic_uncertainty_export/lib/libgmp.so.10.4.1
7fb15eaff000-7fb15eb00000 rw-p 000a4000 00:1f8 70898522666               /mnt/primary/conda-envs/semantic_uncertainty_export/lib/libgmp.so.10.4.1
7fb15eb00000-7fb15ec00000 rw-p 00000000 00:00 0 
7fb15ec00000-7fb160c00000 rw-p 00000000 00:00 0 
7fb160c00000-7fb160e00000 rw-p 00000000 00:00 0 
7fb160e00000-7fb160e01000 ---p 00000000 00:00 0 
7fb160e01000-7fb161601000 rw-p 00000000 00:00 0 
7fb16160b000-7fb161612000 rw-p 00000000 00:00 0 
7fb161612000-7fb16161b000 ---p 00000000 00:00 0 
7fb16161b000-7fb16161e000 r--p 00000000 00:1f8 148237027882              /mnt/primary/conda-envs/semantic_uncertainty_export/lib/libswresample.so.3.7.100
7fb16161e000-7fb161632000 r-xp 00003000 00:1f8 148237027882              /mnt/primary/conda-envs/semantic_uncertainty_export/lib/libswresample.so.3.7.100
7fb161632000-7fb161637000 r--p 00017000 00:1f8 148237027882              /mnt/primary/conda-envs/semantic_uncertainty_export/lib/libswresample.so.3.7.100
7fb161637000-7fb161639000 r--p 0001b000 00:1f8 148237027882              /mnt/primary/conda-envs/semantic_uncertainty_export/lib/libswresample.so.3.7.100
7fb161639000-7fb16163a000 rw-p 0001d000 00:1f8 148237027882              /mnt/primary/conda-envs/semantic_uncertainty_export/lib/libswresample.so.3.7.100
7fb16163a000-7fb161641000 r--p 00000000 00:1f8 170928539158              /mnt/primary/conda-envs/semantic_uncertainty_export/lib/python3.11/site-packages/yaml/_yaml.cpython-311-x86_64-linux-gnu.so
7fb161641000-7fb161668000 r-xp 00007000 00:1f8 170928539158              /mnt/primary/conda-envs/semantic_uncertainty_export/lib/python3.11/site-packages/yaml/_yaml.cpython-311-x86_64-linux-gnu.so
7fb161668000-7fb16166c000 r--p 0002e000 00:1f8 170928539158              /mnt/primary/conda-envs/semantic_uncertainty_export/lib/python3.11/site-packages/yaml/_yaml.cpython-311-x86_64-linux-gnu.so
7fb16166c000-7fb16166d000 r--p 00031000 00:1f8 170928539158              /mnt/primary/conda-envs/semantic_uncertainty_export/lib/python3.11/site-packages/yaml/_yaml.cpython-311-x86_64-linux-gnu.so
7fb16166d000-7fb161670000 rw-p 00032000 00:1f8 170928539158              /mnt/primary/conda-envs/semantic_uncertainty_export/lib/python3.11/site-packages/yaml/_yaml.cpython-311-x86_64-linux-gnu.so
7fb161670000-7fb161671000 rw-p 00000000 00:00 0 
7fb161671000-7fb161684000 r--p 00000000 00:1f8 156766326821              /mnt/primary/conda-envs/semantic_uncertainty_export/lib/python3.11/site-packages/gmpy2/gmpy2.cpython-311-x86_64-linux-gnu.so
7fb161684000-7fb1616d8000 r-xp 00013000 00:1f8 156766326821              /mnt/primary/conda-envs/semantic_uncertainty_export/lib/python3.11/site-packages/gmpy2/gmpy2.cpython-311-x86_64-linux-gnu.so
7fb1616d8000-7fb1616f8000 r--p 00067000 00:1f8 156766326821              /mnt/primary/conda-envs/semantic_uncertainty_export/lib/python3.11/site-packages/gmpy2/gmpy2.cpython-311-x86_64-linux-gnu.so
7fb1616f8000-7fb1616fa000 r--p 00086000 00:1f8 156766326821              /mnt/primary/conda-envs/semantic_uncertainty_export/lib/python3.11/site-packages/gmpy2/gmpy2.cpython-311-x86_64-linux-gnu.so
7fb1616fa000-7fb161700000 rw-p 00088000 00:1f8 156766326821              /mnt/primary/conda-envs/semantic_uncertainty_export/lib/python3.11/site-packages/gmpy2/gmpy2.cpython-311-x86_64-linux-gnu.so
7fb161700000-7fb161800000 rw-p 00000000 00:00 0 
7fb161800000-7fb163800000 rw-p 00000000 00:00 0 
7fb163803000-7fb163805000 r--p 00000000 00:1f8 70898552892               /mnt/primary/conda-envs/semantic_uncertainty_export/lib/libyaml-0.so.2.0.9
7fb163805000-7fb16381b000 r-xp 00002000 00:1f8 70898552892               /mnt/primary/conda-envs/semantic_uncertainty_export/lib/libyaml-0.so.2.0.9
7fb16381b000-7fb16381e000 r--p 00018000 00:1f8 70898552892               /mnt/primary/conda-envs/semantic_uncertainty_export/lib/libyaml-0.so.2.0.9
7fb16381e000-7fb16381f000 ---p 0001b000 00:1f8 70898552892               /mnt/primary/conda-envs/semantic_uncertainty_export/lib/libyaml-0.so.2.0.9
7fb16381f000-7fb163820000 r--p 0001b000 00:1f8 70898552892               /mnt/primary/conda-envs/semantic_uncertainty_export/lib/libyaml-0.so.2.0.9
7fb163820000-7fb163821000 rw-p 0001c000 00:1f8 70898552892               /mnt/primary/conda-envs/semantic_uncertainty_export/lib/libyaml-0.so.2.0.9
7fb163821000-7fb163921000 rw-p 00000000 00:00 0 
7fb163921000-7fb163946000 r--p 00000000 00:1f8 81779481632               /mnt/primary/conda-envs/semantic_uncertainty_export/lib/python3.11/site-packages/torch/lib/libc10.so
7fb163946000-7fb1639ba000 r-xp 00025000 00:1f8 81779481632               /mnt/primary/conda-envs/semantic_uncertainty_export/lib/python3.11/site-packages/torch/lib/libc10.so
7fb1639ba000-7fb1639e1000 r--p 00099000 00:1f8 81779481632               /mnt/primary/conda-envs/semantic_uncertainty_export/lib/python3.11/site-packages/torch/lib/libc10.so
7fb1639e1000-7fb1639e2000 ---p 000c0000 00:1f8 81779481632               /mnt/primary/conda-envs/semantic_uncertainty_export/lib/python3.11/site-packages/torch/lib/libc10.so
7fb1639e2000-7fb1639e4000 r--p 000c0000 00:1f8 81779481632               /mnt/primary/conda-envs/semantic_uncertainty_export/lib/python3.11/site-packages/torch/lib/libc10.so
7fb1639e4000-7fb1639ea000 rw-p 000c2000 00:1f8 81779481632               /mnt/primary/conda-envs/semantic_uncertainty_export/lib/python3.11/site-packages/torch/lib/libc10.so
7fb1639ea000-7fb1639ed000 rw-p 00000000 00:00 0 
7fb1639ed000-7fb163a00000 rw-p 000fa000 00:1f8 81779481632               /mnt/primary/conda-envs/semantic_uncertainty_export/lib/python3.11/site-packages/torch/lib/libc10.so
7fb163a00000-7fb163a01000 ---p 00000000 00:00 0 
7fb163a01000-7fb164201000 rw-p 00000000 00:00 0 
7fb164205000-7fb164212000 r--p 00000000 00:1f8 70923272727               /mnt/primary/conda-envs/semantic_uncertainty_export/lib/libmpfr.so.6.0.2
7fb164212000-7fb16426f000 r-xp 0000d000 00:1f8 70923272727               /mnt/primary/conda-envs/semantic_uncertainty_export/lib/libmpfr.so.6.0.2
7fb16426f000-7fb164280000 r--p 0006a000 00:1f8 70923272727               /mnt/primary/conda-envs/semantic_uncertainty_export/lib/libmpfr.so.6.0.2
7fb164280000-7fb164281000 ---p 0007b000 00:1f8 70923272727               /mnt/primary/conda-envs/semantic_uncertainty_export/lib/libmpfr.so.6.0.2
7fb164281000-7fb164283000 r--p 0007b000 00:1f8 70923272727               /mnt/primary/conda-envs/semantic_uncertainty_export/lib/libmpfr.so.6.0.2
7fb164283000-7fb164284000 rw-p 0007d000 00:1f8 70923272727               /mnt/primary/conda-envs/semantic_uncertainty_export/lib/libmpfr.so.6.0.2
7fb164284000-7fb164294000 r--p 00000000 00:1f8 81779481633               /mnt/primary/conda-envs/semantic_uncertainty_export/lib/python3.11/site-packages/torch/lib/libc10_cuda.so
7fb164294000-7fb1642e5000 r-xp 00010000 00:1f8 81779481633               /mnt/primary/conda-envs/semantic_uncertainty_export/lib/python3.11/site-packages/torch/lib/libc10_cuda.so
7fb1642e5000-7fb1642f8000 r--p 00061000 00:1f8 81779481633               /mnt/primary/conda-envs/semantic_uncertainty_export/lib/python3.11/site-packages/torch/lib/libc10_cuda.so
7fb1642f8000-7fb1642f9000 ---p 00074000 00:1f8 81779481633               /mnt/primary/conda-envs/semantic_uncertainty_export/lib/python3.11/site-packages/torch/lib/libc10_cuda.so
7fb1642f9000-7fb1642fa000 r--p 00074000 00:1f8 81779481633               /mnt/primary/conda-envs/semantic_uncertainty_export/lib/python3.11/site-packages/torch/lib/libc10_cuda.so
7fb1642fa000-7fb1642fb000 rw-p 00075000 00:1f8 81779481633               /mnt/primary/conda-envs/semantic_uncertainty_export/lib/python3.11/site-packages/torch/lib/libc10_cuda.so
7fb1642fb000-7fb164400000 rw-p 00000000 00:00 0 
7fb164400000-7fb166400000 rw-p 00000000 00:00 0 
7fb166400000-7fb166600000 rw-p 00000000 00:00 0 
7fb166600000-7fb166601000 ---p 00000000 00:00 0 
7fb166601000-7fb166e01000 rw-p 00000000 00:00 0 
7fb166e0b000-7fb166e0e000 r--p 00000000 00:1f8 137898457091              /mnt/primary/conda-envs/semantic_uncertainty_export/lib/python3.11/site-packages/lz4/block/_block.cpython-311-x86_64-linux-gnu.so
7fb166e0e000-7fb166e37000 r-xp 00003000 00:1f8 137898457091              /mnt/primary/conda-envs/semantic_uncertainty_export/lib/python3.11/site-packages/lz4/block/_block.cpython-311-x86_64-linux-gnu.so
7fb166e37000-7fb166e3a000 r--p 0002c000 00:1f8 137898457091              /mnt/primary/conda-envs/semantic_uncertainty_export/lib/python3.11/site-packages/lz4/block/_block.cpython-311-x86_64-linux-gnu.so
7fb166e3a000-7fb166e3b000 r--p 0002e000 00:1f8 137898457091              /mnt/primary/conda-envs/semantic_uncertainty_export/lib/python3.11/site-packages/lz4/block/_block.cpython-311-x86_64-linux-gnu.so
7fb166e3b000-7fb166e3c000 rw-p 0002f000 00:1f8 137898457091              /mnt/primary/conda-envs/semantic_uncertainty_export/lib/python3.11/site-packages/lz4/block/_block.cpython-311-x86_64-linux-gnu.so
7fb166e3c000-7fb166e47000 r--p 00000000 00:1f8 70896295962               /mnt/primary/conda-envs/semantic_uncertainty_export/lib/libgomp.so.1.0.0
7fb166e47000-7fb166e72000 r-xp 0000b000 00:1f8 70896295962               /mnt/primary/conda-envs/semantic_uncertainty_export/lib/libgomp.so.1.0.0
7fb166e72000-7fb166e7e000 r--p 00036000 00:1f8 70896295962               /mnt/primary/conda-envs/semantic_uncertainty_export/lib/libgomp.so.1.0.0
7fb166e7e000-7fb166e7f000 r--p 00041000 00:1f8 70896295962               /mnt/primary/conda-envs/semantic_uncertainty_export/lib/libgomp.so.1.0.0
7fb166e7f000-7fb166e80000 rw-p 00042000 00:1f8 70896295962               /mnt/primary/conda-envs/semantic_uncertainty_export/lib/libgomp.so.1.0.0
7fb166e80000-7fb166e87000 r--p 00000000 00:1f8 79668343311               /mnt/primary/conda-envs/semantic_uncertainty_export/lib/python3.11/site-packages/sklearn/metrics/_pairwise_fast.cpython-311-x86_64-linux-gnu.so
7fb166e87000-7fb166ea8000 r-xp 00007000 00:1f8 79668343311               /mnt/primary/conda-envs/semantic_uncertainty_export/lib/python3.11/site-packages/sklearn/metrics/_pairwise_fast.cpython-311-x86_64-linux-gnu.so
7fb166ea8000-7fb166eb0000 r--p 00028000 00:1f8 79668343311               /mnt/primary/conda-envs/semantic_uncertainty_export/lib/python3.11/site-packages/sklearn/metrics/_pairwise_fast.cpython-311-x86_64-linux-gnu.so
7fb166eb0000-7fb166eb1000 r--p 0002f000 00:1f8 79668343311               /mnt/primary/conda-envs/semantic_uncertainty_export/lib/python3.11/site-packages/sklearn/metrics/_pairwise_fast.cpython-311-x86_64-linux-gnu.so
7fb166eb1000-7fb166eb5000 rw-p 00030000 00:1f8 79668343311               /mnt/primary/conda-envs/semantic_uncertainty_export/lib/python3.11/site-packages/sklearn/metrics/_pairwise_fast.cpython-311-x86_64-linux-gnu.so
7fb166eb5000-7fb166eb8000 rw-p 0003e000 00:1f8 79668343311               /mnt/primary/conda-envs/semantic_uncertainty_export/lib/python3.11/site-packages/sklearn/metrics/_pairwise_fast.cpython-311-x86_64-linux-gnu.so
7fb166eb8000-7fb166ec1000 r--p 00000000 00:1f8 85912917566               /mnt/primary/conda-envs/semantic_uncertainty_export/lib/python3.11/site-packages/sklearn/metrics/_pairwise_distances_reduction/_radius_neighbors.cpython-311-x86_64-linux-gnu.so
7fb166ec1000-7fb166eeb000 r-xp 00009000 00:1f8 85912917566               /mnt/primary/conda-envs/semantic_uncertainty_export/lib/python3.11/site-packages/sklearn/metrics/_pairwise_distances_reduction/_radius_neighbors.cpython-311-x86_64-linux-gnu.so
7fb166eeb000-7fb166ef5000 r--p 00033000 00:1f8 85912917566               /mnt/primary/conda-envs/semantic_uncertainty_export/lib/python3.11/site-packages/sklearn/metrics/_pairwise_distances_reduction/_radius_neighbors.cpython-311-x86_64-linux-gnu.so
7fb166ef5000-7fb166ef6000 ---p 0003d000 00:1f8 85912917566               /mnt/primary/conda-envs/semantic_uncertainty_export/lib/python3.11/site-packages/sklearn/metrics/_pairwise_distances_reduction/_radius_neighbors.cpython-311-x86_64-linux-gnu.so
7fb166ef6000-7fb166ef7000 r--p 0003d000 00:1f8 85912917566               /mnt/primary/conda-envs/semantic_uncertainty_export/lib/python3.11/site-packages/sklearn/metrics/_pairwise_distances_reduction/_radius_neighbors.cpython-311-x86_64-linux-gnu.so
7fb166ef7000-7fb166efb000 rw-p 0003e000 00:1f8 85912917566               /mnt/primary/conda-envs/semantic_uncertainty_export/lib/python3.11/site-packages/sklearn/metrics/_pairwise_distances_reduction/_radius_neighbors.cpython-311-x86_64-linux-gnu.so
7fb166efb000-7fb166efc000 rw-p 00000000 00:00 0 
7fb166efc000-7fb166f00000 rw-p 00058000 00:1f8 85912917566               /mnt/primary/conda-envs/semantic_uncertainty_export/lib/python3.11/site-packages/sklearn/metrics/_pairwise_distances_reduction/_radius_neighbors.cpython-311-x86_64-linux-gnu.so
7fb166f00000-7fb167000000 rw-p 00000000 00:00 0 
7fb167000000-7fb169000000 rw-p 00000000 00:00 0 
7fb169000000-7fb169200000 rw-p 00000000 00:00 0 
7fb169200000-7fb169201000 ---p 00000000 00:00 0 
7fb169201000-7fb169a01000 rw-p 00000000 00:00 0 
7fb169a0d000-7fb169a14000 r--p 00000000 00:1f8 85912917559               /mnt/primary/conda-envs/semantic_uncertainty_export/lib/python3.11/site-packages/sklearn/metrics/_pairwise_distances_reduction/_argkmin_classmode.cpython-311-x86_64-linux-gnu.so
7fb169a14000-7fb169a37000 r-xp 00007000 00:1f8 85912917559               /mnt/primary/conda-envs/semantic_uncertainty_export/lib/python3.11/site-packages/sklearn/metrics/_pairwise_distances_reduction/_argkmin_classmode.cpython-311-x86_64-linux-gnu.so
7fb169a37000-7fb169a3f000 r--p 0002a000 00:1f8 85912917559               /mnt/primary/conda-envs/semantic_uncertainty_export/lib/python3.11/site-packages/sklearn/metrics/_pairwise_distances_reduction/_argkmin_classmode.cpython-311-x86_64-linux-gnu.so
7fb169a3f000-7fb169a40000 ---p 00032000 00:1f8 85912917559               /mnt/primary/conda-envs/semantic_uncertainty_export/lib/python3.11/site-packages/sklearn/metrics/_pairwise_distances_reduction/_argkmin_classmode.cpython-311-x86_64-linux-gnu.so
7fb169a40000-7fb169a41000 r--p 00032000 00:1f8 85912917559               /mnt/primary/conda-envs/semantic_uncertainty_export/lib/python3.11/site-packages/sklearn/metrics/_pairwise_distances_reduction/_argkmin_classmode.cpython-311-x86_64-linux-gnu.so
7fb169a41000-7fb169a46000 rw-p 00033000 00:1f8 85912917559               /mnt/primary/conda-envs/semantic_uncertainty_export/lib/python3.11/site-packages/sklearn/metrics/_pairwise_distances_reduction/_argkmin_classmode.cpython-311-x86_64-linux-gnu.so
7fb169a46000-7fb169a49000 rw-p 00047000 00:1f8 85912917559               /mnt/primary/conda-envs/semantic_uncertainty_export/lib/python3.11/site-packages/sklearn/metrics/_pairwise_distances_reduction/_argkmin_classmode.cpython-311-x86_64-linux-gnu.so
7fb169a49000-7fb169a51000 r--p 00000000 00:1f8 85912917565               /mnt/primary/conda-envs/semantic_uncertainty_export/lib/python3.11/site-packages/sklearn/metrics/_pairwise_distances_reduction/_middle_term_computer.cpython-311-x86_64-linux-gnu.so
7fb169a51000-7fb169a8f000 r-xp 00008000 00:1f8 85912917565               /mnt/primary/conda-envs/semantic_uncertainty_export/lib/python3.11/site-packages/sklearn/metrics/_pairwise_distances_reduction/_middle_term_computer.cpython-311-x86_64-linux-gnu.so
7fb169a8f000-7fb169a9b000 r--p 00046000 00:1f8 85912917565               /mnt/primary/conda-envs/semantic_uncertainty_export/lib/python3.11/site-packages/sklearn/metrics/_pairwise_distances_reduction/_middle_term_computer.cpython-311-x86_64-linux-gnu.so
7fb169a9b000-7fb169a9c000 ---p 00052000 00:1f8 85912917565               /mnt/primary/conda-envs/semantic_uncertainty_export/lib/python3.11/site-packages/sklearn/metrics/_pairwise_distances_reduction/_middle_term_computer.cpython-311-x86_64-linux-gnu.so
7fb169a9c000-7fb169a9d000 r--p 00052000 00:1f8 85912917565               /mnt/primary/conda-envs/semantic_uncertainty_export/lib/python3.11/site-packages/sklearn/metrics/_pairwise_distances_reduction/_middle_term_computer.cpython-311-x86_64-linux-gnu.so
7fb169a9d000-7fb169aa2000 rw-p 00053000 00:1f8 85912917565               /mnt/primary/conda-envs/semantic_uncertainty_export/lib/python3.11/site-packages/sklearn/metrics/_pairwise_distances_reduction/_middle_term_computer.cpython-311-x86_64-linux-gnu.so
7fb169aa2000-7fb169aa3000 rw-p 00000000 00:00 0 
7fb169aa3000-7fb169aa8000 rw-p 00070000 00:1f8 85912917565               /mnt/primary/conda-envs/semantic_uncertainty_export/lib/python3.11/site-packages/sklearn/metrics/_pairwise_distances_reduction/_middle_term_computer.cpython-311-x86_64-linux-gnu.so
7fb169aa8000-7fb169ab0000 r--p 00000000 00:1f8 120262026753              /mnt/primary/conda-envs/semantic_uncertainty_export/lib/python3.11/site-packages/sklearn/utils/_cython_blas.cpython-311-x86_64-linux-gnu.so
7fb169ab0000-7fb169aea000 r-xp 00008000 00:1f8 120262026753              /mnt/primary/conda-envs/semantic_uncertainty_export/lib/python3.11/site-packages/sklearn/utils/_cython_blas.cpython-311-x86_64-linux-gnu.so
7fb169aea000-7fb169af6000 r--p 00042000 00:1f8 120262026753              /mnt/primary/conda-envs/semantic_uncertainty_export/lib/python3.11/site-packages/sklearn/utils/_cython_blas.cpython-311-x86_64-linux-gnu.so
7fb169af6000-7fb169af7000 r--p 0004d000 00:1f8 120262026753              /mnt/primary/conda-envs/semantic_uncertainty_export/lib/python3.11/site-packages/sklearn/utils/_cython_blas.cpython-311-x86_64-linux-gnu.so
7fb169af7000-7fb169afc000 rw-p 0004e000 00:1f8 120262026753              /mnt/primary/conda-envs/semantic_uncertainty_export/lib/python3.11/site-packages/sklearn/utils/_cython_blas.cpython-311-x86_64-linux-gnu.so
7fb169afc000-7fb169afd000 rw-p 00000000 00:00 0 
7fb169afd000-7fb169b00000 rw-p 00061000 00:1f8 120262026753              /mnt/primary/conda-envs/semantic_uncertainty_export/lib/python3.11/site-packages/sklearn/utils/_cython_blas.cpython-311-x86_64-linux-gnu.so
7fb169b00000-7fb169c00000 rw-p 00000000 00:00 0 
7fb169c00000-7fb16bc00000 rw-p 00000000 00:00 0 
7fb16bc00000-7fb16be00000 rw-p 00000000 00:00 0 
7fb16be00000-7fb16be01000 ---p 00000000 00:00 0 
7fb16be01000-7fb16c601000 rw-p 00000000 00:00 0 
7fb16c605000-7fb16c611000 r--p 00000000 00:1f8 81779481645               /mnt/primary/conda-envs/semantic_uncertainty_export/lib/python3.11/site-packages/torch/lib/libtorch.so
7fb16c611000-7fb16c61c000 r-xp 0000c000 00:1f8 81779481645               /mnt/primary/conda-envs/semantic_uncertainty_export/lib/python3.11/site-packages/torch/lib/libtorch.so
7fb16c61c000-7fb16c621000 r--p 00017000 00:1f8 81779481645               /mnt/primary/conda-envs/semantic_uncertainty_export/lib/python3.11/site-packages/torch/lib/libtorch.so
7fb16c621000-7fb16c622000 ---p 0001c000 00:1f8 81779481645               /mnt/primary/conda-envs/semantic_uncertainty_export/lib/python3.11/site-packages/torch/lib/libtorch.so
7fb16c622000-7fb16c623000 r--p 0001c000 00:1f8 81779481645               /mnt/primary/conda-envs/semantic_uncertainty_export/lib/python3.11/site-packages/torch/lib/libtorch.so
7fb16c623000-7fb16c624000 rw-p 0001d000 00:1f8 81779481645               /mnt/primary/conda-envs/semantic_uncertainty_export/lib/python3.11/site-packages/torch/lib/libtorch.so
7fb16c624000-7fb16c62b000 r--p 00000000 00:1f8 85912917557               /mnt/primary/conda-envs/semantic_uncertainty_export/lib/python3.11/site-packages/sklearn/metrics/_pairwise_distances_reduction/_datasets_pair.cpython-311-x86_64-linux-gnu.so
7fb16c62b000-7fb16c667000 r-xp 00007000 00:1f8 85912917557               /mnt/primary/conda-envs/semantic_uncertainty_export/lib/python3.11/site-packages/sklearn/metrics/_pairwise_distances_reduction/_datasets_pair.cpython-311-x86_64-linux-gnu.so
7fb16c667000-7fb16c674000 r--p 00043000 00:1f8 85912917557               /mnt/primary/conda-envs/semantic_uncertainty_export/lib/python3.11/site-packages/sklearn/metrics/_pairwise_distances_reduction/_datasets_pair.cpython-311-x86_64-linux-gnu.so
7fb16c674000-7fb16c675000 r--p 0004f000 00:1f8 85912917557               /mnt/primary/conda-envs/semantic_uncertainty_export/lib/python3.11/site-packages/sklearn/metrics/_pairwise_distances_reduction/_datasets_pair.cpython-311-x86_64-linux-gnu.so
7fb16c675000-7fb16c67a000 rw-p 00050000 00:1f8 85912917557               /mnt/primary/conda-envs/semantic_uncertainty_export/lib/python3.11/site-packages/sklearn/metrics/_pairwise_distances_reduction/_datasets_pair.cpython-311-x86_64-linux-gnu.so
7fb16c67a000-7fb16c67b000 rw-p 00000000 00:00 0 
7fb16c67b000-7fb16c67e000 rw-p 0006f000 00:1f8 85912917557               /mnt/primary/conda-envs/semantic_uncertainty_export/lib/python3.11/site-packages/sklearn/metrics/_pairwise_distances_reduction/_datasets_pair.cpython-311-x86_64-linux-gnu.so
7fb16c67e000-7fb16c685000 r--p 00000000 00:1f8 85912917564               /mnt/primary/conda-envs/semantic_uncertainty_export/lib/python3.11/site-packages/sklearn/metrics/_pairwise_distances_reduction/_base.cpython-311-x86_64-linux-gnu.so
7fb16c685000-7fb16c6aa000 r-xp 00007000 00:1f8 85912917564               /mnt/primary/conda-envs/semantic_uncertainty_export/lib/python3.11/site-packages/sklearn/metrics/_pairwise_distances_reduction/_base.cpython-311-x86_64-linux-gnu.so
7fb16c6aa000-7fb16c6b2000 r--p 0002c000 00:1f8 85912917564               /mnt/primary/conda-envs/semantic_uncertainty_export/lib/python3.11/site-packages/sklearn/metrics/_pairwise_distances_reduction/_base.cpython-311-x86_64-linux-gnu.so
7fb16c6b2000-7fb16c6b3000 r--p 00033000 00:1f8 85912917564               /mnt/primary/conda-envs/semantic_uncertainty_export/lib/python3.11/site-packages/sklearn/metrics/_pairwise_distances_reduction/_base.cpython-311-x86_64-linux-gnu.so
7fb16c6b3000-7fb16c6b7000 rw-p 00034000 00:1f8 85912917564               /mnt/primary/conda-envs/semantic_uncertainty_export/lib/python3.11/site-packages/sklearn/metrics/_pairwise_distances_reduction/_base.cpython-311-x86_64-linux-gnu.so
7fb16c6b7000-7fb16c6bc000 rw-p 0004a000 00:1f8 85912917564               /mnt/primary/conda-envs/semantic_uncertainty_export/lib/python3.11/site-packages/sklearn/metrics/_pairwise_distances_reduction/_base.cpython-311-x86_64-linux-gnu.so
7fb16c6bc000-7fb16c6c3000 r--p 00000000 00:1f8 85912917561               /mnt/primary/conda-envs/semantic_uncertainty_export/lib/python3.11/site-packages/sklearn/metrics/_pairwise_distances_reduction/_argkmin.cpython-311-x86_64-linux-gnu.so
7fb16c6c3000-7fb16c6ec000 r-xp 00007000 00:1f8 85912917561               /mnt/primary/conda-envs/semantic_uncertainty_export/lib/python3.11/site-packages/sklearn/metrics/_pairwise_distances_reduction/_argkmin.cpython-311-x86_64-linux-gnu.so
7fb16c6ec000-7fb16c6f5000 r--p 00030000 00:1f8 85912917561               /mnt/primary/conda-envs/semantic_uncertainty_export/lib/python3.11/site-packages/sklearn/metrics/_pairwise_distances_reduction/_argkmin.cpython-311-x86_64-linux-gnu.so
7fb16c6f5000-7fb16c6f6000 r--p 00038000 00:1f8 85912917561               /mnt/primary/conda-envs/semantic_uncertainty_export/lib/python3.11/site-packages/sklearn/metrics/_pairwise_distances_reduction/_argkmin.cpython-311-x86_64-linux-gnu.so
7fb16c6f6000-7fb16c6fa000 rw-p 00039000 00:1f8 85912917561               /mnt/primary/conda-envs/semantic_uncertainty_export/lib/python3.11/site-packages/sklearn/metrics/_pairwise_distances_reduction/_argkmin.cpython-311-x86_64-linux-gnu.so
7fb16c6fa000-7fb16c6fb000 rw-p 00000000 00:00 0 
7fb16c6fb000-7fb16c700000 rw-p 00051000 00:1f8 85912917561               /mnt/primary/conda-envs/semantic_uncertainty_export/lib/python3.11/site-packages/sklearn/metrics/_pairwise_distances_reduction/_argkmin.cpython-311-x86_64-linux-gnu.so
7fb16c700000-7fb16c800000 rw-p 00000000 00:00 0 
7fb16c800000-7fb16e800000 rw-p 00000000 00:00 0 
7fb16e800000-7fb16ea00000 rw-p 00000000 00:00 0 
7fb16ea00000-7fb16ea01000 ---p 00000000 00:00 0 
7fb16ea01000-7fb16f201000 rw-p 00000000 00:00 0 
7fb16f207000-7fb16f209000 r--p 00000000 08:04 3232185261                 /usr/lib/jvm/java-11-openjdk-amd64/lib/libzip.so
7fb16f209000-7fb16f20e000 r-xp 00002000 08:04 3232185261                 /usr/lib/jvm/java-11-openjdk-amd64/lib/libzip.so
7fb16f20e000-7fb16f210000 r--p 00007000 08:04 3232185261                 /usr/lib/jvm/java-11-openjdk-amd64/lib/libzip.so
7fb16f210000-7fb16f211000 r--p 00008000 08:04 3232185261                 /usr/lib/jvm/java-11-openjdk-amd64/lib/libzip.so
7fb16f211000-7fb16f212000 rw-p 00009000 08:04 3232185261                 /usr/lib/jvm/java-11-openjdk-amd64/lib/libzip.so
7fb16f212000-7fb16f21c000 r--p 00000000 00:1f8 79668343313               /mnt/primary/conda-envs/semantic_uncertainty_export/lib/python3.11/site-packages/sklearn/metrics/_dist_metrics.cpython-311-x86_64-linux-gnu.so
7fb16f21c000-7fb16f273000 r-xp 0000a000 00:1f8 79668343313               /mnt/primary/conda-envs/semantic_uncertainty_export/lib/python3.11/site-packages/sklearn/metrics/_dist_metrics.cpython-311-x86_64-linux-gnu.so
7fb16f273000-7fb16f287000 r--p 00061000 00:1f8 79668343313               /mnt/primary/conda-envs/semantic_uncertainty_export/lib/python3.11/site-packages/sklearn/metrics/_dist_metrics.cpython-311-x86_64-linux-gnu.so
7fb16f287000-7fb16f288000 r--p 00074000 00:1f8 79668343313               /mnt/primary/conda-envs/semantic_uncertainty_export/lib/python3.11/site-packages/sklearn/metrics/_dist_metrics.cpython-311-x86_64-linux-gnu.so
7fb16f288000-7fb16f293000 rw-p 00075000 00:1f8 79668343313               /mnt/primary/conda-envs/semantic_uncertainty_export/lib/python3.11/site-packages/sklearn/metrics/_dist_metrics.cpython-311-x86_64-linux-gnu.so
7fb16f293000-7fb16f295000 rw-p 00000000 00:00 0 
7fb16f295000-7fb16f298000 rw-p 0009c000 00:1f8 79668343313               /mnt/primary/conda-envs/semantic_uncertainty_export/lib/python3.11/site-packages/sklearn/metrics/_dist_metrics.cpython-311-x86_64-linux-gnu.so
7fb16f298000-7fb16f2a0000 r--p 00000000 00:1f8 107408755242              /mnt/primary/conda-envs/semantic_uncertainty_export/lib/python3.11/site-packages/sklearn/preprocessing/_target_encoder_fast.cpython-311-x86_64-linux-gnu.so
7fb16f2a0000-7fb16f2ec000 r-xp 00008000 00:1f8 107408755242              /mnt/primary/conda-envs/semantic_uncertainty_export/lib/python3.11/site-packages/sklearn/preprocessing/_target_encoder_fast.cpython-311-x86_64-linux-gnu.so
7fb16f2ec000-7fb16f2f5000 r--p 00054000 00:1f8 107408755242              /mnt/primary/conda-envs/semantic_uncertainty_export/lib/python3.11/site-packages/sklearn/preprocessing/_target_encoder_fast.cpython-311-x86_64-linux-gnu.so
7fb16f2f5000-7fb16f2f6000 r--p 0005c000 00:1f8 107408755242              /mnt/primary/conda-envs/semantic_uncertainty_export/lib/python3.11/site-packages/sklearn/preprocessing/_target_encoder_fast.cpython-311-x86_64-linux-gnu.so
7fb16f2f6000-7fb16f2fa000 rw-p 0005d000 00:1f8 107408755242              /mnt/primary/conda-envs/semantic_uncertainty_export/lib/python3.11/site-packages/sklearn/preprocessing/_target_encoder_fast.cpython-311-x86_64-linux-gnu.so
7fb16f2fa000-7fb16f2fb000 rw-p 00000000 00:00 0 
7fb16f2fb000-7fb16f300000 rw-p 0007c000 00:1f8 107408755242              /mnt/primary/conda-envs/semantic_uncertainty_export/lib/python3.11/site-packages/sklearn/preprocessing/_target_encoder_fast.cpython-311-x86_64-linux-gnu.so
7fb16f300000-7fb16f400000 rw-p 00000000 00:00 0 
7fb16f400000-7fb171400000 rw-p 00000000 00:00 0 
7fb171400000-7fb171600000 rw-p 00000000 00:00 0 
7fb171600000-7fb171601000 ---p 00000000 00:00 0 
7fb171601000-7fb171e01000 rw-p 00000000 00:00 0 
7fb171e02000-7fb171e07000 r--p 00000000 08:04 3232185260                 /usr/lib/jvm/java-11-openjdk-amd64/lib/libverify.so
7fb171e07000-7fb171e0e000 r-xp 00005000 08:04 3232185260                 /usr/lib/jvm/java-11-openjdk-amd64/lib/libverify.so
7fb171e0e000-7fb171e10000 r--p 0000c000 08:04 3232185260                 /usr/lib/jvm/java-11-openjdk-amd64/lib/libverify.so
7fb171e10000-7fb171e12000 r--p 0000d000 08:04 3232185260                 /usr/lib/jvm/java-11-openjdk-amd64/lib/libverify.so
7fb171e12000-7fb171e13000 rw-p 0000f000 08:04 3232185260                 /usr/lib/jvm/java-11-openjdk-amd64/lib/libverify.so
7fb171e13000-7fb171e1b000 r--p 00000000 00:1f8 107408755241              /mnt/primary/conda-envs/semantic_uncertainty_export/lib/python3.11/site-packages/sklearn/preprocessing/_csr_polynomial_expansion.cpython-311-x86_64-linux-gnu.so
7fb171e1b000-7fb171e4d000 r-xp 00008000 00:1f8 107408755241              /mnt/primary/conda-envs/semantic_uncertainty_export/lib/python3.11/site-packages/sklearn/preprocessing/_csr_polynomial_expansion.cpython-311-x86_64-linux-gnu.so
7fb171e4d000-7fb171e56000 r--p 0003a000 00:1f8 107408755241              /mnt/primary/conda-envs/semantic_uncertainty_export/lib/python3.11/site-packages/sklearn/preprocessing/_csr_polynomial_expansion.cpython-311-x86_64-linux-gnu.so
7fb171e56000-7fb171e57000 r--p 00042000 00:1f8 107408755241              /mnt/primary/conda-envs/semantic_uncertainty_export/lib/python3.11/site-packages/sklearn/preprocessing/_csr_polynomial_expansion.cpython-311-x86_64-linux-gnu.so
7fb171e57000-7fb171e5c000 rw-p 00043000 00:1f8 107408755241              /mnt/primary/conda-envs/semantic_uncertainty_export/lib/python3.11/site-packages/sklearn/preprocessing/_csr_polynomial_expansion.cpython-311-x86_64-linux-gnu.so
7fb171e5c000-7fb171e5d000 rw-p 00000000 00:00 0 
7fb171e5d000-7fb171e60000 rw-p 00054000 00:1f8 107408755241              /mnt/primary/conda-envs/semantic_uncertainty_export/lib/python3.11/site-packages/sklearn/preprocessing/_csr_polynomial_expansion.cpython-311-x86_64-linux-gnu.so
7fb171e60000-7fb171e69000 r--p 00000000 00:1f8 120262026777              /mnt/primary/conda-envs/semantic_uncertainty_export/lib/python3.11/site-packages/sklearn/utils/sparsefuncs_fast.cpython-311-x86_64-linux-gnu.so
7fb171e69000-7fb171ee8000 r-xp 00009000 00:1f8 120262026777              /mnt/primary/conda-envs/semantic_uncertainty_export/lib/python3.11/site-packages/sklearn/utils/sparsefuncs_fast.cpython-311-x86_64-linux-gnu.so
7fb171ee8000-7fb171ef3000 r--p 00088000 00:1f8 120262026777              /mnt/primary/conda-envs/semantic_uncertainty_export/lib/python3.11/site-packages/sklearn/utils/sparsefuncs_fast.cpython-311-x86_64-linux-gnu.so
7fb171ef3000-7fb171ef4000 ---p 00093000 00:1f8 120262026777              /mnt/primary/conda-envs/semantic_uncertainty_export/lib/python3.11/site-packages/sklearn/utils/sparsefuncs_fast.cpython-311-x86_64-linux-gnu.so
7fb171ef4000-7fb171ef5000 r--p 00093000 00:1f8 120262026777              /mnt/primary/conda-envs/semantic_uncertainty_export/lib/python3.11/site-packages/sklearn/utils/sparsefuncs_fast.cpython-311-x86_64-linux-gnu.so
7fb171ef5000-7fb171efb000 rw-p 00094000 00:1f8 120262026777              /mnt/primary/conda-envs/semantic_uncertainty_export/lib/python3.11/site-packages/sklearn/utils/sparsefuncs_fast.cpython-311-x86_64-linux-gnu.so
7fb171efb000-7fb171efd000 rw-p 00000000 00:00 0 
7fb171efd000-7fb171f00000 rw-p 000ad000 00:1f8 120262026777              /mnt/primary/conda-envs/semantic_uncertainty_export/lib/python3.11/site-packages/sklearn/utils/sparsefuncs_fast.cpython-311-x86_64-linux-gnu.so
7fb171f00000-7fb172000000 rw-p 00000000 00:00 0 
7fb172000000-7fb174000000 rw-p 00000000 00:00 0 
7fb174000000-7fb174200000 rw-p 00000000 00:00 0 
7fb174200000-7fb174201000 ---p 00000000 00:00 0 
7fb174201000-7fb174a01000 rw-p 00000000 00:00 0 
7fb174a09000-7fb174a11000 rw-s 00000000 08:04 2229448549                 /tmp/hsperfdata_root/27053 (deleted)
7fb174a11000-7fb174a15000 r--p 00000000 00:1f8 135689858102              /mnt/primary/conda-envs/semantic_uncertainty_export/lib/python3.11/site-packages/lz4/frame/_frame.cpython-311-x86_64-linux-gnu.so
7fb174a15000-7fb174a44000 r-xp 00004000 00:1f8 135689858102              /mnt/primary/conda-envs/semantic_uncertainty_export/lib/python3.11/site-packages/lz4/frame/_frame.cpython-311-x86_64-linux-gnu.so
7fb174a44000-7fb174a4b000 r--p 00033000 00:1f8 135689858102              /mnt/primary/conda-envs/semantic_uncertainty_export/lib/python3.11/site-packages/lz4/frame/_frame.cpython-311-x86_64-linux-gnu.so
7fb174a4b000-7fb174a4c000 r--p 00039000 00:1f8 135689858102              /mnt/primary/conda-envs/semantic_uncertainty_export/lib/python3.11/site-packages/lz4/frame/_frame.cpython-311-x86_64-linux-gnu.so
7fb174a4c000-7fb174a4d000 rw-p 0003a000 00:1f8 135689858102              /mnt/primary/conda-envs/semantic_uncertainty_export/lib/python3.11/site-packages/lz4/frame/_frame.cpython-311-x86_64-linux-gnu.so
7fb174a4d000-7fb174a50000 r--p 00000000 00:1f8 103089116719              /mnt/primary/conda-envs/semantic_uncertainty_export/lib/python3.11/site-packages/brotli/_brotli.abi3.so
7fb174a50000-7fb174a90000 r-xp 00003000 00:1f8 103089116719              /mnt/primary/conda-envs/semantic_uncertainty_export/lib/python3.11/site-packages/brotli/_brotli.abi3.so
7fb174a90000-7fb174afe000 r--p 00043000 00:1f8 103089116719              /mnt/primary/conda-envs/semantic_uncertainty_export/lib/python3.11/site-packages/brotli/_brotli.abi3.so
7fb174afe000-7fb174aff000 r--p 000b0000 00:1f8 103089116719              /mnt/primary/conda-envs/semantic_uncertainty_export/lib/python3.11/site-packages/brotli/_brotli.abi3.so
7fb174aff000-7fb174b00000 rw-p 000b1000 00:1f8 103089116719              /mnt/primary/conda-envs/semantic_uncertainty_export/lib/python3.11/site-packages/brotli/_brotli.abi3.so
7fb174b00000-7fb174c00000 rw-p 00000000 00:00 0 
7fb174c00000-7fb176c00000 rw-p 00000000 00:00 0 
7fb176c00000-7fb176e00000 rw-p 00000000 00:00 0 
7fb176e00000-7fb176e01000 ---p 00000000 00:00 0 
7fb176e01000-7fb177601000 rw-p 00000000 00:00 0 
7fb177607000-7fb17760a000 r--p 00000000 00:1f8 70898546225               /mnt/primary/conda-envs/semantic_uncertainty_export/lib/libtasn1.so.6.6.3
7fb17760a000-7fb177616000 r-xp 00003000 00:1f8 70898546225               /mnt/primary/conda-envs/semantic_uncertainty_export/lib/libtasn1.so.6.6.3
7fb177616000-7fb17761a000 r--p 0000f000 00:1f8 70898546225               /mnt/primary/conda-envs/semantic_uncertainty_export/lib/libtasn1.so.6.6.3
7fb17761a000-7fb17761b000 ---p 00013000 00:1f8 70898546225               /mnt/primary/conda-envs/semantic_uncertainty_export/lib/libtasn1.so.6.6.3
7fb17761b000-7fb17761c000 r--p 00013000 00:1f8 70898546225               /mnt/primary/conda-envs/semantic_uncertainty_export/lib/libtasn1.so.6.6.3
7fb17761c000-7fb17761d000 rw-p 00014000 00:1f8 70898546225               /mnt/primary/conda-envs/semantic_uncertainty_export/lib/libtasn1.so.6.6.3
7fb17761d000-7fb177621000 r--p 00000000 00:1f8 120262026760              /mnt/primary/conda-envs/semantic_uncertainty_export/lib/python3.11/site-packages/sklearn/utils/_vector_sentinel.cpython-311-x86_64-linux-gnu.so
7fb177621000-7fb177630000 r-xp 00004000 00:1f8 120262026760              /mnt/primary/conda-envs/semantic_uncertainty_export/lib/python3.11/site-packages/sklearn/utils/_vector_sentinel.cpython-311-x86_64-linux-gnu.so
7fb177630000-7fb177634000 r--p 00013000 00:1f8 120262026760              /mnt/primary/conda-envs/semantic_uncertainty_export/lib/python3.11/site-packages/sklearn/utils/_vector_sentinel.cpython-311-x86_64-linux-gnu.so
7fb177634000-7fb177635000 r--p 00016000 00:1f8 120262026760              /mnt/primary/conda-envs/semantic_uncertainty_export/lib/python3.11/site-packages/sklearn/utils/_vector_sentinel.cpython-311-x86_64-linux-gnu.so
7fb177635000-7fb177637000 rw-p 00017000 00:1f8 120262026760              /mnt/primary/conda-envs/semantic_uncertainty_export/lib/python3.11/site-packages/sklearn/utils/_vector_sentinel.cpython-311-x86_64-linux-gnu.so
7fb177637000-7fb177639000 rw-p 00021000 00:1f8 120262026760              /mnt/primary/conda-envs/semantic_uncertainty_export/lib/python3.11/site-packages/sklearn/utils/_vector_sentinel.cpython-311-x86_64-linux-gnu.so
7fb177639000-7fb177649000 r--p 00000000 00:1f8 83815412257               /mnt/primary/conda-envs/semantic_uncertainty_export/lib/python3.11/site-packages/regex/_regex.cpython-311-x86_64-linux-gnu.so
7fb177649000-7fb177680000 r-xp 00010000 00:1f8 83815412257               /mnt/primary/conda-envs/semantic_uncertainty_export/lib/python3.11/site-packages/regex/_regex.cpython-311-x86_64-linux-gnu.so
7fb177680000-7fb1776f6000 r--p 00047000 00:1f8 83815412257               /mnt/primary/conda-envs/semantic_uncertainty_export/lib/python3.11/site-packages/regex/_regex.cpython-311-x86_64-linux-gnu.so
7fb1776f6000-7fb1776f7000 r--p 000bc000 00:1f8 83815412257               /mnt/primary/conda-envs/semantic_uncertainty_export/lib/python3.11/site-packages/regex/_regex.cpython-311-x86_64-linux-gnu.so
7fb1776f7000-7fb177700000 rw-p 000bd000 00:1f8 83815412257               /mnt/primary/conda-envs/semantic_uncertainty_export/lib/python3.11/site-packages/regex/_regex.cpython-311-x86_64-linux-gnu.so
7fb177700000-7fb177800000 rw-p 00000000 00:00 0 
7fb177800000-7fb179800000 rw-p 00000000 00:00 0 
7fb179802000-7fb17980a000 r--p 00000000 00:1f8 98787895812               /mnt/primary/conda-envs/semantic_uncertainty_export/lib/python3.11/site-packages/_cffi_backend.cpython-311-x86_64-linux-gnu.so
7fb17980a000-7fb179821000 r-xp 00008000 00:1f8 98787895812               /mnt/primary/conda-envs/semantic_uncertainty_export/lib/python3.11/site-packages/_cffi_backend.cpython-311-x86_64-linux-gnu.so
7fb179821000-7fb17982c000 r--p 0001f000 00:1f8 98787895812               /mnt/primary/conda-envs/semantic_uncertainty_export/lib/python3.11/site-packages/_cffi_backend.cpython-311-x86_64-linux-gnu.so
7fb17982c000-7fb17982e000 r--p 00029000 00:1f8 98787895812               /mnt/primary/conda-envs/semantic_uncertainty_export/lib/python3.11/site-packages/_cffi_backend.cpython-311-x86_64-linux-gnu.so
7fb17982e000-7fb179831000 rw-p 0002b000 00:1f8 98787895812               /mnt/primary/conda-envs/semantic_uncertainty_export/lib/python3.11/site-packages/_cffi_backend.cpython-311-x86_64-linux-gnu.so
7fb179831000-7fb179834000 rw-p 00000000 00:00 0 
7fb179834000-7fb179845000 r--p 00000000 00:1f8 159264572985              /mnt/primary/conda-envs/semantic_uncertainty_export/lib/python3.11/site-packages/matplotlib/ft2font.cpython-311-x86_64-linux-gnu.so
7fb179845000-7fb1798cc000 r-xp 00011000 00:1f8 159264572985              /mnt/primary/conda-envs/semantic_uncertainty_export/lib/python3.11/site-packages/matplotlib/ft2font.cpython-311-x86_64-linux-gnu.so
7fb1798cc000-7fb1798f7000 r--p 00098000 00:1f8 159264572985              /mnt/primary/conda-envs/semantic_uncertainty_export/lib/python3.11/site-packages/matplotlib/ft2font.cpython-311-x86_64-linux-gnu.so
7fb1798f7000-7fb1798fd000 r--p 000c2000 00:1f8 159264572985              /mnt/primary/conda-envs/semantic_uncertainty_export/lib/python3.11/site-packages/matplotlib/ft2font.cpython-311-x86_64-linux-gnu.so
7fb1798fd000-7fb1798fe000 rw-p 000c8000 00:1f8 159264572985              /mnt/primary/conda-envs/semantic_uncertainty_export/lib/python3.11/site-packages/matplotlib/ft2font.cpython-311-x86_64-linux-gnu.so
7fb1798fe000-7fb179a00000 rw-p 00000000 00:00 0 
7fb179a00000-7fb17ba00000 rw-p 00000000 00:00 0 
7fb17ba00000-7fb17bc00000 rw-p 00000000 00:00 0 
7fb17bc00000-7fb17dc00000 rw-p 00000000 00:00 0 
7fb17dc01000-7fb17dc06000 r--p 00000000 00:1f8 120262025723              /mnt/primary/conda-envs/semantic_uncertainty_export/lib/python3.11/site-packages/sklearn/utils/_logistic_sigmoid.cpython-311-x86_64-linux-gnu.so
7fb17dc06000-7fb17dc1c000 r-xp 00005000 00:1f8 120262025723              /mnt/primary/conda-envs/semantic_uncertainty_export/lib/python3.11/site-packages/sklearn/utils/_logistic_sigmoid.cpython-311-x86_64-linux-gnu.so
7fb17dc1c000-7fb17dc22000 r--p 0001b000 00:1f8 120262025723              /mnt/primary/conda-envs/semantic_uncertainty_export/lib/python3.11/site-packages/sklearn/utils/_logistic_sigmoid.cpython-311-x86_64-linux-gnu.so
7fb17dc22000-7fb17dc23000 r--p 00020000 00:1f8 120262025723              /mnt/primary/conda-envs/semantic_uncertainty_export/lib/python3.11/site-packages/sklearn/utils/_logistic_sigmoid.cpython-311-x86_64-linux-gnu.so
7fb17dc23000-7fb17dc26000 rw-p 00021000 00:1f8 120262025723              /mnt/primary/conda-envs/semantic_uncertainty_export/lib/python3.11/site-packages/sklearn/utils/_logistic_sigmoid.cpython-311-x86_64-linux-gnu.so
7fb17dc26000-7fb17dc29000 rw-p 0002b000 00:1f8 120262025723              /mnt/primary/conda-envs/semantic_uncertainty_export/lib/python3.11/site-packages/sklearn/utils/_logistic_sigmoid.cpython-311-x86_64-linux-gnu.so
7fb17dc29000-7fb17dc32000 r--p 00000000 00:1f8 159264572967              /mnt/primary/conda-envs/semantic_uncertainty_export/lib/python3.11/site-packages/matplotlib/_image.cpython-311-x86_64-linux-gnu.so
7fb17dc32000-7fb17dc5b000 r-xp 00009000 00:1f8 159264572967              /mnt/primary/conda-envs/semantic_uncertainty_export/lib/python3.11/site-packages/matplotlib/_image.cpython-311-x86_64-linux-gnu.so
7fb17dc5b000-7fb17dc61000 r--p 00032000 00:1f8 159264572967              /mnt/primary/conda-envs/semantic_uncertainty_export/lib/python3.11/site-packages/matplotlib/_image.cpython-311-x86_64-linux-gnu.so
7fb17dc61000-7fb17dc62000 r--p 00037000 00:1f8 159264572967              /mnt/primary/conda-envs/semantic_uncertainty_export/lib/python3.11/site-packages/matplotlib/_image.cpython-311-x86_64-linux-gnu.so
7fb17dc62000-7fb17dc63000 rw-p 00038000 00:1f8 159264572967              /mnt/primary/conda-envs/semantic_uncertainty_export/lib/python3.11/site-packages/matplotlib/_image.cpython-311-x86_64-linux-gnu.so
7fb17dc63000-7fb17dd64000 rw-p 00000000 00:00 0 
7fb17dd64000-7fb17dd6e000 r--p 00000000 00:1f8 70898546191               /mnt/primary/conda-envs/semantic_uncertainty_export/lib/libLerc.so
7fb17dd6e000-7fb17ddf5000 r-xp 0000a000 00:1f8 70898546191               /mnt/primary/conda-envs/semantic_uncertainty_export/lib/libLerc.so
7fb17ddf5000-7fb17ddfd000 r--p 00091000 00:1f8 70898546191               /mnt/primary/conda-envs/semantic_uncertainty_export/lib/libLerc.so
7fb17ddfd000-7fb17ddfe000 ---p 00099000 00:1f8 70898546191               /mnt/primary/conda-envs/semantic_uncertainty_export/lib/libLerc.so
7fb17ddfe000-7fb17ddff000 r--p 00099000 00:1f8 70898546191               /mnt/primary/conda-envs/semantic_uncertainty_export/lib/libLerc.so
7fb17ddff000-7fb17de00000 rw-p 0009a000 00:1f8 70898546191               /mnt/primary/conda-envs/semantic_uncertainty_export/lib/libLerc.so
7fb17de00000-7fb17fe00000 rw-p 00000000 00:00 0 
7fb17fe06000-7fb17fe08000 r--p 00000000 08:04 3232185243                 /usr/lib/jvm/java-11-openjdk-amd64/lib/libjimage.so
7fb17fe08000-7fb17fe0b000 r-xp 00002000 08:04 3232185243                 /usr/lib/jvm/java-11-openjdk-amd64/lib/libjimage.so
7fb17fe0b000-7fb17fe0c000 r--p 00005000 08:04 3232185243                 /usr/lib/jvm/java-11-openjdk-amd64/lib/libjimage.so
7fb17fe0c000-7fb17fe0d000 ---p 00006000 08:04 3232185243                 /usr/lib/jvm/java-11-openjdk-amd64/lib/libjimage.so
7fb17fe0d000-7fb17fe0e000 r--p 00006000 08:04 3232185243                 /usr/lib/jvm/java-11-openjdk-amd64/lib/libjimage.so
7fb17fe0e000-7fb17fe0f000 rw-p 00007000 08:04 3232185243                 /usr/lib/jvm/java-11-openjdk-amd64/lib/libjimage.so
7fb17fe0f000-7fb17fe11000 r--p 00000000 00:1f8 133230551071              /mnt/primary/conda-envs/semantic_uncertainty_export/lib/python3.11/site-packages/lz4/_version.cpython-311-x86_64-linux-gnu.so
7fb17fe11000-7fb17fe2a000 r-xp 00002000 00:1f8 133230551071              /mnt/primary/conda-envs/semantic_uncertainty_export/lib/python3.11/site-packages/lz4/_version.cpython-311-x86_64-linux-gnu.so
7fb17fe2a000-7fb17fe2b000 r--p 0001b000 00:1f8 133230551071              /mnt/primary/conda-envs/semantic_uncertainty_export/lib/python3.11/site-packages/lz4/_version.cpython-311-x86_64-linux-gnu.so
7fb17fe2b000-7fb17fe2c000 ---p 0001c000 00:1f8 133230551071              /mnt/primary/conda-envs/semantic_uncertainty_export/lib/python3.11/site-packages/lz4/_version.cpython-311-x86_64-linux-gnu.so
7fb17fe2c000-7fb17fe2d000 r--p 0001c000 00:1f8 133230551071              /mnt/primary/conda-envs/semantic_uncertainty_export/lib/python3.11/site-packages/lz4/_version.cpython-311-x86_64-linux-gnu.so
7fb17fe2d000-7fb17fe2e000 rw-p 0001d000 00:1f8 133230551071              /mnt/primary/conda-envs/semantic_uncertainty_export/lib/python3.11/site-packages/lz4/_version.cpython-311-x86_64-linux-gnu.so
7fb17fe2e000-7fb17fe35000 r--p 00000000 00:1f8 165573261858              /mnt/primary/conda-envs/semantic_uncertainty_export/lib/python3.11/site-packages/kiwisolver/_cext.cpython-311-x86_64-linux-gnu.so
7fb17fe35000-7fb17fe59000 r-xp 00007000 00:1f8 165573261858              /mnt/primary/conda-envs/semantic_uncertainty_export/lib/python3.11/site-packages/kiwisolver/_cext.cpython-311-x86_64-linux-gnu.so
7fb17fe59000-7fb17fe5f000 r--p 0002b000 00:1f8 165573261858              /mnt/primary/conda-envs/semantic_uncertainty_export/lib/python3.11/site-packages/kiwisolver/_cext.cpython-311-x86_64-linux-gnu.so
7fb17fe5f000-7fb17fe60000 r--p 00030000 00:1f8 165573261858              /mnt/primary/conda-envs/semantic_uncertainty_export/lib/python3.11/site-packages/kiwisolver/_cext.cpython-311-x86_64-linux-gnu.so
7fb17fe60000-7fb17fe61000 rw-p 00031000 00:1f8 165573261858              /mnt/primary/conda-envs/semantic_uncertainty_export/lib/python3.11/site-packages/kiwisolver/_cext.cpython-311-x86_64-linux-gnu.so
7fb17fe61000-7fb17fe62000 rw-p 00000000 00:00 0 
7fb17fe62000-7fb17fe70000 r--p 00000000 00:1f8 70923272745               /mnt/primary/conda-envs/semantic_uncertainty_export/lib/libzstd.so.1.5.5
7fb17fe70000-7fb17ff5a000 r-xp 0000e000 00:1f8 70923272745               /mnt/primary/conda-envs/semantic_uncertainty_export/lib/libzstd.so.1.5.5
7fb17ff5a000-7fb17ff6f000 r--p 000f8000 00:1f8 70923272745               /mnt/primary/conda-envs/semantic_uncertainty_export/lib/libzstd.so.1.5.5
7fb17ff6f000-7fb17ff70000 ---p 0010d000 00:1f8 70923272745               /mnt/primary/conda-envs/semantic_uncertainty_export/lib/libzstd.so.1.5.5
7fb17ff70000-7fb17ff71000 r--p 0010d000 00:1f8 70923272745               /mnt/primary/conda-envs/semantic_uncertainty_export/lib/libzstd.so.1.5.5
7fb17ff71000-7fb17ff72000 rw-p 0010e000 00:1f8 70923272745               /mnt/primary/conda-envs/semantic_uncertainty_export/lib/libzstd.so.1.5.5
7fb17ff72000-7fb17ff7b000 r--p 00000000 00:1f8 70924951580               /mnt/primary/conda-envs/semantic_uncertainty_export/lib/libtiff.so.6.0.1
7fb17ff7b000-7fb17ffc9000 r-xp 00009000 00:1f8 70924951580               /mnt/primary/conda-envs/semantic_uncertainty_export/lib/libtiff.so.6.0.1
7fb17ffc9000-7fb17fff9000 r--p 00057000 00:1f8 70924951580               /mnt/primary/conda-envs/semantic_uncertainty_export/lib/libtiff.so.6.0.1
7fb17fff9000-7fb17fffa000 ---p 00087000 00:1f8 70924951580               /mnt/primary/conda-envs/semantic_uncertainty_export/lib/libtiff.so.6.0.1
7fb17fffa000-7fb17ffff000 r--p 00087000 00:1f8 70924951580               /mnt/primary/conda-envs/semantic_uncertainty_export/lib/libtiff.so.6.0.1
7fb17ffff000-7fb180000000 rw-p 0008c000 00:1f8 70924951580               /mnt/primary/conda-envs/semantic_uncertainty_export/lib/libtiff.so.6.0.1
7fb180000000-7fb180021000 rw-p 00000000 00:00 0 
7fb180021000-7fb184000000 ---p 00000000 00:00 0 
7fb184001000-7fb184004000 r--p 00000000 00:1f8 70898546233               /mnt/primary/conda-envs/semantic_uncertainty_export/lib/libwebp.so.7.1.8
7fb184004000-7fb184074000 r-xp 00003000 00:1f8 70898546233               /mnt/primary/conda-envs/semantic_uncertainty_export/lib/libwebp.so.7.1.8
7fb184074000-7fb184088000 r--p 00073000 00:1f8 70898546233               /mnt/primary/conda-envs/semantic_uncertainty_export/lib/libwebp.so.7.1.8
7fb184088000-7fb184089000 r--p 00086000 00:1f8 70898546233               /mnt/primary/conda-envs/semantic_uncertainty_export/lib/libwebp.so.7.1.8
7fb184089000-7fb18408a000 rw-p 00087000 00:1f8 70898546233               /mnt/primary/conda-envs/semantic_uncertainty_export/lib/libwebp.so.7.1.8
7fb18408a000-7fb18408b000 rw-p 00000000 00:00 0 
7fb18408b000-7fb184094000 r--p 00000000 00:1f8 70925107724               /mnt/primary/conda-envs/semantic_uncertainty_export/lib/libopenjp2.so.2.4.0
7fb184094000-7fb1840db000 r-xp 00009000 00:1f8 70925107724               /mnt/primary/conda-envs/semantic_uncertainty_export/lib/libopenjp2.so.2.4.0
7fb1840db000-7fb1840ec000 r--p 00050000 00:1f8 70925107724               /mnt/primary/conda-envs/semantic_uncertainty_export/lib/libopenjp2.so.2.4.0
7fb1840ec000-7fb1840ee000 r--p 00060000 00:1f8 70925107724               /mnt/primary/conda-envs/semantic_uncertainty_export/lib/libopenjp2.so.2.4.0
7fb1840ee000-7fb1840ef000 rw-p 00062000 00:1f8 70925107724               /mnt/primary/conda-envs/semantic_uncertainty_export/lib/libopenjp2.so.2.4.0
7fb1840ef000-7fb1840f4000 r--p 00000000 00:1f8 70898546186               /mnt/primary/conda-envs/semantic_uncertainty_export/lib/libjpeg.so.9.5.0
7fb1840f4000-7fb184122000 r-xp 00005000 00:1f8 70898546186               /mnt/primary/conda-envs/semantic_uncertainty_export/lib/libjpeg.so.9.5.0
7fb184122000-7fb18412b000 r--p 00033000 00:1f8 70898546186               /mnt/primary/conda-envs/semantic_uncertainty_export/lib/libjpeg.so.9.5.0
7fb18412b000-7fb18412c000 ---p 0003c000 00:1f8 70898546186               /mnt/primary/conda-envs/semantic_uncertainty_export/lib/libjpeg.so.9.5.0
7fb18412c000-7fb18412d000 r--p 0003c000 00:1f8 70898546186               /mnt/primary/conda-envs/semantic_uncertainty_export/lib/libjpeg.so.9.5.0
7fb18412d000-7fb18412e000 rw-p 0003d000 00:1f8 70898546186               /mnt/primary/conda-envs/semantic_uncertainty_export/lib/libjpeg.so.9.5.0
7fb18412e000-7fb184143000 r--p 00000000 00:1f8 161061898268              /mnt/primary/conda-envs/semantic_uncertainty_export/lib/python3.11/site-packages/PIL/_imaging.cpython-311-x86_64-linux-gnu.so
7fb184143000-7fb18419c000 r-xp 00015000 00:1f8 161061898268              /mnt/primary/conda-envs/semantic_uncertainty_export/lib/python3.11/site-packages/PIL/_imaging.cpython-311-x86_64-linux-gnu.so
7fb18419c000-7fb1841ac000 r--p 0006e000 00:1f8 161061898268              /mnt/primary/conda-envs/semantic_uncertainty_export/lib/python3.11/site-packages/PIL/_imaging.cpython-311-x86_64-linux-gnu.so
7fb1841ac000-7fb1841b1000 r--p 0007d000 00:1f8 161061898268              /mnt/primary/conda-envs/semantic_uncertainty_export/lib/python3.11/site-packages/PIL/_imaging.cpython-311-x86_64-linux-gnu.so
7fb1841b1000-7fb1841b4000 rw-p 00082000 00:1f8 161061898268              /mnt/primary/conda-envs/semantic_uncertainty_export/lib/python3.11/site-packages/PIL/_imaging.cpython-311-x86_64-linux-gnu.so
7fb1841b4000-7fb1842b4000 rw-p 00000000 00:00 0 
7fb1842b4000-7fb1842bb000 r--p 00000000 00:1f8 80070846498               /mnt/primary/conda-envs/semantic_uncertainty_export/lib/python3.11/site-packages/scipy/stats/_rcont/rcont.cpython-311-x86_64-linux-gnu.so
7fb1842bb000-7fb1842e2000 r-xp 00007000 00:1f8 80070846498               /mnt/primary/conda-envs/semantic_uncertainty_export/lib/python3.11/site-packages/scipy/stats/_rcont/rcont.cpython-311-x86_64-linux-gnu.so
7fb1842e2000-7fb1842f0000 r--p 0002e000 00:1f8 80070846498               /mnt/primary/conda-envs/semantic_uncertainty_export/lib/python3.11/site-packages/scipy/stats/_rcont/rcont.cpython-311-x86_64-linux-gnu.so
7fb1842f0000-7fb1842f1000 r--p 0003b000 00:1f8 80070846498               /mnt/primary/conda-envs/semantic_uncertainty_export/lib/python3.11/site-packages/scipy/stats/_rcont/rcont.cpython-311-x86_64-linux-gnu.so
7fb1842f1000-7fb1842f4000 rw-p 0003c000 00:1f8 80070846498               /mnt/primary/conda-envs/semantic_uncertainty_export/lib/python3.11/site-packages/scipy/stats/_rcont/rcont.cpython-311-x86_64-linux-gnu.so
7fb1842f4000-7fb1843f5000 rw-p 00000000 00:00 0 
7fb1843f5000-7fb1843f7000 r--p 00000000 00:1f8 73089433150               /mnt/primary/conda-envs/semantic_uncertainty_export/lib/python3.11/site-packages/scipy/stats/_mvn.cpython-311-x86_64-linux-gnu.so
7fb1843f7000-7fb184400000 r-xp 00002000 00:1f8 73089433150               /mnt/primary/conda-envs/semantic_uncertainty_export/lib/python3.11/site-packages/scipy/stats/_mvn.cpython-311-x86_64-linux-gnu.so
7fb184400000-7fb184406000 r--p 0000b000 00:1f8 73089433150               /mnt/primary/conda-envs/semantic_uncertainty_export/lib/python3.11/site-packages/scipy/stats/_mvn.cpython-311-x86_64-linux-gnu.so
7fb184406000-7fb184407000 r--p 00010000 00:1f8 73089433150               /mnt/primary/conda-envs/semantic_uncertainty_export/lib/python3.11/site-packages/scipy/stats/_mvn.cpython-311-x86_64-linux-gnu.so
7fb184407000-7fb184409000 rw-p 00011000 00:1f8 73089433150               /mnt/primary/conda-envs/semantic_uncertainty_export/lib/python3.11/site-packages/scipy/stats/_mvn.cpython-311-x86_64-linux-gnu.so
7fb184409000-7fb184600000 rw-p 00000000 00:00 0 
7fb184600000-7fb184601000 ---p 00000000 00:00 0 
7fb184601000-7fb184e01000 rw-p 00000000 00:00 0 
7fb184e01000-7fb184e0b000 r--p 00000000 00:1f8 159266954755              /mnt/primary/conda-envs/semantic_uncertainty_export/lib/python3.11/site-packages/matplotlib/_path.cpython-311-x86_64-linux-gnu.so
7fb184e0b000-7fb184e2d000 r-xp 0000a000 00:1f8 159266954755              /mnt/primary/conda-envs/semantic_uncertainty_export/lib/python3.11/site-packages/matplotlib/_path.cpython-311-x86_64-linux-gnu.so
7fb184e2d000-7fb184e34000 r--p 0002c000 00:1f8 159266954755              /mnt/primary/conda-envs/semantic_uncertainty_export/lib/python3.11/site-packages/matplotlib/_path.cpython-311-x86_64-linux-gnu.so
7fb184e34000-7fb184e35000 r--p 00032000 00:1f8 159266954755              /mnt/primary/conda-envs/semantic_uncertainty_export/lib/python3.11/site-packages/matplotlib/_path.cpython-311-x86_64-linux-gnu.so
7fb184e35000-7fb184e36000 rw-p 00033000 00:1f8 159266954755              /mnt/primary/conda-envs/semantic_uncertainty_export/lib/python3.11/site-packages/matplotlib/_path.cpython-311-x86_64-linux-gnu.so
7fb184e36000-7fb184e37000 rw-p 00000000 00:00 0 
7fb184e37000-7fb184e3e000 r--p 00000000 00:1f8 73089433130               /mnt/primary/conda-envs/semantic_uncertainty_export/lib/python3.11/site-packages/scipy/stats/_qmc_cy.cpython-311-x86_64-linux-gnu.so
7fb184e3e000-7fb184e63000 r-xp 00007000 00:1f8 73089433130               /mnt/primary/conda-envs/semantic_uncertainty_export/lib/python3.11/site-packages/scipy/stats/_qmc_cy.cpython-311-x86_64-linux-gnu.so
7fb184e63000-7fb184e6b000 r--p 0002c000 00:1f8 73089433130               /mnt/primary/conda-envs/semantic_uncertainty_export/lib/python3.11/site-packages/scipy/stats/_qmc_cy.cpython-311-x86_64-linux-gnu.so
7fb184e6b000-7fb184e6c000 r--p 00033000 00:1f8 73089433130               /mnt/primary/conda-envs/semantic_uncertainty_export/lib/python3.11/site-packages/scipy/stats/_qmc_cy.cpython-311-x86_64-linux-gnu.so
7fb184e6c000-7fb184e6f000 rw-p 00034000 00:1f8 73089433130               /mnt/primary/conda-envs/semantic_uncertainty_export/lib/python3.11/site-packages/scipy/stats/_qmc_cy.cpython-311-x86_64-linux-gnu.so
7fb184e6f000-7fb184e70000 rw-p 00000000 00:00 0 
7fb184e70000-7fb184e77000 r--p 00000000 00:1f8 73089433147               /mnt/primary/conda-envs/semantic_uncertainty_export/lib/python3.11/site-packages/scipy/stats/_sobol.cpython-311-x86_64-linux-gnu.so
7fb184e77000-7fb184eab000 r-xp 00007000 00:1f8 73089433147               /mnt/primary/conda-envs/semantic_uncertainty_export/lib/python3.11/site-packages/scipy/stats/_sobol.cpython-311-x86_64-linux-gnu.so
7fb184eab000-7fb184eb4000 r--p 0003b000 00:1f8 73089433147               /mnt/primary/conda-envs/semantic_uncertainty_export/lib/python3.11/site-packages/scipy/stats/_sobol.cpython-311-x86_64-linux-gnu.so
7fb184eb4000-7fb184eb5000 r--p 00043000 00:1f8 73089433147               /mnt/primary/conda-envs/semantic_uncertainty_export/lib/python3.11/site-packages/scipy/stats/_sobol.cpython-311-x86_64-linux-gnu.so
7fb184eb5000-7fb184eba000 rw-p 00044000 00:1f8 73089433147               /mnt/primary/conda-envs/semantic_uncertainty_export/lib/python3.11/site-packages/scipy/stats/_sobol.cpython-311-x86_64-linux-gnu.so
7fb184eba000-7fb184ebb000 rw-p 00000000 00:00 0 
7fb184ebb000-7fb184ec2000 r--p 00000000 00:1f8 43233973784               /mnt/primary/conda-envs/semantic_uncertainty_export/lib/python3.11/site-packages/scipy/fft/_pocketfft/pypocketfft.cpython-311-x86_64-linux-gnu.so
7fb184ec2000-7fb184f9a000 r-xp 00007000 00:1f8 43233973784               /mnt/primary/conda-envs/semantic_uncertainty_export/lib/python3.11/site-packages/scipy/fft/_pocketfft/pypocketfft.cpython-311-x86_64-linux-gnu.so
7fb184f9a000-7fb184fb4000 r--p 000df000 00:1f8 43233973784               /mnt/primary/conda-envs/semantic_uncertainty_export/lib/python3.11/site-packages/scipy/fft/_pocketfft/pypocketfft.cpython-311-x86_64-linux-gnu.so
7fb184fb4000-7fb184fb5000 ---p 000f9000 00:1f8 43233973784               /mnt/primary/conda-envs/semantic_uncertainty_export/lib/python3.11/site-packages/scipy/fft/_pocketfft/pypocketfft.cpython-311-x86_64-linux-gnu.so
7fb184fb5000-7fb184fb6000 r--p 000f9000 00:1f8 43233973784               /mnt/primary/conda-envs/semantic_uncertainty_export/lib/python3.11/site-packages/scipy/fft/_pocketfft/pypocketfft.cpython-311-x86_64-linux-gnu.so
7fb184fb6000-7fb184fb7000 rw-p 000fa000 00:1f8 43233973784               /mnt/primary/conda-envs/semantic_uncertainty_export/lib/python3.11/site-packages/scipy/fft/_pocketfft/pypocketfft.cpython-311-x86_64-linux-gnu.so
7fb184fb7000-7fb184fb9000 rw-p 00000000 00:00 0 
7fb184fb9000-7fb184fbf000 r--p 00000000 00:1f8 73087765042               /mnt/primary/conda-envs/semantic_uncertainty_export/lib/python3.11/site-packages/scipy/stats/_biasedurn.cpython-311-x86_64-linux-gnu.so
7fb184fbf000-7fb184fea000 r-xp 00006000 00:1f8 73087765042               /mnt/primary/conda-envs/semantic_uncertainty_export/lib/python3.11/site-packages/scipy/stats/_biasedurn.cpython-311-x86_64-linux-gnu.so
7fb184fea000-7fb184ffa000 r--p 00031000 00:1f8 73087765042               /mnt/primary/conda-envs/semantic_uncertainty_export/lib/python3.11/site-packages/scipy/stats/_biasedurn.cpython-311-x86_64-linux-gnu.so
7fb184ffa000-7fb184ffb000 r--p 00040000 00:1f8 73087765042               /mnt/primary/conda-envs/semantic_uncertainty_export/lib/python3.11/site-packages/scipy/stats/_biasedurn.cpython-311-x86_64-linux-gnu.so
7fb184ffb000-7fb184ffe000 rw-p 00041000 00:1f8 73087765042               /mnt/primary/conda-envs/semantic_uncertainty_export/lib/python3.11/site-packages/scipy/stats/_biasedurn.cpython-311-x86_64-linux-gnu.so
7fb184ffe000-7fb185000000 rw-p 00000000 00:00 0 
7fb185000000-7fb185001000 ---p 00000000 00:00 0 
7fb185001000-7fb185801000 rw-p 00000000 00:00 0 
7fb185803000-7fb185806000 r--p 00000000 00:1f8 161061898270              /mnt/primary/conda-envs/semantic_uncertainty_export/lib/python3.11/site-packages/PIL/_imagingft.cpython-311-x86_64-linux-gnu.so
7fb185806000-7fb185809000 r-xp 00003000 00:1f8 161061898270              /mnt/primary/conda-envs/semantic_uncertainty_export/lib/python3.11/site-packages/PIL/_imagingft.cpython-311-x86_64-linux-gnu.so
7fb185809000-7fb18580b000 r--p 00006000 00:1f8 161061898270              /mnt/primary/conda-envs/semantic_uncertainty_export/lib/python3.11/site-packages/PIL/_imagingft.cpython-311-x86_64-linux-gnu.so
7fb18580b000-7fb18580c000 r--p 00007000 00:1f8 161061898270              /mnt/primary/conda-envs/semantic_uncertainty_export/lib/python3.11/site-packages/PIL/_imagingft.cpython-311-x86_64-linux-gnu.so
7fb18580c000-7fb18580d000 rw-p 00008000 00:1f8 161061898270              /mnt/primary/conda-envs/semantic_uncertainty_export/lib/python3.11/site-packages/PIL/_imagingft.cpython-311-x86_64-linux-gnu.so
7fb18580d000-7fb185810000 r--p 00000000 00:1f8 81779481644               /mnt/primary/conda-envs/semantic_uncertainty_export/lib/python3.11/site-packages/torch/lib/libshm.so
7fb185810000-7fb185813000 r-xp 00003000 00:1f8 81779481644               /mnt/primary/conda-envs/semantic_uncertainty_export/lib/python3.11/site-packages/torch/lib/libshm.so
7fb185813000-7fb185814000 r--p 00006000 00:1f8 81779481644               /mnt/primary/conda-envs/semantic_uncertainty_export/lib/python3.11/site-packages/torch/lib/libshm.so
7fb185814000-7fb185815000 ---p 00007000 00:1f8 81779481644               /mnt/primary/conda-envs/semantic_uncertainty_export/lib/python3.11/site-packages/torch/lib/libshm.so
7fb185815000-7fb185816000 r--p 00007000 00:1f8 81779481644               /mnt/primary/conda-envs/semantic_uncertainty_export/lib/python3.11/site-packages/torch/lib/libshm.so
7fb185816000-7fb185817000 rw-p 00008000 00:1f8 81779481644               /mnt/primary/conda-envs/semantic_uncertainty_export/lib/python3.11/site-packages/torch/lib/libshm.so
7fb185817000-7fb18581a000 r--p 00000000 00:1f8 45438356003               /mnt/primary/conda-envs/semantic_uncertainty_export/lib/python3.11/lib-dynload/_multibytecodec.cpython-311-x86_64-linux-gnu.so
7fb18581a000-7fb185820000 r-xp 00003000 00:1f8 45438356003               /mnt/primary/conda-envs/semantic_uncertainty_export/lib/python3.11/lib-dynload/_multibytecodec.cpython-311-x86_64-linux-gnu.so
7fb185820000-7fb185822000 r--p 00009000 00:1f8 45438356003               /mnt/primary/conda-envs/semantic_uncertainty_export/lib/python3.11/lib-dynload/_multibytecodec.cpython-311-x86_64-linux-gnu.so
7fb185822000-7fb185823000 ---p 0000b000 00:1f8 45438356003               /mnt/primary/conda-envs/semantic_uncertainty_export/lib/python3.11/lib-dynload/_multibytecodec.cpython-311-x86_64-linux-gnu.so
7fb185823000-7fb185824000 r--p 0000b000 00:1f8 45438356003               /mnt/primary/conda-envs/semantic_uncertainty_export/lib/python3.11/lib-dynload/_multibytecodec.cpython-311-x86_64-linux-gnu.so
7fb185824000-7fb185825000 rw-p 0000c000 00:1f8 45438356003               /mnt/primary/conda-envs/semantic_uncertainty_export/lib/python3.11/lib-dynload/_multibytecodec.cpython-311-x86_64-linux-gnu.so
7fb185825000-7fb185829000 r--p 00000000 00:1f8 131461243965              /mnt/primary/conda-envs/semantic_uncertainty_export/lib/python3.11/site-packages/wrapt/_wrappers.cpython-311-x86_64-linux-gnu.so
7fb185829000-7fb18582e000 r-xp 00004000 00:1f8 131461243965              /mnt/primary/conda-envs/semantic_uncertainty_export/lib/python3.11/site-packages/wrapt/_wrappers.cpython-311-x86_64-linux-gnu.so
7fb18582e000-7fb185830000 r--p 00009000 00:1f8 131461243965              /mnt/primary/conda-envs/semantic_uncertainty_export/lib/python3.11/site-packages/wrapt/_wrappers.cpython-311-x86_64-linux-gnu.so
7fb185830000-7fb185831000 r--p 0000a000 00:1f8 131461243965              /mnt/primary/conda-envs/semantic_uncertainty_export/lib/python3.11/site-packages/wrapt/_wrappers.cpython-311-x86_64-linux-gnu.so
7fb185831000-7fb185833000 rw-p 0000b000 00:1f8 131461243965              /mnt/primary/conda-envs/semantic_uncertainty_export/lib/python3.11/site-packages/wrapt/_wrappers.cpython-311-x86_64-linux-gnu.so
7fb185833000-7fb18583a000 r--p 00000000 00:1f8 126756728877              /mnt/primary/conda-envs/semantic_uncertainty_export/lib/python3.11/site-packages/scipy/interpolate/_rgi_cython.cpython-311-x86_64-linux-gnu.so
7fb18583a000-7fb185861000 r-xp 00007000 00:1f8 126756728877              /mnt/primary/conda-envs/semantic_uncertainty_export/lib/python3.11/site-packages/scipy/interpolate/_rgi_cython.cpython-311-x86_64-linux-gnu.so
7fb185861000-7fb185869000 r--p 0002e000 00:1f8 126756728877              /mnt/primary/conda-envs/semantic_uncertainty_export/lib/python3.11/site-packages/scipy/interpolate/_rgi_cython.cpython-311-x86_64-linux-gnu.so
7fb185869000-7fb18586a000 r--p 00035000 00:1f8 126756728877              /mnt/primary/conda-envs/semantic_uncertainty_export/lib/python3.11/site-packages/scipy/interpolate/_rgi_cython.cpython-311-x86_64-linux-gnu.so
7fb18586a000-7fb18586e000 rw-p 00036000 00:1f8 126756728877              /mnt/primary/conda-envs/semantic_uncertainty_export/lib/python3.11/site-packages/scipy/interpolate/_rgi_cython.cpython-311-x86_64-linux-gnu.so
7fb18586e000-7fb18596e000 rw-p 00000000 00:00 0 
7fb18596e000-7fb185972000 r--p 00000000 00:1f8 126726910078              /mnt/primary/conda-envs/semantic_uncertainty_export/lib/python3.11/site-packages/scipy/interpolate/_rbfinterp_pythran.cpython-311-x86_64-linux-gnu.so
7fb185972000-7fb18599e000 r-xp 00004000 00:1f8 126726910078              /mnt/primary/conda-envs/semantic_uncertainty_export/lib/python3.11/site-packages/scipy/interpolate/_rbfinterp_pythran.cpython-311-x86_64-linux-gnu.so
7fb18599e000-7fb1859a4000 r--p 00030000 00:1f8 126726910078              /mnt/primary/conda-envs/semantic_uncertainty_export/lib/python3.11/site-packages/scipy/interpolate/_rbfinterp_pythran.cpython-311-x86_64-linux-gnu.so
7fb1859a4000-7fb1859a5000 r--p 00035000 00:1f8 126726910078              /mnt/primary/conda-envs/semantic_uncertainty_export/lib/python3.11/site-packages/scipy/interpolate/_rbfinterp_pythran.cpython-311-x86_64-linux-gnu.so
7fb1859a5000-7fb1859a6000 rw-p 00036000 00:1f8 126726910078              /mnt/primary/conda-envs/semantic_uncertainty_export/lib/python3.11/site-packages/scipy/interpolate/_rbfinterp_pythran.cpython-311-x86_64-linux-gnu.so
7fb1859a6000-7fb1859ae000 r--p 00000000 00:1f8 126756728874              /mnt/primary/conda-envs/semantic_uncertainty_export/lib/python3.11/site-packages/scipy/interpolate/interpnd.cpython-311-x86_64-linux-gnu.so
7fb1859ae000-7fb1859ee000 r-xp 00008000 00:1f8 126756728874              /mnt/primary/conda-envs/semantic_uncertainty_export/lib/python3.11/site-packages/scipy/interpolate/interpnd.cpython-311-x86_64-linux-gnu.so
7fb1859ee000-7fb1859f9000 r--p 00048000 00:1f8 126756728874              /mnt/primary/conda-envs/semantic_uncertainty_export/lib/python3.11/site-packages/scipy/interpolate/interpnd.cpython-311-x86_64-linux-gnu.so
7fb1859f9000-7fb1859fa000 r--p 00052000 00:1f8 126756728874              /mnt/primary/conda-envs/semantic_uncertainty_export/lib/python3.11/site-packages/scipy/interpolate/interpnd.cpython-311-x86_64-linux-gnu.so
7fb1859fa000-7fb1859ff000 rw-p 00053000 00:1f8 126756728874              /mnt/primary/conda-envs/semantic_uncertainty_export/lib/python3.11/site-packages/scipy/interpolate/interpnd.cpython-311-x86_64-linux-gnu.so
7fb1859ff000-7fb185a00000 rw-p 00000000 00:00 0 
7fb185a00000-7fb187a00000 rw-p 00000000 00:00 0 
7fb187a00000-7fb187a01000 r--p 00000000 00:1f8 70898546196               /mnt/primary/conda-envs/semantic_uncertainty_export/lib/libdeflate.so.0
7fb187a01000-7fb187a0e000 r-xp 00001000 00:1f8 70898546196               /mnt/primary/conda-envs/semantic_uncertainty_export/lib/libdeflate.so.0
7fb187a0e000-7fb187a13000 r--p 0000e000 00:1f8 70898546196               /mnt/primary/conda-envs/semantic_uncertainty_export/lib/libdeflate.so.0
7fb187a13000-7fb187a14000 r--p 00012000 00:1f8 70898546196               /mnt/primary/conda-envs/semantic_uncertainty_export/lib/libdeflate.so.0
7fb187a14000-7fb187a15000 rw-p 00013000 00:1f8 70898546196               /mnt/primary/conda-envs/semantic_uncertainty_export/lib/libdeflate.so.0
7fb187a15000-7fb187a19000 r--p 00000000 00:1f8 55935434274               /mnt/primary/conda-envs/semantic_uncertainty_export/lib/python3.11/site-packages/scipy/_lib/_uarray/_uarray.cpython-311-x86_64-linux-gnu.so
7fb187a19000-7fb187a2b000 r-xp 00004000 00:1f8 55935434274               /mnt/primary/conda-envs/semantic_uncertainty_export/lib/python3.11/site-packages/scipy/_lib/_uarray/_uarray.cpython-311-x86_64-linux-gnu.so
7fb187a2b000-7fb187a31000 r--p 00016000 00:1f8 55935434274               /mnt/primary/conda-envs/semantic_uncertainty_export/lib/python3.11/site-packages/scipy/_lib/_uarray/_uarray.cpython-311-x86_64-linux-gnu.so
7fb187a31000-7fb187a32000 r--p 0001b000 00:1f8 55935434274               /mnt/primary/conda-envs/semantic_uncertainty_export/lib/python3.11/site-packages/scipy/_lib/_uarray/_uarray.cpython-311-x86_64-linux-gnu.so
7fb187a32000-7fb187a33000 rw-p 0001c000 00:1f8 55935434274               /mnt/primary/conda-envs/semantic_uncertainty_export/lib/python3.11/site-packages/scipy/_lib/_uarray/_uarray.cpython-311-x86_64-linux-gnu.so
7fb187a33000-7fb187a3b000 r--p 00000000 00:1f8 126756728871              /mnt/primary/conda-envs/semantic_uncertainty_export/lib/python3.11/site-packages/scipy/interpolate/_ppoly.cpython-311-x86_64-linux-gnu.so
7fb187a3b000-7fb187a7a000 r-xp 00008000 00:1f8 126756728871              /mnt/primary/conda-envs/semantic_uncertainty_export/lib/python3.11/site-packages/scipy/interpolate/_ppoly.cpython-311-x86_64-linux-gnu.so
7fb187a7a000-7fb187a83000 r--p 00047000 00:1f8 126756728871              /mnt/primary/conda-envs/semantic_uncertainty_export/lib/python3.11/site-packages/scipy/interpolate/_ppoly.cpython-311-x86_64-linux-gnu.so
7fb187a83000-7fb187a84000 r--p 0004f000 00:1f8 126756728871              /mnt/primary/conda-envs/semantic_uncertainty_export/lib/python3.11/site-packages/scipy/interpolate/_ppoly.cpython-311-x86_64-linux-gnu.so
7fb187a84000-7fb187a8a000 rw-p 00050000 00:1f8 126756728871              /mnt/primary/conda-envs/semantic_uncertainty_export/lib/python3.11/site-packages/scipy/interpolate/_ppoly.cpython-311-x86_64-linux-gnu.so
7fb187a8a000-7fb187a8b000 rw-p 00000000 00:00 0 
7fb187a8b000-7fb187a92000 r--p 00000000 00:1f8 126756728892              /mnt/primary/conda-envs/semantic_uncertainty_export/lib/python3.11/site-packages/scipy/interpolate/_bspl.cpython-311-x86_64-linux-gnu.so
7fb187a92000-7fb187ac6000 r-xp 00007000 00:1f8 126756728892              /mnt/primary/conda-envs/semantic_uncertainty_export/lib/python3.11/site-packages/scipy/interpolate/_bspl.cpython-311-x86_64-linux-gnu.so
7fb187ac6000-7fb187acf000 r--p 0003b000 00:1f8 126756728892              /mnt/primary/conda-envs/semantic_uncertainty_export/lib/python3.11/site-packages/scipy/interpolate/_bspl.cpython-311-x86_64-linux-gnu.so
7fb187acf000-7fb187ad0000 r--p 00043000 00:1f8 126756728892              /mnt/primary/conda-envs/semantic_uncertainty_export/lib/python3.11/site-packages/scipy/interpolate/_bspl.cpython-311-x86_64-linux-gnu.so
7fb187ad0000-7fb187ad6000 rw-p 00044000 00:1f8 126756728892              /mnt/primary/conda-envs/semantic_uncertainty_export/lib/python3.11/site-packages/scipy/interpolate/_bspl.cpython-311-x86_64-linux-gnu.so
7fb187ad6000-7fb187ad7000 rw-p 00000000 00:00 0 
7fb187ad7000-7fb187adb000 r--p 00000000 00:1f8 126756728880              /mnt/primary/conda-envs/semantic_uncertainty_export/lib/python3.11/site-packages/scipy/interpolate/dfitpack.cpython-311-x86_64-linux-gnu.so
7fb187adb000-7fb187b17000 r-xp 00004000 00:1f8 126756728880              /mnt/primary/conda-envs/semantic_uncertainty_export/lib/python3.11/site-packages/scipy/interpolate/dfitpack.cpython-311-x86_64-linux-gnu.so
7fb187b17000-7fb187b22000 r--p 00040000 00:1f8 126756728880              /mnt/primary/conda-envs/semantic_uncertainty_export/lib/python3.11/site-packages/scipy/interpolate/dfitpack.cpython-311-x86_64-linux-gnu.so
7fb187b22000-7fb187b23000 ---p 0004b000 00:1f8 126756728880              /mnt/primary/conda-envs/semantic_uncertainty_export/lib/python3.11/site-packages/scipy/interpolate/dfitpack.cpython-311-x86_64-linux-gnu.so
7fb187b23000-7fb187b24000 r--p 0004b000 00:1f8 126756728880              /mnt/primary/conda-envs/semantic_uncertainty_export/lib/python3.11/site-packages/scipy/interpolate/dfitpack.cpython-311-x86_64-linux-gnu.so
7fb187b24000-7fb187b2c000 rw-p 0004c000 00:1f8 126756728880              /mnt/primary/conda-envs/semantic_uncertainty_export/lib/python3.11/site-packages/scipy/interpolate/dfitpack.cpython-311-x86_64-linux-gnu.so
7fb187b2c000-7fb187b2e000 rw-p 00057000 00:1f8 126756728880              /mnt/primary/conda-envs/semantic_uncertainty_export/lib/python3.11/site-packages/scipy/interpolate/dfitpack.cpython-311-x86_64-linux-gnu.so
7fb187b2e000-7fb187d1e000 r--p 00000000 00:1f8 70924951599               /mnt/primary/conda-envs/semantic_uncertainty_export/lib/libmkl_core.so.2
7fb187d1e000-7fb18b442000 r-xp 001f0000 00:1f8 70924951599               /mnt/primary/conda-envs/semantic_uncertainty_export/lib/libmkl_core.so.2
7fb18b442000-7fb18beaf000 r--p 03914000 00:1f8 70924951599               /mnt/primary/conda-envs/semantic_uncertainty_export/lib/libmkl_core.so.2
7fb18beaf000-7fb18beb6000 r--p 04380000 00:1f8 70924951599               /mnt/primary/conda-envs/semantic_uncertainty_export/lib/libmkl_core.so.2
7fb18beb6000-7fb18bee6000 rw-p 04387000 00:1f8 70924951599               /mnt/primary/conda-envs/semantic_uncertainty_export/lib/libmkl_core.so.2
7fb18bee6000-7fb18bf0f000 rw-p 00000000 00:00 0 
7fb18bf0f000-7fb18c000000 rw-p 046cd000 00:1f8 70924951599               /mnt/primary/conda-envs/semantic_uncertainty_export/lib/libmkl_core.so.2
7fb18c000000-7fb18c021000 rw-p 00000000 00:00 0 
7fb18c021000-7fb190000000 ---p 00000000 00:00 0 
7fb190004000-7fb190008000 r--p 00000000 00:1f8 73089433136               /mnt/primary/conda-envs/semantic_uncertainty_export/lib/python3.11/site-packages/scipy/stats/_stats_pythran.cpython-311-x86_64-linux-gnu.so
7fb190008000-7fb19001d000 r-xp 00004000 00:1f8 73089433136               /mnt/primary/conda-envs/semantic_uncertainty_export/lib/python3.11/site-packages/scipy/stats/_stats_pythran.cpython-311-x86_64-linux-gnu.so
7fb19001d000-7fb190022000 r--p 00019000 00:1f8 73089433136               /mnt/primary/conda-envs/semantic_uncertainty_export/lib/python3.11/site-packages/scipy/stats/_stats_pythran.cpython-311-x86_64-linux-gnu.so
7fb190022000-7fb190023000 r--p 0001d000 00:1f8 73089433136               /mnt/primary/conda-envs/semantic_uncertainty_export/lib/python3.11/site-packages/scipy/stats/_stats_pythran.cpython-311-x86_64-linux-gnu.so
7fb190023000-7fb190024000 rw-p 0001e000 00:1f8 73089433136               /mnt/primary/conda-envs/semantic_uncertainty_export/lib/python3.11/site-packages/scipy/stats/_stats_pythran.cpython-311-x86_64-linux-gnu.so
7fb190024000-7fb190025000 r--p 00000000 00:1f8 126756728894              /mnt/primary/conda-envs/semantic_uncertainty_export/lib/python3.11/site-packages/scipy/interpolate/_fitpack.cpython-311-x86_64-linux-gnu.so
7fb190025000-7fb190036000 r-xp 00001000 00:1f8 126756728894              /mnt/primary/conda-envs/semantic_uncertainty_export/lib/python3.11/site-packages/scipy/interpolate/_fitpack.cpython-311-x86_64-linux-gnu.so
7fb190036000-7fb190038000 r--p 00012000 00:1f8 126756728894              /mnt/primary/conda-envs/semantic_uncertainty_export/lib/python3.11/site-packages/scipy/interpolate/_fitpack.cpython-311-x86_64-linux-gnu.so
7fb190038000-7fb190039000 r--p 00013000 00:1f8 126756728894              /mnt/primary/conda-envs/semantic_uncertainty_export/lib/python3.11/site-packages/scipy/interpolate/_fitpack.cpython-311-x86_64-linux-gnu.so
7fb190039000-7fb19003a000 rw-p 00014000 00:1f8 126756728894              /mnt/primary/conda-envs/semantic_uncertainty_export/lib/python3.11/site-packages/scipy/interpolate/_fitpack.cpython-311-x86_64-linux-gnu.so
7fb19003a000-7fb19003c000 rw-p 00016000 00:1f8 126756728894              /mnt/primary/conda-envs/semantic_uncertainty_export/lib/python3.11/site-packages/scipy/interpolate/_fitpack.cpython-311-x86_64-linux-gnu.so
7fb19003c000-7fb19013c000 rw-p 00000000 00:00 0 
7fb19013c000-7fb19013f000 r--p 00000000 00:1f8 81808996386               /mnt/primary/conda-envs/semantic_uncertainty_export/lib/python3.11/site-packages/scipy/stats/_boost/invgauss_ufunc.cpython-311-x86_64-linux-gnu.so
7fb19013f000-7fb190158000 r-xp 00003000 00:1f8 81808996386               /mnt/primary/conda-envs/semantic_uncertainty_export/lib/python3.11/site-packages/scipy/stats/_boost/invgauss_ufunc.cpython-311-x86_64-linux-gnu.so
7fb190158000-7fb19015d000 r--p 0001c000 00:1f8 81808996386               /mnt/primary/conda-envs/semantic_uncertainty_export/lib/python3.11/site-packages/scipy/stats/_boost/invgauss_ufunc.cpython-311-x86_64-linux-gnu.so
7fb19015d000-7fb19015e000 r--p 00020000 00:1f8 81808996386               /mnt/primary/conda-envs/semantic_uncertainty_export/lib/python3.11/site-packages/scipy/stats/_boost/invgauss_ufunc.cpython-311-x86_64-linux-gnu.so
7fb19015e000-7fb19015f000 rw-p 00021000 00:1f8 81808996386               /mnt/primary/conda-envs/semantic_uncertainty_export/lib/python3.11/site-packages/scipy/stats/_boost/invgauss_ufunc.cpython-311-x86_64-linux-gnu.so
7fb19015f000-7fb190162000 r--p 00000000 00:1f8 81808996380               /mnt/primary/conda-envs/semantic_uncertainty_export/lib/python3.11/site-packages/scipy/stats/_boost/skewnorm_ufunc.cpython-311-x86_64-linux-gnu.so
7fb190162000-7fb190170000 r-xp 00003000 00:1f8 81808996380               /mnt/primary/conda-envs/semantic_uncertainty_export/lib/python3.11/site-packages/scipy/stats/_boost/skewnorm_ufunc.cpython-311-x86_64-linux-gnu.so
7fb190170000-7fb190173000 r--p 00011000 00:1f8 81808996380               /mnt/primary/conda-envs/semantic_uncertainty_export/lib/python3.11/site-packages/scipy/stats/_boost/skewnorm_ufunc.cpython-311-x86_64-linux-gnu.so
7fb190173000-7fb190174000 r--p 00013000 00:1f8 81808996380               /mnt/primary/conda-envs/semantic_uncertainty_export/lib/python3.11/site-packages/scipy/stats/_boost/skewnorm_ufunc.cpython-311-x86_64-linux-gnu.so
7fb190174000-7fb190175000 rw-p 00014000 00:1f8 81808996380               /mnt/primary/conda-envs/semantic_uncertainty_export/lib/python3.11/site-packages/scipy/stats/_boost/skewnorm_ufunc.cpython-311-x86_64-linux-gnu.so
7fb190175000-7fb190178000 r--p 00000000 00:1f8 81808996383               /mnt/primary/conda-envs/semantic_uncertainty_export/lib/python3.11/site-packages/scipy/stats/_boost/nct_ufunc.cpython-311-x86_64-linux-gnu.so
7fb190178000-7fb19019d000 r-xp 00003000 00:1f8 81808996383               /mnt/primary/conda-envs/semantic_uncertainty_export/lib/python3.11/site-packages/scipy/stats/_boost/nct_ufunc.cpython-311-x86_64-linux-gnu.so
7fb19019d000-7fb1901a2000 r--p 00028000 00:1f8 81808996383               /mnt/primary/conda-envs/semantic_uncertainty_export/lib/python3.11/site-packages/scipy/stats/_boost/nct_ufunc.cpython-311-x86_64-linux-gnu.so
7fb1901a2000-7fb1901a3000 r--p 0002c000 00:1f8 81808996383               /mnt/primary/conda-envs/semantic_uncertainty_export/lib/python3.11/site-packages/scipy/stats/_boost/nct_ufunc.cpython-311-x86_64-linux-gnu.so
7fb1901a3000-7fb1901a4000 rw-p 0002d000 00:1f8 81808996383               /mnt/primary/conda-envs/semantic_uncertainty_export/lib/python3.11/site-packages/scipy/stats/_boost/nct_ufunc.cpython-311-x86_64-linux-gnu.so
7fb1901a4000-7fb1901a7000 r--p 00000000 00:1f8 81808996382               /mnt/primary/conda-envs/semantic_uncertainty_export/lib/python3.11/site-packages/scipy/stats/_boost/ncx2_ufunc.cpython-311-x86_64-linux-gnu.so
7fb1901a7000-7fb1901c1000 r-xp 00003000 00:1f8 81808996382               /mnt/primary/conda-envs/semantic_uncertainty_export/lib/python3.11/site-packages/scipy/stats/_boost/ncx2_ufunc.cpython-311-x86_64-linux-gnu.so
7fb1901c1000-7fb1901c6000 r--p 0001d000 00:1f8 81808996382               /mnt/primary/conda-envs/semantic_uncertainty_export/lib/python3.11/site-packages/scipy/stats/_boost/ncx2_ufunc.cpython-311-x86_64-linux-gnu.so
7fb1901c6000-7fb1901c7000 r--p 00021000 00:1f8 81808996382               /mnt/primary/conda-envs/semantic_uncertainty_export/lib/python3.11/site-packages/scipy/stats/_boost/ncx2_ufunc.cpython-311-x86_64-linux-gnu.so
7fb1901c7000-7fb1901c8000 rw-p 00022000 00:1f8 81808996382               /mnt/primary/conda-envs/semantic_uncertainty_export/lib/python3.11/site-packages/scipy/stats/_boost/ncx2_ufunc.cpython-311-x86_64-linux-gnu.so
7fb1901c8000-7fb1901cb000 r--p 00000000 00:1f8 81808996377               /mnt/primary/conda-envs/semantic_uncertainty_export/lib/python3.11/site-packages/scipy/stats/_boost/ncf_ufunc.cpython-311-x86_64-linux-gnu.so
7fb1901cb000-7fb1901e5000 r-xp 00003000 00:1f8 81808996377               /mnt/primary/conda-envs/semantic_uncertainty_export/lib/python3.11/site-packages/scipy/stats/_boost/ncf_ufunc.cpython-311-x86_64-linux-gnu.so
7fb1901e5000-7fb1901e9000 r--p 0001d000 00:1f8 81808996377               /mnt/primary/conda-envs/semantic_uncertainty_export/lib/python3.11/site-packages/scipy/stats/_boost/ncf_ufunc.cpython-311-x86_64-linux-gnu.so
7fb1901e9000-7fb1901ea000 ---p 00021000 00:1f8 81808996377               /mnt/primary/conda-envs/semantic_uncertainty_export/lib/python3.11/site-packages/scipy/stats/_boost/ncf_ufunc.cpython-311-x86_64-linux-gnu.so
7fb1901ea000-7fb1901eb000 r--p 00021000 00:1f8 81808996377               /mnt/primary/conda-envs/semantic_uncertainty_export/lib/python3.11/site-packages/scipy/stats/_boost/ncf_ufunc.cpython-311-x86_64-linux-gnu.so
7fb1901eb000-7fb1901ec000 rw-p 00022000 00:1f8 81808996377               /mnt/primary/conda-envs/semantic_uncertainty_export/lib/python3.11/site-packages/scipy/stats/_boost/ncf_ufunc.cpython-311-x86_64-linux-gnu.so
7fb1901ec000-7fb1901ef000 r--p 00000000 00:1f8 81808996381               /mnt/primary/conda-envs/semantic_uncertainty_export/lib/python3.11/site-packages/scipy/stats/_boost/hypergeom_ufunc.cpython-311-x86_64-linux-gnu.so
7fb1901ef000-7fb1901f9000 r-xp 00003000 00:1f8 81808996381               /mnt/primary/conda-envs/semantic_uncertainty_export/lib/python3.11/site-packages/scipy/stats/_boost/hypergeom_ufunc.cpython-311-x86_64-linux-gnu.so
7fb1901f9000-7fb190201000 r--p 0000d000 00:1f8 81808996381               /mnt/primary/conda-envs/semantic_uncertainty_export/lib/python3.11/site-packages/scipy/stats/_boost/hypergeom_ufunc.cpython-311-x86_64-linux-gnu.so
7fb190201000-7fb190202000 r--p 00014000 00:1f8 81808996381               /mnt/primary/conda-envs/semantic_uncertainty_export/lib/python3.11/site-packages/scipy/stats/_boost/hypergeom_ufunc.cpython-311-x86_64-linux-gnu.so
7fb190202000-7fb190203000 rw-p 00015000 00:1f8 81808996381               /mnt/primary/conda-envs/semantic_uncertainty_export/lib/python3.11/site-packages/scipy/stats/_boost/hypergeom_ufunc.cpython-311-x86_64-linux-gnu.so
7fb190203000-7fb190206000 r--p 00000000 00:1f8 81808996379               /mnt/primary/conda-envs/semantic_uncertainty_export/lib/python3.11/site-packages/scipy/stats/_boost/nbinom_ufunc.cpython-311-x86_64-linux-gnu.so
7fb190206000-7fb190220000 r-xp 00003000 00:1f8 81808996379               /mnt/primary/conda-envs/semantic_uncertainty_export/lib/python3.11/site-packages/scipy/stats/_boost/nbinom_ufunc.cpython-311-x86_64-linux-gnu.so
7fb190220000-7fb190225000 r--p 0001d000 00:1f8 81808996379               /mnt/primary/conda-envs/semantic_uncertainty_export/lib/python3.11/site-packages/scipy/stats/_boost/nbinom_ufunc.cpython-311-x86_64-linux-gnu.so
7fb190225000-7fb190226000 r--p 00021000 00:1f8 81808996379               /mnt/primary/conda-envs/semantic_uncertainty_export/lib/python3.11/site-packages/scipy/stats/_boost/nbinom_ufunc.cpython-311-x86_64-linux-gnu.so
7fb190226000-7fb190227000 rw-p 00022000 00:1f8 81808996379               /mnt/primary/conda-envs/semantic_uncertainty_export/lib/python3.11/site-packages/scipy/stats/_boost/nbinom_ufunc.cpython-311-x86_64-linux-gnu.so
7fb190227000-7fb19022a000 r--p 00000000 00:1f8 81808996378               /mnt/primary/conda-envs/semantic_uncertainty_export/lib/python3.11/site-packages/scipy/stats/_boost/binom_ufunc.cpython-311-x86_64-linux-gnu.so
7fb19022a000-7fb190245000 r-xp 00003000 00:1f8 81808996378               /mnt/primary/conda-envs/semantic_uncertainty_export/lib/python3.11/site-packages/scipy/stats/_boost/binom_ufunc.cpython-311-x86_64-linux-gnu.so
7fb190245000-7fb19024a000 r--p 0001e000 00:1f8 81808996378               /mnt/primary/conda-envs/semantic_uncertainty_export/lib/python3.11/site-packages/scipy/stats/_boost/binom_ufunc.cpython-311-x86_64-linux-gnu.so
7fb19024a000-7fb19024b000 r--p 00022000 00:1f8 81808996378               /mnt/primary/conda-envs/semantic_uncertainty_export/lib/python3.11/site-packages/scipy/stats/_boost/binom_ufunc.cpython-311-x86_64-linux-gnu.so
7fb19024b000-7fb19024c000 rw-p 00023000 00:1f8 81808996378               /mnt/primary/conda-envs/semantic_uncertainty_export/lib/python3.11/site-packages/scipy/stats/_boost/binom_ufunc.cpython-311-x86_64-linux-gnu.so
7fb19024c000-7fb190263000 r--p 00000000 00:1f8 49458313760               /mnt/primary/conda-envs/semantic_uncertainty_export/lib/python3.11/site-packages/scipy/special/cython_special.cpython-311-x86_64-linux-gnu.so
7fb190263000-7fb190445000 r-xp 00017000 00:1f8 49458313760               /mnt/primary/conda-envs/semantic_uncertainty_export/lib/python3.11/site-packages/scipy/special/cython_special.cpython-311-x86_64-linux-gnu.so
7fb190445000-7fb190482000 r--p 001f9000 00:1f8 49458313760               /mnt/primary/conda-envs/semantic_uncertainty_export/lib/python3.11/site-packages/scipy/special/cython_special.cpython-311-x86_64-linux-gnu.so
7fb190482000-7fb190483000 r--p 00235000 00:1f8 49458313760               /mnt/primary/conda-envs/semantic_uncertainty_export/lib/python3.11/site-packages/scipy/special/cython_special.cpython-311-x86_64-linux-gnu.so
7fb190483000-7fb190495000 rw-p 00236000 00:1f8 49458313760               /mnt/primary/conda-envs/semantic_uncertainty_export/lib/python3.11/site-packages/scipy/special/cython_special.cpython-311-x86_64-linux-gnu.so
7fb190495000-7fb190496000 rw-p 00000000 00:00 0 
7fb190496000-7fb19049a000 rw-p 002b3000 00:1f8 49458313760               /mnt/primary/conda-envs/semantic_uncertainty_export/lib/python3.11/site-packages/scipy/special/cython_special.cpython-311-x86_64-linux-gnu.so
7fb19049a000-7fb19069a000 rw-p 00000000 00:00 0 
7fb19069a000-7fb1906a9000 r--p 00000000 00:1f8 109564600854              /mnt/primary/conda-envs/semantic_uncertainty_export/lib/python3.11/site-packages/scipy/optimize/_highs/_highs_wrapper.cpython-311-x86_64-linux-gnu.so
7fb1906a9000-7fb190989000 r-xp 0000f000 00:1f8 109564600854              /mnt/primary/conda-envs/semantic_uncertainty_export/lib/python3.11/site-packages/scipy/optimize/_highs/_highs_wrapper.cpython-311-x86_64-linux-gnu.so
7fb190989000-7fb1909f2000 r--p 002ef000 00:1f8 109564600854              /mnt/primary/conda-envs/semantic_uncertainty_export/lib/python3.11/site-packages/scipy/optimize/_highs/_highs_wrapper.cpython-311-x86_64-linux-gnu.so
7fb1909f2000-7fb1909f3000 ---p 00358000 00:1f8 109564600854              /mnt/primary/conda-envs/semantic_uncertainty_export/lib/python3.11/site-packages/scipy/optimize/_highs/_highs_wrapper.cpython-311-x86_64-linux-gnu.so
7fb1909f3000-7fb1909f5000 r--p 00358000 00:1f8 109564600854              /mnt/primary/conda-envs/semantic_uncertainty_export/lib/python3.11/site-packages/scipy/optimize/_highs/_highs_wrapper.cpython-311-x86_64-linux-gnu.so
7fb1909f5000-7fb1909fc000 rw-p 0035a000 00:1f8 109564600854              /mnt/primary/conda-envs/semantic_uncertainty_export/lib/python3.11/site-packages/scipy/optimize/_highs/_highs_wrapper.cpython-311-x86_64-linux-gnu.so
7fb1909fc000-7fb190a00000 rw-p 00000000 00:00 0 
7fb190a00000-7fb190a01000 ---p 00000000 00:00 0 
7fb190a01000-7fb191201000 rw-p 00000000 00:00 0 
7fb191201000-7fb191205000 r--p 00000000 00:1f8 81808996384               /mnt/primary/conda-envs/semantic_uncertainty_export/lib/python3.11/site-packages/scipy/stats/_boost/beta_ufunc.cpython-311-x86_64-linux-gnu.so
7fb191205000-7fb191225000 r-xp 00004000 00:1f8 81808996384               /mnt/primary/conda-envs/semantic_uncertainty_export/lib/python3.11/site-packages/scipy/stats/_boost/beta_ufunc.cpython-311-x86_64-linux-gnu.so
7fb191225000-7fb19122b000 r--p 00024000 00:1f8 81808996384               /mnt/primary/conda-envs/semantic_uncertainty_export/lib/python3.11/site-packages/scipy/stats/_boost/beta_ufunc.cpython-311-x86_64-linux-gnu.so
7fb19122b000-7fb19122c000 r--p 00029000 00:1f8 81808996384               /mnt/primary/conda-envs/semantic_uncertainty_export/lib/python3.11/site-packages/scipy/stats/_boost/beta_ufunc.cpython-311-x86_64-linux-gnu.so
7fb19122c000-7fb19122d000 rw-p 0002a000 00:1f8 81808996384               /mnt/primary/conda-envs/semantic_uncertainty_export/lib/python3.11/site-packages/scipy/stats/_boost/beta_ufunc.cpython-311-x86_64-linux-gnu.so
7fb19122d000-7fb191237000 r--p 00000000 00:1f8 73089433127               /mnt/primary/conda-envs/semantic_uncertainty_export/lib/python3.11/site-packages/scipy/stats/_stats.cpython-311-x86_64-linux-gnu.so
7fb191237000-7fb1912b5000 r-xp 0000a000 00:1f8 73089433127               /mnt/primary/conda-envs/semantic_uncertainty_export/lib/python3.11/site-packages/scipy/stats/_stats.cpython-311-x86_64-linux-gnu.so
7fb1912b5000-7fb1912c2000 r--p 00088000 00:1f8 73089433127               /mnt/primary/conda-envs/semantic_uncertainty_export/lib/python3.11/site-packages/scipy/stats/_stats.cpython-311-x86_64-linux-gnu.so
7fb1912c2000-7fb1912c3000 r--p 00094000 00:1f8 73089433127               /mnt/primary/conda-envs/semantic_uncertainty_export/lib/python3.11/site-packages/scipy/stats/_stats.cpython-311-x86_64-linux-gnu.so
7fb1912c3000-7fb1912ca000 rw-p 00095000 00:1f8 73089433127               /mnt/primary/conda-envs/semantic_uncertainty_export/lib/python3.11/site-packages/scipy/stats/_stats.cpython-311-x86_64-linux-gnu.so
7fb1912ca000-7fb1912cb000 rw-p 00000000 00:00 0 
7fb1912cb000-7fb1912ce000 r--p 00000000 00:1f8 64698545180               /mnt/primary/conda-envs/semantic_uncertainty_export/lib/python3.11/site-packages/scipy/integrate/_lsoda.cpython-311-x86_64-linux-gnu.so
7fb1912ce000-7fb1912db000 r-xp 00003000 00:1f8 64698545180               /mnt/primary/conda-envs/semantic_uncertainty_export/lib/python3.11/site-packages/scipy/integrate/_lsoda.cpython-311-x86_64-linux-gnu.so
7fb1912db000-7fb1912df000 r--p 00010000 00:1f8 64698545180               /mnt/primary/conda-envs/semantic_uncertainty_export/lib/python3.11/site-packages/scipy/integrate/_lsoda.cpython-311-x86_64-linux-gnu.so
7fb1912df000-7fb1912e0000 r--p 00013000 00:1f8 64698545180               /mnt/primary/conda-envs/semantic_uncertainty_export/lib/python3.11/site-packages/scipy/integrate/_lsoda.cpython-311-x86_64-linux-gnu.so
7fb1912e0000-7fb1912e2000 rw-p 00014000 00:1f8 64698545180               /mnt/primary/conda-envs/semantic_uncertainty_export/lib/python3.11/site-packages/scipy/integrate/_lsoda.cpython-311-x86_64-linux-gnu.so
7fb1912e2000-7fb1912e5000 rw-p 00018000 00:1f8 64698545180               /mnt/primary/conda-envs/semantic_uncertainty_export/lib/python3.11/site-packages/scipy/integrate/_lsoda.cpython-311-x86_64-linux-gnu.so
7fb1912e5000-7fb1912e8000 r--p 00000000 00:1f8 64698545185               /mnt/primary/conda-envs/semantic_uncertainty_export/lib/python3.11/site-packages/scipy/integrate/_dop.cpython-311-x86_64-linux-gnu.so
7fb1912e8000-7fb1912f6000 r-xp 00003000 00:1f8 64698545185               /mnt/primary/conda-envs/semantic_uncertainty_export/lib/python3.11/site-packages/scipy/integrate/_dop.cpython-311-x86_64-linux-gnu.so
7fb1912f6000-7fb1912fa000 r--p 00011000 00:1f8 64698545185               /mnt/primary/conda-envs/semantic_uncertainty_export/lib/python3.11/site-packages/scipy/integrate/_dop.cpython-311-x86_64-linux-gnu.so
7fb1912fa000-7fb1912fb000 r--p 00014000 00:1f8 64698545185               /mnt/primary/conda-envs/semantic_uncertainty_export/lib/python3.11/site-packages/scipy/integrate/_dop.cpython-311-x86_64-linux-gnu.so
7fb1912fb000-7fb1912fd000 rw-p 00015000 00:1f8 64698545185               /mnt/primary/conda-envs/semantic_uncertainty_export/lib/python3.11/site-packages/scipy/integrate/_dop.cpython-311-x86_64-linux-gnu.so
7fb1912fd000-7fb191300000 rw-p 00019000 00:1f8 64698545185               /mnt/primary/conda-envs/semantic_uncertainty_export/lib/python3.11/site-packages/scipy/integrate/_dop.cpython-311-x86_64-linux-gnu.so
7fb191300000-7fb191400000 rw-p 00000000 00:00 0 
7fb191400000-7fb191401000 ---p 00000000 00:00 0 
7fb191401000-7fb191c01000 rw-p 00000000 00:00 0 
7fb191c06000-7fb191c09000 r--p 00000000 00:1f8 64698545173               /mnt/primary/conda-envs/semantic_uncertainty_export/lib/python3.11/site-packages/scipy/integrate/_vode.cpython-311-x86_64-linux-gnu.so
7fb191c09000-7fb191c21000 r-xp 00003000 00:1f8 64698545173               /mnt/primary/conda-envs/semantic_uncertainty_export/lib/python3.11/site-packages/scipy/integrate/_vode.cpython-311-x86_64-linux-gnu.so
7fb191c21000-7fb191c27000 r--p 0001b000 00:1f8 64698545173               /mnt/primary/conda-envs/semantic_uncertainty_export/lib/python3.11/site-packages/scipy/integrate/_vode.cpython-311-x86_64-linux-gnu.so
7fb191c27000-7fb191c28000 r--p 00020000 00:1f8 64698545173               /mnt/primary/conda-envs/semantic_uncertainty_export/lib/python3.11/site-packages/scipy/integrate/_vode.cpython-311-x86_64-linux-gnu.so
7fb191c28000-7fb191c2a000 rw-p 00021000 00:1f8 64698545173               /mnt/primary/conda-envs/semantic_uncertainty_export/lib/python3.11/site-packages/scipy/integrate/_vode.cpython-311-x86_64-linux-gnu.so
7fb191c2a000-7fb191c2d000 rw-p 00026000 00:1f8 64698545173               /mnt/primary/conda-envs/semantic_uncertainty_export/lib/python3.11/site-packages/scipy/integrate/_vode.cpython-311-x86_64-linux-gnu.so
7fb191c2d000-7fb191c2f000 r--p 00000000 00:1f8 64698545177               /mnt/primary/conda-envs/semantic_uncertainty_export/lib/python3.11/site-packages/scipy/integrate/_quadpack.cpython-311-x86_64-linux-gnu.so
7fb191c2f000-7fb191c42000 r-xp 00002000 00:1f8 64698545177               /mnt/primary/conda-envs/semantic_uncertainty_export/lib/python3.11/site-packages/scipy/integrate/_quadpack.cpython-311-x86_64-linux-gnu.so
7fb191c42000-7fb191c45000 r--p 00015000 00:1f8 64698545177               /mnt/primary/conda-envs/semantic_uncertainty_export/lib/python3.11/site-packages/scipy/integrate/_quadpack.cpython-311-x86_64-linux-gnu.so
7fb191c45000-7fb191c46000 r--p 00017000 00:1f8 64698545177               /mnt/primary/conda-envs/semantic_uncertainty_export/lib/python3.11/site-packages/scipy/integrate/_quadpack.cpython-311-x86_64-linux-gnu.so
7fb191c46000-7fb191c47000 rw-p 00018000 00:1f8 64698545177               /mnt/primary/conda-envs/semantic_uncertainty_export/lib/python3.11/site-packages/scipy/integrate/_quadpack.cpython-311-x86_64-linux-gnu.so
7fb191c47000-7fb191c49000 rw-p 0001b000 00:1f8 64698545177               /mnt/primary/conda-envs/semantic_uncertainty_export/lib/python3.11/site-packages/scipy/integrate/_quadpack.cpython-311-x86_64-linux-gnu.so
7fb191c49000-7fb191c50000 r--p 00000000 00:1f8 98787428881               /mnt/primary/conda-envs/semantic_uncertainty_export/lib/python3.11/site-packages/scipy/optimize/_bglu_dense.cpython-311-x86_64-linux-gnu.so
7fb191c50000-7fb191c82000 r-xp 00007000 00:1f8 98787428881               /mnt/primary/conda-envs/semantic_uncertainty_export/lib/python3.11/site-packages/scipy/optimize/_bglu_dense.cpython-311-x86_64-linux-gnu.so
7fb191c82000-7fb191c8b000 r--p 00039000 00:1f8 98787428881               /mnt/primary/conda-envs/semantic_uncertainty_export/lib/python3.11/site-packages/scipy/optimize/_bglu_dense.cpython-311-x86_64-linux-gnu.so
7fb191c8b000-7fb191c8c000 r--p 00041000 00:1f8 98787428881               /mnt/primary/conda-envs/semantic_uncertainty_export/lib/python3.11/site-packages/scipy/optimize/_bglu_dense.cpython-311-x86_64-linux-gnu.so
7fb191c8c000-7fb191c91000 rw-p 00042000 00:1f8 98787428881               /mnt/primary/conda-envs/semantic_uncertainty_export/lib/python3.11/site-packages/scipy/optimize/_bglu_dense.cpython-311-x86_64-linux-gnu.so
7fb191c91000-7fb191c97000 r--p 00000000 00:1f8 19514561043               /mnt/primary/conda-envs/semantic_uncertainty_export/lib/python3.11/site-packages/scipy/linalg/_interpolative.cpython-311-x86_64-linux-gnu.so
7fb191c97000-7fb191cda000 r-xp 00006000 00:1f8 19514561043               /mnt/primary/conda-envs/semantic_uncertainty_export/lib/python3.11/site-packages/scipy/linalg/_interpolative.cpython-311-x86_64-linux-gnu.so
7fb191cda000-7fb191cec000 r--p 00049000 00:1f8 19514561043               /mnt/primary/conda-envs/semantic_uncertainty_export/lib/python3.11/site-packages/scipy/linalg/_interpolative.cpython-311-x86_64-linux-gnu.so
7fb191cec000-7fb191ced000 r--p 0005a000 00:1f8 19514561043               /mnt/primary/conda-envs/semantic_uncertainty_export/lib/python3.11/site-packages/scipy/linalg/_interpolative.cpython-311-x86_64-linux-gnu.so
7fb191ced000-7fb191cfd000 rw-p 0005b000 00:1f8 19514561043               /mnt/primary/conda-envs/semantic_uncertainty_export/lib/python3.11/site-packages/scipy/linalg/_interpolative.cpython-311-x86_64-linux-gnu.so
7fb191cfd000-7fb191d00000 rw-p 00072000 00:1f8 19514561043               /mnt/primary/conda-envs/semantic_uncertainty_export/lib/python3.11/site-packages/scipy/linalg/_interpolative.cpython-311-x86_64-linux-gnu.so
7fb191d00000-7fb191e00000 rw-p 00000000 00:00 0 
7fb191e00000-7fb191e01000 ---p 00000000 00:00 0 
7fb191e01000-7fb192601000 rw-p 00000000 00:00 0 
7fb192602000-7fb192606000 r--p 00000000 00:1f8 45438355996               /mnt/primary/conda-envs/semantic_uncertainty_export/lib/python3.11/lib-dynload/_elementtree.cpython-311-x86_64-linux-gnu.so
7fb192606000-7fb19260f000 r-xp 00004000 00:1f8 45438355996               /mnt/primary/conda-envs/semantic_uncertainty_export/lib/python3.11/lib-dynload/_elementtree.cpython-311-x86_64-linux-gnu.so
7fb19260f000-7fb192613000 r--p 0000d000 00:1f8 45438355996               /mnt/primary/conda-envs/semantic_uncertainty_export/lib/python3.11/lib-dynload/_elementtree.cpython-311-x86_64-linux-gnu.so
7fb192613000-7fb192614000 r--p 00010000 00:1f8 45438355996               /mnt/primary/conda-envs/semantic_uncertainty_export/lib/python3.11/lib-dynload/_elementtree.cpython-311-x86_64-linux-gnu.so
7fb192614000-7fb192616000 rw-p 00011000 00:1f8 45438355996               /mnt/primary/conda-envs/semantic_uncertainty_export/lib/python3.11/lib-dynload/_elementtree.cpython-311-x86_64-linux-gnu.so
7fb192616000-7fb192618000 r--p 00000000 00:1f8 64698545178               /mnt/primary/conda-envs/semantic_uncertainty_export/lib/python3.11/site-packages/scipy/integrate/_odepack.cpython-311-x86_64-linux-gnu.so
7fb192618000-7fb192623000 r-xp 00002000 00:1f8 64698545178               /mnt/primary/conda-envs/semantic_uncertainty_export/lib/python3.11/site-packages/scipy/integrate/_odepack.cpython-311-x86_64-linux-gnu.so
7fb192623000-7fb192626000 r--p 0000d000 00:1f8 64698545178               /mnt/primary/conda-envs/semantic_uncertainty_export/lib/python3.11/site-packages/scipy/integrate/_odepack.cpython-311-x86_64-linux-gnu.so
7fb192626000-7fb192627000 r--p 0000f000 00:1f8 64698545178               /mnt/primary/conda-envs/semantic_uncertainty_export/lib/python3.11/site-packages/scipy/integrate/_odepack.cpython-311-x86_64-linux-gnu.so
7fb192627000-7fb192628000 rw-p 00010000 00:1f8 64698545178               /mnt/primary/conda-envs/semantic_uncertainty_export/lib/python3.11/site-packages/scipy/integrate/_odepack.cpython-311-x86_64-linux-gnu.so
7fb192628000-7fb19262a000 rw-p 00013000 00:1f8 64698545178               /mnt/primary/conda-envs/semantic_uncertainty_export/lib/python3.11/site-packages/scipy/integrate/_odepack.cpython-311-x86_64-linux-gnu.so
7fb19262a000-7fb19262f000 r--p 00000000 00:1f8 100942359064              /mnt/primary/conda-envs/semantic_uncertainty_export/lib/python3.11/site-packages/scipy/optimize/_lsq/givens_elimination.cpython-311-x86_64-linux-gnu.so
7fb19262f000-7fb19264c000 r-xp 00005000 00:1f8 100942359064              /mnt/primary/conda-envs/semantic_uncertainty_export/lib/python3.11/site-packages/scipy/optimize/_lsq/givens_elimination.cpython-311-x86_64-linux-gnu.so
7fb19264c000-7fb192652000 r--p 00022000 00:1f8 100942359064              /mnt/primary/conda-envs/semantic_uncertainty_export/lib/python3.11/site-packages/scipy/optimize/_lsq/givens_elimination.cpython-311-x86_64-linux-gnu.so
7fb192652000-7fb192653000 r--p 00027000 00:1f8 100942359064              /mnt/primary/conda-envs/semantic_uncertainty_export/lib/python3.11/site-packages/scipy/optimize/_lsq/givens_elimination.cpython-311-x86_64-linux-gnu.so
7fb192653000-7fb192656000 rw-p 00028000 00:1f8 100942359064              /mnt/primary/conda-envs/semantic_uncertainty_export/lib/python3.11/site-packages/scipy/optimize/_lsq/givens_elimination.cpython-311-x86_64-linux-gnu.so
7fb192656000-7fb192658000 r--p 00000000 00:1f8 98787977275               /mnt/primary/conda-envs/semantic_uncertainty_export/lib/python3.11/site-packages/scipy/optimize/_cobyla.cpython-311-x86_64-linux-gnu.so
7fb192658000-7fb192665000 r-xp 00002000 00:1f8 98787977275               /mnt/primary/conda-envs/semantic_uncertainty_export/lib/python3.11/site-packages/scipy/optimize/_cobyla.cpython-311-x86_64-linux-gnu.so
7fb192665000-7fb192668000 r--p 0000f000 00:1f8 98787977275               /mnt/primary/conda-envs/semantic_uncertainty_export/lib/python3.11/site-packages/scipy/optimize/_cobyla.cpython-311-x86_64-linux-gnu.so
7fb192668000-7fb192669000 r--p 00011000 00:1f8 98787977275               /mnt/primary/conda-envs/semantic_uncertainty_export/lib/python3.11/site-packages/scipy/optimize/_cobyla.cpython-311-x86_64-linux-gnu.so
7fb192669000-7fb19266a000 rw-p 00012000 00:1f8 98787977275               /mnt/primary/conda-envs/semantic_uncertainty_export/lib/python3.11/site-packages/scipy/optimize/_cobyla.cpython-311-x86_64-linux-gnu.so
7fb19266a000-7fb19266c000 rw-p 00016000 00:1f8 98787977275               /mnt/primary/conda-envs/semantic_uncertainty_export/lib/python3.11/site-packages/scipy/optimize/_cobyla.cpython-311-x86_64-linux-gnu.so
7fb19266c000-7fb192670000 r--p 00000000 00:1f8 98787351563               /mnt/primary/conda-envs/semantic_uncertainty_export/lib/python3.11/site-packages/scipy/optimize/_moduleTNC.cpython-311-x86_64-linux-gnu.so
7fb192670000-7fb192686000 r-xp 00004000 00:1f8 98787351563               /mnt/primary/conda-envs/semantic_uncertainty_export/lib/python3.11/site-packages/scipy/optimize/_moduleTNC.cpython-311-x86_64-linux-gnu.so
7fb192686000-7fb192689000 r--p 0001a000 00:1f8 98787351563               /mnt/primary/conda-envs/semantic_uncertainty_export/lib/python3.11/site-packages/scipy/optimize/_moduleTNC.cpython-311-x86_64-linux-gnu.so
7fb192689000-7fb19268a000 r--p 0001c000 00:1f8 98787351563               /mnt/primary/conda-envs/semantic_uncertainty_export/lib/python3.11/site-packages/scipy/optimize/_moduleTNC.cpython-311-x86_64-linux-gnu.so
7fb19268a000-7fb19268c000 rw-p 0001d000 00:1f8 98787351563               /mnt/primary/conda-envs/semantic_uncertainty_export/lib/python3.11/site-packages/scipy/optimize/_moduleTNC.cpython-311-x86_64-linux-gnu.so
7fb19268c000-7fb192693000 r--p 00000000 00:1f8 116031844998              /mnt/primary/conda-envs/semantic_uncertainty_export/lib/python3.11/site-packages/scipy/optimize/_trlib/_trlib.cpython-311-x86_64-linux-gnu.so
7fb192693000-7fb1926cb000 r-xp 00007000 00:1f8 116031844998              /mnt/primary/conda-envs/semantic_uncertainty_export/lib/python3.11/site-packages/scipy/optimize/_trlib/_trlib.cpython-311-x86_64-linux-gnu.so
7fb1926cb000-7fb1926d4000 r--p 0003f000 00:1f8 116031844998              /mnt/primary/conda-envs/semantic_uncertainty_export/lib/python3.11/site-packages/scipy/optimize/_trlib/_trlib.cpython-311-x86_64-linux-gnu.so
7fb1926d4000-7fb1926d5000 r--p 00047000 00:1f8 116031844998              /mnt/primary/conda-envs/semantic_uncertainty_export/lib/python3.11/site-packages/scipy/optimize/_trlib/_trlib.cpython-311-x86_64-linux-gnu.so
7fb1926d5000-7fb1926d9000 rw-p 00048000 00:1f8 116031844998              /mnt/primary/conda-envs/semantic_uncertainty_export/lib/python3.11/site-packages/scipy/optimize/_trlib/_trlib.cpython-311-x86_64-linux-gnu.so
7fb1926d9000-7fb1926da000 rw-p 00000000 00:00 0 
7fb1926da000-7fb1926dd000 rw-p 00057000 00:1f8 116031844998              /mnt/primary/conda-envs/semantic_uncertainty_export/lib/python3.11/site-packages/scipy/optimize/_trlib/_trlib.cpython-311-x86_64-linux-gnu.so
7fb1926dd000-7fb1926e7000 r--p 00000000 00:1f8 45447825451               /mnt/primary/conda-envs/semantic_uncertainty_export/lib/python3.11/site-packages/scipy/spatial/transform/_rotation.cpython-311-x86_64-linux-gnu.so
7fb1926e7000-7fb192754000 r-xp 0000a000 00:1f8 45447825451               /mnt/primary/conda-envs/semantic_uncertainty_export/lib/python3.11/site-packages/scipy/spatial/transform/_rotation.cpython-311-x86_64-linux-gnu.so
7fb192754000-7fb19276d000 r--p 00077000 00:1f8 45447825451               /mnt/primary/conda-envs/semantic_uncertainty_export/lib/python3.11/site-packages/scipy/spatial/transform/_rotation.cpython-311-x86_64-linux-gnu.so
7fb19276d000-7fb19276e000 r--p 0008f000 00:1f8 45447825451               /mnt/primary/conda-envs/semantic_uncertainty_export/lib/python3.11/site-packages/scipy/spatial/transform/_rotation.cpython-311-x86_64-linux-gnu.so
7fb19276e000-7fb192780000 rw-p 00090000 00:1f8 45447825451               /mnt/primary/conda-envs/semantic_uncertainty_export/lib/python3.11/site-packages/scipy/spatial/transform/_rotation.cpython-311-x86_64-linux-gnu.so
7fb192780000-7fb192782000 rw-p 00000000 00:00 0 
7fb192782000-7fb192788000 r--p 00000000 00:1f8 40842680353               /mnt/primary/conda-envs/semantic_uncertainty_export/lib/python3.11/site-packages/scipy/spatial/_distance_pybind.cpython-311-x86_64-linux-gnu.so
7fb192788000-7fb1927ed000 r-xp 00006000 00:1f8 40842680353               /mnt/primary/conda-envs/semantic_uncertainty_export/lib/python3.11/site-packages/scipy/spatial/_distance_pybind.cpython-311-x86_64-linux-gnu.so
7fb1927ed000-7fb1927fd000 r--p 0006b000 00:1f8 40842680353               /mnt/primary/conda-envs/semantic_uncertainty_export/lib/python3.11/site-packages/scipy/spatial/_distance_pybind.cpython-311-x86_64-linux-gnu.so
7fb1927fd000-7fb1927fe000 ---p 0007b000 00:1f8 40842680353               /mnt/primary/conda-envs/semantic_uncertainty_export/lib/python3.11/site-packages/scipy/spatial/_distance_pybind.cpython-311-x86_64-linux-gnu.so
7fb1927fe000-7fb1927ff000 r--p 0007b000 00:1f8 40842680353               /mnt/primary/conda-envs/semantic_uncertainty_export/lib/python3.11/site-packages/scipy/spatial/_distance_pybind.cpython-311-x86_64-linux-gnu.so
7fb1927ff000-7fb192800000 rw-p 0007c000 00:1f8 40842680353               /mnt/primary/conda-envs/semantic_uncertainty_export/lib/python3.11/site-packages/scipy/spatial/_distance_pybind.cpython-311-x86_64-linux-gnu.so
7fb192800000-7fb192801000 ---p 00000000 00:00 0 
7fb192801000-7fb193001000 rw-p 00000000 00:00 0 
7fb193008000-7fb193009000 r--p 00000000 00:1f8 70898546230               /mnt/primary/conda-envs/semantic_uncertainty_export/lib/libsharpyuv.so.0.0.1
7fb193009000-7fb19300d000 r-xp 00001000 00:1f8 70898546230               /mnt/primary/conda-envs/semantic_uncertainty_export/lib/libsharpyuv.so.0.0.1
7fb19300d000-7fb19300e000 r--p 00005000 00:1f8 70898546230               /mnt/primary/conda-envs/semantic_uncertainty_export/lib/libsharpyuv.so.0.0.1
7fb19300e000-7fb19300f000 r--p 00005000 00:1f8 70898546230               /mnt/primary/conda-envs/semantic_uncertainty_export/lib/libsharpyuv.so.0.0.1
7fb19300f000-7fb193010000 rw-p 00006000 00:1f8 70898546230               /mnt/primary/conda-envs/semantic_uncertainty_export/lib/libsharpyuv.so.0.0.1
7fb193010000-7fb193011000 rw-p 00000000 00:00 0 
7fb193011000-7fb193018000 r--p 00000000 00:1f8 26467592191               /mnt/primary/conda-envs/semantic_uncertainty_export/lib/python3.11/site-packages/scipy/ndimage/_ni_label.cpython-311-x86_64-linux-gnu.so
7fb193018000-7fb193052000 r-xp 00007000 00:1f8 26467592191               /mnt/primary/conda-envs/semantic_uncertainty_export/lib/python3.11/site-packages/scipy/ndimage/_ni_label.cpython-311-x86_64-linux-gnu.so
7fb193052000-7fb19305b000 r--p 00041000 00:1f8 26467592191               /mnt/primary/conda-envs/semantic_uncertainty_export/lib/python3.11/site-packages/scipy/ndimage/_ni_label.cpython-311-x86_64-linux-gnu.so
7fb19305b000-7fb19305c000 r--p 00049000 00:1f8 26467592191               /mnt/primary/conda-envs/semantic_uncertainty_export/lib/python3.11/site-packages/scipy/ndimage/_ni_label.cpython-311-x86_64-linux-gnu.so
7fb19305c000-7fb193060000 rw-p 0004a000 00:1f8 26467592191               /mnt/primary/conda-envs/semantic_uncertainty_export/lib/python3.11/site-packages/scipy/ndimage/_ni_label.cpython-311-x86_64-linux-gnu.so
7fb193060000-7fb193061000 rw-p 00000000 00:00 0 
7fb193061000-7fb19306d000 r--p 00000000 00:1f8 49458313787               /mnt/primary/conda-envs/semantic_uncertainty_export/lib/python3.11/site-packages/scipy/special/_ufuncs.cpython-311-x86_64-linux-gnu.so
7fb19306d000-7fb193173000 r-xp 0000c000 00:1f8 49458313787               /mnt/primary/conda-envs/semantic_uncertainty_export/lib/python3.11/site-packages/scipy/special/_ufuncs.cpython-311-x86_64-linux-gnu.so
7fb193173000-7fb1931e7000 r--p 00112000 00:1f8 49458313787               /mnt/primary/conda-envs/semantic_uncertainty_export/lib/python3.11/site-packages/scipy/special/_ufuncs.cpython-311-x86_64-linux-gnu.so
7fb1931e7000-7fb1931e8000 ---p 00186000 00:1f8 49458313787               /mnt/primary/conda-envs/semantic_uncertainty_export/lib/python3.11/site-packages/scipy/special/_ufuncs.cpython-311-x86_64-linux-gnu.so
7fb1931e8000-7fb1931e9000 r--p 00186000 00:1f8 49458313787               /mnt/primary/conda-envs/semantic_uncertainty_export/lib/python3.11/site-packages/scipy/special/_ufuncs.cpython-311-x86_64-linux-gnu.so
7fb1931e9000-7fb1931f3000 rw-p 00187000 00:1f8 49458313787               /mnt/primary/conda-envs/semantic_uncertainty_export/lib/python3.11/site-packages/scipy/special/_ufuncs.cpython-311-x86_64-linux-gnu.so
7fb1931f3000-7fb1931fc000 rw-p 00000000 00:00 0 
7fb1931fc000-7fb193200000 rw-p 001f4000 00:1f8 49458313787               /mnt/primary/conda-envs/semantic_uncertainty_export/lib/python3.11/site-packages/scipy/special/_ufuncs.cpython-311-x86_64-linux-gnu.so
7fb193200000-7fb19323b000 r-xp 00000000 00:1f8 64698545192               /mnt/primary/conda-envs/semantic_uncertainty_export/lib/python3.11/site-packages/scipy.libs/libquadmath-96973f99.so.0.0.0
7fb19323b000-7fb19343a000 ---p 0003b000 00:1f8 64698545192               /mnt/primary/conda-envs/semantic_uncertainty_export/lib/python3.11/site-packages/scipy.libs/libquadmath-96973f99.so.0.0.0
7fb19343a000-7fb19343b000 r--p 0003a000 00:1f8 64698545192               /mnt/primary/conda-envs/semantic_uncertainty_export/lib/python3.11/site-packages/scipy.libs/libquadmath-96973f99.so.0.0.0
7fb19343b000-7fb19343d000 rw-p 0003b000 00:1f8 64698545192               /mnt/primary/conda-envs/semantic_uncertainty_export/lib/python3.11/site-packages/scipy.libs/libquadmath-96973f99.so.0.0.0
7fb19343f000-7fb193441000 r--p 00000000 00:1f8 98787428893               /mnt/primary/conda-envs/semantic_uncertainty_export/lib/python3.11/site-packages/scipy/optimize/_minpack.cpython-311-x86_64-linux-gnu.so
7fb193441000-7fb19344e000 r-xp 00002000 00:1f8 98787428893               /mnt/primary/conda-envs/semantic_uncertainty_export/lib/python3.11/site-packages/scipy/optimize/_minpack.cpython-311-x86_64-linux-gnu.so
7fb19344e000-7fb193450000 r--p 0000f000 00:1f8 98787428893               /mnt/primary/conda-envs/semantic_uncertainty_export/lib/python3.11/site-packages/scipy/optimize/_minpack.cpython-311-x86_64-linux-gnu.so
7fb193450000-7fb193451000 r--p 00010000 00:1f8 98787428893               /mnt/primary/conda-envs/semantic_uncertainty_export/lib/python3.11/site-packages/scipy/optimize/_minpack.cpython-311-x86_64-linux-gnu.so
7fb193451000-7fb193452000 rw-p 00011000 00:1f8 98787428893               /mnt/primary/conda-envs/semantic_uncertainty_export/lib/python3.11/site-packages/scipy/optimize/_minpack.cpython-311-x86_64-linux-gnu.so
7fb193452000-7fb193454000 r--p 00000000 00:1f8 98787428911               /mnt/primary/conda-envs/semantic_uncertainty_export/lib/python3.11/site-packages/scipy/optimize/_lbfgsb.cpython-311-x86_64-linux-gnu.so
7fb193454000-7fb193464000 r-xp 00002000 00:1f8 98787428911               /mnt/primary/conda-envs/semantic_uncertainty_export/lib/python3.11/site-packages/scipy/optimize/_lbfgsb.cpython-311-x86_64-linux-gnu.so
7fb193464000-7fb193468000 r--p 00012000 00:1f8 98787428911               /mnt/primary/conda-envs/semantic_uncertainty_export/lib/python3.11/site-packages/scipy/optimize/_lbfgsb.cpython-311-x86_64-linux-gnu.so
7fb193468000-7fb193469000 r--p 00015000 00:1f8 98787428911               /mnt/primary/conda-envs/semantic_uncertainty_export/lib/python3.11/site-packages/scipy/optimize/_lbfgsb.cpython-311-x86_64-linux-gnu.so
7fb193469000-7fb19346a000 rw-p 00016000 00:1f8 98787428911               /mnt/primary/conda-envs/semantic_uncertainty_export/lib/python3.11/site-packages/scipy/optimize/_lbfgsb.cpython-311-x86_64-linux-gnu.so
7fb19346a000-7fb19346c000 rw-p 0001a000 00:1f8 98787428911               /mnt/primary/conda-envs/semantic_uncertainty_export/lib/python3.11/site-packages/scipy/optimize/_lbfgsb.cpython-311-x86_64-linux-gnu.so
7fb19346c000-7fb19346f000 r--p 00000000 00:1f8 49458313779               /mnt/primary/conda-envs/semantic_uncertainty_export/lib/python3.11/site-packages/scipy/special/_specfun.cpython-311-x86_64-linux-gnu.so
7fb19346f000-7fb1934d6000 r-xp 00003000 00:1f8 49458313779               /mnt/primary/conda-envs/semantic_uncertainty_export/lib/python3.11/site-packages/scipy/special/_specfun.cpython-311-x86_64-linux-gnu.so
7fb1934d6000-7fb1934e1000 r--p 0006a000 00:1f8 49458313779               /mnt/primary/conda-envs/semantic_uncertainty_export/lib/python3.11/site-packages/scipy/special/_specfun.cpython-311-x86_64-linux-gnu.so
7fb1934e1000-7fb1934e2000 r--p 00074000 00:1f8 49458313779               /mnt/primary/conda-envs/semantic_uncertainty_export/lib/python3.11/site-packages/scipy/special/_specfun.cpython-311-x86_64-linux-gnu.so
7fb1934e2000-7fb1934e7000 rw-p 00075000 00:1f8 49458313779               /mnt/primary/conda-envs/semantic_uncertainty_export/lib/python3.11/site-packages/scipy/special/_specfun.cpython-311-x86_64-linux-gnu.so
7fb1934e7000-7fb1934e9000 rw-p 0007e000 00:1f8 49458313779               /mnt/primary/conda-envs/semantic_uncertainty_export/lib/python3.11/site-packages/scipy/special/_specfun.cpython-311-x86_64-linux-gnu.so
7fb1934e9000-7fb1934ed000 r--p 00000000 00:1f8 49458313772               /mnt/primary/conda-envs/semantic_uncertainty_export/lib/python3.11/site-packages/scipy/special/_ufuncs_cxx.cpython-311-x86_64-linux-gnu.so
7fb1934ed000-7fb193547000 r-xp 00004000 00:1f8 49458313772               /mnt/primary/conda-envs/semantic_uncertainty_export/lib/python3.11/site-packages/scipy/special/_ufuncs_cxx.cpython-311-x86_64-linux-gnu.so
7fb193547000-7fb193559000 r--p 0005e000 00:1f8 49458313772               /mnt/primary/conda-envs/semantic_uncertainty_export/lib/python3.11/site-packages/scipy/special/_ufuncs_cxx.cpython-311-x86_64-linux-gnu.so
7fb193559000-7fb19355a000 r--p 0006f000 00:1f8 49458313772               /mnt/primary/conda-envs/semantic_uncertainty_export/lib/python3.11/site-packages/scipy/special/_ufuncs_cxx.cpython-311-x86_64-linux-gnu.so
7fb19355a000-7fb19355b000 rw-p 00070000 00:1f8 49458313772               /mnt/primary/conda-envs/semantic_uncertainty_export/lib/python3.11/site-packages/scipy/special/_ufuncs_cxx.cpython-311-x86_64-linux-gnu.so
7fb19355b000-7fb19355c000 rw-p 00000000 00:00 0 
7fb19355c000-7fb193562000 r--p 00000000 00:1f8 40842680345               /mnt/primary/conda-envs/semantic_uncertainty_export/lib/python3.11/site-packages/scipy/spatial/_hausdorff.cpython-311-x86_64-linux-gnu.so
7fb193562000-7fb193582000 r-xp 00006000 00:1f8 40842680345               /mnt/primary/conda-envs/semantic_uncertainty_export/lib/python3.11/site-packages/scipy/spatial/_hausdorff.cpython-311-x86_64-linux-gnu.so
7fb193582000-7fb193588000 r--p 00026000 00:1f8 40842680345               /mnt/primary/conda-envs/semantic_uncertainty_export/lib/python3.11/site-packages/scipy/spatial/_hausdorff.cpython-311-x86_64-linux-gnu.so
7fb193588000-7fb193589000 r--p 0002b000 00:1f8 40842680345               /mnt/primary/conda-envs/semantic_uncertainty_export/lib/python3.11/site-packages/scipy/spatial/_hausdorff.cpython-311-x86_64-linux-gnu.so
7fb193589000-7fb19358c000 rw-p 0002c000 00:1f8 40842680345               /mnt/primary/conda-envs/semantic_uncertainty_export/lib/python3.11/site-packages/scipy/spatial/_hausdorff.cpython-311-x86_64-linux-gnu.so
7fb19358c000-7fb19368c000 rw-p 00000000 00:00 0 
7fb19368c000-7fb193691000 r--p 00000000 00:1f8 40842680341               /mnt/primary/conda-envs/semantic_uncertainty_export/lib/python3.11/site-packages/scipy/spatial/_voronoi.cpython-311-x86_64-linux-gnu.so
7fb193691000-7fb1936b0000 r-xp 00005000 00:1f8 40842680341               /mnt/primary/conda-envs/semantic_uncertainty_export/lib/python3.11/site-packages/scipy/spatial/_voronoi.cpython-311-x86_64-linux-gnu.so
7fb1936b0000-7fb1936b6000 r--p 00024000 00:1f8 40842680341               /mnt/primary/conda-envs/semantic_uncertainty_export/lib/python3.11/site-packages/scipy/spatial/_voronoi.cpython-311-x86_64-linux-gnu.so
7fb1936b6000-7fb1936b7000 r--p 00029000 00:1f8 40842680341               /mnt/primary/conda-envs/semantic_uncertainty_export/lib/python3.11/site-packages/scipy/spatial/_voronoi.cpython-311-x86_64-linux-gnu.so
7fb1936b7000-7fb1936ba000 rw-p 0002a000 00:1f8 40842680341               /mnt/primary/conda-envs/semantic_uncertainty_export/lib/python3.11/site-packages/scipy/spatial/_voronoi.cpython-311-x86_64-linux-gnu.so
7fb1936ba000-7fb1936c5000 r--p 00000000 00:1f8 40842680355               /mnt/primary/conda-envs/semantic_uncertainty_export/lib/python3.11/site-packages/scipy/spatial/_qhull.cpython-311-x86_64-linux-gnu.so
7fb1936c5000-7fb19377a000 r-xp 0000b000 00:1f8 40842680355               /mnt/primary/conda-envs/semantic_uncertainty_export/lib/python3.11/site-packages/scipy/spatial/_qhull.cpython-311-x86_64-linux-gnu.so
7fb19377a000-7fb1937ae000 r--p 000c0000 00:1f8 40842680355               /mnt/primary/conda-envs/semantic_uncertainty_export/lib/python3.11/site-packages/scipy/spatial/_qhull.cpython-311-x86_64-linux-gnu.so
7fb1937ae000-7fb1937af000 r--p 000f3000 00:1f8 40842680355               /mnt/primary/conda-envs/semantic_uncertainty_export/lib/python3.11/site-packages/scipy/spatial/_qhull.cpython-311-x86_64-linux-gnu.so
7fb1937af000-7fb1937b8000 rw-p 000f4000 00:1f8 40842680355               /mnt/primary/conda-envs/semantic_uncertainty_export/lib/python3.11/site-packages/scipy/spatial/_qhull.cpython-311-x86_64-linux-gnu.so
7fb1937b8000-7fb1937b9000 rw-p 00000000 00:00 0 
7fb1937b9000-7fb1937be000 rw-p 00116000 00:1f8 40842680355               /mnt/primary/conda-envs/semantic_uncertainty_export/lib/python3.11/site-packages/scipy/spatial/_qhull.cpython-311-x86_64-linux-gnu.so
7fb1937be000-7fb1937c5000 r--p 00000000 00:1f8 163552721437              /mnt/primary/conda-envs/semantic_uncertainty_export/lib/python3.11/site-packages/scipy/sparse/csgraph/_reordering.cpython-311-x86_64-linux-gnu.so
7fb1937c5000-7fb1937f2000 r-xp 00007000 00:1f8 163552721437              /mnt/primary/conda-envs/semantic_uncertainty_export/lib/python3.11/site-packages/scipy/sparse/csgraph/_reordering.cpython-311-x86_64-linux-gnu.so
7fb1937f2000-7fb1937fa000 r--p 00034000 00:1f8 163552721437              /mnt/primary/conda-envs/semantic_uncertainty_export/lib/python3.11/site-packages/scipy/sparse/csgraph/_reordering.cpython-311-x86_64-linux-gnu.so
7fb1937fa000-7fb1937fb000 r--p 0003b000 00:1f8 163552721437              /mnt/primary/conda-envs/semantic_uncertainty_export/lib/python3.11/site-packages/scipy/sparse/csgraph/_reordering.cpython-311-x86_64-linux-gnu.so
7fb1937fb000-7fb193800000 rw-p 0003c000 00:1f8 163552721437              /mnt/primary/conda-envs/semantic_uncertainty_export/lib/python3.11/site-packages/scipy/sparse/csgraph/_reordering.cpython-311-x86_64-linux-gnu.so
7fb193800000-7fb193a76000 r-xp 00000000 00:1f8 64698545191               /mnt/primary/conda-envs/semantic_uncertainty_export/lib/python3.11/site-packages/scipy.libs/libgfortran-040039e1.so.5.0.0
7fb193a76000-7fb193c75000 ---p 00276000 00:1f8 64698545191               /mnt/primary/conda-envs/semantic_uncertainty_export/lib/python3.11/site-packages/scipy.libs/libgfortran-040039e1.so.5.0.0
7fb193c75000-7fb193c76000 r--p 00275000 00:1f8 64698545191               /mnt/primary/conda-envs/semantic_uncertainty_export/lib/python3.11/site-packages/scipy.libs/libgfortran-040039e1.so.5.0.0
7fb193c76000-7fb193c78000 rw-p 00276000 00:1f8 64698545191               /mnt/primary/conda-envs/semantic_uncertainty_export/lib/python3.11/site-packages/scipy.libs/libgfortran-040039e1.so.5.0.0
7fb193c78000-7fb193c8d000 rw-p 0027b000 00:1f8 64698545191               /mnt/primary/conda-envs/semantic_uncertainty_export/lib/python3.11/site-packages/scipy.libs/libgfortran-040039e1.so.5.0.0
7fb193c8e000-7fb193c90000 r--p 00000000 00:1f8 98787428883               /mnt/primary/conda-envs/semantic_uncertainty_export/lib/python3.11/site-packages/scipy/optimize/_slsqp.cpython-311-x86_64-linux-gnu.so
7fb193c90000-7fb193c9c000 r-xp 00002000 00:1f8 98787428883               /mnt/primary/conda-envs/semantic_uncertainty_export/lib/python3.11/site-packages/scipy/optimize/_slsqp.cpython-311-x86_64-linux-gnu.so
7fb193c9c000-7fb193c9f000 r--p 0000e000 00:1f8 98787428883               /mnt/primary/conda-envs/semantic_uncertainty_export/lib/python3.11/site-packages/scipy/optimize/_slsqp.cpython-311-x86_64-linux-gnu.so
7fb193c9f000-7fb193ca0000 r--p 00010000 00:1f8 98787428883               /mnt/primary/conda-envs/semantic_uncertainty_export/lib/python3.11/site-packages/scipy/optimize/_slsqp.cpython-311-x86_64-linux-gnu.so
7fb193ca0000-7fb193ca1000 rw-p 00011000 00:1f8 98787428883               /mnt/primary/conda-envs/semantic_uncertainty_export/lib/python3.11/site-packages/scipy/optimize/_slsqp.cpython-311-x86_64-linux-gnu.so
7fb193ca1000-7fb193ca4000 r--p 00000000 00:1f8 98787977279               /mnt/primary/conda-envs/semantic_uncertainty_export/lib/python3.11/site-packages/scipy/optimize/_group_columns.cpython-311-x86_64-linux-gnu.so
7fb193ca4000-7fb193cb0000 r-xp 00003000 00:1f8 98787977279               /mnt/primary/conda-envs/semantic_uncertainty_export/lib/python3.11/site-packages/scipy/optimize/_group_columns.cpython-311-x86_64-linux-gnu.so
7fb193cb0000-7fb193cb3000 r--p 0000f000 00:1f8 98787977279               /mnt/primary/conda-envs/semantic_uncertainty_export/lib/python3.11/site-packages/scipy/optimize/_group_columns.cpython-311-x86_64-linux-gnu.so
7fb193cb3000-7fb193cb4000 r--p 00011000 00:1f8 98787977279               /mnt/primary/conda-envs/semantic_uncertainty_export/lib/python3.11/site-packages/scipy/optimize/_group_columns.cpython-311-x86_64-linux-gnu.so
7fb193cb4000-7fb193cb5000 rw-p 00012000 00:1f8 98787977279               /mnt/primary/conda-envs/semantic_uncertainty_export/lib/python3.11/site-packages/scipy/optimize/_group_columns.cpython-311-x86_64-linux-gnu.so
7fb193cb5000-7fb193cbb000 r--p 00000000 00:1f8 163552721440              /mnt/primary/conda-envs/semantic_uncertainty_export/lib/python3.11/site-packages/scipy/sparse/csgraph/_matching.cpython-311-x86_64-linux-gnu.so
7fb193cbb000-7fb193ceb000 r-xp 00006000 00:1f8 163552721440              /mnt/primary/conda-envs/semantic_uncertainty_export/lib/python3.11/site-packages/scipy/sparse/csgraph/_matching.cpython-311-x86_64-linux-gnu.so
7fb193ceb000-7fb193cf4000 r--p 00036000 00:1f8 163552721440              /mnt/primary/conda-envs/semantic_uncertainty_export/lib/python3.11/site-packages/scipy/sparse/csgraph/_matching.cpython-311-x86_64-linux-gnu.so
7fb193cf4000-7fb193cf5000 ---p 0003f000 00:1f8 163552721440              /mnt/primary/conda-envs/semantic_uncertainty_export/lib/python3.11/site-packages/scipy/sparse/csgraph/_matching.cpython-311-x86_64-linux-gnu.so
7fb193cf5000-7fb193cf6000 r--p 0003f000 00:1f8 163552721440              /mnt/primary/conda-envs/semantic_uncertainty_export/lib/python3.11/site-packages/scipy/sparse/csgraph/_matching.cpython-311-x86_64-linux-gnu.so
7fb193cf6000-7fb193cfc000 rw-p 00040000 00:1f8 163552721440              /mnt/primary/conda-envs/semantic_uncertainty_export/lib/python3.11/site-packages/scipy/sparse/csgraph/_matching.cpython-311-x86_64-linux-gnu.so
7fb193cfc000-7fb193cfd000 rw-p 00000000 00:00 0 
7fb193cfd000-7fb193d04000 r--p 00000000 00:1f8 163552721436              /mnt/primary/conda-envs/semantic_uncertainty_export/lib/python3.11/site-packages/scipy/sparse/csgraph/_flow.cpython-311-x86_64-linux-gnu.so
7fb193d04000-7fb193d33000 r-xp 00007000 00:1f8 163552721436              /mnt/primary/conda-envs/semantic_uncertainty_export/lib/python3.11/site-packages/scipy/sparse/csgraph/_flow.cpython-311-x86_64-linux-gnu.so
7fb193d33000-7fb193d3c000 r--p 00036000 00:1f8 163552721436              /mnt/primary/conda-envs/semantic_uncertainty_export/lib/python3.11/site-packages/scipy/sparse/csgraph/_flow.cpython-311-x86_64-linux-gnu.so
7fb193d3c000-7fb193d3d000 ---p 0003f000 00:1f8 163552721436              /mnt/primary/conda-envs/semantic_uncertainty_export/lib/python3.11/site-packages/scipy/sparse/csgraph/_flow.cpython-311-x86_64-linux-gnu.so
7fb193d3d000-7fb193d3e000 r--p 0003f000 00:1f8 163552721436              /mnt/primary/conda-envs/semantic_uncertainty_export/lib/python3.11/site-packages/scipy/sparse/csgraph/_flow.cpython-311-x86_64-linux-gnu.so
7fb193d3e000-7fb193d44000 rw-p 00040000 00:1f8 163552721436              /mnt/primary/conda-envs/semantic_uncertainty_export/lib/python3.11/site-packages/scipy/sparse/csgraph/_flow.cpython-311-x86_64-linux-gnu.so
7fb193d44000-7fb193d45000 rw-p 00000000 00:00 0 
7fb193d45000-7fb193d4b000 r--p 00000000 00:1f8 163552721443              /mnt/primary/conda-envs/semantic_uncertainty_export/lib/python3.11/site-packages/scipy/sparse/csgraph/_min_spanning_tree.cpython-311-x86_64-linux-gnu.so
7fb193d4b000-7fb193d6d000 r-xp 00006000 00:1f8 163552721443              /mnt/primary/conda-envs/semantic_uncertainty_export/lib/python3.11/site-packages/scipy/sparse/csgraph/_min_spanning_tree.cpython-311-x86_64-linux-gnu.so
7fb193d6d000-7fb193d74000 r--p 00028000 00:1f8 163552721443              /mnt/primary/conda-envs/semantic_uncertainty_export/lib/python3.11/site-packages/scipy/sparse/csgraph/_min_spanning_tree.cpython-311-x86_64-linux-gnu.so
7fb193d74000-7fb193d75000 r--p 0002e000 00:1f8 163552721443              /mnt/primary/conda-envs/semantic_uncertainty_export/lib/python3.11/site-packages/scipy/sparse/csgraph/_min_spanning_tree.cpython-311-x86_64-linux-gnu.so
7fb193d75000-7fb193d79000 rw-p 0002f000 00:1f8 163552721443              /mnt/primary/conda-envs/semantic_uncertainty_export/lib/python3.11/site-packages/scipy/sparse/csgraph/_min_spanning_tree.cpython-311-x86_64-linux-gnu.so
7fb193d79000-7fb193d81000 r--p 00000000 00:1f8 163552721434              /mnt/primary/conda-envs/semantic_uncertainty_export/lib/python3.11/site-packages/scipy/sparse/csgraph/_traversal.cpython-311-x86_64-linux-gnu.so
7fb193d81000-7fb193de4000 r-xp 00008000 00:1f8 163552721434              /mnt/primary/conda-envs/semantic_uncertainty_export/lib/python3.11/site-packages/scipy/sparse/csgraph/_traversal.cpython-311-x86_64-linux-gnu.so
7fb193de4000-7fb193df1000 r--p 0006b000 00:1f8 163552721434              /mnt/primary/conda-envs/semantic_uncertainty_export/lib/python3.11/site-packages/scipy/sparse/csgraph/_traversal.cpython-311-x86_64-linux-gnu.so
7fb193df1000-7fb193df2000 r--p 00077000 00:1f8 163552721434              /mnt/primary/conda-envs/semantic_uncertainty_export/lib/python3.11/site-packages/scipy/sparse/csgraph/_traversal.cpython-311-x86_64-linux-gnu.so
7fb193df2000-7fb193df9000 rw-p 00078000 00:1f8 163552721434              /mnt/primary/conda-envs/semantic_uncertainty_export/lib/python3.11/site-packages/scipy/sparse/csgraph/_traversal.cpython-311-x86_64-linux-gnu.so
7fb193df9000-7fb193dfa000 rw-p 00000000 00:00 0 
7fb193dfa000-7fb193dfe000 r--p 00000000 00:1f8 163552721433              /mnt/primary/conda-envs/semantic_uncertainty_export/lib/python3.11/site-packages/scipy/sparse/csgraph/_tools.cpython-311-x86_64-linux-gnu.so
7fb193dfe000-7fb193e17000 r-xp 00004000 00:1f8 163552721433              /mnt/primary/conda-envs/semantic_uncertainty_export/lib/python3.11/site-packages/scipy/sparse/csgraph/_tools.cpython-311-x86_64-linux-gnu.so
7fb193e17000-7fb193e1d000 r--p 0001d000 00:1f8 163552721433              /mnt/primary/conda-envs/semantic_uncertainty_export/lib/python3.11/site-packages/scipy/sparse/csgraph/_tools.cpython-311-x86_64-linux-gnu.so
7fb193e1d000-7fb193e1e000 ---p 00023000 00:1f8 163552721433              /mnt/primary/conda-envs/semantic_uncertainty_export/lib/python3.11/site-packages/scipy/sparse/csgraph/_tools.cpython-311-x86_64-linux-gnu.so
7fb193e1e000-7fb193e1f000 r--p 00023000 00:1f8 163552721433              /mnt/primary/conda-envs/semantic_uncertainty_export/lib/python3.11/site-packages/scipy/sparse/csgraph/_tools.cpython-311-x86_64-linux-gnu.so
7fb193e1f000-7fb193e24000 rw-p 00024000 00:1f8 163552721433              /mnt/primary/conda-envs/semantic_uncertainty_export/lib/python3.11/site-packages/scipy/sparse/csgraph/_tools.cpython-311-x86_64-linux-gnu.so
7fb193e24000-7fb193e2b000 r--p 00000000 00:1f8 163552721435              /mnt/primary/conda-envs/semantic_uncertainty_export/lib/python3.11/site-packages/scipy/sparse/csgraph/_shortest_path.cpython-311-x86_64-linux-gnu.so
7fb193e2b000-7fb193e76000 r-xp 00007000 00:1f8 163552721435              /mnt/primary/conda-envs/semantic_uncertainty_export/lib/python3.11/site-packages/scipy/sparse/csgraph/_shortest_path.cpython-311-x86_64-linux-gnu.so
7fb193e76000-7fb193e83000 r--p 00052000 00:1f8 163552721435              /mnt/primary/conda-envs/semantic_uncertainty_export/lib/python3.11/site-packages/scipy/sparse/csgraph/_shortest_path.cpython-311-x86_64-linux-gnu.so
7fb193e83000-7fb193e84000 r--p 0005e000 00:1f8 163552721435              /mnt/primary/conda-envs/semantic_uncertainty_export/lib/python3.11/site-packages/scipy/sparse/csgraph/_shortest_path.cpython-311-x86_64-linux-gnu.so
7fb193e84000-7fb193e8d000 rw-p 0005f000 00:1f8 163552721435              /mnt/primary/conda-envs/semantic_uncertainty_export/lib/python3.11/site-packages/scipy/sparse/csgraph/_shortest_path.cpython-311-x86_64-linux-gnu.so
7fb193e8d000-7fb193e8e000 rw-p 00000000 00:00 0 
7fb193e8e000-7fb193e94000 r--p 00000000 00:1f8 150478618165              /mnt/primary/conda-envs/semantic_uncertainty_export/lib/python3.11/site-packages/scipy/sparse/linalg/_eigen/arpack/_arpack.cpython-311-x86_64-linux-gnu.so
7fb193e94000-7fb193ee0000 r-xp 00006000 00:1f8 150478618165              /mnt/primary/conda-envs/semantic_uncertainty_export/lib/python3.11/site-packages/scipy/sparse/linalg/_eigen/arpack/_arpack.cpython-311-x86_64-linux-gnu.so
7fb193ee0000-7fb193ef0000 r--p 00052000 00:1f8 150478618165              /mnt/primary/conda-envs/semantic_uncertainty_export/lib/python3.11/site-packages/scipy/sparse/linalg/_eigen/arpack/_arpack.cpython-311-x86_64-linux-gnu.so
7fb193ef0000-7fb193ef1000 r--p 00061000 00:1f8 150478618165              /mnt/primary/conda-envs/semantic_uncertainty_export/lib/python3.11/site-packages/scipy/sparse/linalg/_eigen/arpack/_arpack.cpython-311-x86_64-linux-gnu.so
7fb193ef1000-7fb193efc000 rw-p 00062000 00:1f8 150478618165              /mnt/primary/conda-envs/semantic_uncertainty_export/lib/python3.11/site-packages/scipy/sparse/linalg/_eigen/arpack/_arpack.cpython-311-x86_64-linux-gnu.so
7fb193efc000-7fb193efd000 rw-p 00000000 00:00 0 
7fb193efd000-7fb193f00000 rw-p 00075000 00:1f8 150478618165              /mnt/primary/conda-envs/semantic_uncertainty_export/lib/python3.11/site-packages/scipy/sparse/linalg/_eigen/arpack/_arpack.cpython-311-x86_64-linux-gnu.so
7fb193f00000-7fb194000000 rw-p 00000000 00:00 0 
7fb194000000-7fb194029000 rw-p 00000000 00:00 0 
7fb194029000-7fb198000000 ---p 00000000 00:00 0 
7fb198006000-7fb198008000 r--p 00000000 00:1f8 73087765047               /mnt/primary/conda-envs/semantic_uncertainty_export/lib/python3.11/site-packages/scipy/stats/_statlib.cpython-311-x86_64-linux-gnu.so
7fb198008000-7fb19800e000 r-xp 00002000 00:1f8 73087765047               /mnt/primary/conda-envs/semantic_uncertainty_export/lib/python3.11/site-packages/scipy/stats/_statlib.cpython-311-x86_64-linux-gnu.so
7fb19800e000-7fb198010000 r--p 00008000 00:1f8 73087765047               /mnt/primary/conda-envs/semantic_uncertainty_export/lib/python3.11/site-packages/scipy/stats/_statlib.cpython-311-x86_64-linux-gnu.so
7fb198010000-7fb198011000 r--p 00009000 00:1f8 73087765047               /mnt/primary/conda-envs/semantic_uncertainty_export/lib/python3.11/site-packages/scipy/stats/_statlib.cpython-311-x86_64-linux-gnu.so
7fb198011000-7fb198012000 rw-p 0000a000 00:1f8 73087765047               /mnt/primary/conda-envs/semantic_uncertainty_export/lib/python3.11/site-packages/scipy/stats/_statlib.cpython-311-x86_64-linux-gnu.so
7fb198012000-7fb198015000 r--p 00000000 00:1f8 137518709806              /mnt/primary/conda-envs/semantic_uncertainty_export/lib/python3.11/site-packages/scipy/sparse/linalg/_dsolve/_superlu.cpython-311-x86_64-linux-gnu.so
7fb198015000-7fb198059000 r-xp 00003000 00:1f8 137518709806              /mnt/primary/conda-envs/semantic_uncertainty_export/lib/python3.11/site-packages/scipy/sparse/linalg/_dsolve/_superlu.cpython-311-x86_64-linux-gnu.so
7fb198059000-7fb198064000 r--p 00047000 00:1f8 137518709806              /mnt/primary/conda-envs/semantic_uncertainty_export/lib/python3.11/site-packages/scipy/sparse/linalg/_dsolve/_superlu.cpython-311-x86_64-linux-gnu.so
7fb198064000-7fb198065000 r--p 00051000 00:1f8 137518709806              /mnt/primary/conda-envs/semantic_uncertainty_export/lib/python3.11/site-packages/scipy/sparse/linalg/_dsolve/_superlu.cpython-311-x86_64-linux-gnu.so
7fb198065000-7fb198066000 rw-p 00052000 00:1f8 137518709806              /mnt/primary/conda-envs/semantic_uncertainty_export/lib/python3.11/site-packages/scipy/sparse/linalg/_dsolve/_superlu.cpython-311-x86_64-linux-gnu.so
7fb198066000-7fb198069000 rw-p 0005a000 00:1f8 137518709806              /mnt/primary/conda-envs/semantic_uncertainty_export/lib/python3.11/site-packages/scipy/sparse/linalg/_dsolve/_superlu.cpython-311-x86_64-linux-gnu.so
7fb198069000-7fb19808f000 r--p 00000000 00:1f8 19514561027               /mnt/primary/conda-envs/semantic_uncertainty_export/lib/python3.11/site-packages/scipy/linalg/_flapack.cpython-311-x86_64-linux-gnu.so
7fb19808f000-7fb19818b000 r-xp 00026000 00:1f8 19514561027               /mnt/primary/conda-envs/semantic_uncertainty_export/lib/python3.11/site-packages/scipy/linalg/_flapack.cpython-311-x86_64-linux-gnu.so
7fb19818b000-7fb1981f7000 r--p 00122000 00:1f8 19514561027               /mnt/primary/conda-envs/semantic_uncertainty_export/lib/python3.11/site-packages/scipy/linalg/_flapack.cpython-311-x86_64-linux-gnu.so
7fb1981f7000-7fb1981f8000 r--p 0018d000 00:1f8 19514561027               /mnt/primary/conda-envs/semantic_uncertainty_export/lib/python3.11/site-packages/scipy/linalg/_flapack.cpython-311-x86_64-linux-gnu.so
7fb1981f8000-7fb198280000 rw-p 0018e000 00:1f8 19514561027               /mnt/primary/conda-envs/semantic_uncertainty_export/lib/python3.11/site-packages/scipy/linalg/_flapack.cpython-311-x86_64-linux-gnu.so
7fb198280000-7fb198287000 rw-p 0022e000 00:1f8 19514561027               /mnt/primary/conda-envs/semantic_uncertainty_export/lib/python3.11/site-packages/scipy/linalg/_flapack.cpython-311-x86_64-linux-gnu.so
7fb198287000-7fb198381000 r--p 00000000 00:1f8 64698545190               /mnt/primary/conda-envs/semantic_uncertainty_export/lib/python3.11/site-packages/scipy.libs/libopenblasp-r0-23e5df77.3.21.dev.so
7fb198381000-7fb198389000 r-xp 000fa000 00:1f8 64698545190               /mnt/primary/conda-envs/semantic_uncertainty_export/lib/python3.11/site-packages/scipy.libs/libopenblasp-r0-23e5df77.3.21.dev.so
7fb198389000-7fb19838f000 ---p 00102000 00:1f8 64698545190               /mnt/primary/conda-envs/semantic_uncertainty_export/lib/python3.11/site-packages/scipy.libs/libopenblasp-r0-23e5df77.3.21.dev.so
7fb19838f000-7fb199e47000 r-xp 00108000 00:1f8 64698545190               /mnt/primary/conda-envs/semantic_uncertainty_export/lib/python3.11/site-packages/scipy.libs/libopenblasp-r0-23e5df77.3.21.dev.so
7fb199e47000-7fb19a041000 r--p 01bc0000 00:1f8 64698545190               /mnt/primary/conda-envs/semantic_uncertainty_export/lib/python3.11/site-packages/scipy.libs/libopenblasp-r0-23e5df77.3.21.dev.so
7fb19a041000-7fb19a042000 ---p 01dba000 00:1f8 64698545190               /mnt/primary/conda-envs/semantic_uncertainty_export/lib/python3.11/site-packages/scipy.libs/libopenblasp-r0-23e5df77.3.21.dev.so
7fb19a042000-7fb19a048000 r--p 01dba000 00:1f8 64698545190               /mnt/primary/conda-envs/semantic_uncertainty_export/lib/python3.11/site-packages/scipy.libs/libopenblasp-r0-23e5df77.3.21.dev.so
7fb19a048000-7fb19a05c000 rw-p 01dc0000 00:1f8 64698545190               /mnt/primary/conda-envs/semantic_uncertainty_export/lib/python3.11/site-packages/scipy.libs/libopenblasp-r0-23e5df77.3.21.dev.so
7fb19a05c000-7fb19a069000 rw-p 00000000 00:00 0 
7fb19a069000-7fb19a104000 rw-p 01ed4000 00:1f8 64698545190               /mnt/primary/conda-envs/semantic_uncertainty_export/lib/python3.11/site-packages/scipy.libs/libopenblasp-r0-23e5df77.3.21.dev.so
7fb19a104000-7fb19a204000 rw-p 00000000 00:00 0 
7fb19a204000-7fb19a207000 r--p 00000000 00:1f8 133230555182              /mnt/primary/conda-envs/semantic_uncertainty_export/lib/python3.11/site-packages/scipy/sparse/_sparsetools.cpython-311-x86_64-linux-gnu.so
7fb19a207000-7fb19a5af000 r-xp 00003000 00:1f8 133230555182              /mnt/primary/conda-envs/semantic_uncertainty_export/lib/python3.11/site-packages/scipy/sparse/_sparsetools.cpython-311-x86_64-linux-gnu.so
7fb19a5af000-7fb19a5ff000 r--p 003ab000 00:1f8 133230555182              /mnt/primary/conda-envs/semantic_uncertainty_export/lib/python3.11/site-packages/scipy/sparse/_sparsetools.cpython-311-x86_64-linux-gnu.so
7fb19a5ff000-7fb19a600000 ---p 003fb000 00:1f8 133230555182              /mnt/primary/conda-envs/semantic_uncertainty_export/lib/python3.11/site-packages/scipy/sparse/_sparsetools.cpython-311-x86_64-linux-gnu.so
7fb19a600000-7fb19a601000 r--p 003fb000 00:1f8 133230555182              /mnt/primary/conda-envs/semantic_uncertainty_export/lib/python3.11/site-packages/scipy/sparse/_sparsetools.cpython-311-x86_64-linux-gnu.so
7fb19a601000-7fb19a602000 rw-p 003fc000 00:1f8 133230555182              /mnt/primary/conda-envs/semantic_uncertainty_export/lib/python3.11/site-packages/scipy/sparse/_sparsetools.cpython-311-x86_64-linux-gnu.so
7fb19a602000-7fb19aa02000 rw-p 00000000 00:00 0 
7fb19aa02000-7fb19aa14000 r--p 00000000 00:1f8 141832290874              /mnt/primary/conda-envs/semantic_uncertainty_export/lib/python3.11/site-packages/pandas/_libs/groupby.cpython-311-x86_64-linux-gnu.so
7fb19aa14000-7fb19abc8000 r-xp 00012000 00:1f8 141832290874              /mnt/primary/conda-envs/semantic_uncertainty_export/lib/python3.11/site-packages/pandas/_libs/groupby.cpython-311-x86_64-linux-gnu.so
7fb19abc8000-7fb19abed000 r--p 001c6000 00:1f8 141832290874              /mnt/primary/conda-envs/semantic_uncertainty_export/lib/python3.11/site-packages/pandas/_libs/groupby.cpython-311-x86_64-linux-gnu.so
7fb19abed000-7fb19abee000 ---p 001eb000 00:1f8 141832290874              /mnt/primary/conda-envs/semantic_uncertainty_export/lib/python3.11/site-packages/pandas/_libs/groupby.cpython-311-x86_64-linux-gnu.so
7fb19abee000-7fb19abef000 r--p 001eb000 00:1f8 141832290874              /mnt/primary/conda-envs/semantic_uncertainty_export/lib/python3.11/site-packages/pandas/_libs/groupby.cpython-311-x86_64-linux-gnu.so
7fb19abef000-7fb19abfd000 rw-p 001ec000 00:1f8 141832290874              /mnt/primary/conda-envs/semantic_uncertainty_export/lib/python3.11/site-packages/pandas/_libs/groupby.cpython-311-x86_64-linux-gnu.so
7fb19abfd000-7fb19ac00000 rw-p 00000000 00:00 0 
7fb19ac00000-7fb19ac01000 ---p 00000000 00:00 0 
7fb19ac01000-7fb19b401000 rw-p 00000000 00:00 0 
7fb19b404000-7fb19b405000 r--p 00000000 00:1f8 98787977270               /mnt/primary/conda-envs/semantic_uncertainty_export/lib/python3.11/site-packages/scipy/optimize/_direct.cpython-311-x86_64-linux-gnu.so
7fb19b405000-7fb19b40b000 r-xp 00001000 00:1f8 98787977270               /mnt/primary/conda-envs/semantic_uncertainty_export/lib/python3.11/site-packages/scipy/optimize/_direct.cpython-311-x86_64-linux-gnu.so
7fb19b40b000-7fb19b40d000 r--p 00007000 00:1f8 98787977270               /mnt/primary/conda-envs/semantic_uncertainty_export/lib/python3.11/site-packages/scipy/optimize/_direct.cpython-311-x86_64-linux-gnu.so
7fb19b40d000-7fb19b40e000 r--p 00008000 00:1f8 98787977270               /mnt/primary/conda-envs/semantic_uncertainty_export/lib/python3.11/site-packages/scipy/optimize/_direct.cpython-311-x86_64-linux-gnu.so
7fb19b40e000-7fb19b40f000 rw-p 00009000 00:1f8 98787977270               /mnt/primary/conda-envs/semantic_uncertainty_export/lib/python3.11/site-packages/scipy/optimize/_direct.cpython-311-x86_64-linux-gnu.so
7fb19b40f000-7fb19b414000 r--p 00000000 00:1f8 19514492990               /mnt/primary/conda-envs/semantic_uncertainty_export/lib/python3.11/site-packages/scipy/linalg/_decomp_update.cpython-311-x86_64-linux-gnu.so
7fb19b414000-7fb19b44a000 r-xp 00005000 00:1f8 19514492990               /mnt/primary/conda-envs/semantic_uncertainty_export/lib/python3.11/site-packages/scipy/linalg/_decomp_update.cpython-311-x86_64-linux-gnu.so
7fb19b44a000-7fb19b456000 r--p 0003b000 00:1f8 19514492990               /mnt/primary/conda-envs/semantic_uncertainty_export/lib/python3.11/site-packages/scipy/linalg/_decomp_update.cpython-311-x86_64-linux-gnu.so
7fb19b456000-7fb19b457000 r--p 00046000 00:1f8 19514492990               /mnt/primary/conda-envs/semantic_uncertainty_export/lib/python3.11/site-packages/scipy/linalg/_decomp_update.cpython-311-x86_64-linux-gnu.so
7fb19b457000-7fb19b45d000 rw-p 00047000 00:1f8 19514492990               /mnt/primary/conda-envs/semantic_uncertainty_export/lib/python3.11/site-packages/scipy/linalg/_decomp_update.cpython-311-x86_64-linux-gnu.so
7fb19b45d000-7fb19b465000 r--p 00000000 00:1f8 19514561051               /mnt/primary/conda-envs/semantic_uncertainty_export/lib/python3.11/site-packages/scipy/linalg/cython_blas.cpython-311-x86_64-linux-gnu.so
7fb19b465000-7fb19b488000 r-xp 00008000 00:1f8 19514561051               /mnt/primary/conda-envs/semantic_uncertainty_export/lib/python3.11/site-packages/scipy/linalg/cython_blas.cpython-311-x86_64-linux-gnu.so
7fb19b488000-7fb19b495000 r--p 0002b000 00:1f8 19514561051               /mnt/primary/conda-envs/semantic_uncertainty_export/lib/python3.11/site-packages/scipy/linalg/cython_blas.cpython-311-x86_64-linux-gnu.so
7fb19b495000-7fb19b496000 r--p 00037000 00:1f8 19514561051               /mnt/primary/conda-envs/semantic_uncertainty_export/lib/python3.11/site-packages/scipy/linalg/cython_blas.cpython-311-x86_64-linux-gnu.so
7fb19b496000-7fb19b499000 rw-p 00038000 00:1f8 19514561051               /mnt/primary/conda-envs/semantic_uncertainty_export/lib/python3.11/site-packages/scipy/linalg/cython_blas.cpython-311-x86_64-linux-gnu.so
7fb19b499000-7fb19b49a000 rw-p 00000000 00:00 0 
7fb19b49a000-7fb19b49f000 rw-p 00047000 00:1f8 19514561051               /mnt/primary/conda-envs/semantic_uncertainty_export/lib/python3.11/site-packages/scipy/linalg/cython_blas.cpython-311-x86_64-linux-gnu.so
7fb19b49f000-7fb19b4a6000 r--p 00000000 00:1f8 19514492985               /mnt/primary/conda-envs/semantic_uncertainty_export/lib/python3.11/site-packages/scipy/linalg/_matfuncs_expm.cpython-311-x86_64-linux-gnu.so
7fb19b4a6000-7fb19b4ee000 r-xp 00007000 00:1f8 19514492985               /mnt/primary/conda-envs/semantic_uncertainty_export/lib/python3.11/site-packages/scipy/linalg/_matfuncs_expm.cpython-311-x86_64-linux-gnu.so
7fb19b4ee000-7fb19b4f9000 r--p 0004f000 00:1f8 19514492985               /mnt/primary/conda-envs/semantic_uncertainty_export/lib/python3.11/site-packages/scipy/linalg/_matfuncs_expm.cpython-311-x86_64-linux-gnu.so
7fb19b4f9000-7fb19b4fa000 r--p 00059000 00:1f8 19514492985               /mnt/primary/conda-envs/semantic_uncertainty_export/lib/python3.11/site-packages/scipy/linalg/_matfuncs_expm.cpython-311-x86_64-linux-gnu.so
7fb19b4fa000-7fb19b4ff000 rw-p 0005a000 00:1f8 19514492985               /mnt/primary/conda-envs/semantic_uncertainty_export/lib/python3.11/site-packages/scipy/linalg/_matfuncs_expm.cpython-311-x86_64-linux-gnu.so
7fb19b4ff000-7fb19b600000 rw-p 00000000 00:00 0 
7fb19b600000-7fb19b601000 ---p 00000000 00:00 0 
7fb19b601000-7fb19be01000 rw-p 00000000 00:00 0 
7fb19be03000-7fb19be05000 r--p 00000000 00:1f8 26467592183               /mnt/primary/conda-envs/semantic_uncertainty_export/lib/python3.11/site-packages/scipy/ndimage/_nd_image.cpython-311-x86_64-linux-gnu.so
7fb19be05000-7fb19be22000 r-xp 00002000 00:1f8 26467592183               /mnt/primary/conda-envs/semantic_uncertainty_export/lib/python3.11/site-packages/scipy/ndimage/_nd_image.cpython-311-x86_64-linux-gnu.so
7fb19be22000-7fb19be25000 r--p 0001f000 00:1f8 26467592183               /mnt/primary/conda-envs/semantic_uncertainty_export/lib/python3.11/site-packages/scipy/ndimage/_nd_image.cpython-311-x86_64-linux-gnu.so
7fb19be25000-7fb19be26000 ---p 00022000 00:1f8 26467592183               /mnt/primary/conda-envs/semantic_uncertainty_export/lib/python3.11/site-packages/scipy/ndimage/_nd_image.cpython-311-x86_64-linux-gnu.so
7fb19be26000-7fb19be27000 r--p 00022000 00:1f8 26467592183               /mnt/primary/conda-envs/semantic_uncertainty_export/lib/python3.11/site-packages/scipy/ndimage/_nd_image.cpython-311-x86_64-linux-gnu.so
7fb19be27000-7fb19be28000 rw-p 00023000 00:1f8 26467592183               /mnt/primary/conda-envs/semantic_uncertainty_export/lib/python3.11/site-packages/scipy/ndimage/_nd_image.cpython-311-x86_64-linux-gnu.so
7fb19be28000-7fb19be2e000 r--p 00000000 00:1f8 19514561026               /mnt/primary/conda-envs/semantic_uncertainty_export/lib/python3.11/site-packages/scipy/linalg/_matfuncs_sqrtm_triu.cpython-311-x86_64-linux-gnu.so
7fb19be2e000-7fb19be52000 r-xp 00006000 00:1f8 19514561026               /mnt/primary/conda-envs/semantic_uncertainty_export/lib/python3.11/site-packages/scipy/linalg/_matfuncs_sqrtm_triu.cpython-311-x86_64-linux-gnu.so
7fb19be52000-7fb19be59000 r--p 0002a000 00:1f8 19514561026               /mnt/primary/conda-envs/semantic_uncertainty_export/lib/python3.11/site-packages/scipy/linalg/_matfuncs_sqrtm_triu.cpython-311-x86_64-linux-gnu.so
7fb19be59000-7fb19be5a000 r--p 00030000 00:1f8 19514561026               /mnt/primary/conda-envs/semantic_uncertainty_export/lib/python3.11/site-packages/scipy/linalg/_matfuncs_sqrtm_triu.cpython-311-x86_64-linux-gnu.so
7fb19be5a000-7fb19be5d000 rw-p 00031000 00:1f8 19514561026               /mnt/primary/conda-envs/semantic_uncertainty_export/lib/python3.11/site-packages/scipy/linalg/_matfuncs_sqrtm_triu.cpython-311-x86_64-linux-gnu.so
7fb19be5d000-7fb19be5e000 rw-p 00000000 00:00 0 
7fb19be5e000-7fb19be75000 r--p 00000000 00:1f8 19514561048               /mnt/primary/conda-envs/semantic_uncertainty_export/lib/python3.11/site-packages/scipy/linalg/cython_lapack.cpython-311-x86_64-linux-gnu.so
7fb19be75000-7fb19be91000 r-xp 00017000 00:1f8 19514561048               /mnt/primary/conda-envs/semantic_uncertainty_export/lib/python3.11/site-packages/scipy/linalg/cython_lapack.cpython-311-x86_64-linux-gnu.so
7fb19be91000-7fb19bee9000 r--p 00033000 00:1f8 19514561048               /mnt/primary/conda-envs/semantic_uncertainty_export/lib/python3.11/site-packages/scipy/linalg/cython_lapack.cpython-311-x86_64-linux-gnu.so
7fb19bee9000-7fb19beea000 ---p 0008b000 00:1f8 19514561048               /mnt/primary/conda-envs/semantic_uncertainty_export/lib/python3.11/site-packages/scipy/linalg/cython_lapack.cpython-311-x86_64-linux-gnu.so
7fb19beea000-7fb19beeb000 r--p 0008b000 00:1f8 19514561048               /mnt/primary/conda-envs/semantic_uncertainty_export/lib/python3.11/site-packages/scipy/linalg/cython_lapack.cpython-311-x86_64-linux-gnu.so
7fb19beeb000-7fb19beef000 rw-p 0008c000 00:1f8 19514561048               /mnt/primary/conda-envs/semantic_uncertainty_export/lib/python3.11/site-packages/scipy/linalg/cython_lapack.cpython-311-x86_64-linux-gnu.so
7fb19beef000-7fb19bf00000 rw-p 000b8000 00:1f8 19514561048               /mnt/primary/conda-envs/semantic_uncertainty_export/lib/python3.11/site-packages/scipy/linalg/cython_lapack.cpython-311-x86_64-linux-gnu.so
7fb19bf00000-7fb19c000000 rw-p 00000000 00:00 0 
7fb19c000000-7fb19c021000 rw-p 00000000 00:00 0 
7fb19c021000-7fb1a0000000 ---p 00000000 00:00 0 
7fb1a0001000-7fb1a0003000 r--p 00000000 00:1f8 98787428872               /mnt/primary/conda-envs/semantic_uncertainty_export/lib/python3.11/site-packages/scipy/optimize/__nnls.cpython-311-x86_64-linux-gnu.so
7fb1a0003000-7fb1a0008000 r-xp 00002000 00:1f8 98787428872               /mnt/primary/conda-envs/semantic_uncertainty_export/lib/python3.11/site-packages/scipy/optimize/__nnls.cpython-311-x86_64-linux-gnu.so
7fb1a0008000-7fb1a000a000 r--p 00007000 00:1f8 98787428872               /mnt/primary/conda-envs/semantic_uncertainty_export/lib/python3.11/site-packages/scipy/optimize/__nnls.cpython-311-x86_64-linux-gnu.so
7fb1a000a000-7fb1a000b000 r--p 00008000 00:1f8 98787428872               /mnt/primary/conda-envs/semantic_uncertainty_export/lib/python3.11/site-packages/scipy/optimize/__nnls.cpython-311-x86_64-linux-gnu.so
7fb1a000b000-7fb1a000c000 rw-p 00009000 00:1f8 98787428872               /mnt/primary/conda-envs/semantic_uncertainty_export/lib/python3.11/site-packages/scipy/optimize/__nnls.cpython-311-x86_64-linux-gnu.so
7fb1a000c000-7fb1a000e000 rw-p 0000c000 00:1f8 98787428872               /mnt/primary/conda-envs/semantic_uncertainty_export/lib/python3.11/site-packages/scipy/optimize/__nnls.cpython-311-x86_64-linux-gnu.so
7fb1a000e000-7fb1a0010000 r--p 00000000 00:1f8 98787428892               /mnt/primary/conda-envs/semantic_uncertainty_export/lib/python3.11/site-packages/scipy/optimize/_minpack2.cpython-311-x86_64-linux-gnu.so
7fb1a0010000-7fb1a0016000 r-xp 00002000 00:1f8 98787428892               /mnt/primary/conda-envs/semantic_uncertainty_export/lib/python3.11/site-packages/scipy/optimize/_minpack2.cpython-311-x86_64-linux-gnu.so
7fb1a0016000-7fb1a0018000 r--p 00008000 00:1f8 98787428892               /mnt/primary/conda-envs/semantic_uncertainty_export/lib/python3.11/site-packages/scipy/optimize/_minpack2.cpython-311-x86_64-linux-gnu.so
7fb1a0018000-7fb1a0019000 r--p 00009000 00:1f8 98787428892               /mnt/primary/conda-envs/semantic_uncertainty_export/lib/python3.11/site-packages/scipy/optimize/_minpack2.cpython-311-x86_64-linux-gnu.so
7fb1a0019000-7fb1a001a000 rw-p 0000a000 00:1f8 98787428892               /mnt/primary/conda-envs/semantic_uncertainty_export/lib/python3.11/site-packages/scipy/optimize/_minpack2.cpython-311-x86_64-linux-gnu.so
7fb1a001a000-7fb1a001f000 r--p 00000000 00:1f8 19514561059               /mnt/primary/conda-envs/semantic_uncertainty_export/lib/python3.11/site-packages/scipy/linalg/_decomp_lu_cython.cpython-311-x86_64-linux-gnu.so
7fb1a001f000-7fb1a0044000 r-xp 00005000 00:1f8 19514561059               /mnt/primary/conda-envs/semantic_uncertainty_export/lib/python3.11/site-packages/scipy/linalg/_decomp_lu_cython.cpython-311-x86_64-linux-gnu.so
7fb1a0044000-7fb1a004b000 r--p 0002a000 00:1f8 19514561059               /mnt/primary/conda-envs/semantic_uncertainty_export/lib/python3.11/site-packages/scipy/linalg/_decomp_lu_cython.cpython-311-x86_64-linux-gnu.so
7fb1a004b000-7fb1a004c000 r--p 00030000 00:1f8 19514561059               /mnt/primary/conda-envs/semantic_uncertainty_export/lib/python3.11/site-packages/scipy/linalg/_decomp_lu_cython.cpython-311-x86_64-linux-gnu.so
7fb1a004c000-7fb1a004f000 rw-p 00031000 00:1f8 19514561059               /mnt/primary/conda-envs/semantic_uncertainty_export/lib/python3.11/site-packages/scipy/linalg/_decomp_lu_cython.cpython-311-x86_64-linux-gnu.so
7fb1a004f000-7fb1a0057000 r--p 00000000 00:1f8 19514561025               /mnt/primary/conda-envs/semantic_uncertainty_export/lib/python3.11/site-packages/scipy/linalg/_cythonized_array_utils.cpython-311-x86_64-linux-gnu.so
7fb1a0057000-7fb1a00ac000 r-xp 00008000 00:1f8 19514561025               /mnt/primary/conda-envs/semantic_uncertainty_export/lib/python3.11/site-packages/scipy/linalg/_cythonized_array_utils.cpython-311-x86_64-linux-gnu.so
7fb1a00ac000-7fb1a00b8000 r--p 0005d000 00:1f8 19514561025               /mnt/primary/conda-envs/semantic_uncertainty_export/lib/python3.11/site-packages/scipy/linalg/_cythonized_array_utils.cpython-311-x86_64-linux-gnu.so
7fb1a00b8000-7fb1a00b9000 r--p 00068000 00:1f8 19514561025               /mnt/primary/conda-envs/semantic_uncertainty_export/lib/python3.11/site-packages/scipy/linalg/_cythonized_array_utils.cpython-311-x86_64-linux-gnu.so
7fb1a00b9000-7fb1a00bf000 rw-p 00069000 00:1f8 19514561025               /mnt/primary/conda-envs/semantic_uncertainty_export/lib/python3.11/site-packages/scipy/linalg/_cythonized_array_utils.cpython-311-x86_64-linux-gnu.so
7fb1a00bf000-7fb1a01c0000 rw-p 00000000 00:00 0 
7fb1a01c0000-7fb1a01ce000 r--p 00000000 00:1f8 141832290850              /mnt/primary/conda-envs/semantic_uncertainty_export/lib/python3.11/site-packages/pandas/_libs/join.cpython-311-x86_64-linux-gnu.so
7fb1a01ce000-7fb1a03dd000 r-xp 0000e000 00:1f8 141832290850              /mnt/primary/conda-envs/semantic_uncertainty_export/lib/python3.11/site-packages/pandas/_libs/join.cpython-311-x86_64-linux-gnu.so
7fb1a03dd000-7fb1a03f4000 r--p 0021d000 00:1f8 141832290850              /mnt/primary/conda-envs/semantic_uncertainty_export/lib/python3.11/site-packages/pandas/_libs/join.cpython-311-x86_64-linux-gnu.so
7fb1a03f4000-7fb1a03f5000 r--p 00233000 00:1f8 141832290850              /mnt/primary/conda-envs/semantic_uncertainty_export/lib/python3.11/site-packages/pandas/_libs/join.cpython-311-x86_64-linux-gnu.so
7fb1a03f5000-7fb1a03fd000 rw-p 00234000 00:1f8 141832290850              /mnt/primary/conda-envs/semantic_uncertainty_export/lib/python3.11/site-packages/pandas/_libs/join.cpython-311-x86_64-linux-gnu.so
7fb1a03fd000-7fb1a0400000 rw-p 00000000 00:00 0 
7fb1a0400000-7fb1a0401000 ---p 00000000 00:00 0 
7fb1a0401000-7fb1a0c01000 rw-p 00000000 00:00 0 
7fb1a0c02000-7fb1a0c04000 r--p 00000000 00:1f8 77350671928               /mnt/primary/conda-envs/semantic_uncertainty_export/lib/python3.11/site-packages/scipy/stats/_levy_stable/levyst.cpython-311-x86_64-linux-gnu.so
7fb1a0c04000-7fb1a0c07000 r-xp 00002000 00:1f8 77350671928               /mnt/primary/conda-envs/semantic_uncertainty_export/lib/python3.11/site-packages/scipy/stats/_levy_stable/levyst.cpython-311-x86_64-linux-gnu.so
7fb1a0c07000-7fb1a0c08000 r--p 00005000 00:1f8 77350671928               /mnt/primary/conda-envs/semantic_uncertainty_export/lib/python3.11/site-packages/scipy/stats/_levy_stable/levyst.cpython-311-x86_64-linux-gnu.so
7fb1a0c08000-7fb1a0c09000 ---p 00006000 00:1f8 77350671928               /mnt/primary/conda-envs/semantic_uncertainty_export/lib/python3.11/site-packages/scipy/stats/_levy_stable/levyst.cpython-311-x86_64-linux-gnu.so
7fb1a0c09000-7fb1a0c0a000 r--p 00006000 00:1f8 77350671928               /mnt/primary/conda-envs/semantic_uncertainty_export/lib/python3.11/site-packages/scipy/stats/_levy_stable/levyst.cpython-311-x86_64-linux-gnu.so
7fb1a0c0a000-7fb1a0c0b000 rw-p 00007000 00:1f8 77350671928               /mnt/primary/conda-envs/semantic_uncertainty_export/lib/python3.11/site-packages/scipy/stats/_levy_stable/levyst.cpython-311-x86_64-linux-gnu.so
7fb1a0c0b000-7fb1a0c0e000 r--p 00000000 00:1f8 49458313774               /mnt/primary/conda-envs/semantic_uncertainty_export/lib/python3.11/site-packages/scipy/special/_ellip_harm_2.cpython-311-x86_64-linux-gnu.so
7fb1a0c0e000-7fb1a0c1d000 r-xp 00003000 00:1f8 49458313774               /mnt/primary/conda-envs/semantic_uncertainty_export/lib/python3.11/site-packages/scipy/special/_ellip_harm_2.cpython-311-x86_64-linux-gnu.so
7fb1a0c1d000-7fb1a0c1f000 r--p 00012000 00:1f8 49458313774               /mnt/primary/conda-envs/semantic_uncertainty_export/lib/python3.11/site-packages/scipy/special/_ellip_harm_2.cpython-311-x86_64-linux-gnu.so
7fb1a0c1f000-7fb1a0c20000 ---p 00014000 00:1f8 49458313774               /mnt/primary/conda-envs/semantic_uncertainty_export/lib/python3.11/site-packages/scipy/special/_ellip_harm_2.cpython-311-x86_64-linux-gnu.so
7fb1a0c20000-7fb1a0c21000 r--p 00014000 00:1f8 49458313774               /mnt/primary/conda-envs/semantic_uncertainty_export/lib/python3.11/site-packages/scipy/special/_ellip_harm_2.cpython-311-x86_64-linux-gnu.so
7fb1a0c21000-7fb1a0c22000 rw-p 00015000 00:1f8 49458313774               /mnt/primary/conda-envs/semantic_uncertainty_export/lib/python3.11/site-packages/scipy/special/_ellip_harm_2.cpython-311-x86_64-linux-gnu.so
7fb1a0c22000-7fb1a0c23000 rw-p 00000000 00:00 0 
7fb1a0c23000-7fb1a0c26000 rw-p 0001a000 00:1f8 49458313774               /mnt/primary/conda-envs/semantic_uncertainty_export/lib/python3.11/site-packages/scipy/special/_ellip_harm_2.cpython-311-x86_64-linux-gnu.so
7fb1a0c26000-7fb1a0c2c000 r--p 00000000 00:1f8 19514561038               /mnt/primary/conda-envs/semantic_uncertainty_export/lib/python3.11/site-packages/scipy/linalg/_solve_toeplitz.cpython-311-x86_64-linux-gnu.so
7fb1a0c2c000-7fb1a0c54000 r-xp 00006000 00:1f8 19514561038               /mnt/primary/conda-envs/semantic_uncertainty_export/lib/python3.11/site-packages/scipy/linalg/_solve_toeplitz.cpython-311-x86_64-linux-gnu.so
7fb1a0c54000-7fb1a0c5b000 r--p 0002e000 00:1f8 19514561038               /mnt/primary/conda-envs/semantic_uncertainty_export/lib/python3.11/site-packages/scipy/linalg/_solve_toeplitz.cpython-311-x86_64-linux-gnu.so
7fb1a0c5b000-7fb1a0c5c000 r--p 00034000 00:1f8 19514561038               /mnt/primary/conda-envs/semantic_uncertainty_export/lib/python3.11/site-packages/scipy/linalg/_solve_toeplitz.cpython-311-x86_64-linux-gnu.so
7fb1a0c5c000-7fb1a0c60000 rw-p 00035000 00:1f8 19514561038               /mnt/primary/conda-envs/semantic_uncertainty_export/lib/python3.11/site-packages/scipy/linalg/_solve_toeplitz.cpython-311-x86_64-linux-gnu.so
7fb1a0c60000-7fb1a0c6e000 r--p 00000000 00:1f8 19514561061               /mnt/primary/conda-envs/semantic_uncertainty_export/lib/python3.11/site-packages/scipy/linalg/_fblas.cpython-311-x86_64-linux-gnu.so
7fb1a0c6e000-7fb1a0cb5000 r-xp 0000e000 00:1f8 19514561061               /mnt/primary/conda-envs/semantic_uncertainty_export/lib/python3.11/site-packages/scipy/linalg/_fblas.cpython-311-x86_64-linux-gnu.so
7fb1a0cb5000-7fb1a0cd6000 r--p 00055000 00:1f8 19514561061               /mnt/primary/conda-envs/semantic_uncertainty_export/lib/python3.11/site-packages/scipy/linalg/_fblas.cpython-311-x86_64-linux-gnu.so
7fb1a0cd6000-7fb1a0cd7000 r--p 00075000 00:1f8 19514561061               /mnt/primary/conda-envs/semantic_uncertainty_export/lib/python3.11/site-packages/scipy/linalg/_fblas.cpython-311-x86_64-linux-gnu.so
7fb1a0cd7000-7fb1a0cfd000 rw-p 00076000 00:1f8 19514561061               /mnt/primary/conda-envs/semantic_uncertainty_export/lib/python3.11/site-packages/scipy/linalg/_fblas.cpython-311-x86_64-linux-gnu.so
7fb1a0cfd000-7fb1a0d00000 rw-p 000a4000 00:1f8 19514561061               /mnt/primary/conda-envs/semantic_uncertainty_export/lib/python3.11/site-packages/scipy/linalg/_fblas.cpython-311-x86_64-linux-gnu.so
7fb1a0d00000-7fb1a0e00000 rw-p 00000000 00:00 0 
7fb1a0e00000-7fb1a0e01000 ---p 00000000 00:00 0 
7fb1a0e01000-7fb1a1601000 rw-p 00000000 00:00 0 
7fb1a1607000-7fb1a1609000 r--p 00000000 00:1f8 40842680351               /mnt/primary/conda-envs/semantic_uncertainty_export/lib/python3.11/site-packages/scipy/spatial/_distance_wrap.cpython-311-x86_64-linux-gnu.so
7fb1a1609000-7fb1a161d000 r-xp 00002000 00:1f8 40842680351               /mnt/primary/conda-envs/semantic_uncertainty_export/lib/python3.11/site-packages/scipy/spatial/_distance_wrap.cpython-311-x86_64-linux-gnu.so
7fb1a161d000-7fb1a161f000 r--p 00016000 00:1f8 40842680351               /mnt/primary/conda-envs/semantic_uncertainty_export/lib/python3.11/site-packages/scipy/spatial/_distance_wrap.cpython-311-x86_64-linux-gnu.so
7fb1a161f000-7fb1a1620000 ---p 00018000 00:1f8 40842680351               /mnt/primary/conda-envs/semantic_uncertainty_export/lib/python3.11/site-packages/scipy/spatial/_distance_wrap.cpython-311-x86_64-linux-gnu.so
7fb1a1620000-7fb1a1621000 r--p 00018000 00:1f8 40842680351               /mnt/primary/conda-envs/semantic_uncertainty_export/lib/python3.11/site-packages/scipy/spatial/_distance_wrap.cpython-311-x86_64-linux-gnu.so
7fb1a1621000-7fb1a1622000 rw-p 00019000 00:1f8 40842680351               /mnt/primary/conda-envs/semantic_uncertainty_export/lib/python3.11/site-packages/scipy/spatial/_distance_wrap.cpython-311-x86_64-linux-gnu.so
7fb1a1622000-7fb1a1624000 r--p 00000000 00:1f8 19514561068               /mnt/primary/conda-envs/semantic_uncertainty_export/lib/python3.11/site-packages/scipy/linalg/_flinalg.cpython-311-x86_64-linux-gnu.so
7fb1a1624000-7fb1a162c000 r-xp 00002000 00:1f8 19514561068               /mnt/primary/conda-envs/semantic_uncertainty_export/lib/python3.11/site-packages/scipy/linalg/_flinalg.cpython-311-x86_64-linux-gnu.so
7fb1a162c000-7fb1a162f000 r--p 0000a000 00:1f8 19514561068               /mnt/primary/conda-envs/semantic_uncertainty_export/lib/python3.11/site-packages/scipy/linalg/_flinalg.cpython-311-x86_64-linux-gnu.so
7fb1a162f000-7fb1a1630000 r--p 0000c000 00:1f8 19514561068               /mnt/primary/conda-envs/semantic_uncertainty_export/lib/python3.11/site-packages/scipy/linalg/_flinalg.cpython-311-x86_64-linux-gnu.so
7fb1a1630000-7fb1a1633000 rw-p 0000d000 00:1f8 19514561068               /mnt/primary/conda-envs/semantic_uncertainty_export/lib/python3.11/site-packages/scipy/linalg/_flinalg.cpython-311-x86_64-linux-gnu.so
7fb1a1633000-7fb1a1635000 rw-p 00012000 00:1f8 19514561068               /mnt/primary/conda-envs/semantic_uncertainty_export/lib/python3.11/site-packages/scipy/linalg/_flinalg.cpython-311-x86_64-linux-gnu.so
7fb1a1635000-7fb1a1639000 r--p 00000000 00:1f8 141825670163              /mnt/primary/conda-envs/semantic_uncertainty_export/lib/python3.11/site-packages/scipy/sparse/linalg/_isolve/_iterative.cpython-311-x86_64-linux-gnu.so
7fb1a1639000-7fb1a165e000 r-xp 00004000 00:1f8 141825670163              /mnt/primary/conda-envs/semantic_uncertainty_export/lib/python3.11/site-packages/scipy/sparse/linalg/_isolve/_iterative.cpython-311-x86_64-linux-gnu.so
7fb1a165e000-7fb1a1668000 r--p 00029000 00:1f8 141825670163              /mnt/primary/conda-envs/semantic_uncertainty_export/lib/python3.11/site-packages/scipy/sparse/linalg/_isolve/_iterative.cpython-311-x86_64-linux-gnu.so
7fb1a1668000-7fb1a1669000 r--p 00032000 00:1f8 141825670163              /mnt/primary/conda-envs/semantic_uncertainty_export/lib/python3.11/site-packages/scipy/sparse/linalg/_isolve/_iterative.cpython-311-x86_64-linux-gnu.so
7fb1a1669000-7fb1a1670000 rw-p 00033000 00:1f8 141825670163              /mnt/primary/conda-envs/semantic_uncertainty_export/lib/python3.11/site-packages/scipy/sparse/linalg/_isolve/_iterative.cpython-311-x86_64-linux-gnu.so
7fb1a1670000-7fb1a1671000 rw-p 00000000 00:00 0 
7fb1a1671000-7fb1a1674000 rw-p 00042000 00:1f8 141825670163              /mnt/primary/conda-envs/semantic_uncertainty_export/lib/python3.11/site-packages/scipy/sparse/linalg/_isolve/_iterative.cpython-311-x86_64-linux-gnu.so
7fb1a1674000-7fb1a167e000 r--p 00000000 00:1f8 133230555197              /mnt/primary/conda-envs/semantic_uncertainty_export/lib/python3.11/site-packages/scipy/sparse/_csparsetools.cpython-311-x86_64-linux-gnu.so
7fb1a167e000-7fb1a16e9000 r-xp 0000a000 00:1f8 133230555197              /mnt/primary/conda-envs/semantic_uncertainty_export/lib/python3.11/site-packages/scipy/sparse/_csparsetools.cpython-311-x86_64-linux-gnu.so
7fb1a16e9000-7fb1a16f7000 r--p 00075000 00:1f8 133230555197              /mnt/primary/conda-envs/semantic_uncertainty_export/lib/python3.11/site-packages/scipy/sparse/_csparsetools.cpython-311-x86_64-linux-gnu.so
7fb1a16f7000-7fb1a16f8000 r--p 00082000 00:1f8 133230555197              /mnt/primary/conda-envs/semantic_uncertainty_export/lib/python3.11/site-packages/scipy/sparse/_csparsetools.cpython-311-x86_64-linux-gnu.so
7fb1a16f8000-7fb1a16ff000 rw-p 00083000 00:1f8 133230555197              /mnt/primary/conda-envs/semantic_uncertainty_export/lib/python3.11/site-packages/scipy/sparse/_csparsetools.cpython-311-x86_64-linux-gnu.so
7fb1a16ff000-7fb1a1800000 rw-p 00000000 00:00 0 
7fb1a1800000-7fb1a1801000 ---p 00000000 00:00 0 
7fb1a1801000-7fb1a2001000 rw-p 00000000 00:00 0 
7fb1a2004000-7fb1a200e000 r--p 00000000 00:1f8 40842680338               /mnt/primary/conda-envs/semantic_uncertainty_export/lib/python3.11/site-packages/scipy/spatial/_ckdtree.cpython-311-x86_64-linux-gnu.so
7fb1a200e000-7fb1a20af000 r-xp 0000a000 00:1f8 40842680338               /mnt/primary/conda-envs/semantic_uncertainty_export/lib/python3.11/site-packages/scipy/spatial/_ckdtree.cpython-311-x86_64-linux-gnu.so
7fb1a20af000-7fb1a20c8000 r--p 000ab000 00:1f8 40842680338               /mnt/primary/conda-envs/semantic_uncertainty_export/lib/python3.11/site-packages/scipy/spatial/_ckdtree.cpython-311-x86_64-linux-gnu.so
7fb1a20c8000-7fb1a20c9000 r--p 000c3000 00:1f8 40842680338               /mnt/primary/conda-envs/semantic_uncertainty_export/lib/python3.11/site-packages/scipy/spatial/_ckdtree.cpython-311-x86_64-linux-gnu.so
7fb1a20c9000-7fb1a20d4000 rw-p 000c4000 00:1f8 40842680338               /mnt/primary/conda-envs/semantic_uncertainty_export/lib/python3.11/site-packages/scipy/spatial/_ckdtree.cpython-311-x86_64-linux-gnu.so
7fb1a20d4000-7fb1a20d5000 rw-p 00000000 00:00 0 
7fb1a20d5000-7fb1a20d9000 r--p 00000000 00:1f8 53859409459               /mnt/primary/conda-envs/semantic_uncertainty_export/lib/python3.11/site-packages/scipy/_lib/_ccallback_c.cpython-311-x86_64-linux-gnu.so
7fb1a20d9000-7fb1a20e2000 r-xp 00004000 00:1f8 53859409459               /mnt/primary/conda-envs/semantic_uncertainty_export/lib/python3.11/site-packages/scipy/_lib/_ccallback_c.cpython-311-x86_64-linux-gnu.so
7fb1a20e2000-7fb1a20e4000 r--p 0000d000 00:1f8 53859409459               /mnt/primary/conda-envs/semantic_uncertainty_export/lib/python3.11/site-packages/scipy/_lib/_ccallback_c.cpython-311-x86_64-linux-gnu.so
7fb1a20e4000-7fb1a20e5000 r--p 0000e000 00:1f8 53859409459               /mnt/primary/conda-envs/semantic_uncertainty_export/lib/python3.11/site-packages/scipy/_lib/_ccallback_c.cpython-311-x86_64-linux-gnu.so
7fb1a20e5000-7fb1a20e7000 rw-p 0000f000 00:1f8 53859409459               /mnt/primary/conda-envs/semantic_uncertainty_export/lib/python3.11/site-packages/scipy/_lib/_ccallback_c.cpython-311-x86_64-linux-gnu.so
7fb1a20e7000-7fb1a20eb000 r--p 00000000 00:1f8 141832290851              /mnt/primary/conda-envs/semantic_uncertainty_export/lib/python3.11/site-packages/pandas/_libs/testing.cpython-311-x86_64-linux-gnu.so
7fb1a20eb000-7fb1a20fb000 r-xp 00004000 00:1f8 141832290851              /mnt/primary/conda-envs/semantic_uncertainty_export/lib/python3.11/site-packages/pandas/_libs/testing.cpython-311-x86_64-linux-gnu.so
7fb1a20fb000-7fb1a20fd000 r--p 00014000 00:1f8 141832290851              /mnt/primary/conda-envs/semantic_uncertainty_export/lib/python3.11/site-packages/pandas/_libs/testing.cpython-311-x86_64-linux-gnu.so
7fb1a20fd000-7fb1a20fe000 r--p 00015000 00:1f8 141832290851              /mnt/primary/conda-envs/semantic_uncertainty_export/lib/python3.11/site-packages/pandas/_libs/testing.cpython-311-x86_64-linux-gnu.so
7fb1a20fe000-7fb1a2100000 rw-p 00016000 00:1f8 141832290851              /mnt/primary/conda-envs/semantic_uncertainty_export/lib/python3.11/site-packages/pandas/_libs/testing.cpython-311-x86_64-linux-gnu.so
7fb1a2100000-7fb1a2200000 rw-p 00000000 00:00 0 
7fb1a2200000-7fb1a2201000 ---p 00000000 00:00 0 
7fb1a2201000-7fb1a2a01000 rw-p 00000000 00:00 0 
7fb1a2a06000-7fb1a2a09000 r--p 00000000 00:1f8 53859409458               /mnt/primary/conda-envs/semantic_uncertainty_export/lib/python3.11/site-packages/scipy/_lib/messagestream.cpython-311-x86_64-linux-gnu.so
7fb1a2a09000-7fb1a2a0e000 r-xp 00003000 00:1f8 53859409458               /mnt/primary/conda-envs/semantic_uncertainty_export/lib/python3.11/site-packages/scipy/_lib/messagestream.cpython-311-x86_64-linux-gnu.so
7fb1a2a0e000-7fb1a2a10000 r--p 00008000 00:1f8 53859409458               /mnt/primary/conda-envs/semantic_uncertainty_export/lib/python3.11/site-packages/scipy/_lib/messagestream.cpython-311-x86_64-linux-gnu.so
7fb1a2a10000-7fb1a2a11000 r--p 00009000 00:1f8 53859409458               /mnt/primary/conda-envs/semantic_uncertainty_export/lib/python3.11/site-packages/scipy/_lib/messagestream.cpython-311-x86_64-linux-gnu.so
7fb1a2a11000-7fb1a2a12000 rw-p 0000a000 00:1f8 53859409458               /mnt/primary/conda-envs/semantic_uncertainty_export/lib/python3.11/site-packages/scipy/_lib/messagestream.cpython-311-x86_64-linux-gnu.so
7fb1a2a12000-7fb1a2a1d000 r--p 00000000 00:1f8 141832290844              /mnt/primary/conda-envs/semantic_uncertainty_export/lib/python3.11/site-packages/pandas/_libs/parsers.cpython-311-x86_64-linux-gnu.so
7fb1a2a1d000-7fb1a2a87000 r-xp 0000b000 00:1f8 141832290844              /mnt/primary/conda-envs/semantic_uncertainty_export/lib/python3.11/site-packages/pandas/_libs/parsers.cpython-311-x86_64-linux-gnu.so
7fb1a2a87000-7fb1a2a93000 r--p 00075000 00:1f8 141832290844              /mnt/primary/conda-envs/semantic_uncertainty_export/lib/python3.11/site-packages/pandas/_libs/parsers.cpython-311-x86_64-linux-gnu.so
7fb1a2a93000-7fb1a2a94000 ---p 00081000 00:1f8 141832290844              /mnt/primary/conda-envs/semantic_uncertainty_export/lib/python3.11/site-packages/pandas/_libs/parsers.cpython-311-x86_64-linux-gnu.so
7fb1a2a94000-7fb1a2a95000 r--p 00081000 00:1f8 141832290844              /mnt/primary/conda-envs/semantic_uncertainty_export/lib/python3.11/site-packages/pandas/_libs/parsers.cpython-311-x86_64-linux-gnu.so
7fb1a2a95000-7fb1a2a9c000 rw-p 00082000 00:1f8 141832290844              /mnt/primary/conda-envs/semantic_uncertainty_export/lib/python3.11/site-packages/pandas/_libs/parsers.cpython-311-x86_64-linux-gnu.so
7fb1a2a9c000-7fb1a2a9e000 rw-p 00000000 00:00 0 
7fb1a2a9e000-7fb1a2aa7000 r--p 00000000 00:1f8 143899507729              /mnt/primary/conda-envs/semantic_uncertainty_export/lib/python3.11/site-packages/pandas/_libs/window/aggregations.cpython-311-x86_64-linux-gnu.so
7fb1a2aa7000-7fb1a2aee000 r-xp 00009000 00:1f8 143899507729              /mnt/primary/conda-envs/semantic_uncertainty_export/lib/python3.11/site-packages/pandas/_libs/window/aggregations.cpython-311-x86_64-linux-gnu.so
7fb1a2aee000-7fb1a2af7000 r--p 00050000 00:1f8 143899507729              /mnt/primary/conda-envs/semantic_uncertainty_export/lib/python3.11/site-packages/pandas/_libs/window/aggregations.cpython-311-x86_64-linux-gnu.so
7fb1a2af7000-7fb1a2af8000 ---p 00059000 00:1f8 143899507729              /mnt/primary/conda-envs/semantic_uncertainty_export/lib/python3.11/site-packages/pandas/_libs/window/aggregations.cpython-311-x86_64-linux-gnu.so
7fb1a2af8000-7fb1a2af9000 r--p 00059000 00:1f8 143899507729              /mnt/primary/conda-envs/semantic_uncertainty_export/lib/python3.11/site-packages/pandas/_libs/window/aggregations.cpython-311-x86_64-linux-gnu.so
7fb1a2af9000-7fb1a2afe000 rw-p 0005a000 00:1f8 143899507729              /mnt/primary/conda-envs/semantic_uncertainty_export/lib/python3.11/site-packages/pandas/_libs/window/aggregations.cpython-311-x86_64-linux-gnu.so
7fb1a2afe000-7fb1a2c00000 rw-p 00000000 00:00 0 
7fb1a2c00000-7fb1a2c01000 ---p 00000000 00:00 0 
7fb1a2c01000-7fb1a3401000 rw-p 00000000 00:00 0 
7fb1a3401000-7fb1a3404000 r--p 00000000 00:1f8 49458313786               /mnt/primary/conda-envs/semantic_uncertainty_export/lib/python3.11/site-packages/scipy/special/_comb.cpython-311-x86_64-linux-gnu.so
7fb1a3404000-7fb1a3408000 r-xp 00003000 00:1f8 49458313786               /mnt/primary/conda-envs/semantic_uncertainty_export/lib/python3.11/site-packages/scipy/special/_comb.cpython-311-x86_64-linux-gnu.so
7fb1a3408000-7fb1a3409000 r--p 00007000 00:1f8 49458313786               /mnt/primary/conda-envs/semantic_uncertainty_export/lib/python3.11/site-packages/scipy/special/_comb.cpython-311-x86_64-linux-gnu.so
7fb1a3409000-7fb1a340a000 r--p 00007000 00:1f8 49458313786               /mnt/primary/conda-envs/semantic_uncertainty_export/lib/python3.11/site-packages/scipy/special/_comb.cpython-311-x86_64-linux-gnu.so
7fb1a340a000-7fb1a340b000 rw-p 00008000 00:1f8 49458313786               /mnt/primary/conda-envs/semantic_uncertainty_export/lib/python3.11/site-packages/scipy/special/_comb.cpython-311-x86_64-linux-gnu.so
7fb1a340b000-7fb1a3412000 r--p 00000000 00:1f8 141832290858              /mnt/primary/conda-envs/semantic_uncertainty_export/lib/python3.11/site-packages/pandas/_libs/reshape.cpython-311-x86_64-linux-gnu.so
7fb1a3412000-7fb1a3441000 r-xp 00007000 00:1f8 141832290858              /mnt/primary/conda-envs/semantic_uncertainty_export/lib/python3.11/site-packages/pandas/_libs/reshape.cpython-311-x86_64-linux-gnu.so
7fb1a3441000-7fb1a3449000 r--p 00036000 00:1f8 141832290858              /mnt/primary/conda-envs/semantic_uncertainty_export/lib/python3.11/site-packages/pandas/_libs/reshape.cpython-311-x86_64-linux-gnu.so
7fb1a3449000-7fb1a344a000 r--p 0003d000 00:1f8 141832290858              /mnt/primary/conda-envs/semantic_uncertainty_export/lib/python3.11/site-packages/pandas/_libs/reshape.cpython-311-x86_64-linux-gnu.so
7fb1a344a000-7fb1a344e000 rw-p 0003e000 00:1f8 141832290858              /mnt/primary/conda-envs/semantic_uncertainty_export/lib/python3.11/site-packages/pandas/_libs/reshape.cpython-311-x86_64-linux-gnu.so
7fb1a344e000-7fb1a344f000 rw-p 00000000 00:00 0 
7fb1a344f000-7fb1a3456000 r--p 00000000 00:1f8 141832290863              /mnt/primary/conda-envs/semantic_uncertainty_export/lib/python3.11/site-packages/pandas/_libs/writers.cpython-311-x86_64-linux-gnu.so
7fb1a3456000-7fb1a347a000 r-xp 00007000 00:1f8 141832290863              /mnt/primary/conda-envs/semantic_uncertainty_export/lib/python3.11/site-packages/pandas/_libs/writers.cpython-311-x86_64-linux-gnu.so
7fb1a347a000-7fb1a3481000 r--p 0002b000 00:1f8 141832290863              /mnt/primary/conda-envs/semantic_uncertainty_export/lib/python3.11/site-packages/pandas/_libs/writers.cpython-311-x86_64-linux-gnu.so
7fb1a3481000-7fb1a3482000 r--p 00031000 00:1f8 141832290863              /mnt/primary/conda-envs/semantic_uncertainty_export/lib/python3.11/site-packages/pandas/_libs/writers.cpython-311-x86_64-linux-gnu.so
7fb1a3482000-7fb1a3486000 rw-p 00032000 00:1f8 141832290863              /mnt/primary/conda-envs/semantic_uncertainty_export/lib/python3.11/site-packages/pandas/_libs/writers.cpython-311-x86_64-linux-gnu.so
7fb1a3486000-7fb1a3487000 rw-p 00000000 00:00 0 
7fb1a3487000-7fb1a3490000 r--p 00000000 00:1f8 141832290857              /mnt/primary/conda-envs/semantic_uncertainty_export/lib/python3.11/site-packages/pandas/_libs/internals.cpython-311-x86_64-linux-gnu.so
7fb1a3490000-7fb1a34d6000 r-xp 00009000 00:1f8 141832290857              /mnt/primary/conda-envs/semantic_uncertainty_export/lib/python3.11/site-packages/pandas/_libs/internals.cpython-311-x86_64-linux-gnu.so
7fb1a34d6000-7fb1a34e1000 r--p 0004f000 00:1f8 141832290857              /mnt/primary/conda-envs/semantic_uncertainty_export/lib/python3.11/site-packages/pandas/_libs/internals.cpython-311-x86_64-linux-gnu.so
7fb1a34e1000-7fb1a34e2000 r--p 00059000 00:1f8 141832290857              /mnt/primary/conda-envs/semantic_uncertainty_export/lib/python3.11/site-packages/pandas/_libs/internals.cpython-311-x86_64-linux-gnu.so
7fb1a34e2000-7fb1a34e8000 rw-p 0005a000 00:1f8 141832290857              /mnt/primary/conda-envs/semantic_uncertainty_export/lib/python3.11/site-packages/pandas/_libs/internals.cpython-311-x86_64-linux-gnu.so
7fb1a34e8000-7fb1a34ea000 rw-p 00000000 00:00 0 
7fb1a34ea000-7fb1a3518000 r--p 00000000 00:1f8 170174514215              /mnt/primary/conda-envs/semantic_uncertainty_export/lib/python3.11/site-packages/pyarrow/_compute.cpython-311-x86_64-linux-gnu.so
7fb1a3518000-7fb1a35b9000 r-xp 0002e000 00:1f8 170174514215              /mnt/primary/conda-envs/semantic_uncertainty_export/lib/python3.11/site-packages/pyarrow/_compute.cpython-311-x86_64-linux-gnu.so
7fb1a35b9000-7fb1a35ec000 r--p 000cf000 00:1f8 170174514215              /mnt/primary/conda-envs/semantic_uncertainty_export/lib/python3.11/site-packages/pyarrow/_compute.cpython-311-x86_64-linux-gnu.so
7fb1a35ec000-7fb1a35ef000 r--p 00101000 00:1f8 170174514215              /mnt/primary/conda-envs/semantic_uncertainty_export/lib/python3.11/site-packages/pyarrow/_compute.cpython-311-x86_64-linux-gnu.so
7fb1a35ef000-7fb1a35fc000 rw-p 00104000 00:1f8 170174514215              /mnt/primary/conda-envs/semantic_uncertainty_export/lib/python3.11/site-packages/pyarrow/_compute.cpython-311-x86_64-linux-gnu.so
7fb1a35fc000-7fb1a3600000 rw-p 00000000 00:00 0 
7fb1a3600000-7fb1a3601000 ---p 00000000 00:00 0 
7fb1a3601000-7fb1a3e01000 rw-p 00000000 00:00 0 
7fb1a3e06000-7fb1a3e08000 r--p 00000000 00:1f8 45438459395               /mnt/primary/conda-envs/semantic_uncertainty_export/lib/python3.11/lib-dynload/cmath.cpython-311-x86_64-linux-gnu.so
7fb1a3e08000-7fb1a3e12000 r-xp 00002000 00:1f8 45438459395               /mnt/primary/conda-envs/semantic_uncertainty_export/lib/python3.11/lib-dynload/cmath.cpython-311-x86_64-linux-gnu.so
7fb1a3e12000-7fb1a3e14000 r--p 0000c000 00:1f8 45438459395               /mnt/primary/conda-envs/semantic_uncertainty_export/lib/python3.11/lib-dynload/cmath.cpython-311-x86_64-linux-gnu.so
7fb1a3e14000-7fb1a3e15000 ---p 0000e000 00:1f8 45438459395               /mnt/primary/conda-envs/semantic_uncertainty_export/lib/python3.11/lib-dynload/cmath.cpython-311-x86_64-linux-gnu.so
7fb1a3e15000-7fb1a3e16000 r--p 0000e000 00:1f8 45438459395               /mnt/primary/conda-envs/semantic_uncertainty_export/lib/python3.11/lib-dynload/cmath.cpython-311-x86_64-linux-gnu.so
7fb1a3e16000-7fb1a3e17000 rw-p 0000f000 00:1f8 45438459395               /mnt/primary/conda-envs/semantic_uncertainty_export/lib/python3.11/lib-dynload/cmath.cpython-311-x86_64-linux-gnu.so
7fb1a3e17000-7fb1a3e19000 rw-p 00000000 00:00 0 
7fb1a3e19000-7fb1a3e26000 r--p 00000000 00:1f8 141832290856              /mnt/primary/conda-envs/semantic_uncertainty_export/lib/python3.11/site-packages/pandas/_libs/index.cpython-311-x86_64-linux-gnu.so
7fb1a3e26000-7fb1a3edb000 r-xp 0000d000 00:1f8 141832290856              /mnt/primary/conda-envs/semantic_uncertainty_export/lib/python3.11/site-packages/pandas/_libs/index.cpython-311-x86_64-linux-gnu.so
7fb1a3edb000-7fb1a3ef1000 r--p 000c2000 00:1f8 141832290856              /mnt/primary/conda-envs/semantic_uncertainty_export/lib/python3.11/site-packages/pandas/_libs/index.cpython-311-x86_64-linux-gnu.so
7fb1a3ef1000-7fb1a3ef2000 r--p 000d7000 00:1f8 141832290856              /mnt/primary/conda-envs/semantic_uncertainty_export/lib/python3.11/site-packages/pandas/_libs/index.cpython-311-x86_64-linux-gnu.so
7fb1a3ef2000-7fb1a3efe000 rw-p 000d8000 00:1f8 141832290856              /mnt/primary/conda-envs/semantic_uncertainty_export/lib/python3.11/site-packages/pandas/_libs/index.cpython-311-x86_64-linux-gnu.so
7fb1a3efe000-7fb1a4000000 rw-p 00000000 00:00 0 
7fb1a4000000-7fb1a4021000 rw-p 00000000 00:00 0 
7fb1a4021000-7fb1a8000000 ---p 00000000 00:00 0 
7fb1a8003000-7fb1a8016000 r--p 00000000 00:1f8 141832290870              /mnt/primary/conda-envs/semantic_uncertainty_export/lib/python3.11/site-packages/pandas/_libs/algos.cpython-311-x86_64-linux-gnu.so
7fb1a8016000-7fb1a81cb000 r-xp 00013000 00:1f8 141832290870              /mnt/primary/conda-envs/semantic_uncertainty_export/lib/python3.11/site-packages/pandas/_libs/algos.cpython-311-x86_64-linux-gnu.so
7fb1a81cb000-7fb1a81ee000 r--p 001c8000 00:1f8 141832290870              /mnt/primary/conda-envs/semantic_uncertainty_export/lib/python3.11/site-packages/pandas/_libs/algos.cpython-311-x86_64-linux-gnu.so
7fb1a81ee000-7fb1a81ef000 r--p 001ea000 00:1f8 141832290870              /mnt/primary/conda-envs/semantic_uncertainty_export/lib/python3.11/site-packages/pandas/_libs/algos.cpython-311-x86_64-linux-gnu.so
7fb1a81ef000-7fb1a81fc000 rw-p 001eb000 00:1f8 141832290870              /mnt/primary/conda-envs/semantic_uncertainty_export/lib/python3.11/site-packages/pandas/_libs/algos.cpython-311-x86_64-linux-gnu.so
7fb1a81fc000-7fb1a8200000 rw-p 00000000 00:00 0 
7fb1a8200000-7fb1a8201000 ---p 00000000 00:00 0 
7fb1a8201000-7fb1a8a01000 rw-p 00000000 00:00 0 
7fb1a8a03000-7fb1a8a08000 r--p 00000000 00:1f8 143899507730              /mnt/primary/conda-envs/semantic_uncertainty_export/lib/python3.11/site-packages/pandas/_libs/window/indexers.cpython-311-x86_64-linux-gnu.so
7fb1a8a08000-7fb1a8a27000 r-xp 00005000 00:1f8 143899507730              /mnt/primary/conda-envs/semantic_uncertainty_export/lib/python3.11/site-packages/pandas/_libs/window/indexers.cpython-311-x86_64-linux-gnu.so
7fb1a8a27000-7fb1a8a2d000 r--p 00024000 00:1f8 143899507730              /mnt/primary/conda-envs/semantic_uncertainty_export/lib/python3.11/site-packages/pandas/_libs/window/indexers.cpython-311-x86_64-linux-gnu.so
7fb1a8a2d000-7fb1a8a2e000 r--p 00029000 00:1f8 143899507730              /mnt/primary/conda-envs/semantic_uncertainty_export/lib/python3.11/site-packages/pandas/_libs/window/indexers.cpython-311-x86_64-linux-gnu.so
7fb1a8a2e000-7fb1a8a31000 rw-p 0002a000 00:1f8 143899507730              /mnt/primary/conda-envs/semantic_uncertainty_export/lib/python3.11/site-packages/pandas/_libs/window/indexers.cpython-311-x86_64-linux-gnu.so
7fb1a8a31000-7fb1a8b31000 rw-p 00000000 00:00 0 
7fb1a8b31000-7fb1a8fdf000 r--p 00000000 00:1f8 169691131401              /mnt/primary/conda-envs/semantic_uncertainty_export/lib/python3.11/site-packages/pyarrow/libarrow.so.2000
7fb1a8fdf000-7fb1ab395000 r-xp 004ae000 00:1f8 169691131401              /mnt/primary/conda-envs/semantic_uncertainty_export/lib/python3.11/site-packages/pyarrow/libarrow.so.2000
7fb1ab395000-7fb1abc52000 r--p 02864000 00:1f8 169691131401              /mnt/primary/conda-envs/semantic_uncertainty_export/lib/python3.11/site-packages/pyarrow/libarrow.so.2000
7fb1abc52000-7fb1abd43000 r--p 03120000 00:1f8 169691131401              /mnt/primary/conda-envs/semantic_uncertainty_export/lib/python3.11/site-packages/pyarrow/libarrow.so.2000
7fb1abd43000-7fb1abd76000 rw-p 03211000 00:1f8 169691131401              /mnt/primary/conda-envs/semantic_uncertainty_export/lib/python3.11/site-packages/pyarrow/libarrow.so.2000
7fb1abd76000-7fb1ac000000 rw-p 00000000 00:00 0 
7fb1ac000000-7fb1ac021000 rw-p 00000000 00:00 0 
7fb1ac021000-7fb1b0000000 ---p 00000000 00:00 0 
7fb1b0003000-7fb1b0005000 r--p 00000000 00:1f8 141832290834              /mnt/primary/conda-envs/semantic_uncertainty_export/lib/python3.11/site-packages/pandas/_libs/json.cpython-311-x86_64-linux-gnu.so
7fb1b0005000-7fb1b000f000 r-xp 00002000 00:1f8 141832290834              /mnt/primary/conda-envs/semantic_uncertainty_export/lib/python3.11/site-packages/pandas/_libs/json.cpython-311-x86_64-linux-gnu.so
7fb1b000f000-7fb1b0013000 r--p 0000c000 00:1f8 141832290834              /mnt/primary/conda-envs/semantic_uncertainty_export/lib/python3.11/site-packages/pandas/_libs/json.cpython-311-x86_64-linux-gnu.so
7fb1b0013000-7fb1b0014000 r--p 0000f000 00:1f8 141832290834              /mnt/primary/conda-envs/semantic_uncertainty_export/lib/python3.11/site-packages/pandas/_libs/json.cpython-311-x86_64-linux-gnu.so
7fb1b0014000-7fb1b0015000 rw-p 00010000 00:1f8 141832290834              /mnt/primary/conda-envs/semantic_uncertainty_export/lib/python3.11/site-packages/pandas/_libs/json.cpython-311-x86_64-linux-gnu.so
7fb1b0015000-7fb1b001e000 r--p 00000000 00:1f8 141832290865              /mnt/primary/conda-envs/semantic_uncertainty_export/lib/python3.11/site-packages/pandas/_libs/sparse.cpython-311-x86_64-linux-gnu.so
7fb1b001e000-7fb1b00da000 r-xp 00009000 00:1f8 141832290865              /mnt/primary/conda-envs/semantic_uncertainty_export/lib/python3.11/site-packages/pandas/_libs/sparse.cpython-311-x86_64-linux-gnu.so
7fb1b00da000-7fb1b00e9000 r--p 000c5000 00:1f8 141832290865              /mnt/primary/conda-envs/semantic_uncertainty_export/lib/python3.11/site-packages/pandas/_libs/sparse.cpython-311-x86_64-linux-gnu.so
7fb1b00e9000-7fb1b00ea000 r--p 000d3000 00:1f8 141832290865              /mnt/primary/conda-envs/semantic_uncertainty_export/lib/python3.11/site-packages/pandas/_libs/sparse.cpython-311-x86_64-linux-gnu.so
7fb1b00ea000-7fb1b00f0000 rw-p 000d4000 00:1f8 141832290865              /mnt/primary/conda-envs/semantic_uncertainty_export/lib/python3.11/site-packages/pandas/_libs/sparse.cpython-311-x86_64-linux-gnu.so
7fb1b00f0000-7fb1b00f1000 rw-p 00000000 00:00 0 
7fb1b00f1000-7fb1b01f6000 r--p 00000000 00:1f8 70924951587               /mnt/primary/conda-envs/semantic_uncertainty_export/lib/libmkl_avx512.so.2
7fb1b01f6000-7fb1b3c3f000 r-xp 00105000 00:1f8 70924951587               /mnt/primary/conda-envs/semantic_uncertainty_export/lib/libmkl_avx512.so.2
7fb1b3c3f000-7fb1b3f61000 r--p 03b4e000 00:1f8 70924951587               /mnt/primary/conda-envs/semantic_uncertainty_export/lib/libmkl_avx512.so.2
7fb1b3f61000-7fb1b3f6a000 r--p 03e6f000 00:1f8 70924951587               /mnt/primary/conda-envs/semantic_uncertainty_export/lib/libmkl_avx512.so.2
7fb1b3f6a000-7fb1b3f78000 rw-p 03e78000 00:1f8 70924951587               /mnt/primary/conda-envs/semantic_uncertainty_export/lib/libmkl_avx512.so.2
7fb1b3f78000-7fb1b3f79000 rw-p 00000000 00:00 0 
7fb1b3f79000-7fb1b4000000 rw-p 03fac000 00:1f8 70924951587               /mnt/primary/conda-envs/semantic_uncertainty_export/lib/libmkl_avx512.so.2
7fb1b4000000-7fb1b4021000 rw-p 00000000 00:00 0 
7fb1b4021000-7fb1b8000000 ---p 00000000 00:00 0 
7fb1b8005000-7fb1b8007000 r--p 00000000 00:1f8 45438459399               /mnt/primary/conda-envs/semantic_uncertainty_export/lib/python3.11/lib-dynload/mmap.cpython-311-x86_64-linux-gnu.so
7fb1b8007000-7fb1b800a000 r-xp 00002000 00:1f8 45438459399               /mnt/primary/conda-envs/semantic_uncertainty_export/lib/python3.11/lib-dynload/mmap.cpython-311-x86_64-linux-gnu.so
7fb1b800a000-7fb1b800c000 r--p 00005000 00:1f8 45438459399               /mnt/primary/conda-envs/semantic_uncertainty_export/lib/python3.11/lib-dynload/mmap.cpython-311-x86_64-linux-gnu.so
7fb1b800c000-7fb1b800d000 r--p 00006000 00:1f8 45438459399               /mnt/primary/conda-envs/semantic_uncertainty_export/lib/python3.11/lib-dynload/mmap.cpython-311-x86_64-linux-gnu.so
7fb1b800d000-7fb1b800e000 rw-p 00007000 00:1f8 45438459399               /mnt/primary/conda-envs/semantic_uncertainty_export/lib/python3.11/lib-dynload/mmap.cpython-311-x86_64-linux-gnu.so
7fb1b800e000-7fb1b8015000 r--p 00000000 00:1f8 141832290837              /mnt/primary/conda-envs/semantic_uncertainty_export/lib/python3.11/site-packages/pandas/_libs/tslib.cpython-311-x86_64-linux-gnu.so
7fb1b8015000-7fb1b804a000 r-xp 00007000 00:1f8 141832290837              /mnt/primary/conda-envs/semantic_uncertainty_export/lib/python3.11/site-packages/pandas/_libs/tslib.cpython-311-x86_64-linux-gnu.so
7fb1b804a000-7fb1b8052000 r--p 0003c000 00:1f8 141832290837              /mnt/primary/conda-envs/semantic_uncertainty_export/lib/python3.11/site-packages/pandas/_libs/tslib.cpython-311-x86_64-linux-gnu.so
7fb1b8052000-7fb1b8053000 r--p 00043000 00:1f8 141832290837              /mnt/primary/conda-envs/semantic_uncertainty_export/lib/python3.11/site-packages/pandas/_libs/tslib.cpython-311-x86_64-linux-gnu.so
7fb1b8053000-7fb1b8058000 rw-p 00044000 00:1f8 141832290837              /mnt/primary/conda-envs/semantic_uncertainty_export/lib/python3.11/site-packages/pandas/_libs/tslib.cpython-311-x86_64-linux-gnu.so
7fb1b8058000-7fb1b805e000 r--p 00000000 00:1f8 141832290855              /mnt/primary/conda-envs/semantic_uncertainty_export/lib/python3.11/site-packages/pandas/_libs/ops.cpython-311-x86_64-linux-gnu.so
7fb1b805e000-7fb1b8088000 r-xp 00006000 00:1f8 141832290855              /mnt/primary/conda-envs/semantic_uncertainty_export/lib/python3.11/site-packages/pandas/_libs/ops.cpython-311-x86_64-linux-gnu.so
7fb1b8088000-7fb1b808f000 r--p 00030000 00:1f8 141832290855              /mnt/primary/conda-envs/semantic_uncertainty_export/lib/python3.11/site-packages/pandas/_libs/ops.cpython-311-x86_64-linux-gnu.so
7fb1b808f000-7fb1b8090000 r--p 00036000 00:1f8 141832290855              /mnt/primary/conda-envs/semantic_uncertainty_export/lib/python3.11/site-packages/pandas/_libs/ops.cpython-311-x86_64-linux-gnu.so
7fb1b8090000-7fb1b8094000 rw-p 00037000 00:1f8 141832290855              /mnt/primary/conda-envs/semantic_uncertainty_export/lib/python3.11/site-packages/pandas/_libs/ops.cpython-311-x86_64-linux-gnu.so
7fb1b8094000-7fb1b80a2000 r--p 00000000 00:1f8 141832290872              /mnt/primary/conda-envs/semantic_uncertainty_export/lib/python3.11/site-packages/pandas/_libs/lib.cpython-311-x86_64-linux-gnu.so
7fb1b80a2000-7fb1b8129000 r-xp 0000e000 00:1f8 141832290872              /mnt/primary/conda-envs/semantic_uncertainty_export/lib/python3.11/site-packages/pandas/_libs/lib.cpython-311-x86_64-linux-gnu.so
7fb1b8129000-7fb1b813c000 r--p 00095000 00:1f8 141832290872              /mnt/primary/conda-envs/semantic_uncertainty_export/lib/python3.11/site-packages/pandas/_libs/lib.cpython-311-x86_64-linux-gnu.so
7fb1b813c000-7fb1b813d000 r--p 000a7000 00:1f8 141832290872              /mnt/primary/conda-envs/semantic_uncertainty_export/lib/python3.11/site-packages/pandas/_libs/lib.cpython-311-x86_64-linux-gnu.so
7fb1b813d000-7fb1b814c000 rw-p 000a8000 00:1f8 141832290872              /mnt/primary/conda-envs/semantic_uncertainty_export/lib/python3.11/site-packages/pandas/_libs/lib.cpython-311-x86_64-linux-gnu.so
7fb1b814c000-7fb1b814e000 rw-p 00000000 00:00 0 
7fb1b814e000-7fb1b8154000 r--p 00000000 00:1f8 147963220527              /mnt/primary/conda-envs/semantic_uncertainty_export/lib/python3.11/site-packages/pandas/_libs/tslibs/vectorized.cpython-311-x86_64-linux-gnu.so
7fb1b8154000-7fb1b8179000 r-xp 00006000 00:1f8 147963220527              /mnt/primary/conda-envs/semantic_uncertainty_export/lib/python3.11/site-packages/pandas/_libs/tslibs/vectorized.cpython-311-x86_64-linux-gnu.so
7fb1b8179000-7fb1b8180000 r--p 0002b000 00:1f8 147963220527              /mnt/primary/conda-envs/semantic_uncertainty_export/lib/python3.11/site-packages/pandas/_libs/tslibs/vectorized.cpython-311-x86_64-linux-gnu.so
7fb1b8180000-7fb1b8181000 r--p 00031000 00:1f8 147963220527              /mnt/primary/conda-envs/semantic_uncertainty_export/lib/python3.11/site-packages/pandas/_libs/tslibs/vectorized.cpython-311-x86_64-linux-gnu.so
7fb1b8181000-7fb1b8184000 rw-p 00032000 00:1f8 147963220527              /mnt/primary/conda-envs/semantic_uncertainty_export/lib/python3.11/site-packages/pandas/_libs/tslibs/vectorized.cpython-311-x86_64-linux-gnu.so
7fb1b8184000-7fb1b8185000 rw-p 00000000 00:00 0 
7fb1b8185000-7fb1b8190000 r--p 00000000 00:1f8 146028901890              /mnt/primary/conda-envs/semantic_uncertainty_export/lib/python3.11/site-packages/pandas/_libs/tslibs/period.cpython-311-x86_64-linux-gnu.so
7fb1b8190000-7fb1b81df000 r-xp 0000b000 00:1f8 146028901890              /mnt/primary/conda-envs/semantic_uncertainty_export/lib/python3.11/site-packages/pandas/_libs/tslibs/period.cpython-311-x86_64-linux-gnu.so
7fb1b81df000-7fb1b81f4000 r--p 0005a000 00:1f8 146028901890              /mnt/primary/conda-envs/semantic_uncertainty_export/lib/python3.11/site-packages/pandas/_libs/tslibs/period.cpython-311-x86_64-linux-gnu.so
7fb1b81f4000-7fb1b81f5000 r--p 0006e000 00:1f8 146028901890              /mnt/primary/conda-envs/semantic_uncertainty_export/lib/python3.11/site-packages/pandas/_libs/tslibs/period.cpython-311-x86_64-linux-gnu.so
7fb1b81f5000-7fb1b81ff000 rw-p 0006f000 00:1f8 146028901890              /mnt/primary/conda-envs/semantic_uncertainty_export/lib/python3.11/site-packages/pandas/_libs/tslibs/period.cpython-311-x86_64-linux-gnu.so
7fb1b81ff000-7fb1b8200000 rw-p 00000000 00:00 0 
7fb1b8200000-7fb1b8600000 rw-p 00000000 00:00 0 
7fb1b8600000-7fb1b8601000 r--p 00000000 00:1f8 98787428873               /mnt/primary/conda-envs/semantic_uncertainty_export/lib/python3.11/site-packages/scipy/optimize/_lsap.cpython-311-x86_64-linux-gnu.so
7fb1b8601000-7fb1b8603000 r-xp 00001000 00:1f8 98787428873               /mnt/primary/conda-envs/semantic_uncertainty_export/lib/python3.11/site-packages/scipy/optimize/_lsap.cpython-311-x86_64-linux-gnu.so
7fb1b8603000-7fb1b8605000 r--p 00003000 00:1f8 98787428873               /mnt/primary/conda-envs/semantic_uncertainty_export/lib/python3.11/site-packages/scipy/optimize/_lsap.cpython-311-x86_64-linux-gnu.so
7fb1b8605000-7fb1b8606000 r--p 00004000 00:1f8 98787428873               /mnt/primary/conda-envs/semantic_uncertainty_export/lib/python3.11/site-packages/scipy/optimize/_lsap.cpython-311-x86_64-linux-gnu.so
7fb1b8606000-7fb1b8607000 rw-p 00005000 00:1f8 98787428873               /mnt/primary/conda-envs/semantic_uncertainty_export/lib/python3.11/site-packages/scipy/optimize/_lsap.cpython-311-x86_64-linux-gnu.so
7fb1b8607000-7fb1b860a000 r--p 00000000 00:1f8 141832290854              /mnt/primary/conda-envs/semantic_uncertainty_export/lib/python3.11/site-packages/pandas/_libs/indexing.cpython-311-x86_64-linux-gnu.so
7fb1b860a000-7fb1b8610000 r-xp 00003000 00:1f8 141832290854              /mnt/primary/conda-envs/semantic_uncertainty_export/lib/python3.11/site-packages/pandas/_libs/indexing.cpython-311-x86_64-linux-gnu.so
7fb1b8610000-7fb1b8612000 r--p 00009000 00:1f8 141832290854              /mnt/primary/conda-envs/semantic_uncertainty_export/lib/python3.11/site-packages/pandas/_libs/indexing.cpython-311-x86_64-linux-gnu.so
7fb1b8612000-7fb1b8613000 r--p 0000a000 00:1f8 141832290854              /mnt/primary/conda-envs/semantic_uncertainty_export/lib/python3.11/site-packages/pandas/_libs/indexing.cpython-311-x86_64-linux-gnu.so
7fb1b8613000-7fb1b8614000 rw-p 0000b000 00:1f8 141832290854              /mnt/primary/conda-envs/semantic_uncertainty_export/lib/python3.11/site-packages/pandas/_libs/indexing.cpython-311-x86_64-linux-gnu.so
7fb1b8614000-7fb1b8616000 r--p 00000000 00:1f8 58046899230               /mnt/primary/conda-envs/semantic_uncertainty_export/lib/python3.11/site-packages/bottleneck/reduce.cpython-311-x86_64-linux-gnu.so
7fb1b8616000-7fb1b8628000 r-xp 00002000 00:1f8 58046899230               /mnt/primary/conda-envs/semantic_uncertainty_export/lib/python3.11/site-packages/bottleneck/reduce.cpython-311-x86_64-linux-gnu.so
7fb1b8628000-7fb1b862b000 r--p 00014000 00:1f8 58046899230               /mnt/primary/conda-envs/semantic_uncertainty_export/lib/python3.11/site-packages/bottleneck/reduce.cpython-311-x86_64-linux-gnu.so
7fb1b862b000-7fb1b862c000 r--p 00016000 00:1f8 58046899230               /mnt/primary/conda-envs/semantic_uncertainty_export/lib/python3.11/site-packages/bottleneck/reduce.cpython-311-x86_64-linux-gnu.so
7fb1b862c000-7fb1b8630000 rw-p 00017000 00:1f8 58046899230               /mnt/primary/conda-envs/semantic_uncertainty_export/lib/python3.11/site-packages/bottleneck/reduce.cpython-311-x86_64-linux-gnu.so
7fb1b8630000-7fb1b8639000 r--p 00000000 00:1f8 146028901896              /mnt/primary/conda-envs/semantic_uncertainty_export/lib/python3.11/site-packages/pandas/_libs/tslibs/strptime.cpython-311-x86_64-linux-gnu.so
7fb1b8639000-7fb1b8674000 r-xp 00009000 00:1f8 146028901896              /mnt/primary/conda-envs/semantic_uncertainty_export/lib/python3.11/site-packages/pandas/_libs/tslibs/strptime.cpython-311-x86_64-linux-gnu.so
7fb1b8674000-7fb1b867d000 r--p 00044000 00:1f8 146028901896              /mnt/primary/conda-envs/semantic_uncertainty_export/lib/python3.11/site-packages/pandas/_libs/tslibs/strptime.cpython-311-x86_64-linux-gnu.so
7fb1b867d000-7fb1b867e000 r--p 0004c000 00:1f8 146028901896              /mnt/primary/conda-envs/semantic_uncertainty_export/lib/python3.11/site-packages/pandas/_libs/tslibs/strptime.cpython-311-x86_64-linux-gnu.so
7fb1b867e000-7fb1b8683000 rw-p 0004d000 00:1f8 146028901896              /mnt/primary/conda-envs/semantic_uncertainty_export/lib/python3.11/site-packages/pandas/_libs/tslibs/strptime.cpython-311-x86_64-linux-gnu.so
7fb1b8683000-7fb1b8684000 rw-p 00000000 00:00 0 
7fb1b8684000-7fb1b868e000 r--p 00000000 00:1f8 146028901912              /mnt/primary/conda-envs/semantic_uncertainty_export/lib/python3.11/site-packages/pandas/_libs/tslibs/parsing.cpython-311-x86_64-linux-gnu.so
7fb1b868e000-7fb1b86dd000 r-xp 0000a000 00:1f8 146028901912              /mnt/primary/conda-envs/semantic_uncertainty_export/lib/python3.11/site-packages/pandas/_libs/tslibs/parsing.cpython-311-x86_64-linux-gnu.so
7fb1b86dd000-7fb1b86e9000 r--p 00059000 00:1f8 146028901912              /mnt/primary/conda-envs/semantic_uncertainty_export/lib/python3.11/site-packages/pandas/_libs/tslibs/parsing.cpython-311-x86_64-linux-gnu.so
7fb1b86e9000-7fb1b86ea000 r--p 00064000 00:1f8 146028901912              /mnt/primary/conda-envs/semantic_uncertainty_export/lib/python3.11/site-packages/pandas/_libs/tslibs/parsing.cpython-311-x86_64-linux-gnu.so
7fb1b86ea000-7fb1b86f1000 rw-p 00065000 00:1f8 146028901912              /mnt/primary/conda-envs/semantic_uncertainty_export/lib/python3.11/site-packages/pandas/_libs/tslibs/parsing.cpython-311-x86_64-linux-gnu.so
7fb1b86f1000-7fb1b86f2000 rw-p 00000000 00:00 0 
7fb1b86f2000-7fb1b86f9000 r--p 00000000 00:1f8 146028901909              /mnt/primary/conda-envs/semantic_uncertainty_export/lib/python3.11/site-packages/pandas/_libs/tslibs/tzconversion.cpython-311-x86_64-linux-gnu.so
7fb1b86f9000-7fb1b8732000 r-xp 00007000 00:1f8 146028901909              /mnt/primary/conda-envs/semantic_uncertainty_export/lib/python3.11/site-packages/pandas/_libs/tslibs/tzconversion.cpython-311-x86_64-linux-gnu.so
7fb1b8732000-7fb1b873a000 r--p 00040000 00:1f8 146028901909              /mnt/primary/conda-envs/semantic_uncertainty_export/lib/python3.11/site-packages/pandas/_libs/tslibs/tzconversion.cpython-311-x86_64-linux-gnu.so
7fb1b873a000-7fb1b873b000 r--p 00047000 00:1f8 146028901909              /mnt/primary/conda-envs/semantic_uncertainty_export/lib/python3.11/site-packages/pandas/_libs/tslibs/tzconversion.cpython-311-x86_64-linux-gnu.so
7fb1b873b000-7fb1b873f000 rw-p 00048000 00:1f8 146028901909              /mnt/primary/conda-envs/semantic_uncertainty_export/lib/python3.11/site-packages/pandas/_libs/tslibs/tzconversion.cpython-311-x86_64-linux-gnu.so
7fb1b873f000-7fb1b8740000 rw-p 00000000 00:00 0 
7fb1b8740000-7fb1b8748000 r--p 00000000 00:1f8 147963220530              /mnt/primary/conda-envs/semantic_uncertainty_export/lib/python3.11/site-packages/pandas/_libs/tslibs/fields.cpython-311-x86_64-linux-gnu.so
7fb1b8748000-7fb1b8781000 r-xp 00008000 00:1f8 147963220530              /mnt/primary/conda-envs/semantic_uncertainty_export/lib/python3.11/site-packages/pandas/_libs/tslibs/fields.cpython-311-x86_64-linux-gnu.so
7fb1b8781000-7fb1b878a000 r--p 00041000 00:1f8 147963220530              /mnt/primary/conda-envs/semantic_uncertainty_export/lib/python3.11/site-packages/pandas/_libs/tslibs/fields.cpython-311-x86_64-linux-gnu.so
7fb1b878a000-7fb1b878b000 r--p 00049000 00:1f8 147963220530              /mnt/primary/conda-envs/semantic_uncertainty_export/lib/python3.11/site-packages/pandas/_libs/tslibs/fields.cpython-311-x86_64-linux-gnu.so
7fb1b878b000-7fb1b8790000 rw-p 0004a000 00:1f8 147963220530              /mnt/primary/conda-envs/semantic_uncertainty_export/lib/python3.11/site-packages/pandas/_libs/tslibs/fields.cpython-311-x86_64-linux-gnu.so
7fb1b8790000-7fb1b8791000 rw-p 00000000 00:00 0 
7fb1b8791000-7fb1b8b4b000 r--p 00000000 00:1f8 70924951612               /mnt/primary/conda-envs/semantic_uncertainty_export/lib/libmkl_intel_thread.so.2
7fb1b8b4b000-7fb1bb307000 r-xp 003ba000 00:1f8 70924951612               /mnt/primary/conda-envs/semantic_uncertainty_export/lib/libmkl_intel_thread.so.2
7fb1bb307000-7fb1bb79c000 r--p 02b76000 00:1f8 70924951612               /mnt/primary/conda-envs/semantic_uncertainty_export/lib/libmkl_intel_thread.so.2
7fb1bb79c000-7fb1bb79d000 ---p 0300b000 00:1f8 70924951612               /mnt/primary/conda-envs/semantic_uncertainty_export/lib/libmkl_intel_thread.so.2
7fb1bb79d000-7fb1bb7a4000 r--p 0300b000 00:1f8 70924951612               /mnt/primary/conda-envs/semantic_uncertainty_export/lib/libmkl_intel_thread.so.2
7fb1bb7a4000-7fb1bbedd000 rw-p 03012000 00:1f8 70924951612               /mnt/primary/conda-envs/semantic_uncertainty_export/lib/libmkl_intel_thread.so.2
7fb1bbedd000-7fb1bbef7000 rw-p 00000000 00:00 0 
7fb1bbef7000-7fb1bc000000 rw-p 03de0000 00:1f8 70924951612               /mnt/primary/conda-envs/semantic_uncertainty_export/lib/libmkl_intel_thread.so.2
7fb1bc000000-7fb1bc021000 rw-p 00000000 00:00 0 
7fb1bc021000-7fb1c0000000 ---p 00000000 00:00 0 
7fb1c0000000-7fb1c0200000 rw-p 00000000 00:00 0 
7fb1c0200000-7fb1c0400000 rw-p 00000000 00:00 0 
7fb1c0400000-7fb1c0600000 rw-p 00000000 00:00 0 
7fb1c0600000-7fb1c0604000 r--p 00000000 00:1f8 141832290868              /mnt/primary/conda-envs/semantic_uncertainty_export/lib/python3.11/site-packages/pandas/_libs/arrays.cpython-311-x86_64-linux-gnu.so
7fb1c0604000-7fb1c0613000 r-xp 00004000 00:1f8 141832290868              /mnt/primary/conda-envs/semantic_uncertainty_export/lib/python3.11/site-packages/pandas/_libs/arrays.cpython-311-x86_64-linux-gnu.so
7fb1c0613000-7fb1c0616000 r--p 00013000 00:1f8 141832290868              /mnt/primary/conda-envs/semantic_uncertainty_export/lib/python3.11/site-packages/pandas/_libs/arrays.cpython-311-x86_64-linux-gnu.so
7fb1c0616000-7fb1c0617000 r--p 00015000 00:1f8 141832290868              /mnt/primary/conda-envs/semantic_uncertainty_export/lib/python3.11/site-packages/pandas/_libs/arrays.cpython-311-x86_64-linux-gnu.so
7fb1c0617000-7fb1c0619000 rw-p 00016000 00:1f8 141832290868              /mnt/primary/conda-envs/semantic_uncertainty_export/lib/python3.11/site-packages/pandas/_libs/arrays.cpython-311-x86_64-linux-gnu.so
7fb1c0619000-7fb1c061b000 r--p 00000000 00:1f8 58046899229               /mnt/primary/conda-envs/semantic_uncertainty_export/lib/python3.11/site-packages/bottleneck/nonreduce_axis.cpython-311-x86_64-linux-gnu.so
7fb1c061b000-7fb1c0621000 r-xp 00002000 00:1f8 58046899229               /mnt/primary/conda-envs/semantic_uncertainty_export/lib/python3.11/site-packages/bottleneck/nonreduce_axis.cpython-311-x86_64-linux-gnu.so
7fb1c0621000-7fb1c0622000 r--p 00008000 00:1f8 58046899229               /mnt/primary/conda-envs/semantic_uncertainty_export/lib/python3.11/site-packages/bottleneck/nonreduce_axis.cpython-311-x86_64-linux-gnu.so
7fb1c0622000-7fb1c0623000 r--p 00008000 00:1f8 58046899229               /mnt/primary/conda-envs/semantic_uncertainty_export/lib/python3.11/site-packages/bottleneck/nonreduce_axis.cpython-311-x86_64-linux-gnu.so
7fb1c0623000-7fb1c0625000 rw-p 00009000 00:1f8 58046899229               /mnt/primary/conda-envs/semantic_uncertainty_export/lib/python3.11/site-packages/bottleneck/nonreduce_axis.cpython-311-x86_64-linux-gnu.so
7fb1c0625000-7fb1c0725000 rw-p 00000000 00:00 0 
7fb1c0725000-7fb1c08d9000 r--p 00000000 00:1f8 169691131415              /mnt/primary/conda-envs/semantic_uncertainty_export/lib/python3.11/site-packages/pyarrow/libparquet.so.2000
7fb1c08d9000-7fb1c0dda000 r-xp 001b4000 00:1f8 169691131415              /mnt/primary/conda-envs/semantic_uncertainty_export/lib/python3.11/site-packages/pyarrow/libparquet.so.2000
7fb1c0dda000-7fb1c0f3b000 r--p 006b5000 00:1f8 169691131415              /mnt/primary/conda-envs/semantic_uncertainty_export/lib/python3.11/site-packages/pyarrow/libparquet.so.2000
7fb1c0f3b000-7fb1c0fb9000 r--p 00815000 00:1f8 169691131415              /mnt/primary/conda-envs/semantic_uncertainty_export/lib/python3.11/site-packages/pyarrow/libparquet.so.2000
7fb1c0fb9000-7fb1c0fc7000 rw-p 00893000 00:1f8 169691131415              /mnt/primary/conda-envs/semantic_uncertainty_export/lib/python3.11/site-packages/pyarrow/libparquet.so.2000
7fb1c0fc7000-7fb1c0fca000 rw-p 00000000 00:00 0 
7fb1c0fca000-7fb1c103e000 r--p 00000000 00:1f8 169691131414              /mnt/primary/conda-envs/semantic_uncertainty_export/lib/python3.11/site-packages/pyarrow/libarrow_substrait.so.2000
7fb1c103e000-7fb1c127a000 r-xp 00074000 00:1f8 169691131414              /mnt/primary/conda-envs/semantic_uncertainty_export/lib/python3.11/site-packages/pyarrow/libarrow_substrait.so.2000
7fb1c127a000-7fb1c1333000 r--p 002b0000 00:1f8 169691131414              /mnt/primary/conda-envs/semantic_uncertainty_export/lib/python3.11/site-packages/pyarrow/libarrow_substrait.so.2000
7fb1c1333000-7fb1c1334000 ---p 00369000 00:1f8 169691131414              /mnt/primary/conda-envs/semantic_uncertainty_export/lib/python3.11/site-packages/pyarrow/libarrow_substrait.so.2000
7fb1c1334000-7fb1c1346000 r--p 00369000 00:1f8 169691131414              /mnt/primary/conda-envs/semantic_uncertainty_export/lib/python3.11/site-packages/pyarrow/libarrow_substrait.so.2000
7fb1c1346000-7fb1c134b000 rw-p 0037b000 00:1f8 169691131414              /mnt/primary/conda-envs/semantic_uncertainty_export/lib/python3.11/site-packages/pyarrow/libarrow_substrait.so.2000
7fb1c134b000-7fb1c134d000 rw-p 00000000 00:00 0 
7fb1c134d000-7fb1c13a7000 r--p 00000000 00:1f8 70925084685               /mnt/primary/conda-envs/semantic_uncertainty_export/lib/libmkl_vml_avx512.so.2
7fb1c13a7000-7fb1c1b9e000 r-xp 0005a000 00:1f8 70925084685               /mnt/primary/conda-envs/semantic_uncertainty_export/lib/libmkl_vml_avx512.so.2
7fb1c1b9e000-7fb1c2093000 r--p 00851000 00:1f8 70925084685               /mnt/primary/conda-envs/semantic_uncertainty_export/lib/libmkl_vml_avx512.so.2
7fb1c2093000-7fb1c2094000 ---p 00d46000 00:1f8 70925084685               /mnt/primary/conda-envs/semantic_uncertainty_export/lib/libmkl_vml_avx512.so.2
7fb1c2094000-7fb1c2098000 r--p 00d46000 00:1f8 70925084685               /mnt/primary/conda-envs/semantic_uncertainty_export/lib/libmkl_vml_avx512.so.2
7fb1c2098000-7fb1c20b1000 rw-p 00d4a000 00:1f8 70925084685               /mnt/primary/conda-envs/semantic_uncertainty_export/lib/libmkl_vml_avx512.so.2
7fb1c20b1000-7fb1c20b2000 rw-p 00000000 00:00 0 
7fb1c20b2000-7fb1c20d1000 rw-p 00dbc000 00:1f8 70925084685               /mnt/primary/conda-envs/semantic_uncertainty_export/lib/libmkl_vml_avx512.so.2
7fb1c20d1000-7fb1c2302000 r--p 00000000 00:1f8 70924951610               /mnt/primary/conda-envs/semantic_uncertainty_export/lib/libmkl_intel_lp64.so.2
7fb1c2302000-7fb1c2e25000 r-xp 00231000 00:1f8 70924951610               /mnt/primary/conda-envs/semantic_uncertainty_export/lib/libmkl_intel_lp64.so.2
7fb1c2e25000-7fb1c32e3000 r--p 00d54000 00:1f8 70924951610               /mnt/primary/conda-envs/semantic_uncertainty_export/lib/libmkl_intel_lp64.so.2
7fb1c32e3000-7fb1c32e4000 ---p 01212000 00:1f8 70924951610               /mnt/primary/conda-envs/semantic_uncertainty_export/lib/libmkl_intel_lp64.so.2
7fb1c32e4000-7fb1c32e6000 r--p 01212000 00:1f8 70924951610               /mnt/primary/conda-envs/semantic_uncertainty_export/lib/libmkl_intel_lp64.so.2
7fb1c32e6000-7fb1c3304000 rw-p 01214000 00:1f8 70924951610               /mnt/primary/conda-envs/semantic_uncertainty_export/lib/libmkl_intel_lp64.so.2
7fb1c3304000-7fb1c330b000 rw-p 00000000 00:00 0 
7fb1c330b000-7fb1c33c1000 rw-p 0144c000 00:1f8 70924951610               /mnt/primary/conda-envs/semantic_uncertainty_export/lib/libmkl_intel_lp64.so.2
7fb1c33c1000-7fb1c36bd000 r--p 00000000 00:1f8 70925084674               /mnt/primary/conda-envs/semantic_uncertainty_export/lib/libmkl_rt.so.2
7fb1c36bd000-7fb1c3bdb000 r-xp 002fc000 00:1f8 70925084674               /mnt/primary/conda-envs/semantic_uncertainty_export/lib/libmkl_rt.so.2
7fb1c3bdb000-7fb1c3ea0000 r--p 0081a000 00:1f8 70925084674               /mnt/primary/conda-envs/semantic_uncertainty_export/lib/libmkl_rt.so.2
7fb1c3ea0000-7fb1c3ea6000 r--p 00ade000 00:1f8 70925084674               /mnt/primary/conda-envs/semantic_uncertainty_export/lib/libmkl_rt.so.2
7fb1c3ea6000-7fb1c3ea8000 rw-p 00ae4000 00:1f8 70925084674               /mnt/primary/conda-envs/semantic_uncertainty_export/lib/libmkl_rt.so.2
7fb1c3ea8000-7fb1c3ed0000 rw-p 00000000 00:00 0 
7fb1c3ed0000-7fb1c4000000 rw-p 00de7000 00:1f8 70925084674               /mnt/primary/conda-envs/semantic_uncertainty_export/lib/libmkl_rt.so.2
7fb1c4000000-7fb1c4021000 rw-p 00000000 00:00 0 
7fb1c4021000-7fb1c8000000 ---p 00000000 00:00 0 
7fb1c8004000-7fb1c804f000 r--p 00000000 00:1f8 169691131396              /mnt/primary/conda-envs/semantic_uncertainty_export/lib/python3.11/site-packages/pyarrow/lib.cpython-311-x86_64-linux-gnu.so
7fb1c804f000-7fb1c82d0000 r-xp 0004b000 00:1f8 169691131396              /mnt/primary/conda-envs/semantic_uncertainty_export/lib/python3.11/site-packages/pyarrow/lib.cpython-311-x86_64-linux-gnu.so
7fb1c82d0000-7fb1c83c8000 r--p 002cc000 00:1f8 169691131396              /mnt/primary/conda-envs/semantic_uncertainty_export/lib/python3.11/site-packages/pyarrow/lib.cpython-311-x86_64-linux-gnu.so
7fb1c83c8000-7fb1c83ca000 r--p 003c3000 00:1f8 169691131396              /mnt/primary/conda-envs/semantic_uncertainty_export/lib/python3.11/site-packages/pyarrow/lib.cpython-311-x86_64-linux-gnu.so
7fb1c83ca000-7fb1c83f2000 rw-p 003c5000 00:1f8 169691131396              /mnt/primary/conda-envs/semantic_uncertainty_export/lib/python3.11/site-packages/pyarrow/lib.cpython-311-x86_64-linux-gnu.so
7fb1c83f2000-7fb1c8400000 rw-p 00000000 00:00 0 
7fb1c8400000-7fb1c8401000 ---p 00000000 00:00 0 
7fb1c8401000-7fb1c8c01000 rw-p 00000000 00:00 0 
7fb1c8c04000-7fb1c8c08000 r--p 00000000 00:1f8 105315288609              /mnt/primary/conda-envs/semantic_uncertainty_export/lib/python3.11/site-packages/numexpr/interpreter.cpython-311-x86_64-linux-gnu.so
7fb1c8c08000-7fb1c8c24000 r-xp 00004000 00:1f8 105315288609              /mnt/primary/conda-envs/semantic_uncertainty_export/lib/python3.11/site-packages/numexpr/interpreter.cpython-311-x86_64-linux-gnu.so
7fb1c8c24000-7fb1c8c27000 r--p 00020000 00:1f8 105315288609              /mnt/primary/conda-envs/semantic_uncertainty_export/lib/python3.11/site-packages/numexpr/interpreter.cpython-311-x86_64-linux-gnu.so
7fb1c8c27000-7fb1c8c28000 ---p 00023000 00:1f8 105315288609              /mnt/primary/conda-envs/semantic_uncertainty_export/lib/python3.11/site-packages/numexpr/interpreter.cpython-311-x86_64-linux-gnu.so
7fb1c8c28000-7fb1c8c29000 r--p 00023000 00:1f8 105315288609              /mnt/primary/conda-envs/semantic_uncertainty_export/lib/python3.11/site-packages/numexpr/interpreter.cpython-311-x86_64-linux-gnu.so
7fb1c8c29000-7fb1c8c2a000 rw-p 00024000 00:1f8 105315288609              /mnt/primary/conda-envs/semantic_uncertainty_export/lib/python3.11/site-packages/numexpr/interpreter.cpython-311-x86_64-linux-gnu.so
7fb1c8c2a000-7fb1c8c31000 r--p 00000000 00:1f8 146028901911              /mnt/primary/conda-envs/semantic_uncertainty_export/lib/python3.11/site-packages/pandas/_libs/tslibs/timezones.cpython-311-x86_64-linux-gnu.so
7fb1c8c31000-7fb1c8c5f000 r-xp 00007000 00:1f8 146028901911              /mnt/primary/conda-envs/semantic_uncertainty_export/lib/python3.11/site-packages/pandas/_libs/tslibs/timezones.cpython-311-x86_64-linux-gnu.so
7fb1c8c5f000-7fb1c8c67000 r--p 00035000 00:1f8 146028901911              /mnt/primary/conda-envs/semantic_uncertainty_export/lib/python3.11/site-packages/pandas/_libs/tslibs/timezones.cpython-311-x86_64-linux-gnu.so
7fb1c8c67000-7fb1c8c68000 r--p 0003c000 00:1f8 146028901911              /mnt/primary/conda-envs/semantic_uncertainty_export/lib/python3.11/site-packages/pandas/_libs/tslibs/timezones.cpython-311-x86_64-linux-gnu.so
7fb1c8c68000-7fb1c8c6c000 rw-p 0003d000 00:1f8 146028901911              /mnt/primary/conda-envs/semantic_uncertainty_export/lib/python3.11/site-packages/pandas/_libs/tslibs/timezones.cpython-311-x86_64-linux-gnu.so
7fb1c8c6c000-7fb1c8c6d000 rw-p 00000000 00:00 0 
7fb1c8c6d000-7fb1c8c79000 r--p 00000000 00:1f8 146028901903              /mnt/primary/conda-envs/semantic_uncertainty_export/lib/python3.11/site-packages/pandas/_libs/tslibs/timedeltas.cpython-311-x86_64-linux-gnu.so
7fb1c8c79000-7fb1c8ce2000 r-xp 0000c000 00:1f8 146028901903              /mnt/primary/conda-envs/semantic_uncertainty_export/lib/python3.11/site-packages/pandas/_libs/tslibs/timedeltas.cpython-311-x86_64-linux-gnu.so
7fb1c8ce2000-7fb1c8cf4000 r--p 00075000 00:1f8 146028901903              /mnt/primary/conda-envs/semantic_uncertainty_export/lib/python3.11/site-packages/pandas/_libs/tslibs/timedeltas.cpython-311-x86_64-linux-gnu.so
7fb1c8cf4000-7fb1c8cf5000 r--p 00086000 00:1f8 146028901903              /mnt/primary/conda-envs/semantic_uncertainty_export/lib/python3.11/site-packages/pandas/_libs/tslibs/timedeltas.cpython-311-x86_64-linux-gnu.so
7fb1c8cf5000-7fb1c8cff000 rw-p 00087000 00:1f8 146028901903              /mnt/primary/conda-envs/semantic_uncertainty_export/lib/python3.11/site-packages/pandas/_libs/tslibs/timedeltas.cpython-311-x86_64-linux-gnu.so
7fb1c8cff000-7fb1c8e00000 rw-p 00000000 00:00 0 
7fb1c9606000-7fb1c9608000 r--p 00000000 00:1f8 58046899227               /mnt/primary/conda-envs/semantic_uncertainty_export/lib/python3.11/site-packages/bottleneck/move.cpython-311-x86_64-linux-gnu.so
7fb1c9608000-7fb1c9618000 r-xp 00002000 00:1f8 58046899227               /mnt/primary/conda-envs/semantic_uncertainty_export/lib/python3.11/site-packages/bottleneck/move.cpython-311-x86_64-linux-gnu.so
7fb1c9618000-7fb1c961a000 r--p 00012000 00:1f8 58046899227               /mnt/primary/conda-envs/semantic_uncertainty_export/lib/python3.11/site-packages/bottleneck/move.cpython-311-x86_64-linux-gnu.so
7fb1c961a000-7fb1c961b000 r--p 00013000 00:1f8 58046899227               /mnt/primary/conda-envs/semantic_uncertainty_export/lib/python3.11/site-packages/bottleneck/move.cpython-311-x86_64-linux-gnu.so
7fb1c961b000-7fb1c961f000 rw-p 00014000 00:1f8 58046899227               /mnt/primary/conda-envs/semantic_uncertainty_export/lib/python3.11/site-packages/bottleneck/move.cpython-311-x86_64-linux-gnu.so
7fb1c961f000-7fb1c9623000 r--p 00000000 00:1f8 141832290862              /mnt/primary/conda-envs/semantic_uncertainty_export/lib/python3.11/site-packages/pandas/_libs/ops_dispatch.cpython-311-x86_64-linux-gnu.so
7fb1c9623000-7fb1c962a000 r-xp 00004000 00:1f8 141832290862              /mnt/primary/conda-envs/semantic_uncertainty_export/lib/python3.11/site-packages/pandas/_libs/ops_dispatch.cpython-311-x86_64-linux-gnu.so
7fb1c962a000-7fb1c962c000 r--p 0000b000 00:1f8 141832290862              /mnt/primary/conda-envs/semantic_uncertainty_export/lib/python3.11/site-packages/pandas/_libs/ops_dispatch.cpython-311-x86_64-linux-gnu.so
7fb1c962c000-7fb1c962d000 r--p 0000c000 00:1f8 141832290862              /mnt/primary/conda-envs/semantic_uncertainty_export/lib/python3.11/site-packages/pandas/_libs/ops_dispatch.cpython-311-x86_64-linux-gnu.so
7fb1c962d000-7fb1c962f000 rw-p 0000d000 00:1f8 141832290862              /mnt/primary/conda-envs/semantic_uncertainty_export/lib/python3.11/site-packages/pandas/_libs/ops_dispatch.cpython-311-x86_64-linux-gnu.so
7fb1c962f000-7fb1c9644000 r--p 00000000 00:1f8 141832290833              /mnt/primary/conda-envs/semantic_uncertainty_export/lib/python3.11/site-packages/pandas/_libs/hashtable.cpython-311-x86_64-linux-gnu.so
7fb1c9644000-7fb1c97b1000 r-xp 00015000 00:1f8 141832290833              /mnt/primary/conda-envs/semantic_uncertainty_export/lib/python3.11/site-packages/pandas/_libs/hashtable.cpython-311-x86_64-linux-gnu.so
7fb1c97b1000-7fb1c97d7000 r--p 00182000 00:1f8 141832290833              /mnt/primary/conda-envs/semantic_uncertainty_export/lib/python3.11/site-packages/pandas/_libs/hashtable.cpython-311-x86_64-linux-gnu.so
7fb1c97d7000-7fb1c97d8000 r--p 001a7000 00:1f8 141832290833              /mnt/primary/conda-envs/semantic_uncertainty_export/lib/python3.11/site-packages/pandas/_libs/hashtable.cpython-311-x86_64-linux-gnu.so
7fb1c97d8000-7fb1c97fa000 rw-p 001a8000 00:1f8 141832290833              /mnt/primary/conda-envs/semantic_uncertainty_export/lib/python3.11/site-packages/pandas/_libs/hashtable.cpython-311-x86_64-linux-gnu.so
7fb1c97fa000-7fb1c9800000 rw-p 00000000 00:00 0 
7fb1ca002000-7fb1ca003000 r--p 00000000 00:1f8 159264572988              /mnt/primary/conda-envs/semantic_uncertainty_export/lib/python3.11/site-packages/matplotlib/_c_internal_utils.cpython-311-x86_64-linux-gnu.so
7fb1ca003000-7fb1ca004000 r-xp 00001000 00:1f8 159264572988              /mnt/primary/conda-envs/semantic_uncertainty_export/lib/python3.11/site-packages/matplotlib/_c_internal_utils.cpython-311-x86_64-linux-gnu.so
7fb1ca004000-7fb1ca005000 r--p 00002000 00:1f8 159264572988              /mnt/primary/conda-envs/semantic_uncertainty_export/lib/python3.11/site-packages/matplotlib/_c_internal_utils.cpython-311-x86_64-linux-gnu.so
7fb1ca005000-7fb1ca006000 r--p 00002000 00:1f8 159264572988              /mnt/primary/conda-envs/semantic_uncertainty_export/lib/python3.11/site-packages/matplotlib/_c_internal_utils.cpython-311-x86_64-linux-gnu.so
7fb1ca006000-7fb1ca007000 rw-p 00003000 00:1f8 159264572988              /mnt/primary/conda-envs/semantic_uncertainty_export/lib/python3.11/site-packages/matplotlib/_c_internal_utils.cpython-311-x86_64-linux-gnu.so
7fb1ca007000-7fb1ca015000 r--p 00000000 00:1f8 146028901892              /mnt/primary/conda-envs/semantic_uncertainty_export/lib/python3.11/site-packages/pandas/_libs/tslibs/timestamps.cpython-311-x86_64-linux-gnu.so
7fb1ca015000-7fb1ca079000 r-xp 0000e000 00:1f8 146028901892              /mnt/primary/conda-envs/semantic_uncertainty_export/lib/python3.11/site-packages/pandas/_libs/tslibs/timestamps.cpython-311-x86_64-linux-gnu.so
7fb1ca079000-7fb1ca093000 r--p 00072000 00:1f8 146028901892              /mnt/primary/conda-envs/semantic_uncertainty_export/lib/python3.11/site-packages/pandas/_libs/tslibs/timestamps.cpython-311-x86_64-linux-gnu.so
7fb1ca093000-7fb1ca094000 r--p 0008b000 00:1f8 146028901892              /mnt/primary/conda-envs/semantic_uncertainty_export/lib/python3.11/site-packages/pandas/_libs/tslibs/timestamps.cpython-311-x86_64-linux-gnu.so
7fb1ca094000-7fb1ca0a4000 rw-p 0008c000 00:1f8 146028901892              /mnt/primary/conda-envs/semantic_uncertainty_export/lib/python3.11/site-packages/pandas/_libs/tslibs/timestamps.cpython-311-x86_64-linux-gnu.so
7fb1ca0a4000-7fb1ca0a6000 rw-p 00000000 00:00 0 
7fb1ca0a6000-7fb1ca0b5000 r--p 00000000 00:1f8 141832290878              /mnt/primary/conda-envs/semantic_uncertainty_export/lib/python3.11/site-packages/pandas/_libs/interval.cpython-311-x86_64-linux-gnu.so
7fb1ca0b5000-7fb1ca1cf000 r-xp 0000f000 00:1f8 141832290878              /mnt/primary/conda-envs/semantic_uncertainty_export/lib/python3.11/site-packages/pandas/_libs/interval.cpython-311-x86_64-linux-gnu.so
7fb1ca1cf000-7fb1ca1f1000 r--p 00129000 00:1f8 141832290878              /mnt/primary/conda-envs/semantic_uncertainty_export/lib/python3.11/site-packages/pandas/_libs/interval.cpython-311-x86_64-linux-gnu.so
7fb1ca1f1000-7fb1ca1f2000 r--p 0014a000 00:1f8 141832290878              /mnt/primary/conda-envs/semantic_uncertainty_export/lib/python3.11/site-packages/pandas/_libs/interval.cpython-311-x86_64-linux-gnu.so
7fb1ca1f2000-7fb1ca1fe000 rw-p 0014b000 00:1f8 141832290878              /mnt/primary/conda-envs/semantic_uncertainty_export/lib/python3.11/site-packages/pandas/_libs/interval.cpython-311-x86_64-linux-gnu.so
7fb1ca1fe000-7fb1ca200000 rw-p 00000000 00:00 0 
7fb1ca200000-7fb1ca201000 ---p 00000000 00:00 0 
7fb1ca201000-7fb1caa01000 rw-p 00000000 00:00 0 
7fb1caa01000-7fb1caa03000 r--p 00000000 00:1f8 109564600855              /mnt/primary/conda-envs/semantic_uncertainty_export/lib/python3.11/site-packages/scipy/optimize/_highs/_highs_constants.cpython-311-x86_64-linux-gnu.so
7fb1caa03000-7fb1caa05000 r-xp 00002000 00:1f8 109564600855              /mnt/primary/conda-envs/semantic_uncertainty_export/lib/python3.11/site-packages/scipy/optimize/_highs/_highs_constants.cpython-311-x86_64-linux-gnu.so
7fb1caa05000-7fb1caa06000 r--p 00004000 00:1f8 109564600855              /mnt/primary/conda-envs/semantic_uncertainty_export/lib/python3.11/site-packages/scipy/optimize/_highs/_highs_constants.cpython-311-x86_64-linux-gnu.so
7fb1caa06000-7fb1caa07000 r--p 00004000 00:1f8 109564600855              /mnt/primary/conda-envs/semantic_uncertainty_export/lib/python3.11/site-packages/scipy/optimize/_highs/_highs_constants.cpython-311-x86_64-linux-gnu.so
7fb1caa07000-7fb1caa08000 rw-p 00005000 00:1f8 109564600855              /mnt/primary/conda-envs/semantic_uncertainty_export/lib/python3.11/site-packages/scipy/optimize/_highs/_highs_constants.cpython-311-x86_64-linux-gnu.so
7fb1caa08000-7fb1caa19000 r--p 00000000 00:1f8 147963220524              /mnt/primary/conda-envs/semantic_uncertainty_export/lib/python3.11/site-packages/pandas/_libs/tslibs/offsets.cpython-311-x86_64-linux-gnu.so
7fb1caa19000-7fb1caacd000 r-xp 00011000 00:1f8 147963220524              /mnt/primary/conda-envs/semantic_uncertainty_export/lib/python3.11/site-packages/pandas/_libs/tslibs/offsets.cpython-311-x86_64-linux-gnu.so
7fb1caacd000-7fb1caaea000 r--p 000c5000 00:1f8 147963220524              /mnt/primary/conda-envs/semantic_uncertainty_export/lib/python3.11/site-packages/pandas/_libs/tslibs/offsets.cpython-311-x86_64-linux-gnu.so
7fb1caaea000-7fb1caaeb000 r--p 000e1000 00:1f8 147963220524              /mnt/primary/conda-envs/semantic_uncertainty_export/lib/python3.11/site-packages/pandas/_libs/tslibs/offsets.cpython-311-x86_64-linux-gnu.so
7fb1caaeb000-7fb1caafd000 rw-p 000e2000 00:1f8 147963220524              /mnt/primary/conda-envs/semantic_uncertainty_export/lib/python3.11/site-packages/pandas/_libs/tslibs/offsets.cpython-311-x86_64-linux-gnu.so
7fb1caafd000-7fb1cac00000 rw-p 00000000 00:00 0 
7fb1cac00000-7fb1cac01000 ---p 00000000 00:00 0 
7fb1cac01000-7fb1cb401000 rw-p 00000000 00:00 0 
7fb1cb403000-7fb1cb404000 r--p 00000000 00:1f8 98787428908               /mnt/primary/conda-envs/semantic_uncertainty_export/lib/python3.11/site-packages/scipy/optimize/_zeros.cpython-311-x86_64-linux-gnu.so
7fb1cb404000-7fb1cb406000 r-xp 00001000 00:1f8 98787428908               /mnt/primary/conda-envs/semantic_uncertainty_export/lib/python3.11/site-packages/scipy/optimize/_zeros.cpython-311-x86_64-linux-gnu.so
7fb1cb406000-7fb1cb407000 r--p 00003000 00:1f8 98787428908               /mnt/primary/conda-envs/semantic_uncertainty_export/lib/python3.11/site-packages/scipy/optimize/_zeros.cpython-311-x86_64-linux-gnu.so
7fb1cb407000-7fb1cb408000 r--p 00003000 00:1f8 98787428908               /mnt/primary/conda-envs/semantic_uncertainty_export/lib/python3.11/site-packages/scipy/optimize/_zeros.cpython-311-x86_64-linux-gnu.so
7fb1cb408000-7fb1cb409000 rw-p 00004000 00:1f8 98787428908               /mnt/primary/conda-envs/semantic_uncertainty_export/lib/python3.11/site-packages/scipy/optimize/_zeros.cpython-311-x86_64-linux-gnu.so
7fb1cb409000-7fb1cb411000 r--p 00000000 00:1f8 146028901904              /mnt/primary/conda-envs/semantic_uncertainty_export/lib/python3.11/site-packages/pandas/_libs/tslibs/nattype.cpython-311-x86_64-linux-gnu.so
7fb1cb411000-7fb1cb42f000 r-xp 00008000 00:1f8 146028901904              /mnt/primary/conda-envs/semantic_uncertainty_export/lib/python3.11/site-packages/pandas/_libs/tslibs/nattype.cpython-311-x86_64-linux-gnu.so
7fb1cb42f000-7fb1cb43b000 r--p 00026000 00:1f8 146028901904              /mnt/primary/conda-envs/semantic_uncertainty_export/lib/python3.11/site-packages/pandas/_libs/tslibs/nattype.cpython-311-x86_64-linux-gnu.so
7fb1cb43b000-7fb1cb43c000 ---p 00032000 00:1f8 146028901904              /mnt/primary/conda-envs/semantic_uncertainty_export/lib/python3.11/site-packages/pandas/_libs/tslibs/nattype.cpython-311-x86_64-linux-gnu.so
7fb1cb43c000-7fb1cb43d000 r--p 00032000 00:1f8 146028901904              /mnt/primary/conda-envs/semantic_uncertainty_export/lib/python3.11/site-packages/pandas/_libs/tslibs/nattype.cpython-311-x86_64-linux-gnu.so
7fb1cb43d000-7fb1cb442000 rw-p 00033000 00:1f8 146028901904              /mnt/primary/conda-envs/semantic_uncertainty_export/lib/python3.11/site-packages/pandas/_libs/tslibs/nattype.cpython-311-x86_64-linux-gnu.so
7fb1cb442000-7fb1cb443000 rw-p 00000000 00:00 0 
7fb1cb443000-7fb1cb44a000 r--p 00000000 00:1f8 146028901893              /mnt/primary/conda-envs/semantic_uncertainty_export/lib/python3.11/site-packages/pandas/_libs/tslibs/conversion.cpython-311-x86_64-linux-gnu.so
7fb1cb44a000-7fb1cb474000 r-xp 00007000 00:1f8 146028901893              /mnt/primary/conda-envs/semantic_uncertainty_export/lib/python3.11/site-packages/pandas/_libs/tslibs/conversion.cpython-311-x86_64-linux-gnu.so
7fb1cb474000-7fb1cb47b000 r--p 00031000 00:1f8 146028901893              /mnt/primary/conda-envs/semantic_uncertainty_export/lib/python3.11/site-packages/pandas/_libs/tslibs/conversion.cpython-311-x86_64-linux-gnu.so
7fb1cb47b000-7fb1cb47c000 ---p 00038000 00:1f8 146028901893              /mnt/primary/conda-envs/semantic_uncertainty_export/lib/python3.11/site-packages/pandas/_libs/tslibs/conversion.cpython-311-x86_64-linux-gnu.so
7fb1cb47c000-7fb1cb47d000 r--p 00038000 00:1f8 146028901893              /mnt/primary/conda-envs/semantic_uncertainty_export/lib/python3.11/site-packages/pandas/_libs/tslibs/conversion.cpython-311-x86_64-linux-gnu.so
7fb1cb47d000-7fb1cb481000 rw-p 00039000 00:1f8 146028901893              /mnt/primary/conda-envs/semantic_uncertainty_export/lib/python3.11/site-packages/pandas/_libs/tslibs/conversion.cpython-311-x86_64-linux-gnu.so
7fb1cb481000-7fb1cb4d9000 r--p 00000000 00:1f8 169691131402              /mnt/primary/conda-envs/semantic_uncertainty_export/lib/python3.11/site-packages/pyarrow/libarrow_acero.so.2000
7fb1cb4d9000-7fb1cb5be000 r-xp 00058000 00:1f8 169691131402              /mnt/primary/conda-envs/semantic_uncertainty_export/lib/python3.11/site-packages/pyarrow/libarrow_acero.so.2000
7fb1cb5be000-7fb1cb5f7000 r--p 0013d000 00:1f8 169691131402              /mnt/primary/conda-envs/semantic_uncertainty_export/lib/python3.11/site-packages/pyarrow/libarrow_acero.so.2000
7fb1cb5f7000-7fb1cb5f8000 ---p 00176000 00:1f8 169691131402              /mnt/primary/conda-envs/semantic_uncertainty_export/lib/python3.11/site-packages/pyarrow/libarrow_acero.so.2000
7fb1cb5f8000-7fb1cb5fd000 r--p 00176000 00:1f8 169691131402              /mnt/primary/conda-envs/semantic_uncertainty_export/lib/python3.11/site-packages/pyarrow/libarrow_acero.so.2000
7fb1cb5fd000-7fb1cb600000 rw-p 0017b000 00:1f8 169691131402              /mnt/primary/conda-envs/semantic_uncertainty_export/lib/python3.11/site-packages/pyarrow/libarrow_acero.so.2000
7fb1cbe04000-7fb1cbe07000 r--p 00000000 00:1f8 141832290869              /mnt/primary/conda-envs/semantic_uncertainty_export/lib/python3.11/site-packages/pandas/_libs/properties.cpython-311-x86_64-linux-gnu.so
7fb1cbe07000-7fb1cbe10000 r-xp 00003000 00:1f8 141832290869              /mnt/primary/conda-envs/semantic_uncertainty_export/lib/python3.11/site-packages/pandas/_libs/properties.cpython-311-x86_64-linux-gnu.so
7fb1cbe10000-7fb1cbe12000 r--p 0000c000 00:1f8 141832290869              /mnt/primary/conda-envs/semantic_uncertainty_export/lib/python3.11/site-packages/pandas/_libs/properties.cpython-311-x86_64-linux-gnu.so
7fb1cbe12000-7fb1cbe13000 r--p 0000d000 00:1f8 141832290869              /mnt/primary/conda-envs/semantic_uncertainty_export/lib/python3.11/site-packages/pandas/_libs/properties.cpython-311-x86_64-linux-gnu.so
7fb1cbe13000-7fb1cbe15000 rw-p 0000e000 00:1f8 141832290869              /mnt/primary/conda-envs/semantic_uncertainty_export/lib/python3.11/site-packages/pandas/_libs/properties.cpython-311-x86_64-linux-gnu.so
7fb1cbe15000-7fb1cbe19000 r--p 00000000 00:1f8 146028901910              /mnt/primary/conda-envs/semantic_uncertainty_export/lib/python3.11/site-packages/pandas/_libs/tslibs/np_datetime.cpython-311-x86_64-linux-gnu.so
7fb1cbe19000-7fb1cbe2c000 r-xp 00004000 00:1f8 146028901910              /mnt/primary/conda-envs/semantic_uncertainty_export/lib/python3.11/site-packages/pandas/_libs/tslibs/np_datetime.cpython-311-x86_64-linux-gnu.so
7fb1cbe2c000-7fb1cbe30000 r--p 00017000 00:1f8 146028901910              /mnt/primary/conda-envs/semantic_uncertainty_export/lib/python3.11/site-packages/pandas/_libs/tslibs/np_datetime.cpython-311-x86_64-linux-gnu.so
7fb1cbe30000-7fb1cbe31000 r--p 0001a000 00:1f8 146028901910              /mnt/primary/conda-envs/semantic_uncertainty_export/lib/python3.11/site-packages/pandas/_libs/tslibs/np_datetime.cpython-311-x86_64-linux-gnu.so
7fb1cbe31000-7fb1cbe33000 rw-p 0001b000 00:1f8 146028901910              /mnt/primary/conda-envs/semantic_uncertainty_export/lib/python3.11/site-packages/pandas/_libs/tslibs/np_datetime.cpython-311-x86_64-linux-gnu.so
7fb1cbe33000-7fb1cbedc000 r--p 00000000 00:1f8 169691131403              /mnt/primary/conda-envs/semantic_uncertainty_export/lib/python3.11/site-packages/pyarrow/libarrow_dataset.so.2000
7fb1cbedc000-7fb1cbfaf000 r-xp 000a9000 00:1f8 169691131403              /mnt/primary/conda-envs/semantic_uncertainty_export/lib/python3.11/site-packages/pyarrow/libarrow_dataset.so.2000
7fb1cbfaf000-7fb1cbff4000 r--p 0017c000 00:1f8 169691131403              /mnt/primary/conda-envs/semantic_uncertainty_export/lib/python3.11/site-packages/pyarrow/libarrow_dataset.so.2000
7fb1cbff4000-7fb1cbff5000 ---p 001c1000 00:1f8 169691131403              /mnt/primary/conda-envs/semantic_uncertainty_export/lib/python3.11/site-packages/pyarrow/libarrow_dataset.so.2000
7fb1cbff5000-7fb1cbffd000 r--p 001c1000 00:1f8 169691131403              /mnt/primary/conda-envs/semantic_uncertainty_export/lib/python3.11/site-packages/pyarrow/libarrow_dataset.so.2000
7fb1cbffd000-7fb1cbfff000 rw-p 001c9000 00:1f8 169691131403              /mnt/primary/conda-envs/semantic_uncertainty_export/lib/python3.11/site-packages/pyarrow/libarrow_dataset.so.2000
7fb1cbfff000-7fb1cc000000 rw-p 00000000 00:00 0 
7fb1cc000000-7fb1cc0a0000 rw-p 00000000 00:00 0 
7fb1cc0a0000-7fb1d0000000 ---p 00000000 00:00 0 
7fb1d0003000-7fb1d0004000 r--p 00000000 00:1f8 45438356018               /mnt/primary/conda-envs/semantic_uncertainty_export/lib/python3.11/lib-dynload/_statistics.cpython-311-x86_64-linux-gnu.so
7fb1d0004000-7fb1d0005000 r-xp 00001000 00:1f8 45438356018               /mnt/primary/conda-envs/semantic_uncertainty_export/lib/python3.11/lib-dynload/_statistics.cpython-311-x86_64-linux-gnu.so
7fb1d0005000-7fb1d0006000 r--p 00002000 00:1f8 45438356018               /mnt/primary/conda-envs/semantic_uncertainty_export/lib/python3.11/lib-dynload/_statistics.cpython-311-x86_64-linux-gnu.so
7fb1d0006000-7fb1d0007000 r--p 00002000 00:1f8 45438356018               /mnt/primary/conda-envs/semantic_uncertainty_export/lib/python3.11/lib-dynload/_statistics.cpython-311-x86_64-linux-gnu.so
7fb1d0007000-7fb1d0008000 rw-p 00003000 00:1f8 45438356018               /mnt/primary/conda-envs/semantic_uncertainty_export/lib/python3.11/lib-dynload/_statistics.cpython-311-x86_64-linux-gnu.so
7fb1d0008000-7fb1d000b000 r--p 00000000 00:1f8 146028901906              /mnt/primary/conda-envs/semantic_uncertainty_export/lib/python3.11/site-packages/pandas/_libs/tslibs/ccalendar.cpython-311-x86_64-linux-gnu.so
7fb1d000b000-7fb1d0016000 r-xp 00003000 00:1f8 146028901906              /mnt/primary/conda-envs/semantic_uncertainty_export/lib/python3.11/site-packages/pandas/_libs/tslibs/ccalendar.cpython-311-x86_64-linux-gnu.so
7fb1d0016000-7fb1d0018000 r--p 0000e000 00:1f8 146028901906              /mnt/primary/conda-envs/semantic_uncertainty_export/lib/python3.11/site-packages/pandas/_libs/tslibs/ccalendar.cpython-311-x86_64-linux-gnu.so
7fb1d0018000-7fb1d0019000 r--p 0000f000 00:1f8 146028901906              /mnt/primary/conda-envs/semantic_uncertainty_export/lib/python3.11/site-packages/pandas/_libs/tslibs/ccalendar.cpython-311-x86_64-linux-gnu.so
7fb1d0019000-7fb1d001b000 rw-p 00010000 00:1f8 146028901906              /mnt/primary/conda-envs/semantic_uncertainty_export/lib/python3.11/site-packages/pandas/_libs/tslibs/ccalendar.cpython-311-x86_64-linux-gnu.so
7fb1d001b000-7fb1d0021000 r--p 00000000 00:1f8 146028901907              /mnt/primary/conda-envs/semantic_uncertainty_export/lib/python3.11/site-packages/pandas/_libs/tslibs/dtypes.cpython-311-x86_64-linux-gnu.so
7fb1d0021000-7fb1d0039000 r-xp 00006000 00:1f8 146028901907              /mnt/primary/conda-envs/semantic_uncertainty_export/lib/python3.11/site-packages/pandas/_libs/tslibs/dtypes.cpython-311-x86_64-linux-gnu.so
7fb1d0039000-7fb1d003e000 r--p 0001e000 00:1f8 146028901907              /mnt/primary/conda-envs/semantic_uncertainty_export/lib/python3.11/site-packages/pandas/_libs/tslibs/dtypes.cpython-311-x86_64-linux-gnu.so
7fb1d003e000-7fb1d003f000 r--p 00022000 00:1f8 146028901907              /mnt/primary/conda-envs/semantic_uncertainty_export/lib/python3.11/site-packages/pandas/_libs/tslibs/dtypes.cpython-311-x86_64-linux-gnu.so
7fb1d003f000-7fb1d0043000 rw-p 00023000 00:1f8 146028901907              /mnt/primary/conda-envs/semantic_uncertainty_export/lib/python3.11/site-packages/pandas/_libs/tslibs/dtypes.cpython-311-x86_64-linux-gnu.so
7fb1d0043000-7fb1d004a000 r--p 00000000 00:1f8 141832290848              /mnt/primary/conda-envs/semantic_uncertainty_export/lib/python3.11/site-packages/pandas/_libs/missing.cpython-311-x86_64-linux-gnu.so
7fb1d004a000-7fb1d006a000 r-xp 00007000 00:1f8 141832290848              /mnt/primary/conda-envs/semantic_uncertainty_export/lib/python3.11/site-packages/pandas/_libs/missing.cpython-311-x86_64-linux-gnu.so
7fb1d006a000-7fb1d0070000 r--p 00027000 00:1f8 141832290848              /mnt/primary/conda-envs/semantic_uncertainty_export/lib/python3.11/site-packages/pandas/_libs/missing.cpython-311-x86_64-linux-gnu.so
7fb1d0070000-7fb1d0071000 r--p 0002c000 00:1f8 141832290848              /mnt/primary/conda-envs/semantic_uncertainty_export/lib/python3.11/site-packages/pandas/_libs/missing.cpython-311-x86_64-linux-gnu.so
7fb1d0071000-7fb1d0075000 rw-p 0002d000 00:1f8 141832290848              /mnt/primary/conda-envs/semantic_uncertainty_export/lib/python3.11/site-packages/pandas/_libs/missing.cpython-311-x86_64-linux-gnu.so
7fb1d0075000-7fb1d0076000 rw-p 00000000 00:00 0 
7fb1d0076000-7fb1d0103000 r--p 00000000 00:1f8 169691131406              /mnt/primary/conda-envs/semantic_uncertainty_export/lib/python3.11/site-packages/pyarrow/libarrow_python.so.2000
7fb1d0103000-7fb1d021b000 r-xp 0008d000 00:1f8 169691131406              /mnt/primary/conda-envs/semantic_uncertainty_export/lib/python3.11/site-packages/pyarrow/libarrow_python.so.2000
7fb1d021b000-7fb1d025f000 r--p 001a5000 00:1f8 169691131406              /mnt/primary/conda-envs/semantic_uncertainty_export/lib/python3.11/site-packages/pyarrow/libarrow_python.so.2000
7fb1d025f000-7fb1d026b000 r--p 001e8000 00:1f8 169691131406              /mnt/primary/conda-envs/semantic_uncertainty_export/lib/python3.11/site-packages/pyarrow/libarrow_python.so.2000
7fb1d026b000-7fb1d026e000 rw-p 001f4000 00:1f8 169691131406              /mnt/primary/conda-envs/semantic_uncertainty_export/lib/python3.11/site-packages/pyarrow/libarrow_python.so.2000
7fb1d026e000-7fb1d036e000 rw-p 00000000 00:00 0 
7fb1d036e000-7fb1d0376000 r--p 00000000 00:1f8 171102352957              /mnt/primary/conda-envs/semantic_uncertainty_export/lib/python3.11/site-packages/numpy/random/_generator.cpython-311-x86_64-linux-gnu.so
7fb1d0376000-7fb1d03e9000 r-xp 00008000 00:1f8 171102352957              /mnt/primary/conda-envs/semantic_uncertainty_export/lib/python3.11/site-packages/numpy/random/_generator.cpython-311-x86_64-linux-gnu.so
7fb1d03e9000-7fb1d043d000 r--p 0007b000 00:1f8 171102352957              /mnt/primary/conda-envs/semantic_uncertainty_export/lib/python3.11/site-packages/numpy/random/_generator.cpython-311-x86_64-linux-gnu.so
7fb1d043d000-7fb1d043e000 r--p 000ce000 00:1f8 171102352957              /mnt/primary/conda-envs/semantic_uncertainty_export/lib/python3.11/site-packages/numpy/random/_generator.cpython-311-x86_64-linux-gnu.so
7fb1d043e000-7fb1d0440000 rw-p 000cf000 00:1f8 171102352957              /mnt/primary/conda-envs/semantic_uncertainty_export/lib/python3.11/site-packages/numpy/random/_generator.cpython-311-x86_64-linux-gnu.so
7fb1d0440000-7fb1d0442000 rw-p 00000000 00:00 0 
7fb1d0442000-7fb1d046e000 r--p 00000000 00:1f8 163251150893              /mnt/primary/conda-envs/semantic_uncertainty_export/lib/python3.11/site-packages/numpy/core/_multiarray_umath.cpython-311-x86_64-linux-gnu.so
7fb1d046e000-7fb1d085c000 r-xp 0002c000 00:1f8 163251150893              /mnt/primary/conda-envs/semantic_uncertainty_export/lib/python3.11/site-packages/numpy/core/_multiarray_umath.cpython-311-x86_64-linux-gnu.so
7fb1d085c000-7fb1d09b9000 r--p 0041a000 00:1f8 163251150893              /mnt/primary/conda-envs/semantic_uncertainty_export/lib/python3.11/site-packages/numpy/core/_multiarray_umath.cpython-311-x86_64-linux-gnu.so
7fb1d09b9000-7fb1d09ba000 ---p 00577000 00:1f8 163251150893              /mnt/primary/conda-envs/semantic_uncertainty_export/lib/python3.11/site-packages/numpy/core/_multiarray_umath.cpython-311-x86_64-linux-gnu.so
7fb1d09ba000-7fb1d09be000 r--p 00577000 00:1f8 163251150893              /mnt/primary/conda-envs/semantic_uncertainty_export/lib/python3.11/site-packages/numpy/core/_multiarray_umath.cpython-311-x86_64-linux-gnu.so
7fb1d09be000-7fb1d09e0000 rw-p 0057b000 00:1f8 163251150893              /mnt/primary/conda-envs/semantic_uncertainty_export/lib/python3.11/site-packages/numpy/core/_multiarray_umath.cpython-311-x86_64-linux-gnu.so
7fb1d09e0000-7fb1d0a00000 rw-p 00000000 00:00 0 
7fb1d1201000-7fb1d1202000 r--p 00000000 00:1f8 58046899228               /mnt/primary/conda-envs/semantic_uncertainty_export/lib/python3.11/site-packages/bottleneck/nonreduce.cpython-311-x86_64-linux-gnu.so
7fb1d1202000-7fb1d1204000 r-xp 00001000 00:1f8 58046899228               /mnt/primary/conda-envs/semantic_uncertainty_export/lib/python3.11/site-packages/bottleneck/nonreduce.cpython-311-x86_64-linux-gnu.so
7fb1d1204000-7fb1d1205000 r--p 00003000 00:1f8 58046899228               /mnt/primary/conda-envs/semantic_uncertainty_export/lib/python3.11/site-packages/bottleneck/nonreduce.cpython-311-x86_64-linux-gnu.so
7fb1d1205000-7fb1d1206000 r--p 00003000 00:1f8 58046899228               /mnt/primary/conda-envs/semantic_uncertainty_export/lib/python3.11/site-packages/bottleneck/nonreduce.cpython-311-x86_64-linux-gnu.so
7fb1d1206000-7fb1d1207000 rw-p 00004000 00:1f8 58046899228               /mnt/primary/conda-envs/semantic_uncertainty_export/lib/python3.11/site-packages/bottleneck/nonreduce.cpython-311-x86_64-linux-gnu.so
7fb1d1207000-7fb1d1209000 r--p 00000000 00:1f8 45438356031               /mnt/primary/conda-envs/semantic_uncertainty_export/lib/python3.11/lib-dynload/_zoneinfo.cpython-311-x86_64-linux-gnu.so
7fb1d1209000-7fb1d120e000 r-xp 00002000 00:1f8 45438356031               /mnt/primary/conda-envs/semantic_uncertainty_export/lib/python3.11/lib-dynload/_zoneinfo.cpython-311-x86_64-linux-gnu.so
7fb1d120e000-7fb1d120f000 r--p 00007000 00:1f8 45438356031               /mnt/primary/conda-envs/semantic_uncertainty_export/lib/python3.11/lib-dynload/_zoneinfo.cpython-311-x86_64-linux-gnu.so
7fb1d120f000-7fb1d1210000 ---p 00008000 00:1f8 45438356031               /mnt/primary/conda-envs/semantic_uncertainty_export/lib/python3.11/lib-dynload/_zoneinfo.cpython-311-x86_64-linux-gnu.so
7fb1d1210000-7fb1d1211000 r--p 00008000 00:1f8 45438356031               /mnt/primary/conda-envs/semantic_uncertainty_export/lib/python3.11/lib-dynload/_zoneinfo.cpython-311-x86_64-linux-gnu.so
7fb1d1211000-7fb1d1212000 rw-p 00009000 00:1f8 45438356031               /mnt/primary/conda-envs/semantic_uncertainty_export/lib/python3.11/lib-dynload/_zoneinfo.cpython-311-x86_64-linux-gnu.so
7fb1d1212000-7fb1d1215000 r--p 00000000 00:1f8 146028901897              /mnt/primary/conda-envs/semantic_uncertainty_export/lib/python3.11/site-packages/pandas/_libs/tslibs/base.cpython-311-x86_64-linux-gnu.so
7fb1d1215000-7fb1d121a000 r-xp 00003000 00:1f8 146028901897              /mnt/primary/conda-envs/semantic_uncertainty_export/lib/python3.11/site-packages/pandas/_libs/tslibs/base.cpython-311-x86_64-linux-gnu.so
7fb1d121a000-7fb1d121c000 r--p 00008000 00:1f8 146028901897              /mnt/primary/conda-envs/semantic_uncertainty_export/lib/python3.11/site-packages/pandas/_libs/tslibs/base.cpython-311-x86_64-linux-gnu.so
7fb1d121c000-7fb1d121d000 r--p 00009000 00:1f8 146028901897              /mnt/primary/conda-envs/semantic_uncertainty_export/lib/python3.11/site-packages/pandas/_libs/tslibs/base.cpython-311-x86_64-linux-gnu.so
7fb1d121d000-7fb1d121e000 rw-p 0000a000 00:1f8 146028901897              /mnt/primary/conda-envs/semantic_uncertainty_export/lib/python3.11/site-packages/pandas/_libs/tslibs/base.cpython-311-x86_64-linux-gnu.so
7fb1d121e000-7fb1d1220000 r--p 00000000 00:1f8 141832290876              /mnt/primary/conda-envs/semantic_uncertainty_export/lib/python3.11/site-packages/pandas/_libs/pandas_parser.cpython-311-x86_64-linux-gnu.so
7fb1d1220000-7fb1d1226000 r-xp 00002000 00:1f8 141832290876              /mnt/primary/conda-envs/semantic_uncertainty_export/lib/python3.11/site-packages/pandas/_libs/pandas_parser.cpython-311-x86_64-linux-gnu.so
7fb1d1226000-7fb1d1228000 r--p 00008000 00:1f8 141832290876              /mnt/primary/conda-envs/semantic_uncertainty_export/lib/python3.11/site-packages/pandas/_libs/pandas_parser.cpython-311-x86_64-linux-gnu.so
7fb1d1228000-7fb1d1229000 r--p 00009000 00:1f8 141832290876              /mnt/primary/conda-envs/semantic_uncertainty_export/lib/python3.11/site-packages/pandas/_libs/pandas_parser.cpython-311-x86_64-linux-gnu.so
7fb1d1229000-7fb1d122a000 rw-p 0000a000 00:1f8 141832290876              /mnt/primary/conda-envs/semantic_uncertainty_export/lib/python3.11/site-packages/pandas/_libs/pandas_parser.cpython-311-x86_64-linux-gnu.so
7fb1d122c000-7fb1d122d000 r--p 00000000 00:1f8 18670668801               /mnt/primary/conda-envs/semantic_uncertainty_export/lib/python3.11/site-packages/markupsafe/_speedups.cpython-311-x86_64-linux-gnu.so
7fb1d122d000-7fb1d122e000 r-xp 00001000 00:1f8 18670668801               /mnt/primary/conda-envs/semantic_uncertainty_export/lib/python3.11/site-packages/markupsafe/_speedups.cpython-311-x86_64-linux-gnu.so
7fb1d122e000-7fb1d122f000 r--p 00002000 00:1f8 18670668801               /mnt/primary/conda-envs/semantic_uncertainty_export/lib/python3.11/site-packages/markupsafe/_speedups.cpython-311-x86_64-linux-gnu.so
7fb1d122f000-7fb1d1230000 r--p 00002000 00:1f8 18670668801               /mnt/primary/conda-envs/semantic_uncertainty_export/lib/python3.11/site-packages/markupsafe/_speedups.cpython-311-x86_64-linux-gnu.so
7fb1d1230000-7fb1d1231000 rw-p 00003000 00:1f8 18670668801               /mnt/primary/conda-envs/semantic_uncertainty_export/lib/python3.11/site-packages/markupsafe/_speedups.cpython-311-x86_64-linux-gnu.so
7fb1d1231000-7fb1d1232000 r--p 00000000 00:1f8 135391191608              /mnt/primary/conda-envs/semantic_uncertainty_export/lib/python3.11/site-packages/torch/_C.cpython-311-x86_64-linux-gnu.so
7fb1d1232000-7fb1d1233000 r-xp 00001000 00:1f8 135391191608              /mnt/primary/conda-envs/semantic_uncertainty_export/lib/python3.11/site-packages/torch/_C.cpython-311-x86_64-linux-gnu.so
7fb1d1233000-7fb1d1234000 r--p 00002000 00:1f8 135391191608              /mnt/primary/conda-envs/semantic_uncertainty_export/lib/python3.11/site-packages/torch/_C.cpython-311-x86_64-linux-gnu.so
7fb1d1234000-7fb1d1235000 r--p 00002000 00:1f8 135391191608              /mnt/primary/conda-envs/semantic_uncertainty_export/lib/python3.11/site-packages/torch/_C.cpython-311-x86_64-linux-gnu.so
7fb1d1235000-7fb1d1236000 rw-p 00003000 00:1f8 135391191608              /mnt/primary/conda-envs/semantic_uncertainty_export/lib/python3.11/site-packages/torch/_C.cpython-311-x86_64-linux-gnu.so
7fb1d1236000-7fb1d1237000 r--p 00000000 00:1f8 81779481649               /mnt/primary/conda-envs/semantic_uncertainty_export/lib/python3.11/site-packages/torch/lib/libtorch_global_deps.so
7fb1d1237000-7fb1d1238000 r-xp 00001000 00:1f8 81779481649               /mnt/primary/conda-envs/semantic_uncertainty_export/lib/python3.11/site-packages/torch/lib/libtorch_global_deps.so
7fb1d1238000-7fb1d1239000 r--p 00002000 00:1f8 81779481649               /mnt/primary/conda-envs/semantic_uncertainty_export/lib/python3.11/site-packages/torch/lib/libtorch_global_deps.so
7fb1d1239000-7fb1d123a000 r--p 00002000 00:1f8 81779481649               /mnt/primary/conda-envs/semantic_uncertainty_export/lib/python3.11/site-packages/torch/lib/libtorch_global_deps.so
7fb1d123a000-7fb1d123b000 rw-p 00003000 00:1f8 81779481649               /mnt/primary/conda-envs/semantic_uncertainty_export/lib/python3.11/site-packages/torch/lib/libtorch_global_deps.so
7fb1d123b000-7fb1d123d000 r--p 00000000 00:1f8 120262025725              /mnt/primary/conda-envs/semantic_uncertainty_export/lib/python3.11/site-packages/sklearn/utils/_sorting.cpython-311-x86_64-linux-gnu.so
7fb1d123d000-7fb1d123f000 r-xp 00002000 00:1f8 120262025725              /mnt/primary/conda-envs/semantic_uncertainty_export/lib/python3.11/site-packages/sklearn/utils/_sorting.cpython-311-x86_64-linux-gnu.so
7fb1d123f000-7fb1d1240000 r--p 00004000 00:1f8 120262025725              /mnt/primary/conda-envs/semantic_uncertainty_export/lib/python3.11/site-packages/sklearn/utils/_sorting.cpython-311-x86_64-linux-gnu.so
7fb1d1240000-7fb1d1241000 r--p 00004000 00:1f8 120262025725              /mnt/primary/conda-envs/semantic_uncertainty_export/lib/python3.11/site-packages/sklearn/utils/_sorting.cpython-311-x86_64-linux-gnu.so
7fb1d1241000-7fb1d1242000 rw-p 00005000 00:1f8 120262025725              /mnt/primary/conda-envs/semantic_uncertainty_export/lib/python3.11/site-packages/sklearn/utils/_sorting.cpython-311-x86_64-linux-gnu.so
7fb1d1242000-7fb1d1244000 rw-p 00007000 00:1f8 120262025725              /mnt/primary/conda-envs/semantic_uncertainty_export/lib/python3.11/site-packages/sklearn/utils/_sorting.cpython-311-x86_64-linux-gnu.so
7fb1d1244000-7fb1d1246000 r--p 00000000 00:1f8 120262026763              /mnt/primary/conda-envs/semantic_uncertainty_export/lib/python3.11/site-packages/sklearn/utils/_heap.cpython-311-x86_64-linux-gnu.so
7fb1d1246000-7fb1d1248000 r-xp 00002000 00:1f8 120262026763              /mnt/primary/conda-envs/semantic_uncertainty_export/lib/python3.11/site-packages/sklearn/utils/_heap.cpython-311-x86_64-linux-gnu.so
7fb1d1248000-7fb1d1249000 r--p 00004000 00:1f8 120262026763              /mnt/primary/conda-envs/semantic_uncertainty_export/lib/python3.11/site-packages/sklearn/utils/_heap.cpython-311-x86_64-linux-gnu.so
7fb1d1249000-7fb1d124a000 r--p 00004000 00:1f8 120262026763              /mnt/primary/conda-envs/semantic_uncertainty_export/lib/python3.11/site-packages/sklearn/utils/_heap.cpython-311-x86_64-linux-gnu.so
7fb1d124a000-7fb1d124b000 rw-p 00005000 00:1f8 120262026763              /mnt/primary/conda-envs/semantic_uncertainty_export/lib/python3.11/site-packages/sklearn/utils/_heap.cpython-311-x86_64-linux-gnu.so
7fb1d124b000-7fb1d124d000 rw-p 00007000 00:1f8 120262026763              /mnt/primary/conda-envs/semantic_uncertainty_export/lib/python3.11/site-packages/sklearn/utils/_heap.cpython-311-x86_64-linux-gnu.so
7fb1d124d000-7fb1d1253000 r--p 00000000 00:1f8 88099477524               /mnt/primary/conda-envs/semantic_uncertainty_export/lib/python3.11/site-packages/sklearn/metrics/cluster/_expected_mutual_info_fast.cpython-311-x86_64-linux-gnu.so
7fb1d1253000-7fb1d126f000 r-xp 00006000 00:1f8 88099477524               /mnt/primary/conda-envs/semantic_uncertainty_export/lib/python3.11/site-packages/sklearn/metrics/cluster/_expected_mutual_info_fast.cpython-311-x86_64-linux-gnu.so
7fb1d126f000-7fb1d1275000 r--p 00022000 00:1f8 88099477524               /mnt/primary/conda-envs/semantic_uncertainty_export/lib/python3.11/site-packages/sklearn/metrics/cluster/_expected_mutual_info_fast.cpython-311-x86_64-linux-gnu.so
7fb1d1275000-7fb1d1276000 r--p 00027000 00:1f8 88099477524               /mnt/primary/conda-envs/semantic_uncertainty_export/lib/python3.11/site-packages/sklearn/metrics/cluster/_expected_mutual_info_fast.cpython-311-x86_64-linux-gnu.so
7fb1d1276000-7fb1d1279000 rw-p 00028000 00:1f8 88099477524               /mnt/primary/conda-envs/semantic_uncertainty_export/lib/python3.11/site-packages/sklearn/metrics/cluster/_expected_mutual_info_fast.cpython-311-x86_64-linux-gnu.so
7fb1d1279000-7fb1d127a000 rw-p 00000000 00:00 0 
7fb1d127a000-7fb1d127d000 rw-p 00034000 00:1f8 88099477524               /mnt/primary/conda-envs/semantic_uncertainty_export/lib/python3.11/site-packages/sklearn/metrics/cluster/_expected_mutual_info_fast.cpython-311-x86_64-linux-gnu.so
7fb1d127d000-7fb1d1280000 r--p 00000000 00:1f8 120262026791              /mnt/primary/conda-envs/semantic_uncertainty_export/lib/python3.11/site-packages/sklearn/utils/_openmp_helpers.cpython-311-x86_64-linux-gnu.so
7fb1d1280000-7fb1d1284000 r-xp 00003000 00:1f8 120262026791              /mnt/primary/conda-envs/semantic_uncertainty_export/lib/python3.11/site-packages/sklearn/utils/_openmp_helpers.cpython-311-x86_64-linux-gnu.so
7fb1d1284000-7fb1d1285000 r--p 00007000 00:1f8 120262026791              /mnt/primary/conda-envs/semantic_uncertainty_export/lib/python3.11/site-packages/sklearn/utils/_openmp_helpers.cpython-311-x86_64-linux-gnu.so
7fb1d1285000-7fb1d1286000 r--p 00007000 00:1f8 120262026791              /mnt/primary/conda-envs/semantic_uncertainty_export/lib/python3.11/site-packages/sklearn/utils/_openmp_helpers.cpython-311-x86_64-linux-gnu.so
7fb1d1286000-7fb1d1287000 rw-p 00008000 00:1f8 120262026791              /mnt/primary/conda-envs/semantic_uncertainty_export/lib/python3.11/site-packages/sklearn/utils/_openmp_helpers.cpython-311-x86_64-linux-gnu.so
7fb1d1287000-7fb1d128a000 rw-p 0000c000 00:1f8 120262026791              /mnt/primary/conda-envs/semantic_uncertainty_export/lib/python3.11/site-packages/sklearn/utils/_openmp_helpers.cpython-311-x86_64-linux-gnu.so
7fb1d128a000-7fb1d1290000 r--p 00000000 00:1f8 120262026757              /mnt/primary/conda-envs/semantic_uncertainty_export/lib/python3.11/site-packages/sklearn/utils/murmurhash.cpython-311-x86_64-linux-gnu.so
7fb1d1290000-7fb1d12ac000 r-xp 00006000 00:1f8 120262026757              /mnt/primary/conda-envs/semantic_uncertainty_export/lib/python3.11/site-packages/sklearn/utils/murmurhash.cpython-311-x86_64-linux-gnu.so
7fb1d12ac000-7fb1d12b3000 r--p 00022000 00:1f8 120262026757              /mnt/primary/conda-envs/semantic_uncertainty_export/lib/python3.11/site-packages/sklearn/utils/murmurhash.cpython-311-x86_64-linux-gnu.so
7fb1d12b3000-7fb1d12b4000 r--p 00028000 00:1f8 120262026757              /mnt/primary/conda-envs/semantic_uncertainty_export/lib/python3.11/site-packages/sklearn/utils/murmurhash.cpython-311-x86_64-linux-gnu.so
7fb1d12b4000-7fb1d12b7000 rw-p 00029000 00:1f8 120262026757              /mnt/primary/conda-envs/semantic_uncertainty_export/lib/python3.11/site-packages/sklearn/utils/murmurhash.cpython-311-x86_64-linux-gnu.so
7fb1d12b7000-7fb1d12b8000 rw-p 00000000 00:00 0 
7fb1d12b8000-7fb1d12bc000 rw-p 00035000 00:1f8 120262026757              /mnt/primary/conda-envs/semantic_uncertainty_export/lib/python3.11/site-packages/sklearn/utils/murmurhash.cpython-311-x86_64-linux-gnu.so
7fb1d12bc000-7fb1d12c3000 r--p 00000000 00:1f8 120262026761              /mnt/primary/conda-envs/semantic_uncertainty_export/lib/python3.11/site-packages/sklearn/utils/_isfinite.cpython-311-x86_64-linux-gnu.so
7fb1d12c3000-7fb1d12e1000 r-xp 00007000 00:1f8 120262026761              /mnt/primary/conda-envs/semantic_uncertainty_export/lib/python3.11/site-packages/sklearn/utils/_isfinite.cpython-311-x86_64-linux-gnu.so
7fb1d12e1000-7fb1d12e8000 r--p 00025000 00:1f8 120262026761              /mnt/primary/conda-envs/semantic_uncertainty_export/lib/python3.11/site-packages/sklearn/utils/_isfinite.cpython-311-x86_64-linux-gnu.so
7fb1d12e8000-7fb1d12e9000 ---p 0002c000 00:1f8 120262026761              /mnt/primary/conda-envs/semantic_uncertainty_export/lib/python3.11/site-packages/sklearn/utils/_isfinite.cpython-311-x86_64-linux-gnu.so
7fb1d12e9000-7fb1d12ea000 r--p 0002c000 00:1f8 120262026761              /mnt/primary/conda-envs/semantic_uncertainty_export/lib/python3.11/site-packages/sklearn/utils/_isfinite.cpython-311-x86_64-linux-gnu.so
7fb1d12ea000-7fb1d12ee000 rw-p 0002d000 00:1f8 120262026761              /mnt/primary/conda-envs/semantic_uncertainty_export/lib/python3.11/site-packages/sklearn/utils/_isfinite.cpython-311-x86_64-linux-gnu.so
7fb1d12ee000-7fb1d12f1000 rw-p 0003b000 00:1f8 120262026761              /mnt/primary/conda-envs/semantic_uncertainty_export/lib/python3.11/site-packages/sklearn/utils/_isfinite.cpython-311-x86_64-linux-gnu.so
7fb1d12f1000-7fb1d12f3000 r--p 00000000 00:1f8 45438356004               /mnt/primary/conda-envs/semantic_uncertainty_export/lib/python3.11/lib-dynload/_multiprocessing.cpython-311-x86_64-linux-gnu.so
7fb1d12f3000-7fb1d12f4000 r-xp 00002000 00:1f8 45438356004               /mnt/primary/conda-envs/semantic_uncertainty_export/lib/python3.11/lib-dynload/_multiprocessing.cpython-311-x86_64-linux-gnu.so
7fb1d12f4000-7fb1d12f5000 r--p 00003000 00:1f8 45438356004               /mnt/primary/conda-envs/semantic_uncertainty_export/lib/python3.11/lib-dynload/_multiprocessing.cpython-311-x86_64-linux-gnu.so
7fb1d12f5000-7fb1d12f6000 r--p 00003000 00:1f8 45438356004               /mnt/primary/conda-envs/semantic_uncertainty_export/lib/python3.11/lib-dynload/_multiprocessing.cpython-311-x86_64-linux-gnu.so
7fb1d12f6000-7fb1d12f7000 rw-p 00004000 00:1f8 45438356004               /mnt/primary/conda-envs/semantic_uncertainty_export/lib/python3.11/lib-dynload/_multiprocessing.cpython-311-x86_64-linux-gnu.so
7fb1d12f7000-7fb1d12f9000 r--p 00000000 00:1f8 24813113                  /mnt/primary/conda-envs/semantic_uncertainty_export/lib/python3.11/site-packages/sklearn/__check_build/_check_build.cpython-311-x86_64-linux-gnu.so
7fb1d12f9000-7fb1d12fb000 r-xp 00002000 00:1f8 24813113                  /mnt/primary/conda-envs/semantic_uncertainty_export/lib/python3.11/site-packages/sklearn/__check_build/_check_build.cpython-311-x86_64-linux-gnu.so
7fb1d12fb000-7fb1d12fc000 r--p 00004000 00:1f8 24813113                  /mnt/primary/conda-envs/semantic_uncertainty_export/lib/python3.11/site-packages/sklearn/__check_build/_check_build.cpython-311-x86_64-linux-gnu.so
7fb1d12fc000-7fb1d12fd000 r--p 00004000 00:1f8 24813113                  /mnt/primary/conda-envs/semantic_uncertainty_export/lib/python3.11/site-packages/sklearn/__check_build/_check_build.cpython-311-x86_64-linux-gnu.so
7fb1d12fd000-7fb1d12fe000 rw-p 00005000 00:1f8 24813113                  /mnt/primary/conda-envs/semantic_uncertainty_export/lib/python3.11/site-packages/sklearn/__check_build/_check_build.cpython-311-x86_64-linux-gnu.so
7fb1d12fe000-7fb1d1300000 rw-p 00008000 00:1f8 24813113                  /mnt/primary/conda-envs/semantic_uncertainty_export/lib/python3.11/site-packages/sklearn/__check_build/_check_build.cpython-311-x86_64-linux-gnu.so
7fb1d1300000-7fb1d1400000 rw-p 00000000 00:00 0 
7fb1d1c04000-7fb1d1c07000 r--p 00000000 00:1f8 171102376449              /mnt/primary/conda-envs/semantic_uncertainty_export/lib/python3.11/site-packages/numpy/random/_pcg64.cpython-311-x86_64-linux-gnu.so
7fb1d1c07000-7fb1d1c16000 r-xp 00003000 00:1f8 171102376449              /mnt/primary/conda-envs/semantic_uncertainty_export/lib/python3.11/site-packages/numpy/random/_pcg64.cpython-311-x86_64-linux-gnu.so
7fb1d1c16000-7fb1d1c1b000 r--p 00012000 00:1f8 171102376449              /mnt/primary/conda-envs/semantic_uncertainty_export/lib/python3.11/site-packages/numpy/random/_pcg64.cpython-311-x86_64-linux-gnu.so
7fb1d1c1b000-7fb1d1c1c000 ---p 00017000 00:1f8 171102376449              /mnt/primary/conda-envs/semantic_uncertainty_export/lib/python3.11/site-packages/numpy/random/_pcg64.cpython-311-x86_64-linux-gnu.so
7fb1d1c1c000-7fb1d1c1d000 r--p 00017000 00:1f8 171102376449              /mnt/primary/conda-envs/semantic_uncertainty_export/lib/python3.11/site-packages/numpy/random/_pcg64.cpython-311-x86_64-linux-gnu.so
7fb1d1c1d000-7fb1d1c1e000 rw-p 00018000 00:1f8 171102376449              /mnt/primary/conda-envs/semantic_uncertainty_export/lib/python3.11/site-packages/numpy/random/_pcg64.cpython-311-x86_64-linux-gnu.so
7fb1d1c1e000-7fb1d1c21000 r--p 00000000 00:1f8 171102376451              /mnt/primary/conda-envs/semantic_uncertainty_export/lib/python3.11/site-packages/numpy/random/_philox.cpython-311-x86_64-linux-gnu.so
7fb1d1c21000-7fb1d1c2b000 r-xp 00003000 00:1f8 171102376451              /mnt/primary/conda-envs/semantic_uncertainty_export/lib/python3.11/site-packages/numpy/random/_philox.cpython-311-x86_64-linux-gnu.so
7fb1d1c2b000-7fb1d1c2f000 r--p 0000d000 00:1f8 171102376451              /mnt/primary/conda-envs/semantic_uncertainty_export/lib/python3.11/site-packages/numpy/random/_philox.cpython-311-x86_64-linux-gnu.so
7fb1d1c2f000-7fb1d1c30000 ---p 00011000 00:1f8 171102376451              /mnt/primary/conda-envs/semantic_uncertainty_export/lib/python3.11/site-packages/numpy/random/_philox.cpython-311-x86_64-linux-gnu.so
7fb1d1c30000-7fb1d1c31000 r--p 00011000 00:1f8 171102376451              /mnt/primary/conda-envs/semantic_uncertainty_export/lib/python3.11/site-packages/numpy/random/_philox.cpython-311-x86_64-linux-gnu.so
7fb1d1c31000-7fb1d1c32000 rw-p 00012000 00:1f8 171102376451              /mnt/primary/conda-envs/semantic_uncertainty_export/lib/python3.11/site-packages/numpy/random/_philox.cpython-311-x86_64-linux-gnu.so
7fb1d1c32000-7fb1d1c35000 r--p 00000000 00:1f8 171102352959              /mnt/primary/conda-envs/semantic_uncertainty_export/lib/python3.11/site-packages/numpy/random/_mt19937.cpython-311-x86_64-linux-gnu.so
7fb1d1c35000-7fb1d1c42000 r-xp 00003000 00:1f8 171102352959              /mnt/primary/conda-envs/semantic_uncertainty_export/lib/python3.11/site-packages/numpy/random/_mt19937.cpython-311-x86_64-linux-gnu.so
7fb1d1c42000-7fb1d1c47000 r--p 00010000 00:1f8 171102352959              /mnt/primary/conda-envs/semantic_uncertainty_export/lib/python3.11/site-packages/numpy/random/_mt19937.cpython-311-x86_64-linux-gnu.so
7fb1d1c47000-7fb1d1c48000 r--p 00014000 00:1f8 171102352959              /mnt/primary/conda-envs/semantic_uncertainty_export/lib/python3.11/site-packages/numpy/random/_mt19937.cpython-311-x86_64-linux-gnu.so
7fb1d1c48000-7fb1d1c49000 rw-p 00015000 00:1f8 171102352959              /mnt/primary/conda-envs/semantic_uncertainty_export/lib/python3.11/site-packages/numpy/random/_mt19937.cpython-311-x86_64-linux-gnu.so
7fb1d1c49000-7fb1d1c4e000 r--p 00000000 00:1f8 171102352953              /mnt/primary/conda-envs/semantic_uncertainty_export/lib/python3.11/site-packages/numpy/random/_bounded_integers.cpython-311-x86_64-linux-gnu.so
7fb1d1c4e000-7fb1d1c8d000 r-xp 00005000 00:1f8 171102352953              /mnt/primary/conda-envs/semantic_uncertainty_export/lib/python3.11/site-packages/numpy/random/_bounded_integers.cpython-311-x86_64-linux-gnu.so
7fb1d1c8d000-7fb1d1c96000 r--p 00044000 00:1f8 171102352953              /mnt/primary/conda-envs/semantic_uncertainty_export/lib/python3.11/site-packages/numpy/random/_bounded_integers.cpython-311-x86_64-linux-gnu.so
7fb1d1c96000-7fb1d1c97000 r--p 0004c000 00:1f8 171102352953              /mnt/primary/conda-envs/semantic_uncertainty_export/lib/python3.11/site-packages/numpy/random/_bounded_integers.cpython-311-x86_64-linux-gnu.so
7fb1d1c97000-7fb1d1c98000 rw-p 0004d000 00:1f8 171102352953              /mnt/primary/conda-envs/semantic_uncertainty_export/lib/python3.11/site-packages/numpy/random/_bounded_integers.cpython-311-x86_64-linux-gnu.so
7fb1d1c98000-7fb1d1c99000 rw-p 00000000 00:00 0 
7fb1d1c99000-7fb1d1c9d000 r--p 00000000 00:1f8 171102352955              /mnt/primary/conda-envs/semantic_uncertainty_export/lib/python3.11/site-packages/numpy/random/_common.cpython-311-x86_64-linux-gnu.so
7fb1d1c9d000-7fb1d1cc8000 r-xp 00004000 00:1f8 171102352955              /mnt/primary/conda-envs/semantic_uncertainty_export/lib/python3.11/site-packages/numpy/random/_common.cpython-311-x86_64-linux-gnu.so
7fb1d1cc8000-7fb1d1ccc000 r--p 0002f000 00:1f8 171102352955              /mnt/primary/conda-envs/semantic_uncertainty_export/lib/python3.11/site-packages/numpy/random/_common.cpython-311-x86_64-linux-gnu.so
7fb1d1ccc000-7fb1d1ccd000 ---p 00033000 00:1f8 171102352955              /mnt/primary/conda-envs/semantic_uncertainty_export/lib/python3.11/site-packages/numpy/random/_common.cpython-311-x86_64-linux-gnu.so
7fb1d1ccd000-7fb1d1cce000 r--p 00033000 00:1f8 171102352955              /mnt/primary/conda-envs/semantic_uncertainty_export/lib/python3.11/site-packages/numpy/random/_common.cpython-311-x86_64-linux-gnu.so
7fb1d1cce000-7fb1d1ccf000 rw-p 00034000 00:1f8 171102352955              /mnt/primary/conda-envs/semantic_uncertainty_export/lib/python3.11/site-packages/numpy/random/_common.cpython-311-x86_64-linux-gnu.so
7fb1d1ccf000-7fb1d1cd0000 rw-p 00000000 00:00 0 
7fb1d1cd0000-7fb1d1cd5000 r--p 00000000 00:1f8 171102376456              /mnt/primary/conda-envs/semantic_uncertainty_export/lib/python3.11/site-packages/numpy/random/bit_generator.cpython-311-x86_64-linux-gnu.so
7fb1d1cd5000-7fb1d1cf3000 r-xp 00005000 00:1f8 171102376456              /mnt/primary/conda-envs/semantic_uncertainty_export/lib/python3.11/site-packages/numpy/random/bit_generator.cpython-311-x86_64-linux-gnu.so
7fb1d1cf3000-7fb1d1cfd000 r--p 00023000 00:1f8 171102376456              /mnt/primary/conda-envs/semantic_uncertainty_export/lib/python3.11/site-packages/numpy/random/bit_generator.cpython-311-x86_64-linux-gnu.so
7fb1d1cfd000-7fb1d1cfe000 r--p 0002c000 00:1f8 171102376456              /mnt/primary/conda-envs/semantic_uncertainty_export/lib/python3.11/site-packages/numpy/random/bit_generator.cpython-311-x86_64-linux-gnu.so
7fb1d1cfe000-7fb1d1d00000 rw-p 0002d000 00:1f8 171102376456              /mnt/primary/conda-envs/semantic_uncertainty_export/lib/python3.11/site-packages/numpy/random/bit_generator.cpython-311-x86_64-linux-gnu.so
7fb1d1d00000-7fb1d1e00000 rw-p 00000000 00:00 0 
7fb1d2503000-7fb1d2507000 ---p 00000000 00:00 0 
7fb1d2507000-7fb1d2603000 rw-p 00000000 00:00 0 
7fb1d2603000-7fb1d2604000 ---p 00000000 00:00 0 
7fb1d2604000-7fb1d2605000 r--p 00000000 00:00 0 
7fb1d2605000-7fb1d2608000 r--p 00000000 00:1f8 171102376454              /mnt/primary/conda-envs/semantic_uncertainty_export/lib/python3.11/site-packages/numpy/random/_sfc64.cpython-311-x86_64-linux-gnu.so
7fb1d2608000-7fb1d260f000 r-xp 00003000 00:1f8 171102376454              /mnt/primary/conda-envs/semantic_uncertainty_export/lib/python3.11/site-packages/numpy/random/_sfc64.cpython-311-x86_64-linux-gnu.so
7fb1d260f000-7fb1d2612000 r--p 0000a000 00:1f8 171102376454              /mnt/primary/conda-envs/semantic_uncertainty_export/lib/python3.11/site-packages/numpy/random/_sfc64.cpython-311-x86_64-linux-gnu.so
7fb1d2612000-7fb1d2613000 r--p 0000c000 00:1f8 171102376454              /mnt/primary/conda-envs/semantic_uncertainty_export/lib/python3.11/site-packages/numpy/random/_sfc64.cpython-311-x86_64-linux-gnu.so
7fb1d2613000-7fb1d2614000 rw-p 0000d000 00:1f8 171102376454              /mnt/primary/conda-envs/semantic_uncertainty_export/lib/python3.11/site-packages/numpy/random/_sfc64.cpython-311-x86_64-linux-gnu.so
7fb1d2614000-7fb1d2619000 r--p 00000000 00:1f8 171102376460              /mnt/primary/conda-envs/semantic_uncertainty_export/lib/python3.11/site-packages/numpy/random/mtrand.cpython-311-x86_64-linux-gnu.so
7fb1d2619000-7fb1d2665000 r-xp 00005000 00:1f8 171102376460              /mnt/primary/conda-envs/semantic_uncertainty_export/lib/python3.11/site-packages/numpy/random/mtrand.cpython-311-x86_64-linux-gnu.so
7fb1d2665000-7fb1d26b5000 r--p 00051000 00:1f8 171102376460              /mnt/primary/conda-envs/semantic_uncertainty_export/lib/python3.11/site-packages/numpy/random/mtrand.cpython-311-x86_64-linux-gnu.so
7fb1d26b5000-7fb1d26b6000 r--p 000a0000 00:1f8 171102376460              /mnt/primary/conda-envs/semantic_uncertainty_export/lib/python3.11/site-packages/numpy/random/mtrand.cpython-311-x86_64-linux-gnu.so
7fb1d26b6000-7fb1d26b7000 rw-p 000a1000 00:1f8 171102376460              /mnt/primary/conda-envs/semantic_uncertainty_export/lib/python3.11/site-packages/numpy/random/mtrand.cpython-311-x86_64-linux-gnu.so
7fb1d26b7000-7fb1d26b9000 rw-p 00000000 00:00 0 
7fb1d26b9000-7fb1d26c0000 r--p 00000000 00:1f8 135391188019              /mnt/primary/conda-envs/semantic_uncertainty_export/lib/python3.11/site-packages/numpy/linalg/_umath_linalg.cpython-311-x86_64-linux-gnu.so
7fb1d26c0000-7fb1d26da000 r-xp 00007000 00:1f8 135391188019              /mnt/primary/conda-envs/semantic_uncertainty_export/lib/python3.11/site-packages/numpy/linalg/_umath_linalg.cpython-311-x86_64-linux-gnu.so
7fb1d26da000-7fb1d26df000 r--p 00021000 00:1f8 135391188019              /mnt/primary/conda-envs/semantic_uncertainty_export/lib/python3.11/site-packages/numpy/linalg/_umath_linalg.cpython-311-x86_64-linux-gnu.so
7fb1d26df000-7fb1d26e0000 r--p 00025000 00:1f8 135391188019              /mnt/primary/conda-envs/semantic_uncertainty_export/lib/python3.11/site-packages/numpy/linalg/_umath_linalg.cpython-311-x86_64-linux-gnu.so
7fb1d26e0000-7fb1d26e1000 rw-p 00026000 00:1f8 135391188019              /mnt/primary/conda-envs/semantic_uncertainty_export/lib/python3.11/site-packages/numpy/linalg/_umath_linalg.cpython-311-x86_64-linux-gnu.so
7fb1d26e1000-7fb1d27e1000 rw-p 00000000 00:00 0 
7fb1d27e1000-7fb1d27e9000 r--p 00000000 00:1f8 163251150892              /mnt/primary/conda-envs/semantic_uncertainty_export/lib/python3.11/site-packages/numpy/core/_multiarray_tests.cpython-311-x86_64-linux-gnu.so
7fb1d27e9000-7fb1d27f8000 r-xp 00008000 00:1f8 163251150892              /mnt/primary/conda-envs/semantic_uncertainty_export/lib/python3.11/site-packages/numpy/core/_multiarray_tests.cpython-311-x86_64-linux-gnu.so
7fb1d27f8000-7fb1d27fd000 r--p 00017000 00:1f8 163251150892              /mnt/primary/conda-envs/semantic_uncertainty_export/lib/python3.11/site-packages/numpy/core/_multiarray_tests.cpython-311-x86_64-linux-gnu.so
7fb1d27fd000-7fb1d27fe000 ---p 0001c000 00:1f8 163251150892              /mnt/primary/conda-envs/semantic_uncertainty_export/lib/python3.11/site-packages/numpy/core/_multiarray_tests.cpython-311-x86_64-linux-gnu.so
7fb1d27fe000-7fb1d27ff000 r--p 0001c000 00:1f8 163251150892              /mnt/primary/conda-envs/semantic_uncertainty_export/lib/python3.11/site-packages/numpy/core/_multiarray_tests.cpython-311-x86_64-linux-gnu.so
7fb1d27ff000-7fb1d2800000 rw-p 0001d000 00:1f8 163251150892              /mnt/primary/conda-envs/semantic_uncertainty_export/lib/python3.11/site-packages/numpy/core/_multiarray_tests.cpython-311-x86_64-linux-gnu.so
7fb1d2800000-7fb1d2801000 ---p 00000000 00:00 0 
7fb1d2801000-7fb1d3001000 rw-p 00000000 00:00 0 
7fb1d3001000-7fb1d3003000 r--p 00000000 00:1f8 45438459397               /mnt/primary/conda-envs/semantic_uncertainty_export/lib/python3.11/lib-dynload/grp.cpython-311-x86_64-linux-gnu.so
7fb1d3003000-7fb1d3004000 r-xp 00002000 00:1f8 45438459397               /mnt/primary/conda-envs/semantic_uncertainty_export/lib/python3.11/lib-dynload/grp.cpython-311-x86_64-linux-gnu.so
7fb1d3004000-7fb1d3005000 r--p 00003000 00:1f8 45438459397               /mnt/primary/conda-envs/semantic_uncertainty_export/lib/python3.11/lib-dynload/grp.cpython-311-x86_64-linux-gnu.so
7fb1d3005000-7fb1d3006000 r--p 00003000 00:1f8 45438459397               /mnt/primary/conda-envs/semantic_uncertainty_export/lib/python3.11/lib-dynload/grp.cpython-311-x86_64-linux-gnu.so
7fb1d3006000-7fb1d3007000 rw-p 00004000 00:1f8 45438459397               /mnt/primary/conda-envs/semantic_uncertainty_export/lib/python3.11/lib-dynload/grp.cpython-311-x86_64-linux-gnu.so
7fb1d3007000-7fb1d3107000 rw-p 00000000 00:00 0 
7fb1d3107000-7fb1d3128000 r--p 00000000 00:1f8 70923272721               /mnt/primary/conda-envs/semantic_uncertainty_export/lib/libomp.so
7fb1d3128000-7fb1d31c4000 r-xp 00021000 00:1f8 70923272721               /mnt/primary/conda-envs/semantic_uncertainty_export/lib/libomp.so
7fb1d31c4000-7fb1d31ee000 r--p 000bd000 00:1f8 70923272721               /mnt/primary/conda-envs/semantic_uncertainty_export/lib/libomp.so
7fb1d31ee000-7fb1d31ef000 ---p 000e7000 00:1f8 70923272721               /mnt/primary/conda-envs/semantic_uncertainty_export/lib/libomp.so
7fb1d31ef000-7fb1d31f0000 r--p 000e7000 00:1f8 70923272721               /mnt/primary/conda-envs/semantic_uncertainty_export/lib/libomp.so
7fb1d31f0000-7fb1d31f6000 rw-p 000e8000 00:1f8 70923272721               /mnt/primary/conda-envs/semantic_uncertainty_export/lib/libomp.so
7fb1d31f6000-7fb1d3200000 rw-p 00000000 00:00 0 
7fb1d3200000-7fb1d3201000 ---p 00000000 00:00 0 
7fb1d3201000-7fb1d3a01000 rw-p 00000000 00:00 0 
7fb1d3a01000-7fb1d3a02000 r--p 00000000 00:1f8 141832290861              /mnt/primary/conda-envs/semantic_uncertainty_export/lib/python3.11/site-packages/pandas/_libs/pandas_datetime.cpython-311-x86_64-linux-gnu.so
7fb1d3a02000-7fb1d3a07000 r-xp 00001000 00:1f8 141832290861              /mnt/primary/conda-envs/semantic_uncertainty_export/lib/python3.11/site-packages/pandas/_libs/pandas_datetime.cpython-311-x86_64-linux-gnu.so
7fb1d3a07000-7fb1d3a08000 r--p 00006000 00:1f8 141832290861              /mnt/primary/conda-envs/semantic_uncertainty_export/lib/python3.11/site-packages/pandas/_libs/pandas_datetime.cpython-311-x86_64-linux-gnu.so
7fb1d3a08000-7fb1d3a09000 r--p 00006000 00:1f8 141832290861              /mnt/primary/conda-envs/semantic_uncertainty_export/lib/python3.11/site-packages/pandas/_libs/pandas_datetime.cpython-311-x86_64-linux-gnu.so
7fb1d3a09000-7fb1d3a0a000 rw-p 00007000 00:1f8 141832290861              /mnt/primary/conda-envs/semantic_uncertainty_export/lib/python3.11/site-packages/pandas/_libs/pandas_datetime.cpython-311-x86_64-linux-gnu.so
7fb1d3a0a000-7fb1d3a0b000 r--p 00000000 00:1f8 116697732662              /mnt/primary/conda-envs/semantic_uncertainty_export/lib/python3.11/site-packages/numpy/fft/_pocketfft_internal.cpython-311-x86_64-linux-gnu.so
7fb1d3a0b000-7fb1d3a1a000 r-xp 00001000 00:1f8 116697732662              /mnt/primary/conda-envs/semantic_uncertainty_export/lib/python3.11/site-packages/numpy/fft/_pocketfft_internal.cpython-311-x86_64-linux-gnu.so
7fb1d3a1a000-7fb1d3a1c000 r--p 00010000 00:1f8 116697732662              /mnt/primary/conda-envs/semantic_uncertainty_export/lib/python3.11/site-packages/numpy/fft/_pocketfft_internal.cpython-311-x86_64-linux-gnu.so
7fb1d3a1c000-7fb1d3a1d000 r--p 00011000 00:1f8 116697732662              /mnt/primary/conda-envs/semantic_uncertainty_export/lib/python3.11/site-packages/numpy/fft/_pocketfft_internal.cpython-311-x86_64-linux-gnu.so
7fb1d3a1d000-7fb1d3a1e000 rw-p 00012000 00:1f8 116697732662              /mnt/primary/conda-envs/semantic_uncertainty_export/lib/python3.11/site-packages/numpy/fft/_pocketfft_internal.cpython-311-x86_64-linux-gnu.so
7fb1d3a1e000-7fb1d3a24000 r--p 00000000 00:1f8 21511827990               /mnt/primary/conda-envs/semantic_uncertainty_export/lib/python3.11/site-packages/mkl/_py_mkl_service.cpython-311-x86_64-linux-gnu.so
7fb1d3a24000-7fb1d3a33000 r-xp 00006000 00:1f8 21511827990               /mnt/primary/conda-envs/semantic_uncertainty_export/lib/python3.11/site-packages/mkl/_py_mkl_service.cpython-311-x86_64-linux-gnu.so
7fb1d3a33000-7fb1d3a36000 r--p 00015000 00:1f8 21511827990               /mnt/primary/conda-envs/semantic_uncertainty_export/lib/python3.11/site-packages/mkl/_py_mkl_service.cpython-311-x86_64-linux-gnu.so
7fb1d3a36000-7fb1d3a37000 ---p 00018000 00:1f8 21511827990               /mnt/primary/conda-envs/semantic_uncertainty_export/lib/python3.11/site-packages/mkl/_py_mkl_service.cpython-311-x86_64-linux-gnu.so
7fb1d3a37000-7fb1d3a38000 r--p 00018000 00:1f8 21511827990               /mnt/primary/conda-envs/semantic_uncertainty_export/lib/python3.11/site-packages/mkl/_py_mkl_service.cpython-311-x86_64-linux-gnu.so
7fb1d3a38000-7fb1d3a3c000 rw-p 00019000 00:1f8 21511827990               /mnt/primary/conda-envs/semantic_uncertainty_export/lib/python3.11/site-packages/mkl/_py_mkl_service.cpython-311-x86_64-linux-gnu.so
7fb1d3a3c000-7fb1d3a3d000 r--p 00000000 00:1f8 21511827989               /mnt/primary/conda-envs/semantic_uncertainty_export/lib/python3.11/site-packages/mkl/_mklinit.cpython-311-x86_64-linux-gnu.so
7fb1d3a3d000-7fb1d3a3e000 r-xp 00001000 00:1f8 21511827989               /mnt/primary/conda-envs/semantic_uncertainty_export/lib/python3.11/site-packages/mkl/_mklinit.cpython-311-x86_64-linux-gnu.so
7fb1d3a3e000-7fb1d3a3f000 r--p 00002000 00:1f8 21511827989               /mnt/primary/conda-envs/semantic_uncertainty_export/lib/python3.11/site-packages/mkl/_mklinit.cpython-311-x86_64-linux-gnu.so
7fb1d3a3f000-7fb1d3a40000 r--p 00002000 00:1f8 21511827989               /mnt/primary/conda-envs/semantic_uncertainty_export/lib/python3.11/site-packages/mkl/_mklinit.cpython-311-x86_64-linux-gnu.so
7fb1d3a40000-7fb1d3a41000 rw-p 00003000 00:1f8 21511827989               /mnt/primary/conda-envs/semantic_uncertainty_export/lib/python3.11/site-packages/mkl/_mklinit.cpython-311-x86_64-linux-gnu.so
7fb1d3a41000-7fb1d3a45000 rw-p 00000000 00:00 0 
7fb1d3a4d000-7fb1d3a55000 rw-p 00000000 00:00 0 
7fb1d3a5d000-7fb1d3e5d000 rw-p 00000000 00:00 0 
7fb1d3e5d000-7fb1d3e65000 r--p 00000000 00:1f8 172121170462              /mnt/primary/conda-envs/semantic_uncertainty_export/lib/python3.11/site-packages/debugpy/_vendored/pydevd/_pydevd_bundle/pydevd_cython.cpython-311-x86_64-linux-gnu.so
7fb1d3e65000-7fb1d3ee2000 r-xp 00008000 00:1f8 172121170462              /mnt/primary/conda-envs/semantic_uncertainty_export/lib/python3.11/site-packages/debugpy/_vendored/pydevd/_pydevd_bundle/pydevd_cython.cpython-311-x86_64-linux-gnu.so
7fb1d3ee2000-7fb1d3eeb000 r--p 00085000 00:1f8 172121170462              /mnt/primary/conda-envs/semantic_uncertainty_export/lib/python3.11/site-packages/debugpy/_vendored/pydevd/_pydevd_bundle/pydevd_cython.cpython-311-x86_64-linux-gnu.so
7fb1d3eeb000-7fb1d3eec000 r--p 0008d000 00:1f8 172121170462              /mnt/primary/conda-envs/semantic_uncertainty_export/lib/python3.11/site-packages/debugpy/_vendored/pydevd/_pydevd_bundle/pydevd_cython.cpython-311-x86_64-linux-gnu.so
7fb1d3eec000-7fb1d3ef2000 rw-p 0008e000 00:1f8 172121170462              /mnt/primary/conda-envs/semantic_uncertainty_export/lib/python3.11/site-packages/debugpy/_vendored/pydevd/_pydevd_bundle/pydevd_cython.cpython-311-x86_64-linux-gnu.so
7fb1d3ef2000-7fb1d40f3000 rw-p 00000000 00:00 0 
7fb1d40f3000-7fb1d40f9000 r--p 00000000 00:1f8 45438459402               /mnt/primary/conda-envs/semantic_uncertainty_export/lib/python3.11/lib-dynload/pyexpat.cpython-311-x86_64-linux-gnu.so
7fb1d40f9000-7fb1d4123000 r-xp 00006000 00:1f8 45438459402               /mnt/primary/conda-envs/semantic_uncertainty_export/lib/python3.11/lib-dynload/pyexpat.cpython-311-x86_64-linux-gnu.so
7fb1d4123000-7fb1d412f000 r--p 00030000 00:1f8 45438459402               /mnt/primary/conda-envs/semantic_uncertainty_export/lib/python3.11/lib-dynload/pyexpat.cpython-311-x86_64-linux-gnu.so
7fb1d412f000-7fb1d4132000 r--p 0003b000 00:1f8 45438459402               /mnt/primary/conda-envs/semantic_uncertainty_export/lib/python3.11/lib-dynload/pyexpat.cpython-311-x86_64-linux-gnu.so
7fb1d4132000-7fb1d4134000 rw-p 0003e000 00:1f8 45438459402               /mnt/primary/conda-envs/semantic_uncertainty_export/lib/python3.11/lib-dynload/pyexpat.cpython-311-x86_64-linux-gnu.so
7fb1d4134000-7fb1d4234000 rw-p 00000000 00:00 0 
7fb1d4234000-7fb1d4236000 r--p 00000000 00:1f8 58047289889               /mnt/primary/conda-envs/semantic_uncertainty_export/lib/python3.11/site-packages/psutil/_psutil_posix.abi3.so
7fb1d4236000-7fb1d4238000 r-xp 00002000 00:1f8 58047289889               /mnt/primary/conda-envs/semantic_uncertainty_export/lib/python3.11/site-packages/psutil/_psutil_posix.abi3.so
7fb1d4238000-7fb1d4239000 r--p 00004000 00:1f8 58047289889               /mnt/primary/conda-envs/semantic_uncertainty_export/lib/python3.11/site-packages/psutil/_psutil_posix.abi3.so
7fb1d4239000-7fb1d423a000 r--p 00004000 00:1f8 58047289889               /mnt/primary/conda-envs/semantic_uncertainty_export/lib/python3.11/site-packages/psutil/_psutil_posix.abi3.so
7fb1d423a000-7fb1d423b000 rw-p 00005000 00:1f8 58047289889               /mnt/primary/conda-envs/semantic_uncertainty_export/lib/python3.11/site-packages/psutil/_psutil_posix.abi3.so
7fb1d423b000-7fb1d423d000 r--p 00000000 00:1f8 58047289890               /mnt/primary/conda-envs/semantic_uncertainty_export/lib/python3.11/site-packages/psutil/_psutil_linux.abi3.so
7fb1d423d000-7fb1d4240000 r-xp 00002000 00:1f8 58047289890               /mnt/primary/conda-envs/semantic_uncertainty_export/lib/python3.11/site-packages/psutil/_psutil_linux.abi3.so
7fb1d4240000-7fb1d4241000 r--p 00005000 00:1f8 58047289890               /mnt/primary/conda-envs/semantic_uncertainty_export/lib/python3.11/site-packages/psutil/_psutil_linux.abi3.so
7fb1d4241000-7fb1d4242000 r--p 00005000 00:1f8 58047289890               /mnt/primary/conda-envs/semantic_uncertainty_export/lib/python3.11/site-packages/psutil/_psutil_linux.abi3.so
7fb1d4242000-7fb1d4243000 rw-p 00006000 00:1f8 58047289890               /mnt/primary/conda-envs/semantic_uncertainty_export/lib/python3.11/site-packages/psutil/_psutil_linux.abi3.so
7fb1d4243000-7fb1d4343000 rw-p 00000000 00:00 0 
7fb1d4343000-7fb1d4345000 r--p 00000000 00:1f8 45438356000               /mnt/primary/conda-envs/semantic_uncertainty_export/lib/python3.11/lib-dynload/_lsprof.cpython-311-x86_64-linux-gnu.so
7fb1d4345000-7fb1d4347000 r-xp 00002000 00:1f8 45438356000               /mnt/primary/conda-envs/semantic_uncertainty_export/lib/python3.11/lib-dynload/_lsprof.cpython-311-x86_64-linux-gnu.so
7fb1d4347000-7fb1d4348000 r--p 00004000 00:1f8 45438356000               /mnt/primary/conda-envs/semantic_uncertainty_export/lib/python3.11/lib-dynload/_lsprof.cpython-311-x86_64-linux-gnu.so
7fb1d4348000-7fb1d4349000 ---p 00005000 00:1f8 45438356000               /mnt/primary/conda-envs/semantic_uncertainty_export/lib/python3.11/lib-dynload/_lsprof.cpython-311-x86_64-linux-gnu.so
7fb1d4349000-7fb1d434a000 r--p 00005000 00:1f8 45438356000               /mnt/primary/conda-envs/semantic_uncertainty_export/lib/python3.11/lib-dynload/_lsprof.cpython-311-x86_64-linux-gnu.so
7fb1d434a000-7fb1d434b000 rw-p 00006000 00:1f8 45438356000               /mnt/primary/conda-envs/semantic_uncertainty_export/lib/python3.11/lib-dynload/_lsprof.cpython-311-x86_64-linux-gnu.so
7fb1d434b000-7fb1d474b000 rw-p 00000000 00:00 0 
7fb1d474b000-7fb1d474e000 r--p 00000000 00:1f8 45438459409               /mnt/primary/conda-envs/semantic_uncertainty_export/lib/python3.11/lib-dynload/unicodedata.cpython-311-x86_64-linux-gnu.so
7fb1d474e000-7fb1d4752000 r-xp 00003000 00:1f8 45438459409               /mnt/primary/conda-envs/semantic_uncertainty_export/lib/python3.11/lib-dynload/unicodedata.cpython-311-x86_64-linux-gnu.so
7fb1d4752000-7fb1d485e000 r--p 00007000 00:1f8 45438459409               /mnt/primary/conda-envs/semantic_uncertainty_export/lib/python3.11/lib-dynload/unicodedata.cpython-311-x86_64-linux-gnu.so
7fb1d485e000-7fb1d485f000 ---p 00113000 00:1f8 45438459409               /mnt/primary/conda-envs/semantic_uncertainty_export/lib/python3.11/lib-dynload/unicodedata.cpython-311-x86_64-linux-gnu.so
7fb1d485f000-7fb1d4860000 r--p 00113000 00:1f8 45438459409               /mnt/primary/conda-envs/semantic_uncertainty_export/lib/python3.11/lib-dynload/unicodedata.cpython-311-x86_64-linux-gnu.so
7fb1d4860000-7fb1d4861000 rw-p 00114000 00:1f8 45438459409               /mnt/primary/conda-envs/semantic_uncertainty_export/lib/python3.11/lib-dynload/unicodedata.cpython-311-x86_64-linux-gnu.so
7fb1d4861000-7fb1d4c61000 rw-p 00000000 00:00 0 
7fb1d4c61000-7fb1d4c73000 r--p 00000000 00:1f8 70925084698               /mnt/primary/conda-envs/semantic_uncertainty_export/lib/libsqlite3.so.0.8.6
7fb1d4c73000-7fb1d4d73000 r-xp 00012000 00:1f8 70925084698               /mnt/primary/conda-envs/semantic_uncertainty_export/lib/libsqlite3.so.0.8.6
7fb1d4d73000-7fb1d4da7000 r--p 00112000 00:1f8 70925084698               /mnt/primary/conda-envs/semantic_uncertainty_export/lib/libsqlite3.so.0.8.6
7fb1d4da7000-7fb1d4da8000 ---p 00146000 00:1f8 70925084698               /mnt/primary/conda-envs/semantic_uncertainty_export/lib/libsqlite3.so.0.8.6
7fb1d4da8000-7fb1d4dac000 r--p 00146000 00:1f8 70925084698               /mnt/primary/conda-envs/semantic_uncertainty_export/lib/libsqlite3.so.0.8.6
7fb1d4dac000-7fb1d4db0000 rw-p 0014a000 00:1f8 70925084698               /mnt/primary/conda-envs/semantic_uncertainty_export/lib/libsqlite3.so.0.8.6
7fb1d4db0000-7fb1d4db8000 r--p 00000000 00:1f8 45438356016               /mnt/primary/conda-envs/semantic_uncertainty_export/lib/python3.11/lib-dynload/_sqlite3.cpython-311-x86_64-linux-gnu.so
7fb1d4db8000-7fb1d4dc6000 r-xp 00008000 00:1f8 45438356016               /mnt/primary/conda-envs/semantic_uncertainty_export/lib/python3.11/lib-dynload/_sqlite3.cpython-311-x86_64-linux-gnu.so
7fb1d4dc6000-7fb1d4dcd000 r--p 00016000 00:1f8 45438356016               /mnt/primary/conda-envs/semantic_uncertainty_export/lib/python3.11/lib-dynload/_sqlite3.cpython-311-x86_64-linux-gnu.so
7fb1d4dcd000-7fb1d4dcf000 r--p 0001c000 00:1f8 45438356016               /mnt/primary/conda-envs/semantic_uncertainty_export/lib/python3.11/lib-dynload/_sqlite3.cpython-311-x86_64-linux-gnu.so
7fb1d4dcf000-7fb1d4dd1000 rw-p 0001e000 00:1f8 45438356016               /mnt/primary/conda-envs/semantic_uncertainty_export/lib/python3.11/lib-dynload/_sqlite3.cpython-311-x86_64-linux-gnu.so
7fb1d4dd1000-7fb1d50d1000 rw-p 00000000 00:00 0 
7fb1d50d1000-7fb1d50d3000 r--p 00000000 00:1f8 45438459404               /mnt/primary/conda-envs/semantic_uncertainty_export/lib/python3.11/lib-dynload/resource.cpython-311-x86_64-linux-gnu.so
7fb1d50d3000-7fb1d50d4000 r-xp 00002000 00:1f8 45438459404               /mnt/primary/conda-envs/semantic_uncertainty_export/lib/python3.11/lib-dynload/resource.cpython-311-x86_64-linux-gnu.so
7fb1d50d4000-7fb1d50d5000 r--p 00003000 00:1f8 45438459404               /mnt/primary/conda-envs/semantic_uncertainty_export/lib/python3.11/lib-dynload/resource.cpython-311-x86_64-linux-gnu.so
7fb1d50d5000-7fb1d50d6000 r--p 00003000 00:1f8 45438459404               /mnt/primary/conda-envs/semantic_uncertainty_export/lib/python3.11/lib-dynload/resource.cpython-311-x86_64-linux-gnu.so
7fb1d50d6000-7fb1d50d7000 rw-p 00004000 00:1f8 45438459404               /mnt/primary/conda-envs/semantic_uncertainty_export/lib/python3.11/lib-dynload/resource.cpython-311-x86_64-linux-gnu.so
7fb1d50d7000-7fb1d53d7000 rw-p 00000000 00:00 0 
7fb1d53d7000-7fb1d53da000 r--p 00000000 00:1f8 45438355989               /mnt/primary/conda-envs/semantic_uncertainty_export/lib/python3.11/lib-dynload/_csv.cpython-311-x86_64-linux-gnu.so
7fb1d53da000-7fb1d53df000 r-xp 00003000 00:1f8 45438355989               /mnt/primary/conda-envs/semantic_uncertainty_export/lib/python3.11/lib-dynload/_csv.cpython-311-x86_64-linux-gnu.so
7fb1d53df000-7fb1d53e2000 r--p 00008000 00:1f8 45438355989               /mnt/primary/conda-envs/semantic_uncertainty_export/lib/python3.11/lib-dynload/_csv.cpython-311-x86_64-linux-gnu.so
7fb1d53e2000-7fb1d53e3000 r--p 0000a000 00:1f8 45438355989               /mnt/primary/conda-envs/semantic_uncertainty_export/lib/python3.11/lib-dynload/_csv.cpython-311-x86_64-linux-gnu.so
7fb1d53e3000-7fb1d53e4000 rw-p 0000b000 00:1f8 45438355989               /mnt/primary/conda-envs/semantic_uncertainty_export/lib/python3.11/lib-dynload/_csv.cpython-311-x86_64-linux-gnu.so
7fb1d53e4000-7fb1d53e6000 r--p 00000000 00:1f8 70896380929               /mnt/primary/conda-envs/semantic_uncertainty_export/lib/libuuid.so.1.3.0
7fb1d53e6000-7fb1d53ea000 r-xp 00002000 00:1f8 70896380929               /mnt/primary/conda-envs/semantic_uncertainty_export/lib/libuuid.so.1.3.0
7fb1d53ea000-7fb1d53eb000 r--p 00006000 00:1f8 70896380929               /mnt/primary/conda-envs/semantic_uncertainty_export/lib/libuuid.so.1.3.0
7fb1d53eb000-7fb1d53ec000 r--p 00006000 00:1f8 70896380929               /mnt/primary/conda-envs/semantic_uncertainty_export/lib/libuuid.so.1.3.0
7fb1d53ec000-7fb1d53ed000 rw-p 00007000 00:1f8 70896380929               /mnt/primary/conda-envs/semantic_uncertainty_export/lib/libuuid.so.1.3.0
7fb1d53ed000-7fb1d53ee000 r--p 00000000 00:1f8 45438356028               /mnt/primary/conda-envs/semantic_uncertainty_export/lib/python3.11/lib-dynload/_uuid.cpython-311-x86_64-linux-gnu.so
7fb1d53ee000-7fb1d53ef000 r-xp 00001000 00:1f8 45438356028               /mnt/primary/conda-envs/semantic_uncertainty_export/lib/python3.11/lib-dynload/_uuid.cpython-311-x86_64-linux-gnu.so
7fb1d53ef000-7fb1d53f0000 r--p 00002000 00:1f8 45438356028               /mnt/primary/conda-envs/semantic_uncertainty_export/lib/python3.11/lib-dynload/_uuid.cpython-311-x86_64-linux-gnu.so
7fb1d53f0000-7fb1d53f1000 r--p 00002000 00:1f8 45438356028               /mnt/primary/conda-envs/semantic_uncertainty_export/lib/python3.11/lib-dynload/_uuid.cpython-311-x86_64-linux-gnu.so
7fb1d53f1000-7fb1d53f2000 rw-p 00003000 00:1f8 45438356028               /mnt/primary/conda-envs/semantic_uncertainty_export/lib/python3.11/lib-dynload/_uuid.cpython-311-x86_64-linux-gnu.so
7fb1d53f2000-7fb1d53f6000 r--p 00000000 00:1f8 70898552890               /mnt/primary/conda-envs/semantic_uncertainty_export/lib/liblzma.so.5.4.2
7fb1d53f6000-7fb1d5413000 r-xp 00004000 00:1f8 70898552890               /mnt/primary/conda-envs/semantic_uncertainty_export/lib/liblzma.so.5.4.2
7fb1d5413000-7fb1d541f000 r--p 00021000 00:1f8 70898552890               /mnt/primary/conda-envs/semantic_uncertainty_export/lib/liblzma.so.5.4.2
7fb1d541f000-7fb1d5420000 ---p 0002d000 00:1f8 70898552890               /mnt/primary/conda-envs/semantic_uncertainty_export/lib/liblzma.so.5.4.2
7fb1d5420000-7fb1d5421000 r--p 0002d000 00:1f8 70898552890               /mnt/primary/conda-envs/semantic_uncertainty_export/lib/liblzma.so.5.4.2
7fb1d5421000-7fb1d5422000 rw-p 0002e000 00:1f8 70898552890               /mnt/primary/conda-envs/semantic_uncertainty_export/lib/liblzma.so.5.4.2
7fb1d5422000-7fb1d5425000 r--p 00000000 00:1f8 45438356001               /mnt/primary/conda-envs/semantic_uncertainty_export/lib/python3.11/lib-dynload/_lzma.cpython-311-x86_64-linux-gnu.so
7fb1d5425000-7fb1d5429000 r-xp 00003000 00:1f8 45438356001               /mnt/primary/conda-envs/semantic_uncertainty_export/lib/python3.11/lib-dynload/_lzma.cpython-311-x86_64-linux-gnu.so
7fb1d5429000-7fb1d542c000 r--p 00007000 00:1f8 45438356001               /mnt/primary/conda-envs/semantic_uncertainty_export/lib/python3.11/lib-dynload/_lzma.cpython-311-x86_64-linux-gnu.so
7fb1d542c000-7fb1d542d000 r--p 00009000 00:1f8 45438356001               /mnt/primary/conda-envs/semantic_uncertainty_export/lib/python3.11/lib-dynload/_lzma.cpython-311-x86_64-linux-gnu.so
7fb1d542d000-7fb1d542e000 rw-p 0000a000 00:1f8 45438356001               /mnt/primary/conda-envs/semantic_uncertainty_export/lib/python3.11/lib-dynload/_lzma.cpython-311-x86_64-linux-gnu.so
7fb1d542e000-7fb1d5430000 r--p 00000000 00:1f8 70898522648               /mnt/primary/conda-envs/semantic_uncertainty_export/lib/libbz2.so.1.0.8
7fb1d5430000-7fb1d543e000 r-xp 00002000 00:1f8 70898522648               /mnt/primary/conda-envs/semantic_uncertainty_export/lib/libbz2.so.1.0.8
7fb1d543e000-7fb1d5440000 r--p 00010000 00:1f8 70898522648               /mnt/primary/conda-envs/semantic_uncertainty_export/lib/libbz2.so.1.0.8
7fb1d5440000-7fb1d5441000 r--p 00011000 00:1f8 70898522648               /mnt/primary/conda-envs/semantic_uncertainty_export/lib/libbz2.so.1.0.8
7fb1d5441000-7fb1d5442000 rw-p 00012000 00:1f8 70898522648               /mnt/primary/conda-envs/semantic_uncertainty_export/lib/libbz2.so.1.0.8
7fb1d5442000-7fb1d5444000 r--p 00000000 00:1f8 45438355980               /mnt/primary/conda-envs/semantic_uncertainty_export/lib/python3.11/lib-dynload/_bz2.cpython-311-x86_64-linux-gnu.so
7fb1d5444000-7fb1d5446000 r-xp 00002000 00:1f8 45438355980               /mnt/primary/conda-envs/semantic_uncertainty_export/lib/python3.11/lib-dynload/_bz2.cpython-311-x86_64-linux-gnu.so
7fb1d5446000-7fb1d5448000 r--p 00004000 00:1f8 45438355980               /mnt/primary/conda-envs/semantic_uncertainty_export/lib/python3.11/lib-dynload/_bz2.cpython-311-x86_64-linux-gnu.so
7fb1d5448000-7fb1d5449000 r--p 00005000 00:1f8 45438355980               /mnt/primary/conda-envs/semantic_uncertainty_export/lib/python3.11/lib-dynload/_bz2.cpython-311-x86_64-linux-gnu.so
7fb1d5449000-7fb1d544a000 rw-p 00006000 00:1f8 45438355980               /mnt/primary/conda-envs/semantic_uncertainty_export/lib/python3.11/lib-dynload/_bz2.cpython-311-x86_64-linux-gnu.so
7fb1d544a000-7fb1d554a000 rw-p 00000000 00:00 0 
7fb1d554a000-7fb1d554d000 r--p 00000000 00:1f8 45438459408               /mnt/primary/conda-envs/semantic_uncertainty_export/lib/python3.11/lib-dynload/termios.cpython-311-x86_64-linux-gnu.so
7fb1d554d000-7fb1d554e000 r-xp 00003000 00:1f8 45438459408               /mnt/primary/conda-envs/semantic_uncertainty_export/lib/python3.11/lib-dynload/termios.cpython-311-x86_64-linux-gnu.so
7fb1d554e000-7fb1d5550000 r--p 00004000 00:1f8 45438459408               /mnt/primary/conda-envs/semantic_uncertainty_export/lib/python3.11/lib-dynload/termios.cpython-311-x86_64-linux-gnu.so
7fb1d5550000-7fb1d5551000 r--p 00005000 00:1f8 45438459408               /mnt/primary/conda-envs/semantic_uncertainty_export/lib/python3.11/lib-dynload/termios.cpython-311-x86_64-linux-gnu.so
7fb1d5551000-7fb1d5553000 rw-p 00006000 00:1f8 45438459408               /mnt/primary/conda-envs/semantic_uncertainty_export/lib/python3.11/lib-dynload/termios.cpython-311-x86_64-linux-gnu.so
7fb1d5553000-7fb1d555a000 r--p 00000000 00:1f8 45438355995               /mnt/primary/conda-envs/semantic_uncertainty_export/lib/python3.11/lib-dynload/_decimal.cpython-311-x86_64-linux-gnu.so
7fb1d555a000-7fb1d558b000 r-xp 00007000 00:1f8 45438355995               /mnt/primary/conda-envs/semantic_uncertainty_export/lib/python3.11/lib-dynload/_decimal.cpython-311-x86_64-linux-gnu.so
7fb1d558b000-7fb1d559b000 r--p 00038000 00:1f8 45438355995               /mnt/primary/conda-envs/semantic_uncertainty_export/lib/python3.11/lib-dynload/_decimal.cpython-311-x86_64-linux-gnu.so
7fb1d559b000-7fb1d559c000 ---p 00048000 00:1f8 45438355995               /mnt/primary/conda-envs/semantic_uncertainty_export/lib/python3.11/lib-dynload/_decimal.cpython-311-x86_64-linux-gnu.so
7fb1d559c000-7fb1d559d000 r--p 00048000 00:1f8 45438355995               /mnt/primary/conda-envs/semantic_uncertainty_export/lib/python3.11/lib-dynload/_decimal.cpython-311-x86_64-linux-gnu.so
7fb1d559d000-7fb1d55a0000 rw-p 00049000 00:1f8 45438355995               /mnt/primary/conda-envs/semantic_uncertainty_export/lib/python3.11/lib-dynload/_decimal.cpython-311-x86_64-linux-gnu.so
7fb1d55a0000-7fb1d56a0000 rw-p 00000000 00:00 0 
7fb1d56a0000-7fb1d56b0000 r--p 00000000 00:1f8 49723531811               /mnt/primary/conda-envs/semantic_uncertainty_export/lib/libtinfow.so.6.4
7fb1d56b0000-7fb1d56cc000 r-xp 00010000 00:1f8 49723531811               /mnt/primary/conda-envs/semantic_uncertainty_export/lib/libtinfow.so.6.4
7fb1d56cc000-7fb1d56dd000 r--p 0002c000 00:1f8 49723531811               /mnt/primary/conda-envs/semantic_uncertainty_export/lib/libtinfow.so.6.4
7fb1d56dd000-7fb1d56e1000 r--p 0003c000 00:1f8 49723531811               /mnt/primary/conda-envs/semantic_uncertainty_export/lib/libtinfow.so.6.4
7fb1d56e1000-7fb1d56e2000 rw-p 00040000 00:1f8 49723531811               /mnt/primary/conda-envs/semantic_uncertainty_export/lib/libtinfow.so.6.4
7fb1d56e2000-7fb1d56ee000 r--p 00000000 00:1f8 70896380956               /mnt/primary/conda-envs/semantic_uncertainty_export/lib/libncursesw.so.6.4
7fb1d56ee000-7fb1d5713000 r-xp 0000c000 00:1f8 70896380956               /mnt/primary/conda-envs/semantic_uncertainty_export/lib/libncursesw.so.6.4
7fb1d5713000-7fb1d571c000 r--p 00031000 00:1f8 70896380956               /mnt/primary/conda-envs/semantic_uncertainty_export/lib/libncursesw.so.6.4
7fb1d571c000-7fb1d571d000 r--p 00039000 00:1f8 70896380956               /mnt/primary/conda-envs/semantic_uncertainty_export/lib/libncursesw.so.6.4
7fb1d571d000-7fb1d571e000 rw-p 0003a000 00:1f8 70896380956               /mnt/primary/conda-envs/semantic_uncertainty_export/lib/libncursesw.so.6.4
7fb1d571e000-7fb1d5726000 r--p 00000000 00:1f8 45438355992               /mnt/primary/conda-envs/semantic_uncertainty_export/lib/python3.11/lib-dynload/_curses.cpython-311-x86_64-linux-gnu.so
7fb1d5726000-7fb1d5733000 r-xp 00008000 00:1f8 45438355992               /mnt/primary/conda-envs/semantic_uncertainty_export/lib/python3.11/lib-dynload/_curses.cpython-311-x86_64-linux-gnu.so
7fb1d5733000-7fb1d573e000 r--p 00015000 00:1f8 45438355992               /mnt/primary/conda-envs/semantic_uncertainty_export/lib/python3.11/lib-dynload/_curses.cpython-311-x86_64-linux-gnu.so
7fb1d573e000-7fb1d573f000 r--p 0001f000 00:1f8 45438355992               /mnt/primary/conda-envs/semantic_uncertainty_export/lib/python3.11/lib-dynload/_curses.cpython-311-x86_64-linux-gnu.so
7fb1d573f000-7fb1d5741000 rw-p 00020000 00:1f8 45438355992               /mnt/primary/conda-envs/semantic_uncertainty_export/lib/python3.11/lib-dynload/_curses.cpython-311-x86_64-linux-gnu.so
7fb1d5741000-7fb1d5742000 r--p 00000000 00:1f8 68749703213               /mnt/primary/conda-envs/semantic_uncertainty_export/lib/python3.11/site-packages/tornado/speedups.abi3.so
7fb1d5742000-7fb1d5743000 r-xp 00001000 00:1f8 68749703213               /mnt/primary/conda-envs/semantic_uncertainty_export/lib/python3.11/site-packages/tornado/speedups.abi3.so
7fb1d5743000-7fb1d5744000 r--p 00002000 00:1f8 68749703213               /mnt/primary/conda-envs/semantic_uncertainty_export/lib/python3.11/site-packages/tornado/speedups.abi3.so
7fb1d5744000-7fb1d5745000 r--p 00002000 00:1f8 68749703213               /mnt/primary/conda-envs/semantic_uncertainty_export/lib/python3.11/site-packages/tornado/speedups.abi3.so
7fb1d5745000-7fb1d5746000 rw-p 00003000 00:1f8 68749703213               /mnt/primary/conda-envs/semantic_uncertainty_export/lib/python3.11/site-packages/tornado/speedups.abi3.so
7fb1d5746000-7fb1d5749000 r--p 00000000 00:1f8 45438459412               /mnt/primary/conda-envs/semantic_uncertainty_export/lib/python3.11/lib-dynload/zlib.cpython-311-x86_64-linux-gnu.so
7fb1d5749000-7fb1d574d000 r-xp 00003000 00:1f8 45438459412               /mnt/primary/conda-envs/semantic_uncertainty_export/lib/python3.11/lib-dynload/zlib.cpython-311-x86_64-linux-gnu.so
7fb1d574d000-7fb1d5750000 r--p 00007000 00:1f8 45438459412               /mnt/primary/conda-envs/semantic_uncertainty_export/lib/python3.11/lib-dynload/zlib.cpython-311-x86_64-linux-gnu.so
7fb1d5750000-7fb1d5751000 r--p 00009000 00:1f8 45438459412               /mnt/primary/conda-envs/semantic_uncertainty_export/lib/python3.11/lib-dynload/zlib.cpython-311-x86_64-linux-gnu.so
7fb1d5751000-7fb1d5752000 rw-p 0000a000 00:1f8 45438459412               /mnt/primary/conda-envs/semantic_uncertainty_export/lib/python3.11/lib-dynload/zlib.cpython-311-x86_64-linux-gnu.so
7fb1d5752000-7fb1d5852000 rw-p 00000000 00:00 0 
7fb1d5852000-7fb1d5857000 r--p 00000000 00:1f8 45438355994               /mnt/primary/conda-envs/semantic_uncertainty_export/lib/python3.11/lib-dynload/_datetime.cpython-311-x86_64-linux-gnu.so
7fb1d5857000-7fb1d5868000 r-xp 00005000 00:1f8 45438355994               /mnt/primary/conda-envs/semantic_uncertainty_export/lib/python3.11/lib-dynload/_datetime.cpython-311-x86_64-linux-gnu.so
7fb1d5868000-7fb1d586e000 r--p 00016000 00:1f8 45438355994               /mnt/primary/conda-envs/semantic_uncertainty_export/lib/python3.11/lib-dynload/_datetime.cpython-311-x86_64-linux-gnu.so
7fb1d586e000-7fb1d586f000 r--p 0001b000 00:1f8 45438355994               /mnt/primary/conda-envs/semantic_uncertainty_export/lib/python3.11/lib-dynload/_datetime.cpython-311-x86_64-linux-gnu.so
7fb1d586f000-7fb1d5871000 rw-p 0001c000 00:1f8 45438355994               /mnt/primary/conda-envs/semantic_uncertainty_export/lib/python3.11/lib-dynload/_datetime.cpython-311-x86_64-linux-gnu.so
7fb1d5871000-7fb1d5873000 r--p 00000000 00:1f8 45438355979               /mnt/primary/conda-envs/semantic_uncertainty_export/lib/python3.11/lib-dynload/_blake2.cpython-311-x86_64-linux-gnu.so
7fb1d5873000-7fb1d587b000 r-xp 00002000 00:1f8 45438355979               /mnt/primary/conda-envs/semantic_uncertainty_export/lib/python3.11/lib-dynload/_blake2.cpython-311-x86_64-linux-gnu.so
7fb1d587b000-7fb1d587d000 r--p 0000a000 00:1f8 45438355979               /mnt/primary/conda-envs/semantic_uncertainty_export/lib/python3.11/lib-dynload/_blake2.cpython-311-x86_64-linux-gnu.so
7fb1d587d000-7fb1d587e000 r--p 0000b000 00:1f8 45438355979               /mnt/primary/conda-envs/semantic_uncertainty_export/lib/python3.11/lib-dynload/_blake2.cpython-311-x86_64-linux-gnu.so
7fb1d587e000-7fb1d587f000 rw-p 0000c000 00:1f8 45438355979               /mnt/primary/conda-envs/semantic_uncertainty_export/lib/python3.11/lib-dynload/_blake2.cpython-311-x86_64-linux-gnu.so
7fb1d587f000-7fb1d5883000 r--p 00000000 00:1f8 45438355997               /mnt/primary/conda-envs/semantic_uncertainty_export/lib/python3.11/lib-dynload/_hashlib.cpython-311-x86_64-linux-gnu.so
7fb1d5883000-7fb1d5889000 r-xp 00004000 00:1f8 45438355997               /mnt/primary/conda-envs/semantic_uncertainty_export/lib/python3.11/lib-dynload/_hashlib.cpython-311-x86_64-linux-gnu.so
7fb1d5889000-7fb1d588d000 r--p 0000a000 00:1f8 45438355997               /mnt/primary/conda-envs/semantic_uncertainty_export/lib/python3.11/lib-dynload/_hashlib.cpython-311-x86_64-linux-gnu.so
7fb1d588d000-7fb1d588e000 ---p 0000e000 00:1f8 45438355997               /mnt/primary/conda-envs/semantic_uncertainty_export/lib/python3.11/lib-dynload/_hashlib.cpython-311-x86_64-linux-gnu.so
7fb1d588e000-7fb1d588f000 r--p 0000e000 00:1f8 45438355997               /mnt/primary/conda-envs/semantic_uncertainty_export/lib/python3.11/lib-dynload/_hashlib.cpython-311-x86_64-linux-gnu.so
7fb1d588f000-7fb1d5890000 rw-p 0000f000 00:1f8 45438355997               /mnt/primary/conda-envs/semantic_uncertainty_export/lib/python3.11/lib-dynload/_hashlib.cpython-311-x86_64-linux-gnu.so
7fb1d5890000-7fb1d5892000 r--p 00000000 00:1f8 45438356009               /mnt/primary/conda-envs/semantic_uncertainty_export/lib/python3.11/lib-dynload/_queue.cpython-311-x86_64-linux-gnu.so
7fb1d5892000-7fb1d5893000 r-xp 00002000 00:1f8 45438356009               /mnt/primary/conda-envs/semantic_uncertainty_export/lib/python3.11/lib-dynload/_queue.cpython-311-x86_64-linux-gnu.so
7fb1d5893000-7fb1d5894000 r--p 00003000 00:1f8 45438356009               /mnt/primary/conda-envs/semantic_uncertainty_export/lib/python3.11/lib-dynload/_queue.cpython-311-x86_64-linux-gnu.so
7fb1d5894000-7fb1d5895000 r--p 00003000 00:1f8 45438356009               /mnt/primary/conda-envs/semantic_uncertainty_export/lib/python3.11/lib-dynload/_queue.cpython-311-x86_64-linux-gnu.so
7fb1d5895000-7fb1d5896000 rw-p 00004000 00:1f8 45438356009               /mnt/primary/conda-envs/semantic_uncertainty_export/lib/python3.11/lib-dynload/_queue.cpython-311-x86_64-linux-gnu.so
7fb1d5896000-7fb1d5a96000 rw-p 00000000 00:00 0 
7fb1d5a96000-7fb1d5a9b000 r--p 00000000 00:1f8 45438355977               /mnt/primary/conda-envs/semantic_uncertainty_export/lib/python3.11/lib-dynload/_asyncio.cpython-311-x86_64-linux-gnu.so
7fb1d5a9b000-7fb1d5aa0000 r-xp 00005000 00:1f8 45438355977               /mnt/primary/conda-envs/semantic_uncertainty_export/lib/python3.11/lib-dynload/_asyncio.cpython-311-x86_64-linux-gnu.so
7fb1d5aa0000-7fb1d5aa4000 r--p 0000a000 00:1f8 45438355977               /mnt/primary/conda-envs/semantic_uncertainty_export/lib/python3.11/lib-dynload/_asyncio.cpython-311-x86_64-linux-gnu.so
7fb1d5aa4000-7fb1d5aa5000 r--p 0000d000 00:1f8 45438355977               /mnt/primary/conda-envs/semantic_uncertainty_export/lib/python3.11/lib-dynload/_asyncio.cpython-311-x86_64-linux-gnu.so
7fb1d5aa5000-7fb1d5aa7000 rw-p 0000e000 00:1f8 45438355977               /mnt/primary/conda-envs/semantic_uncertainty_export/lib/python3.11/lib-dynload/_asyncio.cpython-311-x86_64-linux-gnu.so
7fb1d5aa7000-7fb1d5aa8000 r--p 00000000 00:1f8 45438355987               /mnt/primary/conda-envs/semantic_uncertainty_export/lib/python3.11/lib-dynload/_contextvars.cpython-311-x86_64-linux-gnu.so
7fb1d5aa8000-7fb1d5aa9000 r-xp 00001000 00:1f8 45438355987               /mnt/primary/conda-envs/semantic_uncertainty_export/lib/python3.11/lib-dynload/_contextvars.cpython-311-x86_64-linux-gnu.so
7fb1d5aa9000-7fb1d5aaa000 r--p 00002000 00:1f8 45438355987               /mnt/primary/conda-envs/semantic_uncertainty_export/lib/python3.11/lib-dynload/_contextvars.cpython-311-x86_64-linux-gnu.so
7fb1d5aaa000-7fb1d5aab000 r--p 00002000 00:1f8 45438355987               /mnt/primary/conda-envs/semantic_uncertainty_export/lib/python3.11/lib-dynload/_contextvars.cpython-311-x86_64-linux-gnu.so
7fb1d5aab000-7fb1d5aac000 rw-p 00003000 00:1f8 45438355987               /mnt/primary/conda-envs/semantic_uncertainty_export/lib/python3.11/lib-dynload/_contextvars.cpython-311-x86_64-linux-gnu.so
7fb1d5aac000-7fb1d5aad000 r--p 00000000 00:1f8 45438356005               /mnt/primary/conda-envs/semantic_uncertainty_export/lib/python3.11/lib-dynload/_opcode.cpython-311-x86_64-linux-gnu.so
7fb1d5aad000-7fb1d5aae000 r-xp 00001000 00:1f8 45438356005               /mnt/primary/conda-envs/semantic_uncertainty_export/lib/python3.11/lib-dynload/_opcode.cpython-311-x86_64-linux-gnu.so
7fb1d5aae000-7fb1d5aaf000 r--p 00002000 00:1f8 45438356005               /mnt/primary/conda-envs/semantic_uncertainty_export/lib/python3.11/lib-dynload/_opcode.cpython-311-x86_64-linux-gnu.so
7fb1d5aaf000-7fb1d5ab0000 r--p 00002000 00:1f8 45438356005               /mnt/primary/conda-envs/semantic_uncertainty_export/lib/python3.11/lib-dynload/_opcode.cpython-311-x86_64-linux-gnu.so
7fb1d5ab0000-7fb1d5ab1000 rw-p 00003000 00:1f8 45438356005               /mnt/primary/conda-envs/semantic_uncertainty_export/lib/python3.11/lib-dynload/_opcode.cpython-311-x86_64-linux-gnu.so
7fb1d5ab1000-7fb1d5ab4000 r--p 00000000 00:1f8 70922420738               /mnt/primary/conda-envs/semantic_uncertainty_export/lib/libz.so.1.2.13
7fb1d5ab4000-7fb1d5ac6000 r-xp 00003000 00:1f8 70922420738               /mnt/primary/conda-envs/semantic_uncertainty_export/lib/libz.so.1.2.13
7fb1d5ac6000-7fb1d5acd000 r--p 00015000 00:1f8 70922420738               /mnt/primary/conda-envs/semantic_uncertainty_export/lib/libz.so.1.2.13
7fb1d5acd000-7fb1d5ace000 r--p 0001b000 00:1f8 70922420738               /mnt/primary/conda-envs/semantic_uncertainty_export/lib/libz.so.1.2.13
7fb1d5ace000-7fb1d5acf000 rw-p 0001c000 00:1f8 70922420738               /mnt/primary/conda-envs/semantic_uncertainty_export/lib/libz.so.1.2.13
7fb1d5acf000-7fb1d5ad1000 r--p 00000000 00:1f8 45438459394               /mnt/primary/conda-envs/semantic_uncertainty_export/lib/python3.11/lib-dynload/binascii.cpython-311-x86_64-linux-gnu.so
7fb1d5ad1000-7fb1d5ad5000 r-xp 00002000 00:1f8 45438459394               /mnt/primary/conda-envs/semantic_uncertainty_export/lib/python3.11/lib-dynload/binascii.cpython-311-x86_64-linux-gnu.so
7fb1d5ad5000-7fb1d5ad7000 r--p 00006000 00:1f8 45438459394               /mnt/primary/conda-envs/semantic_uncertainty_export/lib/python3.11/lib-dynload/binascii.cpython-311-x86_64-linux-gnu.so
7fb1d5ad7000-7fb1d5ad8000 r--p 00007000 00:1f8 45438459394               /mnt/primary/conda-envs/semantic_uncertainty_export/lib/python3.11/lib-dynload/binascii.cpython-311-x86_64-linux-gnu.so
7fb1d5ad8000-7fb1d5ad9000 rw-p 00008000 00:1f8 45438459394               /mnt/primary/conda-envs/semantic_uncertainty_export/lib/python3.11/lib-dynload/binascii.cpython-311-x86_64-linux-gnu.so
7fb1d5ad9000-7fb1d5bd9000 rw-p 00000000 00:00 0 
7fb1d5bd9000-7fb1d5c91000 r--p 00000000 00:1f8 148237000223              /mnt/primary/conda-envs/semantic_uncertainty_export/lib/libcrypto.so.3
7fb1d5c91000-7fb1d5edc000 r-xp 000b8000 00:1f8 148237000223              /mnt/primary/conda-envs/semantic_uncertainty_export/lib/libcrypto.so.3
7fb1d5edc000-7fb1d5fb3000 r--p 00303000 00:1f8 148237000223              /mnt/primary/conda-envs/semantic_uncertainty_export/lib/libcrypto.so.3
7fb1d5fb3000-7fb1d5fb4000 ---p 003da000 00:1f8 148237000223              /mnt/primary/conda-envs/semantic_uncertainty_export/lib/libcrypto.so.3
7fb1d5fb4000-7fb1d600f000 r--p 003da000 00:1f8 148237000223              /mnt/primary/conda-envs/semantic_uncertainty_export/lib/libcrypto.so.3
7fb1d600f000-7fb1d6012000 rw-p 00435000 00:1f8 148237000223              /mnt/primary/conda-envs/semantic_uncertainty_export/lib/libcrypto.so.3
7fb1d6012000-7fb1d6015000 rw-p 00000000 00:00 0 
7fb1d6015000-7fb1d6035000 r--p 00000000 00:1f8 70898552846               /mnt/primary/conda-envs/semantic_uncertainty_export/lib/libssl.so.3
7fb1d6035000-7fb1d608b000 r-xp 00020000 00:1f8 70898552846               /mnt/primary/conda-envs/semantic_uncertainty_export/lib/libssl.so.3
7fb1d608b000-7fb1d60a9000 r--p 00076000 00:1f8 70898552846               /mnt/primary/conda-envs/semantic_uncertainty_export/lib/libssl.so.3
7fb1d60a9000-7fb1d60aa000 ---p 00094000 00:1f8 70898552846               /mnt/primary/conda-envs/semantic_uncertainty_export/lib/libssl.so.3
7fb1d60aa000-7fb1d60b4000 r--p 00094000 00:1f8 70898552846               /mnt/primary/conda-envs/semantic_uncertainty_export/lib/libssl.so.3
7fb1d60b4000-7fb1d60b8000 rw-p 0009e000 00:1f8 70898552846               /mnt/primary/conda-envs/semantic_uncertainty_export/lib/libssl.so.3
7fb1d60b8000-7fb1d60cb000 r--p 00000000 00:1f8 45438356017               /mnt/primary/conda-envs/semantic_uncertainty_export/lib/python3.11/lib-dynload/_ssl.cpython-311-x86_64-linux-gnu.so
7fb1d60cb000-7fb1d60d5000 r-xp 00013000 00:1f8 45438356017               /mnt/primary/conda-envs/semantic_uncertainty_export/lib/python3.11/lib-dynload/_ssl.cpython-311-x86_64-linux-gnu.so
7fb1d60d5000-7fb1d60e3000 r--p 0001d000 00:1f8 45438356017               /mnt/primary/conda-envs/semantic_uncertainty_export/lib/python3.11/lib-dynload/_ssl.cpython-311-x86_64-linux-gnu.so
7fb1d60e3000-7fb1d60e4000 ---p 0002b000 00:1f8 45438356017               /mnt/primary/conda-envs/semantic_uncertainty_export/lib/python3.11/lib-dynload/_ssl.cpython-311-x86_64-linux-gnu.so
7fb1d60e4000-7fb1d60e5000 r--p 0002b000 00:1f8 45438356017               /mnt/primary/conda-envs/semantic_uncertainty_export/lib/python3.11/lib-dynload/_ssl.cpython-311-x86_64-linux-gnu.so
7fb1d60e5000-7fb1d60ed000 rw-p 0002c000 00:1f8 45438356017               /mnt/primary/conda-envs/semantic_uncertainty_export/lib/python3.11/lib-dynload/_ssl.cpython-311-x86_64-linux-gnu.so
7fb1d60ed000-7fb1d60f1000 r--p 00000000 00:1f8 45438459392               /mnt/primary/conda-envs/semantic_uncertainty_export/lib/python3.11/lib-dynload/array.cpython-311-x86_64-linux-gnu.so
7fb1d60f1000-7fb1d60f8000 r-xp 00004000 00:1f8 45438459392               /mnt/primary/conda-envs/semantic_uncertainty_export/lib/python3.11/lib-dynload/array.cpython-311-x86_64-linux-gnu.so
7fb1d60f8000-7fb1d60fc000 r--p 0000b000 00:1f8 45438459392               /mnt/primary/conda-envs/semantic_uncertainty_export/lib/python3.11/lib-dynload/array.cpython-311-x86_64-linux-gnu.so
7fb1d60fc000-7fb1d60fd000 ---p 0000f000 00:1f8 45438459392               /mnt/primary/conda-envs/semantic_uncertainty_export/lib/python3.11/lib-dynload/array.cpython-311-x86_64-linux-gnu.so
7fb1d60fd000-7fb1d60fe000 r--p 0000f000 00:1f8 45438459392               /mnt/primary/conda-envs/semantic_uncertainty_export/lib/python3.11/lib-dynload/array.cpython-311-x86_64-linux-gnu.so
7fb1d60fe000-7fb1d60ff000 rw-p 00010000 00:1f8 45438459392               /mnt/primary/conda-envs/semantic_uncertainty_export/lib/python3.11/lib-dynload/array.cpython-311-x86_64-linux-gnu.so
7fb1d60ff000-7fb1d6104000 r--p 00000000 00:1f8 45438356015               /mnt/primary/conda-envs/semantic_uncertainty_export/lib/python3.11/lib-dynload/_socket.cpython-311-x86_64-linux-gnu.so
7fb1d6104000-7fb1d610d000 r-xp 00005000 00:1f8 45438356015               /mnt/primary/conda-envs/semantic_uncertainty_export/lib/python3.11/lib-dynload/_socket.cpython-311-x86_64-linux-gnu.so
7fb1d610d000-7fb1d6115000 r--p 0000e000 00:1f8 45438356015               /mnt/primary/conda-envs/semantic_uncertainty_export/lib/python3.11/lib-dynload/_socket.cpython-311-x86_64-linux-gnu.so
7fb1d6115000-7fb1d6116000 ---p 00016000 00:1f8 45438356015               /mnt/primary/conda-envs/semantic_uncertainty_export/lib/python3.11/lib-dynload/_socket.cpython-311-x86_64-linux-gnu.so
7fb1d6116000-7fb1d6117000 r--p 00016000 00:1f8 45438356015               /mnt/primary/conda-envs/semantic_uncertainty_export/lib/python3.11/lib-dynload/_socket.cpython-311-x86_64-linux-gnu.so
7fb1d6117000-7fb1d6118000 rw-p 00017000 00:1f8 45438356015               /mnt/primary/conda-envs/semantic_uncertainty_export/lib/python3.11/lib-dynload/_socket.cpython-311-x86_64-linux-gnu.so
7fb1d6118000-7fb1d6119000 r--p 00000000 00:1f8 45438355998               /mnt/primary/conda-envs/semantic_uncertainty_export/lib/python3.11/lib-dynload/_heapq.cpython-311-x86_64-linux-gnu.so
7fb1d6119000-7fb1d611c000 r-xp 00001000 00:1f8 45438355998               /mnt/primary/conda-envs/semantic_uncertainty_export/lib/python3.11/lib-dynload/_heapq.cpython-311-x86_64-linux-gnu.so
7fb1d611c000-7fb1d611f000 r--p 00004000 00:1f8 45438355998               /mnt/primary/conda-envs/semantic_uncertainty_export/lib/python3.11/lib-dynload/_heapq.cpython-311-x86_64-linux-gnu.so
7fb1d611f000-7fb1d6120000 r--p 00006000 00:1f8 45438355998               /mnt/primary/conda-envs/semantic_uncertainty_export/lib/python3.11/lib-dynload/_heapq.cpython-311-x86_64-linux-gnu.so
7fb1d6120000-7fb1d6121000 rw-p 00007000 00:1f8 45438355998               /mnt/primary/conda-envs/semantic_uncertainty_export/lib/python3.11/lib-dynload/_heapq.cpython-311-x86_64-linux-gnu.so
7fb1d6121000-7fb1d6221000 rw-p 00000000 00:00 0 
7fb1d6221000-7fb1d6224000 r--p 00000000 00:1f8 120262025252              /mnt/primary/conda-envs/semantic_uncertainty_export/lib/python3.11/site-packages/zmq/backend/cython/utils.cpython-311-x86_64-linux-gnu.so
7fb1d6224000-7fb1d622b000 r-xp 00003000 00:1f8 120262025252              /mnt/primary/conda-envs/semantic_uncertainty_export/lib/python3.11/site-packages/zmq/backend/cython/utils.cpython-311-x86_64-linux-gnu.so
7fb1d622b000-7fb1d622d000 r--p 0000a000 00:1f8 120262025252              /mnt/primary/conda-envs/semantic_uncertainty_export/lib/python3.11/site-packages/zmq/backend/cython/utils.cpython-311-x86_64-linux-gnu.so
7fb1d622d000-7fb1d622e000 r--p 0000b000 00:1f8 120262025252              /mnt/primary/conda-envs/semantic_uncertainty_export/lib/python3.11/site-packages/zmq/backend/cython/utils.cpython-311-x86_64-linux-gnu.so
7fb1d622e000-7fb1d622f000 rw-p 0000c000 00:1f8 120262025252              /mnt/primary/conda-envs/semantic_uncertainty_export/lib/python3.11/site-packages/zmq/backend/cython/utils.cpython-311-x86_64-linux-gnu.so
7fb1d622f000-7fb1d6232000 rw-p 0000e000 00:1f8 120262025252              /mnt/primary/conda-envs/semantic_uncertainty_export/lib/python3.11/site-packages/zmq/backend/cython/utils.cpython-311-x86_64-linux-gnu.so
7fb1d6232000-7fb1d6235000 r--p 00000000 00:1f8 120262025259              /mnt/primary/conda-envs/semantic_uncertainty_export/lib/python3.11/site-packages/zmq/backend/cython/error.cpython-311-x86_64-linux-gnu.so
7fb1d6235000-7fb1d623a000 r-xp 00003000 00:1f8 120262025259              /mnt/primary/conda-envs/semantic_uncertainty_export/lib/python3.11/site-packages/zmq/backend/cython/error.cpython-311-x86_64-linux-gnu.so
7fb1d623a000-7fb1d623c000 r--p 00008000 00:1f8 120262025259              /mnt/primary/conda-envs/semantic_uncertainty_export/lib/python3.11/site-packages/zmq/backend/cython/error.cpython-311-x86_64-linux-gnu.so
7fb1d623c000-7fb1d623d000 r--p 00009000 00:1f8 120262025259              /mnt/primary/conda-envs/semantic_uncertainty_export/lib/python3.11/site-packages/zmq/backend/cython/error.cpython-311-x86_64-linux-gnu.so
7fb1d623d000-7fb1d623e000 rw-p 0000a000 00:1f8 120262025259              /mnt/primary/conda-envs/semantic_uncertainty_export/lib/python3.11/site-packages/zmq/backend/cython/error.cpython-311-x86_64-linux-gnu.so
7fb1d623e000-7fb1d6241000 rw-p 0000c000 00:1f8 120262025259              /mnt/primary/conda-envs/semantic_uncertainty_export/lib/python3.11/site-packages/zmq/backend/cython/error.cpython-311-x86_64-linux-gnu.so
7fb1d6241000-7fb1d6244000 r--p 00000000 00:1f8 120262025253              /mnt/primary/conda-envs/semantic_uncertainty_export/lib/python3.11/site-packages/zmq/backend/cython/_version.cpython-311-x86_64-linux-gnu.so
7fb1d6244000-7fb1d6248000 r-xp 00003000 00:1f8 120262025253              /mnt/primary/conda-envs/semantic_uncertainty_export/lib/python3.11/site-packages/zmq/backend/cython/_version.cpython-311-x86_64-linux-gnu.so
7fb1d6248000-7fb1d624a000 r--p 00007000 00:1f8 120262025253              /mnt/primary/conda-envs/semantic_uncertainty_export/lib/python3.11/site-packages/zmq/backend/cython/_version.cpython-311-x86_64-linux-gnu.so
7fb1d624a000-7fb1d624b000 r--p 00008000 00:1f8 120262025253              /mnt/primary/conda-envs/semantic_uncertainty_export/lib/python3.11/site-packages/zmq/backend/cython/_version.cpython-311-x86_64-linux-gnu.so
7fb1d624b000-7fb1d624c000 rw-p 00009000 00:1f8 120262025253              /mnt/primary/conda-envs/semantic_uncertainty_export/lib/python3.11/site-packages/zmq/backend/cython/_version.cpython-311-x86_64-linux-gnu.so
7fb1d624c000-7fb1d624e000 rw-p 0000b000 00:1f8 120262025253              /mnt/primary/conda-envs/semantic_uncertainty_export/lib/python3.11/site-packages/zmq/backend/cython/_version.cpython-311-x86_64-linux-gnu.so
7fb1d624e000-7fb1d6251000 r--p 00000000 00:1f8 120262025257              /mnt/primary/conda-envs/semantic_uncertainty_export/lib/python3.11/site-packages/zmq/backend/cython/_proxy_steerable.cpython-311-x86_64-linux-gnu.so
7fb1d6251000-7fb1d6259000 r-xp 00003000 00:1f8 120262025257              /mnt/primary/conda-envs/semantic_uncertainty_export/lib/python3.11/site-packages/zmq/backend/cython/_proxy_steerable.cpython-311-x86_64-linux-gnu.so
7fb1d6259000-7fb1d625b000 r--p 0000b000 00:1f8 120262025257              /mnt/primary/conda-envs/semantic_uncertainty_export/lib/python3.11/site-packages/zmq/backend/cython/_proxy_steerable.cpython-311-x86_64-linux-gnu.so
7fb1d625b000-7fb1d625c000 r--p 0000c000 00:1f8 120262025257              /mnt/primary/conda-envs/semantic_uncertainty_export/lib/python3.11/site-packages/zmq/backend/cython/_proxy_steerable.cpython-311-x86_64-linux-gnu.so
7fb1d625c000-7fb1d625d000 rw-p 0000d000 00:1f8 120262025257              /mnt/primary/conda-envs/semantic_uncertainty_export/lib/python3.11/site-packages/zmq/backend/cython/_proxy_steerable.cpython-311-x86_64-linux-gnu.so
7fb1d625d000-7fb1d6260000 rw-p 0000f000 00:1f8 120262025257              /mnt/primary/conda-envs/semantic_uncertainty_export/lib/python3.11/site-packages/zmq/backend/cython/_proxy_steerable.cpython-311-x86_64-linux-gnu.so
7fb1d6260000-7fb1d6263000 r--p 00000000 00:1f8 120262025260              /mnt/primary/conda-envs/semantic_uncertainty_export/lib/python3.11/site-packages/zmq/backend/cython/_poll.cpython-311-x86_64-linux-gnu.so
7fb1d6263000-7fb1d6270000 r-xp 00003000 00:1f8 120262025260              /mnt/primary/conda-envs/semantic_uncertainty_export/lib/python3.11/site-packages/zmq/backend/cython/_poll.cpython-311-x86_64-linux-gnu.so
7fb1d6270000-7fb1d6273000 r--p 00010000 00:1f8 120262025260              /mnt/primary/conda-envs/semantic_uncertainty_export/lib/python3.11/site-packages/zmq/backend/cython/_poll.cpython-311-x86_64-linux-gnu.so
7fb1d6273000-7fb1d6274000 r--p 00012000 00:1f8 120262025260              /mnt/primary/conda-envs/semantic_uncertainty_export/lib/python3.11/site-packages/zmq/backend/cython/_poll.cpython-311-x86_64-linux-gnu.so
7fb1d6274000-7fb1d6275000 rw-p 00013000 00:1f8 120262025260              /mnt/primary/conda-envs/semantic_uncertainty_export/lib/python3.11/site-packages/zmq/backend/cython/_poll.cpython-311-x86_64-linux-gnu.so
7fb1d6275000-7fb1d6278000 rw-p 00015000 00:1f8 120262025260              /mnt/primary/conda-envs/semantic_uncertainty_export/lib/python3.11/site-packages/zmq/backend/cython/_poll.cpython-311-x86_64-linux-gnu.so
7fb1d6278000-7fb1d627d000 r--p 00000000 00:1f8 45438356006               /mnt/primary/conda-envs/semantic_uncertainty_export/lib/python3.11/lib-dynload/_pickle.cpython-311-x86_64-linux-gnu.so
7fb1d627d000-7fb1d6290000 r-xp 00005000 00:1f8 45438356006               /mnt/primary/conda-envs/semantic_uncertainty_export/lib/python3.11/lib-dynload/_pickle.cpython-311-x86_64-linux-gnu.so
7fb1d6290000-7fb1d6296000 r--p 00018000 00:1f8 45438356006               /mnt/primary/conda-envs/semantic_uncertainty_export/lib/python3.11/lib-dynload/_pickle.cpython-311-x86_64-linux-gnu.so
7fb1d6296000-7fb1d6297000 ---p 0001e000 00:1f8 45438356006               /mnt/primary/conda-envs/semantic_uncertainty_export/lib/python3.11/lib-dynload/_pickle.cpython-311-x86_64-linux-gnu.so
7fb1d6297000-7fb1d6298000 r--p 0001e000 00:1f8 45438356006               /mnt/primary/conda-envs/semantic_uncertainty_export/lib/python3.11/lib-dynload/_pickle.cpython-311-x86_64-linux-gnu.so
7fb1d6298000-7fb1d6299000 rw-p 0001f000 00:1f8 45438356006               /mnt/primary/conda-envs/semantic_uncertainty_export/lib/python3.11/lib-dynload/_pickle.cpython-311-x86_64-linux-gnu.so
7fb1d6299000-7fb1d629b000 r--p 00000000 00:1f8 45438356014               /mnt/primary/conda-envs/semantic_uncertainty_export/lib/python3.11/lib-dynload/_sha512.cpython-311-x86_64-linux-gnu.so
7fb1d629b000-7fb1d62a0000 r-xp 00002000 00:1f8 45438356014               /mnt/primary/conda-envs/semantic_uncertainty_export/lib/python3.11/lib-dynload/_sha512.cpython-311-x86_64-linux-gnu.so
7fb1d62a0000-7fb1d62a1000 r--p 00007000 00:1f8 45438356014               /mnt/primary/conda-envs/semantic_uncertainty_export/lib/python3.11/lib-dynload/_sha512.cpython-311-x86_64-linux-gnu.so
7fb1d62a1000-7fb1d62a2000 r--p 00007000 00:1f8 45438356014               /mnt/primary/conda-envs/semantic_uncertainty_export/lib/python3.11/lib-dynload/_sha512.cpython-311-x86_64-linux-gnu.so
7fb1d62a2000-7fb1d62a3000 rw-p 00008000 00:1f8 45438356014               /mnt/primary/conda-envs/semantic_uncertainty_export/lib/python3.11/lib-dynload/_sha512.cpython-311-x86_64-linux-gnu.so
7fb1d62a3000-7fb1d62a5000 r--p 00000000 00:1f8 45438356010               /mnt/primary/conda-envs/semantic_uncertainty_export/lib/python3.11/lib-dynload/_random.cpython-311-x86_64-linux-gnu.so
7fb1d62a5000-7fb1d62a7000 r-xp 00002000 00:1f8 45438356010               /mnt/primary/conda-envs/semantic_uncertainty_export/lib/python3.11/lib-dynload/_random.cpython-311-x86_64-linux-gnu.so
7fb1d62a7000-7fb1d62a8000 r--p 00004000 00:1f8 45438356010               /mnt/primary/conda-envs/semantic_uncertainty_export/lib/python3.11/lib-dynload/_random.cpython-311-x86_64-linux-gnu.so
7fb1d62a8000-7fb1d62a9000 r--p 00004000 00:1f8 45438356010               /mnt/primary/conda-envs/semantic_uncertainty_export/lib/python3.11/lib-dynload/_random.cpython-311-x86_64-linux-gnu.so
7fb1d62a9000-7fb1d62aa000 rw-p 00005000 00:1f8 45438356010               /mnt/primary/conda-envs/semantic_uncertainty_export/lib/python3.11/lib-dynload/_random.cpython-311-x86_64-linux-gnu.so
7fb1d62aa000-7fb1d62ae000 r--p 00000000 00:1f8 120262025255              /mnt/primary/conda-envs/semantic_uncertainty_export/lib/python3.11/site-packages/zmq/backend/cython/message.cpython-311-x86_64-linux-gnu.so
7fb1d62ae000-7fb1d62c0000 r-xp 00004000 00:1f8 120262025255              /mnt/primary/conda-envs/semantic_uncertainty_export/lib/python3.11/site-packages/zmq/backend/cython/message.cpython-311-x86_64-linux-gnu.so
7fb1d62c0000-7fb1d62c4000 r--p 00016000 00:1f8 120262025255              /mnt/primary/conda-envs/semantic_uncertainty_export/lib/python3.11/site-packages/zmq/backend/cython/message.cpython-311-x86_64-linux-gnu.so
7fb1d62c4000-7fb1d62c5000 r--p 00019000 00:1f8 120262025255              /mnt/primary/conda-envs/semantic_uncertainty_export/lib/python3.11/site-packages/zmq/backend/cython/message.cpython-311-x86_64-linux-gnu.so
7fb1d62c5000-7fb1d62ca000 rw-p 0001a000 00:1f8 120262025255              /mnt/primary/conda-envs/semantic_uncertainty_export/lib/python3.11/site-packages/zmq/backend/cython/message.cpython-311-x86_64-linux-gnu.so
7fb1d62ca000-7fb1d62ce000 r--p 00000000 00:1f8 120262025263              /mnt/primary/conda-envs/semantic_uncertainty_export/lib/python3.11/site-packages/zmq/backend/cython/socket.cpython-311-x86_64-linux-gnu.so
7fb1d62ce000-7fb1d62eb000 r-xp 00004000 00:1f8 120262025263              /mnt/primary/conda-envs/semantic_uncertainty_export/lib/python3.11/site-packages/zmq/backend/cython/socket.cpython-311-x86_64-linux-gnu.so
7fb1d62eb000-7fb1d62f1000 r--p 00021000 00:1f8 120262025263              /mnt/primary/conda-envs/semantic_uncertainty_export/lib/python3.11/site-packages/zmq/backend/cython/socket.cpython-311-x86_64-linux-gnu.so
7fb1d62f1000-7fb1d62f2000 r--p 00026000 00:1f8 120262025263              /mnt/primary/conda-envs/semantic_uncertainty_export/lib/python3.11/site-packages/zmq/backend/cython/socket.cpython-311-x86_64-linux-gnu.so
7fb1d62f2000-7fb1d62f7000 rw-p 00027000 00:1f8 120262025263              /mnt/primary/conda-envs/semantic_uncertainty_export/lib/python3.11/site-packages/zmq/backend/cython/socket.cpython-311-x86_64-linux-gnu.so
7fb1d62f7000-7fb1d62fb000 r--p 00000000 00:1f8 120262025258              /mnt/primary/conda-envs/semantic_uncertainty_export/lib/python3.11/site-packages/zmq/backend/cython/context.cpython-311-x86_64-linux-gnu.so
7fb1d62fb000-7fb1d6307000 r-xp 00004000 00:1f8 120262025258              /mnt/primary/conda-envs/semantic_uncertainty_export/lib/python3.11/site-packages/zmq/backend/cython/context.cpython-311-x86_64-linux-gnu.so
7fb1d6307000-7fb1d630a000 r--p 00010000 00:1f8 120262025258              /mnt/primary/conda-envs/semantic_uncertainty_export/lib/python3.11/site-packages/zmq/backend/cython/context.cpython-311-x86_64-linux-gnu.so
7fb1d630a000-7fb1d630b000 r--p 00012000 00:1f8 120262025258              /mnt/primary/conda-envs/semantic_uncertainty_export/lib/python3.11/site-packages/zmq/backend/cython/context.cpython-311-x86_64-linux-gnu.so
7fb1d630b000-7fb1d630c000 rw-p 00013000 00:1f8 120262025258              /mnt/primary/conda-envs/semantic_uncertainty_export/lib/python3.11/site-packages/zmq/backend/cython/context.cpython-311-x86_64-linux-gnu.so
7fb1d630c000-7fb1d630d000 rw-p 00000000 00:00 0 
7fb1d630d000-7fb1d6310000 rw-p 00015000 00:1f8 120262025258              /mnt/primary/conda-envs/semantic_uncertainty_export/lib/python3.11/site-packages/zmq/backend/cython/context.cpython-311-x86_64-linux-gnu.so
7fb1d6310000-7fb1d6313000 r--p 00000000 00:1f8 70896295971               /mnt/primary/conda-envs/semantic_uncertainty_export/lib/libgcc_s.so.1
7fb1d6313000-7fb1d6325000 r-xp 00003000 00:1f8 70896295971               /mnt/primary/conda-envs/semantic_uncertainty_export/lib/libgcc_s.so.1
7fb1d6325000-7fb1d6328000 r--p 00015000 00:1f8 70896295971               /mnt/primary/conda-envs/semantic_uncertainty_export/lib/libgcc_s.so.1
7fb1d6328000-7fb1d6329000 r--p 00017000 00:1f8 70896295971               /mnt/primary/conda-envs/semantic_uncertainty_export/lib/libgcc_s.so.1
7fb1d6329000-7fb1d632a000 rw-p 00018000 00:1f8 70896295971               /mnt/primary/conda-envs/semantic_uncertainty_export/lib/libgcc_s.so.1
7fb1d632a000-7fb1d63cb000 r--p 00000000 00:1f8 70896295960               /mnt/primary/conda-envs/semantic_uncertainty_export/lib/libstdc++.so.6.0.29
7fb1d63cb000-7fb1d64c0000 r-xp 000a1000 00:1f8 70896295960               /mnt/primary/conda-envs/semantic_uncertainty_export/lib/libstdc++.so.6.0.29
7fb1d64c0000-7fb1d652c000 r--p 00196000 00:1f8 70896295960               /mnt/primary/conda-envs/semantic_uncertainty_export/lib/libstdc++.so.6.0.29
7fb1d652c000-7fb1d652d000 ---p 00202000 00:1f8 70896295960               /mnt/primary/conda-envs/semantic_uncertainty_export/lib/libstdc++.so.6.0.29
7fb1d652d000-7fb1d6538000 r--p 00202000 00:1f8 70896295960               /mnt/primary/conda-envs/semantic_uncertainty_export/lib/libstdc++.so.6.0.29
7fb1d6538000-7fb1d653b000 rw-p 0020d000 00:1f8 70896295960               /mnt/primary/conda-envs/semantic_uncertainty_export/lib/libstdc++.so.6.0.29
7fb1d653b000-7fb1d653e000 rw-p 00000000 00:00 0 
7fb1d653e000-7fb1d654a000 r--p 00000000 00:1f8 92348914178               /mnt/primary/conda-envs/semantic_uncertainty_export/lib/python3.11/site-packages/pyzmq.libs/libsodium-cb25555f.so.23.3.0
7fb1d654a000-7fb1d664c000 r-xp 0000c000 00:1f8 92348914178               /mnt/primary/conda-envs/semantic_uncertainty_export/lib/python3.11/site-packages/pyzmq.libs/libsodium-cb25555f.so.23.3.0
7fb1d664c000-7fb1d6660000 r--p 0010e000 00:1f8 92348914178               /mnt/primary/conda-envs/semantic_uncertainty_export/lib/python3.11/site-packages/pyzmq.libs/libsodium-cb25555f.so.23.3.0
7fb1d6660000-7fb1d6661000 ---p 00122000 00:1f8 92348914178               /mnt/primary/conda-envs/semantic_uncertainty_export/lib/python3.11/site-packages/pyzmq.libs/libsodium-cb25555f.so.23.3.0
7fb1d6661000-7fb1d6662000 r--p 00122000 00:1f8 92348914178               /mnt/primary/conda-envs/semantic_uncertainty_export/lib/python3.11/site-packages/pyzmq.libs/libsodium-cb25555f.so.23.3.0
7fb1d6662000-7fb1d6663000 rw-p 00123000 00:1f8 92348914178               /mnt/primary/conda-envs/semantic_uncertainty_export/lib/python3.11/site-packages/pyzmq.libs/libsodium-cb25555f.so.23.3.0
7fb1d6663000-7fb1d666a000 rw-p 00125000 00:1f8 92348914178               /mnt/primary/conda-envs/semantic_uncertainty_export/lib/python3.11/site-packages/pyzmq.libs/libsodium-cb25555f.so.23.3.0
7fb1d666a000-7fb1d666b000 r--p 00000000 08:04 10034251                   /usr/lib/x86_64-linux-gnu/librt.so.1
7fb1d666b000-7fb1d666c000 r-xp 00001000 08:04 10034251                   /usr/lib/x86_64-linux-gnu/librt.so.1
7fb1d666c000-7fb1d666d000 r--p 00002000 08:04 10034251                   /usr/lib/x86_64-linux-gnu/librt.so.1
7fb1d666d000-7fb1d666e000 r--p 00002000 08:04 10034251                   /usr/lib/x86_64-linux-gnu/librt.so.1
7fb1d666e000-7fb1d666f000 rw-p 00003000 08:04 10034251                   /usr/lib/x86_64-linux-gnu/librt.so.1
7fb1d666f000-7fb1d6671000 r--p 00000000 00:1f8 45438355978               /mnt/primary/conda-envs/semantic_uncertainty_export/lib/python3.11/lib-dynload/_bisect.cpython-311-x86_64-linux-gnu.so
7fb1d6671000-7fb1d6673000 r-xp 00002000 00:1f8 45438355978               /mnt/primary/conda-envs/semantic_uncertainty_export/lib/python3.11/lib-dynload/_bisect.cpython-311-x86_64-linux-gnu.so
7fb1d6673000-7fb1d6674000 r--p 00004000 00:1f8 45438355978               /mnt/primary/conda-envs/semantic_uncertainty_export/lib/python3.11/lib-dynload/_bisect.cpython-311-x86_64-linux-gnu.so
7fb1d6674000-7fb1d6675000 r--p 00004000 00:1f8 45438355978               /mnt/primary/conda-envs/semantic_uncertainty_export/lib/python3.11/lib-dynload/_bisect.cpython-311-x86_64-linux-gnu.so
7fb1d6675000-7fb1d6676000 rw-p 00005000 00:1f8 45438355978               /mnt/primary/conda-envs/semantic_uncertainty_export/lib/python3.11/lib-dynload/_bisect.cpython-311-x86_64-linux-gnu.so
7fb1d6676000-7fb1d668f000 r--p 00000000 00:1f8 92348914179               /mnt/primary/conda-envs/semantic_uncertainty_export/lib/python3.11/site-packages/pyzmq.libs/libzmq-f468291a.so.5.2.4
7fb1d668f000-7fb1d6722000 r-xp 00019000 00:1f8 92348914179               /mnt/primary/conda-envs/semantic_uncertainty_export/lib/python3.11/site-packages/pyzmq.libs/libzmq-f468291a.so.5.2.4
7fb1d6722000-7fb1d675d000 r--p 000ac000 00:1f8 92348914179               /mnt/primary/conda-envs/semantic_uncertainty_export/lib/python3.11/site-packages/pyzmq.libs/libzmq-f468291a.so.5.2.4
7fb1d675d000-7fb1d6765000 r--p 000e6000 00:1f8 92348914179               /mnt/primary/conda-envs/semantic_uncertainty_export/lib/python3.11/site-packages/pyzmq.libs/libzmq-f468291a.so.5.2.4
7fb1d6765000-7fb1d6766000 rw-p 000ee000 00:1f8 92348914179               /mnt/primary/conda-envs/semantic_uncertainty_export/lib/python3.11/site-packages/pyzmq.libs/libzmq-f468291a.so.5.2.4
7fb1d6766000-7fb1d676c000 rw-p 000f0000 00:1f8 92348914179               /mnt/primary/conda-envs/semantic_uncertainty_export/lib/python3.11/site-packages/pyzmq.libs/libzmq-f468291a.so.5.2.4
7fb1d676c000-7fb1d676f000 r--p 00000000 00:1f8 120262025247              /mnt/primary/conda-envs/semantic_uncertainty_export/lib/python3.11/site-packages/zmq/backend/cython/_device.cpython-311-x86_64-linux-gnu.so
7fb1d676f000-7fb1d6778000 r-xp 00003000 00:1f8 120262025247              /mnt/primary/conda-envs/semantic_uncertainty_export/lib/python3.11/site-packages/zmq/backend/cython/_device.cpython-311-x86_64-linux-gnu.so
7fb1d6778000-7fb1d677a000 r--p 0000c000 00:1f8 120262025247              /mnt/primary/conda-envs/semantic_uncertainty_export/lib/python3.11/site-packages/zmq/backend/cython/_device.cpython-311-x86_64-linux-gnu.so
7fb1d677a000-7fb1d677b000 ---p 0000e000 00:1f8 120262025247              /mnt/primary/conda-envs/semantic_uncertainty_export/lib/python3.11/site-packages/zmq/backend/cython/_device.cpython-311-x86_64-linux-gnu.so
7fb1d677b000-7fb1d677c000 r--p 0000e000 00:1f8 120262025247              /mnt/primary/conda-envs/semantic_uncertainty_export/lib/python3.11/site-packages/zmq/backend/cython/_device.cpython-311-x86_64-linux-gnu.so
7fb1d677c000-7fb1d677d000 rw-p 0000f000 00:1f8 120262025247              /mnt/primary/conda-envs/semantic_uncertainty_export/lib/python3.11/site-packages/zmq/backend/cython/_device.cpython-311-x86_64-linux-gnu.so
7fb1d677d000-7fb1d6780000 rw-p 00011000 00:1f8 120262025247              /mnt/primary/conda-envs/semantic_uncertainty_export/lib/python3.11/site-packages/zmq/backend/cython/_device.cpython-311-x86_64-linux-gnu.so
7fb1d6780000-7fb1d6880000 rw-p 00000000 00:00 0 
7fb1d6880000-7fb1d6884000 r--p 00000000 00:1f8 45438356019               /mnt/primary/conda-envs/semantic_uncertainty_export/lib/python3.11/lib-dynload/_struct.cpython-311-x86_64-linux-gnu.so
7fb1d6884000-7fb1d6889000 r-xp 00004000 00:1f8 45438356019               /mnt/primary/conda-envs/semantic_uncertainty_export/lib/python3.11/lib-dynload/_struct.cpython-311-x86_64-linux-gnu.so
7fb1d6889000-7fb1d688d000 r--p 00009000 00:1f8 45438356019               /mnt/primary/conda-envs/semantic_uncertainty_export/lib/python3.11/lib-dynload/_struct.cpython-311-x86_64-linux-gnu.so
7fb1d688d000-7fb1d688e000 r--p 0000c000 00:1f8 45438356019               /mnt/primary/conda-envs/semantic_uncertainty_export/lib/python3.11/lib-dynload/_struct.cpython-311-x86_64-linux-gnu.so
7fb1d688e000-7fb1d688f000 rw-p 0000d000 00:1f8 45438356019               /mnt/primary/conda-envs/semantic_uncertainty_export/lib/python3.11/lib-dynload/_struct.cpython-311-x86_64-linux-gnu.so
7fb1d688f000-7fb1d6892000 r--p 00000000 00:1f8 70898546206               /mnt/primary/conda-envs/semantic_uncertainty_export/lib/libffi.so.8.1.2
7fb1d6892000-7fb1d689c000 r-xp 00003000 00:1f8 70898546206               /mnt/primary/conda-envs/semantic_uncertainty_export/lib/libffi.so.8.1.2
7fb1d689c000-7fb1d689e000 r--p 0000d000 00:1f8 70898546206               /mnt/primary/conda-envs/semantic_uncertainty_export/lib/libffi.so.8.1.2
7fb1d689e000-7fb1d689f000 r--p 0000e000 00:1f8 70898546206               /mnt/primary/conda-envs/semantic_uncertainty_export/lib/libffi.so.8.1.2
7fb1d689f000-7fb1d68a0000 rw-p 0000f000 00:1f8 70898546206               /mnt/primary/conda-envs/semantic_uncertainty_export/lib/libffi.so.8.1.2
7fb1d68a0000-7fb1d68a7000 r--p 00000000 00:1f8 45438355990               /mnt/primary/conda-envs/semantic_uncertainty_export/lib/python3.11/lib-dynload/_ctypes.cpython-311-x86_64-linux-gnu.so
7fb1d68a7000-7fb1d68b5000 r-xp 00007000 00:1f8 45438355990               /mnt/primary/conda-envs/semantic_uncertainty_export/lib/python3.11/lib-dynload/_ctypes.cpython-311-x86_64-linux-gnu.so
7fb1d68b5000-7fb1d68bb000 r--p 00015000 00:1f8 45438355990               /mnt/primary/conda-envs/semantic_uncertainty_export/lib/python3.11/lib-dynload/_ctypes.cpython-311-x86_64-linux-gnu.so
7fb1d68bb000-7fb1d68bc000 ---p 0001b000 00:1f8 45438355990               /mnt/primary/conda-envs/semantic_uncertainty_export/lib/python3.11/lib-dynload/_ctypes.cpython-311-x86_64-linux-gnu.so
7fb1d68bc000-7fb1d68bd000 r--p 0001b000 00:1f8 45438355990               /mnt/primary/conda-envs/semantic_uncertainty_export/lib/python3.11/lib-dynload/_ctypes.cpython-311-x86_64-linux-gnu.so
7fb1d68bd000-7fb1d68c1000 rw-p 0001c000 00:1f8 45438355990               /mnt/primary/conda-envs/semantic_uncertainty_export/lib/python3.11/lib-dynload/_ctypes.cpython-311-x86_64-linux-gnu.so
7fb1d68c1000-7fb1d68c5000 r--p 00000000 00:1f8 45438459398               /mnt/primary/conda-envs/semantic_uncertainty_export/lib/python3.11/lib-dynload/math.cpython-311-x86_64-linux-gnu.so
7fb1d68c5000-7fb1d68cd000 r-xp 00004000 00:1f8 45438459398               /mnt/primary/conda-envs/semantic_uncertainty_export/lib/python3.11/lib-dynload/math.cpython-311-x86_64-linux-gnu.so
7fb1d68cd000-7fb1d68d2000 r--p 0000c000 00:1f8 45438459398               /mnt/primary/conda-envs/semantic_uncertainty_export/lib/python3.11/lib-dynload/math.cpython-311-x86_64-linux-gnu.so
7fb1d68d2000-7fb1d68d3000 r--p 00010000 00:1f8 45438459398               /mnt/primary/conda-envs/semantic_uncertainty_export/lib/python3.11/lib-dynload/math.cpython-311-x86_64-linux-gnu.so
7fb1d68d3000-7fb1d68d4000 rw-p 00011000 00:1f8 45438459398               /mnt/primary/conda-envs/semantic_uncertainty_export/lib/python3.11/lib-dynload/math.cpython-311-x86_64-linux-gnu.so
7fb1d68d4000-7fb1d68d7000 r--p 00000000 00:1f8 45438459405               /mnt/primary/conda-envs/semantic_uncertainty_export/lib/python3.11/lib-dynload/select.cpython-311-x86_64-linux-gnu.so
7fb1d68d7000-7fb1d68da000 r-xp 00003000 00:1f8 45438459405               /mnt/primary/conda-envs/semantic_uncertainty_export/lib/python3.11/lib-dynload/select.cpython-311-x86_64-linux-gnu.so
7fb1d68da000-7fb1d68dc000 r--p 00006000 00:1f8 45438459405               /mnt/primary/conda-envs/semantic_uncertainty_export/lib/python3.11/lib-dynload/select.cpython-311-x86_64-linux-gnu.so
7fb1d68dc000-7fb1d68dd000 ---p 00008000 00:1f8 45438459405               /mnt/primary/conda-envs/semantic_uncertainty_export/lib/python3.11/lib-dynload/select.cpython-311-x86_64-linux-gnu.so
7fb1d68dd000-7fb1d68de000 r--p 00008000 00:1f8 45438459405               /mnt/primary/conda-envs/semantic_uncertainty_export/lib/python3.11/lib-dynload/select.cpython-311-x86_64-linux-gnu.so
7fb1d68de000-7fb1d68df000 rw-p 00009000 00:1f8 45438459405               /mnt/primary/conda-envs/semantic_uncertainty_export/lib/python3.11/lib-dynload/select.cpython-311-x86_64-linux-gnu.so
7fb1d68df000-7fb1d68e1000 r--p 00000000 00:1f8 45438356008               /mnt/primary/conda-envs/semantic_uncertainty_export/lib/python3.11/lib-dynload/_posixsubprocess.cpython-311-x86_64-linux-gnu.so
7fb1d68e1000-7fb1d68e4000 r-xp 00002000 00:1f8 45438356008               /mnt/primary/conda-envs/semantic_uncertainty_export/lib/python3.11/lib-dynload/_posixsubprocess.cpython-311-x86_64-linux-gnu.so
7fb1d68e4000-7fb1d68e5000 r--p 00005000 00:1f8 45438356008               /mnt/primary/conda-envs/semantic_uncertainty_export/lib/python3.11/lib-dynload/_posixsubprocess.cpython-311-x86_64-linux-gnu.so
7fb1d68e5000-7fb1d68e6000 r--p 00005000 00:1f8 45438356008               /mnt/primary/conda-envs/semantic_uncertainty_export/lib/python3.11/lib-dynload/_posixsubprocess.cpython-311-x86_64-linux-gnu.so
7fb1d68e6000-7fb1d68e7000 rw-p 00006000 00:1f8 45438356008               /mnt/primary/conda-envs/semantic_uncertainty_export/lib/python3.11/lib-dynload/_posixsubprocess.cpython-311-x86_64-linux-gnu.so
7fb1d68e7000-7fb1d68e9000 r--p 00000000 00:1f8 45438459396               /mnt/primary/conda-envs/semantic_uncertainty_export/lib/python3.11/lib-dynload/fcntl.cpython-311-x86_64-linux-gnu.so
7fb1d68e9000-7fb1d68eb000 r-xp 00002000 00:1f8 45438459396               /mnt/primary/conda-envs/semantic_uncertainty_export/lib/python3.11/lib-dynload/fcntl.cpython-311-x86_64-linux-gnu.so
7fb1d68eb000-7fb1d68ed000 r--p 00004000 00:1f8 45438459396               /mnt/primary/conda-envs/semantic_uncertainty_export/lib/python3.11/lib-dynload/fcntl.cpython-311-x86_64-linux-gnu.so
7fb1d68ed000-7fb1d68ee000 r--p 00005000 00:1f8 45438459396               /mnt/primary/conda-envs/semantic_uncertainty_export/lib/python3.11/lib-dynload/fcntl.cpython-311-x86_64-linux-gnu.so
7fb1d68ee000-7fb1d68ef000 rw-p 00006000 00:1f8 45438459396               /mnt/primary/conda-envs/semantic_uncertainty_export/lib/python3.11/lib-dynload/fcntl.cpython-311-x86_64-linux-gnu.so
7fb1d68ef000-7fb1d68f2000 r--p 00000000 00:1f8 45438355999               /mnt/primary/conda-envs/semantic_uncertainty_export/lib/python3.11/lib-dynload/_json.cpython-311-x86_64-linux-gnu.so
7fb1d68f2000-7fb1d68f8000 r-xp 00003000 00:1f8 45438355999               /mnt/primary/conda-envs/semantic_uncertainty_export/lib/python3.11/lib-dynload/_json.cpython-311-x86_64-linux-gnu.so
7fb1d68f8000-7fb1d68fa000 r--p 00009000 00:1f8 45438355999               /mnt/primary/conda-envs/semantic_uncertainty_export/lib/python3.11/lib-dynload/_json.cpython-311-x86_64-linux-gnu.so
7fb1d68fa000-7fb1d68fb000 r--p 0000a000 00:1f8 45438355999               /mnt/primary/conda-envs/semantic_uncertainty_export/lib/python3.11/lib-dynload/_json.cpython-311-x86_64-linux-gnu.so
7fb1d68fb000-7fb1d68fc000 rw-p 0000b000 00:1f8 45438355999               /mnt/primary/conda-envs/semantic_uncertainty_export/lib/python3.11/lib-dynload/_json.cpython-311-x86_64-linux-gnu.so
7fb1d68fc000-7fb1d68fd000 r--p 00000000 00:1f8 45438356027               /mnt/primary/conda-envs/semantic_uncertainty_export/lib/python3.11/lib-dynload/_typing.cpython-311-x86_64-linux-gnu.so
7fb1d68fd000-7fb1d68fe000 r-xp 00001000 00:1f8 45438356027               /mnt/primary/conda-envs/semantic_uncertainty_export/lib/python3.11/lib-dynload/_typing.cpython-311-x86_64-linux-gnu.so
7fb1d68fe000-7fb1d68ff000 r--p 00002000 00:1f8 45438356027               /mnt/primary/conda-envs/semantic_uncertainty_export/lib/python3.11/lib-dynload/_typing.cpython-311-x86_64-linux-gnu.so
7fb1d68ff000-7fb1d6900000 r--p 00002000 00:1f8 45438356027               /mnt/primary/conda-envs/semantic_uncertainty_export/lib/python3.11/lib-dynload/_typing.cpython-311-x86_64-linux-gnu.so
7fb1d6900000-7fb1d6901000 rw-p 00003000 00:1f8 45438356027               /mnt/primary/conda-envs/semantic_uncertainty_export/lib/python3.11/lib-dynload/_typing.cpython-311-x86_64-linux-gnu.so
7fb1d6901000-7fb1d6b01000 rw-p 00000000 00:00 0 
7fb1d6b05000-7fb1d6c67000 rw-p 00000000 00:00 0 
7fb1d6c67000-7fb1d6cbe000 r--p 00000000 08:04 1084263614                 /usr/lib/locale/C.utf8/LC_CTYPE
7fb1d6cbe000-7fb1d6cc1000 rw-p 00000000 00:00 0 
7fb1d6cc1000-7fb1d6ce9000 r--p 00000000 08:04 10034111                   /usr/lib/x86_64-linux-gnu/libc.so.6
7fb1d6ce9000-7fb1d6e7e000 r-xp 00028000 08:04 10034111                   /usr/lib/x86_64-linux-gnu/libc.so.6
7fb1d6e7e000-7fb1d6ed6000 r--p 001bd000 08:04 10034111                   /usr/lib/x86_64-linux-gnu/libc.so.6
7fb1d6ed6000-7fb1d6ed7000 ---p 00215000 08:04 10034111                   /usr/lib/x86_64-linux-gnu/libc.so.6
7fb1d6ed7000-7fb1d6edb000 r--p 00215000 08:04 10034111                   /usr/lib/x86_64-linux-gnu/libc.so.6
7fb1d6edb000-7fb1d6edd000 rw-p 00219000 08:04 10034111                   /usr/lib/x86_64-linux-gnu/libc.so.6
7fb1d6edd000-7fb1d6eec000 rw-p 00000000 00:00 0 
7fb1d6eec000-7fb1d6efa000 r--p 00000000 08:04 10034214                   /usr/lib/x86_64-linux-gnu/libm.so.6
7fb1d6efa000-7fb1d6f76000 r-xp 0000e000 08:04 10034214                   /usr/lib/x86_64-linux-gnu/libm.so.6
7fb1d6f76000-7fb1d6fd1000 r--p 0008a000 08:04 10034214                   /usr/lib/x86_64-linux-gnu/libm.so.6
7fb1d6fd1000-7fb1d6fd2000 r--p 000e4000 08:04 10034214                   /usr/lib/x86_64-linux-gnu/libm.so.6
7fb1d6fd2000-7fb1d6fd3000 rw-p 000e5000 08:04 10034214                   /usr/lib/x86_64-linux-gnu/libm.so.6
7fb1d6fd3000-7fb1d6fd4000 r--p 00000000 08:04 10034268                   /usr/lib/x86_64-linux-gnu/libutil.so.1
7fb1d6fd4000-7fb1d6fd5000 r-xp 00001000 08:04 10034268                   /usr/lib/x86_64-linux-gnu/libutil.so.1
7fb1d6fd5000-7fb1d6fd6000 r--p 00002000 08:04 10034268                   /usr/lib/x86_64-linux-gnu/libutil.so.1
7fb1d6fd6000-7fb1d6fd7000 r--p 00002000 08:04 10034268                   /usr/lib/x86_64-linux-gnu/libutil.so.1
7fb1d6fd7000-7fb1d6fd8000 rw-p 00003000 08:04 10034268                   /usr/lib/x86_64-linux-gnu/libutil.so.1
7fb1d6fd8000-7fb1d6fd9000 r--p 00000000 08:04 10034189                   /usr/lib/x86_64-linux-gnu/libdl.so.2
7fb1d6fd9000-7fb1d6fda000 r-xp 00001000 08:04 10034189                   /usr/lib/x86_64-linux-gnu/libdl.so.2
7fb1d6fda000-7fb1d6fdb000 r--p 00002000 08:04 10034189                   /usr/lib/x86_64-linux-gnu/libdl.so.2
7fb1d6fdb000-7fb1d6fdc000 r--p 00002000 08:04 10034189                   /usr/lib/x86_64-linux-gnu/libdl.so.2
7fb1d6fdc000-7fb1d6fdd000 rw-p 00003000 08:04 10034189                   /usr/lib/x86_64-linux-gnu/libdl.so.2
7fb1d6fdd000-7fb1d6fde000 r--p 00000000 08:04 10034246                   /usr/lib/x86_64-linux-gnu/libpthread.so.0
7fb1d6fde000-7fb1d6fdf000 r-xp 00001000 08:04 10034246                   /usr/lib/x86_64-linux-gnu/libpthread.so.0
7fb1d6fdf000-7fb1d6fe0000 r--p 00002000 08:04 10034246                   /usr/lib/x86_64-linux-gnu/libpthread.so.0
7fb1d6fe0000-7fb1d6fe1000 r--p 00002000 08:04 10034246                   /usr/lib/x86_64-linux-gnu/libpthread.so.0
7fb1d6fe1000-7fb1d6fe2000 rw-p 00003000 08:04 10034246                   /usr/lib/x86_64-linux-gnu/libpthread.so.0
7fb1d6fe2000-7fb1d6fe9000 r--s 00000000 08:04 1084263961                 /usr/lib/x86_64-linux-gnu/gconv/gconv-modules.cache
7fb1d6fe9000-7fb1d6feb000 rw-p 00000000 00:00 0 
7fb1d6feb000-7fb1d6fed000 r--p 00000000 08:04 10034095                   /usr/lib/x86_64-linux-gnu/ld-linux-x86-64.so.2
7fb1d6fed000-7fb1d7017000 r-xp 00002000 08:04 10034095                   /usr/lib/x86_64-linux-gnu/ld-linux-x86-64.so.2
7fb1d7017000-7fb1d7022000 r--p 0002c000 08:04 10034095                   /usr/lib/x86_64-linux-gnu/ld-linux-x86-64.so.2
7fb1d7023000-7fb1d7025000 r--p 00037000 08:04 10034095                   /usr/lib/x86_64-linux-gnu/ld-linux-x86-64.so.2
7fb1d7025000-7fb1d7027000 rw-p 00039000 08:04 10034095                   /usr/lib/x86_64-linux-gnu/ld-linux-x86-64.so.2
7fff5c676000-7fff5c67a000 ---p 00000000 00:00 0 
7fff5c67a000-7fff5c776000 rw-p 00000000 00:00 0                          [stack]
7fff5c77e000-7fff5c782000 r--p 00000000 00:00 0                          [vvar]
7fff5c782000-7fff5c784000 r-xp 00000000 00:00 0                          [vdso]
ffffffffff600000-ffffffffff601000 --xp 00000000 00:00 0                  [vsyscall]


VM Arguments:
java_command: jupyter[pyterrier]:/root/nfs/context_coherence/analysis/qpp_test.ipynb
java_class_path (initial): /root/.pyterrier/terrier-assemblies-5.11-jar-with-dependencies.jar:/root/.pyterrier/terrier-python-helper-0.0.8.jar:/opt/miniconda3/envs/semantic_uncertainty_export/lib/python3.11/site-packages/jnius/src
Launcher Type: generic

[Global flags]
     intx CICompilerCount                          = 15                                        {product} {ergonomic}
     uint ConcGCThreads                            = 6                                         {product} {ergonomic}
     uint G1ConcRefinementThreads                  = 23                                        {product} {ergonomic}
   size_t G1HeapRegionSize                         = 4194304                                   {product} {ergonomic}
    uintx GCDrainStackTargetSize                   = 64                                        {product} {ergonomic}
   size_t InitialHeapSize                          = 2147483648                                {product} {ergonomic}
   size_t MarkStackSize                            = 4194304                                   {product} {ergonomic}
   size_t MaxHeapSize                              = 32178700288                               {product} {ergonomic}
   size_t MaxNewSize                               = 19306381312                               {product} {ergonomic}
   size_t MinHeapDeltaBytes                        = 4194304                                   {product} {ergonomic}
    uintx NonNMethodCodeHeapSize                   = 8182140                                {pd product} {ergonomic}
    uintx NonProfiledCodeHeapSize                  = 121738050                              {pd product} {ergonomic}
    uintx ProfiledCodeHeapSize                     = 121738050                              {pd product} {ergonomic}
    uintx ReservedCodeCacheSize                    = 251658240                              {pd product} {ergonomic}
     bool SegmentedCodeCache                       = true                                      {product} {ergonomic}
     bool UseCompressedClassPointers               = true                                 {lp64_product} {ergonomic}
     bool UseCompressedOops                        = true                                 {lp64_product} {ergonomic}
     bool UseG1GC                                  = true                                      {product} {ergonomic}

Logging:
Log output configuration:
 #0: stdout all=warning uptime,level,tags
 #1: stderr all=off uptime,level,tags

Environment Variables:
PATH=/opt/miniconda3/envs/semantic_uncertainty_export/bin:/opt/miniconda3/condabin:/opt/miniconda3/bin:/usr/local/sbin:/usr/local/bin:/usr/sbin:/usr/bin:/sbin:/bin
LD_LIBRARY_PATH=/usr/local/nvidia/lib:/usr/local/nvidia/lib64
SHELL=/bin/bash
LC_CTYPE=C.UTF-8
TERM=xterm-color

Signal Handlers:
SIGSEGV: [libjvm.so+0xeaead0], sa_mask[0]=11111111011111111101111111111110, sa_flags=SA_RESTART|SA_SIGINFO
SIGBUS: [libjvm.so+0xeaead0], sa_mask[0]=11111111011111111101111111111110, sa_flags=SA_RESTART|SA_SIGINFO
SIGFPE: [libjvm.so+0xeaead0], sa_mask[0]=11111111011111111101111111111110, sa_flags=SA_RESTART|SA_SIGINFO
SIGPIPE: [libjvm.so+0xbf1430], sa_mask[0]=11111111011111111101111111111110, sa_flags=SA_RESTART|SA_SIGINFO
SIGXFSZ: [libjvm.so+0xbf1430], sa_mask[0]=11111111011111111101111111111110, sa_flags=SA_RESTART|SA_SIGINFO
SIGILL: [libjvm.so+0xeaead0], sa_mask[0]=11111111011111111101111111111110, sa_flags=SA_RESTART|SA_SIGINFO
SIGUSR2: [libjvm.so+0xbf12d0], sa_mask[0]=00000000000000000000000000000000, sa_flags=SA_RESTART|SA_SIGINFO
SIGHUP: [libjvm.so+0xbf1a90], sa_mask[0]=11111111011111111101111111111110, sa_flags=SA_RESTART|SA_SIGINFO
SIGINT: SIG_IGN, sa_mask[0]=00000000000000000000000000000000, sa_flags=SA_ONSTACK
SIGTERM: [libjvm.so+0xbf1a90], sa_mask[0]=11111111011111111101111111111110, sa_flags=SA_RESTART|SA_SIGINFO
SIGQUIT: [libjvm.so+0xbf1a90], sa_mask[0]=11111111011111111101111111111110, sa_flags=SA_RESTART|SA_SIGINFO


---------------  S Y S T E M  ---------------

OS:DISTRIB_ID=Ubuntu
DISTRIB_RELEASE=22.04
DISTRIB_CODENAME=jammy
DISTRIB_DESCRIPTION="Ubuntu 22.04.5 LTS"
uname:Linux 6.7.4-200.fc39.x86_64 #1 SMP PREEMPT_DYNAMIC Mon Feb  5 22:21:14 UTC 2024 x86_64
OS uptime: 28 days 5:43 hours
libc:glibc 2.35 NPTL 2.35 
rlimit (soft/hard): STACK 8192k/infinity , CORE infinity/infinity , NPROC 4194304/4194304 , NOFILE 1048576/1048576 , AS infinity/infinity , CPU infinity/infinity , DATA infinity/infinity , FSIZE infinity/infinity , MEMLOCK 8192k/8192k
load average:3.80 2.56 1.25

/proc/meminfo:
MemTotal:       527979860 kB
MemFree:        239921884 kB
MemAvailable:   501142904 kB
Buffers:            7084 kB
Cached:         259699412 kB
SwapCached:            0 kB
Active:         31649816 kB
Inactive:       246074752 kB
Active(anon):   18129180 kB
Inactive(anon):        0 kB
Active(file):   13520636 kB
Inactive(file): 246074752 kB
Unevictable:      358468 kB
Mlocked:          355396 kB
SwapTotal:             0 kB
SwapFree:              0 kB
Zswap:                 0 kB
Zswapped:              0 kB
Dirty:              1184 kB
Writeback:             0 kB
AnonPages:      18306960 kB
Mapped:          2419488 kB
Shmem:             94052 kB
KReclaimable:    5052456 kB
Slab:            7719204 kB
SReclaimable:    5052456 kB
SUnreclaim:      2666748 kB
KernelStack:       42544 kB
PageTables:       102924 kB
SecPageTables:         0 kB
NFS_Unstable:          0 kB
Bounce:                0 kB
WritebackTmp:          0 kB
CommitLimit:    263989928 kB
Committed_AS:   42951672 kB
VmallocTotal:   34359738367 kB
VmallocUsed:      414884 kB
VmallocChunk:          0 kB
Percpu:            85888 kB
HardwareCorrupted:     0 kB
AnonHugePages:     53248 kB
ShmemHugePages:        0 kB
ShmemPmdMapped:        0 kB
FileHugePages:    571392 kB
FilePmdMapped:         0 kB
CmaTotal:              0 kB
CmaFree:               0 kB
Unaccepted:            0 kB
HugePages_Total:       0
HugePages_Free:        0
HugePages_Rsvd:        0
HugePages_Surp:        0
Hugepagesize:       2048 kB
Hugetlb:               0 kB
DirectMap4k:     5948568 kB
DirectMap2M:    154103808 kB
DirectMap1G:    378535936 kB

/sys/kernel/mm/transparent_hugepage/enabled:
always [madvise] never
/sys/kernel/mm/transparent_hugepage/defrag (defrag/compaction efforts parameter):
always defer defer+madvise [madvise] never

Process Memory:
Virtual Size: 78523436K (peak: 325628044K)
Resident Set Size: 7174848K (peak: 7191720K) (anon: 6317952K, file: 856896K, shmem: 0K)
Swapped out: 0K
C-Heap outstanding allocations: 2822335K, retained: 200248K
glibc malloc tunables: (default)

/proc/sys/kernel/threads-max (system-wide limit on the number of threads):
4124104
/proc/sys/vm/max_map_count (maximum number of memory map areas a process may have):
262144
/proc/sys/kernel/pid_max (system-wide limit on number of process identifiers):
4194304

container (cgroup) information:
container_type: cgroupv2
cpu_cpuset_cpus: not supported
cpu_memory_nodes: not supported
active_processor_count: 32
cpu_quota: no quota
cpu_period: 100000
cpu_shares: 2048
memory_limit_in_bytes: unlimited
memory_and_swap_limit_in_bytes: unlimited
memory_soft_limit_in_bytes: unlimited
memory_usage_in_bytes: 19999596 k
memory_max_usage_in_bytes: not supported
memory_swap_current_in_bytes: unlimited
memory_swap_max_limit_in_bytes: unlimited
maximum number of tasks: 618615
current number of tasks: 297

Steal ticks since vm start: 0
Steal ticks percentage since vm start:  0.000

CPU:total 32 (initial active 32) (8 cores per cpu, 2 threads per core) family 6 model 85 stepping 7 microcode 0x5003604, cmov, cx8, fxsr, mmx, sse, sse2, sse3, ssse3, sse4.1, sse4.2, popcnt, avx, avx2, aes, clmul, erms, 3dnowpref, lzcnt, ht, tsc, tscinvbit, bmi1, bmi2, adx, evex, fma
CPU Model and flags from /proc/cpuinfo:
model name	: Intel(R) Xeon(R) Gold 6244 CPU @ 3.60GHz
flags		: fpu vme de pse tsc msr pae mce cx8 apic sep mtrr pge mca cmov pat pse36 clflush dts acpi mmx fxsr sse sse2 ss ht tm pbe syscall nx pdpe1gb rdtscp lm constant_tsc art arch_perfmon pebs bts rep_good nopl xtopology nonstop_tsc cpuid aperfmperf pni pclmulqdq dtes64 monitor ds_cpl vmx smx est tm2 ssse3 sdbg fma cx16 xtpr pdcm pcid dca sse4_1 sse4_2 x2apic movbe popcnt tsc_deadline_timer aes xsave avx f16c rdrand lahf_lm abm 3dnowprefetch cpuid_fault epb cat_l3 cdp_l3 ssbd mba ibrs ibpb stibp ibrs_enhanced tpr_shadow flexpriority ept vpid ept_ad fsgsbase tsc_adjust bmi1 avx2 smep bmi2 erms invpcid cqm mpx rdt_a avx512f avx512dq rdseed adx smap clflushopt clwb intel_pt avx512cd avx512bw avx512vl xsaveopt xsavec xgetbv1 xsaves cqm_llc cqm_occup_llc cqm_mbm_total cqm_mbm_local dtherm ida arat pln pts hwp hwp_act_window hwp_epp hwp_pkg_req vnmi pku ospke avx512_vnni md_clear flush_l1d arch_capabilities
Online cpus:
0-31
Offline cpus:

BIOS frequency limitation:
<Not Available>
Frequency switch latency (ns):
0
Available cpu frequencies:
<Not Available>
Current governor:
performance
Core performance/turbo boost:
<Not Available>

Memory: 4k page, physical 527979860k(239921884k free), swap 0k(0k free)

vm_info: OpenJDK 64-Bit Server VM (11.0.24+8-post-Ubuntu-1ubuntu322.04) for linux-amd64 JRE (11.0.24+8-post-Ubuntu-1ubuntu322.04), built on Jul 21 2024 21:19:53 by "unknown" with gcc 11.4.0

END.
