#
# A fatal error has been detected by the Java Runtime Environment:
#
#  SIGSEGV (0xb) at pc=0x00007fe78ce0a3fc, pid=3260, tid=3365
#
# JRE version: OpenJDK Runtime Environment (11.0.27+6) (build 11.0.27+6-post-Ubuntu-0ubuntu122.04)
# Java VM: OpenJDK 64-Bit Server VM (11.0.27+6-post-Ubuntu-0ubuntu122.04, mixed mode, sharing, tiered, compressed oops, g1 gc, linux-amd64)
# Problematic frame:
# C  [libc.so.6+0x453fc]
#
# Core dump will be written. Default location: Core dumps may be processed with "/usr/lib/systemd/systemd-coredump %P %u %g %s %t %c %h" (or dumping to /mnt/primary/context_coherence/analysis/core.3260)
#
# If you would like to submit a bug report, please visit:
#   https://bugs.launchpad.net/ubuntu/+source/openjdk-lts
#

---------------  S U M M A R Y ------------

Command Line: jupyter[pyterrier]:/root/nfs/context_coherence/analysis/qpp_test.ipynb

Host: AMD Ryzen Threadripper PRO 5955WX 16-Cores, 32 cores, 220G, Ubuntu 22.04.5 LTS
Time: Mon May 12 10:03:57 2025 UTC elapsed time: 817.449845 seconds (0d 0h 13m 37s)

---------------  T H R E A D  ---------------

Current thread (0x000000008c154800):  VMThread "VM Thread" [stack: 0x00007fe56f2fe000,0x00007fe56f3fe000] [id=3365]

Stack: [0x00007fe56f2fe000,0x00007fe56f3fe000],  sp=0x00007fe56f3fc810,  free space=1018k
Native frames: (J=compiled Java code, A=aot compiled Java code, j=interpreted, Vv=VM code, C=native code)
C  [libc.so.6+0x453fc]


siginfo: si_signo: 11 (SIGSEGV), si_code: 128 (SI_KERNEL), si_addr: 0x0000000000000000

Register to memory mapping:

RAX=0x00007fe78cfdfcdf: <offset 0x000000000021acdf> in /usr/lib/x86_64-linux-gnu/libc.so.6 at 0x00007fe78cdc5000
RBX=0x0 is NULL
RCX=0x0000000000000004 is an unknown value
RDX=0x000ffcf19fbf9be0 is an unknown value
RSP=0x00007fe56f3fc810 points into unknown readable memory: 0x00007fe56f3fc890 | 90 c8 3f 6f e5 7f 00 00
RBP=0x000000000000008f is an unknown value
RSI=0x000000000000008f is an unknown value
RDI=0x00007fe6c851c8c0: <offset 0x000000002431c8c0> in /opt/miniconda3/envs/semantic_uncertainty_export/lib/python3.11/site-packages/torch/lib/../../../../libcublasLt.so.11 at 0x00007fe6a4200000
R8 =0x00000000738c2d30 points into unknown readable memory: 0x0000000000000000 | 00 00 00 00 00 00 00 00
R9 =0x0000000000000001 is an unknown value
R10=0x0 is NULL
R11=0x7210536de7ee2d91 is an unknown value
R12=0x00007fe78cfdf838: <offset 0x000000000021a838> in /usr/lib/x86_64-linux-gnu/libc.so.6 at 0x00007fe78cdc5000
R13=0x00007fe6c851c8c0: <offset 0x000000002431c8c0> in /opt/miniconda3/envs/semantic_uncertainty_export/lib/python3.11/site-packages/torch/lib/../../../../libcublasLt.so.11 at 0x00007fe6a4200000
R14=0x00007fe78cfe0ee8: <offset 0x000000000021bee8> in /usr/lib/x86_64-linux-gnu/libc.so.6 at 0x00007fe78cdc5000
R15=0x00000000047ba370 points into unknown readable memory: 0x000000001fe811b0 | b0 11 e8 1f 00 00 00 00


Registers:
RAX=0x00007fe78cfdfcdf, RBX=0x0000000000000000, RCX=0x0000000000000004, RDX=0x000ffcf19fbf9be0
RSP=0x00007fe56f3fc810, RBP=0x000000000000008f, RSI=0x000000000000008f, RDI=0x00007fe6c851c8c0
R8 =0x00000000738c2d30, R9 =0x0000000000000001, R10=0x0000000000000000, R11=0x7210536de7ee2d91
R12=0x00007fe78cfdf838, R13=0x00007fe6c851c8c0, R14=0x00007fe78cfe0ee8, R15=0x00000000047ba370
RIP=0x00007fe78ce0a3fc, EFLAGS=0x0000000000010212, CSGSFS=0x002b000000000033, ERR=0x0000000000000000
  TRAPNO=0x000000000000000d

Top of Stack: (sp=0x00007fe56f3fc810)
0x00007fe56f3fc810:   00007fe56f3fc890 00007fe57d1ddca8
0x00007fe56f3fc820:   0000000000000000 0000000100000000
0x00007fe56f3fc830:   000000008c154800 00007fe57d5f7e80
0x00007fe56f3fc840:   00007fe56f3fc890 000000000000008f 

Instructions: (pc=0x00007fe78ce0a3fc)
0x00007fe78ce0a2fc:   75 22 48 c7 03 00 00 00 00 31 c0 87 05 bb 6b 1d
0x00007fe78ce0a30c:   00 83 f8 01 7f 26 31 c0 5b c3 66 2e 0f 1f 84 00
0x00007fe78ce0a31c:   00 00 00 00 e8 4b 30 fe ff 48 c7 05 88 6b 1d 00
0x00007fe78ce0a32c:   00 00 00 00 eb cc 66 0f 1f 44 00 00 48 8d 3d 89
0x00007fe78ce0a33c:   6b 1d 00 e8 bc bf 04 00 31 c0 5b c3 0f 1f 84 00
0x00007fe78ce0a34c:   00 00 00 00 48 8d 3d 71 6b 1d 00 e8 d4 be 04 00
0x00007fe78ce0a35c:   eb 88 66 90 f3 0f 1e fa 48 8b 05 15 4b 1d 00 8b
0x00007fe78ce0a36c:   00 85 c0 75 0f e9 fa f7 ff ff 66 2e 0f 1f 84 00
0x00007fe78ce0a37c:   00 00 00 00 31 c0 c3 66 2e 0f 1f 84 00 00 00 00
0x00007fe78ce0a38c:   00 0f 1f 00 f3 0f 1e fa 41 57 41 56 41 55 41 54
0x00007fe78ce0a39c:   49 89 f4 55 89 fd 53 48 83 ec 28 89 54 24 1c 84
0x00007fe78ce0a3ac:   c9 0f 85 11 02 00 00 4c 8d 35 2e 6b 1d 00 31 c0
0x00007fe78ce0a3bc:   ba 01 00 00 00 f0 41 0f b1 16 0f 85 02 02 00 00
0x00007fe78ce0a3cc:   31 db 4d 8b 3c 24 4d 85 ff 0f 84 35 01 00 00 0f
0x00007fe78ce0a3dc:   1f 44 00 00 49 8b 47 08 48 85 c0 0f 84 13 01 00
0x00007fe78ce0a3ec:   00 48 83 e8 01 48 89 c2 49 89 47 08 48 c1 e2 05
0x00007fe78ce0a3fc:   49 8b 4c 17 10 48 83 f9 03 0f 84 ad 00 00 00 48
0x00007fe78ce0a40c:   83 f9 04 74 4f 48 83 f9 02 75 cd 4c 01 fa 48 8b
0x00007fe78ce0a41c:   42 18 48 8b 72 20 89 da 48 c1 c8 11 64 48 33 04
0x00007fe78ce0a42c:   25 30 00 00 00 41 87 16 83 fa 01 0f 8f 1b 01 00
0x00007fe78ce0a43c:   00 89 ef ff d0 ba 01 00 00 00 89 d8 f0 41 0f b1
0x00007fe78ce0a44c:   16 74 91 4c 89 f7 e8 d9 bd 04 00 eb 87 0f 1f 80
0x00007fe78ce0a45c:   00 00 00 00 4c 01 fa 48 8b 42 18 4c 8b 6a 20 48
0x00007fe78ce0a46c:   c7 42 10 00 00 00 00 89 da 48 c1 c8 11 64 48 33
0x00007fe78ce0a47c:   04 25 30 00 00 00 41 87 16 83 fa 01 0f 8f 12 01
0x00007fe78ce0a48c:   00 00 89 ee 4c 89 ef ff d0 ba 01 00 00 00 89 d8
0x00007fe78ce0a49c:   f0 41 0f b1 16 0f 84 39 ff ff ff 4c 89 f7 e8 81
0x00007fe78ce0a4ac:   bd 04 00 e9 2c ff ff ff 0f 1f 40 00 49 8b 44 17
0x00007fe78ce0a4bc:   18 89 da 48 c1 c8 11 64 48 33 04 25 30 00 00 00
0x00007fe78ce0a4cc:   41 87 16 83 fa 01 0f 8f a8 00 00 00 ff d0 ba 01
0x00007fe78ce0a4dc:   00 00 00 89 d8 f0 41 0f b1 16 0f 84 f4 fe ff ff
0x00007fe78ce0a4ec:   4c 89 f7 e8 3c bd 04 00 e9 e7 fe ff ff 0f 1f 80 


Stack slot to memory mapping:
stack at sp + 0 slots: 0x00007fe56f3fc890 points into unknown readable memory: 0x00007fe56f3fc990 | 90 c9 3f 6f e5 7f 00 00
stack at sp + 1 slots: 0x00007fe57d1ddca8: <offset 0x0000000000ebdca8> in /usr/lib/jvm/java-11-openjdk-amd64/lib/server/libjvm.so at 0x00007fe57c320000
stack at sp + 2 slots: 0x0 is NULL
stack at sp + 3 slots: 0x0000000100000000 is an unknown value
stack at sp + 4 slots: 0x000000008c154800 points into unknown readable memory: 0x00007fe57d56c338 | 38 c3 56 7d e5 7f 00 00
stack at sp + 5 slots: 0x00007fe57d5f7e80: <offset 0x00000000012d7e80> in /usr/lib/jvm/java-11-openjdk-amd64/lib/server/libjvm.so at 0x00007fe57c320000
stack at sp + 6 slots: 0x00007fe56f3fc890 points into unknown readable memory: 0x00007fe56f3fc990 | 90 c9 3f 6f e5 7f 00 00
stack at sp + 7 slots: 0x000000000000008f is an unknown value

VM_Operation (0x00007fe783e02690): Exit, mode: safepoint, requested by thread 0x00007fe4d8001800


---------------  P R O C E S S  ---------------

Threads class SMR info:
_java_thread_list=0x00007fe4b0277950, length=9, elements={
0x0000000088dfb800, 0x000000008c155800, 0x000000008c156800, 0x000000008c159000,
0x000000008c15a800, 0x000000008c15c000, 0x000000008c15d000, 0x000000008c170800,
0x00007fe4d8001800
}

Java Threads: ( => current thread )
  0x0000000088dfb800 JavaThread "main" [_thread_in_native, id=3260, stack(0x00007ffc67b7e000,0x00007ffc67c7e000)]
  0x000000008c155800 JavaThread "Reference Handler" daemon [_thread_blocked, id=3366, stack(0x00007fe56e900000,0x00007fe56ea00000)]
  0x000000008c156800 JavaThread "Finalizer" daemon [_thread_blocked, id=3367, stack(0x00007fe56e800000,0x00007fe56e900000)]
  0x000000008c159000 JavaThread "Service Thread" daemon [_thread_blocked, id=3369, stack(0x00007fe56e600000,0x00007fe56e700000)]
  0x000000008c15a800 JavaThread "C2 CompilerThread0" daemon [_thread_blocked, id=3370, stack(0x00007fe56e200000,0x00007fe56e300000)]
  0x000000008c15c000 JavaThread "C1 CompilerThread0" daemon [_thread_blocked, id=3371, stack(0x00007fe55f100000,0x00007fe55f200000)]
  0x000000008c15d000 JavaThread "Sweeper thread" daemon [_thread_blocked, id=3372, stack(0x00007fe55f000000,0x00007fe55f100000)]
  0x000000008c170800 JavaThread "Common-Cleaner" daemon [_thread_blocked, id=3375, stack(0x00007fe55ccff000,0x00007fe55cdff000)]
  0x00007fe4d8001800 JavaThread "SIGTERM handler" daemon [_thread_blocked, id=4056, stack(0x00007fe783d04000,0x00007fe783e04000)]

Other Threads:
=>0x000000008c154800 VMThread "VM Thread" [stack: 0x00007fe56f2fe000,0x00007fe56f3fe000] [id=3365]
  0x0000000088d58000 GCTaskThread "GC Thread#0" [stack: 0x00007fe5739df000,0x00007fe573adf000] [id=3360]
  0x00007fe4f0001800 GCTaskThread "GC Thread#1" [stack: 0x00007fe55c5ff000,0x00007fe55c6ff000] [id=3381]
  0x00007fe4f0003000 GCTaskThread "GC Thread#2" [stack: 0x00007fe55c4fe000,0x00007fe55c5fe000] [id=3382]
  0x00007fe4f0004800 GCTaskThread "GC Thread#3" [stack: 0x00007fe55c3fd000,0x00007fe55c4fd000] [id=3383]
  0x00007fe4f0006800 GCTaskThread "GC Thread#4" [stack: 0x00007fe55c2fc000,0x00007fe55c3fc000] [id=3384]
  0x00007fe4f0008000 GCTaskThread "GC Thread#5" [stack: 0x00007fe55c1fb000,0x00007fe55c2fb000] [id=3385]
  0x00007fe4f000a000 GCTaskThread "GC Thread#6" [stack: 0x00007fe55c0fa000,0x00007fe55c1fa000] [id=3386]
  0x00007fe4f000b800 GCTaskThread "GC Thread#7" [stack: 0x00007fe514700000,0x00007fe514800000] [id=3387]
  0x00007fe4f000d000 GCTaskThread "GC Thread#8" [stack: 0x00007fe5145ff000,0x00007fe5146ff000] [id=3388]
  0x00007fe4f000f000 GCTaskThread "GC Thread#9" [stack: 0x00007fe5144fe000,0x00007fe5145fe000] [id=3389]
  0x00007fe4f0010800 GCTaskThread "GC Thread#10" [stack: 0x00007fe5143fd000,0x00007fe5144fd000] [id=3390]
  0x00007fe4f0012800 GCTaskThread "GC Thread#11" [stack: 0x00007fe5142fc000,0x00007fe5143fc000] [id=3391]
  0x00007fe4f0014000 GCTaskThread "GC Thread#12" [stack: 0x00007fe5141fb000,0x00007fe5142fb000] [id=3392]
  0x00007fe4f0015800 GCTaskThread "GC Thread#13" [stack: 0x00007fe5140fa000,0x00007fe5141fa000] [id=3393]
  0x00007fe4f0017800 GCTaskThread "GC Thread#14" [stack: 0x00007fe50ff00000,0x00007fe510000000] [id=3394]
  0x00007fe4f0019000 GCTaskThread "GC Thread#15" [stack: 0x00007fe50fdff000,0x00007fe50feff000] [id=3395]
  0x00007fe4f001b000 GCTaskThread "GC Thread#16" [stack: 0x00007fe50fcfe000,0x00007fe50fdfe000] [id=3396]
  0x00007fe4f001c800 GCTaskThread "GC Thread#17" [stack: 0x00007fe50fbfd000,0x00007fe50fcfd000] [id=3397]
  0x00007fe4f001e800 GCTaskThread "GC Thread#18" [stack: 0x00007fe50fafc000,0x00007fe50fbfc000] [id=3398]
  0x00007fe4f0020000 GCTaskThread "GC Thread#19" [stack: 0x00007fe50f9fb000,0x00007fe50fafb000] [id=3399]
  0x00007fe4f0021800 GCTaskThread "GC Thread#20" [stack: 0x00007fe50f8fa000,0x00007fe50f9fa000] [id=3400]
  0x00007fe4f0023800 GCTaskThread "GC Thread#21" [stack: 0x00007fe50f7f9000,0x00007fe50f8f9000] [id=3401]
  0x00007fe4f0025000 GCTaskThread "GC Thread#22" [stack: 0x00007fe50f6f8000,0x00007fe50f7f8000] [id=3402]
  0x0000000088dec800 ConcurrentGCThread "G1 Main Marker" [stack: 0x00007fe5738de000,0x00007fe5739de000] [id=3361]
  0x0000000088de1000 ConcurrentGCThread "G1 Conc#0" [stack: 0x00007fe56fb00000,0x00007fe56fc00000] [id=3362]
  0x000000008bfcc800 ConcurrentGCThread "G1 Refine#0" [stack: 0x00007fe56f500000,0x00007fe56f600000] [id=3363]
  0x000000008bfcd800 ConcurrentGCThread "G1 Young RemSet Sampling" [stack: 0x00007fe56f3ff000,0x00007fe56f4ff000] [id=3364]

Threads with active compile tasks:

VM state:at safepoint (shutting down)

VM Mutex/Monitor currently owned by a thread:  ([mutex/lock_event])
[0x000000004fc85800] Threads_lock - owner thread: 0x000000008c154800

Heap address: 0x0000001000400000, size: 30688 MB, Compressed Oops mode: Non-zero disjoint base: 0x0000001000000000, Oop shift amount: 3
Narrow klass base: 0x0000000800000000, Narrow klass shift: 3
Compressed class space size: 1073741824 Address: 0x0000000840000000

Heap:
 garbage-first heap   total 2105344K, used 609330K [0x0000001000400000, 0x000000177e400000)
  region size 4096K, 120 young (491520K), 1 survivors (4096K)
 Metaspace       used 6048K, capacity 7528K, committed 7680K, reserved 1056768K
  class space    used 723K, capacity 1010K, committed 1024K, reserved 1048576K
Heap Regions: E=young(eden), S=young(survivor), O=old, HS=humongous(starts), HC=humongous(continues), CS=collection set, F=free, A=archive, TAMS=top-at-mark-start (previous, next)
|   0|0x0000001000400000, 0x0000001000800000, 0x0000001000800000|100%|HS|  |TAMS 0x0000001000400000, 0x0000001000400000| Complete 
|   1|0x0000001000800000, 0x0000001000c00000, 0x0000001000c00000|100%|HC|  |TAMS 0x0000001000800000, 0x0000001000800000| Complete 
|   2|0x0000001000c00000, 0x0000001001000000, 0x0000001001000000|100%|HS|  |TAMS 0x0000001000c00000, 0x0000001000c00000| Complete 
|   3|0x0000001001000000, 0x0000001001400000, 0x0000001001400000|100%|HC|  |TAMS 0x0000001001000000, 0x0000001001000000| Complete 
|   4|0x0000001001400000, 0x0000001001800000, 0x0000001001800000|100%|HC|  |TAMS 0x0000001001400000, 0x0000001001400000| Complete 
|   5|0x0000001001800000, 0x0000001001c00000, 0x0000001001c00000|100%|HC|  |TAMS 0x0000001001800000, 0x0000001001800000| Complete 
|   6|0x0000001001c00000, 0x0000001002000000, 0x0000001002000000|100%|HC|  |TAMS 0x0000001001c00000, 0x0000001001c00000| Complete 
|   7|0x0000001002000000, 0x0000001002400000, 0x0000001002400000|100%|HC|  |TAMS 0x0000001002000000, 0x0000001002000000| Complete 
|   8|0x0000001002400000, 0x0000001002800000, 0x0000001002800000|100%|HC|  |TAMS 0x0000001002400000, 0x0000001002400000| Complete 
|   9|0x0000001002800000, 0x0000001002c00000, 0x0000001002c00000|100%|HC|  |TAMS 0x0000001002800000, 0x0000001002800000| Complete 
|  10|0x0000001002c00000, 0x0000001003000000, 0x0000001003000000|100%|HC|  |TAMS 0x0000001002c00000, 0x0000001002c00000| Complete 
|  11|0x0000001003000000, 0x0000001003400000, 0x0000001003400000|100%|HS|  |TAMS 0x0000001003000000, 0x0000001003000000| Complete 
|  12|0x0000001003400000, 0x0000001003800000, 0x0000001003800000|100%|HC|  |TAMS 0x0000001003400000, 0x0000001003400000| Complete 
|  13|0x0000001003800000, 0x0000001003c00000, 0x0000001003c00000|100%|HS|  |TAMS 0x0000001003800000, 0x0000001003800000| Complete 
|  14|0x0000001003c00000, 0x0000001004000000, 0x0000001004000000|100%|HC|  |TAMS 0x0000001003c00000, 0x0000001003c00000| Complete 
|  15|0x0000001004000000, 0x0000001004400000, 0x0000001004400000|100%|HC|  |TAMS 0x0000001004000000, 0x0000001004000000| Complete 
|  16|0x0000001004400000, 0x0000001004800000, 0x0000001004800000|100%|HC|  |TAMS 0x0000001004400000, 0x0000001004400000| Complete 
|  17|0x0000001004800000, 0x0000001004c00000, 0x0000001004c00000|100%|HC|  |TAMS 0x0000001004800000, 0x0000001004800000| Complete 
|  18|0x0000001004c00000, 0x0000001005000000, 0x0000001005000000|100%|HC|  |TAMS 0x0000001004c00000, 0x0000001004c00000| Complete 
|  19|0x0000001005000000, 0x0000001005400000, 0x0000001005400000|100%|HC|  |TAMS 0x0000001005000000, 0x0000001005000000| Complete 
|  20|0x0000001005400000, 0x0000001005800000, 0x0000001005800000|100%|HC|  |TAMS 0x0000001005400000, 0x0000001005400000| Complete 
|  21|0x0000001005800000, 0x0000001005c00000, 0x0000001005c00000|100%|HC|  |TAMS 0x0000001005800000, 0x0000001005800000| Complete 
|  22|0x0000001005c00000, 0x0000001006000000, 0x0000001006000000|100%|HC|  |TAMS 0x0000001005c00000, 0x0000001005c00000| Complete 
|  23|0x0000001006000000, 0x0000001006400000, 0x0000001006400000|100%|HC|  |TAMS 0x0000001006000000, 0x0000001006000000| Complete 
|  24|0x0000001006400000, 0x0000001006800000, 0x0000001006800000|100%|HC|  |TAMS 0x0000001006400000, 0x0000001006400000| Complete 
|  25|0x0000001006800000, 0x0000001006c00000, 0x0000001006c00000|100%|HC|  |TAMS 0x0000001006800000, 0x0000001006800000| Complete 
|  26|0x0000001006c00000, 0x0000001007000000, 0x0000001007000000|100%|HC|  |TAMS 0x0000001006c00000, 0x0000001006c00000| Complete 
|  27|0x0000001007000000, 0x0000001007400000, 0x0000001007400000|100%|HC|  |TAMS 0x0000001007000000, 0x0000001007000000| Complete 
|  28|0x0000001007400000, 0x0000001007800000, 0x0000001007800000|100%|HC|  |TAMS 0x0000001007400000, 0x0000001007400000| Complete 
|  29|0x0000001007800000, 0x0000001007c00000, 0x0000001007c00000|100%|HC|  |TAMS 0x0000001007800000, 0x0000001007800000| Complete 
|  30|0x0000001007c00000, 0x0000001007c00000, 0x0000001008000000|  0%| F|  |TAMS 0x0000001007c00000, 0x0000001007c00000| Untracked 
|  31|0x0000001008000000, 0x0000001008000000, 0x0000001008400000|  0%| F|  |TAMS 0x0000001008000000, 0x0000001008000000| Untracked 
|  32|0x0000001008400000, 0x0000001008400000, 0x0000001008800000|  0%| F|  |TAMS 0x0000001008400000, 0x0000001008400000| Untracked 
|  33|0x0000001008800000, 0x0000001008800000, 0x0000001008c00000|  0%| F|  |TAMS 0x0000001008800000, 0x0000001008800000| Untracked 
|  34|0x0000001008c00000, 0x0000001008c00000, 0x0000001009000000|  0%| F|  |TAMS 0x0000001008c00000, 0x0000001008c00000| Untracked 
|  35|0x0000001009000000, 0x0000001009000000, 0x0000001009400000|  0%| F|  |TAMS 0x0000001009000000, 0x0000001009000000| Untracked 
|  36|0x0000001009400000, 0x0000001009400000, 0x0000001009800000|  0%| F|  |TAMS 0x0000001009400000, 0x0000001009400000| Untracked 
|  37|0x0000001009800000, 0x0000001009800000, 0x0000001009c00000|  0%| F|  |TAMS 0x0000001009800000, 0x0000001009800000| Untracked 
|  38|0x0000001009c00000, 0x0000001009c00000, 0x000000100a000000|  0%| F|  |TAMS 0x0000001009c00000, 0x0000001009c00000| Untracked 
|  39|0x000000100a000000, 0x000000100a000000, 0x000000100a400000|  0%| F|  |TAMS 0x000000100a000000, 0x000000100a000000| Untracked 
|  40|0x000000100a400000, 0x000000100a400000, 0x000000100a800000|  0%| F|  |TAMS 0x000000100a400000, 0x000000100a400000| Untracked 
|  41|0x000000100a800000, 0x000000100a800000, 0x000000100ac00000|  0%| F|  |TAMS 0x000000100a800000, 0x000000100a800000| Untracked 
|  42|0x000000100ac00000, 0x000000100ac00000, 0x000000100b000000|  0%| F|  |TAMS 0x000000100ac00000, 0x000000100ac00000| Untracked 
|  43|0x000000100b000000, 0x000000100b000000, 0x000000100b400000|  0%| F|  |TAMS 0x000000100b000000, 0x000000100b000000| Untracked 
|  44|0x000000100b400000, 0x000000100b400000, 0x000000100b800000|  0%| F|  |TAMS 0x000000100b400000, 0x000000100b400000| Untracked 
|  45|0x000000100b800000, 0x000000100b800000, 0x000000100bc00000|  0%| F|  |TAMS 0x000000100b800000, 0x000000100b800000| Untracked 
|  46|0x000000100bc00000, 0x000000100bc00000, 0x000000100c000000|  0%| F|  |TAMS 0x000000100bc00000, 0x000000100bc00000| Untracked 
|  47|0x000000100c000000, 0x000000100c000000, 0x000000100c400000|  0%| F|  |TAMS 0x000000100c000000, 0x000000100c000000| Untracked 
|  48|0x000000100c400000, 0x000000100c400000, 0x000000100c800000|  0%| F|  |TAMS 0x000000100c400000, 0x000000100c400000| Untracked 
|  49|0x000000100c800000, 0x000000100c800000, 0x000000100cc00000|  0%| F|  |TAMS 0x000000100c800000, 0x000000100c800000| Untracked 
|  50|0x000000100cc00000, 0x000000100cc00000, 0x000000100d000000|  0%| F|  |TAMS 0x000000100cc00000, 0x000000100cc00000| Untracked 
|  51|0x000000100d000000, 0x000000100d000000, 0x000000100d400000|  0%| F|  |TAMS 0x000000100d000000, 0x000000100d000000| Untracked 
|  52|0x000000100d400000, 0x000000100d400000, 0x000000100d800000|  0%| F|  |TAMS 0x000000100d400000, 0x000000100d400000| Untracked 
|  53|0x000000100d800000, 0x000000100d800000, 0x000000100dc00000|  0%| F|  |TAMS 0x000000100d800000, 0x000000100d800000| Untracked 
|  54|0x000000100dc00000, 0x000000100dc00000, 0x000000100e000000|  0%| F|  |TAMS 0x000000100dc00000, 0x000000100dc00000| Untracked 
|  55|0x000000100e000000, 0x000000100e000000, 0x000000100e400000|  0%| F|  |TAMS 0x000000100e000000, 0x000000100e000000| Untracked 
|  56|0x000000100e400000, 0x000000100e400000, 0x000000100e800000|  0%| F|  |TAMS 0x000000100e400000, 0x000000100e400000| Untracked 
|  57|0x000000100e800000, 0x000000100e800000, 0x000000100ec00000|  0%| F|  |TAMS 0x000000100e800000, 0x000000100e800000| Untracked 
|  58|0x000000100ec00000, 0x000000100ec00000, 0x000000100f000000|  0%| F|  |TAMS 0x000000100ec00000, 0x000000100ec00000| Untracked 
|  59|0x000000100f000000, 0x000000100f000000, 0x000000100f400000|  0%| F|  |TAMS 0x000000100f000000, 0x000000100f000000| Untracked 
|  60|0x000000100f400000, 0x000000100f400000, 0x000000100f800000|  0%| F|  |TAMS 0x000000100f400000, 0x000000100f400000| Untracked 
|  61|0x000000100f800000, 0x000000100f800000, 0x000000100fc00000|  0%| F|  |TAMS 0x000000100f800000, 0x000000100f800000| Untracked 
|  62|0x000000100fc00000, 0x000000100fc00000, 0x0000001010000000|  0%| F|  |TAMS 0x000000100fc00000, 0x000000100fc00000| Untracked 
|  63|0x0000001010000000, 0x0000001010000000, 0x0000001010400000|  0%| F|  |TAMS 0x0000001010000000, 0x0000001010000000| Untracked 
|  64|0x0000001010400000, 0x0000001010400000, 0x0000001010800000|  0%| F|  |TAMS 0x0000001010400000, 0x0000001010400000| Untracked 
|  65|0x0000001010800000, 0x0000001010800000, 0x0000001010c00000|  0%| F|  |TAMS 0x0000001010800000, 0x0000001010800000| Untracked 
|  66|0x0000001010c00000, 0x0000001010c00000, 0x0000001011000000|  0%| F|  |TAMS 0x0000001010c00000, 0x0000001010c00000| Untracked 
|  67|0x0000001011000000, 0x0000001011000000, 0x0000001011400000|  0%| F|  |TAMS 0x0000001011000000, 0x0000001011000000| Untracked 
|  68|0x0000001011400000, 0x0000001011400000, 0x0000001011800000|  0%| F|  |TAMS 0x0000001011400000, 0x0000001011400000| Untracked 
|  69|0x0000001011800000, 0x0000001011800000, 0x0000001011c00000|  0%| F|  |TAMS 0x0000001011800000, 0x0000001011800000| Untracked 
|  70|0x0000001011c00000, 0x0000001011c00000, 0x0000001012000000|  0%| F|  |TAMS 0x0000001011c00000, 0x0000001011c00000| Untracked 
|  71|0x0000001012000000, 0x0000001012000000, 0x0000001012400000|  0%| F|  |TAMS 0x0000001012000000, 0x0000001012000000| Untracked 
|  72|0x0000001012400000, 0x0000001012400000, 0x0000001012800000|  0%| F|  |TAMS 0x0000001012400000, 0x0000001012400000| Untracked 
|  73|0x0000001012800000, 0x0000001012800000, 0x0000001012c00000|  0%| F|  |TAMS 0x0000001012800000, 0x0000001012800000| Untracked 
|  74|0x0000001012c00000, 0x0000001012c00000, 0x0000001013000000|  0%| F|  |TAMS 0x0000001012c00000, 0x0000001012c00000| Untracked 
|  75|0x0000001013000000, 0x0000001013000000, 0x0000001013400000|  0%| F|  |TAMS 0x0000001013000000, 0x0000001013000000| Untracked 
|  76|0x0000001013400000, 0x0000001013400000, 0x0000001013800000|  0%| F|  |TAMS 0x0000001013400000, 0x0000001013400000| Untracked 
|  77|0x0000001013800000, 0x0000001013800000, 0x0000001013c00000|  0%| F|  |TAMS 0x0000001013800000, 0x0000001013800000| Untracked 
|  78|0x0000001013c00000, 0x0000001013c00000, 0x0000001014000000|  0%| F|  |TAMS 0x0000001013c00000, 0x0000001013c00000| Untracked 
|  79|0x0000001014000000, 0x0000001014000000, 0x0000001014400000|  0%| F|  |TAMS 0x0000001014000000, 0x0000001014000000| Untracked 
|  80|0x0000001014400000, 0x0000001014400000, 0x0000001014800000|  0%| F|  |TAMS 0x0000001014400000, 0x0000001014400000| Untracked 
|  81|0x0000001014800000, 0x0000001014800000, 0x0000001014c00000|  0%| F|  |TAMS 0x0000001014800000, 0x0000001014800000| Untracked 
|  82|0x0000001014c00000, 0x0000001014c00000, 0x0000001015000000|  0%| F|  |TAMS 0x0000001014c00000, 0x0000001014c00000| Untracked 
|  83|0x0000001015000000, 0x0000001015000000, 0x0000001015400000|  0%| F|  |TAMS 0x0000001015000000, 0x0000001015000000| Untracked 
|  84|0x0000001015400000, 0x0000001015400000, 0x0000001015800000|  0%| F|  |TAMS 0x0000001015400000, 0x0000001015400000| Untracked 
|  85|0x0000001015800000, 0x0000001015800000, 0x0000001015c00000|  0%| F|  |TAMS 0x0000001015800000, 0x0000001015800000| Untracked 
|  86|0x0000001015c00000, 0x0000001015c00000, 0x0000001016000000|  0%| F|  |TAMS 0x0000001015c00000, 0x0000001015c00000| Untracked 
|  87|0x0000001016000000, 0x0000001016000000, 0x0000001016400000|  0%| F|  |TAMS 0x0000001016000000, 0x0000001016000000| Untracked 
|  88|0x0000001016400000, 0x0000001016400000, 0x0000001016800000|  0%| F|  |TAMS 0x0000001016400000, 0x0000001016400000| Untracked 
|  89|0x0000001016800000, 0x0000001016800000, 0x0000001016c00000|  0%| F|  |TAMS 0x0000001016800000, 0x0000001016800000| Untracked 
|  90|0x0000001016c00000, 0x0000001016c00000, 0x0000001017000000|  0%| F|  |TAMS 0x0000001016c00000, 0x0000001016c00000| Untracked 
|  91|0x0000001017000000, 0x0000001017000000, 0x0000001017400000|  0%| F|  |TAMS 0x0000001017000000, 0x0000001017000000| Untracked 
|  92|0x0000001017400000, 0x0000001017400000, 0x0000001017800000|  0%| F|  |TAMS 0x0000001017400000, 0x0000001017400000| Untracked 
|  93|0x0000001017800000, 0x0000001017800000, 0x0000001017c00000|  0%| F|  |TAMS 0x0000001017800000, 0x0000001017800000| Untracked 
|  94|0x0000001017c00000, 0x0000001017c00000, 0x0000001018000000|  0%| F|  |TAMS 0x0000001017c00000, 0x0000001017c00000| Untracked 
|  95|0x0000001018000000, 0x0000001018000000, 0x0000001018400000|  0%| F|  |TAMS 0x0000001018000000, 0x0000001018000000| Untracked 
|  96|0x0000001018400000, 0x0000001018400000, 0x0000001018800000|  0%| F|  |TAMS 0x0000001018400000, 0x0000001018400000| Untracked 
|  97|0x0000001018800000, 0x0000001018800000, 0x0000001018c00000|  0%| F|  |TAMS 0x0000001018800000, 0x0000001018800000| Untracked 
|  98|0x0000001018c00000, 0x0000001018c00000, 0x0000001019000000|  0%| F|  |TAMS 0x0000001018c00000, 0x0000001018c00000| Untracked 
|  99|0x0000001019000000, 0x0000001019000000, 0x0000001019400000|  0%| F|  |TAMS 0x0000001019000000, 0x0000001019000000| Untracked 
| 100|0x0000001019400000, 0x0000001019400000, 0x0000001019800000|  0%| F|  |TAMS 0x0000001019400000, 0x0000001019400000| Untracked 
| 101|0x0000001019800000, 0x0000001019800000, 0x0000001019c00000|  0%| F|  |TAMS 0x0000001019800000, 0x0000001019800000| Untracked 
| 102|0x0000001019c00000, 0x0000001019c00000, 0x000000101a000000|  0%| F|  |TAMS 0x0000001019c00000, 0x0000001019c00000| Untracked 
| 103|0x000000101a000000, 0x000000101a000000, 0x000000101a400000|  0%| F|  |TAMS 0x000000101a000000, 0x000000101a000000| Untracked 
| 104|0x000000101a400000, 0x000000101a400000, 0x000000101a800000|  0%| F|  |TAMS 0x000000101a400000, 0x000000101a400000| Untracked 
| 105|0x000000101a800000, 0x000000101a800000, 0x000000101ac00000|  0%| F|  |TAMS 0x000000101a800000, 0x000000101a800000| Untracked 
| 106|0x000000101ac00000, 0x000000101ac00000, 0x000000101b000000|  0%| F|  |TAMS 0x000000101ac00000, 0x000000101ac00000| Untracked 
| 107|0x000000101b000000, 0x000000101b000000, 0x000000101b400000|  0%| F|  |TAMS 0x000000101b000000, 0x000000101b000000| Untracked 
| 108|0x000000101b400000, 0x000000101b400000, 0x000000101b800000|  0%| F|  |TAMS 0x000000101b400000, 0x000000101b400000| Untracked 
| 109|0x000000101b800000, 0x000000101b800000, 0x000000101bc00000|  0%| F|  |TAMS 0x000000101b800000, 0x000000101b800000| Untracked 
| 110|0x000000101bc00000, 0x000000101bc00000, 0x000000101c000000|  0%| F|  |TAMS 0x000000101bc00000, 0x000000101bc00000| Untracked 
| 111|0x000000101c000000, 0x000000101c000000, 0x000000101c400000|  0%| F|  |TAMS 0x000000101c000000, 0x000000101c000000| Untracked 
| 112|0x000000101c400000, 0x000000101c400000, 0x000000101c800000|  0%| F|  |TAMS 0x000000101c400000, 0x000000101c400000| Untracked 
| 113|0x000000101c800000, 0x000000101c800000, 0x000000101cc00000|  0%| F|  |TAMS 0x000000101c800000, 0x000000101c800000| Untracked 
| 114|0x000000101cc00000, 0x000000101cc00000, 0x000000101d000000|  0%| F|  |TAMS 0x000000101cc00000, 0x000000101cc00000| Untracked 
| 115|0x000000101d000000, 0x000000101d000000, 0x000000101d400000|  0%| F|  |TAMS 0x000000101d000000, 0x000000101d000000| Untracked 
| 116|0x000000101d400000, 0x000000101d400000, 0x000000101d800000|  0%| F|  |TAMS 0x000000101d400000, 0x000000101d400000| Untracked 
| 117|0x000000101d800000, 0x000000101d800000, 0x000000101dc00000|  0%| F|  |TAMS 0x000000101d800000, 0x000000101d800000| Untracked 
| 118|0x000000101dc00000, 0x000000101dc00000, 0x000000101e000000|  0%| F|  |TAMS 0x000000101dc00000, 0x000000101dc00000| Untracked 
| 119|0x000000101e000000, 0x000000101e000000, 0x000000101e400000|  0%| F|  |TAMS 0x000000101e000000, 0x000000101e000000| Untracked 
| 120|0x000000101e400000, 0x000000101e400000, 0x000000101e800000|  0%| F|  |TAMS 0x000000101e400000, 0x000000101e400000| Untracked 
| 121|0x000000101e800000, 0x000000101e800000, 0x000000101ec00000|  0%| F|  |TAMS 0x000000101e800000, 0x000000101e800000| Untracked 
| 122|0x000000101ec00000, 0x000000101ec00000, 0x000000101f000000|  0%| F|  |TAMS 0x000000101ec00000, 0x000000101ec00000| Untracked 
| 123|0x000000101f000000, 0x000000101f000000, 0x000000101f400000|  0%| F|  |TAMS 0x000000101f000000, 0x000000101f000000| Untracked 
| 124|0x000000101f400000, 0x000000101f400000, 0x000000101f800000|  0%| F|  |TAMS 0x000000101f400000, 0x000000101f400000| Untracked 
| 125|0x000000101f800000, 0x000000101f800000, 0x000000101fc00000|  0%| F|  |TAMS 0x000000101f800000, 0x000000101f800000| Untracked 
| 126|0x000000101fc00000, 0x000000101fc00000, 0x0000001020000000|  0%| F|  |TAMS 0x000000101fc00000, 0x000000101fc00000| Untracked 
| 127|0x0000001020000000, 0x0000001020000000, 0x0000001020400000|  0%| F|  |TAMS 0x0000001020000000, 0x0000001020000000| Untracked 
| 128|0x0000001020400000, 0x0000001020400000, 0x0000001020800000|  0%| F|  |TAMS 0x0000001020400000, 0x0000001020400000| Untracked 
| 129|0x0000001020800000, 0x0000001020800000, 0x0000001020c00000|  0%| F|  |TAMS 0x0000001020800000, 0x0000001020800000| Untracked 
| 130|0x0000001020c00000, 0x0000001020c00000, 0x0000001021000000|  0%| F|  |TAMS 0x0000001020c00000, 0x0000001020c00000| Untracked 
| 131|0x0000001021000000, 0x0000001021000000, 0x0000001021400000|  0%| F|  |TAMS 0x0000001021000000, 0x0000001021000000| Untracked 
| 132|0x0000001021400000, 0x0000001021400000, 0x0000001021800000|  0%| F|  |TAMS 0x0000001021400000, 0x0000001021400000| Untracked 
| 133|0x0000001021800000, 0x0000001021800000, 0x0000001021c00000|  0%| F|  |TAMS 0x0000001021800000, 0x0000001021800000| Untracked 
| 134|0x0000001021c00000, 0x0000001021c00000, 0x0000001022000000|  0%| F|  |TAMS 0x0000001021c00000, 0x0000001021c00000| Untracked 
| 135|0x0000001022000000, 0x0000001022000000, 0x0000001022400000|  0%| F|  |TAMS 0x0000001022000000, 0x0000001022000000| Untracked 
| 136|0x0000001022400000, 0x0000001022400000, 0x0000001022800000|  0%| F|  |TAMS 0x0000001022400000, 0x0000001022400000| Untracked 
| 137|0x0000001022800000, 0x0000001022800000, 0x0000001022c00000|  0%| F|  |TAMS 0x0000001022800000, 0x0000001022800000| Untracked 
| 138|0x0000001022c00000, 0x0000001022c00000, 0x0000001023000000|  0%| F|  |TAMS 0x0000001022c00000, 0x0000001022c00000| Untracked 
| 139|0x0000001023000000, 0x0000001023000000, 0x0000001023400000|  0%| F|  |TAMS 0x0000001023000000, 0x0000001023000000| Untracked 
| 140|0x0000001023400000, 0x0000001023400000, 0x0000001023800000|  0%| F|  |TAMS 0x0000001023400000, 0x0000001023400000| Untracked 
| 141|0x0000001023800000, 0x0000001023800000, 0x0000001023c00000|  0%| F|  |TAMS 0x0000001023800000, 0x0000001023800000| Untracked 
| 142|0x0000001023c00000, 0x0000001023c00000, 0x0000001024000000|  0%| F|  |TAMS 0x0000001023c00000, 0x0000001023c00000| Untracked 
| 143|0x0000001024000000, 0x0000001024000000, 0x0000001024400000|  0%| F|  |TAMS 0x0000001024000000, 0x0000001024000000| Untracked 
| 144|0x0000001024400000, 0x0000001024400000, 0x0000001024800000|  0%| F|  |TAMS 0x0000001024400000, 0x0000001024400000| Untracked 
| 145|0x0000001024800000, 0x0000001024800000, 0x0000001024c00000|  0%| F|  |TAMS 0x0000001024800000, 0x0000001024800000| Untracked 
| 146|0x0000001024c00000, 0x0000001024c00000, 0x0000001025000000|  0%| F|  |TAMS 0x0000001024c00000, 0x0000001024c00000| Untracked 
| 147|0x0000001025000000, 0x0000001025000000, 0x0000001025400000|  0%| F|  |TAMS 0x0000001025000000, 0x0000001025000000| Untracked 
| 148|0x0000001025400000, 0x0000001025400000, 0x0000001025800000|  0%| F|  |TAMS 0x0000001025400000, 0x0000001025400000| Untracked 
| 149|0x0000001025800000, 0x0000001025800000, 0x0000001025c00000|  0%| F|  |TAMS 0x0000001025800000, 0x0000001025800000| Untracked 
| 150|0x0000001025c00000, 0x0000001025c00000, 0x0000001026000000|  0%| F|  |TAMS 0x0000001025c00000, 0x0000001025c00000| Untracked 
| 151|0x0000001026000000, 0x0000001026000000, 0x0000001026400000|  0%| F|  |TAMS 0x0000001026000000, 0x0000001026000000| Untracked 
| 152|0x0000001026400000, 0x0000001026400000, 0x0000001026800000|  0%| F|  |TAMS 0x0000001026400000, 0x0000001026400000| Untracked 
| 153|0x0000001026800000, 0x0000001026800000, 0x0000001026c00000|  0%| F|  |TAMS 0x0000001026800000, 0x0000001026800000| Untracked 
| 154|0x0000001026c00000, 0x0000001026c00000, 0x0000001027000000|  0%| F|  |TAMS 0x0000001026c00000, 0x0000001026c00000| Untracked 
| 155|0x0000001027000000, 0x0000001027000000, 0x0000001027400000|  0%| F|  |TAMS 0x0000001027000000, 0x0000001027000000| Untracked 
| 156|0x0000001027400000, 0x0000001027400000, 0x0000001027800000|  0%| F|  |TAMS 0x0000001027400000, 0x0000001027400000| Untracked 
| 157|0x0000001027800000, 0x0000001027800000, 0x0000001027c00000|  0%| F|  |TAMS 0x0000001027800000, 0x0000001027800000| Untracked 
| 158|0x0000001027c00000, 0x0000001027c00000, 0x0000001028000000|  0%| F|  |TAMS 0x0000001027c00000, 0x0000001027c00000| Untracked 
| 159|0x0000001028000000, 0x0000001028000000, 0x0000001028400000|  0%| F|  |TAMS 0x0000001028000000, 0x0000001028000000| Untracked 
| 160|0x0000001028400000, 0x0000001028400000, 0x0000001028800000|  0%| F|  |TAMS 0x0000001028400000, 0x0000001028400000| Untracked 
| 161|0x0000001028800000, 0x0000001028800000, 0x0000001028c00000|  0%| F|  |TAMS 0x0000001028800000, 0x0000001028800000| Untracked 
| 162|0x0000001028c00000, 0x0000001028c00000, 0x0000001029000000|  0%| F|  |TAMS 0x0000001028c00000, 0x0000001028c00000| Untracked 
| 163|0x0000001029000000, 0x0000001029000000, 0x0000001029400000|  0%| F|  |TAMS 0x0000001029000000, 0x0000001029000000| Untracked 
| 164|0x0000001029400000, 0x0000001029400000, 0x0000001029800000|  0%| F|  |TAMS 0x0000001029400000, 0x0000001029400000| Untracked 
| 165|0x0000001029800000, 0x0000001029800000, 0x0000001029c00000|  0%| F|  |TAMS 0x0000001029800000, 0x0000001029800000| Untracked 
| 166|0x0000001029c00000, 0x0000001029c00000, 0x000000102a000000|  0%| F|  |TAMS 0x0000001029c00000, 0x0000001029c00000| Untracked 
| 167|0x000000102a000000, 0x000000102a000000, 0x000000102a400000|  0%| F|  |TAMS 0x000000102a000000, 0x000000102a000000| Untracked 
| 168|0x000000102a400000, 0x000000102a400000, 0x000000102a800000|  0%| F|  |TAMS 0x000000102a400000, 0x000000102a400000| Untracked 
| 169|0x000000102a800000, 0x000000102a800000, 0x000000102ac00000|  0%| F|  |TAMS 0x000000102a800000, 0x000000102a800000| Untracked 
| 170|0x000000102ac00000, 0x000000102ac00000, 0x000000102b000000|  0%| F|  |TAMS 0x000000102ac00000, 0x000000102ac00000| Untracked 
| 171|0x000000102b000000, 0x000000102b000000, 0x000000102b400000|  0%| F|  |TAMS 0x000000102b000000, 0x000000102b000000| Untracked 
| 172|0x000000102b400000, 0x000000102b400000, 0x000000102b800000|  0%| F|  |TAMS 0x000000102b400000, 0x000000102b400000| Untracked 
| 173|0x000000102b800000, 0x000000102b800000, 0x000000102bc00000|  0%| F|  |TAMS 0x000000102b800000, 0x000000102b800000| Untracked 
| 174|0x000000102bc00000, 0x000000102bc00000, 0x000000102c000000|  0%| F|  |TAMS 0x000000102bc00000, 0x000000102bc00000| Untracked 
| 175|0x000000102c000000, 0x000000102c000000, 0x000000102c400000|  0%| F|  |TAMS 0x000000102c000000, 0x000000102c000000| Untracked 
| 176|0x000000102c400000, 0x000000102c400000, 0x000000102c800000|  0%| F|  |TAMS 0x000000102c400000, 0x000000102c400000| Untracked 
| 177|0x000000102c800000, 0x000000102c800000, 0x000000102cc00000|  0%| F|  |TAMS 0x000000102c800000, 0x000000102c800000| Untracked 
| 178|0x000000102cc00000, 0x000000102cc00000, 0x000000102d000000|  0%| F|  |TAMS 0x000000102cc00000, 0x000000102cc00000| Untracked 
| 179|0x000000102d000000, 0x000000102d000000, 0x000000102d400000|  0%| F|  |TAMS 0x000000102d000000, 0x000000102d000000| Untracked 
| 180|0x000000102d400000, 0x000000102d400000, 0x000000102d800000|  0%| F|  |TAMS 0x000000102d400000, 0x000000102d400000| Untracked 
| 181|0x000000102d800000, 0x000000102d800000, 0x000000102dc00000|  0%| F|  |TAMS 0x000000102d800000, 0x000000102d800000| Untracked 
| 182|0x000000102dc00000, 0x000000102dc00000, 0x000000102e000000|  0%| F|  |TAMS 0x000000102dc00000, 0x000000102dc00000| Untracked 
| 183|0x000000102e000000, 0x000000102e000000, 0x000000102e400000|  0%| F|  |TAMS 0x000000102e000000, 0x000000102e000000| Untracked 
| 184|0x000000102e400000, 0x000000102e400000, 0x000000102e800000|  0%| F|  |TAMS 0x000000102e400000, 0x000000102e400000| Untracked 
| 185|0x000000102e800000, 0x000000102e800000, 0x000000102ec00000|  0%| F|  |TAMS 0x000000102e800000, 0x000000102e800000| Untracked 
| 186|0x000000102ec00000, 0x000000102ec00000, 0x000000102f000000|  0%| F|  |TAMS 0x000000102ec00000, 0x000000102ec00000| Untracked 
| 187|0x000000102f000000, 0x000000102f000000, 0x000000102f400000|  0%| F|  |TAMS 0x000000102f000000, 0x000000102f000000| Untracked 
| 188|0x000000102f400000, 0x000000102f400000, 0x000000102f800000|  0%| F|  |TAMS 0x000000102f400000, 0x000000102f400000| Untracked 
| 189|0x000000102f800000, 0x000000102f800000, 0x000000102fc00000|  0%| F|  |TAMS 0x000000102f800000, 0x000000102f800000| Untracked 
| 190|0x000000102fc00000, 0x000000102fc00000, 0x0000001030000000|  0%| F|  |TAMS 0x000000102fc00000, 0x000000102fc00000| Untracked 
| 191|0x0000001030000000, 0x0000001030000000, 0x0000001030400000|  0%| F|  |TAMS 0x0000001030000000, 0x0000001030000000| Untracked 
| 192|0x0000001030400000, 0x0000001030400000, 0x0000001030800000|  0%| F|  |TAMS 0x0000001030400000, 0x0000001030400000| Untracked 
| 193|0x0000001030800000, 0x0000001030800000, 0x0000001030c00000|  0%| F|  |TAMS 0x0000001030800000, 0x0000001030800000| Untracked 
| 194|0x0000001030c00000, 0x0000001030c00000, 0x0000001031000000|  0%| F|  |TAMS 0x0000001030c00000, 0x0000001030c00000| Untracked 
| 195|0x0000001031000000, 0x0000001031000000, 0x0000001031400000|  0%| F|  |TAMS 0x0000001031000000, 0x0000001031000000| Untracked 
| 196|0x0000001031400000, 0x0000001031400000, 0x0000001031800000|  0%| F|  |TAMS 0x0000001031400000, 0x0000001031400000| Untracked 
| 197|0x0000001031800000, 0x0000001031800000, 0x0000001031c00000|  0%| F|  |TAMS 0x0000001031800000, 0x0000001031800000| Untracked 
| 198|0x0000001031c00000, 0x0000001031c00000, 0x0000001032000000|  0%| F|  |TAMS 0x0000001031c00000, 0x0000001031c00000| Untracked 
| 199|0x0000001032000000, 0x0000001032000000, 0x0000001032400000|  0%| F|  |TAMS 0x0000001032000000, 0x0000001032000000| Untracked 
| 200|0x0000001032400000, 0x0000001032400000, 0x0000001032800000|  0%| F|  |TAMS 0x0000001032400000, 0x0000001032400000| Untracked 
| 201|0x0000001032800000, 0x0000001032800000, 0x0000001032c00000|  0%| F|  |TAMS 0x0000001032800000, 0x0000001032800000| Untracked 
| 202|0x0000001032c00000, 0x0000001032c00000, 0x0000001033000000|  0%| F|  |TAMS 0x0000001032c00000, 0x0000001032c00000| Untracked 
| 203|0x0000001033000000, 0x0000001033000000, 0x0000001033400000|  0%| F|  |TAMS 0x0000001033000000, 0x0000001033000000| Untracked 
| 204|0x0000001033400000, 0x0000001033400000, 0x0000001033800000|  0%| F|  |TAMS 0x0000001033400000, 0x0000001033400000| Untracked 
| 205|0x0000001033800000, 0x0000001033800000, 0x0000001033c00000|  0%| F|  |TAMS 0x0000001033800000, 0x0000001033800000| Untracked 
| 206|0x0000001033c00000, 0x0000001033c00000, 0x0000001034000000|  0%| F|  |TAMS 0x0000001033c00000, 0x0000001033c00000| Untracked 
| 207|0x0000001034000000, 0x0000001034000000, 0x0000001034400000|  0%| F|  |TAMS 0x0000001034000000, 0x0000001034000000| Untracked 
| 208|0x0000001034400000, 0x0000001034400000, 0x0000001034800000|  0%| F|  |TAMS 0x0000001034400000, 0x0000001034400000| Untracked 
| 209|0x0000001034800000, 0x0000001034800000, 0x0000001034c00000|  0%| F|  |TAMS 0x0000001034800000, 0x0000001034800000| Untracked 
| 210|0x0000001034c00000, 0x0000001034c00000, 0x0000001035000000|  0%| F|  |TAMS 0x0000001034c00000, 0x0000001034c00000| Untracked 
| 211|0x0000001035000000, 0x0000001035000000, 0x0000001035400000|  0%| F|  |TAMS 0x0000001035000000, 0x0000001035000000| Untracked 
| 212|0x0000001035400000, 0x0000001035400000, 0x0000001035800000|  0%| F|  |TAMS 0x0000001035400000, 0x0000001035400000| Untracked 
| 213|0x0000001035800000, 0x0000001035800000, 0x0000001035c00000|  0%| F|  |TAMS 0x0000001035800000, 0x0000001035800000| Untracked 
| 214|0x0000001035c00000, 0x0000001035c00000, 0x0000001036000000|  0%| F|  |TAMS 0x0000001035c00000, 0x0000001035c00000| Untracked 
| 215|0x0000001036000000, 0x0000001036000000, 0x0000001036400000|  0%| F|  |TAMS 0x0000001036000000, 0x0000001036000000| Untracked 
| 216|0x0000001036400000, 0x0000001036400000, 0x0000001036800000|  0%| F|  |TAMS 0x0000001036400000, 0x0000001036400000| Untracked 
| 217|0x0000001036800000, 0x0000001036800000, 0x0000001036c00000|  0%| F|  |TAMS 0x0000001036800000, 0x0000001036800000| Untracked 
| 218|0x0000001036c00000, 0x0000001036c00000, 0x0000001037000000|  0%| F|  |TAMS 0x0000001036c00000, 0x0000001036c00000| Untracked 
| 219|0x0000001037000000, 0x0000001037000000, 0x0000001037400000|  0%| F|  |TAMS 0x0000001037000000, 0x0000001037000000| Untracked 
| 220|0x0000001037400000, 0x0000001037400000, 0x0000001037800000|  0%| F|  |TAMS 0x0000001037400000, 0x0000001037400000| Untracked 
| 221|0x0000001037800000, 0x0000001037800000, 0x0000001037c00000|  0%| F|  |TAMS 0x0000001037800000, 0x0000001037800000| Untracked 
| 222|0x0000001037c00000, 0x0000001037c00000, 0x0000001038000000|  0%| F|  |TAMS 0x0000001037c00000, 0x0000001037c00000| Untracked 
| 223|0x0000001038000000, 0x0000001038000000, 0x0000001038400000|  0%| F|  |TAMS 0x0000001038000000, 0x0000001038000000| Untracked 
| 224|0x0000001038400000, 0x0000001038400000, 0x0000001038800000|  0%| F|  |TAMS 0x0000001038400000, 0x0000001038400000| Untracked 
| 225|0x0000001038800000, 0x0000001038800000, 0x0000001038c00000|  0%| F|  |TAMS 0x0000001038800000, 0x0000001038800000| Untracked 
| 226|0x0000001038c00000, 0x0000001038c00000, 0x0000001039000000|  0%| F|  |TAMS 0x0000001038c00000, 0x0000001038c00000| Untracked 
| 227|0x0000001039000000, 0x0000001039000000, 0x0000001039400000|  0%| F|  |TAMS 0x0000001039000000, 0x0000001039000000| Untracked 
| 228|0x0000001039400000, 0x0000001039400000, 0x0000001039800000|  0%| F|  |TAMS 0x0000001039400000, 0x0000001039400000| Untracked 
| 229|0x0000001039800000, 0x0000001039800000, 0x0000001039c00000|  0%| F|  |TAMS 0x0000001039800000, 0x0000001039800000| Untracked 
| 230|0x0000001039c00000, 0x0000001039c00000, 0x000000103a000000|  0%| F|  |TAMS 0x0000001039c00000, 0x0000001039c00000| Untracked 
| 231|0x000000103a000000, 0x000000103a000000, 0x000000103a400000|  0%| F|  |TAMS 0x000000103a000000, 0x000000103a000000| Untracked 
| 232|0x000000103a400000, 0x000000103a400000, 0x000000103a800000|  0%| F|  |TAMS 0x000000103a400000, 0x000000103a400000| Untracked 
| 233|0x000000103a800000, 0x000000103a800000, 0x000000103ac00000|  0%| F|  |TAMS 0x000000103a800000, 0x000000103a800000| Untracked 
| 234|0x000000103ac00000, 0x000000103ac00000, 0x000000103b000000|  0%| F|  |TAMS 0x000000103ac00000, 0x000000103ac00000| Untracked 
| 235|0x000000103b000000, 0x000000103b000000, 0x000000103b400000|  0%| F|  |TAMS 0x000000103b000000, 0x000000103b000000| Untracked 
| 236|0x000000103b400000, 0x000000103b400000, 0x000000103b800000|  0%| F|  |TAMS 0x000000103b400000, 0x000000103b400000| Untracked 
| 237|0x000000103b800000, 0x000000103b800000, 0x000000103bc00000|  0%| F|  |TAMS 0x000000103b800000, 0x000000103b800000| Untracked 
| 238|0x000000103bc00000, 0x000000103bc00000, 0x000000103c000000|  0%| F|  |TAMS 0x000000103bc00000, 0x000000103bc00000| Untracked 
| 239|0x000000103c000000, 0x000000103c000000, 0x000000103c400000|  0%| F|  |TAMS 0x000000103c000000, 0x000000103c000000| Untracked 
| 240|0x000000103c400000, 0x000000103c400000, 0x000000103c800000|  0%| F|  |TAMS 0x000000103c400000, 0x000000103c400000| Untracked 
| 241|0x000000103c800000, 0x000000103c800000, 0x000000103cc00000|  0%| F|  |TAMS 0x000000103c800000, 0x000000103c800000| Untracked 
| 242|0x000000103cc00000, 0x000000103cc00000, 0x000000103d000000|  0%| F|  |TAMS 0x000000103cc00000, 0x000000103cc00000| Untracked 
| 243|0x000000103d000000, 0x000000103d000000, 0x000000103d400000|  0%| F|  |TAMS 0x000000103d000000, 0x000000103d000000| Untracked 
| 244|0x000000103d400000, 0x000000103d400000, 0x000000103d800000|  0%| F|  |TAMS 0x000000103d400000, 0x000000103d400000| Untracked 
| 245|0x000000103d800000, 0x000000103d800000, 0x000000103dc00000|  0%| F|  |TAMS 0x000000103d800000, 0x000000103d800000| Untracked 
| 246|0x000000103dc00000, 0x000000103dc00000, 0x000000103e000000|  0%| F|  |TAMS 0x000000103dc00000, 0x000000103dc00000| Untracked 
| 247|0x000000103e000000, 0x000000103e000000, 0x000000103e400000|  0%| F|  |TAMS 0x000000103e000000, 0x000000103e000000| Untracked 
| 248|0x000000103e400000, 0x000000103e400000, 0x000000103e800000|  0%| F|  |TAMS 0x000000103e400000, 0x000000103e400000| Untracked 
| 249|0x000000103e800000, 0x000000103e800000, 0x000000103ec00000|  0%| F|  |TAMS 0x000000103e800000, 0x000000103e800000| Untracked 
| 250|0x000000103ec00000, 0x000000103ec00000, 0x000000103f000000|  0%| F|  |TAMS 0x000000103ec00000, 0x000000103ec00000| Untracked 
| 251|0x000000103f000000, 0x000000103f000000, 0x000000103f400000|  0%| F|  |TAMS 0x000000103f000000, 0x000000103f000000| Untracked 
| 252|0x000000103f400000, 0x000000103f400000, 0x000000103f800000|  0%| F|  |TAMS 0x000000103f400000, 0x000000103f400000| Untracked 
| 253|0x000000103f800000, 0x000000103f800000, 0x000000103fc00000|  0%| F|  |TAMS 0x000000103f800000, 0x000000103f800000| Untracked 
| 254|0x000000103fc00000, 0x000000103fc00000, 0x0000001040000000|  0%| F|  |TAMS 0x000000103fc00000, 0x000000103fc00000| Untracked 
| 255|0x0000001040000000, 0x0000001040000000, 0x0000001040400000|  0%| F|  |TAMS 0x0000001040000000, 0x0000001040000000| Untracked 
| 256|0x0000001040400000, 0x0000001040400000, 0x0000001040800000|  0%| F|  |TAMS 0x0000001040400000, 0x0000001040400000| Untracked 
| 257|0x0000001040800000, 0x0000001040800000, 0x0000001040c00000|  0%| F|  |TAMS 0x0000001040800000, 0x0000001040800000| Untracked 
| 258|0x0000001040c00000, 0x0000001040c00000, 0x0000001041000000|  0%| F|  |TAMS 0x0000001040c00000, 0x0000001040c00000| Untracked 
| 259|0x0000001041000000, 0x0000001041000000, 0x0000001041400000|  0%| F|  |TAMS 0x0000001041000000, 0x0000001041000000| Untracked 
| 260|0x0000001041400000, 0x0000001041400000, 0x0000001041800000|  0%| F|  |TAMS 0x0000001041400000, 0x0000001041400000| Untracked 
| 261|0x0000001041800000, 0x0000001041800000, 0x0000001041c00000|  0%| F|  |TAMS 0x0000001041800000, 0x0000001041800000| Untracked 
| 262|0x0000001041c00000, 0x0000001041c00000, 0x0000001042000000|  0%| F|  |TAMS 0x0000001041c00000, 0x0000001041c00000| Untracked 
| 263|0x0000001042000000, 0x0000001042000000, 0x0000001042400000|  0%| F|  |TAMS 0x0000001042000000, 0x0000001042000000| Untracked 
| 264|0x0000001042400000, 0x0000001042400000, 0x0000001042800000|  0%| F|  |TAMS 0x0000001042400000, 0x0000001042400000| Untracked 
| 265|0x0000001042800000, 0x0000001042800000, 0x0000001042c00000|  0%| F|  |TAMS 0x0000001042800000, 0x0000001042800000| Untracked 
| 266|0x0000001042c00000, 0x0000001042c00000, 0x0000001043000000|  0%| F|  |TAMS 0x0000001042c00000, 0x0000001042c00000| Untracked 
| 267|0x0000001043000000, 0x0000001043000000, 0x0000001043400000|  0%| F|  |TAMS 0x0000001043000000, 0x0000001043000000| Untracked 
| 268|0x0000001043400000, 0x0000001043400000, 0x0000001043800000|  0%| F|  |TAMS 0x0000001043400000, 0x0000001043400000| Untracked 
| 269|0x0000001043800000, 0x0000001043800000, 0x0000001043c00000|  0%| F|  |TAMS 0x0000001043800000, 0x0000001043800000| Untracked 
| 270|0x0000001043c00000, 0x0000001043c00000, 0x0000001044000000|  0%| F|  |TAMS 0x0000001043c00000, 0x0000001043c00000| Untracked 
| 271|0x0000001044000000, 0x0000001044000000, 0x0000001044400000|  0%| F|  |TAMS 0x0000001044000000, 0x0000001044000000| Untracked 
| 272|0x0000001044400000, 0x0000001044400000, 0x0000001044800000|  0%| F|  |TAMS 0x0000001044400000, 0x0000001044400000| Untracked 
| 273|0x0000001044800000, 0x0000001044800000, 0x0000001044c00000|  0%| F|  |TAMS 0x0000001044800000, 0x0000001044800000| Untracked 
| 274|0x0000001044c00000, 0x0000001044c00000, 0x0000001045000000|  0%| F|  |TAMS 0x0000001044c00000, 0x0000001044c00000| Untracked 
| 275|0x0000001045000000, 0x0000001045000000, 0x0000001045400000|  0%| F|  |TAMS 0x0000001045000000, 0x0000001045000000| Untracked 
| 276|0x0000001045400000, 0x0000001045400000, 0x0000001045800000|  0%| F|  |TAMS 0x0000001045400000, 0x0000001045400000| Untracked 
| 277|0x0000001045800000, 0x0000001045800000, 0x0000001045c00000|  0%| F|  |TAMS 0x0000001045800000, 0x0000001045800000| Untracked 
| 278|0x0000001045c00000, 0x0000001045c00000, 0x0000001046000000|  0%| F|  |TAMS 0x0000001045c00000, 0x0000001045c00000| Untracked 
| 279|0x0000001046000000, 0x0000001046000000, 0x0000001046400000|  0%| F|  |TAMS 0x0000001046000000, 0x0000001046000000| Untracked 
| 280|0x0000001046400000, 0x0000001046400000, 0x0000001046800000|  0%| F|  |TAMS 0x0000001046400000, 0x0000001046400000| Untracked 
| 281|0x0000001046800000, 0x0000001046800000, 0x0000001046c00000|  0%| F|  |TAMS 0x0000001046800000, 0x0000001046800000| Untracked 
| 282|0x0000001046c00000, 0x0000001046c00000, 0x0000001047000000|  0%| F|  |TAMS 0x0000001046c00000, 0x0000001046c00000| Untracked 
| 283|0x0000001047000000, 0x0000001047000000, 0x0000001047400000|  0%| F|  |TAMS 0x0000001047000000, 0x0000001047000000| Untracked 
| 284|0x0000001047400000, 0x0000001047400000, 0x0000001047800000|  0%| F|  |TAMS 0x0000001047400000, 0x0000001047400000| Untracked 
| 285|0x0000001047800000, 0x0000001047800000, 0x0000001047c00000|  0%| F|  |TAMS 0x0000001047800000, 0x0000001047800000| Untracked 
| 286|0x0000001047c00000, 0x0000001047c00000, 0x0000001048000000|  0%| F|  |TAMS 0x0000001047c00000, 0x0000001047c00000| Untracked 
| 287|0x0000001048000000, 0x0000001048000000, 0x0000001048400000|  0%| F|  |TAMS 0x0000001048000000, 0x0000001048000000| Untracked 
| 288|0x0000001048400000, 0x0000001048400000, 0x0000001048800000|  0%| F|  |TAMS 0x0000001048400000, 0x0000001048400000| Untracked 
| 289|0x0000001048800000, 0x0000001048800000, 0x0000001048c00000|  0%| F|  |TAMS 0x0000001048800000, 0x0000001048800000| Untracked 
| 290|0x0000001048c00000, 0x0000001048c00000, 0x0000001049000000|  0%| F|  |TAMS 0x0000001048c00000, 0x0000001048c00000| Untracked 
| 291|0x0000001049000000, 0x0000001049000000, 0x0000001049400000|  0%| F|  |TAMS 0x0000001049000000, 0x0000001049000000| Untracked 
| 292|0x0000001049400000, 0x0000001049400000, 0x0000001049800000|  0%| F|  |TAMS 0x0000001049400000, 0x0000001049400000| Untracked 
| 293|0x0000001049800000, 0x0000001049800000, 0x0000001049c00000|  0%| F|  |TAMS 0x0000001049800000, 0x0000001049800000| Untracked 
| 294|0x0000001049c00000, 0x0000001049c00000, 0x000000104a000000|  0%| F|  |TAMS 0x0000001049c00000, 0x0000001049c00000| Untracked 
| 295|0x000000104a000000, 0x000000104a000000, 0x000000104a400000|  0%| F|  |TAMS 0x000000104a000000, 0x000000104a000000| Untracked 
| 296|0x000000104a400000, 0x000000104a400000, 0x000000104a800000|  0%| F|  |TAMS 0x000000104a400000, 0x000000104a400000| Untracked 
| 297|0x000000104a800000, 0x000000104a800000, 0x000000104ac00000|  0%| F|  |TAMS 0x000000104a800000, 0x000000104a800000| Untracked 
| 298|0x000000104ac00000, 0x000000104ac00000, 0x000000104b000000|  0%| F|  |TAMS 0x000000104ac00000, 0x000000104ac00000| Untracked 
| 299|0x000000104b000000, 0x000000104b000000, 0x000000104b400000|  0%| F|  |TAMS 0x000000104b000000, 0x000000104b000000| Untracked 
| 300|0x000000104b400000, 0x000000104b400000, 0x000000104b800000|  0%| F|  |TAMS 0x000000104b400000, 0x000000104b400000| Untracked 
| 301|0x000000104b800000, 0x000000104b800000, 0x000000104bc00000|  0%| F|  |TAMS 0x000000104b800000, 0x000000104b800000| Untracked 
| 302|0x000000104bc00000, 0x000000104bc00000, 0x000000104c000000|  0%| F|  |TAMS 0x000000104bc00000, 0x000000104bc00000| Untracked 
| 303|0x000000104c000000, 0x000000104c000000, 0x000000104c400000|  0%| F|  |TAMS 0x000000104c000000, 0x000000104c000000| Untracked 
| 304|0x000000104c400000, 0x000000104c400000, 0x000000104c800000|  0%| F|  |TAMS 0x000000104c400000, 0x000000104c400000| Untracked 
| 305|0x000000104c800000, 0x000000104c800000, 0x000000104cc00000|  0%| F|  |TAMS 0x000000104c800000, 0x000000104c800000| Untracked 
| 306|0x000000104cc00000, 0x000000104cc00000, 0x000000104d000000|  0%| F|  |TAMS 0x000000104cc00000, 0x000000104cc00000| Untracked 
| 307|0x000000104d000000, 0x000000104d000000, 0x000000104d400000|  0%| F|  |TAMS 0x000000104d000000, 0x000000104d000000| Untracked 
| 308|0x000000104d400000, 0x000000104d400000, 0x000000104d800000|  0%| F|  |TAMS 0x000000104d400000, 0x000000104d400000| Untracked 
| 309|0x000000104d800000, 0x000000104d800000, 0x000000104dc00000|  0%| F|  |TAMS 0x000000104d800000, 0x000000104d800000| Untracked 
| 310|0x000000104dc00000, 0x000000104dc00000, 0x000000104e000000|  0%| F|  |TAMS 0x000000104dc00000, 0x000000104dc00000| Untracked 
| 311|0x000000104e000000, 0x000000104e000000, 0x000000104e400000|  0%| F|  |TAMS 0x000000104e000000, 0x000000104e000000| Untracked 
| 312|0x000000104e400000, 0x000000104e400000, 0x000000104e800000|  0%| F|  |TAMS 0x000000104e400000, 0x000000104e400000| Untracked 
| 313|0x000000104e800000, 0x000000104e800000, 0x000000104ec00000|  0%| F|  |TAMS 0x000000104e800000, 0x000000104e800000| Untracked 
| 314|0x000000104ec00000, 0x000000104ec00000, 0x000000104f000000|  0%| F|  |TAMS 0x000000104ec00000, 0x000000104ec00000| Untracked 
| 315|0x000000104f000000, 0x000000104f000000, 0x000000104f400000|  0%| F|  |TAMS 0x000000104f000000, 0x000000104f000000| Untracked 
| 316|0x000000104f400000, 0x000000104f400000, 0x000000104f800000|  0%| F|  |TAMS 0x000000104f400000, 0x000000104f400000| Untracked 
| 317|0x000000104f800000, 0x000000104f800000, 0x000000104fc00000|  0%| F|  |TAMS 0x000000104f800000, 0x000000104f800000| Untracked 
| 318|0x000000104fc00000, 0x000000104fc00000, 0x0000001050000000|  0%| F|  |TAMS 0x000000104fc00000, 0x000000104fc00000| Untracked 
| 319|0x0000001050000000, 0x0000001050000000, 0x0000001050400000|  0%| F|  |TAMS 0x0000001050000000, 0x0000001050000000| Untracked 
| 320|0x0000001050400000, 0x0000001050400000, 0x0000001050800000|  0%| F|  |TAMS 0x0000001050400000, 0x0000001050400000| Untracked 
| 321|0x0000001050800000, 0x0000001050800000, 0x0000001050c00000|  0%| F|  |TAMS 0x0000001050800000, 0x0000001050800000| Untracked 
| 322|0x0000001050c00000, 0x0000001050c00000, 0x0000001051000000|  0%| F|  |TAMS 0x0000001050c00000, 0x0000001050c00000| Untracked 
| 323|0x0000001051000000, 0x0000001051000000, 0x0000001051400000|  0%| F|  |TAMS 0x0000001051000000, 0x0000001051000000| Untracked 
| 324|0x0000001051400000, 0x0000001051400000, 0x0000001051800000|  0%| F|  |TAMS 0x0000001051400000, 0x0000001051400000| Untracked 
| 325|0x0000001051800000, 0x0000001051800000, 0x0000001051c00000|  0%| F|  |TAMS 0x0000001051800000, 0x0000001051800000| Untracked 
| 326|0x0000001051c00000, 0x0000001051c00000, 0x0000001052000000|  0%| F|  |TAMS 0x0000001051c00000, 0x0000001051c00000| Untracked 
| 327|0x0000001052000000, 0x0000001052000000, 0x0000001052400000|  0%| F|  |TAMS 0x0000001052000000, 0x0000001052000000| Untracked 
| 328|0x0000001052400000, 0x0000001052400000, 0x0000001052800000|  0%| F|  |TAMS 0x0000001052400000, 0x0000001052400000| Untracked 
| 329|0x0000001052800000, 0x0000001052800000, 0x0000001052c00000|  0%| F|  |TAMS 0x0000001052800000, 0x0000001052800000| Untracked 
| 330|0x0000001052c00000, 0x0000001052c00000, 0x0000001053000000|  0%| F|  |TAMS 0x0000001052c00000, 0x0000001052c00000| Untracked 
| 331|0x0000001053000000, 0x0000001053000000, 0x0000001053400000|  0%| F|  |TAMS 0x0000001053000000, 0x0000001053000000| Untracked 
| 332|0x0000001053400000, 0x0000001053400000, 0x0000001053800000|  0%| F|  |TAMS 0x0000001053400000, 0x0000001053400000| Untracked 
| 333|0x0000001053800000, 0x0000001053800000, 0x0000001053c00000|  0%| F|  |TAMS 0x0000001053800000, 0x0000001053800000| Untracked 
| 334|0x0000001053c00000, 0x0000001053c00000, 0x0000001054000000|  0%| F|  |TAMS 0x0000001053c00000, 0x0000001053c00000| Untracked 
| 335|0x0000001054000000, 0x0000001054000000, 0x0000001054400000|  0%| F|  |TAMS 0x0000001054000000, 0x0000001054000000| Untracked 
| 336|0x0000001054400000, 0x0000001054400000, 0x0000001054800000|  0%| F|  |TAMS 0x0000001054400000, 0x0000001054400000| Untracked 
| 337|0x0000001054800000, 0x0000001054800000, 0x0000001054c00000|  0%| F|  |TAMS 0x0000001054800000, 0x0000001054800000| Untracked 
| 338|0x0000001054c00000, 0x0000001054c00000, 0x0000001055000000|  0%| F|  |TAMS 0x0000001054c00000, 0x0000001054c00000| Untracked 
| 339|0x0000001055000000, 0x0000001055000000, 0x0000001055400000|  0%| F|  |TAMS 0x0000001055000000, 0x0000001055000000| Untracked 
| 340|0x0000001055400000, 0x0000001055400000, 0x0000001055800000|  0%| F|  |TAMS 0x0000001055400000, 0x0000001055400000| Untracked 
| 341|0x0000001055800000, 0x0000001055800000, 0x0000001055c00000|  0%| F|  |TAMS 0x0000001055800000, 0x0000001055800000| Untracked 
| 342|0x0000001055c00000, 0x0000001055c00000, 0x0000001056000000|  0%| F|  |TAMS 0x0000001055c00000, 0x0000001055c00000| Untracked 
| 343|0x0000001056000000, 0x0000001056000000, 0x0000001056400000|  0%| F|  |TAMS 0x0000001056000000, 0x0000001056000000| Untracked 
| 344|0x0000001056400000, 0x0000001056400000, 0x0000001056800000|  0%| F|  |TAMS 0x0000001056400000, 0x0000001056400000| Untracked 
| 345|0x0000001056800000, 0x0000001056800000, 0x0000001056c00000|  0%| F|  |TAMS 0x0000001056800000, 0x0000001056800000| Untracked 
| 346|0x0000001056c00000, 0x0000001056c00000, 0x0000001057000000|  0%| F|  |TAMS 0x0000001056c00000, 0x0000001056c00000| Untracked 
| 347|0x0000001057000000, 0x0000001057000000, 0x0000001057400000|  0%| F|  |TAMS 0x0000001057000000, 0x0000001057000000| Untracked 
| 348|0x0000001057400000, 0x0000001057400000, 0x0000001057800000|  0%| F|  |TAMS 0x0000001057400000, 0x0000001057400000| Untracked 
| 349|0x0000001057800000, 0x0000001057800000, 0x0000001057c00000|  0%| F|  |TAMS 0x0000001057800000, 0x0000001057800000| Untracked 
| 350|0x0000001057c00000, 0x0000001057c00000, 0x0000001058000000|  0%| F|  |TAMS 0x0000001057c00000, 0x0000001057c00000| Untracked 
| 351|0x0000001058000000, 0x0000001058000000, 0x0000001058400000|  0%| F|  |TAMS 0x0000001058000000, 0x0000001058000000| Untracked 
| 352|0x0000001058400000, 0x0000001058400000, 0x0000001058800000|  0%| F|  |TAMS 0x0000001058400000, 0x0000001058400000| Untracked 
| 353|0x0000001058800000, 0x0000001058800000, 0x0000001058c00000|  0%| F|  |TAMS 0x0000001058800000, 0x0000001058800000| Untracked 
| 354|0x0000001058c00000, 0x0000001058c00000, 0x0000001059000000|  0%| F|  |TAMS 0x0000001058c00000, 0x0000001058c00000| Untracked 
| 355|0x0000001059000000, 0x0000001059000000, 0x0000001059400000|  0%| F|  |TAMS 0x0000001059000000, 0x0000001059000000| Untracked 
| 356|0x0000001059400000, 0x0000001059400000, 0x0000001059800000|  0%| F|  |TAMS 0x0000001059400000, 0x0000001059400000| Untracked 
| 357|0x0000001059800000, 0x0000001059800000, 0x0000001059c00000|  0%| F|  |TAMS 0x0000001059800000, 0x0000001059800000| Untracked 
| 358|0x0000001059c00000, 0x0000001059c00000, 0x000000105a000000|  0%| F|  |TAMS 0x0000001059c00000, 0x0000001059c00000| Untracked 
| 359|0x000000105a000000, 0x000000105a000000, 0x000000105a400000|  0%| F|  |TAMS 0x000000105a000000, 0x000000105a000000| Untracked 
| 360|0x000000105a400000, 0x000000105a400000, 0x000000105a800000|  0%| F|  |TAMS 0x000000105a400000, 0x000000105a400000| Untracked 
| 361|0x000000105a800000, 0x000000105a800000, 0x000000105ac00000|  0%| F|  |TAMS 0x000000105a800000, 0x000000105a800000| Untracked 
| 362|0x000000105ac00000, 0x000000105ac00000, 0x000000105b000000|  0%| F|  |TAMS 0x000000105ac00000, 0x000000105ac00000| Untracked 
| 363|0x000000105b000000, 0x000000105b000000, 0x000000105b400000|  0%| F|  |TAMS 0x000000105b000000, 0x000000105b000000| Untracked 
| 364|0x000000105b400000, 0x000000105b400000, 0x000000105b800000|  0%| F|  |TAMS 0x000000105b400000, 0x000000105b400000| Untracked 
| 365|0x000000105b800000, 0x000000105b800000, 0x000000105bc00000|  0%| F|  |TAMS 0x000000105b800000, 0x000000105b800000| Untracked 
| 366|0x000000105bc00000, 0x000000105bc00000, 0x000000105c000000|  0%| F|  |TAMS 0x000000105bc00000, 0x000000105bc00000| Untracked 
| 367|0x000000105c000000, 0x000000105c000000, 0x000000105c400000|  0%| F|  |TAMS 0x000000105c000000, 0x000000105c000000| Untracked 
| 368|0x000000105c400000, 0x000000105c400000, 0x000000105c800000|  0%| F|  |TAMS 0x000000105c400000, 0x000000105c400000| Untracked 
| 369|0x000000105c800000, 0x000000105c800000, 0x000000105cc00000|  0%| F|  |TAMS 0x000000105c800000, 0x000000105c800000| Untracked 
| 370|0x000000105cc00000, 0x000000105cc00000, 0x000000105d000000|  0%| F|  |TAMS 0x000000105cc00000, 0x000000105cc00000| Untracked 
| 371|0x000000105d000000, 0x000000105d000000, 0x000000105d400000|  0%| F|  |TAMS 0x000000105d000000, 0x000000105d000000| Untracked 
| 372|0x000000105d400000, 0x000000105d400000, 0x000000105d800000|  0%| F|  |TAMS 0x000000105d400000, 0x000000105d400000| Untracked 
| 373|0x000000105d800000, 0x000000105d800000, 0x000000105dc00000|  0%| F|  |TAMS 0x000000105d800000, 0x000000105d800000| Untracked 
| 374|0x000000105dc00000, 0x000000105dc00000, 0x000000105e000000|  0%| F|  |TAMS 0x000000105dc00000, 0x000000105dc00000| Untracked 
| 375|0x000000105e000000, 0x000000105e000000, 0x000000105e400000|  0%| F|  |TAMS 0x000000105e000000, 0x000000105e000000| Untracked 
| 376|0x000000105e400000, 0x000000105e400000, 0x000000105e800000|  0%| F|  |TAMS 0x000000105e400000, 0x000000105e400000| Untracked 
| 377|0x000000105e800000, 0x000000105e800000, 0x000000105ec00000|  0%| F|  |TAMS 0x000000105e800000, 0x000000105e800000| Untracked 
| 378|0x000000105ec00000, 0x000000105ec00000, 0x000000105f000000|  0%| F|  |TAMS 0x000000105ec00000, 0x000000105ec00000| Untracked 
| 379|0x000000105f000000, 0x000000105f000000, 0x000000105f400000|  0%| F|  |TAMS 0x000000105f000000, 0x000000105f000000| Untracked 
| 380|0x000000105f400000, 0x000000105f400000, 0x000000105f800000|  0%| F|  |TAMS 0x000000105f400000, 0x000000105f400000| Untracked 
| 381|0x000000105f800000, 0x000000105f800000, 0x000000105fc00000|  0%| F|  |TAMS 0x000000105f800000, 0x000000105f800000| Untracked 
| 382|0x000000105fc00000, 0x000000105fc00000, 0x0000001060000000|  0%| F|  |TAMS 0x000000105fc00000, 0x000000105fc00000| Untracked 
| 383|0x0000001060000000, 0x0000001060000000, 0x0000001060400000|  0%| F|  |TAMS 0x0000001060000000, 0x0000001060000000| Untracked 
| 384|0x0000001060400000, 0x0000001060400000, 0x0000001060800000|  0%| F|  |TAMS 0x0000001060400000, 0x0000001060400000| Untracked 
| 385|0x0000001060800000, 0x0000001060800000, 0x0000001060c00000|  0%| F|  |TAMS 0x0000001060800000, 0x0000001060800000| Untracked 
| 386|0x0000001060c00000, 0x0000001060c00000, 0x0000001061000000|  0%| F|  |TAMS 0x0000001060c00000, 0x0000001060c00000| Untracked 
| 387|0x0000001061000000, 0x0000001061000000, 0x0000001061400000|  0%| F|  |TAMS 0x0000001061000000, 0x0000001061000000| Untracked 
| 388|0x0000001061400000, 0x0000001061400000, 0x0000001061800000|  0%| F|  |TAMS 0x0000001061400000, 0x0000001061400000| Untracked 
| 389|0x0000001061800000, 0x0000001061800000, 0x0000001061c00000|  0%| F|  |TAMS 0x0000001061800000, 0x0000001061800000| Untracked 
| 390|0x0000001061c00000, 0x0000001061c00000, 0x0000001062000000|  0%| F|  |TAMS 0x0000001061c00000, 0x0000001061c00000| Untracked 
| 391|0x0000001062000000, 0x0000001062000000, 0x0000001062400000|  0%| F|  |TAMS 0x0000001062000000, 0x0000001062000000| Untracked 
| 392|0x0000001062400000, 0x0000001062600800, 0x0000001062800000| 50%| E|  |TAMS 0x0000001062400000, 0x0000001062400000| Complete 
| 393|0x0000001062800000, 0x0000001062c00000, 0x0000001062c00000|100%| E|CS|TAMS 0x0000001062800000, 0x0000001062800000| Complete 
| 394|0x0000001062c00000, 0x0000001063000000, 0x0000001063000000|100%| E|CS|TAMS 0x0000001062c00000, 0x0000001062c00000| Complete 
| 395|0x0000001063000000, 0x0000001063400000, 0x0000001063400000|100%| E|CS|TAMS 0x0000001063000000, 0x0000001063000000| Complete 
| 396|0x0000001063400000, 0x0000001063800000, 0x0000001063800000|100%| E|CS|TAMS 0x0000001063400000, 0x0000001063400000| Complete 
| 397|0x0000001063800000, 0x0000001063c00000, 0x0000001063c00000|100%| E|CS|TAMS 0x0000001063800000, 0x0000001063800000| Complete 
| 398|0x0000001063c00000, 0x0000001064000000, 0x0000001064000000|100%| E|CS|TAMS 0x0000001063c00000, 0x0000001063c00000| Complete 
| 399|0x0000001064000000, 0x0000001064400000, 0x0000001064400000|100%| E|CS|TAMS 0x0000001064000000, 0x0000001064000000| Complete 
| 400|0x0000001064400000, 0x0000001064800000, 0x0000001064800000|100%| E|CS|TAMS 0x0000001064400000, 0x0000001064400000| Complete 
| 401|0x0000001064800000, 0x0000001064c00000, 0x0000001064c00000|100%| E|CS|TAMS 0x0000001064800000, 0x0000001064800000| Complete 
| 402|0x0000001064c00000, 0x0000001065000000, 0x0000001065000000|100%| E|CS|TAMS 0x0000001064c00000, 0x0000001064c00000| Complete 
| 403|0x0000001065000000, 0x0000001065400000, 0x0000001065400000|100%| E|CS|TAMS 0x0000001065000000, 0x0000001065000000| Complete 
| 404|0x0000001065400000, 0x0000001065800000, 0x0000001065800000|100%| E|CS|TAMS 0x0000001065400000, 0x0000001065400000| Complete 
| 405|0x0000001065800000, 0x0000001065c00000, 0x0000001065c00000|100%| E|CS|TAMS 0x0000001065800000, 0x0000001065800000| Complete 
| 406|0x0000001065c00000, 0x0000001066000000, 0x0000001066000000|100%| E|CS|TAMS 0x0000001065c00000, 0x0000001065c00000| Complete 
| 407|0x0000001066000000, 0x0000001066400000, 0x0000001066400000|100%| E|CS|TAMS 0x0000001066000000, 0x0000001066000000| Complete 
| 408|0x0000001066400000, 0x0000001066800000, 0x0000001066800000|100%| E|CS|TAMS 0x0000001066400000, 0x0000001066400000| Complete 
| 409|0x0000001066800000, 0x0000001066c00000, 0x0000001066c00000|100%| E|CS|TAMS 0x0000001066800000, 0x0000001066800000| Complete 
| 410|0x0000001066c00000, 0x0000001067000000, 0x0000001067000000|100%| E|CS|TAMS 0x0000001066c00000, 0x0000001066c00000| Complete 
| 411|0x0000001067000000, 0x0000001067400000, 0x0000001067400000|100%| E|CS|TAMS 0x0000001067000000, 0x0000001067000000| Complete 
| 412|0x0000001067400000, 0x0000001067800000, 0x0000001067800000|100%| E|CS|TAMS 0x0000001067400000, 0x0000001067400000| Complete 
| 413|0x0000001067800000, 0x0000001067c00000, 0x0000001067c00000|100%| E|CS|TAMS 0x0000001067800000, 0x0000001067800000| Complete 
| 414|0x0000001067c00000, 0x0000001068000000, 0x0000001068000000|100%| E|CS|TAMS 0x0000001067c00000, 0x0000001067c00000| Complete 
| 415|0x0000001068000000, 0x0000001068400000, 0x0000001068400000|100%| E|CS|TAMS 0x0000001068000000, 0x0000001068000000| Complete 
| 416|0x0000001068400000, 0x0000001068800000, 0x0000001068800000|100%| E|CS|TAMS 0x0000001068400000, 0x0000001068400000| Complete 
| 417|0x0000001068800000, 0x0000001068c00000, 0x0000001068c00000|100%| E|CS|TAMS 0x0000001068800000, 0x0000001068800000| Complete 
| 418|0x0000001068c00000, 0x0000001069000000, 0x0000001069000000|100%| E|CS|TAMS 0x0000001068c00000, 0x0000001068c00000| Complete 
| 419|0x0000001069000000, 0x0000001069400000, 0x0000001069400000|100%| E|CS|TAMS 0x0000001069000000, 0x0000001069000000| Complete 
| 420|0x0000001069400000, 0x0000001069800000, 0x0000001069800000|100%| E|CS|TAMS 0x0000001069400000, 0x0000001069400000| Complete 
| 421|0x0000001069800000, 0x0000001069c00000, 0x0000001069c00000|100%| E|CS|TAMS 0x0000001069800000, 0x0000001069800000| Complete 
| 422|0x0000001069c00000, 0x000000106a000000, 0x000000106a000000|100%| E|CS|TAMS 0x0000001069c00000, 0x0000001069c00000| Complete 
| 423|0x000000106a000000, 0x000000106a400000, 0x000000106a400000|100%| E|CS|TAMS 0x000000106a000000, 0x000000106a000000| Complete 
| 424|0x000000106a400000, 0x000000106a800000, 0x000000106a800000|100%| E|CS|TAMS 0x000000106a400000, 0x000000106a400000| Complete 
| 425|0x000000106a800000, 0x000000106ac00000, 0x000000106ac00000|100%| E|CS|TAMS 0x000000106a800000, 0x000000106a800000| Complete 
| 426|0x000000106ac00000, 0x000000106b000000, 0x000000106b000000|100%| E|CS|TAMS 0x000000106ac00000, 0x000000106ac00000| Complete 
| 427|0x000000106b000000, 0x000000106b400000, 0x000000106b400000|100%| E|CS|TAMS 0x000000106b000000, 0x000000106b000000| Complete 
| 428|0x000000106b400000, 0x000000106b800000, 0x000000106b800000|100%| E|CS|TAMS 0x000000106b400000, 0x000000106b400000| Complete 
| 429|0x000000106b800000, 0x000000106bc00000, 0x000000106bc00000|100%| E|CS|TAMS 0x000000106b800000, 0x000000106b800000| Complete 
| 430|0x000000106bc00000, 0x000000106c000000, 0x000000106c000000|100%| E|CS|TAMS 0x000000106bc00000, 0x000000106bc00000| Complete 
| 431|0x000000106c000000, 0x000000106c400000, 0x000000106c400000|100%| E|CS|TAMS 0x000000106c000000, 0x000000106c000000| Complete 
| 432|0x000000106c400000, 0x000000106c800000, 0x000000106c800000|100%| E|CS|TAMS 0x000000106c400000, 0x000000106c400000| Complete 
| 433|0x000000106c800000, 0x000000106cc00000, 0x000000106cc00000|100%| E|CS|TAMS 0x000000106c800000, 0x000000106c800000| Complete 
| 434|0x000000106cc00000, 0x000000106d000000, 0x000000106d000000|100%| E|CS|TAMS 0x000000106cc00000, 0x000000106cc00000| Complete 
| 435|0x000000106d000000, 0x000000106d400000, 0x000000106d400000|100%| E|CS|TAMS 0x000000106d000000, 0x000000106d000000| Complete 
| 436|0x000000106d400000, 0x000000106d800000, 0x000000106d800000|100%| E|CS|TAMS 0x000000106d400000, 0x000000106d400000| Complete 
| 437|0x000000106d800000, 0x000000106dc00000, 0x000000106dc00000|100%| E|CS|TAMS 0x000000106d800000, 0x000000106d800000| Complete 
| 438|0x000000106dc00000, 0x000000106e000000, 0x000000106e000000|100%| E|CS|TAMS 0x000000106dc00000, 0x000000106dc00000| Complete 
| 439|0x000000106e000000, 0x000000106e400000, 0x000000106e400000|100%| E|CS|TAMS 0x000000106e000000, 0x000000106e000000| Complete 
| 440|0x000000106e400000, 0x000000106e800000, 0x000000106e800000|100%| E|CS|TAMS 0x000000106e400000, 0x000000106e400000| Complete 
| 441|0x000000106e800000, 0x000000106ec00000, 0x000000106ec00000|100%| E|CS|TAMS 0x000000106e800000, 0x000000106e800000| Complete 
| 442|0x000000106ec00000, 0x000000106f000000, 0x000000106f000000|100%| E|CS|TAMS 0x000000106ec00000, 0x000000106ec00000| Complete 
| 443|0x000000106f000000, 0x000000106f400000, 0x000000106f400000|100%| E|CS|TAMS 0x000000106f000000, 0x000000106f000000| Complete 
| 444|0x000000106f400000, 0x000000106f800000, 0x000000106f800000|100%| E|CS|TAMS 0x000000106f400000, 0x000000106f400000| Complete 
| 445|0x000000106f800000, 0x000000106fc00000, 0x000000106fc00000|100%| E|CS|TAMS 0x000000106f800000, 0x000000106f800000| Complete 
| 446|0x000000106fc00000, 0x0000001070000000, 0x0000001070000000|100%| E|CS|TAMS 0x000000106fc00000, 0x000000106fc00000| Complete 
| 447|0x0000001070000000, 0x0000001070400000, 0x0000001070400000|100%| E|CS|TAMS 0x0000001070000000, 0x0000001070000000| Complete 
| 448|0x0000001070400000, 0x0000001070800000, 0x0000001070800000|100%| E|CS|TAMS 0x0000001070400000, 0x0000001070400000| Complete 
| 449|0x0000001070800000, 0x0000001070c00000, 0x0000001070c00000|100%| E|CS|TAMS 0x0000001070800000, 0x0000001070800000| Complete 
| 450|0x0000001070c00000, 0x0000001071000000, 0x0000001071000000|100%| E|CS|TAMS 0x0000001070c00000, 0x0000001070c00000| Complete 
| 451|0x0000001071000000, 0x0000001071400000, 0x0000001071400000|100%| E|CS|TAMS 0x0000001071000000, 0x0000001071000000| Complete 
| 452|0x0000001071400000, 0x0000001071800000, 0x0000001071800000|100%| E|CS|TAMS 0x0000001071400000, 0x0000001071400000| Complete 
| 453|0x0000001071800000, 0x0000001071c00000, 0x0000001071c00000|100%| E|CS|TAMS 0x0000001071800000, 0x0000001071800000| Complete 
| 454|0x0000001071c00000, 0x0000001072000000, 0x0000001072000000|100%| E|CS|TAMS 0x0000001071c00000, 0x0000001071c00000| Complete 
| 455|0x0000001072000000, 0x0000001072400000, 0x0000001072400000|100%| E|CS|TAMS 0x0000001072000000, 0x0000001072000000| Complete 
| 456|0x0000001072400000, 0x0000001072800000, 0x0000001072800000|100%| E|CS|TAMS 0x0000001072400000, 0x0000001072400000| Complete 
| 457|0x0000001072800000, 0x0000001072c00000, 0x0000001072c00000|100%| E|CS|TAMS 0x0000001072800000, 0x0000001072800000| Complete 
| 458|0x0000001072c00000, 0x0000001073000000, 0x0000001073000000|100%| E|CS|TAMS 0x0000001072c00000, 0x0000001072c00000| Complete 
| 459|0x0000001073000000, 0x0000001073400000, 0x0000001073400000|100%| E|CS|TAMS 0x0000001073000000, 0x0000001073000000| Complete 
| 460|0x0000001073400000, 0x0000001073800000, 0x0000001073800000|100%| E|CS|TAMS 0x0000001073400000, 0x0000001073400000| Complete 
| 461|0x0000001073800000, 0x0000001073c00000, 0x0000001073c00000|100%| E|CS|TAMS 0x0000001073800000, 0x0000001073800000| Complete 
| 462|0x0000001073c00000, 0x0000001074000000, 0x0000001074000000|100%| E|CS|TAMS 0x0000001073c00000, 0x0000001073c00000| Complete 
| 463|0x0000001074000000, 0x0000001074400000, 0x0000001074400000|100%| E|CS|TAMS 0x0000001074000000, 0x0000001074000000| Complete 
| 464|0x0000001074400000, 0x0000001074800000, 0x0000001074800000|100%| E|CS|TAMS 0x0000001074400000, 0x0000001074400000| Complete 
| 465|0x0000001074800000, 0x0000001074c00000, 0x0000001074c00000|100%| E|CS|TAMS 0x0000001074800000, 0x0000001074800000| Complete 
| 466|0x0000001074c00000, 0x0000001075000000, 0x0000001075000000|100%| E|CS|TAMS 0x0000001074c00000, 0x0000001074c00000| Complete 
| 467|0x0000001075000000, 0x0000001075400000, 0x0000001075400000|100%| E|CS|TAMS 0x0000001075000000, 0x0000001075000000| Complete 
| 468|0x0000001075400000, 0x0000001075800000, 0x0000001075800000|100%| E|CS|TAMS 0x0000001075400000, 0x0000001075400000| Complete 
| 469|0x0000001075800000, 0x0000001075c00000, 0x0000001075c00000|100%| E|CS|TAMS 0x0000001075800000, 0x0000001075800000| Complete 
| 470|0x0000001075c00000, 0x0000001076000000, 0x0000001076000000|100%| E|CS|TAMS 0x0000001075c00000, 0x0000001075c00000| Complete 
| 471|0x0000001076000000, 0x0000001076400000, 0x0000001076400000|100%| E|CS|TAMS 0x0000001076000000, 0x0000001076000000| Complete 
| 472|0x0000001076400000, 0x0000001076800000, 0x0000001076800000|100%| E|CS|TAMS 0x0000001076400000, 0x0000001076400000| Complete 
| 473|0x0000001076800000, 0x0000001076c00000, 0x0000001076c00000|100%| E|CS|TAMS 0x0000001076800000, 0x0000001076800000| Complete 
| 474|0x0000001076c00000, 0x0000001077000000, 0x0000001077000000|100%| E|CS|TAMS 0x0000001076c00000, 0x0000001076c00000| Complete 
| 475|0x0000001077000000, 0x0000001077400000, 0x0000001077400000|100%| E|CS|TAMS 0x0000001077000000, 0x0000001077000000| Complete 
| 476|0x0000001077400000, 0x0000001077800000, 0x0000001077800000|100%| E|CS|TAMS 0x0000001077400000, 0x0000001077400000| Complete 
| 477|0x0000001077800000, 0x0000001077c00000, 0x0000001077c00000|100%| E|CS|TAMS 0x0000001077800000, 0x0000001077800000| Complete 
| 478|0x0000001077c00000, 0x0000001078000000, 0x0000001078000000|100%| E|CS|TAMS 0x0000001077c00000, 0x0000001077c00000| Complete 
| 479|0x0000001078000000, 0x0000001078400000, 0x0000001078400000|100%| E|CS|TAMS 0x0000001078000000, 0x0000001078000000| Complete 
| 480|0x0000001078400000, 0x0000001078800000, 0x0000001078800000|100%| E|CS|TAMS 0x0000001078400000, 0x0000001078400000| Complete 
| 481|0x0000001078800000, 0x0000001078c00000, 0x0000001078c00000|100%| E|CS|TAMS 0x0000001078800000, 0x0000001078800000| Complete 
| 482|0x0000001078c00000, 0x0000001079000000, 0x0000001079000000|100%| E|CS|TAMS 0x0000001078c00000, 0x0000001078c00000| Complete 
| 483|0x0000001079000000, 0x0000001079400000, 0x0000001079400000|100%| E|CS|TAMS 0x0000001079000000, 0x0000001079000000| Complete 
| 484|0x0000001079400000, 0x0000001079800000, 0x0000001079800000|100%| E|CS|TAMS 0x0000001079400000, 0x0000001079400000| Complete 
| 485|0x0000001079800000, 0x0000001079c00000, 0x0000001079c00000|100%| E|CS|TAMS 0x0000001079800000, 0x0000001079800000| Complete 
| 486|0x0000001079c00000, 0x0000001079e58a30, 0x000000107a000000| 58%| S|CS|TAMS 0x0000001079c00000, 0x0000001079c00000| Complete 
| 487|0x000000107a000000, 0x000000107a400000, 0x000000107a400000|100%| E|CS|TAMS 0x000000107a000000, 0x000000107a000000| Complete 
| 488|0x000000107a400000, 0x000000107a800000, 0x000000107a800000|100%| E|CS|TAMS 0x000000107a400000, 0x000000107a400000| Complete 
| 489|0x000000107a800000, 0x000000107ac00000, 0x000000107ac00000|100%| E|CS|TAMS 0x000000107a800000, 0x000000107a800000| Complete 
| 490|0x000000107ac00000, 0x000000107b000000, 0x000000107b000000|100%| E|CS|TAMS 0x000000107ac00000, 0x000000107ac00000| Complete 
| 491|0x000000107b000000, 0x000000107b400000, 0x000000107b400000|100%| E|CS|TAMS 0x000000107b000000, 0x000000107b000000| Complete 
| 492|0x000000107b400000, 0x000000107b800000, 0x000000107b800000|100%| E|CS|TAMS 0x000000107b400000, 0x000000107b400000| Complete 
| 493|0x000000107b800000, 0x000000107bc00000, 0x000000107bc00000|100%| E|CS|TAMS 0x000000107b800000, 0x000000107b800000| Complete 
| 494|0x000000107bc00000, 0x000000107c000000, 0x000000107c000000|100%| E|CS|TAMS 0x000000107bc00000, 0x000000107bc00000| Complete 
| 495|0x000000107c000000, 0x000000107c400000, 0x000000107c400000|100%| E|CS|TAMS 0x000000107c000000, 0x000000107c000000| Complete 
| 496|0x000000107c400000, 0x000000107c800000, 0x000000107c800000|100%| E|CS|TAMS 0x000000107c400000, 0x000000107c400000| Complete 
| 497|0x000000107c800000, 0x000000107cc00000, 0x000000107cc00000|100%| E|CS|TAMS 0x000000107c800000, 0x000000107c800000| Complete 
| 498|0x000000107cc00000, 0x000000107d000000, 0x000000107d000000|100%| E|CS|TAMS 0x000000107cc00000, 0x000000107cc00000| Complete 
| 499|0x000000107d000000, 0x000000107d400000, 0x000000107d400000|100%| E|CS|TAMS 0x000000107d000000, 0x000000107d000000| Complete 
| 500|0x000000107d400000, 0x000000107d800000, 0x000000107d800000|100%| E|CS|TAMS 0x000000107d400000, 0x000000107d400000| Complete 
| 501|0x000000107d800000, 0x000000107dc00000, 0x000000107dc00000|100%| E|CS|TAMS 0x000000107d800000, 0x000000107d800000| Complete 
| 502|0x000000107dc00000, 0x000000107e000000, 0x000000107e000000|100%| E|CS|TAMS 0x000000107dc00000, 0x000000107dc00000| Complete 
| 503|0x000000107e000000, 0x000000107e400000, 0x000000107e400000|100%| E|CS|TAMS 0x000000107e000000, 0x000000107e000000| Complete 
| 504|0x000000107e400000, 0x000000107e800000, 0x000000107e800000|100%| E|CS|TAMS 0x000000107e400000, 0x000000107e400000| Complete 
| 505|0x000000107e800000, 0x000000107ec00000, 0x000000107ec00000|100%| E|CS|TAMS 0x000000107e800000, 0x000000107e800000| Complete 
| 506|0x000000107ec00000, 0x000000107f000000, 0x000000107f000000|100%| E|CS|TAMS 0x000000107ec00000, 0x000000107ec00000| Complete 
| 507|0x000000107f000000, 0x000000107f400000, 0x000000107f400000|100%| E|CS|TAMS 0x000000107f000000, 0x000000107f000000| Complete 
| 508|0x000000107f400000, 0x000000107f800000, 0x000000107f800000|100%| E|CS|TAMS 0x000000107f400000, 0x000000107f400000| Complete 
| 509|0x000000107f800000, 0x000000107fc00000, 0x000000107fc00000|100%| E|CS|TAMS 0x000000107f800000, 0x000000107f800000| Complete 
| 510|0x000000107fc00000, 0x0000001080000000, 0x0000001080000000|100%| E|CS|TAMS 0x000000107fc00000, 0x000000107fc00000| Complete 
| 511|0x0000001080000000, 0x0000001080400000, 0x0000001080400000|100%| E|CS|TAMS 0x0000001080000000, 0x0000001080000000| Complete 
|7670|0x000000177dc00000, 0x000000177dc48000, 0x000000177e000000|  7%|OA|  |TAMS 0x000000177dc00000, 0x000000177dc00000| Untracked 
|7671|0x000000177e000000, 0x000000177e06c000, 0x000000177e400000| 10%|CA|  |TAMS 0x000000177e000000, 0x000000177e000000| Untracked 

Card table byte_map: [0x00007fe554400000,0x00007fe557ff0000] _byte_map_base: 0x00007fe54c3fe000

Marking Bits (Prev, Next): (CMBitMap*) 0x0000000088de9df8, (CMBitMap*) 0x0000000088de9e30
 Prev Bits: [0x00007fe532800000, 0x00007fe550780000)
 Next Bits: [0x00007fe514800000, 0x00007fe532780000)

Polling page: 0x00007fe783e2a000

Metaspace:

Usage:
  Non-class:      6.37 MB capacity,     5.20 MB ( 82%) used,     1.12 MB ( 18%) free+waste,    51.12 KB ( <1%) overhead. 
      Class:   1010.00 KB capacity,   723.67 KB ( 72%) used,   259.08 KB ( 26%) free+waste,    27.25 KB (  3%) overhead. 
       Both:      7.35 MB capacity,     5.91 MB ( 80%) used,     1.37 MB ( 19%) free+waste,    78.38 KB (  1%) overhead. 

Virtual space:
  Non-class space:        8.00 MB reserved,       6.50 MB ( 81%) committed 
      Class space:        1.00 GB reserved,       1.00 MB ( <1%) committed 
             Both:        1.01 GB reserved,       7.50 MB ( <1%) committed 

Chunk freelists:
   Non-Class:  10.00 KB
       Class:  14.00 KB
        Both:  24.00 KB

MaxMetaspaceSize: unlimited
CompressedClassSpaceSize: 1.00 GB
Initial GC threshold: 20.80 MB
Current GC threshold: 20.80 MB
CDS: on

CodeHeap 'non-profiled nmethods': size=118884Kb used=732Kb max_used=732Kb free=118151Kb
 bounds [0x00007fe566de7000, 0x00007fe567057000, 0x00007fe56e200000]
CodeHeap 'profiled nmethods': size=118884Kb used=3129Kb max_used=3129Kb free=115754Kb
 bounds [0x00007fe55f9ce000, 0x00007fe55fcde000, 0x00007fe566de7000]
CodeHeap 'non-nmethods': size=7992Kb used=1217Kb max_used=3509Kb free=6774Kb
 bounds [0x00007fe55f200000, 0x00007fe55f570000, 0x00007fe55f9ce000]
 total_blobs=2001 nmethods=1505 adapters=410
 compilation: enabled
              stopped_count=0, restarted_count=0
 full_count=0

Compilation events (20 events):
Event: 6.928 Thread 0x00007fe4c008c800 1497       4       org.apache.hadoop.io.Text::setCapacity (59 bytes)
Event: 6.928 Thread 0x00007fe488006800 nmethod 1496 0x00007fe566e8db10 code [0x00007fe566e8dce0, 0x00007fe566e8e428]
Event: 6.928 Thread 0x00007fe488006800 1498       4       org.apache.hadoop.io.WritableUtils::readVLong (79 bytes)
Event: 6.929 Thread 0x00007fe4c008c800 nmethod 1497 0x00007fe566e8e790 code [0x00007fe566e8e920, 0x00007fe566e8eb78]
Event: 6.929 Thread 0x00007fe4c008c800 1499  s    4       java.io.ByteArrayInputStream::skip (43 bytes)
Event: 6.930 Thread 0x00007fe4c008c800 nmethod 1499 0x00007fe566e8ec90 code [0x00007fe566e8ee20, 0x00007fe566e8f0b8]
Event: 6.931 Thread 0x00007fe488006800 nmethod 1498 0x00007fe566e8f190 code [0x00007fe566e8f360, 0x00007fe566e8fa68]
Event: 6.946 Thread 0x00007fe488009000 nmethod 1491 0x00007fe566e8fd90 code [0x00007fe566e90080, 0x00007fe566e92190]
Event: 6.947 Thread 0x000000008c15a800 nmethod 1493 0x00007fe566e93c90 code [0x00007fe566e93f80, 0x00007fe566e95eb0]
Event: 6.949 Thread 0x00007fe49804e800 nmethod 1488 0x00007fe566e97910 code [0x00007fe566e97c00, 0x00007fe566e9a290]
Event: 6.952 Thread 0x00007fe4b0277000 1501       3       org.terrier.terms.PorterStemmer::step1 (284 bytes)
Event: 6.952 Thread 0x00007fe4b0278000 1502       3       org.terrier.terms.PorterStemmer::step3 (488 bytes)
Event: 6.952 Thread 0x000000008c15c000 1503       3       org.terrier.terms.PorterStemmer::step4 (176 bytes)
Event: 6.952 Thread 0x00007fe4c0087800 1504       3       org.terrier.terms.PorterStemmer::step5 (429 bytes)
Event: 6.952 Thread 0x00007fe4b0279800 1505       3       org.terrier.terms.PorterStemmer::step6 (104 bytes)
Event: 6.953 Thread 0x00007fe4b0279800 nmethod 1505 0x00007fe55fcd4610 code [0x00007fe55fcd4820, 0x00007fe55fcd4d50]
Event: 6.953 Thread 0x000000008c15c000 nmethod 1503 0x00007fe55fcd4f10 code [0x00007fe55fcd5280, 0x00007fe55fcd6000]
Event: 6.953 Thread 0x00007fe4b0277000 nmethod 1501 0x00007fe55fcd6390 code [0x00007fe55fcd66c0, 0x00007fe55fcd7470]
Event: 6.953 Thread 0x00007fe4c0087800 nmethod 1504 0x00007fe55fcd7890 code [0x00007fe55fcd7c00, 0x00007fe55fcd8d10]
Event: 6.954 Thread 0x00007fe4b0278000 nmethod 1502 0x00007fe55fcd9010 code [0x00007fe55fcd96e0, 0x00007fe55fcdbd60]

GC Heap History (2 events):
Event: 0.398 GC heap before
{Heap before GC invocations=0 (full 0):
 garbage-first heap   total 2105344K, used 148176K [0x0000001000400000, 0x000000177e400000)
  region size 4096K, 25 young (102400K), 0 survivors (0K)
 Metaspace       used 3663K, capacity 6166K, committed 6400K, reserved 1056768K
  class space    used 430K, capacity 745K, committed 768K, reserved 1048576K
}
Event: 0.404 GC heap after
{Heap after GC invocations=1 (full 0):
 garbage-first heap   total 2105344K, used 48178K [0x0000001000400000, 0x000000177e400000)
  region size 4096K, 1 young (4096K), 1 survivors (4096K)
 Metaspace       used 3663K, capacity 6166K, committed 6400K, reserved 1056768K
  class space    used 430K, capacity 745K, committed 768K, reserved 1048576K
}

Deoptimization events (20 events):
Event: 6.851 Thread 0x0000000088dfb800 Uncommon trap: trap_request=0xffffffde fr.pc=0x00007fe566e3c640 relative=0x0000000000000a00
Event: 6.851 Thread 0x0000000088dfb800 Uncommon trap: reason=class_check action=maybe_recompile pc=0x00007fe566e3c640 method=java.io.DataInputStream.readFully([BII)V @ 34 c2
Event: 6.851 Thread 0x0000000088dfb800 DEOPT PACKING pc=0x00007fe566e3c640 sp=0x00007ffc67c798c0
Event: 6.851 Thread 0x0000000088dfb800 DEOPT UNPACKING pc=0x00007fe55f249ea5 sp=0x00007ffc67c798a8 mode 2
Event: 6.851 Thread 0x0000000088dfb800 Uncommon trap: trap_request=0xffffffde fr.pc=0x00007fe566e3aed8 relative=0x0000000000000218
Event: 6.851 Thread 0x0000000088dfb800 Uncommon trap: reason=class_check action=maybe_recompile pc=0x00007fe566e3aed8 method=java.io.DataInputStream.readByte()B @ 4 c2
Event: 6.851 Thread 0x0000000088dfb800 DEOPT PACKING pc=0x00007fe566e3aed8 sp=0x00007ffc67c798a0
Event: 6.851 Thread 0x0000000088dfb800 DEOPT UNPACKING pc=0x00007fe55f249ea5 sp=0x00007ffc67c79858 mode 2
Event: 6.851 Thread 0x0000000088dfb800 Uncommon trap: trap_request=0xffffffde fr.pc=0x00007fe566e3c640 relative=0x0000000000000a00
Event: 6.851 Thread 0x0000000088dfb800 Uncommon trap: reason=class_check action=maybe_recompile pc=0x00007fe566e3c640 method=java.io.DataInputStream.readFully([BII)V @ 34 c2
Event: 6.851 Thread 0x0000000088dfb800 DEOPT PACKING pc=0x00007fe566e3c640 sp=0x00007ffc67c798c0
Event: 6.851 Thread 0x0000000088dfb800 DEOPT UNPACKING pc=0x00007fe55f249ea5 sp=0x00007ffc67c798a8 mode 2
Event: 6.851 Thread 0x0000000088dfb800 Uncommon trap: trap_request=0xffffffde fr.pc=0x00007fe566e3aed8 relative=0x0000000000000218
Event: 6.851 Thread 0x0000000088dfb800 Uncommon trap: reason=class_check action=maybe_recompile pc=0x00007fe566e3aed8 method=java.io.DataInputStream.readByte()B @ 4 c2
Event: 6.851 Thread 0x0000000088dfb800 DEOPT PACKING pc=0x00007fe566e3aed8 sp=0x00007ffc67c798a0
Event: 6.851 Thread 0x0000000088dfb800 DEOPT UNPACKING pc=0x00007fe55f249ea5 sp=0x00007ffc67c79858 mode 2
Event: 6.851 Thread 0x0000000088dfb800 Uncommon trap: trap_request=0xffffffde fr.pc=0x00007fe566e3c640 relative=0x0000000000000a00
Event: 6.851 Thread 0x0000000088dfb800 Uncommon trap: reason=class_check action=maybe_recompile pc=0x00007fe566e3c640 method=java.io.DataInputStream.readFully([BII)V @ 34 c2
Event: 6.851 Thread 0x0000000088dfb800 DEOPT PACKING pc=0x00007fe566e3c640 sp=0x00007ffc67c798c0
Event: 6.851 Thread 0x0000000088dfb800 DEOPT UNPACKING pc=0x00007fe55f249ea5 sp=0x00007ffc67c798a8 mode 2

Classes redefined (0 events):
No events

Internal exceptions (20 events):
Event: 0.291 Thread 0x0000000088dfb800 Exception <a 'java/lang/NoSuchMethodError'{0x000000107f4fa2e8}: 'java.lang.Object java.lang.invoke.DelegatingMethodHandle$Holder.reinvoke_L(java.lang.Object, int, int, int, java.lang.Object, java.lang.Object, java.lang.Object)'> (0x000000107f4fa2e8) thrown at [./src/hotspot/share/interpreter/linkResolver.cpp, line 772]
Event: 0.291 Thread 0x0000000088dfb800 Exception <a 'java/lang/NoSuchMethodError'{0x000000107f501740}: 'java.lang.Object java.lang.invoke.DirectMethodHandle$Holder.invokeStatic(java.lang.Object, java.lang.Object, java.lang.Object, java.lang.Object, java.lang.Object, int)'> (0x000000107f501740) thrown at [./src/hotspot/share/interpreter/linkResolver.cpp, line 772]
Event: 0.796 Thread 0x0000000088dfb800 Exception <a 'java/lang/NoSuchMethodError'{0x0000001063af6c60}: 'java.lang.Object java.lang.invoke.DirectMethodHandle$Holder.invokeSpecial(java.lang.Object, java.lang.Object, int, int, int, java.lang.Object, java.lang.Object, java.lang.Object, java.lang.Object)'> (0x0000001063af6c60) thrown at [./src/hotspot/share/interpreter/linkResolver.cpp, line 772]
Event: 0.796 Thread 0x0000000088dfb800 Exception <a 'java/lang/NoSuchMethodError'{0x0000001063afa418}: 'java.lang.Object java.lang.invoke.DelegatingMethodHandle$Holder.reinvoke_L(java.lang.Object, int, int, int, java.lang.Object, java.lang.Object, java.lang.Object, java.lang.Object)'> (0x0000001063afa418) thrown at [./src/hotspot/share/interpreter/linkResolver.cpp, line 772]
Event: 0.797 Thread 0x0000000088dfb800 Exception <a 'java/lang/NoSuchMethodError'{0x0000001063b1c650}: 'java.lang.Object java.lang.invoke.DirectMethodHandle$Holder.invokeStatic(java.lang.Object, java.lang.Object, java.lang.Object, java.lang.Object, java.lang.Object, java.lang.Object, java.lang.Object, int)'> (0x0000001063b1c650) thrown at [./src/hotspot/share/interpreter/linkResolver.cpp, line 772]
Event: 0.835 Thread 0x0000000088dfb800 Exception <a 'java/lang/NoSuchMethodError'{0x0000001063404c58}: <clinit>> (0x0000001063404c58) thrown at [./src/hotspot/share/prims/jni.cpp, line 1372]
Event: 0.990 Thread 0x0000000088dfb800 Exception <a 'java/lang/NoSuchMethodError'{0x0000001063560410}: 'java.lang.Object java.lang.invoke.DirectMethodHandle$Holder.invokeSpecial(java.lang.Object, java.lang.Object, int, int, int, java.lang.Object, java.lang.Object, java.lang.Object, java.lang.Object, int)'> (0x0000001063560410) thrown at [./src/hotspot/share/interpreter/linkResolver.cpp, line 772]
Event: 0.991 Thread 0x0000000088dfb800 Exception <a 'java/lang/NoSuchMethodError'{0x0000001063563e00}: 'java.lang.Object java.lang.invoke.DelegatingMethodHandle$Holder.reinvoke_L(java.lang.Object, int, int, int, java.lang.Object, java.lang.Object, java.lang.Object, java.lang.Object, int)'> (0x0000001063563e00) thrown at [./src/hotspot/share/interpreter/linkResolver.cpp, line 772]
Event: 0.992 Thread 0x0000000088dfb800 Exception <a 'java/lang/NoSuchMethodError'{0x00000010635bb990}: 'java.lang.Object java.lang.invoke.DirectMethodHandle$Holder.invokeStatic(java.lang.Object, java.lang.Object, java.lang.Object, java.lang.Object, java.lang.Object, java.lang.Object, java.lang.Object, java.lang.Object, java.lang.Object, java.lang.Object, java.lang.Object, int, int, java.lang.Object, java.lang.Object, java.lang.Object)'> (0x00000010635bb990) thrown at [./src/hotspot/share/interpreter/linkResolver.cpp, line 772]
Event: 0.993 Thread 0x0000000088dfb800 Exception <a 'java/lang/NoSuchMethodError'{0x00000010635c8758}: 'java.lang.Object java.lang.invoke.DirectMethodHandle$Holder.invokeSpecial(java.lang.Object, java.lang.Object, java.lang.Object, java.lang.Object, java.lang.Object, java.lang.Object, int)'> (0x00000010635c8758) thrown at [./src/hotspot/share/interpreter/linkResolver.cpp, line 772]
Event: 0.993 Thread 0x0000000088dfb800 Exception <a 'java/lang/NoSuchMethodError'{0x00000010635cbdf0}: 'java.lang.Object java.lang.invoke.DelegatingMethodHandle$Holder.reinvoke_L(java.lang.Object, java.lang.Object, java.lang.Object, java.lang.Object, java.lang.Object, int)'> (0x00000010635cbdf0) thrown at [./src/hotspot/share/interpreter/linkResolver.cpp, line 772]
Event: 0.993 Thread 0x0000000088dfb800 Exception <a 'java/lang/NoSuchMethodError'{0x00000010635d2720}: 'java.lang.Object java.lang.invoke.Invokers$Holder.linkToTargetMethod(java.lang.Object, java.lang.Object, java.lang.Object, java.lang.Object, int, java.lang.Object)'> (0x00000010635d2720) thrown at [./src/hotspot/share/interpreter/linkResolver.cpp, line 772]
Event: 0.994 Thread 0x0000000088dfb800 Exception <a 'java/lang/NoSuchMethodError'{0x0000001063029178}: 'java.lang.Object java.lang.invoke.Invokers$Holder.linkToTargetMethod(java.lang.Object, int, java.lang.Object)'> (0x0000001063029178) thrown at [./src/hotspot/share/interpreter/linkResolver.cpp, line 772]
Event: 0.998 Thread 0x0000000088dfb800 Exception <a 'java/lang/NoSuchMethodError'{0x0000001063100ec8}: 'java.lang.Object java.lang.invoke.DirectMethodHandle$Holder.invokeSpecial(java.lang.Object, java.lang.Object, int, int, java.lang.Object, java.lang.Object, java.lang.Object)'> (0x0000001063100ec8) thrown at [./src/hotspot/share/interpreter/linkResolver.cpp, line 772]
Event: 0.998 Thread 0x0000000088dfb800 Exception <a 'java/lang/NoSuchMethodError'{0x0000001063104458}: 'java.lang.Object java.lang.invoke.DelegatingMethodHandle$Holder.reinvoke_L(java.lang.Object, int, int, java.lang.Object, java.lang.Object, java.lang.Object)'> (0x0000001063104458) thrown at [./src/hotspot/share/interpreter/linkResolver.cpp, line 772]
Event: 0.999 Thread 0x0000000088dfb800 Exception <a 'java/lang/NoSuchMethodError'{0x0000001063112230}: 'java.lang.Object java.lang.invoke.DirectMethodHandle$Holder.invokeStatic(java.lang.Object, java.lang.Object, java.lang.Object, java.lang.Object, java.lang.Object, java.lang.Object, int)'> (0x0000001063112230) thrown at [./src/hotspot/share/interpreter/linkResolver.cpp, line 772]
Event: 0.999 Thread 0x0000000088dfb800 Exception <a 'java/lang/NoSuchMethodError'{0x00000010631289d8}: 'java.lang.Object java.lang.invoke.DirectMethodHandle$Holder.invokeStatic(java.lang.Object, java.lang.Object, java.lang.Object, java.lang.Object, java.lang.Object, java.lang.Object, int, int)'> (0x00000010631289d8) thrown at [./src/hotspot/share/interpreter/linkResolver.cpp, line 772]
Event: 1.000 Thread 0x0000000088dfb800 Exception <a 'java/lang/NoSuchMethodError'{0x0000001063140348}: 'java.lang.Object java.lang.invoke.DirectMethodHandle$Holder.invokeStatic(java.lang.Object, java.lang.Object, java.lang.Object, java.lang.Object, java.lang.Object, java.lang.Object, int, int, java.lang.Object)'> (0x0000001063140348) thrown at [./src/hotspot/share/interpreter/linkResolver.cpp, line 772]
Event: 1.000 Thread 0x0000000088dfb800 Exception <a 'java/lang/NoSuchMethodError'{0x000000106315cab0}: 'java.lang.Object java.lang.invoke.DirectMethodHandle$Holder.invokeStatic(java.lang.Object, java.lang.Object, java.lang.Object, java.lang.Object, java.lang.Object, java.lang.Object, int, int, java.lang.Object, java.lang.Object)'> (0x000000106315cab0) thrown at [./src/hotspot/share/interpreter/linkResolver.cpp, line 772]
Event: 1.001 Thread 0x0000000088dfb800 Exception <a 'java/lang/NoSuchMethodError'{0x0000001063177b50}: 'java.lang.Object java.lang.invoke.DirectMethodHandle$Holder.invokeStatic(java.lang.Object, java.lang.Object, java.lang.Object, java.lang.Object, java.lang.Object, java.lang.Object, int, int, java.lang.Object, java.lang.Object, java.lang.Object)'> (0x0000001063177b50) thrown at [./src/hotspot/share/interpreter/linkResolver.cpp, line 772]

Events (20 events):
Event: 6.911 Thread 0x00007fe488009000 Thread added: 0x00007fe488009000
Event: 6.911 Protecting memory [0x00007fe55c6ff000,0x00007fe55c703000] with protection modes 0
Event: 6.921 Thread 0x00007fe49804e800 Thread added: 0x00007fe49804e800
Event: 6.921 Protecting memory [0x00007fe50f2f7000,0x00007fe50f2fb000] with protection modes 0
Event: 6.921 Thread 0x00007fe4c008c800 Thread added: 0x00007fe4c008c800
Event: 6.921 Protecting memory [0x00007fe50f1f7000,0x00007fe50f1fb000] with protection modes 0
Event: 11.953 Thread 0x00007fe4c008c800 Thread exited: 0x00007fe4c008c800
Event: 11.953 Thread 0x00007fe49804e800 Thread exited: 0x00007fe49804e800
Event: 11.953 Thread 0x00007fe4b0279800 Thread exited: 0x00007fe4b0279800
Event: 11.954 Thread 0x00007fe4b0278000 Thread exited: 0x00007fe4b0278000
Event: 16.953 Thread 0x00007fe488009000 Thread exited: 0x00007fe488009000
Event: 16.953 Thread 0x00007fe488006800 Thread exited: 0x00007fe488006800
Event: 16.953 Thread 0x00007fe4b0277000 Thread exited: 0x00007fe4b0277000
Event: 16.953 Thread 0x00007fe4c0087800 Thread exited: 0x00007fe4c0087800
Event: 817.131 loading class jdk/internal/misc/Signal$1
Event: 817.131 loading class jdk/internal/misc/Signal$1 done
Event: 817.131 Thread 0x00007fe4d8001800 Thread added: 0x00007fe4d8001800
Event: 817.131 Protecting memory [0x00007fe783d04000,0x00007fe783d08000] with protection modes 0
Event: 817.131 Executing VM operation: Exit
Event: 817.131 Thread 0x000000008c158000 Thread exited: 0x000000008c158000


Dynamic libraries:
00400000-0041f000 r--p 00000000 00:204 148237027901                      /mnt/primary/conda-envs/semantic_uncertainty_export/bin/python3.11
0041f000-00652000 r-xp 0001f000 00:204 148237027901                      /mnt/primary/conda-envs/semantic_uncertainty_export/bin/python3.11
00652000-00770000 r--p 00252000 00:204 148237027901                      /mnt/primary/conda-envs/semantic_uncertainty_export/bin/python3.11
00771000-00772000 r--p 00370000 00:204 148237027901                      /mnt/primary/conda-envs/semantic_uncertainty_export/bin/python3.11
00772000-008a2000 rw-p 00371000 00:204 148237027901                      /mnt/primary/conda-envs/semantic_uncertainty_export/bin/python3.11
008a2000-008e5000 rw-p 00000000 00:00 0 
0142e000-a57e2000 rw-p 00000000 00:00 0                                  [heap]
800000000-800002000 rwxp 00001000 08:04 1116478610                       /usr/lib/jvm/java-11-openjdk-amd64/lib/server/classes.jsa
800002000-8003ce000 rw-p 00003000 08:04 1116478610                       /usr/lib/jvm/java-11-openjdk-amd64/lib/server/classes.jsa
8003ce000-800aa5000 r--p 003cf000 08:04 1116478610                       /usr/lib/jvm/java-11-openjdk-amd64/lib/server/classes.jsa
800aa5000-800aa6000 rw-p 00aa6000 08:04 1116478610                       /usr/lib/jvm/java-11-openjdk-amd64/lib/server/classes.jsa
840000000-840100000 rw-p 00000000 00:00 0 
840100000-880000000 ---p 00000000 00:00 0 
1000000000-1000400000 ---p 00000000 00:00 0 
1000400000-1080400000 rw-p 00000000 00:00 0 
1080400000-177dc00000 ---p 00000000 00:00 0 
177dc00000-177dc48000 rw-p 00b13000 08:04 1116478610                     /usr/lib/jvm/java-11-openjdk-amd64/lib/server/classes.jsa
177dc48000-177e000000 rw-p 00000000 00:00 0 
177e000000-177e06c000 rw-p 00aa7000 08:04 1116478610                     /usr/lib/jvm/java-11-openjdk-amd64/lib/server/classes.jsa
177e06c000-177e400000 rw-p 00000000 00:00 0 
7fdbd8000000-7fdbd80f8000 rw-p 00000000 00:00 0 
7fdbd80f8000-7fdbdc000000 ---p 00000000 00:00 0 
7fdbe0000000-7fdbe02bc000 rw-p 00000000 00:00 0 
7fdbe02bc000-7fdbe4000000 ---p 00000000 00:00 0 
7fdbe8000000-7fdbe835a000 rw-p 00000000 00:00 0 
7fdbe835a000-7fdbec000000 ---p 00000000 00:00 0 
7fdbf0000000-7fdbf01cc000 rw-p 00000000 00:00 0 
7fdbf01cc000-7fdbf4000000 ---p 00000000 00:00 0 
7fdbf8000000-7fdbf8023000 rw-p 00000000 00:00 0 
7fdbf8023000-7fdbfc000000 ---p 00000000 00:00 0 
7fdbfd038000-7fe250000000 r--s 00000000 00:204 63912970756               /mnt/indices/msmarco-passage.tct-hnp.flex/vecs.f4
7fe250000000-7fe250021000 rw-p 00000000 00:00 0 
7fe250021000-7fe254000000 ---p 00000000 00:00 0 
7fe258000000-7fe25809c000 rw-p 00000000 00:00 0 
7fe25809c000-7fe25c000000 ---p 00000000 00:00 0 
7fe260000000-7fe2600ab000 rw-p 00000000 00:00 0 
7fe2600ab000-7fe264000000 ---p 00000000 00:00 0 
7fe268000000-7fe2680ab000 rw-p 00000000 00:00 0 
7fe2680ab000-7fe26c000000 ---p 00000000 00:00 0 
7fe270000000-7fe2700ab000 rw-p 00000000 00:00 0 
7fe2700ab000-7fe274000000 ---p 00000000 00:00 0 
7fe278000000-7fe2780ab000 rw-p 00000000 00:00 0 
7fe2780ab000-7fe27c000000 ---p 00000000 00:00 0 
7fe280000000-7fe28009c000 rw-p 00000000 00:00 0 
7fe28009c000-7fe284000000 ---p 00000000 00:00 0 
7fe288000000-7fe2880ab000 rw-p 00000000 00:00 0 
7fe2880ab000-7fe28c000000 ---p 00000000 00:00 0 
7fe290000000-7fe2900ab000 rw-p 00000000 00:00 0 
7fe2900ab000-7fe294000000 ---p 00000000 00:00 0 
7fe298000000-7fe2980ab000 rw-p 00000000 00:00 0 
7fe2980ab000-7fe29c000000 ---p 00000000 00:00 0 
7fe2a0000000-7fe2a00ab000 rw-p 00000000 00:00 0 
7fe2a00ab000-7fe2a4000000 ---p 00000000 00:00 0 
7fe2a8000000-7fe2a809c000 rw-p 00000000 00:00 0 
7fe2a809c000-7fe2ac000000 ---p 00000000 00:00 0 
7fe2b0000000-7fe2b00ab000 rw-p 00000000 00:00 0 
7fe2b00ab000-7fe2b4000000 ---p 00000000 00:00 0 
7fe2b8000000-7fe2b80ab000 rw-p 00000000 00:00 0 
7fe2b80ab000-7fe2bc000000 ---p 00000000 00:00 0 
7fe2c0000000-7fe2c00ab000 rw-p 00000000 00:00 0 
7fe2c00ab000-7fe2c4000000 ---p 00000000 00:00 0 
7fe2c8000000-7fe2c8021000 rw-p 00000000 00:00 0 
7fe2c8021000-7fe2cc000000 ---p 00000000 00:00 0 
7fe2d0000000-7fe2d0021000 rw-p 00000000 00:00 0 
7fe2d0021000-7fe2d4000000 ---p 00000000 00:00 0 
7fe2d8000000-7fe2d8021000 rw-p 00000000 00:00 0 
7fe2d8021000-7fe2dc000000 ---p 00000000 00:00 0 
7fe2e0000000-7fe2e0021000 rw-p 00000000 00:00 0 
7fe2e0021000-7fe2e4000000 ---p 00000000 00:00 0 
7fe2e8000000-7fe2e8021000 rw-p 00000000 00:00 0 
7fe2e8021000-7fe2ec000000 ---p 00000000 00:00 0 
7fe2f0000000-7fe2f0021000 rw-p 00000000 00:00 0 
7fe2f0021000-7fe2f4000000 ---p 00000000 00:00 0 
7fe2f8000000-7fe2f8021000 rw-p 00000000 00:00 0 
7fe2f8021000-7fe2fc000000 ---p 00000000 00:00 0 
7fe300000000-7fe300021000 rw-p 00000000 00:00 0 
7fe300021000-7fe304000000 ---p 00000000 00:00 0 
7fe308000000-7fe308021000 rw-p 00000000 00:00 0 
7fe308021000-7fe30c000000 ---p 00000000 00:00 0 
7fe310000000-7fe310021000 rw-p 00000000 00:00 0 
7fe310021000-7fe314000000 ---p 00000000 00:00 0 
7fe318000000-7fe318021000 rw-p 00000000 00:00 0 
7fe318021000-7fe31c000000 ---p 00000000 00:00 0 
7fe320000000-7fe320021000 rw-p 00000000 00:00 0 
7fe320021000-7fe324000000 ---p 00000000 00:00 0 
7fe328000000-7fe328021000 rw-p 00000000 00:00 0 
7fe328021000-7fe32c000000 ---p 00000000 00:00 0 
7fe330000000-7fe330021000 rw-p 00000000 00:00 0 
7fe330021000-7fe334000000 ---p 00000000 00:00 0 
7fe338000000-7fe338021000 rw-p 00000000 00:00 0 
7fe338021000-7fe33c000000 ---p 00000000 00:00 0 
7fe340000000-7fe340021000 rw-p 00000000 00:00 0 
7fe340021000-7fe344000000 ---p 00000000 00:00 0 
7fe348000000-7fe348021000 rw-p 00000000 00:00 0 
7fe348021000-7fe34c000000 ---p 00000000 00:00 0 
7fe350000000-7fe350021000 rw-p 00000000 00:00 0 
7fe350021000-7fe354000000 ---p 00000000 00:00 0 
7fe358000000-7fe358021000 rw-p 00000000 00:00 0 
7fe358021000-7fe35c000000 ---p 00000000 00:00 0 
7fe360000000-7fe360021000 rw-p 00000000 00:00 0 
7fe360021000-7fe364000000 ---p 00000000 00:00 0 
7fe368000000-7fe368021000 rw-p 00000000 00:00 0 
7fe368021000-7fe36c000000 ---p 00000000 00:00 0 
7fe370000000-7fe370021000 rw-p 00000000 00:00 0 
7fe370021000-7fe374000000 ---p 00000000 00:00 0 
7fe378000000-7fe378021000 rw-p 00000000 00:00 0 
7fe378021000-7fe37c000000 ---p 00000000 00:00 0 
7fe380000000-7fe380021000 rw-p 00000000 00:00 0 
7fe380021000-7fe384000000 ---p 00000000 00:00 0 
7fe388000000-7fe388021000 rw-p 00000000 00:00 0 
7fe388021000-7fe38c000000 ---p 00000000 00:00 0 
7fe390000000-7fe390021000 rw-p 00000000 00:00 0 
7fe390021000-7fe394000000 ---p 00000000 00:00 0 
7fe398000000-7fe398021000 rw-p 00000000 00:00 0 
7fe398021000-7fe39c000000 ---p 00000000 00:00 0 
7fe3a0000000-7fe3a0021000 rw-p 00000000 00:00 0 
7fe3a0021000-7fe3a4000000 ---p 00000000 00:00 0 
7fe3a8000000-7fe3a8021000 rw-p 00000000 00:00 0 
7fe3a8021000-7fe3ac000000 ---p 00000000 00:00 0 
7fe3adbe4000-7fe3c8000000 rw-p 00000000 00:202 71014558886               /mnt/llm/huggingface-cache/hub/models--castorini--tct_colbert-msmarco/blobs/938c6367f910ac55073b58413577da148f5f1104e247379e4241917282ad15a0
7fe3c8000000-7fe3c8021000 rw-p 00000000 00:00 0 
7fe3c8021000-7fe3cc000000 ---p 00000000 00:00 0 
7fe3d0000000-7fe3d0021000 rw-p 00000000 00:00 0 
7fe3d0021000-7fe3d4000000 ---p 00000000 00:00 0 
7fe3d8000000-7fe3d8021000 rw-p 00000000 00:00 0 
7fe3d8021000-7fe3dc000000 ---p 00000000 00:00 0 
7fe3e0000000-7fe3e0021000 rw-p 00000000 00:00 0 
7fe3e0021000-7fe3e4000000 ---p 00000000 00:00 0 
7fe3e8000000-7fe3e8021000 rw-p 00000000 00:00 0 
7fe3e8021000-7fe3ec000000 ---p 00000000 00:00 0 
7fe3f0000000-7fe3f0021000 rw-p 00000000 00:00 0 
7fe3f0021000-7fe3f4000000 ---p 00000000 00:00 0 
7fe3f8000000-7fe3f8021000 rw-p 00000000 00:00 0 
7fe3f8021000-7fe3fc000000 ---p 00000000 00:00 0 
7fe400000000-7fe400021000 rw-p 00000000 00:00 0 
7fe400021000-7fe404000000 ---p 00000000 00:00 0 
7fe408000000-7fe408021000 rw-p 00000000 00:00 0 
7fe408021000-7fe40c000000 ---p 00000000 00:00 0 
7fe410000000-7fe410021000 rw-p 00000000 00:00 0 
7fe410021000-7fe414000000 ---p 00000000 00:00 0 
7fe418000000-7fe418021000 rw-p 00000000 00:00 0 
7fe418021000-7fe41c000000 ---p 00000000 00:00 0 
7fe420000000-7fe420021000 rw-p 00000000 00:00 0 
7fe420021000-7fe424000000 ---p 00000000 00:00 0 
7fe428000000-7fe428021000 rw-p 00000000 00:00 0 
7fe428021000-7fe42c000000 ---p 00000000 00:00 0 
7fe430000000-7fe430021000 rw-p 00000000 00:00 0 
7fe430021000-7fe434000000 ---p 00000000 00:00 0 
7fe438000000-7fe438021000 rw-p 00000000 00:00 0 
7fe438021000-7fe43c000000 ---p 00000000 00:00 0 
7fe440000000-7fe440021000 rw-p 00000000 00:00 0 
7fe440021000-7fe444000000 ---p 00000000 00:00 0 
7fe448000000-7fe448021000 rw-p 00000000 00:00 0 
7fe448021000-7fe44c000000 ---p 00000000 00:00 0 
7fe450000000-7fe450021000 rw-p 00000000 00:00 0 
7fe450021000-7fe454000000 ---p 00000000 00:00 0 
7fe458000000-7fe458021000 rw-p 00000000 00:00 0 
7fe458021000-7fe45c000000 ---p 00000000 00:00 0 
7fe460000000-7fe460021000 rw-p 00000000 00:00 0 
7fe460021000-7fe464000000 ---p 00000000 00:00 0 
7fe468000000-7fe468021000 rw-p 00000000 00:00 0 
7fe468021000-7fe46c000000 ---p 00000000 00:00 0 
7fe470000000-7fe470021000 rw-p 00000000 00:00 0 
7fe470021000-7fe474000000 ---p 00000000 00:00 0 
7fe478000000-7fe4780ed000 rw-p 00000000 00:00 0 
7fe4780ed000-7fe47c000000 ---p 00000000 00:00 0 
7fe480000000-7fe4800fd000 rw-p 00000000 00:00 0 
7fe4800fd000-7fe484000000 ---p 00000000 00:00 0 
7fe488000000-7fe48811c000 rw-p 00000000 00:00 0 
7fe48811c000-7fe48c000000 ---p 00000000 00:00 0 
7fe490000000-7fe49016e000 rw-p 00000000 00:00 0 
7fe49016e000-7fe494000000 ---p 00000000 00:00 0 
7fe498000000-7fe498640000 rw-p 00000000 00:00 0 
7fe498640000-7fe49c000000 ---p 00000000 00:00 0 
7fe4a0000000-7fe4a0021000 rw-p 00000000 00:00 0 
7fe4a0021000-7fe4a4000000 ---p 00000000 00:00 0 
7fe4a8000000-7fe4a8021000 rw-p 00000000 00:00 0 
7fe4a8021000-7fe4ac000000 ---p 00000000 00:00 0 
7fe4b0000000-7fe4b027d000 rw-p 00000000 00:00 0 
7fe4b027d000-7fe4b4000000 ---p 00000000 00:00 0 
7fe4b8000000-7fe4b8021000 rw-p 00000000 00:00 0 
7fe4b8021000-7fe4bc000000 ---p 00000000 00:00 0 
7fe4c0000000-7fe4c025e000 rw-p 00000000 00:00 0 
7fe4c025e000-7fe4c4000000 ---p 00000000 00:00 0 
7fe4c8000000-7fe4c87a6000 rw-p 00000000 00:00 0 
7fe4c87a6000-7fe4cc000000 ---p 00000000 00:00 0 
7fe4d0000000-7fe4d0021000 rw-p 00000000 00:00 0 
7fe4d0021000-7fe4d4000000 ---p 00000000 00:00 0 
7fe4d8000000-7fe4d8021000 rw-p 00000000 00:00 0 
7fe4d8021000-7fe4dc000000 ---p 00000000 00:00 0 
7fe4e0000000-7fe4e0021000 rw-p 00000000 00:00 0 
7fe4e0021000-7fe4e4000000 ---p 00000000 00:00 0 
7fe4e8000000-7fe4e8021000 rw-p 00000000 00:00 0 
7fe4e8021000-7fe4ec000000 ---p 00000000 00:00 0 
7fe4ec400000-7fe4ec401000 ---p 00000000 00:00 0 
7fe4ec401000-7fe4ecc02000 rw-p 00000000 00:00 0 
7fe4ece00000-7fe4ece01000 ---p 00000000 00:00 0 
7fe4ece01000-7fe4ed602000 rw-p 00000000 00:00 0 
7fe4ed800000-7fe4ed801000 ---p 00000000 00:00 0 
7fe4ed801000-7fe4ee002000 rw-p 00000000 00:00 0 
7fe4ee200000-7fe4ee201000 ---p 00000000 00:00 0 
7fe4ee201000-7fe4eea02000 rw-p 00000000 00:00 0 
7fe4eec00000-7fe4eec01000 ---p 00000000 00:00 0 
7fe4eec01000-7fe4ef402000 rw-p 00000000 00:00 0 
7fe4ef600000-7fe4ef601000 ---p 00000000 00:00 0 
7fe4ef601000-7fe4efe02000 rw-p 00000000 00:00 0 
7fe4f0000000-7fe4f0044000 rw-p 00000000 00:00 0 
7fe4f0044000-7fe4f4000000 ---p 00000000 00:00 0 
7fe4f4400000-7fe4f4401000 ---p 00000000 00:00 0 
7fe4f4401000-7fe4f4c02000 rw-p 00000000 00:00 0 
7fe4f4e00000-7fe4f4e01000 ---p 00000000 00:00 0 
7fe4f4e01000-7fe4f5602000 rw-p 00000000 00:00 0 
7fe4f5800000-7fe4f5801000 ---p 00000000 00:00 0 
7fe4f5801000-7fe4f6002000 rw-p 00000000 00:00 0 
7fe4f6200000-7fe4f6201000 ---p 00000000 00:00 0 
7fe4f6201000-7fe4f6a02000 rw-p 00000000 00:00 0 
7fe4f6c00000-7fe4f6c01000 ---p 00000000 00:00 0 
7fe4f6c01000-7fe4f7402000 rw-p 00000000 00:00 0 
7fe4f7600000-7fe4f7601000 ---p 00000000 00:00 0 
7fe4f7601000-7fe4f7e02000 rw-p 00000000 00:00 0 
7fe4f8000000-7fe4f8021000 rw-p 00000000 00:00 0 
7fe4f8021000-7fe4fc000000 ---p 00000000 00:00 0 
7fe4fc200000-7fe4fc201000 ---p 00000000 00:00 0 
7fe4fc201000-7fe4fca02000 rw-p 00000000 00:00 0 
7fe4fcc00000-7fe4fcc01000 ---p 00000000 00:00 0 
7fe4fcc01000-7fe4fd402000 rw-p 00000000 00:00 0 
7fe4fd600000-7fe4fd601000 ---p 00000000 00:00 0 
7fe4fd601000-7fe4fde02000 rw-p 00000000 00:00 0 
7fe4fe000000-7fe4fe001000 ---p 00000000 00:00 0 
7fe4fe001000-7fe4fe201000 rw-p 00000000 00:00 0 
7fe4fe400000-7fe4fe401000 ---p 00000000 00:00 0 
7fe4fe401000-7fe4fe601000 rw-p 00000000 00:00 0 
7fe4fe800000-7fe4fe801000 ---p 00000000 00:00 0 
7fe4fe801000-7fe4fea01000 rw-p 00000000 00:00 0 
7fe4fec00000-7fe4fec01000 ---p 00000000 00:00 0 
7fe4fec01000-7fe4fee01000 rw-p 00000000 00:00 0 
7fe4ff000000-7fe4ff001000 ---p 00000000 00:00 0 
7fe4ff001000-7fe4ff201000 rw-p 00000000 00:00 0 
7fe4ff400000-7fe4ff401000 ---p 00000000 00:00 0 
7fe4ff401000-7fe4ff601000 rw-p 00000000 00:00 0 
7fe4ff800000-7fe4ff801000 ---p 00000000 00:00 0 
7fe4ff801000-7fe4ffa01000 rw-p 00000000 00:00 0 
7fe4ffc00000-7fe4ffc01000 ---p 00000000 00:00 0 
7fe4ffc01000-7fe4ffe01000 rw-p 00000000 00:00 0 
7fe500000000-7fe500021000 rw-p 00000000 00:00 0 
7fe500021000-7fe504000000 ---p 00000000 00:00 0 
7fe504400000-7fe504401000 ---p 00000000 00:00 0 
7fe504401000-7fe504601000 rw-p 00000000 00:00 0 
7fe504800000-7fe504801000 ---p 00000000 00:00 0 
7fe504801000-7fe504a01000 rw-p 00000000 00:00 0 
7fe504c00000-7fe504c01000 ---p 00000000 00:00 0 
7fe504c01000-7fe504e01000 rw-p 00000000 00:00 0 
7fe505000000-7fe505001000 ---p 00000000 00:00 0 
7fe505001000-7fe505201000 rw-p 00000000 00:00 0 
7fe505400000-7fe505401000 ---p 00000000 00:00 0 
7fe505401000-7fe505601000 rw-p 00000000 00:00 0 
7fe505800000-7fe505801000 ---p 00000000 00:00 0 
7fe505801000-7fe505a01000 rw-p 00000000 00:00 0 
7fe505c00000-7fe505c01000 ---p 00000000 00:00 0 
7fe505c01000-7fe505e01000 rw-p 00000000 00:00 0 
7fe506000000-7fe506001000 ---p 00000000 00:00 0 
7fe506001000-7fe506201000 rw-p 00000000 00:00 0 
7fe506400000-7fe506401000 ---p 00000000 00:00 0 
7fe506401000-7fe506601000 rw-p 00000000 00:00 0 
7fe506800000-7fe506801000 ---p 00000000 00:00 0 
7fe506801000-7fe506a01000 rw-p 00000000 00:00 0 
7fe506b00000-7fe506c00000 rw-p 00000000 00:00 0 
7fe506c00000-7fe506c01000 ---p 00000000 00:00 0 
7fe506c01000-7fe506e01000 rw-p 00000000 00:00 0 
7fe506f00000-7fe507000000 rw-p 00000000 00:00 0 
7fe507000000-7fe507001000 ---p 00000000 00:00 0 
7fe507001000-7fe507201000 rw-p 00000000 00:00 0 
7fe507300000-7fe507400000 rw-p 00000000 00:00 0 
7fe507400000-7fe507401000 ---p 00000000 00:00 0 
7fe507401000-7fe507601000 rw-p 00000000 00:00 0 
7fe507700000-7fe507800000 rw-p 00000000 00:00 0 
7fe507800000-7fe507801000 ---p 00000000 00:00 0 
7fe507801000-7fe507a01000 rw-p 00000000 00:00 0 
7fe507b00000-7fe507c00000 rw-p 00000000 00:00 0 
7fe507c00000-7fe507c01000 ---p 00000000 00:00 0 
7fe507c01000-7fe507e01000 rw-p 00000000 00:00 0 
7fe507f00000-7fe508000000 rw-p 00000000 00:00 0 
7fe508000000-7fe508021000 rw-p 00000000 00:00 0 
7fe508021000-7fe50c000000 ---p 00000000 00:00 0 
7fe50c200000-7fe50c201000 ---p 00000000 00:00 0 
7fe50c201000-7fe50c401000 rw-p 00000000 00:00 0 
7fe50c600000-7fe50c601000 ---p 00000000 00:00 0 
7fe50c601000-7fe50c801000 rw-p 00000000 00:00 0 
7fe50ca00000-7fe50ca01000 ---p 00000000 00:00 0 
7fe50ca01000-7fe50cc01000 rw-p 00000000 00:00 0 
7fe50ce00000-7fe50ce01000 ---p 00000000 00:00 0 
7fe50ce01000-7fe50d001000 rw-p 00000000 00:00 0 
7fe50d100000-7fe50d200000 rw-p 00000000 00:00 0 
7fe50d200000-7fe50d201000 ---p 00000000 00:00 0 
7fe50d201000-7fe50d401000 rw-p 00000000 00:00 0 
7fe50d500000-7fe50d600000 rw-p 00000000 00:00 0 
7fe50d600000-7fe50d601000 ---p 00000000 00:00 0 
7fe50d601000-7fe50d801000 rw-p 00000000 00:00 0 
7fe50d900000-7fe50da00000 rw-p 00000000 00:00 0 
7fe50da00000-7fe50da01000 ---p 00000000 00:00 0 
7fe50da01000-7fe50dc01000 rw-p 00000000 00:00 0 
7fe50dd00000-7fe50de00000 rw-p 00000000 00:00 0 
7fe50de00000-7fe50de01000 ---p 00000000 00:00 0 
7fe50de01000-7fe50e001000 rw-p 00000000 00:00 0 
7fe50e200000-7fe50e201000 ---p 00000000 00:00 0 
7fe50e201000-7fe50e401000 rw-p 00000000 00:00 0 
7fe50eef7000-7fe50f1f7000 rw-p 00000000 00:00 0 
7fe50f3f7000-7fe50f6f7000 rw-p 00000000 00:00 0 
7fe50f6f7000-7fe50f6f8000 ---p 00000000 00:00 0 
7fe50f6f8000-7fe50f7f8000 rw-p 00000000 00:00 0 
7fe50f7f8000-7fe50f7f9000 ---p 00000000 00:00 0 
7fe50f7f9000-7fe50f8f9000 rw-p 00000000 00:00 0 
7fe50f8f9000-7fe50f8fa000 ---p 00000000 00:00 0 
7fe50f8fa000-7fe50f9fa000 rw-p 00000000 00:00 0 
7fe50f9fa000-7fe50f9fb000 ---p 00000000 00:00 0 
7fe50f9fb000-7fe50fafb000 rw-p 00000000 00:00 0 
7fe50fafb000-7fe50fafc000 ---p 00000000 00:00 0 
7fe50fafc000-7fe50fbfc000 rw-p 00000000 00:00 0 
7fe50fbfc000-7fe50fbfd000 ---p 00000000 00:00 0 
7fe50fbfd000-7fe50fcfd000 rw-p 00000000 00:00 0 
7fe50fcfd000-7fe50fcfe000 ---p 00000000 00:00 0 
7fe50fcfe000-7fe50fdfe000 rw-p 00000000 00:00 0 
7fe50fdfe000-7fe50fdff000 ---p 00000000 00:00 0 
7fe50fdff000-7fe50feff000 rw-p 00000000 00:00 0 
7fe50feff000-7fe50ff00000 ---p 00000000 00:00 0 
7fe50ff00000-7fe510000000 rw-p 00000000 00:00 0 
7fe510000000-7fe510021000 rw-p 00000000 00:00 0 
7fe510021000-7fe514000000 ---p 00000000 00:00 0 
7fe5140f9000-7fe5140fa000 ---p 00000000 00:00 0 
7fe5140fa000-7fe5141fa000 rw-p 00000000 00:00 0 
7fe5141fa000-7fe5141fb000 ---p 00000000 00:00 0 
7fe5141fb000-7fe5142fb000 rw-p 00000000 00:00 0 
7fe5142fb000-7fe5142fc000 ---p 00000000 00:00 0 
7fe5142fc000-7fe5143fc000 rw-p 00000000 00:00 0 
7fe5143fc000-7fe5143fd000 ---p 00000000 00:00 0 
7fe5143fd000-7fe5144fd000 rw-p 00000000 00:00 0 
7fe5144fd000-7fe5144fe000 ---p 00000000 00:00 0 
7fe5144fe000-7fe5145fe000 rw-p 00000000 00:00 0 
7fe5145fe000-7fe5145ff000 ---p 00000000 00:00 0 
7fe5145ff000-7fe5146ff000 rw-p 00000000 00:00 0 
7fe5146ff000-7fe514700000 ---p 00000000 00:00 0 
7fe514700000-7fe516800000 rw-p 00000000 00:00 0 
7fe516800000-7fe532760000 ---p 00000000 00:00 0 
7fe532760000-7fe532780000 rw-p 00000000 00:00 0 
7fe532800000-7fe534800000 rw-p 00000000 00:00 0 
7fe534800000-7fe550760000 ---p 00000000 00:00 0 
7fe550760000-7fe550780000 rw-p 00000000 00:00 0 
7fe550800000-7fe550c00000 rw-p 00000000 00:00 0 
7fe550c00000-7fe5543ec000 ---p 00000000 00:00 0 
7fe5543ec000-7fe5543f0000 rw-p 00000000 00:00 0 
7fe554400000-7fe554800000 rw-p 00000000 00:00 0 
7fe554800000-7fe557fec000 ---p 00000000 00:00 0 
7fe557fec000-7fe557ff0000 rw-p 00000000 00:00 0 
7fe558000000-7fe558021000 rw-p 00000000 00:00 0 
7fe558021000-7fe55c000000 ---p 00000000 00:00 0 
7fe55c0f9000-7fe55c0fa000 ---p 00000000 00:00 0 
7fe55c0fa000-7fe55c1fa000 rw-p 00000000 00:00 0 
7fe55c1fa000-7fe55c1fb000 ---p 00000000 00:00 0 
7fe55c1fb000-7fe55c2fb000 rw-p 00000000 00:00 0 
7fe55c2fb000-7fe55c2fc000 ---p 00000000 00:00 0 
7fe55c2fc000-7fe55c3fc000 rw-p 00000000 00:00 0 
7fe55c3fc000-7fe55c3fd000 ---p 00000000 00:00 0 
7fe55c3fd000-7fe55c4fd000 rw-p 00000000 00:00 0 
7fe55c4fd000-7fe55c4fe000 ---p 00000000 00:00 0 
7fe55c4fe000-7fe55c5fe000 rw-p 00000000 00:00 0 
7fe55c5fe000-7fe55c5ff000 ---p 00000000 00:00 0 
7fe55c5ff000-7fe55c6ff000 rw-p 00000000 00:00 0 
7fe55c9ff000-7fe55caff000 rw-p 00000000 00:00 0 
7fe55ccff000-7fe55cd03000 ---p 00000000 00:00 0 
7fe55cd03000-7fe55cdff000 rw-p 00000000 00:00 0 
7fe55cdff000-7fe55ce00000 ---p 00000000 00:00 0 
7fe55ce00000-7fe55cf00000 rw-p 00000000 00:00 0 
7fe55d000000-7fe55f000000 rw-p 00000000 00:00 0 
7fe55f000000-7fe55f004000 ---p 00000000 00:00 0 
7fe55f004000-7fe55f100000 rw-p 00000000 00:00 0 
7fe55f100000-7fe55f104000 ---p 00000000 00:00 0 
7fe55f104000-7fe55f200000 rw-p 00000000 00:00 0 
7fe55f200000-7fe55f570000 rwxp 00000000 00:00 0 
7fe55f570000-7fe55f9ce000 ---p 00000000 00:00 0 
7fe55f9ce000-7fe55fcde000 rwxp 00000000 00:00 0 
7fe55fcde000-7fe566de7000 ---p 00000000 00:00 0 
7fe566de7000-7fe567057000 rwxp 00000000 00:00 0 
7fe567057000-7fe56e200000 ---p 00000000 00:00 0 
7fe56e200000-7fe56e204000 ---p 00000000 00:00 0 
7fe56e204000-7fe56e600000 rw-p 00000000 00:00 0 
7fe56e600000-7fe56e604000 ---p 00000000 00:00 0 
7fe56e604000-7fe56e700000 rw-p 00000000 00:00 0 
7fe56e700000-7fe56e704000 ---p 00000000 00:00 0 
7fe56e704000-7fe56e800000 rw-p 00000000 00:00 0 
7fe56e800000-7fe56e804000 ---p 00000000 00:00 0 
7fe56e804000-7fe56e900000 rw-p 00000000 00:00 0 
7fe56e900000-7fe56e904000 ---p 00000000 00:00 0 
7fe56e904000-7fe56f080000 rw-p 00000000 00:00 0 
7fe56f080000-7fe56f200000 ---p 00000000 00:00 0 
7fe56f2fd000-7fe56f2fe000 ---p 00000000 00:00 0 
7fe56f2fe000-7fe56f3fe000 rw-p 00000000 00:00 0 
7fe56f3fe000-7fe56f3ff000 ---p 00000000 00:00 0 
7fe56f3ff000-7fe56f4ff000 rw-p 00000000 00:00 0 
7fe56f4ff000-7fe56f500000 ---p 00000000 00:00 0 
7fe56f500000-7fe56fabe000 rw-p 00000000 00:00 0 
7fe56faff000-7fe56fb00000 ---p 00000000 00:00 0 
7fe56fb00000-7fe570000000 rw-p 00000000 00:00 0 
7fe570000000-7fe5737ec000 ---p 00000000 00:00 0 
7fe5737ec000-7fe5737f0000 rw-p 00000000 00:00 0 
7fe5738dd000-7fe5738de000 ---p 00000000 00:00 0 
7fe5738de000-7fe5739de000 rw-p 00000000 00:00 0 
7fe5739de000-7fe5739df000 ---p 00000000 00:00 0 
7fe5739df000-7fe573adf000 rw-p 00000000 00:00 0 
7fe573adf000-7fe57c320000 r--s 00000000 08:04 1116478605                 /usr/lib/jvm/java-11-openjdk-amd64/lib/modules
7fe57c320000-7fe57c5a3000 r--p 00000000 08:04 1116478613                 /usr/lib/jvm/java-11-openjdk-amd64/lib/server/libjvm.so
7fe57c5a3000-7fe57d24e000 r-xp 00283000 08:04 1116478613                 /usr/lib/jvm/java-11-openjdk-amd64/lib/server/libjvm.so
7fe57d24e000-7fe57d4aa000 r--p 00f2e000 08:04 1116478613                 /usr/lib/jvm/java-11-openjdk-amd64/lib/server/libjvm.so
7fe57d4aa000-7fe57d56e000 r--p 01189000 08:04 1116478613                 /usr/lib/jvm/java-11-openjdk-amd64/lib/server/libjvm.so
7fe57d56e000-7fe57d5a9000 rw-p 0124d000 08:04 1116478613                 /usr/lib/jvm/java-11-openjdk-amd64/lib/server/libjvm.so
7fe57d5a9000-7fe5b76ab000 rw-p 00000000 00:00 0 
7fe5b7700000-7fe5cc400000 rw-p 00000000 00:00 0 
7fe5cc400000-7fe5e9a00000 rw-p 00000000 00:00 0 
7fe5e9a00000-7fe5fb800000 rw-p 00000000 00:00 0 
7fe5fb800000-7fe60a400000 rw-p 00000000 00:00 0 
7fe60a400000-7fe613200000 rw-p 00000000 00:00 0 
7fe613200000-7fe61aa00000 rw-p 00000000 00:00 0 
7fe61aa00000-7fe61f000000 rw-p 00000000 00:00 0 
7fe61f000000-7fe622c00000 rw-p 00000000 00:00 0 
7fe622c00000-7fe625000000 rw-p 00000000 00:00 0 
7fe625000000-7fe626e00000 rw-p 00000000 00:00 0 
7fe626e00000-7fe628000000 rw-p 00000000 00:00 0 
7fe628000000-7fe629000000 rw-p 00000000 00:00 0 
7fe629000000-7fe629c00000 rw-p 00000000 00:00 0 
7fe629c00000-7fe62a600000 rw-p 00000000 00:00 0 
7fe62a600000-7fe62ab60000 r-xp 00000000 00:204 70897316877               /mnt/primary/conda-envs/semantic_uncertainty_export/lib/libnvjpeg.so.11.9.0.86
7fe62ab60000-7fe62ad60000 ---p 00560000 00:204 70897316877               /mnt/primary/conda-envs/semantic_uncertainty_export/lib/libnvjpeg.so.11.9.0.86
7fe62ad60000-7fe62ad6c000 r--p 00560000 00:204 70897316877               /mnt/primary/conda-envs/semantic_uncertainty_export/lib/libnvjpeg.so.11.9.0.86
7fe62ad6c000-7fe62ad6d000 rw-p 0056c000 00:204 70897316877               /mnt/primary/conda-envs/semantic_uncertainty_export/lib/libnvjpeg.so.11.9.0.86
7fe62ad6d000-7fe62ad72000 rw-p 00000000 00:00 0 
7fe62ad72000-7fe62ad74000 rw-p 0056e000 00:204 70897316877               /mnt/primary/conda-envs/semantic_uncertainty_export/lib/libnvjpeg.so.11.9.0.86
7fe62ae24000-7fe62b024000 rw-p 00000000 00:00 0 
7fe62b024000-7fe62b085000 r--p 00000000 00:204 148237027876              /mnt/primary/conda-envs/semantic_uncertainty_export/lib/libavcodec.so.58.91.100
7fe62b085000-7fe62b9eb000 r-xp 00061000 00:204 148237027876              /mnt/primary/conda-envs/semantic_uncertainty_export/lib/libavcodec.so.58.91.100
7fe62b9eb000-7fe62bec7000 r--p 009c7000 00:204 148237027876              /mnt/primary/conda-envs/semantic_uncertainty_export/lib/libavcodec.so.58.91.100
7fe62bec7000-7fe62beff000 r--p 00ea2000 00:204 148237027876              /mnt/primary/conda-envs/semantic_uncertainty_export/lib/libavcodec.so.58.91.100
7fe62beff000-7fe62bf29000 rw-p 00eda000 00:204 148237027876              /mnt/primary/conda-envs/semantic_uncertainty_export/lib/libavcodec.so.58.91.100
7fe62bf29000-7fe62c50b000 rw-p 00000000 00:00 0 
7fe62c50b000-7fe62c56d000 r--p 00000000 00:204 148282762794              /mnt/primary/conda-envs/semantic_uncertainty_export/lib/python3.11/site-packages/torchvision/_C.so
7fe62c56d000-7fe62c651000 r-xp 00062000 00:204 148282762794              /mnt/primary/conda-envs/semantic_uncertainty_export/lib/python3.11/site-packages/torchvision/_C.so
7fe62c651000-7fe62cb3b000 r--p 00146000 00:204 148282762794              /mnt/primary/conda-envs/semantic_uncertainty_export/lib/python3.11/site-packages/torchvision/_C.so
7fe62cb3b000-7fe62cb3e000 r--p 0062f000 00:204 148282762794              /mnt/primary/conda-envs/semantic_uncertainty_export/lib/python3.11/site-packages/torchvision/_C.so
7fe62cb3e000-7fe62cb42000 rw-p 00632000 00:204 148282762794              /mnt/primary/conda-envs/semantic_uncertainty_export/lib/python3.11/site-packages/torchvision/_C.so
7fe62cb42000-7fe62cb44000 rw-p 00000000 00:00 0 
7fe62cb44000-7fe62cbdc000 r--p 00000000 00:204 129271016470              /mnt/primary/conda-envs/semantic_uncertainty_export/lib/python3.11/site-packages/tokenizers/tokenizers.abi3.so
7fe62cbdc000-7fe62cfd5000 r-xp 00098000 00:204 129271016470              /mnt/primary/conda-envs/semantic_uncertainty_export/lib/python3.11/site-packages/tokenizers/tokenizers.abi3.so
7fe62cfd5000-7fe62d177000 r--p 00491000 00:204 129271016470              /mnt/primary/conda-envs/semantic_uncertainty_export/lib/python3.11/site-packages/tokenizers/tokenizers.abi3.so
7fe62d177000-7fe62d178000 ---p 00633000 00:204 129271016470              /mnt/primary/conda-envs/semantic_uncertainty_export/lib/python3.11/site-packages/tokenizers/tokenizers.abi3.so
7fe62d178000-7fe62d1f8000 r--p 00633000 00:204 129271016470              /mnt/primary/conda-envs/semantic_uncertainty_export/lib/python3.11/site-packages/tokenizers/tokenizers.abi3.so
7fe62d1f8000-7fe62d1ff000 rw-p 006b3000 00:204 129271016470              /mnt/primary/conda-envs/semantic_uncertainty_export/lib/python3.11/site-packages/tokenizers/tokenizers.abi3.so
7fe62d1ff000-7fe62d200000 rw-p 00000000 00:00 0 
7fe62d200000-7fe62d217000 r-xp 00000000 00:204 70925084694               /mnt/primary/conda-envs/semantic_uncertainty_export/lib/libmpc.so.3.1.0
7fe62d217000-7fe62d417000 ---p 00017000 00:204 70925084694               /mnt/primary/conda-envs/semantic_uncertainty_export/lib/libmpc.so.3.1.0
7fe62d417000-7fe62d418000 r--p 00017000 00:204 70925084694               /mnt/primary/conda-envs/semantic_uncertainty_export/lib/libmpc.so.3.1.0
7fe62d418000-7fe62d419000 rw-p 00018000 00:204 70925084694               /mnt/primary/conda-envs/semantic_uncertainty_export/lib/libmpc.so.3.1.0
7fe62d500000-7fe62d800000 rw-p 00000000 00:00 0 
7fe62d800000-7fe63045a000 r-xp 00000000 00:204 70897288732               /mnt/primary/conda-envs/semantic_uncertainty_export/lib/libnvrtc.so.11.8.89
7fe63045a000-7fe630659000 ---p 02c5a000 00:204 70897288732               /mnt/primary/conda-envs/semantic_uncertainty_export/lib/libnvrtc.so.11.8.89
7fe630659000-7fe630d1c000 r--p 02c59000 00:204 70897288732               /mnt/primary/conda-envs/semantic_uncertainty_export/lib/libnvrtc.so.11.8.89
7fe630d1c000-7fe630de4000 rw-p 0331c000 00:204 70897288732               /mnt/primary/conda-envs/semantic_uncertainty_export/lib/libnvrtc.so.11.8.89
7fe630de4000-7fe630ee4000 rw-p 00000000 00:00 0 
7fe630ee4000-7fe630ee6000 rw-p 033e4000 00:204 70897288732               /mnt/primary/conda-envs/semantic_uncertainty_export/lib/libnvrtc.so.11.8.89
7fe630f24000-7fe631224000 rw-p 00000000 00:00 0 
7fe631224000-7fe63131d000 r--p 00000000 00:204 81779481643               /mnt/primary/conda-envs/semantic_uncertainty_export/lib/python3.11/site-packages/torch/lib/libnvfuser_codegen.so
7fe63131d000-7fe631697000 r-xp 000f9000 00:204 81779481643               /mnt/primary/conda-envs/semantic_uncertainty_export/lib/python3.11/site-packages/torch/lib/libnvfuser_codegen.so
7fe631697000-7fe6317e0000 r--p 00473000 00:204 81779481643               /mnt/primary/conda-envs/semantic_uncertainty_export/lib/python3.11/site-packages/torch/lib/libnvfuser_codegen.so
7fe6317e0000-7fe6317e1000 ---p 005bc000 00:204 81779481643               /mnt/primary/conda-envs/semantic_uncertainty_export/lib/python3.11/site-packages/torch/lib/libnvfuser_codegen.so
7fe6317e1000-7fe6317f9000 r--p 005bc000 00:204 81779481643               /mnt/primary/conda-envs/semantic_uncertainty_export/lib/python3.11/site-packages/torch/lib/libnvfuser_codegen.so
7fe6317f9000-7fe6317ff000 rw-p 005d4000 00:204 81779481643               /mnt/primary/conda-envs/semantic_uncertainty_export/lib/python3.11/site-packages/torch/lib/libnvfuser_codegen.so
7fe6317ff000-7fe631800000 rw-p 00000000 00:00 0 
7fe631800000-7fe6422c0000 r-xp 00000000 00:204 70897288757               /mnt/primary/conda-envs/semantic_uncertainty_export/lib/libcusparse.so.11.7.5.86
7fe6422c0000-7fe6424c0000 ---p 10ac0000 00:204 70897288757               /mnt/primary/conda-envs/semantic_uncertainty_export/lib/libcusparse.so.11.7.5.86
7fe6424c0000-7fe6424cf000 r--p 10ac0000 00:204 70897288757               /mnt/primary/conda-envs/semantic_uncertainty_export/lib/libcusparse.so.11.7.5.86
7fe6424cf000-7fe6424ef000 rw-p 10acf000 00:204 70897288757               /mnt/primary/conda-envs/semantic_uncertainty_export/lib/libcusparse.so.11.7.5.86
7fe6424ef000-7fe6424f8000 rw-p 00000000 00:00 0 
7fe6424f8000-7fe6424fd000 rw-p 10aef000 00:204 70897288757               /mnt/primary/conda-envs/semantic_uncertainty_export/lib/libcusparse.so.11.7.5.86
7fe642500000-7fe642800000 rw-p 00000000 00:00 0 
7fe642800000-7fe642dfe000 r-xp 00000000 00:204 81779481642               /mnt/primary/conda-envs/semantic_uncertainty_export/lib/python3.11/site-packages/torch/lib/libcupti-ae79a72e.so.11.8
7fe642dfe000-7fe642ffd000 ---p 005fe000 00:204 81779481642               /mnt/primary/conda-envs/semantic_uncertainty_export/lib/python3.11/site-packages/torch/lib/libcupti-ae79a72e.so.11.8
7fe642ffd000-7fe643047000 r--p 005fd000 00:204 81779481642               /mnt/primary/conda-envs/semantic_uncertainty_export/lib/python3.11/site-packages/torch/lib/libcupti-ae79a72e.so.11.8
7fe643047000-7fe6430de000 rw-p 00647000 00:204 81779481642               /mnt/primary/conda-envs/semantic_uncertainty_export/lib/python3.11/site-packages/torch/lib/libcupti-ae79a72e.so.11.8
7fe6430de000-7fe643115000 rw-p 00000000 00:00 0 
7fe643115000-7fe643118000 rw-p 006de000 00:204 81779481642               /mnt/primary/conda-envs/semantic_uncertainty_export/lib/python3.11/site-packages/torch/lib/libcupti-ae79a72e.so.11.8
7fe643200000-7fe643400000 rw-p 00000000 00:00 0 
7fe643400000-7fe643424000 r-xp 00000000 00:204 81779481635               /mnt/primary/conda-envs/semantic_uncertainty_export/lib/python3.11/site-packages/torch/lib/libcudnn.so.8
7fe643424000-7fe643623000 ---p 00024000 00:204 81779481635               /mnt/primary/conda-envs/semantic_uncertainty_export/lib/python3.11/site-packages/torch/lib/libcudnn.so.8
7fe643623000-7fe643624000 r--p 00023000 00:204 81779481635               /mnt/primary/conda-envs/semantic_uncertainty_export/lib/python3.11/site-packages/torch/lib/libcudnn.so.8
7fe643624000-7fe643625000 rw-p 00024000 00:204 81779481635               /mnt/primary/conda-envs/semantic_uncertainty_export/lib/python3.11/site-packages/torch/lib/libcudnn.so.8
7fe643625000-7fe643626000 rw-p 00000000 00:00 0 
7fe643626000-7fe643629000 rw-p 00025000 00:204 81779481635               /mnt/primary/conda-envs/semantic_uncertainty_export/lib/python3.11/site-packages/torch/lib/libcudnn.so.8
7fe6436b0000-7fe6439b0000 rw-p 00000000 00:00 0 
7fe6439b0000-7fe644602000 r--p 00000000 00:204 81779481647               /mnt/primary/conda-envs/semantic_uncertainty_export/lib/python3.11/site-packages/torch/lib/libtorch_cuda.so
7fe644602000-7fe646ca0000 r-xp 00c52000 00:204 81779481647               /mnt/primary/conda-envs/semantic_uncertainty_export/lib/python3.11/site-packages/torch/lib/libtorch_cuda.so
7fe646ca0000-7fe68fdc8000 r--p 032f0000 00:204 81779481647               /mnt/primary/conda-envs/semantic_uncertainty_export/lib/python3.11/site-packages/torch/lib/libtorch_cuda.so
7fe68fdc8000-7fe68fdc9000 ---p 4c418000 00:204 81779481647               /mnt/primary/conda-envs/semantic_uncertainty_export/lib/python3.11/site-packages/torch/lib/libtorch_cuda.so
7fe68fdc9000-7fe68fe44000 r--p 4c418000 00:204 81779481647               /mnt/primary/conda-envs/semantic_uncertainty_export/lib/python3.11/site-packages/torch/lib/libtorch_cuda.so
7fe68fe44000-7fe68fe6d000 rw-p 4c493000 00:204 81779481647               /mnt/primary/conda-envs/semantic_uncertainty_export/lib/python3.11/site-packages/torch/lib/libtorch_cuda.so
7fe68fe6d000-7fe690b96000 rw-p 00000000 00:00 0 
7fe690b96000-7fe6917aa000 r--p 00000000 00:204 81779481646               /mnt/primary/conda-envs/semantic_uncertainty_export/lib/python3.11/site-packages/torch/lib/libtorch_cpu.so
7fe6917aa000-7fe69a51b000 r-xp 00c14000 00:204 81779481646               /mnt/primary/conda-envs/semantic_uncertainty_export/lib/python3.11/site-packages/torch/lib/libtorch_cpu.so
7fe69a51b000-7fe69c369000 r--p 09985000 00:204 81779481646               /mnt/primary/conda-envs/semantic_uncertainty_export/lib/python3.11/site-packages/torch/lib/libtorch_cpu.so
7fe69c369000-7fe69c55c000 r--p 0b7d2000 00:204 81779481646               /mnt/primary/conda-envs/semantic_uncertainty_export/lib/python3.11/site-packages/torch/lib/libtorch_cpu.so
7fe69c55c000-7fe69c595000 rw-p 0b9c5000 00:204 81779481646               /mnt/primary/conda-envs/semantic_uncertainty_export/lib/python3.11/site-packages/torch/lib/libtorch_cpu.so
7fe69c595000-7fe69c610000 rw-p 00000000 00:00 0 
7fe69c610000-7fe69cb16000 rw-p 104ec000 00:204 81779481646               /mnt/primary/conda-envs/semantic_uncertainty_export/lib/python3.11/site-packages/torch/lib/libtorch_cpu.so
7fe69cb16000-7fe69cd0f000 r--p 00000000 00:204 81779481650               /mnt/primary/conda-envs/semantic_uncertainty_export/lib/python3.11/site-packages/torch/lib/libtorch_python.so
7fe69cd0f000-7fe69d7e6000 r-xp 001f9000 00:204 81779481650               /mnt/primary/conda-envs/semantic_uncertainty_export/lib/python3.11/site-packages/torch/lib/libtorch_python.so
7fe69d7e6000-7fe69db2d000 r--p 00cd0000 00:204 81779481650               /mnt/primary/conda-envs/semantic_uncertainty_export/lib/python3.11/site-packages/torch/lib/libtorch_python.so
7fe69db2d000-7fe69db2e000 ---p 01017000 00:204 81779481650               /mnt/primary/conda-envs/semantic_uncertainty_export/lib/python3.11/site-packages/torch/lib/libtorch_python.so
7fe69db2e000-7fe69db4a000 r--p 01017000 00:204 81779481650               /mnt/primary/conda-envs/semantic_uncertainty_export/lib/python3.11/site-packages/torch/lib/libtorch_python.so
7fe69db4a000-7fe69db9e000 rw-p 01033000 00:204 81779481650               /mnt/primary/conda-envs/semantic_uncertainty_export/lib/python3.11/site-packages/torch/lib/libtorch_python.so
7fe69db9e000-7fe69dc00000 rw-p 00000000 00:00 0 
7fe6a168a000-7fe6a169d000 r--p 00000000 00:204 148237000213              /mnt/primary/conda-envs/semantic_uncertainty_export/lib/libunistring.so.2.1.0
7fe6a169d000-7fe6a16d5000 r-xp 00013000 00:204 148237000213              /mnt/primary/conda-envs/semantic_uncertainty_export/lib/libunistring.so.2.1.0
7fe6a16d5000-7fe6a180c000 r--p 0004b000 00:204 148237000213              /mnt/primary/conda-envs/semantic_uncertainty_export/lib/libunistring.so.2.1.0
7fe6a180c000-7fe6a1810000 r--p 00181000 00:204 148237000213              /mnt/primary/conda-envs/semantic_uncertainty_export/lib/libunistring.so.2.1.0
7fe6a1810000-7fe6a1811000 rw-p 00185000 00:204 148237000213              /mnt/primary/conda-envs/semantic_uncertainty_export/lib/libunistring.so.2.1.0
7fe6a1811000-7fe6a1844000 r--p 00000000 00:204 148237001233              /mnt/primary/conda-envs/semantic_uncertainty_export/lib/libgnutls.so.30.28.1
7fe6a1844000-7fe6a1929000 r-xp 00033000 00:204 148237001233              /mnt/primary/conda-envs/semantic_uncertainty_export/lib/libgnutls.so.30.28.1
7fe6a1929000-7fe6a1981000 r--p 00118000 00:204 148237001233              /mnt/primary/conda-envs/semantic_uncertainty_export/lib/libgnutls.so.30.28.1
7fe6a1981000-7fe6a1991000 r--p 0016f000 00:204 148237001233              /mnt/primary/conda-envs/semantic_uncertainty_export/lib/libgnutls.so.30.28.1
7fe6a1991000-7fe6a1993000 rw-p 0017f000 00:204 148237001233              /mnt/primary/conda-envs/semantic_uncertainty_export/lib/libgnutls.so.30.28.1
7fe6a1993000-7fe6a1994000 rw-p 00000000 00:00 0 
7fe6a3600000-7fe6a3608000 r-xp 00000000 00:204 70897288735               /mnt/primary/conda-envs/semantic_uncertainty_export/lib/libnvToolsExt.so.1.0.0
7fe6a3608000-7fe6a3808000 ---p 00008000 00:204 70897288735               /mnt/primary/conda-envs/semantic_uncertainty_export/lib/libnvToolsExt.so.1.0.0
7fe6a3808000-7fe6a3809000 r--p 00008000 00:204 70897288735               /mnt/primary/conda-envs/semantic_uncertainty_export/lib/libnvToolsExt.so.1.0.0
7fe6a3809000-7fe6a380b000 rw-p 00009000 00:204 70897288735               /mnt/primary/conda-envs/semantic_uncertainty_export/lib/libnvToolsExt.so.1.0.0
7fe6a3851000-7fe6a3951000 rw-p 00000000 00:00 0 
7fe6a3951000-7fe6a3962000 r--p 00000000 00:204 148237027881              /mnt/primary/conda-envs/semantic_uncertainty_export/lib/libavutil.so.56.51.100
7fe6a3962000-7fe6a39d4000 r-xp 00011000 00:204 148237027881              /mnt/primary/conda-envs/semantic_uncertainty_export/lib/libavutil.so.56.51.100
7fe6a39d4000-7fe6a39ec000 r--p 00083000 00:204 148237027881              /mnt/primary/conda-envs/semantic_uncertainty_export/lib/libavutil.so.56.51.100
7fe6a39ec000-7fe6a39ed000 ---p 0009b000 00:204 148237027881              /mnt/primary/conda-envs/semantic_uncertainty_export/lib/libavutil.so.56.51.100
7fe6a39ed000-7fe6a39f8000 r--p 0009b000 00:204 148237027881              /mnt/primary/conda-envs/semantic_uncertainty_export/lib/libavutil.so.56.51.100
7fe6a39f8000-7fe6a39f9000 rw-p 000a6000 00:204 148237027881              /mnt/primary/conda-envs/semantic_uncertainty_export/lib/libavutil.so.56.51.100
7fe6a39f9000-7fe6a3c00000 rw-p 00000000 00:00 0 
7fe6a3c00000-7fe6a3ca0000 r-xp 00000000 00:204 70897288714               /mnt/primary/conda-envs/semantic_uncertainty_export/lib/libcudart.so.11.8.89
7fe6a3ca0000-7fe6a3ea0000 ---p 000a0000 00:204 70897288714               /mnt/primary/conda-envs/semantic_uncertainty_export/lib/libcudart.so.11.8.89
7fe6a3ea0000-7fe6a3ea5000 r--p 000a0000 00:204 70897288714               /mnt/primary/conda-envs/semantic_uncertainty_export/lib/libcudart.so.11.8.89
7fe6a3ea5000-7fe6a3ea6000 rw-p 000a5000 00:204 70897288714               /mnt/primary/conda-envs/semantic_uncertainty_export/lib/libcudart.so.11.8.89
7fe6a3ea6000-7fe6a3ea7000 rw-p 00000000 00:00 0 
7fe6a3ea7000-7fe6a3eab000 rw-p 000a6000 00:204 70897288714               /mnt/primary/conda-envs/semantic_uncertainty_export/lib/libcudart.so.11.8.89
7fe6a3f8c000-7fe6a3fc6000 r--p 00000000 00:204 148237027879              /mnt/primary/conda-envs/semantic_uncertainty_export/lib/libavformat.so.58.45.100
7fe6a3fc6000-7fe6a415c000 r-xp 0003a000 00:204 148237027879              /mnt/primary/conda-envs/semantic_uncertainty_export/lib/libavformat.so.58.45.100
7fe6a415c000-7fe6a41ca000 r--p 001d0000 00:204 148237027879              /mnt/primary/conda-envs/semantic_uncertainty_export/lib/libavformat.so.58.45.100
7fe6a41ca000-7fe6a41e8000 r--p 0023d000 00:204 148237027879              /mnt/primary/conda-envs/semantic_uncertainty_export/lib/libavformat.so.58.45.100
7fe6a41e8000-7fe6a4200000 rw-p 0025b000 00:204 148237027879              /mnt/primary/conda-envs/semantic_uncertainty_export/lib/libavformat.so.58.45.100
7fe6a4200000-7fe6c54fc000 r-xp 00000000 00:204 70897288739               /mnt/primary/conda-envs/semantic_uncertainty_export/lib/libcublasLt.so.11.11.3.6
7fe6c54fc000-7fe6c56fc000 ---p 212fc000 00:204 70897288739               /mnt/primary/conda-envs/semantic_uncertainty_export/lib/libcublasLt.so.11.11.3.6
7fe6c56fc000-7fe6c5982000 r--p 212fc000 00:204 70897288739               /mnt/primary/conda-envs/semantic_uncertainty_export/lib/libcublasLt.so.11.11.3.6
7fe6c5982000-7fe6c67f3000 rw-p 21582000 00:204 70897288739               /mnt/primary/conda-envs/semantic_uncertainty_export/lib/libcublasLt.so.11.11.3.6
7fe6c67f3000-7fe6c8786000 rw-p 00000000 00:00 0 
7fe6c8786000-7fe6c878a000 rw-p 223f3000 00:204 70897288739               /mnt/primary/conda-envs/semantic_uncertainty_export/lib/libcublasLt.so.11.11.3.6
7fe6c87db000-7fe6c8811000 r--p 00000000 00:204 70898552840               /mnt/primary/conda-envs/semantic_uncertainty_export/lib/libopenh264.so.2.1.1
7fe6c8811000-7fe6c88d1000 r-xp 00036000 00:204 70898552840               /mnt/primary/conda-envs/semantic_uncertainty_export/lib/libopenh264.so.2.1.1
7fe6c88d1000-7fe6c88f9000 r--p 000f6000 00:204 70898552840               /mnt/primary/conda-envs/semantic_uncertainty_export/lib/libopenh264.so.2.1.1
7fe6c88f9000-7fe6c88fa000 ---p 0011e000 00:204 70898552840               /mnt/primary/conda-envs/semantic_uncertainty_export/lib/libopenh264.so.2.1.1
7fe6c88fa000-7fe6c88ff000 r--p 0011e000 00:204 70898552840               /mnt/primary/conda-envs/semantic_uncertainty_export/lib/libopenh264.so.2.1.1
7fe6c88ff000-7fe6c8900000 rw-p 00123000 00:204 70898552840               /mnt/primary/conda-envs/semantic_uncertainty_export/lib/libopenh264.so.2.1.1
7fe6c8900000-7fe6c8a00000 rw-p 00000000 00:00 0 
7fe6c8a00000-7fe6ce44b000 r-xp 00000000 00:204 70897288737               /mnt/primary/conda-envs/semantic_uncertainty_export/lib/libcublas.so.11.11.3.6
7fe6ce44b000-7fe6ce64b000 ---p 05a4b000 00:204 70897288737               /mnt/primary/conda-envs/semantic_uncertainty_export/lib/libcublas.so.11.11.3.6
7fe6ce64b000-7fe6ce652000 r--p 05a4b000 00:204 70897288737               /mnt/primary/conda-envs/semantic_uncertainty_export/lib/libcublas.so.11.11.3.6
7fe6ce652000-7fe6ce657000 rw-p 05a52000 00:204 70897288737               /mnt/primary/conda-envs/semantic_uncertainty_export/lib/libcublas.so.11.11.3.6
7fe6ce657000-7fe6ce65e000 rw-p 00000000 00:00 0 
7fe6ce65e000-7fe6ce662000 rw-p 05a58000 00:204 70897288737               /mnt/primary/conda-envs/semantic_uncertainty_export/lib/libcublas.so.11.11.3.6
7fe6ce700000-7fe6cea00000 rw-p 00000000 00:00 0 
7fe6cea00000-7fe6d319b000 r-xp 00000000 00:204 70897288751               /mnt/primary/conda-envs/semantic_uncertainty_export/lib/libcurand.so.10.3.4.52
7fe6d319b000-7fe6d339b000 ---p 0479b000 00:204 70897288751               /mnt/primary/conda-envs/semantic_uncertainty_export/lib/libcurand.so.10.3.4.52
7fe6d339b000-7fe6d33a1000 r--p 0479b000 00:204 70897288751               /mnt/primary/conda-envs/semantic_uncertainty_export/lib/libcurand.so.10.3.4.52
7fe6d33a1000-7fe6d47cd000 rw-p 047a1000 00:204 70897288751               /mnt/primary/conda-envs/semantic_uncertainty_export/lib/libcurand.so.10.3.4.52
7fe6d47cd000-7fe6d4e05000 rw-p 00000000 00:00 0 
7fe6d4e05000-7fe6d4e06000 rw-p 05bcd000 00:204 70897288751               /mnt/primary/conda-envs/semantic_uncertainty_export/lib/libcurand.so.10.3.4.52
7fe6d4f00000-7fe6d5200000 rw-p 00000000 00:00 0 
7fe6d5200000-7fe6d806f000 r-xp 00000000 00:204 70897288743               /mnt/primary/conda-envs/semantic_uncertainty_export/lib/libcufft.so.10.9.0.58
7fe6d806f000-7fe6d826f000 ---p 02e6f000 00:204 70897288743               /mnt/primary/conda-envs/semantic_uncertainty_export/lib/libcufft.so.10.9.0.58
7fe6d826f000-7fe6d8303000 r--p 02e6f000 00:204 70897288743               /mnt/primary/conda-envs/semantic_uncertainty_export/lib/libcufft.so.10.9.0.58
7fe6d8303000-7fe6e5e3a000 rw-p 02f03000 00:204 70897288743               /mnt/primary/conda-envs/semantic_uncertainty_export/lib/libcufft.so.10.9.0.58
7fe6e5e3a000-7fe6e60db000 rw-p 00000000 00:00 0 
7fe6e60db000-7fe6e60dd000 rw-p 10a3b000 00:204 70897288743               /mnt/primary/conda-envs/semantic_uncertainty_export/lib/libcufft.so.10.9.0.58
7fe6e6180000-7fe6e6380000 rw-p 00000000 00:00 0 
7fe6e6380000-7fe6e6553000 r--p 00000000 00:204 70924951606               /mnt/primary/conda-envs/semantic_uncertainty_export/lib/libmkl_gnu_thread.so.2
7fe6e6553000-7fe6e7d29000 r-xp 001d3000 00:204 70924951606               /mnt/primary/conda-envs/semantic_uncertainty_export/lib/libmkl_gnu_thread.so.2
7fe6e7d29000-7fe6e7ecb000 r--p 019a9000 00:204 70924951606               /mnt/primary/conda-envs/semantic_uncertainty_export/lib/libmkl_gnu_thread.so.2
7fe6e7ecb000-7fe6e7ecf000 r--p 01b4a000 00:204 70924951606               /mnt/primary/conda-envs/semantic_uncertainty_export/lib/libmkl_gnu_thread.so.2
7fe6e7ecf000-7fe6e7f1c000 rw-p 01b4e000 00:204 70924951606               /mnt/primary/conda-envs/semantic_uncertainty_export/lib/libmkl_gnu_thread.so.2
7fe6e7f1c000-7fe6e7f1d000 rw-p 00000000 00:00 0 
7fe6e7f1d000-7fe6e8000000 rw-p 01d98000 00:204 70924951606               /mnt/primary/conda-envs/semantic_uncertainty_export/lib/libmkl_gnu_thread.so.2
7fe6e8000000-7fe6e8025000 r-xp 00000000 00:204 135369460281              /mnt/primary/conda-envs/semantic_uncertainty_export/lib/python3.11/site-packages/scikit_learn.libs/libgomp-a34b3233.so.1.0.0
7fe6e8025000-7fe6e8224000 ---p 00025000 00:204 135369460281              /mnt/primary/conda-envs/semantic_uncertainty_export/lib/python3.11/site-packages/scikit_learn.libs/libgomp-a34b3233.so.1.0.0
7fe6e8224000-7fe6e8225000 r--p 00024000 00:204 135369460281              /mnt/primary/conda-envs/semantic_uncertainty_export/lib/python3.11/site-packages/scikit_learn.libs/libgomp-a34b3233.so.1.0.0
7fe6e8225000-7fe6e822a000 rw-p 00025000 00:204 135369460281              /mnt/primary/conda-envs/semantic_uncertainty_export/lib/python3.11/site-packages/scikit_learn.libs/libgomp-a34b3233.so.1.0.0
7fe6e8300000-7fe6e8600000 rw-p 00000000 00:00 0 
7fe6e8a00000-7fe6eaa00000 rw-p 00000000 00:00 0 
7fe6eaa00000-7fe6eac00000 rw-p 00000000 00:00 0 
7fe6eac00000-7fe6ecc00000 rw-p 00000000 00:00 0 
7fe6ecc00000-7fe6ece00000 rw-p 00000000 00:00 0 
7fe6ece00000-7fe6ece01000 ---p 00000000 00:00 0 
7fe6ece01000-7fe6ed601000 rw-p 00000000 00:00 0 
7fe6ed700000-7fe6ed800000 rw-p 00000000 00:00 0 
7fe6ed800000-7fe6ef800000 rw-p 00000000 00:00 0 
7fe6ef800000-7fe6efa00000 rw-p 00000000 00:00 0 
7fe6efa00000-7fe6efa01000 ---p 00000000 00:00 0 
7fe6efa01000-7fe6f0201000 rw-p 00000000 00:00 0 
7fe6f0300000-7fe6f0400000 rw-p 00000000 00:00 0 
7fe6f0400000-7fe6f2400000 rw-p 00000000 00:00 0 
7fe6f2400000-7fe6f2600000 rw-p 00000000 00:00 0 
7fe6f2600000-7fe6f2601000 ---p 00000000 00:00 0 
7fe6f2601000-7fe6f2e01000 rw-p 00000000 00:00 0 
7fe6f2f00000-7fe6f3000000 rw-p 00000000 00:00 0 
7fe6f3000000-7fe6f5000000 rw-p 00000000 00:00 0 
7fe6f5000000-7fe6f5200000 rw-p 00000000 00:00 0 
7fe6f5200000-7fe6f5201000 ---p 00000000 00:00 0 
7fe6f5201000-7fe6f5a01000 rw-p 00000000 00:00 0 
7fe6f5b00000-7fe6f5c00000 rw-p 00000000 00:00 0 
7fe6f5c00000-7fe6f7c00000 rw-p 00000000 00:00 0 
7fe6f7c00000-7fe6f7e00000 rw-p 00000000 00:00 0 
7fe6f7e00000-7fe6f7e01000 ---p 00000000 00:00 0 
7fe6f7e01000-7fe6f8601000 rw-p 00000000 00:00 0 
7fe6f8617000-7fe6f861c000 rw-p 00000000 00:00 0 
7fe6f861c000-7fe6f8700000 ---p 00000000 00:00 0 
7fe6f8700000-7fe6f8800000 rw-p 00000000 00:00 0 
7fe6f8800000-7fe6fa800000 rw-p 00000000 00:00 0 
7fe6fa800000-7fe6faa00000 rw-p 00000000 00:00 0 
7fe6faa00000-7fe6faa01000 ---p 00000000 00:00 0 
7fe6faa01000-7fe6fb201000 rw-p 00000000 00:00 0 
7fe6fb217000-7fe6fb21e000 rw-p 00000000 00:00 0 
7fe6fb21e000-7fe6fb300000 ---p 00000000 00:00 0 
7fe6fb300000-7fe6fb400000 rw-p 00000000 00:00 0 
7fe6fb400000-7fe6fd400000 rw-p 00000000 00:00 0 
7fe6fd400000-7fe6fd600000 rw-p 00000000 00:00 0 
7fe6fd600000-7fe6ff600000 rw-p 00000000 00:00 0 
7fe6ff600000-7fe6ff800000 rw-p 00000000 00:00 0 
7fe6ff800000-7fe6ff801000 ---p 00000000 00:00 0 
7fe6ff801000-7fe700001000 rw-p 00000000 00:00 0 
7fe70005a000-7fe700061000 r--p 00000000 00:204 101037297702              /mnt/primary/conda-envs/semantic_uncertainty_export/lib/python3.11/site-packages/jnius/jnius.cpython-311-x86_64-linux-gnu.so
7fe700061000-7fe7000ea000 r-xp 00007000 00:204 101037297702              /mnt/primary/conda-envs/semantic_uncertainty_export/lib/python3.11/site-packages/jnius/jnius.cpython-311-x86_64-linux-gnu.so
7fe7000ea000-7fe7000f9000 r--p 00090000 00:204 101037297702              /mnt/primary/conda-envs/semantic_uncertainty_export/lib/python3.11/site-packages/jnius/jnius.cpython-311-x86_64-linux-gnu.so
7fe7000f9000-7fe7000fa000 ---p 0009f000 00:204 101037297702              /mnt/primary/conda-envs/semantic_uncertainty_export/lib/python3.11/site-packages/jnius/jnius.cpython-311-x86_64-linux-gnu.so
7fe7000fa000-7fe7000fb000 r--p 0009f000 00:204 101037297702              /mnt/primary/conda-envs/semantic_uncertainty_export/lib/python3.11/site-packages/jnius/jnius.cpython-311-x86_64-linux-gnu.so
7fe7000fb000-7fe7000ff000 rw-p 000a0000 00:204 101037297702              /mnt/primary/conda-envs/semantic_uncertainty_export/lib/python3.11/site-packages/jnius/jnius.cpython-311-x86_64-linux-gnu.so
7fe7000ff000-7fe700200000 rw-p 00000000 00:00 0 
7fe700200000-7fe700201000 ---p 00000000 00:00 0 
7fe700201000-7fe700a01000 rw-p 00000000 00:00 0 
7fe700a69000-7fe700a6e000 r--p 00000000 00:204 70898546218               /mnt/primary/conda-envs/semantic_uncertainty_export/lib/libjpeg.so.8.2.2
7fe700a6e000-7fe700ac3000 r-xp 00005000 00:204 70898546218               /mnt/primary/conda-envs/semantic_uncertainty_export/lib/libjpeg.so.8.2.2
7fe700ac3000-7fe700afe000 r--p 0005a000 00:204 70898546218               /mnt/primary/conda-envs/semantic_uncertainty_export/lib/libjpeg.so.8.2.2
7fe700afe000-7fe700aff000 r--p 00094000 00:204 70898546218               /mnt/primary/conda-envs/semantic_uncertainty_export/lib/libjpeg.so.8.2.2
7fe700aff000-7fe700b00000 rw-p 00095000 00:204 70898546218               /mnt/primary/conda-envs/semantic_uncertainty_export/lib/libjpeg.so.8.2.2
7fe700b00000-7fe700c00000 rw-p 00000000 00:00 0 
7fe700c00000-7fe702c00000 rw-p 00000000 00:00 0 
7fe702c00000-7fe702e00000 rw-p 00000000 00:00 0 
7fe702e00000-7fe702e01000 ---p 00000000 00:00 0 
7fe702e01000-7fe703601000 rw-p 00000000 00:00 0 
7fe703638000-7fe703642000 r--p 00000000 00:204 148237001219              /mnt/primary/conda-envs/semantic_uncertainty_export/lib/libhogweed.so.6.4
7fe703642000-7fe703655000 r-xp 0000a000 00:204 148237001219              /mnt/primary/conda-envs/semantic_uncertainty_export/lib/libhogweed.so.6.4
7fe703655000-7fe70367f000 r--p 0001d000 00:204 148237001219              /mnt/primary/conda-envs/semantic_uncertainty_export/lib/libhogweed.so.6.4
7fe70367f000-7fe703681000 r--p 00046000 00:204 148237001219              /mnt/primary/conda-envs/semantic_uncertainty_export/lib/libhogweed.so.6.4
7fe703681000-7fe703682000 rw-p 00048000 00:204 148237001219              /mnt/primary/conda-envs/semantic_uncertainty_export/lib/libhogweed.so.6.4
7fe703682000-7fe70368d000 r--p 00000000 00:204 70898546190               /mnt/primary/conda-envs/semantic_uncertainty_export/lib/libmp3lame.so.0.0.0
7fe70368d000-7fe7036bf000 r-xp 0000b000 00:204 70898546190               /mnt/primary/conda-envs/semantic_uncertainty_export/lib/libmp3lame.so.0.0.0
7fe7036bf000-7fe7036cf000 r--p 0003d000 00:204 70898546190               /mnt/primary/conda-envs/semantic_uncertainty_export/lib/libmp3lame.so.0.0.0
7fe7036cf000-7fe7036d0000 ---p 0004d000 00:204 70898546190               /mnt/primary/conda-envs/semantic_uncertainty_export/lib/libmp3lame.so.0.0.0
7fe7036d0000-7fe7036d2000 r--p 0004d000 00:204 70898546190               /mnt/primary/conda-envs/semantic_uncertainty_export/lib/libmp3lame.so.0.0.0
7fe7036d2000-7fe7036d3000 rw-p 0004f000 00:204 70898546190               /mnt/primary/conda-envs/semantic_uncertainty_export/lib/libmp3lame.so.0.0.0
7fe7036d3000-7fe703800000 rw-p 00000000 00:00 0 
7fe703800000-7fe705800000 rw-p 00000000 00:00 0 
7fe705800000-7fe705a00000 rw-p 00000000 00:00 0 
7fe705a00000-7fe705a01000 ---p 00000000 00:00 0 
7fe705a01000-7fe706201000 rw-p 00000000 00:00 0 
7fe70621a000-7fe70621d000 r--p 00000000 00:204 70898546215               /mnt/primary/conda-envs/semantic_uncertainty_export/lib/libiconv.so.2.6.1
7fe70621d000-7fe706231000 r-xp 00003000 00:204 70898546215               /mnt/primary/conda-envs/semantic_uncertainty_export/lib/libiconv.so.2.6.1
7fe706231000-7fe7062fd000 r--p 00017000 00:204 70898546215               /mnt/primary/conda-envs/semantic_uncertainty_export/lib/libiconv.so.2.6.1
7fe7062fd000-7fe7062ff000 r--p 000e2000 00:204 70898546215               /mnt/primary/conda-envs/semantic_uncertainty_export/lib/libiconv.so.2.6.1
7fe7062ff000-7fe706300000 rw-p 000e4000 00:204 70898546215               /mnt/primary/conda-envs/semantic_uncertainty_export/lib/libiconv.so.2.6.1
7fe706300000-7fe706400000 rw-p 00000000 00:00 0 
7fe706400000-7fe708400000 rw-p 00000000 00:00 0 
7fe708400000-7fe708600000 rw-p 00000000 00:00 0 
7fe708600000-7fe70a600000 rw-p 00000000 00:00 0 
7fe70a600000-7fe70a800000 rw-p 00000000 00:00 0 
7fe70a800000-7fe70a801000 ---p 00000000 00:00 0 
7fe70a801000-7fe70b001000 rw-p 00000000 00:00 0 
7fe70b026000-7fe70b034000 r--p 00000000 00:204 70923272732               /mnt/primary/conda-envs/semantic_uncertainty_export/lib/libnettle.so.8.4
7fe70b034000-7fe70b056000 r-xp 0000e000 00:204 70923272732               /mnt/primary/conda-envs/semantic_uncertainty_export/lib/libnettle.so.8.4
7fe70b056000-7fe70b06c000 r--p 00030000 00:204 70923272732               /mnt/primary/conda-envs/semantic_uncertainty_export/lib/libnettle.so.8.4
7fe70b06c000-7fe70b06d000 ---p 00046000 00:204 70923272732               /mnt/primary/conda-envs/semantic_uncertainty_export/lib/libnettle.so.8.4
7fe70b06d000-7fe70b06f000 r--p 00046000 00:204 70923272732               /mnt/primary/conda-envs/semantic_uncertainty_export/lib/libnettle.so.8.4
7fe70b06f000-7fe70b070000 rw-p 00048000 00:204 70923272732               /mnt/primary/conda-envs/semantic_uncertainty_export/lib/libnettle.so.8.4
7fe70b070000-7fe70b073000 r--p 00000000 00:204 148237027883              /mnt/primary/conda-envs/semantic_uncertainty_export/lib/libswscale.so.5.7.100
7fe70b073000-7fe70b0e6000 r-xp 00003000 00:204 148237027883              /mnt/primary/conda-envs/semantic_uncertainty_export/lib/libswscale.so.5.7.100
7fe70b0e6000-7fe70b0f5000 r--p 00076000 00:204 148237027883              /mnt/primary/conda-envs/semantic_uncertainty_export/lib/libswscale.so.5.7.100
7fe70b0f5000-7fe70b0f6000 ---p 00085000 00:204 148237027883              /mnt/primary/conda-envs/semantic_uncertainty_export/lib/libswscale.so.5.7.100
7fe70b0f6000-7fe70b0f7000 r--p 00085000 00:204 148237027883              /mnt/primary/conda-envs/semantic_uncertainty_export/lib/libswscale.so.5.7.100
7fe70b0f7000-7fe70b0f8000 rw-p 00086000 00:204 148237027883              /mnt/primary/conda-envs/semantic_uncertainty_export/lib/libswscale.so.5.7.100
7fe70b0f8000-7fe70b200000 rw-p 00000000 00:00 0 
7fe70b200000-7fe70b201000 ---p 00000000 00:00 0 
7fe70b201000-7fe70ba01000 rw-p 00000000 00:00 0 
7fe70ba28000-7fe70ba2c000 r--p 00000000 00:204 70922420791               /mnt/primary/conda-envs/semantic_uncertainty_export/lib/libidn2.so.0.3.8
7fe70ba2c000-7fe70ba31000 r-xp 00004000 00:204 70922420791               /mnt/primary/conda-envs/semantic_uncertainty_export/lib/libidn2.so.0.3.8
7fe70ba31000-7fe70ba78000 r--p 00009000 00:204 70922420791               /mnt/primary/conda-envs/semantic_uncertainty_export/lib/libidn2.so.0.3.8
7fe70ba78000-7fe70ba79000 ---p 00050000 00:204 70922420791               /mnt/primary/conda-envs/semantic_uncertainty_export/lib/libidn2.so.0.3.8
7fe70ba79000-7fe70ba7b000 r--p 00050000 00:204 70922420791               /mnt/primary/conda-envs/semantic_uncertainty_export/lib/libidn2.so.0.3.8
7fe70ba7b000-7fe70ba7c000 rw-p 00052000 00:204 70922420791               /mnt/primary/conda-envs/semantic_uncertainty_export/lib/libidn2.so.0.3.8
7fe70ba7c000-7fe70baa5000 r--p 00000000 00:204 148282762796              /mnt/primary/conda-envs/semantic_uncertainty_export/lib/python3.11/site-packages/torchvision/video_reader.so
7fe70baa5000-7fe70bae8000 r-xp 00029000 00:204 148282762796              /mnt/primary/conda-envs/semantic_uncertainty_export/lib/python3.11/site-packages/torchvision/video_reader.so
7fe70bae8000-7fe70bafb000 r--p 0006c000 00:204 148282762796              /mnt/primary/conda-envs/semantic_uncertainty_export/lib/python3.11/site-packages/torchvision/video_reader.so
7fe70bafb000-7fe70bafc000 ---p 0007f000 00:204 148282762796              /mnt/primary/conda-envs/semantic_uncertainty_export/lib/python3.11/site-packages/torchvision/video_reader.so
7fe70bafc000-7fe70bafe000 r--p 0007f000 00:204 148282762796              /mnt/primary/conda-envs/semantic_uncertainty_export/lib/python3.11/site-packages/torchvision/video_reader.so
7fe70bafe000-7fe70bb00000 rw-p 00081000 00:204 148282762796              /mnt/primary/conda-envs/semantic_uncertainty_export/lib/python3.11/site-packages/torchvision/video_reader.so
7fe70bb00000-7fe70bc00000 rw-p 00000000 00:00 0 
7fe70bc00000-7fe70dc00000 rw-p 00000000 00:00 0 
7fe70dc00000-7fe70de00000 rw-p 00000000 00:00 0 
7fe70de00000-7fe70de01000 ---p 00000000 00:00 0 
7fe70de01000-7fe70e601000 rw-p 00000000 00:00 0 
7fe70e619000-7fe70e627000 r--p 00000000 08:04 1116476803                 /usr/lib/jvm/java-11-openjdk-amd64/lib/libjava.so
7fe70e627000-7fe70e63d000 r-xp 0000e000 08:04 1116476803                 /usr/lib/jvm/java-11-openjdk-amd64/lib/libjava.so
7fe70e63d000-7fe70e644000 r--p 00024000 08:04 1116476803                 /usr/lib/jvm/java-11-openjdk-amd64/lib/libjava.so
7fe70e644000-7fe70e645000 r--p 0002a000 08:04 1116476803                 /usr/lib/jvm/java-11-openjdk-amd64/lib/libjava.so
7fe70e645000-7fe70e646000 rw-p 0002b000 08:04 1116476803                 /usr/lib/jvm/java-11-openjdk-amd64/lib/libjava.so
7fe70e646000-7fe70e647000 rw-p 00000000 00:00 0 
7fe70e647000-7fe70e655000 r--p 00000000 00:204 70923272751               /mnt/primary/conda-envs/semantic_uncertainty_export/lib/libfreetype.so.6.18.3
7fe70e655000-7fe70e6cf000 r-xp 0000e000 00:204 70923272751               /mnt/primary/conda-envs/semantic_uncertainty_export/lib/libfreetype.so.6.18.3
7fe70e6cf000-7fe70e6f7000 r--p 00088000 00:204 70923272751               /mnt/primary/conda-envs/semantic_uncertainty_export/lib/libfreetype.so.6.18.3
7fe70e6f7000-7fe70e6f8000 ---p 000b0000 00:204 70923272751               /mnt/primary/conda-envs/semantic_uncertainty_export/lib/libfreetype.so.6.18.3
7fe70e6f8000-7fe70e6ff000 r--p 000b0000 00:204 70923272751               /mnt/primary/conda-envs/semantic_uncertainty_export/lib/libfreetype.so.6.18.3
7fe70e6ff000-7fe70e700000 rw-p 000b7000 00:204 70923272751               /mnt/primary/conda-envs/semantic_uncertainty_export/lib/libfreetype.so.6.18.3
7fe70e700000-7fe70e800000 rw-p 00000000 00:00 0 
7fe70e800000-7fe710800000 rw-p 00000000 00:00 0 
7fe710800000-7fe710a00000 rw-p 00000000 00:00 0 
7fe710a00000-7fe712a00000 rw-p 00000000 00:00 0 
7fe712a00000-7fe712c00000 rw-p 00000000 00:00 0 
7fe712c00000-7fe712c01000 ---p 00000000 00:00 0 
7fe712c01000-7fe713401000 rw-p 00000000 00:00 0 
7fe71342a000-7fe713438000 r--p 00000000 00:204 46199363133               /mnt/primary/conda-envs/semantic_uncertainty_export/lib/python3.11/site-packages/safetensors/_safetensors_rust.abi3.so
7fe713438000-7fe7134cc000 r-xp 0000e000 00:204 46199363133               /mnt/primary/conda-envs/semantic_uncertainty_export/lib/python3.11/site-packages/safetensors/_safetensors_rust.abi3.so
7fe7134cc000-7fe7134f6000 r--p 000a2000 00:204 46199363133               /mnt/primary/conda-envs/semantic_uncertainty_export/lib/python3.11/site-packages/safetensors/_safetensors_rust.abi3.so
7fe7134f6000-7fe7134f7000 ---p 000cc000 00:204 46199363133               /mnt/primary/conda-envs/semantic_uncertainty_export/lib/python3.11/site-packages/safetensors/_safetensors_rust.abi3.so
7fe7134f7000-7fe7134ff000 r--p 000cc000 00:204 46199363133               /mnt/primary/conda-envs/semantic_uncertainty_export/lib/python3.11/site-packages/safetensors/_safetensors_rust.abi3.so
7fe7134ff000-7fe713500000 rw-p 000d4000 00:204 46199363133               /mnt/primary/conda-envs/semantic_uncertainty_export/lib/python3.11/site-packages/safetensors/_safetensors_rust.abi3.so
7fe713500000-7fe713600000 rw-p 00000000 00:00 0 
7fe713600000-7fe715600000 rw-p 00000000 00:00 0 
7fe715600000-7fe715800000 rw-p 00000000 00:00 0 
7fe715800000-7fe715801000 ---p 00000000 00:00 0 
7fe715801000-7fe716001000 rw-p 00000000 00:00 0 
7fe716005000-7fe716009000 r--p 00000000 08:04 1116478594                 /usr/lib/jvm/java-11-openjdk-amd64/lib/libnet.so
7fe716009000-7fe716017000 r-xp 00004000 08:04 1116478594                 /usr/lib/jvm/java-11-openjdk-amd64/lib/libnet.so
7fe716017000-7fe71601b000 r--p 00012000 08:04 1116478594                 /usr/lib/jvm/java-11-openjdk-amd64/lib/libnet.so
7fe71601b000-7fe71601c000 r--p 00015000 08:04 1116478594                 /usr/lib/jvm/java-11-openjdk-amd64/lib/libnet.so
7fe71601c000-7fe71601d000 rw-p 00016000 08:04 1116478594                 /usr/lib/jvm/java-11-openjdk-amd64/lib/libnet.so
7fe71601d000-7fe716023000 r--p 00000000 00:204 70923272704               /mnt/primary/conda-envs/semantic_uncertainty_export/lib/libpng16.so.16.39.0
7fe716023000-7fe71604c000 r-xp 00006000 00:204 70923272704               /mnt/primary/conda-envs/semantic_uncertainty_export/lib/libpng16.so.16.39.0
7fe71604c000-7fe716057000 r--p 0002f000 00:204 70923272704               /mnt/primary/conda-envs/semantic_uncertainty_export/lib/libpng16.so.16.39.0
7fe716057000-7fe716058000 ---p 0003a000 00:204 70923272704               /mnt/primary/conda-envs/semantic_uncertainty_export/lib/libpng16.so.16.39.0
7fe716058000-7fe716059000 r--p 0003a000 00:204 70923272704               /mnt/primary/conda-envs/semantic_uncertainty_export/lib/libpng16.so.16.39.0
7fe716059000-7fe71605a000 rw-p 0003b000 00:204 70923272704               /mnt/primary/conda-envs/semantic_uncertainty_export/lib/libpng16.so.16.39.0
7fe71605a000-7fe71606d000 r--p 00000000 00:204 70898522666               /mnt/primary/conda-envs/semantic_uncertainty_export/lib/libgmp.so.10.4.1
7fe71606d000-7fe7160e5000 r-xp 00013000 00:204 70898522666               /mnt/primary/conda-envs/semantic_uncertainty_export/lib/libgmp.so.10.4.1
7fe7160e5000-7fe7160fc000 r--p 0008b000 00:204 70898522666               /mnt/primary/conda-envs/semantic_uncertainty_export/lib/libgmp.so.10.4.1
7fe7160fc000-7fe7160fd000 ---p 000a2000 00:204 70898522666               /mnt/primary/conda-envs/semantic_uncertainty_export/lib/libgmp.so.10.4.1
7fe7160fd000-7fe7160ff000 r--p 000a2000 00:204 70898522666               /mnt/primary/conda-envs/semantic_uncertainty_export/lib/libgmp.so.10.4.1
7fe7160ff000-7fe716100000 rw-p 000a4000 00:204 70898522666               /mnt/primary/conda-envs/semantic_uncertainty_export/lib/libgmp.so.10.4.1
7fe716100000-7fe716200000 rw-p 00000000 00:00 0 
7fe716200000-7fe716201000 ---p 00000000 00:00 0 
7fe716201000-7fe716a01000 rw-p 00000000 00:00 0 
7fe716a11000-7fe716a1d000 r--p 00000000 00:204 148282762795              /mnt/primary/conda-envs/semantic_uncertainty_export/lib/python3.11/site-packages/torchvision/image.so
7fe716a1d000-7fe716a31000 r-xp 0000c000 00:204 148282762795              /mnt/primary/conda-envs/semantic_uncertainty_export/lib/python3.11/site-packages/torchvision/image.so
7fe716a31000-7fe716a38000 r--p 00020000 00:204 148282762795              /mnt/primary/conda-envs/semantic_uncertainty_export/lib/python3.11/site-packages/torchvision/image.so
7fe716a38000-7fe716a39000 r--p 00026000 00:204 148282762795              /mnt/primary/conda-envs/semantic_uncertainty_export/lib/python3.11/site-packages/torchvision/image.so
7fe716a39000-7fe716a3a000 rw-p 00027000 00:204 148282762795              /mnt/primary/conda-envs/semantic_uncertainty_export/lib/python3.11/site-packages/torchvision/image.so
7fe716a3a000-7fe716a41000 r--p 00000000 00:204 170928539158              /mnt/primary/conda-envs/semantic_uncertainty_export/lib/python3.11/site-packages/yaml/_yaml.cpython-311-x86_64-linux-gnu.so
7fe716a41000-7fe716a68000 r-xp 00007000 00:204 170928539158              /mnt/primary/conda-envs/semantic_uncertainty_export/lib/python3.11/site-packages/yaml/_yaml.cpython-311-x86_64-linux-gnu.so
7fe716a68000-7fe716a6c000 r--p 0002e000 00:204 170928539158              /mnt/primary/conda-envs/semantic_uncertainty_export/lib/python3.11/site-packages/yaml/_yaml.cpython-311-x86_64-linux-gnu.so
7fe716a6c000-7fe716a6d000 r--p 00031000 00:204 170928539158              /mnt/primary/conda-envs/semantic_uncertainty_export/lib/python3.11/site-packages/yaml/_yaml.cpython-311-x86_64-linux-gnu.so
7fe716a6d000-7fe716a70000 rw-p 00032000 00:204 170928539158              /mnt/primary/conda-envs/semantic_uncertainty_export/lib/python3.11/site-packages/yaml/_yaml.cpython-311-x86_64-linux-gnu.so
7fe716a70000-7fe716a71000 rw-p 00000000 00:00 0 
7fe716a71000-7fe716a84000 r--p 00000000 00:204 156766326821              /mnt/primary/conda-envs/semantic_uncertainty_export/lib/python3.11/site-packages/gmpy2/gmpy2.cpython-311-x86_64-linux-gnu.so
7fe716a84000-7fe716ad8000 r-xp 00013000 00:204 156766326821              /mnt/primary/conda-envs/semantic_uncertainty_export/lib/python3.11/site-packages/gmpy2/gmpy2.cpython-311-x86_64-linux-gnu.so
7fe716ad8000-7fe716af8000 r--p 00067000 00:204 156766326821              /mnt/primary/conda-envs/semantic_uncertainty_export/lib/python3.11/site-packages/gmpy2/gmpy2.cpython-311-x86_64-linux-gnu.so
7fe716af8000-7fe716afa000 r--p 00086000 00:204 156766326821              /mnt/primary/conda-envs/semantic_uncertainty_export/lib/python3.11/site-packages/gmpy2/gmpy2.cpython-311-x86_64-linux-gnu.so
7fe716afa000-7fe716b00000 rw-p 00088000 00:204 156766326821              /mnt/primary/conda-envs/semantic_uncertainty_export/lib/python3.11/site-packages/gmpy2/gmpy2.cpython-311-x86_64-linux-gnu.so
7fe716b00000-7fe716c00000 rw-p 00000000 00:00 0 
7fe716c00000-7fe718c00000 rw-p 00000000 00:00 0 
7fe718c00000-7fe718e00000 rw-p 00000000 00:00 0 
7fe718e00000-7fe71ae00000 rw-p 00000000 00:00 0 
7fe71ae02000-7fe71ae05000 r--p 00000000 00:204 148237027882              /mnt/primary/conda-envs/semantic_uncertainty_export/lib/libswresample.so.3.7.100
7fe71ae05000-7fe71ae19000 r-xp 00003000 00:204 148237027882              /mnt/primary/conda-envs/semantic_uncertainty_export/lib/libswresample.so.3.7.100
7fe71ae19000-7fe71ae1e000 r--p 00017000 00:204 148237027882              /mnt/primary/conda-envs/semantic_uncertainty_export/lib/libswresample.so.3.7.100
7fe71ae1e000-7fe71ae20000 r--p 0001b000 00:204 148237027882              /mnt/primary/conda-envs/semantic_uncertainty_export/lib/libswresample.so.3.7.100
7fe71ae20000-7fe71ae21000 rw-p 0001d000 00:204 148237027882              /mnt/primary/conda-envs/semantic_uncertainty_export/lib/libswresample.so.3.7.100
7fe71ae21000-7fe71ae46000 r--p 00000000 00:204 81779481632               /mnt/primary/conda-envs/semantic_uncertainty_export/lib/python3.11/site-packages/torch/lib/libc10.so
7fe71ae46000-7fe71aeba000 r-xp 00025000 00:204 81779481632               /mnt/primary/conda-envs/semantic_uncertainty_export/lib/python3.11/site-packages/torch/lib/libc10.so
7fe71aeba000-7fe71aee1000 r--p 00099000 00:204 81779481632               /mnt/primary/conda-envs/semantic_uncertainty_export/lib/python3.11/site-packages/torch/lib/libc10.so
7fe71aee1000-7fe71aee2000 ---p 000c0000 00:204 81779481632               /mnt/primary/conda-envs/semantic_uncertainty_export/lib/python3.11/site-packages/torch/lib/libc10.so
7fe71aee2000-7fe71aee4000 r--p 000c0000 00:204 81779481632               /mnt/primary/conda-envs/semantic_uncertainty_export/lib/python3.11/site-packages/torch/lib/libc10.so
7fe71aee4000-7fe71aeea000 rw-p 000c2000 00:204 81779481632               /mnt/primary/conda-envs/semantic_uncertainty_export/lib/python3.11/site-packages/torch/lib/libc10.so
7fe71aeea000-7fe71aeed000 rw-p 00000000 00:00 0 
7fe71aeed000-7fe71af00000 rw-p 000fa000 00:204 81779481632               /mnt/primary/conda-envs/semantic_uncertainty_export/lib/python3.11/site-packages/torch/lib/libc10.so
7fe71af00000-7fe71b000000 rw-p 00000000 00:00 0 
7fe71b000000-7fe71b001000 ---p 00000000 00:00 0 
7fe71b001000-7fe71b801000 rw-p 00000000 00:00 0 
7fe71b805000-7fe71b812000 r--p 00000000 00:204 70923272727               /mnt/primary/conda-envs/semantic_uncertainty_export/lib/libmpfr.so.6.0.2
7fe71b812000-7fe71b86f000 r-xp 0000d000 00:204 70923272727               /mnt/primary/conda-envs/semantic_uncertainty_export/lib/libmpfr.so.6.0.2
7fe71b86f000-7fe71b880000 r--p 0006a000 00:204 70923272727               /mnt/primary/conda-envs/semantic_uncertainty_export/lib/libmpfr.so.6.0.2
7fe71b880000-7fe71b881000 ---p 0007b000 00:204 70923272727               /mnt/primary/conda-envs/semantic_uncertainty_export/lib/libmpfr.so.6.0.2
7fe71b881000-7fe71b883000 r--p 0007b000 00:204 70923272727               /mnt/primary/conda-envs/semantic_uncertainty_export/lib/libmpfr.so.6.0.2
7fe71b883000-7fe71b884000 rw-p 0007d000 00:204 70923272727               /mnt/primary/conda-envs/semantic_uncertainty_export/lib/libmpfr.so.6.0.2
7fe71b884000-7fe71b894000 r--p 00000000 00:204 81779481633               /mnt/primary/conda-envs/semantic_uncertainty_export/lib/python3.11/site-packages/torch/lib/libc10_cuda.so
7fe71b894000-7fe71b8e5000 r-xp 00010000 00:204 81779481633               /mnt/primary/conda-envs/semantic_uncertainty_export/lib/python3.11/site-packages/torch/lib/libc10_cuda.so
7fe71b8e5000-7fe71b8f8000 r--p 00061000 00:204 81779481633               /mnt/primary/conda-envs/semantic_uncertainty_export/lib/python3.11/site-packages/torch/lib/libc10_cuda.so
7fe71b8f8000-7fe71b8f9000 ---p 00074000 00:204 81779481633               /mnt/primary/conda-envs/semantic_uncertainty_export/lib/python3.11/site-packages/torch/lib/libc10_cuda.so
7fe71b8f9000-7fe71b8fa000 r--p 00074000 00:204 81779481633               /mnt/primary/conda-envs/semantic_uncertainty_export/lib/python3.11/site-packages/torch/lib/libc10_cuda.so
7fe71b8fa000-7fe71b8fb000 rw-p 00075000 00:204 81779481633               /mnt/primary/conda-envs/semantic_uncertainty_export/lib/python3.11/site-packages/torch/lib/libc10_cuda.so
7fe71b8fb000-7fe71ba00000 rw-p 00000000 00:00 0 
7fe71ba00000-7fe71da00000 rw-p 00000000 00:00 0 
7fe71da00000-7fe71dc00000 rw-p 00000000 00:00 0 
7fe71dc00000-7fe71dc01000 ---p 00000000 00:00 0 
7fe71dc01000-7fe71e401000 rw-p 00000000 00:00 0 
7fe71e416000-7fe71e418000 r--p 00000000 00:204 70898552892               /mnt/primary/conda-envs/semantic_uncertainty_export/lib/libyaml-0.so.2.0.9
7fe71e418000-7fe71e42e000 r-xp 00002000 00:204 70898552892               /mnt/primary/conda-envs/semantic_uncertainty_export/lib/libyaml-0.so.2.0.9
7fe71e42e000-7fe71e431000 r--p 00018000 00:204 70898552892               /mnt/primary/conda-envs/semantic_uncertainty_export/lib/libyaml-0.so.2.0.9
7fe71e431000-7fe71e432000 ---p 0001b000 00:204 70898552892               /mnt/primary/conda-envs/semantic_uncertainty_export/lib/libyaml-0.so.2.0.9
7fe71e432000-7fe71e433000 r--p 0001b000 00:204 70898552892               /mnt/primary/conda-envs/semantic_uncertainty_export/lib/libyaml-0.so.2.0.9
7fe71e433000-7fe71e434000 rw-p 0001c000 00:204 70898552892               /mnt/primary/conda-envs/semantic_uncertainty_export/lib/libyaml-0.so.2.0.9
7fe71e434000-7fe71e437000 r--p 00000000 00:204 137898457091              /mnt/primary/conda-envs/semantic_uncertainty_export/lib/python3.11/site-packages/lz4/block/_block.cpython-311-x86_64-linux-gnu.so
7fe71e437000-7fe71e460000 r-xp 00003000 00:204 137898457091              /mnt/primary/conda-envs/semantic_uncertainty_export/lib/python3.11/site-packages/lz4/block/_block.cpython-311-x86_64-linux-gnu.so
7fe71e460000-7fe71e463000 r--p 0002c000 00:204 137898457091              /mnt/primary/conda-envs/semantic_uncertainty_export/lib/python3.11/site-packages/lz4/block/_block.cpython-311-x86_64-linux-gnu.so
7fe71e463000-7fe71e464000 r--p 0002e000 00:204 137898457091              /mnt/primary/conda-envs/semantic_uncertainty_export/lib/python3.11/site-packages/lz4/block/_block.cpython-311-x86_64-linux-gnu.so
7fe71e464000-7fe71e465000 rw-p 0002f000 00:204 137898457091              /mnt/primary/conda-envs/semantic_uncertainty_export/lib/python3.11/site-packages/lz4/block/_block.cpython-311-x86_64-linux-gnu.so
7fe71e465000-7fe71e471000 r--p 00000000 00:204 81779481645               /mnt/primary/conda-envs/semantic_uncertainty_export/lib/python3.11/site-packages/torch/lib/libtorch.so
7fe71e471000-7fe71e47c000 r-xp 0000c000 00:204 81779481645               /mnt/primary/conda-envs/semantic_uncertainty_export/lib/python3.11/site-packages/torch/lib/libtorch.so
7fe71e47c000-7fe71e481000 r--p 00017000 00:204 81779481645               /mnt/primary/conda-envs/semantic_uncertainty_export/lib/python3.11/site-packages/torch/lib/libtorch.so
7fe71e481000-7fe71e482000 ---p 0001c000 00:204 81779481645               /mnt/primary/conda-envs/semantic_uncertainty_export/lib/python3.11/site-packages/torch/lib/libtorch.so
7fe71e482000-7fe71e483000 r--p 0001c000 00:204 81779481645               /mnt/primary/conda-envs/semantic_uncertainty_export/lib/python3.11/site-packages/torch/lib/libtorch.so
7fe71e483000-7fe71e484000 rw-p 0001d000 00:204 81779481645               /mnt/primary/conda-envs/semantic_uncertainty_export/lib/python3.11/site-packages/torch/lib/libtorch.so
7fe71e484000-7fe71e48f000 r--p 00000000 00:204 70896295962               /mnt/primary/conda-envs/semantic_uncertainty_export/lib/libgomp.so.1.0.0
7fe71e48f000-7fe71e4ba000 r-xp 0000b000 00:204 70896295962               /mnt/primary/conda-envs/semantic_uncertainty_export/lib/libgomp.so.1.0.0
7fe71e4ba000-7fe71e4c6000 r--p 00036000 00:204 70896295962               /mnt/primary/conda-envs/semantic_uncertainty_export/lib/libgomp.so.1.0.0
7fe71e4c6000-7fe71e4c7000 r--p 00041000 00:204 70896295962               /mnt/primary/conda-envs/semantic_uncertainty_export/lib/libgomp.so.1.0.0
7fe71e4c7000-7fe71e4c8000 rw-p 00042000 00:204 70896295962               /mnt/primary/conda-envs/semantic_uncertainty_export/lib/libgomp.so.1.0.0
7fe71e4c8000-7fe71e4cf000 r--p 00000000 00:204 79668343311               /mnt/primary/conda-envs/semantic_uncertainty_export/lib/python3.11/site-packages/sklearn/metrics/_pairwise_fast.cpython-311-x86_64-linux-gnu.so
7fe71e4cf000-7fe71e4f0000 r-xp 00007000 00:204 79668343311               /mnt/primary/conda-envs/semantic_uncertainty_export/lib/python3.11/site-packages/sklearn/metrics/_pairwise_fast.cpython-311-x86_64-linux-gnu.so
7fe71e4f0000-7fe71e4f8000 r--p 00028000 00:204 79668343311               /mnt/primary/conda-envs/semantic_uncertainty_export/lib/python3.11/site-packages/sklearn/metrics/_pairwise_fast.cpython-311-x86_64-linux-gnu.so
7fe71e4f8000-7fe71e4f9000 r--p 0002f000 00:204 79668343311               /mnt/primary/conda-envs/semantic_uncertainty_export/lib/python3.11/site-packages/sklearn/metrics/_pairwise_fast.cpython-311-x86_64-linux-gnu.so
7fe71e4f9000-7fe71e4fd000 rw-p 00030000 00:204 79668343311               /mnt/primary/conda-envs/semantic_uncertainty_export/lib/python3.11/site-packages/sklearn/metrics/_pairwise_fast.cpython-311-x86_64-linux-gnu.so
7fe71e4fd000-7fe71e500000 rw-p 0003e000 00:204 79668343311               /mnt/primary/conda-envs/semantic_uncertainty_export/lib/python3.11/site-packages/sklearn/metrics/_pairwise_fast.cpython-311-x86_64-linux-gnu.so
7fe71e500000-7fe71e600000 rw-p 00000000 00:00 0 
7fe71e600000-7fe720600000 rw-p 00000000 00:00 0 
7fe720600000-7fe720800000 rw-p 00000000 00:00 0 
7fe720800000-7fe720801000 ---p 00000000 00:00 0 
7fe720801000-7fe721001000 rw-p 00000000 00:00 0 
7fe721009000-7fe721010000 r--p 00000000 08:04 1116478595                 /usr/lib/jvm/java-11-openjdk-amd64/lib/libnio.so
7fe721010000-7fe721018000 r-xp 00007000 08:04 1116478595                 /usr/lib/jvm/java-11-openjdk-amd64/lib/libnio.so
7fe721018000-7fe72101b000 r--p 0000f000 08:04 1116478595                 /usr/lib/jvm/java-11-openjdk-amd64/lib/libnio.so
7fe72101b000-7fe72101c000 r--p 00011000 08:04 1116478595                 /usr/lib/jvm/java-11-openjdk-amd64/lib/libnio.so
7fe72101c000-7fe72101d000 rw-p 00012000 08:04 1116478595                 /usr/lib/jvm/java-11-openjdk-amd64/lib/libnio.so
7fe72101d000-7fe721026000 r--p 00000000 00:204 85912917566               /mnt/primary/conda-envs/semantic_uncertainty_export/lib/python3.11/site-packages/sklearn/metrics/_pairwise_distances_reduction/_radius_neighbors.cpython-311-x86_64-linux-gnu.so
7fe721026000-7fe721050000 r-xp 00009000 00:204 85912917566               /mnt/primary/conda-envs/semantic_uncertainty_export/lib/python3.11/site-packages/sklearn/metrics/_pairwise_distances_reduction/_radius_neighbors.cpython-311-x86_64-linux-gnu.so
7fe721050000-7fe72105a000 r--p 00033000 00:204 85912917566               /mnt/primary/conda-envs/semantic_uncertainty_export/lib/python3.11/site-packages/sklearn/metrics/_pairwise_distances_reduction/_radius_neighbors.cpython-311-x86_64-linux-gnu.so
7fe72105a000-7fe72105b000 ---p 0003d000 00:204 85912917566               /mnt/primary/conda-envs/semantic_uncertainty_export/lib/python3.11/site-packages/sklearn/metrics/_pairwise_distances_reduction/_radius_neighbors.cpython-311-x86_64-linux-gnu.so
7fe72105b000-7fe72105c000 r--p 0003d000 00:204 85912917566               /mnt/primary/conda-envs/semantic_uncertainty_export/lib/python3.11/site-packages/sklearn/metrics/_pairwise_distances_reduction/_radius_neighbors.cpython-311-x86_64-linux-gnu.so
7fe72105c000-7fe721060000 rw-p 0003e000 00:204 85912917566               /mnt/primary/conda-envs/semantic_uncertainty_export/lib/python3.11/site-packages/sklearn/metrics/_pairwise_distances_reduction/_radius_neighbors.cpython-311-x86_64-linux-gnu.so
7fe721060000-7fe721061000 rw-p 00000000 00:00 0 
7fe721061000-7fe721065000 rw-p 00058000 00:204 85912917566               /mnt/primary/conda-envs/semantic_uncertainty_export/lib/python3.11/site-packages/sklearn/metrics/_pairwise_distances_reduction/_radius_neighbors.cpython-311-x86_64-linux-gnu.so
7fe721065000-7fe72106c000 r--p 00000000 00:204 85912917559               /mnt/primary/conda-envs/semantic_uncertainty_export/lib/python3.11/site-packages/sklearn/metrics/_pairwise_distances_reduction/_argkmin_classmode.cpython-311-x86_64-linux-gnu.so
7fe72106c000-7fe72108f000 r-xp 00007000 00:204 85912917559               /mnt/primary/conda-envs/semantic_uncertainty_export/lib/python3.11/site-packages/sklearn/metrics/_pairwise_distances_reduction/_argkmin_classmode.cpython-311-x86_64-linux-gnu.so
7fe72108f000-7fe721097000 r--p 0002a000 00:204 85912917559               /mnt/primary/conda-envs/semantic_uncertainty_export/lib/python3.11/site-packages/sklearn/metrics/_pairwise_distances_reduction/_argkmin_classmode.cpython-311-x86_64-linux-gnu.so
7fe721097000-7fe721098000 ---p 00032000 00:204 85912917559               /mnt/primary/conda-envs/semantic_uncertainty_export/lib/python3.11/site-packages/sklearn/metrics/_pairwise_distances_reduction/_argkmin_classmode.cpython-311-x86_64-linux-gnu.so
7fe721098000-7fe721099000 r--p 00032000 00:204 85912917559               /mnt/primary/conda-envs/semantic_uncertainty_export/lib/python3.11/site-packages/sklearn/metrics/_pairwise_distances_reduction/_argkmin_classmode.cpython-311-x86_64-linux-gnu.so
7fe721099000-7fe72109e000 rw-p 00033000 00:204 85912917559               /mnt/primary/conda-envs/semantic_uncertainty_export/lib/python3.11/site-packages/sklearn/metrics/_pairwise_distances_reduction/_argkmin_classmode.cpython-311-x86_64-linux-gnu.so
7fe72109e000-7fe7210a1000 rw-p 00047000 00:204 85912917559               /mnt/primary/conda-envs/semantic_uncertainty_export/lib/python3.11/site-packages/sklearn/metrics/_pairwise_distances_reduction/_argkmin_classmode.cpython-311-x86_64-linux-gnu.so
7fe7210a1000-7fe7210a9000 r--p 00000000 00:204 85912917565               /mnt/primary/conda-envs/semantic_uncertainty_export/lib/python3.11/site-packages/sklearn/metrics/_pairwise_distances_reduction/_middle_term_computer.cpython-311-x86_64-linux-gnu.so
7fe7210a9000-7fe7210e7000 r-xp 00008000 00:204 85912917565               /mnt/primary/conda-envs/semantic_uncertainty_export/lib/python3.11/site-packages/sklearn/metrics/_pairwise_distances_reduction/_middle_term_computer.cpython-311-x86_64-linux-gnu.so
7fe7210e7000-7fe7210f3000 r--p 00046000 00:204 85912917565               /mnt/primary/conda-envs/semantic_uncertainty_export/lib/python3.11/site-packages/sklearn/metrics/_pairwise_distances_reduction/_middle_term_computer.cpython-311-x86_64-linux-gnu.so
7fe7210f3000-7fe7210f4000 ---p 00052000 00:204 85912917565               /mnt/primary/conda-envs/semantic_uncertainty_export/lib/python3.11/site-packages/sklearn/metrics/_pairwise_distances_reduction/_middle_term_computer.cpython-311-x86_64-linux-gnu.so
7fe7210f4000-7fe7210f5000 r--p 00052000 00:204 85912917565               /mnt/primary/conda-envs/semantic_uncertainty_export/lib/python3.11/site-packages/sklearn/metrics/_pairwise_distances_reduction/_middle_term_computer.cpython-311-x86_64-linux-gnu.so
7fe7210f5000-7fe7210fa000 rw-p 00053000 00:204 85912917565               /mnt/primary/conda-envs/semantic_uncertainty_export/lib/python3.11/site-packages/sklearn/metrics/_pairwise_distances_reduction/_middle_term_computer.cpython-311-x86_64-linux-gnu.so
7fe7210fa000-7fe7210fb000 rw-p 00000000 00:00 0 
7fe7210fb000-7fe721100000 rw-p 00070000 00:204 85912917565               /mnt/primary/conda-envs/semantic_uncertainty_export/lib/python3.11/site-packages/sklearn/metrics/_pairwise_distances_reduction/_middle_term_computer.cpython-311-x86_64-linux-gnu.so
7fe721100000-7fe721200000 rw-p 00000000 00:00 0 
7fe721200000-7fe721201000 ---p 00000000 00:00 0 
7fe721201000-7fe721a01000 rw-p 00000000 00:00 0 
7fe721a10000-7fe721a18000 r--p 00000000 00:204 120262026753              /mnt/primary/conda-envs/semantic_uncertainty_export/lib/python3.11/site-packages/sklearn/utils/_cython_blas.cpython-311-x86_64-linux-gnu.so
7fe721a18000-7fe721a52000 r-xp 00008000 00:204 120262026753              /mnt/primary/conda-envs/semantic_uncertainty_export/lib/python3.11/site-packages/sklearn/utils/_cython_blas.cpython-311-x86_64-linux-gnu.so
7fe721a52000-7fe721a5e000 r--p 00042000 00:204 120262026753              /mnt/primary/conda-envs/semantic_uncertainty_export/lib/python3.11/site-packages/sklearn/utils/_cython_blas.cpython-311-x86_64-linux-gnu.so
7fe721a5e000-7fe721a5f000 r--p 0004d000 00:204 120262026753              /mnt/primary/conda-envs/semantic_uncertainty_export/lib/python3.11/site-packages/sklearn/utils/_cython_blas.cpython-311-x86_64-linux-gnu.so
7fe721a5f000-7fe721a64000 rw-p 0004e000 00:204 120262026753              /mnt/primary/conda-envs/semantic_uncertainty_export/lib/python3.11/site-packages/sklearn/utils/_cython_blas.cpython-311-x86_64-linux-gnu.so
7fe721a64000-7fe721a65000 rw-p 00000000 00:00 0 
7fe721a65000-7fe721a68000 rw-p 00061000 00:204 120262026753              /mnt/primary/conda-envs/semantic_uncertainty_export/lib/python3.11/site-packages/sklearn/utils/_cython_blas.cpython-311-x86_64-linux-gnu.so
7fe721a68000-7fe721a6f000 r--p 00000000 00:204 85912917557               /mnt/primary/conda-envs/semantic_uncertainty_export/lib/python3.11/site-packages/sklearn/metrics/_pairwise_distances_reduction/_datasets_pair.cpython-311-x86_64-linux-gnu.so
7fe721a6f000-7fe721aab000 r-xp 00007000 00:204 85912917557               /mnt/primary/conda-envs/semantic_uncertainty_export/lib/python3.11/site-packages/sklearn/metrics/_pairwise_distances_reduction/_datasets_pair.cpython-311-x86_64-linux-gnu.so
7fe721aab000-7fe721ab8000 r--p 00043000 00:204 85912917557               /mnt/primary/conda-envs/semantic_uncertainty_export/lib/python3.11/site-packages/sklearn/metrics/_pairwise_distances_reduction/_datasets_pair.cpython-311-x86_64-linux-gnu.so
7fe721ab8000-7fe721ab9000 r--p 0004f000 00:204 85912917557               /mnt/primary/conda-envs/semantic_uncertainty_export/lib/python3.11/site-packages/sklearn/metrics/_pairwise_distances_reduction/_datasets_pair.cpython-311-x86_64-linux-gnu.so
7fe721ab9000-7fe721abe000 rw-p 00050000 00:204 85912917557               /mnt/primary/conda-envs/semantic_uncertainty_export/lib/python3.11/site-packages/sklearn/metrics/_pairwise_distances_reduction/_datasets_pair.cpython-311-x86_64-linux-gnu.so
7fe721abe000-7fe721abf000 rw-p 00000000 00:00 0 
7fe721abf000-7fe721ac2000 rw-p 0006f000 00:204 85912917557               /mnt/primary/conda-envs/semantic_uncertainty_export/lib/python3.11/site-packages/sklearn/metrics/_pairwise_distances_reduction/_datasets_pair.cpython-311-x86_64-linux-gnu.so
7fe721ac2000-7fe721ac9000 r--p 00000000 00:204 85912917564               /mnt/primary/conda-envs/semantic_uncertainty_export/lib/python3.11/site-packages/sklearn/metrics/_pairwise_distances_reduction/_base.cpython-311-x86_64-linux-gnu.so
7fe721ac9000-7fe721aee000 r-xp 00007000 00:204 85912917564               /mnt/primary/conda-envs/semantic_uncertainty_export/lib/python3.11/site-packages/sklearn/metrics/_pairwise_distances_reduction/_base.cpython-311-x86_64-linux-gnu.so
7fe721aee000-7fe721af6000 r--p 0002c000 00:204 85912917564               /mnt/primary/conda-envs/semantic_uncertainty_export/lib/python3.11/site-packages/sklearn/metrics/_pairwise_distances_reduction/_base.cpython-311-x86_64-linux-gnu.so
7fe721af6000-7fe721af7000 r--p 00033000 00:204 85912917564               /mnt/primary/conda-envs/semantic_uncertainty_export/lib/python3.11/site-packages/sklearn/metrics/_pairwise_distances_reduction/_base.cpython-311-x86_64-linux-gnu.so
7fe721af7000-7fe721afb000 rw-p 00034000 00:204 85912917564               /mnt/primary/conda-envs/semantic_uncertainty_export/lib/python3.11/site-packages/sklearn/metrics/_pairwise_distances_reduction/_base.cpython-311-x86_64-linux-gnu.so
7fe721afb000-7fe721b00000 rw-p 0004a000 00:204 85912917564               /mnt/primary/conda-envs/semantic_uncertainty_export/lib/python3.11/site-packages/sklearn/metrics/_pairwise_distances_reduction/_base.cpython-311-x86_64-linux-gnu.so
7fe721b00000-7fe721c00000 rw-p 00000000 00:00 0 
7fe721c00000-7fe723c00000 rw-p 00000000 00:00 0 
7fe723c00000-7fe723e00000 rw-p 00000000 00:00 0 
7fe723e00000-7fe723e01000 ---p 00000000 00:00 0 
7fe723e01000-7fe724601000 rw-p 00000000 00:00 0 
7fe724602000-7fe724609000 rw-p 00000000 00:00 0 
7fe724609000-7fe724612000 ---p 00000000 00:00 0 
7fe724612000-7fe72461c000 r--p 00000000 00:204 79668343313               /mnt/primary/conda-envs/semantic_uncertainty_export/lib/python3.11/site-packages/sklearn/metrics/_dist_metrics.cpython-311-x86_64-linux-gnu.so
7fe72461c000-7fe724673000 r-xp 0000a000 00:204 79668343313               /mnt/primary/conda-envs/semantic_uncertainty_export/lib/python3.11/site-packages/sklearn/metrics/_dist_metrics.cpython-311-x86_64-linux-gnu.so
7fe724673000-7fe724687000 r--p 00061000 00:204 79668343313               /mnt/primary/conda-envs/semantic_uncertainty_export/lib/python3.11/site-packages/sklearn/metrics/_dist_metrics.cpython-311-x86_64-linux-gnu.so
7fe724687000-7fe724688000 r--p 00074000 00:204 79668343313               /mnt/primary/conda-envs/semantic_uncertainty_export/lib/python3.11/site-packages/sklearn/metrics/_dist_metrics.cpython-311-x86_64-linux-gnu.so
7fe724688000-7fe724693000 rw-p 00075000 00:204 79668343313               /mnt/primary/conda-envs/semantic_uncertainty_export/lib/python3.11/site-packages/sklearn/metrics/_dist_metrics.cpython-311-x86_64-linux-gnu.so
7fe724693000-7fe724695000 rw-p 00000000 00:00 0 
7fe724695000-7fe724698000 rw-p 0009c000 00:204 79668343313               /mnt/primary/conda-envs/semantic_uncertainty_export/lib/python3.11/site-packages/sklearn/metrics/_dist_metrics.cpython-311-x86_64-linux-gnu.so
7fe724698000-7fe7246a0000 r--p 00000000 00:204 107408755242              /mnt/primary/conda-envs/semantic_uncertainty_export/lib/python3.11/site-packages/sklearn/preprocessing/_target_encoder_fast.cpython-311-x86_64-linux-gnu.so
7fe7246a0000-7fe7246ec000 r-xp 00008000 00:204 107408755242              /mnt/primary/conda-envs/semantic_uncertainty_export/lib/python3.11/site-packages/sklearn/preprocessing/_target_encoder_fast.cpython-311-x86_64-linux-gnu.so
7fe7246ec000-7fe7246f5000 r--p 00054000 00:204 107408755242              /mnt/primary/conda-envs/semantic_uncertainty_export/lib/python3.11/site-packages/sklearn/preprocessing/_target_encoder_fast.cpython-311-x86_64-linux-gnu.so
7fe7246f5000-7fe7246f6000 r--p 0005c000 00:204 107408755242              /mnt/primary/conda-envs/semantic_uncertainty_export/lib/python3.11/site-packages/sklearn/preprocessing/_target_encoder_fast.cpython-311-x86_64-linux-gnu.so
7fe7246f6000-7fe7246fa000 rw-p 0005d000 00:204 107408755242              /mnt/primary/conda-envs/semantic_uncertainty_export/lib/python3.11/site-packages/sklearn/preprocessing/_target_encoder_fast.cpython-311-x86_64-linux-gnu.so
7fe7246fa000-7fe7246fb000 rw-p 00000000 00:00 0 
7fe7246fb000-7fe724700000 rw-p 0007c000 00:204 107408755242              /mnt/primary/conda-envs/semantic_uncertainty_export/lib/python3.11/site-packages/sklearn/preprocessing/_target_encoder_fast.cpython-311-x86_64-linux-gnu.so
7fe724700000-7fe724800000 rw-p 00000000 00:00 0 
7fe724800000-7fe726800000 rw-p 00000000 00:00 0 
7fe726800000-7fe726a00000 rw-p 00000000 00:00 0 
7fe726a00000-7fe726a01000 ---p 00000000 00:00 0 
7fe726a01000-7fe727201000 rw-p 00000000 00:00 0 
7fe727208000-7fe72720a000 r--p 00000000 08:04 1116478604                 /usr/lib/jvm/java-11-openjdk-amd64/lib/libzip.so
7fe72720a000-7fe72720f000 r-xp 00002000 08:04 1116478604                 /usr/lib/jvm/java-11-openjdk-amd64/lib/libzip.so
7fe72720f000-7fe727211000 r--p 00007000 08:04 1116478604                 /usr/lib/jvm/java-11-openjdk-amd64/lib/libzip.so
7fe727211000-7fe727212000 r--p 00008000 08:04 1116478604                 /usr/lib/jvm/java-11-openjdk-amd64/lib/libzip.so
7fe727212000-7fe727213000 rw-p 00009000 08:04 1116478604                 /usr/lib/jvm/java-11-openjdk-amd64/lib/libzip.so
7fe727213000-7fe72721b000 r--p 00000000 00:204 107408755241              /mnt/primary/conda-envs/semantic_uncertainty_export/lib/python3.11/site-packages/sklearn/preprocessing/_csr_polynomial_expansion.cpython-311-x86_64-linux-gnu.so
7fe72721b000-7fe72724d000 r-xp 00008000 00:204 107408755241              /mnt/primary/conda-envs/semantic_uncertainty_export/lib/python3.11/site-packages/sklearn/preprocessing/_csr_polynomial_expansion.cpython-311-x86_64-linux-gnu.so
7fe72724d000-7fe727256000 r--p 0003a000 00:204 107408755241              /mnt/primary/conda-envs/semantic_uncertainty_export/lib/python3.11/site-packages/sklearn/preprocessing/_csr_polynomial_expansion.cpython-311-x86_64-linux-gnu.so
7fe727256000-7fe727257000 r--p 00042000 00:204 107408755241              /mnt/primary/conda-envs/semantic_uncertainty_export/lib/python3.11/site-packages/sklearn/preprocessing/_csr_polynomial_expansion.cpython-311-x86_64-linux-gnu.so
7fe727257000-7fe72725c000 rw-p 00043000 00:204 107408755241              /mnt/primary/conda-envs/semantic_uncertainty_export/lib/python3.11/site-packages/sklearn/preprocessing/_csr_polynomial_expansion.cpython-311-x86_64-linux-gnu.so
7fe72725c000-7fe72725d000 rw-p 00000000 00:00 0 
7fe72725d000-7fe727260000 rw-p 00054000 00:204 107408755241              /mnt/primary/conda-envs/semantic_uncertainty_export/lib/python3.11/site-packages/sklearn/preprocessing/_csr_polynomial_expansion.cpython-311-x86_64-linux-gnu.so
7fe727260000-7fe727269000 r--p 00000000 00:204 120262026777              /mnt/primary/conda-envs/semantic_uncertainty_export/lib/python3.11/site-packages/sklearn/utils/sparsefuncs_fast.cpython-311-x86_64-linux-gnu.so
7fe727269000-7fe7272e8000 r-xp 00009000 00:204 120262026777              /mnt/primary/conda-envs/semantic_uncertainty_export/lib/python3.11/site-packages/sklearn/utils/sparsefuncs_fast.cpython-311-x86_64-linux-gnu.so
7fe7272e8000-7fe7272f3000 r--p 00088000 00:204 120262026777              /mnt/primary/conda-envs/semantic_uncertainty_export/lib/python3.11/site-packages/sklearn/utils/sparsefuncs_fast.cpython-311-x86_64-linux-gnu.so
7fe7272f3000-7fe7272f4000 ---p 00093000 00:204 120262026777              /mnt/primary/conda-envs/semantic_uncertainty_export/lib/python3.11/site-packages/sklearn/utils/sparsefuncs_fast.cpython-311-x86_64-linux-gnu.so
7fe7272f4000-7fe7272f5000 r--p 00093000 00:204 120262026777              /mnt/primary/conda-envs/semantic_uncertainty_export/lib/python3.11/site-packages/sklearn/utils/sparsefuncs_fast.cpython-311-x86_64-linux-gnu.so
7fe7272f5000-7fe7272fb000 rw-p 00094000 00:204 120262026777              /mnt/primary/conda-envs/semantic_uncertainty_export/lib/python3.11/site-packages/sklearn/utils/sparsefuncs_fast.cpython-311-x86_64-linux-gnu.so
7fe7272fb000-7fe7272fd000 rw-p 00000000 00:00 0 
7fe7272fd000-7fe727300000 rw-p 000ad000 00:204 120262026777              /mnt/primary/conda-envs/semantic_uncertainty_export/lib/python3.11/site-packages/sklearn/utils/sparsefuncs_fast.cpython-311-x86_64-linux-gnu.so
7fe727300000-7fe727400000 rw-p 00000000 00:00 0 
7fe727400000-7fe729400000 rw-p 00000000 00:00 0 
7fe729400000-7fe729600000 rw-p 00000000 00:00 0 
7fe729600000-7fe72b600000 rw-p 00000000 00:00 0 
7fe72b600000-7fe72b800000 rw-p 00000000 00:00 0 
7fe72b800000-7fe72b801000 ---p 00000000 00:00 0 
7fe72b801000-7fe72c001000 rw-p 00000000 00:00 0 
7fe72c009000-7fe72c010000 r--p 00000000 00:204 85912917561               /mnt/primary/conda-envs/semantic_uncertainty_export/lib/python3.11/site-packages/sklearn/metrics/_pairwise_distances_reduction/_argkmin.cpython-311-x86_64-linux-gnu.so
7fe72c010000-7fe72c039000 r-xp 00007000 00:204 85912917561               /mnt/primary/conda-envs/semantic_uncertainty_export/lib/python3.11/site-packages/sklearn/metrics/_pairwise_distances_reduction/_argkmin.cpython-311-x86_64-linux-gnu.so
7fe72c039000-7fe72c042000 r--p 00030000 00:204 85912917561               /mnt/primary/conda-envs/semantic_uncertainty_export/lib/python3.11/site-packages/sklearn/metrics/_pairwise_distances_reduction/_argkmin.cpython-311-x86_64-linux-gnu.so
7fe72c042000-7fe72c043000 r--p 00038000 00:204 85912917561               /mnt/primary/conda-envs/semantic_uncertainty_export/lib/python3.11/site-packages/sklearn/metrics/_pairwise_distances_reduction/_argkmin.cpython-311-x86_64-linux-gnu.so
7fe72c043000-7fe72c047000 rw-p 00039000 00:204 85912917561               /mnt/primary/conda-envs/semantic_uncertainty_export/lib/python3.11/site-packages/sklearn/metrics/_pairwise_distances_reduction/_argkmin.cpython-311-x86_64-linux-gnu.so
7fe72c047000-7fe72c048000 rw-p 00000000 00:00 0 
7fe72c048000-7fe72c04d000 rw-p 00051000 00:204 85912917561               /mnt/primary/conda-envs/semantic_uncertainty_export/lib/python3.11/site-packages/sklearn/metrics/_pairwise_distances_reduction/_argkmin.cpython-311-x86_64-linux-gnu.so
7fe72c04d000-7fe72c050000 r--p 00000000 00:204 103089116719              /mnt/primary/conda-envs/semantic_uncertainty_export/lib/python3.11/site-packages/brotli/_brotli.abi3.so
7fe72c050000-7fe72c090000 r-xp 00003000 00:204 103089116719              /mnt/primary/conda-envs/semantic_uncertainty_export/lib/python3.11/site-packages/brotli/_brotli.abi3.so
7fe72c090000-7fe72c0fe000 r--p 00043000 00:204 103089116719              /mnt/primary/conda-envs/semantic_uncertainty_export/lib/python3.11/site-packages/brotli/_brotli.abi3.so
7fe72c0fe000-7fe72c0ff000 r--p 000b0000 00:204 103089116719              /mnt/primary/conda-envs/semantic_uncertainty_export/lib/python3.11/site-packages/brotli/_brotli.abi3.so
7fe72c0ff000-7fe72c100000 rw-p 000b1000 00:204 103089116719              /mnt/primary/conda-envs/semantic_uncertainty_export/lib/python3.11/site-packages/brotli/_brotli.abi3.so
7fe72c100000-7fe72c200000 rw-p 00000000 00:00 0 
7fe72c200000-7fe72e200000 rw-p 00000000 00:00 0 
7fe72e200000-7fe72e400000 rw-p 00000000 00:00 0 
7fe72e400000-7fe72e401000 ---p 00000000 00:00 0 
7fe72e401000-7fe72ec01000 rw-p 00000000 00:00 0 
7fe72ec08000-7fe72ec0a000 r--p 00000000 08:04 1116476828                 /usr/lib/jvm/java-11-openjdk-amd64/lib/libjimage.so
7fe72ec0a000-7fe72ec0d000 r-xp 00002000 08:04 1116476828                 /usr/lib/jvm/java-11-openjdk-amd64/lib/libjimage.so
7fe72ec0d000-7fe72ec0e000 r--p 00005000 08:04 1116476828                 /usr/lib/jvm/java-11-openjdk-amd64/lib/libjimage.so
7fe72ec0e000-7fe72ec0f000 ---p 00006000 08:04 1116476828                 /usr/lib/jvm/java-11-openjdk-amd64/lib/libjimage.so
7fe72ec0f000-7fe72ec10000 r--p 00006000 08:04 1116476828                 /usr/lib/jvm/java-11-openjdk-amd64/lib/libjimage.so
7fe72ec10000-7fe72ec11000 rw-p 00007000 08:04 1116476828                 /usr/lib/jvm/java-11-openjdk-amd64/lib/libjimage.so
7fe72ec11000-7fe72ec16000 r--p 00000000 00:204 120262025723              /mnt/primary/conda-envs/semantic_uncertainty_export/lib/python3.11/site-packages/sklearn/utils/_logistic_sigmoid.cpython-311-x86_64-linux-gnu.so
7fe72ec16000-7fe72ec2c000 r-xp 00005000 00:204 120262025723              /mnt/primary/conda-envs/semantic_uncertainty_export/lib/python3.11/site-packages/sklearn/utils/_logistic_sigmoid.cpython-311-x86_64-linux-gnu.so
7fe72ec2c000-7fe72ec32000 r--p 0001b000 00:204 120262025723              /mnt/primary/conda-envs/semantic_uncertainty_export/lib/python3.11/site-packages/sklearn/utils/_logistic_sigmoid.cpython-311-x86_64-linux-gnu.so
7fe72ec32000-7fe72ec33000 r--p 00020000 00:204 120262025723              /mnt/primary/conda-envs/semantic_uncertainty_export/lib/python3.11/site-packages/sklearn/utils/_logistic_sigmoid.cpython-311-x86_64-linux-gnu.so
7fe72ec33000-7fe72ec36000 rw-p 00021000 00:204 120262025723              /mnt/primary/conda-envs/semantic_uncertainty_export/lib/python3.11/site-packages/sklearn/utils/_logistic_sigmoid.cpython-311-x86_64-linux-gnu.so
7fe72ec36000-7fe72ec39000 rw-p 0002b000 00:204 120262025723              /mnt/primary/conda-envs/semantic_uncertainty_export/lib/python3.11/site-packages/sklearn/utils/_logistic_sigmoid.cpython-311-x86_64-linux-gnu.so
7fe72ec39000-7fe72ec49000 r--p 00000000 00:204 83815412257               /mnt/primary/conda-envs/semantic_uncertainty_export/lib/python3.11/site-packages/regex/_regex.cpython-311-x86_64-linux-gnu.so
7fe72ec49000-7fe72ec80000 r-xp 00010000 00:204 83815412257               /mnt/primary/conda-envs/semantic_uncertainty_export/lib/python3.11/site-packages/regex/_regex.cpython-311-x86_64-linux-gnu.so
7fe72ec80000-7fe72ecf6000 r--p 00047000 00:204 83815412257               /mnt/primary/conda-envs/semantic_uncertainty_export/lib/python3.11/site-packages/regex/_regex.cpython-311-x86_64-linux-gnu.so
7fe72ecf6000-7fe72ecf7000 r--p 000bc000 00:204 83815412257               /mnt/primary/conda-envs/semantic_uncertainty_export/lib/python3.11/site-packages/regex/_regex.cpython-311-x86_64-linux-gnu.so
7fe72ecf7000-7fe72ed00000 rw-p 000bd000 00:204 83815412257               /mnt/primary/conda-envs/semantic_uncertainty_export/lib/python3.11/site-packages/regex/_regex.cpython-311-x86_64-linux-gnu.so
7fe72ed00000-7fe72ee00000 rw-p 00000000 00:00 0 
7fe72ee00000-7fe730e00000 rw-p 00000000 00:00 0 
7fe730e00000-7fe731000000 rw-p 00000000 00:00 0 
7fe731000000-7fe731001000 ---p 00000000 00:00 0 
7fe731001000-7fe731801000 rw-p 00000000 00:00 0 
7fe731807000-7fe73180b000 r--p 00000000 00:204 120262026760              /mnt/primary/conda-envs/semantic_uncertainty_export/lib/python3.11/site-packages/sklearn/utils/_vector_sentinel.cpython-311-x86_64-linux-gnu.so
7fe73180b000-7fe73181a000 r-xp 00004000 00:204 120262026760              /mnt/primary/conda-envs/semantic_uncertainty_export/lib/python3.11/site-packages/sklearn/utils/_vector_sentinel.cpython-311-x86_64-linux-gnu.so
7fe73181a000-7fe73181e000 r--p 00013000 00:204 120262026760              /mnt/primary/conda-envs/semantic_uncertainty_export/lib/python3.11/site-packages/sklearn/utils/_vector_sentinel.cpython-311-x86_64-linux-gnu.so
7fe73181e000-7fe73181f000 r--p 00016000 00:204 120262026760              /mnt/primary/conda-envs/semantic_uncertainty_export/lib/python3.11/site-packages/sklearn/utils/_vector_sentinel.cpython-311-x86_64-linux-gnu.so
7fe73181f000-7fe731821000 rw-p 00017000 00:204 120262026760              /mnt/primary/conda-envs/semantic_uncertainty_export/lib/python3.11/site-packages/sklearn/utils/_vector_sentinel.cpython-311-x86_64-linux-gnu.so
7fe731821000-7fe731823000 rw-p 00021000 00:204 120262026760              /mnt/primary/conda-envs/semantic_uncertainty_export/lib/python3.11/site-packages/sklearn/utils/_vector_sentinel.cpython-311-x86_64-linux-gnu.so
7fe731823000-7fe731827000 r--p 00000000 00:204 135689858102              /mnt/primary/conda-envs/semantic_uncertainty_export/lib/python3.11/site-packages/lz4/frame/_frame.cpython-311-x86_64-linux-gnu.so
7fe731827000-7fe731856000 r-xp 00004000 00:204 135689858102              /mnt/primary/conda-envs/semantic_uncertainty_export/lib/python3.11/site-packages/lz4/frame/_frame.cpython-311-x86_64-linux-gnu.so
7fe731856000-7fe73185d000 r--p 00033000 00:204 135689858102              /mnt/primary/conda-envs/semantic_uncertainty_export/lib/python3.11/site-packages/lz4/frame/_frame.cpython-311-x86_64-linux-gnu.so
7fe73185d000-7fe73185e000 r--p 00039000 00:204 135689858102              /mnt/primary/conda-envs/semantic_uncertainty_export/lib/python3.11/site-packages/lz4/frame/_frame.cpython-311-x86_64-linux-gnu.so
7fe73185e000-7fe73185f000 rw-p 0003a000 00:204 135689858102              /mnt/primary/conda-envs/semantic_uncertainty_export/lib/python3.11/site-packages/lz4/frame/_frame.cpython-311-x86_64-linux-gnu.so
7fe73185f000-7fe731867000 r--p 00000000 00:204 98787895812               /mnt/primary/conda-envs/semantic_uncertainty_export/lib/python3.11/site-packages/_cffi_backend.cpython-311-x86_64-linux-gnu.so
7fe731867000-7fe73187e000 r-xp 00008000 00:204 98787895812               /mnt/primary/conda-envs/semantic_uncertainty_export/lib/python3.11/site-packages/_cffi_backend.cpython-311-x86_64-linux-gnu.so
7fe73187e000-7fe731889000 r--p 0001f000 00:204 98787895812               /mnt/primary/conda-envs/semantic_uncertainty_export/lib/python3.11/site-packages/_cffi_backend.cpython-311-x86_64-linux-gnu.so
7fe731889000-7fe73188b000 r--p 00029000 00:204 98787895812               /mnt/primary/conda-envs/semantic_uncertainty_export/lib/python3.11/site-packages/_cffi_backend.cpython-311-x86_64-linux-gnu.so
7fe73188b000-7fe73188e000 rw-p 0002b000 00:204 98787895812               /mnt/primary/conda-envs/semantic_uncertainty_export/lib/python3.11/site-packages/_cffi_backend.cpython-311-x86_64-linux-gnu.so
7fe73188e000-7fe731891000 rw-p 00000000 00:00 0 
7fe731891000-7fe73189a000 r--p 00000000 00:204 159264572967              /mnt/primary/conda-envs/semantic_uncertainty_export/lib/python3.11/site-packages/matplotlib/_image.cpython-311-x86_64-linux-gnu.so
7fe73189a000-7fe7318c3000 r-xp 00009000 00:204 159264572967              /mnt/primary/conda-envs/semantic_uncertainty_export/lib/python3.11/site-packages/matplotlib/_image.cpython-311-x86_64-linux-gnu.so
7fe7318c3000-7fe7318c9000 r--p 00032000 00:204 159264572967              /mnt/primary/conda-envs/semantic_uncertainty_export/lib/python3.11/site-packages/matplotlib/_image.cpython-311-x86_64-linux-gnu.so
7fe7318c9000-7fe7318ca000 r--p 00037000 00:204 159264572967              /mnt/primary/conda-envs/semantic_uncertainty_export/lib/python3.11/site-packages/matplotlib/_image.cpython-311-x86_64-linux-gnu.so
7fe7318ca000-7fe7318cb000 rw-p 00038000 00:204 159264572967              /mnt/primary/conda-envs/semantic_uncertainty_export/lib/python3.11/site-packages/matplotlib/_image.cpython-311-x86_64-linux-gnu.so
7fe7318cb000-7fe7318cc000 rw-p 00000000 00:00 0 
7fe7318cc000-7fe7318d3000 r--p 00000000 00:204 165573261858              /mnt/primary/conda-envs/semantic_uncertainty_export/lib/python3.11/site-packages/kiwisolver/_cext.cpython-311-x86_64-linux-gnu.so
7fe7318d3000-7fe7318f7000 r-xp 00007000 00:204 165573261858              /mnt/primary/conda-envs/semantic_uncertainty_export/lib/python3.11/site-packages/kiwisolver/_cext.cpython-311-x86_64-linux-gnu.so
7fe7318f7000-7fe7318fd000 r--p 0002b000 00:204 165573261858              /mnt/primary/conda-envs/semantic_uncertainty_export/lib/python3.11/site-packages/kiwisolver/_cext.cpython-311-x86_64-linux-gnu.so
7fe7318fd000-7fe7318fe000 r--p 00030000 00:204 165573261858              /mnt/primary/conda-envs/semantic_uncertainty_export/lib/python3.11/site-packages/kiwisolver/_cext.cpython-311-x86_64-linux-gnu.so
7fe7318fe000-7fe7318ff000 rw-p 00031000 00:204 165573261858              /mnt/primary/conda-envs/semantic_uncertainty_export/lib/python3.11/site-packages/kiwisolver/_cext.cpython-311-x86_64-linux-gnu.so
7fe7318ff000-7fe731a00000 rw-p 00000000 00:00 0 
7fe731a00000-7fe733a00000 rw-p 00000000 00:00 0 
7fe733a05000-7fe733a07000 r--p 00000000 00:204 133230551071              /mnt/primary/conda-envs/semantic_uncertainty_export/lib/python3.11/site-packages/lz4/_version.cpython-311-x86_64-linux-gnu.so
7fe733a07000-7fe733a20000 r-xp 00002000 00:204 133230551071              /mnt/primary/conda-envs/semantic_uncertainty_export/lib/python3.11/site-packages/lz4/_version.cpython-311-x86_64-linux-gnu.so
7fe733a20000-7fe733a21000 r--p 0001b000 00:204 133230551071              /mnt/primary/conda-envs/semantic_uncertainty_export/lib/python3.11/site-packages/lz4/_version.cpython-311-x86_64-linux-gnu.so
7fe733a21000-7fe733a22000 ---p 0001c000 00:204 133230551071              /mnt/primary/conda-envs/semantic_uncertainty_export/lib/python3.11/site-packages/lz4/_version.cpython-311-x86_64-linux-gnu.so
7fe733a22000-7fe733a23000 r--p 0001c000 00:204 133230551071              /mnt/primary/conda-envs/semantic_uncertainty_export/lib/python3.11/site-packages/lz4/_version.cpython-311-x86_64-linux-gnu.so
7fe733a23000-7fe733a24000 rw-p 0001d000 00:204 133230551071              /mnt/primary/conda-envs/semantic_uncertainty_export/lib/python3.11/site-packages/lz4/_version.cpython-311-x86_64-linux-gnu.so
7fe733a24000-7fe733a35000 r--p 00000000 00:204 159264572985              /mnt/primary/conda-envs/semantic_uncertainty_export/lib/python3.11/site-packages/matplotlib/ft2font.cpython-311-x86_64-linux-gnu.so
7fe733a35000-7fe733abc000 r-xp 00011000 00:204 159264572985              /mnt/primary/conda-envs/semantic_uncertainty_export/lib/python3.11/site-packages/matplotlib/ft2font.cpython-311-x86_64-linux-gnu.so
7fe733abc000-7fe733ae7000 r--p 00098000 00:204 159264572985              /mnt/primary/conda-envs/semantic_uncertainty_export/lib/python3.11/site-packages/matplotlib/ft2font.cpython-311-x86_64-linux-gnu.so
7fe733ae7000-7fe733aed000 r--p 000c2000 00:204 159264572985              /mnt/primary/conda-envs/semantic_uncertainty_export/lib/python3.11/site-packages/matplotlib/ft2font.cpython-311-x86_64-linux-gnu.so
7fe733aed000-7fe733aee000 rw-p 000c8000 00:204 159264572985              /mnt/primary/conda-envs/semantic_uncertainty_export/lib/python3.11/site-packages/matplotlib/ft2font.cpython-311-x86_64-linux-gnu.so
7fe733aee000-7fe733af0000 rw-p 00000000 00:00 0 
7fe733af0000-7fe733afe000 r--p 00000000 00:204 70923272745               /mnt/primary/conda-envs/semantic_uncertainty_export/lib/libzstd.so.1.5.5
7fe733afe000-7fe733be8000 r-xp 0000e000 00:204 70923272745               /mnt/primary/conda-envs/semantic_uncertainty_export/lib/libzstd.so.1.5.5
7fe733be8000-7fe733bfd000 r--p 000f8000 00:204 70923272745               /mnt/primary/conda-envs/semantic_uncertainty_export/lib/libzstd.so.1.5.5
7fe733bfd000-7fe733bfe000 ---p 0010d000 00:204 70923272745               /mnt/primary/conda-envs/semantic_uncertainty_export/lib/libzstd.so.1.5.5
7fe733bfe000-7fe733bff000 r--p 0010d000 00:204 70923272745               /mnt/primary/conda-envs/semantic_uncertainty_export/lib/libzstd.so.1.5.5
7fe733bff000-7fe733c00000 rw-p 0010e000 00:204 70923272745               /mnt/primary/conda-envs/semantic_uncertainty_export/lib/libzstd.so.1.5.5
7fe733c00000-7fe735c00000 rw-p 00000000 00:00 0 
7fe735c05000-7fe735c0a000 r--p 00000000 08:04 1116478603                 /usr/lib/jvm/java-11-openjdk-amd64/lib/libverify.so
7fe735c0a000-7fe735c11000 r-xp 00005000 08:04 1116478603                 /usr/lib/jvm/java-11-openjdk-amd64/lib/libverify.so
7fe735c11000-7fe735c13000 r--p 0000c000 08:04 1116478603                 /usr/lib/jvm/java-11-openjdk-amd64/lib/libverify.so
7fe735c13000-7fe735c15000 r--p 0000d000 08:04 1116478603                 /usr/lib/jvm/java-11-openjdk-amd64/lib/libverify.so
7fe735c15000-7fe735c16000 rw-p 0000f000 08:04 1116478603                 /usr/lib/jvm/java-11-openjdk-amd64/lib/libverify.so
7fe735c16000-7fe735c20000 r--p 00000000 00:204 159266954755              /mnt/primary/conda-envs/semantic_uncertainty_export/lib/python3.11/site-packages/matplotlib/_path.cpython-311-x86_64-linux-gnu.so
7fe735c20000-7fe735c42000 r-xp 0000a000 00:204 159266954755              /mnt/primary/conda-envs/semantic_uncertainty_export/lib/python3.11/site-packages/matplotlib/_path.cpython-311-x86_64-linux-gnu.so
7fe735c42000-7fe735c49000 r--p 0002c000 00:204 159266954755              /mnt/primary/conda-envs/semantic_uncertainty_export/lib/python3.11/site-packages/matplotlib/_path.cpython-311-x86_64-linux-gnu.so
7fe735c49000-7fe735c4a000 r--p 00032000 00:204 159266954755              /mnt/primary/conda-envs/semantic_uncertainty_export/lib/python3.11/site-packages/matplotlib/_path.cpython-311-x86_64-linux-gnu.so
7fe735c4a000-7fe735c4b000 rw-p 00033000 00:204 159266954755              /mnt/primary/conda-envs/semantic_uncertainty_export/lib/python3.11/site-packages/matplotlib/_path.cpython-311-x86_64-linux-gnu.so
7fe735c4b000-7fe735c4c000 rw-p 00000000 00:00 0 
7fe735c4c000-7fe735c56000 r--p 00000000 00:204 70898546191               /mnt/primary/conda-envs/semantic_uncertainty_export/lib/libLerc.so
7fe735c56000-7fe735cdd000 r-xp 0000a000 00:204 70898546191               /mnt/primary/conda-envs/semantic_uncertainty_export/lib/libLerc.so
7fe735cdd000-7fe735ce5000 r--p 00091000 00:204 70898546191               /mnt/primary/conda-envs/semantic_uncertainty_export/lib/libLerc.so
7fe735ce5000-7fe735ce6000 ---p 00099000 00:204 70898546191               /mnt/primary/conda-envs/semantic_uncertainty_export/lib/libLerc.so
7fe735ce6000-7fe735ce7000 r--p 00099000 00:204 70898546191               /mnt/primary/conda-envs/semantic_uncertainty_export/lib/libLerc.so
7fe735ce7000-7fe735ce8000 rw-p 0009a000 00:204 70898546191               /mnt/primary/conda-envs/semantic_uncertainty_export/lib/libLerc.so
7fe735ce8000-7fe735ceb000 r--p 00000000 00:204 70898546233               /mnt/primary/conda-envs/semantic_uncertainty_export/lib/libwebp.so.7.1.8
7fe735ceb000-7fe735d5b000 r-xp 00003000 00:204 70898546233               /mnt/primary/conda-envs/semantic_uncertainty_export/lib/libwebp.so.7.1.8
7fe735d5b000-7fe735d6f000 r--p 00073000 00:204 70898546233               /mnt/primary/conda-envs/semantic_uncertainty_export/lib/libwebp.so.7.1.8
7fe735d6f000-7fe735d70000 r--p 00086000 00:204 70898546233               /mnt/primary/conda-envs/semantic_uncertainty_export/lib/libwebp.so.7.1.8
7fe735d70000-7fe735d71000 rw-p 00087000 00:204 70898546233               /mnt/primary/conda-envs/semantic_uncertainty_export/lib/libwebp.so.7.1.8
7fe735d71000-7fe735d72000 rw-p 00000000 00:00 0 
7fe735d72000-7fe735d7b000 r--p 00000000 00:204 70924951580               /mnt/primary/conda-envs/semantic_uncertainty_export/lib/libtiff.so.6.0.1
7fe735d7b000-7fe735dc9000 r-xp 00009000 00:204 70924951580               /mnt/primary/conda-envs/semantic_uncertainty_export/lib/libtiff.so.6.0.1
7fe735dc9000-7fe735df9000 r--p 00057000 00:204 70924951580               /mnt/primary/conda-envs/semantic_uncertainty_export/lib/libtiff.so.6.0.1
7fe735df9000-7fe735dfa000 ---p 00087000 00:204 70924951580               /mnt/primary/conda-envs/semantic_uncertainty_export/lib/libtiff.so.6.0.1
7fe735dfa000-7fe735dff000 r--p 00087000 00:204 70924951580               /mnt/primary/conda-envs/semantic_uncertainty_export/lib/libtiff.so.6.0.1
7fe735dff000-7fe735e00000 rw-p 0008c000 00:204 70924951580               /mnt/primary/conda-envs/semantic_uncertainty_export/lib/libtiff.so.6.0.1
7fe735e00000-7fe737e00000 rw-p 00000000 00:00 0 
7fe737e00000-7fe737e03000 r--p 00000000 00:204 70898546225               /mnt/primary/conda-envs/semantic_uncertainty_export/lib/libtasn1.so.6.6.3
7fe737e03000-7fe737e0f000 r-xp 00003000 00:204 70898546225               /mnt/primary/conda-envs/semantic_uncertainty_export/lib/libtasn1.so.6.6.3
7fe737e0f000-7fe737e13000 r--p 0000f000 00:204 70898546225               /mnt/primary/conda-envs/semantic_uncertainty_export/lib/libtasn1.so.6.6.3
7fe737e13000-7fe737e14000 ---p 00013000 00:204 70898546225               /mnt/primary/conda-envs/semantic_uncertainty_export/lib/libtasn1.so.6.6.3
7fe737e14000-7fe737e15000 r--p 00013000 00:204 70898546225               /mnt/primary/conda-envs/semantic_uncertainty_export/lib/libtasn1.so.6.6.3
7fe737e15000-7fe737e16000 rw-p 00014000 00:204 70898546225               /mnt/primary/conda-envs/semantic_uncertainty_export/lib/libtasn1.so.6.6.3
7fe737e16000-7fe737e1f000 r--p 00000000 00:204 70925107724               /mnt/primary/conda-envs/semantic_uncertainty_export/lib/libopenjp2.so.2.4.0
7fe737e1f000-7fe737e66000 r-xp 00009000 00:204 70925107724               /mnt/primary/conda-envs/semantic_uncertainty_export/lib/libopenjp2.so.2.4.0
7fe737e66000-7fe737e77000 r--p 00050000 00:204 70925107724               /mnt/primary/conda-envs/semantic_uncertainty_export/lib/libopenjp2.so.2.4.0
7fe737e77000-7fe737e79000 r--p 00060000 00:204 70925107724               /mnt/primary/conda-envs/semantic_uncertainty_export/lib/libopenjp2.so.2.4.0
7fe737e79000-7fe737e7a000 rw-p 00062000 00:204 70925107724               /mnt/primary/conda-envs/semantic_uncertainty_export/lib/libopenjp2.so.2.4.0
7fe737e7a000-7fe737e8f000 r--p 00000000 00:204 161061898268              /mnt/primary/conda-envs/semantic_uncertainty_export/lib/python3.11/site-packages/PIL/_imaging.cpython-311-x86_64-linux-gnu.so
7fe737e8f000-7fe737ee8000 r-xp 00015000 00:204 161061898268              /mnt/primary/conda-envs/semantic_uncertainty_export/lib/python3.11/site-packages/PIL/_imaging.cpython-311-x86_64-linux-gnu.so
7fe737ee8000-7fe737ef8000 r--p 0006e000 00:204 161061898268              /mnt/primary/conda-envs/semantic_uncertainty_export/lib/python3.11/site-packages/PIL/_imaging.cpython-311-x86_64-linux-gnu.so
7fe737ef8000-7fe737efd000 r--p 0007d000 00:204 161061898268              /mnt/primary/conda-envs/semantic_uncertainty_export/lib/python3.11/site-packages/PIL/_imaging.cpython-311-x86_64-linux-gnu.so
7fe737efd000-7fe737f00000 rw-p 00082000 00:204 161061898268              /mnt/primary/conda-envs/semantic_uncertainty_export/lib/python3.11/site-packages/PIL/_imaging.cpython-311-x86_64-linux-gnu.so
7fe737f00000-7fe738000000 rw-p 00000000 00:00 0 
7fe738000000-7fe738021000 rw-p 00000000 00:00 0 
7fe738021000-7fe73c000000 ---p 00000000 00:00 0 
7fe73c000000-7fe73c008000 rw-s 00000000 08:04 1620640602                 /tmp/hsperfdata_root/3260 (deleted)
7fe73c008000-7fe73c00b000 r--p 00000000 00:204 161061898270              /mnt/primary/conda-envs/semantic_uncertainty_export/lib/python3.11/site-packages/PIL/_imagingft.cpython-311-x86_64-linux-gnu.so
7fe73c00b000-7fe73c00e000 r-xp 00003000 00:204 161061898270              /mnt/primary/conda-envs/semantic_uncertainty_export/lib/python3.11/site-packages/PIL/_imagingft.cpython-311-x86_64-linux-gnu.so
7fe73c00e000-7fe73c010000 r--p 00006000 00:204 161061898270              /mnt/primary/conda-envs/semantic_uncertainty_export/lib/python3.11/site-packages/PIL/_imagingft.cpython-311-x86_64-linux-gnu.so
7fe73c010000-7fe73c011000 r--p 00007000 00:204 161061898270              /mnt/primary/conda-envs/semantic_uncertainty_export/lib/python3.11/site-packages/PIL/_imagingft.cpython-311-x86_64-linux-gnu.so
7fe73c011000-7fe73c012000 rw-p 00008000 00:204 161061898270              /mnt/primary/conda-envs/semantic_uncertainty_export/lib/python3.11/site-packages/PIL/_imagingft.cpython-311-x86_64-linux-gnu.so
7fe73c012000-7fe73c013000 r--p 00000000 00:204 70898546196               /mnt/primary/conda-envs/semantic_uncertainty_export/lib/libdeflate.so.0
7fe73c013000-7fe73c020000 r-xp 00001000 00:204 70898546196               /mnt/primary/conda-envs/semantic_uncertainty_export/lib/libdeflate.so.0
7fe73c020000-7fe73c025000 r--p 0000e000 00:204 70898546196               /mnt/primary/conda-envs/semantic_uncertainty_export/lib/libdeflate.so.0
7fe73c025000-7fe73c026000 r--p 00012000 00:204 70898546196               /mnt/primary/conda-envs/semantic_uncertainty_export/lib/libdeflate.so.0
7fe73c026000-7fe73c027000 rw-p 00013000 00:204 70898546196               /mnt/primary/conda-envs/semantic_uncertainty_export/lib/libdeflate.so.0
7fe73c027000-7fe73c02c000 r--p 00000000 00:204 70898546186               /mnt/primary/conda-envs/semantic_uncertainty_export/lib/libjpeg.so.9.5.0
7fe73c02c000-7fe73c05a000 r-xp 00005000 00:204 70898546186               /mnt/primary/conda-envs/semantic_uncertainty_export/lib/libjpeg.so.9.5.0
7fe73c05a000-7fe73c063000 r--p 00033000 00:204 70898546186               /mnt/primary/conda-envs/semantic_uncertainty_export/lib/libjpeg.so.9.5.0
7fe73c063000-7fe73c064000 ---p 0003c000 00:204 70898546186               /mnt/primary/conda-envs/semantic_uncertainty_export/lib/libjpeg.so.9.5.0
7fe73c064000-7fe73c065000 r--p 0003c000 00:204 70898546186               /mnt/primary/conda-envs/semantic_uncertainty_export/lib/libjpeg.so.9.5.0
7fe73c065000-7fe73c066000 rw-p 0003d000 00:204 70898546186               /mnt/primary/conda-envs/semantic_uncertainty_export/lib/libjpeg.so.9.5.0
7fe73c066000-7fe73c06d000 r--p 00000000 00:204 80070846498               /mnt/primary/conda-envs/semantic_uncertainty_export/lib/python3.11/site-packages/scipy/stats/_rcont/rcont.cpython-311-x86_64-linux-gnu.so
7fe73c06d000-7fe73c094000 r-xp 00007000 00:204 80070846498               /mnt/primary/conda-envs/semantic_uncertainty_export/lib/python3.11/site-packages/scipy/stats/_rcont/rcont.cpython-311-x86_64-linux-gnu.so
7fe73c094000-7fe73c0a2000 r--p 0002e000 00:204 80070846498               /mnt/primary/conda-envs/semantic_uncertainty_export/lib/python3.11/site-packages/scipy/stats/_rcont/rcont.cpython-311-x86_64-linux-gnu.so
7fe73c0a2000-7fe73c0a3000 r--p 0003b000 00:204 80070846498               /mnt/primary/conda-envs/semantic_uncertainty_export/lib/python3.11/site-packages/scipy/stats/_rcont/rcont.cpython-311-x86_64-linux-gnu.so
7fe73c0a3000-7fe73c0a6000 rw-p 0003c000 00:204 80070846498               /mnt/primary/conda-envs/semantic_uncertainty_export/lib/python3.11/site-packages/scipy/stats/_rcont/rcont.cpython-311-x86_64-linux-gnu.so
7fe73c0a6000-7fe73c1a7000 rw-p 00000000 00:00 0 
7fe73c1a7000-7fe73c1a9000 r--p 00000000 00:204 73089433150               /mnt/primary/conda-envs/semantic_uncertainty_export/lib/python3.11/site-packages/scipy/stats/_mvn.cpython-311-x86_64-linux-gnu.so
7fe73c1a9000-7fe73c1b2000 r-xp 00002000 00:204 73089433150               /mnt/primary/conda-envs/semantic_uncertainty_export/lib/python3.11/site-packages/scipy/stats/_mvn.cpython-311-x86_64-linux-gnu.so
7fe73c1b2000-7fe73c1b8000 r--p 0000b000 00:204 73089433150               /mnt/primary/conda-envs/semantic_uncertainty_export/lib/python3.11/site-packages/scipy/stats/_mvn.cpython-311-x86_64-linux-gnu.so
7fe73c1b8000-7fe73c1b9000 r--p 00010000 00:204 73089433150               /mnt/primary/conda-envs/semantic_uncertainty_export/lib/python3.11/site-packages/scipy/stats/_mvn.cpython-311-x86_64-linux-gnu.so
7fe73c1b9000-7fe73c1bb000 rw-p 00011000 00:204 73089433150               /mnt/primary/conda-envs/semantic_uncertainty_export/lib/python3.11/site-packages/scipy/stats/_mvn.cpython-311-x86_64-linux-gnu.so
7fe73c1bb000-7fe73c3b2000 rw-p 00000000 00:00 0 
7fe73c3b2000-7fe73c3c9000 r--p 00000000 00:204 49458313760               /mnt/primary/conda-envs/semantic_uncertainty_export/lib/python3.11/site-packages/scipy/special/cython_special.cpython-311-x86_64-linux-gnu.so
7fe73c3c9000-7fe73c5ab000 r-xp 00017000 00:204 49458313760               /mnt/primary/conda-envs/semantic_uncertainty_export/lib/python3.11/site-packages/scipy/special/cython_special.cpython-311-x86_64-linux-gnu.so
7fe73c5ab000-7fe73c5e8000 r--p 001f9000 00:204 49458313760               /mnt/primary/conda-envs/semantic_uncertainty_export/lib/python3.11/site-packages/scipy/special/cython_special.cpython-311-x86_64-linux-gnu.so
7fe73c5e8000-7fe73c5e9000 r--p 00235000 00:204 49458313760               /mnt/primary/conda-envs/semantic_uncertainty_export/lib/python3.11/site-packages/scipy/special/cython_special.cpython-311-x86_64-linux-gnu.so
7fe73c5e9000-7fe73c5fb000 rw-p 00236000 00:204 49458313760               /mnt/primary/conda-envs/semantic_uncertainty_export/lib/python3.11/site-packages/scipy/special/cython_special.cpython-311-x86_64-linux-gnu.so
7fe73c5fb000-7fe73c5fc000 rw-p 00000000 00:00 0 
7fe73c5fc000-7fe73c600000 rw-p 002b3000 00:204 49458313760               /mnt/primary/conda-envs/semantic_uncertainty_export/lib/python3.11/site-packages/scipy/special/cython_special.cpython-311-x86_64-linux-gnu.so
7fe73c600000-7fe73c601000 ---p 00000000 00:00 0 
7fe73c601000-7fe73ce01000 rw-p 00000000 00:00 0 
7fe73ce05000-7fe73ce09000 r--p 00000000 00:204 45438355996               /mnt/primary/conda-envs/semantic_uncertainty_export/lib/python3.11/lib-dynload/_elementtree.cpython-311-x86_64-linux-gnu.so
7fe73ce09000-7fe73ce12000 r-xp 00004000 00:204 45438355996               /mnt/primary/conda-envs/semantic_uncertainty_export/lib/python3.11/lib-dynload/_elementtree.cpython-311-x86_64-linux-gnu.so
7fe73ce12000-7fe73ce16000 r--p 0000d000 00:204 45438355996               /mnt/primary/conda-envs/semantic_uncertainty_export/lib/python3.11/lib-dynload/_elementtree.cpython-311-x86_64-linux-gnu.so
7fe73ce16000-7fe73ce17000 r--p 00010000 00:204 45438355996               /mnt/primary/conda-envs/semantic_uncertainty_export/lib/python3.11/lib-dynload/_elementtree.cpython-311-x86_64-linux-gnu.so
7fe73ce17000-7fe73ce19000 rw-p 00011000 00:204 45438355996               /mnt/primary/conda-envs/semantic_uncertainty_export/lib/python3.11/lib-dynload/_elementtree.cpython-311-x86_64-linux-gnu.so
7fe73ce19000-7fe73ce20000 r--p 00000000 00:204 73089433130               /mnt/primary/conda-envs/semantic_uncertainty_export/lib/python3.11/site-packages/scipy/stats/_qmc_cy.cpython-311-x86_64-linux-gnu.so
7fe73ce20000-7fe73ce45000 r-xp 00007000 00:204 73089433130               /mnt/primary/conda-envs/semantic_uncertainty_export/lib/python3.11/site-packages/scipy/stats/_qmc_cy.cpython-311-x86_64-linux-gnu.so
7fe73ce45000-7fe73ce4d000 r--p 0002c000 00:204 73089433130               /mnt/primary/conda-envs/semantic_uncertainty_export/lib/python3.11/site-packages/scipy/stats/_qmc_cy.cpython-311-x86_64-linux-gnu.so
7fe73ce4d000-7fe73ce4e000 r--p 00033000 00:204 73089433130               /mnt/primary/conda-envs/semantic_uncertainty_export/lib/python3.11/site-packages/scipy/stats/_qmc_cy.cpython-311-x86_64-linux-gnu.so
7fe73ce4e000-7fe73ce51000 rw-p 00034000 00:204 73089433130               /mnt/primary/conda-envs/semantic_uncertainty_export/lib/python3.11/site-packages/scipy/stats/_qmc_cy.cpython-311-x86_64-linux-gnu.so
7fe73ce51000-7fe73ce52000 rw-p 00000000 00:00 0 
7fe73ce52000-7fe73ce59000 r--p 00000000 00:204 73089433147               /mnt/primary/conda-envs/semantic_uncertainty_export/lib/python3.11/site-packages/scipy/stats/_sobol.cpython-311-x86_64-linux-gnu.so
7fe73ce59000-7fe73ce8d000 r-xp 00007000 00:204 73089433147               /mnt/primary/conda-envs/semantic_uncertainty_export/lib/python3.11/site-packages/scipy/stats/_sobol.cpython-311-x86_64-linux-gnu.so
7fe73ce8d000-7fe73ce96000 r--p 0003b000 00:204 73089433147               /mnt/primary/conda-envs/semantic_uncertainty_export/lib/python3.11/site-packages/scipy/stats/_sobol.cpython-311-x86_64-linux-gnu.so
7fe73ce96000-7fe73ce97000 r--p 00043000 00:204 73089433147               /mnt/primary/conda-envs/semantic_uncertainty_export/lib/python3.11/site-packages/scipy/stats/_sobol.cpython-311-x86_64-linux-gnu.so
7fe73ce97000-7fe73ce9c000 rw-p 00044000 00:204 73089433147               /mnt/primary/conda-envs/semantic_uncertainty_export/lib/python3.11/site-packages/scipy/stats/_sobol.cpython-311-x86_64-linux-gnu.so
7fe73ce9c000-7fe73ce9d000 rw-p 00000000 00:00 0 
7fe73ce9d000-7fe73cea4000 r--p 00000000 00:204 43233973784               /mnt/primary/conda-envs/semantic_uncertainty_export/lib/python3.11/site-packages/scipy/fft/_pocketfft/pypocketfft.cpython-311-x86_64-linux-gnu.so
7fe73cea4000-7fe73cf7c000 r-xp 00007000 00:204 43233973784               /mnt/primary/conda-envs/semantic_uncertainty_export/lib/python3.11/site-packages/scipy/fft/_pocketfft/pypocketfft.cpython-311-x86_64-linux-gnu.so
7fe73cf7c000-7fe73cf96000 r--p 000df000 00:204 43233973784               /mnt/primary/conda-envs/semantic_uncertainty_export/lib/python3.11/site-packages/scipy/fft/_pocketfft/pypocketfft.cpython-311-x86_64-linux-gnu.so
7fe73cf96000-7fe73cf97000 ---p 000f9000 00:204 43233973784               /mnt/primary/conda-envs/semantic_uncertainty_export/lib/python3.11/site-packages/scipy/fft/_pocketfft/pypocketfft.cpython-311-x86_64-linux-gnu.so
7fe73cf97000-7fe73cf98000 r--p 000f9000 00:204 43233973784               /mnt/primary/conda-envs/semantic_uncertainty_export/lib/python3.11/site-packages/scipy/fft/_pocketfft/pypocketfft.cpython-311-x86_64-linux-gnu.so
7fe73cf98000-7fe73cf99000 rw-p 000fa000 00:204 43233973784               /mnt/primary/conda-envs/semantic_uncertainty_export/lib/python3.11/site-packages/scipy/fft/_pocketfft/pypocketfft.cpython-311-x86_64-linux-gnu.so
7fe73cf99000-7fe73cf9b000 rw-p 00000000 00:00 0 
7fe73cf9b000-7fe73cf9f000 r--p 00000000 00:204 55935434274               /mnt/primary/conda-envs/semantic_uncertainty_export/lib/python3.11/site-packages/scipy/_lib/_uarray/_uarray.cpython-311-x86_64-linux-gnu.so
7fe73cf9f000-7fe73cfb1000 r-xp 00004000 00:204 55935434274               /mnt/primary/conda-envs/semantic_uncertainty_export/lib/python3.11/site-packages/scipy/_lib/_uarray/_uarray.cpython-311-x86_64-linux-gnu.so
7fe73cfb1000-7fe73cfb7000 r--p 00016000 00:204 55935434274               /mnt/primary/conda-envs/semantic_uncertainty_export/lib/python3.11/site-packages/scipy/_lib/_uarray/_uarray.cpython-311-x86_64-linux-gnu.so
7fe73cfb7000-7fe73cfb8000 r--p 0001b000 00:204 55935434274               /mnt/primary/conda-envs/semantic_uncertainty_export/lib/python3.11/site-packages/scipy/_lib/_uarray/_uarray.cpython-311-x86_64-linux-gnu.so
7fe73cfb8000-7fe73cfb9000 rw-p 0001c000 00:204 55935434274               /mnt/primary/conda-envs/semantic_uncertainty_export/lib/python3.11/site-packages/scipy/_lib/_uarray/_uarray.cpython-311-x86_64-linux-gnu.so
7fe73cfb9000-7fe73cfbf000 r--p 00000000 00:204 73087765042               /mnt/primary/conda-envs/semantic_uncertainty_export/lib/python3.11/site-packages/scipy/stats/_biasedurn.cpython-311-x86_64-linux-gnu.so
7fe73cfbf000-7fe73cfea000 r-xp 00006000 00:204 73087765042               /mnt/primary/conda-envs/semantic_uncertainty_export/lib/python3.11/site-packages/scipy/stats/_biasedurn.cpython-311-x86_64-linux-gnu.so
7fe73cfea000-7fe73cffa000 r--p 00031000 00:204 73087765042               /mnt/primary/conda-envs/semantic_uncertainty_export/lib/python3.11/site-packages/scipy/stats/_biasedurn.cpython-311-x86_64-linux-gnu.so
7fe73cffa000-7fe73cffb000 r--p 00040000 00:204 73087765042               /mnt/primary/conda-envs/semantic_uncertainty_export/lib/python3.11/site-packages/scipy/stats/_biasedurn.cpython-311-x86_64-linux-gnu.so
7fe73cffb000-7fe73cffe000 rw-p 00041000 00:204 73087765042               /mnt/primary/conda-envs/semantic_uncertainty_export/lib/python3.11/site-packages/scipy/stats/_biasedurn.cpython-311-x86_64-linux-gnu.so
7fe73cffe000-7fe73d000000 rw-p 00000000 00:00 0 
7fe73d000000-7fe73d001000 ---p 00000000 00:00 0 
7fe73d001000-7fe73d801000 rw-p 00000000 00:00 0 
7fe73d805000-7fe73d808000 r--p 00000000 00:204 45438356003               /mnt/primary/conda-envs/semantic_uncertainty_export/lib/python3.11/lib-dynload/_multibytecodec.cpython-311-x86_64-linux-gnu.so
7fe73d808000-7fe73d80e000 r-xp 00003000 00:204 45438356003               /mnt/primary/conda-envs/semantic_uncertainty_export/lib/python3.11/lib-dynload/_multibytecodec.cpython-311-x86_64-linux-gnu.so
7fe73d80e000-7fe73d810000 r--p 00009000 00:204 45438356003               /mnt/primary/conda-envs/semantic_uncertainty_export/lib/python3.11/lib-dynload/_multibytecodec.cpython-311-x86_64-linux-gnu.so
7fe73d810000-7fe73d811000 ---p 0000b000 00:204 45438356003               /mnt/primary/conda-envs/semantic_uncertainty_export/lib/python3.11/lib-dynload/_multibytecodec.cpython-311-x86_64-linux-gnu.so
7fe73d811000-7fe73d812000 r--p 0000b000 00:204 45438356003               /mnt/primary/conda-envs/semantic_uncertainty_export/lib/python3.11/lib-dynload/_multibytecodec.cpython-311-x86_64-linux-gnu.so
7fe73d812000-7fe73d813000 rw-p 0000c000 00:204 45438356003               /mnt/primary/conda-envs/semantic_uncertainty_export/lib/python3.11/lib-dynload/_multibytecodec.cpython-311-x86_64-linux-gnu.so
7fe73d813000-7fe73d81a000 r--p 00000000 00:204 126756728877              /mnt/primary/conda-envs/semantic_uncertainty_export/lib/python3.11/site-packages/scipy/interpolate/_rgi_cython.cpython-311-x86_64-linux-gnu.so
7fe73d81a000-7fe73d841000 r-xp 00007000 00:204 126756728877              /mnt/primary/conda-envs/semantic_uncertainty_export/lib/python3.11/site-packages/scipy/interpolate/_rgi_cython.cpython-311-x86_64-linux-gnu.so
7fe73d841000-7fe73d849000 r--p 0002e000 00:204 126756728877              /mnt/primary/conda-envs/semantic_uncertainty_export/lib/python3.11/site-packages/scipy/interpolate/_rgi_cython.cpython-311-x86_64-linux-gnu.so
7fe73d849000-7fe73d84a000 r--p 00035000 00:204 126756728877              /mnt/primary/conda-envs/semantic_uncertainty_export/lib/python3.11/site-packages/scipy/interpolate/_rgi_cython.cpython-311-x86_64-linux-gnu.so
7fe73d84a000-7fe73d84e000 rw-p 00036000 00:204 126756728877              /mnt/primary/conda-envs/semantic_uncertainty_export/lib/python3.11/site-packages/scipy/interpolate/_rgi_cython.cpython-311-x86_64-linux-gnu.so
7fe73d84e000-7fe73d94e000 rw-p 00000000 00:00 0 
7fe73d94e000-7fe73d956000 r--p 00000000 00:204 126756728874              /mnt/primary/conda-envs/semantic_uncertainty_export/lib/python3.11/site-packages/scipy/interpolate/interpnd.cpython-311-x86_64-linux-gnu.so
7fe73d956000-7fe73d996000 r-xp 00008000 00:204 126756728874              /mnt/primary/conda-envs/semantic_uncertainty_export/lib/python3.11/site-packages/scipy/interpolate/interpnd.cpython-311-x86_64-linux-gnu.so
7fe73d996000-7fe73d9a1000 r--p 00048000 00:204 126756728874              /mnt/primary/conda-envs/semantic_uncertainty_export/lib/python3.11/site-packages/scipy/interpolate/interpnd.cpython-311-x86_64-linux-gnu.so
7fe73d9a1000-7fe73d9a2000 r--p 00052000 00:204 126756728874              /mnt/primary/conda-envs/semantic_uncertainty_export/lib/python3.11/site-packages/scipy/interpolate/interpnd.cpython-311-x86_64-linux-gnu.so
7fe73d9a2000-7fe73d9a7000 rw-p 00053000 00:204 126756728874              /mnt/primary/conda-envs/semantic_uncertainty_export/lib/python3.11/site-packages/scipy/interpolate/interpnd.cpython-311-x86_64-linux-gnu.so
7fe73d9a7000-7fe73d9a8000 rw-p 00000000 00:00 0 
7fe73d9a8000-7fe73d9b0000 r--p 00000000 00:204 126756728871              /mnt/primary/conda-envs/semantic_uncertainty_export/lib/python3.11/site-packages/scipy/interpolate/_ppoly.cpython-311-x86_64-linux-gnu.so
7fe73d9b0000-7fe73d9ef000 r-xp 00008000 00:204 126756728871              /mnt/primary/conda-envs/semantic_uncertainty_export/lib/python3.11/site-packages/scipy/interpolate/_ppoly.cpython-311-x86_64-linux-gnu.so
7fe73d9ef000-7fe73d9f8000 r--p 00047000 00:204 126756728871              /mnt/primary/conda-envs/semantic_uncertainty_export/lib/python3.11/site-packages/scipy/interpolate/_ppoly.cpython-311-x86_64-linux-gnu.so
7fe73d9f8000-7fe73d9f9000 r--p 0004f000 00:204 126756728871              /mnt/primary/conda-envs/semantic_uncertainty_export/lib/python3.11/site-packages/scipy/interpolate/_ppoly.cpython-311-x86_64-linux-gnu.so
7fe73d9f9000-7fe73d9ff000 rw-p 00050000 00:204 126756728871              /mnt/primary/conda-envs/semantic_uncertainty_export/lib/python3.11/site-packages/scipy/interpolate/_ppoly.cpython-311-x86_64-linux-gnu.so
7fe73d9ff000-7fe73da00000 rw-p 00000000 00:00 0 
7fe73da00000-7fe73fa00000 rw-p 00000000 00:00 0 
7fe73fa00000-7fe73fa04000 r--p 00000000 00:204 131461243965              /mnt/primary/conda-envs/semantic_uncertainty_export/lib/python3.11/site-packages/wrapt/_wrappers.cpython-311-x86_64-linux-gnu.so
7fe73fa04000-7fe73fa09000 r-xp 00004000 00:204 131461243965              /mnt/primary/conda-envs/semantic_uncertainty_export/lib/python3.11/site-packages/wrapt/_wrappers.cpython-311-x86_64-linux-gnu.so
7fe73fa09000-7fe73fa0b000 r--p 00009000 00:204 131461243965              /mnt/primary/conda-envs/semantic_uncertainty_export/lib/python3.11/site-packages/wrapt/_wrappers.cpython-311-x86_64-linux-gnu.so
7fe73fa0b000-7fe73fa0c000 r--p 0000a000 00:204 131461243965              /mnt/primary/conda-envs/semantic_uncertainty_export/lib/python3.11/site-packages/wrapt/_wrappers.cpython-311-x86_64-linux-gnu.so
7fe73fa0c000-7fe73fa0e000 rw-p 0000b000 00:204 131461243965              /mnt/primary/conda-envs/semantic_uncertainty_export/lib/python3.11/site-packages/wrapt/_wrappers.cpython-311-x86_64-linux-gnu.so
7fe73fa0e000-7fe73fa12000 r--p 00000000 00:204 73089433136               /mnt/primary/conda-envs/semantic_uncertainty_export/lib/python3.11/site-packages/scipy/stats/_stats_pythran.cpython-311-x86_64-linux-gnu.so
7fe73fa12000-7fe73fa27000 r-xp 00004000 00:204 73089433136               /mnt/primary/conda-envs/semantic_uncertainty_export/lib/python3.11/site-packages/scipy/stats/_stats_pythran.cpython-311-x86_64-linux-gnu.so
7fe73fa27000-7fe73fa2c000 r--p 00019000 00:204 73089433136               /mnt/primary/conda-envs/semantic_uncertainty_export/lib/python3.11/site-packages/scipy/stats/_stats_pythran.cpython-311-x86_64-linux-gnu.so
7fe73fa2c000-7fe73fa2d000 r--p 0001d000 00:204 73089433136               /mnt/primary/conda-envs/semantic_uncertainty_export/lib/python3.11/site-packages/scipy/stats/_stats_pythran.cpython-311-x86_64-linux-gnu.so
7fe73fa2d000-7fe73fa2e000 rw-p 0001e000 00:204 73089433136               /mnt/primary/conda-envs/semantic_uncertainty_export/lib/python3.11/site-packages/scipy/stats/_stats_pythran.cpython-311-x86_64-linux-gnu.so
7fe73fa2e000-7fe73fb2e000 rw-p 00000000 00:00 0 
7fe73fb2e000-7fe73fd1e000 r--p 00000000 00:204 70924951599               /mnt/primary/conda-envs/semantic_uncertainty_export/lib/libmkl_core.so.2
7fe73fd1e000-7fe743442000 r-xp 001f0000 00:204 70924951599               /mnt/primary/conda-envs/semantic_uncertainty_export/lib/libmkl_core.so.2
7fe743442000-7fe743eaf000 r--p 03914000 00:204 70924951599               /mnt/primary/conda-envs/semantic_uncertainty_export/lib/libmkl_core.so.2
7fe743eaf000-7fe743eb6000 r--p 04380000 00:204 70924951599               /mnt/primary/conda-envs/semantic_uncertainty_export/lib/libmkl_core.so.2
7fe743eb6000-7fe743ee6000 rw-p 04387000 00:204 70924951599               /mnt/primary/conda-envs/semantic_uncertainty_export/lib/libmkl_core.so.2
7fe743ee6000-7fe743f0f000 rw-p 00000000 00:00 0 
7fe743f0f000-7fe744000000 rw-p 046cd000 00:204 70924951599               /mnt/primary/conda-envs/semantic_uncertainty_export/lib/libmkl_core.so.2
7fe744000000-7fe744021000 rw-p 00000000 00:00 0 
7fe744021000-7fe748000000 ---p 00000000 00:00 0 
7fe748000000-7fe748003000 r--p 00000000 00:204 81779481644               /mnt/primary/conda-envs/semantic_uncertainty_export/lib/python3.11/site-packages/torch/lib/libshm.so
7fe748003000-7fe748006000 r-xp 00003000 00:204 81779481644               /mnt/primary/conda-envs/semantic_uncertainty_export/lib/python3.11/site-packages/torch/lib/libshm.so
7fe748006000-7fe748007000 r--p 00006000 00:204 81779481644               /mnt/primary/conda-envs/semantic_uncertainty_export/lib/python3.11/site-packages/torch/lib/libshm.so
7fe748007000-7fe748008000 ---p 00007000 00:204 81779481644               /mnt/primary/conda-envs/semantic_uncertainty_export/lib/python3.11/site-packages/torch/lib/libshm.so
7fe748008000-7fe748009000 r--p 00007000 00:204 81779481644               /mnt/primary/conda-envs/semantic_uncertainty_export/lib/python3.11/site-packages/torch/lib/libshm.so
7fe748009000-7fe74800a000 rw-p 00008000 00:204 81779481644               /mnt/primary/conda-envs/semantic_uncertainty_export/lib/python3.11/site-packages/torch/lib/libshm.so
7fe74800a000-7fe74800c000 r--p 00000000 00:204 73087765047               /mnt/primary/conda-envs/semantic_uncertainty_export/lib/python3.11/site-packages/scipy/stats/_statlib.cpython-311-x86_64-linux-gnu.so
7fe74800c000-7fe748012000 r-xp 00002000 00:204 73087765047               /mnt/primary/conda-envs/semantic_uncertainty_export/lib/python3.11/site-packages/scipy/stats/_statlib.cpython-311-x86_64-linux-gnu.so
7fe748012000-7fe748014000 r--p 00008000 00:204 73087765047               /mnt/primary/conda-envs/semantic_uncertainty_export/lib/python3.11/site-packages/scipy/stats/_statlib.cpython-311-x86_64-linux-gnu.so
7fe748014000-7fe748015000 r--p 00009000 00:204 73087765047               /mnt/primary/conda-envs/semantic_uncertainty_export/lib/python3.11/site-packages/scipy/stats/_statlib.cpython-311-x86_64-linux-gnu.so
7fe748015000-7fe748016000 rw-p 0000a000 00:204 73087765047               /mnt/primary/conda-envs/semantic_uncertainty_export/lib/python3.11/site-packages/scipy/stats/_statlib.cpython-311-x86_64-linux-gnu.so
7fe748016000-7fe74801a000 r--p 00000000 00:204 126726910078              /mnt/primary/conda-envs/semantic_uncertainty_export/lib/python3.11/site-packages/scipy/interpolate/_rbfinterp_pythran.cpython-311-x86_64-linux-gnu.so
7fe74801a000-7fe748046000 r-xp 00004000 00:204 126726910078              /mnt/primary/conda-envs/semantic_uncertainty_export/lib/python3.11/site-packages/scipy/interpolate/_rbfinterp_pythran.cpython-311-x86_64-linux-gnu.so
7fe748046000-7fe74804c000 r--p 00030000 00:204 126726910078              /mnt/primary/conda-envs/semantic_uncertainty_export/lib/python3.11/site-packages/scipy/interpolate/_rbfinterp_pythran.cpython-311-x86_64-linux-gnu.so
7fe74804c000-7fe74804d000 r--p 00035000 00:204 126726910078              /mnt/primary/conda-envs/semantic_uncertainty_export/lib/python3.11/site-packages/scipy/interpolate/_rbfinterp_pythran.cpython-311-x86_64-linux-gnu.so
7fe74804d000-7fe74804e000 rw-p 00036000 00:204 126726910078              /mnt/primary/conda-envs/semantic_uncertainty_export/lib/python3.11/site-packages/scipy/interpolate/_rbfinterp_pythran.cpython-311-x86_64-linux-gnu.so
7fe74804e000-7fe748055000 r--p 00000000 00:204 126756728892              /mnt/primary/conda-envs/semantic_uncertainty_export/lib/python3.11/site-packages/scipy/interpolate/_bspl.cpython-311-x86_64-linux-gnu.so
7fe748055000-7fe748089000 r-xp 00007000 00:204 126756728892              /mnt/primary/conda-envs/semantic_uncertainty_export/lib/python3.11/site-packages/scipy/interpolate/_bspl.cpython-311-x86_64-linux-gnu.so
7fe748089000-7fe748092000 r--p 0003b000 00:204 126756728892              /mnt/primary/conda-envs/semantic_uncertainty_export/lib/python3.11/site-packages/scipy/interpolate/_bspl.cpython-311-x86_64-linux-gnu.so
7fe748092000-7fe748093000 r--p 00043000 00:204 126756728892              /mnt/primary/conda-envs/semantic_uncertainty_export/lib/python3.11/site-packages/scipy/interpolate/_bspl.cpython-311-x86_64-linux-gnu.so
7fe748093000-7fe748099000 rw-p 00044000 00:204 126756728892              /mnt/primary/conda-envs/semantic_uncertainty_export/lib/python3.11/site-packages/scipy/interpolate/_bspl.cpython-311-x86_64-linux-gnu.so
7fe748099000-7fe74809a000 rw-p 00000000 00:00 0 
7fe74809a000-7fe7480a9000 r--p 00000000 00:204 109564600854              /mnt/primary/conda-envs/semantic_uncertainty_export/lib/python3.11/site-packages/scipy/optimize/_highs/_highs_wrapper.cpython-311-x86_64-linux-gnu.so
7fe7480a9000-7fe748389000 r-xp 0000f000 00:204 109564600854              /mnt/primary/conda-envs/semantic_uncertainty_export/lib/python3.11/site-packages/scipy/optimize/_highs/_highs_wrapper.cpython-311-x86_64-linux-gnu.so
7fe748389000-7fe7483f2000 r--p 002ef000 00:204 109564600854              /mnt/primary/conda-envs/semantic_uncertainty_export/lib/python3.11/site-packages/scipy/optimize/_highs/_highs_wrapper.cpython-311-x86_64-linux-gnu.so
7fe7483f2000-7fe7483f3000 ---p 00358000 00:204 109564600854              /mnt/primary/conda-envs/semantic_uncertainty_export/lib/python3.11/site-packages/scipy/optimize/_highs/_highs_wrapper.cpython-311-x86_64-linux-gnu.so
7fe7483f3000-7fe7483f5000 r--p 00358000 00:204 109564600854              /mnt/primary/conda-envs/semantic_uncertainty_export/lib/python3.11/site-packages/scipy/optimize/_highs/_highs_wrapper.cpython-311-x86_64-linux-gnu.so
7fe7483f5000-7fe7483fc000 rw-p 0035a000 00:204 109564600854              /mnt/primary/conda-envs/semantic_uncertainty_export/lib/python3.11/site-packages/scipy/optimize/_highs/_highs_wrapper.cpython-311-x86_64-linux-gnu.so
7fe7483fc000-7fe748400000 rw-p 00000000 00:00 0 
7fe748400000-7fe748401000 ---p 00000000 00:00 0 
7fe748401000-7fe748c01000 rw-p 00000000 00:00 0 
7fe748c05000-7fe748c09000 r--p 00000000 00:204 126756728880              /mnt/primary/conda-envs/semantic_uncertainty_export/lib/python3.11/site-packages/scipy/interpolate/dfitpack.cpython-311-x86_64-linux-gnu.so
7fe748c09000-7fe748c45000 r-xp 00004000 00:204 126756728880              /mnt/primary/conda-envs/semantic_uncertainty_export/lib/python3.11/site-packages/scipy/interpolate/dfitpack.cpython-311-x86_64-linux-gnu.so
7fe748c45000-7fe748c50000 r--p 00040000 00:204 126756728880              /mnt/primary/conda-envs/semantic_uncertainty_export/lib/python3.11/site-packages/scipy/interpolate/dfitpack.cpython-311-x86_64-linux-gnu.so
7fe748c50000-7fe748c51000 ---p 0004b000 00:204 126756728880              /mnt/primary/conda-envs/semantic_uncertainty_export/lib/python3.11/site-packages/scipy/interpolate/dfitpack.cpython-311-x86_64-linux-gnu.so
7fe748c51000-7fe748c52000 r--p 0004b000 00:204 126756728880              /mnt/primary/conda-envs/semantic_uncertainty_export/lib/python3.11/site-packages/scipy/interpolate/dfitpack.cpython-311-x86_64-linux-gnu.so
7fe748c52000-7fe748c5a000 rw-p 0004c000 00:204 126756728880              /mnt/primary/conda-envs/semantic_uncertainty_export/lib/python3.11/site-packages/scipy/interpolate/dfitpack.cpython-311-x86_64-linux-gnu.so
7fe748c5a000-7fe748c5c000 rw-p 00057000 00:204 126756728880              /mnt/primary/conda-envs/semantic_uncertainty_export/lib/python3.11/site-packages/scipy/interpolate/dfitpack.cpython-311-x86_64-linux-gnu.so
7fe748c5c000-7fe748c5d000 r--p 00000000 00:204 126756728894              /mnt/primary/conda-envs/semantic_uncertainty_export/lib/python3.11/site-packages/scipy/interpolate/_fitpack.cpython-311-x86_64-linux-gnu.so
7fe748c5d000-7fe748c6e000 r-xp 00001000 00:204 126756728894              /mnt/primary/conda-envs/semantic_uncertainty_export/lib/python3.11/site-packages/scipy/interpolate/_fitpack.cpython-311-x86_64-linux-gnu.so
7fe748c6e000-7fe748c70000 r--p 00012000 00:204 126756728894              /mnt/primary/conda-envs/semantic_uncertainty_export/lib/python3.11/site-packages/scipy/interpolate/_fitpack.cpython-311-x86_64-linux-gnu.so
7fe748c70000-7fe748c71000 r--p 00013000 00:204 126756728894              /mnt/primary/conda-envs/semantic_uncertainty_export/lib/python3.11/site-packages/scipy/interpolate/_fitpack.cpython-311-x86_64-linux-gnu.so
7fe748c71000-7fe748c72000 rw-p 00014000 00:204 126756728894              /mnt/primary/conda-envs/semantic_uncertainty_export/lib/python3.11/site-packages/scipy/interpolate/_fitpack.cpython-311-x86_64-linux-gnu.so
7fe748c72000-7fe748c74000 rw-p 00016000 00:204 126756728894              /mnt/primary/conda-envs/semantic_uncertainty_export/lib/python3.11/site-packages/scipy/interpolate/_fitpack.cpython-311-x86_64-linux-gnu.so
7fe748c74000-7fe748c77000 r--p 00000000 00:204 81808996386               /mnt/primary/conda-envs/semantic_uncertainty_export/lib/python3.11/site-packages/scipy/stats/_boost/invgauss_ufunc.cpython-311-x86_64-linux-gnu.so
7fe748c77000-7fe748c90000 r-xp 00003000 00:204 81808996386               /mnt/primary/conda-envs/semantic_uncertainty_export/lib/python3.11/site-packages/scipy/stats/_boost/invgauss_ufunc.cpython-311-x86_64-linux-gnu.so
7fe748c90000-7fe748c95000 r--p 0001c000 00:204 81808996386               /mnt/primary/conda-envs/semantic_uncertainty_export/lib/python3.11/site-packages/scipy/stats/_boost/invgauss_ufunc.cpython-311-x86_64-linux-gnu.so
7fe748c95000-7fe748c96000 r--p 00020000 00:204 81808996386               /mnt/primary/conda-envs/semantic_uncertainty_export/lib/python3.11/site-packages/scipy/stats/_boost/invgauss_ufunc.cpython-311-x86_64-linux-gnu.so
7fe748c96000-7fe748c97000 rw-p 00021000 00:204 81808996386               /mnt/primary/conda-envs/semantic_uncertainty_export/lib/python3.11/site-packages/scipy/stats/_boost/invgauss_ufunc.cpython-311-x86_64-linux-gnu.so
7fe748c97000-7fe748c9a000 r--p 00000000 00:204 81808996380               /mnt/primary/conda-envs/semantic_uncertainty_export/lib/python3.11/site-packages/scipy/stats/_boost/skewnorm_ufunc.cpython-311-x86_64-linux-gnu.so
7fe748c9a000-7fe748ca8000 r-xp 00003000 00:204 81808996380               /mnt/primary/conda-envs/semantic_uncertainty_export/lib/python3.11/site-packages/scipy/stats/_boost/skewnorm_ufunc.cpython-311-x86_64-linux-gnu.so
7fe748ca8000-7fe748cab000 r--p 00011000 00:204 81808996380               /mnt/primary/conda-envs/semantic_uncertainty_export/lib/python3.11/site-packages/scipy/stats/_boost/skewnorm_ufunc.cpython-311-x86_64-linux-gnu.so
7fe748cab000-7fe748cac000 r--p 00013000 00:204 81808996380               /mnt/primary/conda-envs/semantic_uncertainty_export/lib/python3.11/site-packages/scipy/stats/_boost/skewnorm_ufunc.cpython-311-x86_64-linux-gnu.so
7fe748cac000-7fe748cad000 rw-p 00014000 00:204 81808996380               /mnt/primary/conda-envs/semantic_uncertainty_export/lib/python3.11/site-packages/scipy/stats/_boost/skewnorm_ufunc.cpython-311-x86_64-linux-gnu.so
7fe748cad000-7fe748cb0000 r--p 00000000 00:204 81808996383               /mnt/primary/conda-envs/semantic_uncertainty_export/lib/python3.11/site-packages/scipy/stats/_boost/nct_ufunc.cpython-311-x86_64-linux-gnu.so
7fe748cb0000-7fe748cd5000 r-xp 00003000 00:204 81808996383               /mnt/primary/conda-envs/semantic_uncertainty_export/lib/python3.11/site-packages/scipy/stats/_boost/nct_ufunc.cpython-311-x86_64-linux-gnu.so
7fe748cd5000-7fe748cda000 r--p 00028000 00:204 81808996383               /mnt/primary/conda-envs/semantic_uncertainty_export/lib/python3.11/site-packages/scipy/stats/_boost/nct_ufunc.cpython-311-x86_64-linux-gnu.so
7fe748cda000-7fe748cdb000 r--p 0002c000 00:204 81808996383               /mnt/primary/conda-envs/semantic_uncertainty_export/lib/python3.11/site-packages/scipy/stats/_boost/nct_ufunc.cpython-311-x86_64-linux-gnu.so
7fe748cdb000-7fe748cdc000 rw-p 0002d000 00:204 81808996383               /mnt/primary/conda-envs/semantic_uncertainty_export/lib/python3.11/site-packages/scipy/stats/_boost/nct_ufunc.cpython-311-x86_64-linux-gnu.so
7fe748cdc000-7fe748cdf000 r--p 00000000 00:204 81808996382               /mnt/primary/conda-envs/semantic_uncertainty_export/lib/python3.11/site-packages/scipy/stats/_boost/ncx2_ufunc.cpython-311-x86_64-linux-gnu.so
7fe748cdf000-7fe748cf9000 r-xp 00003000 00:204 81808996382               /mnt/primary/conda-envs/semantic_uncertainty_export/lib/python3.11/site-packages/scipy/stats/_boost/ncx2_ufunc.cpython-311-x86_64-linux-gnu.so
7fe748cf9000-7fe748cfe000 r--p 0001d000 00:204 81808996382               /mnt/primary/conda-envs/semantic_uncertainty_export/lib/python3.11/site-packages/scipy/stats/_boost/ncx2_ufunc.cpython-311-x86_64-linux-gnu.so
7fe748cfe000-7fe748cff000 r--p 00021000 00:204 81808996382               /mnt/primary/conda-envs/semantic_uncertainty_export/lib/python3.11/site-packages/scipy/stats/_boost/ncx2_ufunc.cpython-311-x86_64-linux-gnu.so
7fe748cff000-7fe748d00000 rw-p 00022000 00:204 81808996382               /mnt/primary/conda-envs/semantic_uncertainty_export/lib/python3.11/site-packages/scipy/stats/_boost/ncx2_ufunc.cpython-311-x86_64-linux-gnu.so
7fe748d00000-7fe748e00000 rw-p 00000000 00:00 0 
7fe748e00000-7fe748e01000 ---p 00000000 00:00 0 
7fe748e01000-7fe749601000 rw-p 00000000 00:00 0 
7fe749603000-7fe749606000 r--p 00000000 00:204 81808996377               /mnt/primary/conda-envs/semantic_uncertainty_export/lib/python3.11/site-packages/scipy/stats/_boost/ncf_ufunc.cpython-311-x86_64-linux-gnu.so
7fe749606000-7fe749620000 r-xp 00003000 00:204 81808996377               /mnt/primary/conda-envs/semantic_uncertainty_export/lib/python3.11/site-packages/scipy/stats/_boost/ncf_ufunc.cpython-311-x86_64-linux-gnu.so
7fe749620000-7fe749624000 r--p 0001d000 00:204 81808996377               /mnt/primary/conda-envs/semantic_uncertainty_export/lib/python3.11/site-packages/scipy/stats/_boost/ncf_ufunc.cpython-311-x86_64-linux-gnu.so
7fe749624000-7fe749625000 ---p 00021000 00:204 81808996377               /mnt/primary/conda-envs/semantic_uncertainty_export/lib/python3.11/site-packages/scipy/stats/_boost/ncf_ufunc.cpython-311-x86_64-linux-gnu.so
7fe749625000-7fe749626000 r--p 00021000 00:204 81808996377               /mnt/primary/conda-envs/semantic_uncertainty_export/lib/python3.11/site-packages/scipy/stats/_boost/ncf_ufunc.cpython-311-x86_64-linux-gnu.so
7fe749626000-7fe749627000 rw-p 00022000 00:204 81808996377               /mnt/primary/conda-envs/semantic_uncertainty_export/lib/python3.11/site-packages/scipy/stats/_boost/ncf_ufunc.cpython-311-x86_64-linux-gnu.so
7fe749627000-7fe74962a000 r--p 00000000 00:204 81808996381               /mnt/primary/conda-envs/semantic_uncertainty_export/lib/python3.11/site-packages/scipy/stats/_boost/hypergeom_ufunc.cpython-311-x86_64-linux-gnu.so
7fe74962a000-7fe749634000 r-xp 00003000 00:204 81808996381               /mnt/primary/conda-envs/semantic_uncertainty_export/lib/python3.11/site-packages/scipy/stats/_boost/hypergeom_ufunc.cpython-311-x86_64-linux-gnu.so
7fe749634000-7fe74963c000 r--p 0000d000 00:204 81808996381               /mnt/primary/conda-envs/semantic_uncertainty_export/lib/python3.11/site-packages/scipy/stats/_boost/hypergeom_ufunc.cpython-311-x86_64-linux-gnu.so
7fe74963c000-7fe74963d000 r--p 00014000 00:204 81808996381               /mnt/primary/conda-envs/semantic_uncertainty_export/lib/python3.11/site-packages/scipy/stats/_boost/hypergeom_ufunc.cpython-311-x86_64-linux-gnu.so
7fe74963d000-7fe74963e000 rw-p 00015000 00:204 81808996381               /mnt/primary/conda-envs/semantic_uncertainty_export/lib/python3.11/site-packages/scipy/stats/_boost/hypergeom_ufunc.cpython-311-x86_64-linux-gnu.so
7fe74963e000-7fe749641000 r--p 00000000 00:204 81808996379               /mnt/primary/conda-envs/semantic_uncertainty_export/lib/python3.11/site-packages/scipy/stats/_boost/nbinom_ufunc.cpython-311-x86_64-linux-gnu.so
7fe749641000-7fe74965b000 r-xp 00003000 00:204 81808996379               /mnt/primary/conda-envs/semantic_uncertainty_export/lib/python3.11/site-packages/scipy/stats/_boost/nbinom_ufunc.cpython-311-x86_64-linux-gnu.so
7fe74965b000-7fe749660000 r--p 0001d000 00:204 81808996379               /mnt/primary/conda-envs/semantic_uncertainty_export/lib/python3.11/site-packages/scipy/stats/_boost/nbinom_ufunc.cpython-311-x86_64-linux-gnu.so
7fe749660000-7fe749661000 r--p 00021000 00:204 81808996379               /mnt/primary/conda-envs/semantic_uncertainty_export/lib/python3.11/site-packages/scipy/stats/_boost/nbinom_ufunc.cpython-311-x86_64-linux-gnu.so
7fe749661000-7fe749662000 rw-p 00022000 00:204 81808996379               /mnt/primary/conda-envs/semantic_uncertainty_export/lib/python3.11/site-packages/scipy/stats/_boost/nbinom_ufunc.cpython-311-x86_64-linux-gnu.so
7fe749662000-7fe74966c000 r--p 00000000 00:204 73089433127               /mnt/primary/conda-envs/semantic_uncertainty_export/lib/python3.11/site-packages/scipy/stats/_stats.cpython-311-x86_64-linux-gnu.so
7fe74966c000-7fe7496ea000 r-xp 0000a000 00:204 73089433127               /mnt/primary/conda-envs/semantic_uncertainty_export/lib/python3.11/site-packages/scipy/stats/_stats.cpython-311-x86_64-linux-gnu.so
7fe7496ea000-7fe7496f7000 r--p 00088000 00:204 73089433127               /mnt/primary/conda-envs/semantic_uncertainty_export/lib/python3.11/site-packages/scipy/stats/_stats.cpython-311-x86_64-linux-gnu.so
7fe7496f7000-7fe7496f8000 r--p 00094000 00:204 73089433127               /mnt/primary/conda-envs/semantic_uncertainty_export/lib/python3.11/site-packages/scipy/stats/_stats.cpython-311-x86_64-linux-gnu.so
7fe7496f8000-7fe7496ff000 rw-p 00095000 00:204 73089433127               /mnt/primary/conda-envs/semantic_uncertainty_export/lib/python3.11/site-packages/scipy/stats/_stats.cpython-311-x86_64-linux-gnu.so
7fe7496ff000-7fe749800000 rw-p 00000000 00:00 0 
7fe749800000-7fe749801000 ---p 00000000 00:00 0 
7fe749801000-7fe74a001000 rw-p 00000000 00:00 0 
7fe74a003000-7fe74a006000 r--p 00000000 00:204 81808996378               /mnt/primary/conda-envs/semantic_uncertainty_export/lib/python3.11/site-packages/scipy/stats/_boost/binom_ufunc.cpython-311-x86_64-linux-gnu.so
7fe74a006000-7fe74a021000 r-xp 00003000 00:204 81808996378               /mnt/primary/conda-envs/semantic_uncertainty_export/lib/python3.11/site-packages/scipy/stats/_boost/binom_ufunc.cpython-311-x86_64-linux-gnu.so
7fe74a021000-7fe74a026000 r--p 0001e000 00:204 81808996378               /mnt/primary/conda-envs/semantic_uncertainty_export/lib/python3.11/site-packages/scipy/stats/_boost/binom_ufunc.cpython-311-x86_64-linux-gnu.so
7fe74a026000-7fe74a027000 r--p 00022000 00:204 81808996378               /mnt/primary/conda-envs/semantic_uncertainty_export/lib/python3.11/site-packages/scipy/stats/_boost/binom_ufunc.cpython-311-x86_64-linux-gnu.so
7fe74a027000-7fe74a028000 rw-p 00023000 00:204 81808996378               /mnt/primary/conda-envs/semantic_uncertainty_export/lib/python3.11/site-packages/scipy/stats/_boost/binom_ufunc.cpython-311-x86_64-linux-gnu.so
7fe74a028000-7fe74a02c000 r--p 00000000 00:204 81808996384               /mnt/primary/conda-envs/semantic_uncertainty_export/lib/python3.11/site-packages/scipy/stats/_boost/beta_ufunc.cpython-311-x86_64-linux-gnu.so
7fe74a02c000-7fe74a04c000 r-xp 00004000 00:204 81808996384               /mnt/primary/conda-envs/semantic_uncertainty_export/lib/python3.11/site-packages/scipy/stats/_boost/beta_ufunc.cpython-311-x86_64-linux-gnu.so
7fe74a04c000-7fe74a052000 r--p 00024000 00:204 81808996384               /mnt/primary/conda-envs/semantic_uncertainty_export/lib/python3.11/site-packages/scipy/stats/_boost/beta_ufunc.cpython-311-x86_64-linux-gnu.so
7fe74a052000-7fe74a053000 r--p 00029000 00:204 81808996384               /mnt/primary/conda-envs/semantic_uncertainty_export/lib/python3.11/site-packages/scipy/stats/_boost/beta_ufunc.cpython-311-x86_64-linux-gnu.so
7fe74a053000-7fe74a054000 rw-p 0002a000 00:204 81808996384               /mnt/primary/conda-envs/semantic_uncertainty_export/lib/python3.11/site-packages/scipy/stats/_boost/beta_ufunc.cpython-311-x86_64-linux-gnu.so
7fe74a054000-7fe74a057000 r--p 00000000 00:204 64698545180               /mnt/primary/conda-envs/semantic_uncertainty_export/lib/python3.11/site-packages/scipy/integrate/_lsoda.cpython-311-x86_64-linux-gnu.so
7fe74a057000-7fe74a064000 r-xp 00003000 00:204 64698545180               /mnt/primary/conda-envs/semantic_uncertainty_export/lib/python3.11/site-packages/scipy/integrate/_lsoda.cpython-311-x86_64-linux-gnu.so
7fe74a064000-7fe74a068000 r--p 00010000 00:204 64698545180               /mnt/primary/conda-envs/semantic_uncertainty_export/lib/python3.11/site-packages/scipy/integrate/_lsoda.cpython-311-x86_64-linux-gnu.so
7fe74a068000-7fe74a069000 r--p 00013000 00:204 64698545180               /mnt/primary/conda-envs/semantic_uncertainty_export/lib/python3.11/site-packages/scipy/integrate/_lsoda.cpython-311-x86_64-linux-gnu.so
7fe74a069000-7fe74a06b000 rw-p 00014000 00:204 64698545180               /mnt/primary/conda-envs/semantic_uncertainty_export/lib/python3.11/site-packages/scipy/integrate/_lsoda.cpython-311-x86_64-linux-gnu.so
7fe74a06b000-7fe74a06e000 rw-p 00018000 00:204 64698545180               /mnt/primary/conda-envs/semantic_uncertainty_export/lib/python3.11/site-packages/scipy/integrate/_lsoda.cpython-311-x86_64-linux-gnu.so
7fe74a06e000-7fe74a071000 r--p 00000000 00:204 64698545185               /mnt/primary/conda-envs/semantic_uncertainty_export/lib/python3.11/site-packages/scipy/integrate/_dop.cpython-311-x86_64-linux-gnu.so
7fe74a071000-7fe74a07f000 r-xp 00003000 00:204 64698545185               /mnt/primary/conda-envs/semantic_uncertainty_export/lib/python3.11/site-packages/scipy/integrate/_dop.cpython-311-x86_64-linux-gnu.so
7fe74a07f000-7fe74a083000 r--p 00011000 00:204 64698545185               /mnt/primary/conda-envs/semantic_uncertainty_export/lib/python3.11/site-packages/scipy/integrate/_dop.cpython-311-x86_64-linux-gnu.so
7fe74a083000-7fe74a084000 r--p 00014000 00:204 64698545185               /mnt/primary/conda-envs/semantic_uncertainty_export/lib/python3.11/site-packages/scipy/integrate/_dop.cpython-311-x86_64-linux-gnu.so
7fe74a084000-7fe74a086000 rw-p 00015000 00:204 64698545185               /mnt/primary/conda-envs/semantic_uncertainty_export/lib/python3.11/site-packages/scipy/integrate/_dop.cpython-311-x86_64-linux-gnu.so
7fe74a086000-7fe74a089000 rw-p 00019000 00:204 64698545185               /mnt/primary/conda-envs/semantic_uncertainty_export/lib/python3.11/site-packages/scipy/integrate/_dop.cpython-311-x86_64-linux-gnu.so
7fe74a089000-7fe74a08c000 r--p 00000000 00:204 64698545173               /mnt/primary/conda-envs/semantic_uncertainty_export/lib/python3.11/site-packages/scipy/integrate/_vode.cpython-311-x86_64-linux-gnu.so
7fe74a08c000-7fe74a0a4000 r-xp 00003000 00:204 64698545173               /mnt/primary/conda-envs/semantic_uncertainty_export/lib/python3.11/site-packages/scipy/integrate/_vode.cpython-311-x86_64-linux-gnu.so
7fe74a0a4000-7fe74a0aa000 r--p 0001b000 00:204 64698545173               /mnt/primary/conda-envs/semantic_uncertainty_export/lib/python3.11/site-packages/scipy/integrate/_vode.cpython-311-x86_64-linux-gnu.so
7fe74a0aa000-7fe74a0ab000 r--p 00020000 00:204 64698545173               /mnt/primary/conda-envs/semantic_uncertainty_export/lib/python3.11/site-packages/scipy/integrate/_vode.cpython-311-x86_64-linux-gnu.so
7fe74a0ab000-7fe74a0ad000 rw-p 00021000 00:204 64698545173               /mnt/primary/conda-envs/semantic_uncertainty_export/lib/python3.11/site-packages/scipy/integrate/_vode.cpython-311-x86_64-linux-gnu.so
7fe74a0ad000-7fe74a0b0000 rw-p 00026000 00:204 64698545173               /mnt/primary/conda-envs/semantic_uncertainty_export/lib/python3.11/site-packages/scipy/integrate/_vode.cpython-311-x86_64-linux-gnu.so
7fe74a0b0000-7fe74a0b2000 r--p 00000000 00:204 64698545177               /mnt/primary/conda-envs/semantic_uncertainty_export/lib/python3.11/site-packages/scipy/integrate/_quadpack.cpython-311-x86_64-linux-gnu.so
7fe74a0b2000-7fe74a0c5000 r-xp 00002000 00:204 64698545177               /mnt/primary/conda-envs/semantic_uncertainty_export/lib/python3.11/site-packages/scipy/integrate/_quadpack.cpython-311-x86_64-linux-gnu.so
7fe74a0c5000-7fe74a0c8000 r--p 00015000 00:204 64698545177               /mnt/primary/conda-envs/semantic_uncertainty_export/lib/python3.11/site-packages/scipy/integrate/_quadpack.cpython-311-x86_64-linux-gnu.so
7fe74a0c8000-7fe74a0c9000 r--p 00017000 00:204 64698545177               /mnt/primary/conda-envs/semantic_uncertainty_export/lib/python3.11/site-packages/scipy/integrate/_quadpack.cpython-311-x86_64-linux-gnu.so
7fe74a0c9000-7fe74a0ca000 rw-p 00018000 00:204 64698545177               /mnt/primary/conda-envs/semantic_uncertainty_export/lib/python3.11/site-packages/scipy/integrate/_quadpack.cpython-311-x86_64-linux-gnu.so
7fe74a0ca000-7fe74a0cc000 rw-p 0001b000 00:204 64698545177               /mnt/primary/conda-envs/semantic_uncertainty_export/lib/python3.11/site-packages/scipy/integrate/_quadpack.cpython-311-x86_64-linux-gnu.so
7fe74a0cc000-7fe74a0d3000 r--p 00000000 00:204 98787428881               /mnt/primary/conda-envs/semantic_uncertainty_export/lib/python3.11/site-packages/scipy/optimize/_bglu_dense.cpython-311-x86_64-linux-gnu.so
7fe74a0d3000-7fe74a105000 r-xp 00007000 00:204 98787428881               /mnt/primary/conda-envs/semantic_uncertainty_export/lib/python3.11/site-packages/scipy/optimize/_bglu_dense.cpython-311-x86_64-linux-gnu.so
7fe74a105000-7fe74a10e000 r--p 00039000 00:204 98787428881               /mnt/primary/conda-envs/semantic_uncertainty_export/lib/python3.11/site-packages/scipy/optimize/_bglu_dense.cpython-311-x86_64-linux-gnu.so
7fe74a10e000-7fe74a10f000 r--p 00041000 00:204 98787428881               /mnt/primary/conda-envs/semantic_uncertainty_export/lib/python3.11/site-packages/scipy/optimize/_bglu_dense.cpython-311-x86_64-linux-gnu.so
7fe74a10f000-7fe74a114000 rw-p 00042000 00:204 98787428881               /mnt/primary/conda-envs/semantic_uncertainty_export/lib/python3.11/site-packages/scipy/optimize/_bglu_dense.cpython-311-x86_64-linux-gnu.so
7fe74a114000-7fe74a11a000 r--p 00000000 00:204 19514561043               /mnt/primary/conda-envs/semantic_uncertainty_export/lib/python3.11/site-packages/scipy/linalg/_interpolative.cpython-311-x86_64-linux-gnu.so
7fe74a11a000-7fe74a15d000 r-xp 00006000 00:204 19514561043               /mnt/primary/conda-envs/semantic_uncertainty_export/lib/python3.11/site-packages/scipy/linalg/_interpolative.cpython-311-x86_64-linux-gnu.so
7fe74a15d000-7fe74a16f000 r--p 00049000 00:204 19514561043               /mnt/primary/conda-envs/semantic_uncertainty_export/lib/python3.11/site-packages/scipy/linalg/_interpolative.cpython-311-x86_64-linux-gnu.so
7fe74a16f000-7fe74a170000 r--p 0005a000 00:204 19514561043               /mnt/primary/conda-envs/semantic_uncertainty_export/lib/python3.11/site-packages/scipy/linalg/_interpolative.cpython-311-x86_64-linux-gnu.so
7fe74a170000-7fe74a180000 rw-p 0005b000 00:204 19514561043               /mnt/primary/conda-envs/semantic_uncertainty_export/lib/python3.11/site-packages/scipy/linalg/_interpolative.cpython-311-x86_64-linux-gnu.so
7fe74a180000-7fe74a183000 rw-p 00072000 00:204 19514561043               /mnt/primary/conda-envs/semantic_uncertainty_export/lib/python3.11/site-packages/scipy/linalg/_interpolative.cpython-311-x86_64-linux-gnu.so
7fe74a183000-7fe74a27d000 r--p 00000000 00:204 64698545190               /mnt/primary/conda-envs/semantic_uncertainty_export/lib/python3.11/site-packages/scipy.libs/libopenblasp-r0-23e5df77.3.21.dev.so
7fe74a27d000-7fe74a285000 r-xp 000fa000 00:204 64698545190               /mnt/primary/conda-envs/semantic_uncertainty_export/lib/python3.11/site-packages/scipy.libs/libopenblasp-r0-23e5df77.3.21.dev.so
7fe74a285000-7fe74a28b000 ---p 00102000 00:204 64698545190               /mnt/primary/conda-envs/semantic_uncertainty_export/lib/python3.11/site-packages/scipy.libs/libopenblasp-r0-23e5df77.3.21.dev.so
7fe74a28b000-7fe74bd43000 r-xp 00108000 00:204 64698545190               /mnt/primary/conda-envs/semantic_uncertainty_export/lib/python3.11/site-packages/scipy.libs/libopenblasp-r0-23e5df77.3.21.dev.so
7fe74bd43000-7fe74bf3d000 r--p 01bc0000 00:204 64698545190               /mnt/primary/conda-envs/semantic_uncertainty_export/lib/python3.11/site-packages/scipy.libs/libopenblasp-r0-23e5df77.3.21.dev.so
7fe74bf3d000-7fe74bf3e000 ---p 01dba000 00:204 64698545190               /mnt/primary/conda-envs/semantic_uncertainty_export/lib/python3.11/site-packages/scipy.libs/libopenblasp-r0-23e5df77.3.21.dev.so
7fe74bf3e000-7fe74bf44000 r--p 01dba000 00:204 64698545190               /mnt/primary/conda-envs/semantic_uncertainty_export/lib/python3.11/site-packages/scipy.libs/libopenblasp-r0-23e5df77.3.21.dev.so
7fe74bf44000-7fe74bf58000 rw-p 01dc0000 00:204 64698545190               /mnt/primary/conda-envs/semantic_uncertainty_export/lib/python3.11/site-packages/scipy.libs/libopenblasp-r0-23e5df77.3.21.dev.so
7fe74bf58000-7fe74bf65000 rw-p 00000000 00:00 0 
7fe74bf65000-7fe74c000000 rw-p 01ed4000 00:204 64698545190               /mnt/primary/conda-envs/semantic_uncertainty_export/lib/python3.11/site-packages/scipy.libs/libopenblasp-r0-23e5df77.3.21.dev.so
7fe74c000000-7fe74c029000 rw-p 00000000 00:00 0 
7fe74c029000-7fe750000000 ---p 00000000 00:00 0 
7fe750001000-7fe750003000 r--p 00000000 00:204 64698545178               /mnt/primary/conda-envs/semantic_uncertainty_export/lib/python3.11/site-packages/scipy/integrate/_odepack.cpython-311-x86_64-linux-gnu.so
7fe750003000-7fe75000e000 r-xp 00002000 00:204 64698545178               /mnt/primary/conda-envs/semantic_uncertainty_export/lib/python3.11/site-packages/scipy/integrate/_odepack.cpython-311-x86_64-linux-gnu.so
7fe75000e000-7fe750011000 r--p 0000d000 00:204 64698545178               /mnt/primary/conda-envs/semantic_uncertainty_export/lib/python3.11/site-packages/scipy/integrate/_odepack.cpython-311-x86_64-linux-gnu.so
7fe750011000-7fe750012000 r--p 0000f000 00:204 64698545178               /mnt/primary/conda-envs/semantic_uncertainty_export/lib/python3.11/site-packages/scipy/integrate/_odepack.cpython-311-x86_64-linux-gnu.so
7fe750012000-7fe750013000 rw-p 00010000 00:204 64698545178               /mnt/primary/conda-envs/semantic_uncertainty_export/lib/python3.11/site-packages/scipy/integrate/_odepack.cpython-311-x86_64-linux-gnu.so
7fe750013000-7fe750015000 rw-p 00013000 00:204 64698545178               /mnt/primary/conda-envs/semantic_uncertainty_export/lib/python3.11/site-packages/scipy/integrate/_odepack.cpython-311-x86_64-linux-gnu.so
7fe750015000-7fe75001a000 r--p 00000000 00:204 100942359064              /mnt/primary/conda-envs/semantic_uncertainty_export/lib/python3.11/site-packages/scipy/optimize/_lsq/givens_elimination.cpython-311-x86_64-linux-gnu.so
7fe75001a000-7fe750037000 r-xp 00005000 00:204 100942359064              /mnt/primary/conda-envs/semantic_uncertainty_export/lib/python3.11/site-packages/scipy/optimize/_lsq/givens_elimination.cpython-311-x86_64-linux-gnu.so
7fe750037000-7fe75003d000 r--p 00022000 00:204 100942359064              /mnt/primary/conda-envs/semantic_uncertainty_export/lib/python3.11/site-packages/scipy/optimize/_lsq/givens_elimination.cpython-311-x86_64-linux-gnu.so
7fe75003d000-7fe75003e000 r--p 00027000 00:204 100942359064              /mnt/primary/conda-envs/semantic_uncertainty_export/lib/python3.11/site-packages/scipy/optimize/_lsq/givens_elimination.cpython-311-x86_64-linux-gnu.so
7fe75003e000-7fe750041000 rw-p 00028000 00:204 100942359064              /mnt/primary/conda-envs/semantic_uncertainty_export/lib/python3.11/site-packages/scipy/optimize/_lsq/givens_elimination.cpython-311-x86_64-linux-gnu.so
7fe750041000-7fe750043000 r--p 00000000 00:204 98787428893               /mnt/primary/conda-envs/semantic_uncertainty_export/lib/python3.11/site-packages/scipy/optimize/_minpack.cpython-311-x86_64-linux-gnu.so
7fe750043000-7fe750050000 r-xp 00002000 00:204 98787428893               /mnt/primary/conda-envs/semantic_uncertainty_export/lib/python3.11/site-packages/scipy/optimize/_minpack.cpython-311-x86_64-linux-gnu.so
7fe750050000-7fe750052000 r--p 0000f000 00:204 98787428893               /mnt/primary/conda-envs/semantic_uncertainty_export/lib/python3.11/site-packages/scipy/optimize/_minpack.cpython-311-x86_64-linux-gnu.so
7fe750052000-7fe750053000 r--p 00010000 00:204 98787428893               /mnt/primary/conda-envs/semantic_uncertainty_export/lib/python3.11/site-packages/scipy/optimize/_minpack.cpython-311-x86_64-linux-gnu.so
7fe750053000-7fe750054000 rw-p 00011000 00:204 98787428893               /mnt/primary/conda-envs/semantic_uncertainty_export/lib/python3.11/site-packages/scipy/optimize/_minpack.cpython-311-x86_64-linux-gnu.so
7fe750054000-7fe750056000 r--p 00000000 00:204 98787428883               /mnt/primary/conda-envs/semantic_uncertainty_export/lib/python3.11/site-packages/scipy/optimize/_slsqp.cpython-311-x86_64-linux-gnu.so
7fe750056000-7fe750062000 r-xp 00002000 00:204 98787428883               /mnt/primary/conda-envs/semantic_uncertainty_export/lib/python3.11/site-packages/scipy/optimize/_slsqp.cpython-311-x86_64-linux-gnu.so
7fe750062000-7fe750065000 r--p 0000e000 00:204 98787428883               /mnt/primary/conda-envs/semantic_uncertainty_export/lib/python3.11/site-packages/scipy/optimize/_slsqp.cpython-311-x86_64-linux-gnu.so
7fe750065000-7fe750066000 r--p 00010000 00:204 98787428883               /mnt/primary/conda-envs/semantic_uncertainty_export/lib/python3.11/site-packages/scipy/optimize/_slsqp.cpython-311-x86_64-linux-gnu.so
7fe750066000-7fe750067000 rw-p 00011000 00:204 98787428883               /mnt/primary/conda-envs/semantic_uncertainty_export/lib/python3.11/site-packages/scipy/optimize/_slsqp.cpython-311-x86_64-linux-gnu.so
7fe750067000-7fe750069000 r--p 00000000 00:204 98787977275               /mnt/primary/conda-envs/semantic_uncertainty_export/lib/python3.11/site-packages/scipy/optimize/_cobyla.cpython-311-x86_64-linux-gnu.so
7fe750069000-7fe750076000 r-xp 00002000 00:204 98787977275               /mnt/primary/conda-envs/semantic_uncertainty_export/lib/python3.11/site-packages/scipy/optimize/_cobyla.cpython-311-x86_64-linux-gnu.so
7fe750076000-7fe750079000 r--p 0000f000 00:204 98787977275               /mnt/primary/conda-envs/semantic_uncertainty_export/lib/python3.11/site-packages/scipy/optimize/_cobyla.cpython-311-x86_64-linux-gnu.so
7fe750079000-7fe75007a000 r--p 00011000 00:204 98787977275               /mnt/primary/conda-envs/semantic_uncertainty_export/lib/python3.11/site-packages/scipy/optimize/_cobyla.cpython-311-x86_64-linux-gnu.so
7fe75007a000-7fe75007b000 rw-p 00012000 00:204 98787977275               /mnt/primary/conda-envs/semantic_uncertainty_export/lib/python3.11/site-packages/scipy/optimize/_cobyla.cpython-311-x86_64-linux-gnu.so
7fe75007b000-7fe75007d000 rw-p 00016000 00:204 98787977275               /mnt/primary/conda-envs/semantic_uncertainty_export/lib/python3.11/site-packages/scipy/optimize/_cobyla.cpython-311-x86_64-linux-gnu.so
7fe75007d000-7fe750081000 r--p 00000000 00:204 98787351563               /mnt/primary/conda-envs/semantic_uncertainty_export/lib/python3.11/site-packages/scipy/optimize/_moduleTNC.cpython-311-x86_64-linux-gnu.so
7fe750081000-7fe750097000 r-xp 00004000 00:204 98787351563               /mnt/primary/conda-envs/semantic_uncertainty_export/lib/python3.11/site-packages/scipy/optimize/_moduleTNC.cpython-311-x86_64-linux-gnu.so
7fe750097000-7fe75009a000 r--p 0001a000 00:204 98787351563               /mnt/primary/conda-envs/semantic_uncertainty_export/lib/python3.11/site-packages/scipy/optimize/_moduleTNC.cpython-311-x86_64-linux-gnu.so
7fe75009a000-7fe75009b000 r--p 0001c000 00:204 98787351563               /mnt/primary/conda-envs/semantic_uncertainty_export/lib/python3.11/site-packages/scipy/optimize/_moduleTNC.cpython-311-x86_64-linux-gnu.so
7fe75009b000-7fe75009d000 rw-p 0001d000 00:204 98787351563               /mnt/primary/conda-envs/semantic_uncertainty_export/lib/python3.11/site-packages/scipy/optimize/_moduleTNC.cpython-311-x86_64-linux-gnu.so
7fe75009d000-7fe75019d000 rw-p 00000000 00:00 0 
7fe75019d000-7fe7501a4000 r--p 00000000 00:204 116031844998              /mnt/primary/conda-envs/semantic_uncertainty_export/lib/python3.11/site-packages/scipy/optimize/_trlib/_trlib.cpython-311-x86_64-linux-gnu.so
7fe7501a4000-7fe7501dc000 r-xp 00007000 00:204 116031844998              /mnt/primary/conda-envs/semantic_uncertainty_export/lib/python3.11/site-packages/scipy/optimize/_trlib/_trlib.cpython-311-x86_64-linux-gnu.so
7fe7501dc000-7fe7501e5000 r--p 0003f000 00:204 116031844998              /mnt/primary/conda-envs/semantic_uncertainty_export/lib/python3.11/site-packages/scipy/optimize/_trlib/_trlib.cpython-311-x86_64-linux-gnu.so
7fe7501e5000-7fe7501e6000 r--p 00047000 00:204 116031844998              /mnt/primary/conda-envs/semantic_uncertainty_export/lib/python3.11/site-packages/scipy/optimize/_trlib/_trlib.cpython-311-x86_64-linux-gnu.so
7fe7501e6000-7fe7501ea000 rw-p 00048000 00:204 116031844998              /mnt/primary/conda-envs/semantic_uncertainty_export/lib/python3.11/site-packages/scipy/optimize/_trlib/_trlib.cpython-311-x86_64-linux-gnu.so
7fe7501ea000-7fe7501eb000 rw-p 00000000 00:00 0 
7fe7501eb000-7fe7501ee000 rw-p 00057000 00:204 116031844998              /mnt/primary/conda-envs/semantic_uncertainty_export/lib/python3.11/site-packages/scipy/optimize/_trlib/_trlib.cpython-311-x86_64-linux-gnu.so
7fe7501ee000-7fe7501f5000 r--p 00000000 00:204 26467592191               /mnt/primary/conda-envs/semantic_uncertainty_export/lib/python3.11/site-packages/scipy/ndimage/_ni_label.cpython-311-x86_64-linux-gnu.so
7fe7501f5000-7fe75022f000 r-xp 00007000 00:204 26467592191               /mnt/primary/conda-envs/semantic_uncertainty_export/lib/python3.11/site-packages/scipy/ndimage/_ni_label.cpython-311-x86_64-linux-gnu.so
7fe75022f000-7fe750238000 r--p 00041000 00:204 26467592191               /mnt/primary/conda-envs/semantic_uncertainty_export/lib/python3.11/site-packages/scipy/ndimage/_ni_label.cpython-311-x86_64-linux-gnu.so
7fe750238000-7fe750239000 r--p 00049000 00:204 26467592191               /mnt/primary/conda-envs/semantic_uncertainty_export/lib/python3.11/site-packages/scipy/ndimage/_ni_label.cpython-311-x86_64-linux-gnu.so
7fe750239000-7fe75023d000 rw-p 0004a000 00:204 26467592191               /mnt/primary/conda-envs/semantic_uncertainty_export/lib/python3.11/site-packages/scipy/ndimage/_ni_label.cpython-311-x86_64-linux-gnu.so
7fe75023d000-7fe75033e000 rw-p 00000000 00:00 0 
7fe75033e000-7fe750348000 r--p 00000000 00:204 45447825451               /mnt/primary/conda-envs/semantic_uncertainty_export/lib/python3.11/site-packages/scipy/spatial/transform/_rotation.cpython-311-x86_64-linux-gnu.so
7fe750348000-7fe7503b5000 r-xp 0000a000 00:204 45447825451               /mnt/primary/conda-envs/semantic_uncertainty_export/lib/python3.11/site-packages/scipy/spatial/transform/_rotation.cpython-311-x86_64-linux-gnu.so
7fe7503b5000-7fe7503ce000 r--p 00077000 00:204 45447825451               /mnt/primary/conda-envs/semantic_uncertainty_export/lib/python3.11/site-packages/scipy/spatial/transform/_rotation.cpython-311-x86_64-linux-gnu.so
7fe7503ce000-7fe7503cf000 r--p 0008f000 00:204 45447825451               /mnt/primary/conda-envs/semantic_uncertainty_export/lib/python3.11/site-packages/scipy/spatial/transform/_rotation.cpython-311-x86_64-linux-gnu.so
7fe7503cf000-7fe7503e1000 rw-p 00090000 00:204 45447825451               /mnt/primary/conda-envs/semantic_uncertainty_export/lib/python3.11/site-packages/scipy/spatial/transform/_rotation.cpython-311-x86_64-linux-gnu.so
7fe7503e1000-7fe7503e3000 rw-p 00000000 00:00 0 
7fe7503e3000-7fe7503e9000 r--p 00000000 00:204 40842680353               /mnt/primary/conda-envs/semantic_uncertainty_export/lib/python3.11/site-packages/scipy/spatial/_distance_pybind.cpython-311-x86_64-linux-gnu.so
7fe7503e9000-7fe75044e000 r-xp 00006000 00:204 40842680353               /mnt/primary/conda-envs/semantic_uncertainty_export/lib/python3.11/site-packages/scipy/spatial/_distance_pybind.cpython-311-x86_64-linux-gnu.so
7fe75044e000-7fe75045e000 r--p 0006b000 00:204 40842680353               /mnt/primary/conda-envs/semantic_uncertainty_export/lib/python3.11/site-packages/scipy/spatial/_distance_pybind.cpython-311-x86_64-linux-gnu.so
7fe75045e000-7fe75045f000 ---p 0007b000 00:204 40842680353               /mnt/primary/conda-envs/semantic_uncertainty_export/lib/python3.11/site-packages/scipy/spatial/_distance_pybind.cpython-311-x86_64-linux-gnu.so
7fe75045f000-7fe750460000 r--p 0007b000 00:204 40842680353               /mnt/primary/conda-envs/semantic_uncertainty_export/lib/python3.11/site-packages/scipy/spatial/_distance_pybind.cpython-311-x86_64-linux-gnu.so
7fe750460000-7fe750461000 rw-p 0007c000 00:204 40842680353               /mnt/primary/conda-envs/semantic_uncertainty_export/lib/python3.11/site-packages/scipy/spatial/_distance_pybind.cpython-311-x86_64-linux-gnu.so
7fe750461000-7fe75046d000 r--p 00000000 00:204 49458313787               /mnt/primary/conda-envs/semantic_uncertainty_export/lib/python3.11/site-packages/scipy/special/_ufuncs.cpython-311-x86_64-linux-gnu.so
7fe75046d000-7fe750573000 r-xp 0000c000 00:204 49458313787               /mnt/primary/conda-envs/semantic_uncertainty_export/lib/python3.11/site-packages/scipy/special/_ufuncs.cpython-311-x86_64-linux-gnu.so
7fe750573000-7fe7505e7000 r--p 00112000 00:204 49458313787               /mnt/primary/conda-envs/semantic_uncertainty_export/lib/python3.11/site-packages/scipy/special/_ufuncs.cpython-311-x86_64-linux-gnu.so
7fe7505e7000-7fe7505e8000 ---p 00186000 00:204 49458313787               /mnt/primary/conda-envs/semantic_uncertainty_export/lib/python3.11/site-packages/scipy/special/_ufuncs.cpython-311-x86_64-linux-gnu.so
7fe7505e8000-7fe7505e9000 r--p 00186000 00:204 49458313787               /mnt/primary/conda-envs/semantic_uncertainty_export/lib/python3.11/site-packages/scipy/special/_ufuncs.cpython-311-x86_64-linux-gnu.so
7fe7505e9000-7fe7505f3000 rw-p 00187000 00:204 49458313787               /mnt/primary/conda-envs/semantic_uncertainty_export/lib/python3.11/site-packages/scipy/special/_ufuncs.cpython-311-x86_64-linux-gnu.so
7fe7505f3000-7fe7505fc000 rw-p 00000000 00:00 0 
7fe7505fc000-7fe750600000 rw-p 001f4000 00:204 49458313787               /mnt/primary/conda-envs/semantic_uncertainty_export/lib/python3.11/site-packages/scipy/special/_ufuncs.cpython-311-x86_64-linux-gnu.so
7fe750600000-7fe750601000 ---p 00000000 00:00 0 
7fe750601000-7fe750e01000 rw-p 00000000 00:00 0 
7fe750e05000-7fe750e06000 r--p 00000000 00:204 98787977270               /mnt/primary/conda-envs/semantic_uncertainty_export/lib/python3.11/site-packages/scipy/optimize/_direct.cpython-311-x86_64-linux-gnu.so
7fe750e06000-7fe750e0c000 r-xp 00001000 00:204 98787977270               /mnt/primary/conda-envs/semantic_uncertainty_export/lib/python3.11/site-packages/scipy/optimize/_direct.cpython-311-x86_64-linux-gnu.so
7fe750e0c000-7fe750e0e000 r--p 00007000 00:204 98787977270               /mnt/primary/conda-envs/semantic_uncertainty_export/lib/python3.11/site-packages/scipy/optimize/_direct.cpython-311-x86_64-linux-gnu.so
7fe750e0e000-7fe750e0f000 r--p 00008000 00:204 98787977270               /mnt/primary/conda-envs/semantic_uncertainty_export/lib/python3.11/site-packages/scipy/optimize/_direct.cpython-311-x86_64-linux-gnu.so
7fe750e0f000-7fe750e10000 rw-p 00009000 00:204 98787977270               /mnt/primary/conda-envs/semantic_uncertainty_export/lib/python3.11/site-packages/scipy/optimize/_direct.cpython-311-x86_64-linux-gnu.so
7fe750e10000-7fe750e13000 r--p 00000000 00:204 49458313779               /mnt/primary/conda-envs/semantic_uncertainty_export/lib/python3.11/site-packages/scipy/special/_specfun.cpython-311-x86_64-linux-gnu.so
7fe750e13000-7fe750e7a000 r-xp 00003000 00:204 49458313779               /mnt/primary/conda-envs/semantic_uncertainty_export/lib/python3.11/site-packages/scipy/special/_specfun.cpython-311-x86_64-linux-gnu.so
7fe750e7a000-7fe750e85000 r--p 0006a000 00:204 49458313779               /mnt/primary/conda-envs/semantic_uncertainty_export/lib/python3.11/site-packages/scipy/special/_specfun.cpython-311-x86_64-linux-gnu.so
7fe750e85000-7fe750e86000 r--p 00074000 00:204 49458313779               /mnt/primary/conda-envs/semantic_uncertainty_export/lib/python3.11/site-packages/scipy/special/_specfun.cpython-311-x86_64-linux-gnu.so
7fe750e86000-7fe750e8b000 rw-p 00075000 00:204 49458313779               /mnt/primary/conda-envs/semantic_uncertainty_export/lib/python3.11/site-packages/scipy/special/_specfun.cpython-311-x86_64-linux-gnu.so
7fe750e8b000-7fe750e8d000 rw-p 0007e000 00:204 49458313779               /mnt/primary/conda-envs/semantic_uncertainty_export/lib/python3.11/site-packages/scipy/special/_specfun.cpython-311-x86_64-linux-gnu.so
7fe750e8d000-7fe750e91000 r--p 00000000 00:204 49458313772               /mnt/primary/conda-envs/semantic_uncertainty_export/lib/python3.11/site-packages/scipy/special/_ufuncs_cxx.cpython-311-x86_64-linux-gnu.so
7fe750e91000-7fe750eeb000 r-xp 00004000 00:204 49458313772               /mnt/primary/conda-envs/semantic_uncertainty_export/lib/python3.11/site-packages/scipy/special/_ufuncs_cxx.cpython-311-x86_64-linux-gnu.so
7fe750eeb000-7fe750efd000 r--p 0005e000 00:204 49458313772               /mnt/primary/conda-envs/semantic_uncertainty_export/lib/python3.11/site-packages/scipy/special/_ufuncs_cxx.cpython-311-x86_64-linux-gnu.so
7fe750efd000-7fe750efe000 r--p 0006f000 00:204 49458313772               /mnt/primary/conda-envs/semantic_uncertainty_export/lib/python3.11/site-packages/scipy/special/_ufuncs_cxx.cpython-311-x86_64-linux-gnu.so
7fe750efe000-7fe750eff000 rw-p 00070000 00:204 49458313772               /mnt/primary/conda-envs/semantic_uncertainty_export/lib/python3.11/site-packages/scipy/special/_ufuncs_cxx.cpython-311-x86_64-linux-gnu.so
7fe750eff000-7fe751000000 rw-p 00000000 00:00 0 
7fe751000000-7fe75103b000 r-xp 00000000 00:204 64698545192               /mnt/primary/conda-envs/semantic_uncertainty_export/lib/python3.11/site-packages/scipy.libs/libquadmath-96973f99.so.0.0.0
7fe75103b000-7fe75123a000 ---p 0003b000 00:204 64698545192               /mnt/primary/conda-envs/semantic_uncertainty_export/lib/python3.11/site-packages/scipy.libs/libquadmath-96973f99.so.0.0.0
7fe75123a000-7fe75123b000 r--p 0003a000 00:204 64698545192               /mnt/primary/conda-envs/semantic_uncertainty_export/lib/python3.11/site-packages/scipy.libs/libquadmath-96973f99.so.0.0.0
7fe75123b000-7fe75123d000 rw-p 0003b000 00:204 64698545192               /mnt/primary/conda-envs/semantic_uncertainty_export/lib/python3.11/site-packages/scipy.libs/libquadmath-96973f99.so.0.0.0
7fe751241000-7fe751243000 r--p 00000000 00:204 98787428911               /mnt/primary/conda-envs/semantic_uncertainty_export/lib/python3.11/site-packages/scipy/optimize/_lbfgsb.cpython-311-x86_64-linux-gnu.so
7fe751243000-7fe751253000 r-xp 00002000 00:204 98787428911               /mnt/primary/conda-envs/semantic_uncertainty_export/lib/python3.11/site-packages/scipy/optimize/_lbfgsb.cpython-311-x86_64-linux-gnu.so
7fe751253000-7fe751257000 r--p 00012000 00:204 98787428911               /mnt/primary/conda-envs/semantic_uncertainty_export/lib/python3.11/site-packages/scipy/optimize/_lbfgsb.cpython-311-x86_64-linux-gnu.so
7fe751257000-7fe751258000 r--p 00015000 00:204 98787428911               /mnt/primary/conda-envs/semantic_uncertainty_export/lib/python3.11/site-packages/scipy/optimize/_lbfgsb.cpython-311-x86_64-linux-gnu.so
7fe751258000-7fe751259000 rw-p 00016000 00:204 98787428911               /mnt/primary/conda-envs/semantic_uncertainty_export/lib/python3.11/site-packages/scipy/optimize/_lbfgsb.cpython-311-x86_64-linux-gnu.so
7fe751259000-7fe75125b000 rw-p 0001a000 00:204 98787428911               /mnt/primary/conda-envs/semantic_uncertainty_export/lib/python3.11/site-packages/scipy/optimize/_lbfgsb.cpython-311-x86_64-linux-gnu.so
7fe75125b000-7fe75125e000 r--p 00000000 00:204 98787977279               /mnt/primary/conda-envs/semantic_uncertainty_export/lib/python3.11/site-packages/scipy/optimize/_group_columns.cpython-311-x86_64-linux-gnu.so
7fe75125e000-7fe75126a000 r-xp 00003000 00:204 98787977279               /mnt/primary/conda-envs/semantic_uncertainty_export/lib/python3.11/site-packages/scipy/optimize/_group_columns.cpython-311-x86_64-linux-gnu.so
7fe75126a000-7fe75126d000 r--p 0000f000 00:204 98787977279               /mnt/primary/conda-envs/semantic_uncertainty_export/lib/python3.11/site-packages/scipy/optimize/_group_columns.cpython-311-x86_64-linux-gnu.so
7fe75126d000-7fe75126e000 r--p 00011000 00:204 98787977279               /mnt/primary/conda-envs/semantic_uncertainty_export/lib/python3.11/site-packages/scipy/optimize/_group_columns.cpython-311-x86_64-linux-gnu.so
7fe75126e000-7fe75126f000 rw-p 00012000 00:204 98787977279               /mnt/primary/conda-envs/semantic_uncertainty_export/lib/python3.11/site-packages/scipy/optimize/_group_columns.cpython-311-x86_64-linux-gnu.so
7fe75126f000-7fe751275000 r--p 00000000 00:204 40842680345               /mnt/primary/conda-envs/semantic_uncertainty_export/lib/python3.11/site-packages/scipy/spatial/_hausdorff.cpython-311-x86_64-linux-gnu.so
7fe751275000-7fe751295000 r-xp 00006000 00:204 40842680345               /mnt/primary/conda-envs/semantic_uncertainty_export/lib/python3.11/site-packages/scipy/spatial/_hausdorff.cpython-311-x86_64-linux-gnu.so
7fe751295000-7fe75129b000 r--p 00026000 00:204 40842680345               /mnt/primary/conda-envs/semantic_uncertainty_export/lib/python3.11/site-packages/scipy/spatial/_hausdorff.cpython-311-x86_64-linux-gnu.so
7fe75129b000-7fe75129c000 r--p 0002b000 00:204 40842680345               /mnt/primary/conda-envs/semantic_uncertainty_export/lib/python3.11/site-packages/scipy/spatial/_hausdorff.cpython-311-x86_64-linux-gnu.so
7fe75129c000-7fe75129f000 rw-p 0002c000 00:204 40842680345               /mnt/primary/conda-envs/semantic_uncertainty_export/lib/python3.11/site-packages/scipy/spatial/_hausdorff.cpython-311-x86_64-linux-gnu.so
7fe75129f000-7fe7512a4000 r--p 00000000 00:204 40842680341               /mnt/primary/conda-envs/semantic_uncertainty_export/lib/python3.11/site-packages/scipy/spatial/_voronoi.cpython-311-x86_64-linux-gnu.so
7fe7512a4000-7fe7512c3000 r-xp 00005000 00:204 40842680341               /mnt/primary/conda-envs/semantic_uncertainty_export/lib/python3.11/site-packages/scipy/spatial/_voronoi.cpython-311-x86_64-linux-gnu.so
7fe7512c3000-7fe7512c9000 r--p 00024000 00:204 40842680341               /mnt/primary/conda-envs/semantic_uncertainty_export/lib/python3.11/site-packages/scipy/spatial/_voronoi.cpython-311-x86_64-linux-gnu.so
7fe7512c9000-7fe7512ca000 r--p 00029000 00:204 40842680341               /mnt/primary/conda-envs/semantic_uncertainty_export/lib/python3.11/site-packages/scipy/spatial/_voronoi.cpython-311-x86_64-linux-gnu.so
7fe7512ca000-7fe7512cd000 rw-p 0002a000 00:204 40842680341               /mnt/primary/conda-envs/semantic_uncertainty_export/lib/python3.11/site-packages/scipy/spatial/_voronoi.cpython-311-x86_64-linux-gnu.so
7fe7512cd000-7fe7512d8000 r--p 00000000 00:204 40842680355               /mnt/primary/conda-envs/semantic_uncertainty_export/lib/python3.11/site-packages/scipy/spatial/_qhull.cpython-311-x86_64-linux-gnu.so
7fe7512d8000-7fe75138d000 r-xp 0000b000 00:204 40842680355               /mnt/primary/conda-envs/semantic_uncertainty_export/lib/python3.11/site-packages/scipy/spatial/_qhull.cpython-311-x86_64-linux-gnu.so
7fe75138d000-7fe7513c1000 r--p 000c0000 00:204 40842680355               /mnt/primary/conda-envs/semantic_uncertainty_export/lib/python3.11/site-packages/scipy/spatial/_qhull.cpython-311-x86_64-linux-gnu.so
7fe7513c1000-7fe7513c2000 r--p 000f3000 00:204 40842680355               /mnt/primary/conda-envs/semantic_uncertainty_export/lib/python3.11/site-packages/scipy/spatial/_qhull.cpython-311-x86_64-linux-gnu.so
7fe7513c2000-7fe7513cb000 rw-p 000f4000 00:204 40842680355               /mnt/primary/conda-envs/semantic_uncertainty_export/lib/python3.11/site-packages/scipy/spatial/_qhull.cpython-311-x86_64-linux-gnu.so
7fe7513cb000-7fe7513cc000 rw-p 00000000 00:00 0 
7fe7513cc000-7fe7513d1000 rw-p 00116000 00:204 40842680355               /mnt/primary/conda-envs/semantic_uncertainty_export/lib/python3.11/site-packages/scipy/spatial/_qhull.cpython-311-x86_64-linux-gnu.so
7fe7513d1000-7fe7513d8000 r--p 00000000 00:204 163552721437              /mnt/primary/conda-envs/semantic_uncertainty_export/lib/python3.11/site-packages/scipy/sparse/csgraph/_reordering.cpython-311-x86_64-linux-gnu.so
7fe7513d8000-7fe751405000 r-xp 00007000 00:204 163552721437              /mnt/primary/conda-envs/semantic_uncertainty_export/lib/python3.11/site-packages/scipy/sparse/csgraph/_reordering.cpython-311-x86_64-linux-gnu.so
7fe751405000-7fe75140d000 r--p 00034000 00:204 163552721437              /mnt/primary/conda-envs/semantic_uncertainty_export/lib/python3.11/site-packages/scipy/sparse/csgraph/_reordering.cpython-311-x86_64-linux-gnu.so
7fe75140d000-7fe75140e000 r--p 0003b000 00:204 163552721437              /mnt/primary/conda-envs/semantic_uncertainty_export/lib/python3.11/site-packages/scipy/sparse/csgraph/_reordering.cpython-311-x86_64-linux-gnu.so
7fe75140e000-7fe751413000 rw-p 0003c000 00:204 163552721437              /mnt/primary/conda-envs/semantic_uncertainty_export/lib/python3.11/site-packages/scipy/sparse/csgraph/_reordering.cpython-311-x86_64-linux-gnu.so
7fe751413000-7fe751419000 r--p 00000000 00:204 163552721440              /mnt/primary/conda-envs/semantic_uncertainty_export/lib/python3.11/site-packages/scipy/sparse/csgraph/_matching.cpython-311-x86_64-linux-gnu.so
7fe751419000-7fe751449000 r-xp 00006000 00:204 163552721440              /mnt/primary/conda-envs/semantic_uncertainty_export/lib/python3.11/site-packages/scipy/sparse/csgraph/_matching.cpython-311-x86_64-linux-gnu.so
7fe751449000-7fe751452000 r--p 00036000 00:204 163552721440              /mnt/primary/conda-envs/semantic_uncertainty_export/lib/python3.11/site-packages/scipy/sparse/csgraph/_matching.cpython-311-x86_64-linux-gnu.so
7fe751452000-7fe751453000 ---p 0003f000 00:204 163552721440              /mnt/primary/conda-envs/semantic_uncertainty_export/lib/python3.11/site-packages/scipy/sparse/csgraph/_matching.cpython-311-x86_64-linux-gnu.so
7fe751453000-7fe751454000 r--p 0003f000 00:204 163552721440              /mnt/primary/conda-envs/semantic_uncertainty_export/lib/python3.11/site-packages/scipy/sparse/csgraph/_matching.cpython-311-x86_64-linux-gnu.so
7fe751454000-7fe75145a000 rw-p 00040000 00:204 163552721440              /mnt/primary/conda-envs/semantic_uncertainty_export/lib/python3.11/site-packages/scipy/sparse/csgraph/_matching.cpython-311-x86_64-linux-gnu.so
7fe75145a000-7fe75145b000 rw-p 00000000 00:00 0 
7fe75145b000-7fe751462000 r--p 00000000 00:204 163552721436              /mnt/primary/conda-envs/semantic_uncertainty_export/lib/python3.11/site-packages/scipy/sparse/csgraph/_flow.cpython-311-x86_64-linux-gnu.so
7fe751462000-7fe751491000 r-xp 00007000 00:204 163552721436              /mnt/primary/conda-envs/semantic_uncertainty_export/lib/python3.11/site-packages/scipy/sparse/csgraph/_flow.cpython-311-x86_64-linux-gnu.so
7fe751491000-7fe75149a000 r--p 00036000 00:204 163552721436              /mnt/primary/conda-envs/semantic_uncertainty_export/lib/python3.11/site-packages/scipy/sparse/csgraph/_flow.cpython-311-x86_64-linux-gnu.so
7fe75149a000-7fe75149b000 ---p 0003f000 00:204 163552721436              /mnt/primary/conda-envs/semantic_uncertainty_export/lib/python3.11/site-packages/scipy/sparse/csgraph/_flow.cpython-311-x86_64-linux-gnu.so
7fe75149b000-7fe75149c000 r--p 0003f000 00:204 163552721436              /mnt/primary/conda-envs/semantic_uncertainty_export/lib/python3.11/site-packages/scipy/sparse/csgraph/_flow.cpython-311-x86_64-linux-gnu.so
7fe75149c000-7fe7514a2000 rw-p 00040000 00:204 163552721436              /mnt/primary/conda-envs/semantic_uncertainty_export/lib/python3.11/site-packages/scipy/sparse/csgraph/_flow.cpython-311-x86_64-linux-gnu.so
7fe7514a2000-7fe7514a3000 rw-p 00000000 00:00 0 
7fe7514a3000-7fe7514ab000 r--p 00000000 00:204 163552721434              /mnt/primary/conda-envs/semantic_uncertainty_export/lib/python3.11/site-packages/scipy/sparse/csgraph/_traversal.cpython-311-x86_64-linux-gnu.so
7fe7514ab000-7fe75150e000 r-xp 00008000 00:204 163552721434              /mnt/primary/conda-envs/semantic_uncertainty_export/lib/python3.11/site-packages/scipy/sparse/csgraph/_traversal.cpython-311-x86_64-linux-gnu.so
7fe75150e000-7fe75151b000 r--p 0006b000 00:204 163552721434              /mnt/primary/conda-envs/semantic_uncertainty_export/lib/python3.11/site-packages/scipy/sparse/csgraph/_traversal.cpython-311-x86_64-linux-gnu.so
7fe75151b000-7fe75151c000 r--p 00077000 00:204 163552721434              /mnt/primary/conda-envs/semantic_uncertainty_export/lib/python3.11/site-packages/scipy/sparse/csgraph/_traversal.cpython-311-x86_64-linux-gnu.so
7fe75151c000-7fe751523000 rw-p 00078000 00:204 163552721434              /mnt/primary/conda-envs/semantic_uncertainty_export/lib/python3.11/site-packages/scipy/sparse/csgraph/_traversal.cpython-311-x86_64-linux-gnu.so
7fe751523000-7fe751524000 rw-p 00000000 00:00 0 
7fe751524000-7fe75152b000 r--p 00000000 00:204 163552721435              /mnt/primary/conda-envs/semantic_uncertainty_export/lib/python3.11/site-packages/scipy/sparse/csgraph/_shortest_path.cpython-311-x86_64-linux-gnu.so
7fe75152b000-7fe751576000 r-xp 00007000 00:204 163552721435              /mnt/primary/conda-envs/semantic_uncertainty_export/lib/python3.11/site-packages/scipy/sparse/csgraph/_shortest_path.cpython-311-x86_64-linux-gnu.so
7fe751576000-7fe751583000 r--p 00052000 00:204 163552721435              /mnt/primary/conda-envs/semantic_uncertainty_export/lib/python3.11/site-packages/scipy/sparse/csgraph/_shortest_path.cpython-311-x86_64-linux-gnu.so
7fe751583000-7fe751584000 r--p 0005e000 00:204 163552721435              /mnt/primary/conda-envs/semantic_uncertainty_export/lib/python3.11/site-packages/scipy/sparse/csgraph/_shortest_path.cpython-311-x86_64-linux-gnu.so
7fe751584000-7fe75158d000 rw-p 0005f000 00:204 163552721435              /mnt/primary/conda-envs/semantic_uncertainty_export/lib/python3.11/site-packages/scipy/sparse/csgraph/_shortest_path.cpython-311-x86_64-linux-gnu.so
7fe75158d000-7fe75158e000 rw-p 00000000 00:00 0 
7fe75158e000-7fe751594000 r--p 00000000 00:204 150478618165              /mnt/primary/conda-envs/semantic_uncertainty_export/lib/python3.11/site-packages/scipy/sparse/linalg/_eigen/arpack/_arpack.cpython-311-x86_64-linux-gnu.so
7fe751594000-7fe7515e0000 r-xp 00006000 00:204 150478618165              /mnt/primary/conda-envs/semantic_uncertainty_export/lib/python3.11/site-packages/scipy/sparse/linalg/_eigen/arpack/_arpack.cpython-311-x86_64-linux-gnu.so
7fe7515e0000-7fe7515f0000 r--p 00052000 00:204 150478618165              /mnt/primary/conda-envs/semantic_uncertainty_export/lib/python3.11/site-packages/scipy/sparse/linalg/_eigen/arpack/_arpack.cpython-311-x86_64-linux-gnu.so
7fe7515f0000-7fe7515f1000 r--p 00061000 00:204 150478618165              /mnt/primary/conda-envs/semantic_uncertainty_export/lib/python3.11/site-packages/scipy/sparse/linalg/_eigen/arpack/_arpack.cpython-311-x86_64-linux-gnu.so
7fe7515f1000-7fe7515fc000 rw-p 00062000 00:204 150478618165              /mnt/primary/conda-envs/semantic_uncertainty_export/lib/python3.11/site-packages/scipy/sparse/linalg/_eigen/arpack/_arpack.cpython-311-x86_64-linux-gnu.so
7fe7515fc000-7fe7515fd000 rw-p 00000000 00:00 0 
7fe7515fd000-7fe751600000 rw-p 00075000 00:204 150478618165              /mnt/primary/conda-envs/semantic_uncertainty_export/lib/python3.11/site-packages/scipy/sparse/linalg/_eigen/arpack/_arpack.cpython-311-x86_64-linux-gnu.so
7fe751600000-7fe751876000 r-xp 00000000 00:204 64698545191               /mnt/primary/conda-envs/semantic_uncertainty_export/lib/python3.11/site-packages/scipy.libs/libgfortran-040039e1.so.5.0.0
7fe751876000-7fe751a75000 ---p 00276000 00:204 64698545191               /mnt/primary/conda-envs/semantic_uncertainty_export/lib/python3.11/site-packages/scipy.libs/libgfortran-040039e1.so.5.0.0
7fe751a75000-7fe751a76000 r--p 00275000 00:204 64698545191               /mnt/primary/conda-envs/semantic_uncertainty_export/lib/python3.11/site-packages/scipy.libs/libgfortran-040039e1.so.5.0.0
7fe751a76000-7fe751a78000 rw-p 00276000 00:204 64698545191               /mnt/primary/conda-envs/semantic_uncertainty_export/lib/python3.11/site-packages/scipy.libs/libgfortran-040039e1.so.5.0.0
7fe751a78000-7fe751a8d000 rw-p 0027b000 00:204 64698545191               /mnt/primary/conda-envs/semantic_uncertainty_export/lib/python3.11/site-packages/scipy.libs/libgfortran-040039e1.so.5.0.0
7fe751a8d000-7fe751a90000 r--p 00000000 00:204 137518709806              /mnt/primary/conda-envs/semantic_uncertainty_export/lib/python3.11/site-packages/scipy/sparse/linalg/_dsolve/_superlu.cpython-311-x86_64-linux-gnu.so
7fe751a90000-7fe751ad4000 r-xp 00003000 00:204 137518709806              /mnt/primary/conda-envs/semantic_uncertainty_export/lib/python3.11/site-packages/scipy/sparse/linalg/_dsolve/_superlu.cpython-311-x86_64-linux-gnu.so
7fe751ad4000-7fe751adf000 r--p 00047000 00:204 137518709806              /mnt/primary/conda-envs/semantic_uncertainty_export/lib/python3.11/site-packages/scipy/sparse/linalg/_dsolve/_superlu.cpython-311-x86_64-linux-gnu.so
7fe751adf000-7fe751ae0000 r--p 00051000 00:204 137518709806              /mnt/primary/conda-envs/semantic_uncertainty_export/lib/python3.11/site-packages/scipy/sparse/linalg/_dsolve/_superlu.cpython-311-x86_64-linux-gnu.so
7fe751ae0000-7fe751ae1000 rw-p 00052000 00:204 137518709806              /mnt/primary/conda-envs/semantic_uncertainty_export/lib/python3.11/site-packages/scipy/sparse/linalg/_dsolve/_superlu.cpython-311-x86_64-linux-gnu.so
7fe751ae1000-7fe751ae4000 rw-p 0005a000 00:204 137518709806              /mnt/primary/conda-envs/semantic_uncertainty_export/lib/python3.11/site-packages/scipy/sparse/linalg/_dsolve/_superlu.cpython-311-x86_64-linux-gnu.so
7fe751ae4000-7fe751be4000 rw-p 00000000 00:00 0 
7fe751be4000-7fe751c0a000 r--p 00000000 00:204 19514561027               /mnt/primary/conda-envs/semantic_uncertainty_export/lib/python3.11/site-packages/scipy/linalg/_flapack.cpython-311-x86_64-linux-gnu.so
7fe751c0a000-7fe751d06000 r-xp 00026000 00:204 19514561027               /mnt/primary/conda-envs/semantic_uncertainty_export/lib/python3.11/site-packages/scipy/linalg/_flapack.cpython-311-x86_64-linux-gnu.so
7fe751d06000-7fe751d72000 r--p 00122000 00:204 19514561027               /mnt/primary/conda-envs/semantic_uncertainty_export/lib/python3.11/site-packages/scipy/linalg/_flapack.cpython-311-x86_64-linux-gnu.so
7fe751d72000-7fe751d73000 r--p 0018d000 00:204 19514561027               /mnt/primary/conda-envs/semantic_uncertainty_export/lib/python3.11/site-packages/scipy/linalg/_flapack.cpython-311-x86_64-linux-gnu.so
7fe751d73000-7fe751dfb000 rw-p 0018e000 00:204 19514561027               /mnt/primary/conda-envs/semantic_uncertainty_export/lib/python3.11/site-packages/scipy/linalg/_flapack.cpython-311-x86_64-linux-gnu.so
7fe751dfb000-7fe751e02000 rw-p 0022e000 00:204 19514561027               /mnt/primary/conda-envs/semantic_uncertainty_export/lib/python3.11/site-packages/scipy/linalg/_flapack.cpython-311-x86_64-linux-gnu.so
7fe751e02000-7fe751e05000 r--p 00000000 00:204 133230555182              /mnt/primary/conda-envs/semantic_uncertainty_export/lib/python3.11/site-packages/scipy/sparse/_sparsetools.cpython-311-x86_64-linux-gnu.so
7fe751e05000-7fe7521ad000 r-xp 00003000 00:204 133230555182              /mnt/primary/conda-envs/semantic_uncertainty_export/lib/python3.11/site-packages/scipy/sparse/_sparsetools.cpython-311-x86_64-linux-gnu.so
7fe7521ad000-7fe7521fd000 r--p 003ab000 00:204 133230555182              /mnt/primary/conda-envs/semantic_uncertainty_export/lib/python3.11/site-packages/scipy/sparse/_sparsetools.cpython-311-x86_64-linux-gnu.so
7fe7521fd000-7fe7521fe000 ---p 003fb000 00:204 133230555182              /mnt/primary/conda-envs/semantic_uncertainty_export/lib/python3.11/site-packages/scipy/sparse/_sparsetools.cpython-311-x86_64-linux-gnu.so
7fe7521fe000-7fe7521ff000 r--p 003fb000 00:204 133230555182              /mnt/primary/conda-envs/semantic_uncertainty_export/lib/python3.11/site-packages/scipy/sparse/_sparsetools.cpython-311-x86_64-linux-gnu.so
7fe7521ff000-7fe752200000 rw-p 003fc000 00:204 133230555182              /mnt/primary/conda-envs/semantic_uncertainty_export/lib/python3.11/site-packages/scipy/sparse/_sparsetools.cpython-311-x86_64-linux-gnu.so
7fe752200000-7fe752201000 ---p 00000000 00:00 0 
7fe752201000-7fe752a01000 rw-p 00000000 00:00 0 
7fe752a02000-7fe752a04000 r--p 00000000 00:204 98787428872               /mnt/primary/conda-envs/semantic_uncertainty_export/lib/python3.11/site-packages/scipy/optimize/__nnls.cpython-311-x86_64-linux-gnu.so
7fe752a04000-7fe752a09000 r-xp 00002000 00:204 98787428872               /mnt/primary/conda-envs/semantic_uncertainty_export/lib/python3.11/site-packages/scipy/optimize/__nnls.cpython-311-x86_64-linux-gnu.so
7fe752a09000-7fe752a0b000 r--p 00007000 00:204 98787428872               /mnt/primary/conda-envs/semantic_uncertainty_export/lib/python3.11/site-packages/scipy/optimize/__nnls.cpython-311-x86_64-linux-gnu.so
7fe752a0b000-7fe752a0c000 r--p 00008000 00:204 98787428872               /mnt/primary/conda-envs/semantic_uncertainty_export/lib/python3.11/site-packages/scipy/optimize/__nnls.cpython-311-x86_64-linux-gnu.so
7fe752a0c000-7fe752a0d000 rw-p 00009000 00:204 98787428872               /mnt/primary/conda-envs/semantic_uncertainty_export/lib/python3.11/site-packages/scipy/optimize/__nnls.cpython-311-x86_64-linux-gnu.so
7fe752a0d000-7fe752a0f000 rw-p 0000c000 00:204 98787428872               /mnt/primary/conda-envs/semantic_uncertainty_export/lib/python3.11/site-packages/scipy/optimize/__nnls.cpython-311-x86_64-linux-gnu.so
7fe752a0f000-7fe752a14000 r--p 00000000 00:204 19514492990               /mnt/primary/conda-envs/semantic_uncertainty_export/lib/python3.11/site-packages/scipy/linalg/_decomp_update.cpython-311-x86_64-linux-gnu.so
7fe752a14000-7fe752a4a000 r-xp 00005000 00:204 19514492990               /mnt/primary/conda-envs/semantic_uncertainty_export/lib/python3.11/site-packages/scipy/linalg/_decomp_update.cpython-311-x86_64-linux-gnu.so
7fe752a4a000-7fe752a56000 r--p 0003b000 00:204 19514492990               /mnt/primary/conda-envs/semantic_uncertainty_export/lib/python3.11/site-packages/scipy/linalg/_decomp_update.cpython-311-x86_64-linux-gnu.so
7fe752a56000-7fe752a57000 r--p 00046000 00:204 19514492990               /mnt/primary/conda-envs/semantic_uncertainty_export/lib/python3.11/site-packages/scipy/linalg/_decomp_update.cpython-311-x86_64-linux-gnu.so
7fe752a57000-7fe752a5d000 rw-p 00047000 00:204 19514492990               /mnt/primary/conda-envs/semantic_uncertainty_export/lib/python3.11/site-packages/scipy/linalg/_decomp_update.cpython-311-x86_64-linux-gnu.so
7fe752a5d000-7fe752a65000 r--p 00000000 00:204 19514561051               /mnt/primary/conda-envs/semantic_uncertainty_export/lib/python3.11/site-packages/scipy/linalg/cython_blas.cpython-311-x86_64-linux-gnu.so
7fe752a65000-7fe752a88000 r-xp 00008000 00:204 19514561051               /mnt/primary/conda-envs/semantic_uncertainty_export/lib/python3.11/site-packages/scipy/linalg/cython_blas.cpython-311-x86_64-linux-gnu.so
7fe752a88000-7fe752a95000 r--p 0002b000 00:204 19514561051               /mnt/primary/conda-envs/semantic_uncertainty_export/lib/python3.11/site-packages/scipy/linalg/cython_blas.cpython-311-x86_64-linux-gnu.so
7fe752a95000-7fe752a96000 r--p 00037000 00:204 19514561051               /mnt/primary/conda-envs/semantic_uncertainty_export/lib/python3.11/site-packages/scipy/linalg/cython_blas.cpython-311-x86_64-linux-gnu.so
7fe752a96000-7fe752a99000 rw-p 00038000 00:204 19514561051               /mnt/primary/conda-envs/semantic_uncertainty_export/lib/python3.11/site-packages/scipy/linalg/cython_blas.cpython-311-x86_64-linux-gnu.so
7fe752a99000-7fe752a9a000 rw-p 00000000 00:00 0 
7fe752a9a000-7fe752a9f000 rw-p 00047000 00:204 19514561051               /mnt/primary/conda-envs/semantic_uncertainty_export/lib/python3.11/site-packages/scipy/linalg/cython_blas.cpython-311-x86_64-linux-gnu.so
7fe752a9f000-7fe752aa6000 r--p 00000000 00:204 19514492985               /mnt/primary/conda-envs/semantic_uncertainty_export/lib/python3.11/site-packages/scipy/linalg/_matfuncs_expm.cpython-311-x86_64-linux-gnu.so
7fe752aa6000-7fe752aee000 r-xp 00007000 00:204 19514492985               /mnt/primary/conda-envs/semantic_uncertainty_export/lib/python3.11/site-packages/scipy/linalg/_matfuncs_expm.cpython-311-x86_64-linux-gnu.so
7fe752aee000-7fe752af9000 r--p 0004f000 00:204 19514492985               /mnt/primary/conda-envs/semantic_uncertainty_export/lib/python3.11/site-packages/scipy/linalg/_matfuncs_expm.cpython-311-x86_64-linux-gnu.so
7fe752af9000-7fe752afa000 r--p 00059000 00:204 19514492985               /mnt/primary/conda-envs/semantic_uncertainty_export/lib/python3.11/site-packages/scipy/linalg/_matfuncs_expm.cpython-311-x86_64-linux-gnu.so
7fe752afa000-7fe752aff000 rw-p 0005a000 00:204 19514492985               /mnt/primary/conda-envs/semantic_uncertainty_export/lib/python3.11/site-packages/scipy/linalg/_matfuncs_expm.cpython-311-x86_64-linux-gnu.so
7fe752aff000-7fe752c00000 rw-p 00000000 00:00 0 
7fe752c00000-7fe752c01000 ---p 00000000 00:00 0 
7fe752c01000-7fe753401000 rw-p 00000000 00:00 0 
7fe753403000-7fe753405000 r--p 00000000 00:204 26467592183               /mnt/primary/conda-envs/semantic_uncertainty_export/lib/python3.11/site-packages/scipy/ndimage/_nd_image.cpython-311-x86_64-linux-gnu.so
7fe753405000-7fe753422000 r-xp 00002000 00:204 26467592183               /mnt/primary/conda-envs/semantic_uncertainty_export/lib/python3.11/site-packages/scipy/ndimage/_nd_image.cpython-311-x86_64-linux-gnu.so
7fe753422000-7fe753425000 r--p 0001f000 00:204 26467592183               /mnt/primary/conda-envs/semantic_uncertainty_export/lib/python3.11/site-packages/scipy/ndimage/_nd_image.cpython-311-x86_64-linux-gnu.so
7fe753425000-7fe753426000 ---p 00022000 00:204 26467592183               /mnt/primary/conda-envs/semantic_uncertainty_export/lib/python3.11/site-packages/scipy/ndimage/_nd_image.cpython-311-x86_64-linux-gnu.so
7fe753426000-7fe753427000 r--p 00022000 00:204 26467592183               /mnt/primary/conda-envs/semantic_uncertainty_export/lib/python3.11/site-packages/scipy/ndimage/_nd_image.cpython-311-x86_64-linux-gnu.so
7fe753427000-7fe753428000 rw-p 00023000 00:204 26467592183               /mnt/primary/conda-envs/semantic_uncertainty_export/lib/python3.11/site-packages/scipy/ndimage/_nd_image.cpython-311-x86_64-linux-gnu.so
7fe753428000-7fe75342e000 r--p 00000000 00:204 19514561026               /mnt/primary/conda-envs/semantic_uncertainty_export/lib/python3.11/site-packages/scipy/linalg/_matfuncs_sqrtm_triu.cpython-311-x86_64-linux-gnu.so
7fe75342e000-7fe753452000 r-xp 00006000 00:204 19514561026               /mnt/primary/conda-envs/semantic_uncertainty_export/lib/python3.11/site-packages/scipy/linalg/_matfuncs_sqrtm_triu.cpython-311-x86_64-linux-gnu.so
7fe753452000-7fe753459000 r--p 0002a000 00:204 19514561026               /mnt/primary/conda-envs/semantic_uncertainty_export/lib/python3.11/site-packages/scipy/linalg/_matfuncs_sqrtm_triu.cpython-311-x86_64-linux-gnu.so
7fe753459000-7fe75345a000 r--p 00030000 00:204 19514561026               /mnt/primary/conda-envs/semantic_uncertainty_export/lib/python3.11/site-packages/scipy/linalg/_matfuncs_sqrtm_triu.cpython-311-x86_64-linux-gnu.so
7fe75345a000-7fe75345d000 rw-p 00031000 00:204 19514561026               /mnt/primary/conda-envs/semantic_uncertainty_export/lib/python3.11/site-packages/scipy/linalg/_matfuncs_sqrtm_triu.cpython-311-x86_64-linux-gnu.so
7fe75345d000-7fe75345e000 rw-p 00000000 00:00 0 
7fe75345e000-7fe753475000 r--p 00000000 00:204 19514561048               /mnt/primary/conda-envs/semantic_uncertainty_export/lib/python3.11/site-packages/scipy/linalg/cython_lapack.cpython-311-x86_64-linux-gnu.so
7fe753475000-7fe753491000 r-xp 00017000 00:204 19514561048               /mnt/primary/conda-envs/semantic_uncertainty_export/lib/python3.11/site-packages/scipy/linalg/cython_lapack.cpython-311-x86_64-linux-gnu.so
7fe753491000-7fe7534e9000 r--p 00033000 00:204 19514561048               /mnt/primary/conda-envs/semantic_uncertainty_export/lib/python3.11/site-packages/scipy/linalg/cython_lapack.cpython-311-x86_64-linux-gnu.so
7fe7534e9000-7fe7534ea000 ---p 0008b000 00:204 19514561048               /mnt/primary/conda-envs/semantic_uncertainty_export/lib/python3.11/site-packages/scipy/linalg/cython_lapack.cpython-311-x86_64-linux-gnu.so
7fe7534ea000-7fe7534eb000 r--p 0008b000 00:204 19514561048               /mnt/primary/conda-envs/semantic_uncertainty_export/lib/python3.11/site-packages/scipy/linalg/cython_lapack.cpython-311-x86_64-linux-gnu.so
7fe7534eb000-7fe7534ef000 rw-p 0008c000 00:204 19514561048               /mnt/primary/conda-envs/semantic_uncertainty_export/lib/python3.11/site-packages/scipy/linalg/cython_lapack.cpython-311-x86_64-linux-gnu.so
7fe7534ef000-7fe753500000 rw-p 000b8000 00:204 19514561048               /mnt/primary/conda-envs/semantic_uncertainty_export/lib/python3.11/site-packages/scipy/linalg/cython_lapack.cpython-311-x86_64-linux-gnu.so
7fe753500000-7fe753600000 rw-p 00000000 00:00 0 
7fe753600000-7fe753601000 ---p 00000000 00:00 0 
7fe753601000-7fe753e01000 rw-p 00000000 00:00 0 
7fe753e05000-7fe753e08000 r--p 00000000 00:204 49458313774               /mnt/primary/conda-envs/semantic_uncertainty_export/lib/python3.11/site-packages/scipy/special/_ellip_harm_2.cpython-311-x86_64-linux-gnu.so
7fe753e08000-7fe753e17000 r-xp 00003000 00:204 49458313774               /mnt/primary/conda-envs/semantic_uncertainty_export/lib/python3.11/site-packages/scipy/special/_ellip_harm_2.cpython-311-x86_64-linux-gnu.so
7fe753e17000-7fe753e19000 r--p 00012000 00:204 49458313774               /mnt/primary/conda-envs/semantic_uncertainty_export/lib/python3.11/site-packages/scipy/special/_ellip_harm_2.cpython-311-x86_64-linux-gnu.so
7fe753e19000-7fe753e1a000 ---p 00014000 00:204 49458313774               /mnt/primary/conda-envs/semantic_uncertainty_export/lib/python3.11/site-packages/scipy/special/_ellip_harm_2.cpython-311-x86_64-linux-gnu.so
7fe753e1a000-7fe753e1b000 r--p 00014000 00:204 49458313774               /mnt/primary/conda-envs/semantic_uncertainty_export/lib/python3.11/site-packages/scipy/special/_ellip_harm_2.cpython-311-x86_64-linux-gnu.so
7fe753e1b000-7fe753e1c000 rw-p 00015000 00:204 49458313774               /mnt/primary/conda-envs/semantic_uncertainty_export/lib/python3.11/site-packages/scipy/special/_ellip_harm_2.cpython-311-x86_64-linux-gnu.so
7fe753e1c000-7fe753e1d000 rw-p 00000000 00:00 0 
7fe753e1d000-7fe753e20000 rw-p 0001a000 00:204 49458313774               /mnt/primary/conda-envs/semantic_uncertainty_export/lib/python3.11/site-packages/scipy/special/_ellip_harm_2.cpython-311-x86_64-linux-gnu.so
7fe753e20000-7fe753e25000 r--p 00000000 00:204 19514561059               /mnt/primary/conda-envs/semantic_uncertainty_export/lib/python3.11/site-packages/scipy/linalg/_decomp_lu_cython.cpython-311-x86_64-linux-gnu.so
7fe753e25000-7fe753e4a000 r-xp 00005000 00:204 19514561059               /mnt/primary/conda-envs/semantic_uncertainty_export/lib/python3.11/site-packages/scipy/linalg/_decomp_lu_cython.cpython-311-x86_64-linux-gnu.so
7fe753e4a000-7fe753e51000 r--p 0002a000 00:204 19514561059               /mnt/primary/conda-envs/semantic_uncertainty_export/lib/python3.11/site-packages/scipy/linalg/_decomp_lu_cython.cpython-311-x86_64-linux-gnu.so
7fe753e51000-7fe753e52000 r--p 00030000 00:204 19514561059               /mnt/primary/conda-envs/semantic_uncertainty_export/lib/python3.11/site-packages/scipy/linalg/_decomp_lu_cython.cpython-311-x86_64-linux-gnu.so
7fe753e52000-7fe753e55000 rw-p 00031000 00:204 19514561059               /mnt/primary/conda-envs/semantic_uncertainty_export/lib/python3.11/site-packages/scipy/linalg/_decomp_lu_cython.cpython-311-x86_64-linux-gnu.so
7fe753e55000-7fe753e5b000 r--p 00000000 00:204 19514561038               /mnt/primary/conda-envs/semantic_uncertainty_export/lib/python3.11/site-packages/scipy/linalg/_solve_toeplitz.cpython-311-x86_64-linux-gnu.so
7fe753e5b000-7fe753e83000 r-xp 00006000 00:204 19514561038               /mnt/primary/conda-envs/semantic_uncertainty_export/lib/python3.11/site-packages/scipy/linalg/_solve_toeplitz.cpython-311-x86_64-linux-gnu.so
7fe753e83000-7fe753e8a000 r--p 0002e000 00:204 19514561038               /mnt/primary/conda-envs/semantic_uncertainty_export/lib/python3.11/site-packages/scipy/linalg/_solve_toeplitz.cpython-311-x86_64-linux-gnu.so
7fe753e8a000-7fe753e8b000 r--p 00034000 00:204 19514561038               /mnt/primary/conda-envs/semantic_uncertainty_export/lib/python3.11/site-packages/scipy/linalg/_solve_toeplitz.cpython-311-x86_64-linux-gnu.so
7fe753e8b000-7fe753e8f000 rw-p 00035000 00:204 19514561038               /mnt/primary/conda-envs/semantic_uncertainty_export/lib/python3.11/site-packages/scipy/linalg/_solve_toeplitz.cpython-311-x86_64-linux-gnu.so
7fe753e8f000-7fe753e97000 r--p 00000000 00:204 19514561025               /mnt/primary/conda-envs/semantic_uncertainty_export/lib/python3.11/site-packages/scipy/linalg/_cythonized_array_utils.cpython-311-x86_64-linux-gnu.so
7fe753e97000-7fe753eec000 r-xp 00008000 00:204 19514561025               /mnt/primary/conda-envs/semantic_uncertainty_export/lib/python3.11/site-packages/scipy/linalg/_cythonized_array_utils.cpython-311-x86_64-linux-gnu.so
7fe753eec000-7fe753ef8000 r--p 0005d000 00:204 19514561025               /mnt/primary/conda-envs/semantic_uncertainty_export/lib/python3.11/site-packages/scipy/linalg/_cythonized_array_utils.cpython-311-x86_64-linux-gnu.so
7fe753ef8000-7fe753ef9000 r--p 00068000 00:204 19514561025               /mnt/primary/conda-envs/semantic_uncertainty_export/lib/python3.11/site-packages/scipy/linalg/_cythonized_array_utils.cpython-311-x86_64-linux-gnu.so
7fe753ef9000-7fe753eff000 rw-p 00069000 00:204 19514561025               /mnt/primary/conda-envs/semantic_uncertainty_export/lib/python3.11/site-packages/scipy/linalg/_cythonized_array_utils.cpython-311-x86_64-linux-gnu.so
7fe753eff000-7fe754000000 rw-p 00000000 00:00 0 
7fe754000000-7fe754021000 rw-p 00000000 00:00 0 
7fe754021000-7fe758000000 ---p 00000000 00:00 0 
7fe758005000-7fe758007000 r--p 00000000 00:204 40842680351               /mnt/primary/conda-envs/semantic_uncertainty_export/lib/python3.11/site-packages/scipy/spatial/_distance_wrap.cpython-311-x86_64-linux-gnu.so
7fe758007000-7fe75801b000 r-xp 00002000 00:204 40842680351               /mnt/primary/conda-envs/semantic_uncertainty_export/lib/python3.11/site-packages/scipy/spatial/_distance_wrap.cpython-311-x86_64-linux-gnu.so
7fe75801b000-7fe75801d000 r--p 00016000 00:204 40842680351               /mnt/primary/conda-envs/semantic_uncertainty_export/lib/python3.11/site-packages/scipy/spatial/_distance_wrap.cpython-311-x86_64-linux-gnu.so
7fe75801d000-7fe75801e000 ---p 00018000 00:204 40842680351               /mnt/primary/conda-envs/semantic_uncertainty_export/lib/python3.11/site-packages/scipy/spatial/_distance_wrap.cpython-311-x86_64-linux-gnu.so
7fe75801e000-7fe75801f000 r--p 00018000 00:204 40842680351               /mnt/primary/conda-envs/semantic_uncertainty_export/lib/python3.11/site-packages/scipy/spatial/_distance_wrap.cpython-311-x86_64-linux-gnu.so
7fe75801f000-7fe758020000 rw-p 00019000 00:204 40842680351               /mnt/primary/conda-envs/semantic_uncertainty_export/lib/python3.11/site-packages/scipy/spatial/_distance_wrap.cpython-311-x86_64-linux-gnu.so
7fe758020000-7fe75802e000 r--p 00000000 00:204 19514561061               /mnt/primary/conda-envs/semantic_uncertainty_export/lib/python3.11/site-packages/scipy/linalg/_fblas.cpython-311-x86_64-linux-gnu.so
7fe75802e000-7fe758075000 r-xp 0000e000 00:204 19514561061               /mnt/primary/conda-envs/semantic_uncertainty_export/lib/python3.11/site-packages/scipy/linalg/_fblas.cpython-311-x86_64-linux-gnu.so
7fe758075000-7fe758096000 r--p 00055000 00:204 19514561061               /mnt/primary/conda-envs/semantic_uncertainty_export/lib/python3.11/site-packages/scipy/linalg/_fblas.cpython-311-x86_64-linux-gnu.so
7fe758096000-7fe758097000 r--p 00075000 00:204 19514561061               /mnt/primary/conda-envs/semantic_uncertainty_export/lib/python3.11/site-packages/scipy/linalg/_fblas.cpython-311-x86_64-linux-gnu.so
7fe758097000-7fe7580bd000 rw-p 00076000 00:204 19514561061               /mnt/primary/conda-envs/semantic_uncertainty_export/lib/python3.11/site-packages/scipy/linalg/_fblas.cpython-311-x86_64-linux-gnu.so
7fe7580bd000-7fe7580c0000 rw-p 000a4000 00:204 19514561061               /mnt/primary/conda-envs/semantic_uncertainty_export/lib/python3.11/site-packages/scipy/linalg/_fblas.cpython-311-x86_64-linux-gnu.so
7fe7580c0000-7fe7581c0000 rw-p 00000000 00:00 0 
7fe7581c0000-7fe7581ce000 r--p 00000000 00:204 141832290850              /mnt/primary/conda-envs/semantic_uncertainty_export/lib/python3.11/site-packages/pandas/_libs/join.cpython-311-x86_64-linux-gnu.so
7fe7581ce000-7fe7583dd000 r-xp 0000e000 00:204 141832290850              /mnt/primary/conda-envs/semantic_uncertainty_export/lib/python3.11/site-packages/pandas/_libs/join.cpython-311-x86_64-linux-gnu.so
7fe7583dd000-7fe7583f4000 r--p 0021d000 00:204 141832290850              /mnt/primary/conda-envs/semantic_uncertainty_export/lib/python3.11/site-packages/pandas/_libs/join.cpython-311-x86_64-linux-gnu.so
7fe7583f4000-7fe7583f5000 r--p 00233000 00:204 141832290850              /mnt/primary/conda-envs/semantic_uncertainty_export/lib/python3.11/site-packages/pandas/_libs/join.cpython-311-x86_64-linux-gnu.so
7fe7583f5000-7fe7583fd000 rw-p 00234000 00:204 141832290850              /mnt/primary/conda-envs/semantic_uncertainty_export/lib/python3.11/site-packages/pandas/_libs/join.cpython-311-x86_64-linux-gnu.so
7fe7583fd000-7fe758400000 rw-p 00000000 00:00 0 
7fe758400000-7fe758401000 ---p 00000000 00:00 0 
7fe758401000-7fe758c01000 rw-p 00000000 00:00 0 
7fe758c01000-7fe758c07000 r--p 00000000 00:204 163552721443              /mnt/primary/conda-envs/semantic_uncertainty_export/lib/python3.11/site-packages/scipy/sparse/csgraph/_min_spanning_tree.cpython-311-x86_64-linux-gnu.so
7fe758c07000-7fe758c29000 r-xp 00006000 00:204 163552721443              /mnt/primary/conda-envs/semantic_uncertainty_export/lib/python3.11/site-packages/scipy/sparse/csgraph/_min_spanning_tree.cpython-311-x86_64-linux-gnu.so
7fe758c29000-7fe758c30000 r--p 00028000 00:204 163552721443              /mnt/primary/conda-envs/semantic_uncertainty_export/lib/python3.11/site-packages/scipy/sparse/csgraph/_min_spanning_tree.cpython-311-x86_64-linux-gnu.so
7fe758c30000-7fe758c31000 r--p 0002e000 00:204 163552721443              /mnt/primary/conda-envs/semantic_uncertainty_export/lib/python3.11/site-packages/scipy/sparse/csgraph/_min_spanning_tree.cpython-311-x86_64-linux-gnu.so
7fe758c31000-7fe758c35000 rw-p 0002f000 00:204 163552721443              /mnt/primary/conda-envs/semantic_uncertainty_export/lib/python3.11/site-packages/scipy/sparse/csgraph/_min_spanning_tree.cpython-311-x86_64-linux-gnu.so
7fe758c35000-7fe758c39000 r--p 00000000 00:204 141825670163              /mnt/primary/conda-envs/semantic_uncertainty_export/lib/python3.11/site-packages/scipy/sparse/linalg/_isolve/_iterative.cpython-311-x86_64-linux-gnu.so
7fe758c39000-7fe758c5e000 r-xp 00004000 00:204 141825670163              /mnt/primary/conda-envs/semantic_uncertainty_export/lib/python3.11/site-packages/scipy/sparse/linalg/_isolve/_iterative.cpython-311-x86_64-linux-gnu.so
7fe758c5e000-7fe758c68000 r--p 00029000 00:204 141825670163              /mnt/primary/conda-envs/semantic_uncertainty_export/lib/python3.11/site-packages/scipy/sparse/linalg/_isolve/_iterative.cpython-311-x86_64-linux-gnu.so
7fe758c68000-7fe758c69000 r--p 00032000 00:204 141825670163              /mnt/primary/conda-envs/semantic_uncertainty_export/lib/python3.11/site-packages/scipy/sparse/linalg/_isolve/_iterative.cpython-311-x86_64-linux-gnu.so
7fe758c69000-7fe758c70000 rw-p 00033000 00:204 141825670163              /mnt/primary/conda-envs/semantic_uncertainty_export/lib/python3.11/site-packages/scipy/sparse/linalg/_isolve/_iterative.cpython-311-x86_64-linux-gnu.so
7fe758c70000-7fe758c71000 rw-p 00000000 00:00 0 
7fe758c71000-7fe758c74000 rw-p 00042000 00:204 141825670163              /mnt/primary/conda-envs/semantic_uncertainty_export/lib/python3.11/site-packages/scipy/sparse/linalg/_isolve/_iterative.cpython-311-x86_64-linux-gnu.so
7fe758c74000-7fe758c7e000 r--p 00000000 00:204 133230555197              /mnt/primary/conda-envs/semantic_uncertainty_export/lib/python3.11/site-packages/scipy/sparse/_csparsetools.cpython-311-x86_64-linux-gnu.so
7fe758c7e000-7fe758ce9000 r-xp 0000a000 00:204 133230555197              /mnt/primary/conda-envs/semantic_uncertainty_export/lib/python3.11/site-packages/scipy/sparse/_csparsetools.cpython-311-x86_64-linux-gnu.so
7fe758ce9000-7fe758cf7000 r--p 00075000 00:204 133230555197              /mnt/primary/conda-envs/semantic_uncertainty_export/lib/python3.11/site-packages/scipy/sparse/_csparsetools.cpython-311-x86_64-linux-gnu.so
7fe758cf7000-7fe758cf8000 r--p 00082000 00:204 133230555197              /mnt/primary/conda-envs/semantic_uncertainty_export/lib/python3.11/site-packages/scipy/sparse/_csparsetools.cpython-311-x86_64-linux-gnu.so
7fe758cf8000-7fe758cff000 rw-p 00083000 00:204 133230555197              /mnt/primary/conda-envs/semantic_uncertainty_export/lib/python3.11/site-packages/scipy/sparse/_csparsetools.cpython-311-x86_64-linux-gnu.so
7fe758cff000-7fe758e00000 rw-p 00000000 00:00 0 
7fe758e00000-7fe758e01000 ---p 00000000 00:00 0 
7fe758e01000-7fe759601000 rw-p 00000000 00:00 0 
7fe759602000-7fe759614000 r--p 00000000 00:204 141832290874              /mnt/primary/conda-envs/semantic_uncertainty_export/lib/python3.11/site-packages/pandas/_libs/groupby.cpython-311-x86_64-linux-gnu.so
7fe759614000-7fe7597c8000 r-xp 00012000 00:204 141832290874              /mnt/primary/conda-envs/semantic_uncertainty_export/lib/python3.11/site-packages/pandas/_libs/groupby.cpython-311-x86_64-linux-gnu.so
7fe7597c8000-7fe7597ed000 r--p 001c6000 00:204 141832290874              /mnt/primary/conda-envs/semantic_uncertainty_export/lib/python3.11/site-packages/pandas/_libs/groupby.cpython-311-x86_64-linux-gnu.so
7fe7597ed000-7fe7597ee000 ---p 001eb000 00:204 141832290874              /mnt/primary/conda-envs/semantic_uncertainty_export/lib/python3.11/site-packages/pandas/_libs/groupby.cpython-311-x86_64-linux-gnu.so
7fe7597ee000-7fe7597ef000 r--p 001eb000 00:204 141832290874              /mnt/primary/conda-envs/semantic_uncertainty_export/lib/python3.11/site-packages/pandas/_libs/groupby.cpython-311-x86_64-linux-gnu.so
7fe7597ef000-7fe7597fd000 rw-p 001ec000 00:204 141832290874              /mnt/primary/conda-envs/semantic_uncertainty_export/lib/python3.11/site-packages/pandas/_libs/groupby.cpython-311-x86_64-linux-gnu.so
7fe7597fd000-7fe759800000 rw-p 00000000 00:00 0 
7fe759800000-7fe759801000 ---p 00000000 00:00 0 
7fe759801000-7fe75a001000 rw-p 00000000 00:00 0 
7fe75a005000-7fe75a009000 r--p 00000000 00:204 163552721433              /mnt/primary/conda-envs/semantic_uncertainty_export/lib/python3.11/site-packages/scipy/sparse/csgraph/_tools.cpython-311-x86_64-linux-gnu.so
7fe75a009000-7fe75a022000 r-xp 00004000 00:204 163552721433              /mnt/primary/conda-envs/semantic_uncertainty_export/lib/python3.11/site-packages/scipy/sparse/csgraph/_tools.cpython-311-x86_64-linux-gnu.so
7fe75a022000-7fe75a028000 r--p 0001d000 00:204 163552721433              /mnt/primary/conda-envs/semantic_uncertainty_export/lib/python3.11/site-packages/scipy/sparse/csgraph/_tools.cpython-311-x86_64-linux-gnu.so
7fe75a028000-7fe75a029000 ---p 00023000 00:204 163552721433              /mnt/primary/conda-envs/semantic_uncertainty_export/lib/python3.11/site-packages/scipy/sparse/csgraph/_tools.cpython-311-x86_64-linux-gnu.so
7fe75a029000-7fe75a02a000 r--p 00023000 00:204 163552721433              /mnt/primary/conda-envs/semantic_uncertainty_export/lib/python3.11/site-packages/scipy/sparse/csgraph/_tools.cpython-311-x86_64-linux-gnu.so
7fe75a02a000-7fe75a02f000 rw-p 00024000 00:204 163552721433              /mnt/primary/conda-envs/semantic_uncertainty_export/lib/python3.11/site-packages/scipy/sparse/csgraph/_tools.cpython-311-x86_64-linux-gnu.so
7fe75a02f000-7fe75a039000 r--p 00000000 00:204 40842680338               /mnt/primary/conda-envs/semantic_uncertainty_export/lib/python3.11/site-packages/scipy/spatial/_ckdtree.cpython-311-x86_64-linux-gnu.so
7fe75a039000-7fe75a0da000 r-xp 0000a000 00:204 40842680338               /mnt/primary/conda-envs/semantic_uncertainty_export/lib/python3.11/site-packages/scipy/spatial/_ckdtree.cpython-311-x86_64-linux-gnu.so
7fe75a0da000-7fe75a0f3000 r--p 000ab000 00:204 40842680338               /mnt/primary/conda-envs/semantic_uncertainty_export/lib/python3.11/site-packages/scipy/spatial/_ckdtree.cpython-311-x86_64-linux-gnu.so
7fe75a0f3000-7fe75a0f4000 r--p 000c3000 00:204 40842680338               /mnt/primary/conda-envs/semantic_uncertainty_export/lib/python3.11/site-packages/scipy/spatial/_ckdtree.cpython-311-x86_64-linux-gnu.so
7fe75a0f4000-7fe75a0ff000 rw-p 000c4000 00:204 40842680338               /mnt/primary/conda-envs/semantic_uncertainty_export/lib/python3.11/site-packages/scipy/spatial/_ckdtree.cpython-311-x86_64-linux-gnu.so
7fe75a0ff000-7fe75a200000 rw-p 00000000 00:00 0 
7fe75a200000-7fe75a201000 ---p 00000000 00:00 0 
7fe75a201000-7fe75aa01000 rw-p 00000000 00:00 0 
7fe75aa02000-7fe75aa03000 r--p 00000000 00:204 70898546230               /mnt/primary/conda-envs/semantic_uncertainty_export/lib/libsharpyuv.so.0.0.1
7fe75aa03000-7fe75aa07000 r-xp 00001000 00:204 70898546230               /mnt/primary/conda-envs/semantic_uncertainty_export/lib/libsharpyuv.so.0.0.1
7fe75aa07000-7fe75aa08000 r--p 00005000 00:204 70898546230               /mnt/primary/conda-envs/semantic_uncertainty_export/lib/libsharpyuv.so.0.0.1
7fe75aa08000-7fe75aa09000 r--p 00005000 00:204 70898546230               /mnt/primary/conda-envs/semantic_uncertainty_export/lib/libsharpyuv.so.0.0.1
7fe75aa09000-7fe75aa0a000 rw-p 00006000 00:204 70898546230               /mnt/primary/conda-envs/semantic_uncertainty_export/lib/libsharpyuv.so.0.0.1
7fe75aa0a000-7fe75aa0b000 rw-p 00000000 00:00 0 
7fe75aa0b000-7fe75aa0d000 r--p 00000000 00:204 19514561068               /mnt/primary/conda-envs/semantic_uncertainty_export/lib/python3.11/site-packages/scipy/linalg/_flinalg.cpython-311-x86_64-linux-gnu.so
7fe75aa0d000-7fe75aa15000 r-xp 00002000 00:204 19514561068               /mnt/primary/conda-envs/semantic_uncertainty_export/lib/python3.11/site-packages/scipy/linalg/_flinalg.cpython-311-x86_64-linux-gnu.so
7fe75aa15000-7fe75aa18000 r--p 0000a000 00:204 19514561068               /mnt/primary/conda-envs/semantic_uncertainty_export/lib/python3.11/site-packages/scipy/linalg/_flinalg.cpython-311-x86_64-linux-gnu.so
7fe75aa18000-7fe75aa19000 r--p 0000c000 00:204 19514561068               /mnt/primary/conda-envs/semantic_uncertainty_export/lib/python3.11/site-packages/scipy/linalg/_flinalg.cpython-311-x86_64-linux-gnu.so
7fe75aa19000-7fe75aa1c000 rw-p 0000d000 00:204 19514561068               /mnt/primary/conda-envs/semantic_uncertainty_export/lib/python3.11/site-packages/scipy/linalg/_flinalg.cpython-311-x86_64-linux-gnu.so
7fe75aa1c000-7fe75aa1e000 rw-p 00012000 00:204 19514561068               /mnt/primary/conda-envs/semantic_uncertainty_export/lib/python3.11/site-packages/scipy/linalg/_flinalg.cpython-311-x86_64-linux-gnu.so
7fe75aa1e000-7fe75aa22000 r--p 00000000 00:204 53859409459               /mnt/primary/conda-envs/semantic_uncertainty_export/lib/python3.11/site-packages/scipy/_lib/_ccallback_c.cpython-311-x86_64-linux-gnu.so
7fe75aa22000-7fe75aa2b000 r-xp 00004000 00:204 53859409459               /mnt/primary/conda-envs/semantic_uncertainty_export/lib/python3.11/site-packages/scipy/_lib/_ccallback_c.cpython-311-x86_64-linux-gnu.so
7fe75aa2b000-7fe75aa2d000 r--p 0000d000 00:204 53859409459               /mnt/primary/conda-envs/semantic_uncertainty_export/lib/python3.11/site-packages/scipy/_lib/_ccallback_c.cpython-311-x86_64-linux-gnu.so
7fe75aa2d000-7fe75aa2e000 r--p 0000e000 00:204 53859409459               /mnt/primary/conda-envs/semantic_uncertainty_export/lib/python3.11/site-packages/scipy/_lib/_ccallback_c.cpython-311-x86_64-linux-gnu.so
7fe75aa2e000-7fe75aa30000 rw-p 0000f000 00:204 53859409459               /mnt/primary/conda-envs/semantic_uncertainty_export/lib/python3.11/site-packages/scipy/_lib/_ccallback_c.cpython-311-x86_64-linux-gnu.so
7fe75aa30000-7fe75aa3b000 r--p 00000000 00:204 141832290844              /mnt/primary/conda-envs/semantic_uncertainty_export/lib/python3.11/site-packages/pandas/_libs/parsers.cpython-311-x86_64-linux-gnu.so
7fe75aa3b000-7fe75aaa5000 r-xp 0000b000 00:204 141832290844              /mnt/primary/conda-envs/semantic_uncertainty_export/lib/python3.11/site-packages/pandas/_libs/parsers.cpython-311-x86_64-linux-gnu.so
7fe75aaa5000-7fe75aab1000 r--p 00075000 00:204 141832290844              /mnt/primary/conda-envs/semantic_uncertainty_export/lib/python3.11/site-packages/pandas/_libs/parsers.cpython-311-x86_64-linux-gnu.so
7fe75aab1000-7fe75aab2000 ---p 00081000 00:204 141832290844              /mnt/primary/conda-envs/semantic_uncertainty_export/lib/python3.11/site-packages/pandas/_libs/parsers.cpython-311-x86_64-linux-gnu.so
7fe75aab2000-7fe75aab3000 r--p 00081000 00:204 141832290844              /mnt/primary/conda-envs/semantic_uncertainty_export/lib/python3.11/site-packages/pandas/_libs/parsers.cpython-311-x86_64-linux-gnu.so
7fe75aab3000-7fe75aaba000 rw-p 00082000 00:204 141832290844              /mnt/primary/conda-envs/semantic_uncertainty_export/lib/python3.11/site-packages/pandas/_libs/parsers.cpython-311-x86_64-linux-gnu.so
7fe75aaba000-7fe75aabc000 rw-p 00000000 00:00 0 
7fe75aabc000-7fe75aac3000 r--p 00000000 00:204 141832290858              /mnt/primary/conda-envs/semantic_uncertainty_export/lib/python3.11/site-packages/pandas/_libs/reshape.cpython-311-x86_64-linux-gnu.so
7fe75aac3000-7fe75aaf2000 r-xp 00007000 00:204 141832290858              /mnt/primary/conda-envs/semantic_uncertainty_export/lib/python3.11/site-packages/pandas/_libs/reshape.cpython-311-x86_64-linux-gnu.so
7fe75aaf2000-7fe75aafa000 r--p 00036000 00:204 141832290858              /mnt/primary/conda-envs/semantic_uncertainty_export/lib/python3.11/site-packages/pandas/_libs/reshape.cpython-311-x86_64-linux-gnu.so
7fe75aafa000-7fe75aafb000 r--p 0003d000 00:204 141832290858              /mnt/primary/conda-envs/semantic_uncertainty_export/lib/python3.11/site-packages/pandas/_libs/reshape.cpython-311-x86_64-linux-gnu.so
7fe75aafb000-7fe75aaff000 rw-p 0003e000 00:204 141832290858              /mnt/primary/conda-envs/semantic_uncertainty_export/lib/python3.11/site-packages/pandas/_libs/reshape.cpython-311-x86_64-linux-gnu.so
7fe75aaff000-7fe75ac00000 rw-p 00000000 00:00 0 
7fe75ac00000-7fe75ac01000 ---p 00000000 00:00 0 
7fe75ac01000-7fe75b401000 rw-p 00000000 00:00 0 
7fe75b403000-7fe75b405000 r--p 00000000 00:204 98787428892               /mnt/primary/conda-envs/semantic_uncertainty_export/lib/python3.11/site-packages/scipy/optimize/_minpack2.cpython-311-x86_64-linux-gnu.so
7fe75b405000-7fe75b40b000 r-xp 00002000 00:204 98787428892               /mnt/primary/conda-envs/semantic_uncertainty_export/lib/python3.11/site-packages/scipy/optimize/_minpack2.cpython-311-x86_64-linux-gnu.so
7fe75b40b000-7fe75b40d000 r--p 00008000 00:204 98787428892               /mnt/primary/conda-envs/semantic_uncertainty_export/lib/python3.11/site-packages/scipy/optimize/_minpack2.cpython-311-x86_64-linux-gnu.so
7fe75b40d000-7fe75b40e000 r--p 00009000 00:204 98787428892               /mnt/primary/conda-envs/semantic_uncertainty_export/lib/python3.11/site-packages/scipy/optimize/_minpack2.cpython-311-x86_64-linux-gnu.so
7fe75b40e000-7fe75b40f000 rw-p 0000a000 00:204 98787428892               /mnt/primary/conda-envs/semantic_uncertainty_export/lib/python3.11/site-packages/scipy/optimize/_minpack2.cpython-311-x86_64-linux-gnu.so
7fe75b40f000-7fe75b411000 r--p 00000000 00:204 45438459395               /mnt/primary/conda-envs/semantic_uncertainty_export/lib/python3.11/lib-dynload/cmath.cpython-311-x86_64-linux-gnu.so
7fe75b411000-7fe75b41b000 r-xp 00002000 00:204 45438459395               /mnt/primary/conda-envs/semantic_uncertainty_export/lib/python3.11/lib-dynload/cmath.cpython-311-x86_64-linux-gnu.so
7fe75b41b000-7fe75b41d000 r--p 0000c000 00:204 45438459395               /mnt/primary/conda-envs/semantic_uncertainty_export/lib/python3.11/lib-dynload/cmath.cpython-311-x86_64-linux-gnu.so
7fe75b41d000-7fe75b41e000 ---p 0000e000 00:204 45438459395               /mnt/primary/conda-envs/semantic_uncertainty_export/lib/python3.11/lib-dynload/cmath.cpython-311-x86_64-linux-gnu.so
7fe75b41e000-7fe75b41f000 r--p 0000e000 00:204 45438459395               /mnt/primary/conda-envs/semantic_uncertainty_export/lib/python3.11/lib-dynload/cmath.cpython-311-x86_64-linux-gnu.so
7fe75b41f000-7fe75b420000 rw-p 0000f000 00:204 45438459395               /mnt/primary/conda-envs/semantic_uncertainty_export/lib/python3.11/lib-dynload/cmath.cpython-311-x86_64-linux-gnu.so
7fe75b420000-7fe75b422000 rw-p 00000000 00:00 0 
7fe75b422000-7fe75b426000 r--p 00000000 00:204 141832290851              /mnt/primary/conda-envs/semantic_uncertainty_export/lib/python3.11/site-packages/pandas/_libs/testing.cpython-311-x86_64-linux-gnu.so
7fe75b426000-7fe75b436000 r-xp 00004000 00:204 141832290851              /mnt/primary/conda-envs/semantic_uncertainty_export/lib/python3.11/site-packages/pandas/_libs/testing.cpython-311-x86_64-linux-gnu.so
7fe75b436000-7fe75b438000 r--p 00014000 00:204 141832290851              /mnt/primary/conda-envs/semantic_uncertainty_export/lib/python3.11/site-packages/pandas/_libs/testing.cpython-311-x86_64-linux-gnu.so
7fe75b438000-7fe75b439000 r--p 00015000 00:204 141832290851              /mnt/primary/conda-envs/semantic_uncertainty_export/lib/python3.11/site-packages/pandas/_libs/testing.cpython-311-x86_64-linux-gnu.so
7fe75b439000-7fe75b43b000 rw-p 00016000 00:204 141832290851              /mnt/primary/conda-envs/semantic_uncertainty_export/lib/python3.11/site-packages/pandas/_libs/testing.cpython-311-x86_64-linux-gnu.so
7fe75b43b000-7fe75b444000 r--p 00000000 00:204 143899507729              /mnt/primary/conda-envs/semantic_uncertainty_export/lib/python3.11/site-packages/pandas/_libs/window/aggregations.cpython-311-x86_64-linux-gnu.so
7fe75b444000-7fe75b48b000 r-xp 00009000 00:204 143899507729              /mnt/primary/conda-envs/semantic_uncertainty_export/lib/python3.11/site-packages/pandas/_libs/window/aggregations.cpython-311-x86_64-linux-gnu.so
7fe75b48b000-7fe75b494000 r--p 00050000 00:204 143899507729              /mnt/primary/conda-envs/semantic_uncertainty_export/lib/python3.11/site-packages/pandas/_libs/window/aggregations.cpython-311-x86_64-linux-gnu.so
7fe75b494000-7fe75b495000 ---p 00059000 00:204 143899507729              /mnt/primary/conda-envs/semantic_uncertainty_export/lib/python3.11/site-packages/pandas/_libs/window/aggregations.cpython-311-x86_64-linux-gnu.so
7fe75b495000-7fe75b496000 r--p 00059000 00:204 143899507729              /mnt/primary/conda-envs/semantic_uncertainty_export/lib/python3.11/site-packages/pandas/_libs/window/aggregations.cpython-311-x86_64-linux-gnu.so
7fe75b496000-7fe75b49b000 rw-p 0005a000 00:204 143899507729              /mnt/primary/conda-envs/semantic_uncertainty_export/lib/python3.11/site-packages/pandas/_libs/window/aggregations.cpython-311-x86_64-linux-gnu.so
7fe75b49b000-7fe75b59d000 rw-p 00000000 00:00 0 
7fe75b59d000-7fe75b5a6000 r--p 00000000 00:204 141832290857              /mnt/primary/conda-envs/semantic_uncertainty_export/lib/python3.11/site-packages/pandas/_libs/internals.cpython-311-x86_64-linux-gnu.so
7fe75b5a6000-7fe75b5ec000 r-xp 00009000 00:204 141832290857              /mnt/primary/conda-envs/semantic_uncertainty_export/lib/python3.11/site-packages/pandas/_libs/internals.cpython-311-x86_64-linux-gnu.so
7fe75b5ec000-7fe75b5f7000 r--p 0004f000 00:204 141832290857              /mnt/primary/conda-envs/semantic_uncertainty_export/lib/python3.11/site-packages/pandas/_libs/internals.cpython-311-x86_64-linux-gnu.so
7fe75b5f7000-7fe75b5f8000 r--p 00059000 00:204 141832290857              /mnt/primary/conda-envs/semantic_uncertainty_export/lib/python3.11/site-packages/pandas/_libs/internals.cpython-311-x86_64-linux-gnu.so
7fe75b5f8000-7fe75b5fe000 rw-p 0005a000 00:204 141832290857              /mnt/primary/conda-envs/semantic_uncertainty_export/lib/python3.11/site-packages/pandas/_libs/internals.cpython-311-x86_64-linux-gnu.so
7fe75b5fe000-7fe75b600000 rw-p 00000000 00:00 0 
7fe75b600000-7fe75b601000 ---p 00000000 00:00 0 
7fe75b601000-7fe75be01000 rw-p 00000000 00:00 0 
7fe75be07000-7fe75be09000 r--p 00000000 00:204 141832290834              /mnt/primary/conda-envs/semantic_uncertainty_export/lib/python3.11/site-packages/pandas/_libs/json.cpython-311-x86_64-linux-gnu.so
7fe75be09000-7fe75be13000 r-xp 00002000 00:204 141832290834              /mnt/primary/conda-envs/semantic_uncertainty_export/lib/python3.11/site-packages/pandas/_libs/json.cpython-311-x86_64-linux-gnu.so
7fe75be13000-7fe75be17000 r--p 0000c000 00:204 141832290834              /mnt/primary/conda-envs/semantic_uncertainty_export/lib/python3.11/site-packages/pandas/_libs/json.cpython-311-x86_64-linux-gnu.so
7fe75be17000-7fe75be18000 r--p 0000f000 00:204 141832290834              /mnt/primary/conda-envs/semantic_uncertainty_export/lib/python3.11/site-packages/pandas/_libs/json.cpython-311-x86_64-linux-gnu.so
7fe75be18000-7fe75be19000 rw-p 00010000 00:204 141832290834              /mnt/primary/conda-envs/semantic_uncertainty_export/lib/python3.11/site-packages/pandas/_libs/json.cpython-311-x86_64-linux-gnu.so
7fe75be19000-7fe75be26000 r--p 00000000 00:204 141832290856              /mnt/primary/conda-envs/semantic_uncertainty_export/lib/python3.11/site-packages/pandas/_libs/index.cpython-311-x86_64-linux-gnu.so
7fe75be26000-7fe75bedb000 r-xp 0000d000 00:204 141832290856              /mnt/primary/conda-envs/semantic_uncertainty_export/lib/python3.11/site-packages/pandas/_libs/index.cpython-311-x86_64-linux-gnu.so
7fe75bedb000-7fe75bef1000 r--p 000c2000 00:204 141832290856              /mnt/primary/conda-envs/semantic_uncertainty_export/lib/python3.11/site-packages/pandas/_libs/index.cpython-311-x86_64-linux-gnu.so
7fe75bef1000-7fe75bef2000 r--p 000d7000 00:204 141832290856              /mnt/primary/conda-envs/semantic_uncertainty_export/lib/python3.11/site-packages/pandas/_libs/index.cpython-311-x86_64-linux-gnu.so
7fe75bef2000-7fe75befe000 rw-p 000d8000 00:204 141832290856              /mnt/primary/conda-envs/semantic_uncertainty_export/lib/python3.11/site-packages/pandas/_libs/index.cpython-311-x86_64-linux-gnu.so
7fe75befe000-7fe75c000000 rw-p 00000000 00:00 0 
7fe75c000000-7fe75c021000 rw-p 00000000 00:00 0 
7fe75c021000-7fe760000000 ---p 00000000 00:00 0 
7fe760004000-7fe760007000 r--p 00000000 00:204 49458313786               /mnt/primary/conda-envs/semantic_uncertainty_export/lib/python3.11/site-packages/scipy/special/_comb.cpython-311-x86_64-linux-gnu.so
7fe760007000-7fe76000b000 r-xp 00003000 00:204 49458313786               /mnt/primary/conda-envs/semantic_uncertainty_export/lib/python3.11/site-packages/scipy/special/_comb.cpython-311-x86_64-linux-gnu.so
7fe76000b000-7fe76000c000 r--p 00007000 00:204 49458313786               /mnt/primary/conda-envs/semantic_uncertainty_export/lib/python3.11/site-packages/scipy/special/_comb.cpython-311-x86_64-linux-gnu.so
7fe76000c000-7fe76000d000 r--p 00007000 00:204 49458313786               /mnt/primary/conda-envs/semantic_uncertainty_export/lib/python3.11/site-packages/scipy/special/_comb.cpython-311-x86_64-linux-gnu.so
7fe76000d000-7fe76000e000 rw-p 00008000 00:204 49458313786               /mnt/primary/conda-envs/semantic_uncertainty_export/lib/python3.11/site-packages/scipy/special/_comb.cpython-311-x86_64-linux-gnu.so
7fe76000e000-7fe76010e000 rw-p 00000000 00:00 0 
7fe76010e000-7fe760117000 r--p 00000000 00:204 141832290865              /mnt/primary/conda-envs/semantic_uncertainty_export/lib/python3.11/site-packages/pandas/_libs/sparse.cpython-311-x86_64-linux-gnu.so
7fe760117000-7fe7601d3000 r-xp 00009000 00:204 141832290865              /mnt/primary/conda-envs/semantic_uncertainty_export/lib/python3.11/site-packages/pandas/_libs/sparse.cpython-311-x86_64-linux-gnu.so
7fe7601d3000-7fe7601e2000 r--p 000c5000 00:204 141832290865              /mnt/primary/conda-envs/semantic_uncertainty_export/lib/python3.11/site-packages/pandas/_libs/sparse.cpython-311-x86_64-linux-gnu.so
7fe7601e2000-7fe7601e3000 r--p 000d3000 00:204 141832290865              /mnt/primary/conda-envs/semantic_uncertainty_export/lib/python3.11/site-packages/pandas/_libs/sparse.cpython-311-x86_64-linux-gnu.so
7fe7601e3000-7fe7601e9000 rw-p 000d4000 00:204 141832290865              /mnt/primary/conda-envs/semantic_uncertainty_export/lib/python3.11/site-packages/pandas/_libs/sparse.cpython-311-x86_64-linux-gnu.so
7fe7601e9000-7fe7603ea000 rw-p 00000000 00:00 0 
7fe7603ea000-7fe760418000 r--p 00000000 00:204 170174514215              /mnt/primary/conda-envs/semantic_uncertainty_export/lib/python3.11/site-packages/pyarrow/_compute.cpython-311-x86_64-linux-gnu.so
7fe760418000-7fe7604b9000 r-xp 0002e000 00:204 170174514215              /mnt/primary/conda-envs/semantic_uncertainty_export/lib/python3.11/site-packages/pyarrow/_compute.cpython-311-x86_64-linux-gnu.so
7fe7604b9000-7fe7604ec000 r--p 000cf000 00:204 170174514215              /mnt/primary/conda-envs/semantic_uncertainty_export/lib/python3.11/site-packages/pyarrow/_compute.cpython-311-x86_64-linux-gnu.so
7fe7604ec000-7fe7604ef000 r--p 00101000 00:204 170174514215              /mnt/primary/conda-envs/semantic_uncertainty_export/lib/python3.11/site-packages/pyarrow/_compute.cpython-311-x86_64-linux-gnu.so
7fe7604ef000-7fe7604fc000 rw-p 00104000 00:204 170174514215              /mnt/primary/conda-envs/semantic_uncertainty_export/lib/python3.11/site-packages/pyarrow/_compute.cpython-311-x86_64-linux-gnu.so
7fe7604fc000-7fe760600000 rw-p 00000000 00:00 0 
7fe760600000-7fe760a00000 rw-p 00000000 00:00 0 
7fe760a03000-7fe760a08000 r--p 00000000 00:204 143899507730              /mnt/primary/conda-envs/semantic_uncertainty_export/lib/python3.11/site-packages/pandas/_libs/window/indexers.cpython-311-x86_64-linux-gnu.so
7fe760a08000-7fe760a27000 r-xp 00005000 00:204 143899507730              /mnt/primary/conda-envs/semantic_uncertainty_export/lib/python3.11/site-packages/pandas/_libs/window/indexers.cpython-311-x86_64-linux-gnu.so
7fe760a27000-7fe760a2d000 r--p 00024000 00:204 143899507730              /mnt/primary/conda-envs/semantic_uncertainty_export/lib/python3.11/site-packages/pandas/_libs/window/indexers.cpython-311-x86_64-linux-gnu.so
7fe760a2d000-7fe760a2e000 r--p 00029000 00:204 143899507730              /mnt/primary/conda-envs/semantic_uncertainty_export/lib/python3.11/site-packages/pandas/_libs/window/indexers.cpython-311-x86_64-linux-gnu.so
7fe760a2e000-7fe760a31000 rw-p 0002a000 00:204 143899507730              /mnt/primary/conda-envs/semantic_uncertainty_export/lib/python3.11/site-packages/pandas/_libs/window/indexers.cpython-311-x86_64-linux-gnu.so
7fe760a31000-7fe760b31000 rw-p 00000000 00:00 0 
7fe760b31000-7fe760fdf000 r--p 00000000 00:204 169691131401              /mnt/primary/conda-envs/semantic_uncertainty_export/lib/python3.11/site-packages/pyarrow/libarrow.so.2000
7fe760fdf000-7fe763395000 r-xp 004ae000 00:204 169691131401              /mnt/primary/conda-envs/semantic_uncertainty_export/lib/python3.11/site-packages/pyarrow/libarrow.so.2000
7fe763395000-7fe763c52000 r--p 02864000 00:204 169691131401              /mnt/primary/conda-envs/semantic_uncertainty_export/lib/python3.11/site-packages/pyarrow/libarrow.so.2000
7fe763c52000-7fe763d43000 r--p 03120000 00:204 169691131401              /mnt/primary/conda-envs/semantic_uncertainty_export/lib/python3.11/site-packages/pyarrow/libarrow.so.2000
7fe763d43000-7fe763d76000 rw-p 03211000 00:204 169691131401              /mnt/primary/conda-envs/semantic_uncertainty_export/lib/python3.11/site-packages/pyarrow/libarrow.so.2000
7fe763d76000-7fe764000000 rw-p 00000000 00:00 0 
7fe764000000-7fe764021000 rw-p 00000000 00:00 0 
7fe764021000-7fe768000000 ---p 00000000 00:00 0 
7fe768004000-7fe768007000 r--p 00000000 00:204 53859409458               /mnt/primary/conda-envs/semantic_uncertainty_export/lib/python3.11/site-packages/scipy/_lib/messagestream.cpython-311-x86_64-linux-gnu.so
7fe768007000-7fe76800c000 r-xp 00003000 00:204 53859409458               /mnt/primary/conda-envs/semantic_uncertainty_export/lib/python3.11/site-packages/scipy/_lib/messagestream.cpython-311-x86_64-linux-gnu.so
7fe76800c000-7fe76800e000 r--p 00008000 00:204 53859409458               /mnt/primary/conda-envs/semantic_uncertainty_export/lib/python3.11/site-packages/scipy/_lib/messagestream.cpython-311-x86_64-linux-gnu.so
7fe76800e000-7fe76800f000 r--p 00009000 00:204 53859409458               /mnt/primary/conda-envs/semantic_uncertainty_export/lib/python3.11/site-packages/scipy/_lib/messagestream.cpython-311-x86_64-linux-gnu.so
7fe76800f000-7fe768010000 rw-p 0000a000 00:204 53859409458               /mnt/primary/conda-envs/semantic_uncertainty_export/lib/python3.11/site-packages/scipy/_lib/messagestream.cpython-311-x86_64-linux-gnu.so
7fe768010000-7fe768017000 r--p 00000000 00:204 141832290863              /mnt/primary/conda-envs/semantic_uncertainty_export/lib/python3.11/site-packages/pandas/_libs/writers.cpython-311-x86_64-linux-gnu.so
7fe768017000-7fe76803b000 r-xp 00007000 00:204 141832290863              /mnt/primary/conda-envs/semantic_uncertainty_export/lib/python3.11/site-packages/pandas/_libs/writers.cpython-311-x86_64-linux-gnu.so
7fe76803b000-7fe768042000 r--p 0002b000 00:204 141832290863              /mnt/primary/conda-envs/semantic_uncertainty_export/lib/python3.11/site-packages/pandas/_libs/writers.cpython-311-x86_64-linux-gnu.so
7fe768042000-7fe768043000 r--p 00031000 00:204 141832290863              /mnt/primary/conda-envs/semantic_uncertainty_export/lib/python3.11/site-packages/pandas/_libs/writers.cpython-311-x86_64-linux-gnu.so
7fe768043000-7fe768047000 rw-p 00032000 00:204 141832290863              /mnt/primary/conda-envs/semantic_uncertainty_export/lib/python3.11/site-packages/pandas/_libs/writers.cpython-311-x86_64-linux-gnu.so
7fe768047000-7fe768048000 rw-p 00000000 00:00 0 
7fe768048000-7fe76804f000 r--p 00000000 00:204 141832290837              /mnt/primary/conda-envs/semantic_uncertainty_export/lib/python3.11/site-packages/pandas/_libs/tslib.cpython-311-x86_64-linux-gnu.so
7fe76804f000-7fe768084000 r-xp 00007000 00:204 141832290837              /mnt/primary/conda-envs/semantic_uncertainty_export/lib/python3.11/site-packages/pandas/_libs/tslib.cpython-311-x86_64-linux-gnu.so
7fe768084000-7fe76808c000 r--p 0003c000 00:204 141832290837              /mnt/primary/conda-envs/semantic_uncertainty_export/lib/python3.11/site-packages/pandas/_libs/tslib.cpython-311-x86_64-linux-gnu.so
7fe76808c000-7fe76808d000 r--p 00043000 00:204 141832290837              /mnt/primary/conda-envs/semantic_uncertainty_export/lib/python3.11/site-packages/pandas/_libs/tslib.cpython-311-x86_64-linux-gnu.so
7fe76808d000-7fe768092000 rw-p 00044000 00:204 141832290837              /mnt/primary/conda-envs/semantic_uncertainty_export/lib/python3.11/site-packages/pandas/_libs/tslib.cpython-311-x86_64-linux-gnu.so
7fe768092000-7fe768098000 r--p 00000000 00:204 141832290855              /mnt/primary/conda-envs/semantic_uncertainty_export/lib/python3.11/site-packages/pandas/_libs/ops.cpython-311-x86_64-linux-gnu.so
7fe768098000-7fe7680c2000 r-xp 00006000 00:204 141832290855              /mnt/primary/conda-envs/semantic_uncertainty_export/lib/python3.11/site-packages/pandas/_libs/ops.cpython-311-x86_64-linux-gnu.so
7fe7680c2000-7fe7680c9000 r--p 00030000 00:204 141832290855              /mnt/primary/conda-envs/semantic_uncertainty_export/lib/python3.11/site-packages/pandas/_libs/ops.cpython-311-x86_64-linux-gnu.so
7fe7680c9000-7fe7680ca000 r--p 00036000 00:204 141832290855              /mnt/primary/conda-envs/semantic_uncertainty_export/lib/python3.11/site-packages/pandas/_libs/ops.cpython-311-x86_64-linux-gnu.so
7fe7680ca000-7fe7680ce000 rw-p 00037000 00:204 141832290855              /mnt/primary/conda-envs/semantic_uncertainty_export/lib/python3.11/site-packages/pandas/_libs/ops.cpython-311-x86_64-linux-gnu.so
7fe7680ce000-7fe7680dc000 r--p 00000000 00:204 141832290872              /mnt/primary/conda-envs/semantic_uncertainty_export/lib/python3.11/site-packages/pandas/_libs/lib.cpython-311-x86_64-linux-gnu.so
7fe7680dc000-7fe768163000 r-xp 0000e000 00:204 141832290872              /mnt/primary/conda-envs/semantic_uncertainty_export/lib/python3.11/site-packages/pandas/_libs/lib.cpython-311-x86_64-linux-gnu.so
7fe768163000-7fe768176000 r--p 00095000 00:204 141832290872              /mnt/primary/conda-envs/semantic_uncertainty_export/lib/python3.11/site-packages/pandas/_libs/lib.cpython-311-x86_64-linux-gnu.so
7fe768176000-7fe768177000 r--p 000a7000 00:204 141832290872              /mnt/primary/conda-envs/semantic_uncertainty_export/lib/python3.11/site-packages/pandas/_libs/lib.cpython-311-x86_64-linux-gnu.so
7fe768177000-7fe768186000 rw-p 000a8000 00:204 141832290872              /mnt/primary/conda-envs/semantic_uncertainty_export/lib/python3.11/site-packages/pandas/_libs/lib.cpython-311-x86_64-linux-gnu.so
7fe768186000-7fe768188000 rw-p 00000000 00:00 0 
7fe768188000-7fe76819b000 r--p 00000000 00:204 141832290870              /mnt/primary/conda-envs/semantic_uncertainty_export/lib/python3.11/site-packages/pandas/_libs/algos.cpython-311-x86_64-linux-gnu.so
7fe76819b000-7fe768350000 r-xp 00013000 00:204 141832290870              /mnt/primary/conda-envs/semantic_uncertainty_export/lib/python3.11/site-packages/pandas/_libs/algos.cpython-311-x86_64-linux-gnu.so
7fe768350000-7fe768373000 r--p 001c8000 00:204 141832290870              /mnt/primary/conda-envs/semantic_uncertainty_export/lib/python3.11/site-packages/pandas/_libs/algos.cpython-311-x86_64-linux-gnu.so
7fe768373000-7fe768374000 r--p 001ea000 00:204 141832290870              /mnt/primary/conda-envs/semantic_uncertainty_export/lib/python3.11/site-packages/pandas/_libs/algos.cpython-311-x86_64-linux-gnu.so
7fe768374000-7fe768381000 rw-p 001eb000 00:204 141832290870              /mnt/primary/conda-envs/semantic_uncertainty_export/lib/python3.11/site-packages/pandas/_libs/algos.cpython-311-x86_64-linux-gnu.so
7fe768381000-7fe768385000 rw-p 00000000 00:00 0 
7fe768385000-7fe768390000 r--p 00000000 00:204 146028901890              /mnt/primary/conda-envs/semantic_uncertainty_export/lib/python3.11/site-packages/pandas/_libs/tslibs/period.cpython-311-x86_64-linux-gnu.so
7fe768390000-7fe7683df000 r-xp 0000b000 00:204 146028901890              /mnt/primary/conda-envs/semantic_uncertainty_export/lib/python3.11/site-packages/pandas/_libs/tslibs/period.cpython-311-x86_64-linux-gnu.so
7fe7683df000-7fe7683f4000 r--p 0005a000 00:204 146028901890              /mnt/primary/conda-envs/semantic_uncertainty_export/lib/python3.11/site-packages/pandas/_libs/tslibs/period.cpython-311-x86_64-linux-gnu.so
7fe7683f4000-7fe7683f5000 r--p 0006e000 00:204 146028901890              /mnt/primary/conda-envs/semantic_uncertainty_export/lib/python3.11/site-packages/pandas/_libs/tslibs/period.cpython-311-x86_64-linux-gnu.so
7fe7683f5000-7fe7683ff000 rw-p 0006f000 00:204 146028901890              /mnt/primary/conda-envs/semantic_uncertainty_export/lib/python3.11/site-packages/pandas/_libs/tslibs/period.cpython-311-x86_64-linux-gnu.so
7fe7683ff000-7fe768400000 rw-p 00000000 00:00 0 
7fe768400000-7fe768600000 rw-p 00000000 00:00 0 
7fe768600000-7fe768602000 r--p 00000000 00:204 77350671928               /mnt/primary/conda-envs/semantic_uncertainty_export/lib/python3.11/site-packages/scipy/stats/_levy_stable/levyst.cpython-311-x86_64-linux-gnu.so
7fe768602000-7fe768605000 r-xp 00002000 00:204 77350671928               /mnt/primary/conda-envs/semantic_uncertainty_export/lib/python3.11/site-packages/scipy/stats/_levy_stable/levyst.cpython-311-x86_64-linux-gnu.so
7fe768605000-7fe768606000 r--p 00005000 00:204 77350671928               /mnt/primary/conda-envs/semantic_uncertainty_export/lib/python3.11/site-packages/scipy/stats/_levy_stable/levyst.cpython-311-x86_64-linux-gnu.so
7fe768606000-7fe768607000 ---p 00006000 00:204 77350671928               /mnt/primary/conda-envs/semantic_uncertainty_export/lib/python3.11/site-packages/scipy/stats/_levy_stable/levyst.cpython-311-x86_64-linux-gnu.so
7fe768607000-7fe768608000 r--p 00006000 00:204 77350671928               /mnt/primary/conda-envs/semantic_uncertainty_export/lib/python3.11/site-packages/scipy/stats/_levy_stable/levyst.cpython-311-x86_64-linux-gnu.so
7fe768608000-7fe768609000 rw-p 00007000 00:204 77350671928               /mnt/primary/conda-envs/semantic_uncertainty_export/lib/python3.11/site-packages/scipy/stats/_levy_stable/levyst.cpython-311-x86_64-linux-gnu.so
7fe768609000-7fe76860b000 r--p 00000000 00:204 58046899230               /mnt/primary/conda-envs/semantic_uncertainty_export/lib/python3.11/site-packages/bottleneck/reduce.cpython-311-x86_64-linux-gnu.so
7fe76860b000-7fe76861d000 r-xp 00002000 00:204 58046899230               /mnt/primary/conda-envs/semantic_uncertainty_export/lib/python3.11/site-packages/bottleneck/reduce.cpython-311-x86_64-linux-gnu.so
7fe76861d000-7fe768620000 r--p 00014000 00:204 58046899230               /mnt/primary/conda-envs/semantic_uncertainty_export/lib/python3.11/site-packages/bottleneck/reduce.cpython-311-x86_64-linux-gnu.so
7fe768620000-7fe768621000 r--p 00016000 00:204 58046899230               /mnt/primary/conda-envs/semantic_uncertainty_export/lib/python3.11/site-packages/bottleneck/reduce.cpython-311-x86_64-linux-gnu.so
7fe768621000-7fe768625000 rw-p 00017000 00:204 58046899230               /mnt/primary/conda-envs/semantic_uncertainty_export/lib/python3.11/site-packages/bottleneck/reduce.cpython-311-x86_64-linux-gnu.so
7fe768625000-7fe76862b000 r--p 00000000 00:204 147963220527              /mnt/primary/conda-envs/semantic_uncertainty_export/lib/python3.11/site-packages/pandas/_libs/tslibs/vectorized.cpython-311-x86_64-linux-gnu.so
7fe76862b000-7fe768650000 r-xp 00006000 00:204 147963220527              /mnt/primary/conda-envs/semantic_uncertainty_export/lib/python3.11/site-packages/pandas/_libs/tslibs/vectorized.cpython-311-x86_64-linux-gnu.so
7fe768650000-7fe768657000 r--p 0002b000 00:204 147963220527              /mnt/primary/conda-envs/semantic_uncertainty_export/lib/python3.11/site-packages/pandas/_libs/tslibs/vectorized.cpython-311-x86_64-linux-gnu.so
7fe768657000-7fe768658000 r--p 00031000 00:204 147963220527              /mnt/primary/conda-envs/semantic_uncertainty_export/lib/python3.11/site-packages/pandas/_libs/tslibs/vectorized.cpython-311-x86_64-linux-gnu.so
7fe768658000-7fe76865b000 rw-p 00032000 00:204 147963220527              /mnt/primary/conda-envs/semantic_uncertainty_export/lib/python3.11/site-packages/pandas/_libs/tslibs/vectorized.cpython-311-x86_64-linux-gnu.so
7fe76865b000-7fe76865c000 rw-p 00000000 00:00 0 
7fe76865c000-7fe768665000 r--p 00000000 00:204 146028901896              /mnt/primary/conda-envs/semantic_uncertainty_export/lib/python3.11/site-packages/pandas/_libs/tslibs/strptime.cpython-311-x86_64-linux-gnu.so
7fe768665000-7fe7686a0000 r-xp 00009000 00:204 146028901896              /mnt/primary/conda-envs/semantic_uncertainty_export/lib/python3.11/site-packages/pandas/_libs/tslibs/strptime.cpython-311-x86_64-linux-gnu.so
7fe7686a0000-7fe7686a9000 r--p 00044000 00:204 146028901896              /mnt/primary/conda-envs/semantic_uncertainty_export/lib/python3.11/site-packages/pandas/_libs/tslibs/strptime.cpython-311-x86_64-linux-gnu.so
7fe7686a9000-7fe7686aa000 r--p 0004c000 00:204 146028901896              /mnt/primary/conda-envs/semantic_uncertainty_export/lib/python3.11/site-packages/pandas/_libs/tslibs/strptime.cpython-311-x86_64-linux-gnu.so
7fe7686aa000-7fe7686af000 rw-p 0004d000 00:204 146028901896              /mnt/primary/conda-envs/semantic_uncertainty_export/lib/python3.11/site-packages/pandas/_libs/tslibs/strptime.cpython-311-x86_64-linux-gnu.so
7fe7686af000-7fe7686b0000 rw-p 00000000 00:00 0 
7fe7686b0000-7fe7686ba000 r--p 00000000 00:204 146028901912              /mnt/primary/conda-envs/semantic_uncertainty_export/lib/python3.11/site-packages/pandas/_libs/tslibs/parsing.cpython-311-x86_64-linux-gnu.so
7fe7686ba000-7fe768709000 r-xp 0000a000 00:204 146028901912              /mnt/primary/conda-envs/semantic_uncertainty_export/lib/python3.11/site-packages/pandas/_libs/tslibs/parsing.cpython-311-x86_64-linux-gnu.so
7fe768709000-7fe768715000 r--p 00059000 00:204 146028901912              /mnt/primary/conda-envs/semantic_uncertainty_export/lib/python3.11/site-packages/pandas/_libs/tslibs/parsing.cpython-311-x86_64-linux-gnu.so
7fe768715000-7fe768716000 r--p 00064000 00:204 146028901912              /mnt/primary/conda-envs/semantic_uncertainty_export/lib/python3.11/site-packages/pandas/_libs/tslibs/parsing.cpython-311-x86_64-linux-gnu.so
7fe768716000-7fe76871d000 rw-p 00065000 00:204 146028901912              /mnt/primary/conda-envs/semantic_uncertainty_export/lib/python3.11/site-packages/pandas/_libs/tslibs/parsing.cpython-311-x86_64-linux-gnu.so
7fe76871d000-7fe76871e000 rw-p 00000000 00:00 0 
7fe76871e000-7fe7688d2000 r--p 00000000 00:204 169691131415              /mnt/primary/conda-envs/semantic_uncertainty_export/lib/python3.11/site-packages/pyarrow/libparquet.so.2000
7fe7688d2000-7fe768dd3000 r-xp 001b4000 00:204 169691131415              /mnt/primary/conda-envs/semantic_uncertainty_export/lib/python3.11/site-packages/pyarrow/libparquet.so.2000
7fe768dd3000-7fe768f34000 r--p 006b5000 00:204 169691131415              /mnt/primary/conda-envs/semantic_uncertainty_export/lib/python3.11/site-packages/pyarrow/libparquet.so.2000
7fe768f34000-7fe768fb2000 r--p 00815000 00:204 169691131415              /mnt/primary/conda-envs/semantic_uncertainty_export/lib/python3.11/site-packages/pyarrow/libparquet.so.2000
7fe768fb2000-7fe768fc0000 rw-p 00893000 00:204 169691131415              /mnt/primary/conda-envs/semantic_uncertainty_export/lib/python3.11/site-packages/pyarrow/libparquet.so.2000
7fe768fc0000-7fe768fc3000 rw-p 00000000 00:00 0 
7fe768fc3000-7fe769012000 r--p 00000000 00:204 70925084687               /mnt/primary/conda-envs/semantic_uncertainty_export/lib/libmkl_vml_def.so.2
7fe769012000-7fe76950a000 r-xp 0004f000 00:204 70925084687               /mnt/primary/conda-envs/semantic_uncertainty_export/lib/libmkl_vml_def.so.2
7fe76950a000-7fe7697bb000 r--p 00547000 00:204 70925084687               /mnt/primary/conda-envs/semantic_uncertainty_export/lib/libmkl_vml_def.so.2
7fe7697bb000-7fe7697bc000 ---p 007f8000 00:204 70925084687               /mnt/primary/conda-envs/semantic_uncertainty_export/lib/libmkl_vml_def.so.2
7fe7697bc000-7fe7697bf000 r--p 007f8000 00:204 70925084687               /mnt/primary/conda-envs/semantic_uncertainty_export/lib/libmkl_vml_def.so.2
7fe7697bf000-7fe7697d9000 rw-p 007fb000 00:204 70925084687               /mnt/primary/conda-envs/semantic_uncertainty_export/lib/libmkl_vml_def.so.2
7fe7697d9000-7fe7697da000 rw-p 00000000 00:00 0 
7fe7697da000-7fe7697f4000 rw-p 0085f000 00:204 70925084687               /mnt/primary/conda-envs/semantic_uncertainty_export/lib/libmkl_vml_def.so.2
7fe7697f4000-7fe7698d3000 r--p 00000000 00:204 70924951600               /mnt/primary/conda-envs/semantic_uncertainty_export/lib/libmkl_def.so.2
7fe7698d3000-7fe76be11000 r-xp 000df000 00:204 70924951600               /mnt/primary/conda-envs/semantic_uncertainty_export/lib/libmkl_def.so.2
7fe76be11000-7fe76bf81000 r--p 0261d000 00:204 70924951600               /mnt/primary/conda-envs/semantic_uncertainty_export/lib/libmkl_def.so.2
7fe76bf81000-7fe76bf84000 r--p 0278c000 00:204 70924951600               /mnt/primary/conda-envs/semantic_uncertainty_export/lib/libmkl_def.so.2
7fe76bf84000-7fe76bf8a000 rw-p 0278f000 00:204 70924951600               /mnt/primary/conda-envs/semantic_uncertainty_export/lib/libmkl_def.so.2
7fe76bf8a000-7fe76bf8b000 rw-p 00000000 00:00 0 
7fe76bf8b000-7fe76c000000 rw-p 02888000 00:204 70924951600               /mnt/primary/conda-envs/semantic_uncertainty_export/lib/libmkl_def.so.2
7fe76c000000-7fe76c021000 rw-p 00000000 00:00 0 
7fe76c021000-7fe770000000 ---p 00000000 00:00 0 
7fe770000000-7fe770200000 rw-p 00000000 00:00 0 
7fe770200000-7fe770400000 rw-p 00000000 00:00 0 
7fe770405000-7fe770407000 r--p 00000000 00:204 45438459399               /mnt/primary/conda-envs/semantic_uncertainty_export/lib/python3.11/lib-dynload/mmap.cpython-311-x86_64-linux-gnu.so
7fe770407000-7fe77040a000 r-xp 00002000 00:204 45438459399               /mnt/primary/conda-envs/semantic_uncertainty_export/lib/python3.11/lib-dynload/mmap.cpython-311-x86_64-linux-gnu.so
7fe77040a000-7fe77040c000 r--p 00005000 00:204 45438459399               /mnt/primary/conda-envs/semantic_uncertainty_export/lib/python3.11/lib-dynload/mmap.cpython-311-x86_64-linux-gnu.so
7fe77040c000-7fe77040d000 r--p 00006000 00:204 45438459399               /mnt/primary/conda-envs/semantic_uncertainty_export/lib/python3.11/lib-dynload/mmap.cpython-311-x86_64-linux-gnu.so
7fe77040d000-7fe77040e000 rw-p 00007000 00:204 45438459399               /mnt/primary/conda-envs/semantic_uncertainty_export/lib/python3.11/lib-dynload/mmap.cpython-311-x86_64-linux-gnu.so
7fe77040e000-7fe770482000 r--p 00000000 00:204 169691131414              /mnt/primary/conda-envs/semantic_uncertainty_export/lib/python3.11/site-packages/pyarrow/libarrow_substrait.so.2000
7fe770482000-7fe7706be000 r-xp 00074000 00:204 169691131414              /mnt/primary/conda-envs/semantic_uncertainty_export/lib/python3.11/site-packages/pyarrow/libarrow_substrait.so.2000
7fe7706be000-7fe770777000 r--p 002b0000 00:204 169691131414              /mnt/primary/conda-envs/semantic_uncertainty_export/lib/python3.11/site-packages/pyarrow/libarrow_substrait.so.2000
7fe770777000-7fe770778000 ---p 00369000 00:204 169691131414              /mnt/primary/conda-envs/semantic_uncertainty_export/lib/python3.11/site-packages/pyarrow/libarrow_substrait.so.2000
7fe770778000-7fe77078a000 r--p 00369000 00:204 169691131414              /mnt/primary/conda-envs/semantic_uncertainty_export/lib/python3.11/site-packages/pyarrow/libarrow_substrait.so.2000
7fe77078a000-7fe77078f000 rw-p 0037b000 00:204 169691131414              /mnt/primary/conda-envs/semantic_uncertainty_export/lib/python3.11/site-packages/pyarrow/libarrow_substrait.so.2000
7fe77078f000-7fe770791000 rw-p 00000000 00:00 0 
7fe770791000-7fe770b4b000 r--p 00000000 00:204 70924951612               /mnt/primary/conda-envs/semantic_uncertainty_export/lib/libmkl_intel_thread.so.2
7fe770b4b000-7fe773307000 r-xp 003ba000 00:204 70924951612               /mnt/primary/conda-envs/semantic_uncertainty_export/lib/libmkl_intel_thread.so.2
7fe773307000-7fe77379c000 r--p 02b76000 00:204 70924951612               /mnt/primary/conda-envs/semantic_uncertainty_export/lib/libmkl_intel_thread.so.2
7fe77379c000-7fe77379d000 ---p 0300b000 00:204 70924951612               /mnt/primary/conda-envs/semantic_uncertainty_export/lib/libmkl_intel_thread.so.2
7fe77379d000-7fe7737a4000 r--p 0300b000 00:204 70924951612               /mnt/primary/conda-envs/semantic_uncertainty_export/lib/libmkl_intel_thread.so.2
7fe7737a4000-7fe773edd000 rw-p 03012000 00:204 70924951612               /mnt/primary/conda-envs/semantic_uncertainty_export/lib/libmkl_intel_thread.so.2
7fe773edd000-7fe773ef7000 rw-p 00000000 00:00 0 
7fe773ef7000-7fe774000000 rw-p 03de0000 00:204 70924951612               /mnt/primary/conda-envs/semantic_uncertainty_export/lib/libmkl_intel_thread.so.2
7fe774000000-7fe774021000 rw-p 00000000 00:00 0 
7fe774021000-7fe778000000 ---p 00000000 00:00 0 
7fe778000000-7fe778004000 r--p 00000000 00:204 141832290868              /mnt/primary/conda-envs/semantic_uncertainty_export/lib/python3.11/site-packages/pandas/_libs/arrays.cpython-311-x86_64-linux-gnu.so
7fe778004000-7fe778013000 r-xp 00004000 00:204 141832290868              /mnt/primary/conda-envs/semantic_uncertainty_export/lib/python3.11/site-packages/pandas/_libs/arrays.cpython-311-x86_64-linux-gnu.so
7fe778013000-7fe778016000 r--p 00013000 00:204 141832290868              /mnt/primary/conda-envs/semantic_uncertainty_export/lib/python3.11/site-packages/pandas/_libs/arrays.cpython-311-x86_64-linux-gnu.so
7fe778016000-7fe778017000 r--p 00015000 00:204 141832290868              /mnt/primary/conda-envs/semantic_uncertainty_export/lib/python3.11/site-packages/pandas/_libs/arrays.cpython-311-x86_64-linux-gnu.so
7fe778017000-7fe778019000 rw-p 00016000 00:204 141832290868              /mnt/primary/conda-envs/semantic_uncertainty_export/lib/python3.11/site-packages/pandas/_libs/arrays.cpython-311-x86_64-linux-gnu.so
7fe778019000-7fe77801b000 r--p 00000000 00:204 58046899227               /mnt/primary/conda-envs/semantic_uncertainty_export/lib/python3.11/site-packages/bottleneck/move.cpython-311-x86_64-linux-gnu.so
7fe77801b000-7fe77802b000 r-xp 00002000 00:204 58046899227               /mnt/primary/conda-envs/semantic_uncertainty_export/lib/python3.11/site-packages/bottleneck/move.cpython-311-x86_64-linux-gnu.so
7fe77802b000-7fe77802d000 r--p 00012000 00:204 58046899227               /mnt/primary/conda-envs/semantic_uncertainty_export/lib/python3.11/site-packages/bottleneck/move.cpython-311-x86_64-linux-gnu.so
7fe77802d000-7fe77802e000 r--p 00013000 00:204 58046899227               /mnt/primary/conda-envs/semantic_uncertainty_export/lib/python3.11/site-packages/bottleneck/move.cpython-311-x86_64-linux-gnu.so
7fe77802e000-7fe778032000 rw-p 00014000 00:204 58046899227               /mnt/primary/conda-envs/semantic_uncertainty_export/lib/python3.11/site-packages/bottleneck/move.cpython-311-x86_64-linux-gnu.so
7fe778032000-7fe778039000 r--p 00000000 00:204 146028901909              /mnt/primary/conda-envs/semantic_uncertainty_export/lib/python3.11/site-packages/pandas/_libs/tslibs/tzconversion.cpython-311-x86_64-linux-gnu.so
7fe778039000-7fe778072000 r-xp 00007000 00:204 146028901909              /mnt/primary/conda-envs/semantic_uncertainty_export/lib/python3.11/site-packages/pandas/_libs/tslibs/tzconversion.cpython-311-x86_64-linux-gnu.so
7fe778072000-7fe77807a000 r--p 00040000 00:204 146028901909              /mnt/primary/conda-envs/semantic_uncertainty_export/lib/python3.11/site-packages/pandas/_libs/tslibs/tzconversion.cpython-311-x86_64-linux-gnu.so
7fe77807a000-7fe77807b000 r--p 00047000 00:204 146028901909              /mnt/primary/conda-envs/semantic_uncertainty_export/lib/python3.11/site-packages/pandas/_libs/tslibs/tzconversion.cpython-311-x86_64-linux-gnu.so
7fe77807b000-7fe77807f000 rw-p 00048000 00:204 146028901909              /mnt/primary/conda-envs/semantic_uncertainty_export/lib/python3.11/site-packages/pandas/_libs/tslibs/tzconversion.cpython-311-x86_64-linux-gnu.so
7fe77807f000-7fe778080000 rw-p 00000000 00:00 0 
7fe778080000-7fe778088000 r--p 00000000 00:204 147963220530              /mnt/primary/conda-envs/semantic_uncertainty_export/lib/python3.11/site-packages/pandas/_libs/tslibs/fields.cpython-311-x86_64-linux-gnu.so
7fe778088000-7fe7780c1000 r-xp 00008000 00:204 147963220530              /mnt/primary/conda-envs/semantic_uncertainty_export/lib/python3.11/site-packages/pandas/_libs/tslibs/fields.cpython-311-x86_64-linux-gnu.so
7fe7780c1000-7fe7780ca000 r--p 00041000 00:204 147963220530              /mnt/primary/conda-envs/semantic_uncertainty_export/lib/python3.11/site-packages/pandas/_libs/tslibs/fields.cpython-311-x86_64-linux-gnu.so
7fe7780ca000-7fe7780cb000 r--p 00049000 00:204 147963220530              /mnt/primary/conda-envs/semantic_uncertainty_export/lib/python3.11/site-packages/pandas/_libs/tslibs/fields.cpython-311-x86_64-linux-gnu.so
7fe7780cb000-7fe7780d0000 rw-p 0004a000 00:204 147963220530              /mnt/primary/conda-envs/semantic_uncertainty_export/lib/python3.11/site-packages/pandas/_libs/tslibs/fields.cpython-311-x86_64-linux-gnu.so
7fe7780d0000-7fe7782d1000 rw-p 00000000 00:00 0 
7fe7782d1000-7fe778502000 r--p 00000000 00:204 70924951610               /mnt/primary/conda-envs/semantic_uncertainty_export/lib/libmkl_intel_lp64.so.2
7fe778502000-7fe779025000 r-xp 00231000 00:204 70924951610               /mnt/primary/conda-envs/semantic_uncertainty_export/lib/libmkl_intel_lp64.so.2
7fe779025000-7fe7794e3000 r--p 00d54000 00:204 70924951610               /mnt/primary/conda-envs/semantic_uncertainty_export/lib/libmkl_intel_lp64.so.2
7fe7794e3000-7fe7794e4000 ---p 01212000 00:204 70924951610               /mnt/primary/conda-envs/semantic_uncertainty_export/lib/libmkl_intel_lp64.so.2
7fe7794e4000-7fe7794e6000 r--p 01212000 00:204 70924951610               /mnt/primary/conda-envs/semantic_uncertainty_export/lib/libmkl_intel_lp64.so.2
7fe7794e6000-7fe779504000 rw-p 01214000 00:204 70924951610               /mnt/primary/conda-envs/semantic_uncertainty_export/lib/libmkl_intel_lp64.so.2
7fe779504000-7fe77950b000 rw-p 00000000 00:00 0 
7fe77950b000-7fe7795c1000 rw-p 0144c000 00:204 70924951610               /mnt/primary/conda-envs/semantic_uncertainty_export/lib/libmkl_intel_lp64.so.2
7fe7795c1000-7fe7798bd000 r--p 00000000 00:204 70925084674               /mnt/primary/conda-envs/semantic_uncertainty_export/lib/libmkl_rt.so.2
7fe7798bd000-7fe779ddb000 r-xp 002fc000 00:204 70925084674               /mnt/primary/conda-envs/semantic_uncertainty_export/lib/libmkl_rt.so.2
7fe779ddb000-7fe77a0a0000 r--p 0081a000 00:204 70925084674               /mnt/primary/conda-envs/semantic_uncertainty_export/lib/libmkl_rt.so.2
7fe77a0a0000-7fe77a0a6000 r--p 00ade000 00:204 70925084674               /mnt/primary/conda-envs/semantic_uncertainty_export/lib/libmkl_rt.so.2
7fe77a0a6000-7fe77a0a8000 rw-p 00ae4000 00:204 70925084674               /mnt/primary/conda-envs/semantic_uncertainty_export/lib/libmkl_rt.so.2
7fe77a0a8000-7fe77a0d0000 rw-p 00000000 00:00 0 
7fe77a0d0000-7fe77a200000 rw-p 00de7000 00:204 70925084674               /mnt/primary/conda-envs/semantic_uncertainty_export/lib/libmkl_rt.so.2
7fe77a200000-7fe77a201000 ---p 00000000 00:00 0 
7fe77a201000-7fe77aa01000 rw-p 00000000 00:00 0 
7fe77aa02000-7fe77aa03000 r--p 00000000 00:204 98787428873               /mnt/primary/conda-envs/semantic_uncertainty_export/lib/python3.11/site-packages/scipy/optimize/_lsap.cpython-311-x86_64-linux-gnu.so
7fe77aa03000-7fe77aa05000 r-xp 00001000 00:204 98787428873               /mnt/primary/conda-envs/semantic_uncertainty_export/lib/python3.11/site-packages/scipy/optimize/_lsap.cpython-311-x86_64-linux-gnu.so
7fe77aa05000-7fe77aa07000 r--p 00003000 00:204 98787428873               /mnt/primary/conda-envs/semantic_uncertainty_export/lib/python3.11/site-packages/scipy/optimize/_lsap.cpython-311-x86_64-linux-gnu.so
7fe77aa07000-7fe77aa08000 r--p 00004000 00:204 98787428873               /mnt/primary/conda-envs/semantic_uncertainty_export/lib/python3.11/site-packages/scipy/optimize/_lsap.cpython-311-x86_64-linux-gnu.so
7fe77aa08000-7fe77aa09000 rw-p 00005000 00:204 98787428873               /mnt/primary/conda-envs/semantic_uncertainty_export/lib/python3.11/site-packages/scipy/optimize/_lsap.cpython-311-x86_64-linux-gnu.so
7fe77aa09000-7fe77aa0d000 r--p 00000000 00:204 105315288609              /mnt/primary/conda-envs/semantic_uncertainty_export/lib/python3.11/site-packages/numexpr/interpreter.cpython-311-x86_64-linux-gnu.so
7fe77aa0d000-7fe77aa29000 r-xp 00004000 00:204 105315288609              /mnt/primary/conda-envs/semantic_uncertainty_export/lib/python3.11/site-packages/numexpr/interpreter.cpython-311-x86_64-linux-gnu.so
7fe77aa29000-7fe77aa2c000 r--p 00020000 00:204 105315288609              /mnt/primary/conda-envs/semantic_uncertainty_export/lib/python3.11/site-packages/numexpr/interpreter.cpython-311-x86_64-linux-gnu.so
7fe77aa2c000-7fe77aa2d000 ---p 00023000 00:204 105315288609              /mnt/primary/conda-envs/semantic_uncertainty_export/lib/python3.11/site-packages/numexpr/interpreter.cpython-311-x86_64-linux-gnu.so
7fe77aa2d000-7fe77aa2e000 r--p 00023000 00:204 105315288609              /mnt/primary/conda-envs/semantic_uncertainty_export/lib/python3.11/site-packages/numexpr/interpreter.cpython-311-x86_64-linux-gnu.so
7fe77aa2e000-7fe77aa2f000 rw-p 00024000 00:204 105315288609              /mnt/primary/conda-envs/semantic_uncertainty_export/lib/python3.11/site-packages/numexpr/interpreter.cpython-311-x86_64-linux-gnu.so
7fe77aa2f000-7fe77aa44000 r--p 00000000 00:204 141832290833              /mnt/primary/conda-envs/semantic_uncertainty_export/lib/python3.11/site-packages/pandas/_libs/hashtable.cpython-311-x86_64-linux-gnu.so
7fe77aa44000-7fe77abb1000 r-xp 00015000 00:204 141832290833              /mnt/primary/conda-envs/semantic_uncertainty_export/lib/python3.11/site-packages/pandas/_libs/hashtable.cpython-311-x86_64-linux-gnu.so
7fe77abb1000-7fe77abd7000 r--p 00182000 00:204 141832290833              /mnt/primary/conda-envs/semantic_uncertainty_export/lib/python3.11/site-packages/pandas/_libs/hashtable.cpython-311-x86_64-linux-gnu.so
7fe77abd7000-7fe77abd8000 r--p 001a7000 00:204 141832290833              /mnt/primary/conda-envs/semantic_uncertainty_export/lib/python3.11/site-packages/pandas/_libs/hashtable.cpython-311-x86_64-linux-gnu.so
7fe77abd8000-7fe77abfa000 rw-p 001a8000 00:204 141832290833              /mnt/primary/conda-envs/semantic_uncertainty_export/lib/python3.11/site-packages/pandas/_libs/hashtable.cpython-311-x86_64-linux-gnu.so
7fe77abfa000-7fe77ac00000 rw-p 00000000 00:00 0 
7fe77b406000-7fe77b409000 r--p 00000000 00:204 141832290854              /mnt/primary/conda-envs/semantic_uncertainty_export/lib/python3.11/site-packages/pandas/_libs/indexing.cpython-311-x86_64-linux-gnu.so
7fe77b409000-7fe77b40f000 r-xp 00003000 00:204 141832290854              /mnt/primary/conda-envs/semantic_uncertainty_export/lib/python3.11/site-packages/pandas/_libs/indexing.cpython-311-x86_64-linux-gnu.so
7fe77b40f000-7fe77b411000 r--p 00009000 00:204 141832290854              /mnt/primary/conda-envs/semantic_uncertainty_export/lib/python3.11/site-packages/pandas/_libs/indexing.cpython-311-x86_64-linux-gnu.so
7fe77b411000-7fe77b412000 r--p 0000a000 00:204 141832290854              /mnt/primary/conda-envs/semantic_uncertainty_export/lib/python3.11/site-packages/pandas/_libs/indexing.cpython-311-x86_64-linux-gnu.so
7fe77b412000-7fe77b413000 rw-p 0000b000 00:204 141832290854              /mnt/primary/conda-envs/semantic_uncertainty_export/lib/python3.11/site-packages/pandas/_libs/indexing.cpython-311-x86_64-linux-gnu.so
7fe77b413000-7fe77b41f000 r--p 00000000 00:204 146028901903              /mnt/primary/conda-envs/semantic_uncertainty_export/lib/python3.11/site-packages/pandas/_libs/tslibs/timedeltas.cpython-311-x86_64-linux-gnu.so
7fe77b41f000-7fe77b488000 r-xp 0000c000 00:204 146028901903              /mnt/primary/conda-envs/semantic_uncertainty_export/lib/python3.11/site-packages/pandas/_libs/tslibs/timedeltas.cpython-311-x86_64-linux-gnu.so
7fe77b488000-7fe77b49a000 r--p 00075000 00:204 146028901903              /mnt/primary/conda-envs/semantic_uncertainty_export/lib/python3.11/site-packages/pandas/_libs/tslibs/timedeltas.cpython-311-x86_64-linux-gnu.so
7fe77b49a000-7fe77b49b000 r--p 00086000 00:204 146028901903              /mnt/primary/conda-envs/semantic_uncertainty_export/lib/python3.11/site-packages/pandas/_libs/tslibs/timedeltas.cpython-311-x86_64-linux-gnu.so
7fe77b49b000-7fe77b4a5000 rw-p 00087000 00:204 146028901903              /mnt/primary/conda-envs/semantic_uncertainty_export/lib/python3.11/site-packages/pandas/_libs/tslibs/timedeltas.cpython-311-x86_64-linux-gnu.so
7fe77b4a5000-7fe77b4a6000 rw-p 00000000 00:00 0 
7fe77b4a6000-7fe77b4b5000 r--p 00000000 00:204 141832290878              /mnt/primary/conda-envs/semantic_uncertainty_export/lib/python3.11/site-packages/pandas/_libs/interval.cpython-311-x86_64-linux-gnu.so
7fe77b4b5000-7fe77b5cf000 r-xp 0000f000 00:204 141832290878              /mnt/primary/conda-envs/semantic_uncertainty_export/lib/python3.11/site-packages/pandas/_libs/interval.cpython-311-x86_64-linux-gnu.so
7fe77b5cf000-7fe77b5f1000 r--p 00129000 00:204 141832290878              /mnt/primary/conda-envs/semantic_uncertainty_export/lib/python3.11/site-packages/pandas/_libs/interval.cpython-311-x86_64-linux-gnu.so
7fe77b5f1000-7fe77b5f2000 r--p 0014a000 00:204 141832290878              /mnt/primary/conda-envs/semantic_uncertainty_export/lib/python3.11/site-packages/pandas/_libs/interval.cpython-311-x86_64-linux-gnu.so
7fe77b5f2000-7fe77b5fe000 rw-p 0014b000 00:204 141832290878              /mnt/primary/conda-envs/semantic_uncertainty_export/lib/python3.11/site-packages/pandas/_libs/interval.cpython-311-x86_64-linux-gnu.so
7fe77b5fe000-7fe77b600000 rw-p 00000000 00:00 0 
7fe77be01000-7fe77be03000 r--p 00000000 00:204 109564600855              /mnt/primary/conda-envs/semantic_uncertainty_export/lib/python3.11/site-packages/scipy/optimize/_highs/_highs_constants.cpython-311-x86_64-linux-gnu.so
7fe77be03000-7fe77be05000 r-xp 00002000 00:204 109564600855              /mnt/primary/conda-envs/semantic_uncertainty_export/lib/python3.11/site-packages/scipy/optimize/_highs/_highs_constants.cpython-311-x86_64-linux-gnu.so
7fe77be05000-7fe77be06000 r--p 00004000 00:204 109564600855              /mnt/primary/conda-envs/semantic_uncertainty_export/lib/python3.11/site-packages/scipy/optimize/_highs/_highs_constants.cpython-311-x86_64-linux-gnu.so
7fe77be06000-7fe77be07000 r--p 00004000 00:204 109564600855              /mnt/primary/conda-envs/semantic_uncertainty_export/lib/python3.11/site-packages/scipy/optimize/_highs/_highs_constants.cpython-311-x86_64-linux-gnu.so
7fe77be07000-7fe77be08000 rw-p 00005000 00:204 109564600855              /mnt/primary/conda-envs/semantic_uncertainty_export/lib/python3.11/site-packages/scipy/optimize/_highs/_highs_constants.cpython-311-x86_64-linux-gnu.so
7fe77be08000-7fe77be19000 r--p 00000000 00:204 147963220524              /mnt/primary/conda-envs/semantic_uncertainty_export/lib/python3.11/site-packages/pandas/_libs/tslibs/offsets.cpython-311-x86_64-linux-gnu.so
7fe77be19000-7fe77becd000 r-xp 00011000 00:204 147963220524              /mnt/primary/conda-envs/semantic_uncertainty_export/lib/python3.11/site-packages/pandas/_libs/tslibs/offsets.cpython-311-x86_64-linux-gnu.so
7fe77becd000-7fe77beea000 r--p 000c5000 00:204 147963220524              /mnt/primary/conda-envs/semantic_uncertainty_export/lib/python3.11/site-packages/pandas/_libs/tslibs/offsets.cpython-311-x86_64-linux-gnu.so
7fe77beea000-7fe77beeb000 r--p 000e1000 00:204 147963220524              /mnt/primary/conda-envs/semantic_uncertainty_export/lib/python3.11/site-packages/pandas/_libs/tslibs/offsets.cpython-311-x86_64-linux-gnu.so
7fe77beeb000-7fe77befd000 rw-p 000e2000 00:204 147963220524              /mnt/primary/conda-envs/semantic_uncertainty_export/lib/python3.11/site-packages/pandas/_libs/tslibs/offsets.cpython-311-x86_64-linux-gnu.so
7fe77befd000-7fe77c000000 rw-p 00000000 00:00 0 
7fe77c000000-7fe77c021000 rw-p 00000000 00:00 0 
7fe77c021000-7fe780000000 ---p 00000000 00:00 0 
7fe780004000-7fe78004f000 r--p 00000000 00:204 169691131396              /mnt/primary/conda-envs/semantic_uncertainty_export/lib/python3.11/site-packages/pyarrow/lib.cpython-311-x86_64-linux-gnu.so
7fe78004f000-7fe7802d0000 r-xp 0004b000 00:204 169691131396              /mnt/primary/conda-envs/semantic_uncertainty_export/lib/python3.11/site-packages/pyarrow/lib.cpython-311-x86_64-linux-gnu.so
7fe7802d0000-7fe7803c8000 r--p 002cc000 00:204 169691131396              /mnt/primary/conda-envs/semantic_uncertainty_export/lib/python3.11/site-packages/pyarrow/lib.cpython-311-x86_64-linux-gnu.so
7fe7803c8000-7fe7803ca000 r--p 003c3000 00:204 169691131396              /mnt/primary/conda-envs/semantic_uncertainty_export/lib/python3.11/site-packages/pyarrow/lib.cpython-311-x86_64-linux-gnu.so
7fe7803ca000-7fe7803f2000 rw-p 003c5000 00:204 169691131396              /mnt/primary/conda-envs/semantic_uncertainty_export/lib/python3.11/site-packages/pyarrow/lib.cpython-311-x86_64-linux-gnu.so
7fe7803f2000-7fe780400000 rw-p 00000000 00:00 0 
7fe780400000-7fe780401000 ---p 00000000 00:00 0 
7fe780401000-7fe780c01000 rw-p 00000000 00:00 0 
7fe780c04000-7fe780c0b000 r--p 00000000 00:204 146028901911              /mnt/primary/conda-envs/semantic_uncertainty_export/lib/python3.11/site-packages/pandas/_libs/tslibs/timezones.cpython-311-x86_64-linux-gnu.so
7fe780c0b000-7fe780c39000 r-xp 00007000 00:204 146028901911              /mnt/primary/conda-envs/semantic_uncertainty_export/lib/python3.11/site-packages/pandas/_libs/tslibs/timezones.cpython-311-x86_64-linux-gnu.so
7fe780c39000-7fe780c41000 r--p 00035000 00:204 146028901911              /mnt/primary/conda-envs/semantic_uncertainty_export/lib/python3.11/site-packages/pandas/_libs/tslibs/timezones.cpython-311-x86_64-linux-gnu.so
7fe780c41000-7fe780c42000 r--p 0003c000 00:204 146028901911              /mnt/primary/conda-envs/semantic_uncertainty_export/lib/python3.11/site-packages/pandas/_libs/tslibs/timezones.cpython-311-x86_64-linux-gnu.so
7fe780c42000-7fe780c46000 rw-p 0003d000 00:204 146028901911              /mnt/primary/conda-envs/semantic_uncertainty_export/lib/python3.11/site-packages/pandas/_libs/tslibs/timezones.cpython-311-x86_64-linux-gnu.so
7fe780c46000-7fe780c47000 rw-p 00000000 00:00 0 
7fe780c47000-7fe780c4f000 r--p 00000000 00:204 146028901904              /mnt/primary/conda-envs/semantic_uncertainty_export/lib/python3.11/site-packages/pandas/_libs/tslibs/nattype.cpython-311-x86_64-linux-gnu.so
7fe780c4f000-7fe780c6d000 r-xp 00008000 00:204 146028901904              /mnt/primary/conda-envs/semantic_uncertainty_export/lib/python3.11/site-packages/pandas/_libs/tslibs/nattype.cpython-311-x86_64-linux-gnu.so
7fe780c6d000-7fe780c79000 r--p 00026000 00:204 146028901904              /mnt/primary/conda-envs/semantic_uncertainty_export/lib/python3.11/site-packages/pandas/_libs/tslibs/nattype.cpython-311-x86_64-linux-gnu.so
7fe780c79000-7fe780c7a000 ---p 00032000 00:204 146028901904              /mnt/primary/conda-envs/semantic_uncertainty_export/lib/python3.11/site-packages/pandas/_libs/tslibs/nattype.cpython-311-x86_64-linux-gnu.so
7fe780c7a000-7fe780c7b000 r--p 00032000 00:204 146028901904              /mnt/primary/conda-envs/semantic_uncertainty_export/lib/python3.11/site-packages/pandas/_libs/tslibs/nattype.cpython-311-x86_64-linux-gnu.so
7fe780c7b000-7fe780c80000 rw-p 00033000 00:204 146028901904              /mnt/primary/conda-envs/semantic_uncertainty_export/lib/python3.11/site-packages/pandas/_libs/tslibs/nattype.cpython-311-x86_64-linux-gnu.so
7fe780c80000-7fe780c81000 rw-p 00000000 00:00 0 
7fe780c81000-7fe780cd9000 r--p 00000000 00:204 169691131402              /mnt/primary/conda-envs/semantic_uncertainty_export/lib/python3.11/site-packages/pyarrow/libarrow_acero.so.2000
7fe780cd9000-7fe780dbe000 r-xp 00058000 00:204 169691131402              /mnt/primary/conda-envs/semantic_uncertainty_export/lib/python3.11/site-packages/pyarrow/libarrow_acero.so.2000
7fe780dbe000-7fe780df7000 r--p 0013d000 00:204 169691131402              /mnt/primary/conda-envs/semantic_uncertainty_export/lib/python3.11/site-packages/pyarrow/libarrow_acero.so.2000
7fe780df7000-7fe780df8000 ---p 00176000 00:204 169691131402              /mnt/primary/conda-envs/semantic_uncertainty_export/lib/python3.11/site-packages/pyarrow/libarrow_acero.so.2000
7fe780df8000-7fe780dfd000 r--p 00176000 00:204 169691131402              /mnt/primary/conda-envs/semantic_uncertainty_export/lib/python3.11/site-packages/pyarrow/libarrow_acero.so.2000
7fe780dfd000-7fe780e00000 rw-p 0017b000 00:204 169691131402              /mnt/primary/conda-envs/semantic_uncertainty_export/lib/python3.11/site-packages/pyarrow/libarrow_acero.so.2000
7fe780e00000-7fe780e01000 ---p 00000000 00:00 0 
7fe780e01000-7fe781601000 rw-p 00000000 00:00 0 
7fe781601000-7fe781602000 r--p 00000000 00:204 159264572988              /mnt/primary/conda-envs/semantic_uncertainty_export/lib/python3.11/site-packages/matplotlib/_c_internal_utils.cpython-311-x86_64-linux-gnu.so
7fe781602000-7fe781603000 r-xp 00001000 00:204 159264572988              /mnt/primary/conda-envs/semantic_uncertainty_export/lib/python3.11/site-packages/matplotlib/_c_internal_utils.cpython-311-x86_64-linux-gnu.so
7fe781603000-7fe781604000 r--p 00002000 00:204 159264572988              /mnt/primary/conda-envs/semantic_uncertainty_export/lib/python3.11/site-packages/matplotlib/_c_internal_utils.cpython-311-x86_64-linux-gnu.so
7fe781604000-7fe781605000 r--p 00002000 00:204 159264572988              /mnt/primary/conda-envs/semantic_uncertainty_export/lib/python3.11/site-packages/matplotlib/_c_internal_utils.cpython-311-x86_64-linux-gnu.so
7fe781605000-7fe781606000 rw-p 00003000 00:204 159264572988              /mnt/primary/conda-envs/semantic_uncertainty_export/lib/python3.11/site-packages/matplotlib/_c_internal_utils.cpython-311-x86_64-linux-gnu.so
7fe781606000-7fe781608000 r--p 00000000 00:204 58046899229               /mnt/primary/conda-envs/semantic_uncertainty_export/lib/python3.11/site-packages/bottleneck/nonreduce_axis.cpython-311-x86_64-linux-gnu.so
7fe781608000-7fe78160e000 r-xp 00002000 00:204 58046899229               /mnt/primary/conda-envs/semantic_uncertainty_export/lib/python3.11/site-packages/bottleneck/nonreduce_axis.cpython-311-x86_64-linux-gnu.so
7fe78160e000-7fe78160f000 r--p 00008000 00:204 58046899229               /mnt/primary/conda-envs/semantic_uncertainty_export/lib/python3.11/site-packages/bottleneck/nonreduce_axis.cpython-311-x86_64-linux-gnu.so
7fe78160f000-7fe781610000 r--p 00008000 00:204 58046899229               /mnt/primary/conda-envs/semantic_uncertainty_export/lib/python3.11/site-packages/bottleneck/nonreduce_axis.cpython-311-x86_64-linux-gnu.so
7fe781610000-7fe781612000 rw-p 00009000 00:204 58046899229               /mnt/primary/conda-envs/semantic_uncertainty_export/lib/python3.11/site-packages/bottleneck/nonreduce_axis.cpython-311-x86_64-linux-gnu.so
7fe781612000-7fe781616000 r--p 00000000 00:204 141832290862              /mnt/primary/conda-envs/semantic_uncertainty_export/lib/python3.11/site-packages/pandas/_libs/ops_dispatch.cpython-311-x86_64-linux-gnu.so
7fe781616000-7fe78161d000 r-xp 00004000 00:204 141832290862              /mnt/primary/conda-envs/semantic_uncertainty_export/lib/python3.11/site-packages/pandas/_libs/ops_dispatch.cpython-311-x86_64-linux-gnu.so
7fe78161d000-7fe78161f000 r--p 0000b000 00:204 141832290862              /mnt/primary/conda-envs/semantic_uncertainty_export/lib/python3.11/site-packages/pandas/_libs/ops_dispatch.cpython-311-x86_64-linux-gnu.so
7fe78161f000-7fe781620000 r--p 0000c000 00:204 141832290862              /mnt/primary/conda-envs/semantic_uncertainty_export/lib/python3.11/site-packages/pandas/_libs/ops_dispatch.cpython-311-x86_64-linux-gnu.so
7fe781620000-7fe781622000 rw-p 0000d000 00:204 141832290862              /mnt/primary/conda-envs/semantic_uncertainty_export/lib/python3.11/site-packages/pandas/_libs/ops_dispatch.cpython-311-x86_64-linux-gnu.so
7fe781622000-7fe781625000 r--p 00000000 00:204 141832290869              /mnt/primary/conda-envs/semantic_uncertainty_export/lib/python3.11/site-packages/pandas/_libs/properties.cpython-311-x86_64-linux-gnu.so
7fe781625000-7fe78162e000 r-xp 00003000 00:204 141832290869              /mnt/primary/conda-envs/semantic_uncertainty_export/lib/python3.11/site-packages/pandas/_libs/properties.cpython-311-x86_64-linux-gnu.so
7fe78162e000-7fe781630000 r--p 0000c000 00:204 141832290869              /mnt/primary/conda-envs/semantic_uncertainty_export/lib/python3.11/site-packages/pandas/_libs/properties.cpython-311-x86_64-linux-gnu.so
7fe781630000-7fe781631000 r--p 0000d000 00:204 141832290869              /mnt/primary/conda-envs/semantic_uncertainty_export/lib/python3.11/site-packages/pandas/_libs/properties.cpython-311-x86_64-linux-gnu.so
7fe781631000-7fe781633000 rw-p 0000e000 00:204 141832290869              /mnt/primary/conda-envs/semantic_uncertainty_export/lib/python3.11/site-packages/pandas/_libs/properties.cpython-311-x86_64-linux-gnu.so
7fe781633000-7fe7816dc000 r--p 00000000 00:204 169691131403              /mnt/primary/conda-envs/semantic_uncertainty_export/lib/python3.11/site-packages/pyarrow/libarrow_dataset.so.2000
7fe7816dc000-7fe7817af000 r-xp 000a9000 00:204 169691131403              /mnt/primary/conda-envs/semantic_uncertainty_export/lib/python3.11/site-packages/pyarrow/libarrow_dataset.so.2000
7fe7817af000-7fe7817f4000 r--p 0017c000 00:204 169691131403              /mnt/primary/conda-envs/semantic_uncertainty_export/lib/python3.11/site-packages/pyarrow/libarrow_dataset.so.2000
7fe7817f4000-7fe7817f5000 ---p 001c1000 00:204 169691131403              /mnt/primary/conda-envs/semantic_uncertainty_export/lib/python3.11/site-packages/pyarrow/libarrow_dataset.so.2000
7fe7817f5000-7fe7817fd000 r--p 001c1000 00:204 169691131403              /mnt/primary/conda-envs/semantic_uncertainty_export/lib/python3.11/site-packages/pyarrow/libarrow_dataset.so.2000
7fe7817fd000-7fe7817ff000 rw-p 001c9000 00:204 169691131403              /mnt/primary/conda-envs/semantic_uncertainty_export/lib/python3.11/site-packages/pyarrow/libarrow_dataset.so.2000
7fe7817ff000-7fe781800000 rw-p 00000000 00:00 0 
7fe782002000-7fe782003000 r--p 00000000 00:204 98787428908               /mnt/primary/conda-envs/semantic_uncertainty_export/lib/python3.11/site-packages/scipy/optimize/_zeros.cpython-311-x86_64-linux-gnu.so
7fe782003000-7fe782005000 r-xp 00001000 00:204 98787428908               /mnt/primary/conda-envs/semantic_uncertainty_export/lib/python3.11/site-packages/scipy/optimize/_zeros.cpython-311-x86_64-linux-gnu.so
7fe782005000-7fe782006000 r--p 00003000 00:204 98787428908               /mnt/primary/conda-envs/semantic_uncertainty_export/lib/python3.11/site-packages/scipy/optimize/_zeros.cpython-311-x86_64-linux-gnu.so
7fe782006000-7fe782007000 r--p 00003000 00:204 98787428908               /mnt/primary/conda-envs/semantic_uncertainty_export/lib/python3.11/site-packages/scipy/optimize/_zeros.cpython-311-x86_64-linux-gnu.so
7fe782007000-7fe782008000 rw-p 00004000 00:204 98787428908               /mnt/primary/conda-envs/semantic_uncertainty_export/lib/python3.11/site-packages/scipy/optimize/_zeros.cpython-311-x86_64-linux-gnu.so
7fe782008000-7fe782095000 r--p 00000000 00:204 169691131406              /mnt/primary/conda-envs/semantic_uncertainty_export/lib/python3.11/site-packages/pyarrow/libarrow_python.so.2000
7fe782095000-7fe7821ad000 r-xp 0008d000 00:204 169691131406              /mnt/primary/conda-envs/semantic_uncertainty_export/lib/python3.11/site-packages/pyarrow/libarrow_python.so.2000
7fe7821ad000-7fe7821f1000 r--p 001a5000 00:204 169691131406              /mnt/primary/conda-envs/semantic_uncertainty_export/lib/python3.11/site-packages/pyarrow/libarrow_python.so.2000
7fe7821f1000-7fe7821fd000 r--p 001e8000 00:204 169691131406              /mnt/primary/conda-envs/semantic_uncertainty_export/lib/python3.11/site-packages/pyarrow/libarrow_python.so.2000
7fe7821fd000-7fe782200000 rw-p 001f4000 00:204 169691131406              /mnt/primary/conda-envs/semantic_uncertainty_export/lib/python3.11/site-packages/pyarrow/libarrow_python.so.2000
7fe782a05000-7fe782a08000 r--p 00000000 00:204 146028901906              /mnt/primary/conda-envs/semantic_uncertainty_export/lib/python3.11/site-packages/pandas/_libs/tslibs/ccalendar.cpython-311-x86_64-linux-gnu.so
7fe782a08000-7fe782a13000 r-xp 00003000 00:204 146028901906              /mnt/primary/conda-envs/semantic_uncertainty_export/lib/python3.11/site-packages/pandas/_libs/tslibs/ccalendar.cpython-311-x86_64-linux-gnu.so
7fe782a13000-7fe782a15000 r--p 0000e000 00:204 146028901906              /mnt/primary/conda-envs/semantic_uncertainty_export/lib/python3.11/site-packages/pandas/_libs/tslibs/ccalendar.cpython-311-x86_64-linux-gnu.so
7fe782a15000-7fe782a16000 r--p 0000f000 00:204 146028901906              /mnt/primary/conda-envs/semantic_uncertainty_export/lib/python3.11/site-packages/pandas/_libs/tslibs/ccalendar.cpython-311-x86_64-linux-gnu.so
7fe782a16000-7fe782a18000 rw-p 00010000 00:204 146028901906              /mnt/primary/conda-envs/semantic_uncertainty_export/lib/python3.11/site-packages/pandas/_libs/tslibs/ccalendar.cpython-311-x86_64-linux-gnu.so
7fe782a18000-7fe782a1a000 r--p 00000000 00:204 45438356031               /mnt/primary/conda-envs/semantic_uncertainty_export/lib/python3.11/lib-dynload/_zoneinfo.cpython-311-x86_64-linux-gnu.so
7fe782a1a000-7fe782a1f000 r-xp 00002000 00:204 45438356031               /mnt/primary/conda-envs/semantic_uncertainty_export/lib/python3.11/lib-dynload/_zoneinfo.cpython-311-x86_64-linux-gnu.so
7fe782a1f000-7fe782a20000 r--p 00007000 00:204 45438356031               /mnt/primary/conda-envs/semantic_uncertainty_export/lib/python3.11/lib-dynload/_zoneinfo.cpython-311-x86_64-linux-gnu.so
7fe782a20000-7fe782a21000 ---p 00008000 00:204 45438356031               /mnt/primary/conda-envs/semantic_uncertainty_export/lib/python3.11/lib-dynload/_zoneinfo.cpython-311-x86_64-linux-gnu.so
7fe782a21000-7fe782a22000 r--p 00008000 00:204 45438356031               /mnt/primary/conda-envs/semantic_uncertainty_export/lib/python3.11/lib-dynload/_zoneinfo.cpython-311-x86_64-linux-gnu.so
7fe782a22000-7fe782a23000 rw-p 00009000 00:204 45438356031               /mnt/primary/conda-envs/semantic_uncertainty_export/lib/python3.11/lib-dynload/_zoneinfo.cpython-311-x86_64-linux-gnu.so
7fe782a23000-7fe782a31000 r--p 00000000 00:204 146028901892              /mnt/primary/conda-envs/semantic_uncertainty_export/lib/python3.11/site-packages/pandas/_libs/tslibs/timestamps.cpython-311-x86_64-linux-gnu.so
7fe782a31000-7fe782a95000 r-xp 0000e000 00:204 146028901892              /mnt/primary/conda-envs/semantic_uncertainty_export/lib/python3.11/site-packages/pandas/_libs/tslibs/timestamps.cpython-311-x86_64-linux-gnu.so
7fe782a95000-7fe782aaf000 r--p 00072000 00:204 146028901892              /mnt/primary/conda-envs/semantic_uncertainty_export/lib/python3.11/site-packages/pandas/_libs/tslibs/timestamps.cpython-311-x86_64-linux-gnu.so
7fe782aaf000-7fe782ab0000 r--p 0008b000 00:204 146028901892              /mnt/primary/conda-envs/semantic_uncertainty_export/lib/python3.11/site-packages/pandas/_libs/tslibs/timestamps.cpython-311-x86_64-linux-gnu.so
7fe782ab0000-7fe782ac0000 rw-p 0008c000 00:204 146028901892              /mnt/primary/conda-envs/semantic_uncertainty_export/lib/python3.11/site-packages/pandas/_libs/tslibs/timestamps.cpython-311-x86_64-linux-gnu.so
7fe782ac0000-7fe782ac2000 rw-p 00000000 00:00 0 
7fe782ac2000-7fe782ac9000 r--p 00000000 00:204 146028901893              /mnt/primary/conda-envs/semantic_uncertainty_export/lib/python3.11/site-packages/pandas/_libs/tslibs/conversion.cpython-311-x86_64-linux-gnu.so
7fe782ac9000-7fe782af3000 r-xp 00007000 00:204 146028901893              /mnt/primary/conda-envs/semantic_uncertainty_export/lib/python3.11/site-packages/pandas/_libs/tslibs/conversion.cpython-311-x86_64-linux-gnu.so
7fe782af3000-7fe782afa000 r--p 00031000 00:204 146028901893              /mnt/primary/conda-envs/semantic_uncertainty_export/lib/python3.11/site-packages/pandas/_libs/tslibs/conversion.cpython-311-x86_64-linux-gnu.so
7fe782afa000-7fe782afb000 ---p 00038000 00:204 146028901893              /mnt/primary/conda-envs/semantic_uncertainty_export/lib/python3.11/site-packages/pandas/_libs/tslibs/conversion.cpython-311-x86_64-linux-gnu.so
7fe782afb000-7fe782afc000 r--p 00038000 00:204 146028901893              /mnt/primary/conda-envs/semantic_uncertainty_export/lib/python3.11/site-packages/pandas/_libs/tslibs/conversion.cpython-311-x86_64-linux-gnu.so
7fe782afc000-7fe782b00000 rw-p 00039000 00:204 146028901893              /mnt/primary/conda-envs/semantic_uncertainty_export/lib/python3.11/site-packages/pandas/_libs/tslibs/conversion.cpython-311-x86_64-linux-gnu.so
7fe782b00000-7fe782c00000 rw-p 00000000 00:00 0 
7fe783401000-7fe783402000 r--p 00000000 00:204 45438356018               /mnt/primary/conda-envs/semantic_uncertainty_export/lib/python3.11/lib-dynload/_statistics.cpython-311-x86_64-linux-gnu.so
7fe783402000-7fe783403000 r-xp 00001000 00:204 45438356018               /mnt/primary/conda-envs/semantic_uncertainty_export/lib/python3.11/lib-dynload/_statistics.cpython-311-x86_64-linux-gnu.so
7fe783403000-7fe783404000 r--p 00002000 00:204 45438356018               /mnt/primary/conda-envs/semantic_uncertainty_export/lib/python3.11/lib-dynload/_statistics.cpython-311-x86_64-linux-gnu.so
7fe783404000-7fe783405000 r--p 00002000 00:204 45438356018               /mnt/primary/conda-envs/semantic_uncertainty_export/lib/python3.11/lib-dynload/_statistics.cpython-311-x86_64-linux-gnu.so
7fe783405000-7fe783406000 rw-p 00003000 00:204 45438356018               /mnt/primary/conda-envs/semantic_uncertainty_export/lib/python3.11/lib-dynload/_statistics.cpython-311-x86_64-linux-gnu.so
7fe783406000-7fe783409000 r--p 00000000 00:204 146028901897              /mnt/primary/conda-envs/semantic_uncertainty_export/lib/python3.11/site-packages/pandas/_libs/tslibs/base.cpython-311-x86_64-linux-gnu.so
7fe783409000-7fe78340e000 r-xp 00003000 00:204 146028901897              /mnt/primary/conda-envs/semantic_uncertainty_export/lib/python3.11/site-packages/pandas/_libs/tslibs/base.cpython-311-x86_64-linux-gnu.so
7fe78340e000-7fe783410000 r--p 00008000 00:204 146028901897              /mnt/primary/conda-envs/semantic_uncertainty_export/lib/python3.11/site-packages/pandas/_libs/tslibs/base.cpython-311-x86_64-linux-gnu.so
7fe783410000-7fe783411000 r--p 00009000 00:204 146028901897              /mnt/primary/conda-envs/semantic_uncertainty_export/lib/python3.11/site-packages/pandas/_libs/tslibs/base.cpython-311-x86_64-linux-gnu.so
7fe783411000-7fe783412000 rw-p 0000a000 00:204 146028901897              /mnt/primary/conda-envs/semantic_uncertainty_export/lib/python3.11/site-packages/pandas/_libs/tslibs/base.cpython-311-x86_64-linux-gnu.so
7fe783412000-7fe783416000 r--p 00000000 00:204 146028901910              /mnt/primary/conda-envs/semantic_uncertainty_export/lib/python3.11/site-packages/pandas/_libs/tslibs/np_datetime.cpython-311-x86_64-linux-gnu.so
7fe783416000-7fe783429000 r-xp 00004000 00:204 146028901910              /mnt/primary/conda-envs/semantic_uncertainty_export/lib/python3.11/site-packages/pandas/_libs/tslibs/np_datetime.cpython-311-x86_64-linux-gnu.so
7fe783429000-7fe78342d000 r--p 00017000 00:204 146028901910              /mnt/primary/conda-envs/semantic_uncertainty_export/lib/python3.11/site-packages/pandas/_libs/tslibs/np_datetime.cpython-311-x86_64-linux-gnu.so
7fe78342d000-7fe78342e000 r--p 0001a000 00:204 146028901910              /mnt/primary/conda-envs/semantic_uncertainty_export/lib/python3.11/site-packages/pandas/_libs/tslibs/np_datetime.cpython-311-x86_64-linux-gnu.so
7fe78342e000-7fe783430000 rw-p 0001b000 00:204 146028901910              /mnt/primary/conda-envs/semantic_uncertainty_export/lib/python3.11/site-packages/pandas/_libs/tslibs/np_datetime.cpython-311-x86_64-linux-gnu.so
7fe783430000-7fe783436000 r--p 00000000 00:204 146028901907              /mnt/primary/conda-envs/semantic_uncertainty_export/lib/python3.11/site-packages/pandas/_libs/tslibs/dtypes.cpython-311-x86_64-linux-gnu.so
7fe783436000-7fe78344e000 r-xp 00006000 00:204 146028901907              /mnt/primary/conda-envs/semantic_uncertainty_export/lib/python3.11/site-packages/pandas/_libs/tslibs/dtypes.cpython-311-x86_64-linux-gnu.so
7fe78344e000-7fe783453000 r--p 0001e000 00:204 146028901907              /mnt/primary/conda-envs/semantic_uncertainty_export/lib/python3.11/site-packages/pandas/_libs/tslibs/dtypes.cpython-311-x86_64-linux-gnu.so
7fe783453000-7fe783454000 r--p 00022000 00:204 146028901907              /mnt/primary/conda-envs/semantic_uncertainty_export/lib/python3.11/site-packages/pandas/_libs/tslibs/dtypes.cpython-311-x86_64-linux-gnu.so
7fe783454000-7fe783458000 rw-p 00023000 00:204 146028901907              /mnt/primary/conda-envs/semantic_uncertainty_export/lib/python3.11/site-packages/pandas/_libs/tslibs/dtypes.cpython-311-x86_64-linux-gnu.so
7fe783458000-7fe78345f000 r--p 00000000 00:204 141832290848              /mnt/primary/conda-envs/semantic_uncertainty_export/lib/python3.11/site-packages/pandas/_libs/missing.cpython-311-x86_64-linux-gnu.so
7fe78345f000-7fe78347f000 r-xp 00007000 00:204 141832290848              /mnt/primary/conda-envs/semantic_uncertainty_export/lib/python3.11/site-packages/pandas/_libs/missing.cpython-311-x86_64-linux-gnu.so
7fe78347f000-7fe783485000 r--p 00027000 00:204 141832290848              /mnt/primary/conda-envs/semantic_uncertainty_export/lib/python3.11/site-packages/pandas/_libs/missing.cpython-311-x86_64-linux-gnu.so
7fe783485000-7fe783486000 r--p 0002c000 00:204 141832290848              /mnt/primary/conda-envs/semantic_uncertainty_export/lib/python3.11/site-packages/pandas/_libs/missing.cpython-311-x86_64-linux-gnu.so
7fe783486000-7fe78348a000 rw-p 0002d000 00:204 141832290848              /mnt/primary/conda-envs/semantic_uncertainty_export/lib/python3.11/site-packages/pandas/_libs/missing.cpython-311-x86_64-linux-gnu.so
7fe78348a000-7fe78348b000 rw-p 00000000 00:00 0 
7fe78348b000-7fe783493000 r--p 00000000 00:204 171102352957              /mnt/primary/conda-envs/semantic_uncertainty_export/lib/python3.11/site-packages/numpy/random/_generator.cpython-311-x86_64-linux-gnu.so
7fe783493000-7fe783506000 r-xp 00008000 00:204 171102352957              /mnt/primary/conda-envs/semantic_uncertainty_export/lib/python3.11/site-packages/numpy/random/_generator.cpython-311-x86_64-linux-gnu.so
7fe783506000-7fe78355a000 r--p 0007b000 00:204 171102352957              /mnt/primary/conda-envs/semantic_uncertainty_export/lib/python3.11/site-packages/numpy/random/_generator.cpython-311-x86_64-linux-gnu.so
7fe78355a000-7fe78355b000 r--p 000ce000 00:204 171102352957              /mnt/primary/conda-envs/semantic_uncertainty_export/lib/python3.11/site-packages/numpy/random/_generator.cpython-311-x86_64-linux-gnu.so
7fe78355b000-7fe78355d000 rw-p 000cf000 00:204 171102352957              /mnt/primary/conda-envs/semantic_uncertainty_export/lib/python3.11/site-packages/numpy/random/_generator.cpython-311-x86_64-linux-gnu.so
7fe78355d000-7fe78355f000 rw-p 00000000 00:00 0 
7fe78355f000-7fe783562000 r--p 00000000 00:204 171102376449              /mnt/primary/conda-envs/semantic_uncertainty_export/lib/python3.11/site-packages/numpy/random/_pcg64.cpython-311-x86_64-linux-gnu.so
7fe783562000-7fe783571000 r-xp 00003000 00:204 171102376449              /mnt/primary/conda-envs/semantic_uncertainty_export/lib/python3.11/site-packages/numpy/random/_pcg64.cpython-311-x86_64-linux-gnu.so
7fe783571000-7fe783576000 r--p 00012000 00:204 171102376449              /mnt/primary/conda-envs/semantic_uncertainty_export/lib/python3.11/site-packages/numpy/random/_pcg64.cpython-311-x86_64-linux-gnu.so
7fe783576000-7fe783577000 ---p 00017000 00:204 171102376449              /mnt/primary/conda-envs/semantic_uncertainty_export/lib/python3.11/site-packages/numpy/random/_pcg64.cpython-311-x86_64-linux-gnu.so
7fe783577000-7fe783578000 r--p 00017000 00:204 171102376449              /mnt/primary/conda-envs/semantic_uncertainty_export/lib/python3.11/site-packages/numpy/random/_pcg64.cpython-311-x86_64-linux-gnu.so
7fe783578000-7fe783579000 rw-p 00018000 00:204 171102376449              /mnt/primary/conda-envs/semantic_uncertainty_export/lib/python3.11/site-packages/numpy/random/_pcg64.cpython-311-x86_64-linux-gnu.so
7fe783579000-7fe78357e000 r--p 00000000 00:204 171102352953              /mnt/primary/conda-envs/semantic_uncertainty_export/lib/python3.11/site-packages/numpy/random/_bounded_integers.cpython-311-x86_64-linux-gnu.so
7fe78357e000-7fe7835bd000 r-xp 00005000 00:204 171102352953              /mnt/primary/conda-envs/semantic_uncertainty_export/lib/python3.11/site-packages/numpy/random/_bounded_integers.cpython-311-x86_64-linux-gnu.so
7fe7835bd000-7fe7835c6000 r--p 00044000 00:204 171102352953              /mnt/primary/conda-envs/semantic_uncertainty_export/lib/python3.11/site-packages/numpy/random/_bounded_integers.cpython-311-x86_64-linux-gnu.so
7fe7835c6000-7fe7835c7000 r--p 0004c000 00:204 171102352953              /mnt/primary/conda-envs/semantic_uncertainty_export/lib/python3.11/site-packages/numpy/random/_bounded_integers.cpython-311-x86_64-linux-gnu.so
7fe7835c7000-7fe7835c8000 rw-p 0004d000 00:204 171102352953              /mnt/primary/conda-envs/semantic_uncertainty_export/lib/python3.11/site-packages/numpy/random/_bounded_integers.cpython-311-x86_64-linux-gnu.so
7fe7835c8000-7fe7835c9000 rw-p 00000000 00:00 0 
7fe7835c9000-7fe7835cd000 r--p 00000000 00:204 171102352955              /mnt/primary/conda-envs/semantic_uncertainty_export/lib/python3.11/site-packages/numpy/random/_common.cpython-311-x86_64-linux-gnu.so
7fe7835cd000-7fe7835f8000 r-xp 00004000 00:204 171102352955              /mnt/primary/conda-envs/semantic_uncertainty_export/lib/python3.11/site-packages/numpy/random/_common.cpython-311-x86_64-linux-gnu.so
7fe7835f8000-7fe7835fc000 r--p 0002f000 00:204 171102352955              /mnt/primary/conda-envs/semantic_uncertainty_export/lib/python3.11/site-packages/numpy/random/_common.cpython-311-x86_64-linux-gnu.so
7fe7835fc000-7fe7835fd000 ---p 00033000 00:204 171102352955              /mnt/primary/conda-envs/semantic_uncertainty_export/lib/python3.11/site-packages/numpy/random/_common.cpython-311-x86_64-linux-gnu.so
7fe7835fd000-7fe7835fe000 r--p 00033000 00:204 171102352955              /mnt/primary/conda-envs/semantic_uncertainty_export/lib/python3.11/site-packages/numpy/random/_common.cpython-311-x86_64-linux-gnu.so
7fe7835fe000-7fe7835ff000 rw-p 00034000 00:204 171102352955              /mnt/primary/conda-envs/semantic_uncertainty_export/lib/python3.11/site-packages/numpy/random/_common.cpython-311-x86_64-linux-gnu.so
7fe7835ff000-7fe783600000 rw-p 00000000 00:00 0 
7fe783d04000-7fe783d08000 ---p 00000000 00:00 0 
7fe783d08000-7fe783e04000 rw-p 00000000 00:00 0 
7fe783e04000-7fe783e05000 r--p 00000000 00:204 58046899228               /mnt/primary/conda-envs/semantic_uncertainty_export/lib/python3.11/site-packages/bottleneck/nonreduce.cpython-311-x86_64-linux-gnu.so
7fe783e05000-7fe783e07000 r-xp 00001000 00:204 58046899228               /mnt/primary/conda-envs/semantic_uncertainty_export/lib/python3.11/site-packages/bottleneck/nonreduce.cpython-311-x86_64-linux-gnu.so
7fe783e07000-7fe783e08000 r--p 00003000 00:204 58046899228               /mnt/primary/conda-envs/semantic_uncertainty_export/lib/python3.11/site-packages/bottleneck/nonreduce.cpython-311-x86_64-linux-gnu.so
7fe783e08000-7fe783e09000 r--p 00003000 00:204 58046899228               /mnt/primary/conda-envs/semantic_uncertainty_export/lib/python3.11/site-packages/bottleneck/nonreduce.cpython-311-x86_64-linux-gnu.so
7fe783e09000-7fe783e0a000 rw-p 00004000 00:204 58046899228               /mnt/primary/conda-envs/semantic_uncertainty_export/lib/python3.11/site-packages/bottleneck/nonreduce.cpython-311-x86_64-linux-gnu.so
7fe783e0a000-7fe783e0c000 r--p 00000000 00:204 141832290876              /mnt/primary/conda-envs/semantic_uncertainty_export/lib/python3.11/site-packages/pandas/_libs/pandas_parser.cpython-311-x86_64-linux-gnu.so
7fe783e0c000-7fe783e12000 r-xp 00002000 00:204 141832290876              /mnt/primary/conda-envs/semantic_uncertainty_export/lib/python3.11/site-packages/pandas/_libs/pandas_parser.cpython-311-x86_64-linux-gnu.so
7fe783e12000-7fe783e14000 r--p 00008000 00:204 141832290876              /mnt/primary/conda-envs/semantic_uncertainty_export/lib/python3.11/site-packages/pandas/_libs/pandas_parser.cpython-311-x86_64-linux-gnu.so
7fe783e14000-7fe783e15000 r--p 00009000 00:204 141832290876              /mnt/primary/conda-envs/semantic_uncertainty_export/lib/python3.11/site-packages/pandas/_libs/pandas_parser.cpython-311-x86_64-linux-gnu.so
7fe783e15000-7fe783e16000 rw-p 0000a000 00:204 141832290876              /mnt/primary/conda-envs/semantic_uncertainty_export/lib/python3.11/site-packages/pandas/_libs/pandas_parser.cpython-311-x86_64-linux-gnu.so
7fe783e16000-7fe783e19000 r--p 00000000 00:204 171102376451              /mnt/primary/conda-envs/semantic_uncertainty_export/lib/python3.11/site-packages/numpy/random/_philox.cpython-311-x86_64-linux-gnu.so
7fe783e19000-7fe783e23000 r-xp 00003000 00:204 171102376451              /mnt/primary/conda-envs/semantic_uncertainty_export/lib/python3.11/site-packages/numpy/random/_philox.cpython-311-x86_64-linux-gnu.so
7fe783e23000-7fe783e27000 r--p 0000d000 00:204 171102376451              /mnt/primary/conda-envs/semantic_uncertainty_export/lib/python3.11/site-packages/numpy/random/_philox.cpython-311-x86_64-linux-gnu.so
7fe783e27000-7fe783e28000 ---p 00011000 00:204 171102376451              /mnt/primary/conda-envs/semantic_uncertainty_export/lib/python3.11/site-packages/numpy/random/_philox.cpython-311-x86_64-linux-gnu.so
7fe783e28000-7fe783e29000 r--p 00011000 00:204 171102376451              /mnt/primary/conda-envs/semantic_uncertainty_export/lib/python3.11/site-packages/numpy/random/_philox.cpython-311-x86_64-linux-gnu.so
7fe783e29000-7fe783e2a000 rw-p 00012000 00:204 171102376451              /mnt/primary/conda-envs/semantic_uncertainty_export/lib/python3.11/site-packages/numpy/random/_philox.cpython-311-x86_64-linux-gnu.so
7fe783e2a000-7fe783e2b000 ---p 00000000 00:00 0 
7fe783e2b000-7fe783e2c000 r--p 00000000 00:00 0 
7fe783e2c000-7fe783e2d000 r--p 00000000 00:204 18670668801               /mnt/primary/conda-envs/semantic_uncertainty_export/lib/python3.11/site-packages/markupsafe/_speedups.cpython-311-x86_64-linux-gnu.so
7fe783e2d000-7fe783e2e000 r-xp 00001000 00:204 18670668801               /mnt/primary/conda-envs/semantic_uncertainty_export/lib/python3.11/site-packages/markupsafe/_speedups.cpython-311-x86_64-linux-gnu.so
7fe783e2e000-7fe783e2f000 r--p 00002000 00:204 18670668801               /mnt/primary/conda-envs/semantic_uncertainty_export/lib/python3.11/site-packages/markupsafe/_speedups.cpython-311-x86_64-linux-gnu.so
7fe783e2f000-7fe783e30000 r--p 00002000 00:204 18670668801               /mnt/primary/conda-envs/semantic_uncertainty_export/lib/python3.11/site-packages/markupsafe/_speedups.cpython-311-x86_64-linux-gnu.so
7fe783e30000-7fe783e31000 rw-p 00003000 00:204 18670668801               /mnt/primary/conda-envs/semantic_uncertainty_export/lib/python3.11/site-packages/markupsafe/_speedups.cpython-311-x86_64-linux-gnu.so
7fe783e31000-7fe783e32000 r--p 00000000 00:204 135391191608              /mnt/primary/conda-envs/semantic_uncertainty_export/lib/python3.11/site-packages/torch/_C.cpython-311-x86_64-linux-gnu.so
7fe783e32000-7fe783e33000 r-xp 00001000 00:204 135391191608              /mnt/primary/conda-envs/semantic_uncertainty_export/lib/python3.11/site-packages/torch/_C.cpython-311-x86_64-linux-gnu.so
7fe783e33000-7fe783e34000 r--p 00002000 00:204 135391191608              /mnt/primary/conda-envs/semantic_uncertainty_export/lib/python3.11/site-packages/torch/_C.cpython-311-x86_64-linux-gnu.so
7fe783e34000-7fe783e35000 r--p 00002000 00:204 135391191608              /mnt/primary/conda-envs/semantic_uncertainty_export/lib/python3.11/site-packages/torch/_C.cpython-311-x86_64-linux-gnu.so
7fe783e35000-7fe783e36000 rw-p 00003000 00:204 135391191608              /mnt/primary/conda-envs/semantic_uncertainty_export/lib/python3.11/site-packages/torch/_C.cpython-311-x86_64-linux-gnu.so
7fe783e36000-7fe783e37000 r--p 00000000 00:204 81779481649               /mnt/primary/conda-envs/semantic_uncertainty_export/lib/python3.11/site-packages/torch/lib/libtorch_global_deps.so
7fe783e37000-7fe783e38000 r-xp 00001000 00:204 81779481649               /mnt/primary/conda-envs/semantic_uncertainty_export/lib/python3.11/site-packages/torch/lib/libtorch_global_deps.so
7fe783e38000-7fe783e39000 r--p 00002000 00:204 81779481649               /mnt/primary/conda-envs/semantic_uncertainty_export/lib/python3.11/site-packages/torch/lib/libtorch_global_deps.so
7fe783e39000-7fe783e3a000 r--p 00002000 00:204 81779481649               /mnt/primary/conda-envs/semantic_uncertainty_export/lib/python3.11/site-packages/torch/lib/libtorch_global_deps.so
7fe783e3a000-7fe783e3b000 rw-p 00003000 00:204 81779481649               /mnt/primary/conda-envs/semantic_uncertainty_export/lib/python3.11/site-packages/torch/lib/libtorch_global_deps.so
7fe783e3b000-7fe783e3d000 r--p 00000000 00:204 120262025725              /mnt/primary/conda-envs/semantic_uncertainty_export/lib/python3.11/site-packages/sklearn/utils/_sorting.cpython-311-x86_64-linux-gnu.so
7fe783e3d000-7fe783e3f000 r-xp 00002000 00:204 120262025725              /mnt/primary/conda-envs/semantic_uncertainty_export/lib/python3.11/site-packages/sklearn/utils/_sorting.cpython-311-x86_64-linux-gnu.so
7fe783e3f000-7fe783e40000 r--p 00004000 00:204 120262025725              /mnt/primary/conda-envs/semantic_uncertainty_export/lib/python3.11/site-packages/sklearn/utils/_sorting.cpython-311-x86_64-linux-gnu.so
7fe783e40000-7fe783e41000 r--p 00004000 00:204 120262025725              /mnt/primary/conda-envs/semantic_uncertainty_export/lib/python3.11/site-packages/sklearn/utils/_sorting.cpython-311-x86_64-linux-gnu.so
7fe783e41000-7fe783e42000 rw-p 00005000 00:204 120262025725              /mnt/primary/conda-envs/semantic_uncertainty_export/lib/python3.11/site-packages/sklearn/utils/_sorting.cpython-311-x86_64-linux-gnu.so
7fe783e42000-7fe783e44000 rw-p 00007000 00:204 120262025725              /mnt/primary/conda-envs/semantic_uncertainty_export/lib/python3.11/site-packages/sklearn/utils/_sorting.cpython-311-x86_64-linux-gnu.so
7fe783e44000-7fe783e46000 r--p 00000000 00:204 120262026763              /mnt/primary/conda-envs/semantic_uncertainty_export/lib/python3.11/site-packages/sklearn/utils/_heap.cpython-311-x86_64-linux-gnu.so
7fe783e46000-7fe783e48000 r-xp 00002000 00:204 120262026763              /mnt/primary/conda-envs/semantic_uncertainty_export/lib/python3.11/site-packages/sklearn/utils/_heap.cpython-311-x86_64-linux-gnu.so
7fe783e48000-7fe783e49000 r--p 00004000 00:204 120262026763              /mnt/primary/conda-envs/semantic_uncertainty_export/lib/python3.11/site-packages/sklearn/utils/_heap.cpython-311-x86_64-linux-gnu.so
7fe783e49000-7fe783e4a000 r--p 00004000 00:204 120262026763              /mnt/primary/conda-envs/semantic_uncertainty_export/lib/python3.11/site-packages/sklearn/utils/_heap.cpython-311-x86_64-linux-gnu.so
7fe783e4a000-7fe783e4b000 rw-p 00005000 00:204 120262026763              /mnt/primary/conda-envs/semantic_uncertainty_export/lib/python3.11/site-packages/sklearn/utils/_heap.cpython-311-x86_64-linux-gnu.so
7fe783e4b000-7fe783e4d000 rw-p 00007000 00:204 120262026763              /mnt/primary/conda-envs/semantic_uncertainty_export/lib/python3.11/site-packages/sklearn/utils/_heap.cpython-311-x86_64-linux-gnu.so
7fe783e4d000-7fe783e53000 r--p 00000000 00:204 88099477524               /mnt/primary/conda-envs/semantic_uncertainty_export/lib/python3.11/site-packages/sklearn/metrics/cluster/_expected_mutual_info_fast.cpython-311-x86_64-linux-gnu.so
7fe783e53000-7fe783e6f000 r-xp 00006000 00:204 88099477524               /mnt/primary/conda-envs/semantic_uncertainty_export/lib/python3.11/site-packages/sklearn/metrics/cluster/_expected_mutual_info_fast.cpython-311-x86_64-linux-gnu.so
7fe783e6f000-7fe783e75000 r--p 00022000 00:204 88099477524               /mnt/primary/conda-envs/semantic_uncertainty_export/lib/python3.11/site-packages/sklearn/metrics/cluster/_expected_mutual_info_fast.cpython-311-x86_64-linux-gnu.so
7fe783e75000-7fe783e76000 r--p 00027000 00:204 88099477524               /mnt/primary/conda-envs/semantic_uncertainty_export/lib/python3.11/site-packages/sklearn/metrics/cluster/_expected_mutual_info_fast.cpython-311-x86_64-linux-gnu.so
7fe783e76000-7fe783e79000 rw-p 00028000 00:204 88099477524               /mnt/primary/conda-envs/semantic_uncertainty_export/lib/python3.11/site-packages/sklearn/metrics/cluster/_expected_mutual_info_fast.cpython-311-x86_64-linux-gnu.so
7fe783e79000-7fe783e7a000 rw-p 00000000 00:00 0 
7fe783e7a000-7fe783e7d000 rw-p 00034000 00:204 88099477524               /mnt/primary/conda-envs/semantic_uncertainty_export/lib/python3.11/site-packages/sklearn/metrics/cluster/_expected_mutual_info_fast.cpython-311-x86_64-linux-gnu.so
7fe783e7d000-7fe783e80000 r--p 00000000 00:204 120262026791              /mnt/primary/conda-envs/semantic_uncertainty_export/lib/python3.11/site-packages/sklearn/utils/_openmp_helpers.cpython-311-x86_64-linux-gnu.so
7fe783e80000-7fe783e84000 r-xp 00003000 00:204 120262026791              /mnt/primary/conda-envs/semantic_uncertainty_export/lib/python3.11/site-packages/sklearn/utils/_openmp_helpers.cpython-311-x86_64-linux-gnu.so
7fe783e84000-7fe783e85000 r--p 00007000 00:204 120262026791              /mnt/primary/conda-envs/semantic_uncertainty_export/lib/python3.11/site-packages/sklearn/utils/_openmp_helpers.cpython-311-x86_64-linux-gnu.so
7fe783e85000-7fe783e86000 r--p 00007000 00:204 120262026791              /mnt/primary/conda-envs/semantic_uncertainty_export/lib/python3.11/site-packages/sklearn/utils/_openmp_helpers.cpython-311-x86_64-linux-gnu.so
7fe783e86000-7fe783e87000 rw-p 00008000 00:204 120262026791              /mnt/primary/conda-envs/semantic_uncertainty_export/lib/python3.11/site-packages/sklearn/utils/_openmp_helpers.cpython-311-x86_64-linux-gnu.so
7fe783e87000-7fe783e8a000 rw-p 0000c000 00:204 120262026791              /mnt/primary/conda-envs/semantic_uncertainty_export/lib/python3.11/site-packages/sklearn/utils/_openmp_helpers.cpython-311-x86_64-linux-gnu.so
7fe783e8a000-7fe783e90000 r--p 00000000 00:204 120262026757              /mnt/primary/conda-envs/semantic_uncertainty_export/lib/python3.11/site-packages/sklearn/utils/murmurhash.cpython-311-x86_64-linux-gnu.so
7fe783e90000-7fe783eac000 r-xp 00006000 00:204 120262026757              /mnt/primary/conda-envs/semantic_uncertainty_export/lib/python3.11/site-packages/sklearn/utils/murmurhash.cpython-311-x86_64-linux-gnu.so
7fe783eac000-7fe783eb3000 r--p 00022000 00:204 120262026757              /mnt/primary/conda-envs/semantic_uncertainty_export/lib/python3.11/site-packages/sklearn/utils/murmurhash.cpython-311-x86_64-linux-gnu.so
7fe783eb3000-7fe783eb4000 r--p 00028000 00:204 120262026757              /mnt/primary/conda-envs/semantic_uncertainty_export/lib/python3.11/site-packages/sklearn/utils/murmurhash.cpython-311-x86_64-linux-gnu.so
7fe783eb4000-7fe783eb7000 rw-p 00029000 00:204 120262026757              /mnt/primary/conda-envs/semantic_uncertainty_export/lib/python3.11/site-packages/sklearn/utils/murmurhash.cpython-311-x86_64-linux-gnu.so
7fe783eb7000-7fe783eb8000 rw-p 00000000 00:00 0 
7fe783eb8000-7fe783ebc000 rw-p 00035000 00:204 120262026757              /mnt/primary/conda-envs/semantic_uncertainty_export/lib/python3.11/site-packages/sklearn/utils/murmurhash.cpython-311-x86_64-linux-gnu.so
7fe783ebc000-7fe783ec3000 r--p 00000000 00:204 120262026761              /mnt/primary/conda-envs/semantic_uncertainty_export/lib/python3.11/site-packages/sklearn/utils/_isfinite.cpython-311-x86_64-linux-gnu.so
7fe783ec3000-7fe783ee1000 r-xp 00007000 00:204 120262026761              /mnt/primary/conda-envs/semantic_uncertainty_export/lib/python3.11/site-packages/sklearn/utils/_isfinite.cpython-311-x86_64-linux-gnu.so
7fe783ee1000-7fe783ee8000 r--p 00025000 00:204 120262026761              /mnt/primary/conda-envs/semantic_uncertainty_export/lib/python3.11/site-packages/sklearn/utils/_isfinite.cpython-311-x86_64-linux-gnu.so
7fe783ee8000-7fe783ee9000 ---p 0002c000 00:204 120262026761              /mnt/primary/conda-envs/semantic_uncertainty_export/lib/python3.11/site-packages/sklearn/utils/_isfinite.cpython-311-x86_64-linux-gnu.so
7fe783ee9000-7fe783eea000 r--p 0002c000 00:204 120262026761              /mnt/primary/conda-envs/semantic_uncertainty_export/lib/python3.11/site-packages/sklearn/utils/_isfinite.cpython-311-x86_64-linux-gnu.so
7fe783eea000-7fe783eee000 rw-p 0002d000 00:204 120262026761              /mnt/primary/conda-envs/semantic_uncertainty_export/lib/python3.11/site-packages/sklearn/utils/_isfinite.cpython-311-x86_64-linux-gnu.so
7fe783eee000-7fe783ef1000 rw-p 0003b000 00:204 120262026761              /mnt/primary/conda-envs/semantic_uncertainty_export/lib/python3.11/site-packages/sklearn/utils/_isfinite.cpython-311-x86_64-linux-gnu.so
7fe783ef1000-7fe783ef3000 r--p 00000000 00:204 45438356004               /mnt/primary/conda-envs/semantic_uncertainty_export/lib/python3.11/lib-dynload/_multiprocessing.cpython-311-x86_64-linux-gnu.so
7fe783ef3000-7fe783ef4000 r-xp 00002000 00:204 45438356004               /mnt/primary/conda-envs/semantic_uncertainty_export/lib/python3.11/lib-dynload/_multiprocessing.cpython-311-x86_64-linux-gnu.so
7fe783ef4000-7fe783ef5000 r--p 00003000 00:204 45438356004               /mnt/primary/conda-envs/semantic_uncertainty_export/lib/python3.11/lib-dynload/_multiprocessing.cpython-311-x86_64-linux-gnu.so
7fe783ef5000-7fe783ef6000 r--p 00003000 00:204 45438356004               /mnt/primary/conda-envs/semantic_uncertainty_export/lib/python3.11/lib-dynload/_multiprocessing.cpython-311-x86_64-linux-gnu.so
7fe783ef6000-7fe783ef7000 rw-p 00004000 00:204 45438356004               /mnt/primary/conda-envs/semantic_uncertainty_export/lib/python3.11/lib-dynload/_multiprocessing.cpython-311-x86_64-linux-gnu.so
7fe783ef7000-7fe783ef9000 r--p 00000000 00:204 24813113                  /mnt/primary/conda-envs/semantic_uncertainty_export/lib/python3.11/site-packages/sklearn/__check_build/_check_build.cpython-311-x86_64-linux-gnu.so
7fe783ef9000-7fe783efb000 r-xp 00002000 00:204 24813113                  /mnt/primary/conda-envs/semantic_uncertainty_export/lib/python3.11/site-packages/sklearn/__check_build/_check_build.cpython-311-x86_64-linux-gnu.so
7fe783efb000-7fe783efc000 r--p 00004000 00:204 24813113                  /mnt/primary/conda-envs/semantic_uncertainty_export/lib/python3.11/site-packages/sklearn/__check_build/_check_build.cpython-311-x86_64-linux-gnu.so
7fe783efc000-7fe783efd000 r--p 00004000 00:204 24813113                  /mnt/primary/conda-envs/semantic_uncertainty_export/lib/python3.11/site-packages/sklearn/__check_build/_check_build.cpython-311-x86_64-linux-gnu.so
7fe783efd000-7fe783efe000 rw-p 00005000 00:204 24813113                  /mnt/primary/conda-envs/semantic_uncertainty_export/lib/python3.11/site-packages/sklearn/__check_build/_check_build.cpython-311-x86_64-linux-gnu.so
7fe783efe000-7fe783f00000 rw-p 00008000 00:204 24813113                  /mnt/primary/conda-envs/semantic_uncertainty_export/lib/python3.11/site-packages/sklearn/__check_build/_check_build.cpython-311-x86_64-linux-gnu.so
7fe783f00000-7fe784000000 rw-p 00000000 00:00 0 
7fe784000000-7fe7840ab000 rw-p 00000000 00:00 0 
7fe7840ab000-7fe788000000 ---p 00000000 00:00 0 
7fe788000000-7fe788003000 r--p 00000000 00:204 171102376454              /mnt/primary/conda-envs/semantic_uncertainty_export/lib/python3.11/site-packages/numpy/random/_sfc64.cpython-311-x86_64-linux-gnu.so
7fe788003000-7fe78800a000 r-xp 00003000 00:204 171102376454              /mnt/primary/conda-envs/semantic_uncertainty_export/lib/python3.11/site-packages/numpy/random/_sfc64.cpython-311-x86_64-linux-gnu.so
7fe78800a000-7fe78800d000 r--p 0000a000 00:204 171102376454              /mnt/primary/conda-envs/semantic_uncertainty_export/lib/python3.11/site-packages/numpy/random/_sfc64.cpython-311-x86_64-linux-gnu.so
7fe78800d000-7fe78800e000 r--p 0000c000 00:204 171102376454              /mnt/primary/conda-envs/semantic_uncertainty_export/lib/python3.11/site-packages/numpy/random/_sfc64.cpython-311-x86_64-linux-gnu.so
7fe78800e000-7fe78800f000 rw-p 0000d000 00:204 171102376454              /mnt/primary/conda-envs/semantic_uncertainty_export/lib/python3.11/site-packages/numpy/random/_sfc64.cpython-311-x86_64-linux-gnu.so
7fe78800f000-7fe788012000 r--p 00000000 00:204 171102352959              /mnt/primary/conda-envs/semantic_uncertainty_export/lib/python3.11/site-packages/numpy/random/_mt19937.cpython-311-x86_64-linux-gnu.so
7fe788012000-7fe78801f000 r-xp 00003000 00:204 171102352959              /mnt/primary/conda-envs/semantic_uncertainty_export/lib/python3.11/site-packages/numpy/random/_mt19937.cpython-311-x86_64-linux-gnu.so
7fe78801f000-7fe788024000 r--p 00010000 00:204 171102352959              /mnt/primary/conda-envs/semantic_uncertainty_export/lib/python3.11/site-packages/numpy/random/_mt19937.cpython-311-x86_64-linux-gnu.so
7fe788024000-7fe788025000 r--p 00014000 00:204 171102352959              /mnt/primary/conda-envs/semantic_uncertainty_export/lib/python3.11/site-packages/numpy/random/_mt19937.cpython-311-x86_64-linux-gnu.so
7fe788025000-7fe788026000 rw-p 00015000 00:204 171102352959              /mnt/primary/conda-envs/semantic_uncertainty_export/lib/python3.11/site-packages/numpy/random/_mt19937.cpython-311-x86_64-linux-gnu.so
7fe788026000-7fe78802b000 r--p 00000000 00:204 171102376456              /mnt/primary/conda-envs/semantic_uncertainty_export/lib/python3.11/site-packages/numpy/random/bit_generator.cpython-311-x86_64-linux-gnu.so
7fe78802b000-7fe788049000 r-xp 00005000 00:204 171102376456              /mnt/primary/conda-envs/semantic_uncertainty_export/lib/python3.11/site-packages/numpy/random/bit_generator.cpython-311-x86_64-linux-gnu.so
7fe788049000-7fe788053000 r--p 00023000 00:204 171102376456              /mnt/primary/conda-envs/semantic_uncertainty_export/lib/python3.11/site-packages/numpy/random/bit_generator.cpython-311-x86_64-linux-gnu.so
7fe788053000-7fe788054000 r--p 0002c000 00:204 171102376456              /mnt/primary/conda-envs/semantic_uncertainty_export/lib/python3.11/site-packages/numpy/random/bit_generator.cpython-311-x86_64-linux-gnu.so
7fe788054000-7fe788056000 rw-p 0002d000 00:204 171102376456              /mnt/primary/conda-envs/semantic_uncertainty_export/lib/python3.11/site-packages/numpy/random/bit_generator.cpython-311-x86_64-linux-gnu.so
7fe788056000-7fe78805b000 r--p 00000000 00:204 171102376460              /mnt/primary/conda-envs/semantic_uncertainty_export/lib/python3.11/site-packages/numpy/random/mtrand.cpython-311-x86_64-linux-gnu.so
7fe78805b000-7fe7880a7000 r-xp 00005000 00:204 171102376460              /mnt/primary/conda-envs/semantic_uncertainty_export/lib/python3.11/site-packages/numpy/random/mtrand.cpython-311-x86_64-linux-gnu.so
7fe7880a7000-7fe7880f7000 r--p 00051000 00:204 171102376460              /mnt/primary/conda-envs/semantic_uncertainty_export/lib/python3.11/site-packages/numpy/random/mtrand.cpython-311-x86_64-linux-gnu.so
7fe7880f7000-7fe7880f8000 r--p 000a0000 00:204 171102376460              /mnt/primary/conda-envs/semantic_uncertainty_export/lib/python3.11/site-packages/numpy/random/mtrand.cpython-311-x86_64-linux-gnu.so
7fe7880f8000-7fe7880f9000 rw-p 000a1000 00:204 171102376460              /mnt/primary/conda-envs/semantic_uncertainty_export/lib/python3.11/site-packages/numpy/random/mtrand.cpython-311-x86_64-linux-gnu.so
7fe7880f9000-7fe7881fb000 rw-p 00000000 00:00 0 
7fe7881fb000-7fe788202000 r--p 00000000 00:204 135391188019              /mnt/primary/conda-envs/semantic_uncertainty_export/lib/python3.11/site-packages/numpy/linalg/_umath_linalg.cpython-311-x86_64-linux-gnu.so
7fe788202000-7fe78821c000 r-xp 00007000 00:204 135391188019              /mnt/primary/conda-envs/semantic_uncertainty_export/lib/python3.11/site-packages/numpy/linalg/_umath_linalg.cpython-311-x86_64-linux-gnu.so
7fe78821c000-7fe788221000 r--p 00021000 00:204 135391188019              /mnt/primary/conda-envs/semantic_uncertainty_export/lib/python3.11/site-packages/numpy/linalg/_umath_linalg.cpython-311-x86_64-linux-gnu.so
7fe788221000-7fe788222000 r--p 00025000 00:204 135391188019              /mnt/primary/conda-envs/semantic_uncertainty_export/lib/python3.11/site-packages/numpy/linalg/_umath_linalg.cpython-311-x86_64-linux-gnu.so
7fe788222000-7fe788223000 rw-p 00026000 00:204 135391188019              /mnt/primary/conda-envs/semantic_uncertainty_export/lib/python3.11/site-packages/numpy/linalg/_umath_linalg.cpython-311-x86_64-linux-gnu.so
7fe788223000-7fe788323000 rw-p 00000000 00:00 0 
7fe788323000-7fe78832b000 r--p 00000000 00:204 163251150892              /mnt/primary/conda-envs/semantic_uncertainty_export/lib/python3.11/site-packages/numpy/core/_multiarray_tests.cpython-311-x86_64-linux-gnu.so
7fe78832b000-7fe78833a000 r-xp 00008000 00:204 163251150892              /mnt/primary/conda-envs/semantic_uncertainty_export/lib/python3.11/site-packages/numpy/core/_multiarray_tests.cpython-311-x86_64-linux-gnu.so
7fe78833a000-7fe78833f000 r--p 00017000 00:204 163251150892              /mnt/primary/conda-envs/semantic_uncertainty_export/lib/python3.11/site-packages/numpy/core/_multiarray_tests.cpython-311-x86_64-linux-gnu.so
7fe78833f000-7fe788340000 ---p 0001c000 00:204 163251150892              /mnt/primary/conda-envs/semantic_uncertainty_export/lib/python3.11/site-packages/numpy/core/_multiarray_tests.cpython-311-x86_64-linux-gnu.so
7fe788340000-7fe788341000 r--p 0001c000 00:204 163251150892              /mnt/primary/conda-envs/semantic_uncertainty_export/lib/python3.11/site-packages/numpy/core/_multiarray_tests.cpython-311-x86_64-linux-gnu.so
7fe788341000-7fe788342000 rw-p 0001d000 00:204 163251150892              /mnt/primary/conda-envs/semantic_uncertainty_export/lib/python3.11/site-packages/numpy/core/_multiarray_tests.cpython-311-x86_64-linux-gnu.so
7fe788342000-7fe788442000 rw-p 00000000 00:00 0 
7fe788442000-7fe78846e000 r--p 00000000 00:204 163251150893              /mnt/primary/conda-envs/semantic_uncertainty_export/lib/python3.11/site-packages/numpy/core/_multiarray_umath.cpython-311-x86_64-linux-gnu.so
7fe78846e000-7fe78885c000 r-xp 0002c000 00:204 163251150893              /mnt/primary/conda-envs/semantic_uncertainty_export/lib/python3.11/site-packages/numpy/core/_multiarray_umath.cpython-311-x86_64-linux-gnu.so
7fe78885c000-7fe7889b9000 r--p 0041a000 00:204 163251150893              /mnt/primary/conda-envs/semantic_uncertainty_export/lib/python3.11/site-packages/numpy/core/_multiarray_umath.cpython-311-x86_64-linux-gnu.so
7fe7889b9000-7fe7889ba000 ---p 00577000 00:204 163251150893              /mnt/primary/conda-envs/semantic_uncertainty_export/lib/python3.11/site-packages/numpy/core/_multiarray_umath.cpython-311-x86_64-linux-gnu.so
7fe7889ba000-7fe7889be000 r--p 00577000 00:204 163251150893              /mnt/primary/conda-envs/semantic_uncertainty_export/lib/python3.11/site-packages/numpy/core/_multiarray_umath.cpython-311-x86_64-linux-gnu.so
7fe7889be000-7fe7889e0000 rw-p 0057b000 00:204 163251150893              /mnt/primary/conda-envs/semantic_uncertainty_export/lib/python3.11/site-packages/numpy/core/_multiarray_umath.cpython-311-x86_64-linux-gnu.so
7fe7889e0000-7fe788a00000 rw-p 00000000 00:00 0 
7fe788a00000-7fe788a01000 ---p 00000000 00:00 0 
7fe788a01000-7fe789201000 rw-p 00000000 00:00 0 
7fe789201000-7fe789203000 r--p 00000000 00:204 45438459397               /mnt/primary/conda-envs/semantic_uncertainty_export/lib/python3.11/lib-dynload/grp.cpython-311-x86_64-linux-gnu.so
7fe789203000-7fe789204000 r-xp 00002000 00:204 45438459397               /mnt/primary/conda-envs/semantic_uncertainty_export/lib/python3.11/lib-dynload/grp.cpython-311-x86_64-linux-gnu.so
7fe789204000-7fe789205000 r--p 00003000 00:204 45438459397               /mnt/primary/conda-envs/semantic_uncertainty_export/lib/python3.11/lib-dynload/grp.cpython-311-x86_64-linux-gnu.so
7fe789205000-7fe789206000 r--p 00003000 00:204 45438459397               /mnt/primary/conda-envs/semantic_uncertainty_export/lib/python3.11/lib-dynload/grp.cpython-311-x86_64-linux-gnu.so
7fe789206000-7fe789207000 rw-p 00004000 00:204 45438459397               /mnt/primary/conda-envs/semantic_uncertainty_export/lib/python3.11/lib-dynload/grp.cpython-311-x86_64-linux-gnu.so
7fe789207000-7fe789228000 r--p 00000000 00:204 70923272721               /mnt/primary/conda-envs/semantic_uncertainty_export/lib/libomp.so
7fe789228000-7fe7892c4000 r-xp 00021000 00:204 70923272721               /mnt/primary/conda-envs/semantic_uncertainty_export/lib/libomp.so
7fe7892c4000-7fe7892ee000 r--p 000bd000 00:204 70923272721               /mnt/primary/conda-envs/semantic_uncertainty_export/lib/libomp.so
7fe7892ee000-7fe7892ef000 ---p 000e7000 00:204 70923272721               /mnt/primary/conda-envs/semantic_uncertainty_export/lib/libomp.so
7fe7892ef000-7fe7892f0000 r--p 000e7000 00:204 70923272721               /mnt/primary/conda-envs/semantic_uncertainty_export/lib/libomp.so
7fe7892f0000-7fe7892f6000 rw-p 000e8000 00:204 70923272721               /mnt/primary/conda-envs/semantic_uncertainty_export/lib/libomp.so
7fe7892f6000-7fe789400000 rw-p 00000000 00:00 0 
7fe789400000-7fe789401000 ---p 00000000 00:00 0 
7fe789401000-7fe789c01000 rw-p 00000000 00:00 0 
7fe789c02000-7fe789c03000 r--p 00000000 00:204 141832290861              /mnt/primary/conda-envs/semantic_uncertainty_export/lib/python3.11/site-packages/pandas/_libs/pandas_datetime.cpython-311-x86_64-linux-gnu.so
7fe789c03000-7fe789c08000 r-xp 00001000 00:204 141832290861              /mnt/primary/conda-envs/semantic_uncertainty_export/lib/python3.11/site-packages/pandas/_libs/pandas_datetime.cpython-311-x86_64-linux-gnu.so
7fe789c08000-7fe789c09000 r--p 00006000 00:204 141832290861              /mnt/primary/conda-envs/semantic_uncertainty_export/lib/python3.11/site-packages/pandas/_libs/pandas_datetime.cpython-311-x86_64-linux-gnu.so
7fe789c09000-7fe789c0a000 r--p 00006000 00:204 141832290861              /mnt/primary/conda-envs/semantic_uncertainty_export/lib/python3.11/site-packages/pandas/_libs/pandas_datetime.cpython-311-x86_64-linux-gnu.so
7fe789c0a000-7fe789c0b000 rw-p 00007000 00:204 141832290861              /mnt/primary/conda-envs/semantic_uncertainty_export/lib/python3.11/site-packages/pandas/_libs/pandas_datetime.cpython-311-x86_64-linux-gnu.so
7fe789c0b000-7fe789c0c000 r--p 00000000 00:204 116697732662              /mnt/primary/conda-envs/semantic_uncertainty_export/lib/python3.11/site-packages/numpy/fft/_pocketfft_internal.cpython-311-x86_64-linux-gnu.so
7fe789c0c000-7fe789c1b000 r-xp 00001000 00:204 116697732662              /mnt/primary/conda-envs/semantic_uncertainty_export/lib/python3.11/site-packages/numpy/fft/_pocketfft_internal.cpython-311-x86_64-linux-gnu.so
7fe789c1b000-7fe789c1d000 r--p 00010000 00:204 116697732662              /mnt/primary/conda-envs/semantic_uncertainty_export/lib/python3.11/site-packages/numpy/fft/_pocketfft_internal.cpython-311-x86_64-linux-gnu.so
7fe789c1d000-7fe789c1e000 r--p 00011000 00:204 116697732662              /mnt/primary/conda-envs/semantic_uncertainty_export/lib/python3.11/site-packages/numpy/fft/_pocketfft_internal.cpython-311-x86_64-linux-gnu.so
7fe789c1e000-7fe789c1f000 rw-p 00012000 00:204 116697732662              /mnt/primary/conda-envs/semantic_uncertainty_export/lib/python3.11/site-packages/numpy/fft/_pocketfft_internal.cpython-311-x86_64-linux-gnu.so
7fe789c1f000-7fe789c25000 r--p 00000000 00:204 21511827990               /mnt/primary/conda-envs/semantic_uncertainty_export/lib/python3.11/site-packages/mkl/_py_mkl_service.cpython-311-x86_64-linux-gnu.so
7fe789c25000-7fe789c34000 r-xp 00006000 00:204 21511827990               /mnt/primary/conda-envs/semantic_uncertainty_export/lib/python3.11/site-packages/mkl/_py_mkl_service.cpython-311-x86_64-linux-gnu.so
7fe789c34000-7fe789c37000 r--p 00015000 00:204 21511827990               /mnt/primary/conda-envs/semantic_uncertainty_export/lib/python3.11/site-packages/mkl/_py_mkl_service.cpython-311-x86_64-linux-gnu.so
7fe789c37000-7fe789c38000 ---p 00018000 00:204 21511827990               /mnt/primary/conda-envs/semantic_uncertainty_export/lib/python3.11/site-packages/mkl/_py_mkl_service.cpython-311-x86_64-linux-gnu.so
7fe789c38000-7fe789c39000 r--p 00018000 00:204 21511827990               /mnt/primary/conda-envs/semantic_uncertainty_export/lib/python3.11/site-packages/mkl/_py_mkl_service.cpython-311-x86_64-linux-gnu.so
7fe789c39000-7fe789c3d000 rw-p 00019000 00:204 21511827990               /mnt/primary/conda-envs/semantic_uncertainty_export/lib/python3.11/site-packages/mkl/_py_mkl_service.cpython-311-x86_64-linux-gnu.so
7fe789c3d000-7fe789c3e000 r--p 00000000 00:204 21511827989               /mnt/primary/conda-envs/semantic_uncertainty_export/lib/python3.11/site-packages/mkl/_mklinit.cpython-311-x86_64-linux-gnu.so
7fe789c3e000-7fe789c3f000 r-xp 00001000 00:204 21511827989               /mnt/primary/conda-envs/semantic_uncertainty_export/lib/python3.11/site-packages/mkl/_mklinit.cpython-311-x86_64-linux-gnu.so
7fe789c3f000-7fe789c40000 r--p 00002000 00:204 21511827989               /mnt/primary/conda-envs/semantic_uncertainty_export/lib/python3.11/site-packages/mkl/_mklinit.cpython-311-x86_64-linux-gnu.so
7fe789c40000-7fe789c41000 r--p 00002000 00:204 21511827989               /mnt/primary/conda-envs/semantic_uncertainty_export/lib/python3.11/site-packages/mkl/_mklinit.cpython-311-x86_64-linux-gnu.so
7fe789c41000-7fe789c42000 rw-p 00003000 00:204 21511827989               /mnt/primary/conda-envs/semantic_uncertainty_export/lib/python3.11/site-packages/mkl/_mklinit.cpython-311-x86_64-linux-gnu.so
7fe789c42000-7fe789c46000 rw-p 00000000 00:00 0 
7fe789c4e000-7fe789c56000 rw-p 00000000 00:00 0 
7fe789c5e000-7fe789f5e000 rw-p 00000000 00:00 0 
7fe789f5e000-7fe789f66000 r--p 00000000 00:204 172121170462              /mnt/primary/conda-envs/semantic_uncertainty_export/lib/python3.11/site-packages/debugpy/_vendored/pydevd/_pydevd_bundle/pydevd_cython.cpython-311-x86_64-linux-gnu.so
7fe789f66000-7fe789fe3000 r-xp 00008000 00:204 172121170462              /mnt/primary/conda-envs/semantic_uncertainty_export/lib/python3.11/site-packages/debugpy/_vendored/pydevd/_pydevd_bundle/pydevd_cython.cpython-311-x86_64-linux-gnu.so
7fe789fe3000-7fe789fec000 r--p 00085000 00:204 172121170462              /mnt/primary/conda-envs/semantic_uncertainty_export/lib/python3.11/site-packages/debugpy/_vendored/pydevd/_pydevd_bundle/pydevd_cython.cpython-311-x86_64-linux-gnu.so
7fe789fec000-7fe789fed000 r--p 0008d000 00:204 172121170462              /mnt/primary/conda-envs/semantic_uncertainty_export/lib/python3.11/site-packages/debugpy/_vendored/pydevd/_pydevd_bundle/pydevd_cython.cpython-311-x86_64-linux-gnu.so
7fe789fed000-7fe789ff3000 rw-p 0008e000 00:204 172121170462              /mnt/primary/conda-envs/semantic_uncertainty_export/lib/python3.11/site-packages/debugpy/_vendored/pydevd/_pydevd_bundle/pydevd_cython.cpython-311-x86_64-linux-gnu.so
7fe789ff3000-7fe78a1f4000 rw-p 00000000 00:00 0 
7fe78a1f4000-7fe78a1fa000 r--p 00000000 00:204 45438459402               /mnt/primary/conda-envs/semantic_uncertainty_export/lib/python3.11/lib-dynload/pyexpat.cpython-311-x86_64-linux-gnu.so
7fe78a1fa000-7fe78a224000 r-xp 00006000 00:204 45438459402               /mnt/primary/conda-envs/semantic_uncertainty_export/lib/python3.11/lib-dynload/pyexpat.cpython-311-x86_64-linux-gnu.so
7fe78a224000-7fe78a230000 r--p 00030000 00:204 45438459402               /mnt/primary/conda-envs/semantic_uncertainty_export/lib/python3.11/lib-dynload/pyexpat.cpython-311-x86_64-linux-gnu.so
7fe78a230000-7fe78a233000 r--p 0003b000 00:204 45438459402               /mnt/primary/conda-envs/semantic_uncertainty_export/lib/python3.11/lib-dynload/pyexpat.cpython-311-x86_64-linux-gnu.so
7fe78a233000-7fe78a235000 rw-p 0003e000 00:204 45438459402               /mnt/primary/conda-envs/semantic_uncertainty_export/lib/python3.11/lib-dynload/pyexpat.cpython-311-x86_64-linux-gnu.so
7fe78a235000-7fe78a335000 rw-p 00000000 00:00 0 
7fe78a335000-7fe78a337000 r--p 00000000 00:204 58047289889               /mnt/primary/conda-envs/semantic_uncertainty_export/lib/python3.11/site-packages/psutil/_psutil_posix.abi3.so
7fe78a337000-7fe78a339000 r-xp 00002000 00:204 58047289889               /mnt/primary/conda-envs/semantic_uncertainty_export/lib/python3.11/site-packages/psutil/_psutil_posix.abi3.so
7fe78a339000-7fe78a33a000 r--p 00004000 00:204 58047289889               /mnt/primary/conda-envs/semantic_uncertainty_export/lib/python3.11/site-packages/psutil/_psutil_posix.abi3.so
7fe78a33a000-7fe78a33b000 r--p 00004000 00:204 58047289889               /mnt/primary/conda-envs/semantic_uncertainty_export/lib/python3.11/site-packages/psutil/_psutil_posix.abi3.so
7fe78a33b000-7fe78a33c000 rw-p 00005000 00:204 58047289889               /mnt/primary/conda-envs/semantic_uncertainty_export/lib/python3.11/site-packages/psutil/_psutil_posix.abi3.so
7fe78a33c000-7fe78a33e000 r--p 00000000 00:204 58047289890               /mnt/primary/conda-envs/semantic_uncertainty_export/lib/python3.11/site-packages/psutil/_psutil_linux.abi3.so
7fe78a33e000-7fe78a341000 r-xp 00002000 00:204 58047289890               /mnt/primary/conda-envs/semantic_uncertainty_export/lib/python3.11/site-packages/psutil/_psutil_linux.abi3.so
7fe78a341000-7fe78a342000 r--p 00005000 00:204 58047289890               /mnt/primary/conda-envs/semantic_uncertainty_export/lib/python3.11/site-packages/psutil/_psutil_linux.abi3.so
7fe78a342000-7fe78a343000 r--p 00005000 00:204 58047289890               /mnt/primary/conda-envs/semantic_uncertainty_export/lib/python3.11/site-packages/psutil/_psutil_linux.abi3.so
7fe78a343000-7fe78a344000 rw-p 00006000 00:204 58047289890               /mnt/primary/conda-envs/semantic_uncertainty_export/lib/python3.11/site-packages/psutil/_psutil_linux.abi3.so
7fe78a344000-7fe78a444000 rw-p 00000000 00:00 0 
7fe78a444000-7fe78a446000 r--p 00000000 00:204 45438356000               /mnt/primary/conda-envs/semantic_uncertainty_export/lib/python3.11/lib-dynload/_lsprof.cpython-311-x86_64-linux-gnu.so
7fe78a446000-7fe78a448000 r-xp 00002000 00:204 45438356000               /mnt/primary/conda-envs/semantic_uncertainty_export/lib/python3.11/lib-dynload/_lsprof.cpython-311-x86_64-linux-gnu.so
7fe78a448000-7fe78a449000 r--p 00004000 00:204 45438356000               /mnt/primary/conda-envs/semantic_uncertainty_export/lib/python3.11/lib-dynload/_lsprof.cpython-311-x86_64-linux-gnu.so
7fe78a449000-7fe78a44a000 ---p 00005000 00:204 45438356000               /mnt/primary/conda-envs/semantic_uncertainty_export/lib/python3.11/lib-dynload/_lsprof.cpython-311-x86_64-linux-gnu.so
7fe78a44a000-7fe78a44b000 r--p 00005000 00:204 45438356000               /mnt/primary/conda-envs/semantic_uncertainty_export/lib/python3.11/lib-dynload/_lsprof.cpython-311-x86_64-linux-gnu.so
7fe78a44b000-7fe78a44c000 rw-p 00006000 00:204 45438356000               /mnt/primary/conda-envs/semantic_uncertainty_export/lib/python3.11/lib-dynload/_lsprof.cpython-311-x86_64-linux-gnu.so
7fe78a44c000-7fe78a84c000 rw-p 00000000 00:00 0 
7fe78a84c000-7fe78a84f000 r--p 00000000 00:204 45438459409               /mnt/primary/conda-envs/semantic_uncertainty_export/lib/python3.11/lib-dynload/unicodedata.cpython-311-x86_64-linux-gnu.so
7fe78a84f000-7fe78a853000 r-xp 00003000 00:204 45438459409               /mnt/primary/conda-envs/semantic_uncertainty_export/lib/python3.11/lib-dynload/unicodedata.cpython-311-x86_64-linux-gnu.so
7fe78a853000-7fe78a95f000 r--p 00007000 00:204 45438459409               /mnt/primary/conda-envs/semantic_uncertainty_export/lib/python3.11/lib-dynload/unicodedata.cpython-311-x86_64-linux-gnu.so
7fe78a95f000-7fe78a960000 ---p 00113000 00:204 45438459409               /mnt/primary/conda-envs/semantic_uncertainty_export/lib/python3.11/lib-dynload/unicodedata.cpython-311-x86_64-linux-gnu.so
7fe78a960000-7fe78a961000 r--p 00113000 00:204 45438459409               /mnt/primary/conda-envs/semantic_uncertainty_export/lib/python3.11/lib-dynload/unicodedata.cpython-311-x86_64-linux-gnu.so
7fe78a961000-7fe78a962000 rw-p 00114000 00:204 45438459409               /mnt/primary/conda-envs/semantic_uncertainty_export/lib/python3.11/lib-dynload/unicodedata.cpython-311-x86_64-linux-gnu.so
7fe78a962000-7fe78ad62000 rw-p 00000000 00:00 0 
7fe78ad62000-7fe78ad74000 r--p 00000000 00:204 70925084698               /mnt/primary/conda-envs/semantic_uncertainty_export/lib/libsqlite3.so.0.8.6
7fe78ad74000-7fe78ae74000 r-xp 00012000 00:204 70925084698               /mnt/primary/conda-envs/semantic_uncertainty_export/lib/libsqlite3.so.0.8.6
7fe78ae74000-7fe78aea8000 r--p 00112000 00:204 70925084698               /mnt/primary/conda-envs/semantic_uncertainty_export/lib/libsqlite3.so.0.8.6
7fe78aea8000-7fe78aea9000 ---p 00146000 00:204 70925084698               /mnt/primary/conda-envs/semantic_uncertainty_export/lib/libsqlite3.so.0.8.6
7fe78aea9000-7fe78aead000 r--p 00146000 00:204 70925084698               /mnt/primary/conda-envs/semantic_uncertainty_export/lib/libsqlite3.so.0.8.6
7fe78aead000-7fe78aeb1000 rw-p 0014a000 00:204 70925084698               /mnt/primary/conda-envs/semantic_uncertainty_export/lib/libsqlite3.so.0.8.6
7fe78aeb1000-7fe78aeb9000 r--p 00000000 00:204 45438356016               /mnt/primary/conda-envs/semantic_uncertainty_export/lib/python3.11/lib-dynload/_sqlite3.cpython-311-x86_64-linux-gnu.so
7fe78aeb9000-7fe78aec7000 r-xp 00008000 00:204 45438356016               /mnt/primary/conda-envs/semantic_uncertainty_export/lib/python3.11/lib-dynload/_sqlite3.cpython-311-x86_64-linux-gnu.so
7fe78aec7000-7fe78aece000 r--p 00016000 00:204 45438356016               /mnt/primary/conda-envs/semantic_uncertainty_export/lib/python3.11/lib-dynload/_sqlite3.cpython-311-x86_64-linux-gnu.so
7fe78aece000-7fe78aed0000 r--p 0001c000 00:204 45438356016               /mnt/primary/conda-envs/semantic_uncertainty_export/lib/python3.11/lib-dynload/_sqlite3.cpython-311-x86_64-linux-gnu.so
7fe78aed0000-7fe78aed2000 rw-p 0001e000 00:204 45438356016               /mnt/primary/conda-envs/semantic_uncertainty_export/lib/python3.11/lib-dynload/_sqlite3.cpython-311-x86_64-linux-gnu.so
7fe78aed2000-7fe78b1d2000 rw-p 00000000 00:00 0 
7fe78b1d2000-7fe78b1d4000 r--p 00000000 00:204 45438459404               /mnt/primary/conda-envs/semantic_uncertainty_export/lib/python3.11/lib-dynload/resource.cpython-311-x86_64-linux-gnu.so
7fe78b1d4000-7fe78b1d5000 r-xp 00002000 00:204 45438459404               /mnt/primary/conda-envs/semantic_uncertainty_export/lib/python3.11/lib-dynload/resource.cpython-311-x86_64-linux-gnu.so
7fe78b1d5000-7fe78b1d6000 r--p 00003000 00:204 45438459404               /mnt/primary/conda-envs/semantic_uncertainty_export/lib/python3.11/lib-dynload/resource.cpython-311-x86_64-linux-gnu.so
7fe78b1d6000-7fe78b1d7000 r--p 00003000 00:204 45438459404               /mnt/primary/conda-envs/semantic_uncertainty_export/lib/python3.11/lib-dynload/resource.cpython-311-x86_64-linux-gnu.so
7fe78b1d7000-7fe78b1d8000 rw-p 00004000 00:204 45438459404               /mnt/primary/conda-envs/semantic_uncertainty_export/lib/python3.11/lib-dynload/resource.cpython-311-x86_64-linux-gnu.so
7fe78b1d8000-7fe78b4d8000 rw-p 00000000 00:00 0 
7fe78b4d8000-7fe78b4db000 r--p 00000000 00:204 45438355989               /mnt/primary/conda-envs/semantic_uncertainty_export/lib/python3.11/lib-dynload/_csv.cpython-311-x86_64-linux-gnu.so
7fe78b4db000-7fe78b4e0000 r-xp 00003000 00:204 45438355989               /mnt/primary/conda-envs/semantic_uncertainty_export/lib/python3.11/lib-dynload/_csv.cpython-311-x86_64-linux-gnu.so
7fe78b4e0000-7fe78b4e3000 r--p 00008000 00:204 45438355989               /mnt/primary/conda-envs/semantic_uncertainty_export/lib/python3.11/lib-dynload/_csv.cpython-311-x86_64-linux-gnu.so
7fe78b4e3000-7fe78b4e4000 r--p 0000a000 00:204 45438355989               /mnt/primary/conda-envs/semantic_uncertainty_export/lib/python3.11/lib-dynload/_csv.cpython-311-x86_64-linux-gnu.so
7fe78b4e4000-7fe78b4e5000 rw-p 0000b000 00:204 45438355989               /mnt/primary/conda-envs/semantic_uncertainty_export/lib/python3.11/lib-dynload/_csv.cpython-311-x86_64-linux-gnu.so
7fe78b4e5000-7fe78b4e7000 r--p 00000000 00:204 70896380929               /mnt/primary/conda-envs/semantic_uncertainty_export/lib/libuuid.so.1.3.0
7fe78b4e7000-7fe78b4eb000 r-xp 00002000 00:204 70896380929               /mnt/primary/conda-envs/semantic_uncertainty_export/lib/libuuid.so.1.3.0
7fe78b4eb000-7fe78b4ec000 r--p 00006000 00:204 70896380929               /mnt/primary/conda-envs/semantic_uncertainty_export/lib/libuuid.so.1.3.0
7fe78b4ec000-7fe78b4ed000 r--p 00006000 00:204 70896380929               /mnt/primary/conda-envs/semantic_uncertainty_export/lib/libuuid.so.1.3.0
7fe78b4ed000-7fe78b4ee000 rw-p 00007000 00:204 70896380929               /mnt/primary/conda-envs/semantic_uncertainty_export/lib/libuuid.so.1.3.0
7fe78b4ee000-7fe78b4ef000 r--p 00000000 00:204 45438356028               /mnt/primary/conda-envs/semantic_uncertainty_export/lib/python3.11/lib-dynload/_uuid.cpython-311-x86_64-linux-gnu.so
7fe78b4ef000-7fe78b4f0000 r-xp 00001000 00:204 45438356028               /mnt/primary/conda-envs/semantic_uncertainty_export/lib/python3.11/lib-dynload/_uuid.cpython-311-x86_64-linux-gnu.so
7fe78b4f0000-7fe78b4f1000 r--p 00002000 00:204 45438356028               /mnt/primary/conda-envs/semantic_uncertainty_export/lib/python3.11/lib-dynload/_uuid.cpython-311-x86_64-linux-gnu.so
7fe78b4f1000-7fe78b4f2000 r--p 00002000 00:204 45438356028               /mnt/primary/conda-envs/semantic_uncertainty_export/lib/python3.11/lib-dynload/_uuid.cpython-311-x86_64-linux-gnu.so
7fe78b4f2000-7fe78b4f3000 rw-p 00003000 00:204 45438356028               /mnt/primary/conda-envs/semantic_uncertainty_export/lib/python3.11/lib-dynload/_uuid.cpython-311-x86_64-linux-gnu.so
7fe78b4f3000-7fe78b4f7000 r--p 00000000 00:204 70898552890               /mnt/primary/conda-envs/semantic_uncertainty_export/lib/liblzma.so.5.4.2
7fe78b4f7000-7fe78b514000 r-xp 00004000 00:204 70898552890               /mnt/primary/conda-envs/semantic_uncertainty_export/lib/liblzma.so.5.4.2
7fe78b514000-7fe78b520000 r--p 00021000 00:204 70898552890               /mnt/primary/conda-envs/semantic_uncertainty_export/lib/liblzma.so.5.4.2
7fe78b520000-7fe78b521000 ---p 0002d000 00:204 70898552890               /mnt/primary/conda-envs/semantic_uncertainty_export/lib/liblzma.so.5.4.2
7fe78b521000-7fe78b522000 r--p 0002d000 00:204 70898552890               /mnt/primary/conda-envs/semantic_uncertainty_export/lib/liblzma.so.5.4.2
7fe78b522000-7fe78b523000 rw-p 0002e000 00:204 70898552890               /mnt/primary/conda-envs/semantic_uncertainty_export/lib/liblzma.so.5.4.2
7fe78b523000-7fe78b526000 r--p 00000000 00:204 45438356001               /mnt/primary/conda-envs/semantic_uncertainty_export/lib/python3.11/lib-dynload/_lzma.cpython-311-x86_64-linux-gnu.so
7fe78b526000-7fe78b52a000 r-xp 00003000 00:204 45438356001               /mnt/primary/conda-envs/semantic_uncertainty_export/lib/python3.11/lib-dynload/_lzma.cpython-311-x86_64-linux-gnu.so
7fe78b52a000-7fe78b52d000 r--p 00007000 00:204 45438356001               /mnt/primary/conda-envs/semantic_uncertainty_export/lib/python3.11/lib-dynload/_lzma.cpython-311-x86_64-linux-gnu.so
7fe78b52d000-7fe78b52e000 r--p 00009000 00:204 45438356001               /mnt/primary/conda-envs/semantic_uncertainty_export/lib/python3.11/lib-dynload/_lzma.cpython-311-x86_64-linux-gnu.so
7fe78b52e000-7fe78b52f000 rw-p 0000a000 00:204 45438356001               /mnt/primary/conda-envs/semantic_uncertainty_export/lib/python3.11/lib-dynload/_lzma.cpython-311-x86_64-linux-gnu.so
7fe78b52f000-7fe78b531000 r--p 00000000 00:204 70898522648               /mnt/primary/conda-envs/semantic_uncertainty_export/lib/libbz2.so.1.0.8
7fe78b531000-7fe78b53f000 r-xp 00002000 00:204 70898522648               /mnt/primary/conda-envs/semantic_uncertainty_export/lib/libbz2.so.1.0.8
7fe78b53f000-7fe78b541000 r--p 00010000 00:204 70898522648               /mnt/primary/conda-envs/semantic_uncertainty_export/lib/libbz2.so.1.0.8
7fe78b541000-7fe78b542000 r--p 00011000 00:204 70898522648               /mnt/primary/conda-envs/semantic_uncertainty_export/lib/libbz2.so.1.0.8
7fe78b542000-7fe78b543000 rw-p 00012000 00:204 70898522648               /mnt/primary/conda-envs/semantic_uncertainty_export/lib/libbz2.so.1.0.8
7fe78b543000-7fe78b545000 r--p 00000000 00:204 45438355980               /mnt/primary/conda-envs/semantic_uncertainty_export/lib/python3.11/lib-dynload/_bz2.cpython-311-x86_64-linux-gnu.so
7fe78b545000-7fe78b547000 r-xp 00002000 00:204 45438355980               /mnt/primary/conda-envs/semantic_uncertainty_export/lib/python3.11/lib-dynload/_bz2.cpython-311-x86_64-linux-gnu.so
7fe78b547000-7fe78b549000 r--p 00004000 00:204 45438355980               /mnt/primary/conda-envs/semantic_uncertainty_export/lib/python3.11/lib-dynload/_bz2.cpython-311-x86_64-linux-gnu.so
7fe78b549000-7fe78b54a000 r--p 00005000 00:204 45438355980               /mnt/primary/conda-envs/semantic_uncertainty_export/lib/python3.11/lib-dynload/_bz2.cpython-311-x86_64-linux-gnu.so
7fe78b54a000-7fe78b54b000 rw-p 00006000 00:204 45438355980               /mnt/primary/conda-envs/semantic_uncertainty_export/lib/python3.11/lib-dynload/_bz2.cpython-311-x86_64-linux-gnu.so
7fe78b54b000-7fe78b64b000 rw-p 00000000 00:00 0 
7fe78b64b000-7fe78b64e000 r--p 00000000 00:204 45438459408               /mnt/primary/conda-envs/semantic_uncertainty_export/lib/python3.11/lib-dynload/termios.cpython-311-x86_64-linux-gnu.so
7fe78b64e000-7fe78b64f000 r-xp 00003000 00:204 45438459408               /mnt/primary/conda-envs/semantic_uncertainty_export/lib/python3.11/lib-dynload/termios.cpython-311-x86_64-linux-gnu.so
7fe78b64f000-7fe78b651000 r--p 00004000 00:204 45438459408               /mnt/primary/conda-envs/semantic_uncertainty_export/lib/python3.11/lib-dynload/termios.cpython-311-x86_64-linux-gnu.so
7fe78b651000-7fe78b652000 r--p 00005000 00:204 45438459408               /mnt/primary/conda-envs/semantic_uncertainty_export/lib/python3.11/lib-dynload/termios.cpython-311-x86_64-linux-gnu.so
7fe78b652000-7fe78b654000 rw-p 00006000 00:204 45438459408               /mnt/primary/conda-envs/semantic_uncertainty_export/lib/python3.11/lib-dynload/termios.cpython-311-x86_64-linux-gnu.so
7fe78b654000-7fe78b65b000 r--p 00000000 00:204 45438355995               /mnt/primary/conda-envs/semantic_uncertainty_export/lib/python3.11/lib-dynload/_decimal.cpython-311-x86_64-linux-gnu.so
7fe78b65b000-7fe78b68c000 r-xp 00007000 00:204 45438355995               /mnt/primary/conda-envs/semantic_uncertainty_export/lib/python3.11/lib-dynload/_decimal.cpython-311-x86_64-linux-gnu.so
7fe78b68c000-7fe78b69c000 r--p 00038000 00:204 45438355995               /mnt/primary/conda-envs/semantic_uncertainty_export/lib/python3.11/lib-dynload/_decimal.cpython-311-x86_64-linux-gnu.so
7fe78b69c000-7fe78b69d000 ---p 00048000 00:204 45438355995               /mnt/primary/conda-envs/semantic_uncertainty_export/lib/python3.11/lib-dynload/_decimal.cpython-311-x86_64-linux-gnu.so
7fe78b69d000-7fe78b69e000 r--p 00048000 00:204 45438355995               /mnt/primary/conda-envs/semantic_uncertainty_export/lib/python3.11/lib-dynload/_decimal.cpython-311-x86_64-linux-gnu.so
7fe78b69e000-7fe78b6a1000 rw-p 00049000 00:204 45438355995               /mnt/primary/conda-envs/semantic_uncertainty_export/lib/python3.11/lib-dynload/_decimal.cpython-311-x86_64-linux-gnu.so
7fe78b6a1000-7fe78b7a1000 rw-p 00000000 00:00 0 
7fe78b7a1000-7fe78b7b1000 r--p 00000000 00:204 49723531811               /mnt/primary/conda-envs/semantic_uncertainty_export/lib/libtinfow.so.6.4
7fe78b7b1000-7fe78b7cd000 r-xp 00010000 00:204 49723531811               /mnt/primary/conda-envs/semantic_uncertainty_export/lib/libtinfow.so.6.4
7fe78b7cd000-7fe78b7de000 r--p 0002c000 00:204 49723531811               /mnt/primary/conda-envs/semantic_uncertainty_export/lib/libtinfow.so.6.4
7fe78b7de000-7fe78b7e2000 r--p 0003c000 00:204 49723531811               /mnt/primary/conda-envs/semantic_uncertainty_export/lib/libtinfow.so.6.4
7fe78b7e2000-7fe78b7e3000 rw-p 00040000 00:204 49723531811               /mnt/primary/conda-envs/semantic_uncertainty_export/lib/libtinfow.so.6.4
7fe78b7e3000-7fe78b7ef000 r--p 00000000 00:204 70896380956               /mnt/primary/conda-envs/semantic_uncertainty_export/lib/libncursesw.so.6.4
7fe78b7ef000-7fe78b814000 r-xp 0000c000 00:204 70896380956               /mnt/primary/conda-envs/semantic_uncertainty_export/lib/libncursesw.so.6.4
7fe78b814000-7fe78b81d000 r--p 00031000 00:204 70896380956               /mnt/primary/conda-envs/semantic_uncertainty_export/lib/libncursesw.so.6.4
7fe78b81d000-7fe78b81e000 r--p 00039000 00:204 70896380956               /mnt/primary/conda-envs/semantic_uncertainty_export/lib/libncursesw.so.6.4
7fe78b81e000-7fe78b81f000 rw-p 0003a000 00:204 70896380956               /mnt/primary/conda-envs/semantic_uncertainty_export/lib/libncursesw.so.6.4
7fe78b81f000-7fe78b827000 r--p 00000000 00:204 45438355992               /mnt/primary/conda-envs/semantic_uncertainty_export/lib/python3.11/lib-dynload/_curses.cpython-311-x86_64-linux-gnu.so
7fe78b827000-7fe78b834000 r-xp 00008000 00:204 45438355992               /mnt/primary/conda-envs/semantic_uncertainty_export/lib/python3.11/lib-dynload/_curses.cpython-311-x86_64-linux-gnu.so
7fe78b834000-7fe78b83f000 r--p 00015000 00:204 45438355992               /mnt/primary/conda-envs/semantic_uncertainty_export/lib/python3.11/lib-dynload/_curses.cpython-311-x86_64-linux-gnu.so
7fe78b83f000-7fe78b840000 r--p 0001f000 00:204 45438355992               /mnt/primary/conda-envs/semantic_uncertainty_export/lib/python3.11/lib-dynload/_curses.cpython-311-x86_64-linux-gnu.so
7fe78b840000-7fe78b842000 rw-p 00020000 00:204 45438355992               /mnt/primary/conda-envs/semantic_uncertainty_export/lib/python3.11/lib-dynload/_curses.cpython-311-x86_64-linux-gnu.so
7fe78b842000-7fe78b843000 r--p 00000000 00:204 68749703213               /mnt/primary/conda-envs/semantic_uncertainty_export/lib/python3.11/site-packages/tornado/speedups.abi3.so
7fe78b843000-7fe78b844000 r-xp 00001000 00:204 68749703213               /mnt/primary/conda-envs/semantic_uncertainty_export/lib/python3.11/site-packages/tornado/speedups.abi3.so
7fe78b844000-7fe78b845000 r--p 00002000 00:204 68749703213               /mnt/primary/conda-envs/semantic_uncertainty_export/lib/python3.11/site-packages/tornado/speedups.abi3.so
7fe78b845000-7fe78b846000 r--p 00002000 00:204 68749703213               /mnt/primary/conda-envs/semantic_uncertainty_export/lib/python3.11/site-packages/tornado/speedups.abi3.so
7fe78b846000-7fe78b847000 rw-p 00003000 00:204 68749703213               /mnt/primary/conda-envs/semantic_uncertainty_export/lib/python3.11/site-packages/tornado/speedups.abi3.so
7fe78b847000-7fe78b84a000 r--p 00000000 00:204 45438459412               /mnt/primary/conda-envs/semantic_uncertainty_export/lib/python3.11/lib-dynload/zlib.cpython-311-x86_64-linux-gnu.so
7fe78b84a000-7fe78b84e000 r-xp 00003000 00:204 45438459412               /mnt/primary/conda-envs/semantic_uncertainty_export/lib/python3.11/lib-dynload/zlib.cpython-311-x86_64-linux-gnu.so
7fe78b84e000-7fe78b851000 r--p 00007000 00:204 45438459412               /mnt/primary/conda-envs/semantic_uncertainty_export/lib/python3.11/lib-dynload/zlib.cpython-311-x86_64-linux-gnu.so
7fe78b851000-7fe78b852000 r--p 00009000 00:204 45438459412               /mnt/primary/conda-envs/semantic_uncertainty_export/lib/python3.11/lib-dynload/zlib.cpython-311-x86_64-linux-gnu.so
7fe78b852000-7fe78b853000 rw-p 0000a000 00:204 45438459412               /mnt/primary/conda-envs/semantic_uncertainty_export/lib/python3.11/lib-dynload/zlib.cpython-311-x86_64-linux-gnu.so
7fe78b853000-7fe78b953000 rw-p 00000000 00:00 0 
7fe78b953000-7fe78b958000 r--p 00000000 00:204 45438355994               /mnt/primary/conda-envs/semantic_uncertainty_export/lib/python3.11/lib-dynload/_datetime.cpython-311-x86_64-linux-gnu.so
7fe78b958000-7fe78b969000 r-xp 00005000 00:204 45438355994               /mnt/primary/conda-envs/semantic_uncertainty_export/lib/python3.11/lib-dynload/_datetime.cpython-311-x86_64-linux-gnu.so
7fe78b969000-7fe78b96f000 r--p 00016000 00:204 45438355994               /mnt/primary/conda-envs/semantic_uncertainty_export/lib/python3.11/lib-dynload/_datetime.cpython-311-x86_64-linux-gnu.so
7fe78b96f000-7fe78b970000 r--p 0001b000 00:204 45438355994               /mnt/primary/conda-envs/semantic_uncertainty_export/lib/python3.11/lib-dynload/_datetime.cpython-311-x86_64-linux-gnu.so
7fe78b970000-7fe78b972000 rw-p 0001c000 00:204 45438355994               /mnt/primary/conda-envs/semantic_uncertainty_export/lib/python3.11/lib-dynload/_datetime.cpython-311-x86_64-linux-gnu.so
7fe78b972000-7fe78b974000 r--p 00000000 00:204 45438355979               /mnt/primary/conda-envs/semantic_uncertainty_export/lib/python3.11/lib-dynload/_blake2.cpython-311-x86_64-linux-gnu.so
7fe78b974000-7fe78b97c000 r-xp 00002000 00:204 45438355979               /mnt/primary/conda-envs/semantic_uncertainty_export/lib/python3.11/lib-dynload/_blake2.cpython-311-x86_64-linux-gnu.so
7fe78b97c000-7fe78b97e000 r--p 0000a000 00:204 45438355979               /mnt/primary/conda-envs/semantic_uncertainty_export/lib/python3.11/lib-dynload/_blake2.cpython-311-x86_64-linux-gnu.so
7fe78b97e000-7fe78b97f000 r--p 0000b000 00:204 45438355979               /mnt/primary/conda-envs/semantic_uncertainty_export/lib/python3.11/lib-dynload/_blake2.cpython-311-x86_64-linux-gnu.so
7fe78b97f000-7fe78b980000 rw-p 0000c000 00:204 45438355979               /mnt/primary/conda-envs/semantic_uncertainty_export/lib/python3.11/lib-dynload/_blake2.cpython-311-x86_64-linux-gnu.so
7fe78b980000-7fe78b984000 r--p 00000000 00:204 45438355997               /mnt/primary/conda-envs/semantic_uncertainty_export/lib/python3.11/lib-dynload/_hashlib.cpython-311-x86_64-linux-gnu.so
7fe78b984000-7fe78b98a000 r-xp 00004000 00:204 45438355997               /mnt/primary/conda-envs/semantic_uncertainty_export/lib/python3.11/lib-dynload/_hashlib.cpython-311-x86_64-linux-gnu.so
7fe78b98a000-7fe78b98e000 r--p 0000a000 00:204 45438355997               /mnt/primary/conda-envs/semantic_uncertainty_export/lib/python3.11/lib-dynload/_hashlib.cpython-311-x86_64-linux-gnu.so
7fe78b98e000-7fe78b98f000 ---p 0000e000 00:204 45438355997               /mnt/primary/conda-envs/semantic_uncertainty_export/lib/python3.11/lib-dynload/_hashlib.cpython-311-x86_64-linux-gnu.so
7fe78b98f000-7fe78b990000 r--p 0000e000 00:204 45438355997               /mnt/primary/conda-envs/semantic_uncertainty_export/lib/python3.11/lib-dynload/_hashlib.cpython-311-x86_64-linux-gnu.so
7fe78b990000-7fe78b991000 rw-p 0000f000 00:204 45438355997               /mnt/primary/conda-envs/semantic_uncertainty_export/lib/python3.11/lib-dynload/_hashlib.cpython-311-x86_64-linux-gnu.so
7fe78b991000-7fe78b993000 r--p 00000000 00:204 45438356009               /mnt/primary/conda-envs/semantic_uncertainty_export/lib/python3.11/lib-dynload/_queue.cpython-311-x86_64-linux-gnu.so
7fe78b993000-7fe78b994000 r-xp 00002000 00:204 45438356009               /mnt/primary/conda-envs/semantic_uncertainty_export/lib/python3.11/lib-dynload/_queue.cpython-311-x86_64-linux-gnu.so
7fe78b994000-7fe78b995000 r--p 00003000 00:204 45438356009               /mnt/primary/conda-envs/semantic_uncertainty_export/lib/python3.11/lib-dynload/_queue.cpython-311-x86_64-linux-gnu.so
7fe78b995000-7fe78b996000 r--p 00003000 00:204 45438356009               /mnt/primary/conda-envs/semantic_uncertainty_export/lib/python3.11/lib-dynload/_queue.cpython-311-x86_64-linux-gnu.so
7fe78b996000-7fe78b997000 rw-p 00004000 00:204 45438356009               /mnt/primary/conda-envs/semantic_uncertainty_export/lib/python3.11/lib-dynload/_queue.cpython-311-x86_64-linux-gnu.so
7fe78b997000-7fe78bb97000 rw-p 00000000 00:00 0 
7fe78bb97000-7fe78bb9c000 r--p 00000000 00:204 45438355977               /mnt/primary/conda-envs/semantic_uncertainty_export/lib/python3.11/lib-dynload/_asyncio.cpython-311-x86_64-linux-gnu.so
7fe78bb9c000-7fe78bba1000 r-xp 00005000 00:204 45438355977               /mnt/primary/conda-envs/semantic_uncertainty_export/lib/python3.11/lib-dynload/_asyncio.cpython-311-x86_64-linux-gnu.so
7fe78bba1000-7fe78bba5000 r--p 0000a000 00:204 45438355977               /mnt/primary/conda-envs/semantic_uncertainty_export/lib/python3.11/lib-dynload/_asyncio.cpython-311-x86_64-linux-gnu.so
7fe78bba5000-7fe78bba6000 r--p 0000d000 00:204 45438355977               /mnt/primary/conda-envs/semantic_uncertainty_export/lib/python3.11/lib-dynload/_asyncio.cpython-311-x86_64-linux-gnu.so
7fe78bba6000-7fe78bba8000 rw-p 0000e000 00:204 45438355977               /mnt/primary/conda-envs/semantic_uncertainty_export/lib/python3.11/lib-dynload/_asyncio.cpython-311-x86_64-linux-gnu.so
7fe78bba8000-7fe78bba9000 r--p 00000000 00:204 45438355987               /mnt/primary/conda-envs/semantic_uncertainty_export/lib/python3.11/lib-dynload/_contextvars.cpython-311-x86_64-linux-gnu.so
7fe78bba9000-7fe78bbaa000 r-xp 00001000 00:204 45438355987               /mnt/primary/conda-envs/semantic_uncertainty_export/lib/python3.11/lib-dynload/_contextvars.cpython-311-x86_64-linux-gnu.so
7fe78bbaa000-7fe78bbab000 r--p 00002000 00:204 45438355987               /mnt/primary/conda-envs/semantic_uncertainty_export/lib/python3.11/lib-dynload/_contextvars.cpython-311-x86_64-linux-gnu.so
7fe78bbab000-7fe78bbac000 r--p 00002000 00:204 45438355987               /mnt/primary/conda-envs/semantic_uncertainty_export/lib/python3.11/lib-dynload/_contextvars.cpython-311-x86_64-linux-gnu.so
7fe78bbac000-7fe78bbad000 rw-p 00003000 00:204 45438355987               /mnt/primary/conda-envs/semantic_uncertainty_export/lib/python3.11/lib-dynload/_contextvars.cpython-311-x86_64-linux-gnu.so
7fe78bbad000-7fe78bbae000 r--p 00000000 00:204 45438356005               /mnt/primary/conda-envs/semantic_uncertainty_export/lib/python3.11/lib-dynload/_opcode.cpython-311-x86_64-linux-gnu.so
7fe78bbae000-7fe78bbaf000 r-xp 00001000 00:204 45438356005               /mnt/primary/conda-envs/semantic_uncertainty_export/lib/python3.11/lib-dynload/_opcode.cpython-311-x86_64-linux-gnu.so
7fe78bbaf000-7fe78bbb0000 r--p 00002000 00:204 45438356005               /mnt/primary/conda-envs/semantic_uncertainty_export/lib/python3.11/lib-dynload/_opcode.cpython-311-x86_64-linux-gnu.so
7fe78bbb0000-7fe78bbb1000 r--p 00002000 00:204 45438356005               /mnt/primary/conda-envs/semantic_uncertainty_export/lib/python3.11/lib-dynload/_opcode.cpython-311-x86_64-linux-gnu.so
7fe78bbb1000-7fe78bbb2000 rw-p 00003000 00:204 45438356005               /mnt/primary/conda-envs/semantic_uncertainty_export/lib/python3.11/lib-dynload/_opcode.cpython-311-x86_64-linux-gnu.so
7fe78bbb2000-7fe78bbb5000 r--p 00000000 00:204 70922420738               /mnt/primary/conda-envs/semantic_uncertainty_export/lib/libz.so.1.2.13
7fe78bbb5000-7fe78bbc7000 r-xp 00003000 00:204 70922420738               /mnt/primary/conda-envs/semantic_uncertainty_export/lib/libz.so.1.2.13
7fe78bbc7000-7fe78bbce000 r--p 00015000 00:204 70922420738               /mnt/primary/conda-envs/semantic_uncertainty_export/lib/libz.so.1.2.13
7fe78bbce000-7fe78bbcf000 r--p 0001b000 00:204 70922420738               /mnt/primary/conda-envs/semantic_uncertainty_export/lib/libz.so.1.2.13
7fe78bbcf000-7fe78bbd0000 rw-p 0001c000 00:204 70922420738               /mnt/primary/conda-envs/semantic_uncertainty_export/lib/libz.so.1.2.13
7fe78bbd0000-7fe78bbd2000 r--p 00000000 00:204 45438459394               /mnt/primary/conda-envs/semantic_uncertainty_export/lib/python3.11/lib-dynload/binascii.cpython-311-x86_64-linux-gnu.so
7fe78bbd2000-7fe78bbd6000 r-xp 00002000 00:204 45438459394               /mnt/primary/conda-envs/semantic_uncertainty_export/lib/python3.11/lib-dynload/binascii.cpython-311-x86_64-linux-gnu.so
7fe78bbd6000-7fe78bbd8000 r--p 00006000 00:204 45438459394               /mnt/primary/conda-envs/semantic_uncertainty_export/lib/python3.11/lib-dynload/binascii.cpython-311-x86_64-linux-gnu.so
7fe78bbd8000-7fe78bbd9000 r--p 00007000 00:204 45438459394               /mnt/primary/conda-envs/semantic_uncertainty_export/lib/python3.11/lib-dynload/binascii.cpython-311-x86_64-linux-gnu.so
7fe78bbd9000-7fe78bbda000 rw-p 00008000 00:204 45438459394               /mnt/primary/conda-envs/semantic_uncertainty_export/lib/python3.11/lib-dynload/binascii.cpython-311-x86_64-linux-gnu.so
7fe78bbda000-7fe78bcda000 rw-p 00000000 00:00 0 
7fe78bcda000-7fe78bd92000 r--p 00000000 00:204 148237000223              /mnt/primary/conda-envs/semantic_uncertainty_export/lib/libcrypto.so.3
7fe78bd92000-7fe78bfdd000 r-xp 000b8000 00:204 148237000223              /mnt/primary/conda-envs/semantic_uncertainty_export/lib/libcrypto.so.3
7fe78bfdd000-7fe78c0b4000 r--p 00303000 00:204 148237000223              /mnt/primary/conda-envs/semantic_uncertainty_export/lib/libcrypto.so.3
7fe78c0b4000-7fe78c0b5000 ---p 003da000 00:204 148237000223              /mnt/primary/conda-envs/semantic_uncertainty_export/lib/libcrypto.so.3
7fe78c0b5000-7fe78c110000 r--p 003da000 00:204 148237000223              /mnt/primary/conda-envs/semantic_uncertainty_export/lib/libcrypto.so.3
7fe78c110000-7fe78c113000 rw-p 00435000 00:204 148237000223              /mnt/primary/conda-envs/semantic_uncertainty_export/lib/libcrypto.so.3
7fe78c113000-7fe78c116000 rw-p 00000000 00:00 0 
7fe78c116000-7fe78c136000 r--p 00000000 00:204 70898552846               /mnt/primary/conda-envs/semantic_uncertainty_export/lib/libssl.so.3
7fe78c136000-7fe78c18c000 r-xp 00020000 00:204 70898552846               /mnt/primary/conda-envs/semantic_uncertainty_export/lib/libssl.so.3
7fe78c18c000-7fe78c1aa000 r--p 00076000 00:204 70898552846               /mnt/primary/conda-envs/semantic_uncertainty_export/lib/libssl.so.3
7fe78c1aa000-7fe78c1ab000 ---p 00094000 00:204 70898552846               /mnt/primary/conda-envs/semantic_uncertainty_export/lib/libssl.so.3
7fe78c1ab000-7fe78c1b5000 r--p 00094000 00:204 70898552846               /mnt/primary/conda-envs/semantic_uncertainty_export/lib/libssl.so.3
7fe78c1b5000-7fe78c1b9000 rw-p 0009e000 00:204 70898552846               /mnt/primary/conda-envs/semantic_uncertainty_export/lib/libssl.so.3
7fe78c1b9000-7fe78c1cc000 r--p 00000000 00:204 45438356017               /mnt/primary/conda-envs/semantic_uncertainty_export/lib/python3.11/lib-dynload/_ssl.cpython-311-x86_64-linux-gnu.so
7fe78c1cc000-7fe78c1d6000 r-xp 00013000 00:204 45438356017               /mnt/primary/conda-envs/semantic_uncertainty_export/lib/python3.11/lib-dynload/_ssl.cpython-311-x86_64-linux-gnu.so
7fe78c1d6000-7fe78c1e4000 r--p 0001d000 00:204 45438356017               /mnt/primary/conda-envs/semantic_uncertainty_export/lib/python3.11/lib-dynload/_ssl.cpython-311-x86_64-linux-gnu.so
7fe78c1e4000-7fe78c1e5000 ---p 0002b000 00:204 45438356017               /mnt/primary/conda-envs/semantic_uncertainty_export/lib/python3.11/lib-dynload/_ssl.cpython-311-x86_64-linux-gnu.so
7fe78c1e5000-7fe78c1e6000 r--p 0002b000 00:204 45438356017               /mnt/primary/conda-envs/semantic_uncertainty_export/lib/python3.11/lib-dynload/_ssl.cpython-311-x86_64-linux-gnu.so
7fe78c1e6000-7fe78c1ee000 rw-p 0002c000 00:204 45438356017               /mnt/primary/conda-envs/semantic_uncertainty_export/lib/python3.11/lib-dynload/_ssl.cpython-311-x86_64-linux-gnu.so
7fe78c1ee000-7fe78c1f2000 r--p 00000000 00:204 45438459392               /mnt/primary/conda-envs/semantic_uncertainty_export/lib/python3.11/lib-dynload/array.cpython-311-x86_64-linux-gnu.so
7fe78c1f2000-7fe78c1f9000 r-xp 00004000 00:204 45438459392               /mnt/primary/conda-envs/semantic_uncertainty_export/lib/python3.11/lib-dynload/array.cpython-311-x86_64-linux-gnu.so
7fe78c1f9000-7fe78c1fd000 r--p 0000b000 00:204 45438459392               /mnt/primary/conda-envs/semantic_uncertainty_export/lib/python3.11/lib-dynload/array.cpython-311-x86_64-linux-gnu.so
7fe78c1fd000-7fe78c1fe000 ---p 0000f000 00:204 45438459392               /mnt/primary/conda-envs/semantic_uncertainty_export/lib/python3.11/lib-dynload/array.cpython-311-x86_64-linux-gnu.so
7fe78c1fe000-7fe78c1ff000 r--p 0000f000 00:204 45438459392               /mnt/primary/conda-envs/semantic_uncertainty_export/lib/python3.11/lib-dynload/array.cpython-311-x86_64-linux-gnu.so
7fe78c1ff000-7fe78c200000 rw-p 00010000 00:204 45438459392               /mnt/primary/conda-envs/semantic_uncertainty_export/lib/python3.11/lib-dynload/array.cpython-311-x86_64-linux-gnu.so
7fe78c200000-7fe78c205000 r--p 00000000 00:204 45438356015               /mnt/primary/conda-envs/semantic_uncertainty_export/lib/python3.11/lib-dynload/_socket.cpython-311-x86_64-linux-gnu.so
7fe78c205000-7fe78c20e000 r-xp 00005000 00:204 45438356015               /mnt/primary/conda-envs/semantic_uncertainty_export/lib/python3.11/lib-dynload/_socket.cpython-311-x86_64-linux-gnu.so
7fe78c20e000-7fe78c216000 r--p 0000e000 00:204 45438356015               /mnt/primary/conda-envs/semantic_uncertainty_export/lib/python3.11/lib-dynload/_socket.cpython-311-x86_64-linux-gnu.so
7fe78c216000-7fe78c217000 ---p 00016000 00:204 45438356015               /mnt/primary/conda-envs/semantic_uncertainty_export/lib/python3.11/lib-dynload/_socket.cpython-311-x86_64-linux-gnu.so
7fe78c217000-7fe78c218000 r--p 00016000 00:204 45438356015               /mnt/primary/conda-envs/semantic_uncertainty_export/lib/python3.11/lib-dynload/_socket.cpython-311-x86_64-linux-gnu.so
7fe78c218000-7fe78c219000 rw-p 00017000 00:204 45438356015               /mnt/primary/conda-envs/semantic_uncertainty_export/lib/python3.11/lib-dynload/_socket.cpython-311-x86_64-linux-gnu.so
7fe78c219000-7fe78c21a000 r--p 00000000 00:204 45438355998               /mnt/primary/conda-envs/semantic_uncertainty_export/lib/python3.11/lib-dynload/_heapq.cpython-311-x86_64-linux-gnu.so
7fe78c21a000-7fe78c21d000 r-xp 00001000 00:204 45438355998               /mnt/primary/conda-envs/semantic_uncertainty_export/lib/python3.11/lib-dynload/_heapq.cpython-311-x86_64-linux-gnu.so
7fe78c21d000-7fe78c220000 r--p 00004000 00:204 45438355998               /mnt/primary/conda-envs/semantic_uncertainty_export/lib/python3.11/lib-dynload/_heapq.cpython-311-x86_64-linux-gnu.so
7fe78c220000-7fe78c221000 r--p 00006000 00:204 45438355998               /mnt/primary/conda-envs/semantic_uncertainty_export/lib/python3.11/lib-dynload/_heapq.cpython-311-x86_64-linux-gnu.so
7fe78c221000-7fe78c222000 rw-p 00007000 00:204 45438355998               /mnt/primary/conda-envs/semantic_uncertainty_export/lib/python3.11/lib-dynload/_heapq.cpython-311-x86_64-linux-gnu.so
7fe78c222000-7fe78c322000 rw-p 00000000 00:00 0 
7fe78c322000-7fe78c325000 r--p 00000000 00:204 120262025252              /mnt/primary/conda-envs/semantic_uncertainty_export/lib/python3.11/site-packages/zmq/backend/cython/utils.cpython-311-x86_64-linux-gnu.so
7fe78c325000-7fe78c32c000 r-xp 00003000 00:204 120262025252              /mnt/primary/conda-envs/semantic_uncertainty_export/lib/python3.11/site-packages/zmq/backend/cython/utils.cpython-311-x86_64-linux-gnu.so
7fe78c32c000-7fe78c32e000 r--p 0000a000 00:204 120262025252              /mnt/primary/conda-envs/semantic_uncertainty_export/lib/python3.11/site-packages/zmq/backend/cython/utils.cpython-311-x86_64-linux-gnu.so
7fe78c32e000-7fe78c32f000 r--p 0000b000 00:204 120262025252              /mnt/primary/conda-envs/semantic_uncertainty_export/lib/python3.11/site-packages/zmq/backend/cython/utils.cpython-311-x86_64-linux-gnu.so
7fe78c32f000-7fe78c330000 rw-p 0000c000 00:204 120262025252              /mnt/primary/conda-envs/semantic_uncertainty_export/lib/python3.11/site-packages/zmq/backend/cython/utils.cpython-311-x86_64-linux-gnu.so
7fe78c330000-7fe78c333000 rw-p 0000e000 00:204 120262025252              /mnt/primary/conda-envs/semantic_uncertainty_export/lib/python3.11/site-packages/zmq/backend/cython/utils.cpython-311-x86_64-linux-gnu.so
7fe78c333000-7fe78c336000 r--p 00000000 00:204 120262025259              /mnt/primary/conda-envs/semantic_uncertainty_export/lib/python3.11/site-packages/zmq/backend/cython/error.cpython-311-x86_64-linux-gnu.so
7fe78c336000-7fe78c33b000 r-xp 00003000 00:204 120262025259              /mnt/primary/conda-envs/semantic_uncertainty_export/lib/python3.11/site-packages/zmq/backend/cython/error.cpython-311-x86_64-linux-gnu.so
7fe78c33b000-7fe78c33d000 r--p 00008000 00:204 120262025259              /mnt/primary/conda-envs/semantic_uncertainty_export/lib/python3.11/site-packages/zmq/backend/cython/error.cpython-311-x86_64-linux-gnu.so
7fe78c33d000-7fe78c33e000 r--p 00009000 00:204 120262025259              /mnt/primary/conda-envs/semantic_uncertainty_export/lib/python3.11/site-packages/zmq/backend/cython/error.cpython-311-x86_64-linux-gnu.so
7fe78c33e000-7fe78c33f000 rw-p 0000a000 00:204 120262025259              /mnt/primary/conda-envs/semantic_uncertainty_export/lib/python3.11/site-packages/zmq/backend/cython/error.cpython-311-x86_64-linux-gnu.so
7fe78c33f000-7fe78c342000 rw-p 0000c000 00:204 120262025259              /mnt/primary/conda-envs/semantic_uncertainty_export/lib/python3.11/site-packages/zmq/backend/cython/error.cpython-311-x86_64-linux-gnu.so
7fe78c342000-7fe78c345000 r--p 00000000 00:204 120262025253              /mnt/primary/conda-envs/semantic_uncertainty_export/lib/python3.11/site-packages/zmq/backend/cython/_version.cpython-311-x86_64-linux-gnu.so
7fe78c345000-7fe78c349000 r-xp 00003000 00:204 120262025253              /mnt/primary/conda-envs/semantic_uncertainty_export/lib/python3.11/site-packages/zmq/backend/cython/_version.cpython-311-x86_64-linux-gnu.so
7fe78c349000-7fe78c34b000 r--p 00007000 00:204 120262025253              /mnt/primary/conda-envs/semantic_uncertainty_export/lib/python3.11/site-packages/zmq/backend/cython/_version.cpython-311-x86_64-linux-gnu.so
7fe78c34b000-7fe78c34c000 r--p 00008000 00:204 120262025253              /mnt/primary/conda-envs/semantic_uncertainty_export/lib/python3.11/site-packages/zmq/backend/cython/_version.cpython-311-x86_64-linux-gnu.so
7fe78c34c000-7fe78c34d000 rw-p 00009000 00:204 120262025253              /mnt/primary/conda-envs/semantic_uncertainty_export/lib/python3.11/site-packages/zmq/backend/cython/_version.cpython-311-x86_64-linux-gnu.so
7fe78c34d000-7fe78c34f000 rw-p 0000b000 00:204 120262025253              /mnt/primary/conda-envs/semantic_uncertainty_export/lib/python3.11/site-packages/zmq/backend/cython/_version.cpython-311-x86_64-linux-gnu.so
7fe78c34f000-7fe78c352000 r--p 00000000 00:204 120262025257              /mnt/primary/conda-envs/semantic_uncertainty_export/lib/python3.11/site-packages/zmq/backend/cython/_proxy_steerable.cpython-311-x86_64-linux-gnu.so
7fe78c352000-7fe78c35a000 r-xp 00003000 00:204 120262025257              /mnt/primary/conda-envs/semantic_uncertainty_export/lib/python3.11/site-packages/zmq/backend/cython/_proxy_steerable.cpython-311-x86_64-linux-gnu.so
7fe78c35a000-7fe78c35c000 r--p 0000b000 00:204 120262025257              /mnt/primary/conda-envs/semantic_uncertainty_export/lib/python3.11/site-packages/zmq/backend/cython/_proxy_steerable.cpython-311-x86_64-linux-gnu.so
7fe78c35c000-7fe78c35d000 r--p 0000c000 00:204 120262025257              /mnt/primary/conda-envs/semantic_uncertainty_export/lib/python3.11/site-packages/zmq/backend/cython/_proxy_steerable.cpython-311-x86_64-linux-gnu.so
7fe78c35d000-7fe78c35e000 rw-p 0000d000 00:204 120262025257              /mnt/primary/conda-envs/semantic_uncertainty_export/lib/python3.11/site-packages/zmq/backend/cython/_proxy_steerable.cpython-311-x86_64-linux-gnu.so
7fe78c35e000-7fe78c361000 rw-p 0000f000 00:204 120262025257              /mnt/primary/conda-envs/semantic_uncertainty_export/lib/python3.11/site-packages/zmq/backend/cython/_proxy_steerable.cpython-311-x86_64-linux-gnu.so
7fe78c361000-7fe78c364000 r--p 00000000 00:204 120262025260              /mnt/primary/conda-envs/semantic_uncertainty_export/lib/python3.11/site-packages/zmq/backend/cython/_poll.cpython-311-x86_64-linux-gnu.so
7fe78c364000-7fe78c371000 r-xp 00003000 00:204 120262025260              /mnt/primary/conda-envs/semantic_uncertainty_export/lib/python3.11/site-packages/zmq/backend/cython/_poll.cpython-311-x86_64-linux-gnu.so
7fe78c371000-7fe78c374000 r--p 00010000 00:204 120262025260              /mnt/primary/conda-envs/semantic_uncertainty_export/lib/python3.11/site-packages/zmq/backend/cython/_poll.cpython-311-x86_64-linux-gnu.so
7fe78c374000-7fe78c375000 r--p 00012000 00:204 120262025260              /mnt/primary/conda-envs/semantic_uncertainty_export/lib/python3.11/site-packages/zmq/backend/cython/_poll.cpython-311-x86_64-linux-gnu.so
7fe78c375000-7fe78c376000 rw-p 00013000 00:204 120262025260              /mnt/primary/conda-envs/semantic_uncertainty_export/lib/python3.11/site-packages/zmq/backend/cython/_poll.cpython-311-x86_64-linux-gnu.so
7fe78c376000-7fe78c379000 rw-p 00015000 00:204 120262025260              /mnt/primary/conda-envs/semantic_uncertainty_export/lib/python3.11/site-packages/zmq/backend/cython/_poll.cpython-311-x86_64-linux-gnu.so
7fe78c379000-7fe78c37e000 r--p 00000000 00:204 45438356006               /mnt/primary/conda-envs/semantic_uncertainty_export/lib/python3.11/lib-dynload/_pickle.cpython-311-x86_64-linux-gnu.so
7fe78c37e000-7fe78c391000 r-xp 00005000 00:204 45438356006               /mnt/primary/conda-envs/semantic_uncertainty_export/lib/python3.11/lib-dynload/_pickle.cpython-311-x86_64-linux-gnu.so
7fe78c391000-7fe78c397000 r--p 00018000 00:204 45438356006               /mnt/primary/conda-envs/semantic_uncertainty_export/lib/python3.11/lib-dynload/_pickle.cpython-311-x86_64-linux-gnu.so
7fe78c397000-7fe78c398000 ---p 0001e000 00:204 45438356006               /mnt/primary/conda-envs/semantic_uncertainty_export/lib/python3.11/lib-dynload/_pickle.cpython-311-x86_64-linux-gnu.so
7fe78c398000-7fe78c399000 r--p 0001e000 00:204 45438356006               /mnt/primary/conda-envs/semantic_uncertainty_export/lib/python3.11/lib-dynload/_pickle.cpython-311-x86_64-linux-gnu.so
7fe78c399000-7fe78c39a000 rw-p 0001f000 00:204 45438356006               /mnt/primary/conda-envs/semantic_uncertainty_export/lib/python3.11/lib-dynload/_pickle.cpython-311-x86_64-linux-gnu.so
7fe78c39a000-7fe78c39c000 r--p 00000000 00:204 45438356014               /mnt/primary/conda-envs/semantic_uncertainty_export/lib/python3.11/lib-dynload/_sha512.cpython-311-x86_64-linux-gnu.so
7fe78c39c000-7fe78c3a1000 r-xp 00002000 00:204 45438356014               /mnt/primary/conda-envs/semantic_uncertainty_export/lib/python3.11/lib-dynload/_sha512.cpython-311-x86_64-linux-gnu.so
7fe78c3a1000-7fe78c3a2000 r--p 00007000 00:204 45438356014               /mnt/primary/conda-envs/semantic_uncertainty_export/lib/python3.11/lib-dynload/_sha512.cpython-311-x86_64-linux-gnu.so
7fe78c3a2000-7fe78c3a3000 r--p 00007000 00:204 45438356014               /mnt/primary/conda-envs/semantic_uncertainty_export/lib/python3.11/lib-dynload/_sha512.cpython-311-x86_64-linux-gnu.so
7fe78c3a3000-7fe78c3a4000 rw-p 00008000 00:204 45438356014               /mnt/primary/conda-envs/semantic_uncertainty_export/lib/python3.11/lib-dynload/_sha512.cpython-311-x86_64-linux-gnu.so
7fe78c3a4000-7fe78c3a6000 r--p 00000000 00:204 45438356010               /mnt/primary/conda-envs/semantic_uncertainty_export/lib/python3.11/lib-dynload/_random.cpython-311-x86_64-linux-gnu.so
7fe78c3a6000-7fe78c3a8000 r-xp 00002000 00:204 45438356010               /mnt/primary/conda-envs/semantic_uncertainty_export/lib/python3.11/lib-dynload/_random.cpython-311-x86_64-linux-gnu.so
7fe78c3a8000-7fe78c3a9000 r--p 00004000 00:204 45438356010               /mnt/primary/conda-envs/semantic_uncertainty_export/lib/python3.11/lib-dynload/_random.cpython-311-x86_64-linux-gnu.so
7fe78c3a9000-7fe78c3aa000 r--p 00004000 00:204 45438356010               /mnt/primary/conda-envs/semantic_uncertainty_export/lib/python3.11/lib-dynload/_random.cpython-311-x86_64-linux-gnu.so
7fe78c3aa000-7fe78c3ab000 rw-p 00005000 00:204 45438356010               /mnt/primary/conda-envs/semantic_uncertainty_export/lib/python3.11/lib-dynload/_random.cpython-311-x86_64-linux-gnu.so
7fe78c3ab000-7fe78c3af000 r--p 00000000 00:204 120262025255              /mnt/primary/conda-envs/semantic_uncertainty_export/lib/python3.11/site-packages/zmq/backend/cython/message.cpython-311-x86_64-linux-gnu.so
7fe78c3af000-7fe78c3c1000 r-xp 00004000 00:204 120262025255              /mnt/primary/conda-envs/semantic_uncertainty_export/lib/python3.11/site-packages/zmq/backend/cython/message.cpython-311-x86_64-linux-gnu.so
7fe78c3c1000-7fe78c3c5000 r--p 00016000 00:204 120262025255              /mnt/primary/conda-envs/semantic_uncertainty_export/lib/python3.11/site-packages/zmq/backend/cython/message.cpython-311-x86_64-linux-gnu.so
7fe78c3c5000-7fe78c3c6000 r--p 00019000 00:204 120262025255              /mnt/primary/conda-envs/semantic_uncertainty_export/lib/python3.11/site-packages/zmq/backend/cython/message.cpython-311-x86_64-linux-gnu.so
7fe78c3c6000-7fe78c3cb000 rw-p 0001a000 00:204 120262025255              /mnt/primary/conda-envs/semantic_uncertainty_export/lib/python3.11/site-packages/zmq/backend/cython/message.cpython-311-x86_64-linux-gnu.so
7fe78c3cb000-7fe78c3cf000 r--p 00000000 00:204 120262025263              /mnt/primary/conda-envs/semantic_uncertainty_export/lib/python3.11/site-packages/zmq/backend/cython/socket.cpython-311-x86_64-linux-gnu.so
7fe78c3cf000-7fe78c3ec000 r-xp 00004000 00:204 120262025263              /mnt/primary/conda-envs/semantic_uncertainty_export/lib/python3.11/site-packages/zmq/backend/cython/socket.cpython-311-x86_64-linux-gnu.so
7fe78c3ec000-7fe78c3f2000 r--p 00021000 00:204 120262025263              /mnt/primary/conda-envs/semantic_uncertainty_export/lib/python3.11/site-packages/zmq/backend/cython/socket.cpython-311-x86_64-linux-gnu.so
7fe78c3f2000-7fe78c3f3000 r--p 00026000 00:204 120262025263              /mnt/primary/conda-envs/semantic_uncertainty_export/lib/python3.11/site-packages/zmq/backend/cython/socket.cpython-311-x86_64-linux-gnu.so
7fe78c3f3000-7fe78c3f8000 rw-p 00027000 00:204 120262025263              /mnt/primary/conda-envs/semantic_uncertainty_export/lib/python3.11/site-packages/zmq/backend/cython/socket.cpython-311-x86_64-linux-gnu.so
7fe78c3f8000-7fe78c3fc000 r--p 00000000 00:204 120262025258              /mnt/primary/conda-envs/semantic_uncertainty_export/lib/python3.11/site-packages/zmq/backend/cython/context.cpython-311-x86_64-linux-gnu.so
7fe78c3fc000-7fe78c408000 r-xp 00004000 00:204 120262025258              /mnt/primary/conda-envs/semantic_uncertainty_export/lib/python3.11/site-packages/zmq/backend/cython/context.cpython-311-x86_64-linux-gnu.so
7fe78c408000-7fe78c40b000 r--p 00010000 00:204 120262025258              /mnt/primary/conda-envs/semantic_uncertainty_export/lib/python3.11/site-packages/zmq/backend/cython/context.cpython-311-x86_64-linux-gnu.so
7fe78c40b000-7fe78c40c000 r--p 00012000 00:204 120262025258              /mnt/primary/conda-envs/semantic_uncertainty_export/lib/python3.11/site-packages/zmq/backend/cython/context.cpython-311-x86_64-linux-gnu.so
7fe78c40c000-7fe78c40d000 rw-p 00013000 00:204 120262025258              /mnt/primary/conda-envs/semantic_uncertainty_export/lib/python3.11/site-packages/zmq/backend/cython/context.cpython-311-x86_64-linux-gnu.so
7fe78c40d000-7fe78c40e000 rw-p 00000000 00:00 0 
7fe78c40e000-7fe78c411000 rw-p 00015000 00:204 120262025258              /mnt/primary/conda-envs/semantic_uncertainty_export/lib/python3.11/site-packages/zmq/backend/cython/context.cpython-311-x86_64-linux-gnu.so
7fe78c411000-7fe78c414000 r--p 00000000 00:204 70896295971               /mnt/primary/conda-envs/semantic_uncertainty_export/lib/libgcc_s.so.1
7fe78c414000-7fe78c426000 r-xp 00003000 00:204 70896295971               /mnt/primary/conda-envs/semantic_uncertainty_export/lib/libgcc_s.so.1
7fe78c426000-7fe78c429000 r--p 00015000 00:204 70896295971               /mnt/primary/conda-envs/semantic_uncertainty_export/lib/libgcc_s.so.1
7fe78c429000-7fe78c42a000 r--p 00017000 00:204 70896295971               /mnt/primary/conda-envs/semantic_uncertainty_export/lib/libgcc_s.so.1
7fe78c42a000-7fe78c42b000 rw-p 00018000 00:204 70896295971               /mnt/primary/conda-envs/semantic_uncertainty_export/lib/libgcc_s.so.1
7fe78c42b000-7fe78c4cc000 r--p 00000000 00:204 70896295960               /mnt/primary/conda-envs/semantic_uncertainty_export/lib/libstdc++.so.6.0.29
7fe78c4cc000-7fe78c5c1000 r-xp 000a1000 00:204 70896295960               /mnt/primary/conda-envs/semantic_uncertainty_export/lib/libstdc++.so.6.0.29
7fe78c5c1000-7fe78c62d000 r--p 00196000 00:204 70896295960               /mnt/primary/conda-envs/semantic_uncertainty_export/lib/libstdc++.so.6.0.29
7fe78c62d000-7fe78c62e000 ---p 00202000 00:204 70896295960               /mnt/primary/conda-envs/semantic_uncertainty_export/lib/libstdc++.so.6.0.29
7fe78c62e000-7fe78c639000 r--p 00202000 00:204 70896295960               /mnt/primary/conda-envs/semantic_uncertainty_export/lib/libstdc++.so.6.0.29
7fe78c639000-7fe78c63c000 rw-p 0020d000 00:204 70896295960               /mnt/primary/conda-envs/semantic_uncertainty_export/lib/libstdc++.so.6.0.29
7fe78c63c000-7fe78c63f000 rw-p 00000000 00:00 0 
7fe78c63f000-7fe78c64b000 r--p 00000000 00:204 92348914178               /mnt/primary/conda-envs/semantic_uncertainty_export/lib/python3.11/site-packages/pyzmq.libs/libsodium-cb25555f.so.23.3.0
7fe78c64b000-7fe78c74d000 r-xp 0000c000 00:204 92348914178               /mnt/primary/conda-envs/semantic_uncertainty_export/lib/python3.11/site-packages/pyzmq.libs/libsodium-cb25555f.so.23.3.0
7fe78c74d000-7fe78c761000 r--p 0010e000 00:204 92348914178               /mnt/primary/conda-envs/semantic_uncertainty_export/lib/python3.11/site-packages/pyzmq.libs/libsodium-cb25555f.so.23.3.0
7fe78c761000-7fe78c762000 ---p 00122000 00:204 92348914178               /mnt/primary/conda-envs/semantic_uncertainty_export/lib/python3.11/site-packages/pyzmq.libs/libsodium-cb25555f.so.23.3.0
7fe78c762000-7fe78c763000 r--p 00122000 00:204 92348914178               /mnt/primary/conda-envs/semantic_uncertainty_export/lib/python3.11/site-packages/pyzmq.libs/libsodium-cb25555f.so.23.3.0
7fe78c763000-7fe78c764000 rw-p 00123000 00:204 92348914178               /mnt/primary/conda-envs/semantic_uncertainty_export/lib/python3.11/site-packages/pyzmq.libs/libsodium-cb25555f.so.23.3.0
7fe78c764000-7fe78c76b000 rw-p 00125000 00:204 92348914178               /mnt/primary/conda-envs/semantic_uncertainty_export/lib/python3.11/site-packages/pyzmq.libs/libsodium-cb25555f.so.23.3.0
7fe78c76b000-7fe78c76c000 r--p 00000000 08:04 546782602                  /usr/lib/x86_64-linux-gnu/librt.so.1
7fe78c76c000-7fe78c76d000 r-xp 00001000 08:04 546782602                  /usr/lib/x86_64-linux-gnu/librt.so.1
7fe78c76d000-7fe78c76e000 r--p 00002000 08:04 546782602                  /usr/lib/x86_64-linux-gnu/librt.so.1
7fe78c76e000-7fe78c76f000 r--p 00002000 08:04 546782602                  /usr/lib/x86_64-linux-gnu/librt.so.1
7fe78c76f000-7fe78c770000 rw-p 00003000 08:04 546782602                  /usr/lib/x86_64-linux-gnu/librt.so.1
7fe78c771000-7fe78c773000 r--p 00000000 00:204 45438355978               /mnt/primary/conda-envs/semantic_uncertainty_export/lib/python3.11/lib-dynload/_bisect.cpython-311-x86_64-linux-gnu.so
7fe78c773000-7fe78c775000 r-xp 00002000 00:204 45438355978               /mnt/primary/conda-envs/semantic_uncertainty_export/lib/python3.11/lib-dynload/_bisect.cpython-311-x86_64-linux-gnu.so
7fe78c775000-7fe78c776000 r--p 00004000 00:204 45438355978               /mnt/primary/conda-envs/semantic_uncertainty_export/lib/python3.11/lib-dynload/_bisect.cpython-311-x86_64-linux-gnu.so
7fe78c776000-7fe78c777000 r--p 00004000 00:204 45438355978               /mnt/primary/conda-envs/semantic_uncertainty_export/lib/python3.11/lib-dynload/_bisect.cpython-311-x86_64-linux-gnu.so
7fe78c777000-7fe78c778000 rw-p 00005000 00:204 45438355978               /mnt/primary/conda-envs/semantic_uncertainty_export/lib/python3.11/lib-dynload/_bisect.cpython-311-x86_64-linux-gnu.so
7fe78c778000-7fe78c791000 r--p 00000000 00:204 92348914179               /mnt/primary/conda-envs/semantic_uncertainty_export/lib/python3.11/site-packages/pyzmq.libs/libzmq-f468291a.so.5.2.4
7fe78c791000-7fe78c824000 r-xp 00019000 00:204 92348914179               /mnt/primary/conda-envs/semantic_uncertainty_export/lib/python3.11/site-packages/pyzmq.libs/libzmq-f468291a.so.5.2.4
7fe78c824000-7fe78c85f000 r--p 000ac000 00:204 92348914179               /mnt/primary/conda-envs/semantic_uncertainty_export/lib/python3.11/site-packages/pyzmq.libs/libzmq-f468291a.so.5.2.4
7fe78c85f000-7fe78c867000 r--p 000e6000 00:204 92348914179               /mnt/primary/conda-envs/semantic_uncertainty_export/lib/python3.11/site-packages/pyzmq.libs/libzmq-f468291a.so.5.2.4
7fe78c867000-7fe78c868000 rw-p 000ee000 00:204 92348914179               /mnt/primary/conda-envs/semantic_uncertainty_export/lib/python3.11/site-packages/pyzmq.libs/libzmq-f468291a.so.5.2.4
7fe78c868000-7fe78c86e000 rw-p 000f0000 00:204 92348914179               /mnt/primary/conda-envs/semantic_uncertainty_export/lib/python3.11/site-packages/pyzmq.libs/libzmq-f468291a.so.5.2.4
7fe78c86e000-7fe78c871000 r--p 00000000 00:204 120262025247              /mnt/primary/conda-envs/semantic_uncertainty_export/lib/python3.11/site-packages/zmq/backend/cython/_device.cpython-311-x86_64-linux-gnu.so
7fe78c871000-7fe78c87a000 r-xp 00003000 00:204 120262025247              /mnt/primary/conda-envs/semantic_uncertainty_export/lib/python3.11/site-packages/zmq/backend/cython/_device.cpython-311-x86_64-linux-gnu.so
7fe78c87a000-7fe78c87c000 r--p 0000c000 00:204 120262025247              /mnt/primary/conda-envs/semantic_uncertainty_export/lib/python3.11/site-packages/zmq/backend/cython/_device.cpython-311-x86_64-linux-gnu.so
7fe78c87c000-7fe78c87d000 ---p 0000e000 00:204 120262025247              /mnt/primary/conda-envs/semantic_uncertainty_export/lib/python3.11/site-packages/zmq/backend/cython/_device.cpython-311-x86_64-linux-gnu.so
7fe78c87d000-7fe78c87e000 r--p 0000e000 00:204 120262025247              /mnt/primary/conda-envs/semantic_uncertainty_export/lib/python3.11/site-packages/zmq/backend/cython/_device.cpython-311-x86_64-linux-gnu.so
7fe78c87e000-7fe78c87f000 rw-p 0000f000 00:204 120262025247              /mnt/primary/conda-envs/semantic_uncertainty_export/lib/python3.11/site-packages/zmq/backend/cython/_device.cpython-311-x86_64-linux-gnu.so
7fe78c87f000-7fe78c882000 rw-p 00011000 00:204 120262025247              /mnt/primary/conda-envs/semantic_uncertainty_export/lib/python3.11/site-packages/zmq/backend/cython/_device.cpython-311-x86_64-linux-gnu.so
7fe78c882000-7fe78c982000 rw-p 00000000 00:00 0 
7fe78c982000-7fe78c986000 r--p 00000000 00:204 45438356019               /mnt/primary/conda-envs/semantic_uncertainty_export/lib/python3.11/lib-dynload/_struct.cpython-311-x86_64-linux-gnu.so
7fe78c986000-7fe78c98b000 r-xp 00004000 00:204 45438356019               /mnt/primary/conda-envs/semantic_uncertainty_export/lib/python3.11/lib-dynload/_struct.cpython-311-x86_64-linux-gnu.so
7fe78c98b000-7fe78c98f000 r--p 00009000 00:204 45438356019               /mnt/primary/conda-envs/semantic_uncertainty_export/lib/python3.11/lib-dynload/_struct.cpython-311-x86_64-linux-gnu.so
7fe78c98f000-7fe78c990000 r--p 0000c000 00:204 45438356019               /mnt/primary/conda-envs/semantic_uncertainty_export/lib/python3.11/lib-dynload/_struct.cpython-311-x86_64-linux-gnu.so
7fe78c990000-7fe78c991000 rw-p 0000d000 00:204 45438356019               /mnt/primary/conda-envs/semantic_uncertainty_export/lib/python3.11/lib-dynload/_struct.cpython-311-x86_64-linux-gnu.so
7fe78c991000-7fe78c994000 r--p 00000000 00:204 70898546206               /mnt/primary/conda-envs/semantic_uncertainty_export/lib/libffi.so.8.1.2
7fe78c994000-7fe78c99e000 r-xp 00003000 00:204 70898546206               /mnt/primary/conda-envs/semantic_uncertainty_export/lib/libffi.so.8.1.2
7fe78c99e000-7fe78c9a0000 r--p 0000d000 00:204 70898546206               /mnt/primary/conda-envs/semantic_uncertainty_export/lib/libffi.so.8.1.2
7fe78c9a0000-7fe78c9a1000 r--p 0000e000 00:204 70898546206               /mnt/primary/conda-envs/semantic_uncertainty_export/lib/libffi.so.8.1.2
7fe78c9a1000-7fe78c9a2000 rw-p 0000f000 00:204 70898546206               /mnt/primary/conda-envs/semantic_uncertainty_export/lib/libffi.so.8.1.2
7fe78c9a2000-7fe78c9a9000 r--p 00000000 00:204 45438355990               /mnt/primary/conda-envs/semantic_uncertainty_export/lib/python3.11/lib-dynload/_ctypes.cpython-311-x86_64-linux-gnu.so
7fe78c9a9000-7fe78c9b7000 r-xp 00007000 00:204 45438355990               /mnt/primary/conda-envs/semantic_uncertainty_export/lib/python3.11/lib-dynload/_ctypes.cpython-311-x86_64-linux-gnu.so
7fe78c9b7000-7fe78c9bd000 r--p 00015000 00:204 45438355990               /mnt/primary/conda-envs/semantic_uncertainty_export/lib/python3.11/lib-dynload/_ctypes.cpython-311-x86_64-linux-gnu.so
7fe78c9bd000-7fe78c9be000 ---p 0001b000 00:204 45438355990               /mnt/primary/conda-envs/semantic_uncertainty_export/lib/python3.11/lib-dynload/_ctypes.cpython-311-x86_64-linux-gnu.so
7fe78c9be000-7fe78c9bf000 r--p 0001b000 00:204 45438355990               /mnt/primary/conda-envs/semantic_uncertainty_export/lib/python3.11/lib-dynload/_ctypes.cpython-311-x86_64-linux-gnu.so
7fe78c9bf000-7fe78c9c3000 rw-p 0001c000 00:204 45438355990               /mnt/primary/conda-envs/semantic_uncertainty_export/lib/python3.11/lib-dynload/_ctypes.cpython-311-x86_64-linux-gnu.so
7fe78c9c3000-7fe78c9c7000 r--p 00000000 00:204 45438459398               /mnt/primary/conda-envs/semantic_uncertainty_export/lib/python3.11/lib-dynload/math.cpython-311-x86_64-linux-gnu.so
7fe78c9c7000-7fe78c9cf000 r-xp 00004000 00:204 45438459398               /mnt/primary/conda-envs/semantic_uncertainty_export/lib/python3.11/lib-dynload/math.cpython-311-x86_64-linux-gnu.so
7fe78c9cf000-7fe78c9d4000 r--p 0000c000 00:204 45438459398               /mnt/primary/conda-envs/semantic_uncertainty_export/lib/python3.11/lib-dynload/math.cpython-311-x86_64-linux-gnu.so
7fe78c9d4000-7fe78c9d5000 r--p 00010000 00:204 45438459398               /mnt/primary/conda-envs/semantic_uncertainty_export/lib/python3.11/lib-dynload/math.cpython-311-x86_64-linux-gnu.so
7fe78c9d5000-7fe78c9d6000 rw-p 00011000 00:204 45438459398               /mnt/primary/conda-envs/semantic_uncertainty_export/lib/python3.11/lib-dynload/math.cpython-311-x86_64-linux-gnu.so
7fe78c9d6000-7fe78c9d9000 r--p 00000000 00:204 45438459405               /mnt/primary/conda-envs/semantic_uncertainty_export/lib/python3.11/lib-dynload/select.cpython-311-x86_64-linux-gnu.so
7fe78c9d9000-7fe78c9dc000 r-xp 00003000 00:204 45438459405               /mnt/primary/conda-envs/semantic_uncertainty_export/lib/python3.11/lib-dynload/select.cpython-311-x86_64-linux-gnu.so
7fe78c9dc000-7fe78c9de000 r--p 00006000 00:204 45438459405               /mnt/primary/conda-envs/semantic_uncertainty_export/lib/python3.11/lib-dynload/select.cpython-311-x86_64-linux-gnu.so
7fe78c9de000-7fe78c9df000 ---p 00008000 00:204 45438459405               /mnt/primary/conda-envs/semantic_uncertainty_export/lib/python3.11/lib-dynload/select.cpython-311-x86_64-linux-gnu.so
7fe78c9df000-7fe78c9e0000 r--p 00008000 00:204 45438459405               /mnt/primary/conda-envs/semantic_uncertainty_export/lib/python3.11/lib-dynload/select.cpython-311-x86_64-linux-gnu.so
7fe78c9e0000-7fe78c9e1000 rw-p 00009000 00:204 45438459405               /mnt/primary/conda-envs/semantic_uncertainty_export/lib/python3.11/lib-dynload/select.cpython-311-x86_64-linux-gnu.so
7fe78c9e1000-7fe78c9e3000 r--p 00000000 00:204 45438356008               /mnt/primary/conda-envs/semantic_uncertainty_export/lib/python3.11/lib-dynload/_posixsubprocess.cpython-311-x86_64-linux-gnu.so
7fe78c9e3000-7fe78c9e6000 r-xp 00002000 00:204 45438356008               /mnt/primary/conda-envs/semantic_uncertainty_export/lib/python3.11/lib-dynload/_posixsubprocess.cpython-311-x86_64-linux-gnu.so
7fe78c9e6000-7fe78c9e7000 r--p 00005000 00:204 45438356008               /mnt/primary/conda-envs/semantic_uncertainty_export/lib/python3.11/lib-dynload/_posixsubprocess.cpython-311-x86_64-linux-gnu.so
7fe78c9e7000-7fe78c9e8000 r--p 00005000 00:204 45438356008               /mnt/primary/conda-envs/semantic_uncertainty_export/lib/python3.11/lib-dynload/_posixsubprocess.cpython-311-x86_64-linux-gnu.so
7fe78c9e8000-7fe78c9e9000 rw-p 00006000 00:204 45438356008               /mnt/primary/conda-envs/semantic_uncertainty_export/lib/python3.11/lib-dynload/_posixsubprocess.cpython-311-x86_64-linux-gnu.so
7fe78c9e9000-7fe78c9eb000 r--p 00000000 00:204 45438459396               /mnt/primary/conda-envs/semantic_uncertainty_export/lib/python3.11/lib-dynload/fcntl.cpython-311-x86_64-linux-gnu.so
7fe78c9eb000-7fe78c9ed000 r-xp 00002000 00:204 45438459396               /mnt/primary/conda-envs/semantic_uncertainty_export/lib/python3.11/lib-dynload/fcntl.cpython-311-x86_64-linux-gnu.so
7fe78c9ed000-7fe78c9ef000 r--p 00004000 00:204 45438459396               /mnt/primary/conda-envs/semantic_uncertainty_export/lib/python3.11/lib-dynload/fcntl.cpython-311-x86_64-linux-gnu.so
7fe78c9ef000-7fe78c9f0000 r--p 00005000 00:204 45438459396               /mnt/primary/conda-envs/semantic_uncertainty_export/lib/python3.11/lib-dynload/fcntl.cpython-311-x86_64-linux-gnu.so
7fe78c9f0000-7fe78c9f1000 rw-p 00006000 00:204 45438459396               /mnt/primary/conda-envs/semantic_uncertainty_export/lib/python3.11/lib-dynload/fcntl.cpython-311-x86_64-linux-gnu.so
7fe78c9f1000-7fe78c9f4000 r--p 00000000 00:204 45438355999               /mnt/primary/conda-envs/semantic_uncertainty_export/lib/python3.11/lib-dynload/_json.cpython-311-x86_64-linux-gnu.so
7fe78c9f4000-7fe78c9fa000 r-xp 00003000 00:204 45438355999               /mnt/primary/conda-envs/semantic_uncertainty_export/lib/python3.11/lib-dynload/_json.cpython-311-x86_64-linux-gnu.so
7fe78c9fa000-7fe78c9fc000 r--p 00009000 00:204 45438355999               /mnt/primary/conda-envs/semantic_uncertainty_export/lib/python3.11/lib-dynload/_json.cpython-311-x86_64-linux-gnu.so
7fe78c9fc000-7fe78c9fd000 r--p 0000a000 00:204 45438355999               /mnt/primary/conda-envs/semantic_uncertainty_export/lib/python3.11/lib-dynload/_json.cpython-311-x86_64-linux-gnu.so
7fe78c9fd000-7fe78c9fe000 rw-p 0000b000 00:204 45438355999               /mnt/primary/conda-envs/semantic_uncertainty_export/lib/python3.11/lib-dynload/_json.cpython-311-x86_64-linux-gnu.so
7fe78c9fe000-7fe78c9ff000 r--p 00000000 00:204 45438356027               /mnt/primary/conda-envs/semantic_uncertainty_export/lib/python3.11/lib-dynload/_typing.cpython-311-x86_64-linux-gnu.so
7fe78c9ff000-7fe78ca00000 r-xp 00001000 00:204 45438356027               /mnt/primary/conda-envs/semantic_uncertainty_export/lib/python3.11/lib-dynload/_typing.cpython-311-x86_64-linux-gnu.so
7fe78ca00000-7fe78ca01000 r--p 00002000 00:204 45438356027               /mnt/primary/conda-envs/semantic_uncertainty_export/lib/python3.11/lib-dynload/_typing.cpython-311-x86_64-linux-gnu.so
7fe78ca01000-7fe78ca02000 r--p 00002000 00:204 45438356027               /mnt/primary/conda-envs/semantic_uncertainty_export/lib/python3.11/lib-dynload/_typing.cpython-311-x86_64-linux-gnu.so
7fe78ca02000-7fe78ca03000 rw-p 00003000 00:204 45438356027               /mnt/primary/conda-envs/semantic_uncertainty_export/lib/python3.11/lib-dynload/_typing.cpython-311-x86_64-linux-gnu.so
7fe78ca03000-7fe78cc03000 rw-p 00000000 00:00 0 
7fe78cc07000-7fe78cd69000 rw-p 00000000 00:00 0 
7fe78cd69000-7fe78cdc0000 r--p 00000000 08:04 1087162691                 /usr/lib/locale/C.utf8/LC_CTYPE
7fe78cdc0000-7fe78cdc5000 rw-p 00000000 00:00 0 
7fe78cdc5000-7fe78cded000 r--p 00000000 08:04 546782462                  /usr/lib/x86_64-linux-gnu/libc.so.6
7fe78cded000-7fe78cf82000 r-xp 00028000 08:04 546782462                  /usr/lib/x86_64-linux-gnu/libc.so.6
7fe78cf82000-7fe78cfda000 r--p 001bd000 08:04 546782462                  /usr/lib/x86_64-linux-gnu/libc.so.6
7fe78cfda000-7fe78cfdb000 ---p 00215000 08:04 546782462                  /usr/lib/x86_64-linux-gnu/libc.so.6
7fe78cfdb000-7fe78cfdf000 r--p 00215000 08:04 546782462                  /usr/lib/x86_64-linux-gnu/libc.so.6
7fe78cfdf000-7fe78cfe1000 rw-p 00219000 08:04 546782462                  /usr/lib/x86_64-linux-gnu/libc.so.6
7fe78cfe1000-7fe78cfee000 rw-p 00000000 00:00 0 
7fe78cfee000-7fe78cffc000 r--p 00000000 08:04 546782565                  /usr/lib/x86_64-linux-gnu/libm.so.6
7fe78cffc000-7fe78d078000 r-xp 0000e000 08:04 546782565                  /usr/lib/x86_64-linux-gnu/libm.so.6
7fe78d078000-7fe78d0d3000 r--p 0008a000 08:04 546782565                  /usr/lib/x86_64-linux-gnu/libm.so.6
7fe78d0d3000-7fe78d0d4000 r--p 000e4000 08:04 546782565                  /usr/lib/x86_64-linux-gnu/libm.so.6
7fe78d0d4000-7fe78d0d5000 rw-p 000e5000 08:04 546782565                  /usr/lib/x86_64-linux-gnu/libm.so.6
7fe78d0d5000-7fe78d0d6000 r--p 00000000 08:04 546782619                  /usr/lib/x86_64-linux-gnu/libutil.so.1
7fe78d0d6000-7fe78d0d7000 r-xp 00001000 08:04 546782619                  /usr/lib/x86_64-linux-gnu/libutil.so.1
7fe78d0d7000-7fe78d0d8000 r--p 00002000 08:04 546782619                  /usr/lib/x86_64-linux-gnu/libutil.so.1
7fe78d0d8000-7fe78d0d9000 r--p 00002000 08:04 546782619                  /usr/lib/x86_64-linux-gnu/libutil.so.1
7fe78d0d9000-7fe78d0da000 rw-p 00003000 08:04 546782619                  /usr/lib/x86_64-linux-gnu/libutil.so.1
7fe78d0da000-7fe78d0db000 r--p 00000000 08:04 546782540                  /usr/lib/x86_64-linux-gnu/libdl.so.2
7fe78d0db000-7fe78d0dc000 r-xp 00001000 08:04 546782540                  /usr/lib/x86_64-linux-gnu/libdl.so.2
7fe78d0dc000-7fe78d0dd000 r--p 00002000 08:04 546782540                  /usr/lib/x86_64-linux-gnu/libdl.so.2
7fe78d0dd000-7fe78d0de000 r--p 00002000 08:04 546782540                  /usr/lib/x86_64-linux-gnu/libdl.so.2
7fe78d0de000-7fe78d0df000 rw-p 00003000 08:04 546782540                  /usr/lib/x86_64-linux-gnu/libdl.so.2
7fe78d0df000-7fe78d0e0000 r--p 00000000 08:04 546782597                  /usr/lib/x86_64-linux-gnu/libpthread.so.0
7fe78d0e0000-7fe78d0e1000 r-xp 00001000 08:04 546782597                  /usr/lib/x86_64-linux-gnu/libpthread.so.0
7fe78d0e1000-7fe78d0e2000 r--p 00002000 08:04 546782597                  /usr/lib/x86_64-linux-gnu/libpthread.so.0
7fe78d0e2000-7fe78d0e3000 r--p 00002000 08:04 546782597                  /usr/lib/x86_64-linux-gnu/libpthread.so.0
7fe78d0e3000-7fe78d0e4000 rw-p 00003000 08:04 546782597                  /usr/lib/x86_64-linux-gnu/libpthread.so.0
7fe78d0e5000-7fe78d0ec000 r--s 00000000 08:04 1087163038                 /usr/lib/x86_64-linux-gnu/gconv/gconv-modules.cache
7fe78d0ec000-7fe78d0ee000 rw-p 00000000 00:00 0 
7fe78d0ee000-7fe78d0f0000 r--p 00000000 08:04 546782446                  /usr/lib/x86_64-linux-gnu/ld-linux-x86-64.so.2
7fe78d0f0000-7fe78d11a000 r-xp 00002000 08:04 546782446                  /usr/lib/x86_64-linux-gnu/ld-linux-x86-64.so.2
7fe78d11a000-7fe78d125000 r--p 0002c000 08:04 546782446                  /usr/lib/x86_64-linux-gnu/ld-linux-x86-64.so.2
7fe78d126000-7fe78d128000 r--p 00037000 08:04 546782446                  /usr/lib/x86_64-linux-gnu/ld-linux-x86-64.so.2
7fe78d128000-7fe78d12a000 rw-p 00039000 08:04 546782446                  /usr/lib/x86_64-linux-gnu/ld-linux-x86-64.so.2
7ffc67b7e000-7ffc67b82000 ---p 00000000 00:00 0 
7ffc67b82000-7ffc67c7e000 rw-p 00000000 00:00 0                          [stack]
7ffc67d07000-7ffc67d0b000 r--p 00000000 00:00 0                          [vvar]
7ffc67d0b000-7ffc67d0d000 r-xp 00000000 00:00 0                          [vdso]
ffffffffff600000-ffffffffff601000 --xp 00000000 00:00 0                  [vsyscall]


VM Arguments:
java_command: jupyter[pyterrier]:/root/nfs/context_coherence/analysis/qpp_test.ipynb
java_class_path (initial): /root/.pyterrier/terrier-assemblies-5.11-jar-with-dependencies.jar:/root/.pyterrier/terrier-python-helper-0.0.8.jar:/opt/miniconda3/envs/semantic_uncertainty_export/lib/python3.11/site-packages/jnius/src
Launcher Type: generic

[Global flags]
     intx CICompilerCount                          = 15                                        {product} {ergonomic}
     uint ConcGCThreads                            = 6                                         {product} {ergonomic}
     uint G1ConcRefinementThreads                  = 23                                        {product} {ergonomic}
   size_t G1HeapRegionSize                         = 4194304                                   {product} {ergonomic}
    uintx GCDrainStackTargetSize                   = 64                                        {product} {ergonomic}
   size_t InitialHeapSize                          = 2147483648                                {product} {ergonomic}
   size_t MarkStackSize                            = 4194304                                   {product} {ergonomic}
   size_t MaxHeapSize                              = 32178700288                               {product} {ergonomic}
   size_t MaxNewSize                               = 19306381312                               {product} {ergonomic}
   size_t MinHeapDeltaBytes                        = 4194304                                   {product} {ergonomic}
    uintx NonNMethodCodeHeapSize                   = 8182140                                {pd product} {ergonomic}
    uintx NonProfiledCodeHeapSize                  = 121738050                              {pd product} {ergonomic}
    uintx ProfiledCodeHeapSize                     = 121738050                              {pd product} {ergonomic}
    uintx ReservedCodeCacheSize                    = 251658240                              {pd product} {ergonomic}
     bool SegmentedCodeCache                       = true                                      {product} {ergonomic}
     bool UseCompressedClassPointers               = true                                 {lp64_product} {ergonomic}
     bool UseCompressedOops                        = true                                 {lp64_product} {ergonomic}
     bool UseG1GC                                  = true                                      {product} {ergonomic}

Logging:
Log output configuration:
 #0: stdout all=warning uptime,level,tags
 #1: stderr all=off uptime,level,tags

Environment Variables:
PATH=/opt/miniconda3/envs/semantic_uncertainty_export/bin:/opt/miniconda3/condabin:/root/.cargo/bin:/opt/miniconda3/bin:/usr/local/sbin:/usr/local/bin:/usr/sbin:/usr/bin:/sbin:/bin
LD_LIBRARY_PATH=/usr/local/nvidia/lib:/usr/local/nvidia/lib64
SHELL=/bin/bash
LC_CTYPE=C.UTF-8
TERM=xterm-color

Signal Handlers:
SIGSEGV: [libjvm.so+0xebbd40], sa_mask[0]=11111111011111111101111111111110, sa_flags=SA_RESTART|SA_SIGINFO
SIGBUS: [libjvm.so+0xebbd40], sa_mask[0]=11111111011111111101111111111110, sa_flags=SA_RESTART|SA_SIGINFO
SIGFPE: [libjvm.so+0xebbd40], sa_mask[0]=11111111011111111101111111111110, sa_flags=SA_RESTART|SA_SIGINFO
SIGPIPE: [libjvm.so+0xbfe040], sa_mask[0]=11111111011111111101111111111110, sa_flags=SA_RESTART|SA_SIGINFO
SIGXFSZ: [libjvm.so+0xbfe040], sa_mask[0]=11111111011111111101111111111110, sa_flags=SA_RESTART|SA_SIGINFO
SIGILL: [libjvm.so+0xebbd40], sa_mask[0]=11111111011111111101111111111110, sa_flags=SA_RESTART|SA_SIGINFO
SIGUSR2: [libjvm.so+0xbfdee0], sa_mask[0]=00000000000000000000000000000000, sa_flags=SA_RESTART|SA_SIGINFO
SIGHUP: [libjvm.so+0xbfe6a0], sa_mask[0]=11111111011111111101111111111110, sa_flags=SA_RESTART|SA_SIGINFO
SIGINT: SIG_IGN, sa_mask[0]=00000000000000000000000000000000, sa_flags=SA_ONSTACK
SIGTERM: [libjvm.so+0xbfe6a0], sa_mask[0]=11111111011111111101111111111110, sa_flags=SA_RESTART|SA_SIGINFO
SIGQUIT: [libjvm.so+0xbfe6a0], sa_mask[0]=11111111011111111101111111111110, sa_flags=SA_RESTART|SA_SIGINFO


---------------  S Y S T E M  ---------------

OS:DISTRIB_ID=Ubuntu
DISTRIB_RELEASE=22.04
DISTRIB_CODENAME=jammy
DISTRIB_DESCRIPTION="Ubuntu 22.04.5 LTS"
uname:Linux 6.7.4-200.fc39.x86_64 #1 SMP PREEMPT_DYNAMIC Mon Feb  5 22:21:14 UTC 2024 x86_64
OS uptime: 10 days 20:29 hours
libc:glibc 2.35 NPTL 2.35 
rlimit (soft/hard): STACK 8192k/infinity , CORE infinity/infinity , NPROC 4194304/4194304 , NOFILE 1048576/1048576 , AS infinity/infinity , CPU infinity/infinity , DATA infinity/infinity , FSIZE infinity/infinity , MEMLOCK 8192k/8192k
load average:0.90 0.96 1.16

/proc/meminfo:
MemTotal:       230719576 kB
MemFree:         6755220 kB
MemAvailable:   211282536 kB
Buffers:          815480 kB
Cached:         202521312 kB
SwapCached:            0 kB
Active:         19122708 kB
Inactive:       197505340 kB
Active(anon):   13394264 kB
Inactive(anon):     1480 kB
Active(file):    5728444 kB
Inactive(file): 197503860 kB
Unevictable:      177220 kB
Mlocked:          174148 kB
SwapTotal:             0 kB
SwapFree:              0 kB
Zswap:                 0 kB
Zswapped:              0 kB
Dirty:           5346864 kB
Writeback:             0 kB
AnonPages:      13393636 kB
Mapped:          1971920 kB
Shmem:             91376 kB
KReclaimable:    3329580 kB
Slab:            5221344 kB
SReclaimable:    3329580 kB
SUnreclaim:      1891764 kB
KernelStack:       34880 kB
PageTables:        74132 kB
SecPageTables:         0 kB
NFS_Unstable:          0 kB
Bounce:                0 kB
WritebackTmp:          0 kB
CommitLimit:    115359788 kB
Committed_AS:   37518780 kB
VmallocTotal:   34359738367 kB
VmallocUsed:      288760 kB
VmallocChunk:          0 kB
Percpu:           384512 kB
HardwareCorrupted:     0 kB
AnonHugePages:     53248 kB
ShmemHugePages:        0 kB
ShmemPmdMapped:        0 kB
FileHugePages:   1103872 kB
FilePmdMapped:         0 kB
CmaTotal:              0 kB
CmaFree:               0 kB
Unaccepted:            0 kB
HugePages_Total:       0
HugePages_Free:        0
HugePages_Rsvd:        0
HugePages_Surp:        0
Hugepagesize:       2048 kB
Hugetlb:               0 kB
DirectMap4k:     6925212 kB
DirectMap2M:    85213184 kB
DirectMap1G:    142606336 kB

/sys/kernel/mm/transparent_hugepage/enabled:
always [madvise] never
/sys/kernel/mm/transparent_hugepage/defrag (defrag/compaction efforts parameter):
always defer defer+madvise [madvise] never

Process Memory:
Virtual Size: 78522976K (peak: 325601184K)
Resident Set Size: 7207900K (peak: 7219152K) (anon: 6337152K, file: 870748K, shmem: 0K)
Swapped out: 0K

[error occurred during error reporting (printing OS information), id 0xb, SIGSEGV (0xb) at pc=0x00007fe78ce65d98]

CPU:total 32 (initial active 32) (32 cores per cpu, 2 threads per core) family 25 model 8 stepping 2 microcode 0xa008205, cmov, cx8, fxsr, mmx, sse, sse2, sse3, ssse3, sse4.1, sse4.2, popcnt, avx, avx2, aes, clmul, erms, mmxext, 3dnowpref, lzcnt, sse4a, ht, tsc, tscinvbit, tscinv, bmi1, bmi2, adx, sha, fma
CPU Model and flags from /proc/cpuinfo:
model name	: AMD Ryzen Threadripper PRO 5955WX 16-Cores
flags		: fpu vme de pse tsc msr pae mce cx8 apic sep mtrr pge mca cmov pat pse36 clflush mmx fxsr sse sse2 ht syscall nx mmxext fxsr_opt pdpe1gb rdtscp lm constant_tsc rep_good nopl nonstop_tsc cpuid extd_apicid aperfmperf rapl pni pclmulqdq monitor ssse3 fma cx16 pcid sse4_1 sse4_2 x2apic movbe popcnt aes xsave avx f16c rdrand lahf_lm cmp_legacy svm extapic cr8_legacy abm sse4a misalignsse 3dnowprefetch osvw ibs skinit wdt tce topoext perfctr_core perfctr_nb bpext perfctr_llc mwaitx cpb cat_l3 cdp_l3 hw_pstate ssbd mba ibrs ibpb stibp vmmcall fsgsbase bmi1 avx2 smep bmi2 erms invpcid cqm rdt_a rdseed adx smap clflushopt clwb sha_ni xsaveopt xsavec xgetbv1 xsaves cqm_llc cqm_occup_llc cqm_mbm_total cqm_mbm_local user_shstk clzero irperf xsaveerptr rdpru wbnoinvd amd_ppin brs arat npt lbrv svm_lock nrip_save tsc_scale vmcb_clean flushbyasid decodeassists pausefilter pfthreshold avic v_vmsave_vmload vgif v_spec_ctrl umip pku ospke vaes vpclmulqdq rdpid overflow_recov succor smca fsrm debug_swap
Online cpus:
0-31
Offline cpus:
32-127
BIOS frequency limitation:
4000000
Frequency switch latency (ns):
0
Available cpu frequencies:
4000000 2900000 1800000 
Current governor:
performance
Core performance/turbo boost:
1

Memory: 4k page, physical 230719576k(6755220k free), swap 0k(0k free)

vm_info: OpenJDK 64-Bit Server VM (11.0.27+6-post-Ubuntu-0ubuntu122.04) for linux-amd64 JRE (11.0.27+6-post-Ubuntu-0ubuntu122.04), built on Apr 21 2025 05:59:45 by "unknown" with gcc 11.4.0

END.
